,0,1,2,3,4,5,6,7,8,9,10,11,12,13,14,15,16,17,18,19,20,21,22,23,24,25,26,27,28,29,30,31,32,33,34,35
10000,9.707420349121094,0.9175383448600769,2.7391810417175293,1.0510706901550293,1.0,1.0,1.0,1.0,1.0,1.0,1.0,1.0,1.0,1.0,4.0,-1.844246506690979,-1.6013580560684204,8.0,-1.6201995611190796,-0.3298407793045044,-11.526349788506069,7.863173842430115,0.0,1.1189814805984497,0.7212299108505249,2.0,2.0,2.0,2.0,1.0,2.0,2.0,2.0,1.0,2.0,0.0
10001,7.863173842430115,0.0,1.1189814805984497,0.7212299108505249,2.0,2.0,2.0,2.0,1.0,2.0,2.0,2.0,1.0,2.0,4.0,-1.9103354215621948,-0.8899121880531311,6.0,-1.7698966264724731,-0.9208965301513672,-19.703700453113157,5.95283842086792,0.0,0.0,0.0,3.0,3.0,3.0,3.0,1.0,3.0,1.0,3.0,2.0,3.0,0.0
10002,5.95283842086792,0.0,0.0,0.0,3.0,3.0,3.0,3.0,1.0,3.0,1.0,3.0,2.0,3.0,8.0,-1.4989997148513794,-1.3500639200210571,0.0,-1.18453848361969,-0.4115903675556183,-21.422576200722162,4.4538387060165405,0.0,0.0,0.0,1.0,4.0,4.0,4.0,2.0,4.0,2.0,4.0,1.0,4.0,0.0
10003,4.4538387060165405,0.0,0.0,0.0,1.0,4.0,4.0,4.0,2.0,4.0,2.0,4.0,1.0,4.0,9.0,-1.5771054029464722,-1.034817099571228,2.0,-1.5347129106521606,0.2345101535320282,-23.732843066550448,2.8767333030700684,0.0,0.0,0.2345101535320282,2.0,5.0,1.0,5.0,3.0,5.0,3.0,5.0,2.0,1.0,0.0
10004,2.8767333030700684,0.0,0.0,0.2345101535320282,2.0,5.0,1.0,5.0,3.0,5.0,3.0,5.0,2.0,1.0,2.0,-0.8954087495803833,-1.3723578453063965,1.0,0.18358464539051056,-0.13906452059745789,-20.04573587960789,1.981324553489685,0.0,0.18358464539051056,0.09544563293457031,3.0,1.0,1.0,6.0,4.0,6.0,4.0,6.0,3.0,2.0,0.0
10005,1.981324553489685,0.0,0.18358464539051056,0.09544563293457031,3.0,1.0,1.0,6.0,4.0,6.0,4.0,6.0,3.0,2.0,9.0,-1.1478465795516968,0.20628471672534943,0.0,-1.8733659982681274,-0.10681232810020447,-14.396088821738608,0.8334779739379883,0.20628471672534943,0.0,0.0,1.0,2.0,2.0,7.0,5.0,7.0,5.0,7.0,4.0,1.0,0.0
10006,0.8334779739379883,0.20628471672534943,0.0,0.0,1.0,2.0,2.0,7.0,5.0,7.0,5.0,7.0,4.0,1.0,3.0,0.5543596744537354,-1.5214900970458984,3.0,-1.650302767753601,-0.2251707911491394,-26.096900904042446,1.3878376483917236,0.0,0.0,0.0,2.0,3.0,3.0,1.0,6.0,8.0,6.0,8.0,5.0,2.0,0.0
10007,1.3878376483917236,0.0,0.0,0.0,2.0,3.0,3.0,1.0,6.0,8.0,6.0,8.0,5.0,2.0,5.0,1.591383934020996,-0.682678759098053,8.0,-1.4378478527069092,0.5246078968048096,-24.1681024820545,2.9792215824127197,0.0,0.0,0.5246078968048096,3.0,4.0,4.0,2.0,7.0,1.0,7.0,9.0,1.0,3.0,0.0
10008,2.9792215824127197,0.0,0.0,0.5246078968048096,3.0,4.0,4.0,2.0,7.0,1.0,7.0,9.0,1.0,3.0,4.0,0.9454686641693115,-0.2569529414176941,8.0,-1.6881282329559326,0.8075230121612549,-21.296878166036986,3.9246902465820312,0.0,0.0,1.3321309089660645,4.0,5.0,5.0,3.0,1.0,2.0,8.0,10.0,1.0,4.0,0.0
10009,3.9246902465820312,0.0,0.0,1.3321309089660645,4.0,5.0,5.0,3.0,1.0,2.0,8.0,10.0,1.0,4.0,2.0,-0.6319633722305298,-1.0645257234573364,3.0,-0.8059765100479126,1.1036268472671509,-19.959872776211974,3.2927268743515015,0.0,0.0,2.4357577562332153,5.0,6.0,1.0,1.0,2.0,3.0,9.0,11.0,2.0,5.0,0.0
10010,3.2927268743515015,0.0,0.0,2.4357577562332153,5.0,6.0,1.0,1.0,2.0,3.0,9.0,11.0,2.0,5.0,2.0,-1.086567759513855,-1.5613329410552979,8.0,-1.3496404886245728,-0.826665461063385,-29.065706541278097,2.2061591148376465,0.0,0.0,1.6090922951698303,6.0,7.0,1.0,2.0,3.0,4.0,10.0,12.0,1.0,6.0,0.0
10011,2.2061591148376465,0.0,0.0,1.6090922951698303,6.0,7.0,1.0,2.0,3.0,4.0,10.0,12.0,1.0,6.0,9.0,0.06649176776409149,-1.5200740098953247,1.0,-1.2070565223693848,1.7068910598754883,-23.241260186732738,2.272650882601738,0.0,0.0,3.3159833550453186,7.0,1.0,2.0,3.0,4.0,5.0,11.0,13.0,2.0,1.0,0.0
10012,2.272650882601738,0.0,0.0,3.3159833550453186,7.0,1.0,2.0,3.0,4.0,5.0,11.0,13.0,2.0,1.0,4.0,-0.8859449028968811,-0.7119607925415039,8.0,-1.8912535905838013,-0.5920959711074829,-26.312802116867577,1.3867059797048569,0.0,0.0,2.7238873839378357,8.0,2.0,3.0,4.0,1.0,6.0,12.0,14.0,1.0,2.0,0.0
10013,1.3867059797048569,0.0,0.0,2.7238873839378357,8.0,2.0,3.0,4.0,1.0,6.0,12.0,14.0,1.0,2.0,5.0,0.11302176862955093,-1.4621365070343018,0.0,0.36081165075302124,1.1152851581573486,-19.06484879162126,1.4997277483344078,0.0,0.36081165075302124,3.8391725420951843,1.0,3.0,4.0,5.0,2.0,1.0,13.0,15.0,2.0,3.0,0.0
10014,1.4997277483344078,0.0,0.36081165075302124,3.8391725420951843,1.0,3.0,4.0,5.0,2.0,1.0,13.0,15.0,2.0,3.0,0.0,-0.8551954030990601,1.8312979936599731,6.0,-1.053102970123291,-0.04662531614303589,-16.15369533063879,0.6445323452353477,1.8312979936599731,0.0,3.7925472259521484,1.0,4.0,5.0,6.0,3.0,2.0,1.0,16.0,3.0,4.0,0.0
10015,0.6445323452353477,1.8312979936599731,0.0,3.7925472259521484,1.0,4.0,5.0,6.0,3.0,2.0,1.0,16.0,3.0,4.0,9.0,-0.1156497672200203,1.3990367650985718,2.0,-0.43822285532951355,0.21075841784477234,-11.221675743552918,0.5288825780153275,3.230334758758545,0.0,4.003305643796921,2.0,5.0,1.0,7.0,4.0,3.0,2.0,17.0,4.0,1.0,0.0
10016,0.5288825780153275,3.230334758758545,0.0,4.003305643796921,2.0,5.0,1.0,7.0,4.0,3.0,2.0,17.0,4.0,1.0,9.0,0.9872231483459473,-0.2789019048213959,2.0,0.006236950401216745,-1.549784779548645,-10.500262428379042,1.5161057263612747,2.951432853937149,0.006236950401216745,2.4535208642482758,3.0,6.0,1.0,8.0,5.0,4.0,3.0,18.0,5.0,1.0,0.0
10017,1.5161057263612747,2.951432853937149,0.006236950401216745,2.4535208642482758,3.0,6.0,1.0,8.0,5.0,4.0,3.0,18.0,5.0,1.0,9.0,1.4692821502685547,-1.8315086364746094,0.0,-1.5014711618423462,-1.0733836889266968,-14.621981698464875,2.9853878766298294,1.1199242174625397,0.0,1.380137175321579,1.0,7.0,2.0,9.0,6.0,5.0,4.0,19.0,6.0,1.0,0.0
10018,2.9853878766298294,1.1199242174625397,0.0,1.380137175321579,1.0,7.0,2.0,9.0,6.0,5.0,4.0,19.0,6.0,1.0,7.0,-0.18237921595573425,-0.47966501116752625,0.0,0.6366773843765259,0.4120945334434509,-6.663758495809429,2.803008660674095,0.6402592062950134,0.6366773843765259,1.79223170876503,1.0,8.0,3.0,10.0,7.0,6.0,5.0,1.0,7.0,2.0,0.0
10019,2.803008660674095,0.6402592062950134,0.6366773843765259,1.79223170876503,1.0,8.0,3.0,10.0,7.0,6.0,5.0,1.0,7.0,2.0,9.0,-0.24081683158874512,-1.7086312770843506,3.0,-0.4300316572189331,-0.2659062445163727,-12.960590937987016,2.56219182908535,0.0,0.20664572715759277,1.5263254642486572,2.0,9.0,4.0,1.0,8.0,7.0,6.0,2.0,8.0,1.0,0.0
10020,2.56219182908535,0.0,0.20664572715759277,1.5263254642486572,2.0,9.0,4.0,1.0,8.0,7.0,6.0,2.0,8.0,1.0,2.0,1.0226829051971436,-1.759348750114441,8.0,-1.460878610610962,-1.277106523513794,-29.5934712173663,3.5848747342824936,0.0,0.0,0.24921894073486328,3.0,10.0,1.0,2.0,9.0,8.0,7.0,3.0,1.0,2.0,0.0
10021,3.5848747342824936,0.0,0.0,0.24921894073486328,3.0,10.0,1.0,2.0,9.0,8.0,7.0,3.0,1.0,2.0,2.0,-1.0060603618621826,-1.4409977197647095,8.0,-1.440714955329895,-0.3972969055175781,-30.590003874933867,2.578814372420311,0.0,0.0,0.0,4.0,11.0,1.0,3.0,10.0,9.0,8.0,4.0,1.0,3.0,0.0
10022,2.578814372420311,0.0,0.0,0.0,4.0,11.0,1.0,3.0,10.0,9.0,8.0,4.0,1.0,3.0,2.0,-0.2634928226470947,-0.18430468440055847,1.0,-0.98482745885849,-0.2701871395111084,-20.819132312055622,2.3153215497732162,0.0,0.0,0.0,5.0,1.0,1.0,4.0,11.0,10.0,9.0,5.0,2.0,4.0,0.0
10023,2.3153215497732162,0.0,0.0,0.0,5.0,1.0,1.0,4.0,11.0,10.0,9.0,5.0,2.0,4.0,2.0,0.008990823291242123,-1.0540120601654053,8.0,-1.585906982421875,-0.8498584628105164,-31.069586847019274,2.3243123730644584,0.0,0.0,0.0,6.0,2.0,1.0,5.0,12.0,11.0,10.0,6.0,1.0,5.0,0.0
10024,2.3243123730644584,0.0,0.0,0.0,6.0,2.0,1.0,5.0,12.0,11.0,10.0,6.0,1.0,5.0,2.0,0.8349450826644897,-0.4285997748374939,0.0,-0.9368892312049866,-1.1729952096939087,-21.53844681657047,3.159257455728948,0.0,0.0,0.0,1.0,3.0,1.0,6.0,13.0,12.0,11.0,7.0,2.0,6.0,0.0
10025,3.159257455728948,0.0,0.0,0.0,1.0,3.0,1.0,6.0,13.0,12.0,11.0,7.0,2.0,6.0,4.0,1.5562784671783447,-1.030080795288086,0.0,0.08509954065084457,-0.6011766195297241,-17.48252815264041,4.715535922907293,0.0,0.08509954065084457,0.0,1.0,4.0,2.0,7.0,1.0,13.0,12.0,8.0,3.0,7.0,0.0
10026,4.715535922907293,0.0,0.08509954065084457,0.0,1.0,4.0,2.0,7.0,1.0,13.0,12.0,8.0,3.0,7.0,9.0,-1.0011835098266602,0.0838538259267807,8.0,0.48575055599212646,1.3584892749786377,-10.5628232086146,3.7143524130806327,0.0838538259267807,0.570850096642971,1.3584892749786377,2.0,5.0,3.0,8.0,2.0,14.0,13.0,9.0,1.0,1.0,0.0
10027,3.7143524130806327,0.0838538259267807,0.570850096642971,1.3584892749786377,2.0,5.0,3.0,8.0,2.0,14.0,13.0,9.0,1.0,1.0,2.0,1.445610523223877,0.05425051972270012,3.0,0.3967946171760559,1.3454238176345825,-10.760179133159326,5.15996293630451,0.13810434564948082,0.967644713819027,2.70391309261322,3.0,6.0,1.0,1.0,3.0,15.0,14.0,10.0,2.0,2.0,0.0
10028,5.15996293630451,0.13810434564948082,0.967644713819027,2.70391309261322,3.0,6.0,1.0,1.0,3.0,15.0,14.0,10.0,2.0,2.0,2.0,0.39704784750938416,-0.6930904984474182,0.0,-1.7284047603607178,-0.9036408066749573,-17.604633885032946,5.557010783813894,0.0,0.0,1.800272285938263,1.0,7.0,1.0,2.0,4.0,16.0,15.0,11.0,3.0,3.0,0.0
10029,5.557010783813894,0.0,0.0,1.800272285938263,1.0,7.0,1.0,2.0,4.0,16.0,15.0,11.0,3.0,3.0,2.0,0.8681253790855408,-1.6832530498504639,8.0,-1.4999359846115112,1.1724625825881958,-29.597329570078898,6.425136162899435,0.0,0.0,2.9727348685264587,2.0,8.0,1.0,3.0,5.0,17.0,16.0,12.0,1.0,4.0,0.0
10030,6.425136162899435,0.0,0.0,2.9727348685264587,2.0,8.0,1.0,3.0,5.0,17.0,16.0,12.0,1.0,4.0,2.0,-1.3633397817611694,0.5942528247833252,8.0,-0.8147803544998169,-0.7566664218902588,-18.6731036091612,5.061796381138265,0.5942528247833252,0.0,2.2160684466362,3.0,9.0,1.0,4.0,6.0,18.0,17.0,13.0,1.0,5.0,0.0
10031,5.061796381138265,0.5942528247833252,0.0,2.2160684466362,3.0,9.0,1.0,4.0,6.0,18.0,17.0,13.0,1.0,5.0,2.0,0.20329539477825165,-1.0203968286514282,0.0,0.25299888849258423,1.5585575103759766,-15.487202611486046,5.265091775916517,0.0,0.25299888849258423,3.7746259570121765,1.0,10.0,1.0,5.0,7.0,19.0,18.0,14.0,2.0,6.0,0.0
10032,5.265091775916517,0.0,0.25299888849258423,3.7746259570121765,1.0,10.0,1.0,5.0,7.0,19.0,18.0,14.0,2.0,6.0,2.0,-0.306070476770401,-1.1044965982437134,1.0,-0.013121774420142174,0.5294557809829712,-21.652948538487387,4.959021299146116,0.0,0.23987711407244205,4.304081737995148,2.0,1.0,1.0,6.0,8.0,20.0,19.0,15.0,3.0,7.0,0.0
10033,4.959021299146116,0.0,0.23987711407244205,4.304081737995148,2.0,1.0,1.0,6.0,8.0,20.0,19.0,15.0,3.0,7.0,2.0,1.5318084955215454,-0.1797059327363968,6.0,-0.14683979749679565,0.27049919962882996,-19.89935080590322,6.490829794667661,0.0,0.0930373165756464,4.574580937623978,3.0,2.0,1.0,7.0,9.0,21.0,1.0,16.0,4.0,8.0,0.0
10034,6.490829794667661,0.0,0.0930373165756464,4.574580937623978,3.0,2.0,1.0,7.0,9.0,21.0,1.0,16.0,4.0,8.0,9.0,-0.073123998939991,0.0837550014257431,8.0,-1.7110611200332642,0.1895759254693985,-18.913793965197453,6.41770579572767,0.0837550014257431,0.0,4.764156863093376,4.0,3.0,2.0,8.0,10.0,22.0,2.0,17.0,1.0,1.0,0.0
10035,6.41770579572767,0.0837550014257431,0.0,4.764156863093376,4.0,3.0,2.0,8.0,10.0,22.0,2.0,17.0,1.0,1.0,0.0,-0.2791248857975006,-1.8011552095413208,0.0,-1.5493718385696411,-1.1190364360809326,-26.080783195954815,6.13858090993017,0.0,0.0,3.6451204270124435,1.0,4.0,3.0,9.0,11.0,23.0,3.0,18.0,2.0,2.0,0.0
10036,6.13858090993017,0.0,0.0,3.6451204270124435,1.0,4.0,3.0,9.0,11.0,23.0,3.0,18.0,2.0,2.0,4.0,-0.5901213884353638,-1.6780718564987183,0.0,-0.486702561378479,-1.4142028093338013,-21.350435276624477,5.548459521494806,0.0,0.0,2.2309176176786423,1.0,5.0,4.0,10.0,1.0,24.0,4.0,19.0,3.0,3.0,0.0
10037,5.548459521494806,0.0,0.0,2.2309176176786423,1.0,5.0,4.0,10.0,1.0,24.0,4.0,19.0,3.0,3.0,5.0,1.762534499168396,-1.5615386962890625,8.0,-0.7231725454330444,0.5327044129371643,-22.304199598912447,7.310994020663202,0.0,0.0,2.7636220306158066,2.0,6.0,5.0,11.0,2.0,1.0,5.0,20.0,1.0,4.0,0.0
10038,7.310994020663202,0.0,0.0,2.7636220306158066,2.0,6.0,5.0,11.0,2.0,1.0,5.0,20.0,1.0,4.0,4.0,-0.08731485903263092,-0.5193791389465332,0.0,-1.3953315019607544,0.9863465428352356,-19.061803368047112,7.223679161630571,0.0,0.0,3.749968573451042,1.0,7.0,6.0,12.0,1.0,2.0,6.0,21.0,2.0,5.0,0.0
10039,7.223679161630571,0.0,0.0,3.749968573451042,1.0,7.0,6.0,12.0,1.0,2.0,6.0,21.0,2.0,5.0,7.0,-1.4638855457305908,-0.8583603501319885,8.0,-1.569881796836853,0.584493100643158,-19.43277245959188,5.75979361589998,0.0,0.0,4.3344616740942,2.0,8.0,7.0,13.0,2.0,3.0,7.0,1.0,1.0,6.0,0.0
10040,5.75979361589998,0.0,0.0,4.3344616740942,2.0,8.0,7.0,13.0,2.0,3.0,7.0,1.0,1.0,6.0,3.0,0.181780606508255,1.4393184185028076,3.0,-1.3327556848526,-1.623208999633789,-16.586058586791484,5.941574222408235,1.4393184185028076,0.0,2.711252674460411,3.0,9.0,8.0,1.0,3.0,4.0,8.0,2.0,2.0,7.0,0.0
10041,5.941574222408235,1.4393184185028076,0.0,2.711252674460411,3.0,9.0,8.0,1.0,3.0,4.0,8.0,2.0,2.0,7.0,8.0,-0.45489630103111267,0.4891187846660614,8.0,-1.6033588647842407,-1.0637675523757935,-20.1433894808014,5.486677921377122,1.928437203168869,0.0,1.6474851220846176,4.0,10.0,9.0,2.0,4.0,5.0,9.0,3.0,1.0,8.0,0.0
10042,5.486677921377122,1.928437203168869,0.0,1.6474851220846176,4.0,10.0,9.0,2.0,4.0,5.0,9.0,3.0,1.0,8.0,2.0,-0.9550784230232239,-1.761951208114624,4.0,-1.9182170629501343,-0.8246697783470154,-24.577040217597464,4.5315994983538985,0.166485995054245,0.0,0.8228153437376022,5.0,11.0,1.0,3.0,1.0,6.0,10.0,4.0,2.0,9.0,0.0
10043,4.5315994983538985,0.166485995054245,0.0,0.8228153437376022,5.0,11.0,1.0,3.0,1.0,6.0,10.0,4.0,2.0,9.0,2.0,-1.702588438987732,0.5602198839187622,2.0,-1.1791317462921143,0.7235009074211121,-21.824444747135175,2.8290110593661666,0.7267058789730072,0.0,1.5463162511587143,6.0,12.0,1.0,4.0,2.0,7.0,11.0,5.0,3.0,10.0,0.0
10044,2.8290110593661666,0.7267058789730072,0.0,1.5463162511587143,6.0,12.0,1.0,4.0,2.0,7.0,11.0,5.0,3.0,10.0,2.0,-1.319226861000061,0.3975166380405426,1.0,-0.977457582950592,0.688959538936615,-19.250812675244116,1.5097841983661056,1.1242225170135498,0.0,2.2352757900953293,7.0,1.0,1.0,5.0,3.0,8.0,12.0,6.0,4.0,11.0,0.0
10045,1.5097841983661056,1.1242225170135498,0.0,2.2352757900953293,7.0,1.0,1.0,5.0,3.0,8.0,12.0,6.0,4.0,11.0,9.0,-1.128933072090149,-0.2822267413139343,8.0,-1.812741994857788,1.3069387674331665,-17.681627557994066,0.38085112627595663,0.8419957756996155,0.0,3.542214557528496,8.0,2.0,2.0,6.0,4.0,9.0,13.0,7.0,1.0,1.0,0.0
10046,0.38085112627595663,0.8419957756996155,0.0,3.542214557528496,8.0,2.0,2.0,6.0,4.0,9.0,13.0,7.0,1.0,1.0,2.0,-1.0072200298309326,1.4906989336013794,0.0,-0.5677811503410339,-1.8143850564956665,-17.089887753734953,0.0,2.332694709300995,0.0,1.7278295010328293,1.0,3.0,1.0,7.0,5.0,10.0,14.0,8.0,2.0,2.0,0.0
10047,0.0,2.332694709300995,0.0,1.7278295010328293,1.0,3.0,1.0,7.0,5.0,10.0,14.0,8.0,2.0,2.0,2.0,0.9985221028327942,-1.2150853872299194,9.0,0.34864240884780884,0.17020322382450104,-11.635137413850591,0.9985221028327942,1.1176093220710754,0.34864240884780884,1.8980327248573303,2.0,4.0,1.0,8.0,6.0,11.0,15.0,9.0,3.0,1.0,0.0
10048,0.9985221028327942,1.1176093220710754,0.34864240884780884,1.8980327248573303,2.0,4.0,1.0,8.0,6.0,11.0,15.0,9.0,3.0,1.0,6.0,0.52304607629776,0.544164776802063,0.0,-0.122980035841465,-1.209409236907959,-11.069766530307284,1.5215681791305542,1.6617740988731384,0.22566237300634384,0.6886234879493713,1.0,5.0,2.0,9.0,7.0,12.0,1.0,10.0,4.0,2.0,0.0
10049,1.5215681791305542,1.6617740988731384,0.22566237300634384,0.6886234879493713,1.0,5.0,2.0,9.0,7.0,12.0,1.0,10.0,4.0,2.0,2.0,1.60078763961792,0.23725385963916779,8.0,-0.019829874858260155,-1.2975131273269653,-17.275191180572993,3.122355818748474,1.8990279585123062,0.2058324981480837,0.0,2.0,6.0,1.0,10.0,8.0,13.0,2.0,11.0,1.0,3.0,0.0
10050,3.122355818748474,1.8990279585123062,0.2058324981480837,0.0,2.0,6.0,1.0,10.0,8.0,13.0,2.0,11.0,1.0,3.0,3.0,1.7233030796051025,-1.511731743812561,0.0,1.267899990081787,0.9396008253097534,-9.901827925338617,4.845658898353577,0.3872962146997452,1.4737324882298708,0.9396008253097534,1.0,7.0,2.0,1.0,9.0,14.0,3.0,12.0,2.0,4.0,0.0
10051,4.845658898353577,0.3872962146997452,1.4737324882298708,0.9396008253097534,1.0,7.0,2.0,1.0,9.0,14.0,3.0,12.0,2.0,4.0,9.0,-0.41425830125808716,-1.7883862257003784,0.0,-1.599250078201294,0.5221365094184875,-15.472250357956407,4.4314005970954895,0.0,0.0,1.461737334728241,1.0,8.0,3.0,2.0,10.0,15.0,4.0,13.0,3.0,1.0,0.0
10052,4.4314005970954895,0.0,0.0,1.461737334728241,1.0,8.0,3.0,2.0,10.0,15.0,4.0,13.0,3.0,1.0,2.0,1.3660790920257568,-1.721927523612976,8.0,-0.7002474069595337,-1.360115647315979,-27.983663727223394,5.797479689121246,0.0,0.0,0.10162168741226196,2.0,9.0,1.0,3.0,11.0,16.0,5.0,14.0,1.0,2.0,0.0
10053,5.797479689121246,0.0,0.0,0.10162168741226196,2.0,9.0,1.0,3.0,11.0,16.0,5.0,14.0,1.0,2.0,2.0,-0.4137116074562073,1.384128212928772,8.0,-1.0215060710906982,0.09399987012147903,-20.378220244723597,5.383768081665039,1.384128212928772,0.0,0.195621557533741,3.0,10.0,1.0,4.0,12.0,17.0,6.0,15.0,1.0,3.0,0.0
10054,5.383768081665039,1.384128212928772,0.0,0.195621557533741,3.0,10.0,1.0,4.0,12.0,17.0,6.0,15.0,1.0,3.0,4.0,-0.9080525040626526,-1.0953998565673828,8.0,-0.679857075214386,0.11196643859148026,-18.13245583416432,4.4757155776023865,0.28872835636138916,0.0,0.30758799612522125,4.0,11.0,2.0,5.0,1.0,18.0,7.0,16.0,1.0,4.0,0.0
10055,4.4757155776023865,0.28872835636138916,0.0,0.30758799612522125,4.0,11.0,2.0,5.0,1.0,18.0,7.0,16.0,1.0,4.0,2.0,-0.2563675045967102,-0.6342375874519348,8.0,0.936841607093811,1.2728914022445679,-17.1259865001103,4.219348073005676,0.0,0.936841607093811,1.5804793983697891,5.0,12.0,1.0,6.0,2.0,19.0,8.0,17.0,1.0,5.0,0.0
10056,4.219348073005676,0.0,0.936841607093811,1.5804793983697891,5.0,12.0,1.0,6.0,2.0,19.0,8.0,17.0,1.0,5.0,9.0,1.3681294918060303,-0.46384894847869873,8.0,-0.7573416233062744,0.34454843401908875,-15.450446331040355,5.5874775648117065,0.0,0.17949998378753662,1.9250278323888779,6.0,13.0,2.0,7.0,3.0,20.0,9.0,18.0,1.0,1.0,0.0
10057,5.5874775648117065,0.0,0.17949998378753662,1.9250278323888779,6.0,13.0,2.0,7.0,3.0,20.0,9.0,18.0,1.0,1.0,1.0,1.2586346864700317,-0.4280257225036621,0.0,-1.3320393562316895,0.3898814916610718,-16.39300176977533,6.846112251281738,0.0,0.0,2.3149093240499496,1.0,1.0,3.0,8.0,4.0,21.0,10.0,19.0,2.0,2.0,0.0
10058,6.846112251281738,0.0,0.0,2.3149093240499496,1.0,1.0,3.0,8.0,4.0,21.0,10.0,19.0,2.0,2.0,0.0,1.078558325767517,-0.2022762894630432,0.0,-1.5825223922729492,-1.0124927759170532,-19.833453420930205,7.924670577049255,0.0,0.0,1.3024165481328964,1.0,2.0,4.0,9.0,5.0,22.0,11.0,20.0,3.0,3.0,0.0
10059,7.924670577049255,0.0,0.0,1.3024165481328964,1.0,2.0,4.0,9.0,5.0,22.0,11.0,20.0,3.0,3.0,2.0,-1.1112374067306519,-1.466293454170227,0.0,-1.5383716821670532,0.17550550401210785,-28.180977085259304,6.8134331703186035,0.0,0.0,1.4779220521450043,1.0,3.0,1.0,10.0,6.0,23.0,12.0,21.0,4.0,4.0,0.0
10060,6.8134331703186035,0.0,0.0,1.4779220521450043,1.0,3.0,1.0,10.0,6.0,23.0,12.0,21.0,4.0,4.0,2.0,0.5821593999862671,-1.0554468631744385,0.0,-1.4028842449188232,-0.056404948234558105,-26.30429457578101,7.395592570304871,0.0,0.0,1.4215171039104462,1.0,4.0,1.0,11.0,7.0,24.0,13.0,22.0,5.0,5.0,0.0
10061,7.395592570304871,0.0,0.0,1.4215171039104462,1.0,4.0,1.0,11.0,7.0,24.0,13.0,22.0,5.0,5.0,2.0,1.4662214517593384,-1.3624438047409058,8.0,-1.5603703260421753,0.9618675112724304,-31.967809335415303,8.861814022064209,0.0,0.0,2.3833846151828766,2.0,5.0,1.0,12.0,8.0,25.0,14.0,23.0,1.0,6.0,0.0
10062,8.861814022064209,0.0,0.0,2.3833846151828766,2.0,5.0,1.0,12.0,8.0,25.0,14.0,23.0,1.0,6.0,2.0,0.4358367323875427,-1.0892879962921143,1.0,-1.4525243043899536,0.707336962223053,-31.192686137167385,9.297650754451752,0.0,0.0,3.0907215774059296,3.0,1.0,1.0,13.0,9.0,26.0,15.0,24.0,2.0,7.0,0.0
10063,9.297650754451752,0.0,0.0,3.0907215774059296,3.0,1.0,1.0,13.0,9.0,26.0,15.0,24.0,2.0,7.0,2.0,1.387874960899353,-1.25718092918396,0.0,-0.8966866135597229,1.2629454135894775,-28.573617919740382,10.0,0.0,0.0,4.353666990995407,1.0,2.0,1.0,14.0,10.0,27.0,16.0,25.0,3.0,8.0,0.0
10064,10.0,0.0,0.0,4.353666990995407,1.0,2.0,1.0,14.0,10.0,27.0,16.0,25.0,3.0,8.0,2.0,0.050629012286663055,0.10662893205881119,0.0,-1.4742385149002075,0.7132576107978821,-25.594930110062883,10.0,0.10662893205881119,0.0,5.066924601793289,1.0,3.0,1.0,15.0,11.0,28.0,17.0,26.0,4.0,9.0,0.0
10065,10.0,0.10662893205881119,0.0,5.066924601793289,1.0,3.0,1.0,15.0,11.0,28.0,17.0,26.0,4.0,9.0,0.0,0.5971021056175232,-0.14578360319137573,0.0,-1.1520421504974365,-0.6484690308570862,-26.636605441134527,10.0,0.0,0.0,4.418455570936203,1.0,4.0,2.0,16.0,12.0,29.0,18.0,27.0,5.0,10.0,0.0
10066,10.0,0.0,0.0,4.418455570936203,1.0,4.0,2.0,16.0,12.0,29.0,18.0,27.0,5.0,10.0,9.0,0.4268001317977905,-1.4489027261734009,0.0,-1.160351037979126,-0.42485371232032776,-32.04530930524647,10.0,0.0,0.0,3.9936018586158752,1.0,5.0,3.0,17.0,13.0,30.0,19.0,28.0,6.0,1.0,0.0
10067,10.0,0.0,0.0,3.9936018586158752,1.0,5.0,3.0,17.0,13.0,30.0,19.0,28.0,6.0,1.0,2.0,0.9216842651367188,-1.2035796642303467,0.0,-0.8398935198783875,-0.8867563605308533,-30.478696372248464,10.0,0.0,0.0,3.106845498085022,1.0,6.0,1.0,18.0,14.0,31.0,20.0,29.0,7.0,2.0,0.0
10068,10.0,0.0,0.0,3.106845498085022,1.0,6.0,1.0,18.0,14.0,31.0,20.0,29.0,7.0,2.0,2.0,1.337965726852417,-0.8546013236045837,3.0,-0.44455403089523315,-1.4269037246704102,-28.940734218195896,10.0,0.0,0.0,1.6799417734146118,2.0,7.0,1.0,1.0,15.0,32.0,21.0,30.0,8.0,3.0,0.0
10069,10.0,0.0,0.0,1.6799417734146118,2.0,7.0,1.0,1.0,15.0,32.0,21.0,30.0,8.0,3.0,2.0,0.062065061181783676,-1.3255950212478638,8.0,-1.8819700479507446,-1.3678324222564697,-38.29105849499001,10.0,0.0,0.0,0.3121093511581421,3.0,8.0,1.0,2.0,16.0,33.0,22.0,31.0,1.0,4.0,0.0
10070,10.0,0.0,0.0,0.3121093511581421,3.0,8.0,1.0,2.0,16.0,33.0,22.0,31.0,1.0,4.0,2.0,0.7731287479400635,-0.618796706199646,8.0,-0.8984329700469971,0.39067405462265015,-32.06606368753406,10.0,0.0,0.0,0.7027834057807922,4.0,9.0,1.0,3.0,17.0,34.0,23.0,32.0,1.0,5.0,0.0
10071,10.0,0.0,0.0,0.7027834057807922,4.0,9.0,1.0,3.0,17.0,34.0,23.0,32.0,1.0,5.0,2.0,-0.5205724835395813,-0.16978931427001953,8.0,-1.6377593278884888,-0.36226609349250793,-32.59071971360765,9.479427516460419,0.0,0.0,0.3405173122882843,5.0,10.0,1.0,4.0,18.0,35.0,24.0,33.0,1.0,6.0,0.0
10072,9.479427516460419,0.0,0.0,0.3405173122882843,5.0,10.0,1.0,4.0,18.0,35.0,24.0,33.0,1.0,6.0,2.0,1.5294861793518066,-0.4604302644729614,8.0,-0.951364278793335,-0.25221797823905945,-35.20107697805551,10.0,0.0,0.0,0.08829933404922485,6.0,11.0,1.0,5.0,19.0,36.0,25.0,34.0,1.0,7.0,0.0
10073,10.0,0.0,0.0,0.08829933404922485,6.0,11.0,1.0,5.0,19.0,36.0,25.0,34.0,1.0,7.0,2.0,-0.09423565864562988,-0.9581837058067322,9.0,-0.6198302507400513,-0.3246067762374878,-28.84097458238825,9.90576434135437,0.0,0.0,0.0,7.0,12.0,1.0,6.0,20.0,37.0,26.0,35.0,2.0,1.0,0.0
10074,9.90576434135437,0.0,0.0,0.0,7.0,12.0,1.0,6.0,20.0,37.0,26.0,35.0,2.0,1.0,2.0,0.44379550218582153,-1.3501522541046143,8.0,-1.0251257419586182,-0.36424702405929565,-38.31417198056854,10.0,0.0,0.0,0.0,8.0,13.0,1.0,7.0,21.0,38.0,27.0,36.0,1.0,2.0,0.0
10075,10.0,0.0,0.0,0.0,8.0,13.0,1.0,7.0,21.0,38.0,27.0,36.0,1.0,2.0,2.0,0.8728289008140564,0.12980172038078308,9.0,1.7138440608978271,-0.4607548713684082,-28.27566294195713,10.0,0.12980172038078308,1.7138440608978271,0.0,9.0,14.0,1.0,8.0,22.0,39.0,28.0,37.0,2.0,1.0,0.0
10076,10.0,0.12980172038078308,1.7138440608978271,0.0,9.0,14.0,1.0,8.0,22.0,39.0,28.0,37.0,2.0,1.0,2.0,1.196898102760315,0.2559331953525543,8.0,-1.6938470602035522,-0.8627027869224548,-37.179896250569804,10.0,0.3857349157333374,0.019997000694274902,0.0,10.0,15.0,1.0,9.0,23.0,40.0,29.0,38.0,1.0,2.0,0.0
10077,10.0,0.3857349157333374,0.019997000694274902,0.0,10.0,15.0,1.0,9.0,23.0,40.0,29.0,38.0,1.0,2.0,2.0,0.06437114626169205,-0.1840641349554062,0.0,-1.5270391702651978,-0.8214612603187561,-31.161865917123173,10.0,0.2016707807779312,0.0,0.0,1.0,16.0,1.0,10.0,24.0,41.0,30.0,39.0,2.0,3.0,0.0
10078,10.0,0.2016707807779312,0.0,0.0,1.0,16.0,1.0,10.0,24.0,41.0,30.0,39.0,2.0,3.0,2.0,-0.8220909237861633,-0.6536530256271362,9.0,-0.6351072192192078,-1.2960379123687744,-32.466485677692624,9.177909076213837,0.0,0.0,0.0,2.0,17.0,1.0,11.0,25.0,42.0,31.0,40.0,3.0,1.0,0.0
10079,9.177909076213837,0.0,0.0,0.0,2.0,17.0,1.0,11.0,25.0,42.0,31.0,40.0,3.0,1.0,2.0,-0.6234416961669922,-0.8409748077392578,9.0,-0.8053979277610779,-1.0587183237075806,-34.417586122173645,8.554467380046844,0.0,0.0,0.0,3.0,18.0,1.0,12.0,26.0,43.0,32.0,41.0,4.0,1.0,0.0
10080,8.554467380046844,0.0,0.0,0.0,3.0,18.0,1.0,12.0,26.0,43.0,32.0,41.0,4.0,1.0,2.0,1.6493715047836304,-1.264304518699646,8.0,0.2879090905189514,-1.5189779996871948,-42.92721634090999,10.0,0.0,0.2879090905189514,0.0,4.0,19.0,1.0,13.0,27.0,44.0,33.0,42.0,1.0,2.0,0.0
10081,10.0,0.0,0.2879090905189514,0.0,4.0,19.0,1.0,13.0,27.0,44.0,33.0,42.0,1.0,2.0,2.0,1.6282615661621094,-0.44844773411750793,9.0,0.09314323961734772,-0.9546608328819275,-38.4650871180004,10.0,0.0,0.38105233013629913,0.0,5.0,20.0,1.0,14.0,28.0,45.0,34.0,43.0,2.0,1.0,0.0
10082,10.0,0.0,0.38105233013629913,0.0,5.0,20.0,1.0,14.0,28.0,45.0,34.0,43.0,2.0,1.0,2.0,1.552266001701355,-0.8278560638427734,9.0,-0.7125319838523865,-0.6085105538368225,-38.444571806998994,10.0,0.0,0.0,0.0,6.0,21.0,1.0,15.0,29.0,46.0,35.0,44.0,3.0,1.0,0.0
10083,10.0,0.0,0.0,0.0,6.0,21.0,1.0,15.0,29.0,46.0,35.0,44.0,3.0,1.0,2.0,1.4304348230361938,-0.9603087902069092,0.0,-0.1807023584842682,-0.09515971690416336,-35.80931642093455,10.0,0.0,0.0,0.0,1.0,22.0,1.0,16.0,30.0,47.0,36.0,45.0,4.0,2.0,0.0
10084,10.0,0.0,0.0,0.0,1.0,22.0,1.0,16.0,30.0,47.0,36.0,45.0,4.0,2.0,2.0,1.6851438283920288,-0.29199838638305664,9.0,0.044005680829286575,-0.40922144055366516,-37.76423097917128,10.0,0.0,0.044005680829286575,0.0,2.0,23.0,1.0,17.0,31.0,48.0,37.0,46.0,5.0,1.0,0.0
10085,10.0,0.0,0.044005680829286575,0.0,2.0,23.0,1.0,17.0,31.0,48.0,37.0,46.0,5.0,1.0,2.0,0.5163081288337708,-1.2959977388381958,9.0,0.7765275835990906,-0.4494701623916626,-36.940608311934156,10.0,0.0,0.8205332644283772,0.0,3.0,24.0,1.0,18.0,32.0,49.0,38.0,47.0,6.0,1.0,0.0
10086,10.0,0.0,0.8205332644283772,0.0,3.0,24.0,1.0,18.0,32.0,49.0,38.0,47.0,6.0,1.0,2.0,1.5435038805007935,-1.585565209388733,9.0,-0.17106860876083374,-0.49785128235816956,-42.11795799413493,10.0,0.0,0.6494646556675434,0.0,4.0,25.0,1.0,19.0,33.0,50.0,39.0,48.0,7.0,1.0,0.0
10087,10.0,0.0,0.6494646556675434,0.0,4.0,25.0,1.0,19.0,33.0,50.0,39.0,48.0,7.0,1.0,2.0,1.425373911857605,-1.285678744316101,9.0,-0.011456363834440708,-1.0165330171585083,-44.048468520617185,10.0,0.0,0.6380082918331027,0.0,5.0,26.0,1.0,20.0,34.0,51.0,40.0,49.0,8.0,1.0,0.0
10088,10.0,0.0,0.6380082918331027,0.0,5.0,26.0,1.0,20.0,34.0,51.0,40.0,49.0,8.0,1.0,2.0,1.31380295753479,-1.5244983434677124,8.0,-0.4817195236682892,-0.8495311141014099,-48.316420880444305,10.0,0.0,0.15628876816481352,0.0,6.0,27.0,1.0,21.0,35.0,52.0,41.0,50.0,1.0,2.0,0.0
10089,10.0,0.0,0.15628876816481352,0.0,6.0,27.0,1.0,21.0,35.0,52.0,41.0,50.0,1.0,2.0,2.0,1.1953964233398438,-0.6165032982826233,9.0,0.9791681170463562,-0.6133585572242737,-39.83551554577505,10.0,0.0,1.1354568852111697,0.0,7.0,28.0,1.0,22.0,36.0,53.0,42.0,51.0,2.0,1.0,0.0
10090,10.0,0.0,1.1354568852111697,0.0,7.0,28.0,1.0,22.0,36.0,53.0,42.0,51.0,2.0,1.0,2.0,1.224793791770935,-1.1194976568222046,0.0,0.600935161113739,-1.0693107843399048,-43.34322686908324,10.0,0.0,1.7363920463249087,0.0,1.0,29.0,1.0,23.0,37.0,54.0,43.0,52.0,3.0,2.0,0.0
10091,10.0,0.0,1.7363920463249087,0.0,1.0,29.0,1.0,23.0,37.0,54.0,43.0,52.0,3.0,2.0,2.0,1.1559499502182007,-1.5056899785995483,9.0,1.010861873626709,-1.4841437339782715,-47.71604147320806,10.0,0.0,2.7472539199516177,0.0,2.0,30.0,1.0,24.0,38.0,55.0,44.0,53.0,4.0,1.0,0.0
10092,10.0,0.0,2.7472539199516177,0.0,2.0,30.0,1.0,24.0,38.0,55.0,44.0,53.0,4.0,1.0,2.0,1.8858568668365479,-1.3684688806533813,0.0,0.3050989508628845,-1.3061933517456055,-49.157711572003294,10.0,0.0,3.0523528708145022,0.0,1.0,31.0,1.0,25.0,39.0,56.0,45.0,54.0,5.0,2.0,0.0
10093,10.0,0.0,3.0523528708145022,0.0,1.0,31.0,1.0,25.0,39.0,56.0,45.0,54.0,5.0,2.0,2.0,0.994103193283081,-0.6323884725570679,0.0,0.3520190715789795,-1.7920362949371338,-46.640106348638184,10.0,0.0,3.4043719423934817,0.0,1.0,32.0,1.0,26.0,40.0,57.0,46.0,55.0,6.0,3.0,0.0
10094,10.0,0.0,3.4043719423934817,0.0,1.0,32.0,1.0,26.0,40.0,57.0,46.0,55.0,6.0,3.0,2.0,1.7195565700531006,-0.782466471195221,9.0,0.8527253866195679,-1.6765756607055664,-50.96759483532084,10.0,0.0,4.25709732901305,0.0,2.0,33.0,1.0,27.0,41.0,58.0,47.0,56.0,7.0,1.0,0.0
10095,10.0,0.0,4.25709732901305,0.0,2.0,33.0,1.0,27.0,41.0,58.0,47.0,56.0,7.0,1.0,2.0,1.6965703964233398,-0.8013073205947876,1.0,0.6297405958175659,-1.8554387092590332,-49.290940069785464,10.0,0.0,4.8868379248306155,0.0,3.0,1.0,1.0,28.0,42.0,59.0,48.0,57.0,8.0,2.0,0.0
10096,10.0,0.0,4.8868379248306155,0.0,3.0,1.0,1.0,28.0,42.0,59.0,48.0,57.0,8.0,2.0,2.0,1.7817732095718384,1.3722589015960693,0.0,-1.9422334432601929,-1.472399353981018,-45.504389554159104,10.0,1.3722589015960693,2.9446044815704226,0.0,1.0,2.0,1.0,29.0,43.0,60.0,49.0,58.0,9.0,3.0,0.0
10097,10.0,1.3722589015960693,2.9446044815704226,0.0,1.0,2.0,1.0,29.0,43.0,60.0,49.0,58.0,9.0,3.0,2.0,1.9803946018218994,0.6602506041526794,0.0,-1.0155712366104126,-1.1070834398269653,-45.01741740731232,10.0,2.032509505748749,1.92903324496001,0.0,1.0,3.0,1.0,30.0,44.0,61.0,50.0,59.0,10.0,4.0,0.0
10098,10.0,2.032509505748749,1.92903324496001,0.0,1.0,3.0,1.0,30.0,44.0,61.0,50.0,59.0,10.0,4.0,2.0,1.9355125427246094,-0.9048759341239929,0.0,-1.526697039604187,-1.2064933776855469,-47.2843018131321,10.0,1.1276335716247559,0.40233620535582304,0.0,1.0,4.0,1.0,31.0,45.0,62.0,51.0,60.0,11.0,5.0,0.0
10099,10.0,1.1276335716247559,0.40233620535582304,0.0,1.0,4.0,1.0,31.0,45.0,62.0,51.0,60.0,11.0,5.0,2.0,1.9895597696304321,0.2182479053735733,0.0,-1.520089030265808,-0.47879457473754883,-48.38156769550351,10.0,1.3458814769983292,0.0,0.0,1.0,5.0,1.0,32.0,46.0,63.0,52.0,61.0,12.0,6.0,1.0
10100,9.282279968261719,7.899477958679199,8.610114097595215,1.2950094938278198,1.0,1.0,1.0,1.0,1.0,1.0,1.0,1.0,1.0,1.0,8.0,-1.816016435623169,-1.6486399173736572,4.0,-1.8670929670333862,-1.6304736137390137,-6.666322024684168,7.46626353263855,6.250838041305542,6.743021130561829,0.0,2.0,2.0,2.0,2.0,1.0,2.0,2.0,2.0,1.0,2.0,0.0
10101,7.46626353263855,6.250838041305542,6.743021130561829,0.0,2.0,2.0,2.0,2.0,1.0,2.0,2.0,2.0,1.0,2.0,8.0,-1.8746925592422485,-1.199299693107605,4.0,-1.8679221868515015,-0.022736728191375732,-6.001091674830432,5.591570973396301,5.051538348197937,4.875098943710327,0.0,3.0,3.0,3.0,3.0,1.0,3.0,3.0,3.0,1.0,3.0,0.0
10102,5.591570973396301,5.051538348197937,4.875098943710327,0.0,3.0,3.0,3.0,3.0,1.0,3.0,3.0,3.0,1.0,3.0,8.0,-0.35641372203826904,-1.578432559967041,8.0,-0.30169573426246643,0.850149393081665,-8.482536594155679,5.235157251358032,3.473105788230896,4.573403209447861,0.850149393081665,4.0,4.0,4.0,4.0,2.0,4.0,4.0,4.0,1.0,4.0,0.0
10103,5.235157251358032,3.473105788230896,4.573403209447861,0.850149393081665,4.0,4.0,4.0,4.0,2.0,4.0,4.0,4.0,1.0,4.0,4.0,-0.7113416790962219,-1.3514584302902222,4.0,-1.7337359189987183,0.737687885761261,-8.36907108864768,4.52381557226181,2.121647357940674,2.8396672904491425,1.587837278842926,5.0,5.0,5.0,5.0,1.0,5.0,5.0,5.0,2.0,5.0,0.0
10104,4.52381557226181,2.121647357940674,2.8396672904491425,1.587837278842926,5.0,5.0,5.0,5.0,1.0,5.0,5.0,5.0,2.0,5.0,9.0,-0.5934088826179504,-0.8988112211227417,4.0,-1.3914133310317993,1.1800702810287476,-8.482793715890711,3.93040668964386,1.2228361368179321,1.4482539594173431,2.7679075598716736,6.0,6.0,6.0,6.0,1.0,6.0,6.0,6.0,3.0,1.0,0.0
10105,3.93040668964386,1.2228361368179321,1.4482539594173431,2.7679075598716736,6.0,6.0,6.0,6.0,1.0,6.0,6.0,6.0,3.0,1.0,8.0,-1.819728136062622,-1.5243513584136963,0.0,-1.8801742792129517,0.29639455676078796,-14.145337396556762,2.110678553581238,0.0,0.0,3.0643021166324615,1.0,7.0,7.0,7.0,2.0,7.0,7.0,7.0,1.0,2.0,0.0
10106,2.110678553581238,0.0,0.0,3.0643021166324615,1.0,7.0,7.0,7.0,2.0,7.0,7.0,7.0,1.0,2.0,1.0,-0.6538121104240417,-1.4042775630950928,5.0,-0.7501417994499207,-1.073171615600586,-24.493767772763416,1.456866443157196,0.0,0.0,1.9911305010318756,2.0,1.0,8.0,8.0,3.0,1.0,8.0,8.0,2.0,3.0,0.0
10107,1.456866443157196,0.0,0.0,1.9911305010318756,2.0,1.0,8.0,8.0,3.0,1.0,8.0,8.0,2.0,3.0,9.0,-1.435926914215088,-0.20760618150234222,0.0,-1.1818604469299316,-0.7922481894493103,-13.880655124972941,0.020939528942108154,0.0,0.0,1.1988823115825653,1.0,2.0,9.0,9.0,4.0,2.0,9.0,9.0,3.0,1.0,0.0
10108,0.020939528942108154,0.0,0.0,1.1988823115825653,1.0,2.0,9.0,9.0,4.0,2.0,9.0,9.0,3.0,1.0,5.0,1.34990394115448,0.25543761253356934,6.0,1.0108814239501953,-0.7076295614242554,-16.243626985513274,1.3708434700965881,0.25543761253356934,1.0108814239501953,0.49125275015830994,2.0,3.0,10.0,10.0,5.0,1.0,1.0,10.0,4.0,2.0,0.0
10109,1.3708434700965881,0.25543761253356934,1.0108814239501953,0.49125275015830994,2.0,3.0,10.0,10.0,5.0,1.0,1.0,10.0,4.0,2.0,9.0,-0.5490021109580994,-0.5999167561531067,2.0,-1.300798773765564,0.8756957054138184,-14.57628764194568,0.8218413591384888,0.0,0.0,1.3669484555721283,3.0,4.0,1.0,11.0,6.0,2.0,2.0,11.0,5.0,1.0,0.0
10110,0.8218413591384888,0.0,0.0,1.3669484555721283,3.0,4.0,1.0,11.0,6.0,2.0,2.0,11.0,5.0,1.0,9.0,-0.8129230737686157,-0.8953237533569336,0.0,0.36315441131591797,-1.0623970031738281,-11.659653116590166,0.008918285369873047,0.0,0.36315441131591797,0.30455145239830017,1.0,5.0,2.0,12.0,7.0,3.0,3.0,12.0,6.0,1.0,0.0
10111,0.008918285369873047,0.0,0.36315441131591797,0.30455145239830017,1.0,5.0,2.0,12.0,7.0,3.0,3.0,12.0,6.0,1.0,3.0,1.5044292211532593,-0.34654518961906433,3.0,0.1468420922756195,-0.6161431670188904,-15.03346577559159,1.5133475065231323,0.0,0.5099965035915375,0.0,2.0,6.0,3.0,1.0,8.0,4.0,4.0,13.0,7.0,2.0,0.0
10112,1.5133475065231323,0.0,0.5099965035915375,0.0,2.0,6.0,3.0,1.0,8.0,4.0,4.0,13.0,7.0,2.0,4.0,1.0049225091934204,-0.35583236813545227,8.0,0.004729858133941889,0.7731318473815918,-14.74336472690933,2.5182700157165527,0.0,0.5147263617254794,0.7731318473815918,3.0,7.0,4.0,2.0,1.0,5.0,5.0,14.0,1.0,3.0,0.0
10113,2.5182700157165527,0.0,0.5147263617254794,0.7731318473815918,3.0,7.0,4.0,2.0,1.0,5.0,5.0,14.0,1.0,3.0,0.0,-1.1343895196914673,-0.42519742250442505,6.0,-0.12266847491264343,-0.4168573319911957,-13.818876769829124,1.3838804960250854,0.0,0.39205788681283593,0.3562745153903961,1.0,8.0,5.0,3.0,2.0,6.0,1.0,15.0,2.0,4.0,0.0
10114,1.3838804960250854,0.0,0.39205788681283593,0.3562745153903961,1.0,8.0,5.0,3.0,2.0,6.0,1.0,15.0,2.0,4.0,7.0,1.032970905303955,-0.45570433139801025,8.0,-1.373708963394165,0.72132807970047,-17.148022085066142,2.4168514013290405,0.0,0.0,1.077602595090866,2.0,9.0,6.0,4.0,3.0,7.0,2.0,1.0,1.0,5.0,0.0
10115,2.4168514013290405,0.0,0.0,1.077602595090866,2.0,9.0,6.0,4.0,3.0,7.0,2.0,1.0,1.0,5.0,4.0,0.4584861397743225,-0.37214985489845276,9.0,-1.8868858814239502,-0.2550930976867676,-20.097048682052815,2.875337541103363,0.0,0.0,0.8225094974040985,3.0,10.0,7.0,5.0,1.0,8.0,3.0,2.0,2.0,1.0,0.0
10116,2.875337541103363,0.0,0.0,0.8225094974040985,3.0,10.0,7.0,5.0,1.0,8.0,3.0,2.0,2.0,1.0,8.0,0.9846404194831848,-0.06138768047094345,1.0,-0.0841611996293068,-0.7018932700157166,-13.479902581940149,3.859977960586548,0.0,0.0,0.12061622738838196,4.0,1.0,8.0,6.0,2.0,9.0,4.0,3.0,1.0,2.0,0.0
10117,3.859977960586548,0.0,0.0,0.12061622738838196,4.0,1.0,8.0,6.0,2.0,9.0,4.0,3.0,1.0,2.0,9.0,-0.8498992323875427,-0.9769737124443054,3.0,-1.2394814491271973,1.3195918798446655,-18.216555566655536,3.010078728199005,0.0,0.0,1.4402081072330475,5.0,2.0,9.0,1.0,3.0,10.0,5.0,4.0,2.0,1.0,0.0
10118,3.010078728199005,0.0,0.0,1.4402081072330475,5.0,2.0,9.0,1.0,3.0,10.0,5.0,4.0,2.0,1.0,4.0,-0.16451610624790192,-1.6746635437011719,0.0,-1.6607787609100342,-0.13756534457206726,-25.54917365491746,2.845562621951103,0.0,0.0,1.3026427626609802,1.0,3.0,10.0,2.0,1.0,11.0,6.0,5.0,3.0,2.0,0.0
10119,2.845562621951103,0.0,0.0,1.3026427626609802,1.0,3.0,10.0,2.0,1.0,11.0,6.0,5.0,3.0,2.0,9.0,0.015339490957558155,-0.8541254997253418,5.0,-1.2639659643173218,1.3535401821136475,-21.57817129628203,2.8609021129086614,0.0,0.0,2.6561829447746277,2.0,4.0,11.0,3.0,2.0,1.0,7.0,6.0,4.0,1.0,0.0
10120,2.8609021129086614,0.0,0.0,2.6561829447746277,2.0,4.0,11.0,3.0,2.0,1.0,7.0,6.0,4.0,1.0,2.0,-0.34641703963279724,-1.0071754455566406,8.0,-1.8164831399917603,0.2916117310523987,-25.747827874946154,2.514485073275864,0.0,0.0,2.9477946758270264,3.0,5.0,1.0,4.0,3.0,2.0,8.0,7.0,1.0,2.0,0.0
10121,2.514485073275864,0.0,0.0,2.9477946758270264,3.0,5.0,1.0,4.0,3.0,2.0,8.0,7.0,1.0,2.0,4.0,-1.0980572700500488,-0.8159186840057373,3.0,-0.46960800886154175,1.0555999279022217,-15.848957375635434,1.4164278032258153,0.0,0.0,4.003394603729248,4.0,6.0,2.0,1.0,1.0,3.0,9.0,8.0,2.0,3.0,0.0
10122,1.4164278032258153,0.0,0.0,4.003394603729248,4.0,6.0,2.0,1.0,1.0,3.0,9.0,8.0,2.0,3.0,2.0,-1.5143077373504639,-0.7360357046127319,6.0,0.5600457787513733,0.43657946586608887,-21.850557471616366,0.0,0.0,0.5600457787513733,4.439974069595337,5.0,7.0,1.0,2.0,2.0,4.0,1.0,9.0,3.0,4.0,0.0
10123,0.0,0.0,0.5600457787513733,4.439974069595337,5.0,7.0,1.0,2.0,2.0,4.0,1.0,9.0,3.0,4.0,2.0,-0.9461866617202759,-0.7048836946487427,8.0,-1.7237297296524048,-1.3692089319229126,-26.105127576420642,0.0,0.0,0.0,3.0707651376724243,6.0,8.0,1.0,3.0,3.0,5.0,2.0,10.0,1.0,5.0,0.0
10124,0.0,0.0,0.0,3.0707651376724243,6.0,8.0,1.0,3.0,3.0,5.0,2.0,10.0,1.0,5.0,9.0,0.1778031587600708,-0.7440822124481201,0.0,-1.0042681694030762,0.46119046211242676,-15.329663643250514,0.1778031587600708,0.0,0.0,3.531955599784851,1.0,9.0,2.0,4.0,4.0,6.0,3.0,11.0,2.0,1.0,0.0
10125,0.1778031587600708,0.0,0.0,3.531955599784851,1.0,9.0,2.0,4.0,4.0,6.0,3.0,11.0,2.0,1.0,9.0,-0.8319568634033203,-1.3862522840499878,8.0,-1.0637034177780151,-0.7379787564277649,-22.27598060141346,0.0,0.0,0.0,2.793976843357086,2.0,10.0,3.0,5.0,5.0,7.0,4.0,12.0,1.0,1.0,0.0
10126,0.0,0.0,0.0,2.793976843357086,2.0,10.0,3.0,5.0,5.0,7.0,4.0,12.0,1.0,1.0,9.0,1.721117377281189,-1.8203017711639404,0.0,-0.9316784143447876,-1.1083651781082153,-21.059586939387998,1.721117377281189,0.0,0.0,1.6856116652488708,1.0,11.0,4.0,6.0,6.0,8.0,5.0,13.0,2.0,1.0,0.0
10127,1.721117377281189,0.0,0.0,1.6856116652488708,1.0,11.0,4.0,6.0,6.0,8.0,5.0,13.0,2.0,1.0,3.0,-0.8465882539749146,-0.6091911196708679,5.0,0.16692814230918884,0.4075991213321686,-17.81298771031723,0.8745291233062744,0.0,0.16692814230918884,2.0932107865810394,2.0,12.0,5.0,1.0,7.0,1.0,6.0,14.0,3.0,2.0,0.0
10128,0.8745291233062744,0.0,0.16692814230918884,2.0932107865810394,2.0,12.0,5.0,1.0,7.0,1.0,6.0,14.0,3.0,2.0,7.0,-0.4409466087818146,1.7511972188949585,8.0,-1.4359691143035889,0.4338117837905884,-17.152662133586787,0.43358251452445984,1.7511972188949585,0.0,2.527022570371628,3.0,13.0,6.0,2.0,8.0,2.0,7.0,1.0,1.0,3.0,0.0
10129,0.43358251452445984,1.7511972188949585,0.0,2.527022570371628,3.0,13.0,6.0,2.0,8.0,2.0,7.0,1.0,1.0,3.0,2.0,1.7653446197509766,0.35663965344429016,9.0,-1.2203800678253174,-0.5972781777381897,-14.818565296125257,2.1989271342754364,2.1078368723392487,0.0,1.929744392633438,4.0,14.0,1.0,3.0,9.0,3.0,8.0,2.0,2.0,1.0,0.0
10130,2.1989271342754364,2.1078368723392487,0.0,1.929744392633438,4.0,14.0,1.0,3.0,9.0,3.0,8.0,2.0,2.0,1.0,2.0,0.0030993495602160692,-0.5878347754478455,1.0,-1.6247197389602661,-0.736244797706604,-20.167365686895366,2.2020264838356525,1.5200020968914032,0.0,1.193499594926834,5.0,1.0,1.0,4.0,10.0,4.0,9.0,3.0,3.0,2.0,0.0
10131,2.2020264838356525,1.5200020968914032,0.0,1.193499594926834,5.0,1.0,1.0,4.0,10.0,4.0,9.0,3.0,3.0,2.0,4.0,0.01351651269942522,-1.396431565284729,0.0,-0.020411498844623566,-1.196267008781433,-8.837007634403461,2.2155429965350777,0.1235705316066742,0.0,0.0,1.0,2.0,2.0,5.0,1.0,5.0,10.0,4.0,4.0,3.0,0.0
10132,2.2155429965350777,0.1235705316066742,0.0,0.0,1.0,2.0,2.0,5.0,1.0,5.0,10.0,4.0,4.0,3.0,2.0,1.228503704071045,-1.5433717966079712,6.0,-0.8041410446166992,1.0686033964157104,-26.290712215130878,3.4440467006061226,0.0,0.0,1.0686033964157104,2.0,3.0,1.0,6.0,2.0,6.0,1.0,5.0,5.0,4.0,0.0
10133,3.4440467006061226,0.0,0.0,1.0686033964157104,2.0,3.0,1.0,6.0,2.0,6.0,1.0,5.0,5.0,4.0,9.0,-0.5140783190727234,-0.1495080590248108,8.0,-0.3967554271221161,1.2746071815490723,-10.499062052040424,2.9299683815333992,0.0,0.0,2.3432105779647827,3.0,4.0,2.0,7.0,3.0,7.0,2.0,6.0,1.0,1.0,0.0
10134,2.9299683815333992,0.0,0.0,2.3432105779647827,3.0,4.0,2.0,7.0,3.0,7.0,2.0,6.0,1.0,1.0,9.0,-0.9386566281318665,1.2282887697219849,5.0,-1.548417091369629,-1.399692177772522,-18.835049929208846,1.9913117534015328,1.2282887697219849,0.0,0.9435184001922607,4.0,5.0,3.0,8.0,4.0,1.0,3.0,7.0,2.0,1.0,0.0
10135,1.9913117534015328,1.2282887697219849,0.0,0.9435184001922607,4.0,5.0,3.0,8.0,4.0,1.0,3.0,7.0,2.0,1.0,9.0,0.42327162623405457,-0.6525341868400574,0.0,-0.4869244694709778,-0.81984543800354,-8.189959038980756,2.4145833796355873,0.5757545828819275,0.0,0.1236729621887207,1.0,6.0,4.0,9.0,5.0,2.0,4.0,8.0,3.0,1.0,0.0
10136,2.4145833796355873,0.5757545828819275,0.0,0.1236729621887207,1.0,6.0,4.0,9.0,5.0,2.0,4.0,8.0,3.0,1.0,4.0,-0.6100285649299622,-1.7732467651367188,6.0,-1.7727755308151245,-0.46122437715530396,-31.088917011136882,1.8045548147056252,0.0,0.0,0.0,2.0,7.0,5.0,10.0,1.0,3.0,1.0,9.0,4.0,2.0,0.0
10137,1.8045548147056252,0.0,0.0,0.0,2.0,7.0,5.0,10.0,1.0,3.0,1.0,9.0,4.0,2.0,9.0,0.8577092885971069,0.4592750668525696,9.0,1.366929292678833,1.0529202222824097,-6.250635082813589,2.662264103302732,0.4592750668525696,1.366929292678833,1.0529202222824097,3.0,8.0,6.0,11.0,2.0,4.0,2.0,10.0,5.0,1.0,0.0
10138,2.662264103302732,0.4592750668525696,1.366929292678833,1.0529202222824097,3.0,8.0,6.0,11.0,2.0,4.0,2.0,10.0,5.0,1.0,2.0,0.12839239835739136,0.4815572500228882,5.0,-1.1196229457855225,-0.7771391272544861,-16.27459027211406,2.7906565016601235,0.9408323168754578,0.24730634689331055,0.2757810950279236,4.0,9.0,1.0,12.0,3.0,1.0,3.0,11.0,6.0,2.0,0.0
10139,2.7906565016601235,0.9408323168754578,0.24730634689331055,0.2757810950279236,4.0,9.0,1.0,12.0,3.0,1.0,3.0,11.0,6.0,2.0,3.0,-0.6309946775436401,-0.3152952194213867,1.0,-0.3868766725063324,1.0240249633789062,-11.640682774443338,2.1596618241164833,0.625537097454071,0.0,1.2998060584068298,5.0,1.0,2.0,1.0,4.0,2.0,4.0,12.0,7.0,3.0,0.0
10140,2.1596618241164833,0.625537097454071,0.0,1.2998060584068298,5.0,1.0,2.0,1.0,4.0,2.0,4.0,12.0,7.0,3.0,4.0,-1.5835803747177124,-0.8997789025306702,8.0,-0.6081537008285522,1.7211613655090332,-17.01466205028192,0.5760814493987709,0.0,0.0,3.020967423915863,6.0,2.0,3.0,2.0,1.0,3.0,5.0,13.0,1.0,4.0,0.0
10141,0.5760814493987709,0.0,0.0,3.020967423915863,6.0,2.0,3.0,2.0,1.0,3.0,5.0,13.0,1.0,4.0,0.0,-1.6360949277877808,-0.6067715883255005,5.0,-1.6059061288833618,0.8270321488380432,-24.965595204713907,0.0,0.0,0.0,3.8479995727539062,1.0,3.0,4.0,3.0,2.0,1.0,6.0,14.0,2.0,5.0,0.0
10142,0.0,0.0,0.0,3.8479995727539062,1.0,3.0,4.0,3.0,2.0,1.0,6.0,14.0,2.0,5.0,2.0,-0.48362985253334045,-1.7771600484848022,2.0,-1.3842768669128418,-0.9101608991622925,-32.610430970075576,0.0,0.0,0.0,2.9378386735916138,2.0,4.0,1.0,4.0,3.0,2.0,7.0,15.0,3.0,6.0,0.0
10143,0.0,0.0,0.0,2.9378386735916138,2.0,4.0,1.0,4.0,3.0,2.0,7.0,15.0,3.0,6.0,2.0,-0.9481185078620911,-0.19155901670455933,1.0,0.4963441789150238,1.6244885921478271,-20.870938604718937,0.0,0.0,0.4963441789150238,4.562327265739441,3.0,1.0,1.0,5.0,4.0,3.0,8.0,16.0,4.0,7.0,0.0
10144,0.0,0.0,0.4963441789150238,4.562327265739441,3.0,1.0,1.0,5.0,4.0,3.0,8.0,16.0,4.0,7.0,4.0,0.2508588135242462,0.037076398730278015,3.0,-0.052660807967185974,-0.8572613000869751,-12.065889737275029,0.2508588135242462,0.037076398730278015,0.44368337094783783,3.705065965652466,4.0,2.0,2.0,1.0,1.0,4.0,9.0,17.0,5.0,8.0,0.0
10145,0.2508588135242462,0.037076398730278015,0.44368337094783783,3.705065965652466,4.0,2.0,2.0,1.0,1.0,4.0,9.0,17.0,5.0,8.0,2.0,0.27077150344848633,-0.26790958642959595,6.0,0.03809742256999016,1.8108947277069092,-20.960054848294543,0.5216303169727325,0.0,0.481780793517828,5.515960693359375,5.0,3.0,1.0,2.0,2.0,5.0,1.0,18.0,6.0,9.0,0.0
10146,0.5216303169727325,0.0,0.481780793517828,5.515960693359375,5.0,3.0,1.0,2.0,2.0,5.0,1.0,18.0,6.0,9.0,9.0,-1.8123465776443481,-0.5238641500473022,8.0,-1.7707847356796265,-0.2643555700778961,-21.07855883190391,0.0,0.0,0.0,5.251605123281479,6.0,4.0,2.0,3.0,3.0,6.0,2.0,19.0,1.0,1.0,0.0
10147,0.0,0.0,0.0,5.251605123281479,6.0,4.0,2.0,3.0,3.0,6.0,2.0,19.0,1.0,1.0,9.0,-1.2064571380615234,1.40678870677948,0.0,-1.8524320125579834,-1.4907296895980835,-22.224186449337118,0.0,1.40678870677948,0.0,3.7608754336833954,1.0,5.0,3.0,4.0,4.0,7.0,3.0,20.0,2.0,1.0,0.0
10148,0.0,1.40678870677948,0.0,3.7608754336833954,1.0,5.0,3.0,4.0,4.0,7.0,3.0,20.0,2.0,1.0,3.0,-1.4476898908615112,-0.9787127375602722,0.0,-1.0285041332244873,0.2804580330848694,-22.168784505358943,0.0,0.42807596921920776,0.0,4.041333466768265,1.0,6.0,4.0,1.0,5.0,8.0,4.0,21.0,3.0,2.0,0.0
10149,0.0,0.42807596921920776,0.0,4.041333466768265,1.0,6.0,4.0,1.0,5.0,8.0,4.0,21.0,3.0,2.0,2.0,1.6357831954956055,-1.0890511274337769,8.0,-1.5290987491607666,-1.285520315170288,-25.520882869844137,1.6357831954956055,0.0,0.0,2.7558131515979767,2.0,7.0,1.0,2.0,6.0,9.0,5.0,22.0,1.0,3.0,0.0
10150,1.6357831954956055,0.0,0.0,2.7558131515979767,2.0,7.0,1.0,2.0,6.0,9.0,5.0,22.0,1.0,3.0,0.0,0.8126631379127502,-0.003715317230671644,8.0,-0.08317165076732635,0.41970303654670715,-9.976726145665017,2.4484463334083557,0.0,0.0,3.175516188144684,1.0,8.0,2.0,3.0,7.0,10.0,6.0,23.0,1.0,4.0,0.0
10151,2.4484463334083557,0.0,0.0,3.175516188144684,1.0,8.0,2.0,3.0,7.0,10.0,6.0,23.0,1.0,4.0,2.0,1.863634467124939,-0.6651061177253723,0.0,-1.8786683082580566,-1.084457278251648,-24.966938561939966,4.312080800533295,0.0,0.0,2.091058909893036,1.0,9.0,1.0,4.0,8.0,11.0,7.0,24.0,2.0,5.0,0.0
10152,4.312080800533295,0.0,0.0,2.091058909893036,1.0,9.0,1.0,4.0,8.0,11.0,7.0,24.0,2.0,5.0,4.0,0.24007156491279602,-0.5677632093429565,8.0,-0.9894484281539917,0.9052638411521912,-20.56395905653033,4.552152365446091,0.0,0.0,2.996322751045227,2.0,10.0,2.0,5.0,1.0,12.0,8.0,25.0,1.0,6.0,0.0
10153,4.552152365446091,0.0,0.0,2.996322751045227,2.0,10.0,2.0,5.0,1.0,12.0,8.0,25.0,1.0,6.0,5.0,-0.946333110332489,-0.6134271621704102,5.0,-0.788352370262146,0.4131832420825958,-23.753180079250043,3.6058192551136017,0.0,0.0,3.409505993127823,3.0,11.0,3.0,6.0,2.0,1.0,9.0,26.0,2.0,7.0,0.0
10154,3.6058192551136017,0.0,0.0,3.409505993127823,3.0,11.0,3.0,6.0,2.0,1.0,9.0,26.0,2.0,7.0,7.0,-1.8363503217697144,-0.22144441306591034,8.0,-1.515957236289978,0.5768195986747742,-18.050605228284493,1.7694689333438873,0.0,0.0,3.986325591802597,4.0,12.0,4.0,7.0,3.0,2.0,10.0,1.0,1.0,8.0,0.0
10155,1.7694689333438873,0.0,0.0,3.986325591802597,4.0,12.0,4.0,7.0,3.0,2.0,10.0,1.0,1.0,8.0,2.0,0.41383084654808044,1.170886516571045,9.0,-1.6084434986114502,-1.4110774993896484,-17.773040613695144,2.1832997798919678,1.170886516571045,0.0,2.5752480924129486,5.0,13.0,1.0,8.0,4.0,3.0,11.0,2.0,2.0,1.0,0.0
10156,2.1832997798919678,1.170886516571045,0.0,2.5752480924129486,5.0,13.0,1.0,8.0,4.0,3.0,11.0,2.0,2.0,1.0,2.0,-0.35262471437454224,-0.7090599536895752,1.0,-0.6699432134628296,1.19005286693573,-17.028941333353906,1.8306750655174255,0.4618265628814697,0.0,3.7653009593486786,6.0,1.0,1.0,9.0,5.0,4.0,12.0,3.0,3.0,2.0,0.0
10157,1.8306750655174255,0.4618265628814697,0.0,3.7653009593486786,6.0,1.0,1.0,9.0,5.0,4.0,12.0,3.0,3.0,2.0,4.0,-1.2003626823425293,-0.9735886454582214,3.0,-1.825857162475586,-0.07958106696605682,-22.329336712220744,0.6303123831748962,0.0,0.0,3.6857198923826218,7.0,2.0,2.0,1.0,1.0,5.0,13.0,4.0,4.0,3.0,0.0
10158,0.6303123831748962,0.0,0.0,3.6857198923826218,7.0,2.0,2.0,1.0,1.0,5.0,13.0,4.0,4.0,3.0,2.0,-0.5409489870071411,-1.4578909873962402,6.0,-1.4808820486068726,-1.1740336418151855,-32.70280309647306,0.08936339616775513,0.0,0.0,2.511686250567436,8.0,3.0,1.0,2.0,2.0,6.0,1.0,5.0,5.0,4.0,0.0
10159,0.08936339616775513,0.0,0.0,2.511686250567436,8.0,3.0,1.0,2.0,2.0,6.0,1.0,5.0,5.0,4.0,9.0,-0.9515532851219177,1.0595474243164062,8.0,-1.614890456199646,0.13165177404880524,-20.18459716074425,0.0,1.0595474243164062,0.0,2.6433380246162415,9.0,4.0,2.0,3.0,3.0,7.0,2.0,6.0,1.0,1.0,0.0
10160,0.0,1.0595474243164062,0.0,2.6433380246162415,9.0,4.0,2.0,3.0,3.0,7.0,2.0,6.0,1.0,1.0,5.0,-0.807217538356781,-1.343530535697937,0.0,-1.1338660717010498,-0.6567676067352295,-21.555623870468377,0.0,0.0,0.0,1.986570417881012,1.0,5.0,3.0,4.0,4.0,1.0,3.0,7.0,2.0,2.0,0.0
10161,0.0,0.0,0.0,1.986570417881012,1.0,5.0,3.0,4.0,4.0,1.0,3.0,7.0,2.0,2.0,9.0,0.9033575654029846,-1.0618451833724976,1.0,-1.0476833581924438,-0.5159804224967957,-18.977336489495528,0.9033575654029846,0.0,0.0,1.4705899953842163,2.0,1.0,4.0,5.0,5.0,2.0,4.0,8.0,3.0,1.0,0.0
10162,0.9033575654029846,0.0,0.0,1.4705899953842163,2.0,1.0,4.0,5.0,5.0,2.0,4.0,8.0,3.0,1.0,3.0,1.2301514148712158,-0.2483648657798767,8.0,-0.8582844138145447,-0.9853464365005493,-17.81572431455437,2.1335089802742004,0.0,0.0,0.485243558883667,3.0,2.0,5.0,1.0,6.0,3.0,5.0,9.0,1.0,2.0,0.0
10163,2.1335089802742004,0.0,0.0,0.485243558883667,3.0,2.0,5.0,1.0,6.0,3.0,5.0,9.0,1.0,2.0,4.0,-0.5283821225166321,0.7444453835487366,4.0,0.058213237673044205,-0.8054578304290771,-16.182129869859402,1.6051268577575684,0.7444453835487366,0.058213237673044205,0.0,4.0,3.0,6.0,2.0,1.0,4.0,6.0,10.0,2.0,3.0,0.0
10164,1.6051268577575684,0.7444453835487366,0.058213237673044205,0.0,4.0,3.0,6.0,2.0,1.0,4.0,6.0,10.0,2.0,3.0,9.0,-1.7321839332580566,-0.7673341035842896,1.0,0.7536197304725647,-0.04164275527000427,-10.142714453239178,0.0,0.0,0.8118329681456089,0.0,5.0,1.0,7.0,3.0,2.0,5.0,7.0,11.0,3.0,1.0,0.0
10165,0.0,0.0,0.8118329681456089,0.0,5.0,1.0,7.0,3.0,2.0,5.0,7.0,11.0,3.0,1.0,0.0,0.0065578436478972435,1.0549437999725342,5.0,-1.6897757053375244,-0.7822965979576111,-18.78124482075539,0.0065578436478972435,1.0549437999725342,0.0,0.0,1.0,2.0,8.0,4.0,3.0,1.0,8.0,12.0,4.0,2.0,0.0
10166,0.0065578436478972435,1.0549437999725342,0.0,0.0,1.0,2.0,8.0,4.0,3.0,1.0,8.0,12.0,4.0,2.0,0.0,-1.0919115543365479,0.0421716645359993,2.0,-0.47580477595329285,1.3572440147399902,-19.012900790214466,0.0,1.0971154645085335,0.0,1.3572440147399902,1.0,3.0,1.0,5.0,4.0,2.0,9.0,13.0,5.0,3.0,0.0
10167,0.0,1.0971154645085335,0.0,1.3572440147399902,1.0,3.0,1.0,5.0,4.0,2.0,9.0,13.0,5.0,3.0,9.0,0.16960656642913818,0.9406919479370117,8.0,-1.2490588426589966,-0.2813020944595337,-16.131237164829813,0.16960656642913818,2.037807412445545,0.0,1.0759419202804565,2.0,4.0,2.0,6.0,5.0,3.0,10.0,14.0,1.0,1.0,0.0
10168,0.16960656642913818,2.037807412445545,0.0,1.0759419202804565,2.0,4.0,2.0,6.0,5.0,3.0,10.0,14.0,1.0,1.0,4.0,-0.18861566483974457,-1.393770694732666,6.0,0.18941836059093475,0.12429389357566833,-17.10128216659915,0.0,0.6440367177128792,0.18941836059093475,1.2002358138561249,3.0,5.0,3.0,7.0,1.0,4.0,1.0,15.0,2.0,2.0,0.0
10169,0.0,0.6440367177128792,0.18941836059093475,1.2002358138561249,3.0,5.0,3.0,7.0,1.0,4.0,1.0,15.0,2.0,2.0,2.0,0.8885598182678223,0.6889854669570923,0.0,0.0829545333981514,-1.299649953842163,-11.032266427838806,0.8885598182678223,1.3330221846699715,0.27237289398908615,0.0,1.0,6.0,1.0,8.0,2.0,5.0,2.0,16.0,3.0,3.0,0.0
10170,0.8885598182678223,1.3330221846699715,0.27237289398908615,0.0,1.0,6.0,1.0,8.0,2.0,5.0,2.0,16.0,3.0,3.0,9.0,0.7881439328193665,0.9910320043563843,0.0,-1.2910984754562378,0.9268320798873901,-11.359529078441462,1.6767037510871887,2.3240541890263557,0.0,0.9268320798873901,1.0,7.0,2.0,9.0,3.0,6.0,3.0,17.0,4.0,1.0,0.0
10171,1.6767037510871887,2.3240541890263557,0.0,0.9268320798873901,1.0,7.0,2.0,9.0,3.0,6.0,3.0,17.0,4.0,1.0,2.0,0.49513256549835205,-1.4114348888397217,0.0,-1.339770793914795,-0.1455048769712448,-17.915045350996095,2.1718363165855408,0.9126193001866341,0.0,0.7813272029161453,1.0,8.0,1.0,10.0,4.0,7.0,4.0,18.0,5.0,2.0,0.0
10172,2.1718363165855408,0.9126193001866341,0.0,0.7813272029161453,1.0,8.0,1.0,10.0,4.0,7.0,4.0,18.0,5.0,2.0,3.0,0.7868172526359558,-0.2948032319545746,5.0,-0.36837947368621826,-0.279594361782074,-17.443260844333714,2.9586535692214966,0.6178160682320595,0.0,0.5017328411340714,2.0,9.0,2.0,1.0,5.0,1.0,5.0,19.0,6.0,3.0,0.0
10173,2.9586535692214966,0.6178160682320595,0.0,0.5017328411340714,2.0,9.0,2.0,1.0,5.0,1.0,5.0,19.0,6.0,3.0,4.0,-1.5088186264038086,-1.4526766538619995,8.0,-1.0748827457427979,0.24882207810878754,-24.448578380954952,1.449834942817688,0.0,0.0,0.7505549192428589,3.0,10.0,3.0,2.0,1.0,2.0,6.0,20.0,1.0,4.0,0.0
10174,1.449834942817688,0.0,0.0,0.7505549192428589,3.0,10.0,3.0,2.0,1.0,2.0,6.0,20.0,1.0,4.0,7.0,-1.3976175785064697,0.35864683985710144,8.0,0.42333486676216125,1.4748612642288208,-10.656422709716297,0.05221736431121826,0.35864683985710144,0.42333486676216125,2.2254161834716797,4.0,11.0,4.0,3.0,2.0,3.0,7.0,1.0,1.0,5.0,0.0
10175,0.05221736431121826,0.35864683985710144,0.42333486676216125,2.2254161834716797,4.0,11.0,4.0,3.0,2.0,3.0,7.0,1.0,1.0,5.0,9.0,-1.4378045797348022,-0.9097410440444946,1.0,-0.7128041386604309,-0.12699849903583527,-17.550017323062924,0.0,0.0,0.0,2.0984176844358444,5.0,1.0,5.0,4.0,3.0,4.0,8.0,2.0,2.0,1.0,0.0
10176,0.0,0.0,0.0,2.0984176844358444,5.0,1.0,5.0,4.0,3.0,4.0,8.0,2.0,2.0,1.0,4.0,-0.0037040761671960354,-1.101145625114441,8.0,-1.4140679836273193,-0.3581586480140686,-26.83900693088961,0.0,0.0,0.0,1.7402590364217758,6.0,2.0,6.0,5.0,1.0,5.0,9.0,3.0,1.0,2.0,0.0
10177,0.0,0.0,0.0,1.7402590364217758,6.0,2.0,6.0,5.0,1.0,5.0,9.0,3.0,1.0,2.0,9.0,0.17972640693187714,0.25991278886795044,3.0,-1.3510382175445557,-0.37678098678588867,-14.331550492107782,0.17972640693187714,0.25991278886795044,0.0,1.3634780496358871,7.0,3.0,7.0,1.0,2.0,6.0,10.0,4.0,2.0,1.0,0.0
10178,0.17972640693187714,0.25991278886795044,0.0,1.3634780496358871,7.0,3.0,7.0,1.0,2.0,6.0,10.0,4.0,2.0,1.0,9.0,-1.9006909132003784,-0.8389414548873901,8.0,-1.0849639177322388,-0.845545768737793,-25.858574895336055,0.0,0.0,0.0,0.5179322808980942,8.0,4.0,8.0,2.0,3.0,7.0,11.0,5.0,1.0,1.0,0.0
10179,0.0,0.0,0.0,0.5179322808980942,8.0,4.0,8.0,2.0,3.0,7.0,11.0,5.0,1.0,1.0,0.0,0.7770261764526367,-0.7040334343910217,8.0,-1.0765756368637085,-0.19601811468601227,-19.948576342722426,0.7770261764526367,0.0,0.0,0.3219141662120819,1.0,5.0,9.0,3.0,4.0,8.0,12.0,6.0,1.0,2.0,0.0
10180,0.7770261764526367,0.0,0.0,0.3219141662120819,1.0,5.0,9.0,3.0,4.0,8.0,12.0,6.0,1.0,2.0,4.0,1.4406023025512695,-1.4344207048416138,9.0,0.14828890562057495,0.5812765955924988,-17.69647525195263,2.2176284790039062,0.0,0.14828890562057495,0.9031907618045807,2.0,6.0,10.0,4.0,1.0,9.0,13.0,7.0,2.0,1.0,0.0
10181,2.2176284790039062,0.0,0.14828890562057495,0.9031907618045807,2.0,6.0,10.0,4.0,1.0,9.0,13.0,7.0,2.0,1.0,4.0,1.7126139402389526,-1.0716267824172974,8.0,-0.3133821487426758,0.735134482383728,-19.36653613763971,3.930242419242859,0.0,0.0,1.6383252441883087,3.0,7.0,11.0,5.0,1.0,10.0,14.0,8.0,1.0,2.0,0.0
10182,3.930242419242859,0.0,0.0,1.6383252441883087,3.0,7.0,11.0,5.0,1.0,10.0,14.0,8.0,1.0,2.0,2.0,-1.5067355632781982,-0.9271290898323059,10.0,-0.994749128818512,-1.4196337461471558,-20.87227031064004,2.4235068559646606,0.0,0.0,0.21869149804115295,4.0,8.0,1.0,6.0,2.0,11.0,15.0,9.0,2.0,3.0,0.0
10183,2.4235068559646606,0.0,0.0,0.21869149804115295,4.0,8.0,1.0,6.0,2.0,11.0,15.0,9.0,2.0,3.0,2.0,-0.9117145538330078,-1.2767361402511597,6.0,-0.05492130294442177,0.9082322716712952,-25.034782456208212,1.5117923021316528,0.0,0.0,1.1269237697124481,5.0,9.0,1.0,7.0,3.0,12.0,1.0,10.0,3.0,4.0,0.0
10184,1.5117923021316528,0.0,0.0,1.1269237697124481,5.0,9.0,1.0,7.0,3.0,12.0,1.0,10.0,3.0,4.0,9.0,0.6449383497238159,-1.1092262268066406,8.0,-1.4507826566696167,0.7244119048118591,-23.17450071169528,2.1567306518554688,0.0,0.0,1.8513356745243073,6.0,10.0,2.0,8.0,4.0,13.0,2.0,11.0,1.0,1.0,0.0
10185,2.1567306518554688,0.0,0.0,1.8513356745243073,6.0,10.0,2.0,8.0,4.0,13.0,2.0,11.0,1.0,1.0,1.0,1.0203208923339844,0.07079312950372696,0.0,-0.388986200094223,0.0698091983795166,-9.601165154226454,3.177051544189453,0.07079312950372696,0.0,1.9211448729038239,1.0,1.0,3.0,9.0,5.0,14.0,3.0,12.0,2.0,2.0,0.0
10186,3.177051544189453,0.07079312950372696,0.0,1.9211448729038239,1.0,1.0,3.0,9.0,5.0,14.0,3.0,12.0,2.0,2.0,9.0,1.0707745552062988,0.3900473415851593,0.0,-1.2465708255767822,-0.9715639352798462,-13.745256223553149,4.247826099395752,0.46084047108888626,0.0,0.9495809376239777,1.0,2.0,4.0,10.0,6.0,15.0,4.0,13.0,3.0,1.0,0.0
10187,4.247826099395752,0.46084047108888626,0.0,0.9495809376239777,1.0,2.0,4.0,10.0,6.0,15.0,4.0,13.0,3.0,1.0,9.0,0.41720137000083923,-0.9629232883453369,0.0,-0.26789501309394836,0.5962576270103455,-12.463321148338835,4.665027469396591,0.0,0.0,1.5458385646343231,1.0,3.0,5.0,11.0,7.0,16.0,5.0,14.0,4.0,1.0,0.0
10188,4.665027469396591,0.0,0.0,1.5458385646343231,1.0,3.0,5.0,11.0,7.0,16.0,5.0,14.0,4.0,1.0,9.0,1.1951345205307007,-1.2071757316589355,0.0,-1.5225201845169067,-0.5763524174690247,-23.59531993074084,5.860161989927292,0.0,0.0,0.9694861471652985,1.0,4.0,6.0,12.0,8.0,17.0,6.0,15.0,5.0,1.0,0.0
10189,5.860161989927292,0.0,0.0,0.9694861471652985,1.0,4.0,6.0,12.0,8.0,17.0,6.0,15.0,5.0,1.0,9.0,0.759753406047821,0.3020133078098297,3.0,-1.2881051301956177,-0.28012752532958984,-18.369295743209975,6.619915395975113,0.3020133078098297,0.0,0.6893586218357086,2.0,5.0,7.0,1.0,9.0,18.0,7.0,16.0,6.0,1.0,0.0
10190,6.619915395975113,0.3020133078098297,0.0,0.6893586218357086,2.0,5.0,7.0,1.0,9.0,18.0,7.0,16.0,6.0,1.0,0.0,0.677273154258728,-1.0524853467941284,8.0,-1.891339659690857,-0.7778469920158386,-27.979254677065825,7.297188550233841,0.0,0.0,0.0,1.0,6.0,8.0,2.0,10.0,19.0,8.0,17.0,1.0,2.0,0.0
10191,7.297188550233841,0.0,0.0,0.0,1.0,6.0,8.0,2.0,10.0,19.0,8.0,17.0,1.0,2.0,0.0,0.3322209417819977,-1.2742563486099243,8.0,-1.0542346239089966,-0.39068129658699036,-27.78245001485292,7.629409492015839,0.0,0.0,0.0,1.0,7.0,9.0,3.0,11.0,20.0,9.0,18.0,1.0,3.0,0.0
10192,7.629409492015839,0.0,0.0,0.0,1.0,7.0,9.0,3.0,11.0,20.0,9.0,18.0,1.0,3.0,0.0,0.8131574988365173,0.7202745079994202,8.0,-1.7876839637756348,0.7164342999458313,-25.242505813608226,8.442566990852356,0.7202745079994202,0.0,0.7164342999458313,1.0,8.0,10.0,4.0,12.0,21.0,10.0,19.0,1.0,4.0,0.0
10193,8.442566990852356,0.7202745079994202,0.0,0.7164342999458313,1.0,8.0,10.0,4.0,12.0,21.0,10.0,19.0,1.0,4.0,4.0,1.169920802116394,-1.0068928003311157,9.0,-1.4336278438568115,0.8098639845848083,-20.092271791118034,9.61248779296875,0.0,0.0,1.5262982845306396,2.0,9.0,11.0,5.0,1.0,22.0,11.0,20.0,2.0,1.0,0.0
10194,9.61248779296875,0.0,0.0,1.5262982845306396,2.0,9.0,11.0,5.0,1.0,22.0,11.0,20.0,2.0,1.0,8.0,-1.4256362915039062,-1.6059409379959106,8.0,-1.7946761846542358,-0.7248151302337646,-36.79344925388097,8.186851501464844,0.0,0.0,0.801483154296875,3.0,10.0,12.0,6.0,2.0,23.0,12.0,21.0,1.0,2.0,0.0
10195,8.186851501464844,0.0,0.0,0.801483154296875,3.0,10.0,12.0,6.0,2.0,23.0,12.0,21.0,1.0,2.0,0.0,0.03480759263038635,-1.595712423324585,5.0,-1.2592474222183228,-0.23488683998584747,-31.43991060269471,8.22165909409523,0.0,0.0,0.5665963143110275,1.0,11.0,13.0,7.0,3.0,1.0,13.0,22.0,2.0,3.0,0.0
10196,8.22165909409523,0.0,0.0,0.5665963143110275,1.0,11.0,13.0,7.0,3.0,1.0,13.0,22.0,2.0,3.0,4.0,-1.5111726522445679,-0.3638472855091095,2.0,0.7919034361839294,0.9923387765884399,-15.779580044913708,6.710486441850662,0.0,0.7919034361839294,1.5589350908994675,2.0,12.0,1.0,8.0,1.0,2.0,14.0,23.0,3.0,4.0,0.0
10197,6.710486441850662,0.0,0.7919034361839294,1.5589350908994675,2.0,12.0,1.0,8.0,1.0,2.0,14.0,23.0,3.0,4.0,2.0,-1.8770571947097778,0.9012182354927063,5.0,-1.856938362121582,1.7709465026855469,-22.093596304391674,4.833429247140884,0.9012182354927063,0.0,3.3298815935850143,3.0,13.0,1.0,9.0,2.0,1.0,15.0,24.0,4.0,5.0,0.0
10198,4.833429247140884,0.9012182354927063,0.0,3.3298815935850143,3.0,13.0,1.0,9.0,2.0,1.0,15.0,24.0,4.0,5.0,7.0,-1.919692039489746,0.36876049637794495,1.0,-0.36569660902023315,0.6429883241653442,-11.951505467370993,2.9137372076511383,1.2699787318706512,0.0,3.9728699177503586,4.0,1.0,2.0,10.0,3.0,2.0,16.0,1.0,5.0,6.0,0.0
10199,2.9137372076511383,1.2699787318706512,0.0,3.9728699177503586,4.0,1.0,2.0,10.0,3.0,2.0,16.0,1.0,5.0,6.0,3.0,1.7498799562454224,1.1398115158081055,6.0,0.6363521814346313,-0.8751317858695984,-12.321541495889202,4.663617163896561,2.4097902476787567,0.6363521814346313,3.09773813188076,5.0,2.0,3.0,1.0,4.0,3.0,1.0,2.0,6.0,7.0,1.0
10200,8.682385444641113,0.1501942127943039,1.0574421882629395,3.760570764541626,1.0,1.0,1.0,1.0,1.0,1.0,1.0,1.0,1.0,1.0,4.0,-1.8962440490722656,-1.0790706872940063,2.0,-1.9657518863677979,-0.9951204061508179,-17.781983733036704,6.786141395568848,0.0,0.0,2.765450358390808,2.0,2.0,1.0,2.0,1.0,2.0,2.0,2.0,2.0,2.0,0.0
10201,6.786141395568848,0.0,0.0,2.765450358390808,2.0,2.0,1.0,2.0,1.0,2.0,2.0,2.0,2.0,2.0,8.0,-1.9195897579193115,-1.3459126949310303,0.0,-1.8017102479934692,-1.1012303829193115,-23.41027541005441,4.866551637649536,0.0,0.0,1.6642199754714966,1.0,3.0,2.0,3.0,2.0,3.0,3.0,3.0,1.0,3.0,0.0
10202,4.866551637649536,0.0,0.0,1.6642199754714966,1.0,3.0,2.0,3.0,2.0,3.0,3.0,3.0,1.0,3.0,4.0,-0.8924433588981628,-0.15714243054389954,8.0,-1.8954237699508667,0.6779882311820984,-19.72052247001862,3.9741082787513733,0.0,0.0,2.342208206653595,2.0,4.0,3.0,4.0,1.0,4.0,4.0,4.0,1.0,4.0,0.0
10203,3.9741082787513733,0.0,0.0,2.342208206653595,2.0,4.0,3.0,4.0,1.0,4.0,4.0,4.0,1.0,4.0,9.0,-1.487269639968872,-1.4386746883392334,6.0,-1.862082839012146,-1.506332278251648,-27.652763656510693,2.486838638782501,0.0,0.0,0.835875928401947,3.0,5.0,4.0,5.0,2.0,5.0,1.0,5.0,2.0,1.0,0.0
10204,2.486838638782501,0.0,0.0,0.835875928401947,3.0,5.0,4.0,5.0,2.0,5.0,1.0,5.0,2.0,1.0,5.0,1.0390704870224,-0.8565136194229126,0.0,-1.7426202297210693,0.22664663195610046,-21.217974152178275,3.525909125804901,0.0,0.0,1.0625225603580475,1.0,6.0,5.0,6.0,3.0,1.0,2.0,6.0,3.0,2.0,0.0
10205,3.525909125804901,0.0,0.0,1.0625225603580475,1.0,6.0,5.0,6.0,3.0,1.0,2.0,6.0,3.0,2.0,9.0,-1.2651500701904297,-1.7097103595733643,2.0,-1.7987937927246094,-0.12013689428567886,-28.317670154215755,2.2607590556144714,0.0,0.0,0.9423856660723686,2.0,7.0,1.0,7.0,4.0,2.0,3.0,7.0,4.0,1.0,0.0
10206,2.2607590556144714,0.0,0.0,0.9423856660723686,2.0,7.0,1.0,7.0,4.0,2.0,3.0,7.0,4.0,1.0,9.0,0.39521148800849915,0.306741863489151,3.0,-0.8441818952560425,0.24357186257839203,-11.20597802932413,2.6559705436229706,0.306741863489151,0.0,1.1859575286507607,3.0,8.0,2.0,1.0,5.0,3.0,4.0,8.0,5.0,1.0,0.0
10207,2.6559705436229706,0.306741863489151,0.0,1.1859575286507607,3.0,8.0,2.0,1.0,5.0,3.0,4.0,8.0,5.0,1.0,4.0,-0.26062026619911194,-0.5790902972221375,8.0,-1.5051721334457397,-1.1444138288497925,-22.550769321737217,2.3953502774238586,0.0,0.0,0.04154369980096817,4.0,9.0,3.0,2.0,1.0,4.0,5.0,9.0,1.0,2.0,0.0
10208,2.3953502774238586,0.0,0.0,0.04154369980096817,4.0,9.0,3.0,2.0,1.0,4.0,5.0,9.0,1.0,2.0,2.0,0.49730414152145386,-1.0747885704040527,8.0,-0.7364710569381714,0.9648588299751282,-23.125228780811234,2.8926544189453125,0.0,0.0,1.0064025297760963,5.0,10.0,1.0,3.0,2.0,5.0,6.0,10.0,1.0,3.0,0.0
10209,2.8926544189453125,0.0,0.0,1.0064025297760963,5.0,10.0,1.0,3.0,2.0,5.0,6.0,10.0,1.0,3.0,2.0,-1.3075520992279053,-0.5131335854530334,8.0,-1.5576345920562744,1.121292233467102,-25.05522680179775,1.5851023197174072,0.0,0.0,2.1276947632431984,6.0,11.0,1.0,4.0,3.0,6.0,7.0,11.0,1.0,4.0,0.0
10210,1.5851023197174072,0.0,0.0,2.1276947632431984,6.0,11.0,1.0,4.0,3.0,6.0,7.0,11.0,1.0,4.0,9.0,-0.852229118347168,-1.147937297821045,8.0,-1.3470773696899414,-1.4098762273788452,-24.274429334009728,0.7328732013702393,0.0,0.0,0.7178185358643532,7.0,12.0,2.0,5.0,4.0,7.0,8.0,12.0,1.0,1.0,0.0
10211,0.7328732013702393,0.0,0.0,0.7178185358643532,7.0,12.0,2.0,5.0,4.0,7.0,8.0,12.0,1.0,1.0,4.0,0.7966204285621643,-0.6040723919868469,1.0,-1.031354308128357,-0.08512981981039047,-22.40000282590419,1.5294936299324036,0.0,0.0,0.6326887160539627,8.0,1.0,3.0,6.0,1.0,8.0,9.0,13.0,2.0,2.0,0.0
10212,1.5294936299324036,0.0,0.0,0.6326887160539627,8.0,1.0,3.0,6.0,1.0,8.0,9.0,13.0,2.0,2.0,2.0,1.2688192129135132,0.14222489297389984,5.0,-1.196237325668335,0.40990322828292847,-22.855991673735225,2.7983128428459167,0.14222489297389984,0.0,1.0425919443368912,9.0,2.0,1.0,7.0,2.0,1.0,10.0,14.0,3.0,3.0,0.0
10213,2.7983128428459167,0.14222489297389984,0.0,1.0425919443368912,9.0,2.0,1.0,7.0,2.0,1.0,10.0,14.0,3.0,3.0,4.0,-1.2299227714538574,0.2149081528186798,0.0,-0.40397152304649353,1.3125319480895996,-12.426394739987309,1.5683900713920593,0.35713304579257965,0.0,2.355123892426491,1.0,3.0,2.0,8.0,1.0,2.0,11.0,15.0,4.0,4.0,0.0
10214,1.5683900713920593,0.35713304579257965,0.0,2.355123892426491,1.0,3.0,2.0,8.0,1.0,2.0,11.0,15.0,4.0,4.0,6.0,-1.6954156160354614,0.41362765431404114,0.0,-1.1704151630401611,0.10458662360906601,-19.309532145586193,0.0,0.7707607001066208,0.0,2.459710516035557,1.0,4.0,3.0,9.0,2.0,3.0,1.0,16.0,5.0,5.0,0.0
10215,0.0,0.7707607001066208,0.0,2.459710516035557,1.0,4.0,3.0,9.0,2.0,3.0,1.0,16.0,5.0,5.0,3.0,1.2459142208099365,-0.14682169258594513,2.0,-1.5917527675628662,-0.8310954570770264,-21.004765402968335,1.2459142208099365,0.6239390075206757,0.0,1.6286150589585304,2.0,5.0,1.0,1.0,3.0,4.0,2.0,17.0,6.0,6.0,0.0
10216,1.2459142208099365,0.6239390075206757,0.0,1.6286150589585304,2.0,5.0,1.0,1.0,3.0,4.0,2.0,17.0,6.0,6.0,9.0,-1.2866207361221313,-1.9360448122024536,8.0,-0.97925865650177,-0.8006636500358582,-21.986861735273894,0.0,0.0,0.0,0.8279514089226723,3.0,6.0,2.0,2.0,4.0,5.0,3.0,18.0,1.0,1.0,0.0
10217,0.0,0.0,0.0,0.8279514089226723,3.0,6.0,2.0,2.0,4.0,5.0,3.0,18.0,1.0,1.0,7.0,1.666575312614441,0.1735679656267166,8.0,-1.363671898841858,-0.31225571036338806,-17.457335022776498,1.666575312614441,0.1735679656267166,0.0,0.5156956985592842,4.0,7.0,3.0,3.0,5.0,6.0,4.0,1.0,1.0,2.0,0.0
10218,1.666575312614441,0.1735679656267166,0.0,0.5156956985592842,4.0,7.0,3.0,3.0,5.0,6.0,4.0,1.0,1.0,2.0,4.0,-0.23238246142864227,0.7963441014289856,1.0,-0.07307802885770798,-0.7634456753730774,-13.23865103830946,1.4341928511857986,0.9699120670557022,0.0,0.0,5.0,1.0,4.0,4.0,1.0,7.0,5.0,2.0,2.0,3.0,0.0
10219,1.4341928511857986,0.9699120670557022,0.0,0.0,5.0,1.0,4.0,4.0,1.0,7.0,5.0,2.0,2.0,3.0,2.0,-0.8082671761512756,-1.2895241975784302,3.0,0.2575053572654724,0.9778518676757812,-14.230698631154237,0.625925675034523,0.0,0.2575053572654724,0.9778518676757812,6.0,2.0,1.0,1.0,2.0,8.0,6.0,3.0,3.0,4.0,0.0
10220,0.625925675034523,0.0,0.2575053572654724,0.9778518676757812,6.0,2.0,1.0,1.0,2.0,8.0,6.0,3.0,3.0,4.0,9.0,-0.7007367610931396,-0.708088219165802,9.0,-0.7479367852210999,-1.45610511302948,-13.703984296855328,0.0,0.0,0.0,0.0,7.0,3.0,2.0,2.0,3.0,9.0,7.0,4.0,4.0,1.0,0.0
10221,0.0,0.0,0.0,0.0,7.0,3.0,2.0,2.0,3.0,9.0,7.0,4.0,4.0,1.0,2.0,-1.3028042316436768,-0.6288101077079773,8.0,-1.6001147031784058,0.4011039733886719,-32.20609415917194,0.0,0.0,0.0,0.4011039733886719,8.0,4.0,1.0,3.0,4.0,10.0,8.0,5.0,1.0,2.0,0.0
10222,0.0,0.0,0.0,0.4011039733886719,8.0,4.0,1.0,3.0,4.0,10.0,8.0,5.0,1.0,2.0,2.0,-0.21889300644397736,-0.2773135304450989,0.0,-1.5108866691589355,0.09869738668203354,-22.02281120432245,0.0,0.0,0.0,0.4998013600707054,1.0,5.0,1.0,4.0,5.0,11.0,9.0,6.0,2.0,3.0,0.0
10223,0.0,0.0,0.0,0.4998013600707054,1.0,5.0,1.0,4.0,5.0,11.0,9.0,6.0,2.0,3.0,2.0,1.4866588115692139,-1.6948976516723633,8.0,0.6482043862342834,-1.2007687091827393,-28.509729591297855,1.4866588115692139,0.0,0.6482043862342834,0.0,2.0,6.0,1.0,5.0,6.0,12.0,10.0,7.0,1.0,4.0,0.0
10224,1.4866588115692139,0.0,0.6482043862342834,0.0,2.0,6.0,1.0,5.0,6.0,12.0,10.0,7.0,1.0,4.0,2.0,1.1841316223144531,0.27439168095588684,6.0,0.47022899985313416,0.007587862201035023,-15.617745028578113,2.670790433883667,0.27439168095588684,1.1184333860874176,0.007587862201035023,3.0,7.0,1.0,6.0,7.0,13.0,1.0,8.0,2.0,5.0,0.0
10225,2.670790433883667,0.27439168095588684,1.1184333860874176,0.007587862201035023,3.0,7.0,1.0,6.0,7.0,13.0,1.0,8.0,2.0,5.0,9.0,1.5782532691955566,0.2234734147787094,8.0,0.6700394749641418,-0.049420904368162155,-11.424868316992194,4.249043703079224,0.49786509573459625,1.7884728610515594,0.0,4.0,8.0,2.0,7.0,8.0,14.0,2.0,9.0,1.0,1.0,0.0
10226,4.249043703079224,0.49786509573459625,1.7884728610515594,0.0,4.0,8.0,2.0,7.0,8.0,14.0,2.0,9.0,1.0,1.0,9.0,1.2048264741897583,1.1479175090789795,0.0,-1.5266989469528198,-1.0275750160217285,-12.966678110428484,5.453870177268982,1.6457826048135757,0.2617739140987396,0.0,1.0,9.0,3.0,8.0,9.0,15.0,3.0,10.0,2.0,1.0,0.0
10227,5.453870177268982,1.6457826048135757,0.2617739140987396,0.0,1.0,9.0,3.0,8.0,9.0,15.0,3.0,10.0,2.0,1.0,1.0,-0.004326337017118931,-1.0082942247390747,1.0,0.47977861762046814,-1.6721423864364624,-18.690766644876188,5.449543840251863,0.637488380074501,0.7415525317192078,0.0,2.0,1.0,4.0,9.0,10.0,16.0,4.0,11.0,3.0,2.0,0.0
10228,5.449543840251863,0.637488380074501,0.7415525317192078,0.0,2.0,1.0,4.0,9.0,10.0,16.0,4.0,11.0,3.0,2.0,0.0,-1.253240704536438,-0.6287203431129456,0.0,-1.0298705101013184,-0.8882055282592773,-12.979275071190202,4.196303135715425,0.008768036961555481,0.0,0.0,1.0,2.0,5.0,10.0,11.0,17.0,5.0,12.0,4.0,3.0,0.0
10229,4.196303135715425,0.008768036961555481,0.0,0.0,1.0,2.0,5.0,10.0,11.0,17.0,5.0,12.0,4.0,3.0,9.0,1.398052453994751,-0.7238565683364868,0.0,-0.9457469582557678,-0.738522469997406,-19.641576203449013,5.594355589710176,0.0,0.0,0.0,1.0,3.0,6.0,11.0,12.0,18.0,6.0,13.0,5.0,1.0,0.0
10230,5.594355589710176,0.0,0.0,0.0,1.0,3.0,6.0,11.0,12.0,18.0,6.0,13.0,5.0,1.0,5.0,1.3453319072723389,-1.1249473094940186,8.0,-0.7983430624008179,0.48717567324638367,-23.249058570710133,6.939687496982515,0.0,0.0,0.48717567324638367,2.0,4.0,7.0,12.0,13.0,1.0,7.0,14.0,1.0,2.0,0.0
10231,6.939687496982515,0.0,0.0,0.48717567324638367,2.0,4.0,7.0,12.0,13.0,1.0,7.0,14.0,1.0,2.0,4.0,0.8196303844451904,0.11424539238214493,0.0,-0.48418980836868286,-0.3168889582157135,-11.065662590246031,7.759317881427705,0.11424539238214493,0.0,0.17028671503067017,1.0,5.0,8.0,13.0,1.0,2.0,8.0,15.0,2.0,3.0,0.0
10232,7.759317881427705,0.11424539238214493,0.0,0.17028671503067017,1.0,5.0,8.0,13.0,1.0,2.0,8.0,15.0,2.0,3.0,7.0,-1.3781760931015015,0.45090797543525696,2.0,-0.5794641971588135,-0.7740975618362427,-15.927018965985692,6.381141788326204,0.5651533678174019,0.0,0.0,2.0,6.0,1.0,14.0,2.0,3.0,9.0,1.0,3.0,4.0,0.0
10233,6.381141788326204,0.5651533678174019,0.0,0.0,2.0,6.0,1.0,14.0,2.0,3.0,9.0,1.0,3.0,4.0,2.0,0.8724725246429443,0.9287484884262085,3.0,0.0969453677535057,1.2181000709533691,-8.773924501877248,7.253614312969148,1.4939018562436104,0.0969453677535057,1.2181000709533691,3.0,7.0,1.0,1.0,3.0,4.0,10.0,2.0,4.0,5.0,0.0
10234,7.253614312969148,1.4939018562436104,0.0969453677535057,1.2181000709533691,3.0,7.0,1.0,1.0,3.0,4.0,10.0,2.0,4.0,5.0,4.0,-1.4818403720855713,0.8479676842689514,8.0,-1.9709407091140747,1.4873608350753784,-17.62557887484075,5.771773940883577,2.341869540512562,0.0,2.7054609060287476,4.0,8.0,2.0,2.0,1.0,5.0,11.0,3.0,1.0,6.0,0.0
10235,5.771773940883577,2.341869540512562,0.0,2.7054609060287476,4.0,8.0,2.0,2.0,1.0,5.0,11.0,3.0,1.0,6.0,2.0,-1.5875147581100464,0.09598719328641891,4.0,-1.4455082416534424,-0.8565180897712708,-19.540051235174587,4.1842591827735305,2.4378567337989807,0.0,1.8489428162574768,5.0,9.0,1.0,3.0,1.0,6.0,12.0,4.0,2.0,7.0,0.0
10236,4.1842591827735305,2.4378567337989807,0.0,1.8489428162574768,5.0,9.0,1.0,3.0,1.0,6.0,12.0,4.0,2.0,7.0,9.0,-1.7066564559936523,-1.5271100997924805,1.0,0.17669905722141266,0.5477828979492188,-8.50235265142189,2.477602726779878,0.9107466340065002,0.17669905722141266,2.3967257142066956,6.0,1.0,2.0,4.0,2.0,7.0,13.0,5.0,3.0,1.0,0.0
10237,2.477602726779878,0.9107466340065002,0.17669905722141266,2.3967257142066956,6.0,1.0,2.0,4.0,2.0,7.0,13.0,5.0,3.0,1.0,5.0,-0.9303943514823914,-1.157784104347229,6.0,-1.5990010499954224,-1.407249927520752,-24.580032531082637,1.5472083752974868,0.0,0.0,0.9894757866859436,7.0,2.0,3.0,5.0,3.0,1.0,1.0,6.0,4.0,2.0,0.0
10238,1.5472083752974868,0.0,0.0,0.9894757866859436,7.0,2.0,3.0,5.0,3.0,1.0,1.0,6.0,4.0,2.0,9.0,-0.6728025078773499,-0.6250811219215393,0.0,-1.0467759370803833,0.146811380982399,-13.624335651401374,0.8744058674201369,0.0,0.0,1.1362871676683426,1.0,3.0,4.0,6.0,4.0,2.0,2.0,7.0,5.0,1.0,0.0
10239,0.8744058674201369,0.0,0.0,1.1362871676683426,1.0,3.0,4.0,6.0,4.0,2.0,2.0,7.0,5.0,1.0,6.0,-1.106257438659668,-0.49257728457450867,3.0,-1.623793601989746,-0.6058301329612732,-24.607164124980144,0.0,0.0,0.0,0.5304570347070694,2.0,4.0,5.0,1.0,5.0,3.0,1.0,8.0,6.0,2.0,0.0
10240,0.0,0.0,0.0,0.5304570347070694,2.0,4.0,5.0,1.0,5.0,3.0,1.0,8.0,6.0,2.0,9.0,-0.07716245204210281,-1.5910537242889404,8.0,-1.612689733505249,1.5999430418014526,-24.739469057387176,0.0,0.0,0.0,2.130400076508522,3.0,5.0,6.0,2.0,6.0,4.0,2.0,9.0,1.0,1.0,0.0
10241,0.0,0.0,0.0,2.130400076508522,3.0,5.0,6.0,2.0,6.0,4.0,2.0,9.0,1.0,1.0,4.0,1.1986291408538818,0.594895601272583,2.0,-1.0440269708633423,-0.6085994243621826,-19.256533640449817,1.1986291408538818,0.594895601272583,0.0,1.5218006521463394,4.0,6.0,1.0,3.0,1.0,5.0,3.0,10.0,2.0,2.0,0.0
10242,1.1986291408538818,0.594895601272583,0.0,1.5218006521463394,4.0,6.0,1.0,3.0,1.0,5.0,3.0,10.0,2.0,2.0,0.0,0.7886692881584167,-1.2545030117034912,8.0,-1.4550031423568726,0.04682239517569542,-19.048454533503524,1.9872984290122986,0.0,0.0,1.5686230473220348,1.0,7.0,2.0,4.0,2.0,6.0,4.0,11.0,1.0,3.0,0.0
10243,1.9872984290122986,0.0,0.0,1.5686230473220348,1.0,7.0,2.0,4.0,2.0,6.0,4.0,11.0,1.0,3.0,4.0,-0.6073765158653259,0.1607566624879837,5.0,-1.7250326871871948,0.40203502774238586,-24.108455624378898,1.3799219131469727,0.1607566624879837,0.0,1.9706580750644207,2.0,8.0,3.0,5.0,1.0,1.0,5.0,12.0,2.0,4.0,0.0
10244,1.3799219131469727,0.1607566624879837,0.0,1.9706580750644207,2.0,8.0,3.0,5.0,1.0,1.0,5.0,12.0,2.0,4.0,3.0,-1.4942553043365479,-1.625115156173706,2.0,-0.9540510773658752,-0.4816010594367981,-25.74929427325248,0.0,0.0,0.0,1.4890570156276226,3.0,9.0,1.0,1.0,2.0,2.0,6.0,13.0,3.0,5.0,0.0
10245,0.0,0.0,0.0,1.4890570156276226,3.0,9.0,1.0,1.0,2.0,2.0,6.0,13.0,3.0,5.0,7.0,-1.0526758432388306,-0.425467848777771,8.0,-1.6431611776351929,1.524797797203064,-24.09944261768937,0.0,0.0,0.0,3.0138548128306866,4.0,10.0,2.0,2.0,3.0,3.0,7.0,1.0,1.0,6.0,0.0
10246,0.0,0.0,0.0,3.0138548128306866,4.0,10.0,2.0,2.0,3.0,3.0,7.0,1.0,1.0,6.0,9.0,-0.20817884802818298,0.41788285970687866,9.0,-1.196183204650879,-1.333073616027832,-13.097154469605403,0.0,0.41788285970687866,0.0,1.6807811968028545,5.0,11.0,3.0,3.0,4.0,4.0,8.0,2.0,2.0,1.0,0.0
10247,0.0,0.41788285970687866,0.0,1.6807811968028545,5.0,11.0,3.0,3.0,4.0,4.0,8.0,2.0,2.0,1.0,2.0,1.5370876789093018,0.13664104044437408,8.0,-1.7503588199615479,0.2671753466129303,-22.464282273645242,1.5370876789093018,0.5545239001512527,0.0,1.9479565434157848,6.0,12.0,1.0,4.0,5.0,5.0,9.0,3.0,1.0,2.0,0.0
10248,1.5370876789093018,0.5545239001512527,0.0,1.9479565434157848,6.0,12.0,1.0,4.0,5.0,5.0,9.0,3.0,1.0,2.0,4.0,-0.5288763642311096,-0.04833102971315384,1.0,-1.5167627334594727,-1.2913810014724731,-20.73084100264534,1.0082113146781921,0.5061928704380989,0.0,0.6565755419433117,7.0,1.0,2.0,5.0,1.0,6.0,10.0,4.0,2.0,3.0,0.0
10249,1.0082113146781921,0.5061928704380989,0.0,0.6565755419433117,7.0,1.0,2.0,5.0,1.0,6.0,10.0,4.0,2.0,3.0,2.0,-1.4588974714279175,-0.715208113193512,6.0,-0.05187247693538666,0.32281169295310974,-20.864620874771905,0.0,0.0,0.0,0.9793872348964214,8.0,2.0,1.0,6.0,2.0,7.0,1.0,5.0,3.0,4.0,0.0
10250,0.0,0.0,0.0,0.9793872348964214,8.0,2.0,1.0,6.0,2.0,7.0,1.0,5.0,3.0,4.0,9.0,0.8951486945152283,1.0055603981018066,0.0,-0.8186634182929993,0.7176811099052429,-9.156710496706559,0.8951486945152283,1.0055603981018066,0.0,1.6970683448016644,1.0,3.0,2.0,7.0,3.0,8.0,2.0,6.0,4.0,1.0,0.0
10251,0.8951486945152283,1.0055603981018066,0.0,1.6970683448016644,1.0,3.0,2.0,7.0,3.0,8.0,2.0,6.0,4.0,1.0,2.0,-1.110830307006836,-0.8308929204940796,0.0,-0.5103979110717773,-1.624885082244873,-15.925619030280444,0.0,0.17466747760772705,0.0,0.0721832625567913,1.0,4.0,1.0,8.0,4.0,9.0,3.0,7.0,5.0,2.0,0.0
10252,0.0,0.17466747760772705,0.0,0.0721832625567913,1.0,4.0,1.0,8.0,4.0,9.0,3.0,7.0,5.0,2.0,9.0,1.550748586654663,0.05107108876109123,0.0,-0.9471103549003601,-1.430964708328247,-15.074652164067157,1.550748586654663,0.22573856636881828,0.0,0.0,1.0,5.0,2.0,9.0,5.0,10.0,4.0,8.0,6.0,1.0,0.0
10253,1.550748586654663,0.22573856636881828,0.0,0.0,1.0,5.0,2.0,9.0,5.0,10.0,4.0,8.0,6.0,1.0,9.0,1.0954912900924683,-0.6412381529808044,3.0,-0.13846203684806824,-0.5372754335403442,-14.157681699738184,2.6462398767471313,0.0,0.0,0.0,2.0,6.0,3.0,1.0,6.0,11.0,5.0,9.0,7.0,1.0,0.0
10254,2.6462398767471313,0.0,0.0,0.0,2.0,6.0,3.0,1.0,6.0,11.0,5.0,9.0,7.0,1.0,2.0,0.803885817527771,-1.4685559272766113,8.0,-1.5394843816757202,-0.00749201001599431,-30.41305202447425,3.4501256942749023,0.0,0.0,0.0,3.0,7.0,1.0,2.0,7.0,12.0,6.0,10.0,1.0,2.0,0.0
10255,3.4501256942749023,0.0,0.0,0.0,3.0,7.0,1.0,2.0,7.0,12.0,6.0,10.0,1.0,2.0,1.0,-1.3800352811813354,-1.466726303100586,8.0,0.407722532749176,0.538981020450592,-19.9119859812118,2.070090413093567,0.0,0.407722532749176,0.538981020450592,4.0,1.0,2.0,3.0,8.0,13.0,7.0,11.0,1.0,3.0,0.0
10256,2.070090413093567,0.0,0.407722532749176,0.538981020450592,4.0,1.0,2.0,3.0,8.0,13.0,7.0,11.0,1.0,3.0,5.0,-0.4916907846927643,-0.18685004115104675,0.0,0.33856624364852905,-0.9683133959770203,-14.05433894710964,1.5783996284008026,0.0,0.7462887763977051,0.0,1.0,2.0,3.0,4.0,9.0,1.0,8.0,12.0,2.0,4.0,0.0
10257,1.5783996284008026,0.0,0.7462887763977051,0.0,1.0,2.0,3.0,4.0,9.0,1.0,8.0,12.0,2.0,4.0,4.0,1.5909273624420166,-0.35069194436073303,8.0,-0.4606080651283264,0.9364624619483948,-14.207356138386247,3.169326990842819,0.0,0.28568071126937866,0.9364624619483948,2.0,3.0,4.0,5.0,1.0,2.0,9.0,13.0,1.0,5.0,0.0
10258,3.169326990842819,0.0,0.28568071126937866,0.9364624619483948,2.0,3.0,4.0,5.0,1.0,2.0,9.0,13.0,1.0,5.0,9.0,-0.7186227440834045,0.8111389875411987,8.0,-0.7135215401649475,-1.817040205001831,-15.920935676058924,2.4507042467594147,0.8111389875411987,0.0,0.0,3.0,4.0,5.0,6.0,2.0,3.0,10.0,14.0,1.0,1.0,0.0
10259,2.4507042467594147,0.8111389875411987,0.0,0.0,3.0,4.0,5.0,6.0,2.0,3.0,10.0,14.0,1.0,1.0,2.0,-1.3734527826309204,-0.8530703186988831,10.0,1.3279674053192139,1.2726750373840332,-11.763637286243904,1.0772514641284943,0.0,1.3279674053192139,1.2726750373840332,4.0,5.0,1.0,7.0,3.0,4.0,11.0,15.0,2.0,2.0,0.0
10260,1.0772514641284943,0.0,1.3279674053192139,1.2726750373840332,4.0,5.0,1.0,7.0,3.0,4.0,11.0,15.0,2.0,2.0,9.0,-1.0223428010940552,1.0812695026397705,0.0,-1.155094861984253,-0.7995254397392273,-7.4047979073804235,0.05490866303443909,1.0812695026397705,0.17287254333496094,0.4731495976448059,1.0,6.0,2.0,8.0,4.0,5.0,12.0,16.0,3.0,1.0,0.0
10261,0.05490866303443909,1.0812695026397705,0.17287254333496094,0.4731495976448059,1.0,6.0,2.0,8.0,4.0,5.0,12.0,16.0,3.0,1.0,5.0,1.2446296215057373,0.31662851572036743,0.0,0.7967259287834167,0.47633546590805054,-11.721672311274919,1.2995382845401764,1.397898018360138,0.9695984721183777,0.9494850635528564,1.0,7.0,3.0,9.0,5.0,1.0,13.0,17.0,4.0,2.0,0.0
10262,1.2995382845401764,1.397898018360138,0.9695984721183777,0.9494850635528564,1.0,7.0,3.0,9.0,5.0,1.0,13.0,17.0,4.0,2.0,9.0,-0.5988269448280334,-0.4020858705043793,6.0,0.8938047885894775,0.02044624462723732,-10.936885994875162,0.7007113397121429,0.9958121478557587,1.8634032607078552,0.9699313081800938,2.0,8.0,4.0,10.0,6.0,2.0,1.0,18.0,5.0,1.0,0.0
10263,0.7007113397121429,0.9958121478557587,1.8634032607078552,0.9699313081800938,2.0,8.0,4.0,10.0,6.0,2.0,1.0,18.0,5.0,1.0,9.0,1.5676555633544922,-0.7976192831993103,0.0,-0.3973294198513031,-0.6772413849830627,-7.462858575384645,2.268366903066635,0.19819286465644836,1.4660738408565521,0.292689923197031,1.0,9.0,5.0,11.0,7.0,3.0,2.0,19.0,6.0,1.0,0.0
10264,2.268366903066635,0.19819286465644836,1.4660738408565521,0.292689923197031,1.0,9.0,5.0,11.0,7.0,3.0,2.0,19.0,6.0,1.0,3.0,-0.09828626364469528,-0.7325497269630432,2.0,0.08339858800172806,-0.12585771083831787,-17.5252563426148,2.17008063942194,0.0,1.5494724288582802,0.16683221235871315,2.0,10.0,1.0,1.0,8.0,4.0,3.0,20.0,7.0,2.0,0.0
10265,2.17008063942194,0.0,1.5494724288582802,0.16683221235871315,2.0,10.0,1.0,1.0,8.0,4.0,3.0,20.0,7.0,2.0,4.0,0.014381160959601402,-1.2883789539337158,8.0,-1.5431404113769531,1.1850873231887817,-20.189644606696056,2.1844618003815413,0.0,0.006332017481327057,1.3519195355474949,3.0,11.0,2.0,2.0,1.0,5.0,4.0,21.0,1.0,3.0,0.0
10266,2.1844618003815413,0.0,0.006332017481327057,1.3519195355474949,3.0,11.0,2.0,2.0,1.0,5.0,4.0,21.0,1.0,3.0,3.0,0.6977609395980835,1.6694347858428955,2.0,-1.4296469688415527,-0.8581529259681702,-21.80958492058644,2.8822227399796247,1.6694347858428955,0.0,0.4937666095793247,4.0,12.0,1.0,1.0,2.0,6.0,5.0,22.0,2.0,4.0,0.0
10267,2.8822227399796247,1.6694347858428955,0.0,0.4937666095793247,4.0,12.0,1.0,1.0,2.0,6.0,5.0,22.0,2.0,4.0,7.0,-0.5514326095581055,-1.136216163635254,8.0,-1.7219892740249634,1.2530170679092407,-18.434172643101185,2.3307901304215193,0.5332186222076416,0.0,1.7467836774885654,5.0,13.0,2.0,2.0,3.0,7.0,6.0,1.0,1.0,5.0,0.0
10268,2.3307901304215193,0.5332186222076416,0.0,1.7467836774885654,5.0,13.0,2.0,2.0,3.0,7.0,6.0,1.0,1.0,5.0,9.0,-1.4877201318740845,0.9164698719978333,1.0,-1.9231767654418945,-1.3564122915267944,-18.01233854271028,0.8430699985474348,1.4496884942054749,0.0,0.390371385961771,6.0,1.0,3.0,3.0,4.0,8.0,7.0,2.0,2.0,1.0,0.0
10269,0.8430699985474348,1.4496884942054749,0.0,0.390371385961771,6.0,1.0,3.0,3.0,4.0,8.0,7.0,2.0,2.0,1.0,2.0,-0.9720848202705383,-1.0162025690078735,0.0,-0.2210686355829239,-0.27576392889022827,-13.16776980495507,0.0,0.4334859251976013,0.0,0.11460745707154274,1.0,2.0,1.0,4.0,5.0,9.0,8.0,3.0,3.0,2.0,0.0
10270,0.0,0.4334859251976013,0.0,0.11460745707154274,1.0,2.0,1.0,4.0,5.0,9.0,8.0,3.0,3.0,2.0,9.0,1.7000322341918945,0.7933796048164368,6.0,-0.7377911806106567,-0.08672651648521423,-15.004826057954414,1.7000322341918945,1.226865530014038,0.0,0.027880940586328506,2.0,3.0,2.0,5.0,6.0,10.0,1.0,4.0,4.0,1.0,0.0
10271,1.7000322341918945,1.226865530014038,0.0,0.027880940586328506,2.0,3.0,2.0,5.0,6.0,10.0,1.0,4.0,4.0,1.0,9.0,0.19462555646896362,-1.7135547399520874,3.0,-1.0692341327667236,0.46564653515815735,-15.734038445089775,1.8946577906608582,0.0,0.0,0.49352747574448586,3.0,4.0,3.0,1.0,7.0,11.0,2.0,5.0,5.0,1.0,0.0
10272,1.8946577906608582,0.0,0.0,0.49352747574448586,3.0,4.0,3.0,1.0,7.0,11.0,2.0,5.0,5.0,1.0,0.0,0.15685129165649414,0.0208332147449255,8.0,-1.455273151397705,0.31628039479255676,-16.779449366959398,2.0515090823173523,0.0208332147449255,0.0,0.8098078705370426,1.0,5.0,4.0,2.0,8.0,12.0,3.0,6.0,1.0,2.0,0.0
10273,2.0515090823173523,0.0208332147449255,0.0,0.8098078705370426,1.0,5.0,4.0,2.0,8.0,12.0,3.0,6.0,1.0,2.0,0.0,1.2102073431015015,-0.8144524097442627,8.0,-0.7165980935096741,-0.8599259853363037,-18.69389717317228,3.2617164254188538,0.0,0.0,0.0,1.0,6.0,5.0,3.0,9.0,13.0,4.0,7.0,1.0,3.0,0.0
10274,3.2617164254188538,0.0,0.0,0.0,1.0,6.0,5.0,3.0,9.0,13.0,4.0,7.0,1.0,3.0,9.0,0.946856677532196,-1.475820541381836,8.0,-1.2385106086730957,-0.8564570546150208,-27.38620674720882,4.20857310295105,0.0,0.0,0.0,2.0,7.0,6.0,4.0,10.0,14.0,5.0,8.0,1.0,1.0,0.0
10275,4.20857310295105,0.0,0.0,0.0,2.0,7.0,6.0,4.0,10.0,14.0,5.0,8.0,1.0,1.0,4.0,-0.4658592939376831,-1.755110263824463,9.0,-1.0118534564971924,0.7371969223022461,-23.602598091538113,3.7427138090133667,0.0,0.0,0.7371969223022461,3.0,8.0,7.0,5.0,1.0,15.0,6.0,9.0,2.0,1.0,0.0
10276,3.7427138090133667,0.0,0.0,0.7371969223022461,3.0,8.0,7.0,5.0,1.0,15.0,6.0,9.0,2.0,1.0,9.0,1.2426739931106567,-0.5043242573738098,5.0,-0.6269211173057556,-0.42433103919029236,-19.38944622703764,4.985387802124023,0.0,0.0,0.31286588311195374,4.0,9.0,8.0,6.0,2.0,1.0,7.0,10.0,3.0,1.0,0.0
10277,4.985387802124023,0.0,0.0,0.31286588311195374,4.0,9.0,8.0,6.0,2.0,1.0,7.0,10.0,3.0,1.0,2.0,-1.642137050628662,-1.5578546524047852,0.0,-1.36225426197052,0.2204413264989853,-24.995260531468197,3.3432507514953613,0.0,0.0,0.533307209610939,1.0,10.0,1.0,7.0,3.0,2.0,8.0,11.0,4.0,2.0,0.0
10278,3.3432507514953613,0.0,0.0,0.533307209610939,1.0,10.0,1.0,7.0,3.0,2.0,8.0,11.0,4.0,2.0,4.0,0.07081170380115509,-0.25124531984329224,1.0,-0.8320013880729675,0.10317222028970718,-17.469222115997376,3.4140624552965164,0.0,0.0,0.6364794299006462,2.0,1.0,2.0,8.0,1.0,3.0,9.0,12.0,5.0,3.0,0.0
10279,3.4140624552965164,0.0,0.0,0.6364794299006462,2.0,1.0,2.0,8.0,1.0,3.0,9.0,12.0,5.0,3.0,8.0,-0.19196833670139313,0.41728848218917847,0.0,-1.5310959815979004,-1.0707474946975708,-17.819000435024357,3.2220941185951233,0.41728848218917847,0.0,0.0,1.0,2.0,3.0,9.0,2.0,4.0,10.0,13.0,1.0,4.0,0.0
10280,3.2220941185951233,0.41728848218917847,0.0,0.0,1.0,2.0,3.0,9.0,2.0,4.0,10.0,13.0,1.0,4.0,9.0,-1.5465106964111328,0.9402216672897339,0.0,0.9425492286682129,-0.16778656840324402,-7.158124636161692,1.6755834221839905,1.3575101494789124,0.9425492286682129,0.0,1.0,3.0,4.0,10.0,3.0,5.0,11.0,14.0,2.0,1.0,0.0
10281,1.6755834221839905,1.3575101494789124,0.9425492286682129,0.0,1.0,3.0,4.0,10.0,3.0,5.0,11.0,14.0,2.0,1.0,4.0,1.1348137855529785,1.1291075944900513,3.0,-0.9347463250160217,-0.3370004892349243,-12.484656230065,2.810397207736969,2.4866177439689636,0.007802903652191162,0.0,2.0,4.0,5.0,1.0,1.0,6.0,12.0,15.0,3.0,2.0,0.0
10282,2.810397207736969,2.4866177439689636,0.007802903652191162,0.0,2.0,4.0,5.0,1.0,1.0,6.0,12.0,15.0,3.0,2.0,4.0,-1.7360862493515015,-1.8022541999816895,6.0,-0.7657826542854309,0.7400963306427002,-20.38785919195978,1.0743109583854675,0.6843635439872742,0.0,0.7400963306427002,3.0,5.0,6.0,2.0,1.0,7.0,1.0,16.0,4.0,3.0,0.0
10283,1.0743109583854675,0.6843635439872742,0.0,0.7400963306427002,3.0,5.0,6.0,2.0,1.0,7.0,1.0,16.0,4.0,3.0,0.0,-1.120531439781189,-1.844245195388794,8.0,-1.3510140180587769,0.24667717516422272,-23.21367040702984,0.0,0.0,0.0,0.9867735058069229,1.0,6.0,7.0,3.0,2.0,8.0,2.0,17.0,1.0,4.0,0.0
10284,0.0,0.0,0.0,0.9867735058069229,1.0,6.0,7.0,3.0,2.0,8.0,2.0,17.0,1.0,4.0,9.0,1.3175500631332397,-0.6301025748252869,5.0,-1.2435016632080078,-1.2181828022003174,-22.872499659017414,1.3175500631332397,0.0,0.0,0.0,2.0,7.0,8.0,4.0,3.0,1.0,3.0,18.0,2.0,1.0,0.0
10285,1.3175500631332397,0.0,0.0,0.0,2.0,7.0,8.0,4.0,3.0,1.0,3.0,18.0,2.0,1.0,0.0,-0.5078495740890503,0.34388798475265503,2.0,-0.4878232479095459,-0.3549920916557312,-15.618843481884682,0.8097004890441895,0.34388798475265503,0.0,0.0,1.0,8.0,1.0,5.0,4.0,2.0,4.0,19.0,3.0,2.0,0.0
10286,0.8097004890441895,0.34388798475265503,0.0,0.0,1.0,8.0,1.0,5.0,4.0,2.0,4.0,19.0,3.0,2.0,7.0,0.41061097383499146,0.08164878189563751,1.0,-0.7710518836975098,0.5210967659950256,-13.497150641027623,1.220311462879181,0.42553676664829254,0.0,0.5210967659950256,2.0,1.0,2.0,6.0,5.0,3.0,5.0,1.0,4.0,3.0,0.0
10287,1.220311462879181,0.42553676664829254,0.0,0.5210967659950256,2.0,1.0,2.0,6.0,5.0,3.0,5.0,1.0,4.0,3.0,9.0,-0.3775706887245178,-0.2140597105026245,0.0,-1.2866315841674805,0.4805789291858673,-11.820386819206337,0.8427407741546631,0.21147705614566803,0.0,1.001675695180893,1.0,2.0,3.0,7.0,6.0,4.0,6.0,2.0,5.0,1.0,0.0
10288,0.8427407741546631,0.21147705614566803,0.0,1.001675695180893,1.0,2.0,3.0,7.0,6.0,4.0,6.0,2.0,5.0,1.0,4.0,-1.0332579612731934,0.5370072722434998,8.0,-1.5390816926956177,-0.7208700776100159,-23.442261259457517,0.0,0.7484843283891678,0.0,0.2808056175708771,2.0,3.0,4.0,8.0,1.0,5.0,7.0,3.0,1.0,2.0,0.0
10289,0.0,0.7484843283891678,0.0,0.2808056175708771,2.0,3.0,4.0,8.0,1.0,5.0,7.0,3.0,1.0,2.0,8.0,-0.6160343289375305,0.6157602667808533,10.0,-0.19535446166992188,0.12619785964488983,-12.792124768099534,0.0,1.364244595170021,0.0,0.4070034772157669,3.0,4.0,5.0,9.0,2.0,6.0,8.0,4.0,1.0,3.0,0.0
10290,0.0,1.364244595170021,0.0,0.4070034772157669,3.0,4.0,5.0,9.0,2.0,6.0,8.0,4.0,1.0,3.0,9.0,-0.7872952818870544,-0.5412859916687012,3.0,-1.0223450660705566,1.7090293169021606,-15.92187426187273,0.0,0.8229586035013199,0.0,2.1160327941179276,4.0,5.0,6.0,1.0,3.0,7.0,9.0,5.0,2.0,1.0,0.0
10291,0.0,0.8229586035013199,0.0,2.1160327941179276,4.0,5.0,6.0,1.0,3.0,7.0,9.0,5.0,2.0,1.0,8.0,0.3162291347980499,-1.7067440748214722,5.0,-1.5682154893875122,1.0522363185882568,-28.085473755423536,0.3162291347980499,0.0,0.0,3.1682691127061844,5.0,6.0,7.0,2.0,4.0,1.0,10.0,6.0,1.0,2.0,0.0
10292,0.3162291347980499,0.0,0.0,3.1682691127061844,5.0,6.0,7.0,2.0,4.0,1.0,10.0,6.0,1.0,2.0,4.0,-1.6502994298934937,-1.3898377418518066,2.0,-1.2345457077026367,-1.0762320756912231,-31.69829367180299,0.0,0.0,0.0,2.0920370370149612,6.0,7.0,1.0,3.0,1.0,2.0,11.0,7.0,2.0,3.0,0.0
10293,0.0,0.0,0.0,2.0920370370149612,6.0,7.0,1.0,3.0,1.0,2.0,11.0,7.0,2.0,3.0,2.0,1.1837091445922852,0.15796534717082977,6.0,-1.6560306549072266,1.2217227220535278,-25.762843267154228,1.1837091445922852,0.15796534717082977,0.0,3.313759759068489,7.0,8.0,1.0,4.0,2.0,3.0,1.0,8.0,3.0,4.0,0.0
10294,1.1837091445922852,0.15796534717082977,0.0,3.313759759068489,7.0,8.0,1.0,4.0,2.0,3.0,1.0,8.0,3.0,4.0,8.0,-1.3791613578796387,0.47923681139945984,0.0,-1.7442867755889893,-1.4578571319580078,-19.551106163536236,0.0,0.6372021585702896,0.0,1.8559026271104813,1.0,9.0,2.0,5.0,3.0,4.0,2.0,9.0,1.0,5.0,0.0
10295,0.0,0.6372021585702896,0.0,1.8559026271104813,1.0,9.0,2.0,5.0,3.0,4.0,2.0,9.0,1.0,5.0,9.0,0.07833869755268097,-1.8466333150863647,1.0,0.484794020652771,-1.4619102478027344,-14.687596372532134,0.07833869755268097,0.0,0.484794020652771,0.3939923793077469,2.0,1.0,3.0,6.0,4.0,5.0,3.0,10.0,2.0,1.0,0.0
10296,0.07833869755268097,0.0,0.484794020652771,0.3939923793077469,2.0,1.0,3.0,6.0,4.0,5.0,3.0,10.0,2.0,1.0,4.0,1.0111823081970215,1.8166483640670776,0.0,-0.05647564306855202,-0.1920659989118576,-8.868304529859582,1.0895210057497025,1.8166483640670776,0.428318377584219,0.20192638039588928,1.0,2.0,4.0,7.0,1.0,6.0,4.0,11.0,3.0,2.0,0.0
10297,1.0895210057497025,1.8166483640670776,0.428318377584219,0.20192638039588928,1.0,2.0,4.0,7.0,1.0,6.0,4.0,11.0,3.0,2.0,7.0,0.8030746579170227,0.2309010922908783,0.0,-1.4569653272628784,0.513054609298706,-11.67372342910355,1.8925956636667252,2.047549456357956,0.0,0.7149809896945953,1.0,3.0,5.0,8.0,2.0,7.0,5.0,1.0,4.0,3.0,0.0
10298,1.8925956636667252,2.047549456357956,0.0,0.7149809896945953,1.0,3.0,5.0,8.0,2.0,7.0,5.0,1.0,4.0,3.0,9.0,0.4966306984424591,-1.1748874187469482,3.0,-1.4897748231887817,0.5143529772758484,-13.986000363796252,2.3892263621091843,0.8726620376110077,0.0,1.2293339669704437,2.0,4.0,6.0,1.0,3.0,8.0,6.0,2.0,5.0,1.0,0.0
10299,2.3892263621091843,0.8726620376110077,0.0,1.2293339669704437,2.0,4.0,6.0,1.0,3.0,8.0,6.0,2.0,5.0,1.0,8.0,0.3320261538028717,-0.9926924109458923,8.0,-1.1527225971221924,0.866685688495636,-18.808100250928575,2.721252515912056,0.0,0.0,2.0960196554660797,3.0,5.0,7.0,2.0,4.0,9.0,7.0,3.0,1.0,2.0,1.0
10300,0.9606299996376038,1.1873040199279785,3.179447650909424,9.507927894592285,1.0,1.0,1.0,1.0,1.0,1.0,1.0,1.0,1.0,1.0,4.0,-0.9516372680664062,0.5693365931510925,2.0,-1.9643014669418335,-1.9518954753875732,-9.307690198522568,0.00899273157119751,1.756640613079071,1.2151461839675903,7.556032419204712,2.0,2.0,1.0,2.0,1.0,2.0,2.0,2.0,2.0,2.0,0.0
10301,0.00899273157119751,1.756640613079071,1.2151461839675903,7.556032419204712,2.0,2.0,1.0,2.0,1.0,2.0,2.0,2.0,2.0,2.0,9.0,0.9695619344711304,-1.4235857725143433,2.0,-1.666061520576477,-1.9451344013214111,-9.064118927633677,0.9785546660423279,0.3330548405647278,0.0,5.610898017883301,3.0,3.0,1.0,3.0,2.0,3.0,3.0,3.0,3.0,1.0,0.0
10302,0.9785546660423279,0.3330548405647278,0.0,5.610898017883301,3.0,3.0,1.0,3.0,2.0,3.0,3.0,3.0,3.0,1.0,9.0,0.8015454411506653,0.4151771068572998,0.0,-1.7154064178466797,-1.155585765838623,-13.639532482948777,1.7801001071929932,0.7482319474220276,0.0,4.455312252044678,1.0,4.0,2.0,4.0,3.0,4.0,4.0,4.0,4.0,1.0,0.0
10303,1.7801001071929932,0.7482319474220276,0.0,4.455312252044678,1.0,4.0,2.0,4.0,3.0,4.0,4.0,4.0,4.0,1.0,9.0,-0.13438330590724945,0.08204460889101028,2.0,-1.6070377826690674,-1.54840886592865,-16.984361724306936,1.6457168012857437,0.8302765563130379,0.0,2.906903386116028,2.0,5.0,1.0,5.0,4.0,5.0,5.0,5.0,5.0,1.0,0.0
10304,1.6457168012857437,0.8302765563130379,0.0,2.906903386116028,2.0,5.0,1.0,5.0,4.0,5.0,5.0,5.0,5.0,1.0,4.0,-1.5978187322616577,0.3219841718673706,0.0,-1.354915738105774,-1.5546871423721313,-17.280037647272113,0.047898069024086,1.1522607281804085,0.0,1.3522162437438965,1.0,6.0,2.0,6.0,1.0,6.0,6.0,6.0,6.0,2.0,0.0
10305,0.047898069024086,1.1522607281804085,0.0,1.3522162437438965,1.0,6.0,2.0,6.0,1.0,6.0,6.0,6.0,6.0,2.0,2.0,-0.06067606806755066,-1.1234992742538452,8.0,0.24133138358592987,0.24329468607902527,-15.456392950811368,0.0,0.028761453926563263,0.24133138358592987,1.5955109298229218,2.0,7.0,1.0,7.0,2.0,7.0,7.0,7.0,1.0,3.0,0.0
10306,0.0,0.028761453926563263,0.24133138358592987,1.5955109298229218,2.0,7.0,1.0,7.0,2.0,7.0,7.0,7.0,1.0,3.0,2.0,0.6602240800857544,1.1668097972869873,3.0,0.6290972828865051,0.6247387528419495,-11.429875623790712,0.6602240800857544,1.1955712512135506,0.870428666472435,2.220249682664871,3.0,8.0,1.0,1.0,3.0,8.0,8.0,8.0,2.0,4.0,0.0
10307,0.6602240800857544,1.1955712512135506,0.870428666472435,2.220249682664871,3.0,8.0,1.0,1.0,3.0,8.0,8.0,8.0,2.0,4.0,2.0,1.4132368564605713,0.8698179721832275,8.0,-0.141556516289711,-0.7187161445617676,-12.478554439843158,2.0734609365463257,2.065389223396778,0.728872150182724,1.5015335381031036,4.0,9.0,1.0,2.0,4.0,9.0,9.0,9.0,1.0,5.0,0.0
10308,2.0734609365463257,2.065389223396778,0.728872150182724,1.5015335381031036,4.0,9.0,1.0,2.0,4.0,9.0,9.0,9.0,1.0,5.0,4.0,0.17474859952926636,0.357780396938324,8.0,-0.23371852934360504,-0.7405266165733337,-13.078748364518152,2.248209536075592,2.423169620335102,0.49515362083911896,0.7610069215297699,5.0,10.0,2.0,3.0,1.0,10.0,10.0,10.0,1.0,6.0,0.0
10309,2.248209536075592,2.423169620335102,0.49515362083911896,0.7610069215297699,5.0,10.0,2.0,3.0,1.0,10.0,10.0,10.0,1.0,6.0,9.0,-1.7383922338485718,-1.4743003845214844,8.0,-0.4639798104763031,1.05119788646698,-10.615968404032483,0.5098173022270203,0.9488692358136177,0.031173810362815857,1.8122048079967499,6.0,11.0,3.0,4.0,2.0,11.0,11.0,11.0,1.0,1.0,0.0
10310,0.5098173022270203,0.9488692358136177,0.031173810362815857,1.8122048079967499,6.0,11.0,3.0,4.0,2.0,11.0,11.0,11.0,1.0,1.0,2.0,-0.9132770299911499,0.8971901535987854,1.0,0.46135491132736206,0.19813813269138336,-16.505802536390604,0.0,1.846059389412403,0.4925287216901779,2.0103429406881332,7.0,1.0,1.0,5.0,3.0,12.0,12.0,12.0,2.0,2.0,0.0
10311,0.0,1.846059389412403,0.4925287216901779,2.0103429406881332,7.0,1.0,1.0,5.0,3.0,12.0,12.0,12.0,2.0,2.0,5.0,0.37875068187713623,0.4165686070919037,0.0,-1.6652965545654297,1.1318883895874023,-17.417562692271062,0.37875068187713623,2.262627996504307,0.0,3.1422313302755356,1.0,2.0,2.0,6.0,4.0,1.0,13.0,13.0,3.0,3.0,0.0
10312,0.37875068187713623,2.262627996504307,0.0,3.1422313302755356,1.0,2.0,2.0,6.0,4.0,1.0,13.0,13.0,3.0,3.0,5.0,0.3678220212459564,-1.5305150747299194,5.0,0.9922373294830322,-0.9373541474342346,-16.8995022801194,0.7465727031230927,0.7321129217743874,0.9922373294830322,2.204877182841301,2.0,3.0,3.0,7.0,5.0,1.0,14.0,14.0,4.0,4.0,0.0
10313,0.7465727031230927,0.7321129217743874,0.9922373294830322,2.204877182841301,2.0,3.0,3.0,7.0,5.0,1.0,14.0,14.0,4.0,4.0,2.0,-1.139450192451477,1.4329897165298462,3.0,0.10548366606235504,-0.3940184712409973,-14.610234109951953,0.0,2.1651026383042336,1.0977209955453873,1.8108587116003036,3.0,4.0,1.0,1.0,6.0,2.0,15.0,15.0,5.0,5.0,0.0
10314,0.0,2.1651026383042336,1.0977209955453873,1.8108587116003036,3.0,4.0,1.0,1.0,6.0,2.0,15.0,15.0,5.0,5.0,4.0,1.2318552732467651,-1.3084362745285034,8.0,-0.8327538371086121,1.4108060598373413,-12.630139280888166,1.2318552732467651,0.8566663637757301,0.2649671584367752,3.221664771437645,4.0,5.0,2.0,2.0,1.0,3.0,16.0,16.0,1.0,6.0,0.0
10315,1.2318552732467651,0.8566663637757301,0.2649671584367752,3.221664771437645,4.0,5.0,2.0,2.0,1.0,3.0,16.0,16.0,1.0,6.0,0.0,-0.9351392984390259,-0.8701198697090149,6.0,0.7813605070114136,-0.4334273040294647,-11.349326341468252,0.29671597480773926,0.0,1.0463276654481888,2.7882374674081802,1.0,6.0,3.0,3.0,2.0,4.0,1.0,17.0,2.0,7.0,0.0
10316,0.29671597480773926,0.0,1.0463276654481888,2.7882374674081802,1.0,6.0,3.0,3.0,2.0,4.0,1.0,17.0,2.0,7.0,7.0,-0.16663111746311188,-1.5545992851257324,8.0,-1.7117640972137451,0.41824647784233093,-20.845961259825636,0.13008485734462738,0.0,0.0,3.206483945250511,2.0,7.0,4.0,4.0,3.0,5.0,2.0,1.0,1.0,8.0,0.0
10317,0.13008485734462738,0.0,0.0,3.206483945250511,2.0,7.0,4.0,4.0,3.0,5.0,2.0,1.0,1.0,8.0,9.0,-0.9369848370552063,1.4718042612075806,4.0,-0.7407175302505493,-1.7843974828720093,-17.509943230959422,0.0,1.4718042612075806,0.0,1.422086462378502,3.0,8.0,5.0,5.0,1.0,6.0,3.0,2.0,2.0,1.0,0.0
10318,0.0,1.4718042612075806,0.0,1.422086462378502,3.0,8.0,5.0,5.0,1.0,6.0,3.0,2.0,2.0,1.0,1.0,0.8344917297363281,-1.6675556898117065,3.0,-0.16777591407299042,-0.14908041059970856,-10.897970955706473,0.8344917297363281,0.0,0.0,1.2730060517787933,4.0,1.0,6.0,1.0,2.0,7.0,4.0,3.0,3.0,2.0,0.0
10319,0.8344917297363281,0.0,0.0,1.2730060517787933,4.0,1.0,6.0,1.0,2.0,7.0,4.0,3.0,3.0,2.0,0.0,0.1955069899559021,-1.7349269390106201,0.0,-1.251274585723877,-1.5394307374954224,-20.473275432133576,1.0299987196922302,0.0,0.0,0.0,1.0,2.0,7.0,2.0,3.0,8.0,5.0,4.0,4.0,3.0,0.0
10320,1.0299987196922302,0.0,0.0,0.0,1.0,2.0,7.0,2.0,3.0,8.0,5.0,4.0,4.0,3.0,0.0,0.3390045464038849,-1.1242984533309937,6.0,-0.74434894323349,-0.017570102587342262,-21.25168533092847,1.3690032660961151,0.0,0.0,0.0,1.0,3.0,8.0,3.0,4.0,9.0,1.0,5.0,5.0,4.0,0.0
10321,1.3690032660961151,0.0,0.0,0.0,1.0,3.0,8.0,3.0,4.0,9.0,1.0,5.0,5.0,4.0,9.0,0.7731166481971741,-1.6198676824569702,8.0,-1.1442166566848755,1.4725284576416016,-23.138454775309874,2.142119914293289,0.0,0.0,1.4725284576416016,2.0,4.0,9.0,4.0,5.0,10.0,2.0,6.0,1.0,1.0,0.0
10322,2.142119914293289,0.0,0.0,1.4725284576416016,2.0,4.0,9.0,4.0,5.0,10.0,2.0,6.0,1.0,1.0,2.0,1.3533926010131836,-1.8452725410461426,0.0,-1.7107677459716797,-0.3022530972957611,-27.438215347323933,3.495512515306473,0.0,0.0,1.1702753603458405,1.0,5.0,1.0,5.0,6.0,11.0,3.0,7.0,2.0,2.0,0.0
10323,3.495512515306473,0.0,0.0,1.1702753603458405,1.0,5.0,1.0,5.0,6.0,11.0,3.0,7.0,2.0,2.0,9.0,-0.4142136871814728,-0.8837662935256958,8.0,-1.3923572301864624,-0.8888664841651917,-22.437679994446675,3.081298828125,0.0,0.0,0.2814088761806488,2.0,6.0,2.0,6.0,7.0,12.0,4.0,8.0,1.0,1.0,0.0
10324,3.081298828125,0.0,0.0,0.2814088761806488,2.0,6.0,2.0,6.0,7.0,12.0,4.0,8.0,1.0,1.0,3.0,-0.24476218223571777,0.12184187769889832,0.0,-0.46059325337409973,0.384325236082077,-11.723573244726914,2.8365366458892822,0.12184187769889832,0.0,0.6657341122627258,1.0,7.0,3.0,1.0,8.0,13.0,5.0,9.0,2.0,2.0,0.0
10325,2.8365366458892822,0.12184187769889832,0.0,0.6657341122627258,1.0,7.0,3.0,1.0,8.0,13.0,5.0,9.0,2.0,2.0,2.0,-1.0377874374389648,0.48628902435302734,8.0,-1.0831642150878906,-0.3838076591491699,-21.327842061081874,1.7987492084503174,0.6081309020519257,0.0,0.2819264531135559,2.0,8.0,1.0,2.0,9.0,14.0,6.0,10.0,1.0,3.0,0.0
10326,1.7987492084503174,0.6081309020519257,0.0,0.2819264531135559,2.0,8.0,1.0,2.0,9.0,14.0,6.0,10.0,1.0,3.0,2.0,-0.33758312463760376,1.1226015090942383,8.0,0.13465245068073273,0.5038126707077026,-15.32623601849153,1.4611660838127136,1.730732411146164,0.13465245068073273,0.7857391238212585,3.0,9.0,1.0,3.0,10.0,15.0,7.0,11.0,1.0,4.0,0.0
10327,1.4611660838127136,1.730732411146164,0.13465245068073273,0.7857391238212585,3.0,9.0,1.0,3.0,10.0,15.0,7.0,11.0,1.0,4.0,4.0,-0.3040655553340912,-1.69818913936615,1.0,-0.15753258764743805,-0.2857092022895813,-14.907261413301818,1.1571005284786224,0.03254327178001404,0.0,0.5000299215316772,4.0,1.0,2.0,4.0,1.0,16.0,8.0,12.0,2.0,5.0,0.0
10328,1.1571005284786224,0.03254327178001404,0.0,0.5000299215316772,4.0,1.0,2.0,4.0,1.0,16.0,8.0,12.0,2.0,5.0,0.0,-1.1874839067459106,0.11273818463087082,9.0,-0.15381374955177307,1.0308283567428589,-8.167367718236854,0.0,0.14528145641088486,0.0,1.5308582782745361,1.0,2.0,3.0,5.0,2.0,17.0,9.0,13.0,3.0,1.0,0.0
10329,0.0,0.14528145641088486,0.0,1.5308582782745361,1.0,2.0,3.0,5.0,2.0,17.0,9.0,13.0,3.0,1.0,9.0,1.0891997814178467,-0.24152350425720215,8.0,-1.0496715307235718,0.4037693440914154,-16.576756732131916,1.0891997814178467,0.0,0.0,1.9346276223659515,2.0,3.0,4.0,6.0,3.0,18.0,10.0,14.0,1.0,1.0,0.0
10330,1.0891997814178467,0.0,0.0,1.9346276223659515,2.0,3.0,4.0,6.0,3.0,18.0,10.0,14.0,1.0,1.0,2.0,1.113897442817688,0.7858241200447083,0.0,-1.0854671001434326,-0.8738160133361816,-17.31843423821406,2.2030972242355347,0.7858241200447083,0.0,1.06081160902977,1.0,4.0,1.0,7.0,4.0,19.0,11.0,15.0,2.0,2.0,0.0
10331,2.2030972242355347,0.7858241200447083,0.0,1.06081160902977,1.0,4.0,1.0,7.0,4.0,19.0,11.0,15.0,2.0,2.0,2.0,0.659598171710968,-1.3699737787246704,0.0,-0.16135628521442413,-0.02187570184469223,-16.81932849769921,2.8626953959465027,0.0,0.0,1.0389359071850777,1.0,5.0,1.0,8.0,5.0,20.0,12.0,16.0,3.0,3.0,0.0
10332,2.8626953959465027,0.0,0.0,1.0389359071850777,1.0,5.0,1.0,8.0,5.0,20.0,12.0,16.0,3.0,3.0,2.0,1.309541940689087,-0.42021444439888,0.0,-0.2558118999004364,0.2706952691078186,-16.65287246771104,4.17223733663559,0.0,0.0,1.3096311762928963,1.0,6.0,1.0,9.0,6.0,21.0,13.0,17.0,4.0,4.0,0.0
10333,4.17223733663559,0.0,0.0,1.3096311762928963,1.0,6.0,1.0,9.0,6.0,21.0,13.0,17.0,4.0,4.0,5.0,0.41425618529319763,-1.5682170391082764,0.0,0.3502984046936035,0.18944691121578217,-18.66466025251117,4.586493521928787,0.0,0.3502984046936035,1.4990780875086784,1.0,7.0,2.0,10.0,7.0,1.0,14.0,18.0,5.0,5.0,0.0
10334,4.586493521928787,0.0,0.3502984046936035,1.4990780875086784,1.0,7.0,2.0,10.0,7.0,1.0,14.0,18.0,5.0,5.0,4.0,-0.8573799729347229,0.3019971549510956,1.0,-1.9112651348114014,0.8986506462097168,-21.170682445293018,3.7291135489940643,0.3019971549510956,0.0,2.3977287337183952,2.0,1.0,3.0,11.0,1.0,2.0,15.0,19.0,6.0,6.0,0.0
10335,3.7291135489940643,0.3019971549510956,0.0,2.3977287337183952,2.0,1.0,3.0,11.0,1.0,2.0,15.0,19.0,6.0,6.0,2.0,0.0074933418072760105,1.7664532661437988,0.0,-1.8145527839660645,1.0682917833328247,-169.8014502732243,3.7366068908013403,2.0684504210948944,0.0,3.46602051705122,1.0,2.0,1.0,12.0,2.0,3.0,16.0,20.0,7.0,7.0,0.0
10336,3.7366068908013403,2.0684504210948944,0.0,3.46602051705122,1.0,2.0,1.0,12.0,2.0,3.0,16.0,20.0,7.0,7.0,9.0,-1.5016119480133057,1.2035236358642578,3.0,-0.8232716917991638,0.6580634713172913,-10.997519479826675,2.2349949427880347,3.271974056959152,0.0,4.124083988368511,2.0,3.0,2.0,1.0,3.0,4.0,17.0,21.0,8.0,1.0,0.0
10337,2.2349949427880347,3.271974056959152,0.0,4.124083988368511,2.0,3.0,2.0,1.0,3.0,4.0,17.0,21.0,8.0,1.0,4.0,-1.5548114776611328,-0.6153017282485962,8.0,-1.7553155422210693,0.5160618424415588,-20.935515932143254,0.6801834651269019,2.656672328710556,0.0,4.64014583081007,3.0,4.0,3.0,2.0,1.0,5.0,18.0,22.0,1.0,2.0,0.0
10338,0.6801834651269019,2.656672328710556,0.0,4.64014583081007,3.0,4.0,3.0,2.0,1.0,5.0,18.0,22.0,1.0,2.0,4.0,-1.3033080101013184,-1.159135103225708,5.0,1.1674026250839233,-1.5247620344161987,-19.52291334366194,0.0,1.497537225484848,1.1674026250839233,3.1153837963938713,4.0,5.0,4.0,3.0,1.0,1.0,19.0,23.0,2.0,3.0,0.0
10339,0.0,1.497537225484848,1.1674026250839233,3.1153837963938713,4.0,5.0,4.0,3.0,1.0,1.0,19.0,23.0,2.0,3.0,7.0,-0.10376806557178497,-0.3047630488872528,6.0,-1.6461561918258667,0.9198643565177917,-17.353224887119673,0.0,1.1927741765975952,0.0,4.035248152911663,5.0,6.0,5.0,4.0,2.0,2.0,1.0,1.0,3.0,4.0,0.0
10340,0.0,1.1927741765975952,0.0,4.035248152911663,5.0,6.0,5.0,4.0,2.0,2.0,1.0,1.0,3.0,4.0,9.0,-0.9384974837303162,-0.3210775554180145,0.0,-1.688506841659546,-1.292750358581543,-18.342591020143367,0.0,0.8716966211795807,0.0,2.74249779433012,1.0,7.0,6.0,5.0,3.0,3.0,2.0,2.0,4.0,1.0,0.0
10341,0.0,0.8716966211795807,0.0,2.74249779433012,1.0,7.0,6.0,5.0,3.0,3.0,2.0,2.0,4.0,1.0,4.0,0.7137444615364075,-1.911617398262024,8.0,-0.9033492207527161,-0.9933118224143982,-22.881047271143544,0.7137444615364075,0.0,0.0,1.749185971915722,2.0,8.0,7.0,6.0,1.0,4.0,3.0,3.0,1.0,2.0,0.0
10342,0.7137444615364075,0.0,0.0,1.749185971915722,2.0,8.0,7.0,6.0,1.0,4.0,3.0,3.0,1.0,2.0,8.0,0.8168827295303345,0.46436113119125366,10.0,-1.6185554265975952,-0.38035646080970764,-17.079123401026806,1.530627191066742,0.46436113119125366,0.0,1.3688295111060143,3.0,9.0,8.0,7.0,2.0,5.0,4.0,4.0,1.0,3.0,0.0
10343,1.530627191066742,0.46436113119125366,0.0,1.3688295111060143,3.0,9.0,8.0,7.0,2.0,5.0,4.0,4.0,1.0,3.0,8.0,0.546984076499939,-1.2185007333755493,3.0,-0.27752721309661865,-0.18820221722126007,-17.02953516935373,2.077611267566681,0.0,0.0,1.1806272938847542,4.0,10.0,9.0,1.0,3.0,6.0,5.0,5.0,1.0,4.0,0.0
10344,2.077611267566681,0.0,0.0,1.1806272938847542,4.0,10.0,9.0,1.0,3.0,6.0,5.0,5.0,1.0,4.0,9.0,-0.3998345136642456,-0.8342751264572144,8.0,-1.0897516012191772,-0.6437361240386963,-20.82260615102376,1.6777767539024353,0.0,0.0,0.5368911698460579,5.0,11.0,10.0,2.0,4.0,7.0,6.0,6.0,1.0,1.0,0.0
10345,1.6777767539024353,0.0,0.0,0.5368911698460579,5.0,11.0,10.0,2.0,4.0,7.0,6.0,6.0,1.0,1.0,0.0,-1.6050471067428589,0.152968168258667,9.0,-1.749320387840271,1.2649061679840088,-16.001956886484344,0.07272964715957642,0.152968168258667,0.0,1.8017973378300667,1.0,12.0,11.0,3.0,5.0,8.0,7.0,7.0,2.0,1.0,0.0
10346,0.07272964715957642,0.152968168258667,0.0,1.8017973378300667,1.0,12.0,11.0,3.0,5.0,8.0,7.0,7.0,2.0,1.0,2.0,1.034677505493164,-1.4301730394363403,10.0,-1.203450083732605,-0.18963098526000977,-24.131979239889105,1.1074071526527405,0.0,0.0,1.612166352570057,2.0,13.0,1.0,4.0,6.0,9.0,8.0,8.0,3.0,2.0,0.0
10347,1.1074071526527405,0.0,0.0,1.612166352570057,2.0,13.0,1.0,4.0,6.0,9.0,8.0,8.0,3.0,2.0,2.0,0.7835395932197571,1.1885671615600586,1.0,0.7010735273361206,-0.6961701512336731,-12.888129136489823,1.8909467458724976,1.1885671615600586,0.7010735273361206,0.9159962013363838,3.0,1.0,1.0,5.0,7.0,10.0,9.0,9.0,4.0,3.0,0.0
10348,1.8909467458724976,1.1885671615600586,0.7010735273361206,0.9159962013363838,3.0,1.0,1.0,5.0,7.0,10.0,9.0,9.0,4.0,3.0,9.0,1.0165791511535645,-1.0945316553115845,0.0,-1.860500693321228,-0.26298949122428894,-12.972563938658048,2.907525897026062,0.09403550624847412,0.0,0.6530067101120949,1.0,2.0,2.0,6.0,8.0,11.0,10.0,10.0,5.0,1.0,0.0
10349,2.907525897026062,0.09403550624847412,0.0,0.6530067101120949,1.0,2.0,2.0,6.0,8.0,11.0,10.0,10.0,5.0,1.0,2.0,-0.9430720806121826,-0.9381436705589294,0.0,-0.7839319705963135,-0.11904488503932953,-20.756792367295443,1.9644538164138794,0.0,0.0,0.5339618250727654,1.0,3.0,1.0,7.0,9.0,12.0,11.0,11.0,6.0,2.0,0.0
10350,1.9644538164138794,0.0,0.0,0.5339618250727654,1.0,3.0,1.0,7.0,9.0,12.0,11.0,11.0,6.0,2.0,4.0,1.2291364669799805,-0.5285942554473877,6.0,-1.1661098003387451,-1.193893551826477,-25.244077768105115,3.19359028339386,0.0,0.0,0.0,2.0,4.0,2.0,8.0,1.0,13.0,1.0,12.0,7.0,3.0,0.0
10351,3.19359028339386,0.0,0.0,0.0,2.0,4.0,2.0,8.0,1.0,13.0,1.0,12.0,7.0,3.0,9.0,-0.6216681003570557,-1.0705256462097168,8.0,-0.9638529419898987,0.860228419303894,-20.98150274792609,2.571922183036804,0.0,0.0,0.860228419303894,3.0,5.0,3.0,9.0,2.0,14.0,2.0,13.0,1.0,1.0,0.0
10352,2.571922183036804,0.0,0.0,0.860228419303894,3.0,5.0,3.0,9.0,2.0,14.0,2.0,13.0,1.0,1.0,9.0,-0.5564330220222473,-1.1590616703033447,5.0,0.7769525647163391,0.07526598125696182,-17.368840762683845,2.015489161014557,0.0,0.7769525647163391,0.9354944005608559,4.0,6.0,4.0,10.0,3.0,1.0,3.0,14.0,2.0,1.0,0.0
10353,2.015489161014557,0.0,0.7769525647163391,0.9354944005608559,4.0,6.0,4.0,10.0,3.0,1.0,3.0,14.0,2.0,1.0,4.0,-1.493682861328125,0.792913019657135,0.0,-1.3448560237884521,0.462610125541687,-13.938416487542773,0.5218062996864319,0.792913019657135,0.0,1.3981045261025429,1.0,7.0,5.0,11.0,1.0,2.0,4.0,15.0,3.0,2.0,0.0
10354,0.5218062996864319,0.792913019657135,0.0,1.3981045261025429,1.0,7.0,5.0,11.0,1.0,2.0,4.0,15.0,3.0,2.0,9.0,-0.9521826505661011,-0.6133953928947449,0.0,0.5547581911087036,0.2562887668609619,-9.673014589220323,0.0,0.17951762676239014,0.5547581911087036,1.6543932929635048,1.0,8.0,6.0,12.0,2.0,3.0,5.0,16.0,4.0,1.0,0.0
10355,0.0,0.17951762676239014,0.5547581911087036,1.6543932929635048,1.0,8.0,6.0,12.0,2.0,3.0,5.0,16.0,4.0,1.0,9.0,0.18302804231643677,-0.25644004344940186,0.0,0.7599222660064697,0.3793554902076721,-8.495362113719072,0.18302804231643677,0.0,1.3146804571151733,2.033748783171177,1.0,9.0,7.0,13.0,3.0,4.0,6.0,17.0,5.0,1.0,0.0
10356,0.18302804231643677,0.0,1.3146804571151733,2.033748783171177,1.0,9.0,7.0,13.0,3.0,4.0,6.0,17.0,5.0,1.0,3.0,-0.5923317670822144,1.453945517539978,2.0,-1.403008222579956,-0.5502671599388123,-15.926867116343468,0.0,1.453945517539978,0.0,1.4834816232323647,2.0,10.0,1.0,1.0,4.0,5.0,7.0,18.0,6.0,2.0,0.0
10357,0.0,1.453945517539978,0.0,1.4834816232323647,2.0,10.0,1.0,1.0,4.0,5.0,7.0,18.0,6.0,2.0,4.0,1.5746583938598633,-1.8979215621948242,5.0,-1.0010055303573608,0.2658666968345642,-24.156704610823333,1.5746583938598633,0.0,0.0,1.7493483200669289,3.0,11.0,2.0,2.0,1.0,1.0,8.0,19.0,7.0,3.0,0.0
10358,1.5746583938598633,0.0,0.0,1.7493483200669289,3.0,11.0,2.0,2.0,1.0,1.0,8.0,19.0,7.0,3.0,5.0,-1.8544726371765137,-1.5993021726608276,8.0,-1.667831540107727,-0.46920856833457947,-34.28722816521321,0.0,0.0,0.0,1.2801397517323494,4.0,12.0,3.0,3.0,2.0,1.0,9.0,20.0,1.0,4.0,0.0
10359,0.0,0.0,0.0,1.2801397517323494,4.0,12.0,3.0,3.0,2.0,1.0,9.0,20.0,1.0,4.0,1.0,-1.3135772943496704,0.8789373636245728,6.0,-1.021464467048645,1.1789942979812622,-27.79074481606325,0.0,0.8789373636245728,0.0,2.4591340497136116,5.0,1.0,4.0,4.0,3.0,2.0,1.0,21.0,2.0,5.0,0.0
10360,0.0,0.8789373636245728,0.0,2.4591340497136116,5.0,1.0,4.0,4.0,3.0,2.0,1.0,21.0,2.0,5.0,7.0,-1.3002198934555054,1.1295068264007568,2.0,0.7423073649406433,-0.7647874355316162,-18.060114973413263,0.0,2.0084441900253296,0.7423073649406433,1.6943466141819954,6.0,2.0,1.0,5.0,4.0,3.0,2.0,1.0,3.0,6.0,0.0
10361,0.0,2.0084441900253296,0.7423073649406433,1.6943466141819954,6.0,2.0,1.0,5.0,4.0,3.0,2.0,1.0,3.0,6.0,9.0,-0.9200407862663269,1.1568750143051147,3.0,-1.304988145828247,-0.5263188481330872,-13.535920357347958,0.0,3.1653192043304443,0.0,1.1680277660489082,7.0,3.0,2.0,1.0,5.0,4.0,3.0,2.0,4.0,1.0,0.0
10362,0.0,3.1653192043304443,0.0,1.1680277660489082,7.0,3.0,2.0,1.0,5.0,4.0,3.0,2.0,4.0,1.0,4.0,-1.3773095607757568,-1.4752202033996582,0.0,-0.846345067024231,-0.08953040838241577,-20.192964094337785,0.0,1.6900990009307861,0.0,1.0784973576664925,1.0,4.0,3.0,2.0,1.0,5.0,4.0,3.0,5.0,2.0,0.0
10363,0.0,1.6900990009307861,0.0,1.0784973576664925,1.0,4.0,3.0,2.0,1.0,5.0,4.0,3.0,5.0,2.0,2.0,-0.016910776495933533,-1.8589130640029907,8.0,-1.492257833480835,0.607082188129425,-22.596539065105794,0.0,0.0,0.0,1.6855795457959175,2.0,5.0,1.0,3.0,2.0,6.0,5.0,4.0,1.0,3.0,0.0
10364,0.0,0.0,0.0,1.6855795457959175,2.0,5.0,1.0,3.0,2.0,6.0,5.0,4.0,1.0,3.0,4.0,0.9857674241065979,0.8822107911109924,1.0,-1.2347499132156372,-0.8307123184204102,-18.43883494532403,0.9857674241065979,0.8822107911109924,0.0,0.8548672273755074,3.0,1.0,2.0,4.0,1.0,7.0,6.0,5.0,2.0,4.0,0.0
10365,0.9857674241065979,0.8822107911109924,0.0,0.8548672273755074,3.0,1.0,2.0,4.0,1.0,7.0,6.0,5.0,2.0,4.0,9.0,-0.7099801301956177,-0.30370989441871643,4.0,0.06192432716488838,-0.33132970333099365,-10.83352112140979,0.2757872939109802,0.578500896692276,0.06192432716488838,0.5235375240445137,4.0,2.0,3.0,5.0,1.0,8.0,7.0,6.0,3.0,1.0,0.0
10366,0.2757872939109802,0.578500896692276,0.06192432716488838,0.5235375240445137,4.0,2.0,3.0,5.0,1.0,8.0,7.0,6.0,3.0,1.0,2.0,-0.7570309638977051,0.8612122535705566,8.0,-1.1969084739685059,-0.697205662727356,-23.971989942820937,0.0,1.4397131502628326,0.0,0.0,5.0,3.0,1.0,6.0,2.0,9.0,8.0,7.0,1.0,2.0,0.0
10367,0.0,1.4397131502628326,0.0,0.0,5.0,3.0,1.0,6.0,2.0,9.0,8.0,7.0,1.0,2.0,9.0,0.1723203808069229,-1.7840757369995117,0.0,0.047658421099185944,0.901370644569397,-8.397502632963885,0.1723203808069229,0.0,0.047658421099185944,0.901370644569397,1.0,4.0,2.0,7.0,3.0,10.0,9.0,8.0,2.0,1.0,0.0
10368,0.1723203808069229,0.0,0.047658421099185944,0.901370644569397,1.0,4.0,2.0,7.0,3.0,10.0,9.0,8.0,2.0,1.0,0.0,1.0507986545562744,-0.08338827639818192,0.0,-1.2343924045562744,-1.3338268995285034,-13.778252654391377,1.2231190353631973,0.0,0.0,0.0,1.0,5.0,3.0,8.0,4.0,11.0,10.0,9.0,3.0,2.0,0.0
10369,1.2231190353631973,0.0,0.0,0.0,1.0,5.0,3.0,8.0,4.0,11.0,10.0,9.0,3.0,2.0,6.0,1.6391844749450684,-1.0409984588623047,9.0,1.3566862344741821,0.9836644530296326,-14.668456026571963,2.8623035103082657,0.0,1.3566862344741821,0.9836644530296326,2.0,6.0,4.0,9.0,5.0,12.0,1.0,10.0,4.0,1.0,0.0
10370,2.8623035103082657,0.0,1.3566862344741821,0.9836644530296326,2.0,6.0,4.0,9.0,5.0,12.0,1.0,10.0,4.0,1.0,8.0,1.3496774435043335,-0.032002102583646774,0.0,-0.9842979907989502,-0.5318113565444946,-11.098097096271234,4.211980953812599,0.0,0.37238824367523193,0.45185309648513794,1.0,7.0,5.0,10.0,6.0,13.0,2.0,11.0,1.0,2.0,0.0
10371,4.211980953812599,0.0,0.37238824367523193,0.45185309648513794,1.0,7.0,5.0,10.0,6.0,13.0,2.0,11.0,1.0,2.0,8.0,-0.03554631397128105,0.18288575112819672,5.0,-0.0685095265507698,-0.6403500437736511,-17.792931036693332,4.176434639841318,0.18288575112819672,0.3038787171244621,0.0,2.0,8.0,6.0,11.0,7.0,1.0,3.0,12.0,1.0,3.0,0.0
10372,4.176434639841318,0.18288575112819672,0.3038787171244621,0.0,2.0,8.0,6.0,11.0,7.0,1.0,3.0,12.0,1.0,3.0,3.0,0.2910861372947693,-0.16429422795772552,1.0,-1.4093385934829712,0.6717125773429871,-18.42636119074318,4.467520777136087,0.01859152317047119,0.0,0.6717125773429871,3.0,1.0,7.0,1.0,8.0,2.0,4.0,13.0,2.0,4.0,0.0
10373,4.467520777136087,0.01859152317047119,0.0,0.6717125773429871,3.0,1.0,7.0,1.0,8.0,2.0,4.0,13.0,2.0,4.0,9.0,-1.6503621339797974,0.6973282694816589,2.0,0.05842358246445656,0.06214521825313568,-11.22589440721486,2.81715864315629,0.7159197926521301,0.05842358246445656,0.7338577955961227,4.0,2.0,1.0,2.0,9.0,3.0,5.0,14.0,3.0,1.0,0.0
10374,2.81715864315629,0.7159197926521301,0.05842358246445656,0.7338577955961227,4.0,2.0,1.0,2.0,9.0,3.0,5.0,14.0,3.0,1.0,4.0,0.655059814453125,-0.0877830758690834,8.0,-1.8419904708862305,1.117531418800354,-19.72416822299781,3.472218457609415,0.6281367167830467,0.0,1.8513892143964767,5.0,3.0,2.0,3.0,1.0,4.0,6.0,15.0,1.0,2.0,0.0
10375,3.472218457609415,0.6281367167830467,0.0,1.8513892143964767,5.0,3.0,2.0,3.0,1.0,4.0,6.0,15.0,1.0,2.0,0.0,-1.123464584350586,-0.2709183394908905,9.0,-1.2687193155288696,-0.6018151640892029,-11.854511410556114,2.348753873258829,0.3572183772921562,0.0,1.2495740503072739,1.0,4.0,3.0,4.0,2.0,5.0,7.0,16.0,2.0,1.0,0.0
10376,2.348753873258829,0.3572183772921562,0.0,1.2495740503072739,1.0,4.0,3.0,4.0,2.0,5.0,7.0,16.0,2.0,1.0,0.0,-0.09286367148160934,1.3364253044128418,5.0,-1.0137313604354858,-1.0772926807403564,-17.57513179642515,2.2558902017772198,1.693643681704998,0.0,0.17228136956691742,1.0,5.0,4.0,5.0,3.0,1.0,8.0,17.0,3.0,2.0,0.0
10377,2.2558902017772198,1.693643681704998,0.0,0.17228136956691742,1.0,5.0,4.0,5.0,3.0,1.0,8.0,17.0,3.0,2.0,7.0,-1.0365490913391113,0.1689348816871643,3.0,-1.295859456062317,0.41432666778564453,-15.340611636023876,1.2193411104381084,1.8625785633921623,0.0,0.586608037352562,2.0,6.0,5.0,1.0,4.0,2.0,9.0,1.0,4.0,3.0,0.0
10378,1.2193411104381084,1.8625785633921623,0.0,0.586608037352562,2.0,6.0,5.0,1.0,4.0,2.0,9.0,1.0,4.0,3.0,4.0,1.5794190168380737,-1.4319981336593628,8.0,-1.6836879253387451,0.9136192798614502,-19.834275220816618,2.798760127276182,0.43058042973279953,0.0,1.5002273172140121,3.0,7.0,6.0,2.0,1.0,3.0,10.0,2.0,1.0,4.0,0.0
10379,2.798760127276182,0.43058042973279953,0.0,1.5002273172140121,3.0,7.0,6.0,2.0,1.0,3.0,10.0,2.0,1.0,4.0,2.0,-0.7617255449295044,0.829548716545105,6.0,-1.4269731044769287,-0.7812145948410034,-21.68733322035902,2.037034582346678,1.2601291462779045,0.0,0.7190127223730087,4.0,8.0,1.0,3.0,2.0,4.0,1.0,3.0,2.0,5.0,0.0
10380,2.037034582346678,1.2601291462779045,0.0,0.7190127223730087,4.0,8.0,1.0,3.0,2.0,4.0,1.0,3.0,2.0,5.0,8.0,-1.4178909063339233,-1.0220816135406494,1.0,1.1656739711761475,-1.4077739715576172,-14.994107754063105,0.6191436760127544,0.2380475327372551,1.1656739711761475,0.0,5.0,1.0,2.0,4.0,3.0,5.0,2.0,4.0,1.0,6.0,0.0
10381,0.6191436760127544,0.2380475327372551,1.1656739711761475,0.0,5.0,1.0,2.0,4.0,3.0,5.0,2.0,4.0,1.0,6.0,9.0,0.037762273102998734,0.44780233502388,0.0,-0.5390210747718811,-0.9140195250511169,-9.214315006910239,0.6569059491157532,0.6858498677611351,0.6266528964042664,0.0,1.0,2.0,3.0,5.0,4.0,6.0,3.0,5.0,2.0,1.0,0.0
10382,0.6569059491157532,0.6858498677611351,0.6266528964042664,0.0,1.0,2.0,3.0,5.0,4.0,6.0,3.0,5.0,2.0,1.0,5.0,0.4924778640270233,-1.1112691164016724,3.0,-0.5974329710006714,-0.22980737686157227,-16.00349097918891,1.1493838131427765,0.0,0.02921992540359497,0.0,2.0,3.0,4.0,1.0,5.0,1.0,4.0,6.0,3.0,2.0,0.0
10383,1.1493838131427765,0.0,0.02921992540359497,0.0,2.0,3.0,4.0,1.0,5.0,1.0,4.0,6.0,3.0,2.0,4.0,-0.07041909545660019,-0.5106058716773987,8.0,-0.5923321843147278,0.03750775381922722,-19.51227321107226,1.0789647176861763,0.0,0.0,0.03750775381922722,3.0,4.0,5.0,2.0,1.0,2.0,5.0,7.0,1.0,3.0,0.0
10384,1.0789647176861763,0.0,0.0,0.03750775381922722,3.0,4.0,5.0,2.0,1.0,2.0,5.0,7.0,1.0,3.0,2.0,-0.5855286717414856,0.25202229619026184,6.0,-1.2329703569412231,-0.5747876763343811,-23.57670197333519,0.4934360459446907,0.25202229619026184,0.0,0.0,4.0,5.0,1.0,3.0,2.0,3.0,1.0,8.0,2.0,4.0,0.0
10385,0.4934360459446907,0.25202229619026184,0.0,0.0,4.0,5.0,1.0,3.0,2.0,3.0,1.0,8.0,2.0,4.0,9.0,-0.7212539911270142,0.5337364077568054,8.0,-1.0372437238693237,0.8647782206535339,-15.696683370073377,0.0,0.7857587039470673,0.0,0.8647782206535339,5.0,6.0,2.0,4.0,3.0,4.0,2.0,9.0,1.0,1.0,0.0
10386,0.0,0.7857587039470673,0.0,0.8647782206535339,5.0,6.0,2.0,4.0,3.0,4.0,2.0,9.0,1.0,1.0,9.0,0.2578425109386444,-1.046955943107605,0.0,-0.7594128251075745,0.16597314178943634,-11.159728819284798,0.2578425109386444,0.0,0.0,1.0307513624429703,1.0,7.0,3.0,5.0,4.0,5.0,3.0,10.0,2.0,1.0,0.0
10387,0.2578425109386444,0.0,0.0,1.0307513624429703,1.0,7.0,3.0,5.0,4.0,5.0,3.0,10.0,2.0,1.0,3.0,0.2231379598379135,1.2598950862884521,2.0,0.41673731803894043,-0.5453239679336548,-12.760971194798596,0.4809804707765579,1.2598950862884521,0.41673731803894043,0.4854273945093155,2.0,8.0,1.0,1.0,5.0,6.0,4.0,11.0,3.0,2.0,0.0
10388,0.4809804707765579,1.2598950862884521,0.41673731803894043,0.4854273945093155,2.0,8.0,1.0,1.0,5.0,6.0,4.0,11.0,3.0,2.0,4.0,-0.3654169738292694,-1.5453481674194336,8.0,-1.6470952033996582,0.47611263394355774,-22.950860330661953,0.11556349694728851,0.0,0.0,0.9615400284528732,3.0,9.0,2.0,2.0,1.0,7.0,5.0,12.0,1.0,3.0,0.0
10389,0.11556349694728851,0.0,0.0,0.9615400284528732,3.0,9.0,2.0,2.0,1.0,7.0,5.0,12.0,1.0,3.0,3.0,-0.7936218976974487,-0.3136499226093292,8.0,-0.3702785074710846,-1.0960067510604858,-20.01137867784094,0.0,0.0,0.0,0.0,4.0,10.0,3.0,1.0,2.0,8.0,6.0,13.0,1.0,4.0,0.0
10390,0.0,0.0,0.0,0.0,4.0,10.0,3.0,1.0,2.0,8.0,6.0,13.0,1.0,4.0,9.0,0.624543309211731,-0.9669157266616821,9.0,-0.9066001772880554,1.2782689332962036,-17.006785933792038,0.624543309211731,0.0,0.0,1.2782689332962036,5.0,11.0,4.0,2.0,3.0,9.0,7.0,14.0,2.0,1.0,0.0
10391,0.624543309211731,0.0,0.0,1.2782689332962036,5.0,11.0,4.0,2.0,3.0,9.0,7.0,14.0,2.0,1.0,0.0,0.48848897218704224,-1.3409980535507202,8.0,-0.6263900995254517,-1.243857502937317,-22.10172940470129,1.1130322813987732,0.0,0.0,0.03441143035888672,1.0,12.0,5.0,3.0,4.0,10.0,8.0,15.0,1.0,2.0,0.0
10392,1.1130322813987732,0.0,0.0,0.03441143035888672,1.0,12.0,5.0,3.0,4.0,10.0,8.0,15.0,1.0,2.0,1.0,0.909881591796875,-1.2087775468826294,8.0,-0.7296999096870422,0.565332293510437,-22.981593814566317,2.022913873195648,0.0,0.0,0.5997437238693237,2.0,1.0,6.0,4.0,5.0,11.0,9.0,16.0,1.0,3.0,0.0
10393,2.022913873195648,0.0,0.0,0.5997437238693237,2.0,1.0,6.0,4.0,5.0,11.0,9.0,16.0,1.0,3.0,0.0,-0.14171071350574493,0.11149631440639496,0.0,-1.6714359521865845,0.8218100666999817,-16.056579467282013,1.8812031596899033,0.11149631440639496,0.0,1.4215537905693054,1.0,2.0,7.0,5.0,6.0,12.0,10.0,17.0,2.0,4.0,0.0
10394,1.8812031596899033,0.11149631440639496,0.0,1.4215537905693054,1.0,2.0,7.0,5.0,6.0,12.0,10.0,17.0,2.0,4.0,0.0,1.7244895696640015,-0.17772634327411652,2.0,-0.7701242566108704,-1.3259284496307373,-18.308408543811804,3.6056927293539047,0.0,0.0,0.09562534093856812,1.0,3.0,1.0,6.0,7.0,13.0,11.0,18.0,3.0,5.0,0.0
10395,3.6056927293539047,0.0,0.0,0.09562534093856812,1.0,3.0,1.0,6.0,7.0,13.0,11.0,18.0,3.0,5.0,3.0,-0.17077051103115082,-1.0082706212997437,3.0,0.8566408157348633,0.8412074446678162,-18.53034073932189,3.434922218322754,0.0,0.8566408157348633,0.9368327856063843,2.0,4.0,2.0,1.0,8.0,14.0,12.0,19.0,4.0,6.0,0.0
10396,3.434922218322754,0.0,0.8566408157348633,0.9368327856063843,2.0,4.0,2.0,1.0,8.0,14.0,12.0,19.0,4.0,6.0,0.0,-0.10445992648601532,-0.3451438844203949,0.0,-1.707761287689209,1.1460522413253784,-15.042991203647114,3.3304622918367386,0.0,0.0,2.0828850269317627,1.0,5.0,3.0,2.0,9.0,15.0,13.0,20.0,5.0,7.0,0.0
10397,3.3304622918367386,0.0,0.0,2.0828850269317627,1.0,5.0,3.0,2.0,9.0,15.0,13.0,20.0,5.0,7.0,0.0,0.8791486620903015,-0.373818963766098,8.0,-1.1048692464828491,1.2089014053344727,-18.848663108337448,4.20961095392704,0.0,0.0,3.2917864322662354,1.0,6.0,4.0,3.0,10.0,16.0,14.0,21.0,1.0,8.0,0.0
10398,4.20961095392704,0.0,0.0,3.2917864322662354,1.0,6.0,4.0,3.0,10.0,16.0,14.0,21.0,1.0,8.0,4.0,-1.2219451665878296,-0.2598830461502075,6.0,-1.4549307823181152,-1.0103511810302734,-26.366194959455704,2.9876657873392105,0.0,0.0,2.281435251235962,2.0,7.0,5.0,4.0,1.0,17.0,1.0,22.0,2.0,9.0,0.0
10399,2.9876657873392105,0.0,0.0,2.281435251235962,2.0,7.0,5.0,4.0,1.0,17.0,1.0,22.0,2.0,9.0,9.0,-1.0735633373260498,-1.2287970781326294,5.0,-1.4102028608322144,-0.8880414366722107,-26.081568213807056,1.9141024500131607,0.0,0.0,1.3933938145637512,3.0,8.0,6.0,5.0,2.0,1.0,2.0,23.0,3.0,1.0,1.0
10400,2.074065685272217,7.472803115844727,2.5818865299224854,0.372402548789978,1.0,1.0,1.0,1.0,1.0,1.0,1.0,1.0,1.0,1.0,4.0,0.1715961992740631,-1.9885141849517822,1.0,-0.6220067739486694,-1.756519079208374,-13.486477459853155,2.24566188454628,5.484288930892944,1.959879755973816,0.0,2.0,1.0,2.0,2.0,1.0,2.0,2.0,2.0,2.0,2.0,0.0
10401,2.24566188454628,5.484288930892944,1.959879755973816,0.0,2.0,1.0,2.0,2.0,1.0,2.0,2.0,2.0,2.0,2.0,8.0,-0.8987780809402466,-1.6137975454330444,3.0,-0.7196126580238342,-1.4366484880447388,-14.583549152727015,1.3468838036060333,3.8704913854599,1.2402670979499817,0.0,3.0,2.0,3.0,1.0,2.0,3.0,3.0,3.0,1.0,3.0,0.0
10402,1.3468838036060333,3.8704913854599,1.2402670979499817,0.0,3.0,2.0,3.0,1.0,2.0,3.0,3.0,3.0,1.0,3.0,4.0,1.604868769645691,-1.2043800354003906,8.0,-1.398379921913147,-1.665028691291809,-19.242323895341688,2.9517525732517242,2.6661113500595093,0.0,0.0,4.0,3.0,4.0,2.0,1.0,4.0,4.0,4.0,1.0,4.0,0.0
10403,2.9517525732517242,2.6661113500595093,0.0,0.0,4.0,3.0,4.0,2.0,1.0,4.0,4.0,4.0,1.0,4.0,9.0,-1.2377209663391113,-1.071215033531189,4.0,-0.518837034702301,-0.24856238067150116,-13.12928174009838,1.714031606912613,1.5948963165283203,0.0,0.0,5.0,4.0,5.0,3.0,1.0,5.0,5.0,5.0,2.0,1.0,0.0
10404,1.714031606912613,1.5948963165283203,0.0,0.0,5.0,4.0,5.0,3.0,1.0,5.0,5.0,5.0,2.0,1.0,0.0,-1.2319414615631104,-0.840665876865387,0.0,-0.7722076773643494,-0.04843646660447121,-9.529944609509169,0.48209014534950256,0.7542304396629333,0.0,0.0,1.0,5.0,6.0,4.0,2.0,6.0,6.0,6.0,3.0,2.0,0.0
10405,0.48209014534950256,0.7542304396629333,0.0,0.0,1.0,5.0,6.0,4.0,2.0,6.0,6.0,6.0,3.0,2.0,4.0,-0.20911665260791779,-1.6433415412902832,10.0,-0.2859884202480316,1.5137563943862915,-16.83831579996463,0.2729734927415848,0.0,0.0,1.5137563943862915,2.0,6.0,7.0,5.0,1.0,7.0,7.0,7.0,4.0,3.0,0.0
10406,0.2729734927415848,0.0,0.0,1.5137563943862915,2.0,6.0,7.0,5.0,1.0,7.0,7.0,7.0,4.0,3.0,8.0,0.7962612509727478,-0.6560913324356079,0.0,-1.2023085355758667,-0.018185289576649666,-20.469553196756067,1.0692347437143326,0.0,0.0,1.4955711048096418,1.0,7.0,8.0,6.0,2.0,8.0,8.0,8.0,1.0,4.0,0.0
10407,1.0692347437143326,0.0,0.0,1.4955711048096418,1.0,7.0,8.0,6.0,2.0,8.0,8.0,8.0,1.0,4.0,9.0,-0.8670340776443481,0.9208366274833679,10.0,-1.6386116743087769,0.3772851824760437,-14.914775534962242,0.20220066606998444,0.9208366274833679,0.0,1.8728562872856855,2.0,8.0,9.0,7.0,3.0,9.0,9.0,9.0,2.0,1.0,0.0
10408,0.20220066606998444,0.9208366274833679,0.0,1.8728562872856855,2.0,8.0,9.0,7.0,3.0,9.0,9.0,9.0,2.0,1.0,2.0,0.5995650887489319,-1.4046024084091187,5.0,-0.13740825653076172,0.4191517233848572,-20.84248498214265,0.8017657548189163,0.0,0.0,2.2920080106705427,3.0,9.0,1.0,8.0,4.0,1.0,10.0,10.0,3.0,2.0,0.0
10409,0.8017657548189163,0.0,0.0,2.2920080106705427,3.0,9.0,1.0,8.0,4.0,1.0,10.0,10.0,3.0,2.0,4.0,0.483158677816391,1.01050865650177,9.0,-0.31345126032829285,-0.360756516456604,-12.022252038021826,1.2849244326353073,1.01050865650177,0.0,1.9312514942139387,4.0,10.0,2.0,9.0,1.0,2.0,11.0,11.0,4.0,1.0,0.0
10410,1.2849244326353073,1.01050865650177,0.0,1.9312514942139387,4.0,10.0,2.0,9.0,1.0,2.0,11.0,11.0,4.0,1.0,4.0,-1.8080347776412964,-1.4236122369766235,5.0,-1.1467599868774414,0.18631844222545624,-27.961739049152943,0.0,0.0,0.0,2.117569936439395,5.0,11.0,3.0,10.0,1.0,1.0,12.0,12.0,5.0,2.0,0.0
10411,0.0,0.0,0.0,2.117569936439395,5.0,11.0,3.0,10.0,1.0,1.0,12.0,12.0,5.0,2.0,0.0,-1.6492844820022583,-1.0053609609603882,5.0,0.3328828513622284,-0.019339613616466522,-23.106591312318038,0.0,0.0,0.3328828513622284,2.0982303228229284,1.0,12.0,4.0,11.0,2.0,1.0,13.0,13.0,6.0,3.0,0.0
10412,0.0,0.0,0.3328828513622284,2.0982303228229284,1.0,12.0,4.0,11.0,2.0,1.0,13.0,13.0,6.0,3.0,3.0,-1.2478623390197754,-0.3724333345890045,1.0,-0.41426315903663635,1.7104060649871826,-19.65527047929357,0.0,0.0,0.0,3.808636387810111,2.0,1.0,5.0,1.0,3.0,2.0,14.0,14.0,7.0,4.0,0.0
10413,0.0,0.0,0.0,3.808636387810111,2.0,1.0,5.0,1.0,3.0,2.0,14.0,14.0,7.0,4.0,9.0,0.713972270488739,0.41313016414642334,6.0,-0.3742648959159851,-0.6192103028297424,-14.658041211016341,0.713972270488739,0.41313016414642334,0.0,3.1894260849803686,3.0,2.0,6.0,2.0,4.0,3.0,1.0,15.0,8.0,1.0,0.0
10414,0.713972270488739,0.41313016414642334,0.0,3.1894260849803686,3.0,2.0,6.0,2.0,4.0,3.0,1.0,15.0,8.0,1.0,8.0,-0.3741407096385956,-1.0025086402893066,2.0,-1.2754524946212769,-0.02846643701195717,-23.393372300450153,0.33983156085014343,0.0,0.0,3.1609596479684114,4.0,3.0,1.0,3.0,5.0,4.0,2.0,16.0,1.0,2.0,0.0
10415,0.33983156085014343,0.0,0.0,3.1609596479684114,4.0,3.0,1.0,3.0,5.0,4.0,2.0,16.0,1.0,2.0,7.0,1.5290043354034424,0.7404928803443909,0.0,1.0230286121368408,1.0371166467666626,-5.789486875775721,1.8688358962535858,0.7404928803443909,1.0230286121368408,4.198076294735074,1.0,4.0,2.0,4.0,6.0,5.0,3.0,1.0,2.0,3.0,0.0
10416,1.8688358962535858,0.7404928803443909,1.0230286121368408,4.198076294735074,1.0,4.0,2.0,4.0,6.0,5.0,3.0,1.0,2.0,3.0,4.0,-0.3076289892196655,0.4932404160499573,8.0,-1.6343337297439575,-1.788965106010437,-13.592791818905795,1.5612069070339203,1.2337332963943481,0.0,2.409111188724637,2.0,5.0,3.0,5.0,1.0,6.0,4.0,2.0,1.0,4.0,0.0
10417,1.5612069070339203,1.2337332963943481,0.0,2.409111188724637,2.0,5.0,3.0,5.0,1.0,6.0,4.0,2.0,1.0,4.0,5.0,0.2448609322309494,-1.1159954071044922,1.0,-0.06928001344203949,-1.052593469619751,-12.920239185521577,1.8060678392648697,0.11773788928985596,0.0,1.356517719104886,3.0,1.0,4.0,6.0,2.0,1.0,5.0,3.0,2.0,5.0,0.0
10418,1.8060678392648697,0.11773788928985596,0.0,1.356517719104886,3.0,1.0,4.0,6.0,2.0,1.0,5.0,3.0,2.0,5.0,2.0,0.48411422967910767,-0.33757197856903076,2.0,-0.9314785003662109,-1.296669602394104,-21.889779274348616,2.2901820689439774,0.0,0.0,0.05984811671078205,4.0,2.0,1.0,7.0,3.0,2.0,6.0,4.0,3.0,6.0,0.0
10419,2.2901820689439774,0.0,0.0,0.05984811671078205,4.0,2.0,1.0,7.0,3.0,2.0,6.0,4.0,3.0,6.0,9.0,-0.15401791036128998,0.41214025020599365,6.0,-0.4404699504375458,1.2764532566070557,-13.489767976567165,2.1361641585826874,0.41214025020599365,0.0,1.3363013733178377,5.0,3.0,2.0,8.0,4.0,3.0,1.0,5.0,4.0,1.0,0.0
10420,2.1361641585826874,0.41214025020599365,0.0,1.3363013733178377,5.0,3.0,2.0,8.0,4.0,3.0,1.0,5.0,4.0,1.0,5.0,-0.16894440352916718,-0.7387604713439941,0.0,-1.2113676071166992,0.4470345675945282,-17.593645157547112,1.9672197550535202,0.0,0.0,1.783335940912366,1.0,4.0,3.0,9.0,5.0,1.0,2.0,6.0,5.0,2.0,0.0
10421,1.9672197550535202,0.0,0.0,1.783335940912366,1.0,4.0,3.0,9.0,5.0,1.0,2.0,6.0,5.0,2.0,4.0,0.3623499870300293,-1.3788057565689087,3.0,-0.787232518196106,-0.005133438855409622,-20.199917225250907,2.3295697420835495,0.0,0.0,1.7782025020569563,2.0,5.0,4.0,1.0,1.0,2.0,3.0,7.0,6.0,3.0,0.0
10422,2.3295697420835495,0.0,0.0,1.7782025020569563,2.0,5.0,4.0,1.0,1.0,2.0,3.0,7.0,6.0,3.0,8.0,-0.721067488193512,-0.007880408316850662,8.0,-1.973956823348999,1.142746925354004,-21.53180099356747,1.6085022538900375,0.0,0.0,2.92094942741096,3.0,6.0,5.0,2.0,2.0,3.0,4.0,8.0,1.0,4.0,0.0
10423,1.6085022538900375,0.0,0.0,2.92094942741096,3.0,6.0,5.0,2.0,2.0,3.0,4.0,8.0,1.0,4.0,9.0,-0.8053361773490906,0.3800104260444641,1.0,-1.1963214874267578,-1.4295275211334229,-14.568071026083274,0.803166076540947,0.3800104260444641,0.0,1.4914219062775373,4.0,1.0,6.0,3.0,3.0,4.0,5.0,9.0,2.0,1.0,0.0
10424,0.803166076540947,0.3800104260444641,0.0,1.4914219062775373,4.0,1.0,6.0,3.0,3.0,4.0,5.0,9.0,2.0,1.0,0.0,-0.5476783514022827,-1.4947785139083862,2.0,-0.6490033864974976,-0.7412397861480713,-19.83353163658418,0.25548772513866425,0.0,0.0,0.7501821201294661,1.0,2.0,1.0,4.0,4.0,5.0,6.0,10.0,3.0,2.0,0.0
10425,0.25548772513866425,0.0,0.0,0.7501821201294661,1.0,2.0,1.0,4.0,4.0,5.0,6.0,10.0,3.0,2.0,2.0,0.7130184173583984,-0.004204103257507086,8.0,-0.901975154876709,1.213385820388794,-18.870232869646955,0.9685061424970627,0.0,0.0,1.96356794051826,2.0,3.0,1.0,5.0,5.0,6.0,7.0,11.0,1.0,3.0,0.0
10426,0.9685061424970627,0.0,0.0,1.96356794051826,2.0,3.0,1.0,5.0,5.0,6.0,7.0,11.0,1.0,3.0,0.0,0.08288062363862991,1.3312411308288574,5.0,-1.3280391693115234,-0.4848044216632843,-18.251983503720393,1.0513867661356926,1.3312411308288574,0.0,1.4787635188549757,1.0,4.0,2.0,6.0,6.0,1.0,8.0,12.0,2.0,4.0,0.0
10427,1.0513867661356926,1.3312411308288574,0.0,1.4787635188549757,1.0,4.0,2.0,6.0,6.0,1.0,8.0,12.0,2.0,4.0,9.0,0.26949596405029297,0.6665385365486145,6.0,-0.767692506313324,1.1172757148742676,-15.770850619985769,1.3208827301859856,1.997779667377472,0.0,2.5960392337292433,2.0,5.0,3.0,7.0,7.0,2.0,1.0,13.0,3.0,1.0,0.0
10428,1.3208827301859856,1.997779667377472,0.0,2.5960392337292433,2.0,5.0,3.0,7.0,7.0,2.0,1.0,13.0,3.0,1.0,4.0,1.0307697057724,-0.6415412425994873,2.0,-1.1454355716705322,-1.6040830612182617,-19.437180914348318,2.3516524359583855,1.3562384247779846,0.0,0.9919561725109816,3.0,6.0,1.0,8.0,1.0,3.0,2.0,14.0,4.0,2.0,0.0
10429,2.3516524359583855,1.3562384247779846,0.0,0.9919561725109816,3.0,6.0,1.0,8.0,1.0,3.0,2.0,14.0,4.0,2.0,9.0,0.6500808596611023,-0.13778209686279297,0.0,-1.463324785232544,0.10521813482046127,-13.34718638495954,3.0017332956194878,1.2184563279151917,0.0,1.0971743073314428,1.0,7.0,2.0,9.0,2.0,4.0,3.0,15.0,5.0,1.0,0.0
10430,3.0017332956194878,1.2184563279151917,0.0,1.0971743073314428,1.0,7.0,2.0,9.0,2.0,4.0,3.0,15.0,5.0,1.0,7.0,-1.0925182104110718,-1.4307835102081299,8.0,-1.3366764783859253,0.49764251708984375,-17.453371624898047,1.909215085208416,0.0,0.0,1.5948168244212866,2.0,8.0,3.0,10.0,3.0,5.0,4.0,1.0,1.0,2.0,0.0
10431,1.909215085208416,0.0,0.0,1.5948168244212866,2.0,8.0,3.0,10.0,3.0,5.0,4.0,1.0,1.0,2.0,8.0,-0.21198275685310364,0.522556483745575,9.0,0.44124069809913635,-1.3241928815841675,-9.844846638491934,1.6972323283553123,0.522556483745575,0.44124069809913635,0.2706239428371191,3.0,9.0,4.0,11.0,4.0,6.0,5.0,2.0,1.0,1.0,0.0
10432,1.6972323283553123,0.522556483745575,0.44124069809913635,0.2706239428371191,3.0,9.0,4.0,11.0,4.0,6.0,5.0,2.0,1.0,1.0,3.0,1.3718105554580688,0.8607935905456543,3.0,-0.37587279081344604,1.2086182832717896,-9.037050778485364,3.069042883813381,1.3833500742912292,0.06536790728569031,1.4792422261089087,4.0,10.0,5.0,1.0,5.0,7.0,6.0,3.0,2.0,2.0,0.0
10433,3.069042883813381,1.3833500742912292,0.06536790728569031,1.4792422261089087,4.0,10.0,5.0,1.0,5.0,7.0,6.0,3.0,2.0,2.0,9.0,-1.3754907846450806,0.21665623784065247,8.0,-1.1469488143920898,-0.10897909104824066,-15.017165665189257,1.6935520991683006,1.6000063121318817,0.0,1.370263135060668,5.0,11.0,6.0,2.0,6.0,8.0,7.0,4.0,1.0,1.0,0.0
10434,1.6935520991683006,1.6000063121318817,0.0,1.370263135060668,5.0,11.0,6.0,2.0,6.0,8.0,7.0,4.0,1.0,1.0,4.0,-0.6853269338607788,-1.2541805505752563,9.0,-1.5318597555160522,-0.15320762991905212,-18.88988490746614,1.0082251653075218,0.34582576155662537,0.0,1.2170555051416159,6.0,12.0,7.0,3.0,1.0,9.0,8.0,5.0,2.0,1.0,0.0
10435,1.0082251653075218,0.34582576155662537,0.0,1.2170555051416159,6.0,12.0,7.0,3.0,1.0,9.0,8.0,5.0,2.0,1.0,8.0,1.505968451499939,-1.4410289525985718,9.0,-0.6395592093467712,0.5826179385185242,-20.055313346833344,2.514193616807461,0.0,0.0,1.79967344366014,7.0,13.0,8.0,4.0,2.0,10.0,9.0,6.0,1.0,1.0,0.0
10436,2.514193616807461,0.0,0.0,1.79967344366014,7.0,13.0,8.0,4.0,2.0,10.0,9.0,6.0,1.0,1.0,0.0,0.16809147596359253,-1.651254415512085,8.0,-1.4767266511917114,-0.9929403066635132,-26.989089548297205,2.6822850927710533,0.0,0.0,0.8067331369966269,1.0,14.0,9.0,5.0,3.0,11.0,10.0,7.0,1.0,2.0,0.0
10437,2.6822850927710533,0.0,0.0,0.8067331369966269,1.0,14.0,9.0,5.0,3.0,11.0,10.0,7.0,1.0,2.0,2.0,0.5237289667129517,-0.5856173038482666,9.0,0.8914045691490173,1.1321601867675781,-14.209286445390184,3.206014059484005,0.0,0.8914045691490173,1.938893323764205,2.0,15.0,1.0,6.0,4.0,12.0,11.0,8.0,2.0,1.0,0.0
10438,3.206014059484005,0.0,0.8914045691490173,1.938893323764205,2.0,15.0,1.0,6.0,4.0,12.0,11.0,8.0,2.0,1.0,2.0,1.2872262001037598,0.2362297624349594,1.0,-0.8424772620201111,0.533046543598175,-13.35727503620722,4.493240259587765,0.2362297624349594,0.04892730712890625,2.47193986736238,3.0,1.0,1.0,7.0,5.0,13.0,12.0,9.0,3.0,2.0,0.0
10439,4.493240259587765,0.2362297624349594,0.04892730712890625,2.47193986736238,3.0,1.0,1.0,7.0,5.0,13.0,12.0,9.0,3.0,2.0,5.0,-0.773719310760498,1.2864967584609985,3.0,-1.4210866689682007,0.5131317377090454,-15.358979572417377,3.7195209488272667,1.522726520895958,0.0,2.9850716050714254,4.0,2.0,2.0,1.0,6.0,1.0,13.0,10.0,4.0,3.0,0.0
10440,3.7195209488272667,1.522726520895958,0.0,2.9850716050714254,4.0,2.0,2.0,1.0,6.0,1.0,13.0,10.0,4.0,3.0,4.0,-0.7520420551300049,-1.3436774015426636,0.0,-1.5563231706619263,-0.4662542939186096,-16.707921888989567,2.967478893697262,0.17904911935329437,0.0,2.518817311152816,1.0,3.0,3.0,2.0,1.0,2.0,14.0,11.0,5.0,4.0,0.0
10441,2.967478893697262,0.17904911935329437,0.0,2.518817311152816,1.0,3.0,3.0,2.0,1.0,2.0,14.0,11.0,5.0,4.0,2.0,-0.06396781653165817,1.2761958837509155,8.0,-1.5419057607650757,0.8672990202903748,-18.601267456247335,2.9035110771656036,1.45524500310421,0.0,3.3861163314431906,2.0,4.0,1.0,3.0,2.0,3.0,15.0,12.0,1.0,5.0,0.0
10442,2.9035110771656036,1.45524500310421,0.0,3.3861163314431906,2.0,4.0,1.0,3.0,2.0,3.0,15.0,12.0,1.0,5.0,4.0,-0.512958824634552,-0.779961884021759,0.0,-1.4847661256790161,-0.19654211401939392,-17.370313368475458,2.3905522525310516,0.6752831190824509,0.0,3.1895742174237967,1.0,5.0,2.0,4.0,1.0,4.0,16.0,13.0,2.0,6.0,0.0
10443,2.3905522525310516,0.6752831190824509,0.0,3.1895742174237967,1.0,5.0,2.0,4.0,1.0,4.0,16.0,13.0,2.0,6.0,1.0,-0.07512621581554413,-1.1787384748458862,8.0,-0.9301719069480896,0.1337348222732544,-17.800234809697976,2.3154260367155075,0.0,0.0,3.323309039697051,2.0,1.0,3.0,5.0,2.0,5.0,17.0,14.0,1.0,7.0,0.0
10444,2.3154260367155075,0.0,0.0,3.323309039697051,2.0,1.0,3.0,5.0,2.0,5.0,17.0,14.0,1.0,7.0,9.0,-1.026456356048584,-1.2393546104431152,6.0,1.6431975364685059,0.42340579628944397,-16.831652639818905,1.2889696806669235,0.0,1.6431975364685059,3.746714835986495,3.0,2.0,4.0,6.0,3.0,6.0,1.0,15.0,2.0,1.0,0.0
10445,1.2889696806669235,0.0,1.6431975364685059,3.746714835986495,3.0,2.0,4.0,6.0,3.0,6.0,1.0,15.0,2.0,1.0,9.0,-1.201745867729187,0.4062606394290924,0.0,-1.7699717283248901,-0.13553544878959656,-7.704339927619401,0.08722381293773651,0.4062606394290924,0.0,3.6111793871968985,1.0,3.0,5.0,7.0,4.0,7.0,2.0,16.0,3.0,1.0,0.0
10446,0.08722381293773651,0.4062606394290924,0.0,3.6111793871968985,1.0,3.0,5.0,7.0,4.0,7.0,2.0,16.0,3.0,1.0,7.0,-0.9227026700973511,0.6724936962127686,4.0,-1.0468261241912842,-1.5093564987182617,-21.751711449926965,0.0,1.078754335641861,0.0,2.1018228884786367,2.0,4.0,6.0,8.0,1.0,8.0,3.0,1.0,4.0,2.0,0.0
10447,0.0,1.078754335641861,0.0,2.1018228884786367,2.0,4.0,6.0,8.0,1.0,8.0,3.0,1.0,4.0,2.0,9.0,-0.3683486878871918,-1.046681523323059,0.0,-0.622153639793396,-1.445764183998108,-11.527250862781614,0.0,0.03207281231880188,0.0,0.6560587044805288,1.0,5.0,7.0,9.0,2.0,9.0,4.0,2.0,5.0,1.0,0.0
10448,0.0,0.03207281231880188,0.0,0.6560587044805288,1.0,5.0,7.0,9.0,2.0,9.0,4.0,2.0,5.0,1.0,8.0,1.002005934715271,-1.428371548652649,3.0,0.8770334720611572,-0.47376152873039246,-19.38689418891505,1.002005934715271,0.0,0.8770334720611572,0.18229717575013638,2.0,6.0,8.0,1.0,3.0,10.0,5.0,3.0,1.0,2.0,0.0
10449,1.002005934715271,0.0,0.8770334720611572,0.18229717575013638,2.0,6.0,8.0,1.0,3.0,10.0,5.0,3.0,1.0,2.0,5.0,0.13418777287006378,-1.8029377460479736,5.0,-0.7188950777053833,1.027773141860962,-25.91581827993678,1.1361937075853348,0.0,0.15813839435577393,1.2100703176110983,3.0,7.0,9.0,2.0,4.0,1.0,6.0,4.0,2.0,3.0,0.0
10450,1.1361937075853348,0.0,0.15813839435577393,1.2100703176110983,3.0,7.0,9.0,2.0,4.0,1.0,6.0,4.0,2.0,3.0,8.0,-1.1217316389083862,-1.2852874994277954,2.0,1.1073354482650757,-0.6681258678436279,-21.527635006413746,0.014462068676948547,0.0,1.2654738426208496,0.5419444497674704,4.0,8.0,1.0,3.0,5.0,2.0,7.0,5.0,1.0,4.0,0.0
10451,0.014462068676948547,0.0,1.2654738426208496,0.5419444497674704,4.0,8.0,1.0,3.0,5.0,2.0,7.0,5.0,1.0,4.0,4.0,-0.3069901466369629,1.0805059671401978,8.0,-1.3908038139343262,0.10910932719707489,-17.069628828940736,0.0,1.0805059671401978,0.0,0.6510537769645452,5.0,9.0,2.0,4.0,1.0,3.0,8.0,6.0,1.0,5.0,0.0
10452,0.0,1.0805059671401978,0.0,0.6510537769645452,5.0,9.0,2.0,4.0,1.0,3.0,8.0,6.0,1.0,5.0,3.0,-0.9885550141334534,0.5089889168739319,3.0,-0.13509246706962585,0.6489179134368896,-14.892622411908514,0.0,1.5894948840141296,0.0,1.299971690401435,6.0,10.0,3.0,1.0,2.0,4.0,9.0,7.0,2.0,6.0,0.0
10453,0.0,1.5894948840141296,0.0,1.299971690401435,6.0,10.0,3.0,1.0,2.0,4.0,9.0,7.0,2.0,6.0,8.0,-0.01683874800801277,-0.9000594615936279,0.0,-0.9425786137580872,0.06325066089630127,-15.685780403099297,0.0,0.6894354224205017,0.0,1.3632223512977362,1.0,11.0,4.0,2.0,3.0,5.0,10.0,8.0,1.0,7.0,0.0
10454,0.0,0.6894354224205017,0.0,1.3632223512977362,1.0,11.0,4.0,2.0,3.0,5.0,10.0,8.0,1.0,7.0,2.0,-0.6543726325035095,-1.7516034841537476,1.0,1.3478782176971436,-0.3118555545806885,-20.803161111287853,0.0,0.0,1.3478782176971436,1.0513667967170477,2.0,1.0,1.0,3.0,4.0,6.0,11.0,9.0,2.0,8.0,0.0
10455,0.0,0.0,1.3478782176971436,1.0513667967170477,2.0,1.0,1.0,3.0,4.0,6.0,11.0,9.0,2.0,8.0,9.0,0.11891806870698929,0.24488092958927155,8.0,-1.6175798177719116,0.630858302116394,-11.094280122238214,0.11891806870698929,0.24488092958927155,0.0,1.6822250988334417,3.0,2.0,2.0,4.0,5.0,7.0,12.0,10.0,1.0,1.0,0.0
10456,0.11891806870698929,0.24488092958927155,0.0,1.6822250988334417,3.0,2.0,2.0,4.0,5.0,7.0,12.0,10.0,1.0,1.0,4.0,-0.3319871127605438,-0.2775607109069824,0.0,-1.3009830713272095,0.09873301535844803,-19.638211164979143,0.0,0.0,0.0,1.7809581141918898,1.0,3.0,3.0,5.0,1.0,8.0,13.0,11.0,2.0,2.0,0.0
10457,0.0,0.0,0.0,1.7809581141918898,1.0,3.0,3.0,5.0,1.0,8.0,13.0,11.0,2.0,2.0,9.0,-1.4940201044082642,1.498311996459961,0.0,-0.3841785490512848,0.7782755494117737,-16.589589085389512,0.0,1.498311996459961,0.0,2.5592336636036634,1.0,4.0,4.0,6.0,2.0,9.0,14.0,12.0,3.0,1.0,0.0
10458,0.0,1.498311996459961,0.0,2.5592336636036634,1.0,4.0,4.0,6.0,2.0,9.0,14.0,12.0,3.0,1.0,8.0,0.7662467360496521,-0.29216834902763367,5.0,-0.6913155317306519,1.2168183326721191,-18.607460000941458,0.7662467360496521,1.2061436474323273,0.0,3.7760519962757826,2.0,5.0,5.0,7.0,3.0,1.0,15.0,13.0,1.0,2.0,0.0
10459,0.7662467360496521,1.2061436474323273,0.0,3.7760519962757826,2.0,5.0,5.0,7.0,3.0,1.0,15.0,13.0,1.0,2.0,7.0,0.28361231088638306,0.10973799228668213,6.0,-1.62185800075531,-0.01216262485831976,-21.7604899146674,1.0498590469360352,1.3158816397190094,0.0,3.763889371417463,3.0,6.0,6.0,8.0,4.0,2.0,1.0,1.0,2.0,3.0,0.0
10460,1.0498590469360352,1.3158816397190094,0.0,3.763889371417463,3.0,6.0,6.0,8.0,4.0,2.0,1.0,1.0,2.0,3.0,4.0,-1.3103398084640503,0.6418511271476746,0.0,-1.1240901947021484,-1.2398406267166138,-16.83329487672312,0.0,1.957732766866684,0.0,2.524048744700849,1.0,7.0,7.0,9.0,1.0,3.0,2.0,2.0,3.0,4.0,0.0
10461,0.0,1.957732766866684,0.0,2.524048744700849,1.0,7.0,7.0,9.0,1.0,3.0,2.0,2.0,3.0,4.0,8.0,0.9312805533409119,-0.5614521503448486,3.0,-1.2564157247543335,-1.2238707542419434,-15.927148440894717,0.9312805533409119,1.3962806165218353,0.0,1.3001779904589057,2.0,8.0,8.0,1.0,2.0,4.0,3.0,3.0,1.0,5.0,0.0
10462,0.9312805533409119,1.3962806165218353,0.0,1.3001779904589057,2.0,8.0,8.0,1.0,2.0,4.0,3.0,3.0,1.0,5.0,8.0,1.4701392650604248,-1.258955717086792,2.0,0.1275591254234314,-0.9255068898200989,-14.90322574425771,2.4014198184013367,0.13732489943504333,0.1275591254234314,0.3746711006388068,3.0,9.0,1.0,2.0,3.0,5.0,4.0,4.0,1.0,6.0,0.0
10463,2.4014198184013367,0.13732489943504333,0.1275591254234314,0.3746711006388068,3.0,9.0,1.0,2.0,3.0,5.0,4.0,4.0,1.0,6.0,2.0,-1.3615320920944214,-1.7390644550323486,1.0,-1.1857702732086182,0.02393021248281002,-27.502477959309935,1.0398877263069153,0.0,0.0,0.39860131312161684,4.0,1.0,1.0,3.0,4.0,6.0,5.0,5.0,2.0,7.0,0.0
10464,1.0398877263069153,0.0,0.0,0.39860131312161684,4.0,1.0,1.0,3.0,4.0,6.0,5.0,5.0,2.0,7.0,9.0,-0.2297002077102661,0.49521762132644653,8.0,-0.0011464356211945415,1.3863918781280518,-8.539511723449385,0.8101875185966492,0.49521762132644653,0.0,1.7849931912496686,5.0,2.0,2.0,4.0,5.0,7.0,6.0,6.0,1.0,1.0,0.0
10465,0.8101875185966492,0.49521762132644653,0.0,1.7849931912496686,5.0,2.0,2.0,4.0,5.0,7.0,6.0,6.0,1.0,1.0,4.0,0.8221710324287415,0.4341123402118683,0.0,0.9404012560844421,-1.1613612174987793,-8.395739244532173,1.6323585510253906,0.9293299615383148,0.9404012560844421,0.6236319737508893,1.0,3.0,3.0,5.0,1.0,8.0,7.0,7.0,2.0,2.0,0.0
10466,1.6323585510253906,0.9293299615383148,0.9404012560844421,0.6236319737508893,1.0,3.0,3.0,5.0,1.0,8.0,7.0,7.0,2.0,2.0,3.0,0.38635727763175964,-0.6498376131057739,0.0,-1.459115743637085,-0.2904592454433441,-10.93085614077988,2.0187158286571503,0.2794923484325409,0.0,0.3331727283075452,1.0,4.0,4.0,1.0,2.0,9.0,8.0,8.0,3.0,3.0,0.0
10467,2.0187158286571503,0.2794923484325409,0.0,0.3331727283075452,1.0,4.0,4.0,1.0,2.0,9.0,8.0,8.0,3.0,3.0,0.0,0.8510477542877197,-1.7542271614074707,3.0,-0.8087376952171326,-0.14030519127845764,-20.00849585176895,2.86976358294487,0.0,0.0,0.19286753702908754,1.0,5.0,5.0,1.0,3.0,10.0,9.0,9.0,4.0,4.0,0.0
10468,2.86976358294487,0.0,0.0,0.19286753702908754,1.0,5.0,5.0,1.0,3.0,10.0,9.0,9.0,4.0,4.0,2.0,0.7061705589294434,-1.5119389295578003,8.0,-1.1645737886428833,0.5389546751976013,-27.987838948494655,3.5759341418743134,0.0,0.0,0.7318222122266889,2.0,6.0,1.0,2.0,4.0,11.0,10.0,10.0,1.0,5.0,0.0
10469,3.5759341418743134,0.0,0.0,0.7318222122266889,2.0,6.0,1.0,2.0,4.0,11.0,10.0,10.0,1.0,5.0,9.0,-1.3071852922439575,-1.4415572881698608,6.0,-1.4131602048873901,-0.8789891600608826,-26.94031864654264,2.268748849630356,0.0,0.0,0.0,3.0,7.0,2.0,3.0,5.0,12.0,1.0,11.0,2.0,1.0,0.0
10470,2.268748849630356,0.0,0.0,0.0,3.0,7.0,2.0,3.0,5.0,12.0,1.0,11.0,2.0,1.0,5.0,0.5133377313613892,-1.4591546058654785,0.0,-1.2039884328842163,0.910308837890625,-22.866491082629178,2.782086580991745,0.0,0.0,0.910308837890625,1.0,8.0,3.0,4.0,6.0,1.0,2.0,12.0,3.0,2.0,0.0
10471,2.782086580991745,0.0,0.0,0.910308837890625,1.0,8.0,3.0,4.0,6.0,1.0,2.0,12.0,3.0,2.0,7.0,0.46856313943862915,-1.0893497467041016,8.0,-1.6779065132141113,-1.0552741289138794,-24.217675816364576,3.250649720430374,0.0,0.0,0.0,2.0,9.0,4.0,5.0,7.0,2.0,3.0,1.0,1.0,3.0,0.0
10472,3.250649720430374,0.0,0.0,0.0,2.0,9.0,4.0,5.0,7.0,2.0,3.0,1.0,1.0,3.0,4.0,-1.0971155166625977,-0.9847461581230164,1.0,0.439547598361969,-0.7631304860115051,-19.96713621806665,2.1535342037677765,0.0,0.439547598361969,0.0,3.0,1.0,5.0,6.0,1.0,3.0,4.0,2.0,2.0,4.0,0.0
10473,2.1535342037677765,0.0,0.439547598361969,0.0,3.0,1.0,5.0,6.0,1.0,3.0,4.0,2.0,2.0,4.0,9.0,0.4700177013874054,-0.8434321284294128,2.0,-0.720437228679657,0.7454668283462524,-15.98140368955081,2.623551905155182,0.0,0.0,0.7454668283462524,4.0,2.0,1.0,7.0,2.0,4.0,5.0,3.0,3.0,1.0,0.0
10474,2.623551905155182,0.0,0.0,0.7454668283462524,4.0,2.0,1.0,7.0,2.0,4.0,5.0,3.0,3.0,1.0,3.0,-1.4018293619155884,-0.9086501002311707,0.0,-1.207067608833313,0.6725507974624634,-17.809794400001465,1.2217225432395935,0.0,0.0,1.4180176258087158,1.0,3.0,2.0,1.0,3.0,5.0,6.0,4.0,4.0,2.0,0.0
10475,1.2217225432395935,0.0,0.0,1.4180176258087158,1.0,3.0,2.0,1.0,3.0,5.0,6.0,4.0,4.0,2.0,2.0,-0.37362751364707947,0.3382583260536194,8.0,0.56380695104599,0.17664329707622528,-13.187754526297688,0.848095029592514,0.3382583260536194,0.56380695104599,1.594660922884941,2.0,4.0,1.0,2.0,4.0,6.0,7.0,5.0,1.0,3.0,0.0
10476,0.848095029592514,0.3382583260536194,0.56380695104599,1.594660922884941,2.0,4.0,1.0,2.0,4.0,6.0,7.0,5.0,1.0,3.0,4.0,1.0524123907089233,-1.1217323541641235,6.0,-1.5336133241653442,-0.5650433301925659,-23.683304568421242,1.9005074203014374,0.0,0.0,1.0296175926923752,3.0,5.0,2.0,3.0,1.0,7.0,1.0,6.0,2.0,4.0,0.0
10477,1.9005074203014374,0.0,0.0,1.0296175926923752,3.0,5.0,2.0,3.0,1.0,7.0,1.0,6.0,2.0,4.0,9.0,-1.3636252880096436,-1.1237651109695435,8.0,-1.5157201290130615,0.32871100306510925,-22.311908053428944,0.5368821322917938,0.0,0.0,1.3583285957574844,4.0,6.0,3.0,4.0,2.0,8.0,2.0,7.0,1.0,1.0,0.0
10478,0.5368821322917938,0.0,0.0,1.3583285957574844,4.0,6.0,3.0,4.0,2.0,8.0,2.0,7.0,1.0,1.0,9.0,1.0473846197128296,-0.05502086877822876,5.0,-1.5699759721755981,0.11723171174526215,-19.504528000653046,1.5842667520046234,0.0,0.0,1.4755603075027466,5.0,7.0,4.0,5.0,3.0,1.0,3.0,8.0,2.0,1.0,0.0
10479,1.5842667520046234,0.0,0.0,1.4755603075027466,5.0,7.0,4.0,5.0,3.0,1.0,3.0,8.0,2.0,1.0,4.0,-0.3702886402606964,-0.3972037136554718,0.0,-1.6419944763183594,-1.646558165550232,-20.367105847160467,1.213978111743927,0.0,0.0,0.0,1.0,8.0,5.0,6.0,1.0,2.0,4.0,9.0,3.0,2.0,0.0
10480,1.213978111743927,0.0,0.0,0.0,1.0,8.0,5.0,6.0,1.0,2.0,4.0,9.0,3.0,2.0,3.0,0.031847286969423294,-0.1343601644039154,8.0,0.650569498538971,-0.3821069002151489,-15.445216720929999,1.2458253987133503,0.0,0.650569498538971,0.0,2.0,9.0,6.0,1.0,2.0,3.0,5.0,10.0,1.0,3.0,0.0
10481,1.2458253987133503,0.0,0.650569498538971,0.0,2.0,9.0,6.0,1.0,2.0,3.0,5.0,10.0,1.0,3.0,2.0,1.0151082277297974,-1.2579749822616577,8.0,-1.1201258897781372,-0.5748252272605896,-25.445556710097655,2.2609336264431477,0.0,0.0,0.0,3.0,10.0,1.0,2.0,3.0,4.0,6.0,11.0,1.0,4.0,0.0
10482,2.2609336264431477,0.0,0.0,0.0,3.0,10.0,1.0,2.0,3.0,4.0,6.0,11.0,1.0,4.0,4.0,-0.41967862844467163,-1.5914808511734009,1.0,-1.69930100440979,0.2312673032283783,-29.424471364064487,1.841254997998476,0.0,0.0,0.2312673032283783,4.0,1.0,2.0,3.0,1.0,5.0,7.0,12.0,2.0,5.0,0.0
10483,1.841254997998476,0.0,0.0,0.2312673032283783,4.0,1.0,2.0,3.0,1.0,5.0,7.0,12.0,2.0,5.0,0.0,-0.6421045660972595,-0.03507644683122635,8.0,0.7373061180114746,0.8519948720932007,-9.37212073465492,1.1991504319012165,0.0,0.7373061180114746,1.083262175321579,1.0,2.0,3.0,4.0,2.0,6.0,8.0,13.0,1.0,6.0,0.0
10484,1.1991504319012165,0.0,0.7373061180114746,1.083262175321579,1.0,2.0,3.0,4.0,2.0,6.0,8.0,13.0,1.0,6.0,6.0,0.047208838164806366,0.5614532232284546,6.0,-1.0245002508163452,0.6284496784210205,-18.719007445141816,1.2463592700660229,0.5614532232284546,0.0,1.7117118537425995,2.0,3.0,4.0,5.0,3.0,7.0,1.0,14.0,2.0,7.0,0.0
10485,1.2463592700660229,0.5614532232284546,0.0,1.7117118537425995,2.0,3.0,4.0,5.0,3.0,7.0,1.0,14.0,2.0,7.0,9.0,0.622356116771698,-0.28948959708213806,9.0,-0.7284189462661743,-0.5431324243545532,-10.249067043372595,1.8687153868377209,0.27196362614631653,0.0,1.1685794293880463,3.0,4.0,5.0,6.0,4.0,8.0,2.0,15.0,3.0,1.0,0.0
10486,1.8687153868377209,0.27196362614631653,0.0,1.1685794293880463,3.0,4.0,5.0,6.0,4.0,8.0,2.0,15.0,3.0,1.0,7.0,0.8935385942459106,-0.9938212037086487,10.0,-1.2356698513031006,0.21240347623825073,-15.625369905226364,2.7622539810836315,0.0,0.0,1.380982905626297,4.0,5.0,6.0,7.0,5.0,9.0,3.0,1.0,4.0,2.0,0.0
10487,2.7622539810836315,0.0,0.0,1.380982905626297,4.0,5.0,6.0,7.0,5.0,9.0,3.0,1.0,4.0,2.0,2.0,-0.006648739334195852,-0.15686923265457153,3.0,-1.2986454963684082,-1.2602849006652832,-19.848062563952904,2.7556052417494357,0.0,0.0,0.1206980049610138,5.0,6.0,1.0,1.0,6.0,10.0,4.0,2.0,5.0,3.0,0.0
10488,2.7556052417494357,0.0,0.0,0.1206980049610138,5.0,6.0,1.0,1.0,6.0,10.0,4.0,2.0,5.0,3.0,9.0,-0.8982066512107849,-1.1120253801345825,0.0,-1.4258660078048706,-1.0098111629486084,-20.21831393281085,1.8573985905386508,0.0,0.0,0.0,1.0,7.0,2.0,2.0,7.0,11.0,5.0,3.0,6.0,1.0,0.0
10489,1.8573985905386508,0.0,0.0,0.0,1.0,7.0,2.0,2.0,7.0,11.0,5.0,3.0,6.0,1.0,2.0,-0.03288130834698677,-0.3519953787326813,8.0,-1.780014991760254,-0.6020346283912659,-27.101355986083405,1.824517282191664,0.0,0.0,0.0,2.0,8.0,1.0,3.0,8.0,12.0,6.0,4.0,1.0,2.0,0.0
10490,1.824517282191664,0.0,0.0,0.0,2.0,8.0,1.0,3.0,8.0,12.0,6.0,4.0,1.0,2.0,0.0,0.9957739114761353,-1.0750858783721924,1.0,-0.9644410014152527,0.28359338641166687,-19.407727797654164,2.8202911936677992,0.0,0.0,0.28359338641166687,1.0,1.0,2.0,4.0,9.0,13.0,7.0,5.0,2.0,3.0,0.0
10491,2.8202911936677992,0.0,0.0,0.28359338641166687,1.0,1.0,2.0,4.0,9.0,13.0,7.0,5.0,2.0,3.0,9.0,-0.9149380922317505,-0.7691864967346191,0.0,-1.845616102218628,-0.07123852521181107,-20.079914702418407,1.9053531014360487,0.0,0.0,0.2123548611998558,1.0,2.0,3.0,5.0,10.0,14.0,8.0,6.0,3.0,1.0,0.0
10492,1.9053531014360487,0.0,0.0,0.2123548611998558,1.0,2.0,3.0,5.0,10.0,14.0,8.0,6.0,3.0,1.0,4.0,1.5372838973999023,-1.2027008533477783,8.0,-1.3186155557632446,-0.5923179388046265,-26.842538359279736,3.442636998835951,0.0,0.0,0.0,2.0,3.0,4.0,6.0,1.0,15.0,9.0,7.0,1.0,2.0,0.0
10493,3.442636998835951,0.0,0.0,0.0,2.0,3.0,4.0,6.0,1.0,15.0,9.0,7.0,1.0,2.0,8.0,-0.7052426338195801,-1.1294828653335571,3.0,0.3578821122646332,1.266204833984375,-17.74021959302421,2.737394365016371,0.0,0.3578821122646332,1.266204833984375,3.0,4.0,5.0,1.0,2.0,16.0,10.0,8.0,1.0,3.0,0.0
10494,2.737394365016371,0.0,0.3578821122646332,1.266204833984375,3.0,4.0,5.0,1.0,2.0,16.0,10.0,8.0,1.0,3.0,2.0,-0.3272334337234497,0.41511809825897217,8.0,-1.222846508026123,0.21190007030963898,-18.886999199197703,2.4101609312929213,0.41511809825897217,0.0,1.478104904294014,4.0,5.0,1.0,2.0,3.0,17.0,11.0,9.0,1.0,4.0,0.0
10495,2.4101609312929213,0.41511809825897217,0.0,1.478104904294014,4.0,5.0,1.0,2.0,3.0,17.0,11.0,9.0,1.0,4.0,1.0,1.2106574773788452,-1.009376883506775,8.0,0.540205180644989,0.9364397525787354,-13.527614022365551,3.6208184086717665,0.0,0.540205180644989,2.4145446568727493,5.0,1.0,2.0,3.0,4.0,18.0,12.0,10.0,1.0,5.0,0.0
10496,3.6208184086717665,0.0,0.540205180644989,2.4145446568727493,5.0,1.0,2.0,3.0,4.0,18.0,12.0,10.0,1.0,5.0,5.0,0.07915535569190979,-1.2665842771530151,0.0,-1.047926425933838,0.16269665956497192,-18.337081917748726,3.6999737643636763,0.0,0.0,2.5772413164377213,1.0,2.0,3.0,4.0,5.0,1.0,13.0,11.0,2.0,6.0,0.0
10497,3.6999737643636763,0.0,0.0,2.5772413164377213,1.0,2.0,3.0,4.0,5.0,1.0,13.0,11.0,2.0,6.0,9.0,-1.322704553604126,-0.37517887353897095,6.0,0.5193671584129333,0.4171854853630066,-13.18834833730132,2.3772692107595503,0.0,0.5193671584129333,2.994426801800728,2.0,3.0,4.0,5.0,6.0,2.0,1.0,12.0,3.0,1.0,0.0
10498,2.3772692107595503,0.0,0.5193671584129333,2.994426801800728,2.0,3.0,4.0,5.0,6.0,2.0,1.0,12.0,3.0,1.0,7.0,-0.273497611284256,-1.100129246711731,2.0,-1.2193454504013062,1.10004460811615,-17.959504035146725,2.1037715994752944,0.0,0.0,4.094471409916878,3.0,4.0,1.0,6.0,7.0,3.0,2.0,1.0,4.0,2.0,0.0
10499,2.1037715994752944,0.0,0.0,4.094471409916878,3.0,4.0,1.0,6.0,7.0,3.0,2.0,1.0,4.0,2.0,4.0,-1.561181902885437,-1.570540189743042,0.0,-1.3920199871063232,-1.3757998943328857,-24.769331559696063,0.5425896965898573,0.0,0.0,2.718671515583992,1.0,5.0,2.0,7.0,1.0,4.0,3.0,2.0,5.0,3.0,1.0
10500,0.16052208840847015,1.5270593166351318,4.620841979980469,7.559010982513428,1.0,1.0,1.0,1.0,1.0,1.0,1.0,1.0,1.0,1.0,4.0,-0.3535965383052826,0.8487072587013245,4.0,-1.8747555017471313,-1.9051333665847778,-9.698070684637221,0.0,2.3757665753364563,2.7460864782333374,5.65387761592865,2.0,2.0,2.0,2.0,1.0,2.0,2.0,2.0,2.0,2.0,0.0
10501,0.0,2.3757665753364563,2.7460864782333374,5.65387761592865,2.0,2.0,2.0,2.0,1.0,2.0,2.0,2.0,2.0,2.0,9.0,-1.618500828742981,1.7543598413467407,4.0,-1.2559983730316162,-1.5542535781860352,-14.292914170725787,0.0,4.130126416683197,1.4900881052017212,4.099624037742615,3.0,3.0,3.0,3.0,1.0,3.0,3.0,3.0,3.0,1.0,0.0
10502,0.0,4.130126416683197,1.4900881052017212,4.099624037742615,3.0,3.0,3.0,3.0,1.0,3.0,3.0,3.0,3.0,1.0,4.0,0.21016238629817963,-1.2229527235031128,0.0,-0.5367905497550964,-1.6182630062103271,-8.21221289354429,0.21016238629817963,2.9071736931800842,0.9532975554466248,2.4813610315322876,1.0,4.0,4.0,4.0,1.0,4.0,4.0,4.0,4.0,2.0,0.0
10503,0.21016238629817963,2.9071736931800842,0.9532975554466248,2.4813610315322876,1.0,4.0,4.0,4.0,1.0,4.0,4.0,4.0,4.0,2.0,9.0,-0.6035775542259216,-1.2903136014938354,8.0,-1.655051350593567,-0.24297326803207397,-13.24903686370064,0.0,1.6168600916862488,0.0,2.2383877635002136,2.0,5.0,5.0,5.0,2.0,5.0,5.0,5.0,1.0,1.0,0.0
10504,0.0,1.6168600916862488,0.0,2.2383877635002136,2.0,5.0,5.0,5.0,2.0,5.0,5.0,5.0,1.0,1.0,8.0,0.8517396450042725,-1.9015659093856812,0.0,-0.00018668174743652344,-1.3245251178741455,-11.731107767464191,0.8517396450042725,0.0,0.0,0.9138626456260681,1.0,6.0,6.0,6.0,3.0,6.0,6.0,6.0,1.0,2.0,0.0
10505,0.8517396450042725,0.0,0.0,0.9138626456260681,1.0,6.0,6.0,6.0,3.0,6.0,6.0,6.0,1.0,2.0,3.0,1.109032392501831,-0.8772420287132263,5.0,-1.1873410940170288,-0.7366589307785034,-25.32580524965164,1.9607720375061035,0.0,0.0,0.1772037148475647,2.0,7.0,7.0,1.0,4.0,1.0,7.0,7.0,2.0,3.0,0.0
10506,1.9607720375061035,0.0,0.0,0.1772037148475647,2.0,7.0,7.0,1.0,4.0,1.0,7.0,7.0,2.0,3.0,0.0,-0.5117735862731934,-0.39520540833473206,6.0,-1.2553030252456665,0.6963569521903992,-19.963965602864825,1.4489984512329102,0.0,0.0,0.8735606670379639,1.0,8.0,8.0,2.0,5.0,2.0,1.0,8.0,3.0,4.0,0.0
10507,1.4489984512329102,0.0,0.0,0.8735606670379639,1.0,8.0,8.0,2.0,5.0,2.0,1.0,8.0,3.0,4.0,4.0,0.121994249522686,-0.04536595568060875,4.0,-0.7331475019454956,0.12008107453584671,-19.01275492695539,1.5709927007555962,0.0,0.0,0.9936417415738106,2.0,9.0,9.0,3.0,1.0,3.0,2.0,9.0,4.0,5.0,0.0
10508,1.5709927007555962,0.0,0.0,0.9936417415738106,2.0,9.0,9.0,3.0,1.0,3.0,2.0,9.0,4.0,5.0,8.0,1.1021795272827148,-1.090652346611023,2.0,-0.8838657140731812,1.5957952737808228,-23.7053894812139,2.673172228038311,0.0,0.0,2.5894370153546333,3.0,10.0,1.0,4.0,2.0,4.0,3.0,10.0,1.0,6.0,0.0
10509,2.673172228038311,0.0,0.0,2.5894370153546333,3.0,10.0,1.0,4.0,2.0,4.0,3.0,10.0,1.0,6.0,9.0,-1.5687205791473389,-1.3894237279891968,0.0,-0.1978754848241806,-0.9306809902191162,-14.139384861441382,1.1044516488909721,0.0,0.0,1.6587560251355171,1.0,11.0,2.0,5.0,3.0,5.0,4.0,11.0,2.0,1.0,0.0
10510,1.1044516488909721,0.0,0.0,1.6587560251355171,1.0,11.0,2.0,5.0,3.0,5.0,4.0,11.0,2.0,1.0,1.0,1.4543395042419434,-1.1164350509643555,0.0,0.04631621018052101,-1.1508190631866455,-12.802590164119781,2.5587911531329155,0.0,0.04631621018052101,0.5079369619488716,1.0,1.0,3.0,6.0,4.0,6.0,5.0,12.0,3.0,2.0,0.0
10511,2.5587911531329155,0.0,0.04631621018052101,0.5079369619488716,1.0,1.0,3.0,6.0,4.0,6.0,5.0,12.0,3.0,2.0,5.0,-1.1291550397872925,0.8643863797187805,0.0,-0.8774738311767578,-1.2363715171813965,-16.35254786711669,1.429636113345623,0.8643863797187805,0.0,0.0,1.0,2.0,4.0,7.0,5.0,1.0,6.0,13.0,4.0,3.0,0.0
10512,1.429636113345623,0.8643863797187805,0.0,0.0,1.0,2.0,4.0,7.0,5.0,1.0,6.0,13.0,4.0,3.0,7.0,1.0190538167953491,-1.080612301826477,8.0,-0.2766782343387604,-0.10158586502075195,-13.558711268925983,2.448689930140972,0.0,0.0,0.0,2.0,3.0,5.0,8.0,6.0,2.0,7.0,1.0,1.0,4.0,0.0
10513,2.448689930140972,0.0,0.0,0.0,2.0,3.0,5.0,8.0,6.0,2.0,7.0,1.0,1.0,4.0,4.0,1.315338134765625,-0.49411237239837646,0.0,-1.5702534914016724,-1.446781873703003,-21.292401762461246,3.764028064906597,0.0,0.0,0.0,1.0,4.0,6.0,9.0,1.0,3.0,8.0,2.0,2.0,5.0,0.0
10514,3.764028064906597,0.0,0.0,0.0,1.0,4.0,6.0,9.0,1.0,3.0,8.0,2.0,2.0,5.0,8.0,1.2456130981445312,1.0384830236434937,6.0,-0.44965940713882446,0.8683980107307434,-16.81373397549651,5.009641163051128,1.0384830236434937,0.0,0.8683980107307434,2.0,5.0,7.0,10.0,2.0,4.0,1.0,3.0,1.0,6.0,0.0
10515,5.009641163051128,1.0384830236434937,0.0,0.8683980107307434,2.0,5.0,7.0,10.0,2.0,4.0,1.0,3.0,1.0,6.0,8.0,0.556037425994873,-0.2892957329750061,3.0,-1.7910010814666748,-0.9130196571350098,-20.186582955873,5.565678589046001,0.7491872906684875,0.0,0.0,3.0,6.0,8.0,1.0,3.0,5.0,2.0,4.0,1.0,7.0,0.0
10516,5.565678589046001,0.7491872906684875,0.0,0.0,3.0,6.0,8.0,1.0,3.0,5.0,2.0,4.0,1.0,7.0,0.0,-1.9290294647216797,-1.5665868520736694,4.0,-1.8692586421966553,-1.315964937210083,-26.574764805523746,3.6366491243243217,0.0,0.0,0.0,1.0,7.0,9.0,2.0,1.0,6.0,3.0,5.0,2.0,8.0,0.0
10517,3.6366491243243217,0.0,0.0,0.0,1.0,7.0,9.0,2.0,1.0,6.0,3.0,5.0,2.0,8.0,9.0,-1.3280316591262817,-1.1587648391723633,3.0,-1.1120468378067017,-1.062813639640808,-22.092300713230287,2.30861746519804,0.0,0.0,0.0,2.0,8.0,10.0,1.0,2.0,7.0,4.0,6.0,3.0,1.0,0.0
10518,2.30861746519804,0.0,0.0,0.0,2.0,8.0,10.0,1.0,2.0,7.0,4.0,6.0,3.0,1.0,8.0,-0.6084021329879761,-1.3697741031646729,2.0,-1.5069894790649414,0.6407200694084167,-29.81660034456963,1.700215332210064,0.0,0.0,0.6407200694084167,3.0,9.0,1.0,2.0,3.0,8.0,5.0,7.0,1.0,2.0,0.0
10519,1.700215332210064,0.0,0.0,0.6407200694084167,3.0,9.0,1.0,2.0,3.0,8.0,5.0,7.0,1.0,2.0,2.0,0.09459728747606277,-1.3726838827133179,6.0,-0.6312024593353271,-1.0240745544433594,-27.796033429925323,1.7948126196861267,0.0,0.0,0.0,4.0,10.0,1.0,3.0,4.0,9.0,1.0,8.0,2.0,3.0,0.0
10520,1.7948126196861267,0.0,0.0,0.0,4.0,10.0,1.0,3.0,4.0,9.0,1.0,8.0,2.0,3.0,0.0,-1.0932941436767578,0.49304327368736267,8.0,0.3320232331752777,0.4797801971435547,-10.405175207556162,0.7015184760093689,0.49304327368736267,0.3320232331752777,0.4797801971435547,1.0,11.0,2.0,4.0,5.0,10.0,2.0,9.0,1.0,4.0,0.0
10521,0.7015184760093689,0.49304327368736267,0.3320232331752777,0.4797801971435547,1.0,11.0,2.0,4.0,5.0,10.0,2.0,9.0,1.0,4.0,1.0,-1.092160940170288,0.12776844203472137,9.0,-0.756958544254303,-1.1936469078063965,-15.915107528142574,0.0,0.620811715722084,0.0,0.0,2.0,1.0,3.0,5.0,6.0,11.0,3.0,10.0,2.0,1.0,0.0
10522,0.0,0.620811715722084,0.0,0.0,2.0,1.0,3.0,5.0,6.0,11.0,3.0,10.0,2.0,1.0,5.0,1.6439543962478638,-0.14476549625396729,8.0,1.158755898475647,0.8382348418235779,-13.549055920209993,1.6439543962478638,0.47604621946811676,1.158755898475647,0.8382348418235779,3.0,2.0,4.0,6.0,7.0,1.0,4.0,11.0,1.0,2.0,0.0
10523,1.6439543962478638,0.47604621946811676,1.158755898475647,0.8382348418235779,3.0,2.0,4.0,6.0,7.0,1.0,4.0,11.0,1.0,2.0,0.0,0.3127635419368744,-0.569555401802063,2.0,-0.7444049715995789,-1.5227946043014526,-15.371795786942378,1.9567179381847382,0.0,0.4143509268760681,0.0,1.0,3.0,1.0,7.0,8.0,2.0,5.0,12.0,2.0,3.0,0.0
10524,1.9567179381847382,0.0,0.4143509268760681,0.0,1.0,3.0,1.0,7.0,8.0,2.0,5.0,12.0,2.0,3.0,9.0,-0.41994473338127136,0.9915866851806641,1.0,-1.8053088188171387,-1.4368408918380737,-19.620488033429318,1.5367732048034668,0.9915866851806641,0.0,0.0,2.0,1.0,2.0,8.0,9.0,3.0,6.0,13.0,3.0,1.0,0.0
10525,1.5367732048034668,0.9915866851806641,0.0,0.0,2.0,1.0,2.0,8.0,9.0,3.0,6.0,13.0,3.0,1.0,4.0,-0.15599319338798523,-0.9717867970466614,0.0,0.017253685742616653,0.600391149520874,-10.431382151354907,1.3807800114154816,0.019799888134002686,0.017253685742616653,0.600391149520874,1.0,2.0,3.0,9.0,1.0,4.0,7.0,14.0,4.0,2.0,0.0
10526,1.3807800114154816,0.019799888134002686,0.017253685742616653,0.600391149520874,1.0,2.0,3.0,9.0,1.0,4.0,7.0,14.0,4.0,2.0,2.0,-0.7796132564544678,1.5168534517288208,3.0,-0.2895888686180115,0.3750590682029724,-13.46946656695737,0.6011667549610138,1.5366533398628235,0.0,0.9754502177238464,2.0,3.0,1.0,1.0,2.0,5.0,8.0,15.0,5.0,3.0,0.0
10527,0.6011667549610138,1.5366533398628235,0.0,0.9754502177238464,2.0,3.0,1.0,1.0,2.0,5.0,8.0,15.0,5.0,3.0,0.0,-0.901138186454773,-0.3257620930671692,8.0,-1.4548105001449585,0.6926666498184204,-18.308729125684977,0.0,1.2108912467956543,0.0,1.6681168675422668,1.0,4.0,2.0,2.0,3.0,6.0,9.0,16.0,1.0,4.0,0.0
10528,0.0,1.2108912467956543,0.0,1.6681168675422668,1.0,4.0,2.0,2.0,3.0,6.0,9.0,16.0,1.0,4.0,5.0,-0.8577927947044373,-1.5763472318649292,0.0,-0.047004565596580505,-0.7229852676391602,-18.410249854316575,0.0,0.0,0.0,0.9451315999031067,1.0,5.0,3.0,3.0,4.0,1.0,10.0,17.0,2.0,5.0,0.0
10529,0.0,0.0,0.0,0.9451315999031067,1.0,5.0,3.0,3.0,4.0,1.0,10.0,17.0,2.0,5.0,8.0,0.6864997148513794,1.0203750133514404,8.0,0.11788289994001389,1.8466919660568237,-13.04570015304293,0.6864997148513794,1.0203750133514404,0.11788289994001389,2.7918235659599304,2.0,6.0,4.0,4.0,5.0,2.0,11.0,18.0,1.0,6.0,0.0
10530,0.6864997148513794,1.0203750133514404,0.11788289994001389,2.7918235659599304,2.0,6.0,4.0,4.0,5.0,2.0,11.0,18.0,1.0,6.0,4.0,-1.756651759147644,-0.2799646854400635,6.0,0.8739302754402161,0.43154335021972656,-22.564580065221204,0.0,0.740410327911377,0.99181317538023,3.223366916179657,3.0,7.0,5.0,5.0,1.0,3.0,1.0,19.0,2.0,7.0,0.0
10531,0.0,0.740410327911377,0.99181317538023,3.223366916179657,3.0,7.0,5.0,5.0,1.0,3.0,1.0,19.0,2.0,7.0,9.0,-0.28371915221214294,-0.7429181933403015,2.0,-1.8059279918670654,-1.2683392763137817,-17.172985585431416,0.0,0.0,0.0,1.9550276398658752,4.0,8.0,1.0,6.0,2.0,4.0,2.0,20.0,3.0,1.0,0.0
10532,0.0,0.0,0.0,1.9550276398658752,4.0,8.0,1.0,6.0,2.0,4.0,2.0,20.0,3.0,1.0,7.0,-1.189443826675415,-0.24455824494361877,8.0,0.2421221137046814,-0.3794005513191223,-17.193037947997837,0.0,0.0,0.2421221137046814,1.575627088546753,5.0,9.0,2.0,7.0,3.0,5.0,3.0,1.0,1.0,2.0,0.0
10533,0.0,0.0,0.2421221137046814,1.575627088546753,5.0,9.0,2.0,7.0,3.0,5.0,3.0,1.0,1.0,2.0,9.0,-0.4231458306312561,0.7052392959594727,0.0,-1.014810562133789,-1.7777135372161865,-12.128477918711626,0.0,0.7052392959594727,0.0,0.0,1.0,10.0,3.0,8.0,4.0,6.0,4.0,2.0,2.0,1.0,0.0
10534,0.0,0.7052392959594727,0.0,0.0,1.0,10.0,3.0,8.0,4.0,6.0,4.0,2.0,2.0,1.0,3.0,-0.3887636661529541,-0.8387580513954163,1.0,1.7757998704910278,-0.1431395411491394,-12.177362651855857,0.0,0.0,1.7757998704910278,0.0,2.0,1.0,4.0,1.0,5.0,7.0,5.0,3.0,3.0,2.0,0.0
10535,0.0,0.0,1.7757998704910278,0.0,2.0,1.0,4.0,1.0,5.0,7.0,5.0,3.0,3.0,2.0,0.0,0.622998058795929,0.4072509706020355,8.0,-1.582242488861084,0.1515997350215912,-9.793247866153798,0.622998058795929,0.4072509706020355,0.19355738162994385,0.1515997350215912,1.0,2.0,5.0,2.0,6.0,8.0,6.0,4.0,1.0,3.0,0.0
10536,0.622998058795929,0.4072509706020355,0.19355738162994385,0.1515997350215912,1.0,2.0,5.0,2.0,6.0,8.0,6.0,4.0,1.0,3.0,2.0,1.1429299116134644,-0.45180317759513855,0.0,-0.6930950880050659,0.3307487964630127,-13.38759613502721,1.7659279704093933,0.0,0.0,0.4823485314846039,1.0,3.0,1.0,3.0,7.0,9.0,7.0,5.0,2.0,4.0,0.0
10537,1.7659279704093933,0.0,0.0,0.4823485314846039,1.0,3.0,1.0,3.0,7.0,9.0,7.0,5.0,2.0,4.0,4.0,-1.3748445510864258,-0.4505862891674042,8.0,-1.3451372385025024,0.24884094297885895,-24.07851318167656,0.39108341932296753,0.0,0.0,0.7311894744634628,2.0,4.0,2.0,4.0,1.0,10.0,8.0,6.0,1.0,5.0,0.0
10538,0.39108341932296753,0.0,0.0,0.7311894744634628,2.0,4.0,2.0,4.0,1.0,10.0,8.0,6.0,1.0,5.0,3.0,-0.7235453724861145,-0.2885453999042511,9.0,0.41268956661224365,0.48604217171669006,-10.691923270819132,0.0,0.0,0.41268956661224365,1.217231646180153,3.0,5.0,3.0,1.0,2.0,11.0,9.0,7.0,2.0,1.0,0.0
10539,0.0,0.0,0.41268956661224365,1.217231646180153,3.0,5.0,3.0,1.0,2.0,11.0,9.0,7.0,2.0,1.0,2.0,-0.7713650465011597,-0.4699431359767914,5.0,-1.8662439584732056,0.40226998925209045,-29.495896458921468,0.0,0.0,0.0,1.6195016354322433,4.0,6.0,1.0,2.0,3.0,1.0,10.0,8.0,3.0,2.0,0.0
10540,0.0,0.0,0.0,1.6195016354322433,4.0,6.0,1.0,2.0,3.0,1.0,10.0,8.0,3.0,2.0,9.0,-1.6446048021316528,0.9211424589157104,6.0,-1.8715194463729858,-0.2298225462436676,-29.36106737384542,0.0,0.9211424589157104,0.0,1.3896790891885757,5.0,7.0,2.0,3.0,4.0,2.0,1.0,9.0,4.0,1.0,0.0
10541,0.0,0.9211424589157104,0.0,1.3896790891885757,5.0,7.0,2.0,3.0,4.0,2.0,1.0,9.0,4.0,1.0,9.0,0.2777632474899292,0.9354936480522156,8.0,-1.1794177293777466,-0.4572778344154358,-15.41895885710484,0.2777632474899292,1.856636106967926,0.0,0.93240125477314,6.0,8.0,3.0,4.0,5.0,3.0,2.0,10.0,1.0,1.0,0.0
10542,0.2777632474899292,1.856636106967926,0.0,0.93240125477314,6.0,8.0,3.0,4.0,5.0,3.0,2.0,10.0,1.0,1.0,4.0,0.5762051343917847,-1.2546497583389282,0.0,-0.9354472756385803,-0.5083303451538086,-14.74165236914348,0.8539683818817139,0.6019863486289978,0.0,0.42407090961933136,1.0,9.0,4.0,5.0,1.0,4.0,3.0,11.0,2.0,2.0,0.0
10543,0.8539683818817139,0.6019863486289978,0.0,0.42407090961933136,1.0,9.0,4.0,5.0,1.0,4.0,3.0,11.0,2.0,2.0,9.0,1.350901484489441,-1.732600212097168,10.0,0.16714489459991455,0.31359395384788513,-11.434819706513473,2.204869866371155,0.0,0.16714489459991455,0.7376648634672165,2.0,10.0,5.0,6.0,2.0,5.0,4.0,12.0,3.0,1.0,0.0
10544,2.204869866371155,0.0,0.16714489459991455,0.7376648634672165,2.0,10.0,5.0,6.0,2.0,5.0,4.0,12.0,3.0,1.0,1.0,0.25359272956848145,-0.8502629995346069,8.0,0.09322849661111832,0.7119744420051575,-15.110025609386348,2.4584625959396362,0.0,0.26037339121103287,1.449639305472374,3.0,1.0,6.0,7.0,3.0,6.0,5.0,13.0,1.0,2.0,0.0
10545,2.4584625959396362,0.0,0.26037339121103287,1.449639305472374,3.0,1.0,6.0,7.0,3.0,6.0,5.0,13.0,1.0,2.0,9.0,-1.2096935510635376,0.21428155899047852,2.0,-0.21837186813354492,-1.763007402420044,-14.374285645665354,1.2487690448760986,0.21428155899047852,0.042001523077487946,0.0,4.0,2.0,1.0,8.0,4.0,7.0,6.0,14.0,2.0,1.0,0.0
10546,1.2487690448760986,0.21428155899047852,0.042001523077487946,0.0,4.0,2.0,1.0,8.0,4.0,7.0,6.0,14.0,2.0,1.0,5.0,-0.11004745215177536,1.0023119449615479,0.0,-1.3482390642166138,-1.1192656755447388,-19.736715029665014,1.1387215927243233,1.2165935039520264,0.0,0.0,1.0,3.0,2.0,9.0,5.0,1.0,7.0,15.0,3.0,2.0,0.0
10547,1.1387215927243233,1.2165935039520264,0.0,0.0,1.0,3.0,2.0,9.0,5.0,1.0,7.0,15.0,3.0,2.0,3.0,0.9974356889724731,0.9385955929756165,3.0,-0.5081843733787537,-0.48402246832847595,-13.478934124751012,2.1361572816967964,2.155189096927643,0.0,0.0,2.0,4.0,3.0,1.0,6.0,2.0,8.0,16.0,4.0,3.0,0.0
10548,2.1361572816967964,2.155189096927643,0.0,0.0,2.0,4.0,3.0,1.0,6.0,2.0,8.0,16.0,4.0,3.0,2.0,0.6411116123199463,-0.8195655345916748,8.0,-1.8774415254592896,1.4618476629257202,-22.36845337675336,2.7772688940167427,1.335623562335968,0.0,1.4618476629257202,3.0,5.0,1.0,2.0,7.0,3.0,9.0,17.0,1.0,4.0,0.0
10549,2.7772688940167427,1.335623562335968,0.0,1.4618476629257202,3.0,5.0,1.0,2.0,7.0,3.0,9.0,17.0,1.0,4.0,4.0,-0.40137094259262085,-1.1735550165176392,8.0,-0.7618631720542908,0.9812172055244446,-16.434997010303377,2.375897951424122,0.16206854581832886,0.0,2.443064868450165,4.0,6.0,2.0,3.0,1.0,4.0,10.0,18.0,1.0,5.0,0.0
10550,2.375897951424122,0.16206854581832886,0.0,2.443064868450165,4.0,6.0,2.0,3.0,1.0,4.0,10.0,18.0,1.0,5.0,5.0,-1.6916866302490234,-1.2960474491119385,8.0,-1.6003048419952393,1.3802815675735474,-28.68575461931414,0.6842113211750984,0.0,0.0,3.823346436023712,5.0,7.0,3.0,4.0,2.0,1.0,11.0,19.0,1.0,6.0,0.0
10551,0.6842113211750984,0.0,0.0,3.823346436023712,5.0,7.0,3.0,4.0,2.0,1.0,11.0,19.0,1.0,6.0,4.0,-1.0793558359146118,0.10691270232200623,0.0,-1.4033986330032349,0.10304120182991028,-22.7163894097803,0.0,0.10691270232200623,0.0,3.9263876378536224,1.0,8.0,4.0,5.0,1.0,2.0,12.0,20.0,2.0,7.0,0.0
10552,0.0,0.10691270232200623,0.0,3.9263876378536224,1.0,8.0,4.0,5.0,1.0,2.0,12.0,20.0,2.0,7.0,9.0,-1.442327857017517,1.0704009532928467,5.0,0.09213573485612869,-0.5194123983383179,-20.08380163972976,0.0,1.177313655614853,0.09213573485612869,3.4069752395153046,2.0,9.0,5.0,6.0,2.0,1.0,13.0,21.0,3.0,1.0,0.0
10553,0.0,1.177313655614853,0.09213573485612869,3.4069752395153046,2.0,9.0,5.0,6.0,2.0,1.0,13.0,21.0,3.0,1.0,7.0,-0.04642200842499733,-0.2770370841026306,0.0,-0.8864819407463074,0.5103195309638977,-13.784343626217979,0.0,0.9002765715122223,0.0,3.9172947704792023,1.0,10.0,6.0,7.0,3.0,2.0,14.0,1.0,4.0,2.0,0.0
10554,0.0,0.9002765715122223,0.0,3.9172947704792023,1.0,10.0,6.0,7.0,3.0,2.0,14.0,1.0,4.0,2.0,4.0,1.7161020040512085,0.6560787558555603,6.0,-0.9885964393615723,1.02228844165802,-21.106874438986626,1.7161020040512085,1.5563553273677826,0.0,4.939583212137222,2.0,11.0,7.0,8.0,1.0,3.0,1.0,2.0,5.0,3.0,0.0
10555,1.7161020040512085,1.5563553273677826,0.0,4.939583212137222,2.0,11.0,7.0,8.0,1.0,3.0,1.0,2.0,5.0,3.0,8.0,-0.33624476194381714,-1.1291652917861938,2.0,-1.1644343137741089,-0.7136353254318237,-18.35689600323409,1.3798572421073914,0.42719003558158875,0.0,4.225947886705399,3.0,12.0,1.0,9.0,2.0,4.0,2.0,3.0,1.0,4.0,0.0
10556,1.3798572421073914,0.42719003558158875,0.0,4.225947886705399,3.0,12.0,1.0,9.0,2.0,4.0,2.0,3.0,1.0,4.0,8.0,-1.3841748237609863,-0.5294807553291321,1.0,0.2165345400571823,-1.8276187181472778,-13.633278894055875,0.0,0.0,0.2165345400571823,2.3983291685581207,4.0,1.0,2.0,10.0,3.0,5.0,3.0,4.0,1.0,5.0,0.0
10557,0.0,0.0,0.2165345400571823,2.3983291685581207,4.0,1.0,2.0,10.0,3.0,5.0,3.0,4.0,1.0,5.0,9.0,1.5740736722946167,1.7688144445419312,6.0,0.43783459067344666,0.06194112077355385,-10.568181747792652,1.5740736722946167,1.7688144445419312,0.654369130730629,2.4602702893316746,5.0,2.0,3.0,11.0,4.0,6.0,1.0,5.0,2.0,1.0,0.0
10558,1.5740736722946167,1.7688144445419312,0.654369130730629,2.4602702893316746,5.0,2.0,3.0,11.0,4.0,6.0,1.0,5.0,2.0,1.0,9.0,1.938622236251831,-0.2972153127193451,3.0,0.16414888203144073,-0.5019544363021851,-5.816657943516463,3.5126959085464478,1.471599131822586,0.8185180127620697,1.9583158530294895,6.0,3.0,4.0,1.0,5.0,7.0,2.0,6.0,3.0,1.0,0.0
10559,3.5126959085464478,1.471599131822586,0.8185180127620697,1.9583158530294895,6.0,3.0,4.0,1.0,5.0,7.0,2.0,6.0,3.0,1.0,0.0,-1.1722139120101929,-0.547832727432251,8.0,-1.8485970497131348,-0.3023994565010071,-13.151720164397744,2.340481996536255,0.9237664043903351,0.0,1.6559163965284824,1.0,4.0,5.0,2.0,6.0,8.0,3.0,7.0,1.0,2.0,0.0
10560,2.340481996536255,0.9237664043903351,0.0,1.6559163965284824,1.0,4.0,5.0,2.0,6.0,8.0,3.0,7.0,1.0,2.0,2.0,0.5849621295928955,-1.3117512464523315,0.0,-1.4643700122833252,-1.34347403049469,-19.311324341006348,2.9254441261291504,0.0,0.0,0.3124423660337925,1.0,5.0,1.0,3.0,7.0,9.0,4.0,8.0,2.0,3.0,0.0
10561,2.9254441261291504,0.0,0.0,0.3124423660337925,1.0,5.0,1.0,3.0,7.0,9.0,4.0,8.0,2.0,3.0,4.0,0.6480678915977478,-1.2567235231399536,8.0,-1.51472806930542,-0.4430754780769348,-27.172087283474866,3.573512017726898,0.0,0.0,0.0,2.0,6.0,2.0,4.0,1.0,10.0,5.0,9.0,1.0,4.0,0.0
10562,3.573512017726898,0.0,0.0,0.0,2.0,6.0,2.0,4.0,1.0,10.0,5.0,9.0,1.0,4.0,9.0,-1.3568320274353027,0.031237922608852386,9.0,-0.9386397004127502,0.6351165771484375,-11.455276640103222,2.2166799902915955,0.031237922608852386,0.0,0.6351165771484375,3.0,7.0,3.0,5.0,2.0,11.0,6.0,10.0,2.0,1.0,0.0
10563,2.2166799902915955,0.031237922608852386,0.0,0.6351165771484375,3.0,7.0,3.0,5.0,2.0,11.0,6.0,10.0,2.0,1.0,5.0,-0.05550288036465645,0.2397870421409607,3.0,-0.9458408355712891,-0.5241356492042542,-17.37237118231551,2.161177109926939,0.2710249647498131,0.0,0.11098092794418335,4.0,8.0,4.0,1.0,3.0,1.0,7.0,11.0,3.0,2.0,0.0
10564,2.161177109926939,0.2710249647498131,0.0,0.11098092794418335,4.0,8.0,4.0,1.0,3.0,1.0,7.0,11.0,3.0,2.0,4.0,-0.3372645080089569,-0.933895468711853,8.0,0.05811294913291931,-0.4574111998081207,-19.99950310874546,1.823912601917982,0.0,0.05811294913291931,0.0,5.0,9.0,5.0,2.0,1.0,2.0,8.0,12.0,1.0,3.0,0.0
10565,1.823912601917982,0.0,0.05811294913291931,0.0,5.0,9.0,5.0,2.0,1.0,2.0,8.0,12.0,1.0,3.0,0.0,0.8305222988128662,-0.9090386629104614,4.0,-0.5991381406784058,-1.0860099792480469,-22.44725783800049,2.6544349007308483,0.0,0.0,0.0,1.0,10.0,6.0,3.0,1.0,3.0,9.0,13.0,2.0,4.0,0.0
10566,2.6544349007308483,0.0,0.0,0.0,1.0,10.0,6.0,3.0,1.0,3.0,9.0,13.0,2.0,4.0,7.0,-1.4674427509307861,-1.4236289262771606,4.0,-0.1453339159488678,0.0808851346373558,-21.29968433043628,1.1869921498000622,0.0,0.0,0.0808851346373558,2.0,11.0,7.0,4.0,1.0,4.0,10.0,1.0,3.0,5.0,0.0
10567,1.1869921498000622,0.0,0.0,0.0808851346373558,2.0,11.0,7.0,4.0,1.0,4.0,10.0,1.0,3.0,5.0,4.0,0.085725337266922,-0.05409456044435501,8.0,-0.5621509552001953,-1.3046541213989258,-23.101267310019814,1.2727174870669842,0.0,0.0,0.0,3.0,12.0,8.0,5.0,1.0,5.0,11.0,2.0,1.0,6.0,0.0
10568,1.2727174870669842,0.0,0.0,0.0,3.0,12.0,8.0,5.0,1.0,5.0,11.0,2.0,1.0,6.0,8.0,-1.6628562211990356,-0.5099726319313049,1.0,-1.2216700315475464,-0.09427450597286224,-24.47321364551311,0.0,0.0,0.0,0.0,4.0,1.0,9.0,6.0,2.0,6.0,12.0,3.0,1.0,7.0,0.0
10569,0.0,0.0,0.0,0.0,4.0,1.0,9.0,6.0,2.0,6.0,12.0,3.0,1.0,7.0,9.0,0.8347222208976746,-1.275525689125061,6.0,0.8779636025428772,0.9074419140815735,-17.407023671418813,0.8347222208976746,0.0,0.8779636025428772,0.9074419140815735,5.0,2.0,10.0,7.0,3.0,7.0,1.0,4.0,2.0,1.0,0.0
10570,0.8347222208976746,0.0,0.8779636025428772,0.9074419140815735,5.0,2.0,10.0,7.0,3.0,7.0,1.0,4.0,2.0,1.0,9.0,1.8195757865905762,-1.13856041431427,0.0,-1.4717603921890259,-1.3783478736877441,-15.808306580650257,2.6542980074882507,0.0,0.0,0.0,1.0,3.0,11.0,8.0,4.0,8.0,2.0,5.0,3.0,1.0,0.0
10571,2.6542980074882507,0.0,0.0,0.0,1.0,3.0,11.0,8.0,4.0,8.0,2.0,5.0,3.0,1.0,0.0,-1.2028186321258545,-1.6802512407302856,2.0,-0.532957911491394,-1.1376467943191528,-26.66983410483263,1.4514793753623962,0.0,0.0,0.0,1.0,4.0,1.0,9.0,5.0,9.0,3.0,6.0,4.0,2.0,0.0
10572,1.4514793753623962,0.0,0.0,0.0,1.0,4.0,1.0,9.0,5.0,9.0,3.0,6.0,4.0,2.0,9.0,0.48154911398887634,0.6101794838905334,3.0,-0.2659638226032257,0.2053040713071823,-9.400651024171168,1.9330284893512726,0.6101794838905334,0.0,0.2053040713071823,2.0,5.0,2.0,1.0,6.0,10.0,4.0,7.0,5.0,1.0,0.0
10573,1.9330284893512726,0.6101794838905334,0.0,0.2053040713071823,2.0,5.0,2.0,1.0,6.0,10.0,4.0,7.0,5.0,1.0,2.0,1.2160007953643799,-1.3008153438568115,8.0,-1.2932952642440796,-0.07685942202806473,-24.793740180367998,3.1490292847156525,0.0,0.0,0.12844464927911758,3.0,6.0,1.0,2.0,7.0,11.0,5.0,8.0,1.0,2.0,0.0
10574,3.1490292847156525,0.0,0.0,0.12844464927911758,3.0,6.0,1.0,2.0,7.0,11.0,5.0,8.0,1.0,2.0,2.0,1.038387656211853,-1.4916322231292725,8.0,-1.4768205881118774,-1.2057863473892212,-31.96461890715837,4.1874169409275055,0.0,0.0,0.0,4.0,7.0,1.0,3.0,8.0,12.0,6.0,9.0,1.0,3.0,0.0
10575,4.1874169409275055,0.0,0.0,0.0,4.0,7.0,1.0,3.0,8.0,12.0,6.0,9.0,1.0,3.0,4.0,0.7583770751953125,-0.812425971031189,0.0,-0.8893747925758362,0.15217924118041992,-17.145399465998498,4.945794016122818,0.0,0.0,0.15217924118041992,1.0,8.0,2.0,4.0,1.0,13.0,7.0,10.0,2.0,4.0,0.0
10576,4.945794016122818,0.0,0.0,0.15217924118041992,1.0,8.0,2.0,4.0,1.0,13.0,7.0,10.0,2.0,4.0,8.0,-0.6802054047584534,-1.1147228479385376,8.0,-0.6813838481903076,0.8725359439849854,-23.98989691328206,4.265588611364365,0.0,0.0,1.0247151851654053,2.0,9.0,3.0,5.0,2.0,14.0,8.0,11.0,1.0,5.0,0.0
10577,4.265588611364365,0.0,0.0,1.0247151851654053,2.0,9.0,3.0,5.0,2.0,14.0,8.0,11.0,1.0,5.0,1.0,0.15378260612487793,-1.4384113550186157,0.0,-0.1543421894311905,0.7534745931625366,-15.722762893355437,4.4193712174892426,0.0,0.0,1.778189778327942,1.0,1.0,4.0,6.0,3.0,15.0,9.0,12.0,2.0,6.0,0.0
10578,4.4193712174892426,0.0,0.0,1.778189778327942,1.0,1.0,4.0,6.0,3.0,15.0,9.0,12.0,2.0,6.0,0.0,0.12539298832416534,-0.7344152927398682,3.0,-1.8716408014297485,0.5722163319587708,-21.156575978183966,4.544764205813408,0.0,0.0,2.3504061102867126,1.0,2.0,5.0,1.0,4.0,16.0,10.0,13.0,3.0,7.0,0.0
10579,4.544764205813408,0.0,0.0,2.3504061102867126,1.0,2.0,5.0,1.0,4.0,16.0,10.0,13.0,3.0,7.0,9.0,0.8815579414367676,-1.0564420223236084,0.0,-1.2686426639556885,-0.4638044536113739,-20.250667148054887,5.4263221472501755,0.0,0.0,1.8866016566753387,1.0,3.0,6.0,2.0,5.0,17.0,11.0,14.0,4.0,1.0,0.0
10580,5.4263221472501755,0.0,0.0,1.8866016566753387,1.0,3.0,6.0,2.0,5.0,17.0,11.0,14.0,4.0,1.0,0.0,-0.4275125563144684,-1.8299592733383179,8.0,-1.8740088939666748,0.13745728135108948,-29.62275653438939,4.998809590935707,0.0,0.0,2.0240589380264282,1.0,4.0,7.0,3.0,6.0,18.0,12.0,15.0,1.0,2.0,0.0
10581,4.998809590935707,0.0,0.0,2.0240589380264282,1.0,4.0,7.0,3.0,6.0,18.0,12.0,15.0,1.0,2.0,4.0,-0.594447672367096,-0.7523267865180969,8.0,-1.5558710098266602,-1.1171115636825562,-26.184966131054438,4.404361918568611,0.0,0.0,0.9069473743438721,2.0,5.0,8.0,4.0,1.0,19.0,13.0,16.0,1.0,3.0,0.0
10582,4.404361918568611,0.0,0.0,0.9069473743438721,2.0,5.0,8.0,4.0,1.0,19.0,13.0,16.0,1.0,3.0,0.0,0.8894137144088745,-1.5507769584655762,8.0,-0.9943520426750183,0.04398377612233162,-25.92677748810705,5.293775632977486,0.0,0.0,0.9509311504662037,1.0,6.0,9.0,5.0,2.0,20.0,14.0,17.0,1.0,4.0,0.0
10583,5.293775632977486,0.0,0.0,0.9509311504662037,1.0,6.0,9.0,5.0,2.0,20.0,14.0,17.0,1.0,4.0,8.0,0.04575604200363159,-0.5710619688034058,5.0,-0.5969173312187195,0.5725864171981812,-23.829367828933357,5.339531674981117,0.0,0.0,1.5235175676643848,2.0,7.0,10.0,6.0,3.0,1.0,15.0,18.0,1.0,5.0,0.0
10584,5.339531674981117,0.0,0.0,1.5235175676643848,2.0,7.0,10.0,6.0,3.0,1.0,15.0,18.0,1.0,5.0,4.0,-0.8060040473937988,-0.0018275375477969646,5.0,-1.0932960510253906,0.6175123453140259,-21.882952235710768,4.533527627587318,0.0,0.0,2.1410299129784107,3.0,8.0,11.0,7.0,1.0,1.0,16.0,19.0,2.0,6.0,0.0
10585,4.533527627587318,0.0,0.0,2.1410299129784107,3.0,8.0,11.0,7.0,1.0,1.0,16.0,19.0,2.0,6.0,9.0,-1.7853941917419434,-1.4286035299301147,2.0,-0.5149010419845581,1.451514482498169,-21.449002961729008,2.748133435845375,0.0,0.0,3.5925443954765797,4.0,9.0,1.0,8.0,2.0,2.0,17.0,20.0,3.0,1.0,0.0
10586,2.748133435845375,0.0,0.0,3.5925443954765797,4.0,9.0,1.0,8.0,2.0,2.0,17.0,20.0,3.0,1.0,1.0,-1.5727081298828125,0.5618230700492859,6.0,-0.5609419941902161,0.48958444595336914,-18.71066814488871,1.1754253059625626,0.5618230700492859,0.0,4.082128841429949,5.0,1.0,2.0,9.0,3.0,3.0,1.0,21.0,4.0,2.0,0.0
10587,1.1754253059625626,0.5618230700492859,0.0,4.082128841429949,5.0,1.0,2.0,9.0,3.0,3.0,1.0,21.0,4.0,2.0,9.0,-0.7580899596214294,-0.639125645160675,0.0,-1.7937079668045044,-0.20800384879112244,-17.078034728950573,0.4173353463411331,0.0,0.0,3.8741249926388264,1.0,2.0,3.0,10.0,4.0,4.0,2.0,22.0,5.0,1.0,0.0
10588,0.4173353463411331,0.0,0.0,3.8741249926388264,1.0,2.0,3.0,10.0,4.0,4.0,2.0,22.0,5.0,1.0,7.0,0.30292657017707825,0.76435387134552,0.0,-1.313841462135315,-0.5734138488769531,-14.366225618378827,0.7202619165182114,0.76435387134552,0.0,3.3007111437618732,1.0,3.0,4.0,11.0,5.0,5.0,3.0,1.0,6.0,2.0,0.0
10589,0.7202619165182114,0.76435387134552,0.0,3.3007111437618732,1.0,3.0,4.0,11.0,5.0,5.0,3.0,1.0,6.0,2.0,9.0,1.377091646194458,-0.396071195602417,3.0,-1.0576659440994263,-1.4188345670700073,-11.52300184453713,2.0973535627126694,0.368282675743103,0.0,1.881876576691866,2.0,4.0,5.0,1.0,6.0,6.0,4.0,2.0,7.0,1.0,0.0
10590,2.0973535627126694,0.368282675743103,0.0,1.881876576691866,2.0,4.0,5.0,1.0,6.0,6.0,4.0,2.0,7.0,1.0,9.0,-0.02712727151811123,-1.4344974756240845,8.0,-1.9376468658447266,-0.725924015045166,-24.24526068754499,2.070226291194558,0.0,0.0,1.1559525616467,3.0,5.0,6.0,2.0,7.0,7.0,5.0,3.0,1.0,1.0,0.0
10591,2.070226291194558,0.0,0.0,1.1559525616467,3.0,5.0,6.0,2.0,7.0,7.0,5.0,3.0,1.0,1.0,4.0,0.07836254686117172,-0.5589047074317932,2.0,-1.8808646202087402,-1.1870371103286743,-27.283919976036255,2.14858883805573,0.0,0.0,0.0,4.0,6.0,1.0,3.0,1.0,8.0,6.0,4.0,2.0,2.0,0.0
10592,2.14858883805573,0.0,0.0,0.0,4.0,6.0,1.0,3.0,1.0,8.0,6.0,4.0,2.0,2.0,2.0,-0.23285020887851715,0.3694411516189575,3.0,0.7173656821250916,1.3191347122192383,-11.577328294036668,1.9157386291772127,0.3694411516189575,0.7173656821250916,1.3191347122192383,5.0,7.0,1.0,1.0,2.0,9.0,7.0,5.0,3.0,3.0,0.0
10593,1.9157386291772127,0.3694411516189575,0.7173656821250916,1.3191347122192383,5.0,7.0,1.0,1.0,2.0,9.0,7.0,5.0,3.0,3.0,2.0,-1.4553231000900269,-0.2752850651741028,8.0,-0.8805752992630005,0.2957282066345215,-16.318210773965472,0.46041552908718586,0.09415608644485474,0.0,1.6148629188537598,6.0,8.0,1.0,2.0,3.0,10.0,8.0,6.0,1.0,4.0,0.0
10594,0.46041552908718586,0.09415608644485474,0.0,1.6148629188537598,6.0,8.0,1.0,2.0,3.0,10.0,8.0,6.0,1.0,4.0,9.0,-0.5660679936408997,-0.09169498085975647,0.0,-1.3446193933486938,-0.45983538031578064,-14.193813309771077,0.0,0.0024611055850982666,0.0,1.1550275385379791,1.0,9.0,2.0,3.0,4.0,11.0,9.0,7.0,2.0,1.0,0.0
10595,0.0,0.0024611055850982666,0.0,1.1550275385379791,1.0,9.0,2.0,3.0,4.0,11.0,9.0,7.0,2.0,1.0,2.0,0.02854016423225403,-0.9058281779289246,0.0,-1.5250996351242065,-0.7290210723876953,-25.727410762384885,0.02854016423225403,0.0,0.0,0.4260064661502838,1.0,10.0,1.0,4.0,5.0,12.0,10.0,8.0,3.0,2.0,0.0
10596,0.02854016423225403,0.0,0.0,0.4260064661502838,1.0,10.0,1.0,4.0,5.0,12.0,10.0,8.0,3.0,2.0,1.0,0.5201452970504761,-1.5174769163131714,9.0,-0.07668683677911758,-0.35325887799263,-18.384159377369322,0.5486854612827301,0.0,0.0,0.07274758815765381,2.0,1.0,2.0,5.0,6.0,13.0,11.0,9.0,4.0,1.0,0.0
10597,0.5486854612827301,0.0,0.0,0.07274758815765381,2.0,1.0,2.0,5.0,6.0,13.0,11.0,9.0,4.0,1.0,5.0,1.5308942794799805,-0.052954453974962234,8.0,-1.4108977317810059,0.45798787474632263,-22.310675377006625,2.0795797407627106,0.0,0.0,0.5307354629039764,3.0,2.0,3.0,6.0,7.0,1.0,12.0,10.0,1.0,2.0,0.0
10598,2.0795797407627106,0.0,0.0,0.5307354629039764,3.0,2.0,3.0,6.0,7.0,1.0,12.0,10.0,1.0,2.0,4.0,-1.2473307847976685,0.15697842836380005,0.0,-1.2446202039718628,0.2557999789714813,-17.078367524189673,0.8322489559650421,0.15697842836380005,0.0,0.7865354418754578,1.0,3.0,4.0,7.0,1.0,2.0,13.0,11.0,2.0,3.0,0.0
10599,0.8322489559650421,0.15697842836380005,0.0,0.7865354418754578,1.0,3.0,4.0,7.0,1.0,2.0,13.0,11.0,2.0,3.0,6.0,-1.7278224229812622,0.35449302196502686,5.0,-1.0644065141677856,0.07108363509178162,-28.09699334470962,0.0,0.5114714503288269,0.0,0.8576190769672394,2.0,4.0,5.0,8.0,2.0,1.0,1.0,12.0,3.0,4.0,1.0
10600,7.288149356842041,3.5238943099975586,4.791392803192139,8.140737533569336,1.0,1.0,1.0,1.0,1.0,1.0,1.0,1.0,1.0,1.0,8.0,-1.9581565856933594,-1.2687702178955078,8.0,-1.9876272678375244,-1.9842609167099,-4.574806792790541,5.329992771148682,2.255124092102051,2.8037655353546143,6.156476616859436,2.0,2.0,2.0,2.0,2.0,2.0,2.0,2.0,1.0,2.0,0.0
10601,5.329992771148682,2.255124092102051,2.8037655353546143,6.156476616859436,2.0,2.0,2.0,2.0,2.0,2.0,2.0,2.0,1.0,2.0,8.0,-1.8906807899475098,-0.8428751826286316,0.0,-1.8481452465057373,-1.72947096824646,-6.639449952038333,3.439311981201172,1.4122489094734192,0.955620288848877,4.427005648612976,1.0,3.0,3.0,3.0,3.0,3.0,3.0,3.0,1.0,3.0,0.0
10602,3.439311981201172,1.4122489094734192,0.955620288848877,4.427005648612976,1.0,3.0,3.0,3.0,3.0,3.0,3.0,3.0,1.0,3.0,8.0,-1.2151936292648315,-0.37856146693229675,8.0,-1.7578256130218506,-1.4598779678344727,-13.98335272239579,2.2241183519363403,1.0336874425411224,0.0,2.9671276807785034,2.0,4.0,4.0,4.0,4.0,4.0,4.0,4.0,1.0,4.0,0.0
10603,2.2241183519363403,1.0336874425411224,0.0,2.9671276807785034,2.0,4.0,4.0,4.0,4.0,4.0,4.0,4.0,1.0,4.0,6.0,-1.1605936288833618,1.7968134880065918,8.0,-1.8683209419250488,-0.7699522376060486,-22.691576479897236,1.0635247230529785,2.8305009305477142,0.0,2.197175443172455,3.0,5.0,5.0,5.0,5.0,5.0,1.0,5.0,1.0,5.0,0.0
10604,1.0635247230529785,2.8305009305477142,0.0,2.197175443172455,3.0,5.0,5.0,5.0,5.0,5.0,1.0,5.0,1.0,5.0,9.0,0.9719274640083313,-1.0300464630126953,3.0,-1.1853264570236206,-0.48216354846954346,-12.061821247634905,2.03545218706131,1.800454467535019,0.0,1.7150118947029114,4.0,6.0,6.0,1.0,6.0,6.0,2.0,6.0,2.0,1.0,0.0
10605,2.03545218706131,1.800454467535019,0.0,1.7150118947029114,4.0,6.0,6.0,1.0,6.0,6.0,2.0,6.0,2.0,1.0,4.0,-0.00441709952428937,-1.2167835235595703,2.0,-0.889434278011322,1.0330078601837158,-16.90724424515621,2.0310350875370204,0.5836709439754486,0.0,2.748019754886627,5.0,7.0,1.0,2.0,1.0,7.0,3.0,7.0,3.0,2.0,0.0
10606,2.0310350875370204,0.5836709439754486,0.0,2.748019754886627,5.0,7.0,1.0,2.0,1.0,7.0,3.0,7.0,3.0,2.0,0.0,-1.5152742862701416,-1.5028880834579468,8.0,-1.3349974155426025,-0.694031834602356,-19.61731090271772,0.5157608012668788,0.0,0.0,2.0539879202842712,1.0,8.0,2.0,3.0,2.0,8.0,4.0,8.0,1.0,3.0,0.0
10607,0.5157608012668788,0.0,0.0,2.0539879202842712,1.0,8.0,2.0,3.0,2.0,8.0,4.0,8.0,1.0,3.0,0.0,-1.6704612970352173,-1.2815800905227661,8.0,-0.8266103267669678,-0.8872501850128174,-22.93369372069126,0.0,0.0,0.0,1.1667377352714539,1.0,9.0,3.0,4.0,3.0,9.0,5.0,9.0,1.0,4.0,0.0
10608,0.0,0.0,0.0,1.1667377352714539,1.0,9.0,3.0,4.0,3.0,9.0,5.0,9.0,1.0,4.0,9.0,-0.3078337013721466,0.6075918674468994,9.0,-0.7992343902587891,-0.8018983602523804,-13.040836293046775,0.0,0.6075918674468994,0.0,0.3648393750190735,2.0,10.0,4.0,5.0,4.0,10.0,6.0,10.0,2.0,1.0,0.0
10609,0.0,0.6075918674468994,0.0,0.3648393750190735,2.0,10.0,4.0,5.0,4.0,10.0,6.0,10.0,2.0,1.0,2.0,0.0918082445859909,-1.425855040550232,5.0,1.1125308275222778,0.38171154260635376,-21.858003352490048,0.0918082445859909,0.0,1.1125308275222778,0.7465509176254272,3.0,11.0,1.0,6.0,5.0,1.0,7.0,11.0,3.0,2.0,0.0
10610,0.0918082445859909,0.0,1.1125308275222778,0.7465509176254272,3.0,11.0,1.0,6.0,5.0,1.0,7.0,11.0,3.0,2.0,2.0,0.16115228831768036,1.0947500467300415,8.0,-1.3966201543807983,0.3007728159427643,-17.36937116808315,0.25296053290367126,1.0947500467300415,0.0,1.0473237335681915,4.0,12.0,1.0,7.0,6.0,2.0,8.0,12.0,1.0,3.0,0.0
10611,0.25296053290367126,1.0947500467300415,0.0,1.0473237335681915,4.0,12.0,1.0,7.0,6.0,2.0,8.0,12.0,1.0,3.0,4.0,-0.5383248329162598,-1.3910521268844604,1.0,-1.0346074104309082,-0.46331754326820374,-22.563781818552986,0.0,0.0,0.0,0.5840061902999878,5.0,1.0,2.0,8.0,1.0,3.0,9.0,13.0,2.0,4.0,0.0
10612,0.0,0.0,0.0,0.5840061902999878,5.0,1.0,2.0,8.0,1.0,3.0,9.0,13.0,2.0,4.0,3.0,0.8086717128753662,-0.5709646940231323,8.0,-1.7541676759719849,1.1011602878570557,-23.718326243491287,0.8086717128753662,0.0,0.0,1.6851664781570435,6.0,2.0,3.0,1.0,2.0,4.0,10.0,14.0,1.0,5.0,0.0
10613,0.8086717128753662,0.0,0.0,1.6851664781570435,6.0,2.0,3.0,1.0,2.0,4.0,10.0,14.0,1.0,5.0,0.0,-0.8452063798904419,-1.685664415359497,8.0,-1.7483139038085938,0.18823955953121185,-26.992284341694038,0.0,0.0,0.0,1.8734060376882553,1.0,3.0,4.0,2.0,3.0,5.0,11.0,15.0,1.0,6.0,0.0
10614,0.0,0.0,0.0,1.8734060376882553,1.0,3.0,4.0,2.0,3.0,5.0,11.0,15.0,1.0,6.0,8.0,0.09392312914133072,1.2992547750473022,5.0,0.9266508221626282,1.3639752864837646,-14.50310681795352,0.09392312914133072,1.2992547750473022,0.9266508221626282,3.23738132417202,2.0,4.0,5.0,3.0,4.0,1.0,12.0,16.0,1.0,7.0,0.0
10615,0.09392312914133072,1.2992547750473022,0.9266508221626282,3.23738132417202,2.0,4.0,5.0,3.0,4.0,1.0,12.0,16.0,1.0,7.0,9.0,0.016069557517766953,0.4405543804168701,2.0,-1.4008244276046753,-0.3743520677089691,-12.992385598500292,0.10999268665909767,1.7398091554641724,0.0,2.863029256463051,3.0,5.0,1.0,4.0,5.0,2.0,13.0,17.0,2.0,1.0,0.0
10616,0.10999268665909767,1.7398091554641724,0.0,2.863029256463051,3.0,5.0,1.0,4.0,5.0,2.0,13.0,17.0,2.0,1.0,4.0,-1.426626443862915,0.30477482080459595,3.0,-0.10231365263462067,1.036918044090271,-18.2874557874673,0.0,2.0445839762687683,0.0,3.899947300553322,4.0,6.0,2.0,1.0,1.0,3.0,14.0,18.0,3.0,2.0,0.0
10617,0.0,2.0445839762687683,0.0,3.899947300553322,4.0,6.0,2.0,1.0,1.0,3.0,14.0,18.0,3.0,2.0,7.0,-0.8645133376121521,-0.6944751143455505,6.0,0.45133644342422485,0.3014141619205475,-18.101285966185984,0.0,1.3501088619232178,0.45133644342422485,4.201361462473869,5.0,7.0,3.0,2.0,2.0,4.0,1.0,1.0,4.0,3.0,0.0
10618,0.0,1.3501088619232178,0.45133644342422485,4.201361462473869,5.0,7.0,3.0,2.0,2.0,4.0,1.0,1.0,4.0,3.0,8.0,-0.9198431372642517,1.4137417078018188,0.0,-1.560202717781067,-0.9573541879653931,-17.510179200061476,0.0,2.7638505697250366,0.0,3.2440072745084763,1.0,8.0,4.0,3.0,3.0,5.0,2.0,2.0,1.0,4.0,0.0
10619,0.0,2.7638505697250366,0.0,3.2440072745084763,1.0,8.0,4.0,3.0,3.0,5.0,2.0,2.0,1.0,4.0,9.0,1.1070005893707275,-1.427107810974121,1.0,-1.8198243379592896,-1.8878544569015503,-16.61780421465329,1.1070005893707275,1.3367427587509155,0.0,1.356152817606926,2.0,1.0,5.0,4.0,4.0,6.0,3.0,3.0,2.0,1.0,0.0
10620,1.1070005893707275,1.3367427587509155,0.0,1.356152817606926,2.0,1.0,5.0,4.0,4.0,6.0,3.0,3.0,2.0,1.0,4.0,1.4471700191497803,-0.676438570022583,4.0,-0.3623223602771759,-0.4401106834411621,-14.673886547813176,2.554170608520508,0.6603041887283325,0.0,0.9160421341657639,3.0,2.0,6.0,5.0,1.0,7.0,4.0,4.0,3.0,2.0,0.0
10621,2.554170608520508,0.6603041887283325,0.0,0.9160421341657639,3.0,2.0,6.0,5.0,1.0,7.0,4.0,4.0,3.0,2.0,4.0,1.045806884765625,-1.1765779256820679,0.0,-0.7406359910964966,-0.044316768646240234,-14.583928744364647,3.599977493286133,0.0,0.0,0.8717253655195236,1.0,3.0,7.0,6.0,1.0,8.0,5.0,5.0,4.0,3.0,0.0
10622,3.599977493286133,0.0,0.0,0.8717253655195236,1.0,3.0,7.0,6.0,1.0,8.0,5.0,5.0,4.0,3.0,9.0,0.4488908052444458,-0.7858096361160278,0.0,-1.347288966178894,-0.5477237105369568,-17.40859530778456,4.048868298530579,0.0,0.0,0.32400165498256683,1.0,4.0,8.0,7.0,2.0,9.0,6.0,6.0,5.0,1.0,0.0
10623,4.048868298530579,0.0,0.0,0.32400165498256683,1.0,4.0,8.0,7.0,2.0,9.0,6.0,6.0,5.0,1.0,8.0,0.44111549854278564,-1.7816369533538818,0.0,-1.7055468559265137,0.26999467611312866,-28.030015871035317,4.489983797073364,0.0,0.0,0.5939963310956955,1.0,5.0,9.0,8.0,3.0,10.0,7.0,7.0,1.0,2.0,0.0
10624,4.489983797073364,0.0,0.0,0.5939963310956955,1.0,5.0,9.0,8.0,3.0,10.0,7.0,7.0,1.0,2.0,9.0,0.9947332143783569,-0.6811849474906921,0.0,-0.31499430537223816,-0.9289442300796509,-14.119686605166269,5.484717011451721,0.0,0.0,0.0,1.0,6.0,10.0,9.0,4.0,11.0,8.0,8.0,2.0,1.0,0.0
10625,5.484717011451721,0.0,0.0,0.0,1.0,6.0,10.0,9.0,4.0,11.0,8.0,8.0,2.0,1.0,6.0,0.3766651153564453,-1.394006609916687,5.0,-1.3125823736190796,0.5509184002876282,-27.024944618549625,5.8613821268081665,0.0,0.0,0.5509184002876282,2.0,7.0,11.0,10.0,5.0,1.0,1.0,9.0,3.0,2.0,0.0
10626,5.8613821268081665,0.0,0.0,0.5509184002876282,2.0,7.0,11.0,10.0,5.0,1.0,1.0,9.0,3.0,2.0,9.0,-0.8484643697738647,-0.7268848419189453,2.0,-1.8718079328536987,-0.26463159918785095,-25.902963168092885,5.012917757034302,0.0,0.0,0.2862868010997772,3.0,8.0,1.0,11.0,6.0,2.0,2.0,10.0,4.0,1.0,0.0
10627,5.012917757034302,0.0,0.0,0.2862868010997772,3.0,8.0,1.0,11.0,6.0,2.0,2.0,10.0,4.0,1.0,9.0,-1.3224588632583618,-0.12226905673742294,0.0,-1.6815558671951294,-0.5230498909950256,-16.33626363969178,3.69045889377594,0.0,0.0,0.0,1.0,9.0,2.0,12.0,7.0,3.0,3.0,11.0,5.0,1.0,0.0
10628,3.69045889377594,0.0,0.0,0.0,1.0,9.0,2.0,12.0,7.0,3.0,3.0,11.0,5.0,1.0,8.0,-0.9396586418151855,1.1149053573608398,3.0,-1.5952774286270142,-0.1472112387418747,-19.497721415072597,2.7508002519607544,1.1149053573608398,0.0,0.0,2.0,10.0,3.0,1.0,8.0,4.0,4.0,12.0,1.0,2.0,0.0
10629,2.7508002519607544,1.1149053573608398,0.0,0.0,2.0,10.0,3.0,1.0,8.0,4.0,4.0,12.0,1.0,2.0,4.0,-0.09161683917045593,-0.7217650413513184,8.0,-0.9344435930252075,1.3121541738510132,-17.29554050953178,2.6591834127902985,0.3931403160095215,0.0,1.3121541738510132,3.0,11.0,4.0,2.0,1.0,5.0,5.0,13.0,1.0,3.0,0.0
10630,2.6591834127902985,0.3931403160095215,0.0,1.3121541738510132,3.0,11.0,4.0,2.0,1.0,5.0,5.0,13.0,1.0,3.0,0.0,0.03880508616566658,-1.561782956123352,1.0,-1.6084493398666382,-0.18119509518146515,-22.56465990920796,2.697988498955965,0.0,0.0,1.130959078669548,1.0,1.0,5.0,3.0,2.0,6.0,6.0,14.0,2.0,4.0,0.0
10631,2.697988498955965,0.0,0.0,1.130959078669548,1.0,1.0,5.0,3.0,2.0,6.0,6.0,14.0,2.0,4.0,0.0,-0.796177864074707,-0.12489241361618042,0.0,-1.2615264654159546,0.42665383219718933,-13.352693177670453,1.901810634881258,0.0,0.0,1.5576129108667374,1.0,2.0,6.0,4.0,3.0,7.0,7.0,15.0,3.0,5.0,0.0
10632,1.901810634881258,0.0,0.0,1.5576129108667374,1.0,2.0,6.0,4.0,3.0,7.0,7.0,15.0,3.0,5.0,9.0,0.9672220945358276,1.1457829475402832,2.0,-1.6810601949691772,-0.6857346892356873,-20.222110123519712,2.8690327294170856,1.1457829475402832,0.0,0.8718782216310501,2.0,3.0,1.0,5.0,4.0,8.0,8.0,16.0,4.0,1.0,0.0
10633,2.8690327294170856,1.1457829475402832,0.0,0.8718782216310501,2.0,3.0,1.0,5.0,4.0,8.0,8.0,16.0,4.0,1.0,2.0,0.24253985285758972,-1.2519903182983398,3.0,-1.842371940612793,-0.1231263279914856,-22.826164430677558,3.1115725822746754,0.0,0.0,0.7487518936395645,3.0,4.0,1.0,1.0,5.0,9.0,9.0,17.0,5.0,2.0,0.0
10634,3.1115725822746754,0.0,0.0,0.7487518936395645,3.0,4.0,1.0,1.0,5.0,9.0,9.0,17.0,5.0,2.0,4.0,-1.138218641281128,-0.07432886213064194,8.0,-1.0213110446929932,1.021058440208435,-19.3225635301677,1.9733539409935474,0.0,0.0,1.7698103338479996,4.0,5.0,2.0,2.0,1.0,10.0,10.0,18.0,1.0,3.0,0.0
10635,1.9733539409935474,0.0,0.0,1.7698103338479996,4.0,5.0,2.0,2.0,1.0,10.0,10.0,18.0,1.0,3.0,0.0,0.45907625555992126,-1.0386160612106323,5.0,-1.0647809505462646,-0.1295936405658722,-22.545531708400528,2.4324301965534687,0.0,0.0,1.6402166932821274,1.0,6.0,3.0,3.0,2.0,1.0,11.0,19.0,2.0,4.0,0.0
10636,2.4324301965534687,0.0,0.0,1.6402166932821274,1.0,6.0,3.0,3.0,2.0,1.0,11.0,19.0,2.0,4.0,3.0,-1.524667501449585,1.5558676719665527,5.0,-1.7447527647018433,0.9441332817077637,-22.62548340967519,0.9077626951038837,1.5558676719665527,0.0,2.584349974989891,2.0,7.0,4.0,1.0,3.0,1.0,12.0,20.0,3.0,5.0,0.0
10637,0.9077626951038837,1.5558676719665527,0.0,2.584349974989891,2.0,7.0,4.0,1.0,3.0,1.0,12.0,20.0,3.0,5.0,4.0,-0.924903929233551,-0.48295116424560547,8.0,-1.1289856433868408,-0.47354230284690857,-21.13107623698472,0.0,1.0729165077209473,0.0,2.1108076721429825,3.0,8.0,5.0,2.0,1.0,2.0,13.0,21.0,1.0,6.0,0.0
10638,0.0,1.0729165077209473,0.0,2.1108076721429825,3.0,8.0,5.0,2.0,1.0,2.0,13.0,21.0,1.0,6.0,7.0,0.3282546103000641,-1.3421462774276733,0.0,1.1548460721969604,0.2231333702802658,-9.648411965731201,0.3282546103000641,0.0,1.1548460721969604,2.3339410424232483,1.0,9.0,6.0,3.0,2.0,3.0,14.0,1.0,2.0,7.0,0.0
10639,0.3282546103000641,0.0,1.1548460721969604,2.3339410424232483,1.0,9.0,6.0,3.0,2.0,3.0,14.0,1.0,2.0,7.0,9.0,1.7558887004852295,0.7193448543548584,6.0,-1.9825108051300049,-1.5581350326538086,-15.408104205569998,2.0841433107852936,0.7193448543548584,0.0,0.7758060097694397,2.0,10.0,7.0,4.0,3.0,4.0,1.0,2.0,3.0,1.0,0.0
10640,2.0841433107852936,0.7193448543548584,0.0,0.7758060097694397,2.0,10.0,7.0,4.0,3.0,4.0,1.0,2.0,3.0,1.0,8.0,0.03996163606643677,-1.54384446144104,8.0,-0.6988517642021179,-0.1482541412115097,-21.70422008810005,2.1241049468517303,0.0,0.0,0.62755186855793,3.0,11.0,8.0,5.0,4.0,5.0,2.0,3.0,1.0,2.0,0.0
10641,2.1241049468517303,0.0,0.0,0.62755186855793,3.0,11.0,8.0,5.0,4.0,5.0,2.0,3.0,1.0,2.0,8.0,1.457554578781128,-1.0062471628189087,9.0,-0.577488124370575,0.42552921175956726,-18.324752843451552,3.5816595256328583,0.0,0.0,1.0530810803174973,4.0,12.0,9.0,6.0,5.0,6.0,3.0,4.0,1.0,1.0,0.0
10642,3.5816595256328583,0.0,0.0,1.0530810803174973,4.0,12.0,9.0,6.0,5.0,6.0,3.0,4.0,1.0,1.0,8.0,0.38396912813186646,-1.3281610012054443,0.0,-1.4042127132415771,-1.079121470451355,-24.649417289670055,3.9656286537647247,0.0,0.0,0.0,1.0,13.0,10.0,7.0,6.0,7.0,4.0,5.0,1.0,2.0,0.0
10643,3.9656286537647247,0.0,0.0,0.0,1.0,13.0,10.0,7.0,6.0,7.0,4.0,5.0,1.0,2.0,8.0,1.4975115060806274,0.6199911236763,9.0,-1.0509369373321533,-0.4764156937599182,-17.24061367574183,5.463140159845352,0.6199911236763,0.0,0.0,2.0,14.0,11.0,8.0,7.0,8.0,5.0,6.0,1.0,1.0,0.0
10644,5.463140159845352,0.6199911236763,0.0,0.0,2.0,14.0,11.0,8.0,7.0,8.0,5.0,6.0,1.0,1.0,8.0,1.011123538017273,-1.8705109357833862,2.0,-1.1436419486999512,-0.09788204729557037,-30.15241793046679,6.474263697862625,0.0,0.0,0.0,3.0,15.0,1.0,9.0,8.0,9.0,6.0,7.0,1.0,2.0,0.0
10645,6.474263697862625,0.0,0.0,0.0,3.0,15.0,1.0,9.0,8.0,9.0,6.0,7.0,1.0,2.0,1.0,-0.16651135683059692,-0.30336225032806396,1.0,-1.4874902963638306,-0.624139666557312,-20.140833210389978,6.307752341032028,0.0,0.0,0.0,4.0,1.0,2.0,10.0,9.0,10.0,7.0,8.0,2.0,3.0,0.0
10646,6.307752341032028,0.0,0.0,0.0,4.0,1.0,2.0,10.0,9.0,10.0,7.0,8.0,2.0,3.0,5.0,-1.1862090826034546,-0.07203067094087601,3.0,-1.4635542631149292,0.8432443737983704,-17.812420868394597,5.121543258428574,0.0,0.0,0.8432443737983704,5.0,2.0,3.0,1.0,10.0,1.0,8.0,9.0,3.0,4.0,0.0
10647,5.121543258428574,0.0,0.0,0.8432443737983704,5.0,2.0,3.0,1.0,10.0,1.0,8.0,9.0,3.0,4.0,4.0,-0.4461621344089508,-0.24178871512413025,8.0,-1.7952334880828857,1.611660361289978,-20.408549013094923,4.675381124019623,0.0,0.0,2.4549047350883484,6.0,3.0,4.0,2.0,1.0,2.0,9.0,10.0,1.0,5.0,0.0
10648,4.675381124019623,0.0,0.0,2.4549047350883484,6.0,3.0,4.0,2.0,1.0,2.0,9.0,10.0,1.0,5.0,0.0,-1.5458980798721313,-0.4215230941772461,2.0,-1.7876914739608765,0.18666315078735352,-20.42330680798237,3.1294830441474915,0.0,0.0,2.641567885875702,1.0,4.0,1.0,3.0,2.0,3.0,10.0,11.0,2.0,6.0,0.0
10649,3.1294830441474915,0.0,0.0,2.641567885875702,1.0,4.0,1.0,3.0,2.0,3.0,10.0,11.0,2.0,6.0,9.0,-0.4170200526714325,1.4417753219604492,6.0,-1.4337860345840454,1.5510637760162354,-18.999928046805007,2.712462991476059,1.4417753219604492,0.0,4.192631661891937,2.0,5.0,2.0,4.0,3.0,4.0,1.0,12.0,3.0,1.0,0.0
10650,2.712462991476059,1.4417753219604492,0.0,4.192631661891937,2.0,5.0,2.0,4.0,3.0,4.0,1.0,12.0,3.0,1.0,4.0,0.6344496011734009,-1.44880211353302,0.0,-1.6883069276809692,-1.8545620441436768,-16.857832012807393,3.34691259264946,0.0,0.0,2.3380696177482605,1.0,6.0,3.0,5.0,1.0,5.0,2.0,13.0,4.0,2.0,0.0
10651,3.34691259264946,0.0,0.0,2.3380696177482605,1.0,6.0,3.0,5.0,1.0,5.0,2.0,13.0,4.0,2.0,3.0,-0.38766342401504517,-0.24593815207481384,8.0,-1.5442306995391846,-0.9888469576835632,-21.149699995314847,2.9592491686344147,0.0,0.0,1.3492226600646973,2.0,7.0,4.0,1.0,2.0,6.0,3.0,14.0,1.0,3.0,0.0
10652,2.9592491686344147,0.0,0.0,1.3492226600646973,2.0,7.0,4.0,1.0,2.0,6.0,3.0,14.0,1.0,3.0,9.0,-1.439031720161438,-0.44780296087265015,4.0,-1.1795116662979126,-0.47851964831352234,-19.544305864424228,1.5202174484729767,0.0,0.0,0.8707030117511749,3.0,8.0,5.0,2.0,1.0,7.0,4.0,15.0,2.0,1.0,0.0
10653,1.5202174484729767,0.0,0.0,0.8707030117511749,3.0,8.0,5.0,2.0,1.0,7.0,4.0,15.0,2.0,1.0,9.0,0.14023663103580475,0.05828756093978882,2.0,-0.48091620206832886,-1.2733445167541504,-16.288242128410214,1.6604540795087814,0.05828756093978882,0.0,0.0,4.0,9.0,1.0,3.0,2.0,8.0,5.0,16.0,3.0,1.0,0.0
10654,1.6604540795087814,0.05828756093978882,0.0,0.0,4.0,9.0,1.0,3.0,2.0,8.0,5.0,16.0,3.0,1.0,5.0,1.067330002784729,-0.14245064556598663,8.0,-0.7617384195327759,0.4996490776538849,-19.042070217632627,2.7277840822935104,0.0,0.0,0.4996490776538849,5.0,10.0,2.0,4.0,3.0,1.0,6.0,17.0,1.0,2.0,0.0
10655,2.7277840822935104,0.0,0.0,0.4996490776538849,5.0,10.0,2.0,4.0,3.0,1.0,6.0,17.0,1.0,2.0,4.0,-1.7215977907180786,-0.8162121772766113,5.0,-1.512581467628479,1.3203060626983643,-29.08772161318031,1.0061862915754318,0.0,0.0,1.8199551403522491,6.0,11.0,3.0,5.0,1.0,1.0,7.0,18.0,2.0,3.0,0.0
10656,1.0061862915754318,0.0,0.0,1.8199551403522491,6.0,11.0,3.0,5.0,1.0,1.0,7.0,18.0,2.0,3.0,7.0,-1.0805189609527588,-0.5915831923484802,8.0,0.028093397617340088,-0.3427567780017853,-15.221938421716342,0.0,0.0,0.028093397617340088,1.4771983623504639,7.0,12.0,4.0,6.0,2.0,2.0,8.0,1.0,1.0,4.0,0.0
10657,0.0,0.0,0.028093397617340088,1.4771983623504639,7.0,12.0,4.0,6.0,2.0,2.0,8.0,1.0,1.0,4.0,2.0,0.3866282105445862,1.5405776500701904,1.0,-1.044813871383667,-0.27764692902565,-18.473509815514852,0.3866282105445862,1.5405776500701904,0.0,1.1995514333248138,8.0,1.0,1.0,7.0,3.0,3.0,9.0,2.0,2.0,5.0,0.0
10658,0.3866282105445862,1.5405776500701904,0.0,1.1995514333248138,8.0,1.0,1.0,7.0,3.0,3.0,9.0,2.0,2.0,5.0,9.0,-1.4449667930603027,0.3940359950065613,3.0,1.1196677684783936,-0.3514385223388672,-12.395790612423639,0.0,1.9346136450767517,1.1196677684783936,0.8481129109859467,9.0,2.0,2.0,1.0,4.0,4.0,10.0,3.0,3.0,1.0,0.0
10659,0.0,1.9346136450767517,1.1196677684783936,0.8481129109859467,9.0,2.0,2.0,1.0,4.0,4.0,10.0,3.0,3.0,1.0,4.0,0.7184765934944153,-1.5674793720245361,0.0,-1.7335397005081177,-0.696264386177063,-12.890285974313835,0.7184765934944153,0.3671342730522156,0.0,0.15184852480888367,1.0,3.0,3.0,2.0,1.0,5.0,11.0,4.0,4.0,2.0,0.0
10660,0.7184765934944153,0.3671342730522156,0.0,0.15184852480888367,1.0,3.0,3.0,2.0,1.0,5.0,11.0,4.0,4.0,2.0,4.0,1.127992868423462,-0.15650101006031036,3.0,-1.467890739440918,0.09338533133268356,-19.15870060927778,1.8464694619178772,0.2106332629919052,0.0,0.24523385614156723,2.0,4.0,4.0,1.0,1.0,6.0,12.0,5.0,5.0,3.0,0.0
10661,1.8464694619178772,0.2106332629919052,0.0,0.24523385614156723,2.0,4.0,4.0,1.0,1.0,6.0,12.0,5.0,5.0,3.0,4.0,-0.8959124088287354,-0.658806324005127,6.0,-1.6156781911849976,1.3140363693237305,-26.754750183735858,0.9505570530891418,0.0,0.0,1.5592702254652977,3.0,5.0,5.0,2.0,1.0,7.0,1.0,6.0,6.0,4.0,0.0
10662,0.9505570530891418,0.0,0.0,1.5592702254652977,3.0,5.0,5.0,2.0,1.0,7.0,1.0,6.0,6.0,4.0,9.0,-0.2788223922252655,-0.9186714291572571,8.0,-1.899457573890686,-0.7091051340103149,-23.869266545981976,0.6717346608638763,0.0,0.0,0.8501650914549828,4.0,6.0,6.0,3.0,2.0,8.0,2.0,7.0,1.0,1.0,0.0
10663,0.6717346608638763,0.0,0.0,0.8501650914549828,4.0,6.0,6.0,3.0,2.0,8.0,2.0,7.0,1.0,1.0,5.0,0.4159719944000244,-1.467126727104187,8.0,-0.29230615496635437,-0.16070249676704407,-24.082391619614675,1.0877066552639008,0.0,0.0,0.6894625946879387,5.0,7.0,7.0,4.0,3.0,1.0,3.0,8.0,1.0,2.0,0.0
10664,1.0877066552639008,0.0,0.0,0.6894625946879387,5.0,7.0,7.0,4.0,3.0,1.0,3.0,8.0,1.0,2.0,0.0,-0.15487578511238098,1.059486985206604,0.0,0.06262388080358505,0.7248666882514954,-5.770463734536566,0.9328308701515198,1.059486985206604,0.06262388080358505,1.414329282939434,1.0,8.0,8.0,5.0,4.0,2.0,4.0,9.0,2.0,3.0,0.0
10665,0.9328308701515198,1.059486985206604,0.06262388080358505,1.414329282939434,1.0,8.0,8.0,5.0,4.0,2.0,4.0,9.0,2.0,3.0,3.0,-0.8680204153060913,-1.7905443906784058,4.0,0.2359517365694046,-0.8648442625999451,-17.406680683497903,0.06481045484542847,0.0,0.29857561737298965,0.549485020339489,2.0,9.0,9.0,1.0,1.0,3.0,5.0,10.0,3.0,4.0,0.0
10666,0.06481045484542847,0.0,0.29857561737298965,0.549485020339489,2.0,9.0,9.0,1.0,1.0,3.0,5.0,10.0,3.0,4.0,8.0,-1.3434207439422607,-1.4030580520629883,8.0,-0.19157448410987854,-0.2666049003601074,-25.85698322512063,0.0,0.0,0.10700113326311111,0.28288011997938156,3.0,10.0,10.0,2.0,2.0,4.0,6.0,11.0,1.0,5.0,0.0
10667,0.0,0.0,0.10700113326311111,0.28288011997938156,3.0,10.0,10.0,2.0,2.0,4.0,6.0,11.0,1.0,5.0,0.0,-0.5627153515815735,-0.25030797719955444,2.0,-1.4012807607650757,-0.28558775782585144,-22.74953987500333,0.0,0.0,0.0,0.0,1.0,11.0,1.0,3.0,3.0,5.0,7.0,12.0,2.0,6.0,0.0
10668,0.0,0.0,0.0,0.0,1.0,11.0,1.0,3.0,3.0,5.0,7.0,12.0,2.0,6.0,0.0,0.2009386420249939,-0.8883749842643738,1.0,-0.6409481167793274,-0.3277970850467682,-18.159850287826075,0.2009386420249939,0.0,0.0,0.0,1.0,1.0,2.0,4.0,4.0,6.0,8.0,13.0,3.0,7.0,0.0
10669,0.2009386420249939,0.0,0.0,0.0,1.0,1.0,2.0,4.0,4.0,6.0,8.0,13.0,3.0,7.0,3.0,1.5811522006988525,0.7535437345504761,6.0,-1.5521045923233032,1.1101982593536377,-22.217429586502004,1.7820908427238464,0.7535437345504761,0.0,1.1101982593536377,2.0,2.0,3.0,1.0,5.0,7.0,1.0,14.0,4.0,8.0,0.0
10670,1.7820908427238464,0.7535437345504761,0.0,1.1101982593536377,2.0,2.0,3.0,1.0,5.0,7.0,1.0,14.0,4.0,8.0,0.0,0.5005024671554565,-1.4896140098571777,8.0,-0.5399407148361206,1.5401040315628052,-14.912083568424428,2.282593309879303,0.0,0.0,2.650302290916443,1.0,3.0,4.0,2.0,6.0,8.0,2.0,15.0,1.0,9.0,0.0
10671,2.282593309879303,0.0,0.0,2.650302290916443,1.0,3.0,4.0,2.0,6.0,8.0,2.0,15.0,1.0,9.0,9.0,0.9883065223693848,-0.9525945782661438,0.0,-1.2039167881011963,0.021052507683634758,-17.584949624542947,3.2708998322486877,0.0,0.0,2.6713547986000776,1.0,4.0,5.0,3.0,7.0,9.0,3.0,16.0,2.0,1.0,0.0
10672,3.2708998322486877,0.0,0.0,2.6713547986000776,1.0,4.0,5.0,3.0,7.0,9.0,3.0,16.0,2.0,1.0,0.0,1.4869462251663208,-0.47763848304748535,2.0,-0.0362977460026741,-0.23432545363903046,-13.526512252175294,4.7578460574150085,0.0,0.0,2.437029344961047,1.0,5.0,1.0,4.0,8.0,10.0,4.0,17.0,3.0,2.0,0.0
10673,4.7578460574150085,0.0,0.0,2.437029344961047,1.0,5.0,1.0,4.0,8.0,10.0,4.0,17.0,3.0,2.0,7.0,0.9898678064346313,-1.4932435750961304,0.0,-1.137860894203186,-0.5657010078430176,-18.840068331752377,5.74771386384964,0.0,0.0,1.8713283371180296,1.0,6.0,2.0,5.0,9.0,11.0,5.0,1.0,4.0,3.0,0.0
10674,5.74771386384964,0.0,0.0,1.8713283371180296,1.0,6.0,2.0,5.0,9.0,11.0,5.0,1.0,4.0,3.0,4.0,0.8277890086174011,-1.4312833547592163,8.0,-1.8625988960266113,-0.774390697479248,-27.44558869996471,6.575502872467041,0.0,0.0,1.0969376396387815,2.0,7.0,3.0,6.0,1.0,12.0,6.0,2.0,1.0,4.0,0.0
10675,6.575502872467041,0.0,0.0,1.0969376396387815,2.0,7.0,3.0,6.0,1.0,12.0,6.0,2.0,1.0,4.0,0.0,-1.366568922996521,-1.5065196752548218,3.0,-1.6208295822143555,-0.3347751796245575,-23.57328937154638,5.20893394947052,0.0,0.0,0.762162460014224,1.0,8.0,4.0,1.0,2.0,13.0,7.0,3.0,2.0,5.0,0.0
10676,5.20893394947052,0.0,0.0,0.762162460014224,1.0,8.0,4.0,1.0,2.0,13.0,7.0,3.0,2.0,5.0,2.0,-1.769281268119812,-1.3869001865386963,6.0,-1.797133207321167,-0.7845228314399719,-32.17108121800837,3.439652681350708,0.0,0.0,0.0,2.0,9.0,1.0,2.0,3.0,14.0,1.0,4.0,3.0,6.0,0.0
10677,3.439652681350708,0.0,0.0,0.0,2.0,9.0,1.0,2.0,3.0,14.0,1.0,4.0,3.0,6.0,8.0,-0.5503657460212708,-1.1444939374923706,8.0,0.6917204260826111,1.30150306224823,-19.358326206699243,2.8892869353294373,0.0,0.6917204260826111,1.30150306224823,3.0,10.0,2.0,3.0,4.0,15.0,2.0,5.0,1.0,7.0,0.0
10678,2.8892869353294373,0.0,0.6917204260826111,1.30150306224823,3.0,10.0,2.0,3.0,4.0,15.0,2.0,5.0,1.0,7.0,9.0,1.0706533193588257,-1.5238093137741089,1.0,-1.1270350217819214,-0.2116381675004959,-19.26491230594721,3.959940254688263,0.0,0.0,1.089864894747734,4.0,1.0,3.0,4.0,5.0,16.0,3.0,6.0,2.0,1.0,0.0
10679,3.959940254688263,0.0,0.0,1.089864894747734,4.0,1.0,3.0,4.0,5.0,16.0,3.0,6.0,2.0,1.0,0.0,1.1004124879837036,-1.357766032218933,8.0,-1.6514168977737427,-0.7110003232955933,-25.774350449199922,5.0603527426719666,0.0,0.0,0.3788645714521408,1.0,2.0,4.0,5.0,6.0,17.0,4.0,7.0,1.0,2.0,0.0
10680,5.0603527426719666,0.0,0.0,0.3788645714521408,1.0,2.0,4.0,5.0,6.0,17.0,4.0,7.0,1.0,2.0,9.0,0.36173656582832336,-0.5074779987335205,3.0,-1.435794711112976,0.6015682220458984,-18.86919122496311,5.42208930850029,0.0,0.0,0.9804327934980392,2.0,3.0,5.0,1.0,7.0,18.0,5.0,8.0,2.0,1.0,0.0
10681,5.42208930850029,0.0,0.0,0.9804327934980392,2.0,3.0,5.0,1.0,7.0,18.0,5.0,8.0,2.0,1.0,1.0,-0.5325838327407837,-0.9594482183456421,1.0,-0.32784488797187805,-1.6086523532867432,-19.506789823865027,4.889505475759506,0.0,0.0,0.0,3.0,1.0,6.0,2.0,8.0,19.0,6.0,9.0,3.0,2.0,0.0
10682,4.889505475759506,0.0,0.0,0.0,3.0,1.0,6.0,2.0,8.0,19.0,6.0,9.0,3.0,2.0,0.0,1.6848851442337036,-1.7253193855285645,8.0,-1.7174222469329834,-0.11427992582321167,-30.45160886475537,6.57439061999321,0.0,0.0,0.0,1.0,2.0,7.0,3.0,9.0,20.0,7.0,10.0,1.0,3.0,0.0
10683,6.57439061999321,0.0,0.0,0.0,1.0,2.0,7.0,3.0,9.0,20.0,7.0,10.0,1.0,3.0,9.0,-0.1101103201508522,-1.327377200126648,8.0,-1.502439260482788,-0.14491140842437744,-28.753771121180876,6.464280299842358,0.0,0.0,0.0,2.0,3.0,8.0,4.0,10.0,21.0,8.0,11.0,1.0,1.0,0.0
10684,6.464280299842358,0.0,0.0,0.0,2.0,3.0,8.0,4.0,10.0,21.0,8.0,11.0,1.0,1.0,8.0,0.48105382919311523,0.8354113698005676,0.0,-1.869771122932434,-1.2165929079055786,-23.8951187780924,6.945334129035473,0.8354113698005676,0.0,0.0,1.0,4.0,9.0,5.0,11.0,22.0,9.0,12.0,1.0,2.0,0.0
10685,6.945334129035473,0.8354113698005676,0.0,0.0,1.0,4.0,9.0,5.0,11.0,22.0,9.0,12.0,1.0,2.0,4.0,1.6652082204818726,-1.5745549201965332,0.0,-1.8017429113388062,0.9187901020050049,-23.016193275982772,8.610542349517345,0.0,0.0,0.9187901020050049,1.0,5.0,10.0,6.0,1.0,23.0,10.0,13.0,2.0,3.0,0.0
10686,8.610542349517345,0.0,0.0,0.9187901020050049,1.0,5.0,10.0,6.0,1.0,23.0,10.0,13.0,2.0,3.0,5.0,-1.3235218524932861,-0.6767533421516418,0.0,-1.2504775524139404,-0.1848364919424057,-18.585660814656542,7.287020497024059,0.0,0.0,0.7339536100625992,1.0,6.0,11.0,7.0,2.0,1.0,11.0,14.0,3.0,4.0,0.0
10687,7.287020497024059,0.0,0.0,0.7339536100625992,1.0,6.0,11.0,7.0,2.0,1.0,11.0,14.0,3.0,4.0,9.0,-1.7436480522155762,0.05873802304267883,2.0,-1.264153242111206,0.8387502431869507,-18.921214012813152,5.543372444808483,0.05873802304267883,0.0,1.5727038532495499,2.0,7.0,1.0,8.0,3.0,2.0,12.0,15.0,4.0,1.0,0.0
10688,5.543372444808483,0.05873802304267883,0.0,1.5727038532495499,2.0,7.0,1.0,8.0,3.0,2.0,12.0,15.0,4.0,1.0,3.0,-1.9303772449493408,0.9056434631347656,1.0,-1.4472780227661133,1.0666508674621582,-19.094383402532177,3.6129951998591423,0.9643814861774445,0.0,2.639354720711708,3.0,1.0,2.0,1.0,4.0,3.0,13.0,16.0,5.0,2.0,0.0
10689,3.6129951998591423,0.9643814861774445,0.0,2.639354720711708,3.0,1.0,2.0,1.0,4.0,3.0,13.0,16.0,5.0,2.0,4.0,-0.6472756266593933,-0.20809806883335114,8.0,-1.0124648809432983,0.36587560176849365,-16.112137655162602,2.965719573199749,0.7562834173440933,0.0,3.0052303224802017,4.0,2.0,3.0,2.0,1.0,4.0,14.0,17.0,1.0,3.0,0.0
10690,2.965719573199749,0.7562834173440933,0.0,3.0052303224802017,4.0,2.0,3.0,2.0,1.0,4.0,14.0,17.0,1.0,3.0,0.0,-1.329177737236023,1.1552854776382446,6.0,-1.6066688299179077,-0.1706591248512268,-19.900758691055746,1.636541835963726,1.911568894982338,0.0,2.834571197628975,1.0,3.0,4.0,3.0,2.0,5.0,1.0,18.0,2.0,4.0,0.0
10691,1.636541835963726,1.911568894982338,0.0,2.834571197628975,1.0,3.0,4.0,3.0,2.0,5.0,1.0,18.0,2.0,4.0,7.0,-1.0118722915649414,0.7128848433494568,2.0,-1.2393569946289062,-0.5977029800415039,-17.364208100396617,0.6246695443987846,2.6244537383317947,0.0,2.236868217587471,2.0,4.0,1.0,4.0,3.0,6.0,2.0,1.0,3.0,5.0,0.0
10692,0.6246695443987846,2.6244537383317947,0.0,2.236868217587471,2.0,4.0,1.0,4.0,3.0,6.0,2.0,1.0,3.0,5.0,9.0,1.4027323722839355,-0.8743505477905273,1.0,-1.818288803100586,-0.9170481562614441,-16.490271229951087,2.02740191668272,1.7501031905412674,0.0,1.319820061326027,3.0,1.0,2.0,5.0,4.0,7.0,3.0,2.0,4.0,1.0,0.0
10693,2.02740191668272,1.7501031905412674,0.0,1.319820061326027,3.0,1.0,2.0,5.0,4.0,7.0,3.0,2.0,4.0,1.0,4.0,0.3197367191314697,-0.9367185831069946,3.0,-1.7256704568862915,-0.4213818311691284,-18.008787062680963,2.34713863581419,0.8133846074342728,0.0,0.8984382301568985,4.0,2.0,3.0,1.0,1.0,8.0,4.0,3.0,5.0,2.0,0.0
10694,2.34713863581419,0.8133846074342728,0.0,0.8984382301568985,4.0,2.0,3.0,1.0,1.0,8.0,4.0,3.0,5.0,2.0,9.0,-1.5652577877044678,-1.2970298528671265,8.0,-1.541648030281067,-0.12033859640359879,-19.54949691999218,0.7818808481097221,0.0,0.0,0.7780996337532997,5.0,3.0,4.0,2.0,2.0,9.0,5.0,4.0,1.0,1.0,0.0
10695,0.7818808481097221,0.0,0.0,0.7780996337532997,5.0,3.0,4.0,2.0,2.0,9.0,5.0,4.0,1.0,1.0,0.0,1.4960848093032837,-1.6066378355026245,8.0,-1.567865252494812,1.113481879234314,-23.920006532580828,2.277965657413006,0.0,0.0,1.8915815129876137,1.0,4.0,5.0,3.0,3.0,10.0,6.0,5.0,1.0,2.0,0.0
10696,2.277965657413006,0.0,0.0,1.8915815129876137,1.0,4.0,5.0,3.0,3.0,10.0,6.0,5.0,1.0,2.0,2.0,-0.31663778424263,-0.45307204127311707,4.0,-0.713445782661438,-1.2381006479263306,-21.40507654772954,1.9613278731703758,0.0,0.0,0.6534808650612831,2.0,5.0,1.0,4.0,1.0,11.0,7.0,6.0,2.0,3.0,0.0
10697,1.9613278731703758,0.0,0.0,0.6534808650612831,2.0,5.0,1.0,4.0,1.0,11.0,7.0,6.0,2.0,3.0,2.0,1.0056756734848022,-0.3395930826663971,5.0,0.6685889363288879,0.33622217178344727,-16.617370144649794,2.967003546655178,0.0,0.6685889363288879,0.9897030368447304,3.0,6.0,1.0,5.0,2.0,1.0,8.0,7.0,3.0,4.0,0.0
10698,2.967003546655178,0.0,0.6685889363288879,0.9897030368447304,3.0,6.0,1.0,5.0,2.0,1.0,8.0,7.0,3.0,4.0,4.0,-0.06314092129468918,-0.042018771171569824,6.0,-1.3989245891571045,0.04568902403116226,-18.5858913007501,2.903862625360489,0.0,0.0,1.0353920608758926,4.0,7.0,2.0,6.0,1.0,2.0,1.0,8.0,4.0,5.0,0.0
10699,2.903862625360489,0.0,0.0,1.0353920608758926,4.0,7.0,2.0,6.0,1.0,2.0,1.0,8.0,4.0,5.0,9.0,-0.4250923693180084,-1.1173126697540283,8.0,-1.0602203607559204,0.4640931189060211,-19.87067888530036,2.4787702560424805,0.0,0.0,1.4994851797819138,5.0,8.0,3.0,7.0,2.0,3.0,2.0,9.0,1.0,1.0,1.0
10700,8.384029388427734,3.199167013168335,0.04265018552541733,0.46930843591690063,1.0,1.0,1.0,1.0,1.0,1.0,1.0,1.0,1.0,1.0,4.0,-1.9464226961135864,-1.47101891040802,8.0,-1.8999974727630615,-0.8035067319869995,-17.907358619607926,6.437606692314148,1.728148102760315,0.0,0.0,2.0,2.0,2.0,2.0,1.0,2.0,2.0,2.0,1.0,2.0,0.0
10701,6.437606692314148,1.728148102760315,0.0,0.0,2.0,2.0,2.0,2.0,1.0,2.0,2.0,2.0,1.0,2.0,4.0,-1.690696358680725,-1.0482540130615234,8.0,-1.823160171508789,-0.12270790338516235,-19.524618062887175,4.746910333633423,0.6798940896987915,0.0,0.0,3.0,3.0,3.0,3.0,1.0,3.0,3.0,3.0,1.0,3.0,0.0
10702,4.746910333633423,0.6798940896987915,0.0,0.0,3.0,3.0,3.0,3.0,1.0,3.0,3.0,3.0,1.0,3.0,9.0,-0.9360985159873962,-1.4675214290618896,2.0,-1.7518230676651,0.20141153037548065,-23.539402077186864,3.8108118176460266,0.0,0.0,0.20141153037548065,4.0,4.0,1.0,4.0,2.0,4.0,4.0,4.0,2.0,1.0,0.0
10703,3.8108118176460266,0.0,0.0,0.20141153037548065,4.0,4.0,1.0,4.0,2.0,4.0,4.0,4.0,2.0,1.0,9.0,-1.4651248455047607,0.7308467030525208,0.0,-1.3277984857559204,-0.6472398042678833,-11.931006737892748,2.345686972141266,0.7308467030525208,0.0,0.0,1.0,5.0,2.0,5.0,3.0,5.0,5.0,5.0,3.0,1.0,0.0
10704,2.345686972141266,0.7308467030525208,0.0,0.0,1.0,5.0,2.0,5.0,3.0,5.0,5.0,5.0,3.0,1.0,0.0,-0.3955868184566498,-1.4873641729354858,0.0,-0.38733145594596863,-0.793554961681366,-13.88445203849264,1.950100153684616,0.0,0.0,0.0,1.0,6.0,3.0,6.0,4.0,6.0,6.0,6.0,4.0,2.0,0.0
10705,1.950100153684616,0.0,0.0,0.0,1.0,6.0,3.0,6.0,4.0,6.0,6.0,6.0,4.0,2.0,8.0,0.6660280823707581,-0.7890836596488953,8.0,-0.3656250834465027,0.6968711614608765,-20.263237602069445,2.616128236055374,0.0,0.0,0.6968711614608765,2.0,7.0,4.0,7.0,5.0,7.0,7.0,7.0,1.0,3.0,0.0
10706,2.616128236055374,0.0,0.0,0.6968711614608765,2.0,7.0,4.0,7.0,5.0,7.0,7.0,7.0,1.0,3.0,2.0,0.12160015106201172,0.5226055383682251,9.0,-0.0769328698515892,-1.3039226531982422,-14.045037833337386,2.737728387117386,0.5226055383682251,0.0,0.0,3.0,8.0,1.0,8.0,6.0,8.0,8.0,8.0,2.0,1.0,0.0
10707,2.737728387117386,0.5226055383682251,0.0,0.0,3.0,8.0,1.0,8.0,6.0,8.0,8.0,8.0,2.0,1.0,1.0,1.066503882408142,-0.04051138460636139,0.0,-1.0110629796981812,-0.019669003784656525,-12.390224242360027,3.804232269525528,0.4820941537618637,0.0,0.0,1.0,1.0,2.0,9.0,7.0,9.0,9.0,9.0,3.0,2.0,0.0
10708,3.804232269525528,0.4820941537618637,0.0,0.0,1.0,1.0,2.0,9.0,7.0,9.0,9.0,9.0,3.0,2.0,4.0,1.2264260053634644,1.5315665006637573,0.0,-1.5197328329086304,-0.296328604221344,-15.33237246337481,5.030658274888992,2.013660654425621,0.0,0.0,1.0,2.0,3.0,10.0,1.0,10.0,10.0,10.0,4.0,3.0,0.0
10709,5.030658274888992,2.013660654425621,0.0,0.0,1.0,2.0,3.0,10.0,1.0,10.0,10.0,10.0,4.0,3.0,4.0,1.1195762157440186,-0.9679747223854065,3.0,-0.1416597068309784,-0.21899011731147766,-11.463978098290134,6.150234490633011,1.0456859320402145,0.0,0.0,2.0,3.0,4.0,1.0,1.0,11.0,11.0,11.0,5.0,4.0,0.0
10710,6.150234490633011,1.0456859320402145,0.0,0.0,2.0,3.0,4.0,1.0,1.0,11.0,11.0,11.0,5.0,4.0,2.0,-1.493463397026062,-1.6267824172973633,8.0,-1.2882037162780762,1.0007388591766357,-23.47593734146954,4.656771093606949,0.0,0.0,1.0007388591766357,3.0,4.0,1.0,2.0,2.0,12.0,12.0,12.0,1.0,5.0,0.0
10711,4.656771093606949,0.0,0.0,1.0007388591766357,3.0,4.0,1.0,2.0,2.0,12.0,12.0,12.0,1.0,5.0,0.0,-1.9243491888046265,-1.0136361122131348,5.0,-0.9850631356239319,1.1079944372177124,-21.475650381286975,2.7324219048023224,0.0,0.0,2.108733296394348,1.0,5.0,2.0,3.0,3.0,1.0,13.0,13.0,2.0,6.0,0.0
10712,2.7324219048023224,0.0,0.0,2.108733296394348,1.0,5.0,2.0,3.0,3.0,1.0,13.0,13.0,2.0,6.0,4.0,-1.7414090633392334,0.2640198767185211,8.0,-0.8633553981781006,0.782296895980835,-17.779801369933246,0.991012841463089,0.2640198767185211,0.0,2.891030192375183,2.0,6.0,3.0,4.0,1.0,2.0,14.0,14.0,1.0,7.0,0.0
10713,0.991012841463089,0.2640198767185211,0.0,2.891030192375183,2.0,6.0,3.0,4.0,1.0,2.0,14.0,14.0,1.0,7.0,9.0,0.46722570061683655,1.2526705265045166,6.0,-1.3224081993103027,1.437954306602478,-19.17490593349024,1.4582385420799255,1.5166904032230377,0.0,4.328984498977661,3.0,7.0,4.0,5.0,2.0,3.0,1.0,15.0,2.0,1.0,0.0
10714,1.4582385420799255,1.5166904032230377,0.0,4.328984498977661,3.0,7.0,4.0,5.0,2.0,3.0,1.0,15.0,2.0,1.0,9.0,1.3756850957870483,-1.7370141744613647,2.0,-1.8039194345474243,-0.30612632632255554,-19.74364410927285,2.833923637866974,0.0,0.0,4.022858172655106,4.0,8.0,1.0,6.0,3.0,4.0,2.0,16.0,3.0,1.0,0.0
10715,2.833923637866974,0.0,0.0,4.022858172655106,4.0,8.0,1.0,6.0,3.0,4.0,2.0,16.0,3.0,1.0,4.0,-1.3853490352630615,-0.9833279252052307,0.0,-1.4144729375839233,-1.3861045837402344,-22.817181063763265,1.4485746026039124,0.0,0.0,2.636753588914871,1.0,9.0,2.0,7.0,1.0,5.0,3.0,17.0,4.0,2.0,0.0
10716,1.4485746026039124,0.0,0.0,2.636753588914871,1.0,9.0,2.0,7.0,1.0,5.0,3.0,17.0,4.0,2.0,7.0,-0.4008673131465912,-0.0725511983036995,3.0,0.09357231855392456,0.16698984801769257,-7.721641004562439,1.0477072894573212,0.0,0.09357231855392456,2.803743436932564,2.0,10.0,3.0,1.0,2.0,6.0,4.0,1.0,5.0,3.0,0.0
10717,1.0477072894573212,0.0,0.09357231855392456,2.803743436932564,2.0,10.0,3.0,1.0,2.0,6.0,4.0,1.0,5.0,3.0,0.0,0.46751725673675537,-0.2900463044643402,0.0,-1.9516208171844482,-1.4159985780715942,-16.439178866256917,1.5152245461940765,0.0,0.0,1.3877448588609695,1.0,11.0,4.0,2.0,3.0,7.0,5.0,2.0,6.0,4.0,0.0
10718,1.5152245461940765,0.0,0.0,1.3877448588609695,1.0,11.0,4.0,2.0,3.0,7.0,5.0,2.0,6.0,4.0,8.0,-1.1663599014282227,-0.9353361129760742,8.0,-1.0018092393875122,-0.24524442851543427,-24.505617499248736,0.3488646447658539,0.0,0.0,1.1425004303455353,2.0,12.0,5.0,3.0,4.0,8.0,6.0,3.0,1.0,5.0,0.0
10719,0.3488646447658539,0.0,0.0,1.1425004303455353,2.0,12.0,5.0,3.0,4.0,8.0,6.0,3.0,1.0,5.0,3.0,0.8292751312255859,-0.7305054068565369,9.0,-0.15024293959140778,-1.4152733087539673,-14.923300820378767,1.1781397759914398,0.0,0.0,0.0,3.0,13.0,6.0,1.0,5.0,9.0,7.0,4.0,2.0,1.0,0.0
10720,1.1781397759914398,0.0,0.0,0.0,3.0,13.0,6.0,1.0,5.0,9.0,7.0,4.0,2.0,1.0,1.0,0.669000506401062,0.3926873207092285,0.0,-0.8988522887229919,0.4177326261997223,-12.339473975232613,1.8471402823925018,0.3926873207092285,0.0,0.4177326261997223,1.0,1.0,7.0,2.0,6.0,10.0,8.0,5.0,3.0,2.0,0.0
10721,1.8471402823925018,0.3926873207092285,0.0,0.4177326261997223,1.0,1.0,7.0,2.0,6.0,10.0,8.0,5.0,3.0,2.0,4.0,0.16492405533790588,-1.2393580675125122,8.0,-1.5202826261520386,1.1203248500823975,-24.85608709269937,2.0120643377304077,0.0,0.0,1.5380574762821198,2.0,2.0,8.0,3.0,1.0,11.0,9.0,6.0,1.0,3.0,0.0
10722,2.0120643377304077,0.0,0.0,1.5380574762821198,2.0,2.0,8.0,3.0,1.0,11.0,9.0,6.0,1.0,3.0,9.0,0.5993411540985107,-0.15940436720848083,8.0,-0.16022716462612152,-0.5581098198890686,-12.18622842456428,2.6114054918289185,0.0,0.0,0.9799476563930511,3.0,3.0,9.0,4.0,2.0,12.0,10.0,7.0,1.0,1.0,0.0
10723,2.6114054918289185,0.0,0.0,0.9799476563930511,3.0,3.0,9.0,4.0,2.0,12.0,10.0,7.0,1.0,1.0,5.0,-0.6724109053611755,-1.5855488777160645,0.0,0.9629912972450256,-0.7824241518974304,-18.50942410582546,1.938994586467743,0.0,0.9629912972450256,0.19752350449562073,1.0,4.0,10.0,5.0,3.0,1.0,11.0,8.0,2.0,2.0,0.0
10724,1.938994586467743,0.0,0.9629912972450256,0.19752350449562073,1.0,4.0,10.0,5.0,3.0,1.0,11.0,8.0,2.0,2.0,8.0,1.216931939125061,-1.4155418872833252,2.0,-0.9287734031677246,0.05984297767281532,-22.910682076028785,3.155926525592804,0.0,0.034217894077301025,0.25736648216843605,2.0,5.0,1.0,6.0,4.0,2.0,12.0,9.0,1.0,3.0,0.0
10725,3.155926525592804,0.0,0.034217894077301025,0.25736648216843605,2.0,5.0,1.0,6.0,4.0,2.0,12.0,9.0,1.0,3.0,4.0,0.4959098696708679,1.1754192113876343,5.0,-0.8511294722557068,0.5836997628211975,-18.360702517882395,3.651836395263672,1.1754192113876343,0.0,0.8410662449896336,3.0,6.0,2.0,7.0,1.0,1.0,13.0,10.0,2.0,4.0,0.0
10726,3.651836395263672,1.1754192113876343,0.0,0.8410662449896336,3.0,6.0,2.0,7.0,1.0,1.0,13.0,10.0,2.0,4.0,4.0,-0.9819109439849854,-0.7304272055625916,6.0,-1.1788183450698853,0.7814595103263855,-20.989524087765133,2.6699254512786865,0.4449920058250427,0.0,1.622525755316019,4.0,7.0,3.0,8.0,1.0,2.0,1.0,11.0,3.0,5.0,0.0
10727,2.6699254512786865,0.4449920058250427,0.0,1.622525755316019,4.0,7.0,3.0,8.0,1.0,2.0,1.0,11.0,3.0,5.0,9.0,-1.1498472690582275,-1.5099948644638062,8.0,-1.9473414421081543,0.8657821416854858,-23.875212602811473,1.520078182220459,0.0,0.0,2.488307897001505,5.0,8.0,4.0,9.0,2.0,3.0,2.0,12.0,1.0,1.0,0.0
10728,1.520078182220459,0.0,0.0,2.488307897001505,5.0,8.0,4.0,9.0,2.0,3.0,2.0,12.0,1.0,1.0,9.0,-0.6525079011917114,-0.25465404987335205,0.0,-1.1600371599197388,-1.437170386314392,-13.94559463389664,0.8675702810287476,0.0,0.0,1.0511375106871128,1.0,9.0,5.0,10.0,3.0,4.0,3.0,13.0,2.0,1.0,0.0
10729,0.8675702810287476,0.0,0.0,1.0511375106871128,1.0,9.0,5.0,10.0,3.0,4.0,3.0,13.0,2.0,1.0,9.0,1.2776702642440796,-0.00470662722364068,0.0,0.785496175289154,0.620437502861023,-7.168130393156182,2.145240545272827,0.0,0.785496175289154,1.6715750135481358,1.0,10.0,6.0,11.0,4.0,5.0,4.0,14.0,3.0,1.0,0.0
10730,2.145240545272827,0.0,0.785496175289154,1.6715750135481358,1.0,10.0,6.0,11.0,4.0,5.0,4.0,14.0,3.0,1.0,9.0,0.044634029269218445,-1.4306905269622803,5.0,-1.5088632106781006,0.3162747919559479,-24.232777871219223,2.1898745745420456,0.0,0.0,1.9878498055040836,2.0,11.0,7.0,12.0,5.0,1.0,5.0,15.0,4.0,1.0,0.0
10731,2.1898745745420456,0.0,0.0,1.9878498055040836,2.0,11.0,7.0,12.0,5.0,1.0,5.0,15.0,4.0,1.0,2.0,-1.390878438949585,-1.3224925994873047,2.0,0.41181015968322754,0.550911009311676,-24.0989000611756,0.7989961355924606,0.0,0.41181015968322754,2.5387608148157597,3.0,12.0,1.0,13.0,6.0,2.0,6.0,16.0,5.0,2.0,0.0
10732,0.7989961355924606,0.0,0.41181015968322754,2.5387608148157597,3.0,12.0,1.0,13.0,6.0,2.0,6.0,16.0,5.0,2.0,3.0,0.24727609753608704,1.6810200214385986,0.0,-0.06104325130581856,-0.5371724367141724,-8.518342042180006,1.0462722331285477,1.6810200214385986,0.350766908377409,2.0015883781015873,1.0,13.0,2.0,1.0,7.0,3.0,7.0,17.0,6.0,3.0,0.0
10733,1.0462722331285477,1.6810200214385986,0.350766908377409,2.0015883781015873,1.0,13.0,2.0,1.0,7.0,3.0,7.0,17.0,6.0,3.0,4.0,0.06163164973258972,-1.5498099327087402,8.0,-1.8144676685333252,0.13491851091384888,-21.646661440766085,1.1079038828611374,0.1312100887298584,0.0,2.136506889015436,2.0,14.0,3.0,2.0,1.0,4.0,8.0,18.0,1.0,4.0,0.0
10734,1.1079038828611374,0.1312100887298584,0.0,2.136506889015436,2.0,14.0,3.0,2.0,1.0,4.0,8.0,18.0,1.0,4.0,1.0,1.8086817264556885,-1.2765477895736694,5.0,-1.3595892190933228,0.6272923946380615,-25.343186771247268,2.916585609316826,0.0,0.0,2.7637992836534977,3.0,1.0,4.0,3.0,2.0,1.0,9.0,19.0,2.0,5.0,0.0
10735,2.916585609316826,0.0,0.0,2.7637992836534977,3.0,1.0,4.0,3.0,2.0,1.0,9.0,19.0,2.0,5.0,7.0,-0.8070405125617981,-0.882451593875885,0.0,-1.9261873960494995,-0.378886878490448,-20.227780176850466,2.1095450967550278,0.0,0.0,2.3849124051630497,1.0,2.0,5.0,4.0,3.0,2.0,10.0,1.0,3.0,6.0,0.0
10736,2.1095450967550278,0.0,0.0,2.3849124051630497,1.0,2.0,5.0,4.0,3.0,2.0,10.0,1.0,3.0,6.0,4.0,0.21034811437129974,1.3906280994415283,6.0,-1.8754295110702515,-0.20925551652908325,-23.122873731337577,2.3198932111263275,1.3906280994415283,0.0,2.1756568886339664,2.0,3.0,6.0,5.0,1.0,3.0,1.0,2.0,4.0,7.0,0.0
10737,2.3198932111263275,1.3906280994415283,0.0,2.1756568886339664,2.0,3.0,6.0,5.0,1.0,3.0,1.0,2.0,4.0,7.0,8.0,-0.12956354022026062,-1.4066331386566162,2.0,-0.6462383270263672,-1.0718715190887451,-17.44808649050765,2.190329670906067,0.0,0.0,1.1037853695452213,3.0,4.0,1.0,6.0,2.0,4.0,2.0,3.0,1.0,8.0,0.0
10738,2.190329670906067,0.0,0.0,1.1037853695452213,3.0,4.0,1.0,6.0,2.0,4.0,2.0,3.0,1.0,8.0,9.0,-0.792132556438446,0.06283055245876312,1.0,-1.6826986074447632,0.2968684434890747,-16.42232897729614,1.3981971144676208,0.06283055245876312,0.0,1.400653813034296,4.0,1.0,2.0,7.0,3.0,5.0,3.0,4.0,2.0,1.0,0.0
10739,1.3981971144676208,0.06283055245876312,0.0,1.400653813034296,4.0,1.0,2.0,7.0,3.0,5.0,3.0,4.0,2.0,1.0,4.0,1.514314889907837,1.137643575668335,0.0,-1.5811525583267212,-0.5047616958618164,-15.036357962005805,2.9125120043754578,1.200474128127098,0.0,0.8958921171724796,1.0,2.0,3.0,8.0,1.0,6.0,4.0,5.0,3.0,2.0,0.0
10740,2.9125120043754578,1.200474128127098,0.0,0.8958921171724796,1.0,2.0,3.0,8.0,1.0,6.0,4.0,5.0,3.0,2.0,9.0,0.1644517332315445,-1.2918955087661743,3.0,-1.100413203239441,-1.3171348571777344,-14.078703796163158,3.0769637376070023,0.0,0.0,0.0,2.0,3.0,4.0,1.0,2.0,7.0,5.0,6.0,4.0,1.0,0.0
10741,3.0769637376070023,0.0,0.0,0.0,2.0,3.0,4.0,1.0,2.0,7.0,5.0,6.0,4.0,1.0,2.0,-0.9677361845970154,-1.7936434745788574,8.0,-0.8862898349761963,0.7544678449630737,-27.31270076980626,2.109227553009987,0.0,0.0,0.7544678449630737,3.0,4.0,1.0,2.0,3.0,8.0,6.0,7.0,1.0,2.0,0.0
10742,2.109227553009987,0.0,0.0,0.7544678449630737,3.0,4.0,1.0,2.0,3.0,8.0,6.0,7.0,1.0,2.0,5.0,0.26846954226493835,0.15384039282798767,0.0,-1.369860053062439,0.4815507233142853,-16.03220976966778,2.3776970952749252,0.15384039282798767,0.0,1.236018568277359,1.0,5.0,2.0,3.0,4.0,1.0,7.0,8.0,2.0,3.0,0.0
10743,2.3776970952749252,0.15384039282798767,0.0,1.236018568277359,1.0,5.0,2.0,3.0,4.0,1.0,7.0,8.0,2.0,3.0,3.0,-0.6144020557403564,-1.0384836196899414,2.0,-1.0287171602249146,0.564687967300415,-22.510735503542875,1.7632950395345688,0.0,0.0,1.800706535577774,2.0,6.0,1.0,1.0,5.0,2.0,8.0,9.0,3.0,4.0,0.0
10744,1.7632950395345688,0.0,0.0,1.800706535577774,2.0,6.0,1.0,1.0,5.0,2.0,8.0,9.0,3.0,4.0,4.0,0.5733353495597839,-0.8566524982452393,6.0,-1.866974949836731,-0.37091222405433655,-28.585508179310594,2.3366303890943527,0.0,0.0,1.4297943115234375,3.0,7.0,2.0,2.0,1.0,3.0,1.0,10.0,4.0,5.0,0.0
10745,2.3366303890943527,0.0,0.0,1.4297943115234375,3.0,7.0,2.0,2.0,1.0,3.0,1.0,10.0,4.0,5.0,9.0,-0.4533540606498718,-0.5067275166511536,8.0,-1.4336433410644531,1.0482999086380005,-17.678345434097082,1.883276328444481,0.0,0.0,2.478094220161438,4.0,8.0,3.0,3.0,2.0,4.0,2.0,11.0,1.0,1.0,0.0
10746,1.883276328444481,0.0,0.0,2.478094220161438,4.0,8.0,3.0,3.0,2.0,4.0,2.0,11.0,1.0,1.0,8.0,-0.23960094153881073,-0.17814049124717712,2.0,-0.0013251302298158407,-1.2783643007278442,-16.223721505843532,1.6436753869056702,0.0,0.0,1.1997299194335938,5.0,9.0,1.0,4.0,3.0,5.0,3.0,12.0,1.0,2.0,0.0
10747,1.6436753869056702,0.0,0.0,1.1997299194335938,5.0,9.0,1.0,4.0,3.0,5.0,3.0,12.0,1.0,2.0,9.0,-1.3563035726547241,-0.9745029807090759,0.0,-1.2591153383255005,0.4929368495941162,-17.900387003022935,0.28737181425094604,0.0,0.0,1.69266676902771,1.0,10.0,2.0,5.0,4.0,6.0,4.0,13.0,2.0,1.0,0.0
10748,0.28737181425094604,0.0,0.0,1.69266676902771,1.0,10.0,2.0,5.0,4.0,6.0,4.0,13.0,2.0,1.0,7.0,0.26760897040367126,-1.6071594953536987,5.0,-0.9072349071502686,0.1904006451368332,-25.795882484218662,0.5549807846546173,0.0,0.0,1.8830674141645432,2.0,11.0,3.0,6.0,5.0,1.0,5.0,1.0,3.0,2.0,0.0
10749,0.5549807846546173,0.0,0.0,1.8830674141645432,2.0,11.0,3.0,6.0,5.0,1.0,5.0,1.0,3.0,2.0,4.0,-0.6166165471076965,0.14213216304779053,1.0,-1.8120753765106201,0.564892053604126,-22.809553775535946,0.0,0.14213216304779053,0.0,2.447959467768669,3.0,1.0,4.0,7.0,1.0,2.0,6.0,2.0,4.0,3.0,0.0
10750,0.0,0.14213216304779053,0.0,2.447959467768669,3.0,1.0,4.0,7.0,1.0,2.0,6.0,2.0,4.0,3.0,9.0,1.7069239616394043,0.22692005336284637,3.0,-0.9549240469932556,-1.3283374309539795,-11.135817757339014,1.7069239616394043,0.3690522164106369,0.0,1.1196220368146896,4.0,2.0,5.0,1.0,2.0,3.0,7.0,3.0,5.0,1.0,0.0
10751,1.7069239616394043,0.3690522164106369,0.0,1.1196220368146896,4.0,2.0,5.0,1.0,2.0,3.0,7.0,3.0,5.0,1.0,4.0,0.10987485200166702,-0.5320890545845032,8.0,-1.815035343170166,0.647244393825531,-21.873349615998404,1.8167988136410713,0.0,0.0,1.7668664306402206,5.0,3.0,6.0,2.0,1.0,4.0,8.0,4.0,1.0,2.0,0.0
10752,1.8167988136410713,0.0,0.0,1.7668664306402206,5.0,3.0,6.0,2.0,1.0,4.0,8.0,4.0,1.0,2.0,9.0,0.5370180606842041,0.47845786809921265,6.0,0.01364543754607439,-0.2544378340244293,-11.244061388981219,2.3538168743252754,0.47845786809921265,0.01364543754607439,1.5124285966157913,6.0,4.0,7.0,3.0,2.0,5.0,1.0,5.0,2.0,1.0,0.0
10753,2.3538168743252754,0.47845786809921265,0.01364543754607439,1.5124285966157913,6.0,4.0,7.0,3.0,2.0,5.0,1.0,5.0,2.0,1.0,9.0,0.27232110500335693,-1.475057601928711,0.0,0.790717601776123,0.21628354489803314,-10.114399400633946,2.6261379793286324,0.0,0.8043630393221974,1.7287121415138245,1.0,5.0,8.0,4.0,3.0,6.0,2.0,6.0,3.0,1.0,0.0
10754,2.6261379793286324,0.0,0.8043630393221974,1.7287121415138245,1.0,5.0,8.0,4.0,3.0,6.0,2.0,6.0,3.0,1.0,0.0,0.9900423288345337,-0.865714967250824,2.0,-1.7204185724258423,-1.316525936126709,-19.905472581033482,3.616180308163166,0.0,0.0,0.4121862053871155,1.0,6.0,1.0,5.0,4.0,7.0,3.0,7.0,4.0,2.0,0.0
10755,3.616180308163166,0.0,0.0,0.4121862053871155,1.0,6.0,1.0,5.0,4.0,7.0,3.0,7.0,4.0,2.0,9.0,-1.6952323913574219,-0.2819833755493164,8.0,-0.7529183030128479,0.6662699580192566,-14.888801701237576,1.9209479168057442,0.0,0.0,1.078456163406372,2.0,7.0,2.0,6.0,5.0,8.0,4.0,8.0,1.0,1.0,0.0
10756,1.9209479168057442,0.0,0.0,1.078456163406372,2.0,7.0,2.0,6.0,5.0,8.0,4.0,8.0,1.0,1.0,9.0,1.0528082847595215,-1.3709825277328491,0.0,-1.6647661924362183,-1.0563695430755615,-22.01541575031066,2.9737562015652657,0.0,0.0,0.022086620330810547,1.0,8.0,3.0,7.0,6.0,9.0,5.0,9.0,2.0,1.0,0.0
10757,2.9737562015652657,0.0,0.0,0.022086620330810547,1.0,8.0,3.0,7.0,6.0,9.0,5.0,9.0,2.0,1.0,2.0,1.2652785778045654,-0.10637439787387848,3.0,-1.61760413646698,0.5656328797340393,-20.855087065712272,4.239034779369831,0.0,0.0,0.5877195000648499,2.0,9.0,1.0,1.0,7.0,10.0,6.0,10.0,3.0,2.0,0.0
10758,4.239034779369831,0.0,0.0,0.5877195000648499,2.0,9.0,1.0,1.0,7.0,10.0,6.0,10.0,3.0,2.0,8.0,-1.253645896911621,0.5641294717788696,8.0,-1.4068704843521118,0.018514461815357208,-21.72048272842309,2.98538888245821,0.5641294717788696,0.0,0.6062339618802071,3.0,10.0,2.0,2.0,8.0,11.0,7.0,11.0,1.0,3.0,0.0
10759,2.98538888245821,0.5641294717788696,0.0,0.6062339618802071,3.0,10.0,2.0,2.0,8.0,11.0,7.0,11.0,1.0,3.0,1.0,1.0618735551834106,-1.226271152496338,0.0,0.2606618106365204,-0.45456597208976746,-10.848232386503128,4.047262437641621,0.0,0.2606618106365204,0.1516679897904396,1.0,1.0,3.0,3.0,9.0,12.0,8.0,12.0,2.0,4.0,0.0
10760,4.047262437641621,0.0,0.2606618106365204,0.1516679897904396,1.0,1.0,3.0,3.0,9.0,12.0,8.0,12.0,2.0,4.0,0.0,0.39751410484313965,-0.16954286396503448,8.0,-1.744215965270996,1.0398348569869995,-19.280910051217234,4.44477654248476,0.0,0.0,1.1915028467774391,1.0,2.0,4.0,4.0,10.0,13.0,9.0,13.0,1.0,5.0,0.0
10761,4.44477654248476,0.0,0.0,1.1915028467774391,1.0,2.0,4.0,4.0,10.0,13.0,9.0,13.0,1.0,5.0,2.0,0.4860759675502777,-0.19947147369384766,6.0,-0.46151259541511536,0.5583970546722412,-20.386199807872778,4.930852510035038,0.0,0.0,1.7498999014496803,2.0,3.0,1.0,5.0,11.0,14.0,1.0,14.0,2.0,6.0,0.0
10762,4.930852510035038,0.0,0.0,1.7498999014496803,2.0,3.0,1.0,5.0,11.0,14.0,1.0,14.0,2.0,6.0,9.0,-0.21361510455608368,-0.679419755935669,8.0,-1.0654547214508057,0.23884066939353943,-19.651856858031024,4.717237405478954,0.0,0.0,1.9887405708432198,3.0,4.0,2.0,6.0,12.0,15.0,2.0,15.0,1.0,1.0,0.0
10763,4.717237405478954,0.0,0.0,1.9887405708432198,3.0,4.0,2.0,6.0,12.0,15.0,2.0,15.0,1.0,1.0,4.0,1.657533884048462,-1.0264294147491455,0.0,-1.808839201927185,-0.5512685179710388,-22.66477191149755,6.374771289527416,0.0,0.0,1.437472052872181,1.0,5.0,3.0,7.0,1.0,16.0,3.0,16.0,2.0,2.0,0.0
10764,6.374771289527416,0.0,0.0,1.437472052872181,1.0,5.0,3.0,7.0,1.0,16.0,3.0,16.0,2.0,2.0,8.0,-1.0708644390106201,-1.3468637466430664,2.0,-1.7847548723220825,0.36861228942871094,-31.76930539721978,5.303906850516796,0.0,0.0,1.8060843423008919,2.0,6.0,1.0,8.0,2.0,17.0,4.0,17.0,1.0,3.0,0.0
10765,5.303906850516796,0.0,0.0,1.8060843423008919,2.0,6.0,1.0,8.0,2.0,17.0,4.0,17.0,1.0,3.0,0.0,0.4525618553161621,-0.7918344140052795,8.0,-1.0053184032440186,0.3568941652774811,-20.151487741849017,5.756468705832958,0.0,0.0,2.162978507578373,1.0,7.0,2.0,9.0,3.0,18.0,5.0,18.0,1.0,4.0,0.0
10766,5.756468705832958,0.0,0.0,2.162978507578373,1.0,7.0,2.0,9.0,3.0,18.0,5.0,18.0,1.0,4.0,9.0,0.5781737565994263,-1.2650853395462036,0.0,-1.754220724105835,-1.0955262184143066,-25.10062779436521,6.3346424624323845,0.0,0.0,1.0674522891640663,1.0,8.0,3.0,10.0,4.0,19.0,6.0,19.0,2.0,1.0,0.0
10767,6.3346424624323845,0.0,0.0,1.0674522891640663,1.0,8.0,3.0,10.0,4.0,19.0,6.0,19.0,2.0,1.0,2.0,1.8230631351470947,0.5328574180603027,0.0,-0.859061598777771,0.2935817241668701,-16.50362851797356,8.15770559757948,0.5328574180603027,0.0,1.3610340133309364,1.0,9.0,1.0,11.0,5.0,20.0,7.0,20.0,3.0,2.0,0.0
10768,8.15770559757948,0.5328574180603027,0.0,1.3610340133309364,1.0,9.0,1.0,11.0,5.0,20.0,7.0,20.0,3.0,2.0,8.0,0.6147849559783936,-0.4714379906654358,0.0,-1.559108018875122,0.31546643376350403,-23.203913299949676,8.772490553557873,0.06141942739486694,0.0,1.6765004470944405,1.0,10.0,2.0,12.0,6.0,21.0,8.0,21.0,1.0,3.0,0.0
10769,8.772490553557873,0.06141942739486694,0.0,1.6765004470944405,1.0,10.0,2.0,12.0,6.0,21.0,8.0,21.0,1.0,3.0,8.0,-0.4437989890575409,-1.133009672164917,0.0,-1.5189130306243896,0.25539717078208923,-28.931009608472237,8.328691564500332,0.0,0.0,1.9318976178765297,1.0,11.0,3.0,13.0,7.0,22.0,9.0,22.0,1.0,4.0,0.0
10770,8.328691564500332,0.0,0.0,1.9318976178765297,1.0,11.0,3.0,13.0,7.0,22.0,9.0,22.0,1.0,4.0,5.0,-0.5417133569717407,0.09943690150976181,3.0,-1.2905820608139038,0.9367384314537048,-16.407991328900685,7.786978207528591,0.09943690150976181,0.0,2.8686360493302345,2.0,12.0,4.0,1.0,8.0,1.0,10.0,23.0,2.0,5.0,0.0
10771,7.786978207528591,0.09943690150976181,0.0,2.8686360493302345,2.0,12.0,4.0,1.0,8.0,1.0,10.0,23.0,2.0,5.0,4.0,-1.527963638305664,-1.4809857606887817,2.0,-1.7344937324523926,1.0099678039550781,-28.421532760826846,6.259014569222927,0.0,0.0,3.8786038532853127,3.0,13.0,1.0,2.0,1.0,2.0,11.0,24.0,3.0,6.0,0.0
10772,6.259014569222927,0.0,0.0,3.8786038532853127,3.0,13.0,1.0,2.0,1.0,2.0,11.0,24.0,3.0,6.0,9.0,-1.6435649394989014,-0.8968732357025146,8.0,-1.5974900722503662,0.5669989585876465,-22.334162911966594,4.615449629724026,0.0,0.0,4.445602811872959,4.0,14.0,2.0,3.0,2.0,3.0,12.0,25.0,1.0,1.0,0.0
10773,4.615449629724026,0.0,0.0,4.445602811872959,4.0,14.0,2.0,3.0,2.0,3.0,12.0,25.0,1.0,1.0,4.0,-1.7190724611282349,-0.4509269893169403,0.0,-1.3307433128356934,0.049867499619722366,-21.13623089172983,2.896377168595791,0.0,0.0,4.4954703114926815,1.0,15.0,3.0,4.0,1.0,4.0,13.0,26.0,2.0,2.0,0.0
10774,2.896377168595791,0.0,0.0,4.4954703114926815,1.0,15.0,3.0,4.0,1.0,4.0,13.0,26.0,2.0,2.0,7.0,-1.2942575216293335,-0.6979235410690308,1.0,-1.079468846321106,1.174089789390564,-19.554701033845767,1.6021196469664574,0.0,0.0,5.6695601008832455,2.0,1.0,4.0,5.0,2.0,5.0,14.0,1.0,3.0,3.0,0.0
10775,1.6021196469664574,0.0,0.0,5.6695601008832455,2.0,1.0,4.0,5.0,2.0,5.0,14.0,1.0,3.0,3.0,3.0,-0.002764550969004631,-0.25388652086257935,8.0,-0.9563091993331909,-0.45548591017723083,-15.353166559572674,1.5993550959974527,0.0,0.0,5.214074190706015,3.0,2.0,5.0,1.0,3.0,6.0,15.0,2.0,1.0,4.0,0.0
10776,1.5993550959974527,0.0,0.0,5.214074190706015,3.0,2.0,5.0,1.0,3.0,6.0,15.0,2.0,1.0,4.0,4.0,1.4239574670791626,0.8367867469787598,6.0,-0.2084445059299469,1.4975366592407227,-17.016254475843056,3.0233125630766153,0.8367867469787598,0.0,6.711610849946737,4.0,3.0,6.0,2.0,1.0,7.0,1.0,3.0,2.0,5.0,0.0
10777,3.0233125630766153,0.8367867469787598,0.0,6.711610849946737,4.0,3.0,6.0,2.0,1.0,7.0,1.0,3.0,2.0,5.0,0.0,-1.4621939659118652,-1.8294066190719604,0.0,-1.9137650728225708,-1.95225989818573,-20.542565219237073,1.56111859716475,0.0,0.0,4.759350951761007,1.0,4.0,7.0,3.0,2.0,8.0,2.0,4.0,3.0,6.0,0.0
10778,1.56111859716475,0.0,0.0,4.759350951761007,1.0,4.0,7.0,3.0,2.0,8.0,2.0,4.0,3.0,6.0,0.0,1.1146445274353027,0.17866231501102448,8.0,-1.8708170652389526,-0.2589304447174072,-16.189847173381956,2.675763124600053,0.17866231501102448,0.0,4.5004205070436,1.0,5.0,8.0,4.0,3.0,9.0,3.0,5.0,1.0,7.0,0.0
10779,2.675763124600053,0.17866231501102448,0.0,4.5004205070436,1.0,5.0,8.0,4.0,3.0,9.0,3.0,5.0,1.0,7.0,9.0,-0.2390684187412262,-0.13077344000339508,5.0,-1.9863674640655518,-1.664709210395813,-20.72495359689493,2.4366947058588266,0.047888875007629395,0.0,2.835711296647787,2.0,6.0,9.0,5.0,4.0,1.0,4.0,6.0,2.0,1.0,0.0
10780,2.4366947058588266,0.047888875007629395,0.0,2.835711296647787,2.0,6.0,9.0,5.0,4.0,1.0,4.0,6.0,2.0,1.0,3.0,0.7834892272949219,-1.3220633268356323,2.0,-0.3997041881084442,-0.6683852672576904,-20.865149665933686,3.2201839331537485,0.0,0.0,2.1673260293900967,3.0,7.0,1.0,1.0,5.0,2.0,5.0,7.0,3.0,2.0,0.0
10781,3.2201839331537485,0.0,0.0,2.1673260293900967,3.0,7.0,1.0,1.0,5.0,2.0,5.0,7.0,3.0,2.0,4.0,-1.139454960823059,-0.28139597177505493,0.0,-1.9727598428726196,-0.8674731254577637,-20.139942266421897,2.0807289723306894,0.0,0.0,1.299852903932333,1.0,8.0,2.0,2.0,1.0,3.0,6.0,8.0,4.0,3.0,0.0
10782,2.0807289723306894,0.0,0.0,1.299852903932333,1.0,8.0,2.0,2.0,1.0,3.0,6.0,8.0,4.0,3.0,8.0,-0.5219541788101196,-1.2032036781311035,8.0,-0.5010001063346863,1.2406905889511108,-21.04346759732062,1.5587747935205698,0.0,0.0,2.540543492883444,2.0,9.0,3.0,3.0,2.0,4.0,7.0,9.0,1.0,4.0,0.0
10783,1.5587747935205698,0.0,0.0,2.540543492883444,2.0,9.0,3.0,3.0,2.0,4.0,7.0,9.0,1.0,4.0,9.0,0.12336742132902145,-0.7180535793304443,9.0,-0.979322612285614,0.5078924298286438,-14.87577685621915,1.6821422148495913,0.0,0.0,3.0484359227120876,3.0,10.0,4.0,4.0,3.0,5.0,8.0,10.0,2.0,1.0,0.0
10784,1.6821422148495913,0.0,0.0,3.0484359227120876,3.0,10.0,4.0,4.0,3.0,5.0,8.0,10.0,2.0,1.0,4.0,-0.5422680974006653,-1.0990961790084839,4.0,-1.686992883682251,0.028954092413187027,-29.503761669130967,1.139874117448926,0.0,0.0,3.0773900151252747,4.0,11.0,5.0,5.0,1.0,6.0,9.0,11.0,3.0,2.0,0.0
10785,1.139874117448926,0.0,0.0,3.0773900151252747,4.0,11.0,5.0,5.0,1.0,6.0,9.0,11.0,3.0,2.0,3.0,-1.2428714036941528,-1.62911057472229,5.0,-1.1753414869308472,-0.54654461145401,-29.217269713449255,0.0,0.0,0.0,2.5308454036712646,5.0,12.0,6.0,1.0,2.0,1.0,10.0,12.0,4.0,3.0,0.0
10786,0.0,0.0,0.0,2.5308454036712646,5.0,12.0,6.0,1.0,2.0,1.0,10.0,12.0,4.0,3.0,4.0,0.9900451898574829,-1.5556578636169434,8.0,-0.2916176915168762,-1.3603830337524414,-24.95817603932423,0.9900451898574829,0.0,0.0,1.1704623699188232,6.0,13.0,7.0,2.0,1.0,2.0,11.0,13.0,1.0,4.0,0.0
10787,0.9900451898574829,0.0,0.0,1.1704623699188232,6.0,13.0,7.0,2.0,1.0,2.0,11.0,13.0,1.0,4.0,0.0,-0.49918603897094727,0.9814786911010742,6.0,-1.4303796291351318,-1.0892906188964844,-20.175462701893995,0.49085915088653564,0.9814786911010742,0.0,0.08117175102233887,1.0,14.0,8.0,3.0,2.0,3.0,1.0,14.0,2.0,5.0,0.0
10788,0.49085915088653564,0.9814786911010742,0.0,0.08117175102233887,1.0,14.0,8.0,3.0,2.0,3.0,1.0,14.0,2.0,5.0,9.0,-1.3261845111846924,-1.1147019863128662,2.0,-0.8398417830467224,0.08995910733938217,-21.65396319489917,0.0,0.0,0.0,0.17113085836172104,2.0,15.0,1.0,4.0,3.0,4.0,2.0,15.0,3.0,1.0,0.0
10789,0.0,0.0,0.0,0.17113085836172104,2.0,15.0,1.0,4.0,3.0,4.0,2.0,15.0,3.0,1.0,1.0,0.474663108587265,-1.163338303565979,1.0,-1.5380836725234985,1.458066701889038,-25.802704559199043,0.474663108587265,0.0,0.0,1.6291975602507591,3.0,1.0,2.0,5.0,4.0,5.0,3.0,16.0,4.0,2.0,0.0
10790,0.474663108587265,0.0,0.0,1.6291975602507591,3.0,1.0,2.0,5.0,4.0,5.0,3.0,16.0,4.0,2.0,9.0,1.5984716415405273,1.2770575284957886,0.0,-0.5025547742843628,-0.374535471200943,-8.614121364318159,2.0731347501277924,1.2770575284957886,0.0,1.2546620890498161,1.0,2.0,3.0,6.0,5.0,6.0,4.0,17.0,5.0,1.0,0.0
10791,2.0731347501277924,1.2770575284957886,0.0,1.2546620890498161,1.0,2.0,3.0,6.0,5.0,6.0,4.0,17.0,5.0,1.0,7.0,0.24112039804458618,0.9918491244316101,0.0,-1.2699393033981323,0.5026554465293884,-12.889948235864171,2.3142551481723785,2.2689066529273987,0.0,1.7573175355792046,1.0,3.0,4.0,7.0,6.0,7.0,5.0,1.0,6.0,2.0,0.0
10792,2.3142551481723785,2.2689066529273987,0.0,1.7573175355792046,1.0,3.0,4.0,7.0,6.0,7.0,5.0,1.0,6.0,2.0,8.0,0.45672062039375305,-1.6191655397415161,3.0,-1.6848177909851074,-1.34196138381958,-19.179695410601695,2.7709757685661316,0.6497411131858826,0.0,0.4153561517596245,2.0,4.0,5.0,1.0,7.0,8.0,6.0,2.0,1.0,3.0,0.0
10793,2.7709757685661316,0.6497411131858826,0.0,0.4153561517596245,2.0,4.0,5.0,1.0,7.0,8.0,6.0,2.0,1.0,3.0,9.0,-0.8312665224075317,-1.1112412214279175,0.0,-1.6825015544891357,0.6036443710327148,-16.712267996164204,1.9397092461585999,0.0,0.0,1.0190005227923393,1.0,5.0,6.0,2.0,8.0,9.0,7.0,3.0,2.0,1.0,0.0
10794,1.9397092461585999,0.0,0.0,1.0190005227923393,1.0,5.0,6.0,2.0,8.0,9.0,7.0,3.0,2.0,1.0,8.0,0.15508417785167694,-0.24362125992774963,2.0,-1.716569185256958,-0.4281417429447174,-25.654487229894976,2.094793424010277,0.0,0.0,0.5908587798476219,2.0,6.0,1.0,3.0,9.0,10.0,8.0,4.0,1.0,2.0,0.0
10795,2.094793424010277,0.0,0.0,0.5908587798476219,2.0,6.0,1.0,3.0,9.0,10.0,8.0,4.0,1.0,2.0,1.0,0.8328164219856262,-0.016395149752497673,9.0,-0.41347503662109375,-1.6126044988632202,-13.499697672543995,2.927609845995903,0.0,0.0,0.0,3.0,1.0,2.0,4.0,10.0,11.0,9.0,5.0,2.0,1.0,0.0
10796,2.927609845995903,0.0,0.0,0.0,3.0,1.0,2.0,4.0,10.0,11.0,9.0,5.0,2.0,1.0,4.0,0.030054213479161263,-0.3739202618598938,0.0,-1.7023837566375732,-0.888161838054657,-20.533725113647208,2.9576640594750643,0.0,0.0,0.0,1.0,2.0,3.0,5.0,1.0,12.0,10.0,6.0,3.0,2.0,0.0
10797,2.9576640594750643,0.0,0.0,0.0,1.0,2.0,3.0,5.0,1.0,12.0,10.0,6.0,3.0,2.0,2.0,-0.05620206519961357,0.43215125799179077,3.0,-1.1620774269104004,0.3530595302581787,-18.01788886072168,2.9014619942754507,0.43215125799179077,0.0,0.3530595302581787,2.0,3.0,1.0,1.0,2.0,13.0,11.0,7.0,4.0,3.0,0.0
10798,2.9014619942754507,0.43215125799179077,0.0,0.3530595302581787,2.0,3.0,1.0,1.0,2.0,13.0,11.0,7.0,4.0,3.0,2.0,1.0298398733139038,-0.8186371922492981,0.0,-1.9179264307022095,-0.176641047000885,-22.219192879634335,3.9313018675893545,0.0,0.0,0.1764184832572937,1.0,4.0,1.0,2.0,3.0,14.0,12.0,8.0,5.0,4.0,0.0
10799,3.9313018675893545,0.0,0.0,0.1764184832572937,1.0,4.0,1.0,2.0,3.0,14.0,12.0,8.0,5.0,4.0,2.0,-0.6016274094581604,-0.38360437750816345,0.0,-0.9915120005607605,1.3359020948410034,-18.504543367795076,3.329674458131194,0.0,0.0,1.5123205780982971,1.0,5.0,1.0,3.0,4.0,15.0,13.0,9.0,6.0,5.0,1.0
10800,7.378073692321777,2.726322889328003,4.8148579597473145,1.9203126430511475,1.0,1.0,1.0,1.0,1.0,1.0,1.0,1.0,1.0,1.0,8.0,-1.596333384513855,-1.6734436750411987,2.0,-1.8104833364486694,-1.3172000646591187,-9.54066360669807,5.781740307807922,1.0528792142868042,3.004374623298645,0.6031125783920288,2.0,2.0,1.0,2.0,2.0,2.0,2.0,2.0,1.0,2.0,0.0
10801,5.781740307807922,1.0528792142868042,3.004374623298645,0.6031125783920288,2.0,2.0,1.0,2.0,2.0,2.0,2.0,2.0,1.0,2.0,4.0,-1.2904038429260254,-1.5239284038543701,8.0,-0.36248457431793213,0.6901657581329346,-10.77778918320827,4.491336464881897,0.0,2.641890048980713,1.2932783365249634,3.0,3.0,2.0,3.0,1.0,3.0,3.0,3.0,1.0,3.0,0.0
10802,4.491336464881897,0.0,2.641890048980713,1.2932783365249634,3.0,3.0,2.0,3.0,1.0,3.0,3.0,3.0,1.0,3.0,8.0,-1.5355844497680664,-1.0739257335662842,1.0,-1.0977016687393188,0.10869977623224258,-15.468807609886365,2.9557520151138306,0.0,1.544188380241394,1.401978112757206,4.0,1.0,3.0,4.0,2.0,4.0,4.0,4.0,1.0,4.0,0.0
10803,2.9557520151138306,0.0,1.544188380241394,1.401978112757206,4.0,1.0,3.0,4.0,2.0,4.0,4.0,4.0,1.0,4.0,0.0,-0.6205564737319946,0.3577544391155243,4.0,-1.897480845451355,0.1917579472064972,-10.815409929752967,2.335195541381836,0.3577544391155243,0.0,1.5937360599637032,1.0,2.0,4.0,5.0,1.0,5.0,5.0,5.0,2.0,5.0,0.0
10804,2.335195541381836,0.3577544391155243,0.0,1.5937360599637032,1.0,2.0,4.0,5.0,1.0,5.0,5.0,5.0,2.0,5.0,9.0,-0.7942450642585754,-0.28974348306655884,0.0,-0.36128610372543335,0.7144730687141418,-7.3470696932336,1.5409504771232605,0.06801095604896545,0.0,2.308209128677845,1.0,3.0,5.0,6.0,2.0,6.0,6.0,6.0,3.0,1.0,0.0
10805,1.5409504771232605,0.06801095604896545,0.0,2.308209128677845,1.0,3.0,5.0,6.0,2.0,6.0,6.0,6.0,3.0,1.0,8.0,1.6424453258514404,-1.367173671722412,3.0,-1.6634588241577148,-0.39271968603134155,-25.085537607699898,3.183395802974701,0.0,0.0,1.9154894426465034,2.0,4.0,6.0,1.0,3.0,7.0,7.0,7.0,1.0,2.0,0.0
10806,3.183395802974701,0.0,0.0,1.9154894426465034,2.0,4.0,6.0,1.0,3.0,7.0,7.0,7.0,1.0,2.0,0.0,-1.214558482170105,-0.6673774719238281,9.0,-1.7397500276565552,-0.9415987133979797,-17.84993967962118,1.968837320804596,0.0,0.0,0.9738907292485237,1.0,5.0,7.0,2.0,4.0,8.0,8.0,8.0,2.0,1.0,0.0
10807,1.968837320804596,0.0,0.0,0.9738907292485237,1.0,5.0,7.0,2.0,4.0,8.0,8.0,8.0,2.0,1.0,4.0,-0.9398594498634338,-1.3598076105117798,9.0,-1.6225576400756836,1.4324314594268799,-25.861261260165513,1.028977870941162,0.0,0.0,2.4063221886754036,2.0,6.0,8.0,3.0,1.0,9.0,9.0,9.0,3.0,1.0,0.0
10808,1.028977870941162,0.0,0.0,2.4063221886754036,2.0,6.0,8.0,3.0,1.0,9.0,9.0,9.0,3.0,1.0,0.0,0.38404372334480286,-0.9162198901176453,6.0,-0.9338588714599609,-0.864078164100647,-21.79211480867323,1.413021594285965,0.0,0.0,1.5422440245747566,1.0,7.0,9.0,4.0,2.0,10.0,1.0,10.0,4.0,2.0,0.0
10809,1.413021594285965,0.0,0.0,1.5422440245747566,1.0,7.0,9.0,4.0,2.0,10.0,1.0,10.0,4.0,2.0,8.0,1.5993881225585938,-1.552583932876587,0.0,-1.1308574676513672,-0.783535361289978,-24.247257677168356,3.0124097168445587,0.0,0.0,0.7587086632847786,1.0,8.0,10.0,5.0,3.0,11.0,2.0,11.0,1.0,3.0,0.0
10810,3.0124097168445587,0.0,0.0,0.7587086632847786,1.0,8.0,10.0,5.0,3.0,11.0,2.0,11.0,1.0,3.0,0.0,1.5352774858474731,-0.6557859182357788,5.0,-0.9587558507919312,-0.2211683988571167,-21.030397244234578,4.547687202692032,0.0,0.0,0.5375402644276619,1.0,9.0,11.0,6.0,4.0,1.0,3.0,12.0,2.0,4.0,0.0
10811,4.547687202692032,0.0,0.0,0.5375402644276619,1.0,9.0,11.0,6.0,4.0,1.0,3.0,12.0,2.0,4.0,9.0,-0.839713454246521,-1.2786428928375244,2.0,-1.407345175743103,-0.33897310495376587,-26.055013760639973,3.707973748445511,0.0,0.0,0.19856715947389603,2.0,10.0,1.0,7.0,5.0,2.0,4.0,13.0,3.0,1.0,0.0
10812,3.707973748445511,0.0,0.0,0.19856715947389603,2.0,10.0,1.0,7.0,5.0,2.0,4.0,13.0,3.0,1.0,8.0,-1.0725774765014648,0.22985397279262543,8.0,-1.3709505796432495,1.0289931297302246,-21.039454553292465,2.635396271944046,0.22985397279262543,0.0,1.2275602892041206,3.0,11.0,2.0,8.0,6.0,3.0,5.0,14.0,1.0,2.0,0.0
10813,2.635396271944046,0.22985397279262543,0.0,1.2275602892041206,3.0,11.0,2.0,8.0,6.0,3.0,5.0,14.0,1.0,2.0,1.0,0.2301219403743744,-0.21200032532215118,1.0,0.4303010404109955,-0.5792455673217773,-10.967962154157334,2.8655182123184204,0.017853647470474243,0.4303010404109955,0.6483147218823433,4.0,1.0,3.0,9.0,7.0,4.0,6.0,15.0,2.0,3.0,0.0
10814,2.8655182123184204,0.017853647470474243,0.4303010404109955,0.6483147218823433,4.0,1.0,3.0,9.0,7.0,4.0,6.0,15.0,2.0,3.0,4.0,-1.2089515924453735,-0.24078071117401123,0.0,0.5489643216133118,0.15166139602661133,-11.507866776013756,1.6565666198730469,0.0,0.9792653620243073,0.7999761179089546,1.0,2.0,4.0,10.0,1.0,5.0,7.0,16.0,3.0,4.0,0.0
10815,1.6565666198730469,0.0,0.9792653620243073,0.7999761179089546,1.0,2.0,4.0,10.0,1.0,5.0,7.0,16.0,3.0,4.0,3.0,-0.4171242117881775,1.4200633764266968,3.0,0.48506346344947815,0.1681213080883026,-9.84774929873695,1.2394424080848694,1.4200633764266968,1.4643288254737854,0.9680974259972572,2.0,3.0,5.0,1.0,2.0,6.0,8.0,17.0,4.0,5.0,0.0
10816,1.2394424080848694,1.4200633764266968,1.4643288254737854,0.9680974259972572,2.0,3.0,5.0,1.0,2.0,6.0,8.0,17.0,4.0,5.0,2.0,1.0796741247177124,-0.9440422654151917,5.0,-1.3823497295379639,1.7493396997451782,-15.903932365300086,2.319116532802582,0.4760211110115051,0.08197909593582153,2.7174371257424355,3.0,4.0,1.0,2.0,3.0,1.0,9.0,18.0,5.0,6.0,0.0
10817,2.319116532802582,0.4760211110115051,0.08197909593582153,2.7174371257424355,3.0,4.0,1.0,2.0,3.0,1.0,9.0,18.0,5.0,6.0,7.0,-1.2252975702285767,0.7308361530303955,0.0,-0.5436801910400391,1.3195478916168213,-10.028210889965878,1.0938189625740051,1.2068572640419006,0.0,4.036985017359257,1.0,5.0,2.0,3.0,4.0,2.0,10.0,1.0,6.0,7.0,0.0
10818,1.0938189625740051,1.2068572640419006,0.0,4.036985017359257,1.0,5.0,2.0,3.0,4.0,2.0,10.0,1.0,6.0,7.0,4.0,1.284356951713562,0.5152903199195862,8.0,-1.9469096660614014,-0.1327168345451355,-19.097316474183327,2.378175914287567,1.7221475839614868,0.0,3.9042681828141212,2.0,6.0,3.0,4.0,1.0,3.0,11.0,2.0,1.0,8.0,0.0
10819,2.378175914287567,1.7221475839614868,0.0,3.9042681828141212,2.0,6.0,3.0,4.0,1.0,3.0,11.0,2.0,1.0,8.0,9.0,-1.0479665994644165,-0.30459535121917725,6.0,-1.7951704263687134,-0.19523529708385468,-20.19411143468106,1.3302093148231506,1.4175522327423096,0.0,3.7090328857302666,3.0,7.0,4.0,5.0,2.0,4.0,1.0,3.0,2.0,1.0,0.0
10820,1.3302093148231506,1.4175522327423096,0.0,3.7090328857302666,3.0,7.0,4.0,5.0,2.0,4.0,1.0,3.0,2.0,1.0,3.0,0.5758528709411621,-1.062311053276062,0.0,-1.8418735265731812,-1.2066160440444946,-16.52961594365674,1.9060621857643127,0.35524117946624756,0.0,2.502416841685772,1.0,8.0,5.0,1.0,3.0,5.0,2.0,4.0,3.0,2.0,0.0
10821,1.9060621857643127,0.35524117946624756,0.0,2.502416841685772,1.0,8.0,5.0,1.0,3.0,5.0,2.0,4.0,3.0,2.0,8.0,-0.959945559501648,-1.7742544412612915,2.0,-1.8266187906265259,-1.2207229137420654,-30.873865431651005,0.9461166262626648,0.0,0.0,1.2816939279437065,2.0,9.0,1.0,2.0,4.0,6.0,3.0,5.0,1.0,3.0,0.0
10822,0.9461166262626648,0.0,0.0,1.2816939279437065,2.0,9.0,1.0,2.0,4.0,6.0,3.0,5.0,1.0,3.0,9.0,0.7168260216712952,-0.885498583316803,8.0,-1.1718416213989258,0.3465622067451477,-19.30549920343983,1.66294264793396,0.0,0.0,1.6282561346888542,3.0,10.0,2.0,3.0,5.0,7.0,4.0,6.0,1.0,1.0,0.0
10823,1.66294264793396,0.0,0.0,1.6282561346888542,3.0,10.0,2.0,3.0,5.0,7.0,4.0,6.0,1.0,1.0,0.0,-0.5539298057556152,0.005216497462242842,0.0,-0.7330369353294373,-0.9501071572303772,-9.920322493813433,1.1090128421783447,0.005216497462242842,0.0,0.678148977458477,1.0,11.0,3.0,4.0,6.0,8.0,5.0,7.0,2.0,2.0,0.0
10824,1.1090128421783447,0.005216497462242842,0.0,0.678148977458477,1.0,11.0,3.0,4.0,6.0,8.0,5.0,7.0,2.0,2.0,0.0,0.6106269955635071,-0.6160762906074524,9.0,-0.918403148651123,-0.4796210825443268,-14.79535123678373,1.7196398377418518,0.0,0.0,0.19852789491415024,1.0,12.0,4.0,5.0,7.0,9.0,6.0,8.0,3.0,1.0,0.0
10825,1.7196398377418518,0.0,0.0,0.19852789491415024,1.0,12.0,4.0,5.0,7.0,9.0,6.0,8.0,3.0,1.0,1.0,0.412671834230423,0.16429178416728973,8.0,-0.6596055626869202,0.7185491919517517,-15.410599550600457,2.132311671972275,0.16429178416728973,0.0,0.917077086865902,2.0,1.0,5.0,6.0,8.0,10.0,7.0,9.0,1.0,2.0,0.0
10826,2.132311671972275,0.16429178416728973,0.0,0.917077086865902,2.0,1.0,5.0,6.0,8.0,10.0,7.0,9.0,1.0,2.0,4.0,0.8908224105834961,-0.60373854637146,0.0,-1.2740740776062012,-0.1347317099571228,-18.05079933561525,3.023134082555771,0.0,0.0,0.7823453769087791,1.0,2.0,6.0,7.0,1.0,11.0,8.0,10.0,2.0,3.0,0.0
10827,3.023134082555771,0.0,0.0,0.7823453769087791,1.0,2.0,6.0,7.0,1.0,11.0,8.0,10.0,2.0,3.0,0.0,0.4129522442817688,-0.7263028621673584,0.0,-0.577083170413971,1.2967228889465332,-13.584530741832236,3.4360863268375397,0.0,0.0,2.0790682658553123,1.0,3.0,7.0,8.0,2.0,12.0,9.0,11.0,3.0,4.0,0.0
10828,3.4360863268375397,0.0,0.0,2.0790682658553123,1.0,3.0,7.0,8.0,2.0,12.0,9.0,11.0,3.0,4.0,9.0,1.06122887134552,0.5028930306434631,0.0,-1.692047119140625,0.05582335218787193,-16.636397735960298,4.49731519818306,0.5028930306434631,0.0,2.1348916180431843,1.0,4.0,8.0,9.0,3.0,13.0,10.0,12.0,4.0,1.0,0.0
10829,4.49731519818306,0.5028930306434631,0.0,2.1348916180431843,1.0,4.0,8.0,9.0,3.0,13.0,10.0,12.0,4.0,1.0,8.0,0.5257128477096558,-0.41227903962135315,3.0,-1.476183295249939,-0.010056083090603352,-19.632709468192083,5.0230280458927155,0.09061399102210999,0.0,2.124835534952581,2.0,5.0,9.0,1.0,4.0,14.0,11.0,13.0,1.0,2.0,0.0
10830,5.0230280458927155,0.09061399102210999,0.0,2.124835534952581,2.0,5.0,9.0,1.0,4.0,14.0,11.0,13.0,1.0,2.0,0.0,-1.0245498418807983,-1.3368501663208008,2.0,-1.6164101362228394,-0.6539545655250549,-26.46351054591238,3.998478204011917,0.0,0.0,1.470880969427526,1.0,6.0,1.0,2.0,5.0,15.0,12.0,14.0,2.0,3.0,0.0
10831,3.998478204011917,0.0,0.0,1.470880969427526,1.0,6.0,1.0,2.0,5.0,15.0,12.0,14.0,2.0,3.0,5.0,-0.1516590416431427,-1.4122216701507568,0.0,-0.7091588973999023,-0.3374568223953247,-20.5853542444383,3.8468191623687744,0.0,0.0,1.1334241470322013,1.0,7.0,2.0,3.0,6.0,1.0,13.0,15.0,3.0,4.0,0.0
10832,3.8468191623687744,0.0,0.0,1.1334241470322013,1.0,7.0,2.0,3.0,6.0,1.0,13.0,15.0,3.0,4.0,4.0,-1.84477961063385,0.30418747663497925,8.0,-1.6493452787399292,0.9368049502372742,-21.578175714809536,2.0020395517349243,0.30418747663497925,0.0,2.0702290972694755,2.0,8.0,3.0,4.0,1.0,2.0,14.0,16.0,1.0,5.0,0.0
10833,2.0020395517349243,0.30418747663497925,0.0,2.0702290972694755,2.0,8.0,3.0,4.0,1.0,2.0,14.0,16.0,1.0,5.0,3.0,-1.5827866792678833,0.47782161831855774,10.0,-1.8692611455917358,1.6456977128982544,-18.183838987224398,0.419252872467041,0.782009094953537,0.0,3.71592681016773,3.0,9.0,4.0,1.0,2.0,3.0,15.0,17.0,2.0,6.0,0.0
10834,0.419252872467041,0.782009094953537,0.0,3.71592681016773,3.0,9.0,4.0,1.0,2.0,3.0,15.0,17.0,2.0,6.0,4.0,-0.718166172504425,-0.40327778458595276,1.0,-0.6057906746864319,0.6541271209716797,-20.86151988917296,0.0,0.37873131036758423,0.0,4.3700539311394095,4.0,1.0,5.0,2.0,1.0,4.0,16.0,18.0,3.0,7.0,0.0
10835,0.0,0.37873131036758423,0.0,4.3700539311394095,4.0,1.0,5.0,2.0,1.0,4.0,16.0,18.0,3.0,7.0,0.0,-1.0736931562423706,-0.6664417386054993,0.0,-0.8899602293968201,0.4317946434020996,-19.276961395317475,0.0,0.0,0.0,4.801848574541509,1.0,2.0,6.0,3.0,2.0,5.0,17.0,19.0,4.0,8.0,0.0
10836,0.0,0.0,0.0,4.801848574541509,1.0,2.0,6.0,3.0,2.0,5.0,17.0,19.0,4.0,8.0,4.0,-1.4345506429672241,0.50879967212677,9.0,-1.8757706880569458,-0.3742511570453644,-29.971547549914447,0.0,0.50879967212677,0.0,4.427597417496145,2.0,3.0,7.0,4.0,1.0,6.0,18.0,20.0,5.0,1.0,0.0
10837,0.0,0.50879967212677,0.0,4.427597417496145,2.0,3.0,7.0,4.0,1.0,6.0,18.0,20.0,5.0,1.0,4.0,-1.0736364126205444,0.7712693214416504,2.0,-0.45326146483421326,-1.2254983186721802,-24.51353957822556,0.0,1.2800689935684204,0.0,3.2020990988239646,3.0,4.0,1.0,5.0,1.0,7.0,19.0,21.0,6.0,2.0,0.0
10838,0.0,1.2800689935684204,0.0,3.2020990988239646,3.0,4.0,1.0,5.0,1.0,7.0,19.0,21.0,6.0,2.0,4.0,-1.0843716859817505,-0.7473481297492981,6.0,-0.9592625498771667,0.9043465256690979,-29.921431694927485,0.0,0.5327208638191223,0.0,4.1064456244930625,4.0,5.0,2.0,6.0,1.0,8.0,1.0,22.0,7.0,3.0,0.0
10839,0.0,0.5327208638191223,0.0,4.1064456244930625,4.0,5.0,2.0,6.0,1.0,8.0,1.0,22.0,7.0,3.0,7.0,-0.14515094459056854,0.5577332377433777,0.0,-1.157254695892334,-1.2824687957763672,-15.075388187943297,0.0,1.0904541015625,0.0,2.8239768287166953,1.0,6.0,3.0,7.0,2.0,9.0,2.0,1.0,8.0,4.0,0.0
10840,0.0,1.0904541015625,0.0,2.8239768287166953,1.0,6.0,3.0,7.0,2.0,9.0,2.0,1.0,8.0,4.0,9.0,-0.1886572688817978,0.00696799298748374,0.0,-1.785508632659912,-1.6381940841674805,-16.295890983378094,0.0,1.0974220945499837,0.0,1.1857827445492148,1.0,7.0,4.0,8.0,3.0,10.0,3.0,2.0,9.0,1.0,0.0
10841,0.0,1.0974220945499837,0.0,1.1857827445492148,1.0,7.0,4.0,8.0,3.0,10.0,3.0,2.0,9.0,1.0,8.0,0.9194227457046509,-1.8699424266815186,3.0,1.5878541469573975,0.412840336561203,-15.101051053114707,0.9194227457046509,0.0,1.5878541469573975,1.5986230811104178,2.0,8.0,5.0,1.0,4.0,11.0,4.0,3.0,1.0,2.0,0.0
10842,0.9194227457046509,0.0,1.5878541469573975,1.5986230811104178,2.0,8.0,5.0,1.0,4.0,11.0,4.0,3.0,1.0,2.0,8.0,-0.11904729157686234,-0.424833744764328,8.0,-1.4138743877410889,0.4741016626358032,-15.84922294772651,0.8003754541277885,0.0,0.1739797592163086,2.072724743746221,3.0,9.0,6.0,2.0,5.0,12.0,5.0,4.0,1.0,3.0,0.0
10843,0.8003754541277885,0.0,0.1739797592163086,2.072724743746221,3.0,9.0,6.0,2.0,5.0,12.0,5.0,4.0,1.0,3.0,8.0,-0.769328236579895,-1.5102753639221191,5.0,-1.214379072189331,-0.6754896640777588,-29.793892232164907,0.031047217547893524,0.0,0.0,1.3972350796684623,4.0,10.0,7.0,3.0,6.0,1.0,6.0,5.0,1.0,4.0,0.0
10844,0.031047217547893524,0.0,0.0,1.3972350796684623,4.0,10.0,7.0,3.0,6.0,1.0,6.0,5.0,1.0,4.0,4.0,0.4789945185184479,0.08383461087942123,8.0,-0.2601564824581146,-0.2928529679775238,-16.525522242234057,0.5100417360663414,0.08383461087942123,0.0,1.1043821116909385,5.0,11.0,8.0,4.0,1.0,2.0,7.0,6.0,1.0,5.0,0.0
10845,0.5100417360663414,0.08383461087942123,0.0,1.1043821116909385,5.0,11.0,8.0,4.0,1.0,2.0,7.0,6.0,1.0,5.0,9.0,0.8422096371650696,0.4938783645629883,10.0,-1.4461889266967773,0.35658928751945496,-13.365266737302054,1.352251373231411,0.5777129754424095,0.0,1.4609713992103934,6.0,12.0,9.0,5.0,2.0,3.0,8.0,7.0,2.0,1.0,0.0
10846,1.352251373231411,0.5777129754424095,0.0,1.4609713992103934,6.0,12.0,9.0,5.0,2.0,3.0,8.0,7.0,2.0,1.0,0.0,0.42963701486587524,-1.5699650049209595,0.0,-0.8717223405838013,-0.16657224297523499,-16.365017089777457,1.7818883880972862,0.0,0.0,1.2943991562351584,1.0,13.0,10.0,6.0,3.0,4.0,9.0,8.0,3.0,2.0,0.0
10847,1.7818883880972862,0.0,0.0,1.2943991562351584,1.0,13.0,10.0,6.0,3.0,4.0,9.0,8.0,3.0,2.0,8.0,0.301744669675827,-1.1881426572799683,1.0,-0.06357786059379578,0.38155806064605713,-20.20771951870826,2.0836330577731133,0.0,0.0,1.6759572168812156,2.0,1.0,11.0,7.0,4.0,5.0,10.0,9.0,1.0,3.0,0.0
10848,2.0836330577731133,0.0,0.0,1.6759572168812156,2.0,1.0,11.0,7.0,4.0,5.0,10.0,9.0,1.0,3.0,0.0,1.093560814857483,-0.19235776364803314,3.0,-1.1185227632522583,0.03409025818109512,-14.141843456124702,3.177193872630596,0.0,0.0,1.7100474750623107,1.0,2.0,12.0,1.0,5.0,6.0,11.0,10.0,2.0,4.0,0.0
10849,3.177193872630596,0.0,0.0,1.7100474750623107,1.0,2.0,12.0,1.0,5.0,6.0,11.0,10.0,2.0,4.0,0.0,-0.7643963694572449,0.7395995855331421,0.0,-1.7190799713134766,-0.7208733558654785,-15.839656651407566,2.4127975031733513,0.7395995855331421,0.0,0.9891741191968322,1.0,3.0,13.0,2.0,6.0,7.0,12.0,11.0,3.0,5.0,0.0
10850,2.4127975031733513,0.7395995855331421,0.0,0.9891741191968322,1.0,3.0,13.0,2.0,6.0,7.0,12.0,11.0,3.0,5.0,4.0,0.5874168276786804,-0.5555583238601685,8.0,-1.330329179763794,-0.06712068617343903,-21.1667414761731,3.0002143308520317,0.18404126167297363,0.0,0.9220534330233932,2.0,4.0,14.0,3.0,1.0,8.0,13.0,12.0,1.0,6.0,0.0
10851,3.0002143308520317,0.18404126167297363,0.0,0.9220534330233932,2.0,4.0,14.0,3.0,1.0,8.0,13.0,12.0,1.0,6.0,9.0,-1.520811915397644,-1.4893906116485596,2.0,-1.4032317399978638,-0.30909276008605957,-26.312061986481723,1.4794024154543877,0.0,0.0,0.6129606729373336,3.0,5.0,1.0,4.0,2.0,9.0,14.0,13.0,2.0,1.0,0.0
10852,1.4794024154543877,0.0,0.0,0.6129606729373336,3.0,5.0,1.0,4.0,2.0,9.0,14.0,13.0,2.0,1.0,0.0,0.6084243655204773,0.1331799030303955,6.0,-0.9187389612197876,0.4449569284915924,-16.65259970568344,2.087826780974865,0.1331799030303955,0.0,1.057917601428926,1.0,6.0,2.0,5.0,3.0,10.0,1.0,14.0,3.0,2.0,0.0
10853,2.087826780974865,0.1331799030303955,0.0,1.057917601428926,1.0,6.0,2.0,5.0,3.0,10.0,1.0,14.0,3.0,2.0,7.0,1.027637243270874,-0.7399313449859619,8.0,-1.4808049201965332,0.5486192107200623,-19.489851199884562,3.115464024245739,0.0,0.0,1.6065368121489882,2.0,7.0,3.0,6.0,4.0,11.0,2.0,1.0,1.0,3.0,0.0
10854,3.115464024245739,0.0,0.0,1.6065368121489882,2.0,7.0,3.0,6.0,4.0,11.0,2.0,1.0,1.0,3.0,0.0,0.21687763929367065,-0.6601730585098267,3.0,-1.4910937547683716,-0.7622424364089966,-17.8507619908358,3.3323416635394096,0.0,0.0,0.8442943757399917,1.0,8.0,4.0,1.0,5.0,12.0,3.0,2.0,2.0,4.0,0.0
10855,3.3323416635394096,0.0,0.0,0.8442943757399917,1.0,8.0,4.0,1.0,5.0,12.0,3.0,2.0,2.0,4.0,0.0,1.0694210529327393,-1.7875431776046753,8.0,-1.6208621263504028,0.23308832943439484,-26.860560271029435,4.401762716472149,0.0,0.0,1.0773827051743865,1.0,9.0,5.0,2.0,6.0,13.0,4.0,3.0,1.0,5.0,0.0
10856,4.401762716472149,0.0,0.0,1.0773827051743865,1.0,9.0,5.0,2.0,6.0,13.0,4.0,3.0,1.0,5.0,8.0,0.839154839515686,-0.9074099659919739,9.0,-1.2759369611740112,0.28418001532554626,-21.542872001050043,5.240917555987835,0.0,0.0,1.3615627204999328,2.0,10.0,6.0,3.0,7.0,14.0,5.0,4.0,1.0,1.0,0.0
10857,5.240917555987835,0.0,0.0,1.3615627204999328,2.0,10.0,6.0,3.0,7.0,14.0,5.0,4.0,1.0,1.0,9.0,0.34354448318481445,-1.1503875255584717,9.0,-1.7796695232391357,0.23314379155635834,-23.077538823010478,5.584462039172649,0.0,0.0,1.594706512056291,3.0,11.0,7.0,4.0,8.0,15.0,6.0,5.0,2.0,1.0,0.0
10858,5.584462039172649,0.0,0.0,1.594706512056291,3.0,11.0,7.0,4.0,8.0,15.0,6.0,5.0,2.0,1.0,9.0,0.958182692527771,0.5424307584762573,8.0,-1.656548261642456,-0.41482847929000854,-21.40805007124855,6.54264473170042,0.5424307584762573,0.0,1.1798780327662826,4.0,12.0,8.0,5.0,9.0,16.0,7.0,6.0,1.0,1.0,0.0
10859,6.54264473170042,0.5424307584762573,0.0,1.1798780327662826,4.0,12.0,8.0,5.0,9.0,16.0,7.0,6.0,1.0,1.0,8.0,-0.6659795045852661,-0.9665030837059021,0.0,-1.5626184940338135,-0.7827862501144409,-22.91254571188548,5.876665227115154,0.0,0.0,0.39709178265184164,1.0,13.0,9.0,6.0,10.0,17.0,8.0,7.0,1.0,2.0,0.0
10860,5.876665227115154,0.0,0.0,0.39709178265184164,1.0,13.0,9.0,6.0,10.0,17.0,8.0,7.0,1.0,2.0,1.0,-0.15878744423389435,-0.43892207741737366,0.0,-1.7356659173965454,0.27739548683166504,-19.39002639427985,5.71787778288126,0.0,0.0,0.6744872694835067,1.0,1.0,10.0,7.0,11.0,18.0,9.0,8.0,2.0,3.0,0.0
10861,5.71787778288126,0.0,0.0,0.6744872694835067,1.0,1.0,10.0,7.0,11.0,18.0,9.0,8.0,2.0,3.0,4.0,0.8499948382377625,-1.5556325912475586,0.0,-1.680052638053894,-0.7843265533447266,-26.028071578592634,6.567872621119022,0.0,0.0,0.0,1.0,2.0,11.0,8.0,1.0,19.0,10.0,9.0,3.0,4.0,0.0
10862,6.567872621119022,0.0,0.0,0.0,1.0,2.0,11.0,8.0,1.0,19.0,10.0,9.0,3.0,4.0,0.0,0.6875743865966797,-0.8955001831054688,0.0,-1.7972322702407837,-0.819521963596344,-24.65849532476109,7.255447007715702,0.0,0.0,0.0,1.0,3.0,12.0,9.0,2.0,20.0,11.0,10.0,4.0,5.0,0.0
10863,7.255447007715702,0.0,0.0,0.0,1.0,3.0,12.0,9.0,2.0,20.0,11.0,10.0,4.0,5.0,9.0,-0.8199343681335449,-0.67963045835495,3.0,-1.7168959379196167,1.7642244100570679,-23.151108819905126,6.435512639582157,0.0,0.0,1.7642244100570679,2.0,4.0,13.0,1.0,3.0,21.0,12.0,11.0,5.0,1.0,0.0
10864,6.435512639582157,0.0,0.0,1.7642244100570679,2.0,4.0,13.0,1.0,3.0,21.0,12.0,11.0,5.0,1.0,0.0,0.21631865203380585,-1.6842796802520752,5.0,-1.8622995615005493,0.49452030658721924,-31.277548512861834,6.651831291615963,0.0,0.0,2.258744716644287,1.0,5.0,14.0,2.0,4.0,1.0,13.0,12.0,6.0,2.0,0.0
10865,6.651831291615963,0.0,0.0,2.258744716644287,1.0,5.0,14.0,2.0,4.0,1.0,13.0,12.0,6.0,2.0,4.0,-1.6474195718765259,-0.6535240411758423,2.0,-1.8468108177185059,1.0164366960525513,-24.626472458370948,5.004411719739437,0.0,0.0,3.2751814126968384,2.0,6.0,1.0,3.0,1.0,2.0,14.0,13.0,7.0,3.0,0.0
10866,5.004411719739437,0.0,0.0,3.2751814126968384,2.0,6.0,1.0,3.0,1.0,2.0,14.0,13.0,7.0,3.0,4.0,-1.7248423099517822,-0.6160063743591309,6.0,-1.7347745895385742,1.0116219520568848,-27.758450900703654,3.279569409787655,0.0,0.0,4.286803364753723,3.0,7.0,2.0,4.0,1.0,3.0,1.0,14.0,8.0,4.0,0.0
10867,3.279569409787655,0.0,0.0,4.286803364753723,3.0,7.0,2.0,4.0,1.0,3.0,1.0,14.0,8.0,4.0,8.0,-1.405382752418518,-1.6827486753463745,8.0,-1.6947311162948608,0.9672600030899048,-28.2829307717673,1.8741866573691368,0.0,0.0,5.254063367843628,4.0,8.0,3.0,5.0,2.0,4.0,2.0,15.0,1.0,5.0,0.0
10868,1.8741866573691368,0.0,0.0,5.254063367843628,4.0,8.0,3.0,5.0,2.0,4.0,2.0,15.0,1.0,5.0,5.0,-1.0823949575424194,-0.4808717966079712,4.0,-1.878638744354248,-1.193865418434143,-28.222654694530565,0.7917916998267174,0.0,0.0,4.060197949409485,5.0,9.0,4.0,6.0,1.0,1.0,3.0,16.0,2.0,6.0,0.0
10869,0.7917916998267174,0.0,0.0,4.060197949409485,5.0,9.0,4.0,6.0,1.0,1.0,3.0,16.0,2.0,6.0,9.0,-1.5444939136505127,-0.4596939980983734,0.0,-1.4147303104400635,-0.9213031530380249,-18.926062702791988,0.0,0.0,0.0,3.13889479637146,1.0,10.0,5.0,7.0,2.0,2.0,4.0,17.0,3.0,1.0,0.0
10870,0.0,0.0,0.0,3.13889479637146,1.0,10.0,5.0,7.0,2.0,2.0,4.0,17.0,3.0,1.0,7.0,-0.3959612548351288,-1.1129378080368042,8.0,-1.4211260080337524,-0.701076865196228,-23.944881925646737,0.0,0.0,0.0,2.437817931175232,2.0,11.0,6.0,8.0,3.0,3.0,5.0,1.0,1.0,2.0,0.0
10871,0.0,0.0,0.0,2.437817931175232,2.0,11.0,6.0,8.0,3.0,3.0,5.0,1.0,1.0,2.0,8.0,0.1821606606245041,-0.7090747952461243,9.0,-1.1752305030822754,-0.3560759723186493,-20.51525635812609,0.1821606606245041,0.0,0.0,2.0817419588565826,3.0,12.0,7.0,9.0,4.0,4.0,6.0,2.0,1.0,1.0,0.0
10872,0.1821606606245041,0.0,0.0,2.0817419588565826,3.0,12.0,7.0,9.0,4.0,4.0,6.0,2.0,1.0,1.0,3.0,-0.2885891795158386,-0.38999515771865845,9.0,-0.7611481547355652,0.7243734002113342,-14.721186193179223,0.0,0.0,0.0,2.806115359067917,4.0,13.0,8.0,1.0,5.0,5.0,7.0,3.0,2.0,1.0,0.0
10873,0.0,0.0,0.0,2.806115359067917,4.0,13.0,8.0,1.0,5.0,5.0,7.0,3.0,2.0,1.0,8.0,0.23690684139728546,-0.5443974733352661,9.0,-0.3213943839073181,-1.4235215187072754,-16.227916928643968,0.23690684139728546,0.0,0.0,1.3825938403606415,5.0,14.0,9.0,2.0,6.0,6.0,8.0,4.0,1.0,1.0,0.0
10874,0.23690684139728546,0.0,0.0,1.3825938403606415,5.0,14.0,9.0,2.0,6.0,6.0,8.0,4.0,1.0,1.0,4.0,1.7074494361877441,-0.5343796014785767,0.0,-0.5262601375579834,-1.262662410736084,-16.13285559345719,1.9443562775850296,0.0,0.0,0.1199314296245575,1.0,15.0,10.0,3.0,1.0,7.0,9.0,5.0,2.0,2.0,0.0
10875,1.9443562775850296,0.0,0.0,0.1199314296245575,1.0,15.0,10.0,3.0,1.0,7.0,9.0,5.0,2.0,2.0,8.0,0.4939894676208496,0.36381232738494873,9.0,-0.16280341148376465,1.3480336666107178,-11.870999940309428,2.438345745205879,0.36381232738494873,0.0,1.4679650962352753,2.0,16.0,11.0,4.0,2.0,8.0,10.0,6.0,1.0,1.0,0.0
10876,2.438345745205879,0.36381232738494873,0.0,1.4679650962352753,2.0,16.0,11.0,4.0,2.0,8.0,10.0,6.0,1.0,1.0,1.0,0.7882792353630066,-0.9871332049369812,1.0,1.7243542671203613,0.6691780090332031,-12.5266701975785,3.226624980568886,0.0,1.7243542671203613,2.1371431052684784,3.0,1.0,12.0,5.0,3.0,9.0,11.0,7.0,2.0,2.0,0.0
10877,3.226624980568886,0.0,1.7243542671203613,2.1371431052684784,3.0,1.0,12.0,5.0,3.0,9.0,11.0,7.0,2.0,2.0,0.0,0.3505173623561859,-1.3729143142700195,2.0,-1.3012042045593262,-0.5878530144691467,-17.384232935781668,3.5771423429250717,0.0,0.42315006256103516,1.5492900907993317,1.0,2.0,1.0,6.0,4.0,10.0,12.0,8.0,3.0,3.0,0.0
10878,3.5771423429250717,0.0,0.42315006256103516,1.5492900907993317,1.0,2.0,1.0,6.0,4.0,10.0,12.0,8.0,3.0,3.0,0.0,0.664519727230072,0.9204651713371277,0.0,-0.9395873546600342,0.12074560672044754,-9.482440013065784,4.241662070155144,0.9204651713371277,0.0,1.6700356975197792,1.0,3.0,2.0,7.0,5.0,11.0,13.0,9.0,4.0,4.0,0.0
10879,4.241662070155144,0.9204651713371277,0.0,1.6700356975197792,1.0,3.0,2.0,7.0,5.0,11.0,13.0,9.0,4.0,4.0,8.0,0.4142412543296814,-1.0611863136291504,0.0,-1.743181586265564,0.9418620467185974,-21.160544389553163,4.655903324484825,0.0,0.0,2.6118977442383766,1.0,4.0,3.0,8.0,6.0,12.0,14.0,10.0,1.0,5.0,0.0
10880,4.655903324484825,0.0,0.0,2.6118977442383766,1.0,4.0,3.0,8.0,6.0,12.0,14.0,10.0,1.0,5.0,2.0,0.9836316108703613,-0.7415127754211426,0.0,-1.5979622602462769,-0.6549654603004456,-23.420937189404466,5.6395349353551865,0.0,0.0,1.956932283937931,1.0,5.0,1.0,9.0,7.0,13.0,15.0,11.0,2.0,6.0,0.0
10881,5.6395349353551865,0.0,0.0,1.956932283937931,1.0,5.0,1.0,9.0,7.0,13.0,15.0,11.0,2.0,6.0,2.0,0.375002384185791,0.17177313566207886,0.0,-1.442275047302246,-0.5331127047538757,-19.496002604077496,6.0145373195409775,0.17177313566207886,0.0,1.4238195791840553,1.0,6.0,1.0,10.0,8.0,14.0,16.0,12.0,3.0,7.0,0.0
10882,6.0145373195409775,0.17177313566207886,0.0,1.4238195791840553,1.0,6.0,1.0,10.0,8.0,14.0,16.0,12.0,3.0,7.0,1.0,-0.764715313911438,-0.43457892537117004,3.0,-1.134736180305481,0.09386225789785385,-17.065797689933323,5.2498220056295395,0.0,0.0,1.5176818370819092,2.0,1.0,2.0,1.0,9.0,15.0,17.0,13.0,4.0,8.0,0.0
10883,5.2498220056295395,0.0,0.0,1.5176818370819092,2.0,1.0,2.0,1.0,9.0,15.0,17.0,13.0,4.0,8.0,4.0,-1.761149525642395,0.8817367553710938,6.0,-1.895300269126892,0.8118288516998291,-24.924305391110018,3.4886724799871445,0.8817367553710938,0.0,2.3295106887817383,3.0,2.0,3.0,2.0,1.0,16.0,1.0,14.0,5.0,9.0,0.0
10884,3.4886724799871445,0.8817367553710938,0.0,2.3295106887817383,3.0,2.0,3.0,2.0,1.0,16.0,1.0,14.0,5.0,9.0,9.0,1.3179090023040771,-1.7764877080917358,8.0,-1.8370767831802368,1.3328351974487305,-22.50535148993642,4.806581482291222,0.0,0.0,3.6623458862304688,4.0,3.0,4.0,3.0,2.0,17.0,2.0,15.0,1.0,1.0,0.0
10885,4.806581482291222,0.0,0.0,3.6623458862304688,4.0,3.0,4.0,3.0,2.0,17.0,2.0,15.0,1.0,1.0,0.0,-1.19173264503479,-0.12907427549362183,0.0,-1.6118396520614624,-0.570534884929657,-15.757116992907108,3.6148488372564316,0.0,0.0,3.0918110013008118,1.0,4.0,5.0,4.0,3.0,18.0,3.0,16.0,2.0,2.0,0.0
10886,3.6148488372564316,0.0,0.0,3.0918110013008118,1.0,4.0,5.0,4.0,3.0,18.0,3.0,16.0,2.0,2.0,2.0,-0.15632931888103485,-1.2217984199523926,8.0,-1.3687347173690796,-0.6657689213752747,-26.95732875495357,3.4585195183753967,0.0,0.0,2.426042079925537,2.0,5.0,1.0,5.0,4.0,19.0,4.0,17.0,1.0,3.0,0.0
10887,3.4585195183753967,0.0,0.0,2.426042079925537,2.0,5.0,1.0,5.0,4.0,19.0,4.0,17.0,1.0,3.0,0.0,0.8905940055847168,-0.8830190300941467,0.0,-1.7328104972839355,-0.8744175434112549,-21.147287497371345,4.3491135239601135,0.0,0.0,1.5516245365142822,1.0,6.0,2.0,6.0,5.0,20.0,5.0,18.0,2.0,4.0,0.0
10888,4.3491135239601135,0.0,0.0,1.5516245365142822,1.0,6.0,2.0,6.0,5.0,20.0,5.0,18.0,2.0,4.0,8.0,1.2670148611068726,-1.6042859554290771,0.0,-0.9753238558769226,0.1863907426595688,-25.916734529365804,5.616128385066986,0.0,0.0,1.738015279173851,1.0,7.0,3.0,7.0,6.0,21.0,6.0,19.0,1.0,5.0,0.0
10889,5.616128385066986,0.0,0.0,1.738015279173851,1.0,7.0,3.0,7.0,6.0,21.0,6.0,19.0,1.0,5.0,9.0,-0.20196817815303802,-1.460707426071167,5.0,0.2652747631072998,0.7377175092697144,-20.563346095892165,5.414160206913948,0.0,0.2652747631072998,2.4757327884435654,2.0,8.0,4.0,8.0,7.0,1.0,7.0,20.0,2.0,1.0,0.0
10890,5.414160206913948,0.0,0.2652747631072998,2.4757327884435654,2.0,8.0,4.0,8.0,7.0,1.0,7.0,20.0,2.0,1.0,4.0,-0.23818619549274445,-0.5009333491325378,0.0,-1.9289109706878662,1.2829509973526,-20.52681084965065,5.175974011421204,0.0,0.0,3.7586837857961655,1.0,9.0,5.0,9.0,1.0,2.0,8.0,21.0,3.0,2.0,0.0
10891,5.175974011421204,0.0,0.0,3.7586837857961655,1.0,9.0,5.0,9.0,1.0,2.0,8.0,21.0,3.0,2.0,7.0,-1.8601961135864258,0.03464046120643616,5.0,-1.8206919431686401,0.06685687601566315,-20.622751889182084,3.315777897834778,0.03464046120643616,0.0,3.8255406618118286,2.0,10.0,6.0,10.0,2.0,1.0,9.0,1.0,4.0,3.0,0.0
10892,3.315777897834778,0.03464046120643616,0.0,3.8255406618118286,2.0,10.0,6.0,10.0,2.0,1.0,9.0,1.0,4.0,3.0,8.0,-1.4047441482543945,-0.09298758953809738,6.0,-1.5214097499847412,0.23325082659721375,-24.97083325736609,1.9110337495803833,0.0,0.0,4.058791488409042,3.0,11.0,7.0,11.0,3.0,2.0,1.0,2.0,1.0,4.0,0.0
10893,1.9110337495803833,0.0,0.0,4.058791488409042,3.0,11.0,7.0,11.0,3.0,2.0,1.0,2.0,1.0,4.0,3.0,0.7695018649101257,-0.504702627658844,3.0,-1.777039885520935,-0.5803537964820862,-20.242025567717143,2.680535614490509,0.0,0.0,3.478437691926956,4.0,12.0,8.0,1.0,4.0,3.0,2.0,3.0,2.0,5.0,0.0
10894,2.680535614490509,0.0,0.0,3.478437691926956,4.0,12.0,8.0,1.0,4.0,3.0,2.0,3.0,2.0,5.0,8.0,-1.7536325454711914,0.2388133555650711,0.0,-1.933951497077942,-0.19109828770160675,-20.387916209717236,0.9269030690193176,0.2388133555650711,0.0,3.2873394042253494,1.0,13.0,9.0,2.0,5.0,4.0,3.0,4.0,1.0,6.0,0.0
10895,0.9269030690193176,0.2388133555650711,0.0,3.2873394042253494,1.0,13.0,9.0,2.0,5.0,4.0,3.0,4.0,1.0,6.0,8.0,-0.5762261152267456,-0.9852976202964783,10.0,-1.836740493774414,-1.9247554540634155,-24.08510959143661,0.350676953792572,0.0,0.0,1.362583950161934,2.0,14.0,10.0,3.0,6.0,5.0,4.0,5.0,1.0,7.0,0.0
10896,0.350676953792572,0.0,0.0,1.362583950161934,2.0,14.0,10.0,3.0,6.0,5.0,4.0,5.0,1.0,7.0,8.0,0.5309306383132935,-1.7136709690093994,9.0,-1.6411433219909668,-1.6887285709381104,-29.284428104013216,0.8816075921058655,0.0,0.0,0.0,3.0,15.0,11.0,4.0,7.0,6.0,5.0,6.0,1.0,1.0,0.0
10897,0.8816075921058655,0.0,0.0,0.0,3.0,15.0,11.0,4.0,7.0,6.0,5.0,6.0,1.0,1.0,8.0,-0.6484156250953674,-1.8987218141555786,9.0,-0.6947049498558044,1.2398600578308105,-26.00562131149647,0.23319196701049805,0.0,0.0,1.2398600578308105,4.0,16.0,12.0,5.0,8.0,7.0,6.0,7.0,1.0,1.0,0.0
10898,0.23319196701049805,0.0,0.0,1.2398600578308105,4.0,16.0,12.0,5.0,8.0,7.0,6.0,7.0,1.0,1.0,8.0,1.6243611574172974,-0.6313422322273254,2.0,0.19923536479473114,1.2852469682693481,-19.05545066777058,1.8575531244277954,0.0,0.19923536479473114,2.5251070261001587,5.0,17.0,1.0,6.0,9.0,8.0,7.0,8.0,1.0,2.0,0.0
10899,1.8575531244277954,0.0,0.19923536479473114,2.5251070261001587,5.0,17.0,1.0,6.0,9.0,8.0,7.0,8.0,1.0,2.0,2.0,0.6776981353759766,1.492144227027893,1.0,-1.299661636352539,0.1864299327135086,-18.627416672500313,2.535251259803772,1.492144227027893,0.0,2.7115369588136673,6.0,1.0,1.0,7.0,10.0,9.0,8.0,9.0,2.0,3.0,1.0
10900,8.471129417419434,5.03377628326416,5.119992256164551,0.019636454060673714,1.0,1.0,1.0,1.0,1.0,1.0,1.0,1.0,1.0,1.0,8.0,-1.9490783214569092,-1.914316177368164,8.0,-1.9664692878723145,-0.953772246837616,-13.120699565510785,6.522051095962524,3.119460105895996,3.1535229682922363,0.0,2.0,2.0,2.0,2.0,2.0,2.0,2.0,2.0,1.0,2.0,0.0
10901,6.522051095962524,3.119460105895996,3.1535229682922363,0.0,2.0,2.0,2.0,2.0,2.0,2.0,2.0,2.0,1.0,2.0,4.0,-0.8377118706703186,-0.7363645434379578,8.0,-1.5933091640472412,0.2319149523973465,-8.096488311377147,5.684339225292206,2.3830955624580383,1.5602138042449951,0.2319149523973465,3.0,3.0,3.0,3.0,1.0,3.0,3.0,3.0,1.0,3.0,0.0
10902,5.684339225292206,2.3830955624580383,1.5602138042449951,0.2319149523973465,3.0,3.0,3.0,3.0,1.0,3.0,3.0,3.0,1.0,3.0,8.0,-1.876630425453186,-1.1463345289230347,0.0,-1.5726903676986694,0.3981693685054779,-7.216579412040279,3.8077087998390198,1.2367610335350037,0.0,0.6300843209028244,1.0,4.0,4.0,4.0,2.0,4.0,4.0,4.0,1.0,4.0,0.0
10903,3.8077087998390198,1.2367610335350037,0.0,0.6300843209028244,1.0,4.0,4.0,4.0,2.0,4.0,4.0,4.0,1.0,4.0,9.0,-1.3110582828521729,-0.6420576572418213,5.0,-1.5475305318832397,0.5087173581123352,-18.495837113845873,2.496650516986847,0.5947033762931824,0.0,1.1388016790151596,2.0,5.0,5.0,5.0,3.0,1.0,5.0,5.0,2.0,1.0,0.0
10904,2.496650516986847,0.5947033762931824,0.0,1.1388016790151596,2.0,5.0,5.0,5.0,3.0,1.0,5.0,5.0,2.0,1.0,4.0,0.697841465473175,-0.5771423578262329,2.0,-1.6325690746307373,0.9869101643562317,-20.394081019046645,3.194491982460022,0.017561018466949463,0.0,2.1257118433713913,3.0,6.0,1.0,6.0,1.0,2.0,6.0,6.0,3.0,2.0,0.0
10905,3.194491982460022,0.017561018466949463,0.0,2.1257118433713913,3.0,6.0,1.0,6.0,1.0,2.0,6.0,6.0,3.0,2.0,9.0,-1.271562099456787,0.37431108951568604,0.0,-1.169542670249939,-0.7778831720352173,-11.354996879159255,1.9229298830032349,0.3918721079826355,0.0,1.347828671336174,1.0,7.0,2.0,7.0,2.0,3.0,7.0,7.0,4.0,1.0,0.0
10906,1.9229298830032349,0.3918721079826355,0.0,1.347828671336174,1.0,7.0,2.0,7.0,2.0,3.0,7.0,7.0,4.0,1.0,3.0,0.7509890794754028,-1.4774940013885498,3.0,-1.7713651657104492,0.3010422885417938,-24.232808263988534,2.6739189624786377,0.0,0.0,1.6488709598779678,2.0,8.0,3.0,1.0,3.0,4.0,8.0,8.0,5.0,2.0,0.0
10907,2.6739189624786377,0.0,0.0,1.6488709598779678,2.0,8.0,3.0,1.0,3.0,4.0,8.0,8.0,5.0,2.0,3.0,-1.674721360206604,-1.1809017658233643,8.0,-1.7034156322479248,-0.33899369835853577,-26.86057755285691,0.9991976022720337,0.0,0.0,1.309877261519432,3.0,9.0,4.0,1.0,4.0,5.0,9.0,9.0,1.0,3.0,0.0
10908,0.9991976022720337,0.0,0.0,1.309877261519432,3.0,9.0,4.0,1.0,4.0,5.0,9.0,9.0,1.0,3.0,4.0,-0.21625523269176483,-1.1568970680236816,5.0,-0.44078823924064636,-0.9834656119346619,-25.7698016104842,0.7829423695802689,0.0,0.0,0.3264116495847702,4.0,10.0,5.0,2.0,1.0,1.0,10.0,10.0,2.0,4.0,0.0
10909,0.7829423695802689,0.0,0.0,0.3264116495847702,4.0,10.0,5.0,2.0,1.0,1.0,10.0,10.0,2.0,4.0,2.0,-1.0305416584014893,-0.4581165015697479,9.0,-1.346092700958252,0.012440968304872513,-22.594274425786196,0.0,0.0,0.0,0.3388526178896427,5.0,11.0,1.0,3.0,2.0,2.0,11.0,11.0,3.0,1.0,0.0
10910,0.0,0.0,0.0,0.3388526178896427,5.0,11.0,1.0,3.0,2.0,2.0,11.0,11.0,3.0,1.0,2.0,-0.5717126727104187,-0.3899937570095062,8.0,-0.0876854881644249,1.3817976713180542,-20.554183403833516,0.0,0.0,0.0,1.720650289207697,6.0,12.0,1.0,4.0,3.0,3.0,12.0,12.0,1.0,2.0,0.0
10911,0.0,0.0,0.0,1.720650289207697,6.0,12.0,1.0,4.0,3.0,3.0,12.0,12.0,1.0,2.0,1.0,-0.4419899582862854,0.04514628276228905,0.0,-1.2122141122817993,-0.542496383190155,-18.19608695813711,0.0,0.04514628276228905,0.0,1.1781539060175419,1.0,1.0,2.0,5.0,4.0,4.0,13.0,13.0,2.0,3.0,0.0
10912,0.0,0.04514628276228905,0.0,1.1781539060175419,1.0,1.0,2.0,5.0,4.0,4.0,13.0,13.0,2.0,3.0,3.0,-0.9011589288711548,0.6870806813240051,6.0,-0.31821778416633606,0.9520609378814697,-20.000964397694126,0.0,0.7322269640862942,0.0,2.1302148438990116,2.0,2.0,3.0,1.0,5.0,5.0,1.0,14.0,3.0,4.0,0.0
10913,0.0,0.7322269640862942,0.0,2.1302148438990116,2.0,2.0,3.0,1.0,5.0,5.0,1.0,14.0,3.0,4.0,9.0,1.2326792478561401,-1.1284252405166626,9.0,-1.712587594985962,0.28720027208328247,-16.631581152363932,1.2326792478561401,0.0,0.0,2.417415115982294,3.0,3.0,4.0,2.0,6.0,6.0,2.0,15.0,4.0,1.0,0.0
10914,1.2326792478561401,0.0,0.0,2.417415115982294,3.0,3.0,4.0,2.0,6.0,6.0,2.0,15.0,4.0,1.0,4.0,0.36097967624664307,-1.070130705833435,2.0,-1.1595557928085327,-0.6095675230026245,-25.90816413620806,1.5936589241027832,0.0,0.0,1.8078475929796696,4.0,4.0,1.0,3.0,1.0,7.0,3.0,16.0,5.0,2.0,0.0
10915,1.5936589241027832,0.0,0.0,1.8078475929796696,4.0,4.0,1.0,3.0,1.0,7.0,3.0,16.0,5.0,2.0,7.0,-0.5506540536880493,0.9276878833770752,0.0,-1.6513766050338745,0.3698155879974365,-15.053235076356307,1.0430048704147339,0.9276878833770752,0.0,2.177663180977106,1.0,5.0,2.0,4.0,2.0,8.0,4.0,1.0,6.0,3.0,0.0
10916,1.0430048704147339,0.9276878833770752,0.0,2.177663180977106,1.0,5.0,2.0,4.0,2.0,8.0,4.0,1.0,6.0,3.0,9.0,1.2262682914733887,-1.0373502969741821,8.0,-1.4521878957748413,-1.0614651441574097,-16.764229131226802,2.2692731618881226,0.0,0.0,1.1161980368196964,2.0,6.0,3.0,5.0,3.0,9.0,5.0,2.0,1.0,1.0,0.0
10917,2.2692731618881226,0.0,0.0,1.1161980368196964,2.0,6.0,3.0,5.0,3.0,9.0,5.0,2.0,1.0,1.0,4.0,0.7954229116439819,-1.1053804159164429,9.0,-1.1986446380615234,-1.3314961194992065,-20.71498519304763,3.0646960735321045,0.0,0.0,0.0,3.0,7.0,4.0,6.0,1.0,10.0,6.0,3.0,2.0,1.0,0.0
10918,3.0646960735321045,0.0,0.0,0.0,3.0,7.0,4.0,6.0,1.0,10.0,6.0,3.0,2.0,1.0,8.0,-0.8739495873451233,-1.8693873882293701,0.0,-0.17777019739151,1.056175708770752,-20.516617244705966,2.190746486186981,0.0,0.0,1.056175708770752,1.0,8.0,5.0,7.0,2.0,11.0,7.0,4.0,1.0,2.0,0.0
10919,2.190746486186981,0.0,0.0,1.056175708770752,1.0,8.0,5.0,7.0,2.0,11.0,7.0,4.0,1.0,2.0,1.0,1.7500476837158203,-1.5705910921096802,1.0,-1.2580969333648682,-0.40179863572120667,-24.569607610575144,3.9407941699028015,0.0,0.0,0.6543770730495453,2.0,1.0,6.0,8.0,3.0,12.0,8.0,5.0,2.0,3.0,0.0
10920,3.9407941699028015,0.0,0.0,0.6543770730495453,2.0,1.0,6.0,8.0,3.0,12.0,8.0,5.0,2.0,3.0,4.0,-0.998787522315979,-1.3911110162734985,0.0,-0.7626020908355713,1.1052418947219849,-20.673875204748235,2.9420066475868225,0.0,0.0,1.7596189677715302,1.0,2.0,7.0,9.0,1.0,13.0,9.0,6.0,3.0,4.0,0.0
10921,2.9420066475868225,0.0,0.0,1.7596189677715302,1.0,2.0,7.0,9.0,1.0,13.0,9.0,6.0,3.0,4.0,5.0,0.5884027481079102,-0.443818062543869,3.0,-0.5620357990264893,-0.5862127542495728,-15.612150298744082,3.5304093956947327,0.0,0.0,1.1734062135219574,2.0,3.0,8.0,1.0,2.0,1.0,10.0,7.0,4.0,5.0,0.0
10922,3.5304093956947327,0.0,0.0,1.1734062135219574,2.0,3.0,8.0,1.0,2.0,1.0,10.0,7.0,4.0,5.0,4.0,-0.3894122242927551,-1.1263924837112427,6.0,-1.5017098188400269,0.3748249113559723,-27.823249897272156,3.1409971714019775,0.0,0.0,1.5482311248779297,3.0,4.0,9.0,2.0,1.0,2.0,1.0,8.0,5.0,6.0,0.0
10923,3.1409971714019775,0.0,0.0,1.5482311248779297,3.0,4.0,9.0,2.0,1.0,2.0,1.0,8.0,5.0,6.0,0.0,-0.9741559624671936,-1.4404988288879395,8.0,-1.821900486946106,0.3531324863433838,-24.6643850104989,2.166841208934784,0.0,0.0,1.9013636112213135,1.0,5.0,10.0,3.0,2.0,3.0,2.0,9.0,1.0,7.0,0.0
10924,2.166841208934784,0.0,0.0,1.9013636112213135,1.0,5.0,10.0,3.0,2.0,3.0,2.0,9.0,1.0,7.0,9.0,-0.9756911396980286,-0.8724927306175232,2.0,-1.3363245725631714,-1.4766076803207397,-22.254348025888646,1.1911500692367554,0.0,0.0,0.42475593090057373,2.0,6.0,1.0,4.0,3.0,4.0,3.0,10.0,2.0,1.0,0.0
10925,1.1911500692367554,0.0,0.0,0.42475593090057373,2.0,6.0,1.0,4.0,3.0,4.0,3.0,10.0,2.0,1.0,1.0,-0.7881381511688232,-0.2894173860549927,9.0,-1.3101670742034912,0.33538326621055603,-16.78330748442648,0.40301191806793213,0.0,0.0,0.7601391971111298,3.0,1.0,2.0,5.0,4.0,5.0,4.0,11.0,3.0,1.0,0.0
10926,0.40301191806793213,0.0,0.0,0.7601391971111298,3.0,1.0,2.0,5.0,4.0,5.0,4.0,11.0,3.0,1.0,0.0,1.3250048160552979,0.9914656281471252,0.0,-1.1033426523208618,0.07462042570114136,-11.148942999753016,1.72801673412323,0.9914656281471252,0.0,0.8347596228122711,1.0,2.0,3.0,6.0,5.0,6.0,5.0,12.0,4.0,2.0,0.0
10927,1.72801673412323,0.9914656281471252,0.0,0.8347596228122711,1.0,2.0,3.0,6.0,5.0,6.0,5.0,12.0,4.0,2.0,9.0,0.3054061532020569,-0.8093100190162659,8.0,-1.3964143991470337,0.7961657643318176,-16.678880292633476,2.033422887325287,0.18215560913085938,0.0,1.6309253871440887,2.0,3.0,4.0,7.0,6.0,7.0,6.0,13.0,1.0,1.0,0.0
10928,2.033422887325287,0.18215560913085938,0.0,1.6309253871440887,2.0,3.0,4.0,7.0,6.0,7.0,6.0,13.0,1.0,1.0,4.0,1.5241094827651978,0.21567372977733612,9.0,-1.1548398733139038,0.6171941757202148,-14.603421491449076,3.5575323700904846,0.3978293389081955,0.0,2.2481195628643036,3.0,4.0,5.0,8.0,1.0,8.0,7.0,14.0,2.0,1.0,0.0
10929,3.5575323700904846,0.3978293389081955,0.0,2.2481195628643036,3.0,4.0,5.0,8.0,1.0,8.0,7.0,14.0,2.0,1.0,2.0,-0.31269025802612305,-0.6928996443748474,0.0,-0.08259329199790955,-1.553659439086914,-12.90980140830982,3.2448421120643616,0.0,0.0,0.6944601237773895,1.0,5.0,1.0,9.0,2.0,9.0,8.0,15.0,3.0,2.0,0.0
10930,3.2448421120643616,0.0,0.0,0.6944601237773895,1.0,5.0,1.0,9.0,2.0,9.0,8.0,15.0,3.0,2.0,7.0,0.2284451723098755,1.0951945781707764,0.0,-0.7457740306854248,0.08846721798181534,-10.231899146184748,3.473287284374237,1.0951945781707764,0.0,0.7829273417592049,1.0,6.0,2.0,10.0,3.0,10.0,9.0,1.0,4.0,3.0,0.0
10931,3.473287284374237,1.0951945781707764,0.0,0.7829273417592049,1.0,6.0,2.0,10.0,3.0,10.0,9.0,1.0,4.0,3.0,8.0,0.976171612739563,-0.7464203834533691,0.0,-0.19731296598911285,1.1536891460418701,-11.232847357566513,4.4494588971138,0.3487741947174072,0.0,1.936616487801075,1.0,7.0,3.0,11.0,4.0,11.0,10.0,2.0,1.0,4.0,0.0
10932,4.4494588971138,0.3487741947174072,0.0,1.936616487801075,1.0,7.0,3.0,11.0,4.0,11.0,10.0,2.0,1.0,4.0,8.0,1.198148250579834,-0.801506519317627,3.0,-1.525331974029541,0.39564546942710876,-21.238756845386945,5.647607147693634,0.0,0.0,2.3322619572281837,2.0,8.0,4.0,1.0,5.0,12.0,11.0,3.0,1.0,5.0,0.0
10933,5.647607147693634,0.0,0.0,2.3322619572281837,2.0,8.0,4.0,1.0,5.0,12.0,11.0,3.0,1.0,5.0,2.0,-0.9725126624107361,0.4294036328792572,4.0,-1.869937539100647,-0.5925477743148804,-23.591829923896277,4.675094485282898,0.4294036328792572,0.0,1.7397141829133034,3.0,9.0,1.0,2.0,1.0,13.0,12.0,4.0,2.0,6.0,0.0
10934,4.675094485282898,0.4294036328792572,0.0,1.7397141829133034,3.0,9.0,1.0,2.0,1.0,13.0,12.0,4.0,2.0,6.0,0.0,-1.6671134233474731,1.025567889213562,9.0,-1.1864268779754639,1.2997511625289917,-11.971792169913712,3.007981061935425,1.4549715220928192,0.0,3.039465345442295,1.0,10.0,2.0,3.0,2.0,14.0,13.0,5.0,3.0,1.0,0.0
10935,3.007981061935425,1.4549715220928192,0.0,3.039465345442295,1.0,10.0,2.0,3.0,2.0,14.0,13.0,5.0,3.0,1.0,8.0,1.055528998374939,-1.5840482711791992,9.0,-0.9876866936683655,0.275328665971756,-16.590559695570892,4.063510060310364,0.0,0.0,3.314794011414051,2.0,11.0,3.0,4.0,3.0,15.0,14.0,6.0,1.0,1.0,0.0
10936,4.063510060310364,0.0,0.0,3.314794011414051,2.0,11.0,3.0,4.0,3.0,15.0,14.0,6.0,1.0,1.0,1.0,1.6334002017974854,0.19748635590076447,6.0,-1.5347176790237427,-0.710469663143158,-20.06490720857434,5.696910262107849,0.19748635590076447,0.0,2.604324348270893,3.0,1.0,4.0,5.0,4.0,16.0,1.0,7.0,2.0,2.0,0.0
10937,5.696910262107849,0.19748635590076447,0.0,2.604324348270893,3.0,1.0,4.0,5.0,4.0,16.0,1.0,7.0,2.0,2.0,0.0,-0.5533473491668701,0.05596237629652023,0.0,-1.4273508787155151,-0.8755073547363281,-13.6698403597959,5.143562912940979,0.2534487321972847,0.0,1.728816993534565,1.0,2.0,5.0,6.0,5.0,17.0,2.0,8.0,3.0,3.0,0.0
10938,5.143562912940979,0.2534487321972847,0.0,1.728816993534565,1.0,2.0,5.0,6.0,5.0,17.0,2.0,8.0,3.0,3.0,0.0,0.8142558932304382,-1.5158494710922241,0.0,-1.4207838773727417,-0.34590116143226624,-21.22188414275821,5.957818806171417,0.0,0.0,1.3829158321022987,1.0,3.0,6.0,7.0,6.0,18.0,3.0,9.0,4.0,4.0,0.0
10939,5.957818806171417,0.0,0.0,1.3829158321022987,1.0,3.0,6.0,7.0,6.0,18.0,3.0,9.0,4.0,4.0,9.0,0.7348207235336304,-1.4120556116104126,3.0,-1.7522178888320923,-0.07004772871732712,-26.198921176479317,6.692639529705048,0.0,0.0,1.3128681033849716,2.0,4.0,7.0,1.0,7.0,19.0,4.0,10.0,5.0,1.0,0.0
10940,6.692639529705048,0.0,0.0,1.3128681033849716,2.0,4.0,7.0,1.0,7.0,19.0,4.0,10.0,5.0,1.0,0.0,-0.03893887624144554,-1.292312502861023,8.0,-1.9216197729110718,-0.6644369959831238,-28.61178454738375,6.653700653463602,0.0,0.0,0.6484311074018478,1.0,5.0,8.0,2.0,8.0,20.0,5.0,11.0,1.0,2.0,0.0
10941,6.653700653463602,0.0,0.0,0.6484311074018478,1.0,5.0,8.0,2.0,8.0,20.0,5.0,11.0,1.0,2.0,0.0,0.4978475272655487,-0.8912771940231323,9.0,-1.5771547555923462,-0.8028793931007385,-22.226871523177344,7.151548180729151,0.0,0.0,0.0,1.0,6.0,9.0,3.0,9.0,21.0,6.0,12.0,2.0,1.0,0.0
10942,7.151548180729151,0.0,0.0,0.0,1.0,6.0,9.0,3.0,9.0,21.0,6.0,12.0,2.0,1.0,0.0,1.3566100597381592,-1.9388127326965332,9.0,-1.8422961235046387,0.7764506340026855,-30.253802652347623,8.50815824046731,0.0,0.0,0.7764506340026855,1.0,7.0,10.0,4.0,10.0,22.0,7.0,13.0,3.0,1.0,0.0
10943,8.50815824046731,0.0,0.0,0.7764506340026855,1.0,7.0,10.0,4.0,10.0,22.0,7.0,13.0,3.0,1.0,5.0,0.903525710105896,-1.4255521297454834,0.0,-1.6794967651367188,-0.06976401805877686,-24.928434290117796,9.411683950573206,0.0,0.0,0.7066866159439087,1.0,8.0,11.0,5.0,11.0,1.0,8.0,14.0,4.0,2.0,0.0
10944,9.411683950573206,0.0,0.0,0.7066866159439087,1.0,8.0,11.0,5.0,11.0,1.0,8.0,14.0,4.0,2.0,4.0,-1.0782191753387451,-0.9837578535079956,2.0,-1.932145595550537,-0.3271763026714325,-28.697122155123377,8.33346477523446,0.0,0.0,0.3795103132724762,2.0,9.0,1.0,6.0,1.0,2.0,9.0,15.0,5.0,3.0,0.0
10945,8.33346477523446,0.0,0.0,0.3795103132724762,2.0,9.0,1.0,6.0,1.0,2.0,9.0,15.0,5.0,3.0,8.0,-1.8848061561584473,-0.6491686701774597,8.0,-1.7944227457046509,1.7790002822875977,-26.448208531425795,6.448658619076014,0.0,0.0,2.158510595560074,3.0,10.0,2.0,7.0,2.0,3.0,10.0,16.0,1.0,4.0,0.0
10946,6.448658619076014,0.0,0.0,2.158510595560074,3.0,10.0,2.0,7.0,2.0,3.0,10.0,16.0,1.0,4.0,4.0,-1.5442527532577515,1.323413610458374,1.0,-1.603177785873413,0.7382066249847412,-19.15030195239052,4.904405865818262,1.323413610458374,0.0,2.896717220544815,4.0,1.0,3.0,8.0,1.0,4.0,11.0,17.0,2.0,5.0,0.0
10947,4.904405865818262,1.323413610458374,0.0,2.896717220544815,4.0,1.0,3.0,8.0,1.0,4.0,11.0,17.0,2.0,5.0,0.0,-1.642788052558899,0.8305643796920776,0.0,-1.9282113313674927,-1.6841535568237305,-16.738409839127733,3.261617813259363,2.1539779901504517,0.0,1.2125636637210846,1.0,2.0,4.0,9.0,2.0,5.0,12.0,18.0,3.0,6.0,0.0
10948,3.261617813259363,2.1539779901504517,0.0,1.2125636637210846,1.0,2.0,4.0,9.0,2.0,5.0,12.0,18.0,3.0,6.0,7.0,-1.129789113998413,-0.04526378586888313,6.0,-0.9007622599601746,0.617608368396759,-17.48063618072809,2.13182869926095,2.1087142042815685,0.0,1.8301720321178436,2.0,3.0,5.0,10.0,3.0,6.0,1.0,1.0,4.0,7.0,0.0
10949,2.13182869926095,2.1087142042815685,0.0,1.8301720321178436,2.0,3.0,5.0,10.0,3.0,6.0,1.0,1.0,4.0,7.0,9.0,0.08178495615720749,-0.8963279724121094,3.0,-0.7925575375556946,-1.3241519927978516,-10.733704319362463,2.2136136554181576,1.2123862318694592,0.0,0.5060200393199921,3.0,4.0,6.0,1.0,4.0,7.0,2.0,2.0,5.0,1.0,0.0
10950,2.2136136554181576,1.2123862318694592,0.0,0.5060200393199921,3.0,4.0,6.0,1.0,4.0,7.0,2.0,2.0,5.0,1.0,0.0,-0.5577512383460999,-1.7747882604599,8.0,-0.8206876516342163,0.14806731045246124,-15.956998404993115,1.6558624170720577,0.0,0.0,0.6540873497724533,1.0,5.0,7.0,2.0,5.0,8.0,3.0,3.0,1.0,2.0,0.0
10951,1.6558624170720577,0.0,0.0,0.6540873497724533,1.0,5.0,7.0,2.0,5.0,8.0,3.0,3.0,1.0,2.0,4.0,-0.9925332069396973,0.024739554151892662,3.0,-1.505008339881897,-1.5455693006515503,-21.79373246967507,0.6633292101323605,0.024739554151892662,0.0,0.0,2.0,6.0,8.0,1.0,1.0,9.0,4.0,4.0,2.0,3.0,0.0
10952,0.6633292101323605,0.024739554151892662,0.0,0.0,2.0,6.0,8.0,1.0,1.0,9.0,4.0,4.0,2.0,3.0,9.0,0.8530581593513489,-1.4901375770568848,8.0,-1.8517804145812988,-0.05183986574411392,-27.616375338639596,1.5163873694837093,0.0,0.0,0.0,3.0,7.0,9.0,2.0,2.0,10.0,5.0,5.0,1.0,1.0,0.0
10953,1.5163873694837093,0.0,0.0,0.0,3.0,7.0,9.0,2.0,2.0,10.0,5.0,5.0,1.0,1.0,8.0,-1.2345800399780273,0.6327818036079407,9.0,0.14801155030727386,1.1662380695343018,-10.870558560708908,0.281807329505682,0.6327818036079407,0.14801155030727386,1.1662380695343018,4.0,8.0,10.0,3.0,3.0,11.0,6.0,6.0,1.0,1.0,0.0
10954,0.281807329505682,0.6327818036079407,0.14801155030727386,1.1662380695343018,4.0,8.0,10.0,3.0,3.0,11.0,6.0,6.0,1.0,1.0,0.0,1.211315393447876,0.48561325669288635,0.0,-0.4362695515155792,0.44648346304893494,-8.382038095195723,1.493122722953558,1.118395060300827,0.0,1.6127215325832367,1.0,9.0,11.0,4.0,4.0,12.0,7.0,7.0,2.0,2.0,0.0
10955,1.493122722953558,1.118395060300827,0.0,1.6127215325832367,1.0,9.0,11.0,4.0,4.0,12.0,7.0,7.0,2.0,2.0,9.0,0.9894068241119385,-1.9035413265228271,2.0,0.10395531356334686,0.2469727247953415,-15.596495119191648,2.4825295470654964,0.0,0.10395531356334686,1.8596942573785782,2.0,10.0,1.0,5.0,5.0,13.0,8.0,8.0,3.0,1.0,0.0
10956,2.4825295470654964,0.0,0.10395531356334686,1.8596942573785782,2.0,10.0,1.0,5.0,5.0,13.0,8.0,8.0,3.0,1.0,2.0,-1.3116650581359863,-1.3789315223693848,0.0,-0.8652457594871521,-0.03805607184767723,-23.86010291384112,1.1708644889295101,0.0,0.0,1.821638185530901,1.0,11.0,1.0,6.0,6.0,14.0,9.0,9.0,4.0,2.0,0.0
10957,1.1708644889295101,0.0,0.0,1.821638185530901,1.0,11.0,1.0,6.0,6.0,14.0,9.0,9.0,4.0,2.0,1.0,0.4539796710014343,-0.4314352869987488,0.0,-0.8318415284156799,0.28951296210289,-16.021359044419043,1.6248441599309444,0.0,0.0,2.111151147633791,1.0,1.0,2.0,7.0,7.0,15.0,10.0,10.0,5.0,3.0,0.0
10958,1.6248441599309444,0.0,0.0,2.111151147633791,1.0,1.0,2.0,7.0,7.0,15.0,10.0,10.0,5.0,3.0,2.0,0.08159671723842621,-0.1290140599012375,0.0,-1.8870984315872192,0.6883447170257568,-23.442247096333634,1.7064408771693707,0.0,0.0,2.799495864659548,1.0,2.0,1.0,8.0,8.0,16.0,11.0,11.0,6.0,4.0,0.0
10959,1.7064408771693707,0.0,0.0,2.799495864659548,1.0,2.0,1.0,8.0,8.0,16.0,11.0,11.0,6.0,4.0,9.0,1.6842180490493774,0.2529680132865906,0.0,-1.7776808738708496,-0.5791800618171692,-17.727423620243826,3.390658926218748,0.2529680132865906,0.0,2.2203158028423786,1.0,3.0,2.0,9.0,9.0,17.0,12.0,12.0,7.0,1.0,0.0
10960,3.390658926218748,0.2529680132865906,0.0,2.2203158028423786,1.0,3.0,2.0,9.0,9.0,17.0,12.0,12.0,7.0,1.0,5.0,1.2696623802185059,-1.4869210720062256,0.0,-1.7222826480865479,0.04159053415060043,-25.25876014858252,4.660321306437254,0.0,0.0,2.261906336992979,1.0,4.0,3.0,10.0,10.0,1.0,13.0,13.0,8.0,2.0,0.0
10961,4.660321306437254,0.0,0.0,2.261906336992979,1.0,4.0,3.0,10.0,10.0,1.0,13.0,13.0,8.0,2.0,3.0,-1.1438794136047363,0.2920467257499695,8.0,-1.9605764150619507,1.0154626369476318,-21.757269749217052,3.5164418928325176,0.2920467257499695,0.0,3.277368973940611,2.0,5.0,4.0,1.0,11.0,2.0,14.0,14.0,1.0,3.0,0.0
10962,3.5164418928325176,0.2920467257499695,0.0,3.277368973940611,2.0,5.0,4.0,1.0,11.0,2.0,14.0,14.0,1.0,3.0,4.0,0.41677212715148926,-0.6048506498336792,6.0,-1.1067304611206055,-1.69027578830719,-21.397211575300403,3.933214019984007,0.0,0.0,1.587093185633421,3.0,6.0,5.0,2.0,1.0,3.0,1.0,15.0,2.0,4.0,0.0
10963,3.933214019984007,0.0,0.0,1.587093185633421,3.0,6.0,5.0,2.0,1.0,3.0,1.0,15.0,2.0,4.0,7.0,-0.5963138341903687,-1.6143970489501953,8.0,-1.5040925741195679,1.3328276872634888,-22.966078321848542,3.3369001857936382,0.0,0.0,2.9199208728969097,4.0,7.0,6.0,3.0,2.0,4.0,2.0,1.0,1.0,5.0,0.0
10964,3.3369001857936382,0.0,0.0,2.9199208728969097,4.0,7.0,6.0,3.0,2.0,4.0,2.0,1.0,1.0,5.0,0.0,-1.4854333400726318,0.4926517605781555,2.0,-1.7926433086395264,-1.213828206062317,-18.245439907589358,1.8514668457210064,0.4926517605781555,0.0,1.7060926668345928,1.0,8.0,1.0,4.0,3.0,5.0,3.0,2.0,2.0,6.0,0.0
10965,1.8514668457210064,0.4926517605781555,0.0,1.7060926668345928,1.0,8.0,1.0,4.0,3.0,5.0,3.0,2.0,2.0,6.0,9.0,0.22133028507232666,-0.3748580515384674,1.0,-1.0937178134918213,-0.9387843608856201,-13.41170634984419,2.072797130793333,0.11779370903968811,0.0,0.7673083059489727,2.0,1.0,2.0,5.0,4.0,6.0,4.0,3.0,3.0,1.0,0.0
10966,2.072797130793333,0.11779370903968811,0.0,0.7673083059489727,2.0,1.0,2.0,5.0,4.0,6.0,4.0,3.0,3.0,1.0,9.0,-0.15744023025035858,-1.037114143371582,0.0,-1.879626989364624,-0.3570217490196228,-19.46325654646834,1.9153569005429745,0.0,0.0,0.4102865569293499,1.0,2.0,3.0,6.0,5.0,7.0,5.0,4.0,4.0,1.0,0.0
10967,1.9153569005429745,0.0,0.0,0.4102865569293499,1.0,2.0,3.0,6.0,5.0,7.0,5.0,4.0,4.0,1.0,4.0,-0.32412371039390564,0.0157566387206316,3.0,-1.4151430130004883,0.21326571702957153,-18.315600550529815,1.5912331901490688,0.0157566387206316,0.0,0.6235522739589214,2.0,3.0,4.0,1.0,1.0,8.0,6.0,5.0,5.0,2.0,0.0
10968,1.5912331901490688,0.0157566387206316,0.0,0.6235522739589214,2.0,3.0,4.0,1.0,1.0,8.0,6.0,5.0,5.0,2.0,8.0,1.0613675117492676,0.3065202832221985,8.0,-1.8675994873046875,0.1442578285932541,-22.578959442378526,2.6526007018983364,0.3222769219428301,0.0,0.7678101025521755,3.0,4.0,5.0,2.0,2.0,9.0,7.0,6.0,1.0,3.0,0.0
10969,2.6526007018983364,0.3222769219428301,0.0,0.7678101025521755,3.0,4.0,5.0,2.0,2.0,9.0,7.0,6.0,1.0,3.0,0.0,-0.47957783937454224,-1.567711353302002,0.0,-1.1106293201446533,0.36898282170295715,-17.770419076367034,2.173022862523794,0.0,0.0,1.1367929242551327,1.0,5.0,6.0,3.0,3.0,10.0,8.0,7.0,2.0,4.0,0.0
10970,2.173022862523794,0.0,0.0,1.1367929242551327,1.0,5.0,6.0,3.0,3.0,10.0,8.0,7.0,2.0,4.0,5.0,0.35537630319595337,-1.7086901664733887,6.0,-0.7983304262161255,0.8112757205963135,-28.555288891095415,2.5283991657197475,0.0,0.0,1.9480686448514462,2.0,6.0,7.0,4.0,4.0,1.0,1.0,8.0,3.0,5.0,0.0
10971,2.5283991657197475,0.0,0.0,1.9480686448514462,2.0,6.0,7.0,4.0,4.0,1.0,1.0,8.0,3.0,5.0,0.0,0.5793002247810364,-0.70377117395401,2.0,-1.612962007522583,-0.44728630781173706,-21.73202294729094,3.107699390500784,0.0,0.0,1.500782337039709,1.0,7.0,1.0,5.0,5.0,2.0,2.0,9.0,4.0,6.0,0.0
10972,3.107699390500784,0.0,0.0,1.500782337039709,1.0,7.0,1.0,5.0,5.0,2.0,2.0,9.0,4.0,6.0,3.0,0.012857796624302864,-0.31745433807373047,8.0,-1.873835802078247,0.9945651888847351,-22.215432161445616,3.120557187125087,0.0,0.0,2.495347525924444,2.0,8.0,2.0,1.0,6.0,3.0,3.0,10.0,1.0,7.0,0.0
10973,3.120557187125087,0.0,0.0,2.495347525924444,2.0,8.0,2.0,1.0,6.0,3.0,3.0,10.0,1.0,7.0,9.0,-1.494214415550232,-1.7388790845870972,8.0,-1.5758165121078491,-1.2214804887771606,-26.229398651827033,1.6263427715748549,0.0,0.0,1.2738670371472836,3.0,9.0,3.0,2.0,7.0,4.0,4.0,11.0,1.0,1.0,0.0
10974,1.6263427715748549,0.0,0.0,1.2738670371472836,3.0,9.0,3.0,2.0,7.0,4.0,4.0,11.0,1.0,1.0,4.0,-0.04860549420118332,-0.7413207292556763,8.0,-0.874300479888916,-1.1251778602600098,-23.0170159551943,1.5777372773736715,0.0,0.0,0.1486891768872738,4.0,10.0,4.0,3.0,1.0,5.0,5.0,12.0,1.0,2.0,0.0
10975,1.5777372773736715,0.0,0.0,0.1486891768872738,4.0,10.0,4.0,3.0,1.0,5.0,5.0,12.0,1.0,2.0,5.0,-0.26071250438690186,-0.42521968483924866,0.0,-0.20377425849437714,-1.1233739852905273,-18.867887318925064,1.3170247729867697,0.0,0.0,0.0,1.0,11.0,5.0,4.0,2.0,1.0,6.0,13.0,2.0,3.0,0.0
10976,1.3170247729867697,0.0,0.0,0.0,1.0,11.0,5.0,4.0,2.0,1.0,6.0,13.0,2.0,3.0,3.0,-0.3061385750770569,-1.5279815196990967,8.0,-0.3717365562915802,0.8515756130218506,-22.793594443700364,1.0108861979097128,0.0,0.0,0.8515756130218506,2.0,12.0,6.0,1.0,3.0,2.0,7.0,14.0,1.0,4.0,0.0
10977,1.0108861979097128,0.0,0.0,0.8515756130218506,2.0,12.0,6.0,1.0,3.0,2.0,7.0,14.0,1.0,4.0,9.0,-0.38760071992874146,-0.3487202227115631,1.0,-0.954246461391449,-0.5527850985527039,-16.41330541673204,0.6232854779809713,0.0,0.0,0.29879051446914673,3.0,1.0,7.0,2.0,4.0,3.0,8.0,15.0,2.0,1.0,0.0
10978,0.6232854779809713,0.0,0.0,0.29879051446914673,3.0,1.0,7.0,2.0,4.0,3.0,8.0,15.0,2.0,1.0,7.0,-0.2782752215862274,0.09817104041576385,2.0,-1.8183311223983765,0.9125678539276123,-21.516961989032353,0.3450102563947439,0.09817104041576385,0.0,1.211358368396759,4.0,2.0,1.0,3.0,5.0,4.0,9.0,1.0,3.0,2.0,0.0
10979,0.3450102563947439,0.09817104041576385,0.0,1.211358368396759,4.0,2.0,1.0,3.0,5.0,4.0,9.0,1.0,3.0,2.0,4.0,-1.0577583312988281,0.27375397086143494,0.0,-1.8030641078948975,0.5761412978172302,-22.9573203113418,0.0,0.3719250112771988,0.0,1.7874996662139893,1.0,3.0,2.0,4.0,1.0,5.0,10.0,2.0,4.0,3.0,0.0
10980,0.0,0.3719250112771988,0.0,1.7874996662139893,1.0,3.0,2.0,4.0,1.0,5.0,10.0,2.0,4.0,3.0,9.0,0.34195828437805176,-0.979019284248352,9.0,-0.823018491268158,1.094429612159729,-13.04944788867597,0.34195828437805176,0.0,0.0,2.8819292783737183,2.0,4.0,3.0,5.0,2.0,6.0,11.0,3.0,5.0,1.0,0.0
10981,0.34195828437805176,0.0,0.0,2.8819292783737183,2.0,4.0,3.0,5.0,2.0,6.0,11.0,3.0,5.0,1.0,8.0,0.3561551570892334,-0.0020974271465092897,3.0,-1.8857464790344238,1.1089717149734497,-19.563942062876574,0.6981134414672852,0.0,0.0,3.990900993347168,3.0,5.0,4.0,1.0,3.0,7.0,12.0,4.0,1.0,2.0,0.0
10982,0.6981134414672852,0.0,0.0,3.990900993347168,3.0,5.0,4.0,1.0,3.0,7.0,12.0,4.0,1.0,2.0,4.0,-0.8678480982780457,-0.43002602458000183,6.0,-0.5984876155853271,-1.5394033193588257,-22.61352779390258,0.0,0.0,0.0,2.4514976739883423,4.0,6.0,5.0,2.0,1.0,8.0,1.0,5.0,2.0,3.0,0.0
10983,0.0,0.0,0.0,2.4514976739883423,4.0,6.0,5.0,2.0,1.0,8.0,1.0,5.0,2.0,3.0,0.0,0.5848655700683594,-1.0819998979568481,0.0,-1.7370365858078003,-1.216551661491394,-19.87954983347051,0.5848655700683594,0.0,0.0,1.2349460124969482,1.0,7.0,6.0,3.0,2.0,9.0,2.0,6.0,3.0,4.0,0.0
10984,0.5848655700683594,0.0,0.0,1.2349460124969482,1.0,7.0,6.0,3.0,2.0,9.0,2.0,6.0,3.0,4.0,3.0,-0.23779506981372833,-1.1870088577270508,8.0,-0.7542256712913513,0.9643543362617493,-21.286137008725834,0.34707050025463104,0.0,0.0,2.1993003487586975,2.0,8.0,7.0,1.0,3.0,10.0,3.0,7.0,1.0,5.0,0.0
10985,0.34707050025463104,0.0,0.0,2.1993003487586975,2.0,8.0,7.0,1.0,3.0,10.0,3.0,7.0,1.0,5.0,1.0,1.3598328828811646,-0.5498348474502563,2.0,-1.4339240789413452,-1.575986385345459,-23.355166868819147,1.7069033831357956,0.0,0.0,0.6233139634132385,3.0,1.0,1.0,2.0,4.0,11.0,4.0,8.0,2.0,6.0,0.0
10986,1.7069033831357956,0.0,0.0,0.6233139634132385,3.0,1.0,1.0,2.0,4.0,11.0,4.0,8.0,2.0,6.0,9.0,-0.8421840667724609,0.9810863137245178,8.0,-1.409644603729248,1.1877609491348267,-15.874559881556028,0.8647193163633347,0.9810863137245178,0.0,1.8110749125480652,4.0,2.0,2.0,3.0,5.0,12.0,5.0,9.0,1.0,1.0,0.0
10987,0.8647193163633347,0.9810863137245178,0.0,1.8110749125480652,4.0,2.0,2.0,3.0,5.0,12.0,5.0,9.0,1.0,1.0,4.0,0.9706528782844543,0.9847707152366638,0.0,-1.690605640411377,-0.8484947085380554,-17.028199214929042,1.835372194647789,1.9658570289611816,0.0,0.9625802040100098,1.0,3.0,3.0,4.0,1.0,13.0,6.0,10.0,2.0,2.0,0.0
10988,1.835372194647789,1.9658570289611816,0.0,0.9625802040100098,1.0,3.0,3.0,4.0,1.0,13.0,6.0,10.0,2.0,2.0,0.0,1.4369533061981201,-0.923943817615509,3.0,0.28305405378341675,0.3604638874530792,-7.293913870613874,3.272325500845909,1.0419132113456726,0.28305405378341675,1.323044091463089,1.0,4.0,4.0,1.0,2.0,14.0,7.0,11.0,3.0,3.0,0.0
10989,3.272325500845909,1.0419132113456726,0.28305405378341675,1.323044091463089,1.0,4.0,4.0,1.0,2.0,14.0,7.0,11.0,3.0,3.0,0.0,0.8156490325927734,-1.6750894784927368,9.0,0.19632145762443542,-0.5801048874855042,-9.898228825069753,4.087974533438683,0.0,0.4793755114078522,0.7429392039775848,1.0,5.0,5.0,2.0,3.0,15.0,8.0,12.0,4.0,1.0,0.0
10990,4.087974533438683,0.0,0.4793755114078522,0.7429392039775848,1.0,5.0,5.0,2.0,3.0,15.0,8.0,12.0,4.0,1.0,0.0,1.8893523216247559,-1.0460187196731567,0.0,-1.8852813243865967,-0.1315990537405014,-20.53469750687036,5.977326855063438,0.0,0.0,0.6113401502370834,1.0,6.0,6.0,3.0,4.0,16.0,9.0,13.0,5.0,2.0,0.0
10991,5.977326855063438,0.0,0.0,0.6113401502370834,1.0,6.0,6.0,3.0,4.0,16.0,9.0,13.0,5.0,2.0,5.0,0.08096975088119507,-0.9743065237998962,8.0,-0.4455288052558899,0.026127580553293228,-19.94353715259151,6.0582966059446335,0.0,0.0,0.6374677307903767,2.0,7.0,7.0,4.0,5.0,1.0,10.0,14.0,1.0,3.0,0.0
10992,6.0582966059446335,0.0,0.0,0.6374677307903767,2.0,7.0,7.0,4.0,5.0,1.0,10.0,14.0,1.0,3.0,4.0,-1.1080925464630127,-0.2899572551250458,9.0,-0.809236466884613,1.6146196126937866,-14.22005814275299,4.950204059481621,0.0,0.0,2.2520873434841633,3.0,8.0,8.0,5.0,1.0,2.0,11.0,15.0,2.0,1.0,0.0
10993,4.950204059481621,0.0,0.0,2.2520873434841633,3.0,8.0,8.0,5.0,1.0,2.0,11.0,15.0,2.0,1.0,4.0,-1.8660908937454224,-0.6740215420722961,2.0,-1.8311424255371094,1.3816670179367065,-25.982148971048524,3.0841131657361984,0.0,0.0,3.63375436142087,4.0,9.0,1.0,6.0,1.0,3.0,12.0,16.0,3.0,2.0,0.0
10994,3.0841131657361984,0.0,0.0,3.63375436142087,4.0,9.0,1.0,6.0,1.0,3.0,12.0,16.0,3.0,2.0,6.0,-1.4045556783676147,1.4086357355117798,6.0,-0.09631984680891037,1.3681976795196533,-19.124973374711153,1.6795574873685837,1.4086357355117798,0.0,5.001952040940523,5.0,10.0,2.0,7.0,2.0,4.0,1.0,17.0,4.0,3.0,0.0
10995,1.6795574873685837,1.4086357355117798,0.0,5.001952040940523,5.0,10.0,2.0,7.0,2.0,4.0,1.0,17.0,4.0,3.0,7.0,-0.8178055286407471,-1.462962031364441,0.0,-1.866322636604309,-1.4558604955673218,-17.621410360274027,0.8617519587278366,0.0,0.0,3.5460915453732014,1.0,11.0,3.0,8.0,3.0,5.0,2.0,1.0,5.0,4.0,0.0
10996,0.8617519587278366,0.0,0.0,3.5460915453732014,1.0,11.0,3.0,8.0,3.0,5.0,2.0,1.0,5.0,4.0,9.0,-0.3905833661556244,-0.6298848390579224,9.0,-0.3079010844230652,-1.6919432878494263,-11.346562432306282,0.4711685925722122,0.0,0.0,1.854148257523775,2.0,12.0,4.0,9.0,4.0,6.0,3.0,2.0,6.0,1.0,0.0
10997,0.4711685925722122,0.0,0.0,1.854148257523775,2.0,12.0,4.0,9.0,4.0,6.0,3.0,2.0,6.0,1.0,9.0,-1.0154893398284912,0.906306803226471,3.0,-0.0234754029661417,-1.3249503374099731,-11.558492973764759,0.0,0.906306803226471,0.0,0.529197920113802,3.0,13.0,5.0,1.0,5.0,7.0,4.0,3.0,7.0,1.0,0.0
10998,0.0,0.906306803226471,0.0,0.529197920113802,3.0,13.0,5.0,1.0,5.0,7.0,4.0,3.0,7.0,1.0,8.0,0.7210806012153625,-0.10300038754940033,8.0,-1.856249451637268,0.009636715054512024,-23.940497406435544,0.7210806012153625,0.8033064156770706,0.0,0.538834635168314,4.0,14.0,6.0,2.0,6.0,8.0,5.0,4.0,1.0,2.0,0.0
10999,0.7210806012153625,0.8033064156770706,0.0,0.538834635168314,4.0,14.0,6.0,2.0,6.0,8.0,5.0,4.0,1.0,2.0,0.0,1.050126552581787,-1.3848015069961548,1.0,-0.5998964905738831,0.8378121256828308,-14.648651622270712,1.7712071537971497,0.0,0.0,1.3766467608511448,1.0,1.0,7.0,3.0,7.0,9.0,6.0,5.0,2.0,3.0,1.0
11000,2.7729504108428955,3.4876298904418945,2.8395087718963623,0.85952228307724,1.0,1.0,1.0,1.0,1.0,1.0,1.0,1.0,1.0,1.0,8.0,-1.5490455627441406,-1.5080102682113647,0.0,-1.2101566791534424,-1.673790693283081,-9.305365461763056,1.2239048480987549,1.9796196222305298,1.62935209274292,0.0,1.0,2.0,2.0,2.0,2.0,2.0,2.0,2.0,1.0,2.0,0.0
11001,1.2239048480987549,1.9796196222305298,1.62935209274292,0.0,1.0,2.0,2.0,2.0,2.0,2.0,2.0,2.0,1.0,2.0,3.0,-0.3600960671901703,-1.5700433254241943,4.0,-1.3038362264633179,1.5005505084991455,-10.369416315239292,0.8638087809085846,0.40957629680633545,0.32551586627960205,1.5005505084991455,2.0,3.0,3.0,1.0,1.0,3.0,3.0,3.0,2.0,3.0,0.0
11002,0.8638087809085846,0.40957629680633545,0.32551586627960205,1.5005505084991455,2.0,3.0,3.0,1.0,1.0,3.0,3.0,3.0,2.0,3.0,9.0,-0.4200970530509949,-0.9389075636863708,1.0,-1.8062446117401123,-0.9640098214149475,-18.12677084140376,0.4437117278575897,0.0,0.0,0.536540687084198,3.0,1.0,4.0,2.0,2.0,4.0,4.0,4.0,3.0,1.0,0.0
11003,0.4437117278575897,0.0,0.0,0.536540687084198,3.0,1.0,4.0,2.0,2.0,4.0,4.0,4.0,3.0,1.0,0.0,1.6404995918273926,-1.1223174333572388,8.0,-1.78947913646698,0.10439217835664749,-23.03948184103325,2.0842113196849823,0.0,0.0,0.6409328654408455,1.0,2.0,5.0,3.0,3.0,5.0,5.0,5.0,1.0,2.0,0.0
11004,2.0842113196849823,0.0,0.0,0.6409328654408455,1.0,2.0,5.0,3.0,3.0,5.0,5.0,5.0,1.0,2.0,9.0,0.8991697430610657,-1.876874566078186,8.0,-1.1946672201156616,0.1690988838672638,-24.836882195618482,2.983381062746048,0.0,0.0,0.8100317493081093,2.0,3.0,6.0,4.0,4.0,6.0,6.0,6.0,1.0,1.0,0.0
11005,2.983381062746048,0.0,0.0,0.8100317493081093,2.0,3.0,6.0,4.0,4.0,6.0,6.0,6.0,1.0,1.0,4.0,0.8338876366615295,-1.5258510112762451,0.0,-0.9337177276611328,-0.5549522042274475,-20.55904979447347,3.8172686994075775,0.0,0.0,0.2550795450806618,1.0,4.0,7.0,5.0,1.0,7.0,7.0,7.0,2.0,2.0,0.0
11006,3.8172686994075775,0.0,0.0,0.2550795450806618,1.0,4.0,7.0,5.0,1.0,7.0,7.0,7.0,2.0,2.0,2.0,-1.0112477540969849,-0.7815161347389221,9.0,-1.3175981044769287,-0.5257883667945862,-21.2250808737777,2.8060209453105927,0.0,0.0,0.0,2.0,5.0,1.0,6.0,2.0,8.0,8.0,8.0,3.0,1.0,0.0
11007,2.8060209453105927,0.0,0.0,0.0,2.0,5.0,1.0,6.0,2.0,8.0,8.0,8.0,3.0,1.0,3.0,-0.9876428842544556,-0.6646034717559814,0.0,-0.9192001819610596,1.1952601671218872,-16.704995467368647,1.818378061056137,0.0,0.0,1.1952601671218872,1.0,6.0,2.0,1.0,3.0,9.0,9.0,9.0,4.0,2.0,0.0
11008,1.818378061056137,0.0,0.0,1.1952601671218872,1.0,6.0,2.0,1.0,3.0,9.0,9.0,9.0,4.0,2.0,5.0,0.4561321437358856,0.766240119934082,8.0,-1.5360440015792847,-0.12273245304822922,-20.96974306504146,2.2745102047920227,0.766240119934082,0.0,1.072527714073658,2.0,7.0,3.0,2.0,4.0,1.0,10.0,10.0,1.0,3.0,0.0
11009,2.2745102047920227,0.766240119934082,0.0,1.072527714073658,2.0,7.0,3.0,2.0,4.0,1.0,10.0,10.0,1.0,3.0,4.0,-1.1716411113739014,-0.8892303705215454,6.0,-0.3812408149242401,-0.18834288418293,-18.680624344250386,1.1028690934181213,0.0,0.0,0.884184829890728,3.0,8.0,4.0,3.0,1.0,2.0,1.0,11.0,2.0,4.0,0.0
11010,1.1028690934181213,0.0,0.0,0.884184829890728,3.0,8.0,4.0,3.0,1.0,2.0,1.0,11.0,2.0,4.0,9.0,-1.1106642484664917,0.744918942451477,8.0,-1.5492844581604004,0.5731350183486938,-17.188724550469995,0.0,0.744918942451477,0.0,1.4573198482394218,4.0,9.0,5.0,4.0,2.0,3.0,2.0,12.0,1.0,1.0,0.0
11011,0.0,0.744918942451477,0.0,1.4573198482394218,4.0,9.0,5.0,4.0,2.0,3.0,2.0,12.0,1.0,1.0,4.0,0.46025681495666504,-1.0793533325195312,0.0,-1.349557638168335,0.32336390018463135,-19.756809620726436,0.46025681495666504,0.0,0.0,1.7806837484240532,1.0,10.0,6.0,5.0,1.0,4.0,3.0,13.0,2.0,2.0,0.0
11012,0.46025681495666504,0.0,0.0,1.7806837484240532,1.0,10.0,6.0,5.0,1.0,4.0,3.0,13.0,2.0,2.0,3.0,-0.1635637730360031,-1.1580467224121094,2.0,0.4242449402809143,-0.2221003621816635,-19.01353887358887,0.2966930419206619,0.0,0.4242449402809143,1.5585833862423897,2.0,11.0,1.0,1.0,2.0,5.0,4.0,14.0,3.0,3.0,0.0
11013,0.2966930419206619,0.0,0.4242449402809143,1.5585833862423897,2.0,11.0,1.0,1.0,2.0,5.0,4.0,14.0,3.0,3.0,0.0,1.6114445924758911,-0.9862697720527649,8.0,-1.7237274646759033,1.333038091659546,-19.83640847443635,1.908137634396553,0.0,0.0,2.8916214779019356,1.0,12.0,2.0,2.0,3.0,6.0,5.0,15.0,1.0,4.0,0.0
11014,1.908137634396553,0.0,0.0,2.8916214779019356,1.0,12.0,2.0,2.0,3.0,6.0,5.0,15.0,1.0,4.0,1.0,-0.3717744052410126,-1.4978512525558472,8.0,-1.006016492843628,1.2597038745880127,-22.381247248038896,1.5363632291555405,0.0,0.0,4.151325352489948,2.0,1.0,3.0,3.0,4.0,7.0,6.0,16.0,1.0,5.0,0.0
11015,1.5363632291555405,0.0,0.0,4.151325352489948,2.0,1.0,3.0,3.0,4.0,7.0,6.0,16.0,1.0,5.0,7.0,-1.1655019521713257,-1.3568657636642456,0.0,-1.1007654666900635,-0.5452216267585754,-20.473312266958658,0.3708612769842148,0.0,0.0,3.606103725731373,1.0,2.0,4.0,4.0,5.0,8.0,7.0,1.0,2.0,6.0,0.0
11016,0.3708612769842148,0.0,0.0,3.606103725731373,1.0,2.0,4.0,4.0,5.0,8.0,7.0,1.0,2.0,6.0,9.0,-0.6578774452209473,-0.2723330557346344,3.0,-1.5839124917984009,-0.9308052062988281,-16.445913310453342,0.0,0.0,0.0,2.6752985194325447,2.0,3.0,5.0,1.0,6.0,9.0,8.0,2.0,3.0,1.0,0.0
11017,0.0,0.0,0.0,2.6752985194325447,2.0,3.0,5.0,1.0,6.0,9.0,8.0,2.0,3.0,1.0,4.0,1.2732638120651245,0.14032118022441864,8.0,-1.5505931377410889,-0.20804566144943237,-20.046053771232344,1.2732638120651245,0.14032118022441864,0.0,2.4672528579831123,3.0,4.0,6.0,2.0,1.0,10.0,9.0,3.0,1.0,2.0,0.0
11018,1.2732638120651245,0.14032118022441864,0.0,2.4672528579831123,3.0,4.0,6.0,2.0,1.0,10.0,9.0,3.0,1.0,2.0,2.0,-0.4765227138996124,-0.2533673346042633,3.0,-1.7413820028305054,0.4682789146900177,-21.107666964037474,0.7967410981655121,0.0,0.0,2.93553177267313,4.0,5.0,1.0,1.0,2.0,11.0,10.0,4.0,2.0,3.0,0.0
11019,0.7967410981655121,0.0,0.0,2.93553177267313,4.0,5.0,1.0,1.0,2.0,11.0,10.0,4.0,2.0,3.0,4.0,-0.007976758293807507,-0.9078890681266785,6.0,-1.4176915884017944,-0.4010768532752991,-28.48790907151411,0.7887643398717046,0.0,0.0,2.534454919397831,5.0,6.0,2.0,2.0,1.0,12.0,1.0,5.0,3.0,4.0,0.0
11020,0.7887643398717046,0.0,0.0,2.534454919397831,5.0,6.0,2.0,2.0,1.0,12.0,1.0,5.0,3.0,4.0,9.0,0.586861252784729,-1.4889683723449707,0.0,-1.853042483329773,-0.7430306077003479,-22.564613088517376,1.3756255926564336,0.0,0.0,1.791424311697483,1.0,7.0,3.0,3.0,2.0,13.0,2.0,6.0,4.0,1.0,0.0
11021,1.3756255926564336,0.0,0.0,1.791424311697483,1.0,7.0,3.0,3.0,2.0,13.0,2.0,6.0,4.0,1.0,3.0,0.3191559910774231,-0.8073390126228333,0.0,-1.614587426185608,-0.509982705116272,-21.077620108625496,1.6947815837338567,0.0,0.0,1.281441606581211,1.0,8.0,4.0,1.0,3.0,14.0,3.0,7.0,5.0,2.0,0.0
11022,1.6947815837338567,0.0,0.0,1.281441606581211,1.0,8.0,4.0,1.0,3.0,14.0,3.0,7.0,5.0,2.0,0.0,1.7416670322418213,-0.6406925916671753,0.0,0.4398875832557678,0.3825948238372803,-9.75763470550849,3.436448615975678,0.0,0.4398875832557678,1.6640364304184914,1.0,9.0,5.0,2.0,4.0,15.0,4.0,8.0,6.0,3.0,0.0
11023,3.436448615975678,0.0,0.4398875832557678,1.6640364304184914,1.0,9.0,5.0,2.0,4.0,15.0,4.0,8.0,6.0,3.0,8.0,-0.060196928679943085,-0.7903156876564026,3.0,-1.5285770893096924,-0.2498457431793213,-21.921626138612517,3.376251687295735,0.0,0.0,1.41419068723917,2.0,10.0,6.0,1.0,5.0,16.0,5.0,9.0,1.0,4.0,0.0
11024,3.376251687295735,0.0,0.0,1.41419068723917,2.0,10.0,6.0,1.0,5.0,16.0,5.0,9.0,1.0,4.0,1.0,0.061080824583768845,-1.412757158279419,8.0,-1.683867335319519,0.32655972242355347,-26.716768017284785,3.4373325118795037,0.0,0.0,1.7407504096627235,3.0,1.0,7.0,2.0,6.0,17.0,6.0,10.0,1.0,5.0,0.0
11025,3.4373325118795037,0.0,0.0,1.7407504096627235,3.0,1.0,7.0,2.0,6.0,17.0,6.0,10.0,1.0,5.0,0.0,1.7476263046264648,-1.6226835250854492,0.0,-1.3400648832321167,0.8524472713470459,-22.80322432205623,5.184958816505969,0.0,0.0,2.5931976810097694,1.0,2.0,8.0,3.0,7.0,18.0,7.0,11.0,2.0,6.0,0.0
11026,5.184958816505969,0.0,0.0,2.5931976810097694,1.0,2.0,8.0,3.0,7.0,18.0,7.0,11.0,2.0,6.0,0.0,-0.5322809815406799,0.2461385577917099,0.0,-1.6750422716140747,0.6771910190582275,-17.2041399816826,4.652677834965289,0.2461385577917099,0.0,3.270388700067997,1.0,3.0,9.0,4.0,8.0,19.0,8.0,12.0,3.0,7.0,0.0
11027,4.652677834965289,0.2461385577917099,0.0,3.270388700067997,1.0,3.0,9.0,4.0,8.0,19.0,8.0,12.0,3.0,7.0,9.0,0.3129938542842865,-1.6042643785476685,3.0,-0.9756713509559631,-0.7108781337738037,-21.57352788242394,4.965671689249575,0.0,0.0,2.5595105662941933,2.0,4.0,10.0,1.0,9.0,20.0,9.0,13.0,4.0,1.0,0.0
11028,4.965671689249575,0.0,0.0,2.5595105662941933,2.0,4.0,10.0,1.0,9.0,20.0,9.0,13.0,4.0,1.0,0.0,1.6056710481643677,-0.23203782737255096,0.0,-1.7967829704284668,-0.8485068082809448,-20.262902382888154,6.571342737413943,0.0,0.0,1.7110037580132484,1.0,5.0,11.0,2.0,10.0,21.0,10.0,14.0,5.0,2.0,0.0
11029,6.571342737413943,0.0,0.0,1.7110037580132484,1.0,5.0,11.0,2.0,10.0,21.0,10.0,14.0,5.0,2.0,0.0,-0.26730817556381226,-1.4730998277664185,0.0,-1.921112298965454,-0.17033067345619202,-27.8441037818017,6.304034561850131,0.0,0.0,1.5406730845570564,1.0,6.0,12.0,3.0,11.0,22.0,11.0,15.0,6.0,3.0,0.0
11030,6.304034561850131,0.0,0.0,1.5406730845570564,1.0,6.0,12.0,3.0,11.0,22.0,11.0,15.0,6.0,3.0,2.0,0.9648047685623169,-1.075371503829956,8.0,-1.9080761671066284,0.2575919032096863,-30.875057799775885,7.2688393304124475,0.0,0.0,1.7982649877667427,2.0,7.0,1.0,4.0,12.0,23.0,12.0,16.0,1.0,4.0,0.0
11031,7.2688393304124475,0.0,0.0,1.7982649877667427,2.0,7.0,1.0,4.0,12.0,23.0,12.0,16.0,1.0,4.0,1.0,-0.1411089301109314,-0.5389071106910706,0.0,-1.6915340423583984,-0.6099006533622742,-20.797871733097853,7.127730400301516,0.0,0.0,1.1883643344044685,1.0,1.0,2.0,5.0,13.0,24.0,13.0,17.0,2.0,5.0,0.0
11032,7.127730400301516,0.0,0.0,1.1883643344044685,1.0,1.0,2.0,5.0,13.0,24.0,13.0,17.0,2.0,5.0,0.0,1.7499436140060425,0.2813332974910736,3.0,-1.6953048706054688,-0.6181134581565857,-22.926569042147815,8.877674014307559,0.2813332974910736,0.0,0.5702508762478828,1.0,2.0,3.0,1.0,14.0,25.0,14.0,18.0,3.0,6.0,0.0
11033,8.877674014307559,0.2813332974910736,0.0,0.5702508762478828,1.0,2.0,3.0,1.0,14.0,25.0,14.0,18.0,3.0,6.0,5.0,-0.14868031442165375,-1.7159714698791504,8.0,-1.6534043550491333,0.30227094888687134,-29.080845280336003,8.728993699885905,0.0,0.0,0.8725218251347542,2.0,3.0,4.0,2.0,15.0,1.0,15.0,19.0,1.0,7.0,0.0
11034,8.728993699885905,0.0,0.0,0.8725218251347542,2.0,3.0,4.0,2.0,15.0,1.0,15.0,19.0,1.0,7.0,4.0,-0.9439796805381775,0.5497460961341858,0.0,-1.8758172988891602,0.373085081577301,-17.9777664145116,7.785014019347727,0.5497460961341858,0.0,1.2456069067120552,1.0,4.0,5.0,3.0,1.0,2.0,16.0,20.0,2.0,8.0,0.0
11035,7.785014019347727,0.5497460961341858,0.0,1.2456069067120552,1.0,4.0,5.0,3.0,1.0,2.0,16.0,20.0,2.0,8.0,4.0,-1.766559362411499,-1.7350292205810547,6.0,-0.9952705502510071,1.8538744449615479,-26.001360261081764,6.018454656936228,0.0,0.0,3.099481351673603,2.0,5.0,6.0,4.0,1.0,3.0,1.0,21.0,3.0,9.0,0.0
11036,6.018454656936228,0.0,0.0,3.099481351673603,2.0,5.0,6.0,4.0,1.0,3.0,1.0,21.0,3.0,9.0,7.0,-0.8955921530723572,-0.4606151878833771,8.0,-1.9243711233139038,0.4990602135658264,-18.824067690097113,5.122862503863871,0.0,0.0,3.5985415652394295,3.0,6.0,7.0,5.0,2.0,4.0,2.0,1.0,1.0,10.0,0.0
11037,5.122862503863871,0.0,0.0,3.5985415652394295,3.0,6.0,7.0,5.0,2.0,4.0,2.0,1.0,1.0,10.0,8.0,-1.4052813053131104,-1.357006311416626,2.0,-1.9194660186767578,0.15866141021251678,-29.29226235190872,3.7175811985507607,0.0,0.0,3.7572029754519463,4.0,7.0,1.0,6.0,3.0,5.0,3.0,2.0,1.0,11.0,0.0
11038,3.7175811985507607,0.0,0.0,3.7572029754519463,4.0,7.0,1.0,6.0,3.0,5.0,3.0,2.0,1.0,11.0,9.0,-1.1505361795425415,0.929298460483551,3.0,-1.681788682937622,-1.6528652906417847,-14.071539814125112,2.5670450190082192,0.929298460483551,0.0,2.1043376848101616,5.0,8.0,2.0,1.0,4.0,6.0,4.0,3.0,2.0,1.0,0.0
11039,2.5670450190082192,0.929298460483551,0.0,2.1043376848101616,5.0,8.0,2.0,1.0,4.0,6.0,4.0,3.0,2.0,1.0,9.0,-0.9424527883529663,-0.6529748439788818,8.0,-1.8333274126052856,-0.558141827583313,-18.24315857009994,1.624592230655253,0.2763236165046692,0.0,1.5461958572268486,6.0,9.0,3.0,2.0,5.0,7.0,5.0,4.0,1.0,1.0,0.0
11040,1.624592230655253,0.2763236165046692,0.0,1.5461958572268486,6.0,9.0,3.0,2.0,5.0,7.0,5.0,4.0,1.0,1.0,0.0,-0.2823430001735687,1.3404245376586914,0.0,-1.8865221738815308,0.43616893887519836,-15.217180243901625,1.3422492304816842,1.6167481541633606,0.0,1.982364796102047,1.0,10.0,4.0,3.0,6.0,8.0,6.0,5.0,2.0,2.0,0.0
11041,1.3422492304816842,1.6167481541633606,0.0,1.982364796102047,1.0,10.0,4.0,3.0,6.0,8.0,6.0,5.0,2.0,2.0,1.0,0.2320856899023056,0.15970155596733093,0.0,-0.4819944500923157,-0.7444092035293579,-10.189799873805462,1.5743349203839898,1.7764497101306915,0.0,1.237955592572689,1.0,1.0,5.0,4.0,7.0,9.0,7.0,6.0,3.0,3.0,0.0
11042,1.5743349203839898,1.7764497101306915,0.0,1.237955592572689,1.0,1.0,5.0,4.0,7.0,9.0,7.0,6.0,3.0,3.0,4.0,0.8267837762832642,-1.507886290550232,0.0,-1.3163024187088013,0.5592294931411743,-15.99070072027039,2.401118696667254,0.2685634195804596,0.0,1.7971850857138634,1.0,2.0,6.0,5.0,1.0,10.0,8.0,7.0,4.0,4.0,0.0
11043,2.401118696667254,0.2685634195804596,0.0,1.7971850857138634,1.0,2.0,6.0,5.0,1.0,10.0,8.0,7.0,4.0,4.0,0.0,0.0454290434718132,-1.107841968536377,9.0,-1.1130002737045288,-0.20435062050819397,-16.05234199238724,2.446547740139067,0.0,0.0,1.5928344652056694,1.0,3.0,7.0,6.0,2.0,11.0,9.0,8.0,5.0,1.0,0.0
11044,2.446547740139067,0.0,0.0,1.5928344652056694,1.0,3.0,7.0,6.0,2.0,11.0,9.0,8.0,5.0,1.0,9.0,-0.07014716416597366,0.3193114399909973,0.0,-1.1814608573913574,0.7427599430084229,-13.47202220105946,2.3764005759730935,0.3193114399909973,0.0,2.3355944082140923,1.0,4.0,8.0,7.0,3.0,12.0,10.0,9.0,6.0,1.0,0.0
11045,2.3764005759730935,0.3193114399909973,0.0,2.3355944082140923,1.0,4.0,8.0,7.0,3.0,12.0,10.0,9.0,6.0,1.0,8.0,1.3535761833190918,-0.7889469265937805,5.0,-1.7728919982910156,0.3321590721607208,-27.05358961882802,3.7299767592921853,0.0,0.0,2.667753480374813,2.0,5.0,9.0,8.0,4.0,1.0,11.0,10.0,1.0,2.0,0.0
11046,3.7299767592921853,0.0,0.0,2.667753480374813,2.0,5.0,9.0,8.0,4.0,1.0,11.0,10.0,1.0,2.0,8.0,1.2719579935073853,-0.6879889965057373,10.0,-0.2622743248939514,-1.1300914287567139,-15.465991783785679,5.001934752799571,0.0,0.0,1.5376620516180992,3.0,6.0,10.0,9.0,5.0,2.0,12.0,11.0,1.0,3.0,0.0
11047,5.001934752799571,0.0,0.0,1.5376620516180992,3.0,6.0,10.0,9.0,5.0,2.0,12.0,11.0,1.0,3.0,4.0,-0.8464868664741516,-0.19732914865016937,6.0,-1.5348972082138062,0.8559361696243286,-24.265438009678352,4.155447886325419,0.0,0.0,2.393598221242428,4.0,7.0,11.0,10.0,1.0,3.0,1.0,12.0,2.0,4.0,0.0
11048,4.155447886325419,0.0,0.0,2.393598221242428,4.0,7.0,11.0,10.0,1.0,3.0,1.0,12.0,2.0,4.0,8.0,-1.0240650177001953,-0.5267193913459778,2.0,-1.3886388540267944,-0.3857407867908478,-24.555429918328915,3.1313828686252236,0.0,0.0,2.00785743445158,5.0,8.0,1.0,11.0,2.0,4.0,2.0,13.0,1.0,5.0,0.0
11049,3.1313828686252236,0.0,0.0,2.00785743445158,5.0,8.0,1.0,11.0,2.0,4.0,2.0,13.0,1.0,5.0,9.0,0.7470897436141968,1.5682066679000854,0.0,-1.8983665704727173,-0.2849196195602417,-15.854326664596844,3.8784726122394204,1.5682066679000854,0.0,1.7229378148913383,1.0,9.0,2.0,12.0,3.0,5.0,3.0,14.0,2.0,1.0,0.0
11050,3.8784726122394204,1.5682066679000854,0.0,1.7229378148913383,1.0,9.0,2.0,12.0,3.0,5.0,3.0,14.0,2.0,1.0,3.0,0.9731791019439697,0.7634928226470947,0.0,-0.4132366478443146,-1.2771861553192139,-160.40109093537387,4.85165171418339,2.33169949054718,0.0,0.4457516595721245,1.0,10.0,3.0,1.0,4.0,6.0,4.0,15.0,3.0,2.0,0.0
11051,4.85165171418339,2.33169949054718,0.0,0.4457516595721245,1.0,10.0,3.0,1.0,4.0,6.0,4.0,15.0,3.0,2.0,4.0,1.1448465585708618,-1.590708613395691,8.0,-1.4755785465240479,1.3182992935180664,-18.103703773254196,5.996498272754252,0.7409908771514893,0.0,1.7640509530901909,2.0,11.0,4.0,2.0,1.0,7.0,5.0,16.0,1.0,3.0,0.0
11052,5.996498272754252,0.7409908771514893,0.0,1.7640509530901909,2.0,11.0,4.0,2.0,1.0,7.0,5.0,16.0,1.0,3.0,4.0,-1.914739966392517,-1.5418373346328735,1.0,-1.000306487083435,0.6826295256614685,-20.801524214503264,4.081758306361735,0.0,0.0,2.4466804787516594,3.0,1.0,5.0,3.0,1.0,8.0,6.0,17.0,2.0,4.0,0.0
11053,4.081758306361735,0.0,0.0,2.4466804787516594,3.0,1.0,5.0,3.0,1.0,8.0,6.0,17.0,2.0,4.0,0.0,-0.24035052955150604,-1.1828233003616333,5.0,-1.8754768371582031,-0.8075278997421265,-27.050503526238444,3.841407776810229,0.0,0.0,1.639152579009533,1.0,2.0,6.0,4.0,2.0,1.0,7.0,18.0,3.0,5.0,0.0
11054,3.841407776810229,0.0,0.0,1.639152579009533,1.0,2.0,6.0,4.0,2.0,1.0,7.0,18.0,3.0,5.0,7.0,-1.7576544284820557,1.4572827816009521,2.0,-0.2507663369178772,1.1948364973068237,-11.055975835732099,2.083753348328173,1.4572827816009521,0.0,2.8339890763163567,2.0,3.0,1.0,5.0,3.0,2.0,8.0,1.0,4.0,6.0,0.0
11055,2.083753348328173,1.4572827816009521,0.0,2.8339890763163567,2.0,3.0,1.0,5.0,3.0,2.0,8.0,1.0,4.0,6.0,4.0,-0.05184120684862137,-0.16536040604114532,3.0,-1.2220656871795654,-0.4214004576206207,-14.720477048945426,2.031912141479552,1.2919223755598068,0.0,2.412588618695736,3.0,4.0,2.0,1.0,1.0,3.0,9.0,2.0,5.0,7.0,0.0
11056,2.031912141479552,1.2919223755598068,0.0,2.412588618695736,3.0,4.0,2.0,1.0,1.0,3.0,9.0,2.0,5.0,7.0,4.0,0.4319651126861572,-0.1532648354768753,8.0,1.058744192123413,-0.07627704739570618,-10.113005041044238,2.463877254165709,1.1386575400829315,1.058744192123413,2.3363115713000298,4.0,5.0,3.0,2.0,1.0,4.0,10.0,3.0,1.0,8.0,0.0
11057,2.463877254165709,1.1386575400829315,1.058744192123413,2.3363115713000298,4.0,5.0,3.0,2.0,1.0,4.0,10.0,3.0,1.0,8.0,8.0,0.22755402326583862,1.427773356437683,6.0,-1.400099515914917,-0.9577588438987732,-14.886322892470833,2.6914312774315476,2.5664308965206146,0.0,1.3785527274012566,5.0,6.0,4.0,3.0,2.0,5.0,1.0,4.0,1.0,9.0,0.0
11058,2.6914312774315476,2.5664308965206146,0.0,1.3785527274012566,5.0,6.0,4.0,3.0,2.0,5.0,1.0,4.0,1.0,9.0,9.0,1.300978183746338,-1.1789811849594116,1.0,-1.651249647140503,-1.4041391611099243,-16.568253686626257,3.9924094611778855,1.387449711561203,0.0,0.0,6.0,1.0,5.0,4.0,3.0,6.0,2.0,5.0,2.0,1.0,0.0
11059,3.9924094611778855,1.387449711561203,0.0,0.0,6.0,1.0,5.0,4.0,3.0,6.0,2.0,5.0,2.0,1.0,0.0,-0.698954164981842,-0.3219722807407379,0.0,-1.663050651550293,0.9544335603713989,-13.112127325339635,3.2934552961960435,1.065477430820465,0.0,0.9544335603713989,1.0,2.0,6.0,5.0,4.0,7.0,3.0,6.0,3.0,2.0,0.0
11060,3.2934552961960435,1.065477430820465,0.0,0.9544335603713989,1.0,2.0,6.0,5.0,4.0,7.0,3.0,6.0,3.0,2.0,4.0,0.16249552369117737,-0.9544563889503479,3.0,-1.620417833328247,-0.20803678035736084,-18.020020092027366,3.455950819887221,0.11102104187011719,0.0,0.7463967800140381,2.0,3.0,7.0,1.0,1.0,8.0,4.0,7.0,4.0,3.0,0.0
11061,3.455950819887221,0.11102104187011719,0.0,0.7463967800140381,2.0,3.0,7.0,1.0,1.0,8.0,4.0,7.0,4.0,3.0,8.0,-0.5503596067428589,-0.6491101384162903,2.0,-0.8579797148704529,0.9672075510025024,-20.92773156362216,2.905591213144362,0.0,0.0,1.7136043310165405,3.0,4.0,1.0,2.0,2.0,9.0,5.0,8.0,1.0,4.0,0.0
11062,2.905591213144362,0.0,0.0,1.7136043310165405,3.0,4.0,1.0,2.0,2.0,9.0,5.0,8.0,1.0,4.0,0.0,0.7719641923904419,-1.3574613332748413,0.0,-1.328233003616333,0.8469990491867065,-19.178103650925138,3.677555405534804,0.0,0.0,2.560603380203247,1.0,5.0,2.0,3.0,3.0,10.0,6.0,9.0,2.0,5.0,0.0
11063,3.677555405534804,0.0,0.0,2.560603380203247,1.0,5.0,2.0,3.0,3.0,10.0,6.0,9.0,2.0,5.0,4.0,-1.5197417736053467,-0.9594864845275879,0.0,-1.7702276706695557,-0.5964210033416748,-23.867038362425255,2.157813631929457,0.0,0.0,1.9641823768615723,1.0,6.0,3.0,4.0,1.0,11.0,7.0,10.0,3.0,6.0,0.0
11064,2.157813631929457,0.0,0.0,1.9641823768615723,1.0,6.0,3.0,4.0,1.0,11.0,7.0,10.0,3.0,6.0,8.0,-0.3904373347759247,-0.8944939970970154,8.0,-0.35005098581314087,0.07009846717119217,-20.578648737558257,1.7673762971535325,0.0,0.0,2.0342808440327644,2.0,7.0,4.0,5.0,2.0,12.0,8.0,11.0,1.0,7.0,0.0
11065,1.7673762971535325,0.0,0.0,2.0342808440327644,2.0,7.0,4.0,5.0,2.0,12.0,8.0,11.0,1.0,7.0,9.0,-0.20829080045223236,-1.523117184638977,9.0,-0.5873956680297852,1.000144124031067,-18.158143414866974,1.5590854967013001,0.0,0.0,3.0344249680638313,3.0,8.0,5.0,6.0,3.0,13.0,9.0,12.0,2.0,1.0,0.0
11066,1.5590854967013001,0.0,0.0,3.0344249680638313,3.0,8.0,5.0,6.0,3.0,13.0,9.0,12.0,2.0,1.0,8.0,-0.0840895026922226,0.4546651244163513,0.0,-0.2681035101413727,-0.6737277507781982,-13.291389654747089,1.4749959940090775,0.4546651244163513,0.0,2.360697217285633,1.0,9.0,6.0,7.0,4.0,14.0,10.0,13.0,1.0,2.0,0.0
11067,1.4749959940090775,0.4546651244163513,0.0,2.360697217285633,1.0,9.0,6.0,7.0,4.0,14.0,10.0,13.0,1.0,2.0,0.0,0.795335054397583,-1.3219237327575684,5.0,0.9377507567405701,0.5477679967880249,-15.677995523860957,2.2703310484066606,0.0,0.9377507567405701,2.908465214073658,1.0,10.0,7.0,8.0,5.0,1.0,11.0,14.0,2.0,3.0,0.0
11068,2.2703310484066606,0.0,0.9377507567405701,2.908465214073658,1.0,10.0,7.0,8.0,5.0,1.0,11.0,14.0,2.0,3.0,4.0,-0.9077793955802917,0.13030986487865448,7.0,-1.6610780954360962,-0.23866459727287292,-17.319216788757416,1.3625516528263688,0.13030986487865448,0.0,2.669800616800785,2.0,11.0,8.0,9.0,1.0,2.0,12.0,1.0,3.0,4.0,0.0
11069,1.3625516528263688,0.13030986487865448,0.0,2.669800616800785,2.0,11.0,8.0,9.0,1.0,2.0,12.0,1.0,3.0,4.0,8.0,0.35540273785591125,-1.1240133047103882,3.0,-1.963391661643982,0.29944908618927,-25.84708006864884,1.71795439068228,0.0,0.0,2.969249702990055,3.0,12.0,9.0,1.0,2.0,3.0,13.0,2.0,1.0,5.0,0.0
11070,1.71795439068228,0.0,0.0,2.969249702990055,3.0,12.0,9.0,1.0,2.0,3.0,13.0,2.0,1.0,5.0,4.0,-0.967974841594696,-0.5415453314781189,6.0,-1.8577920198440552,-1.5244625806808472,-29.230009161183737,0.749979549087584,0.0,0.0,1.444787122309208,4.0,13.0,10.0,2.0,1.0,4.0,1.0,3.0,2.0,6.0,0.0
11071,0.749979549087584,0.0,0.0,1.444787122309208,4.0,13.0,10.0,2.0,1.0,4.0,1.0,3.0,2.0,6.0,9.0,0.7302916646003723,-0.6898098587989807,9.0,-1.7335176467895508,-0.917195200920105,-19.007842787065734,1.4802712136879563,0.0,0.0,0.5275919213891029,5.0,14.0,11.0,3.0,2.0,5.0,2.0,4.0,3.0,1.0,0.0
11072,1.4802712136879563,0.0,0.0,0.5275919213891029,5.0,14.0,11.0,3.0,2.0,5.0,2.0,4.0,3.0,1.0,8.0,-0.7187001705169678,-0.8649477958679199,2.0,-1.8052937984466553,-0.2968917191028595,-30.104048215703976,0.7615710431709886,0.0,0.0,0.23070020228624344,6.0,15.0,1.0,4.0,3.0,6.0,3.0,5.0,1.0,2.0,0.0
11073,0.7615710431709886,0.0,0.0,0.23070020228624344,6.0,15.0,1.0,4.0,3.0,6.0,3.0,5.0,1.0,2.0,1.0,1.534685492515564,-0.1835888922214508,1.0,-1.6539416313171387,0.37260037660598755,-19.718034641280852,2.2962565356865525,0.0,0.0,0.603300578892231,7.0,1.0,2.0,5.0,4.0,7.0,4.0,6.0,2.0,3.0,0.0
11074,2.2962565356865525,0.0,0.0,0.603300578892231,7.0,1.0,2.0,5.0,4.0,7.0,4.0,6.0,2.0,3.0,9.0,-0.46307802200317383,-1.0806716680526733,0.0,-1.9299397468566895,0.9522851705551147,-20.737756976483837,1.8331785136833787,0.0,0.0,1.5555857494473457,1.0,2.0,3.0,6.0,5.0,8.0,5.0,7.0,3.0,1.0,0.0
11075,1.8331785136833787,0.0,0.0,1.5555857494473457,1.0,2.0,3.0,6.0,5.0,8.0,5.0,7.0,3.0,1.0,5.0,1.2756948471069336,0.2525259554386139,0.0,-0.5887055993080139,-1.2853717803955078,-12.11245056578148,3.1088733607903123,0.2525259554386139,0.0,0.2702139690518379,1.0,3.0,4.0,7.0,6.0,1.0,6.0,8.0,4.0,2.0,0.0
11076,3.1088733607903123,0.2525259554386139,0.0,0.2702139690518379,1.0,3.0,4.0,7.0,6.0,1.0,6.0,8.0,4.0,2.0,4.0,0.8566046357154846,-1.0124629735946655,0.0,-1.744673728942871,0.6538940668106079,-20.806952279929188,3.965477996505797,0.0,0.0,0.9241080358624458,1.0,4.0,5.0,8.0,1.0,2.0,7.0,9.0,5.0,3.0,0.0
11077,3.965477996505797,0.0,0.0,0.9241080358624458,1.0,4.0,5.0,8.0,1.0,2.0,7.0,9.0,5.0,3.0,4.0,-1.1334463357925415,0.6175188422203064,3.0,-1.793458104133606,0.8049995303153992,-18.7409955407414,2.8320316607132554,0.6175188422203064,0.0,1.729107566177845,2.0,5.0,6.0,1.0,1.0,3.0,8.0,10.0,6.0,4.0,0.0
11078,2.8320316607132554,0.6175188422203064,0.0,1.729107566177845,2.0,5.0,6.0,1.0,1.0,3.0,8.0,10.0,6.0,4.0,5.0,-0.605670154094696,1.5137664079666138,8.0,-0.8844442367553711,-0.4005974233150482,-17.15706091093579,2.2263615066185594,2.13128525018692,0.0,1.3285101428627968,3.0,6.0,7.0,2.0,2.0,1.0,9.0,11.0,1.0,5.0,0.0
11079,2.2263615066185594,2.13128525018692,0.0,1.3285101428627968,3.0,6.0,7.0,2.0,2.0,1.0,9.0,11.0,1.0,5.0,4.0,-1.6284639835357666,0.39701080322265625,0.0,0.4460330307483673,0.5820285677909851,-10.0390711943684,0.5978975230827928,2.5282960534095764,0.4460330307483673,1.910538710653782,1.0,7.0,8.0,3.0,1.0,2.0,10.0,12.0,2.0,6.0,0.0
11080,0.5978975230827928,2.5282960534095764,0.4460330307483673,1.910538710653782,1.0,7.0,8.0,3.0,1.0,2.0,10.0,12.0,2.0,6.0,9.0,-0.6403728723526001,-1.2991987466812134,6.0,-0.3837745487689972,0.40247198939323425,-12.731408773003526,0.0,1.229097306728363,0.06225848197937012,2.313010700047016,2.0,8.0,9.0,4.0,2.0,3.0,1.0,13.0,3.0,1.0,0.0
11081,0.0,1.229097306728363,0.06225848197937012,2.313010700047016,2.0,8.0,9.0,4.0,2.0,3.0,1.0,13.0,3.0,1.0,0.0,1.0486456155776978,0.2045251727104187,2.0,-0.9247878193855286,0.11637431383132935,-14.156481809696281,1.0486456155776978,1.4336224794387817,0.0,2.4293850138783455,1.0,9.0,1.0,5.0,3.0,4.0,2.0,14.0,4.0,2.0,0.0
11082,1.0486456155776978,1.4336224794387817,0.0,2.4293850138783455,1.0,9.0,1.0,5.0,3.0,4.0,2.0,14.0,4.0,2.0,3.0,-0.6817343831062317,-1.6066278219223022,8.0,-1.5294440984725952,-0.22651787102222443,-19.987304591550394,0.36691123247146606,0.0,0.0,2.202867142856121,2.0,10.0,2.0,1.0,4.0,5.0,3.0,15.0,1.0,3.0,0.0
11083,0.36691123247146606,0.0,0.0,2.202867142856121,2.0,10.0,2.0,1.0,4.0,5.0,3.0,15.0,1.0,3.0,3.0,1.3139369487762451,-0.9140251874923706,8.0,-1.4190325736999512,1.0848191976547241,-23.14571720337822,1.6808481812477112,0.0,0.0,3.287686340510845,3.0,11.0,3.0,1.0,5.0,6.0,4.0,16.0,1.0,4.0,0.0
11084,1.6808481812477112,0.0,0.0,3.287686340510845,3.0,11.0,3.0,1.0,5.0,6.0,4.0,16.0,1.0,4.0,1.0,0.18718625605106354,-1.3896243572235107,1.0,-1.7124180793762207,0.9925057291984558,-27.533814144488716,1.8680344372987747,0.0,0.0,4.280192069709301,4.0,1.0,4.0,2.0,6.0,7.0,5.0,17.0,2.0,5.0,0.0
11085,1.8680344372987747,0.0,0.0,4.280192069709301,4.0,1.0,4.0,2.0,6.0,7.0,5.0,17.0,2.0,5.0,0.0,-0.7178248167037964,1.3704804182052612,0.0,-1.922194242477417,-1.3214799165725708,-16.794862633339612,1.1502096205949783,1.3704804182052612,0.0,2.95871215313673,1.0,2.0,5.0,3.0,7.0,8.0,6.0,18.0,3.0,6.0,0.0
11086,1.1502096205949783,1.3704804182052612,0.0,2.95871215313673,1.0,2.0,5.0,3.0,7.0,8.0,6.0,18.0,3.0,6.0,4.0,0.3038313090801239,0.17070190608501434,0.0,-1.8304740190505981,0.15520180761814117,-20.06680642291181,1.4540409296751022,1.5411823242902756,0.0,3.1139139607548714,1.0,3.0,6.0,4.0,1.0,9.0,7.0,19.0,4.0,7.0,0.0
11087,1.4540409296751022,1.5411823242902756,0.0,3.1139139607548714,1.0,3.0,6.0,4.0,1.0,9.0,7.0,19.0,4.0,7.0,5.0,-1.0763778686523438,0.32159191370010376,2.0,-1.3004076480865479,-1.233351469039917,-23.438209941015565,0.3776630610227585,1.8627742379903793,0.0,1.8805624917149544,2.0,4.0,1.0,5.0,2.0,1.0,8.0,20.0,5.0,8.0,0.0
11088,0.3776630610227585,1.8627742379903793,0.0,1.8805624917149544,2.0,4.0,1.0,5.0,2.0,1.0,8.0,20.0,5.0,8.0,3.0,0.5595069527626038,0.29454681277275085,8.0,-1.6679617166519165,1.4548627138137817,-18.14081165761909,0.9371700137853622,2.15732105076313,0.0,3.335425205528736,3.0,5.0,2.0,1.0,3.0,2.0,9.0,21.0,1.0,9.0,0.0
11089,0.9371700137853622,2.15732105076313,0.0,3.335425205528736,3.0,5.0,2.0,1.0,3.0,2.0,9.0,21.0,1.0,9.0,7.0,-1.5037622451782227,-0.2982814908027649,8.0,-1.273656964302063,0.28637081384658813,-19.49344814724514,0.0,1.8590395599603653,0.0,3.6217960193753242,4.0,6.0,3.0,2.0,4.0,3.0,10.0,1.0,1.0,10.0,0.0
11090,0.0,1.8590395599603653,0.0,3.6217960193753242,4.0,6.0,3.0,2.0,4.0,3.0,10.0,1.0,1.0,10.0,9.0,-0.2686096429824829,-1.08716881275177,1.0,-1.4330936670303345,-0.9469931125640869,-17.132513041875605,0.0,0.7718707472085953,0.0,2.6748029068112373,5.0,1.0,4.0,3.0,5.0,4.0,11.0,2.0,2.0,1.0,0.0
11091,0.0,0.7718707472085953,0.0,2.6748029068112373,5.0,1.0,4.0,3.0,5.0,4.0,11.0,2.0,2.0,1.0,4.0,0.8281219005584717,-1.042626976966858,6.0,-1.7188845872879028,-1.0896224975585938,-25.711449580332324,0.8281219005584717,0.0,0.0,1.5851804092526436,6.0,2.0,5.0,4.0,1.0,5.0,1.0,3.0,3.0,2.0,0.0
11092,0.8281219005584717,0.0,0.0,1.5851804092526436,6.0,2.0,5.0,4.0,1.0,5.0,1.0,3.0,3.0,2.0,4.0,-0.21857668459415436,0.7047350406646729,2.0,-1.671537160873413,-1.147112250328064,-23.833523675237714,0.6095452159643173,0.7047350406646729,0.0,0.4380681589245796,7.0,3.0,1.0,5.0,1.0,6.0,2.0,4.0,4.0,3.0,0.0
11093,0.6095452159643173,0.7047350406646729,0.0,0.4380681589245796,7.0,3.0,1.0,5.0,1.0,6.0,2.0,4.0,4.0,3.0,3.0,-1.097226619720459,-0.08586134761571884,0.0,-1.2525984048843384,0.9674224853515625,-15.712633889091304,0.0,0.618873693048954,0.0,1.4054906442761421,1.0,4.0,2.0,1.0,2.0,7.0,3.0,5.0,5.0,4.0,0.0
11094,0.0,0.618873693048954,0.0,1.4054906442761421,1.0,4.0,2.0,1.0,2.0,7.0,3.0,5.0,5.0,4.0,9.0,1.6541564464569092,-1.339068055152893,8.0,-1.0970467329025269,-0.021191218867897987,-17.632791949755088,1.6541564464569092,0.0,0.0,1.3842994254082441,2.0,5.0,3.0,2.0,3.0,8.0,4.0,6.0,1.0,1.0,0.0
11095,1.6541564464569092,0.0,0.0,1.3842994254082441,2.0,5.0,3.0,2.0,3.0,8.0,4.0,6.0,1.0,1.0,0.0,-0.4557286202907562,1.0268898010253906,0.0,-1.7176305055618286,-0.9157631993293762,-14.091992041107526,1.198427826166153,1.0268898010253906,0.0,0.4685362260788679,1.0,6.0,4.0,3.0,4.0,9.0,5.0,7.0,2.0,2.0,0.0
11096,1.198427826166153,1.0268898010253906,0.0,0.4685362260788679,1.0,6.0,4.0,3.0,4.0,9.0,5.0,7.0,2.0,2.0,4.0,-0.20933319628238678,-1.2768781185150146,8.0,-0.8461708426475525,0.47852808237075806,-20.126592056691628,0.9890946298837662,0.0,0.0,0.947064308449626,2.0,7.0,5.0,4.0,1.0,10.0,6.0,8.0,1.0,3.0,0.0
11097,0.9890946298837662,0.0,0.0,0.947064308449626,2.0,7.0,5.0,4.0,1.0,10.0,6.0,8.0,1.0,3.0,0.0,0.7348618507385254,0.00822455994784832,6.0,-1.0120633840560913,-0.6659457087516785,-17.448403461111095,1.7239564806222916,0.00822455994784832,0.0,0.2811185996979475,1.0,8.0,6.0,5.0,2.0,11.0,1.0,9.0,2.0,4.0,0.0
11098,1.7239564806222916,0.00822455994784832,0.0,0.2811185996979475,1.0,8.0,6.0,5.0,2.0,11.0,1.0,9.0,2.0,4.0,9.0,1.005121111869812,-1.8839483261108398,5.0,0.18748748302459717,0.130251944065094,-21.622073071869725,2.7290775924921036,0.0,0.18748748302459717,0.4113705437630415,2.0,9.0,7.0,6.0,3.0,1.0,2.0,10.0,3.0,1.0,0.0
11099,2.7290775924921036,0.0,0.18748748302459717,0.4113705437630415,2.0,9.0,7.0,6.0,3.0,1.0,2.0,10.0,3.0,1.0,7.0,-0.6240168809890747,-1.8439594507217407,2.0,-0.3692649304866791,-0.06847779452800751,-22.267083533995645,2.105060711503029,0.0,0.0,0.342892749235034,3.0,10.0,1.0,7.0,4.0,2.0,3.0,1.0,4.0,2.0,1.0
11100,5.2178120613098145,7.884791374206543,9.425984382629395,4.972898006439209,1.0,1.0,1.0,1.0,1.0,1.0,1.0,1.0,1.0,1.0,8.0,-0.1777908354997635,-1.687017798423767,4.0,-1.9454216957092285,-1.8457307815551758,-2.442112162263385,5.040021225810051,6.197773575782776,7.480562686920166,3.127167224884033,2.0,2.0,2.0,2.0,1.0,2.0,2.0,2.0,1.0,2.0,0.0
11101,5.040021225810051,6.197773575782776,7.480562686920166,3.127167224884033,2.0,2.0,2.0,2.0,1.0,2.0,2.0,2.0,1.0,2.0,8.0,-1.2176191806793213,-1.6753277778625488,8.0,-1.9477354288101196,-1.2388330698013306,-6.167173533903773,3.8224020451307297,4.522445797920227,5.532827258110046,1.8883341550827026,3.0,3.0,3.0,3.0,2.0,3.0,3.0,3.0,1.0,3.0,0.0
11102,3.8224020451307297,4.522445797920227,5.532827258110046,1.8883341550827026,3.0,3.0,3.0,3.0,2.0,3.0,3.0,3.0,1.0,3.0,4.0,-0.9848859906196594,0.8444085121154785,4.0,-1.6821835041046143,-1.5320559740066528,-8.053535127555937,2.8375160545110703,5.366854310035706,3.850643754005432,0.3562781810760498,4.0,4.0,4.0,4.0,1.0,4.0,4.0,4.0,2.0,4.0,0.0
11103,2.8375160545110703,5.366854310035706,3.850643754005432,0.3562781810760498,4.0,4.0,4.0,4.0,1.0,4.0,4.0,4.0,2.0,4.0,4.0,-0.32911401987075806,-1.7164127826690674,0.0,-1.7663038969039917,-0.5663723349571228,-7.516969635155632,2.508402034640312,3.650441527366638,2.0843398571014404,0.0,1.0,5.0,5.0,5.0,1.0,5.0,5.0,5.0,3.0,5.0,0.0
11104,2.508402034640312,3.650441527366638,2.0843398571014404,0.0,1.0,5.0,5.0,5.0,1.0,5.0,5.0,5.0,3.0,5.0,4.0,-0.406700074672699,-1.5596868991851807,8.0,-1.0821539163589478,0.2720690369606018,-12.414728426467834,2.101701959967613,2.0907546281814575,1.0021859407424927,0.2720690369606018,2.0,6.0,6.0,6.0,1.0,6.0,6.0,6.0,1.0,6.0,0.0
11105,2.101701959967613,2.0907546281814575,1.0021859407424927,0.2720690369606018,2.0,6.0,6.0,6.0,1.0,6.0,6.0,6.0,1.0,6.0,9.0,0.10563497990369797,-1.4678062200546265,0.0,0.964935839176178,-0.9511020183563232,-9.051761816968558,2.207336939871311,0.622948408126831,1.9671217799186707,0.0,1.0,7.0,7.0,7.0,2.0,7.0,7.0,7.0,2.0,1.0,0.0
11106,2.207336939871311,0.622948408126831,1.9671217799186707,0.0,1.0,7.0,7.0,7.0,2.0,7.0,7.0,7.0,2.0,1.0,5.0,0.8869997262954712,-1.339186668395996,0.0,-1.4837210178375244,0.33567431569099426,-13.534225764265102,3.0943366661667824,0.0,0.48340076208114624,0.33567431569099426,1.0,8.0,8.0,8.0,3.0,1.0,8.0,8.0,3.0,2.0,0.0
11107,3.0943366661667824,0.0,0.48340076208114624,0.33567431569099426,1.0,8.0,8.0,8.0,3.0,1.0,8.0,8.0,3.0,2.0,3.0,1.217653512954712,-0.5455652475357056,2.0,-1.2836469411849976,0.22934454679489136,-21.89212237517166,4.311990179121494,0.0,0.0,0.5650188624858856,2.0,9.0,1.0,1.0,4.0,2.0,9.0,9.0,4.0,3.0,0.0
11108,4.311990179121494,0.0,0.0,0.5650188624858856,2.0,9.0,1.0,1.0,4.0,2.0,9.0,9.0,4.0,3.0,4.0,-1.0651518106460571,0.7791301012039185,8.0,-0.872280478477478,-0.002041339175775647,-16.86852646654895,3.246838368475437,0.7791301012039185,0.0,0.56297752331011,3.0,10.0,2.0,2.0,1.0,3.0,10.0,10.0,1.0,4.0,0.0
11109,3.246838368475437,0.7791301012039185,0.0,0.56297752331011,3.0,10.0,2.0,2.0,1.0,3.0,10.0,10.0,1.0,4.0,4.0,-1.0129092931747437,-0.7947039008140564,9.0,-0.10929515212774277,0.5688915252685547,-10.720879516950092,2.2339290753006935,0.0,0.0,1.1318690485786647,4.0,11.0,3.0,3.0,1.0,4.0,11.0,11.0,2.0,1.0,0.0
11110,2.2339290753006935,0.0,0.0,1.1318690485786647,4.0,11.0,3.0,3.0,1.0,4.0,11.0,11.0,2.0,1.0,6.0,0.06363305449485779,0.7887737154960632,6.0,-0.7920332551002502,1.113486886024475,-20.253515815149814,2.2975621297955513,0.7887737154960632,0.0,2.2453559346031398,5.0,12.0,4.0,4.0,2.0,5.0,1.0,12.0,3.0,2.0,0.0
11111,2.2975621297955513,0.7887737154960632,0.0,2.2453559346031398,5.0,12.0,4.0,4.0,2.0,5.0,1.0,12.0,3.0,2.0,3.0,-1.441457748413086,-1.8570382595062256,0.0,-0.9423612356185913,-0.8593623638153076,-19.282615912803095,0.8561043813824654,0.0,0.0,1.3859935707878321,1.0,13.0,5.0,1.0,3.0,6.0,2.0,13.0,4.0,3.0,0.0
11112,0.8561043813824654,0.0,0.0,1.3859935707878321,1.0,13.0,5.0,1.0,3.0,6.0,2.0,13.0,4.0,3.0,0.0,1.402869701385498,-1.2951418161392212,8.0,-0.4481932520866394,1.5764826536178589,-17.524264051496527,2.2589740827679634,0.0,0.0,2.962476224405691,1.0,14.0,6.0,2.0,4.0,7.0,3.0,14.0,1.0,4.0,0.0
11113,2.2589740827679634,0.0,0.0,2.962476224405691,1.0,14.0,6.0,2.0,4.0,7.0,3.0,14.0,1.0,4.0,1.0,0.7721797227859497,-1.787726879119873,1.0,-1.713557243347168,-0.9037302732467651,-28.37914511927126,3.031153805553913,0.0,0.0,2.058745951158926,2.0,1.0,7.0,3.0,5.0,8.0,4.0,15.0,2.0,5.0,0.0
11114,3.031153805553913,0.0,0.0,2.058745951158926,2.0,1.0,7.0,3.0,5.0,8.0,4.0,15.0,2.0,5.0,0.0,0.43411344289779663,0.03335396200418472,0.0,-1.4795920848846436,0.037278372794389725,-14.461475038042803,3.4652672484517097,0.03335396200418472,0.0,2.0960243239533156,1.0,2.0,8.0,4.0,6.0,9.0,5.0,16.0,3.0,6.0,0.0
11115,3.4652672484517097,0.03335396200418472,0.0,2.0960243239533156,1.0,2.0,8.0,4.0,6.0,9.0,5.0,16.0,3.0,6.0,0.0,0.7422150373458862,-1.1587648391723633,2.0,-1.842698097229004,-0.33240026235580444,-26.782312470992565,4.207482285797596,0.0,0.0,1.7636240615975112,1.0,3.0,1.0,5.0,7.0,10.0,6.0,17.0,4.0,7.0,0.0
11116,4.207482285797596,0.0,0.0,1.7636240615975112,1.0,3.0,1.0,5.0,7.0,10.0,6.0,17.0,4.0,7.0,9.0,-0.20167088508605957,1.0077319145202637,0.0,-1.6186366081237793,0.8798667192459106,-15.830356313641502,4.005811400711536,1.0077319145202637,0.0,2.643490780843422,1.0,4.0,2.0,6.0,8.0,11.0,7.0,18.0,5.0,1.0,0.0
11117,4.005811400711536,1.0077319145202637,0.0,2.643490780843422,1.0,4.0,2.0,6.0,8.0,11.0,7.0,18.0,5.0,1.0,4.0,1.507915735244751,-1.348701000213623,0.0,-0.6599385142326355,-0.991702675819397,-14.502082762372872,5.513727135956287,0.0,0.0,1.6517881050240248,1.0,5.0,3.0,7.0,1.0,12.0,8.0,19.0,6.0,2.0,0.0
11118,5.513727135956287,0.0,0.0,1.6517881050240248,1.0,5.0,3.0,7.0,1.0,12.0,8.0,19.0,6.0,2.0,0.0,0.026756836101412773,-0.8694713115692139,8.0,-1.7261801958084106,0.7309940457344055,-23.777230779876213,5.5404839720577,0.0,0.0,2.3827821507584304,1.0,6.0,4.0,8.0,2.0,13.0,9.0,20.0,1.0,3.0,0.0
11119,5.5404839720577,0.0,0.0,2.3827821507584304,1.0,6.0,4.0,8.0,2.0,13.0,9.0,20.0,1.0,3.0,2.0,-1.0589518547058105,-0.27383580803871155,10.0,-1.8542225360870361,-0.25566717982292175,-22.13104319660809,4.48153211735189,0.0,0.0,2.1271149709355086,2.0,7.0,1.0,9.0,3.0,14.0,10.0,21.0,2.0,4.0,0.0
11120,4.48153211735189,0.0,0.0,2.1271149709355086,2.0,7.0,1.0,9.0,3.0,14.0,10.0,21.0,2.0,4.0,1.0,-1.4866623878479004,1.6198391914367676,0.0,-0.9123699069023132,-0.020573407411575317,-14.146081960077922,2.994869729503989,1.6198391914367676,0.0,2.1065415635239333,1.0,1.0,2.0,10.0,4.0,15.0,11.0,22.0,3.0,5.0,0.0
11121,2.994869729503989,1.6198391914367676,0.0,2.1065415635239333,1.0,1.0,2.0,10.0,4.0,15.0,11.0,22.0,3.0,5.0,3.0,1.7646605968475342,1.048187255859375,5.0,-0.2100575566291809,-0.7991907000541687,-15.994828193385354,4.759530326351523,2.6680264472961426,0.0,1.3073508634697646,2.0,2.0,3.0,1.0,5.0,1.0,12.0,23.0,4.0,6.0,0.0
11122,4.759530326351523,2.6680264472961426,0.0,1.3073508634697646,2.0,2.0,3.0,1.0,5.0,1.0,12.0,23.0,4.0,6.0,4.0,-0.8628103137016296,-0.942497968673706,0.0,-1.7955524921417236,1.805753231048584,-18.06912434113455,3.8967200126498938,1.7255284786224365,0.0,3.1131040945183486,1.0,3.0,4.0,2.0,1.0,2.0,13.0,24.0,5.0,7.0,0.0
11123,3.8967200126498938,1.7255284786224365,0.0,3.1131040945183486,1.0,3.0,4.0,2.0,1.0,2.0,13.0,24.0,5.0,7.0,7.0,-1.812079906463623,0.13654720783233643,8.0,0.4836413562297821,1.7626044750213623,-7.515495235612707,2.0846401061862707,1.862075686454773,0.4836413562297821,4.875708569539711,2.0,4.0,5.0,3.0,2.0,3.0,14.0,1.0,1.0,8.0,0.0
11124,2.0846401061862707,1.862075686454773,0.4836413562297821,4.875708569539711,2.0,4.0,5.0,3.0,2.0,3.0,14.0,1.0,1.0,8.0,4.0,-1.0382421016693115,1.426284909248352,6.0,-1.8724615573883057,-1.3447059392929077,-21.744787348051567,1.0463980045169592,3.288360595703125,0.0,3.531002630246803,3.0,5.0,6.0,4.0,1.0,4.0,1.0,2.0,2.0,9.0,0.0
11125,1.0463980045169592,3.288360595703125,0.0,3.531002630246803,3.0,5.0,6.0,4.0,1.0,4.0,1.0,2.0,2.0,9.0,9.0,-0.3982941508293152,-1.2161184549331665,4.0,-0.4512135684490204,-1.4866331815719604,-11.479958302441366,0.648103853687644,2.0722421407699585,0.0,2.0443694486748427,4.0,6.0,7.0,5.0,1.0,5.0,2.0,3.0,3.0,1.0,0.0
11126,0.648103853687644,2.0722421407699585,0.0,2.0443694486748427,4.0,6.0,7.0,5.0,1.0,5.0,2.0,3.0,3.0,1.0,8.0,0.7738337516784668,-1.6275830268859863,0.0,-1.6067057847976685,0.3456169068813324,-17.320293448321003,1.4219376053661108,0.44465911388397217,0.0,2.389986355556175,1.0,7.0,8.0,6.0,2.0,6.0,3.0,4.0,1.0,2.0,0.0
11127,1.4219376053661108,0.44465911388397217,0.0,2.389986355556175,1.0,7.0,8.0,6.0,2.0,6.0,3.0,4.0,1.0,2.0,8.0,0.271088182926178,0.4209395945072174,4.0,-0.36639586091041565,0.08040487766265869,-15.365919958955573,1.6930257882922888,0.8655987083911896,0.0,2.470391233218834,2.0,8.0,9.0,7.0,1.0,7.0,4.0,5.0,1.0,3.0,0.0
11128,1.6930257882922888,0.8655987083911896,0.0,2.470391233218834,2.0,8.0,9.0,7.0,1.0,7.0,4.0,5.0,1.0,3.0,8.0,0.4797500967979431,0.335366427898407,0.0,-0.7792100310325623,0.0582159161567688,-13.56433327089006,2.172775885090232,1.2009651362895966,0.0,2.5286071493756026,1.0,9.0,10.0,8.0,2.0,8.0,5.0,6.0,1.0,4.0,0.0
11129,2.172775885090232,1.2009651362895966,0.0,2.5286071493756026,1.0,9.0,10.0,8.0,2.0,8.0,5.0,6.0,1.0,4.0,2.0,0.7474882006645203,0.36430463194847107,0.0,-1.076287031173706,-0.5849881768226624,-14.83137413266296,2.920264085754752,1.5652697682380676,0.0,1.9436189725529402,1.0,10.0,1.0,9.0,3.0,9.0,6.0,7.0,2.0,5.0,0.0
11130,2.920264085754752,1.5652697682380676,0.0,1.9436189725529402,1.0,10.0,1.0,9.0,3.0,9.0,6.0,7.0,2.0,5.0,3.0,-0.863824188709259,-0.8621422648429871,1.0,0.9884099960327148,-0.7507666945457458,-10.178992529417767,2.056439897045493,0.7031275033950806,0.9884099960327148,1.1928522780071944,2.0,1.0,2.0,1.0,4.0,10.0,7.0,8.0,3.0,6.0,0.0
11131,2.056439897045493,0.7031275033950806,0.9884099960327148,1.1928522780071944,2.0,1.0,2.0,1.0,4.0,10.0,7.0,8.0,3.0,6.0,4.0,0.11068324744701385,-0.3915363550186157,8.0,-1.7104058265686035,0.2553112208843231,-16.451003709470164,2.167123144492507,0.31159114837646484,0.0,1.4481634988915175,3.0,2.0,3.0,2.0,1.0,11.0,8.0,9.0,1.0,7.0,0.0
11132,2.167123144492507,0.31159114837646484,0.0,1.4481634988915175,3.0,2.0,3.0,2.0,1.0,11.0,8.0,9.0,1.0,7.0,0.0,1.2171977758407593,-0.46032002568244934,8.0,-0.06963095813989639,0.4428251087665558,-10.410849308344522,3.3843209203332663,0.0,0.0,1.8909886076580733,1.0,3.0,4.0,3.0,2.0,12.0,9.0,10.0,1.0,8.0,0.0
11133,3.3843209203332663,0.0,0.0,1.8909886076580733,1.0,3.0,4.0,3.0,2.0,12.0,9.0,10.0,1.0,8.0,9.0,0.4063693583011627,-1.5252774953842163,6.0,-1.5783333778381348,0.7371175289154053,-28.29946671762825,3.790690278634429,0.0,0.0,2.6281061365734786,2.0,4.0,5.0,4.0,3.0,13.0,1.0,11.0,2.0,1.0,0.0
11134,3.790690278634429,0.0,0.0,2.6281061365734786,2.0,4.0,5.0,4.0,3.0,13.0,1.0,11.0,2.0,1.0,0.0,0.5540415048599243,-0.11582286655902863,0.0,-1.8207998275756836,-0.6764679551124573,-16.265940218451796,4.344731783494353,0.0,0.0,1.9516381814610213,1.0,5.0,6.0,5.0,4.0,14.0,2.0,12.0,3.0,2.0,0.0
11135,4.344731783494353,0.0,0.0,1.9516381814610213,1.0,5.0,6.0,5.0,4.0,14.0,2.0,12.0,3.0,2.0,1.0,1.6757214069366455,-1.1080318689346313,5.0,-1.7561967372894287,-0.0908658355474472,-25.897998352884926,6.020453190430999,0.0,0.0,1.860772345913574,2.0,1.0,7.0,6.0,5.0,1.0,3.0,13.0,4.0,3.0,0.0
11136,6.020453190430999,0.0,0.0,1.860772345913574,2.0,1.0,7.0,6.0,5.0,1.0,3.0,13.0,4.0,3.0,0.0,-1.7330045700073242,1.3665509223937988,0.0,-1.8791147470474243,-0.06683190912008286,-15.684608088223973,4.287448620423675,1.3665509223937988,0.0,1.7939404367934912,1.0,2.0,8.0,7.0,6.0,2.0,4.0,14.0,5.0,4.0,0.0
11137,4.287448620423675,1.3665509223937988,0.0,1.7939404367934912,1.0,2.0,8.0,7.0,6.0,2.0,4.0,14.0,5.0,4.0,3.0,0.29511240124702454,-0.531284749507904,2.0,-1.8303179740905762,0.6042821407318115,-22.503738759986206,4.582561021670699,0.8352661728858948,0.0,2.3982225775253028,2.0,3.0,1.0,1.0,7.0,3.0,5.0,15.0,6.0,5.0,0.0
11138,4.582561021670699,0.8352661728858948,0.0,2.3982225775253028,2.0,3.0,1.0,1.0,7.0,3.0,5.0,15.0,6.0,5.0,4.0,-0.7020653486251831,-1.6061413288116455,8.0,-1.7419863939285278,1.6154438257217407,-22.354096097124916,3.880495673045516,0.0,0.0,4.0136664032470435,3.0,4.0,2.0,2.0,1.0,4.0,6.0,16.0,1.0,6.0,0.0
11139,3.880495673045516,0.0,0.0,4.0136664032470435,3.0,4.0,2.0,2.0,1.0,4.0,6.0,16.0,1.0,6.0,7.0,-0.06504541635513306,0.0377989262342453,0.0,-1.4582661390304565,-0.44028520584106445,-12.70727565123455,3.815450256690383,0.0377989262342453,0.0,3.573381197405979,1.0,5.0,3.0,3.0,2.0,5.0,7.0,1.0,2.0,7.0,0.0
11140,3.815450256690383,0.0377989262342453,0.0,3.573381197405979,1.0,5.0,3.0,3.0,2.0,5.0,7.0,1.0,2.0,7.0,4.0,-1.8831068277359009,0.12387771159410477,9.0,-1.6887528896331787,-1.0260720252990723,-17.01565482493271,1.932343428954482,0.16167663782835007,0.0,2.5473091721069068,2.0,6.0,4.0,4.0,1.0,6.0,8.0,2.0,3.0,1.0,0.0
11141,1.932343428954482,0.16167663782835007,0.0,2.5473091721069068,2.0,6.0,4.0,4.0,1.0,6.0,8.0,2.0,3.0,1.0,2.0,-1.0022729635238647,-0.25405436754226685,0.0,-0.7399893999099731,-0.12733839452266693,-15.381796395124436,0.9300704654306173,0.0,0.0,2.41997077758424,1.0,7.0,1.0,5.0,2.0,7.0,9.0,3.0,4.0,2.0,0.0
11142,0.9300704654306173,0.0,0.0,2.41997077758424,1.0,7.0,1.0,5.0,2.0,7.0,9.0,3.0,4.0,2.0,9.0,1.5355308055877686,0.7881080508232117,6.0,-1.258216381072998,-0.05763040482997894,-17.963552498658416,2.465601271018386,0.7881080508232117,0.0,2.362340372754261,2.0,8.0,2.0,6.0,3.0,8.0,1.0,4.0,5.0,1.0,0.0
11143,2.465601271018386,0.7881080508232117,0.0,2.362340372754261,2.0,8.0,2.0,6.0,3.0,8.0,1.0,4.0,5.0,1.0,3.0,0.24946191906929016,-0.5505375266075134,1.0,-0.6764126420021057,-0.9692088961601257,-14.296871462539142,2.715063190087676,0.23757052421569824,0.0,1.3931314765941352,3.0,1.0,3.0,1.0,4.0,9.0,2.0,5.0,6.0,2.0,0.0
11144,2.715063190087676,0.23757052421569824,0.0,1.3931314765941352,3.0,1.0,3.0,1.0,4.0,9.0,2.0,5.0,6.0,2.0,9.0,-0.45249447226524353,-1.6087636947631836,8.0,-1.6444765329360962,1.1339526176452637,-22.89178414943096,2.2625687178224325,0.0,0.0,2.527084094239399,4.0,2.0,4.0,2.0,5.0,10.0,3.0,6.0,1.0,1.0,0.0
11145,2.2625687178224325,0.0,0.0,2.527084094239399,4.0,2.0,4.0,2.0,5.0,10.0,3.0,6.0,1.0,1.0,0.0,-1.4790871143341064,-0.12347094714641571,5.0,-1.956814169883728,-1.0850615501403809,-21.092017782005726,0.7834816034883261,0.0,0.0,1.442022544099018,1.0,3.0,5.0,3.0,6.0,1.0,4.0,7.0,2.0,2.0,0.0
11146,0.7834816034883261,0.0,0.0,1.442022544099018,1.0,3.0,5.0,3.0,6.0,1.0,4.0,7.0,2.0,2.0,4.0,0.5856002569198608,-0.05001934617757797,6.0,-1.6109000444412231,-0.8952992558479309,-23.72047727150772,1.369081860408187,0.0,0.0,0.5467232882510871,2.0,4.0,6.0,4.0,1.0,2.0,1.0,8.0,3.0,3.0,0.0
11147,1.369081860408187,0.0,0.0,0.5467232882510871,2.0,4.0,6.0,4.0,1.0,2.0,1.0,8.0,3.0,3.0,8.0,-1.0866374969482422,-0.2292861044406891,2.0,-1.6461395025253296,0.9976806044578552,-24.043618566571247,0.2824443634599447,0.0,0.0,1.5444038927089423,3.0,5.0,1.0,5.0,2.0,3.0,2.0,9.0,1.0,4.0,0.0
11148,0.2824443634599447,0.0,0.0,1.5444038927089423,3.0,5.0,1.0,5.0,2.0,3.0,2.0,9.0,1.0,4.0,9.0,-0.764592707157135,0.15909135341644287,1.0,-0.10286449640989304,-1.1269537210464478,-11.923541819280404,0.0,0.15909135341644287,0.0,0.41745017166249454,4.0,1.0,2.0,6.0,3.0,4.0,3.0,10.0,2.0,1.0,0.0
11149,0.0,0.15909135341644287,0.0,0.41745017166249454,4.0,1.0,2.0,6.0,3.0,4.0,3.0,10.0,2.0,1.0,9.0,1.1866496801376343,-0.8556956648826599,0.0,-0.20701906085014343,-0.9303976893424988,-12.206812465666566,1.1866496801376343,0.0,0.0,0.0,1.0,2.0,3.0,7.0,4.0,5.0,4.0,11.0,3.0,1.0,0.0
11150,1.1866496801376343,0.0,0.0,0.0,1.0,2.0,3.0,7.0,4.0,5.0,4.0,11.0,3.0,1.0,7.0,0.23512661457061768,0.5332604050636292,3.0,-1.4043694734573364,0.5291218757629395,-15.332810392721168,1.421776294708252,0.5332604050636292,0.0,0.5291218757629395,2.0,3.0,4.0,1.0,5.0,6.0,5.0,1.0,4.0,2.0,0.0
11151,1.421776294708252,0.5332604050636292,0.0,0.5291218757629395,2.0,3.0,4.0,1.0,5.0,6.0,5.0,1.0,4.0,2.0,4.0,-0.578125536441803,-0.5456348657608032,8.0,-1.6842975616455078,0.41472792625427246,-21.980842136812246,0.843650758266449,0.0,0.0,0.9438498020172119,3.0,4.0,5.0,2.0,1.0,7.0,6.0,2.0,1.0,3.0,0.0
11152,0.843650758266449,0.0,0.0,0.9438498020172119,3.0,4.0,5.0,2.0,1.0,7.0,6.0,2.0,1.0,3.0,4.0,-0.5812417268753052,-1.2586044073104858,0.0,0.4086970090866089,0.9450254440307617,-16.977303895238467,0.2624090313911438,0.0,0.4086970090866089,1.8888752460479736,1.0,5.0,6.0,3.0,1.0,8.0,7.0,3.0,2.0,4.0,0.0
11153,0.2624090313911438,0.0,0.4086970090866089,1.8888752460479736,1.0,5.0,6.0,3.0,1.0,8.0,7.0,3.0,2.0,4.0,5.0,0.9102964401245117,-0.641781747341156,6.0,-0.41781720519065857,-0.37474119663238525,-20.02278708414022,1.1727054715156555,0.0,0.0,1.5141340494155884,2.0,6.0,7.0,4.0,2.0,1.0,1.0,4.0,3.0,5.0,0.0
11154,1.1727054715156555,0.0,0.0,1.5141340494155884,2.0,6.0,7.0,4.0,2.0,1.0,1.0,4.0,3.0,5.0,9.0,-0.3769603371620178,-0.24259884655475616,9.0,-0.7510071396827698,-0.902738630771637,-10.972173459407095,0.7957451343536377,0.0,0.0,0.6113954186439514,3.0,7.0,8.0,5.0,3.0,2.0,2.0,5.0,4.0,1.0,0.0
11155,0.7957451343536377,0.0,0.0,0.6113954186439514,3.0,7.0,8.0,5.0,3.0,2.0,2.0,5.0,4.0,1.0,3.0,-0.47134530544281006,-1.3642274141311646,2.0,-0.14609090983867645,-0.0678960457444191,-21.22141140511585,0.32439982891082764,0.0,0.0,0.5434993728995323,4.0,8.0,1.0,1.0,4.0,3.0,3.0,6.0,5.0,2.0,0.0
11156,0.32439982891082764,0.0,0.0,0.5434993728995323,4.0,8.0,1.0,1.0,4.0,3.0,3.0,6.0,5.0,2.0,7.0,-1.1076674461364746,-1.0841799974441528,8.0,-1.8117860555648804,0.3402702212333679,-27.48591944850608,0.0,0.0,0.0,0.8837695941329002,5.0,9.0,2.0,2.0,5.0,4.0,4.0,1.0,1.0,3.0,0.0
11157,0.0,0.0,0.0,0.8837695941329002,5.0,9.0,2.0,2.0,5.0,4.0,4.0,1.0,1.0,3.0,4.0,-0.7842807173728943,0.8183263540267944,1.0,-1.2624903917312622,-0.955902099609375,-23.5955959664576,0.0,0.8183263540267944,0.0,0.0,6.0,1.0,3.0,3.0,1.0,5.0,5.0,2.0,2.0,4.0,0.0
11158,0.0,0.8183263540267944,0.0,0.0,6.0,1.0,3.0,3.0,1.0,5.0,5.0,2.0,2.0,4.0,0.0,1.404516339302063,-0.04767642542719841,6.0,-1.6924060583114624,-0.7068512439727783,-19.735820257865328,1.404516339302063,0.770649928599596,0.0,0.0,1.0,2.0,4.0,4.0,2.0,6.0,1.0,3.0,3.0,5.0,0.0
11159,1.404516339302063,0.770649928599596,0.0,0.0,1.0,2.0,4.0,4.0,2.0,6.0,1.0,3.0,3.0,5.0,9.0,0.18880440294742584,0.027502233162522316,8.0,-0.9387145638465881,1.1093562841415405,-12.993138761105694,1.5933207422494888,0.7981521617621183,0.0,1.1093562841415405,2.0,3.0,5.0,5.0,3.0,7.0,2.0,4.0,1.0,1.0,0.0
11160,1.5933207422494888,0.7981521617621183,0.0,1.1093562841415405,2.0,3.0,5.0,5.0,3.0,7.0,2.0,4.0,1.0,1.0,0.0,0.6957311630249023,-1.4226206541061401,3.0,-1.4103524684906006,-0.4661858081817627,-16.87859199737051,2.289051905274391,0.0,0.0,0.6431704759597778,1.0,4.0,6.0,1.0,4.0,8.0,3.0,5.0,2.0,2.0,0.0
11161,2.289051905274391,0.0,0.0,0.6431704759597778,1.0,4.0,6.0,1.0,4.0,8.0,3.0,5.0,2.0,2.0,8.0,0.5114794373512268,-0.7078932523727417,3.0,-1.6564178466796875,-0.12294311076402664,-23.59615194662038,2.800531342625618,0.0,0.0,0.5202273651957512,2.0,5.0,7.0,1.0,5.0,9.0,4.0,6.0,1.0,3.0,0.0
11162,2.800531342625618,0.0,0.0,0.5202273651957512,2.0,5.0,7.0,1.0,5.0,9.0,4.0,6.0,1.0,3.0,8.0,0.41793227195739746,-0.9828127026557922,2.0,-1.8281259536743164,1.0715945959091187,-28.657530415364704,3.2184636145830154,0.0,0.0,1.5918219611048698,3.0,6.0,1.0,2.0,6.0,10.0,5.0,7.0,1.0,4.0,0.0
11163,3.2184636145830154,0.0,0.0,1.5918219611048698,3.0,6.0,1.0,2.0,6.0,10.0,5.0,7.0,1.0,4.0,5.0,0.6616015434265137,1.3074980974197388,8.0,-1.840790867805481,-0.7269222140312195,-21.12168091889383,3.880065158009529,1.3074980974197388,0.0,0.8648997470736504,4.0,7.0,2.0,3.0,7.0,1.0,6.0,8.0,1.0,5.0,0.0
11164,3.880065158009529,1.3074980974197388,0.0,0.8648997470736504,4.0,7.0,2.0,3.0,7.0,1.0,6.0,8.0,1.0,5.0,4.0,0.36209702491760254,-0.893071711063385,0.0,-1.784332036972046,-0.03872863948345184,-16.56152562867767,4.242162182927132,0.41442638635635376,0.0,0.8261711075901985,1.0,8.0,3.0,4.0,1.0,2.0,7.0,9.0,2.0,6.0,0.0
11165,4.242162182927132,0.41442638635635376,0.0,0.8261711075901985,1.0,8.0,3.0,4.0,1.0,2.0,7.0,9.0,2.0,6.0,3.0,-1.0566682815551758,-1.5266950130462646,9.0,-1.3743245601654053,1.3445724248886108,-21.07017980012071,3.185493901371956,0.0,0.0,2.1707435324788094,2.0,9.0,4.0,1.0,2.0,3.0,8.0,10.0,3.0,1.0,0.0
11166,3.185493901371956,0.0,0.0,2.1707435324788094,2.0,9.0,4.0,1.0,2.0,3.0,8.0,10.0,3.0,1.0,5.0,0.6784289479255676,-0.02046269364655018,8.0,-0.8416777849197388,-0.12480204552412033,-16.314299727682986,3.8639228492975235,0.0,0.0,2.045941486954689,3.0,10.0,5.0,2.0,3.0,1.0,9.0,11.0,1.0,2.0,0.0
11167,3.8639228492975235,0.0,0.0,2.045941486954689,3.0,10.0,5.0,2.0,3.0,1.0,9.0,11.0,1.0,2.0,4.0,-1.2273828983306885,0.08208673447370529,6.0,-0.3935212790966034,-0.18060001730918884,-17.382546001085394,2.636539950966835,0.08208673447370529,0.0,1.8653414696455002,4.0,11.0,6.0,3.0,1.0,2.0,1.0,12.0,2.0,3.0,0.0
11168,2.636539950966835,0.08208673447370529,0.0,1.8653414696455002,4.0,11.0,6.0,3.0,1.0,2.0,1.0,12.0,2.0,3.0,1.0,-1.0300253629684448,-1.8992314338684082,2.0,-1.4999040365219116,0.13356971740722656,-28.491788180428763,1.6065145879983902,0.0,0.0,1.9989111870527267,5.0,1.0,1.0,4.0,2.0,3.0,2.0,13.0,3.0,4.0,0.0
11169,1.6065145879983902,0.0,0.0,1.9989111870527267,5.0,1.0,1.0,4.0,2.0,3.0,2.0,13.0,3.0,4.0,9.0,-0.49708041548728943,1.7208092212677002,8.0,-1.7344268560409546,0.6949188113212585,-16.23400289535129,1.1094341725111008,1.7208092212677002,0.0,2.6938299983739853,6.0,2.0,2.0,5.0,3.0,4.0,3.0,14.0,1.0,1.0,0.0
11170,1.1094341725111008,1.7208092212677002,0.0,2.6938299983739853,6.0,2.0,2.0,5.0,3.0,4.0,3.0,14.0,1.0,1.0,0.0,1.3664813041687012,-0.003248375840485096,0.0,-0.6450916528701782,-1.3949190378189087,-8.606046907940343,2.475915476679802,1.717560845427215,0.0,1.2989109605550766,1.0,3.0,3.0,6.0,4.0,5.0,4.0,15.0,2.0,2.0,0.0
11171,2.475915476679802,1.717560845427215,0.0,1.2989109605550766,1.0,3.0,3.0,6.0,4.0,5.0,4.0,15.0,2.0,2.0,7.0,-0.21452954411506653,-1.37955904006958,8.0,0.05121303349733353,0.003663386683911085,-9.566394788928587,2.2613859325647354,0.338001805357635,0.05121303349733353,1.3025743472389877,2.0,4.0,4.0,7.0,5.0,6.0,5.0,1.0,1.0,3.0,0.0
11172,2.2613859325647354,0.338001805357635,0.05121303349733353,1.3025743472389877,2.0,4.0,4.0,7.0,5.0,6.0,5.0,1.0,1.0,3.0,4.0,-0.15812744200229645,0.8108415603637695,3.0,-1.4773547649383545,-1.0607736110687256,-17.405108195665704,2.103258490562439,1.1488433657214046,0.0,0.2418007361702621,3.0,5.0,5.0,1.0,1.0,7.0,6.0,2.0,2.0,4.0,0.0
11173,2.103258490562439,1.1488433657214046,0.0,0.2418007361702621,3.0,5.0,5.0,1.0,1.0,7.0,6.0,2.0,2.0,4.0,0.0,-1.8803539276123047,-0.9334273934364319,6.0,-0.2936995327472687,0.4500090181827545,-13.050820886151161,0.22290456295013428,0.21541597228497267,0.0,0.6918097543530166,1.0,6.0,6.0,2.0,2.0,8.0,1.0,3.0,3.0,5.0,0.0
11174,0.22290456295013428,0.21541597228497267,0.0,0.6918097543530166,1.0,6.0,6.0,2.0,2.0,8.0,1.0,3.0,3.0,5.0,9.0,0.3611789047718048,-0.7826098799705505,2.0,0.8157764673233032,-1.0230680704116821,-15.530798951648341,0.5840834677219391,0.0,0.8157764673233032,0.0,2.0,7.0,1.0,3.0,3.0,9.0,2.0,4.0,4.0,1.0,0.0
11175,0.5840834677219391,0.0,0.8157764673233032,0.0,2.0,7.0,1.0,3.0,3.0,9.0,2.0,4.0,4.0,1.0,1.0,0.2818297743797302,-1.533686876296997,0.0,-0.2927486300468445,0.5320796370506287,-15.47200368047907,0.8659132421016693,0.0,0.5230278372764587,0.5320796370506287,1.0,1.0,2.0,4.0,4.0,10.0,3.0,5.0,5.0,2.0,0.0
11176,0.8659132421016693,0.0,0.5230278372764587,0.5320796370506287,1.0,1.0,2.0,4.0,4.0,10.0,3.0,5.0,5.0,2.0,9.0,0.20418484508991241,-0.04964112862944603,0.0,-0.7981306314468384,0.4784029424190521,-7.750748739856455,1.0700980871915817,0.0,0.0,1.0104825794696808,1.0,2.0,3.0,5.0,5.0,11.0,4.0,6.0,6.0,1.0,0.0
11177,1.0700980871915817,0.0,0.0,1.0104825794696808,1.0,2.0,3.0,5.0,5.0,11.0,4.0,6.0,6.0,1.0,9.0,0.6089974641799927,-0.3599691092967987,8.0,-1.7222084999084473,-0.5244763493537903,-21.068312481651937,1.6790955513715744,0.0,0.0,0.4860062301158905,2.0,3.0,4.0,6.0,6.0,12.0,5.0,7.0,1.0,1.0,0.0
11178,1.6790955513715744,0.0,0.0,0.4860062301158905,2.0,3.0,4.0,6.0,6.0,12.0,5.0,7.0,1.0,1.0,4.0,1.2392845153808594,-1.1334599256515503,0.0,-0.9704440832138062,-0.4299050271511078,-19.99791662785965,2.9183800667524338,0.0,0.0,0.056101202964782715,1.0,4.0,5.0,7.0,1.0,13.0,6.0,8.0,2.0,2.0,0.0
11179,2.9183800667524338,0.0,0.0,0.056101202964782715,1.0,4.0,5.0,7.0,1.0,13.0,6.0,8.0,2.0,2.0,9.0,1.6120364665985107,-0.43737247586250305,5.0,0.3221384584903717,-0.33642876148223877,-16.281001000452846,4.5304165333509445,0.0,0.3221384584903717,0.0,2.0,5.0,6.0,8.0,2.0,1.0,7.0,9.0,3.0,1.0,0.0
11180,4.5304165333509445,0.0,0.3221384584903717,0.0,2.0,5.0,6.0,8.0,2.0,1.0,7.0,9.0,3.0,1.0,8.0,-0.5510058403015137,-1.014859914779663,2.0,-1.3134583234786987,0.9435177445411682,-25.162457494184203,3.979410693049431,0.0,0.0,0.9435177445411682,3.0,6.0,1.0,9.0,3.0,2.0,8.0,10.0,1.0,2.0,0.0
11181,3.979410693049431,0.0,0.0,0.9435177445411682,3.0,6.0,1.0,9.0,3.0,2.0,8.0,10.0,1.0,2.0,3.0,-1.0117683410644531,-0.4234314262866974,3.0,-1.6231775283813477,1.0531418323516846,-20.2116758561982,2.9676423519849777,0.0,0.0,1.9966595768928528,4.0,7.0,2.0,1.0,4.0,3.0,9.0,11.0,2.0,3.0,0.0
11182,2.9676423519849777,0.0,0.0,1.9966595768928528,4.0,7.0,2.0,1.0,4.0,3.0,9.0,11.0,2.0,3.0,0.0,-1.6720255613327026,-0.5118913054466248,8.0,-1.333174228668213,0.5170271992683411,-17.946741401590742,1.295616790652275,0.0,0.0,2.513686776161194,1.0,8.0,3.0,2.0,5.0,4.0,10.0,12.0,1.0,4.0,0.0
11183,1.295616790652275,0.0,0.0,2.513686776161194,1.0,8.0,3.0,2.0,5.0,4.0,10.0,12.0,1.0,4.0,4.0,-0.744998574256897,0.3523086905479431,9.0,-0.8265613913536072,-0.9222146272659302,-15.442796116961233,0.5506182163953781,0.3523086905479431,0.0,1.5914721488952637,2.0,9.0,4.0,3.0,1.0,5.0,11.0,13.0,2.0,1.0,0.0
11184,0.5506182163953781,0.3523086905479431,0.0,1.5914721488952637,2.0,9.0,4.0,3.0,1.0,5.0,11.0,13.0,2.0,1.0,1.0,-1.6541297435760498,-0.7826504707336426,10.0,0.08231356739997864,0.7862455248832703,-15.481645971498214,0.0,0.0,0.08231356739997864,2.377717673778534,3.0,1.0,5.0,4.0,2.0,6.0,12.0,14.0,3.0,2.0,0.0
11185,0.0,0.0,0.08231356739997864,2.377717673778534,3.0,1.0,5.0,4.0,2.0,6.0,12.0,14.0,3.0,2.0,0.0,-0.3790031969547272,0.37498587369918823,6.0,0.6176857948303223,-0.8530265688896179,-13.568541064035795,0.0,0.37498587369918823,0.6999993622303009,1.524691104888916,1.0,2.0,6.0,5.0,3.0,7.0,1.0,15.0,4.0,3.0,0.0
11186,0.0,0.37498587369918823,0.6999993622303009,1.524691104888916,1.0,2.0,6.0,5.0,3.0,7.0,1.0,15.0,4.0,3.0,7.0,1.0608527660369873,-0.8442683815956116,2.0,-1.3829518556594849,-0.3721558153629303,-17.810780385032935,1.0608527660369873,0.0,0.0,1.1525352895259857,2.0,3.0,1.0,6.0,4.0,8.0,2.0,1.0,5.0,4.0,0.0
11187,1.0608527660369873,0.0,0.0,1.1525352895259857,2.0,3.0,1.0,6.0,4.0,8.0,2.0,1.0,5.0,4.0,4.0,0.1626681685447693,-0.12090420722961426,3.0,-1.6542035341262817,0.27137717604637146,-19.69550490075438,1.2235209345817566,0.0,0.0,1.4239124655723572,3.0,4.0,2.0,1.0,1.0,9.0,3.0,2.0,6.0,5.0,0.0
11188,1.2235209345817566,0.0,0.0,1.4239124655723572,3.0,4.0,2.0,1.0,1.0,9.0,3.0,2.0,6.0,5.0,9.0,-0.2194393277168274,-1.2042516469955444,8.0,-1.6603692770004272,1.0987039804458618,-22.009043833363386,1.0040816068649292,0.0,0.0,2.522616446018219,4.0,5.0,3.0,2.0,2.0,10.0,4.0,3.0,1.0,1.0,0.0
11189,1.0040816068649292,0.0,0.0,2.522616446018219,4.0,5.0,3.0,2.0,2.0,10.0,4.0,3.0,1.0,1.0,2.0,0.5481963753700256,-0.09182795882225037,0.0,-1.1686553955078125,-0.7405646443367004,-16.655778516403245,1.5522779822349548,0.0,0.0,1.7820518016815186,1.0,6.0,1.0,3.0,3.0,11.0,5.0,4.0,2.0,2.0,0.0
11190,1.5522779822349548,0.0,0.0,1.7820518016815186,1.0,6.0,1.0,3.0,3.0,11.0,5.0,4.0,2.0,2.0,8.0,1.0804015398025513,-0.4097350537776947,1.0,-1.4248863458633423,-0.5169610381126404,-21.748060871860265,2.632679522037506,0.0,0.0,1.2650907635688782,2.0,1.0,2.0,4.0,4.0,12.0,6.0,5.0,1.0,3.0,0.0
11191,2.632679522037506,0.0,0.0,1.2650907635688782,2.0,1.0,2.0,4.0,4.0,12.0,6.0,5.0,1.0,3.0,8.0,1.394408941268921,0.5012319684028625,0.0,-1.57395339012146,0.19147685170173645,-17.21863344467431,4.027088463306427,0.5012319684028625,0.0,1.4565676152706146,1.0,2.0,3.0,5.0,5.0,13.0,7.0,6.0,1.0,4.0,0.0
11192,4.027088463306427,0.5012319684028625,0.0,1.4565676152706146,1.0,2.0,3.0,5.0,5.0,13.0,7.0,6.0,1.0,4.0,5.0,0.11114173382520676,1.136136531829834,0.0,-1.6438509225845337,-0.34424889087677,-15.734157909984706,4.138230197131634,1.6373685002326965,0.0,1.1123187243938446,1.0,3.0,4.0,6.0,6.0,1.0,8.0,7.0,2.0,5.0,0.0
11193,4.138230197131634,1.6373685002326965,0.0,1.1123187243938446,1.0,3.0,4.0,6.0,6.0,1.0,8.0,7.0,2.0,5.0,4.0,-0.5560141801834106,-0.6253162026405334,3.0,-1.6139453649520874,0.16978836059570312,-16.934362088042715,3.582216016948223,1.012052297592163,0.0,1.2821070849895477,2.0,4.0,5.0,1.0,1.0,2.0,9.0,8.0,3.0,6.0,0.0
11194,3.582216016948223,1.012052297592163,0.0,1.2821070849895477,2.0,4.0,5.0,1.0,1.0,2.0,9.0,8.0,3.0,6.0,9.0,-1.4641964435577393,-1.0582835674285889,6.0,-1.4317368268966675,1.5158963203430176,-19.09856669378774,2.118019573390484,0.0,0.0,2.7980034053325653,3.0,5.0,6.0,2.0,2.0,3.0,1.0,9.0,4.0,1.0,0.0
11195,2.118019573390484,0.0,0.0,2.7980034053325653,3.0,5.0,6.0,2.0,2.0,3.0,1.0,9.0,4.0,1.0,0.0,-1.056013822555542,-0.884421706199646,2.0,-1.3616888523101807,0.3430671691894531,-19.979457539146924,1.0620057508349419,0.0,0.0,3.1410705745220184,1.0,6.0,1.0,3.0,3.0,4.0,2.0,10.0,5.0,2.0,0.0
11196,1.0620057508349419,0.0,0.0,3.1410705745220184,1.0,6.0,1.0,3.0,3.0,4.0,2.0,10.0,5.0,2.0,1.0,-1.1960800886154175,-0.7201228141784668,8.0,-1.2301958799362183,-0.7494162321090698,-21.112720249933403,0.0,0.0,0.0,2.3916543424129486,2.0,1.0,2.0,4.0,4.0,5.0,3.0,11.0,1.0,3.0,0.0
11197,0.0,0.0,0.0,2.3916543424129486,2.0,1.0,2.0,4.0,4.0,5.0,3.0,11.0,1.0,3.0,3.0,0.577948272228241,1.151231288909912,5.0,-1.659671664237976,0.21727272868156433,-20.426846341807078,0.577948272228241,1.151231288909912,0.0,2.608927071094513,3.0,2.0,3.0,1.0,5.0,1.0,4.0,12.0,2.0,4.0,0.0
11198,0.577948272228241,1.151231288909912,0.0,2.608927071094513,3.0,2.0,3.0,1.0,5.0,1.0,4.0,12.0,2.0,4.0,4.0,1.3856403827667236,-0.9372275471687317,2.0,0.3517497777938843,-0.07050815969705582,-12.6779830461906,1.9635886549949646,0.21400374174118042,0.3517497777938843,2.538418911397457,4.0,3.0,1.0,2.0,1.0,2.0,5.0,13.0,3.0,5.0,0.0
11199,1.9635886549949646,0.21400374174118042,0.3517497777938843,2.538418911397457,4.0,3.0,1.0,2.0,1.0,2.0,5.0,13.0,3.0,5.0,5.0,-0.5731633305549622,0.5263820886611938,7.0,-0.9101701974868774,-0.49317824840545654,-15.029651304784865,1.3904253244400024,0.7403858304023743,0.0,2.0452406629920006,5.0,4.0,2.0,3.0,2.0,1.0,6.0,1.0,4.0,6.0,1.0
11200,1.4915950298309326,1.3187168836593628,7.323607921600342,7.344694137573242,1.0,1.0,1.0,1.0,1.0,1.0,1.0,1.0,1.0,1.0,8.0,-0.6936623454093933,-1.537137746810913,4.0,-1.822500228881836,-1.8874942064285278,-8.526961708572639,0.7979326844215393,0.0,5.501107692718506,5.457199931144714,2.0,2.0,2.0,2.0,1.0,2.0,2.0,2.0,1.0,2.0,0.0
11201,0.7979326844215393,0.0,5.501107692718506,5.457199931144714,2.0,2.0,2.0,2.0,1.0,2.0,2.0,2.0,1.0,2.0,8.0,-0.6265568733215332,0.8870378732681274,4.0,-1.9295991659164429,-1.628385066986084,-8.582562213878932,0.1713758111000061,0.8870378732681274,3.571508526802063,3.8288148641586304,3.0,3.0,3.0,3.0,1.0,3.0,3.0,3.0,1.0,3.0,0.0
11202,0.1713758111000061,0.8870378732681274,3.571508526802063,3.8288148641586304,3.0,3.0,3.0,3.0,1.0,3.0,3.0,3.0,1.0,3.0,9.0,0.32130834460258484,1.5273958444595337,0.0,-1.4663364887237549,-1.6857517957687378,-3.5879500269825857,0.49268415570259094,2.414433717727661,2.105172038078308,2.1430630683898926,1.0,4.0,4.0,4.0,2.0,4.0,4.0,4.0,2.0,1.0,0.0
11203,0.49268415570259094,2.414433717727661,2.105172038078308,2.1430630683898926,1.0,4.0,4.0,4.0,2.0,4.0,4.0,4.0,2.0,1.0,8.0,-0.002782342955470085,-0.7579284906387329,2.0,-1.8496055603027344,-0.3068469762802124,-12.244674689719814,0.48990181274712086,1.6565052270889282,0.25556647777557373,1.8362160921096802,2.0,5.0,1.0,5.0,3.0,5.0,5.0,5.0,1.0,2.0,0.0
11204,0.48990181274712086,1.6565052270889282,0.25556647777557373,1.8362160921096802,2.0,5.0,1.0,5.0,3.0,5.0,5.0,5.0,1.0,2.0,7.0,-0.7328768372535706,-0.7704494595527649,0.0,-1.6088813543319702,-0.5522405505180359,-15.812947369056767,0.0,0.8860557675361633,0.0,1.2839755415916443,1.0,6.0,2.0,6.0,4.0,6.0,6.0,1.0,2.0,3.0,0.0
11205,0.0,0.8860557675361633,0.0,1.2839755415916443,1.0,6.0,2.0,6.0,4.0,6.0,6.0,1.0,2.0,3.0,8.0,-0.4625749886035919,1.5174671411514282,3.0,0.307037353515625,-1.1026090383529663,-12.752278848969858,0.0,2.4035229086875916,0.307037353515625,0.18136650323867798,2.0,7.0,3.0,1.0,5.0,7.0,7.0,2.0,1.0,4.0,0.0
11206,0.0,2.4035229086875916,0.307037353515625,0.18136650323867798,2.0,7.0,3.0,1.0,5.0,7.0,7.0,2.0,1.0,4.0,4.0,1.075057029724121,0.4494648277759552,1.0,-0.6222231984138489,-0.41745561361312866,-13.662326498956809,1.075057029724121,2.8529877364635468,0.0,0.0,3.0,1.0,4.0,2.0,1.0,8.0,8.0,3.0,2.0,5.0,0.0
11207,1.075057029724121,2.8529877364635468,0.0,0.0,3.0,1.0,4.0,2.0,1.0,8.0,8.0,3.0,2.0,5.0,9.0,-0.08755374699831009,-0.5436992645263672,6.0,0.5177232027053833,0.10114066302776337,-10.08468293118737,0.987503282725811,2.3092884719371796,0.5177232027053833,0.10114066302776337,4.0,2.0,5.0,3.0,2.0,9.0,1.0,4.0,3.0,1.0,0.0
11208,0.987503282725811,2.3092884719371796,0.5177232027053833,0.10114066302776337,4.0,2.0,5.0,3.0,2.0,9.0,1.0,4.0,3.0,1.0,2.0,0.9929211735725403,-1.04739511013031,0.0,-0.48870912194252014,-0.05724216252565384,-8.638205034162677,1.9804244562983513,1.2618933618068695,0.02901408076286316,0.04389850050210953,1.0,3.0,1.0,4.0,3.0,10.0,2.0,5.0,4.0,2.0,0.0
11209,1.9804244562983513,1.2618933618068695,0.02901408076286316,0.04389850050210953,1.0,3.0,1.0,4.0,3.0,10.0,2.0,5.0,4.0,2.0,9.0,0.14726120233535767,-1.571770429611206,8.0,-1.546921968460083,0.010619004257023335,-19.438396413076482,2.127685658633709,0.0,0.0,0.05451750475913286,2.0,4.0,2.0,5.0,4.0,11.0,3.0,6.0,1.0,1.0,0.0
11210,2.127685658633709,0.0,0.0,0.05451750475913286,2.0,4.0,2.0,5.0,4.0,11.0,3.0,6.0,1.0,1.0,5.0,1.276627779006958,1.3074806928634644,0.0,0.09415914118289948,0.6445444822311401,-7.528175320895134,3.404313437640667,1.3074806928634644,0.09415914118289948,0.699061986990273,1.0,5.0,3.0,6.0,5.0,1.0,4.0,7.0,2.0,2.0,0.0
11211,3.404313437640667,1.3074806928634644,0.09415914118289948,0.699061986990273,1.0,5.0,3.0,6.0,5.0,1.0,4.0,7.0,2.0,2.0,4.0,1.2069242000579834,-1.6959257125854492,3.0,-1.1541876792907715,0.0019093448063358665,-16.165328103887546,4.61123763769865,0.0,0.0,0.7009713317966089,2.0,6.0,4.0,1.0,1.0,2.0,5.0,8.0,3.0,3.0,0.0
11212,4.61123763769865,0.0,0.0,0.7009713317966089,2.0,6.0,4.0,1.0,1.0,2.0,5.0,8.0,3.0,3.0,4.0,-0.6274187564849854,0.576863706111908,8.0,-1.7157546281814575,1.0113362073898315,-19.14421438844906,3.983818881213665,0.576863706111908,0.0,1.7123075391864404,3.0,7.0,5.0,2.0,1.0,3.0,6.0,9.0,1.0,4.0,0.0
11213,3.983818881213665,0.576863706111908,0.0,1.7123075391864404,3.0,7.0,5.0,2.0,1.0,3.0,6.0,9.0,1.0,4.0,4.0,-1.5243933200836182,-0.8827027082443237,10.0,-1.033929705619812,-0.4330118000507355,-15.682916315979796,2.459425561130047,0.0,0.0,1.279295739135705,4.0,8.0,6.0,3.0,1.0,4.0,7.0,10.0,2.0,5.0,0.0
11214,2.459425561130047,0.0,0.0,1.279295739135705,4.0,8.0,6.0,3.0,1.0,4.0,7.0,10.0,2.0,5.0,0.0,-1.6684086322784424,-1.556661605834961,5.0,-1.3613629341125488,1.060831904411316,-26.645348554733875,0.7910169288516045,0.0,0.0,2.340127643547021,1.0,9.0,7.0,4.0,2.0,1.0,8.0,11.0,3.0,6.0,0.0
11215,0.7910169288516045,0.0,0.0,2.340127643547021,1.0,9.0,7.0,4.0,2.0,1.0,8.0,11.0,3.0,6.0,3.0,-0.1912042200565338,-0.3046216666698456,1.0,-1.132540225982666,-0.33987781405448914,-19.34445172108728,0.5998127087950706,0.0,0.0,2.0002498294925317,2.0,1.0,8.0,1.0,3.0,2.0,9.0,12.0,4.0,7.0,0.0
11216,0.5998127087950706,0.0,0.0,2.0002498294925317,2.0,1.0,8.0,1.0,3.0,2.0,9.0,12.0,4.0,7.0,9.0,1.495504379272461,-0.8826132416725159,8.0,-1.78205406665802,-0.3809545636177063,-22.908686914913538,2.0953170880675316,0.0,0.0,1.6192952658748254,3.0,2.0,9.0,2.0,4.0,3.0,10.0,13.0,1.0,1.0,0.0
11217,2.0953170880675316,0.0,0.0,1.6192952658748254,3.0,2.0,9.0,2.0,4.0,3.0,10.0,13.0,1.0,1.0,0.0,0.6920109391212463,0.06916594505310059,2.0,0.05671529844403267,0.07295498251914978,-10.31799964896405,2.787328027188778,0.06916594505310059,0.05671529844403267,1.6922502483939752,1.0,3.0,1.0,3.0,5.0,4.0,11.0,14.0,2.0,2.0,0.0
11218,2.787328027188778,0.06916594505310059,0.05671529844403267,1.6922502483939752,1.0,3.0,1.0,3.0,5.0,4.0,11.0,14.0,2.0,2.0,4.0,0.5815209150314331,0.961415708065033,5.0,0.0732223242521286,-0.09921453148126602,-13.727823169823402,3.368848942220211,1.0305816531181335,0.12993762269616127,1.5930357169127092,2.0,4.0,2.0,4.0,1.0,1.0,12.0,15.0,3.0,3.0,0.0
11219,3.368848942220211,1.0305816531181335,0.12993762269616127,1.5930357169127092,2.0,4.0,2.0,4.0,1.0,1.0,12.0,15.0,3.0,3.0,4.0,-1.806235909461975,-1.2826693058013916,6.0,-1.5235364437103271,1.3917896747589111,-24.752694795637368,1.562613032758236,0.0,0.0,2.9848253916716203,3.0,5.0,3.0,5.0,1.0,2.0,1.0,16.0,4.0,4.0,0.0
11220,1.562613032758236,0.0,0.0,2.9848253916716203,3.0,5.0,3.0,5.0,1.0,2.0,1.0,16.0,4.0,4.0,7.0,-1.6782037019729614,0.7895063757896423,0.0,-1.9182195663452148,-0.8120355010032654,-17.834440097518154,0.0,0.7895063757896423,0.0,2.172789890668355,1.0,6.0,4.0,6.0,2.0,3.0,2.0,1.0,5.0,5.0,0.0
11221,0.0,0.7895063757896423,0.0,2.172789890668355,1.0,6.0,4.0,6.0,2.0,3.0,2.0,1.0,5.0,5.0,8.0,0.33089447021484375,-1.476763367652893,0.0,-0.8976615071296692,-0.688409686088562,-18.079817395884543,0.33089447021484375,0.0,0.0,1.484380204579793,1.0,7.0,5.0,7.0,3.0,4.0,3.0,2.0,1.0,6.0,0.0
11222,0.33089447021484375,0.0,0.0,1.484380204579793,1.0,7.0,5.0,7.0,3.0,4.0,3.0,2.0,1.0,6.0,9.0,0.9184370040893555,0.9041080474853516,1.0,-1.3223923444747925,-0.6338924765586853,-14.836993204296244,1.2493314743041992,0.9041080474853516,0.0,0.8504877280211076,2.0,1.0,6.0,8.0,4.0,5.0,4.0,3.0,2.0,1.0,0.0
11223,1.2493314743041992,0.9041080474853516,0.0,0.8504877280211076,2.0,1.0,6.0,8.0,4.0,5.0,4.0,3.0,2.0,1.0,8.0,-0.7724229693412781,0.037522777915000916,3.0,0.1760227233171463,-0.22374866902828217,-10.776384722345352,0.47690850496292114,0.9416308254003525,0.1760227233171463,0.6267390589928254,3.0,2.0,7.0,1.0,5.0,6.0,5.0,4.0,1.0,2.0,0.0
11224,0.47690850496292114,0.9416308254003525,0.1760227233171463,0.6267390589928254,3.0,2.0,7.0,1.0,5.0,6.0,5.0,4.0,1.0,2.0,9.0,0.07074080407619476,-0.7412473559379578,2.0,-1.3943047523498535,0.5474671125411987,-16.753963619615437,0.5476493090391159,0.20038346946239471,0.0,1.1742061715340242,4.0,3.0,1.0,2.0,6.0,7.0,6.0,5.0,2.0,1.0,0.0
11225,0.5476493090391159,0.20038346946239471,0.0,1.1742061715340242,4.0,3.0,1.0,2.0,6.0,7.0,6.0,5.0,2.0,1.0,3.0,0.1169009730219841,0.3813993036746979,0.0,-1.663464903831482,-0.44825631380081177,-16.03944010338418,0.6645502820611,0.5817827731370926,0.0,0.7259498577332124,1.0,4.0,2.0,1.0,7.0,8.0,7.0,6.0,3.0,2.0,0.0
11226,0.6645502820611,0.5817827731370926,0.0,0.7259498577332124,1.0,4.0,2.0,1.0,7.0,8.0,7.0,6.0,3.0,2.0,4.0,1.1786266565322876,0.6785551309585571,8.0,-1.742444634437561,0.20877428352832794,-21.11150960236061,1.8431769385933876,1.2603379040956497,0.0,0.9347241412615404,2.0,5.0,3.0,2.0,1.0,9.0,8.0,7.0,1.0,3.0,0.0
11227,1.8431769385933876,1.2603379040956497,0.0,0.9347241412615404,2.0,5.0,3.0,2.0,1.0,9.0,8.0,7.0,1.0,3.0,5.0,1.12786066532135,-1.8299089670181274,1.0,-0.4371582269668579,-0.4128437638282776,-17.296031086881083,2.9710376039147377,0.0,0.0,0.5218803774332628,3.0,1.0,4.0,3.0,2.0,1.0,9.0,8.0,2.0,4.0,0.0
11228,2.9710376039147377,0.0,0.0,0.5218803774332628,3.0,1.0,4.0,3.0,2.0,1.0,9.0,8.0,2.0,4.0,0.0,-1.7936893701553345,-1.43152916431427,6.0,-1.9085824489593506,0.6412441730499268,-27.78382992006425,1.1773482337594032,0.0,0.0,1.1631245504831895,1.0,2.0,5.0,4.0,3.0,2.0,1.0,9.0,3.0,5.0,0.0
11229,1.1773482337594032,0.0,0.0,1.1631245504831895,1.0,2.0,5.0,4.0,3.0,2.0,1.0,9.0,3.0,5.0,9.0,-0.5503760576248169,-1.1717077493667603,8.0,-0.4620646834373474,0.2783799469470978,-17.077916240251973,0.6269721761345863,0.0,0.0,1.4415044974302873,2.0,3.0,6.0,5.0,4.0,3.0,2.0,10.0,1.0,1.0,0.0
11230,0.6269721761345863,0.0,0.0,1.4415044974302873,2.0,3.0,6.0,5.0,4.0,3.0,2.0,10.0,1.0,1.0,7.0,0.5445038676261902,-1.0284380912780762,10.0,0.9355022311210632,-0.19259414076805115,-11.197660941687069,1.1714760437607765,0.0,0.9355022311210632,1.2489103566622362,3.0,4.0,7.0,6.0,5.0,4.0,3.0,1.0,2.0,2.0,0.0
11231,1.1714760437607765,0.0,0.9355022311210632,1.2489103566622362,3.0,4.0,7.0,6.0,5.0,4.0,3.0,1.0,2.0,2.0,4.0,1.5389235019683838,0.5848631262779236,3.0,-1.2382680177688599,0.04106367751955986,-10.73862987669474,2.7103995457291603,0.5848631262779236,0.0,1.289974034181796,4.0,5.0,8.0,1.0,1.0,5.0,4.0,2.0,3.0,3.0,0.0
11232,2.7103995457291603,0.5848631262779236,0.0,1.289974034181796,4.0,5.0,8.0,1.0,1.0,5.0,4.0,2.0,3.0,3.0,5.0,-1.5577574968338013,-0.9741430282592773,8.0,-1.9250149726867676,-1.548435926437378,-27.333452090118147,1.152642048895359,0.0,0.0,0.0,5.0,6.0,9.0,2.0,2.0,1.0,5.0,3.0,1.0,4.0,0.0
11233,1.152642048895359,0.0,0.0,0.0,5.0,6.0,9.0,2.0,2.0,1.0,5.0,3.0,1.0,4.0,0.0,-0.3519779443740845,-0.13522057235240936,2.0,-1.9000754356384277,-0.9191514849662781,-22.405811269702212,0.8006641045212746,0.0,0.0,0.0,1.0,7.0,1.0,3.0,3.0,2.0,6.0,4.0,2.0,5.0,0.0
11234,0.8006641045212746,0.0,0.0,0.0,1.0,7.0,1.0,3.0,3.0,2.0,6.0,4.0,2.0,5.0,9.0,-1.0837795734405518,-0.18277758359909058,9.0,-0.40476739406585693,0.010358341969549656,-10.122726829545805,0.0,0.0,0.0,0.010358341969549656,2.0,8.0,2.0,4.0,4.0,3.0,7.0,5.0,3.0,1.0,0.0
11235,0.0,0.0,0.0,0.010358341969549656,2.0,8.0,2.0,4.0,4.0,3.0,7.0,5.0,3.0,1.0,1.0,-1.1146140098571777,-0.20740830898284912,8.0,0.20796428620815277,1.3386528491973877,-17.952211103457678,0.0,0.0,0.20796428620815277,1.3490111911669374,3.0,1.0,3.0,5.0,5.0,4.0,8.0,6.0,1.0,2.0,0.0
11236,0.0,0.0,0.20796428620815277,1.3490111911669374,3.0,1.0,3.0,5.0,5.0,4.0,8.0,6.0,1.0,2.0,4.0,-1.3243181705474854,0.3107476830482483,0.0,0.0696311965584755,-1.022241234779358,-17.521186637398603,0.0,0.3107476830482483,0.27759548276662827,0.32676995638757944,1.0,2.0,4.0,6.0,1.0,5.0,9.0,7.0,2.0,3.0,0.0
11237,0.0,0.3107476830482483,0.27759548276662827,0.32676995638757944,1.0,2.0,4.0,6.0,1.0,5.0,9.0,7.0,2.0,3.0,8.0,0.910912275314331,0.5907342433929443,6.0,-0.8208332061767578,-0.4085302948951721,-17.98757986836144,0.910912275314331,0.9014819264411926,0.0,0.0,2.0,3.0,5.0,7.0,2.0,6.0,1.0,8.0,1.0,4.0,0.0
11238,0.910912275314331,0.9014819264411926,0.0,0.0,2.0,3.0,5.0,7.0,2.0,6.0,1.0,8.0,1.0,4.0,9.0,0.42909184098243713,0.18467068672180176,0.0,0.5135778188705444,-0.13647545874118805,-6.179031352523038,1.3400041162967682,1.0861526131629944,0.5135778188705444,0.0,1.0,4.0,6.0,8.0,3.0,7.0,2.0,9.0,2.0,1.0,0.0
11239,1.3400041162967682,1.0861526131629944,0.5135778188705444,0.0,1.0,4.0,6.0,8.0,3.0,7.0,2.0,9.0,2.0,1.0,9.0,0.5650629997253418,-1.4268156290054321,5.0,-0.1881939321756363,-0.24165496230125427,-15.407907655285236,1.90506711602211,0.0,0.32538388669490814,0.0,2.0,5.0,7.0,9.0,4.0,1.0,3.0,10.0,3.0,1.0,0.0
11240,1.90506711602211,0.0,0.32538388669490814,0.0,2.0,5.0,7.0,9.0,4.0,1.0,3.0,10.0,3.0,1.0,8.0,-1.059275507926941,0.9220461249351501,2.0,-0.7464603781700134,0.401974618434906,-17.533072076456634,0.8457916080951691,0.9220461249351501,0.0,0.401974618434906,3.0,6.0,1.0,10.0,5.0,2.0,4.0,11.0,1.0,2.0,0.0
11241,0.8457916080951691,0.9220461249351501,0.0,0.401974618434906,3.0,6.0,1.0,10.0,5.0,2.0,4.0,11.0,1.0,2.0,3.0,-0.41857796907424927,-0.3898008465766907,0.0,-0.9465747475624084,-0.7607724070549011,-13.073865143501056,0.4272136390209198,0.5322452783584595,0.0,0.0,1.0,7.0,2.0,1.0,6.0,3.0,5.0,12.0,2.0,3.0,0.0
11242,0.4272136390209198,0.5322452783584595,0.0,0.0,1.0,7.0,2.0,1.0,6.0,3.0,5.0,12.0,2.0,3.0,4.0,0.2375270575284958,-1.531619906425476,8.0,0.27447211742401123,1.388146162033081,-19.080892234494648,0.6647406965494156,0.0,0.27447211742401123,1.388146162033081,2.0,8.0,3.0,2.0,1.0,4.0,6.0,13.0,1.0,4.0,0.0
11243,0.6647406965494156,0.0,0.27447211742401123,1.388146162033081,2.0,8.0,3.0,2.0,1.0,4.0,6.0,13.0,1.0,4.0,7.0,0.8691087961196899,-1.2581214904785156,6.0,-1.4612053632736206,0.7037685513496399,-24.954905648354877,1.5338494926691055,0.0,0.0,2.091914713382721,3.0,9.0,4.0,3.0,2.0,5.0,1.0,1.0,2.0,5.0,0.0
11244,1.5338494926691055,0.0,0.0,2.091914713382721,3.0,9.0,4.0,3.0,2.0,5.0,1.0,1.0,2.0,5.0,1.0,-1.456834316253662,-0.2603287100791931,1.0,-1.6099274158477783,-1.6985403299331665,-21.446488882216226,0.07701517641544342,0.0,0.0,0.39337438344955444,4.0,1.0,5.0,4.0,3.0,6.0,2.0,2.0,3.0,6.0,0.0
11245,0.07701517641544342,0.0,0.0,0.39337438344955444,4.0,1.0,5.0,4.0,3.0,6.0,2.0,2.0,3.0,6.0,9.0,-0.7093448042869568,-1.0158882141113281,0.0,-1.8730127811431885,-0.3348601162433624,-21.14351242801161,0.0,0.0,0.0,0.05851426720619202,1.0,2.0,6.0,5.0,4.0,7.0,3.0,3.0,4.0,1.0,0.0
11246,0.0,0.0,0.0,0.05851426720619202,1.0,2.0,6.0,5.0,4.0,7.0,3.0,3.0,4.0,1.0,4.0,1.7400307655334473,-0.3087802529335022,3.0,-0.3250885307788849,0.09797259420156479,-14.72919276897769,1.7400307655334473,0.0,0.0,0.1564868614077568,2.0,3.0,7.0,1.0,1.0,8.0,4.0,4.0,5.0,2.0,0.0
11247,1.7400307655334473,0.0,0.0,0.1564868614077568,2.0,3.0,7.0,1.0,1.0,8.0,4.0,4.0,5.0,2.0,9.0,0.7505332827568054,-1.0441590547561646,0.0,-1.760100245475769,1.4215370416641235,-19.8717752005739,2.4905640482902527,0.0,0.0,1.5780239030718803,1.0,4.0,8.0,2.0,2.0,9.0,5.0,5.0,6.0,1.0,0.0
11248,2.4905640482902527,0.0,0.0,1.5780239030718803,1.0,4.0,8.0,2.0,2.0,9.0,5.0,5.0,6.0,1.0,9.0,0.1688593327999115,-1.7906607389450073,8.0,-1.6037213802337646,-0.6434292197227478,-27.00698271183565,2.659423381090164,0.0,0.0,0.9345946833491325,2.0,5.0,9.0,3.0,3.0,10.0,6.0,6.0,1.0,1.0,0.0
11249,2.659423381090164,0.0,0.0,0.9345946833491325,2.0,5.0,9.0,3.0,3.0,10.0,6.0,6.0,1.0,1.0,4.0,0.5764042735099792,-1.751695990562439,2.0,-1.3241088390350342,-0.48438969254493713,-29.879830133153703,3.2358276546001434,0.0,0.0,0.4502049908041954,3.0,6.0,1.0,4.0,1.0,11.0,7.0,7.0,2.0,2.0,0.0
11250,3.2358276546001434,0.0,0.0,0.4502049908041954,3.0,6.0,1.0,4.0,1.0,11.0,7.0,7.0,2.0,2.0,2.0,0.08742618560791016,-0.36794036626815796,3.0,-1.5450026988983154,0.44392719864845276,-21.712319256496365,3.3232538402080536,0.0,0.0,0.8941321894526482,4.0,7.0,1.0,1.0,2.0,12.0,8.0,8.0,3.0,3.0,0.0
11251,3.3232538402080536,0.0,0.0,0.8941321894526482,4.0,7.0,1.0,1.0,2.0,12.0,8.0,8.0,3.0,3.0,2.0,-0.9405269026756287,0.020032480359077454,8.0,-1.7027842998504639,0.61411052942276,-23.28083204981297,2.382726937532425,0.020032480359077454,0.0,1.5082427188754082,5.0,8.0,1.0,2.0,3.0,13.0,9.0,9.0,1.0,4.0,0.0
11252,2.382726937532425,0.020032480359077454,0.0,1.5082427188754082,5.0,8.0,1.0,2.0,3.0,13.0,9.0,9.0,1.0,4.0,0.0,0.9157874584197998,0.8953953981399536,1.0,-0.8174418807029724,0.6449676156044006,-13.282419535865092,3.2985143959522247,0.9154278784990311,0.0,2.153210334479809,1.0,1.0,2.0,3.0,4.0,14.0,10.0,10.0,2.0,5.0,0.0
11253,3.2985143959522247,0.9154278784990311,0.0,2.153210334479809,1.0,1.0,2.0,3.0,4.0,14.0,10.0,10.0,2.0,5.0,5.0,0.09499116241931915,-0.5589632987976074,3.0,-0.7020364999771118,0.33312928676605225,-13.183166164525181,3.393505558371544,0.35646457970142365,0.0,2.486339621245861,2.0,2.0,3.0,1.0,5.0,1.0,11.0,11.0,3.0,6.0,0.0
11254,3.393505558371544,0.35646457970142365,0.0,2.486339621245861,2.0,2.0,3.0,1.0,5.0,1.0,11.0,11.0,3.0,6.0,4.0,-1.721904993057251,-0.15334580838680267,7.0,-1.6409379243850708,1.5804191827774048,-20.678926848642362,1.671600565314293,0.20311877131462097,0.0,4.066758804023266,3.0,3.0,4.0,2.0,1.0,2.0,12.0,1.0,4.0,7.0,0.0
11255,1.671600565314293,0.20311877131462097,0.0,4.066758804023266,3.0,3.0,4.0,2.0,1.0,2.0,12.0,1.0,4.0,7.0,8.0,-1.1773091554641724,1.097550392150879,6.0,-1.8012226819992065,-0.35558557510375977,-23.956080485818806,0.49429140985012054,1.3006691634654999,0.0,3.711173228919506,4.0,4.0,5.0,3.0,2.0,3.0,1.0,2.0,1.0,8.0,0.0
11256,0.49429140985012054,1.3006691634654999,0.0,3.711173228919506,4.0,4.0,5.0,3.0,2.0,3.0,1.0,2.0,1.0,8.0,9.0,-1.2096282243728638,-0.21839310228824615,1.0,-1.9464128017425537,-1.5099259614944458,-21.137559249634982,0.0,1.0822760611772537,0.0,2.2012472674250603,5.0,1.0,6.0,4.0,3.0,4.0,2.0,3.0,2.0,1.0,0.0
11257,0.0,1.0822760611772537,0.0,2.2012472674250603,5.0,1.0,6.0,4.0,3.0,4.0,2.0,3.0,2.0,1.0,5.0,0.8338304162025452,-0.3727869987487793,0.0,-1.4105807542800903,-1.186828374862671,-17.105022034777292,0.8338304162025452,0.7094890624284744,0.0,1.0144188925623894,1.0,2.0,7.0,5.0,4.0,1.0,3.0,4.0,3.0,2.0,0.0
11258,0.8338304162025452,0.7094890624284744,0.0,1.0144188925623894,1.0,2.0,7.0,5.0,4.0,1.0,3.0,4.0,3.0,2.0,4.0,-1.093277096748352,-0.2154831886291504,0.0,-1.4160717725753784,-0.3784196674823761,-18.92087949694827,0.0,0.49400587379932404,0.0,0.6359992250800133,1.0,3.0,8.0,6.0,1.0,2.0,4.0,5.0,4.0,3.0,0.0
11259,0.0,0.49400587379932404,0.0,0.6359992250800133,1.0,3.0,8.0,6.0,1.0,2.0,4.0,5.0,4.0,3.0,9.0,0.25483444333076477,-0.43311038613319397,2.0,-0.5489172339439392,-0.8167296648025513,-14.77652808279875,0.25483444333076477,0.060895487666130066,0.0,0.0,2.0,4.0,1.0,7.0,2.0,3.0,5.0,6.0,5.0,1.0,0.0
11260,0.25483444333076477,0.060895487666130066,0.0,0.0,2.0,4.0,1.0,7.0,2.0,3.0,5.0,6.0,5.0,1.0,2.0,0.5793125629425049,-1.111845850944519,3.0,-0.016408342868089676,0.9082545042037964,-18.077930388044038,0.8341470062732697,0.0,0.0,0.9082545042037964,3.0,5.0,1.0,1.0,3.0,4.0,6.0,7.0,6.0,2.0,0.0
11261,0.8341470062732697,0.0,0.0,0.9082545042037964,3.0,5.0,1.0,1.0,3.0,4.0,6.0,7.0,6.0,2.0,1.0,0.1877618134021759,-1.3652793169021606,8.0,-1.2581416368484497,0.11597559601068497,-24.716150440284334,1.0219088196754456,0.0,0.0,1.0242301002144814,4.0,1.0,2.0,2.0,4.0,5.0,7.0,8.0,1.0,3.0,0.0
11262,1.0219088196754456,0.0,0.0,1.0242301002144814,4.0,1.0,2.0,2.0,4.0,5.0,7.0,8.0,1.0,3.0,6.0,-0.7852234244346619,-0.5571906566619873,3.0,0.29774704575538635,-0.7660155892372131,-16.526261597943506,0.2366853952407837,0.0,0.29774704575538635,0.2582145109772682,5.0,2.0,3.0,1.0,5.0,6.0,1.0,9.0,2.0,4.0,0.0
11263,0.2366853952407837,0.0,0.29774704575538635,0.2582145109772682,5.0,2.0,3.0,1.0,5.0,6.0,1.0,9.0,2.0,4.0,9.0,1.7350716590881348,-1.2555547952651978,0.0,-1.6016278266906738,0.967793881893158,-18.27462156181065,1.9717570543289185,0.0,0.0,1.2260083928704262,1.0,3.0,4.0,2.0,6.0,7.0,2.0,10.0,3.0,1.0,0.0
11264,1.9717570543289185,0.0,0.0,1.2260083928704262,1.0,3.0,4.0,2.0,6.0,7.0,2.0,10.0,3.0,1.0,0.0,0.13758505880832672,-1.6037659645080566,8.0,-1.6453423500061035,-0.5353347063064575,-25.969831786927745,2.109342113137245,0.0,0.0,0.6906736865639687,1.0,4.0,5.0,3.0,7.0,8.0,3.0,11.0,1.0,2.0,0.0
11265,2.109342113137245,0.0,0.0,0.6906736865639687,1.0,4.0,5.0,3.0,7.0,8.0,3.0,11.0,1.0,2.0,4.0,1.1464879512786865,0.4533851146697998,10.0,-1.0112417936325073,0.7159572243690491,-12.931772083378227,3.2558300644159317,0.4533851146697998,0.0,1.4066309109330177,2.0,5.0,6.0,4.0,1.0,9.0,4.0,12.0,2.0,3.0,0.0
11266,3.2558300644159317,0.4533851146697998,0.0,1.4066309109330177,2.0,5.0,6.0,4.0,1.0,9.0,4.0,12.0,2.0,3.0,0.0,1.7188200950622559,-0.3614487051963806,1.0,-0.9597120881080627,0.8140779137611389,-14.312951906852375,4.974650159478188,0.09193640947341919,0.0,2.2207088246941566,1.0,1.0,7.0,5.0,2.0,10.0,5.0,13.0,3.0,4.0,0.0
11267,4.974650159478188,0.09193640947341919,0.0,2.2207088246941566,1.0,1.0,7.0,5.0,2.0,10.0,5.0,13.0,3.0,4.0,7.0,-1.3227843046188354,-0.7293552160263062,0.0,-1.833647608757019,-1.4786971807479858,-18.658529196938296,3.651865854859352,0.0,0.0,0.7420116439461708,1.0,2.0,8.0,6.0,3.0,11.0,6.0,1.0,4.0,5.0,0.0
11268,3.651865854859352,0.0,0.0,0.7420116439461708,1.0,2.0,8.0,6.0,3.0,11.0,6.0,1.0,4.0,5.0,8.0,-0.7908716797828674,-0.7834600210189819,3.0,-1.7312551736831665,0.8409581184387207,-23.839726322090144,2.8609941750764847,0.0,0.0,1.5829697623848915,2.0,3.0,9.0,1.0,4.0,12.0,7.0,2.0,1.0,6.0,0.0
11269,2.8609941750764847,0.0,0.0,1.5829697623848915,2.0,3.0,9.0,1.0,4.0,12.0,7.0,2.0,1.0,6.0,4.0,0.15729932487010956,-1.5419726371765137,6.0,-1.068838357925415,-0.4126724898815155,-28.299818784816978,3.0182934999465942,0.0,0.0,1.170297272503376,3.0,4.0,10.0,2.0,1.0,13.0,1.0,3.0,2.0,7.0,0.0
11270,3.0182934999465942,0.0,0.0,1.170297272503376,3.0,4.0,10.0,2.0,1.0,13.0,1.0,3.0,2.0,7.0,9.0,-0.8921113610267639,-0.01418542955070734,4.0,-1.7577449083328247,0.6645813584327698,-19.658751002665618,2.1261821389198303,0.0,0.0,1.8348786309361458,4.0,5.0,11.0,3.0,1.0,14.0,2.0,4.0,3.0,1.0,0.0
11271,2.1261821389198303,0.0,0.0,1.8348786309361458,4.0,5.0,11.0,3.0,1.0,14.0,2.0,4.0,3.0,1.0,0.0,0.5811877250671387,-0.5576561093330383,5.0,-1.6263054609298706,-1.1414214372634888,-22.292533460105084,2.707369863986969,0.0,0.0,0.693457193672657,1.0,6.0,12.0,4.0,2.0,1.0,3.0,5.0,4.0,2.0,0.0
11272,2.707369863986969,0.0,0.0,0.693457193672657,1.0,6.0,12.0,4.0,2.0,1.0,3.0,5.0,4.0,2.0,8.0,-0.6200253367424011,-1.1040868759155273,2.0,-1.5615252256393433,-0.6007003784179688,-28.497850609001418,2.087344527244568,0.0,0.0,0.09275681525468826,2.0,7.0,1.0,5.0,3.0,2.0,4.0,6.0,1.0,3.0,0.0
11273,2.087344527244568,0.0,0.0,0.09275681525468826,2.0,7.0,1.0,5.0,3.0,2.0,4.0,6.0,1.0,3.0,3.0,-1.5754501819610596,-1.1838536262512207,1.0,-0.23691724240779877,0.14459851384162903,-17.945959466157564,0.5118943452835083,0.0,0.0,0.2373553290963173,3.0,1.0,2.0,1.0,4.0,3.0,5.0,7.0,2.0,4.0,0.0
11274,0.5118943452835083,0.0,0.0,0.2373553290963173,3.0,1.0,2.0,1.0,4.0,3.0,5.0,7.0,2.0,4.0,4.0,0.07721491158008575,-0.45129379630088806,8.0,-1.1533502340316772,0.3013129234313965,-22.412812820212714,0.589109256863594,0.0,0.0,0.5386682525277138,4.0,2.0,3.0,2.0,1.0,4.0,6.0,8.0,1.0,5.0,0.0
11275,0.589109256863594,0.0,0.0,0.5386682525277138,4.0,2.0,3.0,2.0,1.0,4.0,6.0,8.0,1.0,5.0,9.0,-1.4818304777145386,0.840254545211792,5.0,-1.4737168550491333,0.02162172645330429,-23.660043605767026,0.0,0.840254545211792,0.0,0.5602899789810181,5.0,3.0,4.0,3.0,2.0,1.0,7.0,9.0,2.0,1.0,0.0
11276,0.0,0.840254545211792,0.0,0.5602899789810181,5.0,3.0,4.0,3.0,2.0,1.0,7.0,9.0,2.0,1.0,0.0,-0.6923300623893738,-0.8005475401878357,0.0,-1.2729696035385132,-0.685086190700531,-15.946651649123293,0.0,0.0397070050239563,0.0,0.0,1.0,4.0,5.0,4.0,3.0,2.0,8.0,10.0,3.0,2.0,0.0
11277,0.0,0.0397070050239563,0.0,0.0,1.0,4.0,5.0,4.0,3.0,2.0,8.0,10.0,3.0,2.0,0.0,0.004514090716838837,1.1925060749053955,8.0,-0.9113816618919373,0.43709295988082886,-15.318929177619275,0.004514090716838837,1.2322130799293518,0.0,0.43709295988082886,1.0,5.0,6.0,5.0,4.0,3.0,9.0,11.0,1.0,3.0,0.0
11278,0.004514090716838837,1.2322130799293518,0.0,0.43709295988082886,1.0,5.0,6.0,5.0,4.0,3.0,9.0,11.0,1.0,3.0,3.0,0.8775709867477417,-0.38009628653526306,10.0,0.618890106678009,0.607306182384491,-7.850717869942365,0.8820850774645805,0.8521167933940887,0.618890106678009,1.0443991422653198,2.0,6.0,7.0,1.0,5.0,4.0,10.0,12.0,2.0,4.0,0.0
11279,0.8820850774645805,0.8521167933940887,0.618890106678009,1.0443991422653198,2.0,6.0,7.0,1.0,5.0,4.0,10.0,12.0,2.0,4.0,4.0,-0.4291206896305084,-0.5164073705673218,9.0,-1.489242434501648,1.5221155881881714,-15.940464230560757,0.4529643878340721,0.33570942282676697,0.0,2.566514730453491,3.0,7.0,8.0,2.0,1.0,5.0,11.0,13.0,3.0,1.0,0.0
11280,0.4529643878340721,0.33570942282676697,0.0,2.566514730453491,3.0,7.0,8.0,2.0,1.0,5.0,11.0,13.0,3.0,1.0,4.0,-1.295182466506958,-0.9034221768379211,2.0,-1.2652679681777954,1.7174195051193237,-27.202765472760042,0.0,0.0,0.0,4.283934235572815,4.0,8.0,1.0,3.0,1.0,6.0,12.0,14.0,4.0,2.0,0.0
11281,0.0,0.0,0.0,4.283934235572815,4.0,8.0,1.0,3.0,1.0,6.0,12.0,14.0,4.0,2.0,7.0,-0.09687376767396927,1.0685168504714966,6.0,-1.4972273111343384,0.8594483733177185,-23.62510972923181,0.0,1.0685168504714966,0.0,5.1433826088905334,5.0,9.0,2.0,4.0,2.0,7.0,1.0,1.0,5.0,3.0,0.0
11282,0.0,1.0685168504714966,0.0,5.1433826088905334,5.0,9.0,2.0,4.0,2.0,7.0,1.0,1.0,5.0,3.0,8.0,0.08304087072610855,-0.036847565323114395,1.0,-1.8323997259140015,-1.8133699893951416,-21.09948501000529,0.08304087072610855,1.0316692851483822,0.0,3.330012619495392,6.0,1.0,3.0,5.0,3.0,8.0,2.0,2.0,1.0,4.0,0.0
11283,0.08304087072610855,1.0316692851483822,0.0,3.330012619495392,6.0,1.0,3.0,5.0,3.0,8.0,2.0,2.0,1.0,4.0,9.0,0.24327819049358368,0.7615111470222473,0.0,-1.3045780658721924,-1.7057256698608398,-11.35563841861503,0.32631906121969223,1.7931804321706295,0.0,1.624286949634552,1.0,2.0,4.0,6.0,4.0,9.0,3.0,3.0,2.0,1.0,0.0
11284,0.32631906121969223,1.7931804321706295,0.0,1.624286949634552,1.0,2.0,4.0,6.0,4.0,9.0,3.0,3.0,2.0,1.0,8.0,1.710090160369873,-0.6550514698028564,3.0,-0.9168059825897217,-0.9100634455680847,-14.546363279618593,2.0364092215895653,1.138128962367773,0.0,0.7142235040664673,2.0,3.0,5.0,1.0,5.0,10.0,4.0,4.0,1.0,2.0,0.0
11285,2.0364092215895653,1.138128962367773,0.0,0.7142235040664673,2.0,3.0,5.0,1.0,5.0,10.0,4.0,4.0,1.0,2.0,0.0,-0.9122378826141357,-0.17241372168064117,0.0,-0.9002073407173157,1.105728268623352,-10.15629529783278,1.1241713389754295,0.9657152406871319,0.0,1.8199517726898193,1.0,4.0,6.0,2.0,6.0,11.0,5.0,5.0,2.0,3.0,0.0
11286,1.1241713389754295,0.9657152406871319,0.0,1.8199517726898193,1.0,4.0,6.0,2.0,6.0,11.0,5.0,5.0,2.0,3.0,4.0,1.4109865427017212,-0.22875720262527466,9.0,-0.899898886680603,-0.9570850133895874,-13.411634928518705,2.5351578816771507,0.7369580380618572,0.0,0.8628667593002319,2.0,5.0,7.0,3.0,1.0,12.0,6.0,6.0,3.0,1.0,0.0
11287,2.5351578816771507,0.7369580380618572,0.0,0.8628667593002319,2.0,5.0,7.0,3.0,1.0,12.0,6.0,6.0,3.0,1.0,0.0,1.4029896259307861,-1.5949288606643677,3.0,-1.7649059295654297,0.4188920557498932,-20.7997963011409,3.938147507607937,0.0,0.0,1.2817588150501251,1.0,6.0,8.0,1.0,2.0,13.0,7.0,7.0,4.0,2.0,0.0
11288,3.938147507607937,0.0,0.0,1.2817588150501251,1.0,6.0,8.0,1.0,2.0,13.0,7.0,7.0,4.0,2.0,0.0,1.5399504899978638,-0.6152842044830322,3.0,-1.6395655870437622,-1.1161859035491943,-21.166734015090746,5.478097997605801,0.0,0.0,0.1655729115009308,1.0,7.0,9.0,1.0,3.0,14.0,8.0,8.0,5.0,3.0,0.0
11289,5.478097997605801,0.0,0.0,0.1655729115009308,1.0,7.0,9.0,1.0,3.0,14.0,8.0,8.0,5.0,3.0,0.0,-0.3875868022441864,-1.359300136566162,8.0,-1.5223242044448853,1.4485949277877808,-25.301024144409894,5.090511195361614,0.0,0.0,1.6141678392887115,1.0,8.0,10.0,2.0,4.0,15.0,9.0,9.0,1.0,4.0,0.0
11290,5.090511195361614,0.0,0.0,1.6141678392887115,1.0,8.0,10.0,2.0,4.0,15.0,9.0,9.0,1.0,4.0,0.0,1.8459172248840332,-0.5076849460601807,4.0,-1.8474087715148926,-0.03537723422050476,-25.372229626331123,6.936428420245647,0.0,0.0,1.5787906050682068,1.0,9.0,11.0,3.0,1.0,16.0,10.0,10.0,2.0,5.0,0.0
11291,6.936428420245647,0.0,0.0,1.5787906050682068,1.0,9.0,11.0,3.0,1.0,16.0,10.0,10.0,2.0,5.0,0.0,-1.3504050970077515,-0.580203652381897,5.0,-1.525946021080017,0.5917919278144836,-23.698215154255383,5.586023323237896,0.0,0.0,2.1705825328826904,1.0,10.0,12.0,4.0,2.0,1.0,11.0,11.0,3.0,6.0,0.0
11292,5.586023323237896,0.0,0.0,2.1705825328826904,1.0,10.0,12.0,4.0,2.0,1.0,11.0,11.0,3.0,6.0,8.0,-1.5305182933807373,-1.1974091529846191,2.0,-0.5183370113372803,-0.8395366668701172,-24.45834025968292,4.055505029857159,0.0,0.0,1.3310458660125732,2.0,11.0,1.0,5.0,3.0,2.0,12.0,12.0,1.0,7.0,0.0
11293,4.055505029857159,0.0,0.0,1.3310458660125732,2.0,11.0,1.0,5.0,3.0,2.0,12.0,12.0,1.0,7.0,3.0,-1.0839014053344727,-1.2806562185287476,1.0,-1.4585871696472168,0.7475399374961853,-26.23811477611556,2.971603624522686,0.0,0.0,2.0785858035087585,3.0,1.0,2.0,1.0,4.0,3.0,13.0,13.0,2.0,8.0,0.0
11294,2.971603624522686,0.0,0.0,2.0785858035087585,3.0,1.0,2.0,1.0,4.0,3.0,13.0,13.0,2.0,8.0,4.0,-0.717750608921051,-1.3758083581924438,8.0,-1.5856612920761108,0.6469542980194092,-27.439456477904923,2.253853015601635,0.0,0.0,2.7255401015281677,4.0,2.0,3.0,2.0,1.0,4.0,14.0,14.0,1.0,9.0,0.0
11295,2.253853015601635,0.0,0.0,2.7255401015281677,4.0,2.0,3.0,2.0,1.0,4.0,14.0,14.0,1.0,9.0,3.0,-0.6653121709823608,0.09426642954349518,1.0,-1.8313475847244263,-0.7605991363525391,-22.33835998171808,1.5885408446192741,0.09426642954349518,0.0,1.9649409651756287,5.0,1.0,4.0,1.0,2.0,5.0,15.0,15.0,2.0,10.0,0.0
11296,1.5885408446192741,0.09426642954349518,0.0,1.9649409651756287,5.0,1.0,4.0,1.0,2.0,5.0,15.0,15.0,2.0,10.0,4.0,-0.8192766904830933,1.47579026222229,6.0,-0.13987058401107788,0.5089073777198792,-17.739792662387718,0.7692641541361809,1.5700566917657852,0.0,2.473848342895508,6.0,2.0,5.0,2.0,1.0,6.0,1.0,16.0,3.0,11.0,0.0
11297,0.7692641541361809,1.5700566917657852,0.0,2.473848342895508,6.0,2.0,5.0,2.0,1.0,6.0,1.0,16.0,3.0,11.0,9.0,1.0901226997375488,0.19598433375358582,8.0,-0.9314827919006348,0.6055859923362732,-12.616683117645128,1.8593868538737297,1.766041025519371,0.0,3.079434335231781,7.0,3.0,6.0,3.0,2.0,7.0,2.0,17.0,1.0,1.0,0.0
11298,1.8593868538737297,1.766041025519371,0.0,3.079434335231781,7.0,3.0,6.0,3.0,2.0,7.0,2.0,17.0,1.0,1.0,0.0,0.9771734476089478,0.9275549650192261,2.0,-1.4685704708099365,-1.456931710243225,-17.725814154549738,2.8365603014826775,2.693595990538597,0.0,1.622502624988556,1.0,4.0,1.0,4.0,3.0,8.0,3.0,18.0,2.0,2.0,0.0
11299,2.8365603014826775,2.693595990538597,0.0,1.622502624988556,1.0,4.0,1.0,4.0,3.0,8.0,3.0,18.0,2.0,2.0,7.0,0.17036010324954987,-1.324172854423523,5.0,-1.7628933191299438,-0.45456674695014954,-19.663108126557596,3.0069204047322273,1.3694231361150742,0.0,1.1679358780384064,2.0,5.0,2.0,5.0,4.0,1.0,4.0,1.0,3.0,3.0,1.0
11300,1.7935001850128174,4.135603904724121,5.94144344329834,1.2528194189071655,1.0,1.0,1.0,1.0,1.0,1.0,1.0,1.0,1.0,1.0,8.0,-0.28628072142601013,-1.4143317937850952,8.0,-1.7779030799865723,-1.9086862802505493,-11.947172194757155,1.5072194635868073,2.721272110939026,4.163540363311768,0.0,2.0,2.0,2.0,2.0,2.0,2.0,2.0,2.0,1.0,2.0,0.0
11301,1.5072194635868073,2.721272110939026,4.163540363311768,0.0,2.0,2.0,2.0,2.0,2.0,2.0,2.0,2.0,1.0,2.0,3.0,0.07873654365539551,-1.532782793045044,4.0,-1.9126371145248413,0.5846319198608398,-8.514308617032416,1.5859560072422028,1.188489317893982,2.2509032487869263,0.5846319198608398,3.0,3.0,3.0,1.0,1.0,3.0,3.0,3.0,2.0,3.0,0.0
11302,1.5859560072422028,1.188489317893982,2.2509032487869263,0.5846319198608398,3.0,3.0,3.0,1.0,1.0,3.0,3.0,3.0,2.0,3.0,8.0,-0.7348437309265137,-1.5289456844329834,8.0,-1.9567482471466064,-1.2988266944885254,-19.27978623707182,0.8511122763156891,0.0,0.2941550016403198,0.0,4.0,4.0,4.0,2.0,2.0,4.0,4.0,4.0,1.0,4.0,0.0
11303,0.8511122763156891,0.0,0.2941550016403198,0.0,4.0,4.0,4.0,2.0,2.0,4.0,4.0,4.0,1.0,4.0,8.0,0.37115809321403503,1.3312060832977295,1.0,-0.7456106543540955,-0.6427345275878906,-15.711246890177325,1.2222703695297241,1.3312060832977295,0.0,0.0,5.0,1.0,5.0,3.0,3.0,5.0,5.0,5.0,1.0,5.0,0.0
11304,1.2222703695297241,1.3312060832977295,0.0,0.0,5.0,1.0,5.0,3.0,3.0,5.0,5.0,5.0,1.0,5.0,9.0,-0.1475519835948944,-1.163458228111267,0.0,-1.4222030639648438,-0.6521191000938416,-13.428905148775403,1.0747183859348297,0.1677478551864624,0.0,0.0,1.0,2.0,6.0,4.0,4.0,6.0,6.0,6.0,2.0,1.0,0.0
11305,1.0747183859348297,0.1677478551864624,0.0,0.0,1.0,2.0,6.0,4.0,4.0,6.0,6.0,6.0,2.0,1.0,5.0,0.023016389459371567,-0.7505301833152771,0.0,-0.13828718662261963,1.1606112718582153,-14.75077299898252,1.0977347753942013,0.0,0.0,1.1606112718582153,1.0,3.0,7.0,5.0,5.0,1.0,7.0,7.0,3.0,2.0,0.0
11306,1.0977347753942013,0.0,0.0,1.1606112718582153,1.0,3.0,7.0,5.0,5.0,1.0,7.0,7.0,3.0,2.0,3.0,0.4177168607711792,-0.9709051251411438,2.0,-0.487891286611557,-0.405368447303772,-20.940589957900087,1.5154516361653805,0.0,0.0,0.7552428245544434,2.0,4.0,1.0,1.0,6.0,2.0,8.0,8.0,4.0,3.0,0.0
11307,1.5154516361653805,0.0,0.0,0.7552428245544434,2.0,4.0,1.0,1.0,6.0,2.0,8.0,8.0,4.0,3.0,4.0,-1.2373844385147095,-1.0120673179626465,8.0,-1.5504772663116455,0.8928964734077454,-26.741268419893494,0.278067197650671,0.0,0.0,1.6481392979621887,3.0,5.0,2.0,2.0,1.0,3.0,9.0,9.0,1.0,4.0,0.0
11308,0.278067197650671,0.0,0.0,1.6481392979621887,3.0,5.0,2.0,2.0,1.0,3.0,9.0,9.0,1.0,4.0,0.0,0.6054185032844543,0.3814084827899933,6.0,-1.5454750061035156,0.6566827297210693,-19.152841652562277,0.8834857009351254,0.3814084827899933,0.0,2.304822027683258,1.0,6.0,3.0,3.0,2.0,4.0,1.0,10.0,2.0,5.0,0.0
11309,0.8834857009351254,0.3814084827899933,0.0,2.304822027683258,1.0,6.0,3.0,3.0,2.0,4.0,1.0,10.0,2.0,5.0,9.0,-1.4275517463684082,-0.8346835970878601,8.0,-1.7165429592132568,0.04902186989784241,-20.752730179341743,0.0,0.0,0.0,2.3538438975811005,2.0,7.0,4.0,4.0,3.0,5.0,2.0,11.0,1.0,1.0,0.0
11310,0.0,0.0,0.0,2.3538438975811005,2.0,7.0,4.0,4.0,3.0,5.0,2.0,11.0,1.0,1.0,7.0,1.411264419555664,-0.6796185970306396,8.0,-0.16449378430843353,-0.6026222705841064,-14.061197307388376,1.411264419555664,0.0,0.0,1.751221626996994,3.0,8.0,5.0,5.0,4.0,6.0,3.0,1.0,1.0,2.0,0.0
11311,1.411264419555664,0.0,0.0,1.751221626996994,3.0,8.0,5.0,5.0,4.0,6.0,3.0,1.0,1.0,2.0,8.0,-0.590444803237915,0.9084150791168213,0.0,-1.4214736223220825,-1.6704882383346558,-16.66658165974325,0.820819616317749,0.9084150791168213,0.0,0.08073338866233826,1.0,9.0,6.0,6.0,5.0,7.0,4.0,2.0,1.0,3.0,0.0
11312,0.820819616317749,0.9084150791168213,0.0,0.08073338866233826,1.0,9.0,6.0,6.0,5.0,7.0,4.0,2.0,1.0,3.0,9.0,0.1906275749206543,-0.9759780764579773,1.0,0.1326880306005478,-0.15215951204299927,-10.058442247697585,1.0114471912384033,0.0,0.1326880306005478,0.0,2.0,1.0,7.0,7.0,6.0,8.0,5.0,3.0,2.0,1.0,0.0
11313,1.0114471912384033,0.0,0.1326880306005478,0.0,2.0,1.0,7.0,7.0,6.0,8.0,5.0,3.0,2.0,1.0,8.0,1.4827029705047607,-0.9381574392318726,3.0,-0.23136498034000397,-0.8221151828765869,-21.172854990209558,2.494150161743164,0.0,0.0,0.0,3.0,2.0,8.0,1.0,7.0,9.0,6.0,4.0,1.0,2.0,0.0
11314,2.494150161743164,0.0,0.0,0.0,3.0,2.0,8.0,1.0,7.0,9.0,6.0,4.0,1.0,2.0,0.0,-0.3016658127307892,-0.3514595925807953,8.0,-1.5149060487747192,1.4609267711639404,-18.678195948489737,2.192484349012375,0.0,0.0,1.4609267711639404,1.0,3.0,9.0,2.0,8.0,10.0,7.0,5.0,1.0,3.0,0.0
11315,2.192484349012375,0.0,0.0,1.4609267711639404,1.0,3.0,9.0,2.0,8.0,10.0,7.0,5.0,1.0,3.0,0.0,-0.4644722640514374,-1.6687432527542114,2.0,6.723403930664062e-05,-0.35406494140625,-19.664293408918642,1.7280120849609375,0.0,6.723403930664062e-05,1.1068618297576904,1.0,4.0,1.0,3.0,9.0,11.0,8.0,6.0,2.0,4.0,0.0
11316,1.7280120849609375,0.0,6.723403930664062e-05,1.1068618297576904,1.0,4.0,1.0,3.0,9.0,11.0,8.0,6.0,2.0,4.0,4.0,-0.46663686633110046,-0.25506091117858887,3.0,-0.7895906567573547,-1.4587740898132324,-18.7580197044827,1.261375218629837,0.0,0.0,0.0,2.0,5.0,2.0,1.0,1.0,12.0,9.0,7.0,3.0,5.0,0.0
11317,1.261375218629837,0.0,0.0,0.0,2.0,5.0,2.0,1.0,1.0,12.0,9.0,7.0,3.0,5.0,1.0,0.46539634466171265,-1.0832570791244507,6.0,0.15982770919799805,0.7008783221244812,-19.278640747417974,1.7267715632915497,0.0,0.15982770919799805,0.7008783221244812,3.0,1.0,3.0,2.0,2.0,13.0,1.0,8.0,4.0,6.0,0.0
11318,1.7267715632915497,0.0,0.15982770919799805,0.7008783221244812,3.0,1.0,3.0,2.0,2.0,13.0,1.0,8.0,4.0,6.0,9.0,-0.6862329244613647,-1.3351068496704102,8.0,-1.5643622875213623,1.303399920463562,-22.59651348519088,1.040538638830185,0.0,0.0,2.004278242588043,4.0,2.0,4.0,3.0,3.0,14.0,2.0,9.0,1.0,1.0,0.0
11319,1.040538638830185,0.0,0.0,2.004278242588043,4.0,2.0,4.0,3.0,3.0,14.0,2.0,9.0,1.0,1.0,0.0,0.23262205719947815,0.44773659110069275,0.0,-1.2428032159805298,-0.06636649370193481,-12.298293499555117,1.273160696029663,0.44773659110069275,0.0,1.9379117488861084,1.0,3.0,5.0,4.0,4.0,15.0,3.0,10.0,2.0,2.0,0.0
11320,1.273160696029663,0.44773659110069275,0.0,1.9379117488861084,1.0,3.0,5.0,4.0,4.0,15.0,3.0,10.0,2.0,2.0,5.0,0.29728513956069946,-1.2053658962249756,5.0,-0.26176977157592773,-0.426545649766922,-21.853540157920346,1.5704458355903625,0.0,0.0,1.5113660991191864,2.0,4.0,6.0,5.0,5.0,1.0,4.0,11.0,3.0,3.0,0.0
11321,1.5704458355903625,0.0,0.0,1.5113660991191864,2.0,4.0,6.0,5.0,5.0,1.0,4.0,11.0,3.0,3.0,9.0,0.007070094812661409,0.12782415747642517,2.0,-1.5257619619369507,-0.37069931626319885,-18.924176952273417,1.577515930403024,0.12782415747642517,0.0,1.1406667828559875,3.0,5.0,1.0,6.0,6.0,2.0,5.0,12.0,4.0,1.0,0.0
11322,1.577515930403024,0.12782415747642517,0.0,1.1406667828559875,3.0,5.0,1.0,6.0,6.0,2.0,5.0,12.0,4.0,1.0,3.0,-0.7939501404762268,-0.11811286211013794,0.0,-1.1042773723602295,-0.07357464730739594,-14.256639647132609,0.7835657899267972,0.009711295366287231,0.0,1.0670921355485916,1.0,6.0,2.0,1.0,7.0,3.0,6.0,13.0,5.0,2.0,0.0
11323,0.7835657899267972,0.009711295366287231,0.0,1.0670921355485916,1.0,6.0,2.0,1.0,7.0,3.0,6.0,13.0,5.0,2.0,3.0,0.6115142107009888,-1.4032269716262817,8.0,-1.7100741863250732,1.1393558979034424,-27.37110231170693,1.395080000627786,0.0,0.0,2.206448033452034,2.0,7.0,3.0,1.0,8.0,4.0,7.0,14.0,1.0,3.0,0.0
11324,1.395080000627786,0.0,0.0,2.206448033452034,2.0,7.0,3.0,1.0,8.0,4.0,7.0,14.0,1.0,3.0,4.0,0.09925980865955353,0.18643002212047577,8.0,-1.7324916124343872,1.0315017700195312,-21.15622792771054,1.4943398092873394,0.18643002212047577,0.0,3.2379498034715652,3.0,8.0,4.0,2.0,1.0,5.0,8.0,15.0,1.0,4.0,0.0
11325,1.4943398092873394,0.18643002212047577,0.0,3.2379498034715652,3.0,8.0,4.0,2.0,1.0,5.0,8.0,15.0,1.0,4.0,7.0,-0.23815345764160156,-1.6925464868545532,8.0,-1.6274185180664062,1.3228923082351685,-24.440732791003597,1.2561863516457379,0.0,0.0,4.560842111706734,4.0,9.0,5.0,3.0,2.0,6.0,9.0,1.0,1.0,5.0,0.0
11326,1.2561863516457379,0.0,0.0,4.560842111706734,4.0,9.0,5.0,3.0,2.0,6.0,9.0,1.0,1.0,5.0,6.0,-1.6015955209732056,0.9038050174713135,1.0,-1.9112839698791504,-0.9221724271774292,-26.03154191073065,0.0,0.9038050174713135,0.0,3.6386696845293045,5.0,1.0,6.0,4.0,3.0,7.0,1.0,2.0,2.0,6.0,0.0
11327,0.0,0.9038050174713135,0.0,3.6386696845293045,5.0,1.0,6.0,4.0,3.0,7.0,1.0,2.0,2.0,6.0,9.0,0.1426881104707718,-0.1929202377796173,3.0,-1.8258646726608276,-1.4036979675292969,-15.308349505368485,0.1426881104707718,0.7108847796916962,0.0,2.2349717170000076,6.0,2.0,7.0,1.0,4.0,8.0,2.0,3.0,3.0,1.0,0.0
11328,0.1426881104707718,0.7108847796916962,0.0,2.2349717170000076,6.0,2.0,7.0,1.0,4.0,8.0,2.0,3.0,3.0,1.0,0.0,1.2382616996765137,-0.417792946100235,3.0,-1.765872597694397,-1.0816261768341064,-15.593374506772879,1.3809498101472855,0.2930918335914612,0.0,1.1533455401659012,1.0,3.0,8.0,1.0,5.0,9.0,3.0,4.0,4.0,2.0,0.0
11329,1.3809498101472855,0.2930918335914612,0.0,1.1533455401659012,1.0,3.0,8.0,1.0,5.0,9.0,3.0,4.0,4.0,2.0,8.0,-0.7514304518699646,-1.7653659582138062,2.0,-0.9820334315299988,0.41902956366539,-27.02377979291639,0.6295193582773209,0.0,0.0,1.5723751038312912,2.0,4.0,1.0,2.0,6.0,10.0,4.0,5.0,1.0,3.0,0.0
11330,0.6295193582773209,0.0,0.0,1.5723751038312912,2.0,4.0,1.0,2.0,6.0,10.0,4.0,5.0,1.0,3.0,2.0,1.025813341140747,-0.8786432147026062,8.0,-1.371086597442627,-0.8551612496376038,-26.425615720089084,1.655332699418068,0.0,0.0,0.7172138541936874,3.0,5.0,1.0,3.0,7.0,11.0,5.0,6.0,1.0,4.0,0.0
11331,1.655332699418068,0.0,0.0,0.7172138541936874,3.0,5.0,1.0,3.0,7.0,11.0,5.0,6.0,1.0,4.0,3.0,-1.2530755996704102,0.8444763422012329,0.0,-0.37039053440093994,0.4466314911842346,-10.219734110722147,0.4022570997476578,0.8444763422012329,0.0,1.163845345377922,1.0,6.0,2.0,1.0,8.0,12.0,6.0,7.0,2.0,5.0,0.0
11332,0.4022570997476578,0.8444763422012329,0.0,1.163845345377922,1.0,6.0,2.0,1.0,8.0,12.0,6.0,7.0,2.0,5.0,4.0,-0.3160351812839508,-0.7107141613960266,0.0,0.15553274750709534,-1.0856497287750244,-12.13365956480456,0.08622191846370697,0.1337621808052063,0.15553274750709534,0.07819561660289764,1.0,7.0,3.0,2.0,1.0,13.0,7.0,8.0,3.0,6.0,0.0
11333,0.08622191846370697,0.1337621808052063,0.15553274750709534,0.07819561660289764,1.0,7.0,3.0,2.0,1.0,13.0,7.0,8.0,3.0,6.0,0.0,1.1423155069351196,-1.251236081123352,8.0,1.1861205101013184,0.8654905557632446,-15.738980201428241,1.2285374253988266,0.0,1.3416532576084137,0.9436861723661423,1.0,8.0,4.0,3.0,2.0,14.0,8.0,9.0,1.0,7.0,0.0
11334,1.2285374253988266,0.0,1.3416532576084137,0.9436861723661423,1.0,8.0,4.0,3.0,2.0,14.0,8.0,9.0,1.0,7.0,1.0,0.8149940967559814,-1.552994728088379,4.0,-0.9103524088859558,0.931102454662323,-20.637601243581294,2.043531522154808,0.0,0.4313008487224579,1.8747886270284653,2.0,1.0,5.0,4.0,1.0,15.0,9.0,10.0,2.0,8.0,0.0
11335,2.043531522154808,0.0,0.4313008487224579,1.8747886270284653,2.0,1.0,5.0,4.0,1.0,15.0,9.0,10.0,2.0,8.0,5.0,1.690176010131836,-0.29672420024871826,0.0,0.10223351418972015,1.4834717512130737,-11.075815941398124,3.733707532286644,0.0,0.533534362912178,3.358260378241539,1.0,2.0,6.0,5.0,2.0,1.0,10.0,11.0,3.0,9.0,0.0
11336,3.733707532286644,0.0,0.533534362912178,3.358260378241539,1.0,2.0,6.0,5.0,2.0,1.0,10.0,11.0,3.0,9.0,9.0,-1.4558805227279663,-1.0466135740280151,7.0,-1.7620338201522827,-0.8425474166870117,-19.684313019352317,2.2778270095586777,0.0,0.0,2.5157129615545273,2.0,3.0,7.0,6.0,3.0,2.0,11.0,1.0,4.0,1.0,0.0
11337,2.2778270095586777,0.0,0.0,2.5157129615545273,2.0,3.0,7.0,6.0,3.0,2.0,11.0,1.0,4.0,1.0,4.0,-1.560977816581726,-0.6581481099128723,8.0,-1.9539746046066284,-0.32375189661979675,-26.44256051863894,0.7168491929769516,0.0,0.0,2.1919610649347305,3.0,4.0,8.0,7.0,1.0,3.0,12.0,2.0,1.0,2.0,0.0
11338,0.7168491929769516,0.0,0.0,2.1919610649347305,3.0,4.0,8.0,7.0,1.0,3.0,12.0,2.0,1.0,2.0,8.0,-0.5952607989311218,0.25367510318756104,6.0,-0.24030618369579315,-0.5912880897521973,-17.614094375161045,0.12158839404582977,0.25367510318756104,0.0,1.6006729751825333,4.0,5.0,9.0,8.0,2.0,4.0,1.0,3.0,1.0,3.0,0.0
11339,0.12158839404582977,0.25367510318756104,0.0,1.6006729751825333,4.0,5.0,9.0,8.0,2.0,4.0,1.0,3.0,1.0,3.0,9.0,1.5618088245391846,-0.8943353891372681,2.0,-1.2810043096542358,0.08520491421222687,-19.775469855970172,1.6833972185850143,0.0,0.0,1.6858778893947601,5.0,6.0,1.0,9.0,3.0,5.0,2.0,4.0,2.0,1.0,0.0
11340,1.6833972185850143,0.0,0.0,1.6858778893947601,5.0,6.0,1.0,9.0,3.0,5.0,2.0,4.0,2.0,1.0,3.0,1.5210297107696533,1.3595644235610962,3.0,-1.7131297588348389,-0.09157484769821167,-16.987730289478712,3.2044269293546677,1.3595644235610962,0.0,1.5943030416965485,6.0,7.0,2.0,1.0,4.0,6.0,3.0,5.0,3.0,2.0,0.0
11341,3.2044269293546677,1.3595644235610962,0.0,1.5943030416965485,6.0,7.0,2.0,1.0,4.0,6.0,3.0,5.0,3.0,2.0,0.0,-1.8903313875198364,-0.948233962059021,8.0,-1.3085100650787354,-1.2123608589172363,-16.17635255328803,1.3140955418348312,0.4113304615020752,0.0,0.38194218277931213,1.0,8.0,3.0,2.0,5.0,7.0,4.0,6.0,1.0,3.0,0.0
11342,1.3140955418348312,0.4113304615020752,0.0,0.38194218277931213,1.0,8.0,3.0,2.0,5.0,7.0,4.0,6.0,1.0,3.0,3.0,-0.32782283425331116,-0.08060217648744583,1.0,-0.5240447521209717,-1.1135836839675903,-15.886316751436379,0.9862727075815201,0.33072828501462936,0.0,0.0,2.0,1.0,4.0,1.0,6.0,8.0,5.0,7.0,2.0,4.0,0.0
11343,0.9862727075815201,0.33072828501462936,0.0,0.0,2.0,1.0,4.0,1.0,6.0,8.0,5.0,7.0,2.0,4.0,2.0,0.9317026138305664,-1.0112504959106445,8.0,-1.0154879093170166,1.1782046556472778,-22.79695420722296,1.9179753214120865,0.0,0.0,1.1782046556472778,3.0,2.0,1.0,2.0,7.0,9.0,6.0,8.0,1.0,5.0,0.0
11344,1.9179753214120865,0.0,0.0,1.1782046556472778,3.0,2.0,1.0,2.0,7.0,9.0,6.0,8.0,1.0,5.0,2.0,-0.7624003291130066,0.176923006772995,8.0,-1.0881789922714233,-0.43232542276382446,-21.392888899638034,1.15557499229908,0.176923006772995,0.0,0.7458792328834534,4.0,3.0,1.0,3.0,8.0,10.0,7.0,9.0,1.0,6.0,0.0
11345,1.15557499229908,0.176923006772995,0.0,0.7458792328834534,4.0,3.0,1.0,3.0,8.0,10.0,7.0,9.0,1.0,6.0,0.0,-0.707882285118103,0.086586594581604,8.0,-1.1419764757156372,-0.6897172331809998,-17.72256003139166,0.44769270718097687,0.263509601354599,0.0,0.05616199970245361,1.0,4.0,2.0,4.0,9.0,11.0,8.0,10.0,1.0,7.0,0.0
11346,0.44769270718097687,0.263509601354599,0.0,0.05616199970245361,1.0,4.0,2.0,4.0,9.0,11.0,8.0,10.0,1.0,7.0,9.0,0.10960357636213303,-0.46617963910102844,8.0,0.38865676522254944,0.14286477863788605,-13.200158533366373,0.5572962835431099,0.0,0.38865676522254944,0.19902677834033966,2.0,5.0,3.0,5.0,10.0,12.0,9.0,11.0,1.0,1.0,0.0
11347,0.5572962835431099,0.0,0.38865676522254944,0.19902677834033966,2.0,5.0,3.0,5.0,10.0,12.0,9.0,11.0,1.0,1.0,3.0,1.8012498617172241,-1.1172245740890503,5.0,-0.358240008354187,0.6320559978485107,-21.264848174355112,2.358546145260334,0.0,0.030416756868362427,0.8310827761888504,3.0,6.0,4.0,1.0,11.0,1.0,10.0,12.0,2.0,2.0,0.0
11348,2.358546145260334,0.0,0.030416756868362427,0.8310827761888504,3.0,6.0,4.0,1.0,11.0,1.0,10.0,12.0,2.0,2.0,4.0,0.4191364049911499,-0.004477553069591522,8.0,-1.1794483661651611,0.6113281846046448,-18.572132509300793,2.777682550251484,0.0,0.0,1.4424109607934952,4.0,7.0,5.0,2.0,1.0,2.0,11.0,13.0,1.0,3.0,0.0
11349,2.777682550251484,0.0,0.0,1.4424109607934952,4.0,7.0,5.0,2.0,1.0,2.0,11.0,13.0,1.0,3.0,4.0,-1.4705402851104736,-0.17920830845832825,6.0,-1.6244436502456665,-1.3454457521438599,-25.840574097310856,1.3071422651410103,0.0,0.0,0.09696520864963531,5.0,8.0,6.0,3.0,1.0,3.0,1.0,14.0,2.0,4.0,0.0
11350,1.3071422651410103,0.0,0.0,0.09696520864963531,5.0,8.0,6.0,3.0,1.0,3.0,1.0,14.0,2.0,4.0,4.0,-1.234167218208313,0.18584813177585602,8.0,-1.1675364971160889,0.2369038462638855,-22.68367225599052,0.0729750469326973,0.18584813177585602,0.0,0.3338690549135208,6.0,9.0,7.0,4.0,1.0,4.0,2.0,15.0,1.0,5.0,0.0
11351,0.0729750469326973,0.18584813177585602,0.0,0.3338690549135208,6.0,9.0,7.0,4.0,1.0,4.0,2.0,15.0,1.0,5.0,0.0,1.3244472742080688,-0.2901572287082672,2.0,-0.8479739427566528,0.8268511891365051,-16.30673705303476,1.3974223211407661,0.0,0.0,1.160720244050026,1.0,10.0,1.0,5.0,2.0,5.0,3.0,16.0,2.0,6.0,0.0
11352,1.3974223211407661,0.0,0.0,1.160720244050026,1.0,10.0,1.0,5.0,2.0,5.0,3.0,16.0,2.0,6.0,3.0,-0.3325764536857605,-0.09582008421421051,1.0,-0.9007540345191956,1.406354308128357,-16.810420152277914,1.0648458674550056,0.0,0.0,2.567074552178383,2.0,1.0,2.0,1.0,3.0,6.0,4.0,17.0,3.0,7.0,0.0
11353,1.0648458674550056,0.0,0.0,2.567074552178383,2.0,1.0,2.0,1.0,3.0,6.0,4.0,17.0,3.0,7.0,7.0,0.07582994550466537,0.25393372774124146,8.0,-1.3411880731582642,0.26252496242523193,-15.66054024296642,1.140675812959671,0.25393372774124146,0.0,2.829599514603615,3.0,2.0,3.0,2.0,4.0,7.0,5.0,1.0,1.0,8.0,0.0
11354,1.140675812959671,0.25393372774124146,0.0,2.829599514603615,3.0,2.0,3.0,2.0,4.0,7.0,5.0,1.0,1.0,8.0,9.0,-0.6256989240646362,-0.16253802180290222,8.0,-1.2070742845535278,-1.3571463823318481,-14.907071735130568,0.5149768888950348,0.09139570593833923,0.0,1.4724531322717667,4.0,3.0,4.0,3.0,5.0,8.0,6.0,2.0,1.0,1.0,0.0
11355,0.5149768888950348,0.09139570593833923,0.0,1.4724531322717667,4.0,3.0,4.0,3.0,5.0,8.0,6.0,2.0,1.0,1.0,9.0,-0.2980307936668396,-0.22489313781261444,0.0,-1.3121806383132935,-0.9321264028549194,-13.453721714611174,0.2169460952281952,0.0,0.0,0.5403267294168472,1.0,4.0,5.0,4.0,6.0,9.0,7.0,3.0,2.0,1.0,0.0
11356,0.2169460952281952,0.0,0.0,0.5403267294168472,1.0,4.0,5.0,4.0,6.0,9.0,7.0,3.0,2.0,1.0,0.0,-0.16165581345558167,0.12770183384418488,8.0,-0.972131073474884,-0.33382388949394226,-16.096250793801453,0.055290281772613525,0.12770183384418488,0.0,0.20650283992290497,1.0,5.0,6.0,5.0,7.0,10.0,8.0,4.0,1.0,2.0,0.0
11357,0.055290281772613525,0.12770183384418488,0.0,0.20650283992290497,1.0,5.0,6.0,5.0,7.0,10.0,8.0,4.0,1.0,2.0,4.0,0.9778717160224915,-0.6930603384971619,9.0,-0.5084266066551208,-0.03166985884308815,-16.80542164498606,1.033161997795105,0.0,0.0,0.17483298107981682,2.0,6.0,7.0,6.0,1.0,11.0,9.0,5.0,2.0,1.0,0.0
11358,1.033161997795105,0.0,0.0,0.17483298107981682,2.0,6.0,7.0,6.0,1.0,11.0,9.0,5.0,2.0,1.0,1.0,0.8091399669647217,0.2678862512111664,0.0,-0.7679707407951355,1.2617239952087402,-12.340439655607712,1.8423019647598267,0.2678862512111664,0.0,1.436556976288557,1.0,1.0,8.0,7.0,2.0,12.0,10.0,6.0,3.0,2.0,0.0
11359,1.8423019647598267,0.2678862512111664,0.0,1.436556976288557,1.0,1.0,8.0,7.0,2.0,12.0,10.0,6.0,3.0,2.0,2.0,0.49005886912345886,-1.5507375001907349,3.0,-1.804309368133545,0.9027949571609497,-26.853519248395198,2.3323608338832855,0.0,0.0,2.3393519334495068,2.0,2.0,1.0,1.0,3.0,13.0,11.0,7.0,4.0,3.0,0.0
11360,2.3323608338832855,0.0,0.0,2.3393519334495068,2.0,2.0,1.0,1.0,3.0,13.0,11.0,7.0,4.0,3.0,5.0,-0.784622311592102,0.31626713275909424,8.0,-1.8283960819244385,-1.4892313480377197,-23.410125092359177,1.5477385222911835,0.31626713275909424,0.0,0.850120585411787,3.0,3.0,2.0,2.0,4.0,1.0,12.0,8.0,1.0,4.0,0.0
11361,1.5477385222911835,0.31626713275909424,0.0,0.850120585411787,3.0,3.0,2.0,2.0,4.0,1.0,12.0,8.0,1.0,4.0,4.0,-1.4369516372680664,-0.11164716631174088,6.0,-1.0042896270751953,-0.5411273241043091,-21.62152949429464,0.11078688502311707,0.20461996644735336,0.0,0.30899326130747795,4.0,4.0,3.0,3.0,1.0,2.0,1.0,9.0,2.0,5.0,0.0
11362,0.11078688502311707,0.20461996644735336,0.0,0.30899326130747795,4.0,4.0,3.0,3.0,1.0,2.0,1.0,9.0,2.0,5.0,9.0,0.22863295674324036,-0.414933979511261,8.0,-1.1068099737167358,0.4764578640460968,-16.233998607691277,0.3394198417663574,0.0,0.0,0.7854511253535748,5.0,5.0,4.0,4.0,2.0,3.0,2.0,10.0,1.0,1.0,0.0
11363,0.3394198417663574,0.0,0.0,0.7854511253535748,5.0,5.0,4.0,4.0,2.0,3.0,2.0,10.0,1.0,1.0,7.0,-1.0747878551483154,-0.6118695139884949,0.0,-0.4498266279697418,-0.03257877379655838,-14.479943341449193,0.0,0.0,0.0,0.7528723515570164,1.0,6.0,5.0,5.0,3.0,4.0,3.0,1.0,2.0,2.0,0.0
11364,0.0,0.0,0.0,0.7528723515570164,1.0,6.0,5.0,5.0,3.0,4.0,3.0,1.0,2.0,2.0,8.0,-0.33907678723335266,-0.57347172498703,8.0,-0.8620416522026062,-0.7353430986404419,-22.974681047364967,0.0,0.0,0.0,0.017529252916574478,2.0,7.0,6.0,6.0,4.0,5.0,4.0,2.0,1.0,3.0,0.0
11365,0.0,0.0,0.0,0.017529252916574478,2.0,7.0,6.0,6.0,4.0,5.0,4.0,2.0,1.0,3.0,9.0,0.7026718258857727,0.2273612916469574,1.0,0.2387293130159378,-0.1857963353395462,-9.869744295942265,0.7026718258857727,0.2273612916469574,0.2387293130159378,0.0,3.0,1.0,7.0,7.0,5.0,6.0,5.0,3.0,2.0,1.0,0.0
11366,0.7026718258857727,0.2273612916469574,0.2387293130159378,0.0,3.0,1.0,7.0,7.0,5.0,6.0,5.0,3.0,2.0,1.0,3.0,0.6564679145812988,-0.38303911685943604,0.0,-0.2355525940656662,-0.511303186416626,-11.644674720799914,1.3591397404670715,0.0,0.0031767189502716064,0.0,1.0,2.0,8.0,1.0,6.0,7.0,6.0,4.0,3.0,2.0,0.0
11367,1.3591397404670715,0.0,0.0031767189502716064,0.0,1.0,2.0,8.0,1.0,6.0,7.0,6.0,4.0,3.0,2.0,0.0,-0.1479741483926773,-0.781448245048523,8.0,-1.4555743932724,-0.23350711166858673,-22.039229693122515,1.2111655920743942,0.0,0.0,0.0,1.0,3.0,9.0,2.0,7.0,8.0,7.0,5.0,1.0,3.0,0.0
11368,1.2111655920743942,0.0,0.0,0.0,1.0,3.0,9.0,2.0,7.0,8.0,7.0,5.0,1.0,3.0,4.0,0.08291427791118622,-1.7693054676055908,2.0,0.5046003460884094,-0.6518263220787048,-27.766174227865186,1.2940798699855804,0.0,0.5046003460884094,0.0,2.0,4.0,1.0,3.0,1.0,9.0,8.0,6.0,2.0,4.0,0.0
11369,1.2940798699855804,0.0,0.5046003460884094,0.0,2.0,4.0,1.0,3.0,1.0,9.0,8.0,6.0,2.0,4.0,0.0,0.04027799516916275,-0.4700385630130768,8.0,-1.3065147399902344,1.5272424221038818,-15.50887503701528,1.3343578651547432,0.0,0.0,1.5272424221038818,1.0,5.0,2.0,4.0,2.0,10.0,9.0,7.0,1.0,5.0,0.0
11370,1.3343578651547432,0.0,0.0,1.5272424221038818,1.0,5.0,2.0,4.0,2.0,10.0,9.0,7.0,1.0,5.0,8.0,-0.7424563765525818,-0.10587996244430542,9.0,-1.4717832803726196,-0.09983288496732712,-18.97889987169892,0.5919014886021614,0.0,0.0,1.4274095371365547,2.0,6.0,3.0,5.0,3.0,11.0,10.0,8.0,1.0,1.0,0.0
11371,0.5919014886021614,0.0,0.0,1.4274095371365547,2.0,6.0,3.0,5.0,3.0,11.0,10.0,8.0,1.0,1.0,1.0,-1.2077741622924805,0.1839970052242279,9.0,0.9551865458488464,-0.5985283255577087,-13.297829202137933,0.0,0.1839970052242279,0.9551865458488464,0.828881211578846,3.0,1.0,4.0,6.0,4.0,12.0,11.0,9.0,2.0,1.0,0.0
11372,0.0,0.1839970052242279,0.9551865458488464,0.828881211578846,3.0,1.0,4.0,6.0,4.0,12.0,11.0,9.0,2.0,1.0,0.0,1.8458564281463623,-0.6424691081047058,3.0,-1.0412204265594482,0.17892567813396454,-10.970362940203527,1.8458564281463623,0.0,0.0,1.0078068897128105,1.0,2.0,5.0,1.0,5.0,13.0,12.0,10.0,3.0,2.0,0.0
11373,1.8458564281463623,0.0,0.0,1.0078068897128105,1.0,2.0,5.0,1.0,5.0,13.0,12.0,10.0,3.0,2.0,0.0,1.035313367843628,-0.3603571057319641,6.0,-1.3026121854782104,0.041535187512636185,-20.739879488543544,2.8811697959899902,0.0,0.0,1.0493420772254467,1.0,3.0,6.0,2.0,6.0,14.0,1.0,11.0,4.0,3.0,0.0
11374,2.8811697959899902,0.0,0.0,1.0493420772254467,1.0,3.0,6.0,2.0,6.0,14.0,1.0,11.0,4.0,3.0,0.0,1.4364831447601318,-1.114103078842163,8.0,-1.2390055656433105,0.4647718071937561,-21.846363966652575,4.317652940750122,0.0,0.0,1.5141138844192028,1.0,4.0,7.0,3.0,7.0,15.0,2.0,12.0,1.0,4.0,0.0
11375,4.317652940750122,0.0,0.0,1.5141138844192028,1.0,4.0,7.0,3.0,7.0,15.0,2.0,12.0,1.0,4.0,0.0,1.3287146091461182,-1.6291393041610718,0.0,-1.6727255582809448,-0.8692943453788757,-24.635630411531288,5.64636754989624,0.0,0.0,0.6448195390403271,1.0,5.0,8.0,4.0,8.0,16.0,3.0,13.0,2.0,5.0,0.0
11376,5.64636754989624,0.0,0.0,0.6448195390403271,1.0,5.0,8.0,4.0,8.0,16.0,3.0,13.0,2.0,5.0,0.0,-0.8269028067588806,-1.4187099933624268,8.0,-1.518066167831421,1.0930763483047485,-26.282958727105328,4.81946474313736,0.0,0.0,1.7378958873450756,1.0,6.0,9.0,5.0,9.0,17.0,4.0,14.0,1.0,6.0,0.0
11377,4.81946474313736,0.0,0.0,1.7378958873450756,1.0,6.0,9.0,5.0,9.0,17.0,4.0,14.0,1.0,6.0,9.0,0.8904305100440979,-1.6591264009475708,5.0,-1.3828922510147095,-0.22118403017520905,-29.300814356045684,5.7098952531814575,0.0,0.0,1.5167118571698666,2.0,7.0,10.0,6.0,10.0,1.0,5.0,15.0,2.0,1.0,0.0
11378,5.7098952531814575,0.0,0.0,1.5167118571698666,2.0,7.0,10.0,6.0,10.0,1.0,5.0,15.0,2.0,1.0,4.0,-1.5376232862472534,0.09033612906932831,2.0,-1.4805598258972168,0.40042147040367126,-20.460767406271994,4.172271966934204,0.09033612906932831,0.0,1.9171333275735378,3.0,8.0,1.0,7.0,1.0,2.0,6.0,16.0,3.0,2.0,0.0
11379,4.172271966934204,0.09033612906932831,0.0,1.9171333275735378,3.0,8.0,1.0,7.0,1.0,2.0,6.0,16.0,3.0,2.0,7.0,-0.2762669324874878,0.6150198578834534,0.0,-1.5114234685897827,-0.039313334971666336,-12.952919686643149,3.8960050344467163,0.7053559869527817,0.0,1.8778199926018715,1.0,9.0,2.0,8.0,2.0,3.0,7.0,1.0,4.0,3.0,0.0
11380,3.8960050344467163,0.7053559869527817,0.0,1.8778199926018715,1.0,9.0,2.0,8.0,2.0,3.0,7.0,1.0,4.0,3.0,8.0,-1.5993658304214478,-0.8061641454696655,1.0,-1.3200011253356934,-1.6466788053512573,-19.739731188555588,2.2966392040252686,0.0,0.0,0.23114118725061417,2.0,1.0,3.0,9.0,3.0,4.0,8.0,2.0,1.0,4.0,0.0
11381,2.2966392040252686,0.0,0.0,0.23114118725061417,2.0,1.0,3.0,9.0,3.0,4.0,8.0,2.0,1.0,4.0,3.0,-0.8939579129219055,0.32087206840515137,3.0,-0.8290351629257202,0.06082044541835785,-14.136148195157865,1.402681291103363,0.32087206840515137,0.0,0.291961632668972,3.0,2.0,4.0,1.0,4.0,5.0,9.0,3.0,2.0,5.0,0.0
11382,1.402681291103363,0.32087206840515137,0.0,0.291961632668972,3.0,2.0,4.0,1.0,4.0,5.0,9.0,3.0,2.0,5.0,8.0,0.2474270761013031,-1.182803750038147,6.0,-1.6783983707427979,-0.07367724925279617,-28.38571318618864,1.6501083672046661,0.0,0.0,0.21828438341617584,4.0,3.0,5.0,2.0,5.0,6.0,1.0,4.0,1.0,6.0,0.0
11383,1.6501083672046661,0.0,0.0,0.21828438341617584,4.0,3.0,5.0,2.0,5.0,6.0,1.0,4.0,1.0,6.0,9.0,-0.5455837845802307,-0.45230406522750854,9.0,-1.3703688383102417,-0.20811854302883148,-15.393940163231433,1.1045245826244354,0.0,0.0,0.01016584038734436,5.0,4.0,6.0,3.0,6.0,7.0,2.0,5.0,2.0,1.0,0.0
11384,1.1045245826244354,0.0,0.0,0.01016584038734436,5.0,4.0,6.0,3.0,6.0,7.0,2.0,5.0,2.0,1.0,0.0,-0.001199304941110313,-1.1820036172866821,0.0,-0.5401430130004883,1.1134061813354492,-14.527386310881482,1.1033252776833251,0.0,0.0,1.1235720217227936,1.0,5.0,7.0,4.0,7.0,8.0,3.0,6.0,3.0,2.0,0.0
11385,1.1033252776833251,0.0,0.0,1.1235720217227936,1.0,5.0,7.0,4.0,7.0,8.0,3.0,6.0,3.0,2.0,8.0,0.827644407749176,-1.5991876125335693,8.0,-0.9364624619483948,-0.15486060082912445,-27.370368185737533,1.9309696854325011,0.0,0.0,0.9687114208936691,2.0,6.0,8.0,5.0,8.0,9.0,4.0,7.0,1.0,3.0,0.0
11386,1.9309696854325011,0.0,0.0,0.9687114208936691,2.0,6.0,8.0,5.0,8.0,9.0,4.0,7.0,1.0,3.0,8.0,0.46726685762405396,-0.6198749542236328,7.0,-1.27039635181427,0.37059885263442993,-22.947866796802902,2.398236543056555,0.0,0.0,1.339310273528099,3.0,7.0,9.0,6.0,9.0,10.0,5.0,1.0,1.0,4.0,0.0
11387,2.398236543056555,0.0,0.0,1.339310273528099,3.0,7.0,9.0,6.0,9.0,10.0,5.0,1.0,1.0,4.0,4.0,-0.5651621222496033,-0.012377819046378136,4.0,-0.8821395635604858,-1.033158302307129,-20.720796662931676,1.8330744208069518,0.0,0.0,0.30615197122097015,4.0,8.0,10.0,7.0,1.0,11.0,6.0,2.0,2.0,5.0,0.0
11388,1.8330744208069518,0.0,0.0,0.30615197122097015,4.0,8.0,10.0,7.0,1.0,11.0,6.0,2.0,2.0,5.0,8.0,-0.6513855457305908,-0.3143087327480316,1.0,-1.5053069591522217,-0.3945317268371582,-24.122862719135263,1.181688875076361,0.0,0.0,0.0,5.0,1.0,11.0,8.0,2.0,12.0,7.0,3.0,1.0,6.0,0.0
11389,1.181688875076361,0.0,0.0,0.0,5.0,1.0,11.0,8.0,2.0,12.0,7.0,3.0,1.0,6.0,9.0,0.32193589210510254,-1.4244358539581299,3.0,-0.32651373744010925,1.2158048152923584,-17.12569783947747,1.5036247671814635,0.0,0.0,1.2158048152923584,6.0,2.0,12.0,1.0,3.0,13.0,8.0,4.0,2.0,1.0,0.0
11390,1.5036247671814635,0.0,0.0,1.2158048152923584,6.0,2.0,12.0,1.0,3.0,13.0,8.0,4.0,2.0,1.0,0.0,1.0450522899627686,-1.521852970123291,9.0,-0.6921448111534119,-0.878652036190033,-17.949058604729274,2.548677057144232,0.0,0.0,0.33715277910232544,1.0,3.0,13.0,2.0,4.0,14.0,9.0,5.0,3.0,1.0,0.0
11391,2.548677057144232,0.0,0.0,0.33715277910232544,1.0,3.0,13.0,2.0,4.0,14.0,9.0,5.0,3.0,1.0,0.0,0.7365595698356628,-1.8715369701385498,8.0,-1.2555617094039917,-0.5229253768920898,-27.738893931445823,3.285236626979895,0.0,0.0,0.0,1.0,4.0,14.0,3.0,5.0,15.0,10.0,6.0,1.0,2.0,0.0
11392,3.285236626979895,0.0,0.0,0.0,1.0,4.0,14.0,3.0,5.0,15.0,10.0,6.0,1.0,2.0,4.0,1.1818861961364746,-1.3590246438980103,5.0,0.5420773029327393,-0.03551336005330086,-21.723523035504947,4.4671228231163695,0.0,0.5420773029327393,0.0,2.0,5.0,15.0,4.0,1.0,1.0,11.0,7.0,2.0,3.0,0.0
11393,4.4671228231163695,0.0,0.5420773029327393,0.0,2.0,5.0,15.0,4.0,1.0,1.0,11.0,7.0,2.0,3.0,4.0,-1.4343270063400269,-1.4802279472351074,2.0,-1.3547756671905518,-1.1594502925872803,-29.69165239643992,3.0327958167763427,0.0,0.0,0.0,3.0,6.0,1.0,5.0,1.0,2.0,12.0,8.0,3.0,4.0,0.0
11394,3.0327958167763427,0.0,0.0,0.0,3.0,6.0,1.0,5.0,1.0,2.0,12.0,8.0,3.0,4.0,9.0,0.07603959739208221,0.3438423275947571,6.0,-1.5011640787124634,0.6234652996063232,-19.141686914081134,3.108835414168425,0.3438423275947571,0.0,0.6234652996063232,4.0,7.0,2.0,6.0,2.0,3.0,1.0,9.0,4.0,1.0,0.0
11395,3.108835414168425,0.3438423275947571,0.0,0.6234652996063232,4.0,7.0,2.0,6.0,2.0,3.0,1.0,9.0,4.0,1.0,3.0,-0.9336261749267578,-0.8725787401199341,0.0,-1.2470414638519287,-0.017036443576216698,-17.074682308148965,2.175209239241667,0.0,0.0,0.6064288560301065,1.0,8.0,3.0,1.0,3.0,4.0,2.0,10.0,5.0,2.0,0.0
11396,2.175209239241667,0.0,0.0,0.6064288560301065,1.0,8.0,3.0,1.0,3.0,4.0,2.0,10.0,5.0,2.0,4.0,-1.4505800008773804,-1.3733649253845215,8.0,-1.1326156854629517,0.9305866360664368,-26.27577262716953,0.7246292383642867,0.0,0.0,1.5370154920965433,2.0,9.0,4.0,2.0,1.0,5.0,3.0,11.0,1.0,3.0,0.0
11397,0.7246292383642867,0.0,0.0,1.5370154920965433,2.0,9.0,4.0,2.0,1.0,5.0,3.0,11.0,1.0,3.0,1.0,-1.232613205909729,0.30152392387390137,5.0,-1.509321928024292,-1.1762639284133911,-25.380988518964124,0.0,0.30152392387390137,0.0,0.3607515636831522,3.0,1.0,5.0,3.0,2.0,1.0,4.0,12.0,2.0,4.0,0.0
11398,0.0,0.30152392387390137,0.0,0.3607515636831522,3.0,1.0,5.0,3.0,2.0,1.0,4.0,12.0,2.0,4.0,0.0,-1.456353783607483,1.2706795930862427,2.0,-0.06616971641778946,0.8980719447135925,-18.194382366435306,0.0,1.572203516960144,0.0,1.2588235083967447,1.0,2.0,1.0,4.0,3.0,2.0,5.0,13.0,3.0,5.0,0.0
11399,0.0,1.572203516960144,0.0,1.2588235083967447,1.0,2.0,1.0,4.0,3.0,2.0,5.0,13.0,3.0,5.0,3.0,-0.473299503326416,-0.2718636989593506,6.0,-0.6197376251220703,0.6394322514533997,-18.84991867216626,0.0,1.3003398180007935,0.0,1.8982557598501444,2.0,3.0,2.0,1.0,4.0,3.0,1.0,14.0,4.0,6.0,1.0
11400,7.853689670562744,6.19992208480835,6.152216911315918,7.012081146240234,1.0,1.0,1.0,1.0,1.0,1.0,1.0,1.0,1.0,1.0,4.0,-1.9633902311325073,-1.8011705875396729,4.0,-1.935949683189392,-1.9486393928527832,-3.119816010816009,5.890299439430237,4.398751497268677,4.216267228126526,5.063441753387451,2.0,2.0,2.0,2.0,1.0,2.0,2.0,2.0,2.0,2.0,0.0
11401,5.890299439430237,4.398751497268677,4.216267228126526,5.063441753387451,2.0,2.0,2.0,2.0,1.0,2.0,2.0,2.0,2.0,2.0,8.0,-0.9375067353248596,-1.5152055025100708,8.0,-1.9812167882919312,-1.655478596687317,-6.116143734717693,4.952792704105377,2.883545994758606,2.2350504398345947,3.4079631567001343,3.0,3.0,3.0,3.0,2.0,3.0,3.0,3.0,1.0,3.0,0.0
11402,4.952792704105377,2.883545994758606,2.2350504398345947,3.4079631567001343,3.0,3.0,3.0,3.0,2.0,3.0,3.0,3.0,1.0,3.0,8.0,-1.7915709018707275,-0.34994155168533325,0.0,-1.600191593170166,-1.5006948709487915,-5.86745052141335,3.1612218022346497,2.5336044430732727,0.6348588466644287,1.9072682857513428,1.0,4.0,4.0,4.0,3.0,4.0,4.0,4.0,1.0,4.0,0.0
11403,3.1612218022346497,2.5336044430732727,0.6348588466644287,1.9072682857513428,1.0,4.0,4.0,4.0,3.0,4.0,4.0,4.0,1.0,4.0,9.0,-0.2047395408153534,-0.7363039255142212,2.0,-1.1501597166061401,-0.299608439207077,-11.887624418082012,2.9564822614192963,1.7973005175590515,0.0,1.6076598465442657,2.0,5.0,1.0,5.0,4.0,5.0,5.0,5.0,2.0,1.0,0.0
11404,2.9564822614192963,1.7973005175590515,0.0,1.6076598465442657,2.0,5.0,1.0,5.0,4.0,5.0,5.0,5.0,2.0,1.0,4.0,-0.5818565487861633,-1.7130223512649536,9.0,-0.9949779510498047,-0.8724509477615356,-13.920402018718889,2.374625712633133,0.0842781662940979,0.0,0.7352088987827301,3.0,6.0,2.0,6.0,1.0,6.0,6.0,6.0,3.0,1.0,0.0
11405,2.374625712633133,0.0842781662940979,0.0,0.7352088987827301,3.0,6.0,2.0,6.0,1.0,6.0,6.0,6.0,3.0,1.0,8.0,-1.3355385065078735,-0.806010365486145,0.0,-1.3540288209915161,0.5363651514053345,-20.674166782447408,1.0390872061252594,0.0,0.0,1.2715740501880646,1.0,7.0,3.0,7.0,2.0,7.0,7.0,7.0,1.0,2.0,0.0
11406,1.0390872061252594,0.0,0.0,1.2715740501880646,1.0,7.0,3.0,7.0,2.0,7.0,7.0,7.0,1.0,2.0,1.0,1.0577081441879272,-0.37172773480415344,0.0,-0.27665677666664124,0.31454288959503174,-11.042582034566141,2.0967953503131866,0.0,0.0,1.5861169397830963,1.0,1.0,4.0,8.0,3.0,8.0,8.0,8.0,2.0,3.0,0.0
11407,2.0967953503131866,0.0,0.0,1.5861169397830963,1.0,1.0,4.0,8.0,3.0,8.0,8.0,8.0,2.0,3.0,9.0,0.7683611512184143,0.9267287254333496,3.0,-1.8469853401184082,-0.9400662779808044,-16.966716683054344,2.865156501531601,0.9267287254333496,0.0,0.6460506618022919,2.0,2.0,5.0,1.0,4.0,9.0,9.0,9.0,3.0,1.0,0.0
11408,2.865156501531601,0.9267287254333496,0.0,0.6460506618022919,2.0,2.0,5.0,1.0,4.0,9.0,9.0,9.0,3.0,1.0,0.0,-0.39656275510787964,-1.1085772514343262,0.0,-1.6878175735473633,0.7147154808044434,-15.698593344929005,2.4685937464237213,0.0,0.0,1.3607661426067352,1.0,3.0,6.0,2.0,5.0,10.0,10.0,10.0,4.0,2.0,0.0
11409,2.4685937464237213,0.0,0.0,1.3607661426067352,1.0,3.0,6.0,2.0,5.0,10.0,10.0,10.0,4.0,2.0,4.0,-0.22945359349250793,-1.2108792066574097,9.0,-0.09885605424642563,0.8836790323257446,-16.914733284893394,2.2391401529312134,0.0,0.0,2.24444517493248,2.0,4.0,7.0,3.0,1.0,11.0,11.0,11.0,5.0,1.0,0.0
11410,2.2391401529312134,0.0,0.0,2.24444517493248,2.0,4.0,7.0,3.0,1.0,11.0,11.0,11.0,5.0,1.0,0.0,-1.2827978134155273,-1.593483328819275,8.0,-1.6512808799743652,-0.9508504271507263,-27.00213626003963,0.956342339515686,0.0,0.0,1.2935947477817535,1.0,5.0,8.0,4.0,2.0,12.0,12.0,12.0,1.0,2.0,0.0
11411,0.956342339515686,0.0,0.0,1.2935947477817535,1.0,5.0,8.0,4.0,2.0,12.0,12.0,12.0,1.0,2.0,5.0,0.8134220838546753,-0.6897290945053101,2.0,-0.8202256560325623,-0.12854520976543427,-23.965709383021313,1.7697644233703613,0.0,0.0,1.1650495380163193,2.0,6.0,1.0,5.0,3.0,1.0,13.0,13.0,2.0,3.0,0.0
11412,1.7697644233703613,0.0,0.0,1.1650495380163193,2.0,6.0,1.0,5.0,3.0,1.0,13.0,13.0,2.0,3.0,4.0,-1.2430588006973267,-0.5263506770133972,5.0,-0.9827170372009277,1.597202181816101,-24.89387583853622,0.5267056226730347,0.0,0.0,2.7622517198324203,3.0,7.0,2.0,6.0,1.0,1.0,14.0,14.0,3.0,4.0,0.0
11413,0.5267056226730347,0.0,0.0,2.7622517198324203,3.0,7.0,2.0,6.0,1.0,1.0,14.0,14.0,3.0,4.0,4.0,-0.6098848581314087,-0.7075820565223694,7.0,-0.5880503058433533,1.6785184144973755,-22.14628778918196,0.0,0.0,0.0,4.440770134329796,4.0,8.0,3.0,7.0,1.0,2.0,15.0,1.0,4.0,5.0,0.0
11414,0.0,0.0,0.0,4.440770134329796,4.0,8.0,3.0,7.0,1.0,2.0,15.0,1.0,4.0,5.0,3.0,0.27295058965682983,0.29697754979133606,6.0,-1.6311396360397339,1.1211315393447876,-23.740893411542643,0.27295058965682983,0.29697754979133606,0.0,5.561901673674583,5.0,9.0,4.0,1.0,2.0,3.0,1.0,2.0,5.0,6.0,0.0
11415,0.27295058965682983,0.29697754979133606,0.0,5.561901673674583,5.0,9.0,4.0,1.0,2.0,3.0,1.0,2.0,5.0,6.0,8.0,-1.6569445133209229,-0.3924512267112732,8.0,-1.8317490816116333,-1.8557881116867065,-28.50503792418877,0.0,0.0,0.0,3.706113561987877,6.0,10.0,5.0,2.0,3.0,4.0,2.0,3.0,1.0,7.0,0.0
11416,0.0,0.0,0.0,3.706113561987877,6.0,10.0,5.0,2.0,3.0,4.0,2.0,3.0,1.0,7.0,9.0,0.9867492914199829,-0.891601026058197,4.0,-1.8373558521270752,-1.9456278085708618,-24.147448861140845,0.9867492914199829,0.0,0.0,1.760485753417015,7.0,11.0,6.0,3.0,1.0,5.0,3.0,4.0,2.0,1.0,0.0
11417,0.9867492914199829,0.0,0.0,1.760485753417015,7.0,11.0,6.0,3.0,1.0,5.0,3.0,4.0,2.0,1.0,0.0,0.7170729041099548,1.053411602973938,9.0,-1.4406554698944092,-1.0550103187561035,-12.89634033302508,1.7038221955299377,1.053411602973938,0.0,0.7054754346609116,1.0,12.0,7.0,4.0,2.0,6.0,4.0,5.0,3.0,1.0,0.0
11418,1.7038221955299377,1.053411602973938,0.0,0.7054754346609116,1.0,12.0,7.0,4.0,2.0,6.0,4.0,5.0,3.0,1.0,1.0,0.22662535309791565,-1.315800428390503,1.0,-0.6122236847877502,-0.0017545218579471111,-15.351778548785969,1.9304475486278534,0.0,0.0,0.7037209128029644,2.0,1.0,8.0,5.0,3.0,7.0,5.0,6.0,4.0,2.0,0.0
11419,1.9304475486278534,0.0,0.0,0.7037209128029644,2.0,1.0,8.0,5.0,3.0,7.0,5.0,6.0,4.0,2.0,5.0,0.33110305666923523,-0.16327406466007233,0.0,-1.6332646608352661,-0.5542385578155518,-19.33021015635805,2.2615506052970886,0.0,0.0,0.1494823549874127,1.0,2.0,9.0,6.0,4.0,1.0,6.0,7.0,5.0,3.0,0.0
11420,2.2615506052970886,0.0,0.0,0.1494823549874127,1.0,2.0,9.0,6.0,4.0,1.0,6.0,7.0,5.0,3.0,4.0,0.03145343065261841,-1.0132172107696533,2.0,-1.6743899583816528,0.04691169410943985,-28.59355506587859,2.293004035949707,0.0,0.0,0.19639404909685254,2.0,3.0,1.0,7.0,1.0,2.0,7.0,8.0,6.0,4.0,0.0
11421,2.293004035949707,0.0,0.0,0.19639404909685254,2.0,3.0,1.0,7.0,1.0,2.0,7.0,8.0,6.0,4.0,3.0,-1.0954499244689941,-0.06727537512779236,8.0,-0.11014802753925323,1.6002123355865479,-11.880490806095501,1.197554111480713,0.0,0.0,1.7966063846834004,3.0,4.0,2.0,1.0,2.0,3.0,8.0,9.0,1.0,5.0,0.0
11422,1.197554111480713,0.0,0.0,1.7966063846834004,3.0,4.0,2.0,1.0,2.0,3.0,8.0,9.0,1.0,5.0,4.0,0.28420326113700867,0.01877473294734955,7.0,-0.8823513388633728,0.49091920256614685,-16.399573494943372,1.4817573726177216,0.01877473294734955,0.0,2.2875255872495472,4.0,5.0,3.0,2.0,1.0,4.0,9.0,1.0,2.0,6.0,0.0
11423,1.4817573726177216,0.01877473294734955,0.0,2.2875255872495472,4.0,5.0,3.0,2.0,1.0,4.0,9.0,1.0,2.0,6.0,4.0,-1.290165662765503,0.987553060054779,6.0,-0.4085061252117157,-1.327846646308899,-18.26760595562809,0.19159170985221863,1.0063277930021286,0.0,0.9596789409406483,5.0,6.0,4.0,3.0,1.0,5.0,1.0,2.0,3.0,7.0,0.0
11424,0.19159170985221863,1.0063277930021286,0.0,0.9596789409406483,5.0,6.0,4.0,3.0,1.0,5.0,1.0,2.0,3.0,7.0,8.0,-0.9083206653594971,-1.3101106882095337,0.0,-0.978219747543335,-0.602147102355957,-19.236379464288056,0.0,0.0,0.0,0.3575318385846913,1.0,7.0,5.0,4.0,2.0,6.0,2.0,3.0,1.0,8.0,0.0
11425,0.0,0.0,0.0,0.3575318385846913,1.0,7.0,5.0,4.0,2.0,6.0,2.0,3.0,1.0,8.0,9.0,1.3799389600753784,0.014463947154581547,1.0,-1.4858591556549072,-1.6820402145385742,-18.57740415523371,1.3799389600753784,0.014463947154581547,0.0,0.0,2.0,1.0,6.0,5.0,3.0,7.0,3.0,4.0,2.0,1.0,0.0
11426,1.3799389600753784,0.014463947154581547,0.0,0.0,2.0,1.0,6.0,5.0,3.0,7.0,3.0,4.0,2.0,1.0,3.0,-0.9791911840438843,-0.9512547850608826,2.0,-1.3427423238754272,0.3507726192474365,-24.8556937280469,0.40074777603149414,0.0,0.0,0.3507726192474365,3.0,2.0,1.0,1.0,4.0,8.0,4.0,5.0,3.0,2.0,0.0
11427,0.40074777603149414,0.0,0.0,0.3507726192474365,3.0,2.0,1.0,1.0,4.0,8.0,4.0,5.0,3.0,2.0,2.0,1.4355510473251343,-0.5160467624664307,0.0,-0.8030782341957092,-0.26681217551231384,-16.9866589267804,1.8362988233566284,0.0,0.0,0.08396044373512268,1.0,3.0,1.0,2.0,5.0,9.0,5.0,6.0,4.0,3.0,0.0
11428,1.8362988233566284,0.0,0.0,0.08396044373512268,1.0,3.0,1.0,2.0,5.0,9.0,5.0,6.0,4.0,3.0,9.0,0.04124756157398224,-0.0820915549993515,8.0,-1.0670831203460693,0.18456585705280304,-16.121202055038545,1.8775463849306107,0.0,0.0,0.2685263007879257,2.0,4.0,2.0,3.0,6.0,10.0,6.0,7.0,1.0,1.0,0.0
11429,1.8775463849306107,0.0,0.0,0.2685263007879257,2.0,4.0,2.0,3.0,6.0,10.0,6.0,7.0,1.0,1.0,4.0,-0.25915274024009705,0.216011181473732,8.0,-0.011716708540916443,0.01677187718451023,-14.442295308145692,1.6183936446905136,0.216011181473732,0.0,0.28529817797243595,3.0,5.0,3.0,4.0,1.0,11.0,7.0,8.0,1.0,2.0,0.0
11430,1.6183936446905136,0.216011181473732,0.0,0.28529817797243595,3.0,5.0,3.0,4.0,1.0,11.0,7.0,8.0,1.0,2.0,1.0,-1.1822850704193115,-0.2676067352294922,2.0,0.1888018250465393,0.771485447883606,-14.760775597748122,0.4361085742712021,0.0,0.1888018250465393,1.056783625856042,4.0,1.0,1.0,5.0,2.0,12.0,8.0,9.0,2.0,3.0,0.0
11431,0.4361085742712021,0.0,0.1888018250465393,1.056783625856042,4.0,1.0,1.0,5.0,2.0,12.0,8.0,9.0,2.0,3.0,0.0,-0.5955330729484558,-0.3266332149505615,0.0,0.8106955885887146,0.48903554677963257,-8.454509044020858,0.0,0.0,0.9994974136352539,1.5458191726356745,1.0,2.0,2.0,6.0,3.0,13.0,9.0,10.0,3.0,4.0,0.0
11432,0.0,0.0,0.9994974136352539,1.5458191726356745,1.0,2.0,2.0,6.0,3.0,13.0,9.0,10.0,3.0,4.0,0.0,-0.3033539652824402,0.97737056016922,3.0,0.35393697023391724,-0.5430141687393188,-10.342103618482797,0.0,0.97737056016922,1.3534343838691711,1.0028050038963556,1.0,3.0,3.0,1.0,4.0,14.0,10.0,11.0,4.0,5.0,0.0
11433,0.0,0.97737056016922,1.3534343838691711,1.0028050038963556,1.0,3.0,3.0,1.0,4.0,14.0,10.0,11.0,4.0,5.0,0.0,1.4176379442214966,-0.679662823677063,8.0,-0.7880876660346985,-0.5644662976264954,-11.34002918128493,1.4176379442214966,0.297707736492157,0.5653467178344727,0.43833870626986027,1.0,4.0,4.0,2.0,5.0,15.0,11.0,12.0,1.0,6.0,0.0
11434,1.4176379442214966,0.297707736492157,0.5653467178344727,0.43833870626986027,1.0,4.0,4.0,2.0,5.0,15.0,11.0,12.0,1.0,6.0,5.0,0.8431612253189087,-1.452085018157959,3.0,-0.7932306528091431,1.4794055223464966,-19.12546994238431,2.2607991695404053,0.0,0.0,1.9177442286163568,2.0,5.0,5.0,1.0,6.0,1.0,12.0,13.0,2.0,7.0,0.0
11435,2.2607991695404053,0.0,0.0,1.9177442286163568,2.0,5.0,5.0,1.0,6.0,1.0,12.0,13.0,2.0,7.0,4.0,-0.7432250380516052,-1.526425838470459,6.0,-1.4046084880828857,1.5236555337905884,-31.577660168355454,1.5175741314888,0.0,0.0,3.4413997624069452,3.0,6.0,6.0,2.0,1.0,2.0,1.0,14.0,3.0,8.0,0.0
11436,1.5175741314888,0.0,0.0,3.4413997624069452,3.0,6.0,6.0,2.0,1.0,2.0,1.0,14.0,3.0,8.0,7.0,-0.7135871052742004,-1.7862762212753296,2.0,-1.295020341873169,-1.4752477407455444,-26.99163248390052,0.8039870262145996,0.0,0.0,1.9661520216614008,4.0,7.0,1.0,3.0,2.0,3.0,2.0,1.0,4.0,9.0,0.0
11437,0.8039870262145996,0.0,0.0,1.9661520216614008,4.0,7.0,1.0,3.0,2.0,3.0,2.0,1.0,4.0,9.0,9.0,-1.303413987159729,-1.2962902784347534,1.0,-1.5984995365142822,-0.3888821005821228,-23.138713044041562,0.0,0.0,0.0,1.577269921079278,5.0,1.0,2.0,4.0,3.0,4.0,3.0,2.0,5.0,1.0,0.0
11438,0.0,0.0,0.0,1.577269921079278,5.0,1.0,2.0,4.0,3.0,4.0,3.0,2.0,5.0,1.0,0.0,1.1727499961853027,-1.1688019037246704,0.0,-0.39194032549858093,-0.12317042052745819,-12.589509727118763,1.1727499961853027,0.0,0.0,1.4540995005518198,1.0,2.0,3.0,5.0,4.0,5.0,4.0,3.0,6.0,2.0,0.0
11439,1.1727499961853027,0.0,0.0,1.4540995005518198,1.0,2.0,3.0,5.0,4.0,5.0,4.0,3.0,6.0,2.0,3.0,-0.8614128828048706,-0.7177973985671997,3.0,-1.5652536153793335,1.2904595136642456,-20.051893571338923,0.31133711338043213,0.0,0.0,2.7445590142160654,2.0,3.0,4.0,1.0,5.0,6.0,5.0,4.0,7.0,3.0,0.0
11440,0.31133711338043213,0.0,0.0,2.7445590142160654,2.0,3.0,4.0,1.0,5.0,6.0,5.0,4.0,7.0,3.0,4.0,0.4519783556461334,-0.10498247295618057,8.0,-1.4929527044296265,-0.8362544775009155,-21.062549075287265,0.7633154690265656,0.0,0.0,1.9083045367151499,3.0,4.0,5.0,2.0,1.0,7.0,6.0,5.0,1.0,4.0,0.0
11441,0.7633154690265656,0.0,0.0,1.9083045367151499,3.0,4.0,5.0,2.0,1.0,7.0,6.0,5.0,1.0,4.0,0.0,-0.42527639865875244,-1.1443976163864136,9.0,-0.6383289098739624,-1.4166779518127441,-14.864175552787268,0.3380390703678131,0.0,0.0,0.49162658490240574,1.0,5.0,6.0,3.0,2.0,8.0,7.0,6.0,2.0,1.0,0.0
11442,0.3380390703678131,0.0,0.0,0.49162658490240574,1.0,5.0,6.0,3.0,2.0,8.0,7.0,6.0,2.0,1.0,0.0,1.1333404779434204,-0.9707486629486084,6.0,-0.8014844059944153,0.9093542098999023,-20.67846896615703,1.4713795483112335,0.0,0.0,1.400980794802308,1.0,6.0,7.0,4.0,3.0,9.0,1.0,7.0,3.0,2.0,0.0
11443,1.4713795483112335,0.0,0.0,1.400980794802308,1.0,6.0,7.0,4.0,3.0,9.0,1.0,7.0,3.0,2.0,0.0,0.4943492114543915,-0.6132131218910217,5.0,-0.08327649533748627,0.4080633223056793,-14.583221610625323,1.965728759765625,0.0,0.0,1.8090441171079874,1.0,7.0,8.0,5.0,4.0,1.0,2.0,8.0,4.0,3.0,0.0
11444,1.965728759765625,0.0,0.0,1.8090441171079874,1.0,7.0,8.0,5.0,4.0,1.0,2.0,8.0,4.0,3.0,8.0,0.35950469970703125,-1.5320181846618652,2.0,-1.7626763582229614,-0.4903910756111145,-31.081120047106737,2.3252334594726562,0.0,0.0,1.318653041496873,2.0,8.0,1.0,6.0,5.0,2.0,3.0,9.0,1.0,4.0,0.0
11445,2.3252334594726562,0.0,0.0,1.318653041496873,2.0,8.0,1.0,6.0,5.0,2.0,3.0,9.0,1.0,4.0,3.0,-0.12317480146884918,0.36259526014328003,1.0,-1.0153543949127197,0.5978797674179077,-15.786888458454314,2.202058658003807,0.36259526014328003,0.0,1.9165328089147806,3.0,1.0,2.0,1.0,6.0,3.0,4.0,10.0,2.0,5.0,0.0
11446,2.202058658003807,0.36259526014328003,0.0,1.9165328089147806,3.0,1.0,2.0,1.0,6.0,3.0,4.0,10.0,2.0,5.0,4.0,0.11434558779001236,-0.3981119990348816,8.0,-1.5376461744308472,-0.4671997129917145,-20.01803277346376,2.3164042457938194,0.0,0.0,1.4493330959230661,4.0,2.0,3.0,2.0,1.0,4.0,5.0,11.0,1.0,6.0,0.0
11447,2.3164042457938194,0.0,0.0,1.4493330959230661,4.0,2.0,3.0,2.0,1.0,4.0,5.0,11.0,1.0,6.0,0.0,-0.4220013916492462,-0.594618022441864,0.0,-0.019216185435652733,0.6643291711807251,-8.719962837479358,1.8944028541445732,0.0,0.0,2.1136622671037912,1.0,3.0,4.0,3.0,2.0,5.0,6.0,12.0,2.0,7.0,0.0
11448,1.8944028541445732,0.0,0.0,2.1136622671037912,1.0,3.0,4.0,3.0,2.0,5.0,6.0,12.0,2.0,7.0,9.0,-0.2846839427947998,-0.21220824122428894,7.0,-1.4415674209594727,-0.18817675113677979,-16.123560409841964,1.6097189113497734,0.0,0.0,1.9254855159670115,2.0,4.0,5.0,4.0,3.0,6.0,7.0,1.0,3.0,1.0,0.0
11449,1.6097189113497734,0.0,0.0,1.9254855159670115,2.0,4.0,5.0,4.0,3.0,6.0,7.0,1.0,3.0,1.0,0.0,-0.24788112938404083,-0.7016096115112305,3.0,-0.5882695317268372,0.01709955930709839,-12.673925200465305,1.3618377819657326,0.0,0.0,1.9425850752741098,1.0,5.0,6.0,1.0,4.0,7.0,8.0,2.0,4.0,2.0,0.0
11450,1.3618377819657326,0.0,0.0,1.9425850752741098,1.0,5.0,6.0,1.0,4.0,7.0,8.0,2.0,4.0,2.0,8.0,-0.6273314952850342,-0.8787392973899841,8.0,-1.4531320333480835,-1.0810739994049072,-26.25553794372431,0.7345062866806984,0.0,0.0,0.8615110758692026,2.0,6.0,7.0,2.0,5.0,8.0,9.0,3.0,1.0,3.0,0.0
11451,0.7345062866806984,0.0,0.0,0.8615110758692026,2.0,6.0,7.0,2.0,5.0,8.0,9.0,3.0,1.0,3.0,2.0,-1.0323750972747803,-1.0390669107437134,5.0,0.22630397975444794,0.5934892892837524,-23.01060276312117,0.0,0.0,0.22630397975444794,1.455000365152955,3.0,7.0,1.0,3.0,6.0,1.0,10.0,4.0,2.0,4.0,0.0
11452,0.0,0.0,0.22630397975444794,1.455000365152955,3.0,7.0,1.0,3.0,6.0,1.0,10.0,4.0,2.0,4.0,4.0,0.48122915625572205,-0.2223757803440094,8.0,-1.1694097518920898,-1.6187645196914673,-21.707739914594356,0.48122915625572205,0.0,0.0,0.0,4.0,8.0,2.0,4.0,1.0,2.0,11.0,5.0,1.0,5.0,0.0
11453,0.48122915625572205,0.0,0.0,0.0,4.0,8.0,2.0,4.0,1.0,2.0,11.0,5.0,1.0,5.0,3.0,0.7059030532836914,-1.490549921989441,6.0,1.1657952070236206,0.374061644077301,-20.098273088538495,1.1871322095394135,0.0,1.1657952070236206,0.374061644077301,5.0,9.0,3.0,1.0,2.0,3.0,1.0,6.0,2.0,6.0,0.0
11454,1.1871322095394135,0.0,1.1657952070236206,0.374061644077301,5.0,9.0,3.0,1.0,2.0,3.0,1.0,6.0,2.0,6.0,1.0,-0.6580550670623779,0.24361136555671692,8.0,-1.2249906063079834,-1.3207165002822876,-17.836614393970613,0.5290771424770355,0.24361136555671692,0.0,0.0,6.0,1.0,4.0,2.0,3.0,4.0,2.0,7.0,1.0,7.0,0.0
11455,0.5290771424770355,0.24361136555671692,0.0,0.0,6.0,1.0,4.0,2.0,3.0,4.0,2.0,7.0,1.0,7.0,9.0,1.2990692853927612,-0.46432992815971375,8.0,-0.19138367474079132,-0.1629800647497177,-12.74733349615044,1.8281464278697968,0.0,0.0,0.0,7.0,2.0,5.0,3.0,4.0,5.0,3.0,8.0,1.0,1.0,0.0
11456,1.8281464278697968,0.0,0.0,0.0,7.0,2.0,5.0,3.0,4.0,5.0,3.0,8.0,1.0,1.0,0.0,0.2934710383415222,-0.43787869811058044,0.0,-1.7924904823303223,0.4149297773838043,-16.529763230139203,2.121617466211319,0.0,0.0,0.4149297773838043,1.0,3.0,6.0,4.0,5.0,6.0,4.0,9.0,2.0,2.0,0.0
11457,2.121617466211319,0.0,0.0,0.4149297773838043,1.0,3.0,6.0,4.0,5.0,6.0,4.0,9.0,2.0,2.0,4.0,-0.08049941062927246,-1.021349549293518,5.0,-0.3642342686653137,0.25459834933280945,-22.48260344124445,2.0411180555820465,0.0,0.0,0.6695281267166138,2.0,4.0,7.0,5.0,1.0,1.0,5.0,10.0,3.0,3.0,0.0
11458,2.0411180555820465,0.0,0.0,0.6695281267166138,2.0,4.0,7.0,5.0,1.0,1.0,5.0,10.0,3.0,3.0,7.0,-0.980807900428772,-0.09991671144962311,2.0,-1.5010349750518799,1.0610437393188477,-19.356808563711297,1.0603101551532745,0.0,0.0,1.7305718660354614,3.0,5.0,1.0,6.0,2.0,2.0,6.0,1.0,4.0,4.0,0.0
11459,1.0603101551532745,0.0,0.0,1.7305718660354614,3.0,5.0,1.0,6.0,2.0,2.0,6.0,1.0,4.0,4.0,3.0,0.28955286741256714,0.33813562989234924,4.0,-0.4102810323238373,-0.10373202711343765,-13.999642086108645,1.3498630225658417,0.33813562989234924,0.0,1.6268398389220238,4.0,6.0,2.0,1.0,1.0,3.0,7.0,2.0,5.0,5.0,0.0
11460,1.3498630225658417,0.33813562989234924,0.0,1.6268398389220238,4.0,6.0,2.0,1.0,1.0,3.0,7.0,2.0,5.0,5.0,0.0,-1.3681732416152954,0.7865734696388245,8.0,-1.7743165493011475,-0.5181374549865723,-17.932322298727257,0.0,1.1247090995311737,0.0,1.1087023839354515,1.0,7.0,3.0,2.0,2.0,4.0,8.0,3.0,1.0,6.0,0.0
11461,0.0,1.1247090995311737,0.0,1.1087023839354515,1.0,7.0,3.0,2.0,2.0,4.0,8.0,3.0,1.0,6.0,3.0,0.605415403842926,-0.7453896403312683,1.0,-0.47228068113327026,-0.3696466088294983,-13.269653173982535,0.605415403842926,0.3793194591999054,0.0,0.7390557751059532,2.0,1.0,4.0,1.0,3.0,5.0,9.0,4.0,2.0,7.0,0.0
11462,0.605415403842926,0.3793194591999054,0.0,0.7390557751059532,2.0,1.0,4.0,1.0,3.0,5.0,9.0,4.0,2.0,7.0,9.0,0.4897339642047882,-0.6430075168609619,6.0,-0.33279848098754883,-0.9294629693031311,-14.512862084198987,1.0951493680477142,0.0,0.0,0.0,3.0,2.0,5.0,2.0,4.0,6.0,1.0,5.0,3.0,1.0,0.0
11463,1.0951493680477142,0.0,0.0,0.0,3.0,2.0,5.0,2.0,4.0,6.0,1.0,5.0,3.0,1.0,4.0,1.1048805713653564,-1.1787428855895996,8.0,-0.904854953289032,0.26803427934646606,-23.480792533549643,2.2000299394130707,0.0,0.0,0.26803427934646606,4.0,3.0,6.0,3.0,1.0,7.0,2.0,6.0,1.0,2.0,0.0
11464,2.2000299394130707,0.0,0.0,0.26803427934646606,4.0,3.0,6.0,3.0,1.0,7.0,2.0,6.0,1.0,2.0,0.0,-0.25285258889198303,-0.3515015244483948,3.0,-0.6316934823989868,0.17250293493270874,-12.05432820490324,1.9471773505210876,0.0,0.0,0.4405372142791748,1.0,4.0,7.0,1.0,2.0,8.0,3.0,7.0,2.0,3.0,0.0
11465,1.9471773505210876,0.0,0.0,0.4405372142791748,1.0,4.0,7.0,1.0,2.0,8.0,3.0,7.0,2.0,3.0,0.0,0.13489288091659546,-1.1170705556869507,5.0,-0.4692522883415222,0.9519254565238953,-18.834275569863433,2.082070231437683,0.0,0.0,1.39246267080307,1.0,5.0,8.0,2.0,3.0,1.0,4.0,8.0,3.0,4.0,0.0
11466,2.082070231437683,0.0,0.0,1.39246267080307,1.0,5.0,8.0,2.0,3.0,1.0,4.0,8.0,3.0,4.0,8.0,-0.8421205878257751,-1.4435145854949951,8.0,-0.11584104597568512,0.5701668858528137,-21.11788023559138,1.239949643611908,0.0,0.0,1.9626295566558838,2.0,6.0,9.0,3.0,4.0,2.0,5.0,9.0,1.0,5.0,0.0
11467,1.239949643611908,0.0,0.0,1.9626295566558838,2.0,6.0,9.0,3.0,4.0,2.0,5.0,9.0,1.0,5.0,0.0,-0.5090942978858948,-0.9714328646659851,2.0,-1.8916455507278442,-1.4258816242218018,-26.055647045165085,0.7308553457260132,0.0,0.0,0.536747932434082,1.0,7.0,1.0,4.0,5.0,3.0,6.0,10.0,2.0,6.0,0.0
11468,0.7308553457260132,0.0,0.0,0.536747932434082,1.0,7.0,1.0,4.0,5.0,3.0,6.0,10.0,2.0,6.0,3.0,0.06451082229614258,-0.8762552738189697,1.0,-0.30894848704338074,0.16300293803215027,-17.807308629163973,0.7953661680221558,0.0,0.0,0.6997508704662323,2.0,1.0,2.0,1.0,6.0,4.0,7.0,11.0,3.0,7.0,0.0
11469,0.7953661680221558,0.0,0.0,0.6997508704662323,2.0,1.0,2.0,1.0,6.0,4.0,7.0,11.0,3.0,7.0,9.0,0.5777695775032043,-1.6083022356033325,8.0,-1.3065677881240845,0.35385116934776306,-24.385855021092567,1.37313574552536,0.0,0.0,1.0536020398139954,3.0,2.0,3.0,2.0,7.0,5.0,8.0,12.0,1.0,1.0,0.0
11470,1.37313574552536,0.0,0.0,1.0536020398139954,3.0,2.0,3.0,2.0,7.0,5.0,8.0,12.0,1.0,1.0,4.0,1.120775818824768,-0.860397458076477,2.0,-1.119067668914795,-0.3295693099498749,-24.658973846562084,2.493911564350128,0.0,0.0,0.7240327298641205,4.0,3.0,1.0,3.0,1.0,6.0,9.0,13.0,2.0,2.0,0.0
11471,2.493911564350128,0.0,0.0,0.7240327298641205,4.0,3.0,1.0,3.0,1.0,6.0,9.0,13.0,2.0,2.0,0.0,-1.3382691144943237,-0.15021778643131256,9.0,-1.018463373184204,0.7255127429962158,-11.90708700912397,1.1556424498558044,0.0,0.0,1.4495454728603363,1.0,4.0,2.0,4.0,2.0,7.0,10.0,14.0,3.0,1.0,0.0
11472,1.1556424498558044,0.0,0.0,1.4495454728603363,1.0,4.0,2.0,4.0,2.0,7.0,10.0,14.0,3.0,1.0,5.0,-1.2902395725250244,0.020446959882974625,5.0,-1.0811845064163208,-0.20144294202327728,-25.54529108555758,0.0,0.020446959882974625,0.0,1.248102530837059,2.0,5.0,3.0,5.0,3.0,1.0,11.0,15.0,4.0,2.0,0.0
11473,0.0,0.020446959882974625,0.0,1.248102530837059,2.0,5.0,3.0,5.0,3.0,1.0,11.0,15.0,4.0,2.0,4.0,-1.8461298942565918,-0.11414585262537003,6.0,-1.6805992126464844,0.8489446043968201,-35.88504913695999,0.0,0.0,0.0,2.097047135233879,3.0,6.0,4.0,6.0,1.0,2.0,1.0,16.0,5.0,3.0,0.0
11474,0.0,0.0,0.0,2.097047135233879,3.0,6.0,4.0,6.0,1.0,2.0,1.0,16.0,5.0,3.0,7.0,1.1297277212142944,-1.134867787361145,8.0,-1.1116050481796265,0.3224833011627197,-20.54031631616595,1.1297277212142944,0.0,0.0,2.419530436396599,4.0,7.0,5.0,7.0,2.0,3.0,2.0,1.0,1.0,4.0,0.0
11475,1.1297277212142944,0.0,0.0,2.419530436396599,4.0,7.0,5.0,7.0,2.0,3.0,2.0,1.0,1.0,4.0,8.0,-0.9837387204170227,0.009183461777865887,1.0,-1.8837183713912964,-0.792972207069397,-22.73006097010411,0.14598900079727173,0.009183461777865887,0.0,1.6265582293272018,5.0,1.0,6.0,8.0,3.0,4.0,3.0,2.0,1.0,5.0,0.0
11476,0.14598900079727173,0.009183461777865887,0.0,1.6265582293272018,5.0,1.0,6.0,8.0,3.0,4.0,3.0,2.0,1.0,5.0,9.0,0.8659204244613647,0.9860138893127441,0.0,-0.3557511568069458,-0.9754260778427124,-6.970208131940973,1.0119094252586365,0.99519735109061,0.0,0.6511321514844894,1.0,2.0,7.0,9.0,4.0,5.0,4.0,3.0,2.0,1.0,0.0
11477,1.0119094252586365,0.99519735109061,0.0,0.6511321514844894,1.0,2.0,7.0,9.0,4.0,5.0,4.0,3.0,2.0,1.0,9.0,-0.06574942916631699,0.44934016466140747,3.0,-0.8485180735588074,-1.0748323202133179,-12.423612101290846,0.9461599960923195,1.4445375157520175,0.0,0.0,2.0,3.0,8.0,1.0,5.0,6.0,5.0,4.0,3.0,1.0,0.0
11478,0.9461599960923195,1.4445375157520175,0.0,0.0,2.0,3.0,8.0,1.0,5.0,6.0,5.0,4.0,3.0,1.0,4.0,1.198449969291687,-0.6581915616989136,8.0,-0.8027198314666748,-0.02556757628917694,-17.368728455362543,2.1446099653840065,0.7863459540531039,0.0,0.0,3.0,4.0,9.0,2.0,1.0,7.0,6.0,5.0,1.0,2.0,0.0
11479,2.1446099653840065,0.7863459540531039,0.0,0.0,3.0,4.0,9.0,2.0,1.0,7.0,6.0,5.0,1.0,2.0,0.0,-0.7753221988677979,-0.7877317070960999,4.0,-0.5027967691421509,-0.31604433059692383,-14.408648107080932,1.3692877665162086,0.0,0.0,0.0,1.0,5.0,10.0,3.0,1.0,8.0,7.0,6.0,2.0,3.0,0.0
11480,1.3692877665162086,0.0,0.0,0.0,1.0,5.0,10.0,3.0,1.0,8.0,7.0,6.0,2.0,3.0,0.0,-0.5525922179222107,-1.535743236541748,5.0,0.04545227810740471,0.7183234095573425,-20.037959802627313,0.816695548593998,0.0,0.04545227810740471,0.7183234095573425,1.0,6.0,11.0,4.0,2.0,1.0,8.0,7.0,3.0,4.0,0.0
11481,0.816695548593998,0.0,0.04545227810740471,0.7183234095573425,1.0,6.0,11.0,4.0,2.0,1.0,8.0,7.0,3.0,4.0,0.0,1.8435401916503906,-0.6381572484970093,2.0,-1.4609075784683228,0.25391486287117004,-21.19663746202481,2.6602357402443886,0.0,0.0,0.9722382724285126,1.0,7.0,1.0,5.0,3.0,2.0,9.0,8.0,4.0,5.0,0.0
11482,2.6602357402443886,0.0,0.0,0.9722382724285126,1.0,7.0,1.0,5.0,3.0,2.0,9.0,8.0,4.0,5.0,3.0,-0.7820014357566833,-0.046957310289144516,1.0,-0.15439526736736298,0.6900168657302856,-12.647804064184363,1.8782343044877052,0.0,0.0,1.6622551381587982,2.0,1.0,2.0,1.0,4.0,3.0,10.0,9.0,5.0,6.0,0.0
11483,1.8782343044877052,0.0,0.0,1.6622551381587982,2.0,1.0,2.0,1.0,4.0,3.0,10.0,9.0,5.0,6.0,4.0,-0.9800485372543335,-0.30946946144104004,8.0,-1.6542937755584717,0.27241769433021545,-23.32946955251574,0.8981857672333717,0.0,0.0,1.9346728324890137,3.0,2.0,3.0,2.0,1.0,4.0,11.0,10.0,1.0,7.0,0.0
11484,0.8981857672333717,0.0,0.0,1.9346728324890137,3.0,2.0,3.0,2.0,1.0,4.0,11.0,10.0,1.0,7.0,0.0,-1.1720772981643677,0.41846221685409546,6.0,-1.6544729471206665,1.2036553621292114,-21.933715677189344,0.0,0.41846221685409546,0.0,3.138328194618225,1.0,3.0,4.0,3.0,2.0,5.0,1.0,11.0,2.0,8.0,0.0
11485,0.0,0.41846221685409546,0.0,3.138328194618225,1.0,3.0,4.0,3.0,2.0,5.0,1.0,11.0,2.0,8.0,9.0,0.027020880952477455,1.1854888200759888,0.0,-0.6440702080726624,-0.13039454817771912,-8.97408031958989,0.027020880952477455,1.6039510369300842,0.0,3.007933646440506,1.0,4.0,5.0,4.0,3.0,6.0,2.0,12.0,3.0,1.0,0.0
11486,0.027020880952477455,1.6039510369300842,0.0,3.007933646440506,1.0,4.0,5.0,4.0,3.0,6.0,2.0,12.0,3.0,1.0,7.0,-0.4816393554210663,-0.9760065078735352,7.0,0.9182976484298706,-0.1492079645395279,-12.29549065944735,0.0,0.6279445290565491,0.9182976484298706,2.858725681900978,2.0,5.0,6.0,5.0,4.0,7.0,3.0,1.0,4.0,2.0,0.0
11487,0.0,0.6279445290565491,0.9182976484298706,2.858725681900978,2.0,5.0,6.0,5.0,4.0,7.0,3.0,1.0,4.0,2.0,8.0,0.8471711277961731,-1.037896752357483,1.0,-1.6144368648529053,-0.018644031137228012,-18.62167106918043,0.8471711277961731,0.0,0.0,2.84008165076375,3.0,1.0,7.0,6.0,5.0,8.0,4.0,2.0,1.0,3.0,0.0
11488,0.8471711277961731,0.0,0.0,2.84008165076375,3.0,1.0,7.0,6.0,5.0,8.0,4.0,2.0,1.0,3.0,0.0,1.0511776208877563,0.5705737471580505,3.0,0.13512806594371796,0.12723222374916077,-5.441164110595713,1.8983487486839294,0.5705737471580505,0.13512806594371796,2.967313874512911,1.0,2.0,8.0,1.0,6.0,9.0,5.0,3.0,2.0,4.0,0.0
11489,1.8983487486839294,0.5705737471580505,0.13512806594371796,2.967313874512911,1.0,2.0,8.0,1.0,6.0,9.0,5.0,3.0,2.0,4.0,0.0,-0.3696860373020172,-0.4044744372367859,2.0,-0.22121718525886536,-0.033099252730607986,-9.646612575319686,1.5286627113819122,0.16609930992126465,0.0,2.934214621782303,1.0,3.0,1.0,2.0,7.0,10.0,6.0,4.0,3.0,5.0,0.0
11490,1.5286627113819122,0.16609930992126465,0.0,2.934214621782303,1.0,3.0,1.0,2.0,7.0,10.0,6.0,4.0,3.0,5.0,9.0,0.2095111459493637,-0.47859054803848267,8.0,-1.8509374856948853,-0.3825567364692688,-19.252294947622474,1.738173857331276,0.0,0.0,2.551657885313034,2.0,4.0,2.0,3.0,8.0,11.0,7.0,5.0,1.0,1.0,0.0
11491,1.738173857331276,0.0,0.0,2.551657885313034,2.0,4.0,2.0,3.0,8.0,11.0,7.0,5.0,1.0,1.0,8.0,-0.7835103869438171,-0.12390238791704178,0.0,-1.8211276531219482,-1.5000486373901367,-20.77134769069336,0.9546634703874588,0.0,0.0,1.0516092479228973,1.0,5.0,3.0,4.0,9.0,12.0,8.0,6.0,1.0,2.0,0.0
11492,0.9546634703874588,0.0,0.0,1.0516092479228973,1.0,5.0,3.0,4.0,9.0,12.0,8.0,6.0,1.0,2.0,0.0,1.1256561279296875,-0.37072935700416565,3.0,-0.9961431622505188,0.617344081401825,-14.715561454373294,2.0803195983171463,0.0,0.0,1.6689533293247223,1.0,6.0,4.0,1.0,10.0,13.0,9.0,7.0,2.0,3.0,0.0
11493,2.0803195983171463,0.0,0.0,1.6689533293247223,1.0,6.0,4.0,1.0,10.0,13.0,9.0,7.0,2.0,3.0,2.0,-0.648612380027771,0.3738836646080017,9.0,-0.5432769656181335,-0.6693186163902283,-14.959331306797036,1.4317072182893753,0.3738836646080017,0.0,0.999634712934494,2.0,7.0,1.0,2.0,11.0,14.0,10.0,8.0,3.0,1.0,0.0
11494,1.4317072182893753,0.3738836646080017,0.0,0.999634712934494,2.0,7.0,1.0,2.0,11.0,14.0,10.0,8.0,3.0,1.0,4.0,-0.3106768727302551,-0.23138567805290222,8.0,-1.8047537803649902,-1.27878737449646,-25.367661552891157,1.1210303455591202,0.1424979865550995,0.0,0.0,3.0,8.0,2.0,3.0,1.0,15.0,11.0,9.0,1.0,2.0,0.0
11495,1.1210303455591202,0.1424979865550995,0.0,0.0,3.0,8.0,2.0,3.0,1.0,15.0,11.0,9.0,1.0,2.0,3.0,0.4273443818092346,-0.6600485444068909,9.0,0.5728905200958252,0.358101487159729,-12.869170038709745,1.5483747273683548,0.0,0.5728905200958252,0.358101487159729,4.0,9.0,3.0,1.0,2.0,16.0,12.0,10.0,2.0,1.0,0.0
11496,1.5483747273683548,0.0,0.5728905200958252,0.358101487159729,4.0,9.0,3.0,1.0,2.0,16.0,12.0,10.0,2.0,1.0,0.0,0.8016518354415894,-0.6919772028923035,1.0,0.07190953195095062,0.9894028306007385,-12.755055070706618,2.350026562809944,0.0,0.6448000520467758,1.3475043177604675,1.0,1.0,4.0,2.0,3.0,17.0,13.0,11.0,3.0,2.0,0.0
11497,2.350026562809944,0.0,0.6448000520467758,1.3475043177604675,1.0,1.0,4.0,2.0,3.0,17.0,13.0,11.0,3.0,2.0,0.0,1.8320752382278442,-0.4450746178627014,6.0,-1.763418197631836,0.44927504658699036,-20.599711024057477,4.182101801037788,0.0,0.0,1.7967793643474579,1.0,2.0,5.0,3.0,4.0,18.0,1.0,12.0,4.0,3.0,0.0
11498,4.182101801037788,0.0,0.0,1.7967793643474579,1.0,2.0,5.0,3.0,4.0,18.0,1.0,12.0,4.0,3.0,8.0,-1.2839546203613281,0.718424916267395,3.0,-1.638371229171753,0.1181623637676239,-19.311917615504683,2.8981471806764603,0.718424916267395,0.0,1.9149417281150818,2.0,3.0,6.0,1.0,5.0,19.0,2.0,13.0,1.0,4.0,0.0
11499,2.8981471806764603,0.718424916267395,0.0,1.9149417281150818,2.0,3.0,6.0,1.0,5.0,19.0,2.0,13.0,1.0,4.0,0.0,-0.9232767820358276,-1.391223669052124,3.0,-0.7192601561546326,1.4986480474472046,-14.486872999611816,1.9748703986406326,0.0,0.0,3.4135897755622864,1.0,4.0,7.0,1.0,6.0,20.0,3.0,14.0,2.0,5.0,1.0
11500,9.871830940246582,5.6239447593688965,8.64416217803955,4.187086582183838,1.0,1.0,1.0,1.0,1.0,1.0,1.0,1.0,1.0,1.0,8.0,-1.943910002708435,-1.3832461833953857,0.0,-1.984268069267273,-1.8124182224273682,-5.071389567567748,7.927920937538147,4.240698575973511,6.659894108772278,2.3746683597564697,1.0,2.0,2.0,2.0,2.0,2.0,2.0,2.0,1.0,2.0,0.0
11501,7.927920937538147,4.240698575973511,6.659894108772278,2.3746683597564697,1.0,2.0,2.0,2.0,2.0,2.0,2.0,2.0,1.0,2.0,8.0,-1.6678236722946167,-1.3306552171707153,4.0,-1.9478801488876343,-0.27014559507369995,-5.935760705232626,6.26009726524353,2.9100433588027954,4.7120139598846436,2.1045227646827698,2.0,3.0,3.0,3.0,1.0,3.0,3.0,3.0,1.0,3.0,0.0
11502,6.26009726524353,2.9100433588027954,4.7120139598846436,2.1045227646827698,2.0,3.0,3.0,3.0,1.0,3.0,3.0,3.0,1.0,3.0,8.0,-1.180427074432373,-1.7117773294448853,2.0,-1.9631682634353638,-1.4939911365509033,-10.67748526674113,5.079670190811157,1.1982660293579102,2.74884569644928,0.6105316281318665,3.0,4.0,1.0,4.0,2.0,4.0,4.0,4.0,1.0,4.0,0.0
11503,5.079670190811157,1.1982660293579102,2.74884569644928,0.6105316281318665,3.0,4.0,1.0,4.0,2.0,4.0,4.0,4.0,1.0,4.0,3.0,-1.5124424695968628,-1.1916475296020508,8.0,-1.7692420482635498,-0.6727749109268188,-12.911094223155873,3.5672277212142944,0.006618499755859375,0.97960364818573,0.0,4.0,5.0,2.0,1.0,3.0,5.0,5.0,5.0,1.0,5.0,0.0
11504,3.5672277212142944,0.006618499755859375,0.97960364818573,0.0,4.0,5.0,2.0,1.0,3.0,5.0,5.0,5.0,1.0,5.0,0.0,-1.8482990264892578,-1.1782817840576172,9.0,-1.5471653938293457,0.8055435419082642,-13.710275819490473,1.7189286947250366,0.0,0.0,0.8055435419082642,1.0,6.0,3.0,2.0,4.0,6.0,6.0,6.0,2.0,1.0,0.0
11505,1.7189286947250366,0.0,0.0,0.8055435419082642,1.0,6.0,3.0,2.0,4.0,6.0,6.0,6.0,2.0,1.0,3.0,-0.8271487355232239,-1.306075930595398,5.0,-1.0714212656021118,-0.6114499568939209,-26.607140704616924,0.8917799592018127,0.0,0.0,0.19409358501434326,2.0,7.0,4.0,1.0,5.0,1.0,7.0,7.0,3.0,2.0,0.0
11506,0.8917799592018127,0.0,0.0,0.19409358501434326,2.0,7.0,4.0,1.0,5.0,1.0,7.0,7.0,3.0,2.0,3.0,-0.2210920751094818,-0.41293466091156006,8.0,-1.3710030317306519,0.8692446351051331,-21.30834071692608,0.6706878840923309,0.0,0.0,1.0633382201194763,3.0,8.0,5.0,1.0,6.0,2.0,8.0,8.0,1.0,3.0,0.0
11507,0.6706878840923309,0.0,0.0,1.0633382201194763,3.0,8.0,5.0,1.0,6.0,2.0,8.0,8.0,1.0,3.0,4.0,-0.005645133554935455,0.49524474143981934,10.0,-1.829668402671814,-0.2963593900203705,-19.319075205325863,0.6650427505373955,0.49524474143981934,0.0,0.7669788300991058,4.0,9.0,6.0,2.0,1.0,3.0,9.0,9.0,2.0,4.0,0.0
11508,0.6650427505373955,0.49524474143981934,0.0,0.7669788300991058,4.0,9.0,6.0,2.0,1.0,3.0,9.0,9.0,2.0,4.0,9.0,0.01815751940011978,-1.2106964588165283,6.0,-0.7937731146812439,0.09509113430976868,-20.250282571714948,0.6832002699375153,0.0,0.0,0.8620699644088745,5.0,10.0,7.0,3.0,2.0,4.0,1.0,10.0,3.0,1.0,0.0
11509,0.6832002699375153,0.0,0.0,0.8620699644088745,5.0,10.0,7.0,3.0,2.0,4.0,1.0,10.0,3.0,1.0,0.0,0.9469075798988342,-1.2565428018569946,0.0,-0.8970996141433716,0.3795616924762726,-17.04569737954663,1.6301078498363495,0.0,0.0,1.241631656885147,1.0,11.0,8.0,4.0,3.0,5.0,2.0,11.0,4.0,2.0,0.0
11510,1.6301078498363495,0.0,0.0,1.241631656885147,1.0,11.0,8.0,4.0,3.0,5.0,2.0,11.0,4.0,2.0,1.0,0.4497862756252289,-0.3188825249671936,1.0,-0.6405202746391296,0.8504093885421753,-16.122864103241092,2.0798941254615784,0.0,0.0,2.0920410454273224,2.0,1.0,9.0,5.0,4.0,6.0,3.0,12.0,5.0,3.0,0.0
11511,2.0798941254615784,0.0,0.0,2.0920410454273224,2.0,1.0,9.0,5.0,4.0,6.0,3.0,12.0,5.0,3.0,0.0,0.8987517356872559,-0.9390169978141785,2.0,-1.64960515499115,-0.09425132721662521,-23.386109450969208,2.9786458611488342,0.0,0.0,1.9977897182106972,1.0,2.0,1.0,6.0,5.0,7.0,4.0,13.0,6.0,4.0,0.0
11512,2.9786458611488342,0.0,0.0,1.9977897182106972,1.0,2.0,1.0,6.0,5.0,7.0,4.0,13.0,6.0,4.0,8.0,0.4607088565826416,0.3318721354007721,8.0,-1.102137804031372,0.2395811676979065,-18.358541539296716,3.439354717731476,0.3318721354007721,0.0,2.2373708859086037,2.0,3.0,2.0,7.0,6.0,8.0,5.0,14.0,1.0,5.0,0.0
11513,3.439354717731476,0.3318721354007721,0.0,2.2373708859086037,2.0,3.0,2.0,7.0,6.0,8.0,5.0,14.0,1.0,5.0,9.0,-0.5349388122558594,0.4779673218727112,1.0,0.7277717590332031,-0.9845328330993652,-9.208887697903538,2.9044159054756165,0.8098394572734833,0.7277717590332031,1.2528380528092384,3.0,1.0,3.0,8.0,7.0,9.0,6.0,15.0,2.0,1.0,0.0
11514,2.9044159054756165,0.8098394572734833,0.7277717590332031,1.2528380528092384,3.0,1.0,3.0,8.0,7.0,9.0,6.0,15.0,2.0,1.0,5.0,-0.5438836216926575,0.1805831789970398,3.0,-1.4374775886535645,-0.5440747141838074,-15.347414380126335,2.360532283782959,0.9904226362705231,0.0,0.7087633386254311,4.0,2.0,4.0,1.0,8.0,1.0,7.0,16.0,3.0,2.0,0.0
11515,2.360532283782959,0.9904226362705231,0.0,0.7087633386254311,4.0,2.0,4.0,1.0,8.0,1.0,7.0,16.0,3.0,2.0,7.0,0.5334280729293823,-0.03043208085000515,8.0,-0.4380686283111572,-0.1177407056093216,-12.192622688019574,2.8939603567123413,0.9599905554205179,0.0,0.5910226330161095,5.0,3.0,5.0,2.0,9.0,2.0,8.0,1.0,1.0,3.0,0.0
11516,2.8939603567123413,0.9599905554205179,0.0,0.5910226330161095,5.0,3.0,5.0,2.0,9.0,2.0,8.0,1.0,1.0,3.0,4.0,-1.3255001306533813,-1.1383172273635864,0.0,-1.837428092956543,-1.400562047958374,-20.1219964565715,1.56846022605896,0.0,0.0,0.0,1.0,4.0,6.0,3.0,1.0,3.0,9.0,2.0,2.0,4.0,0.0
11517,1.56846022605896,0.0,0.0,0.0,1.0,4.0,6.0,3.0,1.0,3.0,9.0,2.0,2.0,4.0,8.0,-0.9117777347564697,0.12967658042907715,10.0,0.14502963423728943,-0.6741637587547302,-12.82452533743417,0.6566824913024902,0.12967658042907715,0.14502963423728943,0.0,2.0,5.0,7.0,4.0,2.0,4.0,10.0,3.0,1.0,5.0,0.0
11518,0.6566824913024902,0.12967658042907715,0.14502963423728943,0.0,2.0,5.0,7.0,4.0,2.0,4.0,10.0,3.0,1.0,5.0,3.0,-0.9209756851196289,0.8531906008720398,6.0,-1.048264503479004,-0.7392858266830444,-20.72088925924524,0.0,0.9828671813011169,0.0,0.0,3.0,6.0,8.0,1.0,3.0,5.0,1.0,4.0,2.0,6.0,0.0
11519,0.0,0.9828671813011169,0.0,0.0,3.0,6.0,8.0,1.0,3.0,5.0,1.0,4.0,2.0,6.0,0.0,0.9869644641876221,-0.8377153277397156,8.0,-1.4427975416183472,-0.026877393946051598,-17.82592855606947,0.9869644641876221,0.14515185356140137,0.0,0.0,1.0,7.0,9.0,2.0,4.0,6.0,2.0,5.0,1.0,7.0,0.0
11520,0.9869644641876221,0.14515185356140137,0.0,0.0,1.0,7.0,9.0,2.0,4.0,6.0,2.0,5.0,1.0,7.0,9.0,1.0865821838378906,-1.095717430114746,4.0,-1.5808764696121216,-0.0645313560962677,-24.127262253301005,2.0735466480255127,0.0,0.0,0.0,2.0,8.0,10.0,3.0,1.0,7.0,3.0,6.0,2.0,1.0,0.0
11521,2.0735466480255127,0.0,0.0,0.0,2.0,8.0,10.0,3.0,1.0,7.0,3.0,6.0,2.0,1.0,0.0,1.4968860149383545,-0.5275790095329285,2.0,-0.8968152403831482,1.0340864658355713,-17.609328872888316,3.570432662963867,0.0,0.0,1.0340864658355713,1.0,9.0,1.0,4.0,2.0,8.0,4.0,7.0,3.0,2.0,0.0
11522,3.570432662963867,0.0,0.0,1.0340864658355713,1.0,9.0,1.0,4.0,2.0,8.0,4.0,7.0,3.0,2.0,3.0,-0.90996915102005,-1.420607566833496,1.0,0.33619487285614014,-1.4569107294082642,-20.586075585176978,2.660463511943817,0.0,0.33619487285614014,0.0,2.0,1.0,2.0,1.0,3.0,9.0,5.0,8.0,4.0,3.0,0.0
11523,2.660463511943817,0.0,0.33619487285614014,0.0,2.0,1.0,2.0,1.0,3.0,9.0,5.0,8.0,4.0,3.0,5.0,0.0770803764462471,-0.28550517559051514,8.0,-1.653529405593872,0.40787917375564575,-21.318264606192905,2.7375438883900642,0.0,0.0,0.40787917375564575,3.0,2.0,3.0,2.0,4.0,1.0,6.0,9.0,1.0,4.0,0.0
11524,2.7375438883900642,0.0,0.0,0.40787917375564575,3.0,2.0,3.0,2.0,4.0,1.0,6.0,9.0,1.0,4.0,4.0,-1.5724252462387085,-0.5690156817436218,8.0,-1.2915832996368408,0.8868004679679871,-22.72984090583376,1.1651186421513557,0.0,0.0,1.2946796417236328,4.0,3.0,4.0,3.0,1.0,2.0,7.0,10.0,1.0,5.0,0.0
11525,1.1651186421513557,0.0,0.0,1.2946796417236328,4.0,3.0,4.0,3.0,1.0,2.0,7.0,10.0,1.0,5.0,4.0,-1.6210530996322632,-0.5356090068817139,7.0,-1.1633062362670898,0.7279545068740845,-23.040764057145054,0.0,0.0,0.0,2.0226341485977173,5.0,4.0,5.0,4.0,1.0,3.0,8.0,1.0,2.0,6.0,0.0
11526,0.0,0.0,0.0,2.0226341485977173,5.0,4.0,5.0,4.0,1.0,3.0,8.0,1.0,2.0,6.0,0.0,-0.4207083582878113,1.3226609230041504,3.0,-1.7355232238769531,-1.236662745475769,-18.24397973727199,0.0,1.3226609230041504,0.0,0.7859714031219482,1.0,5.0,6.0,1.0,2.0,4.0,9.0,2.0,3.0,7.0,0.0
11527,0.0,1.3226609230041504,0.0,0.7859714031219482,1.0,5.0,6.0,1.0,2.0,4.0,9.0,2.0,3.0,7.0,4.0,-0.7020369172096252,1.0362446308135986,8.0,-1.3648186922073364,-0.7659716606140137,-25.46540128582936,0.0,2.358905553817749,0.0,0.01999974250793457,2.0,6.0,7.0,2.0,1.0,5.0,10.0,3.0,1.0,8.0,0.0
11528,0.0,2.358905553817749,0.0,0.01999974250793457,2.0,6.0,7.0,2.0,1.0,5.0,10.0,3.0,1.0,8.0,9.0,0.5703275799751282,-0.43596151471138,6.0,0.8769300580024719,-0.6988000273704529,-13.467680506558978,0.5703275799751282,1.922944039106369,0.8769300580024719,0.0,3.0,7.0,8.0,3.0,2.0,6.0,1.0,4.0,2.0,1.0,0.0
11529,0.5703275799751282,1.922944039106369,0.8769300580024719,0.0,3.0,7.0,8.0,3.0,2.0,6.0,1.0,4.0,2.0,1.0,0.0,-0.22527606785297394,-0.3241651952266693,0.0,-0.0030779815278947353,-0.43262597918510437,-7.789878459690099,0.34505151212215424,1.5987788438796997,0.8738520764745772,0.0,1.0,8.0,9.0,4.0,3.0,7.0,2.0,5.0,3.0,2.0,0.0
11530,0.34505151212215424,1.5987788438796997,0.8738520764745772,0.0,1.0,8.0,9.0,4.0,3.0,7.0,2.0,5.0,3.0,2.0,4.0,1.153693675994873,-0.8909676671028137,9.0,-0.4030553102493286,1.0488897562026978,-9.888089189804104,1.4987451881170273,0.707811176776886,0.4707967662252486,1.0488897562026978,2.0,9.0,10.0,5.0,1.0,8.0,3.0,6.0,4.0,1.0,0.0
11531,1.4987451881170273,0.707811176776886,0.4707967662252486,1.0488897562026978,2.0,9.0,10.0,5.0,1.0,8.0,3.0,6.0,4.0,1.0,0.0,0.9583501219749451,0.263683021068573,8.0,-0.5316656231880188,1.1410824060440063,-9.229054897842484,2.4570953100919724,0.971494197845459,0.0,2.189972162246704,1.0,10.0,11.0,6.0,2.0,9.0,4.0,7.0,1.0,2.0,0.0
11532,2.4570953100919724,0.971494197845459,0.0,2.189972162246704,1.0,10.0,11.0,6.0,2.0,9.0,4.0,7.0,1.0,2.0,0.0,0.5414029955863953,-0.01706654205918312,2.0,-0.8274210691452026,-0.7058290839195251,-15.04746084463827,2.9984983056783676,0.9544276557862759,0.0,1.484143078327179,1.0,11.0,1.0,7.0,3.0,10.0,5.0,8.0,2.0,3.0,0.0
11533,2.9984983056783676,0.9544276557862759,0.0,1.484143078327179,1.0,11.0,1.0,7.0,3.0,10.0,5.0,8.0,2.0,3.0,1.0,-0.9077537655830383,0.11186600476503372,1.0,1.0616040229797363,-0.37539142370224,-10.065122687700333,2.0907445400953293,1.0662936605513096,1.0616040229797363,1.108751654624939,2.0,1.0,2.0,8.0,4.0,11.0,6.0,9.0,3.0,4.0,0.0
11534,2.0907445400953293,1.0662936605513096,1.0616040229797363,1.108751654624939,2.0,1.0,2.0,8.0,4.0,11.0,6.0,9.0,3.0,4.0,9.0,1.2647500038146973,0.331664502620697,3.0,-0.35291194915771484,0.45117148756980896,-7.1085412188625225,3.3554945439100266,1.3979581631720066,0.7086920738220215,1.559923142194748,3.0,2.0,3.0,1.0,5.0,12.0,7.0,10.0,4.0,1.0,0.0
11535,3.3554945439100266,1.3979581631720066,0.7086920738220215,1.559923142194748,3.0,2.0,3.0,1.0,5.0,12.0,7.0,10.0,4.0,1.0,5.0,1.6037448644638062,-1.0072563886642456,8.0,-1.8190500736236572,-0.5443332195281982,-17.023629704614763,4.959239408373833,0.390701774507761,0.0,1.0155899226665497,4.0,3.0,4.0,2.0,6.0,1.0,8.0,11.0,1.0,2.0,0.0
11536,4.959239408373833,0.390701774507761,0.0,1.0155899226665497,4.0,3.0,4.0,2.0,6.0,1.0,8.0,11.0,1.0,2.0,4.0,-1.6420748233795166,0.49153563380241394,2.0,-0.025334909558296204,-1.2890651226043701,-15.47014233527197,3.317164584994316,0.8822374083101749,0.0,0.0,5.0,4.0,1.0,3.0,1.0,2.0,9.0,12.0,2.0,3.0,0.0
11537,3.317164584994316,0.8822374083101749,0.0,0.0,5.0,4.0,1.0,3.0,1.0,2.0,9.0,12.0,2.0,3.0,0.0,-1.2536864280700684,-1.752536654472351,0.0,-0.7698574066162109,1.1409012079238892,-14.005625209531646,2.0634781569242477,0.0,0.0,1.1409012079238892,1.0,5.0,2.0,4.0,2.0,3.0,10.0,13.0,3.0,4.0,0.0
11538,2.0634781569242477,0.0,0.0,1.1409012079238892,1.0,5.0,2.0,4.0,2.0,3.0,10.0,13.0,3.0,4.0,1.0,-1.6676459312438965,-0.11293649673461914,6.0,-0.4904840588569641,0.5457068681716919,-18.267553632675856,0.39583222568035126,0.0,0.0,1.686608076095581,2.0,1.0,3.0,5.0,3.0,4.0,1.0,14.0,4.0,5.0,0.0
11539,0.39583222568035126,0.0,0.0,1.686608076095581,2.0,1.0,3.0,5.0,3.0,4.0,1.0,14.0,4.0,5.0,9.0,1.1590147018432617,1.010243535041809,5.0,-1.3930238485336304,-0.4896080493927002,-18.51642642124746,1.554846927523613,1.010243535041809,0.0,1.1970000267028809,3.0,2.0,4.0,6.0,4.0,1.0,2.0,15.0,5.0,1.0,0.0
11540,1.554846927523613,1.010243535041809,0.0,1.1970000267028809,3.0,2.0,4.0,6.0,4.0,1.0,2.0,15.0,5.0,1.0,7.0,-1.641882300376892,-1.2767173051834106,2.0,-1.1074979305267334,-0.22402141988277435,-19.935562913388104,0.0,0.0,0.0,0.9729786068201065,4.0,3.0,1.0,7.0,5.0,2.0,3.0,1.0,6.0,2.0,0.0
11541,0.0,0.0,0.0,0.9729786068201065,4.0,3.0,1.0,7.0,5.0,2.0,3.0,1.0,6.0,2.0,3.0,-0.5199642777442932,0.765188992023468,3.0,0.32631468772888184,0.49392086267471313,-11.079557175141105,0.0,0.765188992023468,0.32631468772888184,1.4668994694948196,5.0,4.0,2.0,1.0,6.0,3.0,4.0,2.0,7.0,3.0,0.0
11542,0.0,0.765188992023468,0.32631468772888184,1.4668994694948196,5.0,4.0,2.0,1.0,6.0,3.0,4.0,2.0,7.0,3.0,0.0,-0.9755616188049316,-1.2264256477355957,8.0,-1.7946274280548096,-0.2699213922023773,-21.58287206940082,0.0,0.0,0.0,1.1969780772924423,1.0,5.0,3.0,2.0,7.0,4.0,5.0,3.0,1.0,4.0,0.0
11543,0.0,0.0,0.0,1.1969780772924423,1.0,5.0,3.0,2.0,7.0,4.0,5.0,3.0,1.0,4.0,4.0,0.6877717971801758,0.5049272179603577,8.0,-0.8284241557121277,-1.3179781436920166,-18.802886204967688,0.6877717971801758,0.5049272179603577,0.0,0.0,2.0,6.0,4.0,3.0,1.0,5.0,6.0,4.0,1.0,5.0,0.0
11544,0.6877717971801758,0.5049272179603577,0.0,0.0,2.0,6.0,4.0,3.0,1.0,5.0,6.0,4.0,1.0,5.0,2.0,0.02518639899790287,0.24646757543087006,1.0,0.3815990090370178,-0.8168214559555054,-17.439689024470116,0.7129581961780787,0.7513947933912277,0.3815990090370178,0.0,3.0,1.0,1.0,4.0,2.0,6.0,7.0,5.0,2.0,6.0,0.0
11545,0.7129581961780787,0.7513947933912277,0.3815990090370178,0.0,3.0,1.0,1.0,4.0,2.0,6.0,7.0,5.0,2.0,6.0,3.0,-0.1171068623661995,0.8817057609558105,1.0,0.23125123977661133,0.7466696500778198,-9.603291910435075,0.5958513338118792,1.6331005543470383,0.6128502488136292,0.7466696500778198,4.0,1.0,2.0,1.0,3.0,7.0,8.0,6.0,3.0,7.0,0.0
11546,0.5958513338118792,1.6331005543470383,0.6128502488136292,0.7466696500778198,4.0,1.0,2.0,1.0,3.0,7.0,8.0,6.0,3.0,7.0,4.0,-0.930767297744751,-0.7306853532791138,6.0,-1.2467349767684937,-0.0445886105298996,-21.76087261852497,0.0,0.9024152010679245,0.0,0.7020810395479202,5.0,2.0,3.0,2.0,1.0,8.0,1.0,7.0,4.0,8.0,0.0
11547,0.0,0.9024152010679245,0.0,0.7020810395479202,5.0,2.0,3.0,2.0,1.0,8.0,1.0,7.0,4.0,8.0,9.0,0.8025193214416504,-1.5286680459976196,8.0,0.18165969848632812,-0.21093960106372833,-13.044122002335607,0.8025193214416504,0.0,0.18165969848632812,0.4911414384841919,6.0,3.0,4.0,3.0,2.0,9.0,2.0,8.0,1.0,1.0,0.0
11548,0.8025193214416504,0.0,0.18165969848632812,0.4911414384841919,6.0,3.0,4.0,3.0,2.0,9.0,2.0,8.0,1.0,1.0,0.0,1.2738326787948608,-0.862522542476654,0.0,-1.366240382194519,-0.2591782510280609,-15.753121962295321,2.0763520002365112,0.0,0.0,0.23196318745613098,1.0,4.0,5.0,4.0,3.0,10.0,3.0,9.0,2.0,2.0,0.0
11549,2.0763520002365112,0.0,0.0,0.23196318745613098,1.0,4.0,5.0,4.0,3.0,10.0,3.0,9.0,2.0,2.0,1.0,-0.02020743303000927,-1.5710543394088745,1.0,-0.6287472248077393,-1.0710679292678833,-24.81341511127943,2.056144567206502,0.0,0.0,0.0,2.0,1.0,6.0,5.0,4.0,11.0,4.0,10.0,3.0,3.0,0.0
11550,2.056144567206502,0.0,0.0,0.0,2.0,1.0,6.0,5.0,4.0,11.0,4.0,10.0,3.0,3.0,0.0,-0.020380506291985512,-1.355837106704712,3.0,-0.23041610419750214,0.579018771648407,-16.32719320259656,2.0357640609145164,0.0,0.0,0.579018771648407,1.0,2.0,7.0,1.0,5.0,12.0,5.0,11.0,4.0,4.0,0.0
11551,2.0357640609145164,0.0,0.0,0.579018771648407,1.0,2.0,7.0,1.0,5.0,12.0,5.0,11.0,4.0,4.0,0.0,-0.17948941886425018,-0.8865266442298889,8.0,-1.032132863998413,-0.07892926782369614,-20.76145377642988,1.8562746420502663,0.0,0.0,0.5000895038247108,1.0,3.0,8.0,2.0,6.0,13.0,6.0,12.0,1.0,5.0,0.0
11552,1.8562746420502663,0.0,0.0,0.5000895038247108,1.0,3.0,8.0,2.0,6.0,13.0,6.0,12.0,1.0,5.0,0.0,0.911628246307373,-1.0115015506744385,5.0,-0.36606675386428833,-0.6318679451942444,-20.17325022744076,2.7679028883576393,0.0,0.0,0.0,1.0,4.0,9.0,3.0,7.0,1.0,7.0,13.0,2.0,6.0,0.0
11553,2.7679028883576393,0.0,0.0,0.0,1.0,4.0,9.0,3.0,7.0,1.0,7.0,13.0,2.0,6.0,0.0,-0.3148157298564911,-0.06114108860492706,2.0,-1.0157074928283691,0.6112052202224731,-17.47446836772542,2.4530871585011482,0.0,0.0,0.6112052202224731,1.0,5.0,1.0,4.0,8.0,2.0,8.0,14.0,3.0,7.0,0.0
11554,2.4530871585011482,0.0,0.0,0.6112052202224731,1.0,5.0,1.0,4.0,8.0,2.0,8.0,14.0,3.0,7.0,4.0,-0.740944504737854,-1.0363142490386963,8.0,1.2902021408081055,1.0691226720809937,-18.264164486979016,1.7121426537632942,0.0,1.2902021408081055,1.6803278923034668,2.0,6.0,2.0,5.0,1.0,3.0,9.0,15.0,1.0,8.0,0.0
11555,1.7121426537632942,0.0,1.2902021408081055,1.6803278923034668,2.0,6.0,2.0,5.0,1.0,3.0,9.0,15.0,1.0,8.0,9.0,-1.0417953729629517,0.25228095054626465,2.0,-1.336824655532837,0.026696110144257545,-11.878259330389593,0.6703472808003426,0.25228095054626465,0.0,1.7070240024477243,3.0,7.0,1.0,6.0,2.0,4.0,10.0,16.0,2.0,1.0,0.0
11556,0.6703472808003426,0.25228095054626465,0.0,1.7070240024477243,3.0,7.0,1.0,6.0,2.0,4.0,10.0,16.0,2.0,1.0,0.0,-0.9041107296943665,1.6807688474655151,0.0,-0.47438713908195496,-0.03463827818632126,-11.00758973470515,0.0,1.9330497980117798,0.0,1.672385724261403,1.0,8.0,2.0,7.0,3.0,5.0,11.0,17.0,3.0,2.0,0.0
11557,0.0,1.9330497980117798,0.0,1.672385724261403,1.0,8.0,2.0,7.0,3.0,5.0,11.0,17.0,3.0,2.0,3.0,-0.48802077770233154,-0.4817308783531189,6.0,1.3368502855300903,0.4527030289173126,-15.010485331125796,0.0,1.4513189196586609,1.3368502855300903,2.1250887531787157,2.0,9.0,3.0,1.0,4.0,6.0,1.0,18.0,4.0,3.0,0.0
11558,0.0,1.4513189196586609,1.3368502855300903,2.1250887531787157,2.0,9.0,3.0,1.0,4.0,6.0,1.0,18.0,4.0,3.0,7.0,-0.7873152494430542,-0.7952035665512085,8.0,-1.5356000661849976,0.07942471653223038,-15.682133804310002,0.0,0.6561153531074524,0.0,2.204513469710946,3.0,10.0,4.0,2.0,5.0,7.0,2.0,1.0,1.0,4.0,0.0
11559,0.0,0.6561153531074524,0.0,2.204513469710946,3.0,10.0,4.0,2.0,5.0,7.0,2.0,1.0,1.0,4.0,9.0,0.045280586928129196,-0.06544025987386703,1.0,-0.7335339188575745,-1.7157374620437622,-12.350522072710305,0.045280586928129196,0.5906750932335854,0.0,0.4887760076671839,4.0,1.0,5.0,3.0,6.0,8.0,3.0,2.0,2.0,1.0,0.0
11560,0.045280586928129196,0.5906750932335854,0.0,0.4887760076671839,4.0,1.0,5.0,3.0,6.0,8.0,3.0,2.0,2.0,1.0,4.0,1.0906778573989868,-0.7058072686195374,0.0,-1.0492799282073975,-0.892968475818634,-15.801053314536885,1.135958444327116,0.0,0.0,0.0,1.0,2.0,6.0,4.0,1.0,9.0,4.0,3.0,3.0,2.0,0.0
11561,1.135958444327116,0.0,0.0,0.0,1.0,2.0,6.0,4.0,1.0,9.0,4.0,3.0,3.0,2.0,4.0,0.20322002470493317,-0.4517652690410614,3.0,0.4284501075744629,0.4273048937320709,-14.176227668103985,1.3391784690320492,0.0,0.4284501075744629,0.4273048937320709,2.0,3.0,7.0,1.0,1.0,10.0,5.0,4.0,4.0,3.0,0.0
11562,1.3391784690320492,0.0,0.4284501075744629,0.4273048937320709,2.0,3.0,7.0,1.0,1.0,10.0,5.0,4.0,4.0,3.0,6.0,0.6492781639099121,-0.8259462118148804,8.0,-1.1685285568237305,0.028796561062335968,-21.620707066772326,1.9884566329419613,0.0,0.0,0.4561014547944069,3.0,4.0,8.0,2.0,2.0,11.0,1.0,5.0,1.0,4.0,0.0
11563,1.9884566329419613,0.0,0.0,0.4561014547944069,3.0,4.0,8.0,2.0,2.0,11.0,1.0,5.0,1.0,4.0,0.0,0.139118492603302,0.2111046463251114,3.0,-0.9944769740104675,1.0042043924331665,-11.961004120005338,2.1275751255452633,0.2111046463251114,0.0,1.4603058472275734,1.0,5.0,9.0,1.0,3.0,12.0,2.0,6.0,2.0,5.0,0.0
11564,2.1275751255452633,0.2111046463251114,0.0,1.4603058472275734,1.0,5.0,9.0,1.0,3.0,12.0,2.0,6.0,2.0,5.0,9.0,-0.3662007749080658,-0.6309677958488464,4.0,-1.3378899097442627,0.36758729815483093,-19.62274710173315,1.7613743506371975,0.0,0.0,1.8278931453824043,2.0,6.0,10.0,2.0,1.0,13.0,3.0,7.0,3.0,1.0,0.0
11565,1.7613743506371975,0.0,0.0,1.8278931453824043,2.0,6.0,10.0,2.0,1.0,13.0,3.0,7.0,3.0,1.0,0.0,-0.2171068638563156,-1.779417634010315,0.0,-1.3159637451171875,0.2006089687347412,-22.2896634473244,1.5442674867808819,0.0,0.0,2.0285021141171455,1.0,7.0,11.0,3.0,2.0,14.0,4.0,8.0,4.0,2.0,0.0
11566,1.5442674867808819,0.0,0.0,2.0285021141171455,1.0,7.0,11.0,3.0,2.0,14.0,4.0,8.0,4.0,2.0,0.0,0.6508792638778687,-1.7978819608688354,5.0,0.8802223205566406,-0.17056258022785187,-19.73383901160478,2.1951467506587505,0.0,0.8802223205566406,1.8579395338892937,1.0,8.0,12.0,4.0,3.0,1.0,5.0,9.0,5.0,3.0,0.0
11567,2.1951467506587505,0.0,0.8802223205566406,1.8579395338892937,1.0,8.0,12.0,4.0,3.0,1.0,5.0,9.0,5.0,3.0,0.0,-0.9195837378501892,1.1697514057159424,2.0,-1.8019053936004639,0.3838218152523041,-14.83136797915822,1.2755630128085613,1.1697514057159424,0.0,2.2417613491415977,1.0,9.0,1.0,5.0,4.0,2.0,6.0,10.0,6.0,4.0,0.0
11568,1.2755630128085613,1.1697514057159424,0.0,2.2417613491415977,1.0,9.0,1.0,5.0,4.0,2.0,6.0,10.0,6.0,4.0,3.0,-1.52724027633667,-0.9174425005912781,8.0,0.7579694390296936,1.293648362159729,-11.248720948408817,0.0,0.2523089051246643,0.7579694390296936,3.5354097113013268,2.0,10.0,2.0,1.0,5.0,3.0,7.0,11.0,1.0,5.0,0.0
11569,0.0,0.2523089051246643,0.7579694390296936,3.5354097113013268,2.0,10.0,2.0,1.0,5.0,3.0,7.0,11.0,1.0,5.0,3.0,1.1463284492492676,-0.4629223644733429,8.0,-1.7672024965286255,-1.0170385837554932,-18.193555547677523,1.1463284492492676,0.0,0.0,2.5183711275458336,3.0,11.0,3.0,1.0,6.0,4.0,8.0,12.0,1.0,6.0,0.0
11570,1.1463284492492676,0.0,0.0,2.5183711275458336,3.0,11.0,3.0,1.0,6.0,4.0,8.0,12.0,1.0,6.0,4.0,-1.7696449756622314,-1.5518156290054321,1.0,0.23557381331920624,-1.249346375465393,-23.277115610275395,0.0,0.0,0.23557381331920624,1.2690247520804405,4.0,1.0,4.0,2.0,1.0,5.0,9.0,13.0,2.0,7.0,0.0
11571,0.0,0.0,0.23557381331920624,1.2690247520804405,4.0,1.0,4.0,2.0,1.0,5.0,9.0,13.0,2.0,7.0,0.0,0.9659882187843323,-0.5722741484642029,8.0,0.35415828227996826,1.0389950275421143,-11.701839445210354,0.9659882187843323,0.0,0.5897320955991745,2.308019779622555,1.0,2.0,5.0,3.0,2.0,6.0,10.0,14.0,1.0,8.0,0.0
11572,0.9659882187843323,0.0,0.5897320955991745,2.308019779622555,1.0,2.0,5.0,3.0,2.0,6.0,10.0,14.0,1.0,8.0,0.0,-1.1310310363769531,-0.9568854570388794,7.0,0.18148796260356903,0.8128665685653687,-13.474020442738937,0.0,0.0,0.7712200582027435,3.1208863481879234,1.0,3.0,6.0,4.0,3.0,7.0,11.0,1.0,2.0,9.0,0.0
11573,0.0,0.0,0.7712200582027435,3.1208863481879234,1.0,3.0,6.0,4.0,3.0,7.0,11.0,1.0,2.0,9.0,9.0,0.4446571171283722,1.0649992227554321,6.0,-1.3872323036193848,-1.5676506757736206,-14.570727963542042,0.4446571171283722,1.0649992227554321,0.0,1.5532356724143028,2.0,4.0,7.0,5.0,4.0,8.0,1.0,2.0,3.0,1.0,0.0
11574,0.4446571171283722,1.0649992227554321,0.0,1.5532356724143028,2.0,4.0,7.0,5.0,4.0,8.0,1.0,2.0,3.0,1.0,8.0,0.8507740497589111,-1.4138493537902832,0.0,-0.8910084366798401,-1.404975414276123,-16.31966453853839,1.2954311668872833,0.0,0.0,0.14826025813817978,1.0,5.0,8.0,6.0,5.0,9.0,2.0,3.0,1.0,2.0,0.0
11575,1.2954311668872833,0.0,0.0,0.14826025813817978,1.0,5.0,8.0,6.0,5.0,9.0,2.0,3.0,1.0,2.0,0.0,0.7776813507080078,-1.4308668375015259,5.0,-0.6418609023094177,0.5687713027000427,-21.980616475886535,2.073112517595291,0.0,0.0,0.7170315608382225,1.0,6.0,9.0,7.0,6.0,1.0,3.0,4.0,2.0,3.0,0.0
11576,2.073112517595291,0.0,0.0,0.7170315608382225,1.0,6.0,9.0,7.0,6.0,1.0,3.0,4.0,2.0,3.0,8.0,1.1633206605911255,1.1874065399169922,5.0,-1.8441038131713867,-1.280104398727417,-25.36610465054983,3.2364331781864166,1.1874065399169922,0.0,0.0,2.0,7.0,10.0,8.0,7.0,1.0,4.0,5.0,1.0,4.0,0.0
11577,3.2364331781864166,1.1874065399169922,0.0,0.0,2.0,7.0,10.0,8.0,7.0,1.0,4.0,5.0,1.0,4.0,4.0,0.6777265667915344,-0.9084239602088928,2.0,-1.355159044265747,-1.0171840190887451,-22.6228986869637,3.914159744977951,0.27898257970809937,0.0,0.0,3.0,8.0,1.0,9.0,1.0,2.0,5.0,6.0,2.0,5.0,0.0
11578,3.914159744977951,0.27898257970809937,0.0,0.0,3.0,8.0,1.0,9.0,1.0,2.0,5.0,6.0,2.0,5.0,3.0,-1.569397211074829,-0.026871182024478912,7.0,0.643984317779541,0.8000757694244385,-9.681247541164392,2.344762533903122,0.25211139768362045,0.643984317779541,0.8000757694244385,4.0,9.0,2.0,1.0,2.0,3.0,6.0,1.0,3.0,6.0,0.0
11579,2.344762533903122,0.25211139768362045,0.643984317779541,0.8000757694244385,4.0,9.0,2.0,1.0,2.0,3.0,6.0,1.0,3.0,6.0,4.0,-1.4032809734344482,1.1742488145828247,1.0,-1.617680311203003,-1.517870545387268,-18.408591792287034,0.9414815604686737,1.4263602122664452,0.0,0.0,5.0,1.0,3.0,2.0,1.0,4.0,7.0,2.0,4.0,7.0,0.0
11580,0.9414815604686737,1.4263602122664452,0.0,0.0,5.0,1.0,3.0,2.0,1.0,4.0,7.0,2.0,4.0,7.0,9.0,-1.6951661109924316,-0.44110116362571716,8.0,-1.224467396736145,-1.3376688957214355,-22.889116235060374,0.0,0.985259048640728,0.0,0.0,6.0,2.0,4.0,3.0,2.0,5.0,8.0,3.0,1.0,1.0,0.0
11581,0.0,0.985259048640728,0.0,0.0,6.0,2.0,4.0,3.0,2.0,5.0,8.0,3.0,1.0,1.0,0.0,-1.5545154809951782,-0.885932981967926,9.0,-1.334101676940918,0.12217513471841812,-20.37385245494246,0.0,0.09932606667280197,0.0,0.12217513471841812,1.0,3.0,5.0,4.0,3.0,6.0,9.0,4.0,2.0,1.0,0.0
11582,0.0,0.09932606667280197,0.0,0.12217513471841812,1.0,3.0,5.0,4.0,3.0,6.0,9.0,4.0,2.0,1.0,8.0,0.885238766670227,-1.3213235139846802,6.0,-1.105407953262329,-0.14438453316688538,-27.676277104786646,0.885238766670227,0.0,0.0,0.0,2.0,4.0,6.0,5.0,4.0,7.0,1.0,5.0,1.0,2.0,0.0
11583,0.885238766670227,0.0,0.0,0.0,2.0,4.0,6.0,5.0,4.0,7.0,1.0,5.0,1.0,2.0,0.0,1.5002580881118774,-1.5365891456604004,5.0,0.15790368616580963,-0.4421965777873993,-21.38333795665857,2.3854968547821045,0.0,0.15790368616580963,0.0,1.0,5.0,7.0,6.0,5.0,1.0,2.0,6.0,2.0,3.0,0.0
11584,2.3854968547821045,0.0,0.15790368616580963,0.0,1.0,5.0,7.0,6.0,5.0,1.0,2.0,6.0,2.0,3.0,4.0,-0.30413323640823364,0.31519725918769836,2.0,-1.066093921661377,0.47368308901786804,-18.847716404363986,2.081363618373871,0.31519725918769836,0.0,0.47368308901786804,2.0,6.0,1.0,7.0,1.0,2.0,3.0,7.0,3.0,4.0,0.0
11585,2.081363618373871,0.31519725918769836,0.0,0.47368308901786804,2.0,6.0,1.0,7.0,1.0,2.0,3.0,7.0,3.0,4.0,8.0,0.7391183376312256,1.1993372440338135,1.0,-0.48869645595550537,0.34289872646331787,-13.199931432800831,2.8204819560050964,1.5145345032215118,0.0,0.8165818154811859,3.0,1.0,2.0,8.0,2.0,3.0,4.0,8.0,1.0,5.0,0.0
11586,2.8204819560050964,1.5145345032215118,0.0,0.8165818154811859,3.0,1.0,2.0,8.0,2.0,3.0,4.0,8.0,1.0,5.0,3.0,1.0823880434036255,1.2672204971313477,3.0,-1.0901156663894653,-0.5919044613838196,-164.35953309957844,3.902869999408722,2.7817550003528595,0.0,0.22467735409736633,4.0,2.0,3.0,1.0,3.0,4.0,5.0,9.0,2.0,6.0,0.0
11587,3.902869999408722,2.7817550003528595,0.0,0.22467735409736633,4.0,2.0,3.0,1.0,3.0,4.0,5.0,9.0,2.0,6.0,9.0,-1.567453384399414,-1.7201738357543945,8.0,-1.791996955871582,0.7127878069877625,-18.085969735119914,2.335416615009308,1.061581164598465,0.0,0.9374651610851288,5.0,3.0,4.0,2.0,4.0,5.0,6.0,10.0,1.0,1.0,0.0
11588,2.335416615009308,1.061581164598465,0.0,0.9374651610851288,5.0,3.0,4.0,2.0,4.0,5.0,6.0,10.0,1.0,1.0,4.0,-1.2725961208343506,-0.4668065905570984,7.0,-1.3579117059707642,-0.8174276351928711,-18.694299467320047,1.0628204941749573,0.5947745740413666,0.0,0.12003752589225769,6.0,4.0,5.0,3.0,1.0,6.0,7.0,1.0,2.0,2.0,0.0
11589,1.0628204941749573,0.5947745740413666,0.0,0.12003752589225769,6.0,4.0,5.0,3.0,1.0,6.0,7.0,1.0,2.0,2.0,9.0,-1.4286235570907593,-0.22512324154376984,6.0,0.4368256628513336,0.1400100737810135,-13.212963251381172,0.0,0.36965133249759674,0.4368256628513336,0.2600475996732712,7.0,5.0,6.0,4.0,2.0,7.0,1.0,2.0,3.0,1.0,0.0
11590,0.0,0.36965133249759674,0.4368256628513336,0.2600475996732712,7.0,5.0,6.0,4.0,2.0,7.0,1.0,2.0,3.0,1.0,0.0,0.45032647252082825,-1.5486280918121338,9.0,-1.4694950580596924,-0.16036221385002136,-17.027711919354466,0.45032647252082825,0.0,0.0,0.09968538582324982,1.0,6.0,7.0,5.0,3.0,8.0,2.0,3.0,4.0,1.0,0.0
11591,0.45032647252082825,0.0,0.0,0.09968538582324982,1.0,6.0,7.0,5.0,3.0,8.0,2.0,3.0,4.0,1.0,8.0,-0.1783706247806549,-1.3768579959869385,9.0,-0.14058516919612885,-0.5817323923110962,-20.66830412169081,0.27195584774017334,0.0,0.0,0.0,2.0,7.0,8.0,6.0,4.0,9.0,3.0,4.0,1.0,1.0,0.0
11592,0.27195584774017334,0.0,0.0,0.0,2.0,7.0,8.0,6.0,4.0,9.0,3.0,4.0,1.0,1.0,0.0,-0.37027955055236816,-1.5569167137145996,0.0,0.210552379488945,-0.9381403923034668,-19.59507253115825,0.0,0.0,0.210552379488945,0.0,1.0,8.0,9.0,7.0,5.0,10.0,4.0,5.0,2.0,2.0,0.0
11593,0.0,0.0,0.210552379488945,0.0,1.0,8.0,9.0,7.0,5.0,10.0,4.0,5.0,2.0,2.0,1.0,1.641520380973816,-1.1964651346206665,5.0,0.8262175917625427,0.5570594072341919,-19.19354479663268,1.641520380973816,0.0,1.0367699712514877,0.5570594072341919,2.0,1.0,10.0,8.0,6.0,1.0,5.0,6.0,3.0,3.0,0.0
11594,1.641520380973816,0.0,1.0367699712514877,0.5570594072341919,2.0,1.0,10.0,8.0,6.0,1.0,5.0,6.0,3.0,3.0,4.0,0.25817474722862244,0.05429215356707573,2.0,-1.2672803401947021,-0.42611217498779297,-16.46499466284473,1.8996951282024384,0.05429215356707573,0.0,0.13094723224639893,3.0,2.0,1.0,9.0,1.0,2.0,6.0,7.0,4.0,4.0,0.0
11595,1.8996951282024384,0.05429215356707573,0.0,0.13094723224639893,3.0,2.0,1.0,9.0,1.0,2.0,6.0,7.0,4.0,4.0,3.0,1.1589667797088623,1.549191951751709,3.0,-0.5748669505119324,0.8371008038520813,-11.665109572446674,3.0586619079113007,1.6034841053187847,0.0,0.9680480360984802,4.0,3.0,2.0,1.0,2.0,3.0,7.0,8.0,5.0,5.0,0.0
11596,3.0586619079113007,1.6034841053187847,0.0,0.9680480360984802,4.0,3.0,2.0,1.0,2.0,3.0,7.0,8.0,5.0,5.0,8.0,-1.20492422580719,-0.7778344750404358,0.0,-1.2455675601959229,0.8517728447914124,-14.997653015772547,1.8537376821041107,0.8256496302783489,0.0,1.8198208808898926,1.0,4.0,3.0,2.0,3.0,4.0,8.0,9.0,1.0,6.0,0.0
11597,1.8537376821041107,0.8256496302783489,0.0,1.8198208808898926,1.0,4.0,3.0,2.0,3.0,4.0,8.0,9.0,1.0,6.0,9.0,-1.7318623065948486,-1.3260565996170044,7.0,-0.18830271065235138,0.13616932928562164,-11.679551435850984,0.12187537550926208,0.0,0.0,1.9559902101755142,2.0,5.0,4.0,3.0,4.0,5.0,9.0,1.0,2.0,1.0,0.0
11598,0.12187537550926208,0.0,0.0,1.9559902101755142,2.0,5.0,4.0,3.0,4.0,5.0,9.0,1.0,2.0,1.0,4.0,-0.22046297788619995,-0.7369775772094727,8.0,-0.8407837152481079,0.17672951519489288,-21.846102687685377,0.0,0.0,0.0,2.132719725370407,3.0,6.0,5.0,4.0,1.0,6.0,10.0,2.0,1.0,2.0,0.0
11599,0.0,0.0,0.0,2.132719725370407,3.0,6.0,5.0,4.0,1.0,6.0,10.0,2.0,1.0,2.0,9.0,-0.22653108835220337,0.14678576588630676,9.0,-0.494951069355011,1.018032193183899,-10.163836503055073,0.0,0.14678576588630676,0.0,3.150751918554306,4.0,7.0,6.0,5.0,2.0,7.0,11.0,3.0,2.0,1.0,1.0
11600,6.544693470001221,9.252612113952637,1.6032322645187378,4.86738920211792,1.0,1.0,1.0,1.0,1.0,1.0,1.0,1.0,1.0,1.0,4.0,-1.330311894416809,-1.990661382675171,0.0,-1.8902565240859985,-1.7552995681762695,-5.090417488084104,5.214381575584412,7.261950731277466,0.0,3.1120896339416504,1.0,2.0,2.0,2.0,1.0,2.0,2.0,2.0,2.0,2.0,0.0
11601,5.214381575584412,7.261950731277466,0.0,3.1120896339416504,1.0,2.0,2.0,2.0,1.0,2.0,2.0,2.0,2.0,2.0,4.0,-1.9389408826828003,-1.9095494747161865,8.0,-1.9151502847671509,-1.7281476259231567,-17.762488558158385,3.2754406929016113,5.352401256561279,0.0,1.3839420080184937,2.0,3.0,3.0,3.0,1.0,3.0,3.0,3.0,1.0,3.0,0.0
11602,3.2754406929016113,5.352401256561279,0.0,1.3839420080184937,2.0,3.0,3.0,3.0,1.0,3.0,3.0,3.0,1.0,3.0,4.0,-1.1475505828857422,-1.075548529624939,5.0,-1.4090325832366943,-1.054463267326355,-19.86724926605796,2.127890110015869,4.27685272693634,0.0,0.32947874069213867,3.0,4.0,4.0,4.0,1.0,1.0,4.0,4.0,2.0,4.0,0.0
11603,2.127890110015869,4.27685272693634,0.0,0.32947874069213867,3.0,4.0,4.0,4.0,1.0,1.0,4.0,4.0,2.0,4.0,8.0,-1.409738302230835,-0.9896956086158752,1.0,-1.0232046842575073,-0.8778226971626282,-15.951435410840297,0.7181518077850342,3.287157118320465,0.0,0.0,4.0,1.0,5.0,5.0,2.0,2.0,5.0,5.0,1.0,5.0,0.0
11604,0.7181518077850342,3.287157118320465,0.0,0.0,4.0,1.0,5.0,5.0,2.0,2.0,5.0,5.0,1.0,5.0,3.0,0.6556053161621094,-1.7838517427444458,0.0,-0.606406569480896,-0.8726061582565308,-11.885762070955405,1.3737571239471436,1.5033053755760193,0.0,0.0,1.0,2.0,6.0,1.0,3.0,3.0,6.0,6.0,2.0,6.0,0.0
11605,1.3737571239471436,1.5033053755760193,0.0,0.0,1.0,2.0,6.0,1.0,3.0,3.0,6.0,6.0,2.0,6.0,0.0,-0.7122398614883423,-0.9163710474967957,7.0,-0.4371025264263153,0.14242303371429443,-10.06030385546104,0.6615172624588013,0.5869343280792236,0.0,0.14242303371429443,1.0,3.0,7.0,2.0,4.0,4.0,7.0,1.0,3.0,7.0,0.0
11606,0.6615172624588013,0.5869343280792236,0.0,0.14242303371429443,1.0,3.0,7.0,2.0,4.0,4.0,7.0,1.0,3.0,7.0,8.0,-1.4600874185562134,1.4265196323394775,8.0,-1.6602402925491333,0.24922269582748413,-25.777946053838708,0.0,2.013453960418701,0.0,0.39164572954177856,2.0,4.0,8.0,3.0,5.0,5.0,8.0,2.0,1.0,8.0,0.0
11607,0.0,2.013453960418701,0.0,0.39164572954177856,2.0,4.0,8.0,3.0,5.0,5.0,8.0,2.0,1.0,8.0,9.0,0.9042538404464722,-1.3862974643707275,4.0,-0.6567196846008301,-1.1248626708984375,-16.307181378080724,0.9042538404464722,0.6271564960479736,0.0,0.0,3.0,5.0,9.0,4.0,1.0,6.0,9.0,3.0,2.0,1.0,0.0
11608,0.9042538404464722,0.6271564960479736,0.0,0.0,3.0,5.0,9.0,4.0,1.0,6.0,9.0,3.0,2.0,1.0,0.0,-0.20346243679523468,-1.2230579853057861,9.0,-1.393141746520996,0.4501478970050812,-16.572544387436096,0.7007914036512375,0.0,0.0,0.4501478970050812,1.0,6.0,10.0,5.0,2.0,7.0,10.0,4.0,3.0,1.0,0.0
11609,0.7007914036512375,0.0,0.0,0.4501478970050812,1.0,6.0,10.0,5.0,2.0,7.0,10.0,4.0,3.0,1.0,8.0,-1.0924406051635742,-1.5096160173416138,3.0,-1.59745192527771,1.0658965110778809,-28.642184024232186,0.0,0.0,0.0,1.516044408082962,2.0,7.0,11.0,1.0,3.0,8.0,11.0,5.0,1.0,2.0,0.0
11610,0.0,0.0,0.0,1.516044408082962,2.0,7.0,11.0,1.0,3.0,8.0,11.0,5.0,1.0,2.0,9.0,0.9826061725616455,-1.3760013580322266,6.0,0.16486431658267975,-0.013369252905249596,-19.48425094410304,0.9826061725616455,0.0,0.16486431658267975,1.5026751551777124,3.0,8.0,12.0,2.0,4.0,9.0,1.0,6.0,2.0,1.0,0.0
11611,0.9826061725616455,0.0,0.16486431658267975,1.5026751551777124,3.0,8.0,12.0,2.0,4.0,9.0,1.0,6.0,2.0,1.0,9.0,-0.4686991572380066,-0.4047777056694031,2.0,-0.7483938336372375,0.27526742219924927,-15.987530916463662,0.5139070153236389,0.0,0.0,1.7779425773769617,4.0,9.0,1.0,3.0,5.0,10.0,2.0,7.0,3.0,1.0,0.0
11612,0.5139070153236389,0.0,0.0,1.7779425773769617,4.0,9.0,1.0,3.0,5.0,10.0,2.0,7.0,3.0,1.0,4.0,-0.24142038822174072,-0.7519218325614929,1.0,-0.5696721076965332,-0.6158440113067627,-20.785056760970882,0.2724866271018982,0.0,0.0,1.162098566070199,5.0,1.0,2.0,4.0,1.0,11.0,3.0,8.0,4.0,2.0,0.0
11613,0.2724866271018982,0.0,0.0,1.162098566070199,5.0,1.0,2.0,4.0,1.0,11.0,3.0,8.0,4.0,2.0,0.0,0.8747977614402771,-1.3354464769363403,0.0,-0.3574073612689972,0.15021464228630066,-14.359897254850702,1.1472843885421753,0.0,0.0,1.3123132083564997,1.0,2.0,3.0,5.0,2.0,12.0,4.0,9.0,5.0,3.0,0.0
11614,1.1472843885421753,0.0,0.0,1.3123132083564997,1.0,2.0,3.0,5.0,2.0,12.0,4.0,9.0,5.0,3.0,9.0,1.4694664478302002,0.10743655264377594,3.0,-0.03036191314458847,-0.2903174161911011,-8.159463587799657,2.6167508363723755,0.10743655264377594,0.0,1.0219957921653986,2.0,3.0,4.0,1.0,3.0,13.0,5.0,10.0,6.0,1.0,0.0
11615,2.6167508363723755,0.10743655264377594,0.0,1.0219957921653986,2.0,3.0,4.0,1.0,3.0,13.0,5.0,10.0,6.0,1.0,5.0,-0.7789594531059265,-1.6913361549377441,8.0,-0.8379961848258972,0.11714310944080353,-25.91751119695955,1.837791383266449,0.0,0.0,1.1391389016062021,3.0,4.0,5.0,2.0,4.0,1.0,6.0,11.0,1.0,2.0,0.0
11616,1.837791383266449,0.0,0.0,1.1391389016062021,3.0,4.0,5.0,2.0,4.0,1.0,6.0,11.0,1.0,2.0,9.0,-1.619177222251892,-1.3926656246185303,6.0,-1.2729276418685913,-0.5948885679244995,-25.69430458804773,0.21861416101455688,0.0,0.0,0.5442503336817026,4.0,5.0,6.0,3.0,5.0,2.0,1.0,12.0,2.0,1.0,0.0
11617,0.21861416101455688,0.0,0.0,0.5442503336817026,4.0,5.0,6.0,3.0,5.0,2.0,1.0,12.0,2.0,1.0,7.0,-0.9214683175086975,-1.1720044612884521,0.0,-1.05177640914917,-0.03483300656080246,-19.87230946989332,0.0,0.0,0.0,0.5094173271209002,1.0,6.0,7.0,4.0,6.0,3.0,2.0,1.0,3.0,2.0,0.0
11618,0.0,0.0,0.0,0.5094173271209002,1.0,6.0,7.0,4.0,6.0,3.0,2.0,1.0,3.0,2.0,9.0,1.28107750415802,-0.7299354672431946,2.0,-0.25648191571235657,-1.0623250007629395,-18.336698106005926,1.28107750415802,0.0,0.0,0.0,2.0,7.0,1.0,5.0,7.0,4.0,3.0,2.0,4.0,1.0,0.0
11619,1.28107750415802,0.0,0.0,0.0,2.0,7.0,1.0,5.0,7.0,4.0,3.0,2.0,4.0,1.0,4.0,-1.4979331493377686,-0.16470657289028168,8.0,-0.9105668663978577,0.060830600559711456,-21.39522288740632,0.0,0.0,0.0,0.060830600559711456,3.0,8.0,2.0,6.0,1.0,5.0,4.0,3.0,1.0,2.0,0.0
11620,0.0,0.0,0.0,0.060830600559711456,3.0,8.0,2.0,6.0,1.0,5.0,4.0,3.0,1.0,2.0,3.0,-0.7813200354576111,0.23172912001609802,1.0,-0.8233922123908997,-0.11980951577425003,-18.693553792643893,0.0,0.23172912001609802,0.0,0.0,4.0,1.0,3.0,1.0,2.0,6.0,5.0,4.0,2.0,3.0,0.0
11621,0.0,0.23172912001609802,0.0,0.0,4.0,1.0,3.0,1.0,2.0,6.0,5.0,4.0,2.0,3.0,0.0,-0.2607160210609436,-0.9915779829025269,3.0,0.7876023054122925,-0.6462978720664978,-15.152898202010775,0.0,0.0,0.7876023054122925,0.0,1.0,2.0,4.0,1.0,3.0,7.0,6.0,5.0,3.0,4.0,0.0
11622,0.0,0.0,0.7876023054122925,0.0,1.0,2.0,4.0,1.0,3.0,7.0,6.0,5.0,3.0,4.0,9.0,0.9506527185440063,0.4832623600959778,5.0,0.669464111328125,-0.723899781703949,-13.733144215897202,0.9506527185440063,0.4832623600959778,1.4570664167404175,0.0,2.0,3.0,5.0,2.0,4.0,1.0,7.0,6.0,4.0,1.0,0.0
11623,0.9506527185440063,0.4832623600959778,1.4570664167404175,0.0,2.0,3.0,5.0,2.0,4.0,1.0,7.0,6.0,4.0,1.0,4.0,-0.6996996998786926,-0.48203372955322266,8.0,-1.6030396223068237,-0.7941641211509705,-19.500786589811664,0.2509530186653137,0.001228630542755127,0.0,0.0,3.0,4.0,6.0,3.0,1.0,2.0,8.0,7.0,1.0,2.0,0.0
11624,0.2509530186653137,0.001228630542755127,0.0,0.0,3.0,4.0,6.0,3.0,1.0,2.0,8.0,7.0,1.0,2.0,9.0,1.141011357307434,0.02371632121503353,10.0,-1.3350446224212646,0.15880732238292694,-12.033822012130656,1.3919643759727478,0.024944951757788658,0.0,0.15880732238292694,4.0,5.0,7.0,4.0,2.0,3.0,9.0,8.0,2.0,1.0,0.0
11625,1.3919643759727478,0.024944951757788658,0.0,0.15880732238292694,4.0,5.0,7.0,4.0,2.0,3.0,9.0,8.0,2.0,1.0,0.0,0.5658440589904785,-0.6359987854957581,0.0,0.2128046303987503,-0.555295467376709,-11.32769304336719,1.9578084349632263,0.0,0.2128046303987503,0.0,1.0,6.0,8.0,5.0,3.0,4.0,10.0,9.0,3.0,2.0,0.0
11626,1.9578084349632263,0.0,0.2128046303987503,0.0,1.0,6.0,8.0,5.0,3.0,4.0,10.0,9.0,3.0,2.0,8.0,-0.18020766973495483,-0.9912498593330383,6.0,0.3629145622253418,1.0351048707962036,-20.825812891231525,1.7776007652282715,0.0,0.5757191926240921,1.0351048707962036,2.0,7.0,9.0,6.0,4.0,5.0,1.0,10.0,1.0,3.0,0.0
11627,1.7776007652282715,0.0,0.5757191926240921,1.0351048707962036,2.0,7.0,9.0,6.0,4.0,5.0,1.0,10.0,1.0,3.0,8.0,-0.5453445315361023,-0.6517554521560669,2.0,-1.529793620109558,-0.1250671148300171,-24.085872939158886,1.2322562336921692,0.0,0.0,0.9100377559661865,3.0,8.0,1.0,7.0,5.0,6.0,2.0,11.0,1.0,4.0,0.0
11628,1.2322562336921692,0.0,0.0,0.9100377559661865,3.0,8.0,1.0,7.0,5.0,6.0,2.0,11.0,1.0,4.0,9.0,-0.4478589594364166,-0.004726065788418055,1.0,-0.17134599387645721,-0.14114849269390106,-10.590713173217495,0.7843972742557526,0.0,0.0,0.7688892632722855,4.0,1.0,2.0,8.0,6.0,7.0,3.0,12.0,2.0,1.0,0.0
11629,0.7843972742557526,0.0,0.0,0.7688892632722855,4.0,1.0,2.0,8.0,6.0,7.0,3.0,12.0,2.0,1.0,7.0,0.8630614876747131,0.342035710811615,3.0,-1.297197937965393,-0.9281328916549683,-15.500009384503834,1.6474587619304657,0.342035710811615,0.0,0.0,5.0,2.0,3.0,1.0,7.0,8.0,4.0,1.0,3.0,2.0,0.0
11630,1.6474587619304657,0.342035710811615,0.0,0.0,5.0,2.0,3.0,1.0,7.0,8.0,4.0,1.0,3.0,2.0,4.0,-0.18014872074127197,0.21273143589496613,8.0,-1.885240912437439,0.5364176034927368,-22.531186098723527,1.4673100411891937,0.5547671467065811,0.0,0.5364176034927368,6.0,3.0,4.0,2.0,1.0,9.0,5.0,2.0,1.0,3.0,0.0
11631,1.4673100411891937,0.5547671467065811,0.0,0.5364176034927368,6.0,3.0,4.0,2.0,1.0,9.0,5.0,2.0,1.0,3.0,0.0,-0.04492659494280815,-1.5621745586395264,3.0,-0.45612311363220215,0.3582843542098999,-14.152416238184394,1.4223834462463856,0.0,0.0,0.8947019577026367,1.0,4.0,5.0,1.0,2.0,10.0,6.0,3.0,2.0,4.0,0.0
11632,1.4223834462463856,0.0,0.0,0.8947019577026367,1.0,4.0,5.0,1.0,2.0,10.0,6.0,3.0,2.0,4.0,9.0,0.5897853374481201,-1.817905306816101,0.0,-1.3684322834014893,-0.2610352635383606,-21.858297684749132,2.0121687836945057,0.0,0.0,0.6336666941642761,1.0,5.0,6.0,2.0,3.0,11.0,7.0,4.0,3.0,1.0,0.0
11633,2.0121687836945057,0.0,0.0,0.6336666941642761,1.0,5.0,6.0,2.0,3.0,11.0,7.0,4.0,3.0,1.0,0.0,0.7670450806617737,-1.262811541557312,8.0,-0.6630104184150696,0.7659589052200317,-18.986391661628836,2.7792138643562794,0.0,0.0,1.3996255993843079,1.0,6.0,7.0,3.0,4.0,12.0,8.0,5.0,1.0,2.0,0.0
11634,2.7792138643562794,0.0,0.0,1.3996255993843079,1.0,6.0,7.0,3.0,4.0,12.0,8.0,5.0,1.0,2.0,0.0,0.11014111340045929,-1.184429407119751,3.0,-0.5235533118247986,-0.15962953865528107,-16.591979586284985,2.8893549777567387,0.0,0.0,1.2399960607290268,1.0,7.0,8.0,1.0,5.0,13.0,9.0,6.0,2.0,3.0,0.0
11635,2.8893549777567387,0.0,0.0,1.2399960607290268,1.0,7.0,8.0,1.0,5.0,13.0,9.0,6.0,2.0,3.0,5.0,-1.019373893737793,-1.2051013708114624,10.0,-1.1835684776306152,-1.0051008462905884,-22.56502843124605,1.8699810840189457,0.0,0.0,0.23489521443843842,2.0,8.0,9.0,2.0,6.0,1.0,10.0,7.0,3.0,4.0,0.0
11636,1.8699810840189457,0.0,0.0,0.23489521443843842,2.0,8.0,9.0,2.0,6.0,1.0,10.0,7.0,3.0,4.0,4.0,-0.05317161977291107,-1.1082453727722168,2.0,-0.42605382204055786,0.7918462753295898,-23.006702545983888,1.8168094642460346,0.0,0.0,1.0267414897680283,3.0,9.0,1.0,3.0,1.0,2.0,11.0,8.0,4.0,5.0,0.0
11637,1.8168094642460346,0.0,0.0,1.0267414897680283,3.0,9.0,1.0,3.0,1.0,2.0,11.0,8.0,4.0,5.0,4.0,-1.8162939548492432,1.428351879119873,6.0,-1.0864454507827759,0.4391980469226837,-22.44584516605668,0.0005155093967914581,1.428351879119873,0.0,1.465939536690712,4.0,10.0,2.0,4.0,1.0,3.0,1.0,9.0,5.0,6.0,0.0
11638,0.0005155093967914581,1.428351879119873,0.0,1.465939536690712,4.0,10.0,2.0,4.0,1.0,3.0,1.0,9.0,5.0,6.0,3.0,0.08084883540868759,0.40950560569763184,8.0,-0.670654833316803,-0.38004326820373535,-14.286588967338414,0.08136434480547905,1.8378574848175049,0.0,1.0858962684869766,5.0,11.0,3.0,1.0,2.0,4.0,2.0,10.0,1.0,7.0,0.0
11639,0.08136434480547905,1.8378574848175049,0.0,1.0858962684869766,5.0,11.0,3.0,1.0,2.0,4.0,2.0,10.0,1.0,7.0,1.0,-1.2976335287094116,-0.6098363399505615,1.0,-1.089686393737793,-1.4292564392089844,-24.65362450084612,0.0,1.2280211448669434,0.0,0.0,6.0,1.0,4.0,2.0,3.0,5.0,3.0,11.0,2.0,8.0,0.0
11640,0.0,1.2280211448669434,0.0,0.0,6.0,1.0,4.0,2.0,3.0,5.0,3.0,11.0,2.0,8.0,9.0,0.11298468708992004,-0.8269125819206238,7.0,-1.0146476030349731,-0.4279487133026123,-13.57793022192126,0.11298468708992004,0.4011085629463196,0.0,0.0,7.0,2.0,5.0,3.0,4.0,6.0,4.0,1.0,3.0,1.0,0.0
11641,0.11298468708992004,0.4011085629463196,0.0,0.0,7.0,2.0,5.0,3.0,4.0,6.0,4.0,1.0,3.0,1.0,0.0,-0.1138395294547081,0.16517695784568787,0.0,-1.4029396772384644,-0.848827064037323,-13.894915252243791,0.0,0.5662855207920074,0.0,0.0,1.0,3.0,6.0,4.0,5.0,7.0,5.0,2.0,4.0,2.0,0.0
11642,0.0,0.5662855207920074,0.0,0.0,1.0,3.0,6.0,4.0,5.0,7.0,5.0,2.0,4.0,2.0,4.0,0.6166417002677917,-1.2822538614273071,8.0,-0.12244080752134323,0.17881599068641663,-19.35052339128911,0.6166417002677917,0.0,0.0,0.17881599068641663,2.0,4.0,7.0,5.0,1.0,8.0,6.0,3.0,1.0,3.0,0.0
11643,0.6166417002677917,0.0,0.0,0.17881599068641663,2.0,4.0,7.0,5.0,1.0,8.0,6.0,3.0,1.0,3.0,0.0,0.859230637550354,-1.4902963638305664,6.0,0.9239253997802734,0.6999576687812805,-17.862077348274887,1.4758723378181458,0.0,0.9239253997802734,0.8787736594676971,1.0,5.0,8.0,6.0,2.0,9.0,1.0,4.0,2.0,4.0,0.0
11644,1.4758723378181458,0.0,0.9239253997802734,0.8787736594676971,1.0,5.0,8.0,6.0,2.0,9.0,1.0,4.0,2.0,4.0,9.0,1.5076000690460205,0.3659377098083496,0.0,1.410814881324768,-1.038502812385559,-6.418152280894761,2.9834724068641663,0.3659377098083496,2.3347402811050415,0.0,1.0,6.0,9.0,7.0,3.0,10.0,2.0,5.0,3.0,1.0,0.0
11645,2.9834724068641663,0.3659377098083496,2.3347402811050415,0.0,1.0,6.0,9.0,7.0,3.0,10.0,2.0,5.0,3.0,1.0,8.0,0.7079004049301147,-0.03555602580308914,2.0,-1.0538511276245117,-1.2842825651168823,-20.976091981996237,3.691372811794281,0.33038168400526047,1.2808891534805298,0.0,2.0,7.0,1.0,8.0,4.0,11.0,3.0,6.0,1.0,2.0,0.0
11646,3.691372811794281,0.33038168400526047,1.2808891534805298,0.0,2.0,7.0,1.0,8.0,4.0,11.0,3.0,6.0,1.0,2.0,4.0,-0.30054768919944763,0.96515953540802,1.0,1.1772743463516235,-0.43149369955062866,-11.167680914145748,3.3908251225948334,1.2955412194132805,2.4581634998321533,0.0,3.0,1.0,2.0,9.0,1.0,12.0,4.0,7.0,2.0,3.0,0.0
11647,3.3908251225948334,1.2955412194132805,2.4581634998321533,0.0,3.0,1.0,2.0,9.0,1.0,12.0,4.0,7.0,2.0,3.0,3.0,0.11747339367866516,0.20814335346221924,3.0,0.3077569603919983,-1.0229299068450928,-15.707947872582745,3.5082985162734985,1.5036845728754997,2.7659204602241516,0.0,4.0,2.0,3.0,1.0,2.0,13.0,5.0,8.0,3.0,4.0,0.0
11648,3.5082985162734985,1.5036845728754997,2.7659204602241516,0.0,4.0,2.0,3.0,1.0,2.0,13.0,5.0,8.0,3.0,4.0,0.0,-1.5345187187194824,-1.3797144889831543,5.0,-1.799944281578064,0.587136447429657,-10.091563607890418,1.9737797975540161,0.12397008389234543,0.9659761786460876,0.587136447429657,1.0,3.0,4.0,2.0,3.0,1.0,6.0,9.0,4.0,5.0,0.0
11649,1.9737797975540161,0.12397008389234543,0.9659761786460876,0.587136447429657,1.0,3.0,4.0,2.0,3.0,1.0,6.0,9.0,4.0,5.0,4.0,-1.5544476509094238,-1.098960280418396,5.0,-1.389400601387024,0.7602716088294983,-24.003437696004077,0.4193321466445923,0.0,0.0,1.3474080562591553,2.0,4.0,5.0,3.0,1.0,1.0,7.0,10.0,5.0,6.0,0.0
11650,0.4193321466445923,0.0,0.0,1.3474080562591553,2.0,4.0,5.0,3.0,1.0,1.0,7.0,10.0,5.0,6.0,9.0,-1.5130479335784912,-0.18757955729961395,8.0,-1.3251553773880005,1.200893759727478,-20.95132269649501,0.0,0.0,0.0,2.5483018159866333,3.0,5.0,6.0,4.0,2.0,2.0,8.0,11.0,1.0,1.0,0.0
11651,0.0,0.0,0.0,2.5483018159866333,3.0,5.0,6.0,4.0,2.0,2.0,8.0,11.0,1.0,1.0,7.0,-0.5882114768028259,1.2814050912857056,2.0,-0.5977823138237,0.008582192473113537,-17.769805264958002,0.0,1.2814050912857056,0.0,2.556884008459747,4.0,6.0,1.0,5.0,3.0,3.0,9.0,1.0,2.0,2.0,0.0
11652,0.0,1.2814050912857056,0.0,2.556884008459747,4.0,6.0,1.0,5.0,3.0,3.0,9.0,1.0,2.0,2.0,1.0,-0.7438249588012695,0.6355475187301636,3.0,-0.42351987957954407,-1.5409313440322876,-15.723864948331055,0.0,1.9169526100158691,0.0,1.0159526644274592,5.0,1.0,2.0,1.0,4.0,4.0,10.0,2.0,3.0,3.0,0.0
11653,0.0,1.9169526100158691,0.0,1.0159526644274592,5.0,1.0,2.0,1.0,4.0,4.0,10.0,2.0,3.0,3.0,4.0,-0.08849512785673141,-1.346464991569519,0.0,-1.263149619102478,0.19598548114299774,-17.097124601495416,0.0,0.5704876184463501,0.0,1.211938145570457,1.0,2.0,3.0,2.0,1.0,5.0,11.0,3.0,4.0,4.0,0.0
11654,0.0,0.5704876184463501,0.0,1.211938145570457,1.0,2.0,3.0,2.0,1.0,5.0,11.0,3.0,4.0,4.0,9.0,-0.3813004195690155,-0.9783436059951782,8.0,-0.4066924750804901,1.6242507696151733,-12.887718729634809,0.0,0.0,0.0,2.8361889151856303,2.0,3.0,4.0,3.0,2.0,6.0,12.0,4.0,1.0,1.0,0.0
11655,0.0,0.0,0.0,2.8361889151856303,2.0,3.0,4.0,3.0,2.0,6.0,12.0,4.0,1.0,1.0,6.0,-1.0454663038253784,-1.4753214120864868,9.0,-1.3133407831192017,-1.0707972049713135,-26.9370642786351,0.0,0.0,0.0,1.7653917102143168,3.0,4.0,5.0,4.0,3.0,7.0,1.0,5.0,2.0,1.0,0.0
11656,0.0,0.0,0.0,1.7653917102143168,3.0,4.0,5.0,4.0,3.0,7.0,1.0,5.0,2.0,1.0,9.0,1.487267017364502,-0.6575795412063599,0.0,-1.0512057542800903,-0.7186011075973511,-14.289331058461793,1.487267017364502,0.0,0.0,1.0467906026169658,1.0,5.0,6.0,5.0,4.0,8.0,2.0,6.0,3.0,1.0,0.0
11657,1.487267017364502,0.0,0.0,1.0467906026169658,1.0,5.0,6.0,5.0,4.0,8.0,2.0,6.0,3.0,1.0,8.0,0.10924743115901947,-0.4300462603569031,5.0,-1.1440998315811157,-0.3967342972755432,-23.898633812761442,1.5965144485235214,0.0,0.0,0.6500563053414226,2.0,6.0,7.0,6.0,5.0,1.0,3.0,7.0,1.0,2.0,0.0
11658,1.5965144485235214,0.0,0.0,0.6500563053414226,2.0,6.0,7.0,6.0,5.0,1.0,3.0,7.0,1.0,2.0,4.0,-1.0169216394424438,-0.33597174286842346,0.0,-0.619666576385498,0.5259275436401367,-15.58796081322345,0.5795928090810776,0.0,0.0,1.1759838489815593,1.0,7.0,8.0,7.0,1.0,2.0,4.0,8.0,2.0,3.0,0.0
11659,0.5795928090810776,0.0,0.0,1.1759838489815593,1.0,7.0,8.0,7.0,1.0,2.0,4.0,8.0,2.0,3.0,8.0,-0.6453201770782471,0.3257654309272766,7.0,-0.555657148361206,-0.4772545099258423,-16.07222902069173,0.0,0.3257654309272766,0.0,0.698729339055717,2.0,8.0,9.0,8.0,2.0,3.0,5.0,1.0,1.0,4.0,0.0
11660,0.0,0.3257654309272766,0.0,0.698729339055717,2.0,8.0,9.0,8.0,2.0,3.0,5.0,1.0,1.0,4.0,8.0,-0.2708915174007416,0.5689444541931152,2.0,-1.1983810663223267,-1.0434613227844238,-23.737542935320093,0.0,0.8947098851203918,0.0,0.0,3.0,9.0,1.0,9.0,3.0,4.0,6.0,2.0,1.0,5.0,0.0
11661,0.0,0.8947098851203918,0.0,0.0,3.0,9.0,1.0,9.0,3.0,4.0,6.0,2.0,1.0,5.0,8.0,-1.071042537689209,1.527717113494873,1.0,1.1816333532333374,0.40817248821258545,-16.011055916320366,0.0,2.422426998615265,1.1816333532333374,0.40817248821258545,4.0,1.0,2.0,10.0,4.0,5.0,7.0,3.0,1.0,6.0,0.0
11662,0.0,2.422426998615265,1.1816333532333374,0.40817248821258545,4.0,1.0,2.0,10.0,4.0,5.0,7.0,3.0,1.0,6.0,3.0,1.4926131963729858,1.1110385656356812,3.0,-0.25329041481018066,-0.6719345450401306,-9.749415285838195,1.4926131963729858,3.533465564250946,0.9283429384231567,0.0,5.0,2.0,3.0,1.0,5.0,6.0,8.0,4.0,2.0,7.0,0.0
11663,1.4926131963729858,3.533465564250946,0.9283429384231567,0.0,5.0,2.0,3.0,1.0,5.0,6.0,8.0,4.0,2.0,7.0,4.0,-1.3968989849090576,-0.6960847973823547,6.0,-0.9351009130477905,-0.7570937871932983,-19.6237734145376,0.09571421146392822,2.8373807668685913,0.0,0.0,6.0,3.0,4.0,2.0,1.0,7.0,1.0,5.0,3.0,8.0,0.0
11664,0.09571421146392822,2.8373807668685913,0.0,0.0,6.0,3.0,4.0,2.0,1.0,7.0,1.0,5.0,3.0,8.0,9.0,0.6794940233230591,-0.1880655735731125,0.0,-1.2463390827178955,-1.391924262046814,-14.208821642754252,0.7752082347869873,2.649315193295479,0.0,0.0,1.0,4.0,5.0,3.0,2.0,8.0,2.0,6.0,4.0,1.0,0.0
11665,0.7752082347869873,2.649315193295479,0.0,0.0,1.0,4.0,5.0,3.0,2.0,8.0,2.0,6.0,4.0,1.0,0.0,0.4474368691444397,-1.6991926431655884,0.0,1.1773674488067627,0.6957478523254395,-5.230837909187624,1.222645103931427,0.9501225501298904,1.1773674488067627,0.6957478523254395,1.0,5.0,6.0,4.0,3.0,9.0,3.0,7.0,5.0,2.0,0.0
11666,1.222645103931427,0.9501225501298904,1.1773674488067627,0.6957478523254395,1.0,5.0,6.0,4.0,3.0,9.0,3.0,7.0,5.0,2.0,9.0,1.508863925933838,-0.20982030034065247,8.0,-1.414101243019104,-0.5915567874908447,-12.017650033360116,2.731509029865265,0.740302249789238,0.0,0.10419106483459473,2.0,6.0,7.0,5.0,4.0,10.0,4.0,8.0,1.0,1.0,0.0
11667,2.731509029865265,0.740302249789238,0.0,0.10419106483459473,2.0,6.0,7.0,5.0,4.0,10.0,4.0,8.0,1.0,1.0,5.0,-0.9326025247573853,-1.5685584545135498,7.0,0.39499130845069885,0.2771829068660736,-16.632063480461785,1.7989065051078796,0.0,0.39499130845069885,0.38137397170066833,3.0,7.0,8.0,6.0,5.0,1.0,5.0,1.0,2.0,2.0,0.0
11668,1.7989065051078796,0.0,0.39499130845069885,0.38137397170066833,3.0,7.0,8.0,6.0,5.0,1.0,5.0,1.0,2.0,2.0,4.0,-0.7428633570671082,-0.48821941018104553,0.0,-1.7655223608016968,-1.252586841583252,-20.943613493461747,1.0560431480407715,0.0,0.0,0.0,1.0,8.0,9.0,7.0,1.0,2.0,6.0,2.0,3.0,3.0,0.0
11669,1.0560431480407715,0.0,0.0,0.0,1.0,8.0,9.0,7.0,1.0,2.0,6.0,2.0,3.0,3.0,8.0,-0.05479305237531662,-0.1292676031589508,2.0,-0.32683485746383667,0.14504247903823853,-18.40794043234153,1.0012500956654549,0.0,0.0,0.14504247903823853,2.0,9.0,1.0,8.0,2.0,3.0,7.0,3.0,1.0,4.0,0.0
11670,1.0012500956654549,0.0,0.0,0.14504247903823853,2.0,9.0,1.0,8.0,2.0,3.0,7.0,3.0,1.0,4.0,8.0,-0.8128084540367126,1.1673038005828857,1.0,1.6182948350906372,-0.7480109930038452,-14.132734648371057,0.18844164162874222,1.1673038005828857,1.6182948350906372,0.0,3.0,1.0,2.0,9.0,3.0,4.0,8.0,4.0,1.0,5.0,0.0
11671,0.18844164162874222,1.1673038005828857,1.6182948350906372,0.0,3.0,1.0,2.0,9.0,3.0,4.0,8.0,4.0,1.0,5.0,3.0,0.35519611835479736,1.1543662548065186,3.0,-0.5578709840774536,-0.26670944690704346,-10.232375030833527,0.5436377599835396,2.3216700553894043,1.0604238510131836,0.0,4.0,2.0,3.0,1.0,4.0,5.0,9.0,5.0,2.0,6.0,0.0
11672,0.5436377599835396,2.3216700553894043,1.0604238510131836,0.0,4.0,2.0,3.0,1.0,4.0,5.0,9.0,5.0,2.0,6.0,0.0,-0.3578490912914276,-1.1904040575027466,6.0,-1.348434567451477,-1.3003218173980713,-18.31037539634092,0.18578866869211197,1.1312659978866577,0.0,0.0,1.0,3.0,4.0,2.0,5.0,6.0,1.0,6.0,3.0,7.0,0.0
11673,0.18578866869211197,1.1312659978866577,0.0,0.0,1.0,3.0,4.0,2.0,5.0,6.0,1.0,6.0,3.0,7.0,9.0,1.1052579879760742,-1.262168288230896,8.0,-0.8883299231529236,0.6669673919677734,-14.720433535166634,1.2910466566681862,0.0,0.0,0.6669673919677734,2.0,4.0,5.0,3.0,6.0,7.0,2.0,7.0,1.0,1.0,0.0
11674,1.2910466566681862,0.0,0.0,0.6669673919677734,2.0,4.0,5.0,3.0,6.0,7.0,2.0,7.0,1.0,1.0,8.0,-0.1793549358844757,-1.275916337966919,5.0,-0.5509082674980164,0.11738693714141846,-25.271707495542135,1.1116917207837105,0.0,0.0,0.7843543291091919,3.0,5.0,6.0,4.0,7.0,1.0,3.0,8.0,1.0,2.0,0.0
11675,1.1116917207837105,0.0,0.0,0.7843543291091919,3.0,5.0,6.0,4.0,7.0,1.0,3.0,8.0,1.0,2.0,4.0,-1.280587911605835,-0.38389867544174194,2.0,-0.3283175528049469,0.6957601308822632,-19.526242066945034,0.0,0.0,0.0,1.480114459991455,4.0,6.0,1.0,5.0,1.0,2.0,4.0,9.0,2.0,3.0,0.0
11676,0.0,0.0,0.0,1.480114459991455,4.0,6.0,1.0,5.0,1.0,2.0,4.0,9.0,2.0,3.0,3.0,-0.30639564990997314,0.7739553451538086,1.0,-1.0753988027572632,0.6622402667999268,-17.08992332196862,0.0,0.7739553451538086,0.0,2.142354726791382,5.0,1.0,2.0,1.0,2.0,3.0,5.0,10.0,3.0,4.0,0.0
11677,0.0,0.7739553451538086,0.0,2.142354726791382,5.0,1.0,2.0,1.0,2.0,3.0,5.0,10.0,3.0,4.0,9.0,-1.3744193315505981,-0.42370229959487915,8.0,-1.4959170818328857,-0.3121630549430847,-23.1665681854599,0.0,0.35025304555892944,0.0,1.8301916718482971,6.0,2.0,3.0,2.0,3.0,4.0,6.0,11.0,1.0,1.0,0.0
11678,0.0,0.35025304555892944,0.0,1.8301916718482971,6.0,2.0,3.0,2.0,3.0,4.0,6.0,11.0,1.0,1.0,0.0,-1.213829755783081,-0.13887986540794373,7.0,-1.634740948677063,0.02075248956680298,-21.754540063418467,0.0,0.21137318015098572,0.0,1.8509441614151,1.0,3.0,4.0,3.0,4.0,5.0,7.0,1.0,2.0,2.0,0.0
11679,0.0,0.21137318015098572,0.0,1.8509441614151,1.0,3.0,4.0,3.0,4.0,5.0,7.0,1.0,2.0,2.0,9.0,1.1264632940292358,-0.5694331526756287,2.0,-0.07964378595352173,-0.3512219190597534,-12.40621732566726,1.1264632940292358,0.0,0.0,1.4997222423553467,2.0,4.0,1.0,4.0,5.0,6.0,8.0,2.0,3.0,1.0,0.0
11680,1.1264632940292358,0.0,0.0,1.4997222423553467,2.0,4.0,1.0,4.0,5.0,6.0,8.0,2.0,3.0,1.0,3.0,0.917181670665741,-0.4354434311389923,3.0,-1.006347894668579,0.3525982201099396,-16.67431592097414,2.043644964694977,0.0,0.0,1.8523204624652863,3.0,5.0,2.0,1.0,6.0,7.0,9.0,3.0,4.0,2.0,0.0
11681,2.043644964694977,0.0,0.0,1.8523204624652863,3.0,5.0,2.0,1.0,6.0,7.0,9.0,3.0,4.0,2.0,4.0,-1.1073107719421387,-0.4246799945831299,8.0,-1.921467900276184,-0.6957194805145264,-25.720572018981123,0.9363341927528381,0.0,0.0,1.1566009819507599,4.0,6.0,3.0,2.0,1.0,8.0,10.0,4.0,1.0,3.0,0.0
11682,0.9363341927528381,0.0,0.0,1.1566009819507599,4.0,6.0,3.0,2.0,1.0,8.0,10.0,4.0,1.0,3.0,0.0,-0.2873293459415436,0.5902844071388245,6.0,-1.010169506072998,0.9239622354507446,-16.58320678948347,0.6490048468112946,0.5902844071388245,0.0,2.0805632174015045,1.0,7.0,4.0,3.0,2.0,9.0,1.0,5.0,2.0,4.0,0.0
11683,0.6490048468112946,0.5902844071388245,0.0,2.0805632174015045,1.0,7.0,4.0,3.0,2.0,9.0,1.0,5.0,2.0,4.0,9.0,-0.24059851467609406,-0.6104074716567993,3.0,-0.9015394449234009,-1.055616021156311,-12.300512511046929,0.4084063321352005,0.0,0.0,1.0249471962451935,2.0,8.0,5.0,1.0,3.0,10.0,2.0,6.0,3.0,1.0,0.0
11684,0.4084063321352005,0.0,0.0,1.0249471962451935,2.0,8.0,5.0,1.0,3.0,10.0,2.0,6.0,3.0,1.0,0.0,1.0952653884887695,-1.336039423942566,7.0,-1.1120069026947021,-0.36092397570610046,-20.326252233676136,1.50367172062397,0.0,0.0,0.664023220539093,1.0,9.0,6.0,2.0,4.0,11.0,3.0,1.0,4.0,2.0,0.0
11685,1.50367172062397,0.0,0.0,0.664023220539093,1.0,9.0,6.0,2.0,4.0,11.0,3.0,1.0,4.0,2.0,8.0,0.12546730041503906,-1.154673457145691,1.0,-0.8785127401351929,-0.12895140051841736,-23.212655137792265,1.629139021039009,0.0,0.0,0.5350718200206757,2.0,1.0,7.0,3.0,5.0,12.0,4.0,2.0,1.0,3.0,0.0
11686,1.629139021039009,0.0,0.0,0.5350718200206757,2.0,1.0,7.0,3.0,5.0,12.0,4.0,2.0,1.0,3.0,0.0,1.3762407302856445,-1.676814079284668,3.0,-1.3831816911697388,-0.6293737888336182,-23.497285658835843,3.0053797513246536,0.0,0.0,0.0,1.0,2.0,8.0,1.0,6.0,13.0,5.0,3.0,2.0,4.0,0.0
11687,3.0053797513246536,0.0,0.0,0.0,1.0,2.0,8.0,1.0,6.0,13.0,5.0,3.0,2.0,4.0,2.0,-0.9966379404067993,-1.8127235174179077,5.0,-1.702368140220642,0.6188787221908569,-33.578169130512634,2.0087418109178543,0.0,0.0,0.6188787221908569,2.0,3.0,1.0,2.0,7.0,1.0,6.0,4.0,3.0,5.0,0.0
11688,2.0087418109178543,0.0,0.0,0.6188787221908569,2.0,3.0,1.0,2.0,7.0,1.0,6.0,4.0,3.0,5.0,4.0,-0.08125746995210648,-0.41500818729400635,8.0,-1.7254972457885742,0.6454321146011353,-22.855125298963614,1.9274843409657478,0.0,0.0,1.2643108367919922,3.0,4.0,2.0,3.0,1.0,2.0,7.0,5.0,1.0,6.0,0.0
11689,1.9274843409657478,0.0,0.0,1.2643108367919922,3.0,4.0,2.0,3.0,1.0,2.0,7.0,5.0,1.0,6.0,3.0,-0.9816988110542297,-0.06752599775791168,6.0,-1.4771772623062134,1.4333057403564453,-21.77084149733328,0.9457855299115181,0.0,0.0,2.6976165771484375,4.0,5.0,3.0,1.0,2.0,3.0,1.0,6.0,2.0,7.0,0.0
11690,0.9457855299115181,0.0,0.0,2.6976165771484375,4.0,5.0,3.0,1.0,2.0,3.0,1.0,6.0,2.0,7.0,9.0,-1.332368016242981,-1.05889093875885,8.0,-1.5166071653366089,0.1797155886888504,-20.95227052428179,0.0,0.0,0.0,2.877332165837288,5.0,6.0,4.0,2.0,3.0,4.0,2.0,7.0,1.0,1.0,0.0
11691,0.0,0.0,0.0,2.877332165837288,5.0,6.0,4.0,2.0,3.0,4.0,2.0,7.0,1.0,1.0,3.0,-1.2481043338775635,0.12221052497625351,0.0,-0.645224928855896,-1.8353742361068726,-17.365311400921488,0.0,0.12221052497625351,0.0,1.0419579297304153,1.0,7.0,5.0,1.0,4.0,5.0,3.0,8.0,2.0,2.0,0.0
11692,0.0,0.12221052497625351,0.0,1.0419579297304153,1.0,7.0,5.0,1.0,4.0,5.0,3.0,8.0,2.0,2.0,0.0,-0.42076578736305237,-0.7678499817848206,8.0,-0.1524408906698227,-0.828170120716095,-15.496694707789555,0.0,0.0,0.0,0.21378780901432037,1.0,8.0,6.0,2.0,5.0,6.0,4.0,9.0,1.0,3.0,0.0
11693,0.0,0.0,0.0,0.21378780901432037,1.0,8.0,6.0,2.0,5.0,6.0,4.0,9.0,1.0,3.0,9.0,-1.1828128099441528,-0.45003974437713623,7.0,0.3235214054584503,0.6137012243270874,-14.923401291076928,0.0,0.0,0.3235214054584503,0.8274890333414078,2.0,9.0,7.0,3.0,6.0,7.0,5.0,1.0,2.0,1.0,0.0
11694,0.0,0.0,0.3235214054584503,0.8274890333414078,2.0,9.0,7.0,3.0,6.0,7.0,5.0,1.0,2.0,1.0,4.0,-0.857194721698761,-0.1765022724866867,9.0,0.6295354962348938,-0.5242154598236084,-16.176828926593384,0.0,0.0,0.9530569016933441,0.3032735735177994,3.0,10.0,8.0,4.0,1.0,8.0,6.0,2.0,3.0,1.0,0.0
11695,0.0,0.0,0.9530569016933441,0.3032735735177994,3.0,10.0,8.0,4.0,1.0,8.0,6.0,2.0,3.0,1.0,8.0,0.441318541765213,-1.352278232574463,9.0,-0.295109361410141,0.494585782289505,-18.096042729053526,0.441318541765213,0.0,0.6579475402832031,0.7978593558073044,4.0,11.0,9.0,5.0,2.0,9.0,7.0,3.0,1.0,1.0,0.0
11696,0.441318541765213,0.0,0.6579475402832031,0.7978593558073044,4.0,11.0,9.0,5.0,2.0,9.0,7.0,3.0,1.0,1.0,0.0,0.33772405982017517,1.0368444919586182,5.0,-0.2631474733352661,0.697229266166687,-11.497252174739288,0.7790426015853882,1.0368444919586182,0.394800066947937,1.4950886219739914,1.0,12.0,10.0,6.0,3.0,1.0,8.0,4.0,2.0,2.0,0.0
11697,0.7790426015853882,1.0368444919586182,0.394800066947937,1.4950886219739914,1.0,12.0,10.0,6.0,3.0,1.0,8.0,4.0,2.0,2.0,8.0,1.3065317869186401,-1.6249445676803589,5.0,0.7408329844474792,-1.2326502799987793,-19.28149015264964,2.0855743885040283,0.0,1.1356330513954163,0.2624383419752121,2.0,13.0,11.0,7.0,4.0,1.0,9.0,5.0,1.0,3.0,0.0
11698,2.0855743885040283,0.0,1.1356330513954163,0.2624383419752121,2.0,13.0,11.0,7.0,4.0,1.0,9.0,5.0,1.0,3.0,4.0,-0.7199897170066833,-0.22538027167320251,7.0,-1.7008236646652222,-1.1818300485610962,-20.58379611954618,1.365584671497345,0.0,0.0,0.0,3.0,14.0,12.0,8.0,1.0,2.0,10.0,1.0,2.0,4.0,0.0
11699,1.365584671497345,0.0,0.0,0.0,3.0,14.0,12.0,8.0,1.0,2.0,10.0,1.0,2.0,4.0,8.0,-0.34096506237983704,-1.3462666273117065,9.0,-0.39310187101364136,-0.3841618001461029,-21.96190582708782,1.024619609117508,0.0,0.0,0.0,4.0,15.0,13.0,9.0,2.0,3.0,11.0,2.0,1.0,1.0,1.0
11700,9.456342697143555,3.839142322540283,1.889625906944275,4.688389301300049,1.0,1.0,1.0,1.0,1.0,1.0,1.0,1.0,1.0,1.0,4.0,-1.6792763471603394,-1.9147967100143433,8.0,-1.8982914686203003,-0.8946770429611206,-5.041984106933943,7.777066349983215,1.92434561252594,0.0,3.7937122583389282,2.0,2.0,2.0,2.0,1.0,2.0,2.0,2.0,1.0,2.0,0.0
11701,7.777066349983215,1.92434561252594,0.0,3.7937122583389282,2.0,2.0,2.0,2.0,1.0,2.0,2.0,2.0,1.0,2.0,4.0,-1.5249156951904297,-0.7471444010734558,0.0,-1.7209035158157349,-1.2508533000946045,-13.294549265474151,6.252150654792786,1.1772012114524841,0.0,2.5428589582443237,1.0,3.0,3.0,3.0,1.0,3.0,3.0,3.0,2.0,3.0,0.0
11702,6.252150654792786,1.1772012114524841,0.0,2.5428589582443237,1.0,3.0,3.0,3.0,1.0,3.0,3.0,3.0,2.0,3.0,4.0,-1.8429837226867676,-1.4028481245040894,2.0,-1.6253103017807007,-0.9927164316177368,-20.763861228021028,4.409166932106018,0.0,0.0,1.550142526626587,2.0,4.0,1.0,4.0,1.0,4.0,4.0,4.0,3.0,4.0,0.0
11703,4.409166932106018,0.0,0.0,1.550142526626587,2.0,4.0,1.0,4.0,1.0,4.0,4.0,4.0,3.0,4.0,8.0,-1.741094946861267,-0.5111622214317322,0.0,-1.3332802057266235,1.002572774887085,-18.257460870837924,2.668071985244751,0.0,0.0,2.552715301513672,1.0,5.0,2.0,5.0,2.0,5.0,5.0,5.0,1.0,5.0,0.0
11704,2.668071985244751,0.0,0.0,2.552715301513672,1.0,5.0,2.0,5.0,2.0,5.0,5.0,5.0,1.0,5.0,3.0,-1.5661202669143677,-0.3439301550388336,3.0,-1.8535903692245483,0.7242358326911926,-19.40035657749038,1.1019517183303833,0.0,0.0,3.2769511342048645,2.0,6.0,3.0,1.0,3.0,6.0,6.0,6.0,2.0,6.0,0.0
11705,1.1019517183303833,0.0,0.0,3.2769511342048645,2.0,6.0,3.0,1.0,3.0,6.0,6.0,6.0,2.0,6.0,9.0,-1.0722200870513916,-0.19383904337882996,0.0,-1.4376581907272339,-0.4693038761615753,-14.612929125815624,0.0297316312789917,0.0,0.0,2.807647258043289,1.0,7.0,4.0,2.0,4.0,7.0,7.0,7.0,3.0,1.0,0.0
11706,0.0297316312789917,0.0,0.0,2.807647258043289,1.0,7.0,4.0,2.0,4.0,7.0,7.0,7.0,3.0,1.0,1.0,-0.3066299855709076,0.7498412728309631,8.0,-1.519493818283081,-0.9609224796295166,-21.188710526224707,0.0,0.7498412728309631,0.0,1.8467247784137726,2.0,1.0,5.0,3.0,5.0,8.0,8.0,8.0,1.0,2.0,0.0
11707,0.0,0.7498412728309631,0.0,1.8467247784137726,2.0,1.0,5.0,3.0,5.0,8.0,8.0,8.0,1.0,2.0,0.0,1.3178545236587524,-0.15258407592773438,3.0,-1.1653755903244019,-1.0047239065170288,-13.622835139816514,1.3178545236587524,0.5972571969032288,0.0,0.8420008718967438,1.0,2.0,6.0,1.0,6.0,9.0,9.0,9.0,2.0,3.0,0.0
11708,1.3178545236587524,0.5972571969032288,0.0,0.8420008718967438,1.0,2.0,6.0,1.0,6.0,9.0,9.0,9.0,2.0,3.0,4.0,-0.6935839653015137,-1.586550235748291,8.0,-0.04727740213274956,1.0454241037368774,-19.62054287119717,0.6242705583572388,0.0,0.0,1.8874249756336212,2.0,3.0,7.0,2.0,1.0,10.0,10.0,10.0,1.0,4.0,0.0
11709,0.6242705583572388,0.0,0.0,1.8874249756336212,2.0,3.0,7.0,2.0,1.0,10.0,10.0,10.0,1.0,4.0,0.0,-1.1036800146102905,-0.2828817665576935,5.0,-0.7512556910514832,-1.2464866638183594,-19.43837178649953,0.0,0.0,0.0,0.6409383118152618,1.0,4.0,8.0,3.0,2.0,1.0,11.0,11.0,2.0,5.0,0.0
11710,0.0,0.0,0.0,0.6409383118152618,1.0,4.0,8.0,3.0,2.0,1.0,11.0,11.0,2.0,5.0,0.0,-1.5849299430847168,1.2431981563568115,5.0,-1.229810118675232,1.5331064462661743,-26.749603000557222,0.0,1.2431981563568115,0.0,2.174044758081436,1.0,5.0,9.0,4.0,3.0,1.0,12.0,12.0,3.0,6.0,0.0
11711,0.0,1.2431981563568115,0.0,2.174044758081436,1.0,5.0,9.0,4.0,3.0,1.0,12.0,12.0,3.0,6.0,3.0,-0.9354668259620667,-1.134150743484497,2.0,1.340990662574768,1.0655174255371094,-16.533876358430888,0.0,0.10904741287231445,1.340990662574768,3.2395621836185455,2.0,6.0,1.0,1.0,4.0,2.0,13.0,13.0,4.0,7.0,0.0
11712,0.0,0.10904741287231445,1.340990662574768,3.2395621836185455,2.0,6.0,1.0,1.0,4.0,2.0,13.0,13.0,4.0,7.0,4.0,-0.6289029717445374,-0.431588351726532,6.0,-1.5233206748962402,1.0489026308059692,-23.329933361373627,0.0,0.0,0.0,4.288464814424515,3.0,7.0,2.0,2.0,1.0,3.0,1.0,14.0,5.0,8.0,0.0
11713,0.0,0.0,0.0,4.288464814424515,3.0,7.0,2.0,2.0,1.0,3.0,1.0,14.0,5.0,8.0,3.0,-0.8642033338546753,-1.515230655670166,8.0,-1.8629909753799438,-0.34675443172454834,-28.664860980611685,0.0,0.0,0.0,3.9417103826999664,4.0,8.0,3.0,1.0,2.0,4.0,2.0,15.0,1.0,9.0,0.0
11714,0.0,0.0,0.0,3.9417103826999664,4.0,8.0,3.0,1.0,2.0,4.0,2.0,15.0,1.0,9.0,9.0,-0.3875294625759125,-0.554446280002594,8.0,-1.7514861822128296,-0.7564968466758728,-21.059422101272027,0.0,0.0,0.0,3.1852135360240936,5.0,9.0,4.0,2.0,3.0,5.0,3.0,16.0,1.0,1.0,0.0
11715,0.0,0.0,0.0,3.1852135360240936,5.0,9.0,4.0,2.0,3.0,5.0,3.0,16.0,1.0,1.0,7.0,-1.6020865440368652,-1.3517203330993652,2.0,-1.8600223064422607,-0.3932759761810303,-31.83444653063021,0.0,0.0,0.0,2.7919375598430634,6.0,10.0,1.0,3.0,4.0,6.0,4.0,1.0,2.0,2.0,0.0
11716,0.0,0.0,0.0,2.7919375598430634,6.0,10.0,1.0,3.0,4.0,6.0,4.0,1.0,2.0,2.0,0.0,-1.3325399160385132,0.5349950194358826,1.0,-1.3443807363510132,-1.4107109308242798,-21.503777118227724,0.0,0.5349950194358826,0.0,1.3812266290187836,1.0,1.0,2.0,4.0,5.0,7.0,5.0,2.0,3.0,3.0,0.0
11717,0.0,0.5349950194358826,0.0,1.3812266290187836,1.0,1.0,2.0,4.0,5.0,7.0,5.0,2.0,3.0,3.0,2.0,-0.7548903822898865,-1.156977653503418,3.0,-0.8417723178863525,-0.3562546670436859,-22.42697937691205,0.0,0.0,0.0,1.0249719619750977,2.0,2.0,1.0,1.0,6.0,8.0,6.0,3.0,4.0,4.0,0.0
11718,0.0,0.0,0.0,1.0249719619750977,2.0,2.0,1.0,1.0,6.0,8.0,6.0,3.0,4.0,4.0,9.0,-1.1499755382537842,-0.6679142713546753,8.0,-1.808414340019226,-0.5362911820411682,-25.97808609530794,0.0,0.0,0.0,0.48868077993392944,3.0,3.0,2.0,2.0,7.0,9.0,7.0,4.0,1.0,1.0,0.0
11719,0.0,0.0,0.0,0.48868077993392944,3.0,3.0,2.0,2.0,7.0,9.0,7.0,4.0,1.0,1.0,0.0,0.43309828639030457,-0.3575022220611572,0.0,-1.452416181564331,-1.4644721746444702,-16.848238195844537,0.43309828639030457,0.0,0.0,0.0,1.0,4.0,3.0,3.0,8.0,10.0,8.0,5.0,2.0,2.0,0.0
11720,0.43309828639030457,0.0,0.0,0.0,1.0,4.0,3.0,3.0,8.0,10.0,8.0,5.0,2.0,2.0,4.0,-0.48766669631004333,-0.8438163995742798,1.0,-0.6429477334022522,0.044673461467027664,-22.559227316550682,0.0,0.0,0.0,0.044673461467027664,2.0,1.0,4.0,4.0,1.0,11.0,9.0,6.0,3.0,3.0,0.0
11721,0.0,0.0,0.0,0.044673461467027664,2.0,1.0,4.0,4.0,1.0,11.0,9.0,6.0,3.0,3.0,0.0,0.27302229404449463,-0.4476466476917267,6.0,0.8542351722717285,0.7901713252067566,-13.239110554456541,0.27302229404449463,0.0,0.8542351722717285,0.8348447866737843,1.0,2.0,5.0,5.0,2.0,12.0,1.0,7.0,4.0,4.0,0.0
11722,0.27302229404449463,0.0,0.8542351722717285,0.8348447866737843,1.0,2.0,5.0,5.0,2.0,12.0,1.0,7.0,4.0,4.0,9.0,0.042871106415987015,1.1847591400146484,3.0,-1.576557993888855,-0.1308586597442627,-11.47270194027782,0.31589340046048164,1.1847591400146484,0.0,0.7039861269295216,2.0,3.0,6.0,1.0,3.0,13.0,2.0,8.0,5.0,1.0,0.0
11723,0.31589340046048164,1.1847591400146484,0.0,0.7039861269295216,2.0,3.0,6.0,1.0,3.0,13.0,2.0,8.0,5.0,1.0,0.0,1.2421541213989258,-1.3859764337539673,8.0,-1.241268277168274,0.24175488948822021,-16.972212031952015,1.5580475218594074,0.0,0.0,0.9457410164177418,1.0,4.0,7.0,2.0,4.0,14.0,3.0,9.0,1.0,2.0,0.0
11724,1.5580475218594074,0.0,0.0,0.9457410164177418,1.0,4.0,7.0,2.0,4.0,14.0,3.0,9.0,1.0,2.0,0.0,1.6884487867355347,-0.9869421720504761,5.0,-0.3700713813304901,0.0590946264564991,-18.155530413876257,3.246496308594942,0.0,0.0,1.0048356428742409,1.0,5.0,8.0,3.0,5.0,1.0,4.0,10.0,2.0,3.0,0.0
11725,3.246496308594942,0.0,0.0,1.0048356428742409,1.0,5.0,8.0,3.0,5.0,1.0,4.0,10.0,2.0,3.0,4.0,-1.4119940996170044,0.02520231157541275,7.0,-1.7818782329559326,-1.0446724891662598,-20.52409442144188,1.8345022089779377,0.02520231157541275,0.0,0.0,2.0,6.0,9.0,4.0,1.0,2.0,5.0,1.0,3.0,4.0,0.0
11726,1.8345022089779377,0.02520231157541275,0.0,0.0,2.0,6.0,9.0,4.0,1.0,2.0,5.0,1.0,3.0,4.0,8.0,-0.15845513343811035,-0.8547376990318298,2.0,-1.7426483631134033,0.7304909825325012,-27.61450004277813,1.6760470755398273,0.0,0.0,0.7304909825325012,3.0,7.0,1.0,5.0,2.0,3.0,6.0,2.0,1.0,5.0,0.0
11727,1.6760470755398273,0.0,0.0,0.7304909825325012,3.0,7.0,1.0,5.0,2.0,3.0,6.0,2.0,1.0,5.0,3.0,-0.5564121007919312,0.1361735314130783,3.0,-1.674834966659546,-0.9675155878067017,-19.104220581570054,1.1196349747478962,0.1361735314130783,0.0,0.0,4.0,8.0,2.0,1.0,3.0,4.0,7.0,3.0,2.0,6.0,0.0
11728,1.1196349747478962,0.1361735314130783,0.0,0.0,4.0,8.0,2.0,1.0,3.0,4.0,7.0,3.0,2.0,6.0,1.0,-0.38724854588508606,1.5436633825302124,1.0,-1.6421071290969849,-0.3646925985813141,-20.144021055551057,0.7323864288628101,1.6798369139432907,0.0,0.0,5.0,1.0,3.0,2.0,4.0,5.0,8.0,4.0,3.0,7.0,0.0
11729,0.7323864288628101,1.6798369139432907,0.0,0.0,5.0,1.0,3.0,2.0,4.0,5.0,8.0,4.0,3.0,7.0,4.0,0.06897208094596863,0.4890758693218231,6.0,-1.1669716835021973,-0.12031983584165573,-21.191396250364132,0.8013585098087788,2.168912783265114,0.0,0.0,6.0,2.0,4.0,3.0,1.0,6.0,1.0,5.0,4.0,8.0,0.0
11730,0.8013585098087788,2.168912783265114,0.0,0.0,6.0,2.0,4.0,3.0,1.0,6.0,1.0,5.0,4.0,8.0,9.0,-0.616265058517456,-1.3178462982177734,0.0,-0.39802291989326477,1.2186450958251953,-7.22194438210226,0.1850934512913227,0.8510664850473404,0.0,1.2186450958251953,1.0,3.0,5.0,4.0,2.0,7.0,2.0,6.0,5.0,1.0,0.0
11731,0.1850934512913227,0.8510664850473404,0.0,1.2186450958251953,1.0,3.0,5.0,4.0,2.0,7.0,2.0,6.0,5.0,1.0,2.0,0.4871610105037689,-1.3092596530914307,5.0,-0.21868586540222168,-0.23868219554424286,-20.220827183673375,0.6722544617950916,0.0,0.0,0.9799629002809525,2.0,4.0,1.0,5.0,3.0,1.0,3.0,7.0,6.0,2.0,0.0
11732,0.6722544617950916,0.0,0.0,0.9799629002809525,2.0,4.0,1.0,5.0,3.0,1.0,3.0,7.0,6.0,2.0,3.0,-0.47312629222869873,-0.8479028940200806,8.0,-1.4379684925079346,0.6385731101036072,-22.129290544759282,0.1991281695663929,0.0,0.0,1.6185360103845596,3.0,5.0,2.0,1.0,4.0,2.0,4.0,8.0,1.0,3.0,0.0
11733,0.1991281695663929,0.0,0.0,1.6185360103845596,3.0,5.0,2.0,1.0,4.0,2.0,4.0,8.0,1.0,3.0,3.0,-0.10709540545940399,-1.0047974586486816,0.0,-0.6297459602355957,0.16006198525428772,-16.26949874863015,0.0920327641069889,0.0,0.0,1.7785979956388474,1.0,6.0,3.0,1.0,5.0,3.0,5.0,9.0,2.0,4.0,0.0
11734,0.0920327641069889,0.0,0.0,1.7785979956388474,1.0,6.0,3.0,1.0,5.0,3.0,5.0,9.0,2.0,4.0,3.0,0.7957950234413147,-1.1441709995269775,7.0,-1.566872477531433,-0.1856941431760788,-24.187186498014192,0.8878277875483036,0.0,0.0,1.5929038524627686,2.0,7.0,4.0,1.0,6.0,4.0,6.0,1.0,3.0,5.0,0.0
11735,0.8878277875483036,0.0,0.0,1.5929038524627686,2.0,7.0,4.0,1.0,6.0,4.0,6.0,1.0,3.0,5.0,8.0,-0.8554751873016357,-0.9247351288795471,8.0,-1.2027555704116821,-0.9865758419036865,-25.894861298930948,0.03235260024666786,0.0,0.0,0.606328010559082,3.0,8.0,5.0,2.0,7.0,5.0,7.0,2.0,1.0,6.0,0.0
11736,0.03235260024666786,0.0,0.0,0.606328010559082,3.0,8.0,5.0,2.0,7.0,5.0,7.0,2.0,1.0,6.0,4.0,1.322843313217163,0.7266411781311035,1.0,-1.7566510438919067,-0.5247046947479248,-21.630584016305836,1.355195913463831,0.7266411781311035,0.0,0.08162331581115723,4.0,1.0,6.0,3.0,1.0,6.0,8.0,3.0,2.0,7.0,0.0
11737,1.355195913463831,0.7266411781311035,0.0,0.08162331581115723,4.0,1.0,6.0,3.0,1.0,6.0,8.0,3.0,2.0,7.0,9.0,-0.8621528744697571,0.7065355181694031,7.0,-0.6835671067237854,0.00044264644384384155,-11.514930150083675,0.49304303899407387,1.4331766963005066,0.0,0.08206596225500107,5.0,2.0,7.0,4.0,2.0,7.0,9.0,1.0,3.0,1.0,0.0
11738,0.49304303899407387,1.4331766963005066,0.0,0.08206596225500107,5.0,2.0,7.0,4.0,2.0,7.0,9.0,1.0,3.0,1.0,0.0,1.3152520656585693,-1.6535441875457764,6.0,-1.3000956773757935,0.09409726411104202,-18.788728081112268,1.8082951046526432,0.0,0.0,0.1761632263660431,1.0,3.0,8.0,5.0,3.0,8.0,1.0,2.0,4.0,2.0,0.0
11739,1.8082951046526432,0.0,0.0,0.1761632263660431,1.0,3.0,8.0,5.0,3.0,8.0,1.0,2.0,4.0,2.0,8.0,-0.2967279553413391,-1.117812991142273,3.0,-0.9789133667945862,-1.0137221813201904,-24.176833501833105,1.511567149311304,0.0,0.0,0.0,2.0,4.0,9.0,1.0,4.0,9.0,2.0,3.0,1.0,3.0,0.0
11740,1.511567149311304,0.0,0.0,0.0,2.0,4.0,9.0,1.0,4.0,9.0,2.0,3.0,1.0,3.0,0.0,-1.561985969543457,-1.2455424070358276,0.0,-0.7464191317558289,-0.4343625605106354,-17.049583662017444,0.0,0.0,0.0,0.0,1.0,5.0,10.0,2.0,5.0,10.0,3.0,4.0,2.0,4.0,0.0
11741,0.0,0.0,0.0,0.0,1.0,5.0,10.0,2.0,5.0,10.0,3.0,4.0,2.0,4.0,9.0,-0.48127931356430054,-1.3916815519332886,7.0,-1.554296851158142,-0.14940008521080017,-24.658809290997887,0.0,0.0,0.0,0.0,2.0,6.0,11.0,3.0,6.0,11.0,4.0,1.0,3.0,1.0,0.0
11742,0.0,0.0,0.0,0.0,2.0,6.0,11.0,3.0,6.0,11.0,4.0,1.0,3.0,1.0,0.0,1.0956506729125977,-1.179107427597046,3.0,1.178810715675354,-0.715562105178833,-18.660632935329836,1.0956506729125977,0.0,1.178810715675354,0.0,1.0,7.0,12.0,1.0,7.0,12.0,5.0,2.0,4.0,2.0,0.0
11743,1.0956506729125977,0.0,1.178810715675354,0.0,1.0,7.0,12.0,1.0,7.0,12.0,5.0,2.0,4.0,2.0,0.0,1.219059705734253,-1.244249939918518,9.0,-1.8693612813949585,-0.7238578796386719,-18.770970747757886,2.3147103786468506,0.0,0.0,0.0,1.0,8.0,13.0,2.0,8.0,13.0,6.0,3.0,5.0,1.0,0.0
11744,2.3147103786468506,0.0,0.0,0.0,1.0,8.0,13.0,2.0,8.0,13.0,6.0,3.0,5.0,1.0,4.0,0.18272601068019867,-0.2617088854312897,2.0,0.221323162317276,0.5688175559043884,-16.50112824551624,2.4974363893270493,0.0,0.221323162317276,0.5688175559043884,2.0,9.0,1.0,3.0,1.0,14.0,7.0,4.0,6.0,2.0,0.0
11745,2.4974363893270493,0.0,0.221323162317276,0.5688175559043884,2.0,9.0,1.0,3.0,1.0,14.0,7.0,4.0,6.0,2.0,1.0,-0.4568899869918823,-1.1029618978500366,5.0,-0.2827260196208954,0.6185343861579895,-18.69333982885246,2.040546402335167,0.0,0.0,1.187351942062378,3.0,1.0,2.0,4.0,2.0,1.0,8.0,5.0,7.0,3.0,0.0
11746,2.040546402335167,0.0,0.0,1.187351942062378,3.0,1.0,2.0,4.0,2.0,1.0,8.0,5.0,7.0,3.0,0.0,-0.6759693026542664,-0.7508136034011841,8.0,-1.3579245805740356,1.5517408847808838,-17.676981420884616,1.3645770996809006,0.0,0.0,2.7390928268432617,1.0,2.0,3.0,5.0,3.0,2.0,9.0,6.0,1.0,4.0,0.0
11747,1.3645770996809006,0.0,0.0,2.7390928268432617,1.0,2.0,3.0,5.0,3.0,2.0,9.0,6.0,1.0,4.0,3.0,-0.9811831712722778,0.7671688199043274,8.0,-1.5430903434753418,0.09333700686693192,-17.375413709805244,0.38339392840862274,0.7671688199043274,0.0,2.8324298337101936,2.0,3.0,4.0,1.0,4.0,3.0,10.0,7.0,1.0,5.0,0.0
11748,0.38339392840862274,0.7671688199043274,0.0,2.8324298337101936,2.0,3.0,4.0,1.0,4.0,3.0,10.0,7.0,1.0,5.0,4.0,-0.9634791612625122,-0.5841770172119141,6.0,-1.5492902994155884,-0.04305889457464218,-27.802047426980618,0.0,0.18299180269241333,0.0,2.7893709391355515,3.0,4.0,5.0,2.0,1.0,4.0,1.0,8.0,2.0,6.0,0.0
11749,0.0,0.18299180269241333,0.0,2.7893709391355515,3.0,4.0,5.0,2.0,1.0,4.0,1.0,8.0,2.0,6.0,8.0,-0.2829056680202484,-0.523222029209137,4.0,-0.9447113871574402,-0.9008423089981079,-22.100024883244338,0.0,0.0,0.0,1.8885286301374435,4.0,5.0,6.0,3.0,1.0,5.0,2.0,9.0,1.0,7.0,0.0
11750,0.0,0.0,0.0,1.8885286301374435,4.0,5.0,6.0,3.0,1.0,5.0,2.0,9.0,1.0,7.0,0.0,-1.2089941501617432,1.319748044013977,4.0,0.19272752106189728,0.06412751227617264,-16.55788529955628,0.0,1.319748044013977,0.19272752106189728,1.9526561424136162,1.0,6.0,7.0,4.0,1.0,6.0,3.0,10.0,2.0,8.0,0.0
11751,0.0,1.319748044013977,0.19272752106189728,1.9526561424136162,1.0,6.0,7.0,4.0,1.0,6.0,3.0,10.0,2.0,8.0,3.0,-0.5882483720779419,-1.0745527744293213,3.0,0.16180887818336487,-0.17823566496372223,-13.368690676098659,0.0,0.24519526958465576,0.35453639924526215,1.774420477449894,2.0,7.0,8.0,1.0,2.0,7.0,4.0,11.0,3.0,9.0,0.0
11752,0.0,0.24519526958465576,0.35453639924526215,1.774420477449894,2.0,7.0,8.0,1.0,2.0,7.0,4.0,11.0,3.0,9.0,0.0,-0.43982723355293274,-1.8744195699691772,3.0,-1.6913304328918457,-0.40928348898887634,-24.369515891668,0.0,0.0,0.0,1.3651369884610176,1.0,8.0,9.0,1.0,3.0,8.0,5.0,12.0,4.0,10.0,0.0
11753,0.0,0.0,0.0,1.3651369884610176,1.0,8.0,9.0,1.0,3.0,8.0,5.0,12.0,4.0,10.0,9.0,-0.16614459455013275,-0.4532557725906372,8.0,0.02287842333316803,0.7207449078559875,-12.94819904910517,0.0,0.0,0.02287842333316803,2.085881896317005,2.0,9.0,10.0,2.0,4.0,9.0,6.0,13.0,1.0,1.0,0.0
11754,0.0,0.0,0.02287842333316803,2.085881896317005,2.0,9.0,10.0,2.0,4.0,9.0,6.0,13.0,1.0,1.0,0.0,0.7341778874397278,-1.2690175771713257,7.0,-0.7366679310798645,-0.6871889233589172,-19.127985634355237,0.7341778874397278,0.0,0.0,1.398692972958088,1.0,10.0,11.0,3.0,5.0,10.0,7.0,1.0,2.0,2.0,0.0
11755,0.7341778874397278,0.0,0.0,1.398692972958088,1.0,10.0,11.0,3.0,5.0,10.0,7.0,1.0,2.0,2.0,8.0,-1.1428488492965698,-0.44581615924835205,8.0,-0.9043034911155701,0.3696327209472656,-23.08585076510085,0.0,0.0,0.0,1.7683256939053535,2.0,11.0,12.0,4.0,6.0,11.0,8.0,2.0,1.0,3.0,0.0
11756,0.0,0.0,0.0,1.7683256939053535,2.0,11.0,12.0,4.0,6.0,11.0,8.0,2.0,1.0,3.0,8.0,1.6343955993652344,-0.3249896168708801,2.0,0.5210704207420349,-0.6160487532615662,-17.693638060008396,1.6343955993652344,0.0,0.5210704207420349,1.1522769406437874,3.0,12.0,1.0,5.0,7.0,12.0,9.0,3.0,1.0,4.0,0.0
11757,1.6343955993652344,0.0,0.5210704207420349,1.1522769406437874,3.0,12.0,1.0,5.0,7.0,12.0,9.0,3.0,1.0,4.0,2.0,0.8724243640899658,1.5025367736816406,1.0,-1.4200737476348877,-0.6120315194129944,-17.72315420665845,2.5068199634552,1.5025367736816406,0.0,0.540245421230793,4.0,1.0,1.0,6.0,8.0,13.0,10.0,4.0,2.0,5.0,0.0
11758,2.5068199634552,1.5025367736816406,0.0,0.540245421230793,4.0,1.0,1.0,6.0,8.0,13.0,10.0,4.0,2.0,5.0,3.0,0.6933842301368713,-0.2150268405675888,3.0,1.2232558727264404,-0.47765177488327026,-11.651327107666862,3.2002041935920715,1.2875099331140518,1.2232558727264404,0.06259364634752274,5.0,2.0,2.0,1.0,9.0,14.0,11.0,5.0,3.0,6.0,0.0
11759,3.2002041935920715,1.2875099331140518,1.2232558727264404,0.06259364634752274,5.0,2.0,2.0,1.0,9.0,14.0,11.0,5.0,3.0,6.0,4.0,-1.7596676349639893,-1.4447603225708008,8.0,-1.4490079879760742,-0.08713208138942719,-18.059111073024585,1.4405365586280823,0.0,0.0,0.0,6.0,3.0,3.0,2.0,1.0,15.0,12.0,6.0,1.0,7.0,0.0
11760,1.4405365586280823,0.0,0.0,0.0,6.0,3.0,3.0,2.0,1.0,15.0,12.0,6.0,1.0,7.0,0.0,-0.8829971551895142,0.443787157535553,6.0,-0.6748077869415283,0.9133673906326294,-15.872788536817101,0.5575394034385681,0.443787157535553,0.0,0.9133673906326294,1.0,4.0,4.0,3.0,2.0,16.0,1.0,7.0,2.0,8.0,0.0
11761,0.5575394034385681,0.443787157535553,0.0,0.9133673906326294,1.0,4.0,4.0,3.0,2.0,16.0,1.0,7.0,2.0,8.0,0.0,1.5290167331695557,-1.67531156539917,3.0,0.6882487535476685,0.12857508659362793,-14.267948974436427,2.086556136608124,0.0,0.6882487535476685,1.0419424772262573,1.0,5.0,5.0,1.0,3.0,17.0,2.0,8.0,3.0,9.0,0.0
11762,2.086556136608124,0.0,0.6882487535476685,1.0419424772262573,1.0,5.0,5.0,1.0,3.0,17.0,2.0,8.0,3.0,9.0,9.0,1.178896188735962,-1.7182410955429077,8.0,0.7122371792793274,0.819493293762207,-17.676807261682782,3.2654523253440857,0.0,1.4004859328269958,1.8614357709884644,2.0,6.0,6.0,2.0,4.0,18.0,3.0,9.0,1.0,1.0,0.0
11763,3.2654523253440857,0.0,1.4004859328269958,1.8614357709884644,2.0,6.0,6.0,2.0,4.0,18.0,3.0,9.0,1.0,1.0,0.0,0.5805507898330688,0.05005821958184242,0.0,-1.2637684345245361,-0.38391783833503723,-7.0088132038162625,3.8460031151771545,0.05005821958184242,0.13671749830245972,1.4775179326534271,1.0,7.0,7.0,3.0,5.0,19.0,4.0,10.0,2.0,2.0,0.0
11764,3.8460031151771545,0.05005821958184242,0.13671749830245972,1.4775179326534271,1.0,7.0,7.0,3.0,5.0,19.0,4.0,10.0,2.0,2.0,0.0,0.5111708045005798,-0.270999550819397,0.0,-0.5175821781158447,-1.2212401628494263,-11.198534422900327,4.357173919677734,0.0,0.0,0.25627776980400085,1.0,8.0,8.0,4.0,6.0,20.0,5.0,11.0,3.0,3.0,0.0
11765,4.357173919677734,0.0,0.0,0.25627776980400085,1.0,8.0,8.0,4.0,6.0,20.0,5.0,11.0,3.0,3.0,0.0,0.8727019429206848,-1.6744160652160645,5.0,-0.8453490734100342,-0.4978269040584564,-26.81959731434589,5.229875862598419,0.0,0.0,0.0,1.0,9.0,9.0,5.0,7.0,1.0,6.0,12.0,4.0,4.0,0.0
11766,5.229875862598419,0.0,0.0,0.0,1.0,9.0,9.0,5.0,7.0,1.0,6.0,12.0,4.0,4.0,4.0,-1.4039298295974731,-1.0035680532455444,2.0,-1.58003568649292,0.41922250390052795,-27.8873048366256,3.825946033000946,0.0,0.0,0.41922250390052795,2.0,10.0,1.0,6.0,1.0,2.0,7.0,13.0,5.0,5.0,0.0
11767,3.825946033000946,0.0,0.0,0.41922250390052795,2.0,10.0,1.0,6.0,1.0,2.0,7.0,13.0,5.0,5.0,1.0,-1.9501426219940186,-0.24739345908164978,1.0,-0.7409703731536865,1.3330849409103394,-16.656967861256028,1.8758034110069275,0.0,0.0,1.7523074448108673,3.0,1.0,2.0,7.0,2.0,3.0,8.0,14.0,6.0,6.0,0.0
11768,1.8758034110069275,0.0,0.0,1.7523074448108673,3.0,1.0,2.0,7.0,2.0,3.0,8.0,14.0,6.0,6.0,3.0,-0.4769488573074341,0.0734327957034111,3.0,0.8507206439971924,1.1385058164596558,-9.87939822763099,1.3988545536994934,0.0734327957034111,0.8507206439971924,2.890813261270523,4.0,2.0,3.0,1.0,3.0,4.0,9.0,15.0,7.0,7.0,0.0
11769,1.3988545536994934,0.0734327957034111,0.8507206439971924,2.890813261270523,4.0,2.0,3.0,1.0,3.0,4.0,9.0,15.0,7.0,7.0,0.0,-1.2212162017822266,-0.551822304725647,8.0,-1.7909772396087646,0.7077763676643372,-15.859576955260817,0.17763835191726685,0.0,0.0,3.5985896289348602,1.0,3.0,4.0,2.0,4.0,5.0,10.0,16.0,1.0,8.0,0.0
11770,0.17763835191726685,0.0,0.0,3.5985896289348602,1.0,3.0,4.0,2.0,4.0,5.0,10.0,16.0,1.0,8.0,9.0,-1.5646302700042725,-0.5240289568901062,6.0,-0.7660252451896667,1.4857690334320068,-25.467651945217987,0.0,0.0,0.0,5.084358662366867,2.0,4.0,5.0,3.0,5.0,6.0,1.0,17.0,2.0,1.0,0.0
11771,0.0,0.0,0.0,5.084358662366867,2.0,4.0,5.0,3.0,5.0,6.0,1.0,17.0,2.0,1.0,7.0,1.4216517210006714,1.3007042407989502,2.0,-1.1020599603652954,-1.5274099111557007,-15.264109881166787,1.4216517210006714,1.3007042407989502,0.0,3.5569487512111664,3.0,5.0,1.0,4.0,6.0,7.0,2.0,1.0,3.0,2.0,0.0
11772,1.4216517210006714,1.3007042407989502,0.0,3.5569487512111664,3.0,5.0,1.0,4.0,6.0,7.0,2.0,1.0,3.0,2.0,4.0,-0.2539096772670746,0.3533305823802948,3.0,-1.5054852962493896,-1.5453335046768188,-16.69641577128324,1.1677420437335968,1.654034823179245,0.0,2.0116152465343475,4.0,6.0,2.0,1.0,1.0,8.0,3.0,2.0,4.0,3.0,0.0
11773,1.1677420437335968,1.654034823179245,0.0,2.0116152465343475,4.0,6.0,2.0,1.0,1.0,8.0,3.0,2.0,4.0,3.0,0.0,-0.9680935144424438,-0.5823376774787903,8.0,-0.7076718807220459,-0.9337207078933716,-12.35169529808751,0.19964852929115295,1.0716971457004547,0.0,1.077894538640976,1.0,7.0,3.0,2.0,2.0,9.0,4.0,3.0,1.0,4.0,0.0
11774,0.19964852929115295,1.0716971457004547,0.0,1.077894538640976,1.0,7.0,3.0,2.0,2.0,9.0,4.0,3.0,1.0,4.0,0.0,-0.905321478843689,-0.8296936750411987,7.0,-0.532785952091217,0.9174562692642212,-14.718598591862659,0.0,0.24200347065925598,0.0,1.9953508079051971,1.0,8.0,4.0,3.0,3.0,10.0,5.0,1.0,2.0,5.0,0.0
11775,0.0,0.24200347065925598,0.0,1.9953508079051971,1.0,8.0,4.0,3.0,3.0,10.0,5.0,1.0,2.0,5.0,8.0,0.7823681235313416,0.3046661913394928,8.0,-0.8389451503753662,-1.193772554397583,-18.616463648994973,0.7823681235313416,0.5466696619987488,0.0,0.8015782535076141,2.0,9.0,5.0,4.0,4.0,11.0,6.0,2.0,1.0,6.0,0.0
11776,0.7823681235313416,0.5466696619987488,0.0,0.8015782535076141,2.0,9.0,5.0,4.0,4.0,11.0,6.0,2.0,1.0,6.0,8.0,-0.08874180912971497,0.08980411291122437,9.0,-0.4753396511077881,-0.7610931992530823,-13.492982418207962,0.6936263144016266,0.6364737749099731,0.0,0.04048505425453186,3.0,10.0,6.0,5.0,5.0,12.0,7.0,3.0,1.0,1.0,0.0
11777,0.6936263144016266,0.6364737749099731,0.0,0.04048505425453186,3.0,10.0,6.0,5.0,5.0,12.0,7.0,3.0,1.0,1.0,0.0,1.3646353483200073,-0.7332476377487183,9.0,0.63825923204422,1.0367131233215332,-7.337128353118329,2.058261662721634,0.0,0.63825923204422,1.077198177576065,1.0,11.0,7.0,6.0,6.0,13.0,8.0,4.0,2.0,1.0,0.0
11778,2.058261662721634,0.0,0.63825923204422,1.077198177576065,1.0,11.0,7.0,6.0,6.0,13.0,8.0,4.0,2.0,1.0,1.0,0.45211347937583923,-0.47413283586502075,8.0,0.6309838891029358,0.23536911606788635,-13.717140998688281,2.510375142097473,0.0,1.2692431211471558,1.3125672936439514,2.0,1.0,8.0,7.0,7.0,14.0,9.0,5.0,1.0,2.0,0.0
11779,2.510375142097473,0.0,1.2692431211471558,1.3125672936439514,2.0,1.0,8.0,7.0,7.0,14.0,9.0,5.0,1.0,2.0,0.0,0.8553324341773987,-1.305994987487793,0.0,-0.4435865581035614,0.2345641553401947,-13.636289228405392,3.365707576274872,0.0,0.8256565630435944,1.5471314489841461,1.0,2.0,9.0,8.0,8.0,15.0,10.0,6.0,2.0,3.0,0.0
11780,3.365707576274872,0.0,0.8256565630435944,1.5471314489841461,1.0,2.0,9.0,8.0,8.0,15.0,10.0,6.0,2.0,3.0,0.0,1.4072816371917725,-0.6234411597251892,3.0,-1.604405164718628,-0.43115881085395813,-16.407995014294585,4.772989213466644,0.0,0.0,1.115972638130188,1.0,3.0,10.0,1.0,9.0,16.0,11.0,7.0,3.0,4.0,0.0
11781,4.772989213466644,0.0,0.0,1.115972638130188,1.0,3.0,10.0,1.0,9.0,16.0,11.0,7.0,3.0,4.0,0.0,-0.6522979140281677,-1.063599944114685,8.0,0.20458415150642395,-0.4023200273513794,-17.530336924332175,4.120691299438477,0.0,0.20458415150642395,0.7136526107788086,1.0,4.0,11.0,2.0,10.0,17.0,12.0,8.0,1.0,5.0,0.0
11782,4.120691299438477,0.0,0.20458415150642395,0.7136526107788086,1.0,4.0,11.0,2.0,10.0,17.0,12.0,8.0,1.0,5.0,0.0,0.9486407041549683,0.2559369206428528,0.0,0.1741153746843338,-0.03697875514626503,-9.191865525039308,5.069332003593445,0.2559369206428528,0.37869952619075775,0.6766738556325436,1.0,5.0,12.0,3.0,11.0,18.0,13.0,9.0,2.0,6.0,0.0
11783,5.069332003593445,0.2559369206428528,0.37869952619075775,0.6766738556325436,1.0,5.0,12.0,3.0,11.0,18.0,13.0,9.0,2.0,6.0,4.0,0.061662256717681885,-1.473331332206726,6.0,-1.0811487436294556,1.0843702554702759,-25.7659248108764,5.130994260311127,0.0,0.0,1.7610441111028194,2.0,6.0,13.0,4.0,1.0,19.0,1.0,10.0,3.0,7.0,0.0
11784,5.130994260311127,0.0,0.0,1.7610441111028194,2.0,6.0,13.0,4.0,1.0,19.0,1.0,10.0,3.0,7.0,0.0,0.8335617184638977,-1.360344409942627,3.0,-0.5476937890052795,-1.8516274690628052,-20.93975827153082,5.964555978775024,0.0,0.0,0.0,1.0,7.0,14.0,1.0,2.0,20.0,2.0,11.0,4.0,8.0,0.0
11785,5.964555978775024,0.0,0.0,0.0,1.0,7.0,14.0,1.0,2.0,20.0,2.0,11.0,4.0,8.0,0.0,-0.34907567501068115,-1.6505751609802246,5.0,-1.3096606731414795,-0.531586766242981,-29.616452756271123,5.615480303764343,0.0,0.0,0.0,1.0,8.0,15.0,2.0,3.0,1.0,3.0,12.0,5.0,9.0,0.0
11786,5.615480303764343,0.0,0.0,0.0,1.0,8.0,15.0,2.0,3.0,1.0,3.0,12.0,5.0,9.0,0.0,-0.05750792846083641,-0.9228586554527283,2.0,-1.6907305717468262,-1.1338950395584106,-28.00140502564937,5.557972375303507,0.0,0.0,0.0,1.0,9.0,1.0,3.0,4.0,2.0,4.0,13.0,6.0,10.0,0.0
11787,5.557972375303507,0.0,0.0,0.0,1.0,9.0,1.0,3.0,4.0,2.0,4.0,13.0,6.0,10.0,3.0,-1.3513975143432617,-1.6697012186050415,1.0,-0.8877992630004883,1.3403704166412354,-26.01545929901723,4.206574860960245,0.0,0.0,1.3403704166412354,2.0,1.0,2.0,1.0,5.0,3.0,5.0,14.0,7.0,11.0,0.0
11788,4.206574860960245,0.0,0.0,1.3403704166412354,2.0,1.0,2.0,1.0,5.0,3.0,5.0,14.0,7.0,11.0,3.0,-1.0566099882125854,-1.0279489755630493,8.0,-1.9366919994354248,1.790644645690918,-26.630134196312717,3.1499648727476597,0.0,0.0,3.1310150623321533,3.0,2.0,3.0,1.0,6.0,4.0,6.0,15.0,1.0,12.0,0.0
11789,3.1499648727476597,0.0,0.0,3.1310150623321533,3.0,2.0,3.0,1.0,6.0,4.0,6.0,15.0,1.0,12.0,9.0,0.4311464726924896,0.09484033286571503,8.0,-1.6536891460418701,0.25214993953704834,-16.721619804892228,3.5811113454401493,0.09484033286571503,0.0,3.3831650018692017,4.0,3.0,4.0,2.0,7.0,5.0,7.0,16.0,1.0,1.0,0.0
11790,3.5811113454401493,0.09484033286571503,0.0,3.3831650018692017,4.0,3.0,4.0,2.0,7.0,5.0,7.0,16.0,1.0,1.0,4.0,-0.7148325443267822,0.5834351181983948,8.0,-1.5042774677276611,-0.7973054051399231,-19.099439801131485,2.866278801113367,0.6782754510641098,0.0,2.5858595967292786,5.0,4.0,5.0,3.0,1.0,6.0,8.0,17.0,1.0,2.0,0.0
11791,2.866278801113367,0.6782754510641098,0.0,2.5858595967292786,5.0,4.0,5.0,3.0,1.0,6.0,8.0,17.0,1.0,2.0,0.0,0.18524648249149323,1.4611188173294067,5.0,-1.5577421188354492,-1.2938495874404907,-19.740537492557515,3.0515252836048603,2.1393942683935165,0.0,1.2920100092887878,1.0,5.0,6.0,4.0,2.0,1.0,9.0,18.0,2.0,3.0,0.0
11792,3.0515252836048603,2.1393942683935165,0.0,1.2920100092887878,1.0,5.0,6.0,4.0,2.0,1.0,9.0,18.0,2.0,3.0,7.0,-1.789726972579956,0.5109548568725586,5.0,-0.5838173031806946,-0.20272186398506165,-16.396307435361997,1.2617983110249043,2.650349125266075,0.0,1.0892881453037262,2.0,6.0,7.0,5.0,3.0,1.0,10.0,1.0,3.0,4.0,0.0
11793,1.2617983110249043,2.650349125266075,0.0,1.0892881453037262,2.0,6.0,7.0,5.0,3.0,1.0,10.0,1.0,3.0,4.0,4.0,0.13016891479492188,-0.6297729015350342,2.0,-0.023825710639357567,-0.15785083174705505,-14.181971023543774,1.3919672258198261,2.020576223731041,0.0,0.9314373135566711,3.0,7.0,1.0,6.0,1.0,2.0,11.0,2.0,4.0,5.0,0.0
11794,1.3919672258198261,2.020576223731041,0.0,0.9314373135566711,3.0,7.0,1.0,6.0,1.0,2.0,11.0,2.0,4.0,5.0,0.0,0.542447030544281,-0.3012893795967102,6.0,-0.3857392370700836,0.17251773178577423,-12.970634577359368,1.9344142563641071,1.7192868441343307,0.0,1.1039550453424454,1.0,8.0,2.0,7.0,2.0,3.0,1.0,3.0,5.0,6.0,0.0
11795,1.9344142563641071,1.7192868441343307,0.0,1.1039550453424454,1.0,8.0,2.0,7.0,2.0,3.0,1.0,3.0,5.0,6.0,8.0,-1.179382085800171,-1.0828280448913574,1.0,-0.7939000725746155,-1.0447770357131958,-16.350661379209306,0.7550321705639362,0.6364587992429733,0.0,0.05917800962924957,2.0,1.0,3.0,8.0,3.0,4.0,2.0,4.0,1.0,7.0,0.0
11796,0.7550321705639362,0.6364587992429733,0.0,0.05917800962924957,2.0,1.0,3.0,8.0,3.0,4.0,2.0,4.0,1.0,7.0,9.0,0.7894045114517212,1.367948055267334,3.0,-0.9612460136413574,1.5340656042099,-10.05222387114119,1.5444366820156574,2.0044068545103073,0.0,1.5932436138391495,3.0,2.0,4.0,1.0,4.0,5.0,3.0,5.0,2.0,1.0,0.0
11797,1.5444366820156574,2.0044068545103073,0.0,1.5932436138391495,3.0,2.0,4.0,1.0,4.0,5.0,3.0,5.0,2.0,1.0,9.0,-0.12400451302528381,-1.2716082334518433,8.0,-1.2346745729446411,-1.283318281173706,-15.763593159734235,1.4204321689903736,0.732798621058464,0.0,0.3099253326654434,4.0,3.0,5.0,2.0,5.0,6.0,4.0,6.0,1.0,1.0,0.0
11798,1.4204321689903736,0.732798621058464,0.0,0.3099253326654434,4.0,3.0,5.0,2.0,5.0,6.0,4.0,6.0,1.0,1.0,4.0,1.3900837898254395,-0.1537044644355774,0.0,0.25636038184165955,1.0174344778060913,-7.759709982936904,2.810515958815813,0.5790941566228867,0.25636038184165955,1.3273598104715347,1.0,4.0,6.0,3.0,1.0,7.0,5.0,7.0,2.0,2.0,0.0
11799,2.810515958815813,0.5790941566228867,0.25636038184165955,1.3273598104715347,1.0,4.0,6.0,3.0,1.0,7.0,5.0,7.0,2.0,2.0,8.0,-0.34214887022972107,-1.420100450515747,3.0,-0.9929822087287903,-0.5882138013839722,-19.533849305095153,2.468367088586092,0.0,0.0,0.7391460090875626,2.0,5.0,7.0,1.0,2.0,8.0,6.0,8.0,1.0,3.0,1.0
11800,8.409078598022461,8.426676750183105,8.278032302856445,0.11475512385368347,1.0,1.0,1.0,1.0,1.0,1.0,1.0,1.0,1.0,1.0,8.0,-1.5978333950042725,-1.701479196548462,4.0,-1.9322019815444946,-1.8039824962615967,-13.100890132432742,6.8112452030181885,6.7251975536346436,6.345830321311951,0.0,2.0,2.0,2.0,2.0,1.0,2.0,2.0,2.0,1.0,2.0,0.0
11801,6.8112452030181885,6.7251975536346436,6.345830321311951,0.0,2.0,2.0,2.0,2.0,1.0,2.0,2.0,2.0,1.0,2.0,8.0,-1.5941247940063477,-1.8449512720108032,4.0,-1.9537684917449951,-1.53404700756073,-13.7580273140352,5.217120409011841,4.88024628162384,4.392061829566956,0.0,3.0,3.0,3.0,3.0,1.0,3.0,3.0,3.0,1.0,3.0,0.0
11802,5.217120409011841,4.88024628162384,4.392061829566956,0.0,3.0,3.0,3.0,3.0,1.0,3.0,3.0,3.0,1.0,3.0,8.0,-1.3428528308868408,0.00285172276198864,4.0,-1.748475432395935,-0.4430578947067261,-10.067566651352061,3.874267578125,4.883098004385829,2.6435863971710205,0.0,4.0,4.0,4.0,4.0,1.0,4.0,4.0,4.0,1.0,4.0,0.0
11803,3.874267578125,4.883098004385829,2.6435863971710205,0.0,4.0,4.0,4.0,4.0,1.0,4.0,4.0,4.0,1.0,4.0,9.0,0.9827501177787781,-0.6179221868515015,1.0,-1.329150915145874,-0.2800513207912445,-8.69947468105644,4.857017695903778,4.2651758175343275,1.3144354820251465,0.0,5.0,1.0,5.0,5.0,2.0,5.0,5.0,5.0,2.0,1.0,0.0
11804,4.857017695903778,4.2651758175343275,1.3144354820251465,0.0,5.0,1.0,5.0,5.0,2.0,5.0,5.0,5.0,2.0,1.0,4.0,-1.0639923810958862,-1.1014281511306763,3.0,0.5625052452087402,-0.8375952243804932,-162.90324556850152,3.793025314807892,3.1637476664036512,1.8769407272338867,0.0,6.0,2.0,6.0,1.0,1.0,6.0,6.0,6.0,3.0,2.0,0.0
11805,3.793025314807892,3.1637476664036512,1.8769407272338867,0.0,6.0,2.0,6.0,1.0,1.0,6.0,6.0,6.0,3.0,2.0,0.0,-0.5384480357170105,-0.9663206934928894,0.0,-1.8111342191696167,-0.9086827635765076,-9.882743488063573,3.2545772790908813,2.197426972910762,0.06580650806427002,0.0,1.0,3.0,7.0,2.0,2.0,7.0,7.0,7.0,4.0,3.0,0.0
11806,3.2545772790908813,2.197426972910762,0.06580650806427002,0.0,1.0,3.0,7.0,2.0,2.0,7.0,7.0,7.0,4.0,3.0,0.0,-1.4395751953125,-0.40266162157058716,8.0,-1.2074631452560425,-1.1633728742599487,-18.819807425423534,1.8150020837783813,1.7947653513401747,0.0,0.0,1.0,4.0,8.0,3.0,3.0,8.0,8.0,8.0,1.0,4.0,0.0
11807,1.8150020837783813,1.7947653513401747,0.0,0.0,1.0,4.0,8.0,3.0,3.0,8.0,8.0,8.0,1.0,4.0,5.0,-1.5969550609588623,0.5510229468345642,3.0,-0.5190027952194214,-0.22393998503684998,-16.894906957882956,0.21804702281951904,2.345788298174739,0.0,0.0,2.0,5.0,9.0,1.0,4.0,1.0,9.0,9.0,2.0,5.0,0.0
11808,0.21804702281951904,2.345788298174739,0.0,0.0,2.0,5.0,9.0,1.0,4.0,1.0,9.0,9.0,2.0,5.0,0.0,0.16215571761131287,-1.5595823526382446,5.0,-0.8702528476715088,-0.7563327550888062,-19.428205577085926,0.3802027404308319,0.7862059455364943,0.0,0.0,1.0,6.0,10.0,2.0,5.0,1.0,10.0,10.0,3.0,6.0,0.0
11809,0.3802027404308319,0.7862059455364943,0.0,0.0,1.0,6.0,10.0,2.0,5.0,1.0,10.0,10.0,3.0,6.0,4.0,0.0675274208188057,-0.8022968173027039,6.0,0.7328376173973083,-0.988398015499115,-21.903762010740685,0.4477301612496376,0.0,0.7328376173973083,0.0,2.0,7.0,11.0,3.0,1.0,2.0,1.0,11.0,4.0,7.0,0.0
11810,0.4477301612496376,0.0,0.7328376173973083,0.0,2.0,7.0,11.0,3.0,1.0,2.0,1.0,11.0,4.0,7.0,9.0,-0.2744300663471222,0.7332783937454224,2.0,-1.076347827911377,0.3081466853618622,-13.535191708249187,0.1733000949025154,0.7332783937454224,0.0,0.3081466853618622,3.0,8.0,1.0,4.0,2.0,3.0,2.0,12.0,5.0,1.0,0.0
11811,0.1733000949025154,0.7332783937454224,0.0,0.3081466853618622,3.0,8.0,1.0,4.0,2.0,3.0,2.0,12.0,5.0,1.0,7.0,-1.4049512147903442,-0.4735981523990631,0.0,0.9401584267616272,0.8542410135269165,-13.567768310065214,0.0,0.25968024134635925,0.9401584267616272,1.1623876988887787,1.0,9.0,2.0,5.0,3.0,4.0,3.0,1.0,6.0,2.0,0.0
11812,0.0,0.25968024134635925,0.9401584267616272,1.1623876988887787,1.0,9.0,2.0,5.0,3.0,4.0,3.0,1.0,6.0,2.0,4.0,-0.11953803896903992,-0.33139768242836,8.0,1.2552764415740967,0.6065771579742432,-13.646726191651027,0.0,0.0,2.195434868335724,1.7689648568630219,2.0,10.0,3.0,6.0,1.0,5.0,4.0,2.0,1.0,3.0,0.0
11813,0.0,0.0,2.195434868335724,1.7689648568630219,2.0,10.0,3.0,6.0,1.0,5.0,4.0,2.0,1.0,3.0,8.0,-0.9045572280883789,1.6186929941177368,1.0,0.19899912178516388,-1.2762730121612549,-14.154634111373724,0.0,1.6186929941177368,2.3944339901208878,0.49269184470176697,3.0,1.0,4.0,7.0,2.0,6.0,5.0,3.0,1.0,4.0,0.0
11814,0.0,1.6186929941177368,2.3944339901208878,0.49269184470176697,3.0,1.0,4.0,7.0,2.0,6.0,5.0,3.0,1.0,4.0,9.0,-0.6423448920249939,-0.023368248715996742,6.0,-1.7880939245224,-0.4636368751525879,-13.90710958364075,0.0,1.59532474540174,0.6063400655984879,0.029054969549179077,4.0,2.0,5.0,8.0,3.0,7.0,1.0,4.0,2.0,1.0,0.0
11815,0.0,1.59532474540174,0.6063400655984879,0.029054969549179077,4.0,2.0,5.0,8.0,3.0,7.0,1.0,4.0,2.0,1.0,4.0,0.6022515892982483,-0.7158201932907104,3.0,0.514914870262146,0.2971750497817993,-11.713285466549692,0.6022515892982483,0.8795045521110296,1.1212549358606339,0.3262300193309784,5.0,3.0,6.0,1.0,1.0,8.0,2.0,5.0,3.0,2.0,0.0
11816,0.6022515892982483,0.8795045521110296,1.1212549358606339,0.3262300193309784,5.0,3.0,6.0,1.0,1.0,8.0,2.0,5.0,3.0,2.0,9.0,0.359005331993103,-0.7095187902450562,0.0,-1.5617480278015137,0.8993059992790222,-7.764998662577553,0.9612569212913513,0.16998576186597347,0.0,1.2255360186100006,1.0,4.0,7.0,2.0,2.0,9.0,3.0,6.0,4.0,1.0,0.0
11817,0.9612569212913513,0.16998576186597347,0.0,1.2255360186100006,1.0,4.0,7.0,2.0,2.0,9.0,3.0,6.0,4.0,1.0,0.0,1.7217686176300049,-1.303626537322998,0.0,-1.4813528060913086,-0.01613340526819229,-18.916174180625088,2.683025538921356,0.0,0.0,1.2094026133418083,1.0,5.0,8.0,3.0,3.0,10.0,4.0,7.0,5.0,2.0,0.0
11818,2.683025538921356,0.0,0.0,1.2094026133418083,1.0,5.0,8.0,3.0,3.0,10.0,4.0,7.0,5.0,2.0,8.0,0.7559880018234253,-0.20391930639743805,8.0,-0.4802616834640503,-0.46362724900245667,-18.035184807630994,3.4390135407447815,0.0,0.0,0.7457753643393517,2.0,6.0,9.0,4.0,4.0,11.0,5.0,8.0,1.0,3.0,0.0
11819,3.4390135407447815,0.0,0.0,0.7457753643393517,2.0,6.0,9.0,4.0,4.0,11.0,5.0,8.0,1.0,3.0,0.0,-0.8091840744018555,-0.170414000749588,9.0,-0.4004429578781128,-0.6562431454658508,-10.135143085133166,2.629829466342926,0.0,0.0,0.08953221887350082,1.0,7.0,10.0,5.0,5.0,12.0,6.0,9.0,2.0,1.0,0.0
11820,2.629829466342926,0.0,0.0,0.08953221887350082,1.0,7.0,10.0,5.0,5.0,12.0,6.0,9.0,2.0,1.0,0.0,0.38864123821258545,-1.7506481409072876,5.0,0.26108431816101074,-0.7471022605895996,-25.06867155351882,3.0184707045555115,0.0,0.26108431816101074,0.0,1.0,8.0,11.0,6.0,6.0,1.0,7.0,10.0,3.0,2.0,0.0
11821,3.0184707045555115,0.0,0.26108431816101074,0.0,1.0,8.0,11.0,6.0,6.0,1.0,7.0,10.0,3.0,2.0,4.0,-0.32799893617630005,-1.06735098361969,2.0,-1.7582648992538452,0.9398466348648071,-27.62845192159067,2.6904717683792114,0.0,0.0,0.9398466348648071,2.0,9.0,1.0,7.0,1.0,2.0,8.0,11.0,4.0,3.0,0.0
11822,2.6904717683792114,0.0,0.0,0.9398466348648071,2.0,9.0,1.0,7.0,1.0,2.0,8.0,11.0,4.0,3.0,8.0,-1.6881484985351562,-0.004702385980635881,1.0,0.29132208228111267,0.1871563196182251,-13.368396750266628,1.0023232698440552,0.0,0.29132208228111267,1.1270029544830322,3.0,1.0,2.0,8.0,2.0,3.0,9.0,12.0,1.0,4.0,0.0
11823,1.0023232698440552,0.0,0.29132208228111267,1.1270029544830322,3.0,1.0,2.0,8.0,2.0,3.0,9.0,12.0,1.0,4.0,3.0,0.5884819626808167,1.4969807863235474,3.0,-0.7193459868431091,-0.14624084532260895,-11.400315543052702,1.5908052325248718,1.4969807863235474,0.0,0.9807621091604233,4.0,2.0,3.0,1.0,3.0,4.0,10.0,13.0,2.0,5.0,0.0
11824,1.5908052325248718,1.4969807863235474,0.0,0.9807621091604233,4.0,2.0,3.0,1.0,3.0,4.0,10.0,13.0,2.0,5.0,0.0,-0.2984354794025421,-0.6756927371025085,1.0,-0.06710617244243622,0.6070040464401245,-9.714214533038515,1.2923697531223297,0.8212880492210388,0.0,1.5877661556005478,1.0,1.0,4.0,2.0,4.0,5.0,11.0,14.0,3.0,6.0,0.0
11825,1.2923697531223297,0.8212880492210388,0.0,1.5877661556005478,1.0,1.0,4.0,2.0,4.0,5.0,11.0,14.0,3.0,6.0,0.0,-0.991595983505249,0.07658728212118149,6.0,0.22236841917037964,1.155146598815918,-12.553944095834382,0.3007737696170807,0.8978753313422203,0.22236841917037964,2.7429127544164658,1.0,2.0,5.0,3.0,5.0,6.0,1.0,15.0,4.0,7.0,0.0
11826,0.3007737696170807,0.8978753313422203,0.22236841917037964,2.7429127544164658,1.0,2.0,5.0,3.0,5.0,6.0,1.0,15.0,4.0,7.0,9.0,-0.428426593542099,-1.2286032438278198,8.0,-0.3137119710445404,-0.07903376966714859,-11.41870983976895,0.0,0.0,0.0,2.663878984749317,2.0,3.0,6.0,4.0,6.0,7.0,2.0,16.0,1.0,1.0,0.0
11827,0.0,0.0,0.0,2.663878984749317,2.0,3.0,6.0,4.0,6.0,7.0,2.0,16.0,1.0,1.0,7.0,1.452437400817871,1.131700038909912,2.0,-0.3047376275062561,-0.5067077875137329,-12.34655049023045,1.452437400817871,1.131700038909912,0.0,2.1571711972355843,3.0,4.0,1.0,5.0,7.0,8.0,3.0,1.0,2.0,2.0,0.0
11828,1.452437400817871,1.131700038909912,0.0,2.1571711972355843,3.0,4.0,1.0,5.0,7.0,8.0,3.0,1.0,2.0,2.0,4.0,-0.3650975823402405,-0.07357848435640335,3.0,-0.5606846809387207,-1.2015830278396606,-13.209510113995401,1.0873398184776306,1.0581215545535088,0.0,0.9555881693959236,4.0,5.0,2.0,1.0,1.0,9.0,4.0,2.0,3.0,3.0,0.0
11829,1.0873398184776306,1.0581215545535088,0.0,0.9555881693959236,4.0,5.0,2.0,1.0,1.0,9.0,4.0,2.0,3.0,3.0,0.0,-0.3539910614490509,-0.18373775482177734,8.0,-1.5814911127090454,-0.2319350391626358,-16.98967404351441,0.7333487570285797,0.8743837997317314,0.0,0.7236531302332878,1.0,6.0,3.0,2.0,2.0,10.0,5.0,3.0,1.0,4.0,0.0
11830,0.7333487570285797,0.8743837997317314,0.0,0.7236531302332878,1.0,6.0,3.0,2.0,2.0,10.0,5.0,3.0,1.0,4.0,0.0,0.009175549261271954,-0.36624422669410706,5.0,0.5004674792289734,-0.10759203881025314,-10.675085400243763,0.7425243062898517,0.5081395730376244,0.5004674792289734,0.6160610914230347,1.0,7.0,4.0,3.0,3.0,1.0,6.0,4.0,2.0,5.0,0.0
11831,0.7425243062898517,0.5081395730376244,0.5004674792289734,0.6160610914230347,1.0,7.0,4.0,3.0,3.0,1.0,6.0,4.0,2.0,5.0,1.0,-0.7808430194854736,-0.10200195014476776,7.0,-1.1067057847976685,-0.473469078540802,-14.346414222396039,0.0,0.4061376228928566,0.0,0.14259201288223267,2.0,1.0,5.0,4.0,4.0,2.0,7.0,1.0,3.0,6.0,0.0
11832,0.0,0.4061376228928566,0.0,0.14259201288223267,2.0,1.0,5.0,4.0,4.0,2.0,7.0,1.0,3.0,6.0,8.0,-0.8329864144325256,-0.9697749614715576,3.0,-0.7884501218795776,-1.2154263257980347,-24.59205265386225,0.0,0.0,0.0,0.0,3.0,2.0,6.0,1.0,5.0,3.0,8.0,2.0,1.0,7.0,0.0
11833,0.0,0.0,0.0,0.0,3.0,2.0,6.0,1.0,5.0,3.0,8.0,2.0,1.0,7.0,1.0,1.0448899269104004,1.0387529134750366,6.0,-1.6209602355957031,-0.4363101124763489,-22.33403390372123,1.0448899269104004,1.0387529134750366,0.0,0.0,4.0,1.0,7.0,2.0,6.0,4.0,1.0,3.0,2.0,8.0,0.0
11834,1.0448899269104004,1.0387529134750366,0.0,0.0,4.0,1.0,7.0,2.0,6.0,4.0,1.0,3.0,2.0,8.0,0.0,-0.27760717272758484,-1.1217087507247925,0.0,-1.8845489025115967,-0.9729626774787903,-17.006826440135637,0.7672827541828156,0.0,0.0,0.0,1.0,2.0,8.0,3.0,7.0,5.0,2.0,4.0,3.0,9.0,0.0
11835,0.7672827541828156,0.0,0.0,0.0,1.0,2.0,8.0,3.0,7.0,5.0,2.0,4.0,3.0,9.0,9.0,0.8349095582962036,0.6914499402046204,9.0,-1.1137945652008057,0.28077027201652527,-11.756897432036443,1.6021923124790192,0.6914499402046204,0.0,0.28077027201652527,2.0,3.0,9.0,4.0,8.0,6.0,3.0,5.0,4.0,1.0,0.0
11836,1.6021923124790192,0.6914499402046204,0.0,0.28077027201652527,2.0,3.0,9.0,4.0,8.0,6.0,3.0,5.0,4.0,1.0,4.0,0.2693624198436737,-0.08576042205095291,8.0,-0.7147130370140076,-1.1840192079544067,-19.76511584512303,1.8715547323226929,0.6056895181536674,0.0,0.0,3.0,4.0,10.0,5.0,1.0,7.0,4.0,6.0,1.0,2.0,0.0
11837,1.8715547323226929,0.6056895181536674,0.0,0.0,3.0,4.0,10.0,5.0,1.0,7.0,4.0,6.0,1.0,2.0,0.0,0.9055338501930237,-0.9851799607276917,7.0,-1.6340482234954834,-1.2236069440841675,-20.189569792491703,2.7770885825157166,0.0,0.0,0.0,1.0,5.0,11.0,6.0,2.0,8.0,5.0,1.0,2.0,3.0,0.0
11838,2.7770885825157166,0.0,0.0,0.0,1.0,5.0,11.0,6.0,2.0,8.0,5.0,1.0,2.0,3.0,0.0,0.4152752757072449,-1.6154513359069824,2.0,-0.9756977558135986,0.3421758711338043,-24.197676472429816,3.1923638582229614,0.0,0.0,0.3421758711338043,1.0,6.0,1.0,7.0,3.0,9.0,6.0,2.0,3.0,4.0,0.0
11839,3.1923638582229614,0.0,0.0,0.3421758711338043,1.0,6.0,1.0,7.0,3.0,9.0,6.0,2.0,3.0,4.0,8.0,-1.1524968147277832,0.7566282749176025,1.0,0.74501633644104,-0.2701509892940521,-11.765967710759913,2.0398670434951782,0.7566282749176025,0.74501633644104,0.0720248818397522,2.0,1.0,2.0,8.0,4.0,10.0,7.0,3.0,1.0,5.0,0.0
11840,2.0398670434951782,0.7566282749176025,0.74501633644104,0.0720248818397522,2.0,1.0,2.0,8.0,4.0,10.0,7.0,3.0,1.0,5.0,8.0,-1.2584317922592163,1.1270455121994019,3.0,-1.0717672109603882,0.6751903295516968,-12.078507302251797,0.7814352512359619,1.8836737871170044,0.0,0.747215211391449,3.0,2.0,3.0,1.0,5.0,11.0,8.0,4.0,1.0,6.0,0.0
11841,0.7814352512359619,1.8836737871170044,0.0,0.747215211391449,3.0,2.0,3.0,1.0,5.0,11.0,8.0,4.0,1.0,6.0,8.0,0.3919428288936615,-1.7051575183868408,8.0,-1.1391035318374634,-0.3014148771762848,-21.020580412504525,1.1733780801296234,0.17851626873016357,0.0,0.4458003342151642,4.0,3.0,4.0,2.0,6.0,12.0,9.0,5.0,1.0,7.0,0.0
11842,1.1733780801296234,0.17851626873016357,0.0,0.4458003342151642,4.0,3.0,4.0,2.0,6.0,12.0,9.0,5.0,1.0,7.0,9.0,-1.1874160766601562,0.19997689127922058,5.0,-0.9265133738517761,-0.6141130924224854,-17.887429796515335,0.0,0.37849316000938416,0.0,0.0,5.0,4.0,5.0,3.0,7.0,1.0,10.0,6.0,2.0,1.0,0.0
11843,0.0,0.37849316000938416,0.0,0.0,5.0,4.0,5.0,3.0,7.0,1.0,10.0,6.0,2.0,1.0,4.0,0.30706360936164856,-0.885522186756134,0.0,1.6405842304229736,0.9076468348503113,-13.007780259295792,0.30706360936164856,0.0,1.6405842304229736,0.9076468348503113,1.0,5.0,6.0,4.0,1.0,2.0,11.0,7.0,3.0,2.0,0.0
11844,0.30706360936164856,0.0,1.6405842304229736,0.9076468348503113,1.0,5.0,6.0,4.0,1.0,2.0,11.0,7.0,3.0,2.0,0.0,-0.7686459422111511,-0.8318085670471191,5.0,-1.5300631523132324,0.9421901106834412,-16.907137611722483,0.0,0.0,0.11052107810974121,1.8498369455337524,1.0,6.0,7.0,5.0,2.0,1.0,12.0,8.0,4.0,3.0,0.0
11845,0.0,0.0,0.11052107810974121,1.8498369455337524,1.0,6.0,7.0,5.0,2.0,1.0,12.0,8.0,4.0,3.0,2.0,-0.45298248529434204,-1.0523749589920044,8.0,-0.3751414716243744,0.910465657711029,-22.059619548161788,0.0,0.0,0.0,2.7603026032447815,2.0,7.0,1.0,6.0,3.0,2.0,13.0,9.0,1.0,4.0,0.0
11846,0.0,0.0,0.0,2.7603026032447815,2.0,7.0,1.0,6.0,3.0,2.0,13.0,9.0,1.0,4.0,3.0,-1.2539185285568237,-0.5820944905281067,3.0,-0.8096439838409424,0.6733747124671936,-20.47348548459085,0.0,0.0,0.0,3.433677315711975,3.0,8.0,2.0,1.0,4.0,3.0,14.0,10.0,2.0,5.0,0.0
11847,0.0,0.0,0.0,3.433677315711975,3.0,8.0,2.0,1.0,4.0,3.0,14.0,10.0,2.0,5.0,3.0,-0.05396540090441704,-0.3921438455581665,1.0,-1.2573057413101196,-0.5646331310272217,-20.8806571608689,0.0,0.0,0.0,2.8690441846847534,4.0,1.0,3.0,1.0,5.0,4.0,15.0,11.0,3.0,6.0,0.0
11848,0.0,0.0,0.0,2.8690441846847534,4.0,1.0,3.0,1.0,5.0,4.0,15.0,11.0,3.0,6.0,4.0,-0.6243001222610474,-1.1261558532714844,6.0,-1.1337835788726807,0.09223650395870209,-30.15140513922094,0.0,0.0,0.0,2.9612806886434555,5.0,2.0,4.0,2.0,1.0,5.0,1.0,12.0,4.0,7.0,0.0
11849,0.0,0.0,0.0,2.9612806886434555,5.0,2.0,4.0,2.0,1.0,5.0,1.0,12.0,4.0,7.0,0.0,-0.3181222677230835,0.37480294704437256,8.0,-1.6301429271697998,-0.3353727459907532,-18.17309621330381,0.0,0.37480294704437256,0.0,2.6259079426527023,1.0,3.0,5.0,3.0,2.0,6.0,2.0,13.0,1.0,8.0,0.0
11850,0.0,0.37480294704437256,0.0,2.6259079426527023,1.0,3.0,5.0,3.0,2.0,6.0,2.0,13.0,1.0,8.0,9.0,-0.12888091802597046,0.34233734011650085,4.0,-1.7686046361923218,-0.673874020576477,-20.010047561344006,0.0,0.7171402871608734,0.0,1.9520339220762253,2.0,4.0,6.0,4.0,1.0,7.0,3.0,14.0,2.0,1.0,0.0
11851,0.0,0.7171402871608734,0.0,1.9520339220762253,2.0,4.0,6.0,4.0,1.0,7.0,3.0,14.0,2.0,1.0,0.0,-0.5577756762504578,-0.3774219751358032,8.0,-1.3065344095230103,0.17911618947982788,-18.752287639674666,0.0,0.3397183120250702,0.0,2.131150111556053,1.0,5.0,7.0,5.0,2.0,8.0,4.0,15.0,1.0,2.0,0.0
11852,0.0,0.3397183120250702,0.0,2.131150111556053,1.0,5.0,7.0,5.0,2.0,8.0,4.0,15.0,1.0,2.0,7.0,0.35135844349861145,-0.5709973573684692,2.0,-0.7441415786743164,-0.7455457448959351,-17.556838547233713,0.35135844349861145,0.0,0.0,1.385604366660118,2.0,6.0,1.0,6.0,3.0,9.0,5.0,1.0,2.0,3.0,0.0
11853,0.35135844349861145,0.0,0.0,1.385604366660118,2.0,6.0,1.0,6.0,3.0,9.0,5.0,1.0,2.0,3.0,1.0,-0.2108794003725052,1.4066017866134644,3.0,-0.12190643697977066,-1.2935184240341187,-11.363550208156681,0.14047904312610626,1.4066017866134644,0.0,0.09208594262599945,3.0,1.0,2.0,1.0,4.0,10.0,6.0,2.0,3.0,4.0,0.0
11854,0.14047904312610626,1.4066017866134644,0.0,0.09208594262599945,3.0,1.0,2.0,1.0,4.0,10.0,6.0,2.0,3.0,4.0,0.0,0.965270459651947,-1.3196823596954346,0.0,-0.815876305103302,0.1772327721118927,-9.782097276572488,1.1057495027780533,0.08691942691802979,0.0,0.26931871473789215,1.0,2.0,3.0,2.0,5.0,11.0,7.0,3.0,4.0,5.0,0.0
11855,1.1057495027780533,0.08691942691802979,0.0,0.26931871473789215,1.0,2.0,3.0,2.0,5.0,11.0,7.0,3.0,4.0,5.0,2.0,-0.2533453702926636,-1.152286171913147,6.0,-0.6743134260177612,-0.5973131060600281,-26.872360488953273,0.8524041324853897,0.0,0.0,0.0,2.0,3.0,1.0,3.0,6.0,12.0,1.0,4.0,5.0,6.0,0.0
11856,0.8524041324853897,0.0,0.0,0.0,2.0,3.0,1.0,3.0,6.0,12.0,1.0,4.0,5.0,6.0,9.0,-1.5551862716674805,-0.78913813829422,8.0,-0.18123014271259308,0.3448321521282196,-16.934312315217223,0.0,0.0,0.0,0.3448321521282196,3.0,4.0,2.0,4.0,7.0,13.0,2.0,5.0,1.0,1.0,0.0
11857,0.0,0.0,0.0,0.3448321521282196,3.0,4.0,2.0,4.0,7.0,13.0,2.0,5.0,1.0,1.0,1.0,0.6268401741981506,0.28784969449043274,5.0,0.2524915635585785,-0.15960563719272614,-14.250351605230085,0.6268401741981506,0.28784969449043274,0.2524915635585785,0.18522651493549347,4.0,1.0,3.0,5.0,8.0,1.0,3.0,6.0,2.0,2.0,0.0
11858,0.6268401741981506,0.28784969449043274,0.2524915635585785,0.18522651493549347,4.0,1.0,3.0,5.0,8.0,1.0,3.0,6.0,2.0,2.0,4.0,0.6659778356552124,-0.17174066603183746,0.0,-1.100358009338379,-1.143694519996643,-15.559758212434392,1.292818009853363,0.11610902845859528,0.0,0.0,1.0,2.0,4.0,6.0,1.0,2.0,4.0,7.0,3.0,3.0,0.0
11859,1.292818009853363,0.11610902845859528,0.0,0.0,1.0,2.0,4.0,6.0,1.0,2.0,4.0,7.0,3.0,3.0,1.0,-1.1391141414642334,-0.4350590705871582,5.0,-0.2752796709537506,0.13426193594932556,-18.577304831710343,0.15370386838912964,0.0,0.0,0.13426193594932556,2.0,1.0,5.0,7.0,2.0,1.0,5.0,8.0,4.0,4.0,0.0
11860,0.15370386838912964,0.0,0.0,0.13426193594932556,2.0,1.0,5.0,7.0,2.0,1.0,5.0,8.0,4.0,4.0,3.0,-1.5108813047409058,-0.4332941472530365,0.0,-0.07351572811603546,0.7510594725608826,-15.724567553980169,0.0,0.0,0.0,0.8853214085102081,1.0,2.0,6.0,1.0,3.0,2.0,6.0,9.0,5.0,5.0,0.0
11861,0.0,0.0,0.0,0.8853214085102081,1.0,2.0,6.0,1.0,3.0,2.0,6.0,9.0,5.0,5.0,6.0,0.012117424048483372,0.166379913687706,8.0,-1.4716192483901978,-1.3322505950927734,-24.37471792382074,0.012117424048483372,0.166379913687706,0.0,0.0,2.0,3.0,7.0,2.0,4.0,3.0,1.0,10.0,1.0,6.0,0.0
11862,0.012117424048483372,0.166379913687706,0.0,0.0,2.0,3.0,7.0,2.0,4.0,3.0,1.0,10.0,1.0,6.0,9.0,0.8449926376342773,0.49343255162239075,2.0,0.8520102500915527,0.0948575809597969,-10.556116744416201,0.8571100616827607,0.6598124653100967,0.8520102500915527,0.0948575809597969,3.0,4.0,1.0,3.0,5.0,4.0,2.0,11.0,2.0,1.0,0.0
11863,0.8571100616827607,0.6598124653100967,0.8520102500915527,0.0948575809597969,3.0,4.0,1.0,3.0,5.0,4.0,2.0,11.0,2.0,1.0,7.0,-0.43837833404541016,-0.07688222080469131,0.0,-0.6348055005073547,0.32323697209358215,-6.9254435832028385,0.41873172763735056,0.5829302445054054,0.217204749584198,0.41809455305337906,1.0,5.0,2.0,4.0,6.0,5.0,3.0,1.0,3.0,2.0,0.0
11864,0.41873172763735056,0.5829302445054054,0.217204749584198,0.41809455305337906,1.0,5.0,2.0,4.0,6.0,5.0,3.0,1.0,3.0,2.0,4.0,0.6304192543029785,-0.1847183257341385,1.0,0.05154385790228844,-0.34377363324165344,-12.088726745340425,1.049150981940329,0.39821191877126694,0.26874860748648643,0.07432091981172562,2.0,1.0,3.0,5.0,1.0,6.0,4.0,2.0,4.0,3.0,0.0
11865,1.049150981940329,0.39821191877126694,0.26874860748648643,0.07432091981172562,2.0,1.0,3.0,5.0,1.0,6.0,4.0,2.0,4.0,3.0,3.0,1.1998518705368042,-0.13211555778980255,3.0,-0.14444555342197418,-0.011936791241168976,-10.158926211533082,2.2490028524771333,0.2660963609814644,0.12430305406451225,0.06238412857055664,3.0,2.0,4.0,1.0,2.0,7.0,5.0,3.0,5.0,4.0,0.0
11866,2.2490028524771333,0.2660963609814644,0.12430305406451225,0.06238412857055664,3.0,2.0,4.0,1.0,2.0,7.0,5.0,3.0,5.0,4.0,9.0,-0.7530849575996399,0.10426923632621765,8.0,-1.1822197437286377,-0.8035592436790466,-16.526995966100344,1.4959178948774934,0.37036559730768204,0.0,0.0,4.0,3.0,5.0,2.0,3.0,8.0,6.0,4.0,1.0,1.0,0.0
11867,1.4959178948774934,0.37036559730768204,0.0,0.0,4.0,3.0,5.0,2.0,3.0,8.0,6.0,4.0,1.0,1.0,4.0,0.4064316153526306,0.03994440287351608,3.0,0.7100784182548523,0.35551103949546814,-11.348425191727053,1.902349510230124,0.4103100001811981,0.7100784182548523,0.35551103949546814,5.0,4.0,6.0,1.0,1.0,9.0,7.0,5.0,2.0,2.0,0.0
11868,1.902349510230124,0.4103100001811981,0.7100784182548523,0.35551103949546814,5.0,4.0,6.0,1.0,1.0,9.0,7.0,5.0,2.0,2.0,2.0,-0.7081292271614075,-0.33137431740760803,8.0,-0.6483830809593201,1.0092051029205322,-14.568339552082586,1.1942202830687165,0.07893568277359009,0.06169533729553223,1.3647161424160004,6.0,5.0,1.0,2.0,2.0,10.0,8.0,6.0,1.0,3.0,0.0
11869,1.1942202830687165,0.07893568277359009,0.06169533729553223,1.3647161424160004,6.0,5.0,1.0,2.0,2.0,10.0,8.0,6.0,1.0,3.0,0.0,-0.8145196437835693,1.325730323791504,5.0,-0.4687039852142334,-0.776555061340332,-13.630720186230183,0.3797006392851472,1.404666006565094,0.0,0.5881610810756683,1.0,6.0,2.0,3.0,3.0,1.0,9.0,7.0,2.0,4.0,0.0
11870,0.3797006392851472,1.404666006565094,0.0,0.5881610810756683,1.0,6.0,2.0,3.0,3.0,1.0,9.0,7.0,2.0,4.0,4.0,1.277740716934204,-0.6181040406227112,1.0,0.18189403414726257,-0.2243543416261673,-12.032729269017993,1.6574413562193513,0.7865619659423828,0.18189403414726257,0.36380673944950104,2.0,1.0,3.0,4.0,1.0,2.0,10.0,8.0,3.0,5.0,0.0
11871,1.6574413562193513,0.7865619659423828,0.18189403414726257,0.36380673944950104,2.0,1.0,3.0,4.0,1.0,2.0,10.0,8.0,3.0,5.0,8.0,-0.12812092900276184,-0.7831060290336609,6.0,-1.8677377700805664,1.1123337745666504,-24.024602047516773,1.5293204272165895,0.003455936908721924,0.0,1.4761405140161514,3.0,2.0,4.0,5.0,2.0,3.0,1.0,9.0,1.0,6.0,0.0
11872,1.5293204272165895,0.003455936908721924,0.0,1.4761405140161514,3.0,2.0,4.0,5.0,2.0,3.0,1.0,9.0,1.0,6.0,9.0,0.1179332435131073,-0.09603048115968704,0.0,-1.0701158046722412,0.2395617514848709,-11.123413786746566,1.6472536707296968,0.0,0.0,1.7157022655010223,1.0,3.0,5.0,6.0,3.0,4.0,2.0,10.0,2.0,1.0,0.0
11873,1.6472536707296968,0.0,0.0,1.7157022655010223,1.0,3.0,5.0,6.0,3.0,4.0,2.0,10.0,2.0,1.0,7.0,-0.8008134961128235,0.4788225591182709,3.0,-1.1835358142852783,-0.8117756247520447,-14.175335200556049,0.8464401746168733,0.4788225591182709,0.0,0.9039266407489777,2.0,4.0,6.0,1.0,4.0,5.0,3.0,1.0,3.0,2.0,0.0
11874,0.8464401746168733,0.4788225591182709,0.0,0.9039266407489777,2.0,4.0,6.0,1.0,4.0,5.0,3.0,1.0,3.0,2.0,4.0,0.34262481331825256,-0.9509369134902954,8.0,-1.3850935697555542,-0.6279850006103516,-23.149695913910058,1.1890649879351258,0.0,0.0,0.2759416401386261,3.0,5.0,7.0,2.0,1.0,6.0,4.0,2.0,1.0,3.0,0.0
11875,1.1890649879351258,0.0,0.0,0.2759416401386261,3.0,5.0,7.0,2.0,1.0,6.0,4.0,2.0,1.0,3.0,0.0,-0.27912309765815735,-0.7042311429977417,8.0,-1.6066646575927734,-0.12105042487382889,-21.643573864977604,0.9099418902769685,0.0,0.0,0.1548912152647972,1.0,6.0,8.0,3.0,2.0,7.0,5.0,3.0,1.0,4.0,0.0
11876,0.9099418902769685,0.0,0.0,0.1548912152647972,1.0,6.0,8.0,3.0,2.0,7.0,5.0,3.0,1.0,4.0,0.0,0.46845296025276184,-0.3485330641269684,5.0,-0.6965545415878296,-1.33107590675354,-20.847544351705814,1.3783948505297303,0.0,0.0,0.0,1.0,7.0,9.0,4.0,3.0,1.0,6.0,4.0,2.0,5.0,0.0
11877,1.3783948505297303,0.0,0.0,0.0,1.0,7.0,9.0,4.0,3.0,1.0,6.0,4.0,2.0,5.0,2.0,-0.6010113954544067,-0.7883152961730957,7.0,-0.9211254119873047,-0.2800314128398895,-22.497703174603494,0.7773834550753236,0.0,0.0,0.0,2.0,8.0,1.0,5.0,4.0,2.0,7.0,1.0,3.0,6.0,0.0
11878,0.7773834550753236,0.0,0.0,0.0,2.0,8.0,1.0,5.0,4.0,2.0,7.0,1.0,3.0,6.0,8.0,-0.16062259674072266,-0.1994333118200302,1.0,-0.7834305167198181,-1.046625018119812,-21.017299877048814,0.6167608583346009,0.0,0.0,0.0,3.0,1.0,2.0,6.0,5.0,3.0,8.0,2.0,1.0,7.0,0.0
11879,0.6167608583346009,0.0,0.0,0.0,3.0,1.0,2.0,6.0,5.0,3.0,8.0,2.0,1.0,7.0,4.0,0.5145387649536133,1.0163359642028809,3.0,-0.4097650647163391,-0.5720869302749634,-15.098684042364262,1.1312996232882142,1.0163359642028809,0.0,0.0,4.0,2.0,3.0,1.0,1.0,4.0,9.0,3.0,2.0,8.0,0.0
11880,1.1312996232882142,1.0163359642028809,0.0,0.0,4.0,2.0,3.0,1.0,1.0,4.0,9.0,3.0,2.0,8.0,9.0,0.27906376123428345,0.14377059042453766,0.0,0.7520451545715332,-0.6067109107971191,-7.608930358403563,1.4103633845224977,1.1601065546274185,0.7520451545715332,0.0,1.0,3.0,4.0,2.0,2.0,5.0,10.0,4.0,3.0,1.0,0.0
11881,1.4103633845224977,1.1601065546274185,0.7520451545715332,0.0,1.0,3.0,4.0,2.0,2.0,5.0,10.0,4.0,3.0,1.0,8.0,-1.1696722507476807,-1.0690748691558838,6.0,-0.31389591097831726,1.6485320329666138,-15.101128436406853,0.240691133774817,0.09103168547153473,0.43814924359321594,1.6485320329666138,2.0,4.0,5.0,3.0,3.0,6.0,1.0,5.0,1.0,2.0,0.0
11882,0.240691133774817,0.09103168547153473,0.43814924359321594,1.6485320329666138,2.0,4.0,5.0,3.0,3.0,6.0,1.0,5.0,1.0,2.0,0.0,-1.2951339483261108,0.6882062554359436,5.0,-0.6317436099052429,-0.6229034066200256,-17.356483150836183,0.0,0.7792379409074783,0.0,1.0256286263465881,1.0,5.0,6.0,4.0,4.0,1.0,2.0,6.0,2.0,3.0,0.0
11883,0.0,0.7792379409074783,0.0,1.0256286263465881,1.0,5.0,6.0,4.0,4.0,1.0,2.0,6.0,2.0,3.0,4.0,0.7020934820175171,-0.835913896560669,2.0,1.0803401470184326,0.7092505693435669,-13.782074863340911,0.7020934820175171,0.0,1.0803401470184326,1.734879195690155,2.0,6.0,1.0,5.0,1.0,2.0,3.0,7.0,3.0,4.0,0.0
11884,0.7020934820175171,0.0,1.0803401470184326,1.734879195690155,2.0,6.0,1.0,5.0,1.0,2.0,3.0,7.0,3.0,4.0,3.0,-0.4318215847015381,0.24997955560684204,1.0,-1.568448781967163,-0.46965593099594116,-12.879837923749108,0.270271897315979,0.24997955560684204,0.0,1.2652232646942139,3.0,1.0,2.0,1.0,2.0,3.0,4.0,8.0,4.0,5.0,0.0
11885,0.270271897315979,0.24997955560684204,0.0,1.2652232646942139,3.0,1.0,2.0,1.0,2.0,3.0,4.0,8.0,4.0,5.0,9.0,1.1172162294387817,-0.8963072299957275,8.0,-0.15527509152889252,0.47383105754852295,-12.168542606777974,1.3874881267547607,0.0,0.0,1.7390543222427368,4.0,2.0,3.0,2.0,3.0,4.0,5.0,9.0,1.0,1.0,0.0
11886,1.3874881267547607,0.0,0.0,1.7390543222427368,4.0,2.0,3.0,2.0,3.0,4.0,5.0,9.0,1.0,1.0,0.0,-0.9613211154937744,-0.27365854382514954,2.0,-1.7873167991638184,-1.560598373413086,-21.728377875883197,0.42616701126098633,0.0,0.0,0.17845594882965088,1.0,3.0,1.0,3.0,4.0,5.0,6.0,10.0,2.0,2.0,0.0
11887,0.42616701126098633,0.0,0.0,0.17845594882965088,1.0,3.0,1.0,3.0,4.0,5.0,6.0,10.0,2.0,2.0,9.0,0.4537999927997589,1.2873085737228394,8.0,-1.2002239227294922,-0.4904443025588989,-16.68565875229944,0.8799670040607452,1.2873085737228394,0.0,0.0,2.0,4.0,2.0,4.0,5.0,6.0,7.0,11.0,1.0,1.0,0.0
11888,0.8799670040607452,1.2873085737228394,0.0,0.0,2.0,4.0,2.0,4.0,5.0,6.0,7.0,11.0,1.0,1.0,4.0,-0.601813793182373,0.1644301414489746,5.0,1.457961082458496,-0.5096637606620789,-17.701823254612663,0.2781532108783722,1.451738715171814,1.457961082458496,0.0,3.0,5.0,3.0,5.0,1.0,1.0,8.0,12.0,2.0,2.0,0.0
11889,0.2781532108783722,1.451738715171814,1.457961082458496,0.0,3.0,5.0,3.0,5.0,1.0,1.0,8.0,12.0,2.0,2.0,7.0,-0.6451200246810913,-0.7612075805664062,0.0,0.06916758418083191,1.2066571712493896,-9.14642481829453,0.0,0.6905311346054077,1.527128666639328,1.2066571712493896,1.0,6.0,4.0,6.0,2.0,2.0,9.0,1.0,3.0,3.0,0.0
11890,0.0,0.6905311346054077,1.527128666639328,1.2066571712493896,1.0,6.0,4.0,6.0,2.0,2.0,9.0,1.0,3.0,3.0,3.0,0.6328535676002502,-0.16373343765735626,1.0,-1.8464447259902954,-0.7383202910423279,-12.144554086600856,0.6328535676002502,0.5267976969480515,0.0,0.46833688020706177,2.0,1.0,5.0,1.0,3.0,3.0,10.0,2.0,4.0,4.0,0.0
11891,0.6328535676002502,0.5267976969480515,0.0,0.46833688020706177,2.0,1.0,5.0,1.0,3.0,3.0,10.0,2.0,4.0,4.0,5.0,0.4871610999107361,-1.6313483715057373,6.0,-1.7362924814224243,-0.8271030783653259,-30.972955619344454,1.1200146675109863,0.0,0.0,0.0,3.0,2.0,6.0,2.0,4.0,1.0,1.0,3.0,5.0,5.0,0.0
11892,1.1200146675109863,0.0,0.0,0.0,3.0,2.0,6.0,2.0,4.0,1.0,1.0,3.0,5.0,5.0,8.0,-0.5882223844528198,0.6824407577514648,8.0,-1.889643669128418,-0.29146066308021545,-23.548658112302917,0.5317922830581665,0.6824407577514648,0.0,0.0,4.0,3.0,7.0,3.0,5.0,2.0,2.0,4.0,1.0,6.0,0.0
11893,0.5317922830581665,0.6824407577514648,0.0,0.0,4.0,3.0,7.0,3.0,5.0,2.0,2.0,4.0,1.0,6.0,9.0,0.3388940393924713,-0.17136861383914948,2.0,-1.6802411079406738,-0.6394505500793457,-20.30173650744493,0.8706863224506378,0.5110721439123154,0.0,0.0,5.0,4.0,1.0,4.0,6.0,3.0,3.0,5.0,2.0,1.0,0.0
11894,0.8706863224506378,0.5110721439123154,0.0,0.0,5.0,4.0,1.0,4.0,6.0,3.0,3.0,5.0,2.0,1.0,4.0,-1.0524474382400513,0.507673978805542,0.0,-0.08205900341272354,-0.8567532896995544,-15.126830639381586,0.0,1.0187461227178574,0.0,0.0,1.0,5.0,2.0,5.0,1.0,4.0,4.0,6.0,3.0,2.0,0.0
11895,0.0,1.0187461227178574,0.0,0.0,1.0,5.0,2.0,5.0,1.0,4.0,4.0,6.0,3.0,2.0,3.0,0.3023824691772461,-1.3148425817489624,1.0,1.0995744466781616,-0.22308793663978577,-12.545553102898808,0.3023824691772461,0.0,1.0995744466781616,0.0,2.0,1.0,3.0,1.0,2.0,5.0,5.0,7.0,4.0,3.0,0.0
11896,0.3023824691772461,0.0,1.0995744466781616,0.0,2.0,1.0,3.0,1.0,2.0,5.0,5.0,7.0,4.0,3.0,4.0,-0.17063432931900024,0.3613112270832062,6.0,-1.420764446258545,0.543095588684082,-18.24666812308678,0.13174813985824585,0.3613112270832062,0.0,0.543095588684082,3.0,2.0,4.0,2.0,1.0,6.0,1.0,8.0,5.0,4.0,0.0
11897,0.13174813985824585,0.3613112270832062,0.0,0.543095588684082,3.0,2.0,4.0,2.0,1.0,6.0,1.0,8.0,5.0,4.0,0.0,-0.37977635860443115,0.1873636394739151,8.0,0.5844131112098694,-0.32072874903678894,-10.971618917113114,0.0,0.5486748665571213,0.5844131112098694,0.2223668396472931,1.0,3.0,5.0,3.0,2.0,7.0,2.0,9.0,1.0,5.0,0.0
11898,0.0,0.5486748665571213,0.5844131112098694,0.2223668396472931,1.0,3.0,5.0,3.0,2.0,7.0,2.0,9.0,1.0,5.0,9.0,-0.738228440284729,-0.9660413861274719,10.0,-0.03109516017138958,0.20361486077308655,-9.799587381778451,0.0,0.0,0.5533179510384798,0.42598170042037964,2.0,4.0,6.0,4.0,3.0,8.0,3.0,10.0,2.0,1.0,0.0
11899,0.0,0.0,0.5533179510384798,0.42598170042037964,2.0,4.0,6.0,4.0,3.0,8.0,3.0,10.0,2.0,1.0,0.0,1.2378385066986084,-1.873543620109558,5.0,-0.41620779037475586,-0.5715658664703369,-22.323357249282054,1.2378385066986084,0.0,0.13711016066372395,0.0,1.0,5.0,7.0,5.0,4.0,1.0,4.0,11.0,3.0,2.0,1.0
11900,2.670403003692627,9.998758316040039,1.1968327760696411,4.900895118713379,1.0,1.0,1.0,1.0,1.0,1.0,1.0,1.0,1.0,1.0,4.0,-1.5363690853118896,-1.9467072486877441,3.0,-0.6767875552177429,-1.9529567956924438,-6.813322992828632,1.1340339183807373,8.052051067352295,0.5200452208518982,2.947938323020935,2.0,2.0,2.0,1.0,1.0,2.0,2.0,2.0,2.0,2.0,0.0
11901,1.1340339183807373,8.052051067352295,0.5200452208518982,2.947938323020935,2.0,2.0,2.0,1.0,1.0,2.0,2.0,2.0,2.0,2.0,4.0,-1.5105986595153809,-1.8197375535964966,1.0,-0.3003958463668823,-1.9331947565078735,-12.748773390933092,0.0,6.232313513755798,0.21964937448501587,1.0147435665130615,3.0,1.0,3.0,2.0,1.0,3.0,3.0,3.0,3.0,3.0,0.0
11902,0.0,6.232313513755798,0.21964937448501587,1.0147435665130615,3.0,1.0,3.0,2.0,1.0,3.0,3.0,3.0,3.0,3.0,4.0,0.5559718608856201,-1.5586580038070679,3.0,0.4813516139984131,-1.8943220376968384,-14.77946302064013,0.5559718608856201,4.6736555099487305,0.701000988483429,0.0,4.0,2.0,4.0,1.0,1.0,4.0,4.0,4.0,4.0,4.0,0.0
11903,0.5559718608856201,4.6736555099487305,0.701000988483429,0.0,4.0,2.0,4.0,1.0,1.0,4.0,4.0,4.0,4.0,4.0,0.0,0.48391231894493103,-0.8357011079788208,0.0,-0.005513832904398441,0.8433844447135925,-5.1213756395078605,1.0398841798305511,3.8379544019699097,0.6954871555790305,0.8433844447135925,1.0,3.0,5.0,2.0,2.0,5.0,5.0,5.0,5.0,5.0,0.0
11904,1.0398841798305511,3.8379544019699097,0.6954871555790305,0.8433844447135925,1.0,3.0,5.0,2.0,2.0,5.0,5.0,5.0,5.0,5.0,4.0,0.5842263698577881,-1.1484196186065674,8.0,0.6000723242759705,-0.20388595759868622,-11.558972456077624,1.6241105496883392,2.6895347833633423,1.295559479855001,0.6394984871149063,2.0,4.0,6.0,3.0,1.0,6.0,6.0,6.0,1.0,6.0,0.0
11905,1.6241105496883392,2.6895347833633423,1.295559479855001,0.6394984871149063,2.0,4.0,6.0,3.0,1.0,6.0,6.0,6.0,1.0,6.0,9.0,0.7715345621109009,-1.5802206993103027,4.0,-0.869386613368988,-1.2547554969787598,-13.724692594816766,2.39564511179924,1.1093140840530396,0.42617286648601294,0.0,3.0,5.0,7.0,4.0,1.0,7.0,7.0,7.0,2.0,1.0,0.0
11906,2.39564511179924,1.1093140840530396,0.42617286648601294,0.0,3.0,5.0,7.0,4.0,1.0,7.0,7.0,7.0,2.0,1.0,0.0,-0.46001383662223816,-0.5272378325462341,6.0,-0.7988943457603455,0.14940866827964783,-13.62215260268375,1.935631275177002,0.5820762515068054,0.0,0.14940866827964783,1.0,6.0,8.0,5.0,2.0,8.0,1.0,8.0,3.0,2.0,0.0
11907,1.935631275177002,0.5820762515068054,0.0,0.14940866827964783,1.0,6.0,8.0,5.0,2.0,8.0,1.0,8.0,3.0,2.0,8.0,0.5080068111419678,0.14419597387313843,2.0,-0.9687159061431885,-0.3043760359287262,-20.175726998488248,2.4436380863189697,0.7262722253799438,0.0,0.0,2.0,7.0,1.0,6.0,3.0,9.0,2.0,9.0,1.0,3.0,0.0
11908,2.4436380863189697,0.7262722253799438,0.0,0.0,2.0,7.0,1.0,6.0,3.0,9.0,2.0,9.0,1.0,3.0,1.0,1.4257431030273438,-0.1507646143436432,8.0,-0.3536510467529297,0.3709680438041687,-12.648639717472243,3.8693811893463135,0.5755076110363007,0.0,0.3709680438041687,3.0,1.0,2.0,7.0,4.0,10.0,3.0,10.0,1.0,4.0,0.0
11909,3.8693811893463135,0.5755076110363007,0.0,0.3709680438041687,3.0,1.0,2.0,7.0,4.0,10.0,3.0,10.0,1.0,4.0,9.0,-1.3187217712402344,-0.2825813293457031,3.0,1.2358803749084473,0.9632982611656189,-7.195522545548738,2.550659418106079,0.29292628169059753,1.2358803749084473,1.3342663049697876,4.0,2.0,3.0,1.0,5.0,11.0,4.0,11.0,2.0,1.0,0.0
11910,2.550659418106079,0.29292628169059753,1.2358803749084473,1.3342663049697876,4.0,2.0,3.0,1.0,5.0,11.0,4.0,11.0,2.0,1.0,5.0,-0.6017943024635315,0.3299410343170166,0.0,-1.695364236831665,-0.77740877866745,-11.929797990847023,1.9488651156425476,0.6228673160076141,0.0,0.5568575263023376,1.0,3.0,4.0,2.0,6.0,1.0,5.0,12.0,3.0,2.0,0.0
11911,1.9488651156425476,0.6228673160076141,0.0,0.5568575263023376,1.0,3.0,4.0,2.0,6.0,1.0,5.0,12.0,3.0,2.0,4.0,0.1093541607260704,-0.7646464109420776,7.0,-0.570094108581543,1.2367703914642334,-14.370059778065738,2.058219276368618,0.0,0.0,1.793627917766571,2.0,4.0,5.0,3.0,1.0,2.0,6.0,1.0,4.0,3.0,0.0
11912,2.058219276368618,0.0,0.0,1.793627917766571,2.0,4.0,5.0,3.0,1.0,2.0,6.0,1.0,4.0,3.0,8.0,-1.0451849699020386,0.009207183495163918,8.0,-1.7073335647583008,-0.20810382068157196,-21.382827710515393,1.0130343064665794,0.009207183495163918,0.0,1.585524097084999,3.0,5.0,6.0,4.0,2.0,3.0,7.0,2.0,1.0,4.0,0.0
11913,1.0130343064665794,0.009207183495163918,0.0,1.585524097084999,3.0,5.0,6.0,4.0,2.0,3.0,7.0,2.0,1.0,4.0,4.0,-1.1310416460037231,1.3235554695129395,5.0,-0.16704095900058746,-1.4712944030761719,-18.63124353894964,0.0,1.3327626530081034,0.0,0.11422969400882721,4.0,6.0,7.0,5.0,1.0,1.0,8.0,3.0,2.0,5.0,0.0
11914,0.0,1.3327626530081034,0.0,0.11422969400882721,4.0,6.0,7.0,5.0,1.0,1.0,8.0,3.0,2.0,5.0,9.0,0.1906472146511078,0.46132704615592957,7.0,-0.5188080668449402,0.2795427441596985,-10.977915573537548,0.1906472146511078,1.794089699164033,0.0,0.3937724381685257,5.0,7.0,8.0,6.0,2.0,2.0,9.0,1.0,3.0,1.0,0.0
11915,0.1906472146511078,1.794089699164033,0.0,0.3937724381685257,5.0,7.0,8.0,6.0,2.0,2.0,9.0,1.0,3.0,1.0,0.0,-1.158412218093872,-0.43661201000213623,9.0,-0.0015222426736727357,-0.2218848615884781,-11.604747498447825,0.0,1.3574776891618967,0.0,0.1718875765800476,1.0,8.0,9.0,7.0,3.0,3.0,10.0,2.0,4.0,1.0,0.0
11916,0.0,1.3574776891618967,0.0,0.1718875765800476,1.0,8.0,9.0,7.0,3.0,3.0,10.0,2.0,4.0,1.0,8.0,0.6962118744850159,0.6695199012756348,3.0,-0.6080248355865479,0.19348964095115662,-14.056557700765799,0.6962118744850159,2.0269975904375315,0.0,0.3653772175312042,2.0,9.0,10.0,1.0,4.0,4.0,11.0,3.0,1.0,2.0,0.0
11917,0.6962118744850159,2.0269975904375315,0.0,0.3653772175312042,2.0,9.0,10.0,1.0,4.0,4.0,11.0,3.0,1.0,2.0,0.0,0.48364436626434326,-0.5463961362838745,7.0,-1.1940350532531738,-1.0282148122787476,-15.792040201700354,1.1798562407493591,1.480601454153657,0.0,0.0,1.0,10.0,11.0,2.0,5.0,5.0,12.0,1.0,2.0,3.0,0.0
11918,1.1798562407493591,1.480601454153657,0.0,0.0,1.0,10.0,11.0,2.0,5.0,5.0,12.0,1.0,2.0,3.0,4.0,1.382429599761963,-0.6810545921325684,6.0,-0.021974870935082436,-1.166653037071228,-20.818099026178036,2.562285840511322,0.7995468620210886,0.0,0.0,2.0,11.0,12.0,3.0,1.0,6.0,1.0,2.0,3.0,4.0,0.0
11919,2.562285840511322,0.7995468620210886,0.0,0.0,2.0,11.0,12.0,3.0,1.0,6.0,1.0,2.0,3.0,4.0,8.0,0.6747561097145081,-1.8083322048187256,2.0,-1.0014063119888306,-1.5017014741897583,-29.70014707816423,3.23704195022583,0.0,0.0,0.0,3.0,12.0,1.0,4.0,2.0,7.0,2.0,3.0,1.0,5.0,0.0
11920,3.23704195022583,0.0,0.0,0.0,3.0,12.0,1.0,4.0,2.0,7.0,2.0,3.0,1.0,5.0,1.0,-0.947050929069519,-0.0037048268131911755,1.0,-0.7480732202529907,-1.0865788459777832,-17.055007678236443,2.289991021156311,0.0,0.0,0.0,4.0,1.0,2.0,5.0,3.0,8.0,3.0,4.0,2.0,6.0,0.0
11921,2.289991021156311,0.0,0.0,0.0,4.0,1.0,2.0,5.0,3.0,8.0,3.0,4.0,2.0,6.0,9.0,-1.2071845531463623,0.9712116122245789,3.0,-0.4347575306892395,0.724612832069397,-9.165950203042481,1.0828064680099487,0.9712116122245789,0.0,0.724612832069397,5.0,2.0,3.0,1.0,4.0,9.0,4.0,5.0,3.0,1.0,0.0
11922,1.0828064680099487,0.9712116122245789,0.0,0.724612832069397,5.0,2.0,3.0,1.0,4.0,9.0,4.0,5.0,3.0,1.0,0.0,-0.024982254952192307,-1.2001854181289673,0.0,-1.679332971572876,-0.127237468957901,-15.123884184130292,1.0578242130577564,0.0,0.0,0.597375363111496,1.0,3.0,4.0,2.0,5.0,10.0,5.0,6.0,4.0,2.0,0.0
11923,1.0578242130577564,0.0,0.0,0.597375363111496,1.0,3.0,4.0,2.0,5.0,10.0,5.0,6.0,4.0,2.0,0.0,0.2409035861492157,-1.6789774894714355,8.0,-0.7460333108901978,-0.76479172706604,-23.070884953465825,1.2987277992069721,0.0,0.0,0.0,1.0,4.0,5.0,3.0,6.0,11.0,6.0,7.0,1.0,3.0,0.0
11924,1.2987277992069721,0.0,0.0,0.0,1.0,4.0,5.0,3.0,6.0,11.0,6.0,7.0,1.0,3.0,5.0,1.3001041412353516,-0.791110098361969,5.0,-0.768630862236023,-0.5104769468307495,-25.49728186274118,2.5988319404423237,0.0,0.0,0.0,2.0,5.0,6.0,4.0,7.0,1.0,7.0,8.0,2.0,4.0,0.0
11925,2.5988319404423237,0.0,0.0,0.0,2.0,5.0,6.0,4.0,7.0,1.0,7.0,8.0,2.0,4.0,4.0,-1.1013972759246826,-0.542475700378418,6.0,-0.5894762277603149,1.3012126684188843,-21.746052415765824,1.497434664517641,0.0,0.0,1.3012126684188843,3.0,6.0,7.0,5.0,1.0,2.0,1.0,9.0,3.0,5.0,0.0
11926,1.497434664517641,0.0,0.0,1.3012126684188843,3.0,6.0,7.0,5.0,1.0,2.0,1.0,9.0,3.0,5.0,8.0,-0.3380584716796875,-0.9718725681304932,2.0,-1.4637343883514404,0.3149680197238922,-27.03852046714172,1.1593761928379536,0.0,0.0,1.6161806881427765,4.0,7.0,1.0,6.0,2.0,3.0,2.0,10.0,1.0,6.0,0.0
11927,1.1593761928379536,0.0,0.0,1.6161806881427765,4.0,7.0,1.0,6.0,2.0,3.0,2.0,10.0,1.0,6.0,9.0,-1.6132891178131104,0.9463027715682983,1.0,-1.1495531797409058,-0.8252220749855042,-16.90743886810104,0.0,0.9463027715682983,0.0,0.7909586131572723,5.0,1.0,2.0,7.0,3.0,4.0,3.0,11.0,2.0,1.0,0.0
11928,0.0,0.9463027715682983,0.0,0.7909586131572723,5.0,1.0,2.0,7.0,3.0,4.0,3.0,11.0,2.0,1.0,0.0,-0.6937177777290344,0.756484866142273,0.0,0.1478482037782669,-0.3563680052757263,-9.442690603377454,0.0,1.7027876377105713,0.1478482037782669,0.434590607881546,1.0,2.0,3.0,8.0,4.0,5.0,4.0,12.0,3.0,2.0,0.0
11929,0.0,1.7027876377105713,0.1478482037782669,0.434590607881546,1.0,2.0,3.0,8.0,4.0,5.0,4.0,12.0,3.0,2.0,3.0,1.1651209592819214,-0.6524099707603455,3.0,-0.1967814713716507,0.13482588529586792,-10.106720203715467,1.1651209592819214,1.0503776669502258,0.0,0.5694164931774139,2.0,3.0,4.0,1.0,5.0,6.0,5.0,13.0,4.0,3.0,0.0
11930,1.1651209592819214,1.0503776669502258,0.0,0.5694164931774139,2.0,3.0,4.0,1.0,5.0,6.0,5.0,13.0,4.0,3.0,4.0,-0.896265983581543,-1.0306812524795532,8.0,-1.2494827508926392,0.6883641481399536,-21.336923067814325,0.2688549757003784,0.019696414470672607,0.0,1.2577806413173676,3.0,4.0,5.0,2.0,1.0,7.0,6.0,14.0,1.0,4.0,0.0
11931,0.2688549757003784,0.019696414470672607,0.0,1.2577806413173676,3.0,4.0,5.0,2.0,1.0,7.0,6.0,14.0,1.0,4.0,0.0,1.153846263885498,-1.0449450016021729,7.0,-0.6370492577552795,0.29990485310554504,-16.132152772431656,1.4227012395858765,0.0,0.0,1.5576854944229126,1.0,5.0,6.0,3.0,2.0,8.0,7.0,1.0,2.0,5.0,0.0
11932,1.4227012395858765,0.0,0.0,1.5576854944229126,1.0,5.0,6.0,3.0,2.0,8.0,7.0,1.0,2.0,5.0,1.0,-1.3652057647705078,-0.007421519141644239,3.0,-0.49440696835517883,-0.36339592933654785,-13.343059690839556,0.05749547481536865,0.0,0.0,1.1942895650863647,2.0,1.0,7.0,1.0,3.0,9.0,8.0,2.0,3.0,6.0,0.0
11933,0.05749547481536865,0.0,0.0,1.1942895650863647,2.0,1.0,7.0,1.0,3.0,9.0,8.0,2.0,3.0,6.0,0.0,1.5853872299194336,-1.336535096168518,4.0,-0.1290360540151596,0.426198273897171,-17.744478160384762,1.6428827047348022,0.0,0.0,1.6204878389835358,1.0,2.0,8.0,2.0,1.0,10.0,9.0,3.0,4.0,7.0,0.0
11934,1.6428827047348022,0.0,0.0,1.6204878389835358,1.0,2.0,8.0,2.0,1.0,10.0,9.0,3.0,4.0,7.0,0.0,-1.3466660976409912,-0.3194335103034973,6.0,-0.8671826720237732,-0.9109727144241333,-18.529929934279018,0.29621660709381104,0.0,0.0,0.7095151245594025,1.0,3.0,9.0,3.0,2.0,11.0,1.0,4.0,5.0,8.0,0.0
11935,0.29621660709381104,0.0,0.0,0.7095151245594025,1.0,3.0,9.0,3.0,2.0,11.0,1.0,4.0,5.0,8.0,9.0,0.4880567789077759,-1.0140446424484253,3.0,-0.9658794403076172,-0.6821501851081848,-18.90462140295987,0.7842733860015869,0.0,0.0,0.02736493945121765,2.0,4.0,10.0,1.0,3.0,12.0,2.0,5.0,6.0,1.0,0.0
11936,0.7842733860015869,0.0,0.0,0.02736493945121765,2.0,4.0,10.0,1.0,3.0,12.0,2.0,5.0,6.0,1.0,0.0,1.071154236793518,-0.47236430644989014,8.0,-0.4726730287075043,-0.46321380138397217,-16.406847447562694,1.855427622795105,0.0,0.0,0.0,1.0,5.0,11.0,2.0,4.0,13.0,3.0,6.0,1.0,2.0,0.0
11937,1.855427622795105,0.0,0.0,0.0,1.0,5.0,11.0,2.0,4.0,13.0,3.0,6.0,1.0,2.0,0.0,0.2925907373428345,0.02826383337378502,5.0,-1.3009114265441895,-0.42320647835731506,-19.1560875589066,2.1480183601379395,0.02826383337378502,0.0,0.0,1.0,6.0,12.0,3.0,5.0,1.0,4.0,7.0,2.0,3.0,0.0
11938,2.1480183601379395,0.02826383337378502,0.0,0.0,1.0,6.0,12.0,3.0,5.0,1.0,4.0,7.0,2.0,3.0,0.0,0.8792229890823364,0.12223469465970993,2.0,-0.8962295651435852,0.23396696150302887,-15.699608028596348,3.027241349220276,0.15049852803349495,0.0,0.23396696150302887,1.0,7.0,1.0,4.0,6.0,2.0,5.0,8.0,3.0,4.0,0.0
11939,3.027241349220276,0.15049852803349495,0.0,0.23396696150302887,1.0,7.0,1.0,4.0,6.0,2.0,5.0,8.0,3.0,4.0,4.0,-0.10921486467123032,-0.3814041018486023,1.0,-1.4190906286239624,-0.37137794494628906,-20.084614574465455,2.9180264845490456,0.0,0.0,0.0,2.0,1.0,2.0,5.0,1.0,3.0,6.0,9.0,4.0,5.0,0.0
11940,2.9180264845490456,0.0,0.0,0.0,2.0,1.0,2.0,5.0,1.0,3.0,6.0,9.0,4.0,5.0,9.0,0.2218714952468872,0.20218047499656677,0.0,0.03274916857481003,0.8887577652931213,-5.604698001596822,3.1398979797959328,0.20218047499656677,0.03274916857481003,0.8887577652931213,1.0,2.0,3.0,6.0,2.0,4.0,7.0,10.0,5.0,1.0,0.0
11941,3.1398979797959328,0.20218047499656677,0.03274916857481003,0.8887577652931213,1.0,2.0,3.0,6.0,2.0,4.0,7.0,10.0,5.0,1.0,4.0,-0.38922396302223206,0.41766712069511414,3.0,-0.2609037160873413,0.6818764209747314,-10.791409914739496,2.7506740167737007,0.6198475956916809,0.0,1.5706341862678528,2.0,3.0,4.0,1.0,1.0,5.0,8.0,11.0,6.0,2.0,0.0
11942,2.7506740167737007,0.6198475956916809,0.0,1.5706341862678528,2.0,3.0,4.0,1.0,1.0,5.0,8.0,11.0,6.0,2.0,0.0,-1.7919378280639648,-0.8229334354400635,8.0,-0.705530047416687,1.4195873737335205,-12.511581049025224,0.9587361887097359,0.0,0.0,2.9902215600013733,1.0,4.0,5.0,2.0,2.0,6.0,9.0,12.0,1.0,3.0,0.0
11943,0.9587361887097359,0.0,0.0,2.9902215600013733,1.0,4.0,5.0,2.0,2.0,6.0,9.0,12.0,1.0,3.0,0.0,-0.455849826335907,0.3638750910758972,7.0,-1.744549036026001,-0.714695930480957,-17.061502631988144,0.5028863623738289,0.3638750910758972,0.0,2.2755256295204163,1.0,5.0,6.0,3.0,3.0,7.0,10.0,1.0,2.0,4.0,0.0
11944,0.5028863623738289,0.3638750910758972,0.0,2.2755256295204163,1.0,5.0,6.0,3.0,3.0,7.0,10.0,1.0,2.0,4.0,4.0,-1.120422601699829,-0.04134019836783409,6.0,-1.2032263278961182,-1.542729139328003,-26.213693845893587,0.0,0.3225348927080631,0.0,0.7327964901924133,2.0,6.0,7.0,4.0,1.0,8.0,1.0,2.0,3.0,5.0,0.0
11945,0.0,0.3225348927080631,0.0,0.7327964901924133,2.0,6.0,7.0,4.0,1.0,8.0,1.0,2.0,3.0,5.0,8.0,1.2625542879104614,-1.727525234222412,5.0,-0.9132387638092041,-0.6509705781936646,-27.960254044073398,1.2625542879104614,0.0,0.0,0.08182591199874878,3.0,7.0,8.0,5.0,2.0,1.0,2.0,3.0,1.0,6.0,0.0
11946,1.2625542879104614,0.0,0.0,0.08182591199874878,3.0,7.0,8.0,5.0,2.0,1.0,2.0,3.0,1.0,6.0,3.0,1.2110633850097656,0.44705697894096375,2.0,-1.2931510210037231,-0.9860280156135559,-21.62420762421874,2.473617672920227,0.44705697894096375,0.0,0.0,4.0,8.0,1.0,1.0,3.0,2.0,3.0,4.0,2.0,7.0,0.0
11947,2.473617672920227,0.44705697894096375,0.0,0.0,4.0,8.0,1.0,1.0,3.0,2.0,3.0,4.0,2.0,7.0,8.0,-1.4186612367630005,-0.4900021553039551,1.0,-1.1291227340698242,-0.024365650489926338,-18.83008320533303,1.0549564361572266,0.0,0.0,0.0,5.0,1.0,2.0,2.0,4.0,3.0,4.0,5.0,1.0,8.0,0.0
11948,1.0549564361572266,0.0,0.0,0.0,5.0,1.0,2.0,2.0,4.0,3.0,4.0,5.0,1.0,8.0,9.0,-0.02470698393881321,0.294802725315094,8.0,-0.5530970692634583,0.2503550946712494,-12.568245138446809,1.0302494522184134,0.294802725315094,0.0,0.2503550946712494,6.0,2.0,3.0,3.0,5.0,4.0,5.0,6.0,1.0,1.0,0.0
11949,1.0302494522184134,0.294802725315094,0.0,0.2503550946712494,6.0,2.0,3.0,3.0,5.0,4.0,5.0,6.0,1.0,1.0,4.0,-0.12629522383213043,-0.7253497242927551,0.0,-0.744637131690979,0.48768606781959534,-15.582771737917515,0.9039542283862829,0.0,0.0,0.7380411624908447,1.0,3.0,4.0,4.0,1.0,5.0,6.0,7.0,2.0,2.0,0.0
11950,0.9039542283862829,0.0,0.0,0.7380411624908447,1.0,3.0,4.0,4.0,1.0,5.0,6.0,7.0,2.0,2.0,0.0,-1.187822699546814,-1.2453922033309937,5.0,-0.408562570810318,0.15949608385562897,-20.260075168426972,0.0,0.0,0.0,0.8975372463464737,1.0,4.0,5.0,5.0,2.0,1.0,7.0,8.0,3.0,3.0,0.0
11951,0.0,0.0,0.0,0.8975372463464737,1.0,4.0,5.0,5.0,2.0,1.0,7.0,8.0,3.0,3.0,3.0,-0.936663806438446,1.4050060510635376,2.0,0.13306666910648346,0.4010867178440094,-16.48851216850422,0.0,1.4050060510635376,0.13306666910648346,1.298623964190483,2.0,5.0,1.0,1.0,3.0,2.0,8.0,9.0,4.0,4.0,0.0
11952,0.0,1.4050060510635376,0.13306666910648346,1.298623964190483,2.0,5.0,1.0,1.0,3.0,2.0,8.0,9.0,4.0,4.0,4.0,-0.27865225076675415,-1.5263099670410156,8.0,-1.0668838024139404,-0.9465250968933105,-22.040182215525846,0.0,0.0,0.0,0.35209886729717255,3.0,6.0,2.0,2.0,1.0,3.0,9.0,10.0,1.0,5.0,0.0
11953,0.0,0.0,0.0,0.35209886729717255,3.0,6.0,2.0,2.0,1.0,3.0,9.0,10.0,1.0,5.0,0.0,-1.2445521354675293,-0.850561797618866,6.0,0.5298935174942017,0.7310777306556702,-18.80046244573488,0.0,0.0,0.5298935174942017,1.0831765979528427,1.0,7.0,3.0,3.0,2.0,4.0,1.0,11.0,2.0,6.0,0.0
11954,0.0,0.0,0.5298935174942017,1.0831765979528427,1.0,7.0,3.0,3.0,2.0,4.0,1.0,11.0,2.0,6.0,9.0,-0.6405811905860901,-0.24778275191783905,5.0,0.932624101638794,0.10481016337871552,-13.735507829066256,0.0,0.0,1.4625176191329956,1.1879867613315582,2.0,8.0,4.0,4.0,3.0,1.0,2.0,12.0,3.0,1.0,0.0
11955,0.0,0.0,1.4625176191329956,1.1879867613315582,2.0,8.0,4.0,4.0,3.0,1.0,2.0,12.0,3.0,1.0,7.0,-0.6980729103088379,1.4824333190917969,2.0,-0.23083199560642242,0.7177343368530273,-14.500055126525325,0.0,1.4824333190917969,1.2316856235265732,1.9057210981845856,3.0,9.0,1.0,5.0,4.0,2.0,3.0,1.0,4.0,2.0,0.0
11956,0.0,1.4824333190917969,1.2316856235265732,1.9057210981845856,3.0,9.0,1.0,5.0,4.0,2.0,3.0,1.0,4.0,2.0,3.0,0.4146197438240051,0.772888720035553,1.0,-0.7820678949356079,-1.5185039043426514,-8.249177309565484,0.4146197438240051,2.25532203912735,0.44961772859096527,0.3872171938419342,4.0,1.0,2.0,1.0,5.0,3.0,4.0,2.0,5.0,3.0,0.0
11957,0.4146197438240051,2.25532203912735,0.44961772859096527,0.3872171938419342,4.0,1.0,2.0,1.0,5.0,3.0,4.0,2.0,5.0,3.0,4.0,-0.8275858759880066,-0.446679025888443,8.0,-1.581160545349121,-1.6980721950531006,-24.626320243972675,0.0,1.8086430132389069,0.0,0.0,5.0,2.0,3.0,2.0,1.0,4.0,5.0,3.0,1.0,4.0,0.0
11958,0.0,1.8086430132389069,0.0,0.0,5.0,2.0,3.0,2.0,1.0,4.0,5.0,3.0,1.0,4.0,0.0,-0.24471984803676605,-0.5938745141029358,0.0,-1.6416531801223755,-0.8983336687088013,-15.811133238791772,0.0,1.214768499135971,0.0,0.0,1.0,3.0,4.0,3.0,2.0,5.0,6.0,4.0,2.0,5.0,0.0
11959,0.0,1.214768499135971,0.0,0.0,1.0,3.0,4.0,3.0,2.0,5.0,6.0,4.0,2.0,5.0,0.0,-0.4652172923088074,-0.5850287079811096,6.0,0.7974033355712891,-1.2232645750045776,-19.100581305515853,0.0,0.6297397911548615,0.7974033355712891,0.0,1.0,4.0,5.0,4.0,3.0,6.0,1.0,5.0,3.0,6.0,0.0
11960,0.0,0.6297397911548615,0.7974033355712891,0.0,1.0,4.0,5.0,4.0,3.0,6.0,1.0,5.0,3.0,6.0,9.0,1.6978992223739624,0.7431896328926086,8.0,-0.16880376636981964,-1.0506787300109863,-14.803691201612448,1.6978992223739624,1.37292942404747,0.6285995692014694,0.0,2.0,5.0,6.0,5.0,4.0,7.0,2.0,6.0,1.0,1.0,0.0
11961,1.6978992223739624,1.37292942404747,0.6285995692014694,0.0,2.0,5.0,6.0,5.0,4.0,7.0,2.0,6.0,1.0,1.0,3.0,0.7263340353965759,-1.870922327041626,9.0,0.05529499053955078,-0.8445303440093994,-15.552308884075316,2.4242332577705383,0.0,0.6838945597410202,0.0,3.0,6.0,7.0,1.0,5.0,8.0,3.0,7.0,2.0,1.0,0.0
11962,2.4242332577705383,0.0,0.6838945597410202,0.0,3.0,6.0,7.0,1.0,5.0,8.0,3.0,7.0,2.0,1.0,0.0,-0.8298700451850891,-0.5089221596717834,5.0,0.02425408735871315,-0.020491478964686394,-13.972322270178926,1.5943632125854492,0.0,0.7081486470997334,0.0,1.0,7.0,8.0,2.0,6.0,1.0,4.0,8.0,3.0,2.0,0.0
11963,1.5943632125854492,0.0,0.7081486470997334,0.0,1.0,7.0,8.0,2.0,6.0,1.0,4.0,8.0,3.0,2.0,4.0,-1.1356158256530762,-0.05177020654082298,2.0,-1.5372226238250732,-0.7166783809661865,-22.545105030644713,0.45874738693237305,0.0,0.0,0.0,2.0,8.0,1.0,3.0,1.0,2.0,5.0,9.0,4.0,3.0,0.0
11964,0.45874738693237305,0.0,0.0,0.0,2.0,8.0,1.0,3.0,1.0,2.0,5.0,9.0,4.0,3.0,4.0,-0.9128786325454712,-1.0242223739624023,1.0,0.3491722047328949,-0.2931646704673767,-21.332104579357193,0.0,0.0,0.3491722047328949,0.0,3.0,1.0,2.0,4.0,1.0,3.0,6.0,10.0,5.0,4.0,0.0
11965,0.0,0.0,0.3491722047328949,0.0,3.0,1.0,2.0,4.0,1.0,3.0,6.0,10.0,5.0,4.0,9.0,0.036431796848773956,0.04893863573670387,7.0,-0.6466376185417175,1.2228937149047852,-9.565842082385238,0.036431796848773956,0.04893863573670387,0.0,1.2228937149047852,4.0,2.0,3.0,5.0,2.0,4.0,7.0,1.0,6.0,1.0,0.0
11966,0.036431796848773956,0.04893863573670387,0.0,1.2228937149047852,4.0,2.0,3.0,5.0,2.0,4.0,7.0,1.0,6.0,1.0,3.0,-0.8590384721755981,-1.4565249681472778,3.0,-0.6986698508262634,-0.18744783103466034,-21.54363685588511,0.0,0.0,0.0,1.0354458838701248,5.0,3.0,4.0,1.0,3.0,5.0,8.0,2.0,7.0,2.0,0.0
11967,0.0,0.0,0.0,1.0354458838701248,5.0,3.0,4.0,1.0,3.0,5.0,8.0,2.0,7.0,2.0,0.0,-0.4802679717540741,0.202509805560112,8.0,-1.6963742971420288,0.7685366272926331,-19.420638787410585,0.0,0.202509805560112,0.0,1.8039825111627579,1.0,4.0,5.0,2.0,4.0,6.0,9.0,3.0,1.0,3.0,0.0
11968,0.0,0.202509805560112,0.0,1.8039825111627579,1.0,4.0,5.0,2.0,4.0,6.0,9.0,3.0,1.0,3.0,9.0,-0.5164902806282043,-0.8026407361030579,0.0,-0.8760243654251099,0.11746135354042053,-14.787173904806526,0.0,0.0,0.0,1.9214438647031784,1.0,5.0,6.0,3.0,5.0,7.0,10.0,4.0,2.0,1.0,0.0
11969,0.0,0.0,0.0,1.9214438647031784,1.0,5.0,6.0,3.0,5.0,7.0,10.0,4.0,2.0,1.0,1.0,0.9762682914733887,-0.1569080352783203,2.0,0.6923041939735413,0.025275137275457382,-13.129065217928876,0.9762682914733887,0.0,0.6923041939735413,1.9467190019786358,2.0,1.0,1.0,4.0,6.0,8.0,11.0,5.0,3.0,2.0,0.0
11970,0.9762682914733887,0.0,0.6923041939735413,1.9467190019786358,2.0,1.0,1.0,4.0,6.0,8.0,11.0,5.0,3.0,2.0,4.0,-0.16744332015514374,-0.3962234556674957,3.0,-1.5414021015167236,-0.09669620543718338,-17.842150438481617,0.8088249713182449,0.0,0.0,1.8500227965414524,3.0,2.0,2.0,1.0,1.0,9.0,12.0,6.0,4.0,3.0,0.0
11971,0.8088249713182449,0.0,0.0,1.8500227965414524,3.0,2.0,2.0,1.0,1.0,9.0,12.0,6.0,4.0,3.0,4.0,-0.46951377391815186,-1.0533194541931152,6.0,-1.553598165512085,-1.0094335079193115,-30.09728098097608,0.3393111974000931,0.0,0.0,0.8405892886221409,4.0,3.0,3.0,2.0,1.0,10.0,1.0,7.0,5.0,4.0,0.0
11972,0.3393111974000931,0.0,0.0,0.8405892886221409,4.0,3.0,3.0,2.0,1.0,10.0,1.0,7.0,5.0,4.0,8.0,0.19691996276378632,-0.44106563925743103,3.0,-0.6897531151771545,0.6296120285987854,-17.436452897968625,0.5362311601638794,0.0,0.0,1.4702013172209263,5.0,4.0,4.0,1.0,2.0,11.0,2.0,8.0,1.0,5.0,0.0
11973,0.5362311601638794,0.0,0.0,1.4702013172209263,5.0,4.0,4.0,1.0,2.0,11.0,2.0,8.0,1.0,5.0,0.0,0.06934499740600586,-1.0053622722625732,6.0,-1.5203441381454468,-0.03008698858320713,-25.011621929399027,0.6055761575698853,0.0,0.0,1.4401143286377192,1.0,5.0,5.0,2.0,3.0,12.0,1.0,9.0,2.0,6.0,0.0
11974,0.6055761575698853,0.0,0.0,1.4401143286377192,1.0,5.0,5.0,2.0,3.0,12.0,1.0,9.0,2.0,6.0,0.0,1.3029192686080933,0.6520767211914062,5.0,0.010114291682839394,-0.6935591101646423,-11.591223867768502,1.9084954261779785,0.6520767211914062,0.010114291682839394,0.7465552184730768,1.0,6.0,6.0,3.0,4.0,1.0,2.0,10.0,3.0,7.0,0.0
11975,1.9084954261779785,0.6520767211914062,0.010114291682839394,0.7465552184730768,1.0,6.0,6.0,3.0,4.0,1.0,2.0,10.0,3.0,7.0,3.0,0.06917865574359894,-1.2899948358535767,4.0,-0.123394675552845,0.3702772855758667,-17.38744231459646,1.9776740819215775,0.0,0.0,1.1168325040489435,2.0,7.0,7.0,1.0,1.0,2.0,3.0,11.0,4.0,8.0,0.0
11976,1.9776740819215775,0.0,0.0,1.1168325040489435,2.0,7.0,7.0,1.0,1.0,2.0,3.0,11.0,4.0,8.0,9.0,-0.8192583918571472,-0.844849705696106,8.0,-0.38842710852622986,1.1450082063674927,-14.92484156439966,1.1584156900644302,0.0,0.0,2.261840710416436,3.0,8.0,8.0,2.0,2.0,3.0,4.0,12.0,1.0,1.0,0.0
11977,1.1584156900644302,0.0,0.0,2.261840710416436,3.0,8.0,8.0,2.0,2.0,3.0,4.0,12.0,1.0,1.0,0.0,-1.0563232898712158,0.45357710123062134,2.0,-1.342492938041687,0.18894274532794952,-16.78142832947116,0.10209240019321442,0.45357710123062134,0.0,2.4507834557443857,1.0,9.0,1.0,3.0,3.0,4.0,5.0,13.0,2.0,2.0,0.0
11978,0.10209240019321442,0.45357710123062134,0.0,2.4507834557443857,1.0,9.0,1.0,3.0,3.0,4.0,5.0,13.0,2.0,2.0,7.0,0.7180116772651672,0.6385330557823181,1.0,0.9406406283378601,0.7665053606033325,-8.64125319400263,0.8201040774583817,1.0921101570129395,0.9406406283378601,3.2172888163477182,2.0,1.0,2.0,4.0,4.0,5.0,6.0,1.0,3.0,3.0,0.0
11979,0.8201040774583817,1.0921101570129395,0.9406406283378601,3.2172888163477182,2.0,1.0,2.0,4.0,4.0,5.0,6.0,1.0,3.0,3.0,4.0,-0.4788506031036377,0.7009152770042419,3.0,-1.2325204610824585,-1.6278105974197388,-11.6294302069183,0.34125347435474396,1.7930254340171814,0.0,1.5894782189279795,3.0,2.0,3.0,1.0,1.0,6.0,7.0,2.0,4.0,4.0,0.0
11980,0.34125347435474396,1.7930254340171814,0.0,1.5894782189279795,3.0,2.0,3.0,1.0,1.0,6.0,7.0,2.0,4.0,4.0,9.0,-1.186608076095581,0.10231846570968628,3.0,-0.8283345699310303,-1.3269908428192139,-15.995150092922506,0.0,1.8953438997268677,0.0,0.2624873761087656,4.0,3.0,4.0,1.0,2.0,7.0,8.0,3.0,5.0,1.0,0.0
11981,0.0,1.8953438997268677,0.0,0.2624873761087656,4.0,3.0,4.0,1.0,2.0,7.0,8.0,3.0,5.0,1.0,4.0,-0.7235552668571472,-1.3212436437606812,8.0,-0.5123376846313477,0.17405693233013153,-21.418616858386102,0.0,0.5741002559661865,0.0,0.43654430843889713,5.0,4.0,5.0,2.0,1.0,8.0,9.0,4.0,1.0,2.0,0.0
11982,0.0,0.5741002559661865,0.0,0.43654430843889713,5.0,4.0,5.0,2.0,1.0,8.0,9.0,4.0,1.0,2.0,0.0,-0.5783123970031738,-0.877596378326416,6.0,1.1774177551269531,-1.2827602624893188,-17.669080738595373,0.0,0.0,1.1774177551269531,0.0,1.0,5.0,6.0,3.0,2.0,9.0,1.0,5.0,2.0,3.0,0.0
11983,0.0,0.0,1.1774177551269531,0.0,1.0,5.0,6.0,3.0,2.0,9.0,1.0,5.0,2.0,3.0,0.0,-0.2527550756931305,-0.5885276794433594,9.0,0.47611695528030396,-0.9836856722831726,-14.20087027272775,0.0,0.0,1.653534710407257,0.0,1.0,6.0,7.0,4.0,3.0,10.0,2.0,6.0,3.0,1.0,0.0
11984,0.0,0.0,1.653534710407257,0.0,1.0,6.0,7.0,4.0,3.0,10.0,2.0,6.0,3.0,1.0,8.0,0.8390384316444397,-0.8830223083496094,5.0,-0.32667213678359985,-0.44409477710723877,-21.849492766792636,0.8390384316444397,0.0,1.3268625736236572,0.0,2.0,7.0,8.0,5.0,4.0,1.0,3.0,7.0,1.0,2.0,0.0
11985,0.8390384316444397,0.0,1.3268625736236572,0.0,2.0,7.0,8.0,5.0,4.0,1.0,3.0,7.0,1.0,2.0,0.0,0.11411532759666443,0.7533939480781555,2.0,-0.8116284608840942,-1.086464285850525,-16.528564200545453,0.9531537592411041,0.7533939480781555,0.515234112739563,0.0,1.0,8.0,1.0,6.0,5.0,2.0,4.0,8.0,2.0,3.0,0.0
11986,0.9531537592411041,0.7533939480781555,0.515234112739563,0.0,1.0,8.0,1.0,6.0,5.0,2.0,4.0,8.0,2.0,3.0,4.0,0.9643427133560181,0.37408655881881714,1.0,0.07026045024394989,0.5028741359710693,-10.93037370465673,1.9174964725971222,1.1274805068969727,0.5854945629835129,0.5028741359710693,2.0,1.0,2.0,7.0,1.0,3.0,5.0,9.0,3.0,4.0,0.0
11987,1.9174964725971222,1.1274805068969727,0.5854945629835129,0.5028741359710693,2.0,1.0,2.0,7.0,1.0,3.0,5.0,9.0,3.0,4.0,3.0,1.0474271774291992,0.8470420241355896,3.0,-1.1617158651351929,0.30910834670066833,-11.507423638383234,2.9649236500263214,1.9745225310325623,0.0,0.8119824826717377,3.0,2.0,3.0,1.0,2.0,4.0,6.0,10.0,4.0,5.0,0.0
11988,2.9649236500263214,1.9745225310325623,0.0,0.8119824826717377,3.0,2.0,3.0,1.0,2.0,4.0,6.0,10.0,4.0,5.0,4.0,-1.299884557723999,-0.998583972454071,8.0,-0.14420665800571442,0.5677767395973206,-13.31256524037602,1.6650390923023224,0.9759385585784912,0.0,1.3797592222690582,4.0,3.0,4.0,2.0,1.0,5.0,7.0,11.0,1.0,6.0,0.0
11989,1.6650390923023224,0.9759385585784912,0.0,1.3797592222690582,4.0,3.0,4.0,2.0,1.0,5.0,7.0,11.0,1.0,6.0,0.0,-1.510184407234192,-0.16693958640098572,0.0,-0.34581059217453003,0.21251976490020752,-8.24656881223542,0.1548546850681305,0.8089989721775055,0.0,1.5922789871692657,1.0,4.0,5.0,3.0,2.0,6.0,8.0,12.0,2.0,7.0,0.0
11990,0.1548546850681305,0.8089989721775055,0.0,1.5922789871692657,1.0,4.0,5.0,3.0,2.0,6.0,8.0,12.0,2.0,7.0,9.0,-1.3115544319152832,-1.448212742805481,9.0,0.5200483798980713,0.5975197553634644,-13.599416602365173,0.0,0.0,0.5200483798980713,2.18979874253273,2.0,5.0,6.0,4.0,3.0,7.0,9.0,13.0,3.0,1.0,0.0
11991,0.0,0.0,0.5200483798980713,2.18979874253273,2.0,5.0,6.0,4.0,3.0,7.0,9.0,13.0,3.0,1.0,9.0,0.200111985206604,-1.0596996545791626,5.0,-1.0634125471115112,0.5234759449958801,-20.782385417947808,0.200111985206604,0.0,0.0,2.7132746875286102,3.0,6.0,7.0,5.0,4.0,1.0,10.0,14.0,4.0,1.0,0.0
11992,0.200111985206604,0.0,0.0,2.7132746875286102,3.0,6.0,7.0,5.0,4.0,1.0,10.0,14.0,4.0,1.0,1.0,-1.1822693347930908,0.5285387635231018,9.0,0.38878536224365234,0.22520378232002258,-15.310231293234121,0.0,0.5285387635231018,0.38878536224365234,2.938478469848633,4.0,1.0,8.0,6.0,5.0,2.0,11.0,15.0,5.0,1.0,0.0
11993,0.0,0.5285387635231018,0.38878536224365234,2.938478469848633,4.0,1.0,8.0,6.0,5.0,2.0,11.0,15.0,5.0,1.0,7.0,-0.11248192191123962,0.29310348629951477,7.0,-0.6394231915473938,-0.40299907326698303,-14.004535662063976,0.0,0.8216422498226166,0.0,2.53547939658165,5.0,2.0,9.0,7.0,6.0,3.0,12.0,1.0,6.0,2.0,0.0
11994,0.0,0.8216422498226166,0.0,2.53547939658165,5.0,2.0,9.0,7.0,6.0,3.0,12.0,1.0,6.0,2.0,4.0,-0.9406533241271973,0.8611552119255066,3.0,-1.7352160215377808,0.34652799367904663,-24.83848372662814,0.0,1.6827974617481232,0.0,2.8820073902606964,6.0,3.0,10.0,1.0,1.0,4.0,13.0,2.0,7.0,3.0,0.0
11995,0.0,1.6827974617481232,0.0,2.8820073902606964,6.0,3.0,10.0,1.0,1.0,4.0,13.0,2.0,7.0,3.0,4.0,0.4861457943916321,-0.04287164285778999,2.0,-0.9741679430007935,-1.2177000045776367,-20.09413925208286,0.4861457943916321,1.6399258188903332,0.0,1.6643073856830597,7.0,4.0,1.0,2.0,1.0,5.0,14.0,3.0,8.0,4.0,0.0
11996,0.4861457943916321,1.6399258188903332,0.0,1.6643073856830597,7.0,4.0,1.0,2.0,1.0,5.0,14.0,3.0,8.0,4.0,9.0,-0.3004932105541229,0.9825075268745422,6.0,-0.06509888172149658,-1.0991944074630737,-12.01568067147456,0.18565258383750916,2.6224333457648754,0.0,0.565112978219986,8.0,5.0,2.0,3.0,2.0,6.0,1.0,4.0,9.0,1.0,0.0
11997,0.18565258383750916,2.6224333457648754,0.0,0.565112978219986,8.0,5.0,2.0,3.0,2.0,6.0,1.0,4.0,9.0,1.0,0.0,-1.6474292278289795,-1.7291604280471802,0.0,-1.0939658880233765,-0.523114025592804,-18.82198873257915,0.0,0.8932729177176952,0.0,0.04199895262718201,1.0,6.0,3.0,4.0,3.0,7.0,2.0,5.0,10.0,2.0,0.0
11998,0.0,0.8932729177176952,0.0,0.04199895262718201,1.0,6.0,3.0,4.0,3.0,7.0,2.0,5.0,10.0,2.0,8.0,-0.13843192160129547,-1.1608481407165527,8.0,0.5667591691017151,-0.13900165259838104,-17.318586214985,0.0,0.0,0.5667591691017151,0.0,2.0,7.0,4.0,5.0,4.0,8.0,3.0,6.0,1.0,3.0,0.0
11999,0.0,0.0,0.5667591691017151,0.0,2.0,7.0,4.0,5.0,4.0,8.0,3.0,6.0,1.0,3.0,8.0,0.0520036406815052,1.006065011024475,9.0,1.4114927053451538,0.15443816781044006,-10.179866535971277,0.0520036406815052,1.006065011024475,1.978251874446869,0.15443816781044006,3.0,8.0,5.0,6.0,5.0,9.0,4.0,7.0,1.0,1.0,1.0
12000,7.900261402130127,1.2221391201019287,1.9428998231887817,8.786300659179688,1.0,1.0,1.0,1.0,1.0,1.0,1.0,1.0,1.0,1.0,4.0,-1.8650974035263062,-1.0351277589797974,8.0,-1.9924407005310059,-1.9717971086502075,-5.440693875378382,6.035163998603821,0.18701136112213135,0.0,6.81450355052948,2.0,2.0,2.0,2.0,1.0,2.0,2.0,2.0,1.0,2.0,0.0
12001,6.035163998603821,0.18701136112213135,0.0,6.81450355052948,2.0,2.0,2.0,2.0,1.0,2.0,2.0,2.0,1.0,2.0,4.0,-1.923455834388733,-0.14335520565509796,3.0,-1.7405542135238647,-1.9673309326171875,-14.440543145030894,4.111708164215088,0.043656155467033386,0.0,4.8471726179122925,3.0,3.0,3.0,1.0,1.0,3.0,3.0,3.0,2.0,3.0,0.0
12002,4.111708164215088,0.043656155467033386,0.0,4.8471726179122925,3.0,3.0,3.0,1.0,1.0,3.0,3.0,3.0,2.0,3.0,8.0,-1.5787456035614014,0.7450302839279175,0.0,-1.854278802871704,-1.494341254234314,-17.04747974236464,2.5329625606536865,0.7886864393949509,0.0,3.3528313636779785,1.0,4.0,4.0,2.0,2.0,4.0,4.0,4.0,1.0,4.0,0.0
12003,2.5329625606536865,0.7886864393949509,0.0,3.3528313636779785,1.0,4.0,4.0,2.0,2.0,4.0,4.0,4.0,1.0,4.0,4.0,-0.4448944926261902,-0.46482643485069275,2.0,-1.4043803215026855,-1.0844298601150513,-19.550883661442406,2.0880680680274963,0.3238600045442581,0.0,2.2684015035629272,2.0,5.0,1.0,3.0,1.0,5.0,5.0,5.0,2.0,5.0,0.0
12004,2.0880680680274963,0.3238600045442581,0.0,2.2684015035629272,2.0,5.0,1.0,3.0,1.0,5.0,5.0,5.0,2.0,5.0,9.0,-0.8053512573242188,-0.5107372403144836,1.0,-1.7157385349273682,-1.1139581203460693,-17.81823217881125,1.2827168107032776,0.0,0.0,1.154443383216858,3.0,1.0,2.0,4.0,2.0,6.0,6.0,6.0,3.0,1.0,0.0
12005,1.2827168107032776,0.0,0.0,1.154443383216858,3.0,1.0,2.0,4.0,2.0,6.0,6.0,6.0,3.0,1.0,0.0,-0.3466625213623047,0.9817036390304565,3.0,-1.2174350023269653,-0.5375235676765442,-13.052958010646957,0.9360542893409729,0.9817036390304565,0.0,0.6169198155403137,1.0,2.0,3.0,1.0,3.0,7.0,7.0,7.0,4.0,2.0,0.0
12006,0.9360542893409729,0.9817036390304565,0.0,0.6169198155403137,1.0,2.0,3.0,1.0,3.0,7.0,7.0,7.0,4.0,2.0,0.0,-0.7281407117843628,-1.200538992881775,3.0,-0.35297349095344543,-0.5431179404258728,-11.570531316151163,0.2079135775566101,0.0,0.0,0.07380187511444092,1.0,3.0,4.0,1.0,4.0,8.0,8.0,8.0,5.0,3.0,0.0
12007,0.2079135775566101,0.0,0.0,0.07380187511444092,1.0,3.0,4.0,1.0,4.0,8.0,8.0,8.0,5.0,3.0,4.0,1.4481173753738403,-0.8580476641654968,5.0,-0.6596987843513489,1.246787190437317,-23.27658526877666,1.6560309529304504,0.0,0.0,1.3205890655517578,2.0,4.0,5.0,2.0,1.0,1.0,9.0,9.0,6.0,4.0,0.0
12008,1.6560309529304504,0.0,0.0,1.3205890655517578,2.0,4.0,5.0,2.0,1.0,1.0,9.0,9.0,6.0,4.0,0.0,-1.7062181234359741,0.4271710515022278,8.0,0.29927846789360046,0.6818461418151855,-9.09632368818764,0.0,0.4271710515022278,0.29927846789360046,2.0024352073669434,1.0,5.0,6.0,3.0,2.0,2.0,10.0,10.0,1.0,5.0,0.0
12009,0.0,0.4271710515022278,0.29927846789360046,2.0024352073669434,1.0,5.0,6.0,3.0,2.0,2.0,10.0,10.0,1.0,5.0,3.0,-0.8636053800582886,0.46053817868232727,6.0,0.699566662311554,-0.3612598180770874,-16.824364345880745,0.0,0.887709230184555,0.9988451302051544,1.641175389289856,2.0,6.0,7.0,1.0,3.0,3.0,1.0,11.0,2.0,6.0,0.0
12010,0.0,0.887709230184555,0.9988451302051544,1.641175389289856,2.0,6.0,7.0,1.0,3.0,3.0,1.0,11.0,2.0,6.0,9.0,-0.9236275553703308,0.347246378660202,4.0,-1.242081642150879,-0.821252167224884,-16.728673163424244,0.0,1.234955608844757,0.0,0.8199232220649719,3.0,7.0,8.0,2.0,1.0,4.0,2.0,12.0,3.0,1.0,0.0
12011,0.0,1.234955608844757,0.0,0.8199232220649719,3.0,7.0,8.0,2.0,1.0,4.0,2.0,12.0,3.0,1.0,0.0,-1.2850013971328735,-0.9009226560592651,7.0,0.22720986604690552,-0.07913029938936234,-14.237535659142065,0.0,0.33403295278549194,0.22720986604690552,0.7407929226756096,1.0,8.0,9.0,3.0,2.0,5.0,3.0,1.0,4.0,2.0,0.0
12012,0.0,0.33403295278549194,0.22720986604690552,0.7407929226756096,1.0,8.0,9.0,3.0,2.0,5.0,3.0,1.0,4.0,2.0,8.0,0.7027707099914551,-0.8151940703392029,8.0,-1.078291654586792,-0.8116024732589722,-22.03222579927505,0.7027707099914551,0.0,0.0,0.0,2.0,9.0,10.0,4.0,3.0,6.0,4.0,2.0,1.0,3.0,0.0
12013,0.7027707099914551,0.0,0.0,0.0,2.0,9.0,10.0,4.0,3.0,6.0,4.0,2.0,1.0,3.0,8.0,-1.254349946975708,0.5209370255470276,10.0,-0.1811075359582901,-0.43837639689445496,-15.52178366602146,0.0,0.5209370255470276,0.0,0.0,3.0,10.0,11.0,5.0,4.0,7.0,5.0,3.0,1.0,4.0,0.0
12014,0.0,0.5209370255470276,0.0,0.0,3.0,10.0,11.0,5.0,4.0,7.0,5.0,3.0,1.0,4.0,4.0,-0.5661643147468567,0.31884196400642395,2.0,-0.550812304019928,0.16624972224235535,-23.13422067670873,0.0,0.8397789895534515,0.0,0.16624972224235535,4.0,11.0,1.0,6.0,1.0,8.0,6.0,4.0,2.0,5.0,0.0
12015,0.0,0.8397789895534515,0.0,0.16624972224235535,4.0,11.0,1.0,6.0,1.0,8.0,6.0,4.0,2.0,5.0,1.0,-1.3146984577178955,1.6038494110107422,1.0,0.793890655040741,0.4298812747001648,-18.49212811940977,0.0,2.4436284005641937,0.793890655040741,0.5961309969425201,5.0,1.0,2.0,7.0,2.0,9.0,7.0,5.0,3.0,6.0,0.0
12016,0.0,2.4436284005641937,0.793890655040741,0.5961309969425201,5.0,1.0,2.0,7.0,2.0,9.0,7.0,5.0,3.0,6.0,9.0,1.1567920446395874,0.5347133278846741,3.0,0.8378734588623047,0.7885199189186096,-6.753721410122178,1.1567920446395874,2.978341728448868,1.6317641139030457,1.3846509158611298,6.0,2.0,3.0,1.0,3.0,10.0,8.0,6.0,4.0,1.0,0.0
12017,1.1567920446395874,2.978341728448868,1.6317641139030457,1.3846509158611298,6.0,2.0,3.0,1.0,3.0,10.0,8.0,6.0,4.0,1.0,0.0,1.6029893159866333,-0.9089370369911194,0.0,-1.5614417791366577,0.034035854041576385,-5.650295106470851,2.7597813606262207,2.0694046914577484,0.07032233476638794,1.4186867699027061,1.0,3.0,4.0,2.0,4.0,11.0,9.0,7.0,5.0,2.0,0.0
12018,2.7597813606262207,2.0694046914577484,0.07032233476638794,1.4186867699027061,1.0,3.0,4.0,2.0,4.0,11.0,9.0,7.0,5.0,2.0,4.0,-0.1583370864391327,-1.2927522659301758,3.0,-1.1885823011398315,-1.1331298351287842,-17.258815536576282,2.601444274187088,0.7766524255275726,0.0,0.28555693477392197,2.0,4.0,5.0,1.0,1.0,12.0,10.0,8.0,6.0,3.0,0.0
12019,2.601444274187088,0.7766524255275726,0.0,0.28555693477392197,2.0,4.0,5.0,1.0,1.0,12.0,10.0,8.0,6.0,3.0,4.0,-1.3326096534729004,-0.9105080962181091,8.0,1.0645169019699097,0.689886212348938,-15.237888550970057,1.2688346207141876,0.0,1.0645169019699097,0.97544314712286,3.0,5.0,6.0,2.0,1.0,13.0,11.0,9.0,1.0,4.0,0.0
12020,1.2688346207141876,0.0,1.0645169019699097,0.97544314712286,3.0,5.0,6.0,2.0,1.0,13.0,11.0,9.0,1.0,4.0,0.0,0.8894315958023071,-0.9709523916244507,5.0,0.5666171908378601,0.8815824389457703,-14.561166473562366,2.1582662165164948,0.0,1.6311340928077698,1.8570255860686302,1.0,6.0,7.0,3.0,2.0,1.0,12.0,10.0,2.0,5.0,0.0
12021,2.1582662165164948,0.0,1.6311340928077698,1.8570255860686302,1.0,6.0,7.0,3.0,2.0,1.0,12.0,10.0,2.0,5.0,8.0,-0.5803535580635071,0.43391039967536926,6.0,-1.0144469738006592,-0.4170675575733185,-15.109977860722111,1.5779126584529877,0.43391039967536926,0.6166871190071106,1.4399580284953117,2.0,7.0,8.0,4.0,3.0,2.0,1.0,11.0,1.0,6.0,0.0
12022,1.5779126584529877,0.43391039967536926,0.6166871190071106,1.4399580284953117,2.0,7.0,8.0,4.0,3.0,2.0,1.0,11.0,1.0,6.0,8.0,0.8682583570480347,-0.8705022931098938,7.0,-1.5707274675369263,-0.28388261795043945,-19.230913873452256,2.4461710155010223,0.0,0.0,1.1560754105448723,3.0,8.0,9.0,5.0,4.0,3.0,2.0,1.0,1.0,7.0,0.0
12023,2.4461710155010223,0.0,0.0,1.1560754105448723,3.0,8.0,9.0,5.0,4.0,3.0,2.0,1.0,1.0,7.0,8.0,-0.9049091935157776,-0.15335114300251007,2.0,-1.7173229455947876,-0.9601207375526428,-25.498503476586766,1.5412618219852448,0.0,0.0,0.19595467299222946,4.0,9.0,1.0,6.0,5.0,4.0,3.0,2.0,1.0,8.0,0.0
12024,1.5412618219852448,0.0,0.0,0.19595467299222946,4.0,9.0,1.0,6.0,5.0,4.0,3.0,2.0,1.0,8.0,3.0,-0.7532594799995422,1.373255729675293,1.0,-1.1201602220535278,-0.6572351455688477,-16.33443023470897,0.7880023419857025,1.373255729675293,0.0,0.0,5.0,1.0,2.0,1.0,6.0,5.0,4.0,3.0,2.0,9.0,0.0
12025,0.7880023419857025,1.373255729675293,0.0,0.0,5.0,1.0,2.0,1.0,6.0,5.0,4.0,3.0,2.0,9.0,9.0,-0.21500666439533234,0.22509747743606567,8.0,0.5639981031417847,-0.655892550945282,-12.84885305772697,0.5729956775903702,1.5983532071113586,0.5639981031417847,0.0,6.0,2.0,3.0,2.0,7.0,6.0,5.0,4.0,1.0,1.0,0.0
12026,0.5729956775903702,1.5983532071113586,0.5639981031417847,0.0,6.0,2.0,3.0,2.0,7.0,6.0,5.0,4.0,1.0,1.0,4.0,0.8386120200157166,-0.6634941101074219,8.0,-1.5494050979614258,-1.2494916915893555,-21.764434170391546,1.4116076976060867,0.9348590970039368,0.0,0.0,7.0,3.0,4.0,3.0,1.0,7.0,6.0,5.0,1.0,2.0,0.0
12027,1.4116076976060867,0.9348590970039368,0.0,0.0,7.0,3.0,4.0,3.0,1.0,7.0,6.0,5.0,1.0,2.0,0.0,-1.6976016759872437,0.0907869040966034,3.0,-1.027727723121643,-0.28181543946266174,-14.88011374854786,0.0,1.0256460011005402,0.0,0.0,1.0,4.0,5.0,1.0,2.0,8.0,7.0,6.0,2.0,3.0,0.0
12028,0.0,1.0256460011005402,0.0,0.0,1.0,4.0,5.0,1.0,2.0,8.0,7.0,6.0,2.0,3.0,0.0,0.5013880729675293,-1.7307682037353516,0.0,1.4347178936004639,0.5826213359832764,-9.393929389872092,0.5013880729675293,0.0,1.4347178936004639,0.5826213359832764,1.0,5.0,6.0,2.0,3.0,9.0,8.0,7.0,3.0,4.0,0.0
12029,0.5013880729675293,0.0,1.4347178936004639,0.5826213359832764,1.0,5.0,6.0,2.0,3.0,9.0,8.0,7.0,3.0,4.0,8.0,-0.46940985321998596,-0.8109014630317688,6.0,0.6863882541656494,0.5871204137802124,-18.711093793593534,0.031978219747543335,0.0,2.1211061477661133,1.1697417497634888,2.0,6.0,7.0,3.0,4.0,10.0,1.0,8.0,1.0,5.0,0.0
12030,0.031978219747543335,0.0,2.1211061477661133,1.1697417497634888,2.0,6.0,7.0,3.0,4.0,10.0,1.0,8.0,1.0,5.0,9.0,1.3725336790084839,-0.020451994612812996,5.0,0.8810751438140869,-0.28335732221603394,-8.901725153226067,1.4045118987560272,0.0,3.0021812915802,0.8863844275474548,3.0,7.0,8.0,4.0,5.0,1.0,2.0,9.0,2.0,1.0,0.0
12031,1.4045118987560272,0.0,3.0021812915802,0.8863844275474548,3.0,7.0,8.0,4.0,5.0,1.0,2.0,9.0,2.0,1.0,0.0,-0.11915602535009384,1.2643765211105347,2.0,-0.8745392560958862,-1.3219934701919556,-11.944305586498675,1.2853558734059334,1.2643765211105347,2.127642035484314,0.0,1.0,8.0,1.0,5.0,6.0,2.0,3.0,10.0,3.0,2.0,0.0
12032,1.2853558734059334,1.2643765211105347,2.127642035484314,0.0,1.0,8.0,1.0,5.0,6.0,2.0,3.0,10.0,3.0,2.0,3.0,1.0258928537368774,-0.965281069278717,1.0,0.8016360998153687,0.30344855785369873,-8.72638090126948,2.311248727142811,0.2990954518318176,2.9292781352996826,0.30344855785369873,2.0,1.0,2.0,1.0,7.0,3.0,4.0,11.0,4.0,3.0,0.0
12033,2.311248727142811,0.2990954518318176,2.9292781352996826,0.30344855785369873,2.0,1.0,2.0,1.0,7.0,3.0,4.0,11.0,4.0,3.0,4.0,0.5214667916297913,0.10464850813150406,8.0,-1.5591744184494019,0.3493254780769348,-11.350022820500833,2.832715518772602,0.4037439599633217,1.3701037168502808,0.6527740359306335,3.0,2.0,3.0,2.0,1.0,4.0,5.0,12.0,1.0,4.0,0.0
12034,2.832715518772602,0.4037439599633217,1.3701037168502808,0.6527740359306335,3.0,2.0,3.0,2.0,1.0,4.0,5.0,12.0,1.0,4.0,7.0,-1.2886635065078735,-0.3000897467136383,6.0,-1.0351377725601196,0.8367617726325989,-11.649182185198057,1.5440520122647285,0.10365421324968338,0.33496594429016113,1.4895358085632324,4.0,3.0,4.0,3.0,2.0,5.0,1.0,1.0,2.0,5.0,0.0
12035,1.5440520122647285,0.10365421324968338,0.33496594429016113,1.4895358085632324,4.0,3.0,4.0,3.0,2.0,5.0,1.0,1.0,2.0,5.0,0.0,-1.1198421716690063,0.5603677034378052,0.0,-1.302130103111267,0.12252572178840637,-9.857644480898212,0.4242098405957222,0.6640219166874886,0.0,1.6120615303516388,1.0,4.0,5.0,4.0,3.0,6.0,2.0,2.0,3.0,6.0,0.0
12036,0.4242098405957222,0.6640219166874886,0.0,1.6120615303516388,1.0,4.0,5.0,4.0,3.0,6.0,2.0,2.0,3.0,6.0,9.0,0.7596220374107361,0.20641542971134186,8.0,-0.39714545011520386,-1.0915820598602295,-11.341758039892767,1.1838318780064583,0.8704373463988304,0.0,0.5204794704914093,2.0,5.0,6.0,5.0,4.0,7.0,3.0,3.0,1.0,1.0,0.0
12037,1.1838318780064583,0.8704373463988304,0.0,0.5204794704914093,2.0,5.0,6.0,5.0,4.0,7.0,3.0,3.0,1.0,1.0,8.0,0.42051827907562256,0.6110557317733765,0.0,0.47678837180137634,-0.5874863862991333,-8.8098420300831,1.6043501570820808,1.4814930781722069,0.47678837180137634,0.0,1.0,6.0,7.0,6.0,5.0,8.0,4.0,4.0,1.0,2.0,0.0
12038,1.6043501570820808,1.4814930781722069,0.47678837180137634,0.0,1.0,6.0,7.0,6.0,5.0,8.0,4.0,4.0,1.0,2.0,4.0,1.6307528018951416,-0.6404790282249451,7.0,0.6363874077796936,-0.5440081357955933,-12.451630600561819,3.2351029589772224,0.8410140499472618,1.11317577958107,0.0,2.0,7.0,8.0,7.0,1.0,9.0,5.0,1.0,2.0,3.0,0.0
12039,3.2351029589772224,0.8410140499472618,1.11317577958107,0.0,2.0,7.0,8.0,7.0,1.0,9.0,5.0,1.0,2.0,3.0,8.0,-1.544083595275879,0.9666664600372314,6.0,0.005654327571392059,0.36466002464294434,-13.354570776951178,1.6910193637013435,1.8076805099844933,1.118830107152462,0.36466002464294434,3.0,8.0,9.0,8.0,2.0,10.0,1.0,2.0,1.0,4.0,0.0
12040,1.6910193637013435,1.8076805099844933,1.118830107152462,0.36466002464294434,3.0,8.0,9.0,8.0,2.0,10.0,1.0,2.0,1.0,4.0,8.0,0.9385542273521423,1.3247668743133545,3.0,-0.3220939636230469,-0.809651792049408,-12.181438632649751,2.629573591053486,3.1324473842978477,0.7967361435294151,0.0,4.0,9.0,10.0,1.0,3.0,11.0,2.0,3.0,1.0,5.0,0.0
12041,2.629573591053486,3.1324473842978477,0.7967361435294151,0.0,4.0,9.0,10.0,1.0,3.0,11.0,2.0,3.0,1.0,5.0,0.0,0.6415051221847534,-1.1047405004501343,5.0,0.588755190372467,-0.38794437050819397,-12.382256715802242,3.2710787132382393,2.0277068838477135,1.3854913339018822,0.0,1.0,10.0,11.0,2.0,4.0,1.0,3.0,4.0,2.0,6.0,0.0
12042,3.2710787132382393,2.0277068838477135,1.3854913339018822,0.0,1.0,10.0,11.0,2.0,4.0,1.0,3.0,4.0,2.0,6.0,8.0,-0.7135446667671204,-1.7909280061721802,2.0,-1.7123308181762695,-1.397240161895752,-22.751383807115673,2.557534046471119,0.2367788776755333,0.0,0.0,2.0,11.0,1.0,3.0,5.0,2.0,4.0,5.0,1.0,7.0,0.0
12043,2.557534046471119,0.2367788776755333,0.0,0.0,2.0,11.0,1.0,3.0,5.0,2.0,4.0,5.0,1.0,7.0,2.0,-0.991767168045044,-0.21346443891525269,1.0,-1.4923834800720215,-1.5666531324386597,-24.814501626962514,1.565766878426075,0.02331443876028061,0.0,0.0,3.0,1.0,1.0,4.0,6.0,3.0,5.0,6.0,2.0,8.0,0.0
12044,1.565766878426075,0.02331443876028061,0.0,0.0,3.0,1.0,1.0,4.0,6.0,3.0,5.0,6.0,2.0,8.0,5.0,0.697300910949707,0.5923052430152893,3.0,-0.5818493962287903,0.11091166734695435,-15.009795683176868,2.263067789375782,0.6156196817755699,0.0,0.11091166734695435,4.0,2.0,2.0,1.0,7.0,1.0,6.0,7.0,3.0,9.0,0.0
12045,2.263067789375782,0.6156196817755699,0.0,0.11091166734695435,4.0,2.0,2.0,1.0,7.0,1.0,6.0,7.0,3.0,9.0,9.0,-0.6417141556739807,0.14325971901416779,8.0,-0.5604703426361084,0.031590696424245834,-12.841726177615806,1.6213536337018013,0.7588794007897377,0.0,0.14250236377120018,5.0,3.0,3.0,2.0,8.0,2.0,7.0,8.0,1.0,1.0,0.0
12046,1.6213536337018013,0.7588794007897377,0.0,0.14250236377120018,5.0,3.0,3.0,2.0,8.0,2.0,7.0,8.0,1.0,1.0,4.0,0.7206025719642639,-0.44809597730636597,0.0,1.1907631158828735,-0.5308911204338074,-9.991050497429148,2.341956205666065,0.31078342348337173,1.1907631158828735,0.0,1.0,4.0,4.0,3.0,1.0,3.0,8.0,9.0,2.0,2.0,0.0
12047,2.341956205666065,0.31078342348337173,1.1907631158828735,0.0,1.0,4.0,4.0,3.0,1.0,3.0,8.0,9.0,2.0,2.0,4.0,-1.2032110691070557,0.26996687054634094,3.0,0.07221579551696777,0.7904103994369507,-11.636452460495338,1.1387451365590096,0.5807502940297127,1.2629789113998413,0.7904103994369507,2.0,5.0,5.0,1.0,1.0,4.0,9.0,10.0,3.0,3.0,0.0
12048,1.1387451365590096,0.5807502940297127,1.2629789113998413,0.7904103994369507,2.0,5.0,5.0,1.0,1.0,4.0,9.0,10.0,3.0,3.0,8.0,-0.811568021774292,1.3232053518295288,6.0,-0.7592424154281616,0.35000091791152954,-14.001230486700797,0.32717711478471756,1.9039556458592415,0.5037364959716797,1.1404113173484802,3.0,6.0,6.0,2.0,2.0,5.0,1.0,11.0,1.0,4.0,0.0
12049,0.32717711478471756,1.9039556458592415,0.5037364959716797,1.1404113173484802,3.0,6.0,6.0,2.0,2.0,5.0,1.0,11.0,1.0,4.0,9.0,1.2809697389602661,0.2094091773033142,5.0,0.22024168074131012,-0.8126420974731445,-10.85552793684598,1.6081468537449837,2.1133648231625557,0.7239781767129898,0.3277692198753357,4.0,7.0,7.0,3.0,3.0,1.0,2.0,12.0,2.0,1.0,0.0
12050,1.6081468537449837,2.1133648231625557,0.7239781767129898,0.3277692198753357,4.0,7.0,7.0,3.0,3.0,1.0,2.0,12.0,2.0,1.0,0.0,-0.47214528918266296,0.3029465675354004,2.0,-1.3555787801742554,0.2888178825378418,-14.179688981172717,1.1360015645623207,2.416311390697956,0.0,0.6165871024131775,1.0,8.0,1.0,4.0,4.0,2.0,3.0,13.0,3.0,2.0,0.0
12051,1.1360015645623207,2.416311390697956,0.0,0.6165871024131775,1.0,8.0,1.0,4.0,4.0,2.0,3.0,13.0,3.0,2.0,7.0,0.5936400294303894,-1.145654559135437,8.0,0.715194582939148,-0.9164757132530212,-12.119330937138805,1.7296415939927101,1.270656831562519,0.715194582939148,0.0,2.0,9.0,2.0,5.0,5.0,3.0,4.0,1.0,1.0,3.0,0.0
12052,1.7296415939927101,1.270656831562519,0.715194582939148,0.0,2.0,9.0,2.0,5.0,5.0,3.0,4.0,1.0,1.0,3.0,4.0,-0.22239193320274353,0.2986813187599182,1.0,-1.0855804681777954,-0.31177741289138794,-13.652965031420331,1.5072496607899666,1.5693381503224373,0.0,0.0,3.0,1.0,3.0,6.0,1.0,4.0,5.0,2.0,2.0,4.0,0.0
12053,1.5072496607899666,1.5693381503224373,0.0,0.0,3.0,1.0,3.0,6.0,1.0,4.0,5.0,2.0,2.0,4.0,0.0,-1.1161872148513794,-0.21373039484024048,3.0,0.5627371072769165,0.376056432723999,-6.805399814869695,0.3910624459385872,1.3556077554821968,0.5627371072769165,0.376056432723999,1.0,2.0,4.0,1.0,2.0,5.0,6.0,3.0,3.0,5.0,0.0
12054,0.3910624459385872,1.3556077554821968,0.5627371072769165,0.376056432723999,1.0,2.0,4.0,1.0,2.0,5.0,6.0,3.0,3.0,5.0,9.0,0.16623347997665405,-0.5572296977043152,6.0,0.24748365581035614,-0.4464392364025116,-10.20476038326453,0.5572959259152412,0.7983780577778816,0.8102207630872726,0.0,2.0,3.0,5.0,2.0,3.0,6.0,1.0,4.0,4.0,1.0,0.0
12055,0.5572959259152412,0.7983780577778816,0.8102207630872726,0.0,2.0,3.0,5.0,2.0,3.0,6.0,1.0,4.0,4.0,1.0,8.0,0.14850006997585297,-1.3967180252075195,8.0,-1.1139203310012817,0.003223535604774952,-19.16121407349753,0.7057959958910942,0.0,0.0,0.003223535604774952,3.0,4.0,6.0,3.0,4.0,7.0,2.0,5.0,1.0,2.0,0.0
12056,0.7057959958910942,0.0,0.0,0.003223535604774952,3.0,4.0,6.0,3.0,4.0,7.0,2.0,5.0,1.0,2.0,6.0,0.14356249570846558,-1.320526123046875,0.0,0.012856462970376015,1.0076524019241333,-17.544810336112295,0.8493584915995598,0.0,0.012856462970376015,1.0108759375289083,1.0,5.0,7.0,4.0,5.0,8.0,1.0,6.0,2.0,3.0,0.0
12057,0.8493584915995598,0.0,0.012856462970376015,1.0108759375289083,1.0,5.0,7.0,4.0,5.0,8.0,1.0,6.0,2.0,3.0,9.0,0.21191680431365967,1.2724089622497559,5.0,-0.5526409149169922,-0.7454655170440674,-14.682287208942732,1.0612752959132195,1.2724089622497559,0.0,0.26541042048484087,2.0,6.0,8.0,5.0,6.0,1.0,2.0,7.0,3.0,1.0,0.0
12058,1.0612752959132195,1.2724089622497559,0.0,0.26541042048484087,2.0,6.0,8.0,5.0,6.0,1.0,2.0,7.0,3.0,1.0,4.0,0.07557301223278046,-0.44238314032554626,7.0,-0.2900391221046448,0.13468550145626068,-13.193036458196435,1.136848308146,0.8300258219242096,0.0,0.40009592194110155,3.0,7.0,9.0,6.0,1.0,2.0,3.0,1.0,4.0,2.0,0.0
12059,1.136848308146,0.8300258219242096,0.0,0.40009592194110155,3.0,7.0,9.0,6.0,1.0,2.0,3.0,1.0,4.0,2.0,8.0,-0.5253608822822571,-0.7737458348274231,3.0,-0.8532124161720276,-1.1299984455108643,-18.105036071799717,0.6114874258637428,0.0562799870967865,0.0,0.0,4.0,8.0,10.0,1.0,2.0,3.0,4.0,2.0,1.0,3.0,0.0
12060,0.6114874258637428,0.0562799870967865,0.0,0.0,4.0,8.0,10.0,1.0,2.0,3.0,4.0,2.0,1.0,3.0,0.0,-1.580328345298767,1.1074508428573608,2.0,-1.4445617198944092,-1.4008501768112183,-26.238580286846123,0.0,1.1637308299541473,0.0,0.0,1.0,9.0,1.0,2.0,3.0,4.0,5.0,3.0,2.0,4.0,0.0
12061,0.0,1.1637308299541473,0.0,0.0,1.0,9.0,1.0,2.0,3.0,4.0,5.0,3.0,2.0,4.0,4.0,-0.17301131784915924,0.13516688346862793,1.0,1.6779863834381104,0.1390322893857956,-12.26813364833416,0.0,1.2988977134227753,1.6779863834381104,0.1390322893857956,2.0,1.0,2.0,3.0,1.0,5.0,6.0,4.0,3.0,5.0,0.0
12062,0.0,1.2988977134227753,1.6779863834381104,0.1390322893857956,2.0,1.0,2.0,3.0,1.0,5.0,6.0,4.0,3.0,5.0,9.0,-1.4033570289611816,-1.241905927658081,8.0,1.009442687034607,0.3949754238128662,-15.621622240681013,0.0,0.056991785764694214,2.6874290704727173,0.5340077131986618,3.0,2.0,3.0,4.0,2.0,6.0,7.0,5.0,1.0,1.0,0.0
12063,0.0,0.056991785764694214,2.6874290704727173,0.5340077131986618,3.0,2.0,3.0,4.0,2.0,6.0,7.0,5.0,1.0,1.0,0.0,-0.37842249870300293,1.2216236591339111,0.0,-1.1808807849884033,-0.06067550182342529,-7.1029553252246025,0.0,1.2786154448986053,1.506548285484314,0.4733322113752365,1.0,3.0,4.0,5.0,3.0,7.0,8.0,6.0,2.0,2.0,0.0
12064,0.0,1.2786154448986053,1.506548285484314,0.4733322113752365,1.0,3.0,4.0,5.0,3.0,7.0,8.0,6.0,2.0,2.0,6.0,1.6059941053390503,-0.9534763693809509,0.0,-0.2694999873638153,0.2907576560974121,-9.502575478795471,1.6059941053390503,0.3251390755176544,1.2370482981204987,0.7640898674726486,1.0,4.0,5.0,6.0,4.0,8.0,1.0,7.0,3.0,3.0,0.0
12065,1.6059941053390503,0.3251390755176544,1.2370482981204987,0.7640898674726486,1.0,4.0,5.0,6.0,4.0,8.0,1.0,7.0,3.0,3.0,9.0,0.916814923286438,1.1364076137542725,5.0,0.4149843454360962,-0.8571274280548096,-10.475494024000144,2.5228090286254883,1.4615466892719269,1.6520326435565948,0.0,2.0,5.0,6.0,7.0,5.0,1.0,2.0,8.0,4.0,1.0,0.0
12066,2.5228090286254883,1.4615466892719269,1.6520326435565948,0.0,2.0,5.0,6.0,7.0,5.0,1.0,2.0,8.0,4.0,1.0,3.0,0.029355991631746292,-0.014072558842599392,0.0,-0.6768269538879395,0.36174461245536804,-6.938280471039208,2.5521650202572346,1.4474741304293275,0.9752056896686554,0.36174461245536804,1.0,6.0,7.0,1.0,6.0,2.0,3.0,9.0,5.0,2.0,0.0
12067,2.5521650202572346,1.4474741304293275,0.9752056896686554,0.36174461245536804,1.0,6.0,7.0,1.0,6.0,2.0,3.0,9.0,5.0,2.0,4.0,-1.5523492097854614,-0.6841087937355042,8.0,-0.1303304135799408,1.1391531229019165,-12.481276852422829,0.9998158104717731,0.7633653366938233,0.8448752760887146,1.5008977353572845,2.0,7.0,8.0,2.0,1.0,3.0,4.0,10.0,1.0,3.0,0.0
12068,0.9998158104717731,0.7633653366938233,0.8448752760887146,1.5008977353572845,2.0,7.0,8.0,2.0,1.0,3.0,4.0,10.0,1.0,3.0,0.0,0.3564695417881012,-0.39440175890922546,2.0,-0.9650790691375732,-0.9885749220848083,-11.70089619482804,1.3562853522598743,0.3689635777845979,0.0,0.5123228132724762,1.0,8.0,1.0,3.0,2.0,4.0,5.0,11.0,2.0,4.0,0.0
12069,1.3562853522598743,0.3689635777845979,0.0,0.5123228132724762,1.0,8.0,1.0,3.0,2.0,4.0,5.0,11.0,2.0,4.0,1.0,-1.552053451538086,0.3749757707118988,1.0,1.4247134923934937,1.2425819635391235,-11.922352501149966,0.0,0.7439393484964967,1.4247134923934937,1.7549047768115997,2.0,1.0,2.0,4.0,3.0,5.0,6.0,12.0,3.0,5.0,0.0
12070,0.0,0.7439393484964967,1.4247134923934937,1.7549047768115997,2.0,1.0,2.0,4.0,3.0,5.0,6.0,12.0,3.0,5.0,9.0,0.3562711775302887,1.1835598945617676,8.0,-1.0333952903747559,-0.265188992023468,-8.90912471485915,0.3562711775302887,1.9274992430582643,0.3913182020187378,1.4897157847881317,3.0,2.0,3.0,5.0,4.0,6.0,7.0,13.0,1.0,1.0,0.0
12071,0.3562711775302887,1.9274992430582643,0.3913182020187378,1.4897157847881317,3.0,2.0,3.0,5.0,4.0,6.0,7.0,13.0,1.0,1.0,7.0,-0.8022406697273254,-0.5018536448478699,3.0,0.8200674653053284,-0.30145949125289917,-11.56335960509172,0.0,1.4256455982103944,1.2113856673240662,1.1882562935352325,4.0,3.0,4.0,1.0,5.0,7.0,8.0,1.0,2.0,2.0,0.0
12072,0.0,1.4256455982103944,1.2113856673240662,1.1882562935352325,4.0,3.0,4.0,1.0,5.0,7.0,8.0,1.0,2.0,2.0,4.0,-0.2823646664619446,-0.03795037046074867,4.0,-1.1996803283691406,-0.2750028073787689,-16.777620314226734,0.0,1.3876952277496457,0.011705338954925537,0.9132534861564636,5.0,4.0,5.0,2.0,1.0,8.0,9.0,2.0,3.0,3.0,0.0
12073,0.0,1.3876952277496457,0.011705338954925537,0.9132534861564636,5.0,4.0,5.0,2.0,1.0,8.0,9.0,2.0,3.0,3.0,0.0,-1.3727530241012573,0.4467352628707886,7.0,-1.2982105016708374,0.06950760632753372,-21.931856856392493,0.0,1.8344304906204343,0.0,0.9827610924839973,1.0,5.0,6.0,3.0,2.0,9.0,10.0,1.0,4.0,4.0,0.0
12074,0.0,1.8344304906204343,0.0,0.9827610924839973,1.0,5.0,6.0,3.0,2.0,9.0,10.0,1.0,4.0,4.0,2.0,0.418148010969162,-1.1857339143753052,6.0,0.29150867462158203,-0.44648513197898865,-16.636298173537668,0.418148010969162,0.6486965762451291,0.29150867462158203,0.5362759605050087,2.0,6.0,1.0,4.0,3.0,10.0,1.0,2.0,5.0,5.0,0.0
12075,0.418148010969162,0.6486965762451291,0.29150867462158203,0.5362759605050087,2.0,6.0,1.0,4.0,3.0,10.0,1.0,2.0,5.0,5.0,8.0,1.1985946893692017,1.321900725364685,8.0,1.4041403532028198,-0.5872522592544556,-12.390485323172172,1.6167427003383636,1.9705973016098142,1.6956490278244019,0.0,3.0,7.0,2.0,5.0,4.0,11.0,2.0,3.0,1.0,6.0,0.0
12076,1.6167427003383636,1.9705973016098142,1.6956490278244019,0.0,3.0,7.0,2.0,5.0,4.0,11.0,2.0,3.0,1.0,6.0,9.0,0.44162678718566895,0.14198312163352966,1.0,-0.744033694267273,0.6760544180870056,-7.424152131969648,2.0583694875240326,2.112580423243344,0.9516153335571289,0.6760544180870056,4.0,1.0,3.0,6.0,5.0,12.0,3.0,4.0,2.0,1.0,0.0
12077,2.0583694875240326,2.112580423243344,0.9516153335571289,0.6760544180870056,4.0,1.0,3.0,6.0,5.0,12.0,3.0,4.0,2.0,1.0,9.0,0.7677575945854187,-1.4967677593231201,0.0,-0.9825485348701477,-0.6931219696998596,-6.252301721150053,2.8261270821094513,0.6158126639202237,0.0,0.0,1.0,2.0,4.0,7.0,6.0,13.0,4.0,5.0,3.0,1.0,0.0
12078,2.8261270821094513,0.6158126639202237,0.0,0.0,1.0,2.0,4.0,7.0,6.0,13.0,4.0,5.0,3.0,1.0,8.0,1.215114951133728,-0.5311225652694702,0.0,0.6223117113113403,0.23096990585327148,-10.179557963268788,4.041242033243179,0.0846900986507535,0.6223117113113403,0.23096990585327148,1.0,3.0,5.0,8.0,7.0,14.0,5.0,6.0,1.0,2.0,0.0
12079,4.041242033243179,0.0846900986507535,0.6223117113113403,0.23096990585327148,1.0,3.0,5.0,8.0,7.0,14.0,5.0,6.0,1.0,2.0,4.0,-0.038968876004219055,-0.4181049168109894,3.0,-0.9869980216026306,0.85822993516922,-13.577596627847196,4.00227315723896,0.0,0.0,1.0891998410224915,2.0,4.0,6.0,1.0,1.0,15.0,6.0,7.0,2.0,3.0,0.0
12080,4.00227315723896,0.0,0.0,1.0891998410224915,2.0,4.0,6.0,1.0,1.0,15.0,6.0,7.0,2.0,3.0,0.0,-0.5773300528526306,-1.4706621170043945,5.0,-0.8563369512557983,-0.20229794085025787,-22.888852169410814,3.4249431043863297,0.0,0.0,0.8869019001722336,1.0,5.0,7.0,2.0,2.0,1.0,7.0,8.0,3.0,4.0,0.0
12081,3.4249431043863297,0.0,0.0,0.8869019001722336,1.0,5.0,7.0,2.0,2.0,1.0,7.0,8.0,3.0,4.0,9.0,-1.8261523246765137,0.9033653736114502,2.0,-0.9581987857818604,-0.10775427520275116,-15.523166008169651,1.598790779709816,0.9033653736114502,0.0,0.7791476249694824,2.0,6.0,1.0,3.0,3.0,2.0,8.0,9.0,4.0,1.0,0.0
12082,1.598790779709816,0.9033653736114502,0.0,0.7791476249694824,2.0,6.0,1.0,3.0,3.0,2.0,8.0,9.0,4.0,1.0,3.0,-1.121232509613037,-0.5118671655654907,8.0,-0.7173298001289368,1.2808266878128052,-14.38814697167517,0.47755827009677887,0.3914982080459595,0.0,2.0599743127822876,3.0,7.0,2.0,1.0,4.0,3.0,9.0,10.0,1.0,2.0,0.0
12083,0.47755827009677887,0.3914982080459595,0.0,2.0599743127822876,3.0,7.0,2.0,1.0,4.0,3.0,9.0,10.0,1.0,2.0,4.0,-0.6294808387756348,0.19222000241279602,1.0,-0.34126585721969604,0.6602737307548523,-16.393101318004717,0.0,0.5837182104587555,0.0,2.72024804353714,4.0,1.0,3.0,2.0,1.0,4.0,10.0,11.0,2.0,3.0,0.0
12084,0.0,0.5837182104587555,0.0,2.72024804353714,4.0,1.0,3.0,2.0,1.0,4.0,10.0,11.0,2.0,3.0,2.0,0.36488285660743713,0.4412805736064911,6.0,0.17874853312969208,0.7287828326225281,-16.837343185180444,0.36488285660743713,1.0249987840652466,0.17874853312969208,3.449030876159668,5.0,2.0,1.0,3.0,2.0,5.0,1.0,12.0,3.0,4.0,0.0
12085,0.36488285660743713,1.0249987840652466,0.17874853312969208,3.449030876159668,5.0,2.0,1.0,3.0,2.0,5.0,1.0,12.0,3.0,4.0,0.0,-1.4316400289535522,0.5287663340568542,8.0,-1.3421289920806885,-0.8488063812255859,-19.104016684803284,0.0,1.5537651181221008,0.0,2.600224494934082,1.0,3.0,2.0,4.0,3.0,6.0,2.0,13.0,1.0,5.0,0.0
12086,0.0,1.5537651181221008,0.0,2.600224494934082,1.0,3.0,2.0,4.0,3.0,6.0,2.0,13.0,1.0,5.0,9.0,0.7219539880752563,0.9333627820014954,5.0,0.41363391280174255,-0.4286705255508423,-10.008077936313251,0.7219539880752563,2.487127900123596,0.41363391280174255,2.1715539693832397,2.0,4.0,3.0,5.0,4.0,1.0,3.0,14.0,2.0,1.0,0.0
12087,0.7219539880752563,2.487127900123596,0.41363391280174255,2.1715539693832397,2.0,4.0,3.0,5.0,4.0,1.0,3.0,14.0,2.0,1.0,7.0,-1.381219506263733,1.188360333442688,2.0,-0.7566173672676086,-1.5049253702163696,-18.578406733907016,0.0,3.675488233566284,0.0,0.6666285991668701,3.0,5.0,1.0,6.0,5.0,2.0,4.0,1.0,3.0,2.0,0.0
12088,0.0,3.675488233566284,0.0,0.6666285991668701,3.0,5.0,1.0,6.0,5.0,2.0,4.0,1.0,3.0,2.0,3.0,0.8715906739234924,-1.3106731176376343,0.0,0.8173922300338745,-1.3271230459213257,-8.627548757266666,0.8715906739234924,2.36481511592865,0.8173922300338745,0.0,1.0,6.0,2.0,1.0,6.0,3.0,5.0,2.0,4.0,3.0,0.0
12089,0.8715906739234924,2.36481511592865,0.8173922300338745,0.0,1.0,6.0,2.0,1.0,6.0,3.0,5.0,2.0,4.0,3.0,8.0,-0.4878285229206085,-1.1679517030715942,8.0,-0.6609969735145569,-0.4194762706756592,-15.749206697540798,0.3837621510028839,1.1968634128570557,0.15639525651931763,0.0,2.0,7.0,3.0,2.0,7.0,4.0,6.0,3.0,1.0,4.0,0.0
12090,0.3837621510028839,1.1968634128570557,0.15639525651931763,0.0,2.0,7.0,3.0,2.0,7.0,4.0,6.0,3.0,1.0,4.0,4.0,0.2973884344100952,-0.8876988887786865,4.0,-0.3552989065647125,0.5180538892745972,-16.57450089510993,0.6811505854129791,0.30916452407836914,0.0,0.5180538892745972,3.0,8.0,4.0,3.0,1.0,5.0,7.0,4.0,2.0,5.0,0.0
12091,0.6811505854129791,0.30916452407836914,0.0,0.5180538892745972,3.0,8.0,4.0,3.0,1.0,5.0,7.0,4.0,2.0,5.0,9.0,0.446804016828537,0.7186890244483948,1.0,0.0944824069738388,0.7489532232284546,-8.315819403802996,1.1279546022415161,1.027853548526764,0.0944824069738388,1.2670071125030518,4.0,1.0,5.0,4.0,2.0,6.0,8.0,5.0,3.0,1.0,0.0
12092,1.1279546022415161,1.027853548526764,0.0944824069738388,1.2670071125030518,4.0,1.0,5.0,4.0,2.0,6.0,8.0,5.0,3.0,1.0,0.0,0.6639803051948547,-0.33463484048843384,0.0,-0.2216460257768631,0.25655168294906616,-6.151910700192549,1.7919349074363708,0.6932187080383301,0.0,1.523558795452118,1.0,2.0,6.0,5.0,3.0,7.0,9.0,6.0,4.0,2.0,0.0
12093,1.7919349074363708,0.6932187080383301,0.0,1.523558795452118,1.0,2.0,6.0,5.0,3.0,7.0,9.0,6.0,4.0,2.0,0.0,0.8591718673706055,-0.7205434441566467,3.0,-0.9381996393203735,0.6396405100822449,-11.60153830001645,2.6511067748069763,0.0,0.0,2.163199305534363,1.0,3.0,7.0,1.0,4.0,8.0,10.0,7.0,5.0,3.0,0.0
12094,2.6511067748069763,0.0,0.0,2.163199305534363,1.0,3.0,7.0,1.0,4.0,8.0,10.0,7.0,5.0,3.0,0.0,-1.273449182510376,0.648232102394104,8.0,-1.5217913389205933,-0.7787864804267883,-17.462694714405316,1.3776575922966003,0.648232102394104,0.0,1.3844128251075745,1.0,4.0,8.0,2.0,5.0,9.0,11.0,8.0,1.0,4.0,0.0
12095,1.3776575922966003,0.648232102394104,0.0,1.3844128251075745,1.0,4.0,8.0,2.0,5.0,9.0,11.0,8.0,1.0,4.0,4.0,0.47301623225212097,-1.4245872497558594,6.0,-1.289936900138855,-0.7746900916099548,-26.60354343756059,1.8506738245487213,0.0,0.0,0.6097227334976196,2.0,5.0,9.0,3.0,1.0,10.0,1.0,9.0,2.0,5.0,0.0
12096,1.8506738245487213,0.0,0.0,0.6097227334976196,2.0,5.0,9.0,3.0,1.0,10.0,1.0,9.0,2.0,5.0,0.0,1.6149523258209229,-0.9481455087661743,5.0,-0.8600277900695801,-0.4108976721763611,-21.2728933532159,3.465626150369644,0.0,0.0,0.19882506132125854,1.0,6.0,10.0,4.0,2.0,1.0,2.0,10.0,3.0,6.0,0.0
12097,3.465626150369644,0.0,0.0,0.19882506132125854,1.0,6.0,10.0,4.0,2.0,1.0,2.0,10.0,3.0,6.0,9.0,-0.6741760969161987,0.465573251247406,2.0,-0.43218791484832764,0.5407549738883972,-13.032151390826343,2.7914500534534454,0.465573251247406,0.0,0.7395800352096558,2.0,7.0,1.0,5.0,3.0,2.0,3.0,11.0,4.0,1.0,0.0
12098,2.7914500534534454,0.465573251247406,0.0,0.7395800352096558,2.0,7.0,1.0,5.0,3.0,2.0,3.0,11.0,4.0,1.0,7.0,-1.50192129611969,0.6825903654098511,8.0,-0.22374795377254486,0.12628285586833954,-11.430401979977214,1.2895287573337555,1.148163616657257,0.0,0.8658628910779953,3.0,8.0,2.0,6.0,4.0,3.0,4.0,1.0,1.0,2.0,0.0
12099,1.2895287573337555,1.148163616657257,0.0,0.8658628910779953,3.0,8.0,2.0,6.0,4.0,3.0,4.0,1.0,1.0,2.0,8.0,0.19046446681022644,0.2755347788333893,1.0,-0.5453832149505615,-1.100251317024231,-14.258528833947931,1.479993224143982,1.4236983954906464,0.0,0.0,4.0,1.0,3.0,7.0,5.0,4.0,5.0,2.0,1.0,3.0,1.0
12100,1.8148739337921143,6.390528678894043,7.408268928527832,5.6267290115356445,1.0,1.0,1.0,1.0,1.0,1.0,1.0,1.0,1.0,1.0,4.0,1.269931674003601,-1.269406795501709,4.0,-1.9282366037368774,-1.9237655401229858,-4.0135168527650205,3.0848056077957153,5.121121883392334,5.480032324790955,3.7029634714126587,2.0,2.0,2.0,2.0,1.0,2.0,2.0,2.0,2.0,2.0,0.0
12101,3.0848056077957153,5.121121883392334,5.480032324790955,3.7029634714126587,2.0,2.0,2.0,2.0,1.0,2.0,2.0,2.0,2.0,2.0,4.0,-0.10795325040817261,-0.787647008895874,4.0,-1.9765437841415405,-1.8746412992477417,-6.592444243177701,2.9768523573875427,4.33347487449646,3.503488540649414,1.828322172164917,3.0,3.0,3.0,3.0,1.0,3.0,3.0,3.0,3.0,3.0,0.0
12102,2.9768523573875427,4.33347487449646,3.503488540649414,1.828322172164917,3.0,3.0,3.0,3.0,1.0,3.0,3.0,3.0,3.0,3.0,9.0,-1.43889582157135,-0.44910165667533875,0.0,-1.7775465250015259,-1.6766730546951294,-3.7540411035599313,1.5379565358161926,3.884373217821121,1.7259420156478882,0.1516491174697876,1.0,4.0,4.0,4.0,2.0,4.0,4.0,4.0,4.0,1.0,0.0
12103,1.5379565358161926,3.884373217821121,1.7259420156478882,0.1516491174697876,1.0,4.0,4.0,4.0,2.0,4.0,4.0,4.0,4.0,1.0,4.0,0.4057093560695648,-1.7535268068313599,8.0,-0.5104286670684814,1.0341111421585083,-10.476410734809344,1.9436658918857574,2.1308464109897614,1.2155133485794067,1.185760259628296,2.0,5.0,5.0,5.0,1.0,5.0,5.0,5.0,1.0,2.0,0.0
12104,1.9436658918857574,2.1308464109897614,1.2155133485794067,1.185760259628296,2.0,5.0,5.0,5.0,1.0,5.0,5.0,5.0,1.0,2.0,8.0,-1.4153857231140137,-1.5645257234573364,1.0,0.2269676774740219,0.03707073628902435,-11.33505920342238,0.5282801687717438,0.5663206875324249,1.4424810260534286,1.2228309959173203,3.0,1.0,6.0,6.0,2.0,6.0,6.0,6.0,1.0,3.0,0.0
12105,0.5282801687717438,0.5663206875324249,1.4424810260534286,1.2228309959173203,3.0,1.0,6.0,6.0,2.0,6.0,6.0,6.0,1.0,3.0,0.0,-0.8895039558410645,-0.12677697837352753,0.0,-0.44601982831954956,-0.6858696341514587,-7.828747784263531,0.0,0.4395437091588974,0.9964611977338791,0.5369613617658615,1.0,2.0,7.0,7.0,3.0,7.0,7.0,7.0,2.0,4.0,0.0
12106,0.0,0.4395437091588974,0.9964611977338791,0.5369613617658615,1.0,2.0,7.0,7.0,3.0,7.0,7.0,7.0,2.0,4.0,4.0,0.7421680688858032,-0.935390830039978,5.0,1.1807905435562134,0.24178843200206757,-17.29022592673146,0.7421680688858032,0.0,2.1772517412900925,0.7787497937679291,2.0,3.0,8.0,8.0,1.0,1.0,8.0,8.0,3.0,5.0,0.0
12107,0.7421680688858032,0.0,2.1772517412900925,0.7787497937679291,2.0,3.0,8.0,8.0,1.0,1.0,8.0,8.0,3.0,5.0,9.0,-1.1208710670471191,1.065493106842041,5.0,-0.27571117877960205,-0.6805601119995117,-13.159393931250431,0.0,1.065493106842041,1.9015405625104904,0.09818968176841736,3.0,4.0,9.0,9.0,2.0,1.0,9.0,9.0,4.0,1.0,0.0
12108,0.0,1.065493106842041,1.9015405625104904,0.09818968176841736,3.0,4.0,9.0,9.0,2.0,1.0,9.0,9.0,4.0,1.0,8.0,-0.30633842945098877,-0.7394617795944214,2.0,-0.37506893277168274,1.0839864015579224,-16.255480819450476,0.0,0.32603132724761963,1.5264716297388077,1.1821760833263397,4.0,5.0,1.0,10.0,3.0,2.0,10.0,10.0,1.0,2.0,0.0
12109,0.0,0.32603132724761963,1.5264716297388077,1.1821760833263397,4.0,5.0,1.0,10.0,3.0,2.0,10.0,10.0,1.0,2.0,3.0,1.1433100700378418,1.545324683189392,3.0,-1.6561524868011475,-0.30609604716300964,-9.794089585951465,1.1433100700378418,1.8713560104370117,0.0,0.8760800361633301,5.0,6.0,2.0,1.0,4.0,3.0,11.0,11.0,2.0,3.0,0.0
12110,1.1433100700378418,1.8713560104370117,0.0,0.8760800361633301,5.0,6.0,2.0,1.0,4.0,3.0,11.0,11.0,2.0,3.0,4.0,-1.608311653137207,-0.3322281241416931,6.0,0.6483682990074158,-1.2091468572616577,-19.88271603668972,0.0,1.5391278862953186,0.6483682990074158,0.0,6.0,7.0,3.0,2.0,1.0,4.0,1.0,12.0,3.0,4.0,0.0
12111,0.0,1.5391278862953186,0.6483682990074158,0.0,6.0,7.0,3.0,2.0,1.0,4.0,1.0,12.0,3.0,4.0,7.0,1.0331114530563354,-0.3244509696960449,8.0,0.016407180577516556,0.7012200951576233,-10.719206770345037,1.0331114530563354,1.2146769165992737,0.6647754795849323,0.7012200951576233,7.0,8.0,4.0,3.0,2.0,5.0,2.0,1.0,1.0,5.0,0.0
12112,1.0331114530563354,1.2146769165992737,0.6647754795849323,0.7012200951576233,7.0,8.0,4.0,3.0,2.0,5.0,2.0,1.0,1.0,5.0,9.0,-0.22414633631706238,0.1647154688835144,1.0,-0.6084516048431396,-1.3022551536560059,-11.306347269048452,0.8089651167392731,1.379392385482788,0.05632387474179268,0.0,8.0,1.0,5.0,4.0,3.0,6.0,3.0,2.0,2.0,1.0,0.0
12113,0.8089651167392731,1.379392385482788,0.05632387474179268,0.0,8.0,1.0,5.0,4.0,3.0,6.0,3.0,2.0,2.0,1.0,0.0,-0.19269847869873047,0.22403766214847565,0.0,-0.9123833775520325,-1.0454267263412476,-11.924098321835915,0.6162666380405426,1.6034300476312637,0.0,0.0,1.0,2.0,6.0,5.0,4.0,7.0,4.0,3.0,3.0,2.0,0.0
12114,0.6162666380405426,1.6034300476312637,0.0,0.0,1.0,2.0,6.0,5.0,4.0,7.0,4.0,3.0,3.0,2.0,9.0,-0.2747708857059479,-0.4138122498989105,8.0,0.21376892924308777,-0.21160361170768738,-11.498486235603197,0.3414957523345947,1.1896177977323532,0.21376892924308777,0.0,2.0,3.0,7.0,6.0,5.0,8.0,5.0,4.0,1.0,1.0,0.0
12115,0.3414957523345947,1.1896177977323532,0.21376892924308777,0.0,2.0,3.0,7.0,6.0,5.0,8.0,5.0,4.0,1.0,1.0,9.0,-0.42555418610572815,-1.3893038034439087,5.0,0.6857296228408813,-0.5115815997123718,-15.692559479682684,0.0,0.0,0.8994985520839691,0.0,3.0,4.0,8.0,7.0,6.0,1.0,6.0,5.0,2.0,1.0,0.0
12116,0.0,0.0,0.8994985520839691,0.0,3.0,4.0,8.0,7.0,6.0,1.0,6.0,5.0,2.0,1.0,9.0,1.313102126121521,0.5068663954734802,3.0,-1.1243622303009033,-0.043915990740060806,-9.743329010401599,1.313102126121521,0.5068663954734802,0.0,0.0,4.0,5.0,9.0,1.0,7.0,2.0,7.0,6.0,3.0,1.0,0.0
12117,1.313102126121521,0.5068663954734802,0.0,0.0,4.0,5.0,9.0,1.0,7.0,2.0,7.0,6.0,3.0,1.0,4.0,-0.07163829356431961,0.2164003551006317,2.0,-0.06985015422105789,-0.03136318922042847,-15.962844618752534,1.2414638325572014,0.7232667505741119,0.0,0.0,5.0,6.0,1.0,2.0,1.0,3.0,8.0,7.0,4.0,2.0,0.0
12118,1.2414638325572014,0.7232667505741119,0.0,0.0,5.0,6.0,1.0,2.0,1.0,3.0,8.0,7.0,4.0,2.0,4.0,-0.5688166618347168,-0.6704859733581543,8.0,0.6417898535728455,-0.038231395184993744,-15.488842732225248,0.6726471707224846,0.05278077721595764,0.6417898535728455,0.0,6.0,7.0,2.0,3.0,1.0,4.0,9.0,8.0,1.0,3.0,0.0
12119,0.6726471707224846,0.05278077721595764,0.6417898535728455,0.0,6.0,7.0,2.0,3.0,1.0,4.0,9.0,8.0,1.0,3.0,0.0,-1.130395531654358,1.1547930240631104,6.0,-1.2223894596099854,0.5442299842834473,-16.961340887486728,0.0,1.207573801279068,0.0,0.5442299842834473,1.0,8.0,3.0,4.0,2.0,5.0,1.0,9.0,2.0,4.0,0.0
12120,0.0,1.207573801279068,0.0,0.5442299842834473,1.0,8.0,3.0,4.0,2.0,5.0,1.0,9.0,2.0,4.0,8.0,0.43444451689720154,-0.8848535418510437,1.0,1.1557432413101196,-0.523385226726532,-12.15592605702294,0.43444451689720154,0.3227202594280243,1.1557432413101196,0.020844757556915283,2.0,1.0,4.0,5.0,3.0,6.0,2.0,10.0,1.0,5.0,0.0
12121,0.43444451689720154,0.3227202594280243,1.1557432413101196,0.020844757556915283,2.0,1.0,4.0,5.0,3.0,6.0,2.0,10.0,1.0,5.0,0.0,0.3665997087955475,0.20406216382980347,5.0,-1.225024938583374,-0.8990410566329956,-16.64464785785007,0.801044225692749,0.5267824232578278,0.0,0.0,1.0,2.0,5.0,6.0,4.0,1.0,3.0,11.0,2.0,6.0,0.0
12122,0.801044225692749,0.5267824232578278,0.0,0.0,1.0,2.0,5.0,6.0,4.0,1.0,3.0,11.0,2.0,6.0,9.0,0.33073481917381287,-0.6723299026489258,7.0,-0.25247320532798767,1.3620668649673462,-9.672220300845378,1.131779044866562,0.0,0.0,1.3620668649673462,2.0,3.0,6.0,7.0,5.0,2.0,4.0,1.0,3.0,1.0,0.0
12123,1.131779044866562,0.0,0.0,1.3620668649673462,2.0,3.0,6.0,7.0,5.0,2.0,4.0,1.0,3.0,1.0,8.0,-0.4332842230796814,0.810805082321167,3.0,-0.3334238827228546,-0.9506180286407471,-12.485087741602399,0.6984948217868805,0.810805082321167,0.0,0.4114488363265991,3.0,4.0,7.0,1.0,6.0,3.0,5.0,2.0,1.0,2.0,0.0
12124,0.6984948217868805,0.810805082321167,0.0,0.4114488363265991,3.0,4.0,7.0,1.0,6.0,3.0,5.0,2.0,1.0,2.0,4.0,-1.1322723627090454,0.6677844524383545,8.0,1.2571924924850464,-1.0468672513961792,-19.463787443277603,0.0,1.4785895347595215,1.2571924924850464,0.0,4.0,5.0,8.0,2.0,1.0,4.0,6.0,3.0,1.0,3.0,0.0
12125,0.0,1.4785895347595215,1.2571924924850464,0.0,4.0,5.0,8.0,2.0,1.0,4.0,6.0,3.0,1.0,3.0,0.0,-0.9631334543228149,0.06274690479040146,2.0,-0.9807117581367493,-0.4496079385280609,-18.215584272470256,0.0,1.541336439549923,0.2764807343482971,0.0,1.0,6.0,1.0,3.0,2.0,5.0,7.0,4.0,2.0,4.0,0.0
12126,0.0,1.541336439549923,0.2764807343482971,0.0,1.0,6.0,1.0,3.0,2.0,5.0,7.0,4.0,2.0,4.0,1.0,1.0961588621139526,0.016831180080771446,1.0,1.4156414270401,-0.2089724838733673,-10.53772397555606,1.0961588621139526,1.5581676196306944,1.6921221613883972,0.0,2.0,1.0,2.0,4.0,3.0,6.0,8.0,5.0,3.0,5.0,0.0
12127,1.0961588621139526,1.5581676196306944,1.6921221613883972,0.0,2.0,1.0,2.0,4.0,3.0,6.0,8.0,5.0,3.0,5.0,9.0,0.43405064940452576,0.8094653487205505,3.0,-0.5184353590011597,0.40288665890693665,-7.1422638386636095,1.5302095115184784,2.367632968351245,1.1736868023872375,0.40288665890693665,3.0,2.0,3.0,1.0,4.0,7.0,9.0,6.0,4.0,1.0,0.0
12128,1.5302095115184784,2.367632968351245,1.1736868023872375,0.40288665890693665,3.0,2.0,3.0,1.0,4.0,7.0,9.0,6.0,4.0,1.0,1.0,0.2322068214416504,-1.2775309085845947,8.0,-0.2497481405735016,-0.431147962808609,-12.069055757131967,1.7624163329601288,1.0901020597666502,0.923938661813736,0.0,4.0,1.0,4.0,2.0,5.0,8.0,10.0,7.0,1.0,2.0,0.0
12129,1.7624163329601288,1.0901020597666502,0.923938661813736,0.0,4.0,1.0,4.0,2.0,5.0,8.0,10.0,7.0,1.0,2.0,4.0,-0.8067754507064819,-0.8117526769638062,6.0,-0.7413899302482605,1.1283165216445923,-15.831433766377257,0.9556408822536469,0.27834938280284405,0.18254873156547546,1.1283165216445923,5.0,2.0,5.0,3.0,1.0,9.0,1.0,8.0,2.0,3.0,0.0
12130,0.9556408822536469,0.27834938280284405,0.18254873156547546,1.1283165216445923,5.0,2.0,5.0,3.0,1.0,9.0,1.0,8.0,2.0,3.0,0.0,0.6004078388214111,-0.3122463524341583,0.0,-1.2844409942626953,-0.8860110640525818,-11.389997453130837,1.556048721075058,0.0,0.0,0.2423054575920105,1.0,3.0,6.0,4.0,2.0,10.0,2.0,9.0,3.0,4.0,0.0
12131,1.556048721075058,0.0,0.0,0.2423054575920105,1.0,3.0,6.0,4.0,2.0,10.0,2.0,9.0,3.0,4.0,0.0,1.1785945892333984,0.4163864254951477,5.0,-0.15946003794670105,0.5764492154121399,-12.303052180034346,2.7346433103084564,0.4163864254951477,0.0,0.8187546730041504,1.0,4.0,7.0,5.0,3.0,1.0,3.0,10.0,4.0,5.0,0.0
12132,2.7346433103084564,0.4163864254951477,0.0,0.8187546730041504,1.0,4.0,7.0,5.0,3.0,1.0,3.0,10.0,4.0,5.0,0.0,-0.9783519506454468,-0.8025281429290771,0.0,0.6519573330879211,-0.2799360454082489,-8.078842438491392,1.7562913596630096,0.0,0.6519573330879211,0.5388186275959015,1.0,5.0,8.0,6.0,4.0,2.0,4.0,11.0,5.0,6.0,0.0
12133,1.7562913596630096,0.0,0.6519573330879211,0.5388186275959015,1.0,5.0,8.0,6.0,4.0,2.0,4.0,11.0,5.0,6.0,9.0,0.21948733925819397,1.5453178882598877,2.0,-0.28784218430519104,1.2775225639343262,-10.140548991577756,1.9757786989212036,1.5453178882598877,0.3641151487827301,1.8163411915302277,2.0,6.0,1.0,7.0,5.0,3.0,5.0,12.0,6.0,1.0,0.0
12134,1.9757786989212036,1.5453178882598877,0.3641151487827301,1.8163411915302277,2.0,6.0,1.0,7.0,5.0,3.0,5.0,12.0,6.0,1.0,3.0,0.1721554547548294,0.4336252510547638,8.0,-0.060822561383247375,-0.31170523166656494,-10.186000131081766,2.147934153676033,1.9789431393146515,0.3032925873994827,1.5046359598636627,3.0,7.0,2.0,1.0,6.0,4.0,6.0,13.0,1.0,2.0,0.0
12135,2.147934153676033,1.9789431393146515,0.3032925873994827,1.5046359598636627,3.0,7.0,2.0,1.0,6.0,4.0,6.0,13.0,1.0,2.0,4.0,0.8116986155509949,-0.8334183096885681,8.0,-0.9085584878921509,-0.7139476537704468,-15.459054707199119,2.959632769227028,1.1455248296260834,0.0,0.7906883060932159,4.0,8.0,3.0,2.0,1.0,5.0,7.0,14.0,1.0,3.0,0.0
12136,2.959632769227028,1.1455248296260834,0.0,0.7906883060932159,4.0,8.0,3.0,2.0,1.0,5.0,7.0,14.0,1.0,3.0,3.0,-1.8128677606582642,-0.2274084985256195,5.0,-1.286197304725647,0.008386681787669659,-21.069433580547688,1.1467650085687637,0.9181163311004639,0.0,0.7990749878808856,5.0,9.0,4.0,1.0,2.0,1.0,8.0,15.0,2.0,4.0,0.0
12137,1.1467650085687637,0.9181163311004639,0.0,0.7990749878808856,5.0,9.0,4.0,1.0,2.0,1.0,8.0,15.0,2.0,4.0,1.0,-1.1563713550567627,-1.1973912715911865,5.0,-1.2157295942306519,1.2502862215042114,-23.286834382647974,0.0,0.0,0.0,2.049361209385097,6.0,1.0,5.0,2.0,3.0,1.0,9.0,16.0,3.0,5.0,0.0
12138,0.0,0.0,0.0,2.049361209385097,6.0,1.0,5.0,2.0,3.0,1.0,9.0,16.0,3.0,5.0,7.0,0.2189742773771286,1.6974173784255981,7.0,-0.07495806366205215,0.7927669286727905,-11.662326436698136,0.2189742773771286,1.6974173784255981,0.0,2.8421281380578876,7.0,2.0,6.0,3.0,4.0,2.0,10.0,1.0,4.0,6.0,0.0
12139,0.2189742773771286,1.6974173784255981,0.0,2.8421281380578876,7.0,2.0,6.0,3.0,4.0,2.0,10.0,1.0,4.0,6.0,0.0,0.6550297141075134,1.524523377418518,0.0,-1.4559754133224487,-1.6987762451171875,-13.522317673814758,0.874003991484642,3.221940755844116,0.0,1.1433518929407,1.0,3.0,7.0,4.0,5.0,3.0,11.0,2.0,5.0,7.0,0.0
12140,0.874003991484642,3.221940755844116,0.0,1.1433518929407,1.0,3.0,7.0,4.0,5.0,3.0,11.0,2.0,5.0,7.0,8.0,0.8265330195426941,0.447673499584198,8.0,0.5515695214271545,0.30741265416145325,-10.759433817301506,1.7005370110273361,3.669614255428314,0.5515695214271545,1.4507645471021533,2.0,4.0,8.0,5.0,6.0,4.0,12.0,3.0,1.0,8.0,0.0
12141,1.7005370110273361,3.669614255428314,0.5515695214271545,1.4507645471021533,2.0,4.0,8.0,5.0,6.0,4.0,12.0,3.0,1.0,8.0,4.0,-0.39148250222206116,-0.6142651438713074,1.0,-0.42987486720085144,1.5784997940063477,-12.406802570213419,1.309054508805275,3.055349111557007,0.1216946542263031,3.029264341108501,3.0,1.0,9.0,6.0,1.0,5.0,13.0,4.0,2.0,9.0,0.0
12142,1.309054508805275,3.055349111557007,0.1216946542263031,3.029264341108501,3.0,1.0,9.0,6.0,1.0,5.0,13.0,4.0,2.0,9.0,3.0,1.5172975063323975,-0.9338935017585754,6.0,-1.0120346546173096,0.04571305960416794,-18.079062652161465,2.8263520151376724,2.1214556097984314,0.0,3.074977400712669,4.0,2.0,10.0,1.0,2.0,6.0,1.0,5.0,3.0,10.0,0.0
12143,2.8263520151376724,2.1214556097984314,0.0,3.074977400712669,4.0,2.0,10.0,1.0,2.0,6.0,1.0,5.0,3.0,10.0,9.0,-0.7177587747573853,-1.3077131509780884,2.0,-1.8189334869384766,-1.8447623252868652,-18.88635123537794,2.108593240380287,0.813742458820343,0.0,1.2302150754258037,5.0,3.0,1.0,2.0,3.0,7.0,2.0,6.0,4.0,1.0,0.0
12144,2.108593240380287,0.813742458820343,0.0,1.2302150754258037,5.0,3.0,1.0,2.0,3.0,7.0,2.0,6.0,4.0,1.0,0.0,-0.15916064381599426,-1.3766950368881226,0.0,-1.1232470273971558,-0.5085700154304504,-13.490361469163501,1.949432596564293,0.0,0.0,0.7216450599953532,1.0,4.0,2.0,3.0,4.0,8.0,3.0,7.0,5.0,2.0,0.0
12145,1.949432596564293,0.0,0.0,0.7216450599953532,1.0,4.0,2.0,3.0,4.0,8.0,3.0,7.0,5.0,2.0,8.0,0.19390586018562317,0.45785900950431824,8.0,0.5076255202293396,-0.06880722939968109,-13.244241960039082,2.143338456749916,0.45785900950431824,0.5076255202293396,0.6528378305956721,2.0,5.0,3.0,4.0,5.0,9.0,4.0,8.0,1.0,3.0,0.0
12146,2.143338456749916,0.45785900950431824,0.5076255202293396,0.6528378305956721,2.0,5.0,3.0,4.0,5.0,9.0,4.0,8.0,1.0,3.0,9.0,-0.2418508678674698,0.8551167249679565,3.0,0.4182606637477875,-1.1063847541809082,-10.64586608275234,1.9014875888824463,1.3129757344722748,0.9258861839771271,0.0,3.0,6.0,4.0,1.0,6.0,10.0,5.0,9.0,2.0,1.0,0.0
12147,1.9014875888824463,1.3129757344722748,0.9258861839771271,0.0,3.0,6.0,4.0,1.0,6.0,10.0,5.0,9.0,2.0,1.0,8.0,0.5854184627532959,-0.8667398691177368,8.0,-0.3478989005088806,-0.6412728428840637,-18.161768206101964,2.486906051635742,0.44623586535453796,0.5779872834682465,0.0,4.0,7.0,5.0,2.0,7.0,11.0,6.0,10.0,1.0,2.0,0.0
12148,2.486906051635742,0.44623586535453796,0.5779872834682465,0.0,4.0,7.0,5.0,2.0,7.0,11.0,6.0,10.0,1.0,2.0,0.0,-0.846163809299469,-0.1252342164516449,5.0,-0.11036694049835205,-0.5507777333259583,-15.097536149800352,1.6407422423362732,0.32100164890289307,0.4676203429698944,0.0,1.0,8.0,6.0,3.0,8.0,1.0,7.0,11.0,2.0,3.0,0.0
12149,1.6407422423362732,0.32100164890289307,0.4676203429698944,0.0,1.0,8.0,6.0,3.0,8.0,1.0,7.0,11.0,2.0,3.0,4.0,0.5827885270118713,-0.21030712127685547,8.0,-0.20058587193489075,-1.185638666152954,-20.532882037574577,2.2235307693481445,0.1106945276260376,0.26703447103500366,0.0,2.0,9.0,7.0,4.0,1.0,2.0,8.0,12.0,1.0,4.0,0.0
12150,2.2235307693481445,0.1106945276260376,0.26703447103500366,0.0,2.0,9.0,7.0,4.0,1.0,2.0,8.0,12.0,1.0,4.0,7.0,-1.913852334022522,-1.0769189596176147,3.0,-1.1246200799942017,-0.7256680727005005,-21.40234721290242,0.30967843532562256,0.0,0.0,0.0,3.0,10.0,8.0,1.0,2.0,3.0,9.0,1.0,2.0,5.0,0.0
12151,0.30967843532562256,0.0,0.0,0.0,3.0,10.0,8.0,1.0,2.0,3.0,9.0,1.0,2.0,5.0,9.0,0.5924848318099976,0.7097662091255188,8.0,-0.388769268989563,-1.5929676294326782,-19.25734835388719,0.9021632671356201,0.7097662091255188,0.0,0.0,4.0,11.0,9.0,2.0,3.0,4.0,10.0,2.0,1.0,1.0,0.0
12152,0.9021632671356201,0.7097662091255188,0.0,0.0,4.0,11.0,9.0,2.0,3.0,4.0,10.0,2.0,1.0,1.0,1.0,-0.310612291097641,0.4910914897918701,6.0,0.6941267251968384,-0.1354445070028305,-13.832925550102429,0.5915509760379791,1.200857698917389,0.6941267251968384,0.0,5.0,1.0,10.0,3.0,4.0,5.0,1.0,3.0,2.0,2.0,0.0
12153,0.5915509760379791,1.200857698917389,0.6941267251968384,0.0,5.0,1.0,10.0,3.0,4.0,5.0,1.0,3.0,2.0,2.0,0.0,1.2298344373703003,-0.4555527865886688,0.0,-1.5075082778930664,-1.1978106498718262,-12.518045371542712,1.8213854134082794,0.7453049123287201,0.0,0.0,1.0,2.0,11.0,4.0,5.0,6.0,2.0,4.0,3.0,3.0,0.0
12154,1.8213854134082794,0.7453049123287201,0.0,0.0,1.0,2.0,11.0,4.0,5.0,6.0,2.0,4.0,3.0,3.0,0.0,0.9199477434158325,0.2793031930923462,2.0,-1.2671592235565186,-1.2268574237823486,-19.968406820636822,2.741333156824112,1.0246081054210663,0.0,0.0,1.0,3.0,1.0,5.0,6.0,7.0,3.0,5.0,4.0,4.0,0.0
12155,2.741333156824112,1.0246081054210663,0.0,0.0,1.0,3.0,1.0,5.0,6.0,7.0,3.0,5.0,4.0,4.0,9.0,-0.5260676741600037,-1.4087646007537842,1.0,0.6981009244918823,0.5499216914176941,-10.352112837909914,2.2152654826641083,0.0,0.6981009244918823,0.5499216914176941,2.0,1.0,2.0,6.0,7.0,8.0,4.0,6.0,5.0,1.0,0.0
12156,2.2152654826641083,0.0,0.6981009244918823,0.5499216914176941,2.0,1.0,2.0,6.0,7.0,8.0,4.0,6.0,5.0,1.0,4.0,0.4088548421859741,-0.29873326420783997,3.0,-0.7586073279380798,-0.5295011401176453,-12.962532652258187,2.6241203248500824,0.0,0.0,0.020420551300048828,3.0,2.0,3.0,1.0,1.0,9.0,5.0,7.0,6.0,2.0,0.0
12157,2.6241203248500824,0.0,0.0,0.020420551300048828,3.0,2.0,3.0,1.0,1.0,9.0,5.0,7.0,6.0,2.0,0.0,-1.5043120384216309,-0.9931209087371826,8.0,-0.1964195966720581,0.49575021862983704,-15.571024375624976,1.1198082864284515,0.0,0.0,0.5161707699298859,1.0,3.0,4.0,2.0,2.0,10.0,6.0,8.0,1.0,3.0,0.0
12158,1.1198082864284515,0.0,0.0,0.5161707699298859,1.0,3.0,4.0,2.0,2.0,10.0,6.0,8.0,1.0,3.0,9.0,-0.5019734501838684,0.15333199501037598,5.0,0.251655638217926,0.22495456039905548,-11.43599285125153,0.6178348362445831,0.15333199501037598,0.251655638217926,0.7411253303289413,2.0,4.0,5.0,3.0,3.0,1.0,7.0,9.0,2.0,1.0,0.0
12159,0.6178348362445831,0.15333199501037598,0.251655638217926,0.7411253303289413,2.0,4.0,5.0,3.0,3.0,1.0,7.0,9.0,2.0,1.0,4.0,-0.5232845544815063,-0.12045074254274368,0.0,-0.26539701223373413,1.315366506576538,-11.30746126439135,0.09455028176307678,0.032881252467632294,0.0,2.0564918369054794,1.0,5.0,6.0,4.0,1.0,2.0,8.0,10.0,3.0,2.0,0.0
12160,0.09455028176307678,0.032881252467632294,0.0,2.0564918369054794,1.0,5.0,6.0,4.0,1.0,2.0,8.0,10.0,3.0,2.0,1.0,-0.9593223929405212,0.24959051609039307,10.0,-0.6841216683387756,-1.1692211627960205,-16.70056983551737,0.0,0.28247176855802536,0.0,0.8872706741094589,2.0,1.0,7.0,5.0,2.0,3.0,9.0,11.0,4.0,3.0,0.0
12161,0.0,0.28247176855802536,0.0,0.8872706741094589,2.0,1.0,7.0,5.0,2.0,3.0,9.0,11.0,4.0,3.0,9.0,0.06600973755121231,0.18569765985012054,7.0,1.3067638874053955,0.3023220896720886,-7.50385940680877,0.06600973755121231,0.4681694284081459,1.3067638874053955,1.1895927637815475,3.0,2.0,8.0,6.0,3.0,4.0,10.0,1.0,5.0,1.0,0.0
12162,0.06600973755121231,0.4681694284081459,1.3067638874053955,1.1895927637815475,3.0,2.0,8.0,6.0,3.0,4.0,10.0,1.0,5.0,1.0,4.0,0.18425244092941284,-0.7439618110656738,8.0,-0.5527746081352234,0.6442076563835144,-15.349547299562328,0.25026217848062515,0.0,0.7539892792701721,1.833800420165062,4.0,3.0,9.0,7.0,1.0,5.0,11.0,2.0,1.0,2.0,0.0
12163,0.25026217848062515,0.0,0.7539892792701721,1.833800420165062,4.0,3.0,9.0,7.0,1.0,5.0,11.0,2.0,1.0,2.0,0.0,1.1941088438034058,0.6281929612159729,5.0,0.8443829417228699,-1.4945783615112305,-10.376489318695398,1.444371022284031,0.6281929612159729,1.598372220993042,0.3392220586538315,1.0,4.0,10.0,8.0,2.0,1.0,12.0,3.0,2.0,3.0,0.0
12164,1.444371022284031,0.6281929612159729,1.598372220993042,0.3392220586538315,1.0,4.0,10.0,8.0,2.0,1.0,12.0,3.0,2.0,3.0,8.0,1.0557334423065186,0.40755611658096313,6.0,-0.5686452984809875,-0.05069996416568756,-13.367316390018459,2.5001044645905495,1.035749077796936,1.0297269225120544,0.2885220944881439,2.0,5.0,11.0,9.0,3.0,2.0,1.0,4.0,1.0,4.0,0.0
12165,2.5001044645905495,1.035749077796936,1.0297269225120544,0.2885220944881439,2.0,5.0,11.0,9.0,3.0,2.0,1.0,4.0,1.0,4.0,3.0,1.382602334022522,-0.7897390723228455,3.0,-1.2452220916748047,-0.8461437225341797,-14.471173772903834,3.8827067986130714,0.24601000547409058,0.0,0.0,3.0,6.0,12.0,1.0,4.0,3.0,2.0,5.0,2.0,5.0,0.0
12166,3.8827067986130714,0.24601000547409058,0.0,0.0,3.0,6.0,12.0,1.0,4.0,3.0,2.0,5.0,2.0,5.0,0.0,-0.25238850712776184,-0.42619097232818604,2.0,-1.483576774597168,-1.5691932439804077,-22.93036143248211,3.6303182914853096,0.0,0.0,0.0,1.0,7.0,1.0,2.0,5.0,4.0,3.0,6.0,3.0,6.0,0.0
12167,3.6303182914853096,0.0,0.0,0.0,1.0,7.0,1.0,2.0,5.0,4.0,3.0,6.0,3.0,6.0,9.0,-1.7645492553710938,-0.367840051651001,1.0,-0.7823291420936584,0.10172850638628006,-14.377777486852253,1.8657690361142159,0.0,0.0,0.10172850638628006,2.0,1.0,2.0,3.0,6.0,5.0,4.0,7.0,4.0,1.0,0.0
12168,1.8657690361142159,0.0,0.0,0.10172850638628006,2.0,1.0,2.0,3.0,6.0,5.0,4.0,7.0,4.0,1.0,9.0,0.5349091291427612,-0.2899206578731537,8.0,-1.229330062866211,0.4870368540287018,-17.391318356641705,2.400678165256977,0.0,0.0,0.5887653604149818,3.0,2.0,3.0,4.0,7.0,6.0,5.0,8.0,1.0,1.0,0.0
12169,2.400678165256977,0.0,0.0,0.5887653604149818,3.0,2.0,3.0,4.0,7.0,6.0,5.0,8.0,1.0,1.0,4.0,-0.5452489256858826,0.9328556060791016,3.0,-0.8260855078697205,-0.2840009331703186,-14.988670984761484,1.8554292395710945,0.9328556060791016,0.0,0.30476442724466324,4.0,3.0,4.0,1.0,1.0,7.0,6.0,9.0,2.0,2.0,0.0
12170,1.8554292395710945,0.9328556060791016,0.0,0.30476442724466324,4.0,3.0,4.0,1.0,1.0,7.0,6.0,9.0,2.0,2.0,0.0,-0.9427313208580017,-0.13187140226364136,5.0,-1.5626167058944702,0.27970871329307556,-19.253989143880542,0.9126979187130928,0.8009842038154602,0.0,0.5844731405377388,1.0,4.0,5.0,2.0,2.0,1.0,7.0,10.0,3.0,3.0,0.0
12171,0.9126979187130928,0.8009842038154602,0.0,0.5844731405377388,1.0,4.0,5.0,2.0,2.0,1.0,7.0,10.0,3.0,3.0,7.0,0.0482146292924881,0.030474182218313217,5.0,0.33575737476348877,0.798376202583313,-12.414761276094591,0.9609125480055809,0.8314583860337734,0.33575737476348877,1.3828493431210518,2.0,5.0,6.0,3.0,3.0,1.0,8.0,1.0,4.0,4.0,0.0
12172,0.9609125480055809,0.8314583860337734,0.33575737476348877,1.3828493431210518,2.0,5.0,6.0,3.0,3.0,1.0,8.0,1.0,4.0,4.0,4.0,0.780545711517334,-0.3222409188747406,6.0,-1.038193941116333,0.5218916535377502,-18.457910574661142,1.7414582595229149,0.5092174671590328,0.0,1.904740996658802,3.0,6.0,7.0,4.0,1.0,2.0,1.0,2.0,5.0,5.0,0.0
12173,1.7414582595229149,0.5092174671590328,0.0,1.904740996658802,3.0,6.0,7.0,4.0,1.0,2.0,1.0,2.0,5.0,5.0,8.0,-0.8882735967636108,-0.9623686075210571,5.0,-0.582095205783844,-0.6941760182380676,-21.07030723331286,0.853184662759304,0.0,0.0,1.2105649784207344,4.0,7.0,8.0,5.0,2.0,1.0,2.0,3.0,1.0,6.0,0.0
12174,0.853184662759304,0.0,0.0,1.2105649784207344,4.0,7.0,8.0,5.0,2.0,1.0,2.0,3.0,1.0,6.0,9.0,-0.3212307393550873,-0.3504786789417267,7.0,-1.557781457901001,-1.1252424716949463,-18.03318830562739,0.5319539234042168,0.0,0.0,0.08532250672578812,5.0,8.0,9.0,6.0,3.0,2.0,3.0,1.0,2.0,1.0,0.0
12175,0.5319539234042168,0.0,0.0,0.08532250672578812,5.0,8.0,9.0,6.0,3.0,2.0,3.0,1.0,2.0,1.0,8.0,1.614547848701477,-0.9914336800575256,2.0,-0.21530921757221222,-1.006359338760376,-25.4390078852117,2.146501772105694,0.0,0.0,0.0,6.0,9.0,1.0,7.0,4.0,3.0,4.0,2.0,1.0,2.0,0.0
12176,2.146501772105694,0.0,0.0,0.0,6.0,9.0,1.0,7.0,4.0,3.0,4.0,2.0,1.0,2.0,3.0,-0.30623766779899597,0.13767161965370178,1.0,0.6555396914482117,0.09835926443338394,-10.213412378574791,1.8402641043066978,0.13767161965370178,0.6555396914482117,0.09835926443338394,7.0,1.0,2.0,1.0,5.0,4.0,5.0,3.0,2.0,3.0,0.0
12177,1.8402641043066978,0.13767161965370178,0.6555396914482117,0.09835926443338394,7.0,1.0,2.0,1.0,5.0,4.0,5.0,3.0,2.0,3.0,4.0,-0.5647750496864319,1.583170771598816,0.0,-0.168324813246727,0.21233512461185455,-7.690010972847277,1.275489054620266,1.7208423912525177,0.4872148782014847,0.3106943890452385,1.0,2.0,3.0,2.0,1.0,5.0,6.0,4.0,3.0,4.0,0.0
12178,1.275489054620266,1.7208423912525177,0.4872148782014847,0.3106943890452385,1.0,2.0,3.0,2.0,1.0,5.0,6.0,4.0,3.0,4.0,3.0,-1.3900914192199707,-0.8477851152420044,8.0,-0.6725565195083618,0.4971872866153717,-12.496857266199246,0.0,0.8730572760105133,0.0,0.8078816756606102,2.0,3.0,4.0,1.0,2.0,6.0,7.0,5.0,1.0,5.0,0.0
12179,0.0,0.8730572760105133,0.0,0.8078816756606102,2.0,3.0,4.0,1.0,2.0,6.0,7.0,5.0,1.0,5.0,9.0,0.49206531047821045,-0.8075178265571594,6.0,0.7833957076072693,-0.4604639708995819,-10.456213372379663,0.49206531047821045,0.06553944945335388,0.7833957076072693,0.3474177047610283,3.0,4.0,5.0,2.0,3.0,7.0,1.0,6.0,2.0,1.0,0.0
12180,0.49206531047821045,0.06553944945335388,0.7833957076072693,0.3474177047610283,3.0,4.0,5.0,2.0,3.0,7.0,1.0,6.0,2.0,1.0,0.0,0.6681773066520691,-0.6570904850959778,2.0,-1.0999759435653687,-1.1274563074111938,-18.430486376811785,1.1602426171302795,0.0,0.0,0.0,1.0,5.0,1.0,3.0,4.0,8.0,2.0,7.0,3.0,2.0,0.0
12181,1.1602426171302795,0.0,0.0,0.0,1.0,5.0,1.0,3.0,4.0,8.0,2.0,7.0,3.0,2.0,3.0,-0.2117176651954651,-0.20772971212863922,5.0,-0.08181075006723404,0.28421562910079956,-15.700150884267131,0.9485249519348145,0.0,0.0,0.28421562910079956,2.0,6.0,2.0,1.0,5.0,1.0,3.0,8.0,4.0,3.0,0.0
12182,0.9485249519348145,0.0,0.0,0.28421562910079956,2.0,6.0,2.0,1.0,5.0,1.0,3.0,8.0,4.0,3.0,4.0,-0.43653014302253723,-0.7311472296714783,8.0,-0.7747675776481628,0.5848537683486938,-21.654186970102714,0.5119948089122772,0.0,0.0,0.8690693974494934,3.0,7.0,3.0,2.0,1.0,2.0,4.0,9.0,1.0,4.0,0.0
12183,0.5119948089122772,0.0,0.0,0.8690693974494934,3.0,7.0,3.0,2.0,1.0,2.0,4.0,9.0,1.0,4.0,3.0,0.06852363795042038,-0.30392977595329285,1.0,-0.3509317934513092,0.41791442036628723,-14.328854256976914,0.5805184468626976,0.0,0.0,1.2869838178157806,4.0,1.0,4.0,1.0,2.0,3.0,5.0,10.0,2.0,5.0,0.0
12184,0.5805184468626976,0.0,0.0,1.2869838178157806,4.0,1.0,4.0,1.0,2.0,3.0,5.0,10.0,2.0,5.0,9.0,-0.7703143358230591,1.1031997203826904,8.0,0.2938341796398163,-0.9245700836181641,-10.87995013681813,0.0,1.1031997203826904,0.2938341796398163,0.3624137341976166,5.0,2.0,5.0,2.0,3.0,4.0,6.0,11.0,1.0,1.0,0.0
12185,0.0,1.1031997203826904,0.2938341796398163,0.3624137341976166,5.0,2.0,5.0,2.0,3.0,4.0,6.0,11.0,1.0,1.0,5.0,0.021685510873794556,-0.8051194548606873,0.0,-0.6323034167289734,0.2236880511045456,-13.993789553190023,0.021685510873794556,0.2980802655220032,0.0,0.5861017853021622,1.0,3.0,6.0,3.0,4.0,1.0,7.0,12.0,2.0,2.0,0.0
12186,0.021685510873794556,0.2980802655220032,0.0,0.5861017853021622,1.0,3.0,6.0,3.0,4.0,1.0,7.0,12.0,2.0,2.0,7.0,-1.416467547416687,-0.300418496131897,5.0,0.6081531643867493,1.420986294746399,-19.801799520703405,0.0,0.0,0.6081531643867493,2.007088080048561,2.0,4.0,7.0,4.0,5.0,1.0,8.0,1.0,3.0,3.0,0.0
12187,0.0,0.0,0.6081531643867493,2.007088080048561,2.0,4.0,7.0,4.0,5.0,1.0,8.0,1.0,3.0,3.0,8.0,1.3114731311798096,1.5938200950622559,7.0,-0.6667971014976501,-0.9770222902297974,-11.38627792083664,1.3114731311798096,1.5938200950622559,0.0,1.0300657898187637,3.0,5.0,8.0,5.0,6.0,2.0,9.0,1.0,1.0,4.0,0.0
12188,1.3114731311798096,1.5938200950622559,0.0,1.0300657898187637,3.0,5.0,8.0,5.0,6.0,2.0,9.0,1.0,1.0,4.0,4.0,0.7053496241569519,0.9057384729385376,6.0,-0.5326197147369385,-0.44141608476638794,-16.54018888020604,2.0168227553367615,2.4995585680007935,0.0,0.5886497050523758,4.0,6.0,9.0,6.0,1.0,3.0,1.0,2.0,2.0,5.0,0.0
12189,2.0168227553367615,2.4995585680007935,0.0,0.5886497050523758,4.0,6.0,9.0,6.0,1.0,3.0,1.0,2.0,2.0,5.0,8.0,0.5474525094032288,-0.44059428572654724,8.0,-0.5144788026809692,-1.691746711730957,-18.994371314893144,2.5642752647399902,2.058964282274246,0.0,0.0,5.0,7.0,10.0,7.0,2.0,4.0,2.0,3.0,1.0,6.0,0.0
12190,2.5642752647399902,2.058964282274246,0.0,0.0,5.0,7.0,10.0,7.0,2.0,4.0,2.0,3.0,1.0,6.0,9.0,0.43100208044052124,-0.10821254551410675,2.0,-1.1104280948638916,-0.7811787724494934,-18.219599522305604,2.9952773451805115,1.9507517367601395,0.0,0.0,6.0,8.0,1.0,8.0,3.0,5.0,3.0,4.0,2.0,1.0,0.0
12191,2.9952773451805115,1.9507517367601395,0.0,0.0,6.0,8.0,1.0,8.0,3.0,5.0,3.0,4.0,2.0,1.0,3.0,-1.1487400531768799,-0.0901007428765297,0.0,1.3791688680648804,-1.032644510269165,-11.11981160762642,1.8465372920036316,1.8606509938836098,1.3791688680648804,0.0,1.0,9.0,2.0,1.0,4.0,6.0,4.0,5.0,3.0,2.0,0.0
12192,1.8465372920036316,1.8606509938836098,1.3791688680648804,0.0,1.0,9.0,2.0,1.0,4.0,6.0,4.0,5.0,3.0,2.0,0.0,-1.2704964876174927,-1.6217683553695679,1.0,-0.6037320494651794,-0.8972387313842773,-12.406935260424593,0.5760408043861389,0.2388826385140419,0.7754368185997009,0.0,1.0,1.0,3.0,2.0,5.0,7.0,5.0,6.0,4.0,3.0,0.0
12193,0.5760408043861389,0.2388826385140419,0.7754368185997009,0.0,1.0,1.0,3.0,2.0,5.0,7.0,5.0,6.0,4.0,3.0,0.0,0.5347961187362671,0.18863558769226074,0.0,0.5388264656066895,0.11741850525140762,-5.489110546683371,1.110836923122406,0.42751822620630264,1.3142632842063904,0.11741850525140762,1.0,2.0,4.0,3.0,6.0,8.0,6.0,7.0,5.0,4.0,0.0
12194,1.110836923122406,0.42751822620630264,1.3142632842063904,0.11741850525140762,1.0,2.0,4.0,3.0,6.0,8.0,6.0,7.0,5.0,4.0,9.0,0.4747850000858307,0.7128748297691345,8.0,0.4607333242893219,-0.6269758939743042,-12.478639007913003,1.5856219232082367,1.1403930559754372,1.7749966084957123,0.0,2.0,3.0,5.0,4.0,7.0,9.0,7.0,8.0,1.0,1.0,0.0
12195,1.5856219232082367,1.1403930559754372,1.7749966084957123,0.0,2.0,3.0,5.0,4.0,7.0,9.0,7.0,8.0,1.0,1.0,0.0,-0.5393906831741333,-0.45874327421188354,6.0,-0.08871160447597504,0.6510637402534485,-10.043867619913126,1.0462312400341034,0.6816497817635536,1.6862850040197372,0.6510637402534485,1.0,4.0,6.0,5.0,8.0,10.0,1.0,9.0,2.0,2.0,0.0
12196,1.0462312400341034,0.6816497817635536,1.6862850040197372,0.6510637402534485,1.0,4.0,6.0,5.0,8.0,10.0,1.0,9.0,2.0,2.0,9.0,1.5830590724945068,0.8464972972869873,5.0,-0.057712823152542114,-1.1818933486938477,-13.175116056353438,2.6292903125286102,1.528147079050541,1.6285721808671951,0.0,2.0,5.0,7.0,6.0,9.0,1.0,2.0,10.0,3.0,1.0,0.0
12197,2.6292903125286102,1.528147079050541,1.6285721808671951,0.0,2.0,5.0,7.0,6.0,9.0,1.0,2.0,10.0,3.0,1.0,4.0,-0.5870165228843689,-0.9301877617835999,2.0,-1.0692790746688843,0.21854105591773987,-14.264481406018248,2.0422737896442413,0.5979593172669411,0.5592931061983109,0.21854105591773987,3.0,6.0,1.0,7.0,1.0,2.0,3.0,11.0,4.0,2.0,0.0
12198,2.0422737896442413,0.5979593172669411,0.5592931061983109,0.21854105591773987,3.0,6.0,1.0,7.0,1.0,2.0,3.0,11.0,4.0,2.0,3.0,-0.010841263458132744,0.36109811067581177,1.0,1.3567460775375366,0.492572546005249,-8.567981907132006,2.0314325261861086,0.9590574279427528,1.9160391837358475,0.7111136019229889,4.0,1.0,2.0,1.0,2.0,3.0,4.0,12.0,5.0,3.0,0.0
12199,2.0314325261861086,0.9590574279427528,1.9160391837358475,0.7111136019229889,4.0,1.0,2.0,1.0,2.0,3.0,4.0,12.0,5.0,3.0,0.0,-0.5793407559394836,0.5968945622444153,0.0,-0.31170424818992615,-1.1208417415618896,-7.014910638288338,1.452091770246625,1.5559519901871681,1.6043349355459213,0.0,1.0,2.0,3.0,2.0,3.0,4.0,5.0,13.0,6.0,4.0,1.0
12200,6.288415908813477,1.189653992652893,8.519546508789062,1.9022208452224731,1.0,1.0,1.0,1.0,1.0,1.0,1.0,1.0,1.0,1.0,8.0,-0.8814350962638855,-0.32381319999694824,4.0,-1.991044282913208,-1.6526010036468506,-7.341372680171186,5.406980812549591,0.8658407926559448,6.5285022258758545,0.24961984157562256,2.0,2.0,2.0,2.0,1.0,2.0,2.0,2.0,1.0,2.0,0.0
12201,5.406980812549591,0.8658407926559448,6.5285022258758545,0.24961984157562256,2.0,2.0,2.0,2.0,1.0,2.0,2.0,2.0,1.0,2.0,8.0,-1.642643928527832,-0.21089546382427216,4.0,-1.9345757961273193,-0.6894267201423645,-11.181591389554034,3.764336884021759,0.6549453288316727,4.593926429748535,0.0,3.0,3.0,3.0,3.0,1.0,3.0,3.0,3.0,1.0,3.0,0.0
12202,3.764336884021759,0.6549453288316727,4.593926429748535,0.0,3.0,3.0,3.0,3.0,1.0,3.0,3.0,3.0,1.0,3.0,8.0,-0.3763759434223175,-0.12788455188274384,1.0,-1.4385173320770264,-0.12799063324928284,-9.422072979173297,3.3879609405994415,0.5270607769489288,3.155409097671509,0.0,4.0,1.0,4.0,4.0,2.0,4.0,4.0,4.0,1.0,4.0,0.0
12203,3.3879609405994415,0.5270607769489288,3.155409097671509,0.0,4.0,1.0,4.0,4.0,2.0,4.0,4.0,4.0,1.0,4.0,8.0,-0.8496270179748535,1.1508266925811768,0.0,-1.8415855169296265,-1.150856375694275,-12.796597482566543,2.538333922624588,1.6778874695301056,1.3138235807418823,0.0,1.0,2.0,5.0,5.0,3.0,5.0,5.0,5.0,1.0,5.0,0.0
12204,2.538333922624588,1.6778874695301056,1.3138235807418823,0.0,1.0,2.0,5.0,5.0,3.0,5.0,5.0,5.0,1.0,5.0,9.0,-0.44907766580581665,-1.270395040512085,6.0,0.6421148180961609,-0.3393414616584778,-10.573914339489686,2.0892562568187714,0.40749242901802063,1.9559383988380432,0.0,2.0,3.0,6.0,6.0,4.0,6.0,1.0,6.0,2.0,1.0,0.0
12205,2.0892562568187714,0.40749242901802063,1.9559383988380432,0.0,2.0,3.0,6.0,6.0,4.0,6.0,1.0,6.0,2.0,1.0,0.0,0.6182456016540527,-0.7035250067710876,5.0,-0.32329094409942627,0.005345212761312723,-11.304469239288151,2.707501858472824,0.0,1.632647454738617,0.005345212761312723,1.0,4.0,7.0,7.0,5.0,1.0,2.0,7.0,3.0,2.0,0.0
12206,2.707501858472824,0.0,1.632647454738617,0.005345212761312723,1.0,4.0,7.0,7.0,5.0,1.0,2.0,7.0,3.0,2.0,8.0,-0.6863664984703064,0.9285557270050049,3.0,-1.6640233993530273,-0.5056167244911194,-13.563380653353505,2.0211353600025177,0.9285557270050049,0.0,0.0,2.0,5.0,8.0,1.0,6.0,2.0,3.0,8.0,1.0,3.0,0.0
12207,2.0211353600025177,0.9285557270050049,0.0,0.0,2.0,5.0,8.0,1.0,6.0,2.0,3.0,8.0,1.0,3.0,4.0,-0.7604213953018188,0.5256668329238892,8.0,-0.16961786150932312,-0.061876971274614334,-14.84847952154832,1.2607139647006989,1.454222559928894,0.0,0.0,3.0,6.0,9.0,2.0,1.0,3.0,4.0,9.0,1.0,4.0,0.0
12208,1.2607139647006989,1.454222559928894,0.0,0.0,3.0,6.0,9.0,2.0,1.0,3.0,4.0,9.0,1.0,4.0,0.0,-0.5193566083908081,0.00014919042587280273,7.0,0.9740381836891174,-0.11708007007837296,-7.579985046031856,0.7413573563098907,1.4543717503547668,0.9740381836891174,0.0,1.0,7.0,10.0,3.0,2.0,4.0,5.0,1.0,2.0,5.0,0.0
12209,0.7413573563098907,1.4543717503547668,0.9740381836891174,0.0,1.0,7.0,10.0,3.0,2.0,4.0,5.0,1.0,2.0,5.0,8.0,-0.11043830960988998,0.3997441828250885,2.0,0.3886658251285553,-1.3590959310531616,-19.94341522394904,0.6309190467000008,1.8541159331798553,1.3627040088176727,0.0,2.0,8.0,1.0,4.0,3.0,5.0,6.0,2.0,1.0,6.0,0.0
12210,0.6309190467000008,1.8541159331798553,1.3627040088176727,0.0,2.0,8.0,1.0,4.0,3.0,5.0,6.0,2.0,1.0,6.0,9.0,-0.20138126611709595,-0.11544681340456009,1.0,-0.0683784931898117,-1.1392332315444946,-12.714059187984411,0.4295377805829048,1.7386691197752953,1.294325515627861,0.0,3.0,1.0,2.0,5.0,4.0,6.0,7.0,3.0,2.0,1.0,0.0
12211,0.4295377805829048,1.7386691197752953,1.294325515627861,0.0,3.0,1.0,2.0,5.0,4.0,6.0,7.0,3.0,2.0,1.0,3.0,0.6387890577316284,-0.7336583137512207,3.0,-0.01717877946794033,-0.6555479168891907,-12.953534430634505,1.0683268383145332,1.0050108060240746,1.2771467361599207,0.0,4.0,2.0,3.0,1.0,5.0,7.0,8.0,4.0,3.0,2.0,0.0
12212,1.0683268383145332,1.0050108060240746,1.2771467361599207,0.0,4.0,2.0,3.0,1.0,5.0,7.0,8.0,4.0,3.0,2.0,0.0,-0.32175517082214355,0.4177876114845276,8.0,-1.3460808992385864,0.003447022521868348,-10.689041770955647,0.7465716674923897,1.4227984175086021,0.0,0.003447022521868348,1.0,3.0,4.0,2.0,6.0,8.0,9.0,5.0,1.0,3.0,0.0
12213,0.7465716674923897,1.4227984175086021,0.0,0.003447022521868348,1.0,3.0,4.0,2.0,6.0,8.0,9.0,5.0,1.0,3.0,4.0,1.2100729942321777,-1.6738216876983643,7.0,0.46913862228393555,-0.5093302130699158,-15.254788299369135,1.9566446617245674,0.0,0.46913862228393555,0.0,2.0,4.0,5.0,3.0,1.0,9.0,10.0,1.0,2.0,4.0,0.0
12214,1.9566446617245674,0.0,0.46913862228393555,0.0,2.0,4.0,5.0,3.0,1.0,9.0,10.0,1.0,2.0,4.0,8.0,-0.9206293821334839,-0.3677210509777069,6.0,0.3886292576789856,0.7646949291229248,-16.726458373362924,1.0360152795910835,0.0,0.8577678799629211,0.7646949291229248,3.0,5.0,6.0,4.0,2.0,10.0,1.0,2.0,1.0,5.0,0.0
12215,1.0360152795910835,0.0,0.8577678799629211,0.7646949291229248,3.0,5.0,6.0,4.0,2.0,10.0,1.0,2.0,1.0,5.0,8.0,-0.11356397718191147,1.257207989692688,9.0,-0.864100992679596,-0.22087310254573822,-9.192974683527252,0.9224513024091721,1.257207989692688,0.0,0.5438218265771866,4.0,6.0,7.0,5.0,3.0,11.0,2.0,3.0,1.0,1.0,0.0
12216,0.9224513024091721,1.257207989692688,0.0,0.5438218265771866,4.0,6.0,7.0,5.0,3.0,11.0,2.0,3.0,1.0,1.0,0.0,0.4509108066558838,0.600404679775238,5.0,-0.3037431836128235,-1.304602861404419,-15.802722490840537,1.3733621090650558,1.857612669467926,0.0,0.0,1.0,7.0,8.0,6.0,4.0,1.0,3.0,4.0,2.0,2.0,0.0
12217,1.3733621090650558,1.857612669467926,0.0,0.0,1.0,7.0,8.0,6.0,4.0,1.0,3.0,4.0,2.0,2.0,4.0,1.280922293663025,-1.4776244163513184,8.0,0.9267936944961548,-1.381089448928833,-19.825752296650112,2.6542844027280807,0.37998825311660767,0.9267936944961548,0.0,2.0,8.0,9.0,7.0,1.0,2.0,4.0,5.0,1.0,3.0,0.0
12218,2.6542844027280807,0.37998825311660767,0.9267936944961548,0.0,2.0,8.0,9.0,7.0,1.0,2.0,4.0,5.0,1.0,3.0,8.0,0.8570389151573181,0.5482662916183472,3.0,-1.0351377725601196,-1.3744250535964966,-18.16588359626679,3.511323317885399,0.9282545447349548,0.0,0.0,3.0,9.0,10.0,1.0,2.0,3.0,5.0,6.0,1.0,4.0,0.0
12219,3.511323317885399,0.9282545447349548,0.0,0.0,3.0,9.0,10.0,1.0,2.0,3.0,5.0,6.0,1.0,4.0,8.0,0.011909105814993382,-1.017970085144043,2.0,-1.150902509689331,-0.6836839318275452,-23.045724802196833,3.5232324237003922,0.0,0.0,0.0,4.0,10.0,1.0,2.0,3.0,4.0,6.0,7.0,1.0,5.0,0.0
12220,3.5232324237003922,0.0,0.0,0.0,4.0,10.0,1.0,2.0,3.0,4.0,6.0,7.0,1.0,5.0,3.0,-1.5698133707046509,-0.6957529187202454,1.0,-0.960867702960968,-1.041664481163025,-22.446243597005413,1.9534190529957414,0.0,0.0,0.0,5.0,1.0,2.0,1.0,4.0,5.0,7.0,8.0,2.0,6.0,0.0
12221,1.9534190529957414,0.0,0.0,0.0,5.0,1.0,2.0,1.0,4.0,5.0,7.0,8.0,2.0,6.0,9.0,-1.684153437614441,0.26456958055496216,8.0,-1.2162718772888184,0.9384187459945679,-16.078624948556815,0.26926561538130045,0.26456958055496216,0.0,0.9384187459945679,6.0,2.0,3.0,2.0,5.0,6.0,8.0,9.0,1.0,1.0,0.0
12222,0.26926561538130045,0.26456958055496216,0.0,0.9384187459945679,6.0,2.0,3.0,2.0,5.0,6.0,8.0,9.0,1.0,1.0,0.0,-1.333186388015747,1.359264612197876,10.0,-0.7472323775291443,0.13682624697685242,-14.531954206133298,0.0,1.6238341927528381,0.0,1.0752449929714203,1.0,3.0,4.0,3.0,6.0,7.0,9.0,10.0,2.0,2.0,0.0
12223,0.0,1.6238341927528381,0.0,1.0752449929714203,1.0,3.0,4.0,3.0,6.0,7.0,9.0,10.0,2.0,2.0,0.0,1.07101571559906,0.2959289252758026,1.0,1.258778691291809,0.5277894735336304,-8.37390968146385,1.07101571559906,1.9197631180286407,1.258778691291809,1.6030344665050507,1.0,1.0,5.0,4.0,7.0,8.0,10.0,11.0,3.0,3.0,0.0
12224,1.07101571559906,1.9197631180286407,1.258778691291809,1.6030344665050507,1.0,1.0,5.0,4.0,7.0,8.0,10.0,11.0,3.0,3.0,4.0,-0.7015624046325684,0.3949657082557678,8.0,-0.15977855026721954,-0.8411107063293457,-14.125145794115937,0.3694533109664917,2.3147288262844086,1.0990001410245895,0.761923760175705,2.0,2.0,6.0,5.0,1.0,9.0,11.0,12.0,1.0,4.0,0.0
12225,0.3694533109664917,2.3147288262844086,1.0990001410245895,0.761923760175705,2.0,2.0,6.0,5.0,1.0,9.0,11.0,12.0,1.0,4.0,0.0,-0.6859455704689026,-0.32480868697166443,5.0,0.8040371537208557,0.13977015018463135,-12.328055287351653,0.0,1.9899201393127441,1.9030372947454453,0.9016939103603363,1.0,3.0,7.0,6.0,2.0,1.0,12.0,13.0,2.0,5.0,0.0
12226,0.0,1.9899201393127441,1.9030372947454453,0.9016939103603363,1.0,3.0,7.0,6.0,2.0,1.0,12.0,13.0,2.0,5.0,9.0,1.1522586345672607,0.69474196434021,10.0,1.422805666923523,0.30225682258605957,-5.925977970215259,1.1522586345672607,2.684662103652954,3.325842961668968,1.2039507329463959,2.0,4.0,8.0,7.0,3.0,2.0,13.0,14.0,3.0,1.0,0.0
12227,1.1522586345672607,2.684662103652954,3.325842961668968,1.2039507329463959,2.0,4.0,8.0,7.0,3.0,2.0,13.0,14.0,3.0,1.0,4.0,0.12522868812084198,0.8678679466247559,6.0,-1.75020170211792,1.3239026069641113,-13.465708867645281,1.2774873226881027,3.55253005027771,1.5756412595510483,2.527853339910507,3.0,5.0,9.0,8.0,1.0,3.0,1.0,15.0,4.0,2.0,0.0
12228,1.2774873226881027,3.55253005027771,1.5756412595510483,2.527853339910507,3.0,5.0,9.0,8.0,1.0,3.0,1.0,15.0,4.0,2.0,7.0,-1.0071762800216675,-0.3929041624069214,2.0,-0.23395006358623505,-1.6439687013626099,-12.185321961762362,0.27031104266643524,3.1596258878707886,1.3416911959648132,0.8838846385478973,4.0,6.0,1.0,9.0,2.0,4.0,2.0,1.0,5.0,3.0,0.0
12229,0.27031104266643524,3.1596258878707886,1.3416911959648132,0.8838846385478973,4.0,6.0,1.0,9.0,2.0,4.0,2.0,1.0,5.0,3.0,3.0,0.2065163552761078,-0.1297060251235962,3.0,0.9123504757881165,-1.3648576736450195,-10.710543609472563,0.47682739794254303,3.0299198627471924,2.2540416717529297,0.0,5.0,7.0,2.0,1.0,3.0,5.0,3.0,2.0,6.0,4.0,0.0
12230,0.47682739794254303,3.0299198627471924,2.2540416717529297,0.0,5.0,7.0,2.0,1.0,3.0,5.0,3.0,2.0,6.0,4.0,8.0,-0.5292395353317261,-0.7655543684959412,8.0,-0.737226128578186,0.11586727201938629,-12.685081151781006,0.0,2.264365494251251,1.5168155431747437,0.11586727201938629,6.0,8.0,3.0,2.0,4.0,6.0,4.0,3.0,1.0,5.0,0.0
12231,0.0,2.264365494251251,1.5168155431747437,0.11586727201938629,6.0,8.0,3.0,2.0,4.0,6.0,4.0,3.0,1.0,5.0,1.0,-0.6026270985603333,0.12946896255016327,1.0,0.3555721640586853,-0.7791517972946167,-17.204968237608565,0.0,2.3938344568014145,1.872387707233429,0.0,7.0,1.0,4.0,3.0,5.0,7.0,5.0,4.0,2.0,6.0,0.0
12232,0.0,2.3938344568014145,1.872387707233429,0.0,7.0,1.0,4.0,3.0,5.0,7.0,5.0,4.0,2.0,6.0,9.0,-0.3217645585536957,-0.10009195655584335,0.0,0.3356054425239563,-0.46379488706588745,-8.928818002374188,0.0,2.293742500245571,2.2079931497573853,0.0,1.0,2.0,5.0,4.0,6.0,8.0,6.0,5.0,3.0,1.0,0.0
12233,0.0,2.293742500245571,2.2079931497573853,0.0,1.0,2.0,5.0,4.0,6.0,8.0,6.0,5.0,3.0,1.0,8.0,0.8665273189544678,-1.0021971464157104,8.0,0.7621141672134399,-0.3094846308231354,-14.692176682425643,0.8665273189544678,1.2915453538298607,2.970107316970825,0.0,2.0,3.0,6.0,5.0,7.0,9.0,7.0,6.0,1.0,2.0,0.0
12234,0.8665273189544678,1.2915453538298607,2.970107316970825,0.0,2.0,3.0,6.0,5.0,7.0,9.0,7.0,6.0,1.0,2.0,4.0,0.5066981315612793,-0.5854594111442566,0.0,-1.2204076051712036,-0.9719756245613098,-14.548472544799068,1.373225450515747,0.7060859426856041,1.7496997117996216,0.0,1.0,4.0,7.0,6.0,1.0,10.0,8.0,7.0,2.0,3.0,0.0
12235,1.373225450515747,0.7060859426856041,1.7496997117996216,0.0,1.0,4.0,7.0,6.0,1.0,10.0,8.0,7.0,2.0,3.0,5.0,-0.2470460683107376,-0.3445073664188385,0.0,0.25343066453933716,0.1498052030801773,-11.054634310392439,1.1261793822050095,0.3615785762667656,2.0031303763389587,0.1498052030801773,1.0,5.0,8.0,7.0,2.0,1.0,9.0,8.0,3.0,4.0,0.0
12236,1.1261793822050095,0.3615785762667656,2.0031303763389587,0.1498052030801773,1.0,5.0,8.0,7.0,2.0,1.0,9.0,8.0,3.0,4.0,1.0,-0.8845937252044678,-0.03647328168153763,2.0,-0.31997936964035034,-0.10552025586366653,-14.109251158659433,0.2415856570005417,0.32510529458522797,1.6831510066986084,0.04428494721651077,2.0,1.0,1.0,8.0,3.0,2.0,10.0,9.0,4.0,5.0,0.0
12237,0.2415856570005417,0.32510529458522797,1.6831510066986084,0.04428494721651077,2.0,1.0,1.0,8.0,3.0,2.0,10.0,9.0,4.0,5.0,3.0,1.0858583450317383,1.0102373361587524,1.0,0.02002677507698536,0.8416417837142944,-9.206790917039957,1.32744400203228,1.3353426307439804,1.7031777817755938,0.8859267309308052,3.0,1.0,2.0,1.0,4.0,3.0,11.0,10.0,5.0,6.0,0.0
12238,1.32744400203228,1.3353426307439804,1.7031777817755938,0.8859267309308052,3.0,1.0,2.0,1.0,4.0,3.0,11.0,10.0,5.0,6.0,4.0,-0.790985643863678,0.2887454032897949,8.0,-0.8503861427307129,0.2744366228580475,-13.378729548136032,0.536458358168602,1.6240880340337753,0.8527916390448809,1.1603633537888527,4.0,2.0,3.0,2.0,1.0,4.0,12.0,11.0,1.0,7.0,0.0
12239,0.536458358168602,1.6240880340337753,0.8527916390448809,1.1603633537888527,4.0,2.0,3.0,2.0,1.0,4.0,12.0,11.0,1.0,7.0,9.0,-1.4365887641906738,-1.3015978336334229,6.0,-0.45529869198799133,0.17078806459903717,-15.925439514534553,0.0,0.3224902004003525,0.39749294705688953,1.3311514183878899,5.0,3.0,4.0,3.0,2.0,5.0,1.0,12.0,2.0,1.0,0.0
12240,0.0,0.3224902004003525,0.39749294705688953,1.3311514183878899,5.0,3.0,4.0,3.0,2.0,5.0,1.0,12.0,2.0,1.0,0.0,-0.9259313941001892,1.6925652027130127,2.0,-0.6215912103652954,-0.5409908890724182,-16.786145881838927,0.0,2.015055403113365,0.0,0.7901605293154716,1.0,4.0,1.0,4.0,3.0,6.0,2.0,13.0,3.0,2.0,0.0
12241,0.0,2.015055403113365,0.0,0.7901605293154716,1.0,4.0,1.0,4.0,3.0,6.0,2.0,13.0,3.0,2.0,9.0,1.4927889108657837,-0.9515187740325928,5.0,1.3847945928573608,-0.1744450479745865,-10.037465905081376,1.4927889108657837,1.0635366290807724,1.3847945928573608,0.6157154813408852,2.0,5.0,2.0,5.0,4.0,1.0,3.0,14.0,4.0,1.0,0.0
12242,1.4927889108657837,1.0635366290807724,1.3847945928573608,0.6157154813408852,2.0,5.0,2.0,5.0,4.0,1.0,3.0,14.0,4.0,1.0,7.0,1.0470248460769653,0.45117080211639404,8.0,0.19099949300289154,0.919199526309967,-7.904043437713471,2.539813756942749,1.5147074311971664,1.5757940858602524,1.5349150076508522,3.0,6.0,3.0,6.0,5.0,2.0,4.0,1.0,1.0,2.0,0.0
12243,2.539813756942749,1.5147074311971664,1.5757940858602524,1.5349150076508522,3.0,6.0,3.0,6.0,5.0,2.0,4.0,1.0,1.0,2.0,3.0,-1.5955523252487183,-0.1474616378545761,1.0,-1.4302246570587158,-1.4925763607025146,-9.406298249460544,0.9442614316940308,1.3672457933425903,0.14556942880153656,0.042338646948337555,4.0,1.0,4.0,1.0,6.0,3.0,5.0,2.0,2.0,3.0,0.0
12244,0.9442614316940308,1.3672457933425903,0.14556942880153656,0.042338646948337555,4.0,1.0,4.0,1.0,6.0,3.0,5.0,2.0,2.0,3.0,4.0,-1.147879958152771,0.6729279160499573,0.0,1.1219019889831543,-1.1673928499221802,-15.34368623646713,0.0,2.0401737093925476,1.2674714177846909,0.0,1.0,2.0,5.0,2.0,1.0,4.0,6.0,3.0,3.0,4.0,0.0
12245,0.0,2.0401737093925476,1.2674714177846909,0.0,1.0,2.0,5.0,2.0,1.0,4.0,6.0,3.0,3.0,4.0,8.0,0.7066100239753723,-0.16528283059597015,3.0,-0.24867181479930878,-0.39538902044296265,-12.299188430028897,0.7066100239753723,1.8748908787965775,1.018799602985382,0.0,2.0,3.0,6.0,1.0,2.0,5.0,7.0,4.0,1.0,5.0,0.0
12246,0.7066100239753723,1.8748908787965775,1.018799602985382,0.0,2.0,3.0,6.0,1.0,2.0,5.0,7.0,4.0,1.0,5.0,4.0,0.6976329684257507,-0.7826235890388489,9.0,0.5630092620849609,-1.522310733795166,-16.49261068175133,1.404242992401123,1.0922672897577286,1.581808865070343,0.0,3.0,4.0,7.0,2.0,1.0,6.0,8.0,5.0,2.0,1.0,0.0
12247,1.404242992401123,1.0922672897577286,1.581808865070343,0.0,3.0,4.0,7.0,2.0,1.0,6.0,8.0,5.0,2.0,1.0,0.0,-0.704257607460022,0.5642594695091248,2.0,-1.1848739385604858,0.3929902911186218,-10.736627504127835,0.6999853849411011,1.6565267592668533,0.3969349265098572,0.3929902911186218,1.0,5.0,1.0,3.0,2.0,7.0,9.0,6.0,3.0,2.0,0.0
12248,0.6999853849411011,1.6565267592668533,0.3969349265098572,0.3929902911186218,1.0,5.0,1.0,3.0,2.0,7.0,9.0,6.0,3.0,2.0,4.0,1.2044847011566162,0.8013784289360046,0.0,0.09438174962997437,-0.19682931900024414,-8.301840919167653,1.9044700860977173,2.457905188202858,0.49131667613983154,0.19616097211837769,1.0,6.0,2.0,4.0,1.0,8.0,10.0,7.0,4.0,3.0,0.0
12249,1.9044700860977173,2.457905188202858,0.49131667613983154,0.19616097211837769,1.0,6.0,2.0,4.0,1.0,8.0,10.0,7.0,4.0,3.0,3.0,0.13465015590190887,-1.2545088529586792,1.0,1.4424086809158325,1.618998646736145,-9.038419293227545,2.039120241999626,1.2033963352441788,1.933725357055664,1.8151596188545227,2.0,1.0,3.0,1.0,2.0,9.0,11.0,8.0,5.0,4.0,0.0
12250,2.039120241999626,1.2033963352441788,1.933725357055664,1.8151596188545227,2.0,1.0,3.0,1.0,2.0,9.0,11.0,8.0,5.0,4.0,8.0,-0.9005871415138245,0.661008894443512,8.0,-1.033915400505066,-0.7921633720397949,-12.347077479626096,1.1385331004858017,1.8644052296876907,0.8998099565505981,1.0229962468147278,3.0,2.0,4.0,2.0,3.0,10.0,12.0,9.0,1.0,5.0,0.0
12251,1.1385331004858017,1.8644052296876907,0.8998099565505981,1.0229962468147278,3.0,2.0,4.0,2.0,3.0,10.0,12.0,9.0,1.0,5.0,9.0,-0.21669362485408783,-0.5290904641151428,6.0,-0.3302707076072693,-0.6698307394981384,-11.176080103454998,0.9218394756317139,1.335314765572548,0.5695392489433289,0.35316550731658936,4.0,3.0,5.0,3.0,4.0,11.0,1.0,10.0,2.0,1.0,0.0
12252,0.9218394756317139,1.335314765572548,0.5695392489433289,0.35316550731658936,4.0,3.0,5.0,3.0,4.0,11.0,1.0,10.0,2.0,1.0,5.0,-0.15979430079460144,0.6298017501831055,4.0,0.17023105919361115,-0.09228594601154327,-14.6915983760263,0.7620451748371124,1.9651165157556534,0.73977030813694,0.2608795613050461,5.0,4.0,6.0,4.0,1.0,1.0,2.0,11.0,3.0,2.0,0.0
12253,0.7620451748371124,1.9651165157556534,0.73977030813694,0.2608795613050461,5.0,4.0,6.0,4.0,1.0,1.0,2.0,11.0,3.0,2.0,7.0,0.5258482098579407,-0.7487448453903198,5.0,0.30851319432258606,-0.09597033262252808,-12.079226653661998,1.287893384695053,1.2163716703653336,1.048283502459526,0.164909228682518,6.0,5.0,7.0,5.0,2.0,1.0,3.0,1.0,4.0,3.0,0.0
12254,1.287893384695053,1.2163716703653336,1.048283502459526,0.164909228682518,6.0,5.0,7.0,5.0,2.0,1.0,3.0,1.0,4.0,3.0,8.0,0.9371130466461182,1.390912652015686,0.0,-0.5469762086868286,-1.1281242370605469,-11.428736935488946,2.2250064313411713,2.6072843223810196,0.5013072937726974,0.0,1.0,6.0,8.0,6.0,3.0,2.0,4.0,2.0,1.0,4.0,0.0
12255,2.2250064313411713,2.6072843223810196,0.5013072937726974,0.0,1.0,6.0,8.0,6.0,3.0,2.0,4.0,2.0,1.0,4.0,8.0,0.5538126230239868,-1.1391432285308838,9.0,-0.07033445686101913,-0.8948318362236023,-12.793708739082085,2.778819054365158,1.4681410938501358,0.4309728369116783,0.0,2.0,7.0,9.0,7.0,4.0,3.0,5.0,3.0,1.0,1.0,0.0
12256,2.778819054365158,1.4681410938501358,0.4309728369116783,0.0,2.0,7.0,9.0,7.0,4.0,3.0,5.0,3.0,1.0,1.0,3.0,-0.005744888447225094,1.2000797986984253,7.0,-0.7556836605072021,0.3358260989189148,-10.668656500496994,2.773074165917933,2.668220892548561,0.0,0.3358260989189148,3.0,8.0,10.0,1.0,5.0,4.0,6.0,1.0,2.0,2.0,0.0
12257,2.773074165917933,2.668220892548561,0.0,0.3358260989189148,3.0,8.0,10.0,1.0,5.0,4.0,6.0,1.0,2.0,2.0,4.0,-0.6738847494125366,-1.1846719980239868,2.0,-0.9459907412528992,-1.7086303234100342,-22.481675361559063,2.0991894165053964,1.4835488945245743,0.0,0.0,4.0,9.0,1.0,2.0,1.0,5.0,7.0,2.0,3.0,3.0,0.0
12258,2.0991894165053964,1.4835488945245743,0.0,0.0,4.0,9.0,1.0,2.0,1.0,5.0,7.0,2.0,3.0,3.0,8.0,-0.6589144468307495,-0.7407454252243042,1.0,-0.15796011686325073,0.48429346084594727,-12.603610762211886,1.4402749696746469,0.7428034693002701,0.0,0.48429346084594727,5.0,1.0,2.0,3.0,2.0,6.0,8.0,3.0,1.0,4.0,0.0
12259,1.4402749696746469,0.7428034693002701,0.0,0.48429346084594727,5.0,1.0,2.0,3.0,2.0,6.0,8.0,3.0,1.0,4.0,4.0,-0.35974735021591187,-0.5210152864456177,6.0,0.39285990595817566,-0.6360216736793518,-15.882163488424158,1.080527619458735,0.2217881828546524,0.39285990595817566,0.0,6.0,2.0,3.0,4.0,1.0,7.0,1.0,4.0,2.0,5.0,0.0
12260,1.080527619458735,0.2217881828546524,0.39285990595817566,0.0,6.0,2.0,3.0,4.0,1.0,7.0,1.0,4.0,2.0,5.0,0.0,0.027459505945444107,1.6606647968292236,3.0,0.6082788109779358,-0.007729528937488794,-7.256786427626023,1.107987125404179,1.882452979683876,1.0011387169361115,0.0,1.0,3.0,4.0,1.0,2.0,8.0,2.0,5.0,3.0,6.0,0.0
12261,1.107987125404179,1.882452979683876,1.0011387169361115,0.0,1.0,3.0,4.0,1.0,2.0,8.0,2.0,5.0,3.0,6.0,9.0,-1.6197612285614014,-1.6356948614120483,5.0,0.6503872871398926,-0.732663631439209,-16.121413785223723,0.0,0.2467581182718277,1.651526004076004,0.0,2.0,4.0,5.0,2.0,3.0,1.0,3.0,6.0,4.0,1.0,0.0
12262,0.0,0.2467581182718277,1.651526004076004,0.0,2.0,4.0,5.0,2.0,3.0,1.0,3.0,6.0,4.0,1.0,4.0,-0.1990967094898224,0.8336964249610901,2.0,-1.0756365060806274,0.435017466545105,-16.060519653094055,0.0,1.0804545432329178,0.5758894979953766,0.435017466545105,3.0,5.0,1.0,3.0,1.0,2.0,4.0,7.0,5.0,2.0,0.0
12263,0.0,1.0804545432329178,0.5758894979953766,0.435017466545105,3.0,5.0,1.0,3.0,1.0,2.0,4.0,7.0,5.0,2.0,3.0,-1.0728868246078491,-0.8488871455192566,8.0,-0.1814352124929428,0.8841971158981323,-16.110321079452326,0.0,0.2315673977136612,0.3944542855024338,1.3192145824432373,4.0,6.0,2.0,1.0,2.0,3.0,5.0,8.0,1.0,3.0,0.0
12264,0.0,0.2315673977136612,0.3944542855024338,1.3192145824432373,4.0,6.0,2.0,1.0,2.0,3.0,5.0,8.0,1.0,3.0,0.0,-0.5892208814620972,0.10355246067047119,1.0,0.7273303270339966,-0.9978989958763123,-10.44952405088924,0.0,0.3351198583841324,1.1217846125364304,0.32131558656692505,1.0,1.0,3.0,2.0,3.0,4.0,6.0,9.0,2.0,4.0,0.0
12265,0.0,0.3351198583841324,1.1217846125364304,0.32131558656692505,1.0,1.0,3.0,2.0,3.0,4.0,6.0,9.0,2.0,4.0,4.0,-0.6702423095703125,-0.2161194235086441,7.0,0.35908374190330505,0.46806398034095764,-14.967752063122635,0.0,0.11900043487548828,1.4808683544397354,0.7893795669078827,2.0,2.0,4.0,3.0,1.0,5.0,7.0,1.0,3.0,5.0,0.0
12266,0.0,0.11900043487548828,1.4808683544397354,0.7893795669078827,2.0,2.0,4.0,3.0,1.0,5.0,7.0,1.0,3.0,5.0,8.0,-1.1312124729156494,0.4898165762424469,6.0,0.2851022779941559,0.49352356791496277,-18.673295040273448,0.0,0.6088170111179352,1.7659706324338913,1.2829031348228455,3.0,3.0,5.0,4.0,2.0,6.0,1.0,2.0,1.0,6.0,0.0
12267,0.0,0.6088170111179352,1.7659706324338913,1.2829031348228455,3.0,3.0,5.0,4.0,2.0,6.0,1.0,2.0,1.0,6.0,3.0,-0.5452766418457031,0.8442825078964233,0.0,-0.931489109992981,0.1267498880624771,-8.896968101365509,0.0,1.4530995190143585,0.8344815224409103,1.4096530228853226,1.0,4.0,6.0,1.0,3.0,7.0,2.0,3.0,2.0,7.0,0.0
12268,0.0,1.4530995190143585,0.8344815224409103,1.4096530228853226,1.0,4.0,6.0,1.0,3.0,7.0,2.0,3.0,2.0,7.0,9.0,-0.10500827431678772,-1.228774070739746,0.0,0.16328424215316772,-1.1189476251602173,-5.985533476969385,0.0,0.22432544827461243,0.9977657645940781,0.2907053977251053,1.0,5.0,7.0,2.0,4.0,8.0,3.0,4.0,3.0,1.0,0.0
12269,0.0,0.22432544827461243,0.9977657645940781,0.2907053977251053,1.0,5.0,7.0,2.0,4.0,8.0,3.0,4.0,3.0,1.0,0.0,1.3094581365585327,0.6274563670158386,5.0,-0.9407325983047485,-0.2809427082538605,-11.763481388261514,1.3094581365585327,0.851781815290451,0.05703316628932953,0.009762689471244812,1.0,6.0,8.0,3.0,5.0,1.0,4.0,5.0,4.0,2.0,0.0
12270,1.3094581365585327,0.851781815290451,0.05703316628932953,0.009762689471244812,1.0,6.0,8.0,3.0,5.0,1.0,4.0,5.0,4.0,2.0,8.0,-0.3769332766532898,-0.6542421579360962,2.0,0.015153207816183567,0.9750053286552429,-14.723222931190037,0.9325248599052429,0.19753965735435486,0.0721863741055131,0.9847680181264877,2.0,7.0,1.0,4.0,6.0,2.0,5.0,6.0,1.0,3.0,0.0
12271,0.9325248599052429,0.19753965735435486,0.0721863741055131,0.9847680181264877,2.0,7.0,1.0,4.0,6.0,2.0,5.0,6.0,1.0,3.0,4.0,-0.8156179189682007,0.8971865773200989,1.0,-0.15845179557800293,-1.5697442293167114,-16.19988357033989,0.11690694093704224,1.0947262346744537,0.0,0.0,3.0,1.0,2.0,5.0,1.0,3.0,6.0,7.0,2.0,4.0,0.0
12272,0.11690694093704224,1.0947262346744537,0.0,0.0,3.0,1.0,2.0,5.0,1.0,3.0,6.0,7.0,2.0,4.0,4.0,-0.13840033113956451,1.2881380319595337,3.0,1.4771755933761597,0.33736348152160645,-11.913618777093657,0.0,2.3828642666339874,1.4771755933761597,0.33736348152160645,4.0,2.0,3.0,1.0,1.0,4.0,7.0,8.0,3.0,5.0,0.0
12273,0.0,2.3828642666339874,1.4771755933761597,0.33736348152160645,4.0,2.0,3.0,1.0,1.0,4.0,7.0,8.0,3.0,5.0,4.0,-0.7777189612388611,-0.5112274885177612,8.0,-0.09345051646232605,0.6682546734809875,-17.36063215760663,0.0,1.8716367781162262,1.3837250769138336,1.005618155002594,5.0,3.0,4.0,2.0,1.0,5.0,8.0,9.0,1.0,6.0,0.0
12274,0.0,1.8716367781162262,1.3837250769138336,1.005618155002594,5.0,3.0,4.0,2.0,1.0,5.0,8.0,9.0,1.0,6.0,0.0,0.47768038511276245,-0.24298782646656036,6.0,-1.3698632717132568,-0.2819616198539734,-11.729241852419808,0.47768038511276245,1.6286489516496658,0.013861805200576782,0.7236565351486206,1.0,4.0,5.0,3.0,2.0,6.0,1.0,10.0,2.0,7.0,0.0
12275,0.47768038511276245,1.6286489516496658,0.013861805200576782,0.7236565351486206,1.0,4.0,5.0,3.0,2.0,6.0,1.0,10.0,2.0,7.0,9.0,0.08581525087356567,0.415561705827713,7.0,0.5627622008323669,-0.08583232760429382,-6.645788108949419,0.5634956359863281,2.044210657477379,0.5766240060329437,0.6378242075443268,2.0,5.0,6.0,4.0,3.0,7.0,2.0,1.0,3.0,1.0,0.0
12276,0.5634956359863281,2.044210657477379,0.5766240060329437,0.6378242075443268,2.0,5.0,6.0,4.0,3.0,7.0,2.0,1.0,3.0,1.0,0.0,1.0745737552642822,-0.41403883695602417,0.0,0.25883567333221436,0.34646645188331604,-4.8837817722373265,1.6380693912506104,1.6301718205213547,0.8354596793651581,0.9842906594276428,1.0,6.0,7.0,5.0,4.0,8.0,3.0,2.0,4.0,2.0,0.0
12277,1.6380693912506104,1.6301718205213547,0.8354596793651581,0.9842906594276428,1.0,6.0,7.0,5.0,4.0,8.0,3.0,2.0,4.0,2.0,8.0,0.9942708611488342,-0.6105100512504578,5.0,0.523775041103363,-1.217705249786377,-14.610897881703087,2.6323402523994446,1.019661769270897,1.3592347204685211,0.0,2.0,7.0,8.0,6.0,5.0,1.0,4.0,3.0,1.0,3.0,0.0
12278,2.6323402523994446,1.019661769270897,1.3592347204685211,0.0,2.0,7.0,8.0,6.0,5.0,1.0,4.0,3.0,1.0,3.0,4.0,0.13328832387924194,0.5335816144943237,4.0,-1.154821515083313,-0.45709776878356934,-15.660788117515379,2.7656285762786865,1.5532433837652206,0.20441320538520813,0.0,3.0,8.0,9.0,7.0,1.0,2.0,5.0,4.0,2.0,4.0,0.0
12279,2.7656285762786865,1.5532433837652206,0.20441320538520813,0.0,3.0,8.0,9.0,7.0,1.0,2.0,5.0,4.0,2.0,4.0,8.0,0.5630720853805542,0.023400848731398582,1.0,-0.7784459590911865,-0.7701084613800049,-16.493529025169735,3.3287006616592407,1.5766442324966192,0.0,0.0,4.0,1.0,10.0,8.0,2.0,3.0,6.0,5.0,1.0,5.0,0.0
12280,3.3287006616592407,1.5766442324966192,0.0,0.0,4.0,1.0,10.0,8.0,2.0,3.0,6.0,5.0,1.0,5.0,0.0,1.4090555906295776,-0.07590124756097794,2.0,-1.1054389476776123,-0.1455366313457489,-17.135799826986013,4.737756252288818,1.5007429849356413,0.0,0.0,1.0,2.0,1.0,9.0,3.0,4.0,7.0,6.0,2.0,6.0,0.0
12281,4.737756252288818,1.5007429849356413,0.0,0.0,1.0,2.0,1.0,9.0,3.0,4.0,7.0,6.0,2.0,6.0,3.0,-1.3365916013717651,-0.5279785394668579,3.0,-0.8548327088356018,-0.32162460684776306,-15.088035591780592,3.4011646509170532,0.9727644454687834,0.0,0.0,2.0,3.0,2.0,1.0,4.0,5.0,8.0,7.0,3.0,7.0,0.0
12282,3.4011646509170532,0.9727644454687834,0.0,0.0,2.0,3.0,2.0,1.0,4.0,5.0,8.0,7.0,3.0,7.0,9.0,-1.7461791038513184,-1.2824469804763794,8.0,-0.7424970269203186,-0.14092053472995758,-16.03438434407051,1.6549855470657349,0.0,0.0,0.0,3.0,4.0,3.0,2.0,5.0,6.0,9.0,8.0,1.0,1.0,0.0
12283,1.6549855470657349,0.0,0.0,0.0,3.0,4.0,3.0,2.0,5.0,6.0,9.0,8.0,1.0,1.0,4.0,-0.4020746350288391,0.32743918895721436,0.0,-0.029837453737854958,-0.6978923082351685,-13.636092598346732,1.2529109120368958,0.32743918895721436,0.0,0.0,1.0,5.0,4.0,3.0,1.0,7.0,10.0,9.0,2.0,2.0,0.0
12284,1.2529109120368958,0.32743918895721436,0.0,0.0,1.0,5.0,4.0,3.0,1.0,7.0,10.0,9.0,2.0,2.0,1.0,-1.5092982053756714,-1.1177935600280762,6.0,0.7970127463340759,1.4467524290084839,-18.376846047683152,0.0,0.0,0.7970127463340759,1.4467524290084839,2.0,1.0,5.0,4.0,2.0,8.0,1.0,10.0,3.0,3.0,0.0
12285,0.0,0.0,0.7970127463340759,1.4467524290084839,2.0,1.0,5.0,4.0,2.0,8.0,1.0,10.0,3.0,3.0,8.0,-0.21093866229057312,0.17919625341892242,5.0,-1.5162216424942017,-1.0761427879333496,-21.2595830430763,0.0,0.17919625341892242,0.0,0.3706096410751343,3.0,2.0,6.0,5.0,3.0,1.0,2.0,11.0,1.0,4.0,0.0
12286,0.0,0.17919625341892242,0.0,0.3706096410751343,3.0,2.0,6.0,5.0,3.0,1.0,2.0,11.0,1.0,4.0,0.0,0.27129945158958435,0.15052440762519836,2.0,0.1445828378200531,0.8997300267219543,-10.41276638124208,0.27129945158958435,0.3297206610441208,0.1445828378200531,1.2703396677970886,1.0,3.0,1.0,6.0,4.0,2.0,3.0,12.0,2.0,5.0,0.0
12287,0.27129945158958435,0.3297206610441208,0.1445828378200531,1.2703396677970886,1.0,3.0,1.0,6.0,4.0,2.0,3.0,12.0,2.0,5.0,3.0,0.8973715305328369,0.33047670125961304,5.0,0.25708824396133423,0.8052768707275391,-12.64566883497672,1.1686709821224213,0.6601973623037338,0.40167108178138733,2.0756165385246277,2.0,4.0,2.0,1.0,5.0,1.0,4.0,13.0,3.0,6.0,0.0
12288,1.1686709821224213,0.6601973623037338,0.40167108178138733,2.0756165385246277,2.0,4.0,2.0,1.0,5.0,1.0,4.0,13.0,3.0,6.0,9.0,0.10366029292345047,1.3979921340942383,8.0,-0.6864523887634277,0.401188462972641,-9.159973112393107,1.2723312750458717,2.058189496397972,0.0,2.4768050014972687,3.0,5.0,3.0,2.0,6.0,2.0,5.0,14.0,1.0,1.0,0.0
12289,1.2723312750458717,2.058189496397972,0.0,2.4768050014972687,3.0,5.0,3.0,2.0,6.0,2.0,5.0,14.0,1.0,1.0,7.0,0.3590250015258789,-0.5348113775253296,8.0,-1.5326802730560303,-0.607509195804596,-17.073790936850763,1.6313562765717506,1.5233781188726425,0.0,1.8692958056926727,4.0,6.0,4.0,3.0,7.0,3.0,6.0,1.0,1.0,2.0,0.0
12290,1.6313562765717506,1.5233781188726425,0.0,1.8692958056926727,4.0,6.0,4.0,3.0,7.0,3.0,6.0,1.0,1.0,2.0,4.0,-0.9262437224388123,0.25398409366607666,1.0,-1.4195047616958618,-1.4676265716552734,-19.174337141357736,0.7051125541329384,1.7773622125387192,0.0,0.4016692340373993,5.0,1.0,5.0,4.0,1.0,4.0,7.0,2.0,2.0,3.0,0.0
12291,0.7051125541329384,1.7773622125387192,0.0,0.4016692340373993,5.0,1.0,5.0,4.0,1.0,4.0,7.0,2.0,2.0,3.0,4.0,-1.5990121364593506,-1.189178705215454,3.0,-0.7066633105278015,-0.27158913016319275,-21.147789793499875,0.0,0.5881835073232651,0.0,0.13008010387420654,6.0,2.0,6.0,1.0,1.0,5.0,8.0,3.0,3.0,4.0,0.0
12292,0.0,0.5881835073232651,0.0,0.13008010387420654,6.0,2.0,6.0,1.0,1.0,5.0,8.0,3.0,3.0,4.0,0.0,-0.7057300209999084,-0.11058912426233292,2.0,-1.748577356338501,-0.7081666588783264,-24.44233047504659,0.0,0.47759438306093216,0.0,0.0,1.0,3.0,1.0,2.0,2.0,6.0,9.0,4.0,4.0,5.0,0.0
12293,0.0,0.47759438306093216,0.0,0.0,1.0,3.0,1.0,2.0,2.0,6.0,9.0,4.0,4.0,5.0,3.0,0.003599894931539893,-0.276945561170578,8.0,0.12284156680107117,0.06867390125989914,-12.85219927407667,0.003599894931539893,0.20064882189035416,0.12284156680107117,0.06867390125989914,2.0,4.0,2.0,1.0,3.0,7.0,10.0,5.0,1.0,6.0,0.0
12294,0.003599894931539893,0.20064882189035416,0.12284156680107117,0.06867390125989914,2.0,4.0,2.0,1.0,3.0,7.0,10.0,5.0,1.0,6.0,9.0,-0.7865139842033386,0.12929119169712067,6.0,0.5507521033287048,-0.6025682687759399,-17.391104133842813,0.0,0.3299400135874748,0.673593670129776,0.0,3.0,5.0,3.0,2.0,4.0,8.0,1.0,6.0,2.0,1.0,0.0
12295,0.0,0.3299400135874748,0.673593670129776,0.0,3.0,5.0,3.0,2.0,4.0,8.0,1.0,6.0,2.0,1.0,3.0,0.14170193672180176,-0.6734007000923157,5.0,-0.8548833727836609,-0.10868696868419647,-17.297513962389804,0.14170193672180176,0.0,0.0,0.0,4.0,6.0,4.0,1.0,5.0,1.0,2.0,7.0,3.0,2.0,0.0
12296,0.14170193672180176,0.0,0.0,0.0,4.0,6.0,4.0,1.0,5.0,1.0,2.0,7.0,3.0,2.0,3.0,-0.3499827980995178,-0.3067336976528168,8.0,-0.2919487953186035,0.4334695637226105,-16.030471144159787,0.0,0.0,0.0,0.4334695637226105,5.0,7.0,5.0,1.0,6.0,2.0,3.0,8.0,1.0,3.0,0.0
12297,0.0,0.0,0.0,0.4334695637226105,5.0,7.0,5.0,1.0,6.0,2.0,3.0,8.0,1.0,3.0,4.0,-0.8985533118247986,-0.44144362211227417,4.0,-0.2206447720527649,-0.4135952889919281,-23.342275004659903,0.0,0.0,0.0,0.019874274730682373,6.0,8.0,6.0,2.0,1.0,3.0,4.0,9.0,2.0,4.0,0.0
12298,0.0,0.0,0.0,0.019874274730682373,6.0,8.0,6.0,2.0,1.0,3.0,4.0,9.0,2.0,4.0,0.0,-0.6685713529586792,0.7565476894378662,7.0,0.9543524384498596,-0.6983492970466614,-14.091518813036348,0.0,0.7565476894378662,0.9543524384498596,0.0,1.0,9.0,7.0,3.0,2.0,4.0,5.0,1.0,3.0,5.0,0.0
12299,0.0,0.7565476894378662,0.9543524384498596,0.0,1.0,9.0,7.0,3.0,2.0,4.0,5.0,1.0,3.0,5.0,8.0,-0.53716641664505,-0.26112255454063416,1.0,0.8161845803260803,-0.7091836929321289,-17.833005336629622,0.0,0.49542513489723206,1.77053701877594,0.0,2.0,1.0,8.0,4.0,3.0,5.0,6.0,2.0,1.0,6.0,1.0
12300,9.032727241516113,3.831758499145508,9.431242942810059,6.173823356628418,1.0,1.0,1.0,1.0,1.0,1.0,1.0,1.0,1.0,1.0,8.0,-1.8957418203353882,-0.9416592121124268,4.0,-1.9939939975738525,-1.996906042098999,-4.4174280311534275,7.136985421180725,2.890099287033081,7.437248945236206,4.176917314529419,2.0,2.0,2.0,2.0,1.0,2.0,2.0,2.0,1.0,2.0,0.0
12301,7.136985421180725,2.890099287033081,7.437248945236206,4.176917314529419,2.0,2.0,2.0,2.0,1.0,2.0,2.0,2.0,1.0,2.0,8.0,-1.2251867055892944,-0.5950245261192322,4.0,-1.7254360914230347,-1.9667112827301025,-5.988825816436258,5.911798715591431,2.295074760913849,5.711812853813171,2.2102060317993164,3.0,3.0,3.0,3.0,1.0,3.0,3.0,3.0,1.0,3.0,0.0
12302,5.911798715591431,2.295074760913849,5.711812853813171,2.2102060317993164,3.0,3.0,3.0,3.0,1.0,3.0,3.0,3.0,1.0,3.0,8.0,-1.6817667484283447,0.9974513649940491,4.0,-1.7012276649475098,-1.2311300039291382,-157.12771872261948,4.230031967163086,3.292526125907898,4.010585188865662,0.9790760278701782,4.0,4.0,4.0,4.0,1.0,4.0,4.0,4.0,1.0,4.0,0.0
12303,4.230031967163086,3.292526125907898,4.010585188865662,0.9790760278701782,4.0,4.0,4.0,4.0,1.0,4.0,4.0,4.0,1.0,4.0,8.0,-1.4217437505722046,-0.8000966906547546,3.0,-1.8621922731399536,-0.7094935178756714,-9.219045745132524,2.8082882165908813,2.4924294352531433,2.148392915725708,0.26958250999450684,5.0,5.0,5.0,1.0,2.0,5.0,5.0,5.0,1.0,5.0,0.0
12304,2.8082882165908813,2.4924294352531433,2.148392915725708,0.26958250999450684,5.0,5.0,5.0,1.0,2.0,5.0,5.0,5.0,1.0,5.0,0.0,-0.6058670282363892,-0.2048465609550476,6.0,-0.5675466060638428,-1.473146915435791,-15.107951605686315,2.202421188354492,2.2875828742980957,1.5808463096618652,0.0,1.0,6.0,6.0,2.0,3.0,6.0,1.0,6.0,2.0,6.0,0.0
12305,2.202421188354492,2.2875828742980957,1.5808463096618652,0.0,1.0,6.0,6.0,2.0,3.0,6.0,1.0,6.0,2.0,6.0,9.0,0.9334843158721924,-1.084995150566101,2.0,-1.351260781288147,-0.19615525007247925,-11.962146487267686,3.1359055042266846,1.2025877237319946,0.22958552837371826,0.0,2.0,7.0,1.0,3.0,4.0,7.0,2.0,7.0,3.0,1.0,0.0
12306,3.1359055042266846,1.2025877237319946,0.22958552837371826,0.0,2.0,7.0,1.0,3.0,4.0,7.0,2.0,7.0,3.0,1.0,8.0,-0.0674227625131607,0.17087316513061523,1.0,-1.2637906074523926,-1.1941845417022705,-19.01187002224468,3.068482741713524,1.3734608888626099,0.0,0.0,3.0,1.0,2.0,4.0,5.0,8.0,3.0,8.0,1.0,2.0,0.0
12307,3.068482741713524,1.3734608888626099,0.0,0.0,3.0,1.0,2.0,4.0,5.0,8.0,3.0,8.0,1.0,2.0,9.0,0.4186716079711914,-0.22493891417980194,0.0,-0.6466084718704224,-0.45510223507881165,-9.52160894209256,3.4871543496847153,1.148521974682808,0.0,0.0,1.0,2.0,3.0,5.0,6.0,9.0,4.0,9.0,2.0,1.0,0.0
12308,3.4871543496847153,1.148521974682808,0.0,0.0,1.0,2.0,3.0,5.0,6.0,9.0,4.0,9.0,2.0,1.0,1.0,-0.7276796102523804,-0.3388213515281677,3.0,-0.32914185523986816,-1.0014828443527222,-14.89282647068383,2.759474739432335,0.8097006231546402,0.0,0.0,2.0,1.0,4.0,1.0,7.0,10.0,5.0,10.0,3.0,2.0,0.0
12309,2.759474739432335,0.8097006231546402,0.0,0.0,2.0,1.0,4.0,1.0,7.0,10.0,5.0,10.0,3.0,2.0,5.0,1.2367331981658936,-0.2967020571231842,8.0,0.6308650374412537,0.35130417346954346,-12.327599160013346,3.9962079375982285,0.512998566031456,0.6308650374412537,0.35130417346954346,3.0,2.0,5.0,2.0,8.0,1.0,6.0,11.0,1.0,3.0,0.0
12310,3.9962079375982285,0.512998566031456,0.6308650374412537,0.35130417346954346,3.0,2.0,5.0,2.0,8.0,1.0,6.0,11.0,1.0,3.0,4.0,-1.203121542930603,1.059227466583252,2.0,-1.073032021522522,0.6570630669593811,-14.950045742252568,2.7930863946676254,1.572226032614708,0.0,1.0083672404289246,4.0,3.0,1.0,3.0,1.0,2.0,7.0,12.0,2.0,4.0,0.0
12311,2.7930863946676254,1.572226032614708,0.0,1.0083672404289246,4.0,3.0,1.0,3.0,1.0,2.0,7.0,12.0,2.0,4.0,4.0,-1.6772857904434204,0.5238699316978455,7.0,0.25747841596603394,0.24659642577171326,-10.592417564808166,1.115800604224205,2.0960959643125534,0.25747841596603394,1.2549636662006378,5.0,4.0,2.0,4.0,1.0,3.0,8.0,1.0,3.0,5.0,0.0
12312,1.115800604224205,2.0960959643125534,0.25747841596603394,1.2549636662006378,5.0,4.0,2.0,4.0,1.0,3.0,8.0,1.0,3.0,5.0,9.0,-0.25557494163513184,0.7208864688873291,6.0,0.38387197256088257,-0.8261477947235107,-9.77313166550611,0.8602256625890732,2.8169824331998825,0.6413503885269165,0.4288158714771271,6.0,5.0,3.0,5.0,2.0,4.0,1.0,2.0,4.0,1.0,0.0
12313,0.8602256625890732,2.8169824331998825,0.6413503885269165,0.4288158714771271,6.0,5.0,3.0,5.0,2.0,4.0,1.0,2.0,4.0,1.0,9.0,-0.47860410809516907,-0.7098906636238098,0.0,1.1918354034423828,0.43742671608924866,-4.3012135055170875,0.3816215544939041,2.1070917695760727,1.8331857919692993,0.8662425875663757,1.0,6.0,4.0,6.0,3.0,5.0,2.0,3.0,5.0,1.0,0.0
12314,0.3816215544939041,2.1070917695760727,1.8331857919692993,0.8662425875663757,1.0,6.0,4.0,6.0,3.0,5.0,2.0,3.0,5.0,1.0,3.0,0.28201720118522644,1.3664137125015259,1.0,1.182212233543396,-1.3550586700439453,-8.432569628168574,0.6636387556791306,3.4735054820775986,3.0153980255126953,0.0,2.0,1.0,5.0,1.0,4.0,6.0,3.0,4.0,6.0,2.0,0.0
12315,0.6636387556791306,3.4735054820775986,3.0153980255126953,0.0,2.0,1.0,5.0,1.0,4.0,6.0,3.0,4.0,6.0,2.0,3.0,0.8318210244178772,0.2555292546749115,8.0,-0.3572208285331726,-1.551470398902893,-16.725353836700055,1.4954597800970078,3.72903473675251,2.6581771969795227,0.0,3.0,2.0,6.0,1.0,5.0,7.0,4.0,5.0,1.0,3.0,0.0
12316,1.4954597800970078,3.72903473675251,2.6581771969795227,0.0,3.0,2.0,6.0,1.0,5.0,7.0,4.0,5.0,1.0,3.0,4.0,1.596218228340149,-0.7178175449371338,0.0,-1.0602892637252808,-0.908571183681488,-160.73720297016092,3.0916780084371567,3.0112171918153763,1.597887933254242,0.0,1.0,3.0,7.0,2.0,1.0,8.0,5.0,6.0,2.0,4.0,0.0
12317,3.0916780084371567,3.0112171918153763,1.597887933254242,0.0,1.0,3.0,7.0,2.0,1.0,8.0,5.0,6.0,2.0,4.0,0.0,-1.5367869138717651,-0.9409310817718506,5.0,-1.6894468069076538,0.15979832410812378,-12.214856033353627,1.5548910945653915,2.0702861100435257,0.0,0.15979832410812378,1.0,4.0,8.0,3.0,2.0,1.0,6.0,7.0,3.0,5.0,0.0
12318,1.5548910945653915,2.0702861100435257,0.0,0.15979832410812378,1.0,4.0,8.0,3.0,2.0,1.0,6.0,7.0,3.0,5.0,9.0,-0.23203574120998383,-1.001747488975525,7.0,-0.0574505552649498,-0.6829001307487488,-10.334617241510122,1.3228553533554077,1.0685386210680008,0.0,0.0,2.0,5.0,9.0,4.0,3.0,2.0,7.0,1.0,4.0,1.0,0.0
12319,1.3228553533554077,1.0685386210680008,0.0,0.0,2.0,5.0,9.0,4.0,3.0,2.0,7.0,1.0,4.0,1.0,8.0,-1.0756198167800903,-1.3015687465667725,2.0,0.33578935265541077,-1.0369564294815063,-22.198064661666805,0.24723553657531738,0.0,0.33578935265541077,0.0,3.0,6.0,1.0,5.0,4.0,3.0,8.0,2.0,1.0,2.0,0.0
12320,0.24723553657531738,0.0,0.33578935265541077,0.0,3.0,6.0,1.0,5.0,4.0,3.0,8.0,2.0,1.0,2.0,4.0,-0.8262974619865417,1.0257326364517212,6.0,1.148026943206787,-1.6015348434448242,-24.999044019077573,0.0,1.0257326364517212,1.4838162958621979,0.0,4.0,7.0,2.0,6.0,1.0,4.0,1.0,3.0,2.0,3.0,0.0
12321,0.0,1.0257326364517212,1.4838162958621979,0.0,4.0,7.0,2.0,6.0,1.0,4.0,1.0,3.0,2.0,3.0,3.0,0.09120694547891617,0.9370917081832886,1.0,0.06734097748994827,-1.635941505432129,-15.779468524418387,0.09120694547891617,1.9628243446350098,1.5511572733521461,0.0,5.0,1.0,3.0,1.0,2.0,5.0,2.0,4.0,3.0,4.0,0.0
12322,0.09120694547891617,1.9628243446350098,1.5511572733521461,0.0,5.0,1.0,3.0,1.0,2.0,5.0,2.0,4.0,3.0,4.0,9.0,-0.9282956719398499,0.047928884625434875,7.0,-1.2898313999176025,-0.009238832630217075,-11.240736757850186,0.0,2.0107532292604446,0.2613258734345436,0.0,6.0,2.0,4.0,2.0,3.0,6.0,3.0,1.0,4.0,1.0,0.0
12323,0.0,2.0107532292604446,0.2613258734345436,0.0,6.0,2.0,4.0,2.0,3.0,6.0,3.0,1.0,4.0,1.0,9.0,-0.9359375238418579,-0.9172577261924744,0.0,-1.406132459640503,-0.675612211227417,-16.619122990136333,0.0,1.0934955030679703,0.0,0.0,1.0,3.0,5.0,3.0,4.0,7.0,4.0,2.0,5.0,1.0,0.0
12324,0.0,1.0934955030679703,0.0,0.0,1.0,3.0,5.0,3.0,4.0,7.0,4.0,2.0,5.0,1.0,9.0,-0.05180344358086586,-0.7088488340377808,8.0,0.04010080173611641,0.0005545467138290405,-10.902490370914965,0.0,0.3846466690301895,0.04010080173611641,0.0005545467138290405,2.0,4.0,6.0,4.0,5.0,8.0,5.0,3.0,1.0,1.0,0.0
12325,0.0,0.3846466690301895,0.04010080173611641,0.0005545467138290405,2.0,4.0,6.0,4.0,5.0,8.0,5.0,3.0,1.0,1.0,0.0,0.6453925967216492,-1.129217505455017,5.0,1.6709351539611816,-1.232959270477295,-20.053403984368096,0.6453925967216492,0.0,1.711035955697298,0.0,1.0,5.0,7.0,5.0,6.0,1.0,6.0,4.0,2.0,2.0,0.0
12326,0.6453925967216492,0.0,1.711035955697298,0.0,1.0,5.0,7.0,5.0,6.0,1.0,6.0,4.0,2.0,2.0,5.0,1.2482506036758423,0.013616500422358513,2.0,0.18370652198791504,-0.9021595120429993,-19.516316034904726,1.8936432003974915,0.013616500422358513,1.894742477685213,0.0,2.0,6.0,1.0,6.0,7.0,1.0,7.0,5.0,3.0,3.0,0.0
12327,1.8936432003974915,0.013616500422358513,1.894742477685213,0.0,2.0,6.0,1.0,6.0,7.0,1.0,7.0,5.0,3.0,3.0,4.0,-0.4297761619091034,0.1654481291770935,1.0,-0.07591252774000168,-0.47254282236099243,-13.507454371626295,1.463867038488388,0.17906462959945202,1.8188299499452114,0.0,3.0,1.0,2.0,7.0,1.0,2.0,8.0,6.0,4.0,4.0,0.0
12328,1.463867038488388,0.17906462959945202,1.8188299499452114,0.0,3.0,1.0,2.0,7.0,1.0,2.0,8.0,6.0,4.0,4.0,3.0,-0.3533334732055664,0.9087108373641968,3.0,-0.3413773775100708,-0.43099191784858704,-11.973091948601356,1.1105335652828217,1.0877754669636488,1.4774525724351406,0.0,4.0,2.0,3.0,1.0,2.0,3.0,9.0,7.0,5.0,5.0,0.0
12329,1.1105335652828217,1.0877754669636488,1.4774525724351406,0.0,4.0,2.0,3.0,1.0,2.0,3.0,9.0,7.0,5.0,5.0,0.0,-0.13506560027599335,0.6528466939926147,8.0,-1.088991403579712,0.49748536944389343,-9.488216597043255,0.9754679650068283,1.7406221609562635,0.3884611688554287,0.49748536944389343,1.0,3.0,4.0,2.0,3.0,4.0,10.0,8.0,1.0,6.0,0.0
12330,0.9754679650068283,1.7406221609562635,0.3884611688554287,0.49748536944389343,1.0,3.0,4.0,2.0,3.0,4.0,10.0,8.0,1.0,6.0,4.0,0.46139025688171387,-0.41123151779174805,1.0,-0.6493045091629028,0.5975245833396912,-13.902918720155181,1.4368582218885422,1.3293906431645155,0.0,1.0950099527835846,2.0,1.0,5.0,3.0,1.0,5.0,11.0,9.0,2.0,7.0,0.0
12331,1.4368582218885422,1.3293906431645155,0.0,1.0950099527835846,2.0,1.0,5.0,3.0,1.0,5.0,11.0,9.0,2.0,7.0,4.0,-1.1430909633636475,0.5951842069625854,6.0,-0.009201249107718468,1.1091934442520142,-16.465336785399913,0.2937672585248947,1.924574850127101,0.0,2.2042033970355988,3.0,2.0,6.0,4.0,1.0,6.0,1.0,10.0,3.0,8.0,0.0
12332,0.2937672585248947,1.924574850127101,0.0,2.2042033970355988,3.0,2.0,6.0,4.0,1.0,6.0,1.0,10.0,3.0,8.0,9.0,0.6386274695396423,0.9022756218910217,8.0,-0.8942238688468933,-1.6232497692108154,-14.069063499700686,0.932394728064537,2.8268504720181227,0.0,0.5809536278247833,4.0,3.0,7.0,5.0,2.0,7.0,2.0,11.0,1.0,1.0,0.0
12333,0.932394728064537,2.8268504720181227,0.0,0.5809536278247833,4.0,3.0,7.0,5.0,2.0,7.0,2.0,11.0,1.0,1.0,0.0,0.2425795942544937,0.5037269592285156,5.0,-1.4460397958755493,-0.457389771938324,-19.54532952845685,1.1749743223190308,3.3305774312466383,0.0,0.12356385588645935,1.0,4.0,8.0,6.0,3.0,1.0,3.0,12.0,2.0,2.0,0.0
12334,1.1749743223190308,3.3305774312466383,0.0,0.12356385588645935,1.0,4.0,8.0,6.0,3.0,1.0,3.0,12.0,2.0,2.0,3.0,-1.4146701097488403,-0.03259486332535744,2.0,-1.1652628183364868,-0.22082264721393585,-18.944028058200598,0.0,3.297982567921281,0.0,0.0,2.0,5.0,1.0,1.0,4.0,2.0,4.0,13.0,3.0,3.0,0.0
12335,0.0,3.297982567921281,0.0,0.0,2.0,5.0,1.0,1.0,4.0,2.0,4.0,13.0,3.0,3.0,4.0,-1.367702603340149,-1.8714793920516968,8.0,1.3564871549606323,-0.3540708124637604,-23.113865156851315,0.0,1.426503175869584,1.3564871549606323,0.0,3.0,6.0,2.0,2.0,1.0,3.0,5.0,14.0,1.0,4.0,0.0
12336,0.0,1.426503175869584,1.3564871549606323,0.0,3.0,6.0,2.0,2.0,1.0,3.0,5.0,14.0,1.0,4.0,3.0,1.458432674407959,-0.3239768445491791,8.0,-0.882043719291687,-0.6459412574768066,-15.781444737108828,1.458432674407959,1.102526331320405,0.4744434356689453,0.0,4.0,7.0,3.0,1.0,2.0,4.0,6.0,15.0,1.0,5.0,0.0
12337,1.458432674407959,1.102526331320405,0.4744434356689453,0.0,4.0,7.0,3.0,1.0,2.0,4.0,6.0,15.0,1.0,5.0,7.0,-1.3062129020690918,-0.7498482465744019,2.0,0.3868616819381714,1.1163520812988281,-12.457228752367588,0.1522197723388672,0.35267808474600315,0.8613051176071167,1.1163520812988281,5.0,8.0,1.0,2.0,3.0,5.0,7.0,1.0,2.0,6.0,0.0
12338,0.1522197723388672,0.35267808474600315,0.8613051176071167,1.1163520812988281,5.0,8.0,1.0,2.0,3.0,5.0,7.0,1.0,2.0,6.0,9.0,-0.07134514302015305,0.5990186333656311,1.0,-1.0054419040679932,-1.7742645740509033,-12.183154530781195,0.08087462931871414,0.9516967181116343,0.0,0.0,6.0,1.0,2.0,3.0,4.0,6.0,8.0,2.0,3.0,1.0,0.0
12339,0.08087462931871414,0.9516967181116343,0.0,0.0,6.0,1.0,2.0,3.0,4.0,6.0,8.0,2.0,3.0,1.0,0.0,0.6641700267791748,-0.4401502013206482,0.0,-0.20916390419006348,0.8347352743148804,-6.402413702069692,0.745044656097889,0.5115465167909861,0.0,0.8347352743148804,1.0,2.0,3.0,4.0,5.0,7.0,9.0,3.0,4.0,2.0,0.0
12340,0.745044656097889,0.5115465167909861,0.0,0.8347352743148804,1.0,2.0,3.0,4.0,5.0,7.0,9.0,3.0,4.0,2.0,3.0,-0.017635932192206383,-0.9235493540763855,0.0,0.1378215253353119,-1.497010588645935,-14.115784558991608,0.7274087239056826,0.0,0.1378215253353119,0.0,1.0,3.0,4.0,1.0,6.0,8.0,10.0,4.0,5.0,3.0,0.0
12341,0.7274087239056826,0.0,0.1378215253353119,0.0,1.0,3.0,4.0,1.0,6.0,8.0,10.0,4.0,5.0,3.0,4.0,0.058472972363233566,-0.23051899671554565,8.0,-0.3785455822944641,-0.8182365298271179,-21.00268290709846,0.7858816962689161,0.0,0.0,0.0,2.0,4.0,5.0,2.0,1.0,9.0,11.0,5.0,1.0,4.0,0.0
12342,0.7858816962689161,0.0,0.0,0.0,2.0,4.0,5.0,2.0,1.0,9.0,11.0,5.0,1.0,4.0,8.0,-1.4968641996383667,0.04800756275653839,6.0,0.26430878043174744,1.1821022033691406,-20.066821738879476,0.0,0.04800756275653839,0.26430878043174744,1.1821022033691406,3.0,5.0,6.0,3.0,2.0,10.0,1.0,6.0,1.0,5.0,0.0
12343,0.0,0.04800756275653839,0.26430878043174744,1.1821022033691406,3.0,5.0,6.0,3.0,2.0,10.0,1.0,6.0,1.0,5.0,8.0,1.5906970500946045,0.8636495471000671,5.0,0.3548174798488617,-1.3999255895614624,-15.90885288836576,1.5906970500946045,0.9116571098566055,0.6191262602806091,0.0,4.0,6.0,7.0,4.0,3.0,1.0,2.0,7.0,1.0,6.0,0.0
12344,1.5906970500946045,0.9116571098566055,0.6191262602806091,0.0,4.0,6.0,7.0,4.0,3.0,1.0,2.0,7.0,1.0,6.0,9.0,-1.2347537279129028,0.9308122992515564,8.0,-0.7721769213676453,-0.656481146812439,-13.984911591488096,0.35594332218170166,1.842469409108162,0.0,0.0,5.0,7.0,8.0,5.0,4.0,2.0,3.0,8.0,1.0,1.0,0.0
12345,0.35594332218170166,1.842469409108162,0.0,0.0,5.0,7.0,8.0,5.0,4.0,2.0,3.0,8.0,1.0,1.0,4.0,0.14345678687095642,-1.6801732778549194,0.0,-0.9743155837059021,-0.41975387930870056,-16.44322971005095,0.4994001090526581,0.1622961312532425,0.0,0.0,1.0,8.0,9.0,6.0,1.0,3.0,4.0,9.0,2.0,2.0,0.0
12346,0.4994001090526581,0.1622961312532425,0.0,0.0,1.0,8.0,9.0,6.0,1.0,3.0,4.0,9.0,2.0,2.0,1.0,-0.8009963631629944,-1.6495355367660522,7.0,1.3880598545074463,-0.9430848360061646,-22.64258173881753,0.0,0.0,1.3880598545074463,0.0,2.0,1.0,10.0,7.0,2.0,4.0,5.0,1.0,3.0,3.0,0.0
12347,0.0,0.0,1.3880598545074463,0.0,2.0,1.0,10.0,7.0,2.0,4.0,5.0,1.0,3.0,3.0,9.0,0.8050729632377625,-0.6659690141677856,3.0,0.5588908195495605,-0.5968748331069946,-14.53322996239986,0.8050729632377625,0.0,1.9469506740570068,0.0,3.0,2.0,11.0,1.0,3.0,5.0,6.0,2.0,4.0,1.0,0.0
12348,0.8050729632377625,0.0,1.9469506740570068,0.0,3.0,2.0,11.0,1.0,3.0,5.0,6.0,2.0,4.0,1.0,4.0,-0.7904072403907776,0.04850000515580177,2.0,-1.6232417821884155,-1.2209826707839966,-22.65621023405363,0.014665722846984863,0.04850000515580177,0.3237088918685913,0.0,4.0,3.0,1.0,2.0,1.0,6.0,7.0,3.0,5.0,2.0,0.0
12349,0.014665722846984863,0.04850000515580177,0.3237088918685913,0.0,4.0,3.0,1.0,2.0,1.0,6.0,7.0,3.0,5.0,2.0,8.0,0.27526500821113586,0.5290522575378418,8.0,-0.2552393972873688,0.9674163460731506,-13.340777042417352,0.2899307310581207,0.5775522626936436,0.06846949458122253,0.9674163460731506,5.0,4.0,2.0,3.0,2.0,7.0,8.0,4.0,1.0,3.0,0.0
12350,0.2899307310581207,0.5775522626936436,0.06846949458122253,0.9674163460731506,5.0,4.0,2.0,3.0,2.0,7.0,8.0,4.0,1.0,3.0,0.0,-0.9925543665885925,-0.3374711275100708,6.0,-0.5923011302947998,-0.9664550423622131,-17.779525580572,0.0,0.24008113518357277,0.0,0.0009613037109375,1.0,5.0,3.0,4.0,3.0,8.0,1.0,5.0,2.0,4.0,0.0
12351,0.0,0.24008113518357277,0.0,0.0009613037109375,1.0,5.0,3.0,4.0,3.0,8.0,1.0,5.0,2.0,4.0,9.0,1.156103253364563,-0.2220849096775055,5.0,-0.5531999468803406,-1.2669764757156372,-18.829012309569286,1.156103253364563,0.017996225506067276,0.0,0.0,2.0,6.0,4.0,5.0,4.0,1.0,2.0,6.0,3.0,1.0,0.0
12352,1.156103253364563,0.017996225506067276,0.0,0.0,2.0,6.0,4.0,5.0,4.0,1.0,2.0,6.0,3.0,1.0,4.0,-0.6691080331802368,0.35570284724235535,8.0,0.43983688950538635,-0.531550943851471,-17.32475318980866,0.48699522018432617,0.3736990727484226,0.43983688950538635,0.0,3.0,7.0,5.0,6.0,1.0,2.0,3.0,7.0,1.0,2.0,0.0
12353,0.48699522018432617,0.3736990727484226,0.43983688950538635,0.0,3.0,7.0,5.0,6.0,1.0,2.0,3.0,7.0,1.0,2.0,0.0,-0.7881190776824951,1.1385304927825928,0.0,0.49049627780914307,0.3466203808784485,-7.1932007927365635,0.0,1.5122295655310154,0.9303331673145294,0.3466203808784485,1.0,8.0,6.0,7.0,2.0,3.0,4.0,8.0,2.0,3.0,0.0
12354,0.0,1.5122295655310154,0.9303331673145294,0.3466203808784485,1.0,8.0,6.0,7.0,2.0,3.0,4.0,8.0,2.0,3.0,9.0,-0.16800515353679657,0.5625621676445007,1.0,1.4354381561279297,-1.147269368171692,-11.997757350831417,0.0,2.074791733175516,2.365771323442459,0.0,2.0,1.0,7.0,8.0,3.0,4.0,5.0,9.0,3.0,1.0,0.0
12355,0.0,2.074791733175516,2.365771323442459,0.0,2.0,1.0,7.0,8.0,3.0,4.0,5.0,9.0,3.0,1.0,3.0,0.2871446907520294,-0.2524717152118683,3.0,-0.08330303430557251,-1.103559970855713,-15.30977711974396,0.2871446907520294,1.8223200179636478,2.2824682891368866,0.0,3.0,2.0,8.0,1.0,4.0,5.0,6.0,10.0,4.0,2.0,0.0
12356,0.2871446907520294,1.8223200179636478,2.2824682891368866,0.0,3.0,2.0,8.0,1.0,4.0,5.0,6.0,10.0,4.0,2.0,0.0,0.8197561502456665,-0.1852424144744873,8.0,-0.2682041525840759,-0.8208282589912415,-14.003312820085686,1.106900840997696,1.6370776034891605,2.0142641365528107,0.0,1.0,3.0,9.0,2.0,5.0,6.0,7.0,11.0,1.0,3.0,0.0
12357,1.106900840997696,1.6370776034891605,2.0142641365528107,0.0,1.0,3.0,9.0,2.0,5.0,6.0,7.0,11.0,1.0,3.0,0.0,1.7345492839813232,0.02419125847518444,5.0,1.2779934406280518,0.5938615798950195,-8.865398153690444,2.841450124979019,1.661268861964345,3.2922575771808624,0.5938615798950195,1.0,4.0,10.0,3.0,6.0,1.0,8.0,12.0,2.0,4.0,0.0
12358,2.841450124979019,1.661268861964345,3.2922575771808624,0.5938615798950195,1.0,4.0,10.0,3.0,6.0,1.0,8.0,12.0,2.0,4.0,4.0,-0.42291393876075745,1.1710067987442017,2.0,0.1530095338821411,0.7420974969863892,-10.22981183251701,2.4185361862182617,2.8322756607085466,3.4452671110630035,1.3359590768814087,2.0,5.0,1.0,4.0,1.0,2.0,9.0,13.0,3.0,5.0,0.0
12359,2.4185361862182617,2.8322756607085466,3.4452671110630035,1.3359590768814087,2.0,5.0,1.0,4.0,1.0,2.0,9.0,13.0,3.0,5.0,3.0,-0.16743041574954987,-0.3794061541557312,8.0,-0.5170820951461792,1.008229374885559,-8.494867599468858,2.251105770468712,2.4528695065528154,2.9281850159168243,2.3441884517669678,3.0,6.0,2.0,1.0,2.0,3.0,10.0,14.0,1.0,6.0,0.0
12360,2.251105770468712,2.4528695065528154,2.9281850159168243,2.3441884517669678,3.0,6.0,2.0,1.0,2.0,3.0,10.0,14.0,1.0,6.0,3.0,-1.296639084815979,0.330954372882843,10.0,-1.2705334424972534,-0.8528561592102051,-6.847932963737027,0.9544666856527328,2.7838238794356585,1.657651573419571,1.4913322925567627,4.0,7.0,3.0,1.0,3.0,4.0,11.0,15.0,2.0,7.0,0.0
12361,0.9544666856527328,2.7838238794356585,1.657651573419571,1.4913322925567627,4.0,7.0,3.0,1.0,3.0,4.0,11.0,15.0,2.0,7.0,9.0,-0.7253791093826294,0.918485164642334,1.0,0.19803844392299652,-0.19018492102622986,-8.055237689037874,0.22908757627010345,3.7023090440779924,1.8556900173425674,1.3011473715305328,5.0,1.0,4.0,2.0,4.0,5.0,12.0,16.0,3.0,1.0,0.0
12362,0.22908757627010345,3.7023090440779924,1.8556900173425674,1.3011473715305328,5.0,1.0,4.0,2.0,4.0,5.0,12.0,16.0,3.0,1.0,4.0,0.3017001152038574,0.48194578289985657,2.0,-0.2419486790895462,0.04013407975435257,-13.802728427655946,0.5307876914739609,4.184254826977849,1.6137413382530212,1.3412814512848854,6.0,2.0,1.0,3.0,1.0,6.0,13.0,17.0,4.0,2.0,0.0
12363,0.5307876914739609,4.184254826977849,1.6137413382530212,1.3412814512848854,6.0,2.0,1.0,3.0,1.0,6.0,13.0,17.0,4.0,2.0,5.0,-1.2293039560317993,0.45957091450691223,7.0,1.4136453866958618,-0.4680045247077942,-14.392608362120852,0.0,4.643825741484761,3.027386724948883,0.8732769265770912,7.0,3.0,2.0,4.0,2.0,1.0,14.0,1.0,5.0,3.0,0.0
12364,0.0,4.643825741484761,3.027386724948883,0.8732769265770912,7.0,3.0,2.0,4.0,2.0,1.0,14.0,1.0,5.0,3.0,3.0,0.8314392566680908,0.006214360240846872,0.0,-0.21682153642177582,0.4122929871082306,-4.528778837332628,0.8314392566680908,4.650040101725608,2.8105651885271072,1.2855699136853218,1.0,4.0,3.0,1.0,3.0,2.0,15.0,2.0,6.0,4.0,0.0
12365,0.8314392566680908,4.650040101725608,2.8105651885271072,1.2855699136853218,1.0,4.0,3.0,1.0,3.0,2.0,15.0,2.0,6.0,4.0,4.0,1.302004337310791,0.07200369983911514,8.0,-0.8435911536216736,-0.05979195237159729,-9.964158915637361,2.133443593978882,4.722043801564723,1.9669740349054337,1.2257779613137245,2.0,5.0,4.0,2.0,1.0,3.0,16.0,3.0,1.0,5.0,0.0
12366,2.133443593978882,4.722043801564723,1.9669740349054337,1.2257779613137245,2.0,5.0,4.0,2.0,1.0,3.0,16.0,3.0,1.0,5.0,2.0,-1.420835018157959,-1.5022765398025513,0.0,-0.590599536895752,0.8118371963500977,-8.684966788228659,0.7126085758209229,3.219767261762172,1.3763744980096817,2.037615157663822,1.0,6.0,1.0,3.0,2.0,4.0,17.0,4.0,2.0,6.0,0.0
12367,0.7126085758209229,3.219767261762172,1.3763744980096817,2.037615157663822,1.0,6.0,1.0,3.0,2.0,4.0,17.0,4.0,2.0,6.0,4.0,-1.3863813877105713,-0.7074260115623474,6.0,1.3987233638763428,0.6528651118278503,-15.789201132674357,0.0,2.5123412501998246,2.7750978618860245,2.6904802694916725,2.0,7.0,2.0,4.0,1.0,5.0,1.0,5.0,3.0,7.0,0.0
12368,0.0,2.5123412501998246,2.7750978618860245,2.6904802694916725,2.0,7.0,2.0,4.0,1.0,5.0,1.0,5.0,3.0,7.0,9.0,-0.0826774537563324,0.7215539216995239,1.0,-1.0333348512649536,-1.839042067527771,-6.710430005995395,0.0,3.2338951718993485,1.7417630106210709,0.8514382019639015,3.0,1.0,3.0,5.0,2.0,6.0,2.0,6.0,4.0,1.0,0.0
12369,0.0,3.2338951718993485,1.7417630106210709,0.8514382019639015,3.0,1.0,3.0,5.0,2.0,6.0,2.0,6.0,4.0,1.0,3.0,1.734616994857788,-0.6912369728088379,0.0,-0.5318191051483154,-1.4755281209945679,-8.453674668846634,1.734616994857788,2.5426581990905106,1.2099439054727554,0.0,1.0,2.0,4.0,1.0,3.0,7.0,3.0,7.0,5.0,2.0,0.0
12370,1.734616994857788,2.5426581990905106,1.2099439054727554,0.0,1.0,2.0,4.0,1.0,3.0,7.0,3.0,7.0,5.0,2.0,0.0,0.45013123750686646,-1.5487560033798218,8.0,0.5090062022209167,0.5937037467956543,-8.226118740977443,2.1847482323646545,0.9939021957106888,1.7189501076936722,0.5937037467956543,1.0,3.0,5.0,2.0,4.0,8.0,4.0,8.0,1.0,3.0,0.0
12371,2.1847482323646545,0.9939021957106888,1.7189501076936722,0.5937037467956543,1.0,3.0,5.0,2.0,4.0,8.0,4.0,8.0,1.0,3.0,0.0,-0.040913328528404236,-0.9052487015724182,5.0,-0.620123565196991,0.05396459624171257,-10.079493469960465,2.1438349038362503,0.08865349413827062,1.0988265424966812,0.6476683430373669,1.0,4.0,6.0,3.0,5.0,1.0,5.0,9.0,2.0,4.0,0.0
12372,2.1438349038362503,0.08865349413827062,1.0988265424966812,0.6476683430373669,1.0,4.0,6.0,3.0,5.0,1.0,5.0,9.0,2.0,4.0,9.0,-0.5329758524894714,-0.24672673642635345,6.0,-0.811772346496582,0.6381732225418091,-12.388541386073781,1.6108590513467789,0.0,0.2870541960000992,1.285841565579176,2.0,5.0,7.0,4.0,6.0,2.0,1.0,10.0,3.0,1.0,0.0
12373,1.6108590513467789,0.0,0.2870541960000992,1.285841565579176,2.0,5.0,7.0,4.0,6.0,2.0,1.0,10.0,3.0,1.0,1.0,-1.3498488664627075,1.1600635051727295,2.0,-0.29212039709091187,-1.0786492824554443,-14.589458897260714,0.26101018488407135,1.1600635051727295,0.0,0.2071922831237316,3.0,1.0,1.0,5.0,7.0,3.0,2.0,11.0,4.0,2.0,0.0
12374,0.26101018488407135,1.1600635051727295,0.0,0.2071922831237316,3.0,1.0,1.0,5.0,7.0,3.0,2.0,11.0,4.0,2.0,4.0,-0.03097417578101158,0.7557706832885742,5.0,1.577980399131775,1.227402925491333,-13.586796444400857,0.23003600910305977,1.9158341884613037,1.577980399131775,1.4345952086150646,4.0,2.0,2.0,6.0,1.0,1.0,3.0,12.0,5.0,3.0,0.0
12375,0.23003600910305977,1.9158341884613037,1.577980399131775,1.4345952086150646,4.0,2.0,2.0,6.0,1.0,1.0,3.0,12.0,5.0,3.0,3.0,0.20596645772457123,1.3786300420761108,0.0,-0.9164621829986572,-0.2987924814224243,-5.310088435763777,0.436002466827631,3.2944642305374146,0.6615182161331177,1.1358027271926403,1.0,3.0,3.0,1.0,2.0,2.0,4.0,13.0,6.0,4.0,0.0
12376,0.436002466827631,3.2944642305374146,0.6615182161331177,1.1358027271926403,1.0,3.0,3.0,1.0,2.0,2.0,4.0,13.0,6.0,4.0,9.0,-0.9510509371757507,-0.18758614361286163,8.0,-0.6486740708351135,0.2410421222448349,-11.25326179104883,0.0,3.106878086924553,0.01284414529800415,1.3768448494374752,2.0,4.0,4.0,2.0,3.0,3.0,5.0,14.0,1.0,1.0,0.0
12377,0.0,3.106878086924553,0.01284414529800415,1.3768448494374752,2.0,4.0,4.0,2.0,3.0,3.0,5.0,14.0,1.0,1.0,7.0,0.7643160820007324,0.5967326164245605,7.0,1.3142673969268799,-1.2387046813964844,-8.902459761196473,0.7643160820007324,3.7036107033491135,1.327111542224884,0.13814016804099083,3.0,5.0,5.0,3.0,4.0,4.0,6.0,1.0,2.0,2.0,0.0
12378,0.7643160820007324,3.7036107033491135,1.327111542224884,0.13814016804099083,3.0,5.0,5.0,3.0,4.0,4.0,6.0,1.0,2.0,2.0,4.0,0.5791403651237488,-1.442562222480774,1.0,1.3376364707946777,-0.8483325839042664,-12.765782343641282,1.3434564471244812,2.2610484808683395,2.6647480130195618,0.0,4.0,1.0,6.0,4.0,1.0,5.0,7.0,2.0,3.0,3.0,0.0
12379,1.3434564471244812,2.2610484808683395,2.6647480130195618,0.0,4.0,1.0,6.0,4.0,1.0,5.0,7.0,2.0,3.0,3.0,8.0,0.3817591071128845,0.6506568193435669,0.0,-0.8424558639526367,0.3494100272655487,-6.297690783557753,1.7252155542373657,2.9117053002119064,1.822292149066925,0.3494100272655487,1.0,2.0,7.0,5.0,2.0,6.0,8.0,3.0,1.0,4.0,0.0
12380,1.7252155542373657,2.9117053002119064,1.822292149066925,0.3494100272655487,1.0,2.0,7.0,5.0,2.0,6.0,8.0,3.0,1.0,4.0,9.0,1.1480611562728882,-1.4561805725097656,5.0,0.1860065758228302,0.04000482335686684,-9.164142568156546,2.873276710510254,1.4555247277021408,2.0082987248897552,0.38941485062241554,2.0,3.0,8.0,6.0,3.0,1.0,9.0,4.0,2.0,1.0,0.0
12381,2.873276710510254,1.4555247277021408,2.0082987248897552,0.38941485062241554,2.0,3.0,8.0,6.0,3.0,1.0,9.0,4.0,2.0,1.0,4.0,-1.2306315898895264,1.4300711154937744,0.0,0.07343768328428268,-0.1792374849319458,-7.754677521934536,1.6426451206207275,2.8855958431959152,2.081736408174038,0.21017736569046974,1.0,4.0,9.0,7.0,1.0,2.0,10.0,5.0,3.0,2.0,0.0
12382,1.6426451206207275,2.8855958431959152,2.081736408174038,0.21017736569046974,1.0,4.0,9.0,7.0,1.0,2.0,10.0,5.0,3.0,2.0,3.0,0.5694217681884766,-0.6647074222564697,3.0,-0.058699462562799454,-0.7905176281929016,-12.645130577196115,2.212066888809204,2.2208884209394455,2.0230369456112385,0.0,2.0,5.0,10.0,1.0,2.0,3.0,11.0,6.0,4.0,3.0,0.0
12383,2.212066888809204,2.2208884209394455,2.0230369456112385,0.0,2.0,5.0,10.0,1.0,2.0,3.0,11.0,6.0,4.0,3.0,4.0,-0.8208386898040771,-1.2861112356185913,6.0,-1.5041812658309937,-0.8012371063232422,-19.062751944759313,1.391228199005127,0.9347771853208542,0.5188556797802448,0.0,3.0,6.0,11.0,2.0,1.0,4.0,1.0,7.0,5.0,4.0,0.0
12384,1.391228199005127,0.9347771853208542,0.5188556797802448,0.0,3.0,6.0,11.0,2.0,1.0,4.0,1.0,7.0,5.0,4.0,0.0,-0.5443612933158875,-0.28915315866470337,2.0,-1.4115523099899292,0.8301693201065063,-15.258896356973803,0.8468669056892395,0.6456240266561508,0.0,0.8301693201065063,1.0,7.0,1.0,3.0,2.0,5.0,2.0,8.0,6.0,5.0,0.0
12385,0.8468669056892395,0.6456240266561508,0.0,0.8301693201065063,1.0,7.0,1.0,3.0,2.0,5.0,2.0,8.0,6.0,5.0,3.0,-0.33742856979370117,0.6305392384529114,8.0,0.31528037786483765,-0.5924432873725891,-11.528134970755922,0.5094383358955383,1.2761632651090622,0.31528037786483765,0.23772603273391724,2.0,8.0,2.0,1.0,3.0,6.0,3.0,9.0,1.0,6.0,0.0
12386,0.5094383358955383,1.2761632651090622,0.31528037786483765,0.23772603273391724,2.0,8.0,2.0,1.0,3.0,6.0,3.0,9.0,1.0,6.0,9.0,0.34498271346092224,-1.6355561017990112,8.0,0.8469492793083191,0.11437541991472244,-11.843096812410614,0.8544210493564606,0.0,1.1622296571731567,0.3521014526486397,3.0,9.0,3.0,2.0,4.0,7.0,4.0,10.0,1.0,1.0,0.0
12387,0.8544210493564606,0.0,1.1622296571731567,0.3521014526486397,3.0,9.0,3.0,2.0,4.0,7.0,4.0,10.0,1.0,1.0,1.0,1.1714496612548828,0.7440783977508545,8.0,-0.025767866522073746,-0.12350746989250183,-11.444627503872834,2.0258707106113434,0.7440783977508545,1.136461790651083,0.22859398275613785,4.0,1.0,4.0,3.0,5.0,8.0,5.0,11.0,1.0,2.0,0.0
12388,2.0258707106113434,0.7440783977508545,1.136461790651083,0.22859398275613785,4.0,1.0,4.0,3.0,5.0,8.0,5.0,11.0,1.0,2.0,4.0,0.3030267655849457,-0.8297158479690552,9.0,-0.5038356781005859,-0.856721043586731,-13.401445012653316,2.328897476196289,0.0,0.632626112550497,0.0,5.0,2.0,5.0,4.0,1.0,9.0,6.0,12.0,2.0,1.0,0.0
12389,2.328897476196289,0.0,0.632626112550497,0.0,5.0,2.0,5.0,4.0,1.0,9.0,6.0,12.0,2.0,1.0,0.0,1.2310259342193604,-0.09582454711198807,8.0,-0.2989797592163086,-0.27761849761009216,-12.622029128426618,3.5599234104156494,0.0,0.33364635333418846,0.0,1.0,3.0,6.0,5.0,2.0,10.0,7.0,13.0,1.0,2.0,0.0
12390,3.5599234104156494,0.0,0.33364635333418846,0.0,1.0,3.0,6.0,5.0,2.0,10.0,7.0,13.0,1.0,2.0,4.0,-0.10738424956798553,-0.11301431804895401,5.0,-0.6856251955032349,0.4632038176059723,-17.681586361581896,3.452539160847664,0.0,0.0,0.4632038176059723,2.0,4.0,7.0,6.0,1.0,1.0,8.0,14.0,2.0,3.0,0.0
12391,3.452539160847664,0.0,0.0,0.4632038176059723,2.0,4.0,7.0,6.0,1.0,1.0,8.0,14.0,2.0,3.0,7.0,-1.4986995458602905,1.3695056438446045,7.0,-0.3647046685218811,0.6259691715240479,-11.265833030513226,1.9538396149873734,1.3695056438446045,0.0,1.0891729891300201,3.0,5.0,8.0,7.0,2.0,2.0,9.0,1.0,3.0,4.0,0.0
12392,1.9538396149873734,1.3695056438446045,0.0,1.0891729891300201,3.0,5.0,8.0,7.0,2.0,2.0,9.0,1.0,3.0,4.0,8.0,-1.2422499656677246,0.34553271532058716,5.0,-1.1067559719085693,-0.3558458089828491,-21.030658719377705,0.7115896493196487,1.7150383591651917,0.0,0.733327180147171,4.0,6.0,9.0,8.0,3.0,1.0,10.0,2.0,1.0,5.0,0.0
12393,0.7115896493196487,1.7150383591651917,0.0,0.733327180147171,4.0,6.0,9.0,8.0,3.0,1.0,10.0,2.0,1.0,5.0,8.0,-0.24402311444282532,0.39657315611839294,6.0,0.005743368528783321,0.2509435713291168,-15.15818291069617,0.4675665348768234,2.1116115152835846,0.005743368528783321,0.9842707514762878,5.0,7.0,10.0,9.0,4.0,2.0,1.0,3.0,1.0,6.0,0.0
12394,0.4675665348768234,2.1116115152835846,0.005743368528783321,0.9842707514762878,5.0,7.0,10.0,9.0,4.0,2.0,1.0,3.0,1.0,6.0,9.0,0.10005661100149155,-0.570409893989563,2.0,-0.7520003914833069,-1.6347274780273438,-16.830924455540213,0.567623145878315,1.5412016212940216,0.0,0.0,6.0,8.0,1.0,10.0,5.0,3.0,2.0,4.0,2.0,1.0,0.0
12395,0.567623145878315,1.5412016212940216,0.0,0.0,6.0,8.0,1.0,10.0,5.0,3.0,2.0,4.0,2.0,1.0,8.0,0.570898175239563,-0.1505640596151352,1.0,1.3057955503463745,-0.07942663133144379,-11.276574037543597,1.138521321117878,1.3906375616788864,1.3057955503463745,0.0,7.0,1.0,2.0,11.0,6.0,4.0,3.0,5.0,1.0,2.0,0.0
12396,1.138521321117878,1.3906375616788864,1.3057955503463745,0.0,7.0,1.0,2.0,11.0,6.0,4.0,3.0,5.0,1.0,2.0,3.0,-0.14863762259483337,1.3396252393722534,3.0,0.042357586324214935,0.2544134855270386,-8.388817636390169,0.9898836985230446,2.73026280105114,1.3481531366705894,0.2544134855270386,8.0,2.0,3.0,1.0,7.0,5.0,4.0,6.0,2.0,3.0,0.0
12397,0.9898836985230446,2.73026280105114,1.3481531366705894,0.2544134855270386,8.0,2.0,3.0,1.0,7.0,5.0,4.0,6.0,2.0,3.0,4.0,-0.2866475582122803,0.1453666388988495,0.0,-1.5309866666793823,-0.9770798683166504,-12.283998466936007,0.7032361403107643,2.8756294399499893,0.0,0.0,1.0,3.0,4.0,2.0,1.0,6.0,5.0,7.0,3.0,4.0,0.0
12398,0.7032361403107643,2.8756294399499893,0.0,0.0,1.0,3.0,4.0,2.0,1.0,6.0,5.0,7.0,3.0,4.0,9.0,-1.1046218872070312,-1.4590744972229004,5.0,1.258520483970642,-1.2039430141448975,-18.46185890206762,0.0,1.416554942727089,1.258520483970642,0.0,2.0,4.0,5.0,3.0,2.0,1.0,6.0,8.0,4.0,1.0,0.0
12399,0.0,1.416554942727089,1.258520483970642,0.0,2.0,4.0,5.0,3.0,2.0,1.0,6.0,8.0,4.0,1.0,4.0,-0.45917412638664246,-0.329216331243515,7.0,-0.9278954267501831,0.47540736198425293,-14.567756673460597,0.0,1.087338611483574,0.330625057220459,0.47540736198425293,3.0,5.0,6.0,4.0,1.0,2.0,7.0,1.0,5.0,2.0,1.0
12400,7.9009552001953125,5.147754192352295,1.293647050857544,3.838219165802002,1.0,1.0,1.0,1.0,1.0,1.0,1.0,1.0,1.0,1.0,4.0,-1.7860331535339355,-0.5721827745437622,3.0,-1.6934245824813843,-1.2157009840011597,-5.359229708291189,6.114922046661377,4.575571417808533,0.0,2.6225181818008423,2.0,2.0,2.0,1.0,1.0,2.0,2.0,2.0,2.0,2.0,0.0
12401,6.114922046661377,4.575571417808533,0.0,2.6225181818008423,2.0,2.0,2.0,1.0,1.0,2.0,2.0,2.0,2.0,2.0,4.0,-1.9401636123657227,-1.645544409751892,8.0,-1.497122049331665,-1.0346118211746216,-15.278462738183297,4.174758434295654,2.9300270080566406,0.0,1.5879063606262207,3.0,3.0,3.0,2.0,1.0,3.0,3.0,3.0,1.0,3.0,0.0
12402,4.174758434295654,2.9300270080566406,0.0,1.5879063606262207,3.0,3.0,3.0,2.0,1.0,3.0,3.0,3.0,1.0,3.0,4.0,-1.515697956085205,-0.6702315211296082,8.0,-0.1844339221715927,-1.3248664140701294,-12.074237656630974,2.659060478210449,2.2597954869270325,0.0,0.2630399465560913,4.0,4.0,4.0,3.0,1.0,4.0,4.0,4.0,1.0,4.0,0.0
12403,2.659060478210449,2.2597954869270325,0.0,0.2630399465560913,4.0,4.0,4.0,3.0,1.0,4.0,4.0,4.0,1.0,4.0,8.0,0.748727023601532,-1.0595475435256958,8.0,-0.18125680088996887,-0.8554595708847046,-16.154928739269245,3.407787501811981,1.2002479434013367,0.0,0.0,5.0,5.0,5.0,4.0,2.0,5.0,5.0,5.0,1.0,5.0,0.0
12404,3.407787501811981,1.2002479434013367,0.0,0.0,5.0,5.0,5.0,4.0,2.0,5.0,5.0,5.0,1.0,5.0,9.0,-0.9939925670623779,0.2577798664569855,6.0,-0.3631427586078644,-1.2557944059371948,-18.147951274182986,2.4137949347496033,1.4580278098583221,0.0,0.0,6.0,6.0,6.0,5.0,3.0,6.0,1.0,6.0,2.0,1.0,0.0
12405,2.4137949347496033,1.4580278098583221,0.0,0.0,6.0,6.0,6.0,5.0,3.0,6.0,1.0,6.0,2.0,1.0,0.0,0.07590652257204056,-0.9499692916870117,0.0,0.270699679851532,-0.9713744521141052,-10.459988298199114,2.489701457321644,0.5080585181713104,0.270699679851532,0.0,1.0,7.0,7.0,6.0,4.0,7.0,2.0,7.0,3.0,2.0,0.0
12406,2.489701457321644,0.5080585181713104,0.270699679851532,0.0,1.0,7.0,7.0,6.0,4.0,7.0,2.0,7.0,3.0,2.0,8.0,-0.3081175684928894,-1.1039296388626099,9.0,1.6214160919189453,-1.2955527305603027,-20.053896686351056,2.1815838888287544,0.0,1.8921157717704773,0.0,2.0,8.0,8.0,7.0,5.0,8.0,3.0,8.0,1.0,1.0,0.0
12407,2.1815838888287544,0.0,1.8921157717704773,0.0,2.0,8.0,8.0,7.0,5.0,8.0,3.0,8.0,1.0,1.0,8.0,0.5607993602752686,-0.2612678110599518,5.0,-0.6318573355674744,-0.4571952521800995,-19.42883829590981,2.742383249104023,0.0,1.260258436203003,0.0,3.0,9.0,9.0,8.0,6.0,1.0,4.0,9.0,1.0,2.0,0.0
12408,2.742383249104023,0.0,1.260258436203003,0.0,3.0,9.0,9.0,8.0,6.0,1.0,4.0,9.0,1.0,2.0,0.0,-0.38371118903160095,0.8091287612915039,7.0,-0.29851478338241577,-0.6283311247825623,-10.820124440973967,2.358672060072422,0.8091287612915039,0.9617436528205872,0.0,1.0,10.0,10.0,9.0,7.0,2.0,5.0,1.0,2.0,3.0,0.0
12409,2.358672060072422,0.8091287612915039,0.9617436528205872,0.0,1.0,10.0,10.0,9.0,7.0,2.0,5.0,1.0,2.0,3.0,8.0,-0.8526891469955444,-0.5259469151496887,3.0,0.40582865476608276,-1.4504419565200806,-20.110506137119927,1.5059829130768776,0.2831818461418152,1.36757230758667,0.0,2.0,11.0,11.0,1.0,8.0,3.0,6.0,2.0,1.0,4.0,0.0
12410,1.5059829130768776,0.2831818461418152,1.36757230758667,0.0,2.0,11.0,11.0,1.0,8.0,3.0,6.0,2.0,1.0,4.0,4.0,0.19949400424957275,1.3185830116271973,1.0,0.1018705740571022,-0.600164532661438,-13.50784370876934,1.7054769173264503,1.6017648577690125,1.4694428816437721,0.0,3.0,1.0,12.0,2.0,1.0,4.0,7.0,3.0,2.0,5.0,0.0
12411,1.7054769173264503,1.6017648577690125,1.4694428816437721,0.0,3.0,1.0,12.0,2.0,1.0,4.0,7.0,3.0,2.0,5.0,0.0,1.0084010362625122,-0.6052107810974121,2.0,-0.6740127205848694,-0.8942818641662598,-14.471910972796204,2.7138779535889626,0.9965540766716003,0.7954301610589027,0.0,1.0,2.0,1.0,3.0,2.0,5.0,8.0,4.0,3.0,6.0,0.0
12412,2.7138779535889626,0.9965540766716003,0.7954301610589027,0.0,1.0,2.0,1.0,3.0,2.0,5.0,8.0,4.0,3.0,6.0,8.0,-1.1241713762283325,0.6272848844528198,6.0,-0.5845160484313965,0.8134793639183044,-13.371203436923095,1.58970657736063,1.6238389611244202,0.21091411262750626,0.8134793639183044,2.0,3.0,2.0,4.0,3.0,6.0,1.0,5.0,1.0,7.0,0.0
12413,1.58970657736063,1.6238389611244202,0.21091411262750626,0.8134793639183044,2.0,3.0,2.0,4.0,3.0,6.0,1.0,5.0,1.0,7.0,3.0,-0.726497232913971,0.4061843752861023,1.0,0.09132682532072067,0.6369067430496216,-8.966982834652345,0.8632093444466591,2.0300233364105225,0.30224093794822693,1.450386106967926,3.0,1.0,3.0,1.0,4.0,7.0,2.0,6.0,2.0,8.0,0.0
12414,0.8632093444466591,2.0300233364105225,0.30224093794822693,1.450386106967926,3.0,1.0,3.0,1.0,4.0,7.0,2.0,6.0,2.0,8.0,9.0,-0.0024185541551560163,0.1722497195005417,8.0,-0.42885249853134155,-0.58897465467453,-9.401110861675715,0.8607907902915031,2.202273055911064,0.0,0.861411452293396,4.0,2.0,4.0,2.0,5.0,8.0,3.0,7.0,1.0,1.0,0.0
12415,0.8607907902915031,2.202273055911064,0.0,0.861411452293396,4.0,2.0,4.0,2.0,5.0,8.0,3.0,7.0,1.0,1.0,0.0,-0.5396032333374023,-1.1193739175796509,0.0,-0.5983941555023193,-1.124782681465149,-9.165445383609553,0.32118755695410073,1.0828991383314133,0.0,0.0,1.0,3.0,5.0,3.0,6.0,9.0,4.0,8.0,2.0,2.0,0.0
12416,0.32118755695410073,1.0828991383314133,0.0,0.0,1.0,3.0,5.0,3.0,6.0,9.0,4.0,8.0,2.0,2.0,2.0,1.604071855545044,0.2553142011165619,5.0,0.532833456993103,-1.1380681991577148,-20.708477228420502,1.9252594124991447,1.3382133394479752,0.532833456993103,0.0,2.0,4.0,1.0,4.0,7.0,1.0,5.0,9.0,3.0,3.0,0.0
12417,1.9252594124991447,1.3382133394479752,0.532833456993103,0.0,2.0,4.0,1.0,4.0,7.0,1.0,5.0,9.0,3.0,3.0,3.0,-0.25304681062698364,0.07440511137247086,8.0,0.9929405450820923,-1.0932958126068115,-16.696125483117843,1.672212601872161,1.412618450820446,1.5257740020751953,0.0,3.0,5.0,2.0,1.0,8.0,2.0,6.0,10.0,1.0,4.0,0.0
12418,1.672212601872161,1.412618450820446,1.5257740020751953,0.0,3.0,5.0,2.0,1.0,8.0,2.0,6.0,10.0,1.0,4.0,4.0,-1.044536828994751,-1.113381028175354,8.0,0.7053400278091431,-0.5920426845550537,-17.389848339438977,0.62767577287741,0.299237422645092,2.2311140298843384,0.0,4.0,6.0,3.0,2.0,1.0,3.0,7.0,11.0,1.0,5.0,0.0
12419,0.62767577287741,0.299237422645092,2.2311140298843384,0.0,4.0,6.0,3.0,2.0,1.0,3.0,7.0,11.0,1.0,5.0,7.0,-1.5743497610092163,1.2738794088363647,1.0,-0.2141021192073822,-0.5142581462860107,-16.76820474515594,0.0,1.5731168314814568,2.017011910676956,0.0,5.0,1.0,4.0,3.0,2.0,4.0,8.0,1.0,2.0,6.0,0.0
12420,0.0,1.5731168314814568,2.017011910676956,0.0,5.0,1.0,4.0,3.0,2.0,4.0,8.0,1.0,2.0,6.0,9.0,-1.1343717575073242,0.2032742202281952,6.0,0.3331684470176697,-0.8626695275306702,-17.979909757816948,0.0,1.776391051709652,2.350180357694626,0.0,6.0,2.0,5.0,4.0,3.0,5.0,1.0,2.0,3.0,1.0,0.0
12421,0.0,1.776391051709652,2.350180357694626,0.0,6.0,2.0,5.0,4.0,3.0,5.0,1.0,2.0,3.0,1.0,0.0,0.5159332156181335,0.8998501300811768,3.0,-1.7080786228179932,-1.0403672456741333,-12.426583454697756,0.5159332156181335,2.6762411817908287,0.6421017348766327,0.0,1.0,3.0,6.0,1.0,4.0,6.0,2.0,3.0,4.0,2.0,0.0
12422,0.5159332156181335,2.6762411817908287,0.6421017348766327,0.0,1.0,3.0,6.0,1.0,4.0,6.0,2.0,3.0,4.0,2.0,8.0,0.8566281199455261,-1.5882513523101807,8.0,-0.7092823386192322,-1.1583411693572998,-19.07715479330475,1.3725613355636597,1.087989829480648,0.0,0.0,2.0,4.0,7.0,2.0,5.0,7.0,3.0,4.0,1.0,3.0,0.0
12423,1.3725613355636597,1.087989829480648,0.0,0.0,2.0,4.0,7.0,2.0,5.0,7.0,3.0,4.0,1.0,3.0,0.0,-0.16341140866279602,-1.1977847814559937,5.0,-0.6136583685874939,-0.4225796163082123,-16.289198279082104,1.2091499269008636,0.0,0.0,0.0,1.0,5.0,8.0,3.0,6.0,1.0,4.0,5.0,2.0,4.0,0.0
12424,1.2091499269008636,0.0,0.0,0.0,1.0,5.0,8.0,3.0,6.0,1.0,4.0,5.0,2.0,4.0,8.0,0.0746404379606247,0.3573863208293915,2.0,-1.1859136819839478,-1.4718893766403198,-25.10345766374807,1.2837903648614883,0.3573863208293915,0.0,0.0,2.0,6.0,1.0,4.0,7.0,2.0,5.0,6.0,1.0,5.0,0.0
12425,1.2837903648614883,0.3573863208293915,0.0,0.0,2.0,6.0,1.0,4.0,7.0,2.0,5.0,6.0,1.0,5.0,4.0,0.6949136257171631,0.653353214263916,1.0,0.9075602293014526,-1.1867058277130127,-16.645450794173513,1.9787039905786514,1.0107395350933075,0.9075602293014526,0.0,3.0,1.0,2.0,5.0,1.0,3.0,6.0,7.0,2.0,6.0,0.0
12426,1.9787039905786514,1.0107395350933075,0.9075602293014526,0.0,3.0,1.0,2.0,5.0,1.0,3.0,6.0,7.0,2.0,6.0,9.0,-0.13905508816242218,1.0333425998687744,6.0,0.014285559765994549,-0.8167431354522705,-13.523645023018545,1.8396489024162292,2.044082134962082,0.9218457890674472,0.0,4.0,2.0,3.0,6.0,2.0,4.0,1.0,8.0,3.0,1.0,0.0
12427,1.8396489024162292,2.044082134962082,0.9218457890674472,0.0,4.0,2.0,3.0,6.0,2.0,4.0,1.0,8.0,3.0,1.0,4.0,-0.5096419453620911,0.4949997365474701,0.0,-0.7506436109542847,-0.8271090984344482,-12.304765263096225,1.3300069570541382,2.539081871509552,0.17120217811316252,0.0,1.0,3.0,4.0,7.0,1.0,5.0,2.0,9.0,4.0,2.0,0.0
12428,1.3300069570541382,2.539081871509552,0.17120217811316252,0.0,1.0,3.0,4.0,7.0,1.0,5.0,2.0,9.0,4.0,2.0,3.0,-0.29371005296707153,0.9934707880020142,3.0,1.0331783294677734,0.6422398090362549,-7.600069494866604,1.0362969040870667,3.532552659511566,1.204380507580936,0.6422398090362549,2.0,4.0,5.0,1.0,2.0,6.0,3.0,10.0,5.0,3.0,0.0
12429,1.0362969040870667,3.532552659511566,1.204380507580936,0.6422398090362549,2.0,4.0,5.0,1.0,2.0,6.0,3.0,10.0,5.0,3.0,9.0,0.5060904026031494,-0.43110549449920654,8.0,-0.9356525540351868,-0.6489218473434448,-9.998637304416366,1.542387306690216,3.1014471650123596,0.2687279535457492,0.0,3.0,5.0,6.0,2.0,3.0,7.0,4.0,11.0,1.0,1.0,0.0
12430,1.542387306690216,3.1014471650123596,0.2687279535457492,0.0,3.0,5.0,6.0,2.0,3.0,7.0,4.0,11.0,1.0,1.0,0.0,-0.39196330308914185,-1.0272876024246216,5.0,0.8804064989089966,-0.6699650883674622,-14.22072609409598,1.1504240036010742,2.074159562587738,1.1491344524547458,0.0,1.0,6.0,7.0,3.0,4.0,1.0,5.0,12.0,2.0,2.0,0.0
12431,1.1504240036010742,2.074159562587738,1.1491344524547458,0.0,1.0,6.0,7.0,3.0,4.0,1.0,5.0,12.0,2.0,2.0,4.0,-0.916377604007721,1.0796674489974976,6.0,0.9770547747612,0.4501916766166687,-13.148030347206934,0.23404639959335327,3.1538270115852356,2.1261892272159457,0.4501916766166687,2.0,7.0,8.0,4.0,1.0,2.0,1.0,13.0,3.0,3.0,0.0
12432,0.23404639959335327,3.1538270115852356,2.1261892272159457,0.4501916766166687,2.0,7.0,8.0,4.0,1.0,2.0,1.0,13.0,3.0,3.0,7.0,-0.6430671811103821,1.2927265167236328,8.0,-1.469584345817566,-1.707539677619934,-21.707513128651996,0.0,4.446553528308868,0.6566048813983798,0.0,3.0,8.0,9.0,5.0,2.0,3.0,2.0,1.0,1.0,4.0,0.0
12433,0.0,4.446553528308868,0.6566048813983798,0.0,3.0,8.0,9.0,5.0,2.0,3.0,2.0,1.0,1.0,4.0,9.0,1.3865488767623901,-1.6944334506988525,1.0,-0.03414692357182503,-0.41491198539733887,-9.566940104844301,1.3865488767623901,2.752120077610016,0.6224579578265548,0.0,4.0,1.0,10.0,6.0,3.0,4.0,3.0,2.0,2.0,1.0,0.0
12434,1.3865488767623901,2.752120077610016,0.6224579578265548,0.0,4.0,1.0,10.0,6.0,3.0,4.0,3.0,2.0,2.0,1.0,9.0,-1.0423946380615234,-0.7331369519233704,3.0,-0.8884437084197998,-1.5172289609909058,-15.543492711354649,0.3441542387008667,2.0189831256866455,0.0,0.0,5.0,2.0,11.0,1.0,4.0,5.0,4.0,3.0,3.0,1.0,0.0
12435,0.3441542387008667,2.0189831256866455,0.0,0.0,5.0,2.0,11.0,1.0,4.0,5.0,4.0,3.0,3.0,1.0,8.0,1.5067781209945679,-1.404589295387268,2.0,-0.017813926562666893,-0.9966364502906799,-19.743183168907176,1.8509323596954346,0.6143938302993774,0.0,0.0,6.0,3.0,1.0,2.0,5.0,6.0,5.0,4.0,1.0,2.0,0.0
12436,1.8509323596954346,0.6143938302993774,0.0,0.0,6.0,3.0,1.0,2.0,5.0,6.0,5.0,4.0,1.0,2.0,0.0,0.15814799070358276,0.09482701122760773,0.0,-0.8447819948196411,-0.14713051915168762,-9.33893060560844,2.0090803503990173,0.7092208415269852,0.0,0.0,1.0,4.0,2.0,3.0,6.0,7.0,6.0,5.0,2.0,3.0,0.0
12437,2.0090803503990173,0.7092208415269852,0.0,0.0,1.0,4.0,2.0,3.0,6.0,7.0,6.0,5.0,2.0,3.0,4.0,-0.5036613345146179,0.9000419974327087,1.0,1.2391116619110107,0.3252863585948944,-10.669571799072799,1.5054190158843994,1.609262838959694,1.2391116619110107,0.3252863585948944,2.0,1.0,3.0,4.0,1.0,8.0,7.0,6.0,3.0,4.0,0.0
12438,1.5054190158843994,1.609262838959694,1.2391116619110107,0.3252863585948944,2.0,1.0,3.0,4.0,1.0,8.0,7.0,6.0,3.0,4.0,9.0,0.1340835690498352,0.4233652651309967,3.0,-0.41789576411247253,0.24656318128108978,-7.110967676003391,1.6395025849342346,2.0326281040906906,0.8212158977985382,0.5718495398759842,3.0,2.0,4.0,1.0,2.0,9.0,8.0,7.0,4.0,1.0,0.0
12439,1.6395025849342346,2.0326281040906906,0.8212158977985382,0.5718495398759842,3.0,2.0,4.0,1.0,2.0,9.0,8.0,7.0,4.0,1.0,0.0,-0.09356143325567245,-0.7880030274391174,6.0,-1.0637468099594116,-1.408979058265686,-15.753558525184015,1.5459411516785622,1.2446250766515732,0.0,0.0,1.0,3.0,5.0,2.0,3.0,10.0,1.0,8.0,5.0,2.0,0.0
12440,1.5459411516785622,1.2446250766515732,0.0,0.0,1.0,3.0,5.0,2.0,3.0,10.0,1.0,8.0,5.0,2.0,0.0,-0.5098328590393066,-1.2981008291244507,8.0,0.7661076188087463,-0.1175239309668541,-11.053155536479611,1.0361082926392555,0.0,0.7661076188087463,0.0,1.0,4.0,6.0,3.0,4.0,11.0,2.0,9.0,1.0,3.0,0.0
12441,1.0361082926392555,0.0,0.7661076188087463,0.0,1.0,4.0,6.0,3.0,4.0,11.0,2.0,9.0,1.0,3.0,9.0,0.5940491557121277,0.7766506671905518,5.0,1.0567489862442017,0.10681837797164917,-9.907621843298296,1.6301574483513832,0.7766506671905518,1.822856605052948,0.10681837797164917,2.0,5.0,7.0,4.0,5.0,1.0,3.0,10.0,2.0,1.0,0.0
12442,1.6301574483513832,0.7766506671905518,1.822856605052948,0.10681837797164917,2.0,5.0,7.0,4.0,5.0,1.0,3.0,10.0,2.0,1.0,3.0,-0.0948508009314537,1.2015137672424316,2.0,-0.5131993889808655,1.0674543380737305,-10.379953768512559,1.5353066474199295,1.9781644344329834,1.3096572160720825,1.1742727160453796,3.0,6.0,1.0,1.0,6.0,2.0,4.0,11.0,3.0,2.0,0.0
12443,1.5353066474199295,1.9781644344329834,1.3096572160720825,1.1742727160453796,3.0,6.0,1.0,1.0,6.0,2.0,4.0,11.0,3.0,2.0,4.0,0.1426745355129242,-1.6286439895629883,8.0,-1.0540398359298706,-0.1824617087841034,-12.82723359852501,1.6779811829328537,0.3495204448699951,0.2556173801422119,0.9918110072612762,4.0,7.0,2.0,2.0,1.0,3.0,5.0,12.0,1.0,3.0,0.0
12444,1.6779811829328537,0.3495204448699951,0.2556173801422119,0.9918110072612762,4.0,7.0,2.0,2.0,1.0,3.0,5.0,12.0,1.0,3.0,7.0,-1.7466199398040771,0.22191400825977325,8.0,-1.2086660861968994,0.7411730289459229,-16.069578285111458,0.0,0.5714344531297684,0.0,1.732984036207199,5.0,8.0,3.0,3.0,2.0,4.0,6.0,1.0,1.0,4.0,0.0
12445,0.0,0.5714344531297684,0.0,1.732984036207199,5.0,8.0,3.0,3.0,2.0,4.0,6.0,1.0,1.0,4.0,9.0,-0.8061457276344299,0.9323244094848633,1.0,-0.037892695516347885,-1.266391634941101,-12.65101212604785,0.0,1.5037588626146317,0.0,0.466592401266098,6.0,1.0,4.0,4.0,3.0,5.0,7.0,2.0,2.0,1.0,0.0
12446,0.0,1.5037588626146317,0.0,0.466592401266098,6.0,1.0,4.0,4.0,3.0,5.0,7.0,2.0,2.0,1.0,4.0,-0.9012539982795715,0.48027482628822327,3.0,-0.6699077486991882,-0.8458977341651917,-20.726648825282986,0.0,1.984033688902855,0.0,0.0,7.0,2.0,5.0,1.0,1.0,6.0,8.0,3.0,3.0,2.0,0.0
12447,0.0,1.984033688902855,0.0,0.0,7.0,2.0,5.0,1.0,1.0,6.0,8.0,3.0,3.0,2.0,0.0,0.06781492382287979,-0.15885263681411743,0.0,0.20328713953495026,-1.0320223569869995,-10.870178536700005,0.06781492382287979,1.8251810520887375,0.20328713953495026,0.0,1.0,3.0,6.0,2.0,2.0,7.0,9.0,4.0,4.0,3.0,0.0
12448,0.06781492382287979,1.8251810520887375,0.20328713953495026,0.0,1.0,3.0,6.0,2.0,2.0,7.0,9.0,4.0,4.0,3.0,3.0,0.2759384512901306,-1.4763329029083252,8.0,1.6283376216888428,0.14296957850456238,-12.179868430568453,0.3437533751130104,0.3488481491804123,1.831624761223793,0.14296957850456238,2.0,4.0,7.0,1.0,3.0,8.0,10.0,5.0,1.0,4.0,0.0
12449,0.3437533751130104,0.3488481491804123,1.831624761223793,0.14296957850456238,2.0,4.0,7.0,1.0,3.0,8.0,10.0,5.0,1.0,4.0,0.0,0.15819497406482697,-0.569815993309021,6.0,-0.5951030850410461,-0.44015997648239136,-13.073379755056088,0.5019483491778374,0.0,1.2365216761827469,0.0,1.0,5.0,8.0,2.0,4.0,9.0,1.0,6.0,2.0,5.0,0.0
12450,0.5019483491778374,0.0,1.2365216761827469,0.0,1.0,5.0,8.0,2.0,4.0,9.0,1.0,6.0,2.0,5.0,0.0,1.2521538734436035,-0.7000161409378052,8.0,0.07724253088235855,-1.3313289880752563,-20.525005255601716,1.7541022226214409,0.0,1.3137642070651054,0.0,1.0,6.0,9.0,3.0,5.0,10.0,2.0,7.0,1.0,6.0,0.0
12451,1.7541022226214409,0.0,1.3137642070651054,0.0,1.0,6.0,9.0,3.0,5.0,10.0,2.0,7.0,1.0,6.0,9.0,-0.47760406136512756,-0.8076906800270081,6.0,-1.0175343751907349,0.3176305592060089,-16.808031083723435,1.2764981612563133,0.0,0.2962298318743706,0.3176305592060089,2.0,7.0,10.0,4.0,6.0,11.0,1.0,8.0,2.0,1.0,0.0
12452,1.2764981612563133,0.0,0.2962298318743706,0.3176305592060089,2.0,7.0,10.0,4.0,6.0,11.0,1.0,8.0,2.0,1.0,9.0,-0.8027641177177429,-0.4893699288368225,5.0,-1.0998997688293457,-0.4627459943294525,-20.23775209324062,0.4737340435385704,0.0,0.0,0.0,3.0,8.0,11.0,5.0,7.0,1.0,2.0,9.0,3.0,1.0,0.0
12453,0.4737340435385704,0.0,0.0,0.0,3.0,8.0,11.0,5.0,7.0,1.0,2.0,9.0,3.0,1.0,0.0,0.3899669349193573,0.2832179665565491,2.0,0.37247270345687866,1.0967192649841309,-10.834072583029826,0.8637009784579277,0.2832179665565491,0.37247270345687866,1.0967192649841309,1.0,9.0,1.0,6.0,8.0,2.0,3.0,10.0,4.0,2.0,0.0
12454,0.8637009784579277,0.2832179665565491,0.37247270345687866,1.0967192649841309,1.0,9.0,1.0,6.0,8.0,2.0,3.0,10.0,4.0,2.0,3.0,-1.051796555519104,-0.8181754350662231,1.0,-0.002120374934747815,-1.0049915313720703,-14.297965837246231,0.0,0.0,0.37035232852213085,0.09172773361206055,2.0,1.0,2.0,1.0,9.0,3.0,4.0,11.0,5.0,3.0,0.0
12455,0.0,0.0,0.37035232852213085,0.09172773361206055,2.0,1.0,2.0,1.0,9.0,3.0,4.0,11.0,5.0,3.0,3.0,1.591912031173706,0.8967521786689758,8.0,0.5252451300621033,1.2237051725387573,-10.826552173996163,1.591912031173706,0.8967521786689758,0.8955974585842341,1.3154329061508179,3.0,2.0,3.0,1.0,10.0,4.0,5.0,12.0,1.0,4.0,0.0
12456,1.591912031173706,0.8967521786689758,0.8955974585842341,1.3154329061508179,3.0,2.0,3.0,1.0,10.0,4.0,5.0,12.0,1.0,4.0,4.0,0.33949315547943115,-0.2355596423149109,7.0,-0.8917798399925232,0.5567374229431152,-10.646656288840326,1.9314051866531372,0.6611925363540649,0.003817618591710925,1.872170329093933,4.0,3.0,4.0,2.0,1.0,5.0,6.0,1.0,2.0,5.0,0.0
12457,1.9314051866531372,0.6611925363540649,0.003817618591710925,1.872170329093933,4.0,3.0,4.0,2.0,1.0,5.0,6.0,1.0,2.0,5.0,9.0,-1.2486116886138916,-0.2875090539455414,3.0,-1.1800044775009155,-0.8702054023742676,-12.846617282644152,0.6827934980392456,0.37368348240852356,0.0,1.0019649267196655,5.0,4.0,5.0,1.0,2.0,6.0,7.0,2.0,3.0,1.0,0.0
12458,0.6827934980392456,0.37368348240852356,0.0,1.0019649267196655,5.0,4.0,5.0,1.0,2.0,6.0,7.0,2.0,3.0,1.0,4.0,-0.17964830994606018,1.5230668783187866,8.0,-0.902074933052063,-0.7158232927322388,-18.578880993586854,0.5031451880931854,1.8967503607273102,0.0,0.28614163398742676,6.0,5.0,6.0,2.0,1.0,7.0,8.0,3.0,1.0,2.0,0.0
12459,0.5031451880931854,1.8967503607273102,0.0,0.28614163398742676,6.0,5.0,6.0,2.0,1.0,7.0,8.0,3.0,1.0,2.0,9.0,0.39798834919929504,0.688554048538208,6.0,-0.7095889449119568,-0.037828583270311356,-15.052556648850528,0.9011335372924805,2.585304409265518,0.0,0.2483130507171154,7.0,6.0,7.0,3.0,2.0,8.0,1.0,4.0,2.0,1.0,0.0
12460,0.9011335372924805,2.585304409265518,0.0,0.2483130507171154,7.0,6.0,7.0,3.0,2.0,8.0,1.0,4.0,2.0,1.0,0.0,-1.2006266117095947,-0.9949077367782593,0.0,-0.3775206506252289,-1.0437202453613281,-12.024730040848567,0.0,1.590396672487259,0.0,0.0,1.0,7.0,8.0,4.0,3.0,9.0,2.0,5.0,3.0,2.0,0.0
12461,0.0,1.590396672487259,0.0,0.0,1.0,7.0,8.0,4.0,3.0,9.0,2.0,5.0,3.0,2.0,9.0,1.510231614112854,-0.1253352016210556,5.0,1.5514963865280151,-1.1262648105621338,-16.024171019268124,1.510231614112854,1.4650614708662033,1.5514963865280151,0.0,2.0,8.0,9.0,5.0,4.0,1.0,3.0,6.0,4.0,1.0,0.0
12462,1.510231614112854,1.4650614708662033,1.5514963865280151,0.0,2.0,8.0,9.0,5.0,4.0,1.0,3.0,6.0,4.0,1.0,4.0,0.6149476170539856,-0.8040475249290466,2.0,-0.35314691066741943,0.16727004945278168,-13.649462622702469,2.1251792311668396,0.6610139459371567,1.1983494758605957,0.16727004945278168,3.0,9.0,1.0,6.0,1.0,2.0,4.0,7.0,5.0,2.0,0.0
12463,2.1251792311668396,0.6610139459371567,1.1983494758605957,0.16727004945278168,3.0,9.0,1.0,6.0,1.0,2.0,4.0,7.0,5.0,2.0,3.0,-1.4793137311935425,-0.04958328604698181,1.0,-0.3643214702606201,0.33466967940330505,-9.607938959018579,0.6458654999732971,0.6114306598901749,0.8340280055999756,0.5019397288560867,4.0,1.0,2.0,1.0,2.0,3.0,5.0,8.0,6.0,3.0,0.0
12464,0.6458654999732971,0.6114306598901749,0.8340280055999756,0.5019397288560867,4.0,1.0,2.0,1.0,2.0,3.0,5.0,8.0,6.0,3.0,9.0,-0.22782212495803833,0.7824010252952576,8.0,0.31295153498649597,-0.11089330166578293,-8.838323168167175,0.4180433750152588,1.3938316851854324,1.1469795405864716,0.3910464271903038,5.0,2.0,3.0,2.0,3.0,4.0,6.0,9.0,1.0,1.0,0.0
12465,0.4180433750152588,1.3938316851854324,1.1469795405864716,0.3910464271903038,5.0,2.0,3.0,2.0,3.0,4.0,6.0,9.0,1.0,1.0,0.0,-0.2360004484653473,0.4779427647590637,3.0,-1.7327828407287598,-0.46654367446899414,-10.986246307930767,0.1820429265499115,1.8717744499444962,0.0,0.0,1.0,3.0,4.0,1.0,4.0,5.0,7.0,10.0,2.0,2.0,0.0
12466,0.1820429265499115,1.8717744499444962,0.0,0.0,1.0,3.0,4.0,1.0,4.0,5.0,7.0,10.0,2.0,2.0,4.0,-0.359445720911026,-0.8011578321456909,7.0,1.1588441133499146,0.4301038980484009,-12.334079540910317,0.0,1.0706166177988052,1.1588441133499146,0.4301038980484009,2.0,4.0,5.0,2.0,1.0,6.0,8.0,1.0,3.0,3.0,0.0
12467,0.0,1.0706166177988052,1.1588441133499146,0.4301038980484009,2.0,4.0,5.0,2.0,1.0,6.0,8.0,1.0,3.0,3.0,2.0,0.30155253410339355,-1.182506799697876,6.0,0.5717681050300598,1.4532569646835327,-15.428196861937018,0.30155253410339355,0.0,1.7306122183799744,1.8833608627319336,3.0,5.0,1.0,3.0,2.0,7.0,1.0,2.0,4.0,4.0,0.0
12468,0.30155253410339355,0.0,1.7306122183799744,1.8833608627319336,3.0,5.0,1.0,3.0,2.0,7.0,1.0,2.0,4.0,4.0,9.0,-1.0089092254638672,1.068164348602295,8.0,-0.7514010667800903,-1.6906479597091675,-12.710812376844041,0.0,1.068164348602295,0.979211151599884,0.1927129030227661,4.0,6.0,2.0,4.0,3.0,8.0,2.0,3.0,1.0,1.0,0.0
12469,0.0,1.068164348602295,0.979211151599884,0.1927129030227661,4.0,6.0,2.0,4.0,3.0,8.0,2.0,3.0,1.0,1.0,1.0,0.1378215253353119,1.2170604467391968,0.0,-1.098185658454895,-0.8591045141220093,-11.464530104963659,0.1378215253353119,2.2852247953414917,0.0,0.0,1.0,1.0,3.0,5.0,4.0,9.0,3.0,4.0,2.0,2.0,0.0
12470,0.1378215253353119,2.2852247953414917,0.0,0.0,1.0,1.0,3.0,5.0,4.0,9.0,3.0,4.0,2.0,2.0,9.0,1.147029995918274,-1.561531901359558,3.0,0.6956146359443665,-0.8702866435050964,-12.003996017027832,1.2848515212535858,0.7236928939819336,0.6956146359443665,0.0,2.0,2.0,4.0,1.0,5.0,10.0,4.0,5.0,3.0,1.0,0.0
12471,1.2848515212535858,0.7236928939819336,0.6956146359443665,0.0,2.0,2.0,4.0,1.0,5.0,10.0,4.0,5.0,3.0,1.0,0.0,-0.5232996344566345,-1.3325856924057007,8.0,-0.997986912727356,-0.7169030904769897,-17.45184473376137,0.7615518867969513,0.0,0.0,0.0,1.0,3.0,5.0,2.0,6.0,11.0,5.0,6.0,1.0,2.0,0.0
12472,0.7615518867969513,0.0,0.0,0.0,1.0,3.0,5.0,2.0,6.0,11.0,5.0,6.0,1.0,2.0,0.0,1.548254370689392,-0.9978045225143433,5.0,0.9685076475143433,-1.2969332933425903,-22.173544274760676,2.3098062574863434,0.0,0.9685076475143433,0.0,1.0,4.0,6.0,3.0,7.0,1.0,6.0,7.0,2.0,3.0,0.0
12473,2.3098062574863434,0.0,0.9685076475143433,0.0,1.0,4.0,6.0,3.0,7.0,1.0,6.0,7.0,2.0,3.0,4.0,-1.1027467250823975,-0.03067360259592533,0.0,-1.1450954675674438,-0.09194005280733109,-11.382270750356177,1.207059532403946,0.0,0.0,0.0,1.0,5.0,7.0,4.0,1.0,2.0,7.0,8.0,3.0,4.0,0.0
12474,1.207059532403946,0.0,0.0,0.0,1.0,5.0,7.0,4.0,1.0,2.0,7.0,8.0,3.0,4.0,9.0,-0.1808261126279831,-0.38223010301589966,7.0,0.41042450070381165,0.7654617428779602,-9.810169771451232,1.0262334197759628,0.0,0.41042450070381165,0.7654617428779602,2.0,6.0,8.0,5.0,2.0,3.0,8.0,1.0,4.0,1.0,0.0
12475,1.0262334197759628,0.0,0.41042450070381165,0.7654617428779602,2.0,6.0,8.0,5.0,2.0,3.0,8.0,1.0,4.0,1.0,8.0,-1.2689169645309448,-1.2286174297332764,2.0,-1.3920003175735474,0.3692947030067444,-26.664494014974856,0.0,0.0,0.0,1.1347564458847046,3.0,7.0,1.0,6.0,3.0,4.0,9.0,2.0,1.0,2.0,0.0
12476,0.0,0.0,0.0,1.1347564458847046,3.0,7.0,1.0,6.0,3.0,4.0,9.0,2.0,1.0,2.0,1.0,0.14762486517429352,1.377327799797058,1.0,1.354830026626587,0.32086968421936035,-10.545992646606035,0.14762486517429352,1.377327799797058,1.354830026626587,1.455626130104065,4.0,1.0,2.0,7.0,4.0,5.0,10.0,3.0,2.0,3.0,0.0
12477,0.14762486517429352,1.377327799797058,1.354830026626587,1.455626130104065,4.0,1.0,2.0,7.0,4.0,5.0,10.0,3.0,2.0,3.0,3.0,-1.0622355937957764,0.5740154385566711,3.0,-1.3517407178878784,-1.2803443670272827,-13.98623182105943,0.0,1.9513432383537292,0.003089308738708496,0.17528176307678223,5.0,2.0,3.0,1.0,5.0,6.0,11.0,4.0,3.0,4.0,0.0
12478,0.0,1.9513432383537292,0.003089308738708496,0.17528176307678223,5.0,2.0,3.0,1.0,5.0,6.0,11.0,4.0,3.0,4.0,4.0,0.13477925956249237,-0.6147085428237915,6.0,0.2271430492401123,-0.20014424622058868,-16.06044925431726,0.13477925956249237,1.3366346955299377,0.2302323579788208,0.0,6.0,3.0,4.0,2.0,1.0,7.0,1.0,5.0,4.0,5.0,0.0
12479,0.13477925956249237,1.3366346955299377,0.2302323579788208,0.0,6.0,3.0,4.0,2.0,1.0,7.0,1.0,5.0,4.0,5.0,0.0,-0.19852735102176666,0.16925577819347382,0.0,0.5187395215034485,-0.6800001263618469,-9.338321167126383,0.0,1.5058904737234116,0.7489718794822693,0.0,1.0,4.0,5.0,3.0,2.0,8.0,2.0,6.0,5.0,6.0,0.0
12480,0.0,1.5058904737234116,0.7489718794822693,0.0,1.0,4.0,5.0,3.0,2.0,8.0,2.0,6.0,5.0,6.0,8.0,1.4184194803237915,-0.8636062145233154,8.0,0.9418025612831116,-0.2562437057495117,-15.070057831704748,1.4184194803237915,0.6422842592000961,1.6907744407653809,0.0,2.0,5.0,6.0,4.0,3.0,9.0,3.0,7.0,1.0,7.0,0.0
12481,1.4184194803237915,0.6422842592000961,1.6907744407653809,0.0,2.0,5.0,6.0,4.0,3.0,9.0,3.0,7.0,1.0,7.0,9.0,0.6702237725257874,0.27487239241600037,6.0,-1.4687812328338623,0.02123776637017727,-11.949879815651116,2.088643252849579,0.9171566516160965,0.22199320793151855,0.02123776637017727,3.0,6.0,7.0,5.0,4.0,10.0,1.0,8.0,2.0,1.0,0.0
12482,2.088643252849579,0.9171566516160965,0.22199320793151855,0.02123776637017727,3.0,6.0,7.0,5.0,4.0,10.0,1.0,8.0,2.0,1.0,0.0,0.1671747863292694,-0.1452992856502533,5.0,-0.7300372123718262,-1.15085768699646,-18.368925080208065,2.2558180391788483,0.7718573659658432,0.0,0.0,1.0,7.0,8.0,6.0,5.0,1.0,2.0,9.0,3.0,2.0,0.0
12483,2.2558180391788483,0.7718573659658432,0.0,0.0,1.0,7.0,8.0,6.0,5.0,1.0,2.0,9.0,3.0,2.0,8.0,0.6408292055130005,0.2877497375011444,2.0,0.41419702768325806,1.0688780546188354,-13.360622131773024,2.8966472446918488,1.0596071034669876,0.41419702768325806,1.0688780546188354,2.0,8.0,1.0,7.0,6.0,2.0,3.0,10.0,1.0,3.0,0.0
12484,2.8966472446918488,1.0596071034669876,0.41419702768325806,1.0688780546188354,2.0,8.0,1.0,7.0,6.0,2.0,3.0,10.0,1.0,3.0,3.0,-0.6551753282546997,0.9421629309654236,1.0,0.9699565768241882,-0.8332969546318054,-8.48415030020746,2.241471916437149,2.001770034432411,1.3841536045074463,0.23558109998703003,3.0,1.0,2.0,1.0,7.0,3.0,4.0,11.0,2.0,4.0,0.0
12485,2.241471916437149,2.001770034432411,1.3841536045074463,0.23558109998703003,3.0,1.0,2.0,1.0,7.0,3.0,4.0,11.0,2.0,4.0,4.0,0.47141021490097046,-1.1884859800338745,8.0,-1.2133052349090576,0.7469550967216492,-11.617823901341238,2.7128821313381195,0.8132840543985367,0.17084836959838867,0.9825361967086792,4.0,2.0,3.0,2.0,1.0,4.0,5.0,12.0,1.0,5.0,0.0
12486,2.7128821313381195,0.8132840543985367,0.17084836959838867,0.9825361967086792,4.0,2.0,3.0,2.0,1.0,4.0,5.0,12.0,1.0,5.0,7.0,-1.872930645942688,0.08909127861261368,6.0,-0.20616742968559265,-0.24197250604629517,-13.014726789982092,0.8399514853954315,0.9023753330111504,0.0,0.740563690662384,5.0,3.0,4.0,3.0,2.0,5.0,1.0,1.0,2.0,6.0,0.0
12487,0.8399514853954315,0.9023753330111504,0.0,0.740563690662384,5.0,3.0,4.0,3.0,2.0,5.0,1.0,1.0,2.0,6.0,0.0,-1.0595674514770508,-0.33807653188705444,0.0,-0.923791229724884,-1.54414963722229,-12.712278809629108,0.0,0.5642988011240959,0.0,0.0,1.0,4.0,5.0,4.0,3.0,6.0,2.0,2.0,3.0,7.0,0.0
12488,0.0,0.5642988011240959,0.0,0.0,1.0,4.0,5.0,4.0,3.0,6.0,2.0,2.0,3.0,7.0,9.0,1.2933769226074219,-0.6062749624252319,8.0,0.6753899455070496,0.029148899018764496,-10.05738133297893,1.2933769226074219,0.0,0.6753899455070496,0.029148899018764496,2.0,5.0,6.0,5.0,4.0,7.0,3.0,3.0,1.0,1.0,0.0
12489,1.2933769226074219,0.0,0.6753899455070496,0.029148899018764496,2.0,5.0,6.0,5.0,4.0,7.0,3.0,3.0,1.0,1.0,0.0,-0.5185838937759399,0.13533850014209747,9.0,0.41190147399902344,-0.031931906938552856,-5.949158466651715,0.7747930288314819,0.13533850014209747,1.087291419506073,0.0,1.0,6.0,7.0,6.0,5.0,8.0,4.0,4.0,2.0,1.0,0.0
12490,0.7747930288314819,0.13533850014209747,1.087291419506073,0.0,1.0,6.0,7.0,6.0,5.0,8.0,4.0,4.0,2.0,1.0,8.0,0.6194096207618713,1.0894665718078613,8.0,0.9685607552528381,-0.16825518012046814,-14.426617954269414,1.3942026495933533,1.2248050719499588,2.055852174758911,0.0,2.0,7.0,8.0,7.0,6.0,9.0,5.0,5.0,1.0,2.0,0.0
12491,1.3942026495933533,1.2248050719499588,2.055852174758911,0.0,2.0,7.0,8.0,7.0,6.0,9.0,5.0,5.0,1.0,2.0,0.0,1.3456835746765137,0.45104116201400757,0.0,0.3193482756614685,-1.0912483930587769,-11.823511020533491,2.739886224269867,1.6758462339639664,2.3752004504203796,0.0,1.0,8.0,9.0,8.0,7.0,10.0,6.0,6.0,2.0,3.0,0.0
12492,2.739886224269867,1.6758462339639664,2.3752004504203796,0.0,1.0,8.0,9.0,8.0,7.0,10.0,6.0,6.0,2.0,3.0,8.0,1.4622352123260498,0.252930611371994,3.0,0.8525301814079285,-0.4435565173625946,-14.440425318682117,4.202121436595917,1.9287768453359604,3.227730631828308,0.0,2.0,9.0,10.0,1.0,8.0,11.0,7.0,7.0,1.0,4.0,0.0
12493,4.202121436595917,1.9287768453359604,3.227730631828308,0.0,2.0,9.0,10.0,1.0,8.0,11.0,7.0,7.0,1.0,4.0,4.0,-1.4108566045761108,-0.6153988838195801,5.0,-1.303592324256897,-0.3407982289791107,-15.019403904839173,2.791264832019806,1.3133779615163803,1.9241383075714111,0.0,3.0,10.0,11.0,2.0,1.0,1.0,8.0,8.0,2.0,5.0,0.0
12494,2.791264832019806,1.3133779615163803,1.9241383075714111,0.0,3.0,10.0,11.0,2.0,1.0,1.0,8.0,8.0,2.0,5.0,8.0,-1.3339258432388306,-0.5984755754470825,1.0,-1.4226199388504028,0.8903155326843262,-12.597611723982018,1.4573389887809753,0.7149023860692978,0.5015183687210083,0.8903155326843262,4.0,1.0,12.0,3.0,2.0,2.0,9.0,9.0,1.0,6.0,0.0
12495,1.4573389887809753,0.7149023860692978,0.5015183687210083,0.8903155326843262,4.0,1.0,12.0,3.0,2.0,2.0,9.0,9.0,1.0,6.0,0.0,-1.189332127571106,0.5804393887519836,2.0,-1.7712185382843018,-1.475921392440796,-19.099760332296373,0.2680068612098694,1.2953417748212814,0.0,0.0,1.0,2.0,1.0,4.0,3.0,3.0,10.0,10.0,2.0,7.0,0.0
12496,0.2680068612098694,1.2953417748212814,0.0,0.0,1.0,2.0,1.0,4.0,3.0,3.0,10.0,10.0,2.0,7.0,9.0,-1.4574720859527588,-0.6768161058425903,6.0,1.3605945110321045,0.6025456786155701,-15.772847775871893,0.0,0.6185256689786911,1.3605945110321045,0.6025456786155701,2.0,3.0,2.0,5.0,4.0,4.0,1.0,11.0,3.0,1.0,0.0
12497,0.0,0.6185256689786911,1.3605945110321045,0.6025456786155701,2.0,3.0,2.0,5.0,4.0,4.0,1.0,11.0,3.0,1.0,7.0,1.3955892324447632,-0.24473194777965546,0.0,-0.8352469801902771,-0.21299730241298676,-6.074821721057263,1.3955892324447632,0.37379372119903564,0.5253475308418274,0.3895483762025833,1.0,4.0,3.0,6.0,5.0,5.0,2.0,1.0,4.0,2.0,0.0
12498,1.3955892324447632,0.37379372119903564,0.5253475308418274,0.3895483762025833,1.0,4.0,3.0,6.0,5.0,5.0,2.0,1.0,4.0,2.0,8.0,1.1862943172454834,0.4394581913948059,3.0,0.3297683000564575,-0.7826054096221924,-12.317370206796259,2.5818835496902466,0.8132519125938416,0.8551158308982849,0.0,2.0,5.0,4.0,1.0,6.0,6.0,3.0,2.0,1.0,3.0,0.0
12499,2.5818835496902466,0.8132519125938416,0.8551158308982849,0.0,2.0,5.0,4.0,1.0,6.0,6.0,3.0,2.0,1.0,3.0,4.0,-0.18093045055866241,1.164008378982544,9.0,-0.617121160030365,-1.339429259300232,-14.069323759715951,2.400953099131584,1.9772602915763855,0.23799467086791992,0.0,3.0,6.0,5.0,2.0,1.0,7.0,4.0,3.0,2.0,1.0,1.0
12500,2.1497647762298584,0.328652560710907,2.748868227005005,1.8057605028152466,1.0,1.0,1.0,1.0,1.0,1.0,1.0,1.0,1.0,1.0,8.0,-0.3349786102771759,0.3955439031124115,8.0,-1.4042023420333862,-1.433840036392212,-10.467391737462664,1.8147861659526825,0.7241964638233185,1.3446658849716187,0.37192046642303467,2.0,2.0,2.0,2.0,2.0,2.0,2.0,2.0,1.0,2.0,0.0
12501,1.8147861659526825,0.7241964638233185,1.3446658849716187,0.37192046642303467,2.0,2.0,2.0,2.0,2.0,2.0,2.0,2.0,1.0,2.0,9.0,-0.9060853123664856,1.2258713245391846,8.0,-1.1030266284942627,-1.1078119277954102,-12.17022192967879,0.9087008535861969,1.950067788362503,0.24163925647735596,0.0,3.0,3.0,3.0,3.0,3.0,3.0,3.0,3.0,1.0,1.0,0.0
12502,0.9087008535861969,1.950067788362503,0.24163925647735596,0.0,3.0,3.0,3.0,3.0,3.0,3.0,3.0,3.0,1.0,1.0,3.0,0.41108423471450806,-0.17775282263755798,0.0,0.6676591038703918,-1.0853382349014282,-10.834949550991205,1.319785088300705,1.772314965724945,0.9092983603477478,0.0,1.0,4.0,4.0,1.0,4.0,4.0,4.0,4.0,2.0,2.0,0.0
12503,1.319785088300705,1.772314965724945,0.9092983603477478,0.0,1.0,4.0,4.0,1.0,4.0,4.0,4.0,4.0,2.0,2.0,4.0,0.6364891529083252,-1.1736822128295898,8.0,-0.02868431806564331,-1.1741795539855957,-18.422523840575593,1.9562742412090302,0.5986327528953552,0.8806140422821045,0.0,2.0,5.0,5.0,2.0,1.0,5.0,5.0,5.0,1.0,3.0,0.0
12504,1.9562742412090302,0.5986327528953552,0.8806140422821045,0.0,2.0,5.0,5.0,2.0,1.0,5.0,5.0,5.0,1.0,3.0,0.0,-1.2458165884017944,-0.22831565141677856,5.0,0.2716558575630188,-0.15694580972194672,-11.266546754362745,0.7104576528072357,0.37031710147857666,1.1522698998451233,0.0,1.0,6.0,6.0,3.0,2.0,1.0,6.0,6.0,2.0,4.0,0.0
12505,0.7104576528072357,0.37031710147857666,1.1522698998451233,0.0,1.0,6.0,6.0,3.0,2.0,1.0,6.0,6.0,2.0,4.0,3.0,0.5511307120323181,-0.45940640568733215,4.0,-1.690170407295227,0.6290835738182068,-16.609632821283903,1.2615883648395538,0.0,0.0,0.6290835738182068,2.0,7.0,7.0,1.0,1.0,2.0,7.0,7.0,3.0,5.0,0.0
12506,1.2615883648395538,0.0,0.0,0.6290835738182068,2.0,7.0,7.0,1.0,1.0,2.0,7.0,7.0,3.0,5.0,4.0,-1.325860619544983,0.6240633726119995,6.0,1.0246115922927856,-0.9808310270309448,-18.123003366792894,0.0,0.6240633726119995,1.0246115922927856,0.0,3.0,8.0,8.0,2.0,1.0,3.0,1.0,8.0,4.0,6.0,0.0
12507,0.0,0.6240633726119995,1.0246115922927856,0.0,3.0,8.0,8.0,2.0,1.0,3.0,1.0,8.0,4.0,6.0,0.0,0.06588596850633621,-1.4239329099655151,8.0,-0.8414620757102966,-0.999979555606842,-20.184241853901156,0.06588596850633621,0.0,0.183149516582489,0.0,1.0,9.0,9.0,3.0,2.0,4.0,2.0,9.0,1.0,7.0,0.0
12508,0.06588596850633621,0.0,0.183149516582489,0.0,1.0,9.0,9.0,3.0,2.0,4.0,2.0,9.0,1.0,7.0,9.0,-0.23791344463825226,0.08537016063928604,6.0,0.3485105633735657,-1.6617202758789062,-21.5773933317549,0.0,0.08537016063928604,0.5316600799560547,0.0,2.0,10.0,10.0,4.0,3.0,5.0,1.0,10.0,2.0,1.0,0.0
12509,0.0,0.08537016063928604,0.5316600799560547,0.0,2.0,10.0,10.0,4.0,3.0,5.0,1.0,10.0,2.0,1.0,8.0,-1.1137081384658813,0.16588038206100464,2.0,1.3433362245559692,1.407326340675354,-19.717550248999913,0.0,0.2512505427002907,1.874996304512024,1.407326340675354,3.0,11.0,1.0,5.0,4.0,6.0,2.0,11.0,1.0,2.0,0.0
12510,0.0,0.2512505427002907,1.874996304512024,1.407326340675354,3.0,11.0,1.0,5.0,4.0,6.0,2.0,11.0,1.0,2.0,3.0,-0.3296760320663452,0.5585567355155945,1.0,0.6975287199020386,-0.8204342722892761,-10.193042922039602,0.0,0.8098072782158852,2.5725250244140625,0.5868920683860779,4.0,1.0,2.0,1.0,5.0,7.0,3.0,12.0,2.0,3.0,0.0
12511,0.0,0.8098072782158852,2.5725250244140625,0.5868920683860779,4.0,1.0,2.0,1.0,5.0,7.0,3.0,12.0,2.0,3.0,3.0,0.12729039788246155,0.8529630899429321,8.0,-1.2046864032745361,-0.8593928813934326,-12.986252236636302,0.12729039788246155,1.6627703681588173,1.3678386211395264,0.0,5.0,2.0,3.0,1.0,6.0,8.0,4.0,13.0,1.0,4.0,0.0
12512,0.12729039788246155,1.6627703681588173,1.3678386211395264,0.0,5.0,2.0,3.0,1.0,6.0,8.0,4.0,13.0,1.0,4.0,7.0,-0.41266459226608276,-0.12900646030902863,8.0,-0.4034954905509949,-0.4301532208919525,-16.4026461080828,0.0,1.5337639078497887,0.9643431305885315,0.0,6.0,3.0,4.0,2.0,7.0,9.0,5.0,1.0,1.0,5.0,0.0
12513,0.0,1.5337639078497887,0.9643431305885315,0.0,6.0,3.0,4.0,2.0,7.0,9.0,5.0,1.0,1.0,5.0,9.0,-0.036288175731897354,0.9693606495857239,0.0,-0.29000476002693176,-0.9038422703742981,-10.152710240086071,0.0,2.5031245574355125,0.6743383705615997,0.0,1.0,4.0,5.0,3.0,8.0,10.0,6.0,2.0,2.0,1.0,0.0
12514,0.0,2.5031245574355125,0.6743383705615997,0.0,1.0,4.0,5.0,3.0,8.0,10.0,6.0,2.0,2.0,1.0,4.0,-0.2866427004337311,0.21641962230205536,5.0,0.49165940284729004,-0.931069016456604,-20.51200880855712,0.0,2.719544179737568,1.1659977734088898,0.0,2.0,5.0,6.0,4.0,1.0,1.0,7.0,3.0,3.0,2.0,0.0
12515,0.0,2.719544179737568,1.1659977734088898,0.0,2.0,5.0,6.0,4.0,1.0,1.0,7.0,3.0,3.0,2.0,8.0,-0.1636691391468048,-0.01699424535036087,6.0,0.7597517967224121,-0.9610524773597717,-16.725929827279995,0.0,2.702549934387207,1.9257495701313019,0.0,3.0,6.0,7.0,5.0,2.0,2.0,1.0,4.0,1.0,3.0,0.0
12516,0.0,2.702549934387207,1.9257495701313019,0.0,3.0,6.0,7.0,5.0,2.0,2.0,1.0,4.0,1.0,3.0,8.0,0.8955357074737549,-1.0676277875900269,8.0,-0.5597643256187439,-1.3582266569137573,-19.55606074830532,0.8955357074737549,1.6349221467971802,1.365985244512558,0.0,4.0,7.0,8.0,6.0,3.0,3.0,2.0,5.0,1.0,4.0,0.0
12517,0.8955357074737549,1.6349221467971802,1.365985244512558,0.0,4.0,7.0,8.0,6.0,3.0,3.0,2.0,5.0,1.0,4.0,9.0,-0.6601091027259827,0.1575968861579895,7.0,-0.617509126663208,-1.3115243911743164,-14.26426252430028,0.23542660474777222,1.7925190329551697,0.74847611784935,0.0,5.0,8.0,9.0,7.0,4.0,4.0,3.0,1.0,2.0,1.0,0.0
12518,0.23542660474777222,1.7925190329551697,0.74847611784935,0.0,5.0,8.0,9.0,7.0,4.0,4.0,3.0,1.0,2.0,1.0,3.0,-0.5180371403694153,-1.3029003143310547,3.0,0.6766246557235718,-1.145147681236267,-18.15933410496801,0.0,0.489618718624115,1.4251007735729218,0.0,6.0,9.0,10.0,1.0,5.0,5.0,4.0,2.0,3.0,2.0,0.0
12519,0.0,0.489618718624115,1.4251007735729218,0.0,6.0,9.0,10.0,1.0,5.0,5.0,4.0,2.0,3.0,2.0,0.0,-0.7900373935699463,0.18144002556800842,2.0,-0.5615953207015991,-0.6066539287567139,-18.248890726501152,0.0,0.6710587441921234,0.8635054528713226,0.0,1.0,10.0,1.0,2.0,6.0,6.0,5.0,3.0,4.0,3.0,0.0
12520,0.0,0.6710587441921234,0.8635054528713226,0.0,1.0,10.0,1.0,2.0,6.0,6.0,5.0,3.0,4.0,3.0,1.0,0.34642499685287476,0.30055734515190125,1.0,-0.36397257447242737,0.49058178067207336,-11.45473853620312,0.34642499685287476,0.9716160893440247,0.49953287839889526,0.49058178067207336,2.0,1.0,2.0,3.0,7.0,7.0,6.0,4.0,5.0,4.0,0.0
12521,0.34642499685287476,0.9716160893440247,0.49953287839889526,0.49058178067207336,2.0,1.0,2.0,3.0,7.0,7.0,6.0,4.0,5.0,4.0,4.0,0.8822524547576904,0.5306138396263123,8.0,-0.1819789558649063,-1.0388249158859253,-16.2027232354802,1.2286774516105652,1.502229928970337,0.31755392253398895,0.0,3.0,2.0,3.0,4.0,1.0,8.0,7.0,5.0,1.0,5.0,0.0
12522,1.2286774516105652,1.502229928970337,0.31755392253398895,0.0,3.0,2.0,3.0,4.0,1.0,8.0,7.0,5.0,1.0,5.0,8.0,0.43670061230659485,-1.111431360244751,6.0,0.29775184392929077,-0.25813114643096924,-16.080152937524183,1.66537806391716,0.39079856872558594,0.6153057664632797,0.0,4.0,3.0,4.0,5.0,2.0,9.0,1.0,6.0,1.0,6.0,0.0
12523,1.66537806391716,0.39079856872558594,0.6153057664632797,0.0,4.0,3.0,4.0,5.0,2.0,9.0,1.0,6.0,1.0,6.0,9.0,0.07548011839389801,0.5489415526390076,9.0,0.051865458488464355,0.19487003982067108,-5.898796142124006,1.740858182311058,0.9397401213645935,0.6671712249517441,0.19487003982067108,5.0,4.0,5.0,6.0,3.0,10.0,2.0,7.0,2.0,1.0,0.0
12524,1.740858182311058,0.9397401213645935,0.6671712249517441,0.19487003982067108,5.0,4.0,5.0,6.0,3.0,10.0,2.0,7.0,2.0,1.0,5.0,1.2969636917114258,-0.15209512412548065,3.0,-1.0321696996688843,-0.18872970342636108,-12.913081559269964,3.037821874022484,0.7876449972391129,0.0,0.0061403363943099976,6.0,5.0,6.0,1.0,4.0,1.0,3.0,8.0,3.0,2.0,0.0
12525,3.037821874022484,0.7876449972391129,0.0,0.0061403363943099976,6.0,5.0,6.0,1.0,4.0,1.0,3.0,8.0,3.0,2.0,0.0,-0.9346979856491089,0.8157931566238403,7.0,-1.4808876514434814,1.1722497940063477,-14.399448724085078,2.103123888373375,1.6034381538629532,0.0,1.1783901304006577,1.0,6.0,7.0,2.0,5.0,2.0,4.0,1.0,4.0,3.0,0.0
12526,2.103123888373375,1.6034381538629532,0.0,1.1783901304006577,1.0,6.0,7.0,2.0,5.0,2.0,4.0,1.0,4.0,3.0,8.0,-0.24952875077724457,-0.7668953537940979,8.0,-1.0665513277053833,-1.1508097648620605,-18.953303881893504,1.8535951375961304,0.8365428000688553,0.0,0.027580365538597107,2.0,7.0,8.0,3.0,6.0,3.0,5.0,2.0,1.0,4.0,0.0
12527,1.8535951375961304,0.8365428000688553,0.0,0.027580365538597107,2.0,7.0,8.0,3.0,6.0,3.0,5.0,2.0,1.0,4.0,8.0,-0.8843836188316345,0.27849334478378296,5.0,0.24771903455257416,-1.5973856449127197,-23.790679108992194,0.9692115187644958,1.1150361448526382,0.24771903455257416,0.0,3.0,8.0,9.0,4.0,7.0,1.0,6.0,3.0,1.0,5.0,0.0
12528,0.9692115187644958,1.1150361448526382,0.24771903455257416,0.0,3.0,8.0,9.0,4.0,7.0,1.0,6.0,3.0,1.0,5.0,8.0,-0.4378302991390228,0.8005238771438599,2.0,-0.557508111000061,-0.2642991542816162,-17.31228512207891,0.531381219625473,1.915560021996498,0.0,0.0,4.0,9.0,1.0,5.0,8.0,2.0,7.0,4.0,1.0,6.0,0.0
12529,0.531381219625473,1.915560021996498,0.0,0.0,4.0,9.0,1.0,5.0,8.0,2.0,7.0,4.0,1.0,6.0,3.0,0.4840008616447449,0.08327536284923553,1.0,0.6092099547386169,-1.5691688060760498,-17.52069509042111,1.015382081270218,1.9988353848457336,0.6092099547386169,0.0,5.0,1.0,2.0,1.0,9.0,3.0,8.0,5.0,2.0,7.0,0.0
12530,1.015382081270218,1.9988353848457336,0.6092099547386169,0.0,5.0,1.0,2.0,1.0,9.0,3.0,8.0,5.0,2.0,7.0,4.0,0.7290729284286499,-0.5733888745307922,0.0,0.16140231490135193,-0.0163875725120306,-8.254040146526847,1.7444550096988678,1.4254465103149414,0.7706122696399689,0.0,1.0,2.0,3.0,2.0,1.0,4.0,9.0,6.0,3.0,8.0,0.0
12531,1.7444550096988678,1.4254465103149414,0.7706122696399689,0.0,1.0,2.0,3.0,2.0,1.0,4.0,9.0,6.0,3.0,8.0,9.0,0.3662418723106384,-0.724597156047821,6.0,-1.488879680633545,0.768552303314209,-14.366281500013674,2.1106968820095062,0.7008493542671204,0.0,0.768552303314209,2.0,3.0,4.0,3.0,2.0,5.0,1.0,7.0,4.0,1.0,0.0
12532,2.1106968820095062,0.7008493542671204,0.0,0.768552303314209,2.0,3.0,4.0,3.0,2.0,5.0,1.0,7.0,4.0,1.0,0.0,-1.2368443012237549,-0.5003233551979065,5.0,-0.5467944145202637,-0.5474046468734741,-14.239455879388615,0.8738525807857513,0.20052599906921387,0.0,0.22114765644073486,1.0,4.0,5.0,4.0,3.0,1.0,2.0,8.0,5.0,2.0,0.0
12533,0.8738525807857513,0.20052599906921387,0.0,0.22114765644073486,1.0,4.0,5.0,4.0,3.0,1.0,2.0,8.0,5.0,2.0,8.0,-0.4734172821044922,0.18539969623088837,7.0,-0.588193416595459,0.6658830642700195,-14.497767384489457,0.40043529868125916,0.38592569530010223,0.0,0.8870307207107544,2.0,5.0,6.0,5.0,4.0,2.0,3.0,1.0,1.0,3.0,0.0
12534,0.40043529868125916,0.38592569530010223,0.0,0.8870307207107544,2.0,5.0,6.0,5.0,4.0,2.0,3.0,1.0,1.0,3.0,8.0,0.8613172769546509,-0.12150382995605469,9.0,0.8327498435974121,0.2596476078033447,-9.075123850637302,1.26175257563591,0.26442186534404755,0.8327498435974121,1.1466783285140991,3.0,6.0,7.0,6.0,5.0,3.0,4.0,2.0,1.0,1.0,0.0
12535,1.26175257563591,0.26442186534404755,0.8327498435974121,1.1466783285140991,3.0,6.0,7.0,6.0,5.0,3.0,4.0,2.0,1.0,1.0,8.0,-0.4823280870914459,-0.09352792054414749,2.0,-0.48000237345695496,-0.2517423927783966,-14.939002789319511,0.7794244885444641,0.17089394479990005,0.35274747014045715,0.8949359357357025,4.0,7.0,1.0,7.0,6.0,4.0,5.0,3.0,1.0,2.0,0.0
12536,0.7794244885444641,0.17089394479990005,0.35274747014045715,0.8949359357357025,4.0,7.0,1.0,7.0,6.0,4.0,5.0,3.0,1.0,2.0,3.0,-0.007711461745202541,1.0032554864883423,1.0,-0.8482596278190613,-1.2823880910873413,-13.38421855747954,0.7717130267992616,1.1741494312882423,0.0,0.0,5.0,1.0,2.0,1.0,7.0,5.0,6.0,4.0,2.0,3.0,0.0
12537,0.7717130267992616,1.1741494312882423,0.0,0.0,5.0,1.0,2.0,1.0,7.0,5.0,6.0,4.0,2.0,3.0,4.0,0.7330268621444702,-0.2247212529182434,0.0,-0.30129608511924744,-0.6061530709266663,-11.868548217391888,1.5047398889437318,0.9494281783699989,0.0,0.0,1.0,2.0,3.0,2.0,1.0,6.0,7.0,5.0,3.0,4.0,0.0
12538,1.5047398889437318,0.9494281783699989,0.0,0.0,1.0,2.0,3.0,2.0,1.0,6.0,7.0,5.0,3.0,4.0,5.0,-1.1714574098587036,-0.9397878646850586,6.0,-1.428627371788025,-0.3878955841064453,-24.827549892551065,0.33328247908502817,0.009640313684940338,0.0,0.0,2.0,3.0,4.0,3.0,2.0,1.0,1.0,6.0,4.0,5.0,0.0
12539,0.33328247908502817,0.009640313684940338,0.0,0.0,2.0,3.0,4.0,3.0,2.0,1.0,1.0,6.0,4.0,5.0,9.0,0.20384763181209564,1.1750712394714355,8.0,-0.5678192973136902,0.18785390257835388,-12.13180633107272,0.5371301108971238,1.1847115531563759,0.0,0.18785390257835388,3.0,4.0,5.0,4.0,3.0,2.0,2.0,7.0,1.0,1.0,0.0
12540,0.5371301108971238,1.1847115531563759,0.0,0.18785390257835388,3.0,4.0,5.0,4.0,3.0,2.0,2.0,7.0,1.0,1.0,0.0,-1.3834621906280518,-0.933411717414856,7.0,1.3855913877487183,0.6816026568412781,-10.433504257250144,0.0,0.25129983574151993,1.3855913877487183,0.869456559419632,1.0,5.0,6.0,5.0,4.0,3.0,3.0,1.0,2.0,2.0,0.0
12541,0.0,0.25129983574151993,1.3855913877487183,0.869456559419632,1.0,5.0,6.0,5.0,4.0,3.0,3.0,1.0,2.0,2.0,8.0,0.5159066915512085,0.07377196848392487,3.0,0.2793944478034973,-1.1386007070541382,-13.239800527416248,0.5159066915512085,0.3250718042254448,1.6649858355522156,0.0,2.0,6.0,7.0,1.0,5.0,4.0,4.0,2.0,1.0,3.0,0.0
12542,0.5159066915512085,0.3250718042254448,1.6649858355522156,0.0,2.0,6.0,7.0,1.0,5.0,4.0,4.0,2.0,1.0,3.0,8.0,1.285236120223999,-0.5258075594902039,6.0,-0.6830431818962097,-0.792483389377594,-19.55587194967225,1.8011428117752075,0.0,0.9819426536560059,0.0,3.0,7.0,8.0,2.0,6.0,5.0,1.0,3.0,1.0,4.0,0.0
12543,1.8011428117752075,0.0,0.9819426536560059,0.0,3.0,7.0,8.0,2.0,6.0,5.0,1.0,3.0,1.0,4.0,8.0,0.598454475402832,0.03961065784096718,2.0,-1.3384816646575928,-0.883769154548645,-20.603716497513133,2.3995972871780396,0.03961065784096718,0.0,0.0,4.0,8.0,1.0,3.0,7.0,6.0,2.0,4.0,1.0,5.0,0.0
12544,2.3995972871780396,0.03961065784096718,0.0,0.0,4.0,8.0,1.0,3.0,7.0,6.0,2.0,4.0,1.0,5.0,3.0,-0.42708316445350647,1.6981008052825928,1.0,1.0003151893615723,-0.9746920466423035,-14.133493241425105,1.972514122724533,1.73771146312356,1.0003151893615723,0.0,5.0,1.0,2.0,1.0,8.0,7.0,3.0,5.0,2.0,6.0,0.0
12545,1.972514122724533,1.73771146312356,1.0003151893615723,0.0,5.0,1.0,2.0,1.0,8.0,7.0,3.0,5.0,2.0,6.0,9.0,0.07697431743144989,-0.8571770191192627,8.0,-1.353344440460205,-1.7604970932006836,-19.295966820508216,2.049488440155983,0.8805344440042973,0.0,0.0,6.0,2.0,3.0,2.0,9.0,8.0,4.0,6.0,1.0,1.0,0.0
12546,2.049488440155983,0.8805344440042973,0.0,0.0,6.0,2.0,3.0,2.0,9.0,8.0,4.0,6.0,1.0,1.0,4.0,0.45456960797309875,0.05161149427294731,0.0,-1.0597364902496338,-0.3272503912448883,-13.48922849249539,2.5040580481290817,0.9321459382772446,0.0,0.0,1.0,3.0,4.0,3.0,1.0,9.0,5.0,7.0,2.0,2.0,0.0
12547,2.5040580481290817,0.9321459382772446,0.0,0.0,1.0,3.0,4.0,3.0,1.0,9.0,5.0,7.0,2.0,2.0,0.0,-1.1246227025985718,0.8312561511993408,1.0,0.8412004113197327,0.28632068634033203,-7.983326917641479,1.37943534553051,1.7634020894765854,0.8412004113197327,0.28632068634033203,1.0,1.0,5.0,4.0,2.0,10.0,6.0,8.0,3.0,3.0,0.0
12548,1.37943534553051,1.7634020894765854,0.8412004113197327,0.28632068634033203,1.0,1.0,5.0,4.0,2.0,10.0,6.0,8.0,3.0,3.0,3.0,0.16672952473163605,0.21301370859146118,3.0,1.013451099395752,-1.0247360467910767,-13.687046098177715,1.546164870262146,1.9764157980680466,1.8546515107154846,0.0,2.0,2.0,6.0,1.0,3.0,11.0,7.0,9.0,4.0,4.0,0.0
12549,1.546164870262146,1.9764157980680466,1.8546515107154846,0.0,2.0,2.0,6.0,1.0,3.0,11.0,7.0,9.0,4.0,4.0,6.0,-0.027310190722346306,-0.9310500621795654,8.0,-0.9694371819496155,-1.4420708417892456,-22.213432914132927,1.5188546795397997,1.0453657358884811,0.8852143287658691,0.0,3.0,3.0,7.0,2.0,4.0,12.0,1.0,10.0,1.0,5.0,0.0
12550,1.5188546795397997,1.0453657358884811,0.8852143287658691,0.0,3.0,3.0,7.0,2.0,4.0,12.0,1.0,10.0,1.0,5.0,0.0,1.0448096990585327,1.6333262920379639,5.0,-1.051588773727417,-0.3813130855560303,-14.194447012353326,2.5636643785983324,2.678692027926445,0.0,0.0,1.0,4.0,8.0,3.0,5.0,1.0,2.0,11.0,2.0,6.0,0.0
12551,2.5636643785983324,2.678692027926445,0.0,0.0,1.0,4.0,8.0,3.0,5.0,1.0,2.0,11.0,2.0,6.0,4.0,-0.7592750787734985,-0.7655803561210632,2.0,0.5571221113204956,0.37938475608825684,-13.54173835699339,1.8043892998248339,1.9131116718053818,0.5571221113204956,0.37938475608825684,2.0,5.0,1.0,4.0,1.0,2.0,3.0,12.0,3.0,7.0,0.0
12552,1.8043892998248339,1.9131116718053818,0.5571221113204956,0.37938475608825684,2.0,5.0,1.0,4.0,1.0,2.0,3.0,12.0,3.0,7.0,3.0,-0.33681946992874146,-1.0567294359207153,5.0,1.1656845808029175,0.9955971837043762,-11.618361476387859,1.4675698298960924,0.8563822358846664,1.722806692123413,1.374981939792633,3.0,6.0,2.0,1.0,2.0,1.0,4.0,13.0,4.0,8.0,0.0
12553,1.4675698298960924,0.8563822358846664,1.722806692123413,1.374981939792633,3.0,6.0,2.0,1.0,2.0,1.0,4.0,13.0,4.0,8.0,8.0,-0.08063675463199615,0.21316969394683838,8.0,-0.4133860170841217,-1.0860352516174316,-13.479839828228009,1.3869330752640963,1.0695519298315048,1.3094206750392914,0.2889466881752014,4.0,7.0,3.0,2.0,3.0,2.0,5.0,14.0,1.0,9.0,0.0
12554,1.3869330752640963,1.0695519298315048,1.3094206750392914,0.2889466881752014,4.0,7.0,3.0,2.0,3.0,2.0,5.0,14.0,1.0,9.0,9.0,-1.3574692010879517,-0.38183656334877014,8.0,-1.2407721281051636,0.22725574672222137,-11.020135028127392,0.0294638741761446,0.6877153664827347,0.06864854693412781,0.5162024348974228,5.0,8.0,4.0,3.0,4.0,3.0,6.0,15.0,1.0,1.0,0.0
12555,0.0294638741761446,0.6877153664827347,0.06864854693412781,0.5162024348974228,5.0,8.0,4.0,3.0,4.0,3.0,6.0,15.0,1.0,1.0,7.0,-0.8169199228286743,-1.2196354866027832,6.0,-0.6467262506484985,0.038024164736270905,-22.058422969077295,0.0,0.0,0.0,0.5542265996336937,6.0,9.0,5.0,4.0,5.0,4.0,1.0,1.0,2.0,2.0,0.0
12556,0.0,0.0,0.0,0.5542265996336937,6.0,9.0,5.0,4.0,5.0,4.0,1.0,1.0,2.0,2.0,0.0,1.4030230045318604,1.360587239265442,1.0,0.13749484717845917,-0.26707202196121216,-7.783433579008429,1.4030230045318604,1.360587239265442,0.13749484717845917,0.28715457767248154,1.0,1.0,6.0,5.0,6.0,5.0,2.0,2.0,3.0,3.0,0.0
12557,1.4030230045318604,1.360587239265442,0.13749484717845917,0.28715457767248154,1.0,1.0,6.0,5.0,6.0,5.0,2.0,2.0,3.0,3.0,4.0,-0.20767523348331451,-0.9285266399383545,3.0,-0.17039623856544495,-1.4542361497879028,-17.342241254042428,1.1953477710485458,0.4320605993270874,0.0,0.0,2.0,2.0,7.0,1.0,1.0,6.0,3.0,3.0,4.0,4.0,0.0
12558,1.1953477710485458,0.4320605993270874,0.0,0.0,2.0,2.0,7.0,1.0,1.0,6.0,3.0,3.0,4.0,4.0,8.0,-0.8382530808448792,-0.589188277721405,2.0,-0.789860725402832,-1.1570802927017212,-23.605218346736116,0.3570946902036667,0.0,0.0,0.0,3.0,3.0,1.0,2.0,2.0,7.0,4.0,4.0,1.0,5.0,0.0
12559,0.3570946902036667,0.0,0.0,0.0,3.0,3.0,1.0,2.0,2.0,7.0,4.0,4.0,1.0,5.0,9.0,-0.8752314448356628,-0.20877820253372192,6.0,0.16024033725261688,-0.411913126707077,-16.327441542582882,0.0,0.0,0.16024033725261688,0.0,4.0,4.0,2.0,3.0,3.0,8.0,1.0,5.0,2.0,1.0,0.0
12560,0.0,0.0,0.16024033725261688,0.0,4.0,4.0,2.0,3.0,3.0,8.0,1.0,5.0,2.0,1.0,9.0,-0.7328376770019531,0.2964537441730499,8.0,1.2055764198303223,-0.7054527401924133,-17.294428573858056,0.0,0.2964537441730499,1.3658167570829391,0.0,5.0,5.0,3.0,4.0,4.0,9.0,2.0,6.0,1.0,1.0,0.0
12561,0.0,0.2964537441730499,1.3658167570829391,0.0,5.0,5.0,3.0,4.0,4.0,9.0,2.0,6.0,1.0,1.0,0.0,1.0201565027236938,1.387126088142395,8.0,-0.48852837085723877,-0.7670777440071106,-13.81188646801449,1.0201565027236938,1.683579832315445,0.8772883862257004,0.0,1.0,6.0,4.0,5.0,5.0,10.0,3.0,7.0,1.0,2.0,0.0
12562,1.0201565027236938,1.683579832315445,0.8772883862257004,0.0,1.0,6.0,4.0,5.0,5.0,10.0,3.0,7.0,1.0,2.0,0.0,0.021633854135870934,-1.1255704164505005,5.0,0.7064678072929382,-0.40442511439323425,-12.487743445444051,1.0417903568595648,0.5580094158649445,1.5837561935186386,0.0,1.0,7.0,5.0,6.0,6.0,1.0,4.0,8.0,2.0,3.0,0.0
12563,1.0417903568595648,0.5580094158649445,1.5837561935186386,0.0,1.0,7.0,5.0,6.0,6.0,1.0,4.0,8.0,2.0,3.0,4.0,-0.5092973709106445,0.12048888951539993,7.0,0.3975483179092407,-0.6761249303817749,-14.305235486865627,0.5324929859489202,0.6784983053803444,1.9813045114278793,0.0,2.0,8.0,6.0,7.0,1.0,2.0,5.0,1.0,3.0,4.0,0.0
12564,0.5324929859489202,0.6784983053803444,1.9813045114278793,0.0,2.0,8.0,6.0,7.0,1.0,2.0,5.0,1.0,3.0,4.0,8.0,0.9270415306091309,1.3306822776794434,3.0,0.7182251811027527,-0.850297749042511,-14.64145219884212,1.459534516558051,2.0091805830597878,2.699529692530632,0.0,3.0,9.0,7.0,1.0,2.0,3.0,6.0,2.0,1.0,5.0,0.0
12565,1.459534516558051,2.0091805830597878,2.699529692530632,0.0,3.0,9.0,7.0,1.0,2.0,3.0,6.0,2.0,1.0,5.0,0.0,0.41245177388191223,1.14729905128479,8.0,-1.2687636613845825,-1.6450371742248535,-18.06240184546094,1.8719862904399633,3.156479634344578,1.4307660311460495,0.0,1.0,10.0,8.0,2.0,3.0,4.0,7.0,3.0,1.0,6.0,0.0
12566,1.8719862904399633,3.156479634344578,1.4307660311460495,0.0,1.0,10.0,8.0,2.0,3.0,4.0,7.0,3.0,1.0,6.0,0.0,-1.335421085357666,-0.6656832695007324,8.0,-1.1433801651000977,-1.3951176404953003,-18.404574342786667,0.5365652050822973,2.4907963648438454,0.28738586604595184,0.0,1.0,11.0,9.0,3.0,4.0,5.0,8.0,4.0,1.0,7.0,0.0
12567,0.5365652050822973,2.4907963648438454,0.28738586604595184,0.0,1.0,11.0,9.0,3.0,4.0,5.0,8.0,4.0,1.0,7.0,8.0,1.2976446151733398,0.9642593860626221,1.0,-0.37152865529060364,-1.169708490371704,-17.03207705504413,1.8342098202556372,3.4550557509064674,0.0,0.0,2.0,1.0,10.0,4.0,5.0,6.0,9.0,5.0,1.0,8.0,0.0
12568,1.8342098202556372,3.4550557509064674,0.0,0.0,2.0,1.0,10.0,4.0,5.0,6.0,9.0,5.0,1.0,8.0,4.0,-0.9548295736312866,-0.3456783890724182,7.0,0.5592431426048279,-0.31308239698410034,-13.307135008520643,0.8793802466243505,3.1093773618340492,0.5592431426048279,0.0,3.0,2.0,11.0,5.0,1.0,7.0,10.0,1.0,2.0,9.0,0.0
12569,0.8793802466243505,3.1093773618340492,0.5592431426048279,0.0,3.0,2.0,11.0,5.0,1.0,7.0,10.0,1.0,2.0,9.0,0.0,0.1763288676738739,0.7850040197372437,5.0,0.5265939235687256,-1.4316641092300415,-19.348263993642433,1.0557091142982244,3.894381381571293,1.0858370661735535,0.0,1.0,3.0,12.0,6.0,2.0,1.0,11.0,2.0,3.0,10.0,0.0
12570,1.0557091142982244,3.894381381571293,1.0858370661735535,0.0,1.0,3.0,12.0,6.0,2.0,1.0,11.0,2.0,3.0,10.0,8.0,0.5750740170478821,0.8984476327896118,6.0,-0.3621002733707428,-1.2275108098983765,-18.042322887352647,1.6307831313461065,4.792829014360905,0.7237367928028107,0.0,2.0,4.0,13.0,7.0,3.0,2.0,1.0,3.0,1.0,11.0,0.0
12571,1.6307831313461065,4.792829014360905,0.7237367928028107,0.0,2.0,4.0,13.0,7.0,3.0,2.0,1.0,3.0,1.0,11.0,9.0,1.02344810962677,-0.0691976472735405,2.0,-1.0159074068069458,-1.5347768068313599,-18.57065924005706,2.6542312409728765,4.723631367087364,0.0,0.0,3.0,5.0,1.0,8.0,4.0,3.0,2.0,4.0,2.0,1.0,0.0
12572,2.6542312409728765,4.723631367087364,0.0,0.0,3.0,5.0,1.0,8.0,4.0,3.0,2.0,4.0,2.0,1.0,3.0,1.6680574417114258,-1.4069801568984985,1.0,1.216396689414978,-0.31051772832870483,-9.425120503517828,4.322288682684302,3.3166512101888657,1.216396689414978,0.0,4.0,1.0,2.0,1.0,5.0,4.0,3.0,5.0,3.0,2.0,0.0
12573,4.322288682684302,3.3166512101888657,1.216396689414978,0.0,4.0,1.0,2.0,1.0,5.0,4.0,3.0,5.0,3.0,2.0,4.0,-1.5642861127853394,-1.5944314002990723,8.0,-0.5236715078353882,-0.26611796021461487,-12.46801962386299,2.758002569898963,1.7222198098897934,0.6927251815795898,0.0,5.0,2.0,3.0,2.0,1.0,5.0,4.0,6.0,1.0,3.0,0.0
12574,2.758002569898963,1.7222198098897934,0.6927251815795898,0.0,5.0,2.0,3.0,2.0,1.0,5.0,4.0,6.0,1.0,3.0,0.0,0.1450442224740982,0.5537397265434265,0.0,-0.6987780928611755,-0.27775195240974426,-6.163356760494402,2.903046792373061,2.27595953643322,0.0,0.0,1.0,3.0,4.0,3.0,2.0,6.0,5.0,7.0,2.0,4.0,0.0
12575,2.903046792373061,2.27595953643322,0.0,0.0,1.0,3.0,4.0,3.0,2.0,6.0,5.0,7.0,2.0,4.0,9.0,0.7737904787063599,-0.491515189409256,1.0,1.123463749885559,0.9498581886291504,-7.239433306782345,3.676837271079421,1.784444347023964,1.123463749885559,0.9498581886291504,2.0,1.0,5.0,4.0,3.0,7.0,6.0,8.0,3.0,1.0,0.0
12576,3.676837271079421,1.784444347023964,1.123463749885559,0.9498581886291504,2.0,1.0,5.0,4.0,3.0,7.0,6.0,8.0,3.0,1.0,0.0,0.3531210720539093,0.07707051187753677,6.0,-1.3502461910247803,-1.3935834169387817,-14.010814455927395,4.02995834313333,1.8615148589015007,0.0,0.0,1.0,2.0,6.0,5.0,4.0,8.0,1.0,9.0,4.0,2.0,0.0
12577,4.02995834313333,1.8615148589015007,0.0,0.0,1.0,2.0,6.0,5.0,4.0,8.0,1.0,9.0,4.0,2.0,3.0,-0.7726383805274963,-0.4298430383205414,0.0,1.0385440587997437,-0.7706111669540405,-11.466314219948686,3.257319962605834,1.4316718205809593,1.0385440587997437,0.0,1.0,3.0,7.0,1.0,5.0,9.0,2.0,10.0,5.0,3.0,0.0
12578,3.257319962605834,1.4316718205809593,1.0385440587997437,0.0,1.0,3.0,7.0,1.0,5.0,9.0,2.0,10.0,5.0,3.0,0.0,-0.10923804342746735,-1.2198182344436646,8.0,0.44431430101394653,0.07601051032543182,-10.04779753488672,3.1480819191783667,0.21185358613729477,1.4828583598136902,0.07601051032543182,1.0,4.0,8.0,2.0,6.0,10.0,3.0,11.0,1.0,4.0,0.0
12579,3.1480819191783667,0.21185358613729477,1.4828583598136902,0.07601051032543182,1.0,4.0,8.0,2.0,6.0,10.0,3.0,11.0,1.0,4.0,0.0,0.6574002504348755,-1.0862364768981934,5.0,-1.5007359981536865,0.9886806607246399,-16.540550571124626,3.805482169613242,0.0,0.0,1.0646911710500717,1.0,5.0,9.0,3.0,7.0,1.0,4.0,12.0,2.0,5.0,0.0
12580,3.805482169613242,0.0,0.0,1.0646911710500717,1.0,5.0,9.0,3.0,7.0,1.0,4.0,12.0,2.0,5.0,4.0,-1.3133609294891357,1.3038071393966675,2.0,-1.224043846130371,-0.1171974167227745,-19.691042277899967,2.4921212401241064,1.3038071393966675,0.0,0.9474937543272972,2.0,6.0,1.0,4.0,1.0,2.0,5.0,13.0,3.0,6.0,0.0
12581,2.4921212401241064,1.3038071393966675,0.0,0.9474937543272972,2.0,6.0,1.0,4.0,1.0,2.0,5.0,13.0,3.0,6.0,3.0,-1.1014785766601562,-0.4139758050441742,8.0,-0.9016762971878052,1.1326110363006592,-15.231025498617193,1.3906426634639502,0.8898313343524933,0.0,2.0801047906279564,3.0,7.0,2.0,1.0,2.0,3.0,6.0,14.0,1.0,7.0,0.0
12582,1.3906426634639502,0.8898313343524933,0.0,2.0801047906279564,3.0,7.0,2.0,1.0,2.0,3.0,6.0,14.0,1.0,7.0,9.0,-0.9455174207687378,0.3817179799079895,1.0,-0.11168769001960754,0.2094964236021042,-9.273148226095923,0.44512524269521236,1.2715493142604828,0.0,2.2896012142300606,4.0,1.0,3.0,2.0,3.0,4.0,7.0,15.0,2.0,1.0,0.0
12583,0.44512524269521236,1.2715493142604828,0.0,2.2896012142300606,4.0,1.0,3.0,2.0,3.0,4.0,7.0,15.0,2.0,1.0,7.0,0.13242855668067932,-0.8322360515594482,7.0,0.9219260811805725,-1.3489042520523071,-9.009382718585325,0.5775537993758917,0.43931326270103455,0.9219260811805725,0.9406969621777534,5.0,2.0,4.0,3.0,4.0,5.0,8.0,1.0,3.0,2.0,0.0
12584,0.5775537993758917,0.43931326270103455,0.9219260811805725,0.9406969621777534,5.0,2.0,4.0,3.0,4.0,5.0,8.0,1.0,3.0,2.0,4.0,-0.7190425992012024,0.5674636960029602,3.0,-0.5287778973579407,-1.1429506540298462,-14.771805160672985,0.0,1.0067769587039948,0.39314818382263184,0.0,6.0,3.0,5.0,1.0,1.0,6.0,9.0,2.0,4.0,3.0,0.0
12585,0.0,1.0067769587039948,0.39314818382263184,0.0,6.0,3.0,5.0,1.0,1.0,6.0,9.0,2.0,4.0,3.0,8.0,-0.9700018167495728,1.1372871398925781,0.0,-0.9909155964851379,-0.35190993547439575,-16.80836115220977,0.0,2.144064098596573,0.0,0.0,1.0,4.0,6.0,2.0,2.0,7.0,10.0,3.0,1.0,4.0,0.0
12586,0.0,2.144064098596573,0.0,0.0,1.0,4.0,6.0,2.0,2.0,7.0,10.0,3.0,1.0,4.0,0.0,1.1819590330123901,-1.5011554956436157,6.0,0.9701781272888184,-0.386605829000473,-12.017353979558115,1.1819590330123901,0.6429086029529572,0.9701781272888184,0.0,1.0,5.0,7.0,3.0,3.0,8.0,1.0,4.0,2.0,5.0,0.0
12587,1.1819590330123901,0.6429086029529572,0.9701781272888184,0.0,1.0,5.0,7.0,3.0,3.0,8.0,1.0,4.0,2.0,5.0,9.0,1.3452718257904053,-0.36879950761795044,1.0,0.012023646384477615,-0.47195208072662354,-10.281632066968633,2.5272308588027954,0.2741090953350067,0.982201773673296,0.0,2.0,1.0,8.0,4.0,4.0,9.0,2.0,5.0,3.0,1.0,0.0
12588,2.5272308588027954,0.2741090953350067,0.982201773673296,0.0,2.0,1.0,8.0,4.0,4.0,9.0,2.0,5.0,3.0,1.0,9.0,-0.7472720146179199,-0.5366291999816895,0.0,-1.0878123044967651,-1.6455241441726685,-15.921704759663374,1.7799588441848755,0.0,0.0,0.0,1.0,2.0,9.0,5.0,5.0,10.0,3.0,6.0,4.0,1.0,0.0
12589,1.7799588441848755,0.0,0.0,0.0,1.0,2.0,9.0,5.0,5.0,10.0,3.0,6.0,4.0,1.0,0.0,0.1328655630350113,0.6919493079185486,3.0,0.3666081726551056,-0.6214215755462646,-11.709779224784272,1.9128244072198868,0.6919493079185486,0.3666081726551056,0.0,1.0,3.0,10.0,1.0,6.0,11.0,4.0,7.0,5.0,2.0,0.0
12590,1.9128244072198868,0.6919493079185486,0.3666081726551056,0.0,1.0,3.0,10.0,1.0,6.0,11.0,4.0,7.0,5.0,2.0,8.0,-0.37457531690597534,-1.2176576852798462,8.0,-0.26973506808280945,-0.5748408436775208,-21.526828930688325,1.5382490903139114,0.0,0.09687310457229614,0.0,2.0,4.0,11.0,2.0,7.0,12.0,5.0,8.0,1.0,3.0,0.0
12591,1.5382490903139114,0.0,0.09687310457229614,0.0,2.0,4.0,11.0,2.0,7.0,12.0,5.0,8.0,1.0,3.0,9.0,-0.4451296925544739,-0.7794834971427917,9.0,-0.16343320906162262,-1.1978886127471924,-18.283871134129928,1.0931193977594376,0.0,0.0,0.0,3.0,5.0,12.0,3.0,8.0,13.0,6.0,9.0,2.0,1.0,0.0
12592,1.0931193977594376,0.0,0.0,0.0,3.0,5.0,12.0,3.0,8.0,13.0,6.0,9.0,2.0,1.0,0.0,0.514809250831604,-0.5248827934265137,5.0,-0.011000075377523899,-0.8958470821380615,-20.720421394134362,1.6079286485910416,0.0,0.0,0.0,1.0,6.0,13.0,4.0,9.0,1.0,7.0,10.0,3.0,2.0,0.0
12593,1.6079286485910416,0.0,0.0,0.0,1.0,6.0,13.0,4.0,9.0,1.0,7.0,10.0,3.0,2.0,4.0,-0.7513985633850098,1.0304300785064697,2.0,-0.09426009654998779,-0.03892022743821144,-16.778492105331374,0.8565300852060318,1.0304300785064697,0.0,0.0,2.0,7.0,1.0,5.0,1.0,2.0,8.0,11.0,4.0,3.0,0.0
12594,0.8565300852060318,1.0304300785064697,0.0,0.0,2.0,7.0,1.0,5.0,1.0,2.0,8.0,11.0,4.0,3.0,7.0,-0.3500639498233795,-0.3759903013706207,1.0,1.3552473783493042,1.673490047454834,-9.070586345930284,0.5064661353826523,0.654439777135849,1.3552473783493042,1.673490047454834,3.0,1.0,2.0,6.0,2.0,3.0,9.0,1.0,5.0,4.0,0.0
12595,0.5064661353826523,0.654439777135849,1.3552473783493042,1.673490047454834,3.0,1.0,2.0,6.0,2.0,3.0,9.0,1.0,5.0,4.0,3.0,-0.8995976448059082,1.0206254720687866,3.0,-1.347937822341919,0.6834011077880859,-9.409043041022457,0.0,1.6750652492046356,0.007309556007385254,2.35689115524292,4.0,2.0,3.0,1.0,3.0,4.0,10.0,2.0,6.0,5.0,0.0
12596,0.0,1.6750652492046356,0.007309556007385254,2.35689115524292,4.0,2.0,3.0,1.0,3.0,4.0,10.0,2.0,6.0,5.0,8.0,-1.3570899963378906,0.3723547160625458,8.0,-1.6329890489578247,-0.932285487651825,-27.113528459472725,0.0,2.0474199652671814,0.0,1.424605667591095,5.0,3.0,4.0,2.0,4.0,5.0,11.0,3.0,1.0,6.0,0.0
12597,0.0,2.0474199652671814,0.0,1.424605667591095,5.0,3.0,4.0,2.0,4.0,5.0,11.0,3.0,1.0,6.0,4.0,-1.7089269161224365,-0.15815989673137665,6.0,0.29067277908325195,-1.2037004232406616,-24.32890303577105,0.0,1.8892600685358047,0.29067277908325195,0.22090524435043335,6.0,4.0,5.0,3.0,1.0,6.0,1.0,4.0,2.0,7.0,0.0
12598,0.0,1.8892600685358047,0.29067277908325195,0.22090524435043335,6.0,4.0,5.0,3.0,1.0,6.0,1.0,4.0,2.0,7.0,9.0,-0.03833780810236931,1.166938066482544,1.0,-0.3294517993927002,-0.21829330921173096,-9.106067308768154,0.0,3.0561981350183487,0.0,0.0026119351387023926,7.0,1.0,6.0,4.0,2.0,7.0,2.0,5.0,3.0,1.0,0.0
12599,0.0,3.0561981350183487,0.0,0.0026119351387023926,7.0,1.0,6.0,4.0,2.0,7.0,2.0,5.0,3.0,1.0,0.0,1.1413590908050537,0.13441015779972076,3.0,0.8641317486763,-0.9809961318969727,-12.511961086128043,1.1413590908050537,3.1906082928180695,0.8641317486763,0.0,1.0,2.0,7.0,1.0,3.0,8.0,3.0,6.0,4.0,2.0,1.0
12600,8.755303382873535,0.8123656511306763,1.8389559984207153,7.04030704498291,1.0,1.0,1.0,1.0,1.0,1.0,1.0,1.0,1.0,1.0,4.0,-1.8625463247299194,-1.5360101461410522,8.0,-1.970836877822876,-1.7012947797775269,-9.80061930054114,6.892757058143616,0.0,0.0,5.339012265205383,2.0,2.0,2.0,2.0,1.0,2.0,2.0,2.0,1.0,2.0,0.0
12601,6.892757058143616,0.0,0.0,5.339012265205383,2.0,2.0,2.0,2.0,1.0,2.0,2.0,2.0,1.0,2.0,8.0,-1.904339075088501,-0.7671270966529846,3.0,-1.5573232173919678,-1.682145595550537,-19.4163058065841,4.988417983055115,0.0,0.0,3.656866669654846,3.0,3.0,3.0,1.0,2.0,3.0,3.0,3.0,1.0,3.0,0.0
12602,4.988417983055115,0.0,0.0,3.656866669654846,3.0,3.0,3.0,1.0,2.0,3.0,3.0,3.0,1.0,3.0,4.0,-1.7392702102661133,0.410722941160202,3.0,-1.8963196277618408,-0.5585833191871643,-16.843571706475664,3.2491477727890015,0.410722941160202,0.0,3.098283350467682,4.0,4.0,4.0,1.0,1.0,4.0,4.0,4.0,2.0,4.0,0.0
12603,3.2491477727890015,0.410722941160202,0.0,3.098283350467682,4.0,4.0,4.0,1.0,1.0,4.0,4.0,4.0,2.0,4.0,9.0,-1.8567192554473877,-0.45199429988861084,0.0,-1.780630111694336,-1.0460087060928345,-14.178215797195076,1.3924285173416138,0.0,0.0,2.0522746443748474,1.0,5.0,5.0,2.0,2.0,5.0,5.0,5.0,3.0,1.0,0.0
12604,1.3924285173416138,0.0,0.0,2.0522746443748474,1.0,5.0,5.0,2.0,2.0,5.0,5.0,5.0,3.0,1.0,8.0,-0.5447322726249695,-0.3781723082065582,7.0,0.4935447871685028,-0.7760139107704163,-13.57727688765762,0.8476962447166443,0.0,0.4935447871685028,1.2762607336044312,2.0,6.0,6.0,3.0,3.0,6.0,6.0,1.0,1.0,2.0,0.0
12605,0.8476962447166443,0.0,0.4935447871685028,1.2762607336044312,2.0,6.0,6.0,3.0,3.0,6.0,6.0,1.0,1.0,2.0,8.0,0.5455108880996704,1.4889633655548096,9.0,0.6442311406135559,-1.5096145868301392,-9.789997095566363,1.3932071328163147,1.4889633655548096,1.1377759277820587,0.0,3.0,7.0,7.0,4.0,4.0,7.0,7.0,2.0,1.0,1.0,0.0
12606,1.3932071328163147,1.4889633655548096,1.1377759277820587,0.0,3.0,7.0,7.0,4.0,4.0,7.0,7.0,2.0,1.0,1.0,8.0,0.6622114777565002,0.6436132788658142,3.0,-0.4300403594970703,-1.5121746063232422,-18.32264181021948,2.055418610572815,2.132576644420624,0.7077355682849884,0.0,4.0,8.0,8.0,1.0,5.0,8.0,8.0,3.0,1.0,2.0,0.0
12607,2.055418610572815,2.132576644420624,0.7077355682849884,0.0,4.0,8.0,8.0,1.0,5.0,8.0,8.0,3.0,1.0,2.0,4.0,1.105668544769287,-0.3267081677913666,8.0,-1.5155599117279053,-1.0514765977859497,-19.83391971267868,3.161087155342102,1.8058684766292572,0.0,0.0,5.0,9.0,9.0,2.0,1.0,9.0,9.0,4.0,1.0,3.0,0.0
12608,3.161087155342102,1.8058684766292572,0.0,0.0,5.0,9.0,9.0,2.0,1.0,9.0,9.0,4.0,1.0,3.0,4.0,-1.2729159593582153,-0.3903438150882721,2.0,-0.49617207050323486,-1.1477681398391724,-22.115425657655248,1.8881711959838867,1.415524661540985,0.0,0.0,6.0,10.0,1.0,3.0,1.0,10.0,10.0,5.0,2.0,4.0,0.0
12609,1.8881711959838867,1.415524661540985,0.0,0.0,6.0,10.0,1.0,3.0,1.0,10.0,10.0,5.0,2.0,4.0,9.0,-0.08431072533130646,0.6343726515769958,1.0,-0.23617279529571533,-0.9457646608352661,-14.218425384916825,1.8038604706525803,2.049897313117981,0.0,0.0,7.0,1.0,2.0,4.0,2.0,11.0,11.0,6.0,3.0,1.0,0.0
12610,1.8038604706525803,2.049897313117981,0.0,0.0,7.0,1.0,2.0,4.0,2.0,11.0,11.0,6.0,3.0,1.0,0.0,-0.7604356408119202,-1.7198275327682495,3.0,0.9180217385292053,-0.07240792363882065,-8.89469699337248,1.04342482984066,0.33006978034973145,0.9180217385292053,0.0,1.0,2.0,3.0,1.0,3.0,12.0,12.0,7.0,4.0,2.0,0.0
12611,1.04342482984066,0.33006978034973145,0.9180217385292053,0.0,1.0,2.0,3.0,1.0,3.0,12.0,12.0,7.0,4.0,2.0,4.0,-0.5037689208984375,-1.1927297115325928,6.0,-0.1762692928314209,0.3888261616230011,-20.334128480968015,0.5396559089422226,0.0,0.7417524456977844,0.3888261616230011,2.0,3.0,4.0,2.0,1.0,13.0,1.0,8.0,5.0,3.0,0.0
12612,0.5396559089422226,0.0,0.7417524456977844,0.3888261616230011,2.0,3.0,4.0,2.0,1.0,13.0,1.0,8.0,5.0,3.0,0.0,0.40705057978630066,1.0295913219451904,8.0,0.9539384841918945,0.7059080004692078,-8.590029121732709,0.9467064887285233,1.0295913219451904,1.695690929889679,1.0947341620922089,1.0,4.0,5.0,3.0,2.0,14.0,2.0,9.0,1.0,4.0,0.0
12613,0.9467064887285233,1.0295913219451904,1.695690929889679,1.0947341620922089,1.0,4.0,5.0,3.0,2.0,14.0,2.0,9.0,1.0,4.0,8.0,1.8121933937072754,0.18443025648593903,5.0,-0.540385365486145,-1.1665257215499878,-13.813833066504895,2.7588998824357986,1.2140215784311295,1.155305564403534,0.0,2.0,5.0,6.0,4.0,3.0,1.0,3.0,10.0,1.0,5.0,0.0
12614,2.7588998824357986,1.2140215784311295,1.155305564403534,0.0,2.0,5.0,6.0,4.0,3.0,1.0,3.0,10.0,1.0,5.0,4.0,-1.0717686414718628,0.6294198632240295,2.0,0.7274046540260315,-0.41555288434028625,-15.173396352051434,1.6871312409639359,1.843441441655159,1.8827102184295654,0.0,3.0,6.0,1.0,5.0,1.0,2.0,4.0,11.0,2.0,6.0,0.0
12615,1.6871312409639359,1.843441441655159,1.8827102184295654,0.0,3.0,6.0,1.0,5.0,1.0,2.0,4.0,11.0,2.0,6.0,9.0,-0.7225868105888367,0.8162286281585693,8.0,-0.6552293300628662,0.2927006185054779,-9.268174302156536,0.9645444303750992,2.6596700698137283,1.2274808883666992,0.2927006185054779,4.0,7.0,2.0,6.0,2.0,3.0,5.0,12.0,1.0,1.0,0.0
12616,0.9645444303750992,2.6596700698137283,1.2274808883666992,0.2927006185054779,4.0,7.0,2.0,6.0,2.0,3.0,5.0,12.0,1.0,1.0,3.0,-1.4461796283721924,-1.4531347751617432,1.0,0.09030627459287643,-0.7453024387359619,-14.061954217832776,0.0,1.2065352946519852,1.3177871629595757,0.0,5.0,1.0,3.0,1.0,3.0,4.0,6.0,13.0,2.0,2.0,0.0
12617,0.0,1.2065352946519852,1.3177871629595757,0.0,5.0,1.0,3.0,1.0,3.0,4.0,6.0,13.0,2.0,2.0,0.0,0.17167174816131592,0.16408248245716095,2.0,0.1428522914648056,-1.188089370727539,-16.68232532916182,0.17167174816131592,1.3706177771091461,1.4606394544243813,0.0,1.0,2.0,1.0,2.0,4.0,5.0,7.0,14.0,3.0,3.0,0.0
12618,0.17167174816131592,1.3706177771091461,1.4606394544243813,0.0,1.0,2.0,1.0,2.0,4.0,5.0,7.0,14.0,3.0,3.0,9.0,0.00631225248798728,0.5627188682556152,8.0,0.3766700327396393,0.5750312805175781,-9.340051205094937,0.1779840006493032,1.9333366453647614,1.8373094871640205,0.5750312805175781,2.0,3.0,2.0,3.0,5.0,6.0,8.0,15.0,1.0,1.0,0.0
12619,0.1779840006493032,1.9333366453647614,1.8373094871640205,0.5750312805175781,2.0,3.0,2.0,3.0,5.0,6.0,8.0,15.0,1.0,1.0,4.0,0.32827311754226685,-0.5254845023155212,3.0,0.8622797131538391,0.14057573676109314,-12.5626922797362,0.50625711819157,1.4078521430492401,2.6995892003178596,0.7156070172786713,3.0,4.0,3.0,1.0,1.0,7.0,9.0,16.0,2.0,2.0,0.0
12620,0.50625711819157,1.4078521430492401,2.6995892003178596,0.7156070172786713,3.0,4.0,3.0,1.0,1.0,7.0,9.0,16.0,2.0,2.0,7.0,-1.1457048654556274,0.10965292900800705,1.0,-0.2944623529911041,-0.9771099090576172,-13.875505181344097,0.0,1.5175050720572472,2.4051268473267555,0.0,4.0,1.0,4.0,2.0,2.0,8.0,10.0,1.0,3.0,3.0,0.0
12621,0.0,1.5175050720572472,2.4051268473267555,0.0,4.0,1.0,4.0,2.0,2.0,8.0,10.0,1.0,3.0,3.0,2.0,0.16204141080379486,1.2156422138214111,0.0,-0.7018899321556091,-0.4926620125770569,-11.447129351577557,0.16204141080379486,2.7331472858786583,1.7032369151711464,0.0,1.0,2.0,1.0,3.0,3.0,9.0,11.0,2.0,4.0,4.0,0.0
12622,0.16204141080379486,2.7331472858786583,1.7032369151711464,0.0,1.0,2.0,1.0,3.0,3.0,9.0,11.0,2.0,4.0,4.0,4.0,-0.17758265137672424,-0.023449210450053215,6.0,0.9376214742660522,-1.0141433477401733,-17.39302919837285,0.0,2.709698075428605,2.6408583894371986,0.0,2.0,3.0,2.0,4.0,1.0,10.0,1.0,3.0,5.0,5.0,0.0
12623,0.0,2.709698075428605,2.6408583894371986,0.0,2.0,3.0,2.0,4.0,1.0,10.0,1.0,3.0,5.0,5.0,9.0,-0.15565438568592072,-0.07171645015478134,8.0,-0.9244985580444336,-1.2881346940994263,-16.232015802483716,0.0,2.6379816252738237,1.716359831392765,0.0,3.0,4.0,3.0,5.0,2.0,11.0,2.0,4.0,1.0,1.0,0.0
12624,0.0,2.6379816252738237,1.716359831392765,0.0,3.0,4.0,3.0,5.0,2.0,11.0,2.0,4.0,1.0,1.0,9.0,0.0903128907084465,0.8362178206443787,5.0,0.5920617580413818,-0.737500786781311,-12.61845420664352,0.0903128907084465,3.4741994459182024,2.308421589434147,0.0,4.0,5.0,4.0,6.0,3.0,1.0,3.0,5.0,2.0,1.0,0.0
12625,0.0903128907084465,3.4741994459182024,2.308421589434147,0.0,4.0,5.0,4.0,6.0,3.0,1.0,3.0,5.0,2.0,1.0,3.0,0.9431542158126831,-0.9274938702583313,1.0,1.3169842958450317,0.28493058681488037,-5.929115796773259,1.0334671065211296,2.546705575659871,3.6254058852791786,0.28493058681488037,5.0,1.0,5.0,1.0,4.0,2.0,4.0,6.0,3.0,2.0,0.0
12626,1.0334671065211296,2.546705575659871,3.6254058852791786,0.28493058681488037,5.0,1.0,5.0,1.0,4.0,2.0,4.0,6.0,3.0,2.0,4.0,-0.8763716816902161,1.645987868309021,0.0,-1.3962650299072266,-1.8122586011886597,-15.641241757332658,0.15709542483091354,4.192693443968892,2.229140855371952,0.0,1.0,2.0,6.0,2.0,1.0,3.0,5.0,7.0,4.0,3.0,0.0
12627,0.15709542483091354,4.192693443968892,2.229140855371952,0.0,1.0,2.0,6.0,2.0,1.0,3.0,5.0,7.0,4.0,3.0,4.0,0.8702337145805359,-0.3053036332130432,5.0,-0.819754958152771,-0.8013696670532227,-17.338637119205025,1.0273291394114494,3.887389810755849,1.409385897219181,0.0,2.0,3.0,7.0,3.0,1.0,1.0,6.0,8.0,5.0,4.0,0.0
12628,1.0273291394114494,3.887389810755849,1.409385897219181,0.0,2.0,3.0,7.0,3.0,1.0,1.0,6.0,8.0,5.0,4.0,4.0,-0.8074846267700195,-0.5475224256515503,8.0,0.1519177258014679,-1.1945141553878784,-19.669001455403745,0.2198445126414299,3.3398673851042986,1.561303623020649,0.0,3.0,4.0,8.0,4.0,1.0,2.0,7.0,9.0,1.0,5.0,0.0
12629,0.2198445126414299,3.3398673851042986,1.561303623020649,0.0,3.0,4.0,8.0,4.0,1.0,2.0,7.0,9.0,1.0,5.0,3.0,-0.5255133509635925,0.6874768137931824,0.0,-0.608369767665863,-0.538886308670044,-10.128249989585122,0.0,4.027344198897481,0.9529338553547859,0.0,1.0,5.0,9.0,1.0,2.0,3.0,8.0,10.0,2.0,6.0,0.0
12630,0.0,4.027344198897481,0.9529338553547859,0.0,1.0,5.0,9.0,1.0,2.0,3.0,8.0,10.0,2.0,6.0,9.0,-0.11699233204126358,-0.42832979559898376,8.0,-0.4227706789970398,-1.7315881252288818,-20.102542688800597,0.0,3.599014403298497,0.5301631763577461,0.0,2.0,6.0,10.0,2.0,3.0,4.0,9.0,11.0,1.0,1.0,0.0
12631,0.0,3.599014403298497,0.5301631763577461,0.0,2.0,6.0,10.0,2.0,3.0,4.0,9.0,11.0,1.0,1.0,0.0,0.9580668210983276,-0.8652880787849426,2.0,1.3283075094223022,-0.6010810136795044,-13.7686459431362,0.9580668210983276,2.7337263245135546,1.8584706857800484,0.0,1.0,7.0,1.0,3.0,4.0,5.0,10.0,12.0,2.0,2.0,0.0
12632,0.9580668210983276,2.7337263245135546,1.8584706857800484,0.0,1.0,7.0,1.0,3.0,4.0,5.0,10.0,12.0,2.0,2.0,4.0,-0.24566227197647095,-0.6963450312614441,1.0,0.6076086163520813,-0.29894211888313293,-12.577972978236101,0.7124045491218567,2.0373812932521105,2.4660793021321297,0.0,2.0,1.0,2.0,4.0,1.0,6.0,11.0,13.0,3.0,3.0,0.0
12633,0.7124045491218567,2.0373812932521105,2.4660793021321297,0.0,2.0,1.0,2.0,4.0,1.0,6.0,11.0,13.0,3.0,3.0,3.0,-0.7936351299285889,-0.44039493799209595,5.0,-0.18416276574134827,0.24297471344470978,-11.851990965216519,0.0,1.5969863552600145,2.2819165363907814,0.24297471344470978,3.0,2.0,3.0,1.0,2.0,1.0,12.0,14.0,4.0,4.0,0.0
12634,0.0,1.5969863552600145,2.2819165363907814,0.24297471344470978,3.0,2.0,3.0,1.0,2.0,1.0,12.0,14.0,4.0,4.0,4.0,-1.2021763324737549,-0.042658042162656784,8.0,0.8179287910461426,0.1738453358411789,-20.396470339124768,0.0,1.5543283130973577,3.099845327436924,0.41682004928588867,4.0,3.0,4.0,2.0,1.0,2.0,13.0,15.0,1.0,5.0,0.0
12635,0.0,1.5543283130973577,3.099845327436924,0.41682004928588867,4.0,3.0,4.0,2.0,1.0,2.0,13.0,15.0,1.0,5.0,4.0,-0.022227684035897255,-0.08875170350074768,6.0,0.38492506742477417,0.08246079087257385,-13.017267227799621,0.0,1.46557660959661,3.484770394861698,0.4992808401584625,5.0,4.0,5.0,3.0,1.0,3.0,1.0,16.0,2.0,6.0,0.0
12636,0.0,1.46557660959661,3.484770394861698,0.4992808401584625,5.0,4.0,5.0,3.0,1.0,3.0,1.0,16.0,2.0,6.0,7.0,-1.1004478931427002,0.27518051862716675,8.0,0.9221832752227783,-0.7058579325675964,-18.179235689736412,0.0,1.7407571282237768,4.4069536700844765,0.0,6.0,5.0,6.0,4.0,2.0,4.0,2.0,1.0,1.0,7.0,0.0
12637,0.0,1.7407571282237768,4.4069536700844765,0.0,6.0,5.0,6.0,4.0,2.0,4.0,2.0,1.0,1.0,7.0,9.0,-0.9379494786262512,1.5953328609466553,4.0,-1.695623517036438,-1.5869743824005127,-20.8874287473882,0.0,3.336089989170432,2.7113301530480385,0.0,7.0,6.0,7.0,5.0,1.0,5.0,3.0,2.0,2.0,1.0,0.0
12638,0.0,3.336089989170432,2.7113301530480385,0.0,7.0,6.0,7.0,5.0,1.0,5.0,3.0,2.0,2.0,1.0,8.0,-0.7552043795585632,-1.5669190883636475,0.0,-1.2821279764175415,-1.6561155319213867,-20.36248467476956,0.0,1.7691709008067846,1.429202176630497,0.0,1.0,7.0,8.0,6.0,2.0,6.0,4.0,3.0,1.0,2.0,0.0
12639,0.0,1.7691709008067846,1.429202176630497,0.0,1.0,7.0,8.0,6.0,2.0,6.0,4.0,3.0,1.0,2.0,8.0,-0.46832960844039917,0.2929169535636902,3.0,0.7959480285644531,-0.1425437182188034,-14.431812451783774,0.0,2.062087854370475,2.22515020519495,0.0,2.0,8.0,9.0,1.0,3.0,7.0,5.0,4.0,1.0,3.0,0.0
12640,0.0,2.062087854370475,2.22515020519495,0.0,2.0,8.0,9.0,1.0,3.0,7.0,5.0,4.0,1.0,3.0,8.0,0.8885414004325867,0.5866370797157288,1.0,0.4204616844654083,-0.004976500757038593,-9.10795486908727,0.8885414004325867,2.6487249340862036,2.6456118896603584,0.0,3.0,1.0,10.0,2.0,4.0,8.0,6.0,5.0,1.0,4.0,0.0
12641,0.8885414004325867,2.6487249340862036,2.6456118896603584,0.0,3.0,1.0,10.0,2.0,4.0,8.0,6.0,5.0,1.0,4.0,0.0,0.23533785343170166,-0.27412208914756775,3.0,-0.8359658718109131,-0.7610139846801758,-12.517317077913194,1.1238792538642883,2.374602844938636,1.8096460178494453,0.0,1.0,2.0,11.0,1.0,5.0,9.0,7.0,6.0,2.0,5.0,0.0
12642,1.1238792538642883,2.374602844938636,1.8096460178494453,0.0,1.0,2.0,11.0,1.0,5.0,9.0,7.0,6.0,2.0,5.0,0.0,1.7502361536026,-1.31134831905365,6.0,-0.5219365954399109,0.07059274613857269,-10.564688363343413,2.8741154074668884,1.063254525884986,1.2877094224095345,0.07059274613857269,1.0,3.0,12.0,2.0,6.0,10.0,1.0,7.0,3.0,6.0,0.0
12643,2.8741154074668884,1.063254525884986,1.2877094224095345,0.07059274613857269,1.0,3.0,12.0,2.0,6.0,10.0,1.0,7.0,3.0,6.0,0.0,0.7165078520774841,-0.9614006876945496,8.0,-0.5259645581245422,-1.143578290939331,-16.570523449761165,3.5906232595443726,0.10185383819043636,0.7617448642849922,0.0,1.0,4.0,13.0,3.0,7.0,11.0,2.0,8.0,1.0,7.0,0.0
12644,3.5906232595443726,0.10185383819043636,0.7617448642849922,0.0,1.0,4.0,13.0,3.0,7.0,11.0,2.0,8.0,1.0,7.0,0.0,0.1744011491537094,0.22882169485092163,8.0,0.20242078602313995,-1.4454162120819092,-19.107043660071376,3.765024408698082,0.330675533041358,0.9641656503081322,0.0,1.0,5.0,14.0,4.0,8.0,12.0,3.0,9.0,1.0,8.0,0.0
12645,3.765024408698082,0.330675533041358,0.9641656503081322,0.0,1.0,5.0,14.0,4.0,8.0,12.0,3.0,9.0,1.0,8.0,0.0,1.725560188293457,0.7243421673774719,7.0,-0.8298858404159546,-1.3105288743972778,-16.92170898957192,5.490584596991539,1.05501770041883,0.13427980989217758,0.0,1.0,6.0,15.0,5.0,9.0,13.0,4.0,1.0,2.0,9.0,0.0
12646,5.490584596991539,1.05501770041883,0.13427980989217758,0.0,1.0,6.0,15.0,5.0,9.0,13.0,4.0,1.0,2.0,9.0,8.0,-1.3162561655044556,-0.4845382571220398,2.0,-1.2990765571594238,-1.7531790733337402,-27.274888857445767,4.174328431487083,0.5704794432967901,0.0,0.0,2.0,7.0,1.0,6.0,10.0,14.0,5.0,2.0,1.0,10.0,0.0
12647,4.174328431487083,0.5704794432967901,0.0,0.0,2.0,7.0,1.0,6.0,10.0,14.0,5.0,2.0,1.0,10.0,4.0,-1.5155869722366333,1.635312557220459,1.0,-0.9211047887802124,-0.7850396037101746,-18.009675510033517,2.65874145925045,2.205792000517249,0.0,0.0,3.0,1.0,2.0,7.0,1.0,15.0,6.0,3.0,2.0,11.0,0.0
12648,2.65874145925045,2.205792000517249,0.0,0.0,3.0,1.0,2.0,7.0,1.0,15.0,6.0,3.0,2.0,11.0,9.0,-1.763561725616455,0.46897560358047485,3.0,1.0144243240356445,0.7875598073005676,-7.191788904160578,0.8951797336339951,2.674767604097724,1.0144243240356445,0.7875598073005676,4.0,2.0,3.0,1.0,2.0,16.0,7.0,4.0,3.0,1.0,0.0
12649,0.8951797336339951,2.674767604097724,1.0144243240356445,0.7875598073005676,4.0,2.0,3.0,1.0,2.0,16.0,7.0,4.0,3.0,1.0,5.0,1.0832459926605225,0.9378267526626587,8.0,-0.9131265878677368,-0.9231986403465271,-13.21588628477768,1.9784257262945175,3.6125943567603827,0.10129773616790771,0.0,5.0,3.0,4.0,2.0,3.0,1.0,8.0,5.0,1.0,2.0,0.0
12650,1.9784257262945175,3.6125943567603827,0.10129773616790771,0.0,5.0,3.0,4.0,2.0,3.0,1.0,8.0,5.0,1.0,2.0,4.0,0.10611632466316223,-1.000228762626648,3.0,0.58197420835495,0.06538259983062744,-9.986276546624836,2.0845420509576797,2.6123655941337347,0.6832719445228577,0.06538259983062744,6.0,4.0,5.0,1.0,1.0,2.0,9.0,6.0,2.0,3.0,0.0
12651,2.0845420509576797,2.6123655941337347,0.6832719445228577,0.06538259983062744,6.0,4.0,5.0,1.0,1.0,2.0,9.0,6.0,2.0,3.0,4.0,-1.033976435661316,-1.0708742141723633,2.0,0.1589277684688568,0.22759056091308594,-14.572733412243206,1.0505656152963638,1.5414913799613714,0.8421997129917145,0.2929731607437134,7.0,5.0,1.0,2.0,1.0,3.0,10.0,7.0,3.0,4.0,0.0
12652,1.0505656152963638,1.5414913799613714,0.8421997129917145,0.2929731607437134,7.0,5.0,1.0,2.0,1.0,3.0,10.0,7.0,3.0,4.0,9.0,-0.8921807408332825,-0.7561940550804138,1.0,0.6494084596633911,-0.3685843050479889,-8.57404058558479,0.15838487446308136,0.7852973248809576,1.4916081726551056,0.0,8.0,1.0,2.0,3.0,2.0,4.0,11.0,8.0,4.0,1.0,0.0
12653,0.15838487446308136,0.7852973248809576,1.4916081726551056,0.0,8.0,1.0,2.0,3.0,2.0,4.0,11.0,8.0,4.0,1.0,9.0,-1.220929741859436,-0.5896726846694946,3.0,-1.0953091382980347,-0.9674203395843506,-19.70132167602784,0.0,0.19562464021146297,0.3962990343570709,0.0,9.0,2.0,3.0,1.0,3.0,5.0,12.0,9.0,5.0,1.0,0.0
12654,0.0,0.19562464021146297,0.3962990343570709,0.0,9.0,2.0,3.0,1.0,3.0,5.0,12.0,9.0,5.0,1.0,0.0,-1.3380060195922852,0.03545171394944191,8.0,-0.49064216017723083,-1.140815019607544,-23.590239891239428,0.0,0.23107635416090488,0.0,0.0,1.0,3.0,4.0,2.0,4.0,6.0,13.0,10.0,1.0,2.0,0.0
12655,0.0,0.23107635416090488,0.0,0.0,1.0,3.0,4.0,2.0,4.0,6.0,13.0,10.0,1.0,2.0,0.0,-0.21062172949314117,-1.4100525379180908,6.0,0.5817897319793701,0.014082437381148338,-17.454339345236235,0.0,0.0,0.5817897319793701,0.014082437381148338,1.0,4.0,5.0,3.0,5.0,7.0,1.0,11.0,2.0,3.0,0.0
12656,0.0,0.0,0.5817897319793701,0.014082437381148338,1.0,4.0,5.0,3.0,5.0,7.0,1.0,11.0,2.0,3.0,9.0,0.713960587978363,-0.31645458936691284,2.0,0.5123828649520874,0.8148095607757568,-12.298172698253742,0.713960587978363,0.0,1.0941725969314575,0.8288919981569052,2.0,5.0,1.0,4.0,6.0,8.0,2.0,12.0,3.0,1.0,0.0
12657,0.713960587978363,0.0,1.0941725969314575,0.8288919981569052,2.0,5.0,1.0,4.0,6.0,8.0,2.0,12.0,3.0,1.0,3.0,1.6407973766326904,0.41411176323890686,0.0,0.40460872650146484,0.009748977608978748,-8.176245498629623,2.3547579646110535,0.41411176323890686,1.4987813234329224,0.8386409757658839,1.0,6.0,2.0,1.0,7.0,9.0,3.0,13.0,4.0,2.0,0.0
12658,2.3547579646110535,0.41411176323890686,1.4987813234329224,0.8386409757658839,1.0,6.0,2.0,1.0,7.0,9.0,3.0,13.0,4.0,2.0,1.0,-0.12113497406244278,0.5109174251556396,8.0,0.3957432806491852,-0.2904773950576782,-10.996895280020851,2.2336229905486107,0.9250291883945465,1.8945246040821075,0.5481635807082057,2.0,1.0,3.0,2.0,8.0,10.0,4.0,14.0,1.0,3.0,0.0
12659,2.2336229905486107,0.9250291883945465,1.8945246040821075,0.5481635807082057,2.0,1.0,3.0,2.0,8.0,10.0,4.0,14.0,1.0,3.0,3.0,-0.17400884628295898,0.2839808464050293,5.0,-1.2686331272125244,-0.27769288420677185,-13.550272679528122,2.0596141442656517,1.2090100347995758,0.6258914768695831,0.27047069650143385,3.0,2.0,4.0,1.0,9.0,1.0,5.0,15.0,2.0,4.0,0.0
12660,2.0596141442656517,1.2090100347995758,0.6258914768695831,0.27047069650143385,3.0,2.0,4.0,1.0,9.0,1.0,5.0,15.0,2.0,4.0,4.0,0.1642916351556778,0.08974526822566986,8.0,0.06155988201498985,0.3997264504432678,-12.339556523306562,2.2239057794213295,1.2987553030252457,0.687451358884573,0.6701971469447017,4.0,3.0,5.0,2.0,1.0,2.0,6.0,16.0,1.0,5.0,0.0
12661,2.2239057794213295,1.2987553030252457,0.687451358884573,0.6701971469447017,4.0,3.0,5.0,2.0,1.0,2.0,6.0,16.0,1.0,5.0,7.0,-1.8099957704544067,0.7393975853919983,0.0,0.028376463800668716,0.15677939355373383,-7.048620833128878,0.41391000896692276,2.038152888417244,0.7158278226852417,0.8269765404984355,1.0,4.0,6.0,3.0,2.0,3.0,7.0,1.0,2.0,6.0,0.0
12662,0.41391000896692276,2.038152888417244,0.7158278226852417,0.8269765404984355,1.0,4.0,6.0,3.0,2.0,3.0,7.0,1.0,2.0,6.0,9.0,0.28224536776542664,-0.31899115443229675,4.0,-1.6713058948516846,-0.5970166325569153,-15.134460914885178,0.6961553767323494,1.7191617339849472,0.0,0.22995990794152021,2.0,5.0,7.0,4.0,1.0,4.0,8.0,2.0,3.0,1.0,0.0
12663,0.6961553767323494,1.7191617339849472,0.0,0.22995990794152021,2.0,5.0,7.0,4.0,1.0,4.0,8.0,2.0,3.0,1.0,8.0,1.121222972869873,-0.7136470079421997,6.0,1.3095544576644897,-0.30359238386154175,-13.037644397490824,1.8173783496022224,1.0055147260427475,1.3095544576644897,0.0,3.0,6.0,8.0,5.0,2.0,5.0,1.0,3.0,1.0,2.0,0.0
12664,1.8173783496022224,1.0055147260427475,1.3095544576644897,0.0,3.0,6.0,8.0,5.0,2.0,5.0,1.0,3.0,1.0,2.0,9.0,0.6492763161659241,-0.08910249918699265,3.0,0.45787712931632996,-0.8783032894134521,-12.103075036998813,2.4666546657681465,0.9164122268557549,1.7674315869808197,0.0,4.0,7.0,9.0,1.0,3.0,6.0,2.0,4.0,2.0,1.0,0.0
12665,2.4666546657681465,0.9164122268557549,1.7674315869808197,0.0,4.0,7.0,9.0,1.0,3.0,6.0,2.0,4.0,2.0,1.0,0.0,-1.0327597856521606,-1.0121064186096191,2.0,-1.022043228149414,-1.196791648864746,-16.945842833101054,1.4338948801159859,0.0,0.7453883588314056,0.0,1.0,8.0,1.0,2.0,4.0,7.0,3.0,5.0,3.0,2.0,0.0
12666,1.4338948801159859,0.0,0.7453883588314056,0.0,1.0,8.0,1.0,2.0,4.0,7.0,3.0,5.0,3.0,2.0,4.0,-0.3968416750431061,1.2429676055908203,8.0,0.9491064548492432,-1.4272446632385254,-20.293623724633047,1.0370532050728798,1.2429676055908203,1.6944948136806488,0.0,2.0,9.0,2.0,3.0,1.0,8.0,4.0,6.0,1.0,3.0,0.0
12667,1.0370532050728798,1.2429676055908203,1.6944948136806488,0.0,2.0,9.0,2.0,3.0,1.0,8.0,4.0,6.0,1.0,3.0,9.0,0.2814914584159851,1.2804242372512817,1.0,1.2841567993164062,-1.0482441186904907,-10.959648797992529,1.318544663488865,2.523391842842102,2.978651612997055,0.0,3.0,1.0,3.0,4.0,2.0,9.0,5.0,7.0,2.0,1.0,0.0
12668,1.318544663488865,2.523391842842102,2.978651612997055,0.0,3.0,1.0,3.0,4.0,2.0,9.0,5.0,7.0,2.0,1.0,5.0,0.029546108096837997,-0.53399258852005,5.0,-0.28235286474227905,-1.0788171291351318,-18.563562123442562,1.348090771585703,1.989399254322052,2.696298748254776,0.0,4.0,2.0,4.0,5.0,3.0,1.0,6.0,8.0,3.0,2.0,0.0
12669,1.348090771585703,1.989399254322052,2.696298748254776,0.0,4.0,2.0,4.0,5.0,3.0,1.0,6.0,8.0,3.0,2.0,4.0,-0.3242526352405548,-0.2662791609764099,0.0,-1.1066501140594482,-0.9124148488044739,-13.228196411121143,1.023838136345148,1.723120093345642,1.5896486341953278,0.0,1.0,3.0,5.0,6.0,1.0,2.0,7.0,9.0,4.0,3.0,0.0
12670,1.023838136345148,1.723120093345642,1.5896486341953278,0.0,1.0,3.0,5.0,6.0,1.0,2.0,7.0,9.0,4.0,3.0,4.0,-0.582897961139679,1.0413720607757568,7.0,1.002915620803833,-0.6840014457702637,-13.18493754447637,0.44094017520546913,2.764492154121399,2.5925642549991608,0.0,2.0,4.0,6.0,7.0,1.0,3.0,8.0,1.0,5.0,4.0,0.0
12671,0.44094017520546913,2.764492154121399,2.5925642549991608,0.0,2.0,4.0,6.0,7.0,1.0,3.0,8.0,1.0,5.0,4.0,8.0,0.7927514910697937,0.8034616708755493,3.0,0.16494686901569366,-1.2719221115112305,-15.719663363529746,1.2336916662752628,3.5679538249969482,2.7575111240148544,0.0,3.0,5.0,7.0,1.0,2.0,4.0,9.0,2.0,1.0,5.0,0.0
12672,1.2336916662752628,3.5679538249969482,2.7575111240148544,0.0,3.0,5.0,7.0,1.0,2.0,4.0,9.0,2.0,1.0,5.0,4.0,-0.8620415329933167,-0.07627898454666138,4.0,-1.4518470764160156,0.09607246518135071,-13.806770781960488,0.3716501332819462,3.491674840450287,1.3056640475988388,0.09607246518135071,4.0,6.0,8.0,2.0,1.0,5.0,10.0,3.0,2.0,6.0,0.0
12673,0.3716501332819462,3.491674840450287,1.3056640475988388,0.09607246518135071,4.0,6.0,8.0,2.0,1.0,5.0,10.0,3.0,2.0,6.0,4.0,-0.9404997825622559,-1.2674987316131592,6.0,-0.2224576324224472,-0.5156100392341614,-20.221251087297183,0.0,2.2241761088371277,1.0832064151763916,0.0,5.0,7.0,9.0,3.0,1.0,6.0,1.0,4.0,3.0,7.0,0.0
12674,0.0,2.2241761088371277,1.0832064151763916,0.0,5.0,7.0,9.0,3.0,1.0,6.0,1.0,4.0,3.0,7.0,9.0,-1.052863359451294,0.29305291175842285,8.0,0.17980711162090302,-1.4593944549560547,-22.758661686948095,0.0,2.5172290205955505,1.2630135267972946,0.0,6.0,8.0,10.0,4.0,2.0,7.0,2.0,5.0,1.0,1.0,0.0
12675,0.0,2.5172290205955505,1.2630135267972946,0.0,6.0,8.0,10.0,4.0,2.0,7.0,2.0,5.0,1.0,1.0,0.0,0.8308558464050293,0.36210155487060547,0.0,0.15977837145328522,-0.9483966827392578,-10.776246069554205,0.8308558464050293,2.879330575466156,1.4227918982505798,0.0,1.0,9.0,11.0,5.0,3.0,8.0,3.0,6.0,2.0,2.0,0.0
12676,0.8308558464050293,2.879330575466156,1.4227918982505798,0.0,1.0,9.0,11.0,5.0,3.0,8.0,3.0,6.0,2.0,2.0,8.0,0.43117403984069824,-0.1780751496553421,5.0,0.25313788652420044,-0.18080471456050873,-13.971181793222087,1.2620298862457275,2.701255425810814,1.6759297847747803,0.0,2.0,10.0,12.0,6.0,4.0,1.0,4.0,7.0,1.0,3.0,0.0
12677,1.2620298862457275,2.701255425810814,1.6759297847747803,0.0,2.0,10.0,12.0,6.0,4.0,1.0,4.0,7.0,1.0,3.0,8.0,-0.43178221583366394,0.17184019088745117,7.0,-0.20797839760780334,-0.5552893280982971,-12.609170901983614,0.8302476704120636,2.873095616698265,1.467951387166977,0.0,3.0,11.0,13.0,7.0,5.0,2.0,5.0,1.0,1.0,4.0,0.0
12678,0.8302476704120636,2.873095616698265,1.467951387166977,0.0,3.0,11.0,13.0,7.0,5.0,2.0,5.0,1.0,1.0,4.0,8.0,1.542101502418518,-1.0437467098236084,2.0,0.6113256812095642,-1.1486817598342896,-18.707903775354556,2.3723491728305817,1.8293489068746567,2.079277068376541,0.0,4.0,12.0,1.0,8.0,6.0,3.0,6.0,2.0,1.0,5.0,0.0
12679,2.3723491728305817,1.8293489068746567,2.079277068376541,0.0,4.0,12.0,1.0,8.0,6.0,3.0,6.0,2.0,1.0,5.0,3.0,1.2355767488479614,-0.5042657256126404,1.0,-1.3575526475906372,-1.6808419227600098,-18.500913024334206,3.607925921678543,1.3250831812620163,0.7217244207859039,0.0,5.0,1.0,2.0,1.0,7.0,4.0,7.0,3.0,2.0,6.0,0.0
12680,3.607925921678543,1.3250831812620163,0.7217244207859039,0.0,5.0,1.0,2.0,1.0,7.0,4.0,7.0,3.0,2.0,6.0,4.0,-1.7473886013031006,-0.0797908678650856,0.0,-1.4245712757110596,-0.322358101606369,-12.050458102562121,1.8605373203754425,1.2452923133969307,0.0,0.0,1.0,2.0,3.0,2.0,1.0,5.0,8.0,4.0,3.0,7.0,0.0
12681,1.8605373203754425,1.2452923133969307,0.0,0.0,1.0,2.0,3.0,2.0,1.0,5.0,8.0,4.0,3.0,7.0,9.0,-1.3748949766159058,0.7149666547775269,6.0,1.1101433038711548,0.2762180268764496,-9.149049677770245,0.48564234375953674,1.9602589681744576,1.1101433038711548,0.2762180268764496,2.0,3.0,4.0,3.0,2.0,6.0,1.0,5.0,4.0,1.0,0.0
12682,0.48564234375953674,1.9602589681744576,1.1101433038711548,0.2762180268764496,2.0,3.0,4.0,3.0,2.0,6.0,1.0,5.0,4.0,1.0,9.0,0.9440216422080994,-1.4069569110870361,0.0,-1.5626956224441528,-0.4550348222255707,-7.812598491660668,1.429663985967636,0.5533020570874214,0.0,0.0,1.0,4.0,5.0,4.0,3.0,7.0,2.0,6.0,5.0,1.0,0.0
12683,1.429663985967636,0.5533020570874214,0.0,0.0,1.0,4.0,5.0,4.0,3.0,7.0,2.0,6.0,5.0,1.0,8.0,0.5517916679382324,-0.0537128746509552,8.0,1.4226264953613281,0.41440296173095703,-12.974482965878593,1.9814556539058685,0.4995891824364662,1.4226264953613281,0.41440296173095703,2.0,5.0,6.0,5.0,4.0,8.0,3.0,7.0,1.0,2.0,0.0
12684,1.9814556539058685,0.4995891824364662,1.4226264953613281,0.41440296173095703,2.0,5.0,6.0,5.0,4.0,8.0,3.0,7.0,1.0,2.0,9.0,0.21063582599163055,-0.07166749238967896,5.0,-0.37539198994636536,-1.4609516859054565,-16.449936991380962,2.192091479897499,0.42792169004678726,1.0472345054149628,0.0,3.0,6.0,7.0,6.0,5.0,1.0,4.0,8.0,2.0,1.0,0.0
12685,2.192091479897499,0.42792169004678726,1.0472345054149628,0.0,3.0,6.0,7.0,6.0,5.0,1.0,4.0,8.0,2.0,1.0,4.0,-0.5483714938163757,0.8812248706817627,2.0,-0.42936429381370544,-1.1070494651794434,-19.98288190673331,1.6437199860811234,1.30914656072855,0.6178702116012573,0.0,4.0,7.0,1.0,7.0,1.0,2.0,5.0,9.0,3.0,2.0,0.0
12686,1.6437199860811234,1.30914656072855,0.6178702116012573,0.0,4.0,7.0,1.0,7.0,1.0,2.0,5.0,9.0,3.0,2.0,3.0,-1.2622359991073608,0.9261162877082825,1.0,1.0000832080841064,-0.0686020627617836,-8.366500521589051,0.3814839869737625,2.2352628484368324,1.6179534196853638,0.0,5.0,1.0,2.0,1.0,2.0,3.0,6.0,10.0,4.0,3.0,0.0
12687,0.3814839869737625,2.2352628484368324,1.6179534196853638,0.0,5.0,1.0,2.0,1.0,2.0,3.0,6.0,10.0,4.0,3.0,9.0,-1.1386135816574097,-0.9535310864448547,0.0,0.82134610414505,-0.2006329596042633,-9.755742155473161,0.0,1.2817317619919777,2.439299523830414,0.0,1.0,2.0,3.0,2.0,3.0,4.0,7.0,11.0,5.0,1.0,0.0
12688,0.0,1.2817317619919777,2.439299523830414,0.0,1.0,2.0,3.0,2.0,3.0,4.0,7.0,11.0,5.0,1.0,3.0,0.6711782813072205,0.5155588984489441,8.0,0.48890650272369385,0.5191691517829895,-9.94308638936949,0.6711782813072205,1.7972906604409218,2.9282060265541077,0.5191691517829895,2.0,3.0,4.0,1.0,4.0,5.0,8.0,12.0,1.0,2.0,0.0
12689,0.6711782813072205,1.7972906604409218,2.9282060265541077,0.5191691517829895,2.0,3.0,4.0,1.0,4.0,5.0,8.0,12.0,1.0,2.0,9.0,-0.10574298352003098,0.3267132043838501,5.0,-1.5803664922714233,-0.585611879825592,-11.238620098815616,0.5654352977871895,2.124003864824772,1.3478395342826843,0.0,3.0,4.0,5.0,2.0,5.0,1.0,9.0,13.0,2.0,1.0,0.0
12690,0.5654352977871895,2.124003864824772,1.3478395342826843,0.0,3.0,4.0,5.0,2.0,5.0,1.0,9.0,13.0,2.0,1.0,4.0,-1.484476923942566,-0.3542836308479309,6.0,-0.5923818945884705,-0.3781755268573761,-21.912844720555732,0.0,1.769720233976841,0.7554576396942139,0.0,4.0,5.0,6.0,3.0,1.0,2.0,1.0,14.0,3.0,2.0,0.0
12691,0.0,1.769720233976841,0.7554576396942139,0.0,4.0,5.0,6.0,3.0,1.0,2.0,1.0,14.0,3.0,2.0,7.0,-0.12290243059396744,0.5337361693382263,5.0,1.2909022569656372,-1.0613164901733398,-18.147475965192243,0.0,2.3034564033150673,2.046359896659851,0.0,5.0,6.0,7.0,4.0,2.0,1.0,2.0,1.0,4.0,3.0,0.0
12692,0.0,2.3034564033150673,2.046359896659851,0.0,5.0,6.0,7.0,4.0,2.0,1.0,2.0,1.0,4.0,3.0,8.0,1.488194227218628,0.10852520167827606,0.0,-1.2264388799667358,-0.9527182579040527,-11.556579184141189,1.488194227218628,2.4119816049933434,0.8199210166931152,0.0,1.0,7.0,8.0,5.0,3.0,2.0,3.0,2.0,1.0,4.0,0.0
12693,1.488194227218628,2.4119816049933434,0.8199210166931152,0.0,1.0,7.0,8.0,5.0,3.0,2.0,3.0,2.0,1.0,4.0,8.0,-0.7972532510757446,-0.9376368522644043,2.0,0.6023319363594055,-1.35205078125,-20.073501765021746,0.6909409761428833,1.474344752728939,1.4222529530525208,0.0,2.0,8.0,1.0,6.0,4.0,3.0,4.0,3.0,1.0,5.0,0.0
12694,0.6909409761428833,1.474344752728939,1.4222529530525208,0.0,2.0,8.0,1.0,6.0,4.0,3.0,4.0,3.0,1.0,5.0,3.0,-0.9220324158668518,-0.33101731538772583,1.0,0.6959818005561829,-0.9189203381538391,-13.837665786381226,0.0,1.1433274373412132,2.1182347536087036,0.0,3.0,1.0,2.0,1.0,5.0,4.0,5.0,4.0,2.0,6.0,0.0
12695,0.0,1.1433274373412132,2.1182347536087036,0.0,3.0,1.0,2.0,1.0,5.0,4.0,5.0,4.0,2.0,6.0,3.0,0.04405410215258598,1.243851900100708,8.0,0.41030341386795044,-1.0558836460113525,-15.343353517264305,0.04405410215258598,2.3871793374419212,2.528538167476654,0.0,4.0,2.0,3.0,1.0,6.0,5.0,6.0,5.0,1.0,7.0,0.0
12696,0.04405410215258598,2.3871793374419212,2.528538167476654,0.0,4.0,2.0,3.0,1.0,6.0,5.0,6.0,5.0,1.0,7.0,3.0,-0.9590302109718323,-0.6586012840270996,8.0,-1.3614423274993896,-1.4386472702026367,-23.54635743145715,0.0,1.7285780534148216,1.1670958399772644,0.0,5.0,3.0,4.0,1.0,7.0,6.0,7.0,6.0,1.0,8.0,0.0
12697,0.0,1.7285780534148216,1.1670958399772644,0.0,5.0,3.0,4.0,1.0,7.0,6.0,7.0,6.0,1.0,8.0,0.0,-0.4063054919242859,0.023817164823412895,4.0,-0.5657325983047485,-0.7586373090744019,-16.907968171382528,0.0,1.7523952182382345,0.6013632416725159,0.0,1.0,4.0,5.0,2.0,1.0,7.0,8.0,7.0,2.0,9.0,0.0
12698,0.0,1.7523952182382345,0.6013632416725159,0.0,1.0,4.0,5.0,2.0,1.0,7.0,8.0,7.0,2.0,9.0,9.0,-1.0810017585754395,-1.0002431869506836,0.0,1.216351866722107,-0.5878567099571228,-14.257965241953444,0.0,0.7521520312875509,1.8177151083946228,0.0,1.0,5.0,6.0,3.0,2.0,8.0,9.0,8.0,3.0,1.0,0.0
12699,0.0,0.7521520312875509,1.8177151083946228,0.0,1.0,5.0,6.0,3.0,2.0,8.0,9.0,8.0,3.0,1.0,0.0,-1.1795002222061157,-0.5447412133216858,5.0,0.1677107810974121,0.1184389665722847,-16.715358919767223,0.0,0.20741081796586514,1.985425889492035,0.1184389665722847,1.0,6.0,7.0,4.0,3.0,1.0,10.0,9.0,4.0,2.0,1.0
12700,9.192258834838867,2.514584541320801,0.21301130950450897,9.6050443649292,1.0,1.0,1.0,1.0,1.0,1.0,1.0,1.0,1.0,1.0,8.0,-1.8710248470306396,-0.827114462852478,3.0,-1.972081184387207,-1.9404810667037964,-14.40620316428215,7.3212339878082275,1.6874700784683228,0.0,7.664563298225403,2.0,2.0,2.0,1.0,2.0,2.0,2.0,2.0,1.0,2.0,0.0
12701,7.3212339878082275,1.6874700784683228,0.0,7.664563298225403,2.0,2.0,2.0,1.0,2.0,2.0,2.0,2.0,1.0,2.0,4.0,-1.9635100364685059,0.40279829502105713,3.0,-1.9785395860671997,-1.9068796634674072,-13.679734105800144,5.357723951339722,2.09026837348938,0.0,5.757683634757996,3.0,3.0,3.0,1.0,1.0,3.0,3.0,3.0,2.0,3.0,0.0
12702,5.357723951339722,2.09026837348938,0.0,5.757683634757996,3.0,3.0,3.0,1.0,1.0,3.0,3.0,3.0,2.0,3.0,4.0,-1.562514305114746,-0.09399472922086716,2.0,-1.96122407913208,-1.932720422744751,-18.87971981543265,3.7952096462249756,1.9962736442685127,0.0,3.8249632120132446,4.0,4.0,1.0,2.0,1.0,4.0,4.0,4.0,3.0,4.0,0.0
12703,3.7952096462249756,1.9962736442685127,0.0,3.8249632120132446,4.0,4.0,1.0,2.0,1.0,4.0,4.0,4.0,3.0,4.0,8.0,-1.7778234481811523,-0.06697036325931549,1.0,-1.6113284826278687,-1.4916553497314453,-18.120960854227423,2.0173861980438232,1.9293032810091972,0.0,2.3333078622817993,5.0,1.0,2.0,3.0,2.0,5.0,5.0,5.0,1.0,5.0,0.0
12704,2.0173861980438232,1.9293032810091972,0.0,2.3333078622817993,5.0,1.0,2.0,3.0,2.0,5.0,5.0,5.0,1.0,5.0,9.0,-0.6883891820907593,0.316535085439682,0.0,-0.9684648513793945,0.5518906116485596,-9.393879906098812,1.328997015953064,2.2458383664488792,0.0,2.885198473930359,1.0,2.0,3.0,4.0,3.0,6.0,6.0,6.0,2.0,1.0,0.0
12705,1.328997015953064,2.2458383664488792,0.0,2.885198473930359,1.0,2.0,3.0,4.0,3.0,6.0,6.0,6.0,2.0,1.0,4.0,-0.5680067539215088,-1.7376207113265991,3.0,-1.1057058572769165,-0.8186041116714478,-16.06755138478268,0.7609902620315552,0.5082176551222801,0.0,2.066594362258911,2.0,3.0,4.0,1.0,1.0,7.0,7.0,7.0,3.0,2.0,0.0
12706,0.7609902620315552,0.5082176551222801,0.0,2.066594362258911,2.0,3.0,4.0,1.0,1.0,7.0,7.0,7.0,3.0,2.0,0.0,-0.0008282660855911672,0.473601758480072,5.0,-0.5608348846435547,-1.1707793474197388,-14.073602707480914,0.760161995945964,0.9818194136023521,0.0,0.8958150148391724,1.0,4.0,5.0,2.0,2.0,1.0,8.0,8.0,4.0,3.0,0.0
12707,0.760161995945964,0.9818194136023521,0.0,0.8958150148391724,1.0,4.0,5.0,2.0,2.0,1.0,8.0,8.0,4.0,3.0,7.0,-0.6319242119789124,-1.2984763383865356,6.0,1.2729012966156006,0.7349004745483398,-13.438663559133115,0.12823778396705166,0.0,1.2729012966156006,1.6307154893875122,2.0,5.0,6.0,3.0,3.0,2.0,1.0,1.0,5.0,4.0,0.0
12708,0.12823778396705166,0.0,1.2729012966156006,1.6307154893875122,2.0,5.0,6.0,3.0,3.0,2.0,1.0,1.0,5.0,4.0,8.0,-0.11166329681873322,-1.0891265869140625,8.0,-1.6103086471557617,-1.1883410215377808,-21.67707085232964,0.01657448714831844,0.0,0.0,0.44237446784973145,3.0,6.0,7.0,4.0,4.0,3.0,2.0,2.0,1.0,5.0,0.0
12709,0.01657448714831844,0.0,0.0,0.44237446784973145,3.0,6.0,7.0,4.0,4.0,3.0,2.0,2.0,1.0,5.0,3.0,0.43897131085395813,0.28922760486602783,8.0,-1.2015125751495361,-1.6551835536956787,-21.502819148159244,0.45554579800227657,0.28922760486602783,0.0,0.0,4.0,7.0,8.0,1.0,5.0,4.0,3.0,3.0,1.0,6.0,0.0
12710,0.45554579800227657,0.28922760486602783,0.0,0.0,4.0,7.0,8.0,1.0,5.0,4.0,3.0,3.0,1.0,6.0,9.0,-0.4070490598678589,-0.34937193989753723,4.0,-1.1421202421188354,-1.5705021619796753,-21.725284320469036,0.04849673813441768,0.0,0.0,0.0,5.0,8.0,9.0,2.0,1.0,5.0,4.0,4.0,2.0,1.0,0.0
12711,0.04849673813441768,0.0,0.0,0.0,5.0,8.0,9.0,2.0,1.0,5.0,4.0,4.0,2.0,1.0,8.0,-0.21579474210739136,-0.55707186460495,2.0,1.0384697914123535,-0.8544937372207642,-23.04429201774829,0.0,0.0,1.0384697914123535,0.0,6.0,9.0,1.0,3.0,2.0,6.0,5.0,5.0,1.0,2.0,0.0
12712,0.0,0.0,1.0384697914123535,0.0,6.0,9.0,1.0,3.0,2.0,6.0,5.0,5.0,1.0,2.0,0.0,-0.02948600985109806,1.1825108528137207,1.0,-0.3425033390522003,-1.4074372053146362,-15.109218046275773,0.0,1.1825108528137207,0.6959664523601532,0.0,1.0,1.0,2.0,4.0,3.0,7.0,6.0,6.0,2.0,3.0,0.0
12713,0.0,1.1825108528137207,0.6959664523601532,0.0,1.0,1.0,2.0,4.0,3.0,7.0,6.0,6.0,2.0,3.0,8.0,0.30315160751342773,0.4069984555244446,3.0,-0.2414238303899765,-0.04640297591686249,-11.350993559932979,0.30315160751342773,1.5895093083381653,0.4545426219701767,0.0,2.0,2.0,3.0,1.0,4.0,8.0,7.0,7.0,1.0,4.0,0.0
12714,0.30315160751342773,1.5895093083381653,0.4545426219701767,0.0,2.0,2.0,3.0,1.0,4.0,8.0,7.0,7.0,1.0,4.0,3.0,-0.8034763932228088,-0.7015876770019531,5.0,0.6685433983802795,-0.6844700574874878,-18.752331185620243,0.0,0.8879216313362122,1.1230860203504562,0.0,3.0,3.0,4.0,1.0,5.0,1.0,8.0,8.0,2.0,5.0,0.0
12715,0.0,0.8879216313362122,1.1230860203504562,0.0,3.0,3.0,4.0,1.0,5.0,1.0,8.0,8.0,2.0,5.0,4.0,0.23969513177871704,-0.5889617800712585,7.0,-1.481763243675232,-0.7773283123970032,-17.285235724891596,0.23969513177871704,0.2989598512649536,0.0,0.0,4.0,4.0,5.0,2.0,1.0,2.0,9.0,1.0,3.0,6.0,0.0
12716,0.23969513177871704,0.2989598512649536,0.0,0.0,4.0,4.0,5.0,2.0,1.0,2.0,9.0,1.0,3.0,6.0,8.0,-1.3402105569839478,1.798820972442627,6.0,-1.2500330209732056,-0.06770383566617966,-25.990535726428977,0.0,2.0977808237075806,0.0,0.0,5.0,5.0,6.0,3.0,2.0,3.0,1.0,2.0,1.0,7.0,0.0
12717,0.0,2.0977808237075806,0.0,0.0,5.0,5.0,6.0,3.0,2.0,3.0,1.0,2.0,1.0,7.0,9.0,-0.8912336230278015,-0.129815474152565,8.0,0.259095698595047,-1.8745784759521484,-23.694918684578912,0.0,1.9679653495550156,0.259095698595047,0.0,6.0,6.0,7.0,4.0,3.0,4.0,2.0,3.0,1.0,1.0,0.0
12718,0.0,1.9679653495550156,0.259095698595047,0.0,6.0,6.0,7.0,4.0,3.0,4.0,2.0,3.0,1.0,1.0,0.0,-0.8849342465400696,-1.4431545734405518,0.0,0.6704617142677307,-1.197712779045105,-15.946033933924454,0.0,0.5248107761144638,0.9295574128627777,0.0,1.0,7.0,8.0,5.0,4.0,5.0,3.0,4.0,2.0,2.0,0.0
12719,0.0,0.5248107761144638,0.9295574128627777,0.0,1.0,7.0,8.0,5.0,4.0,5.0,3.0,4.0,2.0,2.0,8.0,-0.10721064358949661,-0.1469184160232544,5.0,0.2508472204208374,-1.23249351978302,-22.514340068297578,0.0,0.3778923600912094,1.1804046332836151,0.0,2.0,8.0,9.0,6.0,5.0,1.0,4.0,5.0,1.0,3.0,0.0
12720,0.0,0.3778923600912094,1.1804046332836151,0.0,2.0,8.0,9.0,6.0,5.0,1.0,4.0,5.0,1.0,3.0,8.0,1.3529033660888672,0.12155775725841522,2.0,-0.4952596426010132,-1.246239185333252,-21.54531617384583,1.3529033660888672,0.49945011734962463,0.6851449906826019,0.0,3.0,9.0,1.0,7.0,6.0,2.0,5.0,6.0,1.0,4.0,0.0
12721,1.3529033660888672,0.49945011734962463,0.6851449906826019,0.0,3.0,9.0,1.0,7.0,6.0,2.0,5.0,6.0,1.0,4.0,3.0,-0.6951982975006104,-0.43297699093818665,1.0,0.4365108609199524,-1.596696138381958,-18.317688884879544,0.6577050685882568,0.06647312641143799,1.1216558516025543,0.0,4.0,1.0,2.0,1.0,7.0,3.0,6.0,7.0,2.0,5.0,0.0
12722,0.6577050685882568,0.06647312641143799,1.1216558516025543,0.0,4.0,1.0,2.0,1.0,7.0,3.0,6.0,7.0,2.0,5.0,4.0,-0.2746359407901764,1.0837829113006592,6.0,-1.0708298683166504,-0.7883583903312683,-19.668046500665216,0.38306912779808044,1.1502560377120972,0.05082598328590393,0.0,5.0,2.0,3.0,2.0,1.0,4.0,1.0,8.0,3.0,6.0,0.0
12723,0.38306912779808044,1.1502560377120972,0.05082598328590393,0.0,5.0,2.0,3.0,2.0,1.0,4.0,1.0,8.0,3.0,6.0,9.0,0.6758365631103516,0.21525657176971436,8.0,0.4764717221260071,-1.042544960975647,-14.62971694236121,1.058905690908432,1.3655126094818115,0.527297705411911,0.0,6.0,3.0,4.0,3.0,2.0,5.0,2.0,9.0,1.0,1.0,0.0
12724,1.058905690908432,1.3655126094818115,0.527297705411911,0.0,6.0,3.0,4.0,3.0,2.0,5.0,2.0,9.0,1.0,1.0,0.0,-0.8348391056060791,-1.017945408821106,5.0,-1.0823912620544434,-0.47242316603660583,-15.53656216159965,0.2240665853023529,0.34756720066070557,0.0,0.0,1.0,4.0,5.0,4.0,3.0,1.0,3.0,10.0,2.0,2.0,0.0
12725,0.2240665853023529,0.34756720066070557,0.0,0.0,1.0,4.0,5.0,4.0,3.0,1.0,3.0,10.0,2.0,2.0,7.0,-0.9385212659835815,0.8047681450843811,2.0,0.25856855511665344,0.395259827375412,-16.403246463119423,0.0,1.1523353457450867,0.25856855511665344,0.395259827375412,2.0,5.0,1.0,5.0,4.0,2.0,4.0,1.0,3.0,3.0,0.0
12726,0.0,1.1523353457450867,0.25856855511665344,0.395259827375412,2.0,5.0,1.0,5.0,4.0,2.0,4.0,1.0,3.0,3.0,4.0,0.6274576783180237,0.9060641527175903,1.0,0.4759267270565033,-1.3139113187789917,-15.706091022355432,0.6274576783180237,2.058399498462677,0.7344952821731567,0.0,3.0,1.0,2.0,6.0,1.0,3.0,5.0,2.0,4.0,4.0,0.0
12727,0.6274576783180237,2.058399498462677,0.7344952821731567,0.0,3.0,1.0,2.0,6.0,1.0,3.0,5.0,2.0,4.0,4.0,3.0,-0.8500234484672546,-0.7608360648155212,3.0,1.0270565748214722,-1.0572580099105835,-15.5485052282799,0.0,1.2975634336471558,1.761551856994629,0.0,4.0,2.0,3.0,1.0,2.0,4.0,6.0,3.0,5.0,5.0,0.0
12728,0.0,1.2975634336471558,1.761551856994629,0.0,4.0,2.0,3.0,1.0,2.0,4.0,6.0,3.0,5.0,5.0,9.0,-0.29917362332344055,0.6127346754074097,1.0,-0.30288565158843994,0.6151756048202515,-8.682338607822121,0.0,1.9102981090545654,1.458666205406189,0.6151756048202515,5.0,1.0,4.0,2.0,3.0,5.0,7.0,4.0,6.0,1.0,0.0
12729,0.0,1.9102981090545654,1.458666205406189,0.6151756048202515,5.0,1.0,4.0,2.0,3.0,5.0,7.0,4.0,6.0,1.0,4.0,0.020034536719322205,-0.20264165103435516,8.0,-0.7118247151374817,0.3931592106819153,-13.31734790276933,0.020034536719322205,1.7076564580202103,0.7468414902687073,1.0083348155021667,6.0,2.0,5.0,3.0,1.0,6.0,8.0,5.0,1.0,2.0,0.0
12730,0.020034536719322205,1.7076564580202103,0.7468414902687073,1.0083348155021667,6.0,2.0,5.0,3.0,1.0,6.0,8.0,5.0,1.0,2.0,0.0,-1.5714646577835083,-1.4107991456985474,0.0,-1.30008065700531,-1.3781144618988037,-17.220911545201627,0.0,0.2968573123216629,0.0,0.0,1.0,3.0,6.0,4.0,2.0,7.0,9.0,6.0,2.0,3.0,0.0
12731,0.0,0.2968573123216629,0.0,0.0,1.0,3.0,6.0,4.0,2.0,7.0,9.0,6.0,2.0,3.0,4.0,-0.7550913095474243,-0.45749762654304504,0.0,1.0522178411483765,0.43529990315437317,-15.693700548577723,0.0,0.0,1.0522178411483765,0.43529990315437317,1.0,4.0,7.0,5.0,1.0,8.0,10.0,7.0,3.0,4.0,0.0
12732,0.0,0.0,1.0522178411483765,0.43529990315437317,1.0,4.0,7.0,5.0,1.0,8.0,10.0,7.0,3.0,4.0,8.0,1.0431084632873535,-0.8339607119560242,6.0,0.6972214579582214,0.28369027376174927,-18.723414367336016,1.0431084632873535,0.0,1.749439299106598,0.7189901769161224,2.0,5.0,8.0,6.0,2.0,9.0,1.0,8.0,1.0,5.0,0.0
12733,1.0431084632873535,0.0,1.749439299106598,0.7189901769161224,2.0,5.0,8.0,6.0,2.0,9.0,1.0,8.0,1.0,5.0,9.0,-0.9508340358734131,-0.10832706838846207,5.0,-0.7667601704597473,-1.3275269269943237,-15.503131394805223,0.09227442741394043,0.0,0.9826791286468506,0.0,3.0,6.0,9.0,7.0,3.0,1.0,2.0,9.0,2.0,1.0,0.0
12734,0.09227442741394043,0.0,0.9826791286468506,0.0,3.0,6.0,9.0,7.0,3.0,1.0,2.0,9.0,2.0,1.0,9.0,-0.23195558786392212,-0.5625618696212769,2.0,-0.6704381108283997,0.7657353281974792,-14.514560251349097,0.0,0.0,0.3122410178184509,0.7657353281974792,4.0,7.0,1.0,8.0,4.0,2.0,3.0,10.0,3.0,1.0,0.0
12735,0.0,0.0,0.3122410178184509,0.7657353281974792,4.0,7.0,1.0,8.0,4.0,2.0,3.0,10.0,3.0,1.0,3.0,0.07649858295917511,0.6644546985626221,1.0,1.0747514963150024,-0.012283707037568092,-9.3383614284031,0.07649858295917511,0.6644546985626221,1.3869925141334534,0.7534516211599112,5.0,1.0,2.0,1.0,5.0,3.0,4.0,11.0,4.0,2.0,0.0
12736,0.07649858295917511,0.6644546985626221,1.3869925141334534,0.7534516211599112,5.0,1.0,2.0,1.0,5.0,3.0,4.0,11.0,4.0,2.0,4.0,-0.2716478109359741,1.2497581243515015,8.0,-0.2736552357673645,-0.8389545679092407,-15.56076594686288,0.0,1.9142128229141235,1.1133372783660889,0.0,6.0,2.0,3.0,2.0,1.0,4.0,5.0,12.0,1.0,3.0,0.0
12737,0.0,1.9142128229141235,1.1133372783660889,0.0,6.0,2.0,3.0,2.0,1.0,4.0,5.0,12.0,1.0,3.0,0.0,-0.7528662085533142,0.41735148429870605,8.0,-0.34855371713638306,0.11045173555612564,-13.913506024799638,0.0,2.3315643072128296,0.7647835612297058,0.11045173555612564,1.0,3.0,4.0,3.0,2.0,5.0,6.0,13.0,1.0,4.0,0.0
12738,0.0,2.3315643072128296,0.7647835612297058,0.11045173555612564,1.0,3.0,4.0,3.0,2.0,5.0,6.0,13.0,1.0,4.0,3.0,-1.5690076351165771,-1.6155205965042114,5.0,1.0560736656188965,0.12895023822784424,-20.28398856393629,0.0,0.7160437107086182,1.8208572268486023,0.23940197378396988,2.0,4.0,5.0,1.0,3.0,1.0,7.0,14.0,2.0,5.0,0.0
12739,0.0,0.7160437107086182,1.8208572268486023,0.23940197378396988,2.0,4.0,5.0,1.0,3.0,1.0,7.0,14.0,2.0,5.0,3.0,-0.3007630407810211,0.6869447827339172,8.0,-0.2725944221019745,0.6593132019042969,-12.69279667898498,0.0,1.4029884934425354,1.5482628047466278,0.8987151756882668,3.0,5.0,6.0,1.0,4.0,2.0,8.0,15.0,1.0,6.0,0.0
12740,0.0,1.4029884934425354,1.5482628047466278,0.8987151756882668,3.0,5.0,6.0,1.0,4.0,2.0,8.0,15.0,1.0,6.0,9.0,-0.06253381818532944,-0.5592461228370667,7.0,-0.593970537185669,0.6678504347801208,-7.72075622111808,0.0,0.8437423706054688,0.9542922675609589,1.5665656104683876,4.0,6.0,7.0,2.0,5.0,3.0,9.0,1.0,2.0,1.0,0.0
12741,0.0,0.8437423706054688,0.9542922675609589,1.5665656104683876,4.0,6.0,7.0,2.0,5.0,3.0,9.0,1.0,2.0,1.0,4.0,0.5234778523445129,0.23478350043296814,8.0,-1.3840267658233643,-0.9396304488182068,-16.468557660519757,0.5234778523445129,1.078525871038437,0.0,0.6269351616501808,5.0,7.0,8.0,3.0,1.0,4.0,10.0,2.0,1.0,2.0,0.0
12742,0.5234778523445129,1.078525871038437,0.0,0.6269351616501808,5.0,7.0,8.0,3.0,1.0,4.0,10.0,2.0,1.0,2.0,8.0,-1.0133650302886963,-0.15720821917057037,10.0,-0.6899377703666687,-0.2250644713640213,-15.770752002970223,0.0,0.9213176518678665,0.0,0.4018706902861595,6.0,8.0,9.0,4.0,2.0,5.0,11.0,3.0,1.0,3.0,0.0
12743,0.0,0.9213176518678665,0.0,0.4018706902861595,6.0,8.0,9.0,4.0,2.0,5.0,11.0,3.0,1.0,3.0,0.0,-0.9600174427032471,-0.16305099427700043,6.0,-0.5205111503601074,0.12752611935138702,-19.80931973315338,0.0,0.7582666575908661,0.0,0.5293968096375465,1.0,9.0,10.0,5.0,3.0,6.0,1.0,4.0,2.0,4.0,0.0
12744,0.0,0.7582666575908661,0.0,0.5293968096375465,1.0,9.0,10.0,5.0,3.0,6.0,1.0,4.0,2.0,4.0,9.0,0.9399339556694031,-1.128788948059082,1.0,1.215179443359375,-1.242456078529358,-13.736874304278544,0.9399339556694031,0.0,1.215179443359375,0.0,2.0,1.0,11.0,6.0,4.0,7.0,2.0,5.0,3.0,1.0,0.0
12745,0.9399339556694031,0.0,1.215179443359375,0.0,2.0,1.0,11.0,6.0,4.0,7.0,2.0,5.0,3.0,1.0,9.0,1.1344603300094604,-0.8933441638946533,2.0,-0.5113409161567688,-1.3874247074127197,-22.671533029854146,2.0743942856788635,0.0,0.7038385272026062,0.0,3.0,2.0,1.0,7.0,5.0,8.0,3.0,6.0,4.0,1.0,0.0
12746,2.0743942856788635,0.0,0.7038385272026062,0.0,3.0,2.0,1.0,7.0,5.0,8.0,3.0,6.0,4.0,1.0,9.0,0.13298268616199493,0.8606070876121521,3.0,0.5372965335845947,-0.49204933643341064,-10.455481852215758,2.2073769718408585,0.8606070876121521,1.241135060787201,0.0,4.0,3.0,2.0,1.0,6.0,9.0,4.0,7.0,5.0,1.0,0.0
12747,2.2073769718408585,0.8606070876121521,1.241135060787201,0.0,4.0,3.0,2.0,1.0,6.0,9.0,4.0,7.0,5.0,1.0,4.0,0.2948249578475952,-1.4888414144515991,5.0,-0.31630879640579224,-0.19850197434425354,-18.246677813340707,2.5022019296884537,0.0,0.9248262643814087,0.0,5.0,4.0,3.0,2.0,1.0,1.0,5.0,8.0,6.0,2.0,0.0
12748,2.5022019296884537,0.0,0.9248262643814087,0.0,5.0,4.0,3.0,2.0,1.0,1.0,5.0,8.0,6.0,2.0,8.0,-1.6416006088256836,1.0667729377746582,8.0,-0.9495251774787903,1.0330511331558228,-12.830928381886714,0.8606013208627701,1.0667729377746582,0.0,1.0330511331558228,6.0,5.0,4.0,3.0,2.0,2.0,6.0,9.0,1.0,3.0,0.0
12749,0.8606013208627701,1.0667729377746582,0.0,1.0330511331558228,6.0,5.0,4.0,3.0,2.0,2.0,6.0,9.0,1.0,3.0,0.0,-1.808984398841858,0.357037216424942,1.0,0.06501201540231705,-0.8093360066413879,-13.72371893488462,0.0,1.4238101541996002,0.06501201540231705,0.22371512651443481,1.0,1.0,5.0,4.0,3.0,3.0,7.0,10.0,2.0,4.0,0.0
12750,0.0,1.4238101541996002,0.06501201540231705,0.22371512651443481,1.0,1.0,5.0,4.0,3.0,3.0,7.0,10.0,2.0,4.0,9.0,-0.9051820635795593,-0.21490715444087982,7.0,1.2132385969161987,0.7437538504600525,-11.127156206357833,0.0,1.2089029997587204,1.2782506123185158,0.9674689769744873,2.0,2.0,6.0,5.0,4.0,4.0,8.0,1.0,3.0,1.0,0.0
12751,0.0,1.2089029997587204,1.2782506123185158,0.9674689769744873,2.0,2.0,6.0,5.0,4.0,4.0,8.0,1.0,3.0,1.0,4.0,-0.020403720438480377,0.5077942609786987,6.0,-1.3569495677947998,-0.8757526278495789,-16.30365522485127,0.0,1.7166972607374191,0.0,0.09171634912490845,3.0,3.0,7.0,6.0,1.0,5.0,1.0,2.0,4.0,2.0,0.0
12752,0.0,1.7166972607374191,0.0,0.09171634912490845,3.0,3.0,7.0,6.0,1.0,5.0,1.0,2.0,4.0,2.0,9.0,-0.053994882851839066,-0.794572651386261,3.0,-0.5423074960708618,-1.4520549774169922,-15.518093986655781,0.0,0.9221246093511581,0.0,0.0,4.0,4.0,8.0,1.0,2.0,6.0,2.0,3.0,5.0,1.0,0.0
12753,0.0,0.9221246093511581,0.0,0.0,4.0,4.0,8.0,1.0,2.0,6.0,2.0,3.0,5.0,1.0,0.0,0.9115970730781555,-1.071731686592102,2.0,0.1768435388803482,-0.5790925621986389,-14.607012614513469,0.9115970730781555,0.0,0.1768435388803482,0.0,1.0,5.0,1.0,2.0,3.0,7.0,3.0,4.0,6.0,2.0,0.0
12754,0.9115970730781555,0.0,0.1768435388803482,0.0,1.0,5.0,1.0,2.0,3.0,7.0,3.0,4.0,6.0,2.0,1.0,-0.02948535420000553,1.0391125679016113,8.0,0.3441760838031769,0.6998441815376282,-11.042883386627064,0.88211171887815,1.0391125679016113,0.5210196226835251,0.6998441815376282,2.0,1.0,2.0,3.0,4.0,8.0,4.0,5.0,1.0,3.0,0.0
12755,0.88211171887815,1.0391125679016113,0.5210196226835251,0.6998441815376282,2.0,1.0,2.0,3.0,4.0,8.0,4.0,5.0,1.0,3.0,9.0,-0.18418638408184052,-1.3225470781326294,0.0,0.8328824043273926,-0.8470506072044373,-7.441755831251838,0.6979253347963095,0.0,1.3539020270109177,0.0,1.0,2.0,3.0,4.0,5.0,9.0,5.0,6.0,2.0,1.0,0.0
12756,0.6979253347963095,0.0,1.3539020270109177,0.0,1.0,2.0,3.0,4.0,5.0,9.0,5.0,6.0,2.0,1.0,8.0,-0.3284631073474884,-0.41667768359184265,3.0,-0.3934818208217621,-1.2992693185806274,-21.590118769407272,0.36946222744882107,0.0,0.9604202061891556,0.0,2.0,3.0,4.0,1.0,6.0,10.0,6.0,7.0,1.0,2.0,0.0
12757,0.36946222744882107,0.0,0.9604202061891556,0.0,2.0,3.0,4.0,1.0,6.0,10.0,6.0,7.0,1.0,2.0,0.0,0.16452382504940033,0.3908774256706238,5.0,-0.3579699397087097,-1.0573309659957886,-16.779561713716014,0.5339860524982214,0.3908774256706238,0.6024502664804459,0.0,1.0,4.0,5.0,2.0,7.0,1.0,7.0,8.0,2.0,3.0,0.0
12758,0.5339860524982214,0.3908774256706238,0.6024502664804459,0.0,1.0,4.0,5.0,2.0,7.0,1.0,7.0,8.0,2.0,3.0,4.0,-0.29850831627845764,-0.019507966935634613,5.0,1.320690631866455,-0.22338058054447174,-16.511977856712615,0.23547773621976376,0.37136945873498917,1.923140898346901,0.0,2.0,5.0,6.0,3.0,1.0,1.0,8.0,9.0,3.0,4.0,0.0
12759,0.23547773621976376,0.37136945873498917,1.923140898346901,0.0,2.0,5.0,6.0,3.0,1.0,1.0,8.0,9.0,3.0,4.0,9.0,-1.3882845640182495,0.6766461133956909,6.0,-0.16741403937339783,1.1592800617218018,-15.348636075626068,0.0,1.04801557213068,1.7557268589735031,1.1592800617218018,3.0,6.0,7.0,4.0,2.0,2.0,1.0,10.0,4.0,1.0,0.0
12760,0.0,1.04801557213068,1.7557268589735031,1.1592800617218018,3.0,6.0,7.0,4.0,2.0,2.0,1.0,10.0,4.0,1.0,0.0,-0.4650711715221405,0.744226336479187,2.0,-0.9392343163490295,-1.3899774551391602,-14.63888665691481,0.0,1.792241908609867,0.8164925426244736,0.0,1.0,7.0,1.0,5.0,3.0,3.0,2.0,11.0,5.0,2.0,0.0
12761,0.0,1.792241908609867,0.8164925426244736,0.0,1.0,7.0,1.0,5.0,3.0,3.0,2.0,11.0,5.0,2.0,7.0,0.7980592250823975,0.7292666435241699,8.0,1.2495028972625732,0.7923160791397095,-10.03093984240825,0.7980592250823975,2.521508552134037,2.065995439887047,0.7923160791397095,2.0,8.0,2.0,6.0,4.0,4.0,3.0,1.0,1.0,3.0,0.0
12762,0.7980592250823975,2.521508552134037,2.065995439887047,0.7923160791397095,2.0,8.0,2.0,6.0,4.0,4.0,3.0,1.0,1.0,3.0,8.0,0.011457466520369053,0.7995278239250183,1.0,0.6489588022232056,-1.4604991674423218,-11.045642125553934,0.8095166916027665,3.3210363760590553,2.7149542421102524,0.0,3.0,1.0,3.0,7.0,5.0,5.0,4.0,2.0,1.0,4.0,0.0
12763,0.8095166916027665,3.3210363760590553,2.7149542421102524,0.0,3.0,1.0,3.0,7.0,5.0,5.0,4.0,2.0,1.0,4.0,3.0,0.3945593535900116,0.3907453417778015,3.0,-1.0273935794830322,-1.2312901020050049,-14.028187971190233,1.204076045192778,3.711781717836857,1.6875606626272202,0.0,4.0,2.0,4.0,1.0,6.0,6.0,5.0,3.0,2.0,5.0,0.0
12764,1.204076045192778,3.711781717836857,1.6875606626272202,0.0,4.0,2.0,4.0,1.0,6.0,6.0,5.0,3.0,2.0,5.0,4.0,-0.7512080669403076,-0.8883424997329712,8.0,0.48902177810668945,-1.2493690252304077,-19.234856333913775,0.4528679782524705,2.8234392181038857,2.1765824407339096,0.0,5.0,3.0,5.0,2.0,1.0,7.0,6.0,4.0,1.0,6.0,0.0
12765,0.4528679782524705,2.8234392181038857,2.1765824407339096,0.0,5.0,3.0,5.0,2.0,1.0,7.0,6.0,4.0,1.0,6.0,9.0,-1.4335248470306396,-0.2082449197769165,8.0,-1.0242693424224854,-0.9510201215744019,-19.597083150914735,0.0,2.615194298326969,1.1523130983114243,0.0,6.0,4.0,6.0,3.0,2.0,8.0,7.0,5.0,1.0,1.0,0.0
12766,0.0,2.615194298326969,1.1523130983114243,0.0,6.0,4.0,6.0,3.0,2.0,8.0,7.0,5.0,1.0,1.0,0.0,-0.6434776186943054,-1.0985456705093384,8.0,-0.7430781722068787,-1.583970546722412,-21.94839082901905,0.0,1.5166486278176308,0.4092349261045456,0.0,1.0,5.0,7.0,4.0,3.0,9.0,8.0,6.0,1.0,2.0,0.0
12767,0.0,1.5166486278176308,0.4092349261045456,0.0,1.0,5.0,7.0,4.0,3.0,9.0,8.0,6.0,1.0,2.0,4.0,-0.026189081370830536,-0.7665678858757019,5.0,0.473451167345047,-0.7098516821861267,-20.428688393732564,0.0,0.7500807419419289,0.8826860934495926,0.0,2.0,6.0,8.0,5.0,1.0,1.0,9.0,7.0,2.0,3.0,0.0
12768,0.0,0.7500807419419289,0.8826860934495926,0.0,2.0,6.0,8.0,5.0,1.0,1.0,9.0,7.0,2.0,3.0,4.0,-1.161330223083496,0.44886648654937744,6.0,-0.48701566457748413,-1.1104081869125366,-27.89417053112201,0.0,1.1989472284913063,0.39567042887210846,0.0,3.0,7.0,9.0,6.0,1.0,2.0,1.0,8.0,3.0,4.0,0.0
12769,0.0,1.1989472284913063,0.39567042887210846,0.0,3.0,7.0,9.0,6.0,1.0,2.0,1.0,8.0,3.0,4.0,9.0,-0.5889015793800354,-1.271134853363037,2.0,-0.37293243408203125,-0.8467466831207275,-19.686162288566965,0.0,0.0,0.02273799479007721,0.0,4.0,8.0,1.0,7.0,2.0,3.0,2.0,9.0,4.0,1.0,0.0
12770,0.0,0.0,0.02273799479007721,0.0,4.0,8.0,1.0,7.0,2.0,3.0,2.0,9.0,4.0,1.0,3.0,-0.14645524322986603,1.1508373022079468,1.0,0.9258810877799988,-1.3796162605285645,-17.002770843376737,0.0,1.1508373022079468,0.948619082570076,0.0,5.0,1.0,2.0,1.0,3.0,4.0,3.0,10.0,5.0,2.0,0.0
12771,0.0,1.1508373022079468,0.948619082570076,0.0,5.0,1.0,2.0,1.0,3.0,4.0,3.0,10.0,5.0,2.0,0.0,0.5009174346923828,0.7576406002044678,8.0,-0.41654106974601746,-0.03014354035258293,-9.694095886757376,0.5009174346923828,1.9084779024124146,0.5320780128240585,0.0,1.0,2.0,3.0,2.0,4.0,5.0,4.0,11.0,1.0,3.0,0.0
12772,0.5009174346923828,1.9084779024124146,0.5320780128240585,0.0,1.0,2.0,3.0,2.0,4.0,5.0,4.0,11.0,1.0,3.0,9.0,-0.8646044135093689,0.3444089889526367,2.0,0.19766093790531158,1.046718955039978,-11.82822244157801,0.0,2.2528868913650513,0.7297389507293701,1.046718955039978,2.0,3.0,1.0,3.0,5.0,6.0,5.0,12.0,2.0,1.0,0.0
12773,0.0,2.2528868913650513,0.7297389507293701,1.046718955039978,2.0,3.0,1.0,3.0,5.0,6.0,5.0,12.0,2.0,1.0,4.0,0.6095392107963562,-0.43172940611839294,7.0,1.3308736085891724,-1.551298975944519,-12.045503015919534,0.6095392107963562,1.8211574852466583,2.0606125593185425,0.0,3.0,4.0,2.0,4.0,1.0,7.0,6.0,1.0,3.0,2.0,0.0
12774,0.6095392107963562,1.8211574852466583,2.0606125593185425,0.0,3.0,4.0,2.0,4.0,1.0,7.0,6.0,1.0,3.0,2.0,8.0,-0.7564771771430969,0.5175105333328247,6.0,-0.6121020913124084,-0.2510780692100525,-13.951182119517648,0.0,2.338668018579483,1.448510468006134,0.0,4.0,5.0,3.0,5.0,2.0,8.0,1.0,2.0,1.0,3.0,0.0
12775,0.0,2.338668018579483,1.448510468006134,0.0,4.0,5.0,3.0,5.0,2.0,8.0,1.0,2.0,1.0,3.0,9.0,1.3566573858261108,-0.04927302524447441,1.0,-0.6537588834762573,-0.9394888281822205,-12.061409868170884,1.3566573858261108,2.2893949933350086,0.7947515845298767,0.0,5.0,1.0,4.0,6.0,3.0,9.0,2.0,3.0,2.0,1.0,0.0
12776,1.3566573858261108,2.2893949933350086,0.7947515845298767,0.0,5.0,1.0,4.0,6.0,3.0,9.0,2.0,3.0,2.0,1.0,9.0,-0.10001972317695618,-0.10364090651273727,3.0,-0.2782471179962158,-0.5595918893814087,-10.316644800503251,1.2566376626491547,2.1857540868222713,0.5165044665336609,0.0,6.0,2.0,5.0,1.0,4.0,10.0,3.0,4.0,3.0,1.0,0.0
12777,1.2566376626491547,2.1857540868222713,0.5165044665336609,0.0,6.0,2.0,5.0,1.0,4.0,10.0,3.0,4.0,3.0,1.0,0.0,0.3895041048526764,-0.3347718119621277,8.0,-1.408887505531311,-1.336495041847229,-17.941157120881137,1.646141767501831,1.8509822748601437,0.0,0.0,1.0,3.0,6.0,2.0,5.0,11.0,4.0,5.0,1.0,2.0,0.0
12778,1.646141767501831,1.8509822748601437,0.0,0.0,1.0,3.0,6.0,2.0,5.0,11.0,4.0,5.0,1.0,2.0,0.0,0.07169997692108154,0.11760515719652176,5.0,0.4490090012550354,-1.0899443626403809,-16.51007371596853,1.7178417444229126,1.9685874320566654,0.4490090012550354,0.0,1.0,4.0,7.0,3.0,6.0,1.0,5.0,6.0,2.0,3.0,0.0
12779,1.7178417444229126,1.9685874320566654,0.4490090012550354,0.0,1.0,4.0,7.0,3.0,6.0,1.0,5.0,6.0,2.0,3.0,4.0,-1.1894383430480957,-0.632868766784668,7.0,0.22865869104862213,0.32680752873420715,-11.224671528992415,0.5284034013748169,1.3357186652719975,0.6776676923036575,0.32680752873420715,2.0,5.0,8.0,4.0,1.0,2.0,6.0,1.0,3.0,4.0,0.0
12780,0.5284034013748169,1.3357186652719975,0.6776676923036575,0.32680752873420715,2.0,5.0,8.0,4.0,1.0,2.0,6.0,1.0,3.0,4.0,8.0,-0.02613532729446888,0.20948240160942078,8.0,-0.8231984376907349,-1.422229528427124,-19.275875602319402,0.502268074080348,1.5452010668814182,0.0,0.0,3.0,6.0,9.0,5.0,2.0,3.0,7.0,2.0,1.0,5.0,0.0
12781,0.502268074080348,1.5452010668814182,0.0,0.0,3.0,6.0,9.0,5.0,2.0,3.0,7.0,2.0,1.0,5.0,4.0,0.7860110998153687,-1.2249103784561157,10.0,0.5142049193382263,0.6451482772827148,-9.865099501827988,1.2882791738957167,0.3202906884253025,0.5142049193382263,0.6451482772827148,4.0,7.0,10.0,6.0,1.0,4.0,8.0,3.0,2.0,6.0,0.0
12782,1.2882791738957167,0.3202906884253025,0.5142049193382263,0.6451482772827148,4.0,7.0,10.0,6.0,1.0,4.0,8.0,3.0,2.0,6.0,9.0,0.6523699164390564,0.9399304389953613,3.0,-1.4418087005615234,-0.9751632809638977,-13.588502778455467,1.940649090334773,1.2602211274206638,0.0,0.0,5.0,8.0,11.0,1.0,2.0,5.0,9.0,4.0,3.0,1.0,0.0
12783,1.940649090334773,1.2602211274206638,0.0,0.0,5.0,8.0,11.0,1.0,2.0,5.0,9.0,4.0,3.0,1.0,4.0,-1.9128090143203735,-0.1661594659090042,2.0,0.19066265225410461,-0.7928165793418884,-21.111121011814127,0.02784007601439953,1.0940616615116596,0.19066265225410461,0.0,6.0,9.0,1.0,2.0,1.0,6.0,10.0,5.0,4.0,2.0,0.0
12784,0.02784007601439953,1.0940616615116596,0.19066265225410461,0.0,6.0,9.0,1.0,2.0,1.0,6.0,10.0,5.0,4.0,2.0,4.0,-0.6310761570930481,-1.2670519351959229,1.0,-0.3369736969470978,-1.2096128463745117,-24.563648512723155,0.0,0.0,0.0,0.0,7.0,1.0,2.0,3.0,1.0,7.0,11.0,6.0,5.0,3.0,0.0
12785,0.0,0.0,0.0,0.0,7.0,1.0,2.0,3.0,1.0,7.0,11.0,6.0,5.0,3.0,0.0,-1.120481014251709,1.7066521644592285,3.0,-0.8599236011505127,-0.2198430597782135,-18.847993419886272,0.0,1.7066521644592285,0.0,0.0,1.0,2.0,3.0,1.0,2.0,8.0,12.0,7.0,6.0,4.0,0.0
12786,0.0,1.7066521644592285,0.0,0.0,1.0,2.0,3.0,1.0,2.0,8.0,12.0,7.0,6.0,4.0,4.0,-0.05347973480820656,-1.5576328039169312,6.0,0.6141433119773865,0.2693725824356079,-16.966155270792935,0.0,0.14901936054229736,0.6141433119773865,0.2693725824356079,2.0,3.0,4.0,2.0,1.0,9.0,1.0,8.0,7.0,5.0,0.0
12787,0.0,0.14901936054229736,0.6141433119773865,0.2693725824356079,2.0,3.0,4.0,2.0,1.0,9.0,1.0,8.0,7.0,5.0,9.0,-0.6372972130775452,0.9003528356552124,8.0,0.4306642413139343,-0.16121962666511536,-13.032118396616255,0.0,1.0493721961975098,1.0448075532913208,0.10815295577049255,3.0,4.0,5.0,3.0,2.0,10.0,2.0,9.0,1.0,1.0,0.0
12788,0.0,1.0493721961975098,1.0448075532913208,0.10815295577049255,3.0,4.0,5.0,3.0,2.0,10.0,2.0,9.0,1.0,1.0,0.0,-0.75310879945755,-1.3052924871444702,3.0,0.03722166270017624,-0.050480011850595474,-12.620945452893169,0.0,0.0,1.082029215991497,0.05767294391989708,1.0,5.0,6.0,1.0,3.0,11.0,3.0,10.0,2.0,2.0,0.0
12789,0.0,0.0,1.082029215991497,0.05767294391989708,1.0,5.0,6.0,1.0,3.0,11.0,3.0,10.0,2.0,2.0,0.0,-0.03386376425623894,-0.43257224559783936,5.0,0.5010034441947937,0.028489330783486366,-12.975597110347875,0.0,0.0,1.5830326601862907,0.08616227470338345,1.0,6.0,7.0,2.0,4.0,1.0,4.0,11.0,3.0,3.0,0.0
12790,0.0,0.0,1.5830326601862907,0.08616227470338345,1.0,6.0,7.0,2.0,4.0,1.0,4.0,11.0,3.0,3.0,4.0,-0.46881774067878723,1.3907922506332397,2.0,1.05045747756958,-0.6337398290634155,-19.66201310489541,0.0,1.3907922506332397,2.633490137755871,0.0,2.0,7.0,1.0,3.0,1.0,2.0,5.0,12.0,4.0,4.0,0.0
12791,0.0,1.3907922506332397,2.633490137755871,0.0,2.0,7.0,1.0,3.0,1.0,2.0,5.0,12.0,4.0,4.0,3.0,-0.5579522252082825,-0.6515637636184692,8.0,-1.0905901193618774,0.5602546334266663,-14.19451294958266,0.0,0.7392284870147705,1.5429000183939934,0.5602546334266663,3.0,8.0,2.0,1.0,2.0,3.0,6.0,13.0,1.0,5.0,0.0
12792,0.0,0.7392284870147705,1.5429000183939934,0.5602546334266663,3.0,8.0,2.0,1.0,2.0,3.0,6.0,13.0,1.0,5.0,7.0,-1.6629235744476318,1.2565587759017944,1.0,-1.0110816955566406,-1.1540247201919556,-21.81646320840174,0.0,1.995787262916565,0.5318183228373528,0.0,4.0,1.0,3.0,2.0,3.0,4.0,7.0,1.0,2.0,6.0,0.0
12793,0.0,1.995787262916565,0.5318183228373528,0.0,4.0,1.0,3.0,2.0,3.0,4.0,7.0,1.0,2.0,6.0,8.0,-1.1636481285095215,0.4612542390823364,8.0,-0.23718564212322235,-0.8392959237098694,-22.90408650830993,0.0,2.4570415019989014,0.2946326807141304,0.0,5.0,2.0,4.0,3.0,4.0,5.0,8.0,2.0,1.0,7.0,0.0
12794,0.0,2.4570415019989014,0.2946326807141304,0.0,5.0,2.0,4.0,3.0,4.0,5.0,8.0,2.0,1.0,7.0,8.0,-0.13803905248641968,1.3618385791778564,5.0,0.8099047541618347,-0.7282338738441467,-17.452736688343215,0.0,3.818880081176758,1.1045374348759651,0.0,6.0,3.0,5.0,4.0,5.0,1.0,9.0,3.0,1.0,8.0,0.0
12795,0.0,3.818880081176758,1.1045374348759651,0.0,6.0,3.0,5.0,4.0,5.0,1.0,9.0,3.0,1.0,8.0,4.0,-1.3739123344421387,0.8958457112312317,0.0,1.6807606220245361,-1.2038497924804688,-21.987440202699354,0.0,4.7147257924079895,2.7852980569005013,0.0,1.0,4.0,6.0,5.0,1.0,2.0,10.0,4.0,2.0,9.0,0.0
12796,0.0,4.7147257924079895,2.7852980569005013,0.0,1.0,4.0,6.0,5.0,1.0,2.0,10.0,4.0,2.0,9.0,3.0,0.885309100151062,-0.6496200561523438,1.0,-0.9091585874557495,-1.6559525728225708,-15.914313202252508,0.885309100151062,4.065105736255646,1.8761394694447517,0.0,2.0,1.0,7.0,1.0,2.0,3.0,11.0,5.0,3.0,10.0,0.0
12797,0.885309100151062,4.065105736255646,1.8761394694447517,0.0,2.0,1.0,7.0,1.0,2.0,3.0,11.0,5.0,3.0,10.0,9.0,0.2662113606929779,0.05301942303776741,6.0,-0.2944430410861969,-0.1755104809999466,-9.607082665382588,1.15152046084404,4.118125159293413,1.5816964283585548,0.0,3.0,2.0,8.0,2.0,3.0,4.0,1.0,6.0,4.0,1.0,0.0
12798,1.15152046084404,4.118125159293413,1.5816964283585548,0.0,3.0,2.0,8.0,2.0,3.0,4.0,1.0,6.0,4.0,1.0,0.0,1.102587342262268,-0.35542088747024536,7.0,-0.8041617274284363,-1.2911176681518555,-13.165854944747657,2.254107803106308,3.762704271823168,0.7775347009301186,0.0,1.0,3.0,9.0,3.0,4.0,5.0,2.0,1.0,5.0,2.0,0.0
12799,2.254107803106308,3.762704271823168,0.7775347009301186,0.0,1.0,3.0,9.0,3.0,4.0,5.0,2.0,1.0,5.0,2.0,4.0,-0.15691331028938293,-1.1047981977462769,8.0,-0.4509371817111969,-0.5885750651359558,-14.790394100317704,2.097194492816925,2.657906074076891,0.32659751921892166,0.0,2.0,4.0,10.0,4.0,1.0,6.0,3.0,2.0,1.0,3.0,1.0
12800,3.7386856079101562,8.744877815246582,7.261725902557373,9.543407440185547,1.0,1.0,1.0,1.0,1.0,1.0,1.0,1.0,1.0,1.0,4.0,-1.5700373649597168,-1.9134234189987183,1.0,-1.9869016408920288,-1.9573019742965698,-6.653223359844187,2.1686482429504395,6.831454396247864,5.274824261665344,7.586105465888977,2.0,1.0,2.0,2.0,1.0,2.0,2.0,2.0,2.0,2.0,0.0
12801,2.1686482429504395,6.831454396247864,5.274824261665344,7.586105465888977,2.0,1.0,2.0,2.0,1.0,2.0,2.0,2.0,2.0,2.0,8.0,-1.3621071577072144,-1.5250539779663086,4.0,-1.8092323541641235,-1.983638882637024,-5.107834204458007,0.8065410852432251,5.306400418281555,3.4655919075012207,5.602466583251953,3.0,2.0,3.0,3.0,1.0,3.0,3.0,3.0,1.0,3.0,0.0
12802,0.8065410852432251,5.306400418281555,3.4655919075012207,5.602466583251953,3.0,2.0,3.0,3.0,1.0,3.0,3.0,3.0,1.0,3.0,3.0,-0.7433655261993408,-0.5656886100769043,3.0,-1.7258877754211426,-1.8557617664337158,-4.292791194637644,0.06317555904388428,4.740711808204651,1.7397041320800781,3.7467048168182373,4.0,3.0,4.0,1.0,2.0,4.0,4.0,4.0,2.0,4.0,0.0
12803,0.06317555904388428,4.740711808204651,1.7397041320800781,3.7467048168182373,4.0,3.0,4.0,1.0,2.0,4.0,4.0,4.0,2.0,4.0,0.0,0.47799208760261536,-0.4529392421245575,4.0,-0.8137126564979553,-1.86644446849823,-8.929511939648926,0.5411676466464996,4.287772566080093,0.9259914755821228,1.8802603483200073,1.0,4.0,5.0,2.0,1.0,5.0,5.0,5.0,3.0,5.0,0.0
12804,0.5411676466464996,4.287772566080093,0.9259914755821228,1.8802603483200073,1.0,4.0,5.0,2.0,1.0,5.0,5.0,5.0,3.0,5.0,9.0,-0.40429648756980896,-1.1793206930160522,2.0,-1.0818465948104858,-0.8492225408554077,-11.003560923362418,0.13687115907669067,3.108451873064041,0.0,1.0310378074645996,2.0,5.0,1.0,3.0,2.0,6.0,6.0,6.0,4.0,1.0,0.0
12805,0.13687115907669067,3.108451873064041,0.0,1.0310378074645996,2.0,5.0,1.0,3.0,2.0,6.0,6.0,6.0,4.0,1.0,3.0,-1.200341820716858,-1.4758989810943604,1.0,1.3010387420654297,-1.0742616653442383,-14.4035381571897,0.0,1.6325528919696808,1.3010387420654297,0.0,3.0,1.0,2.0,1.0,3.0,7.0,7.0,7.0,5.0,2.0,0.0
12806,0.0,1.6325528919696808,1.3010387420654297,0.0,3.0,1.0,2.0,1.0,3.0,7.0,7.0,7.0,5.0,2.0,4.0,-1.0267733335494995,-1.1808768510818481,8.0,-1.2280195951461792,-0.5033005475997925,-23.322522688702445,0.0,0.45167604088783264,0.07301914691925049,0.0,4.0,2.0,3.0,2.0,1.0,8.0,8.0,8.0,1.0,3.0,0.0
12807,0.0,0.45167604088783264,0.07301914691925049,0.0,4.0,2.0,3.0,2.0,1.0,8.0,8.0,8.0,1.0,3.0,0.0,-0.7665144205093384,-0.12079256772994995,3.0,-0.11302375793457031,0.05050616338849068,-12.692212483264745,0.0,0.3308834731578827,0.0,0.05050616338849068,1.0,3.0,4.0,1.0,2.0,9.0,9.0,9.0,2.0,4.0,0.0
12808,0.0,0.3308834731578827,0.0,0.05050616338849068,1.0,3.0,4.0,1.0,2.0,9.0,9.0,9.0,2.0,4.0,6.0,-1.0292472839355469,-0.8981664180755615,5.0,0.6142792701721191,-0.2980344295501709,-24.697460165014668,0.0,0.0,0.6142792701721191,0.0,2.0,4.0,5.0,2.0,3.0,1.0,1.0,10.0,3.0,5.0,0.0
12809,0.0,0.0,0.6142792701721191,0.0,2.0,4.0,5.0,2.0,3.0,1.0,1.0,10.0,3.0,5.0,9.0,-0.6964084506034851,0.5056528449058533,8.0,-0.3440049886703491,0.42481377720832825,-13.361210588838848,0.0,0.5056528449058533,0.27027428150177,0.42481377720832825,3.0,5.0,6.0,3.0,4.0,2.0,2.0,11.0,1.0,1.0,0.0
12810,0.0,0.5056528449058533,0.27027428150177,0.42481377720832825,3.0,5.0,6.0,3.0,4.0,2.0,2.0,11.0,1.0,1.0,7.0,-1.0656055212020874,0.4753609299659729,8.0,-0.4370613694190979,-0.6526890993118286,-19.368764245609505,0.0,0.9810137748718262,0.0,0.0,4.0,6.0,7.0,4.0,5.0,3.0,3.0,1.0,1.0,2.0,0.0
12811,0.0,0.9810137748718262,0.0,0.0,4.0,6.0,7.0,4.0,5.0,3.0,3.0,1.0,1.0,2.0,8.0,0.5616669654846191,0.32061994075775146,1.0,-0.6069380044937134,-0.814989447593689,-17.31142156823809,0.5616669654846191,1.3016337156295776,0.0,0.0,5.0,1.0,8.0,5.0,6.0,4.0,4.0,2.0,1.0,3.0,0.0
12812,0.5616669654846191,1.3016337156295776,0.0,0.0,5.0,1.0,8.0,5.0,6.0,4.0,4.0,2.0,1.0,3.0,4.0,-0.9025323987007141,1.1347815990447998,2.0,-0.6293753385543823,-1.2526054382324219,-24.30906589272049,0.0,2.4364153146743774,0.0,0.0,6.0,2.0,1.0,6.0,1.0,5.0,5.0,3.0,2.0,4.0,0.0
12813,0.0,2.4364153146743774,0.0,0.0,6.0,2.0,1.0,6.0,1.0,5.0,5.0,3.0,2.0,4.0,8.0,-0.9729874730110168,0.7896648049354553,6.0,1.3299027681350708,-1.0348162651062012,-21.90032688455049,0.0,3.2260801196098328,1.3299027681350708,0.0,7.0,3.0,2.0,7.0,2.0,6.0,1.0,4.0,1.0,5.0,0.0
12814,0.0,3.2260801196098328,1.3299027681350708,0.0,7.0,3.0,2.0,7.0,2.0,6.0,1.0,4.0,1.0,5.0,9.0,0.37586963176727295,0.7193599343299866,0.0,0.7007272243499756,-1.3254129886627197,-11.04821347525776,0.37586963176727295,3.9454400539398193,2.0306299924850464,0.0,1.0,4.0,3.0,8.0,3.0,7.0,2.0,5.0,2.0,1.0,0.0
12815,0.37586963176727295,3.9454400539398193,2.0306299924850464,0.0,1.0,4.0,3.0,8.0,3.0,7.0,2.0,5.0,2.0,1.0,3.0,1.0943729877471924,-0.2467893809080124,3.0,1.5386481285095215,-0.8962050080299377,-12.8473154484346,1.4702426195144653,3.698650673031807,3.569278120994568,0.0,2.0,5.0,4.0,1.0,4.0,8.0,3.0,6.0,3.0,2.0,0.0
12816,1.4702426195144653,3.698650673031807,3.569278120994568,0.0,2.0,5.0,4.0,1.0,4.0,8.0,3.0,6.0,3.0,2.0,4.0,-0.5284723043441772,-1.3704043626785278,8.0,-1.5676977634429932,-0.5143725275993347,-15.382267859941251,0.9417703151702881,2.328246310353279,2.0015803575515747,0.0,3.0,6.0,5.0,2.0,1.0,9.0,4.0,7.0,1.0,3.0,0.0
12817,0.9417703151702881,2.328246310353279,2.0015803575515747,0.0,3.0,6.0,5.0,2.0,1.0,9.0,4.0,7.0,1.0,3.0,0.0,1.0607333183288574,-1.80156409740448,8.0,-0.3022700548171997,0.054906100034713745,-9.71153306530873,2.0025036334991455,0.5266822129487991,1.699310302734375,0.054906100034713745,1.0,7.0,6.0,3.0,2.0,10.0,5.0,8.0,1.0,4.0,0.0
12818,2.0025036334991455,0.5266822129487991,1.699310302734375,0.054906100034713745,1.0,7.0,6.0,3.0,2.0,10.0,5.0,8.0,1.0,4.0,8.0,-1.4364101886749268,0.5739520192146301,7.0,0.3593675196170807,-1.6703770160675049,-18.726197363972023,0.5660934448242188,1.1006342321634293,2.0586778223514557,0.0,2.0,8.0,7.0,4.0,3.0,11.0,6.0,1.0,1.0,5.0,0.0
12819,0.5660934448242188,1.1006342321634293,2.0586778223514557,0.0,2.0,8.0,7.0,4.0,3.0,11.0,6.0,1.0,1.0,5.0,9.0,0.26178914308547974,-0.5292357206344604,1.0,0.33779963850975037,-1.3946855068206787,-14.4290064079467,0.8278825879096985,0.5713985115289688,2.396477460861206,0.0,3.0,1.0,8.0,5.0,4.0,12.0,7.0,2.0,2.0,1.0,0.0
12820,0.8278825879096985,0.5713985115289688,2.396477460861206,0.0,3.0,1.0,8.0,5.0,4.0,12.0,7.0,2.0,2.0,1.0,8.0,-1.6446630954742432,-0.3943590223789215,3.0,-1.5015977621078491,-0.7244314551353455,-21.332286884892607,0.0,0.1770394891500473,0.8948796987533569,0.0,4.0,2.0,9.0,1.0,5.0,13.0,8.0,3.0,1.0,2.0,0.0
12821,0.0,0.1770394891500473,0.8948796987533569,0.0,4.0,2.0,9.0,1.0,5.0,13.0,8.0,3.0,1.0,2.0,4.0,-1.2344114780426025,-1.4314080476760864,5.0,-0.6961871385574341,-0.8336184024810791,-30.697573265058704,0.0,0.0,0.19869256019592285,0.0,5.0,3.0,10.0,2.0,1.0,1.0,9.0,4.0,2.0,3.0,0.0
12822,0.0,0.0,0.19869256019592285,0.0,5.0,3.0,10.0,2.0,1.0,1.0,9.0,4.0,2.0,3.0,0.0,-0.19948451220989227,-0.4153721034526825,2.0,-1.2226972579956055,-1.574174165725708,-23.292338566131335,0.0,0.0,0.0,0.0,1.0,4.0,1.0,3.0,2.0,2.0,10.0,5.0,3.0,4.0,0.0
12823,0.0,0.0,0.0,0.0,1.0,4.0,1.0,3.0,2.0,2.0,10.0,5.0,3.0,4.0,6.0,-1.2666083574295044,0.04353035241365433,6.0,0.22788798809051514,-0.156047984957695,-24.57389110141763,0.0,0.04353035241365433,0.22788798809051514,0.0,2.0,5.0,2.0,4.0,3.0,3.0,1.0,6.0,4.0,5.0,0.0
12824,0.0,0.04353035241365433,0.22788798809051514,0.0,2.0,5.0,2.0,4.0,3.0,3.0,1.0,6.0,4.0,5.0,3.0,-0.3729335367679596,0.8578618168830872,8.0,1.5837520360946655,-0.19372506439685822,-13.925501005320495,0.0,0.9013921692967415,1.8116400241851807,0.0,3.0,6.0,3.0,1.0,4.0,4.0,2.0,7.0,1.0,6.0,0.0
12825,0.0,0.9013921692967415,1.8116400241851807,0.0,3.0,6.0,3.0,1.0,4.0,4.0,2.0,7.0,1.0,6.0,9.0,0.6650904417037964,0.840124249458313,8.0,-0.6204997897148132,-0.5666029453277588,-12.342518184158376,0.6650904417037964,1.7415164187550545,1.1911402344703674,0.0,4.0,7.0,4.0,2.0,5.0,5.0,3.0,8.0,1.0,1.0,0.0
12826,0.6650904417037964,1.7415164187550545,1.1911402344703674,0.0,4.0,7.0,4.0,2.0,5.0,5.0,3.0,8.0,1.0,1.0,4.0,0.08424194157123566,0.029633767902851105,4.0,0.8250805735588074,0.1336159110069275,-13.160664735529956,0.749332383275032,1.7711501866579056,2.016220808029175,0.1336159110069275,5.0,8.0,5.0,3.0,1.0,6.0,4.0,9.0,2.0,2.0,0.0
12827,0.749332383275032,1.7711501866579056,2.016220808029175,0.1336159110069275,5.0,8.0,5.0,3.0,1.0,6.0,4.0,9.0,2.0,2.0,0.0,-0.6669511795043945,-0.8021317720413208,1.0,-1.0490748882293701,-1.3098270893096924,-14.222638007390259,0.08238120377063751,0.9690184146165848,0.9671459197998047,0.0,1.0,1.0,6.0,4.0,2.0,7.0,5.0,10.0,3.0,3.0,0.0
12828,0.08238120377063751,0.9690184146165848,0.9671459197998047,0.0,1.0,1.0,6.0,4.0,2.0,7.0,5.0,10.0,3.0,3.0,0.0,-0.3002033531665802,-0.14698009192943573,5.0,-0.0883144959807396,-0.6786148548126221,-16.20917781498445,0.0,0.822038322687149,0.8788314238190651,0.0,1.0,2.0,7.0,5.0,3.0,1.0,6.0,11.0,4.0,4.0,0.0
12829,0.0,0.822038322687149,0.8788314238190651,0.0,1.0,2.0,7.0,5.0,3.0,1.0,6.0,11.0,4.0,4.0,3.0,0.8540757298469543,0.7362110018730164,7.0,0.3315325379371643,-0.014509252272546291,-8.167785597576298,0.8540757298469543,1.5582493245601654,1.2103639617562294,0.0,2.0,3.0,8.0,1.0,4.0,2.0,7.0,1.0,5.0,5.0,0.0
12830,0.8540757298469543,1.5582493245601654,1.2103639617562294,0.0,2.0,3.0,8.0,1.0,4.0,2.0,7.0,1.0,5.0,5.0,8.0,-1.051458716392517,0.7139500975608826,8.0,-1.4062480926513672,-0.3791031837463379,-16.532956265702655,0.0,2.272199422121048,0.0,0.0,3.0,4.0,9.0,2.0,5.0,3.0,8.0,2.0,1.0,6.0,0.0
12831,0.0,2.272199422121048,0.0,0.0,3.0,4.0,9.0,2.0,5.0,3.0,8.0,2.0,1.0,6.0,4.0,-0.9969967603683472,-1.3662984371185303,5.0,1.7235790491104126,-1.48070228099823,-28.198188599572934,0.0,0.9059009850025177,1.7235790491104126,0.0,4.0,5.0,10.0,3.0,1.0,1.0,9.0,3.0,2.0,7.0,0.0
12832,0.0,0.9059009850025177,1.7235790491104126,0.0,4.0,5.0,10.0,3.0,1.0,1.0,9.0,3.0,2.0,7.0,0.0,-0.809326171875,0.861774742603302,6.0,-1.3055355548858643,-1.3238091468811035,-22.19357937454636,0.0,1.7676757276058197,0.41804349422454834,0.0,1.0,6.0,11.0,4.0,2.0,2.0,1.0,4.0,3.0,8.0,0.0
12833,0.0,1.7676757276058197,0.41804349422454834,0.0,1.0,6.0,11.0,4.0,2.0,2.0,1.0,4.0,3.0,8.0,9.0,1.2451735734939575,-0.4660162329673767,5.0,-1.1816754341125488,-1.7920913696289062,-21.977470840849044,1.2451735734939575,1.301659494638443,0.0,0.0,2.0,7.0,12.0,5.0,3.0,1.0,2.0,5.0,4.0,1.0,0.0
12834,1.2451735734939575,1.301659494638443,0.0,0.0,2.0,7.0,12.0,5.0,3.0,1.0,2.0,5.0,4.0,1.0,8.0,-0.8131323456764221,0.427937775850296,2.0,0.604481041431427,-0.9201825261116028,-18.414251777555947,0.4320412278175354,1.729597270488739,0.604481041431427,0.0,3.0,8.0,1.0,6.0,4.0,2.0,3.0,6.0,1.0,2.0,0.0
12835,0.4320412278175354,1.729597270488739,0.604481041431427,0.0,3.0,8.0,1.0,6.0,4.0,2.0,3.0,6.0,1.0,2.0,4.0,-0.61515212059021,0.5445021986961365,1.0,0.8175249099731445,-0.5199214816093445,-14.901114598440069,0.0,2.2740994691848755,1.4220059514045715,0.0,4.0,1.0,2.0,7.0,1.0,3.0,4.0,7.0,2.0,3.0,0.0
12836,0.0,2.2740994691848755,1.4220059514045715,0.0,4.0,1.0,2.0,7.0,1.0,3.0,4.0,7.0,2.0,3.0,3.0,0.10389263182878494,0.38761106133461,3.0,-0.5046157836914062,-0.9718864560127258,-13.19333544103211,0.10389263182878494,2.6617105305194855,0.9173901677131653,0.0,5.0,2.0,3.0,1.0,2.0,4.0,5.0,8.0,3.0,4.0,0.0
12837,0.10389263182878494,2.6617105305194855,0.9173901677131653,0.0,5.0,2.0,3.0,1.0,2.0,4.0,5.0,8.0,3.0,4.0,9.0,-0.7964237332344055,-0.8089706301689148,8.0,-0.4151560366153717,-0.48182427883148193,-15.920696216453138,0.0,1.8527399003505707,0.5022341310977936,0.0,6.0,3.0,4.0,2.0,3.0,5.0,6.0,9.0,1.0,1.0,0.0
12838,0.0,1.8527399003505707,0.5022341310977936,0.0,6.0,3.0,4.0,2.0,3.0,5.0,6.0,9.0,1.0,1.0,0.0,-0.3366604745388031,-0.46643537282943726,6.0,0.8113250732421875,-0.6874197125434875,-15.045283251412886,0.0,1.3863045275211334,1.313559204339981,0.0,1.0,4.0,5.0,3.0,4.0,6.0,1.0,10.0,2.0,2.0,0.0
12839,0.0,1.3863045275211334,1.313559204339981,0.0,1.0,4.0,5.0,3.0,4.0,6.0,1.0,10.0,2.0,2.0,7.0,0.6473550200462341,-1.1023545265197754,8.0,1.1562875509262085,-0.8962396383285522,-15.471408302290797,0.6473550200462341,0.28395000100135803,2.4698467552661896,0.0,2.0,5.0,6.0,4.0,5.0,7.0,2.0,1.0,1.0,3.0,0.0
12840,0.6473550200462341,0.28395000100135803,2.4698467552661896,0.0,2.0,5.0,6.0,4.0,5.0,7.0,2.0,1.0,1.0,3.0,4.0,0.4890381991863251,-0.09081908315420151,0.0,-0.7812626957893372,-0.5649797320365906,-12.1166738988569,1.1363932192325592,0.19313091784715652,1.6885840594768524,0.0,1.0,6.0,7.0,5.0,1.0,8.0,3.0,2.0,2.0,4.0,0.0
12841,1.1363932192325592,0.19313091784715652,1.6885840594768524,0.0,1.0,6.0,7.0,5.0,1.0,8.0,3.0,2.0,2.0,4.0,8.0,-0.8173831105232239,0.5464076995849609,3.0,-1.7235225439071655,-1.0000288486480713,-17.302218131859757,0.3190101087093353,0.7395386174321175,0.0,0.0,2.0,7.0,8.0,1.0,2.0,9.0,4.0,3.0,1.0,5.0,0.0
12842,0.3190101087093353,0.7395386174321175,0.0,0.0,2.0,7.0,8.0,1.0,2.0,9.0,4.0,3.0,1.0,5.0,0.0,-0.27222657203674316,-0.9027045369148254,5.0,-0.03518354147672653,-0.11110686510801315,-14.040717303795626,0.04678353667259216,0.0,0.0,0.0,1.0,8.0,9.0,2.0,3.0,1.0,5.0,4.0,2.0,6.0,0.0
12843,0.04678353667259216,0.0,0.0,0.0,1.0,8.0,9.0,2.0,3.0,1.0,5.0,4.0,2.0,6.0,8.0,-0.43653053045272827,-0.3681713342666626,2.0,-0.7582188248634338,-0.8154863119125366,-25.07455211476512,0.0,0.0,0.0,0.0,2.0,9.0,1.0,3.0,4.0,2.0,6.0,5.0,1.0,7.0,0.0
12844,0.0,0.0,0.0,0.0,2.0,9.0,1.0,3.0,4.0,2.0,6.0,5.0,1.0,7.0,3.0,-0.7273132801055908,0.10370172560214996,1.0,-0.5330097675323486,-1.3994821310043335,-22.60940974133489,0.0,0.10370172560214996,0.0,0.0,3.0,1.0,2.0,1.0,5.0,3.0,7.0,6.0,2.0,8.0,0.0
12845,0.0,0.10370172560214996,0.0,0.0,3.0,1.0,2.0,1.0,5.0,3.0,7.0,6.0,2.0,8.0,9.0,0.01970847137272358,0.6633848547935486,1.0,0.1942910999059677,-0.0763477236032486,-9.373908826057988,0.01970847137272358,0.7670865803956985,0.1942910999059677,0.0,4.0,1.0,3.0,2.0,6.0,4.0,8.0,7.0,3.0,1.0,0.0
12846,0.01970847137272358,0.7670865803956985,0.1942910999059677,0.0,4.0,1.0,3.0,2.0,6.0,4.0,8.0,7.0,3.0,1.0,4.0,-0.017467472702264786,-1.158051609992981,8.0,-0.18179276585578918,1.0630320310592651,-16.847536654349742,0.0022409986704587936,0.0,0.012498334050178528,1.0630320310592651,5.0,2.0,4.0,3.0,1.0,5.0,9.0,8.0,1.0,2.0,0.0
12847,0.0022409986704587936,0.0,0.012498334050178528,1.0630320310592651,5.0,2.0,4.0,3.0,1.0,5.0,9.0,8.0,1.0,2.0,0.0,-1.4276968240737915,-1.3195383548736572,7.0,1.0195183753967285,-0.4657708704471588,-16.768847579114905,0.0,0.0,1.032016709446907,0.5972611606121063,1.0,3.0,5.0,4.0,2.0,6.0,10.0,1.0,2.0,3.0,0.0
12848,0.0,0.0,1.032016709446907,0.5972611606121063,1.0,3.0,5.0,4.0,2.0,6.0,10.0,1.0,2.0,3.0,9.0,-1.1985135078430176,0.35528793931007385,8.0,-0.6000025868415833,1.0255954265594482,-15.03754512373054,0.0,0.35528793931007385,0.4320141226053238,1.6228565871715546,2.0,4.0,6.0,5.0,3.0,7.0,11.0,2.0,1.0,1.0,0.0
12849,0.0,0.35528793931007385,0.4320141226053238,1.6228565871715546,2.0,4.0,6.0,5.0,3.0,7.0,11.0,2.0,1.0,1.0,8.0,-1.167604684829712,0.7114238739013672,8.0,0.07030167430639267,0.6045783162117004,-18.643145838355807,0.0,1.066711813211441,0.5023157969117165,2.227434903383255,3.0,5.0,7.0,6.0,4.0,8.0,12.0,3.0,1.0,2.0,0.0
12850,0.0,1.066711813211441,0.5023157969117165,2.227434903383255,3.0,5.0,7.0,6.0,4.0,8.0,12.0,3.0,1.0,2.0,4.0,-0.5891254544258118,-0.42532041668891907,6.0,0.0916062667965889,-1.124216914176941,-19.58029417384423,0.0,0.641391396522522,0.5939220637083054,1.103217989206314,4.0,6.0,8.0,7.0,1.0,9.0,1.0,4.0,2.0,3.0,0.0
12851,0.0,0.641391396522522,0.5939220637083054,1.103217989206314,4.0,6.0,8.0,7.0,1.0,9.0,1.0,4.0,2.0,3.0,9.0,0.4289136230945587,0.41744035482406616,5.0,0.16419494152069092,0.007659159600734711,-10.896766040009881,0.4289136230945587,1.0588317513465881,0.7581170052289963,1.1108771488070488,5.0,7.0,9.0,8.0,2.0,1.0,2.0,5.0,3.0,1.0,0.0
12852,0.4289136230945587,1.0588317513465881,0.7581170052289963,1.1108771488070488,5.0,7.0,9.0,8.0,2.0,1.0,2.0,5.0,3.0,1.0,3.0,0.0368199460208416,-0.23710444569587708,0.0,-0.801456093788147,-1.2610805034637451,-8.329466244372608,0.4657335691154003,0.8217273056507111,0.0,0.0,1.0,8.0,10.0,1.0,3.0,2.0,3.0,6.0,4.0,2.0,0.0
12853,0.4657335691154003,0.8217273056507111,0.0,0.0,1.0,8.0,10.0,1.0,3.0,2.0,3.0,6.0,4.0,2.0,8.0,-0.35860615968704224,0.14533735811710358,8.0,1.3939626216888428,1.4650295972824097,-12.586064976180166,0.10712740942835808,0.9670646637678146,1.3939626216888428,1.4650295972824097,2.0,9.0,11.0,2.0,4.0,3.0,4.0,7.0,1.0,3.0,0.0
12854,0.10712740942835808,0.9670646637678146,1.3939626216888428,1.4650295972824097,2.0,9.0,11.0,2.0,4.0,3.0,4.0,7.0,1.0,3.0,8.0,-0.3650743365287781,-0.23913855850696564,2.0,-1.638694405555725,1.2674717903137207,-16.548389571143936,0.0,0.727926105260849,0.0,2.7325013875961304,3.0,10.0,1.0,3.0,5.0,4.0,5.0,8.0,1.0,4.0,0.0
12855,0.0,0.727926105260849,0.0,2.7325013875961304,3.0,10.0,1.0,3.0,5.0,4.0,5.0,8.0,1.0,4.0,3.0,-1.2741121053695679,-0.16715504229068756,1.0,1.1580997705459595,-1.6319366693496704,-16.233511503648078,0.0,0.5607710629701614,1.1580997705459595,1.10056471824646,4.0,1.0,2.0,1.0,6.0,5.0,6.0,9.0,2.0,5.0,0.0
12856,0.0,0.5607710629701614,1.1580997705459595,1.10056471824646,4.0,1.0,2.0,1.0,6.0,5.0,6.0,9.0,2.0,5.0,4.0,-0.6146976351737976,0.9181761145591736,8.0,0.4160023331642151,-0.6241840124130249,-17.127949847640156,0.0,1.478947177529335,1.5741021037101746,0.47638070583343506,5.0,2.0,3.0,2.0,1.0,6.0,7.0,10.0,1.0,6.0,0.0
12857,0.0,1.478947177529335,1.5741021037101746,0.47638070583343506,5.0,2.0,3.0,2.0,1.0,6.0,7.0,10.0,1.0,6.0,9.0,0.6851301193237305,-0.1828978806734085,5.0,-0.5615102648735046,-0.5035666823387146,-11.153462210741338,0.6851301193237305,1.2960492968559265,1.01259183883667,0.0,6.0,3.0,4.0,3.0,2.0,1.0,8.0,11.0,2.0,1.0,0.0
12858,0.6851301193237305,1.2960492968559265,1.01259183883667,0.0,6.0,3.0,4.0,3.0,2.0,1.0,8.0,11.0,2.0,1.0,4.0,-0.8300638794898987,-0.19164523482322693,6.0,0.03945154696702957,-1.1162900924682617,-21.705126259884054,0.0,1.1044040620326996,1.0520433858036995,0.0,7.0,4.0,5.0,4.0,1.0,2.0,1.0,12.0,3.0,2.0,0.0
12859,0.0,1.1044040620326996,1.0520433858036995,0.0,7.0,4.0,5.0,4.0,1.0,2.0,1.0,12.0,3.0,2.0,3.0,0.046831123530864716,0.20064198970794678,0.0,-0.3382742702960968,-1.188779592514038,-12.840299966953102,0.046831123530864716,1.3050460517406464,0.7137691155076027,0.0,1.0,5.0,6.0,1.0,2.0,3.0,2.0,13.0,4.0,3.0,0.0
12860,0.046831123530864716,1.3050460517406464,0.7137691155076027,0.0,1.0,5.0,6.0,1.0,2.0,3.0,2.0,13.0,4.0,3.0,9.0,0.8806837201118469,1.2918108701705933,8.0,0.05259055271744728,-0.6809357404708862,-13.233657639387811,0.9275148436427116,2.5968569219112396,0.76635966822505,0.0,2.0,6.0,7.0,2.0,3.0,4.0,3.0,14.0,1.0,1.0,0.0
12861,0.9275148436427116,2.5968569219112396,0.76635966822505,0.0,2.0,6.0,7.0,2.0,3.0,4.0,3.0,14.0,1.0,1.0,7.0,-1.7914700508117676,-0.2329762578010559,8.0,0.9486470818519592,-0.5906513333320618,-19.41058846041045,0.0,2.3638806641101837,1.7150067500770092,0.0,3.0,7.0,8.0,3.0,4.0,5.0,4.0,1.0,1.0,2.0,0.0
12862,0.0,2.3638806641101837,1.7150067500770092,0.0,3.0,7.0,8.0,3.0,4.0,5.0,4.0,1.0,1.0,2.0,0.0,-0.37613359093666077,-1.206172227859497,5.0,0.4289553165435791,0.48610979318618774,-11.452265910319781,0.0,1.1577084362506866,2.1439620666205883,0.48610979318618774,1.0,8.0,9.0,4.0,5.0,1.0,5.0,2.0,2.0,3.0,0.0
12863,0.0,1.1577084362506866,2.1439620666205883,0.48610979318618774,1.0,8.0,9.0,4.0,5.0,1.0,5.0,2.0,2.0,3.0,8.0,-0.034290917217731476,0.05386748164892197,8.0,-0.6166099905967712,-1.154498815536499,-17.606290250242214,0.0,1.2115759178996086,1.527352076023817,0.0,2.0,9.0,10.0,5.0,6.0,2.0,6.0,3.0,1.0,4.0,0.0
12864,0.0,1.2115759178996086,1.527352076023817,0.0,2.0,9.0,10.0,5.0,6.0,2.0,6.0,3.0,1.0,4.0,4.0,-0.8593221306800842,0.45317381620407104,2.0,0.22606946527957916,0.34096425771713257,-19.055726680774097,0.0,1.6647497341036797,1.7534215413033962,0.34096425771713257,3.0,10.0,1.0,6.0,1.0,3.0,7.0,4.0,2.0,5.0,0.0
12865,0.0,1.6647497341036797,1.7534215413033962,0.34096425771713257,3.0,10.0,1.0,6.0,1.0,3.0,7.0,4.0,2.0,5.0,3.0,-0.931807816028595,-0.18850798904895782,1.0,0.6667637228965759,-1.1061248779296875,-16.383213057630346,0.0,1.4762417450547218,2.420185264199972,0.0,4.0,1.0,2.0,1.0,2.0,4.0,8.0,5.0,3.0,6.0,0.0
12866,0.0,1.4762417450547218,2.420185264199972,0.0,4.0,1.0,2.0,1.0,2.0,4.0,8.0,5.0,3.0,6.0,9.0,-1.149572491645813,-0.3525979518890381,6.0,-1.3535188436508179,-0.4002605378627777,-17.45078180802742,0.0,1.1236437931656837,1.0666664205491543,0.0,5.0,2.0,3.0,2.0,3.0,5.0,1.0,6.0,4.0,1.0,0.0
12867,0.0,1.1236437931656837,1.0666664205491543,0.0,5.0,2.0,3.0,2.0,3.0,5.0,1.0,6.0,4.0,1.0,0.0,0.41072726249694824,-1.07680344581604,8.0,-1.0962275266647339,-0.19670024514198303,-10.732161180297997,0.41072726249694824,0.04684034734964371,0.0,0.0,1.0,3.0,4.0,3.0,4.0,6.0,2.0,7.0,1.0,2.0,0.0
12868,0.41072726249694824,0.04684034734964371,0.0,0.0,1.0,3.0,4.0,3.0,4.0,6.0,2.0,7.0,1.0,2.0,9.0,0.4058806002140045,0.10840733349323273,3.0,1.3847209215164185,0.10822490602731705,-7.979514851057922,0.8166078627109528,0.15524768084287643,1.3847209215164185,0.10822490602731705,2.0,4.0,5.0,1.0,5.0,7.0,3.0,8.0,2.0,1.0,0.0
12869,0.8166078627109528,0.15524768084287643,1.3847209215164185,0.10822490602731705,2.0,4.0,5.0,1.0,5.0,7.0,3.0,8.0,2.0,1.0,5.0,1.002287745475769,-0.4958624243736267,8.0,-0.5018294453620911,-1.2215291261672974,-21.833867730243348,1.8188956081867218,0.0,0.8828914761543274,0.0,3.0,5.0,6.0,2.0,6.0,1.0,4.0,9.0,1.0,2.0,0.0
12870,1.8188956081867218,0.0,0.8828914761543274,0.0,3.0,5.0,6.0,2.0,6.0,1.0,4.0,9.0,1.0,2.0,4.0,-0.2790677845478058,1.4361330270767212,2.0,-0.500157356262207,-0.9065307974815369,-18.822698993995985,1.539827823638916,1.4361330270767212,0.38273411989212036,0.0,4.0,6.0,1.0,3.0,1.0,2.0,5.0,10.0,2.0,3.0,0.0
12871,1.539827823638916,1.4361330270767212,0.38273411989212036,0.0,4.0,6.0,1.0,3.0,1.0,2.0,5.0,10.0,2.0,3.0,3.0,-1.4350961446762085,0.2663114070892334,1.0,-0.13290473818778992,-0.4809437096118927,-12.221264279686036,0.10473167896270752,1.7024444341659546,0.24982938170433044,0.0,5.0,1.0,2.0,1.0,2.0,3.0,6.0,11.0,3.0,4.0,0.0
12872,0.10473167896270752,1.7024444341659546,0.24982938170433044,0.0,5.0,1.0,2.0,1.0,2.0,3.0,6.0,11.0,3.0,4.0,7.0,-0.5173775553703308,-0.8624626398086548,0.0,-0.7800260782241821,-0.966000497341156,-15.076149618306655,0.0,0.8399817943572998,0.0,0.0,1.0,2.0,3.0,2.0,3.0,4.0,7.0,1.0,4.0,5.0,0.0
12873,0.0,0.8399817943572998,0.0,0.0,1.0,2.0,3.0,2.0,3.0,4.0,7.0,1.0,4.0,5.0,8.0,-1.329973578453064,0.6708998084068298,1.0,-1.3184306621551514,-0.9729461669921875,-26.89943947319324,0.0,1.5108816027641296,0.0,0.0,2.0,1.0,4.0,3.0,4.0,5.0,8.0,2.0,1.0,6.0,0.0
12874,0.0,1.5108816027641296,0.0,0.0,2.0,1.0,4.0,3.0,4.0,5.0,8.0,2.0,1.0,6.0,3.0,-0.12237539887428284,0.21102416515350342,6.0,1.5353093147277832,-0.9583351016044617,-15.899204873104585,0.0,1.721905767917633,1.5353093147277832,0.0,3.0,2.0,5.0,1.0,5.0,6.0,1.0,3.0,2.0,7.0,0.0
12875,0.0,1.721905767917633,1.5353093147277832,0.0,3.0,2.0,5.0,1.0,5.0,6.0,1.0,3.0,2.0,7.0,9.0,0.022365307435393333,-0.08832760900259018,8.0,-1.3736155033111572,0.263401061296463,-9.575772420878113,0.022365307435393333,1.6335781589150429,0.16169381141662598,0.263401061296463,4.0,3.0,6.0,2.0,6.0,7.0,2.0,4.0,1.0,1.0,0.0
12876,0.022365307435393333,1.6335781589150429,0.16169381141662598,0.263401061296463,4.0,3.0,6.0,2.0,6.0,7.0,2.0,4.0,1.0,1.0,4.0,0.8336355090141296,-0.38727882504463196,8.0,1.0557457208633423,-1.0368037223815918,-17.3945001418047,0.856000816449523,1.246299333870411,1.2174395322799683,0.0,5.0,4.0,7.0,3.0,1.0,8.0,3.0,5.0,1.0,2.0,0.0
12877,0.856000816449523,1.246299333870411,1.2174395322799683,0.0,5.0,4.0,7.0,3.0,1.0,8.0,3.0,5.0,1.0,2.0,0.0,-0.859818696975708,-0.46929165720939636,3.0,-0.5580396056175232,-1.1485739946365356,-14.038335664804864,0.0,0.7770076766610146,0.6593999266624451,0.0,1.0,5.0,8.0,1.0,2.0,9.0,4.0,6.0,2.0,3.0,0.0
12878,0.0,0.7770076766610146,0.6593999266624451,0.0,1.0,5.0,8.0,1.0,2.0,9.0,4.0,6.0,2.0,3.0,0.0,-0.76641845703125,1.3014137744903564,5.0,-0.9811617136001587,-1.5043998956680298,-24.039518662776807,0.0,2.078421451151371,0.0,0.0,1.0,6.0,9.0,2.0,3.0,1.0,5.0,7.0,3.0,4.0,0.0
12879,0.0,2.078421451151371,0.0,0.0,1.0,6.0,9.0,2.0,3.0,1.0,5.0,7.0,3.0,4.0,4.0,0.029124120250344276,0.049573637545108795,8.0,0.4147007167339325,-1.5493171215057373,-22.722010249340467,0.029124120250344276,2.12799508869648,0.4147007167339325,0.0,2.0,7.0,10.0,3.0,1.0,2.0,6.0,8.0,1.0,5.0,0.0
12880,0.029124120250344276,2.12799508869648,0.4147007167339325,0.0,2.0,7.0,10.0,3.0,1.0,2.0,6.0,8.0,1.0,5.0,9.0,-0.8340550661087036,-0.520660936832428,7.0,0.3152252435684204,1.1277413368225098,-11.595872988181785,0.0,1.6073341518640518,0.7299259603023529,1.1277413368225098,3.0,8.0,11.0,4.0,2.0,3.0,7.0,1.0,2.0,1.0,0.0
12881,0.0,1.6073341518640518,0.7299259603023529,1.1277413368225098,3.0,8.0,11.0,4.0,2.0,3.0,7.0,1.0,2.0,1.0,8.0,-0.47408562898635864,-0.5358940958976746,2.0,-0.09018296003341675,-0.9465026259422302,-17.13317693948872,0.0,1.0714400559663773,0.6397430002689362,0.18123871088027954,4.0,9.0,1.0,5.0,3.0,4.0,8.0,2.0,1.0,2.0,0.0
12882,0.0,1.0714400559663773,0.6397430002689362,0.18123871088027954,4.0,9.0,1.0,5.0,3.0,4.0,8.0,2.0,1.0,2.0,3.0,-0.25636574625968933,1.5589394569396973,1.0,1.129205584526062,-0.8631634712219238,-12.189511808762452,0.0,2.6303795129060745,1.7689485847949982,0.0,5.0,1.0,2.0,1.0,4.0,5.0,9.0,3.0,2.0,3.0,0.0
12883,0.0,2.6303795129060745,1.7689485847949982,0.0,5.0,1.0,2.0,1.0,4.0,5.0,9.0,3.0,2.0,3.0,4.0,-1.0824106931686401,0.1506267935037613,6.0,-0.3391874432563782,-0.5447976589202881,-21.357000099417643,0.0,2.781006306409836,1.42976114153862,0.0,6.0,2.0,3.0,2.0,1.0,6.0,1.0,4.0,3.0,4.0,0.0
12884,0.0,2.781006306409836,1.42976114153862,0.0,6.0,2.0,3.0,2.0,1.0,6.0,1.0,4.0,3.0,4.0,9.0,-0.1440042108297348,0.07269952446222305,8.0,-0.801694393157959,-0.8492864966392517,-14.348032064735449,0.0,2.853705830872059,0.628066748380661,0.0,7.0,3.0,4.0,3.0,2.0,7.0,2.0,5.0,1.0,1.0,0.0
12885,0.0,2.853705830872059,0.628066748380661,0.0,7.0,3.0,4.0,3.0,2.0,7.0,2.0,5.0,1.0,1.0,0.0,-0.29231151938438416,-0.10337843745946884,0.0,0.8450657725334167,-1.4542371034622192,-13.861452938162145,0.0,2.75032739341259,1.4731325209140778,0.0,1.0,4.0,5.0,4.0,3.0,8.0,3.0,6.0,2.0,2.0,0.0
12886,0.0,2.75032739341259,1.4731325209140778,0.0,1.0,4.0,5.0,4.0,3.0,8.0,3.0,6.0,2.0,2.0,9.0,0.3038049340248108,0.06426487863063812,5.0,1.486518383026123,-0.8198150992393494,-12.74694205591656,0.3038049340248108,2.814592272043228,2.959650903940201,0.0,2.0,5.0,6.0,5.0,4.0,1.0,4.0,7.0,3.0,1.0,0.0
12887,0.3038049340248108,2.814592272043228,2.959650903940201,0.0,2.0,5.0,6.0,5.0,4.0,1.0,4.0,7.0,3.0,1.0,4.0,1.0821259021759033,1.0294764041900635,0.0,-1.5431474447250366,-0.8052119016647339,-11.750409228447621,1.3859308362007141,3.8440686762332916,1.4165034592151642,0.0,1.0,6.0,7.0,6.0,1.0,2.0,5.0,8.0,4.0,2.0,0.0
12888,1.3859308362007141,3.8440686762332916,1.4165034592151642,0.0,1.0,6.0,7.0,6.0,1.0,2.0,5.0,8.0,4.0,2.0,9.0,-0.864546537399292,-0.8288940787315369,7.0,0.6365563273429871,-0.6667670011520386,-9.60234314657099,0.5213842988014221,3.0151745975017548,2.0530597865581512,0.0,2.0,7.0,8.0,7.0,2.0,3.0,6.0,1.0,5.0,1.0,0.0
12889,0.5213842988014221,3.0151745975017548,2.0530597865581512,0.0,2.0,7.0,8.0,7.0,2.0,3.0,6.0,1.0,5.0,1.0,8.0,0.23248229920864105,-0.2018539309501648,3.0,0.42964208126068115,-1.2170425653457642,-16.20389595691517,0.7538665980100632,2.81332066655159,2.4827018678188324,0.0,3.0,8.0,9.0,1.0,3.0,4.0,7.0,2.0,1.0,2.0,0.0
12890,0.7538665980100632,2.81332066655159,2.4827018678188324,0.0,3.0,8.0,9.0,1.0,3.0,4.0,7.0,2.0,1.0,2.0,4.0,-0.02187620848417282,-1.1095161437988281,8.0,-1.2036452293395996,-0.538033127784729,-16.770305979266816,0.7319903895258904,1.7038045227527618,1.2790566384792328,0.0,4.0,9.0,10.0,2.0,1.0,5.0,8.0,3.0,1.0,3.0,0.0
12891,0.7319903895258904,1.7038045227527618,1.2790566384792328,0.0,4.0,9.0,10.0,2.0,1.0,5.0,8.0,3.0,1.0,3.0,0.0,-1.5124553442001343,1.0105791091918945,5.0,0.4385564923286438,-1.0880531072616577,-20.51194150147118,0.0,2.7143836319446564,1.7176131308078766,0.0,1.0,10.0,11.0,3.0,2.0,1.0,9.0,4.0,2.0,4.0,0.0
12892,0.0,2.7143836319446564,1.7176131308078766,0.0,1.0,10.0,11.0,3.0,2.0,1.0,9.0,4.0,2.0,4.0,8.0,1.031033992767334,-1.7333413362503052,8.0,-1.135926604270935,0.2950740456581116,-14.560323012760405,1.031033992767334,0.9810422956943512,0.5816865265369415,0.2950740456581116,2.0,11.0,12.0,4.0,3.0,2.0,10.0,5.0,1.0,5.0,0.0
12893,1.031033992767334,0.9810422956943512,0.5816865265369415,0.2950740456581116,2.0,11.0,12.0,4.0,3.0,2.0,10.0,5.0,1.0,5.0,8.0,-0.5364213585853577,0.6583334803581238,6.0,0.5196431875228882,-1.2648088932037354,-19.56202899515671,0.4946126341819763,1.639375776052475,1.1013297140598297,0.0,3.0,12.0,13.0,5.0,4.0,3.0,1.0,6.0,1.0,6.0,0.0
12894,0.4946126341819763,1.639375776052475,1.1013297140598297,0.0,3.0,12.0,13.0,5.0,4.0,3.0,1.0,6.0,1.0,6.0,8.0,1.0628039836883545,0.19079890847206116,1.0,0.7743573784828186,-1.5753825902938843,-18.605095899634648,1.5574166178703308,1.8301746845245361,1.8756870925426483,0.0,4.0,1.0,14.0,6.0,5.0,4.0,2.0,7.0,1.0,7.0,0.0
12895,1.5574166178703308,1.8301746845245361,1.8756870925426483,0.0,4.0,1.0,14.0,6.0,5.0,4.0,2.0,7.0,1.0,7.0,9.0,1.2722971439361572,0.4970603287220001,2.0,-0.2861269414424896,-1.9583065509796143,-19.656247868536756,2.829713761806488,2.3272350132465363,1.5895601511001587,0.0,5.0,2.0,1.0,7.0,6.0,5.0,3.0,8.0,2.0,1.0,0.0
12896,2.829713761806488,2.3272350132465363,1.5895601511001587,0.0,5.0,2.0,1.0,7.0,6.0,5.0,3.0,8.0,2.0,1.0,4.0,-0.427361398935318,-0.816035807132721,0.0,1.2025766372680664,0.1923980712890625,-7.148084855610994,2.40235236287117,1.5111992061138153,2.792136788368225,0.1923980712890625,1.0,3.0,2.0,8.0,1.0,6.0,4.0,9.0,3.0,2.0,0.0
12897,2.40235236287117,1.5111992061138153,2.792136788368225,0.1923980712890625,1.0,3.0,2.0,8.0,1.0,6.0,4.0,9.0,3.0,2.0,9.0,0.8084245920181274,1.067254900932312,3.0,0.768766462802887,-0.4554000198841095,-9.205572339778058,3.2107769548892975,2.5784541070461273,3.560903251171112,0.0,2.0,4.0,3.0,1.0,2.0,7.0,5.0,10.0,4.0,1.0,0.0
12898,3.2107769548892975,2.5784541070461273,3.560903251171112,0.0,2.0,4.0,3.0,1.0,2.0,7.0,5.0,10.0,4.0,1.0,7.0,-0.41093868017196655,0.5783735513687134,8.0,-1.2879581451416016,-0.7384483814239502,-13.359368030600404,2.799838274717331,3.1568276584148407,2.2729451060295105,0.0,3.0,5.0,4.0,2.0,3.0,8.0,6.0,1.0,1.0,2.0,0.0
12899,2.799838274717331,3.1568276584148407,2.2729451060295105,0.0,3.0,5.0,4.0,2.0,3.0,8.0,6.0,1.0,1.0,2.0,3.0,-0.7671698331832886,-0.48822250962257385,1.0,-1.0094887018203735,-1.696113109588623,-16.69061958372994,2.0326684415340424,2.668605148792267,1.263456404209137,0.0,4.0,1.0,5.0,1.0,4.0,9.0,7.0,2.0,2.0,3.0,1.0
12900,3.510655164718628,9.37174129486084,7.366472244262695,8.093379974365234,1.0,1.0,1.0,1.0,1.0,1.0,1.0,1.0,1.0,1.0,8.0,-0.19766466319561005,-1.9014273881912231,1.0,-1.9890286922454834,-1.9963395595550537,-153.19842956780474,3.312990501523018,7.470313906669617,5.377443552017212,6.097040414810181,2.0,1.0,2.0,2.0,2.0,2.0,2.0,2.0,1.0,2.0,0.0
12901,3.312990501523018,7.470313906669617,5.377443552017212,6.097040414810181,2.0,1.0,2.0,2.0,2.0,2.0,2.0,2.0,1.0,2.0,4.0,-1.0199166536331177,-1.3484441041946411,0.0,-1.9448226690292358,-1.624355673789978,-155.4530882583972,2.2930738478899,6.121869802474976,3.432620882987976,4.472684741020203,1.0,2.0,3.0,3.0,1.0,3.0,3.0,3.0,2.0,3.0,0.0
12902,2.2930738478899,6.121869802474976,3.432620882987976,4.472684741020203,1.0,2.0,3.0,3.0,1.0,3.0,3.0,3.0,2.0,3.0,3.0,0.8923476934432983,0.06702713668346405,1.0,-1.7153376340866089,-1.7656054496765137,-155.59876936630982,3.1854215413331985,6.18889693915844,1.7172832489013672,2.707079291343689,2.0,1.0,4.0,1.0,2.0,4.0,4.0,4.0,3.0,4.0,0.0
12903,3.1854215413331985,6.18889693915844,1.7172832489013672,2.707079291343689,2.0,1.0,4.0,1.0,2.0,4.0,4.0,4.0,3.0,4.0,4.0,-1.7763781547546387,-1.7031354904174805,0.0,-0.8767697811126709,-1.7835075855255127,-6.937888019687203,1.4090433865785599,4.485761448740959,0.8405134677886963,0.9235717058181763,1.0,2.0,5.0,2.0,1.0,5.0,5.0,5.0,4.0,5.0,0.0
12904,1.4090433865785599,4.485761448740959,0.8405134677886963,0.9235717058181763,1.0,2.0,5.0,2.0,1.0,5.0,5.0,5.0,4.0,5.0,9.0,0.31520918011665344,-0.408111035823822,8.0,-0.6637040376663208,-0.9041693806648254,-9.361291270442786,1.7242525666952133,4.077650412917137,0.1768094301223755,0.01940232515335083,2.0,3.0,6.0,3.0,2.0,6.0,6.0,6.0,1.0,1.0,0.0
12905,1.7242525666952133,4.077650412917137,0.1768094301223755,0.01940232515335083,2.0,3.0,6.0,3.0,2.0,6.0,6.0,6.0,1.0,1.0,5.0,-0.06907890737056732,-1.5288965702056885,5.0,0.7203087210655212,-0.8101707696914673,-18.622807474448756,1.655173659324646,2.5487538427114487,0.8971181511878967,0.0,3.0,4.0,7.0,4.0,3.0,1.0,7.0,7.0,2.0,2.0,0.0
12906,1.655173659324646,2.5487538427114487,0.8971181511878967,0.0,3.0,4.0,7.0,4.0,3.0,1.0,7.0,7.0,2.0,2.0,3.0,-0.9632260203361511,0.1479436159133911,0.0,-0.5115864276885986,-0.7615038752555847,-10.095041816934689,0.6919476389884949,2.69669745862484,0.3855317234992981,0.0,1.0,5.0,8.0,1.0,4.0,2.0,8.0,8.0,3.0,3.0,0.0
12907,0.6919476389884949,2.69669745862484,0.3855317234992981,0.0,1.0,5.0,8.0,1.0,4.0,2.0,8.0,8.0,3.0,3.0,4.0,-0.13982993364334106,-1.5947246551513672,5.0,1.4262957572937012,-0.6964520215988159,-18.66020865201745,0.5521177053451538,1.1019728034734726,1.8118274807929993,0.0,2.0,6.0,9.0,2.0,1.0,1.0,9.0,9.0,4.0,4.0,0.0
12908,0.5521177053451538,1.1019728034734726,1.8118274807929993,0.0,2.0,6.0,9.0,2.0,1.0,1.0,9.0,9.0,4.0,4.0,1.0,-0.4910144805908203,-0.5465834736824036,6.0,0.8528361916542053,-1.050534725189209,-17.330674317536072,0.061103224754333496,0.555389329791069,2.6646636724472046,0.0,3.0,1.0,10.0,3.0,2.0,2.0,1.0,10.0,5.0,5.0,0.0
12909,0.061103224754333496,0.555389329791069,2.6646636724472046,0.0,3.0,1.0,10.0,3.0,2.0,2.0,1.0,10.0,5.0,5.0,9.0,-0.43703949451446533,0.8541403412818909,7.0,-1.428973913192749,-1.53623366355896,-16.321522925391676,0.0,1.40952967107296,1.2356897592544556,0.0,4.0,2.0,11.0,4.0,3.0,3.0,2.0,1.0,6.0,1.0,0.0
12910,0.0,1.40952967107296,1.2356897592544556,0.0,4.0,2.0,11.0,4.0,3.0,3.0,2.0,1.0,6.0,1.0,9.0,0.7428550720214844,-0.6426318287849426,8.0,-1.1336491107940674,-1.2217618227005005,-16.42648438895141,0.7428550720214844,0.7668978422880173,0.10204064846038818,0.0,5.0,3.0,12.0,5.0,4.0,4.0,3.0,2.0,1.0,1.0,0.0
12911,0.7428550720214844,0.7668978422880173,0.10204064846038818,0.0,5.0,3.0,12.0,5.0,4.0,4.0,3.0,2.0,1.0,1.0,9.0,1.532484531402588,-0.5777220726013184,2.0,0.6993328332901001,-1.8362680673599243,-19.966820410804818,2.2753396034240723,0.1891757696866989,0.8013734817504883,0.0,6.0,4.0,1.0,6.0,5.0,5.0,4.0,3.0,2.0,1.0,0.0
12912,2.2753396034240723,0.1891757696866989,0.8013734817504883,0.0,6.0,4.0,1.0,6.0,5.0,5.0,4.0,3.0,2.0,1.0,4.0,-1.426395058631897,1.4272735118865967,3.0,0.01867353357374668,-1.3017083406448364,-17.856010336930154,0.8489445447921753,1.6164492815732956,0.820047015324235,0.0,7.0,5.0,2.0,1.0,1.0,6.0,5.0,4.0,3.0,2.0,0.0
12913,0.8489445447921753,1.6164492815732956,0.820047015324235,0.0,7.0,5.0,2.0,1.0,1.0,6.0,5.0,4.0,3.0,2.0,0.0,-1.3891806602478027,0.8455220460891724,0.0,-0.5301488041877747,-0.9260364174842834,-12.899165806646124,0.0,2.461971327662468,0.2898982111364603,0.0,1.0,6.0,3.0,2.0,2.0,7.0,6.0,5.0,4.0,3.0,0.0
12914,0.0,2.461971327662468,0.2898982111364603,0.0,1.0,6.0,3.0,2.0,2.0,7.0,6.0,5.0,4.0,3.0,4.0,-0.04663090035319328,-1.8794511556625366,1.0,1.6183288097381592,-1.020447015762329,-17.955761288462377,0.0,0.5825201719999313,1.9082270208746195,0.0,2.0,1.0,4.0,3.0,1.0,8.0,7.0,6.0,5.0,4.0,0.0
12915,0.0,0.5825201719999313,1.9082270208746195,0.0,2.0,1.0,4.0,3.0,1.0,8.0,7.0,6.0,5.0,4.0,8.0,-0.5120319724082947,0.8057354092597961,8.0,-0.613158106803894,-0.8554851412773132,-20.653891149949317,0.0,1.3882555812597275,1.2950689140707254,0.0,3.0,2.0,5.0,4.0,2.0,9.0,8.0,7.0,1.0,5.0,0.0
12916,0.0,1.3882555812597275,1.2950689140707254,0.0,3.0,2.0,5.0,4.0,2.0,9.0,8.0,7.0,1.0,5.0,3.0,-0.47321388125419617,0.10113192349672318,7.0,0.8565924167633057,-1.0057828426361084,-15.616090843293774,0.0,1.4893875047564507,2.151661330834031,0.0,4.0,3.0,6.0,1.0,3.0,10.0,9.0,1.0,2.0,6.0,0.0
12917,0.0,1.4893875047564507,2.151661330834031,0.0,4.0,3.0,6.0,1.0,3.0,10.0,9.0,1.0,2.0,6.0,9.0,-1.3617706298828125,0.11607576906681061,6.0,-0.9807142019271851,-1.3959033489227295,-24.032378610812074,0.0,1.6054632738232613,1.170947128906846,0.0,5.0,4.0,7.0,2.0,4.0,11.0,1.0,2.0,3.0,1.0,0.0
12918,0.0,1.6054632738232613,1.170947128906846,0.0,5.0,4.0,7.0,2.0,4.0,11.0,1.0,2.0,3.0,1.0,9.0,0.48641276359558105,-1.0451006889343262,8.0,-0.10628361254930496,-1.6638104915618896,-18.876676210281232,0.48641276359558105,0.5603625848889351,1.064663516357541,0.0,6.0,5.0,8.0,3.0,5.0,12.0,2.0,3.0,1.0,1.0,0.0
12919,0.48641276359558105,0.5603625848889351,1.064663516357541,0.0,6.0,5.0,8.0,3.0,5.0,12.0,2.0,3.0,1.0,1.0,0.0,0.1026216372847557,0.12562021613121033,5.0,-0.07010549306869507,-1.1419966220855713,-16.47002858535458,0.5890344008803368,0.6859828010201454,0.994558023288846,0.0,1.0,6.0,9.0,4.0,6.0,1.0,3.0,4.0,2.0,2.0,0.0
12920,0.5890344008803368,0.6859828010201454,0.994558023288846,0.0,1.0,6.0,9.0,4.0,6.0,1.0,3.0,4.0,2.0,2.0,8.0,-0.04453618451952934,0.5942545533180237,2.0,0.557912290096283,-0.5701537132263184,-16.32382778687214,0.5444982163608074,1.280237354338169,1.552470313385129,0.0,2.0,7.0,1.0,5.0,7.0,2.0,4.0,5.0,1.0,3.0,0.0
12921,0.5444982163608074,1.280237354338169,1.552470313385129,0.0,2.0,7.0,1.0,5.0,7.0,2.0,4.0,5.0,1.0,3.0,4.0,0.5466336011886597,-0.20702551305294037,1.0,1.015885829925537,-0.22426794469356537,-10.961000825406405,1.091131817549467,1.0732118412852287,2.568356143310666,0.0,3.0,1.0,2.0,6.0,1.0,3.0,5.0,6.0,2.0,4.0,0.0
12922,1.091131817549467,1.0732118412852287,2.568356143310666,0.0,3.0,1.0,2.0,6.0,1.0,3.0,5.0,6.0,2.0,4.0,9.0,0.1593921035528183,0.5725757479667664,3.0,-1.0204529762268066,-0.2496429979801178,-8.263974159339398,1.2505239211022854,1.645787589251995,1.5479031670838594,0.0,4.0,2.0,3.0,1.0,2.0,4.0,6.0,7.0,3.0,1.0,0.0
12923,1.2505239211022854,1.645787589251995,1.5479031670838594,0.0,4.0,2.0,3.0,1.0,2.0,4.0,6.0,7.0,3.0,1.0,4.0,-1.226663589477539,-1.168717861175537,8.0,-1.2017877101898193,-0.7718847393989563,-19.125582397101372,0.023860331624746323,0.477069728076458,0.3461154568940401,0.0,5.0,3.0,4.0,2.0,1.0,5.0,7.0,8.0,1.0,2.0,0.0
12924,0.023860331624746323,0.477069728076458,0.3461154568940401,0.0,5.0,3.0,4.0,2.0,1.0,5.0,7.0,8.0,1.0,2.0,4.0,-0.9439665079116821,0.21099156141281128,6.0,-0.007614851463586092,0.1081567108631134,-21.12230438798619,0.0,0.6880612894892693,0.338500605430454,0.1081567108631134,6.0,4.0,5.0,3.0,1.0,6.0,1.0,9.0,2.0,3.0,0.0
12925,0.0,0.6880612894892693,0.338500605430454,0.1081567108631134,6.0,4.0,5.0,3.0,1.0,6.0,1.0,9.0,2.0,3.0,9.0,0.06516098976135254,1.0417708158493042,8.0,0.8298929929733276,-1.5381041765213013,-17.369993906538554,0.06516098976135254,1.7298321053385735,1.1683935984037817,0.0,7.0,5.0,6.0,4.0,2.0,7.0,2.0,10.0,1.0,1.0,0.0
12926,0.06516098976135254,1.7298321053385735,1.1683935984037817,0.0,7.0,5.0,6.0,4.0,2.0,7.0,2.0,10.0,1.0,1.0,0.0,0.8257120847702026,-0.9601309895515442,0.0,-0.9720087051391602,-1.7895524501800537,-15.072393065792117,0.8908730745315552,0.7697011157870293,0.1963848932646215,0.0,1.0,6.0,7.0,5.0,3.0,8.0,3.0,11.0,2.0,2.0,0.0
12927,0.8908730745315552,0.7697011157870293,0.1963848932646215,0.0,1.0,6.0,7.0,5.0,3.0,8.0,3.0,11.0,2.0,2.0,8.0,0.3803962469100952,-1.134319543838501,5.0,0.8284749984741211,0.2730177044868469,-17.77674119942343,1.2712693214416504,0.0,1.0248598917387426,0.2730177044868469,2.0,7.0,8.0,6.0,4.0,1.0,4.0,12.0,1.0,3.0,0.0
12928,1.2712693214416504,0.0,1.0248598917387426,0.2730177044868469,2.0,7.0,8.0,6.0,4.0,1.0,4.0,12.0,1.0,3.0,7.0,-1.489851474761963,1.6762995719909668,7.0,0.5648972392082214,-0.5956153869628906,-12.716783805154286,0.0,1.6762995719909668,1.589757130946964,0.0,3.0,8.0,9.0,7.0,5.0,2.0,5.0,1.0,2.0,4.0,0.0
12929,0.0,1.6762995719909668,1.589757130946964,0.0,3.0,8.0,9.0,7.0,5.0,2.0,5.0,1.0,2.0,4.0,8.0,1.2734229564666748,1.3422619104385376,1.0,0.6690354347229004,-1.6425741910934448,-17.326979471440914,1.2734229564666748,3.0185614824295044,2.2587925656698644,0.0,4.0,1.0,10.0,8.0,6.0,3.0,6.0,2.0,1.0,5.0,0.0
12930,1.2734229564666748,3.0185614824295044,2.2587925656698644,0.0,4.0,1.0,10.0,8.0,6.0,3.0,6.0,2.0,1.0,5.0,8.0,0.9750333428382874,1.1250803470611572,2.0,-1.6018424034118652,-1.0178104639053345,-17.298308780092444,2.248456299304962,4.143641829490662,0.6569501622579992,0.0,5.0,2.0,1.0,9.0,7.0,4.0,7.0,3.0,1.0,6.0,0.0
12931,2.248456299304962,4.143641829490662,0.6569501622579992,0.0,5.0,2.0,1.0,9.0,7.0,4.0,7.0,3.0,1.0,6.0,3.0,0.4507216811180115,-0.3907836973667145,0.0,1.4317864179611206,0.43410608172416687,-5.216040696539598,2.6991779804229736,3.752858132123947,2.08873658021912,0.43410608172416687,1.0,3.0,2.0,1.0,8.0,5.0,8.0,4.0,2.0,7.0,0.0
12932,2.6991779804229736,3.752858132123947,2.08873658021912,0.43410608172416687,1.0,3.0,2.0,1.0,8.0,5.0,8.0,4.0,2.0,7.0,4.0,-1.117633581161499,-0.2654074430465698,1.0,-1.433005928993225,-1.3597596883773804,-15.278982898906293,1.5815443992614746,3.4874506890773773,0.6557306512258947,0.0,2.0,1.0,3.0,2.0,1.0,6.0,9.0,5.0,3.0,8.0,0.0
12933,1.5815443992614746,3.4874506890773773,0.6557306512258947,0.0,2.0,1.0,3.0,2.0,1.0,6.0,9.0,5.0,3.0,8.0,9.0,0.4594341814517975,-0.39523839950561523,1.0,0.09327536076307297,-0.34202566742897034,-9.494798381754167,2.040978580713272,3.092212289571762,0.7490060119889677,0.0,3.0,1.0,4.0,3.0,2.0,7.0,10.0,6.0,4.0,1.0,0.0
12934,2.040978580713272,3.092212289571762,0.7490060119889677,0.0,3.0,1.0,4.0,3.0,2.0,7.0,10.0,6.0,4.0,1.0,4.0,-0.4455394446849823,-1.2872774600982666,0.0,0.1453549712896347,0.7464925646781921,-8.635717141216402,1.5954391360282898,1.8049348294734955,0.8943609832786024,0.7464925646781921,1.0,2.0,5.0,4.0,1.0,8.0,11.0,7.0,5.0,2.0,0.0
12935,1.5954391360282898,1.8049348294734955,0.8943609832786024,0.7464925646781921,1.0,2.0,5.0,4.0,1.0,8.0,11.0,7.0,5.0,2.0,4.0,-1.352103352546692,-0.6557072997093201,5.0,-1.0813994407653809,0.7496526837348938,-17.571325514834722,0.2433357834815979,1.1492275297641754,0.0,1.496145248413086,2.0,3.0,6.0,5.0,1.0,1.0,12.0,8.0,6.0,3.0,0.0
12936,0.2433357834815979,1.1492275297641754,0.0,1.496145248413086,2.0,3.0,6.0,5.0,1.0,1.0,12.0,8.0,6.0,3.0,4.0,0.10550376027822495,-0.22948554158210754,6.0,-0.0974271222949028,0.5672281384468079,-17.377683842692427,0.34883954375982285,0.9197419881820679,0.0,2.063373386859894,3.0,4.0,7.0,6.0,1.0,2.0,1.0,9.0,7.0,4.0,0.0
12937,0.34883954375982285,0.9197419881820679,0.0,2.063373386859894,3.0,4.0,7.0,6.0,1.0,2.0,1.0,9.0,7.0,4.0,3.0,-1.0877214670181274,0.4208658039569855,8.0,0.5291428565979004,-0.3385103642940521,-13.608334405165618,0.0,1.3406077921390533,0.5291428565979004,1.7248630225658417,4.0,5.0,8.0,1.0,2.0,3.0,2.0,10.0,1.0,5.0,0.0
12938,0.0,1.3406077921390533,0.5291428565979004,1.7248630225658417,4.0,5.0,8.0,1.0,2.0,3.0,2.0,10.0,1.0,5.0,9.0,-0.6467313170433044,0.12711459398269653,2.0,-1.0527770519256592,0.652998685836792,-15.403260434985151,0.0,1.4677223861217499,0.0,2.3778617084026337,5.0,6.0,1.0,2.0,3.0,4.0,3.0,11.0,2.0,1.0,0.0
12939,0.0,1.4677223861217499,0.0,2.3778617084026337,5.0,6.0,1.0,2.0,3.0,4.0,3.0,11.0,2.0,1.0,7.0,-0.8632065057754517,1.0187525749206543,1.0,0.37189802527427673,-0.6525607109069824,-14.467873944855155,0.0,2.486474961042404,0.37189802527427673,1.7253009974956512,6.0,1.0,2.0,3.0,4.0,5.0,4.0,1.0,3.0,2.0,0.0
12940,0.0,2.486474961042404,0.37189802527427673,1.7253009974956512,6.0,1.0,2.0,3.0,4.0,5.0,4.0,1.0,3.0,2.0,3.0,0.8865683674812317,0.12093257904052734,0.0,-1.4875303506851196,-1.6563441753387451,-10.964671248315266,0.8865683674812317,2.6074075400829315,0.0,0.06895682215690613,1.0,2.0,3.0,1.0,5.0,6.0,5.0,2.0,4.0,3.0,0.0
12941,0.8865683674812317,2.6074075400829315,0.0,0.06895682215690613,1.0,2.0,3.0,1.0,5.0,6.0,5.0,2.0,4.0,3.0,4.0,0.15206128358840942,-1.5782725811004639,8.0,0.29081863164901733,-0.6196869611740112,-16.091846129793886,1.0386296510696411,1.0291349589824677,0.29081863164901733,0.0,2.0,3.0,4.0,2.0,1.0,7.0,6.0,3.0,1.0,4.0,0.0
12942,1.0386296510696411,1.0291349589824677,0.29081863164901733,0.0,2.0,3.0,4.0,2.0,1.0,7.0,6.0,3.0,1.0,4.0,9.0,-0.34552305936813354,-1.4262906312942505,6.0,1.0361688137054443,-0.45820972323417664,-13.936709323299123,0.6931065917015076,0.0,1.3269874453544617,0.0,3.0,4.0,5.0,3.0,2.0,8.0,1.0,4.0,2.0,1.0,0.0
12943,0.6931065917015076,0.0,1.3269874453544617,0.0,3.0,4.0,5.0,3.0,2.0,8.0,1.0,4.0,2.0,1.0,5.0,0.05038415640592575,0.38915714621543884,3.0,-1.088297724723816,-0.026867978274822235,-13.118939714105114,0.7434907481074333,0.38915714621543884,0.23868972063064575,0.0,4.0,5.0,6.0,1.0,3.0,1.0,2.0,5.0,3.0,2.0,0.0
12944,0.7434907481074333,0.38915714621543884,0.23868972063064575,0.0,4.0,5.0,6.0,1.0,3.0,1.0,2.0,5.0,3.0,2.0,0.0,-0.9004582166671753,0.09104597568511963,8.0,-0.6413507461547852,-1.0930637121200562,-16.641665660662632,0.0,0.48020312190055847,0.0,0.0,1.0,6.0,7.0,2.0,4.0,2.0,3.0,6.0,1.0,3.0,0.0
12945,0.0,0.48020312190055847,0.0,0.0,1.0,6.0,7.0,2.0,4.0,2.0,3.0,6.0,1.0,3.0,9.0,0.07225992530584335,-0.41398710012435913,8.0,0.5932002067565918,0.5465409755706787,-10.025486284103515,0.07225992530584335,0.06621602177619934,0.5932002067565918,0.5465409755706787,2.0,7.0,8.0,3.0,5.0,3.0,4.0,7.0,1.0,1.0,0.0
12946,0.07225992530584335,0.06621602177619934,0.5932002067565918,0.5465409755706787,2.0,7.0,8.0,3.0,5.0,3.0,4.0,7.0,1.0,1.0,0.0,0.6040066480636597,-0.21597915887832642,4.0,-0.13044612109661102,0.4560264050960541,-10.973098370346609,0.676266573369503,0.0,0.4627540856599808,1.0025673806667328,1.0,8.0,9.0,4.0,1.0,4.0,5.0,8.0,2.0,2.0,0.0
12947,0.676266573369503,0.0,0.4627540856599808,1.0025673806667328,1.0,8.0,9.0,4.0,1.0,4.0,5.0,8.0,2.0,2.0,8.0,0.7148939967155457,0.051761604845523834,5.0,0.6421170830726624,-0.6283197999000549,-15.678505603384313,1.3911605700850487,0.051761604845523834,1.1048711687326431,0.37424758076667786,2.0,9.0,10.0,5.0,2.0,1.0,6.0,9.0,1.0,3.0,0.0
12948,1.3911605700850487,0.051761604845523834,1.1048711687326431,0.37424758076667786,2.0,9.0,10.0,5.0,2.0,1.0,6.0,9.0,1.0,3.0,9.0,-0.6294118762016296,0.9649689793586731,0.0,-0.2324887067079544,-1.09232497215271,-10.109588403353065,0.761748693883419,1.016730584204197,0.8723824620246887,0.0,1.0,10.0,11.0,6.0,3.0,2.0,7.0,10.0,2.0,1.0,0.0
12949,0.761748693883419,1.016730584204197,0.8723824620246887,0.0,1.0,10.0,11.0,6.0,3.0,2.0,7.0,10.0,2.0,1.0,8.0,0.04919692501425743,0.6306644678115845,5.0,0.16901983320713043,0.7013383507728577,-15.241247376965267,0.8109456188976765,1.6473950520157814,1.0414022952318192,0.7013383507728577,2.0,11.0,12.0,7.0,4.0,1.0,8.0,11.0,1.0,2.0,0.0
12950,0.8109456188976765,1.6473950520157814,1.0414022952318192,0.7013383507728577,2.0,11.0,12.0,7.0,4.0,1.0,8.0,11.0,1.0,2.0,0.0,-1.1491619348526,0.756206214427948,7.0,0.2667224705219269,-0.07138639688491821,-10.306529021892167,0.0,2.4036012664437294,1.308124765753746,0.6299519538879395,1.0,12.0,13.0,8.0,5.0,2.0,9.0,1.0,2.0,3.0,0.0
12951,0.0,2.4036012664437294,1.308124765753746,0.6299519538879395,1.0,12.0,13.0,8.0,5.0,2.0,9.0,1.0,2.0,3.0,8.0,0.7930818200111389,-0.10449719429016113,1.0,0.19653230905532837,0.08274716138839722,-10.836333276214479,0.7930818200111389,2.2991040721535683,1.5046570748090744,0.7126991152763367,2.0,1.0,14.0,9.0,6.0,3.0,10.0,2.0,1.0,4.0,0.0
12952,0.7930818200111389,2.2991040721535683,1.5046570748090744,0.7126991152763367,2.0,1.0,14.0,9.0,6.0,3.0,10.0,2.0,1.0,4.0,3.0,0.5390418767929077,0.07290785014629364,2.0,-0.3278975486755371,-0.9865491390228271,-12.74702988555476,1.3321236968040466,2.372011922299862,1.1767595261335373,0.0,3.0,2.0,1.0,1.0,7.0,4.0,11.0,3.0,2.0,5.0,0.0
12953,1.3321236968040466,2.372011922299862,1.1767595261335373,0.0,3.0,2.0,1.0,1.0,7.0,4.0,11.0,3.0,2.0,5.0,4.0,-1.126021385192871,-0.9817435145378113,1.0,-1.6560126543045044,-0.32607030868530273,-16.468084357732472,0.20610231161117554,1.3902684077620506,0.0,0.0,4.0,1.0,2.0,2.0,1.0,5.0,12.0,4.0,3.0,6.0,0.0
12954,0.20610231161117554,1.3902684077620506,0.0,0.0,4.0,1.0,2.0,2.0,1.0,5.0,12.0,4.0,3.0,6.0,9.0,-1.3605350255966187,0.06623190641403198,6.0,1.432780385017395,0.24810124933719635,-14.8836911578276,0.0,1.4565003141760826,1.432780385017395,0.24810124933719635,5.0,2.0,3.0,3.0,2.0,6.0,1.0,5.0,4.0,1.0,0.0
12955,0.0,1.4565003141760826,1.432780385017395,0.24810124933719635,5.0,2.0,3.0,3.0,2.0,6.0,1.0,5.0,4.0,1.0,3.0,-0.10837090015411377,0.015924060717225075,8.0,-1.2383410930633545,-0.22951218485832214,-11.693454188777277,0.0,1.4724243748933077,0.19443929195404053,0.018589064478874207,6.0,3.0,4.0,1.0,3.0,7.0,2.0,6.0,1.0,2.0,0.0
12956,0.0,1.4724243748933077,0.19443929195404053,0.018589064478874207,6.0,3.0,4.0,1.0,3.0,7.0,2.0,6.0,1.0,2.0,0.0,-0.37967449426651,-0.6904449462890625,0.0,0.9232168793678284,-0.4544790983200073,-9.31925245738725,0.0,0.7819794286042452,1.117656171321869,0.0,1.0,4.0,5.0,2.0,4.0,8.0,3.0,7.0,2.0,3.0,0.0
12957,0.0,0.7819794286042452,1.117656171321869,0.0,1.0,4.0,5.0,2.0,4.0,8.0,3.0,7.0,2.0,3.0,9.0,0.45754775404930115,-0.27505746483802795,8.0,0.48102277517318726,-0.6048362255096436,-13.19044401326357,0.45754775404930115,0.5069219637662172,1.5986789464950562,0.0,2.0,5.0,6.0,3.0,5.0,9.0,4.0,8.0,1.0,1.0,0.0
12958,0.45754775404930115,0.5069219637662172,1.5986789464950562,0.0,2.0,5.0,6.0,3.0,5.0,9.0,4.0,8.0,1.0,1.0,9.0,0.41809678077697754,-1.012946605682373,5.0,-0.2542342245578766,0.08880048245191574,-13.824552870056593,0.8756445348262787,0.0,1.3444447219371796,0.08880048245191574,3.0,6.0,7.0,4.0,6.0,1.0,5.0,9.0,2.0,1.0,0.0
12959,0.8756445348262787,0.0,1.3444447219371796,0.08880048245191574,3.0,6.0,7.0,4.0,6.0,1.0,5.0,9.0,2.0,1.0,8.0,0.09546500444412231,-0.2488449066877365,2.0,-0.2383360117673874,-0.6235160827636719,-19.695466186891846,0.971109539270401,0.0,1.1061087101697922,0.0,4.0,7.0,1.0,5.0,7.0,2.0,6.0,10.0,1.0,2.0,0.0
12960,0.971109539270401,0.0,1.1061087101697922,0.0,4.0,7.0,1.0,5.0,7.0,2.0,6.0,10.0,1.0,2.0,4.0,-0.7988301515579224,-0.3215995728969574,1.0,-0.18446846306324005,-0.7445706725120544,-19.032477092988778,0.17227938771247864,0.0,0.9216402471065521,0.0,5.0,1.0,2.0,6.0,1.0,3.0,7.0,11.0,2.0,3.0,0.0
12961,0.17227938771247864,0.0,0.9216402471065521,0.0,5.0,1.0,2.0,6.0,1.0,3.0,7.0,11.0,2.0,3.0,7.0,-1.0760643482208252,1.2674020528793335,5.0,1.1639288663864136,-0.6817096471786499,-20.188621166248595,0.0,1.2674020528793335,2.0855691134929657,0.0,6.0,2.0,3.0,7.0,2.0,1.0,8.0,1.0,3.0,4.0,0.0
12962,0.0,1.2674020528793335,2.0855691134929657,0.0,6.0,2.0,3.0,7.0,2.0,1.0,8.0,1.0,3.0,4.0,4.0,-0.6552396416664124,1.303117275238037,6.0,-0.8698253631591797,0.19364486634731293,-17.317138415705422,0.0,2.5705193281173706,1.215743750333786,0.19364486634731293,7.0,3.0,4.0,8.0,1.0,2.0,1.0,2.0,4.0,5.0,0.0
12963,0.0,2.5705193281173706,1.215743750333786,0.19364486634731293,7.0,3.0,4.0,8.0,1.0,2.0,1.0,2.0,4.0,5.0,8.0,0.2799775004386902,-0.08845426142215729,3.0,0.8128851652145386,-1.5848405361175537,-16.99126782629814,0.2799775004386902,2.4820650666952133,2.0286289155483246,0.0,8.0,4.0,5.0,1.0,2.0,3.0,2.0,3.0,1.0,6.0,0.0
12964,0.2799775004386902,2.4820650666952133,2.0286289155483246,0.0,8.0,4.0,5.0,1.0,2.0,3.0,2.0,3.0,1.0,6.0,9.0,0.007052511442452669,0.9189109206199646,4.0,-1.1933212280273438,-0.5945878624916077,-12.599840281090007,0.28703001188114285,3.400975987315178,0.8353076875209808,0.0,9.0,5.0,6.0,2.0,1.0,4.0,3.0,4.0,2.0,1.0,0.0
12965,0.28703001188114285,3.400975987315178,0.8353076875209808,0.0,9.0,5.0,6.0,2.0,1.0,4.0,3.0,4.0,2.0,1.0,0.0,-1.03011953830719,-0.14665797352790833,0.0,0.35080721974372864,-0.44454899430274963,-11.258572942437784,0.0,3.2543180137872696,1.1861149072647095,0.0,1.0,6.0,7.0,3.0,2.0,5.0,4.0,5.0,3.0,2.0,0.0
12966,0.0,3.2543180137872696,1.1861149072647095,0.0,1.0,6.0,7.0,3.0,2.0,5.0,4.0,5.0,3.0,2.0,8.0,0.23777036368846893,-1.1110976934432983,8.0,0.6463479399681091,-0.16364255547523499,-13.517532797680227,0.23777036368846893,2.1432203203439713,1.8324628472328186,0.0,2.0,7.0,8.0,4.0,3.0,6.0,5.0,6.0,1.0,3.0,0.0
12967,0.23777036368846893,2.1432203203439713,1.8324628472328186,0.0,2.0,7.0,8.0,4.0,3.0,6.0,5.0,6.0,1.0,3.0,9.0,1.0901362895965576,-0.970143735408783,5.0,-0.15973761677742004,-0.5154929161071777,-13.247507369186792,1.3279066532850266,1.1730765849351883,1.6727252304553986,0.0,3.0,8.0,9.0,5.0,4.0,1.0,6.0,7.0,2.0,1.0,0.0
12968,1.3279066532850266,1.1730765849351883,1.6727252304553986,0.0,3.0,8.0,9.0,5.0,4.0,1.0,6.0,7.0,2.0,1.0,8.0,-0.10925902426242828,-0.35353147983551025,7.0,0.26856985688209534,-0.3643691837787628,-12.423175573761936,1.2186476290225983,0.819545105099678,1.941295087337494,0.0,4.0,9.0,10.0,6.0,5.0,2.0,7.0,1.0,1.0,2.0,0.0
12969,1.2186476290225983,0.819545105099678,1.941295087337494,0.0,4.0,9.0,10.0,6.0,5.0,2.0,7.0,1.0,1.0,2.0,8.0,-1.4450039863586426,-0.8908353447914124,10.0,0.650628924369812,-1.1649988889694214,-18.28845592275072,0.0,0.0,2.591924011707306,0.0,5.0,10.0,11.0,7.0,6.0,3.0,8.0,2.0,1.0,3.0,0.0
12970,0.0,0.0,2.591924011707306,0.0,5.0,10.0,11.0,7.0,6.0,3.0,8.0,2.0,1.0,3.0,4.0,-1.0170599222183228,0.16251713037490845,4.0,-1.1317955255508423,-1.6683157682418823,-30.519553304669277,0.0,0.16251713037490845,1.4601284861564636,0.0,6.0,11.0,12.0,8.0,1.0,4.0,9.0,3.0,2.0,4.0,0.0
12971,0.0,0.16251713037490845,1.4601284861564636,0.0,6.0,11.0,12.0,8.0,1.0,4.0,9.0,3.0,2.0,4.0,8.0,0.6251718997955322,-0.6808720827102661,6.0,-0.08831501752138138,-1.1622477769851685,-24.897796923683494,0.6251718997955322,0.0,1.3718134686350822,0.0,7.0,12.0,13.0,9.0,2.0,5.0,1.0,4.0,1.0,5.0,0.0
12972,0.6251718997955322,0.0,1.3718134686350822,0.0,7.0,12.0,13.0,9.0,2.0,5.0,1.0,4.0,1.0,5.0,9.0,1.252781867980957,0.05905274674296379,4.0,-0.01255164947360754,-1.4708162546157837,-19.269301542276967,1.8779537677764893,0.05905274674296379,1.3592618191614747,0.0,8.0,13.0,14.0,10.0,1.0,6.0,2.0,5.0,2.0,1.0,0.0
12973,1.8779537677764893,0.05905274674296379,1.3592618191614747,0.0,8.0,13.0,14.0,10.0,1.0,6.0,2.0,5.0,2.0,1.0,8.0,-0.6330181360244751,-0.7436221837997437,3.0,-1.0827594995498657,-1.452196478843689,-25.101401293422917,1.2449356317520142,0.0,0.276502319611609,0.0,9.0,14.0,15.0,1.0,2.0,7.0,3.0,6.0,1.0,2.0,0.0
12974,1.2449356317520142,0.0,0.276502319611609,0.0,9.0,14.0,15.0,1.0,2.0,7.0,3.0,6.0,1.0,2.0,0.0,-0.5736361742019653,1.3995767831802368,2.0,-0.6479620933532715,-0.6154049038887024,-15.842038865096457,0.6712994575500488,1.3995767831802368,0.0,0.0,1.0,15.0,1.0,2.0,3.0,8.0,4.0,7.0,2.0,3.0,0.0
12975,0.6712994575500488,1.3995767831802368,0.0,0.0,1.0,15.0,1.0,2.0,3.0,8.0,4.0,7.0,2.0,3.0,1.0,-1.3745300769805908,-0.15264829993247986,1.0,1.5759847164154053,-1.1814202070236206,-20.361864209026578,0.0,1.246928483247757,1.5759847164154053,0.0,2.0,1.0,2.0,3.0,4.0,9.0,5.0,8.0,3.0,4.0,0.0
12976,0.0,1.246928483247757,1.5759847164154053,0.0,2.0,1.0,2.0,3.0,4.0,9.0,5.0,8.0,3.0,4.0,3.0,1.0563526153564453,0.8533908724784851,8.0,0.8667001128196716,-0.7680718898773193,-14.543118133957663,1.0563526153564453,2.100319355726242,2.442684829235077,0.0,3.0,2.0,3.0,1.0,5.0,10.0,6.0,9.0,1.0,5.0,0.0
12977,1.0563526153564453,2.100319355726242,2.442684829235077,0.0,3.0,2.0,3.0,1.0,5.0,10.0,6.0,9.0,1.0,5.0,9.0,-0.21856458485126495,0.3257468640804291,7.0,-1.755031704902649,-0.577545702457428,-10.078097185733402,0.8377880305051804,2.426066219806671,0.687653124332428,0.0,4.0,3.0,4.0,2.0,6.0,11.0,7.0,1.0,2.0,1.0,0.0
12978,0.8377880305051804,2.426066219806671,0.687653124332428,0.0,4.0,3.0,4.0,2.0,6.0,11.0,7.0,1.0,2.0,1.0,1.0,0.18571336567401886,-0.18587101995944977,0.0,-0.5471550822257996,-0.5785450339317322,-11.02921604922957,1.0235013961791992,2.2401951998472214,0.14049804210662842,0.0,1.0,1.0,5.0,3.0,7.0,12.0,8.0,2.0,3.0,2.0,0.0
12979,1.0235013961791992,2.2401951998472214,0.14049804210662842,0.0,1.0,1.0,5.0,3.0,7.0,12.0,8.0,2.0,3.0,2.0,4.0,-0.6731370687484741,-0.7743701934814453,5.0,0.325560063123703,-0.7273732423782349,-19.16113888850076,0.3503643274307251,1.465825006365776,0.4660581052303314,0.0,2.0,2.0,6.0,4.0,1.0,1.0,9.0,3.0,4.0,3.0,0.0
12980,0.3503643274307251,1.465825006365776,0.4660581052303314,0.0,2.0,2.0,6.0,4.0,1.0,1.0,9.0,3.0,4.0,3.0,4.0,-0.3445586562156677,-1.4321544170379639,6.0,-0.024834251031279564,0.029546670615673065,-16.351870056728764,0.005805671215057373,0.033670589327812195,0.44122385419905186,0.029546670615673065,3.0,3.0,7.0,5.0,1.0,2.0,1.0,4.0,5.0,4.0,0.0
12981,0.005805671215057373,0.033670589327812195,0.44122385419905186,0.029546670615673065,3.0,3.0,7.0,5.0,1.0,2.0,1.0,4.0,5.0,4.0,9.0,-0.5266451835632324,0.7886271476745605,8.0,-0.5756957530975342,-0.8868789076805115,-17.149552904669694,0.0,0.8222977370023727,0.0,0.0,4.0,4.0,8.0,6.0,2.0,3.0,2.0,5.0,1.0,1.0,0.0
12982,0.0,0.8222977370023727,0.0,0.0,4.0,4.0,8.0,6.0,2.0,3.0,2.0,5.0,1.0,1.0,9.0,0.6685125827789307,0.07410764694213867,7.0,-0.02592609077692032,-0.2652550935745239,-9.442378340498852,0.6685125827789307,0.8964053839445114,0.0,0.0,5.0,5.0,9.0,7.0,3.0,4.0,3.0,1.0,2.0,1.0,0.0
12983,0.6685125827789307,0.8964053839445114,0.0,0.0,5.0,5.0,9.0,7.0,3.0,4.0,3.0,1.0,2.0,1.0,8.0,0.9073356986045837,-0.24438685178756714,0.0,0.06074100732803345,0.3084995150566101,-9.324346589207284,1.5758482813835144,0.6520185321569443,0.06074100732803345,0.3084995150566101,1.0,6.0,10.0,8.0,4.0,5.0,4.0,2.0,1.0,2.0,0.0
12984,1.5758482813835144,0.6520185321569443,0.06074100732803345,0.3084995150566101,1.0,6.0,10.0,8.0,4.0,5.0,4.0,2.0,1.0,2.0,8.0,-0.24019937217235565,0.31493309140205383,3.0,0.37504029273986816,-1.1621652841567993,-15.98028571430853,1.3356489092111588,0.9669516235589981,0.4357813000679016,0.0,2.0,7.0,11.0,1.0,5.0,6.0,5.0,3.0,1.0,3.0,0.0
12985,1.3356489092111588,0.9669516235589981,0.4357813000679016,0.0,2.0,7.0,11.0,1.0,5.0,6.0,5.0,3.0,1.0,3.0,4.0,-0.2871047556400299,-1.6514472961425781,2.0,1.3384817838668823,-0.8602122664451599,-22.36996477036062,1.0485441535711288,0.0,1.774263083934784,0.0,3.0,8.0,1.0,2.0,1.0,7.0,6.0,4.0,2.0,4.0,0.0
12986,1.0485441535711288,0.0,1.774263083934784,0.0,3.0,8.0,1.0,2.0,1.0,7.0,6.0,4.0,2.0,4.0,9.0,-1.3125903606414795,1.3413134813308716,1.0,-1.3402700424194336,0.29969465732574463,-9.489246011250797,0.0,1.3413134813308716,0.43399304151535034,0.29969465732574463,4.0,1.0,2.0,3.0,2.0,8.0,7.0,5.0,3.0,1.0,0.0
12987,0.0,1.3413134813308716,0.43399304151535034,0.29969465732574463,4.0,1.0,2.0,3.0,2.0,8.0,7.0,5.0,3.0,1.0,3.0,-0.8906583189964294,-1.0488132238388062,0.0,-1.254860758781433,-1.0077029466629028,-17.864078636996105,0.0,0.29250025749206543,0.0,0.0,1.0,2.0,3.0,1.0,3.0,9.0,8.0,6.0,4.0,2.0,0.0
12988,0.0,0.29250025749206543,0.0,0.0,1.0,2.0,3.0,1.0,3.0,9.0,8.0,6.0,4.0,2.0,0.0,-0.5653684735298157,-0.6773108243942261,8.0,-0.8311094641685486,0.06977419555187225,-18.52056750799595,0.0,0.0,0.0,0.06977419555187225,1.0,3.0,4.0,2.0,4.0,10.0,9.0,7.0,1.0,3.0,0.0
12989,0.0,0.0,0.0,0.06977419555187225,1.0,3.0,4.0,2.0,4.0,10.0,9.0,7.0,1.0,3.0,9.0,-0.6943551301956177,-0.016712335869669914,6.0,0.18160642683506012,-0.001870557083748281,-15.806503959424646,0.0,0.0,0.18160642683506012,0.06790363846812397,2.0,4.0,5.0,3.0,5.0,11.0,1.0,8.0,2.0,1.0,0.0
12990,0.0,0.0,0.18160642683506012,0.06790363846812397,2.0,4.0,5.0,3.0,5.0,11.0,1.0,8.0,2.0,1.0,9.0,-0.2865404784679413,0.28193891048431396,5.0,0.8368813395500183,-1.1056194305419922,-18.10862466028439,0.0,0.28193891048431396,1.0184877663850784,0.0,3.0,5.0,6.0,4.0,6.0,1.0,2.0,9.0,3.0,1.0,0.0
12991,0.0,0.28193891048431396,1.0184877663850784,0.0,3.0,5.0,6.0,4.0,6.0,1.0,2.0,9.0,3.0,1.0,4.0,-0.8558247089385986,0.6011453866958618,8.0,1.3135583400726318,-0.9384486079216003,-23.47427412917181,0.0,0.8830842971801758,2.3320461064577103,0.0,4.0,6.0,7.0,5.0,1.0,2.0,3.0,10.0,1.0,2.0,0.0
12992,0.0,0.8830842971801758,2.3320461064577103,0.0,4.0,6.0,7.0,5.0,1.0,2.0,3.0,10.0,1.0,2.0,9.0,-1.5380916595458984,0.29126885533332825,0.0,0.5171180963516235,0.46691057085990906,-13.172616698128563,0.0,1.174353152513504,2.849164202809334,0.46691057085990906,1.0,7.0,8.0,6.0,2.0,3.0,4.0,11.0,2.0,1.0,0.0
12993,0.0,1.174353152513504,2.849164202809334,0.46691057085990906,1.0,7.0,8.0,6.0,2.0,3.0,4.0,11.0,2.0,1.0,3.0,-0.3670491576194763,-0.15413688123226166,5.0,-1.035328984260559,-0.29633474349975586,-14.267098733505772,0.0,1.0202162712812424,1.8138352185487747,0.1705758273601532,2.0,8.0,9.0,1.0,3.0,1.0,5.0,12.0,3.0,2.0,0.0
12994,0.0,1.0202162712812424,1.8138352185487747,0.1705758273601532,2.0,8.0,9.0,1.0,3.0,1.0,5.0,12.0,3.0,2.0,7.0,-0.6803672909736633,0.7905245423316956,2.0,1.042138695716858,-0.025283420458436012,-15.052762784830158,0.0,1.810740813612938,2.8559739142656326,0.14529240690171719,3.0,9.0,1.0,2.0,4.0,2.0,6.0,1.0,4.0,3.0,0.0
12995,0.0,1.810740813612938,2.8559739142656326,0.14529240690171719,3.0,9.0,1.0,2.0,4.0,2.0,6.0,1.0,4.0,3.0,4.0,-1.359647274017334,0.8595607280731201,1.0,-1.2378370761871338,-1.7472009658813477,-25.671904980009472,0.0,2.670301541686058,1.6181368380784988,0.0,4.0,1.0,2.0,3.0,1.0,3.0,7.0,2.0,5.0,4.0,0.0
12996,0.0,2.670301541686058,1.6181368380784988,0.0,4.0,1.0,2.0,3.0,1.0,3.0,7.0,2.0,5.0,4.0,8.0,0.09527047723531723,-1.0303146839141846,8.0,-1.1673774719238281,-0.19064855575561523,-13.98686039940116,0.09527047723531723,1.6399868577718735,0.4507593661546707,0.0,5.0,2.0,3.0,4.0,2.0,4.0,8.0,3.0,1.0,5.0,0.0
12997,0.09527047723531723,1.6399868577718735,0.4507593661546707,0.0,5.0,2.0,3.0,4.0,2.0,4.0,8.0,3.0,1.0,5.0,4.0,-1.8166862726211548,0.44744542241096497,6.0,-0.16580748558044434,-0.14994078874588013,-24.887170519512228,0.0,2.0874322801828384,0.2849518805742264,0.0,6.0,3.0,4.0,5.0,1.0,5.0,1.0,4.0,2.0,6.0,0.0
12998,0.0,2.0874322801828384,0.2849518805742264,0.0,6.0,3.0,4.0,5.0,1.0,5.0,1.0,4.0,2.0,6.0,9.0,-0.9429153800010681,-1.0261040925979614,5.0,-0.009051529690623283,-1.2294098138809204,-22.57155638561077,0.0,1.061328187584877,0.2759003508836031,0.0,7.0,4.0,5.0,6.0,2.0,1.0,2.0,5.0,3.0,1.0,0.0
12999,0.0,1.061328187584877,0.2759003508836031,0.0,7.0,4.0,5.0,6.0,2.0,1.0,2.0,5.0,3.0,1.0,3.0,-1.2043226957321167,0.458588182926178,0.0,-0.05633335933089256,-1.1752156019210815,-18.125799640281436,0.0,1.519916370511055,0.21956699155271053,0.0,1.0,5.0,6.0,1.0,3.0,2.0,3.0,6.0,4.0,2.0,1.0
13000,8.172770500183105,7.175571918487549,9.408492088317871,9.795978546142578,1.0,1.0,1.0,1.0,1.0,1.0,1.0,1.0,1.0,1.0,8.0,-1.813210368156433,-1.1934171915054321,3.0,-0.895736813545227,-1.994720697402954,-7.070476012517741,6.359560132026672,5.982154726982117,8.512755274772644,7.801257848739624,2.0,2.0,2.0,1.0,2.0,2.0,2.0,2.0,1.0,2.0,0.0
13001,6.359560132026672,5.982154726982117,8.512755274772644,7.801257848739624,2.0,2.0,2.0,1.0,2.0,2.0,2.0,2.0,1.0,2.0,8.0,-1.9527068138122559,-0.6864408254623413,0.0,-1.9909430742263794,-1.9396575689315796,-5.479962187750587,4.4068533182144165,5.295713901519775,6.521812200546265,5.861600279808044,1.0,3.0,3.0,2.0,3.0,3.0,3.0,3.0,1.0,3.0,0.0
13002,4.4068533182144165,5.295713901519775,6.521812200546265,5.861600279808044,1.0,3.0,3.0,2.0,3.0,3.0,3.0,3.0,1.0,3.0,4.0,-0.3164534270763397,-0.3043426275253296,1.0,-1.904859185218811,-1.9592729806900024,-4.548493366026106,4.090399891138077,4.991371273994446,4.616953015327454,3.902327299118042,2.0,1.0,4.0,3.0,1.0,4.0,4.0,4.0,2.0,4.0,0.0
13003,4.090399891138077,4.991371273994446,4.616953015327454,3.902327299118042,2.0,1.0,4.0,3.0,1.0,4.0,4.0,4.0,2.0,4.0,4.0,-1.6969196796417236,-0.9938209652900696,8.0,-1.2773782014846802,-1.7886337041854858,-8.136067858354803,2.393480211496353,3.997550308704376,3.3395748138427734,2.113693594932556,3.0,2.0,5.0,4.0,1.0,5.0,5.0,5.0,1.0,5.0,0.0
13004,2.393480211496353,3.997550308704376,3.3395748138427734,2.113693594932556,3.0,2.0,5.0,4.0,1.0,5.0,5.0,5.0,1.0,5.0,9.0,1.0907670259475708,-1.1361488103866577,0.0,-0.6791234612464905,-1.4835892915725708,-154.09914720814552,3.484247237443924,2.8614014983177185,2.660451352596283,0.6301043033599854,1.0,3.0,6.0,5.0,2.0,6.0,6.0,6.0,2.0,1.0,0.0
13005,3.484247237443924,2.8614014983177185,2.660451352596283,0.6301043033599854,1.0,3.0,6.0,5.0,2.0,6.0,6.0,6.0,2.0,1.0,0.0,-1.1745549440383911,-0.1611313372850418,7.0,-0.5139868855476379,-1.4770476818084717,-10.184676366251166,2.309692293405533,2.7002701610326767,2.146464467048645,0.0,1.0,4.0,7.0,6.0,3.0,7.0,7.0,1.0,3.0,2.0,0.0
13006,2.309692293405533,2.7002701610326767,2.146464467048645,0.0,1.0,4.0,7.0,6.0,3.0,7.0,7.0,1.0,3.0,2.0,8.0,-1.657125473022461,-1.6179732084274292,8.0,0.13316574692726135,0.25071316957473755,-13.317564111141099,0.6525668203830719,1.0822969526052475,2.2796302139759064,0.25071316957473755,2.0,5.0,8.0,7.0,4.0,8.0,8.0,2.0,1.0,3.0,0.0
13007,0.6525668203830719,1.0822969526052475,2.2796302139759064,0.25071316957473755,2.0,5.0,8.0,7.0,4.0,8.0,8.0,2.0,1.0,3.0,3.0,0.3718424141407013,0.43895387649536133,6.0,0.21376752853393555,0.5837097764015198,-10.182903330653374,1.0244092345237732,1.5212508291006088,2.493397742509842,0.8344229459762573,3.0,6.0,9.0,1.0,5.0,9.0,1.0,3.0,2.0,4.0,0.0
13008,1.0244092345237732,1.5212508291006088,2.493397742509842,0.8344229459762573,3.0,6.0,9.0,1.0,5.0,9.0,1.0,3.0,2.0,4.0,8.0,-0.4182845652103424,0.6191800236701965,8.0,-1.133989691734314,-1.485398292541504,-16.52849925392867,0.6061246693134308,2.1404308527708054,1.359408050775528,0.0,4.0,7.0,10.0,2.0,6.0,10.0,2.0,4.0,1.0,5.0,0.0
13009,0.6061246693134308,2.1404308527708054,1.359408050775528,0.0,4.0,7.0,10.0,2.0,6.0,10.0,2.0,4.0,1.0,5.0,0.0,-0.8556710481643677,0.31796663999557495,5.0,-0.38491252064704895,-1.1705234050750732,-19.05060902384533,0.0,2.4583974927663803,0.974495530128479,0.0,1.0,8.0,11.0,3.0,7.0,1.0,3.0,5.0,2.0,6.0,0.0
13010,0.0,2.4583974927663803,0.974495530128479,0.0,1.0,8.0,11.0,3.0,7.0,1.0,3.0,5.0,2.0,6.0,4.0,0.6914430856704712,0.22108212113380432,2.0,-0.9260541796684265,-1.7379074096679688,-23.777737060637627,0.6914430856704712,2.6794796139001846,0.04844135046005249,0.0,2.0,9.0,1.0,4.0,1.0,2.0,4.0,6.0,3.0,7.0,0.0
13011,0.6914430856704712,2.6794796139001846,0.04844135046005249,0.0,2.0,9.0,1.0,4.0,1.0,2.0,4.0,6.0,3.0,7.0,3.0,-1.0906049013137817,-1.76375412940979,1.0,1.7137000560760498,-1.074531078338623,-16.228334019410923,0.0,0.9157254844903946,1.7621414065361023,0.0,3.0,1.0,2.0,1.0,2.0,3.0,5.0,7.0,4.0,8.0,0.0
13012,0.0,0.9157254844903946,1.7621414065361023,0.0,3.0,1.0,2.0,1.0,2.0,3.0,5.0,7.0,4.0,8.0,9.0,-0.7286648750305176,0.08384384214878082,8.0,0.9060171246528625,-0.22877384722232819,-13.633546765979217,0.0,0.9995693266391754,2.668158531188965,0.0,4.0,2.0,3.0,2.0,3.0,4.0,6.0,8.0,1.0,1.0,0.0
13013,0.0,0.9995693266391754,2.668158531188965,0.0,4.0,2.0,3.0,2.0,3.0,4.0,6.0,8.0,1.0,1.0,3.0,-0.798334002494812,0.42038407921791077,0.0,-0.19707725942134857,0.9475908875465393,-10.069533291636679,0.0,1.4199534058570862,2.4710812717676163,0.9475908875465393,1.0,3.0,4.0,1.0,4.0,5.0,7.0,9.0,2.0,2.0,0.0
13014,0.0,1.4199534058570862,2.4710812717676163,0.9475908875465393,1.0,3.0,4.0,1.0,4.0,5.0,7.0,9.0,2.0,2.0,4.0,-0.3608038127422333,0.6477488875389099,8.0,-0.09099069237709045,-1.2106568813323975,-17.062840951403373,0.0,2.067702293395996,2.380090579390526,0.0,2.0,4.0,5.0,2.0,1.0,6.0,8.0,10.0,1.0,3.0,0.0
13015,0.0,2.067702293395996,2.380090579390526,0.0,2.0,4.0,5.0,2.0,1.0,6.0,8.0,10.0,1.0,3.0,9.0,0.3325149118900299,-1.2582932710647583,5.0,-0.38187915086746216,0.1453314572572708,-10.293674983819777,0.3325149118900299,0.8094090223312378,1.9982114285230637,0.1453314572572708,3.0,5.0,6.0,3.0,2.0,1.0,9.0,11.0,2.0,1.0,0.0
13016,0.3325149118900299,0.8094090223312378,1.9982114285230637,0.1453314572572708,3.0,5.0,6.0,3.0,2.0,1.0,9.0,11.0,2.0,1.0,7.0,-0.8110296130180359,-0.8991686105728149,7.0,-0.8427765965461731,0.6155680418014526,-12.359347082273878,0.0,0.0,1.1554348319768906,0.7608994990587234,4.0,6.0,7.0,4.0,3.0,2.0,10.0,1.0,3.0,2.0,0.0
13017,0.0,0.0,1.1554348319768906,0.7608994990587234,4.0,6.0,7.0,4.0,3.0,2.0,10.0,1.0,3.0,2.0,4.0,-0.5301565527915955,1.1454236507415771,8.0,-0.042821597307920456,-0.34581124782562256,-17.452939777041173,0.0,1.1454236507415771,1.11261323466897,0.4150882512331009,5.0,7.0,8.0,5.0,1.0,3.0,11.0,2.0,1.0,3.0,0.0
13018,0.0,1.1454236507415771,1.11261323466897,0.4150882512331009,5.0,7.0,8.0,5.0,1.0,3.0,11.0,2.0,1.0,3.0,6.0,0.05613002926111221,-0.0019168698927387595,6.0,0.06333417445421219,-0.2288333773612976,-16.989846283692415,0.05613002926111221,1.1435067808488384,1.1759474091231823,0.18625487387180328,6.0,8.0,9.0,6.0,2.0,4.0,1.0,3.0,2.0,4.0,0.0
13019,0.05613002926111221,1.1435067808488384,1.1759474091231823,0.18625487387180328,6.0,8.0,9.0,6.0,2.0,4.0,1.0,3.0,2.0,4.0,9.0,-1.1987649202346802,-0.7699331045150757,8.0,-0.5942546725273132,-0.953251302242279,-20.887084429723572,0.0,0.3735736763337627,0.5816927365958691,0.0,7.0,9.0,10.0,7.0,3.0,5.0,2.0,4.0,1.0,1.0,0.0
13020,0.0,0.3735736763337627,0.5816927365958691,0.0,7.0,9.0,10.0,7.0,3.0,5.0,2.0,4.0,1.0,1.0,4.0,1.0538030862808228,-1.2410426139831543,5.0,0.7093071341514587,-1.0525367259979248,-25.97807147557218,1.0538030862808228,0.0,1.2909998707473278,0.0,8.0,10.0,11.0,8.0,1.0,1.0,3.0,5.0,2.0,2.0,0.0
13021,1.0538030862808228,0.0,1.2909998707473278,0.0,8.0,10.0,11.0,8.0,1.0,1.0,3.0,5.0,2.0,2.0,9.0,-1.6604726314544678,0.21324606239795685,2.0,-1.4134130477905273,-1.6862268447875977,-24.599784302958135,0.0,0.21324606239795685,0.0,0.0,9.0,11.0,1.0,9.0,2.0,2.0,4.0,6.0,3.0,1.0,0.0
13022,0.0,0.21324606239795685,0.0,0.0,9.0,11.0,1.0,9.0,2.0,2.0,4.0,6.0,3.0,1.0,3.0,-1.4623404741287231,1.280851125717163,1.0,1.6002612113952637,-1.2621852159500122,-22.341262201301635,0.0,1.49409718811512,1.6002612113952637,0.0,10.0,1.0,2.0,1.0,3.0,3.0,5.0,7.0,4.0,2.0,0.0
13023,0.0,1.49409718811512,1.6002612113952637,0.0,10.0,1.0,2.0,1.0,3.0,3.0,5.0,7.0,4.0,2.0,0.0,-1.028826117515564,1.122300386428833,0.0,-1.3037362098693848,-0.6399096250534058,-13.833575560261075,0.0,2.616397574543953,0.2965250015258789,0.0,1.0,2.0,3.0,2.0,4.0,4.0,6.0,8.0,5.0,3.0,0.0
13024,0.0,2.616397574543953,0.2965250015258789,0.0,1.0,2.0,3.0,2.0,4.0,4.0,6.0,8.0,5.0,3.0,3.0,0.1363925039768219,-1.3828387260437012,8.0,0.9525524973869324,0.48554348945617676,-10.861983116738926,0.1363925039768219,1.2335588485002518,1.2490774989128113,0.48554348945617676,2.0,3.0,4.0,1.0,5.0,5.0,7.0,9.0,1.0,4.0,0.0
13025,0.1363925039768219,1.2335588485002518,1.2490774989128113,0.48554348945617676,2.0,3.0,4.0,1.0,5.0,5.0,7.0,9.0,1.0,4.0,0.0,-0.8222633004188538,-0.8490387797355652,5.0,0.7466350793838501,-0.2932593822479248,-13.84832812184641,0.0,0.3845200687646866,1.9957125782966614,0.19228410720825195,1.0,4.0,5.0,2.0,6.0,1.0,8.0,10.0,2.0,5.0,0.0
13026,0.0,0.3845200687646866,1.9957125782966614,0.19228410720825195,1.0,4.0,5.0,2.0,6.0,1.0,8.0,10.0,2.0,5.0,4.0,0.7668743133544922,0.8217595219612122,8.0,-0.792625367641449,-0.6171452403068542,-16.473806999043944,0.7668743133544922,1.2062795907258987,1.2030872106552124,0.0,2.0,5.0,6.0,3.0,1.0,2.0,9.0,11.0,1.0,6.0,0.0
13027,0.7668743133544922,1.2062795907258987,1.2030872106552124,0.0,2.0,5.0,6.0,3.0,1.0,2.0,9.0,11.0,1.0,6.0,7.0,-0.19904369115829468,-0.2722371220588684,6.0,0.8811436891555786,-0.6184248328208923,-13.914241847546029,0.5678306221961975,0.9340424686670303,2.084230899810791,0.0,3.0,6.0,7.0,4.0,2.0,3.0,1.0,1.0,2.0,7.0,0.0
13028,0.5678306221961975,0.9340424686670303,2.084230899810791,0.0,3.0,6.0,7.0,4.0,2.0,3.0,1.0,1.0,2.0,7.0,8.0,-1.1878104209899902,0.3171033263206482,8.0,-0.7891117334365845,-1.3254668712615967,-23.474861688247213,0.0,1.2511457949876785,1.2951191663742065,0.0,4.0,7.0,8.0,5.0,3.0,4.0,2.0,2.0,1.0,8.0,0.0
13029,0.0,1.2511457949876785,1.2951191663742065,0.0,4.0,7.0,8.0,5.0,3.0,4.0,2.0,2.0,1.0,8.0,9.0,0.28585338592529297,-0.5370391607284546,5.0,-1.4003089666366577,-1.8542506694793701,-21.962935559060526,0.28585338592529297,0.7141066342592239,0.0,0.0,5.0,8.0,9.0,6.0,4.0,1.0,3.0,3.0,2.0,1.0,0.0
13030,0.28585338592529297,0.7141066342592239,0.0,0.0,5.0,8.0,9.0,6.0,4.0,1.0,3.0,3.0,2.0,1.0,8.0,0.08221960812807083,-1.0997360944747925,3.0,-0.3932945728302002,-1.0368690490722656,-20.76145947630366,0.3680729940533638,0.0,0.0,0.0,6.0,9.0,10.0,1.0,5.0,2.0,4.0,4.0,1.0,2.0,0.0
13031,0.3680729940533638,0.0,0.0,0.0,6.0,9.0,10.0,1.0,5.0,2.0,4.0,4.0,1.0,2.0,8.0,-1.4476875066757202,-0.09130727499723434,2.0,-0.39968380331993103,-0.16459354758262634,-24.704832812454733,0.0,0.0,0.0,0.0,7.0,10.0,1.0,2.0,6.0,3.0,5.0,5.0,1.0,3.0,0.0
13032,0.0,0.0,0.0,0.0,7.0,10.0,1.0,2.0,6.0,3.0,5.0,5.0,1.0,3.0,4.0,-1.4087414741516113,0.7194578051567078,1.0,0.008617169223725796,-1.3395103216171265,-27.64820081988749,0.0,0.7194578051567078,0.008617169223725796,0.0,8.0,1.0,2.0,3.0,1.0,4.0,6.0,6.0,2.0,4.0,0.0
13033,0.0,0.7194578051567078,0.008617169223725796,0.0,8.0,1.0,2.0,3.0,1.0,4.0,6.0,6.0,2.0,4.0,9.0,-1.5032598972320557,-0.21256914734840393,0.0,0.1876622438430786,-0.6485718488693237,-16.163833860804132,0.0,0.5068886578083038,0.1962794130668044,0.0,1.0,2.0,3.0,4.0,2.0,5.0,7.0,7.0,3.0,1.0,0.0
13034,0.0,0.5068886578083038,0.1962794130668044,0.0,1.0,2.0,3.0,4.0,2.0,5.0,7.0,7.0,3.0,1.0,3.0,-1.3044120073318481,-0.27502772212028503,5.0,1.3028539419174194,-0.841255784034729,-23.34172079292363,0.0,0.2318609356880188,1.4991333549842238,0.0,2.0,3.0,4.0,1.0,3.0,1.0,8.0,8.0,4.0,2.0,0.0
13035,0.0,0.2318609356880188,1.4991333549842238,0.0,2.0,3.0,4.0,1.0,3.0,1.0,8.0,8.0,4.0,2.0,4.0,-1.314693570137024,0.01235733088105917,8.0,-1.1444928646087646,0.00452145840972662,-22.124686443071248,0.0,0.24421826656907797,0.3546404903754592,0.00452145840972662,3.0,4.0,5.0,2.0,1.0,2.0,9.0,9.0,1.0,3.0,0.0
13036,0.0,0.24421826656907797,0.3546404903754592,0.00452145840972662,3.0,4.0,5.0,2.0,1.0,2.0,9.0,9.0,1.0,3.0,8.0,-0.4000660479068756,0.1901230663061142,6.0,0.8540744781494141,1.084006905555725,-16.492780468249077,0.0,0.43434133287519217,1.2087149685248733,1.0885283639654517,4.0,5.0,6.0,3.0,2.0,3.0,1.0,10.0,1.0,4.0,0.0
13037,0.0,0.43434133287519217,1.2087149685248733,1.0885283639654517,4.0,5.0,6.0,3.0,2.0,3.0,1.0,10.0,1.0,4.0,9.0,-0.18822002410888672,-0.896329939365387,5.0,-0.07744419574737549,-0.06488143652677536,-13.464660189102009,0.0,0.0,1.1312707727774978,1.0236469274386764,5.0,6.0,7.0,4.0,3.0,1.0,2.0,11.0,2.0,1.0,0.0
13038,0.0,0.0,1.1312707727774978,1.0236469274386764,5.0,6.0,7.0,4.0,3.0,1.0,2.0,11.0,2.0,1.0,0.0,-1.2746682167053223,1.2504483461380005,3.0,-1.407839059829712,-0.8359794616699219,-16.079038417713797,0.0,1.2504483461380005,0.0,0.18766746576875448,1.0,7.0,8.0,1.0,4.0,2.0,3.0,12.0,3.0,2.0,0.0
13039,0.0,1.2504483461380005,0.0,0.18766746576875448,1.0,7.0,8.0,1.0,4.0,2.0,3.0,12.0,3.0,2.0,7.0,0.3774961829185486,-0.066697858273983,8.0,0.717922568321228,1.3002299070358276,-10.49880763120601,0.3774961829185486,1.1837504878640175,0.717922568321228,1.4878973728045821,2.0,8.0,9.0,2.0,5.0,3.0,4.0,1.0,1.0,3.0,0.0
13040,0.3774961829185486,1.1837504878640175,0.717922568321228,1.4878973728045821,2.0,8.0,9.0,2.0,5.0,3.0,4.0,1.0,1.0,3.0,4.0,0.528670608997345,-0.8926087617874146,2.0,-0.5749351978302002,-1.4837464094161987,-15.567925934941252,0.9061667919158936,0.29114172607660294,0.14298737049102783,0.0041509633883833885,3.0,9.0,1.0,3.0,1.0,4.0,5.0,2.0,2.0,4.0,0.0
13041,0.9061667919158936,0.29114172607660294,0.14298737049102783,0.0041509633883833885,3.0,9.0,1.0,3.0,1.0,4.0,5.0,2.0,2.0,4.0,9.0,0.17332324385643005,1.0688631534576416,1.0,-0.5915547609329224,-1.2887245416641235,-14.704902441671678,1.0794900357723236,1.3600048795342445,0.0,0.0,4.0,1.0,2.0,4.0,2.0,5.0,6.0,3.0,3.0,1.0,0.0
13042,1.0794900357723236,1.3600048795342445,0.0,0.0,4.0,1.0,2.0,4.0,2.0,5.0,6.0,3.0,3.0,1.0,4.0,-0.44319477677345276,-0.6677353978157043,3.0,0.26258814334869385,-0.7692383527755737,-15.906900759675988,0.6362952589988708,0.6922694817185402,0.26258814334869385,0.0,5.0,2.0,3.0,1.0,1.0,6.0,7.0,4.0,4.0,2.0,0.0
13043,0.6362952589988708,0.6922694817185402,0.26258814334869385,0.0,5.0,2.0,3.0,1.0,1.0,6.0,7.0,4.0,4.0,2.0,8.0,-1.447335124015808,0.7121551036834717,8.0,-0.0014562008436769247,-0.36302971839904785,-19.687698901026522,0.0,1.4044245854020119,0.2611319425050169,0.0,6.0,3.0,4.0,2.0,2.0,7.0,8.0,5.0,1.0,3.0,0.0
13044,0.0,1.4044245854020119,0.2611319425050169,0.0,6.0,3.0,4.0,2.0,2.0,7.0,8.0,5.0,1.0,3.0,0.0,0.0026024566031992435,0.9864623546600342,6.0,0.4460679292678833,0.1916576474905014,-10.655223784588266,0.0026024566031992435,2.390886940062046,0.7071998717729002,0.1916576474905014,1.0,4.0,5.0,3.0,3.0,8.0,1.0,6.0,2.0,4.0,0.0
13045,0.0026024566031992435,2.390886940062046,0.7071998717729002,0.1916576474905014,1.0,4.0,5.0,3.0,3.0,8.0,1.0,6.0,2.0,4.0,9.0,-0.1323697417974472,-1.6048059463500977,5.0,1.1624871492385864,-1.298821210861206,-16.048372029170157,0.0,0.7860809937119484,1.8696870210114866,0.0,2.0,5.0,6.0,4.0,4.0,1.0,2.0,7.0,3.0,1.0,0.0
13046,0.0,0.7860809937119484,1.8696870210114866,0.0,2.0,5.0,6.0,4.0,4.0,1.0,2.0,7.0,3.0,1.0,4.0,-0.11536865681409836,1.4398404359817505,8.0,0.14727884531021118,-1.218908429145813,-20.246300492240916,0.0,2.225921429693699,2.016965866321698,0.0,3.0,6.0,7.0,5.0,1.0,2.0,3.0,8.0,1.0,2.0,0.0
13047,0.0,2.225921429693699,2.016965866321698,0.0,3.0,6.0,7.0,5.0,1.0,2.0,3.0,8.0,1.0,2.0,0.0,0.3663441240787506,1.3407466411590576,5.0,-1.2941333055496216,-0.5354756116867065,-14.625976559770926,0.3663441240787506,3.5666680708527565,0.7228325607720762,0.0,1.0,7.0,8.0,6.0,2.0,1.0,4.0,9.0,2.0,3.0,0.0
13048,0.3663441240787506,3.5666680708527565,0.7228325607720762,0.0,1.0,7.0,8.0,6.0,2.0,1.0,4.0,9.0,2.0,3.0,3.0,-0.9778428673744202,0.9236530065536499,7.0,-0.4637187719345093,-1.4080528020858765,-17.539286657533793,0.0,4.490321077406406,0.25911378883756697,0.0,2.0,8.0,9.0,1.0,3.0,2.0,5.0,1.0,3.0,4.0,0.0
13049,0.0,4.490321077406406,0.25911378883756697,0.0,2.0,8.0,9.0,1.0,3.0,2.0,5.0,1.0,3.0,4.0,8.0,-0.8647493124008179,-1.047683596611023,1.0,-0.3375277519226074,-1.846887230873108,-24.219196866718498,0.0,3.4426374807953835,0.0,0.0,3.0,1.0,10.0,2.0,4.0,3.0,6.0,2.0,1.0,5.0,0.0
13050,0.0,3.4426374807953835,0.0,0.0,3.0,1.0,10.0,2.0,4.0,3.0,6.0,2.0,1.0,5.0,9.0,-1.066319227218628,0.6010361909866333,2.0,-1.050236701965332,1.1079778671264648,-20.471431060846598,0.0,4.043673671782017,0.0,1.1079778671264648,4.0,2.0,1.0,3.0,5.0,4.0,7.0,3.0,2.0,1.0,0.0
13051,0.0,4.043673671782017,0.0,1.1079778671264648,4.0,2.0,1.0,3.0,5.0,4.0,7.0,3.0,2.0,1.0,4.0,0.05997593328356743,-1.177148461341858,0.0,0.9435734152793884,-0.7276154160499573,-8.522581728099198,0.05997593328356743,2.866525210440159,0.9435734152793884,0.38036245107650757,1.0,3.0,2.0,4.0,1.0,5.0,8.0,4.0,3.0,2.0,0.0
13052,0.05997593328356743,2.866525210440159,0.9435734152793884,0.38036245107650757,1.0,3.0,2.0,4.0,1.0,5.0,8.0,4.0,3.0,2.0,3.0,0.7504225373268127,-1.473732352256775,6.0,1.7391928434371948,-0.683289647102356,-10.473185659610595,0.8103984706103802,1.392792858183384,2.6827662587165833,0.0,2.0,4.0,3.0,1.0,2.0,6.0,1.0,5.0,4.0,3.0,0.0
13053,0.8103984706103802,1.392792858183384,2.6827662587165833,0.0,2.0,4.0,3.0,1.0,2.0,6.0,1.0,5.0,4.0,3.0,9.0,-0.7593632340431213,-0.8084452152252197,8.0,-0.9625972509384155,-0.27582448720932007,-10.613356076914291,0.051035236567258835,0.5843476429581642,1.7201690077781677,0.0,3.0,5.0,4.0,2.0,3.0,7.0,2.0,6.0,1.0,1.0,0.0
13054,0.051035236567258835,0.5843476429581642,1.7201690077781677,0.0,3.0,5.0,4.0,2.0,3.0,7.0,2.0,6.0,1.0,1.0,0.0,-0.8402398824691772,0.27539047598838806,5.0,-1.0973093509674072,-1.2521616220474243,-21.23742517260051,0.0,0.8597381189465523,0.6228596568107605,0.0,1.0,6.0,5.0,3.0,4.0,1.0,3.0,7.0,2.0,2.0,0.0
13055,0.0,0.8597381189465523,0.6228596568107605,0.0,1.0,6.0,5.0,3.0,4.0,1.0,3.0,7.0,2.0,2.0,4.0,0.4353518486022949,0.6683527231216431,7.0,1.2266194820404053,-0.6265119314193726,-13.143342858353627,0.4353518486022949,1.5280908420681953,1.8494791388511658,0.0,2.0,7.0,6.0,4.0,1.0,2.0,4.0,1.0,3.0,3.0,0.0
13056,0.4353518486022949,1.5280908420681953,1.8494791388511658,0.0,2.0,7.0,6.0,4.0,1.0,2.0,4.0,1.0,3.0,3.0,8.0,-0.8009421825408936,-0.43861091136932373,8.0,-0.10888968408107758,-1.6219319105148315,-23.272463249004822,0.0,1.0894799306988716,1.7405894547700882,0.0,3.0,8.0,7.0,5.0,2.0,3.0,5.0,2.0,1.0,4.0,0.0
13057,0.0,1.0894799306988716,1.7405894547700882,0.0,3.0,8.0,7.0,5.0,2.0,3.0,5.0,2.0,1.0,4.0,8.0,-1.2548918724060059,1.124497413635254,1.0,-0.14943569898605347,-1.1524420976638794,-22.448862974107534,0.0,2.2139773443341255,1.5911537557840347,0.0,4.0,1.0,8.0,6.0,3.0,4.0,6.0,3.0,1.0,5.0,0.0
13058,0.0,2.2139773443341255,1.5911537557840347,0.0,4.0,1.0,8.0,6.0,3.0,4.0,6.0,3.0,1.0,5.0,9.0,0.6285642981529236,1.0561233758926392,7.0,0.4494746923446655,-1.6446746587753296,-14.574117892147825,0.6285642981529236,3.2701007202267647,2.0406284481287003,0.0,5.0,2.0,9.0,7.0,4.0,5.0,7.0,1.0,2.0,1.0,0.0
13059,0.6285642981529236,3.2701007202267647,2.0406284481287003,0.0,5.0,2.0,9.0,7.0,4.0,5.0,7.0,1.0,2.0,1.0,8.0,0.36962568759918213,-1.6183760166168213,0.0,0.00015944242477416992,-0.7423325181007385,-12.061366416559528,0.9981899857521057,1.6517247036099434,2.0407878905534744,0.0,1.0,3.0,10.0,8.0,5.0,6.0,8.0,2.0,1.0,2.0,0.0
13060,0.9981899857521057,1.6517247036099434,2.0407878905534744,0.0,1.0,3.0,10.0,8.0,5.0,6.0,8.0,2.0,1.0,2.0,3.0,0.3625791072845459,0.4375981092453003,3.0,0.6748305559158325,-0.7021414637565613,-13.485969322503351,1.3607690930366516,2.0893228128552437,2.715618446469307,0.0,2.0,4.0,11.0,1.0,6.0,7.0,9.0,3.0,2.0,3.0,0.0
13061,1.3607690930366516,2.0893228128552437,2.715618446469307,0.0,2.0,4.0,11.0,1.0,6.0,7.0,9.0,3.0,2.0,3.0,4.0,0.7847466468811035,0.34014785289764404,2.0,-0.738351047039032,-1.0749003887176514,-17.746327495349348,2.145515739917755,2.4294706657528877,1.977267399430275,0.0,3.0,5.0,1.0,2.0,1.0,8.0,10.0,4.0,3.0,4.0,0.0
13062,2.145515739917755,2.4294706657528877,1.977267399430275,0.0,3.0,5.0,1.0,2.0,1.0,8.0,10.0,4.0,3.0,4.0,9.0,-1.5344443321228027,-0.04064972326159477,6.0,0.0045937965624034405,-1.113904595375061,-14.187983142966145,0.6110714077949524,2.388820942491293,1.9818611959926784,0.0,4.0,6.0,2.0,3.0,2.0,9.0,1.0,5.0,4.0,1.0,0.0
13063,0.6110714077949524,2.388820942491293,1.9818611959926784,0.0,4.0,6.0,2.0,3.0,2.0,9.0,1.0,5.0,4.0,1.0,9.0,0.33964452147483826,-1.235222339630127,8.0,0.3103821873664856,-0.8218942284584045,-13.500104315538298,0.9507159292697906,1.153598602861166,2.292243383359164,0.0,5.0,7.0,3.0,4.0,3.0,10.0,2.0,6.0,1.0,1.0,0.0
13064,0.9507159292697906,1.153598602861166,2.292243383359164,0.0,5.0,7.0,3.0,4.0,3.0,10.0,2.0,6.0,1.0,1.0,1.0,-0.5350568890571594,-0.43774446845054626,0.0,0.8946710824966431,-1.6357005834579468,-16.117181517843143,0.4156590402126312,0.7158541344106197,3.186914465855807,0.0,1.0,1.0,4.0,5.0,4.0,11.0,3.0,7.0,2.0,2.0,0.0
13065,0.4156590402126312,0.7158541344106197,3.186914465855807,0.0,1.0,1.0,4.0,5.0,4.0,11.0,3.0,7.0,2.0,2.0,9.0,0.1115698292851448,0.11890413612127304,3.0,-1.3159581422805786,-0.6635740995407104,-11.770991849044577,0.527228869497776,0.8347582705318928,1.8709563235752285,0.0,2.0,2.0,5.0,1.0,5.0,12.0,4.0,8.0,3.0,1.0,0.0
13066,0.527228869497776,0.8347582705318928,1.8709563235752285,0.0,2.0,2.0,5.0,1.0,5.0,12.0,4.0,8.0,3.0,1.0,0.0,1.3100308179855347,0.1072923094034195,5.0,-0.3093686103820801,-0.8365438580513,-14.0350942082411,1.8372596874833107,0.9420505799353123,1.5615877131931484,0.0,1.0,3.0,6.0,2.0,6.0,1.0,5.0,9.0,4.0,2.0,0.0
13067,1.8372596874833107,0.9420505799353123,1.5615877131931484,0.0,1.0,3.0,6.0,2.0,6.0,1.0,5.0,9.0,4.0,2.0,4.0,-1.4932388067245483,-0.12633323669433594,7.0,-0.023008225485682487,-0.172724649310112,-11.729349527051836,0.34402088075876236,0.8157173432409763,1.5385794877074659,0.0,2.0,4.0,7.0,3.0,1.0,2.0,6.0,1.0,5.0,3.0,0.0
13068,0.34402088075876236,0.8157173432409763,1.5385794877074659,0.0,2.0,4.0,7.0,3.0,1.0,2.0,6.0,1.0,5.0,3.0,8.0,-0.5655037760734558,-1.2165806293487549,8.0,0.16483555734157562,-0.458435982465744,-19.004590354154093,0.0,0.0,1.7034150450490415,0.0,3.0,5.0,8.0,4.0,2.0,3.0,7.0,2.0,1.0,4.0,0.0
13069,0.0,0.0,1.7034150450490415,0.0,3.0,5.0,8.0,4.0,2.0,3.0,7.0,2.0,1.0,4.0,0.0,-0.7114416360855103,-0.48081550002098083,6.0,-0.6610206365585327,-0.8892492651939392,-19.287685070736163,0.0,0.0,1.0423944084905088,0.0,1.0,6.0,9.0,5.0,3.0,4.0,1.0,3.0,2.0,5.0,0.0
13070,0.0,0.0,1.0423944084905088,0.0,1.0,6.0,9.0,5.0,3.0,4.0,1.0,3.0,2.0,5.0,8.0,1.0024296045303345,0.619245707988739,5.0,0.1355113834142685,-1.2118245363235474,-20.972226222484046,1.0024296045303345,0.619245707988739,1.1779057919047773,0.0,2.0,7.0,10.0,6.0,4.0,1.0,2.0,4.0,1.0,6.0,0.0
13071,1.0024296045303345,0.619245707988739,1.1779057919047773,0.0,2.0,7.0,10.0,6.0,4.0,1.0,2.0,4.0,1.0,6.0,9.0,0.26518964767456055,0.3359384536743164,1.0,-0.32367488741874695,-1.3870253562927246,-14.943466453374501,1.267619252204895,0.9551841616630554,0.8542309044860303,0.0,3.0,1.0,11.0,7.0,5.0,2.0,3.0,5.0,2.0,1.0,0.0
13072,1.267619252204895,0.9551841616630554,0.8542309044860303,0.0,3.0,1.0,11.0,7.0,5.0,2.0,3.0,5.0,2.0,1.0,3.0,-0.5556792616844177,0.07247480750083923,2.0,-0.37702012062072754,-0.6310949325561523,-15.446494740114474,0.7119399905204773,1.0276589691638947,0.4772107838653028,0.0,4.0,2.0,1.0,1.0,6.0,3.0,4.0,6.0,3.0,2.0,0.0
13073,0.7119399905204773,1.0276589691638947,0.4772107838653028,0.0,4.0,2.0,1.0,1.0,6.0,3.0,4.0,6.0,3.0,2.0,4.0,-0.1583797037601471,-0.10985942929983139,8.0,0.009144242852926254,0.25482824444770813,-13.51105900403994,0.5535602867603302,0.9177995398640633,0.48635502671822906,0.25482824444770813,5.0,3.0,2.0,2.0,1.0,4.0,5.0,7.0,1.0,3.0,0.0
13074,0.5535602867603302,0.9177995398640633,0.48635502671822906,0.25482824444770813,5.0,3.0,2.0,2.0,1.0,4.0,5.0,7.0,1.0,3.0,9.0,-0.5688425302505493,-0.8785337805747986,6.0,-1.528080701828003,0.14865967631340027,-17.12572707062157,0.0,0.03926575928926468,0.0,0.4034879207611084,6.0,4.0,3.0,3.0,2.0,5.0,1.0,8.0,2.0,1.0,0.0
13075,0.0,0.03926575928926468,0.0,0.4034879207611084,6.0,4.0,3.0,3.0,2.0,5.0,1.0,8.0,2.0,1.0,5.0,1.0805668830871582,0.7592175602912903,8.0,0.17202433943748474,-0.8594316244125366,-17.364038426635616,1.0805668830871582,0.798483319580555,0.17202433943748474,0.0,7.0,5.0,4.0,4.0,3.0,1.0,2.0,9.0,1.0,2.0,0.0
13076,1.0805668830871582,0.798483319580555,0.17202433943748474,0.0,7.0,5.0,4.0,4.0,3.0,1.0,2.0,9.0,1.0,2.0,3.0,-0.6767147183418274,-0.15900498628616333,1.0,0.39335450530052185,-0.841253399848938,-14.643814828328807,0.4038521647453308,0.6394783332943916,0.5653788447380066,0.0,8.0,1.0,5.0,1.0,4.0,2.0,3.0,10.0,2.0,3.0,0.0
13077,0.4038521647453308,0.6394783332943916,0.5653788447380066,0.0,8.0,1.0,5.0,1.0,4.0,2.0,3.0,10.0,2.0,3.0,4.0,-1.274187684059143,0.03806348890066147,8.0,-1.273159384727478,-1.4489684104919434,-28.276385236483115,0.0,0.6775418221950531,0.0,0.0,9.0,2.0,6.0,2.0,1.0,3.0,4.0,11.0,1.0,4.0,0.0
13078,0.0,0.6775418221950531,0.0,0.0,9.0,2.0,6.0,2.0,1.0,3.0,4.0,11.0,1.0,4.0,0.0,-1.3032894134521484,-0.6893782615661621,0.0,0.11115000396966934,0.24617069959640503,-12.71220032887259,0.0,0.0,0.11115000396966934,0.24617069959640503,1.0,3.0,7.0,3.0,2.0,4.0,5.0,12.0,2.0,5.0,0.0
13079,0.0,0.0,0.11115000396966934,0.24617069959640503,1.0,3.0,7.0,3.0,2.0,4.0,5.0,12.0,2.0,5.0,9.0,-0.14996911585330963,0.2783049941062927,5.0,-0.005973619408905506,-1.1050665378570557,-18.156953031626635,0.0,0.2783049941062927,0.10517638456076384,0.0,2.0,4.0,8.0,4.0,3.0,1.0,6.0,13.0,3.0,1.0,0.0
13080,0.0,0.2783049941062927,0.10517638456076384,0.0,2.0,4.0,8.0,4.0,3.0,1.0,6.0,13.0,3.0,1.0,4.0,-1.0150569677352905,0.8957769274711609,2.0,1.1514633893966675,-0.124751016497612,-21.67602678038505,0.0,1.1740819215774536,1.2566397739574313,0.0,3.0,5.0,1.0,5.0,1.0,2.0,7.0,14.0,4.0,2.0,0.0
13081,0.0,1.1740819215774536,1.2566397739574313,0.0,3.0,5.0,1.0,5.0,1.0,2.0,7.0,14.0,4.0,2.0,7.0,-0.6119257807731628,0.49294063448905945,7.0,1.4893172979354858,0.47514405846595764,-11.637029318435346,0.0,1.667022556066513,2.745957071892917,0.47514405846595764,4.0,6.0,2.0,6.0,2.0,3.0,8.0,1.0,5.0,3.0,0.0
13082,0.0,1.667022556066513,2.745957071892917,0.47514405846595764,4.0,6.0,2.0,6.0,2.0,3.0,8.0,1.0,5.0,3.0,3.0,-1.7079417705535889,0.5518895387649536,1.0,-0.4062657654285431,-1.2758620977401733,-20.163753833877884,0.0,2.2189120948314667,2.339691306464374,0.0,5.0,1.0,3.0,1.0,3.0,4.0,9.0,2.0,6.0,4.0,0.0
13083,0.0,2.2189120948314667,2.339691306464374,0.0,5.0,1.0,3.0,1.0,3.0,4.0,9.0,2.0,6.0,4.0,4.0,0.6677892208099365,0.5694245100021362,8.0,-1.075721025466919,-0.057098619639873505,-13.276740472124406,0.6677892208099365,2.788336604833603,1.2639702809974551,0.0,6.0,2.0,4.0,2.0,1.0,5.0,10.0,3.0,1.0,5.0,0.0
13084,0.6677892208099365,2.788336604833603,1.2639702809974551,0.0,6.0,2.0,4.0,2.0,1.0,5.0,10.0,3.0,1.0,5.0,9.0,-1.8380842208862305,-1.2028032541275024,6.0,-0.1400814652442932,0.12464495003223419,-15.542630572947335,0.0,1.5855333507061005,1.123888815753162,0.12464495003223419,7.0,3.0,5.0,3.0,2.0,6.0,1.0,4.0,2.0,1.0,0.0
13085,0.0,1.5855333507061005,1.123888815753162,0.12464495003223419,7.0,3.0,5.0,3.0,2.0,6.0,1.0,4.0,2.0,1.0,0.0,-0.3815475106239319,0.22318555414676666,8.0,-0.5864389538764954,-1.5062365531921387,-18.46412403256462,0.0,1.8087189048528671,0.5374498618766665,0.0,1.0,4.0,6.0,4.0,3.0,7.0,2.0,5.0,1.0,2.0,0.0
13086,0.0,1.8087189048528671,0.5374498618766665,0.0,1.0,4.0,6.0,4.0,3.0,7.0,2.0,5.0,1.0,2.0,9.0,0.37268176674842834,-1.400926113128662,5.0,1.7769477367401123,-0.723338782787323,-13.14596302010897,0.37268176674842834,0.407792791724205,2.314397598616779,0.0,2.0,5.0,7.0,5.0,4.0,1.0,3.0,6.0,2.0,1.0,0.0
13087,0.37268176674842834,0.407792791724205,2.314397598616779,0.0,2.0,5.0,7.0,5.0,4.0,1.0,3.0,6.0,2.0,1.0,8.0,-0.43234241008758545,-0.013995240442454815,2.0,-1.0328315496444702,-1.1055330038070679,-20.74255611184522,0.0,0.3937975512817502,1.2815660489723086,0.0,3.0,6.0,1.0,6.0,5.0,2.0,4.0,7.0,1.0,2.0,0.0
13088,0.0,0.3937975512817502,1.2815660489723086,0.0,3.0,6.0,1.0,6.0,5.0,2.0,4.0,7.0,1.0,2.0,3.0,-1.1709870100021362,1.4930553436279297,1.0,0.8497331142425537,-1.312499761581421,-20.120675346894735,0.0,1.88685289490968,2.1312991632148623,0.0,4.0,1.0,2.0,1.0,6.0,3.0,5.0,8.0,2.0,3.0,0.0
13089,0.0,1.88685289490968,2.1312991632148623,0.0,4.0,1.0,2.0,1.0,6.0,3.0,5.0,8.0,2.0,3.0,4.0,0.10658066719770432,0.14162510633468628,8.0,-1.488830804824829,-0.9770286083221436,-18.893852905282774,0.10658066719770432,2.028478001244366,0.6424683583900332,0.0,5.0,2.0,3.0,2.0,1.0,4.0,6.0,9.0,1.0,4.0,0.0
13090,0.10658066719770432,2.028478001244366,0.6424683583900332,0.0,5.0,2.0,3.0,2.0,1.0,4.0,6.0,9.0,1.0,4.0,7.0,0.6723963618278503,-0.19487351179122925,0.0,-0.13111233711242676,-0.47878187894821167,-9.093706452477639,0.7789770290255547,1.833604489453137,0.5113560212776065,0.0,1.0,3.0,4.0,3.0,2.0,5.0,7.0,1.0,2.0,5.0,0.0
13091,0.7789770290255547,1.833604489453137,0.5113560212776065,0.0,1.0,3.0,4.0,3.0,2.0,5.0,7.0,1.0,2.0,5.0,8.0,-1.204619288444519,-1.3084591627120972,6.0,1.0647717714309692,0.027269134297966957,-15.632859217188257,0.0,0.5251453267410398,1.5761277927085757,0.027269134297966957,2.0,4.0,5.0,4.0,3.0,6.0,1.0,2.0,1.0,6.0,0.0
13092,0.0,0.5251453267410398,1.5761277927085757,0.027269134297966957,2.0,4.0,5.0,4.0,3.0,6.0,1.0,2.0,1.0,6.0,9.0,-0.5962783098220825,0.12355755269527435,1.0,-0.7836769223213196,-1.6542516946792603,-19.054879837810724,0.0,0.6487028794363141,0.7924508703872561,0.0,3.0,1.0,6.0,5.0,4.0,7.0,2.0,3.0,2.0,1.0,0.0
13093,0.0,0.6487028794363141,0.7924508703872561,0.0,3.0,1.0,6.0,5.0,4.0,7.0,2.0,3.0,2.0,1.0,3.0,0.2969841957092285,0.3427288830280304,3.0,-1.0591870546340942,-1.5735021829605103,-17.77661445610843,0.2969841957092285,0.9914317624643445,0.0,0.0,4.0,2.0,7.0,1.0,5.0,8.0,3.0,4.0,3.0,2.0,0.0
13094,0.2969841957092285,0.9914317624643445,0.0,0.0,4.0,2.0,7.0,1.0,5.0,8.0,3.0,4.0,3.0,2.0,0.0,0.46729713678359985,-1.1714279651641846,5.0,-0.23189717531204224,-0.6901146173477173,-16.493783320089776,0.7642813324928284,0.0,0.0,0.0,1.0,3.0,8.0,2.0,6.0,1.0,4.0,5.0,4.0,3.0,0.0
13095,0.7642813324928284,0.0,0.0,0.0,1.0,3.0,8.0,2.0,6.0,1.0,4.0,5.0,4.0,3.0,4.0,-1.075584888458252,0.3371794819831848,7.0,0.782443106174469,-1.0240998268127441,-19.087399195237047,0.0,0.3371794819831848,0.782443106174469,0.0,2.0,4.0,9.0,3.0,1.0,2.0,5.0,1.0,5.0,4.0,0.0
13096,0.0,0.3371794819831848,0.782443106174469,0.0,2.0,4.0,9.0,3.0,1.0,2.0,5.0,1.0,5.0,4.0,8.0,-0.9988355040550232,0.21126283705234528,2.0,-1.4245539903640747,-0.47521132230758667,-24.400333294108343,0.0,0.5484423190355301,0.0,0.0,3.0,5.0,1.0,4.0,2.0,3.0,6.0,2.0,1.0,5.0,0.0
13097,0.0,0.5484423190355301,0.0,0.0,3.0,5.0,1.0,4.0,2.0,3.0,6.0,2.0,1.0,5.0,3.0,-1.5621484518051147,1.1172785758972168,1.0,0.20636147260665894,-1.1200953722000122,-22.816186985285043,0.0,1.6657208949327469,0.20636147260665894,0.0,4.0,1.0,2.0,1.0,3.0,4.0,7.0,3.0,2.0,6.0,0.0
13098,0.0,1.6657208949327469,0.20636147260665894,0.0,4.0,1.0,2.0,1.0,3.0,4.0,7.0,3.0,2.0,6.0,4.0,-1.8547723293304443,0.07917052507400513,8.0,-1.3567378520965576,-0.8050198554992676,-31.029149058719142,0.0,1.744891420006752,0.0,0.0,5.0,2.0,3.0,2.0,1.0,5.0,8.0,4.0,1.0,7.0,0.0
13099,0.0,1.744891420006752,0.0,0.0,5.0,2.0,3.0,2.0,1.0,5.0,8.0,4.0,1.0,7.0,9.0,0.07513859122991562,-0.1928587108850479,6.0,0.20961597561836243,0.15362675487995148,-10.817821246624575,0.07513859122991562,1.552032709121704,0.20961597561836243,0.15362675487995148,6.0,3.0,4.0,3.0,2.0,6.0,1.0,5.0,2.0,1.0,1.0
13100,1.7891333103179932,2.2791941165924072,7.15986442565918,7.473827362060547,1.0,1.0,1.0,1.0,1.0,1.0,1.0,1.0,1.0,1.0,8.0,-1.8305985927581787,1.3402618169784546,4.0,-1.8722437620162964,-1.977140188217163,-4.96782197362859,0.0,3.619455933570862,5.287620663642883,5.496687173843384,2.0,2.0,2.0,2.0,1.0,2.0,2.0,2.0,1.0,2.0,0.0
13101,0.0,3.619455933570862,5.287620663642883,5.496687173843384,2.0,2.0,2.0,2.0,1.0,2.0,2.0,2.0,1.0,2.0,3.0,-0.43068423867225647,0.533004641532898,0.0,-1.982706904411316,-1.9676756858825684,-5.539283299558591,0.0,4.15246057510376,3.3049137592315674,3.5290114879608154,1.0,3.0,3.0,1.0,2.0,3.0,3.0,3.0,2.0,3.0,0.0
13102,0.0,4.15246057510376,3.3049137592315674,3.5290114879608154,1.0,3.0,3.0,1.0,2.0,3.0,3.0,3.0,2.0,3.0,3.0,0.6303254961967468,-0.5113286972045898,8.0,-1.7152868509292603,-1.9017860889434814,-7.022210375342679,0.6303254961967468,3.64113187789917,1.5896269083023071,1.627225399017334,2.0,4.0,4.0,1.0,3.0,4.0,4.0,4.0,1.0,4.0,0.0
13103,0.6303254961967468,3.64113187789917,1.5896269083023071,1.627225399017334,2.0,4.0,4.0,1.0,3.0,4.0,4.0,4.0,1.0,4.0,9.0,-1.1734917163848877,-1.2472695112228394,4.0,-0.23539873957633972,-1.3311913013458252,-11.425759832764035,0.0,2.3938623666763306,1.3542281687259674,0.2960340976715088,3.0,5.0,5.0,2.0,1.0,5.0,5.0,5.0,2.0,1.0,0.0
13104,0.0,2.3938623666763306,1.3542281687259674,0.2960340976715088,3.0,5.0,5.0,2.0,1.0,5.0,5.0,5.0,2.0,1.0,0.0,-0.49141696095466614,-0.09947513043880463,5.0,0.9831343293190002,-1.2732384204864502,-16.72531570362201,0.0,2.294387236237526,2.3373624980449677,0.0,1.0,6.0,6.0,3.0,2.0,1.0,6.0,6.0,3.0,2.0,0.0
13105,0.0,2.294387236237526,2.3373624980449677,0.0,1.0,6.0,6.0,3.0,2.0,1.0,6.0,6.0,3.0,2.0,3.0,-1.4792847633361816,-0.9555299282073975,6.0,-0.12780125439167023,0.2659437656402588,-17.55424536859509,0.0,1.3388573080301285,2.2095612436532974,0.2659437656402588,2.0,7.0,7.0,1.0,3.0,2.0,1.0,7.0,4.0,3.0,0.0
13106,0.0,1.3388573080301285,2.2095612436532974,0.2659437656402588,2.0,7.0,7.0,1.0,3.0,2.0,1.0,7.0,4.0,3.0,8.0,-0.3686140179634094,0.42562511563301086,8.0,-0.36926525831222534,0.09188943356275558,-14.402324907827289,0.0,1.7644824236631393,1.840295985341072,0.3578331992030144,3.0,8.0,8.0,2.0,4.0,3.0,2.0,8.0,1.0,4.0,0.0
13107,0.0,1.7644824236631393,1.840295985341072,0.3578331992030144,3.0,8.0,8.0,2.0,4.0,3.0,2.0,8.0,1.0,4.0,9.0,-0.41622158885002136,-0.18692652881145477,7.0,0.20588739216327667,-1.2752717733383179,-13.17931261970608,0.0,1.5775558948516846,2.0461833775043488,0.0,4.0,9.0,9.0,3.0,5.0,4.0,3.0,1.0,2.0,1.0,0.0
13108,0.0,1.5775558948516846,2.0461833775043488,0.0,4.0,9.0,9.0,3.0,5.0,4.0,3.0,1.0,2.0,1.0,8.0,-1.2685565948486328,-1.5171489715576172,8.0,-0.4715195298194885,-0.08699557185173035,-22.17744537990088,0.0,0.06040692329406738,1.5746638476848602,0.0,5.0,10.0,10.0,4.0,6.0,5.0,4.0,2.0,1.0,2.0,0.0
13109,0.0,0.06040692329406738,1.5746638476848602,0.0,5.0,10.0,10.0,4.0,6.0,5.0,4.0,2.0,1.0,2.0,4.0,-0.8774126172065735,0.004155063536018133,5.0,0.28699588775634766,-1.03115713596344,-26.09774727921771,0.0,0.06456198683008552,1.8616597354412079,0.0,6.0,11.0,11.0,5.0,1.0,1.0,5.0,3.0,2.0,3.0,0.0
13110,0.0,0.06456198683008552,1.8616597354412079,0.0,6.0,11.0,11.0,5.0,1.0,1.0,5.0,3.0,2.0,3.0,8.0,-0.09263385832309723,0.8925538659095764,8.0,-1.0024068355560303,-0.8221660256385803,-20.010580381438036,0.0,0.9571158527396619,0.8592528998851776,0.0,7.0,12.0,12.0,6.0,2.0,2.0,6.0,4.0,1.0,4.0,0.0
13111,0.0,0.9571158527396619,0.8592528998851776,0.0,7.0,12.0,12.0,6.0,2.0,2.0,6.0,4.0,1.0,4.0,9.0,-1.0791473388671875,-1.5981664657592773,2.0,0.11004132777452469,-0.2893322706222534,-20.22761693290666,0.0,0.0,0.9692942276597023,0.0,8.0,13.0,1.0,7.0,3.0,3.0,7.0,5.0,2.0,1.0,0.0
13112,0.0,0.0,0.9692942276597023,0.0,8.0,13.0,1.0,7.0,3.0,3.0,7.0,5.0,2.0,1.0,1.0,-0.7063789367675781,0.8599086403846741,1.0,1.095540165901184,-1.2747383117675781,-21.13850758306777,0.0,0.8599086403846741,2.0648343935608864,0.0,9.0,1.0,2.0,8.0,4.0,4.0,8.0,6.0,3.0,2.0,0.0
13113,0.0,0.8599086403846741,2.0648343935608864,0.0,9.0,1.0,2.0,8.0,4.0,4.0,8.0,6.0,3.0,2.0,3.0,0.2381298989057541,1.5285314321517944,3.0,-1.3737194538116455,0.04711602255702019,-9.64458818385101,0.2381298989057541,2.3884400725364685,0.6911149397492409,0.04711602255702019,10.0,2.0,3.0,1.0,5.0,5.0,9.0,7.0,4.0,3.0,0.0
13114,0.2381298989057541,2.3884400725364685,0.6911149397492409,0.04711602255702019,10.0,2.0,3.0,1.0,5.0,5.0,9.0,7.0,4.0,3.0,4.0,-1.270276665687561,-0.3813268542289734,0.0,-0.51112300157547,-0.07612971216440201,-15.705063080597528,0.0,2.007113218307495,0.1799919381737709,0.0,1.0,3.0,4.0,2.0,1.0,6.0,10.0,8.0,5.0,4.0,0.0
13115,0.0,2.007113218307495,0.1799919381737709,0.0,1.0,3.0,4.0,2.0,1.0,6.0,10.0,8.0,5.0,4.0,9.0,0.3309173882007599,-1.1671481132507324,6.0,0.04195837303996086,1.1225847005844116,-11.55376249494546,0.3309173882007599,0.8399651050567627,0.22195031121373177,1.1225847005844116,2.0,4.0,5.0,3.0,2.0,7.0,1.0,9.0,6.0,1.0,0.0
13116,0.3309173882007599,0.8399651050567627,0.22195031121373177,1.1225847005844116,2.0,4.0,5.0,3.0,2.0,7.0,1.0,9.0,6.0,1.0,7.0,0.7514375448226929,-0.2239987850189209,8.0,0.4533468782901764,-0.33490055799484253,-10.289557448730466,1.0823549330234528,0.6159663200378418,0.6752971895039082,0.7876841425895691,3.0,5.0,6.0,4.0,3.0,8.0,2.0,1.0,1.0,2.0,0.0
13117,1.0823549330234528,0.6159663200378418,0.6752971895039082,0.7876841425895691,3.0,5.0,6.0,4.0,3.0,8.0,2.0,1.0,1.0,2.0,9.0,-0.8958410620689392,-0.29944896697998047,5.0,-0.5911502242088318,-0.4955213665962219,-11.834629838179566,0.18651387095451355,0.31651735305786133,0.08414696529507637,0.29216277599334717,4.0,6.0,7.0,5.0,4.0,1.0,3.0,2.0,2.0,1.0,0.0
13118,0.18651387095451355,0.31651735305786133,0.08414696529507637,0.29216277599334717,4.0,6.0,7.0,5.0,4.0,1.0,3.0,2.0,2.0,1.0,4.0,0.18285034596920013,-0.5500310659408569,5.0,-0.6834239363670349,-0.832387387752533,-22.771658678095996,0.3693642169237137,0.0,0.0,0.0,5.0,7.0,8.0,6.0,1.0,1.0,4.0,3.0,3.0,2.0,0.0
13119,0.3693642169237137,0.0,0.0,0.0,5.0,7.0,8.0,6.0,1.0,1.0,4.0,3.0,3.0,2.0,9.0,0.4422791600227356,0.3979373574256897,5.0,-0.532573401927948,-0.9551069140434265,-18.605301583660204,0.8116433769464493,0.3979373574256897,0.0,0.0,6.0,8.0,9.0,7.0,2.0,1.0,5.0,4.0,4.0,1.0,0.0
13120,0.8116433769464493,0.3979373574256897,0.0,0.0,6.0,8.0,9.0,7.0,2.0,1.0,5.0,4.0,4.0,1.0,8.0,-1.9292900562286377,-0.3563082814216614,2.0,0.4501717686653137,-1.0183948278427124,-27.42035571693811,0.0,0.04162907600402832,0.4501717686653137,0.0,7.0,9.0,1.0,8.0,3.0,2.0,6.0,5.0,1.0,2.0,0.0
13121,0.0,0.04162907600402832,0.4501717686653137,0.0,7.0,9.0,1.0,8.0,3.0,2.0,6.0,5.0,1.0,2.0,3.0,-0.8801512718200684,1.5063387155532837,1.0,0.5153379440307617,-1.4008914232254028,-20.544759916856343,0.0,1.547967791557312,0.9655097126960754,0.0,8.0,1.0,2.0,1.0,4.0,3.0,7.0,6.0,2.0,3.0,0.0
13122,0.0,1.547967791557312,0.9655097126960754,0.0,8.0,1.0,2.0,1.0,4.0,3.0,7.0,6.0,2.0,3.0,3.0,-1.0752521753311157,0.6273881196975708,8.0,-1.1227644681930542,-1.6046167612075806,-25.11910295095258,0.0,2.175355911254883,0.0,0.0,9.0,2.0,3.0,1.0,5.0,4.0,8.0,7.0,1.0,4.0,0.0
13123,0.0,2.175355911254883,0.0,0.0,9.0,2.0,3.0,1.0,5.0,4.0,8.0,7.0,1.0,4.0,4.0,-1.367946982383728,-0.46962448954582214,1.0,-0.13409702479839325,0.25815388560295105,-21.7526461945684,0.0,1.7057314217090607,0.0,0.25815388560295105,10.0,1.0,4.0,2.0,1.0,5.0,9.0,8.0,2.0,5.0,0.0
13124,0.0,1.7057314217090607,0.0,0.25815388560295105,10.0,1.0,4.0,2.0,1.0,5.0,9.0,8.0,2.0,5.0,0.0,-1.0325361490249634,0.022131605073809624,3.0,-0.8842108249664307,-1.4088037014007568,-21.12680806077819,0.0,1.7278630267828703,0.0,0.0,1.0,2.0,5.0,1.0,2.0,6.0,10.0,9.0,3.0,6.0,0.0
13125,0.0,1.7278630267828703,0.0,0.0,1.0,2.0,5.0,1.0,2.0,6.0,10.0,9.0,3.0,6.0,9.0,-0.6310545206069946,-1.3939037322998047,6.0,1.1667566299438477,1.1963039636611938,-13.630314737986028,0.0,0.3339592944830656,1.1667566299438477,1.1963039636611938,2.0,3.0,6.0,2.0,3.0,7.0,1.0,10.0,4.0,1.0,0.0
13126,0.0,0.3339592944830656,1.1667566299438477,1.1963039636611938,2.0,3.0,6.0,2.0,3.0,7.0,1.0,10.0,4.0,1.0,9.0,-0.5861877202987671,0.3933485150337219,8.0,-0.8440260291099548,-1.1907230615615845,-13.771479818725659,0.0,0.7273078095167875,0.3227306008338928,0.005580902099609375,3.0,4.0,7.0,3.0,4.0,8.0,2.0,11.0,1.0,1.0,0.0
13127,0.0,0.7273078095167875,0.3227306008338928,0.005580902099609375,3.0,4.0,7.0,3.0,4.0,8.0,2.0,11.0,1.0,1.0,0.0,-0.4051724076271057,-1.2392128705978394,5.0,0.7494601011276245,-1.546952724456787,-22.511334989379936,0.0,0.0,1.0721907019615173,0.0,1.0,5.0,8.0,4.0,5.0,1.0,3.0,12.0,2.0,2.0,0.0
13128,0.0,0.0,1.0721907019615173,0.0,1.0,5.0,8.0,4.0,5.0,1.0,3.0,12.0,2.0,2.0,4.0,-0.5799453258514404,1.254355788230896,2.0,0.6441089510917664,-0.20421327650547028,-19.093475078501214,0.0,1.254355788230896,1.7162996530532837,0.0,2.0,6.0,1.0,5.0,1.0,2.0,4.0,13.0,3.0,3.0,0.0
13129,0.0,1.254355788230896,1.7162996530532837,0.0,2.0,6.0,1.0,5.0,1.0,2.0,4.0,13.0,3.0,3.0,7.0,-1.7254632711410522,1.59160315990448,1.0,-0.503629207611084,0.8304951190948486,-18.232510918498726,0.0,2.845958948135376,1.2126704454421997,0.8304951190948486,3.0,1.0,2.0,6.0,2.0,3.0,5.0,1.0,4.0,4.0,0.0
13130,0.0,2.845958948135376,1.2126704454421997,0.8304951190948486,3.0,1.0,2.0,6.0,2.0,3.0,5.0,1.0,4.0,4.0,3.0,-0.6048489809036255,0.7377349734306335,3.0,0.6279270648956299,-0.1079263910651207,-10.057482104555513,0.0,3.5836939215660095,1.8405975103378296,0.7225687280297279,4.0,2.0,3.0,1.0,3.0,4.0,6.0,2.0,5.0,5.0,0.0
13131,0.0,3.5836939215660095,1.8405975103378296,0.7225687280297279,4.0,2.0,3.0,1.0,3.0,4.0,6.0,2.0,5.0,5.0,3.0,-1.4247910976409912,-1.1245341300964355,8.0,-1.4316357374191284,-0.921699583530426,-18.87634051399919,0.0,2.459159791469574,0.40896177291870117,0.0,5.0,3.0,4.0,1.0,4.0,5.0,7.0,3.0,1.0,6.0,0.0
13132,0.0,2.459159791469574,0.40896177291870117,0.0,5.0,3.0,4.0,1.0,4.0,5.0,7.0,3.0,1.0,6.0,9.0,-1.547645092010498,0.30882325768470764,6.0,1.3647884130477905,0.31750229001045227,-16.64422972638419,0.0,2.7679830491542816,1.7737501859664917,0.31750229001045227,6.0,4.0,5.0,2.0,5.0,6.0,1.0,4.0,2.0,1.0,0.0
13133,0.0,2.7679830491542816,1.7737501859664917,0.31750229001045227,6.0,4.0,5.0,2.0,5.0,6.0,1.0,4.0,2.0,1.0,4.0,-0.4226318895816803,0.36293116211891174,0.0,-0.23427033424377441,-0.6182118654251099,-12.241518886140382,0.0,3.1309142112731934,1.5394798517227173,0.0,1.0,5.0,6.0,3.0,1.0,7.0,2.0,5.0,3.0,2.0,0.0
13134,0.0,3.1309142112731934,1.5394798517227173,0.0,1.0,5.0,6.0,3.0,1.0,7.0,2.0,5.0,3.0,2.0,3.0,0.4695359766483307,-0.7176173329353333,5.0,0.4944729506969452,-1.2864601612091064,-16.58120412161131,0.4695359766483307,2.41329687833786,2.0339528024196625,0.0,2.0,6.0,7.0,1.0,2.0,1.0,3.0,6.0,4.0,3.0,0.0
13135,0.4695359766483307,2.41329687833786,2.0339528024196625,0.0,2.0,6.0,7.0,1.0,2.0,1.0,3.0,6.0,4.0,3.0,4.0,-1.008962869644165,0.5854427814483643,8.0,-0.6596649885177612,-0.8407203555107117,-20.519190318631818,0.0,2.9987396597862244,1.3742878139019012,0.0,3.0,7.0,8.0,2.0,1.0,2.0,4.0,7.0,1.0,4.0,0.0
13136,0.0,2.9987396597862244,1.3742878139019012,0.0,3.0,7.0,8.0,2.0,1.0,2.0,4.0,7.0,1.0,4.0,3.0,-0.20553058385849,-0.08544988930225372,2.0,-0.3951665759086609,-0.5474386215209961,-15.054051951482577,0.0,2.9132897704839706,0.9791212379932404,0.0,4.0,8.0,1.0,1.0,2.0,3.0,5.0,8.0,2.0,5.0,0.0
13137,0.0,2.9132897704839706,0.9791212379932404,0.0,4.0,8.0,1.0,1.0,2.0,3.0,5.0,8.0,2.0,5.0,3.0,-0.9294421076774597,-1.0281130075454712,1.0,1.4298264980316162,-1.1901423931121826,-18.59880996993845,0.0,1.8851767629384995,2.4089477360248566,0.0,5.0,1.0,2.0,1.0,3.0,4.0,6.0,9.0,3.0,6.0,0.0
13138,0.0,1.8851767629384995,2.4089477360248566,0.0,5.0,1.0,2.0,1.0,3.0,4.0,6.0,9.0,3.0,6.0,3.0,-0.2531759440898895,-0.10793911665678024,0.0,-0.8519850373268127,0.5397193431854248,-7.8598256582431745,0.0,1.7772376462817192,1.5569626986980438,0.5397193431854248,1.0,2.0,3.0,1.0,4.0,5.0,7.0,10.0,4.0,7.0,0.0
13139,0.0,1.7772376462817192,1.5569626986980438,0.5397193431854248,1.0,2.0,3.0,1.0,4.0,5.0,7.0,10.0,4.0,7.0,9.0,-0.6156086325645447,-1.3888270854949951,8.0,1.05418062210083,-0.41433829069137573,-12.910328497207363,0.0,0.3884105607867241,2.611143320798874,0.12538105249404907,2.0,3.0,4.0,2.0,5.0,6.0,8.0,11.0,1.0,1.0,0.0
13140,0.0,0.3884105607867241,2.611143320798874,0.12538105249404907,2.0,3.0,4.0,2.0,5.0,6.0,8.0,11.0,1.0,1.0,4.0,0.7718129754066467,1.2626663446426392,5.0,-1.1351337432861328,-0.6361488103866577,-17.047406458412738,0.7718129754066467,1.6510769054293633,1.476009577512741,0.0,3.0,4.0,5.0,3.0,1.0,1.0,9.0,12.0,2.0,2.0,0.0
13141,0.7718129754066467,1.6510769054293633,1.476009577512741,0.0,3.0,4.0,5.0,3.0,1.0,1.0,9.0,12.0,2.0,2.0,7.0,-1.4462839365005493,-0.22512276470661163,8.0,0.8371744751930237,0.15741027891635895,-15.014611486090644,0.0,1.4259541407227516,2.3131840527057648,0.15741027891635895,4.0,5.0,6.0,4.0,2.0,2.0,10.0,1.0,1.0,3.0,0.0
13142,0.0,1.4259541407227516,2.3131840527057648,0.15741027891635895,4.0,5.0,6.0,4.0,2.0,2.0,10.0,1.0,1.0,3.0,8.0,-0.12883725762367249,0.8440542221069336,6.0,-1.7209372520446777,-0.7640790343284607,-17.119348233032184,0.0,2.270008362829685,0.592246800661087,0.0,5.0,6.0,7.0,5.0,3.0,3.0,1.0,2.0,1.0,4.0,0.0
13143,0.0,2.270008362829685,0.592246800661087,0.0,5.0,6.0,7.0,5.0,3.0,3.0,1.0,2.0,1.0,4.0,9.0,-0.9463815093040466,-0.24734191596508026,1.0,0.26228123903274536,-1.3839117288589478,-19.476171693711976,0.0,2.022666446864605,0.8545280396938324,0.0,6.0,1.0,8.0,6.0,4.0,4.0,2.0,3.0,2.0,1.0,0.0
13144,0.0,2.022666446864605,0.8545280396938324,0.0,6.0,1.0,8.0,6.0,4.0,4.0,2.0,3.0,2.0,1.0,0.0,-0.5652356147766113,0.7440227270126343,0.0,0.3558182120323181,-1.8108878135681152,-17.380062696873086,0.0,2.7666891738772392,1.2103462517261505,0.0,1.0,2.0,9.0,7.0,5.0,5.0,3.0,4.0,3.0,2.0,0.0
13145,0.0,2.7666891738772392,1.2103462517261505,0.0,1.0,2.0,9.0,7.0,5.0,5.0,3.0,4.0,3.0,2.0,9.0,1.6281318664550781,-0.05026862397789955,3.0,0.21970251202583313,-1.765146017074585,-16.534582365039096,1.6281318664550781,2.7164205498993397,1.4300487637519836,0.0,2.0,3.0,10.0,1.0,6.0,6.0,4.0,5.0,4.0,1.0,0.0
13146,1.6281318664550781,2.7164205498993397,1.4300487637519836,0.0,2.0,3.0,10.0,1.0,6.0,6.0,4.0,5.0,4.0,1.0,9.0,-0.8384146690368652,0.3720492124557495,2.0,-1.093515157699585,-1.5470154285430908,-18.958971084571374,0.7897171974182129,3.088469762355089,0.3365336060523987,0.0,3.0,4.0,1.0,2.0,7.0,7.0,5.0,6.0,5.0,1.0,0.0
13147,0.7897171974182129,3.088469762355089,0.3365336060523987,0.0,3.0,4.0,1.0,2.0,7.0,7.0,5.0,6.0,5.0,1.0,4.0,-0.6227998733520508,-1.4910541772842407,8.0,1.176997184753418,-0.9543291330337524,-18.729922045651726,0.1669173240661621,1.5974155850708485,1.5135307908058167,0.0,4.0,5.0,2.0,3.0,1.0,8.0,6.0,7.0,1.0,2.0,0.0
13148,0.1669173240661621,1.5974155850708485,1.5135307908058167,0.0,4.0,5.0,2.0,3.0,1.0,8.0,6.0,7.0,1.0,2.0,0.0,-0.6868669390678406,-1.4609018564224243,6.0,0.2587295472621918,-0.4261263906955719,-14.332601798330229,0.0,0.13651372864842415,1.7722603380680084,0.0,1.0,6.0,3.0,4.0,2.0,9.0,1.0,8.0,2.0,3.0,0.0
13149,0.0,0.13651372864842415,1.7722603380680084,0.0,1.0,6.0,3.0,4.0,2.0,9.0,1.0,8.0,2.0,3.0,9.0,-0.20252195000648499,1.138379454612732,5.0,1.843245506286621,0.17662398517131805,-9.23467529715651,0.0,1.274893183261156,3.6155058443546295,0.17662398517131805,2.0,7.0,4.0,5.0,3.0,1.0,2.0,9.0,3.0,1.0,0.0
13150,0.0,1.274893183261156,3.6155058443546295,0.17662398517131805,2.0,7.0,4.0,5.0,3.0,1.0,2.0,9.0,3.0,1.0,3.0,-0.7114585638046265,0.7290456295013428,7.0,-1.1709330081939697,-1.528918981552124,-16.769999616172846,0.0,2.003938812762499,2.44457283616066,0.0,3.0,8.0,5.0,1.0,4.0,2.0,3.0,1.0,4.0,2.0,0.0
13151,0.0,2.003938812762499,2.44457283616066,0.0,3.0,8.0,5.0,1.0,4.0,2.0,3.0,1.0,4.0,2.0,4.0,0.109488345682621,-1.110575556755066,1.0,-0.38390490412712097,-1.2946417331695557,-17.643371173992612,0.109488345682621,0.8933632560074329,2.060667932033539,0.0,4.0,1.0,6.0,2.0,1.0,3.0,4.0,2.0,5.0,3.0,0.0
13152,0.109488345682621,0.8933632560074329,2.060667932033539,0.0,4.0,1.0,6.0,2.0,1.0,3.0,4.0,2.0,5.0,3.0,0.0,0.13992728292942047,1.1357070207595825,8.0,-0.9671193361282349,-0.2980096638202667,-10.467137755835402,0.24941562861204147,2.0290702767670155,1.093548595905304,0.0,1.0,2.0,7.0,3.0,2.0,4.0,5.0,3.0,1.0,4.0,0.0
13153,0.24941562861204147,2.0290702767670155,1.093548595905304,0.0,1.0,2.0,7.0,3.0,2.0,4.0,5.0,3.0,1.0,4.0,9.0,1.0527257919311523,0.6436048150062561,7.0,-0.18618059158325195,0.30843386054039,-6.235579743059506,1.3021414205431938,2.6726750917732716,0.907368004322052,0.30843386054039,2.0,3.0,8.0,4.0,3.0,5.0,6.0,1.0,2.0,1.0,0.0
13154,1.3021414205431938,2.6726750917732716,0.907368004322052,0.30843386054039,2.0,3.0,8.0,4.0,3.0,5.0,6.0,1.0,2.0,1.0,4.0,-0.6816624999046326,-0.34209105372428894,0.0,0.36986422538757324,-1.005420446395874,-12.264475779625181,0.6204789206385612,2.3305840380489826,1.2772322297096252,0.0,1.0,4.0,9.0,5.0,1.0,6.0,7.0,2.0,3.0,2.0,0.0
13155,0.6204789206385612,2.3305840380489826,1.2772322297096252,0.0,1.0,4.0,9.0,5.0,1.0,6.0,7.0,2.0,3.0,2.0,8.0,0.08444221317768097,-0.858932614326477,6.0,-0.36544564366340637,0.849966824054718,-13.530829943895764,0.7049211338162422,1.4716514237225056,0.9117865860462189,0.849966824054718,2.0,5.0,10.0,6.0,2.0,7.0,1.0,3.0,1.0,3.0,0.0
13156,0.7049211338162422,1.4716514237225056,0.9117865860462189,0.849966824054718,2.0,5.0,10.0,6.0,2.0,7.0,1.0,3.0,1.0,3.0,9.0,-0.7107823491096497,-0.9395990967750549,5.0,-0.24291567504405975,-1.5276997089385986,-15.219690011610647,0.0,0.5320523269474506,0.6688709110021591,0.0,3.0,6.0,11.0,7.0,3.0,1.0,2.0,4.0,2.0,1.0,0.0
13157,0.0,0.5320523269474506,0.6688709110021591,0.0,3.0,6.0,11.0,7.0,3.0,1.0,2.0,4.0,2.0,1.0,8.0,0.6920098662376404,0.26864945888519287,5.0,0.8152916431427002,-1.1235960721969604,-20.551496563425864,0.6920098662376404,0.8007017858326435,1.4841625541448593,0.0,4.0,7.0,12.0,8.0,4.0,1.0,3.0,5.0,1.0,2.0,0.0
13158,0.6920098662376404,0.8007017858326435,1.4841625541448593,0.0,4.0,7.0,12.0,8.0,4.0,1.0,3.0,5.0,1.0,2.0,8.0,0.6873842477798462,-0.33765503764152527,2.0,0.6902991533279419,-1.2922574281692505,-20.63377114518419,1.3793941140174866,0.46304674819111824,2.174461707472801,0.0,5.0,8.0,1.0,9.0,5.0,2.0,4.0,6.0,1.0,3.0,0.0
13159,1.3793941140174866,0.46304674819111824,2.174461707472801,0.0,5.0,8.0,1.0,9.0,5.0,2.0,4.0,6.0,1.0,3.0,3.0,-0.7723228335380554,1.0995452404022217,1.0,0.9228376746177673,-1.041337013244629,-12.627728445836844,0.6070712804794312,1.56259198859334,3.0972993820905685,0.0,6.0,1.0,2.0,1.0,6.0,3.0,5.0,7.0,2.0,4.0,0.0
13160,0.6070712804794312,1.56259198859334,3.0972993820905685,0.0,6.0,1.0,2.0,1.0,6.0,3.0,5.0,7.0,2.0,4.0,4.0,0.30443400144577026,0.6200303435325623,8.0,-1.5763559341430664,-0.8089092969894409,-16.91452055948745,0.9115052819252014,2.182622332125902,1.5209434479475021,0.0,7.0,2.0,3.0,2.0,1.0,4.0,6.0,8.0,1.0,5.0,0.0
13161,0.9115052819252014,2.182622332125902,1.5209434479475021,0.0,7.0,2.0,3.0,2.0,1.0,4.0,6.0,8.0,1.0,5.0,0.0,-1.821612000465393,-0.5709549188613892,8.0,-1.2543834447860718,0.040131308138370514,-14.897086658578187,0.0,1.611667413264513,0.26656000316143036,0.040131308138370514,1.0,3.0,4.0,3.0,2.0,5.0,7.0,9.0,1.0,6.0,0.0
13162,0.0,1.611667413264513,0.26656000316143036,0.040131308138370514,1.0,3.0,4.0,3.0,2.0,5.0,7.0,9.0,1.0,6.0,9.0,0.9789445400238037,-0.08789382129907608,3.0,0.7214507460594177,1.2203065156936646,-6.830815748662884,0.9789445400238037,1.523773591965437,0.9880107492208481,1.260437823832035,2.0,4.0,5.0,1.0,3.0,6.0,8.0,10.0,2.0,1.0,0.0
13163,0.9789445400238037,1.523773591965437,0.9880107492208481,1.260437823832035,2.0,4.0,5.0,1.0,3.0,6.0,8.0,10.0,2.0,1.0,4.0,-0.11282991617918015,-0.9513941407203674,5.0,-0.370567262172699,-1.069930911064148,-15.99305893788971,0.8661146238446236,0.5723794512450695,0.6174434870481491,0.19050691276788712,3.0,5.0,6.0,2.0,1.0,1.0,9.0,11.0,3.0,2.0,0.0
13164,0.8661146238446236,0.5723794512450695,0.6174434870481491,0.19050691276788712,3.0,5.0,6.0,2.0,1.0,1.0,9.0,11.0,3.0,2.0,4.0,-1.3099876642227173,0.022998258471488953,6.0,0.469089537858963,0.7087288498878479,-18.024029207564485,0.0,0.5953777097165585,1.0865330249071121,0.899235762655735,4.0,6.0,7.0,3.0,1.0,2.0,1.0,12.0,4.0,3.0,0.0
13165,0.0,0.5953777097165585,1.0865330249071121,0.899235762655735,4.0,6.0,7.0,3.0,1.0,2.0,1.0,12.0,4.0,3.0,7.0,0.09463628381490707,-0.4878855049610138,8.0,-0.7923656105995178,-1.031614065170288,-13.182046360786615,0.09463628381490707,0.10749220475554466,0.2941674143075943,0.0,5.0,7.0,8.0,4.0,2.0,3.0,2.0,1.0,1.0,4.0,0.0
13166,0.09463628381490707,0.10749220475554466,0.2941674143075943,0.0,5.0,7.0,8.0,4.0,2.0,3.0,2.0,1.0,1.0,4.0,9.0,-1.0706316232681274,0.19496464729309082,1.0,-0.49098682403564453,-1.5788029432296753,-21.92029278617226,0.0,0.3024568520486355,0.0,0.0,6.0,1.0,9.0,5.0,3.0,4.0,3.0,2.0,2.0,1.0,0.0
13167,0.0,0.3024568520486355,0.0,0.0,6.0,1.0,9.0,5.0,3.0,4.0,3.0,2.0,2.0,1.0,0.0,0.21004781126976013,0.46629437804222107,3.0,0.0011903642443940043,-0.7579875588417053,-11.441316640929898,0.21004781126976013,0.7687512300908566,0.0011903642443940043,0.0,1.0,2.0,10.0,1.0,4.0,5.0,4.0,3.0,3.0,2.0,0.0
13168,0.21004781126976013,0.7687512300908566,0.0011903642443940043,0.0,1.0,2.0,10.0,1.0,4.0,5.0,4.0,3.0,3.0,2.0,4.0,0.36134225130081177,0.30442655086517334,8.0,-0.27734631299972534,-0.383783221244812,-16.83391909784403,0.5713900625705719,1.07317778095603,0.0,0.0,2.0,3.0,11.0,2.0,1.0,6.0,5.0,4.0,1.0,3.0,0.0
13169,0.5713900625705719,1.07317778095603,0.0,0.0,2.0,3.0,11.0,2.0,1.0,6.0,5.0,4.0,1.0,3.0,0.0,-0.5332505702972412,-0.9418020844459534,2.0,0.017163988202810287,-0.2623598575592041,-12.846450038103143,0.03813949227333069,0.13137569651007652,0.017163988202810287,0.0,1.0,4.0,1.0,3.0,2.0,7.0,6.0,5.0,2.0,4.0,0.0
13170,0.03813949227333069,0.13137569651007652,0.017163988202810287,0.0,1.0,4.0,1.0,3.0,2.0,7.0,6.0,5.0,2.0,4.0,9.0,-0.8967941403388977,0.1631801724433899,1.0,1.719649314880371,0.4748819172382355,-11.664577308978572,0.0,0.2945558689534664,1.7368133030831814,0.4748819172382355,2.0,1.0,2.0,4.0,3.0,8.0,7.0,6.0,3.0,1.0,0.0
13171,0.0,0.2945558689534664,1.7368133030831814,0.4748819172382355,2.0,1.0,2.0,4.0,3.0,8.0,7.0,6.0,3.0,1.0,8.0,0.37504541873931885,0.028941070660948753,8.0,0.4361802935600281,-1.0630353689193726,-17.123626690867752,0.37504541873931885,0.32349693961441517,2.1729935966432095,0.0,3.0,2.0,3.0,5.0,4.0,9.0,8.0,7.0,1.0,2.0,0.0
13172,0.37504541873931885,0.32349693961441517,2.1729935966432095,0.0,3.0,2.0,3.0,5.0,4.0,9.0,8.0,7.0,1.0,2.0,4.0,-0.28863033652305603,0.5986917018890381,0.0,0.524163007736206,-0.09892944246530533,-11.079338534474761,0.08641508221626282,0.9221886415034533,2.6971566043794155,0.0,1.0,3.0,4.0,6.0,1.0,10.0,9.0,8.0,2.0,3.0,0.0
13173,0.08641508221626282,0.9221886415034533,2.6971566043794155,0.0,1.0,3.0,4.0,6.0,1.0,10.0,9.0,8.0,2.0,3.0,9.0,0.6677932739257812,-1.1940522193908691,3.0,-0.4252626597881317,1.1459782123565674,-9.594974417314573,0.7542083561420441,0.0,2.271893944591284,1.1459782123565674,2.0,4.0,5.0,1.0,2.0,11.0,10.0,9.0,3.0,1.0,0.0
13174,0.7542083561420441,0.0,2.271893944591284,1.1459782123565674,2.0,4.0,5.0,1.0,2.0,11.0,10.0,9.0,3.0,1.0,0.0,0.34563541412353516,-0.22019517421722412,5.0,-0.36536309123039246,-0.33954522013664246,-10.942309454457318,1.0998437702655792,0.0,1.9065308533608913,0.8064329922199249,1.0,5.0,6.0,2.0,3.0,1.0,11.0,10.0,4.0,2.0,0.0
13175,1.0998437702655792,0.0,1.9065308533608913,0.8064329922199249,1.0,5.0,6.0,2.0,3.0,1.0,11.0,10.0,4.0,2.0,4.0,-1.3371481895446777,0.8715288043022156,8.0,0.5232810378074646,-0.6885578036308289,-16.236325814156,0.0,0.8715288043022156,2.429811891168356,0.11787518858909607,2.0,6.0,7.0,3.0,1.0,2.0,12.0,11.0,1.0,3.0,0.0
13176,0.0,0.8715288043022156,2.429811891168356,0.11787518858909607,2.0,6.0,7.0,3.0,1.0,2.0,12.0,11.0,1.0,3.0,6.0,-0.9705110788345337,-0.2129589319229126,6.0,-0.8601723909378052,0.9394433498382568,-21.48524240842052,0.0,0.658569872379303,1.5696395002305508,1.057318538427353,3.0,7.0,8.0,4.0,2.0,3.0,1.0,12.0,2.0,4.0,0.0
13177,0.0,0.658569872379303,1.5696395002305508,1.057318538427353,3.0,7.0,8.0,4.0,2.0,3.0,1.0,12.0,2.0,4.0,3.0,-1.4747637510299683,1.5374034643173218,2.0,0.3231702744960785,-0.4454662799835205,-18.24966286666267,0.0,2.1959733366966248,1.8928097747266293,0.6118522584438324,4.0,8.0,1.0,1.0,3.0,4.0,2.0,13.0,3.0,5.0,0.0
13178,0.0,2.1959733366966248,1.8928097747266293,0.6118522584438324,4.0,8.0,1.0,1.0,3.0,4.0,2.0,13.0,3.0,5.0,3.0,-1.2509678602218628,-1.1407910585403442,8.0,0.2859034836292267,-0.6369098424911499,-18.526644441348793,0.0,1.0551822781562805,2.178713258355856,0.0,5.0,9.0,2.0,1.0,4.0,5.0,3.0,14.0,1.0,6.0,0.0
13179,0.0,1.0551822781562805,2.178713258355856,0.0,5.0,9.0,2.0,1.0,4.0,5.0,3.0,14.0,1.0,6.0,3.0,0.09191816300153732,-1.588751196861267,1.0,-0.011638003401458263,-1.1585602760314941,-19.24848347526435,0.09191816300153732,0.0,2.1670752549543977,0.0,6.0,1.0,3.0,1.0,5.0,6.0,4.0,15.0,2.0,7.0,0.0
13180,0.09191816300153732,0.0,2.1670752549543977,0.0,6.0,1.0,3.0,1.0,5.0,6.0,4.0,15.0,2.0,7.0,9.0,-0.7134373188018799,0.40003103017807007,8.0,-0.9293490052223206,-1.3314379453659058,-20.97876011177909,0.0,0.40003103017807007,1.2377262497320771,0.0,7.0,2.0,4.0,2.0,6.0,7.0,5.0,16.0,1.0,1.0,0.0
13181,0.0,0.40003103017807007,1.2377262497320771,0.0,7.0,2.0,4.0,2.0,6.0,7.0,5.0,16.0,1.0,1.0,7.0,-1.0962646007537842,-0.6361727118492126,5.0,-1.3580554723739624,-0.27814653515815735,-21.96609067549157,0.0,0.0,0.0,0.0,8.0,3.0,5.0,3.0,7.0,1.0,6.0,1.0,2.0,2.0,0.0
13182,0.0,0.0,0.0,0.0,8.0,3.0,5.0,3.0,7.0,1.0,6.0,1.0,2.0,2.0,4.0,-1.3140240907669067,0.597281277179718,0.0,-0.6893224716186523,-0.415053129196167,-20.781791144033665,0.0,0.597281277179718,0.0,0.0,1.0,4.0,6.0,4.0,1.0,2.0,7.0,2.0,3.0,3.0,0.0
13183,0.0,0.597281277179718,0.0,0.0,1.0,4.0,6.0,4.0,1.0,2.0,7.0,2.0,3.0,3.0,8.0,-0.9907350540161133,-1.0548173189163208,6.0,1.3980967998504639,-0.1230287253856659,-20.29059056502415,0.0,0.0,1.3980967998504639,0.0,2.0,5.0,7.0,5.0,2.0,3.0,1.0,3.0,1.0,4.0,0.0
13184,0.0,0.0,1.3980967998504639,0.0,2.0,5.0,7.0,5.0,2.0,3.0,1.0,3.0,1.0,4.0,9.0,1.3541414737701416,0.6151900291442871,3.0,0.12013498693704605,-1.2708958387374878,-13.747191970852358,1.3541414737701416,0.6151900291442871,1.51823178678751,0.0,3.0,6.0,8.0,1.0,3.0,4.0,2.0,4.0,2.0,1.0,0.0
13185,1.3541414737701416,0.6151900291442871,1.51823178678751,0.0,3.0,6.0,8.0,1.0,3.0,4.0,2.0,4.0,2.0,1.0,0.0,-1.0088560581207275,1.3274105787277222,5.0,-0.7129700779914856,-1.0655592679977417,-16.27035750991312,0.34528541564941406,1.9426006078720093,0.8052617087960243,0.0,1.0,7.0,9.0,2.0,4.0,1.0,3.0,5.0,3.0,2.0,0.0
13186,0.34528541564941406,1.9426006078720093,0.8052617087960243,0.0,1.0,7.0,9.0,2.0,4.0,1.0,3.0,5.0,3.0,2.0,4.0,-0.25660470128059387,-0.5973020195960999,8.0,-0.058864694088697433,-0.4023835062980652,-16.638750728486066,0.08868071436882019,1.3452985882759094,0.7463970147073269,0.0,2.0,8.0,10.0,3.0,1.0,2.0,4.0,6.0,1.0,3.0,0.0
13187,0.08868071436882019,1.3452985882759094,0.7463970147073269,0.0,2.0,8.0,10.0,3.0,1.0,2.0,4.0,6.0,1.0,3.0,9.0,-1.1914618015289307,-1.1812704801559448,2.0,0.5396483540534973,-1.0841509103775024,-21.801709596470005,0.0,0.1640281081199646,1.2860453687608242,0.0,3.0,9.0,1.0,4.0,2.0,3.0,5.0,7.0,2.0,1.0,0.0
13188,0.0,0.1640281081199646,1.2860453687608242,0.0,3.0,9.0,1.0,4.0,2.0,3.0,5.0,7.0,2.0,1.0,3.0,-1.3510627746582031,0.7913059592247009,1.0,0.14740659296512604,-1.4361361265182495,-22.836927251837267,0.0,0.9553340673446655,1.4334519617259502,0.0,4.0,1.0,2.0,1.0,3.0,4.0,6.0,8.0,3.0,2.0,0.0
13189,0.0,0.9553340673446655,1.4334519617259502,0.0,4.0,1.0,2.0,1.0,3.0,4.0,6.0,8.0,3.0,2.0,9.0,-0.7432751059532166,0.37109509110450745,8.0,-1.34568452835083,-0.024033015593886375,-14.138536841556846,0.0,1.326429158449173,0.08776743337512016,0.0,5.0,2.0,3.0,2.0,4.0,5.0,7.0,9.0,1.0,1.0,0.0
13190,0.0,1.326429158449173,0.08776743337512016,0.0,5.0,2.0,3.0,2.0,4.0,5.0,7.0,9.0,1.0,1.0,0.0,-0.8512150645256042,-1.0783462524414062,3.0,0.9043487906455994,-0.26531901955604553,-14.031015709130159,0.0,0.24808290600776672,0.9921162240207195,0.0,1.0,3.0,4.0,1.0,5.0,6.0,8.0,10.0,2.0,2.0,0.0
13191,0.0,0.24808290600776672,0.9921162240207195,0.0,1.0,3.0,4.0,1.0,5.0,6.0,8.0,10.0,2.0,2.0,8.0,0.14834260940551758,-0.048869162797927856,5.0,-0.29897403717041016,0.3138061463832855,-16.26092444369582,0.14834260940551758,0.19921374320983887,0.6931421868503094,0.3138061463832855,2.0,4.0,5.0,2.0,6.0,1.0,9.0,11.0,1.0,3.0,0.0
13192,0.14834260940551758,0.19921374320983887,0.6931421868503094,0.3138061463832855,2.0,4.0,5.0,2.0,6.0,1.0,9.0,11.0,1.0,3.0,4.0,0.9127504825592041,0.9790412783622742,7.0,0.37996160984039307,0.8588711023330688,-10.484836443025525,1.0610930919647217,1.178255021572113,1.0731037966907024,1.1726772487163544,3.0,5.0,6.0,3.0,1.0,2.0,10.0,1.0,2.0,4.0,0.0
13193,1.0610930919647217,1.178255021572113,1.0731037966907024,1.1726772487163544,3.0,5.0,6.0,3.0,1.0,2.0,10.0,1.0,2.0,4.0,3.0,-0.9338496923446655,-0.48146963119506836,1.0,-0.763979434967041,-0.8206117153167725,-10.551084345561685,0.12724339962005615,0.6967853903770447,0.3091243617236614,0.3520655333995819,4.0,1.0,7.0,1.0,2.0,3.0,11.0,2.0,3.0,5.0,0.0
13194,0.12724339962005615,0.6967853903770447,0.3091243617236614,0.3520655333995819,4.0,1.0,7.0,1.0,2.0,3.0,11.0,2.0,3.0,5.0,8.0,-0.9953613877296448,-0.2816184163093567,6.0,-0.8305590748786926,0.34012842178344727,-22.734582782732048,0.0,0.415166974067688,0.0,0.6921939551830292,5.0,2.0,8.0,2.0,3.0,4.0,1.0,3.0,1.0,6.0,0.0
13195,0.0,0.415166974067688,0.0,0.6921939551830292,5.0,2.0,8.0,2.0,3.0,4.0,1.0,3.0,1.0,6.0,0.0,-0.901490330696106,0.7206591367721558,7.0,-1.2091598510742188,-1.4446322917938232,-19.542903660742905,0.0,1.1358261108398438,0.0,0.0,1.0,3.0,9.0,3.0,4.0,5.0,2.0,1.0,2.0,7.0,0.0
13196,0.0,1.1358261108398438,0.0,0.0,1.0,3.0,9.0,3.0,4.0,5.0,2.0,1.0,2.0,7.0,9.0,-0.4955241084098816,0.11864549666643143,8.0,-0.4939543902873993,-1.668670654296875,-21.453727964362884,0.0,1.2544716075062752,0.0,0.0,2.0,4.0,10.0,4.0,5.0,6.0,3.0,2.0,1.0,1.0,0.0
13197,0.0,1.2544716075062752,0.0,0.0,2.0,4.0,10.0,4.0,5.0,6.0,3.0,2.0,1.0,1.0,8.0,0.800160825252533,-0.35712411999702454,7.0,0.7204025387763977,-1.1100122928619385,-17.043486140611364,0.800160825252533,0.8973474875092506,0.7204025387763977,0.0,3.0,5.0,11.0,5.0,6.0,7.0,4.0,1.0,1.0,2.0,0.0
13198,0.800160825252533,0.8973474875092506,0.7204025387763977,0.0,3.0,5.0,11.0,5.0,6.0,7.0,4.0,1.0,1.0,2.0,4.0,-0.48763540387153625,1.157418966293335,5.0,-0.7131118774414062,-1.3013297319412231,-23.064822170957754,0.3125254213809967,2.0547664538025856,0.007290661334991455,0.0,4.0,6.0,12.0,6.0,1.0,1.0,5.0,2.0,2.0,3.0,0.0
13199,0.3125254213809967,2.0547664538025856,0.007290661334991455,0.0,4.0,6.0,12.0,6.0,1.0,1.0,5.0,2.0,2.0,3.0,8.0,-0.41257721185684204,0.021517697721719742,2.0,-0.17057034373283386,-1.309786081314087,-21.64654859263645,0.0,2.0762841515243053,0.0,0.0,5.0,7.0,1.0,7.0,2.0,2.0,6.0,3.0,1.0,4.0,1.0
