,0,1,2,3,4,5,6,7,8,9,10,11,12,13,14,15,16,17,18,19,20,21,22,23,24,25,26,27,28,29,30,31,32,33,34,35
10000,9.707420349121094,0.9175383448600769,2.7391810417175293,1.0510706901550293,1.0,1.0,1.0,1.0,1.0,1.0,1.0,1.0,1.0,1.0,2.0,-1.9754420518875122,1.9545257091522217,4.0,-1.6546850204467773,-1.664749264717102,-4.93143198334995,7.7319782972335815,2.8720640540122986,1.084496021270752,0.0,2.0,2.0,1.0,2.0,2.0,2.0,2.0,2.0,2.0,2.0,0.0
10001,7.7319782972335815,2.8720640540122986,1.084496021270752,0.0,2.0,2.0,1.0,2.0,2.0,2.0,2.0,2.0,2.0,2.0,8.0,-1.9630255699157715,1.69350004196167,0.0,-1.212076187133789,-1.821846604347229,-4.674716713079939,5.76895272731781,4.5655640959739685,0.0,0.0,1.0,3.0,2.0,3.0,3.0,3.0,3.0,3.0,1.0,3.0,0.0
10002,5.76895272731781,4.5655640959739685,0.0,0.0,1.0,3.0,2.0,3.0,3.0,3.0,3.0,3.0,1.0,3.0,8.0,-1.3454290628433228,-0.41005703806877136,0.0,1.0794005393981934,-1.7405966520309448,-5.316575826784236,4.423523664474487,4.155507057905197,1.0794005393981934,0.0,1.0,4.0,3.0,4.0,4.0,4.0,4.0,4.0,1.0,4.0,0.0
10003,4.423523664474487,4.155507057905197,1.0794005393981934,0.0,1.0,4.0,3.0,4.0,4.0,4.0,4.0,4.0,1.0,4.0,8.0,-1.523561954498291,-0.674742579460144,0.0,-0.8558005094528198,-0.8032978773117065,-7.046472454673372,2.8999617099761963,3.480764478445053,0.22360002994537354,0.0,1.0,5.0,4.0,5.0,5.0,5.0,5.0,5.0,1.0,5.0,0.0
10004,2.8999617099761963,3.480764478445053,0.22360002994537354,0.0,1.0,5.0,4.0,5.0,5.0,5.0,5.0,5.0,1.0,5.0,8.0,-0.6491989493370056,-1.231026291847229,4.0,0.8485081791877747,-0.8077110052108765,-9.901887404469537,2.2507627606391907,2.249738186597824,1.0721082091331482,0.0,2.0,6.0,5.0,6.0,6.0,6.0,6.0,6.0,1.0,6.0,0.0
10005,2.2507627606391907,2.249738186597824,1.0721082091331482,0.0,2.0,6.0,5.0,6.0,6.0,6.0,6.0,6.0,1.0,6.0,8.0,-1.5368276834487915,1.4394444227218628,0.0,-1.9440045356750488,-0.7536529302597046,-9.97968553861483,0.7139350771903992,3.689182609319687,0.0,0.0,1.0,7.0,6.0,7.0,7.0,7.0,7.0,7.0,1.0,7.0,0.0
10006,0.7139350771903992,3.689182609319687,0.0,0.0,1.0,7.0,6.0,7.0,7.0,7.0,7.0,7.0,1.0,7.0,8.0,-0.2574938237667084,-1.4898697137832642,3.0,-1.8818167448043823,-0.47047704458236694,-13.05638431732891,0.4564412534236908,2.1993128955364227,0.0,0.0,2.0,8.0,7.0,1.0,8.0,8.0,8.0,8.0,1.0,8.0,0.0
10007,0.4564412534236908,2.1993128955364227,0.0,0.0,2.0,8.0,7.0,1.0,8.0,8.0,8.0,8.0,1.0,8.0,5.0,1.9133270978927612,1.379115343093872,2.0,-0.2539370059967041,-0.3563441336154938,-12.393093982583,2.369768351316452,3.578428238630295,0.0,0.0,3.0,9.0,8.0,2.0,9.0,1.0,9.0,9.0,2.0,9.0,0.0
10008,2.369768351316452,3.578428238630295,0.0,0.0,3.0,9.0,8.0,2.0,9.0,1.0,9.0,9.0,2.0,9.0,8.0,1.6803942918777466,0.44938069581985474,0.0,-1.1111985445022583,0.31283220648765564,-8.924087198400748,4.050162643194199,4.0278089344501495,0.0,0.31283220648765564,1.0,10.0,9.0,3.0,10.0,2.0,10.0,10.0,1.0,10.0,0.0
10009,4.050162643194199,4.0278089344501495,0.0,0.31283220648765564,1.0,10.0,9.0,3.0,10.0,2.0,10.0,10.0,1.0,10.0,1.0,0.9732969999313354,-0.8407201170921326,3.0,0.9597445726394653,0.062330082058906555,-7.433714437920241,5.023459643125534,3.187088817358017,0.9597445726394653,0.3751622885465622,2.0,1.0,10.0,1.0,11.0,3.0,11.0,11.0,2.0,11.0,0.0
10010,5.023459643125534,3.187088817358017,0.9597445726394653,0.3751622885465622,2.0,1.0,10.0,1.0,11.0,3.0,11.0,11.0,2.0,11.0,8.0,0.8551185727119446,-0.9402872323989868,4.0,0.563905656337738,-1.4288030862808228,-12.079398203625253,5.878578215837479,2.24680158495903,1.5236502289772034,0.0,3.0,2.0,11.0,2.0,1.0,4.0,12.0,12.0,1.0,12.0,0.0
10011,5.878578215837479,2.24680158495903,1.5236502289772034,0.0,3.0,2.0,11.0,2.0,1.0,4.0,12.0,12.0,1.0,12.0,9.0,0.8856027722358704,-0.418525367975235,1.0,-0.8197486400604248,1.6732364892959595,-8.98620729902346,6.764180988073349,1.8282762169837952,0.7039015889167786,1.6732364892959595,4.0,1.0,12.0,3.0,2.0,5.0,13.0,13.0,2.0,1.0,0.0
10012,6.764180988073349,1.8282762169837952,0.7039015889167786,1.6732364892959595,4.0,1.0,12.0,3.0,2.0,5.0,13.0,13.0,2.0,1.0,8.0,-0.37989988923072815,0.4484664499759674,0.0,-1.9602537155151367,-0.44537052512168884,-11.664918096445803,6.384281098842621,2.2767426669597626,0.0,1.2278659641742706,1.0,2.0,13.0,4.0,3.0,6.0,14.0,14.0,1.0,2.0,0.0
10013,6.384281098842621,2.2767426669597626,0.0,1.2278659641742706,1.0,2.0,13.0,4.0,3.0,6.0,14.0,14.0,1.0,2.0,5.0,0.32937365770339966,-0.690926730632782,0.0,-0.2966044843196869,1.4203866720199585,-8.856390733164668,6.7136547565460205,1.5858159363269806,0.0,2.648252636194229,1.0,3.0,14.0,5.0,4.0,1.0,15.0,15.0,2.0,3.0,0.0
10014,6.7136547565460205,1.5858159363269806,0.0,2.648252636194229,1.0,3.0,14.0,5.0,4.0,1.0,15.0,15.0,2.0,3.0,0.0,-0.5484002828598022,1.9706182479858398,0.0,-1.8214807510375977,0.3932727873325348,-9.563402402828148,6.165254473686218,3.5564341843128204,0.0,3.041525423526764,1.0,4.0,15.0,6.0,5.0,2.0,16.0,16.0,3.0,4.0,0.0
10015,6.165254473686218,3.5564341843128204,0.0,3.041525423526764,1.0,4.0,15.0,6.0,5.0,2.0,16.0,16.0,3.0,4.0,0.0,-0.5189656019210815,1.9163087606430054,0.0,-0.6070242524147034,1.4465309381484985,-11.786757351426264,5.646288871765137,5.472742944955826,0.0,4.4880563616752625,1.0,5.0,16.0,7.0,6.0,3.0,17.0,17.0,4.0,5.0,0.0
10016,5.646288871765137,5.472742944955826,0.0,4.4880563616752625,1.0,5.0,16.0,7.0,6.0,3.0,17.0,17.0,4.0,5.0,0.0,0.9590602517127991,1.5848748683929443,2.0,-0.3953638970851898,-0.47851088643074036,-15.957276999519276,6.605349123477936,7.05761781334877,0.0,4.009545475244522,1.0,6.0,1.0,8.0,7.0,4.0,18.0,18.0,5.0,6.0,0.0
10017,6.605349123477936,7.05761781334877,0.0,4.009545475244522,1.0,6.0,1.0,8.0,7.0,4.0,18.0,18.0,5.0,6.0,8.0,1.0063737630844116,-1.8774462938308716,3.0,-1.7489913702011108,-1.5692431926727295,-10.911052690166994,7.611722886562347,5.180171519517899,0.0,2.4403022825717926,2.0,7.0,2.0,1.0,8.0,5.0,19.0,19.0,1.0,7.0,0.0
10018,7.611722886562347,5.180171519517899,0.0,2.4403022825717926,2.0,7.0,2.0,1.0,8.0,5.0,19.0,19.0,1.0,7.0,1.0,-1.0705441236495972,-1.2301687002182007,0.0,0.8230021595954895,-1.273169994354248,-7.913518891054799,6.54117876291275,3.950002819299698,0.8230021595954895,1.1671322882175446,1.0,1.0,3.0,2.0,9.0,6.0,20.0,20.0,2.0,8.0,0.0
10019,6.54117876291275,3.950002819299698,0.8230021595954895,1.1671322882175446,1.0,1.0,3.0,2.0,9.0,6.0,20.0,20.0,2.0,8.0,10.0,-1.3105504512786865,-1.862234115600586,3.0,0.5871918201446533,0.5478657484054565,-8.2,5.230628311634064,2.087768703699112,1.4101939797401428,1.714998036623001,2.0,2.0,4.0,1.0,10.0,7.0,21.0,21.0,3.0,9.0,0.0
10020,5.230628311634064,2.087768703699112,1.4101939797401428,1.714998036623001,2.0,2.0,4.0,1.0,10.0,7.0,21.0,21.0,3.0,9.0,5.0,1.7729805707931519,-1.5943626165390015,0.0,1.0546703338623047,-1.8351380825042725,-11.950029136159422,7.003608882427216,0.4934060871601105,2.4648643136024475,0.0,1.0,3.0,5.0,2.0,11.0,1.0,22.0,22.0,4.0,10.0,0.0
10021,7.003608882427216,0.4934060871601105,2.4648643136024475,0.0,1.0,3.0,5.0,2.0,11.0,1.0,22.0,22.0,4.0,10.0,10.0,-1.2656522989273071,-1.5052173137664795,1.0,-0.5044152140617371,0.12586186826229095,-19.21811226606369,5.7379565834999084,0.0,1.9604490995407104,0.12586186826229095,2.0,1.0,6.0,3.0,12.0,2.0,23.0,23.0,5.0,11.0,0.0
10022,5.7379565834999084,0.0,1.9604490995407104,0.12586186826229095,2.0,1.0,6.0,3.0,12.0,2.0,23.0,23.0,5.0,11.0,4.0,-0.6306756138801575,0.2215135395526886,2.0,-0.08593785017728806,0.38943666219711304,-13.181650767708422,5.107280969619751,0.2215135395526886,1.8745112493634224,0.515298530459404,3.0,2.0,1.0,4.0,1.0,3.0,24.0,24.0,6.0,12.0,0.0
10023,5.107280969619751,0.2215135395526886,1.8745112493634224,0.515298530459404,3.0,2.0,1.0,4.0,1.0,3.0,24.0,24.0,6.0,12.0,5.0,-0.9541556239128113,-0.5512838363647461,8.0,-1.410451054573059,-1.4224411249160767,-18.956477453441565,4.15312534570694,0.0,0.4640601947903633,0.0,4.0,3.0,2.0,5.0,2.0,1.0,25.0,25.0,7.0,13.0,0.0
10024,4.15312534570694,0.0,0.4640601947903633,0.0,4.0,3.0,2.0,5.0,2.0,1.0,25.0,25.0,7.0,13.0,5.0,0.7105772495269775,-0.10311750322580338,1.0,0.01907445676624775,-1.6415446996688843,-16.71068714872386,4.863702595233917,0.0,0.48313465155661106,0.0,5.0,1.0,3.0,6.0,3.0,1.0,26.0,26.0,8.0,14.0,0.0
10025,4.863702595233917,0.0,0.48313465155661106,0.0,5.0,1.0,3.0,6.0,3.0,1.0,26.0,26.0,8.0,14.0,5.0,1.2548364400863647,-0.44606924057006836,2.0,0.5215109586715698,-0.5251718759536743,-19.569752636276135,6.118539035320282,0.0,1.0046456102281809,0.0,6.0,2.0,4.0,7.0,4.0,1.0,27.0,27.0,9.0,15.0,0.0
10026,6.118539035320282,0.0,1.0046456102281809,0.0,6.0,2.0,4.0,7.0,4.0,1.0,27.0,27.0,9.0,15.0,5.0,-1.5400372743606567,1.59927499294281,8.0,-0.05207791551947594,-0.9536795616149902,-15.431177246925238,4.578501760959625,1.59927499294281,0.952567694708705,0.0,7.0,3.0,5.0,8.0,5.0,1.0,28.0,28.0,10.0,16.0,0.0
10027,4.578501760959625,1.59927499294281,0.952567694708705,0.0,7.0,3.0,5.0,8.0,5.0,1.0,28.0,28.0,10.0,16.0,10.0,1.1773923635482788,1.63883376121521,2.0,0.0271604061126709,0.33179983496665955,-12.1,5.755894124507904,3.23810875415802,0.9797281008213758,0.33179983496665955,8.0,4.0,6.0,9.0,6.0,2.0,29.0,29.0,11.0,17.0,0.0
10028,5.755894124507904,3.23810875415802,0.9797281008213758,0.33179983496665955,8.0,4.0,6.0,9.0,6.0,2.0,29.0,29.0,11.0,17.0,10.0,0.8626679182052612,0.8062171339988708,0.0,-1.551734447479248,-1.602717638015747,-13.1,6.618562042713165,4.044325888156891,0.0,0.0,1.0,5.0,7.0,10.0,7.0,3.0,30.0,30.0,12.0,18.0,0.0
10029,6.618562042713165,4.044325888156891,0.0,0.0,1.0,5.0,7.0,10.0,7.0,3.0,30.0,30.0,12.0,18.0,1.0,0.954936146736145,-1.1297599077224731,4.0,-1.2603366374969482,1.3443858623504639,-13.032618594442456,7.57349818944931,2.9145659804344177,0.0,1.3443858623504639,2.0,1.0,8.0,11.0,8.0,4.0,31.0,31.0,13.0,19.0,0.0
10030,7.57349818944931,2.9145659804344177,0.0,1.3443858623504639,2.0,1.0,8.0,11.0,8.0,4.0,31.0,31.0,13.0,19.0,0.0,-1.5910392999649048,1.8572572469711304,0.0,-0.32300740480422974,-1.4513510465621948,-16.792982680122527,5.9824588894844055,4.771823227405548,0.0,0.0,1.0,2.0,9.0,12.0,9.0,5.0,32.0,32.0,14.0,20.0,0.0
10031,5.9824588894844055,4.771823227405548,0.0,0.0,1.0,2.0,9.0,12.0,9.0,5.0,32.0,32.0,14.0,20.0,0.0,-0.12926118075847626,0.6894250512123108,0.0,0.2387818694114685,1.7471935749053955,-18.348994888939433,5.853197708725929,5.461248278617859,0.2387818694114685,1.7471935749053955,1.0,3.0,10.0,13.0,10.0,6.0,33.0,33.0,15.0,21.0,0.0
10032,5.853197708725929,5.461248278617859,0.2387818694114685,1.7471935749053955,1.0,3.0,10.0,13.0,10.0,6.0,33.0,33.0,15.0,21.0,1.0,-0.6464345455169678,0.5716685652732849,1.0,-0.003055510576814413,0.7948580384254456,-17.788065965694482,5.2067631632089615,6.032916843891144,0.2357263588346541,2.542051613330841,2.0,1.0,11.0,14.0,11.0,7.0,34.0,34.0,16.0,22.0,0.0
10033,5.2067631632089615,6.032916843891144,0.2357263588346541,2.542051613330841,2.0,1.0,11.0,14.0,11.0,7.0,34.0,34.0,16.0,22.0,0.0,1.4258651733398438,1.5224518775939941,10.0,0.5376618504524231,-0.3809360861778259,-23.883839242618873,6.632628336548805,7.555368721485138,0.7733882092870772,2.161115527153015,1.0,2.0,12.0,15.0,12.0,8.0,35.0,35.0,17.0,23.0,0.0
10034,6.632628336548805,7.555368721485138,0.7733882092870772,2.161115527153015,1.0,2.0,12.0,15.0,12.0,8.0,35.0,35.0,17.0,23.0,8.0,-0.6582749485969543,1.8931235074996948,3.0,-1.247191071510315,-1.0306490659713745,-16.647677456374343,5.974353387951851,9.448492228984833,0.0,1.1304664611816406,2.0,3.0,13.0,1.0,13.0,9.0,36.0,36.0,1.0,24.0,0.0
10035,5.974353387951851,9.448492228984833,0.0,1.1304664611816406,2.0,3.0,13.0,1.0,13.0,9.0,36.0,36.0,1.0,24.0,0.0,-1.6205161809921265,-1.3888241052627563,1.0,1.7727174758911133,-0.28114554286003113,-21.70862876683022,4.353837206959724,8.059668123722076,1.7727174758911133,0.8493209183216095,1.0,1.0,14.0,2.0,14.0,10.0,37.0,37.0,2.0,25.0,0.0
10036,4.353837206959724,8.059668123722076,1.7727174758911133,0.8493209183216095,1.0,1.0,14.0,2.0,14.0,10.0,37.0,37.0,2.0,25.0,8.0,-1.8981767892837524,-0.29361286759376526,0.0,1.8190394639968872,-1.1096633672714233,-15.63564437245117,2.455660417675972,7.766055256128311,3.5917569398880005,0.0,1.0,2.0,15.0,3.0,15.0,11.0,38.0,38.0,1.0,26.0,0.0
10037,2.455660417675972,7.766055256128311,3.5917569398880005,0.0,1.0,2.0,15.0,3.0,15.0,11.0,38.0,38.0,1.0,26.0,10.0,1.5740615129470825,0.6539711356163025,2.0,0.6051546335220337,-1.0315876007080078,-16.0,4.0297219306230545,8.420026391744614,4.196911573410034,0.0,2.0,3.0,1.0,4.0,16.0,12.0,39.0,39.0,2.0,27.0,0.0
10038,4.0297219306230545,8.420026391744614,4.196911573410034,0.0,2.0,3.0,1.0,4.0,16.0,12.0,39.0,39.0,2.0,27.0,4.0,0.7408761382102966,0.5993511080741882,1.0,0.39845210313796997,0.5039713978767395,-17.71377971012541,4.770598068833351,9.019377499818802,4.595363676548004,0.5039713978767395,3.0,1.0,2.0,5.0,1.0,13.0,40.0,40.0,3.0,28.0,0.0
10039,4.770598068833351,9.019377499818802,4.595363676548004,0.5039713978767395,3.0,1.0,2.0,5.0,1.0,13.0,40.0,40.0,3.0,28.0,10.0,-1.447899341583252,1.1242871284484863,1.0,-1.2840099334716797,-0.5802351832389832,-16.036646282672884,3.322698727250099,10.0,3.3113537430763245,0.0,4.0,1.0,3.0,6.0,2.0,14.0,41.0,41.0,4.0,29.0,0.0
10040,3.322698727250099,10.0,3.3113537430763245,0.0,4.0,1.0,3.0,6.0,2.0,14.0,41.0,41.0,4.0,29.0,10.0,-0.3243792951107025,1.88978111743927,1.0,0.3795647919178009,-1.8272488117218018,-34.3978111743927,2.9983194321393967,10.0,3.6909185349941254,0.0,5.0,1.0,4.0,7.0,3.0,15.0,42.0,42.0,5.0,30.0,0.0
10041,2.9983194321393967,10.0,3.6909185349941254,0.0,5.0,1.0,4.0,7.0,3.0,15.0,42.0,42.0,5.0,30.0,8.0,1.2401437759399414,1.856247901916504,1.0,0.27831658720970154,-1.2818849086761475,-35.5950430479142,4.238463208079338,10.0,3.969235122203827,0.0,6.0,1.0,5.0,8.0,4.0,16.0,43.0,43.0,1.0,31.0,0.0
10042,4.238463208079338,10.0,3.969235122203827,0.0,6.0,1.0,5.0,8.0,4.0,16.0,43.0,43.0,1.0,31.0,5.0,-0.4830065965652466,0.12533454596996307,2.0,-1.490885615348816,-1.2694891691207886,-23.97250271430956,3.7554566115140915,10.0,2.478349506855011,0.0,7.0,2.0,6.0,9.0,5.0,1.0,44.0,44.0,2.0,32.0,0.0
10043,3.7554566115140915,10.0,2.478349506855011,0.0,7.0,2.0,6.0,9.0,5.0,1.0,44.0,44.0,2.0,32.0,10.0,-1.7755714654922485,1.5665323734283447,2.0,0.16871942579746246,-0.42932742834091187,-31.865323734283447,1.979885146021843,10.0,2.6470689326524734,0.0,8.0,3.0,7.0,10.0,6.0,2.0,45.0,45.0,3.0,33.0,0.0
10044,1.979885146021843,10.0,2.6470689326524734,0.0,8.0,3.0,7.0,10.0,6.0,2.0,45.0,45.0,3.0,33.0,1.0,-1.5767614841461182,1.508152961730957,1.0,0.447223961353302,-0.3082258105278015,-47.900690117487684,0.4031236618757248,10.0,3.0942928940057755,0.0,9.0,1.0,8.0,11.0,7.0,3.0,46.0,46.0,4.0,34.0,0.0
10045,0.4031236618757248,10.0,3.0942928940057755,0.0,9.0,1.0,8.0,11.0,7.0,3.0,46.0,46.0,4.0,34.0,1.0,-1.8668532371520996,0.8603979349136353,1.0,-1.0023871660232544,0.1119644045829773,-51.34752756477894,0.0,10.0,2.091905727982521,0.1119644045829773,10.0,1.0,9.0,12.0,8.0,4.0,47.0,47.0,5.0,35.0,0.0
10046,0.0,10.0,2.091905727982521,0.1119644045829773,10.0,1.0,9.0,12.0,8.0,4.0,47.0,47.0,5.0,35.0,10.0,-1.8097600936889648,1.910856008529663,1.0,1.2190847396850586,-1.9278956651687622,-45.11843893935013,0.0,10.0,3.3109904676675797,0.0,11.0,1.0,10.0,13.0,9.0,5.0,48.0,48.0,6.0,36.0,0.0
10047,0.0,10.0,3.3109904676675797,0.0,11.0,1.0,10.0,13.0,9.0,5.0,48.0,48.0,6.0,36.0,10.0,-1.194025993347168,0.8689865469932556,1.0,0.6944001317024231,-0.5515570044517517,-34.46765279807171,0.0,10.0,4.005390599370003,0.0,12.0,1.0,11.0,14.0,10.0,6.0,49.0,49.0,7.0,37.0,0.0
10048,0.0,10.0,4.005390599370003,0.0,12.0,1.0,11.0,14.0,10.0,6.0,49.0,49.0,7.0,37.0,10.0,-1.5188790559768677,1.7642431259155273,1.0,0.6589552760124207,-1.7609624862670898,-43.879921378787714,0.0,10.0,4.664345875382423,0.0,13.0,1.0,12.0,15.0,11.0,7.0,50.0,50.0,8.0,38.0,0.0
10049,0.0,10.0,4.664345875382423,0.0,13.0,1.0,12.0,15.0,11.0,7.0,50.0,50.0,8.0,38.0,10.0,-0.45072606205940247,1.892035961151123,1.0,-0.9444205164909363,-1.8331828117370605,-40.949817637470616,0.0,10.0,3.719925358891487,0.0,14.0,1.0,13.0,16.0,12.0,8.0,51.0,51.0,9.0,39.0,0.0
10050,0.0,10.0,3.719925358891487,0.0,14.0,1.0,13.0,16.0,12.0,8.0,51.0,51.0,9.0,39.0,8.0,1.5487605333328247,0.46560075879096985,1.0,0.6134775876998901,0.04331960156559944,-28.211086700966447,1.5487605333328247,10.0,4.333402946591377,0.04331960156559944,15.0,1.0,14.0,17.0,13.0,9.0,52.0,52.0,1.0,40.0,0.0
10051,1.5487605333328247,10.0,4.333402946591377,0.04331960156559944,15.0,1.0,14.0,17.0,13.0,9.0,52.0,52.0,1.0,40.0,10.0,-1.4631850719451904,0.24897828698158264,0.0,-0.4336644411087036,0.132449209690094,-24.889782869815825,0.08557546138763428,10.0,3.8997385054826736,0.17576881125569344,1.0,2.0,15.0,18.0,14.0,10.0,53.0,53.0,2.0,41.0,0.0
10052,0.08557546138763428,10.0,3.8997385054826736,0.17576881125569344,1.0,2.0,15.0,18.0,14.0,10.0,53.0,53.0,2.0,41.0,10.0,-0.15263834595680237,0.08404643088579178,1.0,1.4157023429870605,-1.0640093088150024,-22.975231743922105,0.0,10.0,5.315440848469734,0.0,2.0,1.0,16.0,19.0,15.0,11.0,54.0,54.0,3.0,42.0,0.0
10053,0.0,10.0,5.315440848469734,0.0,2.0,1.0,16.0,19.0,15.0,11.0,54.0,54.0,3.0,42.0,10.0,-1.545975923538208,1.9503026008605957,1.0,0.10591074079275131,0.5612490177154541,-47.58718905598505,0.0,10.0,5.4213515892624855,0.5612490177154541,3.0,1.0,17.0,20.0,16.0,12.0,55.0,55.0,4.0,43.0,0.0
10054,0.0,10.0,5.4213515892624855,0.5612490177154541,3.0,1.0,17.0,20.0,16.0,12.0,55.0,55.0,4.0,43.0,1.0,-1.8023797273635864,1.2855054140090942,1.0,0.0347278006374836,0.8981608748435974,-62.20717101654482,0.0,10.0,5.456079389899969,1.4594098925590515,4.0,1.0,18.0,21.0,17.0,13.0,56.0,56.0,5.0,44.0,0.0
10055,0.0,10.0,5.456079389899969,1.4594098925590515,4.0,1.0,18.0,21.0,17.0,13.0,56.0,56.0,5.0,44.0,10.0,-1.0108458995819092,1.5653258562088013,1.0,1.1800295114517212,0.2669261395931244,-43.133449677441305,0.0,10.0,6.63610890135169,1.726336032152176,5.0,1.0,19.0,22.0,18.0,14.0,57.0,57.0,6.0,45.0,0.0
10056,0.0,10.0,6.63610890135169,1.726336032152176,5.0,1.0,19.0,22.0,18.0,14.0,57.0,57.0,6.0,45.0,10.0,1.606589913368225,1.471536636352539,1.0,-0.8177509307861328,-1.279736042022705,-40.11536636352539,1.606589913368225,10.0,5.8183579705655575,0.4465999901294708,6.0,1.0,20.0,23.0,19.0,15.0,58.0,58.0,7.0,46.0,0.0
10057,1.606589913368225,10.0,5.8183579705655575,0.4465999901294708,6.0,1.0,20.0,23.0,19.0,15.0,58.0,58.0,7.0,46.0,1.0,1.4122912883758545,1.5694019794464111,1.0,-1.299401044845581,0.4896007478237152,-53.324412361767244,3.0188812017440796,10.0,4.518956925719976,0.936200737953186,7.0,1.0,21.0,24.0,20.0,16.0,59.0,59.0,8.0,47.0,0.0
10058,3.0188812017440796,10.0,4.518956925719976,0.936200737953186,7.0,1.0,21.0,24.0,20.0,16.0,59.0,59.0,8.0,47.0,0.0,1.4369497299194336,1.5518333911895752,1.0,-0.20412451028823853,-0.7362067699432373,-54.400597685641934,4.455830931663513,10.0,4.314832415431738,0.19999396800994873,8.0,1.0,22.0,25.0,21.0,17.0,60.0,60.0,9.0,48.0,0.0
10059,4.455830931663513,10.0,4.314832415431738,0.19999396800994873,8.0,1.0,22.0,25.0,21.0,17.0,60.0,60.0,9.0,48.0,10.0,-1.6736841201782227,0.637599766254425,1.0,-0.06322725862264633,0.6928011775016785,-34.47599766254425,2.7821468114852905,10.0,4.251605156809092,0.8927951455116272,9.0,1.0,23.0,26.0,22.0,18.0,61.0,61.0,10.0,49.0,0.0
10060,2.7821468114852905,10.0,4.251605156809092,0.8927951455116272,9.0,1.0,23.0,26.0,22.0,18.0,61.0,61.0,10.0,49.0,8.0,0.538526177406311,0.8408576846122742,1.0,-0.16882459819316864,-0.3508441150188446,-37.60385705026607,3.3206729888916016,10.0,4.082780558615923,0.5419510304927826,10.0,1.0,24.0,27.0,23.0,19.0,62.0,62.0,1.0,50.0,0.0
10061,3.3206729888916016,10.0,4.082780558615923,0.5419510304927826,10.0,1.0,24.0,27.0,23.0,19.0,62.0,62.0,1.0,50.0,10.0,1.6153557300567627,0.6511289477348328,1.0,-0.6271799206733704,1.537412166595459,-35.411289477348326,4.936028718948364,10.0,3.4556006379425526,2.0793631970882416,11.0,1.0,25.0,28.0,24.0,20.0,63.0,63.0,2.0,51.0,0.0
10062,4.936028718948364,10.0,3.4556006379425526,2.0793631970882416,11.0,1.0,25.0,28.0,24.0,20.0,63.0,63.0,2.0,51.0,10.0,0.7862342596054077,1.1821880340576172,1.0,-0.10645178705453873,1.479960560798645,-41.62188034057617,5.722262978553772,10.0,3.349148850888014,3.5593237578868866,12.0,1.0,26.0,29.0,25.0,21.0,64.0,64.0,3.0,52.0,0.0
10063,5.722262978553772,10.0,3.349148850888014,3.5593237578868866,12.0,1.0,26.0,29.0,25.0,21.0,64.0,64.0,3.0,52.0,8.0,1.7193388938903809,0.9216598868370056,1.0,1.4286789894104004,1.8480713367462158,-42.576265502873774,7.441601872444153,10.0,4.777827840298414,5.407395094633102,13.0,1.0,27.0,30.0,26.0,22.0,65.0,65.0,1.0,53.0,0.0
10064,7.441601872444153,10.0,4.777827840298414,5.407395094633102,13.0,1.0,27.0,30.0,26.0,22.0,65.0,65.0,1.0,53.0,10.0,-0.4335923492908478,1.9198791980743408,1.0,-0.15145504474639893,1.7180097103118896,-50.498791980743405,7.008009523153305,10.0,4.626372795552015,7.125404804944992,14.0,1.0,28.0,31.0,27.0,23.0,66.0,66.0,2.0,54.0,0.0
10065,7.008009523153305,10.0,4.626372795552015,7.125404804944992,14.0,1.0,28.0,31.0,27.0,23.0,66.0,66.0,2.0,54.0,0.0,0.2136189490556717,1.8894281387329102,1.0,-0.0070823729038238525,-0.3835699260234833,-65.21046416572077,7.221628472208977,10.0,4.6192904226481915,6.741834878921509,15.0,1.0,29.0,32.0,28.0,24.0,67.0,67.0,3.0,55.0,0.0
10066,7.221628472208977,10.0,4.6192904226481915,6.741834878921509,15.0,1.0,29.0,32.0,28.0,24.0,67.0,67.0,3.0,55.0,1.0,-0.6265771389007568,1.3476482629776,1.0,-0.7828952074050903,-0.8175296187400818,-55.3756500602876,6.59505133330822,10.0,3.836395215243101,5.924305260181427,16.0,1.0,30.0,33.0,29.0,25.0,68.0,68.0,4.0,56.0,0.0
10067,6.59505133330822,10.0,3.836395215243101,5.924305260181427,16.0,1.0,30.0,33.0,29.0,25.0,68.0,68.0,4.0,56.0,8.0,-0.22964748740196228,1.7079166173934937,1.0,0.013375142589211464,1.4435776472091675,-52.670162153840295,6.365403845906258,10.0,3.8497703578323126,7.3678829073905945,17.0,1.0,31.0,34.0,30.0,26.0,69.0,69.0,1.0,57.0,0.0
10068,6.365403845906258,10.0,3.8497703578323126,7.3678829073905945,17.0,1.0,31.0,34.0,30.0,26.0,69.0,69.0,1.0,57.0,8.0,0.4225369095802307,1.7960846424102783,1.0,-0.5037694573402405,-1.0775489807128906,-54.68935154079868,6.787940755486488,10.0,3.346000900492072,6.290333926677704,18.0,1.0,32.0,35.0,31.0,27.0,70.0,70.0,1.0,58.0,0.0
10069,6.787940755486488,10.0,3.346000900492072,6.290333926677704,18.0,1.0,32.0,35.0,31.0,27.0,70.0,70.0,1.0,58.0,0.0,-0.7927494645118713,1.9379445314407349,1.0,-1.7871075868606567,-1.5877946615219116,-67.42372679918452,5.995191290974617,10.0,1.5588933136314154,4.702539265155792,19.0,1.0,33.0,36.0,32.0,28.0,71.0,71.0,2.0,59.0,0.0
10070,5.995191290974617,10.0,1.5588933136314154,4.702539265155792,19.0,1.0,33.0,36.0,32.0,28.0,71.0,71.0,2.0,59.0,8.0,0.5312162041664124,1.9218348264694214,1.0,0.15532587468624115,1.2298730611801147,-57.33142216357745,6.526407495141029,10.0,1.7142191883176565,5.932412326335907,20.0,1.0,34.0,37.0,33.0,29.0,72.0,72.0,1.0,60.0,0.0
10071,6.526407495141029,10.0,1.7142191883176565,5.932412326335907,20.0,1.0,34.0,37.0,33.0,29.0,72.0,72.0,1.0,60.0,0.0,-0.9286502003669739,1.9423280954360962,1.0,-1.6654393672943115,-0.40758657455444336,-68.72302411355649,5.5977572947740555,10.0,0.048779821023344994,5.524825751781464,21.0,1.0,35.0,38.0,34.0,30.0,73.0,73.0,2.0,61.0,0.0
10072,5.5977572947740555,10.0,0.048779821023344994,5.524825751781464,21.0,1.0,35.0,38.0,34.0,30.0,73.0,73.0,2.0,61.0,8.0,1.4165962934494019,1.8522199392318726,1.0,-0.565922200679779,-0.5132996439933777,-58.65433016331825,7.014353588223457,10.0,0.0,5.011526107788086,22.0,1.0,36.0,39.0,35.0,31.0,74.0,74.0,1.0,62.0,0.0
10073,7.014353588223457,10.0,0.0,5.011526107788086,22.0,1.0,36.0,39.0,35.0,31.0,74.0,74.0,1.0,62.0,8.0,-0.6683991551399231,1.6175639629364014,2.0,0.1716691553592682,-1.2564886808395386,-56.55243247069018,6.345954433083534,10.0,0.1716691553592682,3.7550374269485474,23.0,2.0,1.0,40.0,36.0,32.0,75.0,75.0,1.0,63.0,0.0
10074,6.345954433083534,10.0,0.1716691553592682,3.7550374269485474,23.0,2.0,1.0,40.0,36.0,32.0,75.0,75.0,1.0,63.0,10.0,-0.05911579728126526,-0.27552974224090576,1.0,-0.8098538517951965,0.46332278847694397,-35.8,6.286838635802269,9.724470257759094,0.0,4.218360215425491,24.0,1.0,2.0,41.0,37.0,33.0,76.0,76.0,2.0,64.0,0.0
10075,6.286838635802269,9.724470257759094,0.0,4.218360215425491,24.0,1.0,2.0,41.0,37.0,33.0,76.0,76.0,2.0,64.0,1.0,0.8685796856880188,1.5629671812057495,1.0,1.9808670282363892,-0.49847710132598877,-58.25186839211994,7.155418321490288,10.0,1.9808670282363892,3.7198831140995026,25.0,1.0,3.0,42.0,38.0,34.0,77.0,77.0,3.0,65.0,0.0
10076,7.155418321490288,10.0,1.9808670282363892,3.7198831140995026,25.0,1.0,3.0,42.0,38.0,34.0,77.0,77.0,3.0,65.0,10.0,1.2794545888900757,1.6026114225387573,1.0,-1.8528196811676025,-0.9368012547492981,-53.52611422538757,8.434872910380363,10.0,0.12804734706878662,2.7830818593502045,26.0,1.0,4.0,43.0,39.0,35.0,78.0,78.0,4.0,66.0,0.0
10077,8.434872910380363,10.0,0.12804734706878662,2.7830818593502045,26.0,1.0,4.0,43.0,39.0,35.0,78.0,78.0,4.0,66.0,10.0,-0.08967278152704239,1.4593522548675537,1.0,-1.8576664924621582,-1.5668096542358398,-52.993522548675536,8.345200128853321,10.0,0.0,1.2162722051143646,27.0,1.0,5.0,44.0,40.0,36.0,79.0,79.0,5.0,67.0,0.0
10078,8.345200128853321,10.0,0.0,1.2162722051143646,27.0,1.0,5.0,44.0,40.0,36.0,79.0,79.0,5.0,67.0,8.0,-1.3795976638793945,1.5650535821914673,1.0,-1.510162591934204,-1.1529439687728882,-56.93747950885488,6.9656024649739265,10.0,0.0,0.06332823634147644,28.0,1.0,6.0,45.0,41.0,37.0,80.0,80.0,1.0,68.0,0.0
10079,6.9656024649739265,10.0,0.0,0.06332823634147644,28.0,1.0,6.0,45.0,41.0,37.0,80.0,80.0,1.0,68.0,8.0,-1.537688136100769,1.5681936740875244,1.0,-1.7047427892684937,0.34732723236083984,-56.72172233711844,5.4279143288731575,10.0,0.0,0.4106554687023163,29.0,1.0,7.0,46.0,42.0,38.0,81.0,81.0,1.0,69.0,0.0
10080,5.4279143288731575,10.0,0.0,0.4106554687023163,29.0,1.0,7.0,46.0,42.0,38.0,81.0,81.0,1.0,69.0,8.0,1.6825546026229858,1.0938379764556885,1.0,-0.9986443519592285,-1.8277411460876465,-53.96175739549631,7.110468931496143,10.0,0.0,0.0,30.0,1.0,8.0,47.0,43.0,39.0,82.0,82.0,1.0,70.0,0.0
10081,7.110468931496143,10.0,0.0,0.0,30.0,1.0,8.0,47.0,43.0,39.0,82.0,82.0,1.0,70.0,8.0,1.818359375,1.7429860830307007,1.0,-1.358558177947998,-1.2216267585754395,-63.51907984391924,8.928828306496143,10.0,0.0,0.0,31.0,1.0,9.0,48.0,44.0,40.0,83.0,83.0,1.0,71.0,0.0
10082,8.928828306496143,10.0,0.0,0.0,31.0,1.0,9.0,48.0,44.0,40.0,83.0,83.0,1.0,71.0,8.0,1.590302586555481,1.584486484527588,3.0,-1.7938610315322876,-0.3912247121334076,-65.37736479635166,10.0,10.0,0.0,0.0,32.0,2.0,10.0,1.0,45.0,41.0,84.0,84.0,1.0,72.0,0.0
10083,10.0,10.0,0.0,0.0,32.0,2.0,10.0,1.0,45.0,41.0,84.0,84.0,1.0,72.0,5.0,-0.5725175738334656,-0.12781284749507904,1.0,1.930976390838623,0.27751731872558594,-38.067756851481676,9.427482426166534,9.872187152504921,1.930976390838623,0.27751731872558594,33.0,1.0,11.0,2.0,46.0,1.0,85.0,85.0,2.0,73.0,0.0
10084,9.427482426166534,9.872187152504921,1.930976390838623,0.27751731872558594,33.0,1.0,11.0,2.0,46.0,1.0,85.0,85.0,2.0,73.0,10.0,-1.1664172410964966,1.9534248113632202,1.0,1.9885928630828857,0.7199640870094299,-53.15611963868141,8.261065185070038,10.0,3.919569253921509,0.9974814057350159,34.0,1.0,12.0,3.0,47.0,2.0,86.0,86.0,3.0,74.0,0.0
10085,8.261065185070038,10.0,3.919569253921509,0.9974814057350159,34.0,1.0,12.0,3.0,47.0,2.0,86.0,86.0,3.0,74.0,4.0,-1.9815528392791748,1.5785797834396362,1.0,1.9888207912445068,0.6121776103973389,-51.146684302078285,6.279512345790863,10.0,5.908390045166016,1.6096590161323547,35.0,1.0,13.0,4.0,1.0,3.0,87.0,87.0,4.0,75.0,0.0
10086,6.279512345790863,10.0,5.908390045166016,1.6096590161323547,35.0,1.0,13.0,4.0,1.0,3.0,87.0,87.0,4.0,75.0,10.0,-1.807969570159912,1.486965298652649,1.0,-0.5994811654090881,-1.1970374584197998,-46.86965298652649,4.471542775630951,10.0,5.3089088797569275,0.41262155771255493,36.0,1.0,14.0,5.0,2.0,4.0,88.0,88.0,5.0,76.0,0.0
10087,4.471542775630951,10.0,5.3089088797569275,0.41262155771255493,36.0,1.0,14.0,5.0,2.0,4.0,88.0,88.0,5.0,76.0,9.0,-1.8294732570648193,1.8755720853805542,1.0,-0.11256932467222214,-1.9281152486801147,-51.808849334761916,2.6420695185661316,10.0,5.196339555084705,0.0,37.0,1.0,15.0,6.0,3.0,5.0,89.0,89.0,6.0,1.0,0.0
10088,2.6420695185661316,10.0,5.196339555084705,0.0,37.0,1.0,15.0,6.0,3.0,5.0,89.0,89.0,6.0,1.0,10.0,0.7357236742973328,-1.8566327095031738,2.0,-1.9955133199691772,-1.800736665725708,-26.2,3.3777931928634644,8.143367290496826,3.200826235115528,0.0,38.0,2.0,1.0,7.0,4.0,6.0,90.0,90.0,7.0,2.0,0.0
10089,3.3777931928634644,8.143367290496826,3.200826235115528,0.0,38.0,2.0,1.0,7.0,4.0,6.0,90.0,90.0,7.0,2.0,5.0,1.136445164680481,1.3937121629714966,1.0,-1.9850399494171143,-1.4558324813842773,-30.908064804821553,4.514238357543945,9.537079453468323,1.2157862856984138,0.0,39.0,1.0,2.0,8.0,5.0,1.0,91.0,91.0,8.0,3.0,0.0
10090,4.514238357543945,9.537079453468323,1.2157862856984138,0.0,39.0,1.0,2.0,8.0,5.0,1.0,91.0,91.0,8.0,3.0,5.0,1.0207628011703491,-1.0531058311462402,1.0,-1.9843180179595947,-1.6944397687911987,-29.19904000112855,5.535001158714294,8.483973622322083,0.0,0.0,40.0,1.0,3.0,9.0,6.0,1.0,92.0,92.0,9.0,4.0,0.0
10091,5.535001158714294,8.483973622322083,0.0,0.0,40.0,1.0,3.0,9.0,6.0,1.0,92.0,92.0,9.0,4.0,10.0,0.6117778420448303,-1.4074643850326538,8.0,-1.963219165802002,-1.579240322113037,-26.7,6.146779000759125,7.076509237289429,0.0,0.0,41.0,2.0,4.0,10.0,7.0,2.0,93.0,93.0,10.0,5.0,0.0
10092,6.146779000759125,7.076509237289429,0.0,0.0,41.0,2.0,4.0,10.0,7.0,2.0,93.0,93.0,10.0,5.0,5.0,1.7944416999816895,-1.3979847431182861,8.0,-1.974037528038025,-0.6496846675872803,-27.774757618142974,7.941220700740814,5.678524494171143,0.0,0.0,42.0,3.0,5.0,11.0,8.0,1.0,94.0,94.0,11.0,6.0,0.0
10093,7.941220700740814,5.678524494171143,0.0,0.0,42.0,3.0,5.0,11.0,8.0,1.0,94.0,94.0,11.0,6.0,10.0,0.20224133133888245,1.6016502380371094,1.0,-1.967800498008728,-1.5918570756912231,-28.5,8.143462032079697,7.280174732208252,0.0,0.0,43.0,1.0,6.0,12.0,9.0,2.0,95.0,95.0,12.0,7.0,0.0
10094,8.143462032079697,7.280174732208252,0.0,0.0,43.0,1.0,6.0,12.0,9.0,2.0,95.0,95.0,12.0,7.0,5.0,1.4364306926727295,1.0054367780685425,1.0,-1.9440377950668335,-1.1377265453338623,-31.009018750482667,9.579892724752426,8.285611510276794,0.0,0.0,44.0,1.0,7.0,13.0,10.0,1.0,96.0,96.0,13.0,8.0,0.0
10095,9.579892724752426,8.285611510276794,0.0,0.0,44.0,1.0,7.0,13.0,10.0,1.0,96.0,96.0,13.0,8.0,10.0,1.2991706132888794,0.011056548915803432,1.0,-1.956342339515686,-1.7206095457077026,-38.690633380413054,10.0,8.296668059192598,0.0,0.0,45.0,1.0,8.0,14.0,11.0,2.0,97.0,97.0,14.0,9.0,0.0
10096,10.0,8.296668059192598,0.0,0.0,45.0,1.0,8.0,14.0,11.0,2.0,97.0,97.0,14.0,9.0,10.0,0.15513592958450317,0.3562455475330353,8.0,-1.995898962020874,-1.632503867149353,-32.35135929584503,10.0,8.652913606725633,0.0,0.0,46.0,2.0,9.0,15.0,12.0,3.0,98.0,98.0,15.0,10.0,0.0
10097,10.0,8.652913606725633,0.0,0.0,46.0,2.0,9.0,15.0,12.0,3.0,98.0,98.0,15.0,10.0,4.0,1.7477223873138428,-0.44463521242141724,2.0,-1.9745533466339111,-1.1723779439926147,-50.79639666271911,10.0,8.208278394304216,0.0,0.0,47.0,3.0,10.0,16.0,1.0,4.0,99.0,99.0,16.0,11.0,0.0
10098,10.0,8.208278394304216,0.0,0.0,47.0,3.0,10.0,16.0,1.0,4.0,99.0,99.0,16.0,11.0,5.0,0.7709085941314697,-1.8191183805465698,8.0,-1.9947196245193481,-1.6436222791671753,-39.711949600607284,10.0,6.389160013757646,0.0,0.0,48.0,4.0,11.0,17.0,2.0,1.0,100.0,100.0,17.0,12.0,0.0
10099,10.0,6.389160013757646,0.0,0.0,48.0,4.0,11.0,17.0,2.0,1.0,100.0,100.0,17.0,12.0,5.0,1.6457716226577759,0.9303718209266663,1.0,-1.995456576347351,-1.015573501586914,-49.69540155605542,10.0,7.319531834684312,0.0,0.0,49.0,1.0,12.0,18.0,3.0,1.0,100.0,100.0,18.0,13.0,1.0
10100,9.282279968261719,7.899477958679199,8.610114097595215,1.2950094938278198,1.0,1.0,1.0,1.0,1.0,1.0,1.0,1.0,1.0,1.0,2.0,-1.938190221786499,1.5458111763000488,4.0,-1.9816943407058716,-1.9868409633636475,-3.092248600331585,7.34408974647522,9.445289134979248,6.628419756889343,0.0,2.0,2.0,1.0,2.0,1.0,2.0,2.0,2.0,2.0,2.0,0.0
10101,7.34408974647522,9.445289134979248,6.628419756889343,0.0,2.0,2.0,1.0,2.0,1.0,2.0,2.0,2.0,2.0,2.0,2.0,-1.6926004886627197,-0.5255236029624939,0.0,-1.9651141166687012,-1.939836025238037,-3.537847877516709,5.6514892578125,8.919765532016754,4.663305640220642,0.0,1.0,3.0,1.0,3.0,2.0,3.0,3.0,3.0,3.0,3.0,0.0
10102,5.6514892578125,8.919765532016754,4.663305640220642,0.0,1.0,3.0,1.0,3.0,2.0,3.0,3.0,3.0,3.0,3.0,8.0,1.15310800075531,-1.6317678689956665,4.0,-0.793694794178009,-1.8302258253097534,-4.581160169915842,6.80459725856781,7.287997663021088,3.869610846042633,0.0,2.0,4.0,2.0,4.0,1.0,4.0,4.0,4.0,1.0,4.0,0.0
10103,6.80459725856781,7.287997663021088,3.869610846042633,0.0,2.0,4.0,2.0,4.0,1.0,4.0,4.0,4.0,1.0,4.0,8.0,-0.3850443363189697,-1.4537266492843628,0.0,-1.4721583127975464,-1.30070960521698,-5.39247785688229,6.41955292224884,5.834271013736725,2.3974525332450867,0.0,1.0,5.0,3.0,5.0,2.0,5.0,5.0,5.0,1.0,5.0,0.0
10104,6.41955292224884,5.834271013736725,2.3974525332450867,0.0,1.0,5.0,3.0,5.0,2.0,5.0,5.0,5.0,1.0,5.0,8.0,-0.6195101141929626,-0.5368161797523499,0.0,-0.6995513439178467,0.5524057745933533,-6.009160694471735,5.800042808055878,5.297454833984375,1.69790118932724,0.5524057745933533,1.0,6.0,4.0,6.0,3.0,6.0,6.0,6.0,1.0,6.0,0.0
10105,5.800042808055878,5.297454833984375,1.69790118932724,0.5524057745933533,1.0,6.0,4.0,6.0,3.0,6.0,6.0,6.0,1.0,6.0,8.0,-1.9332560300827026,-1.1881204843521118,0.0,-1.6795530319213867,0.4255446791648865,-7.339725693841498,3.866786777973175,4.109334349632263,0.01834815740585327,0.9779504537582397,1.0,7.0,5.0,7.0,4.0,7.0,7.0,7.0,1.0,7.0,0.0
10106,3.866786777973175,4.109334349632263,0.01834815740585327,0.9779504537582397,1.0,7.0,5.0,7.0,4.0,7.0,7.0,7.0,1.0,7.0,1.0,-1.4044750928878784,-0.7664831876754761,1.0,-0.5236589908599854,-1.5725159645080566,-9.056657065301428,2.4623116850852966,3.342851161956787,0.0,0.0,2.0,1.0,6.0,8.0,5.0,8.0,8.0,8.0,2.0,8.0,0.0
10107,2.4623116850852966,3.342851161956787,0.0,0.0,2.0,1.0,6.0,8.0,5.0,8.0,8.0,8.0,2.0,8.0,8.0,-1.738298773765564,0.9456312656402588,0.0,-1.4608445167541504,-1.0202741622924805,-9.81712016107318,0.7240129113197327,4.288482427597046,0.0,0.0,1.0,2.0,7.0,9.0,6.0,9.0,9.0,9.0,1.0,9.0,0.0
10108,0.7240129113197327,4.288482427597046,0.0,0.0,1.0,2.0,7.0,9.0,6.0,9.0,9.0,9.0,1.0,9.0,10.0,1.1097936630249023,1.3460297584533691,3.0,0.7744444608688354,-1.0399361848831177,-7.2,1.833806574344635,5.634512186050415,0.7744444608688354,0.0,2.0,3.0,8.0,1.0,7.0,10.0,10.0,10.0,2.0,10.0,0.0
10109,1.833806574344635,5.634512186050415,0.7744444608688354,0.0,2.0,3.0,8.0,1.0,7.0,10.0,10.0,10.0,2.0,10.0,8.0,0.2752651870250702,-0.4474833905696869,0.0,0.6347840428352356,-0.048065345734357834,-8.638444036470643,2.109071761369705,5.187028795480728,1.409228503704071,0.0,1.0,4.0,9.0,2.0,8.0,11.0,11.0,11.0,1.0,11.0,0.0
10110,2.109071761369705,5.187028795480728,1.409228503704071,0.0,1.0,4.0,9.0,2.0,8.0,11.0,11.0,11.0,1.0,11.0,0.0,-0.7509527802467346,-1.2442848682403564,0.0,1.497890591621399,-1.8256886005401611,-9.29772953200385,1.3581189811229706,3.9427439272403717,2.90711909532547,0.0,1.0,5.0,10.0,3.0,9.0,12.0,12.0,12.0,2.0,12.0,0.0
10111,1.3581189811229706,3.9427439272403717,2.90711909532547,0.0,1.0,5.0,10.0,3.0,9.0,12.0,12.0,12.0,2.0,12.0,8.0,1.7637275457382202,-0.24052077531814575,3.0,0.41478654742240906,-1.747424602508545,-11.110110689078102,3.121846526861191,3.702223151922226,3.321905642747879,0.0,2.0,6.0,11.0,1.0,10.0,13.0,13.0,13.0,1.0,13.0,0.0
10112,3.121846526861191,3.702223151922226,3.321905642747879,0.0,2.0,6.0,11.0,1.0,10.0,13.0,13.0,13.0,1.0,13.0,8.0,1.047199010848999,1.3211618661880493,0.0,1.8659850358963013,-1.5493396520614624,-10.310140715162756,4.16904553771019,5.023385018110275,5.18789067864418,0.0,1.0,7.0,12.0,2.0,11.0,14.0,14.0,14.0,1.0,14.0,0.0
10113,4.16904553771019,5.023385018110275,5.18789067864418,0.0,1.0,7.0,12.0,2.0,11.0,14.0,14.0,14.0,1.0,14.0,8.0,-0.04461728408932686,0.5959373712539673,0.0,1.357337474822998,-1.4555995464324951,-10.605626753144094,4.124428253620863,5.6193223893642426,6.545228153467178,0.0,1.0,8.0,13.0,3.0,12.0,15.0,15.0,15.0,1.0,15.0,0.0
10114,4.124428253620863,5.6193223893642426,6.545228153467178,0.0,1.0,8.0,13.0,3.0,12.0,15.0,15.0,15.0,1.0,15.0,8.0,1.6519254446029663,1.019412875175476,0.0,-1.0804060697555542,-0.6229587197303772,-11.459067457889846,5.776353698223829,6.638735264539719,5.464822083711624,0.0,1.0,9.0,14.0,4.0,13.0,16.0,16.0,16.0,1.0,16.0,0.0
10115,5.776353698223829,6.638735264539719,5.464822083711624,0.0,1.0,9.0,14.0,4.0,13.0,16.0,16.0,16.0,1.0,16.0,8.0,1.6494019031524658,0.9774637222290039,0.0,-1.5559492111206055,0.5048180222511292,-13.476142064957507,7.425755601376295,7.6161989867687225,3.9088728725910187,0.5048180222511292,1.0,10.0,15.0,5.0,14.0,17.0,17.0,17.0,1.0,17.0,0.0
10116,7.425755601376295,7.6161989867687225,3.9088728725910187,0.5048180222511292,1.0,10.0,15.0,5.0,14.0,17.0,17.0,17.0,1.0,17.0,8.0,1.6848453283309937,1.323900818824768,0.0,1.5931326150894165,-1.4563359022140503,-16.82478004348329,9.110600929707289,8.94009980559349,5.502005487680435,0.0,1.0,11.0,16.0,6.0,15.0,18.0,18.0,18.0,1.0,18.0,0.0
10117,9.110600929707289,8.94009980559349,5.502005487680435,0.0,1.0,11.0,16.0,6.0,15.0,18.0,18.0,18.0,1.0,18.0,8.0,-0.8319589495658875,0.007968503050506115,0.0,0.4558338522911072,1.2218172550201416,-16.417570248212748,8.278641980141401,8.948068308643997,5.957839339971542,1.2218172550201416,1.0,12.0,17.0,7.0,16.0,19.0,19.0,19.0,1.0,19.0,0.0
10118,8.278641980141401,8.948068308643997,5.957839339971542,1.2218172550201416,1.0,12.0,17.0,7.0,16.0,19.0,19.0,19.0,1.0,19.0,8.0,0.6762305498123169,-1.3335747718811035,0.0,-0.050961367785930634,-0.3519088625907898,-17.86239993649782,8.954872529953718,7.614493536762893,5.906877972185612,0.8699083924293518,1.0,13.0,18.0,8.0,17.0,20.0,20.0,20.0,1.0,20.0,0.0
10119,8.954872529953718,7.614493536762893,5.906877972185612,0.8699083924293518,1.0,13.0,18.0,8.0,17.0,20.0,20.0,20.0,1.0,20.0,8.0,-0.05325024202466011,1.3825936317443848,4.0,0.4067120850086212,1.6978124380111694,-18.926411511762964,8.901622287929058,8.997087168507278,6.313590057194233,2.5677208304405212,2.0,14.0,19.0,9.0,1.0,21.0,21.0,21.0,1.0,21.0,0.0
10120,8.901622287929058,8.997087168507278,6.313590057194233,2.5677208304405212,2.0,14.0,19.0,9.0,1.0,21.0,21.0,21.0,1.0,21.0,8.0,0.8983928561210632,1.8243675231933594,0.0,-1.4456427097320557,-0.8817490339279175,-28.45252414604404,9.800015144050121,10.0,4.867947347462177,1.6859717965126038,1.0,15.0,20.0,10.0,2.0,22.0,22.0,22.0,1.0,22.0,0.0
10121,9.800015144050121,10.0,4.867947347462177,1.6859717965126038,1.0,15.0,20.0,10.0,2.0,22.0,22.0,22.0,1.0,22.0,8.0,0.08062996715307236,0.9851307272911072,1.0,0.8577428460121155,1.2188441753387451,-30.935265246118366,9.880645111203194,10.0,5.725690193474293,2.904815971851349,2.0,1.0,21.0,11.0,3.0,23.0,23.0,23.0,1.0,23.0,0.0
10122,9.880645111203194,10.0,5.725690193474293,2.904815971851349,2.0,1.0,21.0,11.0,3.0,23.0,23.0,23.0,1.0,23.0,8.0,-1.0680068731307983,1.8056312799453735,0.0,0.7179820537567139,0.44721904397010803,-36.77009325509,8.812638238072395,10.0,6.443672247231007,3.352035015821457,1.0,2.0,22.0,12.0,4.0,24.0,24.0,24.0,1.0,24.0,0.0
10123,8.812638238072395,10.0,6.443672247231007,3.352035015821457,1.0,2.0,22.0,12.0,4.0,24.0,24.0,24.0,1.0,24.0,8.0,-0.7689043879508972,1.9417750835418701,0.0,-1.5563852787017822,-1.0016728639602661,-37.77602727026456,8.043733850121498,10.0,4.887286968529224,2.350362151861191,1.0,3.0,23.0,13.0,5.0,25.0,25.0,25.0,1.0,25.0,0.0
10124,8.043733850121498,10.0,4.887286968529224,2.350362151861191,1.0,3.0,23.0,13.0,5.0,25.0,25.0,25.0,1.0,25.0,8.0,0.5385895371437073,1.8402552604675293,0.0,-0.48569169640541077,1.51414954662323,-38.28094418662433,8.582323387265205,10.0,4.401595272123814,3.8645116984844208,1.0,4.0,24.0,14.0,6.0,26.0,26.0,26.0,1.0,26.0,0.0
10125,8.582323387265205,10.0,4.401595272123814,3.8645116984844208,1.0,4.0,24.0,14.0,6.0,26.0,26.0,26.0,1.0,26.0,8.0,-1.442976713180542,1.6928184032440186,4.0,-0.8282063603401184,0.6333906054496765,-35.87953615115359,7.139346674084663,10.0,3.573388911783695,4.497902303934097,2.0,5.0,25.0,15.0,1.0,27.0,27.0,27.0,1.0,27.0,0.0
10126,7.139346674084663,10.0,3.573388911783695,4.497902303934097,2.0,5.0,25.0,15.0,1.0,27.0,27.0,27.0,1.0,27.0,8.0,1.5957834720611572,0.995258629322052,0.0,-1.3725254535675049,-1.1553879976272583,-31.151662205866057,8.73513014614582,10.0,2.2008634582161903,3.342514306306839,1.0,6.0,26.0,16.0,2.0,28.0,28.0,28.0,1.0,28.0,0.0
10127,8.73513014614582,10.0,2.2008634582161903,3.342514306306839,1.0,6.0,26.0,16.0,2.0,28.0,28.0,28.0,1.0,28.0,8.0,-1.4891765117645264,1.9266217947006226,0.0,-0.2774467170238495,0.3745233714580536,-39.32308127147196,7.245953634381294,10.0,1.9234167411923409,3.7170376777648926,1.0,7.0,27.0,17.0,3.0,29.0,29.0,29.0,1.0,29.0,0.0
10128,7.245953634381294,10.0,1.9234167411923409,3.7170376777648926,1.0,7.0,27.0,17.0,3.0,29.0,29.0,29.0,1.0,29.0,8.0,-1.0958335399627686,1.998226284980774,0.0,-1.0837117433547974,-0.3277433514595032,-39.9225803949732,6.150120094418526,10.0,0.8397049978375435,3.3892943263053894,1.0,8.0,28.0,18.0,4.0,30.0,30.0,30.0,1.0,30.0,0.0
10129,6.150120094418526,10.0,0.8397049978375435,3.3892943263053894,1.0,8.0,28.0,18.0,4.0,30.0,30.0,30.0,1.0,30.0,8.0,1.6930255889892578,1.939728856086731,1.0,-1.055946946144104,0.116399385035038,-41.71035271617117,7.8431456834077835,10.0,0.0,3.5056937113404274,2.0,1.0,29.0,19.0,5.0,31.0,31.0,31.0,1.0,31.0,0.0
10130,7.8431456834077835,10.0,0.0,3.5056937113404274,2.0,1.0,29.0,19.0,5.0,31.0,31.0,31.0,1.0,31.0,8.0,-0.865125298500061,1.9376955032348633,4.0,-1.7133159637451172,-0.04041094705462456,-40.875338871352156,6.9780203849077225,10.0,0.0,3.465282764285803,3.0,2.0,30.0,20.0,1.0,32.0,32.0,32.0,1.0,32.0,0.0
10131,6.9780203849077225,10.0,0.0,3.465282764285803,3.0,2.0,30.0,20.0,1.0,32.0,32.0,32.0,1.0,32.0,8.0,-0.38355669379234314,1.8787777423858643,0.0,1.2100541591644287,-1.1193742752075195,-40.35486990975863,6.594463691115379,10.0,1.2100541591644287,2.3459084890782833,1.0,3.0,31.0,21.0,2.0,33.0,33.0,33.0,1.0,33.0,0.0
10132,6.594463691115379,10.0,1.2100541591644287,2.3459084890782833,1.0,3.0,31.0,21.0,2.0,33.0,33.0,33.0,1.0,33.0,8.0,0.825018584728241,1.68942129611969,1.0,-1.4120296239852905,-0.3126107156276703,-39.83035611159224,7.41948227584362,10.0,0.0,2.033297773450613,2.0,1.0,32.0,22.0,3.0,34.0,34.0,34.0,1.0,34.0,0.0
10133,7.41948227584362,10.0,0.0,2.033297773450613,2.0,1.0,32.0,22.0,3.0,34.0,34.0,34.0,1.0,34.0,8.0,-0.6079949140548706,1.9858894348144531,0.0,-0.4532642364501953,1.1354153156280518,-42.8078358318967,6.81148736178875,10.0,0.0,3.168713089078665,1.0,2.0,33.0,23.0,4.0,35.0,35.0,35.0,1.0,35.0,0.0
10134,6.81148736178875,10.0,0.0,3.168713089078665,1.0,2.0,33.0,23.0,4.0,35.0,35.0,35.0,1.0,35.0,8.0,-1.1966503858566284,1.9940259456634521,0.0,-1.7207380533218384,-0.3208805322647095,-42.76820271775435,5.614836975932121,10.0,0.0,2.8478325568139553,1.0,3.0,34.0,24.0,5.0,36.0,36.0,36.0,1.0,36.0,0.0
10135,5.614836975932121,10.0,0.0,2.8478325568139553,1.0,3.0,34.0,24.0,5.0,36.0,36.0,36.0,1.0,36.0,0.0,0.4000135660171509,1.9691015481948853,0.0,-1.0586427450180054,0.03419075161218643,-54.65361066944408,6.014850541949272,10.0,0.0,2.8820233084261417,1.0,4.0,35.0,25.0,6.0,37.0,37.0,37.0,2.0,37.0,0.0
10136,6.014850541949272,10.0,0.0,2.8820233084261417,1.0,4.0,35.0,25.0,6.0,37.0,37.0,37.0,2.0,37.0,8.0,-0.5606085062026978,1.7035847902297974,0.0,-1.9671261310577393,0.29666972160339355,-41.387394986570484,5.454242035746574,10.0,0.0,3.1786930300295353,1.0,5.0,36.0,26.0,7.0,38.0,38.0,38.0,1.0,38.0,0.0
10137,5.454242035746574,10.0,0.0,3.1786930300295353,1.0,5.0,36.0,26.0,7.0,38.0,38.0,38.0,1.0,38.0,8.0,1.2445440292358398,1.9848631620407104,0.0,0.6583659648895264,1.4570411443710327,-45.80131578521131,6.698786064982414,10.0,0.6583659648895264,4.635734174400568,1.0,6.0,37.0,27.0,8.0,39.0,39.0,39.0,1.0,39.0,0.0
10138,6.698786064982414,10.0,0.6583659648895264,4.635734174400568,1.0,6.0,37.0,27.0,8.0,39.0,39.0,39.0,1.0,39.0,8.0,0.8357824683189392,1.9886599779129028,4.0,-1.6500937938690186,0.7316843867301941,-47.44679186020266,7.5345685333013535,10.0,0.0,5.367418561130762,2.0,7.0,38.0,28.0,1.0,40.0,40.0,40.0,1.0,40.0,0.0
10139,7.5345685333013535,10.0,0.0,5.367418561130762,2.0,7.0,38.0,28.0,1.0,40.0,40.0,40.0,1.0,40.0,0.0,0.021836843341588974,1.9897352457046509,1.0,-1.7239526510238647,1.0128388404846191,-59.169031100273116,7.556405376642942,10.0,0.0,6.380257401615381,3.0,8.0,39.0,29.0,2.0,41.0,41.0,41.0,2.0,41.0,0.0
10140,7.556405376642942,10.0,0.0,6.380257401615381,3.0,8.0,39.0,29.0,2.0,41.0,41.0,41.0,2.0,41.0,8.0,-0.705919623374939,1.9865785837173462,1.0,-1.2308669090270996,1.6789101362228394,-47.748952536758964,6.8504857532680035,10.0,0.0,8.05916753783822,4.0,9.0,40.0,30.0,3.0,42.0,42.0,42.0,1.0,42.0,0.0
10141,6.8504857532680035,10.0,0.0,8.05916753783822,4.0,9.0,40.0,30.0,3.0,42.0,42.0,42.0,1.0,42.0,0.0,-0.29185813665390015,1.9744607210159302,0.0,-1.9105842113494873,1.4205034971237183,-59.56125093978723,6.558627616614103,10.0,0.0,9.479671034961939,5.0,10.0,41.0,31.0,4.0,43.0,43.0,43.0,2.0,43.0,0.0
10142,6.558627616614103,10.0,0.0,9.479671034961939,5.0,10.0,41.0,31.0,4.0,43.0,43.0,43.0,2.0,43.0,8.0,1.1196902990341187,1.7129589319229126,0.0,-1.8809453248977661,-0.28493642807006836,-47.65049283595882,7.678317915648222,10.0,0.0,9.19473460689187,6.0,11.0,42.0,32.0,5.0,44.0,44.0,44.0,1.0,44.0,0.0
10143,7.678317915648222,10.0,0.0,9.19473460689187,6.0,11.0,42.0,32.0,5.0,44.0,44.0,44.0,1.0,44.0,8.0,0.39668387174606323,1.9736272096633911,1.0,-1.2998303174972534,1.754239797592163,-51.633896229560236,8.075001787394285,10.0,0.0,10.0,7.0,12.0,43.0,33.0,6.0,45.0,45.0,45.0,1.0,45.0,0.0
10144,8.075001787394285,10.0,0.0,10.0,7.0,12.0,43.0,33.0,6.0,45.0,45.0,45.0,1.0,45.0,8.0,0.9899450540542603,1.9608497619628906,1.0,-1.472731351852417,0.04409969225525856,-53.80856902816735,9.064946841448545,10.0,0.0,10.0,8.0,13.0,44.0,34.0,7.0,46.0,46.0,46.0,1.0,46.0,0.0
10145,9.064946841448545,10.0,0.0,10.0,8.0,13.0,44.0,34.0,7.0,46.0,46.0,46.0,1.0,46.0,8.0,1.2265055179595947,1.984131097793579,0.0,-1.433323860168457,1.9234956502914429,-56.75797821012099,10.0,10.0,0.0,10.0,9.0,14.0,45.0,35.0,8.0,47.0,47.0,47.0,1.0,47.0,0.0
10146,10.0,10.0,0.0,10.0,9.0,14.0,45.0,35.0,8.0,47.0,47.0,47.0,1.0,47.0,8.0,-1.6689060926437378,1.9908007383346558,0.0,-1.8691418170928955,0.7430000305175781,-54.83930542066903,8.331093907356262,10.0,0.0,10.0,10.0,15.0,46.0,36.0,9.0,48.0,48.0,48.0,1.0,48.0,0.0
10147,8.331093907356262,10.0,0.0,10.0,10.0,15.0,46.0,36.0,9.0,48.0,48.0,48.0,1.0,48.0,8.0,-0.5669252276420593,1.9979783296585083,0.0,-1.915855884552002,0.43590521812438965,-55.099723003232995,7.764168679714203,10.0,0.0,10.0,11.0,16.0,47.0,37.0,10.0,49.0,49.0,49.0,1.0,49.0,0.0
10148,7.764168679714203,10.0,0.0,10.0,11.0,16.0,47.0,37.0,10.0,49.0,49.0,49.0,1.0,49.0,8.0,-1.0950548648834229,1.9637130498886108,0.0,-1.6471527814865112,1.5841070413589478,-54.56512662514679,6.66911381483078,10.0,0.0,10.0,12.0,17.0,48.0,38.0,11.0,50.0,50.0,50.0,1.0,50.0,0.0
10149,6.66911381483078,10.0,0.0,10.0,12.0,17.0,48.0,38.0,11.0,50.0,50.0,50.0,1.0,50.0,8.0,1.6598247289657593,1.9604201316833496,0.0,-1.8062348365783691,-0.7420963048934937,-57.232606198808426,8.32893854379654,10.0,0.0,9.257903695106506,13.0,18.0,49.0,39.0,12.0,51.0,51.0,51.0,1.0,51.0,0.0
10150,8.32893854379654,10.0,0.0,9.257903695106506,13.0,18.0,49.0,39.0,12.0,51.0,51.0,51.0,1.0,51.0,0.0,0.630970299243927,1.9809887409210205,0.0,-1.1363866329193115,1.1138304471969604,-71.26931698889976,8.959908843040466,10.0,0.0,10.0,14.0,19.0,50.0,40.0,13.0,52.0,52.0,52.0,2.0,52.0,0.0
10151,8.959908843040466,10.0,0.0,10.0,14.0,19.0,50.0,40.0,13.0,52.0,52.0,52.0,2.0,52.0,8.0,1.7337769269943237,1.9712543487548828,0.0,-1.9701482057571411,-0.6862188577651978,-63.00122270612836,10.0,10.0,0.0,9.313781142234802,15.0,20.0,51.0,41.0,14.0,53.0,53.0,53.0,1.0,53.0,0.0
10152,10.0,10.0,0.0,9.313781142234802,15.0,20.0,51.0,41.0,14.0,53.0,53.0,53.0,1.0,53.0,8.0,-0.043038032948970795,1.976770043373108,0.0,-1.7391012907028198,1.2403486967086792,-62.691686794649414,9.95696196705103,10.0,0.0,10.0,16.0,21.0,52.0,42.0,15.0,54.0,54.0,54.0,1.0,54.0,0.0
10153,9.95696196705103,10.0,0.0,10.0,16.0,21.0,52.0,42.0,15.0,54.0,54.0,54.0,1.0,54.0,8.0,0.043318260461091995,1.9725656509399414,0.0,-1.7827178239822388,0.9910953640937805,-63.62940670844846,10.0,10.0,0.0,10.0,17.0,22.0,53.0,43.0,16.0,55.0,55.0,55.0,1.0,55.0,0.0
10154,10.0,10.0,0.0,10.0,17.0,22.0,53.0,43.0,16.0,55.0,55.0,55.0,1.0,55.0,0.0,-1.146344780921936,1.9650797843933105,0.0,-1.8694008588790894,0.4956471621990204,-74.51566615462829,8.853655219078064,10.0,0.0,10.0,18.0,23.0,54.0,44.0,17.0,56.0,56.0,56.0,2.0,56.0,0.0
10155,8.853655219078064,10.0,0.0,10.0,18.0,23.0,54.0,44.0,17.0,56.0,56.0,56.0,2.0,56.0,0.0,1.2890316247940063,1.975499153137207,0.0,-1.9024817943572998,0.9193859696388245,-77.95520460313378,10.0,10.0,0.0,10.0,19.0,24.0,55.0,45.0,18.0,57.0,57.0,57.0,3.0,57.0,0.0
10156,10.0,10.0,0.0,10.0,19.0,24.0,55.0,45.0,18.0,57.0,57.0,57.0,3.0,57.0,8.0,-0.10735053569078445,1.9335426092147827,1.0,-1.9073505401611328,1.8526833057403564,-65.74129033707749,9.892649464309216,10.0,0.0,10.0,20.0,25.0,56.0,46.0,19.0,58.0,58.0,58.0,1.0,58.0,0.0
10157,9.892649464309216,10.0,0.0,10.0,20.0,25.0,56.0,46.0,19.0,58.0,58.0,58.0,1.0,58.0,0.0,-0.5941802859306335,1.8258763551712036,1.0,-1.9711750745773315,1.567348837852478,-76.6614742203147,9.298469178378582,10.0,0.0,10.0,21.0,26.0,57.0,47.0,20.0,59.0,59.0,59.0,2.0,59.0,0.0
10158,9.298469178378582,10.0,0.0,10.0,21.0,26.0,57.0,47.0,20.0,59.0,59.0,59.0,2.0,59.0,8.0,0.9142237901687622,1.738132357597351,0.0,-1.9444067478179932,0.1027616485953331,-65.91472481979918,10.0,10.0,0.0,10.0,22.0,27.0,58.0,48.0,21.0,60.0,60.0,60.0,1.0,60.0,0.0
10159,10.0,10.0,0.0,10.0,22.0,27.0,58.0,48.0,21.0,60.0,60.0,60.0,1.0,60.0,8.0,0.02871900051832199,1.983407974243164,2.0,-1.9648301601409912,1.3602098226547241,-69.13990883502183,10.0,10.0,0.0,10.0,23.0,28.0,1.0,49.0,22.0,61.0,61.0,61.0,1.0,61.0,0.0
10160,10.0,10.0,0.0,10.0,23.0,28.0,1.0,49.0,22.0,61.0,61.0,61.0,1.0,61.0,5.0,-0.45424699783325195,1.400306224822998,2.0,-1.9855403900146484,-1.5697566270828247,-49.9025701461688,9.545753002166748,10.0,0.0,8.430243372917175,24.0,29.0,1.0,50.0,23.0,1.0,62.0,62.0,2.0,62.0,0.0
10161,9.545753002166748,10.0,0.0,8.430243372917175,24.0,29.0,1.0,50.0,23.0,1.0,62.0,62.0,2.0,62.0,9.0,-1.558380126953125,1.0367224216461182,1.0,-1.7210160493850708,0.6288741827011108,-55.38446968256387,7.987372875213623,10.0,0.0,9.059117555618286,25.0,30.0,2.0,51.0,24.0,2.0,63.0,63.0,3.0,63.0,0.0
10162,7.987372875213623,10.0,0.0,9.059117555618286,25.0,30.0,2.0,51.0,24.0,2.0,63.0,63.0,3.0,63.0,10.0,-0.6375851631164551,1.465033769607544,1.0,-1.4559531211853027,-0.9281111359596252,-48.25033769607544,7.349787712097168,10.0,0.0,8.131006419658661,26.0,31.0,3.0,52.0,25.0,3.0,64.0,64.0,4.0,64.0,0.0
10163,7.349787712097168,10.0,0.0,8.131006419658661,26.0,31.0,3.0,52.0,25.0,3.0,64.0,64.0,4.0,64.0,10.0,-1.728182077407837,1.7881343364715576,1.0,-0.5629651546478271,-1.2741386890411377,-52.48134336471558,5.621605634689331,10.0,0.0,6.856867730617523,27.0,32.0,4.0,53.0,26.0,4.0,65.0,65.0,5.0,65.0,0.0
10164,5.621605634689331,10.0,0.0,6.856867730617523,27.0,32.0,4.0,53.0,26.0,4.0,65.0,65.0,5.0,65.0,9.0,-1.9411141872406006,1.40962553024292,1.0,0.15863381326198578,-0.20993578433990479,-51.16225711134164,3.6804914474487305,10.0,0.15863381326198578,6.646931946277618,28.0,33.0,5.0,54.0,27.0,5.0,66.0,66.0,6.0,1.0,0.0
10165,3.6804914474487305,10.0,0.15863381326198578,6.646931946277618,28.0,33.0,5.0,54.0,27.0,5.0,66.0,66.0,6.0,1.0,1.0,1.7629879713058472,1.3362916707992554,1.0,-1.9854929447174072,-1.2134499549865723,-49.41219393756784,5.443479418754578,10.0,0.0,5.433481991291046,29.0,1.0,6.0,55.0,28.0,6.0,67.0,67.0,7.0,2.0,0.0
10166,5.443479418754578,10.0,0.0,5.433481991291046,29.0,1.0,6.0,55.0,28.0,6.0,67.0,67.0,7.0,2.0,10.0,-1.5475115776062012,1.8877146244049072,3.0,-1.9963475465774536,-1.6084352731704712,-46.67714624404907,3.8959678411483765,10.0,0.0,3.825046718120575,30.0,2.0,7.0,1.0,29.0,7.0,68.0,68.0,8.0,3.0,0.0
10167,3.8959678411483765,10.0,0.0,3.825046718120575,30.0,2.0,7.0,1.0,29.0,7.0,68.0,68.0,8.0,3.0,4.0,0.6997630000114441,-1.7144116163253784,8.0,-1.6206138134002686,-1.898117184638977,-23.535629907958814,4.595730841159821,8.285588383674622,0.0,1.926929533481598,31.0,3.0,8.0,2.0,1.0,8.0,69.0,69.0,1.0,4.0,0.0
10168,4.595730841159821,8.285588383674622,0.0,1.926929533481598,31.0,3.0,8.0,2.0,1.0,8.0,69.0,69.0,1.0,4.0,5.0,0.9197803139686584,-1.967036485671997,1.0,-1.890355110168457,-1.8382943868637085,-321.6050916797978,5.515511155128479,6.3185518980026245,0.0,0.0886351466178894,32.0,1.0,9.0,3.0,2.0,1.0,70.0,70.0,2.0,5.0,0.0
10169,5.515511155128479,6.3185518980026245,0.0,0.0886351466178894,32.0,1.0,9.0,3.0,2.0,1.0,70.0,70.0,2.0,5.0,5.0,1.2308151721954346,-0.28406834602355957,1.0,-1.8411403894424438,-1.966042160987854,-21.197556773280628,6.746326327323914,6.034483551979065,0.0,0.0,33.0,1.0,10.0,4.0,3.0,1.0,71.0,71.0,3.0,6.0,0.0
10170,6.746326327323914,6.034483551979065,0.0,0.0,33.0,1.0,10.0,4.0,3.0,1.0,71.0,71.0,3.0,6.0,10.0,0.9609320163726807,0.8084825277328491,8.0,-1.9803376197814941,-1.662641167640686,-21.3,7.707258343696594,6.842966079711914,0.0,0.0,34.0,2.0,11.0,5.0,4.0,2.0,72.0,72.0,4.0,7.0,0.0
10171,7.707258343696594,6.842966079711914,0.0,0.0,34.0,2.0,11.0,5.0,4.0,2.0,72.0,72.0,4.0,7.0,5.0,0.9906580448150635,-1.8665037155151367,1.0,-1.9736478328704834,-1.833391547203064,-22.261157362156812,8.697916388511658,4.976462364196777,0.0,0.0,35.0,1.0,12.0,6.0,5.0,1.0,73.0,73.0,5.0,8.0,0.0
10172,8.697916388511658,4.976462364196777,0.0,0.0,35.0,1.0,12.0,6.0,5.0,1.0,73.0,73.0,5.0,8.0,10.0,1.2010478973388672,-0.9291813373565674,1.0,-1.9289318323135376,-1.8921436071395874,-22.9,9.898964285850525,4.04728102684021,0.0,0.0,36.0,1.0,13.0,7.0,6.0,2.0,74.0,74.0,6.0,9.0,0.0
10173,9.898964285850525,4.04728102684021,0.0,0.0,36.0,1.0,13.0,7.0,6.0,2.0,74.0,74.0,6.0,9.0,5.0,-0.6524815559387207,-1.299018144607544,8.0,-1.8210290670394897,-1.9526448249816895,-24.627271259606097,9.246482729911804,2.748262882232666,0.0,0.0,37.0,2.0,14.0,8.0,7.0,1.0,75.0,75.0,7.0,10.0,0.0
10174,9.246482729911804,2.748262882232666,0.0,0.0,37.0,2.0,14.0,8.0,7.0,1.0,75.0,75.0,7.0,10.0,5.0,0.19944727420806885,1.0717382431030273,1.0,-1.6914358139038086,-0.8344978094100952,-25.009513042120005,9.445930004119873,3.8200011253356934,0.0,0.0,38.0,1.0,15.0,9.0,8.0,1.0,76.0,76.0,8.0,11.0,0.0
10175,9.445930004119873,3.8200011253356934,0.0,0.0,38.0,1.0,15.0,9.0,8.0,1.0,76.0,76.0,8.0,11.0,5.0,0.09295080602169037,-1.5216898918151855,1.0,-1.8466280698776245,-0.12761825323104858,-26.653651306933288,9.538880810141563,2.298311233520508,0.0,0.0,39.0,1.0,16.0,10.0,9.0,1.0,77.0,77.0,9.0,12.0,0.0
10176,9.538880810141563,2.298311233520508,0.0,0.0,39.0,1.0,16.0,10.0,9.0,1.0,77.0,77.0,9.0,12.0,4.0,1.0287022590637207,-0.9097509980201721,1.0,-1.9102147817611694,-1.328392744064331,-34.0211677538073,10.0,1.3885602355003357,0.0,0.0,40.0,1.0,17.0,11.0,1.0,2.0,78.0,78.0,10.0,13.0,0.0
10177,10.0,1.3885602355003357,0.0,0.0,40.0,1.0,17.0,11.0,1.0,2.0,78.0,78.0,10.0,13.0,5.0,1.075876235961914,1.6734918355941772,1.0,-1.9608901739120483,-1.681762456893921,-37.74463689676725,10.0,3.062052071094513,0.0,0.0,41.0,1.0,18.0,12.0,2.0,1.0,79.0,79.0,11.0,14.0,0.0
10178,10.0,3.062052071094513,0.0,0.0,41.0,1.0,18.0,12.0,2.0,1.0,79.0,79.0,11.0,14.0,5.0,-1.5451068878173828,1.108744502067566,8.0,-1.9306551218032837,-1.772641658782959,-26.961890007933288,8.454893112182617,4.170796573162079,0.0,0.0,42.0,2.0,19.0,13.0,3.0,1.0,80.0,80.0,12.0,15.0,0.0
10179,8.454893112182617,4.170796573162079,0.0,0.0,42.0,2.0,19.0,13.0,3.0,1.0,80.0,80.0,12.0,15.0,10.0,1.472206473350525,0.8437716364860535,8.0,-1.940383791923523,-1.6339783668518066,-27.7,9.927099585533142,5.014568209648132,0.0,0.0,43.0,3.0,20.0,14.0,4.0,2.0,81.0,81.0,13.0,16.0,0.0
10180,9.927099585533142,5.014568209648132,0.0,0.0,43.0,3.0,20.0,14.0,4.0,2.0,81.0,81.0,13.0,16.0,5.0,1.5245486497879028,-0.8729960322380066,1.0,-1.8370155096054077,-1.4653669595718384,-43.63445159383289,10.0,4.141572177410126,0.0,0.0,44.0,1.0,21.0,15.0,5.0,1.0,82.0,82.0,14.0,17.0,0.0
10181,10.0,4.141572177410126,0.0,0.0,44.0,1.0,21.0,15.0,5.0,1.0,82.0,82.0,14.0,17.0,4.0,1.7548973560333252,0.3981607258319855,8.0,-1.8605031967163086,-1.42755925655365,-47.40555965938873,10.0,4.539732903242111,0.0,0.0,45.0,2.0,22.0,16.0,1.0,2.0,83.0,83.0,15.0,18.0,0.0
10182,10.0,4.539732903242111,0.0,0.0,45.0,2.0,22.0,16.0,1.0,2.0,83.0,83.0,15.0,18.0,5.0,-0.7950909733772278,0.6667413115501404,1.0,-1.9311355352401733,-1.9581552743911743,-29.738626892264193,9.204909026622772,5.206474214792252,0.0,0.0,46.0,1.0,23.0,17.0,2.0,1.0,84.0,84.0,16.0,19.0,0.0
10183,9.204909026622772,5.206474214792252,0.0,0.0,46.0,1.0,23.0,17.0,2.0,1.0,84.0,84.0,16.0,19.0,5.0,-0.48688021302223206,-1.7717088460922241,1.0,-1.9568439722061157,-1.8488448858261108,-30.742111882260026,8.71802881360054,3.4347653687000275,0.0,0.0,47.0,1.0,24.0,18.0,3.0,1.0,85.0,85.0,17.0,20.0,0.0
10184,8.71802881360054,3.4347653687000275,0.0,0.0,47.0,1.0,24.0,18.0,3.0,1.0,85.0,85.0,17.0,20.0,5.0,-0.07770847529172897,-1.0666651725769043,1.0,-1.9948859214782715,-0.8819231986999512,-32.23172088812349,8.640320338308811,2.368100196123123,0.0,0.0,48.0,1.0,25.0,19.0,4.0,1.0,86.0,86.0,18.0,21.0,0.0
10185,8.640320338308811,2.368100196123123,0.0,0.0,48.0,1.0,25.0,19.0,4.0,1.0,86.0,86.0,18.0,21.0,5.0,0.5699145197868347,1.1640545129776,1.0,-1.9495248794555664,-0.5051985383033752,-32.367145519508746,9.210234858095646,3.5321547091007233,0.0,0.0,49.0,1.0,26.0,20.0,5.0,1.0,87.0,87.0,19.0,22.0,0.0
10186,9.210234858095646,3.5321547091007233,0.0,0.0,49.0,1.0,26.0,20.0,5.0,1.0,87.0,87.0,19.0,22.0,10.0,0.8399456143379211,1.523581624031067,1.0,-1.9787815809249878,-1.9090079069137573,-33.20180472433567,10.0,5.05573633313179,0.0,0.0,50.0,1.0,27.0,21.0,6.0,2.0,88.0,88.0,20.0,23.0,0.0
10187,10.0,5.05573633313179,0.0,0.0,50.0,1.0,27.0,21.0,6.0,2.0,88.0,88.0,20.0,23.0,5.0,-0.001758634578436613,-0.26614806056022644,1.0,-1.9513604640960693,-1.2291767597198486,-33.90979504403545,9.998241365421563,4.789588272571564,0.0,0.0,51.0,1.0,28.0,22.0,7.0,1.0,89.0,89.0,21.0,24.0,0.0
10188,9.998241365421563,4.789588272571564,0.0,0.0,51.0,1.0,28.0,22.0,7.0,1.0,89.0,89.0,21.0,24.0,10.0,0.6702737808227539,-1.0248867273330688,1.0,-1.9933826923370361,-1.8558740615844727,-40.98515146244317,10.0,3.764701545238495,0.0,0.0,52.0,1.0,29.0,23.0,8.0,2.0,90.0,90.0,22.0,25.0,0.0
10189,10.0,3.764701545238495,0.0,0.0,52.0,1.0,29.0,23.0,8.0,2.0,90.0,90.0,22.0,25.0,5.0,0.30353766679763794,1.8577072620391846,1.0,-1.9903349876403809,-1.8856146335601807,-38.59917254009979,10.0,5.622408807277679,0.0,0.0,53.0,1.0,30.0,24.0,9.0,1.0,91.0,91.0,23.0,26.0,0.0
10190,10.0,5.622408807277679,0.0,0.0,53.0,1.0,30.0,24.0,9.0,1.0,91.0,91.0,23.0,26.0,5.0,1.0698776245117188,0.9535152316093445,8.0,-1.9949121475219727,-1.9728224277496338,-47.387474414450196,10.0,6.575924038887024,0.0,0.0,54.0,2.0,31.0,25.0,10.0,1.0,92.0,92.0,24.0,27.0,0.0
10191,10.0,6.575924038887024,0.0,0.0,54.0,2.0,31.0,25.0,10.0,1.0,92.0,92.0,24.0,27.0,5.0,0.6916568279266357,0.05214674025774002,8.0,-1.9611507654190063,-1.953804850578308,-44.53116352086164,10.0,6.628070779144764,0.0,0.0,55.0,3.0,32.0,26.0,11.0,1.0,93.0,93.0,25.0,28.0,0.0
10192,10.0,6.628070779144764,0.0,0.0,55.0,3.0,32.0,26.0,11.0,1.0,93.0,93.0,25.0,28.0,5.0,1.0256991386413574,1.7728581428527832,1.0,-1.9915753602981567,-1.6262314319610596,-50.15352060394788,10.0,8.400928921997547,0.0,0.0,56.0,1.0,33.0,27.0,12.0,1.0,94.0,94.0,26.0,29.0,0.0
10193,10.0,8.400928921997547,0.0,0.0,56.0,1.0,33.0,27.0,12.0,1.0,94.0,94.0,26.0,29.0,4.0,1.197515606880188,0.6705160737037659,1.0,-1.9665441513061523,-1.2865118980407715,-52.76828904352018,10.0,9.071444995701313,0.0,0.0,57.0,1.0,34.0,28.0,1.0,2.0,95.0,95.0,27.0,30.0,0.0
10194,10.0,9.071444995701313,0.0,0.0,57.0,1.0,34.0,28.0,1.0,2.0,95.0,95.0,27.0,30.0,8.0,-1.178137183189392,0.7386254668235779,8.0,-1.9913461208343506,-1.942813515663147,-39.88595191772545,8.821862816810608,9.810070462524891,0.0,0.0,58.0,2.0,35.0,29.0,2.0,3.0,96.0,96.0,1.0,31.0,0.0
10195,8.821862816810608,9.810070462524891,0.0,0.0,58.0,2.0,35.0,29.0,2.0,3.0,96.0,96.0,1.0,31.0,10.0,1.0556211471557617,-0.06942515820264816,1.0,-1.8237069845199585,-1.9103176593780518,-36.3,9.87748396396637,9.740645304322243,0.0,0.0,59.0,1.0,36.0,30.0,3.0,4.0,97.0,97.0,2.0,32.0,0.0
10196,9.87748396396637,9.740645304322243,0.0,0.0,59.0,1.0,36.0,30.0,3.0,4.0,97.0,97.0,2.0,32.0,5.0,1.087512493133545,0.8621477484703064,1.0,-1.3001445531845093,-1.889920949935913,-52.45670072370394,10.0,10.0,0.0,0.0,60.0,1.0,37.0,31.0,4.0,1.0,98.0,98.0,3.0,33.0,0.0
10197,10.0,10.0,0.0,0.0,60.0,1.0,37.0,31.0,4.0,1.0,98.0,98.0,3.0,33.0,10.0,0.666238009929657,1.0062222480773926,1.0,-1.9565476179122925,-0.8878268599510193,-49.667958810009885,10.0,10.0,0.0,0.0,61.0,1.0,38.0,32.0,5.0,2.0,99.0,99.0,4.0,34.0,0.0
10198,10.0,10.0,0.0,0.0,61.0,1.0,38.0,32.0,5.0,2.0,99.0,99.0,4.0,34.0,5.0,0.13397686183452606,0.89510178565979,1.0,-1.7124394178390503,-1.955119013786316,-51.72947928662863,10.0,10.0,0.0,0.0,62.0,1.0,39.0,33.0,6.0,1.0,100.0,100.0,5.0,35.0,0.0
10199,10.0,10.0,0.0,0.0,62.0,1.0,39.0,33.0,6.0,1.0,100.0,100.0,5.0,35.0,5.0,1.9188201427459717,1.0355641841888428,2.0,-1.5981996059417725,-1.9974075555801392,-65.08302462628,10.0,10.0,0.0,0.0,63.0,2.0,40.0,34.0,7.0,1.0,100.0,100.0,6.0,36.0,1.0
10200,8.682385444641113,0.1501942127943039,1.0574421882629395,3.760570764541626,1.0,1.0,1.0,1.0,1.0,1.0,1.0,1.0,1.0,1.0,2.0,-1.99308443069458,1.9771265983581543,4.0,-1.982601523399353,-1.8604674339294434,-305.7407197894529,6.689301013946533,2.127320811152458,0.0,1.9001033306121826,2.0,2.0,1.0,2.0,2.0,2.0,2.0,2.0,2.0,2.0,0.0
10201,6.689301013946533,2.127320811152458,0.0,1.9001033306121826,2.0,2.0,1.0,2.0,2.0,2.0,2.0,2.0,2.0,2.0,8.0,-1.9803178310394287,1.2588038444519043,0.0,-1.469162106513977,-1.8089406490325928,-5.556127262945068,4.7089831829071045,3.3861246556043625,0.0,0.09116268157958984,1.0,3.0,2.0,3.0,3.0,3.0,3.0,3.0,1.0,3.0,0.0
10202,4.7089831829071045,3.3861246556043625,0.0,0.09116268157958984,1.0,3.0,2.0,3.0,3.0,3.0,3.0,3.0,1.0,3.0,8.0,-0.3360007405281067,1.0570813417434692,4.0,-1.4353617429733276,0.41448768973350525,-5.024881348930856,4.372982442378998,4.443205997347832,0.0,0.5056503713130951,2.0,4.0,3.0,4.0,4.0,4.0,4.0,4.0,1.0,4.0,0.0
10203,4.372982442378998,4.443205997347832,0.0,0.5056503713130951,2.0,4.0,3.0,4.0,4.0,4.0,4.0,4.0,1.0,4.0,8.0,-1.3451429605484009,-1.5729097127914429,0.0,-1.453794240951538,-1.8798415660858154,-7.923784147711366,3.027839481830597,2.870296284556389,0.0,0.0,1.0,5.0,4.0,5.0,5.0,5.0,5.0,5.0,1.0,5.0,0.0
10204,3.027839481830597,2.870296284556389,0.0,0.0,1.0,5.0,4.0,5.0,5.0,5.0,5.0,5.0,1.0,5.0,5.0,0.8979092240333557,0.27038344740867615,0.0,-1.8035162687301636,-0.11539645493030548,-8.534031247959776,3.9257487058639526,3.140679731965065,0.0,0.0,1.0,6.0,5.0,6.0,6.0,1.0,6.0,6.0,2.0,6.0,0.0
10205,3.9257487058639526,3.140679731965065,0.0,0.0,1.0,6.0,5.0,6.0,6.0,1.0,6.0,6.0,2.0,6.0,10.0,-1.3360099792480469,-1.580071210861206,4.0,-1.7478042840957642,-0.6082267761230469,-5.5,2.5897387266159058,1.560608521103859,0.0,0.0,2.0,7.0,6.0,7.0,7.0,2.0,7.0,7.0,3.0,7.0,0.0
10206,2.5897387266159058,1.560608521103859,0.0,0.0,2.0,7.0,6.0,7.0,7.0,2.0,7.0,7.0,3.0,7.0,9.0,1.2868075370788574,1.5198030471801758,3.0,-1.2323870658874512,0.12270350754261017,-6.249708573642916,3.876546263694763,3.0804115682840347,0.0,0.12270350754261017,3.0,8.0,7.0,1.0,8.0,3.0,8.0,8.0,4.0,1.0,0.0
10207,3.876546263694763,3.0804115682840347,0.0,0.12270350754261017,3.0,8.0,7.0,1.0,8.0,3.0,8.0,8.0,4.0,1.0,1.0,1.2928705215454102,-0.23680493235588074,0.0,-1.1124323606491089,-1.9711483716964722,-5.992710566094214,5.169416785240173,2.843606635928154,0.0,0.0,1.0,1.0,8.0,2.0,9.0,4.0,9.0,9.0,5.0,2.0,0.0
10208,5.169416785240173,2.843606635928154,0.0,0.0,1.0,1.0,8.0,2.0,9.0,4.0,9.0,9.0,5.0,2.0,8.0,1.2295492887496948,0.6205371022224426,0.0,-0.7837594747543335,-0.10023082047700882,-9.071691968521828,6.398966073989868,3.4641437381505966,0.0,0.0,1.0,2.0,9.0,3.0,10.0,5.0,10.0,10.0,1.0,3.0,0.0
10209,6.398966073989868,3.4641437381505966,0.0,0.0,1.0,2.0,9.0,3.0,10.0,5.0,10.0,10.0,1.0,3.0,8.0,-0.7631436586380005,1.0475865602493286,0.0,-1.0897575616836548,1.1135504245758057,-8.253878971530636,5.635822415351868,4.511730298399925,0.0,1.1135504245758057,1.0,3.0,10.0,4.0,11.0,6.0,11.0,11.0,1.0,4.0,0.0
10210,5.635822415351868,4.511730298399925,0.0,1.1135504245758057,1.0,3.0,10.0,4.0,11.0,6.0,11.0,11.0,1.0,4.0,8.0,0.046020638197660446,-0.38575994968414307,0.0,-0.4403773844242096,-1.7958389520645142,-9.457964182400275,5.681843053549528,4.125970348715782,0.0,0.0,1.0,4.0,11.0,5.0,12.0,7.0,12.0,12.0,1.0,5.0,0.0
10211,5.681843053549528,4.125970348715782,0.0,0.0,1.0,4.0,11.0,5.0,12.0,7.0,12.0,12.0,1.0,5.0,8.0,1.0773377418518066,0.6305418610572815,0.0,-0.5978546738624573,-0.5600157380104065,-10.401669607109554,6.759180795401335,4.756512209773064,0.0,0.0,1.0,5.0,12.0,6.0,13.0,8.0,13.0,13.0,1.0,6.0,0.0
10212,6.759180795401335,4.756512209773064,0.0,0.0,1.0,5.0,12.0,6.0,13.0,8.0,13.0,13.0,1.0,6.0,8.0,1.4153952598571777,0.9855989813804626,4.0,0.021094046533107758,0.31900671124458313,-12.035175037337837,8.174576055258512,5.742111191153526,0.021094046533107758,0.31900671124458313,2.0,6.0,13.0,7.0,14.0,9.0,14.0,14.0,1.0,7.0,0.0
10213,8.174576055258512,5.742111191153526,0.021094046533107758,0.31900671124458313,2.0,6.0,13.0,7.0,14.0,9.0,14.0,14.0,1.0,7.0,8.0,-0.406266987323761,0.8279710412025452,0.0,0.7970505952835083,1.4023761749267578,-12.090059544339168,7.7683090679347515,6.5700822323560715,0.8181446418166161,1.721382886171341,1.0,7.0,14.0,8.0,15.0,10.0,15.0,15.0,1.0,8.0,0.0
10214,7.7683090679347515,6.5700822323560715,0.8181446418166161,1.721382886171341,1.0,7.0,14.0,8.0,15.0,10.0,15.0,15.0,1.0,8.0,8.0,-1.5639311075210571,-0.24137872457504272,0.0,-0.39160487055778503,-0.536497950553894,-11.420838738081526,6.204377960413694,6.328703507781029,0.426539771258831,1.184884935617447,1.0,8.0,15.0,9.0,16.0,11.0,16.0,16.0,1.0,9.0,0.0
10215,6.204377960413694,6.328703507781029,0.426539771258831,1.184884935617447,1.0,8.0,15.0,9.0,16.0,11.0,16.0,16.0,1.0,9.0,8.0,1.287258267402649,0.14620032906532288,0.0,-1.3857550621032715,-1.2145819664001465,-13.30756358212234,7.491636227816343,6.474903836846352,0.0,0.0,1.0,9.0,16.0,10.0,17.0,12.0,17.0,17.0,1.0,10.0,0.0
10216,7.491636227816343,6.474903836846352,0.0,0.0,1.0,9.0,16.0,10.0,17.0,12.0,17.0,17.0,1.0,10.0,8.0,-1.7674505710601807,-1.7494151592254639,0.0,0.8705008029937744,-1.9185532331466675,-13.708963034830903,5.724185656756163,4.725488677620888,0.8705008029937744,0.0,1.0,10.0,17.0,11.0,18.0,13.0,18.0,18.0,1.0,11.0,0.0
10217,5.724185656756163,4.725488677620888,0.8705008029937744,0.0,1.0,10.0,17.0,11.0,18.0,13.0,18.0,18.0,1.0,11.0,8.0,1.6036434173583984,1.088981032371521,0.0,-1.1036449670791626,-0.7623942494392395,-15.011896099283563,7.327829074114561,5.814469709992409,0.0,0.0,1.0,11.0,18.0,12.0,19.0,14.0,19.0,19.0,1.0,12.0,0.0
10218,7.327829074114561,5.814469709992409,0.0,0.0,1.0,11.0,18.0,12.0,19.0,14.0,19.0,19.0,1.0,12.0,8.0,-0.21786417067050934,1.6942455768585205,0.0,1.4691630601882935,-0.27056533098220825,-15.154153436816193,7.109964903444052,7.508715286850929,1.4691630601882935,0.0,1.0,12.0,19.0,13.0,20.0,15.0,20.0,20.0,1.0,13.0,0.0
10219,7.109964903444052,7.508715286850929,1.4691630601882935,0.0,1.0,12.0,19.0,13.0,20.0,15.0,20.0,20.0,1.0,13.0,8.0,-0.9244895577430725,0.039618585258722305,0.0,1.188233733177185,0.31960633397102356,-15.19568899072829,6.185475345700979,7.548333872109652,2.6573967933654785,0.31960633397102356,1.0,13.0,20.0,14.0,21.0,16.0,21.0,21.0,1.0,14.0,0.0
10220,6.185475345700979,7.548333872109652,2.6573967933654785,0.31960633397102356,1.0,13.0,20.0,14.0,21.0,16.0,21.0,21.0,1.0,14.0,10.0,0.1213008463382721,0.09905090183019638,0.0,0.778342068195343,-1.9418628215789795,-15.2,6.306776192039251,7.647384773939848,3.4357388615608215,0.0,1.0,14.0,21.0,15.0,22.0,17.0,22.0,22.0,2.0,15.0,0.0
10221,6.306776192039251,7.647384773939848,3.4357388615608215,0.0,1.0,14.0,21.0,15.0,22.0,17.0,22.0,22.0,2.0,15.0,8.0,-1.5506471395492554,1.348285436630249,4.0,-1.5443830490112305,-0.23726531863212585,-16.490357881034964,4.756129052489996,8.995670210570097,1.891355812549591,0.0,2.0,15.0,22.0,16.0,1.0,18.0,23.0,23.0,1.0,16.0,0.0
10222,4.756129052489996,8.995670210570097,1.891355812549591,0.0,2.0,15.0,22.0,16.0,1.0,18.0,23.0,23.0,1.0,16.0,0.0,0.6589264273643494,0.9238404035568237,1.0,-1.7404141426086426,-0.5888471603393555,-26.74670105258641,5.415055479854345,9.91951061412692,0.1509416699409485,0.0,3.0,1.0,23.0,17.0,2.0,19.0,24.0,24.0,2.0,17.0,0.0
10223,5.415055479854345,9.91951061412692,0.1509416699409485,0.0,3.0,1.0,23.0,17.0,2.0,19.0,24.0,24.0,2.0,17.0,8.0,0.5064708590507507,-0.3597419857978821,0.0,-0.9674306511878967,-1.6179181337356567,-15.384911092369949,5.921526338905096,9.559768628329039,0.0,0.0,1.0,2.0,24.0,18.0,3.0,20.0,25.0,25.0,1.0,18.0,0.0
10224,5.921526338905096,9.559768628329039,0.0,0.0,1.0,2.0,24.0,18.0,3.0,20.0,25.0,25.0,1.0,18.0,8.0,0.08472733199596405,1.8103556632995605,0.0,-0.7535337209701538,-0.04918155074119568,-30.048876254046608,6.00625367090106,10.0,0.0,0.0,1.0,3.0,25.0,19.0,4.0,21.0,26.0,26.0,1.0,19.0,0.0
10225,6.00625367090106,10.0,0.0,0.0,1.0,3.0,25.0,19.0,4.0,21.0,26.0,26.0,1.0,19.0,8.0,0.9105899930000305,1.8458480834960938,0.0,0.45064353942871094,-0.5567458271980286,-36.30096726370513,6.916843663901091,10.0,0.45064353942871094,0.0,1.0,4.0,26.0,20.0,5.0,22.0,27.0,27.0,1.0,20.0,0.0
10226,6.916843663901091,10.0,0.45064353942871094,0.0,1.0,4.0,26.0,20.0,5.0,22.0,27.0,27.0,1.0,20.0,8.0,-0.3165203332901001,1.9431160688400269,0.0,-1.6873478889465332,-0.9275467395782471,-37.80297130907684,6.6003233306109905,10.0,0.0,0.0,1.0,5.0,27.0,21.0,6.0,23.0,28.0,28.0,1.0,21.0,0.0
10227,6.6003233306109905,10.0,0.0,0.0,1.0,5.0,27.0,21.0,6.0,23.0,28.0,28.0,1.0,21.0,8.0,-1.4652119874954224,1.773350477218628,0.0,-0.759688675403595,-1.815726399421692,-36.05696882518308,5.135111343115568,10.0,0.0,0.0,1.0,6.0,28.0,22.0,7.0,24.0,29.0,29.0,1.0,22.0,0.0
10228,5.135111343115568,10.0,0.0,0.0,1.0,6.0,28.0,22.0,7.0,24.0,29.0,29.0,1.0,22.0,8.0,-1.9180703163146973,1.8184399604797363,0.0,-0.9564772248268127,-1.0311706066131592,-37.203168441622886,3.217041026800871,10.0,0.0,0.0,1.0,7.0,29.0,23.0,8.0,25.0,30.0,30.0,1.0,23.0,0.0
10229,3.217041026800871,10.0,0.0,0.0,1.0,7.0,29.0,23.0,8.0,25.0,30.0,30.0,1.0,23.0,8.0,-0.3284459710121155,1.7767962217330933,0.0,-1.5428454875946045,-1.1411246061325073,-37.6831714645836,2.8885950557887554,10.0,0.0,0.0,1.0,8.0,30.0,24.0,9.0,26.0,31.0,31.0,1.0,24.0,0.0
10230,2.8885950557887554,10.0,0.0,0.0,1.0,8.0,30.0,24.0,9.0,26.0,31.0,31.0,1.0,24.0,8.0,0.03097262792289257,1.6617698669433594,4.0,-0.9457159638404846,1.651462197303772,-37.322385437896024,2.919567683711648,10.0,0.0,1.651462197303772,2.0,9.0,31.0,25.0,10.0,27.0,32.0,32.0,1.0,25.0,0.0
10231,2.919567683711648,10.0,0.0,1.651462197303772,2.0,9.0,31.0,25.0,10.0,27.0,32.0,32.0,1.0,25.0,8.0,1.0600688457489014,1.2682700157165527,0.0,-0.6176115870475769,0.5947006940841675,-34.10651443116005,3.9796365294605494,10.0,0.0,2.2461628913879395,1.0,10.0,32.0,26.0,11.0,28.0,33.0,33.0,1.0,26.0,0.0
10232,3.9796365294605494,10.0,0.0,2.2461628913879395,1.0,10.0,32.0,26.0,11.0,28.0,33.0,33.0,1.0,26.0,8.0,-0.12354353815317154,1.6969188451766968,4.0,-0.8947450518608093,-0.7834067344665527,-39.096148381975354,3.856092991307378,10.0,0.0,1.4627561569213867,2.0,11.0,33.0,27.0,12.0,29.0,34.0,34.0,1.0,27.0,0.0
10233,3.856092991307378,10.0,0.0,1.4627561569213867,2.0,11.0,33.0,27.0,12.0,29.0,34.0,34.0,1.0,27.0,8.0,1.522434949874878,1.7267520427703857,0.0,-1.3997496366500854,1.4421696662902832,-40.58582301681999,5.378527941182256,10.0,0.0,2.90492582321167,1.0,12.0,34.0,28.0,13.0,30.0,35.0,35.0,1.0,28.0,0.0
10234,5.378527941182256,10.0,0.0,2.90492582321167,1.0,12.0,34.0,28.0,13.0,30.0,35.0,35.0,1.0,28.0,8.0,0.9846652746200562,1.9434176683425903,2.0,-1.987402319908142,1.906671404838562,-44.02355242058408,6.363193215802312,10.0,0.0,4.811597228050232,2.0,13.0,1.0,29.0,14.0,31.0,36.0,36.0,1.0,29.0,0.0
10235,6.363193215802312,10.0,0.0,4.811597228050232,2.0,13.0,1.0,29.0,14.0,31.0,36.0,36.0,1.0,29.0,8.0,-0.13202981650829315,1.8363510370254517,2.0,-1.873430848121643,-1.6705683469772339,-40.35886433797865,6.231163399294019,10.0,0.0,3.141028881072998,3.0,14.0,1.0,30.0,15.0,32.0,37.0,37.0,1.0,30.0,0.0
10236,6.231163399294019,10.0,0.0,3.141028881072998,3.0,14.0,1.0,30.0,15.0,32.0,37.0,37.0,1.0,30.0,5.0,-1.075716257095337,-0.2506427764892578,1.0,-1.3993139266967773,-1.0985029935836792,-23.185076317546798,5.155447142198682,9.749357223510742,0.0,2.042525887489319,4.0,1.0,2.0,31.0,16.0,1.0,38.0,38.0,2.0,31.0,0.0
10237,5.155447142198682,9.749357223510742,0.0,2.042525887489319,4.0,1.0,2.0,31.0,16.0,1.0,38.0,38.0,2.0,31.0,10.0,-1.2226999998092651,0.4642174243927002,3.0,-1.8574329614639282,-1.5874073505401611,-19.535746479034422,3.9327471423894167,10.0,0.0,0.4551185369491577,5.0,2.0,3.0,1.0,17.0,2.0,39.0,39.0,3.0,32.0,0.0
10238,3.9327471423894167,10.0,0.0,0.4551185369491577,5.0,2.0,3.0,1.0,17.0,2.0,39.0,39.0,3.0,32.0,9.0,-1.6778262853622437,0.8250093460083008,1.0,1.7511662244796753,-0.8545584082603455,-28.10940334696265,2.254920857027173,10.0,1.7511662244796753,0.0,6.0,1.0,4.0,2.0,18.0,3.0,40.0,40.0,4.0,1.0,0.0
10239,2.254920857027173,10.0,1.7511662244796753,0.0,6.0,1.0,4.0,2.0,18.0,3.0,40.0,40.0,4.0,1.0,10.0,-1.2737030982971191,-1.8184945583343506,3.0,-1.8504748344421387,-1.5402421951293945,-12.9,0.9812177587300539,8.18150544166565,0.0,0.0,7.0,2.0,5.0,1.0,19.0,4.0,41.0,41.0,5.0,2.0,0.0
10240,0.9812177587300539,8.18150544166565,0.0,0.0,7.0,2.0,5.0,1.0,19.0,4.0,41.0,41.0,5.0,2.0,4.0,-1.0248383283615112,-1.9555193185806274,10.0,-1.6836801767349243,1.6608151197433472,-21.342927202284116,0.0,6.225986123085022,0.0,1.6608151197433472,8.0,3.0,6.0,2.0,1.0,5.0,42.0,42.0,6.0,3.0,0.0
10241,0.0,6.225986123085022,0.0,1.6608151197433472,8.0,3.0,6.0,2.0,1.0,5.0,42.0,42.0,6.0,3.0,10.0,0.8131598234176636,1.520719289779663,2.0,-1.7815643548965454,-1.29864501953125,-12.8,0.8131598234176636,7.746705412864685,0.0,0.36217010021209717,9.0,4.0,7.0,3.0,2.0,6.0,43.0,43.0,7.0,4.0,0.0
10242,0.8131598234176636,7.746705412864685,0.0,0.36217010021209717,9.0,4.0,7.0,3.0,2.0,6.0,43.0,43.0,7.0,4.0,10.0,1.4942941665649414,-1.232999563217163,1.0,-1.9238452911376953,-0.32915887236595154,-13.8,2.307453989982605,6.513705849647522,0.0,0.03301122784614563,10.0,1.0,8.0,4.0,3.0,7.0,44.0,44.0,8.0,5.0,0.0
10243,2.307453989982605,6.513705849647522,0.0,0.03301122784614563,10.0,1.0,8.0,4.0,3.0,7.0,44.0,44.0,8.0,5.0,4.0,-0.08680855482816696,1.3478784561157227,1.0,-1.983439326286316,-0.3494110107421875,-19.844338650853658,2.220645435154438,7.861584305763245,0.0,0.0,11.0,1.0,9.0,5.0,1.0,8.0,45.0,45.0,9.0,6.0,0.0
10244,2.220645435154438,7.861584305763245,0.0,0.0,11.0,1.0,9.0,5.0,1.0,8.0,45.0,45.0,9.0,6.0,5.0,-0.8687297105789185,-1.6265947818756104,2.0,-1.7635445594787598,-1.7297701835632324,-22.51114772956585,1.3519157245755196,6.234989523887634,0.0,0.0,12.0,2.0,10.0,6.0,2.0,1.0,46.0,46.0,10.0,7.0,0.0
10245,1.3519157245755196,6.234989523887634,0.0,0.0,12.0,2.0,10.0,6.0,2.0,1.0,46.0,46.0,10.0,7.0,5.0,-0.2171434909105301,1.1598938703536987,1.0,-1.9438929557800293,0.3318644165992737,-24.55221721091079,1.1347722336649895,7.394883394241333,0.0,0.3318644165992737,13.0,1.0,11.0,7.0,3.0,1.0,47.0,47.0,11.0,8.0,0.0
10246,1.1347722336649895,7.394883394241333,0.0,0.3318644165992737,13.0,1.0,11.0,7.0,3.0,1.0,47.0,47.0,11.0,8.0,10.0,1.5374642610549927,0.7420707941055298,2.0,-1.5758593082427979,-1.015838384628296,-15.9,2.672236494719982,8.136954188346863,0.0,0.0,14.0,2.0,12.0,8.0,4.0,2.0,48.0,48.0,12.0,9.0,0.0
10247,2.672236494719982,8.136954188346863,0.0,0.0,14.0,2.0,12.0,8.0,4.0,2.0,48.0,48.0,12.0,9.0,10.0,1.9049386978149414,1.0892475843429565,8.0,-1.9603323936462402,-0.260450154542923,-16.9,4.5771751925349236,9.22620177268982,0.0,0.0,15.0,3.0,13.0,9.0,5.0,3.0,49.0,49.0,13.0,10.0,0.0
10248,4.5771751925349236,9.22620177268982,0.0,0.0,15.0,3.0,13.0,9.0,5.0,3.0,49.0,49.0,13.0,10.0,4.0,0.650801420211792,0.22836166620254517,1.0,-1.889035940170288,-1.6185532808303833,-21.43080998401808,5.2279766127467155,9.454563438892365,0.0,0.0,16.0,1.0,14.0,10.0,1.0,4.0,50.0,50.0,14.0,11.0,0.0
10249,5.2279766127467155,9.454563438892365,0.0,0.0,16.0,1.0,14.0,10.0,1.0,4.0,50.0,50.0,14.0,11.0,5.0,-0.7946682572364807,0.3022312521934509,8.0,-1.6739712953567505,-1.6558276414871216,-23.925586882998285,4.433308355510235,9.756794691085815,0.0,0.0,17.0,2.0,15.0,11.0,2.0,1.0,51.0,51.0,15.0,12.0,0.0
10250,4.433308355510235,9.756794691085815,0.0,0.0,17.0,2.0,15.0,11.0,2.0,1.0,51.0,51.0,15.0,12.0,10.0,1.4754070043563843,1.435296893119812,5.0,-1.760207176208496,-1.5861327648162842,-30.620915842056274,5.908715359866619,10.0,0.0,0.0,18.0,3.0,16.0,12.0,3.0,2.0,52.0,52.0,16.0,13.0,0.0
10251,5.908715359866619,10.0,0.0,0.0,18.0,3.0,16.0,12.0,3.0,2.0,52.0,52.0,16.0,13.0,8.0,-1.844032883644104,0.5134109258651733,0.0,-1.779344916343689,-1.8849161863327026,-24.358507751174926,4.064682476222515,10.0,0.0,0.0,1.0,4.0,17.0,13.0,4.0,3.0,53.0,53.0,1.0,14.0,0.0
10252,4.064682476222515,10.0,0.0,0.0,1.0,4.0,17.0,13.0,4.0,3.0,53.0,53.0,1.0,14.0,10.0,-0.7845958471298218,0.5674871802330017,1.0,-1.9264928102493286,-1.7500760555267334,-22.974871802330018,3.2800866290926933,10.0,0.0,0.0,2.0,1.0,18.0,14.0,5.0,4.0,54.0,54.0,2.0,15.0,0.0
10253,3.2800866290926933,10.0,0.0,0.0,2.0,1.0,18.0,14.0,5.0,4.0,54.0,54.0,2.0,15.0,10.0,-1.171023964881897,0.437046617269516,1.0,-1.7512314319610596,-0.960896909236908,-22.27046617269516,2.1090626642107964,10.0,0.0,0.0,3.0,1.0,19.0,15.0,6.0,5.0,55.0,55.0,3.0,16.0,0.0
10254,2.1090626642107964,10.0,0.0,0.0,3.0,1.0,19.0,15.0,6.0,5.0,55.0,55.0,3.0,16.0,10.0,-0.3085322082042694,-0.04945255070924759,1.0,-1.7222203016281128,-0.4503772258758545,-18.8,1.800530456006527,9.950547449290752,0.0,0.0,4.0,1.0,20.0,16.0,7.0,6.0,56.0,56.0,4.0,17.0,0.0
10255,1.800530456006527,9.950547449290752,0.0,0.0,4.0,1.0,20.0,16.0,7.0,6.0,56.0,56.0,4.0,17.0,10.0,-1.8119752407073975,-1.45119309425354,1.0,-0.3533390164375305,0.8280619978904724,-19.814447847008704,0.0,8.499354355037212,0.0,0.8280619978904724,5.0,1.0,21.0,17.0,8.0,7.0,57.0,57.0,5.0,18.0,0.0
10256,0.0,8.499354355037212,0.0,0.8280619978904724,5.0,1.0,21.0,17.0,8.0,7.0,57.0,57.0,5.0,18.0,10.0,-1.5351449251174927,0.6344033479690552,2.0,-0.45045772194862366,-1.672084093093872,-35.95144925117493,0.0,9.133757703006268,0.0,0.0,6.0,2.0,22.0,18.0,9.0,8.0,58.0,58.0,6.0,19.0,0.0
10257,0.0,9.133757703006268,0.0,0.0,6.0,2.0,22.0,18.0,9.0,8.0,58.0,58.0,6.0,19.0,10.0,1.5951365232467651,-0.011819802224636078,1.0,-1.3112106323242188,0.32011711597442627,-21.6,1.5951365232467651,9.121937900781631,0.0,0.32011711597442627,7.0,1.0,23.0,19.0,10.0,9.0,59.0,59.0,7.0,20.0,0.0
10258,1.5951365232467651,9.121937900781631,0.0,0.32011711597442627,7.0,1.0,23.0,19.0,10.0,9.0,59.0,59.0,7.0,20.0,8.0,0.3220524191856384,1.449061632156372,2.0,-1.6570141315460205,-1.986620306968689,-29.20615112411654,1.9171889424324036,10.0,0.0,0.0,8.0,2.0,24.0,20.0,11.0,10.0,60.0,60.0,1.0,21.0,0.0
10259,1.9171889424324036,10.0,0.0,0.0,8.0,2.0,24.0,20.0,11.0,10.0,60.0,60.0,1.0,21.0,10.0,-1.1567184925079346,-0.505791962146759,1.0,0.11148863285779953,0.780938982963562,-22.7,0.760470449924469,9.494208037853241,0.11148863285779953,0.780938982963562,9.0,1.0,25.0,21.0,12.0,11.0,61.0,61.0,2.0,22.0,0.0
10260,0.760470449924469,9.494208037853241,0.11148863285779953,0.780938982963562,9.0,1.0,25.0,21.0,12.0,11.0,61.0,61.0,2.0,22.0,9.0,-0.542222261428833,0.7580710649490356,1.0,-1.7173479795455933,-1.6044024229049683,-32.3797816840648,0.218248188495636,10.0,0.0,0.0,10.0,1.0,26.0,22.0,13.0,12.0,62.0,62.0,3.0,1.0,0.0
10261,0.218248188495636,10.0,0.0,0.0,10.0,1.0,26.0,22.0,13.0,12.0,62.0,62.0,3.0,1.0,10.0,1.7418440580368042,-0.8080276250839233,2.0,-1.508156657218933,-0.9453508257865906,-22.2,1.9600922465324402,9.191972374916077,0.0,0.0,11.0,2.0,27.0,23.0,14.0,13.0,63.0,63.0,4.0,2.0,0.0
10262,1.9600922465324402,9.191972374916077,0.0,0.0,11.0,2.0,27.0,23.0,14.0,13.0,63.0,63.0,4.0,2.0,10.0,0.8667885661125183,-1.5760513544082642,2.0,-0.9690529704093933,-1.5171223878860474,-23.2,2.8268808126449585,7.6159210205078125,0.0,0.0,12.0,3.0,28.0,24.0,15.0,14.0,64.0,64.0,5.0,3.0,0.0
10263,2.8268808126449585,7.6159210205078125,0.0,0.0,12.0,3.0,28.0,24.0,15.0,14.0,64.0,64.0,5.0,3.0,10.0,1.931540608406067,-1.4055486917495728,2.0,-1.414752721786499,-1.3208738565444946,-24.2,4.758421421051025,6.21037232875824,0.0,0.0,13.0,4.0,29.0,25.0,16.0,15.0,65.0,65.0,6.0,4.0,0.0
10264,4.758421421051025,6.21037232875824,0.0,0.0,13.0,4.0,29.0,25.0,16.0,15.0,65.0,65.0,6.0,4.0,10.0,1.0779170989990234,-1.433292269706726,2.0,-0.7468960881233215,-1.266070008277893,-25.2,5.836338520050049,4.777080059051514,0.0,0.0,14.0,5.0,30.0,26.0,17.0,16.0,66.0,66.0,7.0,5.0,0.0
10265,5.836338520050049,4.777080059051514,0.0,0.0,14.0,5.0,30.0,26.0,17.0,16.0,66.0,66.0,7.0,5.0,10.0,-0.4646093547344208,-1.051295280456543,4.0,-1.64229154586792,-0.117925263941288,-26.2,5.371729165315628,3.7257847785949707,0.0,0.0,15.0,6.0,31.0,27.0,18.0,17.0,67.0,67.0,8.0,6.0,0.0
10266,5.371729165315628,3.7257847785949707,0.0,0.0,15.0,6.0,31.0,27.0,18.0,17.0,67.0,67.0,8.0,6.0,10.0,1.4733229875564575,1.9096004962921143,2.0,-1.8430386781692505,-1.1930949687957764,-27.2,6.845052152872086,5.635385274887085,0.0,0.0,16.0,7.0,32.0,28.0,19.0,18.0,68.0,68.0,9.0,7.0,0.0
10267,6.845052152872086,5.635385274887085,0.0,0.0,16.0,7.0,32.0,28.0,19.0,18.0,68.0,68.0,9.0,7.0,10.0,0.2139779031276703,-0.998080313205719,1.0,-1.9522466659545898,1.190393328666687,-28.2,7.059030055999756,4.637304961681366,0.0,1.190393328666687,17.0,1.0,33.0,29.0,20.0,19.0,69.0,69.0,10.0,8.0,0.0
10268,7.059030055999756,4.637304961681366,0.0,1.190393328666687,17.0,1.0,33.0,29.0,20.0,19.0,69.0,69.0,10.0,8.0,10.0,-1.0097006559371948,0.6181851029396057,1.0,-1.9872245788574219,-0.5341219305992126,-28.5,6.049329400062561,5.255490064620972,0.0,0.6562713980674744,18.0,1.0,34.0,30.0,21.0,20.0,70.0,70.0,11.0,9.0,0.0
10269,6.049329400062561,5.255490064620972,0.0,0.6562713980674744,18.0,1.0,34.0,30.0,21.0,20.0,70.0,70.0,11.0,9.0,0.0,-1.5427125692367554,-0.789832353591919,1.0,-1.5848361253738403,-0.39326930046081543,-29.47007808975662,4.506616830825806,4.465657711029053,0.0,0.26300209760665894,1.0,1.0,35.0,31.0,22.0,21.0,71.0,71.0,12.0,10.0,0.0
10270,4.506616830825806,4.465657711029053,0.0,0.26300209760665894,1.0,1.0,35.0,31.0,22.0,21.0,71.0,71.0,12.0,10.0,10.0,1.0208171606063843,1.9254558086395264,2.0,-1.9192028045654297,1.4967303276062012,-28.5,5.52743399143219,6.391113519668579,0.0,1.75973242521286,2.0,2.0,36.0,32.0,23.0,22.0,72.0,72.0,13.0,11.0,0.0
10271,5.52743399143219,6.391113519668579,0.0,1.75973242521286,2.0,2.0,36.0,32.0,23.0,22.0,72.0,72.0,13.0,11.0,10.0,-1.8425068855285645,-1.5002505779266357,2.0,-1.9367247819900513,1.9397565126419067,-329.5,3.6849271059036255,4.890862941741943,0.0,3.699488937854767,3.0,3.0,1.0,33.0,24.0,23.0,73.0,73.0,14.0,12.0,0.0
10272,3.6849271059036255,4.890862941741943,0.0,3.699488937854767,3.0,3.0,1.0,33.0,24.0,23.0,73.0,73.0,14.0,12.0,10.0,-0.20003162324428558,1.8671448230743408,3.0,-1.9722553491592407,1.7048763036727905,-26.9,3.48489548265934,6.758007764816284,0.0,5.404365241527557,4.0,4.0,2.0,1.0,25.0,24.0,74.0,74.0,15.0,13.0,0.0
10273,3.48489548265934,6.758007764816284,0.0,5.404365241527557,4.0,4.0,2.0,1.0,25.0,24.0,74.0,74.0,15.0,13.0,8.0,0.7131074070930481,-1.59459388256073,2.0,-1.5053045749664307,-0.2373267263174057,-24.107320173647885,4.198002889752388,5.163413882255554,0.0,5.167038515210152,5.0,5.0,1.0,2.0,26.0,25.0,75.0,75.0,1.0,14.0,0.0
10274,4.198002889752388,5.163413882255554,0.0,5.167038515210152,5.0,5.0,1.0,2.0,26.0,25.0,75.0,75.0,1.0,14.0,10.0,1.05863618850708,-1.9143328666687012,1.0,-1.7405040264129639,-1.084277629852295,-23.9,5.256639078259468,3.249081015586853,0.0,4.082760885357857,6.0,1.0,2.0,3.0,27.0,26.0,76.0,76.0,2.0,15.0,0.0
10275,5.256639078259468,3.249081015586853,0.0,4.082760885357857,6.0,1.0,2.0,3.0,27.0,26.0,76.0,76.0,2.0,15.0,5.0,-1.0728486776351929,-1.9861128330230713,2.0,-1.5432583093643188,1.675745964050293,-27.00723617709244,4.183790400624275,1.2629681825637817,0.0,5.75850684940815,7.0,2.0,1.0,4.0,28.0,1.0,77.0,77.0,3.0,16.0,0.0
10276,4.183790400624275,1.2629681825637817,0.0,5.75850684940815,7.0,2.0,1.0,4.0,28.0,1.0,77.0,77.0,3.0,16.0,10.0,0.6755132675170898,-0.2447776198387146,1.0,-1.4055296182632446,0.10851260274648666,-22.6,4.859303668141365,1.0181905627250671,0.0,5.867019452154636,8.0,1.0,2.0,5.0,29.0,2.0,78.0,78.0,4.0,17.0,0.0
10277,4.859303668141365,1.0181905627250671,0.0,5.867019452154636,8.0,1.0,2.0,5.0,29.0,2.0,78.0,78.0,4.0,17.0,10.0,-1.3580323457717896,-1.882058024406433,1.0,-1.5037260055541992,0.4760541617870331,-32.03867461681366,3.5012713223695755,0.0,0.0,6.3430736139416695,9.0,2.0,3.0,6.0,30.0,3.0,79.0,79.0,5.0,18.0,0.0
10278,3.5012713223695755,0.0,0.0,6.3430736139416695,9.0,2.0,3.0,6.0,30.0,3.0,79.0,79.0,5.0,18.0,5.0,1.2897053956985474,-0.47918012738227844,1.0,-1.3513942956924438,0.20174339413642883,-35.054113598239255,4.790976718068123,0.0,0.0,6.544817008078098,10.0,3.0,4.0,7.0,31.0,1.0,80.0,80.0,6.0,19.0,0.0
10279,4.790976718068123,0.0,0.0,6.544817008078098,10.0,3.0,4.0,7.0,31.0,1.0,80.0,80.0,6.0,19.0,10.0,0.9583736658096313,-1.3103913068771362,2.0,-1.6418869495391846,-1.1527769565582275,-38.203913068771364,5.749350383877754,0.0,0.0,5.392040051519871,11.0,4.0,1.0,8.0,32.0,2.0,81.0,81.0,7.0,20.0,0.0
10280,5.749350383877754,0.0,0.0,5.392040051519871,11.0,4.0,1.0,8.0,32.0,2.0,81.0,81.0,7.0,20.0,10.0,-1.1355363130569458,-0.248749777674675,1.0,0.03724013268947601,0.43819549679756165,-28.18749777674675,4.613814070820808,0.0,0.03724013268947601,5.830235548317432,12.0,1.0,2.0,9.0,33.0,3.0,82.0,82.0,8.0,21.0,0.0
10281,4.613814070820808,0.0,0.03724013268947601,5.830235548317432,12.0,1.0,2.0,9.0,33.0,3.0,82.0,82.0,8.0,21.0,4.0,1.375718116760254,1.2296507358551025,2.0,-1.5928856134414673,0.5310550928115845,-25.712042220828703,5.989532187581062,1.2296507358551025,0.0,6.361290641129017,13.0,2.0,1.0,10.0,1.0,4.0,83.0,83.0,9.0,22.0,0.0
10282,5.989532187581062,1.2296507358551025,0.0,6.361290641129017,13.0,2.0,1.0,10.0,1.0,4.0,83.0,83.0,9.0,22.0,10.0,-1.7235187292099,-1.503061294555664,1.0,-1.977020502090454,-1.0109533071517944,-26.534105587005616,4.266013458371162,0.0,0.0,5.350337333977222,14.0,1.0,2.0,11.0,2.0,5.0,84.0,84.0,10.0,23.0,0.0
10283,4.266013458371162,0.0,0.0,5.350337333977222,14.0,1.0,2.0,11.0,2.0,5.0,84.0,84.0,10.0,23.0,10.0,-1.5221177339553833,-1.6654229164123535,10.0,-1.982120156288147,-0.8194193243980408,-41.25422916412354,2.743895724415779,0.0,0.0,4.530918009579182,15.0,2.0,3.0,12.0,3.0,6.0,85.0,85.0,11.0,24.0,0.0
10284,2.743895724415779,0.0,0.0,4.530918009579182,15.0,2.0,3.0,12.0,3.0,6.0,85.0,85.0,11.0,24.0,10.0,0.4927096962928772,1.3197133541107178,1.0,-1.9783508777618408,-1.8569560050964355,-25.6,3.2366054207086563,1.3197133541107178,0.0,2.673962004482746,16.0,1.0,4.0,13.0,4.0,7.0,86.0,86.0,12.0,25.0,0.0
10285,3.2366054207086563,1.3197133541107178,0.0,2.673962004482746,16.0,1.0,4.0,13.0,4.0,7.0,86.0,86.0,12.0,25.0,5.0,-0.5970453023910522,1.7875887155532837,1.0,-1.9203521013259888,-1.5920244455337524,-31.73369446465832,2.639560118317604,3.1073020696640015,0.0,1.0819375589489937,17.0,1.0,5.0,14.0,5.0,1.0,87.0,87.0,13.0,26.0,0.0
10286,2.639560118317604,3.1073020696640015,0.0,1.0819375589489937,17.0,1.0,5.0,14.0,5.0,1.0,87.0,87.0,13.0,26.0,10.0,-0.16974185407161713,1.4592273235321045,1.0,-1.885598063468933,-0.7422088980674744,-26.6,2.469818264245987,4.566529393196106,0.0,0.3397286608815193,18.0,1.0,6.0,15.0,6.0,2.0,88.0,88.0,14.0,27.0,0.0
10287,2.469818264245987,4.566529393196106,0.0,0.3397286608815193,18.0,1.0,6.0,15.0,6.0,2.0,88.0,88.0,14.0,27.0,10.0,-0.8542098999023438,1.182013988494873,1.0,-1.9033598899841309,1.1110707521438599,-27.5,1.6156083643436432,5.748543381690979,0.0,1.4507994130253792,19.0,1.0,7.0,16.0,7.0,3.0,89.0,89.0,15.0,28.0,0.0
10288,1.6156083643436432,5.748543381690979,0.0,1.4507994130253792,19.0,1.0,7.0,16.0,7.0,3.0,89.0,89.0,15.0,28.0,10.0,-1.4443036317825317,1.9263603687286377,1.0,-1.9486260414123535,-0.5991503000259399,-28.4,0.17130473256111145,7.674903750419617,0.0,0.8516491129994392,20.0,1.0,8.0,17.0,8.0,4.0,90.0,90.0,16.0,29.0,0.0
10289,0.17130473256111145,7.674903750419617,0.0,0.8516491129994392,20.0,1.0,8.0,17.0,8.0,4.0,90.0,90.0,16.0,29.0,10.0,-1.0253223180770874,1.5788089036941528,10.0,-1.9463163614273071,-0.8585575819015503,-37.84017585515976,0.0,9.25371265411377,0.0,0.0,21.0,2.0,9.0,18.0,9.0,5.0,91.0,91.0,17.0,30.0,0.0
10290,0.0,9.25371265411377,0.0,0.0,21.0,2.0,9.0,18.0,9.0,5.0,91.0,91.0,17.0,30.0,10.0,-1.1938036680221558,0.6323687434196472,1.0,-1.9779257774353027,1.7838529348373413,-42.238036680221555,0.0,9.886081397533417,0.0,1.7838529348373413,22.0,1.0,10.0,19.0,10.0,6.0,92.0,92.0,18.0,31.0,0.0
10291,0.0,9.886081397533417,0.0,1.7838529348373413,22.0,1.0,10.0,19.0,10.0,6.0,92.0,92.0,18.0,31.0,10.0,0.3937625586986542,-0.8441928625106812,1.0,-1.9752734899520874,1.2209973335266113,-31.1,0.3937625586986542,9.041888535022736,0.0,3.0048502683639526,23.0,1.0,11.0,20.0,11.0,7.0,93.0,93.0,19.0,32.0,0.0
10292,0.3937625586986542,9.041888535022736,0.0,3.0048502683639526,23.0,1.0,11.0,20.0,11.0,7.0,93.0,93.0,19.0,32.0,10.0,-1.3895528316497803,-0.6710099577903748,2.0,-1.9584563970565796,-1.3829265832901,-41.95790272951126,0.0,8.37087857723236,0.0,1.6219236850738525,24.0,2.0,12.0,21.0,12.0,8.0,94.0,94.0,20.0,33.0,0.0
10293,0.0,8.37087857723236,0.0,1.6219236850738525,24.0,2.0,12.0,21.0,12.0,8.0,94.0,94.0,20.0,33.0,10.0,1.6857240200042725,1.4813014268875122,1.0,-1.9734402894973755,0.48858442902565,-33.0,1.6857240200042725,9.852180004119873,0.0,2.1105081140995026,25.0,1.0,13.0,22.0,13.0,9.0,95.0,95.0,21.0,34.0,0.0
10294,1.6857240200042725,9.852180004119873,0.0,2.1105081140995026,25.0,1.0,13.0,22.0,13.0,9.0,95.0,95.0,21.0,34.0,8.0,-0.832100510597229,1.776717185974121,2.0,-1.981278419494629,-1.704267144203186,-50.64717307912613,0.8536235094070435,10.0,0.0,0.40624096989631653,26.0,2.0,14.0,23.0,14.0,10.0,96.0,96.0,1.0,35.0,0.0
10295,0.8536235094070435,10.0,0.0,0.40624096989631653,26.0,2.0,14.0,23.0,14.0,10.0,96.0,96.0,1.0,35.0,10.0,-0.48956099152565,-1.6015325784683228,1.0,-1.7734030485153198,-1.8082962036132812,-32.7,0.36406251788139343,8.398467421531677,0.0,0.0,27.0,1.0,15.0,24.0,15.0,11.0,97.0,97.0,2.0,36.0,0.0
10296,0.36406251788139343,8.398467421531677,0.0,0.0,27.0,1.0,15.0,24.0,15.0,11.0,97.0,97.0,2.0,36.0,10.0,0.2710244655609131,1.9746754169464111,1.0,-1.7828917503356934,-0.7498881816864014,-37.231428384780884,0.6350869834423065,10.0,0.0,0.0,28.0,1.0,16.0,25.0,16.0,12.0,98.0,98.0,3.0,37.0,0.0
10297,0.6350869834423065,10.0,0.0,0.0,28.0,1.0,16.0,25.0,16.0,12.0,98.0,98.0,3.0,37.0,10.0,0.7519906759262085,1.486299991607666,1.0,-1.953490138053894,-0.23955386877059937,-49.26299991607666,1.387077659368515,10.0,0.0,0.0,29.0,1.0,17.0,26.0,17.0,13.0,99.0,99.0,4.0,38.0,0.0
10298,1.387077659368515,10.0,0.0,0.0,29.0,1.0,17.0,26.0,17.0,13.0,99.0,99.0,4.0,38.0,5.0,0.21109122037887573,1.0517394542694092,2.0,-1.959416389465332,-0.6926929354667664,-57.23086182862963,1.5981688797473907,10.0,0.0,0.0,30.0,2.0,18.0,27.0,18.0,14.0,100.0,100.0,5.0,39.0,0.0
10299,1.5981688797473907,10.0,0.0,0.0,30.0,2.0,18.0,27.0,18.0,14.0,100.0,100.0,5.0,39.0,10.0,1.413098692893982,1.7610671520233154,1.0,-1.5368601083755493,1.0082813501358032,-53.710671520233156,3.0112675726413727,10.0,0.0,1.0082813501358032,31.0,1.0,19.0,28.0,19.0,15.0,100.0,100.0,6.0,40.0,1.0
10300,0.9606299996376038,1.1873040199279785,3.179447650909424,9.507927894592285,1.0,1.0,1.0,1.0,1.0,1.0,1.0,1.0,1.0,1.0,8.0,-1.553175449371338,1.9663134813308716,2.0,-1.9486496448516846,-1.9730926752090454,-13.388565825268662,0.0,3.15361750125885,1.2307980060577393,7.53483521938324,2.0,2.0,1.0,2.0,2.0,2.0,2.0,2.0,1.0,2.0,0.0
10301,0.0,3.15361750125885,1.2307980060577393,7.53483521938324,2.0,2.0,1.0,2.0,2.0,2.0,2.0,2.0,1.0,2.0,8.0,1.6073049306869507,0.05205802246928215,2.0,-1.4509928226470947,-1.9739940166473389,-6.600762922344508,1.6073049306869507,3.2056755237281322,0.0,5.560841202735901,3.0,3.0,1.0,3.0,3.0,3.0,3.0,3.0,1.0,3.0,0.0
10302,1.6073049306869507,3.2056755237281322,0.0,5.560841202735901,3.0,3.0,1.0,3.0,3.0,3.0,3.0,3.0,1.0,3.0,5.0,1.4794436693191528,1.1078248023986816,0.0,-1.4407715797424316,-1.5410579442977905,-8.0700587408734,3.0867486000061035,4.313500326126814,0.0,4.01978325843811,1.0,4.0,2.0,4.0,4.0,1.0,4.0,4.0,2.0,4.0,0.0
10303,3.0867486000061035,4.313500326126814,0.0,4.01978325843811,1.0,4.0,2.0,4.0,4.0,1.0,4.0,4.0,2.0,4.0,8.0,-1.0598597526550293,0.9900695085525513,2.0,-0.6077885627746582,-1.6281459331512451,-5.306208329234891,2.026888847351074,5.303569834679365,0.0,2.3916373252868652,2.0,5.0,1.0,5.0,5.0,2.0,5.0,5.0,1.0,5.0,0.0
10304,2.026888847351074,5.303569834679365,0.0,2.3916373252868652,2.0,5.0,1.0,5.0,5.0,2.0,5.0,5.0,1.0,5.0,4.0,-1.9300882816314697,1.0301491022109985,0.0,-0.6520476937294006,-1.8399908542633057,-13.025856050284176,0.09680056571960449,6.333718936890364,0.0,0.5516464710235596,1.0,6.0,2.0,6.0,1.0,3.0,6.0,6.0,2.0,6.0,0.0
10305,0.09680056571960449,6.333718936890364,0.0,0.5516464710235596,1.0,6.0,2.0,6.0,1.0,3.0,6.0,6.0,2.0,6.0,1.0,-0.5870380401611328,-0.8268431425094604,8.0,-0.8920114040374756,-1.3789798021316528,-18.35377656105452,0.0,5.506875794380903,0.0,0.0,2.0,1.0,3.0,7.0,2.0,4.0,7.0,7.0,3.0,7.0,0.0
10306,0.0,5.506875794380903,0.0,0.0,2.0,1.0,3.0,7.0,2.0,4.0,7.0,7.0,3.0,7.0,5.0,0.7402046322822571,1.4775912761688232,3.0,-0.9318161010742188,0.08040764927864075,-15.398642723957245,0.7402046322822571,6.9844670705497265,0.0,0.08040764927864075,3.0,2.0,4.0,1.0,3.0,5.0,8.0,8.0,4.0,8.0,0.0
10307,0.7402046322822571,6.9844670705497265,0.0,0.08040764927864075,3.0,2.0,4.0,1.0,3.0,5.0,8.0,8.0,4.0,8.0,8.0,1.8856573104858398,0.9573574066162109,8.0,0.15704160928726196,-1.491654872894287,-5.677936961688184,2.625861942768097,7.941824477165937,0.15704160928726196,0.0,4.0,3.0,5.0,2.0,4.0,6.0,9.0,9.0,1.0,9.0,0.0
10308,2.625861942768097,7.941824477165937,0.15704160928726196,0.0,4.0,3.0,5.0,2.0,4.0,6.0,9.0,9.0,1.0,9.0,8.0,1.3574328422546387,-0.08007820695638657,0.0,0.309963196516037,-1.6620328426361084,-6.275326611373783,3.9832947850227356,7.861746270209551,0.46700480580329895,0.0,1.0,4.0,6.0,3.0,5.0,7.0,10.0,10.0,1.0,10.0,0.0
10309,3.9832947850227356,7.861746270209551,0.46700480580329895,0.0,1.0,4.0,6.0,3.0,5.0,7.0,10.0,10.0,1.0,10.0,8.0,-1.6576937437057495,-1.4494061470031738,0.0,-0.3010460138320923,-0.22989338636398315,-7.372925461465949,2.325601041316986,6.412340123206377,0.16595879197120667,0.0,1.0,5.0,7.0,4.0,6.0,8.0,11.0,11.0,1.0,11.0,0.0
10310,2.325601041316986,6.412340123206377,0.16595879197120667,0.0,1.0,5.0,7.0,4.0,6.0,8.0,11.0,11.0,1.0,11.0,8.0,-1.086883783340454,1.4818416833877563,1.0,0.7721303701400757,-0.5829188823699951,-8.7609095600972,1.238717257976532,7.894181806594133,0.9380891621112823,0.0,2.0,1.0,8.0,5.0,7.0,9.0,12.0,12.0,1.0,12.0,0.0
10311,1.238717257976532,7.894181806594133,0.9380891621112823,0.0,2.0,1.0,8.0,5.0,7.0,9.0,12.0,12.0,1.0,12.0,8.0,0.4954968988895416,1.0805524587631226,0.0,-1.5685901641845703,1.0445799827575684,-9.087837129256563,1.7342141568660736,8.974734265357256,0.0,1.0445799827575684,1.0,2.0,9.0,6.0,8.0,10.0,13.0,13.0,1.0,13.0,0.0
10312,1.7342141568660736,8.974734265357256,0.0,1.0445799827575684,1.0,2.0,9.0,6.0,8.0,10.0,13.0,13.0,1.0,13.0,8.0,0.9768308401107788,-1.5615770816802979,0.0,1.6064203977584839,-1.7888829708099365,-8.913686734557624,2.7110449969768524,7.413157183676958,1.6064203977584839,0.0,1.0,3.0,10.0,7.0,9.0,11.0,14.0,14.0,1.0,14.0,0.0
10313,2.7110449969768524,7.413157183676958,1.6064203977584839,0.0,1.0,3.0,10.0,7.0,9.0,11.0,14.0,14.0,1.0,14.0,8.0,-1.373473048210144,1.8363749980926514,0.0,1.053580403327942,-1.5699636936187744,-11.028154827371424,1.3375719487667084,9.24953218176961,2.660000801086426,0.0,1.0,4.0,11.0,8.0,10.0,12.0,15.0,15.0,1.0,15.0,0.0
10314,1.3375719487667084,9.24953218176961,2.660000801086426,0.0,1.0,4.0,11.0,8.0,10.0,12.0,15.0,15.0,1.0,15.0,8.0,1.761888861656189,0.9226251840591431,2.0,0.34799543023109436,0.3661479353904724,-13.071024137241974,3.0994608104228973,10.0,3.00799623131752,0.3661479353904724,2.0,5.0,1.0,9.0,11.0,13.0,16.0,16.0,1.0,16.0,0.0
10315,3.0994608104228973,10.0,3.00799623131752,0.3661479353904724,2.0,5.0,1.0,9.0,11.0,13.0,16.0,16.0,1.0,16.0,8.0,-0.3930896520614624,-1.0566569566726685,2.0,-0.33559396862983704,-1.8261116743087769,-10.637290781699283,2.706371158361435,8.943343043327332,2.672402262687683,0.0,3.0,6.0,2.0,10.0,12.0,14.0,17.0,17.0,1.0,17.0,0.0
10316,2.706371158361435,8.943343043327332,2.672402262687683,0.0,3.0,6.0,2.0,10.0,12.0,14.0,17.0,17.0,1.0,17.0,8.0,-0.8115184307098389,-1.6651582717895508,1.0,-1.7033909559249878,-0.7482371926307678,-11.64953129024732,1.894852727651596,7.278184771537781,0.9690113067626953,0.0,4.0,1.0,3.0,11.0,13.0,15.0,18.0,18.0,1.0,18.0,0.0
10317,1.894852727651596,7.278184771537781,0.9690113067626953,0.0,4.0,1.0,3.0,11.0,13.0,15.0,18.0,18.0,1.0,18.0,8.0,-0.8072226047515869,1.636963963508606,4.0,0.26865196228027344,-1.7155003547668457,-12.880104357718134,1.0876301229000092,8.915148735046387,1.2376632690429688,0.0,5.0,2.0,4.0,12.0,14.0,16.0,19.0,19.0,1.0,19.0,0.0
10318,1.0876301229000092,8.915148735046387,1.2376632690429688,0.0,5.0,2.0,4.0,12.0,14.0,16.0,19.0,19.0,1.0,19.0,8.0,0.37848538160324097,-1.0361952781677246,3.0,-1.016408085823059,-0.893552839756012,-13.172447335644861,1.4661155045032501,7.878953456878662,0.22125518321990967,0.0,6.0,3.0,5.0,1.0,15.0,17.0,20.0,20.0,1.0,20.0,0.0
10319,1.4661155045032501,7.878953456878662,0.22125518321990967,0.0,6.0,3.0,5.0,1.0,15.0,17.0,20.0,20.0,1.0,20.0,8.0,0.47193658351898193,-1.852252721786499,1.0,0.9888971447944641,-1.9586318731307983,-12.850447186931554,1.938052088022232,6.026700735092163,1.2101523280143738,0.0,7.0,1.0,6.0,2.0,16.0,18.0,21.0,21.0,1.0,21.0,0.0
10320,1.938052088022232,6.026700735092163,1.2101523280143738,0.0,7.0,1.0,6.0,2.0,16.0,18.0,21.0,21.0,1.0,21.0,8.0,-0.13709618151187897,-0.1382654756307602,2.0,0.8619221448898315,-1.6845738887786865,-13.607105054899137,1.800955906510353,5.888435259461403,2.0720744729042053,0.0,8.0,2.0,7.0,3.0,17.0,19.0,22.0,22.0,1.0,22.0,0.0
10321,1.800955906510353,5.888435259461403,2.0720744729042053,0.0,8.0,2.0,7.0,3.0,17.0,19.0,22.0,22.0,1.0,22.0,8.0,0.39447295665740967,-0.8133449554443359,2.0,-0.39438509941101074,1.1099156141281128,-14.771182923341804,2.1954288631677628,5.075090304017067,1.6776893734931946,1.1099156141281128,9.0,3.0,1.0,4.0,18.0,20.0,23.0,23.0,1.0,23.0,0.0
10322,2.1954288631677628,5.075090304017067,1.6776893734931946,1.1099156141281128,9.0,3.0,1.0,4.0,18.0,20.0,23.0,23.0,1.0,23.0,10.0,1.014725923538208,-1.869736909866333,1.0,-1.387811303138733,-0.5591444373130798,-13.5,3.2101547867059708,3.205353394150734,0.28987807035446167,0.550771176815033,10.0,1.0,2.0,5.0,19.0,21.0,24.0,24.0,2.0,24.0,0.0
10323,3.2101547867059708,3.205353394150734,0.28987807035446167,0.550771176815033,10.0,1.0,2.0,5.0,19.0,21.0,24.0,24.0,2.0,24.0,10.0,-0.9104454517364502,-0.7714606523513794,2.0,-0.6208916902542114,-0.8382523655891418,-14.2,2.2997093349695206,2.4338927417993546,0.0,0.0,11.0,2.0,3.0,6.0,20.0,22.0,25.0,25.0,3.0,25.0,0.0
10324,2.2997093349695206,2.4338927417993546,0.0,0.0,11.0,2.0,3.0,6.0,20.0,22.0,25.0,25.0,3.0,25.0,8.0,-0.9501367807388306,0.6638257503509521,1.0,0.1506485939025879,1.0449259281158447,-19.1477514585446,1.34957255423069,3.0977184921503067,0.1506485939025879,1.0449259281158447,12.0,1.0,4.0,7.0,21.0,23.0,26.0,26.0,1.0,26.0,0.0
10325,1.34957255423069,3.0977184921503067,0.1506485939025879,1.0449259281158447,12.0,1.0,4.0,7.0,21.0,23.0,26.0,26.0,1.0,26.0,8.0,-1.601398229598999,1.4197710752487183,2.0,-0.4682730436325073,-0.4255293309688568,-22.132038868172003,0.0,4.517489567399025,0.0,0.6193965971469879,13.0,2.0,5.0,8.0,22.0,24.0,27.0,27.0,1.0,27.0,0.0
10326,0.0,4.517489567399025,0.0,0.6193965971469879,13.0,2.0,5.0,8.0,22.0,24.0,27.0,27.0,1.0,27.0,8.0,-0.7250112295150757,1.6703054904937744,2.0,0.22954359650611877,1.2740896940231323,-26.652003975714795,0.0,6.187795057892799,0.22954359650611877,1.8934862911701202,14.0,3.0,6.0,9.0,23.0,25.0,28.0,28.0,1.0,28.0,0.0
10327,0.0,6.187795057892799,0.22954359650611877,1.8934862911701202,14.0,3.0,6.0,9.0,23.0,25.0,28.0,28.0,1.0,28.0,8.0,-0.6905080080032349,-1.515242576599121,1.0,-0.6498587131500244,0.03930920735001564,-28.17922129804332,0.0,4.672552481293678,0.0,1.9327954985201359,15.0,1.0,7.0,10.0,24.0,26.0,29.0,29.0,1.0,29.0,0.0
10328,0.0,4.672552481293678,0.0,1.9327954985201359,15.0,1.0,7.0,10.0,24.0,26.0,29.0,29.0,1.0,29.0,8.0,-1.4896070957183838,1.1527940034866333,2.0,-0.8937368392944336,-1.042155385017395,-35.965762938569675,0.0,5.825346484780312,0.0,0.8906401135027409,16.0,2.0,8.0,11.0,25.0,27.0,30.0,30.0,1.0,30.0,0.0
10329,0.0,5.825346484780312,0.0,0.8906401135027409,16.0,2.0,8.0,11.0,25.0,27.0,30.0,30.0,1.0,30.0,8.0,0.13994216918945312,0.5360289216041565,2.0,-1.3304697275161743,0.3546152412891388,-21.56545942547013,0.13994216918945312,6.361375406384468,0.0,1.2452553547918797,17.0,3.0,9.0,12.0,26.0,28.0,31.0,31.0,1.0,31.0,0.0
10330,0.13994216918945312,6.361375406384468,0.0,1.2452553547918797,17.0,3.0,9.0,12.0,26.0,28.0,31.0,31.0,1.0,31.0,8.0,0.44582799077033997,1.4814633131027222,2.0,-1.2387646436691284,-1.6905667781829834,-21.780048087171092,0.5857701599597931,7.84283871948719,0.0,0.0,18.0,4.0,10.0,13.0,27.0,29.0,32.0,32.0,1.0,32.0,0.0
10331,0.5857701599597931,7.84283871948719,0.0,0.0,18.0,4.0,10.0,13.0,27.0,29.0,32.0,32.0,1.0,32.0,8.0,-0.18684053421020508,-1.2455846071243286,2.0,-0.4569880962371826,-0.8877652883529663,-22.991311986582215,0.398929625749588,6.597254112362862,0.0,0.0,19.0,5.0,11.0,14.0,28.0,30.0,33.0,33.0,1.0,33.0,0.0
10332,0.398929625749588,6.597254112362862,0.0,0.0,19.0,5.0,11.0,14.0,28.0,30.0,33.0,33.0,1.0,33.0,8.0,0.9478115439414978,0.26722127199172974,2.0,-0.23251096904277802,-0.5037959218025208,-22.908769463444038,1.3467411696910858,6.864475384354591,0.0,0.0,20.0,6.0,12.0,15.0,29.0,31.0,34.0,34.0,1.0,34.0,0.0
10333,1.3467411696910858,6.864475384354591,0.0,0.0,20.0,6.0,12.0,15.0,29.0,31.0,34.0,34.0,1.0,34.0,5.0,-0.40128758549690247,-1.6442748308181763,2.0,1.0511895418167114,-0.45087528228759766,-28.508547274013047,0.9454535841941833,5.220200553536415,1.0511895418167114,0.0,21.0,7.0,13.0,16.0,30.0,1.0,35.0,35.0,2.0,35.0,0.0
10334,0.9454535841941833,5.220200553536415,1.0511895418167114,0.0,21.0,7.0,13.0,16.0,30.0,1.0,35.0,35.0,2.0,35.0,4.0,0.46980512142181396,1.26522958278656,1.0,-1.2987557649612427,-0.08300891518592834,-23.73573979296915,1.4152587056159973,6.485430136322975,0.0,0.0,22.0,1.0,14.0,17.0,1.0,2.0,36.0,36.0,3.0,36.0,0.0
10335,1.4152587056159973,6.485430136322975,0.0,0.0,22.0,1.0,14.0,17.0,1.0,2.0,36.0,36.0,3.0,36.0,10.0,1.416669487953186,1.8969955444335938,2.0,-1.8002822399139404,-0.484524667263031,-17.8,2.8319281935691833,8.382425680756569,0.0,0.0,23.0,2.0,15.0,18.0,2.0,3.0,37.0,37.0,4.0,37.0,0.0
10336,2.8319281935691833,8.382425680756569,0.0,0.0,23.0,2.0,15.0,18.0,2.0,3.0,37.0,37.0,4.0,37.0,9.0,-1.3422566652297974,1.4709515571594238,1.0,-0.5591057538986206,-1.1115937232971191,-22.693379193804134,1.489671528339386,9.853377237915993,0.0,0.0,24.0,1.0,16.0,19.0,3.0,4.0,38.0,38.0,5.0,1.0,0.0
10337,1.489671528339386,9.853377237915993,0.0,0.0,24.0,1.0,16.0,19.0,3.0,4.0,38.0,38.0,5.0,1.0,10.0,0.21997658908367157,1.009185552597046,8.0,-1.9550890922546387,-1.6814510822296143,-24.525627905130385,1.7096481174230576,10.0,0.0,0.0,25.0,2.0,17.0,20.0,4.0,5.0,39.0,39.0,6.0,2.0,0.0
10338,1.7096481174230576,10.0,0.0,0.0,25.0,2.0,17.0,20.0,4.0,5.0,39.0,39.0,6.0,2.0,5.0,0.12253035604953766,-1.3984519243240356,8.0,-1.364553451538086,-1.9443910121917725,-25.45680382990926,1.8321784734725952,8.601548075675964,0.0,0.0,26.0,3.0,18.0,21.0,5.0,1.0,40.0,40.0,7.0,3.0,0.0
10339,1.8321784734725952,8.601548075675964,0.0,0.0,26.0,3.0,18.0,21.0,5.0,1.0,40.0,40.0,7.0,3.0,0.0,1.3303678035736084,-0.08991393446922302,2.0,-1.9826971292495728,-1.5175352096557617,-22.57936236645923,3.1625462770462036,8.511634141206741,0.0,0.0,1.0,4.0,19.0,22.0,6.0,2.0,41.0,41.0,8.0,4.0,0.0
10340,3.1625462770462036,8.511634141206741,0.0,0.0,1.0,4.0,19.0,22.0,6.0,2.0,41.0,41.0,8.0,4.0,10.0,-1.686875343322754,1.2480207681655884,1.0,-1.913233757019043,0.6380240321159363,-15.8,1.4756709337234497,9.75965490937233,0.0,0.6380240321159363,2.0,1.0,20.0,23.0,7.0,3.0,42.0,42.0,9.0,5.0,0.0
10341,1.4756709337234497,9.75965490937233,0.0,0.6380240321159363,2.0,1.0,20.0,23.0,7.0,3.0,42.0,42.0,9.0,5.0,10.0,-1.3953677415847778,-1.6289962530136108,3.0,-1.857466459274292,-0.2696651816368103,-16.4,0.08030319213867188,8.130658656358719,0.0,0.368358850479126,3.0,2.0,21.0,1.0,8.0,4.0,43.0,43.0,10.0,6.0,0.0
10342,0.08030319213867188,8.130658656358719,0.0,0.368358850479126,3.0,2.0,21.0,1.0,8.0,4.0,43.0,43.0,10.0,6.0,10.0,0.2183152735233307,1.4779330492019653,2.0,-1.8490269184112549,-1.4092155694961548,-15.1,0.29861846566200256,9.608591705560684,0.0,0.0,4.0,3.0,22.0,2.0,9.0,5.0,44.0,44.0,11.0,7.0,0.0
10343,0.29861846566200256,9.608591705560684,0.0,0.0,4.0,3.0,22.0,2.0,9.0,5.0,44.0,44.0,11.0,7.0,8.0,0.18528418242931366,-1.1828328371047974,1.0,-0.6589164137840271,-1.3504128456115723,-17.204095360946717,0.4839026480913162,8.425758868455887,0.0,0.0,5.0,1.0,23.0,3.0,10.0,6.0,45.0,45.0,1.0,8.0,0.0
10344,0.4839026480913162,8.425758868455887,0.0,0.0,5.0,1.0,23.0,3.0,10.0,6.0,45.0,45.0,1.0,8.0,10.0,0.051056377589702606,-0.50189208984375,1.0,-0.29052966833114624,-1.399861216545105,-15.7,0.5349590256810188,7.923866778612137,0.0,0.0,6.0,1.0,24.0,4.0,11.0,7.0,46.0,46.0,2.0,9.0,0.0
10345,0.5349590256810188,7.923866778612137,0.0,0.0,6.0,1.0,24.0,4.0,11.0,7.0,46.0,46.0,2.0,9.0,10.0,-1.9233192205429077,1.0636588335037231,2.0,-1.753921627998352,-0.20693343877792358,-30.48360194861889,0.0,8.98752561211586,0.0,0.0,7.0,2.0,25.0,5.0,12.0,8.0,47.0,47.0,3.0,10.0,0.0
10346,0.0,8.98752561211586,0.0,0.0,7.0,2.0,25.0,5.0,12.0,8.0,47.0,47.0,3.0,10.0,10.0,0.3383650481700897,-1.6218972206115723,1.0,-1.3355541229248047,-1.4939796924591064,-17.6,0.3383650481700897,7.365628391504288,0.0,0.0,8.0,1.0,26.0,6.0,13.0,9.0,48.0,48.0,4.0,11.0,0.0
10347,0.3383650481700897,7.365628391504288,0.0,0.0,8.0,1.0,26.0,6.0,13.0,9.0,48.0,48.0,4.0,11.0,10.0,1.4154462814331055,1.9002859592437744,1.0,1.3339154720306396,-1.2256782054901123,-18.4,1.7538113296031952,9.265914350748062,1.3339154720306396,0.0,9.0,1.0,27.0,7.0,14.0,10.0,49.0,49.0,5.0,12.0,0.0
10348,1.7538113296031952,9.265914350748062,1.3339154720306396,0.0,9.0,1.0,27.0,7.0,14.0,10.0,49.0,49.0,5.0,12.0,10.0,1.4828758239746094,-1.1492420434951782,2.0,-1.7521626949310303,-1.3273534774780273,-19.3,3.2366871535778046,8.116672307252884,0.0,0.0,10.0,2.0,28.0,8.0,15.0,11.0,50.0,50.0,6.0,13.0,0.0
10349,3.2366871535778046,8.116672307252884,0.0,0.0,10.0,2.0,28.0,8.0,15.0,11.0,50.0,50.0,6.0,13.0,8.0,-1.7932673692703247,-0.6448028683662415,2.0,0.5931974649429321,-0.9106555581092834,-20.868218527799538,1.4434197843074799,7.4718694388866425,0.5931974649429321,0.0,11.0,3.0,29.0,9.0,16.0,12.0,51.0,51.0,1.0,14.0,0.0
10350,1.4434197843074799,7.4718694388866425,0.5931974649429321,0.0,11.0,3.0,29.0,9.0,16.0,12.0,51.0,51.0,1.0,14.0,0.0,1.4721322059631348,0.2761465311050415,1.0,-0.22161561250686646,-1.8005996942520142,-25.806949429280852,2.9155519902706146,7.748015969991684,0.3715818524360657,0.0,1.0,1.0,30.0,10.0,17.0,13.0,52.0,52.0,2.0,15.0,0.0
10351,2.9155519902706146,7.748015969991684,0.3715818524360657,0.0,1.0,1.0,30.0,10.0,17.0,13.0,52.0,52.0,2.0,15.0,10.0,-1.9496350288391113,-0.4463917016983032,2.0,-1.5540447235107422,-1.5228065252304077,-20.3,0.9659169614315033,7.301624268293381,0.0,0.0,2.0,2.0,31.0,11.0,18.0,14.0,53.0,53.0,3.0,16.0,0.0
10352,0.9659169614315033,7.301624268293381,0.0,0.0,2.0,2.0,31.0,11.0,18.0,14.0,53.0,53.0,3.0,16.0,10.0,-1.8872177600860596,-1.3800641298294067,2.0,0.7105145454406738,-1.1844019889831543,-30.513007986545563,0.0,5.921560138463974,0.7105145454406738,0.0,3.0,3.0,32.0,12.0,19.0,15.0,54.0,54.0,4.0,17.0,0.0
10353,0.0,5.921560138463974,0.7105145454406738,0.0,3.0,3.0,32.0,12.0,19.0,15.0,54.0,54.0,4.0,17.0,10.0,-1.8819103240966797,1.3609048128128052,1.0,-1.2501713037490845,0.7682507634162903,-41.119103240966794,0.0,7.282464951276779,0.0,0.7682507634162903,4.0,1.0,33.0,13.0,20.0,16.0,55.0,55.0,5.0,18.0,0.0
10354,0.0,7.282464951276779,0.0,0.7682507634162903,4.0,1.0,33.0,13.0,20.0,16.0,55.0,55.0,5.0,18.0,10.0,-1.531267523765564,-0.7341519594192505,2.0,0.17484359443187714,-0.4343687891960144,-38.31267523765564,0.0,6.548312991857529,0.17484359443187714,0.3338819742202759,5.0,2.0,34.0,14.0,21.0,17.0,56.0,56.0,6.0,19.0,0.0
10355,0.0,6.548312991857529,0.17484359443187714,0.3338819742202759,5.0,2.0,34.0,14.0,21.0,17.0,56.0,56.0,6.0,19.0,10.0,0.6088833808898926,-0.3965020477771759,2.0,0.4779417812824249,0.4491894543170929,-24.0,0.6088833808898926,6.151810944080353,0.6527853757143021,0.7830714285373688,6.0,3.0,35.0,15.0,22.0,18.0,57.0,57.0,7.0,20.0,0.0
10356,0.6088833808898926,6.151810944080353,0.6527853757143021,0.7830714285373688,6.0,3.0,35.0,15.0,22.0,18.0,57.0,57.0,7.0,20.0,10.0,-0.9801658391952515,1.8192291259765625,2.0,-1.7807512283325195,-0.35033613443374634,-28.71282458305359,0.0,7.971040070056915,0.0,0.43273529410362244,7.0,4.0,36.0,16.0,23.0,19.0,58.0,58.0,8.0,21.0,0.0
10357,0.0,7.971040070056915,0.0,0.43273529410362244,7.0,4.0,36.0,16.0,23.0,19.0,58.0,58.0,8.0,21.0,8.0,1.8778760433197021,-1.7996748685836792,2.0,-0.7718890309333801,-1.1958014965057373,-26.326645479882767,1.8778760433197021,6.171365201473236,0.0,0.0,8.0,5.0,37.0,17.0,24.0,20.0,59.0,59.0,1.0,22.0,0.0
10358,1.8778760433197021,6.171365201473236,0.0,0.0,8.0,5.0,37.0,17.0,24.0,20.0,59.0,59.0,1.0,22.0,10.0,-1.8726352453231812,-1.4978615045547485,1.0,-0.5279833674430847,-1.6735059022903442,-26.2,0.005240797996520996,4.6735036969184875,0.0,0.0,9.0,1.0,38.0,18.0,25.0,21.0,60.0,60.0,2.0,23.0,0.0
10359,0.005240797996520996,4.6735036969184875,0.0,0.0,9.0,1.0,38.0,18.0,25.0,21.0,60.0,60.0,2.0,23.0,8.0,-1.6676746606826782,1.908164620399475,2.0,-0.3579607903957367,0.7224222421646118,-45.8900552541713,0.0,6.581668317317963,0.0,0.7224222421646118,10.0,2.0,39.0,19.0,26.0,22.0,61.0,61.0,1.0,24.0,0.0
10360,0.0,6.581668317317963,0.0,0.7224222421646118,10.0,2.0,39.0,19.0,26.0,22.0,61.0,61.0,1.0,24.0,10.0,-1.8779107332229614,1.3703709840774536,2.0,1.277413010597229,-0.6067644357681274,-46.279107332229614,0.0,7.952039301395416,1.277413010597229,0.11565780639648438,11.0,3.0,40.0,20.0,27.0,23.0,62.0,62.0,2.0,25.0,0.0
10361,0.0,7.952039301395416,1.277413010597229,0.11565780639648438,11.0,3.0,40.0,20.0,27.0,23.0,62.0,62.0,2.0,25.0,10.0,-1.6883728504180908,1.8296217918395996,2.0,-0.26997676491737366,-0.04463539272546768,-45.38372850418091,0.0,9.781661093235016,1.0074362456798553,0.0710224136710167,12.0,4.0,41.0,21.0,28.0,24.0,63.0,63.0,3.0,26.0,0.0
10362,0.0,9.781661093235016,1.0074362456798553,0.0710224136710167,12.0,4.0,41.0,21.0,28.0,24.0,63.0,63.0,3.0,26.0,8.0,-1.587004542350769,0.28847670555114746,2.0,0.27651530504226685,0.2797859013080597,-48.68928659232367,0.0,10.0,1.2839515507221222,0.3508083149790764,13.0,5.0,42.0,22.0,29.0,25.0,64.0,64.0,1.0,27.0,0.0
10363,0.0,10.0,1.2839515507221222,0.3508083149790764,13.0,5.0,42.0,22.0,29.0,25.0,64.0,64.0,1.0,27.0,0.0,-0.5230608582496643,-1.3213227987289429,2.0,-1.465991735458374,0.6879454851150513,-43.66828656830422,0.0,8.678677201271057,0.0,1.0387538000941277,1.0,6.0,43.0,23.0,30.0,26.0,65.0,65.0,2.0,28.0,0.0
10364,0.0,8.678677201271057,0.0,1.0387538000941277,1.0,6.0,43.0,23.0,30.0,26.0,65.0,65.0,2.0,28.0,10.0,0.6854368448257446,1.9453175067901611,2.0,-1.3572806119918823,0.584173321723938,-36.13994708061218,0.6854368448257446,10.0,0.0,1.6229271218180656,2.0,7.0,44.0,24.0,31.0,27.0,66.0,66.0,3.0,29.0,0.0
10365,0.6854368448257446,10.0,0.0,1.6229271218180656,2.0,7.0,44.0,24.0,31.0,27.0,66.0,66.0,3.0,29.0,10.0,-1.5026226043701172,1.7281303405761719,2.0,0.2163590043783188,-0.3784181773662567,-50.01603264179581,0.0,10.0,0.2163590043783188,1.244508944451809,3.0,8.0,45.0,25.0,32.0,28.0,67.0,67.0,4.0,30.0,0.0
10366,0.0,10.0,0.2163590043783188,1.244508944451809,3.0,8.0,45.0,25.0,32.0,28.0,67.0,67.0,4.0,30.0,10.0,-1.65117609500885,1.9715635776519775,2.0,-1.441293716430664,-1.226500153541565,-57.616619990684114,0.0,10.0,0.0,0.018008790910243988,4.0,9.0,46.0,26.0,33.0,29.0,68.0,68.0,5.0,31.0,0.0
10367,0.0,10.0,0.0,0.018008790910243988,4.0,9.0,46.0,26.0,33.0,29.0,68.0,68.0,5.0,31.0,10.0,-0.8237923979759216,-1.715598702430725,2.0,-0.8329595923423767,1.0667630434036255,-41.137923979759215,0.0,8.284401297569275,0.0,1.0847718343138695,5.0,10.0,47.0,27.0,34.0,30.0,69.0,69.0,6.0,32.0,0.0
10368,0.0,8.284401297569275,0.0,1.0847718343138695,5.0,10.0,47.0,27.0,34.0,30.0,69.0,69.0,6.0,32.0,0.0,0.09202645719051361,1.5050677061080933,2.0,-1.7705427408218384,-1.7265312671661377,-46.01659900573421,0.09202645719051361,9.789469003677368,0.0,0.0,6.0,11.0,48.0,28.0,35.0,31.0,70.0,70.0,7.0,33.0,0.0
10369,0.09202645719051361,9.789469003677368,0.0,0.0,6.0,11.0,48.0,28.0,35.0,31.0,70.0,70.0,7.0,33.0,10.0,1.5819506645202637,0.5936636328697205,2.0,1.2533040046691895,1.183601975440979,-38.731326365470885,1.6739771217107773,10.0,1.2533040046691895,1.183601975440979,7.0,12.0,1.0,29.0,36.0,32.0,71.0,71.0,8.0,34.0,0.0
10370,1.6739771217107773,10.0,1.2533040046691895,1.183601975440979,7.0,12.0,1.0,29.0,36.0,32.0,71.0,71.0,8.0,34.0,10.0,0.9638653993606567,0.9363914728164673,2.0,-1.8018893003463745,-0.450977623462677,-40.463914728164674,2.637842521071434,10.0,0.0,0.732624351978302,8.0,13.0,2.0,30.0,37.0,33.0,72.0,72.0,9.0,35.0,0.0
10371,2.637842521071434,10.0,0.0,0.732624351978302,8.0,13.0,2.0,30.0,37.0,33.0,72.0,72.0,9.0,35.0,8.0,-0.8025282621383667,0.9607239365577698,2.0,-1.599415898323059,-1.227362871170044,-42.65729834100237,1.8353142589330673,10.0,0.0,0.0,9.0,14.0,3.0,31.0,38.0,34.0,73.0,73.0,1.0,36.0,0.0
10372,1.8353142589330673,10.0,0.0,0.0,9.0,14.0,3.0,31.0,38.0,34.0,73.0,73.0,1.0,36.0,10.0,1.550068974494934,-0.4017278850078583,1.0,-1.885263204574585,0.8980183005332947,-32.2,3.3853832334280014,9.598272114992142,0.0,0.8980183005332947,10.0,1.0,4.0,32.0,39.0,35.0,74.0,74.0,2.0,37.0,0.0
10373,3.3853832334280014,9.598272114992142,0.0,0.8980183005332947,10.0,1.0,4.0,32.0,39.0,35.0,74.0,74.0,2.0,37.0,8.0,-1.5564296245574951,1.6437937021255493,3.0,-1.0672146081924438,-1.1264137029647827,-45.87499174820455,1.8289536088705063,10.0,0.0,0.0,11.0,2.0,5.0,1.0,40.0,36.0,75.0,75.0,1.0,38.0,0.0
10374,1.8289536088705063,10.0,0.0,0.0,11.0,2.0,5.0,1.0,40.0,36.0,75.0,75.0,1.0,38.0,4.0,-0.12669752538204193,-0.8979914784431458,2.0,-0.5090716481208801,1.1253795623779297,-33.37324780701759,1.7022560834884644,9.102008521556854,0.0,1.1253795623779297,12.0,3.0,6.0,2.0,1.0,37.0,76.0,76.0,2.0,39.0,0.0
10375,1.7022560834884644,9.102008521556854,0.0,1.1253795623779297,12.0,3.0,6.0,2.0,1.0,37.0,76.0,76.0,2.0,39.0,10.0,-1.1066533327102661,0.4248184859752655,1.0,-1.702750563621521,-1.5869086980819702,-26.4,0.5956027507781982,9.52682700753212,0.0,0.0,13.0,1.0,7.0,3.0,2.0,38.0,77.0,77.0,3.0,40.0,0.0
10376,0.5956027507781982,9.52682700753212,0.0,0.0,13.0,1.0,7.0,3.0,2.0,38.0,77.0,77.0,3.0,40.0,5.0,-0.16750605404376984,1.9450808763504028,1.0,-1.7664624452590942,-1.9030271768569946,-55.948200394102024,0.4280966967344284,10.0,0.0,0.0,14.0,1.0,8.0,4.0,3.0,39.0,78.0,78.0,4.0,41.0,0.0
10377,0.4280966967344284,10.0,0.0,0.0,14.0,1.0,8.0,4.0,3.0,39.0,78.0,78.0,4.0,41.0,5.0,-0.947404682636261,1.707379698753357,1.0,-1.8747690916061401,-1.6944690942764282,-61.07483141844176,0.0,10.0,0.0,0.0,15.0,1.0,9.0,5.0,4.0,40.0,79.0,79.0,5.0,42.0,0.0
10378,0.0,10.0,0.0,0.0,15.0,1.0,9.0,5.0,4.0,40.0,79.0,79.0,5.0,42.0,10.0,1.8669507503509521,0.19144462049007416,1.0,-1.8775943517684937,0.1450042575597763,-30.81444620490074,1.8669507503509521,10.0,0.0,0.1450042575597763,16.0,1.0,10.0,6.0,5.0,41.0,80.0,80.0,6.0,43.0,0.0
10379,1.8669507503509521,10.0,0.0,0.1450042575597763,16.0,1.0,10.0,6.0,5.0,41.0,80.0,80.0,6.0,43.0,10.0,-0.22295142710208893,1.9178613424301147,1.0,-1.7876774072647095,-1.5904594659805298,-48.978613424301145,1.6439993232488632,10.0,0.0,0.0,17.0,1.0,11.0,7.0,6.0,42.0,81.0,81.0,7.0,44.0,0.0
10380,1.6439993232488632,10.0,0.0,0.0,17.0,1.0,11.0,7.0,6.0,42.0,81.0,81.0,7.0,44.0,10.0,-0.6106095314025879,0.789797842502594,1.0,-0.4894155263900757,-1.924031376838684,-38.59797842502594,1.0333897918462753,10.0,0.0,0.0,18.0,1.0,12.0,8.0,7.0,43.0,82.0,82.0,8.0,45.0,0.0
10381,1.0333897918462753,10.0,0.0,0.0,18.0,1.0,12.0,8.0,7.0,43.0,82.0,82.0,8.0,45.0,5.0,0.017455343157052994,1.2327003479003906,2.0,-1.3533802032470703,-1.9671489000320435,-56.55793925042296,1.0508451350033283,10.0,0.0,0.0,19.0,2.0,13.0,9.0,8.0,44.0,83.0,83.0,9.0,46.0,0.0
10382,1.0508451350033283,10.0,0.0,0.0,19.0,2.0,13.0,9.0,8.0,44.0,83.0,83.0,9.0,46.0,5.0,-0.9105664491653442,0.5883868336677551,1.0,-1.609437108039856,-1.1325401067733765,-53.34603410649803,0.14027868583798409,10.0,0.0,0.0,20.0,1.0,14.0,10.0,9.0,45.0,84.0,84.0,10.0,47.0,0.0
10383,0.14027868583798409,10.0,0.0,0.0,20.0,1.0,14.0,10.0,9.0,45.0,84.0,84.0,10.0,47.0,10.0,-0.2826007604598999,1.612998127937317,2.0,-1.1305721998214722,-1.4503933191299438,-49.59264812701732,0.0,10.0,0.0,0.0,21.0,2.0,15.0,11.0,10.0,46.0,85.0,85.0,11.0,48.0,0.0
10384,0.0,10.0,0.0,0.0,21.0,2.0,15.0,11.0,10.0,46.0,85.0,85.0,11.0,48.0,8.0,-0.2670386731624603,1.8555312156677246,2.0,-1.597094178199768,-1.7032520771026611,-55.65023165731829,0.0,10.0,0.0,0.0,22.0,3.0,16.0,12.0,11.0,47.0,86.0,86.0,1.0,49.0,0.0
10385,0.0,10.0,0.0,0.0,22.0,3.0,16.0,12.0,11.0,47.0,86.0,86.0,1.0,49.0,5.0,-1.1648080348968506,1.9408067464828491,1.0,-1.1454453468322754,-0.27710145711898804,-72.16391862175674,0.0,10.0,0.0,0.0,23.0,1.0,17.0,13.0,12.0,48.0,87.0,87.0,2.0,50.0,0.0
10386,0.0,10.0,0.0,0.0,23.0,1.0,17.0,13.0,12.0,48.0,87.0,87.0,2.0,50.0,10.0,0.02079300582408905,0.7408832907676697,1.0,-1.0712419748306274,0.12141193449497223,-42.4088329076767,0.02079300582408905,10.0,0.0,0.12141193449497223,24.0,1.0,18.0,14.0,13.0,49.0,88.0,88.0,3.0,51.0,0.0
10387,0.02079300582408905,10.0,0.0,0.12141193449497223,24.0,1.0,18.0,14.0,13.0,49.0,88.0,88.0,3.0,51.0,10.0,-0.6262628436088562,1.9794716835021973,2.0,-0.4435517191886902,-1.4468038082122803,-56.60000451752157,0.0,10.0,0.0,0.0,25.0,2.0,19.0,15.0,14.0,50.0,89.0,89.0,4.0,52.0,0.0
10388,0.0,10.0,0.0,0.0,25.0,2.0,19.0,15.0,14.0,50.0,89.0,89.0,4.0,52.0,5.0,-1.41715669631958,0.9202828407287598,2.0,-1.7275959253311157,-0.7432292103767395,-69.02624569866263,0.0,10.0,0.0,0.0,26.0,3.0,20.0,16.0,15.0,51.0,90.0,90.0,5.0,53.0,0.0
10389,0.0,10.0,0.0,0.0,26.0,3.0,20.0,16.0,15.0,51.0,90.0,90.0,5.0,53.0,8.0,-1.1945970058441162,1.6263761520385742,1.0,-1.0992118120193481,-1.9294832944869995,-61.183347107701444,0.0,10.0,0.0,0.0,27.0,1.0,21.0,17.0,16.0,52.0,91.0,91.0,1.0,54.0,0.0
10390,0.0,10.0,0.0,0.0,27.0,1.0,21.0,17.0,16.0,52.0,91.0,91.0,1.0,54.0,8.0,0.48678648471832275,1.2112842798233032,1.0,-1.4499444961547852,-0.6397817134857178,-53.1497065248465,0.48678648471832275,10.0,0.0,0.0,28.0,1.0,22.0,18.0,17.0,53.0,92.0,92.0,1.0,55.0,0.0
10391,0.48678648471832275,10.0,0.0,0.0,28.0,1.0,22.0,18.0,17.0,53.0,92.0,92.0,1.0,55.0,8.0,-0.05796389654278755,0.745927095413208,1.0,-0.802376389503479,-1.95011568069458,-49.35978371067449,0.4288225881755352,10.0,0.0,0.0,29.0,1.0,23.0,19.0,18.0,54.0,93.0,93.0,1.0,56.0,0.0
10392,0.4288225881755352,10.0,0.0,0.0,29.0,1.0,23.0,19.0,18.0,54.0,93.0,93.0,1.0,56.0,8.0,0.5157523155212402,1.3229902982711792,1.0,-1.5159683227539062,-1.593425989151001,-55.40067447317533,0.9445749036967754,10.0,0.0,0.0,30.0,1.0,24.0,20.0,19.0,55.0,94.0,94.0,1.0,57.0,0.0
10393,0.9445749036967754,10.0,0.0,0.0,30.0,1.0,24.0,20.0,19.0,55.0,94.0,94.0,1.0,57.0,8.0,-0.5989668369293213,1.673567295074463,1.0,-1.6137380599975586,-0.7473727464675903,-60.32938291300427,0.34560806676745415,10.0,0.0,0.0,31.0,1.0,25.0,21.0,20.0,56.0,95.0,95.0,1.0,58.0,0.0
10394,0.34560806676745415,10.0,0.0,0.0,31.0,1.0,25.0,21.0,20.0,56.0,95.0,95.0,1.0,58.0,8.0,1.916709542274475,1.595941185951233,1.0,-0.952075719833374,-1.8945709466934204,-58.751190573748424,2.2623176090419292,10.0,0.0,0.0,32.0,1.0,26.0,22.0,21.0,57.0,96.0,96.0,1.0,59.0,0.0
10395,2.2623176090419292,10.0,0.0,0.0,32.0,1.0,26.0,22.0,21.0,57.0,96.0,96.0,1.0,59.0,8.0,-0.2389649748802185,0.16632841527462006,1.0,0.32309475541114807,-1.4149169921875,-45.3926400481219,2.0233526341617107,10.0,0.32309475541114807,0.0,33.0,1.0,27.0,23.0,22.0,58.0,97.0,97.0,1.0,60.0,0.0
10396,2.0233526341617107,10.0,0.32309475541114807,0.0,33.0,1.0,27.0,23.0,22.0,58.0,97.0,97.0,1.0,60.0,8.0,0.2454654574394226,1.5645898580551147,1.0,-1.4829076528549194,-1.0006544589996338,-60.034182154546116,2.2688180916011333,10.0,0.0,0.0,34.0,1.0,28.0,24.0,23.0,59.0,98.0,98.0,1.0,61.0,0.0
10397,2.2688180916011333,10.0,0.0,0.0,34.0,1.0,28.0,24.0,23.0,59.0,98.0,98.0,1.0,61.0,0.0,1.5340728759765625,1.704508900642395,2.0,-0.5443090796470642,-0.28550291061401367,-72.19875726182572,3.802890967577696,10.0,0.0,0.0,35.0,2.0,29.0,25.0,24.0,60.0,99.0,99.0,2.0,62.0,0.0
10398,3.802890967577696,10.0,0.0,0.0,35.0,2.0,29.0,25.0,24.0,60.0,99.0,99.0,2.0,62.0,8.0,-1.5845445394515991,1.5045968294143677,1.0,-1.103234887123108,-1.8218506574630737,-61.161733158920185,2.2183464281260967,10.0,0.0,0.0,36.0,1.0,30.0,26.0,25.0,61.0,100.0,100.0,1.0,63.0,0.0
10399,2.2183464281260967,10.0,0.0,0.0,36.0,1.0,30.0,26.0,25.0,61.0,100.0,100.0,1.0,63.0,8.0,-1.422467827796936,1.1016238927841187,1.0,-1.333568811416626,-1.8690876960754395,-58.73127998913462,0.7958786003291607,10.0,0.0,0.0,37.0,1.0,31.0,27.0,26.0,62.0,100.0,100.0,1.0,64.0,1.0
10400,2.074065685272217,7.472803115844727,2.5818865299224854,0.372402548789978,1.0,1.0,1.0,1.0,1.0,1.0,1.0,1.0,1.0,1.0,8.0,0.2701110541820526,-1.965976357460022,0.0,-1.6626195907592773,-1.9403963088989258,-3.095745987394605,2.3441767394542694,5.506826758384705,0.919266939163208,0.0,1.0,2.0,2.0,2.0,2.0,2.0,2.0,2.0,1.0,2.0,0.0
10401,2.3441767394542694,5.506826758384705,0.919266939163208,0.0,1.0,2.0,2.0,2.0,2.0,2.0,2.0,2.0,1.0,2.0,8.0,-0.4806838035583496,-1.0373876094818115,3.0,-0.4667039215564728,-1.889667272567749,-4.986089033611204,1.8634929358959198,4.469439148902893,0.45256301760673523,0.0,2.0,3.0,3.0,1.0,3.0,3.0,3.0,3.0,1.0,3.0,0.0
10402,1.8634929358959198,4.469439148902893,0.45256301760673523,0.0,2.0,3.0,3.0,1.0,3.0,3.0,3.0,3.0,1.0,3.0,8.0,1.90628182888031,-0.8252150416374207,0.0,-0.7998790740966797,-1.97016441822052,-5.86760176605862,3.76977476477623,3.6442241072654724,0.0,0.0,1.0,4.0,4.0,2.0,4.0,4.0,4.0,4.0,1.0,4.0,0.0
10403,3.76977476477623,3.6442241072654724,0.0,0.0,1.0,4.0,4.0,2.0,4.0,4.0,4.0,4.0,1.0,4.0,8.0,-1.1614067554473877,0.5448605418205261,4.0,0.730487048625946,-1.4944438934326172,-6.254314009048489,2.608368009328842,4.1890846490859985,0.730487048625946,0.0,2.0,5.0,5.0,3.0,5.0,5.0,5.0,5.0,1.0,5.0,0.0
10404,2.608368009328842,4.1890846490859985,0.730487048625946,0.0,2.0,5.0,5.0,3.0,5.0,5.0,5.0,5.0,1.0,5.0,8.0,-0.8321603536605835,0.3294370472431183,0.0,-0.020301837474107742,-1.413481593132019,-7.2993421162251435,1.7762076556682587,4.518521696329117,0.7101852111518383,0.0,1.0,6.0,6.0,4.0,6.0,6.0,6.0,6.0,1.0,6.0,0.0
10405,1.7762076556682587,4.518521696329117,0.7101852111518383,0.0,1.0,6.0,6.0,4.0,6.0,6.0,6.0,6.0,1.0,6.0,8.0,-0.3199000358581543,-1.3549505472183228,1.0,-0.24746772646903992,1.142100214958191,-9.772622846098365,1.4563076198101044,3.163571149110794,0.4627174846827984,1.142100214958191,2.0,1.0,7.0,5.0,7.0,7.0,7.0,7.0,1.0,7.0,0.0
10406,1.4563076198101044,3.163571149110794,0.4627174846827984,1.142100214958191,2.0,1.0,7.0,5.0,7.0,7.0,7.0,7.0,1.0,7.0,8.0,0.5953083038330078,1.3650529384613037,0.0,-1.4058650732040405,-0.9257673025131226,-8.111917674903463,2.051615923643112,4.528624087572098,0.0,0.21633291244506836,1.0,2.0,8.0,6.0,8.0,8.0,8.0,8.0,1.0,8.0,0.0
10407,2.051615923643112,4.528624087572098,0.0,0.21633291244506836,1.0,2.0,8.0,6.0,8.0,8.0,8.0,8.0,1.0,8.0,8.0,-1.4847886562347412,1.826346755027771,0.0,-1.782801866531372,-0.07147705554962158,-8.885153851381604,0.566827267408371,6.354970842599869,0.0,0.14485585689544678,1.0,3.0,9.0,7.0,9.0,9.0,9.0,9.0,1.0,9.0,0.0
10408,0.566827267408371,6.354970842599869,0.0,0.14485585689544678,1.0,3.0,9.0,7.0,9.0,9.0,9.0,9.0,1.0,9.0,8.0,-0.5095956325531006,-0.13034190237522125,0.0,-0.3196910321712494,-0.3883931636810303,-10.316659026801275,0.057231634855270386,6.2246289402246475,0.0,0.0,1.0,4.0,10.0,8.0,10.0,10.0,10.0,10.0,1.0,10.0,0.0
10409,0.057231634855270386,6.2246289402246475,0.0,0.0,1.0,4.0,10.0,8.0,10.0,10.0,10.0,10.0,1.0,10.0,8.0,1.1283950805664062,1.4710036516189575,3.0,-0.14073693752288818,-1.192101001739502,-9.688640209870643,1.1856267154216766,7.695632591843605,0.0,0.0,2.0,5.0,11.0,1.0,11.0,11.0,11.0,11.0,1.0,11.0,0.0
10410,1.1856267154216766,7.695632591843605,0.0,0.0,2.0,5.0,11.0,1.0,11.0,11.0,11.0,11.0,1.0,11.0,8.0,-1.1857129335403442,-1.4819828271865845,4.0,-0.25025150179862976,-1.7745497226715088,-11.292340205021551,0.0,6.213649764657021,0.0,0.0,3.0,6.0,12.0,2.0,12.0,12.0,12.0,12.0,1.0,12.0,0.0
10411,0.0,6.213649764657021,0.0,0.0,3.0,6.0,12.0,2.0,12.0,12.0,12.0,12.0,1.0,12.0,0.0,-0.7293184399604797,-1.3042739629745483,2.0,1.2130022048950195,-1.8255982398986816,-19.744880119954985,0.0,4.909375801682472,1.2130022048950195,0.0,1.0,7.0,13.0,3.0,13.0,13.0,13.0,13.0,2.0,13.0,0.0
10412,0.0,4.909375801682472,1.2130022048950195,0.0,1.0,7.0,13.0,3.0,13.0,13.0,13.0,13.0,2.0,13.0,8.0,-0.276075154542923,-0.7440648674964905,0.0,-0.4638444483280182,1.257594347000122,-17.019374976106462,0.0,4.165310934185982,0.7491577565670013,1.257594347000122,1.0,8.0,14.0,4.0,14.0,14.0,14.0,14.0,1.0,14.0,0.0
10413,0.0,4.165310934185982,0.7491577565670013,1.257594347000122,1.0,8.0,14.0,4.0,14.0,14.0,14.0,14.0,1.0,14.0,8.0,1.7563786506652832,1.68074369430542,1.0,0.9823669195175171,-1.8940515518188477,-12.059252667924413,1.7563786506652832,5.846054628491402,1.7315246760845184,0.0,2.0,1.0,15.0,5.0,15.0,15.0,15.0,15.0,1.0,15.0,0.0
10414,1.7563786506652832,5.846054628491402,1.7315246760845184,0.0,2.0,1.0,15.0,5.0,15.0,15.0,15.0,15.0,1.0,15.0,8.0,-0.6982773542404175,1.0976983308792114,2.0,0.2791483700275421,-1.1502081155776978,-12.344447706607431,1.0581012964248657,6.943752959370613,2.0106730461120605,0.0,3.0,2.0,16.0,6.0,16.0,16.0,16.0,16.0,1.0,16.0,0.0
10415,1.0581012964248657,6.943752959370613,2.0106730461120605,0.0,3.0,2.0,16.0,6.0,16.0,16.0,16.0,16.0,1.0,16.0,8.0,1.5386967658996582,1.430243730545044,0.0,1.806951642036438,1.3145265579223633,-12.278591113241358,2.596798062324524,8.373996689915657,3.8176246881484985,1.3145265579223633,1.0,3.0,17.0,7.0,17.0,17.0,17.0,17.0,1.0,17.0,0.0
10416,2.596798062324524,8.373996689915657,3.8176246881484985,1.3145265579223633,1.0,3.0,17.0,7.0,17.0,17.0,17.0,17.0,1.0,17.0,8.0,-0.12287689745426178,1.4672819375991821,4.0,0.31599777936935425,-1.3259941339492798,-13.66562784451675,2.473921164870262,9.84127862751484,4.133622467517853,0.0,2.0,4.0,18.0,8.0,1.0,18.0,18.0,18.0,1.0,18.0,0.0
10417,2.473921164870262,9.84127862751484,4.133622467517853,0.0,2.0,4.0,18.0,8.0,1.0,18.0,18.0,18.0,1.0,18.0,5.0,1.3893800973892212,1.2028846740722656,1.0,-0.2707109749317169,-1.771051287651062,-27.603974169478548,3.8633012622594833,10.0,3.862911492586136,0.0,3.0,1.0,19.0,9.0,2.0,1.0,19.0,19.0,2.0,19.0,0.0
10418,3.8633012622594833,10.0,3.862911492586136,0.0,3.0,1.0,19.0,9.0,2.0,1.0,19.0,19.0,2.0,19.0,2.0,0.04526664316654205,1.3437999486923218,4.0,-0.9614374041557312,-1.9083302021026611,-24.528905133545365,3.9085679054260254,10.0,2.9014740884304047,0.0,4.0,2.0,1.0,10.0,1.0,2.0,20.0,20.0,3.0,20.0,0.0
10419,3.9085679054260254,10.0,2.9014740884304047,0.0,4.0,2.0,1.0,10.0,1.0,2.0,20.0,20.0,3.0,20.0,5.0,-1.4705135822296143,1.1059343814849854,4.0,-0.9298269748687744,-0.9957728385925293,-29.885157550070097,2.438054323196411,10.0,1.9716471135616302,0.0,5.0,3.0,2.0,11.0,1.0,1.0,21.0,21.0,4.0,21.0,0.0
10420,2.438054323196411,10.0,1.9716471135616302,0.0,5.0,3.0,2.0,11.0,1.0,1.0,21.0,21.0,4.0,21.0,5.0,-1.2445086240768433,-0.6168393492698669,1.0,-1.2319883108139038,-0.6561514139175415,-21.407437619849286,1.1935456991195679,9.383160650730133,0.7396588027477264,0.0,6.0,1.0,3.0,12.0,2.0,2.0,22.0,22.0,5.0,22.0,0.0
10421,1.1935456991195679,9.383160650730133,0.7396588027477264,0.0,6.0,1.0,3.0,12.0,2.0,2.0,22.0,22.0,5.0,22.0,10.0,0.5063003897666931,-1.6529808044433594,4.0,-0.3968130946159363,-0.7130225300788879,-10.7,1.699846088886261,7.730179846286774,0.34284570813179016,0.0,7.0,2.0,4.0,13.0,3.0,3.0,23.0,23.0,6.0,23.0,0.0
10422,1.699846088886261,7.730179846286774,0.34284570813179016,0.0,7.0,2.0,4.0,13.0,3.0,3.0,23.0,23.0,6.0,23.0,10.0,0.6567399501800537,1.4920134544372559,1.0,-1.9715231657028198,0.09685313701629639,-11.7,2.3565860390663147,9.22219330072403,0.0,0.09685313701629639,8.0,1.0,5.0,14.0,4.0,4.0,24.0,24.0,7.0,24.0,0.0
10423,2.3565860390663147,9.22219330072403,0.0,0.09685313701629639,8.0,1.0,5.0,14.0,4.0,4.0,24.0,24.0,7.0,24.0,1.0,-0.4262775182723999,1.5379652976989746,1.0,-0.48730137944221497,-1.7496323585510254,-32.959110596851936,1.9303085207939148,10.0,0.0,0.0,9.0,1.0,6.0,15.0,5.0,5.0,25.0,25.0,8.0,25.0,0.0
10424,1.9303085207939148,10.0,0.0,0.0,9.0,1.0,6.0,15.0,5.0,5.0,25.0,25.0,8.0,25.0,8.0,-0.4144202768802643,-0.8164178133010864,1.0,-0.050479594618082047,-1.5061545372009277,-14.150815330394927,1.5158882439136505,9.183582186698914,0.0,0.0,10.0,1.0,7.0,16.0,6.0,6.0,26.0,26.0,1.0,26.0,0.0
10425,1.5158882439136505,9.183582186698914,0.0,0.0,10.0,1.0,7.0,16.0,6.0,6.0,26.0,26.0,1.0,26.0,8.0,0.08576223999261856,0.5848636031150818,4.0,-0.9842116236686707,0.6214022040367126,-15.244178638914141,1.601650483906269,9.768445789813995,0.0,0.6214022040367126,11.0,2.0,8.0,17.0,7.0,7.0,27.0,27.0,1.0,27.0,0.0
10426,1.601650483906269,9.768445789813995,0.0,0.6214022040367126,11.0,2.0,8.0,17.0,7.0,7.0,27.0,27.0,1.0,27.0,0.0,-0.021570902317762375,1.6665066480636597,5.0,-1.4691178798675537,-1.240614891052246,-40.41578134794293,1.5800795815885067,10.0,0.0,0.0,12.0,3.0,9.0,18.0,8.0,8.0,28.0,28.0,2.0,28.0,0.0
10427,1.5800795815885067,10.0,0.0,0.0,12.0,3.0,9.0,18.0,8.0,8.0,28.0,28.0,2.0,28.0,9.0,0.8482730388641357,1.6611522436141968,1.0,-0.7487785220146179,0.23941569030284882,-36.96231810492635,2.4283526204526424,10.0,0.0,0.23941569030284882,13.0,1.0,10.0,19.0,9.0,9.0,29.0,29.0,3.0,1.0,0.0
10428,2.4283526204526424,10.0,0.0,0.23941569030284882,13.0,1.0,10.0,19.0,9.0,9.0,29.0,29.0,3.0,1.0,8.0,1.1986135244369507,0.010047500021755695,2.0,-1.900174856185913,-1.8266948461532593,-14.245793910061629,3.626966144889593,10.0,0.0,0.0,14.0,2.0,11.0,20.0,10.0,10.0,30.0,30.0,1.0,2.0,0.0
10429,3.626966144889593,10.0,0.0,0.0,14.0,2.0,11.0,20.0,10.0,10.0,30.0,30.0,1.0,2.0,8.0,1.578891634941101,0.20656630396842957,0.0,-1.9751265048980713,-1.4253681898117065,-17.31479745238692,5.205857779830694,10.0,0.0,0.0,1.0,3.0,12.0,21.0,11.0,11.0,31.0,31.0,1.0,3.0,0.0
10430,5.205857779830694,10.0,0.0,0.0,1.0,3.0,12.0,21.0,11.0,11.0,31.0,31.0,1.0,3.0,0.0,-1.209895133972168,-0.9360610842704773,1.0,-1.9710603952407837,0.35373547673225403,-22.57679259448912,3.9959626458585262,9.063938915729523,0.0,0.35373547673225403,1.0,1.0,13.0,22.0,12.0,12.0,32.0,32.0,2.0,4.0,0.0
10431,3.9959626458585262,9.063938915729523,0.0,0.35373547673225403,1.0,1.0,13.0,22.0,12.0,12.0,32.0,32.0,2.0,4.0,8.0,-1.3150819540023804,0.7278299927711487,2.0,-1.7373499870300293,-0.36622363328933716,-15.138803474258683,2.680880691856146,9.791768908500671,0.0,0.0,2.0,2.0,14.0,23.0,13.0,13.0,33.0,33.0,1.0,5.0,0.0
10432,2.680880691856146,9.791768908500671,0.0,0.0,2.0,2.0,14.0,23.0,13.0,13.0,33.0,33.0,1.0,5.0,10.0,0.2833698093891144,1.3528895378112793,3.0,-1.972463846206665,1.8026649951934814,-26.346584463119505,2.9642505012452602,10.0,0.0,1.8026649951934814,3.0,3.0,15.0,1.0,14.0,14.0,34.0,34.0,2.0,6.0,0.0
10433,2.9642505012452602,10.0,0.0,1.8026649951934814,3.0,3.0,15.0,1.0,14.0,14.0,34.0,34.0,2.0,6.0,8.0,-0.6228698492050171,-0.3164140284061432,2.0,0.21666096150875092,-1.2143663167953491,-14.72045520469903,2.341380652040243,9.683585971593857,0.21666096150875092,0.5882986783981323,4.0,4.0,16.0,2.0,15.0,15.0,35.0,35.0,1.0,7.0,0.0
10434,2.341380652040243,9.683585971593857,0.21666096150875092,0.5882986783981323,4.0,4.0,16.0,2.0,15.0,15.0,35.0,35.0,1.0,7.0,10.0,-0.335664838552475,-1.7572214603424072,1.0,-1.3226205110549927,-1.3642810583114624,-14.4,2.005715813487768,7.92636451125145,0.0,0.0,5.0,1.0,17.0,3.0,16.0,16.0,36.0,36.0,2.0,8.0,0.0
10435,2.005715813487768,7.92636451125145,0.0,0.0,5.0,1.0,17.0,3.0,16.0,16.0,36.0,36.0,2.0,8.0,8.0,1.938729166984558,-1.7882903814315796,2.0,-0.6194782853126526,-0.9518585205078125,-15.242978907589398,3.9444449804723263,6.13807412981987,0.0,0.0,6.0,2.0,18.0,4.0,17.0,17.0,37.0,37.0,1.0,9.0,0.0
10436,3.9444449804723263,6.13807412981987,0.0,0.0,6.0,2.0,18.0,4.0,17.0,17.0,37.0,37.0,1.0,9.0,8.0,1.086517572402954,-1.9030756950378418,2.0,-1.215733289718628,-1.846867561340332,-17.672083445977574,5.03096255287528,4.234998434782028,0.0,0.0,7.0,3.0,19.0,5.0,18.0,18.0,38.0,38.0,1.0,10.0,0.0
10437,5.03096255287528,4.234998434782028,0.0,0.0,7.0,3.0,19.0,5.0,18.0,18.0,38.0,38.0,1.0,10.0,10.0,0.34148654341697693,0.20344050228595734,2.0,0.8755901455879211,0.6082323789596558,-16.7,5.372449096292257,4.4384389370679855,0.8755901455879211,0.6082323789596558,8.0,4.0,20.0,6.0,19.0,19.0,39.0,39.0,2.0,11.0,0.0
10438,5.372449096292257,4.4384389370679855,0.8755901455879211,0.6082323789596558,8.0,4.0,20.0,6.0,19.0,19.0,39.0,39.0,2.0,11.0,8.0,1.805481195449829,0.19036917388439178,2.0,-0.8901037573814392,0.9972200989723206,-20.498162489450245,7.177930291742086,4.628808110952377,0.0,1.6054524779319763,9.0,5.0,21.0,7.0,20.0,20.0,40.0,40.0,1.0,12.0,0.0
10439,7.177930291742086,4.628808110952377,0.0,1.6054524779319763,9.0,5.0,21.0,7.0,20.0,20.0,40.0,40.0,1.0,12.0,8.0,-1.0181515216827393,1.6439251899719238,2.0,0.8050845265388489,0.6822229623794556,-19.511478322370177,6.159778770059347,6.272733300924301,0.8050845265388489,2.287675440311432,10.0,6.0,1.0,8.0,21.0,21.0,41.0,41.0,1.0,13.0,0.0
10440,6.159778770059347,6.272733300924301,0.8050845265388489,2.287675440311432,10.0,6.0,1.0,8.0,21.0,21.0,41.0,41.0,1.0,13.0,8.0,0.8015214800834656,-1.272286295890808,4.0,-0.9051741361618042,-1.6696969270706177,-19.682644973651996,6.961300250142813,5.000447005033493,0.0,0.6179785132408142,11.0,7.0,2.0,9.0,22.0,22.0,42.0,42.0,1.0,14.0,0.0
10441,6.961300250142813,5.000447005033493,0.0,0.6179785132408142,11.0,7.0,2.0,9.0,22.0,22.0,42.0,42.0,1.0,14.0,10.0,1.3333697319030762,1.7913662195205688,1.0,-1.3180255889892578,-1.0027854442596436,-18.2,8.294669982045889,6.791813224554062,0.0,0.0,12.0,1.0,3.0,10.0,23.0,23.0,43.0,43.0,2.0,15.0,0.0
10442,8.294669982045889,6.791813224554062,0.0,0.0,12.0,1.0,3.0,10.0,23.0,23.0,43.0,43.0,2.0,15.0,8.0,0.024534961208701134,-1.2597124576568604,2.0,-1.6053617000579834,-1.788487434387207,-21.946864603689626,8.31920494325459,5.5321007668972015,0.0,0.0,13.0,2.0,4.0,11.0,24.0,24.0,44.0,44.0,1.0,16.0,0.0
10443,8.31920494325459,5.5321007668972015,0.0,0.0,13.0,2.0,4.0,11.0,24.0,24.0,44.0,44.0,1.0,16.0,8.0,0.576089084148407,-1.7276780605316162,2.0,-1.1994446516036987,-1.7657653093338013,-25.186285247932823,8.895294027402997,3.8044227063655853,0.0,0.0,14.0,3.0,5.0,12.0,25.0,25.0,45.0,45.0,1.0,17.0,0.0
10444,8.895294027402997,3.8044227063655853,0.0,0.0,14.0,3.0,5.0,12.0,25.0,25.0,45.0,45.0,1.0,17.0,8.0,-0.8020817041397095,-1.810961365699768,2.0,1.3457304239273071,-1.4624006748199463,-27.551835045158736,8.093212323263288,1.9934613406658173,1.3457304239273071,0.0,15.0,4.0,6.0,13.0,26.0,26.0,46.0,46.0,1.0,18.0,0.0
10445,8.093212323263288,1.9934613406658173,1.3457304239273071,0.0,15.0,4.0,6.0,13.0,26.0,26.0,46.0,46.0,1.0,18.0,8.0,-1.6027560234069824,0.0025853351689875126,2.0,-1.344266414642334,1.1884349584579468,-26.811860590292873,6.490456299856305,1.9960466758348048,0.0014640092849731445,1.1884349584579468,16.0,5.0,7.0,14.0,27.0,27.0,47.0,47.0,1.0,19.0,0.0
10446,6.490456299856305,1.9960466758348048,0.0014640092849731445,1.1884349584579468,16.0,5.0,7.0,14.0,27.0,27.0,47.0,47.0,1.0,19.0,5.0,-1.3842353820800781,1.3416591882705688,1.0,-0.4820958375930786,-1.7415885925292969,-21.668548529241242,5.106220917776227,3.3377058641053736,0.0,0.0,17.0,1.0,8.0,15.0,28.0,1.0,48.0,48.0,2.0,20.0,0.0
10447,5.106220917776227,3.3377058641053736,0.0,0.0,17.0,1.0,8.0,15.0,28.0,1.0,48.0,48.0,2.0,20.0,10.0,-1.202742338180542,-0.013695532456040382,1.0,-0.6651902794837952,-1.6426000595092773,-19.8,3.903478579595685,3.3240103316493332,0.0,0.0,18.0,1.0,9.0,16.0,29.0,2.0,49.0,49.0,3.0,21.0,0.0
10448,3.903478579595685,3.3240103316493332,0.0,0.0,18.0,1.0,9.0,16.0,29.0,2.0,49.0,49.0,3.0,21.0,4.0,0.042343538254499435,-0.9302088022232056,3.0,0.2875460684299469,-1.2803070545196533,-20.965789887327603,3.9458221178501844,2.3938015294261277,0.2875460684299469,0.0,19.0,2.0,10.0,1.0,1.0,3.0,50.0,50.0,4.0,22.0,0.0
10449,3.9458221178501844,2.3938015294261277,0.2875460684299469,0.0,19.0,2.0,10.0,1.0,1.0,3.0,50.0,50.0,4.0,22.0,5.0,-0.7876901626586914,-1.4279439449310303,1.0,-0.7025368809700012,-0.4431707262992859,-24.00052818169191,3.158131955191493,0.9658575844950974,0.0,0.0,20.0,1.0,11.0,2.0,2.0,1.0,51.0,51.0,5.0,23.0,0.0
10450,3.158131955191493,0.9658575844950974,0.0,0.0,20.0,1.0,11.0,2.0,2.0,1.0,51.0,51.0,5.0,23.0,10.0,-1.4232429265975952,-0.3563627600669861,1.0,1.6717910766601562,-1.4880719184875488,-17.7,1.7348890285938978,0.6094948244281113,1.6717910766601562,0.0,21.0,1.0,12.0,3.0,3.0,2.0,52.0,52.0,6.0,24.0,0.0
10451,1.7348890285938978,0.6094948244281113,1.6717910766601562,0.0,21.0,1.0,12.0,3.0,3.0,2.0,52.0,52.0,6.0,24.0,10.0,-0.17939195036888123,1.8710724115371704,8.0,-1.274205207824707,-0.6482370495796204,-18.6,1.5554970782250166,2.4805672359652817,0.3975858688354492,0.0,22.0,2.0,13.0,4.0,4.0,3.0,53.0,53.0,7.0,25.0,0.0
10452,1.5554970782250166,2.4805672359652817,0.3975858688354492,0.0,22.0,2.0,13.0,4.0,4.0,3.0,53.0,53.0,7.0,25.0,10.0,-0.4629717469215393,1.8728128671646118,2.0,-0.8340526819229126,-0.9567576050758362,-19.6,1.0925253313034773,4.3533801031298935,0.0,0.0,23.0,3.0,14.0,5.0,5.0,4.0,54.0,54.0,8.0,26.0,0.0
10453,1.0925253313034773,4.3533801031298935,0.0,0.0,23.0,3.0,14.0,5.0,5.0,4.0,54.0,54.0,8.0,26.0,10.0,1.0942243337631226,1.1553436517715454,1.0,-1.1193163394927979,-1.1614431142807007,-20.6,2.1867496650666,5.508723754901439,0.0,0.0,24.0,1.0,15.0,6.0,6.0,5.0,55.0,55.0,9.0,27.0,0.0
10454,2.1867496650666,5.508723754901439,0.0,0.0,24.0,1.0,15.0,6.0,6.0,5.0,55.0,55.0,9.0,27.0,8.0,-0.34017816185951233,-1.090946912765503,1.0,0.7389345169067383,-1.5465848445892334,-22.74628985227936,1.8465715032070875,4.417776842135936,0.7389345169067383,0.0,25.0,1.0,16.0,7.0,7.0,6.0,56.0,56.0,1.0,28.0,0.0
10455,1.8465715032070875,4.417776842135936,0.7389345169067383,0.0,25.0,1.0,16.0,7.0,7.0,6.0,56.0,56.0,1.0,28.0,10.0,-0.16678687930107117,1.3869065046310425,1.0,-1.6145806312561035,-1.5094873905181885,-21.3,1.6797846239060163,5.8046833467669785,0.0,0.0,26.0,1.0,17.0,8.0,8.0,7.0,57.0,57.0,2.0,29.0,0.0
10456,1.6797846239060163,5.8046833467669785,0.0,0.0,26.0,1.0,17.0,8.0,8.0,7.0,57.0,57.0,2.0,29.0,5.0,-0.5579915046691895,0.9502002000808716,0.0,-1.4565633535385132,-1.5224876403808594,-30.570220720942444,1.121793119236827,6.75488354684785,0.0,0.0,1.0,2.0,18.0,9.0,9.0,1.0,58.0,58.0,3.0,30.0,0.0
10457,1.121793119236827,6.75488354684785,0.0,0.0,1.0,2.0,18.0,9.0,9.0,1.0,58.0,58.0,3.0,30.0,10.0,-1.9744049310684204,1.9526302814483643,1.0,-0.8445317149162292,-0.15345992147922516,-28.426118118315934,0.0,8.707513828296214,0.0,0.0,2.0,1.0,19.0,10.0,10.0,2.0,59.0,59.0,4.0,31.0,0.0
10458,0.0,8.707513828296214,0.0,0.0,2.0,1.0,19.0,10.0,10.0,2.0,59.0,59.0,4.0,31.0,10.0,-1.4682652950286865,1.3662422895431519,2.0,-0.8576316833496094,1.2003365755081177,-35.401166421425245,0.0,10.0,0.0,1.2003365755081177,3.0,2.0,20.0,11.0,11.0,3.0,60.0,60.0,5.0,32.0,0.0
10459,0.0,10.0,0.0,1.2003365755081177,3.0,2.0,20.0,11.0,11.0,3.0,60.0,60.0,5.0,32.0,10.0,-0.40021687746047974,1.445062279701233,1.0,-1.834599494934082,-1.489222764968872,-36.69459416329612,0.0,10.0,0.0,0.0,4.0,1.0,21.0,12.0,12.0,4.0,61.0,61.0,6.0,33.0,0.0
10460,0.0,10.0,0.0,0.0,4.0,1.0,21.0,12.0,12.0,4.0,61.0,61.0,6.0,33.0,10.0,-1.9521692991256714,1.7792394161224365,1.0,-0.49276065826416016,-0.400197297334671,-48.91336380003979,0.0,10.0,0.0,0.0,5.0,1.0,22.0,13.0,13.0,5.0,62.0,62.0,7.0,34.0,0.0
10461,0.0,10.0,0.0,0.0,5.0,1.0,22.0,13.0,13.0,5.0,62.0,62.0,7.0,34.0,10.0,-0.6748760938644409,1.1662081480026245,1.0,-1.4805710315704346,-1.224123477935791,-36.874046112944086,0.0,10.0,0.0,0.0,6.0,1.0,23.0,14.0,14.0,6.0,63.0,63.0,8.0,35.0,0.0
10462,0.0,10.0,0.0,0.0,6.0,1.0,23.0,14.0,14.0,6.0,63.0,63.0,8.0,35.0,10.0,1.4287530183792114,1.0711333751678467,1.0,0.708685576915741,-1.2032572031021118,-35.011333751678464,1.4287530183792114,10.0,0.708685576915741,0.0,7.0,1.0,24.0,15.0,15.0,7.0,64.0,64.0,9.0,36.0,0.0
10463,1.4287530183792114,10.0,0.708685576915741,0.0,7.0,1.0,24.0,15.0,15.0,7.0,64.0,64.0,9.0,36.0,10.0,-1.5694291591644287,-1.4411805868148804,1.0,-0.7954639792442322,-0.5863877534866333,-26.606761407852172,0.0,8.55881941318512,0.0,0.0,8.0,1.0,25.0,16.0,16.0,8.0,65.0,65.0,10.0,37.0,0.0
10464,0.0,8.55881941318512,0.0,0.0,8.0,1.0,25.0,16.0,16.0,8.0,65.0,65.0,10.0,37.0,10.0,-0.8891358971595764,1.769260287284851,1.0,0.6434241533279419,0.7656877040863037,-35.577335772664334,0.0,10.0,0.6434241533279419,0.7656877040863037,9.0,1.0,26.0,17.0,17.0,9.0,66.0,66.0,11.0,38.0,0.0
10465,0.0,10.0,0.6434241533279419,0.7656877040863037,9.0,1.0,26.0,17.0,17.0,9.0,66.0,66.0,11.0,38.0,10.0,0.624285876750946,1.7165955305099487,1.0,1.5127347707748413,-1.7521357536315918,-44.16595530509949,0.624285876750946,10.0,2.156158924102783,0.0,10.0,1.0,27.0,18.0,18.0,10.0,67.0,67.0,12.0,39.0,0.0
10466,0.624285876750946,10.0,2.156158924102783,0.0,10.0,1.0,27.0,18.0,18.0,10.0,67.0,67.0,12.0,39.0,10.0,-0.17750398814678192,1.632193922996521,1.0,-1.5716294050216675,-1.8423664569854736,-44.22193922996521,0.4467818886041641,10.0,0.5845295190811157,0.0,11.0,1.0,28.0,19.0,19.0,11.0,68.0,68.0,13.0,40.0,0.0
10467,0.4467818886041641,10.0,0.5845295190811157,0.0,11.0,1.0,28.0,19.0,19.0,11.0,68.0,68.0,13.0,40.0,0.0,1.1574715375900269,0.1224488839507103,1.0,-0.4488378167152405,-1.8243814706802368,-41.68019565674216,1.604253426194191,10.0,0.13569170236587524,0.0,12.0,1.0,29.0,20.0,20.0,12.0,69.0,69.0,14.0,41.0,0.0
10468,1.604253426194191,10.0,0.13569170236587524,0.0,12.0,1.0,29.0,20.0,20.0,12.0,69.0,69.0,14.0,41.0,8.0,1.2652021646499634,1.2749406099319458,1.0,-0.5598919987678528,-1.6264522075653076,-42.371266351785856,2.8694555908441544,10.0,0.0,0.0,13.0,1.0,30.0,21.0,21.0,13.0,70.0,70.0,1.0,42.0,0.0
10469,2.8694555908441544,10.0,0.0,0.0,13.0,1.0,30.0,21.0,21.0,13.0,70.0,70.0,1.0,42.0,10.0,-1.2618552446365356,0.16972321271896362,1.0,-0.8490712642669678,-1.967496633529663,-30.897232127189636,1.6076003462076187,10.0,0.0,0.0,14.0,1.0,31.0,22.0,22.0,14.0,71.0,71.0,2.0,43.0,0.0
10470,1.6076003462076187,10.0,0.0,0.0,14.0,1.0,31.0,22.0,22.0,14.0,71.0,71.0,2.0,43.0,10.0,0.0374302975833416,1.2568001747131348,1.0,-0.47013622522354126,-0.058603908866643906,-42.66800174713135,1.6450306437909603,10.0,0.0,0.0,15.0,1.0,32.0,23.0,23.0,15.0,72.0,72.0,3.0,44.0,0.0
10471,1.6450306437909603,10.0,0.0,0.0,15.0,1.0,32.0,23.0,23.0,15.0,72.0,72.0,3.0,44.0,10.0,1.5240280628204346,1.2929081916809082,1.0,-0.6153460144996643,-1.9476405382156372,-43.92908191680908,3.169058706611395,10.0,0.0,0.0,16.0,1.0,33.0,24.0,24.0,16.0,73.0,73.0,4.0,45.0,0.0
10472,3.169058706611395,10.0,0.0,0.0,16.0,1.0,33.0,24.0,24.0,16.0,73.0,73.0,4.0,45.0,10.0,-0.3992076814174652,1.1958903074264526,1.0,1.6725316047668457,-1.2235488891601562,-43.858903074264525,2.7698510251939297,10.0,1.6725316047668457,0.0,17.0,1.0,34.0,25.0,25.0,17.0,74.0,74.0,5.0,46.0,0.0
10473,2.7698510251939297,10.0,1.6725316047668457,0.0,17.0,1.0,34.0,25.0,25.0,17.0,74.0,74.0,5.0,46.0,10.0,1.6528115272521973,0.7037383317947388,1.0,0.7802391052246094,0.23569101095199585,-39.837383317947385,4.422662552446127,10.0,2.452770709991455,0.23569101095199585,18.0,1.0,35.0,26.0,26.0,18.0,75.0,75.0,6.0,47.0,0.0
10474,4.422662552446127,10.0,2.452770709991455,0.23569101095199585,18.0,1.0,35.0,26.0,26.0,18.0,75.0,75.0,6.0,47.0,8.0,-0.9709463715553284,0.6673259735107422,1.0,-0.4229787290096283,0.08521217107772827,-40.943605082783456,3.4517161808907986,10.0,2.029791980981827,0.3209031820297241,19.0,1.0,36.0,27.0,27.0,19.0,76.0,76.0,1.0,48.0,0.0
10475,3.4517161808907986,10.0,2.029791980981827,0.3209031820297241,19.0,1.0,36.0,27.0,27.0,19.0,76.0,76.0,1.0,48.0,10.0,0.6087609529495239,1.9292972087860107,2.0,1.784449815750122,-0.23153428733348846,-53.29297208786011,4.0604771338403225,10.0,3.814241796731949,0.08936889469623566,20.0,2.0,1.0,28.0,28.0,20.0,77.0,77.0,2.0,49.0,0.0
10476,4.0604771338403225,10.0,3.814241796731949,0.08936889469623566,20.0,2.0,1.0,28.0,28.0,20.0,77.0,77.0,2.0,49.0,10.0,1.4638445377349854,0.22796444594860077,1.0,-1.597988486289978,-1.285414695739746,-33.679644459486006,5.524321671575308,10.0,2.216253310441971,0.0,21.0,1.0,2.0,29.0,29.0,21.0,78.0,78.0,3.0,50.0,0.0
10477,5.524321671575308,10.0,2.216253310441971,0.0,21.0,1.0,2.0,29.0,29.0,21.0,78.0,78.0,3.0,50.0,10.0,-1.554972529411316,1.0216069221496582,1.0,-1.602249264717102,-0.991839587688446,-42.416069221496585,3.969349142163992,10.0,0.6140040457248688,0.0,22.0,1.0,3.0,30.0,30.0,22.0,79.0,79.0,4.0,51.0,0.0
10478,3.969349142163992,10.0,0.6140040457248688,0.0,22.0,1.0,3.0,30.0,30.0,22.0,79.0,79.0,4.0,51.0,5.0,1.0215036869049072,1.48089599609375,1.0,-1.722886562347412,-0.13133089244365692,-51.64764761036183,4.990852829068899,10.0,0.0,0.0,23.0,1.0,4.0,31.0,31.0,1.0,80.0,80.0,5.0,52.0,0.0
10479,4.990852829068899,10.0,0.0,0.0,23.0,1.0,4.0,31.0,31.0,1.0,80.0,80.0,5.0,52.0,10.0,-0.24293941259384155,0.6459048390388489,1.0,-1.1175916194915771,-1.9526680707931519,-38.259048390388486,4.747913416475058,10.0,0.0,0.0,24.0,1.0,5.0,32.0,32.0,2.0,81.0,81.0,6.0,53.0,0.0
10480,4.747913416475058,10.0,0.0,0.0,24.0,1.0,5.0,32.0,32.0,2.0,81.0,81.0,6.0,53.0,10.0,0.12859098613262177,0.8902280330657959,1.0,0.8824509978294373,-1.7385197877883911,-41.60228033065796,4.876504402607679,10.0,0.8824509978294373,0.0,25.0,1.0,6.0,33.0,33.0,3.0,82.0,82.0,7.0,54.0,0.0
10481,4.876504402607679,10.0,0.8824509978294373,0.0,25.0,1.0,6.0,33.0,33.0,3.0,82.0,82.0,7.0,54.0,10.0,0.917582631111145,-0.1385086327791214,1.0,-0.9191912412643433,-1.8114490509033203,-33.6,5.794087033718824,9.861491367220879,0.0,0.0,26.0,1.0,7.0,34.0,34.0,4.0,83.0,83.0,8.0,55.0,0.0
10482,5.794087033718824,9.861491367220879,0.0,0.0,26.0,1.0,7.0,34.0,34.0,4.0,83.0,83.0,8.0,55.0,10.0,0.09964054077863693,-0.3952944874763489,1.0,-1.4967076778411865,-1.5665647983551025,-34.5,5.893727574497461,9.46619687974453,0.0,0.0,27.0,1.0,8.0,35.0,35.0,5.0,84.0,84.0,9.0,56.0,0.0
10483,5.893727574497461,9.46619687974453,0.0,0.0,27.0,1.0,8.0,35.0,35.0,5.0,84.0,84.0,9.0,56.0,10.0,-0.4752694368362427,0.8722434639930725,1.0,0.7980402708053589,-1.0532416105270386,-38.78440343737602,5.418458137661219,10.0,0.7980402708053589,0.0,28.0,1.0,9.0,36.0,36.0,6.0,85.0,85.0,10.0,57.0,0.0
10484,5.418458137661219,10.0,0.7980402708053589,0.0,28.0,1.0,9.0,36.0,36.0,6.0,85.0,85.0,10.0,57.0,10.0,0.024023957550525665,1.1763185262680054,1.0,-0.9037548899650574,-1.3151549100875854,-48.06318526268005,5.442482095211744,10.0,0.0,0.0,29.0,1.0,10.0,37.0,37.0,7.0,86.0,86.0,11.0,58.0,0.0
10485,5.442482095211744,10.0,0.0,0.0,29.0,1.0,10.0,37.0,37.0,7.0,86.0,86.0,11.0,58.0,10.0,-0.20576423406600952,0.9613596200942993,1.0,-0.23975422978401184,-1.602571964263916,-46.813596200942996,5.236717861145735,10.0,0.0,0.0,30.0,1.0,11.0,38.0,38.0,8.0,87.0,87.0,12.0,59.0,0.0
10486,5.236717861145735,10.0,0.0,0.0,30.0,1.0,11.0,38.0,38.0,8.0,87.0,87.0,12.0,59.0,10.0,0.6574554443359375,0.7111555337905884,1.0,-0.1860245317220688,-0.5147556066513062,-45.211555337905885,5.894173305481672,10.0,0.0,0.0,31.0,1.0,12.0,39.0,39.0,9.0,88.0,88.0,13.0,60.0,0.0
10487,5.894173305481672,10.0,0.0,0.0,31.0,1.0,12.0,39.0,39.0,9.0,88.0,88.0,13.0,60.0,10.0,0.17492790520191193,1.2907639741897583,1.0,0.1554863303899765,-1.7438240051269531,-51.90763974189758,6.069101210683584,10.0,0.1554863303899765,0.0,32.0,1.0,13.0,40.0,40.0,10.0,89.0,89.0,14.0,61.0,0.0
10488,6.069101210683584,10.0,0.1554863303899765,0.0,32.0,1.0,13.0,40.0,40.0,10.0,89.0,89.0,14.0,61.0,9.0,0.16723056137561798,0.8514970541000366,1.0,0.11971248686313629,-1.8974076509475708,-52.22879768318971,6.236331772059202,10.0,0.2751988172531128,0.0,33.0,1.0,14.0,41.0,41.0,11.0,90.0,90.0,15.0,1.0,0.0
10489,6.236331772059202,10.0,0.2751988172531128,0.0,33.0,1.0,14.0,41.0,41.0,11.0,90.0,90.0,15.0,1.0,10.0,1.8153190612792969,1.2464531660079956,2.0,-1.9946433305740356,-1.7063008546829224,-47.16453166007996,8.051650833338499,10.0,0.0,0.0,34.0,2.0,15.0,42.0,42.0,12.0,91.0,91.0,16.0,2.0,0.0
10490,8.051650833338499,10.0,0.0,0.0,34.0,2.0,15.0,42.0,42.0,12.0,91.0,91.0,16.0,2.0,4.0,1.8783665895462036,-1.3716232776641846,1.0,-1.987910509109497,-0.7693395614624023,-34.6108658587803,9.930017422884703,8.628376722335815,0.0,0.0,35.0,1.0,16.0,43.0,1.0,13.0,92.0,92.0,17.0,3.0,0.0
10491,9.930017422884703,8.628376722335815,0.0,0.0,35.0,1.0,16.0,43.0,1.0,13.0,92.0,92.0,17.0,3.0,5.0,1.3600184917449951,1.731964111328125,1.0,-1.9994709491729736,-1.7881122827529907,-48.77292103608919,10.0,10.0,0.0,0.0,36.0,1.0,17.0,44.0,2.0,1.0,93.0,93.0,18.0,4.0,0.0
10492,10.0,10.0,0.0,0.0,36.0,1.0,17.0,44.0,2.0,1.0,93.0,93.0,18.0,4.0,10.0,1.7460863590240479,1.2625023126602173,1.0,-1.997902512550354,-1.778470754623413,-53.4469943672946,10.0,10.0,0.0,0.0,37.0,1.0,18.0,45.0,3.0,2.0,94.0,94.0,19.0,5.0,0.0
10493,10.0,10.0,0.0,0.0,37.0,1.0,18.0,45.0,3.0,2.0,94.0,94.0,19.0,5.0,10.0,1.3427702188491821,1.5388387441635132,1.0,-1.9947000741958618,-1.827385425567627,-53.223164644998135,10.0,10.0,0.0,0.0,38.0,1.0,19.0,46.0,4.0,3.0,95.0,95.0,20.0,6.0,0.0
10494,10.0,10.0,0.0,0.0,38.0,1.0,19.0,46.0,4.0,3.0,95.0,95.0,20.0,6.0,5.0,1.4915555715560913,1.970724105834961,1.0,-1.998497486114502,-1.9307994842529297,-62.49411268064668,10.0,10.0,0.0,0.0,39.0,1.0,20.0,47.0,5.0,1.0,96.0,96.0,21.0,7.0,0.0
10495,10.0,10.0,0.0,0.0,39.0,1.0,20.0,47.0,5.0,1.0,96.0,96.0,21.0,7.0,10.0,1.7591972351074219,1.1042277812957764,1.0,-1.990813970565796,-1.5109124183654785,-55.070396975009864,10.0,10.0,0.0,0.0,40.0,1.0,21.0,48.0,6.0,2.0,97.0,97.0,22.0,8.0,0.0
10496,10.0,10.0,0.0,0.0,40.0,1.0,21.0,48.0,6.0,2.0,97.0,97.0,22.0,8.0,10.0,1.6680060625076294,0.2840372622013092,1.0,-1.9961020946502686,-1.97237229347229,-52.12016959395213,10.0,10.0,0.0,0.0,41.0,1.0,22.0,49.0,7.0,3.0,98.0,98.0,23.0,9.0,0.0
10497,10.0,10.0,0.0,0.0,41.0,1.0,22.0,49.0,7.0,3.0,98.0,98.0,23.0,9.0,5.0,1.4712170362472534,1.5499321222305298,1.0,-1.9835723638534546,-1.854651689529419,-61.54875035392182,10.0,10.0,0.0,0.0,42.0,1.0,23.0,50.0,8.0,1.0,99.0,99.0,24.0,10.0,0.0
10498,10.0,10.0,0.0,0.0,42.0,1.0,23.0,50.0,8.0,1.0,99.0,99.0,24.0,10.0,5.0,1.5121628046035767,0.6172924637794495,1.0,-1.994179129600525,1.0763779878616333,-57.31180339936614,10.0,10.0,0.0,1.0763779878616333,43.0,1.0,24.0,51.0,9.0,1.0,100.0,100.0,25.0,11.0,0.0
10499,10.0,10.0,0.0,1.0763779878616333,43.0,1.0,24.0,51.0,9.0,1.0,100.0,100.0,25.0,11.0,10.0,1.0743108987808228,-1.0288445949554443,1.0,-1.9882686138153076,-1.152881145477295,-48.043108987808225,10.0,8.971155405044556,0.0,0.0,44.0,1.0,25.0,52.0,10.0,2.0,100.0,100.0,26.0,12.0,1.0
10500,0.16052208840847015,1.5270593166351318,4.620841979980469,7.559010982513428,1.0,1.0,1.0,1.0,1.0,1.0,1.0,1.0,1.0,1.0,5.0,-1.237174153327942,1.9342225790023804,2.0,-1.8426029682159424,-1.9385029077529907,-24.487256926922115,0.0,3.461281895637512,2.7782390117645264,5.620508074760437,2.0,2.0,1.0,2.0,2.0,2.0,2.0,2.0,2.0,2.0,0.0
10501,0.0,3.461281895637512,2.7782390117645264,5.620508074760437,2.0,2.0,1.0,2.0,2.0,2.0,2.0,2.0,2.0,2.0,8.0,-1.8245553970336914,1.9814348220825195,2.0,-0.873253583908081,-1.7144399881362915,-24.236578218386953,0.0,5.442716717720032,1.9049854278564453,3.9060680866241455,3.0,3.0,1.0,3.0,3.0,3.0,3.0,3.0,1.0,3.0,0.0
10502,0.0,5.442716717720032,1.9049854278564453,3.9060680866241455,3.0,3.0,1.0,3.0,3.0,3.0,3.0,3.0,1.0,3.0,8.0,0.7580370306968689,-0.66576087474823,2.0,0.09106902778148651,-1.8971153497695923,-6.433420473196019,0.7580370306968689,4.776955842971802,1.9960544556379318,2.0089527368545532,4.0,4.0,1.0,4.0,4.0,4.0,4.0,4.0,1.0,4.0,0.0
10503,0.7580370306968689,4.776955842971802,1.9960544556379318,2.0089527368545532,4.0,4.0,1.0,4.0,4.0,4.0,4.0,4.0,1.0,4.0,8.0,-0.5053197145462036,-0.6604881882667542,2.0,-1.8000197410583496,-1.43195378780365,-8.406014889871805,0.2527173161506653,4.116467654705048,0.19603471457958221,0.5769989490509033,5.0,5.0,2.0,5.0,5.0,5.0,5.0,5.0,1.0,5.0,0.0
10504,0.2527173161506653,4.116467654705048,0.19603471457958221,0.5769989490509033,5.0,5.0,2.0,5.0,5.0,5.0,5.0,5.0,1.0,5.0,8.0,0.918215811252594,-1.9066828489303589,0.0,-0.26930150389671326,-1.833219289779663,-10.93344940647968,1.1709331274032593,2.2097848057746887,0.0,0.0,1.0,6.0,3.0,6.0,6.0,6.0,6.0,6.0,1.0,6.0,0.0
10505,1.1709331274032593,2.2097848057746887,0.0,0.0,1.0,6.0,3.0,6.0,6.0,6.0,6.0,6.0,1.0,6.0,0.0,0.7147541046142578,-0.019206320866942406,1.0,-1.6828258037567139,-1.6132458448410034,-6.02138169624947,1.885687232017517,2.1905784849077463,0.0,0.0,1.0,1.0,4.0,7.0,7.0,7.0,7.0,7.0,2.0,7.0,0.0
10506,1.885687232017517,2.1905784849077463,0.0,0.0,1.0,1.0,4.0,7.0,7.0,7.0,7.0,7.0,2.0,7.0,8.0,-0.9168726205825806,1.320029377937317,4.0,-1.234061598777771,0.5665333867073059,-9.846016844995816,0.9688146114349365,3.510607862845063,0.0,0.5665333867073059,2.0,2.0,5.0,8.0,8.0,8.0,8.0,8.0,1.0,8.0,0.0
10507,0.9688146114349365,3.510607862845063,0.0,0.5665333867073059,2.0,2.0,5.0,8.0,8.0,8.0,8.0,8.0,1.0,8.0,8.0,-1.1733858585357666,1.5882608890533447,4.0,0.06862341612577438,-1.1755369901657104,-12.274354317952838,0.0,5.098868751898408,0.06862341612577438,0.0,3.0,3.0,6.0,9.0,9.0,9.0,9.0,9.0,1.0,9.0,0.0
10508,0.0,5.098868751898408,0.06862341612577438,0.0,3.0,3.0,6.0,9.0,9.0,9.0,9.0,9.0,1.0,9.0,8.0,1.3894883394241333,0.43348801136016846,2.0,-0.4559706449508667,1.5694200992584229,-9.41139061075001,1.3894883394241333,5.532356763258576,0.0,1.5694200992584229,4.0,4.0,7.0,10.0,10.0,10.0,10.0,10.0,1.0,10.0,0.0
10509,1.3894883394241333,5.532356763258576,0.0,1.5694200992584229,4.0,4.0,7.0,10.0,10.0,10.0,10.0,10.0,1.0,10.0,8.0,-1.0514158010482788,0.0700041651725769,0.0,0.6624887585639954,-1.3475290536880493,-11.291665750921968,0.3380725383758545,5.602360928431153,0.6624887585639954,0.22189104557037354,1.0,5.0,8.0,11.0,11.0,11.0,11.0,11.0,1.0,11.0,0.0
10510,0.3380725383758545,5.602360928431153,0.6624887585639954,0.22189104557037354,1.0,5.0,8.0,11.0,11.0,11.0,11.0,11.0,1.0,11.0,8.0,1.5674357414245605,0.6626573204994202,0.0,-0.1778617948293686,-1.6568069458007812,-10.071371701176165,1.905508279800415,6.2650182489305735,0.48462696373462677,0.0,1.0,6.0,9.0,12.0,12.0,12.0,12.0,12.0,1.0,12.0,0.0
10511,1.905508279800415,6.2650182489305735,0.48462696373462677,0.0,1.0,6.0,9.0,12.0,12.0,12.0,12.0,12.0,1.0,12.0,8.0,-1.6801292896270752,1.35094153881073,0.0,-0.7928152680397034,-1.8837881088256836,-12.165487618230667,0.22537899017333984,7.615959787741303,0.0,0.0,1.0,7.0,10.0,13.0,13.0,13.0,13.0,13.0,1.0,13.0,0.0
10512,0.22537899017333984,7.615959787741303,0.0,0.0,1.0,7.0,10.0,13.0,13.0,13.0,13.0,13.0,1.0,13.0,8.0,1.3599565029144287,-0.9840288758277893,0.0,-0.4023562967777252,-1.6885701417922974,-11.775543036508113,1.5853354930877686,6.631930911913514,0.0,0.0,1.0,8.0,11.0,14.0,14.0,14.0,14.0,14.0,1.0,14.0,0.0
10513,1.5853354930877686,6.631930911913514,0.0,0.0,1.0,8.0,11.0,14.0,14.0,14.0,14.0,14.0,1.0,14.0,0.0,0.8884416222572327,-0.7616826295852661,0.0,-1.370567798614502,-1.6816960573196411,-14.558276988896782,2.473777115345001,5.870248282328248,0.0,0.0,1.0,9.0,12.0,15.0,15.0,15.0,15.0,15.0,2.0,15.0,0.0
10514,2.473777115345001,5.870248282328248,0.0,0.0,1.0,9.0,12.0,15.0,15.0,15.0,15.0,15.0,2.0,15.0,10.0,1.3218505382537842,1.4024980068206787,1.0,0.02418590895831585,-0.024700578302145004,-12.4,3.7956276535987854,7.272746289148927,0.02418590895831585,0.0,2.0,1.0,13.0,16.0,16.0,16.0,16.0,16.0,3.0,16.0,0.0
10515,3.7956276535987854,7.272746289148927,0.02418590895831585,0.0,2.0,1.0,13.0,16.0,16.0,16.0,16.0,16.0,3.0,16.0,8.0,-0.7821534872055054,1.3536471128463745,4.0,-1.803234338760376,-1.247772455215454,-12.702509274046957,3.01347416639328,8.626393401995301,0.0,0.0,3.0,2.0,14.0,17.0,17.0,17.0,17.0,17.0,1.0,17.0,0.0
10516,3.01347416639328,8.626393401995301,0.0,0.0,3.0,2.0,14.0,17.0,17.0,17.0,17.0,17.0,1.0,17.0,8.0,-1.9553897380828857,1.169275164604187,4.0,-1.7916572093963623,-1.6610640287399292,-15.413369016786522,1.0580844283103943,9.795668566599488,0.0,0.0,4.0,3.0,15.0,18.0,18.0,18.0,18.0,18.0,1.0,18.0,0.0
10517,1.0580844283103943,9.795668566599488,0.0,0.0,4.0,3.0,15.0,18.0,18.0,18.0,18.0,18.0,1.0,18.0,8.0,-1.695051670074463,1.257319688796997,3.0,-0.959492027759552,-1.646249532699585,-29.910299203913578,0.0,10.0,0.0,0.0,5.0,4.0,16.0,1.0,19.0,19.0,19.0,19.0,1.0,19.0,0.0
10518,0.0,10.0,0.0,0.0,5.0,4.0,16.0,1.0,19.0,19.0,19.0,19.0,1.0,19.0,8.0,0.9965184926986694,-0.9272493124008179,0.0,1.3074145317077637,-1.7264975309371948,-15.036639112956939,0.9965184926986694,9.072750687599182,1.3074145317077637,0.0,1.0,5.0,17.0,2.0,20.0,20.0,20.0,20.0,1.0,20.0,0.0
10519,0.9965184926986694,9.072750687599182,1.3074145317077637,0.0,1.0,5.0,17.0,2.0,20.0,20.0,20.0,20.0,1.0,20.0,8.0,1.4801790714263916,-1.21914541721344,2.0,1.7789320945739746,-1.9441276788711548,-14.03405048475,2.476697564125061,7.853605270385742,3.0863466262817383,0.0,2.0,6.0,1.0,3.0,21.0,21.0,21.0,21.0,1.0,21.0,0.0
10520,2.476697564125061,7.853605270385742,3.0863466262817383,0.0,2.0,6.0,1.0,3.0,21.0,21.0,21.0,21.0,1.0,21.0,8.0,-1.3595881462097168,-0.3393312394618988,4.0,1.5492664575576782,-1.112227439880371,-14.143245587715839,1.1171094179153442,7.514274030923843,4.6356130838394165,0.0,3.0,7.0,2.0,4.0,1.0,22.0,22.0,22.0,1.0,22.0,0.0
10521,1.1171094179153442,7.514274030923843,4.6356130838394165,0.0,3.0,7.0,2.0,4.0,1.0,22.0,22.0,22.0,1.0,22.0,5.0,-1.5347596406936646,1.7428584098815918,1.0,-1.7803764343261719,-1.953580379486084,-29.9393446036597,0.0,9.257132440805435,2.8552366495132446,0.0,4.0,1.0,3.0,5.0,2.0,23.0,23.0,23.0,2.0,23.0,0.0
10522,0.0,9.257132440805435,2.8552366495132446,0.0,4.0,1.0,3.0,5.0,2.0,23.0,23.0,23.0,2.0,23.0,8.0,1.58132004737854,1.179659128189087,2.0,1.0586072206497192,-1.1788591146469116,-18.098417660493226,1.58132004737854,10.0,3.913843870162964,0.0,5.0,2.0,1.0,6.0,3.0,24.0,24.0,24.0,1.0,24.0,0.0
10523,1.58132004737854,10.0,3.913843870162964,0.0,5.0,2.0,1.0,6.0,3.0,24.0,24.0,24.0,1.0,24.0,0.0,0.8118417263031006,-1.154549241065979,1.0,-0.8836123943328857,-1.9577175378799438,-20.47520442015107,2.3931617736816406,8.845450758934021,3.030231475830078,0.0,1.0,1.0,2.0,7.0,4.0,25.0,25.0,25.0,2.0,25.0,0.0
10524,2.3931617736816406,8.845450758934021,3.030231475830078,0.0,1.0,1.0,2.0,7.0,4.0,25.0,25.0,25.0,2.0,25.0,8.0,-0.9394625425338745,1.3186087608337402,1.0,-1.9269434213638306,-1.9737281799316406,-16.269310576523523,1.4536992311477661,10.0,1.1032880544662476,0.0,2.0,1.0,3.0,8.0,5.0,26.0,26.0,26.0,1.0,26.0,0.0
10525,1.4536992311477661,10.0,1.1032880544662476,0.0,2.0,1.0,3.0,8.0,5.0,26.0,26.0,26.0,1.0,26.0,8.0,-0.8178699612617493,-0.7036247253417969,2.0,0.022729968652129173,-1.2490900754928589,-15.709414368457644,0.6358292698860168,9.296375274658203,1.1260180231183767,0.0,3.0,2.0,4.0,9.0,6.0,27.0,27.0,27.0,1.0,27.0,0.0
10526,0.6358292698860168,9.296375274658203,1.1260180231183767,0.0,3.0,2.0,4.0,9.0,6.0,27.0,27.0,27.0,1.0,27.0,8.0,-0.18374481797218323,1.2994534969329834,2.0,-0.6691264510154724,-1.5751394033432007,-23.233131950046356,0.4520844519138336,10.0,0.4568915721029043,0.0,4.0,3.0,5.0,10.0,7.0,28.0,28.0,28.0,1.0,28.0,0.0
10527,0.4520844519138336,10.0,0.4568915721029043,0.0,4.0,3.0,5.0,10.0,7.0,28.0,28.0,28.0,1.0,28.0,8.0,-0.7316047549247742,0.9339331388473511,1.0,-1.5844407081604004,-1.6431703567504883,-28.452404818140774,0.0,10.0,0.0,0.0,5.0,1.0,6.0,11.0,8.0,29.0,29.0,29.0,1.0,29.0,0.0
10528,0.0,10.0,0.0,0.0,5.0,1.0,6.0,11.0,8.0,29.0,29.0,29.0,1.0,29.0,5.0,-0.7392971515655518,-1.2914680242538452,2.0,-0.40978607535362244,-1.9029461145401,-36.67846897500093,0.0,8.708531975746155,0.0,0.0,6.0,2.0,7.0,12.0,9.0,30.0,30.0,30.0,2.0,30.0,0.0
10529,0.0,8.708531975746155,0.0,0.0,6.0,2.0,7.0,12.0,9.0,30.0,30.0,30.0,2.0,30.0,8.0,1.562983512878418,1.3786474466323853,2.0,-0.07895905524492264,1.2313202619552612,-19.516096874353277,1.562983512878418,10.0,0.0,1.2313202619552612,7.0,3.0,8.0,13.0,10.0,31.0,31.0,31.0,1.0,31.0,0.0
10530,1.562983512878418,10.0,0.0,1.2313202619552612,7.0,3.0,8.0,13.0,10.0,31.0,31.0,31.0,1.0,31.0,8.0,-1.809169054031372,0.447429358959198,1.0,1.041608214378357,-1.5850030183792114,-26.210611579594765,0.0,10.0,1.041608214378357,0.0,8.0,1.0,9.0,14.0,11.0,32.0,32.0,32.0,1.0,32.0,0.0
10531,0.0,10.0,1.041608214378357,0.0,8.0,1.0,9.0,14.0,11.0,32.0,32.0,32.0,1.0,32.0,8.0,0.25872495770454407,-0.4217686951160431,2.0,-1.8158191442489624,-1.8206685781478882,-21.094008566298896,0.25872495770454407,9.578231304883957,0.0,0.0,9.0,2.0,10.0,15.0,12.0,33.0,33.0,33.0,1.0,33.0,0.0
10532,0.25872495770454407,9.578231304883957,0.0,0.0,9.0,2.0,10.0,15.0,12.0,33.0,33.0,33.0,1.0,33.0,8.0,-1.403808355331421,0.2938483655452728,2.0,0.8128193616867065,-1.6130001544952393,-33.957982080512636,0.0,9.87207967042923,0.8128193616867065,0.0,10.0,3.0,11.0,16.0,13.0,34.0,34.0,34.0,1.0,34.0,0.0
10533,0.0,9.87207967042923,0.8128193616867065,0.0,10.0,3.0,11.0,16.0,13.0,34.0,34.0,34.0,1.0,34.0,8.0,-0.2846655249595642,0.6876400709152222,0.0,-1.5308424234390259,-1.9425591230392456,-29.783245600374315,0.0,10.0,0.0,0.0,1.0,4.0,12.0,17.0,14.0,35.0,35.0,35.0,1.0,35.0,0.0
10534,0.0,10.0,0.0,0.0,1.0,4.0,12.0,17.0,14.0,35.0,35.0,35.0,1.0,35.0,8.0,-1.5076647996902466,-0.2538374960422516,2.0,1.682916522026062,-0.8864317536354065,-38.293661126001254,0.0,9.746162503957748,1.682916522026062,0.0,2.0,5.0,13.0,18.0,15.0,36.0,36.0,36.0,1.0,36.0,0.0
10535,0.0,9.746162503957748,1.682916522026062,0.0,2.0,5.0,13.0,18.0,15.0,36.0,36.0,36.0,1.0,36.0,8.0,0.3731597661972046,1.758279800415039,2.0,-0.7273556590080261,-0.8981207609176636,-38.90703840636513,0.3731597661972046,10.0,0.9555608630180359,0.0,3.0,6.0,14.0,19.0,16.0,37.0,37.0,37.0,1.0,37.0,0.0
10536,0.3731597661972046,10.0,0.9555608630180359,0.0,3.0,6.0,14.0,19.0,16.0,37.0,37.0,37.0,1.0,37.0,8.0,0.9138078093528748,1.3084348440170288,1.0,-0.5024094581604004,-0.7569271922111511,-36.948982905268366,1.2869675755500793,10.0,0.4531514048576355,0.0,4.0,1.0,15.0,20.0,17.0,38.0,38.0,38.0,1.0,38.0,0.0
10537,1.2869675755500793,10.0,0.4531514048576355,0.0,4.0,1.0,15.0,20.0,17.0,38.0,38.0,38.0,1.0,38.0,8.0,-1.6975810527801514,0.4007226526737213,2.0,-1.262080430984497,-0.3424263894557953,-31.241189080712182,0.0,10.0,0.0,0.0,5.0,2.0,16.0,21.0,18.0,39.0,39.0,39.0,1.0,39.0,0.0
10538,0.0,10.0,0.0,0.0,5.0,2.0,16.0,21.0,18.0,39.0,39.0,39.0,1.0,39.0,8.0,-0.756602942943573,0.45043158531188965,1.0,0.30809101462364197,-1.4753892421722412,-35.20907013226923,0.0,10.0,0.30809101462364197,0.0,6.0,1.0,17.0,22.0,19.0,40.0,40.0,40.0,1.0,40.0,0.0
10539,0.0,10.0,0.30809101462364197,0.0,6.0,1.0,17.0,22.0,19.0,40.0,40.0,40.0,1.0,40.0,8.0,-1.2729687690734863,0.912356972694397,2.0,-1.9576544761657715,-0.5333191156387329,-42.765310371369615,0.0,10.0,0.0,0.0,7.0,2.0,18.0,23.0,20.0,41.0,41.0,41.0,1.0,41.0,0.0
10540,0.0,10.0,0.0,0.0,7.0,2.0,18.0,23.0,20.0,41.0,41.0,41.0,1.0,41.0,8.0,-1.4435728788375854,1.6499269008636475,1.0,-1.9192787408828735,-1.4806315898895264,-49.926709277225676,0.0,10.0,0.0,0.0,8.0,1.0,19.0,24.0,21.0,42.0,42.0,42.0,1.0,42.0,0.0
10541,0.0,10.0,0.0,0.0,8.0,1.0,19.0,24.0,21.0,42.0,42.0,42.0,1.0,42.0,8.0,0.6938834190368652,1.850386619567871,2.0,-0.8795762658119202,-1.2562769651412964,-46.42182925695121,0.6938834190368652,10.0,0.0,0.0,9.0,2.0,20.0,25.0,22.0,43.0,43.0,43.0,1.0,43.0,0.0
10542,0.6938834190368652,10.0,0.0,0.0,9.0,2.0,20.0,25.0,22.0,43.0,43.0,43.0,1.0,43.0,8.0,0.9030817151069641,0.10451509058475494,2.0,-1.3946706056594849,-0.9125238060951233,-29.063960273658207,1.5969651341438293,10.0,0.0,0.0,10.0,3.0,21.0,26.0,23.0,44.0,44.0,44.0,1.0,44.0,0.0
10543,1.5969651341438293,10.0,0.0,0.0,10.0,3.0,21.0,26.0,23.0,44.0,44.0,44.0,1.0,44.0,8.0,1.8201942443847656,-1.033268690109253,2.0,-0.8774528503417969,-0.9879273772239685,-27.441105608444904,3.417159378528595,8.966731309890747,0.0,0.0,11.0,4.0,22.0,27.0,24.0,45.0,45.0,45.0,1.0,45.0,0.0
10544,3.417159378528595,8.966731309890747,0.0,0.0,11.0,4.0,22.0,27.0,24.0,45.0,45.0,45.0,1.0,45.0,8.0,1.0376979112625122,0.739283561706543,2.0,-0.46415868401527405,0.00020551681518554688,-28.741376499006602,4.454857289791107,9.70601487159729,0.0,0.00020551681518554688,12.0,5.0,23.0,28.0,25.0,46.0,46.0,46.0,1.0,46.0,0.0
10545,4.454857289791107,9.70601487159729,0.0,0.00020551681518554688,12.0,5.0,23.0,28.0,25.0,46.0,46.0,46.0,1.0,46.0,8.0,-1.24479079246521,0.8826292157173157,2.0,0.012879670597612858,-1.7775975465774536,-35.806910088636336,3.210066497325897,10.0,0.012879670597612858,0.0,13.0,6.0,24.0,29.0,26.0,47.0,47.0,47.0,1.0,47.0,0.0
10546,3.210066497325897,10.0,0.012879670597612858,0.0,13.0,6.0,24.0,29.0,26.0,47.0,47.0,47.0,1.0,47.0,8.0,-0.0557590126991272,1.1060516834259033,1.0,-1.8518610000610352,-1.7062313556671143,-41.89512218799557,3.15430748462677,10.0,0.0,0.0,14.0,1.0,25.0,30.0,27.0,48.0,48.0,48.0,1.0,48.0,0.0
10547,3.15430748462677,10.0,0.0,0.0,14.0,1.0,25.0,30.0,27.0,48.0,48.0,48.0,1.0,48.0,8.0,1.4576091766357422,1.5061839818954468,2.0,-1.6294358968734741,-1.5260264873504639,-46.14362832900572,4.611916661262512,10.0,0.0,0.0,15.0,2.0,26.0,31.0,28.0,49.0,49.0,49.0,1.0,49.0,0.0
10548,4.611916661262512,10.0,0.0,0.0,15.0,2.0,26.0,31.0,28.0,49.0,49.0,49.0,1.0,49.0,8.0,1.3514961004257202,1.6486378908157349,2.0,-1.9712601900100708,0.0998796746134758,-49.00765230743518,5.963412761688232,10.0,0.0,0.0998796746134758,16.0,3.0,27.0,32.0,29.0,50.0,50.0,50.0,1.0,50.0,0.0
10549,5.963412761688232,10.0,0.0,0.0998796746134758,16.0,3.0,27.0,32.0,29.0,50.0,50.0,50.0,1.0,50.0,8.0,0.26159176230430603,0.7766868472099304,2.0,-0.9180175065994263,0.19147975742816925,-41.35796846752633,6.2250045239925385,10.0,0.0,0.29135943204164505,17.0,4.0,28.0,33.0,30.0,51.0,51.0,51.0,1.0,51.0,0.0
10550,6.2250045239925385,10.0,0.0,0.29135943204164505,17.0,4.0,28.0,33.0,30.0,51.0,51.0,51.0,1.0,51.0,8.0,-0.5748711228370667,0.05241480842232704,2.0,-1.8579601049423218,0.9554120302200317,-34.66995382167266,5.650133401155472,10.0,0.0,1.2467714622616768,18.0,5.0,29.0,34.0,31.0,52.0,52.0,52.0,1.0,52.0,0.0
10551,5.650133401155472,10.0,0.0,1.2467714622616768,18.0,5.0,29.0,34.0,31.0,52.0,52.0,52.0,1.0,52.0,8.0,0.7323920130729675,1.4517537355422974,2.0,-1.8215960264205933,-0.966866672039032,-50.02113359458686,6.382525414228439,10.0,0.0,0.2799047902226448,19.0,6.0,30.0,35.0,32.0,53.0,53.0,53.0,1.0,53.0,0.0
10552,6.382525414228439,10.0,0.0,0.2799047902226448,19.0,6.0,30.0,35.0,32.0,53.0,53.0,53.0,1.0,53.0,8.0,-0.28879985213279724,1.8623393774032593,2.0,-0.6880947947502136,-1.5467902421951294,-54.82661521708536,6.093725562095642,10.0,0.0,0.0,20.0,7.0,31.0,36.0,33.0,54.0,54.0,54.0,1.0,54.0,0.0
10553,6.093725562095642,10.0,0.0,0.0,20.0,7.0,31.0,36.0,33.0,54.0,54.0,54.0,1.0,54.0,8.0,1.3224804401397705,1.5111421346664429,2.0,-1.6697989702224731,-0.3680826425552368,-53.34409318136936,7.416206002235413,10.0,0.0,0.0,21.0,8.0,32.0,37.0,34.0,55.0,55.0,55.0,1.0,55.0,0.0
10554,7.416206002235413,10.0,0.0,0.0,21.0,8.0,32.0,37.0,34.0,55.0,55.0,55.0,1.0,55.0,8.0,1.7039555311203003,1.9365440607070923,1.0,-1.4041011333465576,1.4671822786331177,-60.75267899685753,9.120161533355713,10.0,0.0,1.4671822786331177,22.0,1.0,33.0,38.0,35.0,56.0,56.0,56.0,1.0,56.0,0.0
10555,9.120161533355713,10.0,0.0,1.4671822786331177,22.0,1.0,33.0,38.0,35.0,56.0,56.0,56.0,1.0,56.0,8.0,0.703243613243103,1.8024812936782837,2.0,-1.3952064514160156,1.3254456520080566,-60.70493029950504,9.823405146598816,10.0,0.0,2.7926279306411743,23.0,2.0,1.0,39.0,36.0,57.0,57.0,57.0,1.0,57.0,0.0
10556,9.823405146598816,10.0,0.0,2.7926279306411743,23.0,2.0,1.0,39.0,36.0,57.0,57.0,57.0,1.0,57.0,8.0,-0.029871387407183647,0.654078483581543,4.0,-1.8608043193817139,-1.8857147693634033,-46.76711501574386,9.793533759191632,10.0,0.0,0.906913161277771,24.0,3.0,2.0,40.0,37.0,58.0,58.0,58.0,1.0,58.0,0.0
10557,9.793533759191632,10.0,0.0,0.906913161277771,24.0,3.0,2.0,40.0,37.0,58.0,58.0,58.0,1.0,58.0,8.0,1.5680049657821655,1.6083420515060425,4.0,-1.7173774242401123,-1.5902690887451172,-62.57636695719338,10.0,10.0,0.0,0.0,25.0,4.0,3.0,41.0,38.0,59.0,59.0,59.0,1.0,59.0,0.0
10558,10.0,10.0,0.0,0.0,25.0,4.0,3.0,41.0,38.0,59.0,59.0,59.0,1.0,59.0,8.0,1.9199936389923096,0.5399544835090637,2.0,-1.6731964349746704,-1.5073730945587158,-62.34848970256938,10.0,10.0,0.0,0.0,26.0,5.0,4.0,42.0,39.0,60.0,60.0,60.0,1.0,60.0,0.0
10559,10.0,10.0,0.0,0.0,26.0,5.0,4.0,42.0,39.0,60.0,60.0,60.0,1.0,60.0,8.0,0.14858901500701904,1.2475318908691406,2.0,-1.9657206535339355,-1.221826434135437,-55.86724678280808,10.0,10.0,0.0,0.0,27.0,6.0,5.0,43.0,40.0,61.0,61.0,61.0,1.0,61.0,0.0
10560,10.0,10.0,0.0,0.0,27.0,6.0,5.0,43.0,40.0,61.0,61.0,61.0,1.0,61.0,8.0,0.7487547993659973,0.49689674377441406,2.0,-1.9650567770004272,-1.8695182800292969,-53.1900736284213,10.0,10.0,0.0,0.0,28.0,7.0,6.0,44.0,41.0,62.0,62.0,62.0,1.0,62.0,0.0
10561,10.0,10.0,0.0,0.0,28.0,7.0,6.0,44.0,41.0,62.0,62.0,62.0,1.0,62.0,8.0,1.090773105621338,0.1516818404197693,2.0,-1.9805190563201904,-1.7758173942565918,-56.116439719863834,10.0,10.0,0.0,0.0,29.0,8.0,7.0,45.0,42.0,63.0,63.0,63.0,1.0,63.0,0.0
10562,10.0,10.0,0.0,0.0,29.0,8.0,7.0,45.0,42.0,63.0,63.0,63.0,1.0,63.0,8.0,-0.46195295453071594,1.4247711896896362,2.0,-1.9666932821273804,-1.7211575508117676,-59.42530648396017,9.538047045469284,10.0,0.0,0.0,30.0,9.0,8.0,46.0,43.0,64.0,64.0,64.0,1.0,64.0,0.0
10563,9.538047045469284,10.0,0.0,0.0,30.0,9.0,8.0,46.0,43.0,64.0,64.0,64.0,1.0,64.0,5.0,0.2954231798648834,1.469313383102417,3.0,-1.9733895063400269,-1.795868158340454,-52.898745971511346,9.833470225334167,10.0,0.0,0.0,31.0,10.0,9.0,1.0,44.0,1.0,65.0,65.0,2.0,65.0,0.0
10564,9.833470225334167,10.0,0.0,0.0,31.0,10.0,9.0,1.0,44.0,1.0,65.0,65.0,2.0,65.0,1.0,-1.4201843738555908,1.4517924785614014,1.0,1.9987506866455078,-1.8286411762237549,-53.00126820480239,8.413285851478577,10.0,1.9987506866455078,0.0,32.0,1.0,10.0,2.0,45.0,2.0,66.0,66.0,3.0,66.0,0.0
10565,8.413285851478577,10.0,1.9987506866455078,0.0,32.0,1.0,10.0,2.0,45.0,2.0,66.0,66.0,3.0,66.0,9.0,-0.21716541051864624,1.6115537881851196,1.0,1.9906997680664062,-1.9367820024490356,-59.19463503392904,8.19612044095993,10.0,3.989450454711914,0.0,33.0,1.0,11.0,3.0,46.0,3.0,67.0,67.0,4.0,67.0,0.0
10566,8.19612044095993,10.0,3.989450454711914,0.0,33.0,1.0,11.0,3.0,46.0,3.0,67.0,67.0,4.0,67.0,5.0,-1.8378088474273682,1.530182123184204,4.0,1.985230565071106,-1.6625217199325562,-50.94277976255358,6.358311593532562,10.0,5.97468101978302,0.0,34.0,2.0,12.0,4.0,1.0,1.0,68.0,68.0,5.0,68.0,0.0
10567,6.358311593532562,10.0,5.97468101978302,0.0,34.0,2.0,12.0,4.0,1.0,1.0,68.0,68.0,5.0,68.0,10.0,-1.8741849660873413,1.8994402885437012,1.0,0.9850448966026306,-1.9531068801879883,-46.29440288543701,4.484126627445221,10.0,6.959725916385651,0.0,35.0,1.0,13.0,5.0,2.0,2.0,69.0,69.0,6.0,69.0,0.0
10568,4.484126627445221,10.0,6.959725916385651,0.0,35.0,1.0,13.0,5.0,2.0,2.0,69.0,69.0,6.0,69.0,5.0,-1.9872448444366455,1.814367413520813,1.0,-0.47022339701652527,-1.7056705951690674,-55.65947552592014,2.4968817830085754,10.0,6.489502519369125,0.0,36.0,1.0,14.0,6.0,3.0,1.0,70.0,70.0,7.0,70.0,0.0
10569,2.4968817830085754,10.0,6.489502519369125,0.0,36.0,1.0,14.0,6.0,3.0,1.0,70.0,70.0,7.0,70.0,9.0,-1.4013994932174683,1.5287033319473267,1.0,1.5211914777755737,-1.6476045846939087,-45.14279716920828,1.0954822897911072,10.0,8.010693997144699,0.0,37.0,1.0,15.0,7.0,4.0,2.0,71.0,71.0,8.0,1.0,0.0
10570,1.0954822897911072,10.0,8.010693997144699,0.0,37.0,1.0,15.0,7.0,4.0,2.0,71.0,71.0,8.0,1.0,5.0,1.9771207571029663,-1.5931892395019531,1.0,-1.9671825170516968,-1.965699553489685,-29.01976457288646,3.0726030468940735,8.406810760498047,6.043511480093002,0.0,38.0,1.0,16.0,8.0,5.0,1.0,72.0,72.0,9.0,2.0,0.0
10571,3.0726030468940735,8.406810760498047,6.043511480093002,0.0,38.0,1.0,16.0,8.0,5.0,1.0,72.0,72.0,9.0,2.0,5.0,1.3627383708953857,-1.8163679838180542,2.0,-1.8271182775497437,-1.944563865661621,-26.407898430453862,4.435341417789459,6.590442776679993,4.216393202543259,0.0,39.0,2.0,1.0,9.0,6.0,1.0,73.0,73.0,10.0,3.0,0.0
10572,4.435341417789459,6.590442776679993,4.216393202543259,0.0,39.0,2.0,1.0,9.0,6.0,1.0,73.0,73.0,10.0,3.0,5.0,1.6716041564941406,0.3497411608695984,2.0,-1.9317649602890015,-1.659209966659546,-324.2261085953748,6.1069455742836,6.940183937549591,2.284628242254257,0.0,40.0,3.0,2.0,10.0,7.0,1.0,74.0,74.0,11.0,4.0,0.0
10573,6.1069455742836,6.940183937549591,2.284628242254257,0.0,40.0,3.0,2.0,10.0,7.0,1.0,74.0,74.0,11.0,4.0,5.0,1.9166462421417236,0.2026144415140152,1.0,-1.875086784362793,-1.4847899675369263,-24.401875195857652,8.023591816425323,7.142798379063606,0.40954145789146423,0.0,41.0,1.0,3.0,11.0,8.0,1.0,75.0,75.0,12.0,5.0,0.0
10574,8.023591816425323,7.142798379063606,0.40954145789146423,0.0,41.0,1.0,3.0,11.0,8.0,1.0,75.0,75.0,12.0,5.0,5.0,1.889603614807129,-1.4309065341949463,1.0,-1.9709244966506958,-1.9797853231430054,-24.643106255475253,9.913195431232452,5.71189184486866,0.0,0.0,42.0,1.0,4.0,12.0,9.0,1.0,76.0,76.0,13.0,6.0,0.0
10575,9.913195431232452,5.71189184486866,0.0,0.0,42.0,1.0,4.0,12.0,9.0,1.0,76.0,76.0,13.0,6.0,5.0,1.8595192432403564,-0.13964536786079407,1.0,-1.9316099882125854,-1.831222414970398,-43.18165397944752,10.0,5.572246477007866,0.0,0.0,43.0,1.0,5.0,13.0,10.0,1.0,77.0,77.0,14.0,7.0,0.0
10576,10.0,5.572246477007866,0.0,0.0,43.0,1.0,5.0,13.0,10.0,1.0,77.0,77.0,14.0,7.0,10.0,1.5723609924316406,0.8836610317230225,1.0,-1.9669954776763916,-1.8692275285720825,-41.5236099243164,10.0,6.455907508730888,0.0,0.0,44.0,1.0,6.0,14.0,11.0,2.0,78.0,78.0,15.0,8.0,0.0
10577,10.0,6.455907508730888,0.0,0.0,44.0,1.0,6.0,14.0,11.0,2.0,78.0,78.0,15.0,8.0,5.0,1.750913143157959,-0.5280352830886841,1.0,-1.9552109241485596,-1.8598119020462036,-44.64632819598292,10.0,5.927872225642204,0.0,0.0,45.0,1.0,7.0,15.0,12.0,1.0,79.0,79.0,16.0,9.0,0.0
10578,10.0,5.927872225642204,0.0,0.0,45.0,1.0,7.0,15.0,12.0,1.0,79.0,79.0,16.0,9.0,5.0,1.6001931428909302,0.33063656091690063,1.0,-1.9954389333724976,-1.8622766733169556,-44.051177305615504,10.0,6.258508786559105,0.0,0.0,46.0,1.0,8.0,16.0,13.0,1.0,80.0,80.0,17.0,10.0,0.0
10579,10.0,6.258508786559105,0.0,0.0,46.0,1.0,8.0,16.0,13.0,1.0,80.0,80.0,17.0,10.0,5.0,1.8414268493652344,0.4469992518424988,1.0,-1.9495922327041626,-1.9515676498413086,-47.46887593235548,10.0,6.705508038401604,0.0,0.0,47.0,1.0,9.0,17.0,14.0,1.0,81.0,81.0,18.0,11.0,0.0
10580,10.0,6.705508038401604,0.0,0.0,47.0,1.0,9.0,17.0,14.0,1.0,81.0,81.0,18.0,11.0,5.0,1.5408600568771362,-1.5870015621185303,8.0,-1.986999273300171,-1.7024972438812256,-44.81452735543412,10.0,5.118506476283073,0.0,0.0,48.0,2.0,10.0,18.0,15.0,1.0,82.0,82.0,19.0,12.0,0.0
10581,10.0,5.118506476283073,0.0,0.0,48.0,2.0,10.0,18.0,15.0,1.0,82.0,82.0,19.0,12.0,5.0,1.3728095293045044,1.0675705671310425,8.0,-1.9666744470596313,-1.9584646224975586,-44.24989599974671,10.0,6.186077043414116,0.0,0.0,49.0,3.0,11.0,19.0,16.0,1.0,83.0,83.0,20.0,13.0,0.0
10582,10.0,6.186077043414116,0.0,0.0,49.0,3.0,11.0,19.0,16.0,1.0,83.0,83.0,20.0,13.0,5.0,1.8611102104187012,-0.7995662689208984,8.0,-1.9507508277893066,-1.893219232559204,-49.83800764390091,10.0,5.3865107744932175,0.0,0.0,50.0,4.0,12.0,20.0,17.0,1.0,84.0,84.0,21.0,14.0,0.0
10583,10.0,5.3865107744932175,0.0,0.0,50.0,4.0,12.0,20.0,17.0,1.0,84.0,84.0,21.0,14.0,5.0,1.7357125282287598,1.392574667930603,8.0,-1.8972264528274536,-1.7782723903656006,-49.951472759061474,10.0,6.7790854424238205,0.0,0.0,51.0,5.0,13.0,21.0,18.0,1.0,85.0,85.0,22.0,15.0,0.0
10584,10.0,6.7790854424238205,0.0,0.0,51.0,5.0,13.0,21.0,18.0,1.0,85.0,85.0,22.0,15.0,5.0,1.8919037580490112,0.8437027931213379,1.0,-1.951055645942688,-1.8203898668289185,-52.989035390409796,10.0,7.622788235545158,0.0,0.0,52.0,1.0,14.0,22.0,19.0,1.0,86.0,86.0,23.0,16.0,0.0
10585,10.0,7.622788235545158,0.0,0.0,52.0,1.0,14.0,22.0,19.0,1.0,86.0,86.0,23.0,16.0,5.0,1.2894763946533203,-1.4710800647735596,2.0,-1.945259928703308,-1.4519119262695312,-46.50411086167962,10.0,6.151708170771599,0.0,0.0,53.0,2.0,15.0,23.0,20.0,1.0,87.0,87.0,24.0,17.0,0.0
10586,10.0,6.151708170771599,0.0,0.0,53.0,2.0,15.0,23.0,20.0,1.0,87.0,87.0,24.0,17.0,5.0,1.6669868230819702,-0.015888893976807594,1.0,-1.9030460119247437,-1.857972502708435,-51.17358147239819,10.0,6.135819276794791,0.0,0.0,54.0,1.0,16.0,24.0,21.0,1.0,88.0,88.0,25.0,18.0,0.0
10587,10.0,6.135819276794791,0.0,0.0,54.0,1.0,16.0,24.0,21.0,1.0,88.0,88.0,25.0,18.0,5.0,1.4855258464813232,-1.5102379322052002,1.0,-1.980271339416504,-1.5284250974655151,-49.88073781088873,10.0,4.625581344589591,0.0,0.0,55.0,1.0,17.0,25.0,22.0,1.0,89.0,89.0,26.0,19.0,0.0
10588,10.0,4.625581344589591,0.0,0.0,55.0,1.0,17.0,25.0,22.0,1.0,89.0,89.0,26.0,19.0,5.0,1.7014405727386475,0.4903360605239868,1.0,-1.95549738407135,-1.68900728225708,-52.82023843833175,10.0,5.115917405113578,0.0,0.0,56.0,1.0,18.0,26.0,23.0,1.0,90.0,90.0,27.0,20.0,0.0
10589,10.0,5.115917405113578,0.0,0.0,56.0,1.0,18.0,26.0,23.0,1.0,90.0,90.0,27.0,20.0,5.0,1.8288265466690063,-0.7341467142105103,1.0,-1.9210203886032104,-1.8023676872253418,-54.95125762587717,10.0,4.381770690903068,0.0,0.0,57.0,1.0,19.0,27.0,24.0,1.0,91.0,91.0,28.0,21.0,0.0
10590,10.0,4.381770690903068,0.0,0.0,57.0,1.0,19.0,27.0,24.0,1.0,91.0,91.0,28.0,21.0,5.0,1.7715011835098267,-0.01974518597126007,1.0,-1.9783092737197876,-1.7250455617904663,-55.18184861083368,10.0,4.3620255049318075,0.0,0.0,58.0,1.0,20.0,28.0,25.0,1.0,92.0,92.0,29.0,22.0,0.0
10591,10.0,4.3620255049318075,0.0,0.0,58.0,1.0,20.0,28.0,25.0,1.0,92.0,92.0,29.0,22.0,5.0,1.616033673286438,0.6608954071998596,1.0,-1.985709309577942,-1.863831639289856,-54.36416816493739,10.0,5.022920912131667,0.0,0.0,59.0,1.0,21.0,29.0,26.0,1.0,93.0,93.0,30.0,23.0,0.0
10592,10.0,5.022920912131667,0.0,0.0,59.0,1.0,21.0,29.0,26.0,1.0,93.0,93.0,30.0,23.0,10.0,1.680100440979004,1.6447176933288574,1.0,-1.5912407636642456,-1.0762439966201782,-55.40100440979004,10.0,6.667638605460525,0.0,0.0,60.0,1.0,22.0,30.0,27.0,2.0,94.0,94.0,31.0,24.0,0.0
10593,10.0,6.667638605460525,0.0,0.0,60.0,1.0,22.0,30.0,27.0,2.0,94.0,94.0,31.0,24.0,5.0,1.0182075500488281,0.580535888671875,1.0,-1.8336848020553589,-1.4668446779251099,-50.76924022667873,10.0,7.2481744941324,0.0,0.0,61.0,1.0,23.0,31.0,28.0,1.0,95.0,95.0,32.0,25.0,0.0
10594,10.0,7.2481744941324,0.0,0.0,61.0,1.0,23.0,31.0,28.0,1.0,95.0,95.0,32.0,25.0,4.0,1.4761412143707275,0.2517434060573578,1.0,-1.9605923891067505,-1.8151178359985352,-54.25384851739909,10.0,7.499917900189757,0.0,0.0,62.0,1.0,24.0,32.0,1.0,2.0,96.0,96.0,33.0,26.0,0.0
10595,10.0,7.499917900189757,0.0,0.0,62.0,1.0,24.0,32.0,1.0,2.0,96.0,96.0,33.0,26.0,5.0,0.631788432598114,1.6924394369125366,8.0,-1.9984222650527954,-1.9567444324493408,-47.645892632484234,10.0,9.192357337102294,0.0,0.0,63.0,2.0,25.0,33.0,2.0,1.0,97.0,97.0,34.0,27.0,0.0
10596,10.0,9.192357337102294,0.0,0.0,63.0,2.0,25.0,33.0,2.0,1.0,97.0,97.0,34.0,27.0,5.0,1.0055584907531738,0.7929527163505554,1.0,-1.9901477098464966,-1.9549682140350342,-53.41159893853574,10.0,9.98531005345285,0.0,0.0,64.0,1.0,26.0,34.0,3.0,1.0,98.0,98.0,35.0,28.0,0.0
10597,10.0,9.98531005345285,0.0,0.0,64.0,1.0,26.0,34.0,3.0,1.0,98.0,98.0,35.0,28.0,5.0,1.7299137115478516,1.8483861684799194,1.0,-1.9959514141082764,-1.8991771936416626,-69.28796118109763,10.0,10.0,0.0,0.0,65.0,1.0,27.0,35.0,4.0,1.0,99.0,99.0,36.0,29.0,0.0
10598,10.0,10.0,0.0,0.0,65.0,1.0,27.0,35.0,4.0,1.0,99.0,99.0,36.0,29.0,5.0,0.13554327189922333,1.762043833732605,1.0,-1.9941438436508179,-1.8922247886657715,-62.55124402476132,10.0,10.0,0.0,0.0,66.0,1.0,28.0,36.0,5.0,1.0,100.0,100.0,37.0,30.0,0.0
10599,10.0,10.0,0.0,0.0,66.0,1.0,28.0,36.0,5.0,1.0,100.0,100.0,37.0,30.0,8.0,-0.8030123710632324,1.704282522201538,1.0,-1.9960246086120605,-1.9709651470184326,-59.852920686390256,9.196987628936768,10.0,0.0,0.0,67.0,1.0,29.0,37.0,6.0,2.0,100.0,100.0,1.0,31.0,1.0
10600,7.288149356842041,3.5238943099975586,4.791392803192139,8.140737533569336,1.0,1.0,1.0,1.0,1.0,1.0,1.0,1.0,1.0,1.0,5.0,-1.9988876581192017,1.9781379699707031,4.0,-1.9820736646652222,-1.991773247718811,-3.691935911659833,5.289261698722839,5.502032279968262,2.8093191385269165,6.148964285850525,2.0,2.0,2.0,2.0,1.0,1.0,2.0,2.0,2.0,2.0,0.0
10601,5.289261698722839,5.502032279968262,2.8093191385269165,6.148964285850525,2.0,2.0,2.0,2.0,1.0,1.0,2.0,2.0,2.0,2.0,2.0,-1.9867159128189087,1.54707932472229,0.0,-1.5571191310882568,-1.8267544507980347,-4.3400494371481795,3.3025457859039307,7.049111604690552,1.2522000074386597,4.32220983505249,1.0,3.0,1.0,3.0,2.0,2.0,3.0,3.0,3.0,3.0,0.0
10602,3.3025457859039307,7.049111604690552,1.2522000074386597,4.32220983505249,1.0,3.0,1.0,3.0,2.0,2.0,3.0,3.0,3.0,3.0,8.0,-1.6693387031555176,-0.580927312374115,0.0,-0.7744866609573364,-1.8031238317489624,-4.288284617005096,1.633207082748413,6.468184292316437,0.47771334648132324,2.519086003303528,1.0,4.0,2.0,4.0,3.0,3.0,4.0,4.0,1.0,4.0,0.0
10603,1.633207082748413,6.468184292316437,0.47771334648132324,2.519086003303528,1.0,4.0,2.0,4.0,3.0,3.0,4.0,4.0,1.0,4.0,8.0,-1.4988749027252197,1.847852110862732,8.0,-1.5344438552856445,-1.2554469108581543,-6.4744419813862635,0.13433218002319336,8.316036403179169,0.0,1.2636390924453735,2.0,5.0,3.0,5.0,4.0,4.0,5.0,5.0,1.0,5.0,0.0
10604,0.13433218002319336,8.316036403179169,0.0,1.2636390924453735,2.0,5.0,3.0,5.0,4.0,4.0,5.0,5.0,1.0,5.0,8.0,0.756343424320221,-1.475548505783081,3.0,-1.066170573234558,-1.2065645456314087,-6.520942433690465,0.8906756043434143,6.840487897396088,0.0,0.057074546813964844,3.0,6.0,4.0,1.0,5.0,5.0,6.0,6.0,1.0,6.0,0.0
10605,0.8906756043434143,6.840487897396088,0.0,0.057074546813964844,3.0,6.0,4.0,1.0,5.0,5.0,6.0,6.0,1.0,6.0,8.0,0.7597461938858032,-1.5018154382705688,2.0,1.3888161182403564,1.0827560424804688,-6.934737442102739,1.6504217982292175,5.338672459125519,1.3888161182403564,1.1398305892944336,4.0,7.0,1.0,2.0,6.0,6.0,7.0,7.0,1.0,7.0,0.0
10606,1.6504217982292175,5.338672459125519,1.3888161182403564,1.1398305892944336,4.0,7.0,1.0,2.0,6.0,6.0,7.0,7.0,1.0,7.0,10.0,-1.02487313747406,-1.7272769212722778,8.0,-0.4365837872028351,-1.2454253435134888,-5.8,0.6255486607551575,3.611395537853241,0.9522323310375214,0.0,5.0,8.0,2.0,3.0,7.0,7.0,8.0,8.0,2.0,8.0,0.0
10607,0.6255486607551575,3.611395537853241,0.9522323310375214,0.0,5.0,8.0,2.0,3.0,7.0,7.0,8.0,8.0,2.0,8.0,0.0,-1.7869559526443481,-0.9884058237075806,0.0,-1.1230714321136475,-1.3416476249694824,-19.659544333093834,0.0,2.6229897141456604,0.0,0.0,1.0,9.0,3.0,4.0,8.0,8.0,9.0,9.0,3.0,9.0,0.0
10608,0.0,2.6229897141456604,0.0,0.0,1.0,9.0,3.0,4.0,8.0,8.0,9.0,9.0,3.0,9.0,8.0,-0.896809995174408,1.6203621625900269,0.0,-1.550343632698059,-1.6707837581634521,-20.24699228655203,0.0,4.243351876735687,0.0,0.0,1.0,10.0,4.0,5.0,9.0,9.0,10.0,10.0,1.0,10.0,0.0
10609,0.0,4.243351876735687,0.0,0.0,1.0,10.0,4.0,5.0,9.0,9.0,10.0,10.0,1.0,10.0,8.0,-1.1467342376708984,-0.9175693988800049,5.0,1.214939832687378,-0.8302974104881287,-24.603076624646363,0.0,3.3257824778556824,1.214939832687378,0.0,2.0,11.0,5.0,6.0,10.0,10.0,11.0,11.0,1.0,11.0,0.0
10610,0.0,3.3257824778556824,1.214939832687378,0.0,2.0,11.0,5.0,6.0,10.0,10.0,11.0,11.0,1.0,11.0,1.0,0.5445340871810913,1.4535248279571533,2.0,-1.1557246446609497,-0.8127056956291199,-15.11958370161429,0.5445340871810913,4.779307305812836,0.05921518802642822,0.0,3.0,1.0,6.0,7.0,11.0,11.0,12.0,12.0,2.0,12.0,0.0
10611,0.5445340871810913,4.779307305812836,0.05921518802642822,0.0,3.0,1.0,6.0,7.0,11.0,11.0,12.0,12.0,2.0,12.0,8.0,-0.9895267486572266,-1.0168704986572266,5.0,-1.4186359643936157,-1.4626344442367554,-17.75018030093965,0.0,3.762436807155609,0.0,0.0,4.0,2.0,7.0,8.0,12.0,12.0,13.0,13.0,1.0,13.0,0.0
10612,0.0,3.762436807155609,0.0,0.0,4.0,2.0,7.0,8.0,12.0,12.0,13.0,13.0,1.0,13.0,8.0,1.087632179260254,-1.2676814794540405,8.0,-1.9301068782806396,0.5843924283981323,-14.752825885692094,1.087632179260254,2.4947553277015686,0.0,0.5843924283981323,5.0,3.0,8.0,9.0,13.0,13.0,14.0,14.0,1.0,14.0,0.0
10613,1.087632179260254,2.4947553277015686,0.0,0.5843924283981323,5.0,3.0,8.0,9.0,13.0,13.0,14.0,14.0,1.0,14.0,0.0,-0.598902702331543,-1.4533008337020874,1.0,-1.8268702030181885,-0.6394291520118713,-11.065095261273603,0.48872947692871094,1.0414544939994812,0.0,0.0,1.0,1.0,9.0,10.0,14.0,14.0,15.0,15.0,2.0,15.0,0.0
10614,0.48872947692871094,1.0414544939994812,0.0,0.0,1.0,1.0,9.0,10.0,14.0,14.0,15.0,15.0,2.0,15.0,8.0,-0.40286460518836975,1.886849284172058,1.0,1.4695242643356323,1.4812513589859009,-16.169233322778318,0.08586487174034119,2.9283037781715393,1.4695242643356323,1.4812513589859009,2.0,1.0,10.0,11.0,15.0,15.0,16.0,16.0,1.0,16.0,0.0
10615,0.08586487174034119,2.9283037781715393,1.4695242643356323,1.4812513589859009,2.0,1.0,10.0,11.0,15.0,15.0,16.0,16.0,1.0,16.0,8.0,-0.21298052370548248,1.5890631675720215,2.0,-1.6700289249420166,-1.098373532295227,-16.485052009784592,0.0,4.517366945743561,0.0,0.38287782669067383,3.0,2.0,11.0,12.0,16.0,16.0,17.0,17.0,1.0,17.0,0.0
10616,0.0,4.517366945743561,0.0,0.38287782669067383,3.0,2.0,11.0,12.0,16.0,16.0,17.0,17.0,1.0,17.0,8.0,-1.771254539489746,1.4762204885482788,3.0,0.3994273245334625,0.9480240345001221,-32.79928361170659,0.0,5.99358743429184,0.3994273245334625,1.330901861190796,4.0,3.0,12.0,1.0,17.0,17.0,18.0,18.0,1.0,18.0,0.0
10617,0.0,5.99358743429184,0.3994273245334625,1.330901861190796,4.0,3.0,12.0,1.0,17.0,17.0,18.0,18.0,1.0,18.0,8.0,0.475973516702652,0.3504190742969513,1.0,1.8872243165969849,-1.397466778755188,-14.087037959110754,0.475973516702652,6.344006508588791,2.2866516411304474,0.0,5.0,1.0,13.0,2.0,18.0,18.0,19.0,19.0,1.0,19.0,0.0
10618,0.475973516702652,6.344006508588791,2.2866516411304474,0.0,5.0,1.0,13.0,2.0,18.0,18.0,19.0,19.0,1.0,19.0,8.0,0.16424717009067535,1.7232115268707275,2.0,1.604957938194275,0.5644301772117615,-14.354527266646318,0.6402206867933273,8.067218035459518,3.8916095793247223,0.5644301772117615,6.0,2.0,1.0,3.0,19.0,19.0,20.0,20.0,1.0,20.0,0.0
10619,0.6402206867933273,8.067218035459518,3.8916095793247223,0.5644301772117615,6.0,2.0,1.0,3.0,19.0,19.0,20.0,20.0,1.0,20.0,8.0,0.6322814226150513,-1.3841685056686401,2.0,-1.9252688884735107,-1.9772111177444458,-13.41153118616328,1.2725021094083786,6.683049529790878,1.9663406908512115,0.0,7.0,3.0,2.0,4.0,20.0,20.0,21.0,21.0,1.0,21.0,0.0
10620,1.2725021094083786,6.683049529790878,1.9663406908512115,0.0,7.0,3.0,2.0,4.0,20.0,20.0,21.0,21.0,1.0,21.0,8.0,0.7639594674110413,-0.6811326146125793,4.0,1.1118505001068115,-0.9157728552818298,-14.000459090591985,2.03646157681942,6.001916915178299,3.078191190958023,0.0,8.0,4.0,3.0,5.0,1.0,21.0,22.0,22.0,1.0,22.0,0.0
10621,2.03646157681942,6.001916915178299,3.078191190958023,0.0,8.0,4.0,3.0,5.0,1.0,21.0,22.0,22.0,1.0,22.0,5.0,1.1403038501739502,0.5103662014007568,1.0,-0.45365265011787415,-1.439226508140564,-314.7016931143112,3.17676542699337,6.512283116579056,2.624538540840149,0.0,9.0,1.0,4.0,6.0,2.0,1.0,23.0,23.0,2.0,23.0,0.0
10622,3.17676542699337,6.512283116579056,2.624538540840149,0.0,9.0,1.0,4.0,6.0,2.0,1.0,23.0,23.0,2.0,23.0,1.0,-0.8915760517120361,1.3266005516052246,1.0,-0.5107996463775635,-1.6723612546920776,-18.31863329765155,2.285189375281334,7.83888366818428,2.1137388944625854,0.0,10.0,1.0,5.0,7.0,3.0,2.0,24.0,24.0,3.0,24.0,0.0
10623,2.285189375281334,7.83888366818428,2.1137388944625854,0.0,10.0,1.0,5.0,7.0,3.0,2.0,24.0,24.0,3.0,24.0,9.0,-0.6610789895057678,-0.6628552079200745,0.0,-1.480065107345581,-0.7546933889389038,-11.876991429172644,1.624110385775566,7.176028460264206,0.6336737871170044,0.0,1.0,2.0,6.0,8.0,4.0,3.0,25.0,25.0,4.0,1.0,0.0
10624,1.624110385775566,7.176028460264206,0.6336737871170044,0.0,1.0,2.0,6.0,8.0,4.0,3.0,25.0,25.0,4.0,1.0,10.0,0.7190234661102295,-0.1766005903482437,0.0,-0.34801289439201355,-1.4662220478057861,-8.9,2.3431338518857956,6.999427869915962,0.28566089272499084,0.0,1.0,3.0,7.0,9.0,5.0,4.0,26.0,26.0,5.0,2.0,0.0
10625,2.3431338518857956,6.999427869915962,0.28566089272499084,0.0,1.0,3.0,7.0,9.0,5.0,4.0,26.0,26.0,5.0,2.0,1.0,-0.023975146934390068,-1.1023788452148438,1.0,-1.555297613143921,0.8268325328826904,-14.839783682376527,2.3191587049514055,5.8970490247011185,0.0,0.8268325328826904,2.0,1.0,8.0,10.0,6.0,5.0,27.0,27.0,6.0,3.0,0.0
10626,2.3191587049514055,5.8970490247011185,0.0,0.8268325328826904,2.0,1.0,8.0,10.0,6.0,5.0,27.0,27.0,6.0,3.0,9.0,-0.5299654603004456,-0.3069203495979309,0.0,-1.733777642250061,-0.6500489711761475,-11.473171983541452,1.78919324465096,5.590128675103188,0.0,0.17678356170654297,1.0,2.0,9.0,11.0,7.0,6.0,28.0,28.0,7.0,1.0,0.0
10627,1.78919324465096,5.590128675103188,0.0,0.17678356170654297,1.0,2.0,9.0,11.0,7.0,6.0,28.0,28.0,7.0,1.0,10.0,-1.3575291633605957,0.324470579624176,10.0,-1.8615150451660156,-1.2046879529953003,-11.0,0.43166408129036427,5.914599254727364,0.0,0.0,2.0,3.0,10.0,12.0,8.0,7.0,29.0,29.0,8.0,2.0,0.0
10628,0.43166408129036427,5.914599254727364,0.0,0.0,2.0,3.0,10.0,12.0,8.0,7.0,29.0,29.0,8.0,2.0,8.0,-1.225111722946167,1.8518332242965698,2.0,-1.956352949142456,-0.9573758840560913,-21.780479287769246,0.0,7.766432479023933,0.0,0.0,3.0,4.0,11.0,13.0,9.0,8.0,30.0,30.0,1.0,3.0,0.0
10629,0.0,7.766432479023933,0.0,0.0,3.0,4.0,11.0,13.0,9.0,8.0,30.0,30.0,1.0,3.0,10.0,0.18032076954841614,1.0715103149414062,1.0,-0.9326236248016357,1.2089424133300781,-12.2,0.18032076954841614,8.83794279396534,0.0,1.2089424133300781,4.0,1.0,12.0,14.0,10.0,9.0,31.0,31.0,2.0,4.0,0.0
10630,0.18032076954841614,8.83794279396534,0.0,1.2089424133300781,4.0,1.0,12.0,14.0,10.0,9.0,31.0,31.0,2.0,4.0,10.0,1.128915548324585,-0.9489812254905701,1.0,-1.8993664979934692,-1.459954023361206,-12.8,1.309236317873001,7.88896156847477,0.0,0.0,5.0,1.0,13.0,15.0,11.0,10.0,32.0,32.0,3.0,5.0,0.0
10631,1.309236317873001,7.88896156847477,0.0,0.0,5.0,1.0,13.0,15.0,11.0,10.0,32.0,32.0,3.0,5.0,10.0,-0.13467034697532654,0.6005846858024597,1.0,-1.7451543807983398,-0.6298850178718567,-13.7,1.1745659708976746,8.48954625427723,0.0,0.0,6.0,1.0,14.0,16.0,12.0,11.0,33.0,33.0,4.0,6.0,0.0
10632,1.1745659708976746,8.48954625427723,0.0,0.0,6.0,1.0,14.0,16.0,12.0,11.0,33.0,33.0,4.0,6.0,5.0,1.3901498317718506,1.7716560363769531,2.0,-1.957642674446106,-1.8420653343200684,-25.602300674519356,2.564715802669525,10.0,0.0,0.0,7.0,2.0,15.0,17.0,13.0,1.0,34.0,34.0,5.0,7.0,0.0
10633,2.564715802669525,10.0,0.0,0.0,7.0,2.0,15.0,17.0,13.0,1.0,34.0,34.0,5.0,7.0,1.0,-0.042193975299596786,-1.2209153175354004,3.0,-1.9768677949905396,-1.18158757686615,-23.67358086157074,2.5225218273699284,8.7790846824646,0.0,0.0,8.0,1.0,16.0,1.0,14.0,2.0,35.0,35.0,6.0,8.0,0.0
10634,2.5225218273699284,8.7790846824646,0.0,0.0,8.0,1.0,16.0,1.0,14.0,2.0,35.0,35.0,6.0,8.0,4.0,-0.8268303871154785,-0.5853256583213806,1.0,0.811683177947998,-1.1212705373764038,-19.157964656959912,1.6956914402544498,8.193759024143219,0.811683177947998,0.0,9.0,1.0,17.0,2.0,1.0,3.0,36.0,36.0,7.0,9.0,0.0
10635,1.6956914402544498,8.193759024143219,0.811683177947998,0.0,9.0,1.0,17.0,2.0,1.0,3.0,36.0,36.0,7.0,9.0,10.0,0.6709730625152588,-1.0867992639541626,2.0,-1.253893256187439,-1.8683604001998901,-13.1,2.3666645027697086,7.106959760189056,0.0,0.0,10.0,2.0,18.0,3.0,2.0,4.0,37.0,37.0,8.0,10.0,0.0
10636,2.3666645027697086,7.106959760189056,0.0,0.0,10.0,2.0,18.0,3.0,2.0,4.0,37.0,37.0,8.0,10.0,10.0,-1.1169809103012085,1.8695807456970215,2.0,-1.8326263427734375,-1.7665935754776,-14.1,1.2496835924685001,8.976540505886078,0.0,0.0,11.0,3.0,19.0,4.0,3.0,5.0,38.0,38.0,9.0,11.0,0.0
10637,1.2496835924685001,8.976540505886078,0.0,0.0,11.0,3.0,19.0,4.0,3.0,5.0,38.0,38.0,9.0,11.0,8.0,-0.3623279631137848,0.4027465879917145,2.0,-1.0193699598312378,-1.9779329299926758,-16.404142618695438,0.8873556293547153,9.379287093877792,0.0,0.0,12.0,4.0,20.0,5.0,4.0,6.0,39.0,39.0,1.0,12.0,0.0
10638,0.8873556293547153,9.379287093877792,0.0,0.0,12.0,4.0,20.0,5.0,4.0,6.0,39.0,39.0,1.0,12.0,5.0,1.380235195159912,-1.511283040046692,1.0,1.451919674873352,-1.8688209056854248,-22.05059756443721,2.2675908245146275,7.8680040538311005,1.451919674873352,0.0,13.0,1.0,21.0,6.0,5.0,1.0,40.0,40.0,2.0,13.0,0.0
10639,2.2675908245146275,7.8680040538311005,1.451919674873352,0.0,13.0,1.0,21.0,6.0,5.0,1.0,40.0,40.0,2.0,13.0,9.0,1.8306794166564941,-0.633065938949585,1.0,-1.9768849611282349,-1.917561650276184,-17.230821133106858,4.098270241171122,7.2349381148815155,0.0,0.0,14.0,1.0,22.0,7.0,6.0,2.0,41.0,41.0,3.0,1.0,0.0
10640,4.098270241171122,7.2349381148815155,0.0,0.0,14.0,1.0,22.0,7.0,6.0,2.0,41.0,41.0,3.0,1.0,10.0,-0.34925705194473267,-0.947181761264801,1.0,-0.6217054724693298,-1.4551578760147095,-14.8,3.749013189226389,6.2877563536167145,0.0,0.0,15.0,1.0,23.0,8.0,7.0,3.0,42.0,42.0,4.0,2.0,0.0
10641,3.749013189226389,6.2877563536167145,0.0,0.0,15.0,1.0,23.0,8.0,7.0,3.0,42.0,42.0,4.0,2.0,10.0,1.7168211936950684,-0.006130631547421217,1.0,-0.5473707318305969,-0.7199916839599609,-15.7,5.465834382921457,6.281625722069293,0.0,0.0,16.0,1.0,24.0,9.0,8.0,4.0,43.0,43.0,5.0,3.0,0.0
10642,5.465834382921457,6.281625722069293,0.0,0.0,16.0,1.0,24.0,9.0,8.0,4.0,43.0,43.0,5.0,3.0,10.0,0.4156007766723633,-0.6711398363113403,1.0,-1.216583251953125,-1.8614826202392578,-16.6,5.881435159593821,5.610485885757953,0.0,0.0,17.0,1.0,25.0,10.0,9.0,5.0,44.0,44.0,6.0,4.0,0.0
10643,5.881435159593821,5.610485885757953,0.0,0.0,17.0,1.0,25.0,10.0,9.0,5.0,44.0,44.0,6.0,4.0,10.0,1.7592686414718628,1.8851498365402222,1.0,-1.3137459754943848,-1.6996955871582031,-17.5,7.640703801065683,7.495635722298175,0.0,0.0,18.0,1.0,26.0,11.0,10.0,6.0,45.0,45.0,7.0,5.0,0.0
10644,7.640703801065683,7.495635722298175,0.0,0.0,18.0,1.0,26.0,11.0,10.0,6.0,45.0,45.0,7.0,5.0,0.0,1.2799851894378662,-1.7150641679763794,1.0,-1.2500228881835938,-1.5575748682022095,-25.02856689786052,8.92068899050355,5.780571554321796,0.0,0.0,1.0,1.0,27.0,12.0,11.0,7.0,46.0,46.0,8.0,6.0,0.0
10645,8.92068899050355,5.780571554321796,0.0,0.0,1.0,1.0,27.0,12.0,11.0,7.0,46.0,46.0,8.0,6.0,10.0,-1.6359264850616455,0.964896559715271,1.0,-1.8215134143829346,-0.1503385454416275,-17.5,7.284762505441904,6.745468114037067,0.0,0.0,2.0,1.0,28.0,13.0,12.0,8.0,47.0,47.0,9.0,7.0,0.0
10646,7.284762505441904,6.745468114037067,0.0,0.0,2.0,1.0,28.0,13.0,12.0,8.0,47.0,47.0,9.0,7.0,5.0,-1.9490816593170166,1.2328529357910156,1.0,-0.994417667388916,1.3374168872833252,-20.681913357431643,5.3356808461248875,7.978321049828082,0.0,1.3374168872833252,3.0,1.0,29.0,14.0,13.0,1.0,48.0,48.0,10.0,8.0,0.0
10647,5.3356808461248875,7.978321049828082,0.0,1.3374168872833252,3.0,1.0,29.0,14.0,13.0,1.0,48.0,48.0,10.0,8.0,10.0,-0.4476434588432312,1.5238323211669922,1.0,-1.8460322618484497,1.8750464916229248,-18.5,4.888037387281656,9.502153370995075,0.0,3.21246337890625,4.0,1.0,30.0,15.0,14.0,2.0,49.0,49.0,11.0,9.0,0.0
10648,4.888037387281656,9.502153370995075,0.0,3.21246337890625,4.0,1.0,30.0,15.0,14.0,2.0,49.0,49.0,11.0,9.0,10.0,-1.2183284759521484,1.3785570859909058,2.0,-1.940847396850586,-0.7492401599884033,-28.2071045698598,3.669708911329508,10.0,0.0,2.4632232189178467,5.0,2.0,1.0,16.0,15.0,3.0,50.0,50.0,12.0,10.0,0.0
10649,3.669708911329508,10.0,0.0,2.4632232189178467,5.0,2.0,1.0,16.0,15.0,3.0,50.0,50.0,12.0,10.0,5.0,0.9775985479354858,1.919482707977295,1.0,-1.8827435970306396,0.5557968020439148,-42.6255292508554,4.647307459264994,10.0,0.0,3.0190200209617615,6.0,1.0,2.0,17.0,16.0,1.0,51.0,51.0,13.0,11.0,0.0
10650,4.647307459264994,10.0,0.0,3.0190200209617615,6.0,1.0,2.0,17.0,16.0,1.0,51.0,51.0,13.0,11.0,5.0,1.0944547653198242,0.31392574310302734,1.0,-1.9168293476104736,-1.7949273586273193,-26.148478153018004,5.741762224584818,10.0,0.0,1.2240926623344421,7.0,1.0,3.0,18.0,17.0,1.0,52.0,52.0,14.0,12.0,0.0
10651,5.741762224584818,10.0,0.0,1.2240926623344421,7.0,1.0,3.0,18.0,17.0,1.0,52.0,52.0,14.0,12.0,5.0,-0.0013726947363466024,1.5340349674224854,3.0,-1.8888118267059326,-1.610034465789795,-39.150744416005196,5.740389529848471,10.0,0.0,0.0,8.0,2.0,4.0,1.0,18.0,1.0,53.0,53.0,15.0,13.0,0.0
10652,5.740389529848471,10.0,0.0,0.0,8.0,2.0,4.0,1.0,18.0,1.0,53.0,53.0,15.0,13.0,5.0,-1.7821941375732422,0.27927231788635254,1.0,-1.0937117338180542,-1.6992807388305664,-27.720061488549767,3.958195392275229,10.0,0.0,0.0,9.0,1.0,5.0,2.0,19.0,1.0,54.0,54.0,16.0,14.0,0.0
10653,3.958195392275229,10.0,0.0,0.0,9.0,1.0,5.0,2.0,19.0,1.0,54.0,54.0,16.0,14.0,5.0,-0.5067301392555237,0.7888799905776978,1.0,-0.6322454810142517,-1.9146854877471924,-34.269393884954425,3.4514652530197054,10.0,0.0,0.0,10.0,1.0,6.0,3.0,20.0,1.0,55.0,55.0,17.0,15.0,0.0
10654,3.4514652530197054,10.0,0.0,0.0,10.0,1.0,6.0,3.0,20.0,1.0,55.0,55.0,17.0,15.0,5.0,0.9187346696853638,0.4879033863544464,8.0,-1.1734338998794556,-1.4329758882522583,-30.752597408700375,4.370199922705069,10.0,0.0,0.0,11.0,2.0,7.0,4.0,21.0,1.0,56.0,56.0,18.0,16.0,0.0
10655,4.370199922705069,10.0,0.0,0.0,11.0,2.0,7.0,4.0,21.0,1.0,56.0,56.0,18.0,16.0,4.0,-1.7871407270431519,-0.9442183971405029,1.0,-1.0371220111846924,0.18545980751514435,-24.55197904893605,2.5830591956619173,9.055781602859497,0.0,0.18545980751514435,12.0,1.0,8.0,5.0,1.0,2.0,57.0,57.0,19.0,17.0,0.0
10656,2.5830591956619173,9.055781602859497,0.0,0.18545980751514435,12.0,1.0,8.0,5.0,1.0,2.0,57.0,57.0,19.0,17.0,5.0,-1.4234718084335327,1.484771728515625,8.0,-1.1309269666671753,-1.8887968063354492,-36.6871901992404,1.1595873872283846,10.0,0.0,0.0,13.0,2.0,9.0,6.0,2.0,3.0,58.0,58.0,20.0,18.0,0.0
10657,1.1595873872283846,10.0,0.0,0.0,13.0,2.0,9.0,6.0,2.0,3.0,58.0,58.0,20.0,18.0,5.0,0.2360539585351944,1.9426610469818115,1.0,-1.7861759662628174,-1.3406319618225098,-51.179756812461825,1.395641345763579,10.0,0.0,0.0,14.0,1.0,10.0,7.0,3.0,4.0,59.0,59.0,21.0,19.0,0.0
10658,1.395641345763579,10.0,0.0,0.0,14.0,1.0,10.0,7.0,3.0,4.0,59.0,59.0,21.0,19.0,5.0,-1.898651123046875,1.8011759519577026,1.0,0.9858083724975586,-1.837715744972229,-54.62969555350966,0.0,10.0,0.9858083724975586,0.0,15.0,1.0,11.0,8.0,4.0,5.0,60.0,60.0,22.0,20.0,0.0
10659,0.0,10.0,0.9858083724975586,0.0,15.0,1.0,11.0,8.0,4.0,5.0,60.0,60.0,22.0,20.0,8.0,1.4278450012207031,0.6165794730186462,1.0,-1.8456544876098633,-1.764127492904663,-27.715021837536987,1.4278450012207031,10.0,0.0,0.0,16.0,1.0,12.0,9.0,5.0,6.0,61.0,61.0,1.0,21.0,0.0
10660,1.4278450012207031,10.0,0.0,0.0,16.0,1.0,12.0,9.0,5.0,6.0,61.0,61.0,1.0,21.0,10.0,0.8696585893630981,1.6912351846694946,3.0,-1.6029300689697266,-1.7214776277542114,-37.21235184669494,2.2975035905838013,10.0,0.0,0.0,17.0,2.0,13.0,1.0,6.0,7.0,62.0,62.0,2.0,22.0,0.0
10661,2.2975035905838013,10.0,0.0,0.0,17.0,2.0,13.0,1.0,6.0,7.0,62.0,62.0,2.0,22.0,10.0,-1.4535471200942993,0.7829385995864868,1.0,-1.1787526607513428,-0.7733147740364075,-28.229385995864867,0.843956470489502,10.0,0.0,0.0,18.0,1.0,14.0,2.0,7.0,8.0,63.0,63.0,3.0,23.0,0.0
10662,0.843956470489502,10.0,0.0,0.0,18.0,1.0,14.0,2.0,7.0,8.0,63.0,63.0,3.0,23.0,5.0,-1.2668966054916382,1.3186272382736206,1.0,-1.8818058967590332,-1.8949451446533203,-50.276696242359336,0.0,10.0,0.0,0.0,19.0,1.0,15.0,3.0,8.0,9.0,64.0,64.0,4.0,24.0,0.0
10663,0.0,10.0,0.0,0.0,19.0,1.0,15.0,3.0,8.0,9.0,64.0,64.0,4.0,24.0,5.0,-0.8609143495559692,-0.3113548159599304,1.0,0.19988802075386047,-1.4379926919937134,-45.47031951314213,0.0,9.68864518404007,0.19988802075386047,0.0,20.0,1.0,16.0,4.0,9.0,10.0,65.0,65.0,5.0,25.0,0.0
10664,0.0,9.68864518404007,0.19988802075386047,0.0,20.0,1.0,16.0,4.0,9.0,10.0,65.0,65.0,5.0,25.0,10.0,-0.4990209937095642,1.8771213293075562,1.0,0.40566182136535645,-0.6244019865989685,-39.4336445333458,0.0,10.0,0.6055498421192169,0.0,21.0,1.0,17.0,5.0,10.0,11.0,66.0,66.0,6.0,26.0,0.0
10665,0.0,10.0,0.6055498421192169,0.0,21.0,1.0,17.0,5.0,10.0,11.0,66.0,66.0,6.0,26.0,10.0,-1.5264884233474731,-1.0370416641235352,1.0,0.6810600161552429,-1.848751425743103,-39.16488423347473,0.0,8.962958335876465,1.2866098582744598,0.0,22.0,1.0,18.0,6.0,11.0,12.0,67.0,67.0,7.0,27.0,0.0
10666,0.0,8.962958335876465,1.2866098582744598,0.0,22.0,1.0,18.0,6.0,11.0,12.0,67.0,67.0,7.0,27.0,8.0,-1.5647616386413574,0.05555356666445732,1.0,0.026865534484386444,-1.6282079219818115,-42.74002753812813,0.0,9.018511902540922,1.3134753927588463,0.0,23.0,1.0,19.0,7.0,12.0,13.0,68.0,68.0,1.0,28.0,0.0
10667,0.0,9.018511902540922,1.3134753927588463,0.0,23.0,1.0,19.0,7.0,12.0,13.0,68.0,68.0,1.0,28.0,5.0,-0.7882517576217651,1.187418818473816,1.0,-1.3800923824310303,-1.661910057067871,-48.37582490607183,0.0,10.0,0.0,0.0,24.0,1.0,20.0,8.0,13.0,14.0,69.0,69.0,2.0,29.0,0.0
10668,0.0,10.0,0.0,0.0,24.0,1.0,20.0,8.0,13.0,14.0,69.0,69.0,2.0,29.0,10.0,0.44393932819366455,1.4374417066574097,1.0,-0.9621186852455139,-1.9411189556121826,-40.274417066574095,0.44393932819366455,10.0,0.0,0.0,25.0,1.0,21.0,9.0,14.0,15.0,70.0,70.0,3.0,30.0,0.0
10669,0.44393932819366455,10.0,0.0,0.0,25.0,1.0,21.0,9.0,14.0,15.0,70.0,70.0,3.0,30.0,10.0,1.6096136569976807,1.704197883605957,1.0,-1.4123917818069458,-1.3121308088302612,-43.84197883605957,2.053552985191345,10.0,0.0,0.0,26.0,1.0,22.0,10.0,15.0,16.0,71.0,71.0,4.0,31.0,0.0
10670,2.053552985191345,10.0,0.0,0.0,26.0,1.0,22.0,10.0,15.0,16.0,71.0,71.0,4.0,31.0,10.0,0.0966523215174675,0.663314163684845,1.0,0.8249682188034058,-0.5274590253829956,-34.33314163684845,2.1502053067088127,10.0,0.8249682188034058,0.0,27.0,1.0,23.0,11.0,16.0,17.0,72.0,72.0,5.0,32.0,0.0
10671,2.1502053067088127,10.0,0.8249682188034058,0.0,27.0,1.0,23.0,11.0,16.0,17.0,72.0,72.0,5.0,32.0,5.0,1.339035153388977,1.0227371454238892,0.0,0.3659951984882355,-1.6022897958755493,-45.049066685080646,3.4892404600977898,10.0,1.1909634172916412,0.0,1.0,2.0,24.0,12.0,17.0,1.0,73.0,73.0,6.0,33.0,0.0
10672,3.4892404600977898,10.0,1.1909634172916412,0.0,1.0,2.0,24.0,12.0,17.0,1.0,73.0,73.0,6.0,33.0,10.0,-0.2229251116514206,1.4121043682098389,1.0,1.4739910364151,0.45472583174705505,-39.32104368209839,3.266315348446369,10.0,2.6649544537067413,0.45472583174705505,2.0,1.0,25.0,13.0,18.0,2.0,74.0,74.0,7.0,34.0,0.0
10673,3.266315348446369,10.0,2.6649544537067413,0.45472583174705505,2.0,1.0,25.0,13.0,18.0,2.0,74.0,74.0,7.0,34.0,10.0,-0.6012427806854248,-0.41948312520980835,1.0,0.4288592040538788,-0.5135024785995483,-26.0,2.6650725677609444,9.580516874790192,3.09381365776062,0.0,3.0,1.0,26.0,14.0,19.0,3.0,75.0,75.0,8.0,35.0,0.0
10674,2.6650725677609444,9.580516874790192,3.09381365776062,0.0,3.0,1.0,26.0,14.0,19.0,3.0,75.0,75.0,8.0,35.0,10.0,1.237324595451355,-0.3232257068157196,1.0,-0.23982036113739014,1.3655842542648315,-26.9,3.9023971632122993,9.257291167974472,2.85399329662323,1.3655842542648315,4.0,1.0,27.0,15.0,20.0,4.0,76.0,76.0,9.0,36.0,0.0
10675,3.9023971632122993,9.257291167974472,2.85399329662323,1.3655842542648315,4.0,1.0,27.0,15.0,20.0,4.0,76.0,76.0,9.0,36.0,10.0,-1.773888349533081,0.325309157371521,1.0,-0.7388235330581665,-1.716721534729004,-27.8,2.1285088136792183,9.582600325345993,2.1151697635650635,0.0,5.0,1.0,28.0,16.0,21.0,5.0,77.0,77.0,10.0,37.0,0.0
10676,2.1285088136792183,9.582600325345993,2.1151697635650635,0.0,5.0,1.0,28.0,16.0,21.0,5.0,77.0,77.0,10.0,37.0,10.0,-1.9806281328201294,1.352101445198059,1.0,-0.961720883846283,-1.5941135883331299,-38.047017705440524,0.1478806808590889,10.0,1.1534488797187805,0.0,6.0,1.0,29.0,17.0,22.0,6.0,78.0,78.0,11.0,38.0,0.0
10677,0.1478806808590889,10.0,1.1534488797187805,0.0,6.0,1.0,29.0,17.0,22.0,6.0,78.0,78.0,11.0,38.0,10.0,-1.2189494371414185,1.746159553527832,1.0,1.6349012851715088,1.5618540048599243,-50.08477841486379,0.0,10.0,2.7883501648902893,1.5618540048599243,7.0,1.0,30.0,18.0,23.0,7.0,79.0,79.0,12.0,39.0,0.0
10678,0.0,10.0,2.7883501648902893,1.5618540048599243,7.0,1.0,30.0,18.0,23.0,7.0,79.0,79.0,12.0,39.0,10.0,1.2208068370819092,0.9511746168136597,1.0,0.3606196343898773,-0.9883208870887756,-40.0117461681366,1.2208068370819092,10.0,3.1489697992801666,0.5735331177711487,8.0,1.0,31.0,19.0,24.0,8.0,80.0,80.0,13.0,40.0,0.0
10679,1.2208068370819092,10.0,3.1489697992801666,0.5735331177711487,8.0,1.0,31.0,19.0,24.0,8.0,80.0,80.0,13.0,40.0,10.0,0.9795973896980286,1.3195046186447144,1.0,-0.011463978327810764,-0.9149595499038696,-44.59504618644714,2.2004042267799377,10.0,3.137505820952356,0.0,9.0,1.0,32.0,20.0,25.0,9.0,81.0,81.0,14.0,41.0,0.0
10680,2.2004042267799377,10.0,3.137505820952356,0.0,9.0,1.0,32.0,20.0,25.0,9.0,81.0,81.0,14.0,41.0,10.0,-0.8672056794166565,1.9130305051803589,1.0,0.20376507937908173,1.609501600265503,-51.430305051803586,1.3331985473632812,10.0,3.3412709003314376,1.609501600265503,10.0,1.0,33.0,21.0,26.0,10.0,82.0,82.0,15.0,42.0,0.0
10681,1.3331985473632812,10.0,3.3412709003314376,1.609501600265503,10.0,1.0,33.0,21.0,26.0,10.0,82.0,82.0,15.0,42.0,10.0,-1.6886532306671143,1.8723667860031128,1.0,1.5533322095870972,-1.8635413646697998,-52.25808335906383,0.0,10.0,4.894603109918535,0.0,11.0,1.0,34.0,22.0,27.0,11.0,83.0,83.0,16.0,43.0,0.0
10682,0.0,10.0,4.894603109918535,0.0,11.0,1.0,34.0,22.0,27.0,11.0,83.0,83.0,16.0,43.0,10.0,1.883162260055542,1.2764331102371216,1.0,-0.5334863662719727,0.5871753096580505,-46.86433110237122,1.883162260055542,10.0,4.361116743646562,0.5871753096580505,12.0,1.0,35.0,23.0,28.0,12.0,84.0,84.0,17.0,44.0,0.0
10683,1.883162260055542,10.0,4.361116743646562,0.5871753096580505,12.0,1.0,35.0,23.0,28.0,12.0,84.0,84.0,17.0,44.0,10.0,-1.3070749044418335,1.7903926372528076,1.0,-0.24543288350105286,0.5171736478805542,-52.903926372528076,0.5760873556137085,10.0,4.115683860145509,1.1043489575386047,13.0,1.0,36.0,24.0,29.0,13.0,85.0,85.0,18.0,45.0,0.0
10684,0.5760873556137085,10.0,4.115683860145509,1.1043489575386047,13.0,1.0,36.0,24.0,29.0,13.0,85.0,85.0,18.0,45.0,8.0,-0.6380842924118042,1.9907315969467163,1.0,-1.3673832416534424,-1.1757487058639526,-57.620717417893644,0.0,10.0,2.748300618492067,0.0,14.0,1.0,37.0,25.0,30.0,14.0,86.0,86.0,1.0,46.0,0.0
10685,0.0,10.0,2.748300618492067,0.0,14.0,1.0,37.0,25.0,30.0,14.0,86.0,86.0,1.0,46.0,10.0,1.8344976902008057,1.344698190689087,1.0,-0.5392733812332153,1.9631353616714478,-48.44698190689087,1.8344976902008057,10.0,2.2090272372588515,1.9631353616714478,15.0,1.0,38.0,26.0,31.0,15.0,87.0,87.0,2.0,47.0,0.0
10686,1.8344976902008057,10.0,2.2090272372588515,1.9631353616714478,15.0,1.0,38.0,26.0,31.0,15.0,87.0,87.0,2.0,47.0,10.0,-1.876739263534546,1.95262610912323,1.0,0.9225355982780457,-0.5061317086219788,-55.4308296611983,0.0,10.0,3.131562835536897,1.457003653049469,16.0,1.0,39.0,27.0,32.0,16.0,88.0,88.0,3.0,48.0,0.0
10687,0.0,10.0,3.131562835536897,1.457003653049469,16.0,1.0,39.0,27.0,32.0,16.0,88.0,88.0,3.0,48.0,9.0,-1.3609012365341187,1.9568769931793213,1.0,0.7434705495834351,0.4400203227996826,-64.55447894214615,0.0,10.0,3.8750333851203322,1.8970239758491516,17.0,1.0,40.0,28.0,33.0,17.0,89.0,89.0,4.0,1.0,0.0
10688,0.0,10.0,3.8750333851203322,1.8970239758491516,17.0,1.0,40.0,28.0,33.0,17.0,89.0,89.0,4.0,1.0,10.0,-1.671196699142456,1.7274218797683716,1.0,-1.7840485572814941,-0.6433212757110596,-56.93515083773583,0.0,10.0,2.090984827838838,1.253702700138092,18.0,1.0,41.0,29.0,34.0,18.0,90.0,90.0,5.0,2.0,0.0
10689,0.0,10.0,2.090984827838838,1.253702700138092,18.0,1.0,41.0,29.0,34.0,18.0,90.0,90.0,5.0,2.0,10.0,1.7160431146621704,1.582690954208374,8.0,-1.68337082862854,-1.2549551725387573,-49.62690954208374,1.7160431146621704,10.0,0.40761399921029806,0.0,19.0,2.0,42.0,30.0,35.0,19.0,91.0,91.0,6.0,3.0,0.0
10690,1.7160431146621704,10.0,0.40761399921029806,0.0,19.0,2.0,42.0,30.0,35.0,19.0,91.0,91.0,6.0,3.0,10.0,0.07084021717309952,1.9142149686813354,2.0,-1.9656277894973755,-1.3698794841766357,-53.94214968681335,1.78688333183527,10.0,0.0,0.0,20.0,3.0,43.0,31.0,36.0,20.0,92.0,92.0,7.0,4.0,0.0
10691,1.78688333183527,10.0,0.0,0.0,20.0,3.0,43.0,31.0,36.0,20.0,92.0,92.0,7.0,4.0,10.0,-1.2668859958648682,1.7641643285751343,2.0,-1.885424256324768,-1.2878812551498413,-53.44164328575134,0.5199973359704018,10.0,0.0,0.0,21.0,4.0,44.0,32.0,37.0,21.0,93.0,93.0,8.0,5.0,0.0
10692,0.5199973359704018,10.0,0.0,0.0,21.0,4.0,44.0,32.0,37.0,21.0,93.0,93.0,8.0,5.0,10.0,1.9406296014785767,1.2736446857452393,1.0,-1.9880715608596802,-1.1492044925689697,-49.53644685745239,2.4606269374489784,10.0,0.0,0.0,22.0,1.0,45.0,33.0,38.0,22.0,94.0,94.0,9.0,6.0,0.0
10693,2.4606269374489784,10.0,0.0,0.0,22.0,1.0,45.0,33.0,38.0,22.0,94.0,94.0,9.0,6.0,10.0,-0.07142473012208939,1.5310715436935425,2.0,-1.9623347520828247,-1.4267178773880005,-52.71071543693542,2.389202207326889,10.0,0.0,0.0,23.0,2.0,46.0,34.0,39.0,23.0,95.0,95.0,10.0,7.0,0.0
10694,2.389202207326889,10.0,0.0,0.0,23.0,2.0,46.0,34.0,39.0,23.0,95.0,95.0,10.0,7.0,10.0,-1.9009653329849243,1.2500590085983276,1.0,-1.9313204288482666,-1.7799627780914307,-50.900590085983275,0.4882368743419647,10.0,0.0,0.0,24.0,1.0,47.0,35.0,40.0,24.0,96.0,96.0,11.0,8.0,0.0
10695,0.4882368743419647,10.0,0.0,0.0,24.0,1.0,47.0,35.0,40.0,24.0,96.0,96.0,11.0,8.0,10.0,1.8941692113876343,-0.4395967125892639,2.0,-1.9834240674972534,-0.972235381603241,-39.2,2.382406085729599,9.560403287410736,0.0,0.0,25.0,2.0,48.0,36.0,41.0,25.0,97.0,97.0,12.0,9.0,0.0
10696,2.382406085729599,9.560403287410736,0.0,0.0,25.0,2.0,48.0,36.0,41.0,25.0,97.0,97.0,12.0,9.0,10.0,-1.4016185998916626,1.6902250051498413,2.0,-1.844911813735962,-1.9284535646438599,-52.70628292560578,0.9807874858379364,10.0,0.0,0.0,26.0,3.0,49.0,37.0,42.0,26.0,98.0,98.0,13.0,10.0,0.0
10697,0.9807874858379364,10.0,0.0,0.0,26.0,3.0,49.0,37.0,42.0,26.0,98.0,98.0,13.0,10.0,10.0,1.3253345489501953,1.5709865093231201,2.0,-1.7489994764328003,-1.8515068292617798,-56.909865093231204,2.3061220347881317,10.0,0.0,0.0,27.0,4.0,50.0,38.0,43.0,27.0,99.0,99.0,14.0,11.0,0.0
10698,2.3061220347881317,10.0,0.0,0.0,27.0,4.0,50.0,38.0,43.0,27.0,99.0,99.0,14.0,11.0,10.0,1.626125693321228,1.388303279876709,2.0,-1.9459431171417236,-1.913482427597046,-56.08303279876709,3.9322477281093597,10.0,0.0,0.0,28.0,5.0,51.0,39.0,44.0,28.0,100.0,100.0,15.0,12.0,0.0
10699,3.9322477281093597,10.0,0.0,0.0,28.0,5.0,51.0,39.0,44.0,28.0,100.0,100.0,15.0,12.0,10.0,0.5450476408004761,0.5814783573150635,2.0,-1.8714897632598877,-1.6283605098724365,-48.814783573150635,4.477295368909836,10.0,0.0,0.0,29.0,6.0,52.0,40.0,45.0,29.0,100.0,100.0,16.0,13.0,1.0
10700,8.384029388427734,3.199167013168335,0.04265018552541733,0.46930843591690063,1.0,1.0,1.0,1.0,1.0,1.0,1.0,1.0,1.0,1.0,2.0,-1.993898630142212,1.9738579988479614,4.0,-1.7603182792663574,-1.87867271900177,-2.57423587283391,6.3901307582855225,5.173025012016296,0.0,0.0,2.0,2.0,1.0,2.0,2.0,2.0,2.0,2.0,2.0,2.0,0.0
10701,6.3901307582855225,5.173025012016296,0.0,0.0,2.0,2.0,1.0,2.0,2.0,2.0,2.0,2.0,2.0,2.0,2.0,-1.9078292846679688,1.483701229095459,0.0,-0.9797982573509216,-1.8051719665527344,-3.6042863536206093,4.482301473617554,6.656726241111755,0.0,0.0,1.0,3.0,1.0,3.0,3.0,3.0,3.0,3.0,3.0,3.0,0.0
10702,4.482301473617554,6.656726241111755,0.0,0.0,1.0,3.0,1.0,3.0,3.0,3.0,3.0,3.0,3.0,3.0,8.0,-1.414308786392212,-1.4665323495864868,0.0,-0.9988742470741272,-1.7931690216064453,-4.4165954929209565,3.067992687225342,5.1901938915252686,0.0,0.0,1.0,4.0,2.0,4.0,4.0,4.0,4.0,4.0,1.0,4.0,0.0
10703,3.067992687225342,5.1901938915252686,0.0,0.0,1.0,4.0,2.0,4.0,4.0,4.0,4.0,4.0,1.0,4.0,9.0,-1.7171459197998047,0.6561116576194763,0.0,-0.3727741241455078,-1.910758137702942,-5.415411306809418,1.350846767425537,5.846305549144745,0.0,0.0,1.0,5.0,3.0,5.0,5.0,5.0,5.0,5.0,2.0,1.0,0.0
10704,1.350846767425537,5.846305549144745,0.0,0.0,1.0,5.0,3.0,5.0,5.0,5.0,5.0,5.0,2.0,1.0,8.0,-1.0501391887664795,-1.6602977514266968,0.0,-0.7872987985610962,-1.9496567249298096,-8.478432853983296,0.3007075786590576,4.186007797718048,0.0,0.0,1.0,6.0,4.0,6.0,6.0,6.0,6.0,6.0,1.0,2.0,0.0
10705,0.3007075786590576,4.186007797718048,0.0,0.0,1.0,6.0,4.0,6.0,6.0,6.0,6.0,6.0,1.0,2.0,8.0,0.029366573318839073,-0.29471883177757263,8.0,-0.977616548538208,-0.9188680052757263,-9.561128413885175,0.3300741519778967,3.8912889659404755,0.0,0.0,2.0,7.0,5.0,7.0,7.0,7.0,7.0,7.0,1.0,3.0,0.0
10706,0.3300741519778967,3.8912889659404755,0.0,0.0,2.0,7.0,5.0,7.0,7.0,7.0,7.0,7.0,1.0,3.0,8.0,-0.4118551015853882,1.1406298875808716,2.0,-0.5113261938095093,-1.9238601922988892,-10.59698030064344,0.0,5.031918853521347,0.0,0.0,3.0,8.0,6.0,8.0,8.0,8.0,8.0,8.0,1.0,4.0,0.0
10707,0.0,5.031918853521347,0.0,0.0,3.0,8.0,6.0,8.0,8.0,8.0,8.0,8.0,1.0,4.0,8.0,0.814128041267395,-0.06720121949911118,0.0,-1.8094778060913086,-1.447118878364563,-9.824502705964862,0.814128041267395,4.964717634022236,0.0,0.0,1.0,9.0,7.0,9.0,9.0,9.0,9.0,9.0,1.0,5.0,0.0
10708,0.814128041267395,4.964717634022236,0.0,0.0,1.0,9.0,7.0,9.0,9.0,9.0,9.0,9.0,1.0,5.0,8.0,0.4116576313972473,1.9028035402297974,10.0,-1.5482466220855713,-1.4409579038619995,-9.109925662846907,1.2257856726646423,6.867521174252033,0.0,0.0,2.0,10.0,8.0,10.0,10.0,10.0,10.0,10.0,1.0,6.0,0.0
10709,1.2257856726646423,6.867521174252033,0.0,0.0,2.0,10.0,8.0,10.0,10.0,10.0,10.0,10.0,1.0,6.0,8.0,1.0385595560073853,-1.0798873901367188,4.0,0.33702898025512695,-1.9473106861114502,-9.676427809093203,2.2643452286720276,5.7876337841153145,0.33702898025512695,0.0,3.0,11.0,9.0,11.0,11.0,11.0,11.0,11.0,1.0,7.0,0.0
10710,2.2643452286720276,5.7876337841153145,0.33702898025512695,0.0,3.0,11.0,9.0,11.0,11.0,11.0,11.0,11.0,1.0,7.0,8.0,-1.0869836807250977,-1.35948646068573,4.0,-0.12043442577123642,-1.1098312139511108,-12.352552838122014,1.17736154794693,4.4281473234295845,0.21659455448389053,0.0,4.0,12.0,10.0,12.0,12.0,12.0,12.0,12.0,1.0,8.0,0.0
10711,1.17736154794693,4.4281473234295845,0.21659455448389053,0.0,4.0,12.0,10.0,12.0,12.0,12.0,12.0,12.0,1.0,8.0,0.0,-1.9271327257156372,-0.8558753132820129,10.0,-0.9167088270187378,-0.7070037126541138,-19.813330026713437,0.0,3.5722720101475716,0.0,0.0,1.0,13.0,11.0,13.0,13.0,13.0,13.0,13.0,2.0,9.0,0.0
10712,0.0,3.5722720101475716,0.0,0.0,1.0,13.0,11.0,13.0,13.0,13.0,13.0,13.0,2.0,9.0,8.0,-1.63027822971344,1.3933091163635254,4.0,-0.6680445075035095,-1.3391462564468384,-30.833390546210396,0.0,4.965581126511097,0.0,0.0,2.0,14.0,12.0,14.0,14.0,14.0,14.0,14.0,1.0,10.0,0.0
10713,0.0,4.965581126511097,0.0,0.0,2.0,14.0,12.0,14.0,14.0,14.0,14.0,14.0,1.0,10.0,10.0,1.4776320457458496,1.8018121719360352,4.0,-1.6737401485443115,-0.005058397073298693,-11.9,1.4776320457458496,6.767393298447132,0.0,0.0,3.0,15.0,13.0,15.0,15.0,15.0,15.0,15.0,2.0,11.0,0.0
10714,1.4776320457458496,6.767393298447132,0.0,0.0,3.0,15.0,13.0,15.0,15.0,15.0,15.0,15.0,2.0,11.0,0.0,1.57155442237854,-1.4921855926513672,2.0,-1.842435359954834,0.34410586953163147,-14.964464942234674,3.0491864681243896,5.275207705795765,0.0,0.34410586953163147,1.0,16.0,14.0,16.0,16.0,16.0,16.0,16.0,3.0,12.0,0.0
10715,3.0491864681243896,5.275207705795765,0.0,0.34410586953163147,1.0,16.0,14.0,16.0,16.0,16.0,16.0,16.0,3.0,12.0,0.0,-1.4367345571517944,-0.24751295149326324,0.0,-1.0082337856292725,-1.557878851890564,-15.882337596729034,1.6124519109725952,5.027694754302502,0.0,0.0,1.0,17.0,15.0,17.0,17.0,17.0,17.0,17.0,4.0,13.0,0.0
10716,1.6124519109725952,5.027694754302502,0.0,0.0,1.0,17.0,15.0,17.0,17.0,17.0,17.0,17.0,4.0,13.0,8.0,-0.10901013016700745,0.9625939726829529,3.0,0.2433391660451889,-1.2995235919952393,-15.574364815802628,1.5034417808055878,5.990288726985455,0.2433391660451889,0.0,2.0,18.0,16.0,1.0,18.0,18.0,18.0,18.0,1.0,14.0,0.0
10717,1.5034417808055878,5.990288726985455,0.2433391660451889,0.0,2.0,18.0,16.0,1.0,18.0,18.0,18.0,18.0,1.0,14.0,0.0,1.8705196380615234,0.33262768387794495,0.0,-1.2069271802902222,-1.9191334247589111,-16.982057326591374,3.373961418867111,6.3229164108633995,0.0,0.0,1.0,19.0,17.0,2.0,19.0,19.0,19.0,19.0,2.0,15.0,0.0
10718,3.373961418867111,6.3229164108633995,0.0,0.0,1.0,19.0,17.0,2.0,19.0,19.0,19.0,19.0,2.0,15.0,8.0,-0.4723644256591797,0.009665935300290585,0.0,1.7385891675949097,-1.7810173034667969,-14.553249737291873,2.9015969932079315,6.33258234616369,1.7385891675949097,0.0,1.0,20.0,18.0,3.0,20.0,20.0,20.0,20.0,1.0,16.0,0.0
10719,2.9015969932079315,6.33258234616369,1.7385891675949097,0.0,1.0,20.0,18.0,3.0,20.0,20.0,20.0,20.0,1.0,16.0,8.0,1.543763518333435,-0.556422770023346,0.0,1.5063594579696655,-1.9743462800979614,-15.446345627786819,4.445360511541367,5.776159576140344,3.244948625564575,0.0,1.0,21.0,19.0,4.0,21.0,21.0,21.0,21.0,1.0,17.0,0.0
10720,4.445360511541367,5.776159576140344,3.244948625564575,0.0,1.0,21.0,19.0,4.0,21.0,21.0,21.0,21.0,1.0,17.0,8.0,0.900461733341217,1.0117896795272827,0.0,0.7724812030792236,-1.832085132598877,-16.114329335485387,5.345822244882584,6.787949255667627,4.017429828643799,0.0,1.0,22.0,20.0,5.0,22.0,22.0,22.0,22.0,1.0,18.0,0.0
10721,5.345822244882584,6.787949255667627,4.017429828643799,0.0,1.0,22.0,20.0,5.0,22.0,22.0,22.0,22.0,1.0,18.0,8.0,0.3035818338394165,-0.20014247298240662,1.0,0.1305350810289383,-0.9448044300079346,-17.105657693496077,5.649404078722,6.58780678268522,4.147964909672737,0.0,2.0,1.0,21.0,6.0,23.0,23.0,23.0,23.0,1.0,19.0,0.0
10722,5.649404078722,6.58780678268522,4.147964909672737,0.0,2.0,1.0,21.0,6.0,23.0,23.0,23.0,23.0,1.0,19.0,8.0,-0.8243201971054077,1.9044872522354126,0.0,1.2651047706604004,-1.7536455392837524,-15.5131386838336,4.825083881616592,8.492294034920633,5.4130696803331375,0.0,1.0,2.0,22.0,7.0,24.0,24.0,24.0,24.0,1.0,20.0,0.0
10723,4.825083881616592,8.492294034920633,5.4130696803331375,0.0,1.0,2.0,22.0,7.0,24.0,24.0,24.0,24.0,1.0,20.0,8.0,-1.6870086193084717,1.4410426616668701,0.0,1.7981075048446655,-1.9024087190628052,-16.987926468522712,3.1380752623081207,9.933336696587503,7.211177185177803,0.0,1.0,3.0,23.0,8.0,25.0,25.0,25.0,25.0,1.0,21.0,0.0
10724,3.1380752623081207,9.933336696587503,7.211177185177803,0.0,1.0,3.0,23.0,8.0,25.0,25.0,25.0,25.0,1.0,21.0,8.0,0.5764980316162109,1.3813773393630981,0.0,-0.32501980662345886,-1.634695291519165,-30.8835179622099,3.7145732939243317,10.0,6.886157378554344,0.0,1.0,4.0,24.0,9.0,26.0,26.0,26.0,26.0,1.0,22.0,0.0
10725,3.7145732939243317,10.0,6.886157378554344,0.0,1.0,4.0,24.0,9.0,26.0,26.0,26.0,26.0,1.0,22.0,8.0,0.5143913626670837,1.9515324831008911,0.0,0.28577348589897156,-1.4137835502624512,-38.047200677173954,4.228964656591415,10.0,7.171930864453316,0.0,1.0,5.0,25.0,10.0,27.0,27.0,27.0,27.0,1.0,23.0,0.0
10726,4.228964656591415,10.0,7.171930864453316,0.0,1.0,5.0,25.0,10.0,27.0,27.0,27.0,27.0,1.0,23.0,8.0,-0.5346146821975708,1.6798863410949707,0.0,-0.159511536359787,-1.5663608312606812,-36.13709381136343,3.6943499743938446,10.0,7.012419328093529,0.0,1.0,6.0,26.0,11.0,28.0,28.0,28.0,28.0,1.0,24.0,0.0
10727,3.6943499743938446,10.0,7.012419328093529,0.0,1.0,6.0,26.0,11.0,28.0,28.0,28.0,28.0,1.0,24.0,8.0,-1.331942081451416,1.161596417427063,4.0,-1.875317931175232,0.9217448830604553,-32.15537890018071,2.3624078929424286,10.0,5.137101396918297,0.9217448830604553,2.0,7.0,27.0,12.0,1.0,29.0,29.0,29.0,1.0,25.0,0.0
10728,2.3624078929424286,10.0,5.137101396918297,0.9217448830604553,2.0,7.0,27.0,12.0,1.0,29.0,29.0,29.0,1.0,25.0,8.0,0.18347832560539246,1.8309483528137207,1.0,-0.9506534337997437,-1.8281537294387817,-36.86097279599563,2.545886218547821,10.0,4.186447963118553,0.0,3.0,1.0,28.0,13.0,2.0,30.0,30.0,30.0,1.0,26.0,0.0
10729,2.545886218547821,10.0,4.186447963118553,0.0,3.0,1.0,28.0,13.0,2.0,30.0,30.0,30.0,1.0,26.0,8.0,1.4822534322738647,1.8635432720184326,0.0,-0.3324927091598511,-0.4565182626247406,-37.059305455376325,4.028139650821686,10.0,3.853955253958702,0.0,1.0,2.0,29.0,14.0,3.0,31.0,31.0,31.0,1.0,27.0,0.0
10730,4.028139650821686,10.0,3.853955253958702,0.0,1.0,2.0,29.0,14.0,3.0,31.0,31.0,31.0,1.0,27.0,8.0,0.039827801287174225,0.6852962970733643,1.0,-1.7576299905776978,0.01518828235566616,-25.877429004788297,4.06796745210886,10.0,2.0963252633810043,0.01518828235566616,2.0,1.0,30.0,15.0,4.0,32.0,32.0,32.0,1.0,28.0,0.0
10731,4.06796745210886,10.0,2.0963252633810043,0.01518828235566616,2.0,1.0,30.0,15.0,4.0,32.0,32.0,32.0,1.0,28.0,8.0,-1.2228221893310547,0.8516010046005249,1.0,0.4960349500179291,-0.5397105813026428,-28.446481912938353,2.8451452627778053,10.0,2.5923602133989334,0.0,3.0,1.0,31.0,16.0,5.0,33.0,33.0,33.0,1.0,29.0,0.0
10732,2.8451452627778053,10.0,2.5923602133989334,0.0,3.0,1.0,31.0,16.0,5.0,33.0,33.0,33.0,1.0,29.0,8.0,0.21851834654808044,1.983207106590271,0.0,-0.45501047372817993,-1.1577348709106445,-40.49171357056031,3.0636636093258858,10.0,2.1373497396707535,0.0,1.0,2.0,32.0,17.0,6.0,34.0,34.0,34.0,1.0,30.0,0.0
10733,3.0636636093258858,10.0,2.1373497396707535,0.0,1.0,2.0,32.0,17.0,6.0,34.0,34.0,34.0,1.0,30.0,8.0,-0.5127418041229248,1.8875105381011963,0.0,-1.5755703449249268,-1.7300766706466675,-40.32432866128058,2.550921805202961,10.0,0.5617793947458267,0.0,1.0,3.0,33.0,18.0,7.0,35.0,35.0,35.0,1.0,31.0,0.0
10734,2.550921805202961,10.0,0.5617793947458267,0.0,1.0,3.0,33.0,18.0,7.0,35.0,35.0,35.0,1.0,31.0,8.0,1.8845129013061523,1.6388165950775146,2.0,-1.2254791259765625,-1.0791701078414917,-38.34130447523821,4.435434706509113,10.0,0.0,0.0,2.0,4.0,34.0,19.0,8.0,36.0,36.0,36.0,1.0,32.0,0.0
10735,4.435434706509113,10.0,0.0,0.0,2.0,4.0,34.0,19.0,8.0,36.0,36.0,36.0,1.0,32.0,8.0,0.19634059071540833,0.21068626642227173,1.0,-1.8953256607055664,-1.6340031623840332,-24.992479368281103,4.631775297224522,10.0,0.0,0.0,3.0,1.0,35.0,20.0,9.0,37.0,37.0,37.0,1.0,33.0,0.0
10736,4.631775297224522,10.0,0.0,0.0,3.0,1.0,35.0,20.0,9.0,37.0,37.0,37.0,1.0,33.0,8.0,-0.13856539130210876,1.966829776763916,1.0,-1.7437883615493774,-0.9370360970497131,-43.02975244939066,4.493209905922413,10.0,0.0,0.0,4.0,1.0,36.0,21.0,10.0,38.0,38.0,38.0,1.0,34.0,0.0
10737,4.493209905922413,10.0,0.0,0.0,4.0,1.0,36.0,21.0,10.0,38.0,38.0,38.0,1.0,34.0,8.0,-0.015989499166607857,1.3442368507385254,1.0,-0.21053431928157806,-1.3636925220489502,-37.601418101462,4.477220406755805,10.0,0.0,0.0,5.0,1.0,37.0,22.0,11.0,39.0,39.0,39.0,1.0,35.0,0.0
10738,4.477220406755805,10.0,0.0,0.0,5.0,1.0,37.0,22.0,11.0,39.0,39.0,39.0,1.0,35.0,0.0,-1.2761160135269165,1.8502413034439087,1.0,-1.728853464126587,-0.723872184753418,-53.76243169587036,3.2011043932288885,10.0,0.0,0.0,6.0,1.0,38.0,23.0,12.0,40.0,40.0,40.0,2.0,36.0,0.0
10739,3.2011043932288885,10.0,0.0,0.0,6.0,1.0,38.0,23.0,12.0,40.0,40.0,40.0,2.0,36.0,8.0,1.055541753768921,1.9530752897262573,0.0,-1.7320339679718018,-1.12212336063385,-45.26471232020174,4.256646146997809,10.0,0.0,0.0,1.0,2.0,39.0,24.0,13.0,41.0,41.0,41.0,1.0,37.0,0.0
10740,4.256646146997809,10.0,0.0,0.0,1.0,2.0,39.0,24.0,13.0,41.0,41.0,41.0,1.0,37.0,8.0,-0.950178325176239,1.4557459354400635,1.0,-1.4958668947219849,-1.9174507856369019,-40.65576232113682,3.3064678218215704,10.0,0.0,0.0,2.0,1.0,40.0,25.0,14.0,42.0,42.0,42.0,1.0,38.0,0.0
10741,3.3064678218215704,10.0,0.0,0.0,2.0,1.0,40.0,25.0,14.0,42.0,42.0,42.0,1.0,38.0,8.0,-1.4588667154312134,0.9936182498931885,2.0,-0.9195582270622253,-0.5000436902046204,-37.37801975349975,1.847601106390357,10.0,0.0,0.0,3.0,2.0,41.0,26.0,15.0,43.0,43.0,43.0,1.0,39.0,0.0
10742,1.847601106390357,10.0,0.0,0.0,3.0,2.0,41.0,26.0,15.0,43.0,43.0,43.0,1.0,39.0,8.0,-0.6975193023681641,1.9268240928649902,1.0,-1.5974376201629639,0.23200613260269165,-48.15090615583354,1.150081804022193,10.0,0.0,0.23200613260269165,4.0,1.0,42.0,27.0,16.0,44.0,44.0,44.0,1.0,40.0,0.0
10743,1.150081804022193,10.0,0.0,0.23200613260269165,4.0,1.0,42.0,27.0,16.0,44.0,44.0,44.0,1.0,40.0,8.0,-1.0642791986465454,1.7634233236312866,2.0,-1.203718662261963,-0.5472960472106934,-48.332729129145896,0.08580260537564754,10.0,0.0,0.0,5.0,2.0,43.0,28.0,17.0,45.0,45.0,45.0,1.0,41.0,0.0
10744,0.08580260537564754,10.0,0.0,0.0,5.0,2.0,43.0,28.0,17.0,45.0,45.0,45.0,1.0,41.0,8.0,0.1919430047273636,1.8300719261169434,1.0,-1.920061707496643,-1.448830485343933,-49.67202181135109,0.27774561010301113,10.0,0.0,0.0,6.0,1.0,44.0,29.0,18.0,46.0,46.0,46.0,1.0,42.0,0.0
10745,0.27774561010301113,10.0,0.0,0.0,6.0,1.0,44.0,29.0,18.0,46.0,46.0,46.0,1.0,42.0,8.0,-0.4481073319911957,1.969728708267212,1.0,-1.731909990310669,-0.4569990932941437,-52.17457269521612,0.0,10.0,0.0,0.0,7.0,1.0,45.0,30.0,19.0,47.0,47.0,47.0,1.0,43.0,0.0
10746,0.0,10.0,0.0,0.0,7.0,1.0,45.0,30.0,19.0,47.0,47.0,47.0,1.0,43.0,8.0,-1.1054972410202026,1.9644562005996704,1.0,-1.2971501350402832,-1.503998041152954,-55.745294565485686,0.0,10.0,0.0,0.0,8.0,1.0,46.0,31.0,20.0,48.0,48.0,48.0,1.0,44.0,0.0
10747,0.0,10.0,0.0,0.0,8.0,1.0,46.0,31.0,20.0,48.0,48.0,48.0,1.0,44.0,8.0,-1.7213679552078247,1.8496290445327759,1.0,-1.9056644439697266,0.33406057953834534,-59.27079422680974,0.0,10.0,0.0,0.33406057953834534,9.0,1.0,47.0,32.0,21.0,49.0,49.0,49.0,1.0,45.0,0.0
10748,0.0,10.0,0.0,0.33406057953834534,9.0,1.0,47.0,32.0,21.0,49.0,49.0,49.0,1.0,45.0,0.0,-1.276855230331421,1.7128480672836304,1.0,-1.9620996713638306,-0.08405815064907074,-65.41275660181037,0.0,10.0,0.0,0.2500024288892746,10.0,1.0,48.0,33.0,22.0,50.0,50.0,50.0,2.0,46.0,0.0
10749,0.0,10.0,0.0,0.2500024288892746,10.0,1.0,48.0,33.0,22.0,50.0,50.0,50.0,2.0,46.0,8.0,-1.4184935092926025,1.967673897743225,1.0,-1.9899544715881348,1.1848224401474,-59.86042826344996,0.0,10.0,0.0,1.4348248690366745,11.0,1.0,49.0,34.0,23.0,51.0,51.0,51.0,1.0,47.0,0.0
10750,0.0,10.0,0.0,1.4348248690366745,11.0,1.0,49.0,34.0,23.0,51.0,51.0,51.0,1.0,47.0,8.0,1.7194702625274658,1.9559143781661987,1.0,-1.9305800199508667,-1.8742629289627075,-54.28902024360395,1.7194702625274658,10.0,0.0,0.0,12.0,1.0,50.0,35.0,24.0,52.0,52.0,52.0,1.0,48.0,0.0
10751,1.7194702625274658,10.0,0.0,0.0,12.0,1.0,50.0,35.0,24.0,52.0,52.0,52.0,1.0,48.0,0.0,0.5272343158721924,1.9782439470291138,1.0,-1.9858872890472412,-0.15022771060466766,-64.92414483908277,2.246704578399658,10.0,0.0,0.0,13.0,1.0,51.0,36.0,25.0,53.0,53.0,53.0,2.0,49.0,0.0
10752,2.246704578399658,10.0,0.0,0.0,13.0,1.0,51.0,36.0,25.0,53.0,53.0,53.0,2.0,49.0,8.0,1.1064361333847046,1.9876877069473267,0.0,-1.7964249849319458,-0.36191707849502563,-55.465483244979644,3.353140711784363,10.0,0.0,0.0,1.0,2.0,52.0,37.0,26.0,54.0,54.0,54.0,1.0,50.0,0.0
10753,3.353140711784363,10.0,0.0,0.0,1.0,2.0,52.0,37.0,26.0,54.0,54.0,54.0,1.0,50.0,8.0,0.02969219721853733,1.8929839134216309,1.0,-1.1102548837661743,1.0746744871139526,-54.112627893038834,3.3828329090029,10.0,0.0,1.0746744871139526,2.0,1.0,53.0,38.0,27.0,55.0,55.0,55.0,1.0,51.0,0.0
10754,3.3828329090029,10.0,0.0,1.0746744871139526,2.0,1.0,53.0,38.0,27.0,55.0,55.0,55.0,1.0,51.0,8.0,0.5854414105415344,1.9842582941055298,1.0,-1.9597028493881226,-1.2127621173858643,-55.66648895146936,3.9682743195444345,10.0,0.0,0.0,3.0,1.0,54.0,39.0,28.0,56.0,56.0,56.0,1.0,52.0,0.0
10755,3.9682743195444345,10.0,0.0,0.0,3.0,1.0,54.0,39.0,28.0,56.0,56.0,56.0,1.0,52.0,8.0,-1.934956431388855,1.9936013221740723,1.0,-1.8088128566741943,0.6586520671844482,-57.15927819374329,2.0333178881555796,10.0,0.0,0.6586520671844482,4.0,1.0,55.0,40.0,29.0,57.0,57.0,57.0,1.0,53.0,0.0
10756,2.0333178881555796,10.0,0.0,0.6586520671844482,4.0,1.0,55.0,40.0,29.0,57.0,57.0,57.0,1.0,53.0,8.0,0.6379317045211792,1.8591337203979492,4.0,-1.986790657043457,-0.905561625957489,-56.28875173894855,2.6712495926767588,10.0,0.0,0.0,5.0,2.0,56.0,41.0,30.0,58.0,58.0,58.0,1.0,54.0,0.0
10757,2.6712495926767588,10.0,0.0,0.0,5.0,2.0,56.0,41.0,30.0,58.0,58.0,58.0,1.0,54.0,8.0,0.9213943481445312,1.9934853315353394,1.0,-1.9903141260147095,0.7572475075721741,-58.284323853990585,3.59264394082129,10.0,0.0,0.7572475075721741,6.0,1.0,57.0,42.0,31.0,59.0,59.0,59.0,1.0,55.0,0.0
10758,3.59264394082129,10.0,0.0,0.7572475075721741,6.0,1.0,57.0,42.0,31.0,59.0,59.0,59.0,1.0,55.0,8.0,-1.4902640581130981,1.9988431930541992,1.0,-1.8782120943069458,-0.09711287915706635,-59.57033105752233,2.102379882708192,10.0,0.0,0.6601346284151077,7.0,1.0,58.0,43.0,32.0,60.0,60.0,60.0,1.0,56.0,0.0
10759,2.102379882708192,10.0,0.0,0.6601346284151077,7.0,1.0,58.0,43.0,32.0,60.0,60.0,60.0,1.0,56.0,8.0,0.7046465873718262,1.985897421836853,4.0,-1.6751325130462646,-0.8442227840423584,-59.903318024047444,2.807026470080018,10.0,0.0,0.0,8.0,2.0,59.0,44.0,33.0,61.0,61.0,61.0,1.0,57.0,0.0
10760,2.807026470080018,10.0,0.0,0.0,8.0,2.0,59.0,44.0,33.0,61.0,61.0,61.0,1.0,57.0,8.0,-0.8154035210609436,1.9981001615524292,0.0,-1.973081111907959,0.5716122388839722,-61.329956264254854,1.9916229490190744,10.0,0.0,0.5716122388839722,1.0,3.0,60.0,45.0,34.0,62.0,62.0,62.0,1.0,58.0,0.0
10761,1.9916229490190744,10.0,0.0,0.5716122388839722,1.0,3.0,60.0,45.0,34.0,62.0,62.0,62.0,1.0,58.0,8.0,-0.9220196008682251,1.9986920356750488,4.0,-1.8648462295532227,0.35940641164779663,-62.14169016001164,1.0696033481508493,10.0,0.0,0.9310186505317688,2.0,4.0,61.0,46.0,35.0,63.0,63.0,63.0,1.0,59.0,0.0
10762,1.0696033481508493,10.0,0.0,0.9310186505317688,2.0,4.0,61.0,46.0,35.0,63.0,63.0,63.0,1.0,59.0,8.0,-1.1757698059082031,1.9976049661636353,4.0,-1.9074268341064453,-0.5642839074134827,-64.20799184415486,0.0,10.0,0.0,0.36673474311828613,3.0,5.0,62.0,47.0,36.0,64.0,64.0,64.0,1.0,60.0,0.0
10763,0.0,10.0,0.0,0.36673474311828613,3.0,5.0,62.0,47.0,36.0,64.0,64.0,64.0,1.0,60.0,8.0,0.9678254723548889,1.9936071634292603,4.0,-1.952674388885498,0.17494051158428192,-63.98490440103808,0.9678254723548889,10.0,0.0,0.541675254702568,4.0,6.0,63.0,48.0,37.0,65.0,65.0,65.0,1.0,61.0,0.0
10764,0.9678254723548889,10.0,0.0,0.541675254702568,4.0,6.0,63.0,48.0,37.0,65.0,65.0,65.0,1.0,61.0,8.0,-1.6784125566482544,1.9960947036743164,2.0,-1.9706439971923828,0.47420525550842285,-67.19178452517765,0.0,10.0,0.0,1.015880510210991,5.0,7.0,64.0,49.0,38.0,66.0,66.0,66.0,1.0,62.0,0.0
10765,0.0,10.0,0.0,1.015880510210991,5.0,7.0,64.0,49.0,38.0,66.0,66.0,66.0,1.0,62.0,0.0,-0.576174795627594,1.9961193799972534,1.0,-1.9289498329162598,-0.023782026022672653,-76.92486603336177,0.0,10.0,0.0,0.9920984841883183,6.0,1.0,65.0,50.0,39.0,67.0,67.0,67.0,2.0,63.0,0.0
10766,0.0,10.0,0.0,0.9920984841883183,6.0,1.0,65.0,50.0,39.0,67.0,67.0,67.0,2.0,63.0,8.0,-1.1498398780822754,1.9957929849624634,4.0,-1.984724998474121,-1.5802645683288574,-70.13703327454347,0.0,10.0,0.0,0.0,7.0,2.0,66.0,51.0,40.0,68.0,68.0,68.0,1.0,64.0,0.0
10767,0.0,10.0,0.0,0.0,7.0,2.0,66.0,51.0,40.0,68.0,68.0,68.0,1.0,64.0,8.0,0.7227704524993896,1.9995681047439575,1.0,-1.9337071180343628,0.5918281078338623,-67.18416724102629,0.7227704524993896,10.0,0.0,0.5918281078338623,8.0,1.0,67.0,52.0,41.0,69.0,69.0,69.0,1.0,65.0,0.0
10768,0.7227704524993896,10.0,0.0,0.5918281078338623,8.0,1.0,67.0,52.0,41.0,69.0,69.0,69.0,1.0,65.0,8.0,-1.1160508394241333,1.9985435009002686,4.0,-1.9715639352798462,0.3425242304801941,-69.07246519691503,0.0,10.0,0.0,0.9343523383140564,9.0,2.0,68.0,53.0,42.0,70.0,70.0,70.0,1.0,66.0,0.0
10769,0.0,10.0,0.0,0.9343523383140564,9.0,2.0,68.0,53.0,42.0,70.0,70.0,70.0,1.0,66.0,8.0,-1.5636857748031616,1.992129921913147,4.0,-1.959818720817566,0.3435508608818054,-74.92902359793659,0.0,10.0,0.0,1.2779031991958618,10.0,3.0,69.0,54.0,43.0,71.0,71.0,71.0,1.0,67.0,0.0
10770,0.0,10.0,0.0,1.2779031991958618,10.0,3.0,69.0,54.0,43.0,71.0,71.0,71.0,1.0,67.0,8.0,-1.6625932455062866,1.9988925457000732,4.0,-1.9441776275634766,1.3714216947555542,-76.5033417453687,0.0,10.0,0.0,2.649324893951416,11.0,4.0,70.0,55.0,1.0,72.0,72.0,72.0,1.0,68.0,0.0
10771,0.0,10.0,0.0,2.649324893951416,11.0,4.0,70.0,55.0,1.0,72.0,72.0,72.0,1.0,68.0,0.0,-0.06875111907720566,1.9426887035369873,1.0,-1.919816017150879,-1.1315666437149048,-75.78779862698941,0.0,10.0,0.0,1.5177582502365112,12.0,1.0,71.0,56.0,2.0,73.0,73.0,73.0,2.0,69.0,0.0
10772,0.0,10.0,0.0,1.5177582502365112,12.0,1.0,71.0,56.0,2.0,73.0,73.0,73.0,2.0,69.0,8.0,0.435541033744812,1.9899379014968872,1.0,-1.9505044221878052,-1.6058307886123657,-66.992461011897,0.435541033744812,10.0,0.0,0.0,13.0,1.0,72.0,57.0,3.0,74.0,74.0,74.0,1.0,70.0,0.0
10773,0.435541033744812,10.0,0.0,0.0,13.0,1.0,72.0,57.0,3.0,74.0,74.0,74.0,1.0,70.0,0.0,-0.888725221157074,1.9874995946884155,1.0,-1.9607399702072144,-1.359756588935852,-78.03386846079667,0.0,10.0,0.0,0.0,14.0,1.0,73.0,58.0,4.0,75.0,75.0,75.0,2.0,71.0,0.0
10774,0.0,10.0,0.0,0.0,14.0,1.0,73.0,58.0,4.0,75.0,75.0,75.0,2.0,71.0,0.0,-0.42766258120536804,1.9860152006149292,1.0,-1.980347752571106,-0.9148858785629272,-78.86414234284388,0.0,10.0,0.0,0.0,15.0,1.0,74.0,59.0,5.0,76.0,76.0,76.0,3.0,72.0,0.0
10775,0.0,10.0,0.0,0.0,15.0,1.0,74.0,59.0,5.0,76.0,76.0,76.0,3.0,72.0,0.0,0.0930401086807251,1.9821895360946655,1.0,-1.985512137413025,-1.6854795217514038,-79.1854598114562,0.0930401086807251,10.0,0.0,0.0,16.0,1.0,75.0,60.0,6.0,77.0,77.0,77.0,4.0,73.0,0.0
10776,0.0930401086807251,10.0,0.0,0.0,16.0,1.0,75.0,60.0,6.0,77.0,77.0,77.0,4.0,73.0,0.0,1.2511545419692993,1.996922254562378,1.0,-1.9890607595443726,-0.07644360512495041,-79.34793470563886,1.3441946506500244,10.0,0.0,0.0,17.0,1.0,76.0,61.0,7.0,78.0,78.0,78.0,5.0,74.0,0.0
10777,1.3441946506500244,10.0,0.0,0.0,17.0,1.0,76.0,61.0,7.0,78.0,78.0,78.0,5.0,74.0,0.0,-1.4877551794052124,1.790554404258728,1.0,-1.9972779750823975,-1.8572235107421875,-79.21175281140879,0.0,10.0,0.0,0.0,18.0,1.0,77.0,62.0,8.0,79.0,79.0,79.0,6.0,75.0,0.0
10778,0.0,10.0,0.0,0.0,18.0,1.0,77.0,62.0,8.0,79.0,79.0,79.0,6.0,75.0,0.0,-0.004522434901446104,1.9994771480560303,1.0,-1.9981904029846191,-0.6762830018997192,-82.14357262490897,0.0,10.0,0.0,0.0,19.0,1.0,78.0,63.0,9.0,80.0,80.0,80.0,7.0,76.0,0.0
10779,0.0,10.0,0.0,0.0,19.0,1.0,78.0,63.0,9.0,80.0,80.0,80.0,7.0,76.0,0.0,-1.429226040840149,1.9988354444503784,1.0,-1.9996414184570312,-1.6657761335372925,-87.62115364678789,0.0,10.0,0.0,0.0,20.0,1.0,79.0,64.0,10.0,81.0,81.0,81.0,8.0,77.0,0.0
10780,0.0,10.0,0.0,0.0,20.0,1.0,79.0,64.0,10.0,81.0,81.0,81.0,8.0,77.0,8.0,-0.759307861328125,1.9702026844024658,1.0,-1.9953643083572388,-1.3695636987686157,-75.11831143494666,0.0,10.0,0.0,0.0,21.0,1.0,80.0,65.0,11.0,82.0,82.0,82.0,1.0,78.0,0.0
10781,0.0,10.0,0.0,0.0,21.0,1.0,80.0,65.0,11.0,82.0,82.0,82.0,1.0,78.0,0.0,-1.2919515371322632,1.9961813688278198,1.0,-1.9997332096099854,-1.448922872543335,-87.82663643162745,0.0,10.0,0.0,0.0,22.0,1.0,81.0,66.0,12.0,83.0,83.0,83.0,2.0,79.0,0.0
10782,0.0,10.0,0.0,0.0,22.0,1.0,81.0,66.0,12.0,83.0,83.0,83.0,2.0,79.0,8.0,-1.1097805500030518,1.9910786151885986,1.0,-1.9984800815582275,-0.08505158871412277,-78.39850141567993,0.0,10.0,0.0,0.0,23.0,1.0,82.0,67.0,13.0,84.0,84.0,84.0,1.0,80.0,0.0
10783,0.0,10.0,0.0,0.0,23.0,1.0,82.0,67.0,13.0,84.0,84.0,84.0,1.0,80.0,0.0,-1.113532304763794,1.9958492517471313,1.0,-1.9990274906158447,0.5338213443756104,-88.5034397363586,0.0,10.0,0.0,0.5338213443756104,24.0,1.0,83.0,68.0,14.0,85.0,85.0,85.0,2.0,81.0,0.0
10784,0.0,10.0,0.0,0.5338213443756104,24.0,1.0,83.0,68.0,14.0,85.0,85.0,85.0,2.0,81.0,0.0,-1.642746090888977,1.9906489849090576,1.0,-1.9995206594467163,0.18726137280464172,-92.35824069673882,0.0,10.0,0.0,0.7210827171802521,25.0,1.0,84.0,69.0,15.0,86.0,86.0,86.0,3.0,82.0,0.0
10785,0.0,10.0,0.0,0.7210827171802521,25.0,1.0,84.0,69.0,15.0,86.0,86.0,86.0,3.0,82.0,8.0,-1.832190990447998,1.968932032585144,2.0,-1.9992481470108032,-1.1605808734893799,-84.89913468663104,0.0,10.0,0.0,0.0,26.0,2.0,85.0,70.0,16.0,87.0,87.0,87.0,1.0,83.0,0.0
10786,0.0,10.0,0.0,0.0,26.0,2.0,85.0,70.0,16.0,87.0,87.0,87.0,1.0,83.0,8.0,-0.6738466024398804,1.9662851095199585,1.0,-1.99782395362854,-1.80343759059906,-79.68919292417095,0.0,10.0,0.0,0.0,27.0,1.0,86.0,71.0,17.0,88.0,88.0,88.0,1.0,84.0,0.0
10787,0.0,10.0,0.0,0.0,27.0,1.0,86.0,71.0,17.0,88.0,88.0,88.0,1.0,84.0,8.0,-1.6506849527359009,1.999297857284546,1.0,-1.9993770122528076,-1.7359064817428589,-85.53047894009443,0.0,10.0,0.0,0.0,28.0,1.0,87.0,72.0,18.0,89.0,89.0,89.0,1.0,85.0,0.0
10788,0.0,10.0,0.0,0.0,28.0,1.0,87.0,72.0,18.0,89.0,89.0,89.0,1.0,85.0,8.0,-1.954054355621338,1.9960315227508545,1.0,-1.9989490509033203,-1.3586928844451904,-88.33665222038844,0.0,10.0,0.0,0.0,29.0,1.0,88.0,73.0,19.0,90.0,90.0,90.0,1.0,86.0,0.0
10789,0.0,10.0,0.0,0.0,29.0,1.0,88.0,73.0,19.0,90.0,90.0,90.0,1.0,86.0,0.0,-1.7383232116699219,1.9974610805511475,1.0,-1.9995747804641724,0.4109114408493042,-96.92821063753374,0.0,10.0,0.0,0.4109114408493042,30.0,1.0,89.0,74.0,20.0,91.0,91.0,91.0,2.0,87.0,0.0
10790,0.0,10.0,0.0,0.4109114408493042,30.0,1.0,89.0,74.0,20.0,91.0,91.0,91.0,2.0,87.0,8.0,-0.9767535924911499,1.999101161956787,1.0,-1.9983582496643066,-1.348166823387146,-84.2533635610966,0.0,10.0,0.0,0.0,31.0,1.0,90.0,75.0,21.0,92.0,92.0,92.0,1.0,88.0,0.0
10791,0.0,10.0,0.0,0.0,31.0,1.0,90.0,75.0,21.0,92.0,92.0,92.0,1.0,88.0,8.0,-1.7578200101852417,1.9994016885757446,1.0,-1.9991490840911865,-0.6341236233711243,-89.42618095678375,0.0,10.0,0.0,0.0,32.0,1.0,91.0,76.0,22.0,93.0,93.0,93.0,1.0,89.0,0.0
10792,0.0,10.0,0.0,0.0,32.0,1.0,91.0,76.0,22.0,93.0,93.0,93.0,1.0,89.0,8.0,-1.7656478881835938,1.9945207834243774,4.0,-1.9993362426757812,-1.6851396560668945,-90.24136554749032,0.0,10.0,0.0,0.0,33.0,2.0,92.0,77.0,23.0,94.0,94.0,94.0,1.0,90.0,0.0
10793,0.0,10.0,0.0,0.0,33.0,2.0,92.0,77.0,23.0,94.0,94.0,94.0,1.0,90.0,8.0,-1.8736392259597778,1.9970924854278564,0.0,-1.9994632005691528,0.42576244473457336,-91.88787376616708,0.0,10.0,0.0,0.42576244473457336,1.0,3.0,93.0,78.0,24.0,95.0,95.0,95.0,1.0,91.0,0.0
10794,0.0,10.0,0.0,0.42576244473457336,1.0,3.0,93.0,78.0,24.0,95.0,95.0,95.0,1.0,91.0,8.0,-1.9358785152435303,1.999753713607788,1.0,-1.9984190464019775,1.0222375392913818,-89.9365373934136,0.0,10.0,0.0,1.4479999840259552,2.0,1.0,94.0,79.0,25.0,96.0,96.0,96.0,1.0,92.0,0.0
10795,0.0,10.0,0.0,1.4479999840259552,2.0,1.0,94.0,79.0,25.0,96.0,96.0,96.0,1.0,92.0,0.0,-1.8707925081253052,1.9996423721313477,1.0,-1.9981316328048706,-1.2708088159561157,-99.33201902486417,0.0,10.0,0.0,0.17719116806983948,3.0,1.0,95.0,80.0,26.0,97.0,97.0,97.0,2.0,93.0,0.0
10796,0.0,10.0,0.0,0.17719116806983948,3.0,1.0,95.0,80.0,26.0,97.0,97.0,97.0,2.0,93.0,8.0,-1.9297281503677368,1.9997148513793945,1.0,-1.9990853071212769,0.45150914788246155,-91.29351470060335,0.0,10.0,0.0,0.628700315952301,4.0,1.0,96.0,81.0,27.0,98.0,98.0,98.0,1.0,94.0,0.0
10797,0.0,10.0,0.0,0.628700315952301,4.0,1.0,96.0,81.0,27.0,98.0,98.0,98.0,1.0,94.0,8.0,-1.9176297187805176,1.999959945678711,1.0,-1.9992687702178955,-0.5326375365257263,-92.01140872943697,0.0,10.0,0.0,0.09606277942657471,5.0,1.0,97.0,82.0,28.0,99.0,99.0,99.0,1.0,95.0,0.0
10798,0.0,10.0,0.0,0.09606277942657471,5.0,1.0,97.0,82.0,28.0,99.0,99.0,99.0,1.0,95.0,8.0,-1.8044921159744263,1.999800205230713,1.0,-1.9997117519378662,-0.7392376661300659,-92.03958608773759,0.0,10.0,0.0,0.0,6.0,1.0,98.0,83.0,29.0,100.0,100.0,100.0,1.0,96.0,0.0
10799,0.0,10.0,0.0,0.0,6.0,1.0,98.0,83.0,29.0,100.0,100.0,100.0,1.0,96.0,8.0,-1.9238709211349487,1.999915361404419,1.0,-1.9987891912460327,1.9584307670593262,-93.35431895627548,0.0,10.0,0.0,1.9584307670593262,7.0,1.0,99.0,84.0,30.0,100.0,100.0,100.0,1.0,97.0,1.0
10800,7.378073692321777,2.726322889328003,4.8148579597473145,1.9203126430511475,1.0,1.0,1.0,1.0,1.0,1.0,1.0,1.0,1.0,1.0,8.0,-1.933181881904602,1.8797825574874878,4.0,-1.85009765625,-1.8843375444412231,-3.676662394458047,5.444891810417175,4.606105446815491,2.9647603034973145,0.035975098609924316,2.0,2.0,2.0,2.0,1.0,2.0,2.0,2.0,1.0,2.0,0.0
10801,5.444891810417175,4.606105446815491,2.9647603034973145,0.035975098609924316,2.0,2.0,2.0,2.0,1.0,2.0,2.0,2.0,1.0,2.0,2.0,-1.3327401876449585,-0.1608864665031433,0.0,1.0018901824951172,-1.1520370244979858,-4.650452519333775,4.112151622772217,4.445218980312347,3.9666504859924316,0.0,1.0,3.0,1.0,3.0,2.0,3.0,3.0,3.0,2.0,3.0,0.0
10802,4.112151622772217,4.445218980312347,3.9666504859924316,0.0,1.0,3.0,1.0,3.0,2.0,3.0,3.0,3.0,2.0,3.0,8.0,-1.6146292686462402,-1.184321641921997,1.0,-0.5974879264831543,-1.4771034717559814,-6.49025172006266,2.4975223541259766,3.2608973383903503,3.3691625595092773,0.0,2.0,1.0,2.0,4.0,3.0,4.0,4.0,4.0,1.0,4.0,0.0
10803,2.4975223541259766,3.2608973383903503,3.3691625595092773,0.0,2.0,1.0,2.0,4.0,3.0,4.0,4.0,4.0,1.0,4.0,0.0,-0.723774254322052,1.1282607316970825,4.0,-1.9010204076766968,-0.6616326570510864,-5.3818938518863035,1.7737480998039246,4.389158070087433,1.4681421518325806,0.0,1.0,2.0,3.0,5.0,1.0,5.0,5.0,5.0,2.0,5.0,0.0
10804,1.7737480998039246,4.389158070087433,1.4681421518325806,0.0,1.0,2.0,3.0,5.0,1.0,5.0,5.0,5.0,2.0,5.0,5.0,-1.4783879518508911,0.7473729252815247,0.0,0.1375957429409027,-0.5220853090286255,-14.991887151246521,0.29536014795303345,5.1365309953689575,1.6057378947734833,0.0,1.0,3.0,4.0,6.0,2.0,6.0,6.0,6.0,3.0,6.0,0.0
10805,0.29536014795303345,5.1365309953689575,1.6057378947734833,0.0,1.0,3.0,4.0,6.0,2.0,6.0,6.0,6.0,3.0,6.0,8.0,1.7016934156417847,-0.7764983773231506,4.0,-1.7424181699752808,-1.4524294137954712,-7.305034385960894,1.9970535635948181,4.360032618045807,0.0,0.0,2.0,4.0,5.0,7.0,3.0,7.0,7.0,7.0,1.0,7.0,0.0
10806,1.9970535635948181,4.360032618045807,0.0,0.0,2.0,4.0,5.0,7.0,3.0,7.0,7.0,7.0,1.0,7.0,1.0,-1.4863148927688599,0.5529364347457886,0.0,-1.6252317428588867,-1.6975444555282593,-13.18460449844676,0.5107386708259583,4.9129690527915955,0.0,0.0,1.0,1.0,6.0,8.0,4.0,8.0,8.0,8.0,2.0,8.0,0.0
10807,0.5107386708259583,4.9129690527915955,0.0,0.0,1.0,1.0,6.0,8.0,4.0,8.0,8.0,8.0,2.0,8.0,8.0,-1.6749306917190552,0.171071857213974,4.0,-1.7420474290847778,1.353239893913269,-21.38163324923261,0.0,5.0840409100055695,0.0,1.353239893913269,2.0,2.0,7.0,9.0,5.0,9.0,9.0,9.0,1.0,9.0,0.0
10808,0.0,5.0840409100055695,0.0,1.353239893913269,2.0,2.0,7.0,9.0,5.0,9.0,9.0,9.0,1.0,9.0,8.0,-0.18734309077262878,1.0089107751846313,0.0,-0.734484851360321,-1.6775450706481934,-11.915297576558698,0.0,6.092951685190201,0.0,0.0,1.0,3.0,8.0,10.0,6.0,10.0,10.0,10.0,1.0,10.0,0.0
10809,0.0,6.092951685190201,0.0,0.0,1.0,3.0,8.0,10.0,6.0,10.0,10.0,10.0,1.0,10.0,8.0,0.8232631087303162,0.517612636089325,1.0,-1.2387775182724,-1.695589303970337,-9.641826730954882,0.8232631087303162,6.610564321279526,0.0,0.0,2.0,1.0,9.0,11.0,7.0,11.0,11.0,11.0,1.0,11.0,0.0
10810,0.8232631087303162,6.610564321279526,0.0,0.0,2.0,1.0,9.0,11.0,7.0,11.0,11.0,11.0,1.0,11.0,8.0,0.4301323890686035,1.5772312879562378,1.0,-1.2074891328811646,-0.9942669868469238,-9.797619359197263,1.2533954977989197,8.187795609235764,0.0,0.0,3.0,1.0,10.0,12.0,8.0,12.0,12.0,12.0,1.0,12.0,0.0
10811,1.2533954977989197,8.187795609235764,0.0,0.0,3.0,1.0,10.0,12.0,8.0,12.0,12.0,12.0,1.0,12.0,8.0,-1.4533270597457886,0.12362411618232727,0.0,-1.1669789552688599,-1.7647247314453125,-13.93636792494231,0.0,8.31141972541809,0.0,0.0,1.0,2.0,11.0,13.0,9.0,13.0,13.0,13.0,1.0,13.0,0.0
10812,0.0,8.31141972541809,0.0,0.0,1.0,2.0,11.0,13.0,9.0,13.0,13.0,13.0,1.0,13.0,8.0,-1.3856452703475952,1.6326942443847656,4.0,-1.608337163925171,-0.6051620244979858,-27.2173751335707,0.0,9.944113969802856,0.0,0.0,2.0,3.0,12.0,14.0,10.0,14.0,14.0,14.0,1.0,14.0,0.0
10813,0.0,9.944113969802856,0.0,0.0,2.0,3.0,12.0,14.0,10.0,14.0,14.0,14.0,1.0,14.0,8.0,-0.2499048113822937,1.2581015825271606,1.0,0.2626051604747772,-1.588010311126709,-26.58289756412752,0.0,10.0,0.2626051604747772,0.0,3.0,1.0,13.0,15.0,11.0,15.0,15.0,15.0,1.0,15.0,0.0
10814,0.0,10.0,0.2626051604747772,0.0,3.0,1.0,13.0,15.0,11.0,15.0,15.0,15.0,1.0,15.0,8.0,-1.812980055809021,0.15038566291332245,2.0,0.6086483001708984,-0.8590723872184753,-33.09581566163161,0.0,10.0,0.8712534606456757,0.0,4.0,2.0,14.0,16.0,12.0,16.0,16.0,16.0,1.0,16.0,0.0
10815,0.0,10.0,0.8712534606456757,0.0,4.0,2.0,14.0,16.0,12.0,16.0,16.0,16.0,1.0,16.0,8.0,-1.3233041763305664,1.5868961811065674,3.0,-0.5553100109100342,-0.9997491240501404,-36.46621217831874,0.0,10.0,0.3159434497356415,0.0,5.0,3.0,15.0,1.0,13.0,17.0,17.0,17.0,1.0,17.0,0.0
10816,0.0,10.0,0.3159434497356415,0.0,5.0,3.0,15.0,1.0,13.0,17.0,17.0,17.0,1.0,17.0,8.0,1.8161325454711914,-0.2711522877216339,0.0,1.0708595514297485,0.1076914519071579,-13.16424107343919,1.8161325454711914,9.728847712278366,1.38680300116539,0.1076914519071579,1.0,4.0,16.0,2.0,14.0,18.0,18.0,18.0,1.0,18.0,0.0
10817,1.8161325454711914,9.728847712278366,1.38680300116539,0.1076914519071579,1.0,4.0,16.0,2.0,14.0,18.0,18.0,18.0,1.0,18.0,8.0,-0.12229030579328537,1.7099741697311401,0.0,1.911112666130066,-1.7177824974060059,-28.236315180496604,1.693842239677906,10.0,3.297915667295456,0.0,1.0,5.0,17.0,3.0,15.0,19.0,19.0,19.0,1.0,19.0,0.0
10818,1.693842239677906,10.0,3.297915667295456,0.0,1.0,5.0,17.0,3.0,15.0,19.0,19.0,19.0,1.0,19.0,8.0,1.6616382598876953,1.3691763877868652,0.0,0.10796959698200226,-1.3834611177444458,-27.579901712766883,3.3554804995656013,10.0,3.405885264277458,0.0,1.0,6.0,18.0,4.0,16.0,20.0,20.0,20.0,1.0,20.0,0.0
10819,3.3554804995656013,10.0,3.405885264277458,0.0,1.0,6.0,18.0,4.0,16.0,20.0,20.0,20.0,1.0,20.0,8.0,-0.5539720058441162,0.7208776473999023,2.0,0.7271807789802551,-1.289036750793457,-22.055165667045394,2.801508493721485,10.0,4.133066043257713,0.0,2.0,7.0,1.0,5.0,17.0,21.0,21.0,21.0,1.0,21.0,0.0
10820,2.801508493721485,10.0,4.133066043257713,0.0,2.0,7.0,1.0,5.0,17.0,21.0,21.0,21.0,1.0,21.0,8.0,-0.7609775066375732,-1.3211578130722046,4.0,-1.7629457712173462,-1.6055601835250854,-13.565524095710153,2.040530987083912,8.678842186927795,2.370120272040367,0.0,3.0,8.0,2.0,6.0,1.0,22.0,22.0,22.0,1.0,22.0,0.0
10821,2.040530987083912,8.678842186927795,2.370120272040367,0.0,3.0,8.0,2.0,6.0,1.0,22.0,22.0,22.0,1.0,22.0,5.0,-1.5013066530227661,-0.9235473275184631,1.0,-1.6252328157424927,-1.8793458938598633,-23.054667839682214,0.5392243340611458,7.755294859409332,0.7448874562978745,0.0,4.0,1.0,3.0,7.0,2.0,23.0,23.0,23.0,2.0,23.0,0.0
10822,0.5392243340611458,7.755294859409332,0.7448874562978745,0.0,4.0,1.0,3.0,7.0,2.0,23.0,23.0,23.0,2.0,23.0,8.0,0.2698790431022644,0.35612258315086365,1.0,-0.5306799411773682,0.2960595190525055,-13.691126144738005,0.8091033771634102,8.111417442560196,0.2142075151205063,0.2960595190525055,5.0,1.0,4.0,8.0,3.0,24.0,24.0,24.0,1.0,24.0,0.0
10823,0.8091033771634102,8.111417442560196,0.2142075151205063,0.2960595190525055,5.0,1.0,4.0,8.0,3.0,24.0,24.0,24.0,1.0,24.0,0.0,-1.474996566772461,1.2488161325454712,1.0,0.47329336404800415,-1.737272024154663,-30.585339033649362,0.0,9.360233575105667,0.6875008791685104,0.0,6.0,1.0,5.0,9.0,4.0,25.0,25.0,25.0,2.0,25.0,0.0
10824,0.0,9.360233575105667,0.6875008791685104,0.0,6.0,1.0,5.0,9.0,4.0,25.0,25.0,25.0,2.0,25.0,8.0,-0.8688247799873352,0.8828040361404419,2.0,-1.2995238304138184,-1.8189356327056885,-26.125522435615167,0.0,10.0,0.0,0.0,7.0,2.0,6.0,10.0,5.0,26.0,26.0,26.0,1.0,26.0,0.0
10825,0.0,10.0,0.0,0.0,7.0,2.0,6.0,10.0,5.0,26.0,26.0,26.0,1.0,26.0,5.0,-1.219710111618042,1.4991997480392456,1.0,-1.1243377923965454,-1.021559238433838,-49.05565518656372,0.0,10.0,0.0,0.0,8.0,1.0,7.0,11.0,6.0,27.0,27.0,27.0,2.0,27.0,0.0
10826,0.0,10.0,0.0,0.0,8.0,1.0,7.0,11.0,6.0,27.0,27.0,27.0,2.0,27.0,8.0,-0.5471802353858948,0.42189857363700867,0.0,-0.7687361836433411,-1.459639310836792,-25.613197274810812,0.0,10.0,0.0,0.0,1.0,2.0,8.0,12.0,7.0,28.0,28.0,28.0,1.0,28.0,0.0
10827,0.0,10.0,0.0,0.0,1.0,2.0,8.0,12.0,7.0,28.0,28.0,28.0,1.0,28.0,8.0,-1.06924307346344,0.7441172003746033,1.0,0.5635910630226135,-0.11340469121932983,-31.83061131822582,0.0,10.0,0.5635910630226135,0.0,2.0,1.0,9.0,13.0,8.0,29.0,29.0,29.0,1.0,29.0,0.0
10828,0.0,10.0,0.5635910630226135,0.0,2.0,1.0,9.0,13.0,8.0,29.0,29.0,29.0,1.0,29.0,8.0,0.013065986335277557,1.6847110986709595,2.0,-1.2565983533859253,-1.5322694778442383,-36.334685625253684,0.013065986335277557,10.0,0.0,0.0,3.0,2.0,10.0,14.0,9.0,30.0,30.0,30.0,1.0,30.0,0.0
10829,0.013065986335277557,10.0,0.0,0.0,3.0,2.0,10.0,14.0,9.0,30.0,30.0,30.0,1.0,30.0,8.0,-0.7295778393745422,1.3541532754898071,1.0,-0.44760167598724365,-1.3715583086013794,-35.724064386674755,0.0,10.0,0.0,0.0,4.0,1.0,11.0,15.0,10.0,31.0,31.0,31.0,1.0,31.0,0.0
10830,0.0,10.0,0.0,0.0,4.0,1.0,11.0,15.0,10.0,31.0,31.0,31.0,1.0,31.0,8.0,-1.5272291898727417,0.3464822471141815,2.0,-0.9340242147445679,-1.7808395624160767,-36.76414254285997,0.0,10.0,0.0,0.0,5.0,2.0,12.0,16.0,11.0,32.0,32.0,32.0,1.0,32.0,0.0
10831,0.0,10.0,0.0,0.0,5.0,2.0,12.0,16.0,11.0,32.0,32.0,32.0,1.0,32.0,8.0,-0.932602047920227,-0.6087837219238281,0.0,0.08793129771947861,-1.8551000356674194,-30.91540882582361,0.0,9.391216278076172,0.08793129771947861,0.0,1.0,3.0,13.0,17.0,12.0,33.0,33.0,33.0,1.0,33.0,0.0
10832,0.0,9.391216278076172,0.08793129771947861,0.0,1.0,3.0,13.0,17.0,12.0,33.0,33.0,33.0,1.0,33.0,8.0,-1.9552433490753174,1.641298770904541,1.0,-0.7904526591300964,-1.555711269378662,-44.51497764677463,0.0,10.0,0.0,0.0,2.0,1.0,14.0,18.0,13.0,34.0,34.0,34.0,1.0,34.0,0.0
10833,0.0,10.0,0.0,0.0,2.0,1.0,14.0,18.0,13.0,34.0,34.0,34.0,1.0,34.0,8.0,-1.5229686498641968,1.5605435371398926,1.0,-1.8184179067611694,-0.342854768037796,-44.80909255584686,0.0,10.0,0.0,0.0,3.0,1.0,15.0,19.0,14.0,35.0,35.0,35.0,1.0,35.0,0.0
10834,0.0,10.0,0.0,0.0,3.0,1.0,15.0,19.0,14.0,35.0,35.0,35.0,1.0,35.0,8.0,-0.6254763007164001,1.4175388813018799,1.0,-0.4416198134422302,-1.3890562057495117,-39.29773942416206,0.0,10.0,0.0,0.0,4.0,1.0,16.0,20.0,15.0,36.0,36.0,36.0,1.0,36.0,0.0
10835,0.0,10.0,0.0,0.0,4.0,1.0,16.0,20.0,15.0,36.0,36.0,36.0,1.0,36.0,8.0,-1.453332543373108,0.6677517890930176,4.0,-1.059658408164978,-1.2130447626113892,-40.59771115246086,0.0,10.0,0.0,0.0,5.0,2.0,17.0,21.0,16.0,37.0,37.0,37.0,1.0,37.0,0.0
10836,0.0,10.0,0.0,0.0,5.0,2.0,17.0,21.0,16.0,37.0,37.0,37.0,1.0,37.0,8.0,-1.8188879489898682,1.5828118324279785,1.0,-1.8941456079483032,-1.8020962476730347,-49.6152548635596,0.0,10.0,0.0,0.0,6.0,1.0,18.0,22.0,17.0,38.0,38.0,38.0,1.0,38.0,0.0
10837,0.0,10.0,0.0,0.0,6.0,1.0,18.0,22.0,17.0,38.0,38.0,38.0,1.0,38.0,8.0,-1.348429560661316,1.7926383018493652,2.0,-0.37858107686042786,-1.9302611351013184,-48.63545604595791,0.0,10.0,0.0,0.0,7.0,2.0,19.0,23.0,18.0,39.0,39.0,39.0,1.0,39.0,0.0
10838,0.0,10.0,0.0,0.0,7.0,2.0,19.0,23.0,18.0,39.0,39.0,39.0,1.0,39.0,8.0,-1.5346896648406982,0.6833038330078125,2.0,-0.9314300417900085,-1.3398431539535522,-43.903084795080495,0.0,10.0,0.0,0.0,8.0,3.0,20.0,24.0,19.0,40.0,40.0,40.0,1.0,40.0,0.0
10839,0.0,10.0,0.0,0.0,8.0,3.0,20.0,24.0,19.0,40.0,40.0,40.0,1.0,40.0,8.0,-1.4972552061080933,1.8832695484161377,5.0,-1.189683198928833,-1.855353593826294,-52.06300465223167,0.0,10.0,0.0,0.0,9.0,4.0,21.0,25.0,20.0,41.0,41.0,41.0,1.0,41.0,0.0
10840,0.0,10.0,0.0,0.0,9.0,4.0,21.0,25.0,20.0,41.0,41.0,41.0,1.0,41.0,8.0,-1.5845412015914917,1.934439778327942,1.0,-1.8897745609283447,-1.9246894121170044,-53.909405511340765,0.0,10.0,0.0,0.0,10.0,1.0,22.0,26.0,21.0,42.0,42.0,42.0,1.0,42.0,0.0
10841,0.0,10.0,0.0,0.0,10.0,1.0,22.0,26.0,21.0,42.0,42.0,42.0,1.0,42.0,8.0,-1.1085692644119263,0.07552892714738846,4.0,1.5840446949005127,-1.1511476039886475,-40.51514249974923,0.0,10.0,1.5840446949005127,0.0,11.0,2.0,23.0,27.0,1.0,43.0,43.0,43.0,1.0,43.0,0.0
10842,0.0,10.0,1.5840446949005127,0.0,11.0,2.0,23.0,27.0,1.0,43.0,43.0,43.0,1.0,43.0,8.0,-1.2992379665374756,1.8962217569351196,1.0,-1.417590856552124,0.561369776725769,-51.18999859599005,0.0,10.0,0.16645383834838867,0.561369776725769,12.0,1.0,24.0,28.0,2.0,44.0,44.0,44.0,1.0,44.0,0.0
10843,0.0,10.0,0.16645383834838867,0.561369776725769,12.0,1.0,24.0,28.0,2.0,44.0,44.0,44.0,1.0,44.0,8.0,-1.6814216375350952,1.3791357278823853,1.0,-1.5734663009643555,-1.3487310409545898,-50.650460277862436,0.0,10.0,0.0,0.0,13.0,1.0,25.0,29.0,3.0,45.0,45.0,45.0,1.0,45.0,0.0
10844,0.0,10.0,0.0,0.0,13.0,1.0,25.0,29.0,3.0,45.0,45.0,45.0,1.0,45.0,8.0,-0.14052194356918335,1.8897935152053833,5.0,-1.1761993169784546,-0.40862900018692017,-48.65385803857535,0.0,10.0,0.0,0.0,14.0,2.0,26.0,30.0,4.0,46.0,46.0,46.0,1.0,46.0,0.0
10845,0.0,10.0,0.0,0.0,14.0,2.0,26.0,30.0,4.0,46.0,46.0,46.0,1.0,46.0,8.0,1.1163444519042969,1.9014184474945068,1.0,-1.9240562915802002,0.12470829486846924,-48.42683221955485,1.1163444519042969,10.0,0.0,0.12470829486846924,15.0,1.0,27.0,31.0,5.0,47.0,47.0,47.0,1.0,47.0,0.0
10846,1.1163444519042969,10.0,0.0,0.12470829486846924,15.0,1.0,27.0,31.0,5.0,47.0,47.0,47.0,1.0,47.0,8.0,0.24976742267608643,1.329187273979187,1.0,-1.7985050678253174,-1.27754545211792,-43.19091457166197,1.3661118745803833,10.0,0.0,0.0,16.0,1.0,28.0,32.0,6.0,48.0,48.0,48.0,1.0,48.0,0.0
10847,1.3661118745803833,10.0,0.0,0.0,16.0,1.0,28.0,32.0,6.0,48.0,48.0,48.0,1.0,48.0,8.0,-0.5684165954589844,1.6594759225845337,1.0,-1.6128517389297485,-1.0031508207321167,-47.807996332276346,0.7976952791213989,10.0,0.0,0.0,17.0,1.0,29.0,33.0,7.0,49.0,49.0,49.0,1.0,49.0,0.0
10848,0.7976952791213989,10.0,0.0,0.0,17.0,1.0,29.0,33.0,7.0,49.0,49.0,49.0,1.0,49.0,8.0,0.31793686747550964,1.8006865978240967,1.0,-1.850128412246704,0.0015329119050875306,-49.720150554871466,1.1156321465969086,10.0,0.0,0.0015329119050875306,18.0,1.0,30.0,34.0,8.0,50.0,50.0,50.0,1.0,50.0,0.0
10849,1.1156321465969086,10.0,0.0,0.0015329119050875306,18.0,1.0,30.0,34.0,8.0,50.0,50.0,50.0,1.0,50.0,8.0,-1.0313384532928467,1.9476592540740967,0.0,-1.9727027416229248,-1.1866613626480103,-53.07691970218721,0.08429369330406189,10.0,0.0,0.0,1.0,2.0,31.0,35.0,9.0,51.0,51.0,51.0,1.0,51.0,0.0
10850,0.08429369330406189,10.0,0.0,0.0,1.0,2.0,31.0,35.0,9.0,51.0,51.0,51.0,1.0,51.0,8.0,-1.0798839330673218,1.8078422546386719,1.0,-1.7290993928909302,0.5587313175201416,-53.442290508400546,0.0,10.0,0.0,0.5587313175201416,2.0,1.0,32.0,36.0,10.0,52.0,52.0,52.0,1.0,52.0,0.0
10851,0.0,10.0,0.0,0.5587313175201416,2.0,1.0,32.0,36.0,10.0,52.0,52.0,52.0,1.0,52.0,8.0,-1.852199673652649,1.2863471508026123,1.0,-1.8357174396514893,0.31027448177337646,-56.054432081606706,0.0,10.0,0.0,0.8690057992935181,3.0,1.0,33.0,37.0,11.0,53.0,53.0,53.0,1.0,53.0,0.0
10852,0.0,10.0,0.0,0.8690057992935181,3.0,1.0,33.0,37.0,11.0,53.0,53.0,53.0,1.0,53.0,0.0,-0.8953229784965515,1.7517321109771729,1.0,-1.532891869544983,-0.444231241941452,-63.221494151369626,0.0,10.0,0.0,0.42477455735206604,4.0,1.0,34.0,38.0,12.0,54.0,54.0,54.0,2.0,54.0,0.0
10853,0.0,10.0,0.0,0.42477455735206604,4.0,1.0,34.0,38.0,12.0,54.0,54.0,54.0,2.0,54.0,8.0,-1.0390321016311646,1.7780147790908813,2.0,-1.845493197441101,0.750516414642334,-55.697254468364946,0.0,10.0,0.0,1.1752909719944,5.0,2.0,35.0,39.0,13.0,55.0,55.0,55.0,1.0,55.0,0.0
10854,0.0,10.0,0.0,1.1752909719944,5.0,2.0,35.0,39.0,13.0,55.0,55.0,55.0,1.0,55.0,0.0,-1.2165340185165405,1.547056794166565,1.0,-1.6182667016983032,-0.5384202003479004,-64.92955217517806,0.0,10.0,0.0,0.6368707716464996,6.0,1.0,36.0,40.0,14.0,56.0,56.0,56.0,2.0,56.0,0.0
10855,0.0,10.0,0.0,0.6368707716464996,6.0,1.0,36.0,40.0,14.0,56.0,56.0,56.0,2.0,56.0,8.0,0.4031917452812195,1.1630603075027466,1.0,-1.6300766468048096,0.5491743087768555,-47.85959266631551,0.4031917452812195,10.0,0.0,1.186045080423355,7.0,1.0,37.0,41.0,15.0,57.0,57.0,57.0,1.0,57.0,0.0
10856,0.4031917452812195,10.0,0.0,1.186045080423355,7.0,1.0,37.0,41.0,15.0,57.0,57.0,57.0,1.0,57.0,8.0,0.27485668659210205,1.8258717060089111,1.0,-0.821746289730072,0.7511957883834839,-54.9929482043409,0.6780484318733215,10.0,0.0,1.937240868806839,8.0,1.0,38.0,42.0,16.0,58.0,58.0,58.0,1.0,58.0,0.0
10857,0.6780484318733215,10.0,0.0,1.937240868806839,8.0,1.0,38.0,42.0,16.0,58.0,58.0,58.0,1.0,58.0,8.0,-0.8695231676101685,1.7766523361206055,1.0,-1.7201393842697144,0.6607809662818909,-56.173154293004,0.0,10.0,0.0,2.59802183508873,9.0,1.0,39.0,43.0,17.0,59.0,59.0,59.0,1.0,59.0,0.0
10858,0.0,10.0,0.0,2.59802183508873,9.0,1.0,39.0,43.0,17.0,59.0,59.0,59.0,1.0,59.0,8.0,0.13702824711799622,1.9521106481552124,2.0,-1.1839288473129272,-0.39530622959136963,-58.457851849904586,0.13702824711799622,10.0,0.0,2.2027156054973602,10.0,2.0,40.0,44.0,18.0,60.0,60.0,60.0,1.0,60.0,0.0
10859,0.13702824711799622,10.0,0.0,2.2027156054973602,10.0,2.0,40.0,44.0,18.0,60.0,60.0,60.0,1.0,60.0,8.0,-1.4788564443588257,1.846699595451355,1.0,-1.0766009092330933,-1.449511170387268,-62.83093183821816,0.0,10.0,0.0,0.7532044351100922,11.0,1.0,41.0,45.0,19.0,61.0,61.0,61.0,1.0,61.0,0.0
10860,0.0,10.0,0.0,0.7532044351100922,11.0,1.0,41.0,45.0,19.0,61.0,61.0,61.0,1.0,61.0,8.0,-1.6244853734970093,1.9154906272888184,0.0,-1.9529070854187012,-0.3882315456867218,-65.81959573916839,0.0,10.0,0.0,0.36497288942337036,1.0,2.0,42.0,46.0,20.0,62.0,62.0,62.0,1.0,62.0,0.0
10861,0.0,10.0,0.0,0.36497288942337036,1.0,2.0,42.0,46.0,20.0,62.0,62.0,62.0,1.0,62.0,8.0,-1.4798784255981445,1.622839093208313,1.0,-1.180748462677002,-0.29151052236557007,-62.46655236444344,0.0,10.0,0.0,0.07346236705780029,2.0,1.0,43.0,47.0,21.0,63.0,63.0,63.0,1.0,63.0,0.0
10862,0.0,10.0,0.0,0.07346236705780029,2.0,1.0,43.0,47.0,21.0,63.0,63.0,63.0,1.0,63.0,8.0,-1.4512194395065308,1.9403882026672363,1.0,-1.9223029613494873,-1.5069693326950073,-65.43419415327924,0.0,10.0,0.0,0.0,3.0,1.0,44.0,48.0,22.0,64.0,64.0,64.0,1.0,64.0,0.0
10863,0.0,10.0,0.0,0.0,3.0,1.0,44.0,48.0,22.0,64.0,64.0,64.0,1.0,64.0,8.0,-1.9062978029251099,1.9636881351470947,1.0,-1.8345742225646973,1.8589415550231934,-69.37169183996045,0.0,10.0,0.0,1.8589415550231934,4.0,1.0,45.0,49.0,23.0,65.0,65.0,65.0,1.0,65.0,0.0
10864,0.0,10.0,0.0,1.8589415550231934,4.0,1.0,45.0,49.0,23.0,65.0,65.0,65.0,1.0,65.0,8.0,-1.3660608530044556,1.8022608757019043,4.0,-1.6742901802062988,1.4787254333496094,-65.4184941245685,0.0,10.0,0.0,3.3376669883728027,5.0,2.0,46.0,50.0,1.0,66.0,66.0,66.0,1.0,66.0,0.0
10865,0.0,10.0,0.0,3.3376669883728027,5.0,2.0,46.0,50.0,1.0,66.0,66.0,66.0,1.0,66.0,0.0,-1.6483056545257568,1.9222893714904785,1.0,-1.823216199874878,1.3221206665039062,-75.97089042786834,0.0,10.0,0.0,4.659787654876709,6.0,1.0,47.0,51.0,2.0,67.0,67.0,67.0,2.0,67.0,0.0
10866,0.0,10.0,0.0,4.659787654876709,6.0,1.0,47.0,51.0,2.0,67.0,67.0,67.0,2.0,67.0,8.0,-1.3996955156326294,1.7863852977752686,1.0,-1.846110224723816,-0.5076926946640015,-64.79806639990446,0.0,10.0,0.0,4.1520949602127075,7.0,1.0,48.0,52.0,3.0,68.0,68.0,68.0,1.0,68.0,0.0
10867,0.0,10.0,0.0,4.1520949602127075,7.0,1.0,48.0,52.0,3.0,68.0,68.0,68.0,1.0,68.0,8.0,-1.307347059249878,1.7861332893371582,1.0,-1.8984458446502686,1.3209609985351562,-65.03840260763693,0.0,10.0,0.0,5.473055958747864,8.0,1.0,49.0,53.0,4.0,69.0,69.0,69.0,1.0,69.0,0.0
10868,0.0,10.0,0.0,5.473055958747864,8.0,1.0,49.0,53.0,4.0,69.0,69.0,69.0,1.0,69.0,8.0,-1.3786512613296509,1.9466609954833984,1.0,-1.9829596281051636,1.118208408355713,-67.5578237227465,0.0,10.0,0.0,6.591264367103577,9.0,2.0,50.0,54.0,5.0,70.0,70.0,70.0,1.0,70.0,0.0
10869,0.0,10.0,0.0,6.591264367103577,9.0,2.0,50.0,54.0,5.0,70.0,70.0,70.0,1.0,70.0,8.0,-1.4150495529174805,1.958277702331543,1.0,-1.924139142036438,0.3115503489971161,-68.76408277225475,0.0,10.0,0.0,6.902814716100693,10.0,3.0,51.0,55.0,6.0,71.0,71.0,71.0,1.0,71.0,0.0
10870,0.0,10.0,0.0,6.902814716100693,10.0,3.0,51.0,55.0,6.0,71.0,71.0,71.0,1.0,71.0,8.0,-0.4279022514820099,1.9352291822433472,1.0,-1.9826210737228394,-0.40756964683532715,-65.32346827405634,0.0,10.0,0.0,6.495245069265366,11.0,4.0,52.0,56.0,7.0,72.0,72.0,72.0,1.0,72.0,0.0
10871,0.0,10.0,0.0,6.495245069265366,11.0,4.0,52.0,56.0,7.0,72.0,72.0,72.0,1.0,72.0,8.0,-0.6480821967124939,1.952315092086792,4.0,-1.979058861732483,1.2735018730163574,-66.97446888020822,0.0,10.0,0.0,7.768746942281723,12.0,5.0,53.0,57.0,8.0,73.0,73.0,73.0,1.0,73.0,0.0
10872,0.0,10.0,0.0,7.768746942281723,12.0,5.0,53.0,57.0,8.0,73.0,73.0,73.0,1.0,73.0,0.0,-1.0015472173690796,1.9749516248703003,1.0,-1.9740041494369507,1.7509512901306152,-78.69266733455845,0.0,10.0,0.0,9.519698232412338,13.0,6.0,54.0,58.0,9.0,74.0,74.0,74.0,2.0,74.0,0.0
10873,0.0,10.0,0.0,9.519698232412338,13.0,6.0,54.0,58.0,9.0,74.0,74.0,74.0,2.0,74.0,8.0,0.18857412040233612,1.9704564809799194,1.0,-1.8297556638717651,-1.1274656057357788,-67.67999473132755,0.18857412040233612,10.0,0.0,8.39223262667656,14.0,7.0,55.0,59.0,10.0,75.0,75.0,75.0,1.0,75.0,0.0
10874,0.18857412040233612,10.0,0.0,8.39223262667656,14.0,7.0,55.0,59.0,10.0,75.0,75.0,75.0,1.0,75.0,8.0,1.456693172454834,1.9666168689727783,1.0,-1.9213778972625732,-1.3533042669296265,-67.14935743865146,1.64526729285717,10.0,0.0,7.038928359746933,15.0,8.0,56.0,60.0,11.0,76.0,76.0,76.0,1.0,76.0,0.0
10875,1.64526729285717,10.0,0.0,7.038928359746933,15.0,8.0,56.0,60.0,11.0,76.0,76.0,76.0,1.0,76.0,8.0,-0.007488811854273081,1.9904651641845703,1.0,-1.9334824085235596,1.6651108264923096,-68.29331567009172,1.637778481002897,10.0,0.0,8.704039186239243,16.0,9.0,57.0,61.0,12.0,77.0,77.0,77.0,1.0,77.0,0.0
10876,1.637778481002897,10.0,0.0,8.704039186239243,16.0,9.0,57.0,61.0,12.0,77.0,77.0,77.0,1.0,77.0,8.0,0.30321642756462097,1.9658076763153076,1.0,-1.0586177110671997,0.908056378364563,-68.73894956796752,1.940994908567518,10.0,0.0,9.612095564603806,17.0,10.0,58.0,62.0,13.0,78.0,78.0,78.0,1.0,78.0,0.0
10877,1.940994908567518,10.0,0.0,9.612095564603806,17.0,10.0,58.0,62.0,13.0,78.0,78.0,78.0,1.0,78.0,8.0,0.12110527604818344,1.9271693229675293,2.0,-1.9013944864273071,0.7457748055458069,-69.1775388623176,2.0621001846157014,10.0,0.0,10.0,18.0,11.0,1.0,63.0,14.0,79.0,79.0,79.0,1.0,79.0,0.0
10878,2.0621001846157014,10.0,0.0,10.0,18.0,11.0,1.0,63.0,14.0,79.0,79.0,79.0,1.0,79.0,8.0,1.2787141799926758,1.9719481468200684,2.0,-1.9638739824295044,-1.7509065866470337,-64.21058295199622,3.340814364608377,10.0,0.0,8.249093413352966,19.0,12.0,1.0,64.0,15.0,80.0,80.0,80.0,1.0,80.0,0.0
10879,3.340814364608377,10.0,0.0,8.249093413352966,19.0,12.0,1.0,64.0,15.0,80.0,80.0,80.0,1.0,80.0,8.0,1.0443161725997925,1.479023814201355,1.0,-1.994596004486084,-1.3113266229629517,-60.03697859927054,4.38513053720817,10.0,0.0,6.937766790390015,20.0,13.0,2.0,65.0,16.0,81.0,81.0,81.0,1.0,81.0,0.0
10880,4.38513053720817,10.0,0.0,6.937766790390015,20.0,13.0,2.0,65.0,16.0,81.0,81.0,81.0,1.0,81.0,5.0,1.4823280572891235,0.747870922088623,1.0,-1.9911131858825684,-1.8393640518188477,-49.582901729897586,5.867458594497293,10.0,0.0,5.098402738571167,21.0,1.0,3.0,66.0,17.0,1.0,82.0,82.0,2.0,82.0,0.0
10881,5.867458594497293,10.0,0.0,5.098402738571167,21.0,1.0,3.0,66.0,17.0,1.0,82.0,82.0,2.0,82.0,10.0,-1.1428303718566895,-1.277295470237732,1.0,-1.2744213342666626,-1.9330687522888184,-36.7,4.724628222640604,8.722704529762268,0.0,3.1653339862823486,22.0,1.0,4.0,67.0,18.0,2.0,83.0,83.0,3.0,83.0,0.0
10882,4.724628222640604,8.722704529762268,0.0,3.1653339862823486,22.0,1.0,4.0,67.0,18.0,2.0,83.0,83.0,3.0,83.0,9.0,-1.607047438621521,-1.7105762958526611,1.0,-0.4736873209476471,-1.8274089097976685,-32.00917974346926,3.117580784019083,7.012128233909607,0.0,1.3379250764846802,23.0,1.0,5.0,68.0,19.0,3.0,84.0,84.0,4.0,1.0,0.0
10883,3.117580784019083,7.012128233909607,0.0,1.3379250764846802,23.0,1.0,5.0,68.0,19.0,3.0,84.0,84.0,4.0,1.0,10.0,-0.7194730043411255,1.9947309494018555,1.0,-1.9932968616485596,-1.3845393657684326,-30.2,2.3981077796779573,9.006859183311462,0.0,0.0,24.0,1.0,6.0,69.0,20.0,4.0,85.0,85.0,5.0,2.0,0.0
10884,2.3981077796779573,9.006859183311462,0.0,0.0,24.0,1.0,6.0,69.0,20.0,4.0,85.0,85.0,5.0,2.0,10.0,0.9242260456085205,-0.4371795654296875,1.0,-1.9958384037017822,-0.7917129397392273,-31.1,3.322333825286478,8.569679617881775,0.0,0.0,25.0,1.0,7.0,70.0,21.0,5.0,86.0,86.0,6.0,3.0,0.0
10885,3.322333825286478,8.569679617881775,0.0,0.0,25.0,1.0,7.0,70.0,21.0,5.0,86.0,86.0,6.0,3.0,10.0,-0.5972318053245544,1.836775541305542,3.0,-1.9886648654937744,-0.9478684067726135,-36.06455159187317,2.7251020199619234,10.0,0.0,0.0,26.0,2.0,8.0,1.0,22.0,6.0,87.0,87.0,7.0,4.0,0.0
10886,2.7251020199619234,10.0,0.0,0.0,26.0,2.0,8.0,1.0,22.0,6.0,87.0,87.0,7.0,4.0,10.0,1.159324049949646,-1.9412672519683838,8.0,-1.8527169227600098,-1.4096328020095825,-26.0,3.8844260699115694,8.058732748031616,0.0,0.0,27.0,3.0,9.0,2.0,23.0,7.0,88.0,88.0,8.0,5.0,0.0
10887,3.8844260699115694,8.058732748031616,0.0,0.0,27.0,3.0,9.0,2.0,23.0,7.0,88.0,88.0,8.0,5.0,10.0,1.638963222503662,-1.8821552991867065,2.0,-1.9428986310958862,-1.8529587984085083,-27.0,5.5233892924152315,6.17657744884491,0.0,0.0,28.0,4.0,10.0,3.0,24.0,8.0,89.0,89.0,9.0,6.0,0.0
10888,5.5233892924152315,6.17657744884491,0.0,0.0,28.0,4.0,10.0,3.0,24.0,8.0,89.0,89.0,9.0,6.0,10.0,1.7521246671676636,-1.9668607711791992,1.0,-1.8127039670944214,-1.519995093345642,-28.0,7.275513959582895,4.2097166776657104,0.0,0.0,29.0,1.0,11.0,4.0,25.0,9.0,90.0,90.0,10.0,7.0,0.0
10889,7.275513959582895,4.2097166776657104,0.0,0.0,29.0,1.0,11.0,4.0,25.0,9.0,90.0,90.0,10.0,7.0,5.0,1.3449009656906128,-1.8667800426483154,8.0,-1.5133253335952759,-0.907279908657074,-28.951545249363,8.620414925273508,2.342936635017395,0.0,0.0,30.0,2.0,12.0,5.0,26.0,1.0,91.0,91.0,11.0,8.0,0.0
10890,8.620414925273508,2.342936635017395,0.0,0.0,30.0,2.0,12.0,5.0,26.0,1.0,91.0,91.0,11.0,8.0,5.0,1.785706877708435,-1.2069226503372192,1.0,-1.95510733127594,0.7036373615264893,-35.47917815844045,10.0,1.1360139846801758,0.0,0.7036373615264893,31.0,1.0,13.0,6.0,27.0,1.0,92.0,92.0,12.0,9.0,0.0
10891,10.0,1.1360139846801758,0.0,0.7036373615264893,31.0,1.0,13.0,6.0,27.0,1.0,92.0,92.0,12.0,9.0,5.0,0.9947532415390015,0.04075856879353523,8.0,-1.9367022514343262,-0.9145600199699402,-42.01692797211017,10.0,1.176772553473711,0.0,0.0,32.0,2.0,14.0,7.0,28.0,1.0,93.0,93.0,13.0,10.0,0.0
10892,10.0,1.176772553473711,0.0,0.0,32.0,2.0,14.0,7.0,28.0,1.0,93.0,93.0,13.0,10.0,10.0,1.1120660305023193,0.24878455698490143,8.0,-1.7401854991912842,0.42754146456718445,-41.42066030502319,10.0,1.4255571104586124,0.0,0.42754146456718445,33.0,3.0,15.0,8.0,29.0,2.0,94.0,94.0,14.0,11.0,0.0
10893,10.0,1.4255571104586124,0.0,0.42754146456718445,33.0,3.0,15.0,8.0,29.0,2.0,94.0,94.0,14.0,11.0,10.0,1.81496262550354,-0.9574304223060608,2.0,-1.8714238405227661,0.33647218346595764,-49.4496262550354,10.0,0.46812668815255165,0.0,0.7640136480331421,34.0,4.0,16.0,9.0,30.0,3.0,95.0,95.0,15.0,12.0,0.0
10894,10.0,0.46812668815255165,0.0,0.7640136480331421,34.0,4.0,16.0,9.0,30.0,3.0,95.0,95.0,15.0,12.0,10.0,0.8620442748069763,1.8106826543807983,8.0,-1.83394455909729,0.5579390525817871,-40.92044274806976,10.0,2.27880934253335,0.0,1.3219527006149292,35.0,5.0,17.0,10.0,31.0,4.0,96.0,96.0,1.0,13.0,0.0
10895,10.0,2.27880934253335,0.0,1.3219527006149292,35.0,5.0,17.0,10.0,31.0,4.0,96.0,96.0,1.0,13.0,5.0,1.4331028461456299,-0.544208288192749,1.0,-1.525960922241211,-1.593616247177124,-47.88751715397489,10.0,1.734601054340601,0.0,0.0,36.0,1.0,18.0,11.0,32.0,1.0,97.0,97.0,2.0,14.0,0.0
10896,10.0,1.734601054340601,0.0,0.0,36.0,1.0,18.0,11.0,32.0,1.0,97.0,97.0,2.0,14.0,5.0,1.5570216178894043,-1.9078047275543213,1.0,-1.5238995552062988,-1.4052077531814575,-51.84500619281666,10.0,0.0,0.0,0.0,37.0,1.0,19.0,12.0,33.0,1.0,98.0,98.0,3.0,15.0,0.0
10897,10.0,0.0,0.0,0.0,37.0,1.0,19.0,12.0,33.0,1.0,98.0,98.0,3.0,15.0,10.0,0.5781551599502563,-1.9808095693588257,1.0,-1.039786696434021,0.504125714302063,-53.33460670582457,10.0,0.0,0.0,0.504125714302063,38.0,1.0,20.0,13.0,34.0,2.0,99.0,99.0,4.0,16.0,0.0
10898,10.0,0.0,0.0,0.504125714302063,38.0,1.0,20.0,13.0,34.0,2.0,99.0,99.0,4.0,16.0,10.0,1.8436100482940674,0.9142181873321533,1.0,-0.18732814490795135,0.8539684414863586,-52.036100482940675,10.0,0.9142181873321533,0.0,1.3580941557884216,39.0,1.0,21.0,14.0,35.0,3.0,100.0,100.0,5.0,17.0,0.0
10899,10.0,0.9142181873321533,0.0,1.3580941557884216,39.0,1.0,21.0,14.0,35.0,3.0,100.0,100.0,5.0,17.0,5.0,1.8049193620681763,1.9655061960220337,1.0,-0.43417978286743164,1.1194157600402832,-53.249756767715894,10.0,2.879724383354187,0.0,2.477509915828705,40.0,1.0,22.0,15.0,36.0,1.0,100.0,100.0,6.0,18.0,1.0
10900,8.471129417419434,5.03377628326416,5.119992256164551,0.019636454060673714,1.0,1.0,1.0,1.0,1.0,1.0,1.0,1.0,1.0,1.0,2.0,-1.9917155504226685,1.6037094593048096,4.0,-1.9696054458618164,-1.8888046741485596,-2.075435258235484,6.479413866996765,6.63748574256897,3.1503868103027344,0.0,2.0,2.0,1.0,2.0,1.0,2.0,2.0,2.0,2.0,2.0,0.0
10901,6.479413866996765,6.63748574256897,3.1503868103027344,0.0,2.0,2.0,1.0,2.0,1.0,2.0,2.0,2.0,2.0,2.0,2.0,-0.9032505750656128,1.586134672164917,0.0,-0.956650972366333,-1.8144927024841309,-3.219361783291997,5.576163291931152,8.223620414733887,2.1937358379364014,0.0,1.0,3.0,1.0,3.0,2.0,3.0,3.0,3.0,3.0,3.0,0.0
10902,5.576163291931152,8.223620414733887,2.1937358379364014,0.0,1.0,3.0,1.0,3.0,2.0,3.0,3.0,3.0,3.0,3.0,8.0,-1.9366692304611206,-0.327127069234848,0.0,-0.550094485282898,-1.8683445453643799,-3.3995115832347613,3.6394940614700317,7.896493345499039,1.6436413526535034,0.0,1.0,4.0,2.0,4.0,3.0,4.0,4.0,4.0,1.0,4.0,0.0
10903,3.6394940614700317,7.896493345499039,1.6436413526535034,0.0,1.0,4.0,2.0,4.0,3.0,4.0,4.0,4.0,1.0,4.0,8.0,-1.7004001140594482,-0.8122076392173767,4.0,-0.7805985808372498,-1.646166205406189,-4.840123580398221,1.9390939474105835,7.084285706281662,0.8630427718162537,0.0,2.0,5.0,3.0,5.0,4.0,5.0,5.0,5.0,1.0,5.0,0.0
10904,1.9390939474105835,7.084285706281662,0.8630427718162537,0.0,2.0,5.0,3.0,5.0,4.0,5.0,5.0,5.0,1.0,5.0,8.0,0.7866020202636719,-1.3410497903823853,2.0,-1.0560016632080078,-0.7176940441131592,-5.7850609761681255,2.7256959676742554,5.743235915899277,0.0,0.0,3.0,6.0,4.0,6.0,5.0,6.0,6.0,6.0,1.0,6.0,0.0
10905,2.7256959676742554,5.743235915899277,0.0,0.0,3.0,6.0,4.0,6.0,5.0,6.0,6.0,6.0,1.0,6.0,8.0,-0.9949586987495422,-0.21423928439617157,0.0,0.3548814356327057,-1.8672438859939575,-7.355333181297373,1.7307372689247131,5.528996631503105,0.3548814356327057,0.0,1.0,7.0,5.0,7.0,6.0,7.0,7.0,7.0,1.0,7.0,0.0
10906,1.7307372689247131,5.528996631503105,0.3548814356327057,0.0,1.0,7.0,5.0,7.0,6.0,7.0,7.0,7.0,1.0,7.0,8.0,0.9100936055183411,-1.7257089614868164,1.0,-1.7926461696624756,-1.459563970565796,-8.95951852819073,2.640830874443054,3.8032876700162888,0.0,0.0,2.0,1.0,6.0,8.0,7.0,8.0,8.0,8.0,1.0,8.0,0.0
10907,2.640830874443054,3.8032876700162888,0.0,0.0,2.0,1.0,6.0,8.0,7.0,8.0,8.0,8.0,1.0,8.0,8.0,-1.9072768688201904,0.16246555745601654,3.0,-1.3335845470428467,-1.5622050762176514,-10.344888300912254,0.7335540056228638,3.9657532274723053,0.0,0.0,3.0,2.0,7.0,1.0,8.0,9.0,9.0,9.0,1.0,9.0,0.0
10908,0.7335540056228638,3.9657532274723053,0.0,0.0,3.0,2.0,7.0,1.0,8.0,9.0,9.0,9.0,1.0,9.0,8.0,0.3414512872695923,-0.8096573948860168,5.0,1.599916934967041,-1.8397096395492554,-11.105890105103612,1.075005292892456,3.1560958325862885,1.599916934967041,0.0,4.0,3.0,8.0,2.0,9.0,10.0,10.0,10.0,1.0,10.0,0.0
10909,1.075005292892456,3.1560958325862885,1.599916934967041,0.0,4.0,3.0,8.0,2.0,9.0,10.0,10.0,10.0,1.0,10.0,0.0,-0.19324633479118347,0.6786924600601196,0.0,-0.3452315032482147,-1.5777719020843506,-8.995418129874755,0.8817589581012726,3.834788292646408,1.2546854317188263,0.0,1.0,4.0,9.0,3.0,10.0,11.0,11.0,11.0,2.0,11.0,0.0
10910,0.8817589581012726,3.834788292646408,1.2546854317188263,0.0,1.0,4.0,9.0,3.0,10.0,11.0,11.0,11.0,2.0,11.0,8.0,0.3319871127605438,0.9113118648529053,0.0,1.6982903480529785,-0.16203714907169342,-10.633812171525307,1.2137460708618164,4.746100157499313,2.952975779771805,0.0,1.0,5.0,10.0,4.0,11.0,12.0,12.0,12.0,1.0,12.0,0.0
10911,1.2137460708618164,4.746100157499313,2.952975779771805,0.0,1.0,5.0,10.0,4.0,11.0,12.0,12.0,12.0,1.0,12.0,8.0,0.5863708257675171,0.8165530562400818,0.0,0.2591429352760315,-1.6659234762191772,-10.386883727003157,1.8001168966293335,5.562653213739395,3.2121187150478363,0.0,1.0,6.0,11.0,5.0,12.0,13.0,13.0,13.0,1.0,13.0,0.0
10912,1.8001168966293335,5.562653213739395,3.2121187150478363,0.0,1.0,6.0,11.0,5.0,12.0,13.0,13.0,13.0,1.0,13.0,8.0,-1.5106375217437744,0.9490037560462952,0.0,0.5594300031661987,-0.780576229095459,-12.140441714489793,0.2894793748855591,6.51165696978569,3.771548718214035,0.0,1.0,7.0,12.0,6.0,13.0,14.0,14.0,14.0,1.0,14.0,0.0
10913,0.2894793748855591,6.51165696978569,3.771548718214035,0.0,1.0,7.0,12.0,6.0,13.0,14.0,14.0,14.0,1.0,14.0,8.0,0.7944474220275879,-0.22460758686065674,1.0,-1.1297045946121216,-1.0701223611831665,-12.201083479409682,1.083926796913147,6.287049382925034,2.6418441236019135,0.0,2.0,1.0,13.0,7.0,14.0,15.0,15.0,15.0,1.0,15.0,0.0
10914,1.083926796913147,6.287049382925034,2.6418441236019135,0.0,2.0,1.0,13.0,7.0,14.0,15.0,15.0,15.0,1.0,15.0,8.0,-1.0518704652786255,0.8339754939079285,4.0,0.884163498878479,-1.6433614492416382,-13.31767086039168,0.032056331634521484,7.121024876832962,3.5260076224803925,0.0,3.0,2.0,14.0,8.0,1.0,16.0,16.0,16.0,1.0,16.0,0.0
10915,0.032056331634521484,7.121024876832962,3.5260076224803925,0.0,3.0,2.0,14.0,8.0,1.0,16.0,16.0,16.0,1.0,16.0,8.0,-0.7768320441246033,1.8983280658721924,1.0,-1.6129909753799438,-1.1742850542068481,-20.640564296399372,0.0,9.019352942705154,1.9130166471004486,0.0,4.0,1.0,15.0,9.0,2.0,17.0,17.0,17.0,1.0,17.0,0.0
10916,0.0,9.019352942705154,1.9130166471004486,0.0,4.0,1.0,15.0,9.0,2.0,17.0,17.0,17.0,1.0,17.0,8.0,1.7363723516464233,1.1405242681503296,1.0,-0.734428346157074,-1.8382976055145264,-14.416743678765407,1.7363723516464233,10.0,1.1785883009433746,0.0,5.0,1.0,16.0,10.0,3.0,18.0,18.0,18.0,1.0,18.0,0.0
10917,1.7363723516464233,10.0,1.1785883009433746,0.0,5.0,1.0,16.0,10.0,3.0,18.0,18.0,18.0,1.0,18.0,8.0,0.6851627826690674,-0.7048760652542114,2.0,-0.8463736772537231,-1.948682188987732,-12.74067329736113,2.4215351343154907,9.295123934745789,0.3322146236896515,0.0,6.0,2.0,17.0,11.0,4.0,19.0,19.0,19.0,1.0,19.0,0.0
10918,2.4215351343154907,9.295123934745789,0.3322146236896515,0.0,6.0,2.0,17.0,11.0,4.0,19.0,19.0,19.0,1.0,19.0,8.0,-1.4943649768829346,-1.8236383199691772,1.0,0.32177746295928955,-1.1786906719207764,-14.218679928288347,0.9271701574325562,7.471485614776611,0.653992086648941,0.0,7.0,1.0,18.0,12.0,5.0,20.0,20.0,20.0,1.0,20.0,0.0
10919,0.9271701574325562,7.471485614776611,0.653992086648941,0.0,7.0,1.0,18.0,12.0,5.0,20.0,20.0,20.0,1.0,20.0,8.0,1.8782542943954468,-0.648279070854187,1.0,-1.7099101543426514,-1.7347626686096191,-13.74718431898438,2.805424451828003,6.823206543922424,0.0,0.0,8.0,1.0,19.0,13.0,6.0,21.0,21.0,21.0,1.0,21.0,0.0
10920,2.805424451828003,6.823206543922424,0.0,0.0,8.0,1.0,19.0,13.0,6.0,21.0,21.0,21.0,1.0,21.0,8.0,-1.713233232498169,-0.2273274064064026,4.0,-0.13062535226345062,-0.1822715550661087,-15.6922818980328,1.092191219329834,6.595879137516022,0.0,0.0,9.0,2.0,20.0,14.0,7.0,22.0,22.0,22.0,1.0,22.0,0.0
10921,1.092191219329834,6.595879137516022,0.0,0.0,9.0,2.0,20.0,14.0,7.0,22.0,22.0,22.0,1.0,22.0,8.0,0.17844146490097046,1.6733307838439941,1.0,-0.21114371716976166,-1.8612459897994995,-16.401375126363714,1.2706326842308044,8.269209921360016,0.0,0.0,10.0,1.0,21.0,15.0,8.0,23.0,23.0,23.0,1.0,23.0,0.0
10922,1.2706326842308044,8.269209921360016,0.0,0.0,10.0,1.0,21.0,15.0,8.0,23.0,23.0,23.0,1.0,23.0,8.0,1.2221958637237549,0.2928571105003357,1.0,-0.9887218475341797,-1.0261342525482178,-16.38193058573394,2.4928285479545593,8.562067031860352,0.0,0.0,11.0,1.0,22.0,16.0,9.0,24.0,24.0,24.0,1.0,24.0,0.0
10923,2.4928285479545593,8.562067031860352,0.0,0.0,11.0,1.0,22.0,16.0,9.0,24.0,24.0,24.0,1.0,24.0,8.0,-1.0594686269760132,0.6418543457984924,0.0,-1.5206555128097534,-0.048539284616708755,-18.12610335025472,1.4333599209785461,9.203921377658844,0.0,0.0,1.0,2.0,23.0,17.0,10.0,25.0,25.0,25.0,1.0,25.0,0.0
10924,1.4333599209785461,9.203921377658844,0.0,0.0,1.0,2.0,23.0,17.0,10.0,25.0,25.0,25.0,1.0,25.0,8.0,-1.738221526145935,0.8536267280578613,1.0,-0.3318711817264557,-1.7346549034118652,-23.00620681318561,0.0,10.0,0.0,0.0,2.0,1.0,24.0,18.0,11.0,26.0,26.0,26.0,1.0,26.0,0.0
10925,0.0,10.0,0.0,0.0,2.0,1.0,24.0,18.0,11.0,26.0,26.0,26.0,1.0,26.0,8.0,-1.4928582906723022,1.4255917072296143,2.0,-1.3515491485595703,-0.9295331239700317,-41.24578863902709,0.0,10.0,0.0,0.0,3.0,2.0,25.0,19.0,12.0,27.0,27.0,27.0,1.0,27.0,0.0
10926,0.0,10.0,0.0,0.0,3.0,2.0,25.0,19.0,12.0,27.0,27.0,27.0,1.0,27.0,8.0,1.0585353374481201,1.7242252826690674,1.0,-1.1536915302276611,-0.9082804322242737,-37.607096052652096,1.0585353374481201,10.0,0.0,0.0,4.0,1.0,26.0,20.0,13.0,28.0,28.0,28.0,1.0,28.0,0.0
10927,1.0585353374481201,10.0,0.0,0.0,4.0,1.0,26.0,20.0,13.0,28.0,28.0,28.0,1.0,28.0,8.0,-1.262864112854004,0.9649152755737305,4.0,-1.6225242614746094,0.14673368632793427,-32.066871906852796,0.0,10.0,0.0,0.14673368632793427,5.0,2.0,27.0,21.0,14.0,29.0,29.0,29.0,1.0,29.0,0.0
10928,0.0,10.0,0.0,0.14673368632793427,5.0,2.0,27.0,21.0,14.0,29.0,29.0,29.0,1.0,29.0,8.0,1.5103578567504883,1.2937034368515015,1.0,-1.3243303298950195,1.028965711593628,-34.521523658738836,1.5103578567504883,10.0,0.0,1.1756993979215622,6.0,1.0,28.0,22.0,15.0,30.0,30.0,30.0,1.0,30.0,0.0
10929,1.5103578567504883,10.0,0.0,1.1756993979215622,6.0,1.0,28.0,22.0,15.0,30.0,30.0,30.0,1.0,30.0,8.0,-0.8226742148399353,0.8935283422470093,1.0,0.6764688491821289,-1.804463267326355,-31.959606569160467,0.687683641910553,10.0,0.6764688491821289,0.0,7.0,1.0,29.0,23.0,16.0,31.0,31.0,31.0,1.0,31.0,0.0
10930,0.687683641910553,10.0,0.6764688491821289,0.0,7.0,1.0,29.0,23.0,16.0,31.0,31.0,31.0,1.0,31.0,8.0,-0.5180463194847107,1.6915240287780762,4.0,-1.5028029680252075,-1.3725202083587646,-41.313100415252485,0.16963732242584229,10.0,0.0,0.0,8.0,2.0,30.0,24.0,17.0,32.0,32.0,32.0,1.0,32.0,0.0
10931,0.16963732242584229,10.0,0.0,0.0,8.0,2.0,30.0,24.0,17.0,32.0,32.0,32.0,1.0,32.0,8.0,-0.25198838114738464,0.9110461473464966,0.0,-1.0998332500457764,-0.6602158546447754,-34.65135503884734,0.0,10.0,0.0,0.0,1.0,3.0,31.0,25.0,18.0,33.0,33.0,33.0,1.0,33.0,0.0
10932,0.0,10.0,0.0,0.0,1.0,3.0,31.0,25.0,18.0,33.0,33.0,33.0,1.0,33.0,8.0,0.6138257384300232,-0.4481637477874756,4.0,-1.7686288356781006,-0.6352505683898926,-24.58481226101994,0.6138257384300232,9.551836252212524,0.0,0.0,2.0,4.0,32.0,26.0,19.0,34.0,34.0,34.0,1.0,34.0,0.0
10933,0.6138257384300232,9.551836252212524,0.0,0.0,2.0,4.0,32.0,26.0,19.0,34.0,34.0,34.0,1.0,34.0,8.0,-0.8813356757164001,1.7250502109527588,4.0,-1.7721275091171265,-1.0428757667541504,-39.54982452976452,0.0,10.0,0.0,0.0,3.0,5.0,33.0,27.0,20.0,35.0,35.0,35.0,1.0,35.0,0.0
10934,0.0,10.0,0.0,0.0,3.0,5.0,33.0,27.0,20.0,35.0,35.0,35.0,1.0,35.0,8.0,-1.899185299873352,1.8586143255233765,2.0,-1.3162589073181152,0.4724767506122589,-53.97695457584247,0.0,10.0,0.0,0.4724767506122589,4.0,6.0,34.0,28.0,21.0,36.0,36.0,36.0,1.0,36.0,0.0
10935,0.0,10.0,0.0,0.4724767506122589,4.0,6.0,34.0,28.0,21.0,36.0,36.0,36.0,1.0,36.0,8.0,0.42210137844085693,0.9747434258460999,4.0,-0.9086177349090576,-0.2350119948387146,-37.555394833114995,0.42210137844085693,10.0,0.0,0.2374647557735443,5.0,7.0,35.0,29.0,22.0,37.0,37.0,37.0,1.0,37.0,0.0
10936,0.42210137844085693,10.0,0.0,0.2374647557735443,5.0,7.0,35.0,29.0,22.0,37.0,37.0,37.0,1.0,37.0,8.0,1.6639543771743774,1.8825814723968506,0.0,-1.646929144859314,-1.5024033784866333,-46.11735802241361,2.0860557556152344,10.0,0.0,0.0,1.0,8.0,36.0,30.0,23.0,38.0,38.0,38.0,1.0,38.0,0.0
10937,2.0860557556152344,10.0,0.0,0.0,1.0,8.0,36.0,30.0,23.0,38.0,38.0,38.0,1.0,38.0,0.0,-1.7508572340011597,1.9177101850509644,1.0,0.9317740797996521,-0.4955522418022156,-57.731532722986856,0.3351985216140747,10.0,0.9317740797996521,0.0,2.0,1.0,37.0,31.0,24.0,39.0,39.0,39.0,2.0,39.0,0.0
10938,0.3351985216140747,10.0,0.9317740797996521,0.0,2.0,1.0,37.0,31.0,24.0,39.0,39.0,39.0,2.0,39.0,8.0,-1.742630958557129,1.7417715787887573,4.0,-0.6514580249786377,-0.21541030704975128,-52.09712914928371,0.0,10.0,0.2803160548210144,0.0,3.0,2.0,38.0,32.0,25.0,40.0,40.0,40.0,1.0,40.0,0.0
10939,0.0,10.0,0.2803160548210144,0.0,3.0,2.0,38.0,32.0,25.0,40.0,40.0,40.0,1.0,40.0,8.0,-1.792759656906128,1.8050799369812012,1.0,-1.5908011198043823,-0.3308316767215729,-56.04446690484023,0.0,10.0,0.0,0.0,4.0,1.0,39.0,33.0,26.0,41.0,41.0,41.0,1.0,41.0,0.0
10940,0.0,10.0,0.0,0.0,4.0,1.0,39.0,33.0,26.0,41.0,41.0,41.0,1.0,41.0,8.0,-1.886604905128479,1.9019380807876587,4.0,-1.7633347511291504,-0.9887747168540955,-58.093013765928845,0.0,10.0,0.0,0.0,5.0,2.0,40.0,34.0,27.0,42.0,42.0,42.0,1.0,42.0,0.0
10941,0.0,10.0,0.0,0.0,5.0,2.0,40.0,34.0,27.0,42.0,42.0,42.0,1.0,42.0,8.0,-1.738142728805542,1.9293490648269653,4.0,-1.4284284114837646,-1.3734822273254395,-58.17205367900118,0.0,10.0,0.0,0.0,6.0,3.0,41.0,35.0,28.0,43.0,43.0,43.0,1.0,43.0,0.0
10942,0.0,10.0,0.0,0.0,6.0,3.0,41.0,35.0,28.0,43.0,43.0,43.0,1.0,43.0,8.0,-0.7433786988258362,1.3551437854766846,4.0,-1.8654909133911133,0.9478257298469543,-48.560226212850296,0.0,10.0,0.0,0.9478257298469543,7.0,4.0,42.0,36.0,29.0,44.0,44.0,44.0,1.0,44.0,0.0
10943,0.0,10.0,0.0,0.9478257298469543,7.0,4.0,42.0,36.0,29.0,44.0,44.0,44.0,1.0,44.0,8.0,-1.166153073310852,1.8970102071762085,4.0,-1.386552095413208,0.2979455590248108,-56.27157593007918,0.0,10.0,0.0,1.2457712888717651,8.0,5.0,43.0,37.0,30.0,45.0,45.0,45.0,1.0,45.0,0.0
10944,0.0,10.0,0.0,1.2457712888717651,8.0,5.0,43.0,37.0,30.0,45.0,45.0,45.0,1.0,45.0,8.0,-1.0935897827148438,1.8903440237045288,1.0,-1.9182533025741577,-1.5500794649124146,-56.742566682260346,0.0,10.0,0.0,0.0,9.0,1.0,44.0,38.0,31.0,46.0,46.0,46.0,1.0,46.0,0.0
10945,0.0,10.0,0.0,0.0,9.0,1.0,44.0,38.0,31.0,46.0,46.0,46.0,1.0,46.0,8.0,-1.817186951637268,1.9414660930633545,4.0,-1.8868201971054077,0.5297482013702393,-61.895965040713385,0.0,10.0,0.0,0.5297482013702393,10.0,2.0,45.0,39.0,32.0,47.0,47.0,47.0,1.0,47.0,0.0
10946,0.0,10.0,0.0,0.5297482013702393,10.0,2.0,45.0,39.0,32.0,47.0,47.0,47.0,1.0,47.0,8.0,-1.4654401540756226,1.9856784343719482,4.0,-1.9143136739730835,-0.1679973155260086,-60.88255404295762,0.0,10.0,0.0,0.36175088584423065,11.0,3.0,46.0,40.0,33.0,48.0,48.0,48.0,1.0,48.0,0.0
10947,0.0,10.0,0.0,0.36175088584423065,11.0,3.0,46.0,40.0,33.0,48.0,48.0,48.0,1.0,48.0,8.0,-1.8937433958053589,1.9472284317016602,4.0,-1.9912165403366089,-1.7101988792419434,-64.26615529552512,0.0,10.0,0.0,0.0,12.0,4.0,47.0,41.0,34.0,49.0,49.0,49.0,1.0,49.0,0.0
10948,0.0,10.0,0.0,0.0,12.0,4.0,47.0,41.0,34.0,49.0,49.0,49.0,1.0,49.0,8.0,-1.8847094774246216,1.8892713785171509,4.0,-1.9267646074295044,0.3406738042831421,-64.68984404910783,0.0,10.0,0.0,0.3406738042831421,13.0,5.0,48.0,42.0,35.0,50.0,50.0,50.0,1.0,50.0,0.0
10949,0.0,10.0,0.0,0.3406738042831421,13.0,5.0,48.0,42.0,35.0,50.0,50.0,50.0,1.0,50.0,8.0,-1.8684996366500854,1.7818132638931274,4.0,-1.8268709182739258,-0.7044339776039124,-64.72263727181515,0.0,10.0,0.0,0.0,14.0,6.0,49.0,43.0,36.0,51.0,51.0,51.0,1.0,51.0,0.0
10950,0.0,10.0,0.0,0.0,14.0,6.0,49.0,43.0,36.0,51.0,51.0,51.0,1.0,51.0,8.0,-1.8466029167175293,1.8821909427642822,4.0,-1.5476312637329102,0.8945386409759521,-66.17150507519285,0.0,10.0,0.0,0.8945386409759521,15.0,7.0,50.0,44.0,37.0,52.0,52.0,52.0,1.0,52.0,0.0
10951,0.0,10.0,0.0,0.8945386409759521,15.0,7.0,50.0,44.0,37.0,52.0,52.0,52.0,1.0,52.0,8.0,-1.9679598808288574,1.9756407737731934,4.0,-1.950378179550171,-1.571209192276001,-68.58927054301134,0.0,10.0,0.0,0.0,16.0,8.0,51.0,45.0,38.0,53.0,53.0,53.0,1.0,53.0,0.0
10952,0.0,10.0,0.0,0.0,16.0,8.0,51.0,45.0,38.0,53.0,53.0,53.0,1.0,53.0,8.0,-1.6648736000061035,1.9143894910812378,4.0,-1.9907833337783813,0.1464422345161438,-66.974385048338,0.0,10.0,0.0,0.1464422345161438,17.0,9.0,52.0,46.0,39.0,54.0,54.0,54.0,1.0,54.0,0.0
10953,0.0,10.0,0.0,0.1464422345161438,17.0,9.0,52.0,46.0,39.0,54.0,54.0,54.0,1.0,54.0,8.0,-1.9726978540420532,1.9859669208526611,4.0,-1.603405475616455,1.3178550004959106,-70.49589431597394,0.0,10.0,0.0,1.4642972350120544,18.0,10.0,53.0,47.0,40.0,55.0,55.0,55.0,1.0,55.0,0.0
10954,0.0,10.0,0.0,1.4642972350120544,18.0,10.0,53.0,47.0,40.0,55.0,55.0,55.0,1.0,55.0,8.0,-1.5570813417434692,1.984998106956482,4.0,-1.7896777391433716,0.4853060841560364,-68.63214628162372,0.0,10.0,0.0,1.9496033191680908,19.0,11.0,54.0,48.0,41.0,56.0,56.0,56.0,1.0,56.0,0.0
10955,0.0,10.0,0.0,1.9496033191680908,19.0,11.0,54.0,48.0,41.0,56.0,56.0,56.0,1.0,56.0,8.0,-1.7488278150558472,1.8251301050186157,4.0,-1.5647087097167969,0.5093419551849365,-69.58120759952585,0.0,10.0,0.0,2.4589452743530273,20.0,12.0,55.0,49.0,1.0,57.0,57.0,57.0,1.0,57.0,0.0
10956,0.0,10.0,0.0,2.4589452743530273,20.0,12.0,55.0,49.0,1.0,57.0,57.0,57.0,1.0,57.0,0.0,-1.9403245449066162,0.781650960445404,1.0,-1.9357730150222778,0.8944112658500671,-71.267252727328,0.0,10.0,0.0,3.3533565402030945,21.0,1.0,56.0,50.0,2.0,58.0,58.0,58.0,2.0,58.0,0.0
10957,0.0,10.0,0.0,3.3533565402030945,21.0,1.0,56.0,50.0,2.0,58.0,58.0,58.0,2.0,58.0,0.0,-1.732817530632019,1.8853530883789062,1.0,-1.9901033639907837,1.2962664365768433,-75.75580539949006,0.0,10.0,0.0,4.649622976779938,22.0,1.0,57.0,51.0,3.0,59.0,59.0,59.0,3.0,59.0,0.0
10958,0.0,10.0,0.0,4.649622976779938,22.0,1.0,57.0,51.0,3.0,59.0,59.0,59.0,3.0,59.0,8.0,-1.7017955780029297,1.928765892982483,4.0,-1.9988573789596558,1.804813027381897,-67.32581457351905,0.0,10.0,0.0,6.454436004161835,23.0,2.0,58.0,52.0,1.0,60.0,60.0,60.0,1.0,60.0,0.0
10959,0.0,10.0,0.0,6.454436004161835,23.0,2.0,58.0,52.0,1.0,60.0,60.0,60.0,1.0,60.0,8.0,0.8021384477615356,1.9578042030334473,2.0,-1.9969074726104736,-0.00752183236181736,-60.88687139896365,0.8021384477615356,10.0,0.0,6.446914171800017,24.0,3.0,1.0,53.0,2.0,61.0,61.0,61.0,1.0,61.0,0.0
10960,0.8021384477615356,10.0,0.0,6.446914171800017,24.0,3.0,1.0,53.0,2.0,61.0,61.0,61.0,1.0,61.0,5.0,1.4265949726104736,1.5204203128814697,1.0,-1.99497389793396,-0.7487079501152039,-59.13016472829233,2.2287334203720093,10.0,0.0,5.6982062216848135,25.0,1.0,2.0,54.0,3.0,62.0,62.0,62.0,2.0,62.0,0.0
10961,2.2287334203720093,10.0,0.0,5.6982062216848135,25.0,1.0,2.0,54.0,3.0,62.0,62.0,62.0,2.0,62.0,5.0,0.8204569816589355,1.9867557287216187,4.0,-1.999129056930542,-1.4109742641448975,-56.80281270457948,3.049190402030945,10.0,0.0,4.287231957539916,26.0,2.0,3.0,55.0,1.0,1.0,63.0,63.0,3.0,63.0,0.0
10962,3.049190402030945,10.0,0.0,4.287231957539916,26.0,2.0,3.0,55.0,1.0,1.0,63.0,63.0,3.0,63.0,10.0,0.24634858965873718,0.27028340101242065,1.0,-0.7924925088882446,-1.9833310842514038,-31.702834010124207,3.295538991689682,10.0,0.0,2.3039008732885122,27.0,1.0,4.0,56.0,2.0,2.0,64.0,64.0,4.0,64.0,0.0
10963,3.295538991689682,10.0,0.0,2.3039008732885122,27.0,1.0,4.0,56.0,2.0,2.0,64.0,64.0,4.0,64.0,10.0,-0.06496443599462509,-1.5207703113555908,1.0,-1.3196344375610352,0.2936561405658722,-29.8,3.230574555695057,8.47922968864441,0.0,2.5975570138543844,28.0,1.0,5.0,57.0,3.0,3.0,65.0,65.0,5.0,65.0,0.0
10964,3.230574555695057,8.47922968864441,0.0,2.5975570138543844,28.0,1.0,5.0,57.0,3.0,3.0,65.0,65.0,5.0,65.0,10.0,-0.8149023056030273,1.5249154567718506,1.0,-1.5184346437454224,-1.1505051851272583,-30.741451454162597,2.4156722500920296,10.0,0.0,1.4470518287271261,29.0,1.0,6.0,58.0,4.0,4.0,66.0,66.0,6.0,66.0,0.0
10965,2.4156722500920296,10.0,0.0,1.4470518287271261,29.0,1.0,6.0,58.0,4.0,4.0,66.0,66.0,6.0,66.0,10.0,1.1860361099243164,0.24465109407901764,1.0,-1.4028165340423584,-1.3001536130905151,-34.04651094079018,3.601708360016346,10.0,0.0,0.14689821563661098,30.0,1.0,7.0,59.0,5.0,5.0,67.0,67.0,7.0,67.0,0.0
10966,3.601708360016346,10.0,0.0,0.14689821563661098,30.0,1.0,7.0,59.0,5.0,5.0,67.0,67.0,7.0,67.0,10.0,-0.6112066507339478,-1.2315479516983032,1.0,-1.9078378677368164,-1.4039809703826904,-32.5,2.9905017092823982,8.768452048301697,0.0,0.0,31.0,1.0,8.0,60.0,6.0,6.0,68.0,68.0,8.0,68.0,0.0
10967,2.9905017092823982,8.768452048301697,0.0,0.0,31.0,1.0,8.0,60.0,6.0,6.0,68.0,68.0,8.0,68.0,10.0,-1.1535767316818237,0.7952302098274231,1.0,-1.68321692943573,-0.9565441608428955,-33.4,1.8369249776005745,9.56368225812912,0.0,0.0,32.0,1.0,9.0,61.0,7.0,7.0,69.0,69.0,9.0,69.0,0.0
10968,1.8369249776005745,9.56368225812912,0.0,0.0,32.0,1.0,9.0,61.0,7.0,7.0,69.0,69.0,9.0,69.0,10.0,1.5893713235855103,1.5270591974258423,1.0,-1.9495173692703247,-1.5796908140182495,-45.20741455554962,3.4262963011860847,10.0,0.0,0.0,33.0,1.0,10.0,62.0,8.0,8.0,70.0,70.0,10.0,70.0,0.0
10969,3.4262963011860847,10.0,0.0,0.0,33.0,1.0,10.0,62.0,8.0,8.0,70.0,70.0,10.0,70.0,10.0,-0.19689738750457764,-1.3978779315948486,1.0,-1.5875145196914673,-1.0332187414169312,-35.2,3.229398913681507,8.602122068405151,0.0,0.0,34.0,1.0,11.0,63.0,9.0,9.0,71.0,71.0,11.0,71.0,0.0
10970,3.229398913681507,8.602122068405151,0.0,0.0,34.0,1.0,11.0,63.0,9.0,9.0,71.0,71.0,11.0,71.0,10.0,0.387406587600708,-1.5629448890686035,1.0,-1.3892571926116943,-0.12557286024093628,-36.1,3.616805501282215,7.039177179336548,0.0,0.0,35.0,1.0,12.0,64.0,10.0,10.0,72.0,72.0,12.0,72.0,0.0
10971,3.616805501282215,7.039177179336548,0.0,0.0,35.0,1.0,12.0,64.0,10.0,10.0,72.0,72.0,12.0,72.0,10.0,1.5489534139633179,-0.949839174747467,1.0,-1.451176643371582,-1.0016350746154785,-37.0,5.165758915245533,6.089338004589081,0.0,0.0,36.0,1.0,13.0,65.0,11.0,11.0,73.0,73.0,13.0,73.0,0.0
10972,5.165758915245533,6.089338004589081,0.0,0.0,36.0,1.0,13.0,65.0,11.0,11.0,73.0,73.0,13.0,73.0,10.0,1.362473964691162,0.5719425082206726,1.0,-1.876071572303772,0.8928629159927368,-37.9,6.528232879936695,6.661280512809753,0.0,0.8928629159927368,37.0,1.0,14.0,66.0,12.0,12.0,74.0,74.0,14.0,74.0,0.0
10973,6.528232879936695,6.661280512809753,0.0,0.8928629159927368,37.0,1.0,14.0,66.0,12.0,12.0,74.0,74.0,14.0,74.0,10.0,-1.348668098449707,-1.6436715126037598,1.0,-1.127416729927063,-1.4041364192962646,-38.8,5.179564781486988,5.017609000205994,0.0,0.0,38.0,1.0,15.0,67.0,13.0,13.0,75.0,75.0,15.0,75.0,0.0
10974,5.179564781486988,5.017609000205994,0.0,0.0,38.0,1.0,15.0,67.0,13.0,13.0,75.0,75.0,15.0,75.0,10.0,-0.16991420090198517,-0.46262556314468384,1.0,-0.31287580728530884,-1.508587121963501,-39.7,5.009650580585003,4.55498343706131,0.0,0.0,39.0,1.0,16.0,68.0,14.0,14.0,76.0,76.0,16.0,76.0,0.0
10975,5.009650580585003,4.55498343706131,0.0,0.0,39.0,1.0,16.0,68.0,14.0,14.0,76.0,76.0,16.0,76.0,10.0,0.737786054611206,0.3816857933998108,1.0,-0.29311537742614746,-1.7799757719039917,-40.6,5.747436635196209,4.936669230461121,0.0,0.0,40.0,1.0,17.0,69.0,15.0,15.0,77.0,77.0,17.0,77.0,0.0
10976,5.747436635196209,4.936669230461121,0.0,0.0,40.0,1.0,17.0,69.0,15.0,15.0,77.0,77.0,17.0,77.0,10.0,0.7601584792137146,-1.127284288406372,1.0,-0.4533432722091675,-0.23459593951702118,-41.5,6.5075951144099236,3.8093849420547485,0.0,0.0,41.0,1.0,18.0,70.0,16.0,16.0,78.0,78.0,18.0,78.0,0.0
10977,6.5075951144099236,3.8093849420547485,0.0,0.0,41.0,1.0,18.0,70.0,16.0,16.0,78.0,78.0,18.0,78.0,9.0,0.32937273383140564,1.0473045110702515,1.0,-1.359336495399475,-1.3405063152313232,-338.2047708055138,6.836967848241329,4.856689453125,0.0,0.0,42.0,1.0,19.0,71.0,17.0,17.0,79.0,79.0,19.0,1.0,0.0
10978,6.836967848241329,4.856689453125,0.0,0.0,42.0,1.0,19.0,71.0,17.0,17.0,79.0,79.0,19.0,1.0,5.0,-1.6863404512405396,1.8738408088684082,3.0,-1.9996182918548584,-1.698790192604065,-36.158019932316485,5.15062739700079,6.730530261993408,0.0,0.0,43.0,2.0,20.0,1.0,18.0,1.0,80.0,80.0,20.0,2.0,0.0
10979,5.15062739700079,6.730530261993408,0.0,0.0,43.0,2.0,20.0,1.0,18.0,1.0,80.0,80.0,20.0,2.0,4.0,-0.977249264717102,-1.1817271709442139,8.0,-1.8214116096496582,-1.606958031654358,-27.816977671944592,4.173378132283688,5.548803091049194,0.0,0.0,44.0,3.0,21.0,2.0,1.0,2.0,81.0,81.0,21.0,3.0,0.0
10980,4.173378132283688,5.548803091049194,0.0,0.0,44.0,3.0,21.0,2.0,1.0,2.0,81.0,81.0,21.0,3.0,5.0,1.1095178127288818,-0.4462042450904846,8.0,-1.8977986574172974,-1.90699303150177,-28.460844178690337,5.282895945012569,5.10259884595871,0.0,0.0,45.0,4.0,22.0,3.0,2.0,1.0,82.0,82.0,22.0,4.0,0.0
10981,5.282895945012569,5.10259884595871,0.0,0.0,45.0,4.0,22.0,3.0,2.0,1.0,82.0,82.0,22.0,4.0,4.0,1.4044506549835205,1.2295482158660889,8.0,-1.9751731157302856,-1.8338966369628906,-28.032428308144286,6.68734659999609,6.332147061824799,0.0,0.0,46.0,5.0,23.0,4.0,1.0,2.0,83.0,83.0,23.0,5.0,0.0
10982,6.68734659999609,6.332147061824799,0.0,0.0,46.0,5.0,23.0,4.0,1.0,2.0,83.0,83.0,23.0,5.0,4.0,0.3621494770050049,0.6193733215332031,8.0,-1.8256895542144775,-1.9800536632537842,-29.17676476665137,7.049496077001095,6.951520383358002,0.0,0.0,47.0,6.0,24.0,5.0,1.0,3.0,84.0,84.0,24.0,6.0,0.0
10983,7.049496077001095,6.951520383358002,0.0,0.0,47.0,6.0,24.0,5.0,1.0,3.0,84.0,84.0,24.0,6.0,4.0,1.3290750980377197,0.618567943572998,8.0,-1.9547028541564941,-1.9708929061889648,-30.59847240426459,8.378571175038815,7.570088326931,0.0,0.0,48.0,7.0,25.0,6.0,1.0,4.0,85.0,85.0,25.0,7.0,0.0
10984,8.378571175038815,7.570088326931,0.0,0.0,48.0,7.0,25.0,6.0,1.0,4.0,85.0,85.0,25.0,7.0,5.0,-0.8173701167106628,0.846179187297821,1.0,-1.8879724740982056,-1.8023686408996582,-32.0005952131572,7.561201058328152,8.41626751422882,0.0,0.0,49.0,1.0,26.0,7.0,2.0,1.0,86.0,86.0,26.0,8.0,0.0
10985,7.561201058328152,8.41626751422882,0.0,0.0,49.0,1.0,26.0,7.0,2.0,1.0,86.0,86.0,26.0,8.0,5.0,1.7681772708892822,0.9571658968925476,2.0,-1.9669181108474731,-1.9960181713104248,-33.32629217324567,9.329378329217434,9.373433411121368,0.0,0.0,50.0,2.0,27.0,8.0,3.0,1.0,87.0,87.0,27.0,9.0,0.0
10986,9.329378329217434,9.373433411121368,0.0,0.0,50.0,2.0,27.0,8.0,3.0,1.0,87.0,87.0,27.0,9.0,5.0,-1.0119620561599731,1.5347119569778442,1.0,-1.9666951894760132,-1.9386498928070068,-44.11662088768048,8.31741627305746,10.0,0.0,0.0,51.0,1.0,28.0,9.0,4.0,1.0,88.0,88.0,28.0,10.0,0.0
10987,8.31741627305746,10.0,0.0,0.0,51.0,1.0,28.0,9.0,4.0,1.0,88.0,88.0,28.0,10.0,4.0,1.0037496089935303,1.2699551582336426,8.0,-1.9782016277313232,-1.9710898399353027,-48.64363158367814,9.321165882050991,10.0,0.0,0.0,52.0,2.0,29.0,10.0,1.0,2.0,89.0,89.0,29.0,11.0,0.0
10988,9.321165882050991,10.0,0.0,0.0,52.0,2.0,29.0,10.0,1.0,2.0,89.0,89.0,29.0,11.0,5.0,1.5885412693023682,0.5355684757232666,2.0,-1.892393946647644,-1.9432014226913452,-47.135267860601516,10.0,10.0,0.0,0.0,53.0,3.0,30.0,11.0,2.0,1.0,90.0,90.0,30.0,12.0,0.0
10989,10.0,10.0,0.0,0.0,53.0,3.0,30.0,11.0,2.0,1.0,90.0,90.0,30.0,12.0,5.0,1.4124141931533813,-0.8151317834854126,8.0,-1.753495693206787,-1.9904861450195312,-50.44242583992088,10.0,9.184868216514587,0.0,0.0,54.0,4.0,31.0,12.0,3.0,1.0,91.0,91.0,31.0,13.0,0.0
10990,10.0,9.184868216514587,0.0,0.0,54.0,4.0,31.0,12.0,3.0,1.0,91.0,91.0,31.0,13.0,5.0,1.9905202388763428,0.4626753628253937,1.0,-1.9900054931640625,-1.9881675243377686,-57.75689989365239,10.0,9.647543579339981,0.0,0.0,55.0,1.0,32.0,13.0,4.0,1.0,92.0,92.0,32.0,14.0,0.0
10991,10.0,9.647543579339981,0.0,0.0,55.0,1.0,32.0,13.0,4.0,1.0,92.0,92.0,32.0,14.0,5.0,1.2560889720916748,0.7202602624893188,8.0,-1.7524020671844482,-1.9972156286239624,-51.967062236016965,10.0,10.0,0.0,0.0,56.0,2.0,33.0,14.0,5.0,1.0,93.0,93.0,33.0,15.0,0.0
10992,10.0,10.0,0.0,0.0,56.0,2.0,33.0,14.0,5.0,1.0,93.0,93.0,33.0,15.0,8.0,1.553088665008545,0.4480037987232208,1.0,-1.9385989904403687,-1.8376394510269165,-55.06788253177683,10.0,10.0,0.0,0.0,57.0,1.0,34.0,15.0,6.0,2.0,94.0,94.0,1.0,16.0,0.0
10993,10.0,10.0,0.0,0.0,57.0,1.0,34.0,15.0,6.0,2.0,94.0,94.0,1.0,16.0,10.0,0.5772927403450012,-0.9941319823265076,2.0,-1.9738153219223022,-1.841829538345337,-38.77292740345001,10.0,9.005868017673492,0.0,0.0,58.0,2.0,35.0,16.0,7.0,3.0,95.0,95.0,2.0,17.0,0.0
10994,10.0,9.005868017673492,0.0,0.0,58.0,2.0,35.0,16.0,7.0,3.0,95.0,95.0,2.0,17.0,10.0,1.8944827318191528,1.3191139698028564,1.0,-1.5740302801132202,-1.7927409410476685,-53.221545498073354,10.0,10.0,0.0,0.0,59.0,1.0,36.0,17.0,8.0,4.0,96.0,96.0,3.0,18.0,0.0
10995,10.0,10.0,0.0,0.0,59.0,1.0,36.0,17.0,8.0,4.0,96.0,96.0,3.0,18.0,10.0,1.8448206186294556,-1.437522053718567,1.0,-1.9673094749450684,-1.9738661050796509,-53.24820618629455,10.0,8.562477946281433,0.0,0.0,60.0,1.0,37.0,18.0,9.0,5.0,97.0,97.0,4.0,19.0,0.0
10996,10.0,8.562477946281433,0.0,0.0,60.0,1.0,37.0,18.0,9.0,5.0,97.0,97.0,4.0,19.0,5.0,1.8599532842636108,-1.6381256580352783,1.0,-1.6424139738082886,-1.9733418226242065,-54.877268260674235,10.0,6.924352288246155,0.0,0.0,61.0,1.0,38.0,19.0,10.0,1.0,98.0,98.0,5.0,20.0,0.0
10997,10.0,6.924352288246155,0.0,0.0,61.0,1.0,38.0,19.0,10.0,1.0,98.0,98.0,5.0,20.0,9.0,1.053333044052124,0.830352783203125,1.0,-1.7670985460281372,-1.9848525524139404,-59.011199589573394,10.0,7.75470507144928,0.0,0.0,62.0,1.0,39.0,20.0,11.0,2.0,99.0,99.0,6.0,21.0,0.0
10998,10.0,7.75470507144928,0.0,0.0,62.0,1.0,39.0,20.0,11.0,2.0,99.0,99.0,6.0,21.0,5.0,1.9507216215133667,0.7386544942855835,1.0,-1.9702210426330566,-1.9858741760253906,-58.70251817873791,10.0,8.493359565734863,0.0,0.0,63.0,1.0,40.0,21.0,12.0,1.0,100.0,100.0,7.0,22.0,0.0
10999,10.0,8.493359565734863,0.0,0.0,63.0,1.0,40.0,21.0,12.0,1.0,100.0,100.0,7.0,22.0,5.0,1.9510444402694702,-1.467275619506836,1.0,-1.9113470315933228,-1.4352388381958008,-58.050471907054956,10.0,7.026083946228027,0.0,0.0,64.0,1.0,41.0,22.0,13.0,1.0,100.0,100.0,8.0,23.0,1.0
11000,2.7729504108428955,3.4876298904418945,2.8395087718963623,0.85952228307724,1.0,1.0,1.0,1.0,1.0,1.0,1.0,1.0,1.0,1.0,2.0,-1.8169219493865967,-0.2204235941171646,0.0,-0.9719059467315674,-1.9459781646728516,-8.978752234428955,0.9560284614562988,3.26720629632473,1.867602825164795,0.0,1.0,2.0,1.0,2.0,2.0,2.0,2.0,2.0,2.0,2.0,0.0
11001,0.9560284614562988,3.26720629632473,1.867602825164795,0.0,1.0,2.0,1.0,2.0,2.0,2.0,2.0,2.0,2.0,2.0,8.0,-1.0068612098693848,-1.5664713382720947,4.0,-1.329606056213379,1.249376893043518,-10.956206113277538,0.0,1.7007349580526352,0.537996768951416,1.249376893043518,2.0,3.0,2.0,3.0,1.0,3.0,3.0,3.0,1.0,3.0,0.0
11002,0.0,1.7007349580526352,0.537996768951416,1.249376893043518,2.0,3.0,2.0,3.0,1.0,3.0,3.0,3.0,1.0,3.0,9.0,0.26180940866470337,0.18202334642410278,1.0,-1.7474735975265503,-1.7338836193084717,-4.224947550050419,0.26180940866470337,1.882758304476738,0.0,0.0,3.0,1.0,3.0,4.0,2.0,4.0,4.0,4.0,2.0,1.0,0.0
11003,0.26180940866470337,1.882758304476738,0.0,0.0,3.0,1.0,3.0,4.0,2.0,4.0,4.0,4.0,2.0,1.0,8.0,1.7864084243774414,-0.5064170360565186,1.0,-1.8361620903015137,-1.1478745937347412,-10.157840732656739,2.0482178330421448,1.3763412684202194,0.0,0.0,4.0,1.0,4.0,5.0,3.0,5.0,5.0,5.0,1.0,2.0,0.0
11004,2.0482178330421448,1.3763412684202194,0.0,0.0,4.0,1.0,4.0,5.0,3.0,5.0,5.0,5.0,1.0,2.0,8.0,0.572721004486084,-1.8085993528366089,8.0,-1.199602484703064,-0.8350121378898621,-17.891111346088785,2.6209388375282288,0.0,0.0,0.0,5.0,2.0,5.0,6.0,4.0,6.0,6.0,6.0,1.0,3.0,0.0
11005,2.6209388375282288,0.0,0.0,0.0,5.0,2.0,5.0,6.0,4.0,6.0,6.0,6.0,1.0,3.0,4.0,0.5487497448921204,-0.5248945951461792,4.0,-0.5895018577575684,-1.4212428331375122,-17.185443482311,3.169688582420349,0.0,0.0,0.0,6.0,3.0,6.0,7.0,1.0,7.0,7.0,7.0,2.0,4.0,0.0
11006,3.169688582420349,0.0,0.0,0.0,6.0,3.0,6.0,7.0,1.0,7.0,7.0,7.0,2.0,4.0,5.0,-1.50045645236969,1.495151162147522,1.0,-1.3634600639343262,-1.6856780052185059,-14.59122003574586,1.6692321300506592,1.495151162147522,0.0,0.0,7.0,1.0,7.0,8.0,2.0,1.0,8.0,8.0,3.0,5.0,0.0
11007,1.6692321300506592,1.495151162147522,0.0,0.0,7.0,1.0,7.0,8.0,2.0,1.0,8.0,8.0,3.0,5.0,0.0,-1.5834294557571411,0.21378451585769653,0.0,-1.434147596359253,0.0025454149581491947,-6.778111026458238,0.08580267429351807,1.7089356780052185,0.0,0.0025454149581491947,1.0,2.0,8.0,9.0,3.0,2.0,9.0,9.0,4.0,6.0,0.0
11008,0.08580267429351807,1.7089356780052185,0.0,0.0025454149581491947,1.0,2.0,8.0,9.0,3.0,2.0,9.0,9.0,4.0,6.0,0.0,-0.061087943613529205,1.8894578218460083,0.0,-1.6330510377883911,-1.5322070121765137,-8.409614545677833,0.02471473067998886,3.598393499851227,0.0,0.0,1.0,3.0,9.0,10.0,4.0,3.0,10.0,10.0,5.0,7.0,0.0
11009,0.02471473067998886,3.598393499851227,0.0,0.0,1.0,3.0,9.0,10.0,4.0,3.0,10.0,10.0,5.0,7.0,8.0,-0.9203274250030518,0.9164730310440063,4.0,0.16086040437221527,-1.5656641721725464,-19.672335326627895,0.0,4.514866530895233,0.16086040437221527,0.0,2.0,4.0,10.0,11.0,5.0,4.0,11.0,11.0,1.0,8.0,0.0
11010,0.0,4.514866530895233,0.16086040437221527,0.0,2.0,4.0,10.0,11.0,5.0,4.0,11.0,11.0,1.0,8.0,10.0,-1.1576014757156372,1.8605930805206299,0.0,-1.656807541847229,-0.20212753117084503,-19.27601475715637,0.0,6.375459611415863,0.0,0.0,1.0,5.0,11.0,12.0,6.0,5.0,12.0,12.0,2.0,9.0,0.0
11011,0.0,6.375459611415863,0.0,0.0,1.0,5.0,11.0,12.0,6.0,5.0,12.0,12.0,2.0,9.0,10.0,0.27964940667152405,0.3821175694465637,10.0,-1.680046558380127,0.49837949872016907,-8.5,0.27964940667152405,6.757577180862427,0.0,0.49837949872016907,2.0,6.0,12.0,13.0,7.0,6.0,13.0,13.0,3.0,10.0,0.0
11012,0.27964940667152405,6.757577180862427,0.0,0.49837949872016907,2.0,6.0,12.0,13.0,7.0,6.0,13.0,13.0,3.0,10.0,5.0,-0.22558078169822693,0.44189509749412537,1.0,0.500654399394989,-1.231652021408081,-21.461572439712512,0.05406862497329712,7.199472278356552,0.500654399394989,0.0,3.0,1.0,13.0,14.0,8.0,7.0,14.0,14.0,4.0,11.0,0.0
11013,0.05406862497329712,7.199472278356552,0.500654399394989,0.0,3.0,1.0,13.0,14.0,8.0,7.0,14.0,14.0,4.0,11.0,0.0,1.3654205799102783,1.4762320518493652,1.0,-1.950378656387329,0.5483593344688416,-18.123255786242403,1.4194892048835754,8.675704330205917,0.0,0.5483593344688416,1.0,1.0,14.0,15.0,9.0,8.0,15.0,15.0,5.0,12.0,0.0
11014,1.4194892048835754,8.675704330205917,0.0,0.5483593344688416,1.0,1.0,14.0,15.0,9.0,8.0,15.0,15.0,5.0,12.0,8.0,-1.064644455909729,0.7948042750358582,2.0,-1.464769959449768,0.7903537154197693,-12.816359449949392,0.35484474897384644,9.470508605241776,0.0,1.3387130498886108,2.0,2.0,15.0,16.0,10.0,9.0,16.0,16.0,1.0,13.0,0.0
11015,0.35484474897384644,9.470508605241776,0.0,1.3387130498886108,2.0,2.0,15.0,16.0,10.0,9.0,16.0,16.0,1.0,13.0,8.0,-1.4750803709030151,-0.8167482018470764,4.0,-1.4338001012802124,-1.081788182258606,-24.94368649490012,0.0,8.653760403394699,0.0,0.2569248676300049,3.0,3.0,16.0,17.0,11.0,10.0,17.0,17.0,1.0,14.0,0.0
11016,0.0,8.653760403394699,0.0,0.2569248676300049,3.0,3.0,16.0,17.0,11.0,10.0,17.0,17.0,1.0,14.0,8.0,-1.5524661540985107,0.9411031603813171,4.0,-1.6674169301986694,-0.7953685522079468,-30.639871810364742,0.0,9.594863563776016,0.0,0.0,4.0,4.0,17.0,18.0,12.0,11.0,18.0,18.0,1.0,15.0,0.0
11017,0.0,9.594863563776016,0.0,0.0,4.0,4.0,17.0,18.0,12.0,11.0,18.0,18.0,1.0,15.0,8.0,0.5111678838729858,1.6916851997375488,0.0,-1.3131746053695679,0.5163890719413757,-28.57588981298614,0.5111678838729858,10.0,0.0,0.5163890719413757,1.0,5.0,18.0,19.0,13.0,12.0,19.0,19.0,1.0,16.0,0.0
11018,0.5111678838729858,10.0,0.0,0.5163890719413757,1.0,5.0,18.0,19.0,13.0,12.0,19.0,19.0,1.0,16.0,8.0,-1.0633823871612549,1.6449718475341797,3.0,-1.9510018825531006,0.0565963052213192,-34.15561801708082,0.0,10.0,0.0,0.5729853771626949,2.0,6.0,19.0,1.0,14.0,13.0,20.0,20.0,1.0,17.0,0.0
11019,0.0,10.0,0.0,0.5729853771626949,2.0,6.0,19.0,1.0,14.0,13.0,20.0,20.0,1.0,17.0,8.0,1.6265473365783691,-0.43587031960487366,2.0,1.788132667541504,-1.7091718912124634,-13.888555876863654,1.6265473365783691,9.564129680395126,1.788132667541504,0.0,3.0,7.0,20.0,2.0,15.0,14.0,21.0,21.0,1.0,18.0,0.0
11020,1.6265473365783691,9.564129680395126,1.788132667541504,0.0,3.0,7.0,20.0,2.0,15.0,14.0,21.0,21.0,1.0,18.0,8.0,1.8099830150604248,-0.6759613156318665,0.0,1.1534167528152466,-1.9327157735824585,-13.60289896530084,3.436530351638794,8.88816836476326,2.9415494203567505,0.0,1.0,8.0,21.0,3.0,16.0,15.0,22.0,22.0,1.0,19.0,0.0
11021,3.436530351638794,8.88816836476326,2.9415494203567505,0.0,1.0,8.0,21.0,3.0,16.0,15.0,22.0,22.0,1.0,19.0,8.0,0.11488484591245651,1.2571245431900024,0.0,1.6418501138687134,-1.5212475061416626,-16.30786946990576,3.5514151975512505,10.0,4.583399534225464,0.0,1.0,9.0,22.0,4.0,17.0,16.0,23.0,23.0,1.0,20.0,0.0
11022,3.5514151975512505,10.0,4.583399534225464,0.0,1.0,9.0,22.0,4.0,17.0,16.0,23.0,23.0,1.0,20.0,0.0,1.9371538162231445,1.443328619003296,0.0,1.9926410913467407,-0.8408006429672241,-41.346947429162256,5.488569013774395,10.0,6.576040625572205,0.0,1.0,10.0,23.0,5.0,18.0,17.0,24.0,24.0,2.0,21.0,0.0
11023,5.488569013774395,10.0,6.576040625572205,0.0,1.0,10.0,23.0,5.0,18.0,17.0,24.0,24.0,2.0,21.0,8.0,-0.19705505669116974,1.488193154335022,0.0,1.8448169231414795,-1.6304429769515991,-31.56422283005804,5.291513957083225,10.0,8.420857548713684,0.0,1.0,11.0,24.0,6.0,19.0,18.0,25.0,25.0,1.0,22.0,0.0
11024,5.291513957083225,10.0,8.420857548713684,0.0,1.0,11.0,24.0,6.0,19.0,18.0,25.0,25.0,1.0,22.0,8.0,0.0037149148993194103,0.01084817759692669,0.0,0.8912698030471802,-1.3766124248504639,-17.59226253974593,5.295228871982545,10.0,9.312127351760864,0.0,1.0,12.0,25.0,7.0,20.0,19.0,26.0,26.0,1.0,23.0,0.0
11025,5.295228871982545,10.0,9.312127351760864,0.0,1.0,12.0,25.0,7.0,20.0,19.0,26.0,26.0,1.0,23.0,8.0,1.9130834341049194,-0.5917097330093384,0.0,1.4475407600402832,-0.6980027556419373,-19.214900137454947,7.208312306087464,9.408290266990662,10.0,0.0,1.0,13.0,26.0,8.0,21.0,20.0,27.0,27.0,1.0,24.0,0.0
11026,7.208312306087464,9.408290266990662,10.0,0.0,1.0,13.0,26.0,8.0,21.0,20.0,27.0,27.0,1.0,24.0,10.0,-1.3666733503341675,1.9129642248153687,0.0,1.257853388786316,0.3042981028556824,-31.012544918060303,5.841638955753297,10.0,10.0,0.3042981028556824,1.0,14.0,27.0,9.0,22.0,21.0,28.0,28.0,2.0,25.0,0.0
11027,5.841638955753297,10.0,10.0,0.3042981028556824,1.0,14.0,27.0,9.0,22.0,21.0,28.0,28.0,2.0,25.0,8.0,-0.7367920279502869,-0.10722526907920837,0.0,1.9154199361801147,-1.6998467445373535,-19.731638935255365,5.10484692780301,9.892774730920792,10.0,0.0,1.0,15.0,28.0,10.0,23.0,22.0,29.0,29.0,1.0,26.0,0.0
11028,5.10484692780301,9.892774730920792,10.0,0.0,1.0,15.0,28.0,10.0,23.0,22.0,29.0,29.0,1.0,26.0,8.0,1.7947111129760742,1.7530452013015747,0.0,1.6277010440826416,-1.3900487422943115,-38.18510203115989,6.899558040779084,10.0,10.0,0.0,1.0,16.0,29.0,11.0,24.0,23.0,30.0,30.0,1.0,27.0,0.0
11029,6.899558040779084,10.0,10.0,0.0,1.0,16.0,29.0,11.0,24.0,23.0,30.0,30.0,1.0,27.0,8.0,-1.1519581079483032,0.8294275403022766,0.0,1.1323879957199097,-0.5968138575553894,-29.99141175943344,5.747599932830781,10.0,10.0,0.0,1.0,17.0,30.0,12.0,25.0,24.0,31.0,31.0,1.0,28.0,0.0
11030,5.747599932830781,10.0,10.0,0.0,1.0,17.0,30.0,12.0,25.0,24.0,31.0,31.0,1.0,28.0,8.0,0.7273038029670715,1.632949709892273,0.0,1.2002094984054565,0.36348310112953186,-39.302645116649984,6.474903735797852,10.0,10.0,0.36348310112953186,1.0,18.0,31.0,13.0,26.0,25.0,32.0,32.0,1.0,29.0,0.0
11031,6.474903735797852,10.0,10.0,0.36348310112953186,1.0,18.0,31.0,13.0,26.0,25.0,32.0,32.0,1.0,29.0,10.0,-0.06460528075695038,0.6522986888885498,0.0,1.8023786544799805,-0.38165464997291565,-28.3229868888855,6.410298455040902,10.0,10.0,0.0,1.0,19.0,32.0,14.0,27.0,26.0,33.0,33.0,2.0,30.0,0.0
11032,6.410298455040902,10.0,10.0,0.0,1.0,19.0,32.0,14.0,27.0,26.0,33.0,33.0,2.0,30.0,8.0,1.9240608215332031,1.7686271667480469,4.0,1.7903573513031006,-1.295788288116455,-44.221955569936185,8.334359276574105,10.0,10.0,0.0,2.0,20.0,33.0,15.0,1.0,27.0,34.0,34.0,1.0,31.0,0.0
11033,8.334359276574105,10.0,10.0,0.0,2.0,20.0,33.0,15.0,1.0,27.0,34.0,34.0,1.0,31.0,5.0,-1.6191486120224,0.8325124979019165,1.0,1.6435309648513794,-1.5447114706039429,-30.948873289668313,6.715210664551705,10.0,10.0,0.0,3.0,1.0,34.0,16.0,2.0,1.0,35.0,35.0,2.0,32.0,0.0
11034,6.715210664551705,10.0,10.0,0.0,3.0,1.0,34.0,16.0,2.0,1.0,35.0,35.0,2.0,32.0,0.0,-1.9486901760101318,1.9318244457244873,0.0,-1.9050785303115845,-1.7377841472625732,-48.25568662589263,4.766520488541573,10.0,8.094921469688416,0.0,1.0,2.0,35.0,17.0,3.0,2.0,36.0,36.0,3.0,33.0,0.0
11035,4.766520488541573,10.0,8.094921469688416,0.0,1.0,2.0,35.0,17.0,3.0,2.0,36.0,36.0,3.0,33.0,0.0,-1.903045892715454,-0.4173855483531952,0.0,-0.8290370106697083,0.6095295548439026,-28.083830811792964,2.863474595826119,9.582614451646805,7.265884459018707,0.6095295548439026,1.0,3.0,36.0,18.0,4.0,3.0,37.0,37.0,4.0,34.0,0.0
11036,2.863474595826119,9.582614451646805,7.265884459018707,0.6095295548439026,1.0,3.0,36.0,18.0,4.0,3.0,37.0,37.0,4.0,34.0,0.0,-1.6264203786849976,1.5561100244522095,4.0,-1.8668994903564453,-1.3119046688079834,-41.922731325151624,1.2370542171411216,10.0,5.398984968662262,0.0,2.0,4.0,37.0,19.0,1.0,4.0,38.0,38.0,5.0,35.0,0.0
11037,1.2370542171411216,10.0,5.398984968662262,0.0,2.0,4.0,37.0,19.0,1.0,4.0,38.0,38.0,5.0,35.0,10.0,-1.6854406595230103,-0.9336129426956177,4.0,-1.4443286657333374,0.7974173426628113,-23.783864423818887,0.0,9.066387057304382,3.9546563029289246,0.7974173426628113,3.0,5.0,38.0,20.0,1.0,5.0,39.0,39.0,6.0,36.0,0.0
11038,0.0,9.066387057304382,3.9546563029289246,0.7974173426628113,3.0,5.0,38.0,20.0,1.0,5.0,39.0,39.0,6.0,36.0,0.0,-0.9923957586288452,1.6287826299667358,6.0,-0.45287811756134033,-1.9218355417251587,-45.065309890683274,0.0,10.0,3.5017781853675842,0.0,4.0,6.0,39.0,21.0,2.0,6.0,1.0,40.0,7.0,37.0,0.0
11039,0.0,10.0,3.5017781853675842,0.0,4.0,6.0,39.0,21.0,2.0,6.0,1.0,40.0,7.0,37.0,0.0,-0.9284254908561707,1.6232264041900635,4.0,-1.981147289276123,-1.7713226079940796,-48.74858382635077,0.0,10.0,1.5206308960914612,0.0,5.0,7.0,40.0,22.0,1.0,7.0,2.0,41.0,8.0,38.0,0.0
11040,0.0,10.0,1.5206308960914612,0.0,5.0,7.0,40.0,22.0,1.0,7.0,2.0,41.0,8.0,38.0,0.0,-0.5462952852249146,1.9253895282745361,4.0,-1.9918755292892456,-1.2711188793182373,-50.86265360286622,0.0,10.0,0.0,0.0,6.0,8.0,41.0,23.0,2.0,8.0,3.0,42.0,9.0,39.0,0.0
11041,0.0,10.0,0.0,0.0,6.0,8.0,41.0,23.0,2.0,8.0,3.0,42.0,9.0,39.0,0.0,-0.746939480304718,1.9208202362060547,4.0,-1.9211368560791016,-1.9196569919586182,-52.458138557297296,0.0,10.0,0.0,0.0,7.0,9.0,42.0,24.0,3.0,9.0,4.0,43.0,10.0,40.0,0.0
11042,0.0,10.0,0.0,0.0,7.0,9.0,42.0,24.0,3.0,9.0,4.0,43.0,10.0,40.0,0.0,-0.2527390122413635,1.5822556018829346,4.0,-1.9673012495040894,-1.3077079057693481,-48.871888887242626,0.0,10.0,0.0,0.0,8.0,10.0,43.0,25.0,4.0,10.0,5.0,44.0,11.0,41.0,0.0
11043,0.0,10.0,0.0,0.0,8.0,10.0,43.0,25.0,4.0,10.0,5.0,44.0,11.0,41.0,0.0,0.11459392309188843,1.6983535289764404,4.0,-1.9628227949142456,-1.9361165761947632,-50.72774836520644,0.11459392309188843,10.0,0.0,0.0,9.0,11.0,44.0,26.0,5.0,11.0,6.0,45.0,12.0,42.0,0.0
11044,0.11459392309188843,10.0,0.0,0.0,9.0,11.0,44.0,26.0,5.0,11.0,6.0,45.0,12.0,42.0,0.0,-0.00019353628158569336,1.9538301229476929,4.0,-1.9649767875671387,-1.6667957305908203,-54.28268742426121,0.11440038681030273,10.0,0.0,0.0,10.0,12.0,45.0,27.0,6.0,12.0,7.0,46.0,13.0,43.0,0.0
11045,0.11440038681030273,10.0,0.0,0.0,10.0,12.0,45.0,27.0,6.0,12.0,7.0,46.0,13.0,43.0,0.0,1.3921914100646973,1.856407642364502,4.0,-1.9936580657958984,-1.7573405504226685,-53.36351797312498,1.506591796875,10.0,0.0,0.0,11.0,13.0,46.0,28.0,7.0,13.0,8.0,47.0,14.0,44.0,0.0
11046,1.506591796875,10.0,0.0,0.0,11.0,13.0,46.0,28.0,7.0,13.0,8.0,47.0,14.0,44.0,0.0,1.7370339632034302,1.6602755784988403,4.0,-1.8642853498458862,-1.9450727701187134,-52.06570557918934,3.24362576007843,10.0,0.0,0.0,12.0,14.0,47.0,29.0,8.0,14.0,9.0,48.0,15.0,45.0,0.0
11047,3.24362576007843,10.0,0.0,0.0,12.0,14.0,47.0,29.0,8.0,14.0,9.0,48.0,15.0,45.0,0.0,0.294119656085968,1.799232840538025,0.0,-1.9831939935684204,-1.177122712135315,-54.49089977593415,3.537745416164398,10.0,0.0,0.0,1.0,15.0,48.0,30.0,9.0,15.0,10.0,49.0,16.0,46.0,0.0
11048,3.537745416164398,10.0,0.0,0.0,1.0,15.0,48.0,30.0,9.0,15.0,10.0,49.0,16.0,46.0,0.0,-0.7404115796089172,1.9184436798095703,4.0,-1.885357141494751,-1.1079132556915283,-55.44455320203552,2.797333836555481,10.0,0.0,0.0,2.0,16.0,49.0,31.0,10.0,16.0,11.0,50.0,17.0,47.0,0.0
11049,2.797333836555481,10.0,0.0,0.0,2.0,16.0,49.0,31.0,10.0,16.0,11.0,50.0,17.0,47.0,0.0,1.1682649850845337,1.9775782823562622,4.0,-1.9945822954177856,-1.4908370971679688,-57.17405189163727,3.9655988216400146,10.0,0.0,0.0,3.0,17.0,50.0,32.0,11.0,17.0,12.0,51.0,18.0,48.0,0.0
11050,3.9655988216400146,10.0,0.0,0.0,3.0,17.0,50.0,32.0,11.0,17.0,12.0,51.0,18.0,48.0,0.0,1.136399745941162,1.9576301574707031,4.0,-1.880225658416748,-1.8652920722961426,-58.51490326131459,5.101998567581177,10.0,0.0,0.0,4.0,18.0,51.0,33.0,12.0,18.0,13.0,52.0,19.0,49.0,0.0
11051,5.101998567581177,10.0,0.0,0.0,4.0,18.0,51.0,33.0,12.0,18.0,13.0,52.0,19.0,49.0,0.0,1.24543297290802,1.8729841709136963,4.0,-1.9411481618881226,-0.5379796624183655,-59.72041288646755,6.347431540489197,10.0,0.0,0.0,5.0,19.0,52.0,34.0,13.0,19.0,14.0,53.0,20.0,50.0,0.0
11052,6.347431540489197,10.0,0.0,0.0,5.0,19.0,52.0,34.0,13.0,19.0,14.0,53.0,20.0,50.0,0.0,-1.5617517232894897,1.7679247856140137,4.0,-1.857049584388733,-0.6754992604255676,-58.42723897962106,4.785679817199707,10.0,0.0,0.0,6.0,20.0,53.0,35.0,14.0,20.0,15.0,54.0,21.0,51.0,0.0
11053,4.785679817199707,10.0,0.0,0.0,6.0,20.0,53.0,35.0,14.0,20.0,15.0,54.0,21.0,51.0,0.0,0.5715311169624329,1.4365243911743164,4.0,-1.9946902990341187,-1.6424729824066162,-56.48024263690386,5.35721093416214,10.0,0.0,0.0,7.0,21.0,54.0,36.0,15.0,21.0,16.0,55.0,22.0,52.0,0.0
11054,5.35721093416214,10.0,0.0,0.0,7.0,21.0,54.0,36.0,15.0,21.0,16.0,55.0,22.0,52.0,0.0,-1.1798710823059082,1.9720481634140015,4.0,-1.8968775272369385,-0.90205979347229,-62.189081648789184,4.177339851856232,10.0,0.0,0.0,8.0,22.0,55.0,37.0,16.0,22.0,17.0,56.0,23.0,53.0,0.0
11055,4.177339851856232,10.0,0.0,0.0,8.0,22.0,55.0,37.0,16.0,22.0,17.0,56.0,23.0,53.0,0.0,0.6227838397026062,1.7138158082962036,4.0,-1.9280544519424438,-1.7306325435638428,-60.89417710522331,4.800123691558838,10.0,0.0,0.0,9.0,23.0,56.0,38.0,17.0,23.0,18.0,57.0,24.0,54.0,0.0
11056,4.800123691558838,10.0,0.0,0.0,9.0,23.0,56.0,38.0,17.0,23.0,18.0,57.0,24.0,54.0,0.0,1.157905101776123,1.6880266666412354,4.0,-1.5566281080245972,-1.7064628601074219,-62.490256489453145,5.958028793334961,10.0,0.0,0.0,10.0,24.0,57.0,39.0,18.0,24.0,19.0,58.0,25.0,55.0,0.0
11057,5.958028793334961,10.0,0.0,0.0,10.0,24.0,57.0,39.0,18.0,24.0,19.0,58.0,25.0,55.0,0.0,1.3203452825546265,1.966374158859253,4.0,-1.9792171716690063,-1.808448314666748,-67.75468672224537,7.278374075889587,10.0,0.0,0.0,11.0,25.0,58.0,40.0,19.0,25.0,20.0,59.0,26.0,56.0,0.0
11058,7.278374075889587,10.0,0.0,0.0,11.0,25.0,58.0,40.0,19.0,25.0,20.0,59.0,26.0,56.0,0.0,1.6528549194335938,1.8365353345870972,4.0,-1.989058494567871,-1.8348519802093506,-70.07192234209015,8.931228995323181,10.0,0.0,0.0,12.0,26.0,59.0,41.0,20.0,26.0,21.0,60.0,27.0,57.0,0.0
11059,8.931228995323181,10.0,0.0,0.0,12.0,26.0,59.0,41.0,20.0,26.0,21.0,60.0,27.0,57.0,0.0,-0.4374924898147583,1.956726312637329,4.0,-1.9879848957061768,-0.19694149494171143,-71.49908994912646,8.493736505508423,10.0,0.0,0.0,13.0,27.0,60.0,42.0,21.0,27.0,22.0,61.0,28.0,58.0,0.0
11060,8.493736505508423,10.0,0.0,0.0,13.0,27.0,60.0,42.0,21.0,27.0,22.0,61.0,28.0,58.0,0.0,-0.40479061007499695,1.9116071462631226,4.0,-1.9909236431121826,-1.1355609893798828,-71.38391386326177,8.088945895433426,10.0,0.0,0.0,14.0,28.0,61.0,43.0,22.0,28.0,23.0,62.0,29.0,59.0,0.0
11061,8.088945895433426,10.0,0.0,0.0,14.0,28.0,61.0,43.0,22.0,28.0,23.0,62.0,29.0,59.0,0.0,-0.2700904607772827,1.9488334655761719,4.0,-1.9348340034484863,-0.010134371928870678,-72.34139664927955,7.818855434656143,10.0,0.0,0.0,15.0,29.0,62.0,44.0,23.0,29.0,24.0,63.0,30.0,60.0,0.0
11062,7.818855434656143,10.0,0.0,0.0,15.0,29.0,62.0,44.0,23.0,29.0,24.0,63.0,30.0,60.0,0.0,1.1004772186279297,1.6305782794952393,4.0,-1.975467324256897,0.2840622663497925,-71.99050014928882,8.919332653284073,10.0,0.0,0.2840622663497925,16.0,30.0,63.0,45.0,24.0,30.0,25.0,64.0,31.0,61.0,0.0
11063,8.919332653284073,10.0,0.0,0.2840622663497925,16.0,30.0,63.0,45.0,24.0,30.0,25.0,64.0,31.0,61.0,0.0,-1.4100205898284912,1.8769855499267578,0.0,-1.9935919046401978,-1.567955493927002,-73.17535926853961,7.509312063455582,10.0,0.0,0.0,1.0,31.0,64.0,46.0,25.0,31.0,26.0,65.0,32.0,62.0,0.0
11064,7.509312063455582,10.0,0.0,0.0,1.0,31.0,64.0,46.0,25.0,31.0,26.0,65.0,32.0,62.0,0.0,-1.0633931159973145,1.9687328338623047,4.0,-1.9023648500442505,-1.564956784248352,-72.18160373445309,6.445918947458267,10.0,0.0,0.0,2.0,32.0,65.0,47.0,26.0,32.0,27.0,66.0,33.0,63.0,0.0
11065,6.445918947458267,10.0,0.0,0.0,2.0,32.0,65.0,47.0,26.0,32.0,27.0,66.0,33.0,63.0,0.0,-0.862163782119751,1.8607332706451416,4.0,-1.9672709703445435,-0.22575931251049042,-71.29583027338549,5.583755165338516,10.0,0.0,0.0,3.0,33.0,66.0,48.0,27.0,33.0,28.0,67.0,34.0,64.0,0.0
11066,5.583755165338516,10.0,0.0,0.0,3.0,33.0,66.0,48.0,27.0,33.0,28.0,67.0,34.0,64.0,0.0,-1.4009552001953125,1.9753872156143188,0.0,-1.8764663934707642,-1.6628986597061157,-72.62446959856231,4.182799965143204,10.0,0.0,0.0,1.0,34.0,67.0,49.0,28.0,34.0,29.0,68.0,35.0,65.0,0.0
11067,4.182799965143204,10.0,0.0,0.0,1.0,34.0,67.0,49.0,28.0,34.0,29.0,68.0,35.0,65.0,0.0,-0.9524919986724854,1.86215078830719,4.0,-1.721304178237915,-1.0805095434188843,-71.98347935578198,3.2303079664707184,10.0,0.0,0.0,2.0,35.0,68.0,50.0,29.0,35.0,30.0,69.0,36.0,66.0,0.0
11068,3.2303079664707184,10.0,0.0,0.0,2.0,35.0,68.0,50.0,29.0,35.0,30.0,69.0,36.0,66.0,0.0,-0.8939997553825378,1.8976203203201294,4.0,-1.9907959699630737,-1.7688478231430054,-73.39822865575499,2.3363082110881805,10.0,0.0,0.0,3.0,36.0,69.0,51.0,30.0,36.0,31.0,70.0,37.0,67.0,0.0
11069,2.3363082110881805,10.0,0.0,0.0,3.0,36.0,69.0,51.0,30.0,36.0,31.0,70.0,37.0,67.0,0.0,-0.12154380977153778,1.276639699935913,4.0,-1.9996716976165771,-1.1012942790985107,-68.21571921590227,2.2147644013166428,10.0,0.0,0.0,4.0,37.0,70.0,52.0,31.0,37.0,32.0,71.0,38.0,68.0,0.0
11070,2.2147644013166428,10.0,0.0,0.0,4.0,37.0,70.0,52.0,31.0,37.0,32.0,71.0,38.0,68.0,0.0,-1.2667877674102783,1.4166184663772583,4.0,-1.9943511486053467,-1.757082462310791,-71.1726086474967,0.9479766339063644,10.0,0.0,0.0,5.0,38.0,71.0,53.0,32.0,38.0,33.0,72.0,39.0,69.0,0.0
11071,0.9479766339063644,10.0,0.0,0.0,5.0,38.0,71.0,53.0,32.0,38.0,33.0,72.0,39.0,69.0,0.0,1.1854900121688843,1.7745716571807861,4.0,-1.9823449850082397,-1.4634380340576172,-75.2158529800948,2.1334666460752487,10.0,0.0,0.0,6.0,39.0,72.0,54.0,33.0,39.0,34.0,73.0,40.0,70.0,0.0
11072,2.1334666460752487,10.0,0.0,0.0,6.0,39.0,72.0,54.0,33.0,39.0,34.0,73.0,40.0,70.0,0.0,-1.4155158996582031,1.7031211853027344,4.0,-1.9943732023239136,-1.762677788734436,-76.19216291637301,0.7179507464170456,10.0,0.0,0.0,7.0,40.0,73.0,55.0,34.0,40.0,35.0,74.0,41.0,71.0,0.0
11073,0.7179507464170456,10.0,0.0,0.0,7.0,40.0,73.0,55.0,34.0,40.0,35.0,74.0,41.0,71.0,0.0,1.9082223176956177,1.523586392402649,4.0,-1.9954441785812378,-1.418370246887207,-74.6112746436157,2.6261730641126633,10.0,0.0,0.0,8.0,41.0,74.0,56.0,35.0,41.0,36.0,75.0,42.0,72.0,0.0
11074,2.6261730641126633,10.0,0.0,0.0,8.0,41.0,74.0,56.0,35.0,41.0,36.0,75.0,42.0,72.0,0.0,0.6825542449951172,-0.45092064142227173,4.0,-1.9991872310638428,-1.2175683975219727,-59.211863616171,3.3087273091077805,9.549079358577728,0.0,0.0,9.0,42.0,75.0,57.0,36.0,42.0,37.0,76.0,43.0,73.0,0.0
11075,3.3087273091077805,9.549079358577728,0.0,0.0,9.0,42.0,75.0,57.0,36.0,42.0,37.0,76.0,43.0,73.0,0.0,1.0282807350158691,1.694279670715332,4.0,-1.9051105976104736,-1.8662066459655762,-74.06441682198856,4.33700804412365,10.0,0.0,0.0,10.0,43.0,76.0,58.0,37.0,43.0,38.0,77.0,44.0,74.0,0.0
11076,4.33700804412365,10.0,0.0,0.0,10.0,43.0,76.0,58.0,37.0,43.0,38.0,77.0,44.0,74.0,0.0,1.6410820484161377,0.5605788826942444,4.0,-1.9956824779510498,-1.1586201190948486,-69.3342370198314,5.978090092539787,10.0,0.0,0.0,11.0,44.0,77.0,59.0,38.0,44.0,39.0,78.0,45.0,75.0,0.0
11077,5.978090092539787,10.0,0.0,0.0,11.0,44.0,77.0,59.0,38.0,44.0,39.0,78.0,45.0,75.0,0.0,0.25514018535614014,1.8718820810317993,4.0,-1.9981975555419922,-1.2063394784927368,-83.69290640495295,6.233230277895927,10.0,0.0,0.0,12.0,45.0,78.0,60.0,39.0,45.0,40.0,79.0,46.0,76.0,0.0
11078,6.233230277895927,10.0,0.0,0.0,12.0,45.0,78.0,60.0,39.0,45.0,40.0,79.0,46.0,76.0,0.0,1.107818603515625,1.9934899806976318,4.0,-1.9641996622085571,-1.850342869758606,-87.20957914255101,7.341048881411552,10.0,0.0,0.0,13.0,46.0,79.0,61.0,40.0,46.0,41.0,80.0,47.0,77.0,0.0
11079,7.341048881411552,10.0,0.0,0.0,13.0,46.0,79.0,61.0,40.0,46.0,41.0,80.0,47.0,77.0,0.0,-1.4627372026443481,1.9340037107467651,4.0,-1.962024211883545,-1.3316690921783447,-85.97791221608745,5.878311678767204,10.0,0.0,0.0,14.0,47.0,80.0,62.0,41.0,47.0,42.0,81.0,48.0,78.0,0.0
11080,5.878311678767204,10.0,0.0,0.0,14.0,47.0,80.0,62.0,41.0,47.0,42.0,81.0,48.0,78.0,0.0,-0.027068274095654488,1.2760212421417236,4.0,-1.9914562702178955,-1.5745164155960083,-80.37404870908311,5.85124340467155,10.0,0.0,0.0,15.0,48.0,81.0,63.0,42.0,48.0,43.0,82.0,49.0,79.0,0.0
11081,5.85124340467155,10.0,0.0,0.0,15.0,48.0,81.0,63.0,42.0,48.0,43.0,82.0,49.0,79.0,0.0,1.3442962169647217,1.9278613328933716,4.0,-1.9959596395492554,-1.6558698415756226,-89.3607590000253,7.1955396216362715,10.0,0.0,0.0,16.0,49.0,82.0,64.0,43.0,49.0,44.0,83.0,50.0,80.0,0.0
11082,7.1955396216362715,10.0,0.0,0.0,16.0,49.0,82.0,64.0,43.0,49.0,44.0,83.0,50.0,80.0,0.0,-1.0358701944351196,1.2377005815505981,0.0,-1.9989206790924072,-1.7930736541748047,-82.27820000333038,6.159669427201152,10.0,0.0,0.0,1.0,50.0,83.0,65.0,44.0,50.0,45.0,84.0,51.0,81.0,0.0
11083,6.159669427201152,10.0,0.0,0.0,1.0,50.0,83.0,65.0,44.0,50.0,45.0,84.0,51.0,81.0,0.0,0.42479658126831055,1.6829520463943481,4.0,-1.9987295866012573,-1.134636640548706,-86.5747719316538,6.584466008469462,10.0,0.0,0.0,2.0,51.0,84.0,66.0,45.0,51.0,46.0,85.0,52.0,82.0,0.0
11084,6.584466008469462,10.0,0.0,0.0,2.0,51.0,84.0,66.0,45.0,51.0,46.0,85.0,52.0,82.0,0.0,-0.9267206788063049,1.3547043800354004,4.0,-1.9990437030792236,-1.2042878866195679,-83.39565338714269,5.6577453296631575,10.0,0.0,0.0,3.0,52.0,85.0,67.0,46.0,52.0,47.0,86.0,53.0,83.0,0.0
11085,5.6577453296631575,10.0,0.0,0.0,3.0,52.0,85.0,67.0,46.0,52.0,47.0,86.0,53.0,83.0,0.0,-1.443790316581726,1.954932451248169,4.0,-1.9995535612106323,-1.904661774635315,-89.53149596241845,4.213955013081431,10.0,0.0,0.0,4.0,53.0,86.0,68.0,47.0,53.0,48.0,87.0,54.0,84.0,0.0
11086,4.213955013081431,10.0,0.0,0.0,4.0,53.0,86.0,68.0,47.0,53.0,48.0,87.0,54.0,84.0,0.0,-1.1846928596496582,1.8572912216186523,4.0,-1.9994968175888062,-1.7734485864639282,-89.32679493859816,3.029262153431773,10.0,0.0,0.0,5.0,54.0,87.0,69.0,48.0,54.0,49.0,88.0,55.0,85.0,0.0
11087,3.029262153431773,10.0,0.0,0.0,5.0,54.0,87.0,69.0,48.0,54.0,49.0,88.0,55.0,85.0,0.0,-1.4846951961517334,1.8998796939849854,4.0,-1.9971336126327515,-1.9317442178726196,-91.08088116783522,1.5445669572800398,10.0,0.0,0.0,6.0,55.0,88.0,70.0,49.0,55.0,50.0,89.0,56.0,86.0,0.0
11088,1.5445669572800398,10.0,0.0,0.0,6.0,55.0,88.0,70.0,49.0,55.0,50.0,89.0,56.0,86.0,0.0,0.809592604637146,1.8854418992996216,4.0,-1.9988107681274414,-1.8047584295272827,-91.67282102307297,2.354159561917186,10.0,0.0,0.0,7.0,56.0,89.0,71.0,50.0,56.0,51.0,90.0,57.0,87.0,0.0
11089,2.354159561917186,10.0,0.0,0.0,7.0,56.0,89.0,71.0,50.0,56.0,51.0,90.0,57.0,87.0,0.0,-1.6789554357528687,1.8174636363983154,4.0,-1.9971402883529663,-1.8482577800750732,-92.76611112150869,0.6752041261643171,10.0,0.0,0.0,8.0,57.0,90.0,72.0,51.0,57.0,52.0,91.0,58.0,88.0,0.0
11090,0.6752041261643171,10.0,0.0,0.0,8.0,57.0,90.0,72.0,51.0,57.0,52.0,91.0,58.0,88.0,0.0,0.46840783953666687,0.5339599251747131,4.0,-1.9950484037399292,-1.6954445838928223,-80.62750661449986,1.143611965700984,10.0,0.0,0.0,9.0,58.0,91.0,73.0,52.0,58.0,53.0,92.0,59.0,89.0,0.0
11091,1.143611965700984,10.0,0.0,0.0,9.0,58.0,91.0,73.0,52.0,58.0,53.0,92.0,59.0,89.0,0.0,1.3330808877944946,1.6236472129821777,4.0,-1.9982415437698364,-1.9227491617202759,-92.0326689371071,2.4766928534954786,10.0,0.0,0.0,10.0,59.0,92.0,74.0,53.0,59.0,54.0,93.0,60.0,90.0,0.0
11092,2.4766928534954786,10.0,0.0,0.0,10.0,59.0,92.0,74.0,53.0,59.0,54.0,93.0,60.0,90.0,0.0,0.008903504349291325,1.956860065460205,4.0,-1.998344898223877,-1.9560201168060303,-96.36336537619675,2.48559635784477,10.0,0.0,0.0,11.0,60.0,93.0,75.0,54.0,60.0,55.0,94.0,61.0,91.0,0.0
11093,2.48559635784477,10.0,0.0,0.0,11.0,60.0,93.0,75.0,54.0,60.0,55.0,94.0,61.0,91.0,0.0,-1.1236203908920288,1.8090131282806396,4.0,-1.9977500438690186,-1.8877876996994019,-96.25976530639667,1.3619759669527411,10.0,0.0,0.0,12.0,61.0,94.0,76.0,55.0,61.0,56.0,95.0,62.0,92.0,0.0
11094,1.3619759669527411,10.0,0.0,0.0,12.0,61.0,94.0,76.0,55.0,61.0,56.0,95.0,62.0,92.0,0.0,1.903200387954712,1.8447099924087524,4.0,-1.996614933013916,-1.915173888206482,-97.21174929146383,3.265176354907453,10.0,0.0,0.0,13.0,62.0,95.0,77.0,56.0,62.0,57.0,96.0,63.0,93.0,0.0
11095,3.265176354907453,10.0,0.0,0.0,13.0,62.0,95.0,77.0,56.0,62.0,57.0,96.0,63.0,93.0,0.0,0.011772854253649712,1.9777932167053223,0.0,-1.9992214441299438,-1.9544981718063354,-99.54357080104374,3.2769492091611028,10.0,0.0,0.0,1.0,63.0,96.0,78.0,57.0,63.0,58.0,97.0,64.0,94.0,0.0
11096,3.2769492091611028,10.0,0.0,0.0,1.0,63.0,96.0,78.0,57.0,63.0,58.0,97.0,64.0,94.0,0.0,-0.44733285903930664,1.8697813749313354,4.0,-1.9984722137451172,-1.7587672472000122,-98.15606349047594,2.829616350121796,10.0,0.0,0.0,2.0,64.0,97.0,79.0,58.0,64.0,59.0,98.0,65.0,95.0,0.0
11097,2.829616350121796,10.0,0.0,0.0,2.0,64.0,97.0,79.0,58.0,64.0,59.0,98.0,65.0,95.0,0.0,1.595578670501709,1.9758483171463013,4.0,-1.998563528060913,-1.9745105504989624,-100.52706620271857,4.425195020623505,10.0,0.0,0.0,3.0,65.0,98.0,80.0,59.0,65.0,60.0,99.0,66.0,96.0,0.0
11098,4.425195020623505,10.0,0.0,0.0,3.0,65.0,98.0,80.0,59.0,65.0,60.0,99.0,66.0,96.0,0.0,1.5900098085403442,1.4309197664260864,4.0,-1.9950758218765259,-1.9329156875610352,-97.17212398934187,6.015204829163849,10.0,0.0,0.0,4.0,66.0,99.0,81.0,60.0,66.0,61.0,100.0,67.0,97.0,0.0
11099,6.015204829163849,10.0,0.0,0.0,4.0,66.0,99.0,81.0,60.0,66.0,61.0,100.0,67.0,97.0,0.0,1.4780950546264648,0.8497319221496582,4.0,-1.9921883344650269,-1.9516631364822388,-93.98047951757543,7.493299883790314,10.0,0.0,0.0,5.0,67.0,100.0,82.0,61.0,67.0,62.0,100.0,68.0,98.0,1.0
11100,5.2178120613098145,7.884791374206543,9.425984382629395,4.972898006439209,1.0,1.0,1.0,1.0,1.0,1.0,1.0,1.0,1.0,1.0,2.0,-1.9790980815887451,0.8974154591560364,4.0,-1.9742140769958496,-1.9624125957489014,-4.195898393957413,3.2387139797210693,8.78220683336258,7.451770305633545,3.0104854106903076,2.0,2.0,1.0,2.0,1.0,2.0,2.0,2.0,2.0,2.0,0.0
11101,3.2387139797210693,8.78220683336258,7.451770305633545,3.0104854106903076,2.0,2.0,1.0,2.0,1.0,2.0,2.0,2.0,2.0,2.0,2.0,-1.913630485534668,-1.6078979969024658,2.0,-1.9754694700241089,-1.9277087450027466,-7.010572383954567,1.3250834941864014,7.1743088364601135,5.476300835609436,1.082776665687561,3.0,3.0,1.0,3.0,2.0,3.0,3.0,3.0,3.0,3.0,0.0
11102,1.3250834941864014,7.1743088364601135,5.476300835609436,1.082776665687561,3.0,3.0,1.0,3.0,2.0,3.0,3.0,3.0,3.0,3.0,8.0,-1.2886748313903809,-0.056520190089941025,0.0,-1.809237003326416,-1.964698314666748,-6.012701980116306,0.03640866279602051,7.1177886463701725,3.66706383228302,0.0,1.0,4.0,2.0,4.0,3.0,4.0,4.0,4.0,1.0,4.0,0.0
11103,0.03640866279602051,7.1177886463701725,3.66706383228302,0.0,1.0,4.0,2.0,4.0,3.0,4.0,4.0,4.0,1.0,4.0,10.0,-0.7728288173675537,-1.80197274684906,0.0,-1.8620471954345703,-1.9182935953140259,-11.464201545715332,0.0,5.315815899521112,1.8050166368484497,0.0,1.0,5.0,3.0,5.0,4.0,5.0,5.0,5.0,2.0,5.0,0.0
11104,0.0,5.315815899521112,1.8050166368484497,0.0,1.0,5.0,3.0,5.0,4.0,5.0,5.0,5.0,2.0,5.0,10.0,-0.5806155800819397,-0.7612932324409485,8.0,-1.4540342092514038,-1.756524920463562,-10.806155800819397,0.0,4.554522667080164,0.3509824275970459,0.0,2.0,6.0,4.0,6.0,5.0,6.0,6.0,6.0,3.0,6.0,0.0
11105,0.0,4.554522667080164,0.3509824275970459,0.0,2.0,6.0,4.0,6.0,5.0,6.0,6.0,6.0,3.0,6.0,9.0,0.3768661916255951,-0.988023042678833,0.0,1.196687936782837,-1.92904794216156,-6.3034359438699346,0.3768661916255951,3.566499624401331,1.5476703643798828,0.0,1.0,7.0,5.0,7.0,6.0,7.0,7.0,7.0,4.0,1.0,0.0
11106,0.3768661916255951,3.566499624401331,1.5476703643798828,0.0,1.0,7.0,5.0,7.0,6.0,7.0,7.0,7.0,4.0,1.0,5.0,0.7791076898574829,-0.3810822665691376,0.0,-1.9109524488449097,-1.6285371780395508,-14.525251618180892,1.155973881483078,3.1854173578321934,0.0,0.0,1.0,8.0,6.0,8.0,7.0,1.0,8.0,8.0,5.0,2.0,0.0
11107,1.155973881483078,3.1854173578321934,0.0,0.0,1.0,8.0,6.0,8.0,7.0,1.0,8.0,8.0,5.0,2.0,0.0,1.9288893938064575,0.3603331744670868,0.0,-1.3243175745010376,-1.3327760696411133,-7.104806037463827,3.0848632752895355,3.54575053229928,0.0,0.0,1.0,9.0,7.0,9.0,8.0,2.0,9.0,9.0,6.0,3.0,0.0
11108,3.0848632752895355,3.54575053229928,0.0,0.0,1.0,9.0,7.0,9.0,8.0,2.0,9.0,9.0,6.0,3.0,10.0,0.5951444506645203,1.5051560401916504,0.0,0.20662185549736023,-1.8394650220870972,-7.3,3.680007725954056,5.050906572490931,0.20662185549736023,0.0,1.0,10.0,8.0,10.0,9.0,3.0,10.0,10.0,7.0,4.0,0.0
11109,3.680007725954056,5.050906572490931,0.20662185549736023,0.0,1.0,10.0,8.0,10.0,9.0,3.0,10.0,10.0,7.0,4.0,8.0,0.6986027359962463,-0.02803460881114006,0.0,-0.21985188126564026,-1.3252243995666504,-8.628323924484384,4.378610461950302,5.0228719636797905,0.0,0.0,1.0,11.0,9.0,11.0,10.0,4.0,11.0,11.0,1.0,5.0,0.0
11110,4.378610461950302,5.0228719636797905,0.0,0.0,1.0,11.0,9.0,11.0,10.0,4.0,11.0,11.0,1.0,5.0,1.0,0.6109453439712524,0.9978931546211243,0.0,-1.2806042432785034,-0.3654190003871918,-10.00283929574097,4.989555805921555,6.020765118300915,0.0,0.0,1.0,1.0,10.0,12.0,11.0,5.0,12.0,12.0,2.0,6.0,0.0
11111,4.989555805921555,6.020765118300915,0.0,0.0,1.0,1.0,10.0,12.0,11.0,5.0,12.0,12.0,2.0,6.0,8.0,-1.889190912246704,0.009413649328052998,0.0,-0.9844233989715576,-0.9303497672080994,-308.6153062558475,3.1003648936748505,6.030178767628968,0.0,0.0,1.0,2.0,11.0,13.0,12.0,6.0,13.0,13.0,1.0,7.0,0.0
11112,3.1003648936748505,6.030178767628968,0.0,0.0,1.0,2.0,11.0,13.0,12.0,6.0,13.0,13.0,1.0,7.0,8.0,0.07700377702713013,1.6341884136199951,4.0,-1.1027849912643433,1.7350759506225586,-9.064079525503226,3.1773686707019806,7.664367181248963,0.0,1.7350759506225586,2.0,3.0,12.0,14.0,13.0,7.0,14.0,14.0,1.0,8.0,0.0
11113,3.1773686707019806,7.664367181248963,0.0,1.7350759506225586,2.0,3.0,12.0,14.0,13.0,7.0,14.0,14.0,1.0,8.0,8.0,-0.6750168800354004,0.1376233845949173,0.0,-1.9044839143753052,-1.4229505062103271,-10.216793011420636,2.50235179066658,7.80199056584388,0.0,0.31212544441223145,1.0,4.0,13.0,15.0,14.0,8.0,15.0,15.0,1.0,9.0,0.0
11114,2.50235179066658,7.80199056584388,0.0,0.31212544441223145,1.0,4.0,13.0,15.0,14.0,8.0,15.0,15.0,1.0,9.0,1.0,-0.7930688261985779,1.5657260417938232,10.0,-1.6227428913116455,-0.3150135278701782,-22.304368813698137,1.7092829644680023,9.367716607637703,0.0,0.0,2.0,5.0,14.0,16.0,15.0,9.0,16.0,16.0,2.0,10.0,0.0
11115,1.7092829644680023,9.367716607637703,0.0,0.0,2.0,5.0,14.0,16.0,15.0,9.0,16.0,16.0,2.0,10.0,8.0,-0.5435775518417358,0.6688582897186279,1.0,-1.9506689310073853,-1.5348601341247559,-14.034648973805801,1.1657054126262665,10.0,0.0,0.0,3.0,1.0,15.0,17.0,16.0,10.0,17.0,17.0,1.0,11.0,0.0
11116,1.1657054126262665,10.0,0.0,0.0,3.0,1.0,15.0,17.0,16.0,10.0,17.0,17.0,1.0,11.0,8.0,-1.7680377960205078,1.9132953882217407,0.0,-1.904612421989441,-0.5162944793701172,-35.36242279427024,0.0,10.0,0.0,0.0,1.0,2.0,16.0,18.0,17.0,11.0,18.0,18.0,1.0,12.0,0.0
11117,0.0,10.0,0.0,0.0,1.0,2.0,16.0,18.0,17.0,11.0,18.0,18.0,1.0,12.0,8.0,-0.5772001147270203,1.3188871145248413,4.0,-0.5884770750999451,-1.254717230796814,-30.30035791054805,0.0,10.0,0.0,0.0,2.0,3.0,17.0,19.0,18.0,12.0,19.0,19.0,1.0,13.0,0.0
11118,0.0,10.0,0.0,0.0,2.0,3.0,17.0,19.0,18.0,12.0,19.0,19.0,1.0,13.0,8.0,-0.9988598227500916,1.5729445219039917,4.0,-1.9401013851165771,-0.07456225156784058,-35.43671920646874,0.0,10.0,0.0,0.0,3.0,4.0,18.0,20.0,19.0,13.0,20.0,20.0,1.0,14.0,0.0
11119,0.0,10.0,0.0,0.0,3.0,4.0,18.0,20.0,19.0,13.0,20.0,20.0,1.0,14.0,8.0,-1.6810669898986816,1.6990981101989746,10.0,-1.9708353281021118,-0.5712817311286926,-41.60546670112576,0.0,10.0,0.0,0.0,4.0,5.0,19.0,21.0,20.0,14.0,21.0,21.0,1.0,15.0,0.0
11120,0.0,10.0,0.0,0.0,4.0,5.0,19.0,21.0,20.0,14.0,21.0,21.0,1.0,15.0,8.0,-1.8578909635543823,1.9499634504318237,0.0,-1.8021749258041382,-1.0260001420974731,-45.53721671053879,0.0,10.0,0.0,0.0,1.0,6.0,20.0,22.0,21.0,15.0,22.0,22.0,1.0,16.0,0.0
11121,0.0,10.0,0.0,0.0,1.0,6.0,20.0,22.0,21.0,15.0,22.0,22.0,1.0,16.0,8.0,0.18015557527542114,1.8174288272857666,4.0,-1.4342714548110962,-1.4309029579162598,-37.059676044368075,0.18015557527542114,10.0,0.0,0.0,2.0,7.0,21.0,23.0,22.0,16.0,23.0,23.0,1.0,17.0,0.0
11122,0.18015557527542114,10.0,0.0,0.0,2.0,7.0,21.0,23.0,22.0,16.0,23.0,23.0,1.0,17.0,0.0,-1.218498945236206,1.694342017173767,4.0,-1.912156343460083,0.7408037185668945,-49.12071976925536,0.0,10.0,0.0,0.7408037185668945,3.0,8.0,22.0,24.0,23.0,17.0,24.0,24.0,2.0,18.0,0.0
11123,0.0,10.0,0.0,0.7408037185668945,3.0,8.0,22.0,24.0,23.0,17.0,24.0,24.0,2.0,18.0,0.0,-1.7811636924743652,1.8227702379226685,4.0,-0.23595279455184937,1.1554874181747437,-55.734109404264984,0.0,10.0,0.0,1.8962911367416382,4.0,9.0,23.0,25.0,24.0,18.0,25.0,25.0,3.0,19.0,0.0
11124,0.0,10.0,0.0,1.8962911367416382,4.0,9.0,23.0,25.0,24.0,18.0,25.0,25.0,3.0,19.0,8.0,-1.3774579763412476,1.9091811180114746,10.0,-1.9350688457489014,-1.542637586593628,-45.3459738073587,0.0,10.0,0.0,0.35365355014801025,5.0,10.0,24.0,26.0,25.0,19.0,26.0,26.0,1.0,20.0,0.0
11125,0.0,10.0,0.0,0.35365355014801025,5.0,10.0,24.0,26.0,25.0,19.0,26.0,26.0,1.0,20.0,8.0,-1.4415702819824219,1.7315424680709839,4.0,-0.800409734249115,-0.21086736023426056,-45.23453826101793,0.0,10.0,0.0,0.1427861899137497,6.0,11.0,25.0,27.0,26.0,20.0,27.0,27.0,1.0,21.0,0.0
11126,0.0,10.0,0.0,0.1427861899137497,6.0,11.0,25.0,27.0,26.0,20.0,27.0,27.0,1.0,21.0,8.0,-1.1831870079040527,1.5609298944473267,4.0,-1.9407966136932373,1.0457658767700195,-43.190566053285146,0.0,10.0,0.0,1.1885520666837692,7.0,12.0,26.0,28.0,27.0,21.0,28.0,28.0,1.0,22.0,0.0
11127,0.0,10.0,0.0,1.1885520666837692,7.0,12.0,26.0,28.0,27.0,21.0,28.0,28.0,1.0,22.0,8.0,-1.439151406288147,1.9297782182693481,4.0,-1.4714527130126953,0.5087025761604309,-48.57697317831156,0.0,10.0,0.0,1.6972546428442001,8.0,13.0,27.0,29.0,28.0,22.0,29.0,29.0,1.0,23.0,0.0
11128,0.0,10.0,0.0,1.6972546428442001,8.0,13.0,27.0,29.0,28.0,22.0,29.0,29.0,1.0,23.0,0.0,-0.9960396885871887,1.9321162700653076,0.0,-1.7329676151275635,0.19938121736049652,-56.38620233989471,0.0,10.0,0.0,1.8966358602046967,1.0,14.0,28.0,30.0,29.0,23.0,30.0,30.0,2.0,24.0,0.0
11129,0.0,10.0,0.0,1.8966358602046967,1.0,14.0,28.0,30.0,29.0,23.0,30.0,30.0,2.0,24.0,10.0,-0.9752213358879089,1.9406400918960571,4.0,-1.8693407773971558,-0.6368916034698486,-43.81897930439028,0.0,10.0,0.0,1.259744256734848,2.0,15.0,29.0,31.0,30.0,24.0,31.0,31.0,3.0,25.0,0.0
11130,0.0,10.0,0.0,1.259744256734848,2.0,15.0,29.0,31.0,30.0,24.0,31.0,31.0,3.0,25.0,10.0,-1.5384776592254639,1.8125630617141724,4.0,-1.3109626770019531,-0.8981251120567322,-46.87456279435338,0.0,10.0,0.0,0.36161914467811584,3.0,16.0,30.0,32.0,31.0,25.0,32.0,32.0,4.0,26.0,0.0
11131,0.0,10.0,0.0,0.36161914467811584,3.0,16.0,30.0,32.0,31.0,25.0,32.0,32.0,4.0,26.0,8.0,-1.0941920280456543,1.8797727823257446,4.0,-1.893554925918579,-0.2646719217300415,-49.05415667990218,0.0,10.0,0.0,0.09694722294807434,4.0,17.0,31.0,33.0,32.0,26.0,33.0,33.0,1.0,27.0,0.0
11132,0.0,10.0,0.0,0.09694722294807434,4.0,17.0,31.0,33.0,32.0,26.0,33.0,33.0,1.0,27.0,8.0,0.6686699986457825,1.8384852409362793,4.0,-1.1025283336639404,-0.19124378263950348,-45.82875514394081,0.6686699986457825,10.0,0.0,0.0,5.0,18.0,32.0,34.0,33.0,27.0,34.0,34.0,1.0,28.0,0.0
11133,0.6686699986457825,10.0,0.0,0.0,5.0,18.0,32.0,34.0,33.0,27.0,34.0,34.0,1.0,28.0,8.0,-0.4131952226161957,1.5483828783035278,4.0,-1.9374102354049683,0.5256093740463257,-44.280906501742635,0.2554747760295868,10.0,0.0,0.5256093740463257,6.0,19.0,33.0,35.0,34.0,28.0,35.0,35.0,1.0,29.0,0.0
11134,0.2554747760295868,10.0,0.0,0.5256093740463257,6.0,19.0,33.0,35.0,34.0,28.0,35.0,35.0,1.0,29.0,0.0,-1.1312222480773926,1.9151591062545776,4.0,-1.9454073905944824,0.5817738175392151,-60.30763894758685,0.0,10.0,0.0,1.1073831915855408,7.0,20.0,34.0,36.0,35.0,29.0,36.0,36.0,2.0,30.0,0.0
11135,0.0,10.0,0.0,1.1073831915855408,7.0,20.0,34.0,36.0,35.0,29.0,36.0,36.0,2.0,30.0,10.0,0.7749007940292358,1.8414422273635864,4.0,-1.9294358491897583,0.8353878855705261,-45.914422273635864,0.7749007940292358,10.0,0.0,1.942771077156067,8.0,21.0,35.0,37.0,36.0,30.0,37.0,37.0,3.0,31.0,0.0
11136,0.7749007940292358,10.0,0.0,1.942771077156067,8.0,21.0,35.0,37.0,36.0,30.0,37.0,37.0,3.0,31.0,0.0,-1.3870162963867188,1.9740780591964722,0.0,-1.9035052061080933,-0.15949800610542297,-61.916767737623665,0.0,10.0,0.0,1.783273071050644,1.0,22.0,36.0,38.0,37.0,31.0,38.0,38.0,4.0,32.0,0.0
11137,0.0,10.0,0.0,1.783273071050644,1.0,22.0,36.0,38.0,37.0,31.0,38.0,38.0,4.0,32.0,10.0,0.8363543152809143,1.8198798894882202,0.0,-1.9420013427734375,0.545345664024353,-46.898798894882205,0.8363543152809143,10.0,0.0,2.328618735074997,1.0,23.0,37.0,39.0,38.0,32.0,39.0,39.0,5.0,33.0,0.0
11138,0.8363543152809143,10.0,0.0,2.328618735074997,1.0,23.0,37.0,39.0,38.0,32.0,39.0,39.0,5.0,33.0,8.0,-0.35631081461906433,1.7307709455490112,4.0,-1.7958674430847168,1.520017147064209,-49.45192398786121,0.48004350066185,10.0,0.0,3.848635882139206,2.0,24.0,38.0,40.0,1.0,33.0,40.0,40.0,1.0,34.0,0.0
11139,0.48004350066185,10.0,0.0,3.848635882139206,2.0,24.0,38.0,40.0,1.0,33.0,40.0,40.0,1.0,34.0,0.0,1.648020625114441,1.7289384603500366,1.0,-1.6264532804489136,0.48510611057281494,-55.0609767896579,2.128064125776291,10.0,0.0,4.333741992712021,3.0,1.0,39.0,41.0,2.0,34.0,41.0,41.0,2.0,35.0,0.0
11140,2.128064125776291,10.0,0.0,4.333741992712021,3.0,1.0,39.0,41.0,2.0,34.0,41.0,41.0,2.0,35.0,8.0,-1.8802940845489502,1.7246915102005005,6.0,-1.9257464408874512,1.1105990409851074,-45.25294569984922,0.2477700412273407,10.0,0.0,5.444341033697128,4.0,2.0,40.0,42.0,3.0,35.0,42.0,42.0,1.0,36.0,0.0
11141,0.2477700412273407,10.0,0.0,5.444341033697128,4.0,2.0,40.0,42.0,3.0,35.0,42.0,42.0,1.0,36.0,0.0,-1.3535680770874023,1.8847987651824951,4.0,-1.8460854291915894,0.7611103653907776,-60.30110841126863,0.0,10.0,0.0,6.205451399087906,5.0,3.0,41.0,43.0,1.0,36.0,43.0,43.0,2.0,37.0,0.0
11142,0.0,10.0,0.0,6.205451399087906,5.0,3.0,41.0,43.0,1.0,36.0,43.0,43.0,2.0,37.0,8.0,1.3038311004638672,1.9508686065673828,6.0,-1.9794259071350098,0.8144134283065796,-47.95918170957184,1.3038311004638672,10.0,0.0,7.0198648273944855,6.0,4.0,42.0,44.0,2.0,37.0,44.0,44.0,1.0,38.0,0.0
11143,1.3038311004638672,10.0,0.0,7.0198648273944855,6.0,4.0,42.0,44.0,2.0,37.0,44.0,44.0,1.0,38.0,8.0,0.027247978374361992,1.9057728052139282,1.0,-1.919804573059082,0.7199317216873169,-48.38556457906861,1.3310790788382292,10.0,0.0,7.739796549081802,7.0,5.0,43.0,45.0,3.0,38.0,45.0,45.0,1.0,39.0,0.0
11144,1.3310790788382292,10.0,0.0,7.739796549081802,7.0,5.0,43.0,45.0,3.0,38.0,45.0,45.0,1.0,39.0,8.0,0.11374553292989731,1.5948807001113892,1.0,-1.9595891237258911,1.964246153831482,-46.08453979713091,1.4448246117681265,10.0,0.0,9.704042702913284,8.0,6.0,44.0,46.0,4.0,39.0,46.0,46.0,1.0,40.0,0.0
11145,1.4448246117681265,10.0,0.0,9.704042702913284,8.0,6.0,44.0,46.0,4.0,39.0,46.0,46.0,1.0,40.0,8.0,-1.2774125337600708,1.8949607610702515,1.0,-1.9985963106155396,0.9069919586181641,-51.250110788571284,0.1674120780080557,10.0,0.0,10.0,9.0,7.0,45.0,47.0,5.0,40.0,47.0,47.0,1.0,41.0,0.0
11146,0.1674120780080557,10.0,0.0,10.0,9.0,7.0,45.0,47.0,5.0,40.0,47.0,47.0,1.0,41.0,0.0,1.0224686861038208,1.9070560932159424,6.0,-1.9955480098724365,-0.6019719243049622,-60.83217333761992,1.1898807641118765,10.0,0.0,9.398028075695038,10.0,8.0,46.0,48.0,6.0,41.0,48.0,48.0,2.0,42.0,0.0
11147,1.1898807641118765,10.0,0.0,9.398028075695038,10.0,8.0,46.0,48.0,6.0,41.0,48.0,48.0,2.0,42.0,8.0,-0.2055947482585907,1.9254993200302124,6.0,-1.9954044818878174,1.7259016036987305,-52.48839547959972,0.9842860158532858,10.0,0.0,10.0,11.0,9.0,47.0,49.0,7.0,42.0,49.0,49.0,1.0,43.0,0.0
11148,0.9842860158532858,10.0,0.0,10.0,11.0,9.0,47.0,49.0,7.0,42.0,49.0,49.0,1.0,43.0,0.0,0.32621878385543823,1.9134138822555542,1.0,-1.958478331565857,-0.7233223915100098,-62.63031989748566,1.310504799708724,10.0,0.0,9.27667760848999,12.0,10.0,48.0,50.0,8.0,43.0,50.0,50.0,2.0,44.0,0.0
11149,1.310504799708724,10.0,0.0,9.27667760848999,12.0,10.0,48.0,50.0,8.0,43.0,50.0,50.0,2.0,44.0,0.0,1.498396873474121,1.5503796339035034,1.0,-1.9733768701553345,-0.6012372374534607,-59.563206717464446,2.808901673182845,10.0,0.0,8.67544037103653,13.0,11.0,49.0,51.0,9.0,44.0,51.0,51.0,3.0,45.0,0.0
11150,2.808901673182845,10.0,0.0,8.67544037103653,13.0,11.0,49.0,51.0,9.0,44.0,51.0,51.0,3.0,45.0,0.0,0.717876672744751,1.8632335662841797,4.0,-1.9955440759658813,1.379726767539978,-63.72909745383122,3.526778345927596,10.0,0.0,10.0,14.0,12.0,50.0,52.0,10.0,45.0,52.0,52.0,4.0,46.0,0.0
11151,3.526778345927596,10.0,0.0,10.0,14.0,12.0,50.0,52.0,10.0,45.0,52.0,52.0,4.0,46.0,0.0,0.5915452837944031,1.9145723581314087,6.0,-1.9878897666931152,1.5739821195602417,-65.39332398113724,4.118323629721999,10.0,0.0,10.0,15.0,13.0,51.0,53.0,11.0,46.0,53.0,53.0,5.0,47.0,0.0
11152,4.118323629721999,10.0,0.0,10.0,15.0,13.0,51.0,53.0,11.0,46.0,53.0,53.0,5.0,47.0,8.0,0.42139488458633423,1.6667760610580444,6.0,-1.8504971265792847,1.7142720222473145,-53.03666150215696,4.539718514308333,10.0,0.0,10.0,16.0,14.0,52.0,54.0,12.0,47.0,54.0,54.0,1.0,48.0,0.0
11153,4.539718514308333,10.0,0.0,10.0,16.0,14.0,52.0,54.0,12.0,47.0,54.0,54.0,1.0,48.0,0.0,1.2657287120819092,1.8774205446243286,6.0,-1.9589792490005493,0.5429750084877014,-67.54788823795269,5.805447226390243,10.0,0.0,10.0,17.0,15.0,53.0,55.0,13.0,48.0,55.0,55.0,2.0,49.0,0.0
11154,5.805447226390243,10.0,0.0,10.0,17.0,15.0,53.0,55.0,13.0,48.0,55.0,55.0,2.0,49.0,0.0,0.21898917853832245,1.8762435913085938,1.0,-1.8745847940444946,0.8366726040840149,-68.73400432604181,6.024436404928565,10.0,0.0,10.0,18.0,16.0,54.0,56.0,14.0,49.0,56.0,56.0,3.0,50.0,0.0
11155,6.024436404928565,10.0,0.0,10.0,18.0,16.0,54.0,56.0,14.0,49.0,56.0,56.0,3.0,50.0,0.0,-0.13807974755764008,1.6988617181777954,1.0,-1.8579039573669434,0.4877845346927643,-67.83368066857813,5.886356657370925,10.0,0.0,10.0,19.0,17.0,55.0,57.0,15.0,50.0,57.0,57.0,4.0,51.0,0.0
11156,5.886356657370925,10.0,0.0,10.0,19.0,17.0,55.0,57.0,15.0,50.0,57.0,57.0,4.0,51.0,8.0,-0.4389677047729492,1.7303498983383179,1.0,-1.9957212209701538,0.6864314675331116,-57.55196387429909,5.447388952597976,10.0,0.0,10.0,20.0,18.0,56.0,58.0,16.0,51.0,58.0,58.0,1.0,52.0,0.0
11157,5.447388952597976,10.0,0.0,10.0,20.0,18.0,56.0,58.0,16.0,51.0,58.0,58.0,1.0,52.0,0.0,-0.00035947561264038086,1.899749517440796,1.0,-1.9734535217285156,0.6618576049804688,-71.07937792989941,5.447029476985335,10.0,0.0,10.0,21.0,19.0,57.0,59.0,17.0,52.0,59.0,59.0,2.0,53.0,0.0
11158,5.447029476985335,10.0,0.0,10.0,21.0,19.0,57.0,59.0,17.0,52.0,59.0,59.0,2.0,53.0,8.0,1.7059884071350098,1.8268674612045288,6.0,-1.9968072175979614,-0.9049199819564819,-61.53336048757061,7.153017884120345,10.0,0.0,9.095080018043518,22.0,20.0,58.0,60.0,18.0,53.0,60.0,60.0,1.0,54.0,0.0
11159,7.153017884120345,10.0,0.0,9.095080018043518,22.0,20.0,58.0,60.0,18.0,53.0,60.0,60.0,1.0,54.0,0.0,0.018081530928611755,1.9471122026443481,1.0,-1.9822251796722412,1.6240257024765015,-75.12157292762785,7.171099415048957,10.0,0.0,10.0,23.0,21.0,59.0,61.0,19.0,54.0,61.0,61.0,2.0,55.0,0.0
11160,7.171099415048957,10.0,0.0,10.0,23.0,21.0,59.0,61.0,19.0,54.0,61.0,61.0,2.0,55.0,0.0,0.24959124624729156,1.4572070837020874,1.0,-1.9931632280349731,0.6811613440513611,-71.55490925506602,7.420690661296248,10.0,0.0,10.0,24.0,22.0,60.0,62.0,20.0,55.0,62.0,62.0,3.0,56.0,0.0
11161,7.420690661296248,10.0,0.0,10.0,24.0,22.0,60.0,62.0,20.0,55.0,62.0,62.0,3.0,56.0,8.0,0.4999215006828308,1.8471430540084839,1.0,-1.9954965114593506,0.36944079399108887,-65.27771649740687,7.920612161979079,10.0,0.0,10.0,25.0,23.0,61.0,63.0,21.0,56.0,63.0,63.0,1.0,57.0,0.0
11162,7.920612161979079,10.0,0.0,10.0,25.0,23.0,61.0,63.0,21.0,56.0,63.0,63.0,1.0,57.0,8.0,0.63390052318573,1.7813442945480347,1.0,-1.9987702369689941,1.742881417274475,-66.35244874437606,8.55451268516481,10.0,0.0,10.0,26.0,24.0,62.0,64.0,22.0,57.0,64.0,64.0,1.0,58.0,0.0
11163,8.55451268516481,10.0,0.0,10.0,26.0,24.0,62.0,64.0,22.0,57.0,64.0,64.0,1.0,58.0,8.0,1.0881818532943726,1.9586520195007324,1.0,-1.9986215829849243,0.07306124269962311,-70.74547045143268,9.642694538459182,10.0,0.0,10.0,27.0,25.0,63.0,65.0,23.0,58.0,65.0,65.0,1.0,59.0,0.0
11164,9.642694538459182,10.0,0.0,10.0,27.0,25.0,63.0,65.0,23.0,58.0,65.0,65.0,1.0,59.0,0.0,1.2854386568069458,1.8364707231521606,1.0,-1.9979174137115479,0.7308927774429321,-85.62557177876343,10.0,10.0,0.0,10.0,28.0,26.0,64.0,66.0,24.0,59.0,66.0,66.0,2.0,60.0,0.0
11165,10.0,10.0,0.0,10.0,28.0,26.0,64.0,66.0,24.0,59.0,66.0,66.0,2.0,60.0,0.0,0.6859607100486755,1.5913575887680054,1.0,-1.9945743083953857,1.5947990417480469,-83.37780384335798,10.0,10.0,0.0,10.0,29.0,27.0,65.0,67.0,25.0,60.0,67.0,67.0,3.0,61.0,0.0
11166,10.0,10.0,0.0,10.0,29.0,27.0,65.0,67.0,25.0,60.0,67.0,67.0,3.0,61.0,0.0,1.3231899738311768,1.9535456895828247,4.0,-1.9705694913864136,-0.01236399170011282,-90.6436063634852,10.0,10.0,0.0,9.987636008299887,30.0,28.0,66.0,68.0,26.0,61.0,68.0,68.0,4.0,62.0,0.0
11167,10.0,10.0,0.0,9.987636008299887,30.0,28.0,66.0,68.0,26.0,61.0,68.0,68.0,4.0,62.0,8.0,0.03263276070356369,1.9601705074310303,1.0,-1.944716215133667,0.019971780478954315,-75.00817122398303,10.0,10.0,0.0,10.0,31.0,29.0,67.0,69.0,27.0,62.0,69.0,69.0,1.0,63.0,0.0
11168,10.0,10.0,0.0,10.0,31.0,29.0,67.0,69.0,27.0,62.0,69.0,69.0,1.0,63.0,8.0,-0.40982717275619507,1.4707664251327515,1.0,-1.9935473203659058,0.567315399646759,-70.27516924828804,9.590172827243805,10.0,0.0,10.0,32.0,30.0,68.0,70.0,28.0,63.0,70.0,70.0,1.0,64.0,0.0
11169,9.590172827243805,10.0,0.0,10.0,32.0,30.0,68.0,70.0,28.0,63.0,70.0,70.0,1.0,64.0,8.0,-0.11224886029958725,1.996935486793518,1.0,-1.9972792863845825,0.7017022967338562,-76.24429077101658,9.477923966944218,10.0,0.0,10.0,33.0,31.0,69.0,71.0,29.0,64.0,71.0,71.0,1.0,65.0,0.0
11170,9.477923966944218,10.0,0.0,10.0,33.0,31.0,69.0,71.0,29.0,64.0,71.0,71.0,1.0,65.0,0.0,1.0583739280700684,1.9730626344680786,1.0,-1.9809826612472534,-0.5567119121551514,-90.89524503394375,10.0,10.0,0.0,9.443288087844849,34.0,32.0,70.0,72.0,30.0,65.0,72.0,72.0,2.0,66.0,0.0
11171,10.0,10.0,0.0,9.443288087844849,34.0,32.0,70.0,72.0,30.0,65.0,72.0,72.0,2.0,66.0,0.0,-0.12226413935422897,1.8657695055007935,1.0,-1.9709163904190063,-0.15459685027599335,-89.84344889317393,9.877735860645771,10.0,0.0,9.288691237568855,35.0,33.0,71.0,73.0,31.0,66.0,73.0,73.0,3.0,67.0,0.0
11172,9.877735860645771,10.0,0.0,9.288691237568855,35.0,33.0,71.0,73.0,31.0,66.0,73.0,73.0,3.0,67.0,0.0,-0.6002740859985352,1.9854227304458618,1.0,-1.99483060836792,-0.8151673078536987,-90.81598888594299,9.277461774647236,10.0,0.0,8.473523929715157,36.0,34.0,72.0,74.0,32.0,67.0,74.0,74.0,4.0,68.0,0.0
11173,9.277461774647236,10.0,0.0,8.473523929715157,36.0,34.0,72.0,74.0,32.0,67.0,74.0,74.0,4.0,68.0,0.0,-1.7455737590789795,1.9640889167785645,1.0,-1.955107569694519,-0.16515973210334778,-88.67803056056158,7.531888015568256,10.0,0.0,8.308364197611809,37.0,35.0,73.0,75.0,33.0,68.0,75.0,75.0,5.0,69.0,0.0
11174,7.531888015568256,10.0,0.0,8.308364197611809,37.0,35.0,73.0,75.0,33.0,68.0,75.0,75.0,5.0,69.0,0.0,-0.4003687798976898,1.9753162860870361,1.0,-1.8871060609817505,-1.3346540927886963,-89.25267779605133,7.131519235670567,10.0,0.0,6.9737101048231125,38.0,36.0,74.0,76.0,34.0,69.0,76.0,76.0,6.0,70.0,0.0
11175,7.131519235670567,10.0,0.0,6.9737101048231125,38.0,36.0,74.0,76.0,34.0,69.0,76.0,76.0,6.0,70.0,0.0,-0.9421147108078003,1.5890899896621704,1.0,-1.966712474822998,-0.2636622488498688,-85.32135658622005,6.189404524862766,10.0,0.0,6.710047855973244,39.0,37.0,75.0,77.0,35.0,70.0,77.0,77.0,7.0,71.0,0.0
11176,6.189404524862766,10.0,0.0,6.710047855973244,39.0,37.0,75.0,77.0,35.0,70.0,77.0,77.0,7.0,71.0,0.0,-1.2225265502929688,1.965659260749817,0.0,-1.9662797451019287,-0.09913681447505951,-89.10997699735958,4.9668779745697975,10.0,0.0,6.610911041498184,1.0,38.0,76.0,78.0,36.0,71.0,78.0,78.0,8.0,72.0,0.0
11177,4.9668779745697975,10.0,0.0,6.610911041498184,1.0,38.0,76.0,78.0,36.0,71.0,78.0,78.0,8.0,72.0,0.0,-1.3457467555999756,1.9845017194747925,1.0,-1.9795105457305908,0.2032851129770279,-85.85856681338066,3.621131218969822,10.0,0.0,6.814196154475212,2.0,39.0,77.0,79.0,37.0,72.0,79.0,79.0,9.0,73.0,0.0
11178,3.621131218969822,10.0,0.0,6.814196154475212,2.0,39.0,77.0,79.0,37.0,72.0,79.0,79.0,9.0,73.0,0.0,-0.527116596698761,1.940379023551941,1.0,-1.944535255432129,-0.2694258689880371,-86.35891024164553,3.094014622271061,10.0,0.0,6.544770285487175,3.0,40.0,78.0,80.0,38.0,73.0,80.0,80.0,10.0,74.0,0.0
11179,3.094014622271061,10.0,0.0,6.544770285487175,3.0,40.0,78.0,80.0,38.0,73.0,80.0,80.0,10.0,74.0,0.0,0.41266539692878723,1.9813408851623535,1.0,-1.8491157293319702,-1.3915205001831055,-87.80695117111128,3.506680019199848,10.0,0.0,5.1532497853040695,4.0,1.0,79.0,81.0,39.0,74.0,81.0,81.0,11.0,75.0,0.0
11180,3.506680019199848,10.0,0.0,5.1532497853040695,4.0,1.0,79.0,81.0,39.0,74.0,81.0,81.0,11.0,75.0,8.0,-1.9895262718200684,1.9943066835403442,4.0,-1.9970780611038208,0.8189521431922913,-74.52231829009673,1.5171537473797798,10.0,0.0,5.972201928496361,5.0,2.0,80.0,82.0,1.0,75.0,82.0,82.0,1.0,76.0,0.0
11181,1.5171537473797798,10.0,0.0,5.972201928496361,5.0,2.0,80.0,82.0,1.0,75.0,82.0,82.0,1.0,76.0,0.0,-1.9532276391983032,1.9509621858596802,6.0,-1.9990088939666748,1.5417938232421875,-82.33978271414495,0.0,10.0,0.0,7.513995751738548,6.0,3.0,81.0,83.0,2.0,76.0,83.0,83.0,2.0,77.0,0.0
11182,0.0,10.0,0.0,7.513995751738548,6.0,3.0,81.0,83.0,2.0,76.0,83.0,83.0,2.0,77.0,0.0,-1.959405779838562,1.9734543561935425,6.0,-1.99661123752594,0.9202589988708496,-91.15844813939741,0.0,10.0,0.0,8.434254750609398,7.0,4.0,82.0,84.0,3.0,77.0,84.0,84.0,3.0,78.0,0.0
11183,0.0,10.0,0.0,8.434254750609398,7.0,4.0,82.0,84.0,3.0,77.0,84.0,84.0,3.0,78.0,0.0,-1.9164931774139404,1.9923372268676758,6.0,-1.996854305267334,-1.7313345670700073,-91.9935573327288,0.0,10.0,0.0,6.702920183539391,8.0,5.0,83.0,85.0,4.0,78.0,85.0,85.0,4.0,79.0,0.0
11184,0.0,10.0,0.0,6.702920183539391,8.0,5.0,83.0,85.0,4.0,78.0,85.0,85.0,4.0,79.0,0.0,-1.9634929895401,1.9683737754821777,4.0,-1.992539644241333,0.4131401777267456,-93.15126794348684,0.0,10.0,0.0,7.116060361266136,9.0,6.0,84.0,86.0,1.0,79.0,86.0,86.0,5.0,80.0,0.0
11185,0.0,10.0,0.0,7.116060361266136,9.0,6.0,84.0,86.0,1.0,79.0,86.0,86.0,5.0,80.0,0.0,-1.8751604557037354,1.9770046472549438,6.0,-1.9769935607910156,-1.7083464860916138,-93.19718868903811,0.0,10.0,0.0,5.407713875174522,10.0,7.0,85.0,87.0,2.0,80.0,87.0,87.0,6.0,81.0,0.0
11186,0.0,10.0,0.0,5.407713875174522,10.0,7.0,85.0,87.0,2.0,80.0,87.0,87.0,6.0,81.0,0.0,-1.6981022357940674,1.9130091667175293,4.0,-1.998688817024231,0.7816320061683655,-92.52834201229392,0.0,10.0,0.0,6.189345881342888,11.0,8.0,86.0,88.0,1.0,81.0,88.0,88.0,7.0,82.0,0.0
11187,0.0,10.0,0.0,6.189345881342888,11.0,8.0,86.0,88.0,1.0,81.0,88.0,88.0,7.0,82.0,0.0,-1.680414080619812,1.944656491279602,6.0,-1.9991588592529297,1.8345606327056885,-93.44987906356688,0.0,10.0,0.0,8.023906514048576,12.0,9.0,87.0,89.0,2.0,82.0,89.0,89.0,8.0,83.0,0.0
11188,0.0,10.0,0.0,8.023906514048576,12.0,9.0,87.0,89.0,2.0,82.0,89.0,89.0,8.0,83.0,0.0,-1.087174654006958,1.9358898401260376,6.0,-1.9977601766586304,1.9465728998184204,-90.95149352736247,0.0,10.0,0.0,9.970479413866997,13.0,10.0,88.0,90.0,3.0,83.0,90.0,90.0,9.0,84.0,0.0
11189,0.0,10.0,0.0,9.970479413866997,13.0,10.0,88.0,90.0,3.0,83.0,90.0,90.0,9.0,84.0,0.0,-0.6893086433410645,1.9664057493209839,6.0,-1.9903218746185303,1.3577193021774292,-90.58597144804178,0.0,10.0,0.0,10.0,14.0,11.0,89.0,91.0,4.0,84.0,91.0,91.0,10.0,85.0,0.0
11190,0.0,10.0,0.0,10.0,14.0,11.0,89.0,91.0,4.0,84.0,91.0,91.0,10.0,85.0,0.0,-0.3477356433868408,1.945708155632019,6.0,-1.9977457523345947,1.514170527458191,-90.51412453370062,0.0,10.0,0.0,10.0,15.0,12.0,90.0,92.0,5.0,85.0,92.0,92.0,11.0,86.0,0.0
11191,0.0,10.0,0.0,10.0,15.0,12.0,90.0,92.0,5.0,85.0,92.0,92.0,11.0,86.0,8.0,0.4743973910808563,1.9809741973876953,6.0,-1.9984300136566162,1.3766509294509888,-80.76012240605965,0.4743973910808563,10.0,0.0,10.0,16.0,13.0,91.0,93.0,6.0,86.0,93.0,93.0,1.0,87.0,0.0
11192,0.4743973910808563,10.0,0.0,10.0,16.0,13.0,91.0,93.0,6.0,86.0,93.0,93.0,1.0,87.0,0.0,-0.5425724983215332,1.9970152378082275,6.0,-1.9992611408233643,0.5959615111351013,-91.6305359694411,0.0,10.0,0.0,10.0,17.0,14.0,92.0,94.0,7.0,87.0,94.0,94.0,2.0,88.0,0.0
11193,0.0,10.0,0.0,10.0,17.0,14.0,92.0,94.0,7.0,87.0,94.0,94.0,2.0,88.0,0.0,-0.5933228731155396,1.9635488986968994,6.0,-1.9987021684646606,1.5463899374008179,-93.16107875452197,0.0,10.0,0.0,10.0,18.0,15.0,93.0,95.0,8.0,88.0,95.0,95.0,3.0,89.0,0.0
11194,0.0,10.0,0.0,10.0,18.0,15.0,93.0,95.0,8.0,88.0,95.0,95.0,3.0,89.0,0.0,-0.8474709391593933,1.9455845355987549,6.0,-1.9987825155258179,1.9811179637908936,-94.87021596698901,0.0,10.0,0.0,10.0,19.0,16.0,94.0,96.0,9.0,89.0,96.0,96.0,4.0,90.0,0.0
11195,0.0,10.0,0.0,10.0,19.0,16.0,94.0,96.0,9.0,89.0,96.0,96.0,4.0,90.0,0.0,-1.0656681060791016,1.9662615060806274,4.0,-1.9971625804901123,1.9189103841781616,-97.01352771543611,0.0,10.0,0.0,10.0,20.0,17.0,95.0,97.0,10.0,90.0,97.0,97.0,5.0,91.0,0.0
11196,0.0,10.0,0.0,10.0,20.0,17.0,95.0,97.0,10.0,90.0,97.0,97.0,5.0,91.0,0.0,-1.3342806100845337,1.982073187828064,6.0,-1.9986344575881958,1.213699221611023,-99.54209398604445,0.0,10.0,0.0,10.0,21.0,18.0,96.0,98.0,11.0,91.0,98.0,98.0,6.0,92.0,0.0
11197,0.0,10.0,0.0,10.0,21.0,18.0,96.0,98.0,11.0,91.0,98.0,98.0,6.0,92.0,0.0,-0.8660070300102234,1.9907755851745605,6.0,-1.9998306035995483,1.9665180444717407,-98.35855333064822,0.0,10.0,0.0,10.0,22.0,19.0,97.0,99.0,12.0,92.0,99.0,99.0,7.0,93.0,0.0
11198,0.0,10.0,0.0,10.0,22.0,19.0,97.0,99.0,12.0,92.0,99.0,99.0,7.0,93.0,0.0,-0.21430857479572296,1.9794909954071045,1.0,-1.9834665060043335,1.812620997428894,-97.55933202596998,0.0,10.0,0.0,10.0,23.0,20.0,98.0,100.0,13.0,93.0,100.0,100.0,8.0,94.0,0.0
11199,0.0,10.0,0.0,10.0,23.0,20.0,98.0,100.0,13.0,93.0,100.0,100.0,8.0,94.0,0.0,-0.37945038080215454,1.9929012060165405,4.0,-1.997047781944275,0.6215211153030396,-98.6357847967195,0.0,10.0,0.0,10.0,24.0,21.0,99.0,100.0,14.0,94.0,100.0,100.0,9.0,95.0,1.0
11200,1.4915950298309326,1.3187168836593628,7.323607921600342,7.344694137573242,1.0,1.0,1.0,1.0,1.0,1.0,1.0,1.0,1.0,1.0,8.0,-1.6409941911697388,0.17379826307296753,4.0,-1.8412796258926392,-1.928451657295227,-11.622922124035334,0.0,1.4925151467323303,5.482328295707703,5.416242480278015,2.0,2.0,2.0,2.0,1.0,2.0,2.0,2.0,1.0,2.0,0.0
11201,0.0,1.4925151467323303,5.482328295707703,5.416242480278015,2.0,2.0,2.0,2.0,1.0,2.0,2.0,2.0,1.0,2.0,2.0,-1.0424227714538574,1.55182683467865,2.0,-1.9142935276031494,-1.8087981939315796,-22.153298420342857,0.0,3.0443419814109802,3.5680347681045532,3.6074442863464355,3.0,3.0,1.0,3.0,2.0,3.0,3.0,3.0,2.0,3.0,0.0
11202,0.0,3.0443419814109802,3.5680347681045532,3.6074442863464355,3.0,3.0,1.0,3.0,2.0,3.0,3.0,3.0,2.0,3.0,5.0,0.5049412846565247,1.736768126487732,10.0,-1.1430652141571045,-1.8846782445907593,-13.670175880231332,0.5049412846565247,4.781110107898712,2.4249695539474487,1.7227660417556763,4.0,4.0,2.0,4.0,3.0,4.0,4.0,4.0,3.0,4.0,0.0
11203,0.5049412846565247,4.781110107898712,2.4249695539474487,1.7227660417556763,4.0,4.0,2.0,4.0,3.0,4.0,4.0,4.0,3.0,4.0,8.0,-0.41647857427597046,-0.8483944535255432,2.0,-1.9187488555908203,-1.3917417526245117,-8.798974443448841,0.0884627103805542,3.932715654373169,0.5062206983566284,0.33102428913116455,5.0,5.0,3.0,5.0,4.0,5.0,5.0,5.0,1.0,5.0,0.0
11204,0.0884627103805542,3.932715654373169,0.5062206983566284,0.33102428913116455,5.0,5.0,3.0,5.0,4.0,5.0,5.0,5.0,1.0,5.0,8.0,-1.0604196786880493,-0.8947044014930725,8.0,-1.921754002571106,-1.135703444480896,-20.64051793788577,0.0,3.0380112528800964,0.0,0.0,6.0,6.0,4.0,6.0,5.0,6.0,6.0,6.0,1.0,6.0,0.0
11205,0.0,3.0380112528800964,0.0,0.0,6.0,6.0,4.0,6.0,5.0,6.0,6.0,6.0,1.0,6.0,0.0,-1.2770031690597534,1.9252344369888306,1.0,-0.10607340931892395,-1.761559009552002,-21.77911265039887,0.0,4.963245689868927,0.0,0.0,1.0,1.0,5.0,7.0,6.0,7.0,7.0,7.0,2.0,7.0,0.0
11206,0.0,4.963245689868927,0.0,0.0,1.0,1.0,5.0,7.0,6.0,7.0,7.0,7.0,2.0,7.0,8.0,0.08835116773843765,1.816413164138794,6.0,-1.568293809890747,-1.2523247003555298,-8.40708263279912,0.08835116773843765,6.779658854007721,0.0,0.0,2.0,2.0,6.0,8.0,7.0,8.0,8.0,8.0,1.0,8.0,0.0
11207,0.08835116773843765,6.779658854007721,0.0,0.0,2.0,2.0,6.0,8.0,7.0,8.0,8.0,8.0,1.0,8.0,8.0,-0.3876555562019348,1.2033826112747192,6.0,0.13588441908359528,-1.5017815828323364,-12.364209888498213,0.0,7.98304146528244,0.13588441908359528,0.0,3.0,3.0,7.0,9.0,8.0,9.0,9.0,9.0,1.0,9.0,0.0
11208,0.0,7.98304146528244,0.13588441908359528,0.0,3.0,3.0,7.0,9.0,8.0,9.0,9.0,9.0,1.0,9.0,8.0,-0.02826979197561741,-0.12070615589618683,1.0,-0.2957229018211365,-1.4619842767715454,-10.538047385602518,0.0,7.862335309386253,0.0,0.0,4.0,1.0,8.0,10.0,9.0,10.0,10.0,10.0,1.0,10.0,0.0
11209,0.0,7.862335309386253,0.0,0.0,4.0,1.0,8.0,10.0,9.0,10.0,10.0,10.0,1.0,10.0,8.0,-1.1810745000839233,-0.7086771726608276,1.0,-1.917718529701233,-1.6137595176696777,-22.66433766720899,0.0,7.153658136725426,0.0,0.0,5.0,1.0,9.0,11.0,10.0,11.0,11.0,11.0,1.0,11.0,0.0
11210,0.0,7.153658136725426,0.0,0.0,5.0,1.0,9.0,11.0,10.0,11.0,11.0,11.0,1.0,11.0,5.0,0.2446299046278,1.8875676393508911,6.0,-0.621599018573761,-0.4818287193775177,-22.34980938364233,0.2446299046278,9.041225776076317,0.0,0.0,6.0,2.0,10.0,12.0,11.0,12.0,12.0,12.0,2.0,12.0,0.0
11211,0.2446299046278,9.041225776076317,0.0,0.0,6.0,2.0,10.0,12.0,11.0,12.0,12.0,12.0,2.0,12.0,8.0,1.2887433767318726,-1.5516761541366577,2.0,-1.422917366027832,-1.5340995788574219,-10.998075269824353,1.5333732813596725,7.489549621939659,0.0,0.0,7.0,3.0,11.0,13.0,12.0,13.0,13.0,13.0,1.0,13.0,0.0
11212,1.5333732813596725,7.489549621939659,0.0,0.0,7.0,3.0,11.0,13.0,12.0,13.0,13.0,13.0,1.0,13.0,8.0,0.6157833337783813,1.8185474872589111,0.0,-1.6847355365753174,-0.37842246890068054,-11.992699640694816,2.149156615138054,9.30809710919857,0.0,0.0,1.0,4.0,12.0,14.0,13.0,14.0,14.0,14.0,1.0,14.0,0.0
11213,2.149156615138054,9.30809710919857,0.0,0.0,1.0,4.0,12.0,14.0,13.0,14.0,14.0,14.0,1.0,14.0,8.0,-1.5458475351333618,0.727123498916626,0.0,-0.7457743287086487,-1.4165748357772827,-14.26427000807864,0.6033090800046921,10.0,0.0,0.0,1.0,5.0,13.0,15.0,14.0,15.0,15.0,15.0,1.0,15.0,0.0
11214,0.6033090800046921,10.0,0.0,0.0,1.0,5.0,13.0,15.0,14.0,15.0,15.0,15.0,1.0,15.0,8.0,-1.7315788269042969,-0.7893943786621094,5.0,-1.696162223815918,0.11914576590061188,-26.171254065717733,0.0,9.21060562133789,0.0,0.11914576590061188,2.0,6.0,14.0,16.0,15.0,16.0,16.0,16.0,1.0,16.0,0.0
11215,0.0,9.21060562133789,0.0,0.11914576590061188,2.0,6.0,14.0,16.0,15.0,16.0,16.0,16.0,1.0,16.0,8.0,-0.3830302059650421,1.3013474941253662,1.0,-1.5549873113632202,-1.6416220664978027,-22.697560531397983,0.0,10.0,0.0,0.0,3.0,1.0,15.0,17.0,16.0,17.0,17.0,17.0,1.0,17.0,0.0
11216,0.0,10.0,0.0,0.0,3.0,1.0,15.0,17.0,16.0,17.0,17.0,17.0,1.0,17.0,8.0,1.1296542882919312,0.9975754618644714,1.0,-1.9524601697921753,-1.4726186990737915,-25.376531716876453,1.1296542882919312,10.0,0.0,0.0,4.0,1.0,16.0,18.0,17.0,18.0,18.0,18.0,1.0,18.0,0.0
11217,1.1296542882919312,10.0,0.0,0.0,4.0,1.0,16.0,18.0,17.0,18.0,18.0,18.0,1.0,18.0,8.0,-0.5821666121482849,1.6129733324050903,0.0,-1.374436855316162,-0.9351162910461426,-32.9010587327398,0.5474876761436462,10.0,0.0,0.0,1.0,2.0,17.0,19.0,18.0,19.0,19.0,19.0,1.0,19.0,0.0
11218,0.5474876761436462,10.0,0.0,0.0,1.0,2.0,17.0,19.0,18.0,19.0,19.0,19.0,1.0,19.0,8.0,-0.6638461351394653,1.8106905221939087,5.0,-0.9848064184188843,-1.6408007144927979,-36.048003796016886,0.0,10.0,0.0,0.0,2.0,3.0,18.0,20.0,19.0,20.0,20.0,20.0,1.0,20.0,0.0
11219,0.0,10.0,0.0,0.0,2.0,3.0,18.0,20.0,19.0,20.0,20.0,20.0,1.0,20.0,8.0,-1.7915064096450806,0.8534916043281555,4.0,-1.903711199760437,-0.3086746335029602,-38.648001395449654,0.0,10.0,0.0,0.0,3.0,4.0,19.0,21.0,20.0,21.0,21.0,21.0,1.0,21.0,0.0
11220,0.0,10.0,0.0,0.0,3.0,4.0,19.0,21.0,20.0,21.0,21.0,21.0,1.0,21.0,8.0,-1.8950576782226562,1.8150088787078857,1.0,-1.9733245372772217,-1.5497392416000366,-45.94398786778447,0.0,10.0,0.0,0.0,4.0,1.0,20.0,22.0,21.0,22.0,22.0,22.0,1.0,22.0,0.0
11221,0.0,10.0,0.0,0.0,4.0,1.0,20.0,22.0,21.0,22.0,22.0,22.0,1.0,22.0,8.0,-1.397674798965454,0.8535491228103638,0.0,-1.7344861030578613,0.19180534780025482,-36.58068789666879,0.0,10.0,0.0,0.19180534780025482,1.0,2.0,21.0,23.0,22.0,23.0,23.0,23.0,1.0,23.0,0.0
11222,0.0,10.0,0.0,0.19180534780025482,1.0,2.0,21.0,23.0,22.0,23.0,23.0,23.0,1.0,23.0,8.0,-1.2682619094848633,1.8262132406234741,0.0,-1.9044922590255737,0.363990843296051,-42.93782985790885,0.0,10.0,0.0,0.5557961910963058,1.0,3.0,22.0,24.0,23.0,24.0,24.0,24.0,1.0,24.0,0.0
11223,0.0,10.0,0.0,0.5557961910963058,1.0,3.0,22.0,24.0,23.0,24.0,24.0,24.0,1.0,24.0,8.0,-1.913775086402893,1.751244306564331,2.0,-1.2109689712524414,0.06590297818183899,-47.44482110859223,0.0,10.0,0.0,0.6216991692781448,2.0,4.0,23.0,25.0,24.0,25.0,25.0,25.0,1.0,25.0,0.0
11224,0.0,10.0,0.0,0.6216991692781448,2.0,4.0,23.0,25.0,24.0,25.0,25.0,25.0,1.0,25.0,8.0,-1.7324872016906738,1.7406638860702515,4.0,-1.8981529474258423,0.867656409740448,-46.962704921354394,0.0,10.0,0.0,1.4893555790185928,3.0,5.0,24.0,26.0,25.0,26.0,26.0,26.0,1.0,26.0,0.0
11225,0.0,10.0,0.0,1.4893555790185928,3.0,5.0,24.0,26.0,25.0,26.0,26.0,26.0,1.0,26.0,8.0,-1.4901142120361328,1.7702856063842773,4.0,-1.8989266157150269,0.34474948048591614,-46.443221673059895,0.0,10.0,0.0,1.834105059504509,4.0,6.0,25.0,27.0,26.0,27.0,27.0,27.0,1.0,27.0,0.0
11226,0.0,10.0,0.0,1.834105059504509,4.0,6.0,25.0,27.0,26.0,27.0,27.0,27.0,1.0,27.0,8.0,-1.1023308038711548,1.9229140281677246,0.0,-1.9641165733337402,0.48850399255752563,-46.36843263000274,0.0,10.0,0.0,2.3226090520620346,1.0,7.0,26.0,28.0,27.0,28.0,28.0,28.0,1.0,28.0,0.0
11227,0.0,10.0,0.0,2.3226090520620346,1.0,7.0,26.0,28.0,27.0,28.0,28.0,28.0,1.0,28.0,8.0,-0.7653568387031555,0.7702468037605286,1.0,-1.7355467081069946,-1.4089795351028442,-35.56216254167937,0.0,10.0,0.0,0.9136295169591904,2.0,1.0,27.0,29.0,28.0,29.0,29.0,29.0,1.0,29.0,0.0
11228,0.0,10.0,0.0,0.9136295169591904,2.0,1.0,27.0,29.0,28.0,29.0,29.0,29.0,1.0,29.0,8.0,-1.9649585485458374,1.5723379850387573,4.0,-1.9918901920318604,-0.413071870803833,-50.069816114311756,0.0,10.0,0.0,0.5005576461553574,3.0,2.0,28.0,30.0,29.0,30.0,30.0,30.0,1.0,30.0,0.0
11229,0.0,10.0,0.0,0.5005576461553574,3.0,2.0,28.0,30.0,29.0,30.0,30.0,30.0,1.0,30.0,8.0,-1.9273895025253296,1.5796520709991455,4.0,-1.6519591808319092,-0.43543145060539246,-50.72388434927012,0.0,10.0,0.0,0.0651261955499649,4.0,3.0,29.0,31.0,30.0,31.0,31.0,31.0,1.0,31.0,0.0
11230,0.0,10.0,0.0,0.0651261955499649,4.0,3.0,29.0,31.0,30.0,31.0,31.0,31.0,1.0,31.0,8.0,-1.760572910308838,1.6520038843154907,4.0,-1.1500166654586792,-0.2882312536239624,-50.84652077368462,0.0,10.0,0.0,0.0,5.0,4.0,30.0,32.0,31.0,32.0,32.0,32.0,1.0,32.0,0.0
11231,0.0,10.0,0.0,0.0,5.0,4.0,30.0,32.0,31.0,32.0,32.0,32.0,1.0,32.0,8.0,-1.048470377922058,1.8837817907333374,4.0,-1.8704581260681152,0.6952614784240723,-49.16279443262391,0.0,10.0,0.0,0.6952614784240723,6.0,5.0,31.0,33.0,32.0,33.0,33.0,33.0,1.0,33.0,0.0
11232,0.0,10.0,0.0,0.6952614784240723,6.0,5.0,31.0,33.0,32.0,33.0,33.0,33.0,1.0,33.0,8.0,-1.882393479347229,1.8696688413619995,4.0,-1.9870226383209229,-1.7093894481658936,-55.034989675991184,0.0,10.0,0.0,0.0,7.0,6.0,32.0,34.0,33.0,34.0,34.0,34.0,1.0,34.0,0.0
11233,0.0,10.0,0.0,0.0,7.0,6.0,32.0,34.0,33.0,34.0,34.0,34.0,1.0,34.0,8.0,-1.725761890411377,1.8729066848754883,4.0,-1.989419937133789,-0.9447354674339294,-54.87144238201125,0.0,10.0,0.0,0.0,8.0,7.0,33.0,35.0,34.0,35.0,35.0,35.0,1.0,35.0,0.0
11234,0.0,10.0,0.0,0.0,8.0,7.0,33.0,35.0,34.0,35.0,35.0,35.0,1.0,35.0,8.0,-1.8620538711547852,1.8576135635375977,4.0,-1.8779722452163696,-0.5344862341880798,-56.605789408611216,0.0,10.0,0.0,0.0,9.0,8.0,34.0,36.0,35.0,36.0,36.0,36.0,1.0,36.0,0.0
11235,0.0,10.0,0.0,0.0,9.0,8.0,34.0,36.0,35.0,36.0,36.0,36.0,1.0,36.0,8.0,-1.914754033088684,1.8754208087921143,4.0,-1.8501142263412476,0.9219405651092529,-58.00577644816218,0.0,10.0,0.0,0.9219405651092529,10.0,9.0,35.0,37.0,36.0,37.0,37.0,37.0,1.0,37.0,0.0
11236,0.0,10.0,0.0,0.9219405651092529,10.0,9.0,35.0,37.0,36.0,37.0,37.0,37.0,1.0,37.0,8.0,-1.9130635261535645,1.8404874801635742,4.0,-1.765505313873291,-1.3405427932739258,-58.65032458079662,0.0,10.0,0.0,0.0,11.0,10.0,36.0,38.0,37.0,38.0,38.0,38.0,1.0,38.0,0.0
11237,0.0,10.0,0.0,0.0,11.0,10.0,36.0,38.0,37.0,38.0,38.0,38.0,1.0,38.0,8.0,-1.33681321144104,1.9171981811523438,4.0,-1.964682698249817,-1.4522420167922974,-56.3762090663823,0.0,10.0,0.0,0.0,12.0,11.0,37.0,39.0,38.0,39.0,39.0,39.0,1.0,39.0,0.0
11238,0.0,10.0,0.0,0.0,12.0,11.0,37.0,39.0,38.0,39.0,39.0,39.0,1.0,39.0,8.0,-1.6556637287139893,1.9209520816802979,4.0,-1.848524808883667,-0.9347211718559265,-59.263717039984456,0.0,10.0,0.0,0.0,13.0,12.0,38.0,40.0,39.0,40.0,40.0,40.0,1.0,40.0,0.0
11239,0.0,10.0,0.0,0.0,13.0,12.0,38.0,40.0,39.0,40.0,40.0,40.0,1.0,40.0,8.0,-1.6249951124191284,1.5831137895584106,4.0,-1.9441070556640625,-0.9273169636726379,-57.490438577392794,0.0,10.0,0.0,0.0,14.0,13.0,39.0,41.0,40.0,41.0,41.0,41.0,1.0,41.0,0.0
11240,0.0,10.0,0.0,0.0,14.0,13.0,39.0,41.0,40.0,41.0,41.0,41.0,1.0,41.0,8.0,-1.721341848373413,1.9632315635681152,4.0,-1.921370267868042,-0.5074031352996826,-61.813701993735464,0.0,10.0,0.0,0.0,15.0,14.0,40.0,42.0,41.0,42.0,42.0,42.0,1.0,42.0,0.0
11241,0.0,10.0,0.0,0.0,15.0,14.0,40.0,42.0,41.0,42.0,42.0,42.0,1.0,42.0,8.0,-1.6803139448165894,1.7140353918075562,4.0,-1.972655177116394,-1.2680518627166748,-60.606608741229074,0.0,10.0,0.0,0.0,16.0,15.0,41.0,43.0,42.0,43.0,43.0,43.0,1.0,43.0,0.0
11242,0.0,10.0,0.0,0.0,16.0,15.0,41.0,43.0,42.0,43.0,43.0,43.0,1.0,43.0,8.0,-1.61455500125885,1.7217371463775635,4.0,-1.819595217704773,0.24553866684436798,-61.10706894735637,0.0,10.0,0.0,0.24553866684436798,17.0,16.0,42.0,44.0,43.0,44.0,44.0,44.0,1.0,44.0,0.0
11243,0.0,10.0,0.0,0.24553866684436798,17.0,16.0,42.0,44.0,43.0,44.0,44.0,44.0,1.0,44.0,8.0,-0.39290085434913635,1.6655868291854858,4.0,-1.9607502222061157,-0.42439842224121094,-55.516758405608996,0.0,10.0,0.0,0.0,18.0,17.0,43.0,45.0,44.0,45.0,45.0,45.0,1.0,45.0,0.0
11244,0.0,10.0,0.0,0.0,18.0,17.0,43.0,45.0,44.0,45.0,45.0,45.0,1.0,45.0,8.0,-1.6499370336532593,1.911360263824463,4.0,-1.8674336671829224,-1.4437271356582642,-64.55368123386208,0.0,10.0,0.0,0.0,19.0,18.0,44.0,46.0,45.0,46.0,46.0,46.0,1.0,46.0,0.0
11245,0.0,10.0,0.0,0.0,19.0,18.0,44.0,46.0,45.0,46.0,46.0,46.0,1.0,46.0,8.0,-1.7610416412353516,1.2437865734100342,4.0,-1.9796905517578125,-0.9248218536376953,-61.76360320534436,0.0,10.0,0.0,0.0,20.0,19.0,45.0,47.0,46.0,47.0,47.0,47.0,1.0,47.0,0.0
11246,0.0,10.0,0.0,0.0,20.0,19.0,45.0,47.0,46.0,47.0,47.0,47.0,1.0,47.0,0.0,0.10018658638000488,1.9534575939178467,4.0,-1.8016003370285034,-0.3279433846473694,-69.79170820341909,0.10018658638000488,10.0,0.0,0.0,21.0,20.0,46.0,48.0,47.0,48.0,48.0,48.0,2.0,48.0,0.0
11247,0.10018658638000488,10.0,0.0,0.0,21.0,20.0,46.0,48.0,47.0,48.0,48.0,48.0,2.0,48.0,8.0,-0.5598291158676147,1.9189903736114502,0.0,-1.9522705078125,1.572302222251892,-61.736452067702686,0.0,10.0,0.0,1.572302222251892,1.0,21.0,47.0,49.0,48.0,49.0,49.0,49.0,1.0,49.0,0.0
11248,0.0,10.0,0.0,1.572302222251892,1.0,21.0,47.0,49.0,48.0,49.0,49.0,49.0,1.0,49.0,0.0,-1.5553287267684937,1.620678186416626,4.0,-1.7587555646896362,-1.0879106521606445,-72.5112637334137,0.0,10.0,0.0,0.48439157009124756,2.0,22.0,48.0,50.0,49.0,50.0,50.0,50.0,2.0,50.0,0.0
11249,0.0,10.0,0.0,0.48439157009124756,2.0,22.0,48.0,50.0,49.0,50.0,50.0,50.0,2.0,50.0,8.0,-1.6182454824447632,1.6053051948547363,4.0,-1.7799417972564697,-0.2601829171180725,-64.49787909079987,0.0,10.0,0.0,0.22420865297317505,3.0,23.0,49.0,51.0,50.0,51.0,51.0,51.0,1.0,51.0,0.0
11250,0.0,10.0,0.0,0.22420865297317505,3.0,23.0,49.0,51.0,50.0,51.0,51.0,51.0,1.0,51.0,0.0,-1.5792326927185059,1.9006876945495605,4.0,-1.9575971364974976,-0.2953965365886688,-76.56026474508002,0.0,10.0,0.0,0.0,4.0,24.0,50.0,52.0,51.0,52.0,52.0,52.0,2.0,52.0,0.0
11251,0.0,10.0,0.0,0.0,4.0,24.0,50.0,52.0,51.0,52.0,52.0,52.0,2.0,52.0,0.0,-1.7169156074523926,1.9154363870620728,4.0,-1.9517741203308105,1.2938562631607056,-78.57168870457849,0.0,10.0,0.0,1.2938562631607056,5.0,25.0,51.0,53.0,52.0,53.0,53.0,53.0,3.0,53.0,0.0
11252,0.0,10.0,0.0,1.2938562631607056,5.0,25.0,51.0,53.0,52.0,53.0,53.0,53.0,3.0,53.0,0.0,-0.38931548595428467,1.9574376344680786,4.0,-1.8072949647903442,1.2628931999206543,-73.80652703161303,0.0,10.0,0.0,2.55674946308136,6.0,26.0,52.0,54.0,1.0,54.0,54.0,54.0,4.0,54.0,0.0
11253,0.0,10.0,0.0,2.55674946308136,6.0,26.0,52.0,54.0,1.0,54.0,54.0,54.0,4.0,54.0,0.0,0.6164581775665283,1.7385718822479248,1.0,-1.4617568254470825,1.690552830696106,-66.52006592346912,0.6164581775665283,10.0,0.0,4.247302293777466,7.0,1.0,53.0,55.0,2.0,55.0,55.0,55.0,5.0,55.0,0.0
11254,0.6164581775665283,10.0,0.0,4.247302293777466,7.0,1.0,53.0,55.0,2.0,55.0,55.0,55.0,5.0,55.0,8.0,-1.7541444301605225,1.7659255266189575,6.0,-1.9884955883026123,1.9580270051956177,-59.410470293529414,0.0,10.0,0.0,6.2053292989730835,8.0,2.0,54.0,56.0,3.0,56.0,56.0,56.0,1.0,56.0,0.0
11255,0.0,10.0,0.0,6.2053292989730835,8.0,2.0,54.0,56.0,3.0,56.0,56.0,56.0,1.0,56.0,8.0,-0.9768044352531433,1.6644113063812256,1.0,-1.990854263305664,0.4821412265300751,-58.60248545479048,0.0,10.0,0.0,6.687470525503159,9.0,3.0,55.0,57.0,4.0,57.0,57.0,57.0,1.0,57.0,0.0
11256,0.0,10.0,0.0,6.687470525503159,9.0,3.0,55.0,57.0,4.0,57.0,57.0,57.0,1.0,57.0,8.0,-1.208972454071045,1.7005409002304077,1.0,-1.9988664388656616,0.5691859722137451,-61.06868169904711,0.0,10.0,0.0,7.256656497716904,10.0,4.0,56.0,58.0,5.0,58.0,58.0,58.0,1.0,58.0,0.0
11257,0.0,10.0,0.0,7.256656497716904,10.0,4.0,56.0,58.0,5.0,58.0,58.0,58.0,1.0,58.0,8.0,-0.3123220205307007,1.8228602409362793,1.0,-1.9721698760986328,-0.09079650789499283,-59.59797748452784,0.0,10.0,0.0,7.165859989821911,11.0,5.0,57.0,59.0,6.0,59.0,59.0,59.0,1.0,59.0,0.0
11258,0.0,10.0,0.0,7.165859989821911,11.0,5.0,57.0,59.0,6.0,59.0,59.0,59.0,1.0,59.0,8.0,-1.57564377784729,1.7808383703231812,6.0,-1.9759924411773682,0.28345924615859985,-65.78197242280571,0.0,10.0,0.0,7.449319235980511,12.0,6.0,58.0,60.0,7.0,60.0,60.0,60.0,1.0,60.0,0.0
11259,0.0,10.0,0.0,7.449319235980511,12.0,6.0,58.0,60.0,7.0,60.0,60.0,60.0,1.0,60.0,8.0,-0.6924138069152832,1.7437025308609009,1.0,-1.920189619064331,-1.0967072248458862,-61.66524086863201,0.0,10.0,0.0,6.3526120111346245,13.0,7.0,59.0,61.0,8.0,61.0,61.0,61.0,1.0,61.0,0.0
11260,0.0,10.0,0.0,6.3526120111346245,13.0,7.0,59.0,61.0,8.0,61.0,61.0,61.0,1.0,61.0,8.0,-0.6259881258010864,0.5787355303764343,1.0,-1.9692174196243286,0.41893675923347473,-52.32898282828129,0.0,10.0,0.0,6.771548770368099,14.0,8.0,60.0,62.0,9.0,62.0,62.0,62.0,1.0,62.0,0.0
11261,0.0,10.0,0.0,6.771548770368099,14.0,8.0,60.0,62.0,9.0,62.0,62.0,62.0,1.0,62.0,8.0,-0.16176927089691162,1.0610284805297852,1.0,-1.975635051727295,-1.1540594100952148,-55.43664678279757,0.0,10.0,0.0,5.617489360272884,15.0,1.0,61.0,63.0,10.0,63.0,63.0,63.0,1.0,63.0,0.0
11262,0.0,10.0,0.0,5.617489360272884,15.0,1.0,61.0,63.0,10.0,63.0,63.0,63.0,1.0,63.0,8.0,-1.6035082340240479,1.189329743385315,1.0,-1.8974316120147705,-1.162927269935608,-64.76807792528689,0.0,10.0,0.0,4.4545620903372765,16.0,1.0,62.0,64.0,11.0,64.0,64.0,64.0,1.0,64.0,0.0
11263,0.0,10.0,0.0,4.4545620903372765,16.0,1.0,62.0,64.0,11.0,64.0,64.0,64.0,1.0,64.0,8.0,-0.8476303219795227,0.5853121280670166,4.0,-1.99518883228302,0.9765186309814453,-55.90456283201209,0.0,10.0,0.0,5.431080721318722,17.0,2.0,63.0,65.0,1.0,65.0,65.0,65.0,1.0,65.0,0.0
11264,0.0,10.0,0.0,5.431080721318722,17.0,2.0,63.0,65.0,1.0,65.0,65.0,65.0,1.0,65.0,8.0,-1.728318452835083,0.7394394874572754,6.0,-1.9970996379852295,-1.1986926794052124,-64.20230161979595,0.0,10.0,0.0,4.232388041913509,18.0,3.0,64.0,66.0,2.0,66.0,66.0,66.0,1.0,66.0,0.0
11265,0.0,10.0,0.0,4.232388041913509,18.0,3.0,64.0,66.0,2.0,66.0,66.0,66.0,1.0,66.0,8.0,-1.5616509914398193,1.8208580017089844,6.0,-1.9940195083618164,1.2326319217681885,-70.29182554067772,0.0,10.0,0.0,5.465019963681698,19.0,4.0,65.0,67.0,3.0,67.0,67.0,67.0,1.0,67.0,0.0
11266,0.0,10.0,0.0,5.465019963681698,19.0,4.0,65.0,67.0,3.0,67.0,67.0,67.0,1.0,67.0,8.0,-0.5830299258232117,1.7721104621887207,1.0,-1.9883683919906616,1.8810559511184692,-65.85931052388707,0.0,10.0,0.0,7.346075914800167,20.0,5.0,66.0,68.0,4.0,68.0,68.0,68.0,1.0,68.0,0.0
11267,0.0,10.0,0.0,7.346075914800167,20.0,5.0,66.0,68.0,4.0,68.0,68.0,68.0,1.0,68.0,8.0,-1.6558103561401367,1.7137980461120605,1.0,-1.9984426498413086,-1.927828073501587,-71.93400740179581,0.0,10.0,0.0,5.41824784129858,21.0,1.0,67.0,69.0,5.0,69.0,69.0,69.0,1.0,69.0,0.0
11268,0.0,10.0,0.0,5.41824784129858,21.0,1.0,67.0,69.0,5.0,69.0,69.0,69.0,1.0,69.0,8.0,-1.7284489870071411,1.8664997816085815,6.0,-1.9986289739608765,0.12109433859586716,-73.94261266213742,0.0,10.0,0.0,5.539342179894447,22.0,2.0,68.0,70.0,6.0,70.0,70.0,70.0,1.0,70.0,0.0
11269,0.0,10.0,0.0,5.539342179894447,22.0,2.0,68.0,70.0,6.0,70.0,70.0,70.0,1.0,70.0,8.0,-1.4166427850723267,1.5326197147369385,6.0,-1.9890865087509155,-1.1673438549041748,-70.27430334795369,0.0,10.0,0.0,4.3719983249902725,23.0,3.0,69.0,71.0,7.0,71.0,71.0,71.0,1.0,71.0,0.0
11270,0.0,10.0,0.0,4.3719983249902725,23.0,3.0,69.0,71.0,7.0,71.0,71.0,71.0,1.0,71.0,8.0,-1.725023865699768,1.9708213806152344,4.0,-1.99739408493042,1.6275416612625122,-76.4950543805075,0.0,10.0,0.0,5.999539986252785,24.0,4.0,70.0,72.0,1.0,72.0,72.0,72.0,1.0,72.0,0.0
11271,0.0,10.0,0.0,5.999539986252785,24.0,4.0,70.0,72.0,1.0,72.0,72.0,72.0,1.0,72.0,8.0,-1.2866727113723755,1.9483407735824585,1.0,-1.9978421926498413,-1.8929944038391113,-73.85232262488273,0.0,10.0,0.0,4.106545582413673,25.0,1.0,71.0,73.0,2.0,73.0,73.0,73.0,1.0,73.0,0.0
11272,0.0,10.0,0.0,4.106545582413673,25.0,1.0,71.0,73.0,2.0,73.0,73.0,73.0,1.0,73.0,8.0,-1.627168893814087,1.8957107067108154,4.0,-1.9892040491104126,-1.63026762008667,-75.98653946101531,0.0,10.0,0.0,2.4762779623270035,26.0,2.0,72.0,74.0,1.0,74.0,74.0,74.0,1.0,74.0,0.0
11273,0.0,10.0,0.0,2.4762779623270035,26.0,2.0,72.0,74.0,1.0,74.0,74.0,74.0,1.0,74.0,8.0,-1.7950342893600464,1.762557864189148,4.0,-1.9845916032791138,-1.2227818965911865,-76.86077352146083,0.0,10.0,0.0,1.253496065735817,27.0,3.0,73.0,75.0,2.0,75.0,75.0,75.0,1.0,75.0,0.0
11274,0.0,10.0,0.0,1.253496065735817,27.0,3.0,73.0,75.0,2.0,75.0,75.0,75.0,1.0,75.0,8.0,-1.5214638710021973,1.9342998266220093,4.0,-1.9947634935379028,-1.3860561847686768,-77.21343941298309,0.0,10.0,0.0,0.0,28.0,4.0,74.0,76.0,3.0,76.0,76.0,76.0,1.0,76.0,0.0
11275,0.0,10.0,0.0,0.0,28.0,4.0,74.0,76.0,3.0,76.0,76.0,76.0,1.0,76.0,8.0,-1.781311273574829,1.9847184419631958,6.0,-1.998439073562622,-1.5620551109313965,-80.17241540949058,0.0,10.0,0.0,0.0,29.0,5.0,75.0,77.0,4.0,77.0,77.0,77.0,1.0,77.0,0.0
11276,0.0,10.0,0.0,0.0,29.0,5.0,75.0,77.0,4.0,77.0,77.0,77.0,1.0,77.0,8.0,-1.4163318872451782,1.9653462171554565,6.0,-1.9974770545959473,-1.8753150701522827,-78.62890586764046,0.0,10.0,0.0,0.0,30.0,6.0,76.0,78.0,5.0,78.0,78.0,78.0,1.0,78.0,0.0
11277,0.0,10.0,0.0,0.0,30.0,6.0,76.0,78.0,5.0,78.0,78.0,78.0,1.0,78.0,8.0,-1.1949501037597656,1.9955590963363647,4.0,-1.997994065284729,-1.8025990724563599,-78.56350463638059,0.0,10.0,0.0,0.0,31.0,7.0,77.0,79.0,6.0,79.0,79.0,79.0,1.0,79.0,0.0
11278,0.0,10.0,0.0,0.0,31.0,7.0,77.0,79.0,6.0,79.0,79.0,79.0,1.0,79.0,8.0,-0.6923243999481201,1.9851758480072021,1.0,-1.9848836660385132,-1.5318186283111572,-77.22810783151209,0.0,10.0,0.0,0.0,32.0,1.0,78.0,80.0,7.0,80.0,80.0,80.0,1.0,80.0,0.0
11279,0.0,10.0,0.0,0.0,32.0,1.0,78.0,80.0,7.0,80.0,80.0,80.0,1.0,80.0,8.0,-1.6275861263275146,1.9842123985290527,4.0,-1.999589443206787,0.2521267235279083,-82.06721711005787,0.0,10.0,0.0,0.2521267235279083,33.0,2.0,79.0,81.0,8.0,81.0,81.0,81.0,1.0,81.0,0.0
11280,0.0,10.0,0.0,0.2521267235279083,33.0,2.0,79.0,81.0,8.0,81.0,81.0,81.0,1.0,81.0,8.0,-1.75401771068573,1.973915934562683,2.0,-1.997950792312622,1.3147826194763184,-83.71004138315277,0.0,10.0,0.0,1.5669093430042267,34.0,3.0,80.0,82.0,9.0,82.0,82.0,82.0,1.0,82.0,0.0
11281,0.0,10.0,0.0,1.5669093430042267,34.0,3.0,80.0,82.0,9.0,82.0,82.0,82.0,1.0,82.0,8.0,-1.153967022895813,1.9927300214767456,4.0,-1.99728262424469,-0.24969521164894104,-81.23115286794352,0.0,10.0,0.0,1.3172141313552856,35.0,4.0,81.0,83.0,10.0,83.0,83.0,83.0,1.0,83.0,0.0
11282,0.0,10.0,0.0,1.3172141313552856,35.0,4.0,81.0,83.0,10.0,83.0,83.0,83.0,1.0,83.0,8.0,-1.1007627248764038,1.9736155271530151,1.0,-1.995574951171875,-1.6276907920837402,-81.70206149775753,0.0,10.0,0.0,0.0,36.0,1.0,82.0,84.0,11.0,84.0,84.0,84.0,1.0,84.0,0.0
11283,0.0,10.0,0.0,0.0,36.0,1.0,82.0,84.0,11.0,84.0,84.0,84.0,1.0,84.0,8.0,-1.7522103786468506,1.9676287174224854,4.0,-1.9845912456512451,-1.8249675035476685,-85.95105343064238,0.0,10.0,0.0,0.0,37.0,2.0,83.0,85.0,12.0,85.0,85.0,85.0,1.0,85.0,0.0
11284,0.0,10.0,0.0,0.0,37.0,2.0,83.0,85.0,12.0,85.0,85.0,85.0,1.0,85.0,8.0,-1.334702730178833,1.9435515403747559,4.0,-1.996079921722412,-1.2720328569412231,-84.08090836999853,0.0,10.0,0.0,0.0,38.0,3.0,84.0,86.0,13.0,86.0,86.0,86.0,1.0,86.0,0.0
11285,0.0,10.0,0.0,0.0,38.0,3.0,84.0,86.0,13.0,86.0,86.0,86.0,1.0,86.0,8.0,-1.9426440000534058,1.963839054107666,4.0,-1.979690432548523,0.4315011203289032,-89.02716315149522,0.0,10.0,0.0,0.4315011203289032,39.0,4.0,85.0,87.0,14.0,87.0,87.0,87.0,1.0,87.0,0.0
11286,0.0,10.0,0.0,0.4315011203289032,39.0,4.0,85.0,87.0,14.0,87.0,87.0,87.0,1.0,87.0,8.0,-1.4438499212265015,1.9623024463653564,4.0,-1.9802706241607666,-1.7141822576522827,-86.66628986356356,0.0,10.0,0.0,0.0,40.0,5.0,86.0,88.0,15.0,88.0,88.0,88.0,1.0,88.0,0.0
11287,0.0,10.0,0.0,0.0,40.0,5.0,86.0,88.0,15.0,88.0,88.0,88.0,1.0,88.0,8.0,-1.247831106185913,1.764925241470337,4.0,-1.9994992017745972,-1.639131784439087,-84.8186605423647,0.0,10.0,0.0,0.0,41.0,6.0,87.0,89.0,16.0,89.0,89.0,89.0,1.0,89.0,0.0
11288,0.0,10.0,0.0,0.0,41.0,6.0,87.0,89.0,16.0,89.0,89.0,89.0,1.0,89.0,8.0,-0.5384165644645691,1.967240810394287,4.0,-1.995094656944275,-1.9652832746505737,-84.49965351754636,0.0,10.0,0.0,0.0,42.0,7.0,88.0,90.0,17.0,90.0,90.0,90.0,1.0,90.0,0.0
11289,0.0,10.0,0.0,0.0,42.0,7.0,88.0,90.0,17.0,90.0,90.0,90.0,1.0,90.0,0.0,-1.7952924966812134,1.9219987392425537,4.0,-1.9942716360092163,-1.5807230472564697,-100.54923345998574,0.0,10.0,0.0,0.0,43.0,8.0,89.0,91.0,18.0,91.0,91.0,91.0,2.0,91.0,0.0
11290,0.0,10.0,0.0,0.0,43.0,8.0,89.0,91.0,18.0,91.0,91.0,91.0,2.0,91.0,8.0,-0.12902601063251495,1.9678988456726074,4.0,-1.9993551969528198,-1.906959056854248,-85.62499128501887,0.0,10.0,0.0,0.0,44.0,9.0,90.0,92.0,19.0,92.0,92.0,92.0,1.0,92.0,0.0
11291,0.0,10.0,0.0,0.0,44.0,9.0,90.0,92.0,19.0,92.0,92.0,92.0,1.0,92.0,8.0,-1.9258809089660645,1.9816625118255615,4.0,-1.9968143701553345,-1.8739924430847168,-94.43706971786008,0.0,10.0,0.0,0.0,45.0,10.0,91.0,93.0,20.0,93.0,93.0,93.0,1.0,93.0,0.0
11292,0.0,10.0,0.0,0.0,45.0,10.0,91.0,93.0,20.0,93.0,93.0,93.0,1.0,93.0,8.0,-1.917371153831482,1.9226720333099365,4.0,-1.9834142923355103,-1.9363552331924438,-94.85698164784854,0.0,10.0,0.0,0.0,46.0,11.0,92.0,94.0,21.0,94.0,94.0,94.0,1.0,94.0,0.0
11293,0.0,10.0,0.0,0.0,46.0,11.0,92.0,94.0,21.0,94.0,94.0,94.0,1.0,94.0,8.0,-1.8101471662521362,1.898805856704712,1.0,-1.996760606765747,-1.9107686281204224,-94.8375001035341,0.0,10.0,0.0,0.0,47.0,1.0,93.0,95.0,22.0,95.0,95.0,95.0,1.0,95.0,0.0
11294,0.0,10.0,0.0,0.0,47.0,1.0,93.0,95.0,22.0,95.0,95.0,95.0,1.0,95.0,8.0,-1.9580109119415283,1.926256775856018,4.0,-1.9992932081222534,-1.925485610961914,-95.87058800114843,0.0,10.0,0.0,0.0,48.0,2.0,94.0,96.0,23.0,96.0,96.0,96.0,1.0,96.0,0.0
11295,0.0,10.0,0.0,0.0,48.0,2.0,94.0,96.0,23.0,96.0,96.0,96.0,1.0,96.0,8.0,-1.9598009586334229,1.9745935201644897,4.0,-1.9997550249099731,-1.9767110347747803,-97.12431679389563,0.0,10.0,0.0,0.0,49.0,3.0,95.0,97.0,24.0,97.0,97.0,97.0,1.0,97.0,0.0
11296,0.0,10.0,0.0,0.0,49.0,3.0,95.0,97.0,24.0,97.0,97.0,97.0,1.0,97.0,8.0,-1.971182942390442,1.9937490224838257,4.0,-1.9954532384872437,-1.9137052297592163,-98.2405068684865,0.0,10.0,0.0,0.0,50.0,4.0,96.0,98.0,25.0,98.0,98.0,98.0,1.0,98.0,0.0
11297,0.0,10.0,0.0,0.0,50.0,4.0,96.0,98.0,25.0,98.0,98.0,98.0,1.0,98.0,8.0,-1.9338594675064087,1.9824331998825073,4.0,-1.994631052017212,-1.8757696151733398,-98.79825095607532,0.0,10.0,0.0,0.0,51.0,5.0,97.0,99.0,26.0,99.0,99.0,99.0,1.0,99.0,0.0
11298,0.0,10.0,0.0,0.0,51.0,5.0,97.0,99.0,26.0,99.0,99.0,99.0,1.0,99.0,8.0,-1.8986533880233765,1.9846527576446533,4.0,-1.9976778030395508,-1.9561419486999512,-99.4696038121049,0.0,10.0,0.0,0.0,52.0,6.0,98.0,100.0,27.0,100.0,100.0,100.0,1.0,100.0,0.0
11299,0.0,10.0,0.0,0.0,52.0,6.0,98.0,100.0,27.0,100.0,100.0,100.0,1.0,100.0,8.0,-1.909891128540039,1.9422571659088135,4.0,-1.999596118927002,-1.938991904258728,-99.64351325411086,0.0,10.0,0.0,0.0,53.0,7.0,99.0,100.0,28.0,100.0,100.0,100.0,1.0,100.0,1.0
11300,1.7935001850128174,4.135603904724121,5.94144344329834,1.2528194189071655,1.0,1.0,1.0,1.0,1.0,1.0,1.0,1.0,1.0,1.0,2.0,-1.760730504989624,-0.652730405330658,4.0,-1.899335503578186,-1.9738132953643799,-10.455263259098894,0.03276968002319336,3.482873499393463,4.042107939720154,0.0,2.0,2.0,1.0,2.0,1.0,2.0,2.0,2.0,2.0,2.0,0.0
11301,0.03276968002319336,3.482873499393463,4.042107939720154,0.0,2.0,2.0,1.0,2.0,1.0,2.0,2.0,2.0,2.0,2.0,2.0,-0.5849349498748779,-1.6401129961013794,4.0,-1.9528127908706665,-0.22585535049438477,-19.147956178609483,0.0,1.8427605032920837,2.0892951488494873,0.0,3.0,3.0,2.0,3.0,1.0,3.0,3.0,3.0,3.0,3.0,0.0
11302,0.0,1.8427605032920837,2.0892951488494873,0.0,3.0,3.0,2.0,3.0,1.0,3.0,3.0,3.0,3.0,3.0,8.0,0.26540806889533997,-1.4164321422576904,10.0,-1.971904993057251,-1.9328343868255615,-13.772521138905653,0.26540806889533997,0.4263283610343933,0.11739015579223633,0.0,4.0,4.0,3.0,4.0,2.0,4.0,4.0,4.0,4.0,4.0,0.0
11303,0.26540806889533997,0.4263283610343933,0.11739015579223633,0.0,4.0,4.0,3.0,4.0,2.0,4.0,4.0,4.0,4.0,4.0,8.0,1.315486192703247,1.9278934001922607,1.0,-0.7591425776481628,-1.7830688953399658,-9.466321469710994,1.580894261598587,2.354221761226654,0.0,0.0,5.0,1.0,4.0,5.0,3.0,5.0,5.0,5.0,1.0,5.0,0.0
11304,1.580894261598587,2.354221761226654,0.0,0.0,5.0,1.0,4.0,5.0,3.0,5.0,5.0,5.0,1.0,5.0,9.0,-0.4496491551399231,-0.5320373177528381,0.0,-1.6714451313018799,-1.601897954940796,-5.060414613787208,1.131245106458664,1.822184443473816,0.0,0.0,1.0,2.0,5.0,6.0,4.0,6.0,6.0,6.0,2.0,1.0,0.0
11305,1.131245106458664,1.822184443473816,0.0,0.0,1.0,2.0,5.0,6.0,4.0,6.0,6.0,6.0,2.0,1.0,8.0,-0.928986668586731,0.85356605052948,0.0,-0.5456332564353943,0.8752577900886536,-10.697914761667777,0.20225843787193298,2.675750494003296,0.0,0.8752577900886536,1.0,3.0,6.0,7.0,5.0,7.0,7.0,7.0,1.0,2.0,0.0
11306,0.20225843787193298,2.675750494003296,0.0,0.8752577900886536,1.0,3.0,6.0,7.0,5.0,7.0,7.0,7.0,1.0,2.0,5.0,0.45624375343322754,-0.283636212348938,1.0,-0.5518682599067688,-1.528978943824768,-16.33997414957615,0.6585021913051605,2.392114281654358,0.0,0.0,2.0,1.0,7.0,8.0,6.0,8.0,8.0,8.0,2.0,3.0,0.0
11307,0.6585021913051605,2.392114281654358,0.0,0.0,2.0,1.0,7.0,8.0,6.0,8.0,8.0,8.0,2.0,3.0,8.0,-1.667985200881958,0.9351226687431335,1.0,-1.6229181289672852,-0.13601210713386536,-21.52868257332782,0.0,3.3272369503974915,0.0,0.0,3.0,1.0,8.0,9.0,7.0,9.0,9.0,9.0,1.0,4.0,0.0
11308,0.0,3.3272369503974915,0.0,0.0,3.0,1.0,8.0,9.0,7.0,9.0,9.0,9.0,1.0,4.0,0.0,1.3920822143554688,1.655758023262024,3.0,-1.86885666847229,-0.759312093257904,-9.136081306749066,1.3920822143554688,4.982994973659515,0.0,0.0,1.0,2.0,9.0,1.0,8.0,10.0,10.0,10.0,2.0,5.0,0.0
11309,1.3920822143554688,4.982994973659515,0.0,0.0,1.0,2.0,9.0,1.0,8.0,10.0,10.0,10.0,2.0,5.0,8.0,-1.5099713802337646,0.38440394401550293,0.0,-1.0119670629501343,-1.0484912395477295,-11.118829702114681,0.0,5.367398917675018,0.0,0.0,1.0,3.0,10.0,2.0,9.0,11.0,11.0,11.0,1.0,6.0,0.0
11310,0.0,5.367398917675018,0.0,0.0,1.0,3.0,10.0,2.0,9.0,11.0,11.0,11.0,1.0,6.0,8.0,1.8438256978988647,0.1789003163576126,4.0,1.4209365844726562,-1.2747961282730103,-8.867235317117334,1.8438256978988647,5.546299234032631,1.4209365844726562,0.0,2.0,4.0,11.0,3.0,1.0,12.0,12.0,12.0,1.0,7.0,0.0
11311,1.8438256978988647,5.546299234032631,1.4209365844726562,0.0,2.0,4.0,11.0,3.0,1.0,12.0,12.0,12.0,1.0,7.0,8.0,-0.9752978682518005,1.6708804368972778,0.0,-1.0902771949768066,-1.8924870491027832,-9.087346320295687,0.8685278296470642,7.217179670929909,0.3306593894958496,0.0,1.0,5.0,12.0,4.0,2.0,13.0,13.0,13.0,1.0,8.0,0.0
11312,0.8685278296470642,7.217179670929909,0.3306593894958496,0.0,1.0,5.0,12.0,4.0,2.0,13.0,13.0,13.0,1.0,8.0,8.0,-0.7336565852165222,0.22699977457523346,1.0,-0.8640435934066772,-0.9586060047149658,-10.571062115872273,0.134871244430542,7.444179445505142,0.0,0.0,2.0,1.0,13.0,5.0,3.0,14.0,14.0,14.0,1.0,9.0,0.0
11313,0.134871244430542,7.444179445505142,0.0,0.0,2.0,1.0,13.0,5.0,3.0,14.0,14.0,14.0,1.0,9.0,8.0,1.5814861059188843,-0.16339591145515442,1.0,0.4298597276210785,-1.724145531654358,-9.470777339588238,1.7163573503494263,7.280783534049988,0.4298597276210785,0.0,3.0,1.0,14.0,6.0,4.0,15.0,15.0,15.0,1.0,10.0,0.0
11314,1.7163573503494263,7.280783534049988,0.4298597276210785,0.0,3.0,1.0,14.0,6.0,4.0,15.0,15.0,15.0,1.0,10.0,8.0,-0.2655004858970642,1.2707254886627197,1.0,-1.0016899108886719,1.3553552627563477,-10.633589302305161,1.450856864452362,8.551509022712708,0.0,1.3553552627563477,4.0,1.0,15.0,7.0,5.0,16.0,16.0,16.0,1.0,11.0,0.0
11315,1.450856864452362,8.551509022712708,0.0,1.3553552627563477,4.0,1.0,15.0,7.0,5.0,16.0,16.0,16.0,1.0,11.0,8.0,-0.6321566104888916,-1.4879260063171387,0.0,1.0067201852798462,-1.1990258693695068,-11.853224817945124,0.8187002539634705,7.063583016395569,1.0067201852798462,0.15632939338684082,1.0,2.0,16.0,8.0,6.0,17.0,17.0,17.0,1.0,12.0,0.0
11316,0.8187002539634705,7.063583016395569,1.0067201852798462,0.15632939338684082,1.0,2.0,16.0,8.0,6.0,17.0,17.0,17.0,1.0,12.0,8.0,-1.1212736368179321,1.2323532104492188,3.0,-0.1721843183040619,-1.7516906261444092,-16.358928572511225,0.0,8.295936226844788,0.8345358669757843,0.0,2.0,3.0,17.0,1.0,7.0,18.0,18.0,18.0,1.0,13.0,0.0
11317,0.0,8.295936226844788,0.8345358669757843,0.0,2.0,3.0,17.0,1.0,7.0,18.0,18.0,18.0,1.0,13.0,8.0,1.6065343618392944,0.16972610354423523,0.0,1.5075501203536987,-1.6289407014846802,-11.8874831320952,1.6065343618392944,8.465662330389023,2.342085987329483,0.0,1.0,4.0,18.0,2.0,8.0,19.0,19.0,19.0,1.0,14.0,0.0
11318,1.6065343618392944,8.465662330389023,2.342085987329483,0.0,1.0,4.0,18.0,2.0,8.0,19.0,19.0,19.0,1.0,14.0,8.0,-0.7738638520240784,0.4009462594985962,1.0,0.1397840976715088,-1.4750208854675293,-13.399437246289068,0.8326705098152161,8.866608589887619,2.481870085000992,0.0,2.0,1.0,19.0,3.0,9.0,20.0,20.0,20.0,1.0,15.0,0.0
11319,0.8326705098152161,8.866608589887619,2.481870085000992,0.0,2.0,1.0,19.0,3.0,9.0,20.0,20.0,20.0,1.0,15.0,8.0,0.22319823503494263,1.5955836772918701,0.0,0.8079141974449158,-1.645757794380188,-18.98919854316517,1.0558687448501587,10.0,3.2897842824459076,0.0,1.0,2.0,20.0,4.0,10.0,21.0,21.0,21.0,1.0,16.0,0.0
11320,1.0558687448501587,10.0,3.2897842824459076,0.0,1.0,2.0,20.0,4.0,10.0,21.0,21.0,21.0,1.0,16.0,8.0,-0.4166983366012573,0.6520942449569702,0.0,1.6015106439590454,-1.422550916671753,-21.99544465901213,0.6391704082489014,10.0,4.891294926404953,0.0,1.0,3.0,21.0,5.0,11.0,22.0,22.0,22.0,1.0,17.0,0.0
11321,0.6391704082489014,10.0,4.891294926404953,0.0,1.0,3.0,21.0,5.0,11.0,22.0,22.0,22.0,1.0,17.0,8.0,1.640697956085205,1.2186278104782104,1.0,0.1775985062122345,-1.7709096670150757,-27.16865029560499,2.2798683643341064,10.0,5.0688934326171875,0.0,2.0,1.0,22.0,6.0,12.0,23.0,23.0,23.0,1.0,18.0,0.0
11322,2.2798683643341064,10.0,5.0688934326171875,0.0,2.0,1.0,22.0,6.0,12.0,23.0,23.0,23.0,1.0,18.0,8.0,-0.47213467955589294,1.0561378002166748,1.0,1.0438530445098877,-1.443906545639038,-26.430062899679445,1.8077336847782135,10.0,6.112746477127075,0.0,3.0,1.0,23.0,7.0,13.0,24.0,24.0,24.0,1.0,19.0,0.0
11323,1.8077336847782135,10.0,6.112746477127075,0.0,3.0,1.0,23.0,7.0,13.0,24.0,24.0,24.0,1.0,19.0,8.0,0.6297907829284668,0.7918531894683838,0.0,-0.7971813082695007,-0.7229463458061218,-24.22068801198121,2.4375244677066803,10.0,5.3155651688575745,0.0,1.0,2.0,24.0,8.0,14.0,25.0,25.0,25.0,1.0,20.0,0.0
11324,2.4375244677066803,10.0,5.3155651688575745,0.0,1.0,2.0,24.0,8.0,14.0,25.0,25.0,25.0,1.0,20.0,8.0,-0.26607364416122437,1.6653072834014893,1.0,-0.4346008002758026,0.6832137107849121,-33.695079608075346,2.171450823545456,10.0,4.880964368581772,0.6832137107849121,2.0,1.0,25.0,9.0,15.0,26.0,26.0,26.0,1.0,21.0,0.0
11325,2.171450823545456,10.0,4.880964368581772,0.6832137107849121,2.0,1.0,25.0,9.0,15.0,26.0,26.0,26.0,1.0,21.0,8.0,1.5491570234298706,-0.5986500382423401,0.0,-0.16605032980442047,1.2391059398651123,-16.827444706098383,3.7206078469753265,9.40134996175766,4.714914038777351,1.9223196506500244,1.0,2.0,26.0,10.0,16.0,27.0,27.0,27.0,1.0,22.0,0.0
11326,3.7206078469753265,9.40134996175766,4.714914038777351,1.9223196506500244,1.0,2.0,26.0,10.0,16.0,27.0,27.0,27.0,1.0,22.0,8.0,-1.366841197013855,1.763430118560791,1.0,-0.5530027151107788,0.7862138748168945,-29.991613860815267,2.3537666499614716,10.0,4.161911323666573,2.708533525466919,2.0,1.0,27.0,11.0,17.0,28.0,28.0,28.0,1.0,23.0,0.0
11327,2.3537666499614716,10.0,4.161911323666573,2.708533525466919,2.0,1.0,27.0,11.0,17.0,28.0,28.0,28.0,1.0,23.0,8.0,0.6578521132469177,1.5148673057556152,1.0,-0.18162357807159424,-1.073111891746521,-33.92384216528862,3.0116187632083893,10.0,3.9802877455949783,1.635421633720398,3.0,1.0,28.0,12.0,18.0,29.0,29.0,29.0,1.0,24.0,0.0
11328,3.0116187632083893,10.0,3.9802877455949783,1.635421633720398,3.0,1.0,28.0,12.0,18.0,29.0,29.0,29.0,1.0,24.0,8.0,1.6767512559890747,1.7288742065429688,0.0,-0.08250695466995239,-1.1976689100265503,-36.785939324345826,4.688370019197464,10.0,3.897780790925026,0.43775272369384766,1.0,2.0,29.0,13.0,19.0,30.0,30.0,30.0,1.0,25.0,0.0
11329,4.688370019197464,10.0,3.897780790925026,0.43775272369384766,1.0,2.0,29.0,13.0,19.0,30.0,30.0,30.0,1.0,25.0,8.0,-1.5168719291687012,0.6237897276878357,0.0,1.396442174911499,0.9374265074729919,-26.368041666176385,3.171498090028763,10.0,5.294222965836525,1.3751792311668396,1.0,3.0,30.0,14.0,20.0,31.0,31.0,31.0,1.0,26.0,0.0
11330,3.171498090028763,10.0,5.294222965836525,1.3751792311668396,1.0,3.0,30.0,14.0,20.0,31.0,31.0,31.0,1.0,26.0,8.0,1.4750415086746216,1.2113879919052124,0.0,-0.08012690395116806,-0.39313653111457825,-33.00242200421931,4.646539598703384,10.0,5.214096061885357,0.9820427000522614,1.0,4.0,31.0,15.0,21.0,32.0,32.0,32.0,1.0,27.0,0.0
11331,4.646539598703384,10.0,5.214096061885357,0.9820427000522614,1.0,4.0,31.0,15.0,21.0,32.0,32.0,32.0,1.0,27.0,8.0,-1.4969731569290161,1.8922951221466064,0.0,1.0625832080841064,1.3046104907989502,-40.65880299319429,3.1495664417743683,10.0,6.276679269969463,2.2866531908512115,1.0,5.0,32.0,16.0,22.0,33.0,33.0,33.0,1.0,28.0,0.0
11332,3.1495664417743683,10.0,6.276679269969463,2.2866531908512115,1.0,5.0,32.0,16.0,22.0,33.0,33.0,33.0,1.0,28.0,8.0,-0.39051949977874756,1.892903447151184,0.0,0.9694886207580566,-1.5265471935272217,-41.59147896779825,2.7590469419956207,10.0,7.24616789072752,0.7601059973239899,1.0,6.0,33.0,17.0,23.0,34.0,34.0,34.0,1.0,29.0,0.0
11333,2.7590469419956207,10.0,7.24616789072752,0.7601059973239899,1.0,6.0,33.0,17.0,23.0,34.0,34.0,34.0,1.0,29.0,8.0,1.5827986001968384,1.7638860940933228,0.0,1.1552824974060059,-0.7660853266716003,-40.88072398901434,4.341845542192459,10.0,8.401450388133526,0.0,1.0,7.0,34.0,18.0,24.0,35.0,35.0,35.0,1.0,30.0,0.0
11334,4.341845542192459,10.0,8.401450388133526,0.0,1.0,7.0,34.0,18.0,24.0,35.0,35.0,35.0,1.0,30.0,8.0,1.265906810760498,1.4347606897354126,4.0,-0.7915827035903931,0.5280013084411621,-38.772011379760116,5.607752352952957,10.0,7.609867684543133,0.5280013084411621,2.0,8.0,35.0,19.0,1.0,36.0,36.0,36.0,1.0,31.0,0.0
11335,5.607752352952957,10.0,7.609867684543133,0.5280013084411621,2.0,8.0,35.0,19.0,1.0,36.0,36.0,36.0,1.0,31.0,5.0,1.7696489095687866,1.9798110723495483,0.0,-0.4445919990539551,1.2363038063049316,-41.92344605193059,7.377401262521744,10.0,7.165275685489178,1.7643051147460938,1.0,9.0,36.0,20.0,2.0,1.0,37.0,37.0,2.0,32.0,0.0
11336,7.377401262521744,10.0,7.165275685489178,1.7643051147460938,1.0,9.0,36.0,20.0,2.0,1.0,37.0,37.0,2.0,32.0,9.0,-1.9177510738372803,0.038472436368465424,1.0,-1.8208656311035156,-1.891497254371643,-24.99245139578855,5.4596501886844635,10.0,5.344410054385662,0.0,2.0,1.0,37.0,21.0,3.0,2.0,38.0,38.0,3.0,1.0,0.0
11337,5.4596501886844635,10.0,5.344410054385662,0.0,2.0,1.0,37.0,21.0,3.0,2.0,38.0,38.0,3.0,1.0,10.0,-1.7987314462661743,1.93080735206604,1.0,-1.9970630407333374,-0.656398355960846,-34.9080735206604,3.660918742418289,10.0,3.3473470136523247,0.0,3.0,1.0,38.0,22.0,4.0,3.0,39.0,39.0,4.0,2.0,0.0
11338,3.660918742418289,10.0,3.3473470136523247,0.0,3.0,1.0,38.0,22.0,4.0,3.0,39.0,39.0,4.0,2.0,10.0,-1.2559353113174438,1.955734372138977,6.0,-1.8897210359573364,-1.0735647678375244,-36.05734372138977,2.4049834311008453,10.0,1.4576259776949883,0.0,4.0,2.0,39.0,23.0,5.0,4.0,40.0,40.0,5.0,3.0,0.0
11339,2.4049834311008453,10.0,1.4576259776949883,0.0,4.0,2.0,39.0,23.0,5.0,4.0,40.0,40.0,5.0,3.0,10.0,0.4919750392436981,1.7554363012313843,6.0,-1.9614474773406982,1.3807014226913452,-35.05436301231384,2.8969584703445435,10.0,0.0,1.3807014226913452,5.0,3.0,40.0,24.0,6.0,5.0,41.0,41.0,6.0,4.0,0.0
11340,2.8969584703445435,10.0,0.0,1.3807014226913452,5.0,3.0,40.0,24.0,6.0,5.0,41.0,41.0,6.0,4.0,10.0,1.2727974653244019,1.9809508323669434,6.0,-1.9904733896255493,1.186942219734192,-38.309508323669434,4.169755935668945,10.0,0.0,2.567643642425537,6.0,4.0,41.0,25.0,7.0,6.0,42.0,42.0,7.0,5.0,0.0
11341,4.169755935668945,10.0,0.0,2.567643642425537,6.0,4.0,41.0,25.0,7.0,6.0,42.0,42.0,7.0,5.0,10.0,-1.9070879220962524,1.867814064025879,6.0,-1.874888300895691,-1.4107706546783447,-38.17814064025879,2.262668013572693,10.0,0.0,1.1568729877471924,7.0,5.0,42.0,26.0,8.0,7.0,43.0,43.0,8.0,6.0,0.0
11342,2.262668013572693,10.0,0.0,1.1568729877471924,7.0,5.0,42.0,26.0,8.0,7.0,43.0,43.0,8.0,6.0,10.0,-1.4064388275146484,1.9617153406143188,0.0,-1.9376119375228882,-1.7863258123397827,-40.11715340614319,0.8562291860580444,10.0,0.0,0.0,1.0,6.0,43.0,27.0,9.0,8.0,44.0,44.0,9.0,7.0,0.0
11343,0.8562291860580444,10.0,0.0,0.0,1.0,6.0,43.0,27.0,9.0,8.0,44.0,44.0,9.0,7.0,10.0,-0.5502451658248901,1.9473625421524048,6.0,-1.944777011871338,1.1920262575149536,-40.273625421524045,0.3059840202331543,10.0,0.0,1.1920262575149536,2.0,7.0,44.0,28.0,10.0,9.0,45.0,45.0,10.0,8.0,0.0
11344,0.3059840202331543,10.0,0.0,1.1920262575149536,2.0,7.0,44.0,28.0,10.0,9.0,45.0,45.0,10.0,8.0,10.0,-1.4783624410629272,1.9610390663146973,6.0,-1.9112215042114258,-0.8221203088760376,-44.64763747357641,0.0,10.0,0.0,0.369905948638916,3.0,8.0,45.0,29.0,11.0,10.0,46.0,46.0,11.0,9.0,0.0
11345,0.0,10.0,0.0,0.369905948638916,3.0,8.0,45.0,29.0,11.0,10.0,46.0,46.0,11.0,9.0,10.0,-1.632058024406433,1.9291126728057861,6.0,-1.9393410682678223,-1.4502116441726685,-48.06873384126976,0.0,10.0,0.0,0.0,4.0,9.0,46.0,30.0,12.0,11.0,47.0,47.0,12.0,10.0,0.0
11346,0.0,10.0,0.0,0.0,4.0,9.0,46.0,30.0,12.0,11.0,47.0,47.0,12.0,10.0,10.0,-1.603865385055542,1.925232172012329,4.0,-1.8790283203125,-0.6348293423652649,-48.85773950205939,0.0,10.0,0.0,0.0,5.0,10.0,47.0,31.0,13.0,12.0,48.0,48.0,13.0,11.0,0.0
11347,0.0,10.0,0.0,0.0,5.0,10.0,47.0,31.0,13.0,12.0,48.0,48.0,13.0,11.0,10.0,1.1882097721099854,1.586419939994812,6.0,-1.9209715127944946,1.0321816205978394,-40.66419939994812,1.1882097721099854,10.0,0.0,1.0321816205978394,6.0,11.0,48.0,32.0,14.0,13.0,49.0,49.0,14.0,12.0,0.0
11348,1.1882097721099854,10.0,0.0,1.0321816205978394,6.0,11.0,48.0,32.0,14.0,13.0,49.0,49.0,14.0,12.0,10.0,-0.523205041885376,1.9314723014831543,2.0,-1.9165983200073242,0.2864360809326172,-45.11472301483154,0.6650047302246094,10.0,0.0,1.3186177015304565,7.0,12.0,49.0,33.0,15.0,14.0,50.0,50.0,15.0,13.0,0.0
11349,0.6650047302246094,10.0,0.0,1.3186177015304565,7.0,12.0,49.0,33.0,15.0,14.0,50.0,50.0,15.0,13.0,9.0,-0.9838612675666809,1.8524572849273682,6.0,-1.9817289113998413,-1.8758522272109985,-53.01573774773834,0.0,10.0,0.0,0.0,8.0,13.0,50.0,34.0,16.0,15.0,51.0,51.0,16.0,1.0,0.0
11350,0.0,10.0,0.0,0.0,8.0,13.0,50.0,34.0,16.0,15.0,51.0,51.0,16.0,1.0,10.0,-1.5893640518188477,1.9444373846054077,0.0,-1.9868957996368408,-0.8142312169075012,-51.61357169314063,0.0,10.0,0.0,0.0,1.0,14.0,51.0,35.0,17.0,16.0,52.0,52.0,17.0,2.0,0.0
11351,0.0,10.0,0.0,0.0,1.0,14.0,51.0,35.0,17.0,16.0,52.0,52.0,17.0,2.0,10.0,0.32714349031448364,1.945614218711853,6.0,-1.9919278621673584,0.7594231367111206,-46.15614218711853,0.32714349031448364,10.0,0.0,0.7594231367111206,2.0,15.0,52.0,36.0,18.0,17.0,53.0,53.0,18.0,3.0,0.0
11352,0.32714349031448364,10.0,0.0,0.7594231367111206,2.0,15.0,52.0,36.0,18.0,17.0,53.0,53.0,18.0,3.0,10.0,-0.7336881756782532,1.964450716972351,4.0,-1.9931201934814453,1.4302927255630493,-47.760770674654324,0.0,10.0,0.0,2.18971586227417,3.0,16.0,53.0,37.0,19.0,18.0,54.0,54.0,19.0,4.0,0.0
11353,0.0,10.0,0.0,2.18971586227417,3.0,16.0,53.0,37.0,19.0,18.0,54.0,54.0,19.0,4.0,10.0,-0.13070304691791534,1.9337817430496216,6.0,-1.989996314048767,-0.41109439730644226,-48.081937767482536,0.0,10.0,0.0,1.7786214649677277,4.0,17.0,54.0,38.0,20.0,19.0,55.0,55.0,20.0,5.0,0.0
11354,0.0,10.0,0.0,1.7786214649677277,4.0,17.0,54.0,38.0,20.0,19.0,55.0,55.0,20.0,5.0,10.0,-0.4164975881576538,1.8391467332839966,6.0,-1.972486138343811,-0.24913673102855682,-48.557176213554186,0.0,10.0,0.0,1.5294847339391708,5.0,18.0,55.0,39.0,21.0,20.0,56.0,56.0,21.0,6.0,0.0
11355,0.0,10.0,0.0,1.5294847339391708,5.0,18.0,55.0,39.0,21.0,20.0,56.0,56.0,21.0,6.0,10.0,-1.1322044134140015,1.8718688488006592,0.0,-1.9871978759765625,-0.39971446990966797,-52.5764252584019,0.0,10.0,0.0,1.1297702640295029,1.0,19.0,56.0,40.0,22.0,21.0,57.0,57.0,22.0,7.0,0.0
11356,0.0,10.0,0.0,1.1297702640295029,1.0,19.0,56.0,40.0,22.0,21.0,57.0,57.0,22.0,7.0,10.0,-1.5749435424804688,1.9691877365112305,0.0,-1.9954636096954346,-0.11784730851650238,-56.415367345385135,0.0,10.0,0.0,1.0119229555130005,1.0,20.0,57.0,41.0,23.0,22.0,58.0,58.0,23.0,8.0,0.0
11357,0.0,10.0,0.0,1.0119229555130005,1.0,20.0,57.0,41.0,23.0,22.0,58.0,58.0,23.0,8.0,10.0,-0.8337783813476562,1.9419573545455933,6.0,-1.995750069618225,0.19464726746082306,-53.23382302395011,0.0,10.0,0.0,1.2065702229738235,2.0,21.0,58.0,42.0,24.0,23.0,59.0,59.0,24.0,9.0,0.0
11358,0.0,10.0,0.0,1.2065702229738235,2.0,21.0,58.0,42.0,24.0,23.0,59.0,59.0,24.0,9.0,10.0,-0.21887525916099548,1.990447998046875,0.0,-1.9958468675613403,0.7775108218193054,-53.12445907384668,0.0,10.0,0.0,1.984081044793129,1.0,22.0,59.0,43.0,25.0,24.0,60.0,60.0,25.0,10.0,0.0
11359,0.0,10.0,0.0,1.984081044793129,1.0,22.0,59.0,43.0,25.0,24.0,60.0,60.0,25.0,10.0,10.0,-0.47310206294059753,1.9527822732925415,2.0,-1.9992519617080688,0.3390226662158966,-53.99274537947524,0.0,10.0,0.0,2.3231037110090256,2.0,23.0,60.0,44.0,26.0,25.0,61.0,61.0,26.0,11.0,0.0
11360,0.0,10.0,0.0,2.3231037110090256,2.0,23.0,60.0,44.0,26.0,25.0,61.0,61.0,26.0,11.0,10.0,-0.7438934445381165,1.9922605752944946,0.0,-1.9979809522628784,-1.8947495222091675,-56.1661224878903,0.0,10.0,0.0,0.4283541887998581,1.0,24.0,61.0,45.0,27.0,26.0,62.0,62.0,27.0,12.0,0.0
11361,0.0,10.0,0.0,0.4283541887998581,1.0,24.0,61.0,45.0,27.0,26.0,62.0,62.0,27.0,12.0,1.0,-0.8546739220619202,1.9903621673583984,6.0,-1.9958562850952148,-1.5895670652389526,-73.82979584341284,0.0,10.0,0.0,0.0,2.0,25.0,62.0,46.0,28.0,27.0,63.0,63.0,28.0,13.0,0.0
11362,0.0,10.0,0.0,0.0,2.0,25.0,62.0,46.0,28.0,27.0,63.0,63.0,28.0,13.0,1.0,0.3476477563381195,1.981216311454773,0.0,-1.9958149194717407,-1.05882728099823,-72.24525062247949,0.3476477563381195,10.0,0.0,0.0,1.0,26.0,63.0,47.0,29.0,28.0,64.0,64.0,29.0,14.0,0.0
11363,0.3476477563381195,10.0,0.0,0.0,1.0,26.0,63.0,47.0,29.0,28.0,64.0,64.0,29.0,14.0,0.0,-0.9772300720214844,1.9785150289535522,0.0,-1.9938747882843018,-0.788227915763855,-71.01144638562464,0.0,10.0,0.0,0.0,1.0,27.0,64.0,48.0,30.0,29.0,65.0,65.0,30.0,15.0,0.0
11364,0.0,10.0,0.0,0.0,1.0,27.0,64.0,48.0,30.0,29.0,65.0,65.0,30.0,15.0,10.0,-0.4896780848503113,1.9775735139846802,0.0,-1.9957480430603027,-1.2965805530548096,-58.7729762921287,0.0,10.0,0.0,0.0,1.0,28.0,65.0,49.0,31.0,30.0,66.0,66.0,31.0,16.0,0.0
11365,0.0,10.0,0.0,0.0,1.0,28.0,65.0,49.0,31.0,30.0,66.0,66.0,31.0,16.0,0.0,0.6366055011749268,1.9914461374282837,0.0,-1.9924689531326294,-1.0130505561828613,-71.43398457562971,0.6366055011749268,10.0,0.0,0.0,1.0,29.0,66.0,50.0,32.0,31.0,67.0,67.0,32.0,17.0,0.0
11366,0.6366055011749268,10.0,0.0,0.0,1.0,29.0,66.0,50.0,32.0,31.0,67.0,67.0,32.0,17.0,0.0,0.5686348080635071,1.982650637626648,0.0,-1.9881383180618286,-1.3543727397918701,-71.87953654014177,1.2052403092384338,10.0,0.0,0.0,1.0,30.0,67.0,51.0,33.0,32.0,68.0,68.0,33.0,18.0,0.0
11367,1.2052403092384338,10.0,0.0,0.0,1.0,30.0,67.0,51.0,33.0,32.0,68.0,68.0,33.0,18.0,0.0,0.41584232449531555,1.9916622638702393,0.0,-1.9908488988876343,-1.200858235359192,-72.66509166966594,1.6210826337337494,10.0,0.0,0.0,1.0,31.0,68.0,52.0,34.0,33.0,69.0,69.0,34.0,19.0,0.0
11368,1.6210826337337494,10.0,0.0,0.0,1.0,31.0,68.0,52.0,34.0,33.0,69.0,69.0,34.0,19.0,1.0,0.37634921073913574,1.8833575248718262,0.0,-1.9780796766281128,-1.3525499105453491,-73.58630691207583,1.9974318444728851,10.0,0.0,0.0,1.0,32.0,69.0,53.0,35.0,34.0,70.0,70.0,35.0,20.0,0.0
11369,1.9974318444728851,10.0,0.0,0.0,1.0,32.0,69.0,53.0,35.0,34.0,70.0,70.0,35.0,20.0,0.0,0.9517454504966736,1.971662163734436,0.0,-1.9903963804244995,0.7964490056037903,-73.97077199418308,2.9491772949695587,10.0,0.0,0.7964490056037903,1.0,33.0,70.0,54.0,36.0,35.0,71.0,71.0,36.0,21.0,0.0
11370,2.9491772949695587,10.0,0.0,0.7964490056037903,1.0,33.0,70.0,54.0,36.0,35.0,71.0,71.0,36.0,21.0,0.0,0.23119820654392242,1.986425518989563,0.0,-1.990566372871399,-1.0512627363204956,-75.02304816473529,3.180375501513481,10.0,0.0,0.0,1.0,34.0,71.0,55.0,37.0,36.0,72.0,72.0,37.0,22.0,0.0
11371,3.180375501513481,10.0,0.0,0.0,1.0,34.0,71.0,55.0,37.0,36.0,72.0,72.0,37.0,22.0,1.0,-1.2880645990371704,1.9902995824813843,0.0,-1.9757658243179321,-1.416466474533081,-77.52046145194302,1.8923109024763107,10.0,0.0,0.0,1.0,35.0,72.0,56.0,38.0,37.0,73.0,73.0,38.0,23.0,0.0
11372,1.8923109024763107,10.0,0.0,0.0,1.0,35.0,72.0,56.0,38.0,37.0,73.0,73.0,38.0,23.0,0.0,1.7586408853530884,1.9806435108184814,0.0,-1.992193341255188,-1.0412297248840332,-76.82586453384695,3.650951787829399,10.0,0.0,0.0,1.0,36.0,73.0,57.0,39.0,38.0,74.0,74.0,39.0,24.0,0.0
11373,3.650951787829399,10.0,0.0,0.0,1.0,36.0,73.0,57.0,39.0,38.0,74.0,74.0,39.0,24.0,0.0,1.1147654056549072,1.9922657012939453,0.0,-1.993205189704895,-1.170436978340149,-78.25965938008119,4.765717193484306,10.0,0.0,0.0,1.0,37.0,74.0,58.0,40.0,39.0,75.0,75.0,40.0,25.0,0.0
11374,4.765717193484306,10.0,0.0,0.0,1.0,37.0,74.0,58.0,40.0,39.0,75.0,75.0,40.0,25.0,0.0,1.4229638576507568,1.9817501306533813,0.0,-1.9930706024169922,-0.45076748728752136,-80.14724276764332,6.188681051135063,10.0,0.0,0.0,1.0,38.0,75.0,59.0,41.0,40.0,76.0,76.0,41.0,26.0,0.0
11375,6.188681051135063,10.0,0.0,0.0,1.0,38.0,75.0,59.0,41.0,40.0,76.0,76.0,41.0,26.0,0.0,1.4243727922439575,1.9520090818405151,0.0,-1.9962775707244873,-1.51160728931427,-82.47228201150182,7.613053843379021,10.0,0.0,0.0,1.0,39.0,76.0,60.0,42.0,41.0,77.0,77.0,42.0,27.0,0.0
11376,7.613053843379021,10.0,0.0,0.0,1.0,39.0,76.0,60.0,42.0,41.0,77.0,77.0,42.0,27.0,0.0,-0.5262305736541748,1.9760302305221558,0.0,-1.995557188987732,0.3289377987384796,-82.90288159310606,7.086823269724846,10.0,0.0,0.3289377987384796,1.0,40.0,77.0,61.0,43.0,42.0,78.0,78.0,43.0,28.0,0.0
11377,7.086823269724846,10.0,0.0,0.3289377987384796,1.0,40.0,77.0,61.0,43.0,42.0,78.0,78.0,43.0,28.0,0.0,1.200056791305542,1.965079665184021,0.0,-1.9947930574417114,-1.3003859519958496,-85.43696727269692,8.286880061030388,10.0,0.0,0.0,1.0,41.0,78.0,62.0,44.0,43.0,79.0,79.0,44.0,29.0,0.0
11378,8.286880061030388,10.0,0.0,0.0,1.0,41.0,78.0,62.0,44.0,43.0,79.0,79.0,44.0,29.0,0.0,-0.5455984473228455,1.9879839420318604,0.0,-1.9899659156799316,-1.2795414924621582,-85.71795087809319,7.741281613707542,10.0,0.0,0.0,1.0,42.0,79.0,63.0,45.0,44.0,80.0,80.0,45.0,30.0,0.0
11379,7.741281613707542,10.0,0.0,0.0,1.0,42.0,79.0,63.0,45.0,44.0,80.0,80.0,45.0,30.0,0.0,1.8688042163848877,1.9917608499526978,0.0,-1.991344928741455,-1.5392897129058838,-89.94380987511121,9.61008583009243,10.0,0.0,0.0,1.0,43.0,80.0,64.0,46.0,45.0,81.0,81.0,46.0,31.0,0.0
11380,9.61008583009243,10.0,0.0,0.0,1.0,43.0,80.0,64.0,46.0,45.0,81.0,81.0,46.0,31.0,0.0,-0.198666051030159,1.9731920957565308,0.0,-1.9871232509613037,-1.8309712409973145,-90.25714801298469,9.411419779062271,10.0,0.0,0.0,1.0,44.0,81.0,65.0,47.0,46.0,82.0,82.0,47.0,32.0,0.0
11381,9.411419779062271,10.0,0.0,0.0,1.0,44.0,81.0,65.0,47.0,46.0,82.0,82.0,47.0,32.0,0.0,0.04778512567281723,1.9685797691345215,4.0,-1.9817267656326294,-1.3648200035095215,-91.20635353155507,9.459204904735088,10.0,0.0,0.0,2.0,45.0,82.0,66.0,48.0,47.0,83.0,83.0,48.0,33.0,0.0
11382,9.459204904735088,10.0,0.0,0.0,2.0,45.0,82.0,66.0,48.0,47.0,83.0,83.0,48.0,33.0,0.0,1.5136992931365967,1.950503945350647,0.0,-1.99203622341156,-1.3129528760910034,-95.4455576081448,10.0,10.0,0.0,0.0,1.0,46.0,83.0,67.0,49.0,48.0,84.0,84.0,49.0,34.0,0.0
11383,10.0,10.0,0.0,0.0,1.0,46.0,83.0,67.0,49.0,48.0,84.0,84.0,49.0,34.0,0.0,0.3778856694698334,1.9667105674743652,0.0,-1.982058048248291,-1.297654151916504,-94.47560206268324,10.0,10.0,0.0,0.0,1.0,47.0,84.0,68.0,50.0,49.0,85.0,85.0,50.0,35.0,0.0
11384,10.0,10.0,0.0,0.0,1.0,47.0,84.0,68.0,50.0,49.0,85.0,85.0,50.0,35.0,0.0,0.06811028718948364,1.9540501832962036,0.0,-1.9616076946258545,0.6721898317337036,-94.90111847561174,10.0,10.0,0.0,0.6721898317337036,1.0,48.0,85.0,69.0,51.0,50.0,86.0,86.0,51.0,36.0,0.0
11385,10.0,10.0,0.0,0.6721898317337036,1.0,48.0,85.0,69.0,51.0,50.0,86.0,86.0,51.0,36.0,0.0,0.6558422446250916,1.9305087327957153,0.0,-1.9859044551849365,-0.2735505998134613,-96.63745524882685,10.0,10.0,0.0,0.3986392319202423,1.0,49.0,86.0,70.0,52.0,51.0,87.0,87.0,52.0,37.0,0.0
11386,10.0,10.0,0.0,0.3986392319202423,1.0,49.0,86.0,70.0,52.0,51.0,87.0,87.0,52.0,37.0,0.0,0.3373240828514099,1.9773526191711426,0.0,-1.9950772523880005,0.31791144609451294,-97.20793970799798,10.0,10.0,0.0,0.7165506780147552,1.0,50.0,87.0,71.0,53.0,52.0,88.0,88.0,53.0,38.0,0.0
11387,10.0,10.0,0.0,0.7165506780147552,1.0,50.0,87.0,71.0,53.0,52.0,88.0,88.0,53.0,38.0,0.0,-0.26044267416000366,1.9848898649215698,4.0,-1.9843640327453613,-0.1034671738743782,-97.34300175619966,9.739557325839996,10.0,0.0,0.613083504140377,2.0,51.0,88.0,72.0,54.0,53.0,89.0,89.0,54.0,39.0,0.0
11388,9.739557325839996,10.0,0.0,0.613083504140377,2.0,51.0,88.0,72.0,54.0,53.0,89.0,89.0,54.0,39.0,0.0,-0.26116350293159485,1.991456389427185,0.0,-1.9959635734558105,-0.9235278964042664,-97.8735998056,9.478393822908401,10.0,0.0,0.0,1.0,52.0,89.0,73.0,55.0,54.0,90.0,90.0,55.0,40.0,0.0
11389,9.478393822908401,10.0,0.0,0.0,1.0,52.0,89.0,73.0,55.0,54.0,90.0,90.0,55.0,40.0,0.0,0.4627227783203125,1.9558354616165161,0.0,-1.990509271621704,0.9598209857940674,-99.27986506530235,9.941116601228714,10.0,0.0,0.9598209857940674,1.0,53.0,90.0,74.0,56.0,55.0,91.0,91.0,56.0,41.0,0.0
11390,9.941116601228714,10.0,0.0,0.9598209857940674,1.0,53.0,90.0,74.0,56.0,55.0,91.0,91.0,56.0,41.0,0.0,1.1398813724517822,1.9759502410888672,0.0,-1.9824587106704712,-0.635613739490509,-103.27192911477084,10.0,10.0,0.0,0.32420724630355835,1.0,54.0,91.0,75.0,57.0,56.0,92.0,92.0,57.0,42.0,0.0
11391,10.0,10.0,0.0,0.32420724630355835,1.0,54.0,91.0,75.0,57.0,56.0,92.0,92.0,57.0,42.0,0.0,0.6328659653663635,1.958512544631958,0.0,-1.9931129217147827,-0.7531391382217407,-102.23100137733928,10.0,10.0,0.0,0.0,1.0,55.0,92.0,76.0,58.0,57.0,93.0,93.0,58.0,43.0,0.0
11392,10.0,10.0,0.0,0.0,1.0,55.0,92.0,76.0,58.0,57.0,93.0,93.0,58.0,43.0,0.0,0.9804214239120483,1.9798176288604736,0.0,-1.981445550918579,-0.22004960477352142,-104.64151807467194,10.0,10.0,0.0,0.0,1.0,56.0,93.0,77.0,59.0,58.0,94.0,94.0,59.0,44.0,0.0
11393,10.0,10.0,0.0,0.0,1.0,56.0,93.0,77.0,59.0,58.0,94.0,94.0,59.0,44.0,0.0,-0.5922385454177856,1.9251962900161743,0.0,-1.9934971332550049,-1.2332830429077148,-101.46992096328033,9.407761454582214,10.0,0.0,0.0,1.0,57.0,94.0,78.0,60.0,59.0,95.0,95.0,60.0,45.0,0.0
11394,9.407761454582214,10.0,0.0,0.0,1.0,57.0,94.0,78.0,60.0,59.0,95.0,95.0,60.0,45.0,0.0,1.5691298246383667,1.957787275314331,0.0,-1.9966813325881958,-1.1279046535491943,-106.22852967622146,10.0,10.0,0.0,0.0,1.0,58.0,95.0,79.0,61.0,60.0,96.0,96.0,61.0,46.0,0.0
11395,10.0,10.0,0.0,0.0,1.0,58.0,95.0,79.0,61.0,60.0,96.0,96.0,61.0,46.0,0.0,0.37309297919273376,1.9011198282241821,0.0,-1.994119644165039,-0.811384379863739,-104.62258537761704,10.0,10.0,0.0,0.0,1.0,59.0,96.0,80.0,62.0,61.0,97.0,97.0,62.0,47.0,0.0
11396,10.0,10.0,0.0,0.0,1.0,59.0,96.0,80.0,62.0,61.0,97.0,97.0,62.0,47.0,0.0,-0.7399333119392395,1.8332515954971313,0.0,-1.988494634628296,-0.21712826192378998,-102.96047337051135,9.26006668806076,10.0,0.0,0.0,1.0,60.0,97.0,81.0,63.0,62.0,98.0,98.0,63.0,48.0,0.0
11397,9.26006668806076,10.0,0.0,0.0,1.0,60.0,97.0,81.0,63.0,62.0,98.0,98.0,63.0,48.0,0.0,-0.23721495270729065,1.8910975456237793,0.0,-1.9929159879684448,-1.7961714267730713,-103.98731062527558,9.02285173535347,10.0,0.0,0.0,1.0,61.0,98.0,82.0,64.0,63.0,99.0,99.0,64.0,49.0,0.0
11398,9.02285173535347,10.0,0.0,0.0,1.0,61.0,98.0,82.0,64.0,63.0,99.0,99.0,64.0,49.0,0.0,-0.4854072332382202,1.871285319328308,0.0,-1.9747258424758911,-0.2202363759279251,-103.81941339345407,8.53744450211525,10.0,0.0,0.0,1.0,62.0,99.0,83.0,65.0,64.0,100.0,100.0,65.0,50.0,0.0
11399,8.53744450211525,10.0,0.0,0.0,1.0,62.0,99.0,83.0,65.0,64.0,100.0,100.0,65.0,50.0,0.0,0.9003179669380188,1.7290937900543213,0.0,-1.97723388671875,-1.0629916191101074,-104.76862966977559,9.437762469053268,10.0,0.0,0.0,1.0,63.0,100.0,84.0,66.0,65.0,100.0,100.0,66.0,51.0,1.0
11400,7.853689670562744,6.19992208480835,6.152216911315918,7.012081146240234,1.0,1.0,1.0,1.0,1.0,1.0,1.0,1.0,1.0,1.0,2.0,-1.9970448017120361,1.6308804750442505,4.0,-1.8690098524093628,-1.953766107559204,-2.2261415013262322,5.856644868850708,7.8308025598526,4.283207058906555,5.05831503868103,2.0,2.0,1.0,2.0,1.0,2.0,2.0,2.0,2.0,2.0,0.0
11401,5.856644868850708,7.8308025598526,4.283207058906555,5.05831503868103,2.0,2.0,1.0,2.0,1.0,2.0,2.0,2.0,2.0,2.0,2.0,-1.414647102355957,-0.5723481774330139,0.0,-1.942452073097229,-1.8877614736557007,-3.521836638440195,4.441997766494751,7.258454382419586,2.340754985809326,3.1705535650253296,1.0,3.0,1.0,3.0,2.0,3.0,3.0,3.0,3.0,3.0,0.0
11402,4.441997766494751,7.258454382419586,2.340754985809326,3.1705535650253296,1.0,3.0,1.0,3.0,2.0,3.0,3.0,3.0,3.0,3.0,8.0,-1.9044891595840454,-0.7966247200965881,0.0,-0.41389188170433044,-1.892777681350708,-3.85358520235836,2.5375086069107056,6.461829662322998,1.9268631041049957,1.2777758836746216,1.0,4.0,2.0,4.0,3.0,4.0,4.0,4.0,1.0,4.0,0.0
11403,2.5375086069107056,6.461829662322998,1.9268631041049957,1.2777758836746216,1.0,4.0,2.0,4.0,3.0,4.0,4.0,4.0,1.0,4.0,8.0,-0.4766228497028351,-1.3421071767807007,2.0,-0.929531455039978,-1.4339864253997803,-5.616012189326996,2.0608857572078705,5.119722485542297,0.9973316490650177,0.0,2.0,5.0,3.0,5.0,4.0,5.0,5.0,5.0,1.0,5.0,0.0
11404,2.0608857572078705,5.119722485542297,0.9973316490650177,0.0,2.0,5.0,3.0,5.0,4.0,5.0,5.0,5.0,1.0,5.0,8.0,-0.3596131205558777,-1.9263856410980225,1.0,-1.06417715549469,-1.4495960474014282,-8.748881729096041,1.7012726366519928,3.193336844444275,0.0,0.0,3.0,1.0,4.0,6.0,5.0,6.0,6.0,6.0,1.0,6.0,0.0
11405,1.7012726366519928,3.193336844444275,0.0,0.0,3.0,1.0,4.0,6.0,5.0,6.0,6.0,6.0,1.0,6.0,8.0,-1.5975055694580078,-0.6201267838478088,0.0,-1.836714267730713,-0.5516514778137207,-11.570352976921953,0.10376706719398499,2.573210060596466,0.0,0.0,1.0,2.0,5.0,7.0,6.0,7.0,7.0,7.0,1.0,7.0,0.0
11406,0.10376706719398499,2.573210060596466,0.0,0.0,1.0,2.0,5.0,7.0,6.0,7.0,7.0,7.0,1.0,7.0,8.0,1.158618450164795,0.5156804919242859,0.0,-1.6256872415542603,-0.19004106521606445,-10.232625040047182,1.26238551735878,3.088890552520752,0.0,0.0,1.0,3.0,6.0,8.0,7.0,8.0,8.0,8.0,1.0,8.0,0.0
11407,1.26238551735878,3.088890552520752,0.0,0.0,1.0,3.0,6.0,8.0,7.0,8.0,8.0,8.0,1.0,8.0,8.0,0.45972323417663574,1.3398152589797974,1.0,-1.9640389680862427,-1.5957543849945068,-9.121353662482017,1.7221087515354156,4.428705811500549,0.0,0.0,2.0,1.0,7.0,9.0,8.0,9.0,9.0,9.0,1.0,9.0,0.0
11408,1.7221087515354156,4.428705811500549,0.0,0.0,2.0,1.0,7.0,9.0,8.0,9.0,9.0,9.0,1.0,9.0,8.0,-0.7383694052696228,0.515362024307251,0.0,-1.8642330169677734,0.5618496537208557,-9.877745721678686,0.9837393462657928,4.9440678358078,0.0,0.5618496537208557,1.0,2.0,8.0,10.0,9.0,10.0,10.0,10.0,1.0,10.0,0.0
11409,0.9837393462657928,4.9440678358078,0.0,0.5618496537208557,1.0,2.0,8.0,10.0,9.0,10.0,10.0,10.0,1.0,10.0,8.0,-0.7107037901878357,0.026349807158112526,10.0,0.2518576979637146,0.9264863133430481,-11.299802884427978,0.27303555607795715,4.970417642965913,0.2518576979637146,1.4883359670639038,2.0,3.0,9.0,11.0,10.0,11.0,11.0,11.0,1.0,11.0,0.0
11410,0.27303555607795715,4.970417642965913,0.2518576979637146,1.4883359670639038,2.0,3.0,9.0,11.0,10.0,11.0,11.0,11.0,1.0,11.0,8.0,-1.3004144430160522,-0.8459150195121765,1.0,-1.79379141330719,-1.5765107870101929,-23.57485616293691,0.0,4.124502623453736,0.0,0.0,3.0,1.0,10.0,12.0,11.0,12.0,12.0,12.0,1.0,12.0,0.0
11411,0.0,4.124502623453736,0.0,0.0,3.0,1.0,10.0,12.0,11.0,12.0,12.0,12.0,1.0,12.0,8.0,-0.08699890226125717,1.2888363599777222,2.0,-1.6117267608642578,-0.8945415019989014,-13.679882923312935,0.0,5.4133389834314585,0.0,0.0,4.0,2.0,11.0,13.0,12.0,13.0,13.0,13.0,1.0,13.0,0.0
11412,0.0,5.4133389834314585,0.0,0.0,4.0,2.0,11.0,13.0,12.0,13.0,13.0,13.0,1.0,13.0,8.0,-0.7581319808959961,0.28414642810821533,5.0,-1.599422574043274,0.9634448289871216,-21.119923929409868,0.0,5.697485411539674,0.0,0.9634448289871216,5.0,3.0,12.0,14.0,13.0,14.0,14.0,14.0,1.0,14.0,0.0
11413,0.0,5.697485411539674,0.0,0.9634448289871216,5.0,3.0,12.0,14.0,13.0,14.0,14.0,14.0,1.0,14.0,8.0,0.5405858159065247,-0.4120291471481323,2.0,-1.486417293548584,1.2162504196166992,-14.070121320374618,0.5405858159065247,5.2854562643915415,0.0,2.179695248603821,6.0,4.0,13.0,15.0,14.0,15.0,15.0,15.0,1.0,15.0,0.0
11414,0.5405858159065247,5.2854562643915415,0.0,2.179695248603821,6.0,4.0,13.0,15.0,14.0,15.0,15.0,15.0,1.0,15.0,8.0,0.6527734994888306,0.2948459982872009,6.0,-1.6524254083633423,1.561786413192749,-14.14718305694893,1.1933593153953552,5.580302262678742,0.0,3.74148166179657,7.0,5.0,14.0,16.0,15.0,16.0,16.0,16.0,1.0,16.0,0.0
11415,1.1933593153953552,5.580302262678742,0.0,3.74148166179657,7.0,5.0,14.0,16.0,15.0,16.0,16.0,16.0,1.0,16.0,8.0,-1.0553635358810425,1.0329575538635254,2.0,-1.3000974655151367,-1.5495717525482178,-15.688714636561226,0.13799577951431274,6.613259816542268,0.0,2.191909909248352,8.0,6.0,15.0,17.0,16.0,17.0,17.0,17.0,1.0,17.0,0.0
11416,0.13799577951431274,6.613259816542268,0.0,2.191909909248352,8.0,6.0,15.0,17.0,16.0,17.0,17.0,17.0,1.0,17.0,8.0,1.802549958229065,-0.3888804316520691,4.0,-1.7577396631240845,-1.913905382156372,-15.064626770863113,1.9405457377433777,6.224379384890199,0.0,0.27800452709198,9.0,7.0,16.0,18.0,17.0,18.0,18.0,18.0,1.0,18.0,0.0
11417,1.9405457377433777,6.224379384890199,0.0,0.27800452709198,9.0,7.0,16.0,18.0,17.0,18.0,18.0,18.0,1.0,18.0,8.0,0.9949923157691956,1.826584815979004,4.0,-1.6115573644638062,-1.2092533111572266,-15.277679321854682,2.9355380535125732,8.050964200869203,0.0,0.0,10.0,8.0,17.0,19.0,18.0,19.0,19.0,19.0,1.0,19.0,0.0
11418,2.9355380535125732,8.050964200869203,0.0,0.0,10.0,8.0,17.0,19.0,18.0,19.0,19.0,19.0,1.0,19.0,0.0,-0.5705456137657166,0.12903116643428802,1.0,-1.568372368812561,-1.0976507663726807,-22.033963769860087,2.3649924397468567,8.17999536730349,0.0,0.0,1.0,1.0,18.0,20.0,19.0,20.0,20.0,20.0,2.0,20.0,0.0
11419,2.3649924397468567,8.17999536730349,0.0,0.0,1.0,1.0,18.0,20.0,19.0,20.0,20.0,20.0,2.0,20.0,8.0,-1.4538021087646484,1.7191343307495117,0.0,-1.8984618186950684,-0.9384826421737671,-17.425968114322142,0.9111903309822083,9.899129698053002,0.0,0.0,1.0,2.0,19.0,21.0,20.0,21.0,21.0,21.0,1.0,21.0,0.0
11420,0.9111903309822083,9.899129698053002,0.0,0.0,1.0,2.0,19.0,21.0,20.0,21.0,21.0,21.0,1.0,21.0,8.0,-1.1122084856033325,0.5190702676773071,0.0,-1.8859320878982544,-0.8450829982757568,-23.9437878212264,0.0,10.0,0.0,0.0,1.0,3.0,20.0,22.0,21.0,22.0,22.0,22.0,1.0,22.0,0.0
11421,0.0,10.0,0.0,0.0,1.0,3.0,20.0,22.0,21.0,22.0,22.0,22.0,1.0,22.0,8.0,-1.4453378915786743,0.6679697632789612,0.0,-1.1856601238250732,0.8357840180397034,-36.02601499430291,0.0,10.0,0.0,0.8357840180397034,1.0,4.0,21.0,23.0,22.0,23.0,23.0,23.0,1.0,23.0,0.0
11422,0.0,10.0,0.0,0.8357840180397034,1.0,4.0,21.0,23.0,22.0,23.0,23.0,23.0,1.0,23.0,8.0,0.4451609253883362,1.373012661933899,4.0,-1.7280728816986084,-0.13546787202358246,-34.11259315052881,0.4451609253883362,10.0,0.0,0.7003161460161209,2.0,5.0,22.0,24.0,23.0,24.0,24.0,24.0,1.0,24.0,0.0
11423,0.4451609253883362,10.0,0.0,0.7003161460161209,2.0,5.0,22.0,24.0,23.0,24.0,24.0,24.0,1.0,24.0,8.0,-1.2541438341140747,1.1800183057785034,0.0,-0.8438124060630798,-1.3870813846588135,-36.110729235962864,0.0,10.0,0.0,0.0,1.0,6.0,23.0,25.0,24.0,25.0,25.0,25.0,1.0,25.0,0.0
11424,0.0,10.0,0.0,0.0,1.0,6.0,23.0,25.0,24.0,25.0,25.0,25.0,1.0,25.0,8.0,-1.4036846160888672,-0.0853976234793663,0.0,-1.4280922412872314,-0.38369274139404297,-36.47554337957703,0.0,9.914602376520634,0.0,0.0,1.0,7.0,24.0,26.0,25.0,26.0,26.0,26.0,1.0,26.0,0.0
11425,0.0,9.914602376520634,0.0,0.0,1.0,7.0,24.0,26.0,25.0,26.0,26.0,26.0,1.0,26.0,0.0,1.0862473249435425,1.2834094762802124,4.0,-1.9358171224594116,-1.7354868650436401,-43.70154816970775,1.0862473249435425,10.0,0.0,0.0,2.0,8.0,25.0,27.0,26.0,27.0,27.0,27.0,2.0,27.0,0.0
11426,1.0862473249435425,10.0,0.0,0.0,2.0,8.0,25.0,27.0,26.0,27.0,27.0,27.0,2.0,27.0,8.0,-1.727184534072876,0.9037508964538574,1.0,-1.9277207851409912,0.4847979247570038,-35.283308605322006,0.0,10.0,0.0,0.4847979247570038,3.0,1.0,26.0,28.0,27.0,28.0,28.0,28.0,1.0,28.0,0.0
11427,0.0,10.0,0.0,0.4847979247570038,3.0,1.0,26.0,28.0,27.0,28.0,28.0,28.0,1.0,28.0,8.0,0.4711613059043884,1.6485034227371216,0.0,-1.725328803062439,-0.508134663105011,-40.23895311935791,0.4711613059043884,10.0,0.0,0.0,1.0,2.0,27.0,29.0,28.0,29.0,29.0,29.0,1.0,29.0,0.0
11428,0.4711613059043884,10.0,0.0,0.0,1.0,2.0,27.0,29.0,28.0,29.0,29.0,29.0,1.0,29.0,8.0,-1.357582688331604,1.8320059776306152,6.0,-1.830872654914856,0.1037687212228775,-45.25562649652602,0.0,10.0,0.0,0.1037687212228775,2.0,3.0,28.0,30.0,29.0,30.0,30.0,30.0,1.0,30.0,0.0
11429,0.0,10.0,0.0,0.1037687212228775,2.0,3.0,28.0,30.0,29.0,30.0,30.0,30.0,1.0,30.0,8.0,-1.5757930278778076,1.7493170499801636,0.0,-1.4398595094680786,0.7393015623092651,-49.34782315665582,0.0,10.0,0.0,0.8430702835321426,1.0,4.0,29.0,31.0,30.0,31.0,31.0,31.0,1.0,31.0,0.0
11430,0.0,10.0,0.0,0.8430702835321426,1.0,4.0,29.0,31.0,30.0,31.0,31.0,31.0,1.0,31.0,8.0,-1.778985857963562,1.736624002456665,2.0,-1.6230288743972778,0.19607819616794586,-51.36467035453023,0.0,10.0,0.0,1.0391484797000885,2.0,5.0,30.0,32.0,31.0,32.0,32.0,32.0,1.0,32.0,0.0
11431,0.0,10.0,0.0,1.0391484797000885,2.0,5.0,30.0,32.0,31.0,32.0,32.0,32.0,1.0,32.0,8.0,-1.5663596391677856,1.377097725868225,4.0,-1.2253443002700806,-0.4576423764228821,-48.26011753081723,0.0,10.0,0.0,0.5815061032772064,3.0,6.0,31.0,33.0,32.0,33.0,33.0,33.0,1.0,33.0,0.0
11432,0.0,10.0,0.0,0.5815061032772064,3.0,6.0,31.0,33.0,32.0,33.0,33.0,33.0,1.0,33.0,8.0,-1.720411777496338,1.6951663494110107,4.0,-1.5242468118667603,-1.2768787145614624,-52.456194257928765,0.0,10.0,0.0,0.0,4.0,7.0,32.0,34.0,33.0,34.0,34.0,34.0,1.0,34.0,0.0
11433,0.0,10.0,0.0,0.0,4.0,7.0,32.0,34.0,33.0,34.0,34.0,34.0,1.0,34.0,8.0,-0.17139722406864166,1.5210084915161133,6.0,-1.710759162902832,-1.1957004070281982,-44.51010109907831,0.0,10.0,0.0,0.0,5.0,8.0,33.0,35.0,34.0,35.0,35.0,35.0,1.0,35.0,0.0
11434,0.0,10.0,0.0,0.0,5.0,8.0,33.0,35.0,34.0,35.0,35.0,35.0,1.0,35.0,8.0,-0.5895389914512634,0.706018328666687,2.0,-1.8860169649124146,1.199256181716919,-39.30167423786299,0.0,10.0,0.0,1.199256181716919,6.0,9.0,34.0,36.0,35.0,36.0,36.0,36.0,1.0,36.0,0.0
11435,0.0,10.0,0.0,1.199256181716919,6.0,9.0,34.0,36.0,35.0,36.0,36.0,36.0,1.0,36.0,8.0,-0.8146094083786011,0.43692874908447266,4.0,-1.931487798690796,0.9754667282104492,-40.24764106380779,0.0,10.0,0.0,2.174722909927368,7.0,10.0,35.0,37.0,36.0,37.0,37.0,37.0,1.0,37.0,0.0
11436,0.0,10.0,0.0,2.174722909927368,7.0,10.0,35.0,37.0,36.0,37.0,37.0,37.0,1.0,37.0,8.0,-0.5987356901168823,-0.3652344346046448,4.0,-1.7388097047805786,-1.6105371713638306,-37.62872662414448,0.0,9.634765565395355,0.0,0.5641857385635376,8.0,11.0,36.0,38.0,37.0,38.0,38.0,38.0,1.0,38.0,0.0
11437,0.0,9.634765565395355,0.0,0.5641857385635376,8.0,11.0,36.0,38.0,37.0,38.0,38.0,38.0,1.0,38.0,8.0,-1.0399930477142334,-0.1780034899711609,1.0,-1.891028642654419,0.46764087677001953,-42.82841273921419,0.0,9.456762075424194,0.0,1.0318266153335571,9.0,1.0,37.0,39.0,38.0,39.0,39.0,39.0,1.0,39.0,0.0
11438,0.0,9.456762075424194,0.0,1.0318266153335571,9.0,1.0,37.0,39.0,38.0,39.0,39.0,39.0,1.0,39.0,8.0,-0.26388075947761536,1.170085072517395,4.0,-1.71770441532135,-0.3984472155570984,-39.40500284124173,0.0,10.0,0.0,0.6333793997764587,10.0,2.0,38.0,40.0,39.0,40.0,40.0,40.0,1.0,40.0,0.0
11439,0.0,10.0,0.0,0.6333793997764587,10.0,2.0,38.0,40.0,39.0,40.0,40.0,40.0,1.0,40.0,8.0,-1.8103878498077393,1.5999455451965332,4.0,-1.9619073867797852,1.6525523662567139,-57.66431686902383,0.0,10.0,0.0,2.2859317660331726,11.0,3.0,39.0,41.0,40.0,41.0,41.0,41.0,1.0,41.0,0.0
11440,0.0,10.0,0.0,2.2859317660331726,11.0,3.0,39.0,41.0,40.0,41.0,41.0,41.0,1.0,41.0,8.0,-1.069522500038147,1.8820264339447021,4.0,-1.911285638809204,-0.9748353958129883,-56.050694071056455,0.0,10.0,0.0,1.3110963702201843,12.0,4.0,40.0,42.0,41.0,42.0,42.0,42.0,1.0,42.0,0.0
11441,0.0,10.0,0.0,1.3110963702201843,12.0,4.0,40.0,42.0,41.0,42.0,42.0,42.0,1.0,42.0,8.0,-1.389474630355835,1.628779411315918,4.0,-1.9274160861968994,-1.3670960664749146,-56.713005286275404,0.0,10.0,0.0,0.0,13.0,5.0,41.0,43.0,42.0,43.0,43.0,43.0,1.0,43.0,0.0
11442,0.0,10.0,0.0,0.0,13.0,5.0,41.0,43.0,42.0,43.0,43.0,43.0,1.0,43.0,8.0,-1.128326177597046,1.8073991537094116,0.0,-1.9699711799621582,0.8551896214485168,-57.51058379547571,0.0,10.0,0.0,0.8551896214485168,1.0,6.0,42.0,44.0,43.0,44.0,44.0,44.0,1.0,44.0,0.0
11443,0.0,10.0,0.0,0.8551896214485168,1.0,6.0,42.0,44.0,43.0,44.0,44.0,44.0,1.0,44.0,8.0,-1.6953163146972656,1.9105219841003418,4.0,-1.8487365245819092,1.093298316001892,-61.34624725185348,0.0,10.0,0.0,1.948487937450409,2.0,7.0,43.0,45.0,44.0,45.0,45.0,45.0,1.0,45.0,0.0
11444,0.0,10.0,0.0,1.948487937450409,2.0,7.0,43.0,45.0,44.0,45.0,45.0,45.0,1.0,45.0,8.0,-1.089741587638855,1.5583372116088867,4.0,-1.9849330186843872,-0.46564000844955444,-55.7194056366448,0.0,10.0,0.0,1.4828479290008545,3.0,8.0,44.0,46.0,45.0,46.0,46.0,46.0,1.0,46.0,0.0
11445,0.0,10.0,0.0,1.4828479290008545,3.0,8.0,44.0,46.0,45.0,46.0,46.0,46.0,1.0,46.0,8.0,-0.9238317012786865,1.9356752634048462,1.0,-1.9534597396850586,1.2008436918258667,-59.05206866987455,0.0,10.0,0.0,2.683691620826721,4.0,1.0,45.0,47.0,46.0,47.0,47.0,47.0,1.0,47.0,0.0
11446,0.0,10.0,0.0,2.683691620826721,4.0,1.0,45.0,47.0,46.0,47.0,47.0,47.0,1.0,47.0,8.0,-1.2548096179962158,1.9434782266616821,4.0,-1.972677230834961,-0.7267827391624451,-60.83739388704003,0.0,10.0,0.0,1.9569088816642761,5.0,2.0,46.0,48.0,47.0,48.0,48.0,48.0,1.0,48.0,0.0
11447,0.0,10.0,0.0,1.9569088816642761,5.0,2.0,46.0,48.0,47.0,48.0,48.0,48.0,1.0,48.0,8.0,-1.336177110671997,1.9335640668869019,4.0,-1.878944993019104,-0.037306882441043854,-62.10702481828858,0.0,10.0,0.0,1.9196019992232323,6.0,3.0,47.0,49.0,48.0,49.0,49.0,49.0,1.0,49.0,0.0
11448,0.0,10.0,0.0,1.9196019992232323,6.0,3.0,47.0,49.0,48.0,49.0,49.0,49.0,1.0,49.0,8.0,-1.4431406259536743,1.9581037759780884,4.0,-1.9833102226257324,-0.9811395406723022,-63.828275203542226,0.0,10.0,0.0,0.93846245855093,7.0,4.0,48.0,50.0,49.0,50.0,50.0,50.0,1.0,50.0,0.0
11449,0.0,10.0,0.0,0.93846245855093,7.0,4.0,48.0,50.0,49.0,50.0,50.0,50.0,1.0,50.0,8.0,-1.6557625532150269,1.937512755393982,4.0,-1.8956029415130615,-0.13553443551063538,-65.89003123117126,0.0,10.0,0.0,0.8029280230402946,8.0,5.0,49.0,51.0,50.0,51.0,51.0,51.0,1.0,51.0,0.0
11450,0.0,10.0,0.0,0.8029280230402946,8.0,5.0,49.0,51.0,50.0,51.0,51.0,51.0,1.0,51.0,8.0,-1.746838927268982,1.9424866437911987,4.0,-1.967703938484192,-1.1846275329589844,-67.42787792636233,0.0,10.0,0.0,0.0,9.0,6.0,50.0,52.0,51.0,52.0,52.0,52.0,1.0,52.0,0.0
11451,0.0,10.0,0.0,0.0,9.0,6.0,50.0,52.0,51.0,52.0,52.0,52.0,1.0,52.0,8.0,-1.9059754610061646,1.8942537307739258,4.0,-1.9188069105148315,0.31122779846191406,-69.07555614418874,0.0,10.0,0.0,0.31122779846191406,10.0,7.0,51.0,53.0,52.0,53.0,53.0,53.0,1.0,53.0,0.0
11452,0.0,10.0,0.0,0.31122779846191406,10.0,7.0,51.0,53.0,52.0,53.0,53.0,53.0,1.0,53.0,8.0,-1.5927343368530273,1.9155123233795166,4.0,-1.9748913049697876,-1.1752567291259766,-68.01557476016048,0.0,10.0,0.0,0.0,11.0,8.0,52.0,54.0,53.0,54.0,54.0,54.0,1.0,54.0,0.0
11453,0.0,10.0,0.0,0.0,11.0,8.0,52.0,54.0,53.0,54.0,54.0,54.0,1.0,54.0,8.0,-1.362892985343933,1.4693011045455933,4.0,-1.853744626045227,-0.47596052289009094,-64.04451601659378,0.0,10.0,0.0,0.0,12.0,9.0,53.0,55.0,54.0,55.0,55.0,55.0,1.0,55.0,0.0
11454,0.0,10.0,0.0,0.0,12.0,9.0,53.0,55.0,54.0,55.0,55.0,55.0,1.0,55.0,8.0,-1.6981817483901978,1.9364718198776245,4.0,-1.960903525352478,-1.2401294708251953,-70.65980629700663,0.0,10.0,0.0,0.0,13.0,10.0,54.0,56.0,55.0,56.0,56.0,56.0,1.0,56.0,0.0
11455,0.0,10.0,0.0,0.0,13.0,10.0,54.0,56.0,55.0,56.0,56.0,56.0,1.0,56.0,8.0,-1.4291102886199951,1.8742612600326538,4.0,-1.9396086931228638,-0.8179014921188354,-69.37324615053049,0.0,10.0,0.0,0.0,14.0,11.0,55.0,57.0,56.0,57.0,57.0,57.0,1.0,57.0,0.0
11456,0.0,10.0,0.0,0.0,14.0,11.0,55.0,57.0,56.0,57.0,57.0,57.0,1.0,57.0,8.0,-1.6893795728683472,1.9428514242172241,4.0,-1.9948323965072632,0.03167271986603737,-72.44996330954852,0.0,10.0,0.0,0.03167271986603737,15.0,12.0,56.0,58.0,57.0,58.0,58.0,58.0,1.0,58.0,0.0
11457,0.0,10.0,0.0,0.03167271986603737,15.0,12.0,56.0,58.0,57.0,58.0,58.0,58.0,1.0,58.0,8.0,-1.8208142518997192,1.9455171823501587,4.0,-1.9576776027679443,-0.548926591873169,-74.25032885496904,0.0,10.0,0.0,0.0,16.0,13.0,57.0,59.0,58.0,59.0,59.0,59.0,1.0,59.0,0.0
11458,0.0,10.0,0.0,0.0,16.0,13.0,57.0,59.0,58.0,59.0,59.0,59.0,1.0,59.0,8.0,-1.7480978965759277,1.9790838956832886,4.0,-1.9911112785339355,0.0939180999994278,-74.90946779400463,0.0,10.0,0.0,0.0939180999994278,17.0,14.0,58.0,60.0,59.0,60.0,60.0,60.0,1.0,60.0,0.0
11459,0.0,10.0,0.0,0.0939180999994278,17.0,14.0,58.0,60.0,59.0,60.0,60.0,60.0,1.0,60.0,8.0,-1.4261747598648071,1.972591757774353,4.0,-1.9352576732635498,-0.4033612906932831,-73.74526328187044,0.0,10.0,0.0,0.0,18.0,15.0,59.0,61.0,60.0,61.0,61.0,61.0,1.0,61.0,0.0
11460,0.0,10.0,0.0,0.0,18.0,15.0,59.0,61.0,60.0,61.0,61.0,61.0,1.0,61.0,8.0,-1.7458759546279907,1.9873173236846924,4.0,-1.9940084218978882,-1.081588625907898,-76.756562693484,0.0,10.0,0.0,0.0,19.0,16.0,60.0,62.0,61.0,62.0,62.0,62.0,1.0,62.0,0.0
11461,0.0,10.0,0.0,0.0,19.0,16.0,60.0,62.0,61.0,62.0,62.0,62.0,1.0,62.0,8.0,-1.137969970703125,1.979671597480774,4.0,-1.984083890914917,-0.628426194190979,-74.03809975665861,0.0,10.0,0.0,0.0,20.0,17.0,61.0,63.0,62.0,63.0,63.0,63.0,1.0,63.0,0.0
11462,0.0,10.0,0.0,0.0,20.0,17.0,61.0,63.0,62.0,63.0,63.0,63.0,1.0,63.0,8.0,-0.8673120141029358,1.9789966344833374,4.0,-1.965463399887085,-1.5386676788330078,-73.71082710243027,0.0,10.0,0.0,0.0,21.0,18.0,62.0,64.0,63.0,64.0,64.0,64.0,1.0,64.0,0.0
11463,0.0,10.0,0.0,0.0,21.0,18.0,62.0,64.0,63.0,64.0,64.0,64.0,1.0,64.0,8.0,-0.2744749188423157,1.9835355281829834,4.0,-1.973558783531189,-0.9476125240325928,-73.02810934714927,0.0,10.0,0.0,0.0,22.0,19.0,63.0,65.0,64.0,65.0,65.0,65.0,1.0,65.0,0.0
11464,0.0,10.0,0.0,0.0,22.0,19.0,63.0,65.0,64.0,65.0,65.0,65.0,1.0,65.0,8.0,-0.7604769468307495,1.9868488311767578,4.0,-1.9579874277114868,-0.47500506043434143,-75.17789737330139,0.0,10.0,0.0,0.0,23.0,20.0,64.0,66.0,65.0,66.0,66.0,66.0,1.0,66.0,0.0
11465,0.0,10.0,0.0,0.0,23.0,20.0,64.0,66.0,65.0,66.0,66.0,66.0,1.0,66.0,0.0,-0.1711120456457138,1.9762580394744873,4.0,-1.9354729652404785,0.27802085876464844,-83.88526978234238,0.0,10.0,0.0,0.27802085876464844,24.0,21.0,65.0,67.0,66.0,67.0,67.0,67.0,2.0,67.0,0.0
11466,0.0,10.0,0.0,0.27802085876464844,24.0,21.0,65.0,67.0,66.0,67.0,67.0,67.0,2.0,67.0,8.0,-0.1950930953025818,1.9236854314804077,4.0,-1.7639418840408325,-0.09133972227573395,-75.03927935692401,0.0,10.0,0.0,0.1866811364889145,25.0,22.0,66.0,68.0,67.0,68.0,68.0,68.0,1.0,68.0,0.0
11467,0.0,10.0,0.0,0.1866811364889145,25.0,22.0,66.0,68.0,67.0,68.0,68.0,68.0,1.0,68.0,0.0,-0.12469176203012466,1.9253454208374023,4.0,-1.9925446510314941,-1.4146149158477783,-85.1425392210362,0.0,10.0,0.0,0.0,26.0,23.0,67.0,69.0,68.0,69.0,69.0,69.0,2.0,69.0,0.0
11468,0.0,10.0,0.0,0.0,26.0,23.0,67.0,69.0,68.0,69.0,69.0,69.0,2.0,69.0,8.0,0.39774519205093384,1.910939335823059,4.0,-1.910408616065979,-0.6283299922943115,-76.14446051194638,0.39774519205093384,10.0,0.0,0.0,27.0,24.0,68.0,70.0,69.0,70.0,70.0,70.0,1.0,70.0,0.0
11469,0.39774519205093384,10.0,0.0,0.0,27.0,24.0,68.0,70.0,69.0,70.0,70.0,70.0,1.0,70.0,0.0,0.5696876645088196,1.7390406131744385,4.0,-1.9494338035583496,-0.6460993885993958,-84.28451215659626,0.9674328565597534,10.0,0.0,0.0,28.0,25.0,69.0,71.0,70.0,71.0,71.0,71.0,2.0,71.0,0.0
11470,0.9674328565597534,10.0,0.0,0.0,28.0,25.0,69.0,71.0,70.0,71.0,71.0,71.0,2.0,71.0,0.0,1.1110801696777344,1.854192852973938,4.0,-1.9555984735488892,-0.3735160231590271,-85.92729495737555,2.078513026237488,10.0,0.0,0.0,29.0,26.0,70.0,72.0,71.0,72.0,72.0,72.0,3.0,72.0,0.0
11471,2.078513026237488,10.0,0.0,0.0,29.0,26.0,70.0,72.0,71.0,72.0,72.0,72.0,3.0,72.0,8.0,-0.415118932723999,1.8650367259979248,4.0,-1.9583593606948853,0.6541227698326111,-77.22037497012454,1.6633940935134888,10.0,0.0,0.6541227698326111,30.0,27.0,71.0,73.0,72.0,73.0,73.0,73.0,1.0,73.0,0.0
11472,1.6633940935134888,10.0,0.0,0.6541227698326111,30.0,27.0,71.0,73.0,72.0,73.0,73.0,73.0,1.0,73.0,8.0,-0.8882549405097961,1.879668116569519,4.0,-1.980561375617981,0.04672323912382126,-79.0323889254811,0.7751391530036926,10.0,0.0,0.7008460089564323,31.0,28.0,72.0,74.0,73.0,74.0,74.0,74.0,1.0,74.0,0.0
11473,0.7751391530036926,10.0,0.0,0.7008460089564323,31.0,28.0,72.0,74.0,73.0,74.0,74.0,74.0,1.0,74.0,0.0,-1.398844599723816,1.8152191638946533,4.0,-1.9978668689727783,0.25632113218307495,-90.4425747810038,0.0,10.0,0.0,0.9571671411395073,32.0,29.0,73.0,75.0,74.0,75.0,75.0,75.0,2.0,75.0,0.0
11474,0.0,10.0,0.0,0.9571671411395073,32.0,29.0,73.0,75.0,74.0,75.0,75.0,75.0,2.0,75.0,0.0,1.3799453973770142,1.690186619758606,1.0,-1.9889347553253174,0.5277880430221558,-88.16242561948545,1.3799453973770142,10.0,0.0,1.484955184161663,33.0,1.0,74.0,76.0,75.0,76.0,76.0,76.0,3.0,76.0,0.0
11475,1.3799453973770142,10.0,0.0,1.484955184161663,33.0,1.0,74.0,76.0,75.0,76.0,76.0,76.0,3.0,76.0,8.0,-1.8567638397216797,1.9859915971755981,4.0,-1.9997435808181763,1.3610780239105225,-81.32804546156262,0.0,10.0,0.0,2.8460332080721855,34.0,2.0,75.0,77.0,1.0,77.0,77.0,77.0,1.0,77.0,0.0
11476,0.0,10.0,0.0,2.8460332080721855,34.0,2.0,75.0,77.0,1.0,77.0,77.0,77.0,1.0,77.0,8.0,-1.7369294166564941,1.8214882612228394,1.0,-1.7580205202102661,-1.8140002489089966,-79.47266591670025,0.0,10.0,0.0,1.032032959163189,35.0,1.0,76.0,78.0,2.0,78.0,78.0,78.0,1.0,78.0,0.0
11477,0.0,10.0,0.0,1.032032959163189,35.0,1.0,76.0,78.0,2.0,78.0,78.0,78.0,1.0,78.0,8.0,-1.9621316194534302,1.8935546875,2.0,-1.9976166486740112,-1.8446682691574097,-82.27188130123177,0.0,10.0,0.0,0.0,36.0,2.0,77.0,79.0,3.0,79.0,79.0,79.0,1.0,79.0,0.0
11478,0.0,10.0,0.0,0.0,36.0,2.0,77.0,79.0,3.0,79.0,79.0,79.0,1.0,79.0,8.0,-1.6914595365524292,1.9136449098587036,4.0,-1.978469967842102,-1.4952881336212158,-81.44405580244153,0.0,10.0,0.0,0.0,37.0,3.0,78.0,80.0,4.0,80.0,80.0,80.0,1.0,80.0,0.0
11479,0.0,10.0,0.0,0.0,37.0,3.0,78.0,80.0,4.0,80.0,80.0,80.0,1.0,80.0,8.0,-1.9159694910049438,1.7156726121902466,4.0,-1.9670028686523438,-1.7404396533966064,-82.52236505346167,0.0,10.0,0.0,0.0,38.0,4.0,79.0,81.0,5.0,81.0,81.0,81.0,1.0,81.0,0.0
11480,0.0,10.0,0.0,0.0,38.0,4.0,79.0,81.0,5.0,81.0,81.0,81.0,1.0,81.0,8.0,-1.9081487655639648,0.8083493709564209,4.0,-1.945397973060608,-1.279638648033142,-78.42682992806311,0.0,10.0,0.0,0.0,39.0,5.0,80.0,82.0,6.0,82.0,82.0,82.0,1.0,82.0,0.0
11481,0.0,10.0,0.0,0.0,39.0,5.0,80.0,82.0,6.0,82.0,82.0,82.0,1.0,82.0,8.0,1.048248291015625,1.4564515352249146,4.0,-1.9976054430007935,-1.735295057296753,-72.03875526573043,1.048248291015625,10.0,0.0,0.0,40.0,6.0,81.0,83.0,7.0,83.0,83.0,83.0,1.0,83.0,0.0
11482,1.048248291015625,10.0,0.0,0.0,40.0,6.0,81.0,83.0,7.0,83.0,83.0,83.0,1.0,83.0,8.0,-1.627698540687561,1.6597589254379272,4.0,-1.9597094058990479,-1.8846932649612427,-77.08374511494736,0.0,10.0,0.0,0.0,41.0,7.0,82.0,84.0,8.0,84.0,84.0,84.0,1.0,84.0,0.0
11483,0.0,10.0,0.0,0.0,41.0,7.0,82.0,84.0,8.0,84.0,84.0,84.0,1.0,84.0,8.0,-1.8039641380310059,1.7348684072494507,1.0,-1.9970827102661133,-1.9680687189102173,-85.43184421784686,0.0,10.0,0.0,0.0,42.0,1.0,83.0,85.0,9.0,85.0,85.0,85.0,1.0,85.0,0.0
11484,0.0,10.0,0.0,0.0,42.0,1.0,83.0,85.0,9.0,85.0,85.0,85.0,1.0,85.0,8.0,-1.8979743719100952,1.8448574542999268,2.0,-1.9994657039642334,-1.5507659912109375,-87.07223265978524,0.0,10.0,0.0,0.0,43.0,2.0,84.0,86.0,10.0,86.0,86.0,86.0,1.0,86.0,0.0
11485,0.0,10.0,0.0,0.0,43.0,2.0,84.0,86.0,10.0,86.0,86.0,86.0,1.0,86.0,8.0,-1.8477559089660645,1.970059871673584,2.0,-1.9782469272613525,-1.7816081047058105,-88.51363300066762,0.0,10.0,0.0,0.0,44.0,3.0,85.0,87.0,11.0,87.0,87.0,87.0,1.0,87.0,0.0
11486,0.0,10.0,0.0,0.0,44.0,3.0,85.0,87.0,11.0,87.0,87.0,87.0,1.0,87.0,8.0,-1.9145225286483765,1.756754755973816,4.0,-1.8690173625946045,-1.500491738319397,-88.38755993106821,0.0,10.0,0.0,0.0,45.0,4.0,86.0,88.0,12.0,88.0,88.0,88.0,1.0,88.0,0.0
11487,0.0,10.0,0.0,0.0,45.0,4.0,86.0,88.0,12.0,88.0,88.0,88.0,1.0,88.0,8.0,-1.741765022277832,1.4280632734298706,4.0,-1.9951525926589966,-1.0662963390350342,-85.8273156718685,0.0,10.0,0.0,0.0,46.0,5.0,87.0,89.0,13.0,89.0,89.0,89.0,1.0,89.0,0.0
11488,0.0,10.0,0.0,0.0,46.0,5.0,87.0,89.0,13.0,89.0,89.0,89.0,1.0,89.0,8.0,-1.6885497570037842,1.8820041418075562,2.0,-1.877190351486206,-1.319423794746399,-89.4884091269456,0.0,10.0,0.0,0.0,47.0,6.0,88.0,90.0,14.0,90.0,90.0,90.0,1.0,90.0,0.0
11489,0.0,10.0,0.0,0.0,47.0,6.0,88.0,90.0,14.0,90.0,90.0,90.0,1.0,90.0,8.0,-1.8776148557662964,1.9103106260299683,1.0,-1.8893001079559326,-1.446316123008728,-91.88942571392833,0.0,10.0,0.0,0.0,48.0,1.0,89.0,91.0,15.0,91.0,91.0,91.0,1.0,91.0,0.0
11490,0.0,10.0,0.0,0.0,48.0,1.0,89.0,91.0,15.0,91.0,91.0,91.0,1.0,91.0,8.0,-1.8865325450897217,1.7547607421875,2.0,-1.9994169473648071,-1.4117381572723389,-91.16843572679498,0.0,10.0,0.0,0.0,49.0,2.0,90.0,92.0,16.0,92.0,92.0,92.0,1.0,92.0,0.0
11491,0.0,10.0,0.0,0.0,49.0,2.0,90.0,92.0,16.0,92.0,92.0,92.0,1.0,92.0,8.0,-1.9732022285461426,1.7494984865188599,4.0,-1.9996572732925415,-1.933261752128601,-92.67470369733763,0.0,10.0,0.0,0.0,50.0,3.0,91.0,93.0,17.0,93.0,93.0,93.0,1.0,93.0,0.0
11492,0.0,10.0,0.0,0.0,50.0,3.0,91.0,93.0,17.0,93.0,93.0,93.0,1.0,93.0,8.0,-1.9155869483947754,1.7930103540420532,4.0,-1.9992913007736206,-1.258528709411621,-93.441812974546,0.0,10.0,0.0,0.0,51.0,4.0,92.0,94.0,18.0,94.0,94.0,94.0,1.0,94.0,0.0
11493,0.0,10.0,0.0,0.0,51.0,4.0,92.0,94.0,18.0,94.0,94.0,94.0,1.0,94.0,8.0,-1.973537564277649,1.9274274110794067,4.0,-1.9917001724243164,-1.8960306644439697,-95.68966478018305,0.0,10.0,0.0,0.0,52.0,5.0,93.0,95.0,19.0,95.0,95.0,95.0,1.0,95.0,0.0
11494,0.0,10.0,0.0,0.0,52.0,5.0,93.0,95.0,19.0,95.0,95.0,95.0,1.0,95.0,8.0,-1.9708881378173828,1.8765314817428589,4.0,-1.9999208450317383,-1.9663137197494507,-96.21729525555486,0.0,10.0,0.0,0.0,53.0,6.0,94.0,96.0,20.0,96.0,96.0,96.0,1.0,96.0,0.0
11495,0.0,10.0,0.0,0.0,53.0,6.0,94.0,96.0,20.0,96.0,96.0,96.0,1.0,96.0,8.0,-1.9223923683166504,1.831260085105896,4.0,-1.9986088275909424,-1.975599765777588,-96.45390238574754,0.0,10.0,0.0,0.0,54.0,7.0,95.0,97.0,21.0,97.0,97.0,97.0,1.0,97.0,0.0
11496,0.0,10.0,0.0,0.0,54.0,7.0,95.0,97.0,21.0,97.0,97.0,97.0,1.0,97.0,8.0,-1.8544973134994507,1.7951287031173706,2.0,-1.997225284576416,-1.8082380294799805,-96.61391727286465,0.0,10.0,0.0,0.0,55.0,8.0,96.0,98.0,22.0,98.0,98.0,98.0,1.0,98.0,0.0
11497,0.0,10.0,0.0,0.0,55.0,8.0,96.0,98.0,22.0,98.0,98.0,98.0,1.0,98.0,8.0,-1.4056503772735596,1.9161356687545776,4.0,-1.9998666048049927,-1.9084076881408691,-95.4680696498508,0.0,10.0,0.0,0.0,56.0,9.0,97.0,99.0,23.0,99.0,99.0,99.0,1.0,99.0,0.0
11498,0.0,10.0,0.0,0.0,56.0,9.0,97.0,99.0,23.0,99.0,99.0,99.0,1.0,99.0,8.0,-1.980169653892517,1.9949637651443481,4.0,-1.9995543956756592,-1.861939787864685,-100.71238262849285,0.0,10.0,0.0,0.0,57.0,10.0,98.0,100.0,24.0,100.0,100.0,100.0,1.0,100.0,0.0
11499,0.0,10.0,0.0,0.0,57.0,10.0,98.0,100.0,24.0,100.0,100.0,100.0,1.0,100.0,8.0,-1.9584473371505737,1.8249973058700562,2.0,-1.9913218021392822,0.0378422848880291,-99.77338043978222,0.0,10.0,0.0,0.0378422848880291,58.0,11.0,99.0,100.0,25.0,100.0,100.0,100.0,1.0,100.0,1.0
11500,9.871830940246582,5.6239447593688965,8.64416217803955,4.187086582183838,1.0,1.0,1.0,1.0,1.0,1.0,1.0,1.0,1.0,1.0,2.0,-1.9951648712158203,1.7809845209121704,4.0,-1.976952314376831,-1.922734022140503,-2.3741724640856807,7.876666069030762,7.404929280281067,6.66720986366272,2.264352560043335,2.0,2.0,1.0,2.0,1.0,2.0,2.0,2.0,2.0,2.0,0.0
11501,7.876666069030762,7.404929280281067,6.66720986366272,2.264352560043335,2.0,2.0,1.0,2.0,1.0,2.0,2.0,2.0,2.0,2.0,2.0,-1.8347440958023071,-0.42107143998146057,4.0,-1.8915812969207764,-1.6407513618469238,-2.8875648874292597,6.041921973228455,6.983857840299606,4.775628566741943,0.6236011981964111,3.0,3.0,1.0,3.0,1.0,3.0,3.0,3.0,3.0,3.0,0.0
11502,6.041921973228455,6.983857840299606,4.775628566741943,0.6236011981964111,3.0,3.0,1.0,3.0,1.0,3.0,3.0,3.0,3.0,3.0,2.0,-0.8773003816604614,-1.903855323791504,0.0,-1.8982592821121216,-1.9331425428390503,-4.5027920036998506,5.164621591567993,5.080002516508102,2.8773692846298218,0.0,1.0,4.0,1.0,4.0,2.0,4.0,4.0,4.0,4.0,4.0,0.0
11503,5.164621591567993,5.080002516508102,2.8773692846298218,0.0,1.0,4.0,1.0,4.0,2.0,4.0,4.0,4.0,4.0,4.0,5.0,-1.5992521047592163,-1.7322841882705688,0.0,-1.5336753129959106,-1.807740569114685,-8.152495018806807,3.565369486808777,3.3477183282375336,1.3436939716339111,0.0,1.0,5.0,2.0,5.0,3.0,1.0,5.0,5.0,5.0,5.0,0.0
11504,3.565369486808777,3.3477183282375336,1.3436939716339111,0.0,1.0,5.0,2.0,5.0,3.0,1.0,5.0,5.0,5.0,5.0,9.0,-1.889188289642334,-1.653450608253479,0.0,-1.4584449529647827,0.1418347805738449,-4.724460202081552,1.6761811971664429,1.6942677199840546,0.0,0.1418347805738449,1.0,6.0,3.0,6.0,4.0,2.0,6.0,6.0,6.0,1.0,0.0
11505,1.6761811971664429,1.6942677199840546,0.0,0.1418347805738449,1.0,6.0,3.0,6.0,4.0,2.0,6.0,6.0,6.0,1.0,8.0,-1.1047097444534302,-1.486416220664978,0.0,-1.58091402053833,-1.6145942211151123,-15.319186852109455,0.5714714527130127,0.20785149931907654,0.0,0.0,1.0,7.0,4.0,7.0,5.0,3.0,7.0,7.0,7.0,2.0,0.0
11506,0.5714714527130127,0.20785149931907654,0.0,0.0,1.0,7.0,4.0,7.0,5.0,3.0,7.0,7.0,7.0,2.0,0.0,0.1020386666059494,0.7756716012954712,4.0,-1.7597793340682983,0.11246082931756973,-6.935292050639063,0.6735101193189621,0.9835231006145477,0.0,0.11246082931756973,1.0,8.0,5.0,8.0,6.0,4.0,8.0,8.0,8.0,3.0,0.0
11507,0.6735101193189621,0.9835231006145477,0.0,0.11246082931756973,1.0,8.0,5.0,8.0,6.0,4.0,8.0,8.0,8.0,3.0,8.0,0.510855495929718,1.4729974269866943,10.0,-1.9724924564361572,-1.0842207670211792,-11.426494737450746,1.1843656152486801,2.456520527601242,0.0,0.0,2.0,9.0,6.0,9.0,7.0,5.0,9.0,9.0,1.0,4.0,0.0
11508,1.1843656152486801,2.456520527601242,0.0,0.0,2.0,9.0,6.0,9.0,7.0,5.0,9.0,9.0,1.0,4.0,1.0,1.3103171586990356,-1.552022933959961,3.0,-1.6196001768112183,-1.068131923675537,-9.895744241589286,2.4946827739477158,0.9044975936412811,0.0,0.0,3.0,1.0,7.0,1.0,8.0,6.0,10.0,10.0,2.0,5.0,0.0
11509,2.4946827739477158,0.9044975936412811,0.0,0.0,3.0,1.0,7.0,1.0,8.0,6.0,10.0,10.0,2.0,5.0,5.0,1.2381529808044434,-1.3322899341583252,0.0,0.4712287187576294,-1.0524073839187622,-17.530430921051703,3.732835754752159,0.0,0.4712287187576294,0.0,1.0,2.0,8.0,2.0,9.0,1.0,11.0,11.0,3.0,6.0,0.0
11510,3.732835754752159,0.0,0.4712287187576294,0.0,1.0,2.0,8.0,2.0,9.0,1.0,11.0,11.0,3.0,6.0,9.0,0.22996966540813446,1.2455168962478638,0.0,0.5498920679092407,0.267345666885376,-6.763791652083319,3.9628054201602936,1.2455168962478638,1.0211207866668701,0.267345666885376,1.0,3.0,9.0,3.0,10.0,2.0,12.0,12.0,4.0,1.0,0.0
11511,3.9628054201602936,1.2455168962478638,1.0211207866668701,0.267345666885376,1.0,3.0,9.0,3.0,10.0,2.0,12.0,12.0,4.0,1.0,4.0,1.7083808183670044,-1.0394021272659302,0.0,-1.303097128868103,-0.0029900050722062588,-9.935513784260387,5.671186238527298,0.2061147689819336,0.0,0.2643556618131697,1.0,4.0,10.0,4.0,1.0,3.0,13.0,13.0,5.0,2.0,0.0
11512,5.671186238527298,0.2061147689819336,0.0,0.2643556618131697,1.0,4.0,10.0,4.0,1.0,3.0,13.0,13.0,5.0,2.0,9.0,-0.8808749318122864,0.4630172550678253,1.0,-1.2377560138702393,-1.0510836839675903,-8.210163067461435,4.790311306715012,0.6691320240497589,0.0,0.0,2.0,1.0,11.0,5.0,2.0,4.0,14.0,14.0,6.0,1.0,0.0
11513,4.790311306715012,0.6691320240497589,0.0,0.0,2.0,1.0,11.0,5.0,2.0,4.0,14.0,14.0,6.0,1.0,9.0,-1.3534599542617798,0.01683807745575905,1.0,0.5807676911354065,-1.4973993301391602,-8.021025848296574,3.436851352453232,0.685970101505518,0.5807676911354065,0.0,3.0,1.0,12.0,6.0,3.0,5.0,15.0,15.0,7.0,1.0,0.0
11514,3.436851352453232,0.685970101505518,0.5807676911354065,0.0,3.0,1.0,12.0,6.0,3.0,5.0,15.0,15.0,7.0,1.0,5.0,-1.611104965209961,-0.1421201527118683,1.0,-1.6900124549865723,-0.46239739656448364,-17.937454857770707,1.8257463872432709,0.5438499487936497,0.0,0.0,4.0,1.0,13.0,7.0,4.0,6.0,16.0,16.0,8.0,2.0,0.0
11515,1.8257463872432709,0.5438499487936497,0.0,0.0,4.0,1.0,13.0,7.0,4.0,6.0,16.0,16.0,8.0,2.0,8.0,1.3745604753494263,1.2196389436721802,0.0,-0.2822468876838684,-1.871670126914978,-13.254795664136283,3.200306862592697,1.7634888924658298,0.0,0.0,1.0,2.0,14.0,8.0,5.0,7.0,17.0,17.0,1.0,3.0,0.0
11516,3.200306862592697,1.7634888924658298,0.0,0.0,1.0,2.0,14.0,8.0,5.0,7.0,17.0,17.0,1.0,3.0,5.0,-0.9898127913475037,-1.132964015007019,0.0,-1.799497365951538,-1.2261337041854858,-17.045780639523972,2.2104940712451935,0.6305248774588108,0.0,0.0,1.0,3.0,15.0,9.0,6.0,1.0,18.0,18.0,2.0,4.0,0.0
11517,2.2104940712451935,0.6305248774588108,0.0,0.0,1.0,3.0,15.0,9.0,6.0,1.0,18.0,18.0,2.0,4.0,9.0,-1.1365948915481567,1.4101698398590088,10.0,-0.04931987449526787,-1.074962854385376,-8.912874677132862,1.0738991796970367,2.0406947173178196,0.0,0.0,2.0,4.0,16.0,10.0,7.0,2.0,19.0,19.0,3.0,1.0,0.0
11518,1.0738991796970367,2.0406947173178196,0.0,0.0,2.0,4.0,16.0,10.0,7.0,2.0,19.0,19.0,3.0,1.0,10.0,-0.7888912558555603,1.828625202178955,0.0,-1.686026692390442,-1.291767954826355,-9.3,0.28500792384147644,3.8693199194967747,0.0,0.0,1.0,5.0,17.0,11.0,8.0,3.0,20.0,20.0,4.0,2.0,0.0
11519,0.28500792384147644,3.8693199194967747,0.0,0.0,1.0,5.0,17.0,11.0,8.0,3.0,20.0,20.0,4.0,2.0,10.0,1.546838641166687,1.2459850311279297,0.0,-1.7375452518463135,0.29502004384994507,-10.1,1.8318465650081635,5.115304950624704,0.0,0.29502004384994507,1.0,6.0,18.0,12.0,9.0,4.0,21.0,21.0,5.0,3.0,0.0
11520,1.8318465650081635,5.115304950624704,0.0,0.29502004384994507,1.0,6.0,18.0,12.0,9.0,4.0,21.0,21.0,5.0,3.0,10.0,1.5614701509475708,-0.13031218945980072,1.0,-1.8174433708190918,0.22934506833553314,-11.0,3.3933167159557343,4.984992761164904,0.0,0.5243651121854782,2.0,1.0,19.0,13.0,10.0,5.0,22.0,22.0,6.0,4.0,0.0
11521,3.3933167159557343,4.984992761164904,0.0,0.5243651121854782,2.0,1.0,19.0,13.0,10.0,5.0,22.0,22.0,6.0,4.0,9.0,1.8655543327331543,1.5500916242599487,0.0,-1.5363386869430542,1.248234748840332,-14.271769616682093,5.2588710486888885,6.535084385424852,0.0,1.7725998610258102,1.0,2.0,20.0,14.0,11.0,6.0,23.0,23.0,7.0,1.0,0.0
11522,5.2588710486888885,6.535084385424852,0.0,1.7725998610258102,1.0,2.0,20.0,14.0,11.0,6.0,23.0,23.0,7.0,1.0,10.0,0.6482977271080017,-0.521327793598175,0.0,-1.0164544582366943,-1.8779839277267456,-11.8,5.90716877579689,6.013756591826677,0.0,0.0,1.0,3.0,21.0,15.0,12.0,7.0,24.0,24.0,8.0,2.0,0.0
11523,5.90716877579689,6.013756591826677,0.0,0.0,1.0,3.0,21.0,15.0,12.0,7.0,24.0,24.0,8.0,2.0,10.0,0.6265056133270264,1.2232999801635742,0.0,-1.8970627784729004,-0.49476611614227295,-12.7,6.533674389123917,7.2370565719902515,0.0,0.0,1.0,4.0,22.0,16.0,13.0,8.0,25.0,25.0,9.0,3.0,0.0
11524,6.533674389123917,7.2370565719902515,0.0,0.0,1.0,4.0,22.0,16.0,13.0,8.0,25.0,25.0,9.0,3.0,8.0,-1.0842244625091553,-0.25739938020706177,0.0,-1.7765196561813354,0.31955480575561523,-13.222607567813105,5.449449926614761,6.97965719178319,0.0,0.31955480575561523,1.0,5.0,23.0,17.0,14.0,9.0,26.0,26.0,1.0,4.0,0.0
11525,5.449449926614761,6.97965719178319,0.0,0.31955480575561523,1.0,5.0,23.0,17.0,14.0,9.0,26.0,26.0,1.0,4.0,10.0,-0.5315799713134766,0.059431128203868866,0.0,-1.8814208507537842,0.9215880036354065,-13.6,4.917869955301285,7.039088319987059,0.0,1.2411428093910217,1.0,6.0,24.0,18.0,15.0,10.0,27.0,27.0,2.0,5.0,0.0
11526,4.917869955301285,7.039088319987059,0.0,1.2411428093910217,1.0,6.0,24.0,18.0,15.0,10.0,27.0,27.0,2.0,5.0,1.0,1.2189686298370361,1.568740725517273,0.0,-1.9380658864974976,-0.5186336040496826,-19.952846607967917,6.136838585138321,8.607829045504332,0.0,0.7225092053413391,1.0,1.0,25.0,19.0,16.0,11.0,28.0,28.0,3.0,6.0,0.0
11527,6.136838585138321,8.607829045504332,0.0,0.7225092053413391,1.0,1.0,25.0,19.0,16.0,11.0,28.0,28.0,3.0,6.0,8.0,-1.1647694110870361,1.5594749450683594,4.0,-1.9354453086853027,-0.23143184185028076,-17.443252269993728,4.972069174051285,10.0,0.0,0.49107736349105835,2.0,2.0,26.0,20.0,17.0,12.0,29.0,29.0,1.0,7.0,0.0
11528,4.972069174051285,10.0,0.0,0.49107736349105835,2.0,2.0,26.0,20.0,17.0,12.0,29.0,29.0,1.0,7.0,5.0,0.7558633089065552,0.43284347653388977,4.0,-1.3832898139953613,-0.27908480167388916,-23.849510304790144,5.72793248295784,10.0,0.0,0.2119925618171692,3.0,3.0,27.0,21.0,18.0,1.0,30.0,30.0,2.0,8.0,0.0
11529,5.72793248295784,10.0,0.0,0.2119925618171692,3.0,3.0,27.0,21.0,18.0,1.0,30.0,30.0,2.0,8.0,10.0,-1.0078620910644531,1.707964539527893,0.0,-1.801486611366272,0.19115498661994934,-32.37964539527893,4.720070391893387,10.0,0.0,0.40314754843711853,1.0,4.0,28.0,22.0,19.0,2.0,31.0,31.0,3.0,9.0,0.0
11530,4.720070391893387,10.0,0.0,0.40314754843711853,1.0,4.0,28.0,22.0,19.0,2.0,31.0,31.0,3.0,9.0,10.0,0.5645067691802979,1.5027666091918945,4.0,-1.9329971075057983,1.769243597984314,-31.027666091918945,5.284577161073685,10.0,0.0,2.1723911464214325,2.0,5.0,29.0,23.0,20.0,3.0,32.0,32.0,4.0,10.0,0.0
11531,5.284577161073685,10.0,0.0,2.1723911464214325,2.0,5.0,29.0,23.0,20.0,3.0,32.0,32.0,4.0,10.0,0.0,1.170853614807129,1.8531420230865479,6.0,-1.886674165725708,1.8612086772918701,-48.73587051713564,6.455430775880814,10.0,0.0,4.033599823713303,3.0,6.0,30.0,24.0,21.0,4.0,33.0,33.0,5.0,11.0,0.0
11532,6.455430775880814,10.0,0.0,4.033599823713303,3.0,6.0,30.0,24.0,21.0,4.0,33.0,33.0,5.0,11.0,0.0,0.6208494901657104,1.6147764921188354,0.0,-1.895500898361206,0.6855841279029846,-48.077004346329204,7.076280266046524,10.0,0.0,4.719183951616287,1.0,7.0,31.0,25.0,22.0,5.0,34.0,34.0,6.0,12.0,0.0
11533,7.076280266046524,10.0,0.0,4.719183951616287,1.0,7.0,31.0,25.0,22.0,5.0,34.0,34.0,6.0,12.0,9.0,0.07498276978731155,1.6058212518692017,0.0,-1.7471821308135986,1.4875423908233643,-45.861520932111716,7.151263035833836,10.0,0.0,6.2067263424396515,1.0,8.0,32.0,26.0,23.0,6.0,35.0,35.0,7.0,13.0,0.0
11534,7.151263035833836,10.0,0.0,6.2067263424396515,1.0,8.0,32.0,26.0,23.0,6.0,35.0,35.0,7.0,13.0,9.0,1.4854400157928467,1.0119824409484863,1.0,-1.759708046913147,1.6583887338638306,-43.30698868278072,8.636703051626682,10.0,0.0,7.865115076303482,2.0,9.0,33.0,27.0,24.0,7.0,36.0,36.0,8.0,14.0,0.0
11535,8.636703051626682,10.0,0.0,7.865115076303482,2.0,9.0,33.0,27.0,24.0,7.0,36.0,36.0,8.0,14.0,10.0,1.8672826290130615,0.7798393964767456,10.0,-1.9603443145751953,1.6378538608551025,-29.885208939959945,10.0,10.0,0.0,9.502968937158585,3.0,10.0,34.0,28.0,25.0,8.0,37.0,37.0,9.0,15.0,0.0
11536,10.0,10.0,0.0,9.502968937158585,3.0,10.0,34.0,28.0,25.0,8.0,37.0,37.0,9.0,15.0,0.0,-0.08711901307106018,1.375099778175354,0.0,-0.9050410389900208,-1.3952358961105347,-54.111875930367304,9.91288098692894,10.0,0.0,8.10773304104805,1.0,11.0,35.0,29.0,26.0,9.0,38.0,38.0,10.0,16.0,0.0
11537,9.91288098692894,10.0,0.0,8.10773304104805,1.0,11.0,35.0,29.0,26.0,9.0,38.0,38.0,10.0,16.0,0.0,1.213432788848877,-1.109954833984375,0.0,-1.8093538284301758,1.6499474048614502,-49.77811672891956,10.0,8.890045166015625,0.0,9.7576804459095,2.0,12.0,36.0,30.0,27.0,10.0,39.0,39.0,11.0,17.0,0.0
11538,10.0,8.890045166015625,0.0,9.7576804459095,2.0,12.0,36.0,30.0,27.0,10.0,39.0,39.0,11.0,17.0,1.0,-0.21896079182624817,1.2757269144058228,0.0,-1.7993916273117065,0.29293784499168396,-35.03026856121143,9.781039208173752,10.0,0.0,10.0,3.0,13.0,37.0,31.0,28.0,11.0,40.0,40.0,12.0,18.0,0.0
11539,9.781039208173752,10.0,0.0,10.0,3.0,13.0,37.0,31.0,28.0,11.0,40.0,40.0,12.0,18.0,9.0,1.594220757484436,1.5598485469818115,0.0,-1.9464654922485352,-0.37605464458465576,-61.56410395866931,10.0,10.0,0.0,9.623945355415344,4.0,14.0,38.0,32.0,29.0,12.0,41.0,41.0,13.0,19.0,0.0
11540,10.0,10.0,0.0,9.623945355415344,4.0,14.0,38.0,32.0,29.0,12.0,41.0,41.0,13.0,19.0,9.0,-0.852565348148346,0.27212607860565186,0.0,-1.81158447265625,0.3371860384941101,-42.62046084090542,9.147434651851654,10.0,0.0,9.961131393909454,5.0,15.0,39.0,33.0,30.0,13.0,42.0,42.0,14.0,20.0,0.0
11541,9.147434651851654,10.0,0.0,9.961131393909454,5.0,15.0,39.0,33.0,30.0,13.0,42.0,42.0,14.0,20.0,8.0,-0.0019797079730778933,1.72868812084198,0.0,-0.897972822189331,1.5857548713684082,-47.41436572823989,9.145454943878576,10.0,0.0,10.0,6.0,16.0,40.0,34.0,31.0,14.0,43.0,43.0,1.0,21.0,0.0
11542,9.145454943878576,10.0,0.0,10.0,6.0,16.0,40.0,34.0,31.0,14.0,43.0,43.0,1.0,21.0,0.0,0.7872117161750793,0.8322416543960571,6.0,-1.933701515197754,1.2221163511276245,-53.02575593197059,9.932666660053656,10.0,0.0,10.0,7.0,17.0,41.0,35.0,32.0,15.0,44.0,44.0,2.0,22.0,0.0
11543,9.932666660053656,10.0,0.0,10.0,7.0,17.0,41.0,35.0,32.0,15.0,44.0,44.0,2.0,22.0,9.0,1.2130241394042969,1.538459062576294,0.0,-1.8192869424819946,0.8336637616157532,-62.55067820126729,10.0,10.0,0.0,10.0,8.0,18.0,42.0,36.0,33.0,16.0,45.0,45.0,3.0,23.0,0.0
11544,10.0,10.0,0.0,10.0,8.0,18.0,42.0,36.0,33.0,16.0,45.0,45.0,3.0,23.0,9.0,1.448355793952942,1.579557180404663,0.0,-1.6534981727600098,-0.4341385066509247,-65.79941819314085,10.0,10.0,0.0,9.565861493349075,9.0,19.0,43.0,37.0,34.0,17.0,46.0,46.0,4.0,24.0,0.0
11545,10.0,10.0,0.0,9.565861493349075,9.0,19.0,43.0,37.0,34.0,17.0,46.0,46.0,4.0,24.0,1.0,1.162968635559082,1.704498291015625,1.0,-1.6463805437088013,0.9607174396514893,-59.803212608387305,10.0,10.0,0.0,10.0,10.0,20.0,44.0,38.0,35.0,18.0,47.0,47.0,5.0,25.0,0.0
11546,10.0,10.0,0.0,10.0,10.0,20.0,44.0,38.0,35.0,18.0,47.0,47.0,5.0,25.0,0.0,0.6981452107429504,1.1436541080474854,0.0,-1.8932645320892334,0.43755772709846497,-62.2478225579691,10.0,10.0,0.0,10.0,11.0,21.0,45.0,39.0,36.0,19.0,48.0,48.0,6.0,26.0,0.0
11547,10.0,10.0,0.0,10.0,11.0,21.0,45.0,39.0,36.0,19.0,48.0,48.0,6.0,26.0,9.0,1.759926199913025,-0.5690456628799438,0.0,-1.3304921388626099,-1.537742257118225,-63.783373920479356,10.0,9.430954337120056,0.0,8.462257742881775,1.0,22.0,46.0,40.0,37.0,20.0,49.0,49.0,7.0,27.0,0.0
11548,10.0,9.430954337120056,0.0,8.462257742881775,1.0,22.0,46.0,40.0,37.0,20.0,49.0,49.0,7.0,27.0,1.0,1.8781170845031738,0.3268578350543976,4.0,-1.9324698448181152,1.1745373010635376,-57.09592566164911,10.0,9.757812172174454,0.0,9.636795043945312,2.0,1.0,47.0,41.0,38.0,21.0,50.0,50.0,8.0,28.0,0.0
11549,10.0,9.757812172174454,0.0,9.636795043945312,2.0,1.0,47.0,41.0,38.0,21.0,50.0,50.0,8.0,28.0,8.0,-1.3334662914276123,1.4557057619094849,4.0,-1.975544810295105,-0.8970070481300354,-45.43429255309195,8.666533708572388,10.0,0.0,8.739787995815277,3.0,2.0,48.0,42.0,39.0,22.0,51.0,51.0,1.0,29.0,0.0
11550,8.666533708572388,10.0,0.0,8.739787995815277,3.0,2.0,48.0,42.0,39.0,22.0,51.0,51.0,1.0,29.0,9.0,-1.2307507991790771,1.3902006149291992,4.0,-1.959198236465454,1.8398321866989136,-55.22810885323415,7.4357829093933105,10.0,0.0,10.0,4.0,3.0,49.0,43.0,40.0,23.0,52.0,52.0,2.0,30.0,0.0
11551,7.4357829093933105,10.0,0.0,10.0,4.0,3.0,49.0,43.0,40.0,23.0,52.0,52.0,2.0,30.0,8.0,-0.5340487360954285,1.8293030261993408,4.0,-1.9802279472351074,0.7073376178741455,-51.321889749928545,6.901734173297882,10.0,0.0,10.0,5.0,4.0,50.0,44.0,41.0,24.0,53.0,53.0,1.0,31.0,0.0
11552,6.901734173297882,10.0,0.0,10.0,5.0,4.0,50.0,44.0,41.0,24.0,53.0,53.0,1.0,31.0,0.0,0.8571432828903198,1.7035837173461914,4.0,-1.9587126970291138,-0.2931060492992401,-63.49985894312944,7.758877456188202,10.0,0.0,9.70689395070076,6.0,5.0,51.0,45.0,42.0,25.0,54.0,54.0,2.0,32.0,0.0
11553,7.758877456188202,10.0,0.0,9.70689395070076,6.0,5.0,51.0,45.0,42.0,25.0,54.0,54.0,2.0,32.0,8.0,0.8190458416938782,1.8016529083251953,4.0,-1.984169840812683,1.0138664245605469,-54.78867325005214,8.57792329788208,10.0,0.0,10.0,7.0,6.0,52.0,46.0,43.0,26.0,55.0,55.0,1.0,33.0,0.0
11554,8.57792329788208,10.0,0.0,10.0,7.0,6.0,52.0,46.0,43.0,26.0,55.0,55.0,1.0,33.0,0.0,0.20046661794185638,1.3224529027938843,4.0,-0.2904815077781677,1.5977578163146973,-63.15369648092969,8.778389915823936,10.0,0.0,10.0,8.0,7.0,53.0,47.0,44.0,27.0,56.0,56.0,2.0,34.0,0.0
11555,8.778389915823936,10.0,0.0,10.0,8.0,7.0,53.0,47.0,44.0,27.0,56.0,56.0,2.0,34.0,8.0,1.0420200824737549,1.6647441387176514,4.0,-1.9832372665405273,0.45272159576416016,-57.22215313216049,9.820409998297691,10.0,0.0,10.0,9.0,8.0,54.0,48.0,45.0,28.0,57.0,57.0,1.0,35.0,0.0
11556,9.820409998297691,10.0,0.0,10.0,9.0,8.0,54.0,48.0,45.0,28.0,57.0,57.0,1.0,35.0,0.0,0.7350049018859863,1.9318355321884155,0.0,-1.945914387702942,1.3863710165023804,-74.24968091071094,10.0,10.0,0.0,10.0,10.0,9.0,55.0,49.0,46.0,29.0,58.0,58.0,2.0,36.0,0.0
11557,10.0,10.0,0.0,10.0,10.0,9.0,55.0,49.0,46.0,29.0,58.0,58.0,2.0,36.0,0.0,0.7243531942367554,1.6191967725753784,6.0,-1.582628846168518,1.4766578674316406,-72.88708627576023,10.0,10.0,0.0,10.0,11.0,10.0,56.0,50.0,47.0,30.0,59.0,59.0,3.0,37.0,0.0
11558,10.0,10.0,0.0,10.0,11.0,10.0,56.0,50.0,47.0,30.0,59.0,59.0,3.0,37.0,9.0,-0.15675152838230133,1.831589698791504,4.0,-1.9914016723632812,1.628889560699463,-71.62400819588197,9.843248471617699,10.0,0.0,10.0,12.0,11.0,57.0,51.0,48.0,31.0,60.0,60.0,4.0,38.0,0.0
11559,9.843248471617699,10.0,0.0,10.0,12.0,11.0,57.0,51.0,48.0,31.0,60.0,60.0,4.0,38.0,0.0,0.9707844853401184,1.8452389240264893,4.0,-1.9064387083053589,0.19207215309143066,-77.31693371037889,10.0,10.0,0.0,10.0,13.0,12.0,58.0,52.0,49.0,32.0,61.0,61.0,5.0,39.0,0.0
11560,10.0,10.0,0.0,10.0,13.0,12.0,58.0,52.0,49.0,32.0,61.0,61.0,5.0,39.0,8.0,1.1376725435256958,1.8824536800384521,0.0,-1.9710766077041626,0.6685144305229187,-67.39904648307233,10.0,10.0,0.0,10.0,14.0,13.0,59.0,53.0,50.0,33.0,62.0,62.0,1.0,40.0,0.0
11561,10.0,10.0,0.0,10.0,14.0,13.0,59.0,53.0,50.0,33.0,62.0,62.0,1.0,40.0,8.0,0.7296158671379089,1.961129069328308,4.0,-1.9151047468185425,1.297937035560608,-67.22829668599519,10.0,10.0,0.0,10.0,15.0,14.0,60.0,54.0,51.0,34.0,63.0,63.0,1.0,41.0,0.0
11562,10.0,10.0,0.0,10.0,15.0,14.0,60.0,54.0,51.0,34.0,63.0,63.0,1.0,41.0,0.0,1.351196050643921,1.950708270072937,4.0,-1.9851996898651123,1.2650666236877441,-83.27846454149139,10.0,10.0,0.0,10.0,16.0,15.0,61.0,55.0,52.0,35.0,64.0,64.0,2.0,42.0,0.0
11563,10.0,10.0,0.0,10.0,16.0,15.0,61.0,55.0,52.0,35.0,64.0,64.0,2.0,42.0,0.0,0.8691312074661255,1.982203483581543,0.0,-1.977770447731018,1.9125075340270996,-82.19250130635706,10.0,10.0,0.0,10.0,17.0,16.0,62.0,56.0,53.0,36.0,65.0,65.0,3.0,43.0,0.0
11564,10.0,10.0,0.0,10.0,17.0,16.0,62.0,56.0,53.0,36.0,65.0,65.0,3.0,43.0,9.0,0.5543668866157532,1.9710315465927124,4.0,-1.9824094772338867,1.8433191776275635,-79.54382753987687,10.0,10.0,0.0,10.0,18.0,17.0,63.0,57.0,54.0,37.0,66.0,66.0,4.0,44.0,0.0
11565,10.0,10.0,0.0,10.0,18.0,17.0,63.0,57.0,54.0,37.0,66.0,66.0,4.0,44.0,0.0,0.8125442266464233,1.7566641569137573,0.0,-1.9757696390151978,1.875135064125061,-81.903586812647,10.0,10.0,0.0,10.0,19.0,18.0,64.0,58.0,55.0,38.0,67.0,67.0,5.0,45.0,0.0
11566,10.0,10.0,0.0,10.0,19.0,18.0,64.0,58.0,55.0,38.0,67.0,67.0,5.0,45.0,0.0,1.355472207069397,1.7525475025177002,0.0,-1.3701223134994507,1.7969026565551758,-85.70439860869257,10.0,10.0,0.0,10.0,20.0,19.0,65.0,59.0,56.0,39.0,68.0,68.0,6.0,46.0,0.0
11567,10.0,10.0,0.0,10.0,20.0,19.0,65.0,59.0,56.0,39.0,68.0,68.0,6.0,46.0,0.0,1.1389671564102173,1.9889761209487915,4.0,-1.9742662906646729,1.7483340501785278,-87.46876787321659,10.0,10.0,0.0,10.0,21.0,20.0,66.0,60.0,57.0,40.0,69.0,69.0,7.0,47.0,0.0
11568,10.0,10.0,0.0,10.0,21.0,20.0,66.0,60.0,57.0,40.0,69.0,69.0,7.0,47.0,0.0,0.851664125919342,1.9154353141784668,4.0,-1.5242100954055786,1.9511884450912476,-86.5111549817284,10.0,10.0,0.0,10.0,22.0,21.0,67.0,61.0,58.0,41.0,70.0,70.0,8.0,48.0,0.0
11569,10.0,10.0,0.0,10.0,22.0,21.0,67.0,61.0,58.0,41.0,70.0,70.0,8.0,48.0,0.0,1.951041340827942,1.9041705131530762,0.0,-1.974555492401123,1.5782814025878906,-93.8112290816634,10.0,10.0,0.0,10.0,23.0,22.0,68.0,62.0,59.0,42.0,71.0,71.0,9.0,49.0,0.0
11570,10.0,10.0,0.0,10.0,23.0,22.0,68.0,62.0,59.0,42.0,71.0,71.0,9.0,49.0,0.0,-0.29710835218429565,1.413103461265564,0.0,-1.5384682416915894,0.6626638770103455,-81.04874186122105,9.702891647815704,10.0,0.0,10.0,24.0,23.0,69.0,63.0,60.0,43.0,72.0,72.0,10.0,50.0,0.0
11571,9.702891647815704,10.0,0.0,10.0,24.0,23.0,69.0,63.0,60.0,43.0,72.0,72.0,10.0,50.0,0.0,1.9583147764205933,1.7674018144607544,0.0,-1.599867582321167,1.85536527633667,-92.80429773177285,10.0,10.0,0.0,10.0,25.0,24.0,70.0,64.0,61.0,44.0,73.0,73.0,11.0,51.0,0.0
11572,10.0,10.0,0.0,10.0,25.0,24.0,70.0,64.0,61.0,44.0,73.0,73.0,11.0,51.0,0.0,1.224155306816101,1.581071376800537,0.0,-1.6777113676071167,1.75227952003479,-89.5446068552187,10.0,10.0,0.0,10.0,26.0,25.0,71.0,65.0,62.0,45.0,74.0,74.0,12.0,52.0,0.0
11573,10.0,10.0,0.0,10.0,26.0,25.0,71.0,65.0,62.0,45.0,74.0,74.0,12.0,52.0,0.0,1.7445162534713745,1.7627050876617432,0.0,-1.9162280559539795,-0.07081872224807739,-95.34888343652489,10.0,10.0,0.0,9.929181277751923,27.0,26.0,72.0,66.0,63.0,46.0,75.0,75.0,13.0,53.0,0.0
11574,10.0,10.0,0.0,9.929181277751923,27.0,26.0,72.0,66.0,63.0,46.0,75.0,75.0,13.0,53.0,0.0,1.5202187299728394,1.519936442375183,0.0,-1.9015533924102783,0.7735852599143982,-93.04589347493723,10.0,10.0,0.0,10.0,28.0,27.0,73.0,67.0,64.0,47.0,76.0,76.0,14.0,54.0,0.0
11575,10.0,10.0,0.0,10.0,28.0,27.0,73.0,67.0,64.0,47.0,76.0,76.0,14.0,54.0,0.0,1.326129674911499,1.3930518627166748,0.0,-1.9429006576538086,1.8381297588348389,-91.78208930158587,10.0,10.0,0.0,10.0,29.0,28.0,74.0,68.0,65.0,48.0,77.0,77.0,15.0,55.0,0.0
11576,10.0,10.0,0.0,10.0,29.0,28.0,74.0,68.0,65.0,48.0,77.0,77.0,15.0,55.0,8.0,1.7402933835983276,1.9772484302520752,0.0,-1.9889291524887085,0.7773306369781494,-86.14408488004739,10.0,10.0,0.0,10.0,30.0,29.0,75.0,69.0,66.0,49.0,78.0,78.0,1.0,56.0,0.0
11577,10.0,10.0,0.0,10.0,30.0,29.0,75.0,69.0,66.0,49.0,78.0,78.0,1.0,56.0,0.0,1.7414180040359497,1.5980048179626465,0.0,-1.9701162576675415,1.3079434633255005,-96.68380037653269,10.0,10.0,0.0,10.0,31.0,30.0,76.0,70.0,67.0,50.0,79.0,79.0,2.0,57.0,0.0
11578,10.0,10.0,0.0,10.0,31.0,30.0,76.0,70.0,67.0,50.0,79.0,79.0,2.0,57.0,0.0,1.3022314310073853,1.8444209098815918,4.0,-1.8208788633346558,1.8510881662368774,-96.62682607550293,10.0,10.0,0.0,10.0,32.0,31.0,77.0,71.0,68.0,51.0,80.0,80.0,3.0,58.0,0.0
11579,10.0,10.0,0.0,10.0,32.0,31.0,77.0,71.0,68.0,51.0,80.0,80.0,3.0,58.0,0.0,1.6289747953414917,1.9741218090057373,0.0,-1.9629322290420532,1.2683006525039673,-100.64311617822355,10.0,10.0,0.0,10.0,33.0,32.0,78.0,72.0,69.0,52.0,81.0,81.0,4.0,59.0,0.0
11580,10.0,10.0,0.0,10.0,33.0,32.0,78.0,72.0,69.0,52.0,81.0,81.0,4.0,59.0,0.0,0.6905284523963928,1.8277485370635986,0.0,-1.9358004331588745,0.2892787456512451,-95.58715898923728,10.0,10.0,0.0,10.0,34.0,33.0,79.0,73.0,70.0,53.0,82.0,82.0,5.0,60.0,0.0
11581,10.0,10.0,0.0,10.0,34.0,33.0,79.0,73.0,70.0,53.0,82.0,82.0,5.0,60.0,0.0,1.1312345266342163,1.9396783113479614,0.0,-1.9738118648529053,1.91486656665802,-99.50324510846997,10.0,10.0,0.0,10.0,35.0,34.0,80.0,74.0,71.0,54.0,83.0,83.0,6.0,61.0,0.0
11582,10.0,10.0,0.0,10.0,35.0,34.0,80.0,74.0,71.0,54.0,83.0,83.0,6.0,61.0,0.0,1.7778266668319702,1.9139190912246704,0.0,-1.9754767417907715,1.8065237998962402,-104.17106602491086,10.0,10.0,0.0,10.0,36.0,35.0,81.0,75.0,72.0,55.0,84.0,84.0,7.0,62.0,0.0
11583,10.0,10.0,0.0,10.0,36.0,35.0,81.0,75.0,72.0,55.0,84.0,84.0,7.0,62.0,0.0,1.8912650346755981,1.7039214372634888,0.0,-1.8468422889709473,1.9091007709503174,-104.50504921208612,10.0,10.0,0.0,10.0,37.0,36.0,82.0,76.0,73.0,56.0,85.0,85.0,8.0,63.0,0.0
11584,10.0,10.0,0.0,10.0,37.0,36.0,82.0,76.0,73.0,56.0,85.0,85.0,8.0,63.0,0.0,1.7691650390625,1.9642376899719238,0.0,-1.9313522577285767,1.970155119895935,-106.4839058311035,10.0,10.0,0.0,10.0,38.0,37.0,83.0,77.0,74.0,57.0,86.0,86.0,9.0,64.0,0.0
11585,10.0,10.0,0.0,10.0,38.0,37.0,83.0,77.0,74.0,57.0,86.0,86.0,9.0,64.0,0.0,1.9687846899032593,1.9903366565704346,0.0,-1.94382905960083,1.9179304838180542,-109.04438030489838,10.0,10.0,0.0,10.0,39.0,38.0,84.0,78.0,75.0,58.0,87.0,87.0,10.0,65.0,0.0
11586,10.0,10.0,0.0,10.0,39.0,38.0,84.0,78.0,75.0,58.0,87.0,87.0,10.0,65.0,0.0,1.976189136505127,1.9873520135879517,0.0,-1.9575947523117065,1.637776494026184,-110.07532940090614,10.0,10.0,0.0,10.0,40.0,39.0,85.0,79.0,76.0,59.0,88.0,88.0,11.0,66.0,0.0
11587,10.0,10.0,0.0,10.0,40.0,39.0,85.0,79.0,76.0,59.0,88.0,88.0,11.0,66.0,0.0,1.894653558731079,1.8743871450424194,0.0,-1.9893540143966675,1.8907110691070557,-109.70027768062764,10.0,10.0,0.0,10.0,41.0,40.0,86.0,80.0,77.0,60.0,89.0,89.0,12.0,67.0,0.0
11588,10.0,10.0,0.0,10.0,41.0,40.0,86.0,80.0,77.0,60.0,89.0,89.0,12.0,67.0,0.0,1.9088221788406372,1.943145751953125,0.0,-1.9587974548339844,1.106741189956665,-111.28735775400861,10.0,10.0,0.0,10.0,42.0,41.0,87.0,81.0,78.0,61.0,90.0,90.0,13.0,68.0,0.0
11589,10.0,10.0,0.0,10.0,42.0,41.0,87.0,81.0,78.0,61.0,90.0,90.0,13.0,68.0,0.0,1.9093353748321533,1.9539216756820679,0.0,-1.7424709796905518,1.6450529098510742,-112.36792181813104,10.0,10.0,0.0,10.0,43.0,42.0,88.0,82.0,79.0,62.0,91.0,91.0,14.0,69.0,0.0
11590,10.0,10.0,0.0,10.0,43.0,42.0,88.0,82.0,79.0,62.0,91.0,91.0,14.0,69.0,0.0,1.976585865020752,1.605910301208496,0.0,-1.9707533121109009,1.4279042482376099,-111.5160615529052,10.0,10.0,0.0,10.0,44.0,43.0,89.0,83.0,80.0,63.0,92.0,92.0,15.0,70.0,0.0
11591,10.0,10.0,0.0,10.0,44.0,43.0,89.0,83.0,80.0,63.0,92.0,92.0,15.0,70.0,0.0,1.9025349617004395,1.8001582622528076,0.0,-1.9352476596832275,0.4687383472919464,-113.2407507820127,10.0,10.0,0.0,10.0,45.0,44.0,90.0,84.0,81.0,64.0,93.0,93.0,16.0,71.0,0.0
11592,10.0,10.0,0.0,10.0,45.0,44.0,90.0,84.0,81.0,64.0,93.0,93.0,16.0,71.0,0.0,1.8756579160690308,1.5436010360717773,0.0,-1.8866769075393677,-0.7167167663574219,-112.34030568644025,10.0,10.0,0.0,9.283283233642578,46.0,45.0,91.0,85.0,82.0,65.0,94.0,94.0,17.0,72.0,0.0
11593,10.0,10.0,0.0,9.283283233642578,46.0,45.0,91.0,85.0,82.0,65.0,94.0,94.0,17.0,72.0,0.0,1.9826538562774658,1.731468915939331,0.0,-1.7666603326797485,1.8943451642990112,-115.3715555508451,10.0,10.0,0.0,10.0,47.0,46.0,92.0,86.0,83.0,66.0,95.0,95.0,18.0,73.0,0.0
11594,10.0,10.0,0.0,10.0,47.0,46.0,92.0,86.0,83.0,66.0,95.0,95.0,18.0,73.0,0.0,1.9549437761306763,1.7291656732559204,0.0,-1.6518985033035278,1.6579899787902832,-116.14821185920059,10.0,10.0,0.0,10.0,48.0,47.0,93.0,87.0,84.0,67.0,96.0,96.0,19.0,74.0,0.0
11595,10.0,10.0,0.0,10.0,48.0,47.0,93.0,87.0,84.0,67.0,96.0,96.0,19.0,74.0,0.0,1.9876484870910645,1.9201971292495728,0.0,-1.7547264099121094,0.8205983638763428,-118.685507268923,10.0,10.0,0.0,10.0,49.0,48.0,94.0,88.0,85.0,68.0,97.0,97.0,20.0,75.0,0.0
11596,10.0,10.0,0.0,10.0,49.0,48.0,94.0,88.0,85.0,68.0,97.0,97.0,20.0,75.0,0.0,1.9416797161102295,1.892910122871399,0.0,-1.6669421195983887,0.9008466005325317,-119.16558767186525,10.0,10.0,0.0,10.0,50.0,49.0,95.0,89.0,86.0,69.0,98.0,98.0,21.0,76.0,0.0
11597,10.0,10.0,0.0,10.0,50.0,49.0,95.0,89.0,86.0,69.0,98.0,98.0,21.0,76.0,0.0,1.5549540519714355,1.7838752269744873,0.0,-1.4251817464828491,0.711861789226532,-116.71326548026212,10.0,10.0,0.0,10.0,51.0,50.0,96.0,90.0,87.0,70.0,99.0,99.0,22.0,77.0,0.0
11598,10.0,10.0,0.0,10.0,51.0,50.0,96.0,90.0,87.0,70.0,99.0,99.0,22.0,77.0,0.0,1.8381847143173218,1.8225746154785156,0.0,-1.6702412366867065,1.8454034328460693,-119.93446280250267,10.0,10.0,0.0,10.0,52.0,51.0,97.0,91.0,88.0,71.0,100.0,100.0,23.0,78.0,0.0
11599,10.0,10.0,0.0,10.0,52.0,51.0,97.0,91.0,88.0,71.0,100.0,100.0,23.0,78.0,0.0,1.8847192525863647,1.9277474880218506,0.0,-1.788933515548706,1.8489831686019897,-121.80867774219593,10.0,10.0,0.0,10.0,53.0,52.0,98.0,92.0,89.0,72.0,100.0,100.0,24.0,79.0,1.0
11600,6.544693470001221,9.252612113952637,1.6032322645187378,4.86738920211792,1.0,1.0,1.0,1.0,1.0,1.0,1.0,1.0,1.0,1.0,2.0,-1.8746516704559326,0.010374095290899277,0.0,-1.5976576805114746,-1.8895407915115356,-3.3678273077888705,4.670041799545288,9.262986209243536,0.005574584007263184,2.9778484106063843,1.0,2.0,1.0,2.0,2.0,2.0,2.0,2.0,2.0,2.0,0.0
11601,4.670041799545288,9.262986209243536,0.005574584007263184,2.9778484106063843,1.0,2.0,1.0,2.0,2.0,2.0,2.0,2.0,2.0,2.0,2.0,-1.9831782579421997,-0.8979116678237915,0.0,-1.6311237812042236,-1.9596552848815918,-5.397532913868151,2.6868635416030884,8.365074541419744,0.0,1.0181931257247925,1.0,3.0,1.0,3.0,3.0,3.0,3.0,3.0,3.0,3.0,0.0
11602,2.6868635416030884,8.365074541419744,0.0,1.0181931257247925,1.0,3.0,1.0,3.0,3.0,3.0,3.0,3.0,3.0,3.0,8.0,-1.5000308752059937,-1.2517883777618408,0.0,-1.4408382177352905,-1.8731120824813843,-4.704835995900679,1.1868326663970947,7.113286163657904,0.0,0.0,1.0,4.0,2.0,4.0,4.0,4.0,4.0,4.0,1.0,4.0,0.0
11603,1.1868326663970947,7.113286163657904,0.0,0.0,1.0,4.0,2.0,4.0,4.0,4.0,4.0,4.0,1.0,4.0,8.0,-1.5049158334732056,-1.5902862548828125,0.0,-1.2752317190170288,-1.8833584785461426,-10.52165372167012,0.0,5.522999908775091,0.0,0.0,1.0,5.0,3.0,5.0,5.0,5.0,5.0,5.0,1.0,5.0,0.0
11604,0.0,5.522999908775091,0.0,0.0,1.0,5.0,3.0,5.0,5.0,5.0,5.0,5.0,1.0,5.0,8.0,0.9587017297744751,-1.9573661088943481,0.0,-1.1251643896102905,-1.7869699001312256,-8.887953547593229,0.9587017297744751,3.565633799880743,0.0,0.0,1.0,6.0,4.0,6.0,6.0,6.0,6.0,6.0,1.0,6.0,0.0
11605,0.9587017297744751,3.565633799880743,0.0,0.0,1.0,6.0,4.0,6.0,6.0,6.0,6.0,6.0,1.0,6.0,8.0,-0.8106227517127991,-0.7838966846466064,0.0,-0.8527170419692993,-0.8350206017494202,-11.605391532396466,0.14807897806167603,2.7817371152341366,0.0,0.0,1.0,7.0,5.0,7.0,7.0,7.0,7.0,7.0,1.0,7.0,0.0
11606,0.14807897806167603,2.7817371152341366,0.0,0.0,1.0,7.0,5.0,7.0,7.0,7.0,7.0,7.0,1.0,7.0,5.0,-1.7058358192443848,1.6929389238357544,4.0,-1.8064005374908447,-0.06097935512661934,-33.57409302773581,0.0,4.474676039069891,0.0,0.0,2.0,8.0,6.0,8.0,8.0,8.0,8.0,8.0,2.0,8.0,0.0
11607,0.0,4.474676039069891,0.0,0.0,2.0,8.0,6.0,8.0,8.0,8.0,8.0,8.0,2.0,8.0,8.0,0.9325640201568604,-1.8256473541259766,1.0,-1.3919293880462646,-1.4929583072662354,-12.660868359439647,0.9325640201568604,2.6490286849439144,0.0,0.0,3.0,1.0,7.0,9.0,9.0,9.0,9.0,9.0,1.0,9.0,0.0
11608,0.9325640201568604,2.6490286849439144,0.0,0.0,3.0,1.0,7.0,9.0,9.0,9.0,9.0,9.0,1.0,9.0,8.0,-0.5390288233757019,0.23581932485103607,4.0,-1.9133888483047485,-0.1722344011068344,-12.972463521780243,0.39353519678115845,2.8848480097949505,0.0,0.0,4.0,2.0,8.0,10.0,10.0,10.0,10.0,10.0,1.0,10.0,0.0
11609,0.39353519678115845,2.8848480097949505,0.0,0.0,4.0,2.0,8.0,10.0,10.0,10.0,10.0,10.0,1.0,10.0,8.0,-1.6942055225372314,-0.8512195944786072,3.0,-1.968496322631836,1.1068297624588013,-28.67329209434545,0.0,2.0336284153163433,0.0,1.1068297624588013,5.0,3.0,9.0,1.0,11.0,11.0,11.0,11.0,1.0,11.0,0.0
11610,0.0,2.0336284153163433,0.0,1.1068297624588013,5.0,3.0,9.0,1.0,11.0,11.0,11.0,11.0,1.0,11.0,9.0,1.4754917621612549,-1.323456883430481,0.0,1.3301032781600952,-0.8298068642616272,-8.430404389131736,1.4754917621612549,0.7101715318858624,1.3301032781600952,0.2770228981971741,1.0,4.0,10.0,2.0,12.0,12.0,12.0,12.0,2.0,1.0,0.0
11611,1.4754917621612549,0.7101715318858624,1.3301032781600952,0.2770228981971741,1.0,4.0,10.0,2.0,12.0,12.0,12.0,12.0,2.0,1.0,8.0,-1.4029583930969238,1.1084868907928467,4.0,-0.1093352660536766,0.2409546971321106,-15.148908619573477,0.07253336906433105,1.818658422678709,1.2207680121064186,0.5179775953292847,2.0,5.0,11.0,3.0,1.0,13.0,13.0,13.0,1.0,2.0,0.0
11612,0.07253336906433105,1.818658422678709,1.2207680121064186,0.5179775953292847,2.0,5.0,11.0,3.0,1.0,13.0,13.0,13.0,1.0,2.0,5.0,-1.110649824142456,0.13448293507099152,1.0,-0.9713864922523499,-0.6476471424102783,-30.573833426588827,0.0,1.9531413577497005,0.24938151985406876,0.0,3.0,1.0,12.0,4.0,2.0,14.0,14.0,14.0,2.0,3.0,0.0
11613,0.0,1.9531413577497005,0.24938151985406876,0.0,3.0,1.0,12.0,4.0,2.0,14.0,14.0,14.0,2.0,3.0,8.0,0.30176761746406555,-1.5491727590560913,1.0,-1.1085968017578125,-1.377048134803772,-17.97974058255238,0.30176761746406555,0.40396859869360924,0.0,0.0,4.0,1.0,13.0,5.0,3.0,15.0,15.0,15.0,3.0,4.0,0.0
11614,0.30176761746406555,0.40396859869360924,0.0,0.0,4.0,1.0,13.0,5.0,3.0,15.0,15.0,15.0,3.0,4.0,5.0,0.8897289633750916,1.4957201480865479,2.0,-0.5146901607513428,-1.359074354171753,-17.224053574682735,1.191496580839157,1.899688746780157,0.0,0.0,5.0,2.0,14.0,6.0,4.0,1.0,16.0,16.0,4.0,5.0,0.0
11615,1.191496580839157,1.899688746780157,0.0,0.0,5.0,2.0,14.0,6.0,4.0,1.0,16.0,16.0,4.0,5.0,9.0,-1.294296383857727,-1.5401846170425415,6.0,-0.6285398006439209,-0.25842761993408203,-11.032441888520967,0.0,0.3595041297376156,0.0,0.0,6.0,3.0,15.0,7.0,5.0,2.0,17.0,17.0,5.0,1.0,0.0
11616,0.0,0.3595041297376156,0.0,0.0,6.0,3.0,15.0,7.0,5.0,2.0,17.0,17.0,5.0,1.0,9.0,-1.4844907522201538,-1.5607433319091797,6.0,-1.7082252502441406,-1.740933895111084,-30.315054391847482,0.0,0.0,0.0,0.0,7.0,4.0,16.0,8.0,6.0,3.0,18.0,18.0,6.0,1.0,0.0
11617,0.0,0.0,0.0,0.0,7.0,4.0,16.0,8.0,6.0,3.0,18.0,18.0,6.0,1.0,10.0,-0.7540088891983032,-0.7452734112739563,0.0,-1.6981698274612427,-1.4309002161026,-20.301706761375634,0.0,0.0,0.0,0.0,1.0,5.0,17.0,9.0,7.0,4.0,19.0,19.0,7.0,2.0,0.0
11618,0.0,0.0,0.0,0.0,1.0,5.0,17.0,9.0,7.0,4.0,19.0,19.0,7.0,2.0,9.0,1.5786880254745483,0.7977222204208374,4.0,-1.0298173427581787,-1.401999831199646,-10.838320691788978,1.5786880254745483,0.7977222204208374,0.0,0.0,2.0,6.0,18.0,10.0,8.0,5.0,20.0,20.0,8.0,1.0,0.0
11619,1.5786880254745483,0.7977222204208374,0.0,0.0,2.0,6.0,18.0,10.0,8.0,5.0,20.0,20.0,8.0,1.0,10.0,-1.8740503787994385,1.1420618295669556,1.0,-1.7317179441452026,0.2278931885957718,-13.753623533248902,0.0,1.939784049987793,0.0,0.2278931885957718,3.0,1.0,19.0,11.0,9.0,6.0,21.0,21.0,9.0,2.0,0.0
11620,0.0,1.939784049987793,0.0,0.2278931885957718,3.0,1.0,19.0,11.0,9.0,6.0,21.0,21.0,9.0,2.0,0.0,-1.034209132194519,1.2146297693252563,1.0,-1.9372271299362183,-0.44979146122932434,-23.21633951020296,0.0,3.1544138193130493,0.0,0.0,1.0,1.0,20.0,12.0,10.0,7.0,22.0,22.0,10.0,3.0,0.0
11621,0.0,3.1544138193130493,0.0,0.0,1.0,1.0,20.0,12.0,10.0,7.0,22.0,22.0,10.0,3.0,0.0,0.19122940301895142,0.3119036555290222,0.0,-0.6709299087524414,-1.7262144088745117,-13.67711748514186,0.19122940301895142,3.4663174748420715,0.0,0.0,1.0,2.0,21.0,13.0,11.0,8.0,23.0,23.0,11.0,4.0,0.0
11622,0.19122940301895142,3.4663174748420715,0.0,0.0,1.0,2.0,21.0,13.0,11.0,8.0,23.0,23.0,11.0,4.0,8.0,1.156956434249878,1.8972915410995483,4.0,-0.65864497423172,-1.8577489852905273,-13.552424142516271,1.3481858372688293,5.36360901594162,0.0,0.0,2.0,3.0,22.0,14.0,12.0,9.0,24.0,24.0,1.0,5.0,0.0
11623,1.3481858372688293,5.36360901594162,0.0,0.0,2.0,3.0,22.0,14.0,12.0,9.0,24.0,24.0,1.0,5.0,4.0,-0.15474943816661835,0.971645712852478,0.0,-1.8893755674362183,-1.7085905075073242,-17.996125694655063,1.193436399102211,6.335254728794098,0.0,0.0,1.0,4.0,23.0,15.0,1.0,10.0,25.0,25.0,2.0,6.0,0.0
11624,1.193436399102211,6.335254728794098,0.0,0.0,1.0,4.0,23.0,15.0,1.0,10.0,25.0,25.0,2.0,6.0,9.0,1.2907975912094116,1.3064329624176025,1.0,-1.9107567071914673,-0.05399361625313759,-15.094554544420193,2.4842339903116226,7.6416876912117,0.0,0.0,2.0,1.0,24.0,16.0,2.0,11.0,26.0,26.0,3.0,1.0,0.0
11625,2.4842339903116226,7.6416876912117,0.0,0.0,2.0,1.0,24.0,16.0,2.0,11.0,26.0,26.0,3.0,1.0,10.0,0.601452112197876,0.7005417346954346,1.0,-1.6263227462768555,-1.6694968938827515,-12.2,3.0856861025094986,8.342229425907135,0.0,0.0,3.0,1.0,25.0,17.0,3.0,12.0,27.0,27.0,4.0,2.0,0.0
11626,3.0856861025094986,8.342229425907135,0.0,0.0,3.0,1.0,25.0,17.0,3.0,12.0,27.0,27.0,4.0,2.0,8.0,-0.4149164855480194,-0.04402373358607292,1.0,-1.656578540802002,0.32701003551483154,-13.227617789459204,2.670769616961479,8.298205692321062,0.0,0.32701003551483154,4.0,1.0,26.0,18.0,4.0,13.0,28.0,28.0,1.0,3.0,0.0
11627,2.670769616961479,8.298205692321062,0.0,0.32701003551483154,4.0,1.0,26.0,18.0,4.0,13.0,28.0,28.0,1.0,3.0,8.0,-1.2696996927261353,0.23207028210163116,6.0,-1.950961709022522,0.1607801467180252,-14.86646544893894,1.401069924235344,8.530275974422693,0.0,0.48779018223285675,5.0,2.0,27.0,19.0,5.0,14.0,29.0,29.0,1.0,4.0,0.0
11628,1.401069924235344,8.530275974422693,0.0,0.48779018223285675,5.0,2.0,27.0,19.0,5.0,14.0,29.0,29.0,1.0,4.0,5.0,-0.3191417455673218,0.8286033868789673,6.0,-1.8672786951065063,-0.14257068932056427,-26.129280919087268,1.0819281786680222,9.35887936130166,0.0,0.3452194929122925,6.0,3.0,28.0,20.0,6.0,15.0,30.0,30.0,2.0,5.0,0.0
11629,1.0819281786680222,9.35887936130166,0.0,0.3452194929122925,6.0,3.0,28.0,20.0,6.0,15.0,30.0,30.0,2.0,5.0,0.0,0.7473119497299194,-0.019719736650586128,6.0,-1.9509013891220093,-1.4180768728256226,-24.792580856145555,1.8292401283979416,9.339159624651074,0.0,0.0,1.0,4.0,29.0,21.0,7.0,16.0,31.0,31.0,3.0,6.0,0.0
11630,1.8292401283979416,9.339159624651074,0.0,0.0,1.0,4.0,29.0,21.0,7.0,16.0,31.0,31.0,3.0,6.0,5.0,0.999721109867096,1.6586825847625732,6.0,-1.9834898710250854,1.4120622873306274,-33.29332759288704,2.8289612382650375,10.0,0.0,1.4120622873306274,2.0,5.0,30.0,22.0,8.0,1.0,32.0,32.0,4.0,7.0,0.0
11631,2.8289612382650375,10.0,0.0,1.4120622873306274,2.0,5.0,30.0,22.0,8.0,1.0,32.0,32.0,4.0,7.0,9.0,0.9020177721977234,-1.0608206987380981,6.0,-1.7386926412582397,1.4105781316757202,-20.457319814994342,3.730979010462761,8.939179301261902,0.0,2.8226404190063477,3.0,6.0,31.0,23.0,9.0,2.0,33.0,33.0,5.0,1.0,0.0
11632,3.730979010462761,8.939179301261902,0.0,2.8226404190063477,3.0,6.0,31.0,23.0,9.0,2.0,33.0,33.0,5.0,1.0,10.0,1.011139154434204,-0.779867947101593,0.0,-1.956719160079956,0.7839505076408386,-15.6,4.742118164896965,8.159311354160309,0.0,3.6065909266471863,1.0,7.0,32.0,24.0,10.0,3.0,34.0,34.0,6.0,2.0,0.0
11633,4.742118164896965,8.159311354160309,0.0,3.6065909266471863,1.0,7.0,32.0,24.0,10.0,3.0,34.0,34.0,6.0,2.0,10.0,0.8830599188804626,1.2075906991958618,6.0,-1.8609482049942017,1.7898616790771484,-16.3,5.625178083777428,9.36690205335617,0.0,5.396452605724335,2.0,8.0,33.0,25.0,11.0,4.0,35.0,35.0,7.0,3.0,0.0
11634,5.625178083777428,9.36690205335617,0.0,5.396452605724335,2.0,8.0,33.0,25.0,11.0,4.0,35.0,35.0,7.0,3.0,10.0,-0.16308413445949554,0.6996678709983826,4.0,-1.8387954235076904,1.368992805480957,-17.965699243545533,5.462093949317932,10.0,0.0,6.765445411205292,3.0,9.0,34.0,26.0,1.0,5.0,36.0,36.0,8.0,4.0,0.0
11635,5.462093949317932,10.0,0.0,6.765445411205292,3.0,9.0,34.0,26.0,1.0,5.0,36.0,36.0,8.0,4.0,9.0,-1.7900201082229614,0.9852851629257202,10.0,-1.9024474620819092,-0.45454496145248413,-34.61578397804897,3.6720738410949707,10.0,0.0,6.310900449752808,4.0,10.0,35.0,27.0,2.0,6.0,37.0,37.0,9.0,1.0,0.0
11636,3.6720738410949707,10.0,0.0,6.310900449752808,4.0,10.0,35.0,27.0,2.0,6.0,37.0,37.0,9.0,1.0,1.0,-0.5913493037223816,0.5374161005020142,4.0,-1.8822256326675415,1.4510869979858398,-34.4288226285729,3.080724537372589,10.0,0.0,7.7619874477386475,5.0,11.0,36.0,28.0,3.0,7.0,38.0,38.0,10.0,2.0,0.0
11637,3.080724537372589,10.0,0.0,7.7619874477386475,5.0,11.0,36.0,28.0,3.0,7.0,38.0,38.0,10.0,2.0,0.0,-1.5539400577545166,1.933319330215454,6.0,-1.9452052116394043,0.27197396755218506,-49.82334971742614,1.5267844796180725,10.0,0.0,8.033961415290833,6.0,12.0,37.0,29.0,4.0,8.0,39.0,39.0,11.0,3.0,0.0
11638,1.5267844796180725,10.0,0.0,8.033961415290833,6.0,12.0,37.0,29.0,4.0,8.0,39.0,39.0,11.0,3.0,9.0,1.4133952856063843,1.8752108812332153,0.0,-1.9243642091751099,0.6684245467185974,-46.032141337317675,2.940179765224457,10.0,0.0,8.70238596200943,1.0,13.0,38.0,30.0,5.0,9.0,40.0,40.0,12.0,1.0,0.0
11639,2.940179765224457,10.0,0.0,8.70238596200943,1.0,13.0,38.0,30.0,5.0,9.0,40.0,40.0,12.0,1.0,1.0,-0.4180715084075928,1.7630348205566406,6.0,-1.9483588933944702,0.41919398307800293,-49.5120829474349,2.522108256816864,10.0,0.0,9.121579945087433,2.0,14.0,39.0,31.0,6.0,10.0,41.0,41.0,13.0,2.0,0.0
11640,2.522108256816864,10.0,0.0,9.121579945087433,2.0,14.0,39.0,31.0,6.0,10.0,41.0,41.0,13.0,2.0,10.0,-0.00959919486194849,1.1161872148513794,0.0,-1.9353816509246826,0.5351487398147583,-32.06187214851379,2.5125090619549155,10.0,0.0,9.656728684902191,3.0,15.0,40.0,32.0,7.0,11.0,42.0,42.0,14.0,3.0,0.0
11641,2.5125090619549155,10.0,0.0,9.656728684902191,3.0,15.0,40.0,32.0,7.0,11.0,42.0,42.0,14.0,3.0,1.0,0.9477932453155518,1.6457637548446655,0.0,-1.944540023803711,0.04369231313467026,-49.173453810613445,3.4603023072704673,10.0,0.0,9.700420998036861,4.0,16.0,41.0,33.0,8.0,12.0,43.0,43.0,15.0,4.0,0.0
11642,3.4603023072704673,10.0,0.0,9.700420998036861,4.0,16.0,41.0,33.0,8.0,12.0,43.0,43.0,15.0,4.0,0.0,0.4173114001750946,0.8393145203590393,6.0,-1.8921128511428833,1.3661383390426636,-42.766277105612325,3.877613707445562,10.0,0.0,10.0,5.0,17.0,42.0,34.0,9.0,13.0,44.0,44.0,16.0,5.0,0.0
11643,3.877613707445562,10.0,0.0,10.0,5.0,17.0,42.0,34.0,9.0,13.0,44.0,44.0,16.0,5.0,0.0,1.1558252573013306,-0.09554344415664673,6.0,-1.738316297531128,1.5973511934280396,-35.64431342347343,5.0334389647468925,9.904456555843353,0.0,10.0,6.0,18.0,43.0,35.0,10.0,14.0,45.0,45.0,17.0,6.0,0.0
11644,5.0334389647468925,9.904456555843353,0.0,10.0,6.0,18.0,43.0,35.0,10.0,14.0,45.0,45.0,17.0,6.0,0.0,1.369637370109558,1.3772844076156616,0.0,-1.2615748643875122,1.111869215965271,-50.86620355842345,6.403076334856451,10.0,0.0,10.0,7.0,19.0,44.0,36.0,11.0,15.0,46.0,46.0,18.0,7.0,0.0
11645,6.403076334856451,10.0,0.0,10.0,7.0,19.0,44.0,36.0,11.0,15.0,46.0,46.0,18.0,7.0,0.0,0.15983980894088745,0.8765636682510376,0.0,-1.9428677558898926,0.3560345470905304,-47.98701425690879,6.562916143797338,10.0,0.0,10.0,8.0,20.0,45.0,37.0,12.0,16.0,47.0,47.0,19.0,8.0,0.0
11646,6.562916143797338,10.0,0.0,10.0,8.0,20.0,45.0,37.0,12.0,16.0,47.0,47.0,19.0,8.0,0.0,-0.35869359970092773,0.481794148683548,0.0,-1.782692551612854,0.9479164481163025,-44.66308301421031,6.20422254409641,10.0,0.0,10.0,9.0,21.0,46.0,38.0,13.0,17.0,48.0,48.0,20.0,9.0,0.0
11647,6.20422254409641,10.0,0.0,10.0,9.0,21.0,46.0,38.0,13.0,17.0,48.0,48.0,20.0,9.0,0.0,0.2648903727531433,0.31698548793792725,0.0,-1.8525586128234863,-1.5527399778366089,-44.288990266006394,6.469112916849554,10.0,0.0,8.447260022163391,1.0,22.0,47.0,39.0,14.0,18.0,49.0,49.0,21.0,10.0,0.0
11648,6.469112916849554,10.0,0.0,8.447260022163391,1.0,22.0,47.0,39.0,14.0,18.0,49.0,49.0,21.0,10.0,0.0,-1.3232576847076416,-0.1957404613494873,0.0,-1.980772852897644,1.7694977521896362,-39.55764028019972,5.145855232141912,9.804259538650513,0.0,10.0,2.0,23.0,48.0,40.0,15.0,19.0,50.0,50.0,22.0,11.0,0.0
11649,5.145855232141912,9.804259538650513,0.0,10.0,2.0,23.0,48.0,40.0,15.0,19.0,50.0,50.0,22.0,11.0,0.0,-0.829038679599762,0.3062761723995209,0.0,-1.9671728610992432,1.350860834121704,-41.727878014622924,4.31681655254215,10.0,0.0,10.0,3.0,24.0,49.0,41.0,16.0,20.0,51.0,51.0,23.0,12.0,0.0
11650,4.31681655254215,10.0,0.0,10.0,3.0,24.0,49.0,41.0,16.0,20.0,51.0,51.0,23.0,12.0,0.0,-0.09982425719499588,1.23768150806427,0.0,-1.9707036018371582,1.4787708520889282,-53.960130968917525,4.216992295347154,10.0,0.0,10.0,4.0,25.0,50.0,42.0,17.0,21.0,52.0,52.0,24.0,13.0,0.0
11651,4.216992295347154,10.0,0.0,10.0,4.0,25.0,50.0,42.0,17.0,21.0,52.0,52.0,24.0,13.0,0.0,1.2825990915298462,1.7672834396362305,0.0,-1.9432224035263062,0.7753686904907227,-60.99501774707151,5.499591386877,10.0,0.0,10.0,5.0,26.0,51.0,43.0,18.0,22.0,53.0,53.0,25.0,14.0,0.0
11652,5.499591386877,10.0,0.0,10.0,5.0,26.0,51.0,43.0,18.0,22.0,53.0,53.0,25.0,14.0,0.0,1.0034823417663574,1.495517373085022,0.0,-1.918596863746643,-0.835974395275116,-60.211010190838465,6.503073728643358,10.0,0.0,9.164025604724884,6.0,27.0,52.0,44.0,19.0,23.0,54.0,54.0,26.0,15.0,0.0
11653,6.503073728643358,10.0,0.0,9.164025604724884,6.0,27.0,52.0,44.0,19.0,23.0,54.0,54.0,26.0,15.0,0.0,1.4699645042419434,-0.13294897973537445,0.0,-1.9417616128921509,0.9920688271522522,-47.83949106642479,7.973038232885301,9.867051020264626,0.0,10.0,7.0,28.0,53.0,45.0,20.0,24.0,55.0,55.0,27.0,16.0,0.0
11654,7.973038232885301,9.867051020264626,0.0,10.0,7.0,28.0,53.0,45.0,20.0,24.0,55.0,55.0,27.0,16.0,0.0,0.8790313005447388,-0.457425981760025,0.0,-1.9182056188583374,1.5521990060806274,-49.16037734144504,8.85206953343004,9.4096250385046,0.0,10.0,8.0,29.0,54.0,46.0,21.0,25.0,56.0,56.0,28.0,17.0,0.0
11655,8.85206953343004,9.4096250385046,0.0,10.0,8.0,29.0,54.0,46.0,21.0,25.0,56.0,56.0,28.0,17.0,0.0,0.5887444615364075,-0.7192593216896057,0.0,-1.9574368000030518,-0.7632723450660706,-49.59874382919213,9.440813994966447,8.690365716814995,0.0,9.23672765493393,9.0,30.0,55.0,47.0,22.0,26.0,57.0,57.0,29.0,18.0,0.0
11656,9.440813994966447,8.690365716814995,0.0,9.23672765493393,9.0,30.0,55.0,47.0,22.0,26.0,57.0,57.0,29.0,18.0,0.0,1.6058073043823242,0.20083749294281006,0.0,-1.9267240762710571,0.736905038356781,-62.683845151117495,10.0,8.891203209757805,0.0,9.97363269329071,10.0,31.0,56.0,48.0,23.0,27.0,58.0,58.0,30.0,19.0,0.0
11657,10.0,8.891203209757805,0.0,9.97363269329071,10.0,31.0,56.0,48.0,23.0,27.0,58.0,58.0,30.0,19.0,0.0,0.5606455206871033,0.9455851912498474,0.0,-1.9611928462982178,0.512554943561554,-61.12927153756327,10.0,9.836788401007652,0.0,10.0,11.0,32.0,57.0,49.0,24.0,28.0,59.0,59.0,31.0,20.0,0.0
11658,10.0,9.836788401007652,0.0,10.0,11.0,32.0,57.0,49.0,24.0,28.0,59.0,59.0,31.0,20.0,0.0,0.28820979595184326,0.2794913649559021,0.0,-1.9016681909561157,1.0173972845077515,-60.05657673994452,10.0,10.0,0.0,10.0,12.0,33.0,58.0,50.0,25.0,29.0,60.0,60.0,32.0,21.0,0.0
11659,10.0,10.0,0.0,10.0,12.0,33.0,58.0,50.0,25.0,29.0,60.0,60.0,32.0,21.0,0.0,1.1048673391342163,0.9017718434333801,0.0,-1.8957242965698242,-0.17617306113243103,-72.21032177415856,10.0,10.0,0.0,9.823826938867569,13.0,34.0,59.0,51.0,26.0,30.0,61.0,61.0,33.0,22.0,0.0
11660,10.0,10.0,0.0,9.823826938867569,13.0,34.0,59.0,51.0,26.0,30.0,61.0,61.0,33.0,22.0,0.0,0.5590896606445312,0.8069470524787903,0.0,-1.963329553604126,0.04323446750640869,-68.76580044371181,10.0,10.0,0.0,9.867061406373978,14.0,35.0,60.0,52.0,27.0,31.0,62.0,62.0,34.0,23.0,0.0
11661,10.0,10.0,0.0,9.867061406373978,14.0,35.0,60.0,52.0,27.0,31.0,62.0,62.0,34.0,23.0,0.0,-0.10732879489660263,1.2851845026016235,0.0,-1.7530012130737305,1.5889317989349365,-72.56947705897377,9.892671205103397,10.0,0.0,10.0,15.0,36.0,61.0,53.0,28.0,32.0,63.0,63.0,35.0,24.0,0.0
11662,9.892671205103397,10.0,0.0,10.0,15.0,36.0,61.0,53.0,28.0,32.0,63.0,63.0,35.0,24.0,0.0,1.7448501586914062,0.7029256224632263,0.0,-1.950703501701355,-1.0111867189407349,-78.76890894317361,10.0,10.0,0.0,8.988813281059265,16.0,37.0,62.0,54.0,29.0,33.0,64.0,64.0,36.0,25.0,0.0
11663,10.0,10.0,0.0,8.988813281059265,16.0,37.0,62.0,54.0,29.0,33.0,64.0,64.0,36.0,25.0,0.0,0.2952239513397217,0.2799626290798187,0.0,-1.948541283607483,-0.7979537844657898,-66.0173646920779,10.0,10.0,0.0,8.190859496593475,1.0,38.0,63.0,55.0,30.0,34.0,65.0,65.0,37.0,26.0,0.0
11664,10.0,10.0,0.0,8.190859496593475,1.0,38.0,63.0,55.0,30.0,34.0,65.0,65.0,37.0,26.0,0.0,1.6105214357376099,0.6984309554100037,0.0,-1.9881795644760132,-0.7991785407066345,-78.90319415082763,10.0,10.0,0.0,7.391680955886841,1.0,39.0,64.0,56.0,31.0,35.0,66.0,66.0,38.0,27.0,0.0
11665,10.0,10.0,0.0,7.391680955886841,1.0,39.0,64.0,56.0,31.0,35.0,66.0,66.0,38.0,27.0,0.0,0.784094512462616,-0.7870884537696838,0.0,-1.9320827722549438,1.7455872297286987,-68.11174082522197,10.0,9.212911546230316,0.0,9.13726818561554,2.0,40.0,65.0,57.0,32.0,36.0,67.0,67.0,39.0,28.0,0.0
11666,10.0,9.212911546230316,0.0,9.13726818561554,2.0,40.0,65.0,57.0,32.0,36.0,67.0,67.0,39.0,28.0,0.0,1.8618742227554321,1.4894499778747559,6.0,-1.991876482963562,0.47547557950019836,-83.14821565087702,10.0,10.0,0.0,9.612743765115738,3.0,41.0,66.0,58.0,33.0,37.0,68.0,68.0,40.0,29.0,0.0
11667,10.0,10.0,0.0,9.612743765115738,3.0,41.0,66.0,58.0,33.0,37.0,68.0,68.0,40.0,29.0,0.0,0.42280933260917664,-1.0861350297927856,0.0,-1.9149668216705322,1.489587426185608,-65.79772936454394,10.0,8.913864970207214,0.0,10.0,4.0,42.0,67.0,59.0,34.0,38.0,69.0,69.0,41.0,30.0,0.0
11668,10.0,8.913864970207214,0.0,10.0,4.0,42.0,67.0,59.0,34.0,38.0,69.0,69.0,41.0,30.0,0.0,1.193948745727539,0.47700825333595276,0.0,-1.9878450632095337,-0.14305712282657623,-75.64069889293012,10.0,9.390873223543167,0.0,9.856942877173424,5.0,43.0,68.0,60.0,35.0,39.0,70.0,70.0,42.0,31.0,0.0
11669,10.0,9.390873223543167,0.0,9.856942877173424,5.0,43.0,68.0,60.0,35.0,39.0,70.0,70.0,42.0,31.0,0.0,1.5844380855560303,1.305190086364746,0.0,-1.9062182903289795,1.2614141702651978,-83.55466857822178,10.0,10.0,0.0,10.0,6.0,44.0,69.0,61.0,36.0,40.0,71.0,71.0,43.0,32.0,0.0
11670,10.0,10.0,0.0,10.0,6.0,44.0,69.0,61.0,36.0,40.0,71.0,71.0,43.0,32.0,0.0,1.6225206851959229,1.6816775798797607,0.0,-1.571839451789856,0.15984457731246948,-90.6167042462726,10.0,10.0,0.0,10.0,7.0,45.0,70.0,62.0,37.0,41.0,72.0,72.0,44.0,33.0,0.0
11671,10.0,10.0,0.0,10.0,7.0,45.0,70.0,62.0,37.0,41.0,72.0,72.0,44.0,33.0,0.0,1.7207303047180176,1.7161760330200195,1.0,-1.922471523284912,-0.4106108546257019,-92.55136911376486,10.0,10.0,0.0,9.589389145374298,8.0,46.0,71.0,63.0,38.0,42.0,73.0,73.0,45.0,34.0,0.0
11672,10.0,10.0,0.0,9.589389145374298,8.0,46.0,71.0,63.0,38.0,42.0,73.0,73.0,45.0,34.0,0.0,1.8203953504562378,1.4200273752212524,0.0,-1.9319432973861694,-1.542008876800537,-92.33622924382487,10.0,10.0,0.0,8.047380268573761,1.0,47.0,72.0,64.0,39.0,43.0,74.0,74.0,46.0,35.0,0.0
11673,10.0,10.0,0.0,8.047380268573761,1.0,47.0,72.0,64.0,39.0,43.0,74.0,74.0,46.0,35.0,0.0,1.9171887636184692,1.487625241279602,1.0,-1.9423909187316895,1.0842905044555664,-93.71527347131146,10.0,10.0,0.0,9.131670773029327,2.0,48.0,73.0,65.0,40.0,44.0,75.0,75.0,47.0,36.0,0.0
11674,10.0,10.0,0.0,9.131670773029327,2.0,48.0,73.0,65.0,40.0,44.0,75.0,75.0,47.0,36.0,0.0,1.65784752368927,0.9893366098403931,0.0,-1.8298211097717285,1.11000657081604,-89.75482505261782,10.0,10.0,0.0,10.0,3.0,49.0,74.0,66.0,41.0,45.0,76.0,76.0,48.0,37.0,0.0
11675,10.0,10.0,0.0,10.0,3.0,49.0,74.0,66.0,41.0,45.0,76.0,76.0,48.0,37.0,0.0,0.9055282473564148,1.8052315711975098,0.0,-1.777999997138977,0.7580497860908508,-91.64489426668766,10.0,10.0,0.0,10.0,4.0,50.0,75.0,67.0,42.0,46.0,77.0,77.0,49.0,38.0,0.0
11676,10.0,10.0,0.0,10.0,4.0,50.0,75.0,67.0,42.0,46.0,77.0,77.0,49.0,38.0,0.0,1.9569295644760132,1.9545226097106934,1.0,-1.9029566049575806,1.149709701538086,-100.1068988031838,10.0,10.0,0.0,10.0,5.0,51.0,76.0,68.0,43.0,47.0,78.0,78.0,50.0,39.0,0.0
11677,10.0,10.0,0.0,10.0,5.0,51.0,76.0,68.0,43.0,47.0,78.0,78.0,50.0,39.0,0.0,1.5891380310058594,1.8863035440444946,0.0,-1.8907774686813354,-0.44736093282699585,-98.11350368185134,10.0,10.0,0.0,9.552639067173004,6.0,52.0,77.0,69.0,44.0,48.0,79.0,79.0,51.0,40.0,0.0
11678,10.0,10.0,0.0,9.552639067173004,6.0,52.0,77.0,69.0,44.0,48.0,79.0,79.0,51.0,40.0,0.0,1.6789464950561523,1.8759185075759888,0.0,-1.9240840673446655,0.1159820705652237,-99.62399891699675,10.0,10.0,0.0,9.668621137738228,7.0,53.0,78.0,70.0,45.0,49.0,80.0,80.0,52.0,41.0,0.0
11679,10.0,10.0,0.0,9.668621137738228,7.0,53.0,78.0,70.0,45.0,49.0,80.0,80.0,52.0,41.0,0.0,1.9686590433120728,1.7852615118026733,0.0,-1.301041603088379,-0.10223987698554993,-102.02463586357634,10.0,10.0,0.0,9.566381260752678,8.0,54.0,79.0,71.0,46.0,50.0,81.0,81.0,53.0,42.0,0.0
11680,10.0,10.0,0.0,9.566381260752678,8.0,54.0,79.0,71.0,46.0,50.0,81.0,81.0,53.0,42.0,0.0,1.968214988708496,1.4521106481552124,1.0,-1.6804293394088745,1.0006747245788574,-100.90789057415455,10.0,10.0,0.0,10.0,9.0,55.0,80.0,72.0,47.0,51.0,82.0,82.0,54.0,43.0,0.0
11681,10.0,10.0,0.0,10.0,9.0,55.0,80.0,72.0,47.0,51.0,82.0,82.0,54.0,43.0,0.0,1.8092612028121948,1.6780797243118286,0.0,-1.9724011421203613,-0.3054620921611786,-102.12541440414483,10.0,10.0,0.0,9.694537907838821,10.0,56.0,81.0,73.0,48.0,52.0,83.0,83.0,55.0,44.0,0.0
11682,10.0,10.0,0.0,9.694537907838821,10.0,56.0,81.0,73.0,48.0,52.0,83.0,83.0,55.0,44.0,0.0,1.896823763847351,1.9217133522033691,1.0,-1.9197826385498047,0.5945290327072144,-105.45045846285979,10.0,10.0,0.0,10.0,11.0,57.0,82.0,74.0,49.0,53.0,84.0,84.0,56.0,45.0,0.0
11683,10.0,10.0,0.0,10.0,11.0,57.0,82.0,74.0,49.0,53.0,84.0,84.0,56.0,45.0,0.0,1.7648627758026123,1.9063751697540283,1.0,-1.9416364431381226,-0.9404154419898987,-105.42760083152909,10.0,10.0,0.0,9.059584558010101,12.0,58.0,83.0,75.0,50.0,54.0,85.0,85.0,57.0,46.0,0.0
11684,10.0,10.0,0.0,9.059584558010101,12.0,58.0,83.0,75.0,50.0,54.0,85.0,85.0,57.0,46.0,0.0,1.8850257396697998,1.452454924583435,0.0,-1.9728857278823853,-0.770699679851532,-104.24569801264302,10.0,10.0,0.0,8.28888487815857,1.0,59.0,84.0,76.0,51.0,55.0,86.0,86.0,58.0,47.0,0.0
11685,10.0,10.0,0.0,8.28888487815857,1.0,59.0,84.0,76.0,51.0,55.0,86.0,86.0,58.0,47.0,0.0,1.6591566801071167,1.764447808265686,1.0,-1.9589544534683228,0.0726001039147377,-104.46873546084959,10.0,10.0,0.0,8.361484982073307,2.0,60.0,85.0,77.0,52.0,56.0,87.0,87.0,59.0,48.0,0.0
11686,10.0,10.0,0.0,8.361484982073307,2.0,60.0,85.0,77.0,52.0,56.0,87.0,87.0,59.0,48.0,0.0,1.8044196367263794,0.8730913996696472,0.0,-1.9906243085861206,-0.9118057489395142,-101.29424529839775,10.0,10.0,0.0,7.449679233133793,1.0,61.0,86.0,78.0,53.0,57.0,88.0,88.0,60.0,49.0,0.0
11687,10.0,10.0,0.0,7.449679233133793,1.0,61.0,86.0,78.0,53.0,57.0,88.0,88.0,60.0,49.0,0.0,0.18845222890377045,0.8226850628852844,1.0,-1.9969127178192139,0.5013588070869446,-90.48868456890136,10.0,10.0,0.0,7.9510380402207375,2.0,62.0,87.0,79.0,54.0,58.0,89.0,89.0,61.0,50.0,0.0
11688,10.0,10.0,0.0,7.9510380402207375,2.0,62.0,87.0,79.0,54.0,58.0,89.0,89.0,61.0,50.0,0.0,1.603236436843872,1.7437589168548584,0.0,-1.9947667121887207,0.20291779935359955,-106.73643083315599,10.0,10.0,0.0,8.153955839574337,1.0,63.0,88.0,80.0,55.0,59.0,90.0,90.0,62.0,51.0,0.0
11689,10.0,10.0,0.0,8.153955839574337,1.0,63.0,88.0,80.0,55.0,59.0,90.0,90.0,62.0,51.0,0.0,1.2472625970840454,1.7512099742889404,0.0,-1.9927927255630493,1.0656828880310059,-105.34851827813246,10.0,10.0,0.0,9.219638727605343,2.0,64.0,89.0,81.0,56.0,60.0,91.0,91.0,63.0,52.0,0.0
11690,10.0,10.0,0.0,9.219638727605343,2.0,64.0,89.0,81.0,56.0,60.0,91.0,91.0,63.0,52.0,0.0,0.7242504358291626,1.4690154790878296,0.0,-1.9827545881271362,0.7448511123657227,-101.22722725400129,10.0,10.0,0.0,9.964489839971066,3.0,65.0,90.0,82.0,57.0,61.0,92.0,92.0,64.0,53.0,0.0
11691,10.0,10.0,0.0,9.964489839971066,3.0,65.0,90.0,82.0,57.0,61.0,92.0,92.0,64.0,53.0,0.0,-0.10496606677770615,1.8502304553985596,0.0,-1.9088122844696045,-1.8412457704544067,-104.12498595973007,9.895033933222294,10.0,0.0,8.123244069516659,1.0,66.0,91.0,83.0,58.0,62.0,93.0,93.0,65.0,54.0,0.0
11692,9.895033933222294,10.0,0.0,8.123244069516659,1.0,66.0,91.0,83.0,58.0,62.0,93.0,93.0,65.0,54.0,0.0,0.04713192954659462,1.6677483320236206,1.0,-1.9673333168029785,-1.5545228719711304,-103.10125168449622,9.942165862768888,10.0,0.0,6.568721197545528,2.0,67.0,92.0,84.0,59.0,63.0,94.0,94.0,66.0,55.0,0.0
11693,9.942165862768888,10.0,0.0,6.568721197545528,2.0,67.0,92.0,84.0,59.0,63.0,94.0,94.0,66.0,55.0,0.0,-1.4282844066619873,1.666677713394165,0.0,-1.975565791130066,-0.5052677392959595,-101.33297488430158,8.513881456106901,10.0,0.0,6.063453458249569,1.0,68.0,93.0,85.0,60.0,64.0,95.0,95.0,67.0,56.0,0.0
11694,8.513881456106901,10.0,0.0,6.063453458249569,1.0,68.0,93.0,85.0,60.0,64.0,95.0,95.0,67.0,56.0,0.0,-1.0963306427001953,1.5308959484100342,1.0,-1.8062151670455933,-0.6227506399154663,-99.08749653840003,7.417550813406706,10.0,0.0,5.440702818334103,2.0,1.0,94.0,86.0,61.0,65.0,96.0,96.0,68.0,57.0,0.0
11695,7.417550813406706,10.0,0.0,5.440702818334103,2.0,1.0,94.0,86.0,61.0,65.0,96.0,96.0,68.0,57.0,8.0,-1.9990382194519043,1.9016684293746948,4.0,-1.9936541318893433,0.5275447368621826,-77.25232188052425,5.418512593954802,10.0,0.0,5.968247555196285,3.0,2.0,95.0,87.0,1.0,66.0,97.0,97.0,1.0,58.0,0.0
11696,5.418512593954802,10.0,0.0,5.968247555196285,3.0,2.0,95.0,87.0,1.0,66.0,97.0,97.0,1.0,58.0,5.0,-1.9952315092086792,1.9765467643737793,6.0,-1.9958971738815308,1.9238486289978027,-72.89029426013475,3.4232810847461224,10.0,0.0,7.892096184194088,4.0,3.0,96.0,88.0,2.0,1.0,98.0,98.0,2.0,59.0,0.0
11697,3.4232810847461224,10.0,0.0,7.892096184194088,4.0,3.0,96.0,88.0,2.0,1.0,98.0,98.0,2.0,59.0,9.0,-1.9958529472351074,0.2765441834926605,6.0,-1.9986064434051514,1.9813951253890991,-50.89375544695809,1.427428137511015,10.0,0.0,9.873491309583187,5.0,4.0,97.0,89.0,3.0,2.0,99.0,99.0,3.0,1.0,0.0
11698,1.427428137511015,10.0,0.0,9.873491309583187,5.0,4.0,97.0,89.0,3.0,2.0,99.0,99.0,3.0,1.0,10.0,-1.9999027252197266,1.9949920177459717,6.0,-1.999987006187439,1.9996029138565063,-61.95504831225985,0.0,10.0,0.0,10.0,6.0,5.0,98.0,90.0,4.0,3.0,100.0,100.0,4.0,2.0,0.0
11699,0.0,10.0,0.0,10.0,6.0,5.0,98.0,90.0,4.0,3.0,100.0,100.0,4.0,2.0,10.0,-1.9998222589492798,1.9868991374969482,6.0,-1.999976396560669,1.9997705221176147,-70.19052544734687,0.0,10.0,0.0,10.0,7.0,6.0,99.0,91.0,5.0,4.0,100.0,100.0,5.0,3.0,1.0
11700,9.456342697143555,3.839142322540283,1.889625906944275,4.688389301300049,1.0,1.0,1.0,1.0,1.0,1.0,1.0,1.0,1.0,1.0,2.0,-1.8757401704788208,1.5759159326553345,4.0,-1.7999029159545898,-1.6561594009399414,-2.6253600340339536,7.580602526664734,5.415058255195618,0.08972299098968506,3.0322299003601074,2.0,2.0,1.0,2.0,1.0,2.0,2.0,2.0,2.0,2.0,0.0
11701,7.580602526664734,5.415058255195618,0.08972299098968506,3.0322299003601074,2.0,2.0,1.0,2.0,1.0,2.0,2.0,2.0,2.0,2.0,2.0,-1.8245981931686401,1.0566526651382446,0.0,0.12281858175992966,-1.7429656982421875,-2.9840559300380187,5.756004333496094,6.471710920333862,0.21254157274961472,1.28926420211792,1.0,3.0,1.0,3.0,2.0,3.0,3.0,3.0,3.0,3.0,0.0
11702,5.756004333496094,6.471710920333862,0.21254157274961472,1.28926420211792,1.0,3.0,1.0,3.0,2.0,3.0,3.0,3.0,3.0,3.0,2.0,-1.9443411827087402,-1.6198986768722534,0.0,0.4780513644218445,-1.7612115144729614,-5.390489176087284,3.8116631507873535,4.851812243461609,0.6905929371714592,0.0,1.0,4.0,1.0,4.0,3.0,4.0,4.0,4.0,4.0,4.0,0.0
11703,3.8116631507873535,4.851812243461609,0.6905929371714592,0.0,1.0,4.0,1.0,4.0,3.0,4.0,4.0,4.0,4.0,4.0,8.0,-1.7585805654525757,-1.602615475654602,0.0,-1.0398035049438477,-0.1347019374370575,-7.443271408444112,2.053082585334778,3.249196767807007,0.0,0.0,1.0,5.0,2.0,5.0,4.0,5.0,5.0,5.0,1.0,5.0,0.0
11704,2.053082585334778,3.249196767807007,0.0,0.0,1.0,5.0,2.0,5.0,4.0,5.0,5.0,5.0,1.0,5.0,5.0,-1.6977611780166626,-1.31739342212677,0.0,-1.9305717945098877,1.4554550647735596,-16.69619111358878,0.35532140731811523,1.9318033456802368,0.0,1.4554550647735596,1.0,6.0,3.0,6.0,5.0,6.0,6.0,6.0,2.0,6.0,0.0
11705,0.35532140731811523,1.9318033456802368,0.0,1.4554550647735596,1.0,6.0,3.0,6.0,5.0,6.0,6.0,6.0,2.0,6.0,0.0,-0.15641316771507263,0.49375417828559875,0.0,-1.5943669080734253,0.18214920163154602,-7.103929625951691,0.1989082396030426,2.4255575239658356,0.0,1.6376042664051056,1.0,7.0,4.0,7.0,6.0,7.0,7.0,7.0,3.0,7.0,0.0
11706,0.1989082396030426,2.4255575239658356,0.0,1.6376042664051056,1.0,7.0,4.0,7.0,6.0,7.0,7.0,7.0,3.0,7.0,1.0,-0.5134973526000977,1.5345216989517212,0.0,-1.788041353225708,-1.3371018171310425,-17.126324987235858,0.0,3.9600792229175568,0.0,0.3005024492740631,1.0,1.0,5.0,8.0,7.0,8.0,8.0,8.0,4.0,8.0,0.0
11707,0.0,3.9600792229175568,0.0,0.3005024492740631,1.0,1.0,5.0,8.0,7.0,8.0,8.0,8.0,4.0,8.0,8.0,0.7870205640792847,0.7700411677360535,1.0,-1.6469395160675049,-1.5688645839691162,-9.344297835417958,0.7870205640792847,4.73012039065361,0.0,0.0,2.0,1.0,6.0,9.0,8.0,9.0,9.0,9.0,1.0,9.0,0.0
11708,0.7870205640792847,4.73012039065361,0.0,0.0,2.0,1.0,6.0,9.0,8.0,9.0,9.0,9.0,1.0,9.0,8.0,-1.4558510780334473,-1.2529743909835815,1.0,-0.9716324210166931,1.3581708669662476,-19.031725057277107,0.0,3.4771459996700287,0.0,1.3581708669662476,3.0,1.0,7.0,10.0,9.0,10.0,10.0,10.0,1.0,10.0,0.0
11709,0.0,3.4771459996700287,0.0,1.3581708669662476,3.0,1.0,7.0,10.0,9.0,10.0,10.0,10.0,1.0,10.0,8.0,-1.3855959177017212,1.0115270614624023,1.0,-1.4066717624664307,-1.8598005771636963,-25.896513116593386,0.0,4.488673061132431,0.0,0.0,4.0,1.0,8.0,11.0,10.0,11.0,11.0,11.0,1.0,11.0,0.0
11710,0.0,4.488673061132431,0.0,0.0,4.0,1.0,8.0,11.0,10.0,11.0,11.0,11.0,1.0,11.0,8.0,-1.744674801826477,1.8396775722503662,4.0,-1.9205104112625122,1.5915733575820923,-29.094526165200417,0.0,6.328350633382797,0.0,1.5915733575820923,5.0,2.0,9.0,12.0,11.0,12.0,12.0,12.0,1.0,12.0,0.0
11711,0.0,6.328350633382797,0.0,1.5915733575820923,5.0,2.0,9.0,12.0,11.0,12.0,12.0,12.0,1.0,12.0,8.0,-0.3536093533039093,-0.9481644630432129,2.0,-0.08360791206359863,0.4895953834056854,-16.567603187264123,0.0,5.380186170339584,0.0,2.0811687409877777,6.0,3.0,10.0,13.0,12.0,13.0,13.0,13.0,1.0,13.0,0.0
11712,0.0,5.380186170339584,0.0,2.0811687409877777,6.0,3.0,10.0,13.0,12.0,13.0,13.0,13.0,1.0,13.0,5.0,1.1464093923568726,0.11943600326776505,1.0,-1.7332055568695068,0.2006974220275879,-17.97536215688249,1.1464093923568726,5.499622173607349,0.0,2.2818661630153656,7.0,1.0,11.0,14.0,13.0,1.0,14.0,14.0,2.0,14.0,0.0
11713,1.1464093923568726,5.499622173607349,0.0,2.2818661630153656,7.0,1.0,11.0,14.0,13.0,1.0,14.0,14.0,2.0,14.0,0.0,-0.08702249079942703,-0.287097692489624,0.0,-1.9359486103057861,-0.29775765538215637,-12.275066669215514,1.0593869015574455,5.212524481117725,0.0,1.9841085076332092,1.0,2.0,12.0,15.0,14.0,2.0,15.0,15.0,3.0,15.0,0.0
11714,1.0593869015574455,5.212524481117725,0.0,1.9841085076332092,1.0,2.0,12.0,15.0,14.0,2.0,15.0,15.0,3.0,15.0,0.0,0.30836963653564453,0.8098517060279846,4.0,-1.8626967668533325,0.5820202231407166,-14.037996290035068,1.36775653809309,6.02237618714571,0.0,2.566128730773926,1.0,3.0,13.0,16.0,1.0,3.0,16.0,16.0,4.0,16.0,0.0
11715,1.36775653809309,6.02237618714571,0.0,2.566128730773926,1.0,3.0,13.0,16.0,1.0,3.0,16.0,16.0,4.0,16.0,9.0,-1.8943794965744019,-1.6691019535064697,1.0,-1.966820478439331,1.034256935119629,-14.973839013285058,0.0,4.35327423363924,0.0,3.6003856658935547,2.0,1.0,14.0,17.0,2.0,4.0,17.0,17.0,5.0,1.0,0.0
11716,0.0,4.35327423363924,0.0,3.6003856658935547,2.0,1.0,14.0,17.0,2.0,4.0,17.0,17.0,5.0,1.0,0.0,-1.559501051902771,0.3400442600250244,2.0,-1.8211115598678589,-0.7704529166221619,-27.52558938433433,0.0,4.693318493664265,0.0,2.829932749271393,1.0,2.0,1.0,18.0,3.0,5.0,18.0,18.0,6.0,2.0,0.0
11717,0.0,4.693318493664265,0.0,2.829932749271393,1.0,2.0,1.0,18.0,3.0,5.0,18.0,18.0,6.0,2.0,10.0,-1.7928941249847412,-1.376265287399292,6.0,-1.7950022220611572,-0.4062700569629669,-26.32894124984741,0.0,3.3170532062649727,0.0,2.423662692308426,2.0,3.0,2.0,19.0,4.0,6.0,19.0,19.0,7.0,3.0,0.0
11718,0.0,3.3170532062649727,0.0,2.423662692308426,2.0,3.0,2.0,19.0,4.0,6.0,19.0,19.0,7.0,3.0,5.0,-1.7854715585708618,0.39333444833755493,10.0,-1.969468116760254,-1.2457436323165894,-38.866246085925866,0.0,3.7103876546025276,0.0,1.1779190599918365,3.0,4.0,3.0,20.0,5.0,7.0,20.0,20.0,8.0,4.0,0.0
11719,0.0,3.7103876546025276,0.0,1.1779190599918365,3.0,4.0,3.0,20.0,5.0,7.0,20.0,20.0,8.0,4.0,8.0,-0.7255731225013733,-0.03923994302749634,6.0,-1.9390842914581299,-1.8462259769439697,-21.763048251233187,0.0,3.6711477115750313,0.0,0.0,4.0,5.0,4.0,21.0,6.0,8.0,21.0,21.0,1.0,5.0,0.0
11720,0.0,3.6711477115750313,0.0,0.0,4.0,5.0,4.0,21.0,6.0,8.0,21.0,21.0,1.0,5.0,9.0,-1.4780603647232056,0.013286231085658073,1.0,-1.8483912944793701,0.7728824019432068,-26.076963369621293,0.0,3.6844339426606894,0.0,0.7728824019432068,5.0,1.0,5.0,22.0,7.0,9.0,22.0,22.0,2.0,1.0,0.0
11721,0.0,3.6844339426606894,0.0,0.7728824019432068,5.0,1.0,5.0,22.0,7.0,9.0,22.0,22.0,2.0,1.0,9.0,-0.464520663022995,1.3290281295776367,6.0,-1.5491546392440796,-0.6512219905853271,-16.897331205263,0.0,5.013462072238326,0.0,0.12166041135787964,6.0,2.0,6.0,23.0,8.0,10.0,23.0,23.0,3.0,1.0,0.0
11722,0.0,5.013462072238326,0.0,0.12166041135787964,6.0,2.0,6.0,23.0,8.0,10.0,23.0,23.0,3.0,1.0,0.0,-1.5709993839263916,1.925898790359497,6.0,-1.987699270248413,-1.1018739938735962,-32.74592406126586,0.0,6.939360862597823,0.0,0.0,1.0,3.0,7.0,24.0,9.0,11.0,24.0,24.0,4.0,2.0,0.0
11723,0.0,6.939360862597823,0.0,0.0,1.0,3.0,7.0,24.0,9.0,11.0,24.0,24.0,4.0,2.0,10.0,0.1417953073978424,0.16132411360740662,6.0,-1.9382420778274536,1.033378005027771,-11.9,0.1417953073978424,7.10068497620523,0.0,1.033378005027771,2.0,4.0,8.0,25.0,10.0,12.0,25.0,25.0,5.0,3.0,0.0
11724,0.1417953073978424,7.10068497620523,0.0,1.033378005027771,2.0,4.0,8.0,25.0,10.0,12.0,25.0,25.0,5.0,3.0,8.0,1.2735610008239746,0.028350448235869408,10.0,-1.7073947191238403,0.5550827383995056,-13.611789648114094,1.415356308221817,7.129035424441099,0.0,1.5884607434272766,3.0,5.0,9.0,26.0,11.0,13.0,26.0,26.0,1.0,4.0,0.0
11725,1.415356308221817,7.129035424441099,0.0,1.5884607434272766,3.0,5.0,9.0,26.0,11.0,13.0,26.0,26.0,1.0,4.0,10.0,-0.5762701034545898,0.6032904386520386,6.0,-1.9808704853057861,-1.2034817934036255,-13.4,0.8390862047672272,7.732325863093138,0.0,0.3849789500236511,4.0,6.0,10.0,27.0,12.0,14.0,27.0,27.0,2.0,5.0,0.0
11726,0.8390862047672272,7.732325863093138,0.0,0.3849789500236511,4.0,6.0,10.0,27.0,12.0,14.0,27.0,27.0,2.0,5.0,8.0,0.8895715475082397,0.07477983087301254,1.0,-1.947723388671875,1.7994858026504517,-15.169262974602537,1.728657752275467,7.80710569396615,0.0,2.184464752674103,5.0,1.0,11.0,28.0,13.0,15.0,28.0,28.0,1.0,6.0,0.0
11727,1.728657752275467,7.80710569396615,0.0,2.184464752674103,5.0,1.0,11.0,28.0,13.0,15.0,28.0,28.0,1.0,6.0,5.0,0.4822368621826172,0.1623666137456894,3.0,-1.9866786003112793,-0.3270097076892853,-20.75244491219157,2.210894614458084,7.96947230771184,0.0,1.8574550449848175,6.0,2.0,12.0,1.0,14.0,1.0,29.0,29.0,2.0,7.0,0.0
11728,2.210894614458084,7.96947230771184,0.0,1.8574550449848175,6.0,2.0,12.0,1.0,14.0,1.0,29.0,29.0,2.0,7.0,1.0,1.3672680854797363,-0.3375007212162018,2.0,-0.14320002496242523,0.03169277310371399,-17.152145945267783,3.5781626999378204,7.631971586495638,0.0,1.8891478180885315,7.0,1.0,13.0,2.0,15.0,2.0,30.0,30.0,3.0,8.0,0.0
11729,3.5781626999378204,7.631971586495638,0.0,1.8891478180885315,7.0,1.0,13.0,2.0,15.0,2.0,30.0,30.0,3.0,8.0,5.0,0.9946706295013428,-1.0403095483779907,4.0,1.2986254692077637,-0.8385167121887207,-14.83818404580205,4.572833329439163,6.591662038117647,1.2986254692077637,1.0506311058998108,8.0,2.0,14.0,3.0,1.0,1.0,31.0,31.0,4.0,9.0,0.0
11730,4.572833329439163,6.591662038117647,1.2986254692077637,1.0506311058998108,8.0,2.0,14.0,3.0,1.0,1.0,31.0,31.0,4.0,9.0,9.0,-1.3123115301132202,-1.9191147089004517,1.0,0.017566466704010963,0.619691014289856,-11.17825023623684,3.260521799325943,4.6725473292171955,1.3161919359117746,1.6703221201896667,9.0,1.0,15.0,4.0,2.0,2.0,32.0,32.0,5.0,1.0,0.0
11731,3.260521799325943,4.6725473292171955,1.3161919359117746,1.6703221201896667,9.0,1.0,15.0,4.0,2.0,2.0,32.0,32.0,5.0,1.0,5.0,-0.7193609476089478,-1.6969102621078491,2.0,-0.9170288443565369,-0.7687657475471497,-17.393900438271626,2.5411608517169952,2.9756370671093464,0.39916309155523777,0.9015563726425171,10.0,2.0,16.0,5.0,3.0,1.0,33.0,33.0,6.0,2.0,0.0
11732,2.5411608517169952,2.9756370671093464,0.39916309155523777,0.9015563726425171,10.0,2.0,16.0,5.0,3.0,1.0,33.0,33.0,6.0,2.0,5.0,-0.24915705621242523,-1.4868525266647339,1.0,-1.563632607460022,-0.09229935705661774,-20.039516886159817,2.29200379550457,1.4887845404446125,0.0,0.8092570155858994,11.0,1.0,17.0,6.0,4.0,1.0,34.0,34.0,7.0,3.0,0.0
11733,2.29200379550457,1.4887845404446125,0.0,0.8092570155858994,11.0,1.0,17.0,6.0,4.0,1.0,34.0,34.0,7.0,3.0,9.0,0.3350713849067688,-1.5061997175216675,2.0,-0.46407362818717957,1.0979695320129395,-14.226654726499419,2.627075180411339,0.0,0.0,1.9072265475988388,12.0,2.0,18.0,7.0,5.0,2.0,35.0,35.0,8.0,1.0,0.0
11734,2.627075180411339,0.0,0.0,1.9072265475988388,12.0,2.0,18.0,7.0,5.0,2.0,35.0,35.0,8.0,1.0,5.0,1.1209590435028076,-0.9935221672058105,1.0,-1.8470404148101807,0.27448147535324097,-30.765304376307245,3.7480342239141464,0.0,0.0,2.1817080229520798,13.0,1.0,19.0,8.0,6.0,1.0,36.0,36.0,9.0,2.0,0.0
11735,3.7480342239141464,0.0,0.0,2.1817080229520798,13.0,1.0,19.0,8.0,6.0,1.0,36.0,36.0,9.0,2.0,9.0,-0.4033472239971161,-1.592613935470581,4.0,-0.9173429012298584,0.8534139394760132,-31.48673125451928,3.3446869999170303,0.0,0.0,3.035121962428093,14.0,2.0,20.0,9.0,1.0,2.0,37.0,37.0,10.0,1.0,0.0
11736,3.3446869999170303,0.0,0.0,3.035121962428093,14.0,2.0,20.0,9.0,1.0,2.0,37.0,37.0,10.0,1.0,9.0,1.722377061843872,1.335636019706726,2.0,-1.9525611400604248,1.1310123205184937,-15.805788430192717,5.067064061760902,1.335636019706726,0.0,4.166134282946587,15.0,3.0,1.0,10.0,2.0,3.0,38.0,38.0,11.0,1.0,0.0
11737,5.067064061760902,1.335636019706726,0.0,4.166134282946587,15.0,3.0,1.0,10.0,2.0,3.0,38.0,38.0,11.0,1.0,5.0,0.06277348101139069,1.262377381324768,1.0,-1.7210615873336792,-0.8310096859931946,-15.709767864508365,5.129837542772293,2.598013401031494,0.0,3.335124596953392,16.0,1.0,2.0,11.0,3.0,1.0,39.0,39.0,12.0,2.0,0.0
11738,5.129837542772293,2.598013401031494,0.0,3.335124596953392,16.0,1.0,2.0,11.0,3.0,1.0,39.0,39.0,12.0,2.0,9.0,1.7694965600967407,-1.2710795402526855,6.0,-1.8990168571472168,-0.891253650188446,-16.988760082505625,6.899334102869034,1.3269338607788086,0.0,2.443870946764946,17.0,2.0,3.0,12.0,4.0,2.0,40.0,40.0,13.0,1.0,0.0
11739,6.899334102869034,1.3269338607788086,0.0,2.443870946764946,17.0,2.0,3.0,12.0,4.0,2.0,40.0,40.0,13.0,1.0,5.0,-0.6658282279968262,-0.1336238831281662,6.0,-1.6568964719772339,-1.4286696910858154,-17.397322104551407,6.233505874872208,1.1933099776506424,0.0,1.0152012556791306,18.0,3.0,4.0,13.0,5.0,1.0,41.0,41.0,14.0,2.0,0.0
11740,6.233505874872208,1.1933099776506424,0.0,1.0152012556791306,18.0,3.0,4.0,13.0,5.0,1.0,41.0,41.0,14.0,2.0,9.0,-1.8254493474960327,0.34468328952789307,6.0,-1.317590594291687,-0.2632596790790558,-16.05061222676411,4.408056527376175,1.5379932671785355,0.0,0.7519415766000748,19.0,4.0,5.0,14.0,6.0,2.0,42.0,42.0,15.0,1.0,0.0
11741,4.408056527376175,1.5379932671785355,0.0,0.7519415766000748,19.0,4.0,5.0,14.0,6.0,2.0,42.0,42.0,15.0,1.0,9.0,-1.1433348655700684,-0.30368512868881226,1.0,-1.92442786693573,0.32538041472435,-16.628882380325063,3.2647216618061066,1.2343081384897232,0.0,1.0773219913244247,20.0,1.0,6.0,15.0,7.0,3.0,43.0,43.0,16.0,1.0,0.0
11742,3.2647216618061066,1.2343081384897232,0.0,1.0773219913244247,20.0,1.0,6.0,15.0,7.0,3.0,43.0,43.0,16.0,1.0,9.0,1.2667322158813477,0.8564833998680115,1.0,0.7725698947906494,-1.2383334636688232,-17.32278705700346,4.531453877687454,2.0907915383577347,0.7725698947906494,0.0,21.0,1.0,7.0,16.0,8.0,4.0,44.0,44.0,17.0,1.0,0.0
11743,4.531453877687454,2.0907915383577347,0.7725698947906494,0.0,21.0,1.0,7.0,16.0,8.0,4.0,44.0,44.0,17.0,1.0,8.0,1.728636622428894,0.6251306533813477,1.0,-1.9716163873672485,-0.7143093347549438,-20.094288479352667,6.260090500116348,2.7159221917390823,0.0,0.0,22.0,1.0,8.0,17.0,9.0,5.0,45.0,45.0,1.0,2.0,0.0
11744,6.260090500116348,2.7159221917390823,0.0,0.0,22.0,1.0,8.0,17.0,9.0,5.0,45.0,45.0,1.0,2.0,9.0,1.4688591957092285,1.7209609746932983,0.0,0.8607214093208313,1.8641241788864136,-21.01301496409493,7.728949695825577,4.436883166432381,0.8607214093208313,1.8641241788864136,1.0,2.0,9.0,18.0,10.0,6.0,46.0,46.0,2.0,1.0,0.0
11745,7.728949695825577,4.436883166432381,0.8607214093208313,1.8641241788864136,1.0,2.0,9.0,18.0,10.0,6.0,46.0,46.0,2.0,1.0,5.0,-0.32648494839668274,-1.747178554534912,6.0,-1.2550758123397827,1.9241777658462524,-15.669017503693244,7.402464747428894,2.6897046118974686,0.0,3.788301944732666,2.0,3.0,10.0,19.0,11.0,1.0,47.0,47.0,3.0,2.0,0.0
11746,7.402464747428894,2.6897046118974686,0.0,3.788301944732666,2.0,3.0,10.0,19.0,11.0,1.0,47.0,47.0,3.0,2.0,10.0,-0.06619960814714432,-1.5308208465576172,1.0,-1.2644284963607788,1.9592809677124023,-15.5,7.33626513928175,1.1588837653398514,0.0,5.747582912445068,3.0,1.0,11.0,20.0,12.0,2.0,48.0,48.0,4.0,3.0,0.0
11747,7.33626513928175,1.1588837653398514,0.0,5.747582912445068,3.0,1.0,11.0,20.0,12.0,2.0,48.0,48.0,4.0,3.0,10.0,-1.2342567443847656,1.0790289640426636,6.0,-1.7317231893539429,1.835390329360962,-16.2,6.102008394896984,2.237912729382515,0.0,7.58297324180603,4.0,2.0,12.0,21.0,13.0,3.0,49.0,49.0,5.0,4.0,0.0
11748,6.102008394896984,2.237912729382515,0.0,7.58297324180603,4.0,2.0,12.0,21.0,13.0,3.0,49.0,49.0,5.0,4.0,10.0,-0.7730211019515991,0.12227661907672882,6.0,-1.8037161827087402,1.852092981338501,-17.2,5.328987292945385,2.3601893484592438,0.0,9.435066223144531,5.0,3.0,13.0,22.0,14.0,4.0,50.0,50.0,6.0,5.0,0.0
11749,5.328987292945385,2.3601893484592438,0.0,9.435066223144531,5.0,3.0,13.0,22.0,14.0,4.0,50.0,50.0,6.0,5.0,5.0,0.07628250867128372,0.168918639421463,6.0,-0.9909359216690063,1.5734502077102661,-20.385812662132803,5.405269801616669,2.529107987880707,0.0,10.0,6.0,4.0,14.0,23.0,15.0,1.0,51.0,51.0,7.0,6.0,0.0
11750,5.405269801616669,2.529107987880707,0.0,10.0,6.0,4.0,14.0,23.0,15.0,1.0,51.0,51.0,7.0,6.0,5.0,-1.3732463121414185,1.8772636651992798,6.0,0.06036891043186188,1.8767335414886475,-22.003857350494524,4.03202348947525,4.406371653079987,0.06036891043186188,10.0,7.0,5.0,15.0,24.0,16.0,1.0,52.0,52.0,8.0,7.0,0.0
11751,4.03202348947525,4.406371653079987,0.06036891043186188,10.0,7.0,5.0,15.0,24.0,16.0,1.0,52.0,52.0,8.0,7.0,10.0,-0.07490729540586472,-0.612307608127594,6.0,-0.5022695660591125,1.8246232271194458,-19.7,3.9571161940693855,3.7940640449523926,0.0,10.0,8.0,6.0,16.0,25.0,17.0,2.0,53.0,53.0,9.0,8.0,0.0
11752,3.9571161940693855,3.7940640449523926,0.0,10.0,8.0,6.0,16.0,25.0,17.0,2.0,53.0,53.0,9.0,8.0,5.0,0.5815364122390747,-1.9571465253829956,6.0,-1.949974775314331,1.297330617904663,-24.638091412484634,4.53865260630846,1.836917519569397,0.0,10.0,9.0,7.0,17.0,26.0,18.0,1.0,54.0,54.0,10.0,9.0,0.0
11753,4.53865260630846,1.836917519569397,0.0,10.0,9.0,7.0,17.0,26.0,18.0,1.0,54.0,54.0,10.0,9.0,9.0,0.5307098627090454,1.3206024169921875,6.0,-0.9692012071609497,1.8779208660125732,-21.782097584279565,5.069362469017506,3.1575199365615845,0.0,10.0,10.0,8.0,18.0,27.0,19.0,2.0,55.0,55.0,11.0,1.0,0.0
11754,5.069362469017506,3.1575199365615845,0.0,10.0,10.0,8.0,18.0,27.0,19.0,2.0,55.0,55.0,11.0,1.0,9.0,1.4979255199432373,-1.4512497186660767,6.0,-1.7497156858444214,0.8727326989173889,-24.478568091808512,6.567287988960743,1.7062702178955078,0.0,10.0,11.0,9.0,19.0,28.0,20.0,3.0,56.0,56.0,12.0,1.0,0.0
11755,6.567287988960743,1.7062702178955078,0.0,10.0,11.0,9.0,19.0,28.0,20.0,3.0,56.0,56.0,12.0,1.0,5.0,-1.012954592704773,0.7520666122436523,6.0,-1.8696004152297974,1.9297162294387817,-24.70123552846319,5.55433339625597,2.45833683013916,0.0,10.0,12.0,10.0,20.0,29.0,21.0,1.0,57.0,57.0,13.0,2.0,0.0
11756,5.55433339625597,2.45833683013916,0.0,10.0,12.0,10.0,20.0,29.0,21.0,1.0,57.0,57.0,13.0,2.0,9.0,1.8636823892593384,0.35789889097213745,6.0,-1.0742322206497192,1.6755573749542236,-26.90920052939985,7.418015785515308,2.8162357211112976,0.0,10.0,13.0,11.0,21.0,30.0,22.0,2.0,58.0,58.0,14.0,1.0,0.0
11757,7.418015785515308,2.8162357211112976,0.0,10.0,13.0,11.0,21.0,30.0,22.0,2.0,58.0,58.0,14.0,1.0,10.0,1.716554880142212,0.935459554195404,1.0,-1.9733725786209106,1.884616732597351,-24.0,9.13457066565752,3.7516952753067017,0.0,10.0,14.0,12.0,22.0,31.0,23.0,3.0,59.0,59.0,15.0,2.0,0.0
11758,9.13457066565752,3.7516952753067017,0.0,10.0,14.0,12.0,22.0,31.0,23.0,3.0,59.0,59.0,15.0,2.0,5.0,1.6912710666656494,-0.415116548538208,6.0,0.6951044201850891,1.2215641736984253,-33.891047724728764,10.0,3.3365787267684937,0.6951044201850891,10.0,15.0,13.0,23.0,32.0,24.0,1.0,60.0,60.0,16.0,3.0,0.0
11759,10.0,3.3365787267684937,0.6951044201850891,10.0,15.0,13.0,23.0,32.0,24.0,1.0,60.0,60.0,16.0,3.0,9.0,-1.0829658508300781,-1.7643694877624512,6.0,-1.8556872606277466,1.5808866024017334,-32.25362162796286,8.917034149169922,1.5722092390060425,0.0,10.0,16.0,14.0,24.0,33.0,25.0,2.0,61.0,61.0,17.0,1.0,0.0
11760,8.917034149169922,1.5722092390060425,0.0,10.0,16.0,14.0,24.0,33.0,25.0,2.0,61.0,61.0,17.0,1.0,9.0,1.0966987609863281,0.9592968225479126,6.0,-1.9710586071014404,1.4272072315216064,-35.34509951996841,10.0,2.531506061553955,0.0,10.0,17.0,15.0,25.0,34.0,26.0,3.0,62.0,62.0,18.0,1.0,0.0
11761,10.0,2.531506061553955,0.0,10.0,17.0,15.0,25.0,34.0,26.0,3.0,62.0,62.0,18.0,1.0,10.0,1.6790597438812256,-1.273024559020996,6.0,-1.7206721305847168,0.5872988700866699,-44.09059743881225,10.0,1.258481502532959,0.0,10.0,18.0,16.0,26.0,35.0,27.0,4.0,63.0,63.0,19.0,2.0,0.0
11762,10.0,1.258481502532959,0.0,10.0,18.0,16.0,26.0,35.0,27.0,4.0,63.0,63.0,19.0,2.0,9.0,1.472372055053711,-1.064619779586792,1.0,-0.9262536764144897,1.5727125406265259,-53.118004415178845,10.0,0.193861722946167,0.0,10.0,19.0,17.0,27.0,36.0,28.0,5.0,64.0,64.0,20.0,3.0,0.0
11763,10.0,0.193861722946167,0.0,10.0,19.0,17.0,27.0,36.0,28.0,5.0,64.0,64.0,20.0,3.0,9.0,0.632626473903656,1.4547903537750244,6.0,-1.8069019317626953,1.747149109840393,-44.4830666265478,10.0,1.6486520767211914,0.0,10.0,20.0,18.0,28.0,37.0,29.0,6.0,65.0,65.0,21.0,1.0,0.0
11764,10.0,1.6486520767211914,0.0,10.0,20.0,18.0,28.0,37.0,29.0,6.0,65.0,65.0,21.0,1.0,10.0,0.6459338665008545,1.2438158988952637,6.0,-1.6852778196334839,-0.30346694588661194,-36.459338665008545,10.0,2.892467975616455,0.0,9.696533054113388,21.0,19.0,29.0,38.0,30.0,7.0,66.0,66.0,22.0,2.0,0.0
11765,10.0,2.892467975616455,0.0,9.696533054113388,21.0,19.0,29.0,38.0,30.0,7.0,66.0,66.0,22.0,2.0,9.0,0.9702250361442566,-1.2287226915359497,6.0,-1.9577507972717285,0.07576926797628403,-49.652764744644216,10.0,1.6637452840805054,0.0,9.772302322089672,22.0,20.0,30.0,39.0,31.0,8.0,67.0,67.0,23.0,1.0,0.0
11766,10.0,1.6637452840805054,0.0,9.772302322089672,22.0,20.0,30.0,39.0,31.0,8.0,67.0,67.0,23.0,1.0,9.0,0.3838382363319397,-0.7095031142234802,1.0,-1.9725282192230225,0.50677490234375,-45.06082675375605,10.0,0.9542421698570251,0.0,10.0,23.0,21.0,31.0,40.0,32.0,9.0,68.0,68.0,24.0,1.0,0.0
11767,10.0,0.9542421698570251,0.0,10.0,23.0,21.0,31.0,40.0,32.0,9.0,68.0,68.0,24.0,1.0,0.0,-0.9525697827339172,0.7480921745300293,1.0,-1.9139646291732788,1.1791545152664185,-36.22991447004132,9.047430217266083,1.7023343443870544,0.0,10.0,1.0,22.0,32.0,41.0,33.0,10.0,69.0,69.0,25.0,2.0,0.0
11768,9.047430217266083,1.7023343443870544,0.0,10.0,1.0,22.0,32.0,41.0,33.0,10.0,69.0,69.0,25.0,2.0,1.0,0.6515034437179565,-0.9548245668411255,6.0,-0.83878493309021,1.9621237516403198,-30.960097057359423,9.69893366098404,0.747509777545929,0.0,10.0,2.0,1.0,33.0,42.0,34.0,11.0,70.0,70.0,26.0,3.0,0.0
11769,9.69893366098404,0.747509777545929,0.0,10.0,2.0,1.0,33.0,42.0,34.0,11.0,70.0,70.0,26.0,3.0,10.0,-1.8329282999038696,1.747900128364563,6.0,-1.98493492603302,1.8705483675003052,-30.2,7.86600536108017,2.495409905910492,0.0,10.0,3.0,2.0,34.0,43.0,35.0,12.0,71.0,71.0,27.0,4.0,0.0
11770,7.86600536108017,2.495409905910492,0.0,10.0,3.0,2.0,34.0,43.0,35.0,12.0,71.0,71.0,27.0,4.0,5.0,-1.919312596321106,1.6435030698776245,6.0,-1.9436140060424805,1.9968377351760864,-31.280431548623966,5.946692764759064,4.1389129757881165,0.0,10.0,4.0,3.0,35.0,44.0,36.0,1.0,72.0,72.0,28.0,5.0,0.0
11771,5.946692764759064,4.1389129757881165,0.0,10.0,4.0,3.0,35.0,44.0,36.0,1.0,72.0,72.0,28.0,5.0,10.0,0.3296579122543335,1.9544601440429688,6.0,-1.9341775178909302,1.8407973051071167,-31.0,6.276350677013397,6.093373119831085,0.0,10.0,5.0,4.0,36.0,45.0,37.0,2.0,73.0,73.0,29.0,6.0,0.0
11772,6.276350677013397,6.093373119831085,0.0,10.0,5.0,4.0,36.0,45.0,37.0,2.0,73.0,73.0,29.0,6.0,5.0,-1.325105905532837,1.7585848569869995,6.0,-1.9448637962341309,1.9816232919692993,-35.16773583588946,4.95124477148056,7.851957976818085,0.0,10.0,6.0,5.0,37.0,46.0,38.0,1.0,74.0,74.0,30.0,7.0,0.0
11773,4.95124477148056,7.851957976818085,0.0,10.0,6.0,5.0,37.0,46.0,38.0,1.0,74.0,74.0,30.0,7.0,10.0,-0.9704060554504395,1.6079915761947632,6.0,-1.869390606880188,1.9571661949157715,-32.8,3.980838716030121,9.459949553012848,0.0,10.0,7.0,6.0,38.0,47.0,39.0,2.0,75.0,75.0,31.0,8.0,0.0
11774,3.980838716030121,9.459949553012848,0.0,10.0,7.0,6.0,38.0,47.0,39.0,2.0,75.0,75.0,31.0,8.0,0.0,-1.4889137744903564,1.3275692462921143,6.0,-1.9816014766693115,1.9996460676193237,-53.06894973412917,2.4919249415397644,10.0,0.0,10.0,8.0,7.0,39.0,48.0,40.0,3.0,76.0,76.0,32.0,9.0,0.0
11775,2.4919249415397644,10.0,0.0,10.0,8.0,7.0,39.0,48.0,40.0,3.0,76.0,76.0,32.0,9.0,8.0,0.6896169185638428,1.5607409477233887,6.0,-1.9727568626403809,1.8549959659576416,-48.4349899048821,3.181541860103607,10.0,0.0,10.0,9.0,8.0,40.0,49.0,41.0,4.0,77.0,77.0,1.0,10.0,0.0
11776,3.181541860103607,10.0,0.0,10.0,9.0,8.0,40.0,49.0,41.0,4.0,77.0,77.0,1.0,10.0,10.0,1.0042567253112793,0.03291625529527664,6.0,-1.9536360502243042,1.9948632717132568,-32.92916255295277,4.1857985854148865,10.0,0.0,10.0,10.0,9.0,41.0,50.0,42.0,5.0,78.0,78.0,2.0,11.0,0.0
11777,4.1857985854148865,10.0,0.0,10.0,10.0,9.0,41.0,50.0,42.0,5.0,78.0,78.0,2.0,11.0,10.0,1.6701959371566772,-1.0676863193511963,6.0,-1.93644380569458,1.9999637603759766,-33.6,5.855994522571564,8.932313680648804,0.0,10.0,11.0,10.0,42.0,51.0,43.0,6.0,79.0,79.0,3.0,12.0,0.0
11778,5.855994522571564,8.932313680648804,0.0,10.0,11.0,10.0,42.0,51.0,43.0,6.0,79.0,79.0,3.0,12.0,10.0,0.2968316376209259,-0.7527896165847778,6.0,-1.8784605264663696,1.9997148513793945,-34.6,6.15282616019249,8.179524064064026,0.0,10.0,12.0,11.0,43.0,52.0,44.0,7.0,80.0,80.0,4.0,13.0,0.0
11779,6.15282616019249,8.179524064064026,0.0,10.0,12.0,11.0,43.0,52.0,44.0,7.0,80.0,80.0,4.0,13.0,10.0,0.9037705063819885,-1.4198280572891235,6.0,-1.729906678199768,1.9993517398834229,-35.6,7.056596666574478,6.759696006774902,0.0,10.0,13.0,12.0,44.0,53.0,45.0,8.0,81.0,81.0,5.0,14.0,0.0
11780,7.056596666574478,6.759696006774902,0.0,10.0,13.0,12.0,44.0,53.0,45.0,8.0,81.0,81.0,5.0,14.0,10.0,1.5062931776046753,0.3438778519630432,6.0,-1.9874463081359863,1.9924458265304565,-36.6,8.562889844179153,7.103573858737946,0.0,10.0,14.0,13.0,45.0,54.0,46.0,9.0,82.0,82.0,6.0,15.0,0.0
11781,8.562889844179153,7.103573858737946,0.0,10.0,14.0,13.0,45.0,54.0,46.0,9.0,82.0,82.0,6.0,15.0,10.0,-0.010667192749679089,0.2361469715833664,6.0,-0.7385924458503723,1.9814473390579224,-37.6,8.552222651429474,7.339720830321312,0.0,10.0,15.0,14.0,46.0,55.0,47.0,10.0,83.0,83.0,7.0,16.0,0.0
11782,8.552222651429474,7.339720830321312,0.0,10.0,15.0,14.0,46.0,55.0,47.0,10.0,83.0,83.0,7.0,16.0,10.0,1.4218904972076416,1.438579797744751,6.0,-1.513698935508728,1.9920185804367065,-38.6,9.974113148637116,8.778300628066063,0.0,10.0,16.0,15.0,47.0,56.0,48.0,11.0,84.0,84.0,8.0,17.0,0.0
11783,9.974113148637116,8.778300628066063,0.0,10.0,16.0,15.0,47.0,56.0,48.0,11.0,84.0,84.0,8.0,17.0,10.0,0.6169479489326477,-0.6897711157798767,6.0,-1.9271087646484375,1.9998871088027954,-45.51061097569764,10.0,8.088529512286186,0.0,10.0,17.0,16.0,48.0,57.0,49.0,12.0,85.0,85.0,9.0,18.0,0.0
11784,10.0,8.088529512286186,0.0,10.0,17.0,16.0,48.0,57.0,49.0,12.0,85.0,85.0,9.0,18.0,10.0,0.6016024947166443,0.6708829998970032,6.0,-1.4981580972671509,0.8081821203231812,-46.616024947166444,10.0,8.75941251218319,0.0,10.0,18.0,17.0,49.0,58.0,50.0,13.0,86.0,86.0,10.0,19.0,0.0
11785,10.0,8.75941251218319,0.0,10.0,18.0,17.0,49.0,58.0,50.0,13.0,86.0,86.0,10.0,19.0,1.0,-0.4252707362174988,0.5912267565727234,6.0,-1.925793170928955,1.993606448173523,-48.35687582172177,9.574729263782501,9.350639268755913,0.0,10.0,19.0,1.0,50.0,59.0,51.0,14.0,87.0,87.0,11.0,20.0,0.0
11786,9.574729263782501,9.350639268755913,0.0,10.0,19.0,1.0,50.0,59.0,51.0,14.0,87.0,87.0,11.0,20.0,0.0,1.1512621641159058,1.5102925300598145,6.0,-1.9711437225341797,1.8483281135559082,-71.11048661383559,10.0,10.0,0.0,10.0,20.0,2.0,51.0,60.0,52.0,15.0,88.0,88.0,12.0,21.0,0.0
11787,10.0,10.0,0.0,10.0,20.0,2.0,51.0,60.0,52.0,15.0,88.0,88.0,12.0,21.0,0.0,-0.3984295129776001,1.38588285446167,1.0,-1.9488886594772339,1.9859955310821533,-73.8675921433611,9.6015704870224,10.0,0.0,10.0,21.0,3.0,52.0,61.0,53.0,16.0,89.0,89.0,13.0,22.0,0.0
11788,9.6015704870224,10.0,0.0,10.0,21.0,3.0,52.0,61.0,53.0,16.0,89.0,89.0,13.0,22.0,0.0,-0.8342597484588623,1.6598749160766602,6.0,-1.9996180534362793,1.997448205947876,-76.0080894998149,8.767310738563538,10.0,0.0,10.0,22.0,4.0,53.0,62.0,54.0,17.0,90.0,90.0,14.0,23.0,0.0
11789,8.767310738563538,10.0,0.0,10.0,22.0,4.0,53.0,62.0,54.0,17.0,90.0,90.0,14.0,23.0,0.0,1.47903573513031,1.5726261138916016,1.0,-1.992750883102417,1.9853034019470215,-78.76678844446668,10.0,10.0,0.0,10.0,23.0,5.0,54.0,63.0,55.0,18.0,91.0,91.0,15.0,24.0,0.0
11790,10.0,10.0,0.0,10.0,23.0,5.0,54.0,63.0,55.0,18.0,91.0,91.0,15.0,24.0,10.0,0.813721776008606,1.3294817209243774,6.0,-1.9872372150421143,1.9601999521255493,-60.487381996418264,10.0,10.0,0.0,10.0,24.0,6.0,55.0,64.0,56.0,19.0,92.0,92.0,16.0,25.0,0.0
11791,10.0,10.0,0.0,10.0,24.0,6.0,55.0,64.0,56.0,19.0,92.0,92.0,16.0,25.0,0.0,1.8650606870651245,1.7238807678222656,1.0,-1.995124340057373,1.9007964134216309,-90.24602597224418,10.0,10.0,0.0,10.0,25.0,7.0,56.0,65.0,57.0,20.0,93.0,93.0,17.0,26.0,0.0
11792,10.0,10.0,0.0,10.0,25.0,7.0,56.0,65.0,57.0,20.0,93.0,93.0,17.0,26.0,0.0,-0.5988211035728455,1.4477535486221313,1.0,-1.9914826154708862,1.9166911840438843,-79.08242463215129,9.401178896427155,10.0,0.0,10.0,26.0,8.0,57.0,66.0,58.0,21.0,94.0,94.0,18.0,27.0,0.0
11793,9.401178896427155,10.0,0.0,10.0,26.0,8.0,57.0,66.0,58.0,21.0,94.0,94.0,18.0,27.0,0.0,1.6852741241455078,1.3327950239181519,2.0,-1.9463541507720947,1.9672443866729736,-84.04387355783595,10.0,10.0,0.0,10.0,27.0,9.0,1.0,67.0,59.0,22.0,95.0,95.0,19.0,28.0,0.0
11794,10.0,10.0,0.0,10.0,27.0,9.0,1.0,67.0,59.0,22.0,95.0,95.0,19.0,28.0,5.0,0.8375904560089111,-0.38167983293533325,6.0,-1.9982843399047852,1.313114881515503,-53.18563114074412,10.0,9.618320167064667,0.0,10.0,28.0,10.0,2.0,68.0,60.0,1.0,96.0,96.0,20.0,29.0,0.0
11795,10.0,9.618320167064667,0.0,10.0,28.0,10.0,2.0,68.0,60.0,1.0,96.0,96.0,20.0,29.0,10.0,-1.4526811838150024,-1.3811520338058472,6.0,-1.996788740158081,1.9338104724884033,-42.0,8.547318816184998,8.23716813325882,0.0,10.0,29.0,11.0,3.0,69.0,61.0,2.0,97.0,97.0,21.0,30.0,0.0
11796,8.547318816184998,8.23716813325882,0.0,10.0,29.0,11.0,3.0,69.0,61.0,2.0,97.0,97.0,21.0,30.0,1.0,-1.0132198333740234,1.836027979850769,6.0,-1.9977993965148926,1.985121250152588,-51.549926698229044,7.534098982810974,10.0,0.0,10.0,30.0,1.0,4.0,70.0,62.0,3.0,98.0,98.0,22.0,31.0,0.0
11797,7.534098982810974,10.0,0.0,10.0,30.0,1.0,4.0,70.0,62.0,3.0,98.0,98.0,22.0,31.0,10.0,-1.4213515520095825,-0.027383463457226753,6.0,-1.9943917989730835,1.927333950996399,-42.9,6.112747430801392,9.972616536542773,0.0,10.0,31.0,2.0,5.0,71.0,63.0,4.0,99.0,99.0,23.0,32.0,0.0
11798,6.112747430801392,9.972616536542773,0.0,10.0,31.0,2.0,5.0,71.0,63.0,4.0,99.0,99.0,23.0,32.0,10.0,1.4635908603668213,1.5875906944274902,6.0,-1.9651947021484375,1.9886397123336792,-59.50207230970263,7.576338291168213,10.0,0.0,10.0,32.0,3.0,6.0,72.0,64.0,5.0,100.0,100.0,24.0,33.0,0.0
11799,7.576338291168213,10.0,0.0,10.0,32.0,3.0,6.0,72.0,64.0,5.0,100.0,100.0,24.0,33.0,10.0,-1.1039438247680664,-0.9761554598808289,6.0,-1.9947752952575684,1.9411849975585938,-44.7,6.4723944664001465,9.023844540119171,0.0,10.0,33.0,4.0,7.0,73.0,65.0,6.0,100.0,100.0,25.0,34.0,1.0
11800,8.409078598022461,8.426676750183105,8.278032302856445,0.11475512385368347,1.0,1.0,1.0,1.0,1.0,1.0,1.0,1.0,1.0,1.0,2.0,-1.9371684789657593,0.21515852212905884,4.0,-1.9761829376220703,-1.955812931060791,-2.4729438759370637,6.471910119056702,8.641835272312164,6.301849365234375,0.0,2.0,2.0,1.0,2.0,1.0,2.0,2.0,2.0,2.0,2.0,0.0
11801,6.471910119056702,8.641835272312164,6.301849365234375,0.0,2.0,2.0,1.0,2.0,1.0,2.0,2.0,2.0,2.0,2.0,2.0,-1.834841012954712,-1.7595112323760986,4.0,-1.9822462797164917,-1.9502429962158203,-3.3950756677875744,4.63706910610199,6.882324039936066,4.319603085517883,0.0,3.0,3.0,1.0,3.0,1.0,3.0,3.0,3.0,3.0,3.0,0.0
11802,4.63706910610199,6.882324039936066,4.319603085517883,0.0,3.0,3.0,1.0,3.0,1.0,3.0,3.0,3.0,3.0,3.0,2.0,-1.2949178218841553,-0.3349722921848297,0.0,-1.7959121465682983,-1.709479570388794,-5.232419337564794,3.3421512842178345,6.547351747751236,2.523690938949585,0.0,1.0,4.0,1.0,4.0,2.0,4.0,4.0,4.0,4.0,4.0,0.0
11803,3.3421512842178345,6.547351747751236,2.523690938949585,0.0,1.0,4.0,1.0,4.0,2.0,4.0,4.0,4.0,4.0,4.0,8.0,1.2616239786148071,-1.282046914100647,0.0,-1.4983078241348267,-1.5515663623809814,-4.785553093449677,4.603775262832642,5.265304833650589,1.0253831148147583,0.0,1.0,5.0,2.0,5.0,3.0,5.0,5.0,5.0,1.0,5.0,0.0
11804,4.603775262832642,5.265304833650589,1.0253831148147583,0.0,1.0,5.0,2.0,5.0,3.0,5.0,5.0,5.0,1.0,5.0,8.0,-1.5995062589645386,-1.4019150733947754,0.0,1.5009347200393677,-1.2309588193893433,-6.958544209132864,3.004269003868103,3.8633897602558136,2.526317834854126,0.0,1.0,6.0,3.0,6.0,4.0,6.0,6.0,6.0,1.0,6.0,0.0
11805,3.004269003868103,3.8633897602558136,2.526317834854126,0.0,1.0,6.0,3.0,6.0,4.0,6.0,6.0,6.0,1.0,6.0,8.0,0.18239673972129822,-0.8773590326309204,0.0,-1.7906066179275513,-0.677497148513794,-8.815801836712634,3.1866657435894012,2.986030727624893,0.7357112169265747,0.0,1.0,7.0,4.0,7.0,5.0,7.0,7.0,7.0,1.0,7.0,0.0
11806,3.1866657435894012,2.986030727624893,0.7357112169265747,0.0,1.0,7.0,4.0,7.0,5.0,7.0,7.0,7.0,1.0,7.0,0.0,-1.8108997344970703,1.0547770261764526,0.0,-1.6356775760650635,-1.7782233953475952,-7.764545215344519,1.375766009092331,4.040807753801346,0.0,0.0,1.0,8.0,5.0,8.0,6.0,8.0,8.0,8.0,2.0,8.0,0.0
11807,1.375766009092331,4.040807753801346,0.0,0.0,1.0,8.0,5.0,8.0,6.0,8.0,8.0,8.0,2.0,8.0,5.0,-1.8451513051986694,1.1676528453826904,3.0,-1.4647283554077148,-0.9561915993690491,-23.25433861338227,0.0,5.208460599184036,0.0,0.0,2.0,9.0,6.0,1.0,7.0,9.0,9.0,9.0,3.0,9.0,0.0
11808,0.0,5.208460599184036,0.0,0.0,2.0,9.0,6.0,1.0,7.0,9.0,9.0,9.0,3.0,9.0,5.0,0.7916805744171143,-1.9108630418777466,5.0,-0.6425776481628418,-1.7405184507369995,-16.314036178774735,0.7916805744171143,3.2975975573062897,0.0,0.0,3.0,10.0,7.0,2.0,8.0,1.0,10.0,10.0,4.0,10.0,0.0
11809,0.7916805744171143,3.2975975573062897,0.0,0.0,3.0,10.0,7.0,2.0,8.0,1.0,10.0,10.0,4.0,10.0,5.0,-0.3598595857620239,-1.5295592546463013,1.0,0.9893667697906494,-1.881675362586975,-19.36386879068781,0.43182098865509033,1.7680383026599884,0.9893667697906494,0.0,4.0,1.0,8.0,3.0,9.0,2.0,11.0,11.0,5.0,11.0,0.0
11810,0.43182098865509033,1.7680383026599884,0.9893667697906494,0.0,4.0,1.0,8.0,3.0,9.0,2.0,11.0,11.0,5.0,11.0,8.0,-0.9654046297073364,1.4803334474563599,6.0,-0.15437598526477814,0.25418707728385925,-17.772669540679814,0.0,3.2483717501163483,0.8349907845258713,0.25418707728385925,5.0,2.0,9.0,4.0,10.0,3.0,12.0,12.0,1.0,12.0,0.0
11811,0.0,3.2483717501163483,0.8349907845258713,0.25418707728385925,5.0,2.0,9.0,4.0,10.0,3.0,12.0,12.0,1.0,12.0,4.0,-1.4646599292755127,0.8747487664222717,0.0,0.8822928071022034,-0.13762541115283966,-30.63953152517503,0.0,4.12312051653862,1.7172835916280746,0.11656166613101959,1.0,3.0,10.0,5.0,1.0,4.0,13.0,13.0,2.0,13.0,0.0
11812,0.0,4.12312051653862,1.7172835916280746,0.11656166613101959,1.0,3.0,10.0,5.0,1.0,4.0,13.0,13.0,2.0,13.0,4.0,-0.3590621054172516,0.026428114622831345,8.0,1.8069815635681152,1.3929890394210815,-19.976477521440216,0.0,4.149548631161451,3.52426515519619,1.5095507055521011,2.0,4.0,11.0,6.0,1.0,5.0,14.0,14.0,1.0,14.0,0.0
11813,0.0,4.149548631161451,3.52426515519619,1.5095507055521011,2.0,4.0,11.0,6.0,1.0,5.0,14.0,14.0,1.0,14.0,9.0,-1.1636918783187866,1.8911141157150269,2.0,0.48375222086906433,-1.0895187854766846,-20.99374142392544,0.0,6.040662746876478,4.008017376065254,0.42003192007541656,3.0,5.0,1.0,7.0,2.0,6.0,15.0,15.0,2.0,1.0,0.0
11814,0.0,6.040662746876478,4.008017376065254,0.42003192007541656,3.0,5.0,1.0,7.0,2.0,6.0,15.0,15.0,2.0,1.0,5.0,-0.5578545331954956,-1.845228910446167,6.0,-1.9781908988952637,-1.5726407766342163,-23.73263097224695,0.0,4.195433836430311,2.0298264771699905,0.0,4.0,6.0,2.0,8.0,3.0,7.0,1.0,16.0,3.0,2.0,0.0
11815,0.0,4.195433836430311,2.0298264771699905,0.0,4.0,6.0,2.0,8.0,3.0,7.0,1.0,16.0,3.0,2.0,1.0,-0.5524191856384277,-1.7201858758926392,1.0,-0.9774476885795593,-0.80128014087677,-18.874286819220195,0.0,2.475247960537672,1.0523787885904312,0.0,5.0,1.0,3.0,9.0,4.0,8.0,2.0,17.0,4.0,3.0,0.0
11816,0.0,2.475247960537672,1.0523787885904312,0.0,5.0,1.0,3.0,9.0,4.0,8.0,2.0,17.0,4.0,3.0,9.0,-0.2166910022497177,-0.0859832614660263,5.0,-1.6438872814178467,1.151568055152893,-9.648474651706184,0.0,2.3892646990716457,0.0,1.151568055152893,6.0,2.0,4.0,10.0,5.0,9.0,3.0,18.0,5.0,1.0,0.0
11817,0.0,2.3892646990716457,0.0,1.151568055152893,6.0,2.0,4.0,10.0,5.0,9.0,3.0,18.0,5.0,1.0,8.0,1.8012515306472778,-0.7378138303756714,0.0,-1.793923258781433,-0.9961581230163574,-13.006203374777492,1.8012515306472778,1.6514508686959743,0.0,0.15540993213653564,1.0,3.0,5.0,11.0,6.0,10.0,4.0,19.0,1.0,2.0,0.0
11818,1.8012515306472778,1.6514508686959743,0.0,0.15540993213653564,1.0,3.0,5.0,11.0,6.0,10.0,4.0,19.0,1.0,2.0,5.0,0.6762739419937134,1.561289668083191,1.0,-0.8032821416854858,-1.3700120449066162,-12.471996852341885,2.477525472640991,3.2127405367791653,0.0,0.0,2.0,1.0,6.0,12.0,7.0,1.0,5.0,20.0,2.0,3.0,0.0
11819,2.477525472640991,3.2127405367791653,0.0,0.0,2.0,1.0,6.0,12.0,7.0,1.0,5.0,20.0,2.0,3.0,10.0,-1.6463561058044434,0.9030364751815796,6.0,-1.1916425228118896,-0.8105134963989258,-6.9,0.8311693668365479,4.115777011960745,0.0,0.0,3.0,2.0,7.0,13.0,8.0,2.0,6.0,21.0,3.0,4.0,0.0
11820,0.8311693668365479,4.115777011960745,0.0,0.0,3.0,2.0,7.0,13.0,8.0,2.0,6.0,21.0,3.0,4.0,10.0,-0.5140073895454407,-1.8434405326843262,1.0,-1.056298851966858,-1.4794713258743286,-7.9,0.3171619772911072,2.2723364792764187,0.0,0.0,4.0,1.0,8.0,14.0,9.0,3.0,7.0,22.0,4.0,5.0,0.0
11821,0.3171619772911072,2.2723364792764187,0.0,0.0,4.0,1.0,8.0,14.0,9.0,3.0,7.0,22.0,4.0,5.0,10.0,-0.006758455652743578,-1.3119763135910034,0.0,-1.950742483139038,-0.26366645097732544,-8.7,0.3104035216383636,0.9603601656854153,0.0,0.0,1.0,2.0,9.0,15.0,10.0,4.0,8.0,23.0,5.0,6.0,0.0
11822,0.3104035216383636,0.9603601656854153,0.0,0.0,1.0,2.0,9.0,15.0,10.0,4.0,8.0,23.0,5.0,6.0,0.0,-1.0087833404541016,0.22569960355758667,1.0,-0.9267167448997498,-1.715588927268982,-17.749074750772984,0.0,1.186059769243002,0.0,0.0,1.0,1.0,10.0,16.0,11.0,5.0,9.0,24.0,6.0,7.0,0.0
11823,0.0,1.186059769243002,0.0,0.0,1.0,1.0,10.0,16.0,11.0,5.0,9.0,24.0,6.0,7.0,0.0,1.537821888923645,1.0976992845535278,1.0,-1.6536900997161865,-0.7458043098449707,-10.481597677852422,1.537821888923645,2.2837590537965298,0.0,0.0,1.0,1.0,11.0,17.0,12.0,6.0,10.0,25.0,7.0,8.0,0.0
11824,1.537821888923645,2.2837590537965298,0.0,0.0,1.0,1.0,11.0,17.0,12.0,6.0,10.0,25.0,7.0,8.0,0.0,1.3413070440292358,0.666330099105835,1.0,-1.0424731969833374,-0.014936437830328941,-11.183192096763202,2.879128932952881,2.9500891529023647,0.0,0.0,1.0,1.0,12.0,18.0,13.0,7.0,11.0,26.0,8.0,9.0,0.0
11825,2.879128932952881,2.9500891529023647,0.0,0.0,1.0,1.0,12.0,18.0,13.0,7.0,11.0,26.0,8.0,9.0,0.0,-0.8217269778251648,1.3526358604431152,2.0,-0.8572723269462585,1.1054191589355469,-13.010282579067567,2.057401955127716,4.30272501334548,0.0,1.1054191589355469,1.0,2.0,13.0,19.0,14.0,8.0,12.0,27.0,9.0,10.0,0.0
11826,2.057401955127716,4.30272501334548,0.0,1.1054191589355469,1.0,2.0,13.0,19.0,14.0,8.0,12.0,27.0,9.0,10.0,0.0,-0.8985776305198669,-1.389451026916504,6.0,-0.8648805618286133,-0.09123866260051727,-13.390027040397753,1.1588243246078491,2.913273986428976,0.0,1.0141804963350296,1.0,3.0,14.0,20.0,15.0,9.0,13.0,28.0,10.0,11.0,0.0
11827,1.1588243246078491,2.913273986428976,0.0,1.0141804963350296,1.0,3.0,14.0,20.0,15.0,9.0,13.0,28.0,10.0,11.0,0.0,1.7945936918258667,1.7374399900436401,1.0,-0.6877641677856445,0.4353177547454834,-14.994021108623594,2.953418016433716,4.650713976472616,0.0,1.449498251080513,1.0,1.0,15.0,21.0,16.0,10.0,14.0,29.0,11.0,12.0,0.0
11828,2.953418016433716,4.650713976472616,0.0,1.449498251080513,1.0,1.0,15.0,21.0,16.0,10.0,14.0,29.0,11.0,12.0,8.0,-0.8104162812232971,-0.0984659418463707,5.0,-0.4713260233402252,0.6956121325492859,-14.936341051743433,2.1430017352104187,4.5522480346262455,0.0,2.145110383629799,2.0,2.0,16.0,22.0,17.0,11.0,15.0,30.0,1.0,13.0,0.0
11829,2.1430017352104187,4.5522480346262455,0.0,2.145110383629799,2.0,2.0,16.0,22.0,17.0,11.0,15.0,30.0,1.0,13.0,0.0,1.1534910202026367,0.9138491153717041,1.0,-1.9538912773132324,0.046291694045066833,-16.306764356371314,3.2964927554130554,5.46609714999795,0.0,2.1914020776748657,1.0,1.0,17.0,23.0,18.0,12.0,16.0,31.0,2.0,14.0,0.0
11830,3.2964927554130554,5.46609714999795,0.0,2.1914020776748657,1.0,1.0,17.0,23.0,18.0,12.0,16.0,31.0,2.0,14.0,0.0,0.1313122808933258,0.7617847323417664,5.0,-1.5622961521148682,0.28801679611206055,-18.048062057579013,3.4278050363063812,6.227881882339716,0.0,2.4794188737869263,1.0,2.0,18.0,24.0,19.0,13.0,17.0,32.0,3.0,15.0,0.0
11831,3.4278050363063812,6.227881882339716,0.0,2.4794188737869263,1.0,2.0,18.0,24.0,19.0,13.0,17.0,32.0,3.0,15.0,1.0,-0.045865241438150406,0.19933393597602844,6.0,-1.9283807277679443,0.1152997612953186,-19.77457447839607,3.381939794868231,6.427215818315744,0.0,2.594718635082245,2.0,1.0,19.0,25.0,20.0,14.0,18.0,33.0,4.0,16.0,0.0
11832,3.381939794868231,6.427215818315744,0.0,2.594718635082245,2.0,1.0,19.0,25.0,20.0,14.0,18.0,33.0,4.0,16.0,8.0,-1.2005729675292969,-1.7161699533462524,4.0,-1.7558321952819824,-1.5586000680923462,-17.67328222652109,2.181366827338934,4.711045864969492,0.0,1.0361185669898987,3.0,2.0,20.0,26.0,21.0,15.0,19.0,34.0,1.0,17.0,0.0
11833,2.181366827338934,4.711045864969492,0.0,1.0361185669898987,3.0,2.0,20.0,26.0,21.0,15.0,19.0,34.0,1.0,17.0,1.0,1.4142005443572998,1.3520666360855103,4.0,-1.963075876235962,0.29628339409828186,-320.51931949345425,3.5955673716962337,6.063112501055002,0.0,1.3324019610881805,4.0,1.0,21.0,27.0,22.0,16.0,20.0,35.0,2.0,18.0,0.0
11834,3.5955673716962337,6.063112501055002,0.0,1.3324019610881805,4.0,1.0,21.0,27.0,22.0,16.0,20.0,35.0,2.0,18.0,0.0,-0.37248706817626953,-1.4683642387390137,1.0,-1.989305853843689,-0.1821013242006302,-318.84722090248357,3.223080303519964,4.5947482623159885,0.0,1.1503006368875504,1.0,1.0,22.0,28.0,23.0,17.0,21.0,36.0,3.0,19.0,0.0
11835,3.223080303519964,4.5947482623159885,0.0,1.1503006368875504,1.0,1.0,22.0,28.0,23.0,17.0,21.0,36.0,3.0,19.0,0.0,0.5960270166397095,1.244673252105713,2.0,-1.8824284076690674,1.5850329399108887,-21.17773496167359,3.8191073201596737,5.839421514421701,0.0,2.735333576798439,1.0,2.0,1.0,29.0,24.0,18.0,22.0,37.0,4.0,20.0,0.0
11836,3.8191073201596737,5.839421514421701,0.0,2.735333576798439,1.0,2.0,1.0,29.0,24.0,18.0,22.0,37.0,4.0,20.0,0.0,-1.2967318296432495,-0.6057376861572266,1.0,-1.8670679330825806,-1.6491236686706543,-19.051120615732977,2.522375490516424,5.233683828264475,0.0,1.0862099081277847,1.0,1.0,2.0,30.0,25.0,19.0,23.0,38.0,5.0,21.0,0.0
11837,2.522375490516424,5.233683828264475,0.0,1.0862099081277847,1.0,1.0,2.0,30.0,25.0,19.0,23.0,38.0,5.0,21.0,5.0,-0.2206142246723175,-1.4955366849899292,1.0,-1.9834065437316895,-1.2909983396530151,-21.95661758583058,2.3017612658441067,3.7381471432745457,0.0,0.0,2.0,1.0,3.0,31.0,26.0,1.0,24.0,39.0,6.0,22.0,0.0
11838,2.3017612658441067,3.7381471432745457,0.0,0.0,2.0,1.0,3.0,31.0,26.0,1.0,24.0,39.0,6.0,22.0,0.0,-0.6992475986480713,-1.706924557685852,1.0,-1.8436201810836792,1.8197319507598877,-16.801450650301078,1.6025136671960354,2.0312225855886936,0.0,1.8197319507598877,1.0,1.0,4.0,32.0,27.0,2.0,25.0,40.0,7.0,23.0,0.0
11839,1.6025136671960354,2.0312225855886936,0.0,1.8197319507598877,1.0,1.0,4.0,32.0,27.0,2.0,25.0,40.0,7.0,23.0,1.0,-1.7297736406326294,0.5245957970619202,10.0,-1.6676340103149414,0.2983100414276123,-26.12308266660141,0.0,2.555818382650614,0.0,2.1180419921875,2.0,1.0,5.0,33.0,28.0,3.0,26.0,41.0,8.0,24.0,0.0
11840,0.0,2.555818382650614,0.0,2.1180419921875,2.0,1.0,5.0,33.0,28.0,3.0,26.0,41.0,8.0,24.0,0.0,-1.7956444025039673,1.1762874126434326,0.0,-1.9738048315048218,1.1734436750411987,-38.17869994865438,0.0,3.7321057952940464,0.0,3.2914856672286987,1.0,2.0,6.0,34.0,29.0,4.0,27.0,42.0,9.0,25.0,0.0
11841,0.0,3.7321057952940464,0.0,3.2914856672286987,1.0,2.0,6.0,34.0,29.0,4.0,27.0,42.0,9.0,25.0,10.0,0.1781507283449173,-1.6492005586624146,1.0,-1.9702098369598389,0.9540838003158569,-18.9,0.1781507283449173,2.082905236631632,0.0,4.245569467544556,2.0,1.0,7.0,35.0,30.0,5.0,28.0,43.0,10.0,26.0,0.0
11842,0.1781507283449173,2.082905236631632,0.0,4.245569467544556,2.0,1.0,7.0,35.0,30.0,5.0,28.0,43.0,10.0,26.0,0.0,-1.1940513849258423,0.7329370379447937,1.0,-1.9479212760925293,-0.613174319267273,-31.47737990400143,0.0,2.8158422745764256,0.0,3.6323951482772827,1.0,1.0,8.0,36.0,31.0,6.0,29.0,44.0,11.0,27.0,0.0
11843,0.0,2.8158422745764256,0.0,3.6323951482772827,1.0,1.0,8.0,36.0,31.0,6.0,29.0,44.0,11.0,27.0,0.0,-0.12415634095668793,-0.6606264114379883,1.0,0.10852823406457901,1.6858227252960205,-23.15810612279966,0.0,2.1552158631384373,0.10852823406457901,5.318217873573303,1.0,1.0,9.0,37.0,32.0,7.0,30.0,45.0,12.0,28.0,0.0
11844,0.0,2.1552158631384373,0.10852823406457901,5.318217873573303,1.0,1.0,9.0,37.0,32.0,7.0,30.0,45.0,12.0,28.0,0.0,-0.7455744743347168,-0.7596842050552368,5.0,-1.9711270332336426,1.0666794776916504,-30.10743635668891,0.0,1.3955316580832005,0.0,6.384897351264954,1.0,2.0,10.0,38.0,33.0,8.0,31.0,46.0,13.0,29.0,0.0
11845,0.0,1.3955316580832005,0.0,6.384897351264954,1.0,2.0,10.0,38.0,33.0,8.0,31.0,46.0,13.0,29.0,0.0,-0.37279775738716125,-0.6287727355957031,1.0,-1.8545584678649902,0.8058134317398071,-27.361312157923123,0.0,0.7667589224874973,0.0,7.190710783004761,1.0,3.0,11.0,39.0,34.0,9.0,32.0,47.0,14.0,30.0,0.0
11846,0.0,0.7667589224874973,0.0,7.190710783004761,1.0,3.0,11.0,39.0,34.0,9.0,32.0,47.0,14.0,30.0,10.0,-1.060925006866455,-0.6488003730773926,1.0,-1.9083212614059448,0.8577988147735596,-33.60925006866455,0.0,0.11795854941010475,0.0,8.04850959777832,2.0,4.0,12.0,40.0,35.0,10.0,33.0,48.0,15.0,31.0,0.0
11847,0.0,0.11795854941010475,0.0,8.04850959777832,2.0,4.0,12.0,40.0,35.0,10.0,33.0,48.0,15.0,31.0,0.0,0.7357655167579651,0.8731516599655151,1.0,-1.9255810976028442,-0.6120651960372925,-24.78978762518613,0.7357655167579651,0.9911102093756199,0.0,7.436444401741028,1.0,5.0,13.0,41.0,36.0,11.0,34.0,49.0,16.0,32.0,0.0
11848,0.7357655167579651,0.9911102093756199,0.0,7.436444401741028,1.0,5.0,13.0,41.0,36.0,11.0,34.0,49.0,16.0,32.0,0.0,-0.1921641081571579,-0.267439603805542,2.0,-1.923850178718567,0.034117501229047775,-25.883670112115,0.5436014086008072,0.7236706055700779,0.0,7.470561902970076,1.0,6.0,1.0,42.0,37.0,12.0,35.0,50.0,17.0,33.0,0.0
11849,0.5436014086008072,0.7236706055700779,0.0,7.470561902970076,1.0,6.0,1.0,42.0,37.0,12.0,35.0,50.0,17.0,33.0,0.0,-0.6769271492958069,0.4275088310241699,6.0,-1.9773613214492798,-0.6364504098892212,-27.202117153695475,0.0,1.1511794365942478,0.0,6.834111493080854,1.0,7.0,2.0,43.0,38.0,13.0,36.0,51.0,18.0,34.0,0.0
11850,0.0,1.1511794365942478,0.0,6.834111493080854,1.0,7.0,2.0,43.0,38.0,13.0,36.0,51.0,18.0,34.0,0.0,-0.6716655492782593,0.10173449665307999,6.0,-1.9929524660110474,-0.852975070476532,-33.47611847906201,0.0,1.2529139332473278,0.0,5.981136422604322,1.0,8.0,3.0,44.0,39.0,14.0,37.0,52.0,19.0,35.0,0.0
11851,0.0,1.2529139332473278,0.0,5.981136422604322,1.0,8.0,3.0,44.0,39.0,14.0,37.0,52.0,19.0,35.0,0.0,-0.9259043335914612,-0.370846152305603,1.0,-1.9623218774795532,1.4274089336395264,-36.96822857115391,0.0,0.8820677809417248,0.0,7.408545356243849,1.0,9.0,4.0,45.0,40.0,15.0,38.0,53.0,20.0,36.0,0.0
11852,0.0,0.8820677809417248,0.0,7.408545356243849,1.0,9.0,4.0,45.0,40.0,15.0,38.0,53.0,20.0,36.0,1.0,-0.13550056517124176,-0.45088693499565125,1.0,-1.944472312927246,-0.6267746090888977,-35.96840761900038,0.0,0.43118084594607353,0.0,6.781770747154951,2.0,1.0,5.0,46.0,41.0,16.0,39.0,54.0,21.0,37.0,0.0
11853,0.0,0.43118084594607353,0.0,6.781770747154951,2.0,1.0,5.0,46.0,41.0,16.0,39.0,54.0,21.0,37.0,0.0,-1.1141459941864014,1.5289688110351562,10.0,-1.9690756797790527,-1.6020325422286987,-39.72427928642111,0.0,1.9601496569812298,0.0,5.179738204926252,1.0,2.0,6.0,47.0,42.0,17.0,40.0,55.0,22.0,38.0,0.0
11854,0.0,1.9601496569812298,0.0,5.179738204926252,1.0,2.0,6.0,47.0,42.0,17.0,40.0,55.0,22.0,38.0,0.0,0.6256800293922424,-0.9864848256111145,5.0,-1.9566807746887207,1.0477982759475708,-28.97173572504734,0.6256800293922424,0.9736648313701153,0.0,6.227536480873823,1.0,3.0,7.0,48.0,43.0,18.0,41.0,56.0,23.0,39.0,0.0
11855,0.6256800293922424,0.9736648313701153,0.0,6.227536480873823,1.0,3.0,7.0,48.0,43.0,18.0,41.0,56.0,23.0,39.0,0.0,-0.9017840027809143,-0.7881972789764404,6.0,-1.9544768333435059,-1.3863080739974976,-33.37887904503725,0.0,0.18546755239367485,0.0,4.841228406876326,1.0,4.0,8.0,49.0,44.0,19.0,42.0,57.0,24.0,40.0,0.0
11856,0.0,0.18546755239367485,0.0,4.841228406876326,1.0,4.0,8.0,49.0,44.0,19.0,42.0,57.0,24.0,40.0,0.0,-1.8413476943969727,-0.15165843069553375,1.0,-1.8995964527130127,-0.30276918411254883,-49.99668287617014,0.0,0.0338091216981411,0.0,4.538459222763777,1.0,1.0,9.0,50.0,45.0,20.0,43.0,58.0,25.0,41.0,0.0
11857,0.0,0.0338091216981411,0.0,4.538459222763777,1.0,1.0,9.0,50.0,45.0,20.0,43.0,58.0,25.0,41.0,8.0,-0.5752888321876526,0.7101457118988037,6.0,-1.8923463821411133,1.014353632926941,-43.26273099690063,0.0,0.7439548335969448,0.0,5.552812855690718,2.0,2.0,10.0,51.0,46.0,21.0,44.0,59.0,1.0,42.0,0.0
11858,0.0,0.7439548335969448,0.0,5.552812855690718,2.0,2.0,10.0,51.0,46.0,21.0,44.0,59.0,1.0,42.0,1.0,-0.8699977397918701,0.5972663164138794,1.0,-1.9738259315490723,-0.9898938536643982,-45.258106503511954,0.0,1.3412211500108242,0.0,4.5629190020263195,3.0,1.0,11.0,52.0,47.0,22.0,45.0,60.0,2.0,43.0,0.0
11859,0.0,1.3412211500108242,0.0,4.5629190020263195,3.0,1.0,11.0,52.0,47.0,22.0,45.0,60.0,2.0,43.0,1.0,-1.6288678646087646,-0.6645358800888062,1.0,-1.9452744722366333,0.38697317242622375,-54.05397251985015,0.0,0.676685269922018,0.0,4.949892174452543,4.0,1.0,12.0,53.0,48.0,23.0,46.0,61.0,3.0,44.0,0.0
11860,0.0,0.676685269922018,0.0,4.949892174452543,4.0,1.0,12.0,53.0,48.0,23.0,46.0,61.0,3.0,44.0,10.0,-1.9097689390182495,-1.205228328704834,1.0,-1.9254636764526367,1.287235975265503,-50.31558771630654,0.0,0.0,0.0,6.237128149718046,5.0,1.0,13.0,54.0,49.0,24.0,47.0,62.0,4.0,45.0,0.0
11861,0.0,0.0,0.0,6.237128149718046,5.0,1.0,13.0,54.0,49.0,24.0,47.0,62.0,4.0,45.0,10.0,-0.7066088914871216,1.4550034999847412,1.0,-1.9834851026535034,-1.4533735513687134,-38.466088914871214,0.0,1.4550034999847412,0.0,4.783754598349333,6.0,1.0,14.0,55.0,50.0,25.0,48.0,63.0,5.0,46.0,0.0
11862,0.0,1.4550034999847412,0.0,4.783754598349333,6.0,1.0,14.0,55.0,50.0,25.0,48.0,63.0,5.0,46.0,10.0,0.5770310163497925,1.1424272060394287,5.0,-1.700995683670044,0.7129095792770386,-32.3,0.5770310163497925,2.59743070602417,0.0,5.496664177626371,7.0,2.0,15.0,56.0,51.0,26.0,49.0,64.0,6.0,47.0,0.0
11863,0.5770310163497925,2.59743070602417,0.0,5.496664177626371,7.0,2.0,15.0,56.0,51.0,26.0,49.0,64.0,6.0,47.0,5.0,-0.9109187126159668,1.0699388980865479,6.0,-1.9431025981903076,1.3776313066482544,-48.267892047329184,0.0,3.6673696041107178,0.0,6.874295484274626,8.0,3.0,16.0,57.0,52.0,27.0,50.0,65.0,7.0,48.0,0.0
11864,0.0,3.6673696041107178,0.0,6.874295484274626,8.0,3.0,16.0,57.0,52.0,27.0,50.0,65.0,7.0,48.0,0.0,0.021475056186318398,0.9855285286903381,1.0,-1.9351747035980225,1.4920883178710938,-36.570918508894806,0.021475056186318398,4.652898132801056,0.0,8.36638380214572,1.0,4.0,17.0,58.0,53.0,28.0,51.0,66.0,8.0,49.0,0.0
11865,0.021475056186318398,4.652898132801056,0.0,8.36638380214572,1.0,4.0,17.0,58.0,53.0,28.0,51.0,66.0,8.0,49.0,1.0,1.77986741065979,0.043544311076402664,4.0,-1.9812510013580322,-0.15067951381206512,-39.19181193122404,1.8013424668461084,4.696442443877459,0.0,8.215704288333654,2.0,1.0,18.0,59.0,54.0,29.0,52.0,67.0,9.0,50.0,0.0
11866,1.8013424668461084,4.696442443877459,0.0,8.215704288333654,2.0,1.0,18.0,59.0,54.0,29.0,52.0,67.0,9.0,50.0,1.0,0.430385559797287,1.3877601623535156,5.0,-1.990098237991333,-1.1608431339263916,-40.670353519833704,2.2317280266433954,6.084202606230974,0.0,7.054861154407263,3.0,1.0,19.0,60.0,55.0,30.0,53.0,68.0,10.0,51.0,0.0
11867,2.2317280266433954,6.084202606230974,0.0,7.054861154407263,3.0,1.0,19.0,60.0,55.0,30.0,53.0,68.0,10.0,51.0,1.0,0.6572052240371704,1.0559897422790527,1.0,-1.9237818717956543,1.5364696979522705,-42.01199950152228,2.888933250680566,7.140192348510027,0.0,8.591330852359533,4.0,1.0,20.0,61.0,56.0,31.0,54.0,69.0,11.0,52.0,0.0
11868,2.888933250680566,7.140192348510027,0.0,8.591330852359533,4.0,1.0,20.0,61.0,56.0,31.0,54.0,69.0,11.0,52.0,1.0,-0.12521979212760925,0.7530381083488464,2.0,-1.986930012702942,1.8675265312194824,-44.2451240554155,2.7637134585529566,7.893230456858873,0.0,10.0,5.0,1.0,1.0,62.0,57.0,32.0,55.0,70.0,12.0,53.0,0.0
11869,2.7637134585529566,7.893230456858873,0.0,10.0,5.0,1.0,1.0,62.0,57.0,32.0,55.0,70.0,12.0,53.0,5.0,-1.285452961921692,-0.7782001495361328,5.0,-1.995751976966858,-0.9558454155921936,-41.090617722379726,1.4782604966312647,7.1150303073227406,0.0,9.044154584407806,6.0,2.0,2.0,63.0,58.0,1.0,56.0,71.0,13.0,54.0,0.0
11870,1.4782604966312647,7.1150303073227406,0.0,9.044154584407806,6.0,2.0,2.0,63.0,58.0,1.0,56.0,71.0,13.0,54.0,1.0,0.5092026591300964,-0.4039914309978485,1.0,-1.9938366413116455,0.8849839568138123,-40.19804797507926,1.9874631557613611,6.711038876324892,0.0,9.929138541221619,7.0,1.0,3.0,64.0,59.0,2.0,57.0,72.0,14.0,55.0,0.0
11871,1.9874631557613611,6.711038876324892,0.0,9.929138541221619,7.0,1.0,3.0,64.0,59.0,2.0,57.0,72.0,14.0,55.0,10.0,-1.2182132005691528,-0.7907913327217102,1.0,-1.9996263980865479,1.6359825134277344,-34.4,0.7692499551922083,5.920247543603182,0.0,10.0,8.0,2.0,4.0,65.0,60.0,3.0,58.0,73.0,15.0,56.0,0.0
11872,0.7692499551922083,5.920247543603182,0.0,10.0,8.0,2.0,4.0,65.0,60.0,3.0,58.0,73.0,15.0,56.0,10.0,-1.1664531230926514,-0.5142861604690552,6.0,-1.9963572025299072,1.6932936906814575,-39.37203167900443,0.0,5.405961383134127,0.0,10.0,9.0,3.0,5.0,66.0,61.0,4.0,59.0,74.0,16.0,57.0,0.0
11873,0.0,5.405961383134127,0.0,10.0,9.0,3.0,5.0,66.0,61.0,4.0,59.0,74.0,16.0,57.0,10.0,-1.5823554992675781,0.8658134341239929,6.0,-1.9973170757293701,1.0556763410568237,-52.22355499267578,0.0,6.27177481725812,0.0,10.0,10.0,4.0,6.0,67.0,62.0,5.0,60.0,75.0,17.0,58.0,0.0
11874,0.0,6.27177481725812,0.0,10.0,10.0,4.0,6.0,67.0,62.0,5.0,60.0,75.0,17.0,58.0,10.0,-0.5232863426208496,0.6284818649291992,6.0,-1.9970612525939941,1.1294156312942505,-42.632863426208495,0.0,6.900256682187319,0.0,10.0,11.0,5.0,7.0,68.0,63.0,6.0,61.0,76.0,18.0,59.0,0.0
11875,0.0,6.900256682187319,0.0,10.0,11.0,5.0,7.0,68.0,63.0,6.0,61.0,76.0,18.0,59.0,0.0,-0.8608794808387756,1.0109384059906006,6.0,-1.9983185529708862,1.0429118871688843,-53.82982528948264,0.0,7.911195088177919,0.0,10.0,1.0,6.0,8.0,69.0,64.0,7.0,62.0,77.0,19.0,60.0,0.0
11876,0.0,7.911195088177919,0.0,10.0,1.0,6.0,8.0,69.0,64.0,7.0,62.0,77.0,19.0,60.0,10.0,-1.0014985799789429,0.01887962780892849,5.0,-1.9970204830169678,-0.5421132445335388,-48.314985799789426,0.0,7.930074715986848,0.0,9.457886755466461,2.0,7.0,9.0,70.0,65.0,8.0,63.0,78.0,20.0,61.0,0.0
11877,0.0,7.930074715986848,0.0,9.457886755466461,2.0,7.0,9.0,70.0,65.0,8.0,63.0,78.0,20.0,61.0,9.0,-1.4371767044067383,-1.092366337776184,1.0,-1.994245171546936,1.381595492362976,-50.97835791147658,0.0,6.837708378210664,0.0,10.0,3.0,8.0,10.0,71.0,66.0,9.0,64.0,79.0,21.0,1.0,0.0
11878,0.0,6.837708378210664,0.0,10.0,3.0,8.0,10.0,71.0,66.0,9.0,64.0,79.0,21.0,1.0,10.0,-0.0006499588489532471,-1.9522312879562378,6.0,-1.997650146484375,0.4158070385456085,-34.206499588489535,0.0,4.885477090254426,0.0,10.0,4.0,9.0,11.0,72.0,67.0,10.0,65.0,80.0,22.0,2.0,0.0
11879,0.0,4.885477090254426,0.0,10.0,4.0,9.0,11.0,72.0,67.0,10.0,65.0,80.0,22.0,2.0,10.0,-0.14072057604789734,-1.6651314496994019,6.0,-1.9954718351364136,0.04964970424771309,-36.607205760478976,0.0,3.220345640555024,0.0,10.0,5.0,10.0,12.0,73.0,68.0,11.0,66.0,81.0,23.0,3.0,0.0
11880,0.0,3.220345640555024,0.0,10.0,5.0,10.0,12.0,73.0,68.0,11.0,66.0,81.0,23.0,3.0,1.0,-0.044906340539455414,-1.8959070444107056,6.0,-1.9789412021636963,-0.1474342793226242,-43.613264820601,0.0,1.3244385961443186,0.0,9.852565720677376,6.0,1.0,13.0,74.0,69.0,12.0,67.0,82.0,24.0,4.0,0.0
11881,0.0,1.3244385961443186,0.0,9.852565720677376,6.0,1.0,13.0,74.0,69.0,12.0,67.0,82.0,24.0,4.0,10.0,-1.713670015335083,-1.4350762367248535,6.0,-1.9894628524780273,1.5768287181854248,-53.37237784633151,0.0,0.0,0.0,10.0,7.0,2.0,14.0,75.0,70.0,13.0,68.0,83.0,25.0,5.0,0.0
11882,0.0,0.0,0.0,10.0,7.0,2.0,14.0,75.0,70.0,13.0,68.0,83.0,25.0,5.0,10.0,-1.9527881145477295,-0.4677447974681854,6.0,-1.9882413148880005,1.0496392250061035,-57.280255515997375,0.0,0.0,0.0,10.0,8.0,3.0,15.0,76.0,71.0,14.0,69.0,84.0,26.0,6.0,0.0
11883,0.0,0.0,0.0,10.0,8.0,3.0,15.0,76.0,71.0,14.0,69.0,84.0,26.0,6.0,10.0,-1.5093910694122314,-1.7905652523040771,6.0,-1.9727752208709717,1.4515210390090942,-61.61876453440737,0.0,0.0,0.0,10.0,9.0,4.0,16.0,77.0,72.0,15.0,70.0,85.0,27.0,7.0,0.0
11884,0.0,0.0,0.0,10.0,9.0,4.0,16.0,77.0,72.0,15.0,70.0,85.0,27.0,7.0,10.0,-1.625336766242981,-1.563816785812378,6.0,-1.9980418682098389,0.8526856303215027,-61.75491641148277,0.0,0.0,0.0,10.0,10.0,5.0,17.0,78.0,73.0,16.0,71.0,86.0,28.0,8.0,0.0
11885,0.0,0.0,0.0,10.0,10.0,5.0,17.0,78.0,73.0,16.0,71.0,86.0,28.0,8.0,10.0,-0.9939600825309753,-1.710298776626587,6.0,-1.994057059288025,0.849595308303833,-59.98150285240074,0.0,0.0,0.0,10.0,11.0,6.0,18.0,79.0,74.0,17.0,72.0,87.0,29.0,9.0,0.0
11886,0.0,0.0,0.0,10.0,11.0,6.0,18.0,79.0,74.0,17.0,72.0,87.0,29.0,9.0,0.0,-1.8098950386047363,-1.5067256689071655,6.0,-1.9992457628250122,-1.0716480016708374,-65.54857439872914,0.0,0.0,0.0,8.928351998329163,1.0,7.0,19.0,80.0,75.0,18.0,73.0,88.0,30.0,10.0,0.0
11887,0.0,0.0,0.0,8.928351998329163,1.0,7.0,19.0,80.0,75.0,18.0,73.0,88.0,30.0,10.0,10.0,-1.7829346656799316,0.022966567426919937,6.0,-1.9995914697647095,-0.28109923005104065,-58.92934665679932,0.0,0.022966567426919937,0.0,8.647252768278122,2.0,8.0,20.0,81.0,76.0,19.0,74.0,89.0,31.0,11.0,0.0
11888,0.0,0.022966567426919937,0.0,8.647252768278122,2.0,8.0,20.0,81.0,76.0,19.0,74.0,89.0,31.0,11.0,10.0,-1.892902135848999,-0.9427364468574524,6.0,-1.9963651895523071,0.40846991539001465,-63.14532044662033,0.0,0.0,0.0,9.055722683668137,3.0,9.0,21.0,82.0,77.0,20.0,75.0,90.0,32.0,12.0,0.0
11889,0.0,0.0,0.0,9.055722683668137,3.0,9.0,21.0,82.0,77.0,20.0,75.0,90.0,32.0,12.0,10.0,-1.7579702138900757,-1.781035304069519,6.0,-1.998430848121643,1.6969246864318848,-68.12507947493219,0.0,0.0,0.0,10.0,4.0,10.0,22.0,83.0,78.0,21.0,76.0,91.0,33.0,13.0,0.0
11890,0.0,0.0,0.0,10.0,4.0,10.0,22.0,83.0,78.0,21.0,76.0,91.0,33.0,13.0,10.0,-1.7034472227096558,-1.54655122756958,6.0,-1.9998656511306763,0.6009143590927124,-67.10772292091117,0.0,0.0,0.0,10.0,5.0,11.0,23.0,84.0,79.0,22.0,77.0,92.0,34.0,14.0,0.0
11891,0.0,0.0,0.0,10.0,5.0,11.0,23.0,84.0,79.0,22.0,77.0,92.0,34.0,14.0,10.0,-1.5237401723861694,-1.9246416091918945,6.0,-1.9994288682937622,0.19826702773571014,-69.64797229258701,0.0,0.0,0.0,10.0,6.0,12.0,24.0,85.0,80.0,23.0,78.0,93.0,35.0,15.0,0.0
11892,0.0,0.0,0.0,10.0,6.0,12.0,24.0,85.0,80.0,23.0,78.0,93.0,35.0,15.0,10.0,-1.6850932836532593,0.5028623938560486,6.0,-1.9995626211166382,1.5011687278747559,-62.950932836532594,0.0,0.5028623938560486,0.0,10.0,7.0,13.0,25.0,86.0,81.0,24.0,79.0,94.0,36.0,16.0,0.0
11893,0.0,0.5028623938560486,0.0,10.0,7.0,13.0,25.0,86.0,81.0,24.0,79.0,94.0,36.0,16.0,10.0,-1.538532018661499,-1.120537281036377,6.0,-1.9991141557693481,1.5720195770263672,-63.67891141993303,0.0,0.0,0.0,10.0,8.0,14.0,26.0,87.0,82.0,25.0,80.0,95.0,37.0,17.0,0.0
11894,0.0,0.0,0.0,10.0,8.0,14.0,26.0,87.0,82.0,25.0,80.0,95.0,37.0,17.0,0.0,-1.8595370054244995,0.7558826804161072,6.0,-1.9949049949645996,1.4388142824172974,-67.53119519496722,0.0,0.7558826804161072,0.0,10.0,1.0,15.0,27.0,88.0,83.0,26.0,81.0,96.0,38.0,18.0,0.0
11895,0.0,0.7558826804161072,0.0,10.0,1.0,15.0,27.0,88.0,83.0,26.0,81.0,96.0,38.0,18.0,10.0,-1.4481481313705444,-1.4369674921035767,4.0,-1.997186541557312,1.2031700611114502,-64.30315447373846,0.0,0.0,0.0,10.0,2.0,16.0,28.0,89.0,84.0,27.0,82.0,97.0,39.0,19.0,0.0
11896,0.0,0.0,0.0,10.0,2.0,16.0,28.0,89.0,84.0,27.0,82.0,97.0,39.0,19.0,0.0,-1.5356968641281128,0.5346795916557312,6.0,-1.9977295398712158,1.6627756357192993,-66.15140438234985,0.0,0.5346795916557312,0.0,10.0,1.0,17.0,29.0,90.0,85.0,28.0,83.0,98.0,40.0,20.0,0.0
11897,0.0,0.5346795916557312,0.0,10.0,1.0,17.0,29.0,90.0,85.0,28.0,83.0,98.0,40.0,20.0,0.0,-1.6213442087173462,0.7846440672874451,6.0,-1.993563175201416,0.7383750677108765,-67.7685018979072,0.0,1.3193236589431763,0.0,10.0,1.0,18.0,30.0,91.0,86.0,29.0,84.0,99.0,41.0,21.0,0.0
11898,0.0,1.3193236589431763,0.0,10.0,1.0,18.0,30.0,91.0,86.0,29.0,84.0,99.0,41.0,21.0,10.0,-1.733932375907898,-0.8476746082305908,6.0,-1.996383547782898,1.1827417612075806,-68.33932375907898,0.0,0.47164905071258545,0.0,10.0,2.0,19.0,31.0,92.0,87.0,30.0,85.0,100.0,42.0,22.0,0.0
11899,0.0,0.47164905071258545,0.0,10.0,2.0,19.0,31.0,92.0,87.0,30.0,85.0,100.0,42.0,22.0,10.0,-0.7365028858184814,-1.7904835939407349,6.0,-1.9965087175369263,0.5699809193611145,-67.00549917490565,0.0,0.0,0.0,10.0,3.0,20.0,32.0,93.0,88.0,31.0,86.0,100.0,43.0,23.0,1.0
11900,2.670403003692627,9.998758316040039,1.1968327760696411,4.900895118713379,1.0,1.0,1.0,1.0,1.0,1.0,1.0,1.0,1.0,1.0,2.0,-1.9657193422317505,-0.8831849098205566,0.0,-1.3080066442489624,-1.9708811044692993,-7.954508056630452,0.7046836614608765,9.115573406219482,0.0,2.9300140142440796,1.0,2.0,1.0,2.0,2.0,2.0,2.0,2.0,2.0,2.0,0.0
11901,0.7046836614608765,9.115573406219482,0.0,2.9300140142440796,1.0,2.0,1.0,2.0,2.0,2.0,2.0,2.0,2.0,2.0,2.0,-1.8986672163009644,-1.7423901557922363,0.0,-0.8821781277656555,-1.976933240890503,-21.36517173785279,0.0,7.373183250427246,0.0,0.9530807733535767,1.0,3.0,1.0,3.0,3.0,3.0,3.0,3.0,3.0,3.0,0.0
11902,0.0,7.373183250427246,0.0,0.9530807733535767,1.0,3.0,1.0,3.0,3.0,3.0,3.0,3.0,3.0,3.0,2.0,-0.4922603368759155,-1.8609778881072998,0.0,-0.778793454170227,-1.9771571159362793,-15.469450965765132,0.0,5.512205362319946,0.0,0.0,1.0,4.0,1.0,4.0,4.0,4.0,4.0,4.0,4.0,4.0,0.0
11903,0.0,5.512205362319946,0.0,0.0,1.0,4.0,1.0,4.0,4.0,4.0,4.0,4.0,4.0,4.0,8.0,0.45431581139564514,-1.0018107891082764,1.0,-0.8282445669174194,0.03154969587922096,-7.488990630846178,0.45431581139564514,4.51039457321167,0.0,0.03154969587922096,2.0,1.0,2.0,5.0,5.0,5.0,5.0,5.0,1.0,5.0,0.0
11904,0.45431581139564514,4.51039457321167,0.0,0.03154969587922096,2.0,1.0,2.0,5.0,5.0,5.0,5.0,5.0,1.0,5.0,8.0,0.313344806432724,-0.29149797558784485,1.0,-0.26414594054222107,-1.0766346454620361,-7.94311689988644,0.7676606178283691,4.218896597623825,0.0,0.0,3.0,1.0,3.0,6.0,6.0,6.0,6.0,6.0,1.0,6.0,0.0
11905,0.7676606178283691,4.218896597623825,0.0,0.0,3.0,1.0,3.0,6.0,6.0,6.0,6.0,6.0,1.0,6.0,8.0,0.7271577715873718,-1.6888269186019897,4.0,-1.4443919658660889,-1.763599157333374,-10.256302056095087,1.494818389415741,2.5300696790218353,0.0,0.0,4.0,2.0,4.0,7.0,7.0,7.0,7.0,7.0,1.0,7.0,0.0
11906,1.494818389415741,2.5300696790218353,0.0,0.0,4.0,2.0,4.0,7.0,7.0,7.0,7.0,7.0,1.0,7.0,8.0,-0.6337262988090515,0.7873710989952087,4.0,-1.4725648164749146,-0.6885884404182434,-10.593714398902215,0.8610920906066895,3.317440778017044,0.0,0.0,5.0,3.0,5.0,8.0,8.0,8.0,8.0,8.0,1.0,8.0,0.0
11907,0.8610920906066895,3.317440778017044,0.0,0.0,5.0,3.0,5.0,8.0,8.0,8.0,8.0,8.0,1.0,8.0,8.0,-0.49796876311302185,1.4621713161468506,2.0,-1.8038755655288696,-0.7892209887504578,-10.452244254832213,0.3631233274936676,4.779612094163895,0.0,0.0,6.0,4.0,6.0,9.0,9.0,9.0,9.0,9.0,1.0,9.0,0.0
11908,0.3631233274936676,4.779612094163895,0.0,0.0,6.0,4.0,6.0,9.0,9.0,9.0,9.0,9.0,1.0,9.0,8.0,1.7254018783569336,-0.42328691482543945,8.0,-1.8702030181884766,-0.003774638520553708,-10.253146226343132,2.088525205850601,4.356325179338455,0.0,0.0,7.0,5.0,7.0,10.0,10.0,10.0,10.0,10.0,1.0,10.0,0.0
11909,2.088525205850601,4.356325179338455,0.0,0.0,7.0,5.0,7.0,10.0,10.0,10.0,10.0,10.0,1.0,10.0,8.0,-1.6596412658691406,-1.3739391565322876,1.0,1.2495919466018677,1.3128540515899658,-14.195064423964208,0.42888393998146057,2.9823860228061676,1.2495919466018677,1.3128540515899658,8.0,1.0,8.0,11.0,11.0,11.0,11.0,11.0,1.0,11.0,0.0
11910,0.42888393998146057,2.9823860228061676,1.2495919466018677,1.3128540515899658,8.0,1.0,8.0,11.0,11.0,11.0,11.0,11.0,1.0,11.0,8.0,-1.2225438356399536,1.2916942834854126,1.0,-1.7731847763061523,-0.3393417000770569,-21.484615426474583,0.0,4.27408030629158,0.0,0.9735123515129089,9.0,1.0,9.0,12.0,12.0,12.0,12.0,12.0,1.0,12.0,0.0
11911,0.0,4.27408030629158,0.0,0.9735123515129089,9.0,1.0,9.0,12.0,12.0,12.0,12.0,12.0,1.0,12.0,8.0,0.6950498819351196,-0.0049843089655041695,4.0,-1.2958011627197266,0.9672676920890808,-13.566022573395674,0.6950498819351196,4.269095997326076,0.0,1.9407800436019897,10.0,2.0,10.0,13.0,13.0,13.0,13.0,13.0,1.0,13.0,0.0
11912,0.6950498819351196,4.269095997326076,0.0,1.9407800436019897,10.0,2.0,10.0,13.0,13.0,13.0,13.0,13.0,1.0,13.0,8.0,-0.31421157717704773,0.9743707180023193,4.0,-1.7060565948486328,0.13373398780822754,-13.974492445376274,0.3808383047580719,5.243466715328395,0.0,2.0745140314102173,11.0,3.0,11.0,14.0,14.0,14.0,14.0,14.0,1.0,14.0,0.0
11913,0.3808383047580719,5.243466715328395,0.0,2.0745140314102173,11.0,3.0,11.0,14.0,14.0,14.0,14.0,14.0,1.0,14.0,8.0,-1.006395936012268,1.7255111932754517,1.0,-0.10653594881296158,-1.6724746227264404,-20.834283904082326,0.0,6.968977908603847,0.0,0.40203940868377686,12.0,1.0,12.0,15.0,15.0,15.0,15.0,15.0,1.0,15.0,0.0
11914,0.0,6.968977908603847,0.0,0.40203940868377686,12.0,1.0,12.0,15.0,15.0,15.0,15.0,15.0,1.0,15.0,8.0,0.07157406210899353,1.289441466331482,4.0,-1.4476549625396729,0.8553538918495178,-15.13619819615468,0.07157406210899353,8.258419374935329,0.0,1.2573933005332947,13.0,2.0,13.0,16.0,16.0,16.0,16.0,16.0,1.0,16.0,0.0
11915,0.07157406210899353,8.258419374935329,0.0,1.2573933005332947,13.0,2.0,13.0,16.0,16.0,16.0,16.0,16.0,1.0,16.0,8.0,-1.589316964149475,0.7808162569999695,4.0,-1.367712378501892,-0.27347928285598755,-31.5796622016508,0.0,9.039235631935298,0.0,0.9839140176773071,14.0,3.0,14.0,17.0,17.0,17.0,17.0,17.0,1.0,17.0,0.0
11916,0.0,9.039235631935298,0.0,0.9839140176773071,14.0,3.0,14.0,17.0,17.0,17.0,17.0,17.0,1.0,17.0,8.0,-0.40220409631729126,1.5538411140441895,0.0,-1.9194320440292358,-0.35494309663772583,-25.06969837907745,0.0,10.0,0.0,0.6289709210395813,1.0,4.0,15.0,18.0,18.0,18.0,18.0,18.0,1.0,18.0,0.0
11917,0.0,10.0,0.0,0.6289709210395813,1.0,4.0,15.0,18.0,18.0,18.0,18.0,18.0,1.0,18.0,8.0,-0.21984772384166718,-0.04628889635205269,1.0,-1.9476509094238281,-0.8968060612678528,-19.56668545634228,0.0,9.953711103647947,0.0,0.0,2.0,1.0,16.0,19.0,19.0,19.0,19.0,19.0,1.0,19.0,0.0
11918,0.0,9.953711103647947,0.0,0.0,2.0,1.0,16.0,19.0,19.0,19.0,19.0,19.0,1.0,19.0,8.0,0.5759550333023071,0.44784441590309143,5.0,-1.641636848449707,-0.993803083896637,-21.256538205275398,0.5759550333023071,10.0,0.0,0.0,3.0,2.0,17.0,20.0,20.0,20.0,20.0,20.0,1.0,20.0,0.0
11919,0.5759550333023071,10.0,0.0,0.0,3.0,2.0,17.0,20.0,20.0,20.0,20.0,20.0,1.0,20.0,8.0,-0.08394313603639603,-0.778611958026886,0.0,-1.3256279230117798,-0.9429391026496887,-17.72171938459565,0.4920118972659111,9.221388041973114,0.0,0.0,1.0,3.0,18.0,21.0,21.0,21.0,21.0,21.0,1.0,21.0,0.0
11920,0.4920118972659111,9.221388041973114,0.0,0.0,1.0,3.0,18.0,21.0,21.0,21.0,21.0,21.0,1.0,21.0,8.0,-0.2615845799446106,0.5590956211090088,0.0,-1.6227229833602905,0.45857346057891846,-18.9635940118752,0.2304273173213005,9.780483663082123,0.0,0.45857346057891846,1.0,4.0,19.0,22.0,22.0,22.0,22.0,22.0,1.0,22.0,0.0
11921,0.2304273173213005,9.780483663082123,0.0,0.45857346057891846,1.0,4.0,19.0,22.0,22.0,22.0,22.0,22.0,1.0,22.0,8.0,-1.4070539474487305,1.1132447719573975,0.0,-1.658629059791565,0.3739476501941681,-34.97940816579154,0.0,10.0,0.0,0.8325211107730865,1.0,5.0,20.0,23.0,23.0,23.0,23.0,23.0,1.0,23.0,0.0
11922,0.0,10.0,0.0,0.8325211107730865,1.0,5.0,20.0,23.0,23.0,23.0,23.0,23.0,1.0,23.0,8.0,-0.23682056367397308,-0.3523447513580322,0.0,-1.942075490951538,1.3686347007751465,-23.118131212127736,0.0,9.647655248641968,0.0,2.201155811548233,1.0,6.0,21.0,24.0,24.0,24.0,24.0,24.0,1.0,24.0,0.0
11923,0.0,9.647655248641968,0.0,2.201155811548233,1.0,6.0,21.0,24.0,24.0,24.0,24.0,24.0,1.0,24.0,8.0,-0.7045899629592896,-1.1572701930999756,4.0,-1.7152122259140015,-0.5293386578559875,-28.032933326120236,0.0,8.490385055541992,0.0,1.6718171536922455,2.0,7.0,22.0,25.0,25.0,25.0,25.0,25.0,1.0,25.0,0.0
11924,0.0,8.490385055541992,0.0,1.6718171536922455,2.0,7.0,22.0,25.0,25.0,25.0,25.0,25.0,1.0,25.0,5.0,0.7577454447746277,0.90500807762146,1.0,-1.907596230506897,-0.6111924052238464,-31.640607890910108,0.7577454447746277,9.395393133163452,0.0,1.060624748468399,3.0,1.0,23.0,26.0,26.0,26.0,26.0,26.0,2.0,26.0,0.0
11925,0.7577454447746277,9.395393133163452,0.0,1.060624748468399,3.0,1.0,23.0,26.0,26.0,26.0,26.0,26.0,2.0,26.0,8.0,-1.8251382112503052,0.7486875653266907,0.0,-1.7168406248092651,1.897657036781311,-33.67448147749032,0.0,10.0,0.0,2.95828178524971,1.0,2.0,24.0,27.0,27.0,27.0,27.0,27.0,1.0,27.0,0.0
11926,0.0,10.0,0.0,2.95828178524971,1.0,2.0,24.0,27.0,27.0,27.0,27.0,27.0,1.0,27.0,8.0,-1.0789920091629028,0.3726326525211334,1.0,-1.9145176410675049,1.677695393562317,-34.91899791479507,0.0,10.0,0.0,4.635977178812027,2.0,1.0,25.0,28.0,28.0,28.0,28.0,28.0,1.0,28.0,0.0
11927,0.0,10.0,0.0,4.635977178812027,2.0,1.0,25.0,28.0,28.0,28.0,28.0,28.0,1.0,28.0,8.0,-1.8331202268600464,1.6953336000442505,2.0,-1.92270827293396,-0.03952125832438469,-49.17270228391136,0.0,10.0,0.0,4.596455920487642,3.0,2.0,1.0,29.0,29.0,29.0,29.0,29.0,1.0,29.0,0.0
11928,0.0,10.0,0.0,4.596455920487642,3.0,2.0,1.0,29.0,29.0,29.0,29.0,29.0,1.0,29.0,8.0,-1.583625078201294,-1.4160710573196411,1.0,-1.952508568763733,-0.6419262290000916,-37.653360584693864,0.0,8.583928942680359,0.0,3.9545296914875507,4.0,1.0,2.0,30.0,30.0,30.0,30.0,30.0,1.0,30.0,0.0
11929,0.0,8.583928942680359,0.0,3.9545296914875507,4.0,1.0,2.0,30.0,30.0,30.0,30.0,30.0,1.0,30.0,5.0,0.32198435068130493,-1.7265751361846924,4.0,-1.9893131256103516,-0.4777373671531677,-30.85610398406584,0.32198435068130493,6.8573538064956665,0.0,3.476792324334383,5.0,2.0,3.0,31.0,1.0,31.0,31.0,31.0,2.0,31.0,0.0
11930,0.32198435068130493,6.8573538064956665,0.0,3.476792324334383,5.0,2.0,3.0,31.0,1.0,31.0,31.0,31.0,2.0,31.0,5.0,-0.8032997250556946,0.675383985042572,1.0,-1.9855380058288574,-0.07256760448217392,-34.96119165545022,0.0,7.5327377915382385,0.0,3.404224719852209,6.0,1.0,4.0,32.0,2.0,32.0,32.0,32.0,3.0,32.0,0.0
11931,0.0,7.5327377915382385,0.0,3.404224719852209,6.0,1.0,4.0,32.0,2.0,32.0,32.0,32.0,3.0,32.0,5.0,1.707991123199463,-0.5719464421272278,1.0,-1.9518629312515259,0.25790131092071533,-23.301293531261663,1.707991123199463,6.960791349411011,0.0,3.6621260307729244,7.0,1.0,5.0,33.0,3.0,1.0,33.0,33.0,4.0,33.0,0.0
11932,1.707991123199463,6.960791349411011,0.0,3.6621260307729244,7.0,1.0,5.0,33.0,3.0,1.0,33.0,33.0,4.0,33.0,9.0,-1.9050254821777344,0.31172558665275574,6.0,-1.3713937997817993,0.09474333375692368,-18.92352573997023,0.0,7.2725169360637665,0.0,3.756869364529848,8.0,2.0,6.0,34.0,4.0,2.0,34.0,34.0,5.0,1.0,0.0
11933,0.0,7.2725169360637665,0.0,3.756869364529848,8.0,2.0,6.0,34.0,4.0,2.0,34.0,34.0,5.0,1.0,10.0,1.7010092735290527,-1.3810317516326904,6.0,-1.932410478591919,0.4925477206707001,-14.0,1.7010092735290527,5.891485184431076,0.0,4.249417085200548,9.0,3.0,7.0,35.0,5.0,3.0,35.0,35.0,6.0,2.0,0.0
11934,1.7010092735290527,5.891485184431076,0.0,4.249417085200548,9.0,3.0,7.0,35.0,5.0,3.0,35.0,35.0,6.0,2.0,10.0,-1.768189787864685,0.5064209699630737,6.0,-1.9664876461029053,-1.6380996704101562,-15.671805143356323,0.0,6.39790615439415,0.0,2.611317414790392,10.0,4.0,8.0,36.0,6.0,4.0,36.0,36.0,7.0,3.0,0.0
11935,0.0,6.39790615439415,0.0,2.611317414790392,10.0,4.0,8.0,36.0,6.0,4.0,36.0,36.0,7.0,3.0,10.0,-1.078418254852295,0.3239065110683441,6.0,-1.9675302505493164,-0.44329288601875305,-26.78418254852295,0.0,6.721812665462494,0.0,2.168024528771639,11.0,5.0,9.0,37.0,7.0,5.0,37.0,37.0,8.0,4.0,0.0
11936,0.0,6.721812665462494,0.0,2.168024528771639,11.0,5.0,9.0,37.0,7.0,5.0,37.0,37.0,8.0,4.0,5.0,0.16427047550678253,1.670729160308838,1.0,-1.8968042135238647,-0.6230873465538025,-29.709027645492945,0.16427047550678253,8.392541825771332,0.0,1.5449371822178364,12.0,1.0,10.0,38.0,8.0,6.0,38.0,38.0,9.0,5.0,0.0
11937,0.16427047550678253,8.392541825771332,0.0,1.5449371822178364,12.0,1.0,10.0,38.0,8.0,6.0,38.0,38.0,9.0,5.0,10.0,-1.3879618644714355,1.6369786262512207,6.0,-1.984649419784546,0.27201026678085327,-29.7404741432424,0.0,10.0,0.0,1.8169474489986897,13.0,2.0,11.0,39.0,9.0,7.0,39.0,39.0,10.0,6.0,0.0
11938,0.0,10.0,0.0,1.8169474489986897,13.0,2.0,11.0,39.0,9.0,7.0,39.0,39.0,10.0,6.0,5.0,-0.14988140761852264,0.6467698812484741,6.0,-1.9545239210128784,0.17021618783473969,-40.36784418249113,0.0,10.0,0.0,1.9871636368334293,14.0,3.0,12.0,40.0,10.0,8.0,40.0,40.0,11.0,7.0,0.0
11939,0.0,10.0,0.0,1.9871636368334293,14.0,3.0,12.0,40.0,10.0,8.0,40.0,40.0,11.0,7.0,8.0,-0.5470796227455139,0.6081657409667969,6.0,-1.991959810256958,-1.4854211807250977,-30.183980327497302,0.0,10.0,0.0,0.5017424561083317,15.0,4.0,13.0,41.0,11.0,9.0,41.0,41.0,1.0,8.0,0.0
11940,0.0,10.0,0.0,0.5017424561083317,15.0,4.0,13.0,41.0,11.0,9.0,41.0,41.0,1.0,8.0,10.0,1.0555840730667114,-0.41939136385917664,6.0,-1.9177848100662231,-0.22293417155742645,-19.4,1.0555840730667114,9.580608636140823,0.0,0.2788082845509052,16.0,5.0,14.0,42.0,12.0,10.0,42.0,42.0,2.0,9.0,0.0
11941,1.0555840730667114,9.580608636140823,0.0,0.2788082845509052,16.0,5.0,14.0,42.0,12.0,10.0,42.0,42.0,2.0,9.0,10.0,0.416258305311203,-0.03969031944870949,6.0,-1.9192142486572266,0.8264486193656921,-20.4,1.4718423783779144,9.540918316692114,0.0,1.1052569039165974,17.0,6.0,15.0,43.0,13.0,11.0,43.0,43.0,3.0,10.0,0.0
11942,1.4718423783779144,9.540918316692114,0.0,1.1052569039165974,17.0,6.0,15.0,43.0,13.0,11.0,43.0,43.0,3.0,10.0,5.0,-1.6219395399093628,-0.6781877875328064,6.0,-1.944153070449829,1.5607551336288452,-36.56742812215388,0.0,8.862730529159307,0.0,2.6660120375454426,18.0,7.0,16.0,44.0,14.0,12.0,44.0,44.0,4.0,11.0,0.0
11943,0.0,8.862730529159307,0.0,2.6660120375454426,18.0,7.0,16.0,44.0,14.0,12.0,44.0,44.0,4.0,11.0,10.0,-0.402908056974411,0.7911165952682495,1.0,-1.9960517883300781,-1.2137529850006104,-26.42908056974411,0.0,9.653847124427557,0.0,1.4522590525448322,19.0,1.0,17.0,45.0,15.0,13.0,45.0,45.0,5.0,12.0,0.0
11944,0.0,9.653847124427557,0.0,1.4522590525448322,19.0,1.0,17.0,45.0,15.0,13.0,45.0,45.0,5.0,12.0,5.0,-1.8086912631988525,0.8190767765045166,6.0,-1.990116000175476,-1.7713794708251953,-56.62372553259878,0.0,10.0,0.0,0.0,20.0,2.0,18.0,46.0,16.0,14.0,46.0,46.0,6.0,13.0,0.0
11945,0.0,10.0,0.0,0.0,20.0,2.0,18.0,46.0,16.0,14.0,46.0,46.0,6.0,13.0,5.0,-0.06986241787672043,-1.7418913841247559,1.0,-1.9853476285934448,0.47615525126457214,-37.39774130045748,0.0,8.258108615875244,0.0,0.47615525126457214,21.0,1.0,19.0,47.0,17.0,15.0,47.0,47.0,7.0,14.0,0.0
11946,0.0,8.258108615875244,0.0,0.47615525126457214,21.0,1.0,19.0,47.0,17.0,15.0,47.0,47.0,7.0,14.0,0.0,0.0013132093008607626,1.4089630842208862,1.0,-1.9754122495651245,-0.20050087571144104,-36.38744330659981,0.0013132093008607626,9.66707170009613,0.0,0.2756543755531311,22.0,1.0,20.0,48.0,18.0,16.0,48.0,48.0,8.0,15.0,0.0
11947,0.0013132093008607626,9.66707170009613,0.0,0.2756543755531311,22.0,1.0,20.0,48.0,18.0,16.0,48.0,48.0,8.0,15.0,8.0,-1.27919602394104,0.5604732036590576,6.0,-1.9817575216293335,0.8278658390045166,-41.18358501889629,0.0,10.0,0.0,1.1035202145576477,23.0,2.0,21.0,49.0,19.0,17.0,49.0,49.0,1.0,16.0,0.0
11948,0.0,10.0,0.0,1.1035202145576477,23.0,2.0,21.0,49.0,19.0,17.0,49.0,49.0,1.0,16.0,9.0,-0.38658374547958374,0.29585886001586914,1.0,-1.9759858846664429,-0.04734450951218605,-37.58680358761501,0.0,10.0,0.0,1.0561757050454617,24.0,1.0,22.0,50.0,20.0,18.0,50.0,50.0,2.0,1.0,0.0
11949,0.0,10.0,0.0,1.0561757050454617,24.0,1.0,22.0,50.0,20.0,18.0,50.0,50.0,2.0,1.0,5.0,-0.5747374296188354,-1.5015406608581543,1.0,-1.9826679229736328,1.2609654664993286,-43.79820304707082,0.0,8.498459339141846,0.0,2.3171411715447903,25.0,1.0,23.0,51.0,21.0,19.0,51.0,51.0,3.0,2.0,0.0
11950,0.0,8.498459339141846,0.0,2.3171411715447903,25.0,1.0,23.0,51.0,21.0,19.0,51.0,51.0,3.0,2.0,10.0,-1.6939133405685425,-1.6558420658111572,2.0,-1.9897873401641846,-0.5067675709724426,-42.63913340568543,0.0,6.8426172733306885,0.0,1.8103736005723476,26.0,2.0,24.0,52.0,22.0,20.0,52.0,52.0,4.0,3.0,0.0
11951,0.0,6.8426172733306885,0.0,1.8103736005723476,26.0,2.0,24.0,52.0,22.0,20.0,52.0,52.0,4.0,3.0,5.0,-1.4003862142562866,1.9349275827407837,2.0,-1.973348617553711,-0.839381217956543,-54.26943813920583,0.0,8.777544856071472,0.0,0.9709923826158047,27.0,3.0,25.0,53.0,23.0,21.0,53.0,53.0,5.0,4.0,0.0
11952,0.0,8.777544856071472,0.0,0.9709923826158047,27.0,3.0,25.0,53.0,23.0,21.0,53.0,53.0,5.0,4.0,5.0,-0.35831108689308167,-1.084238052368164,1.0,-1.9928264617919922,-1.7905842065811157,-43.761215607456364,0.0,7.693306803703308,0.0,0.0,28.0,1.0,26.0,54.0,24.0,22.0,54.0,54.0,6.0,5.0,0.0
11953,0.0,7.693306803703308,0.0,0.0,28.0,1.0,26.0,54.0,24.0,22.0,54.0,54.0,6.0,5.0,8.0,-1.3482354879379272,0.1973988264799118,6.0,-1.9396076202392578,0.3090357482433319,-43.94101576724509,0.0,7.89070563018322,0.0,0.3090357482433319,29.0,2.0,27.0,55.0,25.0,23.0,55.0,55.0,1.0,6.0,0.0
11954,0.0,7.89070563018322,0.0,0.3090357482433319,29.0,2.0,27.0,55.0,25.0,23.0,55.0,55.0,1.0,6.0,8.0,-1.1208908557891846,0.8384210467338562,2.0,-1.8582717180252075,0.7117054462432861,-42.77807517801777,0.0,8.729126676917076,0.0,1.020741194486618,30.0,3.0,28.0,56.0,26.0,24.0,56.0,56.0,1.0,7.0,0.0
11955,0.0,8.729126676917076,0.0,1.020741194486618,30.0,3.0,28.0,56.0,26.0,24.0,56.0,56.0,1.0,7.0,5.0,-0.8667554259300232,1.8269248008728027,2.0,-1.9355651140213013,1.7123602628707886,-55.22660518606396,0.0,10.0,0.0,2.7331014573574066,31.0,4.0,1.0,57.0,27.0,25.0,57.0,57.0,2.0,8.0,0.0
11956,0.0,10.0,0.0,2.7331014573574066,31.0,4.0,1.0,57.0,27.0,25.0,57.0,57.0,2.0,8.0,5.0,-0.6182889938354492,0.998349666595459,2.0,-1.9877461194992065,-1.4787405729293823,-54.8717621207862,0.0,10.0,0.0,1.2543608844280243,32.0,5.0,2.0,58.0,28.0,26.0,58.0,58.0,3.0,9.0,0.0
11957,0.0,10.0,0.0,1.2543608844280243,32.0,5.0,2.0,58.0,28.0,26.0,58.0,58.0,3.0,9.0,10.0,-1.1995891332626343,1.385367751121521,1.0,-1.9940876960754395,-1.9408745765686035,-47.22555018134325,0.0,10.0,0.0,0.0,33.0,1.0,3.0,59.0,29.0,27.0,59.0,59.0,4.0,10.0,0.0
11958,0.0,10.0,0.0,0.0,33.0,1.0,3.0,59.0,29.0,27.0,59.0,59.0,4.0,10.0,10.0,-0.616223931312561,0.6507601141929626,2.0,-1.997855544090271,-1.155904769897461,-38.36225786142502,0.0,10.0,0.0,0.0,34.0,2.0,4.0,60.0,30.0,28.0,60.0,60.0,5.0,11.0,0.0
11959,0.0,10.0,0.0,0.0,34.0,2.0,4.0,60.0,30.0,28.0,60.0,60.0,5.0,11.0,5.0,-1.263426661491394,1.1512123346328735,2.0,-1.9817677736282349,-1.7822372913360596,-62.72125352750633,0.0,10.0,0.0,0.0,35.0,3.0,5.0,61.0,31.0,29.0,61.0,61.0,6.0,12.0,0.0
11960,0.0,10.0,0.0,0.0,35.0,3.0,5.0,61.0,31.0,29.0,61.0,61.0,6.0,12.0,5.0,0.8653678297996521,1.5720425844192505,2.0,-1.9918125867843628,-1.6441384553909302,-60.1850051422025,0.8653678297996521,10.0,0.0,0.0,36.0,4.0,6.0,62.0,32.0,30.0,62.0,62.0,7.0,13.0,0.0
11961,0.8653678297996521,10.0,0.0,0.0,36.0,4.0,6.0,62.0,32.0,30.0,62.0,62.0,7.0,13.0,5.0,-0.8953210711479187,-1.559719443321228,6.0,-1.9905426502227783,-1.1622265577316284,-45.887789611325275,0.0,8.440280556678772,0.0,0.0,37.0,5.0,7.0,63.0,33.0,31.0,63.0,63.0,8.0,14.0,0.0
11962,0.0,8.440280556678772,0.0,0.0,37.0,5.0,7.0,63.0,33.0,31.0,63.0,63.0,8.0,14.0,5.0,-1.3811546564102173,1.2416199445724487,1.0,-1.9683196544647217,-0.6947726607322693,-61.962926371162716,0.0,9.68190050125122,0.0,0.0,38.0,1.0,8.0,64.0,34.0,32.0,64.0,64.0,9.0,15.0,0.0
11963,0.0,9.68190050125122,0.0,0.0,38.0,1.0,8.0,64.0,34.0,32.0,64.0,64.0,9.0,15.0,8.0,-1.780636191368103,1.2124515771865845,2.0,-1.9976024627685547,-1.7076400518417358,-56.529941021406785,0.0,10.0,0.0,0.0,39.0,2.0,9.0,65.0,35.0,33.0,65.0,65.0,1.0,16.0,0.0
11964,0.0,10.0,0.0,0.0,39.0,2.0,9.0,65.0,35.0,33.0,65.0,65.0,1.0,16.0,5.0,-0.5559136867523193,0.5320075750350952,2.0,-1.9898186922073364,-1.649808645248413,-56.92337206357973,0.0,10.0,0.0,0.0,40.0,3.0,10.0,66.0,36.0,34.0,66.0,66.0,2.0,17.0,0.0
11965,0.0,10.0,0.0,0.0,40.0,3.0,10.0,66.0,36.0,34.0,66.0,66.0,2.0,17.0,5.0,-0.4397682547569275,0.47090548276901245,1.0,-1.9952949285507202,-0.3729061186313629,-56.67194867452395,0.0,10.0,0.0,0.0,41.0,1.0,11.0,67.0,37.0,35.0,67.0,67.0,3.0,18.0,0.0
11966,0.0,10.0,0.0,0.0,41.0,1.0,11.0,67.0,37.0,35.0,67.0,67.0,3.0,18.0,5.0,-1.0087025165557861,-0.4983849823474884,2.0,-1.989961862564087,-1.437664270401001,-60.281778519466826,0.0,9.501615017652512,0.0,0.0,42.0,2.0,12.0,68.0,38.0,36.0,68.0,68.0,4.0,19.0,0.0
11967,0.0,9.501615017652512,0.0,0.0,42.0,2.0,12.0,68.0,38.0,36.0,68.0,68.0,4.0,19.0,5.0,-0.4444768726825714,1.6724469661712646,2.0,-1.9952985048294067,-0.09588687121868134,-64.48255911201817,0.0,10.0,0.0,0.0,43.0,3.0,13.0,69.0,39.0,37.0,69.0,69.0,5.0,20.0,0.0
11968,0.0,10.0,0.0,0.0,43.0,3.0,13.0,69.0,39.0,37.0,69.0,69.0,5.0,20.0,5.0,-1.2799277305603027,0.7621421813964844,1.0,-1.9918625354766846,-0.22087541222572327,-67.825312355527,0.0,10.0,0.0,0.0,44.0,1.0,14.0,70.0,40.0,38.0,70.0,70.0,6.0,21.0,0.0
11969,0.0,10.0,0.0,0.0,44.0,1.0,14.0,70.0,40.0,38.0,70.0,70.0,6.0,21.0,1.0,-0.4413459897041321,1.5260688066482544,2.0,-1.9591830968856812,-0.2083716094493866,-70.75482026691229,0.0,10.0,0.0,0.0,45.0,2.0,15.0,71.0,41.0,39.0,71.0,71.0,7.0,22.0,0.0
11970,0.0,10.0,0.0,0.0,45.0,2.0,15.0,71.0,41.0,39.0,71.0,71.0,7.0,22.0,8.0,-0.9902980923652649,0.6591368913650513,2.0,-1.993111491203308,0.03721680864691734,-54.199765102969,0.0,10.0,0.0,0.03721680864691734,46.0,3.0,16.0,72.0,42.0,40.0,72.0,72.0,1.0,23.0,0.0
11971,0.0,10.0,0.0,0.03721680864691734,46.0,3.0,16.0,72.0,42.0,40.0,72.0,72.0,1.0,23.0,8.0,-0.23618564009666443,0.4630866050720215,2.0,-1.9960863590240479,-1.3632004261016846,-48.40214263989362,0.0,10.0,0.0,0.0,47.0,4.0,17.0,73.0,43.0,41.0,73.0,73.0,1.0,24.0,0.0
11972,0.0,10.0,0.0,0.0,47.0,4.0,17.0,73.0,43.0,41.0,73.0,73.0,1.0,24.0,8.0,-0.38583287596702576,1.3149468898773193,2.0,-1.993668794631958,0.14957094192504883,-57.80759008727124,0.0,10.0,0.0,0.14957094192504883,48.0,5.0,18.0,74.0,44.0,42.0,74.0,74.0,1.0,25.0,0.0
11973,0.0,10.0,0.0,0.14957094192504883,48.0,5.0,18.0,74.0,44.0,42.0,74.0,74.0,1.0,25.0,5.0,-0.2992287278175354,0.6907834410667419,2.0,-1.9979394674301147,-0.34804847836494446,-64.2568280681613,0.0,10.0,0.0,0.0,49.0,6.0,19.0,75.0,45.0,43.0,75.0,75.0,2.0,26.0,0.0
11974,0.0,10.0,0.0,0.0,49.0,6.0,19.0,75.0,45.0,43.0,75.0,75.0,2.0,26.0,8.0,1.0974153280258179,1.8050587177276611,2.0,-1.9937468767166138,-0.974266767501831,-62.78021183286343,1.0974153280258179,10.0,0.0,0.0,50.0,7.0,20.0,76.0,46.0,44.0,76.0,76.0,1.0,27.0,0.0
11975,1.0974153280258179,10.0,0.0,0.0,50.0,7.0,20.0,76.0,46.0,44.0,76.0,76.0,1.0,27.0,5.0,0.4437335133552551,-0.004275196231901646,2.0,-1.9909261465072632,0.21110095083713531,-54.82934574323335,1.541148841381073,9.995724803768098,0.0,0.21110095083713531,51.0,8.0,21.0,77.0,47.0,45.0,77.0,77.0,2.0,28.0,0.0
11976,1.541148841381073,9.995724803768098,0.0,0.21110095083713531,51.0,8.0,21.0,77.0,47.0,45.0,77.0,77.0,2.0,28.0,8.0,0.14440388977527618,0.7687511444091797,2.0,-1.9917211532592773,1.1238549947738647,-53.698792736612745,1.6855527311563492,10.0,0.0,1.334955945611,52.0,9.0,22.0,78.0,48.0,46.0,78.0,78.0,1.0,29.0,0.0
11977,1.6855527311563492,10.0,0.0,1.334955945611,52.0,9.0,22.0,78.0,48.0,46.0,78.0,78.0,1.0,29.0,8.0,-0.5630955696105957,1.4402222633361816,1.0,-1.9985610246658325,0.14706039428710938,-61.809411815368414,1.1224571615457535,10.0,0.0,1.4820163398981094,53.0,1.0,23.0,79.0,49.0,47.0,79.0,79.0,1.0,30.0,0.0
11978,1.1224571615457535,10.0,0.0,1.4820163398981094,53.0,1.0,23.0,79.0,49.0,47.0,79.0,79.0,1.0,30.0,8.0,0.799736738204956,1.8058202266693115,2.0,-1.9932533502578735,1.2419430017471313,-64.85113038617925,1.9221938997507095,10.0,0.0,2.723959341645241,54.0,2.0,1.0,80.0,50.0,48.0,80.0,80.0,1.0,31.0,0.0
11979,1.9221938997507095,10.0,0.0,2.723959341645241,54.0,2.0,1.0,80.0,50.0,48.0,80.0,80.0,1.0,31.0,8.0,-0.8669005632400513,1.7488113641738892,2.0,-1.9980627298355103,-1.772690773010254,-63.55591472850867,1.0552933365106583,10.0,0.0,0.9512685686349869,55.0,3.0,2.0,81.0,51.0,49.0,81.0,81.0,1.0,32.0,0.0
11980,1.0552933365106583,10.0,0.0,0.9512685686349869,55.0,3.0,2.0,81.0,51.0,49.0,81.0,81.0,1.0,32.0,5.0,-1.0368460416793823,1.7972004413604736,5.0,-1.9983716011047363,-1.7356106042861938,-77.75219853864074,0.01844729483127594,10.0,0.0,0.0,56.0,4.0,3.0,82.0,52.0,50.0,82.0,82.0,2.0,33.0,0.0
11981,0.01844729483127594,10.0,0.0,0.0,56.0,4.0,3.0,82.0,52.0,50.0,82.0,82.0,2.0,33.0,5.0,-0.24567878246307373,1.322962999343872,5.0,-1.9975095987319946,-0.5159383416175842,-74.25210742876683,0.0,10.0,0.0,0.0,57.0,5.0,4.0,83.0,53.0,51.0,83.0,83.0,3.0,34.0,0.0
11982,0.0,10.0,0.0,0.0,57.0,5.0,4.0,83.0,53.0,51.0,83.0,83.0,3.0,34.0,5.0,0.14327813684940338,1.1955950260162354,2.0,-1.977995753288269,-1.643223762512207,-73.41034430636152,0.14327813684940338,10.0,0.0,0.0,58.0,6.0,5.0,84.0,54.0,52.0,84.0,84.0,4.0,35.0,0.0
11983,0.14327813684940338,10.0,0.0,0.0,58.0,6.0,5.0,84.0,54.0,52.0,84.0,84.0,4.0,35.0,8.0,-1.0355623960494995,1.264014482498169,2.0,-1.984926462173462,-1.2159299850463867,-66.2759955098844,0.0,10.0,0.0,0.0,59.0,7.0,6.0,85.0,55.0,53.0,85.0,85.0,1.0,36.0,0.0
11984,0.0,10.0,0.0,0.0,59.0,7.0,6.0,85.0,55.0,53.0,85.0,85.0,1.0,36.0,8.0,-0.15330001711845398,0.8755427002906799,2.0,-1.9936728477478027,-0.31375521421432495,-60.59237146387623,0.0,10.0,0.0,0.0,60.0,8.0,7.0,86.0,56.0,54.0,86.0,86.0,1.0,37.0,0.0
11985,0.0,10.0,0.0,0.0,60.0,8.0,7.0,86.0,56.0,54.0,86.0,86.0,1.0,37.0,8.0,0.05908188223838806,1.4876424074172974,2.0,-1.9918797016143799,-1.289053201675415,-67.40745359386274,0.05908188223838806,10.0,0.0,0.0,61.0,9.0,8.0,87.0,57.0,55.0,87.0,87.0,1.0,38.0,0.0
11986,0.05908188223838806,10.0,0.0,0.0,61.0,9.0,8.0,87.0,57.0,55.0,87.0,87.0,1.0,38.0,5.0,1.1357753276824951,1.4003645181655884,1.0,-1.9957698583602905,0.29223379492759705,-76.30523741508983,1.1948572099208832,10.0,0.0,0.29223379492759705,62.0,1.0,9.0,88.0,58.0,56.0,88.0,88.0,2.0,39.0,0.0
11987,1.1948572099208832,10.0,0.0,0.29223379492759705,62.0,1.0,9.0,88.0,58.0,56.0,88.0,88.0,2.0,39.0,8.0,0.3733522593975067,1.000329852104187,2.0,-1.998641848564148,-0.733519971370697,-61.943657324734346,1.56820946931839,10.0,0.0,0.0,63.0,2.0,10.0,89.0,59.0,57.0,89.0,89.0,1.0,40.0,0.0
11988,1.56820946931839,10.0,0.0,0.0,63.0,2.0,10.0,89.0,59.0,57.0,89.0,89.0,1.0,40.0,8.0,-1.0817557573318481,0.9674257636070251,1.0,-1.995355248451233,-0.8021016120910645,-63.51148380136229,0.48645371198654175,10.0,0.0,0.0,64.0,1.0,11.0,90.0,60.0,58.0,90.0,90.0,1.0,41.0,0.0
11989,0.48645371198654175,10.0,0.0,0.0,64.0,1.0,11.0,90.0,60.0,58.0,90.0,90.0,1.0,41.0,8.0,-1.5176876783370972,1.0927283763885498,2.0,-1.997588872909546,-0.9775831699371338,-70.12872520104393,0.0,10.0,0.0,0.0,65.0,2.0,12.0,91.0,61.0,59.0,91.0,91.0,1.0,42.0,0.0
11990,0.0,10.0,0.0,0.0,65.0,2.0,12.0,91.0,61.0,59.0,91.0,91.0,1.0,42.0,8.0,-1.5963026285171509,-0.20441074669361115,2.0,-1.998022437095642,-0.9827240109443665,-71.81483443825536,0.0,9.795589253306389,0.0,0.0,66.0,3.0,13.0,92.0,62.0,60.0,92.0,92.0,1.0,43.0,0.0
11991,0.0,9.795589253306389,0.0,0.0,66.0,3.0,13.0,92.0,62.0,60.0,92.0,92.0,1.0,43.0,8.0,-0.4898841679096222,0.19477520883083344,2.0,-1.9994052648544312,-0.9062985777854919,-61.795138528009005,0.0,9.990364462137222,0.0,0.0,67.0,4.0,14.0,93.0,63.0,61.0,93.0,93.0,1.0,44.0,0.0
11992,0.0,9.990364462137222,0.0,0.0,67.0,4.0,14.0,93.0,63.0,61.0,93.0,93.0,1.0,44.0,8.0,-0.727834165096283,1.3853996992111206,2.0,-1.9985660314559937,-1.2969492673873901,-73.36803475559321,0.0,10.0,0.0,0.0,68.0,5.0,15.0,94.0,64.0,62.0,94.0,94.0,1.0,45.0,0.0
11993,0.0,10.0,0.0,0.0,68.0,5.0,15.0,94.0,64.0,62.0,94.0,94.0,1.0,45.0,8.0,0.21415826678276062,1.1291800737380981,2.0,-1.9991854429244995,-1.2933111190795898,-69.73710336987122,0.21415826678276062,10.0,0.0,0.0,69.0,6.0,16.0,95.0,65.0,63.0,95.0,95.0,1.0,46.0,0.0
11994,0.21415826678276062,10.0,0.0,0.0,69.0,6.0,16.0,95.0,65.0,63.0,95.0,95.0,1.0,46.0,8.0,-0.9405677914619446,1.8531464338302612,2.0,-1.999583125114441,-0.9167750477790833,-79.50807742587011,0.0,10.0,0.0,0.0,70.0,7.0,17.0,96.0,66.0,64.0,96.0,96.0,1.0,47.0,0.0
11995,0.0,10.0,0.0,0.0,70.0,7.0,17.0,96.0,66.0,64.0,96.0,96.0,1.0,47.0,8.0,1.3111292123794556,1.7438141107559204,2.0,-1.9977898597717285,-1.278262734413147,-76.58254515499966,1.3111292123794556,10.0,0.0,0.0,71.0,8.0,18.0,97.0,67.0,65.0,97.0,97.0,1.0,48.0,0.0
11996,1.3111292123794556,10.0,0.0,0.0,71.0,8.0,18.0,97.0,67.0,65.0,97.0,97.0,1.0,48.0,8.0,1.2428730726242065,1.850209355354309,1.0,-1.9964444637298584,-1.565468668937683,-77.74993450926816,2.554002285003662,10.0,0.0,0.0,72.0,1.0,19.0,98.0,68.0,66.0,98.0,98.0,1.0,49.0,0.0
11997,2.554002285003662,10.0,0.0,0.0,72.0,1.0,19.0,98.0,68.0,66.0,98.0,98.0,1.0,49.0,8.0,-1.2821605205535889,1.4049468040466309,2.0,-1.999513030052185,-1.3282928466796875,-74.22685938098714,1.2718417644500732,10.0,0.0,0.0,73.0,2.0,20.0,99.0,69.0,67.0,99.0,99.0,1.0,50.0,0.0
11998,1.2718417644500732,10.0,0.0,0.0,73.0,2.0,20.0,99.0,69.0,67.0,99.0,99.0,1.0,50.0,8.0,0.5166934132575989,1.9113996028900146,1.0,-1.9982870817184448,-1.069610357284546,-79.79578541123679,1.7885351777076721,10.0,0.0,0.0,74.0,1.0,21.0,100.0,70.0,68.0,100.0,100.0,1.0,51.0,0.0
11999,1.7885351777076721,10.0,0.0,0.0,74.0,1.0,21.0,100.0,70.0,68.0,100.0,100.0,1.0,51.0,8.0,0.20120401680469513,1.9694823026657104,2.0,-1.9930773973464966,-0.027747102081775665,-80.64495104509948,1.9897391945123672,10.0,0.0,0.0,75.0,2.0,22.0,100.0,71.0,69.0,100.0,100.0,1.0,52.0,1.0
12000,7.900261402130127,1.2221391201019287,1.9428998231887817,8.786300659179688,1.0,1.0,1.0,1.0,1.0,1.0,1.0,1.0,1.0,1.0,5.0,-1.9769923686981201,1.8767679929733276,4.0,-1.9878144264221191,-1.9906288385391235,-3.644322979011873,5.923269033432007,3.0989071130752563,0.0,6.795671820640564,2.0,2.0,2.0,2.0,1.0,1.0,2.0,2.0,2.0,2.0,0.0
12001,5.923269033432007,3.0989071130752563,0.0,6.795671820640564,2.0,2.0,2.0,2.0,1.0,1.0,2.0,2.0,2.0,2.0,5.0,-1.9887031316757202,1.3775602579116821,0.0,-0.8487423658370972,-1.9908419847488403,-6.128177612452396,3.9345659017562866,4.4764673709869385,0.0,4.804829835891724,1.0,3.0,3.0,3.0,2.0,1.0,3.0,3.0,3.0,3.0,0.0
12002,3.9345659017562866,4.4764673709869385,0.0,4.804829835891724,1.0,3.0,3.0,3.0,2.0,1.0,3.0,3.0,3.0,3.0,5.0,-1.8532638549804688,0.3385041654109955,0.0,-1.2590126991271973,-1.646445631980896,-9.946257436795422,2.081302046775818,4.814971536397934,0.0,3.1583842039108276,1.0,4.0,4.0,4.0,3.0,1.0,4.0,4.0,4.0,4.0,0.0
12003,2.081302046775818,4.814971536397934,0.0,3.1583842039108276,1.0,4.0,4.0,4.0,3.0,1.0,4.0,4.0,4.0,4.0,8.0,-0.33645227551460266,-1.3918638229370117,0.0,-0.7609091997146606,-1.1360979080200195,-7.4195467568844755,1.7448497712612152,3.4231077134609222,0.0,2.022286295890808,1.0,5.0,5.0,5.0,4.0,2.0,5.0,5.0,1.0,5.0,0.0
12004,1.7448497712612152,3.4231077134609222,0.0,2.022286295890808,1.0,5.0,5.0,5.0,4.0,2.0,5.0,5.0,1.0,5.0,9.0,0.10307963192462921,-1.5467326641082764,0.0,-1.881519079208374,-1.4680280685424805,-4.71659800940676,1.8479294031858444,1.8763750493526459,0.0,0.5542582273483276,1.0,6.0,6.0,6.0,5.0,3.0,6.0,6.0,2.0,1.0,0.0
12005,1.8479294031858444,1.8763750493526459,0.0,0.5542582273483276,1.0,6.0,6.0,6.0,5.0,3.0,6.0,6.0,2.0,1.0,5.0,-0.055446602404117584,0.705349862575531,0.0,-1.8068311214447021,-0.8026914596557617,-12.935020413806651,1.7924828007817268,2.581724911928177,0.0,0.0,1.0,7.0,7.0,7.0,6.0,1.0,7.0,7.0,3.0,2.0,0.0
12006,1.7924828007817268,2.581724911928177,0.0,0.0,1.0,7.0,7.0,7.0,6.0,1.0,7.0,7.0,3.0,2.0,10.0,-1.116315484046936,-1.2351038455963135,4.0,-1.6262322664260864,-1.0308148860931396,-5.8,0.6761673167347908,1.3466210663318634,0.0,0.0,2.0,8.0,8.0,8.0,7.0,2.0,8.0,8.0,4.0,3.0,0.0
12007,0.6761673167347908,1.3466210663318634,0.0,0.0,2.0,8.0,8.0,8.0,7.0,2.0,8.0,8.0,4.0,3.0,2.0,1.850098729133606,-0.6595518589019775,5.0,-1.8223923444747925,1.625125765800476,-14.77976679314974,2.5262660458683968,0.6870692074298859,0.0,1.625125765800476,3.0,9.0,1.0,9.0,8.0,3.0,9.0,9.0,5.0,4.0,0.0
12008,2.5262660458683968,0.6870692074298859,0.0,1.625125765800476,3.0,9.0,1.0,9.0,8.0,3.0,9.0,9.0,5.0,4.0,5.0,-1.7170268297195435,0.08303747326135635,3.0,-0.6548776030540466,-1.435818076133728,-19.09616883370911,0.8092392161488533,0.7701066806912422,0.0,0.18930768966674805,4.0,10.0,2.0,1.0,9.0,4.0,10.0,10.0,6.0,5.0,0.0
12009,0.8092392161488533,0.7701066806912422,0.0,0.18930768966674805,4.0,10.0,2.0,1.0,9.0,4.0,10.0,10.0,6.0,5.0,8.0,-0.11362172663211823,-0.5054843425750732,8.0,0.2748314142227173,-1.6020294427871704,-16.461793221279656,0.6956174895167351,0.264622338116169,0.2748314142227173,0.0,5.0,11.0,3.0,2.0,10.0,5.0,11.0,11.0,1.0,6.0,0.0
12010,0.6956174895167351,0.264622338116169,0.2748314142227173,0.0,5.0,11.0,3.0,2.0,10.0,5.0,11.0,11.0,1.0,6.0,9.0,-1.6025283336639404,-0.1353365033864975,4.0,-1.4446909427642822,-1.6367778778076172,-18.370213413368027,0.0,0.12928583472967148,0.0,0.0,6.0,12.0,4.0,3.0,11.0,6.0,12.0,12.0,2.0,1.0,0.0
12011,0.0,0.12928583472967148,0.0,0.0,6.0,12.0,4.0,3.0,11.0,6.0,12.0,12.0,2.0,1.0,10.0,-1.1169896125793457,-1.3823596239089966,0.0,-0.24048587679862976,-1.0905461311340332,-24.686481810487834,0.0,0.0,0.0,0.0,1.0,13.0,5.0,4.0,12.0,7.0,13.0,13.0,3.0,2.0,0.0
12012,0.0,0.0,0.0,0.0,1.0,13.0,5.0,4.0,12.0,7.0,13.0,13.0,3.0,2.0,10.0,1.072222352027893,-0.9926257729530334,0.0,-1.7370866537094116,-1.3737545013427734,-18.226257729530335,1.072222352027893,0.0,0.0,0.0,1.0,14.0,6.0,5.0,13.0,8.0,14.0,14.0,4.0,3.0,0.0
12013,1.072222352027893,0.0,0.0,0.0,1.0,14.0,6.0,5.0,13.0,8.0,14.0,14.0,4.0,3.0,1.0,-1.6862956285476685,0.3073025047779083,0.0,-1.0532934665679932,-1.179148554801941,-22.435960722558505,0.0,0.3073025047779083,0.0,0.0,1.0,1.0,7.0,6.0,14.0,9.0,15.0,15.0,5.0,4.0,0.0
12014,0.0,0.3073025047779083,0.0,0.0,1.0,1.0,7.0,6.0,14.0,9.0,15.0,15.0,5.0,4.0,5.0,-1.5566599369049072,1.5003056526184082,2.0,-0.8902115821838379,0.7857608199119568,-37.200011048941064,0.0,1.8076081573963165,0.0,0.7857608199119568,2.0,2.0,8.0,7.0,15.0,10.0,16.0,16.0,6.0,5.0,0.0
12015,0.0,1.8076081573963165,0.0,0.7857608199119568,2.0,2.0,8.0,7.0,15.0,10.0,16.0,16.0,6.0,5.0,8.0,-1.3464194536209106,1.8121212720870972,4.0,-0.7166295051574707,1.1651033163070679,-27.532951989773757,0.0,3.6197294294834137,0.0,1.9508641362190247,3.0,3.0,9.0,8.0,16.0,11.0,17.0,17.0,1.0,6.0,0.0
12016,0.0,3.6197294294834137,0.0,1.9508641362190247,3.0,3.0,9.0,8.0,16.0,11.0,17.0,17.0,1.0,6.0,5.0,1.547805905342102,0.13672907650470734,2.0,0.8206424713134766,0.6149196028709412,-16.886306717454445,1.547805905342102,3.756458505988121,0.8206424713134766,2.565783739089966,4.0,4.0,1.0,9.0,17.0,1.0,18.0,18.0,2.0,7.0,0.0
12017,1.547805905342102,3.756458505988121,0.8206424713134766,2.565783739089966,4.0,4.0,1.0,9.0,17.0,1.0,18.0,18.0,2.0,7.0,10.0,1.8809505701065063,-1.3895334005355835,2.0,-1.3552672863006592,1.3206218481063843,-9.1,3.4287564754486084,2.3669251054525375,0.0,3.88640558719635,5.0,5.0,1.0,10.0,18.0,2.0,19.0,19.0,3.0,8.0,0.0
12018,3.4287564754486084,2.3669251054525375,0.0,3.88640558719635,5.0,5.0,1.0,10.0,18.0,2.0,19.0,19.0,3.0,8.0,5.0,-0.7182350754737854,-1.2089022397994995,0.0,-1.578376293182373,-1.5717397928237915,-17.43822186795413,2.710521399974823,1.158022865653038,0.0,2.3146657943725586,1.0,6.0,2.0,11.0,19.0,1.0,20.0,20.0,4.0,9.0,0.0
12019,2.710521399974823,1.158022865653038,0.0,2.3146657943725586,1.0,6.0,2.0,11.0,19.0,1.0,20.0,20.0,4.0,9.0,4.0,-1.486594557762146,-0.6430586576461792,6.0,1.590752124786377,0.9158541560173035,-17.7782192522905,1.223926842212677,0.5149642080068588,1.590752124786377,3.230519950389862,2.0,7.0,3.0,12.0,1.0,2.0,21.0,21.0,5.0,10.0,0.0
12020,1.223926842212677,0.5149642080068588,1.590752124786377,3.230519950389862,2.0,7.0,3.0,12.0,1.0,2.0,21.0,21.0,5.0,10.0,5.0,1.1243432760238647,0.0829620286822319,1.0,-0.43019577860832214,0.6461508870124817,-18.224415263150817,2.3482701182365417,0.5979262366890907,1.1605563461780548,3.8766708374023438,3.0,1.0,4.0,13.0,2.0,1.0,22.0,22.0,6.0,11.0,0.0
12021,2.3482701182365417,0.5979262366890907,1.1605563461780548,3.8766708374023438,3.0,1.0,4.0,13.0,2.0,1.0,22.0,22.0,6.0,11.0,9.0,0.0536612793803215,1.0336676836013794,6.0,-1.5927969217300415,-1.4377821683883667,-8.846733660712705,2.4019313976168633,1.6315939202904701,0.0,2.438888669013977,4.0,2.0,5.0,14.0,3.0,2.0,23.0,23.0,7.0,1.0,0.0
12022,2.4019313976168633,1.6315939202904701,0.0,2.438888669013977,4.0,2.0,5.0,14.0,3.0,2.0,23.0,23.0,7.0,1.0,8.0,1.25490403175354,-1.1564456224441528,6.0,-1.8724499940872192,0.398078978061676,-16.522277020766964,3.6568354293704033,0.4751482978463173,0.0,2.836967647075653,5.0,3.0,6.0,15.0,4.0,3.0,24.0,24.0,1.0,2.0,0.0
12023,3.6568354293704033,0.4751482978463173,0.0,2.836967647075653,5.0,3.0,6.0,15.0,4.0,3.0,24.0,24.0,1.0,2.0,5.0,-0.9084774851799011,-0.6057846546173096,6.0,-1.7029094696044922,1.0671519041061401,-19.86397845012418,2.748357944190502,0.0,0.0,3.904119551181793,6.0,4.0,7.0,16.0,5.0,1.0,25.0,25.0,2.0,3.0,0.0
12024,2.748357944190502,0.0,0.0,3.904119551181793,6.0,4.0,7.0,16.0,5.0,1.0,25.0,25.0,2.0,3.0,5.0,-0.3663433790206909,1.2887996435165405,6.0,-1.6685433387756348,1.1289912462234497,-18.391426849347383,2.3820145651698112,1.2887996435165405,0.0,5.033110797405243,7.0,5.0,8.0,17.0,6.0,1.0,26.0,26.0,3.0,4.0,0.0
12025,2.3820145651698112,1.2887996435165405,0.0,5.033110797405243,7.0,5.0,8.0,17.0,6.0,1.0,26.0,26.0,3.0,4.0,9.0,0.276635080575943,-0.0965437963604927,6.0,-0.26680150628089905,-0.9629836082458496,-11.565431837996696,2.6586496457457542,1.1922558471560478,0.0,4.070127189159393,8.0,6.0,9.0,18.0,7.0,2.0,27.0,27.0,4.0,1.0,0.0
12026,2.6586496457457542,1.1922558471560478,0.0,4.070127189159393,8.0,6.0,9.0,18.0,7.0,2.0,27.0,27.0,4.0,1.0,9.0,1.4155995845794678,-0.9818105697631836,1.0,-1.9096747636795044,-1.4795863628387451,-13.545280809387897,4.074249230325222,0.21044527739286423,0.0,2.590540826320648,9.0,1.0,10.0,19.0,8.0,3.0,28.0,28.0,5.0,1.0,0.0
12027,4.074249230325222,0.21044527739286423,0.0,2.590540826320648,9.0,1.0,10.0,19.0,8.0,3.0,28.0,28.0,5.0,1.0,5.0,-1.8325821161270142,1.1607786417007446,2.0,-1.845999002456665,-0.21558594703674316,-20.166885685004313,2.241667114198208,1.3712239190936089,0.0,2.374954879283905,10.0,2.0,11.0,20.0,9.0,1.0,29.0,29.0,6.0,2.0,0.0
12028,2.241667114198208,1.3712239190936089,0.0,2.374954879283905,10.0,2.0,11.0,20.0,9.0,1.0,29.0,29.0,6.0,2.0,10.0,0.3551649749279022,-1.6363203525543213,0.0,0.1788971722126007,1.3614085912704468,-15.550964334607125,2.59683208912611,0.0,0.1788971722126007,3.736363470554352,1.0,3.0,12.0,21.0,10.0,2.0,30.0,30.0,7.0,3.0,0.0
12029,2.59683208912611,0.0,0.1788971722126007,3.736363470554352,1.0,3.0,12.0,21.0,10.0,2.0,30.0,30.0,7.0,3.0,10.0,-1.3951619863510132,-0.39459940791130066,1.0,-0.8318864703178406,1.6965914964675903,-16.845994079113005,1.201670102775097,0.0,0.0,5.432954967021942,2.0,1.0,13.0,22.0,11.0,3.0,31.0,31.0,8.0,4.0,0.0
12030,1.201670102775097,0.0,0.0,5.432954967021942,2.0,1.0,13.0,22.0,11.0,3.0,31.0,31.0,8.0,4.0,10.0,0.1448228359222412,0.48413094878196716,6.0,-0.09266793727874756,0.905215859413147,-13.6,1.346492938697338,0.48413094878196716,0.0,6.338170826435089,3.0,2.0,14.0,23.0,12.0,4.0,32.0,32.0,9.0,5.0,0.0
12031,1.346492938697338,0.48413094878196716,0.0,6.338170826435089,3.0,2.0,14.0,23.0,12.0,4.0,32.0,32.0,9.0,5.0,10.0,-1.0007363557815552,1.512080192565918,6.0,-1.232864260673523,-1.6527490615844727,-14.6,0.34575658291578293,1.9962111413478851,0.0,4.6854217648506165,4.0,3.0,15.0,24.0,13.0,5.0,33.0,33.0,10.0,6.0,0.0
12032,0.34575658291578293,1.9962111413478851,0.0,4.6854217648506165,4.0,3.0,15.0,24.0,13.0,5.0,33.0,33.0,10.0,6.0,10.0,0.7100644111633301,-1.1558748483657837,6.0,-0.942247748374939,1.5476676225662231,-15.6,1.055820994079113,0.8403362929821014,0.0,6.23308938741684,5.0,4.0,16.0,25.0,14.0,6.0,34.0,34.0,11.0,7.0,0.0
12033,1.055820994079113,0.8403362929821014,0.0,6.23308938741684,5.0,4.0,16.0,25.0,14.0,6.0,34.0,34.0,11.0,7.0,9.0,0.7219464778900146,0.20398017764091492,6.0,-1.8888719081878662,0.555840790271759,-16.728679273201454,1.7777674719691277,1.0443164706230164,0.0,6.788930177688599,6.0,5.0,17.0,26.0,15.0,7.0,35.0,35.0,12.0,1.0,0.0
12034,1.7777674719691277,1.0443164706230164,0.0,6.788930177688599,6.0,5.0,17.0,26.0,15.0,7.0,35.0,35.0,12.0,1.0,10.0,-0.6836265325546265,-0.8709926605224609,6.0,-1.8446905612945557,1.5343552827835083,-16.9,1.0941409394145012,0.17332381010055542,0.0,8.323285460472107,7.0,6.0,18.0,27.0,16.0,8.0,36.0,36.0,13.0,2.0,0.0
12035,1.0941409394145012,0.17332381010055542,0.0,8.323285460472107,7.0,6.0,18.0,27.0,16.0,8.0,36.0,36.0,13.0,2.0,10.0,-0.948225736618042,0.3552233874797821,6.0,-1.7959181070327759,1.674122929573059,-17.9,0.1459152027964592,0.5285471975803375,0.0,9.997408390045166,8.0,7.0,19.0,28.0,17.0,9.0,37.0,37.0,14.0,3.0,0.0
12036,0.1459152027964592,0.5285471975803375,0.0,9.997408390045166,8.0,7.0,19.0,28.0,17.0,9.0,37.0,37.0,14.0,3.0,0.0,1.3679344654083252,0.9104936122894287,6.0,-1.7619882822036743,-0.9489486217498779,-18.59791561889124,1.5138496682047844,1.4390408098697662,0.0,9.048459768295288,1.0,8.0,20.0,29.0,18.0,10.0,38.0,38.0,15.0,4.0,0.0
12037,1.5138496682047844,1.4390408098697662,0.0,9.048459768295288,1.0,8.0,20.0,29.0,18.0,10.0,38.0,38.0,15.0,4.0,10.0,-0.4435831606388092,1.7251031398773193,6.0,-1.8222534656524658,-0.17685198783874512,-19.1,1.0702665075659752,3.1641439497470856,0.0,8.871607780456543,2.0,9.0,21.0,30.0,19.0,11.0,39.0,39.0,16.0,5.0,0.0
12038,1.0702665075659752,3.1641439497470856,0.0,8.871607780456543,2.0,9.0,21.0,30.0,19.0,11.0,39.0,39.0,16.0,5.0,10.0,1.6176167726516724,0.727962851524353,6.0,-1.9120943546295166,-0.7309019565582275,-20.1,2.6878832802176476,3.8921068012714386,0.0,8.140705823898315,3.0,10.0,22.0,31.0,20.0,12.0,40.0,40.0,17.0,6.0,0.0
12039,2.6878832802176476,3.8921068012714386,0.0,8.140705823898315,3.0,10.0,22.0,31.0,20.0,12.0,40.0,40.0,17.0,6.0,8.0,-1.8239198923110962,1.8353853225708008,6.0,-1.8514997959136963,0.18072865903377533,-21.566359019531937,0.8639633879065514,5.727492123842239,0.0,8.32143448293209,4.0,11.0,23.0,32.0,21.0,13.0,41.0,41.0,1.0,7.0,0.0
12040,0.8639633879065514,5.727492123842239,0.0,8.32143448293209,4.0,11.0,23.0,32.0,21.0,13.0,41.0,41.0,1.0,7.0,10.0,1.2861346006393433,1.6888965368270874,10.0,-1.8899391889572144,0.6144983172416687,-20.4,2.1500979885458946,7.416388660669327,0.0,8.93593280017376,5.0,12.0,24.0,33.0,22.0,14.0,42.0,42.0,2.0,8.0,0.0
12041,2.1500979885458946,7.416388660669327,0.0,8.93593280017376,5.0,12.0,24.0,33.0,22.0,14.0,42.0,42.0,2.0,8.0,10.0,1.7037203311920166,-0.7272356748580933,1.0,-1.2801637649536133,1.1243988275527954,-21.4,3.8538183197379112,6.6891529858112335,0.0,10.0,6.0,13.0,25.0,34.0,23.0,15.0,43.0,43.0,3.0,9.0,0.0
12042,3.8538183197379112,6.6891529858112335,0.0,10.0,6.0,13.0,25.0,34.0,23.0,15.0,43.0,43.0,3.0,9.0,9.0,0.4719482362270355,-1.9602830410003662,6.0,-1.9505072832107544,-0.6050059795379639,-22.63497429445732,4.325766555964947,4.728869944810867,0.0,9.394994020462036,7.0,14.0,26.0,35.0,24.0,16.0,44.0,44.0,4.0,1.0,0.0
12043,4.325766555964947,4.728869944810867,0.0,9.394994020462036,7.0,14.0,26.0,35.0,24.0,16.0,44.0,44.0,4.0,1.0,10.0,1.14536452293396,-0.8873870968818665,1.0,-1.9819371700286865,-1.135105848312378,-22.5,5.471131078898907,3.841482847929001,0.0,8.259888172149658,8.0,15.0,27.0,36.0,25.0,17.0,45.0,45.0,5.0,2.0,0.0
12044,5.471131078898907,3.841482847929001,0.0,8.259888172149658,8.0,15.0,27.0,36.0,25.0,17.0,45.0,45.0,5.0,2.0,5.0,1.6053264141082764,-0.22100676596164703,6.0,-1.9336096048355103,-0.5371462106704712,-22.56408172399413,7.076457493007183,3.620476081967354,0.0,7.722741961479187,9.0,16.0,28.0,37.0,26.0,1.0,46.0,46.0,6.0,3.0,0.0
12045,7.076457493007183,3.620476081967354,0.0,7.722741961479187,9.0,16.0,28.0,37.0,26.0,1.0,46.0,46.0,6.0,3.0,10.0,0.8987590074539185,-0.5995545983314514,6.0,-1.9284707307815552,1.565247654914856,-22.8,7.9752165004611015,3.0209214836359024,0.0,9.287989616394043,10.0,17.0,29.0,38.0,27.0,2.0,47.0,47.0,7.0,4.0,0.0
12046,7.9752165004611015,3.0209214836359024,0.0,9.287989616394043,10.0,17.0,29.0,38.0,27.0,2.0,47.0,47.0,7.0,4.0,10.0,1.791035532951355,-1.3181699514389038,6.0,-1.440470576286316,1.2859539985656738,-23.8,9.766252033412457,1.7027515321969986,0.0,10.0,11.0,18.0,30.0,39.0,28.0,3.0,48.0,48.0,8.0,5.0,0.0
12047,9.766252033412457,1.7027515321969986,0.0,10.0,11.0,18.0,30.0,39.0,28.0,3.0,48.0,48.0,8.0,5.0,10.0,-0.3209807574748993,-0.8761176466941833,6.0,-1.8796240091323853,1.5981945991516113,-24.8,9.445271275937557,0.8266338855028152,0.0,10.0,12.0,19.0,31.0,40.0,29.0,4.0,49.0,49.0,9.0,6.0,0.0
12048,9.445271275937557,0.8266338855028152,0.0,10.0,12.0,19.0,31.0,40.0,29.0,4.0,49.0,49.0,9.0,6.0,1.0,0.5670133233070374,1.0004953145980835,6.0,-1.9611239433288574,1.4357868432998657,-25.643023035016256,10.0,1.8271292001008987,0.0,10.0,13.0,1.0,32.0,41.0,30.0,5.0,50.0,50.0,10.0,7.0,0.0
12049,10.0,1.8271292001008987,0.0,10.0,13.0,1.0,32.0,41.0,30.0,5.0,50.0,50.0,10.0,7.0,9.0,1.1988530158996582,1.2689214944839478,6.0,-1.9154741764068604,1.0824027061462402,-45.063710148065766,10.0,3.0960506945848465,0.0,10.0,14.0,2.0,33.0,42.0,31.0,6.0,51.0,51.0,11.0,1.0,0.0
12050,10.0,3.0960506945848465,0.0,10.0,14.0,2.0,33.0,42.0,31.0,6.0,51.0,51.0,11.0,1.0,0.0,-0.5925726294517517,1.1077390909194946,6.0,-1.9933656454086304,1.5682047605514526,-31.451668730522513,9.407427370548248,4.203789785504341,0.0,10.0,1.0,3.0,34.0,43.0,32.0,7.0,52.0,52.0,12.0,2.0,0.0
12051,9.407427370548248,4.203789785504341,0.0,10.0,1.0,3.0,34.0,43.0,32.0,7.0,52.0,52.0,12.0,2.0,10.0,1.6742600202560425,0.3486971855163574,4.0,-1.9753994941711426,0.6325467228889465,-35.616873908042905,10.0,4.5524869710206985,0.0,10.0,2.0,4.0,35.0,44.0,33.0,8.0,53.0,53.0,13.0,3.0,0.0
12052,10.0,4.5524869710206985,0.0,10.0,2.0,4.0,35.0,44.0,33.0,8.0,53.0,53.0,13.0,3.0,10.0,-0.6541752815246582,0.4883219003677368,6.0,-1.9979665279388428,1.9425052404403687,-25.8,9.345824718475342,5.040808871388435,0.0,10.0,3.0,5.0,36.0,45.0,34.0,9.0,54.0,54.0,14.0,4.0,0.0
12053,9.345824718475342,5.040808871388435,0.0,10.0,3.0,5.0,36.0,45.0,34.0,9.0,54.0,54.0,14.0,4.0,0.0,-1.6800590753555298,0.3606867790222168,6.0,-1.9727122783660889,1.6706546545028687,-32.388610788737026,7.665765643119812,5.401495650410652,0.0,10.0,1.0,6.0,37.0,46.0,35.0,10.0,55.0,55.0,15.0,5.0,0.0
12054,7.665765643119812,5.401495650410652,0.0,10.0,1.0,6.0,37.0,46.0,35.0,10.0,55.0,55.0,15.0,5.0,10.0,0.6138162016868591,0.6536402702331543,6.0,-1.974822759628296,0.9780924916267395,-27.5,8.279581844806671,6.0551359206438065,0.0,10.0,2.0,7.0,38.0,47.0,36.0,11.0,56.0,56.0,16.0,6.0,0.0
12055,8.279581844806671,6.0551359206438065,0.0,10.0,2.0,7.0,38.0,47.0,36.0,11.0,56.0,56.0,16.0,6.0,10.0,-0.890419602394104,-0.7106608152389526,6.0,-1.9969631433486938,1.5701253414154053,-28.5,7.389162242412567,5.344475105404854,0.0,10.0,3.0,8.0,39.0,48.0,37.0,12.0,57.0,57.0,17.0,7.0,0.0
12056,7.389162242412567,5.344475105404854,0.0,10.0,3.0,8.0,39.0,48.0,37.0,12.0,57.0,57.0,17.0,7.0,10.0,-0.7635431289672852,-0.8241406083106995,6.0,-1.9852466583251953,1.9567207098007202,-29.5,6.625619113445282,4.520334497094154,0.0,10.0,4.0,9.0,40.0,49.0,38.0,13.0,58.0,58.0,18.0,8.0,0.0
12057,6.625619113445282,4.520334497094154,0.0,10.0,4.0,9.0,40.0,49.0,38.0,13.0,58.0,58.0,18.0,8.0,10.0,-1.350111961364746,1.9090322256088257,4.0,-1.9963351488113403,0.5579575300216675,-30.5,5.275507152080536,6.42936672270298,0.0,10.0,5.0,10.0,41.0,50.0,39.0,14.0,59.0,59.0,19.0,9.0,0.0
12058,5.275507152080536,6.42936672270298,0.0,10.0,5.0,10.0,41.0,50.0,39.0,14.0,59.0,59.0,19.0,9.0,10.0,0.008789214305579662,1.2214583158493042,6.0,-1.9929293394088745,0.1456301510334015,-31.5,5.2842963663861156,7.650825038552284,0.0,10.0,6.0,11.0,42.0,51.0,40.0,15.0,60.0,60.0,20.0,10.0,0.0
12059,5.2842963663861156,7.650825038552284,0.0,10.0,6.0,11.0,42.0,51.0,40.0,15.0,60.0,60.0,20.0,10.0,10.0,-0.38640838861465454,0.7099955677986145,4.0,-1.9893802404403687,-0.6791136860847473,-32.5,4.897887977771461,8.360820606350899,0.0,9.320886313915253,7.0,12.0,43.0,52.0,41.0,16.0,61.0,61.0,21.0,11.0,0.0
12060,4.897887977771461,8.360820606350899,0.0,9.320886313915253,7.0,12.0,43.0,52.0,41.0,16.0,61.0,61.0,21.0,11.0,10.0,-1.5125216245651245,1.847733974456787,4.0,-1.992455005645752,-1.3781890869140625,-35.58554580807686,3.3853663532063365,10.0,0.0,7.94269722700119,8.0,13.0,44.0,53.0,42.0,17.0,62.0,62.0,22.0,12.0,0.0
12061,3.3853663532063365,10.0,0.0,7.94269722700119,8.0,13.0,44.0,53.0,42.0,17.0,62.0,62.0,22.0,12.0,0.0,0.7397457957267761,1.5697190761566162,2.0,-1.8700517416000366,1.4597792625427246,-61.747151750456084,4.125112148933113,10.0,0.0,9.402476489543915,9.0,14.0,1.0,54.0,43.0,18.0,63.0,63.0,23.0,13.0,0.0
12062,4.125112148933113,10.0,0.0,9.402476489543915,9.0,14.0,1.0,54.0,43.0,18.0,63.0,63.0,23.0,13.0,10.0,-1.865407109260559,-1.9986417293548584,6.0,-1.8788604736328125,-0.7587647438049316,-31.1,2.2597050396725535,8.001358270645142,0.0,8.643711745738983,10.0,15.0,2.0,55.0,44.0,19.0,64.0,64.0,24.0,14.0,0.0
12063,2.2597050396725535,8.001358270645142,0.0,8.643711745738983,10.0,15.0,2.0,55.0,44.0,19.0,64.0,64.0,24.0,14.0,10.0,-1.146898865699768,0.8862365484237671,2.0,-1.977198600769043,-0.38732075691223145,-32.1,1.1128061739727855,8.887594819068909,0.0,8.256390988826752,11.0,16.0,1.0,56.0,45.0,20.0,65.0,65.0,25.0,15.0,0.0
12064,1.1128061739727855,8.887594819068909,0.0,8.256390988826752,11.0,16.0,1.0,56.0,45.0,20.0,65.0,65.0,25.0,15.0,8.0,0.9889323711395264,-1.898536205291748,1.0,-1.9812206029891968,-0.3765241503715515,-31.15399093594648,2.101738545112312,6.989058613777161,0.0,7.8798668384552,12.0,17.0,2.0,57.0,46.0,21.0,66.0,66.0,1.0,16.0,0.0
12065,2.101738545112312,6.989058613777161,0.0,7.8798668384552,12.0,17.0,2.0,57.0,46.0,21.0,66.0,66.0,1.0,16.0,10.0,0.3590548038482666,1.9523558616638184,2.0,-1.888239860534668,-0.48065224289894104,-31.4,2.4607933489605784,8.941414475440979,0.0,7.399214595556259,13.0,18.0,1.0,58.0,47.0,22.0,67.0,67.0,2.0,17.0,0.0
12066,2.4607933489605784,8.941414475440979,0.0,7.399214595556259,13.0,18.0,1.0,58.0,47.0,22.0,67.0,67.0,2.0,17.0,10.0,0.3920501470565796,-1.7492071390151978,6.0,-1.926995873451233,0.49014586210250854,-32.2,2.852843496017158,7.192207336425781,0.0,7.889360457658768,14.0,19.0,2.0,59.0,48.0,23.0,68.0,68.0,3.0,18.0,0.0
12067,2.852843496017158,7.192207336425781,0.0,7.889360457658768,14.0,19.0,2.0,59.0,48.0,23.0,68.0,68.0,3.0,18.0,1.0,-1.7796828746795654,-1.3945889472961426,2.0,-1.816033124923706,0.755541205406189,-38.58526536942235,1.0731606213375926,5.797618389129639,0.0,8.644901663064957,15.0,1.0,1.0,60.0,49.0,24.0,69.0,69.0,4.0,19.0,0.0
12068,1.0731606213375926,5.797618389129639,0.0,8.644901663064957,15.0,1.0,1.0,60.0,49.0,24.0,69.0,69.0,4.0,19.0,1.0,-0.18136560916900635,-0.26545053720474243,2.0,-1.9754027128219604,-1.0434138774871826,-39.363152558620385,0.8917950121685863,5.532167851924896,0.0,7.601487785577774,16.0,1.0,1.0,61.0,50.0,25.0,70.0,70.0,5.0,20.0,0.0
12069,0.8917950121685863,5.532167851924896,0.0,7.601487785577774,16.0,1.0,1.0,61.0,50.0,25.0,70.0,70.0,5.0,20.0,5.0,-1.697826862335205,1.9854645729064941,2.0,-1.7938772439956665,0.9294832944869995,-53.29653182078336,0.0,7.51763242483139,0.0,8.530971080064774,17.0,2.0,1.0,62.0,51.0,26.0,71.0,71.0,6.0,21.0,0.0
12070,0.0,7.51763242483139,0.0,8.530971080064774,17.0,2.0,1.0,62.0,51.0,26.0,71.0,71.0,6.0,21.0,5.0,-0.957833468914032,1.4222365617752075,2.0,-1.9904705286026,-0.20347613096237183,-57.13808267204211,0.0,8.939868986606598,0.0,8.327494949102402,18.0,3.0,1.0,63.0,52.0,27.0,72.0,72.0,7.0,22.0,0.0
12071,0.0,8.939868986606598,0.0,8.327494949102402,18.0,3.0,1.0,63.0,52.0,27.0,72.0,72.0,7.0,22.0,10.0,-1.6346752643585205,-1.555824637413025,2.0,-1.9274266958236694,0.3924091160297394,-51.04675264358521,0.0,7.384044349193573,0.0,8.719904065132141,19.0,4.0,1.0,64.0,53.0,28.0,73.0,73.0,8.0,23.0,0.0
12072,0.0,7.384044349193573,0.0,8.719904065132141,19.0,4.0,1.0,64.0,53.0,28.0,73.0,73.0,8.0,23.0,10.0,-1.357391119003296,0.8183017373085022,4.0,-1.9807051420211792,0.46212059259414673,-49.17391119003296,0.0,8.202346086502075,0.0,9.182024657726288,20.0,5.0,2.0,65.0,54.0,29.0,74.0,74.0,9.0,24.0,0.0
12073,0.0,8.202346086502075,0.0,9.182024657726288,20.0,5.0,2.0,65.0,54.0,29.0,74.0,74.0,9.0,24.0,10.0,-1.7890475988388062,1.9814428091049194,2.0,-1.9981474876403809,-0.4022519886493683,-54.58463140867596,0.0,10.0,0.0,8.77977266907692,21.0,6.0,1.0,66.0,55.0,30.0,75.0,75.0,10.0,25.0,0.0
12074,0.0,10.0,0.0,8.77977266907692,21.0,6.0,1.0,66.0,55.0,30.0,75.0,75.0,10.0,25.0,10.0,-1.2457536458969116,-0.6526883840560913,6.0,-1.9893497228622437,-1.4577462673187256,-49.857536458969115,0.0,9.347311615943909,0.0,7.322026401758194,22.0,7.0,2.0,67.0,56.0,31.0,76.0,76.0,11.0,26.0,0.0
12075,0.0,9.347311615943909,0.0,7.322026401758194,22.0,7.0,2.0,67.0,56.0,31.0,76.0,76.0,11.0,26.0,10.0,1.04206120967865,1.9881088733673096,6.0,-1.7039926052093506,-1.0829890966415405,-51.75420489311218,1.04206120967865,10.0,0.0,6.239037305116653,23.0,8.0,3.0,68.0,57.0,32.0,77.0,77.0,12.0,27.0,0.0
12076,1.04206120967865,10.0,0.0,6.239037305116653,23.0,8.0,3.0,68.0,57.0,32.0,77.0,77.0,12.0,27.0,5.0,-1.0474880933761597,-0.8384543657302856,6.0,-1.9952551126480103,1.3582271337509155,-53.49238045722203,0.0,9.161545634269714,0.0,7.597264438867569,24.0,9.0,4.0,69.0,58.0,33.0,78.0,78.0,13.0,28.0,0.0
12077,0.0,9.161545634269714,0.0,7.597264438867569,24.0,9.0,4.0,69.0,58.0,33.0,78.0,78.0,13.0,28.0,10.0,-1.0252248048782349,-1.9852607250213623,6.0,-1.9789003133773804,-0.0023922438267618418,-50.65224804878235,0.0,7.176284909248352,0.0,7.594872195040807,25.0,10.0,5.0,70.0,59.0,34.0,79.0,79.0,14.0,29.0,0.0
12078,0.0,7.176284909248352,0.0,7.594872195040807,25.0,10.0,5.0,70.0,59.0,34.0,79.0,79.0,14.0,29.0,10.0,-0.5344517827033997,-0.08768295496702194,4.0,-1.9028044939041138,1.2564594745635986,-46.744517827033995,0.0,7.08860195428133,0.0,8.851331669604406,26.0,11.0,6.0,71.0,60.0,35.0,80.0,80.0,15.0,30.0,0.0
12079,0.0,7.08860195428133,0.0,8.851331669604406,26.0,11.0,6.0,71.0,60.0,35.0,80.0,80.0,15.0,30.0,10.0,-1.7032192945480347,-1.3530293703079224,2.0,-1.9912219047546387,1.5987156629562378,-59.432192945480345,0.0,5.735572583973408,0.0,10.0,27.0,12.0,1.0,72.0,61.0,36.0,81.0,81.0,16.0,31.0,0.0
12080,0.0,5.735572583973408,0.0,10.0,27.0,12.0,1.0,72.0,61.0,36.0,81.0,81.0,16.0,31.0,1.0,-1.5747896432876587,-1.9085532426834106,5.0,-1.9570497274398804,-0.6602687835693359,-65.37084838436104,0.0,3.827019341289997,0.0,9.339731216430664,28.0,1.0,2.0,73.0,62.0,37.0,82.0,82.0,17.0,32.0,0.0
12081,0.0,3.827019341289997,0.0,9.339731216430664,28.0,1.0,2.0,73.0,62.0,37.0,82.0,82.0,17.0,32.0,10.0,-1.9678643941879272,1.959160566329956,2.0,-1.9737217426300049,-0.7677689790725708,-62.278643941879274,0.0,5.786179907619953,0.0,8.571962237358093,29.0,2.0,1.0,74.0,63.0,38.0,83.0,83.0,18.0,33.0,0.0
12082,0.0,5.786179907619953,0.0,8.571962237358093,29.0,2.0,1.0,74.0,63.0,38.0,83.0,83.0,18.0,33.0,8.0,-1.8354648351669312,0.8993547558784485,2.0,-1.9873955249786377,0.1817774772644043,-62.69246818824553,0.0,6.685534663498402,0.0,8.753739714622498,30.0,3.0,1.0,75.0,64.0,39.0,84.0,84.0,1.0,34.0,0.0
12083,0.0,6.685534663498402,0.0,8.753739714622498,30.0,3.0,1.0,75.0,64.0,39.0,84.0,84.0,1.0,34.0,5.0,-1.5871429443359375,1.403823733329773,1.0,-1.9704375267028809,-0.40755897760391235,-71.20452041548755,0.0,8.089358396828175,0.0,8.346180737018585,31.0,4.0,2.0,76.0,65.0,40.0,85.0,85.0,2.0,35.0,0.0
12084,0.0,8.089358396828175,0.0,8.346180737018585,31.0,4.0,2.0,76.0,65.0,40.0,85.0,85.0,2.0,35.0,10.0,-0.7925986647605896,0.6157499551773071,2.0,-1.918104887008667,-0.6562251448631287,-51.425986647605896,0.0,8.705108352005482,0.0,7.6899555921554565,32.0,5.0,1.0,77.0,66.0,41.0,86.0,86.0,3.0,36.0,0.0
12085,0.0,8.705108352005482,0.0,7.6899555921554565,32.0,5.0,1.0,77.0,66.0,41.0,86.0,86.0,3.0,36.0,10.0,-1.8845762014389038,1.2221298217773438,2.0,-1.9908336400985718,-1.300307273864746,-63.145762014389035,0.0,9.927238173782825,0.0,6.3896483182907104,33.0,6.0,1.0,78.0,67.0,42.0,87.0,87.0,4.0,37.0,0.0
12086,0.0,9.927238173782825,0.0,6.3896483182907104,33.0,6.0,1.0,78.0,67.0,42.0,87.0,87.0,4.0,37.0,10.0,-0.9016613960266113,1.7253155708312988,2.0,-1.9562703371047974,-1.2867467403411865,-64.02532111790612,0.0,10.0,0.0,5.102901577949524,34.0,7.0,1.0,79.0,68.0,43.0,88.0,88.0,5.0,38.0,0.0
12087,0.0,10.0,0.0,5.102901577949524,34.0,7.0,1.0,79.0,68.0,43.0,88.0,88.0,5.0,38.0,10.0,-1.7433173656463623,1.8910356760025024,2.0,-1.9829832315444946,-1.7602789402008057,-71.81997543793231,0.0,10.0,0.0,3.3426226377487183,35.0,8.0,1.0,80.0,69.0,44.0,89.0,89.0,6.0,39.0,0.0
12088,0.0,10.0,0.0,3.3426226377487183,35.0,8.0,1.0,80.0,69.0,44.0,89.0,89.0,6.0,39.0,5.0,-1.0664844512939453,0.1159798726439476,4.0,-1.953658938407898,-1.6506847143173218,-72.95647303758004,0.0,10.0,0.0,1.6919379234313965,36.0,9.0,2.0,81.0,70.0,45.0,90.0,90.0,7.0,40.0,0.0
12089,0.0,10.0,0.0,1.6919379234313965,36.0,9.0,2.0,81.0,70.0,45.0,90.0,90.0,7.0,40.0,10.0,-1.339625597000122,0.5360642671585083,4.0,-1.9749574661254883,-1.2224528789520264,-62.42900425761293,0.0,10.0,0.0,0.4694850444793701,37.0,10.0,3.0,82.0,71.0,46.0,91.0,91.0,8.0,41.0,0.0
12090,0.0,10.0,0.0,0.4694850444793701,37.0,10.0,3.0,82.0,71.0,46.0,91.0,91.0,8.0,41.0,0.0,-0.7429351806640625,-0.5814700126647949,4.0,-1.9863225221633911,-0.031226005405187607,-67.69833496649129,0.0,9.418529987335205,0.0,0.4382590390741825,38.0,11.0,4.0,83.0,72.0,47.0,92.0,92.0,9.0,42.0,0.0
12091,0.0,9.418529987335205,0.0,0.4382590390741825,38.0,11.0,4.0,83.0,72.0,47.0,92.0,92.0,9.0,42.0,10.0,0.9497148394584656,1.4192639589309692,2.0,-1.9617174863815308,-0.055790551006793976,-58.37793946266174,0.9497148394584656,10.0,0.0,0.38246848806738853,39.0,12.0,5.0,84.0,73.0,48.0,93.0,93.0,10.0,43.0,0.0
12092,0.9497148394584656,10.0,0.0,0.38246848806738853,39.0,12.0,5.0,84.0,73.0,48.0,93.0,93.0,10.0,43.0,1.0,0.8469648361206055,0.6389785408973694,4.0,-1.842130422592163,0.1649283766746521,-70.46008948074615,1.796679675579071,10.0,0.0,0.5473968647420406,40.0,13.0,6.0,85.0,74.0,49.0,94.0,94.0,11.0,44.0,0.0
12093,1.796679675579071,10.0,0.0,0.5473968647420406,40.0,13.0,6.0,85.0,74.0,49.0,94.0,94.0,11.0,44.0,1.0,0.7569981217384338,0.04922495782375336,4.0,-1.9874542951583862,0.3709067404270172,-64.43031565339797,2.553677797317505,10.0,0.0,0.9183036051690578,41.0,14.0,7.0,86.0,75.0,50.0,95.0,95.0,12.0,45.0,0.0
12094,2.553677797317505,10.0,0.0,0.9183036051690578,41.0,14.0,7.0,86.0,75.0,50.0,95.0,95.0,12.0,45.0,1.0,-0.9495332837104797,1.867676019668579,4.0,-1.9939457178115845,-0.9286689758300781,-85.06337494334156,1.6041445136070251,10.0,0.0,0.0,42.0,15.0,8.0,87.0,76.0,51.0,96.0,96.0,13.0,46.0,0.0
12095,1.6041445136070251,10.0,0.0,0.0,42.0,15.0,8.0,87.0,76.0,51.0,96.0,96.0,13.0,46.0,10.0,0.04781094938516617,-1.505391001701355,4.0,-1.9980167150497437,-0.7064970135688782,-54.0,1.6519554629921913,8.494608998298645,0.0,0.0,43.0,16.0,9.0,88.0,77.0,52.0,97.0,97.0,14.0,47.0,0.0
12096,1.6519554629921913,8.494608998298645,0.0,0.0,43.0,16.0,9.0,88.0,77.0,52.0,97.0,97.0,14.0,47.0,1.0,1.487734079360962,-0.0026535375509411097,4.0,-1.9896363019943237,1.0760036706924438,-61.429856696315284,3.1396895423531532,8.491955460747704,0.0,1.0760036706924438,44.0,1.0,10.0,89.0,78.0,53.0,98.0,98.0,15.0,48.0,0.0
12097,3.1396895423531532,8.491955460747704,0.0,1.0760036706924438,44.0,1.0,10.0,89.0,78.0,53.0,98.0,98.0,15.0,48.0,8.0,-1.3923383951187134,1.502697229385376,4.0,-1.961476445198059,1.248559832572937,-54.8061464292294,1.7473511472344398,9.99465269013308,0.0,2.324563503265381,45.0,2.0,11.0,90.0,1.0,54.0,99.0,99.0,1.0,49.0,0.0
12098,1.7473511472344398,9.99465269013308,0.0,2.324563503265381,45.0,2.0,11.0,90.0,1.0,54.0,99.0,99.0,1.0,49.0,9.0,0.31186625361442566,1.8774949312210083,1.0,-1.9932917356491089,-1.852101445198059,-67.70159105499661,2.0592174008488655,10.0,0.0,0.4724620580673218,46.0,1.0,12.0,91.0,2.0,55.0,100.0,100.0,2.0,1.0,0.0
12099,2.0592174008488655,10.0,0.0,0.4724620580673218,46.0,1.0,12.0,91.0,2.0,55.0,100.0,100.0,2.0,1.0,5.0,-1.5091912746429443,0.8863423466682434,6.0,-1.9990202188491821,-1.7178579568862915,-64.48974657875374,0.5500261262059212,10.0,0.0,0.0,47.0,2.0,13.0,92.0,3.0,56.0,100.0,100.0,3.0,2.0,1.0
12100,1.8148739337921143,6.390528678894043,7.408268928527832,5.6267290115356445,1.0,1.0,1.0,1.0,1.0,1.0,1.0,1.0,1.0,1.0,2.0,-1.419959306716919,-0.6064887046813965,2.0,-1.9605872631072998,-1.9672850370407104,-8.06134706022704,0.3949146270751953,5.7840399742126465,5.447681665420532,3.659443974494934,2.0,2.0,1.0,2.0,2.0,2.0,2.0,2.0,2.0,2.0,0.0
12101,0.3949146270751953,5.7840399742126465,5.447681665420532,3.659443974494934,2.0,2.0,1.0,2.0,2.0,2.0,2.0,2.0,2.0,2.0,2.0,-1.4506231546401978,-0.9402719140052795,4.0,-1.976929783821106,-1.9609392881393433,-20.781482383268216,0.0,4.843768060207367,3.4707518815994263,1.6985046863555908,3.0,3.0,1.0,3.0,1.0,3.0,3.0,3.0,3.0,3.0,0.0
12102,0.0,4.843768060207367,3.4707518815994263,1.6985046863555908,3.0,3.0,1.0,3.0,1.0,3.0,3.0,3.0,3.0,3.0,5.0,-1.6357849836349487,-0.5725671648979187,2.0,-1.8724620342254639,-1.9454646110534668,-31.39392779727413,0.0,4.271200895309448,1.5982898473739624,0.0,4.0,4.0,2.0,4.0,2.0,4.0,4.0,4.0,4.0,4.0,0.0
12103,0.0,4.271200895309448,1.5982898473739624,0.0,4.0,4.0,2.0,4.0,2.0,4.0,4.0,4.0,4.0,4.0,8.0,0.1844635158777237,-1.87437105178833,10.0,-1.8499835729599,0.0029587724711745977,-10.648102967684956,0.1844635158777237,2.396829843521118,0.0,0.0029587724711745977,5.0,5.0,3.0,5.0,3.0,5.0,5.0,5.0,1.0,5.0,0.0
12104,0.1844635158777237,2.396829843521118,0.0,0.0029587724711745977,5.0,5.0,3.0,5.0,3.0,5.0,5.0,5.0,1.0,5.0,8.0,-1.7195508480072021,-1.693463921546936,1.0,-0.39692825078964233,-0.24535086750984192,-30.24597971383497,0.0,0.7033659219741821,0.0,0.0,6.0,1.0,4.0,6.0,4.0,6.0,6.0,6.0,1.0,6.0,0.0
12105,0.0,0.7033659219741821,0.0,0.0,6.0,1.0,4.0,6.0,4.0,6.0,6.0,6.0,1.0,6.0,10.0,-1.5840601921081543,-0.0010921357898041606,0.0,-0.570884108543396,-0.8423237204551697,-21.440601921081544,0.0,0.702273786184378,0.0,0.0,1.0,2.0,5.0,7.0,5.0,7.0,7.0,7.0,2.0,7.0,0.0
12106,0.0,0.702273786184378,0.0,0.0,1.0,2.0,5.0,7.0,5.0,7.0,7.0,7.0,2.0,7.0,5.0,-0.01387378666549921,-1.1458008289337158,5.0,1.1223441362380981,0.20031796395778656,-25.66618979797375,0.0,0.0,1.1223441362380981,0.20031796395778656,2.0,3.0,6.0,8.0,6.0,8.0,8.0,8.0,3.0,8.0,0.0
12107,0.0,0.0,1.1223441362380981,0.20031796395778656,2.0,3.0,6.0,8.0,6.0,8.0,8.0,8.0,3.0,8.0,0.0,-1.350052833557129,1.032652735710144,4.0,-0.2593962252140045,-1.4048923254013062,-21.884382422714367,0.0,1.032652735710144,0.8629479110240936,0.0,1.0,4.0,7.0,9.0,7.0,9.0,9.0,9.0,4.0,9.0,0.0
12108,0.0,1.032652735710144,0.8629479110240936,0.0,1.0,4.0,7.0,9.0,7.0,9.0,9.0,9.0,4.0,9.0,8.0,-0.520754337310791,-0.5503495931625366,1.0,-1.1183359622955322,1.3916840553283691,-23.275994096487977,0.0,0.4823031425476074,0.0,1.3916840553283691,2.0,1.0,8.0,10.0,8.0,10.0,10.0,10.0,5.0,10.0,0.0
12109,0.0,0.4823031425476074,0.0,1.3916840553283691,2.0,1.0,8.0,10.0,8.0,10.0,10.0,10.0,5.0,10.0,8.0,1.3782676458358765,1.269329309463501,4.0,-1.9642057418823242,-0.6428889036178589,-14.24216755056463,1.3782676458358765,1.7516324520111084,0.0,0.7487951517105103,3.0,2.0,9.0,11.0,9.0,11.0,11.0,11.0,1.0,11.0,0.0
12110,1.3782676458358765,1.7516324520111084,0.0,0.7487951517105103,3.0,2.0,9.0,11.0,9.0,11.0,11.0,11.0,1.0,11.0,8.0,-1.4427602291107178,1.4795173406600952,4.0,-0.16441552340984344,-1.8088021278381348,-14.904503557103135,0.0,3.2311497926712036,0.0,0.0,4.0,3.0,10.0,12.0,10.0,12.0,12.0,12.0,1.0,12.0,0.0
12111,0.0,3.2311497926712036,0.0,0.0,4.0,3.0,10.0,12.0,10.0,12.0,12.0,12.0,1.0,12.0,5.0,1.5230344533920288,1.0749831199645996,0.0,-1.1962003707885742,0.9488599300384521,-16.3747224648897,1.5230344533920288,4.306132912635803,0.0,0.9488599300384521,1.0,4.0,11.0,13.0,11.0,1.0,13.0,13.0,2.0,13.0,0.0
12112,1.5230344533920288,4.306132912635803,0.0,0.9488599300384521,1.0,4.0,11.0,13.0,11.0,1.0,13.0,13.0,2.0,13.0,9.0,0.3524710536003113,0.4332079291343689,1.0,-0.4184756577014923,0.5304736495018005,-8.584371490025234,1.87550550699234,4.739340841770172,0.0,1.4793335795402527,2.0,1.0,12.0,14.0,12.0,2.0,14.0,14.0,3.0,1.0,0.0
12113,1.87550550699234,4.739340841770172,0.0,1.4793335795402527,2.0,1.0,12.0,14.0,12.0,2.0,14.0,14.0,3.0,1.0,8.0,-0.3384944498538971,0.9350249767303467,6.0,-1.68270742893219,-0.2716887593269348,-9.811884478084222,1.537011057138443,5.674365818500519,0.0,1.2076448202133179,3.0,2.0,13.0,15.0,13.0,3.0,15.0,15.0,1.0,2.0,0.0
12114,1.537011057138443,5.674365818500519,0.0,1.2076448202133179,3.0,2.0,13.0,15.0,13.0,3.0,15.0,15.0,1.0,2.0,4.0,-1.5169260501861572,0.8411442041397095,6.0,-1.8000060319900513,0.7278010249137878,-17.08311433445116,0.020085006952285767,6.515510022640228,0.0,1.9354458451271057,4.0,3.0,14.0,16.0,1.0,4.0,16.0,16.0,2.0,3.0,0.0
12115,0.020085006952285767,6.515510022640228,0.0,1.9354458451271057,4.0,3.0,14.0,16.0,1.0,4.0,16.0,16.0,2.0,3.0,5.0,-1.6959233283996582,-1.6599022150039673,6.0,-1.733051061630249,-0.3445262908935547,-37.01536482578214,0.0,4.855607807636261,0.0,1.590919554233551,5.0,4.0,15.0,17.0,2.0,5.0,17.0,17.0,3.0,4.0,0.0
12116,0.0,4.855607807636261,0.0,1.590919554233551,5.0,4.0,15.0,17.0,2.0,5.0,17.0,17.0,3.0,4.0,9.0,0.915764331817627,0.3539176881313324,1.0,-1.9447952508926392,0.4040127396583557,-10.800729863162184,0.915764331817627,5.209525495767593,0.0,1.9949322938919067,6.0,1.0,16.0,18.0,3.0,6.0,18.0,18.0,4.0,1.0,0.0
12117,0.915764331817627,5.209525495767593,0.0,1.9949322938919067,6.0,1.0,16.0,18.0,3.0,6.0,18.0,18.0,4.0,1.0,8.0,-0.8032478094100952,0.4808103144168854,6.0,-1.7184516191482544,-0.225448876619339,-12.705048901610539,0.11251652240753174,5.690335810184479,0.0,1.7694834172725677,7.0,2.0,17.0,19.0,4.0,7.0,19.0,19.0,1.0,2.0,0.0
12118,0.11251652240753174,5.690335810184479,0.0,1.7694834172725677,7.0,2.0,17.0,19.0,4.0,7.0,19.0,19.0,1.0,2.0,10.0,0.8389979004859924,-0.7852709293365479,8.0,-1.3838481903076172,-0.659697413444519,-10.7,0.9515144228935242,4.905064880847931,0.0,1.1097860038280487,8.0,3.0,18.0,20.0,5.0,8.0,20.0,20.0,1.0,3.0,0.0
12119,0.9515144228935242,4.905064880847931,0.0,1.1097860038280487,8.0,3.0,18.0,20.0,5.0,8.0,20.0,20.0,1.0,3.0,1.0,-0.2585577368736267,1.016939640045166,6.0,-1.948655128479004,0.8701532483100891,-19.435781097342257,0.6929566860198975,5.922004520893097,0.0,1.9799392521381378,9.0,1.0,19.0,21.0,6.0,9.0,21.0,21.0,2.0,4.0,0.0
12120,0.6929566860198975,5.922004520893097,0.0,1.9799392521381378,9.0,1.0,19.0,21.0,6.0,9.0,21.0,21.0,2.0,4.0,8.0,-0.18147478997707367,-0.3387923240661621,6.0,-1.7779394388198853,-0.4575577974319458,-14.710794276824648,0.5114818960428238,5.583212196826935,0.0,1.522381454706192,10.0,2.0,20.0,22.0,7.0,10.0,22.0,22.0,1.0,5.0,0.0
12121,0.5114818960428238,5.583212196826935,0.0,1.522381454706192,10.0,2.0,20.0,22.0,7.0,10.0,22.0,22.0,1.0,5.0,0.0,-0.6366302371025085,-0.8665269017219543,0.0,-1.9697421789169312,-1.465739130973816,-16.505278375197264,0.0,4.7166852951049805,0.0,0.0566423237323761,1.0,3.0,21.0,23.0,8.0,11.0,23.0,23.0,2.0,6.0,0.0
12122,0.0,4.7166852951049805,0.0,0.0566423237323761,1.0,3.0,21.0,23.0,8.0,11.0,23.0,23.0,2.0,6.0,9.0,0.042001329362392426,-1.4023793935775757,6.0,-1.911349892616272,1.649595856666565,-13.606784578011636,0.042001329362392426,3.314305901527405,0.0,1.706238180398941,2.0,4.0,22.0,24.0,9.0,12.0,24.0,24.0,3.0,1.0,0.0
12123,0.042001329362392426,3.314305901527405,0.0,1.706238180398941,2.0,4.0,22.0,24.0,9.0,12.0,24.0,24.0,3.0,1.0,0.0,-1.306404709815979,1.781029462814331,6.0,-1.6030654907226562,0.6039665341377258,-29.497631443759246,0.0,5.095335364341736,0.0,2.310204714536667,1.0,5.0,23.0,25.0,10.0,13.0,25.0,25.0,4.0,2.0,0.0
12124,0.0,5.095335364341736,0.0,2.310204714536667,1.0,5.0,23.0,25.0,10.0,13.0,25.0,25.0,4.0,2.0,10.0,-1.540574312210083,1.6311421394348145,4.0,-0.8493813872337341,-0.35611629486083984,-29.70574312210083,0.0,6.72647750377655,0.0,1.954088419675827,2.0,6.0,24.0,26.0,11.0,14.0,26.0,26.0,5.0,3.0,0.0
12125,0.0,6.72647750377655,0.0,1.954088419675827,2.0,6.0,24.0,26.0,11.0,14.0,26.0,26.0,5.0,3.0,10.0,-0.8794263601303101,1.170915961265564,6.0,-1.8839181661605835,0.1631315052509308,-24.0942636013031,0.0,7.897393465042114,0.0,2.117219924926758,3.0,7.0,25.0,27.0,12.0,15.0,27.0,27.0,6.0,4.0,0.0
12126,0.0,7.897393465042114,0.0,2.117219924926758,3.0,7.0,25.0,27.0,12.0,15.0,27.0,27.0,6.0,4.0,0.0,1.2821807861328125,1.2101664543151855,6.0,-1.7307263612747192,-0.618296205997467,-25.583009970612153,1.2821807861328125,9.1075599193573,0.0,1.4989237189292908,1.0,8.0,26.0,28.0,13.0,16.0,28.0,28.0,7.0,5.0,0.0
12127,1.2821807861328125,9.1075599193573,0.0,1.4989237189292908,1.0,8.0,26.0,28.0,13.0,16.0,28.0,28.0,7.0,5.0,10.0,0.4657149910926819,1.5749472379684448,10.0,-1.9108697175979614,0.6773810982704163,-23.825071573257446,1.7478957772254944,10.0,0.0,2.176304817199707,2.0,9.0,27.0,29.0,14.0,17.0,29.0,29.0,8.0,6.0,0.0
12128,1.7478957772254944,10.0,0.0,2.176304817199707,2.0,9.0,27.0,29.0,14.0,17.0,29.0,29.0,8.0,6.0,1.0,0.7950311303138733,-0.8220868706703186,5.0,-1.841604471206665,-0.31693121790885925,-28.1463037687336,2.5429269075393677,9.177913129329681,0.0,1.8593735992908478,3.0,10.0,28.0,30.0,15.0,18.0,30.0,30.0,9.0,7.0,0.0
12129,2.5429269075393677,9.177913129329681,0.0,1.8593735992908478,3.0,10.0,28.0,30.0,15.0,18.0,30.0,30.0,9.0,7.0,8.0,0.11323191970586777,-0.8009346723556519,6.0,-1.952057957649231,1.6200482845306396,-18.654125048296056,2.6561588272452354,8.37697845697403,0.0,3.4794218838214874,4.0,11.0,29.0,31.0,16.0,19.0,31.0,31.0,1.0,8.0,0.0
12130,2.6561588272452354,8.37697845697403,0.0,3.4794218838214874,4.0,11.0,29.0,31.0,16.0,19.0,31.0,31.0,1.0,8.0,1.0,1.0178028345108032,-0.5538825988769531,10.0,-1.9806272983551025,0.3324865996837616,-24.261671484003628,3.6739616617560387,7.823095858097076,0.0,3.811908483505249,5.0,1.0,30.0,32.0,17.0,20.0,32.0,32.0,2.0,9.0,0.0
12131,3.6739616617560387,7.823095858097076,0.0,3.811908483505249,5.0,1.0,30.0,32.0,17.0,20.0,32.0,32.0,2.0,9.0,8.0,0.4975353181362152,1.4697803258895874,4.0,-1.982179880142212,1.5801887512207031,-19.457791514908905,4.171496979892254,9.292876183986664,0.0,5.392097234725952,6.0,2.0,31.0,33.0,1.0,21.0,33.0,33.0,1.0,10.0,0.0
12132,4.171496979892254,9.292876183986664,0.0,5.392097234725952,6.0,2.0,31.0,33.0,1.0,21.0,33.0,33.0,1.0,10.0,5.0,-0.46996939182281494,-1.6226286888122559,0.0,-1.8623391389846802,-0.8365882039070129,-20.829111671899305,3.701527588069439,7.670247495174408,0.0,4.555509030818939,1.0,3.0,32.0,34.0,2.0,1.0,34.0,34.0,2.0,11.0,0.0
12133,3.701527588069439,7.670247495174408,0.0,4.555509030818939,1.0,3.0,32.0,34.0,2.0,1.0,34.0,34.0,2.0,11.0,9.0,-1.3602170944213867,1.8427191972732544,6.0,-1.962607979774475,1.909488320350647,-22.033807211935628,2.341310493648052,9.512966692447662,0.0,6.464997351169586,2.0,4.0,33.0,35.0,3.0,2.0,35.0,35.0,3.0,1.0,0.0
12134,2.341310493648052,9.512966692447662,0.0,6.464997351169586,2.0,4.0,33.0,35.0,3.0,2.0,35.0,35.0,3.0,1.0,10.0,-1.2755259275436401,1.522350549697876,6.0,-1.9733113050460815,1.538393497467041,-26.653172421455384,1.065784566104412,10.0,0.0,8.003390848636627,3.0,5.0,34.0,36.0,4.0,3.0,36.0,36.0,4.0,2.0,0.0
12135,1.065784566104412,10.0,0.0,8.003390848636627,3.0,5.0,34.0,36.0,4.0,3.0,36.0,36.0,4.0,2.0,10.0,-0.6211841106414795,0.5262869596481323,6.0,-1.9851797819137573,1.3647476434707642,-22.562869596481324,0.4446004554629326,10.0,0.0,9.368138492107391,4.0,6.0,35.0,37.0,5.0,4.0,37.0,37.0,5.0,3.0,0.0
12136,0.4446004554629326,10.0,0.0,9.368138492107391,4.0,6.0,35.0,37.0,5.0,4.0,37.0,37.0,5.0,3.0,10.0,-1.8412095308303833,0.982535183429718,6.0,-1.9906034469604492,1.0148149728775024,-35.37598400115202,0.0,10.0,0.0,10.0,5.0,7.0,36.0,38.0,6.0,5.0,38.0,38.0,6.0,4.0,0.0
12137,0.0,10.0,0.0,10.0,5.0,7.0,36.0,38.0,6.0,5.0,38.0,38.0,6.0,4.0,1.0,-1.2489796876907349,-0.7814120650291443,6.0,-1.989700436592102,1.6861233711242676,-46.53640757209742,0.0,9.218587934970856,0.0,10.0,6.0,8.0,37.0,39.0,7.0,6.0,39.0,39.0,7.0,5.0,0.0
12138,0.0,9.218587934970856,0.0,10.0,6.0,8.0,37.0,39.0,7.0,6.0,39.0,39.0,7.0,5.0,10.0,-0.18334586918354034,1.859169840812683,6.0,-1.962913155555725,1.4998670816421509,-31.23241753231438,0.0,10.0,0.0,10.0,7.0,9.0,38.0,40.0,8.0,7.0,40.0,40.0,8.0,6.0,0.0
12139,0.0,10.0,0.0,10.0,7.0,9.0,38.0,40.0,8.0,7.0,40.0,40.0,8.0,6.0,0.0,-0.21304017305374146,1.5519589185714722,6.0,-1.968221664428711,-1.1458325386047363,-49.71387879062378,0.0,10.0,0.0,8.854167461395264,8.0,10.0,39.0,41.0,9.0,8.0,41.0,41.0,9.0,7.0,0.0
12140,0.0,10.0,0.0,8.854167461395264,8.0,10.0,39.0,41.0,9.0,8.0,41.0,41.0,9.0,7.0,1.0,-0.8354321718215942,1.1311064958572388,0.0,-1.9352167844772339,0.8592517375946045,-52.83057356127749,0.0,10.0,0.0,9.713419198989868,9.0,11.0,40.0,42.0,10.0,9.0,42.0,42.0,10.0,8.0,0.0
12141,0.0,10.0,0.0,9.713419198989868,9.0,11.0,40.0,42.0,10.0,9.0,42.0,42.0,10.0,8.0,9.0,-1.55772066116333,-0.10587438941001892,1.0,-1.981272578239441,1.90492844581604,-46.56794664149517,0.0,9.894125610589981,0.0,10.0,10.0,12.0,41.0,43.0,11.0,10.0,43.0,43.0,11.0,1.0,0.0
12142,0.0,9.894125610589981,0.0,10.0,10.0,12.0,41.0,43.0,11.0,10.0,43.0,43.0,11.0,1.0,1.0,0.675369381904602,-0.899945080280304,6.0,-1.9887360334396362,0.8697068691253662,-36.39217664841847,0.675369381904602,8.994180530309677,0.0,10.0,11.0,13.0,42.0,44.0,12.0,11.0,44.0,44.0,12.0,2.0,0.0
12143,0.675369381904602,8.994180530309677,0.0,10.0,11.0,13.0,42.0,44.0,12.0,11.0,44.0,44.0,12.0,2.0,1.0,-1.567442774772644,-0.5700003504753113,6.0,-1.9932465553283691,-1.2531750202178955,-46.610600103167485,0.0,8.424180179834366,0.0,8.746824979782104,12.0,14.0,43.0,45.0,13.0,12.0,45.0,45.0,13.0,3.0,0.0
12144,0.0,8.424180179834366,0.0,8.746824979782104,12.0,14.0,43.0,45.0,13.0,12.0,45.0,45.0,13.0,3.0,1.0,-0.43205001950263977,-1.457982063293457,6.0,-1.9897361993789673,-0.6463427543640137,-40.6622736655364,0.0,6.966198116540909,0.0,8.10048222541809,13.0,15.0,44.0,46.0,14.0,13.0,46.0,46.0,14.0,4.0,0.0
12145,0.0,6.966198116540909,0.0,8.10048222541809,13.0,15.0,44.0,46.0,14.0,13.0,46.0,46.0,14.0,4.0,0.0,-0.9258812069892883,1.5635099411010742,1.0,-1.9790915250778198,-1.005914568901062,-43.66841535312276,0.0,8.529708057641983,0.0,7.094567656517029,1.0,16.0,45.0,47.0,15.0,14.0,47.0,47.0,15.0,5.0,0.0
12146,0.0,8.529708057641983,0.0,7.094567656517029,1.0,16.0,45.0,47.0,15.0,14.0,47.0,47.0,15.0,5.0,10.0,-1.6983627080917358,1.4363963603973389,6.0,-1.9858886003494263,-1.052164912223816,-43.18362708091736,0.0,9.966104418039322,0.0,6.042402744293213,2.0,17.0,46.0,48.0,16.0,15.0,48.0,48.0,16.0,6.0,0.0
12147,0.0,9.966104418039322,0.0,6.042402744293213,2.0,17.0,46.0,48.0,16.0,15.0,48.0,48.0,16.0,6.0,10.0,-1.070387601852417,-0.1348511129617691,6.0,-1.9927324056625366,-0.21125829219818115,-37.90387601852417,0.0,9.831253305077553,0.0,5.831144452095032,3.0,18.0,47.0,49.0,17.0,16.0,49.0,49.0,17.0,7.0,0.0
12148,0.0,9.831253305077553,0.0,5.831144452095032,3.0,18.0,47.0,49.0,17.0,16.0,49.0,49.0,17.0,7.0,10.0,-1.7541158199310303,0.3079773485660553,6.0,-1.9928514957427979,-0.8140085339546204,-45.79632769826232,0.0,10.0,0.0,5.017135918140411,4.0,19.0,48.0,50.0,18.0,17.0,50.0,50.0,18.0,8.0,0.0
12149,0.0,10.0,0.0,5.017135918140411,4.0,19.0,48.0,50.0,18.0,17.0,50.0,50.0,18.0,8.0,0.0,-0.9545377492904663,0.5301879644393921,6.0,-1.9969482421875,-1.7584538459777832,-52.867731602955914,0.0,10.0,0.0,3.258682072162628,5.0,20.0,49.0,51.0,19.0,18.0,51.0,51.0,19.0,9.0,0.0
12150,0.0,10.0,0.0,3.258682072162628,5.0,20.0,49.0,51.0,19.0,18.0,51.0,51.0,19.0,9.0,0.0,-1.970097303390503,-0.8242889642715454,6.0,-1.9986809492111206,-1.582536220550537,-60.583036719025586,0.0,9.175711035728455,0.0,1.676145851612091,6.0,21.0,50.0,52.0,20.0,19.0,52.0,52.0,20.0,10.0,0.0
12151,0.0,9.175711035728455,0.0,1.676145851612091,6.0,21.0,50.0,52.0,20.0,19.0,52.0,52.0,20.0,10.0,0.0,-0.3812007009983063,0.7972952127456665,6.0,-1.9935358762741089,-1.238080620765686,-47.689741417418695,0.0,9.973006248474121,0.0,0.43806523084640503,7.0,22.0,51.0,53.0,21.0,20.0,53.0,53.0,21.0,11.0,0.0
12152,0.0,9.973006248474121,0.0,0.43806523084640503,7.0,22.0,51.0,53.0,21.0,20.0,53.0,53.0,21.0,11.0,1.0,-1.5401934385299683,1.1768321990966797,6.0,-1.989823818206787,0.5705649852752686,-67.88937507725177,0.0,10.0,0.0,1.0086302161216736,8.0,23.0,52.0,54.0,22.0,21.0,54.0,54.0,22.0,12.0,0.0
12153,0.0,10.0,0.0,1.0086302161216736,8.0,23.0,52.0,54.0,22.0,21.0,54.0,54.0,22.0,12.0,0.0,0.04551280289888382,0.6937193870544434,0.0,-1.997693657875061,-0.00698150834068656,-52.84393803320877,0.04551280289888382,10.0,0.0,1.001648707780987,1.0,24.0,53.0,55.0,23.0,22.0,55.0,55.0,23.0,13.0,0.0
12154,0.04551280289888382,10.0,0.0,1.001648707780987,1.0,24.0,53.0,55.0,23.0,22.0,55.0,55.0,23.0,13.0,0.0,-0.33404552936553955,1.3345441818237305,4.0,-1.9974944591522217,0.21341511607170105,-59.80253814645171,0.0,10.0,0.0,1.215063823852688,2.0,25.0,54.0,56.0,24.0,23.0,56.0,56.0,24.0,14.0,0.0
12155,0.0,10.0,0.0,1.215063823852688,2.0,25.0,54.0,56.0,24.0,23.0,56.0,56.0,24.0,14.0,0.0,-1.4930431842803955,-1.3419084548950195,6.0,-1.992314100265503,1.4804677963256836,-58.622364400859986,0.0,8.65809154510498,0.0,2.6955316201783717,1.0,26.0,55.0,57.0,25.0,24.0,57.0,57.0,25.0,15.0,0.0
12156,0.0,8.65809154510498,0.0,2.6955316201783717,1.0,26.0,55.0,57.0,25.0,24.0,57.0,57.0,25.0,15.0,0.0,-0.7010831832885742,-0.6548014879226685,4.0,-1.9922500848770142,0.5845244526863098,-50.216212975901925,0.0,8.003290057182312,0.0,3.2800560728646815,1.0,27.0,56.0,58.0,1.0,25.0,58.0,58.0,26.0,16.0,0.0
12157,0.0,8.003290057182312,0.0,3.2800560728646815,1.0,27.0,56.0,58.0,1.0,25.0,58.0,58.0,26.0,16.0,0.0,-1.9931918382644653,-0.03426496684551239,6.0,-1.9896577596664429,0.030777959153056145,-61.468402653652745,0.0,7.9690250903368,0.0,3.3108340320177376,1.0,28.0,57.0,59.0,2.0,26.0,59.0,59.0,27.0,17.0,0.0
12158,0.0,7.9690250903368,0.0,3.3108340320177376,1.0,28.0,57.0,59.0,2.0,26.0,59.0,59.0,27.0,17.0,0.0,-1.9878185987472534,0.8265991806983948,6.0,-1.9901500940322876,0.2549212574958801,-64.07823668061079,0.0,8.795624271035194,0.0,3.5657552895136178,1.0,29.0,58.0,60.0,3.0,27.0,60.0,60.0,28.0,18.0,0.0
12159,0.0,8.795624271035194,0.0,3.5657552895136178,1.0,29.0,58.0,60.0,3.0,27.0,60.0,60.0,28.0,18.0,0.0,-1.9485273361206055,0.10194680094718933,6.0,-1.9930940866470337,1.2330044507980347,-64.91750231478579,0.0,8.897571071982384,0.0,4.798759740311652,2.0,30.0,59.0,61.0,4.0,28.0,61.0,61.0,29.0,19.0,0.0
12160,0.0,8.897571071982384,0.0,4.798759740311652,2.0,30.0,59.0,61.0,4.0,28.0,61.0,61.0,29.0,19.0,1.0,-1.9392435550689697,0.4914860725402832,6.0,-1.9953155517578125,-1.6920208930969238,-70.898597343467,0.0,9.389057144522667,0.0,3.1067388472147286,3.0,31.0,60.0,62.0,5.0,29.0,62.0,62.0,30.0,20.0,0.0
12161,0.0,9.389057144522667,0.0,3.1067388472147286,3.0,31.0,60.0,62.0,5.0,29.0,62.0,62.0,30.0,20.0,0.0,-1.8167940378189087,-0.08417751640081406,1.0,-1.9824268817901611,-0.19736433029174805,-66.55994300965716,0.0,9.304879628121853,0.0,2.9093745169229805,4.0,1.0,61.0,63.0,6.0,30.0,63.0,63.0,31.0,21.0,0.0
12162,0.0,9.304879628121853,0.0,2.9093745169229805,4.0,1.0,61.0,63.0,6.0,30.0,63.0,63.0,31.0,21.0,0.0,-1.9785332679748535,0.587195873260498,6.0,-1.9874166250228882,0.5308746695518494,-67.55150701898832,0.0,9.892075501382351,0.0,3.44024918647483,5.0,2.0,62.0,64.0,7.0,31.0,64.0,64.0,32.0,22.0,0.0
12163,0.0,9.892075501382351,0.0,3.44024918647483,5.0,2.0,62.0,64.0,7.0,31.0,64.0,64.0,32.0,22.0,0.0,-1.8241299390792847,1.1300493478775024,4.0,-1.9518495798110962,-1.8828346729278564,-69.95853058737077,0.0,10.0,0.0,1.5574145135469735,6.0,3.0,63.0,65.0,8.0,32.0,65.0,65.0,33.0,23.0,0.0
12164,0.0,10.0,0.0,1.5574145135469735,6.0,3.0,63.0,65.0,8.0,32.0,65.0,65.0,33.0,23.0,8.0,-1.9184726476669312,0.8792510032653809,6.0,-1.9843308925628662,-0.6946650743484497,-58.70735070364615,0.0,10.0,0.0,0.8627494391985238,7.0,4.0,64.0,66.0,9.0,33.0,66.0,66.0,1.0,24.0,0.0
12165,0.0,10.0,0.0,0.8627494391985238,7.0,4.0,64.0,66.0,9.0,33.0,66.0,66.0,1.0,24.0,0.0,0.19474580883979797,-0.20349624752998352,6.0,-1.991590976715088,1.887922763824463,-47.04372096672449,0.19474580883979797,9.796503752470016,0.0,2.7506722030229867,8.0,5.0,65.0,67.0,10.0,34.0,67.0,67.0,2.0,25.0,0.0
12166,0.19474580883979797,9.796503752470016,0.0,2.7506722030229867,8.0,5.0,65.0,67.0,10.0,34.0,67.0,67.0,2.0,25.0,9.0,-0.0634911060333252,1.740178108215332,6.0,-1.9898655414581299,1.4292420148849487,-57.48651652071484,0.13125470280647278,10.0,0.0,4.179914217907935,9.0,6.0,66.0,68.0,11.0,35.0,68.0,68.0,3.0,1.0,0.0
12167,0.13125470280647278,10.0,0.0,4.179914217907935,9.0,6.0,66.0,68.0,11.0,35.0,68.0,68.0,3.0,1.0,10.0,-1.8313323259353638,1.8895902633666992,4.0,-1.9976376295089722,1.8572429418563843,-59.91813385768871,0.0,10.0,0.0,6.03715715976432,10.0,7.0,67.0,69.0,1.0,36.0,69.0,69.0,4.0,2.0,0.0
12168,0.0,10.0,0.0,6.03715715976432,10.0,7.0,67.0,69.0,1.0,36.0,69.0,69.0,4.0,2.0,10.0,-1.1242344379425049,1.7609236240386963,6.0,-1.999018669128418,1.8579487800598145,-55.29199626927373,0.0,10.0,0.0,7.895105939824134,11.0,8.0,68.0,70.0,2.0,37.0,70.0,70.0,5.0,3.0,0.0
12169,0.0,10.0,0.0,7.895105939824134,11.0,8.0,68.0,70.0,2.0,37.0,70.0,70.0,5.0,3.0,10.0,-1.5627753734588623,1.8922388553619385,6.0,-1.9982483386993408,1.7989214658737183,-59.94146440950691,0.0,10.0,0.0,9.694027405697852,12.0,9.0,69.0,71.0,3.0,38.0,71.0,71.0,6.0,4.0,0.0
12170,0.0,10.0,0.0,9.694027405697852,12.0,9.0,69.0,71.0,3.0,38.0,71.0,71.0,6.0,4.0,10.0,-1.4658039808273315,1.740787148475647,6.0,-1.999452829360962,1.8442230224609375,-59.157243256834136,0.0,10.0,0.0,10.0,13.0,10.0,70.0,72.0,4.0,39.0,72.0,72.0,7.0,5.0,0.0
12171,0.0,10.0,0.0,10.0,13.0,10.0,70.0,72.0,4.0,39.0,72.0,72.0,7.0,5.0,10.0,-0.30518701672554016,1.6584582328796387,6.0,-1.9979397058486938,1.6862945556640625,-54.263044877435654,0.0,10.0,0.0,10.0,14.0,11.0,71.0,73.0,5.0,40.0,73.0,73.0,8.0,6.0,0.0
12172,0.0,10.0,0.0,10.0,14.0,11.0,71.0,73.0,5.0,40.0,73.0,73.0,8.0,6.0,5.0,0.02293974906206131,0.6135768890380859,6.0,-1.9981173276901245,1.932631254196167,-59.70415421757582,0.02293974906206131,10.0,0.0,10.0,15.0,12.0,72.0,74.0,6.0,41.0,74.0,74.0,9.0,7.0,0.0
12173,0.02293974906206131,10.0,0.0,10.0,15.0,12.0,72.0,74.0,6.0,41.0,74.0,74.0,9.0,7.0,10.0,-1.3717355728149414,0.238974928855896,6.0,-1.9949274063110352,1.9090412855148315,-53.098026101577155,0.0,10.0,0.0,10.0,16.0,13.0,73.0,75.0,7.0,42.0,75.0,75.0,10.0,8.0,0.0
12174,0.0,10.0,0.0,10.0,16.0,13.0,73.0,75.0,7.0,42.0,75.0,75.0,10.0,8.0,9.0,-1.5405306816101074,-0.14614510536193848,6.0,-1.9984242916107178,1.7752163410186768,-63.41023248819796,0.0,9.853854894638062,0.0,10.0,17.0,14.0,74.0,76.0,8.0,43.0,76.0,76.0,11.0,1.0,0.0
12175,0.0,9.853854894638062,0.0,10.0,17.0,14.0,74.0,76.0,8.0,43.0,76.0,76.0,11.0,1.0,10.0,0.189561665058136,0.09285897761583328,6.0,-1.9980864524841309,1.5171395540237427,-40.6,0.189561665058136,9.946713872253895,0.0,10.0,18.0,15.0,75.0,77.0,9.0,44.0,77.0,77.0,12.0,2.0,0.0
12176,0.189561665058136,9.946713872253895,0.0,10.0,18.0,15.0,75.0,77.0,9.0,44.0,77.0,77.0,12.0,2.0,10.0,-1.6867583990097046,-0.39192864298820496,6.0,-1.996863842010498,1.947428822517395,-56.57196733951569,0.0,9.55478522926569,0.0,10.0,19.0,16.0,76.0,78.0,10.0,45.0,78.0,78.0,13.0,3.0,0.0
12177,0.0,9.55478522926569,0.0,10.0,19.0,16.0,76.0,78.0,10.0,45.0,78.0,78.0,13.0,3.0,10.0,-0.846185028553009,1.89234459400177,6.0,-1.9933589696884155,1.9206573963165283,-59.36369239737286,0.0,10.0,0.0,10.0,20.0,17.0,77.0,79.0,11.0,46.0,79.0,79.0,14.0,4.0,0.0
12178,0.0,10.0,0.0,10.0,20.0,17.0,77.0,79.0,11.0,46.0,79.0,79.0,14.0,4.0,10.0,-1.9426467418670654,0.865987241268158,4.0,-1.9990192651748657,1.8089053630828857,-64.86925072898893,0.0,10.0,0.0,10.0,21.0,18.0,78.0,80.0,12.0,47.0,80.0,80.0,15.0,5.0,0.0
12179,0.0,10.0,0.0,10.0,21.0,18.0,78.0,80.0,12.0,47.0,80.0,80.0,15.0,5.0,10.0,-0.41027703881263733,0.936538815498352,6.0,-1.9969427585601807,1.343361496925354,-54.82463789829216,0.0,10.0,0.0,10.0,22.0,19.0,79.0,81.0,13.0,48.0,81.0,81.0,16.0,6.0,0.0
12180,0.0,10.0,0.0,10.0,22.0,19.0,79.0,81.0,13.0,48.0,81.0,81.0,16.0,6.0,0.0,-1.4160575866699219,0.642691433429718,6.0,-1.9994465112686157,-0.01909889280796051,-73.89954215785932,0.0,10.0,0.0,9.98090110719204,23.0,20.0,80.0,82.0,14.0,49.0,82.0,82.0,17.0,7.0,0.0
12181,0.0,10.0,0.0,9.98090110719204,23.0,20.0,80.0,82.0,14.0,49.0,82.0,82.0,17.0,7.0,0.0,-1.7948838472366333,1.3505111932754517,4.0,-1.9996451139450073,1.5631011724472046,-81.81091487392358,0.0,10.0,0.0,10.0,24.0,21.0,81.0,83.0,15.0,50.0,83.0,83.0,18.0,8.0,0.0
12182,0.0,10.0,0.0,10.0,24.0,21.0,81.0,83.0,15.0,50.0,83.0,83.0,18.0,8.0,0.0,-1.618646502494812,1.1539207696914673,6.0,-1.9996436834335327,1.2749743461608887,-80.22725508152973,0.0,10.0,0.0,10.0,25.0,22.0,82.0,84.0,16.0,51.0,84.0,84.0,19.0,9.0,0.0
12183,0.0,10.0,0.0,10.0,25.0,22.0,82.0,84.0,16.0,51.0,84.0,84.0,19.0,9.0,0.0,0.3612171411514282,1.5245434045791626,6.0,-1.9996501207351685,0.8499961495399475,-76.27847616709535,0.3612171411514282,10.0,0.0,10.0,26.0,23.0,83.0,85.0,17.0,52.0,85.0,85.0,20.0,10.0,0.0
12184,0.3612171411514282,10.0,0.0,10.0,26.0,23.0,83.0,85.0,17.0,52.0,85.0,85.0,20.0,10.0,0.0,-1.493888020515442,1.8849878311157227,4.0,-1.9994964599609375,-0.857241153717041,-84.33993560790574,0.0,10.0,0.0,9.142758846282959,27.0,24.0,84.0,86.0,18.0,53.0,86.0,86.0,21.0,11.0,0.0
12185,0.0,10.0,0.0,9.142758846282959,27.0,24.0,84.0,86.0,18.0,53.0,86.0,86.0,21.0,11.0,0.0,-0.6994324922561646,1.1918050050735474,1.0,-1.9997739791870117,0.32593658566474915,-77.16759575983836,0.0,10.0,0.0,9.468695431947708,28.0,25.0,85.0,87.0,19.0,54.0,87.0,87.0,22.0,12.0,0.0
12186,0.0,10.0,0.0,9.468695431947708,28.0,25.0,85.0,87.0,19.0,54.0,87.0,87.0,22.0,12.0,0.0,-1.907292366027832,1.017016887664795,1.0,-1.9996848106384277,1.0688108205795288,-85.96376218899363,0.0,10.0,0.0,10.0,29.0,26.0,86.0,88.0,20.0,55.0,88.0,88.0,23.0,13.0,0.0
12187,0.0,10.0,0.0,10.0,29.0,26.0,86.0,88.0,20.0,55.0,88.0,88.0,23.0,13.0,0.0,1.4182926416397095,1.9327301979064941,6.0,-1.999619483947754,-0.3224882185459137,-83.66883069502606,1.4182926416397095,10.0,0.0,9.677511781454086,30.0,27.0,87.0,89.0,21.0,56.0,89.0,89.0,24.0,14.0,0.0
12188,1.4182926416397095,10.0,0.0,9.677511781454086,30.0,27.0,87.0,89.0,21.0,56.0,89.0,89.0,24.0,14.0,0.0,0.740716814994812,1.8538769483566284,4.0,-1.999697208404541,0.5764630436897278,-83.60214557314096,2.1590094566345215,10.0,0.0,10.0,31.0,28.0,88.0,90.0,22.0,57.0,90.0,90.0,25.0,15.0,0.0
12189,2.1590094566345215,10.0,0.0,10.0,31.0,28.0,88.0,90.0,22.0,57.0,90.0,90.0,25.0,15.0,0.0,1.1767282485961914,1.6571978330612183,1.0,-1.999401330947876,-1.1304830312728882,-82.54319990065278,3.335737705230713,10.0,0.0,8.869516968727112,32.0,29.0,89.0,91.0,23.0,58.0,91.0,91.0,26.0,16.0,0.0
12190,3.335737705230713,10.0,0.0,8.869516968727112,32.0,29.0,89.0,91.0,23.0,58.0,91.0,91.0,26.0,16.0,0.0,0.806077241897583,1.5361791849136353,1.0,-1.9994930028915405,0.7613493800163269,-82.51762176202662,4.141814947128296,10.0,0.0,9.630866348743439,33.0,30.0,90.0,92.0,24.0,59.0,92.0,92.0,27.0,17.0,0.0
12191,4.141814947128296,10.0,0.0,9.630866348743439,33.0,30.0,90.0,92.0,24.0,59.0,92.0,92.0,27.0,17.0,0.0,-1.2086883783340454,0.6431251168251038,4.0,-1.9991984367370605,-1.2373380661010742,-74.38569433690023,2.9331265687942505,10.0,0.0,8.393528282642365,34.0,31.0,91.0,93.0,25.0,60.0,93.0,93.0,28.0,18.0,0.0
12192,2.9331265687942505,10.0,0.0,8.393528282642365,34.0,31.0,91.0,93.0,25.0,60.0,93.0,93.0,28.0,18.0,0.0,-1.3351492881774902,-1.2607231140136719,1.0,-1.99965238571167,-1.3041660785675049,-62.78278361833462,1.5979772806167603,8.739276885986328,0.0,7.08936220407486,1.0,32.0,92.0,94.0,26.0,61.0,94.0,94.0,29.0,19.0,0.0
12193,1.5979772806167603,8.739276885986328,0.0,7.08936220407486,1.0,32.0,92.0,94.0,26.0,61.0,94.0,94.0,29.0,19.0,0.0,-0.5176886320114136,1.8575875759124756,6.0,-1.9997644424438477,1.5806763172149658,-73.09361482825244,1.0802886486053467,10.0,0.0,8.670038521289825,2.0,33.0,93.0,95.0,27.0,62.0,95.0,95.0,30.0,20.0,0.0
12194,1.0802886486053467,10.0,0.0,8.670038521289825,2.0,33.0,93.0,95.0,27.0,62.0,95.0,95.0,30.0,20.0,0.0,-0.43923404812812805,1.975956678390503,6.0,-1.9997864961624146,0.32647544145584106,-88.17583341058413,0.6410546004772186,10.0,0.0,8.996513962745667,3.0,34.0,94.0,96.0,28.0,63.0,96.0,96.0,31.0,21.0,0.0
12195,0.6410546004772186,10.0,0.0,8.996513962745667,3.0,34.0,94.0,96.0,28.0,63.0,96.0,96.0,31.0,21.0,0.0,-1.3714407682418823,0.44307488203048706,6.0,-1.9997488260269165,1.3269965648651123,-78.49146212875795,0.0,10.0,0.0,10.0,4.0,35.0,95.0,97.0,29.0,64.0,97.0,97.0,32.0,22.0,0.0
12196,0.0,10.0,0.0,10.0,4.0,35.0,95.0,97.0,29.0,64.0,97.0,97.0,32.0,22.0,0.0,0.719631016254425,1.7670212984085083,6.0,-1.9997071027755737,-0.4118447005748749,-88.02997580289956,0.719631016254425,10.0,0.0,9.588155299425125,5.0,36.0,96.0,98.0,30.0,65.0,98.0,98.0,33.0,23.0,0.0
12197,0.719631016254425,10.0,0.0,9.588155299425125,5.0,36.0,96.0,98.0,30.0,65.0,98.0,98.0,33.0,23.0,0.0,-1.5119417905807495,-1.368955135345459,1.0,-1.9997750520706177,0.09130876511335373,-76.05513687682921,0.0,8.631044864654541,0.0,9.679464064538479,1.0,37.0,97.0,99.0,31.0,66.0,99.0,99.0,34.0,24.0,0.0
12198,0.0,8.631044864654541,0.0,9.679464064538479,1.0,37.0,97.0,99.0,31.0,66.0,99.0,99.0,34.0,24.0,0.0,0.2538019120693207,0.46604952216148376,6.0,-1.998141884803772,0.2659057080745697,-69.96990429435358,0.2538019120693207,9.097094386816025,0.0,9.945369772613049,2.0,38.0,98.0,100.0,32.0,67.0,100.0,100.0,35.0,25.0,0.0
12199,0.2538019120693207,9.097094386816025,0.0,9.945369772613049,2.0,38.0,98.0,100.0,32.0,67.0,100.0,100.0,35.0,25.0,0.0,-0.3494913876056671,1.7716556787490845,1.0,-1.998345971107483,-1.1895949840545654,-81.88879091608159,0.0,10.0,0.0,8.755774788558483,3.0,39.0,99.0,100.0,33.0,68.0,100.0,100.0,36.0,26.0,1.0
12200,6.288415908813477,1.189653992652893,8.519546508789062,1.9022208452224731,1.0,1.0,1.0,1.0,1.0,1.0,1.0,1.0,1.0,1.0,2.0,-1.7509046792984009,1.7658003568649292,4.0,-1.991894245147705,-1.8175560235977173,-5.187505312432628,4.537511229515076,2.9554543495178223,6.527652263641357,0.08466482162475586,2.0,2.0,1.0,2.0,1.0,2.0,2.0,2.0,2.0,2.0,0.0
12201,4.537511229515076,2.9554543495178223,6.527652263641357,0.08466482162475586,2.0,2.0,1.0,2.0,1.0,2.0,2.0,2.0,2.0,2.0,2.0,-1.8828343152999878,0.5863954424858093,4.0,-1.9449611902236938,-1.4853154420852661,-7.000523436746037,2.654676914215088,3.5418497920036316,4.582691073417664,0.0,3.0,3.0,1.0,3.0,1.0,3.0,3.0,3.0,3.0,3.0,0.0
12202,2.654676914215088,3.5418497920036316,4.582691073417664,0.0,3.0,3.0,1.0,3.0,1.0,3.0,3.0,3.0,3.0,3.0,2.0,0.29563742876052856,-1.3366197347640991,1.0,-1.3990447521209717,-1.330463171005249,-9.171463495490997,2.9503143429756165,2.2052300572395325,3.183646321296692,0.0,4.0,1.0,1.0,4.0,2.0,4.0,4.0,4.0,4.0,4.0,0.0
12203,2.9503143429756165,2.2052300572395325,3.183646321296692,0.0,4.0,1.0,1.0,4.0,2.0,4.0,4.0,4.0,4.0,4.0,5.0,-1.0743852853775024,0.8109484314918518,1.0,-1.9139573574066162,-1.8584445714950562,-11.366148863974491,1.875929057598114,3.0161784887313843,1.2696889638900757,0.0,5.0,1.0,2.0,5.0,3.0,1.0,5.0,5.0,5.0,5.0,0.0
12204,1.875929057598114,3.0161784887313843,1.2696889638900757,0.0,5.0,1.0,2.0,5.0,3.0,1.0,5.0,5.0,5.0,5.0,5.0,-1.1694978475570679,-1.737215280532837,0.0,-0.16996806859970093,-1.4616806507110596,-16.415803539913156,0.7064312100410461,1.2789632081985474,1.0997208952903748,0.0,1.0,2.0,3.0,6.0,4.0,2.0,6.0,6.0,6.0,6.0,0.0
12205,0.7064312100410461,1.2789632081985474,1.0997208952903748,0.0,1.0,2.0,3.0,6.0,4.0,2.0,6.0,6.0,6.0,6.0,0.0,-0.23436124622821808,-1.555992841720581,5.0,-0.6995115876197815,1.4183905124664307,-9.364563026738214,0.47206996381282806,0.0,0.40020930767059326,1.4183905124664307,1.0,3.0,4.0,7.0,5.0,3.0,7.0,7.0,7.0,7.0,0.0
12206,0.47206996381282806,0.0,0.40020930767059326,1.4183905124664307,1.0,3.0,4.0,7.0,5.0,3.0,7.0,7.0,7.0,7.0,5.0,-1.0504010915756226,0.494867742061615,3.0,-1.8974967002868652,-0.9872592091560364,-26.38297486016308,0.0,0.494867742061615,0.0,0.4311313033103943,2.0,4.0,5.0,1.0,6.0,4.0,8.0,8.0,8.0,8.0,0.0
12207,0.0,0.494867742061615,0.0,0.4311313033103943,2.0,4.0,5.0,1.0,6.0,4.0,8.0,8.0,8.0,8.0,5.0,-1.2892556190490723,1.4046900272369385,4.0,-0.5655933618545532,-1.3165366649627686,-32.13628120450785,0.0,1.8995577692985535,0.0,0.0,3.0,5.0,6.0,2.0,7.0,5.0,9.0,9.0,9.0,9.0,0.0
12208,0.0,1.8995577692985535,0.0,0.0,3.0,5.0,6.0,2.0,7.0,5.0,9.0,9.0,9.0,9.0,5.0,-0.08852600306272507,0.4808726906776428,1.0,1.4108870029449463,-0.9828770756721497,-20.70264243975543,0.0,2.3804304599761963,1.4108870029449463,0.0,4.0,1.0,7.0,3.0,8.0,6.0,10.0,10.0,10.0,10.0,0.0
12209,0.0,2.3804304599761963,1.4108870029449463,0.0,4.0,1.0,7.0,3.0,8.0,6.0,10.0,10.0,10.0,10.0,8.0,-0.9414389133453369,1.557059645652771,2.0,1.3040560483932495,-1.561838150024414,-20.916568029314554,0.0,3.9374901056289673,2.714943051338196,0.0,5.0,2.0,1.0,4.0,9.0,7.0,11.0,11.0,1.0,11.0,0.0
12210,0.0,3.9374901056289673,2.714943051338196,0.0,5.0,2.0,1.0,4.0,9.0,7.0,11.0,11.0,1.0,11.0,9.0,-0.380975604057312,-1.0727320909500122,10.0,-1.5717086791992188,-1.4424149990081787,-11.036341051735125,0.0,2.864758014678955,1.143234372138977,0.0,6.0,3.0,2.0,5.0,10.0,8.0,12.0,12.0,2.0,1.0,0.0
12211,0.0,2.864758014678955,1.143234372138977,0.0,6.0,3.0,2.0,5.0,10.0,8.0,12.0,12.0,2.0,1.0,8.0,0.5641674995422363,-1.6984854936599731,8.0,-0.8377247452735901,-1.6661489009857178,-15.102762556126171,0.5641674995422363,1.166272521018982,0.30550962686538696,0.0,7.0,4.0,3.0,6.0,11.0,9.0,13.0,13.0,1.0,2.0,0.0
12212,0.5641674995422363,1.166272521018982,0.30550962686538696,0.0,7.0,4.0,3.0,6.0,11.0,9.0,13.0,13.0,1.0,2.0,5.0,0.7152240872383118,0.5318788886070251,4.0,-1.1231118440628052,0.021312741562724113,-16.92610544547559,1.279391586780548,1.698151409626007,0.0,0.021312741562724113,8.0,5.0,4.0,7.0,12.0,1.0,14.0,14.0,2.0,3.0,0.0
12213,1.279391586780548,1.698151409626007,0.0,0.021312741562724113,8.0,5.0,4.0,7.0,12.0,1.0,14.0,14.0,2.0,3.0,1.0,1.6061487197875977,-1.6876779794692993,1.0,-0.27427399158477783,-0.8224108219146729,-11.239610772178814,2.8855403065681458,0.010473430156707764,0.0,0.0,9.0,1.0,5.0,8.0,13.0,2.0,15.0,15.0,3.0,4.0,0.0
12214,2.8855403065681458,0.010473430156707764,0.0,0.0,9.0,1.0,5.0,8.0,13.0,2.0,15.0,15.0,3.0,4.0,8.0,-0.8578894138336182,0.1713041216135025,0.0,0.2860988676548004,-0.0895957499742508,-17.259213824419323,2.0276508927345276,0.18177755177021027,0.2860988676548004,0.0,1.0,2.0,6.0,9.0,14.0,3.0,16.0,16.0,1.0,5.0,0.0
12215,2.0276508927345276,0.18177755177021027,0.2860988676548004,0.0,1.0,2.0,6.0,9.0,14.0,3.0,16.0,16.0,1.0,5.0,4.0,-0.7356786131858826,1.750066876411438,6.0,-0.610562264919281,1.2676085233688354,-14.487743952569728,1.291972279548645,1.9318444281816483,0.0,1.2676085233688354,2.0,3.0,7.0,10.0,1.0,4.0,17.0,17.0,2.0,6.0,0.0
12216,1.291972279548645,1.9318444281816483,0.0,1.2676085233688354,2.0,3.0,7.0,10.0,1.0,4.0,17.0,17.0,2.0,6.0,0.0,-1.206677794456482,1.4677140712738037,6.0,-1.6389120817184448,-1.6705390214920044,-9.73109376338058,0.08529448509216309,3.399558499455452,0.0,0.0,1.0,4.0,8.0,11.0,2.0,5.0,18.0,18.0,3.0,7.0,0.0
12217,0.08529448509216309,3.399558499455452,0.0,0.0,1.0,4.0,8.0,11.0,2.0,5.0,18.0,18.0,3.0,7.0,9.0,0.9710310101509094,-1.8272314071655273,6.0,0.10136209428310394,-1.5152876377105713,-8.793979131099647,1.0563254952430725,1.5723270922899246,0.10136209428310394,0.0,2.0,5.0,9.0,12.0,3.0,6.0,19.0,19.0,4.0,1.0,0.0
12218,1.0563254952430725,1.5723270922899246,0.10136209428310394,0.0,2.0,5.0,9.0,12.0,3.0,6.0,19.0,19.0,4.0,1.0,9.0,1.1513910293579102,0.38434264063835144,3.0,-1.58078134059906,-1.3328509330749512,-9.23696498980779,2.2077165246009827,1.956669732928276,0.0,0.0,3.0,6.0,10.0,1.0,4.0,7.0,20.0,20.0,5.0,1.0,0.0
12219,2.2077165246009827,1.956669732928276,0.0,0.0,3.0,6.0,10.0,1.0,4.0,7.0,20.0,20.0,5.0,1.0,5.0,0.707446813583374,-1.5880624055862427,2.0,-0.48873406648635864,-0.9771836996078491,-16.31423078726405,2.9151633381843567,0.3686073273420334,0.0,0.0,4.0,7.0,11.0,2.0,5.0,1.0,21.0,21.0,6.0,2.0,0.0
12220,2.9151633381843567,0.3686073273420334,0.0,0.0,4.0,7.0,11.0,2.0,5.0,1.0,21.0,21.0,6.0,2.0,10.0,-0.7690698504447937,-1.5525943040847778,1.0,-1.0335032939910889,-1.3215497732162476,-20.839869767427444,2.146093487739563,0.0,0.0,0.0,5.0,1.0,12.0,3.0,6.0,2.0,22.0,22.0,7.0,3.0,0.0
12221,2.146093487739563,0.0,0.0,0.0,5.0,1.0,12.0,3.0,6.0,2.0,22.0,22.0,7.0,3.0,9.0,-1.7539210319519043,0.43757981061935425,1.0,-1.4974628686904907,0.8514581918716431,-10.861384798378294,0.3921724557876587,0.43757981061935425,0.0,0.8514581918716431,6.0,1.0,13.0,4.0,7.0,3.0,23.0,23.0,8.0,1.0,0.0
12222,0.3921724557876587,0.43757981061935425,0.0,0.8514581918716431,6.0,1.0,13.0,4.0,7.0,3.0,23.0,23.0,8.0,1.0,9.0,-1.3439574241638184,1.764788031578064,10.0,-0.9991448521614075,0.5056182742118835,-20.54021332793152,0.0,2.202367842197418,0.0,1.3570764660835266,7.0,2.0,14.0,5.0,8.0,4.0,24.0,24.0,9.0,1.0,0.0
12223,0.0,2.202367842197418,0.0,1.3570764660835266,7.0,2.0,14.0,5.0,8.0,4.0,24.0,24.0,9.0,1.0,8.0,1.4203649759292603,1.2837018966674805,1.0,0.4885506331920624,0.5575540661811829,-13.583753714793627,1.4203649759292603,3.4860697388648987,0.4885506331920624,1.9146305322647095,8.0,1.0,15.0,6.0,9.0,5.0,25.0,25.0,1.0,2.0,0.0
12224,1.4203649759292603,3.4860697388648987,0.4885506331920624,1.9146305322647095,8.0,1.0,15.0,6.0,9.0,5.0,25.0,25.0,1.0,2.0,5.0,-1.2760452032089233,0.04996630549430847,2.0,-0.03450718894600868,-1.5669859647750854,-22.008890291215003,0.14431977272033691,3.536036044359207,0.4540434442460537,0.347644567489624,9.0,2.0,16.0,7.0,10.0,6.0,26.0,26.0,2.0,3.0,0.0
12225,0.14431977272033691,3.536036044359207,0.4540434442460537,0.347644567489624,9.0,2.0,16.0,7.0,10.0,6.0,26.0,26.0,2.0,3.0,8.0,0.15030138194561005,-1.0057966709136963,2.0,0.7728526592254639,-0.39023855328559875,-17.61139472626856,0.29462115466594696,2.530239373445511,1.2268961034715176,0.0,10.0,3.0,17.0,8.0,11.0,7.0,27.0,27.0,1.0,4.0,0.0
12226,0.29462115466594696,2.530239373445511,1.2268961034715176,0.0,10.0,3.0,17.0,8.0,11.0,7.0,27.0,27.0,1.0,4.0,9.0,1.9605737924575806,-0.652483344078064,2.0,1.4195709228515625,-0.7245354056358337,-12.45950096174792,2.2551949471235275,1.877756029367447,2.64646702632308,0.0,11.0,4.0,18.0,9.0,12.0,8.0,28.0,28.0,2.0,1.0,0.0
12227,2.2551949471235275,1.877756029367447,2.64646702632308,0.0,11.0,4.0,18.0,9.0,12.0,8.0,28.0,28.0,2.0,1.0,10.0,1.617460012435913,-0.3594413697719574,2.0,-1.9097023010253906,1.5549956560134888,-13.1,3.8726549595594406,1.5183146595954895,0.7367647252976894,1.5549956560134888,12.0,5.0,1.0,10.0,13.0,9.0,29.0,29.0,3.0,2.0,0.0
12228,3.8726549595594406,1.5183146595954895,0.7367647252976894,1.5549956560134888,12.0,5.0,1.0,10.0,13.0,9.0,29.0,29.0,3.0,2.0,1.0,-0.520756185054779,-1.34586501121521,2.0,-0.22017885744571686,-1.5848724842071533,-14.85755064457178,3.3518987745046616,0.17244964838027954,0.5165858678519726,0.0,13.0,1.0,2.0,11.0,14.0,10.0,30.0,30.0,4.0,3.0,0.0
12229,3.3518987745046616,0.17244964838027954,0.5165858678519726,0.0,13.0,1.0,2.0,11.0,14.0,10.0,30.0,30.0,4.0,3.0,5.0,-1.0246661901474,-1.3869249820709229,2.0,-0.5827082395553589,-1.2747584581375122,-33.88072725988765,2.3272325843572617,0.0,0.0,0.0,14.0,2.0,3.0,12.0,15.0,1.0,31.0,31.0,5.0,4.0,0.0
12230,2.3272325843572617,0.0,0.0,0.0,14.0,2.0,3.0,12.0,15.0,1.0,31.0,31.0,5.0,4.0,5.0,1.042360782623291,-0.012512841261923313,10.0,-0.5577269196510315,1.4034351110458374,-20.93489460673937,3.3695933669805527,0.0,0.0,1.4034351110458374,15.0,3.0,4.0,13.0,16.0,1.0,32.0,32.0,6.0,5.0,0.0
12231,3.3695933669805527,0.0,0.0,1.4034351110458374,15.0,3.0,4.0,13.0,16.0,1.0,32.0,32.0,6.0,5.0,5.0,-0.28816303610801697,0.3095228672027588,6.0,0.9075941443443298,0.8853536248207092,-21.716028313834702,3.0814303308725357,0.3095228672027588,0.9075941443443298,2.2887887358665466,16.0,4.0,5.0,14.0,17.0,1.0,33.0,33.0,7.0,6.0,0.0
12232,3.0814303308725357,0.3095228672027588,0.9075941443443298,2.2887887358665466,16.0,4.0,5.0,14.0,17.0,1.0,33.0,33.0,7.0,6.0,4.0,-0.5655755400657654,-0.9679872393608093,1.0,1.1263105869293213,0.01631655916571617,-27.3651077588607,2.5158547908067703,0.0,2.033904731273651,2.305105295032263,17.0,1.0,6.0,15.0,1.0,2.0,34.0,34.0,8.0,7.0,0.0
12233,2.5158547908067703,0.0,2.033904731273651,2.305105295032263,17.0,1.0,6.0,15.0,1.0,2.0,34.0,34.0,8.0,7.0,9.0,0.22372595965862274,0.6258643269538879,1.0,-0.10307077318429947,-0.16682559251785278,-13.83755746515367,2.739580750465393,0.6258643269538879,1.9308339580893517,2.13827970251441,18.0,1.0,7.0,16.0,2.0,3.0,35.0,35.0,9.0,1.0,0.0
12234,2.739580750465393,0.6258643269538879,1.9308339580893517,2.13827970251441,18.0,1.0,7.0,16.0,2.0,3.0,35.0,35.0,9.0,1.0,9.0,-0.005771382711827755,-0.6134936809539795,6.0,-1.7659014463424683,-1.4133305549621582,-15.14699237648651,2.7338093677535653,0.012370645999908447,0.1649325117468834,0.7249491475522518,19.0,2.0,8.0,17.0,3.0,4.0,36.0,36.0,10.0,1.0,0.0
12235,2.7338093677535653,0.012370645999908447,0.1649325117468834,0.7249491475522518,19.0,2.0,8.0,17.0,3.0,4.0,36.0,36.0,10.0,1.0,5.0,-0.18196134269237518,0.9867610931396484,0.0,-1.4076831340789795,-0.3565753102302551,-22.320056107447982,2.55184802506119,0.9991317391395569,0.0,0.3683738373219967,1.0,3.0,9.0,18.0,4.0,1.0,37.0,37.0,11.0,2.0,0.0
12236,2.55184802506119,0.9991317391395569,0.0,0.3683738373219967,1.0,3.0,9.0,18.0,4.0,1.0,37.0,37.0,11.0,2.0,10.0,-1.4904190301895142,-0.9447299838066101,6.0,-1.0704402923583984,0.9914211630821228,-13.3,1.061428994871676,0.05440175533294678,0.0,1.3597950004041195,2.0,4.0,10.0,19.0,5.0,2.0,38.0,38.0,12.0,3.0,0.0
12237,1.061428994871676,0.05440175533294678,0.0,1.3597950004041195,2.0,4.0,10.0,19.0,5.0,2.0,38.0,38.0,12.0,3.0,5.0,-0.023409847170114517,-0.3376409113407135,1.0,-1.1355105638504028,1.7086126804351807,-29.792971087288286,1.0380191477015615,0.0,0.0,3.0684076808393,3.0,1.0,11.0,20.0,6.0,3.0,39.0,39.0,13.0,4.0,0.0
12238,1.0380191477015615,0.0,0.0,3.0684076808393,3.0,1.0,11.0,20.0,6.0,3.0,39.0,39.0,13.0,4.0,10.0,-1.3365826606750488,1.8008500337600708,6.0,-1.3949785232543945,0.5937538743019104,-17.885635129734872,0.0,1.8008500337600708,0.0,3.6621615551412106,4.0,2.0,12.0,21.0,7.0,4.0,40.0,40.0,14.0,5.0,0.0
12239,0.0,1.8008500337600708,0.0,3.6621615551412106,4.0,2.0,12.0,21.0,7.0,4.0,40.0,40.0,14.0,5.0,10.0,-1.5587507486343384,-0.7522785067558289,6.0,-1.4937876462936401,1.229645848274231,-31.487507486343382,0.0,1.048571527004242,0.0,4.8918074034154415,5.0,3.0,13.0,22.0,8.0,5.0,41.0,41.0,15.0,6.0,0.0
12240,0.0,1.048571527004242,0.0,4.8918074034154415,5.0,3.0,13.0,22.0,8.0,5.0,41.0,41.0,15.0,6.0,5.0,-1.6793423891067505,1.9835809469223022,6.0,-1.219514012336731,1.432322382926941,-45.647399593377884,0.0,3.032152473926544,0.0,6.324129786342382,6.0,4.0,14.0,23.0,9.0,6.0,42.0,42.0,16.0,7.0,0.0
12241,0.0,3.032152473926544,0.0,6.324129786342382,6.0,4.0,14.0,23.0,9.0,6.0,42.0,42.0,16.0,7.0,9.0,1.483741044998169,0.5163424611091614,1.0,-0.4475662410259247,1.2307593822479248,-17.56171248839409,1.483741044998169,3.5484949350357056,0.0,7.554889168590307,7.0,5.0,15.0,24.0,10.0,7.0,43.0,43.0,17.0,1.0,0.0
12242,1.483741044998169,3.5484949350357056,0.0,7.554889168590307,7.0,5.0,15.0,24.0,10.0,7.0,43.0,43.0,17.0,1.0,5.0,1.2617539167404175,0.13771916925907135,10.0,-0.4747978746891022,1.7614545822143555,-23.055256050345143,2.7454949617385864,3.686214104294777,0.0,9.316343750804663,8.0,6.0,16.0,25.0,11.0,1.0,44.0,44.0,18.0,2.0,0.0
12243,2.7454949617385864,3.686214104294777,0.0,9.316343750804663,8.0,6.0,16.0,25.0,11.0,1.0,44.0,44.0,18.0,2.0,10.0,-1.8446569442749023,-1.2498925924301147,6.0,-1.822555661201477,0.3903527855873108,-18.5,0.9008380174636841,2.436321511864662,0.0,9.706696536391973,9.0,7.0,17.0,26.0,12.0,2.0,45.0,45.0,19.0,3.0,0.0
12244,0.9008380174636841,2.436321511864662,0.0,9.706696536391973,9.0,7.0,17.0,26.0,12.0,2.0,45.0,45.0,19.0,3.0,8.0,-0.9902210235595703,1.4895954132080078,1.0,0.2809063196182251,-0.6276096701622009,-23.108810884063573,0.0,3.92591692507267,0.2809063196182251,9.079086866229773,10.0,8.0,18.0,27.0,13.0,3.0,46.0,46.0,1.0,4.0,0.0
12245,0.0,3.92591692507267,0.2809063196182251,9.079086866229773,10.0,8.0,18.0,27.0,13.0,3.0,46.0,46.0,1.0,4.0,10.0,1.7976288795471191,0.23271778225898743,1.0,-1.204206943511963,1.1913827657699585,-18.6,1.7976288795471191,4.158634707331657,0.0,10.0,11.0,9.0,19.0,28.0,14.0,4.0,47.0,47.0,2.0,5.0,0.0
12246,1.7976288795471191,4.158634707331657,0.0,10.0,11.0,9.0,19.0,28.0,14.0,4.0,47.0,47.0,2.0,5.0,10.0,1.8624963760375977,-1.0218725204467773,6.0,-0.44475430250167847,-1.258184790611267,-19.6,3.660125255584717,3.13676218688488,0.0,8.741815209388733,12.0,10.0,20.0,29.0,15.0,5.0,48.0,48.0,3.0,6.0,0.0
12247,3.660125255584717,3.13676218688488,0.0,8.741815209388733,12.0,10.0,20.0,29.0,15.0,5.0,48.0,48.0,3.0,6.0,5.0,1.3369719982147217,1.4028947353363037,2.0,-1.7247616052627563,1.779713749885559,-22.189747726782738,4.9970972537994385,4.539656922221184,0.0,10.0,13.0,11.0,1.0,30.0,16.0,1.0,49.0,49.0,4.0,7.0,0.0
12248,4.9970972537994385,4.539656922221184,0.0,10.0,13.0,11.0,1.0,30.0,16.0,1.0,49.0,49.0,4.0,7.0,5.0,1.5849072933197021,1.8120415210723877,6.0,-1.9082947969436646,0.03433581441640854,-20.00839826202546,6.582004547119141,6.3516984432935715,0.0,10.0,14.0,12.0,2.0,31.0,17.0,1.0,50.0,50.0,5.0,8.0,0.0
12249,6.582004547119141,6.3516984432935715,0.0,10.0,14.0,12.0,2.0,31.0,17.0,1.0,50.0,50.0,5.0,8.0,10.0,0.8361687064170837,-1.3751732110977173,1.0,-1.564134955406189,1.9310929775238037,-20.0,7.418173253536224,4.976525232195854,0.0,10.0,15.0,13.0,3.0,32.0,18.0,2.0,51.0,51.0,6.0,9.0,0.0
12250,7.418173253536224,4.976525232195854,0.0,10.0,15.0,13.0,3.0,32.0,18.0,2.0,51.0,51.0,6.0,9.0,9.0,-0.2315419763326645,0.8355864882469177,6.0,-1.5497028827667236,-0.6215133666992188,-24.885235183790716,7.18663127720356,5.812111720442772,0.0,9.378486633300781,16.0,14.0,4.0,33.0,19.0,3.0,52.0,52.0,7.0,1.0,0.0
12251,7.18663127720356,5.812111720442772,0.0,9.378486633300781,16.0,14.0,4.0,33.0,19.0,3.0,52.0,52.0,7.0,1.0,9.0,0.9122933745384216,-1.5517088174819946,6.0,-1.8025226593017578,-0.35712260007858276,-26.260168773719784,8.098924651741982,4.260402902960777,0.0,9.021364033222198,17.0,15.0,5.0,34.0,20.0,4.0,53.0,53.0,8.0,1.0,0.0
12252,8.098924651741982,4.260402902960777,0.0,9.021364033222198,17.0,15.0,5.0,34.0,20.0,4.0,53.0,53.0,8.0,1.0,5.0,-1.0826109647750854,-0.3336625099182129,4.0,-1.6189929246902466,1.4864407777786255,-22.274747745208273,7.016313686966896,3.9267403930425644,0.0,10.0,18.0,16.0,6.0,35.0,21.0,1.0,54.0,54.0,9.0,2.0,0.0
12253,7.016313686966896,3.9267403930425644,0.0,10.0,18.0,16.0,6.0,35.0,21.0,1.0,54.0,54.0,9.0,2.0,5.0,1.390607476234436,-1.6369553804397583,6.0,-1.2664116621017456,0.9562462568283081,-23.794858986904686,8.406921163201332,2.289785012602806,0.0,10.0,19.0,17.0,7.0,36.0,22.0,1.0,55.0,55.0,10.0,3.0,0.0
12254,8.406921163201332,2.289785012602806,0.0,10.0,19.0,17.0,7.0,36.0,22.0,1.0,55.0,55.0,10.0,3.0,10.0,1.3681720495224,1.6704397201538086,6.0,-1.3263088464736938,0.00634626392275095,-23.5,9.775093212723732,3.9602247327566147,0.0,10.0,20.0,18.0,8.0,37.0,23.0,2.0,56.0,56.0,11.0,4.0,0.0
12255,9.775093212723732,3.9602247327566147,0.0,10.0,20.0,18.0,8.0,37.0,23.0,2.0,56.0,56.0,11.0,4.0,9.0,-0.3993533253669739,-1.7498972415924072,4.0,-1.6989737749099731,0.5175604820251465,-31.67940415881896,9.375739887356758,2.2103274911642075,0.0,10.0,21.0,19.0,9.0,38.0,24.0,3.0,57.0,57.0,12.0,1.0,0.0
12256,9.375739887356758,2.2103274911642075,0.0,10.0,21.0,19.0,9.0,38.0,24.0,3.0,57.0,57.0,12.0,1.0,9.0,-1.1816442012786865,1.5364729166030884,6.0,-1.9701592922210693,1.262192964553833,-30.266967662344417,8.194095686078072,3.746800407767296,0.0,10.0,22.0,20.0,10.0,39.0,25.0,4.0,58.0,58.0,13.0,1.0,0.0
12257,8.194095686078072,3.746800407767296,0.0,10.0,22.0,20.0,10.0,39.0,25.0,4.0,58.0,58.0,13.0,1.0,5.0,-0.5942054390907288,-1.4148375988006592,10.0,-1.920056700706482,-1.652864694595337,-26.983936103131885,7.599890246987343,2.3319628089666367,0.0,8.347135305404663,23.0,21.0,11.0,40.0,26.0,1.0,59.0,59.0,14.0,2.0,0.0
12258,7.599890246987343,2.3319628089666367,0.0,8.347135305404663,23.0,21.0,11.0,40.0,26.0,1.0,59.0,59.0,14.0,2.0,10.0,0.5591163039207458,-1.6510566473007202,6.0,-1.9230570793151855,1.5750223398208618,-26.6,8.159006550908089,0.6809061616659164,0.0,9.922157645225525,24.0,22.0,12.0,41.0,27.0,2.0,60.0,60.0,15.0,3.0,0.0
12259,8.159006550908089,0.6809061616659164,0.0,9.922157645225525,24.0,22.0,12.0,41.0,27.0,2.0,60.0,60.0,15.0,3.0,9.0,0.335013747215271,-1.4758336544036865,1.0,-1.2784569263458252,-0.18094174563884735,-42.368158224196506,8.49402029812336,0.0,0.0,9.741215899586678,25.0,23.0,13.0,42.0,28.0,3.0,61.0,61.0,16.0,1.0,0.0
12260,8.49402029812336,0.0,0.0,9.741215899586678,25.0,23.0,13.0,42.0,28.0,3.0,61.0,61.0,16.0,1.0,1.0,-0.5005617737770081,1.7573881149291992,1.0,-1.0427770614624023,0.08025805652141571,-26.39345699897395,7.993458524346352,1.7573881149291992,0.0,9.821473956108093,26.0,1.0,14.0,43.0,29.0,4.0,62.0,62.0,17.0,2.0,0.0
12261,7.993458524346352,1.7573881149291992,0.0,9.821473956108093,26.0,1.0,14.0,43.0,29.0,4.0,62.0,62.0,17.0,2.0,5.0,-1.9905205965042114,-1.1721134185791016,6.0,-1.513637661933899,-0.6633371114730835,-30.742393367328884,6.00293792784214,0.5852746963500977,0.0,9.15813684463501,27.0,2.0,15.0,44.0,30.0,1.0,63.0,63.0,18.0,3.0,0.0
12262,6.00293792784214,0.5852746963500977,0.0,9.15813684463501,27.0,2.0,15.0,44.0,30.0,1.0,63.0,63.0,18.0,3.0,10.0,-1.5466409921646118,1.8242592811584473,4.0,-1.922996997833252,1.1019850969314575,-27.6,4.456296935677528,2.409533977508545,0.0,10.0,28.0,3.0,16.0,45.0,31.0,2.0,64.0,64.0,19.0,4.0,0.0
12263,4.456296935677528,2.409533977508545,0.0,10.0,28.0,3.0,16.0,45.0,31.0,2.0,64.0,64.0,19.0,4.0,5.0,-1.6483697891235352,-0.27981752157211304,6.0,-1.8951445817947388,1.5556573867797852,-34.85392425380016,2.8079271465539932,2.129716455936432,0.0,10.0,29.0,4.0,17.0,46.0,32.0,1.0,65.0,65.0,20.0,5.0,0.0
12264,2.8079271465539932,2.129716455936432,0.0,10.0,29.0,4.0,17.0,46.0,32.0,1.0,65.0,65.0,20.0,5.0,9.0,-0.6082742214202881,1.0798859596252441,1.0,-1.2726680040359497,0.1806587427854538,-29.075791938388452,2.199652925133705,3.209602415561676,0.0,10.0,30.0,5.0,18.0,47.0,33.0,2.0,66.0,66.0,21.0,1.0,0.0
12265,2.199652925133705,3.209602415561676,0.0,10.0,30.0,5.0,18.0,47.0,33.0,2.0,66.0,66.0,21.0,1.0,10.0,-1.63162100315094,-0.8758038878440857,4.0,-1.800673484802246,1.3211063146591187,-29.9,0.5680319219827652,2.3337985277175903,0.0,10.0,31.0,6.0,19.0,48.0,34.0,3.0,67.0,67.0,22.0,2.0,0.0
12266,0.5680319219827652,2.3337985277175903,0.0,10.0,31.0,6.0,19.0,48.0,34.0,3.0,67.0,67.0,22.0,2.0,8.0,-1.4124269485473633,-0.3782937228679657,6.0,-1.5465718507766724,1.4562718868255615,-44.54387144584805,0.0,1.9555048048496246,0.0,10.0,32.0,7.0,20.0,49.0,35.0,4.0,68.0,68.0,1.0,3.0,0.0
12267,0.0,1.9555048048496246,0.0,10.0,32.0,7.0,20.0,49.0,35.0,4.0,68.0,68.0,1.0,3.0,10.0,-0.9097248911857605,-0.5119665861129761,1.0,-1.5621532201766968,1.9643043279647827,-38.79724891185761,0.0,1.4435382187366486,0.0,10.0,33.0,8.0,21.0,50.0,36.0,5.0,69.0,69.0,2.0,4.0,0.0
12268,0.0,1.4435382187366486,0.0,10.0,33.0,8.0,21.0,50.0,36.0,5.0,69.0,69.0,2.0,4.0,10.0,0.016447173431515694,-1.563494324684143,1.0,-1.0078920125961304,1.6812142133712769,-31.899561059474944,0.016447173431515694,0.0,0.0,10.0,34.0,9.0,22.0,51.0,37.0,6.0,70.0,70.0,3.0,5.0,0.0
12269,0.016447173431515694,0.0,0.0,10.0,34.0,9.0,22.0,51.0,37.0,6.0,70.0,70.0,3.0,5.0,10.0,1.5701998472213745,1.5876599550247192,6.0,-1.9689067602157593,1.6037163734436035,-31.7,1.5866470206528902,1.5876599550247192,0.0,10.0,35.0,10.0,23.0,52.0,38.0,7.0,71.0,71.0,4.0,6.0,0.0
12270,1.5866470206528902,1.5876599550247192,0.0,10.0,35.0,10.0,23.0,52.0,38.0,7.0,71.0,71.0,4.0,6.0,10.0,-0.049098577350378036,-1.6068940162658691,2.0,-1.891602635383606,1.9051778316497803,-32.8923406124115,1.5375484433025122,0.0,0.0,10.0,36.0,11.0,1.0,53.0,39.0,8.0,72.0,72.0,5.0,7.0,0.0
12271,1.5375484433025122,0.0,0.0,10.0,36.0,11.0,1.0,53.0,39.0,8.0,72.0,72.0,5.0,7.0,10.0,-1.6543769836425781,1.3347110748291016,1.0,-1.889925241470337,-0.8632838726043701,-32.56828540340066,0.0,1.3347110748291016,0.0,9.13671612739563,37.0,12.0,2.0,54.0,40.0,9.0,73.0,73.0,6.0,8.0,0.0
12272,0.0,1.3347110748291016,0.0,9.13671612739563,37.0,12.0,2.0,54.0,40.0,9.0,73.0,73.0,6.0,8.0,10.0,-0.5471006631851196,1.6735976934432983,1.0,0.11386537551879883,1.0033215284347534,-37.871006631851195,0.0,3.0083087682724,0.11386537551879883,10.0,38.0,13.0,3.0,55.0,41.0,10.0,74.0,74.0,7.0,9.0,0.0
12273,0.0,3.0083087682724,0.11386537551879883,10.0,38.0,13.0,3.0,55.0,41.0,10.0,74.0,74.0,7.0,9.0,10.0,-1.2686569690704346,-0.2844555377960205,1.0,-1.536940097808838,1.4949935674667358,-46.086569690704344,0.0,2.7238532304763794,0.0,10.0,39.0,14.0,4.0,56.0,42.0,11.0,75.0,75.0,8.0,10.0,0.0
12274,0.0,2.7238532304763794,0.0,10.0,39.0,14.0,4.0,56.0,42.0,11.0,75.0,75.0,8.0,10.0,10.0,0.8698170781135559,-0.1481398493051529,6.0,-1.9786794185638428,0.25301021337509155,-34.4,0.8698170781135559,2.5757133811712265,0.0,10.0,40.0,15.0,5.0,57.0,43.0,12.0,76.0,76.0,9.0,11.0,0.0
12275,0.8698170781135559,2.5757133811712265,0.0,10.0,40.0,15.0,5.0,57.0,43.0,12.0,76.0,76.0,9.0,11.0,1.0,-1.216801643371582,1.3835937976837158,2.0,-1.8956880569458008,-0.19007961452007294,-45.44993015613018,0.0,3.9593071788549423,0.0,9.809920385479927,41.0,1.0,1.0,58.0,44.0,13.0,77.0,77.0,10.0,12.0,0.0
12276,0.0,3.9593071788549423,0.0,9.809920385479927,41.0,1.0,1.0,58.0,44.0,13.0,77.0,77.0,10.0,12.0,10.0,-0.8531801104545593,1.3515307903289795,6.0,-1.923998236656189,0.8460894823074341,-42.93180110454559,0.0,5.310837969183922,0.0,10.0,42.0,2.0,2.0,59.0,45.0,14.0,78.0,78.0,11.0,13.0,0.0
12277,0.0,5.310837969183922,0.0,10.0,42.0,2.0,2.0,59.0,45.0,14.0,78.0,78.0,11.0,13.0,1.0,-0.35697683691978455,0.5708659291267395,2.0,-1.8692309856414795,-1.3052479028701782,-48.29233616385453,0.0,5.881703898310661,0.0,8.694752097129822,43.0,1.0,1.0,60.0,46.0,15.0,79.0,79.0,12.0,14.0,0.0
12278,0.0,5.881703898310661,0.0,8.694752097129822,43.0,1.0,1.0,60.0,46.0,15.0,79.0,79.0,12.0,14.0,5.0,-1.2342036962509155,0.8806179165840149,4.0,-1.9641159772872925,-0.28915274143218994,-60.177182580293476,0.0,6.762321814894676,0.0,8.405599355697632,44.0,2.0,2.0,61.0,47.0,16.0,80.0,80.0,13.0,15.0,0.0
12279,0.0,6.762321814894676,0.0,8.405599355697632,44.0,2.0,2.0,61.0,47.0,16.0,80.0,80.0,13.0,15.0,10.0,0.24031664431095123,1.060900092124939,1.0,-1.9359561204910278,-0.30481505393981934,-37.0,0.24031664431095123,7.823221907019615,0.0,8.100784301757812,45.0,3.0,3.0,62.0,48.0,17.0,81.0,81.0,14.0,16.0,0.0
12280,0.24031664431095123,7.823221907019615,0.0,8.100784301757812,45.0,3.0,3.0,62.0,48.0,17.0,81.0,81.0,14.0,16.0,10.0,1.5936661958694458,-0.512731671333313,1.0,-1.92451012134552,0.6042737364768982,-38.0,1.833982840180397,7.310490235686302,0.0,8.70505803823471,46.0,4.0,4.0,63.0,49.0,18.0,82.0,82.0,15.0,17.0,0.0
12281,1.833982840180397,7.310490235686302,0.0,8.70505803823471,46.0,4.0,4.0,63.0,49.0,18.0,82.0,82.0,15.0,17.0,10.0,-1.6636136770248413,-0.3507922887802124,6.0,-1.9613094329833984,-1.2273120880126953,-39.0,0.17036916315555573,6.95969794690609,0.0,7.477745950222015,47.0,5.0,5.0,64.0,50.0,19.0,83.0,83.0,16.0,18.0,0.0
12282,0.17036916315555573,6.95969794690609,0.0,7.477745950222015,47.0,5.0,5.0,64.0,50.0,19.0,83.0,83.0,16.0,18.0,10.0,-1.7982476949691772,-0.7870679497718811,4.0,-1.9099410772323608,0.13204625248908997,-56.278785318136215,0.0,6.172629997134209,0.0,7.609792202711105,48.0,6.0,6.0,65.0,1.0,20.0,84.0,84.0,17.0,19.0,0.0
12283,0.0,6.172629997134209,0.0,7.609792202711105,48.0,6.0,6.0,65.0,1.0,20.0,84.0,84.0,17.0,19.0,9.0,0.4368983209133148,1.8564732074737549,6.0,-1.8976874351501465,-1.9090487957000732,-38.8349814750315,0.4368983209133148,8.029103204607964,0.0,5.700743407011032,49.0,7.0,7.0,66.0,2.0,21.0,85.0,85.0,18.0,1.0,0.0
12284,0.4368983209133148,8.029103204607964,0.0,5.700743407011032,49.0,7.0,7.0,66.0,2.0,21.0,85.0,85.0,18.0,1.0,9.0,-1.1061023473739624,-0.6006617546081543,6.0,-1.911226511001587,0.9885923266410828,-45.85550978439832,0.0,7.428441449999809,0.0,6.689335733652115,50.0,8.0,8.0,67.0,3.0,22.0,86.0,86.0,19.0,1.0,0.0
12285,0.0,7.428441449999809,0.0,6.689335733652115,50.0,8.0,8.0,67.0,3.0,22.0,86.0,86.0,19.0,1.0,9.0,-1.01712965965271,-0.3271338939666748,6.0,-1.9910765886306763,-1.608064889907837,-49.80225876524914,0.0,7.1013075560331345,0.0,5.081270843744278,51.0,9.0,9.0,68.0,4.0,23.0,87.0,87.0,20.0,1.0,0.0
12286,0.0,7.1013075560331345,0.0,5.081270843744278,51.0,9.0,9.0,68.0,4.0,23.0,87.0,87.0,20.0,1.0,9.0,0.6920145153999329,-0.7744758725166321,6.0,-1.9545434713363647,0.40086522698402405,-39.17717618726093,0.6920145153999329,6.326831683516502,0.0,5.482136070728302,52.0,10.0,10.0,69.0,5.0,24.0,88.0,88.0,21.0,1.0,0.0
12287,0.6920145153999329,6.326831683516502,0.0,5.482136070728302,52.0,10.0,10.0,69.0,5.0,24.0,88.0,88.0,21.0,1.0,9.0,0.8169033527374268,-0.6227772235870361,6.0,-1.973078966140747,1.1356991529464722,-39.14059391872609,1.5089178681373596,5.704054459929466,0.0,6.617835223674774,53.0,11.0,11.0,70.0,6.0,25.0,89.0,89.0,22.0,1.0,0.0
12288,1.5089178681373596,5.704054459929466,0.0,6.617835223674774,53.0,11.0,11.0,70.0,6.0,25.0,89.0,89.0,22.0,1.0,9.0,0.2517035901546478,1.0022449493408203,6.0,-1.980434536933899,-1.2029943466186523,-40.968917070559804,1.7606214582920074,6.706299409270287,0.0,5.414840877056122,54.0,12.0,12.0,71.0,7.0,26.0,90.0,90.0,23.0,1.0,0.0
12289,1.7606214582920074,6.706299409270287,0.0,5.414840877056122,54.0,12.0,12.0,71.0,7.0,26.0,90.0,90.0,23.0,1.0,9.0,0.25751981139183044,-0.8754509687423706,6.0,-1.9966301918029785,-1.469772219657898,-40.93311306302929,2.018141269683838,5.830848440527916,0.0,3.945068657398224,55.0,13.0,13.0,72.0,8.0,27.0,91.0,91.0,24.0,1.0,0.0
12290,2.018141269683838,5.830848440527916,0.0,3.945068657398224,55.0,13.0,13.0,72.0,8.0,27.0,91.0,91.0,24.0,1.0,9.0,-1.2262933254241943,-0.6580079197883606,6.0,-1.9970240592956543,-1.7441308498382568,-41.73904800298515,0.7918479442596436,5.172840520739555,0.0,2.200937807559967,56.0,14.0,14.0,73.0,9.0,28.0,92.0,92.0,25.0,1.0,0.0
12291,0.7918479442596436,5.172840520739555,0.0,2.200937807559967,56.0,14.0,14.0,73.0,9.0,28.0,92.0,92.0,25.0,1.0,9.0,-1.6203608512878418,-1.3025013208389282,6.0,-1.993937373161316,-1.718272089958191,-50.826290070328945,0.0,3.870339199900627,0.0,0.4826657176017761,57.0,15.0,15.0,74.0,10.0,29.0,93.0,93.0,26.0,1.0,0.0
12292,0.0,3.870339199900627,0.0,0.4826657176017761,57.0,15.0,15.0,74.0,10.0,29.0,93.0,93.0,26.0,1.0,9.0,-0.20227347314357758,-0.5589758157730103,6.0,-1.998915672302246,-1.8481615781784058,-45.36151154076697,0.0,3.311363384127617,0.0,0.0,58.0,16.0,16.0,75.0,11.0,30.0,94.0,94.0,27.0,1.0,0.0
12293,0.0,3.311363384127617,0.0,0.0,58.0,16.0,16.0,75.0,11.0,30.0,94.0,94.0,27.0,1.0,9.0,-0.48591819405555725,-0.4384559690952301,6.0,-1.9946266412734985,-1.9477534294128418,-49.08543558195441,0.0,2.872907415032387,0.0,0.0,59.0,17.0,17.0,76.0,12.0,31.0,95.0,95.0,28.0,1.0,0.0
12294,0.0,2.872907415032387,0.0,0.0,59.0,17.0,17.0,76.0,12.0,31.0,95.0,95.0,28.0,1.0,9.0,-0.6946295499801636,-0.1783100813627243,6.0,-1.9863427877426147,-1.9690678119659424,-52.0845024720349,0.0,2.6945973336696625,0.0,0.0,60.0,18.0,18.0,77.0,13.0,32.0,96.0,96.0,29.0,1.0,0.0
12295,0.0,2.6945973336696625,0.0,0.0,60.0,18.0,18.0,77.0,13.0,32.0,96.0,96.0,29.0,1.0,9.0,-1.3353559970855713,-0.4867035746574402,6.0,-1.9972323179244995,-1.501665472984314,-59.47456197689254,0.0,2.2078937590122223,0.0,0.0,61.0,19.0,19.0,78.0,14.0,33.0,97.0,97.0,30.0,1.0,0.0
12296,0.0,2.2078937590122223,0.0,0.0,61.0,19.0,19.0,78.0,14.0,33.0,97.0,97.0,30.0,1.0,9.0,-1.1519567966461182,0.038914669305086136,6.0,-1.9919192790985107,-1.1746485233306885,-58.531249085727524,0.0,2.2468084283173084,0.0,0.0,62.0,20.0,20.0,79.0,15.0,34.0,98.0,98.0,31.0,1.0,0.0
12297,0.0,2.2468084283173084,0.0,0.0,62.0,20.0,20.0,79.0,15.0,34.0,98.0,98.0,31.0,1.0,9.0,-1.699159860610962,-0.14463286101818085,6.0,-1.9914791584014893,-1.837161898612976,-64.94029235646259,0.0,2.1021755672991276,0.0,0.0,63.0,21.0,21.0,80.0,16.0,35.0,99.0,99.0,32.0,1.0,0.0
12298,0.0,2.1021755672991276,0.0,0.0,63.0,21.0,21.0,80.0,16.0,35.0,99.0,99.0,32.0,1.0,9.0,-0.9740064740180969,0.9116465449333191,6.0,-1.964080572128296,-1.9792871475219727,-58.46384435305289,0.0,3.0138221122324467,0.0,0.0,64.0,22.0,22.0,81.0,17.0,36.0,100.0,100.0,33.0,1.0,0.0
12299,0.0,3.0138221122324467,0.0,0.0,64.0,22.0,22.0,81.0,17.0,36.0,100.0,100.0,33.0,1.0,5.0,-1.5003671646118164,0.04334474354982376,6.0,-1.968409538269043,-1.649228811264038,-75.34248474319016,0.0,3.0571668557822704,0.0,0.0,65.0,23.0,23.0,82.0,18.0,37.0,100.0,100.0,34.0,2.0,1.0
12300,9.032727241516113,3.831758499145508,9.431242942810059,6.173823356628418,1.0,1.0,1.0,1.0,1.0,1.0,1.0,1.0,1.0,1.0,2.0,-1.99563729763031,1.1680810451507568,4.0,-1.9924640655517578,-1.9969743490219116,-2.7198116557395555,7.037089943885803,4.999839544296265,7.438778877258301,4.176849007606506,2.0,2.0,1.0,2.0,1.0,2.0,2.0,2.0,2.0,2.0,0.0
12301,7.037089943885803,4.999839544296265,7.438778877258301,4.176849007606506,2.0,2.0,1.0,2.0,1.0,2.0,2.0,2.0,2.0,2.0,2.0,-1.8602185249328613,-0.35668593645095825,4.0,-1.504730463027954,-1.9881396293640137,-3.98733609452041,5.176871418952942,4.643153607845306,5.934048414230347,2.1887093782424927,3.0,3.0,1.0,3.0,1.0,3.0,3.0,3.0,3.0,3.0,0.0
12302,5.176871418952942,4.643153607845306,5.934048414230347,2.1887093782424927,3.0,3.0,1.0,3.0,1.0,3.0,3.0,3.0,3.0,3.0,2.0,-1.9019954204559326,0.6797624230384827,4.0,-1.479889154434204,-1.7260016202926636,-5.703175497003274,3.2748759984970093,5.322916030883789,4.454159259796143,0.4627077579498291,4.0,4.0,1.0,4.0,1.0,4.0,4.0,4.0,4.0,4.0,0.0
12303,3.2748759984970093,5.322916030883789,4.454159259796143,0.4627077579498291,4.0,4.0,1.0,4.0,1.0,4.0,4.0,4.0,4.0,4.0,5.0,-1.758142352104187,-1.8275113105773926,0.0,-1.8911387920379639,-1.576406717300415,-12.064621467770246,1.5167336463928223,3.4954047203063965,2.5630204677581787,0.0,1.0,5.0,2.0,5.0,2.0,1.0,5.0,5.0,5.0,5.0,0.0
12304,1.5167336463928223,3.4954047203063965,2.5630204677581787,0.0,1.0,5.0,2.0,5.0,2.0,1.0,5.0,5.0,5.0,5.0,5.0,0.11658062040805817,-0.7148576378822327,0.0,-0.8316196799278259,-1.8309080600738525,-12.726988352837715,1.6333142668008804,2.780547082424164,1.7314007878303528,0.0,1.0,6.0,3.0,6.0,3.0,1.0,6.0,6.0,6.0,6.0,0.0
12305,1.6333142668008804,2.780547082424164,1.7314007878303528,0.0,1.0,6.0,3.0,6.0,3.0,1.0,6.0,6.0,6.0,6.0,10.0,0.9937090873718262,-0.912047803401947,2.0,-1.904047966003418,-0.0020554654765874147,-5.4,2.6270233541727066,1.8684992790222168,0.0,0.0,2.0,7.0,4.0,7.0,4.0,2.0,7.0,7.0,7.0,7.0,0.0
12306,2.6270233541727066,1.8684992790222168,0.0,0.0,2.0,7.0,4.0,7.0,4.0,2.0,7.0,7.0,7.0,7.0,8.0,-0.38746365904808044,0.8502890467643738,6.0,-1.9626299142837524,-1.7413986921310425,-9.878665946802965,2.239559695124626,2.7187883257865906,0.0,0.0,3.0,8.0,5.0,8.0,5.0,3.0,8.0,8.0,1.0,8.0,0.0
12307,2.239559695124626,2.7187883257865906,0.0,0.0,3.0,8.0,5.0,8.0,5.0,3.0,8.0,8.0,1.0,8.0,9.0,0.17895908653736115,-0.6405182480812073,1.0,-1.5530977249145508,-0.5283480882644653,-6.187714911982239,2.4185187816619873,2.0782700777053833,0.0,0.0,4.0,1.0,6.0,9.0,6.0,4.0,9.0,9.0,2.0,1.0,0.0
12308,2.4185187816619873,2.0782700777053833,0.0,0.0,4.0,1.0,6.0,9.0,6.0,4.0,9.0,9.0,2.0,1.0,8.0,-1.708064317703247,-0.8397763967514038,2.0,-1.708145022392273,-0.8933082818984985,-13.809273538657045,0.7104544639587402,1.2384936809539795,0.0,0.0,5.0,2.0,7.0,10.0,7.0,5.0,10.0,10.0,1.0,2.0,0.0
12309,0.7104544639587402,1.2384936809539795,0.0,0.0,5.0,2.0,7.0,10.0,7.0,5.0,10.0,10.0,1.0,2.0,5.0,1.5663201808929443,0.35851752758026123,4.0,-0.04328623786568642,1.0637516975402832,-14.35287431304938,2.2767746448516846,1.5970112085342407,0.0,1.0637516975402832,6.0,3.0,8.0,11.0,8.0,1.0,11.0,11.0,2.0,3.0,0.0
12310,2.2767746448516846,1.5970112085342407,0.0,1.0637516975402832,6.0,3.0,8.0,11.0,8.0,1.0,11.0,11.0,2.0,3.0,10.0,-1.4259721040725708,0.9878821969032288,5.0,-1.6416822671890259,1.2514766454696655,-7.4,0.8508025407791138,2.5848934054374695,0.0,2.3152283430099487,7.0,4.0,9.0,12.0,9.0,2.0,12.0,12.0,3.0,4.0,0.0
12311,0.8508025407791138,2.5848934054374695,0.0,2.3152283430099487,7.0,4.0,9.0,12.0,9.0,2.0,12.0,12.0,3.0,4.0,8.0,-0.867627739906311,1.0719823837280273,0.0,-0.46224769949913025,-0.39888906478881836,-13.192540564756833,0.0,3.656875789165497,0.0,1.9163392782211304,1.0,5.0,10.0,13.0,10.0,3.0,13.0,13.0,1.0,5.0,0.0
12312,0.0,3.656875789165497,0.0,1.9163392782211304,1.0,5.0,10.0,13.0,10.0,3.0,13.0,13.0,1.0,5.0,9.0,1.4583457708358765,0.8213086724281311,4.0,-0.45170706510543823,-0.546601414680481,-8.561861289523014,1.4583457708358765,4.478184461593628,0.0,1.3697378635406494,2.0,6.0,11.0,14.0,11.0,4.0,14.0,14.0,2.0,1.0,0.0
12313,1.4583457708358765,4.478184461593628,0.0,1.3697378635406494,2.0,6.0,11.0,14.0,11.0,4.0,14.0,14.0,2.0,1.0,10.0,-0.5845947861671448,-1.2745085954666138,10.0,-0.3284498453140259,1.7381107807159424,-8.9,0.8737509846687317,3.203675866127014,0.0,3.107848644256592,3.0,7.0,12.0,15.0,12.0,5.0,15.0,15.0,3.0,2.0,0.0
12314,0.8737509846687317,3.203675866127014,0.0,3.107848644256592,3.0,7.0,12.0,15.0,12.0,5.0,15.0,15.0,3.0,2.0,1.0,-0.2457340955734253,1.7636662721633911,1.0,-0.8353522419929504,-1.268551230430603,-16.59194162892091,0.6280168890953064,4.967342138290405,0.0,1.8392974138259888,4.0,1.0,13.0,16.0,13.0,6.0,16.0,16.0,4.0,3.0,0.0
12315,0.6280168890953064,4.967342138290405,0.0,1.8392974138259888,4.0,1.0,13.0,16.0,13.0,6.0,16.0,16.0,4.0,3.0,8.0,0.2644244432449341,1.0088350772857666,4.0,-0.8503038287162781,-1.517137050628662,-11.811738296447857,0.8924413323402405,5.976177215576172,0.0,0.32216036319732666,5.0,2.0,14.0,17.0,14.0,7.0,17.0,17.0,1.0,4.0,0.0
12316,0.8924413323402405,5.976177215576172,0.0,0.32216036319732666,5.0,2.0,14.0,17.0,14.0,7.0,17.0,17.0,1.0,4.0,8.0,1.6120578050613403,-1.0476433038711548,2.0,-1.8620747327804565,0.49190548062324524,-12.226588904358975,2.504499137401581,4.928533911705017,0.0,0.8140658438205719,6.0,3.0,15.0,18.0,15.0,8.0,18.0,18.0,1.0,5.0,0.0
12317,2.504499137401581,4.928533911705017,0.0,0.8140658438205719,6.0,3.0,15.0,18.0,15.0,8.0,18.0,18.0,1.0,5.0,8.0,-1.8517287969589233,-1.0145254135131836,6.0,-1.9869259595870972,1.59577476978302,-15.484808623953416,0.6527703404426575,3.9140084981918335,0.0,2.409840613603592,7.0,4.0,16.0,19.0,16.0,9.0,19.0,19.0,1.0,6.0,0.0
12318,0.6527703404426575,3.9140084981918335,0.0,2.409840613603592,7.0,4.0,16.0,19.0,16.0,9.0,19.0,19.0,1.0,6.0,10.0,0.8466894626617432,-1.1093382835388184,4.0,-1.7034902572631836,-1.4059984683990479,-12.6,1.4994598031044006,2.804670214653015,0.0,1.003842145204544,8.0,5.0,17.0,20.0,17.0,10.0,20.0,20.0,2.0,7.0,0.0
12319,1.4994598031044006,2.804670214653015,0.0,1.003842145204544,8.0,5.0,17.0,20.0,17.0,10.0,20.0,20.0,2.0,7.0,8.0,-1.5806989669799805,-1.4429755210876465,4.0,-0.6854767203330994,-1.555938720703125,-22.68760440418135,0.0,1.3616946935653687,0.0,0.0,9.0,6.0,18.0,21.0,18.0,11.0,21.0,21.0,1.0,8.0,0.0
12320,0.0,1.3616946935653687,0.0,0.0,9.0,6.0,18.0,21.0,18.0,11.0,21.0,21.0,1.0,8.0,10.0,-1.1420536041259766,1.1199655532836914,2.0,-0.6050776839256287,-1.8186498880386353,-25.820536041259764,0.0,2.48166024684906,0.0,0.0,10.0,7.0,19.0,22.0,19.0,12.0,22.0,22.0,2.0,9.0,0.0
12321,0.0,2.48166024684906,0.0,0.0,10.0,7.0,19.0,22.0,19.0,12.0,22.0,22.0,2.0,9.0,0.0,-0.049830880016088486,0.8044368624687195,4.0,-1.650895595550537,-1.753978967666626,-16.94278094716745,0.0,3.2860971093177795,0.0,0.0,1.0,8.0,20.0,23.0,20.0,13.0,23.0,23.0,3.0,10.0,0.0
12322,0.0,3.2860971093177795,0.0,0.0,1.0,8.0,20.0,23.0,20.0,13.0,23.0,23.0,3.0,10.0,10.0,-1.0926486253738403,0.5451116561889648,6.0,-1.8292914628982544,1.1763418912887573,-26.326486253738402,0.0,3.8312087655067444,0.0,1.1763418912887573,2.0,9.0,21.0,24.0,21.0,14.0,24.0,24.0,4.0,11.0,0.0
12323,0.0,3.8312087655067444,0.0,1.1763418912887573,2.0,9.0,21.0,24.0,21.0,14.0,24.0,24.0,4.0,11.0,1.0,-0.6335022449493408,-0.44443368911743164,0.0,-1.925532341003418,-0.3762964606285095,-29.706909805089722,0.0,3.3867750763893127,0.0,0.8000454306602478,1.0,1.0,22.0,25.0,22.0,15.0,25.0,25.0,5.0,12.0,0.0
12324,0.0,3.3867750763893127,0.0,0.8000454306602478,1.0,1.0,22.0,25.0,22.0,15.0,25.0,25.0,5.0,12.0,8.0,-1.4052051305770874,1.3461172580718994,4.0,-1.8129932880401611,1.1065012216567993,-33.67386845483682,0.0,4.732892334461212,0.0,1.9065466523170471,2.0,2.0,23.0,26.0,23.0,16.0,26.0,26.0,1.0,13.0,0.0
12325,0.0,4.732892334461212,0.0,1.9065466523170471,2.0,2.0,23.0,26.0,23.0,16.0,26.0,26.0,1.0,13.0,10.0,-0.17300710082054138,-0.6621121764183044,1.0,0.8005254864692688,-1.4610544443130493,-18.530071008205415,0.0,4.070780158042908,0.8005254864692688,0.4454922080039978,3.0,1.0,24.0,27.0,24.0,17.0,27.0,27.0,2.0,14.0,0.0
12326,0.0,4.070780158042908,0.8005254864692688,0.4454922080039978,3.0,1.0,24.0,27.0,24.0,17.0,27.0,27.0,2.0,14.0,5.0,0.9565738439559937,0.4462907314300537,4.0,-1.0490479469299316,0.027072742581367493,-24.91115729810991,0.9565738439559937,4.517070889472961,0.0,0.4725649505853653,4.0,2.0,25.0,28.0,25.0,1.0,28.0,28.0,3.0,15.0,0.0
12327,0.9565738439559937,4.517070889472961,0.0,0.4725649505853653,4.0,2.0,25.0,28.0,25.0,1.0,28.0,28.0,3.0,15.0,0.0,-0.729523777961731,0.9826422333717346,4.0,-1.5898839235305786,1.8715966939926147,-20.326478242241567,0.2270500659942627,5.499713122844696,0.0,2.34416164457798,1.0,3.0,26.0,29.0,1.0,2.0,29.0,29.0,4.0,16.0,0.0
12328,0.2270500659942627,5.499713122844696,0.0,2.34416164457798,1.0,3.0,26.0,29.0,1.0,2.0,29.0,29.0,4.0,16.0,10.0,-1.357418417930603,-0.21584606170654297,6.0,-1.4936593770980835,0.07814325392246246,-26.303683519363403,0.0,5.283867061138153,0.0,2.4223048985004425,2.0,4.0,27.0,30.0,2.0,3.0,30.0,30.0,5.0,17.0,0.0
12329,0.0,5.283867061138153,0.0,2.4223048985004425,2.0,4.0,27.0,30.0,2.0,3.0,30.0,30.0,5.0,17.0,10.0,-0.11409232020378113,1.2716622352600098,0.0,-1.803017020225525,1.547238826751709,-17.14092320203781,0.0,6.555529296398163,0.0,3.9695437252521515,1.0,5.0,28.0,31.0,3.0,4.0,31.0,31.0,6.0,18.0,0.0
12330,0.0,6.555529296398163,0.0,3.9695437252521515,1.0,5.0,28.0,31.0,3.0,4.0,31.0,31.0,6.0,18.0,1.0,0.22569894790649414,0.4656312167644501,1.0,-1.9453879594802856,1.6752396821975708,-27.23646730517728,0.22569894790649414,7.021160513162613,0.0,5.644783407449722,2.0,1.0,29.0,32.0,4.0,5.0,32.0,32.0,7.0,19.0,0.0
12331,0.22569894790649414,7.021160513162613,0.0,5.644783407449722,2.0,1.0,29.0,32.0,4.0,5.0,32.0,32.0,7.0,19.0,10.0,-1.602399468421936,1.0580244064331055,4.0,-1.8513331413269043,1.8299932479858398,-31.06700520515442,0.0,8.079184919595718,0.0,7.474776655435562,3.0,2.0,30.0,33.0,1.0,6.0,33.0,33.0,8.0,20.0,0.0
12332,0.0,8.079184919595718,0.0,7.474776655435562,3.0,2.0,30.0,33.0,1.0,6.0,33.0,33.0,8.0,20.0,9.0,-0.3078363835811615,0.7675284743309021,1.0,-1.9560415744781494,-0.719364583492279,-25.40064274997336,0.0,8.84671339392662,0.0,6.755412071943283,4.0,3.0,31.0,34.0,2.0,7.0,34.0,34.0,9.0,1.0,0.0
12333,0.0,8.84671339392662,0.0,6.755412071943283,4.0,3.0,31.0,34.0,2.0,7.0,34.0,34.0,9.0,1.0,8.0,-1.2090132236480713,-0.5510014891624451,6.0,-1.9955120086669922,1.4466967582702637,-30.823271638965146,0.0,8.295711904764175,0.0,8.202108830213547,5.0,4.0,32.0,35.0,3.0,8.0,35.0,35.0,1.0,2.0,0.0
12334,0.0,8.295711904764175,0.0,8.202108830213547,5.0,4.0,32.0,35.0,3.0,8.0,35.0,35.0,1.0,2.0,10.0,-1.366441011428833,-1.3240890502929688,1.0,-1.9938565492630005,0.38103345036506653,-30.66441011428833,0.0,6.971622854471207,0.0,8.583142280578613,6.0,5.0,33.0,36.0,4.0,9.0,36.0,36.0,2.0,3.0,0.0
12335,0.0,6.971622854471207,0.0,8.583142280578613,6.0,5.0,33.0,36.0,4.0,9.0,36.0,36.0,2.0,3.0,10.0,-1.7140792608261108,-1.97865629196167,4.0,-1.8555067777633667,-0.3461568057537079,-35.14079260826111,0.0,4.992966562509537,0.0,8.236985474824905,7.0,6.0,34.0,37.0,5.0,10.0,37.0,37.0,3.0,4.0,0.0
12336,0.0,4.992966562509537,0.0,8.236985474824905,7.0,6.0,34.0,37.0,5.0,10.0,37.0,37.0,3.0,4.0,10.0,1.9405059814453125,-1.591173768043518,6.0,-1.9812699556350708,-1.056692361831665,-19.0,1.9405059814453125,3.4017927944660187,0.0,7.18029311299324,8.0,7.0,35.0,38.0,6.0,11.0,38.0,38.0,4.0,5.0,0.0
12337,1.9405059814453125,3.4017927944660187,0.0,7.18029311299324,8.0,7.0,35.0,38.0,6.0,11.0,38.0,38.0,4.0,5.0,10.0,-1.3404096364974976,-1.4932624101638794,2.0,-1.9020360708236694,1.4768013954162598,-20.0,0.6000963449478149,1.9085303843021393,0.0,8.6570945084095,9.0,8.0,1.0,39.0,7.0,12.0,39.0,39.0,5.0,6.0,0.0
12338,0.6000963449478149,1.9085303843021393,0.0,8.6570945084095,9.0,8.0,1.0,39.0,7.0,12.0,39.0,39.0,5.0,6.0,5.0,-0.6816051006317139,-1.2549514770507812,6.0,-1.9298491477966309,-1.9164152145385742,-32.59700088573998,0.0,0.653578907251358,0.0,6.740679293870926,10.0,9.0,2.0,40.0,8.0,13.0,40.0,40.0,6.0,7.0,0.0
12339,0.0,0.653578907251358,0.0,6.740679293870926,10.0,9.0,2.0,40.0,8.0,13.0,40.0,40.0,6.0,7.0,1.0,-0.0497061163187027,-0.4250490963459015,6.0,-1.8368130922317505,-0.584831178188324,-26.646795570278535,0.0,0.22852981090545654,0.0,6.155848115682602,11.0,1.0,3.0,41.0,9.0,14.0,41.0,41.0,7.0,8.0,0.0
12340,0.0,0.22852981090545654,0.0,6.155848115682602,11.0,1.0,3.0,41.0,9.0,14.0,41.0,41.0,7.0,8.0,9.0,-1.6846987009048462,0.13075973093509674,6.0,-1.8513212203979492,-1.9718011617660522,-36.85160652624253,0.0,0.3592895418405533,0.0,4.18404695391655,12.0,2.0,4.0,42.0,10.0,15.0,42.0,42.0,8.0,1.0,0.0
12341,0.0,0.3592895418405533,0.0,4.18404695391655,12.0,2.0,4.0,42.0,10.0,15.0,42.0,42.0,8.0,1.0,5.0,-1.6961907148361206,1.3246692419052124,6.0,-1.8983453512191772,-1.8751670122146606,-48.82005719728522,0.0,1.6839587837457657,0.0,2.308879941701889,13.0,3.0,5.0,43.0,11.0,16.0,43.0,43.0,9.0,2.0,0.0
12342,0.0,1.6839587837457657,0.0,2.308879941701889,13.0,3.0,5.0,43.0,11.0,16.0,43.0,43.0,9.0,2.0,10.0,-1.9177370071411133,1.3463371992111206,6.0,-1.8891277313232422,-0.03459763899445534,-38.97737007141113,0.0,3.0302959829568863,0.0,2.2742823027074337,14.0,4.0,6.0,44.0,12.0,17.0,44.0,44.0,10.0,3.0,0.0
12343,0.0,3.0302959829568863,0.0,2.2742823027074337,14.0,4.0,6.0,44.0,12.0,17.0,44.0,44.0,10.0,3.0,10.0,-0.6780350208282471,1.244848370552063,6.0,-1.835432529449463,-1.750334620475769,-27.58035020828247,0.0,4.275144353508949,0.0,0.5239476822316647,15.0,5.0,7.0,45.0,13.0,18.0,45.0,45.0,11.0,4.0,0.0
12344,0.0,4.275144353508949,0.0,0.5239476822316647,15.0,5.0,7.0,45.0,13.0,18.0,45.0,45.0,11.0,4.0,8.0,-1.898499846458435,0.9839763641357422,6.0,-1.9071913957595825,-0.9206394553184509,-43.098337158088185,0.0,5.2591207176446915,0.0,0.0,16.0,6.0,8.0,46.0,14.0,19.0,46.0,46.0,1.0,5.0,0.0
12345,0.0,5.2591207176446915,0.0,0.0,16.0,6.0,8.0,46.0,14.0,19.0,46.0,46.0,1.0,5.0,10.0,-0.7726889252662659,-1.6859451532363892,6.0,-1.9768685102462769,-0.40300050377845764,-29.426889252662658,0.0,3.5731755644083023,0.0,0.0,17.0,7.0,9.0,47.0,15.0,20.0,47.0,47.0,2.0,6.0,0.0
12346,0.0,3.5731755644083023,0.0,0.0,17.0,7.0,9.0,47.0,15.0,20.0,47.0,47.0,2.0,6.0,1.0,-1.441739559173584,-1.6812537908554077,1.0,-1.5441360473632812,-1.6269325017929077,-44.224708256805094,0.0,1.8919217735528946,0.0,0.0,18.0,1.0,10.0,48.0,16.0,21.0,48.0,48.0,3.0,7.0,0.0
12347,0.0,1.8919217735528946,0.0,0.0,18.0,1.0,10.0,48.0,16.0,21.0,48.0,48.0,3.0,7.0,10.0,-1.3103724718093872,-0.8677116632461548,6.0,-1.237382173538208,-0.480512410402298,-36.10372471809387,0.0,1.0242101103067398,0.0,0.0,19.0,2.0,11.0,49.0,17.0,22.0,49.0,49.0,4.0,8.0,0.0
12348,0.0,1.0242101103067398,0.0,0.0,19.0,2.0,11.0,49.0,17.0,22.0,49.0,49.0,4.0,8.0,10.0,-1.696535587310791,1.4806177616119385,6.0,-1.9357519149780273,-1.136564016342163,-40.96535587310791,0.0,2.5048278719186783,0.0,0.0,20.0,3.0,12.0,50.0,18.0,23.0,50.0,50.0,5.0,9.0,0.0
12349,0.0,2.5048278719186783,0.0,0.0,20.0,3.0,12.0,50.0,18.0,23.0,50.0,50.0,5.0,9.0,10.0,-0.3167302906513214,1.4496967792510986,6.0,-1.9414297342300415,0.7637174725532532,-28.167302906513214,0.0,3.954524651169777,0.0,0.7637174725532532,21.0,4.0,13.0,51.0,19.0,24.0,51.0,51.0,6.0,10.0,0.0
12350,0.0,3.954524651169777,0.0,0.7637174725532532,21.0,4.0,13.0,51.0,19.0,24.0,51.0,51.0,6.0,10.0,5.0,-1.4015601873397827,-0.03467152640223503,6.0,-1.9685126543045044,-1.4865994453430176,-51.55019305056936,0.0,3.919853124767542,0.0,0.0,22.0,5.0,14.0,52.0,20.0,25.0,52.0,52.0,7.0,11.0,0.0
12351,0.0,3.919853124767542,0.0,0.0,22.0,5.0,14.0,52.0,20.0,25.0,52.0,52.0,7.0,11.0,5.0,-0.5890896320343018,0.9334723949432373,6.0,-1.997588038444519,-1.9037076234817505,-44.247980897834076,0.0,4.853325519710779,0.0,0.0,23.0,6.0,15.0,53.0,21.0,26.0,53.0,53.0,8.0,12.0,0.0
12352,0.0,4.853325519710779,0.0,0.0,23.0,6.0,15.0,53.0,21.0,26.0,53.0,53.0,8.0,12.0,5.0,-1.5269697904586792,0.8720660209655762,2.0,-1.9043068885803223,-1.4003502130508423,-54.70500780211594,0.0,5.725391540676355,0.0,0.0,24.0,7.0,16.0,54.0,22.0,27.0,54.0,54.0,9.0,13.0,0.0
12353,0.0,5.725391540676355,0.0,0.0,24.0,7.0,16.0,54.0,22.0,27.0,54.0,54.0,9.0,13.0,5.0,-1.3273475170135498,1.5903891324996948,1.0,-1.8912019729614258,0.8183501958847046,-54.45846538970513,0.0,7.31578067317605,0.0,0.8183501958847046,25.0,1.0,17.0,55.0,23.0,28.0,55.0,55.0,10.0,14.0,0.0
12354,0.0,7.31578067317605,0.0,0.8183501958847046,25.0,1.0,17.0,55.0,23.0,28.0,55.0,55.0,10.0,14.0,5.0,-1.4733531475067139,1.0979481935501099,1.0,-1.7647695541381836,-1.8158506155014038,-57.193580915272655,0.0,8.41372886672616,0.0,0.0,26.0,1.0,18.0,56.0,24.0,29.0,56.0,56.0,11.0,15.0,0.0
12355,0.0,8.41372886672616,0.0,0.0,26.0,1.0,18.0,56.0,24.0,29.0,56.0,56.0,11.0,15.0,8.0,-1.5819151401519775,-1.0170068740844727,1.0,-1.9087284803390503,-0.875337541103363,-47.55580468527438,0.0,7.396721992641687,0.0,0.0,27.0,1.0,19.0,57.0,25.0,30.0,57.0,57.0,1.0,16.0,0.0
12356,0.0,7.396721992641687,0.0,0.0,27.0,1.0,19.0,57.0,25.0,30.0,57.0,57.0,1.0,16.0,5.0,0.07560981065034866,-0.07346494495868683,6.0,-1.8025388717651367,-1.279452919960022,-41.992020372663006,0.07560981065034866,7.323257047683001,0.0,0.0,28.0,2.0,20.0,58.0,26.0,31.0,58.0,58.0,2.0,17.0,0.0
12357,0.07560981065034866,7.323257047683001,0.0,0.0,28.0,2.0,20.0,58.0,26.0,31.0,58.0,58.0,2.0,17.0,5.0,1.6174057722091675,0.2448217123746872,6.0,-0.5711062550544739,0.2143014371395111,-36.25916013282318,1.6930155828595161,7.568078760057688,0.0,0.2143014371395111,29.0,3.0,21.0,59.0,27.0,1.0,59.0,59.0,3.0,18.0,0.0
12358,1.6930155828595161,7.568078760057688,0.0,0.2143014371395111,29.0,3.0,21.0,59.0,27.0,1.0,59.0,59.0,3.0,18.0,10.0,-1.7297697067260742,0.9297855496406555,6.0,-1.7496185302734375,1.7944087982177734,-29.26754123866558,0.0,8.497864309698343,0.0,2.0087102353572845,30.0,4.0,22.0,60.0,28.0,2.0,60.0,60.0,4.0,19.0,0.0
12359,0.0,8.497864309698343,0.0,2.0087102353572845,30.0,4.0,22.0,60.0,28.0,2.0,60.0,60.0,4.0,19.0,10.0,-0.5044198036193848,0.3808842897415161,6.0,-1.921231985092163,1.6627503633499146,-34.944198036193846,0.0,8.87874859943986,0.0,3.671460598707199,31.0,5.0,23.0,61.0,29.0,3.0,61.0,61.0,5.0,20.0,0.0
12360,0.0,8.87874859943986,0.0,3.671460598707199,31.0,5.0,23.0,61.0,29.0,3.0,61.0,61.0,5.0,20.0,10.0,-1.404617428779602,1.4121119976043701,2.0,-1.9778344631195068,-0.24237124621868134,-45.24416260415485,0.0,10.0,0.0,3.4290893524885178,32.0,6.0,1.0,62.0,30.0,4.0,62.0,62.0,6.0,21.0,0.0
12361,0.0,10.0,0.0,3.4290893524885178,32.0,6.0,1.0,62.0,30.0,4.0,62.0,62.0,6.0,21.0,9.0,-1.522245168685913,1.9555975198745728,1.0,-1.9445160627365112,-0.8992998003959656,-61.00098559997601,0.0,10.0,0.0,2.529789552092552,33.0,1.0,2.0,63.0,31.0,5.0,63.0,63.0,7.0,1.0,0.0
12362,0.0,10.0,0.0,2.529789552092552,33.0,1.0,2.0,63.0,31.0,5.0,63.0,63.0,7.0,1.0,10.0,-1.7442342042922974,1.436906337738037,6.0,-1.9688124656677246,0.42191794514656067,-50.49878931017085,0.0,10.0,0.0,2.951707497239113,34.0,2.0,3.0,64.0,32.0,6.0,64.0,64.0,8.0,2.0,0.0
12363,0.0,10.0,0.0,2.951707497239113,34.0,2.0,3.0,64.0,32.0,6.0,64.0,64.0,8.0,2.0,10.0,-1.890513300895691,1.7471332550048828,6.0,-1.8922392129898071,-0.0955810397863388,-54.64201847487387,0.0,10.0,0.0,2.856126457452774,35.0,3.0,4.0,65.0,33.0,7.0,65.0,65.0,9.0,3.0,0.0
12364,0.0,10.0,0.0,2.856126457452774,35.0,3.0,4.0,65.0,33.0,7.0,65.0,65.0,9.0,3.0,10.0,-1.4655503034591675,1.3719536066055298,6.0,-1.9262624979019165,0.06705725938081741,-49.97509499516049,0.0,10.0,0.0,2.9231837168335915,36.0,4.0,5.0,66.0,34.0,8.0,66.0,66.0,10.0,4.0,0.0
12365,0.0,10.0,0.0,2.9231837168335915,36.0,4.0,5.0,66.0,34.0,8.0,66.0,66.0,10.0,4.0,10.0,-1.311912178993225,1.6057469844818115,6.0,-1.968148112297058,-0.43123430013656616,-51.63532479505248,0.0,10.0,0.0,2.4919494166970253,37.0,5.0,6.0,67.0,35.0,9.0,67.0,67.0,11.0,5.0,0.0
12366,0.0,10.0,0.0,2.4919494166970253,37.0,5.0,6.0,67.0,35.0,9.0,67.0,67.0,11.0,5.0,10.0,-1.7990576028823853,-1.1089948415756226,6.0,-1.9796112775802612,1.0509204864501953,-49.89057602882385,0.0,8.891005158424377,0.0,3.5428699031472206,38.0,6.0,7.0,68.0,36.0,10.0,68.0,68.0,12.0,6.0,0.0
12367,0.0,8.891005158424377,0.0,3.5428699031472206,38.0,6.0,7.0,68.0,36.0,10.0,68.0,68.0,12.0,6.0,5.0,-1.8639817237854004,0.14169421792030334,6.0,-1.752223014831543,0.8249000906944275,-65.41428019814947,0.0,9.03269937634468,0.0,4.367769993841648,39.0,7.0,8.0,69.0,37.0,11.0,69.0,69.0,13.0,7.0,0.0
12368,0.0,9.03269937634468,0.0,4.367769993841648,39.0,7.0,8.0,69.0,37.0,11.0,69.0,69.0,13.0,7.0,10.0,-1.6645747423171997,1.662542462348938,1.0,-1.9750770330429077,-1.231515884399414,-51.93931896450211,0.0,10.0,0.0,3.136254109442234,40.0,1.0,9.0,70.0,38.0,12.0,70.0,70.0,14.0,8.0,0.0
12369,0.0,10.0,0.0,3.136254109442234,40.0,1.0,9.0,70.0,38.0,12.0,70.0,70.0,14.0,8.0,10.0,-1.4332631826400757,0.9997369647026062,6.0,-1.976327657699585,-0.5282912254333496,-51.67488869579529,0.0,10.0,0.0,2.6079628840088844,41.0,2.0,10.0,71.0,39.0,13.0,71.0,71.0,15.0,9.0,0.0
12370,0.0,10.0,0.0,2.6079628840088844,41.0,2.0,10.0,71.0,39.0,13.0,71.0,71.0,15.0,9.0,10.0,-1.6842669248580933,-0.22943918406963348,6.0,-1.8993053436279297,1.734510898590088,-52.042669248580935,0.0,9.770560815930367,0.0,4.342473782598972,42.0,3.0,11.0,72.0,40.0,14.0,72.0,72.0,16.0,10.0,0.0
12371,0.0,9.770560815930367,0.0,4.342473782598972,42.0,3.0,11.0,72.0,40.0,14.0,72.0,72.0,16.0,10.0,10.0,-1.7808778285980225,-0.1651226133108139,6.0,-1.9540503025054932,1.0616904497146606,-54.00877828598023,0.0,9.605438202619553,0.0,5.404164232313633,43.0,4.0,12.0,73.0,41.0,15.0,73.0,73.0,17.0,11.0,0.0
12372,0.0,9.605438202619553,0.0,5.404164232313633,43.0,4.0,12.0,73.0,41.0,15.0,73.0,73.0,17.0,11.0,10.0,-1.755694031715393,-1.0695797204971313,6.0,-1.9767547845840454,0.6075159311294556,-54.75694031715393,0.0,8.535858482122421,0.0,6.0116801634430885,44.0,5.0,13.0,74.0,42.0,16.0,74.0,74.0,18.0,12.0,0.0
12373,0.0,8.535858482122421,0.0,6.0116801634430885,44.0,5.0,13.0,74.0,42.0,16.0,74.0,74.0,18.0,12.0,1.0,-1.9049196243286133,1.7145437002182007,6.0,-1.9746326208114624,-1.6000815629959106,-73.8818185422012,0.0,10.0,0.0,4.411598600447178,45.0,6.0,14.0,75.0,43.0,17.0,75.0,75.0,19.0,13.0,0.0
12374,0.0,10.0,0.0,4.411598600447178,45.0,6.0,14.0,75.0,43.0,17.0,75.0,75.0,19.0,13.0,10.0,-1.789361596107483,1.1477649211883545,5.0,-1.8275508880615234,1.5640957355499268,-60.458361263123805,0.0,10.0,0.0,5.975694335997105,46.0,7.0,15.0,76.0,44.0,18.0,76.0,76.0,20.0,14.0,0.0
12375,0.0,10.0,0.0,5.975694335997105,46.0,7.0,15.0,76.0,44.0,18.0,76.0,76.0,20.0,14.0,8.0,-1.4943751096725464,1.3316693305969238,1.0,-1.9861820936203003,0.10947339981794357,-61.819993839595114,0.0,10.0,0.0,6.085167735815048,47.0,1.0,16.0,77.0,45.0,19.0,77.0,77.0,1.0,15.0,0.0
12376,0.0,10.0,0.0,6.085167735815048,47.0,1.0,16.0,77.0,45.0,19.0,77.0,77.0,1.0,15.0,10.0,-1.6169499158859253,1.1845365762710571,6.0,-1.9920034408569336,-0.15765398740768433,-58.54408623760998,0.0,10.0,0.0,5.927513748407364,48.0,2.0,17.0,78.0,46.0,20.0,78.0,78.0,2.0,16.0,0.0
12377,0.0,10.0,0.0,5.927513748407364,48.0,2.0,17.0,78.0,46.0,20.0,78.0,78.0,2.0,16.0,10.0,-0.6380022764205933,1.063948392868042,6.0,-1.888796329498291,-0.8313654661178589,-51.90577723242018,0.0,10.0,0.0,5.096148282289505,49.0,3.0,18.0,79.0,47.0,21.0,79.0,79.0,3.0,17.0,0.0
12378,0.0,10.0,0.0,5.096148282289505,49.0,3.0,18.0,79.0,47.0,21.0,79.0,79.0,3.0,17.0,10.0,-1.2589378356933594,-0.9636741876602173,4.0,-1.897965431213379,0.07572165131568909,-53.089378356933594,0.0,9.036325812339783,0.0,5.171869933605194,50.0,4.0,19.0,80.0,1.0,22.0,80.0,80.0,4.0,18.0,0.0
12379,0.0,9.036325812339783,0.0,5.171869933605194,50.0,4.0,19.0,80.0,1.0,22.0,80.0,80.0,4.0,18.0,9.0,0.9587122797966003,1.6722053289413452,6.0,-1.984173059463501,-1.182003140449524,-50.203524427461,0.9587122797966003,10.0,0.0,3.98986679315567,51.0,5.0,20.0,81.0,2.0,23.0,81.0,81.0,5.0,1.0,0.0
12380,0.9587122797966003,10.0,0.0,3.98986679315567,51.0,5.0,20.0,81.0,2.0,23.0,81.0,81.0,5.0,1.0,9.0,-0.2693508267402649,-0.8156104683876038,6.0,-1.9930144548416138,-1.6923483610153198,-42.49138830309126,0.6893614530563354,9.184389531612396,0.0,2.2975184321403503,52.0,6.0,21.0,82.0,3.0,24.0,82.0,82.0,6.0,1.0,0.0
12381,0.6893614530563354,9.184389531612396,0.0,2.2975184321403503,52.0,6.0,21.0,82.0,3.0,24.0,82.0,82.0,6.0,1.0,9.0,-1.4335073232650757,1.3201919794082642,6.0,-1.973949670791626,-1.5182991027832031,-54.509609677542606,0.0,10.0,0.0,0.7792193293571472,53.0,7.0,22.0,83.0,4.0,25.0,83.0,83.0,7.0,1.0,0.0
12382,0.0,10.0,0.0,0.7792193293571472,53.0,7.0,22.0,83.0,4.0,25.0,83.0,83.0,7.0,1.0,9.0,-0.48638784885406494,-0.016889266669750214,6.0,-1.9895442724227905,-1.772760033607483,-51.24602299320323,0.0,9.98311073333025,0.0,0.0,54.0,8.0,23.0,84.0,5.0,26.0,84.0,84.0,8.0,1.0,0.0
12383,0.0,9.98311073333025,0.0,0.0,54.0,8.0,23.0,84.0,5.0,26.0,84.0,84.0,8.0,1.0,9.0,-0.7701995372772217,-0.651267409324646,6.0,-1.997251272201538,-1.470234990119934,-53.64004255413414,0.0,9.331843324005604,0.0,0.0,55.0,9.0,24.0,85.0,6.0,27.0,85.0,85.0,9.0,1.0,0.0
12384,0.0,9.331843324005604,0.0,0.0,55.0,9.0,24.0,85.0,6.0,27.0,85.0,85.0,9.0,1.0,9.0,-1.1645004749298096,1.1405826807022095,6.0,-1.9967840909957886,1.1217741966247559,-60.78556218939767,0.0,10.0,0.0,1.1217741966247559,56.0,10.0,25.0,86.0,7.0,28.0,86.0,86.0,10.0,1.0,0.0
12385,0.0,10.0,0.0,1.1217741966247559,56.0,10.0,25.0,86.0,7.0,28.0,86.0,86.0,10.0,1.0,9.0,-0.8157952427864075,1.4331616163253784,6.0,-1.9972224235534668,-1.7456544637680054,-65.60957804670919,0.0,10.0,0.0,0.0,57.0,11.0,26.0,87.0,8.0,29.0,87.0,87.0,11.0,1.0,0.0
12386,0.0,10.0,0.0,0.0,57.0,11.0,26.0,87.0,8.0,29.0,87.0,87.0,11.0,1.0,10.0,-0.6541557908058167,-0.6547086238861084,6.0,-1.9933497905731201,-0.6679952144622803,-47.941557908058165,0.0,9.345291376113892,0.0,0.0,58.0,12.0,27.0,88.0,9.0,30.0,88.0,88.0,12.0,2.0,0.0
12387,0.0,9.345291376113892,0.0,0.0,58.0,12.0,27.0,88.0,9.0,30.0,88.0,88.0,12.0,2.0,9.0,-0.41324320435523987,1.1901503801345825,6.0,-1.993032455444336,-0.8086712956428528,-57.68238674571778,0.0,10.0,0.0,0.0,59.0,13.0,28.0,89.0,10.0,31.0,89.0,89.0,13.0,1.0,0.0
12388,0.0,10.0,0.0,0.0,59.0,13.0,28.0,89.0,10.0,31.0,89.0,89.0,13.0,1.0,9.0,-0.987343430519104,-0.7701358199119568,6.0,-1.9911623001098633,-1.6678470373153687,-60.11292149905437,0.0,9.229864180088043,0.0,0.0,60.0,14.0,29.0,90.0,11.0,32.0,90.0,90.0,14.0,1.0,0.0
12389,0.0,9.229864180088043,0.0,0.0,60.0,14.0,29.0,90.0,11.0,32.0,90.0,90.0,14.0,1.0,9.0,-0.16703279316425323,0.00595663208514452,6.0,-1.986172080039978,-0.24854697287082672,-52.821324417880035,0.0,9.235820812173188,0.0,0.0,61.0,15.0,30.0,91.0,12.0,33.0,91.0,91.0,15.0,1.0,0.0
12390,0.0,9.235820812173188,0.0,0.0,61.0,15.0,30.0,91.0,12.0,33.0,91.0,91.0,15.0,1.0,9.0,-1.079085111618042,0.05416540801525116,6.0,-1.9931997060775757,0.06500039994716644,-62.94700974695529,0.0,9.289986220188439,0.0,0.06500039994716644,62.0,16.0,31.0,92.0,13.0,34.0,92.0,92.0,16.0,1.0,0.0
12391,0.0,9.289986220188439,0.0,0.06500039994716644,62.0,16.0,31.0,92.0,13.0,34.0,92.0,92.0,16.0,1.0,9.0,-1.4628369808197021,0.9284332394599915,6.0,-1.991765022277832,-1.2191121578216553,-69.30928444878451,0.0,10.0,0.0,0.0,63.0,17.0,32.0,93.0,14.0,35.0,93.0,93.0,17.0,1.0,0.0
12392,0.0,10.0,0.0,0.0,63.0,17.0,32.0,93.0,14.0,35.0,93.0,93.0,17.0,1.0,9.0,-1.6856966018676758,-0.1016501933336258,6.0,-1.9952144622802734,-0.8515132665634155,-72.05673667722253,0.0,9.898349806666374,0.0,0.0,64.0,18.0,33.0,94.0,15.0,36.0,94.0,94.0,18.0,1.0,0.0
12393,0.0,9.898349806666374,0.0,0.0,64.0,18.0,33.0,94.0,15.0,36.0,94.0,94.0,18.0,1.0,9.0,-1.4821311235427856,-0.1728067249059677,6.0,-1.9931576251983643,0.16177211701869965,-70.55616534584323,0.0,9.725543081760406,0.0,0.16177211701869965,65.0,19.0,34.0,95.0,16.0,37.0,95.0,95.0,19.0,1.0,0.0
12394,0.0,9.725543081760406,0.0,0.16177211701869965,65.0,19.0,34.0,95.0,16.0,37.0,95.0,95.0,19.0,1.0,9.0,-1.5978400707244873,-1.355974793434143,6.0,-1.9976990222930908,-1.891317367553711,-70.07115156570973,0.0,8.369568288326263,0.0,0.0,66.0,20.0,35.0,96.0,17.0,38.0,96.0,96.0,20.0,1.0,0.0
12395,0.0,8.369568288326263,0.0,0.0,66.0,20.0,35.0,96.0,17.0,38.0,96.0,96.0,20.0,1.0,9.0,-1.6140973567962646,-1.2335398197174072,1.0,-1.9986392259597778,-1.5182968378067017,-69.31626694939979,0.0,7.136028468608856,0.0,0.0,67.0,1.0,36.0,97.0,18.0,39.0,97.0,97.0,21.0,1.0,0.0
12396,0.0,7.136028468608856,0.0,0.0,67.0,1.0,36.0,97.0,18.0,39.0,97.0,97.0,21.0,1.0,9.0,-1.9589669704437256,1.1419262886047363,6.0,-1.999141812324524,-1.4823429584503174,-73.33122469941226,0.0,8.277954757213593,0.0,0.0,68.0,2.0,37.0,98.0,19.0,40.0,98.0,98.0,22.0,1.0,0.0
12397,0.0,8.277954757213593,0.0,0.0,68.0,2.0,37.0,98.0,19.0,40.0,98.0,98.0,22.0,1.0,8.0,-1.879294753074646,0.6605582237243652,6.0,-1.999810814857483,-1.9111850261688232,-68.84869206817714,0.0,8.938512980937958,0.0,0.0,69.0,3.0,38.0,99.0,20.0,41.0,99.0,99.0,1.0,2.0,0.0
12398,0.0,8.938512980937958,0.0,0.0,69.0,3.0,38.0,99.0,20.0,41.0,99.0,99.0,1.0,2.0,9.0,-1.6906421184539795,-0.6712343692779541,6.0,-1.9981141090393066,-1.9813601970672607,-70.23052590033168,0.0,8.267278611660004,0.0,0.0,70.0,4.0,39.0,100.0,21.0,42.0,100.0,100.0,2.0,1.0,0.0
12399,0.0,8.267278611660004,0.0,0.0,70.0,4.0,39.0,100.0,21.0,42.0,100.0,100.0,2.0,1.0,9.0,-1.2881803512573242,-0.46643924713134766,6.0,-1.9997684955596924,-1.4631576538085938,-66.07800259619447,0.0,7.800839364528656,0.0,0.0,71.0,5.0,40.0,100.0,22.0,43.0,100.0,100.0,3.0,1.0,1.0
12400,7.9009552001953125,5.147754192352295,1.293647050857544,3.838219165802002,1.0,1.0,1.0,1.0,1.0,1.0,1.0,1.0,1.0,1.0,2.0,-1.850029706954956,1.9219409227371216,0.0,-0.7166675925254822,-1.616461157798767,-2.087011424861755,6.0509254932403564,7.0696951150894165,0.5769794583320618,2.221758008003235,1.0,2.0,1.0,2.0,2.0,2.0,2.0,2.0,2.0,2.0,0.0
12401,6.0509254932403564,7.0696951150894165,0.5769794583320618,2.221758008003235,1.0,2.0,1.0,2.0,2.0,2.0,2.0,2.0,2.0,2.0,2.0,-1.98124098777771,-1.399511456489563,0.0,0.6618883013725281,-1.6691184043884277,-4.044600960250698,4.0696845054626465,5.6701836585998535,1.2388677597045898,0.5526396036148071,1.0,3.0,1.0,3.0,3.0,3.0,3.0,3.0,3.0,3.0,0.0
12402,4.0696845054626465,5.6701836585998535,1.2388677597045898,0.5526396036148071,1.0,3.0,1.0,3.0,3.0,3.0,3.0,3.0,3.0,3.0,2.0,-1.643579363822937,-1.6200579404830933,0.0,1.0454492568969727,-1.7372901439666748,-7.576248527363038,2.4261051416397095,4.05012571811676,2.2843170166015625,0.0,1.0,4.0,1.0,4.0,4.0,4.0,4.0,4.0,4.0,4.0,0.0
12403,2.4261051416397095,4.05012571811676,2.2843170166015625,0.0,1.0,4.0,1.0,4.0,4.0,4.0,4.0,4.0,4.0,4.0,8.0,1.3002156019210815,-1.6676065921783447,8.0,-1.4382749795913696,-1.624045968055725,-8.225844178927643,3.726320743560791,2.3825191259384155,0.8460420370101929,0.0,2.0,5.0,2.0,5.0,5.0,5.0,5.0,5.0,1.0,5.0,0.0
12404,3.726320743560791,2.3825191259384155,0.8460420370101929,0.0,2.0,5.0,2.0,5.0,5.0,5.0,5.0,5.0,1.0,5.0,5.0,-1.1155529022216797,-0.37477225065231323,4.0,-0.8949385285377502,-1.792960286140442,-11.41867829804968,2.6107678413391113,2.0077468752861023,0.0,0.0,3.0,6.0,3.0,6.0,6.0,1.0,6.0,6.0,2.0,6.0,0.0
12405,2.6107678413391113,2.0077468752861023,0.0,0.0,3.0,6.0,3.0,6.0,6.0,1.0,6.0,6.0,2.0,6.0,8.0,-0.8373432159423828,-1.0724982023239136,0.0,-0.9578651785850525,-0.8085771799087524,-12.903307672118334,1.7734246253967285,0.9352486729621887,0.0,0.0,1.0,7.0,4.0,7.0,7.0,2.0,7.0,7.0,1.0,7.0,0.0
12406,1.7734246253967285,0.9352486729621887,0.0,0.0,1.0,7.0,4.0,7.0,7.0,2.0,7.0,7.0,1.0,7.0,1.0,-1.4305438995361328,-1.6473265886306763,4.0,0.49319884181022644,-1.7187217473983765,-20.413700896353216,0.3428807258605957,0.0,0.49319884181022644,0.0,2.0,1.0,5.0,8.0,8.0,3.0,8.0,8.0,2.0,8.0,0.0
12407,0.3428807258605957,0.0,0.49319884181022644,0.0,2.0,1.0,5.0,8.0,8.0,3.0,8.0,8.0,2.0,8.0,0.0,-0.26688987016677856,-0.02135457843542099,4.0,-1.7852809429168701,0.9188413023948669,-8.142519353132068,0.07599085569381714,0.0,0.0,0.9188413023948669,1.0,2.0,6.0,9.0,9.0,4.0,9.0,9.0,3.0,9.0,0.0
12408,0.07599085569381714,0.0,0.0,0.9188413023948669,1.0,2.0,6.0,9.0,9.0,4.0,9.0,9.0,3.0,9.0,0.0,-0.4614233672618866,1.0424751043319702,5.0,-1.1189433336257935,-0.20031620562076569,-12.436771115354881,0.0,1.0424751043319702,0.0,0.7185250967741013,1.0,3.0,7.0,10.0,10.0,5.0,10.0,10.0,4.0,10.0,0.0
12409,0.0,1.0424751043319702,0.0,0.7185250967741013,1.0,3.0,7.0,10.0,10.0,5.0,10.0,10.0,4.0,10.0,0.0,-1.6370000839233398,-0.8745560646057129,1.0,-1.1463245153427124,-0.3605097234249115,-26.095038990365587,0.0,0.16791903972625732,0.0,0.35801537334918976,1.0,1.0,8.0,11.0,11.0,6.0,11.0,11.0,5.0,11.0,0.0
12410,0.0,0.16791903972625732,0.0,0.35801537334918976,1.0,1.0,8.0,11.0,11.0,6.0,11.0,11.0,5.0,11.0,8.0,-0.14072084426879883,1.946317195892334,1.0,-0.6492823958396912,1.0992379188537598,-16.638208398175177,0.0,2.1142362356185913,0.0,1.4572532922029495,2.0,1.0,9.0,12.0,12.0,7.0,12.0,12.0,1.0,12.0,0.0
12411,0.0,2.1142362356185913,0.0,1.4572532922029495,2.0,1.0,9.0,12.0,12.0,7.0,12.0,12.0,1.0,12.0,8.0,1.2863713502883911,0.2835998237133026,5.0,-0.6534771919250488,0.7492089867591858,-14.23135788552838,1.2863713502883911,2.397836059331894,0.0,2.2064622789621353,3.0,2.0,10.0,13.0,13.0,8.0,13.0,13.0,1.0,13.0,0.0
12412,1.2863713502883911,2.397836059331894,0.0,2.2064622789621353,3.0,2.0,10.0,13.0,13.0,8.0,13.0,13.0,1.0,13.0,8.0,-1.141645908355713,1.8517104387283325,4.0,-1.7333581447601318,0.46315038204193115,-13.896431432384826,0.14472544193267822,4.249546498060226,0.0,2.6696126610040665,4.0,3.0,11.0,14.0,1.0,9.0,14.0,14.0,1.0,14.0,0.0
12413,0.14472544193267822,4.249546498060226,0.0,2.6696126610040665,4.0,3.0,11.0,14.0,1.0,9.0,14.0,14.0,1.0,14.0,9.0,-0.6699941754341125,1.0029313564300537,1.0,-1.3999110460281372,1.3936558961868286,-15.26285409018456,0.0,5.25247785449028,0.0,4.063268557190895,5.0,1.0,12.0,15.0,2.0,10.0,15.0,15.0,2.0,1.0,0.0
12414,0.0,5.25247785449028,0.0,4.063268557190895,5.0,1.0,12.0,15.0,2.0,10.0,15.0,15.0,2.0,1.0,8.0,-0.3068872392177582,0.37209174036979675,6.0,-1.8464668989181519,-0.8755114674568176,-14.849044468878692,0.0,5.624569594860077,0.0,3.1877570897340775,6.0,2.0,13.0,16.0,3.0,11.0,16.0,16.0,1.0,2.0,0.0
12415,0.0,5.624569594860077,0.0,3.1877570897340775,6.0,2.0,13.0,16.0,3.0,11.0,16.0,16.0,1.0,2.0,5.0,-1.3133513927459717,-1.5165212154388428,0.0,-1.888723611831665,-0.7726396322250366,-34.21057846994494,0.0,4.108048379421234,0.0,2.415117457509041,1.0,3.0,14.0,17.0,4.0,12.0,17.0,17.0,2.0,3.0,0.0
12416,0.0,4.108048379421234,0.0,2.415117457509041,1.0,3.0,14.0,17.0,4.0,12.0,17.0,17.0,2.0,3.0,10.0,1.3278324604034424,1.3703210353851318,6.0,-1.8833122253417969,-1.2672247886657715,-10.0,1.3278324604034424,5.478369414806366,0.0,1.1478926688432693,2.0,4.0,15.0,18.0,5.0,13.0,18.0,18.0,3.0,4.0,0.0
12417,1.3278324604034424,5.478369414806366,0.0,1.1478926688432693,2.0,4.0,15.0,18.0,5.0,13.0,18.0,18.0,3.0,4.0,5.0,-0.5311526656150818,0.1172972321510315,1.0,-1.3251131772994995,-1.5247511863708496,-19.1078739454395,0.7966797947883606,5.5956666469573975,0.0,0.0,3.0,1.0,16.0,19.0,6.0,1.0,19.0,19.0,4.0,5.0,0.0
12418,0.7966797947883606,5.5956666469573975,0.0,0.0,3.0,1.0,16.0,19.0,6.0,1.0,19.0,19.0,4.0,5.0,10.0,-1.8401705026626587,-1.5673564672470093,6.0,-1.0662181377410889,0.5831338763237,-20.73490707874298,0.0,4.028310179710388,0.0,0.5831338763237,4.0,2.0,17.0,20.0,7.0,2.0,20.0,20.0,5.0,6.0,0.0
12419,0.0,4.028310179710388,0.0,0.5831338763237,4.0,2.0,17.0,20.0,7.0,2.0,20.0,20.0,5.0,6.0,10.0,-1.6212990283966064,1.6485072374343872,1.0,-1.413606882095337,-0.8005200028419495,-27.512990283966065,0.0,5.676817417144775,0.0,0.0,5.0,1.0,18.0,21.0,8.0,3.0,21.0,21.0,6.0,7.0,0.0
12420,0.0,5.676817417144775,0.0,0.0,5.0,1.0,18.0,21.0,8.0,3.0,21.0,21.0,6.0,7.0,9.0,-1.5131587982177734,-1.1175256967544556,10.0,-0.84941166639328,-0.6007530689239502,-28.032203535915794,0.0,4.55929172039032,0.0,0.0,6.0,2.0,19.0,22.0,9.0,4.0,22.0,22.0,7.0,1.0,0.0
12421,0.0,4.55929172039032,0.0,0.0,6.0,2.0,19.0,22.0,9.0,4.0,22.0,22.0,7.0,1.0,0.0,-0.9032880067825317,1.3614909648895264,2.0,-1.9706394672393799,0.4059779644012451,-25.412094598148183,0.0,5.920782685279846,0.0,0.4059779644012451,1.0,3.0,20.0,23.0,10.0,5.0,23.0,23.0,8.0,2.0,0.0
12422,0.0,5.920782685279846,0.0,0.4059779644012451,1.0,3.0,20.0,23.0,10.0,5.0,23.0,23.0,8.0,2.0,8.0,0.21651798486709595,-1.3634872436523438,4.0,-1.9385945796966553,0.3069275915622711,-15.716008172888564,0.21651798486709595,4.557295441627502,0.0,0.7129055559635162,2.0,4.0,21.0,24.0,11.0,6.0,24.0,24.0,1.0,3.0,0.0
12423,0.21651798486709595,4.557295441627502,0.0,0.7129055559635162,2.0,4.0,21.0,24.0,11.0,6.0,24.0,24.0,1.0,3.0,10.0,-0.4271509647369385,-1.3355449438095093,6.0,-1.9555957317352295,1.6838237047195435,-15.106329798698425,0.0,3.221750497817993,0.0,2.3967292606830597,3.0,5.0,22.0,25.0,12.0,7.0,25.0,25.0,2.0,4.0,0.0
12424,0.0,3.221750497817993,0.0,2.3967292606830597,3.0,5.0,22.0,25.0,12.0,7.0,25.0,25.0,2.0,4.0,10.0,0.1631643921136856,-0.7459055185317993,4.0,-1.9766249656677246,-1.2007919549942017,-14.0,0.1631643921136856,2.475844979286194,0.0,1.195937305688858,4.0,6.0,23.0,26.0,13.0,8.0,26.0,26.0,3.0,5.0,0.0
12425,0.1631643921136856,2.475844979286194,0.0,1.195937305688858,4.0,6.0,23.0,26.0,13.0,8.0,26.0,26.0,3.0,5.0,10.0,1.608817219734192,1.1604293584823608,6.0,-1.474519968032837,-0.04674030467867851,-15.0,1.7719816118478775,3.6362743377685547,0.0,1.1491970010101795,5.0,7.0,24.0,27.0,14.0,9.0,27.0,27.0,4.0,6.0,0.0
12426,1.7719816118478775,3.6362743377685547,0.0,1.1491970010101795,5.0,7.0,24.0,27.0,14.0,9.0,27.0,27.0,4.0,6.0,10.0,0.8102013468742371,1.3899056911468506,6.0,-1.765855073928833,-1.294717788696289,-16.0,2.5821829587221146,5.026180028915405,0.0,0.0,6.0,8.0,25.0,28.0,15.0,10.0,28.0,28.0,5.0,7.0,0.0
12427,2.5821829587221146,5.026180028915405,0.0,0.0,6.0,8.0,25.0,28.0,15.0,10.0,28.0,28.0,5.0,7.0,10.0,-0.9598864912986755,-0.03583259508013725,4.0,-1.96579909324646,0.8939419984817505,-17.0,1.622296467423439,4.990347433835268,0.0,0.8939419984817505,7.0,9.0,26.0,29.0,16.0,11.0,29.0,29.0,6.0,8.0,0.0
12428,1.622296467423439,4.990347433835268,0.0,0.8939419984817505,7.0,9.0,26.0,29.0,16.0,11.0,29.0,29.0,6.0,8.0,10.0,-0.1733326017856598,1.0821202993392944,4.0,-1.9367014169692993,1.617346167564392,-18.0,1.4489638656377792,6.0724677331745625,0.0,2.5112881660461426,8.0,10.0,27.0,30.0,1.0,12.0,30.0,30.0,7.0,9.0,0.0
12429,1.4489638656377792,6.0724677331745625,0.0,2.5112881660461426,8.0,10.0,27.0,30.0,1.0,12.0,30.0,30.0,7.0,9.0,9.0,1.021909475326538,0.272328644990921,6.0,-1.9810144901275635,-0.02165943570435047,-18.389219231916606,2.4708733409643173,6.3447963781654835,0.0,2.489628730341792,9.0,11.0,28.0,31.0,2.0,13.0,31.0,31.0,8.0,1.0,0.0
12430,2.4708733409643173,6.3447963781654835,0.0,2.489628730341792,9.0,11.0,28.0,31.0,2.0,13.0,31.0,31.0,8.0,1.0,10.0,-0.9618050456047058,-1.4632095098495483,0.0,-1.8780640363693237,0.02133978344500065,-17.5,1.5090682953596115,4.881586868315935,0.0,2.5109685137867928,1.0,12.0,29.0,32.0,3.0,14.0,32.0,32.0,9.0,2.0,0.0
12431,1.5090682953596115,4.881586868315935,0.0,2.5109685137867928,1.0,12.0,29.0,32.0,3.0,14.0,32.0,32.0,9.0,2.0,10.0,-1.1793030500411987,0.8953413367271423,6.0,-1.863662600517273,1.1460517644882202,-17.6,0.3297652453184128,5.7769282050430775,0.0,3.657020278275013,2.0,13.0,30.0,33.0,4.0,15.0,33.0,33.0,10.0,3.0,0.0
12432,0.3297652453184128,5.7769282050430775,0.0,3.657020278275013,2.0,13.0,30.0,33.0,4.0,15.0,33.0,33.0,10.0,3.0,10.0,-0.30697333812713623,1.1006323099136353,1.0,-1.9886285066604614,-1.7178878784179688,-18.6,0.02279190719127655,6.877560514956713,0.0,1.9391323998570442,3.0,1.0,31.0,34.0,5.0,16.0,34.0,34.0,11.0,4.0,0.0
12433,0.02279190719127655,6.877560514956713,0.0,1.9391323998570442,3.0,1.0,31.0,34.0,5.0,16.0,34.0,34.0,11.0,4.0,10.0,0.3820752203464508,-1.4174623489379883,6.0,-1.975292682647705,1.4563652276992798,-18.3,0.40486712753772736,5.460098166018724,0.0,3.395497627556324,4.0,2.0,32.0,35.0,6.0,17.0,35.0,35.0,12.0,5.0,0.0
12434,0.40486712753772736,5.460098166018724,0.0,3.395497627556324,4.0,2.0,32.0,35.0,6.0,17.0,35.0,35.0,12.0,5.0,10.0,-1.9654324054718018,-0.6016018390655518,4.0,-1.961928367614746,-0.6906764507293701,-34.90565277934074,0.0,4.858496326953173,0.0,2.704821176826954,5.0,3.0,33.0,36.0,1.0,18.0,36.0,36.0,13.0,6.0,0.0
12435,0.0,4.858496326953173,0.0,2.704821176826954,5.0,3.0,33.0,36.0,1.0,18.0,36.0,36.0,13.0,6.0,8.0,1.8416845798492432,-1.2194406986236572,1.0,-1.7462621927261353,1.2908920049667358,-21.587608618569153,1.8416845798492432,3.6390556283295155,0.0,3.9957131817936897,6.0,1.0,34.0,37.0,2.0,19.0,37.0,37.0,1.0,7.0,0.0
12436,1.8416845798492432,3.6390556283295155,0.0,3.9957131817936897,6.0,1.0,34.0,37.0,2.0,19.0,37.0,37.0,1.0,7.0,10.0,1.916462779045105,-1.0006163120269775,6.0,-1.9045379161834717,1.8898500204086304,-19.1,3.758147358894348,2.638439316302538,0.0,5.88556320220232,7.0,2.0,35.0,38.0,3.0,20.0,38.0,38.0,2.0,8.0,0.0
12437,3.758147358894348,2.638439316302538,0.0,5.88556320220232,7.0,2.0,35.0,38.0,3.0,20.0,38.0,38.0,2.0,8.0,10.0,-0.7152953743934631,1.796519160270691,6.0,-1.65623939037323,1.955765724182129,-320.1,3.042851984500885,4.434958476573229,0.0,7.841328926384449,8.0,3.0,36.0,39.0,4.0,21.0,39.0,39.0,3.0,9.0,0.0
12438,3.042851984500885,4.434958476573229,0.0,7.841328926384449,8.0,3.0,36.0,39.0,4.0,21.0,39.0,39.0,3.0,9.0,10.0,1.559507966041565,1.2663882970809937,2.0,-1.929612398147583,1.703322410583496,-321.1,4.60235995054245,5.7013467736542225,0.0,9.544651336967945,9.0,4.0,1.0,40.0,5.0,22.0,40.0,40.0,4.0,10.0,0.0
12439,4.60235995054245,5.7013467736542225,0.0,9.544651336967945,9.0,4.0,1.0,40.0,5.0,22.0,40.0,40.0,4.0,10.0,5.0,-0.9765933752059937,0.031684935092926025,6.0,-1.963661551475525,-1.8530652523040771,-20.220800479441092,3.6257665753364563,5.7330317087471485,0.0,7.691586084663868,10.0,5.0,2.0,41.0,6.0,1.0,41.0,41.0,5.0,11.0,0.0
12440,3.6257665753364563,5.7330317087471485,0.0,7.691586084663868,10.0,5.0,2.0,41.0,6.0,1.0,41.0,41.0,5.0,11.0,10.0,-1.8893318176269531,-0.2837783098220825,6.0,-1.9070701599121094,0.7755661606788635,-17.3,1.7364347577095032,5.449253398925066,0.0,8.467152245342731,11.0,6.0,3.0,42.0,7.0,2.0,42.0,42.0,6.0,12.0,0.0
12441,1.7364347577095032,5.449253398925066,0.0,8.467152245342731,11.0,6.0,3.0,42.0,7.0,2.0,42.0,42.0,6.0,12.0,9.0,-1.4447129964828491,1.482809066772461,6.0,-1.7411450147628784,1.0408082008361816,-20.40732924216802,0.29172176122665405,6.932062465697527,0.0,9.507960446178913,12.0,7.0,4.0,43.0,8.0,3.0,43.0,43.0,7.0,1.0,0.0
12442,0.29172176122665405,6.932062465697527,0.0,9.507960446178913,12.0,7.0,4.0,43.0,8.0,3.0,43.0,43.0,7.0,1.0,10.0,0.07985225319862366,0.4863763451576233,6.0,-1.9371569156646729,1.2226108312606812,-18.1,0.3715740144252777,7.41843881085515,0.0,10.0,13.0,8.0,5.0,44.0,9.0,4.0,44.0,44.0,8.0,2.0,0.0
12443,0.3715740144252777,7.41843881085515,0.0,10.0,13.0,8.0,5.0,44.0,9.0,4.0,44.0,44.0,8.0,2.0,10.0,-0.052814241498708725,-1.913999080657959,6.0,-1.9664061069488525,0.15325212478637695,-19.1,0.318759772926569,5.504439730197191,0.0,10.0,14.0,9.0,6.0,45.0,10.0,5.0,45.0,45.0,9.0,3.0,0.0
12444,0.318759772926569,5.504439730197191,0.0,10.0,14.0,9.0,6.0,45.0,10.0,5.0,45.0,45.0,9.0,3.0,10.0,-1.510407567024231,0.19949926435947418,6.0,-1.9764869213104248,0.08356215804815292,-32.01647794097662,0.0,5.703938994556665,0.0,10.0,15.0,10.0,7.0,46.0,11.0,6.0,46.0,46.0,10.0,4.0,0.0
12445,0.0,5.703938994556665,0.0,10.0,15.0,10.0,7.0,46.0,11.0,6.0,46.0,46.0,10.0,4.0,5.0,-0.8904018402099609,-0.3620205819606781,6.0,-1.9112772941589355,-1.043445110321045,-41.375889173234796,0.0,5.341918412595987,0.0,8.956554889678955,16.0,11.0,8.0,47.0,12.0,7.0,47.0,47.0,11.0,5.0,0.0
12446,0.0,5.341918412595987,0.0,8.956554889678955,16.0,11.0,8.0,47.0,12.0,7.0,47.0,47.0,11.0,5.0,10.0,-1.348779320716858,1.0652236938476562,6.0,-1.9666728973388672,-1.4422369003295898,-35.58779320716858,0.0,6.407142106443644,0.0,7.514317989349365,17.0,12.0,9.0,48.0,13.0,8.0,48.0,48.0,12.0,6.0,0.0
12447,0.0,6.407142106443644,0.0,7.514317989349365,17.0,12.0,9.0,48.0,13.0,8.0,48.0,48.0,12.0,6.0,10.0,0.33183982968330383,0.4192255139350891,6.0,-1.915932059288025,-1.336370587348938,-23.1,0.33183982968330383,6.826367620378733,0.0,6.177947402000427,18.0,13.0,10.0,49.0,14.0,9.0,49.0,49.0,13.0,7.0,0.0
12448,0.33183982968330383,6.826367620378733,0.0,6.177947402000427,18.0,13.0,10.0,49.0,14.0,9.0,49.0,49.0,13.0,7.0,10.0,-0.647428035736084,-1.2683651447296143,6.0,-1.6970844268798828,-1.0151327848434448,-27.255882060527803,0.0,5.558002475649118,0.0,5.162814617156982,19.0,14.0,11.0,50.0,15.0,10.0,50.0,50.0,14.0,8.0,0.0
12449,0.0,5.558002475649118,0.0,5.162814617156982,19.0,14.0,11.0,50.0,15.0,10.0,50.0,50.0,14.0,8.0,10.0,-0.23028968274593353,-0.15496760606765747,6.0,-1.9413591623306274,-1.4658703804016113,-27.402896827459337,0.0,5.403034869581461,0.0,3.696944236755371,20.0,15.0,12.0,51.0,16.0,11.0,51.0,51.0,15.0,9.0,0.0
12450,0.0,5.403034869581461,0.0,3.696944236755371,20.0,15.0,12.0,51.0,16.0,11.0,51.0,51.0,15.0,9.0,10.0,-0.1577974557876587,-0.7313491702079773,6.0,-1.9115172624588013,-1.7953675985336304,-27.67797455787659,0.0,4.671685699373484,0.0,1.9015766382217407,21.0,16.0,13.0,52.0,17.0,12.0,52.0,52.0,16.0,10.0,0.0
12451,0.0,4.671685699373484,0.0,1.9015766382217407,21.0,16.0,13.0,52.0,17.0,12.0,52.0,52.0,16.0,10.0,10.0,-1.4190295934677124,-0.9660714864730835,6.0,-1.9656333923339844,0.33248645067214966,-41.290295934677125,0.0,3.7056142129004,0.0,2.2340630888938904,22.0,17.0,14.0,53.0,18.0,13.0,53.0,53.0,17.0,11.0,0.0
12452,0.0,3.7056142129004,0.0,2.2340630888938904,22.0,17.0,14.0,53.0,18.0,13.0,53.0,53.0,17.0,11.0,10.0,-1.7942901849746704,-0.15029184520244598,6.0,-1.9899324178695679,-0.5133981704711914,-46.042901849746706,0.0,3.555322367697954,0.0,1.720664918422699,23.0,18.0,15.0,54.0,19.0,14.0,54.0,54.0,18.0,12.0,0.0
12453,0.0,3.555322367697954,0.0,1.720664918422699,23.0,18.0,15.0,54.0,19.0,14.0,54.0,54.0,18.0,12.0,0.0,-0.6264827251434326,1.3045347929000854,1.0,-1.9470887184143066,0.17011114954948425,-36.364566473075726,0.0,4.85985716059804,0.0,1.8907760679721832,1.0,1.0,16.0,55.0,20.0,15.0,55.0,55.0,19.0,13.0,0.0
12454,0.0,4.85985716059804,0.0,1.8907760679721832,1.0,1.0,16.0,55.0,20.0,15.0,55.0,55.0,19.0,13.0,10.0,-1.9801321029663086,-1.2905471324920654,6.0,-1.970749855041504,0.7776519656181335,-45.801321029663086,0.0,3.569310028105974,0.0,2.6684280335903168,2.0,2.0,17.0,56.0,21.0,16.0,56.0,56.0,20.0,14.0,0.0
12455,0.0,3.569310028105974,0.0,2.6684280335903168,2.0,2.0,17.0,56.0,21.0,16.0,56.0,56.0,20.0,14.0,5.0,-1.7255606651306152,1.7362293004989624,6.0,-1.9355729818344116,1.6581541299819946,-55.623826564911425,0.0,5.305539328604937,0.0,4.326582163572311,3.0,3.0,18.0,57.0,22.0,17.0,57.0,57.0,21.0,15.0,0.0
12456,0.0,5.305539328604937,0.0,4.326582163572311,3.0,3.0,18.0,57.0,22.0,17.0,57.0,57.0,21.0,15.0,10.0,-1.8485634326934814,-0.3101251423358917,6.0,-1.97745943069458,1.6267402172088623,-46.485634326934814,0.0,4.995414186269045,0.0,5.953322380781174,4.0,4.0,19.0,58.0,23.0,18.0,58.0,58.0,22.0,16.0,0.0
12457,0.0,4.995414186269045,0.0,5.953322380781174,4.0,4.0,19.0,58.0,23.0,18.0,58.0,58.0,22.0,16.0,10.0,-1.8100852966308594,-0.9250195026397705,6.0,-1.9671709537506104,0.45623093843460083,-47.100852966308594,0.0,4.070394683629274,0.0,6.4095533192157745,5.0,5.0,20.0,59.0,24.0,19.0,59.0,59.0,23.0,17.0,0.0
12458,0.0,4.070394683629274,0.0,6.4095533192157745,5.0,5.0,20.0,59.0,24.0,19.0,59.0,59.0,23.0,17.0,5.0,-1.6166505813598633,1.9177205562591553,6.0,-1.9691282510757446,0.2924956679344177,-57.671593431330095,0.0,5.98811523988843,0.0,6.702048987150192,6.0,6.0,21.0,60.0,25.0,20.0,60.0,60.0,24.0,18.0,0.0
12459,0.0,5.98811523988843,0.0,6.702048987150192,6.0,6.0,21.0,60.0,25.0,20.0,60.0,60.0,24.0,18.0,10.0,-1.460105538368225,1.60972261428833,6.0,-1.9898865222930908,0.8385200500488281,-45.60105538368225,0.0,7.59783785417676,0.0,7.54056903719902,7.0,7.0,22.0,61.0,26.0,21.0,61.0,61.0,25.0,19.0,0.0
12460,0.0,7.59783785417676,0.0,7.54056903719902,7.0,7.0,22.0,61.0,26.0,21.0,61.0,61.0,25.0,19.0,8.0,-1.948173999786377,-0.23701420426368713,6.0,-1.9876868724822998,-0.60809326171875,-51.619742356609414,0.0,7.360823649913073,0.0,6.93247577548027,8.0,8.0,23.0,62.0,27.0,22.0,62.0,62.0,1.0,20.0,0.0
12461,0.0,7.360823649913073,0.0,6.93247577548027,8.0,8.0,23.0,62.0,27.0,22.0,62.0,62.0,1.0,20.0,10.0,-0.4616982042789459,0.7323548197746277,6.0,-1.9175313711166382,0.3527897298336029,-35.11698204278946,0.0,8.0931784696877,0.0,7.285265505313873,9.0,9.0,24.0,63.0,28.0,23.0,63.0,63.0,2.0,21.0,0.0
12462,0.0,8.0931784696877,0.0,7.285265505313873,9.0,9.0,24.0,63.0,28.0,23.0,63.0,63.0,2.0,21.0,10.0,-0.3372536897659302,-1.6708521842956543,6.0,-1.9744226932525635,1.5677411556243896,-34.8725368976593,0.0,6.422326285392046,0.0,8.853006660938263,10.0,10.0,25.0,64.0,29.0,24.0,64.0,64.0,3.0,22.0,0.0
12463,0.0,6.422326285392046,0.0,8.853006660938263,10.0,10.0,25.0,64.0,29.0,24.0,64.0,64.0,3.0,22.0,10.0,-1.5886387825012207,-1.432896614074707,6.0,-1.9910125732421875,1.4557706117630005,-48.38638782501221,0.0,4.989429671317339,0.0,10.0,11.0,11.0,26.0,65.0,30.0,25.0,65.0,65.0,4.0,23.0,0.0
12464,0.0,4.989429671317339,0.0,10.0,11.0,11.0,26.0,65.0,30.0,25.0,65.0,65.0,4.0,23.0,10.0,-0.7707653641700745,1.6128896474838257,6.0,-1.7726750373840332,-0.05095922574400902,-41.207653641700745,0.0,6.602319318801165,0.0,9.949040774255991,12.0,12.0,27.0,66.0,31.0,26.0,66.0,66.0,5.0,24.0,0.0
12465,0.0,6.602319318801165,0.0,9.949040774255991,12.0,12.0,27.0,66.0,31.0,26.0,66.0,66.0,5.0,24.0,10.0,-1.0629886388778687,0.578092098236084,1.0,-1.998144507408142,0.6834441423416138,-45.12988638877869,0.0,7.180411417037249,0.0,10.0,13.0,13.0,28.0,67.0,32.0,27.0,67.0,67.0,6.0,25.0,0.0
12466,0.0,7.180411417037249,0.0,10.0,13.0,13.0,28.0,67.0,32.0,27.0,67.0,67.0,6.0,25.0,10.0,-1.4058456420898438,0.07694055885076523,2.0,-1.9400990009307861,0.42111510038375854,-49.55845642089844,0.0,7.257351975888014,0.0,10.0,14.0,14.0,1.0,68.0,33.0,28.0,68.0,68.0,7.0,26.0,0.0
12467,0.0,7.257351975888014,0.0,10.0,14.0,14.0,1.0,68.0,33.0,28.0,68.0,68.0,7.0,26.0,5.0,-1.5185378789901733,-1.8276866674423218,6.0,-1.922358751296997,0.32918182015419006,-60.2677436928804,0.0,5.429665308445692,0.0,10.0,15.0,15.0,2.0,69.0,34.0,29.0,69.0,69.0,8.0,27.0,0.0
12468,0.0,5.429665308445692,0.0,10.0,15.0,15.0,2.0,69.0,34.0,29.0,69.0,69.0,8.0,27.0,10.0,-1.8703863620758057,-0.18071813881397247,6.0,-1.8985750675201416,-1.9534941911697388,-53.40386362075806,0.0,5.24894716963172,0.0,8.046505808830261,16.0,16.0,3.0,70.0,35.0,30.0,70.0,70.0,9.0,28.0,0.0
12469,0.0,5.24894716963172,0.0,8.046505808830261,16.0,16.0,3.0,70.0,35.0,30.0,70.0,70.0,9.0,28.0,10.0,-1.8086047172546387,1.298322081565857,6.0,-1.9982795715332031,-1.7528998851776123,-53.78604717254639,0.0,6.5472692511975765,0.0,6.293605923652649,17.0,17.0,4.0,71.0,36.0,31.0,71.0,71.0,10.0,29.0,0.0
12470,0.0,6.5472692511975765,0.0,6.293605923652649,17.0,17.0,4.0,71.0,36.0,31.0,71.0,71.0,10.0,29.0,5.0,-1.6074846982955933,-1.8069097995758057,2.0,-1.9838351011276245,-1.5992836952209473,-64.13904603118206,0.0,4.740359451621771,0.0,4.694322228431702,18.0,18.0,1.0,72.0,37.0,32.0,72.0,72.0,11.0,30.0,0.0
12471,0.0,4.740359451621771,0.0,4.694322228431702,18.0,18.0,1.0,72.0,37.0,32.0,72.0,72.0,11.0,30.0,5.0,-1.8323918581008911,-1.7530531883239746,1.0,-1.9803152084350586,-1.2159875631332397,-67.60556367306175,0.0,2.9873062632977962,0.0,3.478334665298462,19.0,1.0,2.0,73.0,38.0,33.0,73.0,73.0,12.0,31.0,0.0
12472,0.0,2.9873062632977962,0.0,3.478334665298462,19.0,1.0,2.0,73.0,38.0,33.0,73.0,73.0,12.0,31.0,10.0,-0.9513362646102905,-0.6803590655326843,6.0,-1.8549872636795044,-1.9589694738388062,-46.013362646102905,0.0,2.306947197765112,0.0,1.5193651914596558,20.0,2.0,3.0,74.0,39.0,34.0,74.0,74.0,13.0,32.0,0.0
12473,0.0,2.306947197765112,0.0,1.5193651914596558,20.0,2.0,3.0,74.0,39.0,34.0,74.0,74.0,13.0,32.0,5.0,-1.92308509349823,-0.583061695098877,6.0,-1.9836156368255615,-0.7185428142547607,-69.74820449592657,0.0,1.723885502666235,0.0,0.800822377204895,21.0,3.0,4.0,75.0,40.0,35.0,75.0,75.0,14.0,33.0,0.0
12474,0.0,1.723885502666235,0.0,0.800822377204895,21.0,3.0,4.0,75.0,40.0,35.0,75.0,75.0,14.0,33.0,10.0,-1.137540340423584,0.09189686924219131,6.0,-1.8698631525039673,0.44492772221565247,-49.87540340423584,0.0,1.8157823719084263,0.0,1.2457500994205475,22.0,4.0,5.0,76.0,41.0,36.0,76.0,76.0,15.0,34.0,0.0
12475,0.0,1.8157823719084263,0.0,1.2457500994205475,22.0,4.0,5.0,76.0,41.0,36.0,76.0,76.0,15.0,34.0,5.0,-1.900696873664856,-1.4680012464523315,6.0,-1.9891875982284546,1.39815092086792,-73.21540550743126,0.0,0.34778112545609474,0.0,2.6439010202884674,23.0,5.0,6.0,77.0,42.0,37.0,77.0,77.0,16.0,35.0,0.0
12476,0.0,0.34778112545609474,0.0,2.6439010202884674,23.0,5.0,6.0,77.0,42.0,37.0,77.0,77.0,16.0,35.0,5.0,-0.9807431697845459,1.5420035123825073,4.0,-1.5078744888305664,1.4743623733520508,-63.1605648356943,0.0,1.889784637838602,0.0,4.118263393640518,24.0,6.0,7.0,78.0,1.0,38.0,78.0,78.0,17.0,36.0,0.0
12477,0.0,1.889784637838602,0.0,4.118263393640518,24.0,6.0,7.0,78.0,1.0,38.0,78.0,78.0,17.0,36.0,9.0,-1.8519494533538818,1.8258357048034668,6.0,-1.9760125875473022,-1.8936303853988647,-53.42262196713331,0.0,3.715620342642069,0.0,2.2246330082416534,25.0,7.0,8.0,79.0,2.0,39.0,79.0,79.0,18.0,1.0,0.0
12478,0.0,3.715620342642069,0.0,2.2246330082416534,25.0,7.0,8.0,79.0,2.0,39.0,79.0,79.0,18.0,1.0,5.0,-1.3754796981811523,1.1696038246154785,6.0,-1.976902723312378,-1.459776759147644,-59.810588873037695,0.0,4.885224167257547,0.0,0.7648562490940094,26.0,8.0,9.0,80.0,3.0,40.0,80.0,80.0,19.0,2.0,0.0
12479,0.0,4.885224167257547,0.0,0.7648562490940094,26.0,8.0,9.0,80.0,3.0,40.0,80.0,80.0,19.0,2.0,5.0,-1.7776957750320435,0.798860490322113,6.0,-1.9702436923980713,-1.7193834781646729,-64.9032433822245,0.0,5.68408465757966,0.0,0.0,27.0,9.0,10.0,81.0,4.0,41.0,81.0,81.0,20.0,3.0,0.0
12480,0.0,5.68408465757966,0.0,0.0,27.0,9.0,10.0,81.0,4.0,41.0,81.0,81.0,20.0,3.0,5.0,-1.174936294555664,0.10464610159397125,6.0,-1.9865496158599854,-1.3020738363265991,-59.89953785817897,0.0,5.788730759173632,0.0,0.0,28.0,10.0,11.0,82.0,5.0,42.0,82.0,82.0,21.0,4.0,0.0
12481,0.0,5.788730759173632,0.0,0.0,28.0,10.0,11.0,82.0,5.0,42.0,82.0,82.0,21.0,4.0,5.0,-1.4772285223007202,0.3974657952785492,6.0,-1.9976871013641357,-0.3415129780769348,-64.04412987420531,0.0,6.186196554452181,0.0,0.0,29.0,11.0,12.0,83.0,6.0,43.0,83.0,83.0,22.0,5.0,0.0
12482,0.0,6.186196554452181,0.0,0.0,29.0,11.0,12.0,83.0,6.0,43.0,83.0,83.0,22.0,5.0,5.0,-1.821307897567749,0.32172444462776184,6.0,-1.997451901435852,-1.6130136251449585,-68.61927196529476,0.0,6.507920999079943,0.0,0.0,30.0,12.0,13.0,84.0,7.0,44.0,84.0,84.0,23.0,6.0,0.0
12483,0.0,6.507920999079943,0.0,0.0,30.0,12.0,13.0,84.0,7.0,44.0,84.0,84.0,23.0,6.0,5.0,-0.9601762890815735,0.3126598596572876,6.0,-1.9900908470153809,-0.005870802327990532,-61.169262663611796,0.0,6.82058085873723,0.0,0.0,31.0,13.0,14.0,85.0,8.0,45.0,85.0,85.0,24.0,7.0,0.0
12484,0.0,6.82058085873723,0.0,0.0,31.0,13.0,14.0,85.0,8.0,45.0,85.0,85.0,24.0,7.0,5.0,-1.5183719396591187,1.064246654510498,6.0,-1.984230399131775,-1.0052199363708496,-68.5274150126758,0.0,7.884827513247728,0.0,0.0,32.0,14.0,15.0,86.0,9.0,46.0,86.0,86.0,25.0,8.0,0.0
12485,0.0,7.884827513247728,0.0,0.0,32.0,14.0,15.0,86.0,9.0,46.0,86.0,86.0,25.0,8.0,5.0,-1.2436637878417969,-0.5338022708892822,6.0,-1.996551275253296,-0.34918516874313354,-66.34712243039999,0.0,7.351025242358446,0.0,0.0,33.0,15.0,16.0,87.0,10.0,47.0,87.0,87.0,26.0,9.0,0.0
12486,0.0,7.351025242358446,0.0,0.0,33.0,15.0,16.0,87.0,10.0,47.0,87.0,87.0,26.0,9.0,5.0,-1.910866618156433,0.8058650493621826,6.0,-1.9910104274749756,-1.3377845287322998,-74.70713941022812,0.0,8.156890291720629,0.0,0.0,34.0,16.0,17.0,88.0,11.0,48.0,88.0,88.0,27.0,10.0,0.0
12487,0.0,8.156890291720629,0.0,0.0,34.0,16.0,17.0,88.0,11.0,48.0,88.0,88.0,27.0,10.0,5.0,-1.7728536128997803,-0.11381623893976212,6.0,-1.9954947233200073,-1.6853102445602417,-74.21763258105757,0.0,8.043074052780867,0.0,0.0,35.0,17.0,18.0,89.0,12.0,49.0,89.0,89.0,28.0,11.0,0.0
12488,0.0,8.043074052780867,0.0,0.0,35.0,17.0,18.0,89.0,12.0,49.0,89.0,89.0,28.0,11.0,5.0,-1.019402265548706,0.2629595100879669,6.0,-1.992018461227417,-0.49391481280326843,-67.94190063290341,0.0,8.306033562868834,0.0,0.0,36.0,18.0,19.0,90.0,13.0,50.0,90.0,90.0,29.0,12.0,0.0
12489,0.0,8.306033562868834,0.0,0.0,36.0,18.0,19.0,90.0,13.0,50.0,90.0,90.0,29.0,12.0,5.0,-1.850271224975586,0.7876116633415222,6.0,-1.9947460889816284,-0.7133224010467529,-78.15394159165746,0.0,9.093645226210356,0.0,0.0,37.0,19.0,20.0,91.0,14.0,51.0,91.0,91.0,30.0,13.0,0.0
12490,0.0,9.093645226210356,0.0,0.0,37.0,19.0,20.0,91.0,14.0,51.0,91.0,91.0,30.0,13.0,5.0,-1.7680152654647827,1.0744829177856445,6.0,-1.9944041967391968,-0.8379244804382324,-79.68866287061974,0.0,10.0,0.0,0.0,38.0,20.0,21.0,92.0,15.0,52.0,92.0,92.0,31.0,14.0,0.0
12491,0.0,10.0,0.0,0.0,38.0,20.0,21.0,92.0,15.0,52.0,92.0,92.0,31.0,14.0,5.0,-1.5712203979492188,0.1391843855381012,6.0,-1.9968901872634888,-1.5412544012069702,-78.70248079556426,0.0,10.0,0.0,0.0,39.0,21.0,22.0,93.0,16.0,53.0,93.0,93.0,32.0,15.0,0.0
12492,0.0,10.0,0.0,0.0,39.0,21.0,22.0,93.0,16.0,53.0,93.0,93.0,32.0,15.0,5.0,-1.384543776512146,-0.19377873837947845,6.0,-1.9932841062545776,-0.8481767177581787,-77.4796510015477,0.0,9.806221261620522,0.0,0.0,40.0,22.0,23.0,94.0,17.0,54.0,94.0,94.0,33.0,16.0,0.0
12493,0.0,9.806221261620522,0.0,0.0,40.0,22.0,23.0,94.0,17.0,54.0,94.0,94.0,33.0,16.0,5.0,-1.8814176321029663,-0.5943745374679565,6.0,-1.9942458868026733,-0.7204049229621887,-82.61757250933165,0.0,9.211846724152565,0.0,0.0,41.0,23.0,24.0,95.0,18.0,55.0,95.0,95.0,34.0,17.0,0.0
12494,0.0,9.211846724152565,0.0,0.0,41.0,23.0,24.0,95.0,18.0,55.0,95.0,95.0,34.0,17.0,5.0,-1.7855627536773682,-0.6905418038368225,1.0,-1.994253396987915,0.5357583165168762,-81.83131372975886,0.0,8.521304920315742,0.0,0.5357583165168762,42.0,1.0,25.0,96.0,19.0,56.0,96.0,96.0,35.0,18.0,0.0
12495,0.0,8.521304920315742,0.0,0.5357583165168762,42.0,1.0,25.0,96.0,19.0,56.0,96.0,96.0,35.0,18.0,8.0,-1.8985247611999512,1.106091022491455,6.0,-1.999079942703247,-1.2619104385375977,-68.22174870410775,0.0,9.627395942807198,0.0,0.0,43.0,2.0,26.0,97.0,20.0,57.0,97.0,97.0,1.0,19.0,0.0
12496,0.0,9.627395942807198,0.0,0.0,43.0,2.0,26.0,97.0,20.0,57.0,97.0,97.0,1.0,19.0,5.0,-1.428542137145996,-0.16860438883304596,6.0,-1.8856782913208008,1.1662379503250122,-75.6206988003376,0.0,9.458791553974152,0.0,1.1662379503250122,44.0,3.0,27.0,98.0,21.0,58.0,98.0,98.0,2.0,20.0,0.0
12497,0.0,9.458791553974152,0.0,1.1662379503250122,44.0,3.0,27.0,98.0,21.0,58.0,98.0,98.0,2.0,20.0,5.0,1.393446683883667,-1.245253086090088,6.0,-1.9915343523025513,1.5497030019760132,-51.68363907550308,1.393446683883667,8.213538467884064,0.0,2.7159409523010254,45.0,4.0,28.0,99.0,22.0,1.0,99.0,99.0,3.0,21.0,0.0
12498,1.393446683883667,8.213538467884064,0.0,2.7159409523010254,45.0,4.0,28.0,99.0,22.0,1.0,99.0,99.0,3.0,21.0,10.0,-1.1962580680847168,1.0684072971343994,6.0,-1.9546141624450684,1.9322216510772705,-43.1,0.1971886157989502,9.281945765018463,0.0,4.648162603378296,46.0,5.0,29.0,100.0,23.0,2.0,100.0,100.0,4.0,22.0,0.0
12499,0.1971886157989502,9.281945765018463,0.0,4.648162603378296,46.0,5.0,29.0,100.0,23.0,2.0,100.0,100.0,4.0,22.0,10.0,-1.3227431774139404,1.701839804649353,6.0,-1.9645990133285522,1.4750642776489258,-58.74893681255942,0.0,10.0,0.0,6.123226881027222,47.0,6.0,30.0,100.0,24.0,3.0,100.0,100.0,5.0,23.0,1.0
12500,2.1497647762298584,0.328652560710907,2.748868227005005,1.8057605028152466,1.0,1.0,1.0,1.0,1.0,1.0,1.0,1.0,1.0,1.0,5.0,-0.615289568901062,1.388196349143982,0.0,-1.2915873527526855,-1.5462915897369385,-11.246130591295927,1.5344752073287964,1.716848909854889,1.4572808742523193,0.2594689130783081,1.0,2.0,2.0,2.0,2.0,1.0,2.0,2.0,2.0,2.0,0.0
12501,1.5344752073287964,1.716848909854889,1.4572808742523193,0.2594689130783081,1.0,2.0,2.0,2.0,2.0,1.0,2.0,2.0,2.0,2.0,9.0,-1.3709741830825806,1.5320175886154175,0.0,-1.2320679426193237,-1.5341472625732422,-3.6107801096527,0.16350102424621582,3.2488664984703064,0.2252129316329956,0.0,1.0,3.0,3.0,3.0,3.0,2.0,3.0,3.0,3.0,1.0,0.0
12502,0.16350102424621582,3.2488664984703064,0.2252129316329956,0.0,1.0,3.0,3.0,3.0,3.0,2.0,3.0,3.0,3.0,1.0,8.0,0.2926592528820038,-0.4431901276111603,0.0,-0.9234393239021301,-1.744470477104187,-8.717298519059685,0.4561602771282196,2.805676370859146,0.0,0.0,1.0,4.0,4.0,4.0,4.0,3.0,4.0,4.0,1.0,2.0,0.0
12503,0.4561602771282196,2.805676370859146,0.0,0.0,1.0,4.0,4.0,4.0,4.0,3.0,4.0,4.0,1.0,2.0,8.0,0.6795931458473206,-1.703447699546814,0.0,-1.2179607152938843,-1.780860424041748,-11.770984896367015,1.1357534229755402,1.1022286713123322,0.0,0.0,1.0,5.0,5.0,5.0,5.0,4.0,5.0,5.0,1.0,3.0,0.0
12504,1.1357534229755402,1.1022286713123322,0.0,0.0,1.0,5.0,5.0,5.0,5.0,4.0,5.0,5.0,1.0,3.0,2.0,-1.162906527519226,-0.43332043290138245,10.0,-0.11928462982177734,-0.6342948079109192,-18.088103093954274,0.0,0.6689082384109497,0.0,0.0,2.0,6.0,6.0,6.0,6.0,5.0,6.0,6.0,2.0,4.0,0.0
12505,0.0,0.6689082384109497,0.0,0.0,2.0,6.0,6.0,6.0,6.0,5.0,6.0,6.0,2.0,4.0,8.0,1.4511215686798096,-1.3515827655792236,4.0,-1.9748177528381348,0.38617604970932007,-22.40749636661838,1.4511215686798096,0.0,0.0,0.38617604970932007,3.0,7.0,7.0,7.0,7.0,6.0,7.0,7.0,1.0,5.0,0.0
12506,1.4511215686798096,0.0,0.0,0.38617604970932007,3.0,7.0,7.0,7.0,7.0,6.0,7.0,7.0,1.0,5.0,0.0,-1.1081655025482178,0.9603854417800903,0.0,1.0154433250427246,-1.5330475568771362,-7.694415282382216,0.3429560661315918,0.9603854417800903,1.0154433250427246,0.0,1.0,8.0,8.0,8.0,8.0,7.0,8.0,8.0,2.0,6.0,0.0
12507,0.3429560661315918,0.9603854417800903,1.0154433250427246,0.0,1.0,8.0,8.0,8.0,8.0,7.0,8.0,8.0,2.0,6.0,0.0,0.2362327128648758,-1.9031341075897217,1.0,-1.6351475715637207,-1.44349205493927,-18.139587338095488,0.5791887789964676,0.0,0.0,0.0,1.0,1.0,9.0,9.0,9.0,8.0,9.0,9.0,3.0,7.0,0.0
12508,0.5791887789964676,0.0,0.0,0.0,1.0,1.0,9.0,9.0,9.0,8.0,9.0,9.0,3.0,7.0,8.0,-1.3738490343093872,0.5979030132293701,6.0,-0.6018655300140381,-1.9351410865783691,-25.465638689421368,0.0,0.5979030132293701,0.0,0.0,2.0,2.0,10.0,10.0,10.0,9.0,10.0,10.0,4.0,8.0,0.0
12509,0.0,0.5979030132293701,0.0,0.0,2.0,2.0,10.0,10.0,10.0,9.0,10.0,10.0,4.0,8.0,8.0,-1.8656905889511108,1.0422577857971191,2.0,0.06922435015439987,1.8036202192306519,-34.714251786007324,0.0,1.6401607990264893,0.06922435015439987,1.8036202192306519,3.0,3.0,11.0,11.0,11.0,10.0,11.0,11.0,1.0,9.0,0.0
12510,0.0,1.6401607990264893,0.06922435015439987,1.8036202192306519,3.0,3.0,11.0,11.0,11.0,10.0,11.0,11.0,1.0,9.0,5.0,-1.1631397008895874,0.8346437215805054,1.0,-0.29697859287261963,1.224162220954895,-33.07352190131364,0.0,2.4748045206069946,0.0,3.027782440185547,4.0,1.0,12.0,12.0,12.0,11.0,12.0,12.0,2.0,10.0,0.0
12511,0.0,2.4748045206069946,0.0,3.027782440185547,4.0,1.0,12.0,12.0,12.0,11.0,12.0,12.0,2.0,10.0,8.0,-1.4518842697143555,0.9590997099876404,4.0,-1.4940061569213867,-0.9662481546401978,-29.316478592069867,0.0,3.433904230594635,0.0,2.061534285545349,5.0,2.0,13.0,13.0,13.0,12.0,13.0,13.0,1.0,11.0,0.0
12512,0.0,3.433904230594635,0.0,2.061534285545349,5.0,2.0,13.0,13.0,13.0,12.0,13.0,13.0,1.0,11.0,8.0,-1.621881365776062,0.11076424270868301,8.0,-1.3947118520736694,-0.639189600944519,-31.77873401810313,0.0,3.544668473303318,0.0,1.42234468460083,6.0,3.0,14.0,14.0,14.0,13.0,14.0,14.0,1.0,12.0,0.0
12513,0.0,3.544668473303318,0.0,1.42234468460083,6.0,3.0,14.0,14.0,14.0,13.0,14.0,14.0,1.0,12.0,8.0,-0.8064453601837158,0.4142758846282959,4.0,-1.0110753774642944,0.09906643629074097,-24.04301023617193,0.0,3.958944357931614,0.0,1.521411120891571,7.0,4.0,15.0,15.0,15.0,14.0,15.0,15.0,1.0,13.0,0.0
12514,0.0,3.958944357931614,0.0,1.521411120891571,7.0,4.0,15.0,15.0,15.0,14.0,15.0,15.0,1.0,13.0,8.0,-1.7780075073242188,1.5708082914352417,5.0,-1.5428507328033447,0.04082689806818962,-33.31676563975711,0.0,5.529752649366856,0.0,1.5622380189597607,8.0,5.0,16.0,16.0,16.0,15.0,16.0,16.0,1.0,14.0,0.0
12515,0.0,5.529752649366856,0.0,1.5622380189597607,8.0,5.0,16.0,16.0,16.0,15.0,16.0,16.0,1.0,14.0,5.0,-1.138737678527832,0.5205226540565491,5.0,-0.29943379759788513,-1.4312502145767212,-36.212103908290395,0.0,6.050275303423405,0.0,0.13098780438303947,9.0,6.0,17.0,17.0,17.0,16.0,17.0,17.0,2.0,15.0,0.0
12516,0.0,6.050275303423405,0.0,0.13098780438303947,9.0,6.0,17.0,17.0,17.0,16.0,17.0,17.0,2.0,15.0,8.0,-0.5074517130851746,-1.5501255989074707,4.0,-1.3511757850646973,-0.4903375208377838,-23.2043779091257,0.0,4.500149704515934,0.0,0.0,10.0,7.0,18.0,18.0,18.0,17.0,18.0,18.0,1.0,16.0,0.0
12517,0.0,4.500149704515934,0.0,0.0,10.0,7.0,18.0,18.0,18.0,17.0,18.0,18.0,1.0,16.0,5.0,-1.7183985710144043,0.11293361335992813,4.0,-1.2910537719726562,-0.8993356227874756,-43.66093991057446,0.0,4.613083317875862,0.0,0.0,11.0,8.0,19.0,19.0,19.0,18.0,19.0,19.0,2.0,17.0,0.0
12518,0.0,4.613083317875862,0.0,0.0,11.0,8.0,19.0,19.0,19.0,18.0,19.0,19.0,2.0,17.0,8.0,-1.6869134902954102,-1.5504928827285767,4.0,-1.2206090688705444,-0.7073065638542175,-38.45617846812229,0.0,3.0625904351472855,0.0,0.0,12.0,9.0,20.0,20.0,20.0,19.0,20.0,20.0,1.0,18.0,0.0
12519,0.0,3.0625904351472855,0.0,0.0,12.0,9.0,20.0,20.0,20.0,19.0,20.0,20.0,1.0,18.0,0.0,-0.8886722326278687,0.7359670400619507,2.0,-0.9959964752197266,0.19902057945728302,-26.955644128638927,0.0,3.798557475209236,0.0,0.19902057945728302,1.0,10.0,21.0,21.0,21.0,20.0,21.0,21.0,2.0,19.0,0.0
12520,0.0,3.798557475209236,0.0,0.19902057945728302,1.0,10.0,21.0,21.0,21.0,20.0,21.0,21.0,2.0,19.0,1.0,-0.5516539216041565,0.2888999581336975,4.0,-1.6958426237106323,1.766908049583435,-29.357142486956306,0.0,4.087457433342934,0.0,1.965928629040718,2.0,1.0,22.0,22.0,22.0,21.0,22.0,22.0,3.0,20.0,0.0
12521,0.0,4.087457433342934,0.0,1.965928629040718,2.0,1.0,22.0,22.0,22.0,21.0,22.0,22.0,3.0,20.0,8.0,-0.9363656044006348,1.8801618814468384,4.0,-1.195752739906311,-0.972717821598053,-28.76262558148918,0.0,5.967619314789772,0.0,0.9932108074426651,3.0,2.0,23.0,23.0,23.0,22.0,23.0,23.0,1.0,21.0,0.0
12522,0.0,5.967619314789772,0.0,0.9932108074426651,3.0,2.0,23.0,23.0,23.0,22.0,23.0,23.0,1.0,21.0,8.0,-0.28299856185913086,-0.5566549301147461,4.0,-1.557784080505371,0.173796609044075,-23.44141643791622,0.0,5.410964384675026,0.0,1.1670074164867401,4.0,3.0,24.0,24.0,24.0,23.0,24.0,24.0,1.0,22.0,0.0
12523,0.0,5.410964384675026,0.0,1.1670074164867401,4.0,3.0,24.0,24.0,24.0,23.0,24.0,24.0,1.0,22.0,8.0,-1.4089066982269287,0.7959277033805847,4.0,-1.4900044202804565,0.8367643356323242,-35.18324683341893,0.0,6.206892088055611,0.0,2.0037717521190643,5.0,4.0,25.0,25.0,25.0,24.0,25.0,25.0,1.0,23.0,0.0
12524,0.0,6.206892088055611,0.0,2.0037717521190643,5.0,4.0,25.0,25.0,25.0,24.0,25.0,25.0,1.0,23.0,8.0,-0.28096988797187805,-0.3600899875164032,2.0,-1.9554256200790405,1.438989520072937,-24.968323690409925,0.0,5.8468021005392075,0.0,3.4427612721920013,6.0,5.0,1.0,26.0,26.0,25.0,26.0,26.0,1.0,24.0,0.0
12525,0.0,5.8468021005392075,0.0,3.4427612721920013,6.0,5.0,1.0,26.0,26.0,25.0,26.0,26.0,1.0,24.0,8.0,-0.2804827392101288,1.3194990158081055,4.0,-1.9538711309432983,1.1923234462738037,-22.9570874085687,0.0,7.166301116347313,0.0,4.635084718465805,7.0,6.0,2.0,27.0,1.0,26.0,27.0,27.0,1.0,25.0,0.0
12526,0.0,7.166301116347313,0.0,4.635084718465805,7.0,6.0,2.0,27.0,1.0,26.0,27.0,27.0,1.0,25.0,5.0,1.2231868505477905,0.5609298944473267,1.0,-1.8793683052062988,-0.5943493247032166,-22.815418782733484,1.2231868505477905,7.72723101079464,0.0,4.0407353937625885,8.0,1.0,3.0,28.0,2.0,1.0,28.0,28.0,2.0,26.0,0.0
12527,1.2231868505477905,7.72723101079464,0.0,4.0407353937625885,8.0,1.0,3.0,28.0,2.0,1.0,28.0,28.0,2.0,26.0,10.0,-1.7930816411972046,0.844391942024231,1.0,-1.3816754817962646,-1.1479676961898804,-19.39894790649414,0.0,8.57162295281887,0.0,2.892767697572708,9.0,1.0,4.0,29.0,3.0,2.0,29.0,29.0,3.0,27.0,0.0
12528,0.0,8.57162295281887,0.0,2.892767697572708,9.0,1.0,4.0,29.0,3.0,2.0,29.0,29.0,3.0,27.0,9.0,-1.6807523965835571,1.1417700052261353,1.0,-1.7960128784179688,1.2663406133651733,-36.81706894225046,0.0,9.713392958045006,0.0,4.1591083109378815,10.0,1.0,5.0,30.0,4.0,3.0,30.0,30.0,4.0,1.0,0.0
12529,0.0,9.713392958045006,0.0,4.1591083109378815,10.0,1.0,5.0,30.0,4.0,3.0,30.0,30.0,4.0,1.0,10.0,-0.8192057013511658,0.13855205476284027,10.0,-1.743074655532837,-0.2670716643333435,-20.99205701351166,0.0,9.851945012807846,0.0,3.892036646604538,11.0,2.0,6.0,31.0,5.0,4.0,31.0,31.0,5.0,2.0,0.0
12530,0.0,9.851945012807846,0.0,3.892036646604538,11.0,2.0,6.0,31.0,5.0,4.0,31.0,31.0,5.0,2.0,10.0,0.26488545536994934,-1.6574397087097168,6.0,-1.666407585144043,1.3048250675201416,-13.8,0.26488545536994934,8.19450530409813,0.0,5.19686171412468,12.0,3.0,7.0,32.0,6.0,5.0,32.0,32.0,6.0,3.0,0.0
12531,0.26488545536994934,8.19450530409813,0.0,5.19686171412468,12.0,3.0,7.0,32.0,6.0,5.0,32.0,32.0,6.0,3.0,10.0,0.16597194969654083,-1.3536633253097534,6.0,-1.979690670967102,0.767029881477356,-14.8,0.4308574050664902,6.840841978788376,0.0,5.9638915956020355,13.0,4.0,8.0,33.0,7.0,6.0,33.0,33.0,7.0,4.0,0.0
12532,0.4308574050664902,6.840841978788376,0.0,5.9638915956020355,13.0,4.0,8.0,33.0,7.0,6.0,33.0,33.0,7.0,4.0,9.0,-1.8609241247177124,-0.5373542904853821,5.0,-1.910535454750061,-1.1078190803527832,-32.51593698706149,0.0,6.303487688302994,0.0,4.856072515249252,14.0,5.0,9.0,34.0,8.0,7.0,34.0,34.0,8.0,1.0,0.0
12533,0.0,6.303487688302994,0.0,4.856072515249252,14.0,5.0,9.0,34.0,8.0,7.0,34.0,34.0,8.0,1.0,10.0,-1.2885470390319824,-0.7552419900894165,4.0,-1.9502019882202148,-0.5994047522544861,-29.285470390319823,0.0,5.548245698213577,0.0,4.256667762994766,15.0,6.0,10.0,35.0,1.0,8.0,35.0,35.0,9.0,2.0,0.0
12534,0.0,5.548245698213577,0.0,4.256667762994766,15.0,6.0,10.0,35.0,1.0,8.0,35.0,35.0,9.0,2.0,10.0,-0.14350180327892303,-0.4448622167110443,6.0,-1.205809235572815,1.6346200704574585,-18.03501803278923,0.0,5.103383481502533,0.0,5.891287833452225,16.0,7.0,11.0,36.0,2.0,9.0,36.0,36.0,10.0,3.0,0.0
12535,0.0,5.103383481502533,0.0,5.891287833452225,16.0,7.0,11.0,36.0,2.0,9.0,36.0,36.0,10.0,3.0,5.0,-1.5647528171539307,0.23511938750743866,1.0,-1.8883953094482422,0.5576328635215759,-44.619038721350144,0.0,5.338502869009972,0.0,6.448920696973801,17.0,8.0,12.0,37.0,3.0,10.0,37.0,37.0,11.0,4.0,0.0
12536,0.0,5.338502869009972,0.0,6.448920696973801,17.0,8.0,12.0,37.0,3.0,10.0,37.0,37.0,11.0,4.0,9.0,-1.3235377073287964,0.2192639857530594,6.0,-1.9820492267608643,-1.4616153240203857,-33.57316362220324,0.0,5.557766854763031,0.0,4.987305372953415,18.0,9.0,13.0,38.0,4.0,11.0,38.0,38.0,12.0,1.0,0.0
12537,0.0,5.557766854763031,0.0,4.987305372953415,18.0,9.0,13.0,38.0,4.0,11.0,38.0,38.0,12.0,1.0,9.0,1.1024441719055176,-0.7828869223594666,6.0,-1.8874540328979492,-0.8614473342895508,-20.04602096539891,1.1024441719055176,4.7748799324035645,0.0,4.125858038663864,19.0,10.0,14.0,39.0,5.0,12.0,39.0,39.0,13.0,1.0,0.0
12538,1.1024441719055176,4.7748799324035645,0.0,4.125858038663864,19.0,10.0,14.0,39.0,5.0,12.0,39.0,39.0,13.0,1.0,5.0,-1.6385725736618042,-0.9122241139411926,6.0,-1.99765145778656,-1.7525848150253296,-37.01553454459088,0.0,3.862655818462372,0.0,2.3732732236385345,20.0,11.0,15.0,40.0,6.0,13.0,40.0,40.0,14.0,2.0,0.0
12539,0.0,3.862655818462372,0.0,2.3732732236385345,20.0,11.0,15.0,40.0,6.0,13.0,40.0,40.0,14.0,2.0,5.0,-0.5818142294883728,1.3431357145309448,6.0,-1.9596757888793945,-1.3804752826690674,-38.278456568916745,0.0,5.205791532993317,0.0,0.9927979409694672,21.0,12.0,16.0,41.0,7.0,14.0,41.0,41.0,15.0,3.0,0.0
12540,0.0,5.205791532993317,0.0,0.9927979409694672,21.0,12.0,16.0,41.0,7.0,14.0,41.0,41.0,15.0,3.0,10.0,-1.9117549657821655,-1.1198712587356567,6.0,-1.2722232341766357,0.9199191927909851,-41.21754965782166,0.0,4.08592027425766,0.0,1.9127171337604523,22.0,13.0,17.0,42.0,8.0,15.0,42.0,42.0,16.0,4.0,0.0
12541,0.0,4.08592027425766,0.0,1.9127171337604523,22.0,13.0,17.0,42.0,8.0,15.0,42.0,42.0,16.0,4.0,10.0,-1.300116777420044,-0.6756740808486938,1.0,-1.777729868888855,-1.2645434141159058,-36.10116777420044,0.0,3.410246193408966,0.0,0.6481737196445465,23.0,1.0,18.0,43.0,9.0,16.0,43.0,43.0,17.0,5.0,0.0
12542,0.0,3.410246193408966,0.0,0.6481737196445465,23.0,1.0,18.0,43.0,9.0,16.0,43.0,43.0,17.0,5.0,8.0,0.04025988280773163,-0.22084778547286987,6.0,-1.9434688091278076,-1.0460854768753052,-26.565428321586886,0.04025988280773163,3.189398407936096,0.0,0.0,24.0,2.0,19.0,44.0,10.0,17.0,44.0,44.0,1.0,6.0,0.0
12543,0.04025988280773163,3.189398407936096,0.0,0.0,24.0,2.0,19.0,44.0,10.0,17.0,44.0,44.0,1.0,6.0,5.0,0.7462778687477112,0.3103112280368805,1.0,-1.9625211954116821,-0.20567142963409424,-30.125997510358616,0.7865377515554428,3.4997096359729767,0.0,0.0,25.0,1.0,20.0,45.0,11.0,1.0,45.0,45.0,2.0,7.0,0.0
12544,0.7865377515554428,3.4997096359729767,0.0,0.0,25.0,1.0,20.0,45.0,11.0,1.0,45.0,45.0,2.0,7.0,10.0,-1.2511272430419922,1.892853021621704,1.0,-1.109107494354248,1.125074863433838,-25.845894914865493,0.0,5.392562657594681,0.0,1.125074863433838,26.0,1.0,21.0,46.0,12.0,2.0,46.0,46.0,3.0,8.0,0.0
12545,0.0,5.392562657594681,0.0,1.125074863433838,26.0,1.0,21.0,46.0,12.0,2.0,46.0,46.0,3.0,8.0,10.0,-0.911651074886322,-1.353150486946106,6.0,-1.9761607646942139,-1.9725252389907837,-31.21651074886322,0.0,4.039412170648575,0.0,0.0,27.0,2.0,22.0,47.0,13.0,3.0,47.0,47.0,4.0,9.0,0.0
12546,0.0,4.039412170648575,0.0,0.0,27.0,2.0,22.0,47.0,13.0,3.0,47.0,47.0,4.0,9.0,10.0,-1.0167590379714966,0.16865061223506927,4.0,-1.9562139511108398,1.4062310457229614,-33.26759037971497,0.0,4.208062782883644,0.0,1.4062310457229614,28.0,3.0,23.0,48.0,14.0,4.0,48.0,48.0,5.0,10.0,0.0
12547,0.0,4.208062782883644,0.0,1.4062310457229614,28.0,3.0,23.0,48.0,14.0,4.0,48.0,48.0,5.0,10.0,10.0,-1.875016450881958,1.8005203008651733,1.0,-1.7442055940628052,1.388492226600647,-42.85016450881958,0.0,6.008583083748817,0.0,2.7947232723236084,29.0,1.0,24.0,49.0,15.0,5.0,49.0,49.0,6.0,11.0,0.0
12548,0.0,6.008583083748817,0.0,2.7947232723236084,29.0,1.0,24.0,49.0,15.0,5.0,49.0,49.0,6.0,11.0,10.0,-1.7634941339492798,1.2183719873428345,1.0,-1.6887398958206177,-0.40430402755737305,-42.434941339492795,0.0,7.226955071091652,0.0,2.3904192447662354,30.0,1.0,25.0,50.0,16.0,6.0,50.0,50.0,7.0,12.0,0.0
12549,0.0,7.226955071091652,0.0,2.3904192447662354,30.0,1.0,25.0,50.0,16.0,6.0,50.0,50.0,7.0,12.0,10.0,-1.735397458076477,-0.7461457848548889,1.0,-1.9741764068603516,-1.3888370990753174,-43.05397458076477,0.0,6.480809286236763,0.0,1.001582145690918,31.0,1.0,26.0,51.0,17.0,7.0,51.0,51.0,8.0,13.0,0.0
12550,0.0,6.480809286236763,0.0,1.001582145690918,31.0,1.0,26.0,51.0,17.0,7.0,51.0,51.0,8.0,13.0,10.0,-1.48773193359375,1.8801475763320923,1.0,-1.9884836673736572,0.7909221649169922,-41.4773193359375,0.0,8.360956862568855,0.0,1.7925043106079102,32.0,1.0,27.0,52.0,18.0,8.0,52.0,52.0,9.0,14.0,0.0
12551,0.0,8.360956862568855,0.0,1.7925043106079102,32.0,1.0,27.0,52.0,18.0,8.0,52.0,52.0,9.0,14.0,10.0,-1.8484594821929932,-1.2666951417922974,6.0,-1.905513048171997,1.013034701347351,-45.98459482192993,0.0,7.094261720776558,0.0,2.8055390119552612,33.0,2.0,28.0,53.0,19.0,9.0,53.0,53.0,10.0,15.0,0.0
12552,0.0,7.094261720776558,0.0,2.8055390119552612,33.0,2.0,28.0,53.0,19.0,9.0,53.0,53.0,10.0,15.0,9.0,-1.4023563861846924,-0.6252909898757935,5.0,-1.8077213764190674,1.0273048877716064,-44.012546341283084,0.0,6.4689707309007645,0.0,3.8328438997268677,34.0,3.0,29.0,54.0,20.0,10.0,54.0,54.0,11.0,1.0,0.0
12553,0.0,6.4689707309007645,0.0,3.8328438997268677,34.0,3.0,29.0,54.0,20.0,10.0,54.0,54.0,11.0,1.0,8.0,-1.2104274034500122,-0.44872328639030457,6.0,-1.9583303928375244,-1.7288459539413452,-41.97867251644918,0.0,6.02024744451046,0.0,2.1039979457855225,35.0,4.0,30.0,55.0,21.0,11.0,55.0,55.0,1.0,2.0,0.0
12554,0.0,6.02024744451046,0.0,2.1039979457855225,35.0,4.0,30.0,55.0,21.0,11.0,55.0,55.0,1.0,2.0,10.0,-1.8688616752624512,-1.3037865161895752,4.0,-1.9895422458648682,0.8810576796531677,-46.58861675262451,0.0,4.716460928320885,0.0,2.98505562543869,36.0,5.0,31.0,56.0,1.0,12.0,56.0,56.0,2.0,3.0,0.0
12555,0.0,4.716460928320885,0.0,2.98505562543869,36.0,5.0,31.0,56.0,1.0,12.0,56.0,56.0,2.0,3.0,9.0,-1.110305666923523,-1.743086814880371,6.0,-1.9905586242675781,-0.1201242059469223,-38.72691655459967,0.0,2.9733741134405136,0.0,2.864931419491768,37.0,6.0,32.0,57.0,2.0,13.0,57.0,57.0,3.0,1.0,0.0
12556,0.0,2.9733741134405136,0.0,2.864931419491768,37.0,6.0,32.0,57.0,2.0,13.0,57.0,57.0,3.0,1.0,10.0,1.6306411027908325,1.5160483121871948,1.0,-1.9705148935317993,1.2696810960769653,-27.5,1.6306411027908325,4.489422425627708,0.0,4.134612515568733,38.0,1.0,33.0,58.0,3.0,14.0,58.0,58.0,4.0,2.0,0.0
12557,1.6306411027908325,4.489422425627708,0.0,4.134612515568733,38.0,1.0,33.0,58.0,3.0,14.0,58.0,58.0,4.0,2.0,10.0,-1.77133309841156,-1.506430745124817,1.0,-1.986467719078064,-1.5639840364456177,-29.306919956207274,0.0,2.9829916805028915,0.0,2.5706284791231155,39.0,1.0,34.0,59.0,4.0,15.0,59.0,59.0,5.0,3.0,0.0
12558,0.0,2.9829916805028915,0.0,2.5706284791231155,39.0,1.0,34.0,59.0,4.0,15.0,59.0,59.0,5.0,3.0,9.0,-1.7640540599822998,0.46725258231163025,2.0,-1.9838606119155884,-1.5012481212615967,-47.29571218373359,0.0,3.450244262814522,0.0,1.0693803578615189,40.0,2.0,35.0,60.0,5.0,16.0,60.0,60.0,6.0,1.0,0.0
12559,0.0,3.450244262814522,0.0,1.0693803578615189,40.0,2.0,35.0,60.0,5.0,16.0,60.0,60.0,6.0,1.0,10.0,-1.7434858083724976,-0.9636881947517395,6.0,-1.982200264930725,-1.5310566425323486,-46.934858083724976,0.0,2.4865560680627823,0.0,0.0,41.0,3.0,36.0,61.0,6.0,17.0,61.0,61.0,7.0,2.0,0.0
12560,0.0,2.4865560680627823,0.0,0.0,41.0,3.0,36.0,61.0,6.0,17.0,61.0,61.0,7.0,2.0,9.0,-1.9789901971817017,-0.03773694485425949,4.0,-1.8815350532531738,-1.717679500579834,-51.26074102745281,0.0,2.448819123208523,0.0,0.0,42.0,4.0,37.0,62.0,7.0,18.0,62.0,62.0,8.0,1.0,0.0
12561,0.0,2.448819123208523,0.0,0.0,42.0,4.0,37.0,62.0,7.0,18.0,62.0,62.0,8.0,1.0,10.0,-1.4299026727676392,1.4210762977600098,4.0,-1.9873825311660767,-1.6397581100463867,-45.59902672767639,0.0,3.8698954209685326,0.0,0.0,43.0,5.0,38.0,63.0,8.0,19.0,63.0,63.0,9.0,2.0,0.0
12562,0.0,3.8698954209685326,0.0,0.0,43.0,5.0,38.0,63.0,8.0,19.0,63.0,63.0,9.0,2.0,9.0,-1.9596041440963745,-1.4258782863616943,1.0,-1.9898810386657715,0.9307550191879272,-52.86770456768842,0.0,2.4440171346068382,0.0,0.9307550191879272,44.0,1.0,39.0,64.0,9.0,20.0,64.0,64.0,10.0,1.0,0.0
12563,0.0,2.4440171346068382,0.0,0.9307550191879272,44.0,1.0,39.0,64.0,9.0,20.0,64.0,64.0,10.0,1.0,10.0,-1.961485505104065,-1.1639755964279175,1.0,-1.972922682762146,-1.3509979248046875,-52.21485505104065,0.0,1.2800415381789207,0.0,0.0,45.0,1.0,40.0,65.0,10.0,21.0,65.0,65.0,11.0,2.0,0.0
12564,0.0,1.2800415381789207,0.0,0.0,45.0,1.0,40.0,65.0,10.0,21.0,65.0,65.0,11.0,2.0,10.0,-0.7745625376701355,1.4623967409133911,6.0,-1.8582518100738525,1.1229605674743652,-41.245625376701355,0.0,2.742438279092312,0.0,1.1229605674743652,46.0,2.0,41.0,66.0,11.0,22.0,66.0,66.0,12.0,3.0,0.0
12565,0.0,2.742438279092312,0.0,1.1229605674743652,46.0,2.0,41.0,66.0,11.0,22.0,66.0,66.0,12.0,3.0,9.0,-0.35064274072647095,1.5156131982803345,1.0,-1.9808772802352905,-1.9485394954681396,-39.075494902821234,0.0,4.258051477372646,0.0,0.0,47.0,1.0,42.0,67.0,12.0,23.0,67.0,67.0,13.0,1.0,0.0
12566,0.0,4.258051477372646,0.0,0.0,47.0,1.0,42.0,67.0,12.0,23.0,67.0,67.0,13.0,1.0,5.0,-1.9927592277526855,-0.7070569396018982,4.0,-1.9980818033218384,-1.5355064868927002,-66.60678288611024,0.0,3.550994537770748,0.0,0.0,48.0,2.0,43.0,68.0,13.0,24.0,68.0,68.0,14.0,2.0,0.0
12567,0.0,3.550994537770748,0.0,0.0,48.0,2.0,43.0,68.0,13.0,24.0,68.0,68.0,14.0,2.0,10.0,0.21211282908916473,1.7275372743606567,1.0,-1.9977962970733643,-0.699810802936554,-36.0,0.21211282908916473,5.278531812131405,0.0,0.0,49.0,1.0,44.0,69.0,14.0,25.0,69.0,69.0,15.0,3.0,0.0
12568,0.21211282908916473,5.278531812131405,0.0,0.0,49.0,1.0,44.0,69.0,14.0,25.0,69.0,69.0,15.0,3.0,5.0,-1.9886949062347412,-0.17147508263587952,1.0,-1.9889472723007202,0.7566471099853516,-65.92134724867196,0.0,5.107056729495525,0.0,0.7566471099853516,50.0,1.0,45.0,70.0,15.0,26.0,70.0,70.0,16.0,4.0,0.0
12569,0.0,5.107056729495525,0.0,0.7566471099853516,50.0,1.0,45.0,70.0,15.0,26.0,70.0,70.0,16.0,4.0,5.0,-1.699550986289978,0.898124098777771,1.0,-1.9786206483840942,-1.7835924625396729,-66.20587008001667,0.0,6.005180828273296,0.0,0.0,51.0,1.0,46.0,71.0,16.0,27.0,71.0,71.0,17.0,5.0,0.0
12570,0.0,6.005180828273296,0.0,0.0,51.0,1.0,46.0,71.0,16.0,27.0,71.0,71.0,17.0,5.0,9.0,-1.6605825424194336,-0.37046998739242554,4.0,-1.9865460395812988,-1.4686893224716187,-56.90553911252789,0.0,5.634710840880871,0.0,0.0,52.0,2.0,47.0,72.0,17.0,28.0,72.0,72.0,18.0,1.0,0.0
12571,0.0,5.634710840880871,0.0,0.0,52.0,2.0,47.0,72.0,17.0,28.0,72.0,72.0,18.0,1.0,8.0,-1.9387048482894897,-1.1995437145233154,6.0,-1.9920611381530762,0.22266829013824463,-60.7779945671156,0.0,4.435167126357555,0.0,0.22266829013824463,53.0,3.0,48.0,73.0,18.0,29.0,73.0,73.0,1.0,2.0,0.0
12572,0.0,4.435167126357555,0.0,0.22266829013824463,53.0,3.0,48.0,73.0,18.0,29.0,73.0,73.0,1.0,2.0,9.0,1.6946855783462524,-1.141358733177185,2.0,-1.9939930438995361,1.1019246578216553,-38.368902476892146,1.6946855783462524,3.2938083931803703,0.0,1.3245929479599,54.0,4.0,49.0,74.0,19.0,30.0,74.0,74.0,2.0,1.0,0.0
12573,1.6946855783462524,3.2938083931803703,0.0,1.3245929479599,54.0,4.0,49.0,74.0,19.0,30.0,74.0,74.0,2.0,1.0,9.0,-1.9240455627441406,-1.8632969856262207,4.0,-1.9582171440124512,0.7360047101974487,-42.79916048246062,0.0,1.4305114075541496,0.0,2.0605976581573486,55.0,5.0,50.0,75.0,20.0,31.0,75.0,75.0,3.0,1.0,0.0
12574,0.0,1.4305114075541496,0.0,2.0605976581573486,55.0,5.0,50.0,75.0,20.0,31.0,75.0,75.0,3.0,1.0,9.0,1.4006195068359375,0.7836025953292847,2.0,-1.971127986907959,0.4813855290412903,-40.3380694117281,1.4006195068359375,2.2141140028834343,0.0,2.541983187198639,56.0,6.0,1.0,76.0,21.0,32.0,76.0,76.0,4.0,1.0,0.0
12575,1.4006195068359375,2.2141140028834343,0.0,2.541983187198639,56.0,6.0,1.0,76.0,21.0,32.0,76.0,76.0,4.0,1.0,9.0,-0.4615612328052521,0.8414146304130554,6.0,-1.4127812385559082,0.844890832901001,-36.333141487653116,0.9390582740306854,3.0555286332964897,0.0,3.38687402009964,57.0,7.0,2.0,77.0,22.0,33.0,77.0,77.0,5.0,1.0,0.0
12576,0.9390582740306854,3.0555286332964897,0.0,3.38687402009964,57.0,7.0,2.0,77.0,22.0,33.0,77.0,77.0,5.0,1.0,5.0,-1.268471598625183,-0.020882384851574898,6.0,-1.9227887392044067,-1.7690603733062744,-52.046588628101475,0.0,3.034646248444915,0.0,1.6178136467933655,58.0,8.0,3.0,78.0,23.0,34.0,78.0,78.0,6.0,2.0,0.0
12577,0.0,3.034646248444915,0.0,1.6178136467933655,58.0,8.0,3.0,78.0,23.0,34.0,78.0,78.0,6.0,2.0,5.0,-1.8937064409255981,-0.04668418690562248,6.0,-1.189494013786316,-1.5023341178894043,-68.71830039245579,0.0,2.9879620615392923,0.0,0.11547952890396118,59.0,9.0,4.0,79.0,24.0,35.0,79.0,79.0,7.0,3.0,0.0
12578,0.0,2.9879620615392923,0.0,0.11547952890396118,59.0,9.0,4.0,79.0,24.0,35.0,79.0,79.0,7.0,3.0,9.0,-1.6082836389541626,-1.125718355178833,6.0,-1.220139980316162,0.06630198657512665,-55.90723224401766,0.0,1.8622437063604593,0.0,0.18178151547908783,60.0,10.0,5.0,80.0,25.0,36.0,80.0,80.0,8.0,1.0,0.0
12579,0.0,1.8622437063604593,0.0,0.18178151547908783,60.0,10.0,5.0,80.0,25.0,36.0,80.0,80.0,8.0,1.0,5.0,-1.3530635833740234,-1.3816114664077759,6.0,-1.9824366569519043,1.7678781747817993,-67.55021200107628,0.0,0.48063223995268345,0.0,1.9496596902608871,61.0,11.0,6.0,81.0,26.0,37.0,81.0,81.0,9.0,2.0,0.0
12580,0.0,0.48063223995268345,0.0,1.9496596902608871,61.0,11.0,6.0,81.0,26.0,37.0,81.0,81.0,9.0,2.0,5.0,-1.951478123664856,0.5924858450889587,1.0,-1.9666128158569336,-0.7519991993904114,-73.75869348062275,0.0,1.0731180850416422,0.0,1.1976604908704758,62.0,1.0,7.0,82.0,27.0,38.0,82.0,82.0,10.0,3.0,0.0
12581,0.0,1.0731180850416422,0.0,1.1976604908704758,62.0,1.0,7.0,82.0,27.0,38.0,82.0,82.0,10.0,3.0,5.0,-1.8597956895828247,0.44200536608695984,6.0,-1.9574962854385376,0.4587017297744751,-72.23408340276369,0.0,1.515123451128602,0.0,1.6563622206449509,63.0,2.0,8.0,83.0,28.0,39.0,83.0,83.0,11.0,4.0,0.0
12582,0.0,1.515123451128602,0.0,1.6563622206449509,63.0,2.0,8.0,83.0,28.0,39.0,83.0,83.0,11.0,4.0,5.0,-1.8369154930114746,1.149638056755066,6.0,-1.7670053243637085,-0.012553228996694088,-71.96817244644932,0.0,2.664761507883668,0.0,1.6438089916482568,64.0,3.0,9.0,84.0,29.0,40.0,84.0,84.0,12.0,5.0,0.0
12583,0.0,2.664761507883668,0.0,1.6438089916482568,64.0,3.0,9.0,84.0,29.0,40.0,84.0,84.0,12.0,5.0,5.0,-1.572303295135498,-0.9121726751327515,5.0,-1.4654089212417603,-1.6208934783935547,-71.11136324117696,0.0,1.7525888327509165,0.0,0.02291551325470209,65.0,4.0,10.0,85.0,30.0,41.0,85.0,85.0,13.0,6.0,0.0
12584,0.0,1.7525888327509165,0.0,0.02291551325470209,65.0,4.0,10.0,85.0,30.0,41.0,85.0,85.0,13.0,6.0,5.0,-1.8118666410446167,0.17847739160060883,6.0,-1.5910422801971436,-1.3447822332382202,-74.33226136094015,0.0,1.9310662243515253,0.0,0.0,66.0,5.0,11.0,86.0,31.0,42.0,86.0,86.0,14.0,7.0,0.0
12585,0.0,1.9310662243515253,0.0,0.0,66.0,5.0,11.0,86.0,31.0,42.0,86.0,86.0,14.0,7.0,5.0,-1.7450741529464722,1.3909852504730225,1.0,-1.9329814910888672,0.2839416563510895,-73.64089577370117,0.0,3.3220514748245478,0.0,0.2839416563510895,67.0,1.0,12.0,87.0,32.0,43.0,87.0,87.0,15.0,8.0,0.0
12586,0.0,3.3220514748245478,0.0,0.2839416563510895,67.0,1.0,12.0,87.0,32.0,43.0,87.0,87.0,15.0,8.0,5.0,-1.4590966701507568,-0.5645379424095154,6.0,-1.8773999214172363,-0.48732224106788635,-71.62417226288933,0.0,2.7575135324150324,0.0,0.0,68.0,2.0,13.0,88.0,33.0,44.0,88.0,88.0,16.0,9.0,0.0
12587,0.0,2.7575135324150324,0.0,0.0,68.0,2.0,13.0,88.0,33.0,44.0,88.0,88.0,16.0,9.0,5.0,-1.3982287645339966,0.047463949769735336,1.0,-1.8573850393295288,1.080939769744873,-71.98284684266594,0.0,2.8049774821847677,0.0,1.080939769744873,69.0,1.0,14.0,89.0,34.0,45.0,89.0,89.0,17.0,10.0,0.0
12588,0.0,2.8049774821847677,0.0,1.080939769744873,69.0,1.0,14.0,89.0,34.0,45.0,89.0,89.0,17.0,10.0,5.0,-1.9846508502960205,-0.2813357710838318,6.0,-1.925197958946228,-1.8753156661987305,-78.85077281108506,0.0,2.523641711100936,0.0,0.0,70.0,2.0,15.0,90.0,35.0,46.0,90.0,90.0,18.0,11.0,0.0
12589,0.0,2.523641711100936,0.0,0.0,70.0,2.0,15.0,90.0,35.0,46.0,90.0,90.0,18.0,11.0,5.0,-1.9615795612335205,0.9927706122398376,6.0,-1.7684760093688965,1.1424882411956787,-79.01070563345715,0.0,3.5164123233407736,0.0,1.1424882411956787,71.0,3.0,16.0,91.0,36.0,47.0,91.0,91.0,19.0,12.0,0.0
12590,0.0,3.5164123233407736,0.0,1.1424882411956787,71.0,3.0,16.0,91.0,36.0,47.0,91.0,91.0,19.0,12.0,5.0,-1.9730829000473022,-0.8977147340774536,5.0,-1.8382256031036377,0.8001341819763184,-80.66352218203697,0.0,2.61869758926332,0.0,1.942622423171997,72.0,4.0,17.0,92.0,37.0,48.0,92.0,92.0,20.0,13.0,0.0
12591,0.0,2.61869758926332,0.0,1.942622423171997,72.0,4.0,17.0,92.0,37.0,48.0,92.0,92.0,20.0,13.0,9.0,-1.9830689430236816,-0.6840702295303345,1.0,-1.9328758716583252,-1.7058392763137817,-69.5303673539444,0.0,1.9346273597329855,0.0,0.23678314685821533,73.0,1.0,18.0,93.0,38.0,49.0,93.0,93.0,21.0,1.0,0.0
12592,0.0,1.9346273597329855,0.0,0.23678314685821533,73.0,1.0,18.0,93.0,38.0,49.0,93.0,93.0,21.0,1.0,5.0,-1.9904909133911133,-1.0576447248458862,4.0,-1.950644612312317,-1.1244450807571411,-82.89354632382963,0.0,0.8769826348870993,0.0,0.0,74.0,2.0,19.0,94.0,39.0,50.0,94.0,94.0,22.0,2.0,0.0
12593,0.0,0.8769826348870993,0.0,0.0,74.0,2.0,19.0,94.0,39.0,50.0,94.0,94.0,22.0,2.0,5.0,-1.9972769021987915,-0.3849995732307434,2.0,-1.9871913194656372,-1.4961531162261963,-84.47646261302886,0.0,0.49198306165635586,0.0,0.0,75.0,3.0,20.0,95.0,40.0,51.0,95.0,95.0,23.0,3.0,0.0
12594,0.0,0.49198306165635586,0.0,0.0,75.0,3.0,20.0,95.0,40.0,51.0,95.0,95.0,23.0,3.0,5.0,-1.939347505569458,-0.9021638631820679,4.0,-1.926941990852356,1.329267144203186,-86.05125498120447,0.0,0.0,0.0,1.329267144203186,76.0,4.0,21.0,96.0,41.0,52.0,96.0,96.0,24.0,4.0,0.0
12595,0.0,0.0,0.0,1.329267144203186,76.0,4.0,21.0,96.0,41.0,52.0,96.0,96.0,24.0,4.0,5.0,-1.993431806564331,0.5105241537094116,6.0,-1.989438772201538,-0.7533696293830872,-86.41215403867943,0.0,0.5105241537094116,0.0,0.5758975148200989,77.0,5.0,22.0,97.0,42.0,53.0,97.0,97.0,25.0,5.0,0.0
12596,0.0,0.5105241537094116,0.0,0.5758975148200989,77.0,5.0,22.0,97.0,42.0,53.0,97.0,97.0,25.0,5.0,5.0,-1.9963526725769043,-0.12001227587461472,5.0,-1.9954352378845215,-1.8747174739837646,-87.61062074176827,0.0,0.3905118778347969,0.0,0.0,78.0,6.0,23.0,98.0,43.0,54.0,98.0,98.0,26.0,6.0,0.0
12597,0.0,0.3905118778347969,0.0,0.0,78.0,6.0,23.0,98.0,43.0,54.0,98.0,98.0,26.0,6.0,8.0,-1.997432827949524,-0.4778788685798645,5.0,-1.9418089389801025,-1.8529112339019775,-85.347176152719,0.0,0.0,0.0,0.0,79.0,7.0,24.0,99.0,44.0,55.0,99.0,99.0,27.0,7.0,0.0
12598,0.0,0.0,0.0,0.0,79.0,7.0,24.0,99.0,44.0,55.0,99.0,99.0,27.0,7.0,5.0,-1.962345838546753,1.0768074989318848,2.0,-1.9806665182113647,-0.8952276706695557,-88.36288149253528,0.0,1.0768074989318848,0.0,0.0,80.0,8.0,25.0,100.0,45.0,56.0,100.0,100.0,28.0,8.0,0.0
12599,0.0,1.0768074989318848,0.0,0.0,80.0,8.0,25.0,100.0,45.0,56.0,100.0,100.0,28.0,8.0,5.0,-1.8089368343353271,0.5495460033416748,5.0,-1.598389983177185,-1.6974035501480103,-86.90724940055466,0.0,1.6263535022735596,0.0,0.0,81.0,9.0,26.0,100.0,46.0,57.0,100.0,100.0,29.0,9.0,1.0
12600,8.755303382873535,0.8123656511306763,1.8389559984207153,7.04030704498291,1.0,1.0,1.0,1.0,1.0,1.0,1.0,1.0,1.0,1.0,2.0,-1.9630764722824097,1.766282081604004,4.0,-1.945518970489502,-1.7980343103408813,-5.0982316279715025,6.7922269105911255,2.57864773273468,0.0,5.242272734642029,2.0,2.0,1.0,2.0,1.0,2.0,2.0,2.0,2.0,2.0,0.0
12601,6.7922269105911255,2.57864773273468,0.0,5.242272734642029,2.0,2.0,1.0,2.0,1.0,2.0,2.0,2.0,2.0,2.0,5.0,-1.9807941913604736,0.6776729822158813,0.0,0.2808922827243805,-1.8141043186187744,-5.335121635250269,4.811432719230652,3.2563207149505615,0.2808922827243805,3.4281684160232544,1.0,3.0,2.0,3.0,2.0,1.0,3.0,3.0,3.0,3.0,0.0
12602,4.811432719230652,3.2563207149505615,0.2808922827243805,3.4281684160232544,1.0,3.0,2.0,3.0,2.0,1.0,3.0,3.0,3.0,3.0,5.0,-1.9208662509918213,-0.5297455191612244,0.0,-1.3071348667144775,0.38159599900245667,-9.133301757585267,2.8905664682388306,2.726575195789337,0.0,3.809764415025711,1.0,4.0,3.0,4.0,3.0,1.0,4.0,4.0,4.0,4.0,0.0
12603,2.8905664682388306,2.726575195789337,0.0,3.809764415025711,1.0,4.0,3.0,4.0,3.0,1.0,4.0,4.0,4.0,4.0,5.0,-1.9469983577728271,-1.4826933145523071,0.0,-1.5394235849380493,-0.942171573638916,-15.392253364606198,0.9435681104660034,1.24388188123703,0.0,2.867592841386795,1.0,5.0,4.0,5.0,4.0,2.0,5.0,5.0,5.0,5.0,0.0
12604,0.9435681104660034,1.24388188123703,0.0,2.867592841386795,1.0,5.0,4.0,5.0,4.0,2.0,5.0,5.0,5.0,5.0,8.0,-0.9621318578720093,-0.6990749835968018,1.0,0.28178349137306213,-1.3452941179275513,-15.418717693182566,0.0,0.5448068976402283,0.28178349137306213,1.5222987234592438,2.0,1.0,5.0,6.0,5.0,3.0,6.0,6.0,6.0,6.0,0.0
12605,0.0,0.5448068976402283,0.28178349137306213,1.5222987234592438,2.0,1.0,5.0,6.0,5.0,3.0,6.0,6.0,6.0,6.0,10.0,0.7096248269081116,1.9027823209762573,1.0,0.6148033142089844,-1.7991728782653809,-5.6,0.7096248269081116,2.4475892186164856,0.8965868055820465,0.0,3.0,1.0,6.0,7.0,6.0,4.0,7.0,7.0,7.0,7.0,0.0
12606,0.7096248269081116,2.4475892186164856,0.8965868055820465,0.0,3.0,1.0,6.0,7.0,6.0,4.0,7.0,7.0,7.0,7.0,8.0,-0.5459225177764893,1.497440218925476,0.0,-1.7472014427185059,-1.9169377088546753,-10.195024329300315,0.16370230913162231,3.9450294375419617,0.0,0.0,1.0,2.0,7.0,8.0,7.0,5.0,8.0,8.0,1.0,8.0,0.0
12607,0.16370230913162231,3.9450294375419617,0.0,0.0,1.0,2.0,7.0,8.0,7.0,5.0,8.0,8.0,1.0,8.0,9.0,1.3762398958206177,-0.273261696100235,10.0,-1.929365873336792,-0.17060860991477966,-6.067812344582421,1.53994220495224,3.6717677414417267,0.0,0.0,2.0,3.0,8.0,9.0,8.0,6.0,9.0,9.0,2.0,1.0,0.0
12608,1.53994220495224,3.6717677414417267,0.0,0.0,2.0,3.0,8.0,9.0,8.0,6.0,9.0,9.0,2.0,1.0,4.0,-1.0760254859924316,-0.22642835974693298,2.0,-1.3436163663864136,-1.339935064315796,-14.103132824255578,0.46391671895980835,3.4453393816947937,0.0,0.0,3.0,4.0,9.0,10.0,1.0,7.0,10.0,10.0,3.0,2.0,0.0
12609,0.46391671895980835,3.4453393816947937,0.0,0.0,3.0,4.0,9.0,10.0,1.0,7.0,10.0,10.0,3.0,2.0,9.0,1.0056982040405273,-0.7197099328041077,1.0,-1.9187272787094116,-1.074838638305664,-7.031230753964043,1.4696149230003357,2.725629448890686,0.0,0.0,4.0,1.0,10.0,11.0,2.0,8.0,11.0,11.0,4.0,1.0,0.0
12610,1.4696149230003357,2.725629448890686,0.0,0.0,4.0,1.0,10.0,11.0,2.0,8.0,11.0,11.0,4.0,1.0,10.0,-1.0949453115463257,-1.9379348754882812,2.0,0.4044089913368225,0.6269909739494324,-7.3,0.37466961145401,0.7876945734024048,0.4044089913368225,0.6269909739494324,5.0,2.0,11.0,12.0,3.0,9.0,12.0,12.0,5.0,2.0,0.0
12611,0.37466961145401,0.7876945734024048,0.4044089913368225,0.6269909739494324,5.0,2.0,11.0,12.0,3.0,9.0,12.0,12.0,5.0,2.0,8.0,-1.2251085042953491,-0.8688510060310364,4.0,-1.299399495124817,0.5652087330818176,-28.196774505491064,0.0,0.0,0.0,1.19219970703125,6.0,3.0,12.0,13.0,4.0,10.0,13.0,13.0,6.0,3.0,0.0
12612,0.0,0.0,0.0,1.19219970703125,6.0,3.0,12.0,13.0,4.0,10.0,13.0,13.0,6.0,3.0,0.0,-1.3329976797103882,1.7539680004119873,10.0,0.25335702300071716,1.3508656024932861,-23.589974257615037,0.0,1.7539680004119873,0.25335702300071716,2.543065309524536,1.0,4.0,13.0,14.0,5.0,11.0,14.0,14.0,7.0,4.0,0.0
12613,0.0,1.7539680004119873,0.25335702300071716,2.543065309524536,1.0,4.0,13.0,14.0,5.0,11.0,14.0,14.0,7.0,4.0,8.0,1.7897131443023682,1.029604434967041,2.0,-1.5208181142807007,-1.629568099975586,-13.360158828301863,1.7897131443023682,2.7835724353790283,0.0,0.9134972095489502,2.0,5.0,14.0,15.0,6.0,12.0,15.0,15.0,1.0,5.0,0.0
12614,1.7897131443023682,2.7835724353790283,0.0,0.9134972095489502,2.0,5.0,14.0,15.0,6.0,12.0,15.0,15.0,1.0,5.0,1.0,-0.519365131855011,0.13802769780158997,4.0,0.45378971099853516,-0.20315098762512207,-14.771032078468398,1.2703480124473572,2.9216001331806183,0.45378971099853516,0.7103462219238281,3.0,1.0,15.0,16.0,7.0,13.0,16.0,16.0,2.0,6.0,0.0
12615,1.2703480124473572,2.9216001331806183,0.45378971099853516,0.7103462219238281,3.0,1.0,15.0,16.0,7.0,13.0,16.0,16.0,2.0,6.0,8.0,-0.45995768904685974,1.0215990543365479,5.0,-1.7543853521347046,0.6510829329490662,-13.992788495854038,0.8103903234004974,3.943199187517166,0.0,1.3614291548728943,4.0,2.0,16.0,17.0,8.0,14.0,17.0,17.0,1.0,7.0,0.0
12616,0.8103903234004974,3.943199187517166,0.0,1.3614291548728943,4.0,2.0,16.0,17.0,8.0,14.0,17.0,17.0,1.0,7.0,8.0,-1.6210317611694336,-1.8271172046661377,4.0,-1.662553310394287,0.13357754051685333,-26.434333226073463,0.0,2.1160819828510284,0.0,1.4950066953897476,5.0,3.0,17.0,18.0,9.0,15.0,18.0,18.0,1.0,8.0,0.0
12617,0.0,2.1160819828510284,0.0,1.4950066953897476,5.0,3.0,17.0,18.0,9.0,15.0,18.0,18.0,1.0,8.0,5.0,0.8187236785888672,-0.14637106657028198,2.0,-0.6791137456893921,-1.5651828050613403,-22.92362196780081,0.8187236785888672,1.9697109162807465,0.0,0.0,6.0,4.0,18.0,19.0,10.0,16.0,19.0,19.0,2.0,9.0,0.0
12618,0.8187236785888672,1.9697109162807465,0.0,0.0,6.0,4.0,18.0,19.0,10.0,16.0,19.0,19.0,2.0,9.0,9.0,-0.5020712614059448,0.7198737859725952,2.0,-1.4411512613296509,0.8059816360473633,-13.208821470292591,0.31665241718292236,2.6895847022533417,0.0,0.8059816360473633,7.0,5.0,19.0,20.0,11.0,17.0,20.0,20.0,3.0,1.0,0.0
12619,0.31665241718292236,2.6895847022533417,0.0,0.8059816360473633,7.0,5.0,19.0,20.0,11.0,17.0,20.0,20.0,3.0,1.0,8.0,0.16580133140087128,-1.6954580545425415,2.0,-0.48116984963417053,1.1413441896438599,-21.63342555456623,0.48245374858379364,0.9941266477108002,0.0,1.9473258256912231,8.0,6.0,20.0,21.0,12.0,18.0,21.0,21.0,1.0,2.0,0.0
12620,0.48245374858379364,0.9941266477108002,0.0,1.9473258256912231,8.0,6.0,20.0,21.0,12.0,18.0,21.0,21.0,1.0,2.0,5.0,-0.9141286611557007,-0.9482654333114624,1.0,-0.8779081702232361,-1.4146132469177246,-33.474740247302954,0.0,0.04586121439933777,0.0,0.5327125787734985,9.0,1.0,21.0,22.0,13.0,19.0,22.0,22.0,2.0,3.0,0.0
12621,0.0,0.04586121439933777,0.0,0.5327125787734985,9.0,1.0,21.0,22.0,13.0,19.0,22.0,22.0,2.0,3.0,8.0,0.570451021194458,1.7187567949295044,2.0,-1.2940194606781006,-0.7715913653373718,-21.276743980425884,0.570451021194458,1.7646180093288422,0.0,0.0,10.0,2.0,22.0,23.0,14.0,20.0,23.0,23.0,1.0,4.0,0.0
12622,0.570451021194458,1.7646180093288422,0.0,0.0,10.0,2.0,22.0,23.0,14.0,20.0,23.0,23.0,1.0,4.0,8.0,-1.2937334775924683,0.7113854289054871,4.0,-1.0289697647094727,-1.6712734699249268,-28.88010848913826,0.0,2.4760034382343292,0.0,0.0,11.0,3.0,23.0,24.0,15.0,21.0,24.0,24.0,1.0,5.0,0.0
12623,0.0,2.4760034382343292,0.0,0.0,11.0,3.0,23.0,24.0,15.0,21.0,24.0,24.0,1.0,5.0,8.0,-1.553486704826355,0.1498853713274002,4.0,-1.9073776006698608,-1.4096858501434326,-37.85219583226066,0.0,2.6258888095617294,0.0,0.0,12.0,4.0,24.0,25.0,16.0,22.0,25.0,25.0,1.0,6.0,0.0
12624,0.0,2.6258888095617294,0.0,0.0,12.0,4.0,24.0,25.0,16.0,22.0,25.0,25.0,1.0,6.0,5.0,-1.6693201065063477,1.0581560134887695,4.0,-1.6062103509902954,-0.7652855515480042,-45.31537045936321,0.0,3.684044823050499,0.0,0.0,13.0,5.0,25.0,26.0,17.0,23.0,26.0,26.0,2.0,7.0,0.0
12625,0.0,3.684044823050499,0.0,0.0,13.0,5.0,25.0,26.0,17.0,23.0,26.0,26.0,2.0,7.0,8.0,0.1248081624507904,-1.1261838674545288,1.0,-0.10023509711027145,1.5900623798370361,-24.068486767364774,0.1248081624507904,2.55786095559597,0.0,1.5900623798370361,14.0,1.0,26.0,27.0,18.0,24.0,27.0,27.0,1.0,8.0,0.0
12626,0.1248081624507904,2.55786095559597,0.0,1.5900623798370361,14.0,1.0,26.0,27.0,18.0,24.0,27.0,27.0,1.0,8.0,8.0,-1.8824763298034668,1.7727733850479126,2.0,-1.5525068044662476,-1.8566838502883911,-39.96863786934617,0.0,4.330634340643883,0.0,0.0,15.0,2.0,27.0,28.0,19.0,25.0,28.0,28.0,1.0,9.0,0.0
12627,0.0,4.330634340643883,0.0,0.0,15.0,2.0,27.0,28.0,19.0,25.0,28.0,28.0,1.0,9.0,8.0,-0.774959921836853,0.20289777219295502,5.0,-1.8696709871292114,-0.37796303629875183,-30.848588635831923,0.0,4.533532112836838,0.0,0.0,16.0,3.0,28.0,29.0,20.0,26.0,29.0,29.0,1.0,10.0,0.0
12628,0.0,4.533532112836838,0.0,0.0,16.0,3.0,28.0,29.0,20.0,26.0,29.0,29.0,1.0,10.0,8.0,-1.613463044166565,0.15222036838531494,2.0,-1.6601083278656006,-1.5828179121017456,-39.997228751692475,0.0,4.685752481222153,0.0,0.0,17.0,4.0,29.0,30.0,21.0,27.0,30.0,30.0,1.0,11.0,0.0
12629,0.0,4.685752481222153,0.0,0.0,17.0,4.0,29.0,30.0,21.0,27.0,30.0,30.0,1.0,11.0,8.0,-1.5460903644561768,1.026227355003357,0.0,-1.8886003494262695,-0.3859032094478607,-39.49144114100171,0.0,5.71197983622551,0.0,0.0,1.0,5.0,30.0,31.0,22.0,28.0,31.0,31.0,1.0,12.0,0.0
12630,0.0,5.71197983622551,0.0,0.0,1.0,5.0,30.0,31.0,22.0,28.0,31.0,31.0,1.0,12.0,8.0,-0.5689799189567566,0.8549853563308716,4.0,-1.935893177986145,-1.4825291633605957,-28.559735052112277,0.0,6.566965192556381,0.0,0.0,2.0,6.0,31.0,32.0,23.0,29.0,32.0,32.0,1.0,13.0,0.0
12631,0.0,6.566965192556381,0.0,0.0,2.0,6.0,31.0,32.0,23.0,29.0,32.0,32.0,1.0,13.0,10.0,0.6418212652206421,0.11368540674448013,4.0,-1.1634068489074707,0.7064936757087708,-21.1,0.6418212652206421,6.680650599300861,0.0,0.7064936757087708,3.0,7.0,32.0,33.0,24.0,30.0,33.0,33.0,2.0,14.0,0.0
12632,0.6418212652206421,6.680650599300861,0.0,0.7064936757087708,3.0,7.0,32.0,33.0,24.0,30.0,33.0,33.0,2.0,14.0,8.0,-0.570294976234436,0.4510333836078644,4.0,-1.7662981748580933,0.49450016021728516,-24.46812716991873,0.07152628898620605,7.131683982908726,0.0,1.200993835926056,4.0,8.0,33.0,34.0,25.0,31.0,34.0,34.0,1.0,15.0,0.0
12633,0.07152628898620605,7.131683982908726,0.0,1.200993835926056,4.0,8.0,33.0,34.0,25.0,31.0,34.0,34.0,1.0,15.0,5.0,-1.0595036745071411,-1.1022214889526367,2.0,-1.6831837892532349,1.4056273698806763,-44.297791774311,0.0,6.029462493956089,0.0,2.606621205806732,5.0,9.0,1.0,35.0,26.0,32.0,35.0,35.0,2.0,16.0,0.0
12634,0.0,6.029462493956089,0.0,2.606621205806732,5.0,9.0,1.0,35.0,26.0,32.0,35.0,35.0,2.0,16.0,5.0,-0.8029643297195435,-0.9040287733078003,0.0,-0.9767772555351257,-1.0107595920562744,-39.98583200802817,0.0,5.125433720648289,0.0,1.5958616137504578,1.0,10.0,2.0,36.0,27.0,33.0,36.0,36.0,3.0,17.0,0.0
12635,0.0,5.125433720648289,0.0,1.5958616137504578,1.0,10.0,2.0,36.0,27.0,33.0,36.0,36.0,3.0,17.0,5.0,0.7448374629020691,-1.3657643795013428,4.0,-1.3894168138504028,-0.44913291931152344,-27.5155497486152,0.7448374629020691,3.759669341146946,0.0,1.1467286944389343,2.0,11.0,3.0,37.0,28.0,1.0,37.0,37.0,4.0,18.0,0.0
12636,0.7448374629020691,3.759669341146946,0.0,1.1467286944389343,2.0,11.0,3.0,37.0,28.0,1.0,37.0,37.0,4.0,18.0,10.0,-1.6366513967514038,-1.6318809986114502,1.0,-0.38329142332077026,1.4978593587875366,-27.718139338493348,0.0,2.1277883425354958,0.0,2.644588053226471,3.0,1.0,4.0,38.0,29.0,2.0,38.0,38.0,5.0,19.0,0.0
12637,0.0,2.1277883425354958,0.0,2.644588053226471,3.0,1.0,4.0,38.0,29.0,2.0,38.0,38.0,5.0,19.0,10.0,-1.8797886371612549,1.121982216835022,1.0,-1.8322196006774902,0.777614176273346,-37.49788637161255,0.0,3.2497705593705177,0.0,3.422202229499817,4.0,1.0,5.0,39.0,30.0,3.0,39.0,39.0,6.0,20.0,0.0
12638,0.0,3.2497705593705177,0.0,3.422202229499817,4.0,1.0,5.0,39.0,30.0,3.0,39.0,39.0,6.0,20.0,10.0,-1.8914376497268677,-1.4782240390777588,4.0,-1.9548569917678833,-0.9289177060127258,-38.51437649726868,0.0,1.771546520292759,0.0,2.493284523487091,5.0,2.0,6.0,40.0,1.0,4.0,40.0,40.0,7.0,21.0,0.0
12639,0.0,1.771546520292759,0.0,2.493284523487091,5.0,2.0,6.0,40.0,1.0,4.0,40.0,40.0,7.0,21.0,10.0,-1.9737558364868164,1.3082501888275146,6.0,-1.6340280771255493,1.2252860069274902,-37.337558364868165,0.0,3.0797967091202736,0.0,3.7185705304145813,6.0,3.0,7.0,41.0,2.0,5.0,41.0,41.0,8.0,22.0,0.0
12640,0.0,3.0797967091202736,0.0,3.7185705304145813,6.0,3.0,7.0,41.0,2.0,5.0,41.0,41.0,8.0,22.0,9.0,-1.317280650138855,1.5513015985488892,1.0,-1.2342857122421265,1.347356915473938,-31.108931163227137,0.0,4.631098307669163,0.0,5.065927445888519,7.0,1.0,8.0,42.0,3.0,6.0,42.0,42.0,9.0,1.0,0.0
12641,0.0,4.631098307669163,0.0,5.065927445888519,7.0,1.0,8.0,42.0,3.0,6.0,42.0,42.0,9.0,1.0,10.0,-1.8177540302276611,0.14649644494056702,6.0,-1.8731213808059692,0.771172285079956,-35.27754030227661,0.0,4.77759475260973,0.0,5.837099730968475,8.0,2.0,9.0,43.0,4.0,7.0,43.0,43.0,10.0,2.0,0.0
12642,0.0,4.77759475260973,0.0,5.837099730968475,8.0,2.0,9.0,43.0,4.0,7.0,43.0,43.0,10.0,2.0,10.0,-0.15275141596794128,-0.7876169085502625,6.0,-1.8830711841583252,1.2878799438476562,-19.627514159679414,0.0,3.9899778440594673,0.0,7.124979674816132,9.0,3.0,10.0,44.0,5.0,8.0,44.0,44.0,11.0,3.0,0.0
12643,0.0,3.9899778440594673,0.0,7.124979674816132,9.0,3.0,10.0,44.0,5.0,8.0,44.0,44.0,11.0,3.0,5.0,-1.3494898080825806,0.19369332492351532,6.0,-1.856080412864685,-0.07228291779756546,-44.05193895868,0.0,4.183671168982983,0.0,7.052696757018566,10.0,4.0,11.0,45.0,6.0,9.0,45.0,45.0,12.0,4.0,0.0
12644,0.0,4.183671168982983,0.0,7.052696757018566,10.0,4.0,11.0,45.0,6.0,9.0,45.0,45.0,12.0,4.0,10.0,-1.4744946956634521,1.182559847831726,1.0,-1.725008249282837,-0.885776698589325,-34.84494695663452,0.0,5.366231016814709,0.0,6.166920058429241,11.0,1.0,12.0,46.0,7.0,10.0,46.0,46.0,13.0,5.0,0.0
12645,0.0,5.366231016814709,0.0,6.166920058429241,11.0,1.0,12.0,46.0,7.0,10.0,46.0,46.0,13.0,5.0,10.0,0.4607785940170288,1.4358795881271362,6.0,-1.931046724319458,-0.3993958532810211,-20.7,0.4607785940170288,6.802110604941845,0.0,5.76752420514822,12.0,2.0,13.0,47.0,8.0,11.0,47.0,47.0,14.0,6.0,0.0
12646,0.4607785940170288,6.802110604941845,0.0,5.76752420514822,12.0,2.0,13.0,47.0,8.0,11.0,47.0,47.0,14.0,6.0,5.0,-1.6997383832931519,0.3155878484249115,6.0,-1.9138715267181396,0.15522277355194092,-46.138468137366985,0.0,7.117698453366756,0.0,5.922746978700161,13.0,3.0,14.0,48.0,9.0,12.0,48.0,48.0,15.0,7.0,0.0
12647,0.0,7.117698453366756,0.0,5.922746978700161,13.0,3.0,14.0,48.0,9.0,12.0,48.0,48.0,15.0,7.0,8.0,-1.840704321861267,0.48577895760536194,6.0,-1.9783045053482056,0.888207197189331,-42.2437028926728,0.0,7.603477410972118,0.0,6.810954175889492,14.0,4.0,15.0,49.0,10.0,13.0,49.0,49.0,1.0,8.0,0.0
12648,0.0,7.603477410972118,0.0,6.810954175889492,14.0,4.0,15.0,49.0,10.0,13.0,49.0,49.0,1.0,8.0,10.0,-1.710186243057251,-0.08971189707517624,6.0,-1.8565257787704468,1.5764840841293335,-39.30186243057251,0.0,7.513765513896942,0.0,8.387438260018826,15.0,5.0,16.0,50.0,11.0,14.0,50.0,50.0,2.0,9.0,0.0
12649,0.0,7.513765513896942,0.0,8.387438260018826,15.0,5.0,16.0,50.0,11.0,14.0,50.0,50.0,2.0,9.0,10.0,0.0779256746172905,1.718009114265442,6.0,-1.8740425109863281,0.9775485992431641,-23.2,0.0779256746172905,9.231774628162384,0.0,9.36498685926199,16.0,6.0,17.0,51.0,12.0,15.0,51.0,51.0,3.0,10.0,0.0
12650,0.0779256746172905,9.231774628162384,0.0,9.36498685926199,16.0,6.0,17.0,51.0,12.0,15.0,51.0,51.0,3.0,10.0,10.0,-0.04468662664294243,-0.48344412446022034,6.0,-1.8660999536514282,1.347231149673462,-24.2,0.03323904797434807,8.748330503702164,0.0,10.0,17.0,7.0,18.0,52.0,13.0,16.0,52.0,52.0,4.0,11.0,0.0
12651,0.03323904797434807,8.748330503702164,0.0,10.0,17.0,7.0,18.0,52.0,13.0,16.0,52.0,52.0,4.0,11.0,5.0,-0.6273358464241028,-1.1194552183151245,2.0,-1.8384133577346802,1.3246608972549438,-43.565920700745956,0.0,7.628875285387039,0.0,10.0,18.0,8.0,1.0,53.0,14.0,17.0,53.0,53.0,5.0,12.0,0.0
12652,0.0,7.628875285387039,0.0,10.0,18.0,8.0,1.0,53.0,14.0,17.0,53.0,53.0,5.0,12.0,9.0,-1.1108955144882202,-1.2400745153427124,1.0,-1.662026286125183,-0.9114920496940613,-37.21272059703542,0.0,6.388800770044327,0.0,9.088507950305939,19.0,9.0,2.0,54.0,15.0,18.0,54.0,54.0,6.0,1.0,0.0
12653,0.0,6.388800770044327,0.0,9.088507950305939,19.0,9.0,2.0,54.0,15.0,18.0,54.0,54.0,6.0,1.0,5.0,-1.6890299320220947,-1.1146994829177856,6.0,-1.9510599374771118,-1.4387627840042114,-52.455694705139635,0.0,5.274101287126541,0.0,7.649745166301727,20.0,10.0,3.0,55.0,16.0,19.0,55.0,55.0,7.0,2.0,0.0
12654,0.0,5.274101287126541,0.0,7.649745166301727,20.0,10.0,3.0,55.0,16.0,19.0,55.0,55.0,7.0,2.0,5.0,-1.7028599977493286,0.6263871788978577,6.0,-1.893658995628357,-1.6012632846832275,-53.70803629649695,0.0,5.900488466024399,0.0,6.0484818816185,21.0,11.0,4.0,56.0,17.0,20.0,56.0,56.0,8.0,3.0,0.0
12655,0.0,5.900488466024399,0.0,6.0484818816185,21.0,11.0,4.0,56.0,17.0,20.0,56.0,56.0,8.0,3.0,5.0,-1.5418167114257812,-1.425252914428711,6.0,-1.933532953262329,-1.5195502042770386,-53.014600661835715,0.0,4.475235551595688,0.0,4.528931677341461,22.0,12.0,5.0,57.0,18.0,21.0,57.0,57.0,9.0,4.0,0.0
12656,0.0,4.475235551595688,0.0,4.528931677341461,22.0,12.0,5.0,57.0,18.0,21.0,57.0,57.0,9.0,4.0,10.0,-1.558695912361145,-0.4670953154563904,6.0,-1.9491088390350342,0.055634208023548126,-42.78695912361145,0.0,4.0081402361392975,0.0,4.584565885365009,23.0,13.0,6.0,58.0,19.0,22.0,58.0,58.0,10.0,5.0,0.0
12657,0.0,4.0081402361392975,0.0,4.584565885365009,23.0,13.0,6.0,58.0,19.0,22.0,58.0,58.0,10.0,5.0,5.0,-0.40616828203201294,0.2168673276901245,6.0,-1.9254076480865479,-0.48022139072418213,-43.70852787811897,0.0,4.225007563829422,0.0,4.104344494640827,24.0,14.0,7.0,59.0,20.0,23.0,59.0,59.0,11.0,6.0,0.0
12658,0.0,4.225007563829422,0.0,4.104344494640827,24.0,14.0,7.0,59.0,20.0,23.0,59.0,59.0,11.0,6.0,5.0,-1.6921555995941162,1.3865374326705933,6.0,-1.8684296607971191,-1.203170895576477,-57.53327402476651,0.0,5.611544996500015,0.0,2.90117359906435,25.0,15.0,8.0,60.0,21.0,24.0,60.0,60.0,12.0,7.0,0.0
12659,0.0,5.611544996500015,0.0,2.90117359906435,25.0,15.0,8.0,60.0,21.0,24.0,60.0,60.0,12.0,7.0,10.0,-1.6069035530090332,-0.7447105050086975,6.0,-1.9778649806976318,-1.1782732009887695,-46.269035530090335,0.0,4.866834491491318,0.0,1.7229003980755806,26.0,16.0,9.0,61.0,22.0,25.0,61.0,61.0,13.0,8.0,0.0
12660,0.0,4.866834491491318,0.0,1.7229003980755806,26.0,16.0,9.0,61.0,22.0,25.0,61.0,61.0,13.0,8.0,5.0,-1.1739100217819214,-0.7293475270271301,6.0,-1.961002230644226,-0.9340614676475525,-54.408159171971946,0.0,4.137486964464188,0.0,0.7888389304280281,27.0,17.0,10.0,62.0,23.0,26.0,62.0,62.0,14.0,9.0,0.0
12661,0.0,4.137486964464188,0.0,0.7888389304280281,27.0,17.0,10.0,62.0,23.0,26.0,62.0,62.0,14.0,9.0,5.0,-1.8953869342803955,0.07428450882434845,1.0,-1.9128481149673462,-0.6774947643280029,-62.603921495403824,0.0,4.211771473288536,0.0,0.11134416610002518,28.0,1.0,11.0,63.0,24.0,27.0,63.0,63.0,15.0,10.0,0.0
12662,0.0,4.211771473288536,0.0,0.11134416610002518,28.0,1.0,11.0,63.0,24.0,27.0,63.0,63.0,15.0,10.0,5.0,-1.602789044380188,0.3487391471862793,4.0,-1.9976228475570679,0.3190414607524872,-58.91157883558277,0.0,4.560510620474815,0.0,0.43038562685251236,29.0,2.0,12.0,64.0,25.0,28.0,64.0,64.0,16.0,11.0,0.0
12663,0.0,4.560510620474815,0.0,0.43038562685251236,29.0,2.0,12.0,64.0,25.0,28.0,64.0,64.0,16.0,11.0,5.0,-0.5920165181159973,1.3231189250946045,6.0,-1.688746452331543,-0.6327916383743286,-49.89493936309947,0.0,5.88362954556942,0.0,0.0,30.0,3.0,13.0,65.0,26.0,29.0,65.0,65.0,17.0,12.0,0.0
12664,0.0,5.88362954556942,0.0,0.0,30.0,3.0,13.0,65.0,26.0,29.0,65.0,65.0,17.0,12.0,5.0,-1.455797791481018,0.8888263702392578,6.0,-1.7316759824752808,-0.006340094842016697,-59.89867591070038,0.0,6.772455915808678,0.0,0.0,31.0,4.0,14.0,66.0,27.0,30.0,66.0,66.0,18.0,13.0,0.0
12665,0.0,6.772455915808678,0.0,0.0,31.0,4.0,14.0,66.0,27.0,30.0,66.0,66.0,18.0,13.0,5.0,-1.87013578414917,-1.2777233123779297,6.0,-1.9241726398468018,-1.0207442045211792,-64.5930456955708,0.0,5.494732603430748,0.0,0.0,32.0,5.0,15.0,67.0,28.0,31.0,67.0,67.0,19.0,14.0,0.0
12666,0.0,5.494732603430748,0.0,0.0,32.0,5.0,15.0,67.0,28.0,31.0,67.0,67.0,19.0,14.0,5.0,-1.6969372034072876,1.7927396297454834,5.0,-1.8641396760940552,-1.825750470161438,-64.63416406279347,0.0,7.287472233176231,0.0,0.0,33.0,6.0,16.0,68.0,29.0,32.0,68.0,68.0,20.0,15.0,0.0
12667,0.0,7.287472233176231,0.0,0.0,33.0,6.0,16.0,68.0,29.0,32.0,68.0,68.0,20.0,15.0,5.0,-1.1235597133636475,1.8207257986068726,6.0,-1.8041355609893799,-1.412145733833313,-61.70532724923019,0.0,9.108198031783104,0.0,0.0,34.0,7.0,17.0,69.0,30.0,33.0,69.0,69.0,21.0,16.0,0.0
12668,0.0,9.108198031783104,0.0,0.0,34.0,7.0,17.0,69.0,30.0,33.0,69.0,69.0,21.0,16.0,5.0,-1.6908996105194092,-1.3078062534332275,5.0,-1.8486210107803345,-0.5814877152442932,-66.97828619259278,0.0,7.800391778349876,0.0,0.0,35.0,8.0,18.0,70.0,31.0,34.0,70.0,70.0,22.0,17.0,0.0
12669,0.0,7.800391778349876,0.0,0.0,35.0,8.0,18.0,70.0,31.0,34.0,70.0,70.0,22.0,17.0,5.0,-1.2187222242355347,-1.2279484272003174,1.0,-1.9557722806930542,-1.156037449836731,-62.424221846704384,0.0,6.572443351149559,0.0,0.0,36.0,1.0,19.0,71.0,32.0,35.0,71.0,71.0,23.0,18.0,0.0
12670,0.0,6.572443351149559,0.0,0.0,36.0,1.0,19.0,71.0,32.0,35.0,71.0,71.0,23.0,18.0,5.0,-1.6439597606658936,1.6957838535308838,6.0,-1.8477611541748047,-1.7853977680206299,-68.14895051117801,0.0,8.268227204680443,0.0,0.0,37.0,2.0,20.0,72.0,33.0,36.0,72.0,72.0,24.0,19.0,0.0
12671,0.0,8.268227204680443,0.0,0.0,37.0,2.0,20.0,72.0,33.0,36.0,72.0,72.0,24.0,19.0,5.0,-0.6865788698196411,1.7133244276046753,5.0,-1.9215545654296875,-1.8065285682678223,-61.76599648129041,0.0,9.981551632285118,0.0,0.0,38.0,3.0,21.0,73.0,34.0,37.0,73.0,73.0,25.0,20.0,0.0
12672,0.0,9.981551632285118,0.0,0.0,38.0,3.0,21.0,73.0,34.0,37.0,73.0,73.0,25.0,20.0,5.0,-1.5918282270431519,0.16721586883068085,4.0,-1.9820560216903687,0.3796358108520508,-71.91639796272293,0.0,10.0,0.0,0.3796358108520508,39.0,4.0,22.0,74.0,35.0,38.0,74.0,74.0,26.0,21.0,0.0
12673,0.0,10.0,0.0,0.3796358108520508,39.0,4.0,22.0,74.0,35.0,38.0,74.0,74.0,26.0,21.0,8.0,-1.6539013385772705,-1.3074535131454468,5.0,-1.9516117572784424,-0.683891236782074,-58.49444928988562,0.0,8.692546486854553,0.0,0.0,40.0,5.0,23.0,75.0,36.0,39.0,75.0,75.0,1.0,22.0,0.0
12674,0.0,8.692546486854553,0.0,0.0,40.0,5.0,23.0,75.0,36.0,39.0,75.0,75.0,1.0,22.0,5.0,-1.760793924331665,1.2216464281082153,1.0,-1.668212652206421,-0.8314326405525208,-72.80482950416454,0.0,9.914192914962769,0.0,0.0,41.0,1.0,24.0,76.0,37.0,40.0,76.0,76.0,2.0,23.0,0.0
12675,0.0,9.914192914962769,0.0,0.0,41.0,1.0,24.0,76.0,37.0,40.0,76.0,76.0,2.0,23.0,5.0,-0.5165035724639893,1.397735357284546,1.0,-1.8746333122253418,-1.0328350067138672,-69.92815329194781,0.0,10.0,0.0,0.0,42.0,1.0,25.0,77.0,38.0,41.0,77.0,77.0,3.0,24.0,0.0
12676,0.0,10.0,0.0,0.0,42.0,1.0,25.0,77.0,38.0,41.0,77.0,77.0,3.0,24.0,5.0,-1.635831594467163,0.69252610206604,5.0,-1.96155846118927,-0.5057511329650879,-74.49258237789573,0.0,10.0,0.0,0.0,43.0,2.0,26.0,78.0,39.0,42.0,78.0,78.0,4.0,25.0,0.0
12677,0.0,10.0,0.0,0.0,43.0,2.0,26.0,78.0,39.0,42.0,78.0,78.0,4.0,25.0,5.0,-1.587705135345459,0.3577974736690521,1.0,-1.921053171157837,-0.7290627956390381,-74.00396621658618,0.0,10.0,0.0,0.0,44.0,1.0,27.0,79.0,40.0,43.0,79.0,79.0,5.0,26.0,0.0
12678,0.0,10.0,0.0,0.0,44.0,1.0,27.0,79.0,40.0,43.0,79.0,79.0,5.0,26.0,5.0,1.409754991531372,-0.695648193359375,2.0,-1.8223068714141846,-0.8493325710296631,-54.11884790709392,1.409754991531372,9.304351806640625,0.0,0.0,45.0,2.0,28.0,80.0,41.0,44.0,80.0,80.0,6.0,27.0,0.0
12679,1.409754991531372,9.304351806640625,0.0,0.0,45.0,2.0,28.0,80.0,41.0,44.0,80.0,80.0,6.0,27.0,5.0,1.6644343137741089,-1.8363386392593384,5.0,-1.9892926216125488,-1.2904894351959229,-45.56222915679947,3.074189305305481,7.468013167381287,0.0,0.0,46.0,3.0,29.0,81.0,42.0,1.0,81.0,81.0,7.0,28.0,0.0
12680,3.074189305305481,7.468013167381287,0.0,0.0,46.0,3.0,29.0,81.0,42.0,1.0,81.0,81.0,7.0,28.0,10.0,-1.9678007364273071,-0.3606592118740082,4.0,-1.991144061088562,1.7497334480285645,-40.9,1.1063885688781738,7.107353955507278,0.0,1.7497334480285645,47.0,4.0,30.0,82.0,43.0,2.0,82.0,82.0,8.0,29.0,0.0
12681,1.1063885688781738,7.107353955507278,0.0,1.7497334480285645,47.0,4.0,30.0,82.0,43.0,2.0,82.0,82.0,8.0,29.0,10.0,-1.9539167881011963,1.6883984804153442,1.0,-1.9354625940322876,1.5348517894744873,-50.37528219223022,0.0,8.795752435922623,0.0,3.2845852375030518,48.0,1.0,31.0,83.0,44.0,3.0,83.0,83.0,9.0,30.0,0.0
12682,0.0,8.795752435922623,0.0,3.2845852375030518,48.0,1.0,31.0,83.0,44.0,3.0,83.0,83.0,9.0,30.0,10.0,-1.8284380435943604,-1.572270154953003,5.0,-1.9991682767868042,1.6856566667556763,-60.7843804359436,0.0,7.22348228096962,0.0,4.970241904258728,49.0,2.0,32.0,84.0,45.0,4.0,84.0,84.0,10.0,31.0,0.0
12683,0.0,7.22348228096962,0.0,4.970241904258728,49.0,2.0,32.0,84.0,45.0,4.0,84.0,84.0,10.0,31.0,10.0,-1.801396369934082,0.7947089672088623,4.0,-1.960587501525879,1.7041099071502686,-61.51396369934082,0.0,8.018191248178482,0.0,6.674351811408997,50.0,3.0,33.0,85.0,1.0,5.0,85.0,85.0,11.0,32.0,0.0
12684,0.0,8.018191248178482,0.0,6.674351811408997,50.0,3.0,33.0,85.0,1.0,5.0,85.0,85.0,11.0,32.0,9.0,-1.7447127103805542,0.872782289981842,5.0,-1.9674252271652222,-1.6905244588851929,-60.74993033403784,0.0,8.890973538160324,0.0,4.983827352523804,51.0,4.0,34.0,86.0,2.0,6.0,86.0,86.0,12.0,1.0,0.0
12685,0.0,8.890973538160324,0.0,4.983827352523804,51.0,4.0,34.0,86.0,2.0,6.0,86.0,86.0,12.0,1.0,10.0,-1.8146928548812866,0.39286187291145325,6.0,-1.9893263578414917,-1.5704188346862793,-55.94692854881286,0.0,9.283835411071777,0.0,3.4134085178375244,52.0,5.0,35.0,87.0,3.0,7.0,87.0,87.0,13.0,2.0,0.0
12686,0.0,9.283835411071777,0.0,3.4134085178375244,52.0,5.0,35.0,87.0,3.0,7.0,87.0,87.0,13.0,2.0,9.0,-1.8908168077468872,0.25743427872657776,6.0,-1.985024094581604,-0.18538779020309448,-65.26409049644344,0.0,9.541269689798355,0.0,3.22802072763443,53.0,6.0,36.0,88.0,4.0,8.0,88.0,88.0,14.0,1.0,0.0
12687,0.0,9.541269689798355,0.0,3.22802072763443,53.0,6.0,36.0,88.0,4.0,8.0,88.0,88.0,14.0,1.0,10.0,-1.9486345052719116,-1.4882473945617676,6.0,-1.9576783180236816,0.2855369448661804,-59.08634505271912,0.0,8.053022295236588,0.0,3.5135576725006104,54.0,7.0,37.0,89.0,5.0,9.0,89.0,89.0,15.0,2.0,0.0
12688,0.0,8.053022295236588,0.0,3.5135576725006104,54.0,7.0,37.0,89.0,5.0,9.0,89.0,89.0,15.0,2.0,10.0,-1.8291194438934326,0.01808406226336956,6.0,-1.9710263013839722,0.4776625335216522,-58.89119443893433,0.0,8.071106357499957,0.0,3.9912202060222626,55.0,8.0,38.0,90.0,6.0,10.0,90.0,90.0,16.0,3.0,0.0
12689,0.0,8.071106357499957,0.0,3.9912202060222626,55.0,8.0,38.0,90.0,6.0,10.0,90.0,90.0,16.0,3.0,9.0,-1.9009021520614624,-0.5030115842819214,6.0,-1.9970691204071045,-0.7154359817504883,-64.66723244846543,0.0,7.568094773218036,0.0,3.2757842242717743,56.0,9.0,39.0,91.0,7.0,11.0,91.0,91.0,17.0,1.0,0.0
12690,0.0,7.568094773218036,0.0,3.2757842242717743,56.0,9.0,39.0,91.0,7.0,11.0,91.0,91.0,17.0,1.0,10.0,-1.9829515218734741,-1.1345043182373047,6.0,-1.995680570602417,-1.1012721061706543,-62.12951521873474,0.0,6.433590454980731,0.0,2.17451211810112,57.0,10.0,40.0,92.0,8.0,12.0,92.0,92.0,18.0,2.0,0.0
12691,0.0,6.433590454980731,0.0,2.17451211810112,57.0,10.0,40.0,92.0,8.0,12.0,92.0,92.0,18.0,2.0,9.0,-1.8265705108642578,0.10379235446453094,6.0,-1.9416934251785278,-1.5115458965301514,-64.42898206542921,0.0,6.537382809445262,0.0,0.6629662215709686,58.0,11.0,41.0,93.0,9.0,13.0,93.0,93.0,19.0,1.0,0.0
12692,0.0,6.537382809445262,0.0,0.6629662215709686,58.0,11.0,41.0,93.0,9.0,13.0,93.0,93.0,19.0,1.0,9.0,-1.362238883972168,0.40223413705825806,6.0,-1.994014859199524,0.12525001168251038,-61.151829000924224,0.0,6.93961694650352,0.0,0.788216233253479,59.0,12.0,42.0,94.0,10.0,14.0,94.0,94.0,20.0,1.0,0.0
12693,0.0,6.93961694650352,0.0,0.788216233253479,59.0,12.0,42.0,94.0,10.0,14.0,94.0,94.0,20.0,1.0,10.0,-1.9777038097381592,-1.1011594533920288,6.0,-1.9830862283706665,-1.0243887901306152,-64.77703809738159,0.0,5.838457493111491,0.0,0.0,60.0,13.0,43.0,95.0,11.0,15.0,95.0,95.0,21.0,2.0,0.0
12694,0.0,5.838457493111491,0.0,0.0,60.0,13.0,43.0,95.0,11.0,15.0,95.0,95.0,21.0,2.0,9.0,-1.980822205543518,-1.492409110069275,1.0,-1.988157033920288,0.15746846795082092,-67.01280822410621,0.0,4.346048383042216,0.0,0.15746846795082092,61.0,1.0,44.0,96.0,12.0,16.0,96.0,96.0,22.0,1.0,0.0
12695,0.0,4.346048383042216,0.0,0.15746846795082092,61.0,1.0,44.0,96.0,12.0,16.0,96.0,96.0,22.0,1.0,5.0,-1.9850982427597046,1.8193215131759644,6.0,-1.9751839637756348,-1.4106134176254272,-76.91523591182384,0.0,6.165369896218181,0.0,0.0,62.0,2.0,45.0,97.0,13.0,17.0,97.0,97.0,23.0,2.0,0.0
12696,0.0,6.165369896218181,0.0,0.0,62.0,2.0,45.0,97.0,13.0,17.0,97.0,97.0,23.0,2.0,9.0,-1.996978759765625,-0.9016993641853333,1.0,-1.9975438117980957,-1.696578860282898,-68.1877892606833,0.0,5.263670532032847,0.0,0.0,63.0,1.0,46.0,98.0,14.0,18.0,98.0,98.0,24.0,1.0,0.0
12697,0.0,5.263670532032847,0.0,0.0,63.0,1.0,46.0,98.0,14.0,18.0,98.0,98.0,24.0,1.0,9.0,-1.9943087100982666,0.8199412226676941,4.0,-1.996924877166748,-0.9510167837142944,-69.5406796263104,0.0,6.0836117547005415,0.0,0.0,64.0,2.0,47.0,99.0,15.0,19.0,99.0,99.0,25.0,1.0,0.0
12698,0.0,6.0836117547005415,0.0,0.0,64.0,2.0,47.0,99.0,15.0,19.0,99.0,99.0,25.0,1.0,9.0,-1.9975591897964478,-0.14978373050689697,1.0,-1.9921318292617798,-1.5899481773376465,-70.3334806636738,0.0,5.9338280241936445,0.0,0.0,65.0,1.0,48.0,100.0,16.0,20.0,100.0,100.0,26.0,1.0,0.0
12699,0.0,5.9338280241936445,0.0,0.0,65.0,1.0,48.0,100.0,16.0,20.0,100.0,100.0,26.0,1.0,9.0,-1.9992146492004395,0.8808797001838684,4.0,-1.9958302974700928,-0.42929941415786743,-71.67145572048034,0.0,6.814707724377513,0.0,0.0,66.0,2.0,49.0,100.0,17.0,21.0,100.0,100.0,27.0,1.0,1.0
12700,9.192258834838867,2.514584541320801,0.21301130950450897,9.6050443649292,1.0,1.0,1.0,1.0,1.0,1.0,1.0,1.0,1.0,1.0,5.0,-1.9726455211639404,1.9841723442077637,4.0,-1.8188234567642212,-1.9594829082489014,-2.3480483825801466,7.219613313674927,4.4987568855285645,0.0,7.645561456680298,2.0,2.0,2.0,2.0,1.0,1.0,2.0,2.0,2.0,2.0,0.0
12701,7.219613313674927,4.4987568855285645,0.0,7.645561456680298,2.0,2.0,2.0,2.0,1.0,1.0,2.0,2.0,2.0,2.0,2.0,-1.9935153722763062,1.8853322267532349,0.0,-1.5747737884521484,-1.917379379272461,-3.0653367648603913,5.226097941398621,6.384089112281799,0.0,5.728182077407837,1.0,3.0,1.0,3.0,2.0,2.0,3.0,3.0,3.0,3.0,0.0
12702,5.226097941398621,6.384089112281799,0.0,5.728182077407837,1.0,3.0,1.0,3.0,2.0,2.0,3.0,3.0,3.0,3.0,2.0,-1.896973729133606,-0.002808568999171257,0.0,-0.9372959136962891,-1.9594645500183105,-5.072776389241513,3.3291242122650146,6.381280543282628,0.0,3.7687175273895264,1.0,4.0,1.0,4.0,3.0,3.0,4.0,4.0,4.0,4.0,0.0
12703,3.3291242122650146,6.381280543282628,0.0,3.7687175273895264,1.0,4.0,1.0,4.0,3.0,3.0,4.0,4.0,4.0,4.0,5.0,-1.8819763660430908,-1.6396479606628418,0.0,-0.19589604437351227,-1.7381887435913086,-11.775468969939444,1.4471478462219238,4.741632582619786,0.0,2.0305287837982178,1.0,5.0,2.0,5.0,4.0,1.0,5.0,5.0,5.0,5.0,0.0
12704,1.4471478462219238,4.741632582619786,0.0,2.0305287837982178,1.0,5.0,2.0,5.0,4.0,1.0,5.0,5.0,5.0,5.0,8.0,-0.5631352663040161,-1.3221518993377686,0.0,-0.7647671103477478,1.0998663902282715,-8.540802401913858,0.8840125799179077,3.4194806832820177,0.0,3.1303951740264893,1.0,6.0,3.0,6.0,5.0,2.0,6.0,6.0,1.0,6.0,0.0
12705,0.8840125799179077,3.4194806832820177,0.0,3.1303951740264893,1.0,6.0,3.0,6.0,5.0,2.0,6.0,6.0,1.0,6.0,5.0,-1.6131293773651123,-1.9550518989562988,0.0,-1.3673585653305054,-0.006913038436323404,-25.782458866743244,0.0,1.4644287843257189,0.0,3.123482135590166,1.0,7.0,4.0,7.0,6.0,3.0,7.0,7.0,2.0,7.0,0.0
12706,0.0,1.4644287843257189,0.0,3.123482135590166,1.0,7.0,4.0,7.0,6.0,3.0,7.0,7.0,2.0,7.0,0.0,0.7957625389099121,1.2951774597167969,10.0,-1.1373627185821533,-1.6154159307479858,-7.154016954610084,0.7957625389099121,2.7596062440425158,0.0,1.50806620484218,1.0,8.0,5.0,8.0,7.0,4.0,8.0,8.0,3.0,8.0,0.0
12707,0.7957625389099121,2.7596062440425158,0.0,1.50806620484218,1.0,8.0,5.0,8.0,7.0,4.0,8.0,8.0,3.0,8.0,10.0,0.09255433827638626,-1.875669002532959,0.0,0.5035357475280762,-0.5202484130859375,-7.0,0.8883168771862984,0.8839372415095568,0.5035357475280762,0.9878177917562425,1.0,9.0,6.0,9.0,8.0,5.0,9.0,9.0,4.0,9.0,0.0
12708,0.8883168771862984,0.8839372415095568,0.5035357475280762,0.9878177917562425,1.0,9.0,6.0,9.0,8.0,5.0,9.0,9.0,4.0,9.0,9.0,0.35421279072761536,-1.891736626625061,0.0,-1.7119929790496826,-0.07976280897855759,-18.87308475474693,1.2425296679139137,0.0,0.0,0.9080549827776849,1.0,10.0,7.0,10.0,9.0,6.0,10.0,10.0,5.0,1.0,0.0
12709,1.2425296679139137,0.0,0.0,0.9080549827776849,1.0,10.0,7.0,10.0,9.0,6.0,10.0,10.0,5.0,1.0,1.0,0.06356500089168549,-0.607660174369812,0.0,-1.917273998260498,-1.6656805276870728,-19.125538221391743,1.3060946688055992,0.0,0.0,0.0,1.0,1.0,8.0,11.0,10.0,7.0,11.0,11.0,6.0,2.0,0.0
12710,1.3060946688055992,0.0,0.0,0.0,1.0,1.0,8.0,11.0,10.0,7.0,11.0,11.0,6.0,2.0,8.0,-1.3219388723373413,-0.24791233241558075,4.0,-1.6909888982772827,-1.3942391872406006,-21.63793122022707,0.0,0.0,0.0,0.0,2.0,2.0,9.0,12.0,11.0,8.0,12.0,12.0,7.0,3.0,0.0
12711,0.0,0.0,0.0,0.0,2.0,2.0,9.0,12.0,11.0,8.0,12.0,12.0,7.0,3.0,8.0,-1.0376994609832764,-0.1092248484492302,2.0,0.7735965251922607,-1.039738655090332,-30.588069521865044,0.0,0.0,0.7735965251922607,0.0,3.0,3.0,10.0,13.0,12.0,9.0,13.0,13.0,8.0,4.0,0.0
12712,0.0,0.0,0.7735965251922607,0.0,3.0,3.0,10.0,13.0,12.0,9.0,13.0,13.0,8.0,4.0,0.0,-0.3515957295894623,0.4837970733642578,4.0,-1.490576148033142,-1.4439696073532104,-14.726020896050596,0.0,0.4837970733642578,0.0,0.0,1.0,4.0,11.0,14.0,13.0,10.0,14.0,14.0,9.0,5.0,0.0
12713,0.0,0.4837970733642578,0.0,0.0,1.0,4.0,11.0,14.0,13.0,10.0,14.0,14.0,9.0,5.0,8.0,-1.2478619813919067,1.1672707796096802,10.0,-1.8162442445755005,0.4061228036880493,-30.016170939298874,0.0,1.651067852973938,0.0,0.4061228036880493,2.0,5.0,12.0,15.0,14.0,11.0,15.0,15.0,1.0,6.0,0.0
12714,0.0,1.651067852973938,0.0,0.4061228036880493,2.0,5.0,12.0,15.0,14.0,11.0,15.0,15.0,1.0,6.0,10.0,-1.4009559154510498,0.6325385570526123,5.0,-1.145448923110962,-0.8355514407157898,-24.6095591545105,0.0,2.2836064100265503,0.0,0.0,3.0,6.0,13.0,16.0,15.0,12.0,16.0,16.0,2.0,7.0,0.0
12715,0.0,2.2836064100265503,0.0,0.0,3.0,6.0,13.0,16.0,15.0,12.0,16.0,16.0,2.0,7.0,8.0,0.2025063931941986,-1.2601401805877686,2.0,-1.9602822065353394,-0.8636582493782043,-20.291799343117383,0.2025063931941986,1.0234662294387817,0.0,0.0,4.0,7.0,14.0,17.0,16.0,13.0,17.0,17.0,1.0,8.0,0.0
12716,0.2025063931941986,1.0234662294387817,0.0,0.0,4.0,7.0,14.0,17.0,16.0,13.0,17.0,17.0,1.0,8.0,0.0,-1.5394014120101929,1.821955680847168,4.0,-1.8118141889572144,0.7352522015571594,-27.199525006244954,0.0,2.8454219102859497,0.0,0.7352522015571594,1.0,8.0,15.0,18.0,17.0,14.0,18.0,18.0,2.0,9.0,0.0
12717,0.0,2.8454219102859497,0.0,0.7352522015571594,1.0,8.0,15.0,18.0,17.0,14.0,18.0,18.0,2.0,9.0,10.0,-1.4068171977996826,-0.30564016103744507,2.0,-0.29130300879478455,-1.7062582969665527,-27.068171977996826,0.0,2.5397817492485046,0.0,0.0,2.0,9.0,16.0,19.0,18.0,15.0,19.0,19.0,3.0,10.0,0.0
12718,0.0,2.5397817492485046,0.0,0.0,2.0,9.0,16.0,19.0,18.0,15.0,19.0,19.0,3.0,10.0,10.0,-1.556794285774231,-1.1469557285308838,0.0,-0.7455405592918396,-0.6819012761116028,-29.56794285774231,0.0,1.3928260207176208,0.0,0.0,1.0,10.0,17.0,20.0,19.0,16.0,20.0,20.0,4.0,11.0,0.0
12719,0.0,1.3928260207176208,0.0,0.0,1.0,10.0,17.0,20.0,19.0,16.0,20.0,20.0,4.0,11.0,8.0,-1.5480386018753052,0.6200616359710693,4.0,-1.7772538661956787,-1.3891644477844238,-37.18218830831155,0.0,2.01288765668869,0.0,0.0,2.0,11.0,18.0,21.0,20.0,17.0,21.0,21.0,1.0,12.0,0.0
12720,0.0,2.01288765668869,0.0,0.0,2.0,11.0,18.0,21.0,20.0,17.0,21.0,21.0,1.0,12.0,5.0,1.3574222326278687,0.1397915780544281,2.0,-1.7112282514572144,-0.7553538084030151,-23.019166168999362,1.3574222326278687,2.1526792347431183,0.0,0.0,3.0,12.0,19.0,22.0,21.0,1.0,22.0,22.0,2.0,13.0,0.0
12721,1.3574222326278687,2.1526792347431183,0.0,0.0,3.0,12.0,19.0,22.0,21.0,1.0,22.0,22.0,2.0,13.0,10.0,-1.6059266328811646,-1.4593912363052368,10.0,-1.733635425567627,0.872006356716156,-17.18504400253296,0.0,0.6932879984378815,0.0,0.872006356716156,4.0,13.0,20.0,23.0,22.0,2.0,23.0,23.0,3.0,14.0,0.0
12722,0.0,0.6932879984378815,0.0,0.872006356716156,4.0,13.0,20.0,23.0,22.0,2.0,23.0,23.0,3.0,14.0,1.0,-0.4742106795310974,1.586405873298645,1.0,-1.8765374422073364,0.7434661984443665,-26.89962968778429,0.0,2.2796938717365265,0.0,1.6154725551605225,5.0,1.0,21.0,24.0,23.0,3.0,24.0,24.0,4.0,15.0,0.0
12723,0.0,2.2796938717365265,0.0,1.6154725551605225,5.0,1.0,21.0,24.0,23.0,3.0,24.0,24.0,4.0,15.0,0.0,-0.031497497111558914,1.6674220561981201,4.0,-1.8188657760620117,-0.8381741642951965,-17.693173307652064,0.0,3.9471159279346466,0.0,0.7772983908653259,1.0,2.0,22.0,25.0,24.0,4.0,25.0,25.0,5.0,16.0,0.0
12724,0.0,3.9471159279346466,0.0,0.7772983908653259,1.0,2.0,22.0,25.0,24.0,4.0,25.0,25.0,5.0,16.0,0.0,-1.8769679069519043,0.2694813907146454,4.0,-1.9629206657409668,1.7022684812545776,-37.263563723231385,0.0,4.216597318649292,0.0,2.4795668721199036,1.0,3.0,23.0,26.0,1.0,5.0,26.0,26.0,6.0,17.0,0.0
12725,0.0,4.216597318649292,0.0,2.4795668721199036,1.0,3.0,23.0,26.0,1.0,5.0,26.0,26.0,6.0,17.0,9.0,-1.7783564329147339,0.3176262676715851,2.0,-1.9362043142318726,0.6886326670646667,-31.972159841134946,0.0,4.534223586320877,0.0,3.1681995391845703,2.0,4.0,1.0,27.0,2.0,6.0,27.0,27.0,7.0,1.0,0.0
12726,0.0,4.534223586320877,0.0,3.1681995391845703,2.0,4.0,1.0,27.0,2.0,6.0,27.0,27.0,7.0,1.0,10.0,-1.1115481853485107,0.4614962339401245,6.0,-1.8500618934631348,0.4125634729862213,-22.515481853485106,0.0,4.995719820261002,0.0,3.5807630121707916,3.0,5.0,2.0,28.0,3.0,7.0,28.0,28.0,8.0,2.0,0.0
12727,0.0,4.995719820261002,0.0,3.5807630121707916,3.0,5.0,2.0,28.0,3.0,7.0,28.0,28.0,8.0,2.0,10.0,-1.8435677289962769,-1.8289189338684082,6.0,-1.6765263080596924,-1.2446171045303345,-30.835677289962767,0.0,3.1668008863925934,0.0,2.336145907640457,4.0,6.0,3.0,29.0,4.0,8.0,29.0,29.0,9.0,3.0,0.0
12728,0.0,3.1668008863925934,0.0,2.336145907640457,4.0,6.0,3.0,29.0,4.0,8.0,29.0,29.0,9.0,3.0,10.0,-1.2109873294830322,-0.1952003538608551,1.0,-1.465171217918396,1.7168445587158203,-25.50987329483032,0.0,2.9716005325317383,0.0,4.0529904663562775,5.0,1.0,4.0,30.0,5.0,9.0,30.0,30.0,10.0,4.0,0.0
12729,0.0,2.9716005325317383,0.0,4.0529904663562775,5.0,1.0,4.0,30.0,5.0,9.0,30.0,30.0,10.0,4.0,10.0,-1.0923863649368286,0.7440276145935059,5.0,-1.6253352165222168,1.4982367753982544,-24.723863649368287,0.0,3.715628147125244,0.0,5.551227241754532,6.0,2.0,5.0,31.0,6.0,10.0,31.0,31.0,11.0,5.0,0.0
12730,0.0,3.715628147125244,0.0,5.551227241754532,6.0,2.0,5.0,31.0,6.0,10.0,31.0,31.0,11.0,5.0,5.0,-1.9190889596939087,-1.6213146448135376,4.0,-1.9326947927474976,-1.0388128757476807,-46.65330677048054,0.0,2.0943135023117065,0.0,4.512414366006851,7.0,3.0,6.0,32.0,1.0,11.0,32.0,32.0,12.0,6.0,0.0
12731,0.0,2.0943135023117065,0.0,4.512414366006851,7.0,3.0,6.0,32.0,1.0,11.0,32.0,32.0,12.0,6.0,9.0,-1.7888728380203247,1.4760092496871948,1.0,-1.4456446170806885,0.43105900287628174,-33.66289492662762,0.0,3.5703227519989014,0.0,4.943473368883133,8.0,1.0,7.0,33.0,2.0,12.0,33.0,33.0,13.0,1.0,0.0
12732,0.0,3.5703227519989014,0.0,4.943473368883133,8.0,1.0,7.0,33.0,2.0,12.0,33.0,33.0,13.0,1.0,5.0,-0.2769140303134918,-0.36187943816185,6.0,-1.5604814291000366,0.06399425119161606,-29.92038998389387,0.0,3.2084433138370514,0.0,5.007467620074749,9.0,2.0,8.0,34.0,3.0,13.0,34.0,34.0,14.0,2.0,0.0
12733,0.0,3.2084433138370514,0.0,5.007467620074749,9.0,2.0,8.0,34.0,3.0,13.0,34.0,34.0,14.0,2.0,5.0,-1.9798671007156372,-0.1749730110168457,6.0,-1.8598498106002808,-0.9651656150817871,-48.051843059889336,0.0,3.0334703028202057,0.0,4.042302004992962,10.0,3.0,9.0,35.0,4.0,14.0,35.0,35.0,15.0,3.0,0.0
12734,0.0,3.0334703028202057,0.0,4.042302004992962,10.0,3.0,9.0,35.0,4.0,14.0,35.0,35.0,15.0,3.0,5.0,-1.2671926021575928,-0.13774831593036652,6.0,-1.9108895063400269,1.5608720779418945,-42.01201384482705,0.0,2.895721986889839,0.0,5.603174082934856,11.0,4.0,10.0,36.0,5.0,15.0,36.0,36.0,16.0,4.0,0.0
12735,0.0,2.895721986889839,0.0,5.603174082934856,11.0,4.0,10.0,36.0,5.0,15.0,36.0,36.0,16.0,4.0,5.0,-1.3773980140686035,0.2403419017791748,1.0,-1.7407981157302856,0.7082998752593994,-43.9662401038902,0.0,3.136063888669014,0.0,6.311473958194256,12.0,5.0,11.0,37.0,6.0,16.0,37.0,37.0,17.0,5.0,0.0
12736,0.0,3.136063888669014,0.0,6.311473958194256,12.0,5.0,11.0,37.0,6.0,16.0,37.0,37.0,17.0,5.0,5.0,-1.6040147542953491,1.8036458492279053,1.0,-1.6775949001312256,-1.205160140991211,-46.69446095488768,0.0,4.939709737896919,0.0,5.106313817203045,13.0,1.0,12.0,38.0,7.0,17.0,38.0,38.0,18.0,6.0,0.0
12737,0.0,4.939709737896919,0.0,5.106313817203045,13.0,1.0,12.0,38.0,7.0,17.0,38.0,38.0,18.0,6.0,5.0,-1.7911415100097656,1.1147596836090088,1.0,-1.7986022233963013,1.0500645637512207,-49.23751049303577,0.0,6.054469421505928,0.0,6.156378380954266,14.0,1.0,13.0,39.0,8.0,18.0,39.0,39.0,19.0,7.0,0.0
12738,0.0,6.054469421505928,0.0,6.156378380954266,14.0,1.0,13.0,39.0,8.0,18.0,39.0,39.0,19.0,7.0,5.0,-1.9761165380477905,-1.7780777215957642,5.0,-1.7175902128219604,-0.036128465086221695,-51.89607477113154,0.0,4.276391699910164,0.0,6.120249915868044,15.0,2.0,14.0,40.0,9.0,19.0,40.0,40.0,20.0,8.0,0.0
12739,0.0,4.276391699910164,0.0,6.120249915868044,15.0,2.0,14.0,40.0,9.0,19.0,40.0,40.0,20.0,8.0,8.0,-1.4854060411453247,0.6503064036369324,1.0,-1.89390230178833,0.11042755097150803,-38.215452222247905,0.0,4.926698103547096,0.0,6.230677466839552,16.0,1.0,15.0,41.0,10.0,20.0,41.0,41.0,1.0,9.0,0.0
12740,0.0,4.926698103547096,0.0,6.230677466839552,16.0,1.0,15.0,41.0,10.0,20.0,41.0,41.0,1.0,9.0,5.0,-0.20037207007408142,-1.3342018127441406,1.0,-1.91189444065094,1.1723713874816895,-34.16453603790834,0.0,3.5924962908029556,0.0,7.403048854321241,17.0,2.0,16.0,42.0,11.0,21.0,42.0,42.0,2.0,10.0,0.0
12741,0.0,3.5924962908029556,0.0,7.403048854321241,17.0,2.0,16.0,42.0,11.0,21.0,42.0,42.0,2.0,10.0,5.0,0.4841057062149048,0.38675957918167114,1.0,-1.9573088884353638,0.492260605096817,-31.77595438575508,0.4841057062149048,3.9792558699846268,0.0,7.895309459418058,18.0,3.0,17.0,43.0,12.0,22.0,43.0,43.0,3.0,11.0,0.0
12742,0.4841057062149048,3.9792558699846268,0.0,7.895309459418058,18.0,3.0,17.0,43.0,12.0,22.0,43.0,43.0,3.0,11.0,8.0,-0.9577679634094238,0.2385910302400589,2.0,-1.9143097400665283,0.5764554142951965,-31.24136456235172,0.0,4.217846900224686,0.0,8.471764873713255,19.0,4.0,1.0,44.0,13.0,23.0,44.0,44.0,1.0,12.0,0.0
12743,0.0,4.217846900224686,0.0,8.471764873713255,19.0,4.0,1.0,44.0,13.0,23.0,44.0,44.0,1.0,12.0,5.0,-1.123697280883789,0.3816612958908081,4.0,-1.8930943012237549,0.2363032102584839,-44.115583830009584,0.0,4.599508196115494,0.0,8.708068083971739,20.0,5.0,2.0,45.0,14.0,24.0,45.0,45.0,2.0,13.0,0.0
12744,0.0,4.599508196115494,0.0,8.708068083971739,20.0,5.0,2.0,45.0,14.0,24.0,45.0,45.0,2.0,13.0,5.0,-0.5693128705024719,-0.4940335750579834,1.0,-1.4889206886291504,-1.4879502058029175,-39.67090593132841,0.0,4.10547462105751,0.0,7.220117878168821,21.0,6.0,3.0,46.0,15.0,25.0,46.0,46.0,3.0,14.0,0.0
12745,0.0,4.10547462105751,0.0,7.220117878168821,21.0,6.0,3.0,46.0,15.0,25.0,46.0,46.0,3.0,14.0,5.0,0.6064779758453369,-1.0903371572494507,2.0,-1.6976121664047241,-1.021359920501709,-33.923342231175916,0.6064779758453369,3.0151374638080597,0.0,6.198757957667112,22.0,7.0,1.0,47.0,16.0,26.0,47.0,47.0,4.0,15.0,0.0
12746,0.6064779758453369,3.0151374638080597,0.0,6.198757957667112,22.0,7.0,1.0,47.0,16.0,26.0,47.0,47.0,4.0,15.0,9.0,-0.7609745264053345,-0.07023169845342636,1.0,-1.6082096099853516,-1.3343878984451294,-25.369185988677103,0.0,2.9449057653546333,0.0,4.864370059221983,23.0,1.0,2.0,48.0,17.0,27.0,48.0,48.0,5.0,1.0,0.0
12747,0.0,2.9449057653546333,0.0,4.864370059221983,23.0,1.0,2.0,48.0,17.0,27.0,48.0,48.0,5.0,1.0,5.0,0.09396746009588242,-1.8650962114334106,5.0,-1.508840560913086,1.4637560844421387,-36.489537810295396,0.09396746009588242,1.0798095539212227,0.0,6.328126143664122,24.0,2.0,3.0,49.0,18.0,28.0,49.0,49.0,6.0,2.0,0.0
12748,0.09396746009588242,1.0798095539212227,0.0,6.328126143664122,24.0,2.0,3.0,49.0,18.0,28.0,49.0,49.0,6.0,2.0,5.0,-1.5113554000854492,1.5715535879135132,1.0,-1.7657253742218018,0.5953909158706665,-50.38262413908319,0.0,2.651363141834736,0.0,6.923517059534788,25.0,3.0,4.0,50.0,19.0,29.0,50.0,50.0,7.0,3.0,0.0
12749,0.0,2.651363141834736,0.0,6.923517059534788,25.0,3.0,4.0,50.0,19.0,29.0,50.0,50.0,7.0,3.0,5.0,-1.902052879333496,0.6353382468223572,1.0,-1.6947104930877686,-1.4643605947494507,-55.82926457373753,0.0,3.286701388657093,0.0,5.4591564647853374,26.0,1.0,5.0,51.0,20.0,30.0,51.0,51.0,8.0,4.0,0.0
12750,0.0,3.286701388657093,0.0,5.4591564647853374,26.0,1.0,5.0,51.0,20.0,30.0,51.0,51.0,8.0,4.0,5.0,-1.6254675388336182,-0.619455873966217,2.0,-1.6348698139190674,0.3761918246746063,-54.15189562908931,0.0,2.667245514690876,0.0,5.835348289459944,27.0,2.0,1.0,52.0,21.0,31.0,52.0,52.0,9.0,5.0,0.0
12751,0.0,2.667245514690876,0.0,5.835348289459944,27.0,2.0,1.0,52.0,21.0,31.0,52.0,52.0,9.0,5.0,5.0,-1.3887712955474854,1.0690962076187134,1.0,-1.9559273719787598,-1.2864431142807007,-51.68897195310505,0.0,3.7363417223095894,0.0,4.548905175179243,28.0,1.0,2.0,53.0,22.0,32.0,53.0,53.0,10.0,6.0,0.0
12752,0.0,3.7363417223095894,0.0,4.548905175179243,28.0,1.0,2.0,53.0,22.0,32.0,53.0,53.0,10.0,6.0,5.0,-1.5281193256378174,-0.8087090253829956,1.0,-1.977667212486267,-1.8101328611373901,-54.30062272339958,0.0,2.927632696926594,0.0,2.738772314041853,29.0,1.0,3.0,54.0,23.0,33.0,54.0,54.0,11.0,7.0,0.0
12753,0.0,2.927632696926594,0.0,2.738772314041853,29.0,1.0,3.0,54.0,23.0,33.0,54.0,54.0,11.0,7.0,5.0,0.35818150639533997,-0.271920382976532,5.0,-1.5286555290222168,-0.226849764585495,-39.18165843635407,0.35818150639533997,2.655712313950062,0.0,2.511922549456358,30.0,2.0,4.0,55.0,24.0,34.0,55.0,55.0,12.0,8.0,0.0
12754,0.35818150639533997,2.655712313950062,0.0,2.511922549456358,30.0,2.0,4.0,55.0,24.0,34.0,55.0,55.0,12.0,8.0,5.0,-0.5998703837394714,1.812718391418457,4.0,-1.818993091583252,1.5314881801605225,-42.71443649026554,0.0,4.468430705368519,0.0,4.04341072961688,31.0,3.0,5.0,56.0,1.0,35.0,56.0,56.0,13.0,9.0,0.0
12755,0.0,4.468430705368519,0.0,4.04341072961688,31.0,3.0,5.0,56.0,1.0,35.0,56.0,56.0,13.0,9.0,9.0,-1.0770610570907593,-0.6305785775184631,5.0,-1.720086693763733,-1.490186095237732,-38.60316998006974,0.0,3.8378521278500557,0.0,2.5532246343791485,32.0,4.0,6.0,57.0,2.0,36.0,57.0,57.0,14.0,1.0,0.0
12756,0.0,3.8378521278500557,0.0,2.5532246343791485,32.0,4.0,6.0,57.0,2.0,36.0,57.0,57.0,14.0,1.0,8.0,-1.7042585611343384,-0.47460946440696716,1.0,-1.9459571838378906,-1.8741538524627686,-48.53006360688478,0.0,3.3632426634430885,0.0,0.6790707819163799,33.0,1.0,7.0,58.0,3.0,37.0,58.0,58.0,1.0,2.0,0.0
12757,0.0,3.3632426634430885,0.0,0.6790707819163799,33.0,1.0,7.0,58.0,3.0,37.0,58.0,58.0,1.0,2.0,5.0,-1.171946406364441,1.4225997924804688,5.0,-1.9540294408798218,-1.8093053102493286,-49.88032289896556,0.0,4.785842455923557,0.0,0.0,34.0,2.0,8.0,59.0,4.0,38.0,59.0,59.0,2.0,3.0,0.0
12758,0.0,4.785842455923557,0.0,0.0,34.0,2.0,8.0,59.0,4.0,38.0,59.0,59.0,2.0,3.0,5.0,-1.545920968055725,0.4680556058883667,5.0,-1.7905827760696411,-1.3786753416061401,-54.62295163555499,0.0,5.253898061811924,0.0,0.0,35.0,3.0,9.0,60.0,5.0,39.0,60.0,60.0,3.0,4.0,0.0
12759,0.0,5.253898061811924,0.0,0.0,35.0,3.0,9.0,60.0,5.0,39.0,60.0,60.0,3.0,4.0,9.0,-1.5787304639816284,0.7402060627937317,1.0,-1.9377851486206055,0.4457058608531952,-46.70057686370828,0.0,5.994104124605656,0.0,0.4457058608531952,36.0,1.0,10.0,61.0,6.0,40.0,61.0,61.0,4.0,1.0,0.0
12760,0.0,5.994104124605656,0.0,0.4457058608531952,36.0,1.0,10.0,61.0,6.0,40.0,61.0,61.0,4.0,1.0,5.0,-1.246866226196289,1.0651814937591553,2.0,-1.9671337604522705,-1.800539255142212,-53.579714136953534,0.0,7.059285618364811,0.0,0.0,37.0,2.0,11.0,62.0,7.0,41.0,62.0,62.0,5.0,2.0,0.0
12761,0.0,7.059285618364811,0.0,0.0,37.0,2.0,11.0,62.0,7.0,41.0,62.0,62.0,5.0,2.0,5.0,-0.4138100743293762,0.9869353175163269,2.0,-1.91927969455719,0.7210636138916016,-47.03016735177485,0.0,8.046220935881138,0.0,0.7210636138916016,38.0,3.0,12.0,63.0,8.0,42.0,63.0,63.0,6.0,3.0,0.0
12762,0.0,8.046220935881138,0.0,0.7210636138916016,38.0,3.0,12.0,63.0,8.0,42.0,63.0,63.0,6.0,3.0,5.0,-1.3816074132919312,-0.19536691904067993,1.0,-1.8596880435943604,-0.8766778707504272,-57.5295662698463,0.0,7.850854016840458,0.0,0.0,39.0,1.0,13.0,64.0,9.0,43.0,64.0,64.0,7.0,4.0,0.0
12763,0.0,7.850854016840458,0.0,0.0,39.0,1.0,13.0,64.0,9.0,43.0,64.0,64.0,7.0,4.0,5.0,-1.645315170288086,0.054606933146715164,1.0,-1.9433541297912598,-0.8267868757247925,-60.91536571932542,0.0,7.905460949987173,0.0,0.0,40.0,1.0,14.0,65.0,10.0,44.0,65.0,65.0,8.0,5.0,0.0
12764,0.0,7.905460949987173,0.0,0.0,40.0,1.0,14.0,65.0,10.0,44.0,65.0,65.0,8.0,5.0,5.0,-1.5561916828155518,0.035294193774461746,2.0,-1.5861103534698486,-0.6255854368209839,-60.9561131545674,0.0,7.940755143761635,0.0,0.0,41.0,2.0,15.0,66.0,11.0,45.0,66.0,66.0,9.0,6.0,0.0
12765,0.0,7.940755143761635,0.0,0.0,41.0,2.0,15.0,66.0,11.0,45.0,66.0,66.0,9.0,6.0,5.0,-1.7929922342300415,0.05904993787407875,1.0,-1.8917875289916992,-0.6664941906929016,-64.37849107411057,0.0,7.999805081635714,0.0,0.0,42.0,1.0,16.0,67.0,12.0,46.0,67.0,67.0,10.0,7.0,0.0
12766,0.0,7.999805081635714,0.0,0.0,42.0,1.0,16.0,67.0,12.0,46.0,67.0,67.0,10.0,7.0,5.0,-1.5001860857009888,-0.5462390184402466,1.0,-1.9152750968933105,-1.7591370344161987,-61.788708753111884,0.0,7.453566063195467,0.0,0.0,43.0,1.0,17.0,68.0,13.0,47.0,68.0,68.0,11.0,8.0,0.0
12767,0.0,7.453566063195467,0.0,0.0,43.0,1.0,17.0,68.0,13.0,47.0,68.0,68.0,11.0,8.0,5.0,-1.5913772583007812,0.6778656840324402,5.0,-1.850838303565979,-1.2417265176773071,-64.18743162507758,0.0,8.131431747227907,0.0,0.0,44.0,2.0,18.0,69.0,14.0,48.0,69.0,69.0,12.0,9.0,0.0
12768,0.0,8.131431747227907,0.0,0.0,44.0,2.0,18.0,69.0,14.0,48.0,69.0,69.0,12.0,9.0,5.0,-1.7003270387649536,0.6738883256912231,5.0,-1.887254238128662,-1.7864089012145996,-67.00149182054054,0.0,8.80532007291913,0.0,0.0,45.0,3.0,19.0,70.0,15.0,49.0,70.0,70.0,13.0,10.0,0.0
12769,0.0,8.80532007291913,0.0,0.0,45.0,3.0,19.0,70.0,15.0,49.0,70.0,70.0,13.0,10.0,5.0,-1.582729697227478,-1.62734854221344,1.0,-1.9013309478759766,-0.7481477856636047,-65.31629877050227,0.0,7.17797153070569,0.0,0.0,46.0,1.0,20.0,71.0,16.0,50.0,71.0,71.0,14.0,11.0,0.0
12770,0.0,7.17797153070569,0.0,0.0,46.0,1.0,20.0,71.0,16.0,50.0,71.0,71.0,14.0,11.0,5.0,-1.0923926830291748,1.1188056468963623,5.0,-1.9500858783721924,-1.9505890607833862,-62.062331492899204,0.0,8.296777177602053,0.0,0.0,47.0,2.0,21.0,72.0,17.0,51.0,72.0,72.0,15.0,12.0,0.0
12771,0.0,8.296777177602053,0.0,0.0,47.0,2.0,21.0,72.0,17.0,51.0,72.0,72.0,15.0,12.0,8.0,-0.07363708317279816,1.238890290260315,1.0,-1.930985927581787,-0.22812369465827942,-41.61368184788353,0.0,9.535667467862368,0.0,0.0,48.0,1.0,22.0,73.0,18.0,52.0,73.0,73.0,1.0,13.0,0.0
12772,0.0,9.535667467862368,0.0,0.0,48.0,1.0,22.0,73.0,18.0,52.0,73.0,73.0,1.0,13.0,5.0,-1.3783239126205444,1.1172865629196167,2.0,-1.9624027013778687,1.4903614521026611,-68.88039179495456,0.0,10.0,0.0,1.4903614521026611,49.0,2.0,23.0,74.0,19.0,53.0,74.0,74.0,2.0,14.0,0.0
12773,0.0,10.0,0.0,1.4903614521026611,49.0,2.0,23.0,74.0,19.0,53.0,74.0,74.0,2.0,14.0,5.0,-0.44345957040786743,0.05825907737016678,5.0,-1.85209321975708,-1.9192215204238892,-59.10145064594484,0.0,10.0,0.0,0.0,50.0,3.0,24.0,75.0,20.0,54.0,75.0,75.0,3.0,15.0,0.0
12774,0.0,10.0,0.0,0.0,50.0,3.0,24.0,75.0,20.0,54.0,75.0,75.0,3.0,15.0,5.0,-1.1240590810775757,0.3605019152164459,5.0,-1.9710239171981812,-1.2954198122024536,-67.4332849278474,0.0,10.0,0.0,0.0,51.0,4.0,25.0,76.0,21.0,55.0,76.0,76.0,4.0,16.0,0.0
12775,0.0,10.0,0.0,0.0,51.0,4.0,25.0,76.0,21.0,55.0,76.0,76.0,4.0,16.0,5.0,0.329089492559433,-0.5523317456245422,1.0,-1.9889346361160278,-1.506508469581604,-54.96955737034519,0.329089492559433,9.447668254375458,0.0,0.0,52.0,1.0,26.0,77.0,22.0,56.0,77.0,77.0,5.0,17.0,0.0
12776,0.329089492559433,9.447668254375458,0.0,0.0,52.0,1.0,26.0,77.0,22.0,56.0,77.0,77.0,5.0,17.0,5.0,-1.6329988241195679,0.1474384367465973,5.0,-1.957557201385498,-1.0617454051971436,-69.66566916853452,0.0,9.595106691122055,0.0,0.0,53.0,2.0,27.0,78.0,23.0,57.0,78.0,78.0,6.0,18.0,0.0
12777,0.0,9.595106691122055,0.0,0.0,53.0,2.0,27.0,78.0,23.0,57.0,78.0,78.0,6.0,18.0,5.0,-0.40633639693260193,0.2200201004743576,2.0,-1.982799768447876,-1.899491310119629,-62.0108581022942,0.0,9.815126791596413,0.0,0.0,54.0,3.0,28.0,79.0,24.0,58.0,79.0,79.0,7.0,19.0,0.0
12778,0.0,9.815126791596413,0.0,0.0,54.0,3.0,28.0,79.0,24.0,58.0,79.0,79.0,7.0,19.0,8.0,-1.4283850193023682,1.276187777519226,5.0,-1.930418848991394,-1.8173102140426636,-64.8794314950963,0.0,10.0,0.0,0.0,55.0,4.0,29.0,80.0,25.0,59.0,80.0,80.0,1.0,20.0,0.0
12779,0.0,10.0,0.0,0.0,55.0,4.0,29.0,80.0,25.0,59.0,80.0,80.0,1.0,20.0,5.0,-1.8182554244995117,-0.8531932830810547,5.0,-1.9517590999603271,-0.5838881731033325,-76.50168516685514,0.0,9.146806716918945,0.0,0.0,56.0,5.0,30.0,81.0,26.0,60.0,81.0,81.0,2.0,21.0,0.0
12780,0.0,9.146806716918945,0.0,0.0,56.0,5.0,30.0,81.0,26.0,60.0,81.0,81.0,2.0,21.0,5.0,-0.348711758852005,0.5200364589691162,1.0,-1.9336469173431396,-1.9209681749343872,-63.51667849891166,0.0,9.666843175888062,0.0,0.0,57.0,1.0,31.0,82.0,27.0,61.0,82.0,82.0,3.0,22.0,0.0
12781,0.0,9.666843175888062,0.0,0.0,57.0,1.0,31.0,82.0,27.0,61.0,82.0,82.0,3.0,22.0,5.0,0.11725553125143051,-1.1606427431106567,2.0,-1.738102674484253,1.538638949394226,-58.75239617698719,0.11725553125143051,8.506200432777405,0.0,1.538638949394226,58.0,2.0,32.0,83.0,28.0,62.0,83.0,83.0,4.0,23.0,0.0
12782,0.11725553125143051,8.506200432777405,0.0,1.538638949394226,58.0,2.0,32.0,83.0,28.0,62.0,83.0,83.0,4.0,23.0,5.0,1.2621073722839355,1.478493332862854,2.0,-1.9826619625091553,-1.6553881168365479,-58.66534991249797,1.379362903535366,9.984693765640259,0.0,0.0,59.0,3.0,33.0,84.0,29.0,63.0,84.0,84.0,5.0,24.0,0.0
12783,1.379362903535366,9.984693765640259,0.0,0.0,59.0,3.0,33.0,84.0,29.0,63.0,84.0,84.0,5.0,24.0,5.0,-1.9917478561401367,0.7599337697029114,2.0,-1.7052990198135376,-1.5567320585250854,-72.6697328159166,0.0,10.0,0.0,0.0,60.0,4.0,34.0,85.0,30.0,64.0,85.0,85.0,6.0,25.0,0.0
12784,0.0,10.0,0.0,0.0,60.0,4.0,34.0,85.0,30.0,64.0,85.0,85.0,6.0,25.0,8.0,0.11654248088598251,-1.7113455533981323,2.0,-1.984734296798706,-1.9461225271224976,-50.78899881153076,0.11654248088598251,8.288654446601868,0.0,0.0,61.0,5.0,35.0,86.0,31.0,65.0,86.0,86.0,1.0,26.0,0.0
12785,0.11654248088598251,8.288654446601868,0.0,0.0,61.0,5.0,35.0,86.0,31.0,65.0,86.0,86.0,1.0,26.0,5.0,-0.25637224316596985,1.9759036302566528,5.0,-1.9758936166763306,-1.4055750370025635,-67.4211292949818,0.0,10.0,0.0,0.0,62.0,6.0,36.0,87.0,32.0,66.0,87.0,87.0,2.0,27.0,0.0
12786,0.0,10.0,0.0,0.0,62.0,6.0,36.0,87.0,32.0,66.0,87.0,87.0,2.0,27.0,5.0,-0.2277078777551651,-1.1445218324661255,2.0,-1.8371347188949585,-1.2687188386917114,-66.13485912210285,0.0,8.855478167533875,0.0,0.0,63.0,7.0,37.0,88.0,33.0,67.0,88.0,88.0,3.0,28.0,0.0
12787,0.0,8.855478167533875,0.0,0.0,63.0,7.0,37.0,88.0,33.0,67.0,88.0,88.0,3.0,28.0,5.0,-1.8942302465438843,1.8161802291870117,2.0,-1.9433848857879639,-1.7915050983428955,-86.52659373709622,0.0,10.0,0.0,0.0,64.0,8.0,38.0,89.0,34.0,68.0,89.0,89.0,4.0,29.0,0.0
12788,0.0,10.0,0.0,0.0,64.0,8.0,38.0,89.0,34.0,68.0,89.0,89.0,4.0,29.0,5.0,-1.9681403636932373,-1.3364934921264648,2.0,-1.8671581745147705,0.018484065309166908,-85.3154520265833,0.0,8.663506507873535,0.0,0.018484065309166908,65.0,9.0,39.0,90.0,35.0,69.0,90.0,90.0,5.0,30.0,0.0
12789,0.0,8.663506507873535,0.0,0.018484065309166908,65.0,9.0,39.0,90.0,35.0,69.0,90.0,90.0,5.0,30.0,5.0,-1.7791532278060913,0.41513592004776,4.0,-1.6133387088775635,-0.7985138893127441,-84.92375750656107,0.0,9.078642427921295,0.0,0.0,66.0,10.0,40.0,91.0,36.0,70.0,91.0,91.0,6.0,31.0,0.0
12790,0.0,9.078642427921295,0.0,0.0,66.0,10.0,40.0,91.0,36.0,70.0,91.0,91.0,6.0,31.0,5.0,-1.5889970064163208,1.091871738433838,2.0,-1.316696286201477,-1.9246914386749268,-85.409946974344,0.0,10.0,0.0,0.0,67.0,11.0,41.0,92.0,37.0,71.0,92.0,92.0,7.0,32.0,0.0
12791,0.0,10.0,0.0,0.0,67.0,11.0,41.0,92.0,37.0,71.0,92.0,92.0,7.0,32.0,5.0,-1.0242760181427002,-1.5263303518295288,2.0,-1.9649834632873535,-1.0826504230499268,-78.66679920924322,0.0,8.473669648170471,0.0,0.0,68.0,12.0,42.0,93.0,38.0,72.0,93.0,93.0,8.0,33.0,0.0
12792,0.0,8.473669648170471,0.0,0.0,68.0,12.0,42.0,93.0,38.0,72.0,93.0,93.0,8.0,33.0,8.0,-1.9390308856964111,1.579081654548645,5.0,-1.951507329940796,-1.948509931564331,-78.40123302131792,0.0,10.0,0.0,0.0,69.0,13.0,43.0,94.0,39.0,73.0,94.0,94.0,1.0,34.0,0.0
12793,0.0,10.0,0.0,0.0,69.0,13.0,43.0,94.0,39.0,73.0,94.0,94.0,1.0,34.0,5.0,-1.6102993488311768,-0.8112956881523132,2.0,-1.9424773454666138,-1.7011888027191162,-86.57625627918593,0.0,9.188704311847687,0.0,0.0,70.0,14.0,44.0,95.0,40.0,74.0,95.0,95.0,2.0,35.0,0.0
12794,0.0,9.188704311847687,0.0,0.0,70.0,14.0,44.0,95.0,40.0,74.0,95.0,95.0,2.0,35.0,8.0,0.11864852160215378,1.6997579336166382,5.0,-1.9276143312454224,-1.7325547933578491,-69.54343029596673,0.11864852160215378,10.0,0.0,0.0,71.0,15.0,45.0,96.0,41.0,75.0,96.0,96.0,1.0,36.0,0.0
12795,0.11864852160215378,10.0,0.0,0.0,71.0,15.0,45.0,96.0,41.0,75.0,96.0,96.0,1.0,36.0,5.0,-1.9011421203613281,0.5447496771812439,2.0,-1.819119930267334,-1.7885385751724243,-92.06751508893898,0.0,10.0,0.0,0.0,72.0,16.0,46.0,97.0,42.0,76.0,97.0,97.0,2.0,37.0,0.0
12796,0.0,10.0,0.0,0.0,72.0,16.0,46.0,97.0,42.0,76.0,97.0,97.0,2.0,37.0,5.0,0.1444798856973648,-1.7402267456054688,2.0,-1.9866799116134644,-1.964337706565857,-71.82332989784018,0.1444798856973648,8.259773254394531,0.0,0.0,73.0,17.0,47.0,98.0,43.0,77.0,98.0,98.0,3.0,38.0,0.0
12797,0.1444798856973648,8.259773254394531,0.0,0.0,73.0,17.0,47.0,98.0,43.0,77.0,98.0,98.0,3.0,38.0,5.0,0.17203620076179504,-0.9814363121986389,2.0,-1.9762080907821655,-1.5894544124603271,-71.53983536873022,0.31651608645915985,7.278336942195892,0.0,0.0,74.0,18.0,48.0,99.0,44.0,78.0,99.0,99.0,4.0,39.0,0.0
12798,0.31651608645915985,7.278336942195892,0.0,0.0,74.0,18.0,48.0,99.0,44.0,78.0,99.0,99.0,4.0,39.0,5.0,1.4192097187042236,0.8643202185630798,1.0,-1.9807679653167725,-1.8021198511123657,-62.17791340901534,1.7357258051633835,8.142657160758972,0.0,0.0,75.0,1.0,49.0,100.0,45.0,1.0,100.0,100.0,5.0,40.0,0.0
12799,1.7357258051633835,8.142657160758972,0.0,0.0,75.0,1.0,49.0,100.0,45.0,1.0,100.0,100.0,5.0,40.0,10.0,-1.9944534301757812,1.4756245613098145,4.0,-1.9975571632385254,1.709086298942566,-54.887276250123975,0.0,9.618281722068787,0.0,1.709086298942566,76.0,2.0,50.0,100.0,46.0,2.0,100.0,100.0,6.0,41.0,1.0
12800,3.7386856079101562,8.744877815246582,7.261725902557373,9.543407440185547,1.0,1.0,1.0,1.0,1.0,1.0,1.0,1.0,1.0,1.0,2.0,-1.9939703941345215,-1.3078279495239258,2.0,-1.992449402809143,-1.98674476146698,-5.58958062739989,1.7447152137756348,7.437049865722656,5.26927649974823,7.556662678718567,2.0,2.0,1.0,2.0,2.0,2.0,2.0,2.0,2.0,2.0,0.0
12801,1.7447152137756348,7.437049865722656,5.26927649974823,7.556662678718567,2.0,2.0,1.0,2.0,2.0,2.0,2.0,2.0,2.0,2.0,2.0,-1.9818270206451416,-1.485377311706543,4.0,-1.8520106077194214,-1.99174165725708,-12.04521158596555,0.0,5.951672554016113,3.4172658920288086,5.564921021461487,3.0,3.0,1.0,3.0,1.0,3.0,3.0,3.0,3.0,3.0,0.0
12802,0.0,5.951672554016113,3.4172658920288086,5.564921021461487,3.0,3.0,1.0,3.0,1.0,3.0,3.0,3.0,3.0,3.0,5.0,-1.9211444854736328,-1.0599454641342163,2.0,-1.7087082862854004,-1.9246162176132202,-34.16701192331147,0.0,4.891727089881897,1.7085576057434082,3.6403048038482666,4.0,4.0,1.0,4.0,2.0,4.0,4.0,4.0,4.0,4.0,0.0
12803,0.0,4.891727089881897,1.7085576057434082,3.6403048038482666,4.0,4.0,1.0,4.0,2.0,4.0,4.0,4.0,4.0,4.0,5.0,-0.6278426647186279,-0.8620126247406006,1.0,-0.7401268482208252,-1.918800711631775,-22.278102020155462,0.0,4.029714465141296,0.968430757522583,1.7215040922164917,5.0,1.0,2.0,5.0,3.0,5.0,5.0,5.0,5.0,5.0,0.0
12804,0.0,4.029714465141296,0.968430757522583,1.7215040922164917,5.0,1.0,2.0,5.0,3.0,5.0,5.0,5.0,5.0,5.0,5.0,-1.5091545581817627,-1.1302449703216553,2.0,-1.9128644466400146,-0.6407861113548279,-32.22919098431258,0.0,2.899469494819641,0.0,1.0807179808616638,6.0,2.0,3.0,6.0,4.0,6.0,6.0,6.0,6.0,6.0,0.0
12805,0.0,2.899469494819641,0.0,1.0807179808616638,6.0,2.0,3.0,6.0,4.0,6.0,6.0,6.0,6.0,6.0,8.0,-1.6991792917251587,-1.1251246929168701,2.0,-1.2009602785110474,-1.2919716835021973,-30.208177671613747,0.0,1.774344801902771,0.0,0.0,7.0,3.0,4.0,7.0,5.0,7.0,7.0,7.0,1.0,7.0,0.0
12806,0.0,1.774344801902771,0.0,0.0,7.0,3.0,4.0,7.0,5.0,7.0,7.0,7.0,1.0,7.0,8.0,-1.3952254056930542,-1.0543442964553833,0.0,-1.7856069803237915,0.08185704797506332,-30.11235499458126,0.0,0.7200005054473877,0.0,0.08185704797506332,1.0,4.0,5.0,8.0,6.0,8.0,8.0,8.0,1.0,8.0,0.0
12807,0.0,0.7200005054473877,0.0,0.08185704797506332,1.0,4.0,5.0,8.0,6.0,8.0,8.0,8.0,1.0,8.0,0.0,-0.10522731393575668,0.5937234163284302,4.0,-1.11668860912323,0.6138508915901184,-9.207651449841947,0.0,1.3137239217758179,0.0,0.6957079395651817,1.0,5.0,6.0,9.0,7.0,9.0,9.0,9.0,2.0,9.0,0.0
12808,0.0,1.3137239217758179,0.0,0.6957079395651817,1.0,5.0,6.0,9.0,7.0,9.0,9.0,9.0,2.0,9.0,5.0,-1.1682506799697876,-0.14706489443778992,2.0,-0.5943608283996582,-0.8794055581092834,-32.91390476666467,0.0,1.166659027338028,0.0,0.0,2.0,6.0,7.0,10.0,8.0,10.0,10.0,10.0,3.0,10.0,0.0
12809,0.0,1.166659027338028,0.0,0.0,2.0,6.0,7.0,10.0,8.0,10.0,10.0,10.0,3.0,10.0,9.0,-1.383960485458374,-0.08839727193117142,1.0,-1.4472607374191284,0.21238423883914948,-23.135781926097188,0.0,1.0782617554068565,0.0,0.21238423883914948,3.0,1.0,8.0,11.0,9.0,11.0,11.0,11.0,4.0,1.0,0.0
12810,0.0,1.0782617554068565,0.0,0.21238423883914948,3.0,1.0,8.0,11.0,9.0,11.0,11.0,11.0,4.0,1.0,10.0,-1.635474681854248,0.2933168411254883,4.0,-1.8012803792953491,-1.4866808652877808,-24.35474681854248,0.0,1.3715785965323448,0.0,0.0,4.0,2.0,9.0,12.0,10.0,12.0,12.0,12.0,5.0,2.0,0.0
12811,0.0,1.3715785965323448,0.0,0.0,4.0,2.0,9.0,12.0,10.0,12.0,12.0,12.0,5.0,2.0,8.0,-0.25388777256011963,0.8097071051597595,1.0,-1.9029051065444946,-0.30464115738868713,-18.05862960259005,0.0,2.1812857016921043,0.0,0.0,5.0,1.0,10.0,13.0,11.0,13.0,13.0,13.0,1.0,3.0,0.0
12812,0.0,2.1812857016921043,0.0,0.0,5.0,1.0,10.0,13.0,11.0,13.0,13.0,13.0,1.0,3.0,8.0,-1.812445878982544,1.4322015047073364,2.0,-1.7037261724472046,-0.8951420187950134,-32.30073095252267,0.0,3.6134872063994408,0.0,0.0,6.0,2.0,11.0,14.0,12.0,14.0,14.0,14.0,1.0,4.0,0.0
12813,0.0,3.6134872063994408,0.0,0.0,6.0,2.0,11.0,14.0,12.0,14.0,14.0,14.0,1.0,4.0,8.0,-1.6349036693572998,0.3960774540901184,6.0,-0.7643861174583435,-1.2059847116470337,-30.97242321676502,0.0,4.009564660489559,0.0,0.0,7.0,3.0,12.0,15.0,13.0,15.0,15.0,15.0,1.0,5.0,0.0
12814,0.0,4.009564660489559,0.0,0.0,7.0,3.0,12.0,15.0,13.0,15.0,15.0,15.0,1.0,5.0,8.0,-1.1078689098358154,-0.9460349678993225,4.0,-1.2445875406265259,-1.2790929079055786,-27.764440760580065,0.0,3.0635296925902367,0.0,0.0,8.0,4.0,13.0,16.0,14.0,16.0,16.0,16.0,1.0,6.0,0.0
12815,0.0,3.0635296925902367,0.0,0.0,8.0,4.0,13.0,16.0,14.0,16.0,16.0,16.0,1.0,6.0,5.0,-1.3759371042251587,-0.7123292684555054,4.0,-1.022733449935913,-0.17711956799030304,-38.20062261718272,0.0,2.3512004241347313,0.0,0.0,9.0,5.0,14.0,17.0,15.0,17.0,17.0,17.0,2.0,7.0,0.0
12816,0.0,2.3512004241347313,0.0,0.0,9.0,5.0,14.0,17.0,15.0,17.0,17.0,17.0,2.0,7.0,8.0,-1.5340700149536133,-1.508806824684143,5.0,-1.9143154621124268,0.8709513545036316,-37.64587721215479,0.0,0.8423935994505882,0.0,0.8709513545036316,10.0,6.0,15.0,18.0,16.0,18.0,18.0,18.0,1.0,8.0,0.0
12817,0.0,0.8423935994505882,0.0,0.8709513545036316,10.0,6.0,15.0,18.0,16.0,18.0,18.0,18.0,1.0,8.0,0.0,1.1240267753601074,-1.9019914865493774,8.0,-1.464338779449463,1.0193535089492798,-24.445216579620592,1.1240267753601074,0.0,0.0,1.8903048634529114,1.0,7.0,16.0,19.0,17.0,19.0,19.0,19.0,1.0,9.0,0.0
12818,1.1240267753601074,0.0,0.0,1.8903048634529114,1.0,7.0,16.0,19.0,17.0,19.0,19.0,19.0,1.0,9.0,10.0,-1.7340247631072998,1.7874011993408203,4.0,-0.36656710505485535,-1.9712857007980347,-19.799979877471923,0.0,1.7874011993408203,0.0,0.0,2.0,8.0,17.0,20.0,18.0,20.0,20.0,20.0,2.0,10.0,0.0
12819,0.0,1.7874011993408203,0.0,0.0,2.0,8.0,17.0,20.0,18.0,20.0,20.0,20.0,2.0,10.0,5.0,0.7399373054504395,-0.8357025980949402,1.0,-1.1412432193756104,-1.6501344442367554,-26.729134171966628,0.7399373054504395,0.9516986012458801,0.0,0.0,3.0,1.0,18.0,21.0,19.0,21.0,21.0,21.0,3.0,11.0,0.0
12820,0.7399373054504395,0.9516986012458801,0.0,0.0,3.0,1.0,18.0,21.0,19.0,21.0,21.0,21.0,3.0,11.0,8.0,-1.963729977607727,1.027754545211792,2.0,-1.8938250541687012,-0.0731658935546875,-34.19677454370707,0.0,1.9794531464576721,0.0,0.0,4.0,2.0,19.0,22.0,20.0,22.0,22.0,22.0,1.0,12.0,0.0
12821,0.0,1.9794531464576721,0.0,0.0,4.0,2.0,19.0,22.0,20.0,22.0,22.0,22.0,1.0,12.0,8.0,-1.8649656772613525,-0.9680851697921753,2.0,-1.7698003053665161,-0.2625919580459595,-43.310520330421035,0.0,1.0113679766654968,0.0,0.0,5.0,3.0,20.0,23.0,21.0,23.0,23.0,23.0,1.0,13.0,0.0
12822,0.0,1.0113679766654968,0.0,0.0,5.0,3.0,20.0,23.0,21.0,23.0,23.0,23.0,1.0,13.0,8.0,-0.47693508863449097,0.19438707828521729,2.0,-1.8263356685638428,-1.3185319900512695,-29.945066397728073,0.0,1.2057550549507141,0.0,0.0,6.0,4.0,21.0,24.0,22.0,24.0,24.0,24.0,1.0,14.0,0.0
12823,0.0,1.2057550549507141,0.0,0.0,6.0,4.0,21.0,24.0,22.0,24.0,24.0,24.0,1.0,14.0,8.0,-1.6538268327713013,0.42431965470314026,4.0,-1.6711207628250122,-0.5619604587554932,-41.81395187942103,0.0,1.6300747096538544,0.0,0.0,7.0,5.0,22.0,25.0,23.0,25.0,25.0,25.0,1.0,15.0,0.0
12824,0.0,1.6300747096538544,0.0,0.0,7.0,5.0,22.0,25.0,23.0,25.0,25.0,25.0,1.0,15.0,8.0,-1.4455394744873047,1.3052676916122437,4.0,-0.24743154644966125,0.5810447335243225,-38.51999008889331,0.0,2.935342401266098,0.0,0.5810447335243225,8.0,6.0,23.0,26.0,24.0,26.0,26.0,26.0,1.0,16.0,0.0
12825,0.0,2.935342401266098,0.0,0.5810447335243225,8.0,6.0,23.0,26.0,24.0,26.0,26.0,26.0,1.0,16.0,1.0,0.3697207570075989,1.341410756111145,0.0,-1.747397780418396,0.6100162863731384,-26.058205466457416,0.3697207570075989,4.276753157377243,0.0,1.191061019897461,1.0,1.0,24.0,27.0,25.0,27.0,27.0,27.0,2.0,17.0,0.0
12826,0.3697207570075989,4.276753157377243,0.0,1.191061019897461,1.0,1.0,24.0,27.0,25.0,27.0,27.0,27.0,2.0,17.0,8.0,-1.639849066734314,1.3320459127426147,4.0,-1.0213621854782104,1.7144538164138794,-34.49066244562998,0.0,5.608799070119858,0.0,2.9055148363113403,2.0,2.0,25.0,28.0,1.0,28.0,28.0,28.0,1.0,18.0,0.0
12827,0.0,5.608799070119858,0.0,2.9055148363113403,2.0,2.0,25.0,28.0,1.0,28.0,28.0,28.0,1.0,18.0,8.0,-1.5119987726211548,-0.8229187726974487,1.0,-1.7881696224212646,0.6918604373931885,-35.89678681899913,0.0,4.785880297422409,0.0,3.597375273704529,3.0,1.0,26.0,29.0,2.0,29.0,29.0,29.0,1.0,19.0,0.0
12828,0.0,4.785880297422409,0.0,3.597375273704529,3.0,1.0,26.0,29.0,2.0,29.0,29.0,29.0,1.0,19.0,8.0,-1.5984127521514893,-0.2354808896780014,1.0,-1.7189520597457886,0.9282135367393494,-37.66764978785925,0.0,4.550399407744408,0.0,4.525588810443878,4.0,1.0,27.0,30.0,3.0,30.0,30.0,30.0,1.0,20.0,0.0
12829,0.0,4.550399407744408,0.0,4.525588810443878,4.0,1.0,27.0,30.0,3.0,30.0,30.0,30.0,1.0,20.0,8.0,1.2326401472091675,0.18781159818172455,1.0,-1.6195770502090454,0.3307197093963623,-21.024292645407037,1.2326401472091675,4.738211005926132,0.0,4.8563085198402405,5.0,1.0,28.0,31.0,4.0,31.0,31.0,31.0,1.0,21.0,0.0
12830,1.2326401472091675,4.738211005926132,0.0,4.8563085198402405,5.0,1.0,28.0,31.0,4.0,31.0,31.0,31.0,1.0,21.0,5.0,-1.3271046876907349,0.928249716758728,1.0,-1.7732410430908203,1.5206612348556519,-31.767241738522323,0.0,5.66646072268486,0.0,6.376969754695892,6.0,2.0,29.0,32.0,5.0,32.0,32.0,32.0,2.0,22.0,0.0
12831,0.0,5.66646072268486,0.0,6.376969754695892,6.0,2.0,29.0,32.0,5.0,32.0,32.0,32.0,2.0,22.0,8.0,-1.5438443422317505,-1.5756741762161255,1.0,0.3710699677467346,-0.13284258544445038,-40.07496755993698,0.0,4.090786546468735,0.3710699677467346,6.244127169251442,7.0,1.0,30.0,33.0,6.0,33.0,33.0,33.0,1.0,23.0,0.0
12832,0.0,4.090786546468735,0.3710699677467346,6.244127169251442,7.0,1.0,30.0,33.0,6.0,33.0,33.0,33.0,1.0,23.0,8.0,-1.1758636236190796,0.8242913484573364,1.0,-1.63621187210083,-0.16395285725593567,-36.32931869103227,0.0,4.915077894926071,0.0,6.080174311995506,8.0,1.0,31.0,34.0,7.0,34.0,34.0,34.0,1.0,24.0,0.0
12833,0.0,4.915077894926071,0.0,6.080174311995506,8.0,1.0,31.0,34.0,7.0,34.0,34.0,34.0,1.0,24.0,8.0,0.36533668637275696,-0.7868620157241821,5.0,-1.788873314857483,-0.908291220664978,-25.66485436190758,0.36533668637275696,4.128215879201889,0.0,5.171883091330528,9.0,2.0,32.0,35.0,8.0,35.0,35.0,35.0,1.0,25.0,0.0
12834,0.36533668637275696,4.128215879201889,0.0,5.171883091330528,9.0,2.0,32.0,35.0,8.0,35.0,35.0,35.0,1.0,25.0,8.0,-1.4182095527648926,1.8661974668502808,2.0,-0.7218233942985535,-0.3545098900794983,-36.11508129566596,0.0,5.99441334605217,0.0,4.81737320125103,10.0,3.0,1.0,36.0,9.0,36.0,36.0,36.0,1.0,26.0,0.0
12835,0.0,5.99441334605217,0.0,4.81737320125103,10.0,3.0,1.0,36.0,9.0,36.0,36.0,36.0,1.0,26.0,5.0,-0.08086198568344116,1.5223361253738403,1.0,-1.859153151512146,1.160812497138977,-33.54414418163249,0.0,7.51674947142601,0.0,5.978185698390007,11.0,1.0,2.0,37.0,10.0,37.0,37.0,37.0,2.0,27.0,0.0
12836,0.0,7.51674947142601,0.0,5.978185698390007,11.0,1.0,2.0,37.0,10.0,37.0,37.0,37.0,2.0,27.0,5.0,0.08778984844684601,0.39495471119880676,5.0,-1.9064704179763794,-0.47279927134513855,-33.53771163655637,0.08778984844684601,7.911704182624817,0.0,5.5053864270448685,12.0,2.0,3.0,38.0,11.0,38.0,38.0,38.0,3.0,28.0,0.0
12837,0.08778984844684601,7.911704182624817,0.0,5.5053864270448685,12.0,2.0,3.0,38.0,11.0,38.0,38.0,38.0,3.0,28.0,5.0,-0.4216768443584442,0.18612803518772125,1.0,-1.8772051334381104,0.1258564442396164,-38.28008744882217,0.0,8.097832217812538,0.0,5.631242871284485,13.0,1.0,4.0,39.0,12.0,39.0,39.0,39.0,4.0,29.0,0.0
12838,0.0,8.097832217812538,0.0,5.631242871284485,13.0,1.0,4.0,39.0,12.0,39.0,39.0,39.0,4.0,29.0,5.0,0.22718364000320435,0.1435871571302414,5.0,-1.3469891548156738,-0.47155869007110596,-35.291674964025184,0.22718364000320435,8.24141937494278,0.0,5.159684181213379,14.0,2.0,5.0,40.0,13.0,40.0,40.0,40.0,5.0,30.0,0.0
12839,0.22718364000320435,8.24141937494278,0.0,5.159684181213379,14.0,2.0,5.0,40.0,13.0,40.0,40.0,40.0,5.0,30.0,5.0,0.539567232131958,-1.3026235103607178,1.0,-1.1953822374343872,-1.0904693603515625,-33.90712107911213,0.7667508721351624,6.938795864582062,0.0,4.069214820861816,15.0,1.0,6.0,41.0,14.0,41.0,41.0,41.0,6.0,31.0,0.0
12840,0.7667508721351624,6.938795864582062,0.0,4.069214820861816,15.0,1.0,6.0,41.0,14.0,41.0,41.0,41.0,6.0,31.0,5.0,0.8132790327072144,-1.0841856002807617,4.0,-1.8989768028259277,0.8487083315849304,-28.290533447367366,1.5800299048423767,5.8546102643013,0.0,4.917923152446747,16.0,2.0,7.0,42.0,1.0,1.0,42.0,42.0,7.0,32.0,0.0
12841,1.5800299048423767,5.8546102643013,0.0,4.917923152446747,16.0,2.0,7.0,42.0,1.0,1.0,42.0,42.0,7.0,32.0,9.0,-1.758622646331787,0.9312096238136292,1.0,-1.99403715133667,-0.4646865427494049,-22.131204409807317,0.0,6.785819888114929,0.0,4.453236609697342,17.0,1.0,8.0,43.0,2.0,2.0,43.0,43.0,8.0,1.0,0.0
12842,0.0,6.785819888114929,0.0,4.453236609697342,17.0,1.0,8.0,43.0,2.0,2.0,43.0,43.0,8.0,1.0,10.0,-1.5994280576705933,-0.2609420418739319,1.0,-1.928783893585205,1.4693613052368164,-33.79428057670593,0.0,6.524877846240997,0.0,5.922597914934158,18.0,1.0,9.0,44.0,3.0,3.0,44.0,44.0,9.0,2.0,0.0
12843,0.0,6.524877846240997,0.0,5.922597914934158,18.0,1.0,9.0,44.0,3.0,3.0,44.0,44.0,9.0,2.0,10.0,-1.769767165184021,-1.6021344661712646,10.0,-1.9416851997375488,1.0128347873687744,-36.39767165184021,0.0,4.922743380069733,0.0,6.935432702302933,19.0,2.0,10.0,45.0,4.0,4.0,45.0,45.0,10.0,3.0,0.0
12844,0.0,4.922743380069733,0.0,6.935432702302933,19.0,2.0,10.0,45.0,4.0,4.0,45.0,45.0,10.0,3.0,10.0,-1.5745960474014282,0.11100839823484421,1.0,-1.9412282705307007,0.10488897562026978,-35.445960474014285,0.0,5.033751778304577,0.0,7.0403216779232025,20.0,3.0,11.0,46.0,5.0,5.0,46.0,46.0,11.0,4.0,0.0
12845,0.0,5.033751778304577,0.0,7.0403216779232025,20.0,3.0,11.0,46.0,5.0,5.0,46.0,46.0,11.0,4.0,9.0,-1.3542767763137817,1.5925049781799316,1.0,-1.872126579284668,0.2776603698730469,-37.00472716305,0.0,6.6262567564845085,0.0,7.317982047796249,21.0,4.0,12.0,47.0,6.0,6.0,47.0,47.0,12.0,1.0,0.0
12846,0.0,6.6262567564845085,0.0,7.317982047796249,21.0,4.0,12.0,47.0,6.0,6.0,47.0,47.0,12.0,1.0,9.0,-1.5672935247421265,-1.7235534191131592,1.0,-1.9508477449417114,1.7889716625213623,-38.5578286458781,0.0,4.902703337371349,0.0,9.106953710317612,22.0,5.0,13.0,48.0,7.0,7.0,48.0,48.0,13.0,1.0,0.0
12847,0.0,4.902703337371349,0.0,9.106953710317612,22.0,5.0,13.0,48.0,7.0,7.0,48.0,48.0,13.0,1.0,9.0,-1.900814414024353,-1.8052070140838623,7.0,-1.8002084493637085,-0.9034808278083801,-42.23336749786699,0.0,3.097496323287487,0.0,8.203472882509232,23.0,6.0,14.0,49.0,8.0,8.0,49.0,49.0,14.0,1.0,0.0
12848,0.0,3.097496323287487,0.0,8.203472882509232,23.0,6.0,14.0,49.0,8.0,8.0,49.0,49.0,14.0,1.0,9.0,-1.935631275177002,1.2219294309616089,1.0,-1.9786486625671387,0.3667973577976227,-43.74989982152127,0.0,4.319425754249096,0.0,8.570270240306854,24.0,7.0,15.0,50.0,9.0,9.0,50.0,50.0,15.0,1.0,0.0
12849,0.0,4.319425754249096,0.0,8.570270240306854,24.0,7.0,15.0,50.0,9.0,9.0,50.0,50.0,15.0,1.0,8.0,-1.941665768623352,1.7895382642745972,1.0,-1.9594517946243286,0.2651975750923157,-44.85157975700659,0.0,6.108964018523693,0.0,8.83546781539917,25.0,8.0,16.0,51.0,10.0,10.0,51.0,51.0,1.0,2.0,0.0
12850,0.0,6.108964018523693,0.0,8.83546781539917,25.0,8.0,16.0,51.0,10.0,10.0,51.0,51.0,1.0,2.0,10.0,-1.6793609857559204,-1.3068106174468994,1.0,-1.923555612564087,-0.8685895800590515,-40.293609857559204,0.0,4.802153401076794,0.0,7.966878235340118,26.0,9.0,17.0,52.0,11.0,11.0,52.0,52.0,2.0,3.0,0.0
12851,0.0,4.802153401076794,0.0,7.966878235340118,26.0,9.0,17.0,52.0,11.0,11.0,52.0,52.0,2.0,3.0,10.0,-1.7035276889801025,-0.288625031709671,1.0,-1.9437718391418457,1.2993721961975098,-41.535276889801025,0.0,4.513528369367123,0.0,9.266250431537628,27.0,10.0,18.0,53.0,12.0,12.0,53.0,53.0,3.0,4.0,0.0
12852,0.0,4.513528369367123,0.0,9.266250431537628,27.0,10.0,18.0,53.0,12.0,12.0,53.0,53.0,3.0,4.0,10.0,-1.3159514665603638,-0.4115908741950989,1.0,-1.9569611549377441,-0.45757240056991577,-38.65951466560364,0.0,4.101937495172024,0.0,8.808678030967712,28.0,11.0,19.0,54.0,13.0,13.0,54.0,54.0,4.0,5.0,0.0
12853,0.0,4.101937495172024,0.0,8.808678030967712,28.0,11.0,19.0,54.0,13.0,13.0,54.0,54.0,4.0,5.0,9.0,-1.7433990240097046,0.8957083821296692,1.0,-1.5196377038955688,1.7547470331192017,-45.176281543017616,0.0,4.997645877301693,0.0,10.0,29.0,12.0,20.0,55.0,14.0,14.0,55.0,55.0,5.0,1.0,0.0
12854,0.0,4.997645877301693,0.0,10.0,29.0,12.0,20.0,55.0,14.0,14.0,55.0,55.0,5.0,1.0,10.0,-1.8940672874450684,-1.2971080541610718,10.0,-1.9842647314071655,1.6700180768966675,-45.940672874450684,0.0,3.700537823140621,0.0,10.0,30.0,13.0,21.0,56.0,15.0,15.0,56.0,56.0,6.0,2.0,0.0
12855,0.0,3.700537823140621,0.0,10.0,30.0,13.0,21.0,56.0,15.0,15.0,56.0,56.0,6.0,2.0,5.0,-1.8853744268417358,-1.061821460723877,1.0,-1.6731646060943604,-0.31470435857772827,-59.07172163307071,0.0,2.6387163624167442,0.0,9.685295641422272,31.0,14.0,22.0,57.0,16.0,16.0,57.0,57.0,7.0,3.0,0.0
12856,0.0,2.6387163624167442,0.0,9.685295641422272,31.0,14.0,22.0,57.0,16.0,16.0,57.0,57.0,7.0,3.0,10.0,-1.7611980438232422,1.0283198356628418,1.0,-1.6196383237838745,0.11468006670475006,-46.61198043823242,0.0,3.667036198079586,0.0,9.799975708127022,32.0,15.0,23.0,58.0,17.0,17.0,58.0,58.0,8.0,4.0,0.0
12857,0.0,3.667036198079586,0.0,9.799975708127022,32.0,15.0,23.0,58.0,17.0,17.0,58.0,58.0,8.0,4.0,9.0,0.1594260334968567,-1.0709619522094727,5.0,-1.8801432847976685,-0.09536571800708771,-30.62942358866586,0.1594260334968567,2.5960742458701134,0.0,9.704609990119934,33.0,16.0,24.0,59.0,18.0,18.0,59.0,59.0,9.0,1.0,0.0
12858,0.1594260334968567,2.5960742458701134,0.0,9.704609990119934,33.0,16.0,24.0,59.0,18.0,18.0,59.0,59.0,9.0,1.0,5.0,-1.5373953580856323,-1.1092413663864136,1.0,-1.7666488885879517,-1.0817744731903076,-57.646506444472664,0.0,1.4868328794836998,0.0,8.622835516929626,34.0,17.0,25.0,60.0,19.0,19.0,60.0,60.0,10.0,2.0,0.0
12859,0.0,1.4868328794836998,0.0,8.622835516929626,34.0,17.0,25.0,60.0,19.0,19.0,60.0,60.0,10.0,2.0,5.0,-1.2837563753128052,-0.8186269402503967,1.0,-1.8363476991653442,-0.7702897191047668,-58.699801919786566,0.0,0.6682059392333031,0.0,7.85254579782486,35.0,18.0,26.0,61.0,20.0,20.0,61.0,61.0,11.0,3.0,0.0
12860,0.0,0.6682059392333031,0.0,7.85254579782486,35.0,18.0,26.0,61.0,20.0,20.0,61.0,61.0,11.0,3.0,9.0,0.7374411225318909,1.6230909824371338,4.0,-1.9108659029006958,-1.2670912742614746,-33.01437544671519,0.7374411225318909,2.291296921670437,0.0,6.585454523563385,36.0,19.0,27.0,62.0,1.0,21.0,62.0,62.0,12.0,1.0,0.0
12861,0.7374411225318909,2.291296921670437,0.0,6.585454523563385,36.0,19.0,27.0,62.0,1.0,21.0,62.0,62.0,12.0,1.0,9.0,-1.9595710039138794,0.7653040885925293,1.0,-1.7724227905273438,-0.9250106811523438,-44.545545383346116,0.0,3.056601010262966,0.0,5.660443842411041,37.0,1.0,28.0,63.0,2.0,22.0,63.0,63.0,13.0,1.0,0.0
12862,0.0,3.056601010262966,0.0,5.660443842411041,37.0,1.0,28.0,63.0,2.0,22.0,63.0,63.0,13.0,1.0,5.0,-1.8756946325302124,0.39558812975883484,1.0,-1.9469560384750366,1.258561372756958,-60.78203268633342,0.0,3.452189140021801,0.0,6.919005215167999,38.0,2.0,29.0,64.0,3.0,23.0,64.0,64.0,14.0,2.0,0.0
12863,0.0,3.452189140021801,0.0,6.919005215167999,38.0,2.0,29.0,64.0,3.0,23.0,64.0,64.0,14.0,2.0,9.0,-1.7899545431137085,0.7742372155189514,2.0,-1.966559648513794,-1.0961827039718628,-50.35643427999966,0.0,4.226426355540752,0.0,5.8228225111961365,39.0,3.0,1.0,65.0,4.0,24.0,65.0,65.0,15.0,1.0,0.0
12864,0.0,4.226426355540752,0.0,5.8228225111961365,39.0,3.0,1.0,65.0,4.0,24.0,65.0,65.0,15.0,1.0,9.0,-1.922317624092102,1.5264453887939453,5.0,-1.9023977518081665,0.5311002731323242,-50.62156318123826,0.0,5.752871744334698,0.0,6.353922784328461,40.0,4.0,2.0,66.0,5.0,25.0,66.0,66.0,16.0,1.0,0.0
12865,0.0,5.752871744334698,0.0,6.353922784328461,40.0,4.0,2.0,66.0,5.0,25.0,66.0,66.0,16.0,1.0,5.0,-1.5692476034164429,-0.16118314862251282,7.0,-1.9075032472610474,-1.4138609170913696,-57.20049082028029,0.0,5.591688595712185,0.0,4.940061867237091,41.0,5.0,3.0,67.0,6.0,26.0,67.0,1.0,17.0,2.0,0.0
12866,0.0,5.591688595712185,0.0,4.940061867237091,41.0,5.0,3.0,67.0,6.0,26.0,67.0,1.0,17.0,2.0,9.0,-1.9958808422088623,0.1847047060728073,4.0,-1.9971429109573364,1.6138355731964111,-46.57735418584909,0.0,5.776393301784992,0.0,6.553897440433502,42.0,6.0,4.0,68.0,1.0,27.0,68.0,2.0,18.0,1.0,0.0
12867,0.0,5.776393301784992,0.0,6.553897440433502,42.0,6.0,4.0,68.0,1.0,27.0,68.0,2.0,18.0,1.0,9.0,-1.9941096305847168,0.21772554516792297,6.0,-1.9987767934799194,1.4911208152770996,-47.05438219464736,0.0,5.994118846952915,0.0,8.045018255710602,43.0,7.0,5.0,69.0,2.0,28.0,69.0,3.0,19.0,1.0,0.0
12868,0.0,5.994118846952915,0.0,8.045018255710602,43.0,7.0,5.0,69.0,2.0,28.0,69.0,3.0,19.0,1.0,9.0,-1.9961130619049072,1.3279229402542114,4.0,-1.9946117401123047,1.2336232662200928,-49.48028762665558,0.0,7.322041787207127,0.0,9.278641521930695,44.0,8.0,6.0,70.0,3.0,29.0,70.0,4.0,20.0,1.0,0.0
12869,0.0,7.322041787207127,0.0,9.278641521930695,44.0,8.0,6.0,70.0,3.0,29.0,70.0,4.0,20.0,1.0,9.0,-1.99393892288208,0.6104522347450256,6.0,-1.9983304738998413,-0.9298167824745178,-51.23421130669283,0.0,7.932494021952152,0.0,8.348824739456177,45.0,9.0,7.0,71.0,4.0,30.0,71.0,5.0,21.0,1.0,0.0
12870,0.0,7.932494021952152,0.0,8.348824739456177,45.0,9.0,7.0,71.0,4.0,30.0,71.0,5.0,21.0,1.0,9.0,-1.9977467060089111,1.5348901748657227,4.0,-1.998846173286438,-0.6566604971885681,-54.8844111042228,0.0,9.467384196817875,0.0,7.692164242267609,46.0,10.0,8.0,72.0,1.0,31.0,72.0,6.0,22.0,1.0,0.0
12871,0.0,9.467384196817875,0.0,7.692164242267609,46.0,10.0,8.0,72.0,1.0,31.0,72.0,6.0,22.0,1.0,8.0,-1.9987252950668335,1.111129641532898,4.0,-1.999071478843689,-0.4231959581375122,-50.11139538890296,0.0,10.0,0.0,7.268968284130096,47.0,11.0,9.0,73.0,1.0,32.0,73.0,7.0,1.0,2.0,0.0
12872,0.0,10.0,0.0,7.268968284130096,47.0,11.0,9.0,73.0,1.0,32.0,73.0,7.0,1.0,2.0,9.0,-1.9945406913757324,0.5599442720413208,4.0,-1.9992749691009521,0.46868017315864563,-55.8352413953726,0.0,10.0,0.0,7.737648457288742,48.0,12.0,10.0,74.0,2.0,33.0,74.0,8.0,2.0,1.0,0.0
12873,0.0,10.0,0.0,7.737648457288742,48.0,12.0,10.0,74.0,2.0,33.0,74.0,8.0,2.0,1.0,9.0,-1.9986051321029663,1.1538798809051514,1.0,-1.9996627569198608,0.44870322942733765,-59.09657757025887,0.0,10.0,0.0,8.18635168671608,49.0,13.0,11.0,75.0,3.0,34.0,75.0,9.0,3.0,1.0,0.0
12874,0.0,10.0,0.0,8.18635168671608,49.0,13.0,11.0,75.0,3.0,34.0,75.0,9.0,3.0,1.0,9.0,-1.9948437213897705,0.911863386631012,6.0,-1.9964441061019897,0.654191792011261,-58.85250551210136,0.0,10.0,0.0,8.84054347872734,50.0,14.0,12.0,76.0,4.0,35.0,76.0,10.0,4.0,1.0,0.0
12875,0.0,10.0,0.0,8.84054347872734,50.0,14.0,12.0,76.0,4.0,35.0,76.0,10.0,4.0,1.0,9.0,-1.9960968494415283,0.48946285247802734,4.0,-1.9994608163833618,1.8186986446380615,-58.37106499443876,0.0,10.0,0.0,10.0,51.0,15.0,13.0,77.0,5.0,36.0,77.0,11.0,5.0,1.0,0.0
12876,0.0,10.0,0.0,10.0,51.0,15.0,13.0,77.0,5.0,36.0,77.0,11.0,5.0,1.0,9.0,-1.9953670501708984,0.9104689359664917,4.0,-1.9975394010543823,0.7150084376335144,-60.65147292322061,0.0,10.0,0.0,10.0,52.0,16.0,14.0,78.0,6.0,37.0,78.0,12.0,6.0,1.0,0.0
12877,0.0,10.0,0.0,10.0,52.0,16.0,14.0,78.0,6.0,37.0,78.0,12.0,6.0,1.0,9.0,-1.9983412027359009,0.5131648182868958,4.0,-1.99895179271698,0.8391863703727722,-60.25053541299659,0.0,10.0,0.0,10.0,53.0,17.0,15.0,79.0,7.0,38.0,79.0,13.0,7.0,1.0,0.0
12878,0.0,10.0,0.0,10.0,53.0,17.0,15.0,79.0,7.0,38.0,79.0,13.0,7.0,1.0,9.0,-1.9981939792633057,1.6956567764282227,4.0,-1.9995931386947632,-0.7236875891685486,-66.72567863006094,0.0,10.0,0.0,9.276312410831451,54.0,18.0,16.0,80.0,8.0,39.0,80.0,14.0,8.0,1.0,0.0
12879,0.0,10.0,0.0,9.276312410831451,54.0,18.0,16.0,80.0,8.0,39.0,80.0,14.0,8.0,1.0,9.0,-1.9951239824295044,0.7873690724372864,4.0,-1.9989615678787231,-0.9663510322570801,-62.86745569870387,0.0,10.0,0.0,8.309961378574371,55.0,19.0,17.0,81.0,9.0,40.0,81.0,15.0,9.0,1.0,0.0
12880,0.0,10.0,0.0,8.309961378574371,55.0,19.0,17.0,81.0,9.0,40.0,81.0,15.0,9.0,1.0,9.0,-1.9962631464004517,0.27959567308425903,4.0,-1.9984887838363647,1.8308038711547852,-62.47623072077479,0.0,10.0,0.0,10.0,56.0,20.0,18.0,82.0,10.0,41.0,82.0,16.0,10.0,1.0,0.0
12881,0.0,10.0,0.0,10.0,56.0,20.0,18.0,82.0,10.0,41.0,82.0,16.0,10.0,1.0,9.0,-1.9941952228546143,0.420011430978775,4.0,-1.999036431312561,0.5706486701965332,-63.59821071172887,0.0,10.0,0.0,10.0,57.0,21.0,19.0,83.0,11.0,42.0,83.0,17.0,11.0,1.0,0.0
12882,0.0,10.0,0.0,10.0,57.0,21.0,19.0,83.0,11.0,42.0,83.0,17.0,11.0,1.0,9.0,-1.986587405204773,1.16750168800354,4.0,-1.9991073608398438,0.22060073912143707,-67.1612969729571,0.0,10.0,0.0,10.0,58.0,22.0,20.0,84.0,12.0,43.0,84.0,18.0,12.0,1.0,0.0
12883,0.0,10.0,0.0,10.0,58.0,22.0,20.0,84.0,12.0,43.0,84.0,18.0,12.0,1.0,9.0,-1.9886730909347534,0.6163862943649292,4.0,-1.9991551637649536,0.4264078736305237,-65.83881898761123,0.0,10.0,0.0,10.0,59.0,23.0,21.0,85.0,13.0,44.0,85.0,19.0,13.0,1.0,0.0
12884,0.0,10.0,0.0,10.0,59.0,23.0,21.0,85.0,13.0,44.0,85.0,19.0,13.0,1.0,9.0,-1.9786311388015747,0.4771907925605774,4.0,-1.9995038509368896,0.058161813765764236,-66.27235468305261,0.0,10.0,0.0,10.0,60.0,24.0,22.0,86.0,14.0,45.0,86.0,20.0,14.0,1.0,0.0
12885,0.0,10.0,0.0,10.0,60.0,24.0,22.0,86.0,14.0,45.0,86.0,20.0,14.0,1.0,9.0,-1.9822440147399902,0.6526333093643188,4.0,-1.9989181756973267,-0.9974775314331055,-67.68791761747899,0.0,10.0,0.0,9.002522468566895,61.0,25.0,23.0,87.0,15.0,46.0,87.0,21.0,15.0,1.0,0.0
12886,0.0,10.0,0.0,9.002522468566895,61.0,25.0,23.0,87.0,15.0,46.0,87.0,21.0,15.0,1.0,9.0,-1.9822337627410889,1.1631253957748413,4.0,-1.9987889528274536,0.3033244013786316,-70.70159442023458,0.0,10.0,0.0,9.305846869945526,62.0,26.0,24.0,88.0,16.0,47.0,88.0,22.0,16.0,1.0,0.0
12887,0.0,10.0,0.0,9.305846869945526,62.0,26.0,24.0,88.0,16.0,47.0,88.0,22.0,16.0,1.0,9.0,-1.8956440687179565,1.3824656009674072,4.0,-1.9997795820236206,0.003908152226358652,-72.08079929907817,0.0,10.0,0.0,9.309755022171885,63.0,27.0,25.0,89.0,17.0,48.0,89.0,23.0,17.0,1.0,0.0
12888,0.0,10.0,0.0,9.309755022171885,63.0,27.0,25.0,89.0,17.0,48.0,89.0,23.0,17.0,1.0,9.0,-1.9574227333068848,1.0901464223861694,4.0,-1.9992676973342896,-0.38980531692504883,-71.92393462121649,0.0,10.0,0.0,8.919949705246836,64.0,28.0,26.0,90.0,18.0,49.0,90.0,24.0,18.0,1.0,0.0
12889,0.0,10.0,0.0,8.919949705246836,64.0,28.0,26.0,90.0,18.0,49.0,90.0,24.0,18.0,1.0,9.0,-1.9313174486160278,1.4643586874008179,4.0,-1.9994653463363647,-0.3514898419380188,-74.65577426597574,0.0,10.0,0.0,8.568459863308817,65.0,29.0,27.0,91.0,19.0,50.0,91.0,25.0,19.0,1.0,0.0
12890,0.0,10.0,0.0,8.568459863308817,65.0,29.0,27.0,91.0,19.0,50.0,91.0,25.0,19.0,1.0,9.0,-1.9253276586532593,1.3045473098754883,8.0,-1.9997193813323975,0.7036168575286865,-74.57542705601688,0.0,10.0,0.0,9.272076720837504,66.0,30.0,28.0,92.0,20.0,51.0,92.0,26.0,1.0,1.0,0.0
12891,0.0,10.0,0.0,9.272076720837504,66.0,30.0,28.0,92.0,20.0,51.0,92.0,26.0,1.0,1.0,9.0,-1.942948818206787,1.7808171510696411,4.0,-1.9992685317993164,0.3185831308364868,-76.67469778359326,0.0,10.0,0.0,9.59065985167399,67.0,31.0,29.0,93.0,21.0,52.0,93.0,27.0,2.0,1.0,0.0
12892,0.0,10.0,0.0,9.59065985167399,67.0,31.0,29.0,93.0,21.0,52.0,93.0,27.0,2.0,1.0,9.0,-1.6929247379302979,1.1554315090179443,4.0,-1.9997681379318237,1.663114070892334,-71.71513051053856,0.0,10.0,0.0,10.0,68.0,32.0,30.0,94.0,22.0,53.0,94.0,28.0,3.0,1.0,0.0
12893,0.0,10.0,0.0,10.0,68.0,32.0,30.0,94.0,22.0,53.0,94.0,28.0,3.0,1.0,9.0,-1.8664509057998657,1.7579631805419922,4.0,-1.9992458820343018,0.6515462398529053,-77.75870617761944,0.0,10.0,0.0,10.0,69.0,33.0,31.0,95.0,23.0,54.0,95.0,29.0,4.0,1.0,0.0
12894,0.0,10.0,0.0,10.0,69.0,33.0,31.0,95.0,23.0,54.0,95.0,29.0,4.0,1.0,9.0,-1.5571719408035278,1.797749400138855,4.0,-1.9989668130874634,0.7339644432067871,-76.80254145326799,0.0,10.0,0.0,10.0,70.0,34.0,32.0,96.0,24.0,55.0,96.0,30.0,5.0,1.0,0.0
12895,0.0,10.0,0.0,10.0,70.0,34.0,32.0,96.0,24.0,55.0,96.0,30.0,5.0,1.0,9.0,-1.4157222509384155,1.7810653448104858,1.0,-1.999239444732666,-1.241832971572876,-76.67059224252407,0.0,10.0,0.0,8.758167028427124,71.0,35.0,33.0,97.0,25.0,56.0,97.0,31.0,6.0,1.0,0.0
12896,0.0,10.0,0.0,8.758167028427124,71.0,35.0,33.0,97.0,25.0,56.0,97.0,31.0,6.0,1.0,9.0,-1.8378220796585083,1.6297839879989624,4.0,-1.9986008405685425,1.7836817502975464,-79.3825156804044,0.0,10.0,0.0,10.0,72.0,36.0,34.0,98.0,26.0,57.0,98.0,32.0,7.0,1.0,0.0
12897,0.0,10.0,0.0,10.0,72.0,36.0,34.0,98.0,26.0,57.0,98.0,32.0,7.0,1.0,9.0,-1.2126708030700684,1.758095383644104,4.0,-1.998866319656372,1.0812156200408936,-77.07634783919838,0.0,10.0,0.0,10.0,73.0,37.0,35.0,99.0,27.0,58.0,99.0,33.0,8.0,1.0,0.0
12898,0.0,10.0,0.0,10.0,73.0,37.0,35.0,99.0,27.0,58.0,99.0,33.0,8.0,1.0,9.0,-1.3906220197677612,1.80574631690979,4.0,-1.9993798732757568,1.0630016326904297,-79.41030405604505,0.0,10.0,0.0,10.0,74.0,38.0,36.0,100.0,28.0,59.0,100.0,34.0,9.0,1.0,0.0
12899,0.0,10.0,0.0,10.0,74.0,38.0,36.0,100.0,28.0,59.0,100.0,34.0,9.0,1.0,9.0,-1.4391149282455444,1.685496211051941,4.0,-1.9994302988052368,-1.261922836303711,-79.48166780016707,0.0,10.0,0.0,8.738077163696289,75.0,39.0,37.0,100.0,29.0,60.0,100.0,35.0,10.0,1.0,1.0
12900,3.510655164718628,9.37174129486084,7.366472244262695,8.093379974365234,1.0,1.0,1.0,1.0,1.0,1.0,1.0,1.0,1.0,1.0,2.0,-1.9429986476898193,-1.4435731172561646,2.0,-1.9830982685089111,-1.9972689151763916,-5.959373801988587,1.5676565170288086,7.928168177604675,5.383373975753784,6.096111059188843,2.0,2.0,1.0,2.0,2.0,2.0,2.0,2.0,2.0,2.0,0.0
12901,1.5676565170288086,7.928168177604675,5.383373975753784,6.096111059188843,2.0,2.0,1.0,2.0,2.0,2.0,2.0,2.0,2.0,2.0,2.0,-1.959646463394165,-1.55330228805542,2.0,-1.892756462097168,-1.7976709604263306,-13.484222325341165,0.0,6.374865889549255,3.490617513656616,4.298440098762512,3.0,3.0,1.0,3.0,3.0,3.0,3.0,3.0,3.0,3.0,0.0
12902,0.0,6.374865889549255,3.490617513656616,4.298440098762512,3.0,3.0,1.0,3.0,3.0,3.0,3.0,3.0,3.0,3.0,2.0,-0.6949232816696167,-0.2486737221479416,2.0,-1.60089111328125,-1.8520151376724243,-17.47133153658434,0.0,6.126192167401314,1.8897264003753662,2.446424961090088,4.0,4.0,1.0,4.0,4.0,4.0,4.0,4.0,4.0,4.0,0.0
12903,0.0,6.126192167401314,1.8897264003753662,2.446424961090088,4.0,4.0,1.0,4.0,4.0,4.0,4.0,4.0,4.0,4.0,8.0,-1.8635883331298828,-1.9315868616104126,0.0,-0.6078093647956848,-1.8483574390411377,-27.264356614397204,0.0,4.194605305790901,1.2819170355796814,0.5980675220489502,1.0,5.0,2.0,5.0,5.0,5.0,5.0,5.0,1.0,5.0,0.0
12904,0.0,4.194605305790901,1.2819170355796814,0.5980675220489502,1.0,5.0,2.0,5.0,5.0,5.0,5.0,5.0,1.0,5.0,8.0,0.5990960597991943,-0.06289505958557129,10.0,-1.5956984758377075,-0.6510928869247437,-8.506286138778686,0.5990960597991943,4.13171024620533,0.0,0.0,2.0,6.0,3.0,6.0,6.0,6.0,6.0,6.0,1.0,6.0,0.0
12905,0.5990960597991943,4.13171024620533,0.0,0.0,2.0,6.0,3.0,6.0,6.0,6.0,6.0,6.0,1.0,6.0,5.0,-0.7944855093955994,-1.792701005935669,0.0,-0.8087936639785767,-0.5254775881767273,-20.20517962858644,0.0,2.339009240269661,0.0,0.0,1.0,7.0,4.0,7.0,7.0,7.0,7.0,7.0,2.0,7.0,0.0
12906,0.0,2.339009240269661,0.0,0.0,1.0,7.0,4.0,7.0,7.0,7.0,7.0,7.0,2.0,7.0,5.0,-0.9502938985824585,0.47801950573921204,0.0,-1.5901025533676147,-1.3458997011184692,-28.19532032766608,0.0,2.817028746008873,0.0,0.0,1.0,8.0,5.0,8.0,8.0,8.0,8.0,8.0,3.0,8.0,0.0
12907,0.0,2.817028746008873,0.0,0.0,1.0,8.0,5.0,8.0,8.0,8.0,8.0,8.0,3.0,8.0,5.0,-0.11181636154651642,-1.8931043148040771,0.0,0.8422528505325317,-0.940893292427063,-22.54714438205718,0.0,0.9239244312047958,0.8422528505325317,0.0,1.0,9.0,6.0,9.0,9.0,9.0,9.0,9.0,4.0,9.0,0.0
12908,0.0,0.9239244312047958,0.8422528505325317,0.0,1.0,9.0,6.0,9.0,9.0,9.0,9.0,9.0,4.0,9.0,1.0,0.9580183625221252,-1.1741255521774292,1.0,1.207653284072876,-1.4823030233383179,-16.784120236407404,0.9580183625221252,0.0,2.0499061346054077,0.0,2.0,1.0,7.0,10.0,10.0,10.0,10.0,10.0,5.0,10.0,0.0
12909,0.9580183625221252,0.0,2.0499061346054077,0.0,2.0,1.0,7.0,10.0,10.0,10.0,10.0,10.0,5.0,10.0,8.0,-1.3373123407363892,0.1457318663597107,5.0,-1.6972224712371826,-1.1223212480545044,-23.311155048271573,0.0,0.1457318663597107,0.3526836633682251,0.0,3.0,2.0,8.0,11.0,11.0,11.0,11.0,11.0,6.0,11.0,0.0
12910,0.0,0.1457318663597107,0.3526836633682251,0.0,3.0,2.0,8.0,11.0,11.0,11.0,11.0,11.0,6.0,11.0,0.0,0.7432222962379456,-0.05807793140411377,4.0,-0.6374074220657349,0.38797977566719055,-10.45360388680481,0.7432222962379456,0.08765393495559692,0.0,0.38797977566719055,1.0,3.0,9.0,12.0,12.0,12.0,12.0,12.0,7.0,12.0,0.0
12911,0.7432222962379456,0.08765393495559692,0.0,0.38797977566719055,1.0,3.0,9.0,12.0,12.0,12.0,12.0,12.0,7.0,12.0,8.0,1.3747243881225586,-0.508905827999115,4.0,1.3063116073608398,-1.6892192363739014,-23.13529825628617,2.117946684360504,0.0,1.3063116073608398,0.0,2.0,4.0,10.0,13.0,1.0,13.0,13.0,13.0,1.0,13.0,0.0
12912,2.117946684360504,0.0,1.3063116073608398,0.0,2.0,4.0,10.0,13.0,1.0,13.0,13.0,13.0,1.0,13.0,9.0,-1.7754812240600586,1.2940949201583862,1.0,-0.1783476322889328,-0.6738547682762146,-9.327585451871029,0.34246546030044556,1.2940949201583862,1.127963975071907,0.0,3.0,1.0,11.0,14.0,2.0,14.0,14.0,14.0,2.0,1.0,0.0
12913,0.34246546030044556,1.2940949201583862,1.127963975071907,0.0,3.0,1.0,11.0,14.0,2.0,14.0,14.0,14.0,2.0,1.0,5.0,-1.1482024192810059,1.2984681129455566,4.0,-1.2937073707580566,0.31313496828079224,-28.90946126599014,0.0,2.592563033103943,0.0,0.31313496828079224,4.0,2.0,12.0,15.0,3.0,15.0,15.0,15.0,3.0,2.0,0.0
12914,0.0,2.592563033103943,0.0,0.31313496828079224,4.0,2.0,12.0,15.0,3.0,15.0,15.0,15.0,3.0,2.0,8.0,-0.5825068354606628,-1.9756195545196533,2.0,-0.4415772259235382,-0.8595588803291321,-25.103420751542146,0.0,0.6169434785842896,0.0,0.0,5.0,3.0,13.0,16.0,4.0,16.0,16.0,16.0,1.0,3.0,0.0
12915,0.0,0.6169434785842896,0.0,0.0,5.0,3.0,13.0,16.0,4.0,16.0,16.0,16.0,1.0,3.0,8.0,0.012835386209189892,1.5194501876831055,4.0,-1.6220691204071045,-0.9739042520523071,-17.278191956911932,0.012835386209189892,2.136393666267395,0.0,0.0,6.0,4.0,14.0,17.0,5.0,17.0,17.0,17.0,1.0,4.0,0.0
12916,0.012835386209189892,2.136393666267395,0.0,0.0,6.0,4.0,14.0,17.0,5.0,17.0,17.0,17.0,1.0,4.0,5.0,-0.3276216983795166,0.7123101949691772,7.0,-0.3407949209213257,-1.089311122894287,-26.418964758585325,0.0,2.8487038612365723,0.0,0.0,7.0,5.0,15.0,18.0,6.0,18.0,18.0,1.0,2.0,5.0,0.0
12917,0.0,2.8487038612365723,0.0,0.0,7.0,5.0,15.0,18.0,6.0,18.0,18.0,1.0,2.0,5.0,9.0,-1.739220142364502,1.6468864679336548,4.0,-1.9369664192199707,-0.748703122138977,-28.862653940714683,0.0,4.495590329170227,0.0,0.0,8.0,6.0,16.0,19.0,7.0,19.0,19.0,2.0,3.0,1.0,0.0
12918,0.0,4.495590329170227,0.0,0.0,8.0,6.0,16.0,19.0,7.0,19.0,19.0,2.0,3.0,1.0,8.0,-1.5022454261779785,0.7292845249176025,4.0,-1.883920669555664,-1.7040998935699463,-29.159764398361872,0.0,5.22487485408783,0.0,0.0,9.0,7.0,17.0,20.0,8.0,20.0,20.0,3.0,1.0,2.0,0.0
12919,0.0,5.22487485408783,0.0,0.0,9.0,7.0,17.0,20.0,8.0,20.0,20.0,3.0,1.0,2.0,8.0,-1.641929268836975,1.0002073049545288,0.0,-1.906855821609497,-0.5404224991798401,-30.906232091054527,0.0,6.225082159042358,0.0,0.0,1.0,8.0,18.0,21.0,9.0,21.0,21.0,4.0,1.0,3.0,0.0
12920,0.0,6.225082159042358,0.0,0.0,1.0,8.0,18.0,21.0,9.0,21.0,21.0,4.0,1.0,3.0,8.0,-1.7319440841674805,1.4996578693389893,0.0,-1.8262104988098145,0.22904326021671295,-31.562269594130115,0.0,7.724740028381348,0.0,0.22904326021671295,1.0,9.0,19.0,22.0,10.0,22.0,22.0,5.0,1.0,4.0,0.0
12921,0.0,7.724740028381348,0.0,0.22904326021671295,1.0,9.0,19.0,22.0,10.0,22.0,22.0,5.0,1.0,4.0,8.0,-1.402571439743042,0.5870587229728699,0.0,-1.7636473178863525,1.4004794359207153,-29.16286206539896,0.0,8.311798751354218,0.0,1.6295226961374283,1.0,10.0,20.0,23.0,11.0,23.0,23.0,6.0,1.0,5.0,0.0
12922,0.0,8.311798751354218,0.0,1.6295226961374283,1.0,10.0,20.0,23.0,11.0,23.0,23.0,6.0,1.0,5.0,8.0,-1.0098187923431396,0.5749204754829407,2.0,-1.9426977634429932,-0.5099864602088928,-26.231251406613772,0.0,8.886719226837158,0.0,1.1195362359285355,2.0,11.0,21.0,24.0,12.0,24.0,24.0,7.0,1.0,6.0,0.0
12923,0.0,8.886719226837158,0.0,1.1195362359285355,2.0,11.0,21.0,24.0,12.0,24.0,24.0,7.0,1.0,6.0,8.0,-1.7333024740219116,-0.7615542411804199,0.0,-1.961382508277893,-0.9472344517707825,-34.12860358540925,0.0,8.125164985656738,0.0,0.172301784157753,1.0,12.0,22.0,25.0,13.0,25.0,25.0,8.0,1.0,7.0,0.0
12924,0.0,8.125164985656738,0.0,0.172301784157753,1.0,12.0,22.0,25.0,13.0,25.0,25.0,8.0,1.0,7.0,8.0,-1.538573980331421,0.9782392382621765,0.0,-1.8903801441192627,0.17274567484855652,-33.21923009463276,0.0,9.103404223918915,0.0,0.3450474590063095,1.0,13.0,23.0,26.0,14.0,26.0,26.0,9.0,1.0,8.0,0.0
12925,0.0,9.103404223918915,0.0,0.3450474590063095,1.0,13.0,23.0,26.0,14.0,26.0,26.0,9.0,1.0,8.0,8.0,-1.5481257438659668,1.217651605606079,0.0,-1.7059013843536377,-1.6692804098129272,-35.01441148044583,0.0,10.0,0.0,0.0,1.0,14.0,24.0,27.0,15.0,27.0,27.0,10.0,1.0,9.0,0.0
12926,0.0,10.0,0.0,0.0,1.0,14.0,24.0,27.0,15.0,27.0,27.0,10.0,1.0,9.0,8.0,-1.412574291229248,-1.0171211957931519,0.0,-1.9546563625335693,-1.796158790588379,-33.5015769922272,0.0,8.982878804206848,0.0,0.0,1.0,15.0,25.0,28.0,16.0,28.0,28.0,11.0,1.0,10.0,0.0
12927,0.0,8.982878804206848,0.0,0.0,1.0,15.0,25.0,28.0,16.0,28.0,28.0,11.0,1.0,10.0,8.0,-1.4406468868255615,-0.812432050704956,1.0,-1.9249885082244873,0.9938156604766846,-34.3111411898942,0.0,8.170446753501892,0.0,0.9938156604766846,2.0,1.0,26.0,29.0,17.0,29.0,29.0,12.0,1.0,11.0,0.0
12928,0.0,8.170446753501892,0.0,0.9938156604766846,2.0,1.0,26.0,29.0,17.0,29.0,29.0,12.0,1.0,11.0,8.0,-1.9895416498184204,1.7857961654663086,7.0,-1.6114232540130615,0.8378730416297913,-40.065551536116324,0.0,9.9562429189682,0.0,1.8316887021064758,3.0,2.0,27.0,30.0,18.0,30.0,30.0,1.0,1.0,12.0,0.0
12929,0.0,9.9562429189682,0.0,1.8316887021064758,3.0,2.0,27.0,30.0,18.0,30.0,30.0,1.0,1.0,12.0,8.0,-1.966163992881775,1.930532693862915,4.0,-1.931198000907898,-0.012706346809864044,-47.15392992615652,0.0,10.0,0.0,1.8189823552966118,4.0,3.0,28.0,31.0,19.0,31.0,31.0,2.0,1.0,13.0,0.0
12930,0.0,10.0,0.0,1.8189823552966118,4.0,3.0,28.0,31.0,19.0,31.0,31.0,2.0,1.0,13.0,8.0,-1.984670639038086,1.8930082321166992,4.0,-1.9872472286224365,1.26273512840271,-48.23073983177235,0.0,10.0,0.0,3.0817174836993217,5.0,4.0,29.0,32.0,1.0,32.0,32.0,3.0,1.0,14.0,0.0
12931,0.0,10.0,0.0,3.0817174836993217,5.0,4.0,29.0,32.0,1.0,32.0,32.0,3.0,1.0,14.0,8.0,-1.9665212631225586,1.8973042964935303,0.0,-1.8813215494155884,1.9277235269546509,-47.12950611361185,0.0,10.0,0.0,5.009441010653973,1.0,5.0,30.0,33.0,2.0,33.0,33.0,4.0,1.0,15.0,0.0
12932,0.0,10.0,0.0,5.009441010653973,1.0,5.0,30.0,33.0,2.0,33.0,33.0,4.0,1.0,15.0,8.0,-1.966926097869873,1.9722979068756104,2.0,-1.9878135919570923,0.8677935600280762,-48.05829596281821,0.0,10.0,0.0,5.877234570682049,2.0,6.0,1.0,34.0,3.0,34.0,34.0,5.0,1.0,16.0,0.0
12933,0.0,10.0,0.0,5.877234570682049,2.0,6.0,1.0,34.0,3.0,34.0,34.0,5.0,1.0,16.0,5.0,-1.316862940788269,1.9924323558807373,10.0,-1.9641640186309814,-0.07274121046066284,-53.7116197973715,0.0,10.0,0.0,5.804493360221386,3.0,7.0,2.0,35.0,4.0,35.0,35.0,6.0,2.0,17.0,0.0
12934,0.0,10.0,0.0,5.804493360221386,3.0,7.0,2.0,35.0,4.0,35.0,35.0,6.0,2.0,17.0,8.0,-1.746588110923767,1.9833732843399048,10.0,-1.8948532342910767,1.6924108266830444,-45.431651192212584,0.0,10.0,0.0,7.49690418690443,4.0,8.0,3.0,36.0,5.0,36.0,36.0,7.0,1.0,18.0,0.0
12935,0.0,10.0,0.0,7.49690418690443,4.0,8.0,3.0,36.0,5.0,36.0,36.0,7.0,1.0,18.0,8.0,-1.9253458976745605,1.9944628477096558,10.0,-1.989820957183838,1.0111334323883057,-47.6252919422989,0.0,10.0,0.0,8.508037619292736,5.0,9.0,4.0,37.0,6.0,37.0,37.0,8.0,1.0,19.0,0.0
12936,0.0,10.0,0.0,8.508037619292736,5.0,9.0,4.0,37.0,6.0,37.0,37.0,8.0,1.0,19.0,8.0,-1.4446451663970947,1.9942471981048584,10.0,-1.9624276161193848,-0.2914608120918274,-45.42898409826507,0.0,10.0,0.0,8.216576807200909,6.0,10.0,5.0,38.0,7.0,38.0,38.0,9.0,1.0,20.0,0.0
12937,0.0,10.0,0.0,8.216576807200909,6.0,10.0,5.0,38.0,7.0,38.0,38.0,9.0,1.0,20.0,5.0,-1.8595325946807861,1.9937548637390137,10.0,-1.8780301809310913,0.696812629699707,-60.69213190203708,0.0,10.0,0.0,8.913389436900616,7.0,11.0,6.0,39.0,8.0,39.0,39.0,10.0,2.0,21.0,0.0
12938,0.0,10.0,0.0,8.913389436900616,7.0,11.0,6.0,39.0,8.0,39.0,39.0,10.0,2.0,21.0,5.0,-1.8465362787246704,1.9921040534973145,10.0,-1.9809578657150269,1.5565510988235474,-61.59154585868654,0.0,10.0,0.0,10.0,8.0,12.0,7.0,40.0,9.0,40.0,40.0,11.0,3.0,22.0,0.0
12939,0.0,10.0,0.0,10.0,8.0,12.0,7.0,40.0,9.0,40.0,40.0,11.0,3.0,22.0,8.0,-1.7178593873977661,1.9984062910079956,10.0,-1.9410161972045898,1.0776703357696533,-49.85648909636522,0.0,10.0,0.0,10.0,9.0,13.0,8.0,41.0,10.0,41.0,41.0,12.0,1.0,23.0,0.0
12940,0.0,10.0,0.0,10.0,9.0,13.0,8.0,41.0,10.0,41.0,41.0,12.0,1.0,23.0,5.0,0.04252079129219055,1.9938158988952637,1.0,-1.9910978078842163,-1.5044264793395996,-55.955146946639985,0.04252079129219055,10.0,0.0,8.4955735206604,10.0,14.0,9.0,42.0,11.0,42.0,42.0,13.0,2.0,24.0,0.0
12941,0.04252079129219055,10.0,0.0,8.4955735206604,10.0,14.0,9.0,42.0,11.0,42.0,42.0,13.0,2.0,24.0,5.0,-0.5610432028770447,1.9800435304641724,2.0,-1.9765230417251587,0.680884599685669,-57.59686636142612,0.0,10.0,0.0,9.17645812034607,11.0,15.0,1.0,43.0,12.0,43.0,43.0,14.0,3.0,25.0,0.0
12942,0.0,10.0,0.0,9.17645812034607,11.0,15.0,1.0,43.0,12.0,43.0,43.0,14.0,3.0,25.0,5.0,-0.6183663606643677,1.946682333946228,10.0,-1.9055217504501343,-0.6461296677589417,-57.65409960606459,0.0,10.0,0.0,8.530328452587128,12.0,16.0,2.0,44.0,13.0,44.0,44.0,15.0,4.0,26.0,0.0
12943,0.0,10.0,0.0,8.530328452587128,12.0,16.0,2.0,44.0,13.0,44.0,44.0,15.0,4.0,26.0,5.0,-1.353855848312378,1.9871798753738403,10.0,-1.9919627904891968,1.3951810598373413,-62.27414356113853,0.0,10.0,0.0,9.925509512424469,13.0,17.0,3.0,45.0,14.0,45.0,45.0,16.0,5.0,27.0,0.0
12944,0.0,10.0,0.0,9.925509512424469,13.0,17.0,3.0,45.0,14.0,45.0,45.0,16.0,5.0,27.0,5.0,-1.3407520055770874,1.9871853590011597,4.0,-1.9806857109069824,-0.8285815715789795,-63.200653536197436,0.0,10.0,0.0,9.09692794084549,14.0,18.0,4.0,46.0,15.0,46.0,46.0,17.0,6.0,28.0,0.0
12945,0.0,10.0,0.0,9.09692794084549,14.0,18.0,4.0,46.0,15.0,46.0,46.0,17.0,6.0,28.0,5.0,-1.0663399696350098,1.9663177728652954,1.0,-1.9666672945022583,1.462526559829712,-62.59722450034788,0.0,10.0,0.0,10.0,15.0,19.0,5.0,47.0,16.0,47.0,47.0,18.0,7.0,29.0,0.0
12946,0.0,10.0,0.0,10.0,15.0,19.0,5.0,47.0,16.0,47.0,47.0,18.0,7.0,29.0,5.0,-0.2853335738182068,1.962920904159546,4.0,-1.9884339570999146,0.9154648780822754,-61.06425786930953,0.0,10.0,0.0,10.0,16.0,20.0,6.0,48.0,17.0,48.0,48.0,19.0,8.0,30.0,0.0
12947,0.0,10.0,0.0,10.0,16.0,20.0,6.0,48.0,17.0,48.0,48.0,19.0,8.0,30.0,5.0,0.6535499691963196,1.9725561141967773,5.0,-1.8892273902893066,-0.2888040542602539,-60.29841174528213,0.6535499691963196,10.0,0.0,9.711195945739746,17.0,21.0,7.0,49.0,18.0,49.0,49.0,20.0,9.0,31.0,0.0
12948,0.6535499691963196,10.0,0.0,9.711195945739746,17.0,21.0,7.0,49.0,18.0,49.0,49.0,20.0,9.0,31.0,5.0,-0.6980228424072266,1.9803861379623413,0.0,-1.9364560842514038,-0.9770525693893433,-63.037604312869874,0.0,10.0,0.0,8.734143376350403,1.0,22.0,8.0,50.0,19.0,50.0,50.0,21.0,10.0,32.0,0.0
12949,0.0,10.0,0.0,8.734143376350403,1.0,22.0,8.0,50.0,19.0,50.0,50.0,21.0,10.0,32.0,5.0,-0.9379145503044128,1.9646648168563843,10.0,-1.905065655708313,1.3040385246276855,-64.2993529918008,0.0,10.0,0.0,10.0,2.0,23.0,9.0,51.0,20.0,51.0,51.0,22.0,11.0,33.0,0.0
12950,0.0,10.0,0.0,10.0,2.0,23.0,9.0,51.0,20.0,51.0,51.0,22.0,11.0,33.0,5.0,-1.730404019355774,1.9716676473617554,1.0,-1.8641712665557861,0.658098578453064,-69.7618805448962,0.0,10.0,0.0,10.0,3.0,24.0,10.0,52.0,21.0,52.0,52.0,23.0,12.0,34.0,0.0
12951,0.0,10.0,0.0,10.0,3.0,24.0,10.0,52.0,21.0,52.0,52.0,23.0,12.0,34.0,5.0,-0.7478655576705933,1.962770700454712,4.0,-1.9195598363876343,1.3549457788467407,-65.53296794524479,0.0,10.0,0.0,10.0,4.0,25.0,11.0,53.0,22.0,53.0,53.0,24.0,13.0,35.0,0.0
12952,0.0,10.0,0.0,10.0,4.0,25.0,11.0,53.0,22.0,53.0,53.0,24.0,13.0,35.0,5.0,-0.97945237159729,1.8902816772460938,1.0,-1.794933557510376,0.19347628951072693,-66.81839952168039,0.0,10.0,0.0,10.0,5.0,26.0,12.0,54.0,23.0,54.0,54.0,25.0,14.0,36.0,0.0
12953,0.0,10.0,0.0,10.0,5.0,26.0,12.0,54.0,23.0,54.0,54.0,25.0,14.0,36.0,5.0,-0.8515226244926453,1.922976016998291,1.0,-1.972528338432312,0.6254836916923523,-67.55950733770293,0.0,10.0,0.0,10.0,6.0,27.0,13.0,55.0,24.0,55.0,55.0,26.0,15.0,37.0,0.0
12954,0.0,10.0,0.0,10.0,6.0,27.0,13.0,55.0,24.0,55.0,55.0,26.0,15.0,37.0,5.0,-0.8491389751434326,1.9086281061172485,1.0,-1.4395016431808472,0.08350232243537903,-68.41869553982454,0.0,10.0,0.0,10.0,7.0,28.0,14.0,56.0,25.0,56.0,56.0,27.0,16.0,38.0,0.0
12955,0.0,10.0,0.0,10.0,7.0,28.0,14.0,56.0,25.0,56.0,56.0,27.0,16.0,38.0,5.0,-0.6068263053894043,1.9331722259521484,1.0,-1.9606869220733643,0.8734822869300842,-68.79051946889224,0.0,10.0,0.0,10.0,8.0,29.0,15.0,57.0,26.0,57.0,57.0,28.0,17.0,39.0,0.0
12956,0.0,10.0,0.0,10.0,8.0,29.0,15.0,57.0,26.0,57.0,57.0,28.0,17.0,39.0,5.0,-0.3552531898021698,1.8720883131027222,1.0,-1.6250929832458496,0.18333138525485992,-68.58372174209507,0.0,10.0,0.0,10.0,9.0,30.0,16.0,58.0,27.0,58.0,58.0,29.0,18.0,40.0,0.0
12957,0.0,10.0,0.0,10.0,9.0,30.0,16.0,58.0,27.0,58.0,58.0,29.0,18.0,40.0,8.0,0.16706915199756622,1.9287952184677124,2.0,-1.887489676475525,-0.08668823540210724,-56.18886281194027,0.16706915199756622,10.0,0.0,9.913311764597893,10.0,31.0,1.0,59.0,28.0,59.0,59.0,30.0,1.0,41.0,0.0
12958,0.16706915199756622,10.0,0.0,9.913311764597893,10.0,31.0,1.0,59.0,28.0,59.0,59.0,30.0,1.0,41.0,5.0,-1.0974045991897583,1.917639970779419,4.0,-1.8042118549346924,0.8267421126365662,-69.44275267859885,0.0,10.0,0.0,10.0,11.0,32.0,2.0,60.0,29.0,60.0,60.0,31.0,2.0,42.0,0.0
12959,0.0,10.0,0.0,10.0,11.0,32.0,2.0,60.0,29.0,60.0,60.0,31.0,2.0,42.0,5.0,0.13509176671504974,1.9146218299865723,4.0,-1.8880720138549805,-0.6414039134979248,-67.92183021131386,0.13509176671504974,10.0,0.0,9.358596086502075,12.0,33.0,3.0,61.0,30.0,61.0,61.0,32.0,3.0,43.0,0.0
12960,0.13509176671504974,10.0,0.0,9.358596086502075,12.0,33.0,3.0,61.0,30.0,61.0,61.0,32.0,3.0,43.0,5.0,-0.7651652097702026,1.8778817653656006,4.0,-1.8788044452667236,0.2952142357826233,-69.93640626805959,0.0,10.0,0.0,9.653810322284698,13.0,34.0,4.0,62.0,31.0,62.0,62.0,33.0,4.0,44.0,0.0
12961,0.0,10.0,0.0,9.653810322284698,13.0,34.0,4.0,62.0,31.0,62.0,62.0,33.0,4.0,44.0,5.0,-0.5832599401473999,1.9768253564834595,4.0,-1.358176589012146,-0.6718926429748535,-71.73950119401694,0.0,10.0,0.0,8.981917679309845,14.0,35.0,5.0,63.0,32.0,63.0,63.0,34.0,5.0,45.0,0.0
12962,0.0,10.0,0.0,8.981917679309845,14.0,35.0,5.0,63.0,32.0,63.0,63.0,34.0,5.0,45.0,5.0,0.19759376347064972,1.983421802520752,1.0,-1.9045714139938354,0.4703051745891571,-71.44836016924354,0.19759376347064972,10.0,0.0,9.452222853899002,15.0,36.0,6.0,64.0,33.0,64.0,64.0,35.0,6.0,46.0,0.0
12963,0.19759376347064972,10.0,0.0,9.452222853899002,15.0,36.0,6.0,64.0,33.0,64.0,64.0,35.0,6.0,46.0,5.0,0.9607896208763123,1.908313512802124,2.0,-1.6156010627746582,-1.1696285009384155,-69.36753198036232,1.158383384346962,10.0,0.0,8.282594352960587,16.0,37.0,1.0,65.0,34.0,65.0,65.0,36.0,7.0,47.0,0.0
12964,1.158383384346962,10.0,0.0,8.282594352960587,16.0,37.0,1.0,65.0,34.0,65.0,65.0,36.0,7.0,47.0,5.0,0.7128952145576477,1.9742727279663086,4.0,-1.7921684980392456,0.47805705666542053,-68.8834191287308,1.8712785989046097,10.0,0.0,8.760651409626007,17.0,38.0,2.0,66.0,35.0,66.0,66.0,37.0,8.0,48.0,0.0
12965,1.8712785989046097,10.0,0.0,8.760651409626007,17.0,38.0,2.0,66.0,35.0,66.0,66.0,37.0,8.0,48.0,5.0,-0.5870455503463745,1.9748148918151855,4.0,-1.3745934963226318,0.48322591185569763,-71.14857928626733,1.2842330485582352,10.0,0.0,9.243877321481705,18.0,39.0,3.0,67.0,36.0,67.0,67.0,38.0,9.0,49.0,0.0
12966,1.2842330485582352,10.0,0.0,9.243877321481705,18.0,39.0,3.0,67.0,36.0,67.0,67.0,38.0,9.0,49.0,5.0,-0.07954511791467667,1.9435327053070068,1.0,-1.9015592336654663,-0.20322856307029724,-72.01467167241123,1.2046879306435585,10.0,0.0,9.040648758411407,19.0,40.0,4.0,68.0,37.0,68.0,68.0,39.0,10.0,50.0,0.0
12967,1.2046879306435585,10.0,0.0,9.040648758411407,19.0,40.0,4.0,68.0,37.0,68.0,68.0,39.0,10.0,50.0,5.0,1.4773153066635132,1.9024085998535156,1.0,-1.8910521268844604,-0.7697238326072693,-62.80069437979449,2.6820032373070717,10.0,0.0,8.270924925804138,20.0,41.0,5.0,69.0,38.0,1.0,69.0,40.0,11.0,51.0,0.0
12968,2.6820032373070717,10.0,0.0,8.270924925804138,20.0,41.0,5.0,69.0,38.0,1.0,69.0,40.0,11.0,51.0,9.0,-1.820984959602356,0.1869027465581894,1.0,-0.430779367685318,1.4765377044677734,-40.435397933914686,0.8610182777047157,10.0,0.0,9.747462630271912,21.0,42.0,6.0,70.0,39.0,2.0,70.0,41.0,12.0,1.0,0.0
12969,0.8610182777047157,10.0,0.0,9.747462630271912,21.0,42.0,6.0,70.0,39.0,2.0,70.0,41.0,12.0,1.0,10.0,-0.912834644317627,-1.8085975646972656,10.0,-1.841792106628418,1.7838894128799438,-31.91816366612911,0.0,8.191402435302734,0.0,10.0,22.0,43.0,7.0,71.0,40.0,3.0,71.0,42.0,13.0,2.0,0.0
12970,0.0,8.191402435302734,0.0,10.0,22.0,43.0,7.0,71.0,40.0,3.0,71.0,42.0,13.0,2.0,10.0,-0.7380260825157166,-1.6596423387527466,4.0,-1.9569973945617676,1.2584428787231445,-39.780260825157164,0.0,6.531760096549988,0.0,10.0,23.0,44.0,8.0,72.0,41.0,4.0,72.0,43.0,14.0,3.0,0.0
12971,0.0,6.531760096549988,0.0,10.0,23.0,44.0,8.0,72.0,41.0,4.0,72.0,43.0,14.0,3.0,10.0,1.0149309635162354,-1.7262663841247559,10.0,-1.9100595712661743,1.4369690418243408,-33.4,1.0149309635162354,4.805493712425232,0.0,10.0,24.0,45.0,9.0,73.0,42.0,5.0,73.0,44.0,15.0,4.0,0.0
12972,1.0149309635162354,4.805493712425232,0.0,10.0,24.0,45.0,9.0,73.0,42.0,5.0,73.0,44.0,15.0,4.0,10.0,1.2318669557571411,-1.2521347999572754,4.0,-1.8931502103805542,1.4543209075927734,-34.4,2.2467979192733765,3.5533589124679565,0.0,10.0,25.0,46.0,10.0,74.0,43.0,6.0,74.0,45.0,16.0,5.0,0.0
12973,2.2467979192733765,3.5533589124679565,0.0,10.0,25.0,46.0,10.0,74.0,43.0,6.0,74.0,45.0,16.0,5.0,10.0,-1.3385037183761597,-1.4036697149276733,4.0,-1.9815279245376587,1.1469414234161377,-35.4,0.9082942008972168,2.149689197540283,0.0,10.0,26.0,47.0,11.0,75.0,44.0,7.0,75.0,46.0,17.0,6.0,0.0
12974,0.9082942008972168,2.149689197540283,0.0,10.0,26.0,47.0,11.0,75.0,44.0,7.0,75.0,46.0,17.0,6.0,1.0,-0.7234776616096497,0.7491374015808105,4.0,-1.9474748373031616,1.3139581680297852,-39.07889718019689,0.18481653928756714,2.8988265991210938,0.0,10.0,27.0,1.0,12.0,76.0,45.0,8.0,76.0,47.0,18.0,7.0,0.0
12975,0.18481653928756714,2.8988265991210938,0.0,10.0,27.0,1.0,12.0,76.0,45.0,8.0,76.0,47.0,18.0,7.0,10.0,-1.8870165348052979,1.4039188623428345,4.0,-1.9220565557479858,1.9034028053283691,-49.72199995517731,0.0,4.302745461463928,0.0,10.0,28.0,2.0,13.0,77.0,46.0,9.0,77.0,48.0,19.0,8.0,0.0
12976,0.0,4.302745461463928,0.0,10.0,28.0,2.0,13.0,77.0,46.0,9.0,77.0,48.0,19.0,8.0,10.0,-1.0728727579116821,1.4914990663528442,4.0,-1.9177424907684326,1.930675745010376,-44.428727579116824,0.0,5.7942445278167725,0.0,10.0,29.0,3.0,14.0,78.0,47.0,10.0,78.0,49.0,20.0,9.0,0.0
12977,0.0,5.7942445278167725,0.0,10.0,29.0,3.0,14.0,78.0,47.0,10.0,78.0,49.0,20.0,9.0,10.0,-1.8221439123153687,1.1303648948669434,7.0,-1.9986796379089355,1.9585343599319458,-52.92143912315369,0.0,6.924609422683716,0.0,10.0,30.0,4.0,15.0,79.0,48.0,11.0,79.0,50.0,21.0,10.0,0.0
12978,0.0,6.924609422683716,0.0,10.0,30.0,4.0,15.0,79.0,48.0,11.0,79.0,50.0,21.0,10.0,8.0,-1.5839476585388184,0.5210537314414978,4.0,-1.9909425973892212,1.9840987920761108,-52.07493422177522,0.0,7.445663154125214,0.0,10.0,31.0,5.0,16.0,80.0,49.0,12.0,80.0,51.0,1.0,11.0,0.0
12979,0.0,7.445663154125214,0.0,10.0,31.0,5.0,16.0,80.0,49.0,12.0,80.0,51.0,1.0,11.0,10.0,-1.8191299438476562,0.15708841383457184,4.0,-1.9546656608581543,1.9943641424179077,-52.791299438476564,0.0,7.6027515679597855,0.0,10.0,32.0,6.0,17.0,81.0,50.0,13.0,81.0,52.0,2.0,12.0,0.0
12980,0.0,7.6027515679597855,0.0,10.0,32.0,6.0,17.0,81.0,50.0,13.0,81.0,52.0,2.0,12.0,10.0,-1.4096720218658447,-1.595472812652588,4.0,-1.9499608278274536,1.9862196445465088,-49.69672021865845,0.0,6.007278755307198,0.0,10.0,33.0,7.0,18.0,82.0,51.0,14.0,82.0,53.0,3.0,13.0,0.0
12981,0.0,6.007278755307198,0.0,10.0,33.0,7.0,18.0,82.0,51.0,14.0,82.0,53.0,3.0,13.0,10.0,-1.5753499269485474,-0.17488765716552734,4.0,-1.972550392150879,1.9797768592834473,-52.353499269485475,0.0,5.83239109814167,0.0,10.0,34.0,8.0,19.0,83.0,52.0,15.0,83.0,54.0,4.0,14.0,0.0
12982,0.0,5.83239109814167,0.0,10.0,34.0,8.0,19.0,83.0,52.0,15.0,83.0,54.0,4.0,14.0,10.0,-0.6906439661979675,0.6263790130615234,4.0,-1.972609043121338,1.9878240823745728,-44.50643966197968,0.0,6.458770111203194,0.0,10.0,35.0,9.0,20.0,84.0,53.0,16.0,84.0,55.0,5.0,15.0,0.0
12983,0.0,6.458770111203194,0.0,10.0,35.0,9.0,20.0,84.0,53.0,16.0,84.0,55.0,5.0,15.0,10.0,0.27416273951530457,0.3425801396369934,4.0,-1.9781001806259155,1.996262550354004,-38.6,0.27416273951530457,6.801350250840187,0.0,10.0,36.0,10.0,21.0,85.0,54.0,17.0,85.0,56.0,6.0,16.0,0.0
12984,0.27416273951530457,6.801350250840187,0.0,10.0,36.0,10.0,21.0,85.0,54.0,17.0,85.0,56.0,6.0,16.0,10.0,-1.6568444967269897,0.7314762473106384,4.0,-1.9683747291564941,1.9074177742004395,-53.42681757211685,0.0,7.5328264981508255,0.0,10.0,37.0,11.0,22.0,86.0,55.0,18.0,86.0,57.0,7.0,17.0,0.0
12985,0.0,7.5328264981508255,0.0,10.0,37.0,11.0,22.0,86.0,55.0,18.0,86.0,57.0,7.0,17.0,10.0,-0.8561390042304993,-1.105282187461853,4.0,-1.7019652128219604,1.916803002357483,-49.161390042304994,0.0,6.4275443106889725,0.0,10.0,38.0,12.0,23.0,87.0,56.0,19.0,87.0,58.0,8.0,18.0,0.0
12986,0.0,6.4275443106889725,0.0,10.0,38.0,12.0,23.0,87.0,56.0,19.0,87.0,58.0,8.0,18.0,10.0,-1.1951123476028442,1.0053831338882446,4.0,-1.993348240852356,1.9789823293685913,-53.551123476028444,0.0,7.432927444577217,0.0,10.0,39.0,13.0,24.0,88.0,57.0,20.0,88.0,59.0,9.0,19.0,0.0
12987,0.0,7.432927444577217,0.0,10.0,39.0,13.0,24.0,88.0,57.0,20.0,88.0,59.0,9.0,19.0,10.0,-1.4014337062835693,-0.1589396595954895,4.0,-1.99317467212677,1.7123568058013916,-56.614337062835695,0.0,7.273987784981728,0.0,10.0,40.0,14.0,25.0,89.0,58.0,21.0,89.0,60.0,10.0,20.0,0.0
12988,0.0,7.273987784981728,0.0,10.0,40.0,14.0,25.0,89.0,58.0,21.0,89.0,60.0,10.0,20.0,10.0,-1.1523077487945557,0.828761875629425,4.0,-1.9928711652755737,1.937065601348877,-55.12307748794556,0.0,8.102749660611153,0.0,10.0,41.0,15.0,26.0,90.0,59.0,22.0,90.0,61.0,11.0,21.0,0.0
12989,0.0,8.102749660611153,0.0,10.0,41.0,15.0,26.0,90.0,59.0,22.0,90.0,61.0,11.0,21.0,10.0,-1.5077601671218872,1.2323660850524902,4.0,-1.9833693504333496,1.855714201927185,-59.67760167121887,0.0,9.335115745663643,0.0,10.0,42.0,16.0,27.0,91.0,60.0,23.0,91.0,62.0,12.0,22.0,0.0
12990,0.0,9.335115745663643,0.0,10.0,42.0,16.0,27.0,91.0,60.0,23.0,91.0,62.0,12.0,22.0,8.0,-1.7854076623916626,0.8744569420814514,4.0,-1.977052092552185,1.5159398317337036,-65.98040495128491,0.0,10.0,0.0,10.0,43.0,17.0,28.0,92.0,61.0,24.0,92.0,63.0,1.0,23.0,0.0
12991,0.0,10.0,0.0,10.0,43.0,17.0,28.0,92.0,61.0,24.0,92.0,63.0,1.0,23.0,10.0,-1.5311661958694458,0.15038444101810455,4.0,-1.8873072862625122,1.7965861558914185,-60.78533522375654,0.0,10.0,0.0,10.0,44.0,18.0,29.0,93.0,62.0,25.0,93.0,64.0,2.0,24.0,0.0
12992,0.0,10.0,0.0,10.0,44.0,18.0,29.0,93.0,62.0,25.0,93.0,64.0,2.0,24.0,10.0,-1.7918496131896973,-0.28671759366989136,4.0,-1.8915297985076904,1.9923335313796997,-64.31849613189698,0.0,9.713282406330109,0.0,10.0,45.0,19.0,30.0,94.0,63.0,26.0,94.0,65.0,3.0,25.0,0.0
12993,0.0,9.713282406330109,0.0,10.0,45.0,19.0,30.0,94.0,63.0,26.0,94.0,65.0,3.0,25.0,10.0,-0.633489727973938,-0.8774078488349915,4.0,-1.9841573238372803,1.9690886735916138,-53.73489727973938,0.0,8.835874557495117,0.0,10.0,46.0,20.0,31.0,95.0,64.0,27.0,95.0,66.0,4.0,26.0,0.0
12994,0.0,8.835874557495117,0.0,10.0,46.0,20.0,31.0,95.0,64.0,27.0,95.0,66.0,4.0,26.0,10.0,-0.5556249022483826,0.39850208163261414,4.0,-1.9176815748214722,1.9650955200195312,-53.956249022483824,0.0,9.234376639127731,0.0,10.0,47.0,21.0,32.0,96.0,65.0,28.0,96.0,67.0,5.0,27.0,0.0
12995,0.0,9.234376639127731,0.0,10.0,47.0,21.0,32.0,96.0,65.0,28.0,96.0,67.0,5.0,27.0,10.0,-1.766255497932434,0.09040544182062149,4.0,-1.9857538938522339,1.8535456657409668,-67.06255497932435,0.0,9.324782080948353,0.0,10.0,48.0,22.0,33.0,97.0,66.0,29.0,97.0,68.0,6.0,28.0,0.0
12996,0.0,9.324782080948353,0.0,10.0,48.0,22.0,33.0,97.0,66.0,29.0,97.0,68.0,6.0,28.0,10.0,0.15301072597503662,-1.5695072412490845,4.0,-1.9856387376785278,1.965282917022705,-50.4,0.15301072597503662,7.755274839699268,0.0,10.0,49.0,23.0,34.0,98.0,67.0,30.0,98.0,69.0,7.0,29.0,0.0
12997,0.15301072597503662,7.755274839699268,0.0,10.0,49.0,23.0,34.0,98.0,67.0,30.0,98.0,69.0,7.0,29.0,10.0,-1.9571372270584106,0.011421139352023602,4.0,-1.9814612865447998,1.9658880233764648,-69.44126501083375,0.0,7.766695979051292,0.0,10.0,50.0,24.0,35.0,99.0,68.0,31.0,99.0,70.0,8.0,30.0,0.0
12998,0.0,7.766695979051292,0.0,10.0,50.0,24.0,35.0,99.0,68.0,31.0,99.0,70.0,8.0,30.0,10.0,-1.8169314861297607,-1.7773380279541016,4.0,-1.9841388463974,1.9097036123275757,-70.56931486129761,0.0,5.98935795109719,0.0,10.0,51.0,25.0,36.0,100.0,69.0,32.0,100.0,71.0,9.0,31.0,0.0
12999,0.0,5.98935795109719,0.0,10.0,51.0,25.0,36.0,100.0,69.0,32.0,100.0,71.0,9.0,31.0,10.0,-1.8455688953399658,1.0280470848083496,4.0,-1.9858559370040894,1.861753225326538,-71.65568895339966,0.0,7.01740503590554,0.0,10.0,52.0,26.0,37.0,100.0,70.0,33.0,100.0,72.0,10.0,32.0,1.0
13000,8.172770500183105,7.175571918487549,9.408492088317871,9.795978546142578,1.0,1.0,1.0,1.0,1.0,1.0,1.0,1.0,1.0,1.0,2.0,-1.9937117099761963,1.4773410558700562,4.0,-1.6424195766448975,-1.994346022605896,-2.4944443069461895,6.179058790206909,8.652912974357605,7.766072511672974,7.801632523536682,2.0,2.0,1.0,2.0,1.0,2.0,2.0,2.0,2.0,2.0,0.0
13001,6.179058790206909,8.652912974357605,7.766072511672974,7.801632523536682,2.0,2.0,1.0,2.0,1.0,2.0,2.0,2.0,2.0,2.0,2.0,-1.9986339807510376,-0.3336979150772095,2.0,-1.9732928276062012,-1.974004864692688,-3.9587174027691012,4.180424809455872,8.319215059280396,5.7927796840667725,5.827627658843994,3.0,3.0,1.0,3.0,2.0,3.0,3.0,3.0,3.0,3.0,0.0
13002,4.180424809455872,8.319215059280396,5.7927796840667725,5.827627658843994,3.0,3.0,1.0,3.0,2.0,3.0,3.0,3.0,3.0,3.0,2.0,-1.852980613708496,-1.4577053785324097,2.0,-1.6061450242996216,-1.9819891452789307,-6.456557233759963,2.3274441957473755,6.861509680747986,4.186634659767151,3.8456385135650635,4.0,4.0,1.0,4.0,3.0,4.0,4.0,4.0,4.0,4.0,0.0
13003,2.3274441957473755,6.861509680747986,4.186634659767151,3.8456385135650635,4.0,4.0,1.0,4.0,3.0,4.0,4.0,4.0,4.0,4.0,5.0,-1.9535282850265503,-1.8364425897598267,0.0,-0.8126223087310791,-1.936742901802063,-14.99025000268845,0.3739159107208252,5.025067090988159,3.3740123510360718,1.9088956117630005,1.0,5.0,2.0,5.0,4.0,5.0,5.0,5.0,5.0,5.0,0.0
13004,0.3739159107208252,5.025067090988159,3.3740123510360718,1.9088956117630005,1.0,5.0,2.0,5.0,4.0,5.0,5.0,5.0,5.0,5.0,5.0,0.7177846431732178,-1.7370954751968384,0.0,-0.7006601095199585,-1.7635819911956787,-13.81616099008405,1.091700553894043,3.287971615791321,2.6733522415161133,0.14531362056732178,1.0,6.0,3.0,6.0,5.0,1.0,6.0,6.0,6.0,6.0,0.0
13005,1.091700553894043,3.287971615791321,2.6733522415161133,0.14531362056732178,1.0,6.0,3.0,6.0,5.0,1.0,6.0,6.0,6.0,6.0,0.0,-1.556310772895813,-0.5242846012115479,0.0,-0.8856160044670105,-1.8133434057235718,-11.943622444994418,0.0,2.763687014579773,1.7877362370491028,0.0,1.0,7.0,4.0,7.0,6.0,2.0,7.0,7.0,7.0,7.0,0.0
13006,0.0,2.763687014579773,1.7877362370491028,0.0,1.0,7.0,4.0,7.0,6.0,2.0,7.0,7.0,7.0,7.0,9.0,-1.8603184223175049,-1.9175387620925903,0.0,-1.5477690696716309,-0.16643378138542175,-26.24599121246597,0.0,0.8461482524871826,0.23996716737747192,0.0,1.0,8.0,5.0,8.0,7.0,3.0,8.0,8.0,8.0,1.0,0.0
13007,0.0,0.8461482524871826,0.23996716737747192,0.0,1.0,8.0,5.0,8.0,7.0,3.0,8.0,8.0,8.0,1.0,0.0,0.5298699140548706,-0.039923280477523804,4.0,-1.5461729764938354,0.6743575930595398,-7.775344296797915,0.5298699140548706,0.8062249720096588,0.0,0.6743575930595398,1.0,9.0,6.0,9.0,8.0,4.0,9.0,9.0,9.0,2.0,0.0
13008,0.5298699140548706,0.8062249720096588,0.0,0.6743575930595398,1.0,9.0,6.0,9.0,8.0,4.0,9.0,9.0,9.0,2.0,10.0,-0.3256831467151642,1.1817257404327393,1.0,-1.7211706638336182,-1.2935142517089844,-7.6,0.20418676733970642,1.987950712442398,0.0,0.0,2.0,1.0,7.0,10.0,9.0,5.0,10.0,10.0,10.0,3.0,0.0
13009,0.20418676733970642,1.987950712442398,0.0,0.0,2.0,1.0,7.0,10.0,9.0,5.0,10.0,10.0,10.0,3.0,8.0,-1.751936435699463,1.231661319732666,5.0,-1.794796109199524,-0.9915266633033752,-27.652363462638142,0.0,3.219612032175064,0.0,0.0,3.0,2.0,8.0,11.0,10.0,6.0,11.0,11.0,1.0,4.0,0.0
13010,0.0,3.219612032175064,0.0,0.0,3.0,2.0,8.0,11.0,10.0,6.0,11.0,11.0,1.0,4.0,8.0,-0.20942126214504242,-1.036582589149475,0.0,-1.9279900789260864,-1.442524790763855,-16.711089886529003,0.0,2.183029443025589,0.0,0.0,1.0,3.0,9.0,12.0,11.0,7.0,12.0,12.0,1.0,5.0,0.0
13011,0.0,2.183029443025589,0.0,0.0,1.0,3.0,9.0,12.0,11.0,7.0,12.0,12.0,1.0,5.0,10.0,-0.09240611642599106,-1.810287594795227,2.0,1.418591022491455,0.18483906984329224,-9.224061164259911,0.0,0.37274184823036194,1.418591022491455,0.18483906984329224,2.0,4.0,10.0,13.0,12.0,8.0,13.0,13.0,2.0,6.0,0.0
13012,0.0,0.37274184823036194,1.418591022491455,0.18483906984329224,2.0,4.0,10.0,13.0,12.0,8.0,13.0,13.0,2.0,6.0,10.0,-0.9764946699142456,0.5696625709533691,0.0,1.1602370738983154,-0.9263792037963867,-19.064946699142457,0.0,0.9424044191837311,2.5788280963897705,0.0,1.0,5.0,11.0,14.0,13.0,9.0,14.0,14.0,3.0,7.0,0.0
13013,0.0,0.9424044191837311,2.5788280963897705,0.0,1.0,5.0,11.0,14.0,13.0,9.0,14.0,14.0,3.0,7.0,10.0,-1.3495193719863892,0.4923299252986908,0.0,0.07000255584716797,1.9109910726547241,-23.595193719863893,0.0,1.4347343444824219,2.6488306522369385,1.9109910726547241,1.0,6.0,12.0,15.0,14.0,10.0,15.0,15.0,4.0,8.0,0.0
13014,0.0,1.4347343444824219,2.6488306522369385,1.9109910726547241,1.0,6.0,12.0,15.0,14.0,10.0,15.0,15.0,4.0,8.0,10.0,-1.1395196914672852,1.3511593341827393,2.0,-0.4815671741962433,-1.6554639339447021,-22.39519691467285,0.0,2.785893678665161,2.167263478040695,0.255527138710022,2.0,7.0,13.0,16.0,15.0,11.0,16.0,16.0,5.0,9.0,0.0
13015,0.0,2.785893678665161,2.167263478040695,0.255527138710022,2.0,7.0,13.0,16.0,15.0,11.0,16.0,16.0,5.0,9.0,8.0,0.33915430307388306,-1.4414809942245483,0.0,-1.426875352859497,0.4754893183708191,-19.605422194507604,0.33915430307388306,1.3444126844406128,0.7403881251811981,0.7310164570808411,1.0,8.0,14.0,17.0,16.0,12.0,17.0,17.0,1.0,10.0,0.0
13016,0.33915430307388306,1.3444126844406128,0.7403881251811981,0.7310164570808411,1.0,8.0,14.0,17.0,16.0,12.0,17.0,17.0,1.0,10.0,0.0,-0.09367737919092178,-1.2428315877914429,7.0,-1.6785601377487183,0.8591898083686829,-13.834160784947082,0.24547692388296127,0.10158109664916992,0.0,1.590206265449524,1.0,9.0,15.0,18.0,17.0,13.0,18.0,1.0,2.0,11.0,0.0
13017,0.24547692388296127,0.10158109664916992,0.0,1.590206265449524,1.0,9.0,15.0,18.0,17.0,13.0,18.0,1.0,2.0,11.0,9.0,-1.5430166721343994,1.8695772886276245,0.0,-0.9960741400718689,1.0212029218673706,-24.66321731808325,0.0,1.9711583852767944,0.0,2.6114091873168945,1.0,10.0,16.0,19.0,18.0,14.0,19.0,2.0,3.0,1.0,0.0
13018,0.0,1.9711583852767944,0.0,2.6114091873168945,1.0,10.0,16.0,19.0,18.0,14.0,19.0,2.0,3.0,1.0,10.0,-0.7388983964920044,1.4585325717926025,0.0,-1.6565368175506592,-0.5398568511009216,-18.688983964920045,0.0,3.429690957069397,0.0,2.071552336215973,1.0,11.0,17.0,20.0,19.0,15.0,20.0,3.0,4.0,2.0,0.0
13019,0.0,3.429690957069397,0.0,2.071552336215973,1.0,11.0,17.0,20.0,19.0,15.0,20.0,3.0,4.0,2.0,8.0,-1.8318883180618286,0.899357795715332,4.0,-1.823472023010254,-0.059445686638355255,-34.312397611511784,0.0,4.329048752784729,0.0,2.0121066495776176,2.0,12.0,18.0,21.0,20.0,16.0,21.0,4.0,1.0,3.0,0.0
13020,0.0,4.329048752784729,0.0,2.0121066495776176,2.0,12.0,18.0,21.0,20.0,16.0,21.0,4.0,1.0,3.0,8.0,-0.22030127048492432,0.27142658829689026,4.0,-1.470853567123413,-0.8996365070343018,-18.841135408238983,0.0,4.600475341081619,0.0,1.1124701425433159,3.0,13.0,19.0,22.0,21.0,17.0,22.0,5.0,1.0,4.0,0.0
13021,0.0,4.600475341081619,0.0,1.1124701425433159,3.0,13.0,19.0,22.0,21.0,17.0,22.0,5.0,1.0,4.0,8.0,-1.8947209119796753,1.5419495105743408,4.0,-1.8887085914611816,-1.4249111413955688,-35.467875713723956,0.0,6.14242485165596,0.0,0.0,4.0,14.0,20.0,23.0,22.0,18.0,23.0,6.0,1.0,5.0,0.0
13022,0.0,6.14242485165596,0.0,0.0,4.0,14.0,20.0,23.0,22.0,18.0,23.0,6.0,1.0,5.0,8.0,-1.7552862167358398,0.9366014003753662,0.0,-1.2706307172775269,-0.8787742257118225,-34.71533109631261,0.0,7.079026252031326,0.0,0.0,1.0,15.0,21.0,24.0,23.0,19.0,24.0,7.0,1.0,6.0,0.0
13023,0.0,7.079026252031326,0.0,0.0,1.0,15.0,21.0,24.0,23.0,19.0,24.0,7.0,1.0,6.0,8.0,-1.3049180507659912,1.2019416093826294,4.0,-1.703048586845398,-0.03830176219344139,-30.778716681746943,0.0,8.280967861413956,0.0,0.0,2.0,16.0,22.0,25.0,24.0,20.0,25.0,8.0,1.0,7.0,0.0
13024,0.0,8.280967861413956,0.0,0.0,2.0,16.0,22.0,25.0,24.0,20.0,25.0,8.0,1.0,7.0,8.0,-1.4178462028503418,-0.25294312834739685,0.0,-1.6162993907928467,0.33913832902908325,-32.75667759690657,0.0,8.028024733066559,0.0,0.33913832902908325,1.0,17.0,23.0,26.0,25.0,21.0,26.0,9.0,1.0,8.0,0.0
13025,0.0,8.028024733066559,0.0,0.33913832902908325,1.0,17.0,23.0,26.0,25.0,21.0,26.0,9.0,1.0,8.0,8.0,-1.6831550598144531,-0.16177697479724884,4.0,-1.064916968345642,-0.14190161228179932,-36.08734189831232,0.0,7.86624775826931,0.0,0.19723671674728394,2.0,18.0,24.0,27.0,26.0,22.0,27.0,10.0,1.0,9.0,0.0
13026,0.0,7.86624775826931,0.0,0.19723671674728394,2.0,18.0,24.0,27.0,26.0,22.0,27.0,10.0,1.0,9.0,8.0,-0.24398638308048248,0.7117129564285278,0.0,-1.8824654817581177,-0.9934943914413452,-22.754973722681765,0.0,8.577960714697838,0.0,0.0,1.0,19.0,25.0,28.0,27.0,23.0,28.0,11.0,1.0,10.0,0.0
13027,0.0,8.577960714697838,0.0,0.0,1.0,19.0,25.0,28.0,27.0,23.0,28.0,11.0,1.0,10.0,10.0,0.0907769724726677,0.21605084836483002,4.0,-1.0623078346252441,-1.323403239250183,-18.3,0.0907769724726677,8.794011563062668,0.0,0.0,2.0,20.0,26.0,29.0,28.0,24.0,29.0,12.0,2.0,11.0,0.0
13028,0.0907769724726677,8.794011563062668,0.0,0.0,2.0,20.0,26.0,29.0,28.0,24.0,29.0,12.0,2.0,11.0,8.0,-1.5823229551315308,0.02133847214281559,4.0,-1.2743923664093018,0.10114943236112595,-36.918632412431464,0.0,8.815350035205483,0.0,0.10114943236112595,3.0,21.0,27.0,30.0,29.0,25.0,30.0,13.0,1.0,12.0,0.0
13029,0.0,8.815350035205483,0.0,0.10114943236112595,3.0,21.0,27.0,30.0,29.0,25.0,30.0,13.0,1.0,12.0,0.0,0.0027688127011060715,-0.8397248387336731,0.0,-1.832669973373413,-1.5090677738189697,-27.847153053671143,0.0027688127011060715,7.97562519647181,0.0,0.0,1.0,22.0,28.0,31.0,30.0,26.0,31.0,14.0,2.0,13.0,0.0
13030,0.0027688127011060715,7.97562519647181,0.0,0.0,1.0,22.0,28.0,31.0,30.0,26.0,31.0,14.0,2.0,13.0,1.0,0.1718239188194275,0.07665173709392548,4.0,-1.9150335788726807,-0.9125155806541443,-32.954164346780864,0.17459273152053356,8.052276933565736,0.0,0.0,2.0,23.0,29.0,32.0,31.0,27.0,32.0,15.0,3.0,14.0,0.0
13031,0.17459273152053356,8.052276933565736,0.0,0.0,2.0,23.0,29.0,32.0,31.0,27.0,32.0,15.0,3.0,14.0,10.0,-1.4534850120544434,0.8586097359657288,0.0,-1.7435109615325928,-0.0473429337143898,-34.588922805339095,0.0,8.910886669531465,0.0,0.0,1.0,24.0,30.0,33.0,32.0,28.0,33.0,16.0,4.0,15.0,0.0
13032,0.0,8.910886669531465,0.0,0.0,1.0,24.0,30.0,33.0,32.0,28.0,33.0,16.0,4.0,15.0,0.0,-1.1085362434387207,0.33682215213775635,0.0,-1.6730225086212158,-0.6499360203742981,-44.53954619211972,0.0,9.247708821669221,0.0,0.0,1.0,25.0,31.0,34.0,33.0,29.0,34.0,17.0,5.0,16.0,0.0
13033,0.0,9.247708821669221,0.0,0.0,1.0,25.0,31.0,34.0,33.0,29.0,34.0,17.0,5.0,16.0,0.0,-1.119721531867981,-0.5133777856826782,0.0,-1.4238405227661133,-0.9653381705284119,-44.25922487710672,0.0,8.734331035986543,0.0,0.0,1.0,26.0,32.0,35.0,34.0,30.0,35.0,18.0,6.0,17.0,0.0
13034,0.0,8.734331035986543,0.0,0.0,1.0,26.0,32.0,35.0,34.0,30.0,35.0,18.0,6.0,17.0,10.0,-1.6464242935180664,0.3041210472583771,0.0,-1.2835582494735718,-1.702462911605835,-40.86424293518066,0.0,9.03845208324492,0.0,0.0,1.0,27.0,33.0,36.0,35.0,31.0,36.0,19.0,7.0,18.0,0.0
13035,0.0,9.03845208324492,0.0,0.0,1.0,27.0,33.0,36.0,35.0,31.0,36.0,19.0,7.0,18.0,1.0,-1.213199257850647,0.2046215832233429,0.0,-1.909313678741455,-1.177486777305603,-52.22969416157622,0.0,9.243073666468263,0.0,0.0,1.0,28.0,34.0,37.0,36.0,32.0,37.0,20.0,8.0,19.0,0.0
13036,0.0,9.243073666468263,0.0,0.0,1.0,28.0,34.0,37.0,36.0,32.0,37.0,20.0,8.0,19.0,8.0,0.7417930364608765,0.44485390186309814,0.0,-1.5607370138168335,0.0097073744982481,-27.942455647535475,0.7417930364608765,9.68792756833136,0.0,0.0097073744982481,1.0,29.0,35.0,38.0,37.0,33.0,38.0,21.0,1.0,20.0,0.0
13037,0.7417930364608765,9.68792756833136,0.0,0.0097073744982481,1.0,29.0,35.0,38.0,37.0,33.0,38.0,21.0,1.0,20.0,9.0,-0.017833415418863297,-1.0070481300354004,4.0,-1.0207343101501465,0.824974775314331,-29.946140146122175,0.7239596210420132,8.68087943829596,0.0,0.8346821498125792,2.0,30.0,36.0,39.0,38.0,34.0,39.0,22.0,2.0,1.0,0.0
13038,0.7239596210420132,8.68087943829596,0.0,0.8346821498125792,2.0,30.0,36.0,39.0,38.0,34.0,39.0,22.0,2.0,1.0,10.0,-0.9963698983192444,1.1786086559295654,4.0,-1.9804655313491821,-1.612178087234497,-28.024102772772313,0.0,9.859488094225526,0.0,0.0,3.0,31.0,37.0,40.0,39.0,35.0,40.0,23.0,3.0,2.0,0.0
13039,0.0,9.859488094225526,0.0,0.0,3.0,31.0,37.0,40.0,39.0,35.0,40.0,23.0,3.0,2.0,10.0,0.29867610335350037,0.2850734293460846,0.0,-1.9397083520889282,-0.4154364764690399,-27.745615235716105,0.29867610335350037,10.0,0.0,0.0,1.0,32.0,38.0,41.0,40.0,36.0,41.0,24.0,4.0,3.0,0.0
13040,0.29867610335350037,10.0,0.0,0.0,1.0,32.0,38.0,41.0,40.0,36.0,41.0,24.0,4.0,3.0,10.0,-0.47434884309768677,-0.3558823764324188,4.0,-1.9323554039001465,-1.7193844318389893,-28.756727397441864,0.0,9.644117623567581,0.0,0.0,2.0,33.0,39.0,42.0,41.0,37.0,42.0,25.0,5.0,4.0,0.0
13041,0.0,9.644117623567581,0.0,0.0,2.0,33.0,39.0,42.0,41.0,37.0,42.0,25.0,5.0,4.0,10.0,0.5404883027076721,0.5474709272384644,4.0,-1.9612680673599243,-1.7014167308807373,-29.915885508060455,0.5404883027076721,10.0,0.0,0.0,3.0,34.0,40.0,43.0,42.0,38.0,43.0,26.0,6.0,5.0,0.0
13042,0.5404883027076721,10.0,0.0,0.0,3.0,34.0,40.0,43.0,42.0,38.0,43.0,26.0,6.0,5.0,8.0,-0.586452841758728,-0.30083003640174866,0.0,-1.9018150568008423,-1.737979769706726,-32.24427941247343,0.0,9.699169963598251,0.0,0.0,1.0,35.0,41.0,44.0,43.0,39.0,44.0,27.0,1.0,6.0,0.0
13043,0.0,9.699169963598251,0.0,0.0,1.0,35.0,41.0,44.0,43.0,39.0,44.0,27.0,1.0,6.0,8.0,-1.1433806419372559,1.3040852546691895,0.0,-1.7493696212768555,-1.147506594657898,-47.81506264992505,0.0,10.0,0.0,0.0,1.0,36.0,42.0,45.0,44.0,40.0,45.0,28.0,1.0,7.0,0.0
13044,0.0,10.0,0.0,0.0,1.0,36.0,42.0,45.0,44.0,40.0,45.0,28.0,1.0,7.0,10.0,0.39195236563682556,1.5034756660461426,4.0,-1.7669389247894287,-0.5691730976104736,-44.934756660461424,0.39195236563682556,10.0,0.0,0.0,2.0,37.0,43.0,46.0,45.0,41.0,46.0,29.0,2.0,8.0,0.0
13045,0.39195236563682556,10.0,0.0,0.0,2.0,37.0,43.0,46.0,45.0,41.0,46.0,29.0,2.0,8.0,10.0,-1.5855580568313599,-0.5873880386352539,0.0,-1.7751837968826294,-1.622671365737915,-42.83605691194534,0.0,9.412611961364746,0.0,0.0,1.0,38.0,44.0,47.0,46.0,42.0,47.0,30.0,3.0,9.0,0.0
13046,0.0,9.412611961364746,0.0,0.0,1.0,38.0,44.0,47.0,46.0,42.0,47.0,30.0,3.0,9.0,1.0,-0.66966712474823,1.4414201974868774,4.0,-1.809262752532959,-1.8216558694839478,-59.02151456172033,0.0,10.0,0.0,0.0,2.0,39.0,45.0,48.0,47.0,43.0,48.0,31.0,4.0,10.0,0.0
13047,0.0,10.0,0.0,0.0,2.0,39.0,45.0,48.0,47.0,43.0,48.0,31.0,4.0,10.0,1.0,-0.009828011505305767,1.2788240909576416,0.0,-1.9449303150177002,-1.3093100786209106,-61.957368554886166,0.0,10.0,0.0,0.0,1.0,40.0,46.0,49.0,48.0,44.0,49.0,32.0,5.0,11.0,0.0
13048,0.0,10.0,0.0,0.0,1.0,40.0,46.0,49.0,48.0,44.0,49.0,32.0,5.0,11.0,1.0,-1.3077926635742188,0.987610936164856,0.0,-1.9604848623275757,-1.9065985679626465,-66.35684632669692,0.0,10.0,0.0,0.0,1.0,41.0,47.0,50.0,49.0,45.0,50.0,33.0,6.0,12.0,0.0
13049,0.0,10.0,0.0,0.0,1.0,41.0,47.0,50.0,49.0,45.0,50.0,33.0,6.0,12.0,1.0,-1.3437514305114746,0.011455857194960117,0.0,-1.9478545188903809,-1.9503284692764282,-64.30675261819333,0.0,10.0,0.0,0.0,1.0,42.0,48.0,51.0,50.0,46.0,51.0,34.0,7.0,13.0,0.0
13050,0.0,10.0,0.0,0.0,1.0,42.0,48.0,51.0,50.0,46.0,51.0,34.0,7.0,13.0,1.0,-1.6383082866668701,0.022209089249372482,2.0,-1.9581880569458008,-0.20513643324375153,-68.15333814192967,0.0,10.0,0.0,0.0,2.0,43.0,49.0,52.0,51.0,47.0,52.0,35.0,8.0,14.0,0.0
13051,0.0,10.0,0.0,0.0,2.0,43.0,49.0,52.0,51.0,47.0,52.0,35.0,8.0,14.0,10.0,-0.8994112014770508,-1.009967565536499,4.0,-1.8360623121261597,-1.5031172037124634,-45.294112014770505,0.0,8.990032434463501,0.0,0.0,3.0,44.0,50.0,53.0,52.0,48.0,53.0,36.0,9.0,15.0,0.0
13052,0.0,8.990032434463501,0.0,0.0,3.0,44.0,50.0,53.0,52.0,48.0,53.0,36.0,9.0,15.0,10.0,-0.4825599491596222,-1.4936251640319824,0.0,-1.6446516513824463,-1.9261963367462158,-42.12559949159622,0.0,7.4964072704315186,0.0,0.0,1.0,45.0,51.0,54.0,53.0,49.0,54.0,37.0,10.0,16.0,0.0
13053,0.0,7.4964072704315186,0.0,0.0,1.0,45.0,51.0,54.0,53.0,49.0,54.0,37.0,10.0,16.0,1.0,-1.4609707593917847,-1.2019282579421997,0.0,-1.9310634136199951,-1.7251429557800293,-58.09140859523224,0.0,6.294479012489319,0.0,0.0,1.0,1.0,52.0,55.0,54.0,50.0,55.0,38.0,11.0,17.0,0.0
13054,0.0,6.294479012489319,0.0,0.0,1.0,1.0,52.0,55.0,54.0,50.0,55.0,38.0,11.0,17.0,8.0,-1.9996696710586548,1.0282058715820312,4.0,-1.742920160293579,-0.9497491717338562,-55.936570011388746,0.0,7.32268488407135,0.0,0.0,2.0,2.0,53.0,56.0,55.0,51.0,56.0,39.0,1.0,18.0,0.0
13055,0.0,7.32268488407135,0.0,0.0,2.0,2.0,53.0,56.0,55.0,51.0,56.0,39.0,1.0,18.0,8.0,-1.9981292486190796,1.221536636352539,4.0,-0.7470982074737549,1.2940597534179688,-56.98530426666684,0.0,8.54422152042389,0.0,1.2940597534179688,3.0,3.0,54.0,57.0,56.0,52.0,57.0,40.0,1.0,19.0,0.0
13056,0.0,8.54422152042389,0.0,1.2940597534179688,3.0,3.0,54.0,57.0,56.0,52.0,57.0,40.0,1.0,19.0,8.0,-1.9988329410552979,0.5004199743270874,4.0,-0.970700740814209,-0.6864794492721558,-58.09314659938549,0.0,9.044641494750977,0.0,0.607580304145813,4.0,4.0,55.0,58.0,57.0,53.0,58.0,41.0,1.0,20.0,0.0
13057,0.0,9.044641494750977,0.0,0.607580304145813,4.0,4.0,55.0,58.0,57.0,53.0,58.0,41.0,1.0,20.0,8.0,-1.9991583824157715,0.8223843574523926,4.0,-1.192339301109314,1.231523871421814,-59.49501958883258,0.0,9.86702585220337,0.0,1.839104175567627,5.0,5.0,56.0,59.0,58.0,54.0,59.0,42.0,1.0,21.0,0.0
13058,0.0,9.86702585220337,0.0,1.839104175567627,5.0,5.0,56.0,59.0,58.0,54.0,59.0,42.0,1.0,21.0,8.0,-1.9974228143692017,0.5892296433448792,2.0,-0.544012725353241,-0.7912784218788147,-60.99244682673976,0.0,10.0,0.0,1.0478257536888123,6.0,6.0,57.0,60.0,59.0,55.0,60.0,43.0,1.0,22.0,0.0
13059,0.0,10.0,0.0,1.0478257536888123,6.0,6.0,57.0,60.0,59.0,55.0,60.0,43.0,1.0,22.0,8.0,-1.9972097873687744,-0.6412011384963989,2.0,-0.9584553837776184,1.7578563690185547,-60.94264352085444,0.0,9.358798861503601,0.0,2.805682122707367,7.0,7.0,1.0,61.0,60.0,56.0,61.0,44.0,1.0,23.0,0.0
13060,0.0,9.358798861503601,0.0,2.805682122707367,7.0,7.0,1.0,61.0,60.0,56.0,61.0,44.0,1.0,23.0,5.0,-1.7784767150878906,-0.4462239146232605,2.0,-1.3111999034881592,-0.35802024602890015,-64.61129477169703,0.0,8.91257494688034,0.0,2.447661876678467,8.0,8.0,1.0,62.0,61.0,57.0,62.0,45.0,2.0,24.0,0.0
13061,0.0,8.91257494688034,0.0,2.447661876678467,8.0,8.0,1.0,62.0,61.0,57.0,62.0,45.0,2.0,24.0,5.0,-1.214954137802124,0.0642511174082756,2.0,-1.6730949878692627,-1.1060000658035278,-59.95463893759006,0.0,8.976826064288616,0.0,1.341661810874939,9.0,9.0,2.0,63.0,62.0,58.0,63.0,46.0,3.0,25.0,0.0
13062,0.0,8.976826064288616,0.0,1.341661810874939,9.0,9.0,2.0,63.0,62.0,58.0,63.0,46.0,3.0,25.0,8.0,-1.6833657026290894,-1.0577549934387207,4.0,-1.7120929956436157,-1.712509036064148,-54.19587821346651,0.0,7.9190710708498955,0.0,0.0,10.0,10.0,3.0,64.0,63.0,59.0,64.0,47.0,1.0,26.0,0.0
13063,0.0,7.9190710708498955,0.0,0.0,10.0,10.0,3.0,64.0,63.0,59.0,64.0,47.0,1.0,26.0,5.0,-1.1138993501663208,-1.2972033023834229,2.0,-1.5603466033935547,0.3015917241573334,-58.60046403571373,0.0,6.621867768466473,0.0,0.3015917241573334,11.0,11.0,4.0,65.0,64.0,60.0,65.0,48.0,2.0,27.0,0.0
13064,0.0,6.621867768466473,0.0,0.3015917241573334,11.0,11.0,4.0,65.0,64.0,60.0,65.0,48.0,2.0,27.0,8.0,-1.2889606952667236,-1.3443191051483154,4.0,-0.236612930893898,-1.9043430089950562,-52.79019689397467,0.0,5.277548663318157,0.0,0.0,12.0,12.0,5.0,66.0,65.0,61.0,66.0,49.0,1.0,28.0,0.0
13065,0.0,5.277548663318157,0.0,0.0,12.0,12.0,5.0,66.0,65.0,61.0,66.0,49.0,1.0,28.0,5.0,-1.0511945486068726,0.019686078652739525,4.0,-1.8545866012573242,0.6922433376312256,-59.37938950230307,0.0,5.297234741970897,0.0,0.6922433376312256,13.0,13.0,6.0,67.0,66.0,62.0,67.0,50.0,2.0,29.0,0.0
13066,0.0,5.297234741970897,0.0,0.6922433376312256,13.0,13.0,6.0,67.0,66.0,62.0,67.0,50.0,2.0,29.0,5.0,0.8623796701431274,1.1617587804794312,4.0,-1.4457333087921143,0.25710102915763855,-41.82659549224723,0.8623796701431274,6.458993522450328,0.0,0.9493443667888641,14.0,14.0,7.0,68.0,67.0,1.0,68.0,51.0,3.0,30.0,0.0
13067,0.8623796701431274,6.458993522450328,0.0,0.9493443667888641,14.0,14.0,7.0,68.0,67.0,1.0,68.0,51.0,3.0,30.0,10.0,-1.9560027122497559,0.9848303198814392,4.0,-1.5442754030227661,1.9639465808868408,-44.23623042106628,0.0,7.443823842331767,0.0,2.913290947675705,15.0,15.0,8.0,69.0,1.0,2.0,69.0,52.0,4.0,31.0,0.0
13068,0.0,7.443823842331767,0.0,2.913290947675705,15.0,15.0,8.0,69.0,1.0,2.0,69.0,52.0,4.0,31.0,10.0,-1.9112598896026611,-1.1954729557037354,10.0,-1.3615728616714478,1.9855010509490967,-46.71259889602661,0.0,6.248350886628032,0.0,4.898791998624802,16.0,16.0,9.0,70.0,2.0,3.0,70.0,53.0,5.0,32.0,0.0
13069,0.0,6.248350886628032,0.0,4.898791998624802,16.0,16.0,9.0,70.0,2.0,3.0,70.0,53.0,5.0,32.0,9.0,-1.958147644996643,-0.2848542034626007,10.0,-1.8370124101638794,1.9548753499984741,-47.46648490159197,0.0,5.963496683165431,0.0,6.853667348623276,17.0,17.0,10.0,71.0,3.0,4.0,71.0,54.0,6.0,1.0,0.0
13070,0.0,5.963496683165431,0.0,6.853667348623276,17.0,17.0,10.0,71.0,3.0,4.0,71.0,54.0,6.0,1.0,10.0,-1.1805003881454468,1.2411084175109863,10.0,-1.9153764247894287,1.9934886693954468,-38.205003881454466,0.0,7.204605100676417,0.0,8.847156018018723,18.0,18.0,11.0,72.0,4.0,5.0,72.0,55.0,7.0,2.0,0.0
13071,0.0,7.204605100676417,0.0,8.847156018018723,18.0,18.0,11.0,72.0,4.0,5.0,72.0,55.0,7.0,2.0,10.0,-1.6608946323394775,0.3118666410446167,10.0,-1.9523131847381592,1.9879778623580933,-44.008946323394774,0.0,7.516471741721034,0.0,10.0,19.0,19.0,12.0,73.0,5.0,6.0,73.0,56.0,8.0,3.0,0.0
13072,0.0,7.516471741721034,0.0,10.0,19.0,19.0,12.0,73.0,5.0,6.0,73.0,56.0,8.0,3.0,10.0,-1.9042339324951172,0.6585268974304199,10.0,-1.9587452411651611,1.9940407276153564,-47.44233932495117,0.0,8.174998639151454,0.0,10.0,20.0,20.0,13.0,74.0,6.0,7.0,74.0,57.0,9.0,4.0,0.0
13073,0.0,8.174998639151454,0.0,10.0,20.0,20.0,13.0,74.0,6.0,7.0,74.0,57.0,9.0,4.0,10.0,-1.6453629732131958,1.2146106958389282,10.0,-1.9707459211349487,1.9959375858306885,-45.85362973213196,0.0,9.389609334990382,0.0,10.0,21.0,21.0,14.0,75.0,7.0,8.0,75.0,58.0,10.0,5.0,0.0
13074,0.0,9.389609334990382,0.0,10.0,21.0,21.0,14.0,75.0,7.0,8.0,75.0,58.0,10.0,5.0,10.0,-1.703028678894043,-1.0853310823440552,6.0,-1.9968352317810059,1.994871973991394,-47.43028678894043,0.0,8.304278252646327,0.0,10.0,22.0,22.0,15.0,76.0,8.0,9.0,76.0,59.0,11.0,6.0,0.0
13075,0.0,8.304278252646327,0.0,10.0,22.0,22.0,15.0,76.0,8.0,9.0,76.0,59.0,11.0,6.0,10.0,-1.2325096130371094,1.4175478219985962,6.0,-1.979369878768921,1.986690640449524,-43.72509613037109,0.0,9.721826074644923,0.0,10.0,23.0,23.0,16.0,77.0,9.0,10.0,77.0,60.0,12.0,7.0,0.0
13076,0.0,9.721826074644923,0.0,10.0,23.0,23.0,16.0,77.0,9.0,10.0,77.0,60.0,12.0,7.0,10.0,-1.8360846042633057,0.027414392679929733,10.0,-1.9632025957107544,1.9873517751693726,-50.760846042633055,0.0,9.749240467324853,0.0,10.0,24.0,24.0,17.0,78.0,10.0,11.0,78.0,61.0,13.0,8.0,0.0
13077,0.0,9.749240467324853,0.0,10.0,24.0,24.0,17.0,78.0,10.0,11.0,78.0,61.0,13.0,8.0,10.0,-1.944043755531311,-0.4538387656211853,10.0,-1.9893712997436523,1.9687756299972534,-52.84043755531311,0.0,9.295401701703668,0.0,10.0,25.0,25.0,18.0,79.0,11.0,12.0,79.0,62.0,14.0,9.0,0.0
13078,0.0,9.295401701703668,0.0,10.0,25.0,25.0,18.0,79.0,11.0,12.0,79.0,62.0,14.0,9.0,10.0,-1.952913761138916,-1.1495556831359863,10.0,-1.9684470891952515,1.9866344928741455,-53.92913761138916,0.0,8.145846018567681,0.0,10.0,26.0,26.0,19.0,80.0,12.0,13.0,80.0,63.0,15.0,10.0,0.0
13079,0.0,8.145846018567681,0.0,10.0,26.0,26.0,19.0,80.0,12.0,13.0,80.0,63.0,15.0,10.0,10.0,-1.802340030670166,0.23350748419761658,10.0,-1.9910295009613037,1.9238115549087524,-53.42340030670166,0.0,8.379353502765298,0.0,10.0,27.0,27.0,20.0,81.0,13.0,14.0,81.0,64.0,16.0,11.0,0.0
13080,0.0,8.379353502765298,0.0,10.0,27.0,27.0,20.0,81.0,13.0,14.0,81.0,64.0,16.0,11.0,10.0,-1.873200535774231,0.9142407178878784,1.0,-1.9660593271255493,1.943769097328186,-55.13200535774231,0.0,9.293594220653176,0.0,10.0,28.0,28.0,21.0,82.0,14.0,15.0,82.0,65.0,17.0,12.0,0.0
13081,0.0,9.293594220653176,0.0,10.0,28.0,28.0,21.0,82.0,14.0,15.0,82.0,65.0,17.0,12.0,10.0,-1.7886461019515991,-0.19942529499530792,7.0,-1.9184372425079346,1.9538884162902832,-55.28646101951599,0.0,9.094168925657868,0.0,10.0,29.0,29.0,22.0,83.0,15.0,16.0,83.0,66.0,18.0,13.0,0.0
13082,0.0,9.094168925657868,0.0,10.0,29.0,29.0,22.0,83.0,15.0,16.0,83.0,66.0,18.0,13.0,9.0,-1.982271671295166,0.0680176168680191,10.0,-1.9868946075439453,1.8685084581375122,-63.93221087560917,0.0,9.162186542525887,0.0,10.0,30.0,30.0,23.0,84.0,16.0,17.0,84.0,67.0,19.0,1.0,0.0
13083,0.0,9.162186542525887,0.0,10.0,30.0,30.0,23.0,84.0,16.0,17.0,84.0,67.0,19.0,1.0,10.0,-1.2841349840164185,-0.6450281143188477,10.0,-1.9740310907363892,1.9403784275054932,-50.941349840164186,0.0,8.51715842820704,0.0,10.0,31.0,31.0,24.0,85.0,17.0,18.0,85.0,68.0,20.0,2.0,0.0
13084,0.0,8.51715842820704,0.0,10.0,31.0,31.0,24.0,85.0,17.0,18.0,85.0,68.0,20.0,2.0,5.0,-1.96421217918396,-1.7966411113739014,6.0,-1.9831125736236572,1.9240342378616333,-70.55469966665562,0.0,6.7205173168331385,0.0,10.0,32.0,32.0,25.0,86.0,18.0,19.0,86.0,69.0,21.0,3.0,0.0
13085,0.0,6.7205173168331385,0.0,10.0,32.0,32.0,25.0,86.0,18.0,19.0,86.0,69.0,21.0,3.0,10.0,-1.9160079956054688,-0.483379989862442,7.0,-1.9853036403656006,1.739778757095337,-59.26007995605469,0.0,6.2371373269706964,0.0,10.0,33.0,33.0,26.0,87.0,19.0,20.0,87.0,70.0,22.0,4.0,0.0
13086,0.0,6.2371373269706964,0.0,10.0,33.0,33.0,26.0,87.0,19.0,20.0,87.0,70.0,22.0,4.0,9.0,-1.9335986375808716,-1.390303611755371,10.0,-1.8865618705749512,1.764642596244812,-61.688409565415405,0.0,4.846833715215325,0.0,10.0,34.0,34.0,27.0,88.0,20.0,21.0,88.0,71.0,23.0,1.0,0.0
13087,0.0,4.846833715215325,0.0,10.0,34.0,34.0,27.0,88.0,20.0,21.0,88.0,71.0,23.0,1.0,10.0,-1.9135924577713013,-1.014358639717102,10.0,-1.9915685653686523,1.5818475484848022,-60.835924577713016,0.0,3.8324750754982233,0.0,10.0,35.0,35.0,28.0,89.0,21.0,22.0,89.0,72.0,24.0,2.0,0.0
13088,0.0,3.8324750754982233,0.0,10.0,35.0,35.0,28.0,89.0,21.0,22.0,89.0,72.0,24.0,2.0,9.0,-1.965575098991394,1.1885957717895508,1.0,-1.9745969772338867,1.4323477745056152,-63.912633732226205,0.0,5.021070847287774,0.0,10.0,36.0,36.0,29.0,90.0,22.0,23.0,90.0,73.0,25.0,1.0,0.0
13089,0.0,5.021070847287774,0.0,10.0,36.0,36.0,29.0,90.0,22.0,23.0,90.0,73.0,25.0,1.0,5.0,-1.7800134420394897,-0.14271946251392365,7.0,-1.994109869003296,1.5296697616577148,-72.6561781701608,0.0,4.87835138477385,0.0,10.0,37.0,37.0,30.0,91.0,23.0,24.0,91.0,74.0,26.0,2.0,0.0
13090,0.0,4.87835138477385,0.0,10.0,37.0,37.0,30.0,91.0,23.0,24.0,91.0,74.0,26.0,2.0,10.0,-1.158555030822754,-0.19399769604206085,10.0,-1.9843357801437378,1.4857885837554932,-56.08555030822754,0.0,4.68435368873179,0.0,10.0,38.0,38.0,31.0,92.0,24.0,25.0,92.0,75.0,27.0,3.0,0.0
13091,0.0,4.68435368873179,0.0,10.0,38.0,38.0,31.0,92.0,24.0,25.0,92.0,75.0,27.0,3.0,10.0,-1.901432991027832,-1.5616834163665771,10.0,-1.9772578477859497,1.5063371658325195,-64.51432991027832,0.0,3.1226702723652124,0.0,10.0,39.0,39.0,32.0,93.0,25.0,26.0,93.0,76.0,28.0,4.0,0.0
13092,0.0,3.1226702723652124,0.0,10.0,39.0,39.0,32.0,93.0,25.0,26.0,93.0,76.0,28.0,4.0,9.0,-1.925784707069397,-0.8196430802345276,1.0,-1.9948979616165161,0.5261850357055664,-66.5568915904049,0.0,2.303027192130685,0.0,10.0,40.0,40.0,33.0,94.0,26.0,27.0,94.0,77.0,29.0,1.0,0.0
13093,0.0,2.303027192130685,0.0,10.0,40.0,40.0,33.0,94.0,26.0,27.0,94.0,77.0,29.0,1.0,10.0,-1.852115273475647,0.11729206144809723,10.0,-1.9985501766204834,0.2518598139286041,-65.62115273475646,0.0,2.420319253578782,0.0,10.0,41.0,41.0,34.0,95.0,27.0,28.0,95.0,78.0,30.0,2.0,0.0
13094,0.0,2.420319253578782,0.0,10.0,41.0,41.0,34.0,95.0,27.0,28.0,95.0,78.0,30.0,2.0,9.0,-1.527448296546936,-0.8024370074272156,7.0,-1.9961813688278198,1.024090051651001,-64.59432163572234,0.0,1.6178822461515665,0.0,10.0,42.0,42.0,35.0,96.0,28.0,29.0,96.0,79.0,31.0,1.0,0.0
13095,0.0,1.6178822461515665,0.0,10.0,42.0,42.0,35.0,96.0,28.0,29.0,96.0,79.0,31.0,1.0,9.0,-1.9456396102905273,0.004016632214188576,7.0,-1.9916574954986572,0.136260986328125,-69.67451632162995,0.0,1.621898878365755,0.0,10.0,43.0,43.0,36.0,97.0,29.0,30.0,97.0,80.0,32.0,1.0,0.0
13096,0.0,1.621898878365755,0.0,10.0,43.0,43.0,36.0,97.0,29.0,30.0,97.0,80.0,32.0,1.0,9.0,-1.8552919626235962,0.30625125765800476,2.0,-1.9983203411102295,0.9648454785346985,-69.55474325652638,0.0,1.9281501360237598,0.0,10.0,44.0,44.0,1.0,98.0,30.0,31.0,98.0,81.0,33.0,1.0,0.0
13097,0.0,1.9281501360237598,0.0,10.0,44.0,44.0,1.0,98.0,30.0,31.0,98.0,81.0,33.0,1.0,5.0,-1.9603393077850342,1.2965843677520752,4.0,-1.998185396194458,-1.0170410871505737,-78.54563605307337,0.0,3.224734503775835,0.0,8.982958912849426,45.0,45.0,2.0,99.0,31.0,32.0,99.0,82.0,34.0,2.0,0.0
13098,0.0,3.224734503775835,0.0,8.982958912849426,45.0,45.0,2.0,99.0,31.0,32.0,99.0,82.0,34.0,2.0,5.0,-1.985785722732544,0.01766348071396351,7.0,-1.9993093013763428,-0.7114966511726379,-79.7904277782889,0.0,3.2423979844897985,0.0,8.271462261676788,46.0,46.0,3.0,100.0,32.0,33.0,100.0,83.0,35.0,3.0,0.0
13099,0.0,3.2423979844897985,0.0,8.271462261676788,46.0,46.0,3.0,100.0,32.0,33.0,100.0,83.0,35.0,3.0,9.0,-1.2488733530044556,-0.6059383749961853,10.0,-1.9983479976654053,-0.1321873515844345,-62.23296858045163,0.0,2.6364596094936132,0.0,8.139274910092354,47.0,47.0,4.0,100.0,33.0,34.0,100.0,84.0,36.0,1.0,1.0
13100,1.7891333103179932,2.2791941165924072,7.15986442565918,7.473827362060547,1.0,1.0,1.0,1.0,1.0,1.0,1.0,1.0,1.0,1.0,2.0,-1.996216893196106,1.894801378250122,4.0,-1.9209107160568237,-1.9830988645553589,-11.912462555572528,0.0,4.173995494842529,5.238953709602356,5.490728497505188,2.0,2.0,1.0,2.0,1.0,2.0,2.0,2.0,2.0,2.0,0.0
13101,0.0,4.173995494842529,5.238953709602356,5.490728497505188,2.0,2.0,1.0,2.0,1.0,2.0,2.0,2.0,2.0,2.0,2.0,-1.8845161199569702,1.1831796169281006,2.0,-1.9832468032836914,-1.9839763641357422,-28.667236609644505,0.0,5.35717511177063,3.2557069063186646,3.506752133369446,3.0,3.0,1.0,3.0,2.0,3.0,3.0,3.0,3.0,3.0,0.0
13102,0.0,5.35717511177063,3.2557069063186646,3.506752133369446,3.0,3.0,1.0,3.0,2.0,3.0,3.0,3.0,3.0,3.0,2.0,-1.1228758096694946,-1.0438753366470337,2.0,-1.7044624090194702,-1.9675533771514893,-22.651353601939338,0.0,4.313299775123596,1.5512444972991943,1.5391987562179565,4.0,4.0,1.0,4.0,3.0,4.0,4.0,4.0,4.0,4.0,0.0
13103,0.0,4.313299775123596,1.5512444972991943,1.5391987562179565,4.0,4.0,1.0,4.0,3.0,4.0,4.0,4.0,4.0,4.0,5.0,-1.7539005279541016,-1.8064191341400146,4.0,-1.1829782724380493,-1.5780166387557983,-34.4561801209779,0.0,2.5068806409835815,0.368266224861145,0.0,5.0,5.0,2.0,5.0,4.0,5.0,5.0,5.0,5.0,5.0,0.0
13104,0.0,2.5068806409835815,0.368266224861145,0.0,5.0,5.0,2.0,5.0,4.0,5.0,5.0,5.0,5.0,5.0,8.0,-0.7283585667610168,0.145139679312706,2.0,0.15921151638031006,-1.721082329750061,-18.661536248707286,0.0,2.6520203202962875,0.5274777412414551,0.0,6.0,6.0,3.0,6.0,5.0,6.0,6.0,6.0,1.0,6.0,0.0
13105,0.0,2.6520203202962875,0.5274777412414551,0.0,6.0,6.0,3.0,6.0,5.0,6.0,6.0,6.0,1.0,6.0,5.0,-1.7752330303192139,-1.5066601037979126,0.0,-1.2680493593215942,-0.334258496761322,-37.50910872157792,0.0,1.145360216498375,0.0,0.0,1.0,7.0,4.0,7.0,6.0,7.0,7.0,7.0,2.0,7.0,0.0
13106,0.0,1.145360216498375,0.0,0.0,1.0,7.0,4.0,7.0,6.0,7.0,7.0,7.0,2.0,7.0,8.0,0.14692090451717377,0.8535327315330505,0.0,-1.051437497138977,0.5610021948814392,-13.446801583556095,0.14692090451717377,1.9988929480314255,0.0,0.5610021948814392,1.0,8.0,5.0,8.0,7.0,8.0,8.0,8.0,1.0,8.0,0.0
13107,0.14692090451717377,1.9988929480314255,0.0,0.5610021948814392,1.0,8.0,5.0,8.0,7.0,8.0,8.0,8.0,1.0,8.0,9.0,-0.6128900647163391,-0.397183895111084,4.0,-0.418449342250824,-1.451955795288086,-12.486500325757817,0.0,1.6017090529203415,0.0,0.0,2.0,9.0,6.0,9.0,8.0,9.0,9.0,9.0,2.0,1.0,0.0
13108,0.0,1.6017090529203415,0.0,0.0,2.0,9.0,6.0,9.0,8.0,9.0,9.0,9.0,2.0,1.0,8.0,-1.5204691886901855,-1.715425968170166,8.0,-1.871154546737671,-0.3013206720352173,-34.000907409071786,0.0,0.0,0.0,0.0,3.0,10.0,7.0,10.0,9.0,10.0,10.0,10.0,3.0,2.0,0.0
13109,0.0,0.0,0.0,0.0,3.0,10.0,7.0,10.0,9.0,10.0,10.0,10.0,3.0,2.0,5.0,-0.853518545627594,-0.12548889219760895,0.0,-1.4170849323272705,-1.523651123046875,-32.25569250470714,0.0,0.0,0.0,0.0,1.0,11.0,8.0,11.0,10.0,11.0,11.0,11.0,4.0,3.0,0.0
13110,0.0,0.0,0.0,0.0,1.0,11.0,8.0,11.0,10.0,11.0,11.0,11.0,4.0,3.0,9.0,1.089396595954895,1.6892343759536743,8.0,-1.6418163776397705,-0.915645182132721,-9.529725815126206,1.089396595954895,1.6892343759536743,0.0,0.0,2.0,12.0,9.0,12.0,11.0,12.0,12.0,12.0,5.0,1.0,0.0
13111,1.089396595954895,1.6892343759536743,0.0,0.0,2.0,12.0,9.0,12.0,11.0,12.0,12.0,12.0,5.0,1.0,5.0,-1.2600940465927124,-1.936471939086914,2.0,-1.4443793296813965,-0.41316309571266174,-28.03314731524166,0.0,0.0,0.0,0.0,3.0,13.0,10.0,13.0,12.0,13.0,13.0,13.0,6.0,2.0,0.0
13112,0.0,0.0,0.0,0.0,3.0,13.0,10.0,13.0,12.0,13.0,13.0,13.0,6.0,2.0,1.0,0.4397750198841095,-0.7392984628677368,0.0,-1.5253469944000244,-1.6612813472747803,-24.687400156086532,0.4397750198841095,0.0,0.0,0.0,1.0,1.0,11.0,14.0,13.0,14.0,14.0,14.0,7.0,3.0,0.0
13113,0.4397750198841095,0.0,0.0,0.0,1.0,1.0,11.0,14.0,13.0,14.0,14.0,14.0,7.0,3.0,8.0,0.673893392086029,1.4551279544830322,7.0,-1.8684366941452026,-0.12361526489257812,-16.610065152823378,1.1136684119701385,1.4551279544830322,0.0,0.0,2.0,2.0,12.0,15.0,14.0,15.0,15.0,1.0,1.0,4.0,0.0
13114,1.1136684119701385,1.4551279544830322,0.0,0.0,2.0,2.0,12.0,15.0,14.0,15.0,15.0,1.0,1.0,4.0,8.0,-1.7568734884262085,1.4506391286849976,4.0,-1.0408324003219604,1.5266872644424438,-21.33863205914657,0.0,2.90576708316803,0.0,1.5266872644424438,3.0,3.0,13.0,16.0,15.0,16.0,16.0,2.0,1.0,5.0,0.0
13115,0.0,2.90576708316803,0.0,1.5266872644424438,3.0,3.0,13.0,16.0,15.0,16.0,16.0,2.0,1.0,5.0,2.0,-1.2277686595916748,1.241544246673584,4.0,-1.8657865524291992,1.3615965843200684,-28.9428006564885,0.0,4.147311329841614,0.0,2.888283848762512,4.0,4.0,1.0,17.0,1.0,17.0,17.0,3.0,2.0,6.0,0.0
13116,0.0,4.147311329841614,0.0,2.888283848762512,4.0,4.0,1.0,17.0,1.0,17.0,17.0,3.0,2.0,6.0,5.0,0.17168553173542023,1.8292503356933594,1.0,-1.8500043153762817,0.1540929526090622,-19.25374665817912,0.17168553173542023,5.976561665534973,0.0,3.0423768013715744,5.0,1.0,2.0,18.0,2.0,18.0,18.0,4.0,3.0,7.0,0.0
13117,0.17168553173542023,5.976561665534973,0.0,3.0423768013715744,5.0,1.0,2.0,18.0,2.0,18.0,18.0,4.0,3.0,7.0,8.0,-1.749004602432251,0.5753423571586609,1.0,-1.9441124200820923,1.3369686603546143,-27.04751803420691,0.0,6.551904022693634,0.0,4.379345461726189,6.0,1.0,3.0,19.0,3.0,19.0,19.0,5.0,1.0,8.0,0.0
13118,0.0,6.551904022693634,0.0,4.379345461726189,6.0,1.0,3.0,19.0,3.0,19.0,19.0,5.0,1.0,8.0,5.0,-1.1277565956115723,0.4126022160053253,4.0,-1.975852608680725,0.5216479897499084,-32.62950509420823,0.0,6.964506238698959,0.0,4.900993451476097,7.0,2.0,4.0,20.0,1.0,20.0,20.0,6.0,2.0,9.0,0.0
13119,0.0,6.964506238698959,0.0,4.900993451476097,7.0,2.0,4.0,20.0,1.0,20.0,20.0,6.0,2.0,9.0,5.0,-0.47125646471977234,1.6854804754257202,5.0,-1.9564019441604614,0.3478029668331146,-28.231287114257157,0.0,8.64998671412468,0.0,5.248796418309212,8.0,3.0,5.0,21.0,2.0,21.0,21.0,7.0,3.0,10.0,0.0
13120,0.0,8.64998671412468,0.0,5.248796418309212,8.0,3.0,5.0,21.0,2.0,21.0,21.0,7.0,3.0,10.0,8.0,-1.9873111248016357,0.6188017129898071,2.0,-1.8211883306503296,-0.19841870665550232,-33.793046185499946,0.0,9.268788427114487,0.0,5.050377711653709,9.0,4.0,1.0,22.0,3.0,22.0,22.0,8.0,1.0,11.0,0.0
13121,0.0,9.268788427114487,0.0,5.050377711653709,9.0,4.0,1.0,22.0,3.0,22.0,22.0,8.0,1.0,11.0,5.0,-1.5819334983825684,1.5027700662612915,2.0,-1.8914499282836914,-1.1145505905151367,-44.12936391544401,0.0,10.0,0.0,3.9358271211385727,10.0,5.0,1.0,23.0,4.0,23.0,23.0,9.0,2.0,12.0,0.0
13122,0.0,10.0,0.0,3.9358271211385727,10.0,5.0,1.0,23.0,4.0,23.0,23.0,9.0,2.0,12.0,5.0,-1.3957337141036987,1.058842420578003,10.0,-1.8878225088119507,-1.7322911024093628,-44.94793911451438,0.0,10.0,0.0,2.20353601872921,11.0,6.0,2.0,24.0,5.0,24.0,24.0,10.0,3.0,13.0,0.0
13123,0.0,10.0,0.0,2.20353601872921,11.0,6.0,2.0,24.0,5.0,24.0,24.0,10.0,3.0,13.0,8.0,-1.5304135084152222,-0.36156758666038513,1.0,-1.6978713274002075,1.463475227355957,-31.547933528047555,0.0,9.638432413339615,0.0,3.667011246085167,12.0,1.0,3.0,25.0,6.0,25.0,25.0,11.0,1.0,14.0,0.0
13124,0.0,9.638432413339615,0.0,3.667011246085167,12.0,1.0,3.0,25.0,6.0,25.0,25.0,11.0,1.0,14.0,5.0,-1.45947265625,0.3004665672779083,2.0,-1.9614812135696411,-0.8406690955162048,-43.029348649315445,0.0,9.938898980617523,0.0,2.826342150568962,13.0,2.0,1.0,26.0,7.0,26.0,26.0,12.0,2.0,15.0,0.0
13125,0.0,9.938898980617523,0.0,2.826342150568962,13.0,2.0,1.0,26.0,7.0,26.0,26.0,12.0,2.0,15.0,8.0,-1.4179966449737549,-0.8340678215026855,1.0,-1.8487478494644165,1.6846362352371216,-31.01416632237376,0.0,9.104831159114838,0.0,4.510978385806084,14.0,1.0,2.0,27.0,8.0,27.0,27.0,13.0,1.0,16.0,0.0
13126,0.0,9.104831159114838,0.0,4.510978385806084,14.0,1.0,2.0,27.0,8.0,27.0,27.0,13.0,1.0,16.0,8.0,-1.728978157043457,1.1135237216949463,2.0,-1.9733308553695679,-0.43749579787254333,-35.530867723556135,0.0,10.0,0.0,4.07348258793354,15.0,2.0,1.0,28.0,9.0,28.0,28.0,14.0,1.0,17.0,0.0
13127,0.0,10.0,0.0,4.07348258793354,15.0,2.0,1.0,28.0,9.0,28.0,28.0,14.0,1.0,17.0,5.0,-1.608689308166504,-1.4101006984710693,1.0,-1.8460692167282104,-1.7034019231796265,-44.73818651590832,0.0,8.58989930152893,0.0,2.370080664753914,16.0,1.0,2.0,29.0,10.0,29.0,29.0,15.0,2.0,18.0,0.0
13128,0.0,8.58989930152893,0.0,2.370080664753914,16.0,1.0,2.0,29.0,10.0,29.0,29.0,15.0,2.0,18.0,5.0,-0.9008961319923401,1.1253293752670288,2.0,-1.8730168342590332,-0.5453692674636841,-39.90888544846764,0.0,9.71522867679596,0.0,1.8247113972902298,17.0,2.0,3.0,30.0,11.0,30.0,30.0,16.0,3.0,19.0,0.0
13129,0.0,9.71522867679596,0.0,1.8247113972902298,17.0,2.0,3.0,30.0,11.0,30.0,30.0,16.0,3.0,19.0,5.0,-1.8194223642349243,1.5419690608978271,7.0,-1.9912792444229126,1.4428291320800781,-54.44400240900627,0.0,10.0,0.0,3.267540529370308,18.0,3.0,4.0,31.0,12.0,31.0,31.0,1.0,4.0,20.0,0.0
13130,0.0,10.0,0.0,3.267540529370308,18.0,3.0,4.0,31.0,12.0,31.0,31.0,1.0,4.0,20.0,8.0,-1.9291540384292603,1.939308524131775,4.0,-1.954644799232483,1.2565226554870605,-47.05800534676111,0.0,10.0,0.0,4.5240631848573685,19.0,4.0,5.0,32.0,1.0,32.0,32.0,2.0,1.0,21.0,0.0
13131,0.0,10.0,0.0,4.5240631848573685,19.0,4.0,5.0,32.0,1.0,32.0,32.0,2.0,1.0,21.0,5.0,-1.9505912065505981,1.919450044631958,2.0,-1.9978159666061401,-0.3631337881088257,-58.49496005713094,0.0,10.0,0.0,4.160929396748543,20.0,5.0,1.0,33.0,2.0,33.0,33.0,3.0,2.0,22.0,0.0
13132,0.0,10.0,0.0,4.160929396748543,20.0,5.0,1.0,33.0,2.0,33.0,33.0,3.0,2.0,22.0,5.0,-1.9129118919372559,1.9950891733169556,4.0,-1.7608234882354736,1.345436453819275,-59.26859934076434,0.0,10.0,0.0,5.506365850567818,21.0,6.0,2.0,34.0,1.0,34.0,34.0,4.0,3.0,23.0,0.0
13133,0.0,10.0,0.0,5.506365850567818,21.0,6.0,2.0,34.0,1.0,34.0,34.0,4.0,3.0,23.0,5.0,-1.8019251823425293,1.9963245391845703,1.0,-1.9884092807769775,0.5329166054725647,-59.321585530138215,0.0,10.0,0.0,6.039282456040382,22.0,1.0,3.0,35.0,2.0,35.0,35.0,5.0,4.0,24.0,0.0
13134,0.0,10.0,0.0,6.039282456040382,22.0,1.0,3.0,35.0,2.0,35.0,35.0,5.0,4.0,24.0,5.0,-1.7550857067108154,1.9834139347076416,4.0,-1.998656153678894,-1.1001015901565552,-59.31319198825615,0.0,10.0,0.0,4.939180865883827,23.0,2.0,4.0,36.0,1.0,36.0,36.0,6.0,5.0,25.0,0.0
13135,0.0,10.0,0.0,4.939180865883827,23.0,2.0,4.0,36.0,1.0,36.0,36.0,6.0,5.0,25.0,5.0,-1.8184258937835693,1.99228835105896,5.0,-1.995888590812683,-0.06401242315769196,-60.60259956758639,0.0,10.0,0.0,4.875168442726135,24.0,3.0,5.0,37.0,2.0,37.0,37.0,7.0,6.0,26.0,0.0
13136,0.0,10.0,0.0,4.875168442726135,24.0,3.0,5.0,37.0,2.0,37.0,37.0,7.0,6.0,26.0,5.0,-1.4307342767715454,1.9827922582626343,2.0,-1.9916657209396362,0.9198299646377563,-59.07965123115145,0.0,10.0,0.0,5.794998407363892,25.0,4.0,1.0,38.0,3.0,38.0,38.0,8.0,7.0,27.0,0.0
13137,0.0,10.0,0.0,5.794998407363892,25.0,4.0,1.0,38.0,3.0,38.0,38.0,8.0,7.0,27.0,5.0,-1.0469789505004883,1.9729903936386108,1.0,-1.920699119567871,-1.1470544338226318,-57.464497169462106,0.0,10.0,0.0,4.64794397354126,26.0,1.0,2.0,39.0,4.0,39.0,39.0,9.0,8.0,28.0,0.0
13138,0.0,10.0,0.0,4.64794397354126,26.0,1.0,2.0,39.0,4.0,39.0,39.0,9.0,8.0,28.0,8.0,-1.4055737257003784,1.898607850074768,5.0,-1.9975587129592896,1.5505648851394653,-46.92651289248312,0.0,10.0,0.0,6.198508858680725,27.0,2.0,3.0,40.0,5.0,40.0,40.0,10.0,1.0,29.0,0.0
13139,0.0,10.0,0.0,6.198508858680725,27.0,2.0,3.0,40.0,5.0,40.0,40.0,10.0,1.0,29.0,8.0,-1.765293002128601,1.8265165090560913,4.0,-1.9676053524017334,-0.4644060730934143,-49.60536794299462,0.0,10.0,0.0,5.734102785587311,28.0,3.0,4.0,41.0,1.0,41.0,41.0,11.0,1.0,30.0,0.0
13140,0.0,10.0,0.0,5.734102785587311,28.0,3.0,4.0,41.0,1.0,41.0,41.0,11.0,1.0,30.0,5.0,-1.167539119720459,1.997170090675354,2.0,-1.9991650581359863,-0.8397146463394165,-59.46278546112487,0.0,10.0,0.0,4.894388139247894,29.0,4.0,1.0,42.0,2.0,42.0,42.0,12.0,2.0,31.0,0.0
13141,0.0,10.0,0.0,4.894388139247894,29.0,4.0,1.0,42.0,2.0,42.0,42.0,12.0,2.0,31.0,5.0,-1.7633154392242432,1.9714466333389282,2.0,-1.9422482252120972,-0.37786683440208435,-63.37848188202478,0.0,10.0,0.0,4.51652130484581,30.0,5.0,1.0,43.0,3.0,43.0,43.0,13.0,3.0,32.0,0.0
13142,0.0,10.0,0.0,4.51652130484581,30.0,5.0,1.0,43.0,3.0,43.0,43.0,13.0,3.0,32.0,5.0,-1.1145734786987305,1.9877254962921143,1.0,-1.999922275543213,-0.774185061454773,-60.617621600033914,0.0,10.0,0.0,3.742336243391037,31.0,1.0,2.0,44.0,4.0,44.0,44.0,14.0,4.0,33.0,0.0
13143,0.0,10.0,0.0,3.742336243391037,31.0,1.0,2.0,44.0,4.0,44.0,44.0,14.0,4.0,33.0,8.0,-1.8933416604995728,1.937666654586792,2.0,-1.9917384386062622,-0.0732797160744667,-53.394882696291695,0.0,10.0,0.0,3.6690565273165703,32.0,2.0,1.0,45.0,5.0,45.0,45.0,15.0,1.0,34.0,0.0
13144,0.0,10.0,0.0,3.6690565273165703,32.0,2.0,1.0,45.0,5.0,45.0,45.0,15.0,1.0,34.0,5.0,-1.8507500886917114,1.9953709840774536,4.0,-1.924797534942627,-1.7216908931732178,-65.94415235765513,0.0,10.0,0.0,1.9473656341433525,33.0,3.0,2.0,46.0,6.0,46.0,46.0,16.0,2.0,35.0,0.0
13145,0.0,10.0,0.0,1.9473656341433525,33.0,3.0,2.0,46.0,6.0,46.0,46.0,16.0,2.0,35.0,9.0,0.6075088381767273,1.9717549085617065,4.0,-1.996073842048645,-1.5739136934280396,-49.02268511924184,0.6075088381767273,10.0,0.0,0.37345194071531296,34.0,4.0,3.0,47.0,7.0,47.0,47.0,17.0,3.0,1.0,0.0
13146,0.6075088381767273,10.0,0.0,0.37345194071531296,34.0,4.0,3.0,47.0,7.0,47.0,47.0,17.0,3.0,1.0,8.0,-1.8760696649551392,1.9638525247573853,4.0,-1.9961087703704834,-0.7851905822753906,-48.68314971477601,0.0,10.0,0.0,0.0,35.0,5.0,4.0,48.0,8.0,48.0,48.0,18.0,1.0,2.0,0.0
13147,0.0,10.0,0.0,0.0,35.0,5.0,4.0,48.0,8.0,48.0,48.0,18.0,1.0,2.0,8.0,-1.7778533697128296,1.5804414749145508,7.0,-1.9826334714889526,0.3706985414028168,-49.99147343001604,0.0,10.0,0.0,0.3706985414028168,36.0,6.0,5.0,49.0,9.0,49.0,49.0,1.0,1.0,3.0,0.0
13148,0.0,10.0,0.0,0.3706985414028168,36.0,6.0,5.0,49.0,9.0,49.0,49.0,1.0,1.0,3.0,8.0,-1.9097141027450562,1.8001161813735962,4.0,-1.9991247653961182,1.0175111293792725,-51.54765637970348,0.0,10.0,0.0,1.3882096707820892,37.0,7.0,6.0,50.0,10.0,50.0,50.0,2.0,1.0,4.0,0.0
13149,0.0,10.0,0.0,1.3882096707820892,37.0,7.0,6.0,50.0,10.0,50.0,50.0,2.0,1.0,4.0,8.0,-1.8944783210754395,1.995552897453308,4.0,-1.710712194442749,1.6576998233795166,-53.71970805266302,0.0,10.0,0.0,3.045909494161606,38.0,8.0,7.0,51.0,1.0,51.0,51.0,3.0,1.0,5.0,0.0
13150,0.0,10.0,0.0,3.045909494161606,38.0,8.0,7.0,51.0,1.0,51.0,51.0,3.0,1.0,5.0,8.0,-1.870390772819519,1.9970508813858032,7.0,-1.9995911121368408,-0.9208806753158569,-53.46535424005181,0.0,10.0,0.0,2.125028818845749,39.0,9.0,8.0,52.0,2.0,52.0,52.0,1.0,1.0,6.0,0.0
13151,0.0,10.0,0.0,2.125028818845749,39.0,9.0,8.0,52.0,2.0,52.0,52.0,1.0,1.0,6.0,8.0,-1.6509668827056885,1.9940848350524902,4.0,-1.9980884790420532,-0.09544311463832855,-52.592098686575696,0.0,10.0,0.0,2.0295857042074203,40.0,10.0,9.0,53.0,3.0,53.0,53.0,2.0,1.0,7.0,0.0
13152,0.0,10.0,0.0,2.0295857042074203,40.0,10.0,9.0,53.0,3.0,53.0,53.0,2.0,1.0,7.0,8.0,-1.1941536664962769,1.9996592998504639,4.0,-1.9950456619262695,1.5166136026382446,-50.894607207679044,0.0,10.0,0.0,3.546199306845665,41.0,11.0,10.0,54.0,1.0,54.0,54.0,3.0,1.0,8.0,0.0
13153,0.0,10.0,0.0,3.546199306845665,41.0,11.0,10.0,54.0,1.0,54.0,54.0,3.0,1.0,8.0,8.0,-1.0963340997695923,1.9999008178710938,4.0,-1.998719334602356,1.63968026638031,-51.01066066242658,0.0,10.0,0.0,5.185879573225975,42.0,12.0,11.0,55.0,1.0,55.0,55.0,4.0,1.0,9.0,0.0
13154,0.0,10.0,0.0,5.185879573225975,42.0,12.0,11.0,55.0,1.0,55.0,55.0,4.0,1.0,9.0,8.0,-1.7889609336853027,1.9998440742492676,4.0,-1.997120976448059,-0.1497991979122162,-55.83611393529668,0.0,10.0,0.0,5.036080375313759,43.0,13.0,12.0,56.0,1.0,56.0,56.0,5.0,1.0,10.0,0.0
13155,0.0,10.0,0.0,5.036080375313759,43.0,13.0,12.0,56.0,1.0,56.0,56.0,5.0,1.0,10.0,8.0,-1.605687141418457,1.999721646308899,2.0,-1.9997164011001587,1.6641710996627808,-55.449642183414,0.0,10.0,0.0,6.70025147497654,44.0,14.0,1.0,57.0,2.0,57.0,57.0,6.0,1.0,11.0,0.0
13156,0.0,10.0,0.0,6.70025147497654,44.0,14.0,1.0,57.0,2.0,57.0,57.0,6.0,1.0,11.0,8.0,-1.809744119644165,1.9988940954208374,4.0,-1.9976816177368164,-0.5681321620941162,-56.46808085261883,0.0,10.0,0.0,6.132119312882423,45.0,15.0,2.0,58.0,1.0,58.0,58.0,7.0,1.0,12.0,0.0
13157,0.0,10.0,0.0,6.132119312882423,45.0,15.0,2.0,58.0,1.0,58.0,58.0,7.0,1.0,12.0,5.0,-0.2987034320831299,1.999840259552002,2.0,-1.98716139793396,-0.10083974897861481,-62.14899926667142,0.0,10.0,0.0,6.031279563903809,46.0,16.0,1.0,59.0,2.0,59.0,59.0,8.0,2.0,13.0,0.0
13158,0.0,10.0,0.0,6.031279563903809,46.0,16.0,1.0,59.0,2.0,59.0,59.0,8.0,2.0,13.0,8.0,-0.194819375872612,1.9989765882492065,2.0,-1.9825177192687988,-0.5887158513069153,-50.98822656670154,0.0,10.0,0.0,5.442563712596893,47.0,17.0,1.0,60.0,3.0,60.0,60.0,9.0,1.0,14.0,0.0
13159,0.0,10.0,0.0,5.442563712596893,47.0,17.0,1.0,60.0,3.0,60.0,60.0,9.0,1.0,14.0,5.0,-1.5654572248458862,1.9983131885528564,4.0,-1.9929580688476562,0.4949490427970886,-68.81361147759421,0.0,10.0,0.0,5.937512755393982,48.0,18.0,2.0,61.0,1.0,61.0,61.0,10.0,2.0,15.0,0.0
13160,0.0,10.0,0.0,5.937512755393982,48.0,18.0,2.0,61.0,1.0,61.0,61.0,10.0,2.0,15.0,5.0,-0.2258206307888031,1.9995594024658203,2.0,-1.9990191459655762,-0.305099755525589,-64.25145548728307,0.0,10.0,0.0,5.632412999868393,49.0,19.0,1.0,62.0,2.0,62.0,62.0,11.0,3.0,16.0,0.0
13161,0.0,10.0,0.0,5.632412999868393,49.0,19.0,1.0,62.0,2.0,62.0,62.0,11.0,3.0,16.0,5.0,-1.9262616634368896,1.99773108959198,8.0,-1.999100923538208,0.5275148153305054,-72.6801706885864,0.0,10.0,0.0,6.159927815198898,50.0,20.0,2.0,63.0,3.0,63.0,63.0,12.0,1.0,17.0,0.0
13162,0.0,10.0,0.0,6.159927815198898,50.0,20.0,2.0,63.0,3.0,63.0,63.0,12.0,1.0,17.0,9.0,0.388179212808609,1.9995545148849487,2.0,-1.998093605041504,1.5738215446472168,-57.136812139617604,0.388179212808609,10.0,0.0,7.733749359846115,51.0,21.0,1.0,64.0,4.0,64.0,64.0,13.0,2.0,1.0,0.0
13163,0.388179212808609,10.0,0.0,7.733749359846115,51.0,21.0,1.0,64.0,4.0,64.0,64.0,13.0,2.0,1.0,5.0,-1.6416778564453125,1.9827609062194824,4.0,-1.9967284202575684,-1.7348933219909668,-68.18637063985042,0.0,10.0,0.0,5.998856037855148,52.0,22.0,2.0,65.0,1.0,65.0,65.0,14.0,3.0,2.0,0.0
13164,0.0,10.0,0.0,5.998856037855148,52.0,22.0,2.0,65.0,1.0,65.0,65.0,14.0,3.0,2.0,5.0,-1.7861624956130981,1.995874047279358,4.0,-1.9916784763336182,-0.4075394868850708,-72.11286781884574,0.0,10.0,0.0,5.5913165509700775,53.0,23.0,3.0,66.0,1.0,66.0,66.0,15.0,4.0,3.0,0.0
13165,0.0,10.0,0.0,5.5913165509700775,53.0,23.0,3.0,66.0,1.0,66.0,66.0,15.0,4.0,3.0,5.0,-1.2393441200256348,1.93703293800354,4.0,-1.9983805418014526,-1.4459444284439087,-69.22455494514759,0.0,10.0,0.0,4.145372122526169,54.0,24.0,4.0,67.0,1.0,67.0,67.0,16.0,5.0,4.0,0.0
13166,0.0,10.0,0.0,4.145372122526169,54.0,24.0,4.0,67.0,1.0,67.0,67.0,16.0,5.0,4.0,9.0,-1.8256466388702393,1.9796404838562012,1.0,-1.992773413658142,-1.0356860160827637,-67.14821730876906,0.0,10.0,0.0,3.109686106443405,55.0,1.0,5.0,68.0,2.0,68.0,68.0,17.0,6.0,1.0,0.0
13167,0.0,10.0,0.0,3.109686106443405,55.0,1.0,5.0,68.0,2.0,68.0,68.0,17.0,6.0,1.0,8.0,-1.973724365234375,1.9632009267807007,7.0,-1.9938994646072388,1.8232245445251465,-60.94211516182737,0.0,10.0,0.0,4.932910650968552,56.0,2.0,6.0,69.0,3.0,69.0,69.0,1.0,1.0,2.0,0.0
13168,0.0,10.0,0.0,4.932910650968552,56.0,2.0,6.0,69.0,3.0,69.0,69.0,1.0,1.0,2.0,8.0,-1.9838335514068604,1.9992738962173462,4.0,-1.9996187686920166,1.958510398864746,-60.468784478558064,0.0,10.0,0.0,6.891421049833298,57.0,3.0,7.0,70.0,1.0,70.0,70.0,2.0,1.0,3.0,0.0
13169,0.0,10.0,0.0,6.891421049833298,57.0,3.0,7.0,70.0,1.0,70.0,70.0,2.0,1.0,3.0,8.0,-1.993613362312317,1.9920247793197632,2.0,-1.9995161294937134,1.9246418476104736,-61.08646981164021,0.0,10.0,0.0,8.816062897443771,58.0,4.0,1.0,71.0,2.0,71.0,71.0,3.0,1.0,4.0,0.0
13170,0.0,10.0,0.0,8.816062897443771,58.0,4.0,1.0,71.0,2.0,71.0,71.0,3.0,1.0,4.0,8.0,-1.9910633563995361,1.9939810037612915,4.0,-1.9978572130203247,1.837408185005188,-61.2822764564311,0.0,10.0,0.0,10.0,59.0,5.0,2.0,72.0,3.0,72.0,72.0,4.0,1.0,5.0,0.0
13171,0.0,10.0,0.0,10.0,59.0,5.0,2.0,72.0,3.0,72.0,72.0,4.0,1.0,5.0,8.0,-1.979440689086914,1.9902220964431763,8.0,-1.9987592697143555,0.4427298605442047,-62.07360827321461,0.0,10.0,0.0,10.0,60.0,6.0,3.0,73.0,4.0,73.0,73.0,5.0,1.0,6.0,0.0
13172,0.0,10.0,0.0,10.0,60.0,6.0,3.0,73.0,4.0,73.0,73.0,5.0,1.0,6.0,8.0,-1.9848281145095825,1.992040991783142,4.0,-1.9991354942321777,1.5906596183776855,-63.024507381500285,0.0,10.0,0.0,10.0,61.0,7.0,4.0,74.0,5.0,74.0,74.0,6.0,1.0,7.0,0.0
13173,0.0,10.0,0.0,10.0,61.0,7.0,4.0,74.0,5.0,74.0,74.0,6.0,1.0,7.0,8.0,-1.9574511051177979,1.829561710357666,4.0,-1.999964952468872,1.89202082157135,-62.59723965874687,0.0,10.0,0.0,10.0,62.0,8.0,5.0,75.0,6.0,75.0,75.0,7.0,1.0,8.0,0.0
13174,0.0,10.0,0.0,10.0,62.0,8.0,5.0,75.0,6.0,75.0,75.0,7.0,1.0,8.0,8.0,-1.938732385635376,1.9875707626342773,4.0,-1.9995262622833252,1.6895079612731934,-64.46905352722628,0.0,10.0,0.0,10.0,63.0,9.0,6.0,76.0,7.0,76.0,76.0,8.0,1.0,9.0,0.0
13175,0.0,10.0,0.0,10.0,63.0,9.0,6.0,76.0,7.0,76.0,76.0,8.0,1.0,9.0,8.0,-1.9846436977386475,1.9971060752868652,4.0,-1.999346375465393,0.35028788447380066,-65.75911056050683,0.0,10.0,0.0,10.0,64.0,10.0,7.0,77.0,8.0,77.0,77.0,9.0,1.0,10.0,0.0
13176,0.0,10.0,0.0,10.0,64.0,10.0,7.0,77.0,8.0,77.0,77.0,9.0,1.0,10.0,8.0,-1.9758150577545166,1.975963830947876,4.0,-1.9999557733535767,1.792911410331726,-66.44704651931512,0.0,10.0,0.0,10.0,65.0,11.0,8.0,78.0,9.0,78.0,78.0,10.0,1.0,11.0,0.0
13177,0.0,10.0,0.0,10.0,65.0,11.0,8.0,78.0,9.0,78.0,78.0,10.0,1.0,11.0,8.0,-1.990615963935852,1.9980944395065308,2.0,-1.9997153282165527,1.7060890197753906,-67.60824131798546,0.0,10.0,0.0,10.0,66.0,12.0,1.0,79.0,10.0,79.0,79.0,11.0,1.0,12.0,0.0
13178,0.0,10.0,0.0,10.0,66.0,12.0,1.0,79.0,10.0,79.0,79.0,11.0,1.0,12.0,8.0,-1.9540722370147705,1.9720195531845093,4.0,-1.999850869178772,1.2944130897521973,-67.26570134642725,0.0,10.0,0.0,10.0,67.0,13.0,2.0,80.0,11.0,80.0,80.0,12.0,1.0,13.0,0.0
13179,0.0,10.0,0.0,10.0,67.0,13.0,2.0,80.0,11.0,80.0,80.0,12.0,1.0,13.0,8.0,-1.7291250228881836,1.777808666229248,2.0,-1.9998127222061157,-0.008251739665865898,-65.20390523842114,0.0,10.0,0.0,9.991748260334134,68.0,14.0,1.0,81.0,12.0,81.0,81.0,13.0,1.0,14.0,0.0
13180,0.0,10.0,0.0,9.991748260334134,68.0,14.0,1.0,81.0,12.0,81.0,81.0,13.0,1.0,14.0,8.0,-1.8199962377548218,1.9433752298355103,4.0,-1.9998949766159058,-1.3067774772644043,-67.72910180871781,0.0,10.0,0.0,8.68497078306973,69.0,15.0,2.0,82.0,13.0,82.0,82.0,14.0,1.0,15.0,0.0
13181,0.0,10.0,0.0,8.68497078306973,69.0,15.0,2.0,82.0,13.0,82.0,82.0,14.0,1.0,15.0,8.0,-1.8943895101547241,1.9034864902496338,4.0,-1.999964952468872,1.3556503057479858,-68.85886577846412,0.0,10.0,0.0,10.0,70.0,16.0,3.0,83.0,14.0,83.0,83.0,15.0,1.0,16.0,0.0
13182,0.0,10.0,0.0,10.0,70.0,16.0,3.0,83.0,14.0,83.0,83.0,15.0,1.0,16.0,8.0,-1.813636064529419,1.9747189283370972,4.0,-1.999809980392456,1.49095618724823,-69.71567014849845,0.0,10.0,0.0,10.0,71.0,17.0,4.0,84.0,15.0,84.0,84.0,16.0,1.0,17.0,0.0
13183,0.0,10.0,0.0,10.0,71.0,17.0,4.0,84.0,15.0,84.0,84.0,16.0,1.0,17.0,8.0,-1.8461545705795288,1.8538113832473755,4.0,-1.9985461235046387,0.7975225448608398,-69.96651618236159,0.0,10.0,0.0,10.0,72.0,18.0,5.0,85.0,16.0,85.0,85.0,17.0,1.0,18.0,0.0
13184,0.0,10.0,0.0,10.0,72.0,18.0,5.0,85.0,16.0,85.0,85.0,17.0,1.0,18.0,5.0,0.7875659465789795,1.9638704061508179,4.0,-1.999330997467041,0.446106493473053,-74.08835811090525,0.7875659465789795,10.0,0.0,10.0,73.0,19.0,6.0,86.0,17.0,86.0,86.0,18.0,2.0,19.0,0.0
13185,0.7875659465789795,10.0,0.0,10.0,73.0,19.0,6.0,86.0,17.0,86.0,86.0,18.0,2.0,19.0,9.0,-1.6944994926452637,1.9978506565093994,4.0,-1.9996588230133057,-0.6720063090324402,-70.95943299460023,0.0,10.0,0.0,9.32799369096756,74.0,20.0,7.0,87.0,18.0,87.0,87.0,19.0,3.0,1.0,0.0
13186,0.0,10.0,0.0,9.32799369096756,74.0,20.0,7.0,87.0,18.0,87.0,87.0,19.0,3.0,1.0,8.0,-1.832829475402832,1.6057504415512085,4.0,-1.9996848106384277,0.781724750995636,-68.97114289798422,0.0,10.0,0.0,10.0,75.0,21.0,8.0,88.0,19.0,88.0,88.0,20.0,1.0,2.0,0.0
13187,0.0,10.0,0.0,10.0,75.0,21.0,8.0,88.0,19.0,88.0,88.0,20.0,1.0,2.0,9.0,-1.9175468683242798,1.246187686920166,2.0,-1.9977432489395142,-0.9788085222244263,-73.38787710020145,0.0,10.0,0.0,9.021191477775574,76.0,22.0,1.0,89.0,20.0,89.0,89.0,21.0,2.0,1.0,0.0
13188,0.0,10.0,0.0,9.021191477775574,76.0,22.0,1.0,89.0,20.0,89.0,89.0,21.0,2.0,1.0,8.0,-1.8471710681915283,1.802153468132019,2.0,-1.9996492862701416,-1.6634377241134644,-71.21033458197073,0.0,10.0,0.0,7.357753753662109,77.0,23.0,1.0,90.0,21.0,90.0,90.0,22.0,1.0,2.0,0.0
13189,0.0,10.0,0.0,7.357753753662109,77.0,23.0,1.0,90.0,21.0,90.0,90.0,22.0,1.0,2.0,9.0,-1.7404975891113281,1.8743562698364258,4.0,-1.999748706817627,1.7815386056900024,-76.79714573541989,0.0,10.0,0.0,9.139292359352112,78.0,24.0,2.0,91.0,22.0,91.0,91.0,23.0,2.0,1.0,0.0
13190,0.0,10.0,0.0,9.139292359352112,78.0,24.0,2.0,91.0,22.0,91.0,91.0,23.0,2.0,1.0,5.0,-1.8320504426956177,1.3319053649902344,4.0,-1.9970104694366455,1.373304843902588,-81.37909376311093,0.0,10.0,0.0,10.0,79.0,25.0,3.0,92.0,23.0,92.0,92.0,24.0,3.0,2.0,0.0
13191,0.0,10.0,0.0,10.0,79.0,25.0,3.0,92.0,23.0,92.0,92.0,24.0,3.0,2.0,8.0,-1.750374674797058,1.8085616827011108,4.0,-1.9995088577270508,1.1525830030441284,-72.97259356164498,0.0,10.0,0.0,10.0,80.0,26.0,4.0,93.0,24.0,93.0,93.0,25.0,1.0,3.0,0.0
13192,0.0,10.0,0.0,10.0,80.0,26.0,4.0,93.0,24.0,93.0,93.0,25.0,1.0,3.0,9.0,-1.3497140407562256,1.932934284210205,4.0,-1.9993478059768677,1.5713375806808472,-77.19408231767841,0.0,10.0,0.0,10.0,81.0,27.0,5.0,94.0,25.0,94.0,94.0,26.0,2.0,1.0,0.0
13193,0.0,10.0,0.0,10.0,81.0,27.0,5.0,94.0,25.0,94.0,94.0,26.0,2.0,1.0,5.0,-1.8380799293518066,1.012697696685791,2.0,-1.9988263845443726,0.47512415051460266,-82.11468445991541,0.0,10.0,0.0,10.0,82.0,28.0,1.0,95.0,26.0,95.0,95.0,27.0,3.0,2.0,0.0
13194,0.0,10.0,0.0,10.0,82.0,28.0,1.0,95.0,26.0,95.0,95.0,27.0,3.0,2.0,5.0,-1.8547836542129517,1.1350502967834473,4.0,-1.999253273010254,1.7351536750793457,-83.37400598875246,0.0,10.0,0.0,10.0,83.0,29.0,2.0,96.0,27.0,96.0,96.0,28.0,4.0,3.0,0.0
13195,0.0,10.0,0.0,10.0,83.0,29.0,2.0,96.0,27.0,96.0,96.0,28.0,4.0,3.0,5.0,-1.9406546354293823,1.797427773475647,4.0,-1.9993414878845215,1.4608049392700195,-89.08037946753029,0.0,10.0,0.0,10.0,84.0,30.0,3.0,97.0,28.0,97.0,97.0,29.0,5.0,4.0,0.0
13196,0.0,10.0,0.0,10.0,84.0,30.0,3.0,97.0,28.0,97.0,97.0,29.0,5.0,4.0,5.0,-1.9247881174087524,1.790543794631958,4.0,-1.9993525743484497,1.3392975330352783,-89.91725771233115,0.0,10.0,0.0,10.0,85.0,31.0,4.0,98.0,29.0,98.0,98.0,30.0,6.0,5.0,0.0
13197,0.0,10.0,0.0,10.0,85.0,31.0,4.0,98.0,29.0,98.0,98.0,30.0,6.0,5.0,5.0,-1.8569762706756592,1.9044790267944336,7.0,-1.9979695081710815,1.672554850578308,-91.22837637585789,0.0,10.0,0.0,10.0,86.0,32.0,5.0,99.0,30.0,99.0,99.0,31.0,7.0,6.0,0.0
13198,0.0,10.0,0.0,10.0,86.0,32.0,5.0,99.0,30.0,99.0,99.0,31.0,7.0,6.0,5.0,-1.9106957912445068,1.9932280778884888,4.0,-1.9997986555099487,1.6790771484375,-93.23982853228937,0.0,10.0,0.0,10.0,87.0,33.0,6.0,100.0,31.0,100.0,100.0,32.0,8.0,7.0,0.0
13199,0.0,10.0,0.0,10.0,87.0,33.0,6.0,100.0,31.0,100.0,100.0,32.0,8.0,7.0,5.0,-1.8575303554534912,1.9633002281188965,4.0,-1.9983495473861694,1.5886937379837036,-93.356452098334,0.0,10.0,0.0,10.0,88.0,34.0,7.0,100.0,32.0,100.0,100.0,33.0,9.0,8.0,1.0
