,0,1,2,3,4,5,6,7,8,9,10,11,12,13,14,15,16,17,18,19,20,21,22,23,24,25,26,27,28,29,30,31,32,33,34,35
10000,9.707420349121094,0.9175383448600769,2.7391810417175293,1.0510706901550293,1.0,1.0,1.0,1.0,1.0,1.0,1.0,1.0,1.0,1.0,1.0,-1.7887307405471802,-1.279270887374878,1.0,-1.8322515487670898,-1.4800134897232056,-3.2545685425197624,7.918689608573914,0.0,0.9069294929504395,0.0,2.0,1.0,2.0,2.0,2.0,2.0,2.0,2.0,2.0,2.0,0.0
10001,7.918689608573914,0.0,0.9069294929504395,0.0,2.0,1.0,2.0,2.0,2.0,2.0,2.0,2.0,2.0,2.0,4.0,-1.953241229057312,-1.079958200454712,1.0,-1.9212698936462402,-1.8017281293869019,-7.2950015447688745,5.965448379516602,0.0,0.0,0.0,3.0,1.0,3.0,3.0,1.0,3.0,3.0,3.0,3.0,3.0,0.0
10002,5.965448379516602,0.0,0.0,0.0,3.0,1.0,3.0,3.0,1.0,3.0,3.0,3.0,3.0,3.0,3.0,-1.7770123481750488,-1.597002625465393,0.0,-1.6638672351837158,-1.7883765697479248,-11.879499270523345,4.188436031341553,0.0,0.0,0.0,1.0,2.0,4.0,1.0,2.0,4.0,4.0,4.0,4.0,4.0,0.0
10003,4.188436031341553,0.0,0.0,0.0,1.0,2.0,4.0,1.0,2.0,4.0,4.0,4.0,4.0,4.0,3.0,-1.93101167678833,-1.496883749961853,10.0,-1.8317419290542603,-1.0458767414093018,-10.948822981150657,2.2574243545532227,0.0,0.0,0.0,2.0,3.0,5.0,1.0,3.0,5.0,5.0,5.0,5.0,5.0,0.0
10004,2.2574243545532227,0.0,0.0,0.0,2.0,3.0,5.0,1.0,3.0,5.0,5.0,5.0,5.0,5.0,4.0,-1.7770456075668335,-1.7229430675506592,1.0,-0.8432769775390625,-1.1773844957351685,-16.56763779304286,0.48037874698638916,0.0,0.0,0.0,3.0,1.0,6.0,2.0,1.0,6.0,6.0,6.0,6.0,6.0,0.0
10005,0.48037874698638916,0.0,0.0,0.0,3.0,1.0,6.0,2.0,1.0,6.0,6.0,6.0,6.0,6.0,9.0,-1.8976939916610718,0.0786692276597023,0.0,-1.964503288269043,-1.1910576820373535,-7.746546889620465,0.0,0.0786692276597023,0.0,0.0,1.0,2.0,7.0,3.0,2.0,7.0,7.0,7.0,7.0,1.0,0.0
10006,0.0,0.0786692276597023,0.0,0.0,1.0,2.0,7.0,3.0,2.0,7.0,7.0,7.0,7.0,1.0,3.0,-1.5598787069320679,-1.7945120334625244,3.0,-1.9601656198501587,-0.4727696478366852,-12.25875,0.0,0.0,0.0,0.0,2.0,3.0,8.0,1.0,3.0,8.0,8.0,8.0,8.0,2.0,0.0
10007,0.0,0.0,0.0,0.0,2.0,3.0,8.0,1.0,3.0,8.0,8.0,8.0,8.0,2.0,5.0,0.45737990736961365,0.4574284851551056,0.0,-1.6199895143508911,0.026633119210600853,-19.47939755788865,0.45737990736961365,0.4574284851551056,0.0,0.026633119210600853,1.0,4.0,9.0,2.0,4.0,1.0,9.0,9.0,9.0,3.0,0.0
10008,0.45737990736961365,0.4574284851551056,0.0,0.026633119210600853,1.0,4.0,9.0,2.0,4.0,1.0,9.0,9.0,9.0,3.0,8.0,0.2990807890892029,-0.8039796352386475,3.0,-1.841331124305725,1.0775868892669678,-16.60443481811054,0.7564606964588165,0.0,0.0,1.1042200084775686,2.0,5.0,10.0,1.0,5.0,2.0,10.0,10.0,1.0,4.0,0.0
10009,0.7564606964588165,0.0,0.0,1.1042200084775686,2.0,5.0,10.0,1.0,5.0,2.0,10.0,10.0,1.0,4.0,3.0,-0.9962277412414551,-1.4147474765777588,3.0,-1.293747067451477,-0.14457178115844727,-12.85875,0.0,0.0,0.0,0.9596482273191214,3.0,6.0,11.0,1.0,6.0,3.0,11.0,11.0,2.0,5.0,0.0
10010,0.0,0.0,0.0,0.9596482273191214,3.0,6.0,11.0,1.0,6.0,3.0,11.0,11.0,2.0,5.0,9.0,-1.1653497219085693,-1.8397319316864014,1.0,-1.4763622283935547,-1.8172322511672974,-9.41875,0.0,0.0,0.0,0.0,4.0,1.0,12.0,2.0,7.0,4.0,12.0,12.0,3.0,1.0,0.0
10011,0.0,0.0,0.0,0.0,4.0,1.0,12.0,2.0,7.0,4.0,12.0,12.0,3.0,1.0,9.0,-0.6348465085029602,-1.8672616481781006,1.0,-1.6748194694519043,1.4802486896514893,-9.31875,0.0,0.0,0.0,1.4802486896514893,5.0,1.0,13.0,3.0,8.0,5.0,13.0,13.0,4.0,1.0,0.0
10012,0.0,0.0,0.0,1.4802486896514893,5.0,1.0,13.0,3.0,8.0,5.0,13.0,13.0,4.0,1.0,9.0,-1.7292640209197998,-1.5628783702850342,10.0,-1.958670735359192,-1.0711798667907715,-10.118749999999999,0.0,0.0,0.0,0.4090688228607178,6.0,2.0,14.0,4.0,9.0,6.0,14.0,14.0,5.0,1.0,0.0
10013,0.0,0.0,0.0,0.4090688228607178,6.0,2.0,14.0,4.0,9.0,6.0,14.0,14.0,5.0,1.0,5.0,-1.462394118309021,-1.8375167846679688,3.0,-0.9707872867584229,0.5903506875038147,-23.728750000000005,0.0,0.0,0.0,0.9994195103645325,7.0,3.0,15.0,1.0,10.0,1.0,15.0,15.0,6.0,2.0,0.0
10014,0.0,0.0,0.0,0.9994195103645325,7.0,3.0,15.0,1.0,10.0,1.0,15.0,15.0,6.0,2.0,10.0,-1.7465122938156128,1.3393882513046265,10.0,-1.7450157403945923,-0.8113141059875488,-8.5,0.0,1.3393882513046265,0.0,0.18810540437698364,8.0,4.0,16.0,2.0,11.0,2.0,16.0,16.0,7.0,3.0,0.0
10015,0.0,1.3393882513046265,0.0,0.18810540437698364,8.0,4.0,16.0,2.0,11.0,2.0,16.0,16.0,7.0,3.0,9.0,-1.8426767587661743,0.7614731192588806,0.0,-0.7580023407936096,0.7875708937644958,-10.749059792616464,0.0,2.100861370563507,0.0,0.9756762981414795,1.0,5.0,17.0,3.0,12.0,3.0,17.0,17.0,8.0,1.0,0.0
10016,0.0,2.100861370563507,0.0,0.9756762981414795,1.0,5.0,17.0,3.0,12.0,3.0,17.0,17.0,8.0,1.0,9.0,-1.4836041927337646,-1.118956208229065,10.0,-1.1821643114089966,-1.2489628791809082,-11.155019549940919,0.0,0.9819051623344421,0.0,0.0,2.0,6.0,18.0,4.0,13.0,4.0,18.0,18.0,9.0,1.0,0.0
10017,0.0,0.9819051623344421,0.0,0.0,2.0,6.0,18.0,4.0,13.0,4.0,18.0,18.0,9.0,1.0,8.0,-0.7343742251396179,-1.9358466863632202,0.0,-1.9031728506088257,-1.1670701503753662,-21.653750000000002,0.0,0.0,0.0,0.0,1.0,7.0,19.0,5.0,14.0,5.0,19.0,19.0,1.0,2.0,0.0
10018,0.0,0.0,0.0,0.0,1.0,7.0,19.0,5.0,14.0,5.0,19.0,19.0,1.0,2.0,9.0,-1.8178637027740479,-1.197846531867981,0.0,-1.2117323875427246,-1.176485300064087,-12.718749999999998,0.0,0.0,0.0,0.0,1.0,8.0,20.0,6.0,15.0,6.0,20.0,20.0,2.0,1.0,0.0
10019,0.0,0.0,0.0,0.0,1.0,8.0,20.0,6.0,15.0,6.0,20.0,20.0,2.0,1.0,9.0,-1.894128441810608,-1.9385491609573364,10.0,-1.5025639533996582,-0.2318440079689026,-13.41875,0.0,0.0,0.0,0.0,2.0,9.0,21.0,7.0,16.0,7.0,21.0,21.0,3.0,1.0,0.0
10020,0.0,0.0,0.0,0.0,2.0,9.0,21.0,7.0,16.0,7.0,21.0,21.0,3.0,1.0,2.0,-0.2793348729610443,-1.857113003730774,0.0,-1.205567717552185,-1.9188177585601807,-26.098749999999995,0.0,0.0,0.0,0.0,1.0,10.0,1.0,8.0,17.0,8.0,22.0,22.0,4.0,2.0,0.0
10021,0.0,0.0,0.0,0.0,1.0,10.0,1.0,8.0,17.0,8.0,22.0,22.0,4.0,2.0,10.0,-1.6747405529022217,-1.7534825801849365,9.0,-1.8253505229949951,-0.9798416495323181,-10.5,0.0,0.0,0.0,0.0,2.0,11.0,2.0,9.0,18.0,9.0,23.0,23.0,5.0,1.0,0.0
10022,0.0,0.0,0.0,0.0,2.0,11.0,2.0,9.0,18.0,9.0,23.0,23.0,5.0,1.0,4.0,-1.4708012342453003,-0.4914897084236145,0.0,-1.7358492612838745,-0.7154669165611267,-24.048750000000002,0.0,0.0,0.0,0.0,1.0,12.0,3.0,10.0,1.0,10.0,24.0,24.0,6.0,2.0,0.0
10023,0.0,0.0,0.0,0.0,1.0,12.0,3.0,10.0,1.0,10.0,24.0,24.0,6.0,2.0,10.0,-0.6169878840446472,-1.4093858003616333,9.0,-1.5632232427597046,-1.637965440750122,-10.3,0.0,0.0,0.0,0.0,2.0,13.0,4.0,11.0,2.0,11.0,25.0,25.0,7.0,1.0,0.0
10024,0.0,0.0,0.0,0.0,2.0,13.0,4.0,11.0,2.0,11.0,25.0,25.0,7.0,1.0,5.0,0.6613267660140991,-0.9679327607154846,0.0,-0.9552083611488342,-1.8263275623321533,-24.653943700727083,0.6613267660140991,0.0,0.0,0.0,1.0,14.0,5.0,12.0,3.0,1.0,26.0,26.0,8.0,2.0,0.0
10025,0.6613267660140991,0.0,0.0,0.0,1.0,14.0,5.0,12.0,3.0,1.0,26.0,26.0,8.0,2.0,4.0,1.2966912984848022,-1.1707026958465576,0.0,-0.4758557081222534,-0.7416027784347534,-19.590602384880178,1.9580180644989014,0.0,0.0,0.0,1.0,15.0,6.0,13.0,1.0,2.0,27.0,27.0,9.0,3.0,0.0
10026,1.9580180644989014,0.0,0.0,0.0,1.0,15.0,6.0,13.0,1.0,2.0,27.0,27.0,9.0,3.0,9.0,-1.4157319068908691,1.2134071588516235,0.0,-0.9927517175674438,-1.1858220100402832,-12.643806407654042,0.5422861576080322,1.2134071588516235,0.0,0.0,1.0,16.0,7.0,14.0,2.0,3.0,28.0,28.0,10.0,1.0,0.0
10027,0.5422861576080322,1.2134071588516235,0.0,0.0,1.0,16.0,7.0,14.0,2.0,3.0,28.0,28.0,10.0,1.0,10.0,1.1646829843521118,1.247527003288269,3.0,-1.056071400642395,0.20458056032657623,-12.0,1.706969141960144,2.4609341621398926,0.0,0.20458056032657623,2.0,17.0,8.0,1.0,3.0,4.0,29.0,29.0,11.0,2.0,0.0
10028,1.706969141960144,2.4609341621398926,0.0,0.20458056032657623,2.0,17.0,8.0,1.0,3.0,4.0,29.0,29.0,11.0,2.0,10.0,0.48956748843193054,0.21278789639472961,0.0,-1.746994972229004,-1.586207389831543,-11.6,2.1965366303920746,2.673722058534622,0.0,0.0,1.0,18.0,9.0,2.0,4.0,5.0,30.0,30.0,12.0,3.0,0.0
10029,2.1965366303920746,2.673722058534622,0.0,0.0,1.0,18.0,9.0,2.0,4.0,5.0,30.0,30.0,12.0,3.0,10.0,0.785381019115448,-1.5774916410446167,0.0,-1.7147157192230225,1.5046570301055908,-12.4,2.9819176495075226,1.0962304174900055,0.0,1.5046570301055908,1.0,19.0,10.0,3.0,5.0,6.0,31.0,31.0,13.0,4.0,0.0
10030,2.9819176495075226,1.0962304174900055,0.0,1.5046570301055908,1.0,19.0,10.0,3.0,5.0,6.0,31.0,31.0,13.0,4.0,10.0,-1.5867056846618652,1.7419549226760864,0.0,-0.7899544835090637,-1.614745020866394,-13.3,1.3952119648456573,2.838185340166092,0.0,0.0,1.0,20.0,11.0,4.0,6.0,7.0,32.0,32.0,14.0,5.0,0.0
10031,1.3952119648456573,2.838185340166092,0.0,0.0,1.0,20.0,11.0,4.0,6.0,7.0,32.0,32.0,14.0,5.0,10.0,-0.24080625176429749,-0.5830976963043213,0.0,-0.4539724290370941,1.858227252960205,-14.2,1.1544057130813599,2.2550876438617706,0.0,1.858227252960205,1.0,21.0,12.0,5.0,7.0,8.0,33.0,33.0,15.0,6.0,0.0
10032,1.1544057130813599,2.2550876438617706,0.0,1.858227252960205,1.0,21.0,12.0,5.0,7.0,8.0,33.0,33.0,15.0,6.0,4.0,-0.9676550030708313,-1.0027388334274292,9.0,-0.4322381615638733,0.737169086933136,-25.72191821550858,0.18675071001052856,1.2523488104343414,0.0,2.595396339893341,2.0,22.0,13.0,6.0,1.0,9.0,34.0,34.0,16.0,1.0,0.0
10033,0.18675071001052856,1.2523488104343414,0.0,2.595396339893341,2.0,22.0,13.0,6.0,1.0,9.0,34.0,34.0,16.0,1.0,10.0,1.3985704183578491,0.8054076433181763,10.0,0.8130542039871216,-0.35439515113830566,-14.8,1.5853211283683777,2.0577564537525177,0.8130542039871216,2.2410011887550354,3.0,23.0,14.0,7.0,2.0,10.0,35.0,35.0,17.0,2.0,0.0
10034,1.5853211283683777,2.0577564537525177,0.8130542039871216,2.2410011887550354,3.0,23.0,14.0,7.0,2.0,10.0,35.0,35.0,17.0,2.0,2.0,-0.9800407290458679,1.7866028547286987,3.0,-1.4416203498840332,-0.876130223274231,-22.884397038409986,0.6052803993225098,3.8443593084812164,0.0,1.3648709654808044,4.0,24.0,1.0,1.0,3.0,11.0,36.0,36.0,18.0,3.0,0.0
10035,0.6052803993225098,3.8443593084812164,0.0,1.3648709654808044,4.0,24.0,1.0,1.0,3.0,11.0,36.0,36.0,18.0,3.0,9.0,-1.6664226055145264,-1.8540631532669067,10.0,-0.9415560364723206,-0.15990684926509857,-15.981772787397125,0.0,1.9902961552143097,0.0,1.2049641162157059,5.0,25.0,2.0,2.0,4.0,12.0,37.0,37.0,19.0,1.0,0.0
10036,0.0,1.9902961552143097,0.0,1.2049641162157059,5.0,25.0,2.0,2.0,4.0,12.0,37.0,37.0,19.0,1.0,10.0,-1.8644851446151733,-1.4594320058822632,0.0,-0.013461505994200706,-1.0801403522491455,-15.4,0.0,0.5308641493320465,0.0,0.12482376396656036,1.0,26.0,3.0,3.0,5.0,13.0,38.0,38.0,20.0,2.0,0.0
10037,0.0,0.5308641493320465,0.0,0.12482376396656036,1.0,26.0,3.0,3.0,5.0,13.0,38.0,38.0,20.0,2.0,10.0,1.0471142530441284,-1.1200612783432007,10.0,-1.8577287197113037,-1.047066569328308,-15.9,1.0471142530441284,0.0,0.0,0.0,2.0,27.0,4.0,4.0,6.0,14.0,39.0,39.0,21.0,3.0,0.0
10038,1.0471142530441284,0.0,0.0,0.0,2.0,27.0,4.0,4.0,6.0,14.0,39.0,39.0,21.0,3.0,4.0,0.7737622857093811,-0.7873358726501465,0.0,-1.5984891653060913,1.3706282377243042,-25.929128709652446,1.8208765387535095,0.0,0.0,1.3706282377243042,1.0,28.0,5.0,5.0,1.0,15.0,40.0,40.0,22.0,4.0,0.0
10039,1.8208765387535095,0.0,0.0,1.3706282377243042,1.0,28.0,5.0,5.0,1.0,15.0,40.0,40.0,22.0,4.0,10.0,-1.1838289499282837,-1.1366245746612549,10.0,-1.6766875982284546,0.880149245262146,-17.1,0.6370475888252258,0.0,0.0,2.25077748298645,2.0,29.0,6.0,6.0,2.0,16.0,41.0,41.0,23.0,5.0,0.0
10040,0.6370475888252258,0.0,0.0,2.25077748298645,2.0,29.0,6.0,6.0,2.0,16.0,41.0,41.0,23.0,5.0,10.0,-0.2877216041088104,1.6052234172821045,3.0,-0.5905128121376038,-1.7498503923416138,-18.1,0.3493259847164154,1.6052234172821045,0.0,0.5009270906448364,3.0,30.0,7.0,1.0,3.0,17.0,42.0,42.0,24.0,6.0,0.0
10041,0.3493259847164154,1.6052234172821045,0.0,0.5009270906448364,3.0,30.0,7.0,1.0,3.0,17.0,42.0,42.0,24.0,6.0,10.0,0.6984946131706238,1.3785834312438965,3.0,-0.6476491689682007,-0.5277345776557922,-18.5,1.0478205978870392,2.983806848526001,0.0,0.0,4.0,31.0,8.0,1.0,4.0,18.0,43.0,43.0,25.0,7.0,0.0
10042,1.0478205978870392,2.983806848526001,0.0,0.0,4.0,31.0,8.0,1.0,4.0,18.0,43.0,43.0,25.0,7.0,10.0,-1.1405458450317383,-1.8205021619796753,9.0,-1.8596709966659546,-0.46572911739349365,-19.4,0.0,1.1633046865463257,0.0,0.0,5.0,32.0,9.0,2.0,5.0,19.0,44.0,44.0,26.0,1.0,0.0
10043,0.0,1.1633046865463257,0.0,0.0,5.0,32.0,9.0,2.0,5.0,19.0,44.0,44.0,26.0,1.0,10.0,-1.6297967433929443,0.8962773680686951,10.0,-1.4261951446533203,0.08467023819684982,-19.7,0.0,2.0595820546150208,0.0,0.08467023819684982,6.0,33.0,10.0,3.0,6.0,20.0,45.0,45.0,27.0,2.0,0.0
10044,0.0,2.0595820546150208,0.0,0.08467023819684982,6.0,33.0,10.0,3.0,6.0,20.0,45.0,45.0,27.0,2.0,9.0,-1.5651895999908447,0.3129921555519104,3.0,-1.2706340551376343,0.04398113489151001,-21.884767783870885,0.0,2.372574210166931,0.0,0.12865137308835983,7.0,34.0,11.0,1.0,7.0,21.0,46.0,46.0,28.0,1.0,0.0
10045,0.0,2.372574210166931,0.0,0.12865137308835983,7.0,34.0,11.0,1.0,7.0,21.0,46.0,46.0,28.0,1.0,1.0,-1.85408616065979,-1.1678608655929565,9.0,-1.7758952379226685,0.698135495185852,-29.210053965557332,0.0,1.2047133445739746,0.0,0.8267868682742119,8.0,1.0,12.0,2.0,8.0,22.0,47.0,47.0,29.0,1.0,0.0
10046,0.0,1.2047133445739746,0.0,0.8267868682742119,8.0,1.0,12.0,2.0,8.0,22.0,47.0,47.0,29.0,1.0,9.0,-1.9034298658370972,1.6806182861328125,0.0,-1.2198481559753418,-1.8143717050552368,-19.825788069412035,0.0,2.885331630706787,0.0,0.0,1.0,2.0,13.0,3.0,9.0,23.0,48.0,48.0,30.0,1.0,0.0
10047,0.0,2.885331630706787,0.0,0.0,1.0,2.0,13.0,3.0,9.0,23.0,48.0,48.0,30.0,1.0,10.0,-1.7718666791915894,-1.8045833110809326,10.0,-1.563317060470581,1.2780165672302246,-18.8,0.0,1.0807483196258545,0.0,1.2780165672302246,2.0,3.0,14.0,4.0,10.0,24.0,49.0,49.0,31.0,2.0,0.0
10048,0.0,1.0807483196258545,0.0,1.2780165672302246,2.0,3.0,14.0,4.0,10.0,24.0,49.0,49.0,31.0,2.0,10.0,-1.8449832201004028,-0.018883025273680687,10.0,-1.5854382514953613,-1.3161770105361938,-19.8,0.0,1.0618652943521738,0.0,0.0,3.0,4.0,15.0,5.0,11.0,25.0,50.0,50.0,32.0,3.0,0.0
10049,0.0,1.0618652943521738,0.0,0.0,3.0,4.0,15.0,5.0,11.0,25.0,50.0,50.0,32.0,3.0,2.0,-1.6172879934310913,0.9889181852340698,10.0,-1.9003466367721558,-1.5038760900497437,-31.300435345720146,0.0,2.0507834795862436,0.0,0.0,4.0,5.0,1.0,6.0,12.0,26.0,51.0,51.0,33.0,4.0,0.0
10050,0.0,2.0507834795862436,0.0,0.0,4.0,5.0,1.0,6.0,12.0,26.0,51.0,51.0,33.0,4.0,4.0,-0.8882237076759338,-1.894600749015808,10.0,-1.5232346057891846,1.6771328449249268,-32.810447689641734,0.0,0.15618273057043552,0.0,1.6771328449249268,5.0,6.0,2.0,7.0,1.0,27.0,52.0,52.0,34.0,5.0,0.0
10051,0.0,0.15618273057043552,0.0,1.6771328449249268,5.0,6.0,2.0,7.0,1.0,27.0,52.0,52.0,34.0,5.0,9.0,-1.8183627128601074,-1.7801241874694824,0.0,-1.840374231338501,1.6451915502548218,-22.618750000000002,0.0,0.0,0.0,3.3223243951797485,1.0,7.0,3.0,8.0,2.0,28.0,53.0,53.0,35.0,1.0,0.0
10052,0.0,0.0,0.0,3.3223243951797485,1.0,7.0,3.0,8.0,2.0,28.0,53.0,53.0,35.0,1.0,5.0,-0.8180907964706421,-1.690185546875,0.0,-1.2094067335128784,-1.5301131010055542,-35.32875000000001,0.0,0.0,0.0,1.7922112941741943,1.0,8.0,4.0,9.0,3.0,1.0,54.0,54.0,36.0,2.0,0.0
10053,0.0,0.0,0.0,1.7922112941741943,1.0,8.0,4.0,9.0,3.0,1.0,54.0,54.0,36.0,2.0,10.0,-1.7925617694854736,1.7957504987716675,10.0,-1.6044971942901611,0.5940955877304077,-18.2,0.0,1.7957504987716675,0.0,2.386306881904602,2.0,9.0,5.0,10.0,4.0,2.0,55.0,55.0,37.0,3.0,0.0
10054,0.0,1.7957504987716675,0.0,2.386306881904602,2.0,9.0,5.0,10.0,4.0,2.0,55.0,55.0,37.0,3.0,10.0,-1.9382379055023193,-0.9497269988059998,10.0,-1.6130353212356567,0.9240078926086426,-19.2,0.0,0.8460234999656677,0.0,3.3103147745132446,3.0,10.0,6.0,11.0,5.0,3.0,56.0,56.0,38.0,4.0,0.0
10055,0.0,0.8460234999656677,0.0,3.3103147745132446,3.0,10.0,6.0,11.0,5.0,3.0,56.0,56.0,38.0,4.0,10.0,-1.7565678358078003,0.04691961780190468,10.0,-0.5103744268417358,0.27520596981048584,-20.2,0.0,0.8929431177675724,0.0,3.5855207443237305,4.0,11.0,7.0,12.0,6.0,4.0,57.0,57.0,39.0,5.0,0.0
10056,0.0,0.8929431177675724,0.0,3.5855207443237305,4.0,11.0,7.0,12.0,6.0,4.0,57.0,57.0,39.0,5.0,9.0,0.29938241839408875,-0.18673913180828094,0.0,-1.8195533752441406,-1.2724069356918335,-22.921153773647823,0.29938241839408875,0.7062039859592915,0.0,2.313113808631897,1.0,12.0,8.0,13.0,7.0,5.0,58.0,58.0,40.0,1.0,0.0
10057,0.29938241839408875,0.7062039859592915,0.0,2.313113808631897,1.0,12.0,8.0,13.0,7.0,5.0,58.0,58.0,40.0,1.0,1.0,-0.15145646035671234,0.17668959498405457,0.0,-1.9486494064331055,0.7431491613388062,-29.137722536299297,0.1479259580373764,0.882893580943346,0.0,3.056262969970703,1.0,1.0,9.0,14.0,8.0,6.0,59.0,59.0,41.0,2.0,0.0
10058,0.1479259580373764,0.882893580943346,0.0,3.056262969970703,1.0,1.0,9.0,14.0,8.0,6.0,59.0,59.0,41.0,2.0,4.0,-0.5534771084785461,-0.3861364722251892,0.0,-1.8241890668869019,-0.560260534286499,-33.01702546337147,0.0,0.4967571087181568,0.0,2.496002435684204,1.0,2.0,10.0,15.0,1.0,7.0,60.0,60.0,42.0,3.0,0.0
10059,0.0,0.4967571087181568,0.0,2.496002435684204,1.0,2.0,10.0,15.0,1.0,7.0,60.0,60.0,42.0,3.0,10.0,-1.9245651960372925,-1.6687039136886597,10.0,-1.8218001127243042,0.4595020115375519,-21.1,0.0,0.0,0.0,2.955504447221756,2.0,3.0,11.0,16.0,2.0,8.0,61.0,61.0,43.0,4.0,0.0
10060,0.0,0.0,0.0,2.955504447221756,2.0,3.0,11.0,16.0,2.0,8.0,61.0,61.0,43.0,4.0,4.0,-1.2574985027313232,-1.4751739501953125,0.0,-1.8495656251907349,-0.35986608266830444,-34.84875,0.0,0.0,0.0,2.5956383645534515,1.0,4.0,12.0,17.0,1.0,9.0,62.0,62.0,44.0,5.0,0.0
10061,0.0,0.0,0.0,2.5956383645534515,1.0,4.0,12.0,17.0,1.0,9.0,62.0,62.0,44.0,5.0,10.0,0.6139308214187622,-1.7333567142486572,10.0,-1.9621363878250122,1.1744496822357178,-22.7,0.6139308214187622,0.0,0.0,3.7700880467891693,2.0,5.0,13.0,18.0,2.0,10.0,63.0,63.0,45.0,6.0,0.0
10062,0.6139308214187622,0.0,0.0,3.7700880467891693,2.0,5.0,13.0,18.0,2.0,10.0,63.0,63.0,45.0,6.0,10.0,-0.6215203404426575,-1.4808149337768555,0.0,-1.9282952547073364,1.120155692100525,-23.7,0.0,0.0,0.0,4.890243738889694,1.0,6.0,14.0,19.0,3.0,11.0,64.0,64.0,46.0,7.0,0.0
10063,0.0,0.0,0.0,4.890243738889694,1.0,6.0,14.0,19.0,3.0,11.0,64.0,64.0,46.0,7.0,9.0,1.0604051351547241,-1.8168810606002808,0.0,-1.3229693174362183,1.575440526008606,-26.371227173107776,1.0604051351547241,0.0,0.0,6.4656842648983,1.0,7.0,15.0,20.0,4.0,12.0,65.0,65.0,47.0,1.0,0.0
10064,1.0604051351547241,0.0,0.0,6.4656842648983,1.0,7.0,15.0,20.0,4.0,12.0,65.0,65.0,47.0,1.0,10.0,-1.4081429243087769,0.31380999088287354,0.0,-1.854143738746643,1.4962635040283203,-24.7,0.0,0.31380999088287354,0.0,7.9619477689266205,1.0,8.0,16.0,21.0,5.0,13.0,66.0,66.0,48.0,2.0,0.0
10065,0.0,0.31380999088287354,0.0,7.9619477689266205,1.0,8.0,16.0,21.0,5.0,13.0,66.0,66.0,48.0,2.0,10.0,-0.9680632948875427,-0.6989319920539856,10.0,-1.7050468921661377,-0.8026788234710693,-25.6,0.0,0.0,0.0,7.159268945455551,2.0,9.0,17.0,22.0,6.0,14.0,67.0,67.0,49.0,3.0,0.0
10066,0.0,0.0,0.0,7.159268945455551,2.0,9.0,17.0,22.0,6.0,14.0,67.0,67.0,49.0,3.0,9.0,-1.4194401502609253,-1.950352668762207,0.0,-1.8734557628631592,-0.99892657995224,-29.118750000000002,0.0,0.0,0.0,6.160342365503311,1.0,10.0,18.0,23.0,7.0,15.0,68.0,68.0,50.0,1.0,0.0
10067,0.0,0.0,0.0,6.160342365503311,1.0,10.0,18.0,23.0,7.0,15.0,68.0,68.0,50.0,1.0,10.0,-1.1612520217895508,-1.7965583801269531,0.0,-1.6317172050476074,1.4944946765899658,-27.1,0.0,0.0,0.0,7.654837042093277,1.0,11.0,19.0,24.0,8.0,16.0,69.0,69.0,51.0,2.0,0.0
10068,0.0,0.0,0.0,7.654837042093277,1.0,11.0,19.0,24.0,8.0,16.0,69.0,69.0,51.0,2.0,9.0,-0.697746753692627,-1.7556591033935547,3.0,-1.6100751161575317,-0.9095677137374878,-30.51875,0.0,0.0,0.0,6.745269328355789,2.0,12.0,20.0,1.0,9.0,17.0,70.0,70.0,52.0,1.0,0.0
10069,0.0,0.0,0.0,6.745269328355789,2.0,12.0,20.0,1.0,9.0,17.0,70.0,70.0,52.0,1.0,10.0,-1.8292235136032104,-0.11123604327440262,10.0,-1.9553215503692627,-0.6660659313201904,-26.4,0.0,0.0,0.0,6.079203397035599,3.0,13.0,21.0,2.0,10.0,18.0,71.0,71.0,53.0,2.0,0.0
10070,0.0,0.0,0.0,6.079203397035599,3.0,13.0,21.0,2.0,10.0,18.0,71.0,71.0,53.0,2.0,10.0,-1.6096056699752808,0.37278592586517334,10.0,-1.2228599786758423,1.7239203453063965,-27.4,0.0,0.37278592586517334,0.0,7.803123742341995,4.0,14.0,22.0,3.0,11.0,19.0,72.0,72.0,54.0,3.0,0.0
10071,0.0,0.37278592586517334,0.0,7.803123742341995,4.0,14.0,22.0,3.0,11.0,19.0,72.0,72.0,54.0,3.0,10.0,-1.8837285041809082,0.6686205267906189,10.0,-1.9194591045379639,0.9277719259262085,-28.4,0.0,1.0414064526557922,0.0,8.730895668268204,5.0,15.0,23.0,4.0,12.0,20.0,73.0,73.0,55.0,4.0,0.0
10072,0.0,1.0414064526557922,0.0,8.730895668268204,5.0,15.0,23.0,4.0,12.0,20.0,73.0,73.0,55.0,4.0,9.0,-1.5566669702529907,-0.3302976191043854,0.0,-1.506341814994812,0.782863974571228,-31.33579852963619,0.0,0.7111088335514069,0.0,9.513759642839432,1.0,16.0,24.0,5.0,13.0,21.0,74.0,74.0,56.0,1.0,0.0
10073,0.0,0.7111088335514069,0.0,9.513759642839432,1.0,16.0,24.0,5.0,13.0,21.0,74.0,74.0,56.0,1.0,10.0,-1.8777018785476685,-1.5174373388290405,9.0,-0.9919044971466064,-0.004494898021221161,-29.5,0.0,0.0,0.0,9.50926474481821,2.0,17.0,25.0,6.0,14.0,22.0,75.0,75.0,57.0,1.0,0.0
10074,0.0,0.0,0.0,9.50926474481821,2.0,17.0,25.0,6.0,14.0,22.0,75.0,75.0,57.0,1.0,10.0,-1.882851004600525,-1.7750134468078613,10.0,-0.9293465614318848,1.839686393737793,-30.4,0.0,0.0,0.0,10.0,3.0,18.0,26.0,7.0,15.0,23.0,76.0,76.0,58.0,2.0,0.0
10075,0.0,0.0,0.0,10.0,3.0,18.0,26.0,7.0,15.0,23.0,76.0,76.0,58.0,2.0,2.0,-1.8408223390579224,0.28723961114883423,10.0,1.9957443475723267,1.5836042165756226,-45.088228565910036,0.0,0.28723961114883423,1.9957443475723267,10.0,4.0,19.0,1.0,8.0,16.0,24.0,77.0,77.0,59.0,3.0,0.0
10076,0.0,0.28723961114883423,1.9957443475723267,10.0,4.0,19.0,1.0,8.0,16.0,24.0,77.0,77.0,59.0,3.0,10.0,-1.8857756853103638,0.03378564491868019,10.0,-1.9606586694717407,1.0416433811187744,-29.8,0.0,0.3210252560675144,0.03508567810058594,10.0,5.0,20.0,2.0,9.0,17.0,25.0,78.0,78.0,60.0,4.0,0.0
10077,0.0,0.3210252560675144,0.03508567810058594,10.0,5.0,20.0,2.0,9.0,17.0,25.0,78.0,78.0,60.0,4.0,10.0,-1.9537980556488037,-0.6657341718673706,0.0,-1.9715758562088013,0.298695832490921,-30.8,0.0,0.0,0.0,10.0,1.0,21.0,3.0,10.0,18.0,26.0,79.0,79.0,61.0,5.0,0.0
10078,0.0,0.0,0.0,10.0,1.0,21.0,3.0,10.0,18.0,26.0,79.0,79.0,61.0,5.0,10.0,-1.9845309257507324,-0.8021016120910645,9.0,-1.8092867136001587,0.6612464785575867,-31.3,0.0,0.0,0.0,10.0,2.0,22.0,4.0,11.0,19.0,27.0,80.0,80.0,62.0,1.0,0.0
10079,0.0,0.0,0.0,10.0,2.0,22.0,4.0,11.0,19.0,27.0,80.0,80.0,62.0,1.0,4.0,-1.9841405153274536,-0.6372461318969727,0.0,-1.8847835063934326,1.6397606134414673,-44.54875,0.0,0.0,0.0,10.0,1.0,23.0,5.0,12.0,1.0,28.0,81.0,81.0,63.0,2.0,0.0
10080,0.0,0.0,0.0,10.0,1.0,23.0,5.0,12.0,1.0,28.0,81.0,81.0,63.0,2.0,10.0,-1.5028685331344604,-1.0870909690856934,3.0,-0.2554713487625122,0.017175013199448586,-30.7,0.0,0.0,0.0,10.0,2.0,24.0,6.0,1.0,2.0,29.0,82.0,82.0,64.0,3.0,0.0
10081,0.0,0.0,0.0,10.0,2.0,24.0,6.0,1.0,2.0,29.0,82.0,82.0,64.0,3.0,10.0,-1.6524161100387573,0.8951854705810547,10.0,-1.3497191667556763,1.3964487314224243,-30.5,0.0,0.8951854705810547,0.0,10.0,3.0,25.0,7.0,2.0,3.0,30.0,83.0,83.0,65.0,4.0,0.0
10082,0.0,0.8951854705810547,0.0,10.0,3.0,25.0,7.0,2.0,3.0,30.0,83.0,83.0,65.0,4.0,10.0,-1.737518310546875,0.16774268448352814,3.0,-1.941672682762146,1.6996760368347168,-31.5,0.0,1.0629281550645828,0.0,10.0,4.0,26.0,8.0,1.0,4.0,31.0,84.0,84.0,66.0,5.0,0.0
10083,0.0,1.0629281550645828,0.0,10.0,4.0,26.0,8.0,1.0,4.0,31.0,84.0,84.0,66.0,5.0,10.0,-1.8223141431808472,0.3566282391548157,0.0,-1.8828638792037964,1.8749388456344604,-32.3,0.0,1.4195563942193985,0.0,10.0,1.0,27.0,9.0,2.0,5.0,32.0,85.0,85.0,67.0,6.0,0.0
10084,0.0,1.4195563942193985,0.0,10.0,1.0,27.0,9.0,2.0,5.0,32.0,85.0,85.0,67.0,6.0,10.0,-1.7828915119171143,1.8115508556365967,9.0,-1.9622399806976318,1.8332875967025757,-32.9,0.0,3.231107249855995,0.0,10.0,2.0,28.0,10.0,3.0,6.0,33.0,86.0,86.0,68.0,1.0,0.0
10085,0.0,3.231107249855995,0.0,10.0,2.0,28.0,10.0,3.0,6.0,33.0,86.0,86.0,68.0,1.0,10.0,-1.9248099327087402,0.6715238690376282,10.0,-1.7901365756988525,1.8815174102783203,-33.3,0.0,3.9026311188936234,0.0,10.0,3.0,29.0,11.0,4.0,7.0,34.0,87.0,87.0,69.0,2.0,0.0
10086,0.0,3.9026311188936234,0.0,10.0,3.0,29.0,11.0,4.0,7.0,34.0,87.0,87.0,69.0,2.0,10.0,-1.8004422187805176,-0.8453202247619629,10.0,-1.9736233949661255,1.87482488155365,-34.3,0.0,3.0573108941316605,0.0,10.0,4.0,30.0,12.0,5.0,8.0,35.0,88.0,88.0,70.0,3.0,0.0
10087,0.0,3.0573108941316605,0.0,10.0,4.0,30.0,12.0,5.0,8.0,35.0,88.0,88.0,70.0,3.0,10.0,-1.808594822883606,1.0995162725448608,3.0,-1.9740960597991943,1.293365240097046,-35.3,0.0,4.156827166676521,0.0,10.0,5.0,31.0,13.0,1.0,9.0,36.0,89.0,89.0,71.0,4.0,0.0
10088,0.0,4.156827166676521,0.0,10.0,5.0,31.0,13.0,1.0,9.0,36.0,89.0,89.0,71.0,4.0,10.0,-1.830374836921692,-0.18233799934387207,0.0,-1.9905496835708618,1.702717900276184,-35.8,0.0,3.9744891673326492,0.0,10.0,1.0,32.0,14.0,2.0,10.0,37.0,90.0,90.0,72.0,5.0,0.0
10089,0.0,3.9744891673326492,0.0,10.0,1.0,32.0,14.0,2.0,10.0,37.0,90.0,90.0,72.0,5.0,10.0,-1.6944434642791748,1.619918942451477,9.0,-1.9731162786483765,1.6480164527893066,-36.3,0.0,5.594408109784126,0.0,10.0,2.0,33.0,15.0,3.0,11.0,38.0,91.0,91.0,73.0,1.0,0.0
10090,0.0,5.594408109784126,0.0,10.0,2.0,33.0,15.0,3.0,11.0,38.0,91.0,91.0,73.0,1.0,10.0,-1.5843549966812134,0.14291858673095703,0.0,-1.967663288116455,1.4534502029418945,-36.8,0.0,5.737326696515083,0.0,10.0,1.0,34.0,16.0,4.0,12.0,39.0,92.0,92.0,74.0,2.0,0.0
10091,0.0,5.737326696515083,0.0,10.0,1.0,34.0,16.0,4.0,12.0,39.0,92.0,92.0,74.0,2.0,10.0,-1.647680640220642,-0.6624429821968079,3.0,-1.908915638923645,1.470513105392456,-37.6,0.0,5.0748837143182755,0.0,10.0,2.0,35.0,17.0,1.0,13.0,40.0,93.0,93.0,75.0,3.0,0.0
10092,0.0,5.0748837143182755,0.0,10.0,2.0,35.0,17.0,1.0,13.0,40.0,93.0,93.0,75.0,3.0,10.0,-1.169486165046692,-0.5479231476783752,0.0,-1.9667261838912964,1.8902078866958618,-38.2,0.0,4.5269605666399,0.0,10.0,1.0,36.0,18.0,2.0,14.0,41.0,94.0,94.0,76.0,4.0,0.0
10093,0.0,4.5269605666399,0.0,10.0,1.0,36.0,18.0,2.0,14.0,41.0,94.0,94.0,76.0,4.0,10.0,-1.8008664846420288,1.5444270372390747,0.0,-1.9671143293380737,0.7426917552947998,-39.0,0.0,6.071387603878975,0.0,10.0,1.0,37.0,19.0,3.0,15.0,42.0,95.0,95.0,77.0,5.0,0.0
10094,0.0,6.071387603878975,0.0,10.0,1.0,37.0,19.0,3.0,15.0,42.0,95.0,95.0,77.0,5.0,10.0,-1.64103364944458,0.6959220170974731,10.0,-1.9136658906936646,1.5381183624267578,-39.9,0.0,6.767309620976448,0.0,10.0,2.0,38.0,20.0,4.0,16.0,43.0,96.0,96.0,78.0,6.0,0.0
10095,0.0,6.767309620976448,0.0,10.0,2.0,38.0,20.0,4.0,16.0,43.0,96.0,96.0,78.0,6.0,10.0,-1.7503013610839844,-0.1889757513999939,3.0,-1.9218136072158813,-0.10885961353778839,-40.9,0.0,6.578333869576454,0.0,9.891140386462212,3.0,39.0,21.0,1.0,17.0,44.0,97.0,97.0,79.0,7.0,0.0
10096,0.0,6.578333869576454,0.0,9.891140386462212,3.0,39.0,21.0,1.0,17.0,44.0,97.0,97.0,79.0,7.0,10.0,-1.8989717960357666,0.030804641544818878,10.0,-1.995744228363037,0.28274914622306824,-41.5,0.0,6.609138511121273,0.0,10.0,4.0,40.0,22.0,2.0,18.0,45.0,98.0,98.0,80.0,8.0,0.0
10097,0.0,6.609138511121273,0.0,10.0,4.0,40.0,22.0,2.0,18.0,45.0,98.0,98.0,80.0,8.0,10.0,-1.722000241279602,-0.3789205551147461,10.0,-1.949182391166687,1.1771578788757324,-42.5,0.0,6.230217956006527,0.0,10.0,5.0,41.0,23.0,3.0,19.0,46.0,99.0,99.0,81.0,9.0,0.0
10098,0.0,6.230217956006527,0.0,10.0,5.0,41.0,23.0,3.0,19.0,46.0,99.0,99.0,81.0,9.0,10.0,-1.8487344980239868,-1.4945813417434692,0.0,-1.9800150394439697,0.872067391872406,-43.5,0.0,4.735636614263058,0.0,10.0,1.0,42.0,24.0,4.0,20.0,47.0,100.0,100.0,82.0,10.0,0.0
10099,0.0,4.735636614263058,0.0,10.0,1.0,42.0,24.0,4.0,20.0,47.0,100.0,100.0,82.0,10.0,10.0,-1.5625488758087158,0.04003585875034332,0.0,-1.9842184782028198,1.4723994731903076,-43.8,0.0,4.775672473013401,0.0,10.0,1.0,43.0,25.0,5.0,21.0,48.0,100.0,100.0,83.0,11.0,1.0
10100,9.282279968261719,7.899477958679199,8.610114097595215,1.2950094938278198,1.0,1.0,1.0,1.0,1.0,1.0,1.0,1.0,1.0,1.0,8.0,-1.9423004388809204,-1.4693210124969482,1.0,-1.9075782299041748,-1.9403680562973022,-4.0615042495551545,7.339979529380798,6.430156946182251,6.70253586769104,0.0,2.0,1.0,2.0,2.0,2.0,2.0,2.0,2.0,1.0,2.0,0.0
10101,7.339979529380798,6.430156946182251,6.70253586769104,0.0,2.0,1.0,2.0,2.0,2.0,2.0,2.0,2.0,1.0,2.0,8.0,-1.96175217628479,-1.478822112083435,1.0,-1.946614146232605,-1.701098084449768,-4.2562567385285215,5.378227353096008,4.951334834098816,4.755921721458435,0.0,3.0,1.0,3.0,3.0,3.0,3.0,3.0,3.0,1.0,3.0,0.0
10102,5.378227353096008,4.951334834098816,4.755921721458435,0.0,3.0,1.0,3.0,3.0,3.0,3.0,3.0,3.0,1.0,3.0,8.0,-1.349733591079712,-1.8357324600219727,1.0,-1.1084424257278442,-1.5571314096450806,-6.734681937684541,4.028493762016296,3.1156023740768433,3.647479295730591,0.0,4.0,1.0,4.0,4.0,4.0,4.0,4.0,4.0,1.0,4.0,0.0
10103,4.028493762016296,3.1156023740768433,3.647479295730591,0.0,4.0,1.0,4.0,4.0,4.0,4.0,4.0,4.0,1.0,4.0,1.0,-1.6404454708099365,-1.807551383972168,1.0,-1.8211761713027954,-1.5408650636672974,-8.072080355997429,2.38804829120636,1.3080509901046753,1.8263031244277954,0.0,5.0,1.0,5.0,5.0,5.0,5.0,5.0,5.0,2.0,5.0,0.0
10104,2.38804829120636,1.3080509901046753,1.8263031244277954,0.0,5.0,1.0,5.0,5.0,5.0,5.0,5.0,5.0,2.0,5.0,2.0,-1.3479070663452148,-1.2720310688018799,1.0,-1.4129934310913086,-0.9654209613800049,-17.592596839047598,1.040141224861145,0.03601992130279541,0.4133096933364868,0.0,6.0,1.0,1.0,6.0,6.0,6.0,6.0,6.0,3.0,6.0,0.0
10105,1.040141224861145,0.03601992130279541,0.4133096933364868,0.0,6.0,1.0,1.0,6.0,6.0,6.0,6.0,6.0,3.0,6.0,8.0,-1.9613134860992432,-1.6036587953567505,0.0,-1.8357223272323608,-0.6659125089645386,-17.05375,0.0,0.0,0.0,0.0,1.0,2.0,2.0,7.0,7.0,7.0,7.0,7.0,1.0,7.0,0.0
10106,0.0,0.0,0.0,0.0,1.0,2.0,2.0,7.0,7.0,7.0,7.0,7.0,1.0,7.0,9.0,-1.6691166162490845,-1.5395300388336182,1.0,-1.2289668321609497,-1.869996190071106,-8.31875,0.0,0.0,0.0,0.0,2.0,1.0,3.0,8.0,8.0,8.0,8.0,8.0,2.0,1.0,0.0
10107,0.0,0.0,0.0,0.0,2.0,1.0,3.0,8.0,8.0,8.0,8.0,8.0,2.0,1.0,9.0,-1.8838701248168945,-0.9411313533782959,0.0,-1.6390633583068848,-1.789401888847351,-8.41875,0.0,0.0,0.0,0.0,1.0,2.0,4.0,9.0,9.0,9.0,9.0,9.0,3.0,1.0,0.0
10108,0.0,0.0,0.0,0.0,1.0,2.0,4.0,9.0,9.0,9.0,9.0,9.0,3.0,1.0,10.0,-0.37984657287597656,-0.3959364593029022,3.0,-0.43738240003585815,-1.7858400344848633,-6.6,0.0,0.0,0.0,0.0,2.0,3.0,5.0,1.0,10.0,10.0,10.0,10.0,4.0,2.0,0.0
10109,0.0,0.0,0.0,0.0,2.0,3.0,5.0,1.0,10.0,10.0,10.0,10.0,4.0,2.0,10.0,-1.8520904779434204,-1.0475364923477173,10.0,-1.6274809837341309,-0.23919960856437683,-6.7,0.0,0.0,0.0,0.0,3.0,4.0,6.0,2.0,11.0,11.0,11.0,11.0,5.0,3.0,0.0
10110,0.0,0.0,0.0,0.0,3.0,4.0,6.0,2.0,11.0,11.0,11.0,11.0,5.0,3.0,9.0,-1.9152089357376099,-1.6372060775756836,0.0,-1.1245479583740234,-1.8682503700256348,-10.21875,0.0,0.0,0.0,0.0,1.0,5.0,7.0,3.0,12.0,12.0,12.0,12.0,6.0,1.0,0.0
10111,0.0,0.0,0.0,0.0,1.0,5.0,7.0,3.0,12.0,12.0,12.0,12.0,6.0,1.0,8.0,-0.919839084148407,-1.4230916500091553,3.0,-1.6297580003738403,-1.851388931274414,-19.45375,0.0,0.0,0.0,0.0,2.0,6.0,8.0,1.0,13.0,13.0,13.0,13.0,1.0,2.0,0.0
10112,0.0,0.0,0.0,0.0,2.0,6.0,8.0,1.0,13.0,13.0,13.0,13.0,1.0,2.0,10.0,-1.7127763032913208,0.15003076195716858,10.0,-0.7579131126403809,-1.850441575050354,-8.2,0.0,0.15003076195716858,0.0,0.0,3.0,7.0,9.0,2.0,14.0,14.0,14.0,14.0,2.0,3.0,0.0
10113,0.0,0.15003076195716858,0.0,0.0,3.0,7.0,9.0,2.0,14.0,14.0,14.0,14.0,2.0,3.0,9.0,-1.890194296836853,-0.9921178817749023,0.0,-1.5145132541656494,-1.845343828201294,-11.718749999999998,0.0,0.0,0.0,0.0,1.0,8.0,10.0,3.0,15.0,15.0,15.0,15.0,3.0,1.0,0.0
10114,0.0,0.0,0.0,0.0,1.0,8.0,10.0,3.0,15.0,15.0,15.0,15.0,3.0,1.0,10.0,-1.485344409942627,-0.8448482751846313,0.0,-1.9366661310195923,-1.5871154069900513,-9.6,0.0,0.0,0.0,0.0,1.0,9.0,11.0,4.0,16.0,16.0,16.0,16.0,4.0,2.0,0.0
10115,0.0,0.0,0.0,0.0,1.0,9.0,11.0,4.0,16.0,16.0,16.0,16.0,4.0,2.0,4.0,-1.4483991861343384,-0.5896779298782349,3.0,-1.9799506664276123,-1.3338176012039185,-23.24875,0.0,0.0,0.0,0.0,2.0,10.0,12.0,1.0,1.0,17.0,17.0,17.0,5.0,3.0,0.0
10116,0.0,0.0,0.0,0.0,2.0,10.0,12.0,1.0,1.0,17.0,17.0,17.0,5.0,3.0,8.0,-0.5427256226539612,0.9638577103614807,1.0,-0.3062109649181366,-1.718359112739563,-18.756779184712165,0.0,0.9638577103614807,0.0,0.0,3.0,1.0,13.0,2.0,2.0,18.0,18.0,18.0,1.0,4.0,0.0
10117,0.0,0.9638577103614807,0.0,0.0,3.0,1.0,13.0,2.0,2.0,18.0,18.0,18.0,1.0,4.0,9.0,-1.8731857538223267,-0.5863727331161499,10.0,-1.7930893898010254,-0.5536525845527649,-11.189775681908959,0.0,0.3774849772453308,0.0,0.0,4.0,2.0,14.0,3.0,3.0,19.0,19.0,19.0,2.0,1.0,0.0
10118,0.0,0.3774849772453308,0.0,0.0,4.0,2.0,14.0,3.0,3.0,19.0,19.0,19.0,2.0,1.0,4.0,-1.720007061958313,-1.8088773488998413,0.0,-1.8936398029327393,-1.5213146209716797,-22.348750000000003,0.0,0.0,0.0,0.0,1.0,3.0,15.0,4.0,1.0,20.0,20.0,20.0,3.0,2.0,0.0
10119,0.0,0.0,0.0,0.0,1.0,3.0,15.0,4.0,1.0,20.0,20.0,20.0,3.0,2.0,9.0,-1.6535977125167847,0.4097481667995453,10.0,-1.8117250204086304,0.09706054627895355,-12.063707706706738,0.0,0.4097481667995453,0.0,0.09706054627895355,2.0,4.0,16.0,5.0,2.0,21.0,21.0,21.0,4.0,1.0,0.0
10120,0.0,0.4097481667995453,0.0,0.09706054627895355,2.0,4.0,16.0,5.0,2.0,21.0,21.0,21.0,4.0,1.0,2.0,-1.4275413751602173,-1.1696882247924805,10.0,-1.906260371208191,-1.067536473274231,-24.998749999999994,0.0,0.0,0.0,0.0,3.0,5.0,1.0,6.0,3.0,22.0,22.0,22.0,5.0,2.0,0.0
10121,0.0,0.0,0.0,0.0,3.0,5.0,1.0,6.0,3.0,22.0,22.0,22.0,5.0,2.0,10.0,-1.5428358316421509,-1.3359650373458862,3.0,-0.49517083168029785,0.9125568866729736,-10.1,0.0,0.0,0.0,0.9125568866729736,4.0,6.0,2.0,1.0,4.0,23.0,23.0,23.0,6.0,3.0,0.0
10122,0.0,0.0,0.0,0.9125568866729736,4.0,6.0,2.0,1.0,4.0,23.0,23.0,23.0,6.0,3.0,10.0,-1.8249226808547974,-1.103771686553955,10.0,0.42548543214797974,0.5305020213127136,-10.5,0.0,0.0,0.42548543214797974,1.4430589079856873,5.0,7.0,3.0,2.0,5.0,24.0,24.0,24.0,7.0,4.0,0.0
10123,0.0,0.0,0.42548543214797974,1.4430589079856873,5.0,7.0,3.0,2.0,5.0,24.0,24.0,24.0,7.0,4.0,1.0,-1.8042807579040527,-0.03077341616153717,3.0,-1.7687101364135742,-0.8772198557853699,-20.21875,0.0,0.0,0.0,0.5658390522003174,6.0,1.0,4.0,1.0,6.0,25.0,25.0,25.0,8.0,5.0,0.0
10124,0.0,0.0,0.0,0.5658390522003174,6.0,1.0,4.0,1.0,6.0,25.0,25.0,25.0,8.0,5.0,9.0,-1.5233808755874634,-0.35391923785209656,3.0,-1.4681062698364258,1.5879276990890503,-14.118749999999999,0.0,0.0,0.0,2.1537667512893677,7.0,2.0,5.0,1.0,7.0,26.0,26.0,26.0,9.0,1.0,0.0
10125,0.0,0.0,0.0,2.1537667512893677,7.0,2.0,5.0,1.0,7.0,26.0,26.0,26.0,9.0,1.0,9.0,-1.9270886182785034,-1.2799984216690063,10.0,-1.6598879098892212,0.6893832683563232,-14.518749999999999,0.0,0.0,0.0,2.843150019645691,8.0,3.0,6.0,2.0,8.0,27.0,27.0,27.0,10.0,1.0,0.0
10126,0.0,0.0,0.0,2.843150019645691,8.0,3.0,6.0,2.0,8.0,27.0,27.0,27.0,10.0,1.0,9.0,-0.6487931609153748,-1.9159505367279053,10.0,-1.7647432088851929,-0.6821651458740234,-15.41875,0.0,0.0,0.0,2.1609848737716675,9.0,4.0,7.0,3.0,9.0,28.0,28.0,28.0,11.0,1.0,0.0
10127,0.0,0.0,0.0,2.1609848737716675,9.0,4.0,7.0,3.0,9.0,28.0,28.0,28.0,11.0,1.0,10.0,-1.9317069053649902,0.07076133787631989,0.0,-1.4503620862960815,0.8960773348808289,-13.8,0.0,0.07076133787631989,0.0,3.0570622086524963,1.0,5.0,8.0,4.0,10.0,29.0,29.0,29.0,12.0,2.0,0.0
10128,0.0,0.07076133787631989,0.0,3.0570622086524963,1.0,5.0,8.0,4.0,10.0,29.0,29.0,29.0,12.0,2.0,9.0,-1.8957074880599976,1.9636180400848389,10.0,-1.7931113243103027,-0.2449929416179657,-15.168275593784536,0.0,2.0343793779611588,0.0,2.8120692670345306,2.0,6.0,9.0,5.0,11.0,30.0,30.0,30.0,13.0,1.0,0.0
10129,0.0,2.0343793779611588,0.0,2.8120692670345306,2.0,6.0,9.0,5.0,11.0,30.0,30.0,30.0,13.0,1.0,9.0,-0.285615473985672,0.04630822688341141,10.0,-1.8232640027999878,0.11068592220544815,-15.954745968382394,0.0,2.08068760484457,0.0,2.922755189239979,3.0,7.0,10.0,6.0,12.0,31.0,31.0,31.0,14.0,1.0,0.0
10130,0.0,2.08068760484457,0.0,2.922755189239979,3.0,7.0,10.0,6.0,12.0,31.0,31.0,31.0,14.0,1.0,2.0,-1.7565584182739258,-0.672153890132904,3.0,-1.9095631837844849,-0.5796089172363281,-27.149746759024996,0.0,1.408533714711666,0.0,2.3431462720036507,4.0,8.0,1.0,1.0,13.0,32.0,32.0,32.0,15.0,2.0,0.0
10131,0.0,1.408533714711666,0.0,2.3431462720036507,4.0,8.0,1.0,1.0,13.0,32.0,32.0,32.0,15.0,2.0,9.0,-1.6668890714645386,-1.597193956375122,10.0,0.4726780951023102,-1.1002205610275269,-17.51875,0.0,0.0,0.4726780951023102,1.2429257109761238,5.0,9.0,2.0,2.0,14.0,33.0,33.0,33.0,16.0,1.0,0.0
10132,0.0,0.0,0.4726780951023102,1.2429257109761238,5.0,9.0,2.0,2.0,14.0,33.0,33.0,33.0,16.0,1.0,10.0,-0.6077120900154114,-1.9329757690429688,3.0,-1.708054780960083,-0.33439958095550537,-15.8,0.0,0.0,0.0,0.9085261300206184,6.0,10.0,3.0,1.0,15.0,34.0,34.0,34.0,17.0,2.0,0.0
10133,0.0,0.0,0.0,0.9085261300206184,6.0,10.0,3.0,1.0,15.0,34.0,34.0,34.0,17.0,2.0,9.0,-1.6057283878326416,0.9678213596343994,10.0,-1.2673686742782593,1.1295006275177002,-18.36386125408552,0.0,0.9678213596343994,0.0,2.0380267575383186,7.0,11.0,4.0,2.0,16.0,35.0,35.0,35.0,18.0,1.0,0.0
10134,0.0,0.9678213596343994,0.0,2.0380267575383186,7.0,11.0,4.0,2.0,16.0,35.0,35.0,35.0,18.0,1.0,10.0,-1.896769642829895,1.4203208684921265,0.0,-1.8215128183364868,-0.9095979332923889,-17.4,0.0,2.388142228126526,0.0,1.1284288242459297,1.0,12.0,5.0,3.0,17.0,36.0,36.0,36.0,19.0,2.0,0.0
10135,0.0,2.388142228126526,0.0,1.1284288242459297,1.0,12.0,5.0,3.0,17.0,36.0,36.0,36.0,19.0,2.0,1.0,-1.2741035223007202,-0.8785649538040161,10.0,-1.676199197769165,-0.9812533855438232,-25.602045262208456,0.0,1.5095772743225098,0.0,0.14717543870210648,2.0,1.0,6.0,4.0,18.0,37.0,37.0,37.0,20.0,3.0,0.0
10136,0.0,1.5095772743225098,0.0,0.14717543870210648,2.0,1.0,6.0,4.0,18.0,37.0,37.0,37.0,20.0,3.0,10.0,-1.866455078125,-1.9169092178344727,10.0,-1.9769765138626099,-0.8260305523872375,-17.5,0.0,0.0,0.0,0.0,3.0,2.0,7.0,5.0,19.0,38.0,38.0,38.0,21.0,4.0,0.0
10137,0.0,0.0,0.0,0.0,3.0,2.0,7.0,5.0,19.0,38.0,38.0,38.0,21.0,4.0,9.0,-1.3352051973342896,0.6568797826766968,10.0,-1.332775354385376,0.836427628993988,-20.474732914688527,0.0,0.6568797826766968,0.0,0.836427628993988,4.0,3.0,8.0,6.0,20.0,39.0,39.0,39.0,22.0,1.0,0.0
10138,0.0,0.6568797826766968,0.0,0.836427628993988,4.0,3.0,8.0,6.0,20.0,39.0,39.0,39.0,22.0,1.0,2.0,-1.6429256200790405,0.5311984419822693,10.0,-1.875449538230896,-0.8606451749801636,-31.03940738201591,0.0,1.188078224658966,0.0,0.0,5.0,4.0,1.0,7.0,21.0,40.0,40.0,40.0,23.0,2.0,0.0
10139,0.0,1.188078224658966,0.0,0.0,5.0,4.0,1.0,7.0,21.0,40.0,40.0,40.0,23.0,2.0,9.0,-1.8894107341766357,-0.34450769424438477,10.0,-1.822568416595459,0.05464540421962738,-21.14452914888095,0.0,0.8435705304145813,0.0,0.05464540421962738,6.0,5.0,2.0,8.0,22.0,41.0,41.0,41.0,24.0,1.0,0.0
10140,0.0,0.8435705304145813,0.0,0.05464540421962738,6.0,5.0,2.0,8.0,22.0,41.0,41.0,41.0,24.0,1.0,10.0,-1.9697083234786987,-0.49699920415878296,10.0,-1.5750652551651,1.226500153541565,-20.1,0.0,0.34657132625579834,0.0,1.2811455577611923,7.0,6.0,3.0,9.0,23.0,42.0,42.0,42.0,25.0,2.0,0.0
10141,0.0,0.34657132625579834,0.0,1.2811455577611923,7.0,6.0,3.0,9.0,23.0,42.0,42.0,42.0,25.0,2.0,10.0,-1.9748483896255493,-1.108699917793274,10.0,-1.8955695629119873,0.5760238766670227,-21.1,0.0,0.0,0.0,1.857169434428215,8.0,7.0,4.0,10.0,24.0,43.0,43.0,43.0,26.0,3.0,0.0
10142,0.0,0.0,0.0,1.857169434428215,8.0,7.0,4.0,10.0,24.0,43.0,43.0,43.0,26.0,3.0,10.0,-1.8742623329162598,-1.8958865404129028,3.0,-1.8468252420425415,-1.3019928932189941,-22.1,0.0,0.0,0.0,0.5551765412092209,9.0,8.0,5.0,1.0,25.0,44.0,44.0,44.0,27.0,4.0,0.0
10143,0.0,0.0,0.0,0.5551765412092209,9.0,8.0,5.0,1.0,25.0,44.0,44.0,44.0,27.0,4.0,10.0,-1.954505443572998,-0.9660111665725708,10.0,-1.4321939945220947,1.5154368877410889,-22.1,0.0,0.0,0.0,2.0706134289503098,10.0,9.0,6.0,2.0,26.0,45.0,45.0,45.0,28.0,5.0,0.0
10144,0.0,0.0,0.0,2.0706134289503098,10.0,9.0,6.0,2.0,26.0,45.0,45.0,45.0,28.0,5.0,10.0,-1.911525011062622,-1.3295657634735107,3.0,-1.442008376121521,-1.03385591506958,-23.1,0.0,0.0,0.0,1.0367575138807297,11.0,10.0,7.0,1.0,27.0,46.0,46.0,46.0,29.0,6.0,0.0
10145,0.0,0.0,0.0,1.0367575138807297,11.0,10.0,7.0,1.0,27.0,46.0,46.0,46.0,29.0,6.0,5.0,-1.8500597476959229,-0.7824190258979797,10.0,-1.497784972190857,1.7037124633789062,-39.128750000000004,0.0,0.0,0.0,2.740469977259636,12.0,11.0,8.0,2.0,28.0,1.0,47.0,47.0,30.0,7.0,0.0
10146,0.0,0.0,0.0,2.740469977259636,12.0,11.0,8.0,2.0,28.0,1.0,47.0,47.0,30.0,7.0,4.0,-1.9978410005569458,0.5167187452316284,10.0,-1.9157042503356934,-0.34624287486076355,-32.28922067545041,0.0,0.5167187452316284,0.0,2.3942271023988724,13.0,12.0,9.0,3.0,1.0,2.0,48.0,48.0,31.0,8.0,0.0
10147,0.0,0.5167187452316284,0.0,2.3942271023988724,13.0,12.0,9.0,3.0,1.0,2.0,48.0,48.0,31.0,8.0,9.0,-1.9481043815612793,1.908866286277771,0.0,-1.902801752090454,0.5610307455062866,-19.674892646184038,0.0,2.4255850315093994,0.0,2.955257847905159,1.0,13.0,10.0,4.0,2.0,3.0,49.0,49.0,32.0,1.0,0.0
10148,0.0,2.4255850315093994,0.0,2.955257847905159,1.0,13.0,10.0,4.0,2.0,3.0,49.0,49.0,32.0,1.0,10.0,-1.971611499786377,-0.815842866897583,0.0,-1.319954514503479,1.6040208339691162,-17.4,0.0,1.6097421646118164,0.0,4.559278681874275,1.0,14.0,11.0,5.0,3.0,4.0,50.0,50.0,33.0,2.0,0.0
10149,0.0,1.6097421646118164,0.0,4.559278681874275,1.0,14.0,11.0,5.0,3.0,4.0,50.0,50.0,33.0,2.0,2.0,-0.49294087290763855,-0.8494232892990112,3.0,-1.7315059900283813,-0.6951547861099243,-31.038461183355537,0.0,0.7603188753128052,0.0,3.864123895764351,2.0,15.0,1.0,1.0,4.0,5.0,51.0,51.0,34.0,3.0,0.0
10150,0.0,0.7603188753128052,0.0,3.864123895764351,2.0,15.0,1.0,1.0,4.0,5.0,51.0,51.0,34.0,3.0,10.0,-1.7171050310134888,-0.2034309208393097,10.0,-0.4691523611545563,0.9039825797080994,-17.7,0.0,0.5568879544734955,0.0,4.76810647547245,3.0,16.0,2.0,2.0,5.0,6.0,52.0,52.0,35.0,4.0,0.0
10151,0.0,0.5568879544734955,0.0,4.76810647547245,3.0,16.0,2.0,2.0,5.0,6.0,52.0,52.0,35.0,4.0,10.0,0.2634997069835663,-0.7921136617660522,0.0,-1.9886575937271118,-1.0035516023635864,-18.7,0.2634997069835663,0.0,0.0,3.764554873108864,1.0,17.0,3.0,3.0,6.0,7.0,53.0,53.0,36.0,5.0,0.0
10152,0.2634997069835663,0.0,0.0,3.764554873108864,1.0,17.0,3.0,3.0,6.0,7.0,53.0,53.0,36.0,5.0,10.0,-1.8070430755615234,-0.6310102343559265,3.0,-1.6954463720321655,1.01624596118927,-19.4,0.0,0.0,0.0,4.780800834298134,2.0,18.0,4.0,1.0,7.0,8.0,54.0,54.0,37.0,6.0,0.0
10153,0.0,0.0,0.0,4.780800834298134,2.0,18.0,4.0,1.0,7.0,8.0,54.0,54.0,37.0,6.0,10.0,-1.819907307624817,-0.7674589157104492,3.0,-1.7057180404663086,0.7159243822097778,-20.1,0.0,0.0,0.0,5.496725216507912,3.0,19.0,5.0,1.0,8.0,9.0,55.0,55.0,38.0,7.0,0.0
10154,0.0,0.0,0.0,5.496725216507912,3.0,19.0,5.0,1.0,8.0,9.0,55.0,55.0,38.0,7.0,10.0,-1.971747636795044,-0.8229941725730896,10.0,-1.8422586917877197,-0.02251071110367775,-21.0,0.0,0.0,0.0,5.474214505404234,4.0,20.0,6.0,2.0,9.0,10.0,56.0,56.0,39.0,8.0,0.0
10155,0.0,0.0,0.0,5.474214505404234,4.0,20.0,6.0,2.0,9.0,10.0,56.0,56.0,39.0,8.0,10.0,-1.3100711107254028,0.10550949722528458,9.0,-1.8636194467544556,0.6556152701377869,-22.0,0.0,0.10550949722528458,0.0,6.129829775542021,5.0,21.0,7.0,3.0,10.0,11.0,57.0,57.0,40.0,1.0,0.0
10156,0.0,0.10550949722528458,0.0,6.129829775542021,5.0,21.0,7.0,3.0,10.0,11.0,57.0,57.0,40.0,1.0,10.0,-1.8530831336975098,-0.543025016784668,10.0,-1.7468023300170898,1.9223333597183228,-22.2,0.0,0.0,0.0,8.052163135260344,6.0,22.0,8.0,4.0,11.0,12.0,58.0,58.0,41.0,2.0,0.0
10157,0.0,0.0,0.0,8.052163135260344,6.0,22.0,8.0,4.0,11.0,12.0,58.0,58.0,41.0,2.0,10.0,-1.943403959274292,-1.2410963773727417,10.0,-1.919060468673706,1.6364505290985107,-23.2,0.0,0.0,0.0,9.688613664358854,7.0,23.0,9.0,5.0,12.0,13.0,59.0,59.0,42.0,3.0,0.0
10158,0.0,0.0,0.0,9.688613664358854,7.0,23.0,9.0,5.0,12.0,13.0,59.0,59.0,42.0,3.0,2.0,-1.738092064857483,-1.2730835676193237,0.0,-1.7236485481262207,-0.4518751800060272,-38.498749999999994,0.0,0.0,0.0,9.236738484352827,1.0,24.0,1.0,6.0,13.0,14.0,60.0,60.0,43.0,4.0,0.0
10159,0.0,0.0,0.0,9.236738484352827,1.0,24.0,1.0,6.0,13.0,14.0,60.0,60.0,43.0,4.0,10.0,-1.9510418176651,1.1028413772583008,0.0,-1.7996180057525635,0.9161030054092407,-23.6,0.0,1.1028413772583008,0.0,10.0,1.0,25.0,2.0,7.0,14.0,15.0,61.0,61.0,44.0,5.0,0.0
10160,0.0,1.1028413772583008,0.0,10.0,1.0,25.0,2.0,7.0,14.0,15.0,61.0,61.0,44.0,5.0,10.0,-1.9650521278381348,-1.845300316810608,10.0,-1.3724303245544434,0.8001472353935242,-24.5,0.0,0.0,0.0,10.0,2.0,26.0,3.0,8.0,15.0,16.0,62.0,62.0,45.0,6.0,0.0
10161,0.0,0.0,0.0,10.0,2.0,26.0,3.0,8.0,15.0,16.0,62.0,62.0,45.0,6.0,9.0,-1.7956746816635132,-1.6272106170654297,10.0,-1.7252599000930786,0.5779630541801453,-28.01875,0.0,0.0,0.0,10.0,3.0,27.0,4.0,9.0,16.0,17.0,63.0,63.0,46.0,1.0,0.0
10162,0.0,0.0,0.0,10.0,3.0,27.0,4.0,9.0,16.0,17.0,63.0,63.0,46.0,1.0,10.0,-1.5527445077896118,-0.7553886771202087,3.0,-1.3209656476974487,-0.7456950545310974,-25.9,0.0,0.0,0.0,9.254304945468903,4.0,28.0,5.0,1.0,17.0,18.0,64.0,64.0,47.0,2.0,0.0
10163,0.0,0.0,0.0,9.254304945468903,4.0,28.0,5.0,1.0,17.0,18.0,64.0,64.0,47.0,2.0,4.0,-1.9656949043273926,0.5366863012313843,0.0,-0.5139634609222412,-1.0389729738235474,-37.96153122191041,0.0,0.5366863012313843,0.0,8.215331971645355,1.0,29.0,6.0,2.0,1.0,19.0,65.0,65.0,48.0,3.0,0.0
10164,0.0,0.5366863012313843,0.0,8.215331971645355,1.0,29.0,6.0,2.0,1.0,19.0,65.0,65.0,48.0,3.0,10.0,-1.9872187376022339,-0.35859864950180054,10.0,0.3894391357898712,0.13011297583580017,-24.9,0.0,0.17808765172958374,0.3894391357898712,8.345444947481155,2.0,30.0,7.0,3.0,2.0,20.0,66.0,66.0,49.0,4.0,0.0
10165,0.0,0.17808765172958374,0.3894391357898712,8.345444947481155,2.0,30.0,7.0,3.0,2.0,20.0,66.0,66.0,49.0,4.0,10.0,-1.8876211643218994,1.3994905948638916,9.0,-1.9797074794769287,-0.5649495124816895,-25.9,0.0,1.5775782465934753,0.0,7.780495434999466,3.0,31.0,8.0,4.0,3.0,21.0,67.0,67.0,50.0,1.0,0.0
10166,0.0,1.5775782465934753,0.0,7.780495434999466,3.0,31.0,8.0,4.0,3.0,21.0,67.0,67.0,50.0,1.0,10.0,-1.9581300020217896,0.9160720705986023,10.0,-1.6158689260482788,1.5999268293380737,-26.5,0.0,2.4936503171920776,0.0,9.38042226433754,4.0,32.0,9.0,5.0,4.0,22.0,68.0,68.0,51.0,2.0,0.0
10167,0.0,2.4936503171920776,0.0,9.38042226433754,4.0,32.0,9.0,5.0,4.0,22.0,68.0,68.0,51.0,2.0,10.0,-1.9110839366912842,1.1619070768356323,3.0,-1.8885550498962402,-1.1673589944839478,-27.5,0.0,3.65555739402771,0.0,8.213063269853592,5.0,33.0,10.0,1.0,5.0,23.0,69.0,69.0,52.0,3.0,0.0
10168,0.0,3.65555739402771,0.0,8.213063269853592,5.0,33.0,10.0,1.0,5.0,23.0,69.0,69.0,52.0,3.0,10.0,-1.9162508249282837,-1.0142629146575928,0.0,-1.3721894025802612,1.0287141799926758,-28.0,0.0,2.641294479370117,0.0,9.241777449846268,1.0,34.0,11.0,2.0,6.0,24.0,70.0,70.0,53.0,4.0,0.0
10169,0.0,2.641294479370117,0.0,9.241777449846268,1.0,34.0,11.0,2.0,6.0,24.0,70.0,70.0,53.0,4.0,2.0,-1.7122197151184082,0.45354756712913513,0.0,-0.8865246176719666,-1.3491740226745605,-37.567540089477475,0.0,3.0948420464992523,0.0,7.892603427171707,1.0,35.0,1.0,3.0,7.0,25.0,71.0,71.0,54.0,5.0,0.0
10170,0.0,3.0948420464992523,0.0,7.892603427171707,1.0,35.0,1.0,3.0,7.0,25.0,71.0,71.0,54.0,5.0,10.0,-1.852824330329895,0.5348981618881226,10.0,-1.991492509841919,1.1864370107650757,-28.3,0.0,3.629740208387375,0.0,9.079040437936783,2.0,36.0,2.0,4.0,8.0,26.0,72.0,72.0,55.0,6.0,0.0
10171,0.0,3.629740208387375,0.0,9.079040437936783,2.0,36.0,2.0,4.0,8.0,26.0,72.0,72.0,55.0,6.0,10.0,-1.8777449131011963,-1.2587491273880005,0.0,-1.986126184463501,0.04090748727321625,-29.3,0.0,2.3709910809993744,0.0,9.119947925209999,1.0,37.0,3.0,5.0,9.0,27.0,73.0,73.0,56.0,7.0,0.0
10172,0.0,2.3709910809993744,0.0,9.119947925209999,1.0,37.0,3.0,5.0,9.0,27.0,73.0,73.0,56.0,7.0,10.0,-1.775396466255188,-0.419024795293808,3.0,-1.8632200956344604,-0.9052577018737793,-30.1,0.0,1.9519662857055664,0.0,8.21469022333622,2.0,38.0,4.0,1.0,10.0,28.0,74.0,74.0,57.0,8.0,0.0
10173,0.0,1.9519662857055664,0.0,8.21469022333622,2.0,38.0,4.0,1.0,10.0,28.0,74.0,74.0,57.0,8.0,10.0,-1.98586106300354,-0.5068099498748779,10.0,-1.1149519681930542,-1.549749732017517,-30.6,0.0,1.4451563358306885,0.0,6.664940491318703,3.0,39.0,5.0,2.0,11.0,29.0,75.0,75.0,58.0,9.0,0.0
10174,0.0,1.4451563358306885,0.0,6.664940491318703,3.0,39.0,5.0,2.0,11.0,29.0,75.0,75.0,58.0,9.0,10.0,-1.9642486572265625,0.746372401714325,3.0,-0.4762297570705414,1.3300327062606812,-31.6,0.0,2.1915287375450134,0.0,7.994973197579384,4.0,40.0,6.0,1.0,12.0,30.0,76.0,76.0,59.0,10.0,0.0
10175,0.0,2.1915287375450134,0.0,7.994973197579384,4.0,40.0,6.0,1.0,12.0,30.0,76.0,76.0,59.0,10.0,10.0,-1.9752256870269775,-0.6033637523651123,10.0,-1.5234612226486206,1.547491192817688,-32.4,0.0,1.5881649851799011,0.0,9.542464390397072,5.0,41.0,7.0,2.0,13.0,31.0,77.0,77.0,60.0,11.0,0.0
10176,0.0,1.5881649851799011,0.0,9.542464390397072,5.0,41.0,7.0,2.0,13.0,31.0,77.0,77.0,60.0,11.0,4.0,-1.9071118831634521,-0.2462048977613449,10.0,-1.8294434547424316,0.0867932066321373,-44.34784468031602,0.0,1.3419600874185562,0.0,9.62925759702921,6.0,42.0,8.0,3.0,1.0,32.0,78.0,78.0,61.0,12.0,0.0
10177,0.0,1.3419600874185562,0.0,9.62925759702921,6.0,42.0,8.0,3.0,1.0,32.0,78.0,78.0,61.0,12.0,10.0,-1.6227675676345825,1.3247029781341553,3.0,-1.8723576068878174,-0.16880732774734497,-33.1,0.0,2.6666630655527115,0.0,9.460450269281864,7.0,43.0,9.0,1.0,2.0,33.0,79.0,79.0,62.0,13.0,0.0
10178,0.0,2.6666630655527115,0.0,9.460450269281864,7.0,43.0,9.0,1.0,2.0,33.0,79.0,79.0,62.0,13.0,10.0,-1.9973911046981812,0.8586342334747314,0.0,-1.4910252094268799,-0.4639602303504944,-33.8,0.0,3.525297299027443,0.0,8.99649003893137,1.0,44.0,10.0,2.0,3.0,34.0,80.0,80.0,63.0,14.0,0.0
10179,0.0,3.525297299027443,0.0,8.99649003893137,1.0,44.0,10.0,2.0,3.0,34.0,80.0,80.0,63.0,14.0,10.0,-1.1763684749603271,-0.2370305061340332,9.0,-1.634905219078064,-0.1787823736667633,-34.1,0.0,3.2882667928934097,0.0,8.817707665264606,2.0,45.0,11.0,3.0,4.0,35.0,81.0,81.0,64.0,1.0,0.0
10180,0.0,3.2882667928934097,0.0,8.817707665264606,2.0,45.0,11.0,3.0,4.0,35.0,81.0,81.0,64.0,1.0,10.0,-0.18206289410591125,-0.39173319935798645,3.0,0.09646566212177277,0.6185283064842224,-33.7,0.0,2.8965335935354233,0.09646566212177277,9.436235971748829,3.0,46.0,12.0,1.0,5.0,36.0,82.0,82.0,65.0,2.0,0.0
10181,0.0,2.8965335935354233,0.09646566212177277,9.436235971748829,3.0,46.0,12.0,1.0,5.0,36.0,82.0,82.0,65.0,2.0,10.0,1.3055670261383057,0.20508091151714325,10.0,0.1124250590801239,0.5534995198249817,-34.4,1.3055670261383057,3.1016145050525665,0.20889072120189667,9.98973549157381,4.0,47.0,13.0,2.0,6.0,37.0,83.0,83.0,66.0,3.0,0.0
10182,1.3055670261383057,3.1016145050525665,0.20889072120189667,9.98973549157381,4.0,47.0,13.0,2.0,6.0,37.0,83.0,83.0,66.0,3.0,10.0,-1.9334858655929565,0.3421423137187958,10.0,-0.9221545457839966,-1.4949181079864502,-35.4,0.0,3.4437568187713623,0.0,8.49481738358736,5.0,48.0,14.0,3.0,7.0,38.0,84.0,84.0,67.0,4.0,0.0
10183,0.0,3.4437568187713623,0.0,8.49481738358736,5.0,48.0,14.0,3.0,7.0,38.0,84.0,84.0,67.0,4.0,10.0,-1.8692498207092285,-1.1247742176055908,3.0,-1.529227614402771,-0.7343711853027344,-36.4,0.0,2.3189826011657715,0.0,7.760446198284626,6.0,49.0,15.0,1.0,8.0,39.0,85.0,85.0,68.0,5.0,0.0
10184,0.0,2.3189826011657715,0.0,7.760446198284626,6.0,49.0,15.0,1.0,8.0,39.0,85.0,85.0,68.0,5.0,10.0,-1.766357183456421,-0.3288799226284027,3.0,-1.993935227394104,0.6098921298980713,-37.1,0.0,1.9901026785373688,0.0,8.370338328182697,7.0,50.0,16.0,1.0,9.0,40.0,86.0,86.0,69.0,6.0,0.0
10185,0.0,1.9901026785373688,0.0,8.370338328182697,7.0,50.0,16.0,1.0,9.0,40.0,86.0,86.0,69.0,6.0,10.0,-1.4518473148345947,0.8387051820755005,3.0,-1.5433639287948608,0.3146011233329773,-38.0,0.0,2.8288078606128693,0.0,8.684939451515675,8.0,51.0,17.0,1.0,10.0,41.0,87.0,87.0,70.0,7.0,0.0
10186,0.0,2.8288078606128693,0.0,8.684939451515675,8.0,51.0,17.0,1.0,10.0,41.0,87.0,87.0,70.0,7.0,10.0,-1.5206751823425293,0.9625040888786316,10.0,-1.8818086385726929,-1.4982746839523315,-38.9,0.0,3.791311949491501,0.0,7.186664767563343,9.0,52.0,18.0,2.0,11.0,42.0,88.0,88.0,71.0,8.0,0.0
10187,0.0,3.791311949491501,0.0,7.186664767563343,9.0,52.0,18.0,2.0,11.0,42.0,88.0,88.0,71.0,8.0,10.0,-1.8627376556396484,-0.2691630721092224,10.0,-1.2968441247940063,-0.5094550251960754,-39.9,0.0,3.5221488773822784,0.0,6.677209742367268,10.0,53.0,19.0,3.0,12.0,43.0,89.0,89.0,72.0,9.0,0.0
10188,0.0,3.5221488773822784,0.0,6.677209742367268,10.0,53.0,19.0,3.0,12.0,43.0,89.0,89.0,72.0,9.0,10.0,-1.71794593334198,-0.6681868433952332,0.0,-1.9902162551879883,-1.3303455114364624,-40.9,0.0,2.8539620339870453,0.0,5.346864230930805,1.0,54.0,20.0,4.0,13.0,44.0,90.0,90.0,73.0,10.0,0.0
10189,0.0,2.8539620339870453,0.0,5.346864230930805,1.0,54.0,20.0,4.0,13.0,44.0,90.0,90.0,73.0,10.0,10.0,-1.7856552600860596,-0.057051435112953186,3.0,-1.9752932786941528,-1.3591463565826416,-40.9,0.0,2.796910598874092,0.0,3.9877178743481636,2.0,55.0,21.0,1.0,14.0,45.0,91.0,91.0,74.0,11.0,0.0
10190,0.0,2.796910598874092,0.0,3.9877178743481636,2.0,55.0,21.0,1.0,14.0,45.0,91.0,91.0,74.0,11.0,10.0,-1.5617055892944336,-0.9865925908088684,9.0,-1.9949251413345337,-1.4767100811004639,-41.5,0.0,1.8103180080652237,0.0,2.5110077932476997,3.0,56.0,22.0,2.0,15.0,46.0,92.0,92.0,75.0,1.0,0.0
10191,0.0,1.8103180080652237,0.0,2.5110077932476997,3.0,56.0,22.0,2.0,15.0,46.0,92.0,92.0,75.0,1.0,10.0,-1.4718207120895386,-1.0165106058120728,3.0,-1.5538415908813477,-0.8889298439025879,-41.4,0.0,0.7938074022531509,0.0,1.6220779493451118,4.0,57.0,23.0,1.0,16.0,47.0,93.0,93.0,76.0,2.0,0.0
10192,0.0,0.7938074022531509,0.0,1.6220779493451118,4.0,57.0,23.0,1.0,16.0,47.0,93.0,93.0,76.0,2.0,10.0,-1.2025296688079834,0.8698455095291138,3.0,-1.995481014251709,0.45811790227890015,-42.2,0.0,1.6636529117822647,0.0,2.080195851624012,5.0,58.0,24.0,1.0,17.0,48.0,94.0,94.0,77.0,3.0,0.0
10193,0.0,1.6636529117822647,0.0,2.080195851624012,5.0,58.0,24.0,1.0,17.0,48.0,94.0,94.0,77.0,3.0,10.0,-0.7335850596427917,-0.930432140827179,9.0,-1.870110273361206,0.9004870653152466,-43.1,0.0,0.7332207709550858,0.0,2.9806829169392586,6.0,59.0,25.0,2.0,18.0,49.0,95.0,95.0,78.0,1.0,0.0
10194,0.0,0.7332207709550858,0.0,2.9806829169392586,6.0,59.0,25.0,2.0,18.0,49.0,95.0,95.0,78.0,1.0,10.0,-1.7438461780548096,-1.3059738874435425,3.0,-1.9576454162597656,0.05126798152923584,-43.8,0.0,0.0,0.0,3.0319508984684944,7.0,60.0,26.0,1.0,19.0,50.0,96.0,96.0,79.0,2.0,0.0
10195,0.0,0.0,0.0,3.0319508984684944,7.0,60.0,26.0,1.0,19.0,50.0,96.0,96.0,79.0,2.0,10.0,-1.420608639717102,-1.2911080121994019,0.0,-1.6558939218521118,0.35897576808929443,-44.6,0.0,0.0,0.0,3.390926666557789,1.0,61.0,27.0,2.0,20.0,51.0,97.0,97.0,80.0,3.0,0.0
10196,0.0,0.0,0.0,3.390926666557789,1.0,61.0,27.0,2.0,20.0,51.0,97.0,97.0,80.0,3.0,10.0,-1.237020492553711,-1.369518518447876,3.0,0.7712020874023438,-0.023806579411029816,-44.9,0.0,0.0,0.7712020874023438,3.367120087146759,2.0,62.0,28.0,1.0,21.0,52.0,98.0,98.0,81.0,4.0,0.0
10197,0.0,0.0,0.7712020874023438,3.367120087146759,2.0,62.0,28.0,1.0,21.0,52.0,98.0,98.0,81.0,4.0,10.0,-1.4047492742538452,-1.1298799514770508,3.0,-1.9483939409255981,0.928078293800354,-45.7,0.0,0.0,0.0,4.295198380947113,3.0,63.0,29.0,1.0,22.0,53.0,99.0,99.0,82.0,5.0,0.0
10198,0.0,0.0,0.0,4.295198380947113,3.0,63.0,29.0,1.0,22.0,53.0,99.0,99.0,82.0,5.0,10.0,-1.7168118953704834,-1.2468907833099365,3.0,-0.5178292989730835,-0.8104982972145081,-46.6,0.0,0.0,0.0,3.484700083732605,4.0,64.0,30.0,1.0,23.0,54.0,100.0,100.0,83.0,6.0,0.0
10199,0.0,0.0,0.0,3.484700083732605,4.0,64.0,30.0,1.0,23.0,54.0,100.0,100.0,83.0,6.0,1.0,1.668063759803772,-0.9807578325271606,3.0,0.24183408915996552,-1.5911240577697754,-52.83032933077527,1.668063759803772,0.0,0.24183408915996552,1.8935760259628296,5.0,1.0,31.0,1.0,24.0,55.0,100.0,100.0,84.0,7.0,1.0
10200,8.682385444641113,0.1501942127943039,1.0574421882629395,3.760570764541626,1.0,1.0,1.0,1.0,1.0,1.0,1.0,1.0,1.0,1.0,3.0,-1.8467988967895508,-0.7448723912239075,1.0,-1.9789971113204956,-1.7634550333023071,-13.982130905407248,6.8355865478515625,0.0,0.0,1.9971157312393188,2.0,1.0,2.0,1.0,2.0,2.0,2.0,2.0,2.0,2.0,0.0
10201,6.8355865478515625,0.0,0.0,1.9971157312393188,2.0,1.0,2.0,1.0,2.0,2.0,2.0,2.0,2.0,2.0,8.0,-1.9580758810043335,-1.6466106176376343,0.0,-1.9136302471160889,-1.813029408454895,-11.793103870416754,4.877510666847229,0.0,0.0,0.18408632278442383,1.0,2.0,3.0,2.0,3.0,3.0,3.0,3.0,1.0,3.0,0.0
10202,4.877510666847229,0.0,0.0,0.18408632278442383,1.0,2.0,3.0,2.0,3.0,3.0,3.0,3.0,1.0,3.0,1.0,-1.3684546947479248,-0.8405401110649109,1.0,-1.9556177854537964,-0.6133986711502075,-6.4126869819200065,3.509055972099304,0.0,0.0,0.0,2.0,1.0,4.0,3.0,4.0,4.0,4.0,4.0,2.0,4.0,0.0
10203,3.509055972099304,0.0,0.0,0.0,2.0,1.0,4.0,3.0,4.0,4.0,4.0,4.0,2.0,4.0,4.0,-1.8457342386245728,-1.8292734622955322,0.0,-1.9436140060424805,-1.921651840209961,-13.510356043973907,1.6633217334747314,0.0,0.0,0.0,1.0,2.0,5.0,4.0,1.0,5.0,5.0,5.0,3.0,5.0,0.0
10204,1.6633217334747314,0.0,0.0,0.0,1.0,2.0,5.0,4.0,1.0,5.0,5.0,5.0,3.0,5.0,5.0,-0.372298926115036,-1.037848711013794,0.0,-1.9122822284698486,-0.830519437789917,-16.685249585421253,1.2910228073596954,0.0,0.0,0.0,1.0,3.0,6.0,5.0,2.0,1.0,6.0,6.0,4.0,6.0,0.0
10205,1.2910228073596954,0.0,0.0,0.0,1.0,3.0,6.0,5.0,2.0,1.0,6.0,6.0,4.0,6.0,9.0,-1.6475807428359985,-1.9380478858947754,0.0,-1.8407009840011597,-1.2665456533432007,-7.518749999999999,0.0,0.0,0.0,0.0,1.0,4.0,7.0,6.0,3.0,2.0,7.0,7.0,5.0,1.0,0.0
10206,0.0,0.0,0.0,0.0,1.0,4.0,7.0,6.0,3.0,2.0,7.0,7.0,5.0,1.0,9.0,-0.01380195189267397,-0.30778878927230835,3.0,-1.3680167198181152,-0.4083526134490967,-7.81875,0.0,0.0,0.0,0.0,2.0,5.0,8.0,1.0,4.0,3.0,8.0,8.0,6.0,1.0,0.0
10207,0.0,0.0,0.0,0.0,2.0,5.0,8.0,1.0,4.0,3.0,8.0,8.0,6.0,1.0,1.0,-0.7036774754524231,-0.6913812756538391,0.0,-1.126002550125122,-1.8956753015518188,-14.318750000000001,0.0,0.0,0.0,0.0,1.0,1.0,9.0,2.0,5.0,4.0,9.0,9.0,7.0,2.0,0.0
10208,0.0,0.0,0.0,0.0,1.0,1.0,9.0,2.0,5.0,4.0,9.0,9.0,7.0,2.0,5.0,-0.2082376927137375,-1.4624038934707642,0.0,-1.4574947357177734,0.1989862024784088,-21.128750000000004,0.0,0.0,0.0,0.1989862024784088,1.0,2.0,10.0,3.0,6.0,1.0,10.0,10.0,8.0,3.0,0.0
10209,0.0,0.0,0.0,0.1989862024784088,1.0,2.0,10.0,3.0,6.0,1.0,10.0,10.0,8.0,3.0,9.0,-1.507541537284851,-1.1681325435638428,0.0,-1.8328542709350586,1.2614256143569946,-8.91875,0.0,0.0,0.0,1.4604118168354034,1.0,3.0,11.0,4.0,7.0,2.0,11.0,11.0,9.0,1.0,0.0
10210,0.0,0.0,0.0,1.4604118168354034,1.0,3.0,11.0,4.0,7.0,2.0,11.0,11.0,9.0,1.0,9.0,-1.3180863857269287,-1.804436206817627,10.0,-1.746002435684204,-1.809804916381836,-9.518749999999999,0.0,0.0,0.0,0.0,2.0,4.0,12.0,5.0,8.0,3.0,12.0,12.0,10.0,1.0,0.0
10211,0.0,0.0,0.0,0.0,2.0,4.0,12.0,5.0,8.0,3.0,12.0,12.0,10.0,1.0,8.0,-0.31613022089004517,-1.3953030109405518,0.0,-1.8158292770385742,-0.7574827671051025,-19.25375,0.0,0.0,0.0,0.0,1.0,5.0,13.0,6.0,9.0,4.0,13.0,13.0,1.0,2.0,0.0
10212,0.0,0.0,0.0,0.0,1.0,5.0,13.0,6.0,9.0,4.0,13.0,13.0,1.0,2.0,2.0,-0.18342436850070953,-0.8980315923690796,5.0,-1.7514983415603638,-1.1775791645050049,-21.998749999999998,0.0,0.0,0.0,0.0,2.0,6.0,1.0,7.0,10.0,1.0,14.0,14.0,2.0,3.0,0.0
10213,0.0,0.0,0.0,0.0,2.0,6.0,1.0,7.0,10.0,1.0,14.0,14.0,2.0,3.0,10.0,-0.8921316862106323,0.061633169651031494,10.0,-1.3105182647705078,1.0084127187728882,-7.0,0.0,0.061633169651031494,0.0,1.0084127187728882,3.0,7.0,2.0,8.0,11.0,2.0,15.0,15.0,3.0,4.0,0.0
10214,0.0,0.061633169651031494,0.0,1.0084127187728882,3.0,7.0,2.0,8.0,11.0,2.0,15.0,15.0,3.0,4.0,4.0,-1.8510680198669434,-1.295966625213623,0.0,-1.7433959245681763,-1.1688909530639648,-20.74875,0.0,0.0,0.0,0.0,1.0,8.0,3.0,9.0,1.0,3.0,16.0,16.0,4.0,5.0,0.0
10215,0.0,0.0,0.0,0.0,1.0,8.0,3.0,9.0,1.0,3.0,16.0,16.0,4.0,5.0,4.0,0.4543256461620331,-0.8689391016960144,10.0,-1.872022032737732,-1.5051943063735962,-19.32443670055116,0.4543256461620331,0.0,0.0,0.0,2.0,9.0,4.0,10.0,1.0,4.0,17.0,17.0,5.0,6.0,0.0
10216,0.4543256461620331,0.0,0.0,0.0,2.0,9.0,4.0,10.0,1.0,4.0,17.0,17.0,5.0,6.0,10.0,-1.8957151174545288,-1.925462007522583,10.0,-0.7223159670829773,-1.9612088203430176,-8.5,0.0,0.0,0.0,0.0,3.0,10.0,5.0,11.0,2.0,5.0,18.0,18.0,6.0,7.0,0.0
10217,0.0,0.0,0.0,0.0,3.0,10.0,5.0,11.0,2.0,5.0,18.0,18.0,6.0,7.0,10.0,1.1073272228240967,-0.238837331533432,0.0,-1.6295958757400513,-1.4595316648483276,-9.5,1.1073272228240967,0.0,0.0,0.0,1.0,11.0,6.0,12.0,3.0,6.0,19.0,19.0,7.0,8.0,0.0
10218,1.1073272228240967,0.0,0.0,0.0,1.0,11.0,6.0,12.0,3.0,6.0,19.0,19.0,7.0,8.0,4.0,-0.8434821963310242,0.8835636973381042,0.0,0.40747711062431335,-0.9353398084640503,-21.09758292834468,0.2638450264930725,0.8835636973381042,0.40747711062431335,0.0,1.0,12.0,7.0,13.0,1.0,7.0,20.0,20.0,8.0,9.0,0.0
10219,0.2638450264930725,0.8835636973381042,0.40747711062431335,0.0,1.0,12.0,7.0,13.0,1.0,7.0,20.0,20.0,8.0,9.0,9.0,-1.4758694171905518,-1.2694967985153198,3.0,0.044317618012428284,-0.5608755350112915,-13.31875,0.0,0.0,0.45179472863674164,0.0,2.0,13.0,8.0,1.0,2.0,8.0,21.0,21.0,9.0,1.0,0.0
10220,0.0,0.0,0.45179472863674164,0.0,2.0,13.0,8.0,1.0,2.0,8.0,21.0,21.0,9.0,1.0,10.0,-1.2212040424346924,-0.6487821340560913,9.0,0.4357529878616333,-1.9667961597442627,-9.6,0.0,0.0,0.8875477164983749,0.0,3.0,14.0,9.0,2.0,3.0,9.0,22.0,22.0,10.0,1.0,0.0
10221,0.0,0.0,0.8875477164983749,0.0,3.0,14.0,9.0,2.0,3.0,9.0,22.0,22.0,10.0,1.0,9.0,-1.8528505563735962,0.6302556395530701,9.0,-1.727987289428711,-0.5108364820480347,-12.494181691749855,0.0,0.6302556395530701,0.0,0.0,4.0,15.0,10.0,3.0,4.0,10.0,23.0,23.0,11.0,1.0,0.0
10222,0.0,0.6302556395530701,0.0,0.0,4.0,15.0,10.0,3.0,4.0,10.0,23.0,23.0,11.0,1.0,3.0,-1.1841745376586914,-0.4198201596736908,0.0,-1.7734118700027466,-0.5929451584815979,-17.84158638717782,0.0,0.21043547987937927,0.0,0.0,1.0,16.0,11.0,1.0,5.0,11.0,24.0,24.0,12.0,2.0,0.0
10223,0.0,0.21043547987937927,0.0,0.0,1.0,16.0,11.0,1.0,5.0,11.0,24.0,24.0,12.0,2.0,9.0,0.12513506412506104,-1.8198232650756836,0.0,0.32368195056915283,-1.820196270942688,-14.124197436865483,0.12513506412506104,0.0,0.32368195056915283,0.0,1.0,17.0,12.0,2.0,6.0,12.0,25.0,25.0,13.0,1.0,0.0
10224,0.12513506412506104,0.0,0.32368195056915283,0.0,1.0,17.0,12.0,2.0,6.0,12.0,25.0,25.0,13.0,1.0,10.0,0.02674753963947296,0.24424102902412415,10.0,0.34450680017471313,-0.5640442967414856,-12.4,0.151882603764534,0.24424102902412415,0.668188750743866,0.0,2.0,18.0,13.0,3.0,7.0,13.0,26.0,26.0,14.0,2.0,0.0
10225,0.151882603764534,0.24424102902412415,0.668188750743866,0.0,2.0,18.0,13.0,3.0,7.0,13.0,26.0,26.0,14.0,2.0,1.0,0.8771275877952576,0.6685620546340942,0.0,1.4690001010894775,-1.2181614637374878,-19.47164656827996,1.0290101915597916,0.9128030836582184,2.1371888518333435,0.0,1.0,1.0,14.0,4.0,8.0,14.0,27.0,27.0,15.0,3.0,0.0
10226,1.0290101915597916,0.9128030836582184,2.1371888518333435,0.0,1.0,1.0,14.0,4.0,8.0,14.0,27.0,27.0,15.0,3.0,9.0,-1.3397396802902222,1.3570598363876343,0.0,-1.8686333894729614,-0.8294066786766052,-13.606380524106216,0.0,2.2698629200458527,0.2685554623603821,0.0,1.0,2.0,15.0,5.0,9.0,15.0,28.0,28.0,16.0,1.0,0.0
10227,0.0,2.2698629200458527,0.2685554623603821,0.0,1.0,2.0,15.0,5.0,9.0,15.0,28.0,28.0,16.0,1.0,9.0,-1.8119481801986694,-0.5810429453849792,0.0,-1.0334981679916382,-1.9191665649414062,-14.390224924121489,0.0,1.6888199746608734,0.0,0.0,1.0,3.0,16.0,6.0,10.0,16.0,29.0,29.0,17.0,1.0,0.0
10228,0.0,1.6888199746608734,0.0,0.0,1.0,3.0,16.0,6.0,10.0,16.0,29.0,29.0,17.0,1.0,10.0,-1.9763143062591553,-0.048223208636045456,0.0,-1.3214470148086548,-1.3954970836639404,-13.8,0.0,1.640596766024828,0.0,0.0,1.0,4.0,17.0,7.0,11.0,17.0,30.0,30.0,18.0,2.0,0.0
10229,0.0,1.640596766024828,0.0,0.0,1.0,4.0,17.0,7.0,11.0,17.0,30.0,30.0,18.0,2.0,2.0,-1.5503790378570557,-0.16732245683670044,10.0,-1.790016770362854,-1.459134578704834,-26.138178013529398,0.0,1.4732743091881275,0.0,0.0,2.0,5.0,1.0,8.0,12.0,18.0,31.0,31.0,19.0,3.0,0.0
10230,0.0,1.4732743091881275,0.0,0.0,2.0,5.0,1.0,8.0,12.0,18.0,31.0,31.0,19.0,3.0,10.0,-1.5090677738189697,-0.35850203037261963,10.0,-1.1028268337249756,1.6097620725631714,-14.0,0.0,1.1147722788155079,0.0,1.6097620725631714,3.0,6.0,2.0,9.0,13.0,19.0,32.0,32.0,20.0,4.0,0.0
10231,0.0,1.1147722788155079,0.0,1.6097620725631714,3.0,6.0,2.0,9.0,13.0,19.0,32.0,32.0,20.0,4.0,3.0,-0.9560160636901855,-0.9429606199264526,0.0,-0.524360179901123,0.03705889359116554,-21.517124990488735,0.0,0.17181165888905525,0.0,1.646820966154337,1.0,7.0,3.0,1.0,14.0,20.0,33.0,33.0,21.0,5.0,0.0
10232,0.0,0.17181165888905525,0.0,1.646820966154337,1.0,7.0,3.0,1.0,14.0,20.0,33.0,33.0,21.0,5.0,10.0,-1.7356289625167847,-0.24453654885292053,10.0,-1.0345146656036377,-1.399446725845337,-14.8,0.0,0.0,0.0,0.24737424030900002,2.0,8.0,4.0,2.0,15.0,21.0,34.0,34.0,22.0,6.0,0.0
10233,0.0,0.0,0.0,0.24737424030900002,2.0,8.0,4.0,2.0,15.0,21.0,34.0,34.0,22.0,6.0,1.0,-0.49709898233413696,-0.047039058059453964,10.0,-1.5768769979476929,1.307904601097107,-24.518750000000004,0.0,0.0,0.0,1.555278841406107,3.0,1.0,5.0,3.0,16.0,22.0,35.0,35.0,23.0,7.0,0.0
10234,0.0,0.0,0.0,1.555278841406107,3.0,1.0,5.0,3.0,16.0,22.0,35.0,35.0,23.0,7.0,3.0,-1.3770204782485962,1.035815954208374,10.0,-1.9887160062789917,1.8872407674789429,-20.93788262937398,0.0,1.035815954208374,0.0,3.44251960888505,4.0,2.0,6.0,1.0,17.0,23.0,36.0,36.0,24.0,8.0,0.0
10235,0.0,1.035815954208374,0.0,3.44251960888505,4.0,2.0,6.0,1.0,17.0,23.0,36.0,36.0,24.0,8.0,10.0,-1.7712743282318115,-0.2887601852416992,10.0,-1.7397513389587402,-0.7532327771186829,-16.7,0.0,0.7470557689666748,0.0,2.689286831766367,5.0,3.0,7.0,2.0,18.0,24.0,37.0,37.0,25.0,9.0,0.0
10236,0.0,0.7470557689666748,0.0,2.689286831766367,5.0,3.0,7.0,2.0,18.0,24.0,37.0,37.0,25.0,9.0,9.0,-1.91286039352417,-1.7481216192245483,10.0,-1.2905830144882202,0.804064929485321,-20.21875,0.0,0.0,0.0,3.493351761251688,6.0,4.0,8.0,3.0,19.0,25.0,38.0,38.0,26.0,1.0,0.0
10237,0.0,0.0,0.0,3.493351761251688,6.0,4.0,8.0,3.0,19.0,25.0,38.0,38.0,26.0,1.0,5.0,-1.7705225944519043,-0.923382580280304,10.0,-1.8787356615066528,-1.8723119497299194,-33.02875,0.0,0.0,0.0,1.6210398115217686,7.0,5.0,9.0,4.0,20.0,1.0,39.0,39.0,27.0,2.0,0.0
10238,0.0,0.0,0.0,1.6210398115217686,7.0,5.0,9.0,4.0,20.0,1.0,39.0,39.0,27.0,2.0,4.0,-1.8044377565383911,-0.6133368611335754,0.0,-1.7272701263427734,0.14564423263072968,-29.048750000000002,0.0,0.0,0.0,1.7666840441524982,1.0,6.0,10.0,5.0,1.0,2.0,40.0,40.0,28.0,3.0,0.0
10239,0.0,0.0,0.0,1.7666840441524982,1.0,6.0,10.0,5.0,1.0,2.0,40.0,40.0,28.0,3.0,10.0,-1.8846757411956787,-0.05866173654794693,3.0,-1.920998454093933,-0.6859856843948364,-14.6,0.0,0.0,0.0,1.0806983597576618,2.0,7.0,11.0,1.0,2.0,3.0,41.0,41.0,29.0,4.0,0.0
10240,0.0,0.0,0.0,1.0806983597576618,2.0,7.0,11.0,1.0,2.0,3.0,41.0,41.0,29.0,4.0,10.0,-1.8404057025909424,-1.1918083429336548,10.0,-1.899370789527893,1.9366319179534912,-15.1,0.0,0.0,0.0,3.017330277711153,3.0,8.0,12.0,2.0,3.0,4.0,42.0,42.0,30.0,5.0,0.0
10241,0.0,0.0,0.0,3.017330277711153,3.0,8.0,12.0,2.0,3.0,4.0,42.0,42.0,30.0,5.0,10.0,-1.0727416276931763,1.1556298732757568,0.0,-1.6297720670700073,0.3260517120361328,-16.1,0.0,1.1556298732757568,0.0,3.343381989747286,1.0,9.0,13.0,3.0,4.0,5.0,43.0,43.0,31.0,6.0,0.0
10242,0.0,1.1556298732757568,0.0,3.343381989747286,1.0,9.0,13.0,3.0,4.0,5.0,43.0,43.0,31.0,6.0,10.0,-0.36276599764823914,-1.3209490776062012,10.0,-1.8752492666244507,1.5326812267303467,-16.8,0.0,0.0,0.0,4.8760632164776325,2.0,10.0,14.0,4.0,5.0,6.0,44.0,44.0,32.0,7.0,0.0
10243,0.0,0.0,0.0,4.8760632164776325,2.0,10.0,14.0,4.0,5.0,6.0,44.0,44.0,32.0,7.0,4.0,-1.6223150491714478,0.6893099546432495,10.0,-1.9668272733688354,1.5954267978668213,-29.55396754340636,0.0,0.6893099546432495,0.0,6.471490014344454,3.0,11.0,15.0,5.0,1.0,7.0,45.0,45.0,33.0,8.0,0.0
10244,0.0,0.6893099546432495,0.0,6.471490014344454,3.0,11.0,15.0,5.0,1.0,7.0,45.0,45.0,33.0,8.0,10.0,-1.816146969795227,-1.66989266872406,0.0,-1.1914149522781372,-0.8081551194190979,-18.3,0.0,0.0,0.0,5.663334894925356,1.0,12.0,16.0,6.0,2.0,8.0,46.0,46.0,34.0,9.0,0.0
10245,0.0,0.0,0.0,5.663334894925356,1.0,12.0,16.0,6.0,2.0,8.0,46.0,46.0,34.0,9.0,10.0,-1.680283784866333,-0.00645986944437027,10.0,-1.8372801542282104,1.7952439785003662,-19.0,0.0,0.0,0.0,7.458578873425722,2.0,13.0,17.0,7.0,3.0,9.0,47.0,47.0,35.0,10.0,0.0
10246,0.0,0.0,0.0,7.458578873425722,2.0,13.0,17.0,7.0,3.0,9.0,47.0,47.0,35.0,10.0,10.0,-0.18823830783367157,-0.35300183296203613,10.0,-0.717107355594635,0.9896345138549805,-20.0,0.0,0.0,0.0,8.448213387280703,3.0,14.0,18.0,8.0,4.0,10.0,48.0,48.0,36.0,11.0,0.0
10247,0.0,0.0,0.0,8.448213387280703,3.0,14.0,18.0,8.0,4.0,10.0,48.0,48.0,36.0,11.0,10.0,1.2838674783706665,0.01350835245102644,10.0,-1.8830292224884033,1.625382661819458,-21.0,1.2838674783706665,0.01350835245102644,0.0,10.0,4.0,15.0,19.0,9.0,5.0,11.0,49.0,49.0,37.0,12.0,0.0
10248,1.2838674783706665,0.01350835245102644,0.0,10.0,4.0,15.0,19.0,9.0,5.0,11.0,49.0,49.0,37.0,12.0,4.0,-1.3811436891555786,-0.5206044316291809,3.0,-1.652168869972229,-0.5164353847503662,-34.74875,0.0,0.0,0.0,9.483564615249634,5.0,16.0,20.0,1.0,1.0,12.0,50.0,50.0,38.0,13.0,0.0
10249,0.0,0.0,0.0,9.483564615249634,5.0,16.0,20.0,1.0,1.0,12.0,50.0,50.0,38.0,13.0,10.0,-1.8715745210647583,-0.5138020515441895,0.0,-0.5014588236808777,-0.32795077562332153,-21.6,0.0,0.0,0.0,9.155613839626312,1.0,17.0,21.0,2.0,2.0,13.0,51.0,51.0,39.0,14.0,0.0
10250,0.0,0.0,0.0,9.155613839626312,1.0,17.0,21.0,2.0,2.0,13.0,51.0,51.0,39.0,14.0,10.0,-0.5172014236450195,0.36541280150413513,0.0,-1.237897515296936,-0.25230786204338074,-22.1,0.0,0.36541280150413513,0.0,8.903305977582932,1.0,18.0,22.0,3.0,3.0,14.0,52.0,52.0,40.0,15.0,0.0
10251,0.0,0.36541280150413513,0.0,8.903305977582932,1.0,18.0,22.0,3.0,3.0,14.0,52.0,52.0,40.0,15.0,10.0,-1.987236499786377,-0.7192813158035278,0.0,-1.559360384941101,-1.5852473974227905,-23.0,0.0,0.0,0.0,7.318058580160141,1.0,19.0,23.0,4.0,4.0,15.0,53.0,53.0,41.0,16.0,0.0
10252,0.0,0.0,0.0,7.318058580160141,1.0,19.0,23.0,4.0,4.0,15.0,53.0,53.0,41.0,16.0,10.0,-1.133668303489685,-0.1192450150847435,0.0,-1.9600526094436646,-1.8687795400619507,-23.9,0.0,0.0,0.0,5.44927904009819,1.0,20.0,24.0,5.0,5.0,16.0,54.0,54.0,42.0,17.0,0.0
10253,0.0,0.0,0.0,5.44927904009819,1.0,20.0,24.0,5.0,5.0,16.0,54.0,54.0,42.0,17.0,10.0,-1.4906284809112549,-0.4243473708629608,3.0,-1.8313562870025635,-0.5746726989746094,-24.8,0.0,0.0,0.0,4.874606341123581,2.0,21.0,25.0,1.0,6.0,17.0,55.0,55.0,43.0,18.0,0.0
10254,0.0,0.0,0.0,4.874606341123581,2.0,21.0,25.0,1.0,6.0,17.0,55.0,55.0,43.0,18.0,10.0,-1.3070378303527832,-0.6044992208480835,10.0,-1.8347115516662598,0.44379833340644836,-25.3,0.0,0.0,0.0,5.318404674530029,3.0,22.0,26.0,2.0,7.0,18.0,56.0,56.0,44.0,19.0,0.0
10255,0.0,0.0,0.0,5.318404674530029,3.0,22.0,26.0,2.0,7.0,18.0,56.0,56.0,44.0,19.0,10.0,-1.9351112842559814,-1.5021811723709106,9.0,-0.24989061057567596,1.4844810962677002,-26.3,0.0,0.0,0.0,6.8028857707977295,4.0,23.0,27.0,3.0,8.0,19.0,57.0,57.0,45.0,1.0,0.0
10256,0.0,0.0,0.0,6.8028857707977295,4.0,23.0,27.0,3.0,8.0,19.0,57.0,57.0,45.0,1.0,5.0,-1.8104485273361206,-0.4485381245613098,10.0,0.4737569987773895,-0.8554673790931702,-40.628750000000004,0.0,0.0,0.4737569987773895,5.947418391704559,5.0,24.0,28.0,4.0,9.0,1.0,58.0,58.0,46.0,2.0,0.0
10257,0.0,0.0,0.4737569987773895,5.947418391704559,5.0,24.0,28.0,4.0,9.0,1.0,58.0,58.0,46.0,2.0,10.0,-0.7854630351066589,-0.5656190514564514,10.0,-1.0153772830963135,1.5637823343276978,-24.5,0.0,0.0,0.0,7.511200726032257,6.0,25.0,29.0,5.0,10.0,2.0,59.0,59.0,47.0,3.0,0.0
10258,0.0,0.0,0.0,7.511200726032257,6.0,25.0,29.0,5.0,10.0,2.0,59.0,59.0,47.0,3.0,9.0,-1.573752760887146,0.6155727505683899,10.0,-1.6019704341888428,-1.8575551509857178,-27.50500146271396,0.0,0.6155727505683899,0.0,5.653645575046539,7.0,26.0,30.0,6.0,11.0,3.0,60.0,60.0,48.0,1.0,0.0
10259,0.0,0.6155727505683899,0.0,5.653645575046539,7.0,26.0,30.0,6.0,11.0,3.0,60.0,60.0,48.0,1.0,10.0,-1.8372893333435059,-0.8530476093292236,10.0,0.7728013396263123,1.563123106956482,-26.2,0.0,0.0,0.7728013396263123,7.216768682003021,8.0,27.0,31.0,7.0,12.0,4.0,61.0,61.0,49.0,2.0,0.0
10260,0.0,0.0,0.7728013396263123,7.216768682003021,8.0,27.0,31.0,7.0,12.0,4.0,61.0,61.0,49.0,2.0,9.0,-1.7934588193893433,0.032381147146224976,10.0,-1.7843756675720215,-0.3677193820476532,-29.688798056651038,0.0,0.032381147146224976,0.0,6.849049299955368,9.0,28.0,32.0,8.0,13.0,5.0,62.0,62.0,50.0,1.0,0.0
10261,0.0,0.032381147146224976,0.0,6.849049299955368,9.0,28.0,32.0,8.0,13.0,5.0,62.0,62.0,50.0,1.0,10.0,-1.249051570892334,-0.06564410030841827,0.0,-0.442911833524704,0.6103812456130981,-28.0,0.0,0.0,0.0,7.459430545568466,1.0,29.0,33.0,9.0,14.0,6.0,63.0,63.0,51.0,2.0,0.0
10262,0.0,0.0,0.0,7.459430545568466,1.0,29.0,33.0,9.0,14.0,6.0,63.0,63.0,51.0,2.0,9.0,-1.6711983680725098,-1.6493631601333618,10.0,0.27637779712677,-0.7344309687614441,-30.618750000000002,0.0,0.0,0.27637779712677,6.724999576807022,2.0,30.0,34.0,10.0,15.0,7.0,64.0,64.0,52.0,1.0,0.0
10263,0.0,0.0,0.27637779712677,6.724999576807022,2.0,30.0,34.0,10.0,15.0,7.0,64.0,64.0,52.0,1.0,10.0,-0.46834877133369446,-1.5595316886901855,0.0,-0.8229219913482666,-0.6379825472831726,-28.9,0.0,0.0,0.0,6.0870170295238495,1.0,31.0,35.0,11.0,16.0,8.0,65.0,65.0,53.0,2.0,0.0
10264,0.0,0.0,0.0,6.0870170295238495,1.0,31.0,35.0,11.0,16.0,8.0,65.0,65.0,53.0,2.0,10.0,-1.4223740100860596,-1.6539033651351929,0.0,-0.039187658578157425,-0.8614564538002014,-29.7,0.0,0.0,0.0,5.225560575723648,1.0,32.0,36.0,12.0,17.0,9.0,66.0,66.0,54.0,3.0,0.0
10265,0.0,0.0,0.0,5.225560575723648,1.0,32.0,36.0,12.0,17.0,9.0,66.0,66.0,54.0,3.0,10.0,-1.699705719947815,-1.3666123151779175,3.0,-1.5517033338546753,0.034454476088285446,-30.6,0.0,0.0,0.0,5.2600150518119335,2.0,33.0,37.0,1.0,18.0,10.0,67.0,67.0,55.0,4.0,0.0
10266,0.0,0.0,0.0,5.2600150518119335,2.0,33.0,37.0,1.0,18.0,10.0,67.0,67.0,55.0,4.0,2.0,-1.2982330322265625,1.8090627193450928,0.0,-1.7758259773254395,-0.8595526814460754,-41.2803536270124,0.0,1.8090627193450928,0.0,4.400462370365858,1.0,34.0,1.0,2.0,19.0,11.0,68.0,68.0,56.0,5.0,0.0
10267,0.0,1.8090627193450928,0.0,4.400462370365858,1.0,34.0,1.0,2.0,19.0,11.0,68.0,68.0,56.0,5.0,10.0,-1.946556806564331,-1.2810676097869873,10.0,-1.972356915473938,1.1793878078460693,-27.5,0.0,0.5279951095581055,0.0,5.579850178211927,2.0,35.0,2.0,3.0,20.0,12.0,69.0,69.0,57.0,6.0,0.0
10268,0.0,0.5279951095581055,0.0,5.579850178211927,2.0,35.0,2.0,3.0,20.0,12.0,69.0,69.0,57.0,6.0,10.0,-1.9609211683273315,0.7894934415817261,10.0,-1.9909294843673706,-0.28093162178993225,-28.5,0.0,1.3174885511398315,0.0,5.298918556421995,3.0,36.0,3.0,4.0,21.0,13.0,70.0,70.0,58.0,7.0,0.0
10269,0.0,1.3174885511398315,0.0,5.298918556421995,3.0,36.0,3.0,4.0,21.0,13.0,70.0,70.0,58.0,7.0,10.0,-1.968250036239624,-1.0724061727523804,0.0,-1.7849845886230469,-0.12404914200305939,-29.5,0.0,0.24508237838745117,0.0,5.174869414418936,1.0,37.0,4.0,5.0,22.0,14.0,71.0,71.0,59.0,8.0,0.0
10270,0.0,0.24508237838745117,0.0,5.174869414418936,1.0,37.0,4.0,5.0,22.0,14.0,71.0,71.0,59.0,8.0,10.0,-1.7290163040161133,1.4991422891616821,9.0,-1.9434510469436646,0.6470543742179871,-30.2,0.0,1.7442246675491333,0.0,5.821923788636923,2.0,38.0,5.0,6.0,23.0,15.0,72.0,72.0,60.0,1.0,0.0
10271,0.0,1.7442246675491333,0.0,5.821923788636923,2.0,38.0,5.0,6.0,23.0,15.0,72.0,72.0,60.0,1.0,10.0,-1.9322770833969116,-1.9469540119171143,3.0,-1.8851579427719116,1.7501059770584106,-30.4,0.0,0.0,0.0,7.5720297656953335,3.0,39.0,6.0,1.0,24.0,16.0,73.0,73.0,61.0,2.0,0.0
10272,0.0,0.0,0.0,7.5720297656953335,3.0,39.0,6.0,1.0,24.0,16.0,73.0,73.0,61.0,2.0,10.0,-1.9156494140625,1.7121782302856445,10.0,-1.7826645374298096,1.699662446975708,-30.8,0.0,1.7121782302856445,0.0,9.271692212671041,4.0,40.0,7.0,2.0,25.0,17.0,74.0,74.0,62.0,3.0,0.0
10273,0.0,1.7121782302856445,0.0,9.271692212671041,4.0,40.0,7.0,2.0,25.0,17.0,74.0,74.0,62.0,3.0,10.0,-1.8854084014892578,-0.9613726139068604,3.0,-1.6563372611999512,-0.023007823154330254,-31.8,0.0,0.7508056163787842,0.0,9.248684389516711,5.0,41.0,8.0,1.0,26.0,18.0,75.0,75.0,63.0,4.0,0.0
10274,0.0,0.7508056163787842,0.0,9.248684389516711,5.0,41.0,8.0,1.0,26.0,18.0,75.0,75.0,63.0,4.0,10.0,-1.8825337886810303,-1.585067868232727,3.0,-1.883446216583252,-0.7811591625213623,-32.6,0.0,0.0,0.0,8.467525226995349,6.0,42.0,9.0,1.0,27.0,19.0,76.0,76.0,64.0,5.0,0.0
10275,0.0,0.0,0.0,8.467525226995349,6.0,42.0,9.0,1.0,27.0,19.0,76.0,76.0,64.0,5.0,4.0,-1.948310136795044,-1.906164526939392,9.0,-1.7139899730682373,1.7156847715377808,-46.24875,0.0,0.0,0.0,10.0,7.0,43.0,10.0,2.0,1.0,20.0,77.0,77.0,65.0,1.0,0.0
10276,0.0,0.0,0.0,10.0,7.0,43.0,10.0,2.0,1.0,20.0,77.0,77.0,65.0,1.0,10.0,-1.3428009748458862,1.8872168064117432,3.0,-1.0078691244125366,0.4888175129890442,-31.3,0.0,1.8872168064117432,0.0,10.0,8.0,44.0,11.0,1.0,2.0,21.0,78.0,78.0,66.0,2.0,0.0
10277,0.0,1.8872168064117432,0.0,10.0,8.0,44.0,11.0,1.0,2.0,21.0,78.0,78.0,66.0,2.0,10.0,-1.8669215440750122,-0.6080459952354431,3.0,-1.161619782447815,0.9750229716300964,-32.1,0.0,1.2791708111763,0.0,10.0,9.0,45.0,12.0,1.0,3.0,22.0,79.0,79.0,67.0,3.0,0.0
10278,0.0,1.2791708111763,0.0,10.0,9.0,45.0,12.0,1.0,3.0,22.0,79.0,79.0,67.0,3.0,5.0,-0.7585754990577698,1.678855299949646,3.0,-1.160255789756775,0.5965670347213745,-45.00004689124073,0.0,2.958026111125946,0.0,10.0,10.0,46.0,13.0,1.0,4.0,1.0,80.0,80.0,68.0,4.0,0.0
10279,0.0,2.958026111125946,0.0,10.0,10.0,46.0,13.0,1.0,4.0,1.0,80.0,80.0,68.0,4.0,10.0,-1.1560089588165283,0.7927021980285645,0.0,-1.6616995334625244,0.17932714521884918,-31.7,0.0,3.7507283091545105,0.0,10.0,1.0,47.0,14.0,2.0,5.0,2.0,81.0,81.0,69.0,5.0,0.0
10280,0.0,3.7507283091545105,0.0,10.0,1.0,47.0,14.0,2.0,5.0,2.0,81.0,81.0,69.0,5.0,10.0,-1.8717925548553467,-0.2630634009838104,10.0,-0.3411926329135895,1.2649176120758057,-31.7,0.0,3.4876649081707,0.0,10.0,2.0,48.0,15.0,3.0,6.0,3.0,82.0,82.0,70.0,6.0,0.0
10281,0.0,3.4876649081707,0.0,10.0,2.0,48.0,15.0,3.0,6.0,3.0,82.0,82.0,70.0,6.0,10.0,-0.5243138074874878,0.7911989092826843,3.0,-1.7764427661895752,1.4292287826538086,-32.7,0.0,4.278863817453384,0.0,10.0,3.0,49.0,16.0,1.0,7.0,4.0,83.0,83.0,71.0,7.0,0.0
10282,0.0,4.278863817453384,0.0,10.0,3.0,49.0,16.0,1.0,7.0,4.0,83.0,83.0,71.0,7.0,10.0,-1.9148330688476562,-1.8729846477508545,10.0,-1.6327353715896606,1.5917178392410278,-33.4,0.0,2.40587916970253,0.0,10.0,4.0,50.0,17.0,2.0,8.0,5.0,84.0,84.0,72.0,8.0,0.0
10283,0.0,2.40587916970253,0.0,10.0,4.0,50.0,17.0,2.0,8.0,5.0,84.0,84.0,72.0,8.0,10.0,-1.851541519165039,-1.7722206115722656,10.0,-1.818706750869751,1.5101343393325806,-34.4,0.0,0.6336585581302643,0.0,10.0,5.0,51.0,18.0,3.0,9.0,6.0,85.0,85.0,73.0,9.0,0.0
10284,0.0,0.6336585581302643,0.0,10.0,5.0,51.0,18.0,3.0,9.0,6.0,85.0,85.0,73.0,9.0,10.0,-0.5352202653884888,0.34909170866012573,3.0,-1.8543739318847656,-0.6632857918739319,-35.4,0.0,0.98275026679039,0.0,9.336714208126068,6.0,52.0,19.0,1.0,10.0,7.0,86.0,86.0,74.0,10.0,0.0
10285,0.0,0.98275026679039,0.0,9.336714208126068,6.0,52.0,19.0,1.0,10.0,7.0,86.0,86.0,74.0,10.0,10.0,-1.5958244800567627,1.0706548690795898,0.0,-1.3786282539367676,0.28072530031204224,-36.1,0.0,2.05340513586998,0.0,9.61743950843811,1.0,53.0,20.0,2.0,11.0,8.0,87.0,87.0,75.0,11.0,0.0
10286,0.0,2.05340513586998,0.0,9.61743950843811,1.0,53.0,20.0,2.0,11.0,8.0,87.0,87.0,75.0,11.0,10.0,-1.5313111543655396,-0.46096158027648926,10.0,-1.4083225727081299,1.0956171751022339,-36.5,0.0,1.5924435555934906,0.0,10.0,2.0,54.0,21.0,3.0,12.0,9.0,88.0,88.0,76.0,12.0,0.0
10287,0.0,1.5924435555934906,0.0,10.0,2.0,54.0,21.0,3.0,12.0,9.0,88.0,88.0,76.0,12.0,10.0,-1.8069993257522583,-0.5704842209815979,10.0,-1.471759557723999,1.824808955192566,-37.5,0.0,1.0219593346118927,0.0,10.0,3.0,55.0,22.0,4.0,13.0,10.0,89.0,89.0,77.0,13.0,0.0
10288,0.0,1.0219593346118927,0.0,10.0,3.0,55.0,22.0,4.0,13.0,10.0,89.0,89.0,77.0,13.0,10.0,-1.9400064945220947,0.960259199142456,10.0,-1.7227253913879395,1.1885156631469727,-38.5,0.0,1.9822185337543488,0.0,10.0,4.0,56.0,23.0,5.0,14.0,11.0,90.0,90.0,78.0,14.0,0.0
10289,0.0,1.9822185337543488,0.0,10.0,4.0,56.0,23.0,5.0,14.0,11.0,90.0,90.0,78.0,14.0,10.0,-1.895525336265564,-0.2244197279214859,10.0,-1.7157388925552368,0.9371213912963867,-39.5,0.0,1.7577988058328629,0.0,10.0,5.0,57.0,24.0,6.0,15.0,12.0,91.0,91.0,79.0,15.0,0.0
10290,0.0,1.7577988058328629,0.0,10.0,5.0,57.0,24.0,6.0,15.0,12.0,91.0,91.0,79.0,15.0,10.0,-1.9153871536254883,-0.9740878343582153,3.0,-1.9189133644104004,1.9382232427597046,-40.5,0.0,0.7837109714746475,0.0,10.0,6.0,58.0,25.0,1.0,16.0,13.0,92.0,92.0,80.0,16.0,0.0
10291,0.0,0.7837109714746475,0.0,10.0,6.0,58.0,25.0,1.0,16.0,13.0,92.0,92.0,80.0,16.0,10.0,-1.7030749320983887,-1.3442058563232422,3.0,-1.8361490964889526,1.7612696886062622,-40.9,0.0,0.0,0.0,10.0,7.0,59.0,26.0,1.0,17.0,14.0,93.0,93.0,81.0,17.0,0.0
10292,0.0,0.0,0.0,10.0,7.0,59.0,26.0,1.0,17.0,14.0,93.0,93.0,81.0,17.0,10.0,-1.951217770576477,-1.2319915294647217,3.0,-1.6142889261245728,-0.16557881236076355,-41.8,0.0,0.0,0.0,9.834421187639236,8.0,60.0,27.0,1.0,18.0,15.0,94.0,94.0,82.0,18.0,0.0
10293,0.0,0.0,0.0,9.834421187639236,8.0,60.0,27.0,1.0,18.0,15.0,94.0,94.0,82.0,18.0,10.0,-0.3786259591579437,0.3980288803577423,0.0,-1.834328055381775,1.1202123165130615,-42.7,0.0,0.3980288803577423,0.0,10.0,1.0,61.0,28.0,2.0,19.0,16.0,95.0,95.0,83.0,19.0,0.0
10294,0.0,0.3980288803577423,0.0,10.0,1.0,61.0,28.0,2.0,19.0,16.0,95.0,95.0,83.0,19.0,10.0,-1.8438585996627808,-0.28204143047332764,3.0,-1.8567335605621338,-1.1958506107330322,-42.9,0.0,0.11598744988441467,0.0,8.804149389266968,2.0,62.0,29.0,1.0,20.0,17.0,96.0,96.0,84.0,20.0,0.0
10295,0.0,0.11598744988441467,0.0,8.804149389266968,2.0,62.0,29.0,1.0,20.0,17.0,96.0,96.0,84.0,20.0,10.0,-1.6730551719665527,-1.789537787437439,3.0,-0.800580620765686,-1.2226104736328125,-43.7,0.0,0.0,0.0,7.581538915634155,3.0,63.0,30.0,1.0,21.0,18.0,97.0,97.0,85.0,21.0,0.0
10296,0.0,0.0,0.0,7.581538915634155,3.0,63.0,30.0,1.0,21.0,18.0,97.0,97.0,85.0,21.0,10.0,-1.3421941995620728,1.6563001871109009,3.0,-0.9806935787200928,0.4973962604999542,-44.6,0.0,1.6563001871109009,0.0,8.07893517613411,4.0,64.0,31.0,1.0,22.0,19.0,98.0,98.0,86.0,22.0,0.0
10297,0.0,1.6563001871109009,0.0,8.07893517613411,4.0,64.0,31.0,1.0,22.0,19.0,98.0,98.0,86.0,22.0,10.0,-1.3572295904159546,-0.38349947333335876,0.0,-1.903538465499878,1.0558024644851685,-45.5,0.0,1.2728007137775421,0.0,9.134737640619278,1.0,65.0,32.0,2.0,23.0,20.0,99.0,99.0,87.0,23.0,0.0
10298,0.0,1.2728007137775421,0.0,9.134737640619278,1.0,65.0,32.0,2.0,23.0,20.0,99.0,99.0,87.0,23.0,10.0,-1.6992233991622925,-1.241455316543579,3.0,-1.9709941148757935,0.26628735661506653,-46.1,0.0,0.03134539723396301,0.0,9.401024997234344,2.0,66.0,33.0,1.0,24.0,21.0,100.0,100.0,88.0,24.0,0.0
10299,0.0,0.03134539723396301,0.0,9.401024997234344,2.0,66.0,33.0,1.0,24.0,21.0,100.0,100.0,88.0,24.0,10.0,-1.1699116230010986,0.0922841876745224,3.0,-1.185220718383789,1.471220850944519,-46.7,0.0,0.12362958490848541,0.0,10.0,3.0,67.0,34.0,1.0,25.0,22.0,100.0,100.0,89.0,25.0,1.0
10300,0.9606299996376038,1.1873040199279785,3.179447650909424,9.507927894592285,1.0,1.0,1.0,1.0,1.0,1.0,1.0,1.0,1.0,1.0,3.0,-1.6848759651184082,-1.7773938179016113,3.0,-1.448333501815796,-1.9582023620605469,-8.85875,0.0,0.0,1.731114149093628,7.549725532531738,2.0,2.0,2.0,1.0,2.0,2.0,2.0,2.0,2.0,2.0,0.0
10301,0.0,0.0,1.731114149093628,7.549725532531738,2.0,2.0,2.0,1.0,2.0,2.0,2.0,2.0,2.0,2.0,3.0,-0.49061739444732666,-1.955493688583374,3.0,-0.19847512245178223,-1.9675062894821167,-9.75875,0.0,0.0,1.5326390266418457,5.582219243049622,3.0,3.0,3.0,1.0,3.0,3.0,3.0,3.0,3.0,3.0,0.0
10302,0.0,0.0,1.5326390266418457,5.582219243049622,3.0,3.0,3.0,1.0,3.0,3.0,3.0,3.0,3.0,3.0,9.0,-0.19973944127559662,-1.2433949708938599,1.0,-1.0592859983444214,-1.5754119157791138,-6.31875,0.0,0.0,0.4733530282974243,4.006807327270508,4.0,1.0,4.0,2.0,4.0,4.0,4.0,4.0,4.0,1.0,0.0
10303,0.0,0.0,0.4733530282974243,4.006807327270508,4.0,1.0,4.0,2.0,4.0,4.0,4.0,4.0,4.0,1.0,9.0,-1.4229316711425781,-0.8264470100402832,0.0,-1.171662449836731,-1.7546004056930542,-6.71875,0.0,0.0,0.0,2.2522069215774536,1.0,2.0,5.0,3.0,5.0,5.0,5.0,5.0,5.0,1.0,0.0
10304,0.0,0.0,0.0,2.2522069215774536,1.0,2.0,5.0,3.0,5.0,5.0,5.0,5.0,5.0,1.0,4.0,-1.9743857383728027,0.22989057004451752,3.0,-1.215538740158081,-1.855269193649292,-17.100611315931285,0.0,0.22989057004451752,0.0,0.3969377279281616,2.0,3.0,6.0,1.0,1.0,6.0,6.0,6.0,6.0,2.0,0.0
10305,0.0,0.22989057004451752,0.0,0.3969377279281616,2.0,3.0,6.0,1.0,1.0,6.0,6.0,6.0,6.0,2.0,1.0,-1.7549999952316284,-1.0741441249847412,8.0,-1.1449766159057617,-1.2413228750228882,-13.618750000000002,0.0,0.0,0.0,0.0,3.0,1.0,7.0,2.0,2.0,7.0,7.0,7.0,1.0,3.0,0.0
10306,0.0,0.0,0.0,0.0,3.0,1.0,7.0,2.0,2.0,7.0,7.0,7.0,1.0,3.0,5.0,-1.2254647016525269,0.844395637512207,3.0,-1.0503203868865967,-0.7666614055633545,-19.030452380716774,0.0,0.844395637512207,0.0,0.0,4.0,2.0,8.0,1.0,3.0,1.0,8.0,8.0,2.0,4.0,0.0
10307,0.0,0.844395637512207,0.0,0.0,4.0,2.0,8.0,1.0,3.0,1.0,8.0,8.0,2.0,4.0,2.0,0.8395424485206604,1.1967405080795288,10.0,-0.7973127365112305,-1.3433021306991577,-14.032822114891722,0.8395424485206604,2.041136145591736,0.0,0.0,5.0,3.0,1.0,2.0,4.0,2.0,9.0,9.0,3.0,5.0,0.0
10308,0.8395424485206604,2.041136145591736,0.0,0.0,5.0,3.0,1.0,2.0,4.0,2.0,9.0,9.0,3.0,5.0,3.0,-1.0949121713638306,0.31676456332206726,0.0,-0.7058091759681702,-1.478649616241455,-8.269332913268599,0.0,2.357900708913803,0.0,0.0,1.0,4.0,2.0,1.0,5.0,3.0,10.0,10.0,4.0,6.0,0.0
10309,0.0,2.357900708913803,0.0,0.0,1.0,4.0,2.0,1.0,5.0,3.0,10.0,10.0,4.0,6.0,9.0,-1.9448480606079102,-1.6711190938949585,3.0,-1.5914450883865356,-0.2089006006717682,-7.553151790975297,0.0,0.6867816150188446,0.0,0.0,2.0,5.0,3.0,1.0,6.0,4.0,11.0,11.0,5.0,1.0,0.0
10310,0.0,0.6867816150188446,0.0,0.0,2.0,5.0,3.0,1.0,6.0,4.0,11.0,11.0,5.0,1.0,3.0,-1.8525409698486328,0.9730331301689148,1.0,-0.6790177226066589,-0.11710287630558014,-9.841245961639784,0.0,1.6598147451877594,0.0,0.0,3.0,1.0,4.0,1.0,7.0,5.0,12.0,12.0,6.0,2.0,0.0
10311,0.0,1.6598147451877594,0.0,0.0,3.0,1.0,4.0,1.0,7.0,5.0,12.0,12.0,6.0,2.0,5.0,-1.7011655569076538,-0.34238484501838684,0.0,-1.8642457723617554,1.5586825609207153,-19.755754993725816,0.0,1.3174299001693726,0.0,1.5586825609207153,1.0,2.0,5.0,2.0,8.0,1.0,13.0,13.0,7.0,3.0,0.0
10312,0.0,1.3174299001693726,0.0,1.5586825609207153,1.0,2.0,5.0,2.0,8.0,1.0,13.0,13.0,7.0,3.0,5.0,-1.3908811807632446,-1.904894471168518,10.0,0.6330498456954956,-1.65142023563385,-21.728750000000005,0.0,0.0,0.6330498456954956,0.0,2.0,3.0,6.0,3.0,9.0,1.0,14.0,14.0,8.0,4.0,0.0
10313,0.0,0.0,0.6330498456954956,0.0,2.0,3.0,6.0,3.0,9.0,1.0,14.0,14.0,8.0,4.0,2.0,-1.8718948364257812,1.3873069286346436,3.0,-0.46221092343330383,-1.4551010131835938,-18.986610144569667,0.0,1.3873069286346436,0.17083892226219177,0.0,3.0,4.0,1.0,1.0,10.0,2.0,15.0,15.0,9.0,5.0,0.0
10314,0.0,1.3873069286346436,0.17083892226219177,0.0,3.0,4.0,1.0,1.0,10.0,2.0,15.0,15.0,9.0,5.0,8.0,-0.7386121153831482,-0.9352156519889832,10.0,-0.9784724712371826,0.7338235974311829,-17.8343176927738,0.0,0.4520912766456604,0.0,0.7338235974311829,4.0,5.0,2.0,2.0,11.0,3.0,16.0,16.0,1.0,6.0,0.0
10315,0.0,0.4520912766456604,0.0,0.7338235974311829,4.0,5.0,2.0,2.0,11.0,3.0,16.0,16.0,1.0,6.0,4.0,-1.4322049617767334,-0.9252800941467285,9.0,-0.44868534803390503,-1.7335186004638672,-20.348750000000003,0.0,0.0,0.0,0.0,5.0,6.0,3.0,3.0,1.0,4.0,17.0,17.0,2.0,1.0,0.0
10316,0.0,0.0,0.0,0.0,5.0,6.0,3.0,3.0,1.0,4.0,17.0,17.0,2.0,1.0,10.0,-1.429253339767456,-1.4976264238357544,1.0,-1.6891757249832153,0.3147059381008148,-6.9,0.0,0.0,0.0,0.3147059381008148,6.0,1.0,4.0,4.0,2.0,5.0,18.0,18.0,3.0,2.0,0.0
10317,0.0,0.0,0.0,0.3147059381008148,6.0,1.0,4.0,4.0,2.0,5.0,18.0,18.0,3.0,2.0,2.0,-1.4092540740966797,1.745773196220398,10.0,0.16878512501716614,-1.4576141834259033,-18.28281939236118,0.0,1.745773196220398,0.16878512501716614,0.0,7.0,2.0,1.0,5.0,3.0,6.0,19.0,19.0,4.0,3.0,0.0
10318,0.0,1.745773196220398,0.16878512501716614,0.0,7.0,2.0,1.0,5.0,3.0,6.0,19.0,19.0,4.0,3.0,1.0,-0.9982858300209045,-1.3094929456710815,3.0,-0.9629550576210022,0.14172032475471497,-16.310135576662283,0.0,0.4362802505493164,0.0,0.14172032475471497,8.0,1.0,2.0,1.0,4.0,7.0,20.0,20.0,5.0,4.0,0.0
10319,0.0,0.4362802505493164,0.0,0.14172032475471497,8.0,1.0,2.0,1.0,4.0,7.0,20.0,20.0,5.0,4.0,10.0,-1.1374510526657104,-1.5100574493408203,10.0,-1.1394532918930054,-1.8041679859161377,-8.2,0.0,0.0,0.0,0.0,9.0,2.0,3.0,2.0,5.0,8.0,21.0,21.0,6.0,5.0,0.0
10320,0.0,0.0,0.0,0.0,9.0,2.0,3.0,2.0,5.0,8.0,21.0,21.0,6.0,5.0,10.0,-1.3954120874404907,0.8010959625244141,10.0,-1.0402196645736694,-1.0801883935928345,-9.2,0.0,0.8010959625244141,0.0,0.0,10.0,3.0,4.0,3.0,6.0,9.0,22.0,22.0,7.0,6.0,0.0
10321,0.0,0.8010959625244141,0.0,0.0,10.0,3.0,4.0,3.0,6.0,9.0,22.0,22.0,7.0,6.0,9.0,-1.279197335243225,-0.4647085964679718,10.0,-1.5502630472183228,1.54248046875,-12.423449000874077,0.0,0.33638736605644226,0.0,1.54248046875,11.0,4.0,5.0,4.0,7.0,10.0,23.0,23.0,8.0,1.0,0.0
10322,0.0,0.33638736605644226,0.0,1.54248046875,11.0,4.0,5.0,4.0,7.0,10.0,23.0,23.0,8.0,1.0,10.0,-0.2015506476163864,-1.7301772832870483,0.0,-1.7972971200942993,0.5117615461349487,-10.6,0.0,0.0,0.0,2.0542420148849487,1.0,5.0,6.0,5.0,8.0,11.0,24.0,24.0,9.0,2.0,0.0
10323,0.0,0.0,0.0,2.0542420148849487,1.0,5.0,6.0,5.0,8.0,11.0,24.0,24.0,9.0,2.0,10.0,-1.6154940128326416,-0.676173746585846,10.0,-1.6301859617233276,-0.8019197583198547,-10.5,0.0,0.0,0.0,1.252322256565094,2.0,6.0,7.0,6.0,9.0,12.0,25.0,25.0,10.0,3.0,0.0
10324,0.0,0.0,0.0,1.252322256565094,2.0,6.0,7.0,6.0,9.0,12.0,25.0,25.0,10.0,3.0,3.0,-1.701997995376587,0.5217424035072327,0.0,-1.2895197868347168,0.7372709512710571,-17.349632402953638,0.0,0.5217424035072327,0.0,1.9895932078361511,1.0,7.0,8.0,1.0,10.0,13.0,26.0,26.0,11.0,4.0,0.0
10325,0.0,0.5217424035072327,0.0,1.9895932078361511,1.0,7.0,8.0,1.0,10.0,13.0,26.0,26.0,11.0,4.0,10.0,-1.9184426069259644,1.1218955516815186,10.0,-1.4349350929260254,-0.4511560797691345,-11.7,0.0,1.6436379551887512,0.0,1.5384371280670166,2.0,8.0,9.0,2.0,11.0,14.0,27.0,27.0,12.0,5.0,0.0
10326,0.0,1.6436379551887512,0.0,1.5384371280670166,2.0,8.0,9.0,2.0,11.0,14.0,27.0,27.0,12.0,5.0,9.0,-1.8293933868408203,1.236486554145813,0.0,-0.8201614618301392,1.2545411586761475,-13.825977370655652,0.0,2.880124509334564,0.0,2.792978286743164,1.0,9.0,10.0,3.0,12.0,15.0,28.0,28.0,13.0,1.0,0.0
10327,0.0,2.880124509334564,0.0,2.792978286743164,1.0,9.0,10.0,3.0,12.0,15.0,28.0,28.0,13.0,1.0,10.0,-1.8259280920028687,-1.7634942531585693,3.0,-1.1532737016677856,0.35745877027511597,-13.0,0.0,1.1166302561759949,0.0,3.15043705701828,2.0,10.0,11.0,1.0,13.0,16.0,29.0,29.0,14.0,2.0,0.0
10328,0.0,1.1166302561759949,0.0,3.15043705701828,2.0,10.0,11.0,1.0,13.0,16.0,29.0,29.0,14.0,2.0,9.0,-1.925130844116211,0.3100946545600891,9.0,-1.3922793865203857,-0.9865396618843079,-15.207405148507249,0.0,1.426724910736084,0.0,2.163897395133972,3.0,11.0,12.0,2.0,14.0,17.0,30.0,30.0,15.0,1.0,0.0
10329,0.0,1.426724910736084,0.0,2.163897395133972,3.0,11.0,12.0,2.0,14.0,17.0,30.0,30.0,15.0,1.0,9.0,-1.6057915687561035,-0.10709207504987717,10.0,-1.736959457397461,0.27366629242897034,-16.061413240070117,0.0,1.3196328356862068,0.0,2.4375636875629425,4.0,12.0,13.0,3.0,15.0,18.0,31.0,31.0,16.0,1.0,0.0
10330,0.0,1.3196328356862068,0.0,2.4375636875629425,4.0,12.0,13.0,3.0,15.0,18.0,31.0,31.0,16.0,1.0,10.0,-1.5434666872024536,1.0179394483566284,10.0,-1.7169804573059082,-1.6161075830459595,-15.4,0.0,2.3375722840428352,0.0,0.821456104516983,5.0,13.0,14.0,4.0,16.0,19.0,32.0,32.0,17.0,2.0,0.0
10331,0.0,2.3375722840428352,0.0,0.821456104516983,5.0,13.0,14.0,4.0,16.0,19.0,32.0,32.0,17.0,2.0,2.0,-1.715384840965271,-1.4574185609817505,3.0,-1.476367473602295,-0.8922037482261658,-28.908890360271283,0.0,0.8801537230610847,0.0,0.0,6.0,14.0,1.0,1.0,17.0,20.0,33.0,33.0,18.0,3.0,0.0
10332,0.0,0.8801537230610847,0.0,0.0,6.0,14.0,1.0,1.0,17.0,20.0,33.0,33.0,18.0,3.0,2.0,-1.6153364181518555,-0.24035634100437164,0.0,-1.4971446990966797,-0.33204230666160583,-28.573837487900352,0.0,0.6397973820567131,0.0,0.0,1.0,15.0,1.0,2.0,18.0,21.0,34.0,34.0,19.0,4.0,0.0
10333,0.0,0.6397973820567131,0.0,0.0,1.0,15.0,1.0,2.0,18.0,21.0,34.0,34.0,19.0,4.0,5.0,-1.8568623065948486,-1.8403680324554443,10.0,-0.8570360541343689,-0.6061117649078369,-31.128750000000004,0.0,0.0,0.0,0.0,2.0,16.0,2.0,3.0,19.0,1.0,35.0,35.0,20.0,5.0,0.0
10334,0.0,0.0,0.0,0.0,2.0,16.0,2.0,3.0,19.0,1.0,35.0,35.0,20.0,5.0,10.0,-1.5813432931900024,-0.8034403920173645,10.0,-1.9772101640701294,-1.043366551399231,-14.8,0.0,0.0,0.0,0.0,3.0,17.0,3.0,4.0,20.0,2.0,36.0,36.0,21.0,6.0,0.0
10335,0.0,0.0,0.0,0.0,3.0,17.0,3.0,4.0,20.0,2.0,36.0,36.0,21.0,6.0,10.0,-1.1668874025344849,1.419347882270813,10.0,-1.9732364416122437,-0.5083016753196716,-15.8,0.0,1.419347882270813,0.0,0.0,4.0,18.0,4.0,5.0,21.0,3.0,37.0,37.0,22.0,7.0,0.0
10336,0.0,1.419347882270813,0.0,0.0,4.0,18.0,4.0,5.0,21.0,3.0,37.0,37.0,22.0,7.0,9.0,-1.9076886177062988,-0.5582877397537231,3.0,-1.7821354866027832,-0.9491512179374695,-18.632884875659,0.0,0.8610601425170898,0.0,0.0,5.0,19.0,5.0,1.0,22.0,4.0,38.0,38.0,23.0,1.0,0.0
10337,0.0,0.8610601425170898,0.0,0.0,5.0,19.0,5.0,1.0,22.0,4.0,38.0,38.0,23.0,1.0,10.0,-1.874070167541504,0.9361628293991089,10.0,-1.940564513206482,-0.9756891131401062,-16.6,0.0,1.7972229719161987,0.0,0.0,6.0,20.0,6.0,2.0,23.0,5.0,39.0,39.0,24.0,2.0,0.0
10338,0.0,1.7972229719161987,0.0,0.0,6.0,20.0,6.0,2.0,23.0,5.0,39.0,39.0,24.0,2.0,4.0,-1.8827534914016724,-1.2997843027114868,10.0,-1.324147343635559,-1.8243266344070435,-29.616074073323823,0.0,0.4974386692047119,0.0,0.0,7.0,21.0,7.0,3.0,1.0,6.0,40.0,40.0,25.0,3.0,0.0
10339,0.0,0.4974386692047119,0.0,0.0,7.0,21.0,7.0,3.0,1.0,6.0,40.0,40.0,25.0,3.0,10.0,-0.8955987691879272,1.0743552446365356,10.0,-1.9562631845474243,0.11488088965415955,-16.3,0.0,1.5717939138412476,0.0,0.11488088965415955,8.0,22.0,8.0,4.0,2.0,7.0,41.0,41.0,26.0,4.0,0.0
10340,0.0,1.5717939138412476,0.0,0.11488088965415955,8.0,22.0,8.0,4.0,2.0,7.0,41.0,41.0,26.0,4.0,9.0,-1.4518486261367798,1.0222975015640259,0.0,-1.6031237840652466,0.5865050554275513,-18.449288075752392,0.0,2.5940914154052734,0.0,0.7013859450817108,1.0,23.0,9.0,5.0,3.0,8.0,42.0,42.0,27.0,1.0,0.0
10341,0.0,2.5940914154052734,0.0,0.7013859450817108,1.0,23.0,9.0,5.0,3.0,8.0,42.0,42.0,27.0,1.0,4.0,-0.975106954574585,-1.933444857597351,3.0,-1.219833493232727,0.06043285131454468,-28.892398185920953,0.0,0.6606465578079224,0.0,0.7618187963962555,2.0,24.0,10.0,1.0,1.0,9.0,43.0,43.0,28.0,2.0,0.0
10342,0.0,0.6606465578079224,0.0,0.7618187963962555,2.0,24.0,10.0,1.0,1.0,9.0,43.0,43.0,28.0,2.0,10.0,-0.7996780872344971,1.4745783805847168,10.0,-1.9128707647323608,0.24286560714244843,-17.3,0.0,2.135224938392639,0.0,1.004684403538704,3.0,25.0,11.0,2.0,2.0,10.0,44.0,44.0,29.0,3.0,0.0
10343,0.0,2.135224938392639,0.0,1.004684403538704,3.0,25.0,11.0,2.0,2.0,10.0,44.0,44.0,29.0,3.0,10.0,-1.0014846324920654,-0.6983851790428162,3.0,-0.6940813660621643,0.3507257103919983,-18.3,0.0,1.436839759349823,0.0,1.3554101139307022,4.0,26.0,12.0,1.0,3.0,11.0,45.0,45.0,30.0,4.0,0.0
10344,0.0,1.436839759349823,0.0,1.3554101139307022,4.0,26.0,12.0,1.0,3.0,11.0,45.0,45.0,30.0,4.0,9.0,-1.0785548686981201,0.22746607661247253,3.0,-1.1038751602172852,-0.6045951247215271,-20.500282229475882,0.0,1.6643058359622955,0.0,0.7508149892091751,5.0,27.0,13.0,1.0,4.0,12.0,46.0,46.0,31.0,1.0,0.0
10345,0.0,1.6643058359622955,0.0,0.7508149892091751,5.0,27.0,13.0,1.0,4.0,12.0,46.0,46.0,31.0,1.0,10.0,-1.9122570753097534,1.2296062707901,9.0,-1.9483970403671265,1.3864585161209106,-19.6,0.0,2.8939121067523956,0.0,2.1372735053300858,6.0,28.0,14.0,2.0,5.0,13.0,47.0,47.0,32.0,1.0,0.0
10346,0.0,2.8939121067523956,0.0,2.1372735053300858,6.0,28.0,14.0,2.0,5.0,13.0,47.0,47.0,32.0,1.0,10.0,-1.2011244297027588,-1.1172406673431396,10.0,-1.7901655435562134,-0.9140031337738037,-20.5,0.0,1.776671439409256,0.0,1.223270371556282,7.0,29.0,15.0,3.0,6.0,14.0,48.0,48.0,33.0,2.0,0.0
10347,0.0,1.776671439409256,0.0,1.223270371556282,7.0,29.0,15.0,3.0,6.0,14.0,48.0,48.0,33.0,2.0,10.0,-0.38709741830825806,1.7994784116744995,3.0,1.1996896266937256,-0.23724205791950226,-21.5,0.0,3.5761498510837555,1.1996896266937256,0.9860283136367798,8.0,30.0,16.0,1.0,7.0,15.0,49.0,49.0,34.0,3.0,0.0
10348,0.0,3.5761498510837555,1.1996896266937256,0.9860283136367798,8.0,30.0,16.0,1.0,7.0,15.0,49.0,49.0,34.0,3.0,10.0,-0.690518319606781,-0.5812909007072449,0.0,-1.938941478729248,0.1256779432296753,-22.2,0.0,2.9948589503765106,0.0,1.111706256866455,1.0,31.0,17.0,2.0,8.0,16.0,50.0,50.0,35.0,4.0,0.0
10349,0.0,2.9948589503765106,0.0,1.111706256866455,1.0,31.0,17.0,2.0,8.0,16.0,50.0,50.0,35.0,4.0,10.0,-1.8563721179962158,-1.2140543460845947,0.0,0.37287095189094543,0.16332687437534332,-22.4,0.0,1.780804604291916,0.37287095189094543,1.2750331312417984,1.0,32.0,18.0,3.0,9.0,17.0,51.0,51.0,36.0,5.0,0.0
10350,0.0,1.780804604291916,0.37287095189094543,1.2750331312417984,1.0,32.0,18.0,3.0,9.0,17.0,51.0,51.0,36.0,5.0,10.0,-0.4982014298439026,-0.7813137173652649,3.0,-1.3262872695922852,-1.692179560661316,-23.3,0.0,0.999490886926651,0.0,0.0,2.0,33.0,19.0,1.0,10.0,18.0,52.0,52.0,37.0,6.0,0.0
10351,0.0,0.999490886926651,0.0,0.0,2.0,33.0,19.0,1.0,10.0,18.0,52.0,52.0,37.0,6.0,10.0,-1.8903907537460327,-1.226528286933899,9.0,-1.9008219242095947,-1.4430315494537354,-24.0,0.0,0.0,0.0,0.0,3.0,34.0,20.0,2.0,11.0,19.0,53.0,53.0,38.0,1.0,0.0
10352,0.0,0.0,0.0,0.0,3.0,34.0,20.0,2.0,11.0,19.0,53.0,53.0,38.0,1.0,10.0,-1.8106096982955933,-1.5384409427642822,0.0,0.6066943407058716,-0.618436336517334,-24.4,0.0,0.0,0.6066943407058716,0.0,1.0,35.0,21.0,3.0,12.0,20.0,54.0,54.0,39.0,2.0,0.0
10353,0.0,0.0,0.6066943407058716,0.0,1.0,35.0,21.0,3.0,12.0,20.0,54.0,54.0,39.0,2.0,4.0,-1.8166248798370361,-0.7160177230834961,9.0,-1.716243863105774,1.010319471359253,-37.84875,0.0,0.0,0.0,1.010319471359253,2.0,36.0,22.0,4.0,1.0,21.0,55.0,55.0,40.0,1.0,0.0
10354,0.0,0.0,0.0,1.010319471359253,2.0,36.0,22.0,4.0,1.0,21.0,55.0,55.0,40.0,1.0,9.0,-1.1910648345947266,-1.5019004344940186,10.0,0.8945220708847046,0.4074910879135132,-27.21875,0.0,0.0,0.8945220708847046,1.4178105592727661,3.0,37.0,23.0,5.0,2.0,22.0,56.0,56.0,41.0,1.0,0.0
10355,0.0,0.0,0.8945220708847046,1.4178105592727661,3.0,37.0,23.0,5.0,2.0,22.0,56.0,56.0,41.0,1.0,10.0,0.5383571982383728,-1.4154695272445679,9.0,1.3314498662948608,0.9694098830223083,-25.6,0.5383571982383728,0.0,2.2259719371795654,2.3872204422950745,4.0,38.0,24.0,6.0,3.0,23.0,57.0,57.0,42.0,1.0,0.0
10356,0.5383571982383728,0.0,2.2259719371795654,2.3872204422950745,4.0,38.0,24.0,6.0,3.0,23.0,57.0,57.0,42.0,1.0,10.0,-0.8621023893356323,0.6348366737365723,9.0,-1.9614118337631226,0.24543224275112152,-26.5,0.0,0.6348366737365723,0.26456010341644287,2.632652685046196,5.0,39.0,25.0,7.0,4.0,24.0,58.0,58.0,43.0,1.0,0.0
10357,0.0,0.6348366737365723,0.26456010341644287,2.632652685046196,5.0,39.0,25.0,7.0,4.0,24.0,58.0,58.0,43.0,1.0,3.0,1.821020245552063,-1.9199864864349365,9.0,-0.8722994327545166,-0.8139252066612244,-34.20823150775898,1.821020245552063,0.0,0.0,1.8187274783849716,6.0,40.0,26.0,1.0,5.0,25.0,59.0,59.0,44.0,1.0,0.0
10358,1.821020245552063,0.0,0.0,1.8187274783849716,6.0,40.0,26.0,1.0,5.0,25.0,59.0,59.0,44.0,1.0,5.0,-1.8427587747573853,-1.6589316129684448,9.0,-1.3994828462600708,-1.695477843284607,-42.82875000000001,0.0,0.0,0.0,0.12324963510036469,7.0,41.0,27.0,2.0,6.0,1.0,60.0,60.0,45.0,1.0,0.0
10359,0.0,0.0,0.0,0.12324963510036469,7.0,41.0,27.0,2.0,6.0,1.0,60.0,60.0,45.0,1.0,10.0,-1.044984221458435,1.692513108253479,9.0,-0.7731024026870728,1.6144843101501465,-26.0,0.0,1.692513108253479,0.0,1.7377339452505112,8.0,42.0,28.0,3.0,7.0,2.0,61.0,61.0,46.0,1.0,0.0
10360,0.0,1.692513108253479,0.0,1.7377339452505112,8.0,42.0,28.0,3.0,7.0,2.0,61.0,61.0,46.0,1.0,10.0,-1.6022580862045288,0.6504861116409302,0.0,1.6020294427871704,0.6270036101341248,-26.9,0.0,2.342999219894409,1.6020294427871704,2.364737555384636,1.0,43.0,29.0,4.0,8.0,3.0,62.0,62.0,47.0,2.0,0.0
10361,0.0,2.342999219894409,1.6020294427871704,2.364737555384636,1.0,43.0,29.0,4.0,8.0,3.0,62.0,62.0,47.0,2.0,10.0,-1.4083632230758667,0.36183613538742065,3.0,-0.5465686917304993,1.0037319660186768,-27.1,0.0,2.70483535528183,1.0554607510566711,3.3684695214033127,2.0,44.0,30.0,1.0,9.0,4.0,63.0,63.0,48.0,3.0,0.0
10362,0.0,2.70483535528183,1.0554607510566711,3.3684695214033127,2.0,44.0,30.0,1.0,9.0,4.0,63.0,63.0,48.0,3.0,10.0,-1.5435229539871216,-1.2700697183609009,9.0,0.4972629249095917,1.2137012481689453,-27.7,0.0,1.434765636920929,1.5527236759662628,4.582170769572258,3.0,45.0,31.0,2.0,10.0,5.0,64.0,64.0,49.0,1.0,0.0
10363,0.0,1.434765636920929,1.5527236759662628,4.582170769572258,3.0,45.0,31.0,2.0,10.0,5.0,64.0,64.0,49.0,1.0,2.0,-1.318115472793579,-1.728721022605896,0.0,-1.7215324640274048,1.2196621894836426,-42.69875,0.0,0.0,0.0,5.801832959055901,1.0,46.0,1.0,3.0,11.0,6.0,65.0,65.0,50.0,2.0,0.0
10364,0.0,0.0,0.0,5.801832959055901,1.0,46.0,1.0,3.0,11.0,6.0,65.0,65.0,50.0,2.0,10.0,-1.5307420492172241,-0.45121052861213684,3.0,-1.6728798151016235,-0.07417722791433334,-26.0,0.0,0.0,0.0,5.727655731141567,2.0,47.0,2.0,1.0,12.0,7.0,66.0,66.0,51.0,3.0,0.0
10365,0.0,0.0,0.0,5.727655731141567,2.0,47.0,2.0,1.0,12.0,7.0,66.0,66.0,51.0,3.0,10.0,-1.9169834852218628,-1.1399496793746948,3.0,0.3804340660572052,-1.0034111738204956,-26.7,0.0,0.0,0.3804340660572052,4.724244557321072,3.0,48.0,3.0,1.0,13.0,8.0,67.0,67.0,52.0,4.0,0.0
10366,0.0,0.0,0.3804340660572052,4.724244557321072,3.0,48.0,3.0,1.0,13.0,8.0,67.0,67.0,52.0,4.0,10.0,-1.9463388919830322,0.6910357475280762,10.0,-1.7412844896316528,-1.4647566080093384,-27.6,0.0,0.6910357475280762,0.0,3.2594879493117332,4.0,49.0,4.0,2.0,14.0,9.0,68.0,68.0,53.0,5.0,0.0
10367,0.0,0.6910357475280762,0.0,3.2594879493117332,4.0,49.0,4.0,2.0,14.0,9.0,68.0,68.0,53.0,5.0,10.0,-1.8918063640594482,-1.9718315601348877,0.0,-1.3417003154754639,0.6847183704376221,-28.6,0.0,0.0,0.0,3.9442063197493553,1.0,50.0,5.0,3.0,15.0,10.0,69.0,69.0,54.0,6.0,0.0
10368,0.0,0.0,0.0,3.9442063197493553,1.0,50.0,5.0,3.0,15.0,10.0,69.0,69.0,54.0,6.0,10.0,-1.8702517747879028,-1.5037204027175903,3.0,-1.9481030702590942,-1.8553372621536255,-29.2,0.0,0.0,0.0,2.08886905759573,2.0,51.0,6.0,1.0,16.0,11.0,70.0,70.0,55.0,7.0,0.0
10369,0.0,0.0,0.0,2.08886905759573,2.0,51.0,6.0,1.0,16.0,11.0,70.0,70.0,55.0,7.0,10.0,-1.7195909023284912,-1.733535885810852,9.0,0.7066478729248047,0.8162020444869995,-29.9,0.0,0.0,0.7066478729248047,2.9050711020827293,3.0,52.0,7.0,2.0,17.0,12.0,71.0,71.0,56.0,1.0,0.0
10370,0.0,0.0,0.7066478729248047,2.9050711020827293,3.0,52.0,7.0,2.0,17.0,12.0,71.0,71.0,56.0,1.0,10.0,-1.787839412689209,-0.2547166049480438,9.0,-1.5757242441177368,0.0015006957110017538,-30.2,0.0,0.0,0.0,2.906571797793731,4.0,53.0,8.0,3.0,18.0,13.0,72.0,72.0,57.0,1.0,0.0
10371,0.0,0.0,0.0,2.906571797793731,4.0,53.0,8.0,3.0,18.0,13.0,72.0,72.0,57.0,1.0,10.0,-1.9097357988357544,-0.0659039318561554,9.0,-1.3345800638198853,-1.171982765197754,-31.1,0.0,0.0,0.0,1.7345890325959772,5.0,54.0,9.0,4.0,19.0,14.0,73.0,73.0,58.0,1.0,0.0
10372,0.0,0.0,0.0,1.7345890325959772,5.0,54.0,9.0,4.0,19.0,14.0,73.0,73.0,58.0,1.0,10.0,-1.6299620866775513,-1.0448929071426392,3.0,-1.8922854661941528,1.1815638542175293,-32.0,0.0,0.0,0.0,2.9161528868135065,6.0,55.0,10.0,1.0,20.0,15.0,74.0,74.0,59.0,2.0,0.0
10373,0.0,0.0,0.0,2.9161528868135065,6.0,55.0,10.0,1.0,20.0,15.0,74.0,74.0,59.0,2.0,10.0,-1.9602855443954468,1.1685057878494263,3.0,0.10927298665046692,-0.5250741243362427,-32.6,0.0,1.1685057878494263,0.10927298665046692,2.391078762477264,7.0,56.0,11.0,1.0,21.0,16.0,75.0,75.0,60.0,3.0,0.0
10374,0.0,1.1685057878494263,0.10927298665046692,2.391078762477264,7.0,56.0,11.0,1.0,21.0,16.0,75.0,75.0,60.0,3.0,10.0,-1.8080288171768188,0.1710532158613205,9.0,-1.9550302028656006,1.3368680477142334,-33.5,0.0,1.3395590037107468,0.0,3.727946810191497,8.0,57.0,12.0,2.0,22.0,17.0,76.0,76.0,61.0,1.0,0.0
10375,0.0,1.3395590037107468,0.0,3.727946810191497,8.0,57.0,12.0,2.0,22.0,17.0,76.0,76.0,61.0,1.0,1.0,-1.8645787239074707,-0.6028918623924255,9.0,-1.699710488319397,-0.8195440769195557,-42.43194812942851,0.0,0.7366671413183212,0.0,2.9084027332719415,9.0,1.0,13.0,3.0,23.0,18.0,77.0,77.0,62.0,1.0,0.0
10376,0.0,0.7366671413183212,0.0,2.9084027332719415,9.0,1.0,13.0,3.0,23.0,18.0,77.0,77.0,62.0,1.0,10.0,-1.9513353109359741,1.7890150547027588,10.0,-1.9721401929855347,-0.9838213324546814,-29.4,0.0,2.52568219602108,0.0,1.9245814008172601,10.0,2.0,14.0,4.0,24.0,19.0,78.0,78.0,63.0,2.0,0.0
10377,0.0,2.52568219602108,0.0,1.9245814008172601,10.0,2.0,14.0,4.0,24.0,19.0,78.0,78.0,63.0,2.0,10.0,-1.9689397811889648,0.7525547742843628,3.0,-1.986214518547058,0.16127821803092957,-30.4,0.0,3.278236970305443,0.0,2.0858596188481897,11.0,3.0,15.0,1.0,25.0,20.0,79.0,79.0,64.0,3.0,0.0
10378,0.0,3.278236970305443,0.0,2.0858596188481897,11.0,3.0,15.0,1.0,25.0,20.0,79.0,79.0,64.0,3.0,10.0,-1.8492175340652466,-1.2677171230316162,0.0,-1.984921932220459,1.7725611925125122,-31.0,0.0,2.0105198472738266,0.0,3.858420811360702,1.0,4.0,16.0,2.0,26.0,21.0,80.0,80.0,65.0,4.0,0.0
10379,0.0,2.0105198472738266,0.0,3.858420811360702,1.0,4.0,16.0,2.0,26.0,21.0,80.0,80.0,65.0,4.0,10.0,-1.9671595096588135,0.9800174832344055,10.0,-1.9823180437088013,-0.08785010874271393,-30.9,0.0,2.990537330508232,0.0,3.770570702617988,2.0,5.0,17.0,3.0,27.0,22.0,81.0,81.0,66.0,5.0,0.0
10380,0.0,2.990537330508232,0.0,3.770570702617988,2.0,5.0,17.0,3.0,27.0,22.0,81.0,81.0,66.0,5.0,10.0,-1.9707523584365845,-1.367460012435913,10.0,-1.8864470720291138,-1.3860642910003662,-31.9,0.0,1.623077318072319,0.0,2.384506411617622,3.0,6.0,18.0,4.0,28.0,23.0,82.0,82.0,67.0,6.0,0.0
10381,0.0,1.623077318072319,0.0,2.384506411617622,3.0,6.0,18.0,4.0,28.0,23.0,82.0,82.0,67.0,6.0,4.0,-1.9528005123138428,-0.6894720196723938,10.0,-1.9702019691467285,-1.515941858291626,-44.33676270972617,0.0,0.9336052983999252,0.0,0.8685645533259958,4.0,7.0,19.0,5.0,1.0,24.0,83.0,83.0,68.0,7.0,0.0
10382,0.0,0.9336052983999252,0.0,0.8685645533259958,4.0,7.0,19.0,5.0,1.0,24.0,83.0,83.0,68.0,7.0,10.0,-1.8701478242874146,-0.18744003772735596,10.0,-1.9213532209396362,1.2414063215255737,-31.1,0.0,0.7461652606725693,0.0,2.1099708748515695,5.0,8.0,20.0,6.0,2.0,25.0,84.0,84.0,69.0,8.0,0.0
10383,0.0,0.7461652606725693,0.0,2.1099708748515695,5.0,8.0,20.0,6.0,2.0,25.0,84.0,84.0,69.0,8.0,10.0,-1.8200058937072754,0.7659579515457153,10.0,-1.8555881977081299,0.7568885087966919,-32.1,0.0,1.5121232122182846,0.0,2.8668593836482614,6.0,9.0,21.0,7.0,3.0,26.0,85.0,85.0,70.0,9.0,0.0
10384,0.0,1.5121232122182846,0.0,2.8668593836482614,6.0,9.0,21.0,7.0,3.0,26.0,85.0,85.0,70.0,9.0,10.0,-1.8053792715072632,1.0051683187484741,10.0,-1.956234335899353,-0.04254605248570442,-33.1,0.0,2.5172915309667587,0.0,2.824313331162557,7.0,10.0,22.0,8.0,4.0,27.0,86.0,86.0,71.0,10.0,0.0
10385,0.0,2.5172915309667587,0.0,2.824313331162557,7.0,10.0,22.0,8.0,4.0,27.0,86.0,86.0,71.0,10.0,10.0,-1.889036774635315,0.9651364088058472,10.0,-1.949276089668274,1.3318604230880737,-34.1,0.0,3.482427939772606,0.0,4.156173754250631,8.0,11.0,23.0,9.0,5.0,28.0,87.0,87.0,72.0,11.0,0.0
10386,0.0,3.482427939772606,0.0,4.156173754250631,8.0,11.0,23.0,9.0,5.0,28.0,87.0,87.0,72.0,11.0,10.0,-1.7733079195022583,-0.9932061433792114,0.0,-1.9449244737625122,1.38921320438385,-35.1,0.0,2.4892217963933945,0.0,5.545386958634481,1.0,12.0,24.0,10.0,6.0,29.0,88.0,88.0,73.0,12.0,0.0
10387,0.0,2.4892217963933945,0.0,5.545386958634481,1.0,12.0,24.0,10.0,6.0,29.0,88.0,88.0,73.0,12.0,10.0,-1.8156553506851196,0.427360475063324,10.0,-1.9325554370880127,-0.09243148565292358,-35.3,0.0,2.9165822714567184,0.0,5.452955472981557,2.0,13.0,25.0,11.0,7.0,30.0,89.0,89.0,74.0,13.0,0.0
10388,0.0,2.9165822714567184,0.0,5.452955472981557,2.0,13.0,25.0,11.0,7.0,30.0,89.0,89.0,74.0,13.0,10.0,-1.8818296194076538,-1.5394912958145142,10.0,-1.985092043876648,0.795877993106842,-36.3,0.0,1.3770909756422043,0.0,6.248833466088399,3.0,14.0,26.0,12.0,8.0,31.0,90.0,90.0,75.0,14.0,0.0
10389,0.0,1.3770909756422043,0.0,6.248833466088399,3.0,14.0,26.0,12.0,8.0,31.0,90.0,90.0,75.0,14.0,10.0,-1.829435110092163,-1.064251184463501,3.0,-1.9646868705749512,-1.537920355796814,-37.3,0.0,0.3128397911787033,0.0,4.710913110291585,4.0,15.0,27.0,1.0,9.0,32.0,91.0,91.0,76.0,15.0,0.0
10390,0.0,0.3128397911787033,0.0,4.710913110291585,4.0,15.0,27.0,1.0,9.0,32.0,91.0,91.0,76.0,15.0,10.0,-1.701172113418579,-1.395066261291504,9.0,-1.97334623336792,1.6008358001708984,-37.1,0.0,0.0,0.0,6.311748910462484,5.0,16.0,28.0,2.0,10.0,33.0,92.0,92.0,77.0,1.0,0.0
10391,0.0,0.0,0.0,6.311748910462484,5.0,16.0,28.0,2.0,10.0,33.0,92.0,92.0,77.0,1.0,10.0,-1.4376163482666016,-1.5601855516433716,10.0,-1.8344535827636719,-1.3190737962722778,-36.6,0.0,0.0,0.0,4.992675114190206,6.0,17.0,29.0,3.0,11.0,34.0,93.0,93.0,78.0,2.0,0.0
10392,0.0,0.0,0.0,4.992675114190206,6.0,17.0,29.0,3.0,11.0,34.0,93.0,93.0,78.0,2.0,10.0,-1.2587029933929443,-1.2860738039016724,10.0,-1.9364975690841675,1.0700761079788208,-37.6,0.0,0.0,0.0,6.062751222169027,7.0,18.0,30.0,4.0,12.0,35.0,94.0,94.0,79.0,3.0,0.0
10393,0.0,0.0,0.0,6.062751222169027,7.0,18.0,30.0,4.0,12.0,35.0,94.0,94.0,79.0,3.0,5.0,-1.5944535732269287,-0.8795842528343201,0.0,-1.9468289613723755,1.7702045440673828,-53.82875000000001,0.0,0.0,0.0,7.8329557662364095,1.0,19.0,31.0,5.0,13.0,1.0,95.0,95.0,80.0,4.0,0.0
10394,0.0,0.0,0.0,7.8329557662364095,1.0,19.0,31.0,5.0,13.0,1.0,95.0,95.0,80.0,4.0,10.0,-0.6824092864990234,-1.2234070301055908,10.0,-1.7878831624984741,-0.49388453364372253,-35.4,0.0,0.0,0.0,7.339071232592687,2.0,20.0,32.0,6.0,14.0,2.0,96.0,96.0,81.0,5.0,0.0
10395,0.0,0.0,0.0,7.339071232592687,2.0,20.0,32.0,6.0,14.0,2.0,96.0,96.0,81.0,5.0,10.0,-1.6916111707687378,-1.8523346185684204,3.0,-0.9667443633079529,1.1243070363998413,-36.4,0.0,0.0,0.0,8.463378268992528,3.0,21.0,33.0,1.0,15.0,3.0,97.0,97.0,82.0,6.0,0.0
10396,0.0,0.0,0.0,8.463378268992528,3.0,21.0,33.0,1.0,15.0,3.0,97.0,97.0,82.0,6.0,10.0,-1.745360255241394,-1.1755183935165405,10.0,-1.8959072828292847,1.5307769775390625,-36.8,0.0,0.0,0.0,9.99415524653159,4.0,22.0,34.0,2.0,16.0,4.0,98.0,98.0,83.0,7.0,0.0
10397,0.0,0.0,0.0,9.99415524653159,4.0,22.0,34.0,2.0,16.0,4.0,98.0,98.0,83.0,7.0,10.0,-1.585487723350525,-1.0453286170959473,10.0,-1.388391137123108,1.7613353729248047,-37.8,0.0,0.0,0.0,10.0,5.0,23.0,35.0,3.0,17.0,5.0,99.0,99.0,84.0,8.0,0.0
10398,0.0,0.0,0.0,10.0,5.0,23.0,35.0,3.0,17.0,5.0,99.0,99.0,84.0,8.0,4.0,-1.911950707435608,-1.3820419311523438,10.0,-1.763527274131775,0.09991094470024109,-51.54875,0.0,0.0,0.0,10.0,6.0,24.0,36.0,4.0,1.0,6.0,100.0,100.0,85.0,9.0,0.0
10399,0.0,0.0,0.0,10.0,6.0,24.0,36.0,4.0,1.0,6.0,100.0,100.0,85.0,9.0,10.0,-1.8418684005737305,-1.5139895677566528,10.0,-1.7349860668182373,0.037556763738393784,-37.9,0.0,0.0,0.0,10.0,7.0,25.0,37.0,5.0,2.0,7.0,100.0,100.0,86.0,10.0,1.0
10400,2.074065685272217,7.472803115844727,2.5818865299224854,0.372402548789978,1.0,1.0,1.0,1.0,1.0,1.0,1.0,1.0,1.0,1.0,8.0,-0.6881411075592041,-1.9944278001785278,1.0,-1.4878921508789062,-1.9340991973876953,-3.847655285045458,1.3859245777130127,5.478375315666199,1.093994379043579,0.0,2.0,1.0,2.0,2.0,2.0,2.0,2.0,2.0,1.0,2.0,0.0
10401,1.3859245777130127,5.478375315666199,1.093994379043579,0.0,2.0,1.0,2.0,2.0,2.0,2.0,2.0,2.0,1.0,2.0,8.0,-1.621291995048523,-1.849078893661499,3.0,-1.0462144613265991,-1.9462677240371704,-7.757263659249372,0.0,3.6292964220046997,0.04777991771697998,0.0,3.0,2.0,3.0,1.0,3.0,3.0,3.0,3.0,1.0,3.0,0.0
10402,0.0,3.6292964220046997,0.04777991771697998,0.0,3.0,2.0,3.0,1.0,3.0,3.0,3.0,3.0,1.0,3.0,8.0,0.4350690543651581,-1.697621464729309,3.0,-1.5029255151748657,-1.9845249652862549,-10.430821346429736,0.4350690543651581,1.9316749572753906,0.0,0.0,4.0,3.0,4.0,1.0,4.0,4.0,4.0,4.0,1.0,4.0,0.0
10403,0.4350690543651581,1.9316749572753906,0.0,0.0,4.0,3.0,4.0,1.0,4.0,4.0,4.0,4.0,1.0,4.0,9.0,-1.821122169494629,-1.3292689323425293,1.0,-0.5915713310241699,-1.796724557876587,-6.314760814738127,0.0,0.6024060249328613,0.0,0.0,5.0,1.0,5.0,2.0,5.0,5.0,5.0,5.0,2.0,1.0,0.0
10404,0.0,0.6024060249328613,0.0,0.0,5.0,1.0,5.0,2.0,5.0,5.0,5.0,5.0,2.0,1.0,3.0,-1.8873295783996582,-0.6154402494430542,0.0,-0.9788739681243896,-1.7054699659347534,-11.458749999999998,0.0,0.0,0.0,0.0,1.0,2.0,6.0,1.0,6.0,6.0,6.0,6.0,3.0,2.0,0.0
10405,0.0,0.0,0.0,0.0,1.0,2.0,6.0,1.0,6.0,6.0,6.0,6.0,3.0,2.0,5.0,-1.8455532789230347,-1.6870441436767578,10.0,-1.2751113176345825,0.24333517253398895,-20.128750000000004,0.0,0.0,0.0,0.24333517253398895,2.0,3.0,7.0,2.0,7.0,1.0,7.0,7.0,4.0,3.0,0.0
10406,0.0,0.0,0.0,0.24333517253398895,2.0,3.0,7.0,2.0,7.0,1.0,7.0,7.0,4.0,3.0,1.0,-1.0685124397277832,-0.6149619817733765,0.0,-1.6366366147994995,-1.4391520023345947,-14.01875,0.0,0.0,0.0,0.0,1.0,1.0,8.0,3.0,8.0,2.0,8.0,8.0,5.0,4.0,0.0
10407,0.0,0.0,0.0,0.0,1.0,1.0,8.0,3.0,8.0,2.0,8.0,8.0,5.0,4.0,9.0,-1.8614948987960815,0.7470124959945679,0.0,-1.9215641021728516,-0.911141037940979,-7.7105226674467175,0.0,0.7470124959945679,0.0,0.0,1.0,2.0,9.0,4.0,9.0,3.0,9.0,9.0,6.0,1.0,0.0
10408,0.0,0.7470124959945679,0.0,0.0,1.0,2.0,9.0,4.0,9.0,3.0,9.0,9.0,6.0,1.0,2.0,-1.6321918964385986,-1.6430190801620483,0.0,-1.3339751958847046,-1.0425124168395996,-20.598749999999995,0.0,0.0,0.0,0.0,1.0,3.0,1.0,5.0,10.0,4.0,10.0,10.0,7.0,2.0,0.0
10409,0.0,0.0,0.0,0.0,1.0,3.0,1.0,5.0,10.0,4.0,10.0,10.0,7.0,2.0,10.0,-0.49695301055908203,0.21185904741287231,3.0,-0.8408617973327637,-1.2872422933578491,-6.3,0.0,0.21185904741287231,0.0,0.0,2.0,4.0,2.0,1.0,11.0,5.0,11.0,11.0,8.0,3.0,0.0
10410,0.0,0.21185904741287231,0.0,0.0,2.0,4.0,2.0,1.0,11.0,5.0,11.0,11.0,8.0,3.0,4.0,-1.9634273052215576,-1.8008918762207031,10.0,-1.7437528371810913,-1.4255130290985107,-19.548750000000002,0.0,0.0,0.0,0.0,3.0,5.0,3.0,2.0,1.0,6.0,12.0,12.0,9.0,4.0,0.0
10411,0.0,0.0,0.0,0.0,3.0,5.0,3.0,2.0,1.0,6.0,12.0,12.0,9.0,4.0,5.0,-1.8432689905166626,-1.561036467552185,0.0,-0.09056039899587631,-1.3486765623092651,-21.928750000000004,0.0,0.0,0.0,0.0,1.0,6.0,4.0,3.0,2.0,1.0,13.0,13.0,10.0,5.0,0.0
10412,0.0,0.0,0.0,0.0,1.0,6.0,4.0,3.0,2.0,1.0,13.0,13.0,10.0,5.0,10.0,-1.6081219911575317,-1.4810765981674194,0.0,-1.5281243324279785,1.6927014589309692,-6.8,0.0,0.0,0.0,1.6927014589309692,1.0,7.0,5.0,4.0,3.0,2.0,14.0,14.0,11.0,6.0,0.0
10413,0.0,0.0,0.0,1.6927014589309692,1.0,7.0,5.0,4.0,3.0,2.0,14.0,14.0,11.0,6.0,9.0,0.5882179141044617,0.8271499276161194,3.0,-0.2533011734485626,-1.808459997177124,-9.153309168056508,0.5882179141044617,0.8271499276161194,0.0,0.0,2.0,8.0,6.0,1.0,4.0,3.0,15.0,15.0,12.0,1.0,0.0
10414,0.5882179141044617,0.8271499276161194,0.0,0.0,2.0,8.0,6.0,1.0,4.0,3.0,15.0,15.0,12.0,1.0,8.0,-1.338503122329712,-1.0596067905426025,10.0,-0.7775660157203674,-0.3374665677547455,-19.05375,0.0,0.0,0.0,0.0,3.0,9.0,7.0,2.0,5.0,4.0,16.0,16.0,1.0,2.0,0.0
10415,0.0,0.0,0.0,0.0,3.0,9.0,7.0,2.0,5.0,4.0,16.0,16.0,1.0,2.0,3.0,0.2705807089805603,0.5480929613113403,0.0,1.4090549945831299,1.3076801300048828,-13.228373734391951,0.2705807089805603,0.5480929613113403,1.4090549945831299,1.3076801300048828,1.0,10.0,8.0,1.0,6.0,5.0,17.0,17.0,2.0,3.0,0.0
10416,0.2705807089805603,0.5480929613113403,1.4090549945831299,1.3076801300048828,1.0,10.0,8.0,1.0,6.0,5.0,17.0,17.0,2.0,3.0,3.0,-1.4096084833145142,-0.2633426785469055,8.0,-0.8619217276573181,-1.3285846710205078,-14.297546002377498,0.0,0.2847502827644348,0.5471332669258118,0.0,2.0,11.0,9.0,1.0,7.0,6.0,18.0,18.0,1.0,4.0,0.0
10417,0.0,0.2847502827644348,0.5471332669258118,0.0,2.0,11.0,9.0,1.0,7.0,6.0,18.0,18.0,1.0,4.0,5.0,-0.9764766693115234,-1.1338772773742676,1.0,-0.6811134219169617,-1.5888359546661377,-23.92875,0.0,0.0,0.0,0.0,3.0,1.0,10.0,2.0,8.0,1.0,19.0,19.0,2.0,5.0,0.0
10418,0.0,0.0,0.0,0.0,3.0,1.0,10.0,2.0,8.0,1.0,19.0,19.0,2.0,5.0,2.0,-1.0057402849197388,-0.782844066619873,10.0,-1.4020969867706299,-1.8551291227340698,-22.29875,0.0,0.0,0.0,0.0,4.0,2.0,1.0,3.0,9.0,2.0,20.0,20.0,3.0,6.0,0.0
10419,0.0,0.0,0.0,0.0,4.0,2.0,1.0,3.0,9.0,2.0,20.0,20.0,3.0,6.0,4.0,-1.1442413330078125,0.846961259841919,0.0,-1.3445848226547241,-0.4778222143650055,-19.547148270474338,0.0,0.846961259841919,0.0,0.0,1.0,3.0,2.0,4.0,1.0,3.0,21.0,21.0,4.0,7.0,0.0
10420,0.0,0.846961259841919,0.0,0.0,1.0,3.0,2.0,4.0,1.0,3.0,21.0,21.0,4.0,7.0,5.0,-1.2133057117462158,-1.1570488214492798,10.0,-1.549805760383606,-0.5572881102561951,-22.928750000000004,0.0,0.0,0.0,0.0,2.0,4.0,3.0,5.0,2.0,1.0,22.0,22.0,5.0,8.0,0.0
10421,0.0,0.0,0.0,0.0,2.0,4.0,3.0,5.0,2.0,1.0,22.0,22.0,5.0,8.0,4.0,-0.2580385208129883,-1.7771077156066895,10.0,-1.0360870361328125,-0.4873599708080292,-21.14875,0.0,0.0,0.0,0.0,3.0,5.0,4.0,6.0,1.0,2.0,23.0,23.0,6.0,9.0,0.0
10422,0.0,0.0,0.0,0.0,3.0,5.0,4.0,6.0,1.0,2.0,23.0,23.0,6.0,9.0,10.0,-0.44735100865364075,1.1605573892593384,0.0,-1.9917981624603271,-0.0032812326680868864,-9.2,0.0,1.1605573892593384,0.0,0.0,1.0,6.0,5.0,7.0,2.0,3.0,24.0,24.0,7.0,10.0,0.0
10423,0.0,1.1605573892593384,0.0,0.0,1.0,6.0,5.0,7.0,2.0,3.0,24.0,24.0,7.0,10.0,10.0,-1.340043306350708,0.835100531578064,10.0,-1.232848048210144,-1.7789669036865234,-9.9,0.0,1.9956579208374023,0.0,0.0,2.0,7.0,6.0,8.0,3.0,4.0,25.0,25.0,8.0,11.0,0.0
10424,0.0,1.9956579208374023,0.0,0.0,2.0,7.0,6.0,8.0,3.0,4.0,25.0,25.0,8.0,11.0,10.0,-1.430179238319397,-1.6242270469665527,10.0,-0.8299012780189514,-1.5616132020950317,-10.9,0.0,0.3714308738708496,0.0,0.0,3.0,8.0,7.0,9.0,4.0,5.0,26.0,26.0,9.0,12.0,0.0
10425,0.0,0.3714308738708496,0.0,0.0,3.0,8.0,7.0,9.0,4.0,5.0,26.0,26.0,9.0,12.0,2.0,-1.002697229385376,-0.6935939788818359,9.0,-1.5621732473373413,0.5063592195510864,-26.198749999999997,0.0,0.0,0.0,0.5063592195510864,4.0,9.0,1.0,10.0,5.0,6.0,27.0,27.0,10.0,1.0,0.0
10426,0.0,0.0,0.0,0.5063592195510864,4.0,9.0,1.0,10.0,5.0,6.0,27.0,27.0,10.0,1.0,10.0,-1.2760560512542725,1.5372172594070435,0.0,-1.8280324935913086,-0.7288119792938232,-11.0,0.0,1.5372172594070435,0.0,0.0,1.0,10.0,2.0,11.0,6.0,7.0,28.0,28.0,11.0,2.0,0.0
10427,0.0,1.5372172594070435,0.0,0.0,1.0,10.0,2.0,11.0,6.0,7.0,28.0,28.0,11.0,2.0,9.0,-0.7705122232437134,0.9783914089202881,3.0,-1.590944766998291,0.4017917215824127,-12.760118419140941,0.0,2.5156086683273315,0.0,0.4017917215824127,2.0,11.0,3.0,1.0,7.0,8.0,29.0,29.0,12.0,1.0,0.0
10428,0.0,2.5156086683273315,0.0,0.4017917215824127,2.0,11.0,3.0,1.0,7.0,8.0,29.0,29.0,12.0,1.0,5.0,-0.9705554246902466,-0.1401878148317337,10.0,-1.4538514614105225,-1.6942836046218872,-23.721454432921195,0.0,2.375420853495598,0.0,0.0,3.0,12.0,4.0,2.0,8.0,1.0,30.0,30.0,13.0,2.0,0.0
10429,0.0,2.375420853495598,0.0,0.0,3.0,12.0,4.0,2.0,8.0,1.0,30.0,30.0,13.0,2.0,10.0,0.2192373424768448,0.22903764247894287,0.0,-1.872010350227356,-0.9508147239685059,-11.5,0.2192373424768448,2.6044584959745407,0.0,0.0,1.0,13.0,5.0,3.0,9.0,2.0,31.0,31.0,14.0,3.0,0.0
10430,0.2192373424768448,2.6044584959745407,0.0,0.0,1.0,13.0,5.0,3.0,9.0,2.0,31.0,31.0,14.0,3.0,1.0,-1.6374952793121338,-1.7478920221328735,10.0,-1.8622530698776245,-0.603968620300293,-20.368635432009686,0.0,0.8565664738416672,0.0,0.0,2.0,1.0,6.0,4.0,10.0,3.0,32.0,32.0,15.0,4.0,0.0
10431,0.0,0.8565664738416672,0.0,0.0,2.0,1.0,6.0,4.0,10.0,3.0,32.0,32.0,15.0,4.0,9.0,-1.8089796304702759,-0.9293022751808167,10.0,-1.3691331148147583,-0.8445792198181152,-14.41875,0.0,0.0,0.0,0.0,3.0,2.0,7.0,5.0,11.0,4.0,33.0,33.0,16.0,1.0,0.0
10432,0.0,0.0,0.0,0.0,3.0,2.0,7.0,5.0,11.0,4.0,33.0,33.0,16.0,1.0,10.0,-1.1026337146759033,0.5031435489654541,10.0,-1.9227615594863892,1.7762967348098755,-12.5,0.0,0.5031435489654541,0.0,1.7762967348098755,4.0,3.0,8.0,6.0,12.0,5.0,34.0,34.0,17.0,2.0,0.0
10433,0.0,0.5031435489654541,0.0,1.7762967348098755,4.0,3.0,8.0,6.0,12.0,5.0,34.0,34.0,17.0,2.0,9.0,-1.8709239959716797,1.0906107425689697,10.0,-1.390691876411438,0.13459858298301697,-14.930266683849567,0.0,1.5937542915344238,0.0,1.9108953177928925,5.0,4.0,9.0,7.0,13.0,6.0,35.0,35.0,18.0,1.0,0.0
10434,0.0,1.5937542915344238,0.0,1.9108953177928925,5.0,4.0,9.0,7.0,13.0,6.0,35.0,35.0,18.0,1.0,10.0,-1.860302448272705,-1.3370281457901,0.0,-1.9211171865463257,-0.49220988154411316,-14.3,0.0,0.25672614574432373,0.0,1.4186854362487793,1.0,5.0,10.0,8.0,14.0,7.0,36.0,36.0,19.0,2.0,0.0
10435,0.0,0.25672614574432373,0.0,1.4186854362487793,1.0,5.0,10.0,8.0,14.0,7.0,36.0,36.0,19.0,2.0,10.0,0.008835496380925179,-1.5589536428451538,3.0,-1.7536414861679077,-0.24571636319160461,-14.8,0.008835496380925179,0.0,0.0,1.1729690730571747,2.0,6.0,11.0,1.0,15.0,8.0,37.0,37.0,20.0,3.0,0.0
10436,0.008835496380925179,0.0,0.0,1.1729690730571747,2.0,6.0,11.0,1.0,15.0,8.0,37.0,37.0,20.0,3.0,5.0,-1.6591036319732666,-1.7135740518569946,10.0,-1.8997738361358643,-1.6935142278671265,-30.228750000000005,0.0,0.0,0.0,0.0,3.0,7.0,12.0,2.0,16.0,1.0,38.0,38.0,21.0,4.0,0.0
10437,0.0,0.0,0.0,0.0,3.0,7.0,12.0,2.0,16.0,1.0,38.0,38.0,21.0,4.0,10.0,-1.7194072008132935,-0.3154020309448242,10.0,-1.1357157230377197,0.5808636546134949,-15.2,0.0,0.0,0.0,0.5808636546134949,4.0,8.0,13.0,3.0,17.0,2.0,39.0,39.0,22.0,5.0,0.0
10438,0.0,0.0,0.0,0.5808636546134949,4.0,8.0,13.0,3.0,17.0,2.0,39.0,39.0,22.0,5.0,9.0,-0.8964888453483582,-0.3991468548774719,0.0,-1.8758623600006104,0.7993226647377014,-18.71875,0.0,0.0,0.0,1.3801863193511963,1.0,9.0,14.0,4.0,18.0,3.0,40.0,40.0,23.0,1.0,0.0
10439,0.0,0.0,0.0,1.3801863193511963,1.0,9.0,14.0,4.0,18.0,3.0,40.0,40.0,23.0,1.0,5.0,-1.8542386293411255,1.0557105541229248,10.0,-1.3967608213424683,0.5310488343238831,-30.06514998109288,0.0,1.0557105541229248,0.0,1.9112351536750793,2.0,10.0,15.0,5.0,19.0,1.0,41.0,41.0,24.0,2.0,0.0
10440,0.0,1.0557105541229248,0.0,1.9112351536750793,2.0,10.0,15.0,5.0,19.0,1.0,41.0,41.0,24.0,2.0,10.0,-1.2623342275619507,-1.493876338005066,0.0,-1.587158203125,-1.4103590250015259,-17.0,0.0,0.0,0.0,0.5008761286735535,1.0,11.0,16.0,6.0,20.0,2.0,42.0,42.0,25.0,3.0,0.0
10441,0.0,0.0,0.0,0.5008761286735535,1.0,11.0,16.0,6.0,20.0,2.0,42.0,42.0,25.0,3.0,10.0,-0.48431268334388733,1.5345401763916016,10.0,-1.898319959640503,-0.5833663940429688,-17.8,0.0,1.5345401763916016,0.0,0.0,2.0,12.0,17.0,7.0,21.0,3.0,43.0,43.0,26.0,4.0,0.0
10442,0.0,1.5345401763916016,0.0,0.0,2.0,12.0,17.0,7.0,21.0,3.0,43.0,43.0,26.0,4.0,10.0,-1.0580135583877563,-1.4752357006072998,0.0,-1.9104976654052734,-1.31931734085083,-18.8,0.0,0.05930447578430176,0.0,0.0,1.0,13.0,18.0,8.0,22.0,4.0,44.0,44.0,27.0,5.0,0.0
10443,0.0,0.05930447578430176,0.0,0.0,1.0,13.0,18.0,8.0,22.0,4.0,44.0,44.0,27.0,5.0,1.0,-0.5933990478515625,-1.8378880023956299,10.0,-1.836779236793518,-1.3036479949951172,-28.31875,0.0,0.0,0.0,0.0,2.0,1.0,19.0,9.0,23.0,5.0,45.0,45.0,28.0,6.0,0.0
10444,0.0,0.0,0.0,0.0,2.0,1.0,19.0,9.0,23.0,5.0,45.0,45.0,28.0,6.0,10.0,-1.8845860958099365,-1.9617369174957275,10.0,-0.4131596088409424,-0.7544115781784058,-19.3,0.0,0.0,0.0,0.0,3.0,2.0,20.0,10.0,24.0,6.0,46.0,46.0,29.0,7.0,0.0
10445,0.0,0.0,0.0,0.0,3.0,2.0,20.0,10.0,24.0,6.0,46.0,46.0,29.0,7.0,10.0,-1.9787648916244507,-1.6521180868148804,0.0,-1.9656038284301758,1.22757887840271,-20.3,0.0,0.0,0.0,1.22757887840271,1.0,3.0,21.0,11.0,25.0,7.0,47.0,47.0,30.0,8.0,0.0
10446,0.0,0.0,0.0,1.22757887840271,1.0,3.0,21.0,11.0,25.0,7.0,47.0,47.0,30.0,8.0,2.0,-1.9727091789245605,-1.3089028596878052,10.0,-1.9022746086120605,-1.4657217264175415,-35.29875,0.0,0.0,0.0,0.0,2.0,4.0,1.0,12.0,26.0,8.0,48.0,48.0,31.0,9.0,0.0
10447,0.0,0.0,0.0,0.0,2.0,4.0,1.0,12.0,26.0,8.0,48.0,48.0,31.0,9.0,10.0,-1.9785927534103394,-1.721671462059021,0.0,-1.9323899745941162,-1.654242753982544,-19.9,0.0,0.0,0.0,0.0,1.0,5.0,2.0,13.0,27.0,9.0,49.0,49.0,32.0,10.0,0.0
10448,0.0,0.0,0.0,0.0,1.0,5.0,2.0,13.0,27.0,9.0,49.0,49.0,32.0,10.0,4.0,-1.9080761671066284,-1.9193836450576782,10.0,-1.8103703260421753,-1.1691793203353882,-33.448750000000004,0.0,0.0,0.0,0.0,2.0,6.0,3.0,14.0,1.0,10.0,50.0,50.0,33.0,11.0,0.0
10449,0.0,0.0,0.0,0.0,2.0,6.0,3.0,14.0,1.0,10.0,50.0,50.0,33.0,11.0,5.0,-1.723746418952942,-1.8790004253387451,0.0,-1.325252890586853,0.9503207802772522,-34.228750000000005,0.0,0.0,0.0,0.9503207802772522,1.0,7.0,4.0,15.0,2.0,1.0,51.0,51.0,34.0,12.0,0.0
10450,0.0,0.0,0.0,0.9503207802772522,1.0,7.0,4.0,15.0,2.0,1.0,51.0,51.0,34.0,12.0,10.0,-1.8490270376205444,-1.7480762004852295,9.0,1.75858473777771,-0.7448559999465942,-18.8,0.0,0.0,1.75858473777771,0.20546478033065796,2.0,8.0,5.0,16.0,3.0,2.0,52.0,52.0,35.0,1.0,0.0
10451,0.0,0.0,1.75858473777771,0.20546478033065796,2.0,8.0,5.0,16.0,3.0,2.0,52.0,52.0,35.0,1.0,10.0,-1.421830177307129,0.8525710701942444,0.0,-1.6012088060379028,0.7043342590332031,-18.6,0.0,0.8525710701942444,0.15737593173980713,0.9097990393638611,1.0,9.0,6.0,17.0,4.0,3.0,53.0,53.0,36.0,2.0,0.0
10452,0.0,0.8525710701942444,0.15737593173980713,0.9097990393638611,1.0,9.0,6.0,17.0,4.0,3.0,53.0,53.0,36.0,2.0,10.0,-1.6010935306549072,0.7058548927307129,3.0,-1.240856647491455,0.25950121879577637,-19.4,0.0,1.5584259629249573,0.0,1.1693002581596375,2.0,10.0,7.0,1.0,5.0,4.0,54.0,54.0,37.0,3.0,0.0
10453,0.0,1.5584259629249573,0.0,1.1693002581596375,2.0,10.0,7.0,1.0,5.0,4.0,54.0,54.0,37.0,3.0,10.0,-1.5774093866348267,-0.7412056922912598,0.0,-1.6827975511550903,0.9875085949897766,-18.7,0.0,0.8172202706336975,0.0,2.156808853149414,1.0,11.0,8.0,2.0,6.0,5.0,55.0,55.0,38.0,4.0,0.0
10454,0.0,0.8172202706336975,0.0,2.156808853149414,1.0,11.0,8.0,2.0,6.0,5.0,55.0,55.0,38.0,4.0,10.0,-1.8712695837020874,-1.8288013935089111,3.0,0.17340688407421112,0.4308253526687622,-19.5,0.0,0.0,0.17340688407421112,2.5876342058181763,2.0,12.0,9.0,1.0,7.0,6.0,56.0,56.0,39.0,5.0,0.0
10455,0.0,0.0,0.17340688407421112,2.5876342058181763,2.0,12.0,9.0,1.0,7.0,6.0,56.0,56.0,39.0,5.0,10.0,-1.8395311832427979,-0.17081542313098907,10.0,-1.937322974205017,0.5191358327865601,-20.3,0.0,0.0,0.0,3.1067700386047363,3.0,13.0,10.0,2.0,8.0,7.0,57.0,57.0,40.0,6.0,0.0
10456,0.0,0.0,0.0,3.1067700386047363,3.0,13.0,10.0,2.0,8.0,7.0,57.0,57.0,40.0,6.0,9.0,-1.893455982208252,-0.7121725678443909,0.0,-1.913857102394104,0.5164285898208618,-23.81875,0.0,0.0,0.0,3.623198628425598,1.0,14.0,11.0,3.0,9.0,8.0,58.0,58.0,41.0,1.0,0.0
10457,0.0,0.0,0.0,3.623198628425598,1.0,14.0,11.0,3.0,9.0,8.0,58.0,58.0,41.0,1.0,9.0,-1.9717789888381958,1.5635700225830078,0.0,-1.6667029857635498,0.5921346545219421,-22.843566317403436,0.0,1.5635700225830078,0.0,4.21533328294754,1.0,15.0,12.0,4.0,10.0,9.0,59.0,59.0,42.0,1.0,0.0
10458,0.0,1.5635700225830078,0.0,4.21533328294754,1.0,15.0,12.0,4.0,10.0,9.0,59.0,59.0,42.0,1.0,4.0,-1.696099042892456,-0.43732157349586487,3.0,-1.6568495035171509,1.537280559539795,-33.39967241712096,0.0,1.126248449087143,0.0,5.752613842487335,2.0,16.0,13.0,1.0,1.0,10.0,60.0,60.0,43.0,2.0,0.0
10459,0.0,1.126248449087143,0.0,5.752613842487335,2.0,16.0,13.0,1.0,1.0,10.0,60.0,60.0,43.0,2.0,10.0,-1.185994267463684,-0.21050508320331573,3.0,-1.9244800806045532,-0.7322045564651489,-21.8,0.0,0.9157433658838272,0.0,5.020409286022186,3.0,17.0,14.0,1.0,2.0,11.0,61.0,61.0,44.0,3.0,0.0
10460,0.0,0.9157433658838272,0.0,5.020409286022186,3.0,17.0,14.0,1.0,2.0,11.0,61.0,61.0,44.0,3.0,4.0,-1.9454970359802246,0.4898591637611389,10.0,-1.3512824773788452,0.6451289057731628,-33.57630244210867,0.0,1.4056025296449661,0.0,5.665538191795349,4.0,18.0,15.0,2.0,1.0,12.0,62.0,62.0,45.0,4.0,0.0
10461,0.0,1.4056025296449661,0.0,5.665538191795349,4.0,18.0,15.0,2.0,1.0,12.0,62.0,62.0,45.0,4.0,10.0,-1.4502220153808594,-0.6870013475418091,3.0,-1.8294967412948608,-0.27780959010124207,-23.5,0.0,0.718601182103157,0.0,5.387728601694107,5.0,19.0,16.0,1.0,2.0,13.0,63.0,63.0,46.0,5.0,0.0
10462,0.0,0.718601182103157,0.0,5.387728601694107,5.0,19.0,16.0,1.0,2.0,13.0,63.0,63.0,46.0,5.0,10.0,-0.39480823278427124,-0.5503268837928772,0.0,-0.4870421290397644,-0.0685574933886528,-24.3,0.0,0.16827429831027985,0.0,5.319171108305454,1.0,20.0,17.0,2.0,3.0,14.0,64.0,64.0,47.0,6.0,0.0
10463,0.0,0.16827429831027985,0.0,5.319171108305454,1.0,20.0,17.0,2.0,3.0,14.0,64.0,64.0,47.0,6.0,2.0,-1.7431684732437134,-1.8607858419418335,10.0,-1.7058742046356201,0.4169463515281677,-39.098749999999995,0.0,0.0,0.0,5.736117459833622,2.0,21.0,1.0,3.0,4.0,15.0,65.0,65.0,48.0,7.0,0.0
10464,0.0,0.0,0.0,5.736117459833622,2.0,21.0,1.0,3.0,4.0,15.0,65.0,65.0,48.0,7.0,10.0,-1.850477695465088,-0.030532967299222946,3.0,-1.0181697607040405,0.9320781826972961,-24.1,0.0,0.0,0.0,6.668195642530918,3.0,22.0,2.0,1.0,5.0,16.0,66.0,66.0,49.0,8.0,0.0
10465,0.0,0.0,0.0,6.668195642530918,3.0,22.0,2.0,1.0,5.0,16.0,66.0,66.0,49.0,8.0,10.0,-1.6526432037353516,-0.02149713784456253,10.0,0.7142336368560791,-1.1299196481704712,-24.8,0.0,0.0,0.7142336368560791,5.538275994360447,4.0,23.0,3.0,2.0,6.0,17.0,67.0,67.0,50.0,9.0,0.0
10466,0.0,0.0,0.7142336368560791,5.538275994360447,4.0,23.0,3.0,2.0,6.0,17.0,67.0,67.0,50.0,9.0,10.0,-1.7720739841461182,-0.23183932900428772,0.0,-1.972277045249939,-1.1434311866760254,-25.8,0.0,0.0,0.0,4.3948448076844215,1.0,24.0,4.0,3.0,7.0,18.0,68.0,68.0,51.0,10.0,0.0
10467,0.0,0.0,0.0,4.3948448076844215,1.0,24.0,4.0,3.0,7.0,18.0,68.0,68.0,51.0,10.0,10.0,-1.4418655633926392,-1.8161510229110718,3.0,-1.8386527299880981,-1.038830041885376,-26.4,0.0,0.0,0.0,3.3560147657990456,2.0,25.0,5.0,1.0,8.0,19.0,69.0,69.0,52.0,11.0,0.0
10468,0.0,0.0,0.0,3.3560147657990456,2.0,25.0,5.0,1.0,8.0,19.0,69.0,69.0,52.0,11.0,2.0,-1.513434648513794,-1.3772424459457397,3.0,-1.903139352798462,0.046472735702991486,-41.39875,0.0,0.0,0.0,3.402487501502037,3.0,26.0,1.0,1.0,9.0,20.0,70.0,70.0,53.0,12.0,0.0
10469,0.0,0.0,0.0,3.402487501502037,3.0,26.0,1.0,1.0,9.0,20.0,70.0,70.0,53.0,12.0,10.0,-1.952057957649231,-1.731196641921997,3.0,-1.984171748161316,-1.7361950874328613,-27.5,0.0,0.0,0.0,1.6662924140691757,4.0,27.0,2.0,1.0,10.0,21.0,71.0,71.0,54.0,13.0,0.0
10470,0.0,0.0,0.0,1.6662924140691757,4.0,27.0,2.0,1.0,10.0,21.0,71.0,71.0,54.0,13.0,10.0,-1.9094971418380737,-1.2990806102752686,0.0,-1.973483681678772,1.7444764375686646,-28.4,0.0,0.0,0.0,3.4107688516378403,1.0,28.0,3.0,2.0,11.0,22.0,72.0,72.0,55.0,14.0,0.0
10471,0.0,0.0,0.0,3.4107688516378403,1.0,28.0,3.0,2.0,11.0,22.0,72.0,72.0,55.0,14.0,10.0,-1.7638944387435913,-1.5867785215377808,9.0,-1.979698657989502,-1.6775730848312378,-29.0,0.0,0.0,0.0,1.7331957668066025,2.0,29.0,4.0,3.0,12.0,23.0,73.0,73.0,56.0,1.0,0.0
10472,0.0,0.0,0.0,1.7331957668066025,2.0,29.0,4.0,3.0,12.0,23.0,73.0,73.0,56.0,1.0,10.0,-1.9070831537246704,-1.3177381753921509,10.0,-1.0266488790512085,0.8148532509803772,-28.6,0.0,0.0,0.0,2.5480490177869797,3.0,30.0,5.0,4.0,13.0,24.0,74.0,74.0,57.0,2.0,0.0
10473,0.0,0.0,0.0,2.5480490177869797,3.0,30.0,5.0,4.0,13.0,24.0,74.0,74.0,57.0,2.0,10.0,-1.5832520723342896,-1.579691767692566,3.0,-1.7653499841690063,1.6692063808441162,-29.6,0.0,0.0,0.0,4.217255398631096,4.0,31.0,6.0,1.0,14.0,25.0,75.0,75.0,58.0,3.0,0.0
10474,0.0,0.0,0.0,4.217255398631096,4.0,31.0,6.0,1.0,14.0,25.0,75.0,75.0,58.0,3.0,10.0,-1.9509975910186768,-1.5096254348754883,3.0,-1.915372371673584,1.3988975286483765,-30.2,0.0,0.0,0.0,5.616152927279472,5.0,32.0,7.0,1.0,15.0,26.0,76.0,76.0,59.0,4.0,0.0
10475,0.0,0.0,0.0,5.616152927279472,5.0,32.0,7.0,1.0,15.0,26.0,76.0,76.0,59.0,4.0,10.0,-1.8879737854003906,1.4664050340652466,10.0,0.17403487861156464,0.6459379196166992,-31.1,0.0,1.4664050340652466,0.17403487861156464,6.262090846896172,6.0,33.0,8.0,2.0,16.0,27.0,77.0,77.0,60.0,5.0,0.0
10476,0.0,1.4664050340652466,0.17403487861156464,6.262090846896172,6.0,33.0,8.0,2.0,16.0,27.0,77.0,77.0,60.0,5.0,10.0,-1.5739924907684326,-1.367024540901184,3.0,-1.951322317123413,-0.24716337025165558,-32.1,0.0,0.0993804931640625,0.0,6.014927476644516,7.0,34.0,9.0,1.0,17.0,28.0,78.0,78.0,61.0,6.0,0.0
10477,0.0,0.0993804931640625,0.0,6.014927476644516,7.0,34.0,9.0,1.0,17.0,28.0,78.0,78.0,61.0,6.0,10.0,-1.9815218448638916,-0.013919039629399776,3.0,-1.945128321647644,-0.07402633875608444,-32.9,0.0,0.08546145353466272,0.0,5.9409011378884315,8.0,35.0,10.0,1.0,18.0,29.0,79.0,79.0,62.0,7.0,0.0
10478,0.0,0.08546145353466272,0.0,5.9409011378884315,8.0,35.0,10.0,1.0,18.0,29.0,79.0,79.0,62.0,7.0,10.0,-1.8182966709136963,1.1596331596374512,3.0,-1.9565694332122803,0.7530152201652527,-33.8,0.0,1.245094613172114,0.0,6.693916358053684,9.0,36.0,11.0,1.0,19.0,30.0,80.0,80.0,63.0,8.0,0.0
10479,0.0,1.245094613172114,0.0,6.693916358053684,9.0,36.0,11.0,1.0,19.0,30.0,80.0,80.0,63.0,8.0,10.0,-1.901223063468933,0.5513569712638855,3.0,-1.9307292699813843,-1.9608063697814941,-34.7,0.0,1.7964515844359994,0.0,4.73310998827219,10.0,37.0,12.0,1.0,20.0,31.0,81.0,81.0,64.0,9.0,0.0
10480,0.0,1.7964515844359994,0.0,4.73310998827219,10.0,37.0,12.0,1.0,20.0,31.0,81.0,81.0,64.0,9.0,10.0,-1.8705744743347168,0.7372297048568726,3.0,-0.7101337909698486,-1.7598836421966553,-35.6,0.0,2.533681289292872,0.0,2.973226346075535,11.0,38.0,13.0,1.0,21.0,32.0,82.0,82.0,65.0,10.0,0.0
10481,0.0,2.533681289292872,0.0,2.973226346075535,11.0,38.0,13.0,1.0,21.0,32.0,82.0,82.0,65.0,10.0,10.0,-1.7522052526474,-0.9351900219917297,3.0,-1.821272373199463,-1.7551875114440918,-36.5,0.0,1.5984912673011422,0.0,1.218038834631443,12.0,39.0,14.0,1.0,22.0,33.0,83.0,83.0,66.0,11.0,0.0
10482,0.0,1.5984912673011422,0.0,1.218038834631443,12.0,39.0,14.0,1.0,22.0,33.0,83.0,83.0,66.0,11.0,10.0,-1.8848800659179688,-1.135085105895996,3.0,-1.9660859107971191,-1.2857410907745361,-37.4,0.0,0.4634061614051461,0.0,0.0,13.0,40.0,15.0,1.0,23.0,34.0,84.0,84.0,67.0,12.0,0.0
10483,0.0,0.4634061614051461,0.0,0.0,13.0,40.0,15.0,1.0,23.0,34.0,84.0,84.0,67.0,12.0,10.0,-1.934983491897583,0.5970268249511719,3.0,-0.44332626461982727,-0.3195754885673523,-38.3,0.0,1.060432986356318,0.0,0.0,14.0,41.0,16.0,1.0,24.0,35.0,85.0,85.0,68.0,13.0,0.0
10484,0.0,1.060432986356318,0.0,0.0,14.0,41.0,16.0,1.0,24.0,35.0,85.0,85.0,68.0,13.0,10.0,-1.9334392547607422,0.824289083480835,3.0,-1.8625283241271973,-0.3957855701446533,-39.2,0.0,1.884722069837153,0.0,0.0,15.0,42.0,17.0,1.0,25.0,36.0,86.0,86.0,69.0,14.0,0.0
10485,0.0,1.884722069837153,0.0,0.0,15.0,42.0,17.0,1.0,25.0,36.0,86.0,86.0,69.0,14.0,10.0,-1.9604496955871582,0.1443299502134323,3.0,-1.747113585472107,-0.8186967968940735,-40.1,0.0,2.0290520200505853,0.0,0.0,16.0,43.0,18.0,1.0,26.0,37.0,87.0,87.0,70.0,15.0,0.0
10486,0.0,2.0290520200505853,0.0,0.0,16.0,43.0,18.0,1.0,26.0,37.0,87.0,87.0,70.0,15.0,10.0,-1.9437867403030396,-0.4397839903831482,10.0,-1.8320544958114624,0.6383875012397766,-41.0,0.0,1.589268029667437,0.0,0.6383875012397766,17.0,44.0,19.0,2.0,27.0,38.0,88.0,88.0,71.0,16.0,0.0
10487,0.0,1.589268029667437,0.0,0.6383875012397766,17.0,44.0,19.0,2.0,27.0,38.0,88.0,88.0,71.0,16.0,10.0,-1.9638036489486694,0.25403910875320435,3.0,-1.7453335523605347,-1.1503885984420776,-42.0,0.0,1.8433071384206414,0.0,0.0,18.0,45.0,20.0,1.0,28.0,39.0,89.0,89.0,72.0,17.0,0.0
10488,0.0,1.8433071384206414,0.0,0.0,18.0,45.0,20.0,1.0,28.0,39.0,89.0,89.0,72.0,17.0,9.0,-1.9685983657836914,-0.7184672951698303,0.0,-1.7612992525100708,-1.4774305820465088,-44.46876497008624,0.0,1.124839843250811,0.0,0.0,1.0,46.0,21.0,2.0,29.0,40.0,90.0,90.0,73.0,1.0,0.0
10489,0.0,1.124839843250811,0.0,0.0,1.0,46.0,21.0,2.0,29.0,40.0,90.0,90.0,73.0,1.0,10.0,-1.9647208452224731,-0.49918943643569946,3.0,-1.9855400323867798,-1.1154263019561768,-40.3,0.0,0.6256504068151116,0.0,0.0,2.0,47.0,22.0,1.0,30.0,41.0,91.0,91.0,74.0,2.0,0.0
10490,0.0,0.6256504068151116,0.0,0.0,2.0,47.0,22.0,1.0,30.0,41.0,91.0,91.0,74.0,2.0,10.0,-1.926605463027954,-1.7131267786026,3.0,-1.9720163345336914,1.0029206275939941,-41.1,0.0,0.0,0.0,1.0029206275939941,3.0,48.0,23.0,1.0,31.0,42.0,92.0,92.0,75.0,3.0,0.0
10491,0.0,0.0,0.0,1.0029206275939941,3.0,48.0,23.0,1.0,31.0,42.0,92.0,92.0,75.0,3.0,10.0,-1.9879732131958008,-1.2429783344268799,3.0,-1.9937324523925781,0.5730040669441223,-42.0,0.0,0.0,0.0,1.5759246945381165,4.0,49.0,24.0,1.0,32.0,43.0,93.0,93.0,76.0,4.0,0.0
10492,0.0,0.0,0.0,1.5759246945381165,4.0,49.0,24.0,1.0,32.0,43.0,93.0,93.0,76.0,4.0,10.0,-1.8536700010299683,-1.5578347444534302,3.0,-1.9661922454833984,0.5413802862167358,-42.9,0.0,0.0,0.0,2.1173049807548523,5.0,50.0,25.0,1.0,33.0,44.0,94.0,94.0,77.0,5.0,0.0
10493,0.0,0.0,0.0,2.1173049807548523,5.0,50.0,25.0,1.0,33.0,44.0,94.0,94.0,77.0,5.0,10.0,-1.9767429828643799,-1.4087408781051636,3.0,-1.8941166400909424,0.3030881881713867,-43.8,0.0,0.0,0.0,2.420393168926239,6.0,51.0,26.0,1.0,34.0,45.0,95.0,95.0,78.0,6.0,0.0
10494,0.0,0.0,0.0,2.420393168926239,6.0,51.0,26.0,1.0,34.0,45.0,95.0,95.0,78.0,6.0,10.0,-1.9603345394134521,0.38114383816719055,3.0,-1.9737404584884644,-0.5106371641159058,-44.7,0.0,0.38114383816719055,0.0,1.9097560048103333,7.0,52.0,27.0,1.0,35.0,46.0,96.0,96.0,79.0,7.0,0.0
10495,0.0,0.38114383816719055,0.0,1.9097560048103333,7.0,52.0,27.0,1.0,35.0,46.0,96.0,96.0,79.0,7.0,10.0,-1.765094518661499,-1.6135883331298828,3.0,-1.8622950315475464,0.9732659459114075,-45.6,0.0,0.0,0.0,2.8830219507217407,8.0,53.0,28.0,1.0,36.0,47.0,97.0,97.0,80.0,8.0,0.0
10496,0.0,0.0,0.0,2.8830219507217407,8.0,53.0,28.0,1.0,36.0,47.0,97.0,97.0,80.0,8.0,10.0,-1.912477731704712,-1.7758899927139282,3.0,-1.9463294744491577,-1.2598044872283936,-46.5,0.0,0.0,0.0,1.6232174634933472,9.0,54.0,29.0,1.0,37.0,48.0,98.0,98.0,81.0,9.0,0.0
10497,0.0,0.0,0.0,1.6232174634933472,9.0,54.0,29.0,1.0,37.0,48.0,98.0,98.0,81.0,9.0,10.0,-1.9718031883239746,-1.169586420059204,3.0,-1.890600323677063,0.020857814699411392,-47.4,0.0,0.0,0.0,1.6440752781927586,10.0,55.0,30.0,1.0,38.0,49.0,99.0,99.0,82.0,10.0,0.0
10498,0.0,0.0,0.0,1.6440752781927586,10.0,55.0,30.0,1.0,38.0,49.0,99.0,99.0,82.0,10.0,9.0,-1.9637787342071533,-1.654462456703186,3.0,-1.9613980054855347,1.9276214838027954,-50.818749999999994,0.0,0.0,0.0,3.571696761995554,11.0,56.0,31.0,1.0,39.0,50.0,100.0,100.0,83.0,1.0,0.0
10499,0.0,0.0,0.0,3.571696761995554,11.0,56.0,31.0,1.0,39.0,50.0,100.0,100.0,83.0,1.0,10.0,-1.9922598600387573,-1.8979600667953491,3.0,-1.932620644569397,1.7459349632263184,-48.0,0.0,0.0,0.0,5.317631725221872,12.0,57.0,32.0,1.0,40.0,51.0,100.0,100.0,84.0,2.0,1.0
10500,0.16052208840847015,1.5270593166351318,4.620841979980469,7.559010982513428,1.0,1.0,1.0,1.0,1.0,1.0,1.0,1.0,1.0,1.0,3.0,-1.6066350936889648,-1.2793506383895874,3.0,-1.300520896911621,-1.9319270849227905,-8.369127749673343,0.0,0.24770867824554443,3.3203210830688477,5.627083897590637,2.0,2.0,2.0,1.0,2.0,2.0,2.0,2.0,2.0,2.0,0.0
10501,0.0,0.24770867824554443,3.3203210830688477,5.627083897590637,2.0,2.0,2.0,1.0,2.0,2.0,2.0,2.0,2.0,2.0,9.0,-1.9661998748779297,1.34283447265625,1.0,-0.09801921248435974,-1.759487509727478,-4.331668134467825,0.0,1.5905431509017944,3.222301870584488,3.867596387863159,3.0,1.0,3.0,2.0,3.0,3.0,3.0,3.0,3.0,1.0,0.0
10502,0.0,1.5905431509017944,3.222301870584488,3.867596387863159,3.0,1.0,3.0,2.0,3.0,3.0,3.0,3.0,3.0,1.0,2.0,-1.7320775985717773,-1.3446383476257324,3.0,0.02380366064608097,-1.9026302099227905,-17.27450929859345,0.0,0.245904803276062,3.246105531230569,1.9649661779403687,4.0,2.0,1.0,1.0,4.0,4.0,4.0,4.0,4.0,2.0,0.0
10503,0.0,0.245904803276062,3.246105531230569,1.9649661779403687,4.0,2.0,1.0,1.0,4.0,4.0,4.0,4.0,4.0,2.0,3.0,-1.94149911403656,-0.5763394236564636,3.0,-1.8507544994354248,-1.5372365713119507,-10.85875,0.0,0.0,1.395351031795144,0.42772960662841797,5.0,3.0,2.0,1.0,5.0,5.0,5.0,5.0,5.0,3.0,0.0
10504,0.0,0.0,1.395351031795144,0.42772960662841797,5.0,3.0,2.0,1.0,5.0,5.0,5.0,5.0,5.0,3.0,10.0,-1.6383659839630127,-1.9381659030914307,0.0,-0.8490246534347534,-1.8371524810791016,-4.9,0.0,0.0,0.5463263783603907,0.0,1.0,4.0,3.0,2.0,6.0,6.0,6.0,6.0,6.0,4.0,0.0
10505,0.0,0.0,0.5463263783603907,0.0,1.0,4.0,3.0,2.0,6.0,6.0,6.0,6.0,6.0,4.0,3.0,-1.281204104423523,-1.3169095516204834,1.0,-1.824657917022705,-1.7388709783554077,-12.25875,0.0,0.0,0.0,0.0,2.0,1.0,4.0,1.0,7.0,7.0,7.0,7.0,7.0,5.0,0.0
10506,0.0,0.0,0.0,0.0,2.0,1.0,4.0,1.0,7.0,7.0,7.0,7.0,7.0,5.0,10.0,-1.7649264335632324,-0.9555147290229797,0.0,-1.579811453819275,-0.33067846298217773,-5.8,0.0,0.0,0.0,0.0,1.0,2.0,5.0,2.0,8.0,8.0,8.0,8.0,8.0,6.0,0.0
10507,0.0,0.0,0.0,0.0,1.0,2.0,5.0,2.0,8.0,8.0,8.0,8.0,8.0,6.0,10.0,-1.8395134210586548,-0.32304900884628296,9.0,-0.8386070132255554,-1.4500880241394043,-6.6,0.0,0.0,0.0,0.0,2.0,3.0,6.0,3.0,9.0,9.0,9.0,9.0,9.0,1.0,0.0
10508,0.0,0.0,0.0,0.0,2.0,3.0,6.0,3.0,9.0,9.0,9.0,9.0,9.0,1.0,8.0,-0.5510554909706116,-1.3603839874267578,0.0,-1.178733468055725,1.5303865671157837,-18.353749999999998,0.0,0.0,0.0,1.5303865671157837,1.0,4.0,7.0,4.0,10.0,10.0,10.0,10.0,1.0,2.0,0.0
10509,0.0,0.0,0.0,1.5303865671157837,1.0,4.0,7.0,4.0,10.0,10.0,10.0,10.0,1.0,2.0,3.0,-1.854901909828186,-1.4549154043197632,0.0,-0.007504427805542946,-1.7503055334091187,-13.75875,0.0,0.0,0.0,0.0,1.0,5.0,8.0,1.0,11.0,11.0,11.0,11.0,2.0,3.0,0.0
10510,0.0,0.0,0.0,0.0,1.0,5.0,8.0,1.0,11.0,11.0,11.0,11.0,2.0,3.0,1.0,-0.8630024194717407,-1.1246728897094727,0.0,-1.2245941162109375,-1.842854380607605,-16.118750000000002,0.0,0.0,0.0,0.0,1.0,1.0,9.0,2.0,12.0,12.0,12.0,12.0,3.0,4.0,0.0
10511,0.0,0.0,0.0,0.0,1.0,1.0,9.0,2.0,12.0,12.0,12.0,12.0,3.0,4.0,10.0,-1.9612019062042236,-0.6132124066352844,9.0,-1.6578353643417358,-1.9523041248321533,-7.8,0.0,0.0,0.0,0.0,2.0,2.0,10.0,3.0,13.0,13.0,13.0,13.0,4.0,1.0,0.0
10512,0.0,0.0,0.0,0.0,2.0,2.0,10.0,3.0,13.0,13.0,13.0,13.0,4.0,1.0,2.0,-1.4370850324630737,-1.7894207239151,0.0,-1.5537123680114746,-1.870741605758667,-22.698749999999997,0.0,0.0,0.0,0.0,1.0,3.0,1.0,4.0,14.0,14.0,14.0,14.0,5.0,2.0,0.0
10513,0.0,0.0,0.0,0.0,1.0,3.0,1.0,4.0,14.0,14.0,14.0,14.0,5.0,2.0,4.0,-1.1156301498413086,-1.7364386320114136,10.0,-1.6870208978652954,-1.8324037790298462,-20.94875,0.0,0.0,0.0,0.0,2.0,4.0,2.0,5.0,1.0,15.0,15.0,15.0,6.0,3.0,0.0
10514,0.0,0.0,0.0,0.0,2.0,4.0,2.0,5.0,1.0,15.0,15.0,15.0,6.0,3.0,10.0,0.5087413191795349,0.33823540806770325,3.0,0.15975461900234222,-0.3491525948047638,-7.8,0.5087413191795349,0.33823540806770325,0.15975461900234222,0.0,3.0,5.0,3.0,1.0,2.0,16.0,16.0,16.0,7.0,4.0,0.0
10515,0.5087413191795349,0.33823540806770325,0.15975461900234222,0.0,3.0,5.0,3.0,1.0,2.0,16.0,16.0,16.0,7.0,4.0,9.0,-0.9055942893028259,-0.9114506840705872,3.0,-1.6117453575134277,-1.323543906211853,-10.81875,0.0,0.0,0.0,0.0,4.0,6.0,4.0,1.0,3.0,17.0,17.0,17.0,8.0,1.0,0.0
10516,0.0,0.0,0.0,0.0,4.0,6.0,4.0,1.0,3.0,17.0,17.0,17.0,8.0,1.0,10.0,-1.968191146850586,-0.8651484251022339,3.0,-1.5992813110351562,-1.7188817262649536,-8.8,0.0,0.0,0.0,0.0,5.0,7.0,5.0,1.0,4.0,18.0,18.0,18.0,9.0,2.0,0.0
10517,0.0,0.0,0.0,0.0,5.0,7.0,5.0,1.0,4.0,18.0,18.0,18.0,9.0,2.0,10.0,-1.8427047729492188,-0.3722168207168579,3.0,-0.3102791905403137,-1.5493475198745728,-9.7,0.0,0.0,0.0,0.0,6.0,8.0,6.0,1.0,5.0,19.0,19.0,19.0,10.0,3.0,0.0
10518,0.0,0.0,0.0,0.0,6.0,8.0,6.0,1.0,5.0,19.0,19.0,19.0,10.0,3.0,9.0,-1.7735120058059692,-0.6631255745887756,0.0,-1.423535704612732,-0.5873644948005676,-13.118749999999999,0.0,0.0,0.0,0.0,1.0,9.0,7.0,2.0,6.0,20.0,20.0,20.0,11.0,1.0,0.0
10519,0.0,0.0,0.0,0.0,1.0,9.0,7.0,2.0,6.0,20.0,20.0,20.0,11.0,1.0,2.0,-1.261573314666748,-1.5662181377410889,3.0,-1.037679672241211,-1.7690238952636719,-24.998749999999994,0.0,0.0,0.0,0.0,2.0,10.0,1.0,1.0,7.0,21.0,21.0,21.0,12.0,2.0,0.0
10520,0.0,0.0,0.0,0.0,2.0,10.0,1.0,1.0,7.0,21.0,21.0,21.0,12.0,2.0,3.0,-1.8891016244888306,0.9791544079780579,10.0,0.7975723743438721,-0.4038834869861603,-15.834359087896956,0.0,0.9791544079780579,0.7975723743438721,0.0,3.0,11.0,2.0,1.0,8.0,22.0,22.0,22.0,13.0,3.0,0.0
10521,0.0,0.9791544079780579,0.7975723743438721,0.0,3.0,11.0,2.0,1.0,8.0,22.0,22.0,22.0,13.0,3.0,3.0,-1.9543730020523071,0.6189070343971252,9.0,-1.7886667251586914,-1.8508747816085815,-15.734495251522974,0.0,1.598061442375183,0.0,0.0,4.0,12.0,3.0,1.0,9.0,23.0,23.0,23.0,14.0,1.0,0.0
10522,0.0,1.598061442375183,0.0,0.0,4.0,12.0,3.0,1.0,9.0,23.0,23.0,23.0,14.0,1.0,2.0,-1.01328706741333,-0.10863235592842102,3.0,0.9953340291976929,-0.39221152663230896,-23.710540727961334,0.0,1.489429086446762,0.9953340291976929,0.0,5.0,13.0,1.0,1.0,10.0,24.0,24.0,24.0,15.0,2.0,0.0
10523,0.0,1.489429086446762,0.9953340291976929,0.0,5.0,13.0,1.0,1.0,10.0,24.0,24.0,24.0,15.0,2.0,9.0,-1.5330597162246704,-1.6911749839782715,10.0,-0.6167677044868469,-1.8698269128799438,-15.41875,0.0,0.0,0.37856632471084595,0.0,6.0,14.0,2.0,2.0,11.0,25.0,25.0,25.0,16.0,1.0,0.0
10524,0.0,0.0,0.37856632471084595,0.0,6.0,14.0,2.0,2.0,11.0,25.0,25.0,25.0,16.0,1.0,10.0,-1.8422771692276,0.015088153071701527,10.0,-1.9443535804748535,-1.9500606060028076,-13.7,0.0,0.015088153071701527,0.0,0.0,7.0,15.0,3.0,3.0,12.0,26.0,26.0,26.0,17.0,2.0,0.0
10525,0.0,0.015088153071701527,0.0,0.0,7.0,15.0,3.0,3.0,12.0,26.0,26.0,26.0,17.0,2.0,10.0,-1.8594642877578735,-1.4635776281356812,3.0,-0.7127237319946289,-0.9304815530776978,-14.7,0.0,0.0,0.0,0.0,8.0,16.0,4.0,1.0,13.0,27.0,27.0,27.0,18.0,3.0,0.0
10526,0.0,0.0,0.0,0.0,8.0,16.0,4.0,1.0,13.0,27.0,27.0,27.0,18.0,3.0,2.0,-1.804839015007019,-0.23637032508850098,3.0,-1.2483892440795898,-1.3368409872055054,-29.698749999999997,0.0,0.0,0.0,0.0,9.0,17.0,1.0,1.0,14.0,28.0,28.0,28.0,19.0,4.0,0.0
10527,0.0,0.0,0.0,0.0,9.0,17.0,1.0,1.0,14.0,28.0,28.0,28.0,19.0,4.0,10.0,-1.906023621559143,-0.465059369802475,10.0,-1.7707539796829224,-1.352150797843933,-15.9,0.0,0.0,0.0,0.0,10.0,18.0,2.0,2.0,15.0,29.0,29.0,29.0,20.0,5.0,0.0
10528,0.0,0.0,0.0,0.0,10.0,18.0,2.0,2.0,15.0,29.0,29.0,29.0,20.0,5.0,5.0,-1.9095312356948853,-1.7513303756713867,0.0,-1.0740439891815186,-1.7637196779251099,-32.128750000000004,0.0,0.0,0.0,0.0,1.0,19.0,3.0,3.0,16.0,1.0,30.0,30.0,21.0,6.0,0.0
10529,0.0,0.0,0.0,0.0,1.0,19.0,3.0,3.0,16.0,1.0,30.0,30.0,21.0,6.0,10.0,-1.0372042655944824,-0.030738793313503265,0.0,-1.2162190675735474,1.559079885482788,-14.0,0.0,0.0,0.0,1.559079885482788,1.0,20.0,4.0,4.0,17.0,2.0,31.0,31.0,22.0,7.0,0.0
10530,0.0,0.0,0.0,1.559079885482788,1.0,20.0,4.0,4.0,17.0,2.0,31.0,31.0,22.0,7.0,10.0,-1.9727377891540527,-1.240910530090332,9.0,0.11661471426486969,-1.3444567918777466,-14.9,0.0,0.0,0.11661471426486969,0.2146230936050415,2.0,21.0,5.0,5.0,18.0,3.0,32.0,32.0,23.0,1.0,0.0
10531,0.0,0.0,0.11661471426486969,0.2146230936050415,2.0,21.0,5.0,5.0,18.0,3.0,32.0,32.0,23.0,1.0,4.0,-1.6796597242355347,-1.5837198495864868,3.0,-1.9002234935760498,-1.6450046300888062,-27.94875,0.0,0.0,0.0,0.0,3.0,22.0,6.0,1.0,1.0,4.0,33.0,33.0,24.0,2.0,0.0
10532,0.0,0.0,0.0,0.0,3.0,22.0,6.0,1.0,1.0,4.0,33.0,33.0,24.0,2.0,10.0,-1.8267579078674316,-0.32447221875190735,9.0,1.1277803182601929,-0.5781914591789246,-13.9,0.0,0.0,1.1277803182601929,0.0,4.0,23.0,7.0,2.0,2.0,5.0,34.0,34.0,25.0,1.0,0.0
10533,0.0,0.0,1.1277803182601929,0.0,4.0,23.0,7.0,2.0,2.0,5.0,34.0,34.0,25.0,1.0,10.0,-1.530396819114685,0.330392062664032,0.0,-1.3699946403503418,-1.7031687498092651,-14.7,0.0,0.330392062664032,0.0,0.0,1.0,24.0,8.0,3.0,3.0,6.0,35.0,35.0,26.0,2.0,0.0
10534,0.0,0.330392062664032,0.0,0.0,1.0,24.0,8.0,3.0,3.0,6.0,35.0,35.0,26.0,2.0,10.0,-1.7663683891296387,-1.2394130229949951,3.0,1.369494080543518,0.2901736795902252,-15.3,0.0,0.0,1.369494080543518,0.2901736795902252,2.0,25.0,9.0,1.0,4.0,7.0,36.0,36.0,27.0,3.0,0.0
10535,0.0,0.0,1.369494080543518,0.2901736795902252,2.0,25.0,9.0,1.0,4.0,7.0,36.0,36.0,27.0,3.0,10.0,-1.0955480337142944,1.339998722076416,0.0,-1.2110167741775513,0.15993092954158783,-16.0,0.0,1.339998722076416,0.1584773063659668,0.45010460913181305,1.0,26.0,10.0,2.0,5.0,8.0,37.0,37.0,28.0,4.0,0.0
10536,0.0,1.339998722076416,0.1584773063659668,0.45010460913181305,1.0,26.0,10.0,2.0,5.0,8.0,37.0,37.0,28.0,4.0,2.0,-0.6282485127449036,-0.2330969125032425,0.0,-1.1640263795852661,0.09036588668823242,-28.886683973711847,0.0,1.1069018095731735,0.0,0.5404704958200455,1.0,27.0,1.0,3.0,6.0,9.0,38.0,38.0,29.0,5.0,0.0
10537,0.0,1.1069018095731735,0.0,0.5404704958200455,1.0,27.0,1.0,3.0,6.0,9.0,38.0,38.0,29.0,5.0,10.0,-1.9330817461013794,-1.4761128425598145,9.0,-1.6926684379577637,0.5236223340034485,-16.7,0.0,0.0,0.0,1.064092829823494,2.0,28.0,2.0,4.0,7.0,10.0,39.0,39.0,30.0,1.0,0.0
10538,0.0,0.0,0.0,1.064092829823494,2.0,28.0,2.0,4.0,7.0,10.0,39.0,39.0,30.0,1.0,3.0,-1.754553198814392,-1.0016239881515503,9.0,-0.7568732500076294,-0.9219191670417786,-24.05875,0.0,0.0,0.0,0.1421736627817154,3.0,29.0,3.0,1.0,8.0,11.0,40.0,40.0,31.0,1.0,0.0
10539,0.0,0.0,0.0,0.1421736627817154,3.0,29.0,3.0,1.0,8.0,11.0,40.0,40.0,31.0,1.0,10.0,-1.8648003339767456,-0.30726370215415955,3.0,-1.979913353919983,0.5494256615638733,-17.7,0.0,0.0,0.0,0.6915993243455887,4.0,30.0,4.0,1.0,9.0,12.0,41.0,41.0,32.0,2.0,0.0
10540,0.0,0.0,0.0,0.6915993243455887,4.0,30.0,4.0,1.0,9.0,12.0,41.0,41.0,32.0,2.0,1.0,-1.9144073724746704,1.213890552520752,0.0,-1.9657155275344849,-0.9590200185775757,-26.60638201418878,0.0,1.213890552520752,0.0,0.0,1.0,1.0,5.0,2.0,10.0,13.0,42.0,42.0,33.0,3.0,0.0
10541,0.0,1.213890552520752,0.0,0.0,1.0,1.0,5.0,2.0,10.0,13.0,42.0,42.0,33.0,3.0,10.0,-1.6256933212280273,1.4731959104537964,3.0,-1.8585575819015503,0.6240878105163574,-16.2,0.0,2.6870864629745483,0.0,0.6240878105163574,2.0,2.0,6.0,1.0,11.0,14.0,43.0,43.0,34.0,4.0,0.0
10542,0.0,2.6870864629745483,0.0,0.6240878105163574,2.0,2.0,6.0,1.0,11.0,14.0,43.0,43.0,34.0,4.0,10.0,-1.5721138715744019,-1.6651936769485474,10.0,-1.916892409324646,1.0206849575042725,-17.0,0.0,1.021892786026001,0.0,1.6447727680206299,3.0,3.0,7.0,2.0,12.0,15.0,44.0,44.0,35.0,5.0,0.0
10543,0.0,1.021892786026001,0.0,1.6447727680206299,3.0,3.0,7.0,2.0,12.0,15.0,44.0,44.0,35.0,5.0,10.0,-0.22714278101921082,-1.8751360177993774,10.0,-1.8380526304244995,0.788345992565155,-18.0,0.0,0.0,0.0,2.433118760585785,4.0,4.0,8.0,3.0,13.0,16.0,45.0,45.0,36.0,6.0,0.0
10544,0.0,0.0,0.0,2.433118760585785,4.0,4.0,8.0,3.0,13.0,16.0,45.0,45.0,36.0,6.0,10.0,-1.4334235191345215,-0.68996262550354,0.0,-1.749148964881897,1.3423757553100586,-19.0,0.0,0.0,0.0,3.7754945158958435,1.0,5.0,9.0,4.0,14.0,17.0,46.0,46.0,37.0,7.0,0.0
10545,0.0,0.0,0.0,3.7754945158958435,1.0,5.0,9.0,4.0,14.0,17.0,46.0,46.0,37.0,7.0,9.0,-1.953931212425232,-0.7513866424560547,10.0,-1.5186761617660522,-1.760836124420166,-22.118750000000002,0.0,0.0,0.0,2.0146583914756775,2.0,6.0,10.0,5.0,15.0,18.0,47.0,47.0,38.0,1.0,0.0
10546,0.0,0.0,0.0,2.0146583914756775,2.0,6.0,10.0,5.0,15.0,18.0,47.0,47.0,38.0,1.0,10.0,-1.749100685119629,0.1884479820728302,10.0,-1.952747106552124,-1.5901774168014526,-19.9,0.0,0.1884479820728302,0.0,0.42448097467422485,3.0,7.0,11.0,6.0,16.0,19.0,48.0,48.0,39.0,2.0,0.0
10547,0.0,0.1884479820728302,0.0,0.42448097467422485,3.0,7.0,11.0,6.0,16.0,19.0,48.0,48.0,39.0,2.0,10.0,-0.5189518928527832,0.8256539106369019,10.0,-1.8870511054992676,-1.1255823373794556,-20.9,0.0,1.014101892709732,0.0,0.0,4.0,8.0,12.0,7.0,17.0,20.0,49.0,49.0,40.0,3.0,0.0
10548,0.0,1.014101892709732,0.0,0.0,4.0,8.0,12.0,7.0,17.0,20.0,49.0,49.0,40.0,3.0,2.0,-0.6388359665870667,0.9312887191772461,10.0,-1.988376498222351,1.0800189971923828,-32.56385679029204,0.0,1.9453906118869781,0.0,1.0800189971923828,5.0,9.0,1.0,8.0,18.0,21.0,50.0,50.0,41.0,4.0,0.0
10549,0.0,1.9453906118869781,0.0,1.0800189971923828,5.0,9.0,1.0,8.0,18.0,21.0,50.0,50.0,41.0,4.0,10.0,-1.786512017250061,-1.4647338390350342,10.0,-1.597109317779541,1.0250182151794434,-21.7,0.0,0.48065677285194397,0.0,2.105037212371826,6.0,10.0,2.0,9.0,19.0,22.0,51.0,51.0,42.0,5.0,0.0
10550,0.0,0.48065677285194397,0.0,2.105037212371826,6.0,10.0,2.0,9.0,19.0,22.0,51.0,51.0,42.0,5.0,10.0,-1.9209219217300415,-1.6989153623580933,10.0,-1.936538577079773,1.6181421279907227,-22.7,0.0,0.0,0.0,3.723179340362549,7.0,11.0,3.0,10.0,20.0,23.0,52.0,52.0,43.0,6.0,0.0
10551,0.0,0.0,0.0,3.723179340362549,7.0,11.0,3.0,10.0,20.0,23.0,52.0,52.0,43.0,6.0,4.0,-1.7798008918762207,-0.21681758761405945,3.0,-1.90375816822052,-0.7615418434143066,-36.448750000000004,0.0,0.0,0.0,2.961637496948242,8.0,12.0,4.0,1.0,1.0,24.0,53.0,53.0,44.0,7.0,0.0
10552,0.0,0.0,0.0,2.961637496948242,8.0,12.0,4.0,1.0,1.0,24.0,53.0,53.0,44.0,7.0,10.0,-1.7126169204711914,1.7038551568984985,10.0,-0.9838379621505737,-1.3999847173690796,-21.7,0.0,1.7038551568984985,0.0,1.5616527795791626,9.0,13.0,5.0,2.0,2.0,25.0,54.0,54.0,45.0,8.0,0.0
10553,0.0,1.7038551568984985,0.0,1.5616527795791626,9.0,13.0,5.0,2.0,2.0,25.0,54.0,54.0,45.0,8.0,10.0,-0.9127444624900818,0.3282899856567383,0.0,-1.7607802152633667,0.568845808506012,-22.7,0.0,2.032145142555237,0.0,2.1304985880851746,1.0,14.0,6.0,3.0,3.0,26.0,55.0,55.0,46.0,9.0,0.0
10554,0.0,2.032145142555237,0.0,2.1304985880851746,1.0,14.0,6.0,3.0,3.0,26.0,55.0,55.0,46.0,9.0,9.0,-0.30842816829681396,1.1603543758392334,10.0,-1.5805754661560059,1.7653820514678955,-23.929493690010226,0.0,3.19249951839447,0.0,3.89588063955307,2.0,15.0,7.0,4.0,4.0,27.0,56.0,56.0,47.0,1.0,0.0
10555,0.0,3.19249951839447,0.0,3.89588063955307,2.0,15.0,7.0,4.0,4.0,27.0,56.0,56.0,47.0,1.0,4.0,-1.1770399808883667,-0.38007524609565735,3.0,-1.1669461727142334,1.7084052562713623,-32.51550057248624,0.0,2.812424272298813,0.0,5.604285895824432,3.0,16.0,8.0,1.0,1.0,28.0,57.0,57.0,48.0,2.0,0.0
10556,0.0,2.812424272298813,0.0,5.604285895824432,3.0,16.0,8.0,1.0,1.0,28.0,57.0,57.0,48.0,2.0,10.0,-1.7523802518844604,-0.573443591594696,3.0,0.23217236995697021,-1.2865777015686035,-23.1,0.0,2.238980680704117,0.23217236995697021,4.317708194255829,4.0,17.0,9.0,1.0,2.0,29.0,58.0,58.0,49.0,3.0,0.0
10557,0.0,2.238980680704117,0.23217236995697021,4.317708194255829,4.0,17.0,9.0,1.0,2.0,29.0,58.0,58.0,49.0,3.0,3.0,-0.781555712223053,1.3099157810211182,3.0,0.4553469717502594,0.6038004755973816,-25.659896874510764,0.0,3.548896461725235,0.6875193417072296,4.9215086698532104,5.0,18.0,10.0,1.0,3.0,30.0,59.0,59.0,50.0,4.0,0.0
10558,0.0,3.548896461725235,0.6875193417072296,4.9215086698532104,5.0,18.0,10.0,1.0,3.0,30.0,59.0,59.0,50.0,4.0,10.0,0.6991419792175293,-0.9192720651626587,3.0,0.43242451548576355,0.5693881511688232,-24.9,0.6991419792175293,2.6296243965625763,1.1199438571929932,5.490896821022034,6.0,19.0,11.0,1.0,4.0,31.0,60.0,60.0,51.0,5.0,0.0
10559,0.6991419792175293,2.6296243965625763,1.1199438571929932,5.490896821022034,6.0,19.0,11.0,1.0,4.0,31.0,60.0,60.0,51.0,5.0,10.0,-1.8186910152435303,0.3873909115791321,3.0,-1.6882401704788208,1.1955333948135376,-25.8,0.0,3.0170153081417084,0.0,6.686430215835571,7.0,20.0,12.0,1.0,5.0,32.0,61.0,61.0,52.0,6.0,0.0
10560,0.0,3.0170153081417084,0.0,6.686430215835571,7.0,20.0,12.0,1.0,5.0,32.0,61.0,61.0,52.0,6.0,10.0,-1.718617558479309,-0.9791739583015442,10.0,-1.6230738162994385,-1.555084228515625,-26.7,0.0,2.037841349840164,0.0,5.131345987319946,8.0,21.0,13.0,2.0,6.0,33.0,62.0,62.0,53.0,7.0,0.0
10561,0.0,2.037841349840164,0.0,5.131345987319946,8.0,21.0,13.0,2.0,6.0,33.0,62.0,62.0,53.0,7.0,3.0,-1.5983892679214478,-1.1970182657241821,3.0,-1.837212085723877,-0.9960967898368835,-32.97407392161755,0.0,0.8408230841159821,0.0,4.135249197483063,9.0,22.0,14.0,1.0,7.0,34.0,63.0,63.0,54.0,8.0,0.0
10562,0.0,0.8408230841159821,0.0,4.135249197483063,9.0,22.0,14.0,1.0,7.0,34.0,63.0,63.0,54.0,8.0,10.0,-1.9276950359344482,0.98093581199646,3.0,-1.7321584224700928,-0.6379947066307068,-28.5,0.0,1.821758896112442,0.0,3.497254490852356,10.0,23.0,15.0,1.0,8.0,35.0,64.0,64.0,55.0,9.0,0.0
10563,0.0,1.821758896112442,0.0,3.497254490852356,10.0,23.0,15.0,1.0,8.0,35.0,64.0,64.0,55.0,9.0,5.0,-1.8712444305419922,0.7455783486366272,3.0,-1.7841261625289917,-1.0086956024169922,-41.67101645252168,0.0,2.567337244749069,0.0,2.4885588884353638,11.0,24.0,16.0,1.0,9.0,1.0,65.0,65.0,56.0,10.0,0.0
10564,0.0,2.567337244749069,0.0,2.4885588884353638,11.0,24.0,16.0,1.0,9.0,1.0,65.0,65.0,56.0,10.0,10.0,-1.599941611289978,-0.6690406203269958,10.0,0.31787097454071045,-0.9050727486610413,-26.8,0.0,1.8982966244220734,0.31787097454071045,1.5834861397743225,12.0,25.0,17.0,2.0,10.0,2.0,66.0,66.0,57.0,11.0,0.0
10565,0.0,1.8982966244220734,0.31787097454071045,1.5834861397743225,12.0,25.0,17.0,2.0,10.0,2.0,66.0,66.0,57.0,11.0,10.0,-0.9628865718841553,-0.6547034978866577,0.0,-1.5987403392791748,-1.296452283859253,-27.8,0.0,1.2435931265354156,0.0,0.2870338559150696,1.0,26.0,18.0,3.0,11.0,3.0,67.0,67.0,58.0,12.0,0.0
10566,0.0,1.2435931265354156,0.0,0.2870338559150696,1.0,26.0,18.0,3.0,11.0,3.0,67.0,67.0,58.0,12.0,10.0,-1.8755297660827637,-1.6373711824417114,10.0,-1.556484580039978,-0.4834403097629547,-27.6,0.0,0.0,0.0,0.0,2.0,27.0,19.0,4.0,12.0,4.0,68.0,68.0,59.0,13.0,0.0
10567,0.0,0.0,0.0,0.0,2.0,27.0,19.0,4.0,12.0,4.0,68.0,68.0,59.0,13.0,10.0,-1.6825071573257446,-0.8196101784706116,3.0,-1.7283846139907837,-1.2114436626434326,-28.6,0.0,0.0,0.0,0.0,3.0,28.0,20.0,1.0,13.0,5.0,69.0,69.0,60.0,14.0,0.0
10568,0.0,0.0,0.0,0.0,3.0,28.0,20.0,1.0,13.0,5.0,69.0,69.0,60.0,14.0,10.0,-1.9736599922180176,-1.3955310583114624,3.0,-1.96244215965271,0.8416518568992615,-29.2,0.0,0.0,0.0,0.8416518568992615,4.0,29.0,21.0,1.0,14.0,6.0,70.0,70.0,61.0,15.0,0.0
10569,0.0,0.0,0.0,0.8416518568992615,4.0,29.0,21.0,1.0,14.0,6.0,70.0,70.0,61.0,15.0,10.0,-1.6580102443695068,-1.7348555326461792,0.0,-0.603587806224823,0.9361865520477295,-30.1,0.0,0.0,0.0,1.777838408946991,1.0,30.0,22.0,2.0,15.0,7.0,71.0,71.0,62.0,16.0,0.0
10570,0.0,0.0,0.0,1.777838408946991,1.0,30.0,22.0,2.0,15.0,7.0,71.0,71.0,62.0,16.0,10.0,-0.8590549230575562,-1.6141668558120728,0.0,-1.8859084844589233,-0.9720078706741333,-30.7,0.0,0.0,0.0,0.8058305382728577,1.0,31.0,23.0,3.0,16.0,8.0,72.0,72.0,63.0,17.0,0.0
10571,0.0,0.0,0.0,0.8058305382728577,1.0,31.0,23.0,3.0,16.0,8.0,72.0,72.0,63.0,17.0,10.0,-1.9765766859054565,-1.8749306201934814,10.0,-1.1629284620285034,-0.5853639841079712,-31.6,0.0,0.0,0.0,0.22046655416488647,2.0,32.0,24.0,4.0,17.0,9.0,73.0,73.0,64.0,18.0,0.0
10572,0.0,0.0,0.0,0.22046655416488647,2.0,32.0,24.0,4.0,17.0,9.0,73.0,73.0,64.0,18.0,10.0,-1.910420298576355,-1.2974443435668945,9.0,-1.8564378023147583,0.5287640690803528,-32.6,0.0,0.0,0.0,0.7492306232452393,3.0,33.0,25.0,5.0,18.0,10.0,74.0,74.0,65.0,1.0,0.0
10573,0.0,0.0,0.0,0.7492306232452393,3.0,33.0,25.0,5.0,18.0,10.0,74.0,74.0,65.0,1.0,10.0,-1.2094770669937134,-1.1474050283432007,10.0,-1.377313256263733,1.5827275514602661,-31.8,0.0,0.0,0.0,2.3319581747055054,4.0,34.0,26.0,6.0,19.0,11.0,75.0,75.0,66.0,2.0,0.0
10574,0.0,0.0,0.0,2.3319581747055054,4.0,34.0,26.0,6.0,19.0,11.0,75.0,75.0,66.0,2.0,10.0,-1.0491889715194702,-1.8195521831512451,3.0,-1.8127424716949463,-1.3130264282226562,-32.8,0.0,0.0,0.0,1.0189317464828491,5.0,35.0,27.0,1.0,20.0,12.0,76.0,76.0,67.0,3.0,0.0
10575,0.0,0.0,0.0,1.0189317464828491,5.0,35.0,27.0,1.0,20.0,12.0,76.0,76.0,67.0,3.0,10.0,-1.0713963508605957,-1.3787870407104492,0.0,-1.3502602577209473,1.3630530834197998,-33.2,0.0,0.0,0.0,2.381984829902649,1.0,36.0,28.0,2.0,21.0,13.0,77.0,77.0,68.0,4.0,0.0
10576,0.0,0.0,0.0,2.381984829902649,1.0,36.0,28.0,2.0,21.0,13.0,77.0,77.0,68.0,4.0,10.0,-1.7274320125579834,-1.07083261013031,10.0,-1.7084256410598755,1.0518200397491455,-33.7,0.0,0.0,0.0,3.4338048696517944,2.0,37.0,29.0,3.0,22.0,14.0,78.0,78.0,69.0,5.0,0.0
10577,0.0,0.0,0.0,3.4338048696517944,2.0,37.0,29.0,3.0,22.0,14.0,78.0,78.0,69.0,5.0,1.0,-1.5642839670181274,-1.5906816720962524,0.0,-1.5098854303359985,1.2401520013809204,-43.41875,0.0,0.0,0.0,4.673956871032715,1.0,1.0,30.0,4.0,23.0,15.0,79.0,79.0,70.0,6.0,0.0
10578,0.0,0.0,0.0,4.673956871032715,1.0,1.0,30.0,4.0,23.0,15.0,79.0,79.0,70.0,6.0,2.0,-1.8732398748397827,-1.8964065313339233,10.0,-1.9937613010406494,1.3677183389663696,-46.098749999999995,0.0,0.0,0.0,6.0416752099990845,2.0,2.0,1.0,5.0,24.0,16.0,80.0,80.0,71.0,7.0,0.0
10579,0.0,0.0,0.0,6.0416752099990845,2.0,2.0,1.0,5.0,24.0,16.0,80.0,80.0,71.0,7.0,10.0,-1.9597519636154175,-1.7910901308059692,10.0,-1.9721158742904663,-0.31406253576278687,-29.8,0.0,0.0,0.0,5.727612674236298,3.0,3.0,2.0,6.0,25.0,17.0,81.0,81.0,72.0,8.0,0.0
10580,0.0,0.0,0.0,5.727612674236298,3.0,3.0,2.0,6.0,25.0,17.0,81.0,81.0,72.0,8.0,10.0,-1.991127371788025,-1.9872246980667114,10.0,-1.994158387184143,1.5836318731307983,-30.8,0.0,0.0,0.0,7.311244547367096,4.0,4.0,3.0,7.0,26.0,18.0,82.0,82.0,73.0,9.0,0.0
10581,0.0,0.0,0.0,7.311244547367096,4.0,4.0,3.0,7.0,26.0,18.0,82.0,82.0,73.0,9.0,4.0,-1.9949750900268555,-1.5220820903778076,10.0,-1.99236261844635,-1.0619465112686157,-44.54875,0.0,0.0,0.0,6.24929803609848,5.0,5.0,4.0,8.0,1.0,19.0,83.0,83.0,74.0,10.0,0.0
10582,0.0,0.0,0.0,6.24929803609848,5.0,5.0,4.0,8.0,1.0,19.0,83.0,83.0,74.0,10.0,10.0,-1.881093144416809,-1.676529049873352,3.0,-1.9794440269470215,0.1840190589427948,-30.2,0.0,0.0,0.0,6.433317095041275,6.0,6.0,5.0,1.0,2.0,20.0,84.0,84.0,75.0,11.0,0.0
10583,0.0,0.0,0.0,6.433317095041275,6.0,6.0,5.0,1.0,2.0,20.0,84.0,84.0,75.0,11.0,10.0,-1.9559892416000366,-0.19747082889080048,10.0,-1.9775352478027344,1.0114871263504028,-30.4,0.0,0.0,0.0,7.444804221391678,7.0,7.0,6.0,2.0,3.0,21.0,85.0,85.0,76.0,12.0,0.0
10584,0.0,0.0,0.0,7.444804221391678,7.0,7.0,6.0,2.0,3.0,21.0,85.0,85.0,76.0,12.0,10.0,-1.8809984922409058,-0.47396591305732727,10.0,-1.987561583518982,0.7530516386032104,-31.4,0.0,0.0,0.0,8.197855859994888,8.0,8.0,7.0,3.0,4.0,22.0,86.0,86.0,77.0,13.0,0.0
10585,0.0,0.0,0.0,8.197855859994888,8.0,8.0,7.0,3.0,4.0,22.0,86.0,86.0,77.0,13.0,9.0,-1.9847173690795898,-1.6404781341552734,10.0,-1.9837520122528076,1.5631840229034424,-34.918749999999996,0.0,0.0,0.0,9.76103988289833,9.0,9.0,8.0,4.0,5.0,23.0,87.0,87.0,78.0,1.0,0.0
10586,0.0,0.0,0.0,9.76103988289833,9.0,9.0,8.0,4.0,5.0,23.0,87.0,87.0,78.0,1.0,10.0,-1.904984712600708,-0.10008414089679718,10.0,-1.944290280342102,0.8308391571044922,-32.1,0.0,0.0,0.0,10.0,10.0,10.0,9.0,5.0,6.0,24.0,88.0,88.0,79.0,2.0,0.0
10587,0.0,0.0,0.0,10.0,10.0,10.0,9.0,5.0,6.0,24.0,88.0,88.0,79.0,2.0,10.0,-1.9261667728424072,-1.1861435174942017,10.0,-1.9730150699615479,1.58967924118042,-33.1,0.0,0.0,0.0,10.0,11.0,11.0,10.0,6.0,7.0,25.0,89.0,89.0,80.0,3.0,0.0
10588,0.0,0.0,0.0,10.0,11.0,11.0,10.0,6.0,7.0,25.0,89.0,89.0,80.0,3.0,10.0,-1.8339303731918335,0.5240036845207214,10.0,-1.9555232524871826,1.2462650537490845,-34.1,0.0,0.5240036845207214,0.0,10.0,12.0,12.0,11.0,7.0,8.0,26.0,90.0,90.0,81.0,4.0,0.0
10589,0.0,0.5240036845207214,0.0,10.0,12.0,12.0,11.0,7.0,8.0,26.0,90.0,90.0,81.0,4.0,10.0,-1.7177538871765137,-0.3090721666812897,10.0,-1.930875301361084,0.8874487280845642,-35.1,0.0,0.21493151783943176,0.0,10.0,13.0,13.0,12.0,8.0,9.0,27.0,91.0,91.0,82.0,5.0,0.0
10590,0.0,0.21493151783943176,0.0,10.0,13.0,13.0,12.0,8.0,9.0,27.0,91.0,91.0,82.0,5.0,9.0,-1.7828786373138428,0.36727821826934814,3.0,-1.9679410457611084,0.9902482032775879,-38.129835012825914,0.0,0.5822097361087799,0.0,10.0,14.0,14.0,13.0,1.0,10.0,28.0,92.0,92.0,83.0,1.0,0.0
10591,0.0,0.5822097361087799,0.0,10.0,14.0,14.0,13.0,1.0,10.0,28.0,92.0,92.0,83.0,1.0,10.0,-1.8973925113677979,1.2460241317749023,10.0,-1.9726512432098389,0.6660600304603577,-35.8,0.0,1.8282338678836823,0.0,10.0,15.0,15.0,14.0,2.0,11.0,29.0,93.0,93.0,84.0,2.0,0.0
10592,0.0,1.8282338678836823,0.0,10.0,15.0,15.0,14.0,2.0,11.0,29.0,93.0,93.0,84.0,2.0,10.0,-1.91066575050354,1.7113827466964722,3.0,-1.886795997619629,1.6153985261917114,-36.8,0.0,3.5396166145801544,0.0,10.0,16.0,16.0,15.0,1.0,12.0,30.0,94.0,94.0,85.0,3.0,0.0
10593,0.0,3.5396166145801544,0.0,10.0,16.0,16.0,15.0,1.0,12.0,30.0,94.0,94.0,85.0,3.0,5.0,-1.9784278869628906,0.8890612125396729,3.0,-1.9427077770233154,1.4294008016586304,-49.0043433989098,0.0,4.428677827119827,0.0,10.0,17.0,17.0,16.0,1.0,13.0,1.0,95.0,95.0,86.0,4.0,0.0
10594,0.0,4.428677827119827,0.0,10.0,17.0,17.0,16.0,1.0,13.0,1.0,95.0,95.0,86.0,4.0,10.0,-1.9819748401641846,0.2269449084997177,3.0,-1.9478857517242432,1.2291054725646973,-35.5,0.0,4.655622735619545,0.0,10.0,18.0,18.0,17.0,1.0,14.0,2.0,96.0,96.0,87.0,5.0,0.0
10595,0.0,4.655622735619545,0.0,10.0,18.0,18.0,17.0,1.0,14.0,2.0,96.0,96.0,87.0,5.0,10.0,-1.9903767108917236,0.34102678298950195,0.0,-1.9734866619110107,1.1910799741744995,-36.4,0.0,4.996649518609047,0.0,10.0,1.0,19.0,18.0,2.0,15.0,3.0,97.0,97.0,88.0,6.0,0.0
10596,0.0,4.996649518609047,0.0,10.0,1.0,19.0,18.0,2.0,15.0,3.0,97.0,97.0,88.0,6.0,10.0,-1.9874532222747803,-1.8941007852554321,10.0,-1.954737901687622,1.0673853158950806,-35.6,0.0,3.102548733353615,0.0,10.0,2.0,20.0,19.0,3.0,16.0,4.0,98.0,98.0,89.0,7.0,0.0
10597,0.0,3.102548733353615,0.0,10.0,2.0,20.0,19.0,3.0,16.0,4.0,98.0,98.0,89.0,7.0,10.0,-1.9631569385528564,-0.05158817768096924,10.0,-1.9719282388687134,1.6071451902389526,-36.6,0.0,3.0509605556726456,0.0,10.0,3.0,21.0,20.0,4.0,17.0,5.0,99.0,99.0,90.0,8.0,0.0
10598,0.0,3.0509605556726456,0.0,10.0,3.0,21.0,20.0,4.0,17.0,5.0,99.0,99.0,90.0,8.0,10.0,-1.9912422895431519,-0.7120205163955688,10.0,-1.9664287567138672,1.5547430515289307,-37.6,0.0,2.3389400392770767,0.0,10.0,4.0,22.0,21.0,5.0,18.0,6.0,100.0,100.0,91.0,9.0,0.0
10599,0.0,2.3389400392770767,0.0,10.0,4.0,22.0,21.0,5.0,18.0,6.0,100.0,100.0,91.0,9.0,10.0,-1.9944313764572144,-0.9166001081466675,3.0,-1.971563696861267,0.7790165543556213,-38.4,0.0,1.4223399311304092,0.0,10.0,5.0,23.0,22.0,1.0,19.0,7.0,100.0,100.0,92.0,10.0,1.0
10600,7.288149356842041,3.5238943099975586,4.791392803192139,8.140737533569336,1.0,1.0,1.0,1.0,1.0,1.0,1.0,1.0,1.0,1.0,8.0,-1.9473580121994019,-0.6712858080863953,3.0,-1.96275794506073,-1.992327332496643,-5.781375220788437,5.340791344642639,2.8526085019111633,2.8286348581314087,6.148410201072693,2.0,2.0,2.0,1.0,2.0,2.0,2.0,2.0,1.0,2.0,0.0
10601,5.340791344642639,2.8526085019111633,2.8286348581314087,6.148410201072693,2.0,2.0,2.0,1.0,2.0,2.0,2.0,2.0,1.0,2.0,3.0,-1.9464651346206665,-1.4369384050369263,3.0,-1.6036862134933472,-1.8822487592697144,-7.850397327391637,3.3943262100219727,1.415670096874237,1.2249486446380615,4.2661614418029785,3.0,3.0,3.0,1.0,3.0,3.0,3.0,3.0,2.0,3.0,0.0
10602,3.3943262100219727,1.415670096874237,1.2249486446380615,4.2661614418029785,3.0,3.0,3.0,1.0,3.0,3.0,3.0,3.0,2.0,3.0,3.0,-1.842396855354309,-1.5738593339920044,3.0,-1.304909586906433,-1.8392469882965088,-10.450967031944298,1.5519293546676636,0.0,0.0,2.4269144535064697,4.0,4.0,4.0,1.0,4.0,4.0,4.0,4.0,3.0,4.0,0.0
10603,1.5519293546676636,0.0,0.0,2.4269144535064697,4.0,4.0,4.0,1.0,4.0,4.0,4.0,4.0,3.0,4.0,6.0,-1.9152400493621826,1.5308910608291626,8.0,-1.848800539970398,-1.558714509010315,-18.787436024362588,0.0,1.5308910608291626,0.0,0.8681999444961548,5.0,5.0,5.0,2.0,5.0,5.0,1.0,5.0,1.0,5.0,0.0
10604,0.0,1.5308910608291626,0.0,0.8681999444961548,5.0,5.0,5.0,2.0,5.0,5.0,1.0,5.0,1.0,5.0,3.0,-1.4864662885665894,-1.663495659828186,3.0,-1.3630033731460571,-1.4925392866134644,-11.75875,0.0,0.0,0.0,0.0,6.0,6.0,6.0,1.0,6.0,6.0,2.0,6.0,2.0,6.0,0.0
10605,0.0,0.0,0.0,0.0,6.0,6.0,6.0,1.0,6.0,6.0,2.0,6.0,2.0,6.0,3.0,-1.7878994941711426,-1.5510756969451904,1.0,-0.4051702916622162,-0.1151726171374321,-12.55875,0.0,0.0,0.0,0.0,7.0,1.0,7.0,1.0,7.0,7.0,3.0,7.0,3.0,7.0,0.0
10606,0.0,0.0,0.0,0.0,7.0,1.0,7.0,1.0,7.0,7.0,3.0,7.0,3.0,7.0,10.0,-1.9398870468139648,-1.8502740859985352,0.0,-1.273842692375183,-1.6512866020202637,-6.0,0.0,0.0,0.0,0.0,1.0,2.0,8.0,2.0,8.0,8.0,4.0,8.0,4.0,8.0,0.0
10607,0.0,0.0,0.0,0.0,1.0,2.0,8.0,2.0,8.0,8.0,4.0,8.0,4.0,8.0,3.0,-1.9862914085388184,-1.696146011352539,10.0,-1.6060187816619873,-1.748798131942749,-13.15875,0.0,0.0,0.0,0.0,2.0,3.0,9.0,1.0,9.0,9.0,5.0,9.0,5.0,9.0,0.0
10608,0.0,0.0,0.0,0.0,2.0,3.0,9.0,1.0,9.0,9.0,5.0,9.0,5.0,9.0,9.0,-1.9476510286331177,-0.5249666571617126,0.0,-1.8592934608459473,-1.8698655366897583,-9.618749999999999,0.0,0.0,0.0,0.0,1.0,4.0,10.0,2.0,10.0,10.0,6.0,10.0,6.0,1.0,0.0
10609,0.0,0.0,0.0,0.0,1.0,4.0,10.0,2.0,10.0,10.0,6.0,10.0,6.0,1.0,2.0,-1.9408985376358032,-1.745283603668213,3.0,-0.4214904010295868,-1.5205022096633911,-21.29875,0.0,0.0,0.0,0.0,2.0,5.0,1.0,1.0,11.0,11.0,7.0,11.0,7.0,2.0,0.0
10610,0.0,0.0,0.0,0.0,2.0,5.0,1.0,1.0,11.0,11.0,7.0,11.0,7.0,2.0,9.0,-1.7286350727081299,-0.4144041836261749,3.0,-1.615867257118225,-1.0479466915130615,-9.31875,0.0,0.0,0.0,0.0,3.0,6.0,2.0,1.0,12.0,12.0,8.0,12.0,8.0,1.0,0.0
10611,0.0,0.0,0.0,0.0,3.0,6.0,2.0,1.0,12.0,12.0,8.0,12.0,8.0,1.0,3.0,-1.8793679475784302,-1.8493924140930176,10.0,-1.7290393114089966,-1.5808788537979126,-14.35875,0.0,0.0,0.0,0.0,4.0,7.0,3.0,1.0,13.0,13.0,9.0,13.0,9.0,2.0,0.0
10612,0.0,0.0,0.0,0.0,4.0,7.0,3.0,1.0,13.0,13.0,9.0,13.0,9.0,2.0,10.0,-1.5245351791381836,-1.9165867567062378,8.0,-1.9551646709442139,-0.3204604983329773,-8.4,0.0,0.0,0.0,0.0,5.0,8.0,4.0,2.0,14.0,14.0,10.0,14.0,1.0,3.0,0.0
10613,0.0,0.0,0.0,0.0,5.0,8.0,4.0,2.0,14.0,14.0,10.0,14.0,1.0,3.0,10.0,-1.8885431289672852,-1.9354885816574097,3.0,-1.934184193611145,-1.7609620094299316,-8.5,0.0,0.0,0.0,0.0,6.0,9.0,5.0,1.0,15.0,15.0,11.0,15.0,2.0,4.0,0.0
10614,0.0,0.0,0.0,0.0,6.0,9.0,5.0,1.0,15.0,15.0,11.0,15.0,2.0,4.0,8.0,-1.8707791566848755,0.07422922551631927,9.0,-0.7114734053611755,-1.2674739360809326,-20.482021097252275,0.0,0.07422922551631927,0.0,0.0,7.0,10.0,6.0,2.0,16.0,16.0,12.0,16.0,1.0,1.0,0.0
10615,0.0,0.07422922551631927,0.0,0.0,7.0,10.0,6.0,2.0,16.0,16.0,12.0,16.0,1.0,1.0,3.0,-1.8486571311950684,-0.8912377953529358,1.0,-1.860226035118103,-1.9016488790512085,-16.55875,0.0,0.0,0.0,0.0,8.0,1.0,7.0,1.0,17.0,17.0,13.0,17.0,2.0,2.0,0.0
10616,0.0,0.0,0.0,0.0,8.0,1.0,7.0,1.0,17.0,17.0,13.0,17.0,2.0,2.0,2.0,-1.9829422235488892,-1.1497286558151245,3.0,-1.5326224565505981,-1.3496800661087036,-23.79875,0.0,0.0,0.0,0.0,9.0,2.0,1.0,1.0,18.0,18.0,14.0,18.0,3.0,3.0,0.0
10617,0.0,0.0,0.0,0.0,9.0,2.0,1.0,1.0,18.0,18.0,14.0,18.0,3.0,3.0,9.0,-1.9347554445266724,-1.337664008140564,10.0,-1.1874620914459229,-1.6131418943405151,-12.218749999999998,0.0,0.0,0.0,0.0,10.0,3.0,2.0,2.0,19.0,19.0,15.0,19.0,4.0,1.0,0.0
10618,0.0,0.0,0.0,0.0,10.0,3.0,2.0,2.0,19.0,19.0,15.0,19.0,4.0,1.0,3.0,-1.9323241710662842,0.7599121928215027,10.0,-1.4721343517303467,-0.8350040316581726,-15.817034245288482,0.0,0.7599121928215027,0.0,0.0,11.0,4.0,3.0,1.0,20.0,20.0,16.0,20.0,5.0,2.0,0.0
10619,0.0,0.7599121928215027,0.0,0.0,11.0,4.0,3.0,1.0,20.0,20.0,16.0,20.0,5.0,2.0,9.0,-1.8966466188430786,-1.7230780124664307,10.0,-1.975374460220337,-1.9699594974517822,-13.718749999999998,0.0,0.0,0.0,0.0,12.0,5.0,4.0,2.0,21.0,21.0,17.0,21.0,6.0,1.0,0.0
10620,0.0,0.0,0.0,0.0,12.0,5.0,4.0,2.0,21.0,21.0,17.0,21.0,6.0,1.0,10.0,-1.853428602218628,-1.255501627922058,10.0,-1.1903655529022217,-1.4287387132644653,-12.0,0.0,0.0,0.0,0.0,13.0,6.0,5.0,3.0,22.0,22.0,18.0,22.0,7.0,2.0,0.0
10621,0.0,0.0,0.0,0.0,13.0,6.0,5.0,3.0,22.0,22.0,18.0,22.0,7.0,2.0,4.0,-1.8447238206863403,-1.6405701637268066,0.0,-1.5494956970214844,-1.6949981451034546,-25.74875,0.0,0.0,0.0,0.0,1.0,7.0,6.0,4.0,1.0,23.0,19.0,23.0,8.0,3.0,0.0
10622,0.0,0.0,0.0,0.0,1.0,7.0,6.0,4.0,1.0,23.0,19.0,23.0,8.0,3.0,1.0,-1.3137929439544678,-0.6205708384513855,9.0,-1.4620107412338257,-1.5833700895309448,-19.21875,0.0,0.0,0.0,0.0,2.0,1.0,7.0,5.0,2.0,24.0,20.0,24.0,9.0,1.0,0.0
10623,0.0,0.0,0.0,0.0,2.0,1.0,7.0,5.0,2.0,24.0,20.0,24.0,9.0,1.0,9.0,-1.401815414428711,-1.8438442945480347,10.0,-1.907753348350525,-0.6800190210342407,-13.018749999999999,0.0,0.0,0.0,0.0,3.0,2.0,8.0,6.0,3.0,25.0,21.0,25.0,10.0,1.0,0.0
10624,0.0,0.0,0.0,0.0,3.0,2.0,8.0,6.0,3.0,25.0,21.0,25.0,10.0,1.0,9.0,-1.2995200157165527,-0.35520464181900024,0.0,-0.6086113452911377,-1.5580576658248901,-13.91875,0.0,0.0,0.0,0.0,1.0,3.0,9.0,7.0,4.0,26.0,22.0,26.0,11.0,1.0,0.0
10625,0.0,0.0,0.0,0.0,1.0,3.0,9.0,7.0,4.0,26.0,22.0,26.0,11.0,1.0,3.0,-1.5592304468154907,-1.3848124742507935,9.0,-1.7484947443008423,0.16102634370326996,-18.85875,0.0,0.0,0.0,0.16102634370326996,2.0,4.0,10.0,1.0,5.0,27.0,23.0,27.0,12.0,1.0,0.0
10626,0.0,0.0,0.0,0.16102634370326996,2.0,4.0,10.0,1.0,5.0,27.0,23.0,27.0,12.0,1.0,9.0,-1.7640053033828735,-1.1323212385177612,0.0,-1.7741543054580688,-0.8335937857627869,-14.718749999999998,0.0,0.0,0.0,0.0,1.0,5.0,11.0,2.0,6.0,28.0,24.0,28.0,13.0,1.0,0.0
10627,0.0,0.0,0.0,0.0,1.0,5.0,11.0,2.0,6.0,28.0,24.0,28.0,13.0,1.0,9.0,-1.858052134513855,-0.8583056330680847,10.0,-1.887568712234497,-1.3526116609573364,-15.41875,0.0,0.0,0.0,0.0,2.0,6.0,12.0,3.0,7.0,29.0,25.0,29.0,14.0,1.0,0.0
10628,0.0,0.0,0.0,0.0,2.0,6.0,12.0,3.0,7.0,29.0,25.0,29.0,14.0,1.0,8.0,-1.856210470199585,1.0807782411575317,10.0,-1.959915280342102,-1.2521414756774902,-22.821993238325472,0.0,1.0807782411575317,0.0,0.0,3.0,7.0,13.0,4.0,8.0,30.0,26.0,30.0,1.0,2.0,0.0
10629,0.0,1.0807782411575317,0.0,0.0,3.0,7.0,13.0,4.0,8.0,30.0,26.0,30.0,1.0,2.0,2.0,-1.8373794555664062,0.4415207505226135,10.0,-1.709694266319275,-1.3902894258499146,-24.754557292164996,0.0,1.5222989916801453,0.0,0.0,4.0,8.0,1.0,5.0,9.0,31.0,27.0,31.0,2.0,3.0,0.0
10630,0.0,1.5222989916801453,0.0,0.0,4.0,8.0,1.0,5.0,9.0,31.0,27.0,31.0,2.0,3.0,10.0,-1.4245296716690063,-1.1487908363342285,10.0,-1.8954883813858032,-1.790723204612732,-13.1,0.0,0.37350815534591675,0.0,0.0,5.0,9.0,2.0,6.0,10.0,32.0,28.0,32.0,3.0,4.0,0.0
10631,0.0,0.37350815534591675,0.0,0.0,5.0,9.0,2.0,6.0,10.0,32.0,28.0,32.0,3.0,4.0,9.0,-1.798101782798767,0.11188463121652603,10.0,-1.8192031383514404,-1.5520734786987305,-16.20385366287019,0.0,0.4853927865624428,0.0,0.0,6.0,10.0,3.0,7.0,11.0,33.0,29.0,33.0,4.0,1.0,0.0
10632,0.0,0.4853927865624428,0.0,0.0,6.0,10.0,3.0,7.0,11.0,33.0,29.0,33.0,4.0,1.0,3.0,-0.8429545164108276,1.6158863306045532,10.0,-1.9429712295532227,-1.8927348852157593,-18.00905553778603,0.0,2.101279117166996,0.0,0.0,7.0,11.0,4.0,1.0,12.0,34.0,30.0,34.0,5.0,2.0,0.0
10633,0.0,2.101279117166996,0.0,0.0,7.0,11.0,4.0,1.0,12.0,34.0,30.0,34.0,5.0,2.0,3.0,-1.746238350868225,-1.5630812644958496,10.0,-1.9654860496520996,-1.7279646396636963,-20.81917815080371,0.0,0.5381978526711464,0.0,0.0,8.0,12.0,5.0,1.0,13.0,35.0,31.0,35.0,6.0,3.0,0.0
10634,0.0,0.5381978526711464,0.0,0.0,8.0,12.0,5.0,1.0,13.0,35.0,31.0,35.0,6.0,3.0,9.0,-1.935622215270996,0.6044940948486328,10.0,-1.5544027090072632,-1.3804033994674683,-17.55843694628022,0.0,1.1426919475197792,0.0,0.0,9.0,13.0,6.0,2.0,14.0,36.0,32.0,36.0,7.0,1.0,0.0
10635,0.0,1.1426919475197792,0.0,0.0,9.0,13.0,6.0,2.0,14.0,36.0,32.0,36.0,7.0,1.0,9.0,-1.5888158082962036,-1.2973359823226929,10.0,-1.7436017990112305,-1.7328144311904907,-19.118750000000002,0.0,0.0,0.0,0.0,10.0,14.0,7.0,3.0,15.0,37.0,33.0,37.0,8.0,1.0,0.0
10636,0.0,0.0,0.0,0.0,10.0,14.0,7.0,3.0,15.0,37.0,33.0,37.0,8.0,1.0,10.0,-1.9015294313430786,1.7044320106506348,10.0,-1.9498987197875977,-1.678455114364624,-17.5,0.0,1.7044320106506348,0.0,0.0,11.0,15.0,8.0,4.0,16.0,38.0,34.0,38.0,9.0,2.0,0.0
10637,0.0,1.7044320106506348,0.0,0.0,11.0,15.0,8.0,4.0,16.0,38.0,34.0,38.0,9.0,2.0,9.0,-1.872918963432312,-0.4434751868247986,10.0,-1.813473105430603,-1.9236632585525513,-20.092512031132678,0.0,1.2609568238258362,0.0,0.0,12.0,16.0,9.0,5.0,17.0,39.0,35.0,39.0,10.0,1.0,0.0
10638,0.0,1.2609568238258362,0.0,0.0,12.0,16.0,9.0,5.0,17.0,39.0,35.0,39.0,10.0,1.0,3.0,-1.5794765949249268,-1.5482207536697388,10.0,-1.0485326051712036,-1.8361269235610962,-26.15875,0.0,0.0,0.0,0.0,13.0,17.0,10.0,1.0,18.0,40.0,36.0,40.0,11.0,2.0,0.0
10639,0.0,0.0,0.0,0.0,13.0,17.0,10.0,1.0,18.0,40.0,36.0,40.0,11.0,2.0,9.0,-1.058651328086853,-0.9833450317382812,10.0,-1.9968847036361694,-1.8286505937576294,-22.31875,0.0,0.0,0.0,0.0,14.0,18.0,11.0,2.0,19.0,41.0,37.0,41.0,12.0,1.0,0.0
10640,0.0,0.0,0.0,0.0,14.0,18.0,11.0,2.0,19.0,41.0,37.0,41.0,12.0,1.0,10.0,-1.8905844688415527,-0.9058797359466553,10.0,-1.601927638053894,-1.55736243724823,-20.6,0.0,0.0,0.0,0.0,15.0,19.0,12.0,3.0,20.0,42.0,38.0,42.0,13.0,2.0,0.0
10641,0.0,0.0,0.0,0.0,15.0,19.0,12.0,3.0,20.0,42.0,38.0,42.0,13.0,2.0,10.0,-1.387341856956482,-0.5743935108184814,10.0,-1.6937793493270874,-1.343732237815857,-21.6,0.0,0.0,0.0,0.0,16.0,20.0,13.0,4.0,21.0,43.0,39.0,43.0,14.0,3.0,0.0
10642,0.0,0.0,0.0,0.0,16.0,20.0,13.0,4.0,21.0,43.0,39.0,43.0,14.0,3.0,3.0,-1.8456506729125977,-1.238033652305603,0.0,-1.8942956924438477,-1.8563382625579834,-29.458750000000002,0.0,0.0,0.0,0.0,1.0,21.0,14.0,1.0,22.0,44.0,40.0,44.0,15.0,4.0,0.0
10643,0.0,0.0,0.0,0.0,1.0,21.0,14.0,1.0,22.0,44.0,40.0,44.0,15.0,4.0,10.0,-0.878792405128479,1.2529274225234985,10.0,-1.9440257549285889,-1.7851858139038086,-21.6,0.0,1.2529274225234985,0.0,0.0,2.0,22.0,15.0,2.0,23.0,45.0,41.0,45.0,16.0,5.0,0.0
10644,0.0,1.2529274225234985,0.0,0.0,2.0,22.0,15.0,2.0,23.0,45.0,41.0,45.0,16.0,5.0,10.0,-1.501047968864441,-1.9013702869415283,10.0,-1.9496618509292603,-1.7354750633239746,-22.6,0.0,0.0,0.0,0.0,3.0,23.0,16.0,3.0,24.0,46.0,42.0,46.0,17.0,6.0,0.0
10645,0.0,0.0,0.0,0.0,3.0,23.0,16.0,3.0,24.0,46.0,42.0,46.0,17.0,6.0,10.0,-1.7890264987945557,-1.2770991325378418,10.0,-1.9817520380020142,-1.6211698055267334,-23.6,0.0,0.0,0.0,0.0,4.0,24.0,17.0,4.0,25.0,47.0,43.0,47.0,18.0,7.0,0.0
10646,0.0,0.0,0.0,0.0,4.0,24.0,17.0,4.0,25.0,47.0,43.0,47.0,18.0,7.0,5.0,-1.960269570350647,-1.1627541780471802,10.0,-1.8870046138763428,-1.1300443410873413,-39.82875000000001,0.0,0.0,0.0,0.0,5.0,25.0,18.0,5.0,26.0,1.0,44.0,48.0,19.0,8.0,0.0
10647,0.0,0.0,0.0,0.0,5.0,25.0,18.0,5.0,26.0,1.0,44.0,48.0,19.0,8.0,4.0,-1.5411078929901123,-0.5560004115104675,3.0,-1.9274334907531738,1.2942302227020264,-33.64875,0.0,0.0,0.0,1.2942302227020264,6.0,26.0,19.0,1.0,1.0,2.0,45.0,49.0,20.0,9.0,0.0
10648,0.0,0.0,0.0,1.2942302227020264,6.0,26.0,19.0,1.0,1.0,2.0,45.0,49.0,20.0,9.0,10.0,-1.1236484050750732,0.9277439713478088,0.0,-1.8470371961593628,-1.120566725730896,-18.8,0.0,0.9277439713478088,0.0,0.17366349697113037,1.0,27.0,20.0,2.0,2.0,3.0,46.0,50.0,21.0,10.0,0.0
10649,0.0,0.9277439713478088,0.0,0.17366349697113037,1.0,27.0,20.0,2.0,2.0,3.0,46.0,50.0,21.0,10.0,9.0,-0.16413265466690063,1.9186229705810547,3.0,-1.5693098306655884,-0.30999693274497986,-20.327408483062506,0.0,2.8463669419288635,0.0,0.0,2.0,28.0,21.0,1.0,3.0,4.0,47.0,51.0,22.0,1.0,0.0
10650,0.0,2.8463669419288635,0.0,0.0,2.0,28.0,21.0,1.0,3.0,4.0,47.0,51.0,22.0,1.0,10.0,0.09832210093736649,-0.7481798529624939,10.0,-1.480715036392212,-1.887427806854248,-19.0,0.09832210093736649,2.0981870889663696,0.0,0.0,3.0,29.0,22.0,2.0,4.0,5.0,48.0,52.0,23.0,2.0,0.0
10651,0.09832210093736649,2.0981870889663696,0.0,0.0,3.0,29.0,22.0,2.0,4.0,5.0,48.0,52.0,23.0,2.0,3.0,-0.7758224010467529,1.3693926334381104,9.0,-1.4816710948944092,-1.812157392501831,-21.735313774695737,0.0,3.46757972240448,0.0,0.0,4.0,30.0,23.0,1.0,5.0,6.0,49.0,53.0,24.0,1.0,0.0
10652,0.0,3.46757972240448,0.0,0.0,4.0,30.0,23.0,1.0,5.0,6.0,49.0,53.0,24.0,1.0,10.0,-1.7839820384979248,0.8317934274673462,10.0,-1.013493299484253,-1.7489770650863647,-20.6,0.0,4.299373149871826,0.0,0.0,5.0,31.0,24.0,2.0,6.0,7.0,50.0,54.0,25.0,2.0,0.0
10653,0.0,4.299373149871826,0.0,0.0,5.0,31.0,24.0,2.0,6.0,7.0,50.0,54.0,25.0,2.0,10.0,-1.0661633014678955,1.1119613647460938,10.0,-0.3264756202697754,-1.931005835533142,-21.6,0.0,5.41133451461792,0.0,0.0,6.0,32.0,25.0,3.0,7.0,8.0,51.0,55.0,26.0,3.0,0.0
10654,0.0,5.41133451461792,0.0,0.0,6.0,32.0,25.0,3.0,7.0,8.0,51.0,55.0,26.0,3.0,10.0,-0.14004139602184296,0.5564978718757629,10.0,-1.3166676759719849,-1.6435401439666748,-22.6,0.0,5.967832386493683,0.0,0.0,7.0,33.0,26.0,4.0,8.0,9.0,52.0,56.0,27.0,4.0,0.0
10655,0.0,5.967832386493683,0.0,0.0,7.0,33.0,26.0,4.0,8.0,9.0,52.0,56.0,27.0,4.0,2.0,-1.8937842845916748,-0.9797475934028625,3.0,-1.3845465183258057,-0.613221287727356,-30.931159433967824,0.0,4.98808479309082,0.0,0.0,8.0,34.0,1.0,1.0,9.0,10.0,53.0,57.0,28.0,5.0,0.0
10656,0.0,4.98808479309082,0.0,0.0,8.0,34.0,1.0,1.0,9.0,10.0,53.0,57.0,28.0,5.0,10.0,-1.8451036214828491,0.06336585432291031,10.0,0.3301374316215515,-1.8278011083602905,-21.6,0.0,5.051450647413731,0.3301374316215515,0.0,9.0,35.0,2.0,2.0,10.0,11.0,54.0,58.0,29.0,6.0,0.0
10657,0.0,5.051450647413731,0.3301374316215515,0.0,9.0,35.0,2.0,2.0,10.0,11.0,54.0,58.0,29.0,6.0,10.0,-1.3816231489181519,1.7508604526519775,3.0,-1.578230857849121,-1.1373443603515625,-22.6,0.0,6.802311100065708,0.0,0.0,10.0,36.0,3.0,1.0,11.0,12.0,55.0,59.0,30.0,7.0,0.0
10658,0.0,6.802311100065708,0.0,0.0,10.0,36.0,3.0,1.0,11.0,12.0,55.0,59.0,30.0,7.0,4.0,-1.9892138242721558,0.7129774689674377,3.0,1.7445191144943237,-1.7817132472991943,-33.25438487075386,0.0,7.515288569033146,1.7445191144943237,0.0,11.0,37.0,4.0,1.0,1.0,13.0,56.0,60.0,31.0,8.0,0.0
10659,0.0,7.515288569033146,1.7445191144943237,0.0,11.0,37.0,4.0,1.0,1.0,13.0,56.0,60.0,31.0,8.0,10.0,-0.40634748339653015,-0.7718899250030518,3.0,-1.4884542226791382,-1.4700250625610352,-23.2,0.0,6.743398644030094,0.25606489181518555,0.0,12.0,38.0,5.0,1.0,2.0,14.0,57.0,61.0,32.0,9.0,0.0
10660,0.0,6.743398644030094,0.25606489181518555,0.0,12.0,38.0,5.0,1.0,2.0,14.0,57.0,61.0,32.0,9.0,10.0,-0.7507532835006714,1.3940571546554565,3.0,-1.507030725479126,-1.7234320640563965,-24.1,0.0,8.13745579868555,0.0,0.0,13.0,39.0,6.0,1.0,3.0,15.0,58.0,62.0,33.0,10.0,0.0
10661,0.0,8.13745579868555,0.0,0.0,13.0,39.0,6.0,1.0,3.0,15.0,58.0,62.0,33.0,10.0,10.0,-1.931269645690918,0.545049250125885,9.0,-1.4255415201187134,-0.24524648487567902,-25.0,0.0,8.682505048811436,0.0,0.0,14.0,40.0,7.0,2.0,4.0,16.0,59.0,63.0,34.0,1.0,0.0
10662,0.0,8.682505048811436,0.0,0.0,14.0,40.0,7.0,2.0,4.0,16.0,59.0,63.0,34.0,1.0,3.0,-1.9188090562820435,1.0256249904632568,3.0,-1.9550056457519531,-1.8351542949676514,-26.90527524407898,0.0,9.708130039274693,0.0,0.0,15.0,41.0,8.0,1.0,5.0,17.0,60.0,64.0,35.0,2.0,0.0
10663,0.0,9.708130039274693,0.0,0.0,15.0,41.0,8.0,1.0,5.0,17.0,60.0,64.0,35.0,2.0,10.0,-1.9057087898254395,-0.9698846340179443,10.0,0.784307062625885,-1.2280505895614624,-25.8,0.0,8.738245405256748,0.784307062625885,0.0,16.0,42.0,9.0,2.0,6.0,18.0,61.0,65.0,36.0,3.0,0.0
10664,0.0,8.738245405256748,0.784307062625885,0.0,16.0,42.0,9.0,2.0,6.0,18.0,61.0,65.0,36.0,3.0,10.0,-1.905027985572815,1.7315961122512817,3.0,0.933157205581665,-0.42985501885414124,-26.8,0.0,10.0,1.71746426820755,0.0,17.0,43.0,10.0,1.0,7.0,19.0,62.0,66.0,37.0,4.0,0.0
10665,0.0,10.0,1.71746426820755,0.0,17.0,43.0,10.0,1.0,7.0,19.0,62.0,66.0,37.0,4.0,3.0,-1.9871101379394531,-1.4677252769470215,0.0,1.16456937789917,-1.7608920335769653,-28.550171785243812,0.0,8.532274723052979,2.88203364610672,0.0,1.0,44.0,11.0,1.0,8.0,20.0,63.0,67.0,38.0,5.0,0.0
10666,0.0,8.532274723052979,2.88203364610672,0.0,1.0,44.0,11.0,1.0,8.0,20.0,63.0,67.0,38.0,5.0,8.0,-1.96920907497406,-1.75603187084198,3.0,-0.43831080198287964,-1.7728618383407593,-29.51619278339123,0.0,6.7762428522109985,2.4437228441238403,0.0,2.0,45.0,12.0,1.0,9.0,21.0,64.0,68.0,1.0,6.0,0.0
10667,0.0,6.7762428522109985,2.4437228441238403,0.0,2.0,45.0,12.0,1.0,9.0,21.0,64.0,68.0,1.0,6.0,10.0,-1.9496779441833496,1.6840853691101074,10.0,-1.9677051305770874,-1.9798846244812012,-23.9,0.0,8.460328221321106,0.47601771354675293,0.0,3.0,46.0,13.0,2.0,10.0,22.0,65.0,69.0,2.0,7.0,0.0
10668,0.0,8.460328221321106,0.47601771354675293,0.0,3.0,46.0,13.0,2.0,10.0,22.0,65.0,69.0,2.0,7.0,10.0,-1.884922742843628,1.492519497871399,10.0,-1.947972297668457,-1.9938383102416992,-24.9,0.0,9.952847719192505,0.0,0.0,4.0,47.0,14.0,3.0,11.0,23.0,66.0,70.0,3.0,8.0,0.0
10669,0.0,9.952847719192505,0.0,0.0,4.0,47.0,14.0,3.0,11.0,23.0,66.0,70.0,3.0,8.0,3.0,-1.7119545936584473,1.3769495487213135,10.0,-1.9818013906478882,-1.9642016887664795,-28.108749999999997,0.0,10.0,0.0,0.0,5.0,48.0,15.0,1.0,12.0,24.0,67.0,71.0,4.0,9.0,0.0
10670,0.0,10.0,0.0,0.0,5.0,48.0,15.0,1.0,12.0,24.0,67.0,71.0,4.0,9.0,3.0,-1.952127456665039,0.14371639490127563,10.0,-1.60341477394104,-1.9230155944824219,-28.80875,0.0,10.0,0.0,0.0,6.0,49.0,16.0,1.0,13.0,25.0,68.0,72.0,5.0,10.0,0.0
10671,0.0,10.0,0.0,0.0,6.0,49.0,16.0,1.0,13.0,25.0,68.0,72.0,5.0,10.0,10.0,-1.892559289932251,0.23755282163619995,0.0,-1.7580928802490234,-1.9714350700378418,-27.5,0.0,10.0,0.0,0.0,1.0,50.0,17.0,2.0,14.0,26.0,69.0,73.0,6.0,11.0,0.0
10672,0.0,10.0,0.0,0.0,1.0,50.0,17.0,2.0,14.0,26.0,69.0,73.0,6.0,11.0,3.0,-1.657409906387329,0.23959970474243164,10.0,-0.8084388375282288,-1.9545954465866089,-30.108749999999997,0.0,10.0,0.0,0.0,2.0,51.0,18.0,1.0,15.0,27.0,70.0,74.0,7.0,12.0,0.0
10673,0.0,10.0,0.0,0.0,2.0,51.0,18.0,1.0,15.0,27.0,70.0,74.0,7.0,12.0,10.0,-1.8057664632797241,-1.247402310371399,10.0,-1.570515751838684,-1.9693806171417236,-28.7,0.0,8.752597689628601,0.0,0.0,3.0,52.0,19.0,2.0,16.0,28.0,71.0,75.0,8.0,13.0,0.0
10674,0.0,8.752597689628601,0.0,0.0,3.0,52.0,19.0,2.0,16.0,28.0,71.0,75.0,8.0,13.0,10.0,-1.3826950788497925,-1.1954402923583984,10.0,-1.824824333190918,-1.8972667455673218,-29.7,0.0,7.557157397270203,0.0,0.0,4.0,53.0,20.0,3.0,17.0,29.0,72.0,76.0,9.0,14.0,0.0
10675,0.0,7.557157397270203,0.0,0.0,4.0,53.0,20.0,3.0,17.0,29.0,72.0,76.0,9.0,14.0,10.0,-1.9704710245132446,-0.9219373464584351,10.0,-1.9041955471038818,-1.9901177883148193,-30.7,0.0,6.635220050811768,0.0,0.0,5.0,54.0,21.0,4.0,18.0,30.0,73.0,77.0,10.0,15.0,0.0
10676,0.0,6.635220050811768,0.0,0.0,5.0,54.0,21.0,4.0,18.0,30.0,73.0,77.0,10.0,15.0,10.0,-1.9954545497894287,-0.03561379387974739,9.0,-1.9459673166275024,-1.9879381656646729,-31.7,0.0,6.59960625693202,0.0,0.0,6.0,55.0,22.0,5.0,19.0,31.0,74.0,78.0,11.0,1.0,0.0
10677,0.0,6.59960625693202,0.0,0.0,6.0,55.0,22.0,5.0,19.0,31.0,74.0,78.0,11.0,1.0,3.0,-1.9030237197875977,0.7177973389625549,10.0,-0.6346147656440735,-1.9058294296264648,-31.613563038980114,0.0,7.317403595894575,0.0,0.0,7.0,56.0,23.0,1.0,20.0,32.0,75.0,79.0,12.0,2.0,0.0
10678,0.0,7.317403595894575,0.0,0.0,7.0,56.0,23.0,1.0,20.0,32.0,75.0,79.0,12.0,2.0,10.0,-1.697721242904663,-1.0078836679458618,10.0,-1.5075572729110718,-1.9801925420761108,-31.7,0.0,6.309519927948713,0.0,0.0,8.0,57.0,24.0,2.0,21.0,33.0,76.0,80.0,13.0,3.0,0.0
10679,0.0,6.309519927948713,0.0,0.0,8.0,57.0,24.0,2.0,21.0,33.0,76.0,80.0,13.0,3.0,10.0,-1.7296698093414307,-0.5345058441162109,10.0,-1.7041175365447998,-1.9785646200180054,-32.7,0.0,5.775014083832502,0.0,0.0,9.0,58.0,25.0,3.0,22.0,34.0,77.0,81.0,14.0,4.0,0.0
10680,0.0,5.775014083832502,0.0,0.0,9.0,58.0,25.0,3.0,22.0,34.0,77.0,81.0,14.0,4.0,3.0,-1.9127041101455688,1.3465124368667603,10.0,-1.6901830434799194,-1.9053598642349243,-34.06987575846954,0.0,7.121526520699263,0.0,0.0,10.0,59.0,26.0,1.0,23.0,35.0,78.0,82.0,15.0,5.0,0.0
10681,0.0,7.121526520699263,0.0,0.0,10.0,59.0,26.0,1.0,23.0,35.0,78.0,82.0,15.0,5.0,10.0,-1.9806689023971558,0.6693114042282104,1.0,-0.39382025599479675,-1.9935086965560913,-34.4,0.0,7.790837924927473,0.0,0.0,11.0,1.0,27.0,2.0,24.0,36.0,79.0,83.0,16.0,6.0,0.0
10682,0.0,7.790837924927473,0.0,0.0,11.0,1.0,27.0,2.0,24.0,36.0,79.0,83.0,16.0,6.0,10.0,-1.936188817024231,-1.74779212474823,10.0,-1.9890079498291016,-0.9359281659126282,-29.5,0.0,6.043045800179243,0.0,0.0,12.0,2.0,28.0,3.0,25.0,37.0,80.0,84.0,17.0,7.0,0.0
10683,0.0,6.043045800179243,0.0,0.0,12.0,2.0,28.0,3.0,25.0,37.0,80.0,84.0,17.0,7.0,2.0,-1.9904403686523438,-0.8416285514831543,10.0,-1.9860352277755737,-1.041037678718567,-37.70515948655963,0.0,5.201417248696089,0.0,0.0,13.0,3.0,1.0,4.0,26.0,38.0,81.0,85.0,18.0,8.0,0.0
10684,0.0,5.201417248696089,0.0,0.0,13.0,3.0,1.0,4.0,26.0,38.0,81.0,85.0,18.0,8.0,10.0,-1.976029634475708,1.9040467739105225,10.0,-1.9857397079467773,-1.4746479988098145,-28.7,0.0,7.105464022606611,0.0,0.0,14.0,4.0,2.0,5.0,27.0,39.0,82.0,86.0,19.0,9.0,0.0
10685,0.0,7.105464022606611,0.0,0.0,14.0,4.0,2.0,5.0,27.0,39.0,82.0,86.0,19.0,9.0,10.0,-1.765242576599121,-0.8835121989250183,10.0,-1.9838194847106934,1.8309482336044312,-29.7,0.0,6.221951823681593,0.0,1.8309482336044312,15.0,5.0,3.0,6.0,28.0,40.0,83.0,87.0,20.0,10.0,0.0
10686,0.0,6.221951823681593,0.0,1.8309482336044312,15.0,5.0,3.0,6.0,28.0,40.0,83.0,87.0,20.0,10.0,10.0,-1.9971615076065063,1.443598985671997,10.0,-1.9357284307479858,-1.3948715925216675,-30.7,0.0,7.66555080935359,0.0,0.43607664108276367,16.0,6.0,4.0,7.0,29.0,41.0,84.0,88.0,21.0,11.0,0.0
10687,0.0,7.66555080935359,0.0,0.43607664108276367,16.0,6.0,4.0,7.0,29.0,41.0,84.0,88.0,21.0,11.0,9.0,-1.9927408695220947,1.0985256433486938,10.0,-1.956629991531372,-0.7136357426643372,-37.97355948965252,0.0,8.764076452702284,0.0,0.0,17.0,7.0,5.0,8.0,30.0,42.0,85.0,89.0,22.0,1.0,0.0
10688,0.0,8.764076452702284,0.0,0.0,17.0,7.0,5.0,8.0,30.0,42.0,85.0,89.0,22.0,1.0,10.0,-1.9964451789855957,0.5237540006637573,10.0,-1.959363579750061,-0.24171096086502075,-31.6,0.0,9.287830453366041,0.0,0.0,18.0,8.0,6.0,9.0,31.0,43.0,86.0,90.0,23.0,2.0,0.0
10689,0.0,9.287830453366041,0.0,0.0,18.0,8.0,6.0,9.0,31.0,43.0,86.0,90.0,23.0,2.0,10.0,-1.9261051416397095,-0.20652632415294647,10.0,-1.9428412914276123,-1.0060791969299316,-32.6,0.0,9.081304129213095,0.0,0.0,19.0,9.0,7.0,10.0,32.0,44.0,87.0,91.0,24.0,3.0,0.0
10690,0.0,9.081304129213095,0.0,0.0,19.0,9.0,7.0,10.0,32.0,44.0,87.0,91.0,24.0,3.0,10.0,-1.9841563701629639,0.7834177613258362,10.0,-1.9923310279846191,-1.119779109954834,-33.6,0.0,9.864721890538931,0.0,0.0,20.0,10.0,8.0,11.0,33.0,45.0,88.0,92.0,25.0,4.0,0.0
10691,0.0,9.864721890538931,0.0,0.0,20.0,10.0,8.0,11.0,33.0,45.0,88.0,92.0,25.0,4.0,10.0,-1.994788646697998,-0.36267217993736267,10.0,-1.9752568006515503,-0.49182790517807007,-34.6,0.0,9.502049710601568,0.0,0.0,21.0,11.0,9.0,12.0,34.0,46.0,89.0,93.0,26.0,5.0,0.0
10692,0.0,9.502049710601568,0.0,0.0,21.0,11.0,9.0,12.0,34.0,46.0,89.0,93.0,26.0,5.0,10.0,-1.9276310205459595,-1.0646260976791382,10.0,-1.9969087839126587,0.32249715924263,-35.6,0.0,8.43742361292243,0.0,0.32249715924263,22.0,12.0,10.0,13.0,35.0,47.0,90.0,94.0,27.0,6.0,0.0
10693,0.0,8.43742361292243,0.0,0.32249715924263,22.0,12.0,10.0,13.0,35.0,47.0,90.0,94.0,27.0,6.0,10.0,-1.9873647689819336,-0.6885647773742676,10.0,-1.9895333051681519,0.2354457974433899,-36.6,0.0,7.7488588355481625,0.0,0.5579429566860199,23.0,13.0,11.0,14.0,36.0,48.0,91.0,95.0,28.0,7.0,0.0
10694,0.0,7.7488588355481625,0.0,0.5579429566860199,23.0,13.0,11.0,14.0,36.0,48.0,91.0,95.0,28.0,7.0,3.0,-1.9975191354751587,-0.7785336375236511,10.0,-1.982475757598877,-0.864991307258606,-37.94428689774401,0.0,6.970325198024511,0.0,0.0,24.0,14.0,12.0,1.0,37.0,49.0,92.0,96.0,29.0,8.0,0.0
10695,0.0,6.970325198024511,0.0,0.0,24.0,14.0,12.0,1.0,37.0,49.0,92.0,96.0,29.0,8.0,10.0,-1.9756227731704712,-1.5009865760803223,10.0,-1.9947580099105835,1.6951318979263306,-37.2,0.0,5.469338621944189,0.0,1.6951318979263306,25.0,15.0,13.0,2.0,38.0,50.0,93.0,97.0,30.0,9.0,0.0
10696,0.0,5.469338621944189,0.0,1.6951318979263306,25.0,15.0,13.0,2.0,38.0,50.0,93.0,97.0,30.0,9.0,10.0,-1.9938303232192993,0.9328969120979309,10.0,-1.9636800289154053,-1.3107142448425293,-38.2,0.0,6.40223553404212,0.0,0.38441765308380127,26.0,16.0,14.0,3.0,39.0,51.0,94.0,98.0,31.0,10.0,0.0
10697,0.0,6.40223553404212,0.0,0.38441765308380127,26.0,16.0,14.0,3.0,39.0,51.0,94.0,98.0,31.0,10.0,10.0,-1.984570026397705,0.36134323477745056,10.0,-1.9587458372116089,-0.5658681988716125,-39.2,0.0,6.7635787688195705,0.0,0.0,27.0,17.0,15.0,4.0,40.0,52.0,95.0,99.0,32.0,11.0,0.0
10698,0.0,6.7635787688195705,0.0,0.0,27.0,17.0,15.0,4.0,40.0,52.0,95.0,99.0,32.0,11.0,10.0,-1.9823428392410278,0.07261102646589279,10.0,-1.9901272058486938,-1.3633743524551392,-40.2,0.0,6.836189795285463,0.0,0.0,28.0,18.0,16.0,5.0,41.0,53.0,96.0,100.0,33.0,12.0,0.0
10699,0.0,6.836189795285463,0.0,0.0,28.0,18.0,16.0,5.0,41.0,53.0,96.0,100.0,33.0,12.0,10.0,-1.9914668798446655,-0.6676712036132812,10.0,-1.983699917793274,-0.617332398891449,-41.1,0.0,6.168518591672182,0.0,0.0,29.0,19.0,17.0,6.0,42.0,54.0,97.0,100.0,34.0,13.0,1.0
10700,8.384029388427734,3.199167013168335,0.04265018552541733,0.46930843591690063,1.0,1.0,1.0,1.0,1.0,1.0,1.0,1.0,1.0,1.0,2.0,-1.965705394744873,-0.882615327835083,1.0,-1.918716311454773,-1.8396795988082886,-5.555910658355221,6.418323993682861,2.316551685333252,0.0,0.0,2.0,1.0,1.0,2.0,2.0,2.0,2.0,2.0,2.0,2.0,0.0
10701,6.418323993682861,2.316551685333252,0.0,0.0,2.0,1.0,1.0,2.0,2.0,2.0,2.0,2.0,2.0,2.0,2.0,-1.8848459720611572,-1.2415153980255127,3.0,-1.8900634050369263,-1.7746139764785767,-8.995722571665567,4.533478021621704,1.0750362873077393,0.0,0.0,3.0,2.0,1.0,1.0,3.0,3.0,3.0,3.0,3.0,3.0,0.0
10702,4.533478021621704,1.0750362873077393,0.0,0.0,3.0,2.0,1.0,1.0,3.0,3.0,3.0,3.0,3.0,3.0,1.0,-1.787014365196228,-1.8178664445877075,0.0,-1.8621273040771484,-1.7436097860336304,-7.428098571046947,2.746463656425476,0.0,0.0,0.0,1.0,1.0,2.0,2.0,4.0,4.0,4.0,4.0,4.0,4.0,0.0
10703,2.746463656425476,0.0,0.0,0.0,1.0,1.0,2.0,2.0,4.0,4.0,4.0,4.0,4.0,4.0,9.0,-1.9265563488006592,0.03557366505265236,1.0,-1.6585358381271362,-1.9185281991958618,-5.954632917296788,0.8199073076248169,0.03557366505265236,0.0,0.0,2.0,1.0,3.0,3.0,5.0,5.0,5.0,5.0,5.0,1.0,0.0
10704,0.8199073076248169,0.03557366505265236,0.0,0.0,2.0,1.0,3.0,3.0,5.0,5.0,5.0,5.0,5.0,1.0,10.0,-1.8688217401504517,-1.758857250213623,10.0,-1.3520954847335815,-1.9317485094070435,-4.5,0.0,0.0,0.0,0.0,3.0,2.0,4.0,4.0,6.0,6.0,6.0,6.0,6.0,2.0,0.0
10705,0.0,0.0,0.0,0.0,3.0,2.0,4.0,4.0,6.0,6.0,6.0,6.0,6.0,2.0,8.0,-1.612891435623169,-1.3934156894683838,8.0,-1.2625635862350464,-1.1903177499771118,-16.853749999999998,0.0,0.0,0.0,0.0,4.0,3.0,5.0,5.0,7.0,7.0,7.0,7.0,1.0,3.0,0.0
10706,0.0,0.0,0.0,0.0,4.0,3.0,5.0,5.0,7.0,7.0,7.0,7.0,1.0,3.0,2.0,-1.7491945028305054,0.007675133179873228,9.0,-0.9540346264839172,-1.9681953191757202,-20.18210409168842,0.0,0.007675133179873228,0.0,0.0,5.0,4.0,1.0,6.0,8.0,8.0,8.0,8.0,2.0,1.0,0.0
10707,0.0,0.007675133179873228,0.0,0.0,5.0,4.0,1.0,6.0,8.0,8.0,8.0,8.0,2.0,1.0,1.0,-1.2540627717971802,-0.988875687122345,0.0,-1.819840669631958,-1.7484080791473389,-14.818750000000001,0.0,0.0,0.0,0.0,1.0,1.0,2.0,7.0,9.0,9.0,9.0,9.0,3.0,2.0,0.0
10708,0.0,0.0,0.0,0.0,1.0,1.0,2.0,7.0,9.0,9.0,9.0,9.0,3.0,2.0,10.0,-1.3900065422058105,1.3569989204406738,10.0,-1.6919082403182983,-1.7645342350006104,-6.2,0.0,1.3569989204406738,0.0,0.0,2.0,2.0,3.0,8.0,10.0,10.0,10.0,10.0,4.0,3.0,0.0
10709,0.0,1.3569989204406738,0.0,0.0,2.0,2.0,3.0,8.0,10.0,10.0,10.0,10.0,4.0,3.0,4.0,-0.9496335983276367,-1.7555426359176636,3.0,-0.5592632293701172,-1.9742449522018433,-19.94875,0.0,0.0,0.0,0.0,3.0,3.0,4.0,1.0,1.0,11.0,11.0,11.0,5.0,4.0,0.0
10710,0.0,0.0,0.0,0.0,3.0,3.0,4.0,1.0,1.0,11.0,11.0,11.0,5.0,4.0,2.0,-1.765026330947876,-1.6504403352737427,3.0,0.07939598709344864,-1.001129388809204,-20.698749999999997,0.0,0.0,0.07939598709344864,0.0,4.0,4.0,1.0,1.0,2.0,12.0,12.0,12.0,6.0,5.0,0.0
10711,0.0,0.0,0.07939598709344864,0.0,4.0,4.0,1.0,1.0,2.0,12.0,12.0,12.0,6.0,5.0,5.0,-1.9885140657424927,-1.4821313619613647,10.0,-0.6980500221252441,-0.5480350255966187,-22.128750000000004,0.0,0.0,0.0,0.0,5.0,5.0,2.0,2.0,3.0,1.0,13.0,13.0,7.0,6.0,0.0
10712,0.0,0.0,0.0,0.0,5.0,5.0,2.0,2.0,3.0,1.0,13.0,13.0,7.0,6.0,10.0,-1.9074351787567139,0.5354130268096924,8.0,-0.4995727837085724,-1.1308380365371704,-6.7,0.0,0.5354130268096924,0.0,0.0,6.0,6.0,3.0,3.0,4.0,2.0,14.0,14.0,1.0,7.0,0.0
10713,0.0,0.5354130268096924,0.0,0.0,6.0,6.0,3.0,3.0,4.0,2.0,14.0,14.0,1.0,7.0,10.0,0.4301094710826874,1.4396343231201172,9.0,-1.6935220956802368,-0.20306633412837982,-7.0,0.4301094710826874,1.9750473499298096,0.0,0.0,7.0,7.0,4.0,4.0,5.0,3.0,15.0,15.0,2.0,1.0,0.0
10714,0.4301094710826874,1.9750473499298096,0.0,0.0,7.0,7.0,4.0,4.0,5.0,3.0,15.0,15.0,2.0,1.0,9.0,0.7282562851905823,-1.7576173543930054,9.0,-1.8271715641021729,0.32351988554000854,-8.934115132420168,1.1583657562732697,0.2174299955368042,0.0,0.32351988554000854,8.0,8.0,5.0,5.0,6.0,4.0,16.0,16.0,3.0,1.0,0.0
10715,1.1583657562732697,0.2174299955368042,0.0,0.32351988554000854,8.0,8.0,5.0,5.0,6.0,4.0,16.0,16.0,3.0,1.0,4.0,-1.8328135013580322,-0.7025935649871826,0.0,-1.0390514135360718,-1.656459927558899,-20.94875,0.0,0.0,0.0,0.0,1.0,9.0,6.0,6.0,1.0,5.0,17.0,17.0,4.0,2.0,0.0
10716,0.0,0.0,0.0,0.0,1.0,9.0,6.0,6.0,1.0,5.0,17.0,17.0,4.0,2.0,4.0,-1.0976876020431519,0.12806524336338043,3.0,0.28050336241722107,-1.3923416137695312,-20.35279098230321,0.0,0.12806524336338043,0.28050336241722107,0.0,2.0,10.0,7.0,1.0,1.0,6.0,18.0,18.0,5.0,3.0,0.0
10717,0.0,0.12806524336338043,0.28050336241722107,0.0,2.0,10.0,7.0,1.0,1.0,6.0,18.0,18.0,5.0,3.0,3.0,0.3348705470561981,0.7653864026069641,0.0,-1.9102481603622437,-1.8237204551696777,-13.195746153463123,0.3348705470561981,0.8934516459703445,0.0,0.0,1.0,11.0,8.0,1.0,2.0,7.0,19.0,19.0,6.0,4.0,0.0
10718,0.3348705470561981,0.8934516459703445,0.0,0.0,1.0,11.0,8.0,1.0,2.0,7.0,19.0,19.0,6.0,4.0,8.0,-1.8177253007888794,-0.12460493296384811,0.0,-0.12153889983892441,-1.458194613456726,-18.457805808815536,0.0,0.7688467130064964,0.0,0.0,1.0,12.0,9.0,2.0,3.0,8.0,20.0,20.0,1.0,5.0,0.0
10719,0.0,0.7688467130064964,0.0,0.0,1.0,12.0,9.0,2.0,3.0,8.0,20.0,20.0,1.0,5.0,3.0,-0.9767815470695496,-0.5854685306549072,10.0,-0.722395122051239,-1.9520952701568604,-15.594455234014745,0.0,0.1833781823515892,0.0,0.0,2.0,13.0,10.0,1.0,4.0,9.0,21.0,21.0,2.0,6.0,0.0
10720,0.0,0.1833781823515892,0.0,0.0,2.0,13.0,10.0,1.0,4.0,9.0,21.0,21.0,2.0,6.0,3.0,-1.4386032819747925,1.2197201251983643,3.0,-1.3194832801818848,-1.758975625038147,-14.236653063687523,0.0,1.4030983075499535,0.0,0.0,3.0,14.0,11.0,1.0,5.0,10.0,22.0,22.0,3.0,7.0,0.0
10721,0.0,1.4030983075499535,0.0,0.0,3.0,14.0,11.0,1.0,5.0,10.0,22.0,22.0,3.0,7.0,3.0,-1.7393336296081543,-0.23272661864757538,1.0,-1.5745612382888794,-0.6650029420852661,-15.51276537984026,0.0,1.170371688902378,0.0,0.0,4.0,1.0,12.0,1.0,6.0,11.0,23.0,23.0,4.0,8.0,0.0
10722,0.0,1.170371688902378,0.0,0.0,4.0,1.0,12.0,1.0,6.0,11.0,23.0,23.0,4.0,8.0,9.0,-1.5428277254104614,1.054235577583313,3.0,-1.0875440835952759,-1.7400033473968506,-11.516941253133954,0.0,2.224607266485691,0.0,0.0,5.0,2.0,13.0,1.0,7.0,12.0,24.0,24.0,5.0,1.0,0.0
10723,0.0,2.224607266485691,0.0,0.0,5.0,2.0,13.0,1.0,7.0,12.0,24.0,24.0,5.0,1.0,10.0,-1.9060287475585938,-1.6823787689208984,10.0,0.20656147599220276,-1.8511645793914795,-10.4,0.0,0.5422284975647926,0.20656147599220276,0.0,6.0,3.0,14.0,2.0,8.0,13.0,25.0,25.0,6.0,2.0,0.0
10724,0.0,0.5422284975647926,0.20656147599220276,0.0,6.0,3.0,14.0,2.0,8.0,13.0,25.0,25.0,6.0,2.0,10.0,-0.8721000552177429,-1.643097996711731,10.0,-1.6638967990875244,-1.5176312923431396,-11.4,0.0,0.0,0.0,0.0,7.0,4.0,15.0,3.0,9.0,14.0,26.0,26.0,7.0,3.0,0.0
10725,0.0,0.0,0.0,0.0,7.0,4.0,15.0,3.0,9.0,14.0,26.0,26.0,7.0,3.0,10.0,-0.9116591215133667,1.4384173154830933,10.0,-1.4985840320587158,-1.4081039428710938,-12.4,0.0,1.4384173154830933,0.0,0.0,8.0,5.0,16.0,4.0,10.0,15.0,27.0,27.0,8.0,4.0,0.0
10726,0.0,1.4384173154830933,0.0,0.0,8.0,5.0,16.0,4.0,10.0,15.0,27.0,27.0,8.0,4.0,2.0,-1.6330026388168335,-1.2049100399017334,10.0,-1.6599584817886353,-1.6239041090011597,-27.20049068738961,0.0,0.23350727558135986,0.0,0.0,9.0,6.0,1.0,5.0,11.0,16.0,28.0,28.0,9.0,5.0,0.0
10727,0.0,0.23350727558135986,0.0,0.0,9.0,6.0,1.0,5.0,11.0,16.0,28.0,28.0,9.0,5.0,10.0,-1.846077799797058,-1.5362745523452759,10.0,-1.9746133089065552,0.24597865343093872,-12.8,0.0,0.0,0.0,0.24597865343093872,10.0,7.0,2.0,6.0,12.0,17.0,29.0,29.0,10.0,6.0,0.0
10728,0.0,0.0,0.0,0.24597865343093872,10.0,7.0,2.0,6.0,12.0,17.0,29.0,29.0,10.0,6.0,10.0,-1.8486486673355103,-0.23133985698223114,0.0,-1.4289342164993286,-1.6954935789108276,-13.8,0.0,0.0,0.0,0.0,1.0,8.0,3.0,7.0,13.0,18.0,30.0,30.0,11.0,7.0,0.0
10729,0.0,0.0,0.0,0.0,1.0,8.0,3.0,7.0,13.0,18.0,30.0,30.0,11.0,7.0,10.0,-0.9001017212867737,-0.8044628500938416,10.0,-1.0238268375396729,-1.0312644243240356,-13.8,0.0,0.0,0.0,0.0,2.0,9.0,4.0,8.0,14.0,19.0,31.0,31.0,12.0,8.0,0.0
10730,0.0,0.0,0.0,0.0,2.0,9.0,4.0,8.0,14.0,19.0,31.0,31.0,12.0,8.0,9.0,-1.7537715435028076,-1.7986587285995483,10.0,-1.9295580387115479,-0.9724736213684082,-17.31875,0.0,0.0,0.0,0.0,3.0,10.0,5.0,9.0,15.0,20.0,32.0,32.0,13.0,1.0,0.0
10731,0.0,0.0,0.0,0.0,3.0,10.0,5.0,9.0,15.0,20.0,32.0,32.0,13.0,1.0,2.0,-1.9276469945907593,-1.6612794399261475,10.0,-0.320797324180603,-1.1173145771026611,-29.29875,0.0,0.0,0.0,0.0,4.0,11.0,1.0,10.0,16.0,21.0,33.0,33.0,14.0,2.0,0.0
10732,0.0,0.0,0.0,0.0,4.0,11.0,1.0,10.0,16.0,21.0,33.0,33.0,14.0,2.0,10.0,-1.6240222454071045,1.149861216545105,3.0,-1.0049920082092285,-1.374085545539856,-15.5,0.0,1.149861216545105,0.0,0.0,5.0,12.0,2.0,1.0,17.0,22.0,34.0,34.0,15.0,3.0,0.0
10733,0.0,1.149861216545105,0.0,0.0,5.0,12.0,2.0,1.0,17.0,22.0,34.0,34.0,15.0,3.0,3.0,-1.9166494607925415,-0.7768462300300598,10.0,-1.8269222974777222,-1.6861717700958252,-21.628691530097733,0.0,0.37301498651504517,0.0,0.0,6.0,13.0,3.0,1.0,18.0,23.0,35.0,35.0,16.0,4.0,0.0
10734,0.0,0.37301498651504517,0.0,0.0,6.0,13.0,3.0,1.0,18.0,23.0,35.0,35.0,16.0,4.0,10.0,-0.22130008041858673,-1.1003305912017822,10.0,-1.7095272541046143,-1.0945721864700317,-16.4,0.0,0.0,0.0,0.0,7.0,14.0,4.0,2.0,19.0,24.0,36.0,36.0,17.0,5.0,0.0
10735,0.0,0.0,0.0,0.0,7.0,14.0,4.0,2.0,19.0,24.0,36.0,36.0,17.0,5.0,10.0,-1.8339835405349731,-1.7368687391281128,10.0,-1.9730582237243652,-1.587928295135498,-17.4,0.0,0.0,0.0,0.0,8.0,15.0,5.0,3.0,20.0,25.0,37.0,37.0,18.0,6.0,0.0
10736,0.0,0.0,0.0,0.0,8.0,15.0,5.0,3.0,20.0,25.0,37.0,37.0,18.0,6.0,9.0,-1.8174375295639038,0.7068399786949158,10.0,-1.8620972633361816,-0.8582082390785217,-20.338830346913348,0.0,0.7068399786949158,0.0,0.0,9.0,16.0,6.0,4.0,21.0,26.0,38.0,38.0,19.0,1.0,0.0
10737,0.0,0.7068399786949158,0.0,0.0,9.0,16.0,6.0,4.0,21.0,26.0,38.0,38.0,19.0,1.0,10.0,-1.7758773565292358,-1.534513235092163,10.0,0.11697397381067276,-1.253670573234558,-18.8,0.0,0.0,0.11697397381067276,0.0,10.0,17.0,7.0,5.0,22.0,27.0,39.0,39.0,20.0,2.0,0.0
10738,0.0,0.0,0.11697397381067276,0.0,10.0,17.0,7.0,5.0,22.0,27.0,39.0,39.0,20.0,2.0,9.0,-1.9489858150482178,-0.39019516110420227,10.0,-1.8154535293579102,-0.5650333762168884,-22.31875,0.0,0.0,0.0,0.0,11.0,18.0,8.0,6.0,23.0,28.0,40.0,40.0,21.0,1.0,0.0
10739,0.0,0.0,0.0,0.0,11.0,18.0,8.0,6.0,23.0,28.0,40.0,40.0,21.0,1.0,10.0,-1.2354539632797241,0.757390022277832,10.0,-1.7914526462554932,-0.9635787606239319,-20.6,0.0,0.757390022277832,0.0,0.0,12.0,19.0,9.0,7.0,24.0,29.0,41.0,41.0,22.0,2.0,0.0
10740,0.0,0.757390022277832,0.0,0.0,12.0,19.0,9.0,7.0,24.0,29.0,41.0,41.0,22.0,2.0,10.0,-1.9002612829208374,-1.6315150260925293,10.0,-1.705405354499817,-1.9107880592346191,-21.6,0.0,0.0,0.0,0.0,13.0,20.0,10.0,8.0,25.0,30.0,42.0,42.0,23.0,3.0,0.0
10741,0.0,0.0,0.0,0.0,13.0,20.0,10.0,8.0,25.0,30.0,42.0,42.0,23.0,3.0,2.0,-1.9545806646347046,-1.80558180809021,0.0,-0.8773090243339539,-0.6575666069984436,-36.89875,0.0,0.0,0.0,0.0,1.0,21.0,1.0,9.0,26.0,31.0,43.0,43.0,24.0,4.0,0.0
10742,0.0,0.0,0.0,0.0,1.0,21.0,1.0,9.0,26.0,31.0,43.0,43.0,24.0,4.0,3.0,-1.8709063529968262,-0.5629926323890686,10.0,-1.882638931274414,-0.28511232137680054,-28.15875,0.0,0.0,0.0,0.0,2.0,22.0,2.0,1.0,27.0,32.0,44.0,44.0,25.0,5.0,0.0
10743,0.0,0.0,0.0,0.0,2.0,22.0,2.0,1.0,27.0,32.0,44.0,44.0,25.0,5.0,3.0,-1.935058832168579,-1.4720553159713745,10.0,-1.539787769317627,-0.5942911505699158,-28.25875,0.0,0.0,0.0,0.0,3.0,23.0,3.0,1.0,28.0,33.0,45.0,45.0,26.0,6.0,0.0
10744,0.0,0.0,0.0,0.0,3.0,23.0,3.0,1.0,28.0,33.0,45.0,45.0,26.0,6.0,10.0,-1.7881196737289429,-1.2175732851028442,10.0,-1.9847217798233032,-1.4736504554748535,-22.3,0.0,0.0,0.0,0.0,4.0,24.0,4.0,2.0,29.0,34.0,46.0,46.0,27.0,7.0,0.0
10745,0.0,0.0,0.0,0.0,4.0,24.0,4.0,2.0,29.0,34.0,46.0,46.0,27.0,7.0,9.0,-1.8685630559921265,0.04462014138698578,10.0,-1.8231498003005981,-0.4294240474700928,-25.7775618668478,0.0,0.04462014138698578,0.0,0.0,5.0,25.0,5.0,3.0,30.0,35.0,47.0,47.0,28.0,1.0,0.0
10746,0.0,0.04462014138698578,0.0,0.0,5.0,25.0,5.0,3.0,30.0,35.0,47.0,47.0,28.0,1.0,10.0,-1.919180154800415,0.22580993175506592,10.0,-0.22383321821689606,-1.529064655303955,-23.6,0.0,0.2704300731420517,0.0,0.0,6.0,26.0,6.0,4.0,31.0,36.0,48.0,48.0,29.0,2.0,0.0
10747,0.0,0.2704300731420517,0.0,0.0,6.0,26.0,6.0,4.0,31.0,36.0,48.0,48.0,29.0,2.0,9.0,-1.9806389808654785,-1.3305779695510864,10.0,-1.7993180751800537,0.5247489809989929,-27.118750000000002,0.0,0.0,0.0,0.5247489809989929,7.0,27.0,7.0,5.0,32.0,37.0,49.0,49.0,30.0,1.0,0.0
10748,0.0,0.0,0.0,0.5247489809989929,7.0,27.0,7.0,5.0,32.0,37.0,49.0,49.0,30.0,1.0,3.0,-1.9426544904708862,-1.652213215827942,10.0,-1.8844903707504272,-0.005255448631942272,-32.25875,0.0,0.0,0.0,0.5194935323670506,8.0,28.0,8.0,1.0,33.0,38.0,50.0,50.0,31.0,2.0,0.0
10749,0.0,0.0,0.0,0.5194935323670506,8.0,28.0,8.0,1.0,33.0,38.0,50.0,50.0,31.0,2.0,3.0,-1.9694806337356567,0.3484312891960144,10.0,-1.9732671976089478,1.4362684488296509,-32.0754786285801,0.0,0.3484312891960144,0.0,1.9557619811967015,9.0,29.0,9.0,1.0,34.0,39.0,51.0,51.0,32.0,3.0,0.0
10750,0.0,0.3484312891960144,0.0,1.9557619811967015,9.0,29.0,9.0,1.0,34.0,39.0,51.0,51.0,32.0,3.0,2.0,-0.9988347887992859,-0.26840829849243164,10.0,-1.0888160467147827,-1.9165871143341064,-40.9260926804246,0.0,0.08002299070358276,0.0,0.03917486686259508,10.0,30.0,1.0,2.0,35.0,40.0,52.0,52.0,33.0,4.0,0.0
10751,0.0,0.08002299070358276,0.0,0.03917486686259508,10.0,30.0,1.0,2.0,35.0,40.0,52.0,52.0,33.0,4.0,1.0,-1.800886631011963,0.8769996762275696,3.0,-1.9444371461868286,-0.18038219213485718,-35.019020752806455,0.0,0.9570226669311523,0.0,0.0,11.0,1.0,2.0,1.0,36.0,41.0,53.0,53.0,34.0,5.0,0.0
10752,0.0,0.9570226669311523,0.0,0.0,11.0,1.0,2.0,1.0,36.0,41.0,53.0,53.0,34.0,5.0,10.0,-1.8888072967529297,1.0831283330917358,10.0,-0.7806019186973572,0.8503457903862,-24.7,0.0,2.040151000022888,0.0,0.8503457903862,12.0,2.0,3.0,2.0,37.0,42.0,54.0,54.0,35.0,6.0,0.0
10753,0.0,2.040151000022888,0.0,0.8503457903862,12.0,2.0,3.0,2.0,37.0,42.0,54.0,54.0,35.0,6.0,2.0,-1.9565964937210083,-1.7790510654449463,10.0,0.7035523056983948,1.4829918146133423,-39.44272998422054,0.0,0.2610999345779419,0.7035523056983948,2.3333376049995422,13.0,3.0,1.0,3.0,38.0,43.0,55.0,55.0,36.0,7.0,0.0
10754,0.0,0.2610999345779419,0.7035523056983948,2.3333376049995422,13.0,3.0,1.0,3.0,38.0,43.0,55.0,55.0,36.0,7.0,10.0,-1.9450783729553223,-0.06383518129587173,10.0,-1.869562029838562,-1.479343295097351,-26.4,0.0,0.19726475328207016,0.0,0.8539943099021912,14.0,4.0,2.0,4.0,39.0,44.0,56.0,56.0,37.0,8.0,0.0
10755,0.0,0.19726475328207016,0.0,0.8539943099021912,14.0,4.0,2.0,4.0,39.0,44.0,56.0,56.0,37.0,8.0,9.0,-1.9978969097137451,0.7353031635284424,10.0,-1.475774884223938,0.44569623470306396,-29.18626268988319,0.0,0.9325679168105125,0.0,1.2996905446052551,15.0,5.0,3.0,5.0,40.0,45.0,57.0,57.0,38.0,1.0,0.0
10756,0.0,0.9325679168105125,0.0,1.2996905446052551,15.0,5.0,3.0,5.0,40.0,45.0,57.0,57.0,38.0,1.0,10.0,-1.956706166267395,-1.8648308515548706,10.0,-1.9707380533218384,-1.575645923614502,-27.6,0.0,0.0,0.0,0.0,16.0,6.0,4.0,6.0,41.0,46.0,58.0,58.0,39.0,2.0,0.0
10757,0.0,0.0,0.0,0.0,16.0,6.0,4.0,6.0,41.0,46.0,58.0,58.0,39.0,2.0,10.0,-1.95451021194458,0.3558550179004669,10.0,-1.983036756515503,0.2983452081680298,-28.6,0.0,0.3558550179004669,0.0,0.2983452081680298,17.0,7.0,5.0,7.0,42.0,47.0,59.0,59.0,40.0,3.0,0.0
10758,0.0,0.3558550179004669,0.0,0.2983452081680298,17.0,7.0,5.0,7.0,42.0,47.0,59.0,59.0,40.0,3.0,2.0,-1.9947428703308105,1.1601966619491577,10.0,-1.653786301612854,-1.0099577903747559,-40.965171822602414,0.0,1.5160516798496246,0.0,0.0,18.0,8.0,1.0,8.0,43.0,48.0,60.0,60.0,41.0,4.0,0.0
10759,0.0,1.5160516798496246,0.0,0.0,18.0,8.0,1.0,8.0,43.0,48.0,60.0,60.0,41.0,4.0,10.0,-1.9745442867279053,-1.5250481367111206,10.0,-0.527809739112854,-1.5471179485321045,-30.1,0.0,0.0,0.0,0.0,19.0,9.0,2.0,9.0,44.0,49.0,61.0,61.0,42.0,5.0,0.0
10760,0.0,0.0,0.0,0.0,19.0,9.0,2.0,9.0,44.0,49.0,61.0,61.0,42.0,5.0,10.0,-1.9903978109359741,0.31606900691986084,10.0,-1.9257243871688843,0.014607586897909641,-31.1,0.0,0.31606900691986084,0.0,0.014607586897909641,20.0,10.0,3.0,10.0,45.0,50.0,62.0,62.0,43.0,6.0,0.0
10761,0.0,0.31606900691986084,0.0,0.014607586897909641,20.0,10.0,3.0,10.0,45.0,50.0,62.0,62.0,43.0,6.0,2.0,-1.9899296760559082,-0.07530343532562256,10.0,-1.2919906377792358,-0.34572914242744446,-45.8852737590126,0.0,0.24076557159423828,0.0,0.0,21.0,11.0,1.0,11.0,46.0,51.0,63.0,63.0,44.0,7.0,0.0
10762,0.0,0.24076557159423828,0.0,0.0,21.0,11.0,1.0,11.0,46.0,51.0,63.0,63.0,44.0,7.0,10.0,-1.9923081398010254,-0.554061770439148,3.0,-1.5059447288513184,-1.3350410461425781,-32.8,0.0,0.0,0.0,0.0,22.0,12.0,2.0,1.0,47.0,52.0,64.0,64.0,45.0,8.0,0.0
10763,0.0,0.0,0.0,0.0,22.0,12.0,2.0,1.0,47.0,52.0,64.0,64.0,45.0,8.0,10.0,-1.9769933223724365,-0.8084183931350708,10.0,-1.885282278060913,0.14709246158599854,-32.7,0.0,0.0,0.0,0.14709246158599854,23.0,13.0,3.0,2.0,48.0,53.0,65.0,65.0,46.0,9.0,0.0
10764,0.0,0.0,0.0,0.14709246158599854,23.0,13.0,3.0,2.0,48.0,53.0,65.0,65.0,46.0,9.0,10.0,-1.9974374771118164,-0.27184972167015076,10.0,-1.9604151248931885,0.034987933933734894,-33.7,0.0,0.0,0.0,0.18208039551973343,24.0,14.0,4.0,3.0,49.0,54.0,66.0,66.0,47.0,10.0,0.0
10765,0.0,0.0,0.0,0.18208039551973343,24.0,14.0,4.0,3.0,49.0,54.0,66.0,66.0,47.0,10.0,2.0,-1.9919755458831787,0.029231060296297073,10.0,-1.8730720281600952,-0.8799087405204773,-48.93545103966437,0.0,0.029231060296297073,0.0,0.0,25.0,15.0,1.0,4.0,50.0,55.0,67.0,67.0,48.0,11.0,0.0
10766,0.0,0.029231060296297073,0.0,0.0,25.0,15.0,1.0,4.0,50.0,55.0,67.0,67.0,48.0,11.0,10.0,-1.992874026298523,-0.3978363871574402,10.0,-1.9747978448867798,-1.912010908126831,-35.3,0.0,0.0,0.0,0.0,26.0,16.0,2.0,5.0,51.0,56.0,68.0,68.0,49.0,12.0,0.0
10767,0.0,0.0,0.0,0.0,26.0,16.0,2.0,5.0,51.0,56.0,68.0,68.0,49.0,12.0,10.0,-1.971359133720398,1.4588180780410767,10.0,-1.8582617044448853,-1.0359580516815186,-36.3,0.0,1.4588180780410767,0.0,0.0,27.0,17.0,3.0,6.0,52.0,57.0,69.0,69.0,50.0,13.0,0.0
10768,0.0,1.4588180780410767,0.0,0.0,27.0,17.0,3.0,6.0,52.0,57.0,69.0,69.0,50.0,13.0,10.0,-1.9930428266525269,0.09980948269367218,10.0,-1.956282138824463,-1.3285261392593384,-37.3,0.0,1.5586275607347488,0.0,0.0,28.0,18.0,4.0,7.0,53.0,58.0,70.0,70.0,51.0,14.0,0.0
10769,0.0,1.5586275607347488,0.0,0.0,28.0,18.0,4.0,7.0,53.0,58.0,70.0,70.0,51.0,14.0,10.0,-1.9970701932907104,-1.215518593788147,10.0,-1.9353612661361694,-1.2470430135726929,-38.3,0.0,0.34310896694660187,0.0,0.0,29.0,19.0,5.0,8.0,54.0,59.0,71.0,71.0,52.0,15.0,0.0
10770,0.0,0.34310896694660187,0.0,0.0,29.0,19.0,5.0,8.0,54.0,59.0,71.0,71.0,52.0,15.0,10.0,-1.9978824853897095,0.30771738290786743,3.0,-1.9105204343795776,-0.027819747105240822,-39.3,0.0,0.6508263498544693,0.0,0.0,30.0,20.0,6.0,1.0,55.0,60.0,72.0,72.0,53.0,16.0,0.0
10771,0.0,0.6508263498544693,0.0,0.0,30.0,20.0,6.0,1.0,55.0,60.0,72.0,72.0,53.0,16.0,10.0,-1.9982362985610962,-1.1611719131469727,10.0,-1.7475347518920898,-1.0516295433044434,-39.5,0.0,0.0,0.0,0.0,31.0,21.0,7.0,2.0,56.0,61.0,73.0,73.0,54.0,17.0,0.0
10772,0.0,0.0,0.0,0.0,31.0,21.0,7.0,2.0,56.0,61.0,73.0,73.0,54.0,17.0,10.0,-1.9963645935058594,-0.5490410327911377,10.0,-1.7852592468261719,-1.4556150436401367,-40.5,0.0,0.0,0.0,0.0,32.0,22.0,8.0,3.0,57.0,62.0,74.0,74.0,55.0,18.0,0.0
10773,0.0,0.0,0.0,0.0,32.0,22.0,8.0,3.0,57.0,62.0,74.0,74.0,55.0,18.0,10.0,-1.9983292818069458,-0.8376289010047913,10.0,-1.8078713417053223,-1.2384185791015625,-41.5,0.0,0.0,0.0,0.0,33.0,23.0,9.0,4.0,58.0,63.0,75.0,75.0,56.0,19.0,0.0
10774,0.0,0.0,0.0,0.0,33.0,23.0,9.0,4.0,58.0,63.0,75.0,75.0,56.0,19.0,10.0,-1.9976357221603394,-1.089444637298584,10.0,-1.863357424736023,-0.7483872771263123,-42.5,0.0,0.0,0.0,0.0,34.0,24.0,10.0,5.0,59.0,64.0,76.0,76.0,57.0,20.0,0.0
10775,0.0,0.0,0.0,0.0,34.0,24.0,10.0,5.0,59.0,64.0,76.0,76.0,57.0,20.0,10.0,-1.9959701299667358,-1.3402082920074463,10.0,-1.8669394254684448,-1.556428074836731,-43.5,0.0,0.0,0.0,0.0,35.0,25.0,11.0,6.0,60.0,65.0,77.0,77.0,58.0,21.0,0.0
10776,0.0,0.0,0.0,0.0,35.0,25.0,11.0,6.0,60.0,65.0,77.0,77.0,58.0,21.0,10.0,-1.9859139919281006,-0.9514021873474121,3.0,-1.8782539367675781,-0.09772749245166779,-44.5,0.0,0.0,0.0,0.0,36.0,26.0,12.0,1.0,61.0,66.0,78.0,78.0,59.0,22.0,0.0
10777,0.0,0.0,0.0,0.0,36.0,26.0,12.0,1.0,61.0,66.0,78.0,78.0,59.0,22.0,3.0,-1.9988601207733154,-1.8338301181793213,0.0,-1.9794020652770996,-1.815175175666809,-51.75875,0.0,0.0,0.0,0.0,1.0,27.0,13.0,1.0,62.0,67.0,79.0,79.0,60.0,23.0,0.0
10778,0.0,0.0,0.0,0.0,1.0,27.0,13.0,1.0,62.0,67.0,79.0,79.0,60.0,23.0,10.0,-1.993141531944275,-1.21329927444458,10.0,-1.9955542087554932,-1.2858518362045288,-42.2,0.0,0.0,0.0,0.0,2.0,28.0,14.0,2.0,63.0,68.0,80.0,80.0,61.0,24.0,0.0
10779,0.0,0.0,0.0,0.0,2.0,28.0,14.0,2.0,63.0,68.0,80.0,80.0,61.0,24.0,10.0,-1.998427391052246,-1.3443678617477417,10.0,-1.9988936185836792,-1.8314265012741089,-43.2,0.0,0.0,0.0,0.0,3.0,29.0,15.0,3.0,64.0,69.0,81.0,81.0,62.0,25.0,0.0
10780,0.0,0.0,0.0,0.0,3.0,29.0,15.0,3.0,64.0,69.0,81.0,81.0,62.0,25.0,10.0,-1.9951452016830444,-1.7897768020629883,10.0,-1.977210283279419,-1.7306452989578247,-44.2,0.0,0.0,0.0,0.0,4.0,30.0,16.0,4.0,65.0,70.0,82.0,82.0,63.0,26.0,0.0
10781,0.0,0.0,0.0,0.0,4.0,30.0,16.0,4.0,65.0,70.0,82.0,82.0,63.0,26.0,10.0,-1.997397541999817,-1.4685230255126953,10.0,-1.9982656240463257,-1.8150626420974731,-45.2,0.0,0.0,0.0,0.0,5.0,31.0,17.0,5.0,66.0,71.0,83.0,83.0,64.0,27.0,0.0
10782,0.0,0.0,0.0,0.0,5.0,31.0,17.0,5.0,66.0,71.0,83.0,83.0,64.0,27.0,10.0,-1.9950281381607056,-1.5454864501953125,10.0,-1.9839304685592651,-1.5207003355026245,-46.2,0.0,0.0,0.0,0.0,6.0,32.0,18.0,6.0,67.0,72.0,84.0,84.0,65.0,28.0,0.0
10783,0.0,0.0,0.0,0.0,6.0,32.0,18.0,6.0,67.0,72.0,84.0,84.0,65.0,28.0,10.0,-1.9924973249435425,-1.3502800464630127,10.0,-1.9877811670303345,-1.5661919116973877,-47.2,0.0,0.0,0.0,0.0,7.0,33.0,19.0,7.0,68.0,73.0,85.0,85.0,66.0,29.0,0.0
10784,0.0,0.0,0.0,0.0,7.0,33.0,19.0,7.0,68.0,73.0,85.0,85.0,66.0,29.0,10.0,-1.9968781471252441,-1.5408879518508911,10.0,-1.9936110973358154,-1.7777537107467651,-48.2,0.0,0.0,0.0,0.0,8.0,34.0,20.0,8.0,69.0,74.0,86.0,86.0,67.0,30.0,0.0
10785,0.0,0.0,0.0,0.0,8.0,34.0,20.0,8.0,69.0,74.0,86.0,86.0,67.0,30.0,3.0,-1.9983561038970947,-1.7324968576431274,10.0,-1.9889661073684692,-1.9269847869873047,-56.05875,0.0,0.0,0.0,0.0,9.0,35.0,21.0,1.0,70.0,75.0,87.0,87.0,68.0,31.0,0.0
10786,0.0,0.0,0.0,0.0,9.0,35.0,21.0,1.0,70.0,75.0,87.0,87.0,68.0,31.0,10.0,-1.9690910577774048,-1.6871713399887085,10.0,-1.9756059646606445,-1.9756120443344116,-49.4,0.0,0.0,0.0,0.0,10.0,36.0,22.0,2.0,71.0,76.0,88.0,88.0,69.0,32.0,0.0
10787,0.0,0.0,0.0,0.0,10.0,36.0,22.0,2.0,71.0,76.0,88.0,88.0,69.0,32.0,10.0,-1.99241304397583,-0.804390549659729,10.0,-1.99137282371521,-1.97359299659729,-50.4,0.0,0.0,0.0,0.0,11.0,37.0,23.0,3.0,72.0,77.0,89.0,89.0,70.0,33.0,0.0
10788,0.0,0.0,0.0,0.0,11.0,37.0,23.0,3.0,72.0,77.0,89.0,89.0,70.0,33.0,10.0,-1.9994332790374756,-1.5006828308105469,10.0,-1.986303448677063,-1.954746127128601,-51.4,0.0,0.0,0.0,0.0,12.0,38.0,24.0,4.0,73.0,78.0,90.0,90.0,71.0,34.0,0.0
10789,0.0,0.0,0.0,0.0,12.0,38.0,24.0,4.0,73.0,78.0,90.0,90.0,71.0,34.0,3.0,-1.9933832883834839,-1.5033776760101318,10.0,-1.995147705078125,-1.8312546014785767,-59.25875,0.0,0.0,0.0,0.0,13.0,39.0,25.0,1.0,74.0,79.0,91.0,91.0,72.0,35.0,0.0
10790,0.0,0.0,0.0,0.0,13.0,39.0,25.0,1.0,74.0,79.0,91.0,91.0,72.0,35.0,3.0,-1.9542793035507202,-1.376079797744751,10.0,-1.9877785444259644,-1.9347031116485596,-59.85875,0.0,0.0,0.0,0.0,14.0,40.0,26.0,1.0,75.0,80.0,92.0,92.0,73.0,36.0,0.0
10791,0.0,0.0,0.0,0.0,14.0,40.0,26.0,1.0,75.0,80.0,92.0,92.0,73.0,36.0,8.0,-1.995925784111023,-1.4374992847442627,10.0,-1.9946447610855103,-1.8167035579681396,-65.25375,0.0,0.0,0.0,0.0,15.0,41.0,27.0,2.0,76.0,81.0,93.0,93.0,1.0,37.0,0.0
10792,0.0,0.0,0.0,0.0,15.0,41.0,27.0,2.0,76.0,81.0,93.0,93.0,1.0,37.0,10.0,-1.9997103214263916,-0.43709510564804077,10.0,-1.9997762441635132,-1.9996973276138306,-47.6,0.0,0.0,0.0,0.0,16.0,42.0,28.0,3.0,77.0,82.0,94.0,94.0,2.0,38.0,0.0
10793,0.0,0.0,0.0,0.0,16.0,42.0,28.0,3.0,77.0,82.0,94.0,94.0,2.0,38.0,9.0,-1.9998942613601685,-0.13355422019958496,10.0,-1.9998379945755005,-1.9991408586502075,-51.11875,0.0,0.0,0.0,0.0,17.0,43.0,29.0,4.0,78.0,83.0,95.0,95.0,3.0,1.0,0.0
10794,0.0,0.0,0.0,0.0,17.0,43.0,29.0,4.0,78.0,83.0,95.0,95.0,3.0,1.0,10.0,-1.998854160308838,1.8024746179580688,10.0,-1.9993816614151,-1.9975892305374146,-45.8,0.0,1.8024746179580688,0.0,0.0,18.0,44.0,30.0,5.0,79.0,84.0,96.0,96.0,4.0,2.0,0.0
10795,0.0,1.8024746179580688,0.0,0.0,18.0,44.0,30.0,5.0,79.0,84.0,96.0,96.0,4.0,2.0,10.0,-1.9975932836532593,1.383633017539978,10.0,-1.9984501600265503,-1.9986956119537354,-46.8,0.0,3.186107635498047,0.0,0.0,19.0,45.0,31.0,6.0,80.0,85.0,97.0,97.0,5.0,3.0,0.0
10796,0.0,3.186107635498047,0.0,0.0,19.0,45.0,31.0,6.0,80.0,85.0,97.0,97.0,5.0,3.0,10.0,-1.999267816543579,1.1908568143844604,10.0,-1.9993388652801514,-1.9980874061584473,-47.8,0.0,4.376964449882507,0.0,0.0,20.0,46.0,32.0,7.0,81.0,86.0,98.0,98.0,6.0,4.0,0.0
10797,0.0,4.376964449882507,0.0,0.0,20.0,46.0,32.0,7.0,81.0,86.0,98.0,98.0,6.0,4.0,10.0,-1.9995194673538208,1.6467835903167725,10.0,-1.9993367195129395,-1.9981365203857422,-48.8,0.0,6.02374804019928,0.0,0.0,21.0,47.0,33.0,8.0,82.0,87.0,99.0,99.0,7.0,5.0,0.0
10798,0.0,6.02374804019928,0.0,0.0,21.0,47.0,33.0,8.0,82.0,87.0,99.0,99.0,7.0,5.0,10.0,-1.9983621835708618,-0.16423188149929047,10.0,-1.9997791051864624,-1.9979519844055176,-49.8,0.0,5.859516158699989,0.0,0.0,22.0,48.0,34.0,9.0,83.0,88.0,100.0,100.0,8.0,6.0,0.0
10799,0.0,5.859516158699989,0.0,0.0,22.0,48.0,34.0,9.0,83.0,88.0,100.0,100.0,8.0,6.0,10.0,-1.9997806549072266,-0.02566351741552353,10.0,-1.998201847076416,-1.9961128234863281,-50.6,0.0,5.833852641284466,0.0,0.0,23.0,49.0,35.0,10.0,84.0,89.0,100.0,100.0,9.0,7.0,1.0
10800,7.378073692321777,2.726322889328003,4.8148579597473145,1.9203126430511475,1.0,1.0,1.0,1.0,1.0,1.0,1.0,1.0,1.0,1.0,8.0,-1.7752163410186768,-0.6472727656364441,1.0,-1.8501273393630981,-1.8224427700042725,-7.10815663376161,5.602857351303101,2.079050123691559,2.9647306203842163,0.097869873046875,2.0,1.0,2.0,2.0,2.0,2.0,2.0,2.0,1.0,2.0,0.0
10801,5.602857351303101,2.079050123691559,2.9647306203842163,0.097869873046875,2.0,1.0,2.0,2.0,2.0,2.0,2.0,2.0,1.0,2.0,3.0,-1.6013818979263306,-1.7502532005310059,3.0,-0.08988139778375626,-0.8622878193855286,-10.254353358486469,4.00147545337677,0.328796923160553,2.87484922260046,0.0,3.0,2.0,3.0,1.0,3.0,3.0,3.0,3.0,2.0,3.0,0.0
10802,4.00147545337677,0.328796923160553,2.87484922260046,0.0,3.0,2.0,3.0,1.0,3.0,3.0,3.0,3.0,2.0,3.0,10.0,-1.9101687669754028,-1.7396705150604248,1.0,-0.8461835980415344,-1.3840124607086182,-3.6,2.091306686401367,0.0,2.0286656245589256,0.0,4.0,1.0,4.0,2.0,4.0,4.0,4.0,4.0,3.0,4.0,0.0
10803,2.091306686401367,0.0,2.0286656245589256,0.0,4.0,1.0,4.0,2.0,4.0,4.0,4.0,4.0,3.0,4.0,0.0,-1.7760616540908813,-0.8537830710411072,10.0,-1.9147294759750366,-1.34574294090271,-6.020975931662696,0.31524503231048584,0.0,0.11393614858388901,0.0,1.0,2.0,5.0,3.0,5.0,5.0,5.0,5.0,4.0,5.0,0.0
10804,0.31524503231048584,0.0,0.11393614858388901,0.0,1.0,2.0,5.0,3.0,5.0,5.0,5.0,5.0,4.0,5.0,9.0,-1.8791882991790771,-1.142259955406189,9.0,0.08435355871915817,-1.1693168878555298,-7.518749999999999,0.0,0.0,0.19828970730304718,0.0,2.0,3.0,6.0,4.0,6.0,6.0,6.0,6.0,5.0,1.0,0.0
10805,0.0,0.0,0.19828970730304718,0.0,2.0,3.0,6.0,4.0,6.0,6.0,6.0,6.0,5.0,1.0,8.0,0.11931135505437851,-1.8142434358596802,3.0,-1.7738280296325684,-1.5681750774383545,-16.70801037564653,0.11931135505437851,0.0,0.0,0.0,3.0,4.0,7.0,1.0,7.0,7.0,7.0,7.0,1.0,2.0,0.0
10806,0.11931135505437851,0.0,0.0,0.0,3.0,4.0,7.0,1.0,7.0,7.0,7.0,7.0,1.0,2.0,9.0,-1.9379092454910278,-1.2313681840896606,9.0,-1.7940930128097534,-1.908442735671997,-8.118749999999999,0.0,0.0,0.0,0.0,4.0,5.0,8.0,2.0,8.0,8.0,8.0,8.0,2.0,1.0,0.0
10807,0.0,0.0,0.0,0.0,4.0,5.0,8.0,2.0,8.0,8.0,8.0,8.0,2.0,1.0,3.0,-1.960941195487976,-1.5855796337127686,9.0,-1.8059709072113037,-0.5498138666152954,-13.25875,0.0,0.0,0.0,0.0,5.0,6.0,9.0,1.0,9.0,9.0,9.0,9.0,3.0,1.0,0.0
10808,0.0,0.0,0.0,0.0,5.0,6.0,9.0,1.0,9.0,9.0,9.0,9.0,3.0,1.0,3.0,-1.868577480316162,-1.2368113994598389,0.0,-1.0806337594985962,-1.9050014019012451,-13.958749999999998,0.0,0.0,0.0,0.0,1.0,7.0,10.0,1.0,10.0,10.0,10.0,10.0,4.0,2.0,0.0
10809,0.0,0.0,0.0,0.0,1.0,7.0,10.0,1.0,10.0,10.0,10.0,10.0,4.0,2.0,3.0,-1.5516809225082397,-1.506035327911377,1.0,-1.4871885776519775,-1.8608179092407227,-14.35875,0.0,0.0,0.0,0.0,2.0,1.0,11.0,1.0,11.0,11.0,11.0,11.0,5.0,3.0,0.0
10810,0.0,0.0,0.0,0.0,2.0,1.0,11.0,1.0,11.0,11.0,11.0,11.0,5.0,3.0,2.0,-1.745352864265442,-1.066475749015808,3.0,-1.660773754119873,-1.6716363430023193,-21.998749999999998,0.0,0.0,0.0,0.0,3.0,2.0,1.0,1.0,12.0,12.0,12.0,12.0,6.0,4.0,0.0
10811,0.0,0.0,0.0,0.0,3.0,2.0,1.0,1.0,12.0,12.0,12.0,12.0,6.0,4.0,9.0,-1.9011272192001343,-1.7285734415054321,10.0,-1.2684004306793213,-1.7801382541656494,-10.018749999999999,0.0,0.0,0.0,0.0,4.0,3.0,2.0,2.0,13.0,13.0,13.0,13.0,7.0,1.0,0.0
10812,0.0,0.0,0.0,0.0,4.0,3.0,2.0,2.0,13.0,13.0,13.0,13.0,7.0,1.0,8.0,-1.871780514717102,-0.35155725479125977,10.0,-1.6836285591125488,-0.8024596571922302,-19.45375,0.0,0.0,0.0,0.0,5.0,4.0,3.0,3.0,14.0,14.0,14.0,14.0,1.0,2.0,0.0
10813,0.0,0.0,0.0,0.0,5.0,4.0,3.0,3.0,14.0,14.0,14.0,14.0,1.0,2.0,1.0,-1.584864616394043,-0.6783431768417358,3.0,-0.48937493562698364,-1.7856272459030151,-17.118750000000002,0.0,0.0,0.0,0.0,6.0,1.0,4.0,1.0,15.0,15.0,15.0,15.0,2.0,3.0,0.0
10814,0.0,0.0,0.0,0.0,6.0,1.0,4.0,1.0,15.0,15.0,15.0,15.0,2.0,3.0,4.0,-1.9687548875808716,-1.8216766119003296,10.0,-0.0597161129117012,-1.4393023252487183,-21.44875,0.0,0.0,0.0,0.0,7.0,2.0,5.0,2.0,1.0,16.0,16.0,16.0,3.0,4.0,0.0
10815,0.0,0.0,0.0,0.0,7.0,2.0,5.0,2.0,1.0,16.0,16.0,16.0,3.0,4.0,3.0,-1.7053433656692505,-0.23246432840824127,3.0,0.17865687608718872,-1.0941572189331055,-15.05875,0.0,0.0,0.17865687608718872,0.0,8.0,3.0,6.0,1.0,2.0,17.0,17.0,17.0,4.0,5.0,0.0
10816,0.0,0.0,0.17865687608718872,0.0,8.0,3.0,6.0,1.0,2.0,17.0,17.0,17.0,4.0,5.0,10.0,-0.6969682574272156,-0.8973013758659363,3.0,-1.481337547302246,1.3036185503005981,-9.0,0.0,0.0,0.0,1.3036185503005981,9.0,4.0,7.0,1.0,3.0,18.0,18.0,18.0,5.0,6.0,0.0
10817,0.0,0.0,0.0,1.3036185503005981,9.0,4.0,7.0,1.0,3.0,18.0,18.0,18.0,5.0,6.0,10.0,-1.7414729595184326,1.1425011157989502,0.0,0.3471214175224304,-1.3569285869598389,-9.9,0.0,1.1425011157989502,0.3471214175224304,0.0,1.0,5.0,8.0,2.0,4.0,19.0,19.0,19.0,6.0,7.0,0.0
10818,0.0,1.1425011157989502,0.3471214175224304,0.0,1.0,5.0,8.0,2.0,4.0,19.0,19.0,19.0,6.0,7.0,10.0,-1.0014114379882812,-0.545826256275177,3.0,-1.8221193552017212,-0.5637751221656799,-10.0,0.0,0.5966748595237732,0.0,0.0,2.0,6.0,9.0,1.0,5.0,20.0,20.0,20.0,7.0,8.0,0.0
10819,0.0,0.5966748595237732,0.0,0.0,2.0,6.0,9.0,1.0,5.0,20.0,20.0,20.0,7.0,8.0,9.0,-1.846429705619812,-1.3030918836593628,10.0,-1.72769296169281,-0.42811429500579834,-13.31875,0.0,0.0,0.0,0.0,3.0,7.0,10.0,2.0,6.0,21.0,21.0,21.0,8.0,1.0,0.0
10820,0.0,0.0,0.0,0.0,3.0,7.0,10.0,2.0,6.0,21.0,21.0,21.0,8.0,1.0,3.0,-1.3917958736419678,-1.0681233406066895,9.0,-1.8538193702697754,-0.39046257734298706,-17.85875,0.0,0.0,0.0,0.0,4.0,8.0,11.0,1.0,7.0,22.0,22.0,22.0,9.0,1.0,0.0
10821,0.0,0.0,0.0,0.0,4.0,8.0,11.0,1.0,7.0,22.0,22.0,22.0,9.0,1.0,3.0,-1.8889719247817993,-1.7910641431808472,10.0,-1.7312158346176147,-1.5808892250061035,-18.55875,0.0,0.0,0.0,0.0,5.0,9.0,12.0,1.0,8.0,23.0,23.0,23.0,10.0,2.0,0.0
10822,0.0,0.0,0.0,0.0,5.0,9.0,12.0,1.0,8.0,23.0,23.0,23.0,10.0,2.0,9.0,-1.5805383920669556,-1.3925132751464844,10.0,-1.186515212059021,0.8283589482307434,-15.118749999999999,0.0,0.0,0.0,0.8283589482307434,6.0,10.0,13.0,2.0,9.0,24.0,24.0,24.0,11.0,1.0,0.0
10823,0.0,0.0,0.0,0.8283589482307434,6.0,10.0,13.0,2.0,9.0,24.0,24.0,24.0,11.0,1.0,3.0,-1.9134944677352905,-0.9077712893486023,0.0,-0.13222584128379822,-1.5802603960037231,-20.25875,0.0,0.0,0.0,0.0,1.0,11.0,14.0,1.0,10.0,25.0,25.0,25.0,12.0,2.0,0.0
10824,0.0,0.0,0.0,0.0,1.0,11.0,14.0,1.0,10.0,25.0,25.0,25.0,12.0,2.0,3.0,-1.8296054601669312,-1.169262170791626,10.0,-1.7226368188858032,-1.6326165199279785,-20.45875,0.0,0.0,0.0,0.0,2.0,12.0,15.0,1.0,11.0,26.0,26.0,26.0,13.0,3.0,0.0
10825,0.0,0.0,0.0,0.0,2.0,12.0,15.0,1.0,11.0,26.0,26.0,26.0,13.0,3.0,3.0,-1.9018967151641846,-0.29800280928611755,10.0,-1.6567391157150269,-0.4676195979118347,-21.35875,0.0,0.0,0.0,0.0,3.0,13.0,16.0,1.0,12.0,27.0,27.0,27.0,14.0,4.0,0.0
10826,0.0,0.0,0.0,0.0,3.0,13.0,16.0,1.0,12.0,27.0,27.0,27.0,14.0,4.0,10.0,-1.8546781539916992,-1.364573359489441,10.0,-1.3957611322402954,-1.0580931901931763,-15.4,0.0,0.0,0.0,0.0,4.0,14.0,17.0,2.0,13.0,28.0,28.0,28.0,15.0,5.0,0.0
10827,0.0,0.0,0.0,0.0,4.0,14.0,17.0,2.0,13.0,28.0,28.0,28.0,15.0,5.0,0.0,-1.8686991930007935,-1.2733746767044067,10.0,-0.9901904463768005,0.2584952116012573,-18.29875,0.0,0.0,0.0,0.2584952116012573,1.0,15.0,18.0,3.0,14.0,29.0,29.0,29.0,16.0,6.0,0.0
10828,0.0,0.0,0.0,0.2584952116012573,1.0,15.0,18.0,3.0,14.0,29.0,29.0,29.0,16.0,6.0,3.0,-1.636314868927002,-0.4010385572910309,10.0,-1.819409728050232,-1.3463789224624634,-23.85875,0.0,0.0,0.0,0.0,2.0,16.0,19.0,1.0,15.0,30.0,30.0,30.0,17.0,7.0,0.0
10829,0.0,0.0,0.0,0.0,2.0,16.0,19.0,1.0,15.0,30.0,30.0,30.0,17.0,7.0,3.0,-1.843570590019226,-0.9734640121459961,3.0,-1.4855008125305176,-1.1236693859100342,-24.55875,0.0,0.0,0.0,0.0,3.0,17.0,20.0,1.0,16.0,31.0,31.0,31.0,18.0,8.0,0.0
10830,0.0,0.0,0.0,0.0,3.0,17.0,20.0,1.0,16.0,31.0,31.0,31.0,18.0,8.0,3.0,-1.9355816841125488,-1.6144336462020874,10.0,-1.57504141330719,-1.6550437211990356,-25.458750000000002,0.0,0.0,0.0,0.0,4.0,18.0,21.0,1.0,17.0,32.0,32.0,32.0,19.0,9.0,0.0
10831,0.0,0.0,0.0,0.0,4.0,18.0,21.0,1.0,17.0,32.0,32.0,32.0,19.0,9.0,3.0,-1.8908369541168213,-1.8269248008728027,3.0,-0.6534096598625183,-1.7779911756515503,-26.35875,0.0,0.0,0.0,0.0,5.0,19.0,22.0,1.0,18.0,33.0,33.0,33.0,20.0,10.0,0.0
10832,0.0,0.0,0.0,0.0,5.0,19.0,22.0,1.0,18.0,33.0,33.0,33.0,20.0,10.0,3.0,-1.9889001846313477,-0.8226470947265625,10.0,-1.5409241914749146,-1.5383074283599854,-27.25875,0.0,0.0,0.0,0.0,6.0,20.0,23.0,1.0,19.0,34.0,34.0,34.0,21.0,11.0,0.0
10833,0.0,0.0,0.0,0.0,6.0,20.0,23.0,1.0,19.0,34.0,34.0,34.0,21.0,11.0,3.0,-1.9348235130310059,-1.0824825763702393,10.0,-1.9473711252212524,-0.20207537710666656,-28.15875,0.0,0.0,0.0,0.0,7.0,21.0,24.0,1.0,20.0,35.0,35.0,35.0,22.0,12.0,0.0
10834,0.0,0.0,0.0,0.0,7.0,21.0,24.0,1.0,20.0,35.0,35.0,35.0,22.0,12.0,10.0,-1.8467609882354736,-1.3188506364822388,9.0,-1.0944498777389526,-1.3913285732269287,-22.2,0.0,0.0,0.0,0.0,8.0,22.0,25.0,2.0,21.0,36.0,36.0,36.0,23.0,1.0,0.0
10835,0.0,0.0,0.0,0.0,8.0,22.0,25.0,2.0,21.0,36.0,36.0,36.0,23.0,1.0,3.0,-1.9485504627227783,-1.7520321607589722,3.0,-1.345686435699463,-1.3109333515167236,-28.85875,0.0,0.0,0.0,0.0,9.0,23.0,26.0,1.0,22.0,37.0,37.0,37.0,24.0,2.0,0.0
10836,0.0,0.0,0.0,0.0,9.0,23.0,26.0,1.0,22.0,37.0,37.0,37.0,24.0,2.0,10.0,-1.9829943180084229,-1.3481192588806152,9.0,-1.963193655014038,-1.8848344087600708,-22.8,0.0,0.0,0.0,0.0,10.0,24.0,27.0,2.0,23.0,38.0,38.0,38.0,25.0,1.0,0.0
10837,0.0,0.0,0.0,0.0,10.0,24.0,27.0,2.0,23.0,38.0,38.0,38.0,25.0,1.0,8.0,-1.9609718322753906,-1.1419123411178589,3.0,-0.6756771206855774,-1.9673519134521484,-34.95375,0.0,0.0,0.0,0.0,11.0,25.0,28.0,1.0,24.0,39.0,39.0,39.0,1.0,2.0,0.0
10838,0.0,0.0,0.0,0.0,11.0,25.0,28.0,1.0,24.0,39.0,39.0,39.0,1.0,2.0,3.0,-1.9911161661148071,-1.7871984243392944,10.0,-1.2838536500930786,-1.9519113302230835,-28.75875,0.0,0.0,0.0,0.0,12.0,26.0,29.0,1.0,25.0,40.0,40.0,40.0,2.0,3.0,0.0
10839,0.0,0.0,0.0,0.0,12.0,26.0,29.0,1.0,25.0,40.0,40.0,40.0,2.0,3.0,3.0,-1.9923014640808105,-0.3969220519065857,10.0,-1.4868751764297485,-1.9837144613265991,-29.65875,0.0,0.0,0.0,0.0,13.0,27.0,30.0,1.0,26.0,41.0,41.0,41.0,3.0,4.0,0.0
10840,0.0,0.0,0.0,0.0,13.0,27.0,30.0,1.0,26.0,41.0,41.0,41.0,3.0,4.0,3.0,-1.9945093393325806,0.016812404617667198,10.0,-1.919762134552002,-1.9903385639190674,-30.5249168165225,0.0,0.016812404617667198,0.0,0.0,14.0,28.0,31.0,1.0,27.0,42.0,42.0,42.0,4.0,5.0,0.0
10841,0.0,0.016812404617667198,0.0,0.0,14.0,28.0,31.0,1.0,27.0,42.0,42.0,42.0,4.0,5.0,3.0,-1.9916236400604248,-1.880960464477539,9.0,0.9864764213562012,-1.9582425355911255,-31.458750000000002,0.0,0.0,0.9864764213562012,0.0,15.0,29.0,32.0,1.0,28.0,43.0,43.0,43.0,5.0,1.0,0.0
10842,0.0,0.0,0.9864764213562012,0.0,15.0,29.0,32.0,1.0,28.0,43.0,43.0,43.0,5.0,1.0,3.0,-1.9955545663833618,-0.8861908316612244,10.0,-1.5001752376556396,-1.8907524347305298,-31.85875,0.0,0.0,0.0,0.0,16.0,30.0,33.0,1.0,29.0,44.0,44.0,44.0,6.0,2.0,0.0
10843,0.0,0.0,0.0,0.0,16.0,30.0,33.0,1.0,29.0,44.0,44.0,44.0,6.0,2.0,3.0,-1.9980202913284302,-1.728502631187439,10.0,-1.545035481452942,-1.9738363027572632,-32.75875,0.0,0.0,0.0,0.0,17.0,31.0,34.0,1.0,30.0,45.0,45.0,45.0,7.0,3.0,0.0
10844,0.0,0.0,0.0,0.0,17.0,31.0,34.0,1.0,30.0,45.0,45.0,45.0,7.0,3.0,10.0,-1.9906240701675415,-0.7590401768684387,10.0,-1.249295711517334,-1.9390654563903809,-26.8,0.0,0.0,0.0,0.0,18.0,32.0,35.0,2.0,31.0,46.0,46.0,46.0,8.0,4.0,0.0
10845,0.0,0.0,0.0,0.0,18.0,32.0,35.0,2.0,31.0,46.0,46.0,46.0,8.0,4.0,9.0,-1.9759302139282227,-0.6885741949081421,3.0,-1.8727312088012695,-1.9018008708953857,-30.31875,0.0,0.0,0.0,0.0,19.0,33.0,36.0,1.0,32.0,47.0,47.0,47.0,9.0,1.0,0.0
10846,0.0,0.0,0.0,0.0,19.0,33.0,36.0,1.0,32.0,47.0,47.0,47.0,9.0,1.0,3.0,-1.9886984825134277,-1.7502638101577759,10.0,-1.6064177751541138,-1.9610751867294312,-35.058749999999996,0.0,0.0,0.0,0.0,20.0,34.0,37.0,1.0,33.0,48.0,48.0,48.0,10.0,2.0,0.0
10847,0.0,0.0,0.0,0.0,20.0,34.0,37.0,1.0,33.0,48.0,48.0,48.0,10.0,2.0,3.0,-1.994423508644104,-1.5419275760650635,1.0,-1.3443882465362549,-1.9427253007888794,-35.95875,0.0,0.0,0.0,0.0,21.0,1.0,38.0,1.0,34.0,49.0,49.0,49.0,11.0,3.0,0.0
10848,0.0,0.0,0.0,0.0,21.0,1.0,38.0,1.0,34.0,49.0,49.0,49.0,11.0,3.0,2.0,-1.9969658851623535,-1.837100625038147,10.0,-1.9715055227279663,-1.941930890083313,-40.89875,0.0,0.0,0.0,0.0,22.0,2.0,1.0,2.0,35.0,50.0,50.0,50.0,12.0,4.0,0.0
10849,0.0,0.0,0.0,0.0,22.0,2.0,1.0,2.0,35.0,50.0,50.0,50.0,12.0,4.0,10.0,-1.9712350368499756,1.0508949756622314,10.0,-1.9603558778762817,-1.6487923860549927,-23.8,0.0,1.0508949756622314,0.0,0.0,23.0,3.0,2.0,3.0,36.0,51.0,51.0,51.0,13.0,5.0,0.0
10850,0.0,1.0508949756622314,0.0,0.0,23.0,3.0,2.0,3.0,36.0,51.0,51.0,51.0,13.0,5.0,10.0,-1.9533499479293823,-0.5464575290679932,10.0,-1.9210118055343628,-1.631873369216919,-24.8,0.0,0.5044374465942383,0.0,0.0,24.0,4.0,3.0,4.0,37.0,52.0,52.0,52.0,14.0,6.0,0.0
10851,0.0,0.5044374465942383,0.0,0.0,24.0,4.0,3.0,4.0,37.0,52.0,52.0,52.0,14.0,6.0,9.0,-1.9896936416625977,-1.644355058670044,10.0,-1.9491593837738037,-1.7449887990951538,-28.31875,0.0,0.0,0.0,0.0,25.0,5.0,4.0,5.0,38.0,53.0,53.0,53.0,15.0,1.0,0.0
10852,0.0,0.0,0.0,0.0,25.0,5.0,4.0,5.0,38.0,53.0,53.0,53.0,15.0,1.0,10.0,-1.9373420476913452,-0.7527304887771606,10.0,-1.9053858518600464,-1.8198975324630737,-26.2,0.0,0.0,0.0,0.0,26.0,6.0,5.0,6.0,39.0,54.0,54.0,54.0,16.0,2.0,0.0
10853,0.0,0.0,0.0,0.0,26.0,6.0,5.0,6.0,39.0,54.0,54.0,54.0,16.0,2.0,3.0,-1.9520426988601685,-0.8161747455596924,10.0,-1.9667755365371704,-1.6806809902191162,-34.058749999999996,0.0,0.0,0.0,0.0,27.0,7.0,6.0,1.0,40.0,55.0,55.0,55.0,17.0,3.0,0.0
10854,0.0,0.0,0.0,0.0,27.0,7.0,6.0,1.0,40.0,55.0,55.0,55.0,17.0,3.0,10.0,-1.978006362915039,-1.4569367170333862,10.0,-1.945101022720337,-1.8589797019958496,-27.6,0.0,0.0,0.0,0.0,28.0,8.0,7.0,2.0,41.0,56.0,56.0,56.0,18.0,4.0,0.0
10855,0.0,0.0,0.0,0.0,28.0,8.0,7.0,2.0,41.0,56.0,56.0,56.0,18.0,4.0,10.0,-1.9331341981887817,-1.8194774389266968,10.0,-1.946698784828186,-1.710482120513916,-28.6,0.0,0.0,0.0,0.0,29.0,9.0,8.0,3.0,42.0,57.0,57.0,57.0,19.0,5.0,0.0
10856,0.0,0.0,0.0,0.0,29.0,9.0,8.0,3.0,42.0,57.0,57.0,57.0,19.0,5.0,10.0,-1.9472092390060425,-1.000339150428772,10.0,-1.8414816856384277,-1.713937759399414,-29.6,0.0,0.0,0.0,0.0,30.0,10.0,9.0,4.0,43.0,58.0,58.0,58.0,20.0,6.0,0.0
10857,0.0,0.0,0.0,0.0,30.0,10.0,9.0,4.0,43.0,58.0,58.0,58.0,20.0,6.0,9.0,-1.9812618494033813,-1.4566515684127808,10.0,-1.9588148593902588,-1.765537142753601,-33.11875,0.0,0.0,0.0,0.0,31.0,11.0,10.0,5.0,44.0,59.0,59.0,59.0,21.0,1.0,0.0
10858,0.0,0.0,0.0,0.0,31.0,11.0,10.0,5.0,44.0,59.0,59.0,59.0,21.0,1.0,9.0,-1.964963674545288,0.1436431109905243,10.0,-1.8428231477737427,-1.894864559173584,-33.388360074995745,0.0,0.1436431109905243,0.0,0.0,32.0,12.0,11.0,6.0,45.0,60.0,60.0,60.0,22.0,1.0,0.0
10859,0.0,0.1436431109905243,0.0,0.0,32.0,12.0,11.0,6.0,45.0,60.0,60.0,60.0,22.0,1.0,3.0,-1.9930864572525024,-1.3539283275604248,10.0,-1.8253198862075806,-1.9690258502960205,-38.75875,0.0,0.0,0.0,0.0,33.0,13.0,12.0,1.0,46.0,61.0,61.0,61.0,23.0,2.0,0.0
10860,0.0,0.0,0.0,0.0,33.0,13.0,12.0,1.0,46.0,61.0,61.0,61.0,23.0,2.0,10.0,-1.995745301246643,-0.9484100937843323,10.0,-1.990618348121643,-1.9197044372558594,-32.3,0.0,0.0,0.0,0.0,34.0,14.0,13.0,2.0,47.0,62.0,62.0,62.0,24.0,3.0,0.0
10861,0.0,0.0,0.0,0.0,34.0,14.0,13.0,2.0,47.0,62.0,62.0,62.0,24.0,3.0,3.0,-1.9927080869674683,-1.6633574962615967,10.0,-1.8976930379867554,-1.950522541999817,-40.15875,0.0,0.0,0.0,0.0,35.0,15.0,14.0,1.0,48.0,63.0,63.0,63.0,25.0,4.0,0.0
10862,0.0,0.0,0.0,0.0,35.0,15.0,14.0,1.0,48.0,63.0,63.0,63.0,25.0,4.0,10.0,-1.9935287237167358,-0.6206893920898438,10.0,-1.9887694120407104,-1.9890081882476807,-34.1,0.0,0.0,0.0,0.0,36.0,16.0,15.0,2.0,49.0,64.0,64.0,64.0,26.0,5.0,0.0
10863,0.0,0.0,0.0,0.0,36.0,16.0,15.0,2.0,49.0,64.0,64.0,64.0,26.0,5.0,3.0,-1.9979501962661743,-0.43510016798973083,3.0,-1.9751008749008179,-1.3667099475860596,-41.95875,0.0,0.0,0.0,0.0,37.0,17.0,16.0,1.0,50.0,65.0,65.0,65.0,27.0,6.0,0.0
10864,0.0,0.0,0.0,0.0,37.0,17.0,16.0,1.0,50.0,65.0,65.0,65.0,27.0,6.0,10.0,-1.995015025138855,-1.6153560876846313,10.0,-1.9318463802337646,-1.75136399269104,-35.9,0.0,0.0,0.0,0.0,38.0,18.0,17.0,2.0,51.0,66.0,66.0,66.0,28.0,7.0,0.0
10865,0.0,0.0,0.0,0.0,38.0,18.0,17.0,2.0,51.0,66.0,66.0,66.0,28.0,7.0,3.0,-1.9958401918411255,-1.359824538230896,3.0,-1.9183320999145508,-1.817495584487915,-43.75875,0.0,0.0,0.0,0.0,39.0,19.0,18.0,1.0,52.0,67.0,67.0,67.0,29.0,8.0,0.0
10866,0.0,0.0,0.0,0.0,39.0,19.0,18.0,1.0,52.0,67.0,67.0,67.0,29.0,8.0,10.0,-1.994905948638916,-1.7390565872192383,3.0,-1.899718165397644,-1.9636943340301514,-37.7,0.0,0.0,0.0,0.0,40.0,20.0,19.0,1.0,53.0,68.0,68.0,68.0,30.0,9.0,0.0
10867,0.0,0.0,0.0,0.0,40.0,20.0,19.0,1.0,53.0,68.0,68.0,68.0,30.0,9.0,10.0,-1.9946640729904175,-1.7660949230194092,10.0,-1.9297538995742798,-1.8457014560699463,-38.6,0.0,0.0,0.0,0.0,41.0,21.0,20.0,2.0,54.0,69.0,69.0,69.0,31.0,10.0,0.0
10868,0.0,0.0,0.0,0.0,41.0,21.0,20.0,2.0,54.0,69.0,69.0,69.0,31.0,10.0,5.0,-1.9961285591125488,-1.4415817260742188,3.0,-1.9848811626434326,-1.9070295095443726,-54.82875000000001,0.0,0.0,0.0,0.0,42.0,22.0,21.0,1.0,55.0,1.0,70.0,70.0,32.0,11.0,0.0
10869,0.0,0.0,0.0,0.0,42.0,22.0,21.0,1.0,55.0,1.0,70.0,70.0,32.0,11.0,1.0,-1.992172360420227,-0.6989514827728271,10.0,-1.933525800704956,-1.8792208433151245,-42.21875,0.0,0.0,0.0,0.0,43.0,1.0,22.0,2.0,56.0,2.0,71.0,71.0,33.0,12.0,0.0
10870,0.0,0.0,0.0,0.0,43.0,1.0,22.0,2.0,56.0,2.0,71.0,71.0,33.0,12.0,2.0,-1.9926623106002808,-1.7388814687728882,0.0,-1.9881255626678467,-1.8532047271728516,-46.598749999999995,0.0,0.0,0.0,0.0,1.0,2.0,1.0,3.0,57.0,3.0,72.0,72.0,34.0,13.0,0.0
10871,0.0,0.0,0.0,0.0,1.0,2.0,1.0,3.0,57.0,3.0,72.0,72.0,34.0,13.0,10.0,-1.996824026107788,-1.9189321994781494,10.0,-1.9978176355361938,-1.7812341451644897,-26.8,0.0,0.0,0.0,0.0,2.0,3.0,2.0,4.0,58.0,4.0,73.0,73.0,35.0,14.0,0.0
10872,0.0,0.0,0.0,0.0,2.0,3.0,2.0,4.0,58.0,4.0,73.0,73.0,35.0,14.0,4.0,-1.9984726905822754,-1.8464206457138062,10.0,-1.9977506399154663,-1.4591549634933472,-40.54875,0.0,0.0,0.0,0.0,3.0,4.0,3.0,5.0,1.0,5.0,74.0,74.0,36.0,15.0,0.0
10873,0.0,0.0,0.0,0.0,3.0,4.0,3.0,5.0,1.0,5.0,74.0,74.0,36.0,15.0,10.0,-1.8461359739303589,-0.8362972140312195,9.0,-1.624690055847168,-1.4763164520263672,-23.0,0.0,0.0,0.0,0.0,4.0,5.0,4.0,6.0,2.0,6.0,75.0,75.0,37.0,1.0,0.0
10874,0.0,0.0,0.0,0.0,4.0,5.0,4.0,6.0,2.0,6.0,75.0,75.0,37.0,1.0,10.0,-0.6393702030181885,-0.3071604371070862,0.0,-1.7941679954528809,-1.5514135360717773,-22.5,0.0,0.0,0.0,0.0,1.0,6.0,5.0,7.0,3.0,7.0,76.0,76.0,38.0,2.0,0.0
10875,0.0,0.0,0.0,0.0,1.0,6.0,5.0,7.0,3.0,7.0,76.0,76.0,38.0,2.0,4.0,-1.766097068786621,1.370609164237976,10.0,-1.905193567276001,0.24840007722377777,-34.01548406500058,0.0,1.370609164237976,0.0,0.24840007722377777,2.0,7.0,6.0,8.0,1.0,8.0,77.0,77.0,39.0,3.0,0.0
10876,0.0,1.370609164237976,0.0,0.24840007722377777,2.0,7.0,6.0,8.0,1.0,8.0,77.0,77.0,39.0,3.0,10.0,-1.6585363149642944,-0.9511831998825073,10.0,-0.5119356513023376,-0.6856953501701355,-23.8,0.0,0.41942596435546875,0.0,0.0,3.0,8.0,7.0,9.0,2.0,9.0,78.0,78.0,40.0,4.0,0.0
10877,0.0,0.41942596435546875,0.0,0.0,3.0,8.0,7.0,9.0,2.0,9.0,78.0,78.0,40.0,4.0,10.0,-1.7568057775497437,-1.4463493824005127,3.0,-1.828871250152588,-0.6781530976295471,-24.8,0.0,0.0,0.0,0.0,4.0,9.0,8.0,1.0,3.0,10.0,79.0,79.0,41.0,5.0,0.0
10878,0.0,0.0,0.0,0.0,4.0,9.0,8.0,1.0,3.0,10.0,79.0,79.0,41.0,5.0,7.0,-1.7601392269134521,1.4493013620376587,10.0,-1.7749273777008057,-0.43492722511291504,-31.635040115658974,0.0,1.4493013620376587,0.0,0.0,5.0,10.0,9.0,2.0,4.0,11.0,80.0,1.0,42.0,6.0,0.0
10879,0.0,1.4493013620376587,0.0,0.0,5.0,10.0,9.0,2.0,4.0,11.0,80.0,1.0,42.0,6.0,8.0,1.3607584238052368,-1.6591193675994873,0.0,-1.6425807476043701,1.8729345798492432,-27.953417395114826,1.3607584238052368,0.0,0.0,1.8729345798492432,1.0,11.0,10.0,3.0,5.0,12.0,81.0,2.0,1.0,7.0,0.0
10880,1.3607584238052368,0.0,0.0,1.8729345798492432,1.0,11.0,10.0,3.0,5.0,12.0,81.0,2.0,1.0,7.0,10.0,-0.5431107878684998,-1.4111621379852295,0.0,0.1996043473482132,-1.3199491500854492,-14.3,0.8176476359367371,0.0,0.1996043473482132,0.552985429763794,1.0,12.0,11.0,4.0,6.0,13.0,82.0,3.0,2.0,8.0,0.0
10881,0.8176476359367371,0.0,0.1996043473482132,0.552985429763794,1.0,12.0,11.0,4.0,6.0,13.0,82.0,3.0,2.0,8.0,10.0,-1.1457635164260864,-0.5306332111358643,0.0,0.9610422253608704,-1.3383275270462036,-15.2,0.0,0.0,1.1606465727090836,0.0,1.0,13.0,12.0,5.0,7.0,14.0,83.0,4.0,3.0,9.0,0.0
10882,0.0,0.0,1.1606465727090836,0.0,1.0,13.0,12.0,5.0,7.0,14.0,83.0,4.0,3.0,9.0,10.0,-1.8466719388961792,-1.3351062536239624,0.0,1.485442042350769,-0.8027596473693848,-16.1,0.0,0.0,2.6460886150598526,0.0,1.0,14.0,13.0,6.0,8.0,15.0,84.0,5.0,4.0,10.0,0.0
10883,0.0,0.0,2.6460886150598526,0.0,1.0,14.0,13.0,6.0,8.0,15.0,84.0,5.0,4.0,10.0,10.0,-1.9601719379425049,1.935291051864624,3.0,-1.774746298789978,-0.35788631439208984,-17.0,0.0,1.935291051864624,0.8713423162698746,0.0,2.0,15.0,14.0,1.0,9.0,16.0,85.0,6.0,5.0,11.0,0.0
10884,0.0,1.935291051864624,0.8713423162698746,0.0,2.0,15.0,14.0,1.0,9.0,16.0,85.0,6.0,5.0,11.0,10.0,-0.36650794744491577,-1.7066553831100464,3.0,-1.905113935470581,0.4411449730396271,-17.4,0.0,0.22863566875457764,0.0,0.4411449730396271,3.0,16.0,15.0,1.0,10.0,17.0,86.0,7.0,6.0,12.0,0.0
10885,0.0,0.22863566875457764,0.0,0.4411449730396271,3.0,16.0,15.0,1.0,10.0,17.0,86.0,7.0,6.0,12.0,10.0,-1.8643232583999634,0.8762902617454529,3.0,-0.2978713810443878,-0.09107604622840881,-18.3,0.0,1.1049259305000305,0.0,0.35006892681121826,4.0,17.0,16.0,1.0,11.0,18.0,87.0,8.0,7.0,13.0,0.0
10886,0.0,1.1049259305000305,0.0,0.35006892681121826,4.0,17.0,16.0,1.0,11.0,18.0,87.0,8.0,7.0,13.0,10.0,-1.7701845169067383,-0.6300333142280579,3.0,-0.4881812036037445,-0.36419877409935,-19.2,0.0,0.47489261627197266,0.0,0.0,5.0,18.0,17.0,1.0,12.0,19.0,88.0,9.0,8.0,14.0,0.0
10887,0.0,0.47489261627197266,0.0,0.0,5.0,18.0,17.0,1.0,12.0,19.0,88.0,9.0,8.0,14.0,10.0,-1.0550798177719116,-0.49355876445770264,3.0,-1.8720285892486572,-1.5803556442260742,-20.1,0.0,0.0,0.0,0.0,6.0,19.0,18.0,1.0,13.0,20.0,89.0,10.0,9.0,15.0,0.0
10888,0.0,0.0,0.0,0.0,6.0,19.0,18.0,1.0,13.0,20.0,89.0,10.0,9.0,15.0,10.0,-0.798688530921936,-1.6000370979309082,0.0,-1.000203013420105,-1.2166459560394287,-21.0,0.0,0.0,0.0,0.0,1.0,20.0,19.0,2.0,14.0,21.0,90.0,11.0,10.0,16.0,0.0
10889,0.0,0.0,0.0,0.0,1.0,20.0,19.0,2.0,14.0,21.0,90.0,11.0,10.0,16.0,10.0,-1.6627918481826782,-1.5898011922836304,3.0,1.1178773641586304,-0.6108487248420715,-21.4,0.0,0.0,1.1178773641586304,0.0,2.0,21.0,20.0,1.0,15.0,22.0,91.0,12.0,11.0,17.0,0.0
10890,0.0,0.0,1.1178773641586304,0.0,2.0,21.0,20.0,1.0,15.0,22.0,91.0,12.0,11.0,17.0,10.0,0.10313842445611954,-0.9201905131340027,10.0,-1.9542932510375977,0.706037163734436,-22.2,0.10313842445611954,0.0,0.0,0.706037163734436,3.0,22.0,21.0,2.0,16.0,23.0,92.0,13.0,12.0,18.0,0.0
10891,0.10313842445611954,0.0,0.0,0.706037163734436,3.0,22.0,21.0,2.0,16.0,23.0,92.0,13.0,12.0,18.0,2.0,-1.834917426109314,-0.2687283456325531,10.0,-1.860249638557434,-1.0411348342895508,-37.498749999999994,0.0,0.0,0.0,0.0,4.0,23.0,1.0,3.0,17.0,24.0,93.0,14.0,13.0,19.0,0.0
10892,0.0,0.0,0.0,0.0,4.0,23.0,1.0,3.0,17.0,24.0,93.0,14.0,13.0,19.0,10.0,-1.8389924764633179,-0.8380494713783264,10.0,-0.4675052762031555,0.6756315231323242,-22.1,0.0,0.0,0.0,0.6756315231323242,5.0,24.0,2.0,4.0,18.0,25.0,94.0,15.0,14.0,20.0,0.0
10893,0.0,0.0,0.0,0.6756315231323242,5.0,24.0,2.0,4.0,18.0,25.0,94.0,15.0,14.0,20.0,10.0,-0.631692111492157,-1.4387545585632324,3.0,-1.6980808973312378,0.38558244705200195,-23.1,0.0,0.0,0.0,1.0612139701843262,6.0,25.0,3.0,1.0,19.0,26.0,95.0,16.0,15.0,21.0,0.0
10894,0.0,0.0,0.0,1.0612139701843262,6.0,25.0,3.0,1.0,19.0,26.0,95.0,16.0,15.0,21.0,10.0,-1.9226959943771362,1.0846681594848633,0.0,-1.6804026365280151,0.47177016735076904,-23.7,0.0,1.0846681594848633,0.0,1.5329841375350952,1.0,26.0,4.0,2.0,20.0,27.0,96.0,17.0,16.0,22.0,0.0
10895,0.0,1.0846681594848633,0.0,1.5329841375350952,1.0,26.0,4.0,2.0,20.0,27.0,96.0,17.0,16.0,22.0,10.0,-1.8130388259887695,-1.4096274375915527,10.0,-1.7617942094802856,-1.788713812828064,-24.1,0.0,0.0,0.0,0.0,2.0,27.0,5.0,3.0,21.0,28.0,97.0,18.0,17.0,23.0,0.0
10896,0.0,0.0,0.0,0.0,2.0,27.0,5.0,3.0,21.0,28.0,97.0,18.0,17.0,23.0,10.0,-1.5263936519622803,-1.9197189807891846,3.0,-1.800637125968933,-1.6898897886276245,-25.1,0.0,0.0,0.0,0.0,3.0,28.0,6.0,1.0,22.0,29.0,98.0,19.0,18.0,24.0,0.0
10897,0.0,0.0,0.0,0.0,3.0,28.0,6.0,1.0,22.0,29.0,98.0,19.0,18.0,24.0,10.0,-1.9551903009414673,-1.9724103212356567,10.0,-1.5146958827972412,-0.6287544369697571,-25.8,0.0,0.0,0.0,0.0,4.0,29.0,7.0,2.0,23.0,30.0,99.0,20.0,19.0,25.0,0.0
10898,0.0,0.0,0.0,0.0,4.0,29.0,7.0,2.0,23.0,30.0,99.0,20.0,19.0,25.0,10.0,-0.8263872265815735,-0.5938171148300171,10.0,-0.9041379690170288,-0.338305801153183,-26.8,0.0,0.0,0.0,0.0,5.0,30.0,8.0,3.0,24.0,31.0,100.0,21.0,20.0,26.0,0.0
10899,0.0,0.0,0.0,0.0,5.0,30.0,8.0,3.0,24.0,31.0,100.0,21.0,20.0,26.0,10.0,-1.29012930393219,1.5759632587432861,3.0,-1.4670767784118652,0.0032807558309286833,-27.7,0.0,1.5759632587432861,0.0,0.0032807558309286833,6.0,31.0,9.0,1.0,25.0,32.0,100.0,22.0,21.0,27.0,1.0
10900,8.471129417419434,5.03377628326416,5.119992256164551,0.019636454060673714,1.0,1.0,1.0,1.0,1.0,1.0,1.0,1.0,1.0,1.0,8.0,-1.9776458740234375,-1.4429171085357666,1.0,-1.9673579931259155,-1.7583543062210083,-5.487320536813733,6.493483543395996,3.5908591747283936,3.1526342630386353,0.0,2.0,1.0,2.0,2.0,2.0,2.0,2.0,2.0,1.0,2.0,0.0
10901,6.493483543395996,3.5908591747283936,3.1526342630386353,0.0,2.0,1.0,2.0,2.0,2.0,2.0,2.0,2.0,1.0,2.0,2.0,-1.3946765661239624,-0.522613525390625,1.0,-1.6203144788742065,-1.5780829191207886,-5.655415294938402,5.098806977272034,3.0682456493377686,1.5323197841644287,0.0,3.0,1.0,1.0,3.0,3.0,3.0,3.0,3.0,2.0,3.0,0.0
10902,5.098806977272034,3.0682456493377686,1.5323197841644287,0.0,3.0,1.0,1.0,3.0,3.0,3.0,3.0,3.0,2.0,3.0,3.0,-1.9591891765594482,-1.6669282913208008,0.0,-1.4870349168777466,-1.708815097808838,-8.39405199760171,3.1396178007125854,1.4013173580169678,0.04528486728668213,0.0,1.0,2.0,2.0,1.0,4.0,4.0,4.0,4.0,3.0,4.0,0.0
10903,3.1396178007125854,1.4013173580169678,0.04528486728668213,0.0,1.0,2.0,2.0,1.0,4.0,4.0,4.0,4.0,3.0,4.0,1.0,-1.92472505569458,-1.0862953662872314,1.0,-1.7229169607162476,-1.4509676694869995,-9.98244720148185,1.2148927450180054,0.31502199172973633,0.0,0.0,2.0,1.0,3.0,2.0,5.0,5.0,5.0,5.0,4.0,5.0,0.0
10904,1.2148927450180054,0.31502199172973633,0.0,0.0,2.0,1.0,3.0,2.0,5.0,5.0,5.0,5.0,4.0,5.0,2.0,-1.2214807271957397,-1.3216288089752197,10.0,-1.706292986869812,-0.6777147054672241,-18.998749999999998,0.0,0.0,0.0,0.0,3.0,2.0,1.0,3.0,6.0,6.0,6.0,6.0,5.0,6.0,0.0
10905,0.0,0.0,0.0,0.0,3.0,2.0,1.0,3.0,6.0,6.0,6.0,6.0,5.0,6.0,9.0,-1.7167589664459229,-1.0631721019744873,10.0,-0.6529603600502014,-1.9043335914611816,-7.918749999999999,0.0,0.0,0.0,0.0,4.0,3.0,2.0,4.0,7.0,7.0,7.0,7.0,6.0,1.0,0.0
10906,0.0,0.0,0.0,0.0,4.0,3.0,2.0,4.0,7.0,7.0,7.0,7.0,6.0,1.0,3.0,-0.7331275939941406,-1.9135397672653198,3.0,-1.897058367729187,-1.66944420337677,-12.65875,0.0,0.0,0.0,0.0,5.0,4.0,3.0,1.0,8.0,8.0,8.0,8.0,7.0,2.0,0.0
10907,0.0,0.0,0.0,0.0,5.0,4.0,3.0,1.0,8.0,8.0,8.0,8.0,7.0,2.0,3.0,-1.9562114477157593,-1.731215238571167,3.0,-1.5341888666152954,-1.8509764671325684,-13.25875,0.0,0.0,0.0,0.0,6.0,5.0,4.0,1.0,9.0,9.0,9.0,9.0,8.0,3.0,0.0
10908,0.0,0.0,0.0,0.0,6.0,5.0,4.0,1.0,9.0,9.0,9.0,9.0,8.0,3.0,10.0,-1.6939022541046143,-1.7821166515350342,5.0,-0.5533964037895203,-1.8739334344863892,-7.3,0.0,0.0,0.0,0.0,7.0,6.0,5.0,2.0,10.0,1.0,10.0,10.0,9.0,4.0,0.0
10909,0.0,0.0,0.0,0.0,7.0,6.0,5.0,2.0,10.0,1.0,10.0,10.0,9.0,4.0,2.0,-1.7666161060333252,-1.278990387916565,0.0,-1.758919596672058,-1.8200496435165405,-21.698749999999997,0.0,0.0,0.0,0.0,1.0,7.0,1.0,3.0,11.0,2.0,11.0,11.0,10.0,5.0,0.0
10910,0.0,0.0,0.0,0.0,1.0,7.0,1.0,3.0,11.0,2.0,11.0,11.0,10.0,5.0,2.0,-1.5988434553146362,-1.3482657670974731,3.0,-0.8643347024917603,-0.8095546364784241,-21.498749999999998,0.0,0.0,0.0,0.0,2.0,8.0,1.0,1.0,12.0,3.0,12.0,12.0,11.0,6.0,0.0
10911,0.0,0.0,0.0,0.0,2.0,8.0,1.0,1.0,12.0,3.0,12.0,12.0,11.0,6.0,9.0,-1.5996575355529785,-1.3947612047195435,0.0,-1.7016805410385132,-1.8396389484405518,-10.31875,0.0,0.0,0.0,0.0,1.0,9.0,2.0,2.0,13.0,4.0,13.0,13.0,12.0,1.0,0.0
10912,0.0,0.0,0.0,0.0,1.0,9.0,2.0,2.0,13.0,4.0,13.0,13.0,12.0,1.0,10.0,-1.9195482730865479,-0.9944786429405212,0.0,-1.5758014917373657,-1.0729081630706787,-8.0,0.0,0.0,0.0,0.0,1.0,10.0,3.0,3.0,14.0,5.0,14.0,14.0,13.0,2.0,0.0
10913,0.0,0.0,0.0,0.0,1.0,10.0,3.0,3.0,14.0,5.0,14.0,14.0,13.0,2.0,8.0,-1.4381040334701538,-1.6012505292892456,9.0,-1.8860338926315308,-1.2529878616333008,-20.25375,0.0,0.0,0.0,0.0,2.0,11.0,4.0,4.0,15.0,6.0,15.0,15.0,1.0,1.0,0.0
10914,0.0,0.0,0.0,0.0,2.0,11.0,4.0,4.0,15.0,6.0,15.0,15.0,1.0,1.0,4.0,-1.684293270111084,-1.3807787895202637,3.0,-1.0352329015731812,-1.8056241273880005,-21.14875,0.0,0.0,0.0,0.0,3.0,12.0,5.0,1.0,1.0,7.0,16.0,16.0,2.0,2.0,0.0
10915,0.0,0.0,0.0,0.0,3.0,12.0,5.0,1.0,1.0,7.0,16.0,16.0,2.0,2.0,3.0,-1.6745235919952393,1.525167465209961,9.0,-1.6540418863296509,-1.041772484779358,-11.646088606126849,0.0,1.525167465209961,0.0,0.0,4.0,13.0,6.0,1.0,2.0,8.0,17.0,17.0,3.0,1.0,0.0
10916,0.0,1.525167465209961,0.0,0.0,4.0,13.0,6.0,1.0,2.0,8.0,17.0,17.0,3.0,1.0,9.0,0.12466733157634735,-0.2035912275314331,8.0,-0.5774286985397339,-1.7322090864181519,-9.666193299798929,0.12466733157634735,1.3215762376785278,0.0,0.0,5.0,14.0,7.0,2.0,3.0,9.0,18.0,18.0,1.0,1.0,0.0
10917,0.12466733157634735,1.3215762376785278,0.0,0.0,5.0,14.0,7.0,2.0,3.0,9.0,18.0,18.0,1.0,1.0,4.0,-1.1813232898712158,-1.489120364189148,9.0,-0.6749768257141113,-1.9129054546356201,-21.548750000000002,0.0,0.0,0.0,0.0,6.0,15.0,8.0,3.0,1.0,10.0,19.0,19.0,2.0,1.0,0.0
10918,0.0,0.0,0.0,0.0,6.0,15.0,8.0,3.0,1.0,10.0,19.0,19.0,2.0,1.0,10.0,-1.8801465034484863,-1.9249467849731445,10.0,0.4475080966949463,-1.1083009243011475,-9.4,0.0,0.0,0.4475080966949463,0.0,7.0,16.0,9.0,4.0,2.0,11.0,20.0,20.0,3.0,2.0,0.0
10919,0.0,0.0,0.4475080966949463,0.0,7.0,16.0,9.0,4.0,2.0,11.0,20.0,20.0,3.0,2.0,3.0,0.5021938681602478,-1.47831392288208,1.0,-1.6938287019729614,-1.7549982070922852,-17.142160696459072,0.5021938681602478,0.0,0.0,0.0,8.0,1.0,10.0,1.0,3.0,12.0,21.0,21.0,4.0,3.0,0.0
10920,0.5021938681602478,0.0,0.0,0.0,8.0,1.0,10.0,1.0,3.0,12.0,21.0,21.0,4.0,3.0,4.0,-1.9152748584747314,-1.2914241552352905,10.0,-0.9740132689476013,-0.3470306694507599,-22.14875,0.0,0.0,0.0,0.0,9.0,2.0,11.0,2.0,1.0,13.0,22.0,22.0,5.0,4.0,0.0
10921,0.0,0.0,0.0,0.0,9.0,2.0,11.0,2.0,1.0,13.0,22.0,22.0,5.0,4.0,7.0,-1.4986680746078491,0.9228298664093018,10.0,-0.9761287569999695,-1.8895694017410278,-16.804673060575354,0.0,0.9228298664093018,0.0,0.0,10.0,3.0,12.0,3.0,2.0,14.0,23.0,1.0,6.0,5.0,0.0
10922,0.0,0.9228298664093018,0.0,0.0,10.0,3.0,12.0,3.0,2.0,14.0,23.0,1.0,6.0,5.0,9.0,-0.9860196113586426,-1.5423942804336548,0.0,-0.5312497615814209,-1.6174877882003784,-11.41875,0.0,0.0,0.0,0.0,1.0,4.0,13.0,4.0,3.0,15.0,24.0,2.0,7.0,1.0,0.0
10923,0.0,0.0,0.0,0.0,1.0,4.0,13.0,4.0,3.0,15.0,24.0,2.0,7.0,1.0,3.0,-1.7097002267837524,-1.510894775390625,3.0,-1.180309534072876,0.07255885004997253,-15.25875,0.0,0.0,0.0,0.07255885004997253,2.0,5.0,14.0,1.0,4.0,16.0,25.0,3.0,8.0,2.0,0.0
10924,0.0,0.0,0.0,0.07255885004997253,2.0,5.0,14.0,1.0,4.0,16.0,25.0,3.0,8.0,2.0,1.0,-1.9123426675796509,-1.2881605625152588,3.0,-0.15875042974948883,-1.8456355333328247,-17.71875,0.0,0.0,0.0,0.0,3.0,1.0,15.0,1.0,5.0,17.0,26.0,4.0,9.0,3.0,0.0
10925,0.0,0.0,0.0,0.0,3.0,1.0,15.0,1.0,5.0,17.0,26.0,4.0,9.0,3.0,1.0,-1.8617063760757446,-0.7612102627754211,9.0,-1.5000756978988647,-0.9640952944755554,-18.118750000000002,0.0,0.0,0.0,0.0,4.0,1.0,16.0,2.0,6.0,18.0,27.0,5.0,10.0,1.0,0.0
10926,0.0,0.0,0.0,0.0,4.0,1.0,16.0,2.0,6.0,18.0,27.0,5.0,10.0,1.0,0.0,-0.7055183053016663,0.11884748935699463,3.0,-1.3304288387298584,-1.1294610500335693,-11.8456752499366,0.0,0.11884748935699463,0.0,0.0,1.0,2.0,17.0,1.0,7.0,19.0,28.0,6.0,11.0,2.0,0.0
10927,0.0,0.11884748935699463,0.0,0.0,1.0,2.0,17.0,1.0,7.0,19.0,28.0,6.0,11.0,2.0,0.0,-1.7680771350860596,-1.544459342956543,3.0,-1.6279106140136719,0.7199324369430542,-12.29875,0.0,0.0,0.0,0.7199324369430542,1.0,3.0,18.0,1.0,8.0,20.0,29.0,7.0,12.0,3.0,0.0
10928,0.0,0.0,0.0,0.7199324369430542,1.0,3.0,18.0,1.0,8.0,20.0,29.0,7.0,12.0,3.0,10.0,0.06754284352064133,-1.2574526071548462,9.0,-1.2294601202011108,1.6463643312454224,-11.2,0.06754284352064133,0.0,0.0,2.3662967681884766,2.0,4.0,19.0,2.0,9.0,21.0,30.0,8.0,13.0,1.0,0.0
10929,0.06754284352064133,0.0,0.0,2.3662967681884766,2.0,4.0,19.0,2.0,9.0,21.0,30.0,8.0,13.0,1.0,2.0,-1.6173043251037598,-1.6156342029571533,3.0,1.0823252201080322,-1.9307925701141357,-26.198749999999997,0.0,0.0,1.0823252201080322,0.4355041980743408,3.0,5.0,1.0,1.0,10.0,22.0,31.0,9.0,14.0,2.0,0.0
10930,0.0,0.0,1.0823252201080322,0.4355041980743408,3.0,5.0,1.0,1.0,10.0,22.0,31.0,9.0,14.0,2.0,7.0,-0.9995948672294617,0.11378213763237,10.0,-1.175876259803772,-1.2607892751693726,-17.625484225434814,0.0,0.11378213763237,0.0,0.0,4.0,6.0,2.0,2.0,11.0,23.0,32.0,1.0,15.0,3.0,0.0
10931,0.0,0.11378213763237,0.0,0.0,4.0,6.0,2.0,2.0,11.0,23.0,32.0,1.0,15.0,3.0,7.0,-0.9575583934783936,-1.5732430219650269,0.0,-0.5150789022445679,-1.0270782709121704,-17.75875,0.0,0.0,0.0,0.0,1.0,7.0,3.0,3.0,12.0,24.0,33.0,1.0,16.0,4.0,0.0
10932,0.0,0.0,0.0,0.0,1.0,7.0,3.0,3.0,12.0,24.0,33.0,1.0,16.0,4.0,3.0,-0.15622541308403015,-1.9003701210021973,3.0,-1.6399803161621094,-1.018331527709961,-18.25875,0.0,0.0,0.0,0.0,2.0,8.0,4.0,1.0,13.0,25.0,34.0,2.0,17.0,5.0,0.0
10933,0.0,0.0,0.0,0.0,2.0,8.0,4.0,1.0,13.0,25.0,34.0,2.0,17.0,5.0,3.0,-1.1260164976119995,-0.29409563541412354,3.0,-1.7084999084472656,-1.4279392957687378,-18.95875,0.0,0.0,0.0,0.0,3.0,9.0,5.0,1.0,14.0,26.0,35.0,3.0,18.0,6.0,0.0
10934,0.0,0.0,0.0,0.0,3.0,9.0,5.0,1.0,14.0,26.0,35.0,3.0,18.0,6.0,3.0,-1.8634709119796753,0.2822059988975525,3.0,-1.3463486433029175,-0.22987774014472961,-19.302449147222564,0.0,0.2822059988975525,0.0,0.0,4.0,10.0,6.0,1.0,15.0,27.0,36.0,4.0,19.0,7.0,0.0
10935,0.0,0.2822059988975525,0.0,0.0,4.0,10.0,6.0,1.0,15.0,27.0,36.0,4.0,19.0,7.0,8.0,-0.482500821352005,-1.6869735717773438,3.0,-1.1729021072387695,-0.9915259480476379,-25.25375,0.0,0.0,0.0,0.0,5.0,11.0,7.0,1.0,16.0,28.0,37.0,5.0,1.0,8.0,0.0
10936,0.0,0.0,0.0,0.0,5.0,11.0,7.0,1.0,16.0,28.0,37.0,5.0,1.0,8.0,9.0,-0.3612547218799591,0.05564659833908081,3.0,-1.4795678853988647,-1.903399109840393,-15.367478627850193,0.0,0.05564659833908081,0.0,0.0,6.0,12.0,8.0,1.0,17.0,29.0,38.0,6.0,2.0,1.0,0.0
10937,0.0,0.05564659833908081,0.0,0.0,6.0,12.0,8.0,1.0,17.0,29.0,38.0,6.0,2.0,1.0,3.0,-1.891310691833496,0.8216962814331055,10.0,1.207449197769165,-1.7605702877044678,-18.210212329205522,0.0,0.8773428797721863,1.207449197769165,0.0,7.0,13.0,9.0,1.0,18.0,30.0,39.0,7.0,3.0,2.0,0.0
10938,0.0,0.8773428797721863,1.207449197769165,0.0,7.0,13.0,9.0,1.0,18.0,30.0,39.0,7.0,3.0,2.0,0.0,-1.821797490119934,-1.3053367137908936,3.0,0.35075291991233826,-1.6493889093399048,-15.79875,0.0,0.0,1.5582021176815033,0.0,1.0,14.0,10.0,1.0,19.0,31.0,40.0,8.0,4.0,3.0,0.0
10939,0.0,0.0,1.5582021176815033,0.0,1.0,14.0,10.0,1.0,19.0,31.0,40.0,8.0,4.0,3.0,10.0,-1.8584524393081665,-1.109296202659607,3.0,-1.2201049327850342,-1.4087918996810913,-14.1,0.0,0.0,0.3380971848964691,0.0,2.0,15.0,11.0,1.0,20.0,32.0,41.0,9.0,5.0,4.0,0.0
10940,0.0,0.0,0.3380971848964691,0.0,2.0,15.0,11.0,1.0,20.0,32.0,41.0,9.0,5.0,4.0,7.0,-1.8990490436553955,-0.673701822757721,3.0,-1.3637385368347168,-1.7381477355957031,-21.85875,0.0,0.0,0.0,0.0,3.0,16.0,12.0,1.0,21.0,33.0,42.0,1.0,6.0,5.0,0.0
10941,0.0,0.0,0.0,0.0,3.0,16.0,12.0,1.0,21.0,33.0,42.0,1.0,6.0,5.0,10.0,-1.8398813009262085,-1.0116262435913086,3.0,-0.005208778660744429,-1.9057363271713257,-15.0,0.0,0.0,0.0,0.0,4.0,17.0,13.0,1.0,22.0,34.0,43.0,2.0,7.0,6.0,0.0
10942,0.0,0.0,0.0,0.0,4.0,17.0,13.0,1.0,22.0,34.0,43.0,2.0,7.0,6.0,3.0,-1.4519823789596558,-1.9517110586166382,3.0,-1.45047128200531,-1.5959134101867676,-22.75875,0.0,0.0,0.0,0.0,5.0,18.0,14.0,1.0,23.0,35.0,44.0,3.0,8.0,7.0,0.0
10943,0.0,0.0,0.0,0.0,5.0,18.0,14.0,1.0,23.0,35.0,44.0,3.0,8.0,7.0,10.0,-1.727859377861023,-1.479038953781128,3.0,0.8351233005523682,-1.7979635000228882,-16.8,0.0,0.0,0.8351233005523682,0.0,6.0,19.0,15.0,1.0,24.0,36.0,45.0,4.0,9.0,8.0,0.0
10944,0.0,0.0,0.8351233005523682,0.0,6.0,19.0,15.0,1.0,24.0,36.0,45.0,4.0,9.0,8.0,10.0,-1.7615556716918945,-1.4970406293869019,3.0,-1.5497525930404663,-1.962480068206787,-17.7,0.0,0.0,0.0,0.0,7.0,20.0,16.0,1.0,25.0,37.0,46.0,5.0,10.0,9.0,0.0
10945,0.0,0.0,0.0,0.0,7.0,20.0,16.0,1.0,25.0,37.0,46.0,5.0,10.0,9.0,10.0,-1.908401608467102,-1.370715856552124,3.0,-0.7587400674819946,-1.8501161336898804,-18.6,0.0,0.0,0.0,0.0,8.0,21.0,17.0,1.0,26.0,38.0,47.0,6.0,11.0,10.0,0.0
10946,0.0,0.0,0.0,0.0,8.0,21.0,17.0,1.0,26.0,38.0,47.0,6.0,11.0,10.0,3.0,-1.8110804557800293,0.23550362884998322,3.0,-1.0059316158294678,-1.9165236949920654,-25.892806791543517,0.0,0.23550362884998322,0.0,0.0,9.0,22.0,18.0,1.0,27.0,39.0,48.0,7.0,12.0,11.0,0.0
10947,0.0,0.23550362884998322,0.0,0.0,9.0,22.0,18.0,1.0,27.0,39.0,48.0,7.0,12.0,11.0,0.0,-1.9639757871627808,-1.3367888927459717,3.0,-1.966970443725586,-1.9852416515350342,-22.29875,0.0,0.0,0.0,0.0,1.0,23.0,19.0,1.0,28.0,40.0,49.0,8.0,13.0,12.0,0.0
10948,0.0,0.0,0.0,0.0,1.0,23.0,19.0,1.0,28.0,40.0,49.0,8.0,13.0,12.0,7.0,-1.966263771057129,-1.8000303506851196,3.0,-1.3629155158996582,-1.7680552005767822,-27.25875,0.0,0.0,0.0,0.0,2.0,24.0,20.0,1.0,29.0,41.0,50.0,1.0,14.0,13.0,0.0
10949,0.0,0.0,0.0,0.0,2.0,24.0,20.0,1.0,29.0,41.0,50.0,1.0,14.0,13.0,0.0,-1.972643494606018,-1.94285249710083,3.0,0.035459376871585846,-1.9363787174224854,-22.39875,0.0,0.0,0.035459376871585846,0.0,1.0,25.0,21.0,1.0,30.0,42.0,51.0,2.0,15.0,14.0,0.0
10950,0.0,0.0,0.035459376871585846,0.0,1.0,25.0,21.0,1.0,30.0,42.0,51.0,2.0,15.0,14.0,3.0,-1.9622538089752197,-1.885156273841858,3.0,1.2555296421051025,-1.8322584629058838,-28.05875,0.0,0.0,1.2909890189766884,0.0,2.0,26.0,22.0,1.0,31.0,43.0,52.0,3.0,16.0,15.0,0.0
10951,0.0,0.0,1.2909890189766884,0.0,2.0,26.0,22.0,1.0,31.0,43.0,52.0,3.0,16.0,15.0,3.0,-1.9953206777572632,-1.3081756830215454,3.0,-1.7986464500427246,-1.9803208112716675,-28.958750000000002,0.0,0.0,0.0,0.0,3.0,27.0,23.0,1.0,32.0,44.0,53.0,4.0,17.0,16.0,0.0
10952,0.0,0.0,0.0,0.0,3.0,27.0,23.0,1.0,32.0,44.0,53.0,4.0,17.0,16.0,3.0,-1.8950116634368896,-1.833103895187378,3.0,-1.981236457824707,-1.9533073902130127,-29.85875,0.0,0.0,0.0,0.0,4.0,28.0,24.0,1.0,33.0,45.0,54.0,5.0,18.0,17.0,0.0
10953,0.0,0.0,0.0,0.0,4.0,28.0,24.0,1.0,33.0,45.0,54.0,5.0,18.0,17.0,3.0,-1.9963703155517578,-1.1235957145690918,3.0,0.22835341095924377,-1.9264342784881592,-30.75875,0.0,0.0,0.22835341095924377,0.0,5.0,29.0,25.0,1.0,34.0,46.0,55.0,6.0,19.0,18.0,0.0
10954,0.0,0.0,0.22835341095924377,0.0,5.0,29.0,25.0,1.0,34.0,46.0,55.0,6.0,19.0,18.0,7.0,-1.893910527229309,-1.4273357391357422,3.0,-0.8272194266319275,-1.963937520980835,-31.65875,0.0,0.0,0.0,0.0,6.0,30.0,26.0,1.0,35.0,47.0,56.0,1.0,20.0,19.0,0.0
10955,0.0,0.0,0.0,0.0,6.0,30.0,26.0,1.0,35.0,47.0,56.0,1.0,20.0,19.0,3.0,-1.9733465909957886,-1.9678313732147217,3.0,0.7353197932243347,-1.9675630331039429,-31.958750000000002,0.0,0.0,0.7353197932243347,0.0,7.0,31.0,27.0,1.0,36.0,48.0,57.0,2.0,21.0,20.0,0.0
10956,0.0,0.0,0.7353197932243347,0.0,7.0,31.0,27.0,1.0,36.0,48.0,57.0,2.0,21.0,20.0,10.0,-1.9992406368255615,-1.952090859413147,3.0,-0.7433858513832092,-1.9570724964141846,-26.0,0.0,0.0,0.0,0.0,8.0,32.0,28.0,1.0,37.0,49.0,58.0,3.0,22.0,21.0,0.0
10957,0.0,0.0,0.0,0.0,8.0,32.0,28.0,1.0,37.0,49.0,58.0,3.0,22.0,21.0,3.0,-1.9944469928741455,-1.8786991834640503,3.0,-1.4172078371047974,-1.951239824295044,-33.75875,0.0,0.0,0.0,0.0,9.0,33.0,29.0,1.0,38.0,50.0,59.0,4.0,23.0,22.0,0.0
10958,0.0,0.0,0.0,0.0,9.0,33.0,29.0,1.0,38.0,50.0,59.0,4.0,23.0,22.0,3.0,-1.9969067573547363,-1.8724857568740845,3.0,-1.9568029642105103,-1.9210296869277954,-34.65875,0.0,0.0,0.0,0.0,10.0,34.0,30.0,1.0,39.0,51.0,60.0,5.0,24.0,23.0,0.0
10959,0.0,0.0,0.0,0.0,10.0,34.0,30.0,1.0,39.0,51.0,60.0,5.0,24.0,23.0,3.0,-1.9412527084350586,-1.8646419048309326,3.0,-1.7172943353652954,-1.9741889238357544,-35.558749999999996,0.0,0.0,0.0,0.0,11.0,35.0,31.0,1.0,40.0,52.0,61.0,6.0,25.0,24.0,0.0
10960,0.0,0.0,0.0,0.0,11.0,35.0,31.0,1.0,40.0,52.0,61.0,6.0,25.0,24.0,10.0,-1.9825009107589722,-1.9588927030563354,3.0,-1.0118780136108398,-1.9570670127868652,-29.6,0.0,0.0,0.0,0.0,12.0,36.0,32.0,1.0,41.0,53.0,62.0,7.0,26.0,25.0,0.0
10961,0.0,0.0,0.0,0.0,12.0,36.0,32.0,1.0,41.0,53.0,62.0,7.0,26.0,25.0,3.0,-1.9958246946334839,-1.797444462776184,3.0,-1.9203652143478394,-1.9776307344436646,-37.35875,0.0,0.0,0.0,0.0,13.0,37.0,33.0,1.0,42.0,54.0,63.0,8.0,27.0,26.0,0.0
10962,0.0,0.0,0.0,0.0,13.0,37.0,33.0,1.0,42.0,54.0,63.0,8.0,27.0,26.0,7.0,-1.9675662517547607,-1.9187366962432861,3.0,-0.33268800377845764,-1.9948540925979614,-38.25875,0.0,0.0,0.0,0.0,14.0,38.0,34.0,1.0,43.0,55.0,64.0,1.0,28.0,27.0,0.0
10963,0.0,0.0,0.0,0.0,14.0,38.0,34.0,1.0,43.0,55.0,64.0,1.0,28.0,27.0,7.0,-1.9846330881118774,-1.9753632545471191,3.0,-0.9156656861305237,-1.9792083501815796,-38.35875,0.0,0.0,0.0,0.0,15.0,39.0,35.0,1.0,44.0,56.0,65.0,1.0,29.0,28.0,0.0
10964,0.0,0.0,0.0,0.0,15.0,39.0,35.0,1.0,44.0,56.0,65.0,1.0,29.0,28.0,0.0,-1.9938658475875854,-1.9056133031845093,3.0,-1.0945806503295898,-1.9876277446746826,-34.19875,0.0,0.0,0.0,0.0,1.0,40.0,36.0,1.0,45.0,57.0,66.0,2.0,30.0,29.0,0.0
10965,0.0,0.0,0.0,0.0,1.0,40.0,36.0,1.0,45.0,57.0,66.0,2.0,30.0,29.0,3.0,-1.8825725317001343,-1.953010082244873,3.0,-0.33226898312568665,-1.9485658407211304,-38.558749999999996,0.0,0.0,0.0,0.0,2.0,41.0,37.0,1.0,46.0,58.0,67.0,3.0,31.0,30.0,0.0
10966,0.0,0.0,0.0,0.0,2.0,41.0,37.0,1.0,46.0,58.0,67.0,3.0,31.0,30.0,3.0,-1.9892189502716064,-1.9770793914794922,3.0,-1.9590656757354736,-1.948418140411377,-39.45875,0.0,0.0,0.0,0.0,3.0,42.0,38.0,1.0,47.0,59.0,68.0,4.0,32.0,31.0,0.0
10967,0.0,0.0,0.0,0.0,3.0,42.0,38.0,1.0,47.0,59.0,68.0,4.0,32.0,31.0,3.0,-1.9967505931854248,-1.9327781200408936,3.0,-1.4430146217346191,-1.929300308227539,-40.35875,0.0,0.0,0.0,0.0,4.0,43.0,39.0,1.0,48.0,60.0,69.0,5.0,33.0,32.0,0.0
10968,0.0,0.0,0.0,0.0,4.0,43.0,39.0,1.0,48.0,60.0,69.0,5.0,33.0,32.0,10.0,-1.8637542724609375,-1.8652771711349487,3.0,-1.9812651872634888,-1.9498836994171143,-34.4,0.0,0.0,0.0,0.0,5.0,44.0,40.0,1.0,49.0,61.0,70.0,6.0,34.0,33.0,0.0
10969,0.0,0.0,0.0,0.0,5.0,44.0,40.0,1.0,49.0,61.0,70.0,6.0,34.0,33.0,3.0,-1.9909660816192627,-1.978276014328003,3.0,-0.937277615070343,-1.9296109676361084,-42.15875,0.0,0.0,0.0,0.0,6.0,45.0,41.0,1.0,50.0,62.0,71.0,7.0,35.0,34.0,0.0
10970,0.0,0.0,0.0,0.0,6.0,45.0,41.0,1.0,50.0,62.0,71.0,7.0,35.0,34.0,10.0,-1.9869717359542847,-1.9807912111282349,3.0,-0.5760411620140076,-1.9135403633117676,-36.2,0.0,0.0,0.0,0.0,7.0,46.0,42.0,1.0,51.0,63.0,72.0,8.0,36.0,35.0,0.0
10971,0.0,0.0,0.0,0.0,7.0,46.0,42.0,1.0,51.0,63.0,72.0,8.0,36.0,35.0,0.0,-1.9256830215454102,-1.9648768901824951,3.0,-1.2635787725448608,-1.9571764469146729,-38.99875,0.0,0.0,0.0,0.0,1.0,47.0,43.0,1.0,52.0,64.0,73.0,9.0,37.0,36.0,0.0
10972,0.0,0.0,0.0,0.0,1.0,47.0,43.0,1.0,52.0,64.0,73.0,9.0,37.0,36.0,3.0,-1.9285523891448975,-1.920790672302246,3.0,-1.9632441997528076,-1.8749561309814453,-44.15875,0.0,0.0,0.0,0.0,2.0,48.0,44.0,1.0,53.0,65.0,74.0,10.0,38.0,37.0,0.0
10973,0.0,0.0,0.0,0.0,2.0,48.0,44.0,1.0,53.0,65.0,74.0,10.0,38.0,37.0,3.0,-1.9988011121749878,-1.9870545864105225,3.0,-1.2736854553222656,-1.9655181169509888,-45.05875,0.0,0.0,0.0,0.0,3.0,49.0,45.0,1.0,54.0,66.0,75.0,11.0,39.0,38.0,0.0
10974,0.0,0.0,0.0,0.0,3.0,49.0,45.0,1.0,54.0,66.0,75.0,11.0,39.0,38.0,3.0,-1.9949241876602173,-1.9633904695510864,3.0,-0.7110200524330139,-1.9746538400650024,-45.95875,0.0,0.0,0.0,0.0,4.0,50.0,46.0,1.0,55.0,67.0,76.0,12.0,40.0,39.0,0.0
10975,0.0,0.0,0.0,0.0,4.0,50.0,46.0,1.0,55.0,67.0,76.0,12.0,40.0,39.0,3.0,-1.9866338968276978,-1.9499002695083618,3.0,-0.8199292421340942,-1.9824321269989014,-46.85875,0.0,0.0,0.0,0.0,5.0,51.0,47.0,1.0,56.0,68.0,77.0,13.0,41.0,40.0,0.0
10976,0.0,0.0,0.0,0.0,5.0,51.0,47.0,1.0,56.0,68.0,77.0,13.0,41.0,40.0,3.0,-1.9881149530410767,-1.9868355989456177,3.0,-0.8804190754890442,-1.9424818754196167,-47.75875,0.0,0.0,0.0,0.0,6.0,52.0,48.0,1.0,57.0,69.0,78.0,14.0,42.0,41.0,0.0
10977,0.0,0.0,0.0,0.0,6.0,52.0,48.0,1.0,57.0,69.0,78.0,14.0,42.0,41.0,3.0,-1.9935766458511353,-1.9653136730194092,3.0,-1.6651091575622559,-1.9676135778427124,-48.65875,0.0,0.0,0.0,0.0,7.0,53.0,49.0,1.0,58.0,70.0,79.0,15.0,43.0,42.0,0.0
10978,0.0,0.0,0.0,0.0,7.0,53.0,49.0,1.0,58.0,70.0,79.0,15.0,43.0,42.0,3.0,-1.988366723060608,-1.9755094051361084,3.0,-1.9855401515960693,-1.9224201440811157,-49.55875,0.0,0.0,0.0,0.0,8.0,54.0,50.0,1.0,59.0,71.0,80.0,16.0,44.0,43.0,0.0
10979,0.0,0.0,0.0,0.0,8.0,54.0,50.0,1.0,59.0,71.0,80.0,16.0,44.0,43.0,3.0,-1.9985934495925903,-1.9723303318023682,3.0,-1.899920105934143,-1.8762518167495728,-50.45875,0.0,0.0,0.0,0.0,9.0,55.0,51.0,1.0,60.0,72.0,81.0,17.0,45.0,44.0,0.0
10980,0.0,0.0,0.0,0.0,9.0,55.0,51.0,1.0,60.0,72.0,81.0,17.0,45.0,44.0,3.0,-1.9897993803024292,-1.9927644729614258,9.0,-1.5513790845870972,-1.9229689836502075,-51.35875,0.0,0.0,0.0,0.0,10.0,56.0,52.0,1.0,61.0,73.0,82.0,18.0,46.0,1.0,0.0
10981,0.0,0.0,0.0,0.0,10.0,56.0,52.0,1.0,61.0,73.0,82.0,18.0,46.0,1.0,8.0,-1.9462165832519531,-1.8602313995361328,3.0,-1.9224233627319336,0.14058956503868103,-52.35375,0.0,0.0,0.0,0.14058956503868103,11.0,57.0,53.0,1.0,62.0,74.0,83.0,19.0,1.0,2.0,0.0
10982,0.0,0.0,0.0,0.14058956503868103,11.0,57.0,53.0,1.0,62.0,74.0,83.0,19.0,1.0,2.0,3.0,-1.999596357345581,-1.6831685304641724,3.0,1.9044067859649658,-1.9813872575759888,-44.15875,0.0,0.0,1.9044067859649658,0.0,12.0,58.0,54.0,1.0,63.0,75.0,84.0,20.0,2.0,3.0,0.0
10983,0.0,0.0,1.9044067859649658,0.0,12.0,58.0,54.0,1.0,63.0,75.0,84.0,20.0,2.0,3.0,3.0,-1.999129056930542,-1.508756160736084,3.0,-1.582381010055542,-1.97072172164917,-45.05875,0.0,0.0,0.32202577590942383,0.0,13.0,59.0,55.0,1.0,64.0,76.0,85.0,21.0,3.0,4.0,0.0
10984,0.0,0.0,0.32202577590942383,0.0,13.0,59.0,55.0,1.0,64.0,76.0,85.0,21.0,3.0,4.0,3.0,-1.9998613595962524,-1.4805647134780884,3.0,1.1644189357757568,-1.884362816810608,-45.95875,0.0,0.0,1.4864447116851807,0.0,14.0,60.0,56.0,1.0,65.0,77.0,86.0,22.0,4.0,5.0,0.0
10985,0.0,0.0,1.4864447116851807,0.0,14.0,60.0,56.0,1.0,65.0,77.0,86.0,22.0,4.0,5.0,3.0,-1.9978326559066772,-1.208290696144104,3.0,-0.9440264701843262,-1.9949241876602173,-46.85875,0.0,0.0,0.5424182415008545,0.0,15.0,61.0,57.0,1.0,66.0,78.0,87.0,23.0,5.0,6.0,0.0
10986,0.0,0.0,0.5424182415008545,0.0,15.0,61.0,57.0,1.0,66.0,78.0,87.0,23.0,5.0,6.0,3.0,-1.999884843826294,-0.07751085609197617,3.0,-0.9699658751487732,-1.9720048904418945,-47.75875,0.0,0.0,0.0,0.0,16.0,62.0,58.0,1.0,67.0,79.0,88.0,24.0,6.0,7.0,0.0
10987,0.0,0.0,0.0,0.0,16.0,62.0,58.0,1.0,67.0,79.0,88.0,24.0,6.0,7.0,3.0,-1.9993420839309692,-0.4900103509426117,3.0,-1.4242184162139893,-1.983420968055725,-48.65875,0.0,0.0,0.0,0.0,17.0,63.0,59.0,1.0,68.0,80.0,89.0,25.0,7.0,8.0,0.0
10988,0.0,0.0,0.0,0.0,17.0,63.0,59.0,1.0,68.0,80.0,89.0,25.0,7.0,8.0,7.0,-1.9981400966644287,-1.2653310298919678,3.0,1.983652949333191,-1.9687939882278442,-49.55875,0.0,0.0,1.983652949333191,0.0,18.0,64.0,60.0,1.0,69.0,81.0,90.0,1.0,8.0,9.0,0.0
10989,0.0,0.0,1.983652949333191,0.0,18.0,64.0,60.0,1.0,69.0,81.0,90.0,1.0,8.0,9.0,7.0,-1.9981327056884766,-1.7313663959503174,3.0,1.9993205070495605,-1.9947595596313477,-47.95875,0.0,0.0,3.9829734563827515,0.0,19.0,65.0,61.0,1.0,70.0,82.0,91.0,1.0,9.0,10.0,0.0
10990,0.0,0.0,3.9829734563827515,0.0,19.0,65.0,61.0,1.0,70.0,82.0,91.0,1.0,9.0,10.0,3.0,-1.7882105112075806,-1.3076744079589844,3.0,-1.7977664470672607,-1.9939045906066895,-48.75875,0.0,0.0,2.1852070093154907,0.0,20.0,66.0,62.0,1.0,71.0,83.0,92.0,2.0,10.0,11.0,0.0
10991,0.0,0.0,2.1852070093154907,0.0,20.0,66.0,62.0,1.0,71.0,83.0,92.0,2.0,10.0,11.0,3.0,-1.9986540079116821,-1.5034018754959106,3.0,1.9998682737350464,-1.9974305629730225,-49.65875,0.0,0.0,4.185075283050537,0.0,21.0,67.0,63.0,1.0,72.0,84.0,93.0,3.0,11.0,12.0,0.0
10992,0.0,0.0,4.185075283050537,0.0,21.0,67.0,63.0,1.0,72.0,84.0,93.0,3.0,11.0,12.0,3.0,-1.9971892833709717,-1.3327878713607788,3.0,1.958042860031128,-1.971935510635376,-50.55875,0.0,0.0,6.143118143081665,0.0,22.0,68.0,64.0,1.0,73.0,85.0,94.0,4.0,12.0,13.0,0.0
10993,0.0,0.0,6.143118143081665,0.0,22.0,68.0,64.0,1.0,73.0,85.0,94.0,4.0,12.0,13.0,3.0,-1.999956727027893,-1.2545355558395386,3.0,-1.9016809463500977,-1.9794095754623413,-51.45875,0.0,0.0,4.241437196731567,0.0,23.0,69.0,65.0,1.0,74.0,86.0,95.0,5.0,13.0,14.0,0.0
10994,0.0,0.0,4.241437196731567,0.0,23.0,69.0,65.0,1.0,74.0,86.0,95.0,5.0,13.0,14.0,3.0,-1.9964181184768677,-0.9081708192825317,3.0,1.992169737815857,-1.9881441593170166,-52.35875,0.0,0.0,6.233606934547424,0.0,24.0,70.0,66.0,1.0,75.0,87.0,96.0,6.0,14.0,15.0,0.0
10995,0.0,0.0,6.233606934547424,0.0,24.0,70.0,66.0,1.0,75.0,87.0,96.0,6.0,14.0,15.0,7.0,-1.9988152980804443,-1.3637964725494385,3.0,-1.8252770900726318,-1.996964693069458,-53.25875,0.0,0.0,4.4083298444747925,0.0,25.0,71.0,67.0,1.0,76.0,88.0,97.0,1.0,15.0,16.0,0.0
10996,0.0,0.0,4.4083298444747925,0.0,25.0,71.0,67.0,1.0,76.0,88.0,97.0,1.0,15.0,16.0,7.0,-1.9988621473312378,-1.7247594594955444,3.0,1.9882034063339233,-1.9978320598602295,-53.55875,0.0,0.0,6.396533250808716,0.0,26.0,72.0,68.0,1.0,77.0,89.0,98.0,1.0,16.0,17.0,0.0
10997,0.0,0.0,6.396533250808716,0.0,26.0,72.0,68.0,1.0,77.0,89.0,98.0,1.0,16.0,17.0,3.0,-1.999975323677063,-0.8409957885742188,3.0,1.9381266832351685,-1.9983972311019897,-54.35875,0.0,0.0,8.334659934043884,0.0,27.0,73.0,69.0,1.0,78.0,90.0,99.0,2.0,17.0,18.0,0.0
10998,0.0,0.0,8.334659934043884,0.0,27.0,73.0,69.0,1.0,78.0,90.0,99.0,2.0,17.0,18.0,3.0,-1.9927657842636108,-0.2882211208343506,3.0,-1.4724773168563843,-1.99834406375885,-55.25875,0.0,0.0,6.8621826171875,0.0,28.0,74.0,70.0,1.0,79.0,91.0,100.0,3.0,18.0,19.0,0.0
10999,0.0,0.0,6.8621826171875,0.0,28.0,74.0,70.0,1.0,79.0,91.0,100.0,3.0,18.0,19.0,3.0,-1.9920188188552856,-1.4593443870544434,3.0,1.7634145021438599,-1.9892152547836304,-56.05875,0.0,0.0,8.62559711933136,0.0,29.0,75.0,71.0,1.0,80.0,92.0,100.0,4.0,19.0,20.0,1.0
11000,2.7729504108428955,3.4876298904418945,2.8395087718963623,0.85952228307724,1.0,1.0,1.0,1.0,1.0,1.0,1.0,1.0,1.0,1.0,8.0,-1.892564058303833,-1.7287009954452515,1.0,-1.2170015573501587,-1.9528541564941406,-8.772242445029995,0.8803863525390625,1.758928894996643,1.6225072145462036,0.0,2.0,1.0,2.0,2.0,2.0,2.0,2.0,2.0,1.0,2.0,0.0
11001,0.8803863525390625,1.758928894996643,1.6225072145462036,0.0,2.0,1.0,2.0,2.0,2.0,2.0,2.0,2.0,1.0,2.0,3.0,-1.8320391178131104,-1.9031163454055786,3.0,-1.4981639385223389,0.6456082463264465,-9.65875,0.0,0.0,0.12434327602386475,0.6456082463264465,3.0,2.0,3.0,1.0,3.0,3.0,3.0,3.0,2.0,3.0,0.0
11002,0.0,0.0,0.12434327602386475,0.6456082463264465,3.0,2.0,3.0,1.0,3.0,3.0,3.0,3.0,2.0,3.0,9.0,-1.694189190864563,-1.5905396938323975,1.0,-1.800480604171753,-1.880903959274292,-6.1187499999999995,0.0,0.0,0.0,0.0,4.0,1.0,4.0,2.0,4.0,4.0,4.0,4.0,3.0,1.0,0.0
11003,0.0,0.0,0.0,0.0,4.0,1.0,4.0,2.0,4.0,4.0,4.0,4.0,3.0,1.0,0.0,-0.03657052665948868,-1.6446566581726074,10.0,-1.8802809715270996,-1.715397834777832,-5.998749999999999,0.0,0.0,0.0,0.0,1.0,2.0,5.0,3.0,5.0,5.0,5.0,5.0,4.0,2.0,0.0
11004,0.0,0.0,0.0,0.0,1.0,2.0,5.0,3.0,5.0,5.0,5.0,5.0,4.0,2.0,9.0,-1.1000888347625732,-1.97293221950531,8.0,-1.3484768867492676,-1.5617886781692505,-7.21875,0.0,0.0,0.0,0.0,2.0,3.0,6.0,4.0,6.0,6.0,6.0,6.0,1.0,1.0,0.0
11005,0.0,0.0,0.0,0.0,2.0,3.0,6.0,4.0,6.0,6.0,6.0,6.0,1.0,1.0,4.0,-1.0524574518203735,-1.81047785282135,9.0,-0.5570545196533203,-1.864027500152588,-17.848750000000003,0.0,0.0,0.0,0.0,3.0,4.0,7.0,5.0,1.0,7.0,7.0,7.0,2.0,1.0,0.0
11006,0.0,0.0,0.0,0.0,3.0,4.0,7.0,5.0,1.0,7.0,7.0,7.0,2.0,1.0,2.0,-1.791090965270996,-0.7944000959396362,9.0,-1.1476130485534668,-1.9034855365753174,-19.698749999999997,0.0,0.0,0.0,0.0,4.0,5.0,1.0,6.0,2.0,8.0,8.0,8.0,3.0,1.0,0.0
11007,0.0,0.0,0.0,0.0,4.0,5.0,1.0,6.0,2.0,8.0,8.0,8.0,3.0,1.0,3.0,-1.8219938278198242,-1.3709999322891235,0.0,-1.0170536041259766,-1.157497525215149,-12.458749999999998,0.0,0.0,0.0,0.0,1.0,6.0,2.0,1.0,3.0,9.0,9.0,9.0,4.0,2.0,0.0
11008,0.0,0.0,0.0,0.0,1.0,6.0,2.0,1.0,3.0,9.0,9.0,9.0,4.0,2.0,2.0,-1.2874935865402222,1.0874847173690796,0.0,-1.3748195171356201,-1.658982276916504,-17.72221472993835,0.0,1.0874847173690796,0.0,0.0,1.0,7.0,1.0,2.0,4.0,10.0,10.0,10.0,5.0,3.0,0.0
11009,0.0,1.0874847173690796,0.0,0.0,1.0,7.0,1.0,2.0,4.0,10.0,10.0,10.0,5.0,3.0,8.0,-1.661842942237854,-1.2877787351608276,10.0,0.6131273508071899,-1.6817301511764526,-17.65375,0.0,0.0,0.6131273508071899,0.0,2.0,8.0,2.0,3.0,5.0,11.0,11.0,11.0,1.0,4.0,0.0
11010,0.0,0.0,0.6131273508071899,0.0,2.0,8.0,2.0,3.0,5.0,11.0,11.0,11.0,1.0,4.0,3.0,-1.8098022937774658,1.0307141542434692,8.0,-1.4398565292358398,-1.133712649345398,-11.746528587701873,0.0,1.0307141542434692,0.0,0.0,3.0,9.0,3.0,1.0,6.0,12.0,12.0,12.0,1.0,5.0,0.0
11011,0.0,1.0307141542434692,0.0,0.0,3.0,9.0,3.0,1.0,6.0,12.0,12.0,12.0,1.0,5.0,10.0,-1.3634754419326782,-1.3850951194763184,10.0,-1.3272457122802734,-0.7043030858039856,-7.4,0.0,0.0,0.0,0.0,4.0,10.0,4.0,2.0,7.0,13.0,13.0,13.0,2.0,6.0,0.0
11012,0.0,0.0,0.0,0.0,4.0,10.0,4.0,2.0,7.0,13.0,13.0,13.0,2.0,6.0,3.0,-1.620407223701477,-1.293526530265808,1.0,1.0533583164215088,-1.626234531402588,-15.25875,0.0,0.0,1.0533583164215088,0.0,5.0,1.0,5.0,1.0,8.0,14.0,14.0,14.0,3.0,7.0,0.0
11013,0.0,0.0,1.0533583164215088,0.0,5.0,1.0,5.0,1.0,8.0,14.0,14.0,14.0,3.0,7.0,0.0,-0.24788323044776917,-0.16973042488098145,9.0,-1.9001593589782715,-0.20047089457511902,-10.098749999999999,0.0,0.0,0.0,0.0,1.0,2.0,6.0,2.0,9.0,15.0,15.0,15.0,4.0,1.0,0.0
11014,0.0,0.0,0.0,0.0,1.0,2.0,6.0,2.0,9.0,15.0,15.0,15.0,4.0,1.0,10.0,-1.6389000415802002,-1.343963384628296,10.0,-1.0492016077041626,1.0391621589660645,-8.0,0.0,0.0,0.0,1.0391621589660645,2.0,3.0,7.0,3.0,10.0,16.0,16.0,16.0,5.0,2.0,0.0
11015,0.0,0.0,0.0,1.0391621589660645,2.0,3.0,7.0,3.0,10.0,16.0,16.0,16.0,5.0,2.0,7.0,-1.9061652421951294,-1.8932373523712158,10.0,-0.7433255314826965,-1.4297226667404175,-15.85875,0.0,0.0,0.0,0.0,3.0,4.0,8.0,4.0,11.0,17.0,17.0,1.0,6.0,3.0,0.0
11016,0.0,0.0,0.0,0.0,3.0,4.0,8.0,4.0,11.0,17.0,17.0,1.0,6.0,3.0,7.0,-1.8795007467269897,-1.4529163837432861,3.0,-0.9610720872879028,-1.7134565114974976,-15.25875,0.0,0.0,0.0,0.0,4.0,5.0,9.0,1.0,12.0,18.0,18.0,1.0,7.0,4.0,0.0
11017,0.0,0.0,0.0,0.0,4.0,5.0,9.0,1.0,12.0,18.0,18.0,1.0,7.0,4.0,7.0,-0.7873350977897644,-0.1400195211172104,3.0,-0.6181774735450745,-1.1948304176330566,-15.75875,0.0,0.0,0.0,0.0,5.0,6.0,10.0,1.0,13.0,19.0,19.0,1.0,8.0,5.0,0.0
11018,0.0,0.0,0.0,0.0,5.0,6.0,10.0,1.0,13.0,19.0,19.0,1.0,8.0,5.0,2.0,-1.7602671384811401,-0.36749914288520813,3.0,-1.8904733657836914,-1.6092480421066284,-23.998749999999994,0.0,0.0,0.0,0.0,6.0,7.0,1.0,1.0,14.0,20.0,20.0,2.0,9.0,6.0,0.0
11019,0.0,0.0,0.0,0.0,6.0,7.0,1.0,1.0,14.0,20.0,20.0,2.0,9.0,6.0,7.0,-1.4480648040771484,-1.7250769138336182,3.0,-1.3006186485290527,-1.7493470907211304,-16.45875,0.0,0.0,0.0,0.0,7.0,8.0,2.0,1.0,15.0,21.0,21.0,1.0,10.0,7.0,0.0
11020,0.0,0.0,0.0,0.0,7.0,8.0,2.0,1.0,15.0,21.0,21.0,1.0,10.0,7.0,10.0,-1.16240394115448,-1.7480883598327637,3.0,-1.8506982326507568,-1.9500865936279297,-10.3,0.0,0.0,0.0,0.0,8.0,9.0,3.0,1.0,16.0,22.0,22.0,2.0,11.0,8.0,0.0
11021,0.0,0.0,0.0,0.0,8.0,9.0,3.0,1.0,16.0,22.0,22.0,2.0,11.0,8.0,3.0,-1.862820029258728,-0.9020044207572937,3.0,-1.7174549102783203,-1.8553591966629028,-18.05875,0.0,0.0,0.0,0.0,9.0,10.0,4.0,1.0,17.0,23.0,23.0,3.0,12.0,9.0,0.0
11022,0.0,0.0,0.0,0.0,9.0,10.0,4.0,1.0,17.0,23.0,23.0,3.0,12.0,9.0,0.0,-0.2635154128074646,-0.5432858467102051,0.0,1.0156214237213135,-1.7500277757644653,-13.99875,0.0,0.0,1.0156214237213135,0.0,1.0,11.0,5.0,2.0,18.0,24.0,24.0,4.0,13.0,10.0,0.0
11023,0.0,0.0,1.0156214237213135,0.0,1.0,11.0,5.0,2.0,18.0,24.0,24.0,4.0,13.0,10.0,7.0,-1.8563741445541382,-0.7310455441474915,3.0,-1.251069188117981,-1.7616360187530518,-19.05875,0.0,0.0,0.0,0.0,2.0,12.0,6.0,1.0,19.0,25.0,25.0,1.0,14.0,11.0,0.0
11024,0.0,0.0,0.0,0.0,2.0,12.0,6.0,1.0,19.0,25.0,25.0,1.0,14.0,11.0,3.0,-1.8420904874801636,-1.7619073390960693,3.0,-1.761372685432434,-1.703357219696045,-19.45875,0.0,0.0,0.0,0.0,3.0,13.0,7.0,1.0,20.0,26.0,26.0,2.0,15.0,12.0,0.0
11025,0.0,0.0,0.0,0.0,3.0,13.0,7.0,1.0,20.0,26.0,26.0,2.0,15.0,12.0,3.0,0.09924336522817612,-1.877974510192871,3.0,-1.2864316701889038,-1.545514702796936,-20.329511189838247,0.09924336522817612,0.0,0.0,0.0,4.0,14.0,8.0,1.0,21.0,27.0,27.0,3.0,16.0,13.0,0.0
11026,0.09924336522817612,0.0,0.0,0.0,4.0,14.0,8.0,1.0,21.0,27.0,27.0,3.0,16.0,13.0,10.0,-1.9554734230041504,-0.2156168669462204,3.0,-1.4063851833343506,-1.4062858819961548,-14.4,0.0,0.0,0.0,0.0,5.0,15.0,9.0,1.0,22.0,28.0,28.0,4.0,17.0,14.0,0.0
11027,0.0,0.0,0.0,0.0,5.0,15.0,9.0,1.0,22.0,28.0,28.0,4.0,17.0,14.0,7.0,-1.9414818286895752,-1.865757703781128,3.0,0.6237760782241821,-1.8745160102844238,-22.15875,0.0,0.0,0.6237760782241821,0.0,6.0,16.0,10.0,1.0,23.0,29.0,29.0,1.0,18.0,15.0,0.0
11028,0.0,0.0,0.6237760782241821,0.0,6.0,16.0,10.0,1.0,23.0,29.0,29.0,1.0,18.0,15.0,7.0,-1.0641603469848633,-1.053800344467163,3.0,-0.8415361642837524,-1.8624305725097656,-22.65875,0.0,0.0,0.0,0.0,7.0,17.0,11.0,1.0,24.0,30.0,30.0,1.0,19.0,16.0,0.0
11029,0.0,0.0,0.0,0.0,7.0,17.0,11.0,1.0,24.0,30.0,30.0,1.0,19.0,16.0,3.0,-1.9601582288742065,-1.775840163230896,3.0,-1.5048366785049438,-1.8282265663146973,-23.458750000000002,0.0,0.0,0.0,0.0,8.0,18.0,12.0,1.0,25.0,31.0,31.0,2.0,20.0,17.0,0.0
11030,0.0,0.0,0.0,0.0,8.0,18.0,12.0,1.0,25.0,31.0,31.0,2.0,20.0,17.0,3.0,-1.8484854698181152,-1.4310264587402344,3.0,-1.45534348487854,-1.7665419578552246,-24.35875,0.0,0.0,0.0,0.0,9.0,19.0,13.0,1.0,26.0,32.0,32.0,3.0,21.0,18.0,0.0
11031,0.0,0.0,0.0,0.0,9.0,19.0,13.0,1.0,26.0,32.0,32.0,3.0,21.0,18.0,7.0,-1.930995225906372,-1.843638300895691,3.0,-0.798443078994751,-1.8941587209701538,-25.25875,0.0,0.0,0.0,0.0,10.0,20.0,14.0,1.0,27.0,33.0,33.0,1.0,22.0,19.0,0.0
11032,0.0,0.0,0.0,0.0,10.0,20.0,14.0,1.0,27.0,33.0,33.0,1.0,22.0,19.0,3.0,-1.1041361093521118,-1.4523802995681763,3.0,-1.012834906578064,-1.965840458869934,-25.85875,0.0,0.0,0.0,0.0,11.0,21.0,15.0,1.0,28.0,34.0,34.0,2.0,23.0,20.0,0.0
11033,0.0,0.0,0.0,0.0,11.0,21.0,15.0,1.0,28.0,34.0,34.0,2.0,23.0,20.0,3.0,-1.9279112815856934,-1.9651472568511963,3.0,-0.06677266955375671,-1.967422366142273,-26.75875,0.0,0.0,0.0,0.0,12.0,22.0,16.0,1.0,29.0,35.0,35.0,3.0,24.0,21.0,0.0
11034,0.0,0.0,0.0,0.0,12.0,22.0,16.0,1.0,29.0,35.0,35.0,3.0,24.0,21.0,7.0,-1.9198180437088013,-1.4831284284591675,3.0,-1.6760212182998657,-1.9654648303985596,-27.65875,0.0,0.0,0.0,0.0,13.0,23.0,17.0,1.0,30.0,36.0,36.0,1.0,25.0,22.0,0.0
11035,0.0,0.0,0.0,0.0,13.0,23.0,17.0,1.0,30.0,36.0,36.0,1.0,25.0,22.0,7.0,-1.922164797782898,-1.9738032817840576,3.0,-0.7360870242118835,-1.8934420347213745,-28.25875,0.0,0.0,0.0,0.0,14.0,24.0,18.0,1.0,31.0,37.0,37.0,1.0,26.0,23.0,0.0
11036,0.0,0.0,0.0,0.0,14.0,24.0,18.0,1.0,31.0,37.0,37.0,1.0,26.0,23.0,7.0,-1.8816756010055542,-1.8346625566482544,3.0,-1.86565101146698,-1.9580719470977783,-29.05875,0.0,0.0,0.0,0.0,15.0,25.0,19.0,1.0,32.0,38.0,38.0,1.0,27.0,24.0,0.0
11037,0.0,0.0,0.0,0.0,15.0,25.0,19.0,1.0,32.0,38.0,38.0,1.0,27.0,24.0,3.0,-1.9172254800796509,-1.9732182025909424,3.0,-1.6477867364883423,-1.8601139783859253,-29.85875,0.0,0.0,0.0,0.0,16.0,26.0,20.0,1.0,33.0,39.0,39.0,2.0,28.0,25.0,0.0
11038,0.0,0.0,0.0,0.0,16.0,26.0,20.0,1.0,33.0,39.0,39.0,2.0,28.0,25.0,3.0,-1.8477272987365723,-1.7557867765426636,3.0,-1.1060878038406372,-1.983375906944275,-30.75875,0.0,0.0,0.0,0.0,17.0,27.0,21.0,1.0,34.0,40.0,40.0,3.0,29.0,26.0,0.0
11039,0.0,0.0,0.0,0.0,17.0,27.0,21.0,1.0,34.0,40.0,40.0,3.0,29.0,26.0,3.0,-1.9479750394821167,-1.9154236316680908,3.0,-1.8605200052261353,-1.9485589265823364,-31.65875,0.0,0.0,0.0,0.0,18.0,28.0,22.0,1.0,35.0,41.0,41.0,4.0,30.0,27.0,0.0
11040,0.0,0.0,0.0,0.0,18.0,28.0,22.0,1.0,35.0,41.0,41.0,4.0,30.0,27.0,3.0,-1.947675108909607,-1.5962761640548706,3.0,-1.9542107582092285,-1.8907634019851685,-32.558749999999996,0.0,0.0,0.0,0.0,19.0,29.0,23.0,1.0,36.0,42.0,42.0,5.0,31.0,28.0,0.0
11041,0.0,0.0,0.0,0.0,19.0,29.0,23.0,1.0,36.0,42.0,42.0,5.0,31.0,28.0,3.0,-1.9726495742797852,-1.6621341705322266,3.0,-1.5659857988357544,-1.976108431816101,-33.45875,0.0,0.0,0.0,0.0,20.0,30.0,24.0,1.0,37.0,43.0,43.0,6.0,32.0,29.0,0.0
11042,0.0,0.0,0.0,0.0,20.0,30.0,24.0,1.0,37.0,43.0,43.0,6.0,32.0,29.0,3.0,-1.9643447399139404,-1.9280273914337158,3.0,-1.8350121974945068,-1.9252041578292847,-34.35875,0.0,0.0,0.0,0.0,21.0,31.0,25.0,1.0,38.0,44.0,44.0,7.0,33.0,30.0,0.0
11043,0.0,0.0,0.0,0.0,21.0,31.0,25.0,1.0,38.0,44.0,44.0,7.0,33.0,30.0,0.0,-1.9635428190231323,-1.9102522134780884,3.0,-1.8307806253433228,-1.9859440326690674,-30.29875,0.0,0.0,0.0,0.0,1.0,32.0,26.0,1.0,39.0,45.0,45.0,8.0,34.0,31.0,0.0
11044,0.0,0.0,0.0,0.0,1.0,32.0,26.0,1.0,39.0,45.0,45.0,8.0,34.0,31.0,3.0,-1.9175893068313599,-1.5092881917953491,3.0,-1.7027034759521484,-1.609336018562317,-34.058749999999996,0.0,0.0,0.0,0.0,2.0,33.0,27.0,1.0,40.0,46.0,46.0,9.0,35.0,32.0,0.0
11045,0.0,0.0,0.0,0.0,2.0,33.0,27.0,1.0,40.0,46.0,46.0,9.0,35.0,32.0,7.0,-1.6344131231307983,-1.8615443706512451,3.0,-1.943479061126709,-1.7178318500518799,-34.95875,0.0,0.0,0.0,0.0,3.0,34.0,28.0,1.0,41.0,47.0,47.0,1.0,36.0,33.0,0.0
11046,0.0,0.0,0.0,0.0,3.0,34.0,28.0,1.0,41.0,47.0,47.0,1.0,36.0,33.0,8.0,-1.1354966163635254,-1.9656087160110474,3.0,-1.0180253982543945,-1.920416235923767,-39.45375,0.0,0.0,0.0,0.0,4.0,35.0,29.0,1.0,42.0,48.0,48.0,2.0,1.0,34.0,0.0
11047,0.0,0.0,0.0,0.0,4.0,35.0,29.0,1.0,42.0,48.0,48.0,2.0,1.0,34.0,3.0,-1.9911121129989624,-1.878741979598999,3.0,0.1874951273202896,-1.933689832687378,-32.25875,0.0,0.0,0.1874951273202896,0.0,5.0,36.0,30.0,1.0,43.0,49.0,49.0,3.0,2.0,35.0,0.0
11048,0.0,0.0,0.1874951273202896,0.0,5.0,36.0,30.0,1.0,43.0,49.0,49.0,3.0,2.0,35.0,3.0,-1.9949450492858887,-1.880822777748108,3.0,1.1001982688903809,-1.9576183557510376,-33.15875,0.0,0.0,1.2876933962106705,0.0,6.0,37.0,31.0,1.0,44.0,50.0,50.0,4.0,3.0,36.0,0.0
11049,0.0,0.0,1.2876933962106705,0.0,6.0,37.0,31.0,1.0,44.0,50.0,50.0,4.0,3.0,36.0,3.0,-1.958924651145935,-1.6279860734939575,3.0,-1.6072725057601929,-1.9727932214736938,-34.058749999999996,0.0,0.0,0.0,0.0,7.0,38.0,32.0,1.0,45.0,51.0,51.0,5.0,4.0,37.0,0.0
11050,0.0,0.0,0.0,0.0,7.0,38.0,32.0,1.0,45.0,51.0,51.0,5.0,4.0,37.0,3.0,-1.9534389972686768,-1.7942962646484375,3.0,1.2328323125839233,-1.9904699325561523,-34.95875,0.0,0.0,1.2328323125839233,0.0,8.0,39.0,33.0,1.0,46.0,52.0,52.0,6.0,5.0,38.0,0.0
11051,0.0,0.0,1.2328323125839233,0.0,8.0,39.0,33.0,1.0,46.0,52.0,52.0,6.0,5.0,38.0,3.0,-1.925667405128479,-1.9049458503723145,3.0,0.5755022764205933,-1.968382477760315,-35.85875,0.0,0.0,1.8083345890045166,0.0,9.0,40.0,34.0,1.0,47.0,53.0,53.0,7.0,6.0,39.0,0.0
11052,0.0,0.0,1.8083345890045166,0.0,9.0,40.0,34.0,1.0,47.0,53.0,53.0,7.0,6.0,39.0,3.0,-1.9990999698638916,-1.9443882703781128,1.0,1.3060996532440186,-1.9819871187210083,-36.75875,0.0,0.0,3.114434242248535,0.0,10.0,1.0,35.0,1.0,48.0,54.0,54.0,8.0,7.0,40.0,0.0
11053,0.0,0.0,3.114434242248535,0.0,10.0,1.0,35.0,1.0,48.0,54.0,54.0,8.0,7.0,40.0,7.0,-1.9970059394836426,-1.9361612796783447,3.0,-1.9912742376327515,-1.9989681243896484,-33.65875,0.0,0.0,1.1231600046157837,0.0,11.0,2.0,36.0,1.0,49.0,55.0,55.0,1.0,8.0,41.0,0.0
11054,0.0,0.0,1.1231600046157837,0.0,11.0,2.0,36.0,1.0,49.0,55.0,55.0,1.0,8.0,41.0,7.0,-1.999368667602539,-1.6931835412979126,3.0,-1.8232691287994385,-1.9978792667388916,-33.75875,0.0,0.0,0.0,0.0,12.0,3.0,37.0,1.0,50.0,56.0,56.0,1.0,9.0,42.0,0.0
11055,0.0,0.0,0.0,0.0,12.0,3.0,37.0,1.0,50.0,56.0,56.0,1.0,9.0,42.0,0.0,-1.9975045919418335,-1.9439783096313477,3.0,-1.8455395698547363,-1.9996694326400757,-29.59875,0.0,0.0,0.0,0.0,1.0,4.0,38.0,1.0,51.0,57.0,57.0,2.0,10.0,43.0,0.0
11056,0.0,0.0,0.0,0.0,1.0,4.0,38.0,1.0,51.0,57.0,57.0,2.0,10.0,43.0,0.0,-1.992984414100647,-1.9646285772323608,3.0,-1.4110465049743652,-1.9993449449539185,-29.29875,0.0,0.0,0.0,0.0,1.0,5.0,39.0,1.0,52.0,58.0,58.0,3.0,11.0,44.0,0.0
11057,0.0,0.0,0.0,0.0,1.0,5.0,39.0,1.0,52.0,58.0,58.0,3.0,11.0,44.0,7.0,-1.990715503692627,-1.8572046756744385,3.0,-1.9475147724151611,-1.9996755123138428,-35.058749999999996,0.0,0.0,0.0,0.0,2.0,6.0,40.0,1.0,53.0,59.0,59.0,1.0,12.0,45.0,0.0
11058,0.0,0.0,0.0,0.0,2.0,6.0,40.0,1.0,53.0,59.0,59.0,1.0,12.0,45.0,7.0,-1.9787508249282837,-1.9649440050125122,3.0,-1.967604637145996,-1.9997965097427368,-35.65875,0.0,0.0,0.0,0.0,3.0,7.0,41.0,1.0,54.0,60.0,60.0,1.0,13.0,46.0,0.0
11059,0.0,0.0,0.0,0.0,3.0,7.0,41.0,1.0,54.0,60.0,60.0,1.0,13.0,46.0,7.0,-1.9985963106155396,-1.928285002708435,3.0,-1.9678692817687988,-1.9993476867675781,-36.45875,0.0,0.0,0.0,0.0,4.0,8.0,42.0,1.0,55.0,61.0,61.0,1.0,14.0,47.0,0.0
11060,0.0,0.0,0.0,0.0,4.0,8.0,42.0,1.0,55.0,61.0,61.0,1.0,14.0,47.0,0.0,-1.9989222288131714,-1.9662338495254517,3.0,-1.9758102893829346,-1.9997327327728271,-32.29875,0.0,0.0,0.0,0.0,1.0,9.0,43.0,1.0,56.0,62.0,62.0,2.0,15.0,48.0,0.0
11061,0.0,0.0,0.0,0.0,1.0,9.0,43.0,1.0,56.0,62.0,62.0,2.0,15.0,48.0,3.0,-1.9988901615142822,-1.9631716012954712,3.0,-1.891245722770691,-1.9994151592254639,-37.75875,0.0,0.0,0.0,0.0,2.0,10.0,44.0,1.0,57.0,63.0,63.0,3.0,16.0,49.0,0.0
11062,0.0,0.0,0.0,0.0,2.0,10.0,44.0,1.0,57.0,63.0,63.0,3.0,16.0,49.0,0.0,-1.9959402084350586,-1.9941596984863281,3.0,-1.9537569284439087,-1.9994850158691406,-33.698750000000004,0.0,0.0,0.0,0.0,1.0,11.0,45.0,1.0,58.0,64.0,64.0,4.0,17.0,50.0,0.0
11063,0.0,0.0,0.0,0.0,1.0,11.0,45.0,1.0,58.0,64.0,64.0,4.0,17.0,50.0,7.0,-1.9997286796569824,-1.9875633716583252,3.0,-1.9797978401184082,-1.9997988939285278,-39.35875,0.0,0.0,0.0,0.0,2.0,12.0,46.0,1.0,59.0,65.0,65.0,1.0,18.0,51.0,0.0
11064,0.0,0.0,0.0,0.0,2.0,12.0,46.0,1.0,59.0,65.0,65.0,1.0,18.0,51.0,7.0,-1.9992197751998901,-1.9835517406463623,3.0,-1.8925248384475708,-1.9998482465744019,-39.85875,0.0,0.0,0.0,0.0,3.0,13.0,47.0,1.0,60.0,66.0,66.0,1.0,19.0,52.0,0.0
11065,0.0,0.0,0.0,0.0,3.0,13.0,47.0,1.0,60.0,66.0,66.0,1.0,19.0,52.0,0.0,-1.9990648031234741,-1.993454933166504,3.0,-1.9458250999450684,-1.9997869729995728,-35.69875,0.0,0.0,0.0,0.0,1.0,14.0,48.0,1.0,61.0,67.0,67.0,2.0,20.0,53.0,0.0
11066,0.0,0.0,0.0,0.0,1.0,14.0,48.0,1.0,61.0,67.0,67.0,2.0,20.0,53.0,7.0,-1.999456524848938,-1.9662833213806152,3.0,-1.8758248090744019,-1.9998925924301147,-41.25875,0.0,0.0,0.0,0.0,2.0,15.0,49.0,1.0,62.0,68.0,68.0,1.0,21.0,54.0,0.0
11067,0.0,0.0,0.0,0.0,2.0,15.0,49.0,1.0,62.0,68.0,68.0,1.0,21.0,54.0,0.0,-1.9988750219345093,-1.9887468814849854,3.0,-1.8052761554718018,-1.999875783920288,-36.99875,0.0,0.0,0.0,0.0,1.0,16.0,50.0,1.0,63.0,69.0,69.0,2.0,22.0,55.0,0.0
11068,0.0,0.0,0.0,0.0,1.0,16.0,50.0,1.0,63.0,69.0,69.0,2.0,22.0,55.0,7.0,-1.9986358880996704,-1.9760562181472778,3.0,-1.9755561351776123,-1.99992036819458,-42.65875,0.0,0.0,0.0,0.0,2.0,17.0,51.0,1.0,64.0,70.0,70.0,1.0,23.0,56.0,0.0
11069,0.0,0.0,0.0,0.0,2.0,17.0,51.0,1.0,64.0,70.0,70.0,1.0,23.0,56.0,7.0,-1.9975415468215942,-1.995367169380188,3.0,-1.9964258670806885,-1.9998557567596436,-43.35875,0.0,0.0,0.0,0.0,3.0,18.0,52.0,1.0,65.0,71.0,71.0,1.0,24.0,57.0,0.0
11070,0.0,0.0,0.0,0.0,3.0,18.0,52.0,1.0,65.0,71.0,71.0,1.0,24.0,57.0,7.0,-1.9992406368255615,-1.9924355745315552,3.0,-1.9756836891174316,-1.9999213218688965,-44.15875,0.0,0.0,0.0,0.0,4.0,19.0,53.0,1.0,66.0,72.0,72.0,1.0,25.0,58.0,0.0
11071,0.0,0.0,0.0,0.0,4.0,19.0,53.0,1.0,66.0,72.0,72.0,1.0,25.0,58.0,7.0,-1.9947963953018188,-1.9757543802261353,3.0,-1.93654465675354,-1.9998586177825928,-44.95875,0.0,0.0,0.0,0.0,5.0,20.0,54.0,1.0,67.0,73.0,73.0,1.0,26.0,59.0,0.0
11072,0.0,0.0,0.0,0.0,5.0,20.0,54.0,1.0,67.0,73.0,73.0,1.0,26.0,59.0,7.0,-1.9994311332702637,-1.9787616729736328,3.0,-1.960390567779541,-1.999903917312622,-45.75875,0.0,0.0,0.0,0.0,6.0,21.0,55.0,1.0,68.0,74.0,74.0,1.0,27.0,60.0,0.0
11073,0.0,0.0,0.0,0.0,6.0,21.0,55.0,1.0,68.0,74.0,74.0,1.0,27.0,60.0,7.0,-1.9815046787261963,-1.9843299388885498,3.0,-1.9604440927505493,-1.999775767326355,-46.55875,0.0,0.0,0.0,0.0,7.0,22.0,56.0,1.0,69.0,75.0,75.0,1.0,28.0,61.0,0.0
11074,0.0,0.0,0.0,0.0,7.0,22.0,56.0,1.0,69.0,75.0,75.0,1.0,28.0,61.0,7.0,-1.997730016708374,-1.9971343278884888,3.0,-1.9872245788574219,-1.9996986389160156,-47.35875,0.0,0.0,0.0,0.0,8.0,23.0,57.0,1.0,70.0,76.0,76.0,1.0,29.0,62.0,0.0
11075,0.0,0.0,0.0,0.0,8.0,23.0,57.0,1.0,70.0,76.0,76.0,1.0,29.0,62.0,7.0,-1.9974554777145386,-1.977632761001587,3.0,-1.610305666923523,-1.999902367591858,-48.15875,0.0,0.0,0.0,0.0,9.0,24.0,58.0,1.0,71.0,77.0,77.0,1.0,30.0,63.0,0.0
11076,0.0,0.0,0.0,0.0,9.0,24.0,58.0,1.0,71.0,77.0,77.0,1.0,30.0,63.0,7.0,-1.995769739151001,-1.9943042993545532,3.0,-1.9644529819488525,-1.999650239944458,-48.95875,0.0,0.0,0.0,0.0,10.0,25.0,59.0,1.0,72.0,78.0,78.0,1.0,31.0,64.0,0.0
11077,0.0,0.0,0.0,0.0,10.0,25.0,59.0,1.0,72.0,78.0,78.0,1.0,31.0,64.0,7.0,-1.9988666772842407,-1.9743598699569702,3.0,-1.9843010902404785,-1.9997462034225464,-49.75875,0.0,0.0,0.0,0.0,11.0,26.0,60.0,1.0,73.0,79.0,79.0,1.0,32.0,65.0,0.0
11078,0.0,0.0,0.0,0.0,11.0,26.0,60.0,1.0,73.0,79.0,79.0,1.0,32.0,65.0,7.0,-1.9984298944473267,-1.9091153144836426,3.0,-1.8855427503585815,-1.9999144077301025,-50.55875,0.0,0.0,0.0,0.0,12.0,27.0,61.0,1.0,74.0,80.0,80.0,1.0,33.0,66.0,0.0
11079,0.0,0.0,0.0,0.0,12.0,27.0,61.0,1.0,74.0,80.0,80.0,1.0,33.0,66.0,7.0,-1.9997665882110596,-1.9801723957061768,3.0,-1.8775835037231445,-1.9998352527618408,-51.35875,0.0,0.0,0.0,0.0,13.0,28.0,62.0,1.0,75.0,81.0,81.0,1.0,34.0,67.0,0.0
11080,0.0,0.0,0.0,0.0,13.0,28.0,62.0,1.0,75.0,81.0,81.0,1.0,34.0,67.0,7.0,-1.9995077848434448,-1.9951852560043335,3.0,-1.9647306203842163,-1.9998548030853271,-52.15875,0.0,0.0,0.0,0.0,14.0,29.0,63.0,1.0,76.0,82.0,82.0,1.0,35.0,68.0,0.0
11081,0.0,0.0,0.0,0.0,14.0,29.0,63.0,1.0,76.0,82.0,82.0,1.0,35.0,68.0,7.0,-1.9988607168197632,-1.9876891374588013,3.0,-1.976096749305725,-1.9998188018798828,-52.95875,0.0,0.0,0.0,0.0,15.0,30.0,64.0,1.0,77.0,83.0,83.0,1.0,36.0,69.0,0.0
11082,0.0,0.0,0.0,0.0,15.0,30.0,64.0,1.0,77.0,83.0,83.0,1.0,36.0,69.0,3.0,-1.9997395277023315,-1.9957789182662964,3.0,-1.98953378200531,-1.999781608581543,-53.75875,0.0,0.0,0.0,0.0,16.0,31.0,65.0,1.0,78.0,84.0,84.0,2.0,37.0,70.0,0.0
11083,0.0,0.0,0.0,0.0,16.0,31.0,65.0,1.0,78.0,84.0,84.0,2.0,37.0,70.0,7.0,-1.9990755319595337,-1.9932971000671387,3.0,-1.9813265800476074,-1.9992867708206177,-54.65875,0.0,0.0,0.0,0.0,17.0,32.0,66.0,1.0,79.0,85.0,85.0,1.0,38.0,71.0,0.0
11084,0.0,0.0,0.0,0.0,17.0,32.0,66.0,1.0,79.0,85.0,85.0,1.0,38.0,71.0,7.0,-1.9995375871658325,-1.995029091835022,3.0,-1.9815568923950195,-1.9985406398773193,-55.35875,0.0,0.0,0.0,0.0,18.0,33.0,67.0,1.0,80.0,86.0,86.0,1.0,39.0,72.0,0.0
11085,0.0,0.0,0.0,0.0,18.0,33.0,67.0,1.0,80.0,86.0,86.0,1.0,39.0,72.0,7.0,-1.9997326135635376,-1.9745664596557617,3.0,-1.9923076629638672,-1.9997360706329346,-56.15875,0.0,0.0,0.0,0.0,19.0,34.0,68.0,1.0,81.0,87.0,87.0,1.0,40.0,73.0,0.0
11086,0.0,0.0,0.0,0.0,19.0,34.0,68.0,1.0,81.0,87.0,87.0,1.0,40.0,73.0,7.0,-1.9997016191482544,-1.9834589958190918,3.0,-1.9910088777542114,-1.9991847276687622,-56.95875,0.0,0.0,0.0,0.0,20.0,35.0,69.0,1.0,82.0,88.0,88.0,1.0,41.0,74.0,0.0
11087,0.0,0.0,0.0,0.0,20.0,35.0,69.0,1.0,82.0,88.0,88.0,1.0,41.0,74.0,7.0,-1.9998270273208618,-1.9808077812194824,3.0,-1.931559443473816,-1.9997929334640503,-57.75875,0.0,0.0,0.0,0.0,21.0,36.0,70.0,1.0,83.0,89.0,89.0,1.0,42.0,75.0,0.0
11088,0.0,0.0,0.0,0.0,21.0,36.0,70.0,1.0,83.0,89.0,89.0,1.0,42.0,75.0,7.0,-1.9993188381195068,-1.9836325645446777,3.0,-1.9805642366409302,-1.999325156211853,-58.55875,0.0,0.0,0.0,0.0,22.0,37.0,71.0,1.0,84.0,90.0,90.0,1.0,43.0,76.0,0.0
11089,0.0,0.0,0.0,0.0,22.0,37.0,71.0,1.0,84.0,90.0,90.0,1.0,43.0,76.0,7.0,-1.9999288320541382,-1.9890525341033936,3.0,-1.9563040733337402,-1.9996743202209473,-59.35875,0.0,0.0,0.0,0.0,23.0,38.0,72.0,1.0,85.0,91.0,91.0,1.0,44.0,77.0,0.0
11090,0.0,0.0,0.0,0.0,23.0,38.0,72.0,1.0,85.0,91.0,91.0,1.0,44.0,77.0,7.0,-1.9997718334197998,-1.997257947921753,3.0,-1.9473094940185547,-1.99947190284729,-60.15875,0.0,0.0,0.0,0.0,24.0,39.0,73.0,1.0,86.0,92.0,92.0,1.0,45.0,78.0,0.0
11091,0.0,0.0,0.0,0.0,24.0,39.0,73.0,1.0,86.0,92.0,92.0,1.0,45.0,78.0,7.0,-1.9997214078903198,-1.9951621294021606,3.0,-1.9832537174224854,-1.9998866319656372,-60.95875,0.0,0.0,0.0,0.0,25.0,40.0,74.0,1.0,87.0,93.0,93.0,1.0,46.0,79.0,0.0
11092,0.0,0.0,0.0,0.0,25.0,40.0,74.0,1.0,87.0,93.0,93.0,1.0,46.0,79.0,3.0,-1.999925971031189,-1.9889843463897705,3.0,-1.9856127500534058,-1.999944806098938,-61.75875,0.0,0.0,0.0,0.0,26.0,41.0,75.0,1.0,88.0,94.0,94.0,2.0,47.0,80.0,0.0
11093,0.0,0.0,0.0,0.0,26.0,41.0,75.0,1.0,88.0,94.0,94.0,2.0,47.0,80.0,7.0,-1.9999762773513794,-1.9960194826126099,3.0,-1.9829405546188354,-1.9999154806137085,-62.65875,0.0,0.0,0.0,0.0,27.0,42.0,76.0,1.0,89.0,95.0,95.0,1.0,48.0,81.0,0.0
11094,0.0,0.0,0.0,0.0,27.0,42.0,76.0,1.0,89.0,95.0,95.0,1.0,48.0,81.0,7.0,-1.99980890750885,-1.9974842071533203,3.0,-1.9749983549118042,-1.9999243021011353,-63.35875,0.0,0.0,0.0,0.0,28.0,43.0,77.0,1.0,90.0,96.0,96.0,1.0,49.0,82.0,0.0
11095,0.0,0.0,0.0,0.0,28.0,43.0,77.0,1.0,90.0,96.0,96.0,1.0,49.0,82.0,7.0,-1.9999693632125854,-1.9965131282806396,3.0,-1.9917399883270264,-1.9999542236328125,-64.15875,0.0,0.0,0.0,0.0,29.0,44.0,78.0,1.0,91.0,97.0,97.0,1.0,50.0,83.0,0.0
11096,0.0,0.0,0.0,0.0,29.0,44.0,78.0,1.0,91.0,97.0,97.0,1.0,50.0,83.0,7.0,-1.9999732971191406,-1.9984737634658813,3.0,-1.9854222536087036,-1.9998972415924072,-64.95875,0.0,0.0,0.0,0.0,30.0,45.0,79.0,1.0,92.0,98.0,98.0,1.0,51.0,84.0,0.0
11097,0.0,0.0,0.0,0.0,30.0,45.0,79.0,1.0,92.0,98.0,98.0,1.0,51.0,84.0,7.0,-1.9999167919158936,-1.997804045677185,3.0,-1.9884618520736694,-1.9999741315841675,-65.75874999999999,0.0,0.0,0.0,0.0,31.0,46.0,80.0,1.0,93.0,99.0,99.0,1.0,52.0,85.0,0.0
11098,0.0,0.0,0.0,0.0,31.0,46.0,80.0,1.0,93.0,99.0,99.0,1.0,52.0,85.0,7.0,-1.9999171495437622,-1.9992952346801758,3.0,-1.9640401601791382,-1.9999761581420898,-66.55875,0.0,0.0,0.0,0.0,32.0,47.0,81.0,1.0,94.0,100.0,100.0,1.0,53.0,86.0,0.0
11099,0.0,0.0,0.0,0.0,32.0,47.0,81.0,1.0,94.0,100.0,100.0,1.0,53.0,86.0,7.0,-1.9999264478683472,-1.9994972944259644,3.0,-1.9567387104034424,-1.9999901056289673,-67.15875,0.0,0.0,0.0,0.0,33.0,48.0,82.0,1.0,95.0,100.0,100.0,1.0,54.0,87.0,1.0
11100,5.2178120613098145,7.884791374206543,9.425984382629395,4.972898006439209,1.0,1.0,1.0,1.0,1.0,1.0,1.0,1.0,1.0,1.0,3.0,-1.406384825706482,-1.4680159091949463,1.0,-1.9223178625106812,-1.9001269340515137,-3.381212660769015,3.8114272356033325,6.416775465011597,7.503666520118713,3.0727710723876953,2.0,1.0,2.0,1.0,2.0,2.0,2.0,2.0,2.0,2.0,0.0
11101,3.8114272356033325,6.416775465011597,7.503666520118713,3.0727710723876953,2.0,1.0,2.0,1.0,2.0,2.0,2.0,2.0,2.0,2.0,8.0,-1.8316650390625,-1.8293821811676025,1.0,-1.9550273418426514,-1.793128252029419,-4.902518993156002,1.9797621965408325,4.587393283843994,5.548639178276062,1.2796428203582764,3.0,1.0,3.0,2.0,3.0,3.0,3.0,3.0,1.0,3.0,0.0
11102,1.9797621965408325,4.587393283843994,5.548639178276062,1.2796428203582764,3.0,1.0,3.0,2.0,3.0,3.0,3.0,3.0,1.0,3.0,3.0,-1.8570165634155273,-0.7568266987800598,1.0,-1.7514219284057617,-1.9489096403121948,-4.878794747051582,0.12274563312530518,3.8305665850639343,3.7972172498703003,0.0,4.0,1.0,4.0,1.0,4.0,4.0,4.0,4.0,2.0,4.0,0.0
11103,0.12274563312530518,3.8305665850639343,3.7972172498703003,0.0,4.0,1.0,4.0,1.0,4.0,4.0,4.0,4.0,2.0,4.0,3.0,-1.7880480289459229,-1.9451221227645874,0.0,-1.9088903665542603,-1.9241211414337158,-7.810589035631183,0.0,1.885444462299347,1.88832688331604,0.0,1.0,2.0,5.0,1.0,5.0,5.0,5.0,5.0,3.0,5.0,0.0
11104,0.0,1.885444462299347,1.88832688331604,0.0,1.0,2.0,5.0,1.0,5.0,5.0,5.0,5.0,3.0,5.0,10.0,-1.8688238859176636,-1.6628320217132568,3.0,-1.7452399730682373,-1.885996699333191,-4.7,0.0,0.2226124405860901,0.14308691024780273,0.0,2.0,3.0,6.0,1.0,6.0,6.0,6.0,6.0,4.0,6.0,0.0
11105,0.0,0.2226124405860901,0.14308691024780273,0.0,2.0,3.0,6.0,1.0,6.0,6.0,6.0,6.0,4.0,6.0,9.0,-1.7189552783966064,-1.6279274225234985,0.0,0.5871427059173584,-1.9571280479431152,-8.118749999999999,0.0,0.0,0.7302296161651611,0.0,1.0,4.0,7.0,2.0,7.0,7.0,7.0,7.0,5.0,1.0,0.0
11106,0.0,0.0,0.7302296161651611,0.0,1.0,4.0,7.0,2.0,7.0,7.0,7.0,7.0,5.0,1.0,0.0,-1.4273943901062012,-1.6961300373077393,0.0,-1.9054780006408691,-1.7681126594543457,-7.69875,0.0,0.0,0.0,0.0,1.0,5.0,8.0,3.0,8.0,8.0,8.0,8.0,6.0,2.0,0.0
11107,0.0,0.0,0.0,0.0,1.0,5.0,8.0,3.0,8.0,8.0,8.0,8.0,6.0,2.0,0.0,0.6799779534339905,-1.118457317352295,3.0,-1.5624994039535522,-1.8197669982910156,-8.038037855965612,0.6799779534339905,0.0,0.0,0.0,1.0,6.0,9.0,1.0,9.0,9.0,9.0,9.0,7.0,3.0,0.0
11108,0.6799779534339905,0.0,0.0,0.0,1.0,6.0,9.0,1.0,9.0,9.0,9.0,9.0,7.0,3.0,7.0,-1.558810830116272,0.6350221037864685,0.0,-0.5169811844825745,-1.9367924928665161,-14.02439737403229,0.0,0.6350221037864685,0.0,0.0,1.0,7.0,10.0,2.0,10.0,10.0,10.0,1.0,8.0,4.0,0.0
11109,0.0,0.6350221037864685,0.0,0.0,1.0,7.0,10.0,2.0,10.0,10.0,10.0,1.0,8.0,4.0,8.0,-1.21502685546875,-1.378618597984314,0.0,-0.48087403178215027,-1.8104445934295654,-18.65375,0.0,0.0,0.0,0.0,1.0,8.0,11.0,3.0,11.0,11.0,11.0,2.0,1.0,5.0,0.0
11110,0.0,0.0,0.0,0.0,1.0,8.0,11.0,3.0,11.0,11.0,11.0,2.0,1.0,5.0,7.0,-1.2116323709487915,0.24988016486167908,3.0,-1.1184848546981812,-1.7714910507202148,-14.190965363895529,0.0,0.24988016486167908,0.0,0.0,2.0,9.0,12.0,1.0,12.0,12.0,12.0,1.0,2.0,6.0,0.0
11111,0.0,0.24988016486167908,0.0,0.0,2.0,9.0,12.0,1.0,12.0,12.0,12.0,1.0,2.0,6.0,3.0,-1.9569668769836426,-1.9039335250854492,3.0,-0.3915289640426636,-1.8762176036834717,-14.75875,0.0,0.0,0.0,0.0,3.0,10.0,13.0,1.0,13.0,13.0,13.0,2.0,3.0,7.0,0.0
11112,0.0,0.0,0.0,0.0,3.0,10.0,13.0,1.0,13.0,13.0,13.0,2.0,3.0,7.0,3.0,-1.0095442533493042,-1.1580730676651,3.0,-0.4355205297470093,-0.9447315335273743,-15.658750000000001,0.0,0.0,0.0,0.0,4.0,11.0,14.0,1.0,14.0,14.0,14.0,3.0,4.0,8.0,0.0
11113,0.0,0.0,0.0,0.0,4.0,11.0,14.0,1.0,14.0,14.0,14.0,3.0,4.0,8.0,7.0,-1.5784612894058228,-1.8449604511260986,1.0,-1.809587001800537,-1.9122942686080933,-16.55875,0.0,0.0,0.0,0.0,5.0,1.0,15.0,2.0,15.0,15.0,15.0,1.0,5.0,9.0,0.0
11114,0.0,0.0,0.0,0.0,5.0,1.0,15.0,2.0,15.0,15.0,15.0,1.0,5.0,9.0,7.0,-1.665401577949524,-1.3022563457489014,10.0,-1.7247198820114136,-1.8786734342575073,-16.15875,0.0,0.0,0.0,0.0,6.0,2.0,16.0,3.0,16.0,16.0,16.0,1.0,6.0,10.0,0.0
11115,0.0,0.0,0.0,0.0,6.0,2.0,16.0,3.0,16.0,16.0,16.0,1.0,6.0,10.0,0.0,-1.6198090314865112,-1.8012733459472656,3.0,-1.957919955253601,-1.956767201423645,-12.098749999999999,0.0,0.0,0.0,0.0,1.0,3.0,17.0,1.0,17.0,17.0,17.0,2.0,7.0,11.0,0.0
11116,0.0,0.0,0.0,0.0,1.0,3.0,17.0,1.0,17.0,17.0,17.0,2.0,7.0,11.0,9.0,-1.900439739227295,-0.009814183227717876,3.0,-1.866668939590454,-1.8069956302642822,-12.81875,0.0,0.0,0.0,0.0,2.0,4.0,18.0,1.0,18.0,18.0,18.0,3.0,8.0,1.0,0.0
11117,0.0,0.0,0.0,0.0,2.0,4.0,18.0,1.0,18.0,18.0,18.0,3.0,8.0,1.0,8.0,-0.9571267366409302,-1.8429101705551147,3.0,-0.07868708670139313,-1.8544965982437134,-21.45375,0.0,0.0,0.0,0.0,3.0,5.0,19.0,1.0,19.0,19.0,19.0,4.0,1.0,2.0,0.0
11118,0.0,0.0,0.0,0.0,3.0,5.0,19.0,1.0,19.0,19.0,19.0,4.0,1.0,2.0,7.0,-1.7397099733352661,-1.5748413801193237,3.0,-1.8651705980300903,-1.766457438468933,-17.05875,0.0,0.0,0.0,0.0,4.0,6.0,20.0,1.0,20.0,20.0,20.0,1.0,2.0,3.0,0.0
11119,0.0,0.0,0.0,0.0,4.0,6.0,20.0,1.0,20.0,20.0,20.0,1.0,2.0,3.0,2.0,-1.9375171661376953,-1.4171117544174194,10.0,-1.9332588911056519,-1.830937147140503,-24.998749999999994,0.0,0.0,0.0,0.0,5.0,7.0,1.0,2.0,21.0,21.0,21.0,2.0,3.0,4.0,0.0
11120,0.0,0.0,0.0,0.0,5.0,7.0,1.0,2.0,21.0,21.0,21.0,2.0,3.0,4.0,3.0,-1.9315654039382935,0.4962112605571747,3.0,-1.3686277866363525,-1.7923139333724976,-15.597049280318371,0.0,0.4962112605571747,0.0,0.0,6.0,8.0,2.0,1.0,22.0,22.0,22.0,3.0,4.0,5.0,0.0
11121,0.0,0.4962112605571747,0.0,0.0,6.0,8.0,2.0,1.0,22.0,22.0,22.0,3.0,4.0,5.0,3.0,-0.6626874208450317,-1.1587001085281372,10.0,-0.5673099756240845,-1.886224627494812,-17.35875,0.0,0.0,0.0,0.0,7.0,9.0,3.0,1.0,23.0,23.0,23.0,4.0,5.0,6.0,0.0
11122,0.0,0.0,0.0,0.0,7.0,9.0,3.0,1.0,23.0,23.0,23.0,4.0,5.0,6.0,0.0,-1.6233067512512207,-1.4703449010849,3.0,-1.6903750896453857,-1.2141004800796509,-13.29875,0.0,0.0,0.0,0.0,1.0,10.0,4.0,1.0,24.0,24.0,24.0,5.0,6.0,7.0,0.0
11123,0.0,0.0,0.0,0.0,1.0,10.0,4.0,1.0,24.0,24.0,24.0,5.0,6.0,7.0,7.0,-1.9123631715774536,-1.1148860454559326,3.0,1.2274070978164673,-0.05243375152349472,-18.45875,0.0,0.0,1.2274070978164673,0.0,2.0,11.0,5.0,1.0,25.0,25.0,25.0,1.0,7.0,8.0,0.0
11124,0.0,0.0,1.2274070978164673,0.0,2.0,11.0,5.0,1.0,25.0,25.0,25.0,1.0,7.0,8.0,3.0,-1.8234554529190063,-0.22481292486190796,3.0,-1.7696666717529297,-1.7816635370254517,-18.85875,0.0,0.0,0.0,0.0,3.0,12.0,6.0,1.0,26.0,26.0,26.0,2.0,8.0,9.0,0.0
11125,0.0,0.0,0.0,0.0,3.0,12.0,6.0,1.0,26.0,26.0,26.0,2.0,8.0,9.0,3.0,-1.794843316078186,-1.44450044631958,3.0,1.124461054801941,-1.476375699043274,-19.75875,0.0,0.0,1.124461054801941,0.0,4.0,13.0,7.0,1.0,27.0,27.0,27.0,3.0,9.0,10.0,0.0
11126,0.0,0.0,1.124461054801941,0.0,4.0,13.0,7.0,1.0,27.0,27.0,27.0,3.0,9.0,10.0,10.0,-1.696305274963379,-1.6508324146270752,3.0,-1.7716727256774902,-0.873997151851654,-13.8,0.0,0.0,0.0,0.0,5.0,14.0,8.0,1.0,28.0,28.0,28.0,4.0,10.0,11.0,0.0
11127,0.0,0.0,0.0,0.0,5.0,14.0,8.0,1.0,28.0,28.0,28.0,4.0,10.0,11.0,8.0,-1.8824330568313599,0.06125107780098915,3.0,0.039539191871881485,-1.4385141134262085,-25.911922756765126,0.0,0.06125107780098915,0.039539191871881485,0.0,6.0,15.0,9.0,1.0,29.0,29.0,29.0,5.0,1.0,12.0,0.0
11128,0.0,0.06125107780098915,0.039539191871881485,0.0,6.0,15.0,9.0,1.0,29.0,29.0,29.0,5.0,1.0,12.0,10.0,-1.8898797035217285,-0.20832459628582,8.0,-0.12689152359962463,-1.727498173713684,-14.6,0.0,0.0,0.0,0.0,7.0,16.0,10.0,2.0,30.0,30.0,30.0,6.0,1.0,13.0,0.0
11129,0.0,0.0,0.0,0.0,7.0,16.0,10.0,2.0,30.0,30.0,30.0,6.0,1.0,13.0,10.0,-1.8647685050964355,-0.23214249312877655,3.0,-1.012966513633728,-1.911004662513733,-15.5,0.0,0.0,0.0,0.0,8.0,17.0,11.0,1.0,31.0,31.0,31.0,7.0,2.0,14.0,0.0
11130,0.0,0.0,0.0,0.0,8.0,17.0,11.0,1.0,31.0,31.0,31.0,7.0,2.0,14.0,10.0,-1.9654178619384766,-1.4979842901229858,3.0,0.6596558690071106,-1.9420857429504395,-16.3,0.0,0.0,0.6596558690071106,0.0,9.0,18.0,12.0,1.0,32.0,32.0,32.0,8.0,3.0,15.0,0.0
11131,0.0,0.0,0.6596558690071106,0.0,9.0,18.0,12.0,1.0,32.0,32.0,32.0,8.0,3.0,15.0,0.0,-1.8974828720092773,-1.1067924499511719,3.0,-1.4133065938949585,-1.9220272302627563,-19.09875,0.0,0.0,0.0,0.0,1.0,19.0,13.0,1.0,33.0,33.0,33.0,9.0,4.0,16.0,0.0
11132,0.0,0.0,0.0,0.0,1.0,19.0,13.0,1.0,33.0,33.0,33.0,9.0,4.0,16.0,0.0,0.004870166536420584,-1.3548848628997803,3.0,1.204138994216919,-1.8296936750411987,-19.09422442149205,0.004870166536420584,0.0,1.204138994216919,0.0,1.0,20.0,14.0,1.0,34.0,34.0,34.0,10.0,5.0,17.0,0.0
11133,0.004870166536420584,0.0,1.204138994216919,0.0,1.0,20.0,14.0,1.0,34.0,34.0,34.0,10.0,5.0,17.0,7.0,-1.4107335805892944,-1.859594464302063,9.0,-1.5778204202651978,-1.7177479267120361,-24.85875,0.0,0.0,0.0,0.0,2.0,21.0,15.0,2.0,35.0,35.0,35.0,1.0,6.0,1.0,0.0
11134,0.0,0.0,0.0,0.0,2.0,21.0,15.0,2.0,35.0,35.0,35.0,1.0,6.0,1.0,3.0,-1.7200920581817627,-0.6320210695266724,3.0,-1.698079228401184,-1.368815541267395,-23.15875,0.0,0.0,0.0,0.0,3.0,22.0,16.0,1.0,36.0,36.0,36.0,2.0,7.0,2.0,0.0
11135,0.0,0.0,0.0,0.0,3.0,22.0,16.0,1.0,36.0,36.0,36.0,2.0,7.0,2.0,10.0,0.1864444762468338,-1.425523042678833,3.0,-1.6473335027694702,-1.1076804399490356,-17.1,0.1864444762468338,0.0,0.0,0.0,4.0,23.0,17.0,1.0,37.0,37.0,37.0,3.0,8.0,3.0,0.0
11136,0.1864444762468338,0.0,0.0,0.0,4.0,23.0,17.0,1.0,37.0,37.0,37.0,3.0,8.0,3.0,3.0,-1.952986240386963,0.24517615139484406,3.0,-1.4815963506698608,-1.7149312496185303,-24.37403731344737,0.0,0.24517615139484406,0.0,0.0,5.0,24.0,18.0,1.0,38.0,38.0,38.0,4.0,9.0,4.0,0.0
11137,0.0,0.24517615139484406,0.0,0.0,5.0,24.0,18.0,1.0,38.0,38.0,38.0,4.0,9.0,4.0,3.0,-0.5143736004829407,-1.6337906122207642,3.0,-1.751023292541504,-1.5390872955322266,-25.75875,0.0,0.0,0.0,0.0,6.0,25.0,19.0,1.0,39.0,39.0,39.0,5.0,10.0,5.0,0.0
11138,0.0,0.0,0.0,0.0,6.0,25.0,19.0,1.0,39.0,39.0,39.0,5.0,10.0,5.0,8.0,-1.7294176816940308,-1.8077359199523926,3.0,-0.8679230213165283,-0.4034007787704468,-31.153750000000002,0.0,0.0,0.0,0.0,7.0,26.0,20.0,1.0,40.0,40.0,40.0,6.0,1.0,6.0,0.0
11139,0.0,0.0,0.0,0.0,7.0,26.0,20.0,1.0,40.0,40.0,40.0,6.0,1.0,6.0,3.0,-1.1954736709594727,-1.3775779008865356,3.0,0.7217383980751038,-1.8629422187805176,-26.55875,0.0,0.0,0.7217383980751038,0.0,8.0,27.0,21.0,1.0,41.0,41.0,41.0,7.0,2.0,7.0,0.0
11140,0.0,0.0,0.7217383980751038,0.0,8.0,27.0,21.0,1.0,41.0,41.0,41.0,7.0,2.0,7.0,3.0,-1.9945307970046997,-1.4605714082717896,9.0,0.3628304600715637,-1.7886302471160889,-27.458750000000002,0.0,0.0,1.0845688581466675,0.0,9.0,28.0,22.0,1.0,42.0,42.0,42.0,8.0,3.0,1.0,0.0
11141,0.0,0.0,1.0845688581466675,0.0,9.0,28.0,22.0,1.0,42.0,42.0,42.0,8.0,3.0,1.0,0.0,-1.9602125883102417,-0.3172525465488434,3.0,1.179851770401001,-1.8445143699645996,-22.69875,0.0,0.0,2.2644206285476685,0.0,1.0,29.0,23.0,1.0,43.0,43.0,43.0,9.0,4.0,2.0,0.0
11142,0.0,0.0,2.2644206285476685,0.0,1.0,29.0,23.0,1.0,43.0,43.0,43.0,9.0,4.0,2.0,3.0,0.24695353209972382,0.8567050695419312,3.0,-1.3919724225997925,-1.4843475818634033,-25.979147781517376,0.24695353209972382,0.8567050695419312,0.872448205947876,0.0,2.0,30.0,24.0,1.0,44.0,44.0,44.0,10.0,5.0,3.0,0.0
11143,0.24695353209972382,0.8567050695419312,0.872448205947876,0.0,2.0,30.0,24.0,1.0,44.0,44.0,44.0,10.0,5.0,3.0,3.0,-1.754372239112854,-0.5545636415481567,1.0,0.982966423034668,-1.7093226909637451,-27.96408488618161,0.0,0.3021414279937744,1.855414628982544,0.0,3.0,1.0,25.0,1.0,45.0,45.0,45.0,11.0,6.0,4.0,0.0
11144,0.0,0.3021414279937744,1.855414628982544,0.0,3.0,1.0,25.0,1.0,45.0,45.0,45.0,11.0,6.0,4.0,7.0,-1.9713094234466553,-1.8692713975906372,3.0,-1.7041157484054565,-1.5305737257003784,-26.458750000000002,0.0,0.0,0.1512988805770874,0.0,4.0,2.0,26.0,1.0,46.0,46.0,46.0,1.0,7.0,5.0,0.0
11145,0.0,0.0,0.1512988805770874,0.0,4.0,2.0,26.0,1.0,46.0,46.0,46.0,1.0,7.0,5.0,7.0,-1.9958195686340332,-1.7686456441879272,3.0,-1.9960343837738037,-1.9558899402618408,-26.25875,0.0,0.0,0.0,0.0,5.0,3.0,27.0,1.0,47.0,47.0,47.0,1.0,8.0,6.0,0.0
11146,0.0,0.0,0.0,0.0,5.0,3.0,27.0,1.0,47.0,47.0,47.0,1.0,8.0,6.0,7.0,-1.9592591524124146,-1.8135377168655396,3.0,-1.9630413055419922,-1.9860875606536865,-27.05875,0.0,0.0,0.0,0.0,6.0,4.0,28.0,1.0,48.0,48.0,48.0,1.0,9.0,7.0,0.0
11147,0.0,0.0,0.0,0.0,6.0,4.0,28.0,1.0,48.0,48.0,48.0,1.0,9.0,7.0,8.0,-1.989094614982605,-1.8124408721923828,3.0,-1.9607101678848267,-1.925941824913025,-32.35375,0.0,0.0,0.0,0.0,7.0,5.0,29.0,1.0,49.0,49.0,49.0,2.0,1.0,8.0,0.0
11148,0.0,0.0,0.0,0.0,7.0,5.0,29.0,1.0,49.0,49.0,49.0,2.0,1.0,8.0,0.0,-1.9928830862045288,-1.8873546123504639,3.0,-0.06190419942140579,-1.9936931133270264,-22.89875,0.0,0.0,0.0,0.0,1.0,6.0,30.0,1.0,50.0,50.0,50.0,3.0,2.0,9.0,0.0
11149,0.0,0.0,0.0,0.0,1.0,6.0,30.0,1.0,50.0,50.0,50.0,3.0,2.0,9.0,7.0,-1.9555449485778809,-1.9705307483673096,3.0,-0.9211145639419556,-1.9887659549713135,-28.05875,0.0,0.0,0.0,0.0,2.0,7.0,31.0,1.0,51.0,51.0,51.0,1.0,3.0,10.0,0.0
11150,0.0,0.0,0.0,0.0,2.0,7.0,31.0,1.0,51.0,51.0,51.0,1.0,3.0,10.0,7.0,-1.9797139167785645,-1.9276360273361206,3.0,-1.9396768808364868,-1.9732567071914673,-28.65875,0.0,0.0,0.0,0.0,3.0,8.0,32.0,1.0,52.0,52.0,52.0,1.0,4.0,11.0,0.0
11151,0.0,0.0,0.0,0.0,3.0,8.0,32.0,1.0,52.0,52.0,52.0,1.0,4.0,11.0,7.0,-1.9830033779144287,-1.8897219896316528,3.0,-1.7841471433639526,-1.9766919612884521,-29.458750000000002,0.0,0.0,0.0,0.0,4.0,9.0,33.0,1.0,53.0,53.0,53.0,1.0,5.0,12.0,0.0
11152,0.0,0.0,0.0,0.0,4.0,9.0,33.0,1.0,53.0,53.0,53.0,1.0,5.0,12.0,8.0,-1.9827368259429932,-1.943346619606018,3.0,0.06198494881391525,-1.9796174764633179,-34.75375,0.0,0.0,0.06198494881391525,0.0,5.0,10.0,34.0,1.0,54.0,54.0,54.0,2.0,1.0,13.0,0.0
11153,0.0,0.0,0.06198494881391525,0.0,5.0,10.0,34.0,1.0,54.0,54.0,54.0,2.0,1.0,13.0,7.0,-1.9514665603637695,-1.8924285173416138,3.0,-1.1059880256652832,-1.9940481185913086,-30.65875,0.0,0.0,0.0,0.0,6.0,11.0,35.0,1.0,55.0,55.0,55.0,1.0,2.0,14.0,0.0
11154,0.0,0.0,0.0,0.0,6.0,11.0,35.0,1.0,55.0,55.0,55.0,1.0,2.0,14.0,0.0,-1.9870573282241821,-1.881650447845459,3.0,-0.2058785855770111,-1.9949761629104614,-26.39875,0.0,0.0,0.0,0.0,1.0,12.0,36.0,1.0,56.0,56.0,56.0,2.0,3.0,15.0,0.0
11155,0.0,0.0,0.0,0.0,1.0,12.0,36.0,1.0,56.0,56.0,56.0,2.0,3.0,15.0,3.0,-1.992279052734375,-1.9348044395446777,3.0,-0.4034584164619446,-1.9938013553619385,-31.65875,0.0,0.0,0.0,0.0,2.0,13.0,37.0,1.0,57.0,57.0,57.0,3.0,4.0,16.0,0.0
11156,0.0,0.0,0.0,0.0,2.0,13.0,37.0,1.0,57.0,57.0,57.0,3.0,4.0,16.0,7.0,-1.9954677820205688,-1.9158048629760742,3.0,-1.9416972398757935,-1.9950144290924072,-32.558749999999996,0.0,0.0,0.0,0.0,3.0,14.0,38.0,1.0,58.0,58.0,58.0,1.0,5.0,17.0,0.0
11157,0.0,0.0,0.0,0.0,3.0,14.0,38.0,1.0,58.0,58.0,58.0,1.0,5.0,17.0,8.0,-1.9930951595306396,-1.8561526536941528,3.0,-1.6312158107757568,-1.995380163192749,-37.65375,0.0,0.0,0.0,0.0,4.0,15.0,39.0,1.0,59.0,59.0,59.0,2.0,1.0,18.0,0.0
11158,0.0,0.0,0.0,0.0,4.0,15.0,39.0,1.0,59.0,59.0,59.0,2.0,1.0,18.0,7.0,-1.7310551404953003,-1.8890539407730103,3.0,-1.9269474744796753,-1.997361421585083,-33.558749999999996,0.0,0.0,0.0,0.0,5.0,16.0,40.0,1.0,60.0,60.0,60.0,1.0,2.0,19.0,0.0
11159,0.0,0.0,0.0,0.0,5.0,16.0,40.0,1.0,60.0,60.0,60.0,1.0,2.0,19.0,0.0,-1.9895930290222168,-1.794014573097229,3.0,-1.737718105316162,-1.9935694932937622,-29.29875,0.0,0.0,0.0,0.0,1.0,17.0,41.0,1.0,61.0,61.0,61.0,2.0,3.0,20.0,0.0
11160,0.0,0.0,0.0,0.0,1.0,17.0,41.0,1.0,61.0,61.0,61.0,2.0,3.0,20.0,0.0,-1.987916111946106,-1.9505624771118164,3.0,-1.8737093210220337,-1.991401195526123,-29.69875,0.0,0.0,0.0,0.0,1.0,18.0,42.0,1.0,62.0,62.0,62.0,3.0,4.0,21.0,0.0
11161,0.0,0.0,0.0,0.0,1.0,18.0,42.0,1.0,62.0,62.0,62.0,3.0,4.0,21.0,8.0,-1.981063961982727,-1.8958196640014648,3.0,-1.901649832725525,-1.990333080291748,-39.95375,0.0,0.0,0.0,0.0,2.0,19.0,43.0,1.0,63.0,63.0,63.0,4.0,1.0,22.0,0.0
11162,0.0,0.0,0.0,0.0,2.0,19.0,43.0,1.0,63.0,63.0,63.0,4.0,1.0,22.0,3.0,-1.9830386638641357,-1.9310188293457031,3.0,-1.9308977127075195,-1.9819552898406982,-35.95875,0.0,0.0,0.0,0.0,3.0,20.0,44.0,1.0,64.0,64.0,64.0,5.0,2.0,23.0,0.0
11163,0.0,0.0,0.0,0.0,3.0,20.0,44.0,1.0,64.0,64.0,64.0,5.0,2.0,23.0,7.0,-1.9386192560195923,-1.851223349571228,3.0,-1.9160271883010864,-1.9905190467834473,-36.85875,0.0,0.0,0.0,0.0,4.0,21.0,45.0,1.0,65.0,65.0,65.0,1.0,3.0,24.0,0.0
11164,0.0,0.0,0.0,0.0,4.0,21.0,45.0,1.0,65.0,65.0,65.0,1.0,3.0,24.0,3.0,-1.672848105430603,-1.9501973390579224,3.0,-1.8560007810592651,-1.9857274293899536,-37.25875,0.0,0.0,0.0,0.0,5.0,22.0,46.0,1.0,66.0,66.0,66.0,2.0,4.0,25.0,0.0
11165,0.0,0.0,0.0,0.0,5.0,22.0,46.0,1.0,66.0,66.0,66.0,2.0,4.0,25.0,3.0,-1.9289056062698364,-1.9755527973175049,3.0,-1.750291347503662,-1.9834272861480713,-38.15875,0.0,0.0,0.0,0.0,6.0,23.0,47.0,1.0,67.0,67.0,67.0,3.0,5.0,26.0,0.0
11166,0.0,0.0,0.0,0.0,6.0,23.0,47.0,1.0,67.0,67.0,67.0,3.0,5.0,26.0,0.0,-1.5606869459152222,-1.9363082647323608,3.0,-1.4890450239181519,-1.9932689666748047,-34.09875,0.0,0.0,0.0,0.0,1.0,24.0,48.0,1.0,68.0,68.0,68.0,4.0,6.0,27.0,0.0
11167,0.0,0.0,0.0,0.0,1.0,24.0,48.0,1.0,68.0,68.0,68.0,4.0,6.0,27.0,8.0,-1.9774582386016846,-1.941711187362671,3.0,-1.3097819089889526,-1.989768147468567,-43.85375,0.0,0.0,0.0,0.0,2.0,25.0,49.0,1.0,69.0,69.0,69.0,5.0,1.0,28.0,0.0
11168,0.0,0.0,0.0,0.0,2.0,25.0,49.0,1.0,69.0,69.0,69.0,5.0,1.0,28.0,8.0,-1.9954386949539185,-1.9917749166488647,3.0,-1.6332563161849976,-1.9903268814086914,-44.153749999999995,0.0,0.0,0.0,0.0,3.0,26.0,50.0,1.0,70.0,70.0,70.0,6.0,1.0,29.0,0.0
11169,0.0,0.0,0.0,0.0,3.0,26.0,50.0,1.0,70.0,70.0,70.0,6.0,1.0,29.0,8.0,-1.9914590120315552,-1.8452752828598022,3.0,-1.7950509786605835,-1.9902904033660889,-44.95375,0.0,0.0,0.0,0.0,4.0,27.0,51.0,1.0,71.0,71.0,71.0,7.0,1.0,30.0,0.0
11170,0.0,0.0,0.0,0.0,4.0,27.0,51.0,1.0,71.0,71.0,71.0,7.0,1.0,30.0,0.0,-1.8666542768478394,-1.9578129053115845,3.0,-1.3605644702911377,-1.9928982257843018,-36.29875,0.0,0.0,0.0,0.0,1.0,28.0,52.0,1.0,72.0,72.0,72.0,8.0,2.0,31.0,0.0
11171,0.0,0.0,0.0,0.0,1.0,28.0,52.0,1.0,72.0,72.0,72.0,8.0,2.0,31.0,0.0,-1.9867584705352783,-1.9827765226364136,3.0,-1.0206140279769897,-1.9796805381774902,-36.79875,0.0,0.0,0.0,0.0,1.0,29.0,53.0,1.0,73.0,73.0,73.0,9.0,3.0,32.0,0.0
11172,0.0,0.0,0.0,0.0,1.0,29.0,53.0,1.0,73.0,73.0,73.0,9.0,3.0,32.0,0.0,-1.9956777095794678,-1.9132938385009766,8.0,-1.6823070049285889,-1.9750652313232422,-37.59875,0.0,0.0,0.0,0.0,1.0,30.0,54.0,2.0,74.0,74.0,74.0,10.0,1.0,33.0,0.0
11173,0.0,0.0,0.0,0.0,1.0,30.0,54.0,2.0,74.0,74.0,74.0,10.0,1.0,33.0,0.0,-1.9999432563781738,-1.9442811012268066,3.0,-0.3595362901687622,-1.9427622556686401,-38.19875,0.0,0.0,0.0,0.0,1.0,31.0,55.0,1.0,75.0,75.0,75.0,11.0,2.0,34.0,0.0
11174,0.0,0.0,0.0,0.0,1.0,31.0,55.0,1.0,75.0,75.0,75.0,11.0,2.0,34.0,0.0,-1.9957796335220337,-1.9046889543533325,3.0,0.9751912951469421,-1.9488035440444946,-38.89875,0.0,0.0,0.9751912951469421,0.0,1.0,32.0,56.0,1.0,76.0,76.0,76.0,12.0,3.0,35.0,0.0
11175,0.0,0.0,0.9751912951469421,0.0,1.0,32.0,56.0,1.0,76.0,76.0,76.0,12.0,3.0,35.0,0.0,-1.9980412721633911,-1.9805171489715576,3.0,-0.3580733835697174,-1.8461687564849854,-39.69875,0.0,0.0,0.6171179115772247,0.0,1.0,33.0,57.0,1.0,77.0,77.0,77.0,13.0,4.0,36.0,0.0
11176,0.0,0.0,0.6171179115772247,0.0,1.0,33.0,57.0,1.0,77.0,77.0,77.0,13.0,4.0,36.0,0.0,-1.999037265777588,-1.9311408996582031,3.0,-0.3022274076938629,-1.814135193824768,-40.49875,0.0,0.0,0.3148905038833618,0.0,1.0,34.0,58.0,1.0,78.0,78.0,78.0,14.0,5.0,37.0,0.0
11177,0.0,0.0,0.3148905038833618,0.0,1.0,34.0,58.0,1.0,78.0,78.0,78.0,14.0,5.0,37.0,0.0,-1.9985684156417847,-1.9552538394927979,3.0,-1.7751843929290771,-1.918958067893982,-41.29875,0.0,0.0,0.0,0.0,1.0,35.0,59.0,1.0,79.0,79.0,79.0,15.0,6.0,38.0,0.0
11178,0.0,0.0,0.0,0.0,1.0,35.0,59.0,1.0,79.0,79.0,79.0,15.0,6.0,38.0,7.0,-1.992321491241455,-1.9840046167373657,3.0,-1.286258339881897,-1.94487464427948,-47.05875,0.0,0.0,0.0,0.0,2.0,36.0,60.0,1.0,80.0,80.0,80.0,1.0,7.0,39.0,0.0
11179,0.0,0.0,0.0,0.0,2.0,36.0,60.0,1.0,80.0,80.0,80.0,1.0,7.0,39.0,3.0,-1.7797144651412964,-1.9855414628982544,3.0,1.017749309539795,-1.9297819137573242,-46.45875,0.0,0.0,1.017749309539795,0.0,3.0,37.0,61.0,1.0,81.0,81.0,81.0,2.0,8.0,40.0,0.0
11180,0.0,0.0,1.017749309539795,0.0,3.0,37.0,61.0,1.0,81.0,81.0,81.0,2.0,8.0,40.0,0.0,-1.931571364402771,-1.9904472827911377,3.0,-0.4656122326850891,-1.7440261840820312,-42.39875,0.0,0.0,0.5521370768547058,0.0,1.0,38.0,62.0,1.0,82.0,82.0,82.0,3.0,9.0,41.0,0.0
11181,0.0,0.0,0.5521370768547058,0.0,1.0,38.0,62.0,1.0,82.0,82.0,82.0,3.0,9.0,41.0,3.0,-1.9724745750427246,-1.991897702217102,3.0,-1.6844675540924072,-1.5852614641189575,-47.95875,0.0,0.0,0.0,0.0,2.0,39.0,63.0,1.0,83.0,83.0,83.0,4.0,10.0,42.0,0.0
11182,0.0,0.0,0.0,0.0,2.0,39.0,63.0,1.0,83.0,83.0,83.0,4.0,10.0,42.0,0.0,-1.9980956315994263,-1.9883471727371216,3.0,-0.17548634111881256,-1.713028073310852,-43.89875,0.0,0.0,0.0,0.0,1.0,40.0,64.0,1.0,84.0,84.0,84.0,5.0,11.0,43.0,0.0
11183,0.0,0.0,0.0,0.0,1.0,40.0,64.0,1.0,84.0,84.0,84.0,5.0,11.0,43.0,3.0,-1.9936789274215698,-1.9752365350723267,3.0,-0.02212398312985897,-1.8798131942749023,-49.55875,0.0,0.0,0.0,0.0,2.0,41.0,65.0,1.0,85.0,85.0,85.0,6.0,12.0,44.0,0.0
11184,0.0,0.0,0.0,0.0,2.0,41.0,65.0,1.0,85.0,85.0,85.0,6.0,12.0,44.0,3.0,-1.9996323585510254,-1.9842840433120728,3.0,0.8037784695625305,-1.8517470359802246,-50.45875,0.0,0.0,0.8037784695625305,0.0,3.0,42.0,66.0,1.0,86.0,86.0,86.0,7.0,13.0,45.0,0.0
11185,0.0,0.0,0.8037784695625305,0.0,3.0,42.0,66.0,1.0,86.0,86.0,86.0,7.0,13.0,45.0,0.0,-1.9896931648254395,-1.9780765771865845,3.0,1.3022884130477905,-1.9605915546417236,-46.39875,0.0,0.0,2.106066882610321,0.0,1.0,43.0,67.0,1.0,87.0,87.0,87.0,8.0,14.0,46.0,0.0
11186,0.0,0.0,2.106066882610321,0.0,1.0,43.0,67.0,1.0,87.0,87.0,87.0,8.0,14.0,46.0,3.0,-1.9175796508789062,-1.9824625253677368,3.0,-1.6978565454483032,-1.9521430730819702,-51.95875,0.0,0.0,0.4082103371620178,0.0,2.0,44.0,68.0,1.0,88.0,88.0,88.0,9.0,15.0,47.0,0.0
11187,0.0,0.0,0.4082103371620178,0.0,2.0,44.0,68.0,1.0,88.0,88.0,88.0,9.0,15.0,47.0,0.0,-1.9865621328353882,-1.9815614223480225,3.0,-1.7800415754318237,-1.966612696647644,-47.89875,0.0,0.0,0.0,0.0,1.0,45.0,69.0,1.0,89.0,89.0,89.0,10.0,16.0,48.0,0.0
11188,0.0,0.0,0.0,0.0,1.0,45.0,69.0,1.0,89.0,89.0,89.0,10.0,16.0,48.0,7.0,-1.9019519090652466,-1.9850598573684692,3.0,-1.4401038885116577,-1.9724762439727783,-53.55875,0.0,0.0,0.0,0.0,2.0,46.0,70.0,1.0,90.0,90.0,90.0,1.0,17.0,49.0,0.0
11189,0.0,0.0,0.0,0.0,2.0,46.0,70.0,1.0,90.0,90.0,90.0,1.0,17.0,49.0,8.0,-1.904259443283081,-1.9891070127487183,3.0,0.5917718410491943,-1.973100185394287,-57.95375,0.0,0.0,0.5917718410491943,0.0,3.0,47.0,71.0,1.0,91.0,91.0,91.0,2.0,1.0,50.0,0.0
11190,0.0,0.0,0.5917718410491943,0.0,3.0,47.0,71.0,1.0,91.0,91.0,91.0,2.0,1.0,50.0,3.0,-1.920975685119629,-1.9878400564193726,3.0,-0.49085938930511475,-1.9776866436004639,-52.65875,0.0,0.0,0.10091245174407959,0.0,4.0,48.0,72.0,1.0,92.0,92.0,92.0,3.0,2.0,51.0,0.0
11191,0.0,0.0,0.10091245174407959,0.0,4.0,48.0,72.0,1.0,92.0,92.0,92.0,3.0,2.0,51.0,3.0,-1.0221794843673706,-1.9757009744644165,8.0,-0.9347876906394958,-1.9897677898406982,-53.55875,0.0,0.0,0.0,0.0,5.0,49.0,73.0,1.0,93.0,93.0,93.0,4.0,1.0,52.0,0.0
11192,0.0,0.0,0.0,0.0,5.0,49.0,73.0,1.0,93.0,93.0,93.0,4.0,1.0,52.0,7.0,-1.9849120378494263,-1.9383437633514404,3.0,-1.1043438911437988,-1.996747374534607,-54.25875,0.0,0.0,0.0,0.0,6.0,50.0,74.0,1.0,94.0,94.0,94.0,1.0,2.0,53.0,0.0
11193,0.0,0.0,0.0,0.0,6.0,50.0,74.0,1.0,94.0,94.0,94.0,1.0,2.0,53.0,8.0,-1.9845606088638306,-1.99028480052948,3.0,-0.3447636663913727,-1.996274709701538,-59.25375,0.0,0.0,0.0,0.0,7.0,51.0,75.0,1.0,95.0,95.0,95.0,2.0,1.0,54.0,0.0
11194,0.0,0.0,0.0,0.0,7.0,51.0,75.0,1.0,95.0,95.0,95.0,2.0,1.0,54.0,0.0,-1.9935230016708374,-1.9948128461837769,3.0,-0.3699275553226471,-1.9930639266967773,-50.49875,0.0,0.0,0.0,0.0,1.0,52.0,76.0,1.0,96.0,96.0,96.0,3.0,2.0,55.0,0.0
11195,0.0,0.0,0.0,0.0,1.0,52.0,76.0,1.0,96.0,96.0,96.0,3.0,2.0,55.0,3.0,-1.9970887899398804,-1.9935226440429688,3.0,1.2284365892410278,-1.9930683374404907,-55.65875,0.0,0.0,1.2284365892410278,0.0,2.0,53.0,77.0,1.0,97.0,97.0,97.0,4.0,3.0,56.0,0.0
11196,0.0,0.0,1.2284365892410278,0.0,2.0,53.0,77.0,1.0,97.0,97.0,97.0,4.0,3.0,56.0,0.0,-1.9997931718826294,-1.9873698949813843,3.0,0.4964483678340912,-1.9974874258041382,-51.59875,0.0,0.0,1.724884957075119,0.0,1.0,54.0,78.0,1.0,98.0,98.0,98.0,5.0,4.0,57.0,0.0
11197,0.0,0.0,1.724884957075119,0.0,1.0,54.0,78.0,1.0,98.0,98.0,98.0,5.0,4.0,57.0,3.0,-1.960103154182434,-1.9718916416168213,3.0,-1.5051465034484863,-1.991965889930725,-57.25875,0.0,0.0,0.2197384536266327,0.0,2.0,55.0,79.0,1.0,99.0,99.0,99.0,6.0,5.0,58.0,0.0
11198,0.0,0.0,0.2197384536266327,0.0,2.0,55.0,79.0,1.0,99.0,99.0,99.0,6.0,5.0,58.0,8.0,1.3949297666549683,-1.9942396879196167,3.0,1.9727253913879395,-1.997026801109314,-61.22564059270235,1.3949297666549683,0.0,2.192463845014572,0.0,3.0,56.0,80.0,1.0,100.0,100.0,100.0,7.0,1.0,59.0,0.0
11199,1.3949297666549683,0.0,2.192463845014572,0.0,3.0,56.0,80.0,1.0,100.0,100.0,100.0,7.0,1.0,59.0,0.0,-1.4743009805679321,-1.9566147327423096,3.0,1.7881871461868286,-1.9981989860534668,-53.29875,0.0,0.0,3.9806509912014008,0.0,1.0,57.0,81.0,1.0,100.0,100.0,100.0,8.0,2.0,60.0,1.0
11200,1.4915950298309326,1.3187168836593628,7.323607921600342,7.344694137573242,1.0,1.0,1.0,1.0,1.0,1.0,1.0,1.0,1.0,1.0,3.0,-1.7232537269592285,-1.6645907163619995,1.0,-1.6352601051330566,-1.94163179397583,-8.85875,0.0,0.0,5.688347816467285,5.403062343597412,2.0,1.0,2.0,1.0,2.0,2.0,2.0,2.0,2.0,2.0,0.0
11201,0.0,0.0,5.688347816467285,5.403062343597412,2.0,1.0,2.0,1.0,2.0,2.0,2.0,2.0,2.0,2.0,7.0,-1.8024767637252808,-0.7200152277946472,1.0,-1.8782970905303955,-1.8518400192260742,-9.65875,0.0,0.0,3.8100507259368896,3.551222324371338,3.0,1.0,3.0,2.0,3.0,3.0,3.0,1.0,3.0,3.0,0.0
11202,0.0,0.0,3.8100507259368896,3.551222324371338,3.0,1.0,3.0,2.0,3.0,3.0,3.0,1.0,3.0,3.0,9.0,-1.5195255279541016,0.5786079168319702,3.0,-0.8148512840270996,-1.9233136177062988,-5.532536641166466,0.0,0.5786079168319702,2.99519944190979,1.627908706665039,4.0,2.0,4.0,1.0,4.0,4.0,4.0,2.0,4.0,1.0,0.0
11203,0.0,0.5786079168319702,2.99519944190979,1.627908706665039,4.0,2.0,4.0,1.0,4.0,4.0,4.0,2.0,4.0,1.0,8.0,-1.9265735149383545,-1.1560391187667847,3.0,-1.940779209136963,-1.5771955251693726,-15.35375,0.0,0.0,1.0544202327728271,0.050713181495666504,5.0,3.0,5.0,1.0,5.0,5.0,5.0,3.0,1.0,2.0,0.0
11204,0.0,0.0,1.0544202327728271,0.050713181495666504,5.0,3.0,5.0,1.0,5.0,5.0,5.0,3.0,1.0,2.0,7.0,-1.9384952783584595,-1.4034335613250732,8.0,-1.936492681503296,-1.6778205633163452,-11.35875,0.0,0.0,0.0,0.0,6.0,4.0,6.0,2.0,6.0,6.0,6.0,1.0,1.0,3.0,0.0
11205,0.0,0.0,0.0,0.0,6.0,4.0,6.0,2.0,6.0,6.0,6.0,1.0,1.0,3.0,0.0,-1.9235718250274658,1.3619654178619385,3.0,-0.2733881175518036,-1.9325602054595947,-6.652953299609234,0.0,1.3619654178619385,0.0,0.0,1.0,5.0,7.0,1.0,7.0,7.0,7.0,2.0,2.0,4.0,0.0
11206,0.0,1.3619654178619385,0.0,0.0,1.0,5.0,7.0,1.0,7.0,7.0,7.0,2.0,2.0,4.0,3.0,-1.251145601272583,0.4112837612628937,1.0,-1.4837603569030762,-1.820888876914978,-9.073036865009831,0.0,1.7732491791248322,0.0,0.0,2.0,1.0,8.0,1.0,8.0,8.0,8.0,3.0,3.0,5.0,0.0
11207,0.0,1.7732491791248322,0.0,0.0,2.0,1.0,8.0,1.0,8.0,8.0,8.0,3.0,3.0,5.0,9.0,-1.637245535850525,-0.6847174763679504,9.0,-0.174783855676651,-1.8834717273712158,-7.390075212961653,0.0,1.0885317027568817,0.0,0.0,3.0,2.0,9.0,2.0,9.0,9.0,9.0,4.0,4.0,1.0,0.0
11208,0.0,1.0885317027568817,0.0,0.0,3.0,2.0,9.0,2.0,9.0,9.0,9.0,4.0,4.0,1.0,2.0,-1.5758084058761597,-1.3089085817337036,3.0,-0.8571539521217346,-1.877851963043213,-20.498749999999998,0.0,0.0,0.0,0.0,4.0,3.0,1.0,1.0,10.0,10.0,10.0,5.0,5.0,2.0,0.0
11209,0.0,0.0,0.0,0.0,4.0,3.0,1.0,1.0,10.0,10.0,10.0,5.0,5.0,2.0,0.0,-1.7354596853256226,-1.7698688507080078,3.0,-1.9010076522827148,-1.8442574739456177,-7.998749999999999,0.0,0.0,0.0,0.0,1.0,4.0,2.0,1.0,11.0,11.0,11.0,6.0,6.0,3.0,0.0
11210,0.0,0.0,0.0,0.0,1.0,4.0,2.0,1.0,11.0,11.0,11.0,6.0,6.0,3.0,9.0,-0.5694633722305298,1.0885603427886963,3.0,-0.5831486582756042,-1.4211362600326538,-8.29005824228981,0.0,1.0885603427886963,0.0,0.0,2.0,5.0,3.0,1.0,12.0,12.0,12.0,7.0,7.0,1.0,0.0
11211,0.0,1.0885603427886963,0.0,0.0,2.0,5.0,3.0,1.0,12.0,12.0,12.0,7.0,7.0,1.0,10.0,0.7851520776748657,-1.9594780206680298,3.0,-1.332126259803772,-1.7551063299179077,-7.2,0.7851520776748657,0.0,0.0,0.0,3.0,6.0,4.0,1.0,13.0,13.0,13.0,8.0,8.0,2.0,0.0
11212,0.7851520776748657,0.0,0.0,0.0,3.0,6.0,4.0,1.0,13.0,13.0,13.0,8.0,8.0,2.0,7.0,-0.07801446318626404,0.7722578644752502,3.0,-1.7303320169448853,-1.4134668111801147,-13.464413770153756,0.7071376144886017,0.7722578644752502,0.0,0.0,4.0,7.0,5.0,1.0,14.0,14.0,14.0,1.0,9.0,3.0,0.0
11213,0.7071376144886017,0.7722578644752502,0.0,0.0,4.0,7.0,5.0,1.0,14.0,14.0,14.0,1.0,9.0,3.0,0.0,-1.7542895078659058,-1.4591103792190552,3.0,-1.0358222723007202,-1.8801064491271973,-10.098749999999999,0.0,0.0,0.0,0.0,1.0,8.0,6.0,1.0,15.0,15.0,15.0,2.0,10.0,4.0,0.0
11214,0.0,0.0,0.0,0.0,1.0,8.0,6.0,1.0,15.0,15.0,15.0,2.0,10.0,4.0,3.0,-1.9072133302688599,-1.9000871181488037,3.0,-1.709722638130188,-1.2129254341125488,-15.55875,0.0,0.0,0.0,0.0,2.0,9.0,7.0,1.0,16.0,16.0,16.0,3.0,11.0,5.0,0.0
11215,0.0,0.0,0.0,0.0,2.0,9.0,7.0,1.0,16.0,16.0,16.0,3.0,11.0,5.0,3.0,-1.2321199178695679,-0.9640118479728699,3.0,-1.529997706413269,-1.883720874786377,-16.45875,0.0,0.0,0.0,0.0,3.0,10.0,8.0,1.0,17.0,17.0,17.0,4.0,12.0,6.0,0.0
11216,0.0,0.0,0.0,0.0,3.0,10.0,8.0,1.0,17.0,17.0,17.0,4.0,12.0,6.0,8.0,1.3238584995269775,-1.7344989776611328,3.0,-1.8926286697387695,-1.845187783241272,-20.48381866623587,1.3238584995269775,0.0,0.0,0.0,4.0,11.0,9.0,1.0,18.0,18.0,18.0,5.0,1.0,7.0,0.0
11217,1.3238584995269775,0.0,0.0,0.0,4.0,11.0,9.0,1.0,18.0,18.0,18.0,5.0,1.0,7.0,0.0,-1.1915849447250366,-1.066589117050171,3.0,-0.31045788526535034,-1.7899316549301147,-11.978447519495685,0.13227355480194092,0.0,0.0,0.0,1.0,12.0,10.0,1.0,19.0,19.0,19.0,6.0,2.0,8.0,0.0
11218,0.13227355480194092,0.0,0.0,0.0,1.0,12.0,10.0,1.0,19.0,19.0,19.0,6.0,2.0,8.0,7.0,-0.91755211353302,-0.2967977821826935,8.0,0.5084079504013062,-1.9018158912658691,-17.55875,0.0,0.0,0.5084079504013062,0.0,2.0,13.0,11.0,2.0,20.0,20.0,20.0,1.0,1.0,9.0,0.0
11219,0.0,0.0,0.5084079504013062,0.0,2.0,13.0,11.0,2.0,20.0,20.0,20.0,1.0,1.0,9.0,0.0,-1.9366804361343384,-1.8963454961776733,3.0,-1.4227855205535889,-1.471255898475647,-12.79875,0.0,0.0,0.0,0.0,1.0,14.0,12.0,1.0,21.0,21.0,21.0,2.0,2.0,10.0,0.0
11220,0.0,0.0,0.0,0.0,1.0,14.0,12.0,1.0,21.0,21.0,21.0,2.0,2.0,10.0,3.0,-1.9768385887145996,-0.7958459258079529,1.0,-1.8201379776000977,-1.869006872177124,-18.35875,0.0,0.0,0.0,0.0,2.0,1.0,13.0,1.0,22.0,22.0,22.0,3.0,3.0,11.0,0.0
11221,0.0,0.0,0.0,0.0,2.0,1.0,13.0,1.0,22.0,22.0,22.0,3.0,3.0,11.0,8.0,-1.7342513799667358,-1.941636085510254,3.0,-0.6215848922729492,-1.5162293910980225,-22.353749999999998,0.0,0.0,0.0,0.0,3.0,2.0,14.0,1.0,23.0,23.0,23.0,4.0,1.0,12.0,0.0
11222,0.0,0.0,0.0,0.0,3.0,2.0,14.0,1.0,23.0,23.0,23.0,4.0,1.0,12.0,0.0,-1.6537765264511108,-1.257136583328247,3.0,-1.5820872783660889,-1.607187032699585,-13.49875,0.0,0.0,0.0,0.0,1.0,3.0,15.0,1.0,24.0,24.0,24.0,5.0,2.0,13.0,0.0
11223,0.0,0.0,0.0,0.0,1.0,3.0,15.0,1.0,24.0,24.0,24.0,5.0,2.0,13.0,8.0,-1.979766607284546,-1.5868271589279175,3.0,0.5983260869979858,-1.6474833488464355,-23.55375,0.0,0.0,0.5983260869979858,0.0,2.0,4.0,16.0,1.0,25.0,25.0,25.0,6.0,1.0,14.0,0.0
11224,0.0,0.0,0.5983260869979858,0.0,2.0,4.0,16.0,1.0,25.0,25.0,25.0,6.0,1.0,14.0,10.0,-1.9382209777832031,-1.6219099760055542,9.0,-1.6565426588058472,-1.436885952949524,-12.9,0.0,0.0,0.0,0.0,3.0,5.0,17.0,2.0,26.0,26.0,26.0,7.0,2.0,1.0,0.0
11225,0.0,0.0,0.0,0.0,3.0,5.0,17.0,2.0,26.0,26.0,26.0,7.0,2.0,1.0,3.0,-1.870138168334961,-1.1783696413040161,3.0,-1.7177588939666748,-1.626829981803894,-19.35875,0.0,0.0,0.0,0.0,4.0,6.0,18.0,1.0,27.0,27.0,27.0,8.0,3.0,2.0,0.0
11226,0.0,0.0,0.0,0.0,4.0,6.0,18.0,1.0,27.0,27.0,27.0,8.0,3.0,2.0,7.0,-1.7595908641815186,0.05905449017882347,3.0,-1.930059790611267,-1.5904494524002075,-20.14098366013016,0.0,0.05905449017882347,0.0,0.0,5.0,7.0,19.0,1.0,28.0,28.0,28.0,1.0,4.0,3.0,0.0
11227,0.0,0.05905449017882347,0.0,0.0,5.0,7.0,19.0,1.0,28.0,28.0,28.0,1.0,4.0,3.0,7.0,-1.3170814514160156,-1.9513206481933594,3.0,-1.13053297996521,-1.9045634269714355,-20.25875,0.0,0.0,0.0,0.0,6.0,8.0,20.0,1.0,29.0,29.0,29.0,1.0,5.0,4.0,0.0
11228,0.0,0.0,0.0,0.0,6.0,8.0,20.0,1.0,29.0,29.0,29.0,1.0,5.0,4.0,8.0,-1.980096459388733,-1.9181232452392578,3.0,-1.9828143119812012,-1.764256238937378,-25.55375,0.0,0.0,0.0,0.0,7.0,9.0,21.0,1.0,30.0,30.0,30.0,2.0,1.0,5.0,0.0
11229,0.0,0.0,0.0,0.0,7.0,9.0,21.0,1.0,30.0,30.0,30.0,2.0,1.0,5.0,3.0,-1.9541380405426025,-1.910361409187317,8.0,-0.034518152475357056,-1.8047819137573242,-21.45875,0.0,0.0,0.0,0.0,8.0,10.0,22.0,1.0,31.0,31.0,31.0,3.0,1.0,6.0,0.0
11230,0.0,0.0,0.0,0.0,8.0,10.0,22.0,1.0,31.0,31.0,31.0,3.0,1.0,6.0,7.0,-1.7744617462158203,-1.8737703561782837,3.0,0.9572348594665527,-1.83948814868927,-22.25875,0.0,0.0,0.9572348594665527,0.0,9.0,11.0,23.0,1.0,32.0,32.0,32.0,1.0,2.0,7.0,0.0
11231,0.0,0.0,0.9572348594665527,0.0,9.0,11.0,23.0,1.0,32.0,32.0,32.0,1.0,2.0,7.0,10.0,-0.49371975660324097,-1.3684587478637695,3.0,-1.4037940502166748,-1.6012179851531982,-16.0,0.0,0.0,0.0,0.0,10.0,12.0,24.0,1.0,33.0,33.0,33.0,2.0,3.0,8.0,0.0
11232,0.0,0.0,0.0,0.0,10.0,12.0,24.0,1.0,33.0,33.0,33.0,2.0,3.0,8.0,3.0,-1.9505854845046997,-1.500778317451477,8.0,-1.9464205503463745,-1.9838718175888062,-23.75875,0.0,0.0,0.0,0.0,11.0,13.0,25.0,1.0,34.0,34.0,34.0,3.0,1.0,9.0,0.0
11233,0.0,0.0,0.0,0.0,11.0,13.0,25.0,1.0,34.0,34.0,34.0,3.0,1.0,9.0,3.0,-1.8814220428466797,-1.4908422231674194,3.0,-1.9456437826156616,-1.9530426263809204,-24.35875,0.0,0.0,0.0,0.0,12.0,14.0,26.0,1.0,35.0,35.0,35.0,4.0,2.0,10.0,0.0
11234,0.0,0.0,0.0,0.0,12.0,14.0,26.0,1.0,35.0,35.0,35.0,4.0,2.0,10.0,10.0,-1.9665405750274658,-1.5590219497680664,3.0,-1.351872444152832,-1.946036696434021,-18.4,0.0,0.0,0.0,0.0,13.0,15.0,27.0,1.0,36.0,36.0,36.0,5.0,3.0,11.0,0.0
11235,0.0,0.0,0.0,0.0,13.0,15.0,27.0,1.0,36.0,36.0,36.0,5.0,3.0,11.0,10.0,-1.9855284690856934,-1.5262062549591064,3.0,-1.2309684753417969,-1.8632766008377075,-19.3,0.0,0.0,0.0,0.0,14.0,16.0,28.0,1.0,37.0,37.0,37.0,6.0,4.0,12.0,0.0
11236,0.0,0.0,0.0,0.0,14.0,16.0,28.0,1.0,37.0,37.0,37.0,6.0,4.0,12.0,0.0,-1.990787148475647,-1.6463212966918945,3.0,-0.8807921409606934,-1.9853571653366089,-22.09875,0.0,0.0,0.0,0.0,1.0,17.0,29.0,1.0,38.0,38.0,38.0,7.0,5.0,13.0,0.0
11237,0.0,0.0,0.0,0.0,1.0,17.0,29.0,1.0,38.0,38.0,38.0,7.0,5.0,13.0,7.0,-1.9135546684265137,-1.442419171333313,8.0,-1.6846858263015747,-1.9589903354644775,-26.55875,0.0,0.0,0.0,0.0,2.0,18.0,30.0,2.0,39.0,39.0,39.0,1.0,1.0,14.0,0.0
11238,0.0,0.0,0.0,0.0,2.0,18.0,30.0,2.0,39.0,39.0,39.0,1.0,1.0,14.0,0.0,-1.960995078086853,-1.5666979551315308,3.0,0.5409520864486694,-1.895249605178833,-21.39875,0.0,0.0,0.5409520864486694,0.0,1.0,19.0,31.0,1.0,40.0,40.0,40.0,2.0,2.0,15.0,0.0
11239,0.0,0.0,0.5409520864486694,0.0,1.0,19.0,31.0,1.0,40.0,40.0,40.0,2.0,2.0,15.0,7.0,-1.9657400846481323,-1.8567821979522705,3.0,-1.1445220708847046,-1.8951213359832764,-26.958750000000002,0.0,0.0,0.0,0.0,2.0,20.0,32.0,1.0,41.0,41.0,41.0,1.0,3.0,16.0,0.0
11240,0.0,0.0,0.0,0.0,2.0,20.0,32.0,1.0,41.0,41.0,41.0,1.0,3.0,16.0,8.0,-1.9762872457504272,-1.3780121803283691,3.0,-0.6161447763442993,-1.8745338916778564,-32.15375,0.0,0.0,0.0,0.0,3.0,21.0,33.0,1.0,42.0,42.0,42.0,2.0,1.0,17.0,0.0
11241,0.0,0.0,0.0,0.0,3.0,21.0,33.0,1.0,42.0,42.0,42.0,2.0,1.0,17.0,0.0,-1.9808341264724731,-1.8303563594818115,3.0,-1.7448514699935913,-1.949509620666504,-23.29875,0.0,0.0,0.0,0.0,1.0,22.0,34.0,1.0,43.0,43.0,43.0,3.0,2.0,18.0,0.0
11242,0.0,0.0,0.0,0.0,1.0,22.0,34.0,1.0,43.0,43.0,43.0,3.0,2.0,18.0,7.0,-1.9777650833129883,-1.8275238275527954,8.0,0.8434354662895203,-1.8078563213348389,-28.85875,0.0,0.0,0.8434354662895203,0.0,2.0,23.0,35.0,2.0,44.0,44.0,44.0,1.0,1.0,19.0,0.0
11243,0.0,0.0,0.8434354662895203,0.0,2.0,23.0,35.0,2.0,44.0,44.0,44.0,1.0,1.0,19.0,7.0,-1.9224520921707153,-1.8673702478408813,3.0,-1.7274564504623413,-1.8563565015792847,-29.35875,0.0,0.0,0.0,0.0,3.0,24.0,36.0,1.0,45.0,45.0,45.0,1.0,2.0,20.0,0.0
11244,0.0,0.0,0.0,0.0,3.0,24.0,36.0,1.0,45.0,45.0,45.0,1.0,2.0,20.0,3.0,-1.981179118156433,-1.7091238498687744,3.0,0.04975031316280365,-1.9550414085388184,-30.05875,0.0,0.0,0.04975031316280365,0.0,4.0,25.0,37.0,1.0,46.0,46.0,46.0,2.0,3.0,21.0,0.0
11245,0.0,0.0,0.04975031316280365,0.0,4.0,25.0,37.0,1.0,46.0,46.0,46.0,2.0,3.0,21.0,3.0,-1.9883265495300293,-1.9319736957550049,3.0,-1.9653950929641724,-1.9344801902770996,-30.958750000000002,0.0,0.0,0.0,0.0,5.0,26.0,38.0,1.0,47.0,47.0,47.0,3.0,4.0,22.0,0.0
11246,0.0,0.0,0.0,0.0,5.0,26.0,38.0,1.0,47.0,47.0,47.0,3.0,4.0,22.0,0.0,-1.9306002855300903,-1.6065855026245117,3.0,0.21996399760246277,-1.9286466836929321,-26.89875,0.0,0.0,0.21996399760246277,0.0,1.0,27.0,39.0,1.0,48.0,48.0,48.0,4.0,5.0,23.0,0.0
11247,0.0,0.0,0.21996399760246277,0.0,1.0,27.0,39.0,1.0,48.0,48.0,48.0,4.0,5.0,23.0,0.0,-1.9497089385986328,-1.703967809677124,8.0,-1.865301489830017,-1.6619685888290405,-27.29875,0.0,0.0,0.0,0.0,1.0,28.0,40.0,2.0,49.0,49.0,49.0,5.0,1.0,24.0,0.0
11248,0.0,0.0,0.0,0.0,1.0,28.0,40.0,2.0,49.0,49.0,49.0,5.0,1.0,24.0,0.0,-1.9806290864944458,-1.9450980424880981,3.0,-0.9873761534690857,-1.9509235620498657,-27.69875,0.0,0.0,0.0,0.0,1.0,29.0,41.0,1.0,50.0,50.0,50.0,6.0,2.0,25.0,0.0
11249,0.0,0.0,0.0,0.0,1.0,29.0,41.0,1.0,50.0,50.0,50.0,6.0,2.0,25.0,10.0,-1.983138084411621,-1.9433428049087524,3.0,-1.0962787866592407,-1.9294322729110718,-26.5,0.0,0.0,0.0,0.0,2.0,30.0,42.0,1.0,51.0,51.0,51.0,7.0,3.0,26.0,0.0
11250,0.0,0.0,0.0,0.0,2.0,30.0,42.0,1.0,51.0,51.0,51.0,7.0,3.0,26.0,3.0,-1.9872843027114868,-1.819195032119751,3.0,-1.949296236038208,-1.9462462663650513,-34.25875,0.0,0.0,0.0,0.0,3.0,31.0,43.0,1.0,52.0,52.0,52.0,8.0,4.0,27.0,0.0
11251,0.0,0.0,0.0,0.0,3.0,31.0,43.0,1.0,52.0,52.0,52.0,8.0,4.0,27.0,0.0,-1.9933305978775024,-1.786910891532898,8.0,-1.9232209920883179,-1.889382004737854,-30.19875,0.0,0.0,0.0,0.0,1.0,32.0,44.0,2.0,53.0,53.0,53.0,9.0,1.0,28.0,0.0
11252,0.0,0.0,0.0,0.0,1.0,32.0,44.0,2.0,53.0,53.0,53.0,9.0,1.0,28.0,0.0,-1.9841569662094116,-1.686017394065857,3.0,-0.8427818417549133,-1.83315908908844,-30.49875,0.0,0.0,0.0,0.0,1.0,33.0,45.0,1.0,54.0,54.0,54.0,10.0,2.0,29.0,0.0
11253,0.0,0.0,0.0,0.0,1.0,33.0,45.0,1.0,54.0,54.0,54.0,10.0,2.0,29.0,0.0,-1.9926718473434448,-1.8007848262786865,3.0,1.0152900218963623,-1.8468058109283447,-31.19875,0.0,0.0,1.0152900218963623,0.0,1.0,34.0,46.0,1.0,55.0,55.0,55.0,11.0,3.0,30.0,0.0
11254,0.0,0.0,1.0152900218963623,0.0,1.0,34.0,46.0,1.0,55.0,55.0,55.0,11.0,3.0,30.0,0.0,-1.997133731842041,-1.739423394203186,8.0,-1.8048275709152222,-1.5952441692352295,-31.99875,0.0,0.0,0.0,0.0,1.0,35.0,47.0,2.0,56.0,56.0,56.0,12.0,1.0,31.0,0.0
11255,0.0,0.0,0.0,0.0,1.0,35.0,47.0,2.0,56.0,56.0,56.0,12.0,1.0,31.0,0.0,-1.9947223663330078,-1.8872977495193481,3.0,-1.70083487033844,-1.8683998584747314,-32.59875,0.0,0.0,0.0,0.0,1.0,36.0,48.0,1.0,57.0,57.0,57.0,13.0,2.0,32.0,0.0
11256,0.0,0.0,0.0,0.0,1.0,36.0,48.0,1.0,57.0,57.0,57.0,13.0,2.0,32.0,0.0,-1.996196985244751,-1.8707239627838135,8.0,-1.9767749309539795,-1.8639081716537476,-33.29875,0.0,0.0,0.0,0.0,1.0,37.0,49.0,2.0,58.0,58.0,58.0,14.0,1.0,33.0,0.0
11257,0.0,0.0,0.0,0.0,1.0,37.0,49.0,2.0,58.0,58.0,58.0,14.0,1.0,33.0,0.0,-1.9920989274978638,-1.8343236446380615,8.0,-1.1253435611724854,-1.9113856554031372,-33.99875,0.0,0.0,0.0,0.0,1.0,38.0,50.0,3.0,59.0,59.0,59.0,15.0,1.0,34.0,0.0
11258,0.0,0.0,0.0,0.0,1.0,38.0,50.0,3.0,59.0,59.0,59.0,15.0,1.0,34.0,0.0,-1.9980268478393555,-1.861020565032959,8.0,-1.2680399417877197,-1.9183871746063232,-34.79875,0.0,0.0,0.0,0.0,1.0,39.0,51.0,4.0,60.0,60.0,60.0,16.0,1.0,35.0,0.0
11259,0.0,0.0,0.0,0.0,1.0,39.0,51.0,4.0,60.0,60.0,60.0,16.0,1.0,35.0,0.0,-1.9933353662490845,-1.88511061668396,3.0,0.0931100845336914,-1.957331657409668,-35.59875,0.0,0.0,0.0931100845336914,0.0,1.0,40.0,52.0,1.0,61.0,61.0,61.0,17.0,2.0,36.0,0.0
11260,0.0,0.0,0.0931100845336914,0.0,1.0,40.0,52.0,1.0,61.0,61.0,61.0,17.0,2.0,36.0,2.0,-1.988600492477417,-1.9589998722076416,8.0,-0.9324325323104858,-1.910882592201233,-48.49875,0.0,0.0,0.0,0.0,2.0,41.0,1.0,2.0,62.0,62.0,62.0,18.0,1.0,37.0,0.0
11261,0.0,0.0,0.0,0.0,2.0,41.0,1.0,2.0,62.0,62.0,62.0,18.0,1.0,37.0,10.0,-1.9765857458114624,-1.9949729442596436,3.0,-0.9180309772491455,-1.9361673593521118,-29.8,0.0,0.0,0.0,0.0,3.0,42.0,2.0,1.0,63.0,63.0,63.0,19.0,2.0,38.0,0.0
11262,0.0,0.0,0.0,0.0,3.0,42.0,2.0,1.0,63.0,63.0,63.0,19.0,2.0,38.0,10.0,-1.98955237865448,-1.9938955307006836,3.0,-0.027805563062429428,-1.9336168766021729,-30.6,0.0,0.0,0.0,0.0,4.0,43.0,3.0,1.0,64.0,64.0,64.0,20.0,3.0,39.0,0.0
11263,0.0,0.0,0.0,0.0,4.0,43.0,3.0,1.0,64.0,64.0,64.0,20.0,3.0,39.0,9.0,-1.9145028591156006,-1.9974101781845093,3.0,-1.2820384502410889,-1.869089126586914,-34.01875,0.0,0.0,0.0,0.0,5.0,44.0,4.0,1.0,65.0,65.0,65.0,21.0,4.0,1.0,0.0
11264,0.0,0.0,0.0,0.0,5.0,44.0,4.0,1.0,65.0,65.0,65.0,21.0,4.0,1.0,3.0,-1.8430474996566772,-1.9796082973480225,3.0,-1.8630648851394653,-1.8536112308502197,-35.35875,0.0,0.0,0.0,0.0,6.0,45.0,5.0,1.0,66.0,66.0,66.0,22.0,5.0,2.0,0.0
11265,0.0,0.0,0.0,0.0,6.0,45.0,5.0,1.0,66.0,66.0,66.0,22.0,5.0,2.0,0.0,-1.5640959739685059,-1.291806936264038,3.0,-1.7443537712097168,-1.6629445552825928,-31.29875,0.0,0.0,0.0,0.0,1.0,46.0,6.0,1.0,67.0,67.0,67.0,23.0,6.0,3.0,0.0
11266,0.0,0.0,0.0,0.0,1.0,46.0,6.0,1.0,67.0,67.0,67.0,23.0,6.0,3.0,0.0,0.21075770258903503,-1.7586543560028076,3.0,-1.4336057901382446,-0.9898475408554077,-31.409630252018292,0.21075770258903503,0.0,0.0,0.0,1.0,47.0,7.0,1.0,68.0,68.0,68.0,24.0,7.0,4.0,0.0
11267,0.21075770258903503,0.0,0.0,0.0,1.0,47.0,7.0,1.0,68.0,68.0,68.0,24.0,7.0,4.0,3.0,-1.8540887832641602,-1.915937066078186,3.0,-1.7829054594039917,-1.8284008502960205,-37.35875,0.0,0.0,0.0,0.0,2.0,48.0,8.0,1.0,69.0,69.0,69.0,25.0,8.0,5.0,0.0
11268,0.0,0.0,0.0,0.0,2.0,48.0,8.0,1.0,69.0,69.0,69.0,25.0,8.0,5.0,10.0,-1.7690118551254272,-1.6957488059997559,3.0,-1.7944872379302979,-1.4873698949813843,-31.4,0.0,0.0,0.0,0.0,3.0,49.0,9.0,1.0,70.0,70.0,70.0,26.0,9.0,6.0,0.0
11269,0.0,0.0,0.0,0.0,3.0,49.0,9.0,1.0,70.0,70.0,70.0,26.0,9.0,6.0,0.0,-1.4784948825836182,-1.9543863534927368,3.0,-1.412246823310852,-1.7210023403167725,-34.19875,0.0,0.0,0.0,0.0,1.0,50.0,10.0,1.0,71.0,71.0,71.0,27.0,10.0,7.0,0.0
11270,0.0,0.0,0.0,0.0,1.0,50.0,10.0,1.0,71.0,71.0,71.0,27.0,10.0,7.0,0.0,-1.9020313024520874,0.31312084197998047,3.0,-1.7668098211288452,-1.2457714080810547,-34.668345731040056,0.0,0.31312084197998047,0.0,0.0,1.0,51.0,11.0,1.0,72.0,72.0,72.0,28.0,11.0,8.0,0.0
11271,0.0,0.31312084197998047,0.0,0.0,1.0,51.0,11.0,1.0,72.0,72.0,72.0,28.0,11.0,8.0,0.0,-1.7092766761779785,-1.4528883695602417,3.0,-1.7669055461883545,-1.8571354150772095,-35.59875,0.0,0.0,0.0,0.0,1.0,52.0,12.0,1.0,73.0,73.0,73.0,29.0,12.0,9.0,0.0
11272,0.0,0.0,0.0,0.0,1.0,52.0,12.0,1.0,73.0,73.0,73.0,29.0,12.0,9.0,0.0,-1.834076166152954,-1.8596422672271729,3.0,-1.5872324705123901,-1.8114848136901855,-36.39875,0.0,0.0,0.0,0.0,1.0,53.0,13.0,1.0,74.0,74.0,74.0,30.0,13.0,10.0,0.0
11273,0.0,0.0,0.0,0.0,1.0,53.0,13.0,1.0,74.0,74.0,74.0,30.0,13.0,10.0,10.0,-1.9594645500183105,-1.988578200340271,3.0,-1.6282243728637695,-1.8060498237609863,-35.3,0.0,0.0,0.0,0.0,2.0,54.0,14.0,1.0,75.0,75.0,75.0,31.0,14.0,11.0,0.0
11274,0.0,0.0,0.0,0.0,2.0,54.0,14.0,1.0,75.0,75.0,75.0,31.0,14.0,11.0,10.0,-1.70208740234375,-1.9116603136062622,3.0,-1.8248497247695923,-1.8459769487380981,-36.2,0.0,0.0,0.0,0.0,3.0,55.0,15.0,1.0,76.0,76.0,76.0,32.0,15.0,12.0,0.0
11275,0.0,0.0,0.0,0.0,3.0,55.0,15.0,1.0,76.0,76.0,76.0,32.0,15.0,12.0,0.0,-1.958509087562561,-1.0937368869781494,3.0,-1.9195894002914429,-1.8752518892288208,-38.99875,0.0,0.0,0.0,0.0,1.0,56.0,16.0,1.0,77.0,77.0,77.0,33.0,16.0,13.0,0.0
11276,0.0,0.0,0.0,0.0,1.0,56.0,16.0,1.0,77.0,77.0,77.0,33.0,16.0,13.0,0.0,-1.6893153190612793,-1.9376119375228882,3.0,-1.887546181678772,-1.9013092517852783,-39.59875,0.0,0.0,0.0,0.0,1.0,57.0,17.0,1.0,78.0,78.0,78.0,34.0,17.0,14.0,0.0
11277,0.0,0.0,0.0,0.0,1.0,57.0,17.0,1.0,78.0,78.0,78.0,34.0,17.0,14.0,0.0,-1.3648728132247925,-0.13362854719161987,3.0,-1.8913843631744385,-1.8691697120666504,-40.39875,0.0,0.0,0.0,0.0,1.0,58.0,18.0,1.0,79.0,79.0,79.0,35.0,18.0,15.0,0.0
11278,0.0,0.0,0.0,0.0,1.0,58.0,18.0,1.0,79.0,79.0,79.0,35.0,18.0,15.0,0.0,-0.293226420879364,-1.863067626953125,3.0,-1.6025164127349854,-1.7760878801345825,-41.19875,0.0,0.0,0.0,0.0,1.0,59.0,19.0,1.0,80.0,80.0,80.0,36.0,19.0,16.0,0.0
11279,0.0,0.0,0.0,0.0,1.0,59.0,19.0,1.0,80.0,80.0,80.0,36.0,19.0,16.0,0.0,-1.770430564880371,-1.9060637950897217,9.0,-1.9361491203308105,-1.1324951648712158,-41.99875,0.0,0.0,0.0,0.0,1.0,60.0,20.0,2.0,81.0,81.0,81.0,37.0,20.0,1.0,0.0
11280,0.0,0.0,0.0,0.0,1.0,60.0,20.0,2.0,81.0,81.0,81.0,37.0,20.0,1.0,10.0,-1.815863013267517,-1.8290506601333618,3.0,-1.9207698106765747,0.0598316416144371,-39.4,0.0,0.0,0.0,0.0598316416144371,2.0,61.0,21.0,1.0,82.0,82.0,82.0,38.0,21.0,2.0,0.0
11281,0.0,0.0,0.0,0.0598316416144371,2.0,61.0,21.0,1.0,82.0,82.0,82.0,38.0,21.0,2.0,0.0,-0.11986903846263885,-0.4246453046798706,3.0,-1.9265183210372925,-1.1907440423965454,-42.09875,0.0,0.0,0.0,0.0,1.0,62.0,22.0,1.0,83.0,83.0,83.0,39.0,22.0,3.0,0.0
11282,0.0,0.0,0.0,0.0,1.0,62.0,22.0,1.0,83.0,83.0,83.0,39.0,22.0,3.0,0.0,0.4350321590900421,-1.6010292768478394,3.0,-1.9205833673477173,-1.826378345489502,-42.42350430385985,0.4350321590900421,0.0,0.0,0.0,1.0,63.0,23.0,1.0,84.0,84.0,84.0,40.0,23.0,4.0,0.0
11283,0.4350321590900421,0.0,0.0,0.0,1.0,63.0,23.0,1.0,84.0,84.0,84.0,40.0,23.0,4.0,0.0,-1.0571409463882446,-1.3082364797592163,3.0,-1.886361837387085,-1.9140886068344116,-43.59875,0.0,0.0,0.0,0.0,1.0,64.0,24.0,1.0,85.0,85.0,85.0,41.0,24.0,5.0,0.0
11284,0.0,0.0,0.0,0.0,1.0,64.0,24.0,1.0,85.0,85.0,85.0,41.0,24.0,5.0,0.0,1.2685407400131226,-1.5143152475357056,3.0,-1.936475396156311,-1.7736555337905884,-43.46843243119412,1.2685407400131226,0.0,0.0,0.0,1.0,65.0,25.0,1.0,86.0,86.0,86.0,42.0,25.0,6.0,0.0
11285,1.2685407400131226,0.0,0.0,0.0,1.0,65.0,25.0,1.0,86.0,86.0,86.0,42.0,25.0,6.0,0.0,-1.926666259765625,-0.38080033659935,3.0,-1.8960644006729126,-1.1379047632217407,-45.19875,0.0,0.0,0.0,0.0,1.0,66.0,26.0,1.0,87.0,87.0,87.0,43.0,26.0,7.0,0.0
11286,0.0,0.0,0.0,0.0,1.0,66.0,26.0,1.0,87.0,87.0,87.0,43.0,26.0,7.0,0.0,1.050180435180664,-0.13714133203029633,3.0,-1.8302438259124756,-1.8484925031661987,-45.193028431979606,1.050180435180664,0.0,0.0,0.0,1.0,67.0,27.0,1.0,88.0,88.0,88.0,44.0,27.0,8.0,0.0
11287,1.050180435180664,0.0,0.0,0.0,1.0,67.0,27.0,1.0,88.0,88.0,88.0,44.0,27.0,8.0,0.0,1.6677483320236206,-1.716901421546936,3.0,-1.949707269668579,-1.7697954177856445,-45.416082447957486,2.7179287672042847,0.0,0.0,0.0,1.0,68.0,28.0,1.0,89.0,89.0,89.0,45.0,28.0,9.0,0.0
11288,2.7179287672042847,0.0,0.0,0.0,1.0,68.0,28.0,1.0,89.0,89.0,89.0,45.0,28.0,9.0,0.0,1.9641962051391602,0.5933927297592163,3.0,-1.8366475105285645,-1.9403231143951416,-46.42097958058041,4.682124972343445,0.5933927297592163,0.0,0.0,1.0,69.0,29.0,1.0,90.0,90.0,90.0,46.0,29.0,10.0,0.0
11289,4.682124972343445,0.5933927297592163,0.0,0.0,1.0,69.0,29.0,1.0,90.0,90.0,90.0,46.0,29.0,10.0,0.0,-0.6096504330635071,-0.6610073447227478,3.0,-1.7361397743225098,-1.4230687618255615,-47.182031253797575,4.072474539279938,0.0,0.0,0.0,1.0,70.0,30.0,1.0,91.0,91.0,91.0,47.0,30.0,11.0,0.0
11290,4.072474539279938,0.0,0.0,0.0,1.0,70.0,30.0,1.0,91.0,91.0,91.0,47.0,30.0,11.0,0.0,1.9959901571273804,0.6138032674789429,3.0,-1.872100830078125,-1.780579924583435,-49.036127137483504,6.068464696407318,0.6138032674789429,0.0,0.0,1.0,71.0,31.0,1.0,92.0,92.0,92.0,48.0,31.0,12.0,0.0
11291,6.068464696407318,0.6138032674789429,0.0,0.0,1.0,71.0,31.0,1.0,92.0,92.0,92.0,48.0,31.0,12.0,0.0,-1.8329986333847046,1.0668885707855225,3.0,-1.692664384841919,-1.6686923503875732,-48.49664901966088,4.2354660630226135,1.6806918382644653,0.0,0.0,1.0,72.0,32.0,1.0,93.0,93.0,93.0,49.0,32.0,13.0,0.0
11292,4.2354660630226135,1.6806918382644653,0.0,0.0,1.0,72.0,32.0,1.0,93.0,93.0,93.0,49.0,32.0,13.0,0.0,-1.6568982601165771,-1.6102068424224854,3.0,-0.9892973303794861,-1.834375023841858,-49.399273327798355,2.5785678029060364,0.07048499584197998,0.0,0.0,1.0,73.0,33.0,1.0,94.0,94.0,94.0,50.0,33.0,14.0,0.0
11293,2.5785678029060364,0.07048499584197998,0.0,0.0,1.0,73.0,33.0,1.0,94.0,94.0,94.0,50.0,33.0,14.0,0.0,0.4461408853530884,-1.8591516017913818,3.0,-1.7233372926712036,-1.8616037368774414,-50.2038446304877,3.0247086882591248,0.0,0.0,0.0,1.0,74.0,34.0,1.0,95.0,95.0,95.0,51.0,34.0,15.0,0.0
11294,3.0247086882591248,0.0,0.0,0.0,1.0,74.0,34.0,1.0,95.0,95.0,95.0,51.0,34.0,15.0,0.0,-0.2628563344478607,-1.8690509796142578,3.0,-1.902043342590332,-1.9132550954818726,-51.01254071671471,2.761852353811264,0.0,0.0,0.0,1.0,75.0,35.0,1.0,96.0,96.0,96.0,52.0,35.0,16.0,0.0
11295,2.761852353811264,0.0,0.0,0.0,1.0,75.0,35.0,1.0,96.0,96.0,96.0,52.0,35.0,16.0,0.0,0.15855622291564941,-0.47388389706611633,3.0,-1.972387433052063,-1.962058186531067,-51.80473189317208,2.9204085767269135,0.0,0.0,0.0,1.0,76.0,36.0,1.0,97.0,97.0,97.0,53.0,36.0,17.0,0.0
11296,2.9204085767269135,0.0,0.0,0.0,1.0,76.0,36.0,1.0,97.0,97.0,97.0,53.0,36.0,17.0,0.0,-1.1424429416656494,1.9569790363311768,3.0,-1.8614401817321777,-1.9346096515655518,-52.5188406634543,1.777965635061264,1.9569790363311768,0.0,0.0,1.0,77.0,37.0,1.0,98.0,98.0,98.0,54.0,37.0,18.0,0.0
11297,1.777965635061264,1.9569790363311768,0.0,0.0,1.0,77.0,37.0,1.0,98.0,98.0,98.0,54.0,37.0,18.0,0.0,0.40504956245422363,0.04898188263177872,3.0,-1.8066996335983276,-1.9042166471481323,-53.198136395946314,2.1830151975154877,2.0059609189629555,0.0,0.0,1.0,78.0,38.0,1.0,99.0,99.0,99.0,55.0,38.0,19.0,0.0
11298,2.1830151975154877,2.0059609189629555,0.0,0.0,1.0,78.0,38.0,1.0,99.0,99.0,99.0,55.0,38.0,19.0,0.0,-0.05149132385849953,0.8011903166770935,3.0,-1.9055386781692505,-1.9069976806640625,-54.23674874590378,2.131523873656988,2.807151235640049,0.0,0.0,1.0,79.0,39.0,1.0,100.0,100.0,100.0,56.0,39.0,20.0,0.0
11299,2.131523873656988,2.807151235640049,0.0,0.0,1.0,79.0,39.0,1.0,100.0,100.0,100.0,56.0,39.0,20.0,0.0,-1.5389670133590698,-1.9415332078933716,3.0,-1.9712960720062256,-1.7680414915084839,-55.315724558430894,0.5925568602979183,0.8656180277466774,0.0,0.0,1.0,80.0,40.0,1.0,100.0,100.0,100.0,57.0,40.0,21.0,1.0
11300,1.7935001850128174,4.135603904724121,5.94144344329834,1.2528194189071655,1.0,1.0,1.0,1.0,1.0,1.0,1.0,1.0,1.0,1.0,3.0,-1.6979888677597046,-1.5605639219284058,1.0,-1.82292902469635,-1.9638835191726685,-4.669628691649766,0.09551131725311279,2.5750399827957153,4.11851441860199,0.0,2.0,1.0,2.0,1.0,2.0,2.0,2.0,2.0,2.0,2.0,0.0
11301,0.09551131725311279,2.5750399827957153,4.11851441860199,0.0,2.0,1.0,2.0,1.0,2.0,2.0,2.0,2.0,2.0,2.0,3.0,-1.7580763101577759,-1.9251384735107422,1.0,-1.9556761980056763,-0.6637629270553589,-8.414666114415265,0.0,0.6499015092849731,2.1628382205963135,0.0,3.0,1.0,3.0,1.0,3.0,3.0,3.0,3.0,3.0,3.0,0.0
11302,0.0,0.6499015092849731,2.1628382205963135,0.0,3.0,1.0,3.0,1.0,3.0,3.0,3.0,3.0,3.0,3.0,3.0,-1.7736010551452637,-1.9161365032196045,10.0,-1.98284113407135,-1.955420970916748,-10.45875,0.0,0.0,0.17999708652496338,0.0,4.0,2.0,4.0,1.0,4.0,4.0,4.0,4.0,4.0,4.0,0.0
11303,0.0,0.0,0.17999708652496338,0.0,4.0,2.0,4.0,1.0,4.0,4.0,4.0,4.0,4.0,4.0,8.0,-1.289516568183899,0.5127884149551392,1.0,-1.1997413635253906,-1.8944792747497559,-14.702274488798693,0.0,0.5127884149551392,0.0,0.0,5.0,1.0,5.0,2.0,5.0,5.0,5.0,5.0,1.0,5.0,0.0
11304,0.0,0.5127884149551392,0.0,0.0,5.0,1.0,5.0,2.0,5.0,5.0,5.0,5.0,1.0,5.0,9.0,-1.653513789176941,-1.6820274591445923,3.0,-1.7339143753051758,-1.9091233015060425,-7.418749999999999,0.0,0.0,0.0,0.0,6.0,2.0,6.0,1.0,6.0,6.0,6.0,6.0,2.0,1.0,0.0
11305,0.0,0.0,0.0,0.0,6.0,2.0,6.0,1.0,6.0,6.0,6.0,6.0,2.0,1.0,7.0,-1.8526833057403564,-1.3151485919952393,0.0,-1.1171648502349854,-1.0764615535736084,-12.05875,0.0,0.0,0.0,0.0,1.0,3.0,7.0,2.0,7.0,7.0,7.0,1.0,3.0,2.0,0.0
11306,0.0,0.0,0.0,0.0,1.0,3.0,7.0,2.0,7.0,7.0,7.0,1.0,3.0,2.0,7.0,-1.4555193185806274,-1.721407175064087,9.0,-0.7551629543304443,-1.8619438409805298,-11.85875,0.0,0.0,0.0,0.0,2.0,4.0,8.0,3.0,8.0,8.0,8.0,1.0,4.0,1.0,0.0
11307,0.0,0.0,0.0,0.0,2.0,4.0,8.0,3.0,8.0,8.0,8.0,1.0,4.0,1.0,10.0,-1.9135465621948242,-1.2877397537231445,3.0,-1.594764232635498,-1.5100502967834473,-5.7,0.0,0.0,0.0,0.0,3.0,5.0,9.0,1.0,9.0,9.0,9.0,2.0,5.0,2.0,0.0
11308,0.0,0.0,0.0,0.0,3.0,5.0,9.0,1.0,9.0,9.0,9.0,2.0,5.0,2.0,0.0,-0.6217807531356812,-0.2851746380329132,3.0,-1.8418322801589966,-1.7204240560531616,-8.29875,0.0,0.0,0.0,0.0,1.0,6.0,10.0,1.0,10.0,10.0,10.0,3.0,6.0,3.0,0.0
11309,0.0,0.0,0.0,0.0,1.0,6.0,10.0,1.0,10.0,10.0,10.0,3.0,6.0,3.0,7.0,-1.9561448097229004,-1.0070570707321167,3.0,-1.9021588563919067,-1.5870202779769897,-13.85875,0.0,0.0,0.0,0.0,2.0,7.0,11.0,1.0,11.0,11.0,11.0,1.0,7.0,4.0,0.0
11310,0.0,0.0,0.0,0.0,2.0,7.0,11.0,1.0,11.0,11.0,11.0,1.0,7.0,4.0,7.0,-0.5505810976028442,-1.349221110343933,8.0,-0.5412476062774658,-1.7138142585754395,-14.458749999999998,0.0,0.0,0.0,0.0,3.0,8.0,12.0,2.0,12.0,12.0,12.0,1.0,1.0,5.0,0.0
11311,0.0,0.0,0.0,0.0,3.0,8.0,12.0,2.0,12.0,12.0,12.0,1.0,1.0,5.0,7.0,-1.868414282798767,0.19150450825691223,3.0,-1.403855323791504,-1.9667741060256958,-14.60506806882618,0.0,0.19150450825691223,0.0,0.0,4.0,9.0,13.0,1.0,13.0,13.0,13.0,1.0,2.0,6.0,0.0
11312,0.0,0.19150450825691223,0.0,0.0,4.0,9.0,13.0,1.0,13.0,13.0,13.0,1.0,2.0,6.0,7.0,-1.8827499151229858,-1.4008580446243286,8.0,-1.3819671869277954,-1.723132610321045,-15.35875,0.0,0.0,0.0,0.0,5.0,10.0,14.0,2.0,14.0,14.0,14.0,1.0,1.0,7.0,0.0
11313,0.0,0.0,0.0,0.0,5.0,10.0,14.0,2.0,14.0,14.0,14.0,1.0,1.0,7.0,10.0,-1.3027517795562744,-1.594196081161499,8.0,-0.028485696762800217,-1.9309840202331543,-9.2,0.0,0.0,0.0,0.0,6.0,11.0,15.0,3.0,15.0,15.0,15.0,2.0,1.0,8.0,0.0
11314,0.0,0.0,0.0,0.0,6.0,11.0,15.0,3.0,15.0,15.0,15.0,2.0,1.0,8.0,0.0,-1.839315414428711,-0.7022548913955688,3.0,-1.430482029914856,-0.49346092343330383,-11.99875,0.0,0.0,0.0,0.0,1.0,12.0,16.0,1.0,16.0,16.0,16.0,3.0,2.0,9.0,0.0
11315,0.0,0.0,0.0,0.0,1.0,12.0,16.0,1.0,16.0,16.0,16.0,3.0,2.0,9.0,7.0,-1.9152628183364868,-1.8864572048187256,8.0,0.7202666401863098,-1.7309595346450806,-17.05875,0.0,0.0,0.7202666401863098,0.0,2.0,13.0,17.0,2.0,17.0,17.0,17.0,1.0,1.0,10.0,0.0
11316,0.0,0.0,0.7202666401863098,0.0,2.0,13.0,17.0,2.0,17.0,17.0,17.0,1.0,1.0,10.0,9.0,-1.9142228364944458,-1.2446057796478271,3.0,-0.34809610247612,-1.944661259651184,-13.218749999999998,0.0,0.0,0.3721705377101898,0.0,3.0,14.0,18.0,1.0,18.0,18.0,18.0,2.0,2.0,1.0,0.0
11317,0.0,0.0,0.3721705377101898,0.0,3.0,14.0,18.0,1.0,18.0,18.0,18.0,2.0,2.0,1.0,10.0,-1.6641737222671509,-1.4232901334762573,3.0,-0.4405278265476227,-1.823168158531189,-10.5,0.0,0.0,0.0,0.0,4.0,15.0,19.0,1.0,19.0,19.0,19.0,3.0,3.0,2.0,0.0
11318,0.0,0.0,0.0,0.0,4.0,15.0,19.0,1.0,19.0,19.0,19.0,3.0,3.0,2.0,2.0,-1.9387372732162476,-1.4333255290985107,3.0,-1.767079472541809,-1.8494727611541748,-25.698749999999997,0.0,0.0,0.0,0.0,5.0,16.0,1.0,1.0,20.0,20.0,20.0,4.0,4.0,3.0,0.0
11319,0.0,0.0,0.0,0.0,5.0,16.0,1.0,1.0,20.0,20.0,20.0,4.0,4.0,3.0,3.0,-1.907064437866211,-0.7800056338310242,3.0,-1.451231837272644,-1.869126319885254,-17.25875,0.0,0.0,0.0,0.0,6.0,17.0,2.0,1.0,21.0,21.0,21.0,5.0,5.0,4.0,0.0
11320,0.0,0.0,0.0,0.0,6.0,17.0,2.0,1.0,21.0,21.0,21.0,5.0,5.0,4.0,10.0,-1.9384080171585083,-1.7229926586151123,3.0,-0.6598837375640869,-1.8226429224014282,-11.3,0.0,0.0,0.0,0.0,7.0,18.0,3.0,1.0,22.0,22.0,22.0,6.0,6.0,5.0,0.0
11321,0.0,0.0,0.0,0.0,7.0,18.0,3.0,1.0,22.0,22.0,22.0,6.0,6.0,5.0,0.0,-1.734025239944458,-1.5890861749649048,3.0,-1.6266734600067139,-1.939682126045227,-14.098749999999999,0.0,0.0,0.0,0.0,1.0,19.0,4.0,1.0,23.0,23.0,23.0,7.0,7.0,6.0,0.0
11322,0.0,0.0,0.0,0.0,1.0,19.0,4.0,1.0,23.0,23.0,23.0,7.0,7.0,6.0,10.0,-1.9060378074645996,-1.7233868837356567,3.0,-1.057788372039795,-1.7344989776611328,-12.4,0.0,0.0,0.0,0.0,2.0,20.0,5.0,1.0,24.0,24.0,24.0,8.0,8.0,7.0,0.0
11323,0.0,0.0,0.0,0.0,2.0,20.0,5.0,1.0,24.0,24.0,24.0,8.0,8.0,7.0,3.0,-1.8104238510131836,-1.8635443449020386,9.0,-1.7944910526275635,-1.4750994443893433,-20.15875,0.0,0.0,0.0,0.0,3.0,21.0,6.0,1.0,25.0,25.0,25.0,9.0,9.0,1.0,0.0
11324,0.0,0.0,0.0,0.0,3.0,21.0,6.0,1.0,25.0,25.0,25.0,9.0,9.0,1.0,10.0,-1.858625054359436,-0.8782174587249756,3.0,-1.84903085231781,-1.03013277053833,-13.5,0.0,0.0,0.0,0.0,4.0,22.0,7.0,1.0,26.0,26.0,26.0,10.0,10.0,2.0,0.0
11325,0.0,0.0,0.0,0.0,4.0,22.0,7.0,1.0,26.0,26.0,26.0,10.0,10.0,2.0,10.0,-1.419521450996399,-1.9761979579925537,3.0,-1.7651615142822266,-0.6319931149482727,-14.4,0.0,0.0,0.0,0.0,5.0,23.0,8.0,1.0,27.0,27.0,27.0,11.0,11.0,3.0,0.0
11326,0.0,0.0,0.0,0.0,5.0,23.0,8.0,1.0,27.0,27.0,27.0,11.0,11.0,3.0,10.0,-1.9510318040847778,-0.9416103959083557,1.0,-1.8759856224060059,-1.3932691812515259,-15.3,0.0,0.0,0.0,0.0,6.0,1.0,9.0,2.0,28.0,28.0,28.0,12.0,12.0,4.0,0.0
11327,0.0,0.0,0.0,0.0,6.0,1.0,9.0,2.0,28.0,28.0,28.0,12.0,12.0,4.0,7.0,-1.8841009140014648,-1.6070730686187744,3.0,-1.9000475406646729,-1.8474012613296509,-20.85875,0.0,0.0,0.0,0.0,7.0,2.0,10.0,1.0,29.0,29.0,29.0,1.0,13.0,5.0,0.0
11328,0.0,0.0,0.0,0.0,7.0,2.0,10.0,1.0,29.0,29.0,29.0,1.0,13.0,5.0,0.0,-1.4760812520980835,-1.0939075946807861,3.0,-1.8384299278259277,-1.9090549945831299,-15.49875,0.0,0.0,0.0,0.0,1.0,3.0,11.0,1.0,30.0,30.0,30.0,2.0,14.0,6.0,0.0
11329,0.0,0.0,0.0,0.0,1.0,3.0,11.0,1.0,30.0,30.0,30.0,2.0,14.0,6.0,8.0,-1.9380673170089722,-1.8756687641143799,3.0,-0.8659757971763611,-1.235369086265564,-25.153750000000002,0.0,0.0,0.0,0.0,2.0,4.0,12.0,1.0,31.0,31.0,31.0,3.0,1.0,7.0,0.0
11330,0.0,0.0,0.0,0.0,2.0,4.0,12.0,1.0,31.0,31.0,31.0,3.0,1.0,7.0,2.0,-1.7199722528457642,-1.8533027172088623,3.0,-1.5016945600509644,-1.801403284072876,-27.598749999999995,0.0,0.0,0.0,0.0,3.0,5.0,1.0,1.0,32.0,32.0,32.0,4.0,2.0,8.0,0.0
11331,0.0,0.0,0.0,0.0,3.0,5.0,1.0,1.0,32.0,32.0,32.0,4.0,2.0,8.0,3.0,-1.9730496406555176,-1.3176705837249756,3.0,-0.20227572321891785,-1.475531816482544,-19.85875,0.0,0.0,0.0,0.0,4.0,6.0,2.0,1.0,33.0,33.0,33.0,5.0,3.0,9.0,0.0
11332,0.0,0.0,0.0,0.0,4.0,6.0,2.0,1.0,33.0,33.0,33.0,5.0,3.0,9.0,10.0,-1.9576383829116821,-1.5294989347457886,3.0,0.0262405127286911,-1.9466444253921509,-13.9,0.0,0.0,0.0262405127286911,0.0,5.0,7.0,3.0,1.0,34.0,34.0,34.0,6.0,4.0,10.0,0.0
11333,0.0,0.0,0.0262405127286911,0.0,5.0,7.0,3.0,1.0,34.0,34.0,34.0,6.0,4.0,10.0,0.0,-1.8289740085601807,-1.7908004522323608,3.0,0.2475006878376007,-1.8993257284164429,-16.69875,0.0,0.0,0.2737412005662918,0.0,1.0,8.0,4.0,1.0,35.0,35.0,35.0,7.0,5.0,11.0,0.0
11334,0.0,0.0,0.2737412005662918,0.0,1.0,8.0,4.0,1.0,35.0,35.0,35.0,7.0,5.0,11.0,10.0,-1.8588000535964966,-1.9392776489257812,10.0,-1.5921926498413086,-1.7202224731445312,-15.2,0.0,0.0,0.0,0.0,2.0,9.0,5.0,2.0,36.0,36.0,36.0,8.0,6.0,12.0,0.0
11335,0.0,0.0,0.0,0.0,2.0,9.0,5.0,2.0,36.0,36.0,36.0,8.0,6.0,12.0,10.0,-1.518813133239746,-1.5958826541900635,3.0,-0.6525839567184448,-1.4582396745681763,-16.2,0.0,0.0,0.0,0.0,3.0,10.0,6.0,1.0,37.0,37.0,37.0,9.0,7.0,13.0,0.0
11336,0.0,0.0,0.0,0.0,3.0,10.0,6.0,1.0,37.0,37.0,37.0,9.0,7.0,13.0,10.0,-1.9511830806732178,-1.9349253177642822,3.0,-1.7974457740783691,-1.9703357219696045,-17.0,0.0,0.0,0.0,0.0,4.0,11.0,7.0,1.0,38.0,38.0,38.0,10.0,8.0,14.0,0.0
11337,0.0,0.0,0.0,0.0,4.0,11.0,7.0,1.0,38.0,38.0,38.0,10.0,8.0,14.0,10.0,-1.978212833404541,-1.7680240869522095,3.0,-1.961449384689331,-1.886428952217102,-17.9,0.0,0.0,0.0,0.0,5.0,12.0,8.0,1.0,39.0,39.0,39.0,11.0,9.0,15.0,0.0
11338,0.0,0.0,0.0,0.0,5.0,12.0,8.0,1.0,39.0,39.0,39.0,11.0,9.0,15.0,0.0,-1.9561766386032104,-1.6548027992248535,3.0,-0.8819963932037354,-1.923233151435852,-20.69875,0.0,0.0,0.0,0.0,1.0,13.0,9.0,1.0,40.0,40.0,40.0,12.0,10.0,16.0,0.0
11339,0.0,0.0,0.0,0.0,1.0,13.0,9.0,1.0,40.0,40.0,40.0,12.0,10.0,16.0,10.0,-1.8036280870437622,-1.9303916692733765,3.0,-1.5696938037872314,-1.4059821367263794,-19.2,0.0,0.0,0.0,0.0,2.0,14.0,10.0,1.0,41.0,41.0,41.0,13.0,11.0,17.0,0.0
11340,0.0,0.0,0.0,0.0,2.0,14.0,10.0,1.0,41.0,41.0,41.0,13.0,11.0,17.0,10.0,-1.6182801723480225,-1.2036936283111572,3.0,-1.9471569061279297,-1.5902975797653198,-20.1,0.0,0.0,0.0,0.0,3.0,15.0,11.0,1.0,42.0,42.0,42.0,14.0,12.0,18.0,0.0
11341,0.0,0.0,0.0,0.0,3.0,15.0,11.0,1.0,42.0,42.0,42.0,14.0,12.0,18.0,0.0,-1.990471363067627,-1.8745471239089966,3.0,-1.3537088632583618,-1.9566410779953003,-22.89875,0.0,0.0,0.0,0.0,1.0,16.0,12.0,1.0,43.0,43.0,43.0,15.0,13.0,19.0,0.0
11342,0.0,0.0,0.0,0.0,1.0,16.0,12.0,1.0,43.0,43.0,43.0,15.0,13.0,19.0,0.0,-1.9667999744415283,-1.489054560661316,3.0,-1.6925411224365234,-1.9750946760177612,-23.49875,0.0,0.0,0.0,0.0,1.0,17.0,13.0,1.0,44.0,44.0,44.0,16.0,14.0,20.0,0.0
11343,0.0,0.0,0.0,0.0,1.0,17.0,13.0,1.0,44.0,44.0,44.0,16.0,14.0,20.0,0.0,-1.9072611331939697,-1.7524040937423706,3.0,-1.7654176950454712,-1.4438092708587646,-24.29875,0.0,0.0,0.0,0.0,1.0,18.0,14.0,1.0,45.0,45.0,45.0,17.0,15.0,21.0,0.0
11344,0.0,0.0,0.0,0.0,1.0,18.0,14.0,1.0,45.0,45.0,45.0,17.0,15.0,21.0,2.0,-1.972304105758667,-1.6529748439788818,3.0,-1.6612740755081177,-1.8948570489883423,-37.498749999999994,0.0,0.0,0.0,0.0,2.0,19.0,1.0,1.0,46.0,46.0,46.0,18.0,16.0,22.0,0.0
11345,0.0,0.0,0.0,0.0,2.0,19.0,1.0,1.0,46.0,46.0,46.0,18.0,16.0,22.0,10.0,-1.9763574600219727,-1.919933795928955,3.0,-1.7716022729873657,-1.9614609479904175,-22.7,0.0,0.0,0.0,0.0,3.0,20.0,2.0,1.0,47.0,47.0,47.0,19.0,17.0,23.0,0.0
11346,0.0,0.0,0.0,0.0,3.0,20.0,2.0,1.0,47.0,47.0,47.0,19.0,17.0,23.0,10.0,-1.9773558378219604,-1.9019240140914917,3.0,-1.5803823471069336,-1.8849791288375854,-23.6,0.0,0.0,0.0,0.0,4.0,21.0,3.0,1.0,48.0,48.0,48.0,20.0,18.0,24.0,0.0
11347,0.0,0.0,0.0,0.0,4.0,21.0,3.0,1.0,48.0,48.0,48.0,20.0,18.0,24.0,10.0,-1.8458832502365112,-1.9838359355926514,3.0,-1.700657606124878,-1.3770475387573242,-24.5,0.0,0.0,0.0,0.0,5.0,22.0,4.0,1.0,49.0,49.0,49.0,21.0,19.0,25.0,0.0
11348,0.0,0.0,0.0,0.0,5.0,22.0,4.0,1.0,49.0,49.0,49.0,21.0,19.0,25.0,10.0,-1.9514158964157104,-1.7912070751190186,3.0,-1.715336561203003,-1.746052622795105,-25.4,0.0,0.0,0.0,0.0,6.0,23.0,5.0,1.0,50.0,50.0,50.0,22.0,20.0,26.0,0.0
11349,0.0,0.0,0.0,0.0,6.0,23.0,5.0,1.0,50.0,50.0,50.0,22.0,20.0,26.0,10.0,-1.9706305265426636,-1.893180012702942,3.0,-1.921754240989685,-1.9920215606689453,-26.3,0.0,0.0,0.0,0.0,7.0,24.0,6.0,1.0,51.0,51.0,51.0,23.0,21.0,27.0,0.0
11350,0.0,0.0,0.0,0.0,7.0,24.0,6.0,1.0,51.0,51.0,51.0,23.0,21.0,27.0,10.0,-1.9870738983154297,-1.8273931741714478,3.0,-1.8192991018295288,-1.9234966039657593,-27.2,0.0,0.0,0.0,0.0,8.0,25.0,7.0,1.0,52.0,52.0,52.0,24.0,22.0,28.0,0.0
11351,0.0,0.0,0.0,0.0,8.0,25.0,7.0,1.0,52.0,52.0,52.0,24.0,22.0,28.0,10.0,-1.8685247898101807,-1.9165780544281006,3.0,-1.8435206413269043,-1.806148648262024,-28.1,0.0,0.0,0.0,0.0,9.0,26.0,8.0,1.0,53.0,53.0,53.0,25.0,23.0,29.0,0.0
11352,0.0,0.0,0.0,0.0,9.0,26.0,8.0,1.0,53.0,53.0,53.0,25.0,23.0,29.0,0.0,-1.9464138746261597,-1.778537631034851,3.0,-1.8626302480697632,-1.6401164531707764,-30.89875,0.0,0.0,0.0,0.0,1.0,27.0,9.0,1.0,54.0,54.0,54.0,26.0,24.0,30.0,0.0
11353,0.0,0.0,0.0,0.0,1.0,27.0,9.0,1.0,54.0,54.0,54.0,26.0,24.0,30.0,10.0,-1.913913607597351,-1.8776473999023438,3.0,-1.8209190368652344,-1.872285008430481,-29.0,0.0,0.0,0.0,0.0,2.0,28.0,10.0,1.0,55.0,55.0,55.0,27.0,25.0,31.0,0.0
11354,0.0,0.0,0.0,0.0,2.0,28.0,10.0,1.0,55.0,55.0,55.0,27.0,25.0,31.0,10.0,-1.932030439376831,-1.9606035947799683,3.0,-1.5602654218673706,-1.8752061128616333,-29.9,0.0,0.0,0.0,0.0,3.0,29.0,11.0,1.0,56.0,56.0,56.0,28.0,26.0,32.0,0.0
11355,0.0,0.0,0.0,0.0,3.0,29.0,11.0,1.0,56.0,56.0,56.0,28.0,26.0,32.0,0.0,-1.9726041555404663,-1.941502332687378,3.0,-1.725000262260437,-1.8947499990463257,-32.698750000000004,0.0,0.0,0.0,0.0,1.0,30.0,12.0,1.0,57.0,57.0,57.0,29.0,27.0,33.0,0.0
11356,0.0,0.0,0.0,0.0,1.0,30.0,12.0,1.0,57.0,57.0,57.0,29.0,27.0,33.0,0.0,-1.9847471714019775,-1.7847075462341309,3.0,-1.8285452127456665,-1.9067045450210571,-33.29875,0.0,0.0,0.0,0.0,1.0,31.0,13.0,1.0,58.0,58.0,58.0,30.0,28.0,34.0,0.0
11357,0.0,0.0,0.0,0.0,1.0,31.0,13.0,1.0,58.0,58.0,58.0,30.0,28.0,34.0,10.0,-1.9544317722320557,-1.9411640167236328,9.0,-1.825896978378296,-1.9173812866210938,-32.2,0.0,0.0,0.0,0.0,2.0,32.0,14.0,2.0,59.0,59.0,59.0,31.0,29.0,1.0,0.0
11358,0.0,0.0,0.0,0.0,2.0,32.0,14.0,2.0,59.0,59.0,59.0,31.0,29.0,1.0,0.0,-1.712687373161316,0.0671701431274414,3.0,-1.8982912302017212,-1.651579737663269,-31.668215216805542,0.0,0.0671701431274414,0.0,0.0,1.0,33.0,15.0,1.0,60.0,60.0,60.0,32.0,30.0,2.0,0.0
11359,0.0,0.0671701431274414,0.0,0.0,1.0,33.0,15.0,1.0,60.0,60.0,60.0,32.0,30.0,2.0,0.0,-1.843786358833313,-1.9150457382202148,3.0,-1.980832576751709,-1.691163182258606,-32.29875,0.0,0.0,0.0,0.0,1.0,34.0,16.0,1.0,61.0,61.0,61.0,33.0,31.0,3.0,0.0
11360,0.0,0.0,0.0,0.0,1.0,34.0,16.0,1.0,61.0,61.0,61.0,33.0,31.0,3.0,0.0,-1.9391025304794312,-1.225121259689331,3.0,-1.953281283378601,-1.9483205080032349,-33.09875,0.0,0.0,0.0,0.0,1.0,35.0,17.0,1.0,62.0,62.0,62.0,34.0,32.0,4.0,0.0
11361,0.0,0.0,0.0,0.0,1.0,35.0,17.0,1.0,62.0,62.0,62.0,34.0,32.0,4.0,0.0,-1.9415704011917114,-1.5921303033828735,3.0,-1.8607596158981323,-1.9206441640853882,-33.89875,0.0,0.0,0.0,0.0,1.0,36.0,18.0,1.0,63.0,63.0,63.0,35.0,33.0,5.0,0.0
11362,0.0,0.0,0.0,0.0,1.0,36.0,18.0,1.0,63.0,63.0,63.0,35.0,33.0,5.0,0.0,-1.8129048347473145,-1.8430434465408325,3.0,-1.8718498945236206,-1.875716209411621,-34.69875,0.0,0.0,0.0,0.0,1.0,37.0,19.0,1.0,64.0,64.0,64.0,36.0,34.0,6.0,0.0
11363,0.0,0.0,0.0,0.0,1.0,37.0,19.0,1.0,64.0,64.0,64.0,36.0,34.0,6.0,7.0,-1.9728882312774658,-1.8908871412277222,3.0,-1.7305545806884766,-1.8494136333465576,-40.45875,0.0,0.0,0.0,0.0,2.0,38.0,20.0,1.0,65.0,65.0,65.0,1.0,35.0,7.0,0.0
11364,0.0,0.0,0.0,0.0,2.0,38.0,20.0,1.0,65.0,65.0,65.0,1.0,35.0,7.0,8.0,-1.9626882076263428,-1.9633642435073853,3.0,-1.6712267398834229,-1.974639654159546,-42.25375,0.0,0.0,0.0,0.0,3.0,39.0,21.0,1.0,66.0,66.0,66.0,2.0,1.0,8.0,0.0
11365,0.0,0.0,0.0,0.0,3.0,39.0,21.0,1.0,66.0,66.0,66.0,2.0,1.0,8.0,0.0,-1.989676594734192,-1.932753562927246,3.0,0.8801326751708984,-1.9835131168365479,-30.19875,0.0,0.0,0.8801326751708984,0.0,1.0,40.0,22.0,1.0,67.0,67.0,67.0,3.0,2.0,9.0,0.0
11366,0.0,0.0,0.8801326751708984,0.0,1.0,40.0,22.0,1.0,67.0,67.0,67.0,3.0,2.0,9.0,0.0,-1.9893758296966553,-1.9690614938735962,3.0,1.1942236423492432,-1.9859610795974731,-30.79875,0.0,0.0,2.0743563175201416,0.0,1.0,41.0,23.0,1.0,68.0,68.0,68.0,4.0,3.0,10.0,0.0
11367,0.0,0.0,2.0743563175201416,0.0,1.0,41.0,23.0,1.0,68.0,68.0,68.0,4.0,3.0,10.0,0.0,-1.9902565479278564,-1.922940969467163,3.0,-1.0292131900787354,-1.9868613481521606,-31.59875,0.0,0.0,1.0451431274414062,0.0,1.0,42.0,24.0,1.0,69.0,69.0,69.0,5.0,4.0,11.0,0.0
11368,0.0,0.0,1.0451431274414062,0.0,1.0,42.0,24.0,1.0,69.0,69.0,69.0,5.0,4.0,11.0,0.0,-1.9897449016571045,-1.997668981552124,3.0,1.1064308881759644,-1.9907108545303345,-32.39875,0.0,0.0,2.1515740156173706,0.0,1.0,43.0,25.0,1.0,70.0,70.0,70.0,6.0,5.0,12.0,0.0
11369,0.0,0.0,2.1515740156173706,0.0,1.0,43.0,25.0,1.0,70.0,70.0,70.0,6.0,5.0,12.0,0.0,-1.9728502035140991,-1.9881051778793335,3.0,-1.813982605934143,-1.9769644737243652,-33.198750000000004,0.0,0.0,0.33759140968322754,0.0,1.0,44.0,26.0,1.0,71.0,71.0,71.0,7.0,6.0,13.0,0.0
11370,0.0,0.0,0.33759140968322754,0.0,1.0,44.0,26.0,1.0,71.0,71.0,71.0,7.0,6.0,13.0,8.0,-1.9900412559509277,-1.9815492630004883,3.0,-1.810244083404541,-1.9913100004196167,-43.45375,0.0,0.0,0.0,0.0,2.0,45.0,27.0,1.0,72.0,72.0,72.0,8.0,1.0,14.0,0.0
11371,0.0,0.0,0.0,0.0,2.0,45.0,27.0,1.0,72.0,72.0,72.0,8.0,1.0,14.0,0.0,-1.99904203414917,-1.9623384475708008,3.0,1.2098050117492676,-1.9943211078643799,-34.29875,0.0,0.0,1.2098050117492676,0.0,1.0,46.0,28.0,1.0,73.0,73.0,73.0,9.0,2.0,15.0,0.0
11372,0.0,0.0,1.2098050117492676,0.0,1.0,46.0,28.0,1.0,73.0,73.0,73.0,9.0,2.0,15.0,10.0,-1.6485636234283447,-1.9832563400268555,3.0,-1.2983875274658203,-1.9905180931091309,-33.1,0.0,0.0,0.0,0.0,2.0,47.0,29.0,1.0,74.0,74.0,74.0,10.0,3.0,16.0,0.0
11373,0.0,0.0,0.0,0.0,2.0,47.0,29.0,1.0,74.0,74.0,74.0,10.0,3.0,16.0,0.0,-1.9359182119369507,-1.904954433441162,3.0,-0.7986775040626526,-1.9924638271331787,-35.89875,0.0,0.0,0.0,0.0,1.0,48.0,30.0,1.0,75.0,75.0,75.0,11.0,4.0,17.0,0.0
11374,0.0,0.0,0.0,0.0,1.0,48.0,30.0,1.0,75.0,75.0,75.0,11.0,4.0,17.0,0.0,-1.839034914970398,-1.9582058191299438,3.0,-0.24151982367038727,-1.9865797758102417,-36.59875,0.0,0.0,0.0,0.0,1.0,49.0,31.0,1.0,76.0,76.0,76.0,12.0,5.0,18.0,0.0
11375,0.0,0.0,0.0,0.0,1.0,49.0,31.0,1.0,76.0,76.0,76.0,12.0,5.0,18.0,0.0,-1.8512945175170898,-1.9942654371261597,8.0,-1.2572494745254517,-1.9903411865234375,-37.39875,0.0,0.0,0.0,0.0,1.0,50.0,32.0,2.0,77.0,77.0,77.0,13.0,1.0,19.0,0.0
11376,0.0,0.0,0.0,0.0,1.0,50.0,32.0,2.0,77.0,77.0,77.0,13.0,1.0,19.0,0.0,-1.9951750040054321,-1.9805262088775635,8.0,-0.8129363656044006,-1.9759352207183838,-37.79875,0.0,0.0,0.0,0.0,1.0,51.0,33.0,3.0,78.0,78.0,78.0,14.0,1.0,20.0,0.0
11377,0.0,0.0,0.0,0.0,1.0,51.0,33.0,3.0,78.0,78.0,78.0,14.0,1.0,20.0,0.0,-1.9721821546554565,-1.9941225051879883,3.0,-0.5428386330604553,-1.9831407070159912,-38.59875,0.0,0.0,0.0,0.0,1.0,52.0,34.0,1.0,79.0,79.0,79.0,15.0,2.0,21.0,0.0
11378,0.0,0.0,0.0,0.0,1.0,52.0,34.0,1.0,79.0,79.0,79.0,15.0,2.0,21.0,0.0,-1.9972721338272095,-1.9169297218322754,3.0,0.5219568014144897,-1.9786120653152466,-39.19875,0.0,0.0,0.5219568014144897,0.0,1.0,53.0,35.0,1.0,80.0,80.0,80.0,16.0,3.0,22.0,0.0
11379,0.0,0.0,0.5219568014144897,0.0,1.0,53.0,35.0,1.0,80.0,80.0,80.0,16.0,3.0,22.0,0.0,-1.8808858394622803,-1.815442442893982,8.0,-0.4769209325313568,-1.9805195331573486,-39.99875,0.0,0.0,0.045035868883132935,0.0,1.0,54.0,36.0,2.0,81.0,81.0,81.0,17.0,1.0,23.0,0.0
11380,0.0,0.0,0.045035868883132935,0.0,1.0,54.0,36.0,2.0,81.0,81.0,81.0,17.0,1.0,23.0,0.0,-1.9970043897628784,-1.9795523881912231,3.0,-0.5176824927330017,-1.9881256818771362,-40.59875,0.0,0.0,0.0,0.0,1.0,55.0,37.0,1.0,82.0,82.0,82.0,18.0,2.0,24.0,0.0
11381,0.0,0.0,0.0,0.0,1.0,55.0,37.0,1.0,82.0,82.0,82.0,18.0,2.0,24.0,0.0,-1.9967154264450073,-1.9835646152496338,8.0,-0.6318386197090149,-1.9821789264678955,-41.29875,0.0,0.0,0.0,0.0,1.0,56.0,38.0,2.0,83.0,83.0,83.0,19.0,1.0,25.0,0.0
11382,0.0,0.0,0.0,0.0,1.0,56.0,38.0,2.0,83.0,83.0,83.0,19.0,1.0,25.0,0.0,-1.9756337404251099,-1.9934368133544922,8.0,-1.6938472986221313,-1.9812155961990356,-41.99875,0.0,0.0,0.0,0.0,1.0,57.0,39.0,3.0,84.0,84.0,84.0,20.0,1.0,26.0,0.0
11383,0.0,0.0,0.0,0.0,1.0,57.0,39.0,3.0,84.0,84.0,84.0,20.0,1.0,26.0,10.0,-1.9935561418533325,-1.982295274734497,8.0,-1.3032606840133667,-1.9829435348510742,-40.9,0.0,0.0,0.0,0.0,2.0,58.0,40.0,4.0,85.0,85.0,85.0,21.0,1.0,27.0,0.0
11384,0.0,0.0,0.0,0.0,2.0,58.0,40.0,4.0,85.0,85.0,85.0,21.0,1.0,27.0,0.0,-1.9948419332504272,-1.9924477338790894,3.0,-0.48519182205200195,-1.9769892692565918,-43.69875,0.0,0.0,0.0,0.0,1.0,59.0,41.0,1.0,86.0,86.0,86.0,22.0,2.0,28.0,0.0
11385,0.0,0.0,0.0,0.0,1.0,59.0,41.0,1.0,86.0,86.0,86.0,22.0,2.0,28.0,0.0,-1.9880450963974,-1.9975254535675049,8.0,-1.4322389364242554,-1.9746397733688354,-44.09875,0.0,0.0,0.0,0.0,1.0,60.0,42.0,2.0,87.0,87.0,87.0,23.0,1.0,29.0,0.0
11386,0.0,0.0,0.0,0.0,1.0,60.0,42.0,2.0,87.0,87.0,87.0,23.0,1.0,29.0,0.0,-1.9896777868270874,-1.9657447338104248,3.0,-1.8417503833770752,-1.9708142280578613,-44.79875,0.0,0.0,0.0,0.0,1.0,61.0,43.0,1.0,88.0,88.0,88.0,24.0,2.0,30.0,0.0
11387,0.0,0.0,0.0,0.0,1.0,61.0,43.0,1.0,88.0,88.0,88.0,24.0,2.0,30.0,0.0,-1.9958629608154297,-1.9297305345535278,8.0,-0.852996826171875,-1.9708646535873413,-45.49875,0.0,0.0,0.0,0.0,1.0,62.0,44.0,2.0,89.0,89.0,89.0,25.0,1.0,31.0,0.0
11388,0.0,0.0,0.0,0.0,1.0,62.0,44.0,2.0,89.0,89.0,89.0,25.0,1.0,31.0,10.0,-1.995710849761963,-1.7151072025299072,8.0,-1.801819920539856,-1.975284457206726,-44.3,0.0,0.0,0.0,0.0,2.0,63.0,45.0,3.0,90.0,90.0,90.0,26.0,1.0,32.0,0.0
11389,0.0,0.0,0.0,0.0,2.0,63.0,45.0,3.0,90.0,90.0,90.0,26.0,1.0,32.0,10.0,-1.9788086414337158,-1.9963772296905518,3.0,-0.4486376643180847,-1.9561728239059448,-45.2,0.0,0.0,0.0,0.0,3.0,64.0,46.0,1.0,91.0,91.0,91.0,27.0,2.0,33.0,0.0
11390,0.0,0.0,0.0,0.0,3.0,64.0,46.0,1.0,91.0,91.0,91.0,27.0,2.0,33.0,0.0,-1.8978482484817505,-1.983774185180664,8.0,1.23187255859375,-1.972033977508545,-47.79875,0.0,0.0,1.23187255859375,0.0,1.0,65.0,47.0,2.0,92.0,92.0,92.0,28.0,1.0,34.0,0.0
11391,0.0,0.0,1.23187255859375,0.0,1.0,65.0,47.0,2.0,92.0,92.0,92.0,28.0,1.0,34.0,0.0,-1.953139066696167,-1.9953399896621704,8.0,-0.004014277830719948,-1.966206431388855,-48.29875,0.0,0.0,1.22785828076303,0.0,1.0,66.0,48.0,3.0,93.0,93.0,93.0,29.0,1.0,35.0,0.0
11392,0.0,0.0,1.22785828076303,0.0,1.0,66.0,48.0,3.0,93.0,93.0,93.0,29.0,1.0,35.0,0.0,-1.8972097635269165,-1.9606608152389526,8.0,1.8922251462936401,-1.963962435722351,-49.09875,0.0,0.0,3.12008342705667,0.0,1.0,67.0,49.0,4.0,94.0,94.0,94.0,30.0,1.0,36.0,0.0
11393,0.0,0.0,3.12008342705667,0.0,1.0,67.0,49.0,4.0,94.0,94.0,94.0,30.0,1.0,36.0,0.0,-1.9977632761001587,-1.9953678846359253,3.0,0.34818771481513977,-1.9719398021697998,-49.89875,0.0,0.0,3.46827114187181,0.0,1.0,68.0,50.0,1.0,95.0,95.0,95.0,31.0,2.0,37.0,0.0
11394,0.0,0.0,3.46827114187181,0.0,1.0,68.0,50.0,1.0,95.0,95.0,95.0,31.0,2.0,37.0,0.0,-1.387995958328247,-1.9404664039611816,9.0,-1.5879731178283691,-1.9603673219680786,-50.39875,0.0,0.0,1.8802980240434408,0.0,1.0,69.0,51.0,2.0,96.0,96.0,96.0,32.0,3.0,1.0,0.0
11395,0.0,0.0,1.8802980240434408,0.0,1.0,69.0,51.0,2.0,96.0,96.0,96.0,32.0,3.0,1.0,0.0,-1.9763994216918945,-1.6553775072097778,3.0,-1.5107085704803467,-1.7650785446166992,-47.59875,0.0,0.0,0.36958945356309414,0.0,1.0,70.0,52.0,1.0,97.0,97.0,97.0,33.0,4.0,2.0,0.0
11396,0.0,0.0,0.36958945356309414,0.0,1.0,70.0,52.0,1.0,97.0,97.0,97.0,33.0,4.0,2.0,0.0,-1.9996973276138306,-1.8131556510925293,3.0,-0.4233700633049011,-1.6194409132003784,-48.29875,0.0,0.0,0.0,0.0,1.0,71.0,53.0,1.0,98.0,98.0,98.0,34.0,5.0,3.0,0.0
11397,0.0,0.0,0.0,0.0,1.0,71.0,53.0,1.0,98.0,98.0,98.0,34.0,5.0,3.0,0.0,-1.9995509386062622,-0.6615914702415466,3.0,-1.9258443117141724,-1.8761646747589111,-49.09875,0.0,0.0,0.0,0.0,1.0,72.0,54.0,1.0,99.0,99.0,99.0,35.0,6.0,4.0,0.0
11398,0.0,0.0,0.0,0.0,1.0,72.0,54.0,1.0,99.0,99.0,99.0,35.0,6.0,4.0,0.0,-1.9999157190322876,-0.22211487591266632,3.0,0.152021586894989,-1.195119023323059,-49.89875,0.0,0.0,0.152021586894989,0.0,1.0,73.0,55.0,1.0,100.0,100.0,100.0,36.0,7.0,5.0,0.0
11399,0.0,0.0,0.152021586894989,0.0,1.0,73.0,55.0,1.0,100.0,100.0,100.0,36.0,7.0,5.0,0.0,-1.9968287944793701,-1.6975266933441162,3.0,-1.0673469305038452,-1.368097186088562,-50.39875,0.0,0.0,0.0,0.0,1.0,74.0,56.0,1.0,100.0,100.0,100.0,37.0,8.0,6.0,1.0
11400,7.853689670562744,6.19992208480835,6.152216911315918,7.012081146240234,1.0,1.0,1.0,1.0,1.0,1.0,1.0,1.0,1.0,1.0,8.0,-1.9504706859588623,-1.514393925666809,3.0,-1.674356460571289,-1.9113794565200806,-3.9442416081829847,5.903218984603882,4.6855281591415405,4.477860450744629,5.100701689720154,2.0,2.0,2.0,1.0,2.0,2.0,2.0,2.0,1.0,2.0,0.0
11401,5.903218984603882,4.6855281591415405,4.477860450744629,5.100701689720154,2.0,2.0,2.0,1.0,2.0,2.0,2.0,2.0,1.0,2.0,8.0,-1.3457717895507812,-1.5305427312850952,1.0,-1.9533900022506714,-1.7692800760269165,-5.929434346148923,4.557447195053101,3.1549854278564453,2.5244704484939575,3.3314216136932373,3.0,1.0,3.0,2.0,3.0,3.0,3.0,3.0,1.0,3.0,0.0
11402,4.557447195053101,3.1549854278564453,2.5244704484939575,3.3314216136932373,3.0,1.0,3.0,2.0,3.0,3.0,3.0,3.0,1.0,3.0,7.0,-1.937233567237854,-1.2505707740783691,1.0,-1.3641870021820068,-1.8789503574371338,-6.114959764762652,2.6202136278152466,1.9044146537780762,1.1602834463119507,1.4524712562561035,4.0,1.0,4.0,3.0,4.0,4.0,4.0,1.0,2.0,4.0,0.0
11403,2.6202136278152466,1.9044146537780762,1.1602834463119507,1.4524712562561035,4.0,1.0,4.0,3.0,4.0,4.0,4.0,1.0,2.0,4.0,7.0,-1.5803406238555908,-1.2196476459503174,3.0,-1.532511830329895,-1.6506047248840332,-8.891415591097573,1.0398730039596558,0.6847670078277588,0.0,0.0,5.0,2.0,5.0,1.0,5.0,5.0,5.0,1.0,3.0,5.0,0.0
11404,1.0398730039596558,0.6847670078277588,0.0,0.0,5.0,2.0,5.0,1.0,5.0,5.0,5.0,1.0,3.0,5.0,7.0,-1.7522423267364502,-1.9171611070632935,9.0,-1.5426461696624756,-1.846057415008545,-11.55875,0.0,0.0,0.0,0.0,6.0,3.0,6.0,2.0,6.0,6.0,6.0,1.0,4.0,1.0,0.0
11405,0.0,0.0,0.0,0.0,6.0,3.0,6.0,2.0,6.0,6.0,6.0,1.0,4.0,1.0,10.0,-1.9048664569854736,-1.6394556760787964,0.0,-1.8891531229019165,-1.7181848287582397,-5.1,0.0,0.0,0.0,0.0,1.0,4.0,7.0,3.0,7.0,7.0,7.0,2.0,5.0,2.0,0.0
11406,0.0,0.0,0.0,0.0,1.0,4.0,7.0,3.0,7.0,7.0,7.0,2.0,5.0,2.0,10.0,-0.7354373335838318,-1.4108630418777466,3.0,-1.6702438592910767,-1.6697251796722412,-5.5,0.0,0.0,0.0,0.0,2.0,5.0,8.0,1.0,8.0,8.0,8.0,3.0,6.0,3.0,0.0
11407,0.0,0.0,0.0,0.0,2.0,5.0,8.0,1.0,8.0,8.0,8.0,3.0,6.0,3.0,9.0,-1.2453557252883911,-0.5287802815437317,8.0,-1.9678239822387695,-1.9382725954055786,-8.71875,0.0,0.0,0.0,0.0,3.0,6.0,9.0,2.0,9.0,9.0,9.0,4.0,1.0,1.0,0.0
11408,0.0,0.0,0.0,0.0,3.0,6.0,9.0,2.0,9.0,9.0,9.0,4.0,1.0,1.0,3.0,-1.6377030611038208,-1.172540545463562,3.0,-1.8523145914077759,-1.6542625427246094,-13.15875,0.0,0.0,0.0,0.0,4.0,7.0,10.0,1.0,10.0,10.0,10.0,5.0,2.0,2.0,0.0
11409,0.0,0.0,0.0,0.0,4.0,7.0,10.0,1.0,10.0,10.0,10.0,5.0,2.0,2.0,10.0,-1.7591749429702759,-1.4692193269729614,1.0,0.13824139535427094,-1.5622233152389526,-7.1,0.0,0.0,0.13824139535427094,0.0,5.0,1.0,11.0,2.0,11.0,11.0,11.0,6.0,3.0,3.0,0.0
11410,0.0,0.0,0.13824139535427094,0.0,5.0,1.0,11.0,2.0,11.0,11.0,11.0,6.0,3.0,3.0,2.0,-1.933703899383545,-1.8139466047286987,3.0,-1.8729275465011597,-1.9566468000411987,-21.698749999999997,0.0,0.0,0.0,0.0,6.0,2.0,1.0,1.0,12.0,12.0,12.0,7.0,4.0,4.0,0.0
11411,0.0,0.0,0.0,0.0,6.0,2.0,1.0,1.0,12.0,12.0,12.0,7.0,4.0,4.0,3.0,-1.5494732856750488,-1.2642419338226318,10.0,-1.4928876161575317,-1.846232295036316,-13.958749999999998,0.0,0.0,0.0,0.0,7.0,3.0,2.0,1.0,13.0,13.0,13.0,8.0,5.0,5.0,0.0
11412,0.0,0.0,0.0,0.0,7.0,3.0,2.0,1.0,13.0,13.0,13.0,8.0,5.0,5.0,0.0,-1.7624925374984741,-1.7155756950378418,3.0,-1.5047272443771362,-1.2794562578201294,-9.89875,0.0,0.0,0.0,0.0,1.0,4.0,3.0,1.0,14.0,14.0,14.0,9.0,6.0,6.0,0.0
11413,0.0,0.0,0.0,0.0,1.0,4.0,3.0,1.0,14.0,14.0,14.0,9.0,6.0,6.0,10.0,-1.2253437042236328,-1.8078073263168335,10.0,-1.4313490390777588,-0.690993070602417,-8.2,0.0,0.0,0.0,0.0,2.0,5.0,4.0,2.0,15.0,15.0,15.0,10.0,7.0,7.0,0.0
11414,0.0,0.0,0.0,0.0,2.0,5.0,4.0,2.0,15.0,15.0,15.0,10.0,7.0,7.0,9.0,-1.2713465690612793,-1.6665141582489014,10.0,-1.6483323574066162,-0.21700307726860046,-11.718749999999998,0.0,0.0,0.0,0.0,3.0,6.0,5.0,3.0,16.0,16.0,16.0,11.0,8.0,1.0,0.0
11415,0.0,0.0,0.0,0.0,3.0,6.0,5.0,3.0,16.0,16.0,16.0,11.0,8.0,1.0,10.0,-1.827332854270935,-1.2763949632644653,3.0,-1.2239601612091064,-1.8315083980560303,-9.5,0.0,0.0,0.0,0.0,4.0,7.0,6.0,1.0,17.0,17.0,17.0,12.0,9.0,2.0,0.0
11416,0.0,0.0,0.0,0.0,4.0,7.0,6.0,1.0,17.0,17.0,17.0,12.0,9.0,2.0,7.0,0.25000348687171936,-1.7214908599853516,3.0,-1.7789909839630127,-1.9650343656539917,-16.56468074418793,0.25000348687171936,0.0,0.0,0.0,5.0,8.0,7.0,1.0,18.0,18.0,18.0,1.0,10.0,3.0,0.0
11417,0.25000348687171936,0.0,0.0,0.0,5.0,8.0,7.0,1.0,18.0,18.0,18.0,1.0,10.0,3.0,0.0,-1.000876545906067,0.34173333644866943,3.0,-1.5663200616836548,-1.9071632623672485,-11.657945157903622,0.0,0.34173333644866943,0.0,0.0,1.0,9.0,8.0,1.0,19.0,19.0,19.0,2.0,11.0,4.0,0.0
11418,0.0,0.34173333644866943,0.0,0.0,1.0,9.0,8.0,1.0,19.0,19.0,19.0,2.0,11.0,4.0,0.0,-1.4903236627578735,-1.487014651298523,3.0,-1.471686840057373,-1.834119439125061,-12.19875,0.0,0.0,0.0,0.0,1.0,10.0,9.0,1.0,20.0,20.0,20.0,3.0,12.0,5.0,0.0
11419,0.0,0.0,0.0,0.0,1.0,10.0,9.0,1.0,20.0,20.0,20.0,3.0,12.0,5.0,8.0,-1.4728256464004517,-0.44785261154174805,8.0,-1.8169575929641724,-1.8748531341552734,-22.45375,0.0,0.0,0.0,0.0,2.0,11.0,10.0,2.0,21.0,21.0,21.0,4.0,1.0,6.0,0.0
11420,0.0,0.0,0.0,0.0,2.0,11.0,10.0,2.0,21.0,21.0,21.0,4.0,1.0,6.0,10.0,-1.516440987586975,-1.6837648153305054,3.0,-1.510506272315979,-1.8786911964416504,-10.9,0.0,0.0,0.0,0.0,3.0,12.0,11.0,1.0,22.0,22.0,22.0,5.0,2.0,7.0,0.0
11421,0.0,0.0,0.0,0.0,3.0,12.0,11.0,1.0,22.0,22.0,22.0,5.0,2.0,7.0,0.0,-1.804709553718567,-1.5874708890914917,8.0,0.47730833292007446,-1.5228146314620972,-13.598749999999999,0.0,0.0,0.47730833292007446,0.0,1.0,13.0,12.0,2.0,23.0,23.0,23.0,6.0,1.0,8.0,0.0
11422,0.0,0.0,0.47730833292007446,0.0,1.0,13.0,12.0,2.0,23.0,23.0,23.0,6.0,1.0,8.0,10.0,-0.7697729468345642,-0.9336585998535156,3.0,-0.6494765281677246,-1.687168002128601,-12.2,0.0,0.0,0.0,0.0,2.0,14.0,13.0,1.0,24.0,24.0,24.0,7.0,2.0,9.0,0.0
11423,0.0,0.0,0.0,0.0,2.0,14.0,13.0,1.0,24.0,24.0,24.0,7.0,2.0,9.0,0.0,-1.8320530652999878,-1.1883305311203003,3.0,1.2495466470718384,-1.9302042722702026,-14.89875,0.0,0.0,1.2495466470718384,0.0,1.0,15.0,14.0,1.0,25.0,25.0,25.0,8.0,3.0,10.0,0.0
11424,0.0,0.0,1.2495466470718384,0.0,1.0,15.0,14.0,1.0,25.0,25.0,25.0,8.0,3.0,10.0,10.0,-1.8855524063110352,-1.7922792434692383,3.0,0.09072938561439514,-1.7337689399719238,-13.7,0.0,0.0,1.3402760326862335,0.0,2.0,16.0,15.0,1.0,26.0,26.0,26.0,9.0,4.0,11.0,0.0
11425,0.0,0.0,1.3402760326862335,0.0,2.0,16.0,15.0,1.0,26.0,26.0,26.0,9.0,4.0,11.0,0.0,-0.546866238117218,-0.9126927256584167,3.0,-1.7512463331222534,-1.9695466756820679,-16.49875,0.0,0.0,0.0,0.0,1.0,17.0,16.0,1.0,27.0,27.0,27.0,10.0,5.0,12.0,0.0
11426,0.0,0.0,0.0,0.0,1.0,17.0,16.0,1.0,27.0,27.0,27.0,10.0,5.0,12.0,3.0,-1.971292495727539,-1.483094334602356,3.0,-1.6462544202804565,-1.4883124828338623,-22.15875,0.0,0.0,0.0,0.0,2.0,18.0,17.0,1.0,28.0,28.0,28.0,11.0,6.0,13.0,0.0
11427,0.0,0.0,0.0,0.0,2.0,18.0,17.0,1.0,28.0,28.0,28.0,11.0,6.0,13.0,0.0,-0.5260618925094604,-1.271472454071045,9.0,-0.1493435800075531,-1.7804887294769287,-18.09875,0.0,0.0,0.0,0.0,1.0,19.0,18.0,2.0,29.0,29.0,29.0,12.0,7.0,1.0,0.0
11428,0.0,0.0,0.0,0.0,1.0,19.0,18.0,2.0,29.0,29.0,29.0,12.0,7.0,1.0,7.0,-1.6801576614379883,0.6414726376533508,3.0,-1.2095307111740112,-1.533774733543396,-22.423673989780443,0.0,0.6414726376533508,0.0,0.0,2.0,20.0,19.0,1.0,30.0,30.0,30.0,1.0,8.0,2.0,0.0
11429,0.0,0.6414726376533508,0.0,0.0,2.0,20.0,19.0,1.0,30.0,30.0,30.0,1.0,8.0,2.0,0.0,-1.858912706375122,-0.8370881080627441,8.0,0.6718022227287292,-1.242918848991394,-17.19875,0.0,0.0,0.6718022227287292,0.0,1.0,21.0,20.0,2.0,31.0,31.0,31.0,2.0,1.0,3.0,0.0
11430,0.0,0.0,0.6718022227287292,0.0,1.0,21.0,20.0,2.0,31.0,31.0,31.0,2.0,1.0,3.0,10.0,-1.966997504234314,-0.5494887232780457,8.0,0.5023436546325684,-1.536991834640503,-15.3,0.0,0.0,1.1741458773612976,0.0,2.0,22.0,21.0,3.0,32.0,32.0,32.0,3.0,1.0,4.0,0.0
11431,0.0,0.0,1.1741458773612976,0.0,2.0,22.0,21.0,3.0,32.0,32.0,32.0,3.0,1.0,4.0,3.0,-1.9357750415802002,-1.610177993774414,3.0,1.1918494701385498,-1.8084796667099,-23.05875,0.0,0.0,2.3659953474998474,0.0,3.0,23.0,22.0,1.0,33.0,33.0,33.0,4.0,2.0,5.0,0.0
11432,0.0,0.0,2.3659953474998474,0.0,3.0,23.0,22.0,1.0,33.0,33.0,33.0,4.0,2.0,5.0,0.0,-1.964444637298584,0.33726608753204346,3.0,0.13149718940258026,-1.9511913061141968,-18.659552273436468,0.0,0.33726608753204346,2.4974925369024277,0.0,1.0,24.0,23.0,1.0,34.0,34.0,34.0,5.0,3.0,6.0,0.0
11433,0.0,0.33726608753204346,2.4974925369024277,0.0,1.0,24.0,23.0,1.0,34.0,34.0,34.0,5.0,3.0,6.0,0.0,-1.4243711233139038,-0.17245785892009735,8.0,-0.4029594659805298,-1.9298690557479858,-19.326324245289268,0.0,0.1648082286119461,2.094533070921898,0.0,1.0,25.0,24.0,2.0,35.0,35.0,35.0,6.0,1.0,7.0,0.0
11434,0.0,0.1648082286119461,2.094533070921898,0.0,1.0,25.0,24.0,2.0,35.0,35.0,35.0,6.0,1.0,7.0,10.0,-1.678027868270874,-1.6991853713989258,3.0,-1.1508551836013794,-0.0566474050283432,-18.1,0.0,0.0,0.9436778873205185,0.0,2.0,26.0,25.0,1.0,36.0,36.0,36.0,7.0,2.0,8.0,0.0
11435,0.0,0.0,0.9436778873205185,0.0,2.0,26.0,25.0,1.0,36.0,36.0,36.0,7.0,2.0,8.0,0.0,-1.8108125925064087,-1.8486462831497192,3.0,-1.4326778650283813,-0.35278961062431335,-20.79875,0.0,0.0,0.0,0.0,1.0,27.0,26.0,1.0,37.0,37.0,37.0,8.0,3.0,9.0,0.0
11436,0.0,0.0,0.0,0.0,1.0,27.0,26.0,1.0,37.0,37.0,37.0,8.0,3.0,9.0,0.0,-1.7809520959854126,-1.9832770824432373,3.0,0.3597867786884308,-1.9765528440475464,-21.49875,0.0,0.0,0.3597867786884308,0.0,1.0,28.0,27.0,1.0,38.0,38.0,38.0,9.0,4.0,10.0,0.0
11437,0.0,0.0,0.3597867786884308,0.0,1.0,28.0,27.0,1.0,38.0,38.0,38.0,9.0,4.0,10.0,7.0,-1.8483467102050781,-1.9724200963974,3.0,-0.8982648849487305,-1.3106001615524292,-27.25875,0.0,0.0,0.0,0.0,2.0,29.0,28.0,1.0,39.0,39.0,39.0,1.0,5.0,11.0,0.0
11438,0.0,0.0,0.0,0.0,2.0,29.0,28.0,1.0,39.0,39.0,39.0,1.0,5.0,11.0,0.0,0.5011811256408691,-1.9658490419387817,3.0,1.7503525018692017,-1.7494101524353027,-21.87158484386228,0.5011811256408691,0.0,1.7503525018692017,0.0,1.0,30.0,29.0,1.0,40.0,40.0,40.0,2.0,6.0,12.0,0.0
11439,0.5011811256408691,0.0,1.7503525018692017,0.0,1.0,30.0,29.0,1.0,40.0,40.0,40.0,2.0,6.0,12.0,3.0,-1.9524946212768555,-1.6667156219482422,3.0,-1.0980141162872314,1.1972136497497559,-27.958750000000002,0.0,0.0,0.6523383855819702,1.1972136497497559,2.0,31.0,30.0,1.0,41.0,41.0,41.0,3.0,7.0,13.0,0.0
11440,0.0,0.0,0.6523383855819702,1.1972136497497559,2.0,31.0,30.0,1.0,41.0,41.0,41.0,3.0,7.0,13.0,10.0,-1.446958303451538,-0.13071580231189728,8.0,0.3927861750125885,-1.9053288698196411,-22.0,0.0,0.0,1.0451245605945587,0.0,3.0,32.0,31.0,2.0,42.0,42.0,42.0,4.0,1.0,14.0,0.0
11441,0.0,0.0,1.0451245605945587,0.0,3.0,32.0,31.0,2.0,42.0,42.0,42.0,4.0,1.0,14.0,0.0,-1.8080675601959229,-1.7751481533050537,3.0,0.2207658290863037,-1.979305386543274,-24.19875,0.0,0.0,1.2658903896808624,0.0,1.0,33.0,32.0,1.0,43.0,43.0,43.0,5.0,2.0,15.0,0.0
11442,0.0,0.0,1.2658903896808624,0.0,1.0,33.0,32.0,1.0,43.0,43.0,43.0,5.0,2.0,15.0,0.0,-1.445667028427124,-1.3843048810958862,8.0,-1.2222024202346802,-0.9947003722190857,-24.69875,0.0,0.0,0.04368796944618225,0.0,1.0,34.0,33.0,2.0,44.0,44.0,44.0,6.0,1.0,16.0,0.0
11443,0.0,0.0,0.04368796944618225,0.0,1.0,34.0,33.0,2.0,44.0,44.0,44.0,6.0,1.0,16.0,0.0,-1.9448316097259521,-1.0572632551193237,8.0,0.762448251247406,-0.962674081325531,-25.39875,0.0,0.0,0.8061362206935883,0.0,1.0,35.0,34.0,3.0,45.0,45.0,45.0,7.0,1.0,17.0,0.0
11444,0.0,0.0,0.8061362206935883,0.0,1.0,35.0,34.0,3.0,45.0,45.0,45.0,7.0,1.0,17.0,0.0,-1.7030707597732544,-1.9818240404129028,3.0,-1.712220311164856,-1.8863247632980347,-26.19875,0.0,0.0,0.0,0.0,1.0,36.0,35.0,1.0,46.0,46.0,46.0,8.0,2.0,18.0,0.0
11445,0.0,0.0,0.0,0.0,1.0,36.0,35.0,1.0,46.0,46.0,46.0,8.0,2.0,18.0,3.0,-1.6176953315734863,-0.946912944316864,1.0,-0.9021177291870117,-0.3699883222579956,-31.75875,0.0,0.0,0.0,0.0,2.0,1.0,36.0,1.0,47.0,47.0,47.0,9.0,3.0,19.0,0.0
11446,0.0,0.0,0.0,0.0,2.0,1.0,36.0,1.0,47.0,47.0,47.0,9.0,3.0,19.0,0.0,-1.9238306283950806,-1.8220473527908325,3.0,-1.8451526165008545,-1.9459993839263916,-24.09875,0.0,0.0,0.0,0.0,1.0,2.0,37.0,1.0,48.0,48.0,48.0,10.0,4.0,20.0,0.0
11447,0.0,0.0,0.0,0.0,1.0,2.0,37.0,1.0,48.0,48.0,48.0,10.0,4.0,20.0,0.0,-1.933526635169983,-1.87728750705719,3.0,-1.0253826379776,-1.8463709354400635,-24.79875,0.0,0.0,0.0,0.0,1.0,3.0,38.0,1.0,49.0,49.0,49.0,11.0,5.0,21.0,0.0
11448,0.0,0.0,0.0,0.0,1.0,3.0,38.0,1.0,49.0,49.0,49.0,11.0,5.0,21.0,7.0,-1.9630554914474487,-1.800366997718811,3.0,-1.9117790460586548,-1.9664463996887207,-30.55875,0.0,0.0,0.0,0.0,2.0,4.0,39.0,1.0,50.0,50.0,50.0,1.0,6.0,22.0,0.0
11449,0.0,0.0,0.0,0.0,2.0,4.0,39.0,1.0,50.0,50.0,50.0,1.0,6.0,22.0,0.0,-1.9479618072509766,-1.8919163942337036,3.0,0.4440659284591675,-1.7832601070404053,-25.39875,0.0,0.0,0.4440659284591675,0.0,1.0,5.0,40.0,1.0,51.0,51.0,51.0,2.0,7.0,23.0,0.0
11450,0.0,0.0,0.4440659284591675,0.0,1.0,5.0,40.0,1.0,51.0,51.0,51.0,2.0,7.0,23.0,8.0,-1.9695709943771362,-1.8803778886795044,3.0,-1.4541001319885254,-1.9711418151855469,-35.55375,0.0,0.0,0.0,0.0,2.0,6.0,41.0,1.0,52.0,52.0,52.0,3.0,1.0,24.0,0.0
11451,0.0,0.0,0.0,0.0,2.0,6.0,41.0,1.0,52.0,52.0,52.0,3.0,1.0,24.0,0.0,-1.99465811252594,-1.9375653266906738,3.0,0.26755809783935547,-1.8311700820922852,-26.29875,0.0,0.0,0.26755809783935547,0.0,1.0,7.0,42.0,1.0,53.0,53.0,53.0,4.0,2.0,25.0,0.0
11452,0.0,0.0,0.26755809783935547,0.0,1.0,7.0,42.0,1.0,53.0,53.0,53.0,4.0,2.0,25.0,8.0,-1.949047565460205,-1.9225363731384277,3.0,-1.493024230003357,-1.9857163429260254,-36.45375,0.0,0.0,0.0,0.0,2.0,8.0,43.0,1.0,54.0,54.0,54.0,5.0,1.0,26.0,0.0
11453,0.0,0.0,0.0,0.0,2.0,8.0,43.0,1.0,54.0,54.0,54.0,5.0,1.0,26.0,8.0,-1.8875082731246948,-1.9928079843521118,3.0,0.7448135018348694,-1.9702430963516235,-37.15375,0.0,0.0,0.7448135018348694,0.0,3.0,9.0,44.0,1.0,55.0,55.0,55.0,6.0,1.0,27.0,0.0
11454,0.0,0.0,0.7448135018348694,0.0,3.0,9.0,44.0,1.0,55.0,55.0,55.0,6.0,1.0,27.0,0.0,-1.9694604873657227,-1.8653925657272339,3.0,-1.1963423490524292,-1.9931297302246094,-28.49875,0.0,0.0,0.0,0.0,1.0,10.0,45.0,1.0,56.0,56.0,56.0,7.0,2.0,28.0,0.0
11455,0.0,0.0,0.0,0.0,1.0,10.0,45.0,1.0,56.0,56.0,56.0,7.0,2.0,28.0,2.0,-1.8997966051101685,-1.9643305540084839,3.0,-0.6069072484970093,-1.9850481748580933,-41.498749999999994,0.0,0.0,0.0,0.0,2.0,11.0,1.0,1.0,57.0,57.0,57.0,8.0,3.0,29.0,0.0
11456,0.0,0.0,0.0,0.0,2.0,11.0,1.0,1.0,57.0,57.0,57.0,8.0,3.0,29.0,10.0,-1.950493574142456,-1.9836857318878174,3.0,-1.830852746963501,-1.913230061531067,-23.6,0.0,0.0,0.0,0.0,3.0,12.0,2.0,1.0,58.0,58.0,58.0,9.0,4.0,30.0,0.0
11457,0.0,0.0,0.0,0.0,3.0,12.0,2.0,1.0,58.0,58.0,58.0,9.0,4.0,30.0,10.0,-1.9796661138534546,-1.9895427227020264,3.0,-0.8989664912223816,-1.965200424194336,-24.5,0.0,0.0,0.0,0.0,4.0,13.0,3.0,1.0,59.0,59.0,59.0,10.0,5.0,31.0,0.0
11458,0.0,0.0,0.0,0.0,4.0,13.0,3.0,1.0,59.0,59.0,59.0,10.0,5.0,31.0,10.0,-1.975235104560852,-1.9728202819824219,3.0,-1.7027314901351929,-1.9555760622024536,-25.4,0.0,0.0,0.0,0.0,5.0,14.0,4.0,1.0,60.0,60.0,60.0,11.0,6.0,32.0,0.0
11459,0.0,0.0,0.0,0.0,5.0,14.0,4.0,1.0,60.0,60.0,60.0,11.0,6.0,32.0,10.0,-1.9499894380569458,-1.9878102540969849,3.0,-0.69770747423172,-1.9784168004989624,-26.3,0.0,0.0,0.0,0.0,6.0,15.0,5.0,1.0,61.0,61.0,61.0,12.0,7.0,33.0,0.0
11460,0.0,0.0,0.0,0.0,6.0,15.0,5.0,1.0,61.0,61.0,61.0,12.0,7.0,33.0,10.0,-1.9859254360198975,-1.9675259590148926,3.0,-1.7905290126800537,-1.9904948472976685,-27.2,0.0,0.0,0.0,0.0,7.0,16.0,6.0,1.0,62.0,62.0,62.0,13.0,8.0,34.0,0.0
11461,0.0,0.0,0.0,0.0,7.0,16.0,6.0,1.0,62.0,62.0,62.0,13.0,8.0,34.0,10.0,-1.9676800966262817,-1.9891456365585327,3.0,-1.5695892572402954,-1.9851796627044678,-28.1,0.0,0.0,0.0,0.0,8.0,17.0,7.0,1.0,63.0,63.0,63.0,14.0,9.0,35.0,0.0
11462,0.0,0.0,0.0,0.0,8.0,17.0,7.0,1.0,63.0,63.0,63.0,14.0,9.0,35.0,10.0,-1.9739817380905151,-1.9907217025756836,3.0,-1.255642294883728,-1.9954310655593872,-29.0,0.0,0.0,0.0,0.0,9.0,18.0,8.0,1.0,64.0,64.0,64.0,15.0,10.0,36.0,0.0
11463,0.0,0.0,0.0,0.0,9.0,18.0,8.0,1.0,64.0,64.0,64.0,15.0,10.0,36.0,10.0,-1.9726197719573975,-1.9833829402923584,3.0,-1.4655247926712036,-1.9883173704147339,-29.9,0.0,0.0,0.0,0.0,10.0,19.0,9.0,1.0,65.0,65.0,65.0,16.0,11.0,37.0,0.0
11464,0.0,0.0,0.0,0.0,10.0,19.0,9.0,1.0,65.0,65.0,65.0,16.0,11.0,37.0,10.0,-1.9889754056930542,-1.96800696849823,3.0,-1.3559859991073608,-1.9794362783432007,-30.8,0.0,0.0,0.0,0.0,11.0,20.0,10.0,1.0,66.0,66.0,66.0,17.0,12.0,38.0,0.0
11465,0.0,0.0,0.0,0.0,11.0,20.0,10.0,1.0,66.0,66.0,66.0,17.0,12.0,38.0,10.0,-1.9862966537475586,-1.9799705743789673,3.0,-1.2533791065216064,-1.9506994485855103,-31.7,0.0,0.0,0.0,0.0,12.0,21.0,11.0,1.0,67.0,67.0,67.0,18.0,13.0,39.0,0.0
11466,0.0,0.0,0.0,0.0,12.0,21.0,11.0,1.0,67.0,67.0,67.0,18.0,13.0,39.0,10.0,-1.9898326396942139,-1.9949977397918701,3.0,-0.6771605610847473,-1.9675705432891846,-32.6,0.0,0.0,0.0,0.0,13.0,22.0,12.0,1.0,68.0,68.0,68.0,19.0,14.0,40.0,0.0
11467,0.0,0.0,0.0,0.0,13.0,22.0,12.0,1.0,68.0,68.0,68.0,19.0,14.0,40.0,10.0,-1.9916917085647583,-1.9909148216247559,3.0,-1.9483933448791504,-1.9958646297454834,-33.5,0.0,0.0,0.0,0.0,14.0,23.0,13.0,1.0,69.0,69.0,69.0,20.0,15.0,41.0,0.0
11468,0.0,0.0,0.0,0.0,14.0,23.0,13.0,1.0,69.0,69.0,69.0,20.0,15.0,41.0,10.0,-1.9894424676895142,-1.9877063035964966,3.0,-1.6997736692428589,-1.9906915426254272,-34.4,0.0,0.0,0.0,0.0,15.0,24.0,14.0,1.0,70.0,70.0,70.0,21.0,16.0,42.0,0.0
11469,0.0,0.0,0.0,0.0,15.0,24.0,14.0,1.0,70.0,70.0,70.0,21.0,16.0,42.0,10.0,-1.9900528192520142,-1.9966508150100708,3.0,-1.8301985263824463,-1.9936293363571167,-35.3,0.0,0.0,0.0,0.0,16.0,25.0,15.0,1.0,71.0,71.0,71.0,22.0,17.0,43.0,0.0
11470,0.0,0.0,0.0,0.0,16.0,25.0,15.0,1.0,71.0,71.0,71.0,22.0,17.0,43.0,0.0,-1.9853756427764893,-1.9883480072021484,3.0,-1.8484036922454834,-1.9938724040985107,-38.09875,0.0,0.0,0.0,0.0,1.0,26.0,16.0,1.0,72.0,72.0,72.0,23.0,18.0,44.0,0.0
11471,0.0,0.0,0.0,0.0,1.0,26.0,16.0,1.0,72.0,72.0,72.0,23.0,18.0,44.0,8.0,-1.992910623550415,-1.9780186414718628,9.0,-1.7592228651046753,-1.9395158290863037,-46.85375,0.0,0.0,0.0,0.0,2.0,27.0,17.0,2.0,73.0,73.0,73.0,24.0,1.0,1.0,0.0
11472,0.0,0.0,0.0,0.0,2.0,27.0,17.0,2.0,73.0,73.0,73.0,24.0,1.0,1.0,10.0,-1.9873805046081543,-1.3252671957015991,3.0,-1.4495434761047363,-1.9473241567611694,-30.3,0.0,0.0,0.0,0.0,3.0,28.0,18.0,1.0,74.0,74.0,74.0,25.0,2.0,2.0,0.0
11473,0.0,0.0,0.0,0.0,3.0,28.0,18.0,1.0,74.0,74.0,74.0,25.0,2.0,2.0,0.0,-1.9932496547698975,-1.7311354875564575,3.0,-1.9716264009475708,-1.9282562732696533,-32.99875,0.0,0.0,0.0,0.0,1.0,29.0,19.0,1.0,75.0,75.0,75.0,26.0,3.0,3.0,0.0
11474,0.0,0.0,0.0,0.0,1.0,29.0,19.0,1.0,75.0,75.0,75.0,26.0,3.0,3.0,0.0,-1.868118405342102,-1.9426780939102173,3.0,-1.1544945240020752,-1.8377100229263306,-33.59875,0.0,0.0,0.0,0.0,1.0,30.0,20.0,1.0,76.0,76.0,76.0,27.0,4.0,4.0,0.0
11475,0.0,0.0,0.0,0.0,1.0,30.0,20.0,1.0,76.0,76.0,76.0,27.0,4.0,4.0,0.0,-1.9813024997711182,-1.7286449670791626,3.0,-1.9501475095748901,-1.6179442405700684,-34.39875,0.0,0.0,0.0,0.0,1.0,31.0,21.0,1.0,77.0,77.0,77.0,28.0,5.0,5.0,0.0
11476,0.0,0.0,0.0,0.0,1.0,31.0,21.0,1.0,77.0,77.0,77.0,28.0,5.0,5.0,0.0,-1.9408766031265259,-1.344806432723999,3.0,1.2369786500930786,-1.9120885133743286,-35.19875,0.0,0.0,1.2369786500930786,0.0,1.0,32.0,22.0,1.0,78.0,78.0,78.0,29.0,6.0,6.0,0.0
11477,0.0,0.0,1.2369786500930786,0.0,1.0,32.0,22.0,1.0,78.0,78.0,78.0,29.0,6.0,6.0,0.0,-1.978324055671692,0.4945605993270874,3.0,-1.5571802854537964,-1.9108145236968994,-35.806690800205956,0.0,0.4945605993270874,0.0,0.0,1.0,33.0,23.0,1.0,79.0,79.0,79.0,30.0,7.0,7.0,0.0
11478,0.0,0.4945605993270874,0.0,0.0,1.0,33.0,23.0,1.0,79.0,79.0,79.0,30.0,7.0,7.0,10.0,-1.8445439338684082,1.1495026350021362,3.0,-0.672627329826355,-1.9016047716140747,-34.9,0.0,1.6440632343292236,0.0,0.0,2.0,34.0,24.0,1.0,80.0,80.0,80.0,31.0,8.0,8.0,0.0
11479,0.0,1.6440632343292236,0.0,0.0,2.0,34.0,24.0,1.0,80.0,80.0,80.0,31.0,8.0,8.0,0.0,-1.950456976890564,-1.2059533596038818,3.0,-0.5580022931098938,-1.9544705152511597,-37.52477964891415,0.0,0.4381098747253418,0.0,0.0,1.0,35.0,25.0,1.0,81.0,81.0,81.0,32.0,9.0,9.0,0.0
11480,0.0,0.4381098747253418,0.0,0.0,1.0,35.0,25.0,1.0,81.0,81.0,81.0,32.0,9.0,9.0,0.0,-1.9540996551513672,-1.9302539825439453,3.0,-0.5850890278816223,-1.922459363937378,-38.39875,0.0,0.0,0.0,0.0,1.0,36.0,26.0,1.0,82.0,82.0,82.0,33.0,10.0,10.0,0.0
11481,0.0,0.0,0.0,0.0,1.0,36.0,26.0,1.0,82.0,82.0,82.0,33.0,10.0,10.0,0.0,-1.1801717281341553,-1.6138042211532593,3.0,-1.8387565612792969,-1.9593677520751953,-39.19875,0.0,0.0,0.0,0.0,1.0,37.0,27.0,1.0,83.0,83.0,83.0,34.0,11.0,11.0,0.0
11482,0.0,0.0,0.0,0.0,1.0,37.0,27.0,1.0,83.0,83.0,83.0,34.0,11.0,11.0,0.0,-1.9221452474594116,-1.3243591785430908,3.0,-1.2600899934768677,-1.9779932498931885,-39.99875,0.0,0.0,0.0,0.0,1.0,38.0,28.0,1.0,84.0,84.0,84.0,35.0,12.0,12.0,0.0
11483,0.0,0.0,0.0,0.0,1.0,38.0,28.0,1.0,84.0,84.0,84.0,35.0,12.0,12.0,0.0,-1.9631071090698242,-1.2095750570297241,3.0,-1.924360752105713,-1.9885728359222412,-40.79875,0.0,0.0,0.0,0.0,1.0,39.0,29.0,1.0,85.0,85.0,85.0,36.0,13.0,13.0,0.0
11484,0.0,0.0,0.0,0.0,1.0,39.0,29.0,1.0,85.0,85.0,85.0,36.0,13.0,13.0,0.0,-1.9634660482406616,-0.7851433753967285,3.0,-1.9791895151138306,-1.9472589492797852,-41.59875,0.0,0.0,0.0,0.0,1.0,40.0,30.0,1.0,86.0,86.0,86.0,37.0,14.0,14.0,0.0
11485,0.0,0.0,0.0,0.0,1.0,40.0,30.0,1.0,86.0,86.0,86.0,37.0,14.0,14.0,0.0,-1.9555124044418335,1.285352349281311,3.0,-1.54836905002594,-1.9459054470062256,-42.05714141016365,0.0,1.285352349281311,0.0,0.0,1.0,41.0,31.0,1.0,87.0,87.0,87.0,38.0,15.0,15.0,0.0
11486,0.0,1.285352349281311,0.0,0.0,1.0,41.0,31.0,1.0,87.0,87.0,87.0,38.0,15.0,15.0,0.0,-1.9769898653030396,-1.6174637079238892,3.0,-0.35008278489112854,-1.882087230682373,-43.19875,0.0,0.0,0.0,0.0,1.0,42.0,32.0,1.0,88.0,88.0,88.0,39.0,16.0,16.0,0.0
11487,0.0,0.0,0.0,0.0,1.0,42.0,32.0,1.0,88.0,88.0,88.0,39.0,16.0,16.0,0.0,-1.948167324066162,-1.8261222839355469,3.0,-1.9151451587677002,-1.8058770895004272,-43.99875,0.0,0.0,0.0,0.0,1.0,43.0,33.0,1.0,89.0,89.0,89.0,40.0,17.0,17.0,0.0
11488,0.0,0.0,0.0,0.0,1.0,43.0,33.0,1.0,89.0,89.0,89.0,40.0,17.0,17.0,0.0,-1.935234546661377,-1.344678521156311,9.0,-0.7054020166397095,-1.8603568077087402,-44.79875,0.0,0.0,0.0,0.0,1.0,44.0,34.0,2.0,90.0,90.0,90.0,41.0,18.0,1.0,0.0
11489,0.0,0.0,0.0,0.0,1.0,44.0,34.0,2.0,90.0,90.0,90.0,41.0,18.0,1.0,0.0,-1.9409061670303345,-0.8257743120193481,3.0,0.1307983100414276,-1.840774655342102,-43.99875,0.0,0.0,0.1307983100414276,0.0,1.0,45.0,35.0,1.0,91.0,91.0,91.0,42.0,19.0,2.0,0.0
11490,0.0,0.0,0.1307983100414276,0.0,1.0,45.0,35.0,1.0,91.0,91.0,91.0,42.0,19.0,2.0,0.0,-1.8283157348632812,-1.5452754497528076,3.0,-1.98103928565979,-1.818886399269104,-44.69875,0.0,0.0,0.0,0.0,1.0,46.0,36.0,1.0,92.0,92.0,92.0,43.0,20.0,3.0,0.0
11491,0.0,0.0,0.0,0.0,1.0,46.0,36.0,1.0,92.0,92.0,92.0,43.0,20.0,3.0,0.0,-1.9572714567184448,-1.5524216890335083,3.0,-1.9855470657348633,-1.9505996704101562,-45.49875,0.0,0.0,0.0,0.0,1.0,47.0,37.0,1.0,93.0,93.0,93.0,44.0,21.0,4.0,0.0
11492,0.0,0.0,0.0,0.0,1.0,47.0,37.0,1.0,93.0,93.0,93.0,44.0,21.0,4.0,0.0,-1.748901128768921,-1.4781818389892578,3.0,-1.9584273099899292,-1.8050614595413208,-46.29875,0.0,0.0,0.0,0.0,1.0,48.0,38.0,1.0,94.0,94.0,94.0,45.0,22.0,5.0,0.0
11493,0.0,0.0,0.0,0.0,1.0,48.0,38.0,1.0,94.0,94.0,94.0,45.0,22.0,5.0,0.0,-1.944776177406311,-1.0182219743728638,3.0,-1.3209264278411865,-1.9153105020523071,-47.09875,0.0,0.0,0.0,0.0,1.0,49.0,39.0,1.0,95.0,95.0,95.0,46.0,23.0,6.0,0.0
11494,0.0,0.0,0.0,0.0,1.0,49.0,39.0,1.0,95.0,95.0,95.0,46.0,23.0,6.0,0.0,-1.9511933326721191,-1.3793199062347412,3.0,-1.994384765625,-1.941961407661438,-47.89875,0.0,0.0,0.0,0.0,1.0,50.0,40.0,1.0,96.0,96.0,96.0,47.0,24.0,7.0,0.0
11495,0.0,0.0,0.0,0.0,1.0,50.0,40.0,1.0,96.0,96.0,96.0,47.0,24.0,7.0,0.0,-1.880698323249817,-1.5851664543151855,3.0,-1.8905891180038452,-1.9469740390777588,-48.69875,0.0,0.0,0.0,0.0,1.0,51.0,41.0,1.0,97.0,97.0,97.0,48.0,25.0,8.0,0.0
11496,0.0,0.0,0.0,0.0,1.0,51.0,41.0,1.0,97.0,97.0,97.0,48.0,25.0,8.0,0.0,-1.8295093774795532,-1.7053121328353882,3.0,-1.8318742513656616,-1.767045259475708,-49.49875,0.0,0.0,0.0,0.0,1.0,52.0,42.0,1.0,98.0,98.0,98.0,49.0,26.0,9.0,0.0
11497,0.0,0.0,0.0,0.0,1.0,52.0,42.0,1.0,98.0,98.0,98.0,49.0,26.0,9.0,0.0,-1.3358404636383057,-1.723661184310913,3.0,-1.9927033185958862,-1.8343168497085571,-50.29875,0.0,0.0,0.0,0.0,1.0,53.0,43.0,1.0,99.0,99.0,99.0,50.0,27.0,10.0,0.0
11498,0.0,0.0,0.0,0.0,1.0,53.0,43.0,1.0,99.0,99.0,99.0,50.0,27.0,10.0,0.0,-1.994905948638916,-1.5626170635223389,3.0,-1.9825800657272339,-1.779744029045105,-51.09875,0.0,0.0,0.0,0.0,1.0,54.0,44.0,1.0,100.0,100.0,100.0,51.0,28.0,11.0,0.0
11499,0.0,0.0,0.0,0.0,1.0,54.0,44.0,1.0,100.0,100.0,100.0,51.0,28.0,11.0,0.0,-1.9910813570022583,-1.8874913454055786,3.0,-1.867409110069275,-0.7928508520126343,-51.59875,0.0,0.0,0.0,0.0,1.0,55.0,45.0,1.0,100.0,100.0,100.0,52.0,29.0,12.0,1.0
11500,9.871830940246582,5.6239447593688965,8.64416217803955,4.187086582183838,1.0,1.0,1.0,1.0,1.0,1.0,1.0,1.0,1.0,1.0,8.0,-1.979198694229126,1.0992074012756348,1.0,-1.9535783529281616,-1.8742176294326782,-4.597192147078156,7.892632246017456,6.723152160644531,6.690583825111389,2.3128689527511597,2.0,1.0,2.0,2.0,2.0,2.0,2.0,2.0,1.0,2.0,0.0
11501,7.892632246017456,6.723152160644531,6.690583825111389,2.3128689527511597,2.0,1.0,2.0,2.0,2.0,2.0,2.0,2.0,1.0,2.0,8.0,-1.8690847158432007,-1.263006329536438,1.0,-1.9102933406829834,-1.0725593566894531,-4.234641193769103,6.023547530174255,5.460145831108093,4.780290484428406,1.2403095960617065,3.0,1.0,3.0,3.0,3.0,3.0,3.0,3.0,1.0,3.0,0.0
11502,6.023547530174255,5.460145831108093,4.780290484428406,1.2403095960617065,3.0,1.0,3.0,3.0,3.0,3.0,3.0,3.0,1.0,3.0,2.0,-1.5792673826217651,-1.9481862783432007,1.0,-1.9609163999557495,-1.923143982887268,-6.29582359236071,4.44428014755249,3.5119595527648926,2.8193740844726562,0.0,4.0,1.0,1.0,4.0,4.0,4.0,4.0,4.0,2.0,4.0,0.0
11503,4.44428014755249,3.5119595527648926,2.8193740844726562,0.0,4.0,1.0,1.0,4.0,4.0,4.0,4.0,4.0,2.0,4.0,7.0,-1.832011103630066,-1.9538726806640625,3.0,-1.856669545173645,-1.9122655391693115,-6.746016506266548,2.6122690439224243,1.55808687210083,0.9627045392990112,0.0,5.0,2.0,2.0,1.0,5.0,5.0,5.0,1.0,3.0,5.0,0.0
11504,2.6122690439224243,1.55808687210083,0.9627045392990112,0.0,5.0,2.0,2.0,1.0,5.0,5.0,5.0,1.0,3.0,5.0,7.0,-1.9693955183029175,-1.932055115699768,0.0,-1.7882232666015625,-1.5335197448730469,-10.027419233217774,0.6428735256195068,0.0,0.0,0.0,1.0,3.0,3.0,2.0,6.0,6.0,6.0,1.0,4.0,6.0,0.0
11505,0.6428735256195068,0.0,0.0,0.0,1.0,3.0,3.0,2.0,6.0,6.0,6.0,1.0,4.0,6.0,3.0,-1.8754887580871582,-1.8476189374923706,0.0,-1.622796893119812,-1.917548418045044,-11.65875,0.0,0.0,0.0,0.0,1.0,4.0,4.0,1.0,7.0,7.0,7.0,2.0,5.0,7.0,0.0
11506,0.0,0.0,0.0,0.0,1.0,4.0,4.0,1.0,7.0,7.0,7.0,2.0,5.0,7.0,3.0,-1.6795175075531006,-1.216652274131775,3.0,-1.767045497894287,-1.4288854598999023,-12.35875,0.0,0.0,0.0,0.0,2.0,5.0,5.0,1.0,8.0,8.0,8.0,3.0,6.0,8.0,0.0
11507,0.0,0.0,0.0,0.0,2.0,5.0,5.0,1.0,8.0,8.0,8.0,3.0,6.0,8.0,3.0,-1.6401433944702148,-0.5638446807861328,10.0,-1.9659887552261353,-1.7682079076766968,-13.25875,0.0,0.0,0.0,0.0,3.0,6.0,6.0,1.0,9.0,9.0,9.0,4.0,7.0,9.0,0.0
11508,0.0,0.0,0.0,0.0,3.0,6.0,6.0,1.0,9.0,9.0,9.0,4.0,7.0,9.0,9.0,-1.1803350448608398,-1.8271945714950562,3.0,-1.7000364065170288,-1.8050308227539062,-9.81875,0.0,0.0,0.0,0.0,4.0,7.0,7.0,1.0,10.0,10.0,10.0,5.0,8.0,1.0,0.0
11509,0.0,0.0,0.0,0.0,4.0,7.0,7.0,1.0,10.0,10.0,10.0,5.0,8.0,1.0,0.0,-0.643604576587677,-1.802757978439331,3.0,-1.633456826210022,-1.657227635383606,-9.19875,0.0,0.0,0.0,0.0,1.0,8.0,8.0,1.0,11.0,11.0,11.0,6.0,9.0,2.0,0.0
11510,0.0,0.0,0.0,0.0,1.0,8.0,8.0,1.0,11.0,11.0,11.0,6.0,9.0,2.0,2.0,-1.1647965908050537,-0.8179872035980225,1.0,-1.491247534751892,-1.0640900135040283,-22.098749999999995,0.0,0.0,0.0,0.0,2.0,1.0,1.0,2.0,12.0,12.0,12.0,7.0,10.0,3.0,0.0
11511,0.0,0.0,0.0,0.0,2.0,1.0,1.0,2.0,12.0,12.0,12.0,7.0,10.0,3.0,3.0,-0.8566310405731201,-1.7683660984039307,3.0,-1.8477455377578735,-1.327867031097412,-14.05875,0.0,0.0,0.0,0.0,3.0,2.0,2.0,1.0,13.0,13.0,13.0,8.0,11.0,4.0,0.0
11512,0.0,0.0,0.0,0.0,3.0,2.0,2.0,1.0,13.0,13.0,13.0,8.0,11.0,4.0,8.0,-1.4888030290603638,-1.4003351926803589,3.0,-1.5937309265136719,-1.7650972604751587,-19.353749999999998,0.0,0.0,0.0,0.0,4.0,3.0,3.0,1.0,14.0,14.0,14.0,9.0,1.0,5.0,0.0
11513,0.0,0.0,0.0,0.0,4.0,3.0,3.0,1.0,14.0,14.0,14.0,9.0,1.0,5.0,2.0,-1.8244140148162842,-1.6173152923583984,1.0,0.36530381441116333,-1.8905858993530273,-22.098749999999995,0.0,0.0,0.36530381441116333,0.0,5.0,1.0,1.0,2.0,15.0,15.0,15.0,10.0,2.0,6.0,0.0
11514,0.0,0.0,0.36530381441116333,0.0,5.0,1.0,1.0,2.0,15.0,15.0,15.0,10.0,2.0,6.0,10.0,-1.9196819067001343,-1.6719962358474731,10.0,-1.653417944908142,-1.6528290510177612,-8.2,0.0,0.0,0.0,0.0,6.0,2.0,2.0,3.0,16.0,16.0,16.0,11.0,3.0,7.0,0.0
11515,0.0,0.0,0.0,0.0,6.0,2.0,2.0,3.0,16.0,16.0,16.0,11.0,3.0,7.0,7.0,-1.2167099714279175,-1.2665754556655884,3.0,-0.4557107090950012,-1.956922173500061,-16.05875,0.0,0.0,0.0,0.0,7.0,3.0,3.0,1.0,17.0,17.0,17.0,1.0,4.0,8.0,0.0
11516,0.0,0.0,0.0,0.0,7.0,3.0,3.0,1.0,17.0,17.0,17.0,1.0,4.0,8.0,0.0,-1.8312604427337646,-1.883339285850525,0.0,-1.8275816440582275,-1.9320801496505737,-10.69875,0.0,0.0,0.0,0.0,1.0,4.0,4.0,2.0,18.0,18.0,18.0,2.0,5.0,9.0,0.0
11517,0.0,0.0,0.0,0.0,1.0,4.0,4.0,2.0,18.0,18.0,18.0,2.0,5.0,9.0,8.0,-1.845603108406067,-1.4212638139724731,3.0,0.011161092668771744,-1.916379451751709,-20.45375,0.0,0.0,0.011161092668771744,0.0,2.0,5.0,5.0,1.0,19.0,19.0,19.0,3.0,1.0,10.0,0.0
11518,0.0,0.0,0.011161092668771744,0.0,2.0,5.0,5.0,1.0,19.0,19.0,19.0,3.0,1.0,10.0,10.0,-1.8903924226760864,-0.6634381413459778,9.0,-1.5471712350845337,-1.9211453199386597,-9.4,0.0,0.0,0.0,0.0,3.0,6.0,6.0,2.0,20.0,20.0,20.0,4.0,2.0,1.0,0.0
11519,0.0,0.0,0.0,0.0,3.0,6.0,6.0,2.0,20.0,20.0,20.0,4.0,2.0,1.0,10.0,-1.1728800535202026,-0.898047149181366,3.0,-1.6864242553710938,-1.6808286905288696,-9.4,0.0,0.0,0.0,0.0,4.0,7.0,7.0,1.0,21.0,21.0,21.0,5.0,3.0,2.0,0.0
11520,0.0,0.0,0.0,0.0,4.0,7.0,7.0,1.0,21.0,21.0,21.0,5.0,3.0,2.0,0.0,-1.196806788444519,-1.435870885848999,3.0,-1.8021581172943115,-1.7239511013031006,-12.098749999999999,0.0,0.0,0.0,0.0,1.0,8.0,8.0,1.0,22.0,22.0,22.0,6.0,4.0,3.0,0.0
11521,0.0,0.0,0.0,0.0,1.0,8.0,8.0,1.0,22.0,22.0,22.0,6.0,4.0,3.0,10.0,0.20393817126750946,-0.2081218957901001,3.0,-1.1405634880065918,-1.1323251724243164,-10.7,0.20393817126750946,0.0,0.0,0.0,2.0,9.0,9.0,1.0,23.0,23.0,23.0,7.0,5.0,4.0,0.0
11522,0.20393817126750946,0.0,0.0,0.0,2.0,9.0,9.0,1.0,23.0,23.0,23.0,7.0,5.0,4.0,10.0,-1.5896128416061401,-1.6754893064498901,3.0,-0.16492275893688202,-1.9841078519821167,-11.6,0.0,0.0,0.0,0.0,3.0,10.0,10.0,1.0,24.0,24.0,24.0,8.0,6.0,5.0,0.0
11523,0.0,0.0,0.0,0.0,3.0,10.0,10.0,1.0,24.0,24.0,24.0,8.0,6.0,5.0,10.0,-1.5504182577133179,-0.3741064965724945,3.0,-1.8248320817947388,-1.8720927238464355,-12.5,0.0,0.0,0.0,0.0,4.0,11.0,11.0,1.0,25.0,25.0,25.0,9.0,7.0,6.0,0.0
11524,0.0,0.0,0.0,0.0,4.0,11.0,11.0,1.0,25.0,25.0,25.0,9.0,7.0,6.0,10.0,-1.9167027473449707,-1.439289927482605,3.0,-1.6445789337158203,-1.7852880954742432,-13.4,0.0,0.0,0.0,0.0,5.0,12.0,12.0,1.0,26.0,26.0,26.0,10.0,8.0,7.0,0.0
11525,0.0,0.0,0.0,0.0,5.0,12.0,12.0,1.0,26.0,26.0,26.0,10.0,8.0,7.0,0.0,-1.9225040674209595,-1.546891689300537,3.0,-1.764148473739624,-1.8243073225021362,-16.19875,0.0,0.0,0.0,0.0,1.0,13.0,13.0,1.0,27.0,27.0,27.0,11.0,9.0,8.0,0.0
11526,0.0,0.0,0.0,0.0,1.0,13.0,13.0,1.0,27.0,27.0,27.0,11.0,9.0,8.0,0.0,-1.5971953868865967,-0.4401107430458069,3.0,-1.8587037324905396,-1.9116815328598022,-16.59875,0.0,0.0,0.0,0.0,1.0,14.0,14.0,1.0,28.0,28.0,28.0,12.0,10.0,9.0,0.0
11527,0.0,0.0,0.0,0.0,1.0,14.0,14.0,1.0,28.0,28.0,28.0,12.0,10.0,9.0,8.0,-1.93240487575531,-0.5357283353805542,3.0,-1.8482589721679688,-1.843427062034607,-26.853749999999998,0.0,0.0,0.0,0.0,2.0,15.0,15.0,1.0,29.0,29.0,29.0,13.0,1.0,10.0,0.0
11528,0.0,0.0,0.0,0.0,2.0,15.0,15.0,1.0,29.0,29.0,29.0,13.0,1.0,10.0,7.0,-1.6444220542907715,-1.517929196357727,9.0,-0.21268799901008606,-1.9152402877807617,-22.25875,0.0,0.0,0.0,0.0,3.0,16.0,16.0,2.0,30.0,30.0,30.0,1.0,2.0,1.0,0.0
11529,0.0,0.0,0.0,0.0,3.0,16.0,16.0,2.0,30.0,30.0,30.0,1.0,2.0,1.0,0.0,-1.8996460437774658,-0.7341750264167786,3.0,-0.4219915270805359,-1.9409042596817017,-15.99875,0.0,0.0,0.0,0.0,1.0,17.0,17.0,1.0,31.0,31.0,31.0,2.0,3.0,2.0,0.0
11530,0.0,0.0,0.0,0.0,1.0,17.0,17.0,1.0,31.0,31.0,31.0,2.0,3.0,2.0,10.0,-1.6421834230422974,-1.3100436925888062,3.0,-1.5696775913238525,-0.9454479217529297,-14.6,0.0,0.0,0.0,0.0,2.0,18.0,18.0,1.0,32.0,32.0,32.0,3.0,4.0,3.0,0.0
11531,0.0,0.0,0.0,0.0,2.0,18.0,18.0,1.0,32.0,32.0,32.0,3.0,4.0,3.0,0.0,-1.4617139101028442,-0.18102510273456573,8.0,-1.3873018026351929,-0.8858936429023743,-17.39875,0.0,0.0,0.0,0.0,1.0,19.0,19.0,2.0,33.0,33.0,33.0,4.0,1.0,4.0,0.0
11532,0.0,0.0,0.0,0.0,1.0,19.0,19.0,2.0,33.0,33.0,33.0,4.0,1.0,4.0,0.0,-1.759972333908081,-0.931236982345581,3.0,-1.324859619140625,-1.9272511005401611,-17.798750000000002,0.0,0.0,0.0,0.0,1.0,20.0,20.0,1.0,34.0,34.0,34.0,5.0,2.0,5.0,0.0
11533,0.0,0.0,0.0,0.0,1.0,20.0,20.0,1.0,34.0,34.0,34.0,5.0,2.0,5.0,10.0,-1.8748011589050293,-0.9057214856147766,3.0,-0.6361247301101685,-1.7720882892608643,-16.6,0.0,0.0,0.0,0.0,2.0,21.0,21.0,1.0,35.0,35.0,35.0,6.0,3.0,6.0,0.0
11534,0.0,0.0,0.0,0.0,2.0,21.0,21.0,1.0,35.0,35.0,35.0,6.0,3.0,6.0,10.0,-1.4758933782577515,-1.5714633464813232,8.0,-0.9547494053840637,-1.6739223003387451,-17.5,0.0,0.0,0.0,0.0,3.0,22.0,22.0,2.0,36.0,36.0,36.0,7.0,1.0,7.0,0.0
11535,0.0,0.0,0.0,0.0,3.0,22.0,22.0,2.0,36.0,36.0,36.0,7.0,1.0,7.0,10.0,-0.2958265542984009,-1.590964674949646,3.0,-1.855629801750183,-1.7680325508117676,-18.2,0.0,0.0,0.0,0.0,4.0,23.0,23.0,1.0,37.0,37.0,37.0,8.0,2.0,8.0,0.0
11536,0.0,0.0,0.0,0.0,4.0,23.0,23.0,1.0,37.0,37.0,37.0,8.0,2.0,8.0,0.0,-1.9239883422851562,-0.8428999781608582,3.0,0.831717312335968,-1.9975659847259521,-20.89875,0.0,0.0,0.831717312335968,0.0,1.0,24.0,24.0,1.0,38.0,38.0,38.0,9.0,3.0,9.0,0.0
11537,0.0,0.0,0.831717312335968,0.0,1.0,24.0,24.0,1.0,38.0,38.0,38.0,9.0,3.0,9.0,0.0,-1.6658496856689453,-1.9551150798797607,3.0,-1.3420262336730957,-1.8687406778335571,-21.39875,0.0,0.0,0.0,0.0,1.0,25.0,25.0,1.0,39.0,39.0,39.0,10.0,4.0,10.0,0.0
11538,0.0,0.0,0.0,0.0,1.0,25.0,25.0,1.0,39.0,39.0,39.0,10.0,4.0,10.0,0.0,-1.958892822265625,-1.407677173614502,3.0,-1.2514572143554688,-1.9794856309890747,-22.19875,0.0,0.0,0.0,0.0,1.0,26.0,26.0,1.0,40.0,40.0,40.0,11.0,5.0,11.0,0.0
11539,0.0,0.0,0.0,0.0,1.0,26.0,26.0,1.0,40.0,40.0,40.0,11.0,5.0,11.0,10.0,-1.4455642700195312,-0.7462940216064453,3.0,-1.817438006401062,-1.9852163791656494,-21.1,0.0,0.0,0.0,0.0,2.0,27.0,27.0,1.0,41.0,41.0,41.0,12.0,6.0,12.0,0.0
11540,0.0,0.0,0.0,0.0,2.0,27.0,27.0,1.0,41.0,41.0,41.0,12.0,6.0,12.0,10.0,-1.9895398616790771,-1.857521653175354,3.0,-1.4228848218917847,-1.977683186531067,-22.0,0.0,0.0,0.0,0.0,3.0,28.0,28.0,1.0,42.0,42.0,42.0,13.0,7.0,13.0,0.0
11541,0.0,0.0,0.0,0.0,3.0,28.0,28.0,1.0,42.0,42.0,42.0,13.0,7.0,13.0,0.0,-1.9811605215072632,-0.13589878380298615,3.0,0.115901879966259,-1.9210551977157593,-24.79875,0.0,0.0,0.115901879966259,0.0,1.0,29.0,29.0,1.0,43.0,43.0,43.0,14.0,8.0,14.0,0.0
11542,0.0,0.0,0.115901879966259,0.0,1.0,29.0,29.0,1.0,43.0,43.0,43.0,14.0,8.0,14.0,0.0,-1.9363049268722534,-1.6165934801101685,3.0,-1.7499152421951294,-1.9595286846160889,-25.39875,0.0,0.0,0.0,0.0,1.0,30.0,30.0,1.0,44.0,44.0,44.0,15.0,9.0,15.0,0.0
11543,0.0,0.0,0.0,0.0,1.0,30.0,30.0,1.0,44.0,44.0,44.0,15.0,9.0,15.0,0.0,-1.8537439107894897,-0.5397845506668091,8.0,-1.332974910736084,-1.9712516069412231,-26.19875,0.0,0.0,0.0,0.0,1.0,31.0,31.0,2.0,45.0,45.0,45.0,16.0,1.0,16.0,0.0
11544,0.0,0.0,0.0,0.0,1.0,31.0,31.0,2.0,45.0,45.0,45.0,16.0,1.0,16.0,0.0,-1.7863496541976929,-0.22179390490055084,3.0,-0.48116323351860046,-1.9910328388214111,-26.19875,0.0,0.0,0.0,0.0,1.0,32.0,32.0,1.0,46.0,46.0,46.0,17.0,2.0,17.0,0.0
11545,0.0,0.0,0.0,0.0,1.0,32.0,32.0,1.0,46.0,46.0,46.0,17.0,2.0,17.0,10.0,-1.9014065265655518,0.5256276726722717,1.0,-0.49386081099510193,-1.9782313108444214,-25.0,0.0,0.5256276726722717,0.0,0.0,2.0,1.0,33.0,2.0,47.0,47.0,47.0,18.0,3.0,18.0,0.0
11546,0.0,0.5256276726722717,0.0,0.0,2.0,1.0,33.0,2.0,47.0,47.0,47.0,18.0,3.0,18.0,0.0,-1.9927841424942017,-1.7813060283660889,3.0,-1.9018385410308838,-1.9864134788513184,-24.69875,0.0,0.0,0.0,0.0,1.0,2.0,34.0,1.0,48.0,48.0,48.0,19.0,4.0,19.0,0.0
11547,0.0,0.0,0.0,0.0,1.0,2.0,34.0,1.0,48.0,48.0,48.0,19.0,4.0,19.0,0.0,-1.9554758071899414,-1.9550913572311401,9.0,-1.573978066444397,-1.9936288595199585,-25.29875,0.0,0.0,0.0,0.0,1.0,3.0,35.0,2.0,49.0,49.0,49.0,20.0,5.0,1.0,0.0
11548,0.0,0.0,0.0,0.0,1.0,3.0,35.0,2.0,49.0,49.0,49.0,20.0,5.0,1.0,7.0,-1.9694277048110962,-1.8825993537902832,3.0,-1.9114375114440918,-1.9872678518295288,-29.25875,0.0,0.0,0.0,0.0,2.0,4.0,36.0,1.0,50.0,50.0,50.0,1.0,6.0,2.0,0.0
11549,0.0,0.0,0.0,0.0,2.0,4.0,36.0,1.0,50.0,50.0,50.0,1.0,6.0,2.0,8.0,-1.9847557544708252,-1.9492651224136353,3.0,-1.6091982126235962,-1.9889428615570068,-32.55375,0.0,0.0,0.0,0.0,3.0,5.0,37.0,1.0,51.0,51.0,51.0,2.0,1.0,3.0,0.0
11550,0.0,0.0,0.0,0.0,3.0,5.0,37.0,1.0,51.0,51.0,51.0,2.0,1.0,3.0,0.0,-1.9894583225250244,-1.93032705783844,3.0,-0.5287307500839233,-1.874800443649292,-23.39875,0.0,0.0,0.0,0.0,1.0,6.0,38.0,1.0,52.0,52.0,52.0,3.0,2.0,4.0,0.0
11551,0.0,0.0,0.0,0.0,1.0,6.0,38.0,1.0,52.0,52.0,52.0,3.0,2.0,4.0,8.0,-1.9876141548156738,-1.7481192350387573,3.0,-1.52658212184906,-1.9548354148864746,-33.45375,0.0,0.0,0.0,0.0,2.0,7.0,39.0,1.0,53.0,53.0,53.0,4.0,1.0,5.0,0.0
11552,0.0,0.0,0.0,0.0,2.0,7.0,39.0,1.0,53.0,53.0,53.0,4.0,1.0,5.0,0.0,-1.9664337635040283,-1.8435227870941162,3.0,-0.58547443151474,-1.9769806861877441,-24.69875,0.0,0.0,0.0,0.0,1.0,8.0,40.0,1.0,54.0,54.0,54.0,5.0,2.0,6.0,0.0
11553,0.0,0.0,0.0,0.0,1.0,8.0,40.0,1.0,54.0,54.0,54.0,5.0,2.0,6.0,8.0,-1.967934250831604,-1.726262092590332,3.0,-1.7183516025543213,-1.9334967136383057,-34.85375,0.0,0.0,0.0,0.0,2.0,9.0,41.0,1.0,55.0,55.0,55.0,6.0,1.0,7.0,0.0
11554,0.0,0.0,0.0,0.0,2.0,9.0,41.0,1.0,55.0,55.0,55.0,6.0,1.0,7.0,0.0,-1.9879909753799438,-1.9062875509262085,3.0,1.992189884185791,-1.8826497793197632,-26.09875,0.0,0.0,1.992189884185791,0.0,1.0,10.0,42.0,1.0,56.0,56.0,56.0,7.0,2.0,8.0,0.0
11555,0.0,0.0,1.992189884185791,0.0,1.0,10.0,42.0,1.0,56.0,56.0,56.0,7.0,2.0,8.0,10.0,-1.9762275218963623,-1.7819101810455322,3.0,-1.7934579849243164,-1.9493770599365234,-24.9,0.0,0.0,0.1987318992614746,0.0,2.0,11.0,43.0,1.0,57.0,57.0,57.0,8.0,3.0,9.0,0.0
11556,0.0,0.0,0.1987318992614746,0.0,2.0,11.0,43.0,1.0,57.0,57.0,57.0,8.0,3.0,9.0,0.0,-1.982443928718567,-1.1478590965270996,3.0,-0.8936144113540649,-1.925173044204712,-27.69875,0.0,0.0,0.0,0.0,1.0,12.0,44.0,1.0,58.0,58.0,58.0,9.0,4.0,10.0,0.0
11557,0.0,0.0,0.0,0.0,1.0,12.0,44.0,1.0,58.0,58.0,58.0,9.0,4.0,10.0,0.0,-1.9852628707885742,-1.8754116296768188,3.0,1.591301679611206,-1.9017558097839355,-28.39875,0.0,0.0,1.591301679611206,0.0,1.0,13.0,45.0,1.0,59.0,59.0,59.0,10.0,5.0,11.0,0.0
11558,0.0,0.0,1.591301679611206,0.0,1.0,13.0,45.0,1.0,59.0,59.0,59.0,10.0,5.0,11.0,0.0,-1.9967228174209595,-1.771367073059082,3.0,-1.9050166606903076,-1.819305658340454,-29.19875,0.0,0.0,0.0,0.0,1.0,14.0,46.0,1.0,60.0,60.0,60.0,11.0,6.0,12.0,0.0
11559,0.0,0.0,0.0,0.0,1.0,14.0,46.0,1.0,60.0,60.0,60.0,11.0,6.0,12.0,0.0,-1.9863204956054688,-1.8440396785736084,3.0,-0.3048461973667145,-1.964097499847412,-29.99875,0.0,0.0,0.0,0.0,1.0,15.0,47.0,1.0,61.0,61.0,61.0,12.0,7.0,13.0,0.0
11560,0.0,0.0,0.0,0.0,1.0,15.0,47.0,1.0,61.0,61.0,61.0,12.0,7.0,13.0,8.0,-1.9822460412979126,-1.8405226469039917,3.0,-1.491166353225708,-1.9376085996627808,-40.25375,0.0,0.0,0.0,0.0,2.0,16.0,48.0,1.0,62.0,62.0,62.0,13.0,1.0,14.0,0.0
11561,0.0,0.0,0.0,0.0,2.0,16.0,48.0,1.0,62.0,62.0,62.0,13.0,1.0,14.0,0.0,-1.9938148260116577,-1.4441745281219482,3.0,0.46582818031311035,-1.8678268194198608,-30.99875,0.0,0.0,0.46582818031311035,0.0,1.0,17.0,49.0,1.0,63.0,63.0,63.0,14.0,2.0,15.0,0.0
11562,0.0,0.0,0.46582818031311035,0.0,1.0,17.0,49.0,1.0,63.0,63.0,63.0,14.0,2.0,15.0,0.0,-1.9785975217819214,-1.5884380340576172,3.0,-1.6149399280548096,-1.881662368774414,-31.69875,0.0,0.0,0.0,0.0,1.0,18.0,50.0,1.0,64.0,64.0,64.0,15.0,3.0,16.0,0.0
11563,0.0,0.0,0.0,0.0,1.0,18.0,50.0,1.0,64.0,64.0,64.0,15.0,3.0,16.0,0.0,-1.9920287132263184,-0.8558976650238037,3.0,-1.5359607934951782,-1.6790096759796143,-32.49875,0.0,0.0,0.0,0.0,1.0,19.0,51.0,1.0,65.0,65.0,65.0,16.0,4.0,17.0,0.0
11564,0.0,0.0,0.0,0.0,1.0,19.0,51.0,1.0,65.0,65.0,65.0,16.0,4.0,17.0,2.0,-1.995987892150879,-1.1949923038482666,3.0,-1.7530388832092285,-1.9139058589935303,-45.69875,0.0,0.0,0.0,0.0,2.0,20.0,1.0,1.0,66.0,66.0,66.0,17.0,5.0,18.0,0.0
11565,0.0,0.0,0.0,0.0,2.0,20.0,1.0,1.0,66.0,66.0,66.0,17.0,5.0,18.0,10.0,-1.9680421352386475,-1.9777026176452637,3.0,-1.7363204956054688,-1.9073495864868164,-27.2,0.0,0.0,0.0,0.0,3.0,21.0,2.0,1.0,67.0,67.0,67.0,18.0,6.0,19.0,0.0
11566,0.0,0.0,0.0,0.0,3.0,21.0,2.0,1.0,67.0,67.0,67.0,18.0,6.0,19.0,10.0,-1.9365788698196411,-1.9718308448791504,3.0,0.37541085481643677,-1.9584039449691772,-28.1,0.0,0.0,0.37541085481643677,0.0,4.0,22.0,3.0,1.0,68.0,68.0,68.0,19.0,7.0,20.0,0.0
11567,0.0,0.0,0.37541085481643677,0.0,4.0,22.0,3.0,1.0,68.0,68.0,68.0,19.0,7.0,20.0,10.0,-1.9563732147216797,1.9079169034957886,3.0,-1.8551310300827026,-1.9732869863510132,-29.0,0.0,1.9079169034957886,0.0,0.0,5.0,23.0,4.0,1.0,69.0,69.0,69.0,20.0,8.0,21.0,0.0
11568,0.0,1.9079169034957886,0.0,0.0,5.0,23.0,4.0,1.0,69.0,69.0,69.0,20.0,8.0,21.0,10.0,-1.9719512462615967,-1.4957579374313354,3.0,-0.21692296862602234,-1.9536672830581665,-29.9,0.0,0.4121589660644531,0.0,0.0,6.0,24.0,5.0,1.0,70.0,70.0,70.0,21.0,9.0,22.0,0.0
11569,0.0,0.4121589660644531,0.0,0.0,6.0,24.0,5.0,1.0,70.0,70.0,70.0,21.0,9.0,22.0,10.0,-1.5435404777526855,-1.300125002861023,3.0,-1.9167546033859253,-1.9890326261520386,-30.8,0.0,0.0,0.0,0.0,7.0,25.0,6.0,1.0,71.0,71.0,71.0,22.0,10.0,23.0,0.0
11570,0.0,0.0,0.0,0.0,7.0,25.0,6.0,1.0,71.0,71.0,71.0,22.0,10.0,23.0,10.0,-1.9906558990478516,-1.9703319072723389,3.0,-0.9560721516609192,-1.9962486028671265,-31.7,0.0,0.0,0.0,0.0,8.0,26.0,7.0,1.0,72.0,72.0,72.0,23.0,11.0,24.0,0.0
11571,0.0,0.0,0.0,0.0,8.0,26.0,7.0,1.0,72.0,72.0,72.0,23.0,11.0,24.0,10.0,-1.7153511047363281,-1.7812477350234985,3.0,-1.2473794221878052,-1.9821951389312744,-32.6,0.0,0.0,0.0,0.0,9.0,27.0,8.0,1.0,73.0,73.0,73.0,24.0,12.0,25.0,0.0
11572,0.0,0.0,0.0,0.0,9.0,27.0,8.0,1.0,73.0,73.0,73.0,24.0,12.0,25.0,0.0,-1.9635963439941406,-1.8932157754898071,3.0,-1.4482381343841553,-1.9904735088348389,-35.39875,0.0,0.0,0.0,0.0,1.0,28.0,9.0,1.0,74.0,74.0,74.0,25.0,13.0,26.0,0.0
11573,0.0,0.0,0.0,0.0,1.0,28.0,9.0,1.0,74.0,74.0,74.0,25.0,13.0,26.0,0.0,-1.8696449995040894,-1.7628215551376343,3.0,-1.8525956869125366,-1.9972068071365356,-35.39875,0.0,0.0,0.0,0.0,1.0,29.0,10.0,1.0,75.0,75.0,75.0,26.0,14.0,27.0,0.0
11574,0.0,0.0,0.0,0.0,1.0,29.0,10.0,1.0,75.0,75.0,75.0,26.0,14.0,27.0,10.0,-1.8997836112976074,-1.9153872728347778,3.0,-1.8053789138793945,-1.9934208393096924,-34.3,0.0,0.0,0.0,0.0,2.0,30.0,11.0,1.0,76.0,76.0,76.0,27.0,15.0,28.0,0.0
11575,0.0,0.0,0.0,0.0,2.0,30.0,11.0,1.0,76.0,76.0,76.0,27.0,15.0,28.0,0.0,-1.902496099472046,-1.9490113258361816,3.0,-1.868912696838379,-1.9336507320404053,-37.09875,0.0,0.0,0.0,0.0,1.0,31.0,12.0,1.0,77.0,77.0,77.0,28.0,16.0,29.0,0.0
11576,0.0,0.0,0.0,0.0,1.0,31.0,12.0,1.0,77.0,77.0,77.0,28.0,16.0,29.0,10.0,-1.6300159692764282,-0.24442005157470703,3.0,-1.978784203529358,-1.9869110584259033,-35.9,0.0,0.0,0.0,0.0,2.0,32.0,13.0,1.0,78.0,78.0,78.0,29.0,17.0,30.0,0.0
11577,0.0,0.0,0.0,0.0,2.0,32.0,13.0,1.0,78.0,78.0,78.0,29.0,17.0,30.0,10.0,-1.7451035976409912,-1.924627423286438,3.0,-1.8809888362884521,-1.9732733964920044,-36.8,0.0,0.0,0.0,0.0,3.0,33.0,14.0,1.0,79.0,79.0,79.0,30.0,18.0,31.0,0.0
11578,0.0,0.0,0.0,0.0,3.0,33.0,14.0,1.0,79.0,79.0,79.0,30.0,18.0,31.0,10.0,-1.9186547994613647,-1.841965913772583,3.0,-0.9555394053459167,-1.779045581817627,-37.7,0.0,0.0,0.0,0.0,4.0,34.0,15.0,1.0,80.0,80.0,80.0,31.0,19.0,32.0,0.0
11579,0.0,0.0,0.0,0.0,4.0,34.0,15.0,1.0,80.0,80.0,80.0,31.0,19.0,32.0,0.0,-1.801244854927063,-1.4158656597137451,3.0,-1.851210117340088,-1.9730061292648315,-40.49875,0.0,0.0,0.0,0.0,1.0,35.0,16.0,1.0,81.0,81.0,81.0,32.0,20.0,33.0,0.0
11580,0.0,0.0,0.0,0.0,1.0,35.0,16.0,1.0,81.0,81.0,81.0,32.0,20.0,33.0,10.0,-1.978042483329773,-1.9423524141311646,3.0,-1.7561907768249512,-1.993678331375122,-39.1,0.0,0.0,0.0,0.0,2.0,36.0,17.0,1.0,82.0,82.0,82.0,33.0,21.0,34.0,0.0
11581,0.0,0.0,0.0,0.0,2.0,36.0,17.0,1.0,82.0,82.0,82.0,33.0,21.0,34.0,0.0,-1.9617713689804077,-1.9007112979888916,3.0,-1.9182038307189941,-1.747829556465149,-41.89875,0.0,0.0,0.0,0.0,1.0,37.0,18.0,1.0,83.0,83.0,83.0,34.0,22.0,35.0,0.0
11582,0.0,0.0,0.0,0.0,1.0,37.0,18.0,1.0,83.0,83.0,83.0,34.0,22.0,35.0,10.0,-1.711498737335205,-1.9544495344161987,3.0,-1.930626630783081,-1.9150108098983765,-40.7,0.0,0.0,0.0,0.0,2.0,38.0,19.0,1.0,84.0,84.0,84.0,35.0,23.0,36.0,0.0
11583,0.0,0.0,0.0,0.0,2.0,38.0,19.0,1.0,84.0,84.0,84.0,35.0,23.0,36.0,0.0,-1.5136383771896362,-1.9888806343078613,3.0,-1.7778799533843994,-1.8810417652130127,-43.49875,0.0,0.0,0.0,0.0,1.0,39.0,20.0,1.0,85.0,85.0,85.0,36.0,24.0,37.0,0.0
11584,0.0,0.0,0.0,0.0,1.0,39.0,20.0,1.0,85.0,85.0,85.0,36.0,24.0,37.0,10.0,-1.917852520942688,-1.916373372077942,3.0,-1.8970553874969482,-1.7970536947250366,-42.3,0.0,0.0,0.0,0.0,2.0,40.0,21.0,1.0,86.0,86.0,86.0,37.0,25.0,38.0,0.0
11585,0.0,0.0,0.0,0.0,2.0,40.0,21.0,1.0,86.0,86.0,86.0,37.0,25.0,38.0,0.0,-1.0603415966033936,-1.7162302732467651,3.0,-1.9246385097503662,-1.9334733486175537,-45.09875,0.0,0.0,0.0,0.0,1.0,41.0,22.0,1.0,87.0,87.0,87.0,38.0,26.0,39.0,0.0
11586,0.0,0.0,0.0,0.0,1.0,41.0,22.0,1.0,87.0,87.0,87.0,38.0,26.0,39.0,10.0,-1.1966029405593872,-1.7599133253097534,3.0,-1.9407529830932617,-1.981082797050476,-43.9,0.0,0.0,0.0,0.0,2.0,42.0,23.0,1.0,88.0,88.0,88.0,39.0,27.0,40.0,0.0
11587,0.0,0.0,0.0,0.0,2.0,42.0,23.0,1.0,88.0,88.0,88.0,39.0,27.0,40.0,10.0,-1.9605683088302612,-1.9754139184951782,3.0,-1.9754995107650757,-1.9703680276870728,-44.8,0.0,0.0,0.0,0.0,3.0,43.0,24.0,1.0,89.0,89.0,89.0,40.0,28.0,41.0,0.0
11588,0.0,0.0,0.0,0.0,3.0,43.0,24.0,1.0,89.0,89.0,89.0,40.0,28.0,41.0,0.0,-1.9656373262405396,-1.9362622499465942,3.0,-1.9484156370162964,-1.9925405979156494,-47.59875,0.0,0.0,0.0,0.0,1.0,44.0,25.0,1.0,90.0,90.0,90.0,41.0,29.0,42.0,0.0
11589,0.0,0.0,0.0,0.0,1.0,44.0,25.0,1.0,90.0,90.0,90.0,41.0,29.0,42.0,0.0,-1.9700478315353394,-1.8900315761566162,3.0,-1.8560528755187988,-1.9854090213775635,-48.19875,0.0,0.0,0.0,0.0,1.0,45.0,26.0,1.0,91.0,91.0,91.0,42.0,30.0,43.0,0.0
11590,0.0,0.0,0.0,0.0,1.0,45.0,26.0,1.0,91.0,91.0,91.0,42.0,30.0,43.0,0.0,-1.765160083770752,-1.9873512983322144,9.0,-1.9613338708877563,-1.9874382019042969,-48.99875,0.0,0.0,0.0,0.0,1.0,46.0,27.0,2.0,92.0,92.0,92.0,43.0,31.0,1.0,0.0
11591,0.0,0.0,0.0,0.0,1.0,46.0,27.0,2.0,92.0,92.0,92.0,43.0,31.0,1.0,0.0,-1.9182686805725098,-1.657705545425415,3.0,-1.9258074760437012,-1.9430896043777466,-45.59875,0.0,0.0,0.0,0.0,1.0,47.0,28.0,1.0,93.0,93.0,93.0,44.0,32.0,2.0,0.0
11592,0.0,0.0,0.0,0.0,1.0,47.0,28.0,1.0,93.0,93.0,93.0,44.0,32.0,2.0,0.0,-1.9487895965576172,-1.8522733449935913,3.0,-1.9211403131484985,-1.9749013185501099,-46.29875,0.0,0.0,0.0,0.0,1.0,48.0,29.0,1.0,94.0,94.0,94.0,45.0,33.0,3.0,0.0
11593,0.0,0.0,0.0,0.0,1.0,48.0,29.0,1.0,94.0,94.0,94.0,45.0,33.0,3.0,0.0,-1.0436079502105713,-1.621580958366394,3.0,-1.9101920127868652,-1.5408291816711426,-47.09875,0.0,0.0,0.0,0.0,1.0,49.0,30.0,1.0,95.0,95.0,95.0,46.0,34.0,4.0,0.0
11594,0.0,0.0,0.0,0.0,1.0,49.0,30.0,1.0,95.0,95.0,95.0,46.0,34.0,4.0,0.0,-1.6832352876663208,-1.6304824352264404,3.0,-1.914967656135559,-1.7912870645523071,-47.89875,0.0,0.0,0.0,0.0,1.0,50.0,31.0,1.0,96.0,96.0,96.0,47.0,35.0,5.0,0.0
11595,0.0,0.0,0.0,0.0,1.0,50.0,31.0,1.0,96.0,96.0,96.0,47.0,35.0,5.0,0.0,-0.19073660671710968,-0.29248160123825073,3.0,-1.9551125764846802,-1.9393233060836792,-48.69875,0.0,0.0,0.0,0.0,1.0,51.0,32.0,1.0,97.0,97.0,97.0,48.0,36.0,6.0,0.0
11596,0.0,0.0,0.0,0.0,1.0,51.0,32.0,1.0,97.0,97.0,97.0,48.0,36.0,6.0,0.0,-1.4720356464385986,-0.8599720001220703,3.0,-1.9507187604904175,-1.939932942390442,-49.49875,0.0,0.0,0.0,0.0,1.0,52.0,33.0,1.0,98.0,98.0,98.0,49.0,37.0,7.0,0.0
11597,0.0,0.0,0.0,0.0,1.0,52.0,33.0,1.0,98.0,98.0,98.0,49.0,37.0,7.0,0.0,-1.9553773403167725,-1.620659589767456,3.0,-1.9286603927612305,-1.953722596168518,-50.29875,0.0,0.0,0.0,0.0,1.0,53.0,34.0,1.0,99.0,99.0,99.0,50.0,38.0,8.0,0.0
11598,0.0,0.0,0.0,0.0,1.0,53.0,34.0,1.0,99.0,99.0,99.0,50.0,38.0,8.0,0.0,-1.7017343044281006,-1.6252886056900024,3.0,-1.9323668479919434,-1.5261648893356323,-51.09875,0.0,0.0,0.0,0.0,1.0,54.0,35.0,1.0,100.0,100.0,100.0,51.0,39.0,9.0,0.0
11599,0.0,0.0,0.0,0.0,1.0,54.0,35.0,1.0,100.0,100.0,100.0,51.0,39.0,9.0,0.0,-1.3329339027404785,-0.7458769083023071,3.0,-1.9228389263153076,-1.2364044189453125,-51.59875,0.0,0.0,0.0,0.0,1.0,55.0,36.0,1.0,100.0,100.0,100.0,52.0,40.0,10.0,1.0
11600,6.544693470001221,9.252612113952637,1.6032322645187378,4.86738920211792,1.0,1.0,1.0,1.0,1.0,1.0,1.0,1.0,1.0,1.0,8.0,-0.9711147546768188,-1.9887489080429077,3.0,-1.114702820777893,-1.7976123094558716,-2.5474461366210104,5.573578715324402,7.263863205909729,0.4885294437408447,3.0697768926620483,2.0,2.0,2.0,1.0,2.0,2.0,2.0,2.0,1.0,2.0,0.0
11601,5.573578715324402,7.263863205909729,0.4885294437408447,3.0697768926620483,2.0,2.0,2.0,1.0,2.0,2.0,2.0,2.0,1.0,2.0,8.0,-1.955277919769287,-1.9146028757095337,8.0,-1.8578494787216187,-1.952595591545105,-3.694563188538287,3.6183007955551147,5.349260330200195,0.0,1.1171813011169434,3.0,3.0,3.0,2.0,3.0,3.0,3.0,3.0,1.0,3.0,0.0
11602,3.6183007955551147,5.349260330200195,0.0,1.1171813011169434,3.0,3.0,3.0,2.0,3.0,3.0,3.0,3.0,1.0,3.0,8.0,-1.6730854511260986,-1.2626121044158936,3.0,-1.8002179861068726,-1.9278969764709473,-6.31533209887327,1.9452153444290161,4.086648225784302,0.0,0.0,4.0,4.0,4.0,1.0,4.0,4.0,4.0,4.0,1.0,4.0,0.0
11603,1.9452153444290161,4.086648225784302,0.0,0.0,4.0,4.0,4.0,1.0,4.0,4.0,4.0,4.0,1.0,4.0,7.0,-1.9141621589660645,-1.5510880947113037,1.0,-1.7486823797225952,-1.9643163681030273,-11.406808759844742,0.03105318546295166,2.535560131072998,0.0,0.0,5.0,1.0,5.0,2.0,5.0,5.0,5.0,1.0,2.0,5.0,0.0
11604,0.03105318546295166,2.535560131072998,0.0,0.0,5.0,1.0,5.0,2.0,5.0,5.0,5.0,1.0,2.0,5.0,2.0,-1.2734291553497314,-1.9709771871566772,0.0,-1.2986246347427368,-1.9445130825042725,-17.723011866288576,0.0,0.5645829439163208,0.0,0.0,1.0,2.0,1.0,3.0,6.0,6.0,6.0,2.0,3.0,6.0,0.0
11605,0.0,0.5645829439163208,0.0,0.0,1.0,2.0,1.0,3.0,6.0,6.0,6.0,2.0,3.0,6.0,3.0,-1.7822121381759644,-1.573164463043213,3.0,-1.1633304357528687,-1.7926537990570068,-11.458749999999998,0.0,0.0,0.0,0.0,2.0,3.0,2.0,1.0,7.0,7.0,7.0,3.0,4.0,7.0,0.0
11606,0.0,0.0,0.0,0.0,2.0,3.0,2.0,1.0,7.0,7.0,7.0,3.0,4.0,7.0,10.0,-1.956769347190857,-0.04210517555475235,3.0,-1.8314961194992065,-1.5110145807266235,-5.3,0.0,0.0,0.0,0.0,3.0,4.0,3.0,1.0,8.0,8.0,8.0,4.0,5.0,8.0,0.0
11607,0.0,0.0,0.0,0.0,3.0,4.0,3.0,1.0,8.0,8.0,8.0,4.0,5.0,8.0,10.0,-1.4595108032226562,-1.873138427734375,3.0,-1.5178364515304565,-1.8861217498779297,-6.2,0.0,0.0,0.0,0.0,4.0,5.0,4.0,1.0,9.0,9.0,9.0,5.0,6.0,9.0,0.0
11608,0.0,0.0,0.0,0.0,4.0,5.0,4.0,1.0,9.0,9.0,9.0,5.0,6.0,9.0,9.0,-1.67710280418396,-1.675399661064148,9.0,-1.8682193756103516,-1.7650442123413086,-9.618749999999999,0.0,0.0,0.0,0.0,5.0,6.0,5.0,2.0,10.0,10.0,10.0,6.0,7.0,1.0,0.0
11609,0.0,0.0,0.0,0.0,5.0,6.0,5.0,2.0,10.0,10.0,10.0,6.0,7.0,1.0,2.0,-1.9276723861694336,-1.822677493095398,3.0,-1.947503924369812,-1.1191234588623047,-21.498749999999998,0.0,0.0,0.0,0.0,6.0,7.0,1.0,1.0,11.0,11.0,11.0,7.0,8.0,2.0,0.0
11610,0.0,0.0,0.0,0.0,6.0,7.0,1.0,1.0,11.0,11.0,11.0,7.0,8.0,2.0,9.0,-1.163240909576416,-1.7770085334777832,0.0,-0.8253927230834961,-1.6394011974334717,-10.018749999999999,0.0,0.0,0.0,0.0,1.0,8.0,2.0,2.0,12.0,12.0,12.0,8.0,9.0,1.0,0.0
11611,0.0,0.0,0.0,0.0,1.0,8.0,2.0,2.0,12.0,12.0,12.0,8.0,9.0,1.0,9.0,-1.8883742094039917,-0.15903182327747345,10.0,-1.1314069032669067,-0.7468889951705933,-10.21875,0.0,0.0,0.0,0.0,2.0,9.0,3.0,3.0,13.0,13.0,13.0,9.0,10.0,1.0,0.0
11612,0.0,0.0,0.0,0.0,2.0,9.0,3.0,3.0,13.0,13.0,13.0,9.0,10.0,1.0,10.0,-1.7002657651901245,-1.6674741506576538,3.0,-1.1603302955627441,-1.370202898979187,-8.6,0.0,0.0,0.0,0.0,3.0,10.0,4.0,1.0,14.0,14.0,14.0,10.0,11.0,2.0,0.0
11613,0.0,0.0,0.0,0.0,3.0,10.0,4.0,1.0,14.0,14.0,14.0,10.0,11.0,2.0,7.0,-1.0246734619140625,-1.9175664186477661,9.0,-1.3062478303909302,-1.6830779314041138,-16.15875,0.0,0.0,0.0,0.0,4.0,11.0,5.0,2.0,15.0,15.0,15.0,1.0,12.0,1.0,0.0
11614,0.0,0.0,0.0,0.0,4.0,11.0,5.0,2.0,15.0,15.0,15.0,1.0,12.0,1.0,10.0,-0.8797134757041931,-0.885429322719574,3.0,-1.036961317062378,-1.8424543142318726,-9.1,0.0,0.0,0.0,0.0,5.0,12.0,6.0,1.0,16.0,16.0,16.0,2.0,13.0,2.0,0.0
11615,0.0,0.0,0.0,0.0,5.0,12.0,6.0,1.0,16.0,16.0,16.0,2.0,13.0,2.0,2.0,-1.8474851846694946,-1.9125713109970093,3.0,-1.1554228067398071,-1.512241244316101,-24.198749999999997,0.0,0.0,0.0,0.0,6.0,13.0,1.0,1.0,17.0,17.0,17.0,3.0,14.0,3.0,0.0
11616,0.0,0.0,0.0,0.0,6.0,13.0,1.0,1.0,17.0,17.0,17.0,3.0,14.0,3.0,8.0,-1.903049349784851,-1.9274330139160156,3.0,-1.7549346685409546,-1.9382610321044922,-21.55375,0.0,0.0,0.0,0.0,7.0,14.0,2.0,1.0,18.0,18.0,18.0,4.0,1.0,4.0,0.0
11617,0.0,0.0,0.0,0.0,7.0,14.0,2.0,1.0,18.0,18.0,18.0,4.0,1.0,4.0,10.0,-1.8782284259796143,-1.7400603294372559,3.0,-1.5779757499694824,-1.8790777921676636,-9.7,0.0,0.0,0.0,0.0,8.0,15.0,3.0,1.0,19.0,19.0,19.0,5.0,2.0,5.0,0.0
11618,0.0,0.0,0.0,0.0,8.0,15.0,3.0,1.0,19.0,19.0,19.0,5.0,2.0,5.0,9.0,-1.0301162004470825,-1.3860317468643188,3.0,-0.9002777338027954,-1.9220893383026123,-13.118749999999999,0.0,0.0,0.0,0.0,9.0,16.0,4.0,1.0,20.0,20.0,20.0,6.0,3.0,1.0,0.0
11619,0.0,0.0,0.0,0.0,9.0,16.0,4.0,1.0,20.0,20.0,20.0,6.0,3.0,1.0,10.0,-1.978165626525879,-0.8647660613059998,3.0,-1.6487160921096802,-1.7542165517807007,-11.0,0.0,0.0,0.0,0.0,10.0,17.0,5.0,1.0,21.0,21.0,21.0,7.0,4.0,2.0,0.0
11620,0.0,0.0,0.0,0.0,10.0,17.0,5.0,1.0,21.0,21.0,21.0,7.0,4.0,2.0,10.0,-1.8836259841918945,-1.0886778831481934,3.0,-1.8824275732040405,-1.8464356660842896,-11.9,0.0,0.0,0.0,0.0,11.0,18.0,6.0,1.0,22.0,22.0,22.0,8.0,5.0,3.0,0.0
11621,0.0,0.0,0.0,0.0,11.0,18.0,6.0,1.0,22.0,22.0,22.0,8.0,5.0,3.0,0.0,-1.7067604064941406,-1.6297725439071655,3.0,-0.24470363557338715,-1.9735440015792847,-14.69875,0.0,0.0,0.0,0.0,1.0,19.0,7.0,1.0,23.0,23.0,23.0,9.0,6.0,4.0,0.0
11622,0.0,0.0,0.0,0.0,1.0,19.0,7.0,1.0,23.0,23.0,23.0,9.0,6.0,4.0,0.0,-0.7996330857276917,1.1176968812942505,3.0,0.2698904573917389,-1.9609001874923706,-14.172654129558682,0.0,1.1176968812942505,0.2698904573917389,0.0,1.0,20.0,8.0,1.0,24.0,24.0,24.0,10.0,7.0,5.0,0.0
11623,0.0,1.1176968812942505,0.2698904573917389,0.0,1.0,20.0,8.0,1.0,24.0,24.0,24.0,10.0,7.0,5.0,10.0,-1.6831481456756592,-1.3118879795074463,3.0,-1.6926404237747192,-1.9703824520111084,-13.4,0.0,0.0,0.0,0.0,2.0,21.0,9.0,1.0,25.0,25.0,25.0,11.0,8.0,6.0,0.0
11624,0.0,0.0,0.0,0.0,2.0,21.0,9.0,1.0,25.0,25.0,25.0,11.0,8.0,6.0,10.0,0.4307444095611572,-0.6082462072372437,9.0,-1.8151243925094604,-1.8403364419937134,-14.3,0.4307444095611572,0.0,0.0,0.0,3.0,22.0,10.0,2.0,26.0,26.0,26.0,12.0,9.0,1.0,0.0
11625,0.4307444095611572,0.0,0.0,0.0,3.0,22.0,10.0,2.0,26.0,26.0,26.0,12.0,9.0,1.0,10.0,-0.3092077076435089,-1.0141205787658691,3.0,-0.8938583731651306,-1.9687767028808594,-14.7,0.12153670191764832,0.0,0.0,0.0,4.0,23.0,11.0,1.0,27.0,27.0,27.0,13.0,10.0,2.0,0.0
11626,0.12153670191764832,0.0,0.0,0.0,4.0,23.0,11.0,1.0,27.0,27.0,27.0,13.0,10.0,2.0,0.0,-1.297689437866211,-1.4020074605941772,3.0,-0.944263219833374,-1.8009546995162964,-17.39875,0.0,0.0,0.0,0.0,1.0,24.0,12.0,1.0,28.0,28.0,28.0,14.0,11.0,3.0,0.0
11627,0.0,0.0,0.0,0.0,1.0,24.0,12.0,1.0,28.0,28.0,28.0,14.0,11.0,3.0,8.0,-1.8041367530822754,-1.3392914533615112,3.0,-1.7849656343460083,-1.7827680110931396,-27.353749999999998,0.0,0.0,0.0,0.0,2.0,25.0,13.0,1.0,29.0,29.0,29.0,15.0,1.0,4.0,0.0
11628,0.0,0.0,0.0,0.0,2.0,25.0,13.0,1.0,29.0,29.0,29.0,15.0,1.0,4.0,0.0,-1.5901405811309814,-0.5313377380371094,9.0,-1.3924838304519653,-1.906970500946045,-17.69875,0.0,0.0,0.0,0.0,1.0,26.0,14.0,2.0,30.0,30.0,30.0,16.0,2.0,1.0,0.0
11629,0.0,0.0,0.0,0.0,1.0,26.0,14.0,2.0,30.0,30.0,30.0,16.0,2.0,1.0,0.0,-1.0018812417984009,-1.0660101175308228,3.0,-1.7751622200012207,-1.9593735933303833,-18.09875,0.0,0.0,0.0,0.0,1.0,27.0,15.0,1.0,31.0,31.0,31.0,17.0,3.0,2.0,0.0
11630,0.0,0.0,0.0,0.0,1.0,27.0,15.0,1.0,31.0,31.0,31.0,17.0,3.0,2.0,0.0,-0.16771994531154633,0.788831889629364,9.0,-1.928134799003601,-1.632861852645874,-18.52839281258726,0.0,0.788831889629364,0.0,0.0,1.0,28.0,16.0,2.0,32.0,32.0,32.0,18.0,4.0,1.0,0.0
11631,0.0,0.788831889629364,0.0,0.0,1.0,28.0,16.0,2.0,32.0,32.0,32.0,18.0,4.0,1.0,0.0,-0.228251650929451,-1.8781412839889526,3.0,-0.8890851140022278,-1.8460944890975952,-19.49875,0.0,0.0,0.0,0.0,1.0,29.0,17.0,1.0,33.0,33.0,33.0,19.0,5.0,2.0,0.0
11632,0.0,0.0,0.0,0.0,1.0,29.0,17.0,1.0,33.0,33.0,33.0,19.0,5.0,2.0,10.0,-0.5148877501487732,-1.9128684997558594,3.0,-1.8059130907058716,-1.9238677024841309,-18.3,0.0,0.0,0.0,0.0,2.0,30.0,18.0,1.0,34.0,34.0,34.0,20.0,6.0,3.0,0.0
11633,0.0,0.0,0.0,0.0,2.0,30.0,18.0,1.0,34.0,34.0,34.0,20.0,6.0,3.0,0.0,-0.6781886219978333,-1.0492032766342163,3.0,-1.1941654682159424,-1.6794713735580444,-21.09875,0.0,0.0,0.0,0.0,1.0,31.0,19.0,1.0,35.0,35.0,35.0,21.0,7.0,4.0,0.0
11634,0.0,0.0,0.0,0.0,1.0,31.0,19.0,1.0,35.0,35.0,35.0,21.0,7.0,4.0,0.0,-1.482691764831543,-1.1839672327041626,3.0,-0.9544301629066467,-1.8424944877624512,-21.79875,0.0,0.0,0.0,0.0,1.0,32.0,20.0,1.0,36.0,36.0,36.0,22.0,8.0,5.0,0.0
11635,0.0,0.0,0.0,0.0,1.0,32.0,20.0,1.0,36.0,36.0,36.0,22.0,8.0,5.0,2.0,-1.8587684631347656,-1.1546471118927002,10.0,-1.4477308988571167,-1.960578203201294,-34.998749999999994,0.0,0.0,0.0,0.0,2.0,33.0,1.0,2.0,37.0,37.0,37.0,23.0,9.0,6.0,0.0
11636,0.0,0.0,0.0,0.0,2.0,33.0,1.0,2.0,37.0,37.0,37.0,23.0,9.0,6.0,0.0,-1.6141259670257568,-1.7256081104278564,3.0,-1.2019972801208496,-1.1533288955688477,-21.59875,0.0,0.0,0.0,0.0,1.0,34.0,2.0,1.0,38.0,38.0,38.0,24.0,10.0,7.0,0.0
11637,0.0,0.0,0.0,0.0,1.0,34.0,2.0,1.0,38.0,38.0,38.0,24.0,10.0,7.0,0.0,-1.9504730701446533,1.579256296157837,3.0,-1.6118433475494385,-1.750214695930481,-21.850973641874504,0.0,1.579256296157837,0.0,0.0,1.0,35.0,3.0,1.0,39.0,39.0,39.0,25.0,11.0,8.0,0.0
11638,0.0,1.579256296157837,0.0,0.0,1.0,35.0,3.0,1.0,39.0,39.0,39.0,25.0,11.0,8.0,0.0,-0.9795558452606201,0.5742665529251099,3.0,-1.2708065509796143,-1.5295301675796509,-22.71619927771239,0.0,2.1535228490829468,0.0,0.0,1.0,36.0,4.0,1.0,40.0,40.0,40.0,26.0,12.0,9.0,0.0
11639,0.0,2.1535228490829468,0.0,0.0,1.0,36.0,4.0,1.0,40.0,40.0,40.0,26.0,12.0,9.0,0.0,-1.8343631029129028,-0.8664802312850952,3.0,-1.3825560808181763,-1.8784165382385254,-23.45702938122833,0.0,1.2870426177978516,0.0,0.0,1.0,37.0,5.0,1.0,41.0,41.0,41.0,27.0,13.0,10.0,0.0
11640,0.0,1.2870426177978516,0.0,0.0,1.0,37.0,5.0,1.0,41.0,41.0,41.0,27.0,13.0,10.0,0.0,-1.8238348960876465,-1.7808117866516113,3.0,-1.2505186796188354,-1.8539105653762817,-24.59875,0.0,0.0,0.0,0.0,1.0,38.0,6.0,1.0,42.0,42.0,42.0,28.0,14.0,11.0,0.0
11641,0.0,0.0,0.0,0.0,1.0,38.0,6.0,1.0,42.0,42.0,42.0,28.0,14.0,11.0,0.0,-1.629122257232666,-0.9066047072410583,3.0,-1.4317313432693481,-1.9154225587844849,-25.39875,0.0,0.0,0.0,0.0,1.0,39.0,7.0,1.0,43.0,43.0,43.0,29.0,15.0,12.0,0.0
11642,0.0,0.0,0.0,0.0,1.0,39.0,7.0,1.0,43.0,43.0,43.0,29.0,15.0,12.0,0.0,-1.7988243103027344,-1.7249562740325928,9.0,-0.6646022200584412,-1.5103808641433716,-26.19875,0.0,0.0,0.0,0.0,1.0,40.0,8.0,2.0,44.0,44.0,44.0,30.0,16.0,1.0,0.0
11643,0.0,0.0,0.0,0.0,1.0,40.0,8.0,2.0,44.0,44.0,44.0,30.0,16.0,1.0,0.0,-1.3207706212997437,-1.7670220136642456,3.0,0.765482485294342,-0.8187496066093445,-25.89875,0.0,0.0,0.765482485294342,0.0,1.0,41.0,9.0,1.0,45.0,45.0,45.0,31.0,17.0,2.0,0.0
11644,0.0,0.0,0.765482485294342,0.0,1.0,41.0,9.0,1.0,45.0,45.0,45.0,31.0,17.0,2.0,0.0,-0.7616487741470337,0.7175617218017578,3.0,1.7889336347579956,-1.5376360416412354,-26.344892497174424,0.0,0.7175617218017578,2.5544161200523376,0.0,1.0,42.0,10.0,1.0,46.0,46.0,46.0,32.0,18.0,3.0,0.0
11645,0.0,0.7175617218017578,2.5544161200523376,0.0,1.0,42.0,10.0,1.0,46.0,46.0,46.0,32.0,18.0,3.0,0.0,-1.5614521503448486,0.16377931833267212,3.0,-1.0616698265075684,-1.8245995044708252,-27.109324530836403,0.0,0.8813410401344299,1.4927462935447693,0.0,1.0,43.0,11.0,1.0,47.0,47.0,47.0,33.0,19.0,4.0,0.0
11646,0.0,0.8813410401344299,1.4927462935447693,0.0,1.0,43.0,11.0,1.0,47.0,47.0,47.0,33.0,19.0,4.0,0.0,-1.7573133707046509,-0.7293538451194763,3.0,1.093900442123413,-1.600464105606079,-28.131656470972565,0.0,0.1519871950149536,2.5866467356681824,0.0,1.0,44.0,12.0,1.0,48.0,48.0,48.0,34.0,20.0,5.0,0.0
11647,0.0,0.1519871950149536,2.5866467356681824,0.0,1.0,44.0,12.0,1.0,48.0,48.0,48.0,34.0,20.0,5.0,0.0,-1.5989028215408325,-0.9172876477241516,3.0,0.45445552468299866,-1.9860001802444458,-28.99875,0.0,0.0,3.041102260351181,0.0,1.0,45.0,13.0,1.0,49.0,49.0,49.0,35.0,21.0,6.0,0.0
11648,0.0,0.0,3.041102260351181,0.0,1.0,45.0,13.0,1.0,49.0,49.0,49.0,35.0,21.0,6.0,0.0,-1.936774730682373,-1.772535800933838,3.0,-1.7606256008148193,-0.6670900583267212,-29.79875,0.0,0.0,1.2804766595363617,0.0,1.0,46.0,14.0,1.0,50.0,50.0,50.0,36.0,22.0,7.0,0.0
11649,0.0,0.0,1.2804766595363617,0.0,1.0,46.0,14.0,1.0,50.0,50.0,50.0,36.0,22.0,7.0,0.0,-1.936388611793518,-1.7046602964401245,9.0,-1.4036610126495361,-1.3841538429260254,-30.59875,0.0,0.0,0.0,0.0,1.0,47.0,15.0,2.0,51.0,51.0,51.0,37.0,23.0,1.0,0.0
11650,0.0,0.0,0.0,0.0,1.0,47.0,15.0,2.0,51.0,51.0,51.0,37.0,23.0,1.0,0.0,-1.860621690750122,-0.27654024958610535,9.0,-1.5916355848312378,-0.576831579208374,-30.79875,0.0,0.0,0.0,0.0,1.0,48.0,16.0,3.0,52.0,52.0,52.0,38.0,24.0,1.0,0.0
11651,0.0,0.0,0.0,0.0,1.0,48.0,16.0,3.0,52.0,52.0,52.0,38.0,24.0,1.0,10.0,-1.239189624786377,1.468194842338562,3.0,-0.9575395584106445,-1.3653355836868286,-29.7,0.0,1.468194842338562,0.0,0.0,2.0,49.0,17.0,1.0,53.0,53.0,53.0,39.0,25.0,2.0,0.0
11652,0.0,1.468194842338562,0.0,0.0,2.0,49.0,17.0,1.0,53.0,53.0,53.0,39.0,25.0,2.0,0.0,-1.5353567600250244,0.5812546610832214,3.0,-0.12594226002693176,-1.9303650856018066,-31.99679368730562,0.0,2.0494495034217834,0.0,0.0,1.0,50.0,18.0,1.0,54.0,54.0,54.0,40.0,26.0,3.0,0.0
11653,0.0,2.0494495034217834,0.0,0.0,1.0,50.0,18.0,1.0,54.0,54.0,54.0,40.0,26.0,3.0,0.0,-0.5616976618766785,-1.69684898853302,3.0,-0.8347474336624146,-0.4392499029636383,-32.8540614646572,0.0,0.3526005148887634,0.0,0.0,1.0,51.0,19.0,1.0,55.0,55.0,55.0,41.0,27.0,4.0,0.0
11654,0.0,0.3526005148887634,0.0,0.0,1.0,51.0,19.0,1.0,55.0,55.0,55.0,41.0,27.0,4.0,0.0,-1.5471454858779907,-1.7338017225265503,3.0,-0.5295880436897278,0.9965308904647827,-33.79875,0.0,0.0,0.0,0.9965308904647827,1.0,52.0,20.0,1.0,56.0,56.0,56.0,42.0,28.0,5.0,0.0
11655,0.0,0.0,0.0,0.9965308904647827,1.0,52.0,20.0,1.0,56.0,56.0,56.0,42.0,28.0,5.0,0.0,-1.7314293384552002,-1.8307039737701416,9.0,-1.4856921434402466,-1.881516695022583,-34.59875,0.0,0.0,0.0,0.0,1.0,53.0,21.0,2.0,57.0,57.0,57.0,43.0,29.0,1.0,0.0
11656,0.0,0.0,0.0,0.0,1.0,53.0,21.0,2.0,57.0,57.0,57.0,43.0,29.0,1.0,0.0,0.04340574890375137,-1.268945336341858,3.0,-1.1531041860580444,-0.8760497570037842,-34.958674682670384,0.04340574890375137,0.0,0.0,0.0,1.0,54.0,22.0,1.0,58.0,58.0,58.0,44.0,30.0,2.0,0.0
11657,0.04340574890375137,0.0,0.0,0.0,1.0,54.0,22.0,1.0,58.0,58.0,58.0,44.0,30.0,2.0,0.0,-1.783589243888855,-0.16331233084201813,3.0,-1.6991666555404663,-0.9720085859298706,-35.69875,0.0,0.0,0.0,0.0,1.0,55.0,23.0,1.0,59.0,59.0,59.0,45.0,31.0,3.0,0.0
11658,0.0,0.0,0.0,0.0,1.0,55.0,23.0,1.0,59.0,59.0,59.0,45.0,31.0,3.0,0.0,-1.9094793796539307,-0.931262195110321,3.0,-1.011961579322815,-0.1397135853767395,-36.49875,0.0,0.0,0.0,0.0,1.0,56.0,24.0,1.0,60.0,60.0,60.0,46.0,32.0,4.0,0.0
11659,0.0,0.0,0.0,0.0,1.0,56.0,24.0,1.0,60.0,60.0,60.0,46.0,32.0,4.0,0.0,-1.7154979705810547,0.4442266821861267,9.0,-1.039561152458191,-1.3180978298187256,-37.122771881284194,0.0,0.4442266821861267,0.0,0.0,1.0,57.0,25.0,2.0,61.0,61.0,61.0,47.0,33.0,1.0,0.0
11660,0.0,0.4442266821861267,0.0,0.0,1.0,57.0,25.0,2.0,61.0,61.0,61.0,47.0,33.0,1.0,0.0,-1.885071873664856,0.6383696794509888,3.0,-1.7348445653915405,-1.1052026748657227,-37.47700499858438,0.0,1.0825963616371155,0.0,0.0,1.0,58.0,26.0,1.0,62.0,62.0,62.0,48.0,34.0,2.0,0.0
11661,0.0,1.0825963616371155,0.0,0.0,1.0,58.0,26.0,1.0,62.0,62.0,62.0,48.0,34.0,2.0,0.0,-1.966727375984192,1.6752433776855469,3.0,-0.12413474917411804,1.2447322607040405,-38.39523492552199,0.0,2.7578397393226624,0.0,1.2447322607040405,1.0,59.0,27.0,1.0,63.0,63.0,63.0,49.0,35.0,3.0,0.0
11662,0.0,2.7578397393226624,0.0,1.2447322607040405,1.0,59.0,27.0,1.0,63.0,63.0,63.0,49.0,35.0,3.0,0.0,-0.19977837800979614,0.9991762638092041,3.0,-1.3824434280395508,-1.4896022081375122,-39.739588791950965,0.0,3.7570160031318665,0.0,0.0,1.0,60.0,28.0,1.0,64.0,64.0,64.0,50.0,36.0,4.0,0.0
11663,0.0,3.7570160031318665,0.0,0.0,1.0,60.0,28.0,1.0,64.0,64.0,64.0,50.0,36.0,4.0,0.0,-1.9482293128967285,0.09125793725252151,3.0,-1.3587003946304321,-1.0813331604003906,-40.60473052735871,0.0,3.848273940384388,0.0,0.0,1.0,61.0,29.0,1.0,65.0,65.0,65.0,51.0,37.0,5.0,0.0
11664,0.0,3.848273940384388,0.0,0.0,1.0,61.0,29.0,1.0,65.0,65.0,65.0,51.0,37.0,5.0,0.0,-0.6184932589530945,-0.6937022805213928,3.0,-1.763482928276062,-1.948049545288086,-40.97432914353138,0.0,3.154571659862995,0.0,0.0,1.0,62.0,30.0,1.0,66.0,66.0,66.0,52.0,38.0,6.0,0.0
11665,0.0,3.154571659862995,0.0,0.0,1.0,62.0,30.0,1.0,66.0,66.0,66.0,52.0,38.0,6.0,0.0,-1.8926637172698975,-1.8398356437683105,3.0,-0.41290396451950073,1.4166735410690308,-41.35532002527853,0.0,1.3147360160946846,0.0,1.4166735410690308,1.0,63.0,31.0,1.0,67.0,67.0,67.0,53.0,39.0,7.0,0.0
11666,0.0,1.3147360160946846,0.0,1.4166735410690308,1.0,63.0,31.0,1.0,67.0,67.0,67.0,53.0,39.0,7.0,0.0,-0.286313533782959,0.45741719007492065,3.0,-1.8970420360565186,-1.4669246673583984,-42.161480441982405,0.0,1.7721532061696053,0.0,0.0,1.0,64.0,32.0,1.0,68.0,68.0,68.0,54.0,40.0,8.0,0.0
11667,0.0,1.7721532061696053,0.0,0.0,1.0,64.0,32.0,1.0,68.0,68.0,68.0,54.0,40.0,8.0,0.0,-1.990822196006775,-1.9281914234161377,3.0,-1.0118004083633423,1.3070417642593384,-43.29875,0.0,0.0,0.0,1.3070417642593384,1.0,65.0,33.0,1.0,69.0,69.0,69.0,55.0,41.0,9.0,0.0
11668,0.0,0.0,0.0,1.3070417642593384,1.0,65.0,33.0,1.0,69.0,69.0,69.0,55.0,41.0,9.0,0.0,-1.966854214668274,-1.5816750526428223,3.0,-1.8915905952453613,-1.6791255474090576,-44.09875,0.0,0.0,0.0,0.0,1.0,66.0,34.0,1.0,70.0,70.0,70.0,56.0,42.0,10.0,0.0
11669,0.0,0.0,0.0,0.0,1.0,66.0,34.0,1.0,70.0,70.0,70.0,56.0,42.0,10.0,7.0,-1.9365330934524536,-1.2250537872314453,3.0,-1.2444649934768677,1.3000138998031616,-49.85875,0.0,0.0,0.0,1.3000138998031616,2.0,67.0,35.0,1.0,71.0,71.0,71.0,1.0,43.0,11.0,0.0
11670,0.0,0.0,0.0,1.3000138998031616,2.0,67.0,35.0,1.0,71.0,71.0,71.0,1.0,43.0,11.0,8.0,-1.9651331901550293,-1.9496939182281494,3.0,1.2498599290847778,-1.6633769273757935,-49.653749999999995,0.0,0.0,1.2498599290847778,0.0,3.0,68.0,36.0,1.0,72.0,72.0,72.0,2.0,1.0,12.0,0.0
11671,0.0,0.0,1.2498599290847778,0.0,3.0,68.0,36.0,1.0,72.0,72.0,72.0,2.0,1.0,12.0,0.0,-1.9722498655319214,-1.0256818532943726,3.0,0.7229639291763306,-1.8868603706359863,-36.79875,0.0,0.0,1.9728238582611084,0.0,1.0,69.0,37.0,1.0,73.0,73.0,73.0,3.0,2.0,13.0,0.0
11672,0.0,0.0,1.9728238582611084,0.0,1.0,69.0,37.0,1.0,73.0,73.0,73.0,3.0,2.0,13.0,0.0,-1.9583797454833984,-1.660909652709961,3.0,0.3373183012008667,-1.9912357330322266,-37.39875,0.0,0.0,2.310142159461975,0.0,1.0,70.0,38.0,1.0,74.0,74.0,74.0,4.0,3.0,14.0,0.0
11673,0.0,0.0,2.310142159461975,0.0,1.0,70.0,38.0,1.0,74.0,74.0,74.0,4.0,3.0,14.0,0.0,-1.8904961347579956,-1.67117440700531,3.0,0.05429161712527275,-0.4351268708705902,-38.19875,0.0,0.0,2.364433776587248,0.0,1.0,71.0,39.0,1.0,75.0,75.0,75.0,5.0,4.0,15.0,0.0
11674,0.0,0.0,2.364433776587248,0.0,1.0,71.0,39.0,1.0,75.0,75.0,75.0,5.0,4.0,15.0,0.0,-1.9834764003753662,-1.890936255455017,3.0,1.2187345027923584,0.01662609353661537,-38.99875,0.0,0.0,3.5831682793796062,0.01662609353661537,1.0,72.0,40.0,1.0,76.0,76.0,76.0,6.0,5.0,16.0,0.0
11675,0.0,0.0,3.5831682793796062,0.01662609353661537,1.0,72.0,40.0,1.0,76.0,76.0,76.0,6.0,5.0,16.0,0.0,-1.9966537952423096,-1.5332595109939575,3.0,1.1555753946304321,-0.36741903424263,-39.79875,0.0,0.0,4.738743674010038,0.0,1.0,73.0,41.0,1.0,77.0,77.0,77.0,7.0,6.0,17.0,0.0
11676,0.0,0.0,4.738743674010038,0.0,1.0,73.0,41.0,1.0,77.0,77.0,77.0,7.0,6.0,17.0,0.0,-1.893786072731018,-0.7517752051353455,1.0,-0.599890947341919,0.8633195161819458,-40.59875,0.0,0.0,4.138852726668119,0.8633195161819458,1.0,1.0,42.0,2.0,78.0,78.0,78.0,8.0,7.0,18.0,0.0
11677,0.0,0.0,4.138852726668119,0.8633195161819458,1.0,1.0,42.0,2.0,78.0,78.0,78.0,8.0,7.0,18.0,2.0,-1.9928799867630005,-1.8392486572265625,3.0,-1.9722068309783936,-1.9679033756256104,-46.598749999999995,0.0,0.0,2.166645895689726,0.0,2.0,2.0,1.0,1.0,79.0,79.0,79.0,9.0,8.0,19.0,0.0
11678,0.0,0.0,2.166645895689726,0.0,2.0,2.0,1.0,1.0,79.0,79.0,79.0,9.0,8.0,19.0,0.0,-1.9824997186660767,-1.7496954202651978,3.0,-1.9497127532958984,-1.8972258567810059,-30.79875,0.0,0.0,0.21693314239382744,0.0,1.0,3.0,2.0,1.0,80.0,80.0,80.0,10.0,9.0,20.0,0.0
11679,0.0,0.0,0.21693314239382744,0.0,1.0,3.0,2.0,1.0,80.0,80.0,80.0,10.0,9.0,20.0,10.0,-1.9311622381210327,-1.873458743095398,3.0,-1.0603834390640259,-1.9231010675430298,-29.6,0.0,0.0,0.0,0.0,2.0,4.0,3.0,1.0,81.0,81.0,81.0,11.0,10.0,21.0,0.0
11680,0.0,0.0,0.0,0.0,2.0,4.0,3.0,1.0,81.0,81.0,81.0,11.0,10.0,21.0,0.0,-1.9096899032592773,-1.9498480558395386,3.0,-1.6387810707092285,-1.5517199039459229,-32.39875,0.0,0.0,0.0,0.0,1.0,5.0,4.0,1.0,82.0,82.0,82.0,12.0,11.0,22.0,0.0
11681,0.0,0.0,0.0,0.0,1.0,5.0,4.0,1.0,82.0,82.0,82.0,12.0,11.0,22.0,0.0,-1.950459599494934,-1.9151498079299927,3.0,-1.9736992120742798,-1.9245882034301758,-33.09875,0.0,0.0,0.0,0.0,1.0,6.0,5.0,1.0,83.0,83.0,83.0,13.0,12.0,23.0,0.0
11682,0.0,0.0,0.0,0.0,1.0,6.0,5.0,1.0,83.0,83.0,83.0,13.0,12.0,23.0,10.0,-1.909054160118103,-1.6366569995880127,3.0,-1.9013733863830566,-1.6513524055480957,-32.0,0.0,0.0,0.0,0.0,2.0,7.0,6.0,1.0,84.0,84.0,84.0,14.0,13.0,24.0,0.0
11683,0.0,0.0,0.0,0.0,2.0,7.0,6.0,1.0,84.0,84.0,84.0,14.0,13.0,24.0,10.0,-1.936445951461792,-1.6519557237625122,3.0,-1.9086558818817139,-1.9622058868408203,-32.9,0.0,0.0,0.0,0.0,3.0,8.0,7.0,1.0,85.0,85.0,85.0,15.0,14.0,25.0,0.0
11684,0.0,0.0,0.0,0.0,3.0,8.0,7.0,1.0,85.0,85.0,85.0,15.0,14.0,25.0,0.0,-1.873017430305481,-1.940735936164856,3.0,-1.933448314666748,-1.9512385129928589,-35.69875,0.0,0.0,0.0,0.0,1.0,9.0,8.0,1.0,86.0,86.0,86.0,16.0,15.0,26.0,0.0
11685,0.0,0.0,0.0,0.0,1.0,9.0,8.0,1.0,86.0,86.0,86.0,16.0,15.0,26.0,10.0,-1.8840725421905518,-1.8400146961212158,3.0,-1.9143227338790894,-1.9335920810699463,-34.4,0.0,0.0,0.0,0.0,2.0,10.0,9.0,1.0,87.0,87.0,87.0,17.0,16.0,27.0,0.0
11686,0.0,0.0,0.0,0.0,2.0,10.0,9.0,1.0,87.0,87.0,87.0,17.0,16.0,27.0,10.0,-1.8163772821426392,-1.9732961654663086,3.0,-1.9686212539672852,-1.9895979166030884,-35.3,0.0,0.0,0.0,0.0,3.0,11.0,10.0,1.0,88.0,88.0,88.0,18.0,17.0,28.0,0.0
11687,0.0,0.0,0.0,0.0,3.0,11.0,10.0,1.0,88.0,88.0,88.0,18.0,17.0,28.0,10.0,-1.9535644054412842,-1.9761523008346558,3.0,-1.9841078519821167,-1.9180792570114136,-36.2,0.0,0.0,0.0,0.0,4.0,12.0,11.0,1.0,89.0,89.0,89.0,19.0,18.0,29.0,0.0
11688,0.0,0.0,0.0,0.0,4.0,12.0,11.0,1.0,89.0,89.0,89.0,19.0,18.0,29.0,10.0,-1.858932375907898,-1.894277572631836,3.0,-1.9747878313064575,-1.9431902170181274,-37.1,0.0,0.0,0.0,0.0,5.0,13.0,12.0,1.0,90.0,90.0,90.0,20.0,19.0,30.0,0.0
11689,0.0,0.0,0.0,0.0,5.0,13.0,12.0,1.0,90.0,90.0,90.0,20.0,19.0,30.0,0.0,-1.905605435371399,-1.8940781354904175,3.0,-1.9622639417648315,-1.784454107284546,-39.89875,0.0,0.0,0.0,0.0,1.0,14.0,13.0,1.0,91.0,91.0,91.0,21.0,20.0,31.0,0.0
11690,0.0,0.0,0.0,0.0,1.0,14.0,13.0,1.0,91.0,91.0,91.0,21.0,20.0,31.0,10.0,-1.9452749490737915,-1.967461109161377,3.0,-1.9312305450439453,-1.6949266195297241,-38.4,0.0,0.0,0.0,0.0,2.0,15.0,14.0,1.0,92.0,92.0,92.0,22.0,21.0,32.0,0.0
11691,0.0,0.0,0.0,0.0,2.0,15.0,14.0,1.0,92.0,92.0,92.0,22.0,21.0,32.0,10.0,-1.9756137132644653,-1.9184041023254395,3.0,-1.7661137580871582,-1.999621033668518,-39.3,0.0,0.0,0.0,0.0,3.0,16.0,15.0,1.0,93.0,93.0,93.0,23.0,22.0,33.0,0.0
11692,0.0,0.0,0.0,0.0,3.0,16.0,15.0,1.0,93.0,93.0,93.0,23.0,22.0,33.0,0.0,-1.956595778465271,-1.9480246305465698,3.0,-1.8396551609039307,-1.9982503652572632,-42.09875,0.0,0.0,0.0,0.0,1.0,17.0,16.0,1.0,94.0,94.0,94.0,24.0,23.0,34.0,0.0
11693,0.0,0.0,0.0,0.0,1.0,17.0,16.0,1.0,94.0,94.0,94.0,24.0,23.0,34.0,0.0,-1.982742190361023,-1.9390926361083984,3.0,-1.816740870475769,-1.9566683769226074,-42.69875,0.0,0.0,0.0,0.0,1.0,18.0,17.0,1.0,95.0,95.0,95.0,25.0,24.0,35.0,0.0
11694,0.0,0.0,0.0,0.0,1.0,18.0,17.0,1.0,95.0,95.0,95.0,25.0,24.0,35.0,10.0,-1.9737447500228882,-1.9611904621124268,3.0,-1.2539187669754028,-1.9630012512207031,-41.6,0.0,0.0,0.0,0.0,2.0,19.0,18.0,1.0,96.0,96.0,96.0,26.0,25.0,36.0,0.0
11695,0.0,0.0,0.0,0.0,2.0,19.0,18.0,1.0,96.0,96.0,96.0,26.0,25.0,36.0,10.0,-1.8638886213302612,-1.9930623769760132,3.0,-1.7183390855789185,-1.9589771032333374,-42.5,0.0,0.0,0.0,0.0,3.0,20.0,19.0,1.0,97.0,97.0,97.0,27.0,26.0,37.0,0.0
11696,0.0,0.0,0.0,0.0,3.0,20.0,19.0,1.0,97.0,97.0,97.0,27.0,26.0,37.0,10.0,-1.9136333465576172,-1.879698395729065,3.0,-1.7130789756774902,-1.9471815824508667,-43.4,0.0,0.0,0.0,0.0,4.0,21.0,20.0,1.0,98.0,98.0,98.0,28.0,27.0,38.0,0.0
11697,0.0,0.0,0.0,0.0,4.0,21.0,20.0,1.0,98.0,98.0,98.0,28.0,27.0,38.0,10.0,-1.8124940395355225,-1.9981420040130615,3.0,-1.277167797088623,-1.9973056316375732,-44.3,0.0,0.0,0.0,0.0,5.0,22.0,21.0,1.0,99.0,99.0,99.0,29.0,28.0,39.0,0.0
11698,0.0,0.0,0.0,0.0,5.0,22.0,21.0,1.0,99.0,99.0,99.0,29.0,28.0,39.0,10.0,-1.9745675325393677,-1.9886034727096558,3.0,-1.9294788837432861,-1.9968626499176025,-45.2,0.0,0.0,0.0,0.0,6.0,23.0,22.0,1.0,100.0,100.0,100.0,30.0,29.0,40.0,0.0
11699,0.0,0.0,0.0,0.0,6.0,23.0,22.0,1.0,100.0,100.0,100.0,30.0,29.0,40.0,0.0,-1.9702191352844238,-1.9977850914001465,3.0,-1.8173407316207886,-1.9810738563537598,-47.69875,0.0,0.0,0.0,0.0,1.0,24.0,23.0,1.0,100.0,100.0,100.0,31.0,30.0,41.0,1.0
11700,9.456342697143555,3.839142322540283,1.889625906944275,4.688389301300049,1.0,1.0,1.0,1.0,1.0,1.0,1.0,1.0,1.0,1.0,8.0,-1.4318565130233765,-1.6835496425628662,3.0,-1.68701171875,-1.4475477933883667,-9.092672690515197,8.024486184120178,2.155592679977417,0.2026141881942749,3.240841507911682,2.0,2.0,2.0,1.0,2.0,2.0,2.0,2.0,1.0,2.0,0.0
11701,8.024486184120178,2.155592679977417,0.2026141881942749,3.240841507911682,2.0,2.0,2.0,1.0,2.0,2.0,2.0,2.0,1.0,2.0,2.0,-1.4162384271621704,-0.8063881993293762,3.0,-1.323968768119812,-1.8592619895935059,-7.906197174654267,6.608247756958008,1.3492044806480408,0.0,1.3815795183181763,3.0,3.0,1.0,1.0,3.0,3.0,3.0,3.0,2.0,3.0,0.0
11702,6.608247756958008,1.3492044806480408,0.0,1.3815795183181763,3.0,3.0,1.0,1.0,3.0,3.0,3.0,3.0,2.0,3.0,7.0,-1.9389724731445312,-1.6661872863769531,0.0,-1.5319875478744507,-1.8797354698181152,-4.329490712900715,4.669275283813477,0.0,0.0,0.0,1.0,4.0,2.0,2.0,4.0,4.0,4.0,1.0,3.0,4.0,0.0
11703,4.669275283813477,0.0,0.0,0.0,1.0,4.0,2.0,2.0,4.0,4.0,4.0,1.0,3.0,4.0,7.0,-1.9083510637283325,-1.5572841167449951,0.0,-1.8026570081710815,-1.1583232879638672,-6.377006591631613,2.760924220085144,0.0,0.0,0.0,1.0,5.0,3.0,3.0,5.0,5.0,5.0,1.0,4.0,5.0,0.0
11704,2.760924220085144,0.0,0.0,0.0,1.0,5.0,3.0,3.0,5.0,5.0,5.0,1.0,4.0,5.0,9.0,-1.9080475568771362,-1.7201789617538452,3.0,-1.975785732269287,-0.6437257528305054,-6.670517369423742,0.8528766632080078,0.0,0.0,0.0,2.0,6.0,4.0,1.0,6.0,6.0,6.0,2.0,5.0,1.0,0.0
11705,0.8528766632080078,0.0,0.0,0.0,2.0,6.0,4.0,1.0,6.0,6.0,6.0,2.0,5.0,1.0,0.0,-1.66557776927948,-1.3401638269424438,0.0,-1.716712236404419,-1.0349774360656738,-6.79875,0.0,0.0,0.0,0.0,1.0,7.0,5.0,2.0,7.0,7.0,7.0,3.0,6.0,2.0,0.0
11706,0.0,0.0,0.0,0.0,1.0,7.0,5.0,2.0,7.0,7.0,7.0,3.0,6.0,2.0,0.0,-1.7286300659179688,-0.19877611100673676,3.0,-1.8169608116149902,-1.7440909147262573,-7.598750000000001,0.0,0.0,0.0,0.0,1.0,8.0,6.0,1.0,8.0,8.0,8.0,4.0,7.0,3.0,0.0
11707,0.0,0.0,0.0,0.0,1.0,8.0,6.0,1.0,8.0,8.0,8.0,4.0,7.0,3.0,8.0,-0.8033168911933899,-1.2082538604736328,1.0,-1.6434296369552612,-1.8583678007125854,-17.75375,0.0,0.0,0.0,0.0,2.0,1.0,7.0,2.0,9.0,9.0,9.0,5.0,1.0,4.0,0.0
11708,0.0,0.0,0.0,0.0,2.0,1.0,7.0,2.0,9.0,9.0,9.0,5.0,1.0,4.0,2.0,-1.8851407766342163,-1.8229289054870605,8.0,-1.0977668762207031,-1.1864091157913208,-20.198749999999997,0.0,0.0,0.0,0.0,3.0,2.0,1.0,3.0,10.0,10.0,10.0,6.0,1.0,5.0,0.0
11709,0.0,0.0,0.0,0.0,3.0,2.0,1.0,3.0,10.0,10.0,10.0,6.0,1.0,5.0,9.0,-1.881169319152832,-1.2736189365386963,3.0,-1.3344504833221436,-1.9633184671401978,-8.618749999999999,0.0,0.0,0.0,0.0,4.0,3.0,2.0,1.0,11.0,11.0,11.0,7.0,2.0,1.0,0.0
11710,0.0,0.0,0.0,0.0,4.0,3.0,2.0,1.0,11.0,11.0,11.0,7.0,2.0,1.0,0.0,-1.9312933683395386,0.7666522264480591,3.0,-1.9151355028152466,-0.5651906132698059,-7.933358838330906,0.0,0.7666522264480591,0.0,0.0,1.0,4.0,3.0,1.0,12.0,12.0,12.0,8.0,3.0,2.0,0.0
11711,0.0,0.7666522264480591,0.0,0.0,1.0,4.0,3.0,1.0,12.0,12.0,12.0,8.0,3.0,2.0,7.0,-1.7267978191375732,-1.7745596170425415,10.0,-0.031136857345700264,-1.2640841007232666,-13.65875,0.0,0.0,0.0,0.0,2.0,5.0,4.0,2.0,13.0,13.0,13.0,1.0,4.0,3.0,0.0
11712,0.0,0.0,0.0,0.0,2.0,5.0,4.0,2.0,13.0,13.0,13.0,1.0,4.0,3.0,10.0,-1.1842297315597534,-1.5374733209609985,3.0,-1.7256898880004883,-1.544418454170227,-7.0,0.0,0.0,0.0,0.0,3.0,6.0,5.0,1.0,14.0,14.0,14.0,2.0,5.0,4.0,0.0
11713,0.0,0.0,0.0,0.0,3.0,6.0,5.0,1.0,14.0,14.0,14.0,2.0,5.0,4.0,0.0,-1.5389705896377563,-1.8560035228729248,3.0,-1.9257997274398804,-1.8172147274017334,-9.69875,0.0,0.0,0.0,0.0,1.0,7.0,6.0,1.0,15.0,15.0,15.0,3.0,6.0,5.0,0.0
11714,0.0,0.0,0.0,0.0,1.0,7.0,6.0,1.0,15.0,15.0,15.0,3.0,6.0,5.0,0.0,-1.3707226514816284,-1.4830504655838013,8.0,-1.827724575996399,-1.7207428216934204,-10.29875,0.0,0.0,0.0,0.0,1.0,8.0,7.0,2.0,16.0,16.0,16.0,4.0,1.0,6.0,0.0
11715,0.0,0.0,0.0,0.0,1.0,8.0,7.0,2.0,16.0,16.0,16.0,4.0,1.0,6.0,9.0,-1.9549500942230225,-1.9060996770858765,3.0,-1.9252336025238037,-1.6126322746276855,-11.218749999999998,0.0,0.0,0.0,0.0,2.0,9.0,8.0,1.0,17.0,17.0,17.0,5.0,2.0,1.0,0.0
11716,0.0,0.0,0.0,0.0,2.0,9.0,8.0,1.0,17.0,17.0,17.0,5.0,2.0,1.0,0.0,-1.8598169088363647,-1.4862457513809204,9.0,-1.4458154439926147,-1.886258602142334,-10.79875,0.0,0.0,0.0,0.0,1.0,10.0,9.0,2.0,18.0,18.0,18.0,6.0,3.0,1.0,0.0
11717,0.0,0.0,0.0,0.0,1.0,10.0,9.0,2.0,18.0,18.0,18.0,6.0,3.0,1.0,2.0,-1.9464045763015747,-1.8092544078826904,3.0,-1.3610516786575317,-1.62709641456604,-23.898749999999996,0.0,0.0,0.0,0.0,2.0,11.0,1.0,1.0,19.0,19.0,19.0,7.0,4.0,2.0,0.0
11718,0.0,0.0,0.0,0.0,2.0,11.0,1.0,1.0,19.0,19.0,19.0,7.0,4.0,2.0,2.0,-1.9274710416793823,-0.8568333387374878,8.0,-1.922062635421753,-1.7584714889526367,-23.79875,0.0,0.0,0.0,0.0,3.0,12.0,1.0,2.0,20.0,20.0,20.0,8.0,1.0,3.0,0.0
11719,0.0,0.0,0.0,0.0,3.0,12.0,1.0,2.0,20.0,20.0,20.0,8.0,1.0,3.0,0.0,-1.5492051839828491,-1.1766327619552612,3.0,-1.8138519525527954,-1.9701985120773315,-11.89875,0.0,0.0,0.0,0.0,1.0,13.0,2.0,1.0,21.0,21.0,21.0,9.0,2.0,4.0,0.0
11720,0.0,0.0,0.0,0.0,1.0,13.0,2.0,1.0,21.0,21.0,21.0,9.0,2.0,4.0,0.0,-1.9117552042007446,-1.059980034828186,3.0,-1.5622484683990479,-1.0960347652435303,-12.39875,0.0,0.0,0.0,0.0,1.0,14.0,3.0,1.0,22.0,22.0,22.0,10.0,3.0,5.0,0.0
11721,0.0,0.0,0.0,0.0,1.0,14.0,3.0,1.0,22.0,22.0,22.0,10.0,3.0,5.0,0.0,-1.5376214981079102,0.02287180908024311,3.0,-0.5441192984580994,-1.70589017868042,-13.188195692323532,0.0,0.02287180908024311,0.0,0.0,1.0,15.0,4.0,1.0,23.0,23.0,23.0,11.0,4.0,6.0,0.0
11722,0.0,0.02287180908024311,0.0,0.0,1.0,15.0,4.0,1.0,23.0,23.0,23.0,11.0,4.0,6.0,0.0,-1.938582420349121,1.8325222730636597,9.0,-1.948187232017517,-1.8630313873291016,-13.669577267811551,0.0,1.8553940821439028,0.0,0.0,1.0,16.0,5.0,2.0,24.0,24.0,24.0,12.0,5.0,1.0,0.0
11723,0.0,1.8553940821439028,0.0,0.0,1.0,16.0,5.0,2.0,24.0,24.0,24.0,12.0,5.0,1.0,2.0,-1.3721843957901,-1.0370010137557983,3.0,-1.6957389116287231,-1.423902153968811,-25.0266509598276,0.0,0.8183930683881044,0.0,0.0,2.0,17.0,1.0,1.0,25.0,25.0,25.0,13.0,6.0,2.0,0.0
11724,0.0,0.8183930683881044,0.0,0.0,2.0,17.0,1.0,1.0,25.0,25.0,25.0,13.0,6.0,2.0,0.0,-0.282688170671463,-0.832706868648529,3.0,-1.0245972871780396,-1.6065253019332886,-14.598749999999999,0.0,0.0,0.0,0.0,1.0,18.0,2.0,1.0,26.0,26.0,26.0,14.0,7.0,3.0,0.0
11725,0.0,0.0,0.0,0.0,1.0,18.0,2.0,1.0,26.0,26.0,26.0,14.0,7.0,3.0,0.0,-1.8723254203796387,-0.09452757239341736,3.0,-1.912536382675171,-1.9470254182815552,-15.29875,0.0,0.0,0.0,0.0,1.0,19.0,3.0,1.0,27.0,27.0,27.0,15.0,8.0,4.0,0.0
11726,0.0,0.0,0.0,0.0,1.0,19.0,3.0,1.0,27.0,27.0,27.0,15.0,8.0,4.0,7.0,-1.3441953659057617,-0.611881673336029,3.0,-1.8033632040023804,-0.40412795543670654,-21.05875,0.0,0.0,0.0,0.0,2.0,20.0,4.0,1.0,28.0,28.0,28.0,1.0,9.0,5.0,0.0
11727,0.0,0.0,0.0,0.0,2.0,20.0,4.0,1.0,28.0,28.0,28.0,1.0,9.0,5.0,8.0,-1.6734675168991089,-1.5454844236373901,3.0,-1.9026663303375244,-1.9122471809387207,-24.95375,0.0,0.0,0.0,0.0,3.0,21.0,5.0,1.0,29.0,29.0,29.0,2.0,1.0,6.0,0.0
11728,0.0,0.0,0.0,0.0,3.0,21.0,5.0,1.0,29.0,29.0,29.0,2.0,1.0,6.0,0.0,-1.580084204673767,1.452988624572754,3.0,-1.8167437314987183,-1.7758644819259644,-15.15034256076003,0.0,1.452988624572754,0.0,0.0,1.0,22.0,6.0,1.0,30.0,30.0,30.0,3.0,2.0,7.0,0.0
11729,0.0,1.452988624572754,0.0,0.0,1.0,22.0,6.0,1.0,30.0,30.0,30.0,3.0,2.0,7.0,2.0,-1.6941789388656616,0.018048273399472237,3.0,-1.1456646919250488,-1.8430237770080566,-25.64201211245561,0.0,1.4710368979722261,0.0,0.0,2.0,23.0,1.0,1.0,31.0,31.0,31.0,4.0,3.0,8.0,0.0
11730,0.0,1.4710368979722261,0.0,0.0,2.0,23.0,1.0,1.0,31.0,31.0,31.0,4.0,3.0,8.0,2.0,-1.944586992263794,-1.9203380346298218,3.0,0.1868254542350769,-1.343801498413086,-28.79875,0.0,0.0,0.1868254542350769,0.0,3.0,24.0,1.0,1.0,32.0,32.0,32.0,5.0,4.0,9.0,0.0
11731,0.0,0.0,0.1868254542350769,0.0,3.0,24.0,1.0,1.0,32.0,32.0,32.0,5.0,4.0,9.0,2.0,-1.9317662715911865,-1.7743805646896362,3.0,-0.6359306573867798,-1.7579104900360107,-29.598749999999995,0.0,0.0,0.0,0.0,4.0,25.0,1.0,1.0,33.0,33.0,33.0,6.0,5.0,10.0,0.0
11732,0.0,0.0,0.0,0.0,4.0,25.0,1.0,1.0,33.0,33.0,33.0,6.0,5.0,10.0,0.0,-1.9140244722366333,-1.8523714542388916,3.0,-1.517354965209961,-1.757462978363037,-17.99875,0.0,0.0,0.0,0.0,1.0,26.0,2.0,1.0,34.0,34.0,34.0,7.0,6.0,11.0,0.0
11733,0.0,0.0,0.0,0.0,1.0,26.0,2.0,1.0,34.0,34.0,34.0,7.0,6.0,11.0,10.0,-1.8191471099853516,-1.9114872217178345,3.0,-0.566379964351654,-1.4076967239379883,-16.6,0.0,0.0,0.0,0.0,2.0,27.0,3.0,1.0,35.0,35.0,35.0,8.0,7.0,12.0,0.0
11734,0.0,0.0,0.0,0.0,2.0,27.0,3.0,1.0,35.0,35.0,35.0,8.0,7.0,12.0,0.0,-1.5923978090286255,-1.8815109729766846,3.0,-1.8318099975585938,-1.7026031017303467,-19.39875,0.0,0.0,0.0,0.0,1.0,28.0,4.0,1.0,36.0,36.0,36.0,9.0,8.0,13.0,0.0
11735,0.0,0.0,0.0,0.0,1.0,28.0,4.0,1.0,36.0,36.0,36.0,9.0,8.0,13.0,8.0,-1.872951626777649,-1.954122543334961,3.0,-0.9723800420761108,-1.5626165866851807,-29.55375,0.0,0.0,0.0,0.0,2.0,29.0,5.0,1.0,37.0,37.0,37.0,10.0,1.0,14.0,0.0
11736,0.0,0.0,0.0,0.0,2.0,29.0,5.0,1.0,37.0,37.0,37.0,10.0,1.0,14.0,10.0,0.35176849365234375,-1.2045388221740723,3.0,-1.7729053497314453,-1.5033295154571533,-18.3,0.35176849365234375,0.0,0.0,0.0,3.0,30.0,6.0,1.0,38.0,38.0,38.0,11.0,2.0,15.0,0.0
11737,0.35176849365234375,0.0,0.0,0.0,3.0,30.0,6.0,1.0,38.0,38.0,38.0,11.0,2.0,15.0,10.0,-1.8148243427276611,-0.9934881925582886,3.0,-1.1125015020370483,-1.8670189380645752,-19.2,0.0,0.0,0.0,0.0,4.0,31.0,7.0,1.0,39.0,39.0,39.0,12.0,3.0,16.0,0.0
11738,0.0,0.0,0.0,0.0,4.0,31.0,7.0,1.0,39.0,39.0,39.0,12.0,3.0,16.0,0.0,0.3334895968437195,-1.9550820589065552,3.0,-1.677281379699707,-1.8980907201766968,-21.705843048171804,0.3334895968437195,0.0,0.0,0.0,1.0,32.0,8.0,1.0,40.0,40.0,40.0,13.0,4.0,17.0,0.0
11739,0.3334895968437195,0.0,0.0,0.0,1.0,32.0,8.0,1.0,40.0,40.0,40.0,13.0,4.0,17.0,0.0,-1.900033712387085,-1.84610116481781,3.0,-1.2732462882995605,-1.9334487915039062,-22.49875,0.0,0.0,0.0,0.0,1.0,33.0,9.0,1.0,41.0,41.0,41.0,14.0,5.0,18.0,0.0
11740,0.0,0.0,0.0,0.0,1.0,33.0,9.0,1.0,41.0,41.0,41.0,14.0,5.0,18.0,0.0,-1.9969695806503296,-1.8217560052871704,3.0,-0.9715399742126465,-1.8743788003921509,-23.29875,0.0,0.0,0.0,0.0,1.0,34.0,10.0,1.0,42.0,42.0,42.0,15.0,6.0,19.0,0.0
11741,0.0,0.0,0.0,0.0,1.0,34.0,10.0,1.0,42.0,42.0,42.0,15.0,6.0,19.0,2.0,-1.9831016063690186,-1.893929123878479,3.0,-1.8516812324523926,-1.8456783294677734,-36.498749999999994,0.0,0.0,0.0,0.0,2.0,35.0,1.0,1.0,43.0,43.0,43.0,16.0,7.0,20.0,0.0
11742,0.0,0.0,0.0,0.0,2.0,35.0,1.0,1.0,43.0,43.0,43.0,16.0,7.0,20.0,0.0,-1.7455341815948486,-1.7597192525863647,3.0,0.7984204888343811,-1.9444217681884766,-23.99875,0.0,0.0,0.7984204888343811,0.0,1.0,36.0,2.0,1.0,44.0,44.0,44.0,17.0,8.0,21.0,0.0
11743,0.0,0.0,0.7984204888343811,0.0,1.0,36.0,2.0,1.0,44.0,44.0,44.0,17.0,8.0,21.0,0.0,-1.3318299055099487,-1.6917860507965088,3.0,-1.927686333656311,-1.910085916519165,-24.69875,0.0,0.0,0.0,0.0,1.0,37.0,3.0,1.0,45.0,45.0,45.0,18.0,9.0,22.0,0.0
11744,0.0,0.0,0.0,0.0,1.0,37.0,3.0,1.0,45.0,45.0,45.0,18.0,9.0,22.0,0.0,-1.861572265625,-0.4599513113498688,3.0,0.23806831240653992,-1.2640148401260376,-25.49875,0.0,0.0,0.23806831240653992,0.0,1.0,38.0,4.0,1.0,46.0,46.0,46.0,19.0,10.0,23.0,0.0
11745,0.0,0.0,0.23806831240653992,0.0,1.0,38.0,4.0,1.0,46.0,46.0,46.0,19.0,10.0,23.0,0.0,-1.8489477634429932,-1.9156032800674438,9.0,-1.1682443618774414,-1.6309013366699219,-26.29875,0.0,0.0,0.0,0.0,1.0,39.0,5.0,2.0,47.0,47.0,47.0,20.0,11.0,1.0,0.0
11746,0.0,0.0,0.0,0.0,1.0,39.0,5.0,2.0,47.0,47.0,47.0,20.0,11.0,1.0,0.0,-1.72591233253479,-1.6482264995574951,3.0,-1.3696391582489014,-1.2037547826766968,-24.89875,0.0,0.0,0.0,0.0,1.0,40.0,6.0,1.0,48.0,48.0,48.0,21.0,12.0,2.0,0.0
11747,0.0,0.0,0.0,0.0,1.0,40.0,6.0,1.0,48.0,48.0,48.0,21.0,12.0,2.0,0.0,-1.8862802982330322,0.1836620718240738,3.0,-1.798403263092041,-1.598433494567871,-25.518575558878943,0.0,0.1836620718240738,0.0,0.0,1.0,41.0,7.0,1.0,49.0,49.0,49.0,22.0,13.0,3.0,0.0
11748,0.0,0.1836620718240738,0.0,0.0,1.0,41.0,7.0,1.0,49.0,49.0,49.0,22.0,13.0,3.0,2.0,-1.8754748106002808,-0.9567146897315979,3.0,-1.852087378501892,-1.4926813840866089,-38.79875,0.0,0.0,0.0,0.0,2.0,42.0,1.0,1.0,50.0,50.0,50.0,23.0,14.0,4.0,0.0
11749,0.0,0.0,0.0,0.0,2.0,42.0,1.0,1.0,50.0,50.0,50.0,23.0,14.0,4.0,0.0,-1.849910855293274,-1.0409332513809204,3.0,-1.2729127407073975,-1.696635127067566,-26.59875,0.0,0.0,0.0,0.0,1.0,43.0,2.0,1.0,51.0,51.0,51.0,24.0,15.0,5.0,0.0
11750,0.0,0.0,0.0,0.0,1.0,43.0,2.0,1.0,51.0,51.0,51.0,24.0,15.0,5.0,0.0,-1.9749826192855835,1.5194332599639893,3.0,-0.437245637178421,-1.3451403379440308,-26.950058535996888,0.0,1.5194332599639893,0.0,0.0,1.0,44.0,3.0,1.0,52.0,52.0,52.0,25.0,16.0,6.0,0.0
11751,0.0,1.5194332599639893,0.0,0.0,1.0,44.0,3.0,1.0,52.0,52.0,52.0,25.0,16.0,6.0,0.0,-1.9288264513015747,-1.633013367652893,3.0,-0.6962476372718811,-1.3786044120788574,-28.09875,0.0,0.0,0.0,0.0,1.0,45.0,4.0,1.0,53.0,53.0,53.0,26.0,17.0,7.0,0.0
11752,0.0,0.0,0.0,0.0,1.0,45.0,4.0,1.0,53.0,53.0,53.0,26.0,17.0,7.0,0.0,-1.885871410369873,-1.9883979558944702,3.0,-1.9423023462295532,-1.75212562084198,-28.89875,0.0,0.0,0.0,0.0,1.0,46.0,5.0,1.0,54.0,54.0,54.0,27.0,18.0,8.0,0.0
11753,0.0,0.0,0.0,0.0,1.0,46.0,5.0,1.0,54.0,54.0,54.0,27.0,18.0,8.0,0.0,-1.8649886846542358,-0.7427033185958862,3.0,-1.0397109985351562,-1.0909737348556519,-29.69875,0.0,0.0,0.0,0.0,1.0,47.0,6.0,1.0,55.0,55.0,55.0,28.0,19.0,9.0,0.0
11754,0.0,0.0,0.0,0.0,1.0,47.0,6.0,1.0,55.0,55.0,55.0,28.0,19.0,9.0,0.0,-1.7608383893966675,-1.7705453634262085,3.0,-1.6788159608840942,-1.8426084518432617,-30.49875,0.0,0.0,0.0,0.0,1.0,48.0,7.0,1.0,56.0,56.0,56.0,29.0,20.0,10.0,0.0
11755,0.0,0.0,0.0,0.0,1.0,48.0,7.0,1.0,56.0,56.0,56.0,29.0,20.0,10.0,0.0,-1.9853291511535645,-0.6891946196556091,3.0,-1.8056514263153076,-0.516636073589325,-31.29875,0.0,0.0,0.0,0.0,1.0,49.0,8.0,1.0,57.0,57.0,57.0,30.0,21.0,11.0,0.0
11756,0.0,0.0,0.0,0.0,1.0,49.0,8.0,1.0,57.0,57.0,57.0,30.0,21.0,11.0,0.0,-1.2109748125076294,-1.126173496246338,3.0,-1.135485291481018,-1.611567735671997,-32.09875,0.0,0.0,0.0,0.0,1.0,50.0,9.0,1.0,58.0,58.0,58.0,31.0,22.0,12.0,0.0
11757,0.0,0.0,0.0,0.0,1.0,50.0,9.0,1.0,58.0,58.0,58.0,31.0,22.0,12.0,10.0,-1.5270025730133057,-0.4772331416606903,3.0,-1.9600801467895508,-1.1607247591018677,-31.0,0.0,0.0,0.0,0.0,2.0,51.0,10.0,1.0,59.0,59.0,59.0,32.0,23.0,13.0,0.0
11758,0.0,0.0,0.0,0.0,2.0,51.0,10.0,1.0,59.0,59.0,59.0,32.0,23.0,13.0,0.0,-1.515934944152832,-1.4001145362854004,3.0,-0.22060580551624298,-1.8536475896835327,-33.79875,0.0,0.0,0.0,0.0,1.0,52.0,11.0,1.0,60.0,60.0,60.0,33.0,24.0,14.0,0.0
11759,0.0,0.0,0.0,0.0,1.0,52.0,11.0,1.0,60.0,60.0,60.0,33.0,24.0,14.0,0.0,-1.9916661977767944,-1.9501676559448242,3.0,-1.8537293672561646,-1.74980890750885,-34.49875,0.0,0.0,0.0,0.0,1.0,53.0,12.0,1.0,61.0,61.0,61.0,34.0,25.0,15.0,0.0
11760,0.0,0.0,0.0,0.0,1.0,53.0,12.0,1.0,61.0,61.0,61.0,34.0,25.0,15.0,0.0,-1.8955802917480469,-1.0658633708953857,3.0,-1.9479176998138428,-1.794087290763855,-35.29875,0.0,0.0,0.0,0.0,1.0,54.0,13.0,1.0,62.0,62.0,62.0,35.0,26.0,16.0,0.0
11761,0.0,0.0,0.0,0.0,1.0,54.0,13.0,1.0,62.0,62.0,62.0,35.0,26.0,16.0,0.0,-1.6161984205245972,-1.8922216892242432,3.0,-1.7275081872940063,-1.921779751777649,-36.09875,0.0,0.0,0.0,0.0,1.0,55.0,14.0,1.0,63.0,63.0,63.0,36.0,27.0,17.0,0.0
11762,0.0,0.0,0.0,0.0,1.0,55.0,14.0,1.0,63.0,63.0,63.0,36.0,27.0,17.0,10.0,-1.786666989326477,-1.9191412925720215,3.0,-1.2185724973678589,-1.585529088973999,-35.0,0.0,0.0,0.0,0.0,2.0,56.0,15.0,1.0,64.0,64.0,64.0,37.0,28.0,18.0,0.0
11763,0.0,0.0,0.0,0.0,2.0,56.0,15.0,1.0,64.0,64.0,64.0,37.0,28.0,18.0,0.0,-1.9438601732254028,-1.1570992469787598,3.0,-1.7445378303527832,-1.1740143299102783,-37.79875,0.0,0.0,0.0,0.0,1.0,57.0,16.0,1.0,65.0,65.0,65.0,38.0,29.0,19.0,0.0
11764,0.0,0.0,0.0,0.0,1.0,57.0,16.0,1.0,65.0,65.0,65.0,38.0,29.0,19.0,10.0,-1.9561179876327515,-0.9207696914672852,3.0,-1.629319190979004,-1.9499393701553345,-36.6,0.0,0.0,0.0,0.0,2.0,58.0,17.0,1.0,66.0,66.0,66.0,39.0,30.0,20.0,0.0
11765,0.0,0.0,0.0,0.0,2.0,58.0,17.0,1.0,66.0,66.0,66.0,39.0,30.0,20.0,0.0,-1.937269926071167,-1.9395496845245361,3.0,-1.9000214338302612,-1.921617031097412,-39.39875,0.0,0.0,0.0,0.0,1.0,59.0,18.0,1.0,67.0,67.0,67.0,40.0,31.0,21.0,0.0
11766,0.0,0.0,0.0,0.0,1.0,59.0,18.0,1.0,67.0,67.0,67.0,40.0,31.0,21.0,0.0,-1.9646472930908203,-1.9041130542755127,3.0,-1.918483853340149,-1.8524117469787598,-40.09875,0.0,0.0,0.0,0.0,1.0,60.0,19.0,1.0,68.0,68.0,68.0,41.0,32.0,22.0,0.0
11767,0.0,0.0,0.0,0.0,1.0,60.0,19.0,1.0,68.0,68.0,68.0,41.0,32.0,22.0,0.0,-1.9939697980880737,-1.5408498048782349,3.0,-1.826493740081787,-1.551619291305542,-40.89875,0.0,0.0,0.0,0.0,1.0,61.0,20.0,1.0,69.0,69.0,69.0,42.0,33.0,23.0,0.0
11768,0.0,0.0,0.0,0.0,1.0,61.0,20.0,1.0,69.0,69.0,69.0,42.0,33.0,23.0,0.0,-1.932599663734436,-1.9295570850372314,3.0,-1.0410372018814087,-0.7824853658676147,-41.69875,0.0,0.0,0.0,0.0,1.0,62.0,21.0,1.0,70.0,70.0,70.0,43.0,34.0,24.0,0.0
11769,0.0,0.0,0.0,0.0,1.0,62.0,21.0,1.0,70.0,70.0,70.0,43.0,34.0,24.0,0.0,-1.964103102684021,-1.7934383153915405,3.0,-1.9363524913787842,-0.9983445405960083,-42.49875,0.0,0.0,0.0,0.0,1.0,63.0,22.0,1.0,71.0,71.0,71.0,44.0,35.0,25.0,0.0
11770,0.0,0.0,0.0,0.0,1.0,63.0,22.0,1.0,71.0,71.0,71.0,44.0,35.0,25.0,0.0,-1.9908390045166016,-1.866610050201416,3.0,-1.79819917678833,1.920706868171692,-43.29875,0.0,0.0,0.0,1.920706868171692,1.0,64.0,23.0,1.0,72.0,72.0,72.0,45.0,36.0,26.0,0.0
11771,0.0,0.0,0.0,1.920706868171692,1.0,64.0,23.0,1.0,72.0,72.0,72.0,45.0,36.0,26.0,0.0,-1.6761549711227417,-0.7099387645721436,3.0,-1.5342538356781006,-1.696959137916565,-44.09875,0.0,0.0,0.0,0.22374773025512695,1.0,65.0,24.0,1.0,73.0,73.0,73.0,46.0,37.0,27.0,0.0
11772,0.0,0.0,0.0,0.22374773025512695,1.0,65.0,24.0,1.0,73.0,73.0,73.0,46.0,37.0,27.0,0.0,-1.9539250135421753,-1.7212281227111816,3.0,-1.7712926864624023,-0.1291227638721466,-44.89875,0.0,0.0,0.0,0.09462496638298035,1.0,66.0,25.0,1.0,74.0,74.0,74.0,47.0,38.0,28.0,0.0
11773,0.0,0.0,0.0,0.09462496638298035,1.0,66.0,25.0,1.0,74.0,74.0,74.0,47.0,38.0,28.0,0.0,-1.9512124061584473,-1.7844796180725098,9.0,-1.6278514862060547,-1.33340322971344,-45.69875,0.0,0.0,0.0,0.0,1.0,67.0,26.0,2.0,75.0,75.0,75.0,48.0,39.0,1.0,0.0
11774,0.0,0.0,0.0,0.0,1.0,67.0,26.0,2.0,75.0,75.0,75.0,48.0,39.0,1.0,0.0,-1.9643293619155884,-1.5700960159301758,3.0,-1.9300163984298706,1.9207580089569092,-43.79875,0.0,0.0,0.0,1.9207580089569092,1.0,68.0,27.0,1.0,76.0,76.0,76.0,49.0,40.0,2.0,0.0
11775,0.0,0.0,0.0,1.9207580089569092,1.0,68.0,27.0,1.0,76.0,76.0,76.0,49.0,40.0,2.0,0.0,-1.6515816450119019,-1.1852277517318726,3.0,-1.8708059787750244,-1.5933891534805298,-44.49875,0.0,0.0,0.0,0.3273688554763794,1.0,69.0,28.0,1.0,77.0,77.0,77.0,50.0,41.0,3.0,0.0
11776,0.0,0.0,0.0,0.3273688554763794,1.0,69.0,28.0,1.0,77.0,77.0,77.0,50.0,41.0,3.0,0.0,-1.863423466682434,-1.5000548362731934,3.0,-1.9042624235153198,-1.3716472387313843,-45.29875,0.0,0.0,0.0,0.0,1.0,70.0,29.0,1.0,78.0,78.0,78.0,51.0,42.0,4.0,0.0
11777,0.0,0.0,0.0,0.0,1.0,70.0,29.0,1.0,78.0,78.0,78.0,51.0,42.0,4.0,0.0,-1.6610764265060425,-1.8227819204330444,3.0,-1.8657461404800415,1.1700623035430908,-46.09875,0.0,0.0,0.0,1.1700623035430908,1.0,71.0,30.0,1.0,79.0,79.0,79.0,52.0,43.0,5.0,0.0
11778,0.0,0.0,0.0,1.1700623035430908,1.0,71.0,30.0,1.0,79.0,79.0,79.0,52.0,43.0,5.0,0.0,-1.891221046447754,-1.817534327507019,3.0,-1.670283555984497,-0.10244432091712952,-46.89875,0.0,0.0,0.0,1.0676179826259613,1.0,72.0,31.0,1.0,80.0,80.0,80.0,53.0,44.0,6.0,0.0
11779,0.0,0.0,0.0,1.0676179826259613,1.0,72.0,31.0,1.0,80.0,80.0,80.0,53.0,44.0,6.0,0.0,-1.8245117664337158,-1.9322819709777832,3.0,-1.3105318546295166,-0.3493422269821167,-47.69875,0.0,0.0,0.0,0.7182757556438446,1.0,73.0,32.0,1.0,81.0,81.0,81.0,54.0,45.0,7.0,0.0
11780,0.0,0.0,0.0,0.7182757556438446,1.0,73.0,32.0,1.0,81.0,81.0,81.0,54.0,45.0,7.0,0.0,-1.6441831588745117,-1.770517110824585,3.0,-1.8589872121810913,-1.3539369106292725,-48.49875,0.0,0.0,0.0,0.0,1.0,74.0,33.0,1.0,82.0,82.0,82.0,55.0,46.0,8.0,0.0
11781,0.0,0.0,0.0,0.0,1.0,74.0,33.0,1.0,82.0,82.0,82.0,55.0,46.0,8.0,0.0,-1.8844327926635742,-1.7813040018081665,3.0,-0.0045319716446101665,-1.5927599668502808,-49.29875,0.0,0.0,0.0,0.0,1.0,75.0,34.0,1.0,83.0,83.0,83.0,56.0,47.0,9.0,0.0
11782,0.0,0.0,0.0,0.0,1.0,75.0,34.0,1.0,83.0,83.0,83.0,56.0,47.0,9.0,0.0,-1.6098623275756836,-1.28416109085083,3.0,-0.671118438243866,-1.1686159372329712,-50.09875,0.0,0.0,0.0,0.0,1.0,76.0,35.0,1.0,84.0,84.0,84.0,57.0,48.0,10.0,0.0
11783,0.0,0.0,0.0,0.0,1.0,76.0,35.0,1.0,84.0,84.0,84.0,57.0,48.0,10.0,0.0,-1.7706764936447144,-1.8725996017456055,3.0,-1.5926910638809204,1.5586915016174316,-50.89875,0.0,0.0,0.0,1.5586915016174316,1.0,77.0,36.0,1.0,85.0,85.0,85.0,58.0,49.0,11.0,0.0
11784,0.0,0.0,0.0,1.5586915016174316,1.0,77.0,36.0,1.0,85.0,85.0,85.0,58.0,49.0,11.0,0.0,-1.6891635656356812,-1.5821157693862915,3.0,-0.5168843269348145,-1.993497371673584,-51.69875,0.0,0.0,0.0,0.0,1.0,78.0,37.0,1.0,86.0,86.0,86.0,59.0,50.0,12.0,0.0
11785,0.0,0.0,0.0,0.0,1.0,78.0,37.0,1.0,86.0,86.0,86.0,59.0,50.0,12.0,0.0,-1.8410342931747437,-1.5272717475891113,3.0,-1.6854678392410278,-1.3160760402679443,-52.49875,0.0,0.0,0.0,0.0,1.0,79.0,38.0,1.0,87.0,87.0,87.0,60.0,51.0,13.0,0.0
11786,0.0,0.0,0.0,0.0,1.0,79.0,38.0,1.0,87.0,87.0,87.0,60.0,51.0,13.0,0.0,-0.8808899521827698,-1.5386866331100464,3.0,-1.7512338161468506,-1.9511252641677856,-53.29875,0.0,0.0,0.0,0.0,1.0,80.0,39.0,1.0,88.0,88.0,88.0,61.0,52.0,14.0,0.0
11787,0.0,0.0,0.0,0.0,1.0,80.0,39.0,1.0,88.0,88.0,88.0,61.0,52.0,14.0,0.0,-1.4149667024612427,-1.485459804534912,3.0,-1.7100282907485962,-1.738731861114502,-54.09875,0.0,0.0,0.0,0.0,1.0,81.0,40.0,1.0,89.0,89.0,89.0,62.0,53.0,15.0,0.0
11788,0.0,0.0,0.0,0.0,1.0,81.0,40.0,1.0,89.0,89.0,89.0,62.0,53.0,15.0,0.0,-1.5866185426712036,-0.3410094082355499,3.0,-1.9964282512664795,-0.823527455329895,-54.89875,0.0,0.0,0.0,0.0,1.0,82.0,41.0,1.0,90.0,90.0,90.0,63.0,54.0,16.0,0.0
11789,0.0,0.0,0.0,0.0,1.0,82.0,41.0,1.0,90.0,90.0,90.0,63.0,54.0,16.0,0.0,-0.5180111527442932,-0.49107301235198975,3.0,-1.9638324975967407,-1.6780766248703003,-55.69875,0.0,0.0,0.0,0.0,1.0,83.0,42.0,1.0,91.0,91.0,91.0,64.0,55.0,17.0,0.0
11790,0.0,0.0,0.0,0.0,1.0,83.0,42.0,1.0,91.0,91.0,91.0,64.0,55.0,17.0,0.0,-1.2988498210906982,-1.2050188779830933,3.0,-1.9478665590286255,-1.8992195129394531,-56.49875,0.0,0.0,0.0,0.0,1.0,84.0,43.0,1.0,92.0,92.0,92.0,65.0,56.0,18.0,0.0
11791,0.0,0.0,0.0,0.0,1.0,84.0,43.0,1.0,92.0,92.0,92.0,65.0,56.0,18.0,0.0,-0.24323581159114838,0.70358806848526,3.0,-1.9805647134780884,-1.973275899887085,-57.04831215452215,0.0,0.70358806848526,0.0,0.0,1.0,85.0,44.0,1.0,93.0,93.0,93.0,66.0,57.0,19.0,0.0
11792,0.0,0.70358806848526,0.0,0.0,1.0,85.0,44.0,1.0,93.0,93.0,93.0,66.0,57.0,19.0,2.0,-1.8943912982940674,-1.3578304052352905,3.0,-1.9681895971298218,-1.968661904335022,-70.49875,0.0,0.0,0.0,0.0,2.0,86.0,1.0,1.0,94.0,94.0,94.0,67.0,58.0,20.0,0.0
11793,0.0,0.0,0.0,0.0,2.0,86.0,1.0,1.0,94.0,94.0,94.0,67.0,58.0,20.0,0.0,-1.924628734588623,-1.663589596748352,3.0,-1.811728596687317,-1.6943175792694092,-54.59875,0.0,0.0,0.0,0.0,1.0,87.0,2.0,1.0,95.0,95.0,95.0,68.0,59.0,21.0,0.0
11794,0.0,0.0,0.0,0.0,1.0,87.0,2.0,1.0,95.0,95.0,95.0,68.0,59.0,21.0,0.0,-1.8188201189041138,-1.687525987625122,3.0,-1.9895225763320923,-1.9711802005767822,-55.29875,0.0,0.0,0.0,0.0,1.0,88.0,3.0,1.0,96.0,96.0,96.0,69.0,60.0,22.0,0.0
11795,0.0,0.0,0.0,0.0,1.0,88.0,3.0,1.0,96.0,96.0,96.0,69.0,60.0,22.0,0.0,-1.977350115776062,-1.9661977291107178,3.0,-1.987023949623108,-1.643699288368225,-56.09875,0.0,0.0,0.0,0.0,1.0,89.0,4.0,1.0,97.0,97.0,97.0,70.0,61.0,23.0,0.0
11796,0.0,0.0,0.0,0.0,1.0,89.0,4.0,1.0,97.0,97.0,97.0,70.0,61.0,23.0,0.0,-1.9717358350753784,-0.6999806761741638,3.0,-1.9945578575134277,1.7796480655670166,-56.89875,0.0,0.0,0.0,1.7796480655670166,1.0,90.0,5.0,1.0,98.0,98.0,98.0,71.0,62.0,24.0,0.0
11797,0.0,0.0,0.0,1.7796480655670166,1.0,90.0,5.0,1.0,98.0,98.0,98.0,71.0,62.0,24.0,0.0,-1.9730217456817627,-1.941912055015564,3.0,-1.9522744417190552,-1.9543004035949707,-57.69875,0.0,0.0,0.0,0.0,1.0,91.0,6.0,1.0,99.0,99.0,99.0,72.0,63.0,25.0,0.0
11798,0.0,0.0,0.0,0.0,1.0,91.0,6.0,1.0,99.0,99.0,99.0,72.0,63.0,25.0,0.0,-1.6798278093338013,-1.3804924488067627,3.0,-1.8278002738952637,0.3357169032096863,-58.49875,0.0,0.0,0.0,0.3357169032096863,1.0,92.0,7.0,1.0,100.0,100.0,100.0,73.0,64.0,26.0,0.0
11799,0.0,0.0,0.0,0.3357169032096863,1.0,92.0,7.0,1.0,100.0,100.0,100.0,73.0,64.0,26.0,0.0,-1.9458659887313843,-1.988823652267456,3.0,-1.9737331867218018,-1.9169920682907104,-58.99875,0.0,0.0,0.0,0.0,1.0,93.0,8.0,1.0,100.0,100.0,100.0,74.0,65.0,27.0,1.0
11800,8.409078598022461,8.426676750183105,8.278032302856445,0.11475512385368347,1.0,1.0,1.0,1.0,1.0,1.0,1.0,1.0,1.0,1.0,8.0,-1.7658803462982178,-0.1688910573720932,1.0,-1.933334231376648,-1.829725742340088,-3.3269141038928103,6.643198251724243,8.257785692811012,6.344698071479797,0.0,2.0,1.0,2.0,2.0,2.0,2.0,2.0,2.0,1.0,2.0,0.0
11801,6.643198251724243,8.257785692811012,6.344698071479797,0.0,2.0,1.0,2.0,2.0,2.0,2.0,2.0,2.0,1.0,2.0,8.0,-1.7077341079711914,-1.815168857574463,1.0,-1.9723148345947266,-1.8870209455490112,-3.263938609812784,4.935464143753052,6.442616835236549,4.372383236885071,0.0,3.0,1.0,3.0,3.0,3.0,3.0,3.0,3.0,1.0,3.0,0.0
11802,4.935464143753052,6.442616835236549,4.372383236885071,0.0,3.0,1.0,3.0,3.0,3.0,3.0,3.0,3.0,1.0,3.0,7.0,-1.5823495388031006,-1.051374077796936,1.0,-1.8662289381027222,-1.735637903213501,-8.278814599873497,3.353114604949951,5.391242757439613,2.5061542987823486,0.0,4.0,1.0,4.0,4.0,4.0,4.0,4.0,1.0,2.0,4.0,0.0
11803,3.353114604949951,5.391242757439613,2.5061542987823486,0.0,4.0,1.0,4.0,4.0,4.0,4.0,4.0,1.0,2.0,4.0,9.0,0.4592074155807495,-1.6391547918319702,1.0,-1.7605376243591309,-1.8100875616073608,-4.709612936005152,3.8123220205307007,3.752087965607643,0.7456166744232178,0.0,5.0,1.0,5.0,5.0,5.0,5.0,5.0,2.0,3.0,1.0,0.0
11804,3.8123220205307007,3.752087965607643,0.7456166744232178,0.0,5.0,1.0,5.0,5.0,5.0,5.0,5.0,2.0,3.0,1.0,2.0,-1.7802832126617432,-1.7769241333007812,3.0,0.4666363298892975,-1.8991124629974365,-11.862806637614646,2.0320388078689575,1.9751638323068619,1.2122530043125153,0.0,6.0,2.0,1.0,1.0,6.0,6.0,6.0,3.0,4.0,2.0,0.0
11805,2.0320388078689575,1.9751638323068619,1.2122530043125153,0.0,6.0,2.0,1.0,1.0,6.0,6.0,6.0,3.0,4.0,2.0,2.0,-1.5494661331176758,-1.7515318393707275,0.0,-1.8667500019073486,-1.8141111135482788,-17.584932222180342,0.48257267475128174,0.22363199293613434,0.0,0.0,1.0,3.0,1.0,2.0,7.0,7.0,7.0,4.0,5.0,3.0,0.0
11806,0.48257267475128174,0.22363199293613434,0.0,0.0,1.0,3.0,1.0,2.0,7.0,7.0,7.0,4.0,5.0,3.0,0.0,-1.8836981058120728,-0.3606933057308197,3.0,-1.7391952276229858,-1.964424967765808,-6.89875,0.0,0.0,0.0,0.0,1.0,4.0,2.0,1.0,8.0,8.0,8.0,5.0,6.0,4.0,0.0
11807,0.0,0.0,0.0,0.0,1.0,4.0,2.0,1.0,8.0,8.0,8.0,5.0,6.0,4.0,5.0,-1.9641919136047363,0.12046270072460175,3.0,-1.6255353689193726,-1.7548580169677734,-20.744282059528075,0.0,0.12046270072460175,0.0,0.0,2.0,5.0,3.0,1.0,9.0,1.0,9.0,6.0,7.0,5.0,0.0
11808,0.0,0.12046270072460175,0.0,0.0,2.0,5.0,3.0,1.0,9.0,1.0,9.0,6.0,7.0,5.0,10.0,-1.4961669445037842,-1.8815888166427612,5.0,-1.8227978944778442,-1.8593909740447998,-5.8,0.0,0.0,0.0,0.0,3.0,6.0,4.0,2.0,10.0,1.0,10.0,7.0,8.0,6.0,0.0
11809,0.0,0.0,0.0,0.0,3.0,6.0,4.0,2.0,10.0,1.0,10.0,7.0,8.0,6.0,10.0,-1.6502699851989746,-1.7988890409469604,10.0,-0.989844024181366,-1.9313533306121826,-6.7,0.0,0.0,0.0,0.0,4.0,7.0,5.0,3.0,11.0,2.0,11.0,8.0,9.0,7.0,0.0
11810,0.0,0.0,0.0,0.0,4.0,7.0,5.0,3.0,11.0,2.0,11.0,8.0,9.0,7.0,0.0,-1.8568425178527832,-1.3193349838256836,3.0,-1.4738680124282837,-1.1781967878341675,-9.59875,0.0,0.0,0.0,0.0,1.0,8.0,6.0,1.0,12.0,3.0,12.0,9.0,10.0,8.0,0.0
11811,0.0,0.0,0.0,0.0,1.0,8.0,6.0,1.0,12.0,3.0,12.0,9.0,10.0,8.0,7.0,-1.9198204278945923,-1.310091495513916,0.0,-1.0968027114868164,-1.3003220558166504,-14.85875,0.0,0.0,0.0,0.0,1.0,9.0,7.0,2.0,13.0,4.0,13.0,1.0,11.0,9.0,0.0
11812,0.0,0.0,0.0,0.0,1.0,9.0,7.0,2.0,13.0,4.0,13.0,1.0,11.0,9.0,8.0,-0.9870558977127075,-1.775876522064209,8.0,-0.15255539119243622,-1.2646467685699463,-19.353749999999998,0.0,0.0,0.0,0.0,2.0,10.0,8.0,3.0,14.0,5.0,14.0,2.0,1.0,10.0,0.0
11813,0.0,0.0,0.0,0.0,2.0,10.0,8.0,3.0,14.0,5.0,14.0,2.0,1.0,10.0,0.0,-1.7061190605163574,1.0749585628509521,3.0,-0.2562955319881439,-1.84818696975708,-9.478002334610528,0.0,1.0749585628509521,0.0,0.0,1.0,11.0,9.0,1.0,15.0,6.0,15.0,3.0,2.0,11.0,0.0
11814,0.0,1.0749585628509521,0.0,0.0,1.0,11.0,9.0,1.0,15.0,6.0,15.0,3.0,2.0,11.0,2.0,-1.8747045993804932,-1.7980371713638306,9.0,-1.9410951137542725,-1.8785569667816162,-22.698749999999997,0.0,0.0,0.0,0.0,2.0,12.0,1.0,2.0,16.0,7.0,16.0,4.0,3.0,1.0,0.0
11815,0.0,0.0,0.0,0.0,2.0,12.0,1.0,2.0,16.0,7.0,16.0,4.0,3.0,1.0,0.0,-1.8592690229415894,-1.5555003881454468,3.0,-0.9079338908195496,-1.4468393325805664,-9.29875,0.0,0.0,0.0,0.0,1.0,13.0,2.0,1.0,17.0,8.0,17.0,5.0,4.0,2.0,0.0
11816,0.0,0.0,0.0,0.0,1.0,13.0,2.0,1.0,17.0,8.0,17.0,5.0,4.0,2.0,9.0,-1.6326003074645996,-1.263734221458435,9.0,-1.752454400062561,0.20107817649841309,-10.518749999999999,0.0,0.0,0.0,0.20107817649841309,2.0,14.0,3.0,2.0,18.0,9.0,18.0,6.0,5.0,1.0,0.0
11817,0.0,0.0,0.0,0.20107817649841309,2.0,14.0,3.0,2.0,18.0,9.0,18.0,6.0,5.0,1.0,0.0,0.39551207423210144,-1.5759979486465454,0.0,-1.860801339149475,-1.5292567014694214,-10.355170390097971,0.39551207423210144,0.0,0.0,0.0,1.0,15.0,4.0,3.0,19.0,10.0,19.0,7.0,6.0,2.0,0.0
11818,0.39551207423210144,0.0,0.0,0.0,1.0,15.0,4.0,3.0,19.0,10.0,19.0,7.0,6.0,2.0,2.0,-1.1735354661941528,0.015121052972972393,9.0,-1.143601655960083,-1.8752483129501343,-23.865972755216315,0.0,0.015121052972972393,0.0,0.0,2.0,16.0,1.0,4.0,20.0,11.0,20.0,8.0,7.0,1.0,0.0
11819,0.0,0.015121052972972393,0.0,0.0,2.0,16.0,1.0,4.0,20.0,11.0,20.0,8.0,7.0,1.0,10.0,-1.923366665840149,-0.771382749080658,9.0,-1.260523796081543,-1.8686227798461914,-10.0,0.0,0.0,0.0,0.0,3.0,17.0,2.0,5.0,21.0,12.0,21.0,9.0,8.0,1.0,0.0
11820,0.0,0.0,0.0,0.0,3.0,17.0,2.0,5.0,21.0,12.0,21.0,9.0,8.0,1.0,10.0,-1.8139549493789673,-1.9389979839324951,3.0,-1.3264225721359253,-1.9390194416046143,-10.9,0.0,0.0,0.0,0.0,4.0,18.0,3.0,1.0,22.0,13.0,22.0,10.0,9.0,2.0,0.0
11821,0.0,0.0,0.0,0.0,4.0,18.0,3.0,1.0,22.0,13.0,22.0,10.0,9.0,2.0,10.0,-1.7694475650787354,-1.871389627456665,3.0,-1.9466044902801514,-1.7465288639068604,-11.4,0.0,0.0,0.0,0.0,5.0,19.0,4.0,1.0,23.0,14.0,23.0,11.0,10.0,3.0,0.0
11822,0.0,0.0,0.0,0.0,5.0,19.0,4.0,1.0,23.0,14.0,23.0,11.0,10.0,3.0,0.0,-1.9082585573196411,-1.540886402130127,3.0,-1.2917704582214355,-1.9736615419387817,-14.19875,0.0,0.0,0.0,0.0,1.0,20.0,5.0,1.0,24.0,15.0,24.0,12.0,11.0,4.0,0.0
11823,0.0,0.0,0.0,0.0,1.0,20.0,5.0,1.0,24.0,15.0,24.0,12.0,11.0,4.0,0.0,-0.9417625665664673,-1.3032950162887573,3.0,-1.6896107196807861,-1.8294106721878052,-14.598749999999999,0.0,0.0,0.0,0.0,1.0,21.0,6.0,1.0,25.0,16.0,25.0,13.0,12.0,5.0,0.0
11824,0.0,0.0,0.0,0.0,1.0,21.0,6.0,1.0,25.0,16.0,25.0,13.0,12.0,5.0,10.0,-1.1659588813781738,-1.5171066522598267,9.0,-1.2426953315734863,-1.7013938426971436,-13.5,0.0,0.0,0.0,0.0,2.0,22.0,7.0,2.0,26.0,17.0,26.0,14.0,13.0,1.0,0.0
11825,0.0,0.0,0.0,0.0,2.0,22.0,7.0,2.0,26.0,17.0,26.0,14.0,13.0,1.0,0.0,-1.8679159879684448,-0.8697810173034668,3.0,-1.1751377582550049,-1.310146450996399,-15.89875,0.0,0.0,0.0,0.0,1.0,23.0,8.0,1.0,27.0,18.0,27.0,15.0,14.0,2.0,0.0
11826,0.0,0.0,0.0,0.0,1.0,23.0,8.0,1.0,27.0,18.0,27.0,15.0,14.0,2.0,0.0,-1.9169743061065674,-1.92611563205719,3.0,-1.1030391454696655,-1.6297184228897095,-16.49875,0.0,0.0,0.0,0.0,1.0,24.0,9.0,1.0,28.0,19.0,28.0,16.0,15.0,3.0,0.0
11827,0.0,0.0,0.0,0.0,1.0,24.0,9.0,1.0,28.0,19.0,28.0,16.0,15.0,3.0,0.0,-0.3746699094772339,-0.04570915922522545,3.0,-1.064419150352478,-1.4553253650665283,-17.298750000000002,0.0,0.0,0.0,0.0,1.0,25.0,10.0,1.0,29.0,20.0,29.0,17.0,16.0,4.0,0.0
11828,0.0,0.0,0.0,0.0,1.0,25.0,10.0,1.0,29.0,20.0,29.0,17.0,16.0,4.0,0.0,-1.8959139585494995,-1.7843554019927979,3.0,-0.8155120015144348,-1.392428994178772,-18.09875,0.0,0.0,0.0,0.0,1.0,26.0,11.0,1.0,30.0,21.0,30.0,18.0,17.0,5.0,0.0
11829,0.0,0.0,0.0,0.0,1.0,26.0,11.0,1.0,30.0,21.0,30.0,18.0,17.0,5.0,0.0,-1.4890567064285278,-1.112368106842041,3.0,-1.9343688488006592,-1.578503966331482,-18.89875,0.0,0.0,0.0,0.0,1.0,27.0,12.0,1.0,31.0,22.0,31.0,19.0,18.0,6.0,0.0
11830,0.0,0.0,0.0,0.0,1.0,27.0,12.0,1.0,31.0,22.0,31.0,19.0,18.0,6.0,0.0,-1.7723536491394043,-1.1968563795089722,3.0,-1.4926034212112427,-1.640495777130127,-19.69875,0.0,0.0,0.0,0.0,1.0,28.0,13.0,1.0,32.0,23.0,32.0,20.0,19.0,7.0,0.0
11831,0.0,0.0,0.0,0.0,1.0,28.0,13.0,1.0,32.0,23.0,32.0,20.0,19.0,7.0,0.0,-1.8401814699172974,-1.5093348026275635,9.0,-1.8826193809509277,-1.7112655639648438,-20.49875,0.0,0.0,0.0,0.0,1.0,29.0,14.0,2.0,33.0,24.0,33.0,21.0,20.0,1.0,0.0
11832,0.0,0.0,0.0,0.0,1.0,29.0,14.0,2.0,33.0,24.0,33.0,21.0,20.0,1.0,0.0,-1.9439420700073242,-1.9828323125839233,3.0,-1.6891849040985107,-1.9295814037322998,-20.69875,0.0,0.0,0.0,0.0,1.0,30.0,15.0,1.0,34.0,25.0,34.0,22.0,21.0,2.0,0.0
11833,0.0,0.0,0.0,0.0,1.0,30.0,15.0,1.0,34.0,25.0,34.0,22.0,21.0,2.0,1.0,-1.1363842487335205,-1.1344119310379028,3.0,-1.9533990621566772,-1.5169578790664673,-28.21875,0.0,0.0,0.0,0.0,2.0,1.0,16.0,1.0,35.0,26.0,35.0,23.0,22.0,3.0,0.0
11834,0.0,0.0,0.0,0.0,2.0,1.0,16.0,1.0,35.0,26.0,35.0,23.0,22.0,3.0,2.0,-1.8704564571380615,-1.978783369064331,3.0,-1.9936442375183105,-1.603806734085083,-31.698749999999997,0.0,0.0,0.0,0.0,3.0,2.0,1.0,1.0,36.0,27.0,36.0,24.0,23.0,4.0,0.0
11835,0.0,0.0,0.0,0.0,3.0,2.0,1.0,1.0,36.0,27.0,36.0,24.0,23.0,4.0,0.0,-1.49229896068573,-1.4111340045928955,10.0,-1.9193166494369507,0.4061860144138336,-18.59875,0.0,0.0,0.0,0.4061860144138336,1.0,3.0,2.0,2.0,37.0,28.0,37.0,25.0,24.0,5.0,0.0
11836,0.0,0.0,0.0,0.4061860144138336,1.0,3.0,2.0,2.0,37.0,28.0,37.0,25.0,24.0,5.0,0.0,-1.7340205907821655,-0.8314552307128906,10.0,-1.8255245685577393,-1.8094342947006226,-19.29875,0.0,0.0,0.0,0.0,1.0,4.0,3.0,3.0,38.0,29.0,38.0,26.0,25.0,6.0,0.0
11837,0.0,0.0,0.0,0.0,1.0,4.0,3.0,3.0,38.0,29.0,38.0,26.0,25.0,6.0,2.0,-1.4338109493255615,-1.693044900894165,10.0,-1.979203701019287,-1.687230110168457,-32.598749999999995,0.0,0.0,0.0,0.0,2.0,5.0,1.0,4.0,39.0,30.0,39.0,27.0,26.0,7.0,0.0
11838,0.0,0.0,0.0,0.0,2.0,5.0,1.0,4.0,39.0,30.0,39.0,27.0,26.0,7.0,0.0,-1.6555474996566772,-1.9308110475540161,10.0,-1.8866363763809204,0.9802230000495911,-20.89875,0.0,0.0,0.0,0.9802230000495911,1.0,6.0,2.0,5.0,40.0,31.0,40.0,28.0,27.0,8.0,0.0
11839,0.0,0.0,0.0,0.9802230000495911,1.0,6.0,2.0,5.0,40.0,31.0,40.0,28.0,27.0,8.0,7.0,-1.9315160512924194,-1.2575241327285767,10.0,-1.7348108291625977,-1.7075200080871582,-26.65875,0.0,0.0,0.0,0.0,2.0,7.0,3.0,6.0,41.0,32.0,41.0,1.0,28.0,9.0,0.0
11840,0.0,0.0,0.0,0.0,2.0,7.0,3.0,6.0,41.0,32.0,41.0,1.0,28.0,9.0,8.0,-1.9346950054168701,-1.7021520137786865,3.0,-1.9664839506149292,-1.8859424591064453,-29.353749999999998,0.0,0.0,0.0,0.0,3.0,8.0,4.0,1.0,42.0,33.0,42.0,2.0,1.0,10.0,0.0
11841,0.0,0.0,0.0,0.0,3.0,8.0,4.0,1.0,42.0,33.0,42.0,2.0,1.0,10.0,10.0,-1.5789583921432495,-1.948182463645935,3.0,-1.8452109098434448,-1.5245260000228882,-15.6,0.0,0.0,0.0,0.0,4.0,9.0,5.0,1.0,43.0,34.0,43.0,3.0,2.0,11.0,0.0
11842,0.0,0.0,0.0,0.0,4.0,9.0,5.0,1.0,43.0,34.0,43.0,3.0,2.0,11.0,0.0,-1.8770813941955566,-1.041385293006897,3.0,-1.7409695386886597,-1.9033143520355225,-18.39875,0.0,0.0,0.0,0.0,1.0,10.0,6.0,1.0,44.0,35.0,44.0,4.0,3.0,12.0,0.0
11843,0.0,0.0,0.0,0.0,1.0,10.0,6.0,1.0,44.0,35.0,44.0,4.0,3.0,12.0,10.0,-1.6150742769241333,-1.7574481964111328,3.0,1.8119245767593384,-1.161207675933838,-17.0,0.0,0.0,1.8119245767593384,0.0,2.0,11.0,7.0,1.0,45.0,36.0,45.0,5.0,4.0,13.0,0.0
11844,0.0,0.0,1.8119245767593384,0.0,2.0,11.0,7.0,1.0,45.0,36.0,45.0,5.0,4.0,13.0,10.0,-1.827584147453308,-1.8373072147369385,3.0,-1.9273895025253296,-1.6858044862747192,-17.9,0.0,0.0,0.0,0.0,3.0,12.0,8.0,1.0,46.0,37.0,46.0,6.0,5.0,14.0,0.0
11845,0.0,0.0,0.0,0.0,3.0,12.0,8.0,1.0,46.0,37.0,46.0,6.0,5.0,14.0,0.0,-1.7872124910354614,-1.8877294063568115,3.0,-1.140891194343567,-1.780039668083191,-20.69875,0.0,0.0,0.0,0.0,1.0,13.0,9.0,1.0,47.0,38.0,47.0,7.0,6.0,15.0,0.0
11846,0.0,0.0,0.0,0.0,1.0,13.0,9.0,1.0,47.0,38.0,47.0,7.0,6.0,15.0,10.0,-1.893101453781128,-1.9324183464050293,3.0,-1.5116020441055298,-1.7359979152679443,-19.4,0.0,0.0,0.0,0.0,2.0,14.0,10.0,1.0,48.0,39.0,48.0,8.0,7.0,16.0,0.0
11847,0.0,0.0,0.0,0.0,2.0,14.0,10.0,1.0,48.0,39.0,48.0,8.0,7.0,16.0,0.0,-1.4923512935638428,-1.7575199604034424,3.0,-1.6170454025268555,-1.89500892162323,-22.19875,0.0,0.0,0.0,0.0,1.0,15.0,11.0,1.0,49.0,40.0,49.0,9.0,8.0,17.0,0.0
11848,0.0,0.0,0.0,0.0,1.0,15.0,11.0,1.0,49.0,40.0,49.0,9.0,8.0,17.0,0.0,-1.766311526298523,-1.9444286823272705,3.0,-1.6294903755187988,-1.8532192707061768,-22.89875,0.0,0.0,0.0,0.0,1.0,16.0,12.0,1.0,50.0,41.0,50.0,10.0,9.0,18.0,0.0
11849,0.0,0.0,0.0,0.0,1.0,16.0,12.0,1.0,50.0,41.0,50.0,10.0,9.0,18.0,10.0,-1.8329174518585205,-1.507321834564209,3.0,-1.8809152841567993,-1.8461380004882812,-21.8,0.0,0.0,0.0,0.0,2.0,17.0,13.0,1.0,51.0,42.0,51.0,11.0,10.0,19.0,0.0
11850,0.0,0.0,0.0,0.0,2.0,17.0,13.0,1.0,51.0,42.0,51.0,11.0,10.0,19.0,0.0,-1.8797099590301514,-1.6806730031967163,3.0,-1.981838583946228,-1.8856241703033447,-24.59875,0.0,0.0,0.0,0.0,1.0,18.0,14.0,1.0,52.0,43.0,52.0,12.0,11.0,20.0,0.0
11851,0.0,0.0,0.0,0.0,1.0,18.0,14.0,1.0,52.0,43.0,52.0,12.0,11.0,20.0,10.0,-1.9050407409667969,-1.792637825012207,3.0,-1.853352427482605,-1.4595255851745605,-23.4,0.0,0.0,0.0,0.0,2.0,19.0,15.0,1.0,53.0,44.0,53.0,13.0,12.0,21.0,0.0
11852,0.0,0.0,0.0,0.0,2.0,19.0,15.0,1.0,53.0,44.0,53.0,13.0,12.0,21.0,10.0,-1.8154810667037964,-1.8527406454086304,3.0,-1.6845875978469849,-1.8690850734710693,-24.3,0.0,0.0,0.0,0.0,3.0,20.0,16.0,1.0,54.0,45.0,54.0,14.0,13.0,22.0,0.0
11853,0.0,0.0,0.0,0.0,3.0,20.0,16.0,1.0,54.0,45.0,54.0,14.0,13.0,22.0,0.0,-1.929145336151123,-1.1595890522003174,3.0,-1.7736101150512695,-1.9582945108413696,-27.09875,0.0,0.0,0.0,0.0,1.0,21.0,17.0,1.0,55.0,46.0,55.0,15.0,14.0,23.0,0.0
11854,0.0,0.0,0.0,0.0,1.0,21.0,17.0,1.0,55.0,46.0,55.0,15.0,14.0,23.0,0.0,-1.4583396911621094,-1.92037034034729,3.0,-1.793061375617981,-1.796779990196228,-27.69875,0.0,0.0,0.0,0.0,1.0,22.0,18.0,1.0,56.0,47.0,56.0,16.0,15.0,24.0,0.0
11855,0.0,0.0,0.0,0.0,1.0,22.0,18.0,1.0,56.0,47.0,56.0,16.0,15.0,24.0,2.0,-1.878833293914795,-1.9297258853912354,3.0,-1.7914012670516968,-1.9434728622436523,-40.89875,0.0,0.0,0.0,0.0,2.0,23.0,1.0,1.0,57.0,48.0,57.0,17.0,16.0,25.0,0.0
11856,0.0,0.0,0.0,0.0,2.0,23.0,1.0,1.0,57.0,48.0,57.0,17.0,16.0,25.0,0.0,-1.98456609249115,-1.921562910079956,3.0,-1.7163804769515991,-1.9169827699661255,-27.59875,0.0,0.0,0.0,0.0,1.0,24.0,2.0,1.0,58.0,49.0,58.0,18.0,17.0,26.0,0.0
11857,0.0,0.0,0.0,0.0,1.0,24.0,2.0,1.0,58.0,49.0,58.0,18.0,17.0,26.0,10.0,-1.833851933479309,-1.8560373783111572,3.0,-1.6815558671951294,-1.8312016725540161,-26.4,0.0,0.0,0.0,0.0,2.0,25.0,3.0,1.0,59.0,50.0,59.0,19.0,18.0,27.0,0.0
11858,0.0,0.0,0.0,0.0,2.0,25.0,3.0,1.0,59.0,50.0,59.0,19.0,18.0,27.0,10.0,-1.785862684249878,-1.9117308855056763,3.0,-1.8615162372589111,-1.9428175687789917,-27.3,0.0,0.0,0.0,0.0,3.0,26.0,4.0,1.0,60.0,51.0,60.0,20.0,19.0,28.0,0.0
11859,0.0,0.0,0.0,0.0,3.0,26.0,4.0,1.0,60.0,51.0,60.0,20.0,19.0,28.0,10.0,-1.9294695854187012,-1.9739105701446533,3.0,-1.7737174034118652,-1.86452317237854,-28.2,0.0,0.0,0.0,0.0,4.0,27.0,5.0,1.0,61.0,52.0,61.0,21.0,20.0,29.0,0.0
11860,0.0,0.0,0.0,0.0,4.0,27.0,5.0,1.0,61.0,52.0,61.0,21.0,20.0,29.0,10.0,-1.9778167009353638,-1.986182689666748,3.0,-1.7481168508529663,-1.6867773532867432,-29.1,0.0,0.0,0.0,0.0,5.0,28.0,6.0,1.0,62.0,53.0,62.0,22.0,21.0,30.0,0.0
11861,0.0,0.0,0.0,0.0,5.0,28.0,6.0,1.0,62.0,53.0,62.0,22.0,21.0,30.0,10.0,-1.8373314142227173,-1.8562904596328735,3.0,-1.9420489072799683,-1.9822824001312256,-30.0,0.0,0.0,0.0,0.0,6.0,29.0,7.0,1.0,63.0,54.0,63.0,23.0,22.0,31.0,0.0
11862,0.0,0.0,0.0,0.0,6.0,29.0,7.0,1.0,63.0,54.0,63.0,23.0,22.0,31.0,10.0,-1.6414189338684082,-1.880557656288147,3.0,-1.4577949047088623,-1.9026432037353516,-30.9,0.0,0.0,0.0,0.0,7.0,30.0,8.0,1.0,64.0,55.0,64.0,24.0,23.0,32.0,0.0
11863,0.0,0.0,0.0,0.0,7.0,30.0,8.0,1.0,64.0,55.0,64.0,24.0,23.0,32.0,0.0,-1.8906704187393188,-1.875914454460144,3.0,-1.8929804563522339,-1.8237794637680054,-33.698750000000004,0.0,0.0,0.0,0.0,1.0,31.0,9.0,1.0,65.0,56.0,65.0,25.0,24.0,33.0,0.0
11864,0.0,0.0,0.0,0.0,1.0,31.0,9.0,1.0,65.0,56.0,65.0,25.0,24.0,33.0,0.0,-1.7846319675445557,-1.8405815362930298,3.0,-1.8880842924118042,-1.751126766204834,-33.89875,0.0,0.0,0.0,0.0,1.0,32.0,10.0,1.0,66.0,57.0,66.0,26.0,25.0,34.0,0.0
11865,0.0,0.0,0.0,0.0,1.0,32.0,10.0,1.0,66.0,57.0,66.0,26.0,25.0,34.0,0.0,-0.5257686972618103,-1.8458278179168701,3.0,-1.9427361488342285,-1.9719786643981934,-34.69875,0.0,0.0,0.0,0.0,1.0,33.0,11.0,1.0,67.0,58.0,67.0,27.0,26.0,35.0,0.0
11866,0.0,0.0,0.0,0.0,1.0,33.0,11.0,1.0,67.0,58.0,67.0,27.0,26.0,35.0,0.0,-1.6923680305480957,-1.3413804769515991,3.0,-1.9534348249435425,-1.9934794902801514,-35.49875,0.0,0.0,0.0,0.0,1.0,34.0,12.0,1.0,68.0,59.0,68.0,28.0,27.0,36.0,0.0
11867,0.0,0.0,0.0,0.0,1.0,34.0,12.0,1.0,68.0,59.0,68.0,28.0,27.0,36.0,10.0,-1.6476353406906128,-1.4948455095291138,3.0,-1.616263747215271,-1.9524058103561401,-34.4,0.0,0.0,0.0,0.0,2.0,35.0,13.0,1.0,69.0,60.0,69.0,29.0,28.0,37.0,0.0
11868,0.0,0.0,0.0,0.0,2.0,35.0,13.0,1.0,69.0,60.0,69.0,29.0,28.0,37.0,2.0,-1.8209819793701172,-1.691272258758545,3.0,-1.8588790893554688,-1.8921672105789185,-49.598749999999995,0.0,0.0,0.0,0.0,3.0,36.0,1.0,1.0,70.0,61.0,70.0,30.0,29.0,38.0,0.0
11869,0.0,0.0,0.0,0.0,3.0,36.0,1.0,1.0,70.0,61.0,70.0,30.0,29.0,38.0,0.0,-1.8845205307006836,-1.6378110647201538,3.0,-1.9201793670654297,-1.991513729095459,-36.79875,0.0,0.0,0.0,0.0,1.0,37.0,2.0,1.0,71.0,62.0,71.0,31.0,30.0,39.0,0.0
11870,0.0,0.0,0.0,0.0,1.0,37.0,2.0,1.0,71.0,62.0,71.0,31.0,30.0,39.0,0.0,-1.4315266609191895,-1.8065506219863892,3.0,-1.9215835332870483,-1.9948148727416992,-37.39875,0.0,0.0,0.0,0.0,1.0,38.0,3.0,1.0,72.0,63.0,72.0,32.0,31.0,40.0,0.0
11871,0.0,0.0,0.0,0.0,1.0,38.0,3.0,1.0,72.0,63.0,72.0,32.0,31.0,40.0,0.0,-1.7936739921569824,-1.9406464099884033,3.0,-1.9968087673187256,-1.9774483442306519,-38.19875,0.0,0.0,0.0,0.0,1.0,39.0,4.0,1.0,73.0,64.0,73.0,33.0,32.0,41.0,0.0
11872,0.0,0.0,0.0,0.0,1.0,39.0,4.0,1.0,73.0,64.0,73.0,33.0,32.0,41.0,10.0,-1.8261264562606812,-1.949163556098938,3.0,-1.9444254636764526,-1.9721999168395996,-37.1,0.0,0.0,0.0,0.0,2.0,40.0,5.0,1.0,74.0,65.0,74.0,34.0,33.0,42.0,0.0
11873,0.0,0.0,0.0,0.0,2.0,40.0,5.0,1.0,74.0,65.0,74.0,34.0,33.0,42.0,0.0,-1.9219893217086792,-1.8111727237701416,3.0,-1.9721040725708008,-1.9913278818130493,-39.89875,0.0,0.0,0.0,0.0,1.0,41.0,6.0,1.0,75.0,66.0,75.0,35.0,34.0,43.0,0.0
11874,0.0,0.0,0.0,0.0,1.0,41.0,6.0,1.0,75.0,66.0,75.0,35.0,34.0,43.0,10.0,-1.7427082061767578,-1.9108706712722778,3.0,-1.9709492921829224,-1.9899752140045166,-38.7,0.0,0.0,0.0,0.0,2.0,42.0,7.0,1.0,76.0,67.0,76.0,36.0,35.0,44.0,0.0
11875,0.0,0.0,0.0,0.0,2.0,42.0,7.0,1.0,76.0,67.0,76.0,36.0,35.0,44.0,0.0,-1.8350768089294434,-1.8861736059188843,3.0,-1.988253116607666,-1.9904593229293823,-41.49875,0.0,0.0,0.0,0.0,1.0,43.0,8.0,1.0,77.0,68.0,77.0,37.0,36.0,45.0,0.0
11876,0.0,0.0,0.0,0.0,1.0,43.0,8.0,1.0,77.0,68.0,77.0,37.0,36.0,45.0,0.0,-1.826450228691101,-1.6995153427124023,3.0,-1.9657236337661743,-1.9979445934295654,-42.19875,0.0,0.0,0.0,0.0,1.0,44.0,9.0,1.0,78.0,69.0,78.0,38.0,37.0,46.0,0.0
11877,0.0,0.0,0.0,0.0,1.0,44.0,9.0,1.0,78.0,69.0,78.0,38.0,37.0,46.0,2.0,-1.9369564056396484,-1.9555617570877075,3.0,-1.944170355796814,-1.9896587133407593,-55.39875,0.0,0.0,0.0,0.0,2.0,45.0,1.0,1.0,79.0,70.0,79.0,39.0,38.0,47.0,0.0
11878,0.0,0.0,0.0,0.0,2.0,45.0,1.0,1.0,79.0,70.0,79.0,39.0,38.0,47.0,0.0,-1.9214528799057007,-1.974650263786316,3.0,-1.9669393301010132,-1.9962971210479736,-42.99875,0.0,0.0,0.0,0.0,1.0,46.0,2.0,1.0,80.0,71.0,80.0,40.0,39.0,48.0,0.0
11879,0.0,0.0,0.0,0.0,1.0,46.0,2.0,1.0,80.0,71.0,80.0,40.0,39.0,48.0,0.0,-1.9294623136520386,-1.918701171875,3.0,-1.951572060585022,-1.9969831705093384,-43.69875,0.0,0.0,0.0,0.0,1.0,47.0,3.0,1.0,81.0,72.0,81.0,41.0,40.0,49.0,0.0
11880,0.0,0.0,0.0,0.0,1.0,47.0,3.0,1.0,81.0,72.0,81.0,41.0,40.0,49.0,0.0,-1.9241560697555542,-1.9631426334381104,3.0,-1.8304412364959717,-1.997267246246338,-44.49875,0.0,0.0,0.0,0.0,1.0,48.0,4.0,1.0,82.0,73.0,82.0,42.0,41.0,50.0,0.0
11881,0.0,0.0,0.0,0.0,1.0,48.0,4.0,1.0,82.0,73.0,82.0,42.0,41.0,50.0,0.0,-1.9814262390136719,-1.9339866638183594,3.0,-1.9083867073059082,-1.97991943359375,-45.29875,0.0,0.0,0.0,0.0,1.0,49.0,5.0,1.0,83.0,74.0,83.0,43.0,42.0,51.0,0.0
11882,0.0,0.0,0.0,0.0,1.0,49.0,5.0,1.0,83.0,74.0,83.0,43.0,42.0,51.0,0.0,-1.9954135417938232,-1.8444634675979614,9.0,-1.9070576429367065,-1.99152410030365,-46.09875,0.0,0.0,0.0,0.0,1.0,50.0,6.0,2.0,84.0,75.0,84.0,44.0,43.0,1.0,0.0
11883,0.0,0.0,0.0,0.0,1.0,50.0,6.0,2.0,84.0,75.0,84.0,44.0,43.0,1.0,0.0,-1.8655083179473877,-1.6288353204727173,3.0,-1.1740953922271729,-1.172376036643982,-41.89875,0.0,0.0,0.0,0.0,1.0,51.0,7.0,1.0,85.0,76.0,85.0,45.0,44.0,2.0,0.0
11884,0.0,0.0,0.0,0.0,1.0,51.0,7.0,1.0,85.0,76.0,85.0,45.0,44.0,2.0,0.0,-1.8721626996994019,-1.223318099975586,3.0,-1.9869177341461182,-1.6633532047271729,-42.59875,0.0,0.0,0.0,0.0,1.0,52.0,8.0,1.0,86.0,77.0,86.0,46.0,45.0,3.0,0.0
11885,0.0,0.0,0.0,0.0,1.0,52.0,8.0,1.0,86.0,77.0,86.0,46.0,45.0,3.0,0.0,-1.6002298593521118,-1.5922298431396484,3.0,-1.8533899784088135,-1.6393918991088867,-43.39875,0.0,0.0,0.0,0.0,1.0,53.0,9.0,1.0,87.0,78.0,87.0,47.0,46.0,4.0,0.0
11886,0.0,0.0,0.0,0.0,1.0,53.0,9.0,1.0,87.0,78.0,87.0,47.0,46.0,4.0,0.0,-1.9078199863433838,-1.4063798189163208,3.0,-1.9927257299423218,-1.977893352508545,-44.19875,0.0,0.0,0.0,0.0,1.0,54.0,10.0,1.0,88.0,79.0,88.0,48.0,47.0,5.0,0.0
11887,0.0,0.0,0.0,0.0,1.0,54.0,10.0,1.0,88.0,79.0,88.0,48.0,47.0,5.0,0.0,-1.8417847156524658,1.0764256715774536,3.0,-1.9933897256851196,-1.9622607231140137,-44.67780935781329,0.0,1.0764256715774536,0.0,0.0,1.0,55.0,11.0,1.0,89.0,80.0,89.0,49.0,48.0,6.0,0.0
11888,0.0,1.0764256715774536,0.0,0.0,1.0,55.0,11.0,1.0,89.0,80.0,89.0,49.0,48.0,6.0,0.0,-1.9253456592559814,-1.0837434530258179,3.0,-1.8129878044128418,-1.9366297721862793,-45.79875,0.0,0.0,0.0,0.0,1.0,56.0,12.0,1.0,90.0,81.0,90.0,50.0,49.0,7.0,0.0
11889,0.0,0.0,0.0,0.0,1.0,56.0,12.0,1.0,90.0,81.0,90.0,50.0,49.0,7.0,0.0,-1.8199539184570312,-1.9204140901565552,3.0,-1.9422709941864014,-1.4667867422103882,-46.59875,0.0,0.0,0.0,0.0,1.0,57.0,13.0,1.0,91.0,82.0,91.0,51.0,50.0,8.0,0.0
11890,0.0,0.0,0.0,0.0,1.0,57.0,13.0,1.0,91.0,82.0,91.0,51.0,50.0,8.0,0.0,-1.7585934400558472,-1.8912748098373413,3.0,-1.998389720916748,-1.9519435167312622,-47.39875,0.0,0.0,0.0,0.0,1.0,58.0,14.0,1.0,92.0,83.0,92.0,52.0,51.0,9.0,0.0
11891,0.0,0.0,0.0,0.0,1.0,58.0,14.0,1.0,92.0,83.0,92.0,52.0,51.0,9.0,0.0,-1.5929263830184937,-1.9940030574798584,3.0,-1.9891670942306519,-1.983398675918579,-48.19875,0.0,0.0,0.0,0.0,1.0,59.0,15.0,1.0,93.0,84.0,93.0,53.0,52.0,10.0,0.0
11892,0.0,0.0,0.0,0.0,1.0,59.0,15.0,1.0,93.0,84.0,93.0,53.0,52.0,10.0,0.0,-1.776793122291565,-1.2717862129211426,3.0,-1.9941363334655762,-1.9074994325637817,-48.99875,0.0,0.0,0.0,0.0,1.0,60.0,16.0,1.0,94.0,85.0,94.0,54.0,53.0,11.0,0.0
11893,0.0,0.0,0.0,0.0,1.0,60.0,16.0,1.0,94.0,85.0,94.0,54.0,53.0,11.0,0.0,-1.6358814239501953,-1.940752387046814,3.0,-1.9875998497009277,-1.925640344619751,-49.79875,0.0,0.0,0.0,0.0,1.0,61.0,17.0,1.0,95.0,86.0,95.0,55.0,54.0,12.0,0.0
11894,0.0,0.0,0.0,0.0,1.0,61.0,17.0,1.0,95.0,86.0,95.0,55.0,54.0,12.0,0.0,-1.9513696432113647,-1.5107157230377197,3.0,-1.9006638526916504,-1.9613151550292969,-50.59875,0.0,0.0,0.0,0.0,1.0,62.0,18.0,1.0,96.0,87.0,96.0,56.0,55.0,13.0,0.0
11895,0.0,0.0,0.0,0.0,1.0,62.0,18.0,1.0,96.0,87.0,96.0,56.0,55.0,13.0,0.0,-1.739056944847107,-1.9729207754135132,3.0,-1.9490346908569336,-1.980236530303955,-51.39875,0.0,0.0,0.0,0.0,1.0,63.0,19.0,1.0,97.0,88.0,97.0,57.0,56.0,14.0,0.0
11896,0.0,0.0,0.0,0.0,1.0,63.0,19.0,1.0,97.0,88.0,97.0,57.0,56.0,14.0,0.0,-1.8623147010803223,-1.6684585809707642,3.0,-1.9788283109664917,-1.9027185440063477,-52.19875,0.0,0.0,0.0,0.0,1.0,64.0,20.0,1.0,98.0,89.0,98.0,58.0,57.0,15.0,0.0
11897,0.0,0.0,0.0,0.0,1.0,64.0,20.0,1.0,98.0,89.0,98.0,58.0,57.0,15.0,0.0,-1.94338059425354,-1.725504994392395,3.0,-1.8780609369277954,-1.980097770690918,-52.99875,0.0,0.0,0.0,0.0,1.0,65.0,21.0,1.0,99.0,90.0,99.0,59.0,58.0,16.0,0.0
11898,0.0,0.0,0.0,0.0,1.0,65.0,21.0,1.0,99.0,90.0,99.0,59.0,58.0,16.0,0.0,-1.9798107147216797,-1.9610875844955444,3.0,-1.9484953880310059,-1.8883181810379028,-53.79875,0.0,0.0,0.0,0.0,1.0,66.0,22.0,1.0,100.0,91.0,100.0,60.0,59.0,17.0,0.0
11899,0.0,0.0,0.0,0.0,1.0,66.0,22.0,1.0,100.0,91.0,100.0,60.0,59.0,17.0,0.0,-1.8125542402267456,-1.9955902099609375,3.0,-1.9580098390579224,-1.9248948097229004,-54.39875,0.0,0.0,0.0,0.0,1.0,67.0,23.0,1.0,100.0,92.0,100.0,61.0,60.0,18.0,1.0
11900,2.670403003692627,9.998758316040039,1.1968327760696411,4.900895118713379,1.0,1.0,1.0,1.0,1.0,1.0,1.0,1.0,1.0,1.0,8.0,-0.41925880312919617,-1.9860928058624268,3.0,0.9087502360343933,-1.9372930526733398,-2.669804992545032,2.251144200563431,8.012665510177612,2.1055830121040344,2.963602066040039,2.0,2.0,2.0,1.0,2.0,2.0,2.0,2.0,1.0,2.0,0.0
11901,2.251144200563431,8.012665510177612,2.1055830121040344,2.963602066040039,2.0,2.0,2.0,1.0,2.0,2.0,2.0,2.0,1.0,2.0,8.0,-1.5754464864730835,-1.949813723564148,3.0,-0.5939947962760925,-1.9642585515975952,-4.988039004678359,0.6756977140903473,6.062851786613464,1.511588215827942,0.9993435144424438,3.0,3.0,3.0,1.0,3.0,3.0,3.0,3.0,1.0,3.0,0.0
11902,0.6756977140903473,6.062851786613464,1.511588215827942,0.9993435144424438,3.0,3.0,3.0,1.0,3.0,3.0,3.0,3.0,1.0,3.0,2.0,-0.9012632966041565,-1.9118804931640625,3.0,-0.7791581749916077,-1.987742304801941,-11.561879508466152,0.0,4.150971293449402,0.7324300408363342,0.0,4.0,4.0,1.0,1.0,4.0,4.0,4.0,4.0,2.0,4.0,0.0
11903,0.0,4.150971293449402,0.7324300408363342,0.0,4.0,4.0,1.0,1.0,4.0,4.0,4.0,4.0,2.0,4.0,2.0,-1.306390643119812,-1.6996773481369019,1.0,-0.8410754203796387,-1.1677824258804321,-14.11081264965236,0.0,2.4512939453125,0.0,0.0,5.0,1.0,1.0,2.0,5.0,5.0,5.0,5.0,3.0,5.0,0.0
11904,0.0,2.4512939453125,0.0,0.0,5.0,1.0,1.0,2.0,5.0,5.0,5.0,5.0,3.0,5.0,2.0,-1.4540222883224487,-1.578348994255066,9.0,-0.22403252124786377,-1.780950903892517,-17.22257455377975,0.0,0.8729449510574341,0.0,0.0,6.0,2.0,1.0,3.0,6.0,6.0,6.0,6.0,4.0,1.0,0.0
11905,0.0,0.8729449510574341,0.0,0.0,6.0,2.0,1.0,3.0,6.0,6.0,6.0,6.0,4.0,1.0,9.0,-1.2413445711135864,-1.8951297998428345,0.0,-1.4707087278366089,-1.933769702911377,-7.618749999999999,0.0,0.0,0.0,0.0,1.0,3.0,2.0,4.0,7.0,7.0,7.0,7.0,5.0,1.0,0.0
11906,0.0,0.0,0.0,0.0,1.0,3.0,2.0,4.0,7.0,7.0,7.0,7.0,5.0,1.0,2.0,-1.5797423124313354,-1.12247896194458,10.0,-1.6522932052612305,-1.630860447883606,-19.698749999999997,0.0,0.0,0.0,0.0,2.0,4.0,1.0,5.0,8.0,8.0,8.0,8.0,6.0,2.0,0.0
11907,0.0,0.0,0.0,0.0,2.0,4.0,1.0,5.0,8.0,8.0,8.0,8.0,6.0,2.0,0.0,-1.597905158996582,-0.22568775713443756,3.0,-1.8508663177490234,-1.6728274822235107,-8.09875,0.0,0.0,0.0,0.0,1.0,5.0,2.0,1.0,9.0,9.0,9.0,9.0,7.0,3.0,0.0
11908,0.0,0.0,0.0,0.0,1.0,5.0,2.0,1.0,9.0,9.0,9.0,9.0,7.0,3.0,2.0,0.1289350837469101,-1.3145034313201904,8.0,-1.8852365016937256,-1.0382572412490845,-20.541522565902206,0.1289350837469101,0.0,0.0,0.0,2.0,6.0,1.0,2.0,10.0,10.0,10.0,10.0,1.0,4.0,0.0
11909,0.1289350837469101,0.0,0.0,0.0,2.0,6.0,1.0,2.0,10.0,10.0,10.0,10.0,1.0,4.0,0.0,-1.9297666549682617,-1.7649470567703247,1.0,0.9012662172317505,-0.669808566570282,-8.49875,0.0,0.0,0.9012662172317505,0.0,1.0,1.0,2.0,3.0,11.0,11.0,11.0,11.0,2.0,5.0,0.0
11910,0.0,0.0,0.9012662172317505,0.0,1.0,1.0,2.0,3.0,11.0,11.0,11.0,11.0,2.0,5.0,10.0,-1.8745145797729492,-1.1948291063308716,3.0,-1.7817820310592651,-1.6499485969543457,-6.8,0.0,0.0,0.0,0.0,2.0,2.0,3.0,1.0,12.0,12.0,12.0,12.0,3.0,6.0,0.0
11911,0.0,0.0,0.0,0.0,2.0,2.0,3.0,1.0,12.0,12.0,12.0,12.0,3.0,6.0,10.0,-1.385318398475647,-1.736386775970459,10.0,-1.27933669090271,-1.0652251243591309,-7.5,0.0,0.0,0.0,0.0,3.0,3.0,4.0,2.0,13.0,13.0,13.0,13.0,4.0,7.0,0.0
11912,0.0,0.0,0.0,0.0,3.0,3.0,4.0,2.0,13.0,13.0,13.0,13.0,4.0,7.0,2.0,-1.7574788331985474,-1.4521620273590088,3.0,-1.680709719657898,-1.518410325050354,-22.79875,0.0,0.0,0.0,0.0,4.0,4.0,1.0,1.0,14.0,14.0,14.0,14.0,5.0,8.0,0.0
11913,0.0,0.0,0.0,0.0,4.0,4.0,1.0,1.0,14.0,14.0,14.0,14.0,5.0,8.0,0.0,-1.8880125284194946,-0.4466469883918762,9.0,0.17030714452266693,-1.9074722528457642,-10.79875,0.0,0.0,0.17030714452266693,0.0,1.0,5.0,2.0,2.0,15.0,15.0,15.0,15.0,6.0,1.0,0.0
11914,0.0,0.0,0.17030714452266693,0.0,1.0,5.0,2.0,2.0,15.0,15.0,15.0,15.0,6.0,1.0,9.0,-1.29314124584198,-0.4951530396938324,10.0,-1.0278120040893555,-0.6028037667274475,-11.218749999999998,0.0,0.0,0.0,0.0,2.0,6.0,3.0,3.0,16.0,16.0,16.0,16.0,7.0,1.0,0.0
11915,0.0,0.0,0.0,0.0,2.0,6.0,3.0,3.0,16.0,16.0,16.0,16.0,7.0,1.0,0.0,-1.9475380182266235,-0.7460611462593079,10.0,-0.8173900842666626,-1.3330048322677612,-11.49875,0.0,0.0,0.0,0.0,1.0,7.0,4.0,4.0,17.0,17.0,17.0,17.0,8.0,2.0,0.0
11916,0.0,0.0,0.0,0.0,1.0,7.0,4.0,4.0,17.0,17.0,17.0,17.0,8.0,2.0,2.0,-1.6683919429779053,0.7380043268203735,10.0,-1.8716659545898438,-1.3760812282562256,-23.181701420692658,0.0,0.7380043268203735,0.0,0.0,2.0,8.0,1.0,5.0,18.0,18.0,18.0,18.0,9.0,3.0,0.0
11917,0.0,0.7380043268203735,0.0,0.0,2.0,8.0,1.0,5.0,18.0,18.0,18.0,18.0,9.0,3.0,0.0,-1.5130492448806763,-1.3847397565841675,3.0,-1.8951703310012817,-1.86387300491333,-12.89875,0.0,0.0,0.0,0.0,1.0,9.0,2.0,1.0,19.0,19.0,19.0,19.0,10.0,4.0,0.0
11918,0.0,0.0,0.0,0.0,1.0,9.0,2.0,1.0,19.0,19.0,19.0,19.0,10.0,4.0,7.0,-0.28520020842552185,-1.2867908477783203,10.0,-1.3126437664031982,-1.8464279174804688,-18.15875,0.0,0.0,0.0,0.0,2.0,10.0,3.0,2.0,20.0,20.0,20.0,1.0,11.0,5.0,0.0
11919,0.0,0.0,0.0,0.0,2.0,10.0,3.0,2.0,20.0,20.0,20.0,1.0,11.0,5.0,8.0,-1.2248409986495972,-1.8521709442138672,3.0,-0.8364244103431702,-1.9437323808670044,-21.75375,0.0,0.0,0.0,0.0,3.0,11.0,4.0,1.0,21.0,21.0,21.0,2.0,1.0,6.0,0.0
11920,0.0,0.0,0.0,0.0,3.0,11.0,4.0,1.0,21.0,21.0,21.0,2.0,1.0,6.0,10.0,-1.3761703968048096,-1.3107773065567017,3.0,-1.0095072984695435,-1.8368393182754517,-10.1,0.0,0.0,0.0,0.0,4.0,12.0,5.0,1.0,22.0,22.0,22.0,3.0,2.0,7.0,0.0
11921,0.0,0.0,0.0,0.0,4.0,12.0,5.0,1.0,22.0,22.0,22.0,3.0,2.0,7.0,0.0,-1.8639036417007446,-0.41934385895729065,3.0,-1.189594030380249,-1.8544743061065674,-12.89875,0.0,0.0,0.0,0.0,1.0,13.0,6.0,1.0,23.0,23.0,23.0,4.0,3.0,8.0,0.0
11922,0.0,0.0,0.0,0.0,1.0,13.0,6.0,1.0,23.0,23.0,23.0,4.0,3.0,8.0,0.0,-1.4426417350769043,-1.6954081058502197,3.0,-1.8623665571212769,-1.4823217391967773,-13.39875,0.0,0.0,0.0,0.0,1.0,14.0,7.0,1.0,24.0,24.0,24.0,5.0,4.0,9.0,0.0
11923,0.0,0.0,0.0,0.0,1.0,14.0,7.0,1.0,24.0,24.0,24.0,5.0,4.0,9.0,0.0,-1.7414326667785645,-1.9415204524993896,9.0,-1.4303264617919922,-1.9006484746932983,-14.19875,0.0,0.0,0.0,0.0,1.0,15.0,8.0,2.0,25.0,25.0,25.0,6.0,5.0,1.0,0.0
11924,0.0,0.0,0.0,0.0,1.0,15.0,8.0,2.0,25.0,25.0,25.0,6.0,5.0,1.0,0.0,-0.956440269947052,-1.1098835468292236,3.0,-1.8935812711715698,-1.9216387271881104,-14.19875,0.0,0.0,0.0,0.0,1.0,16.0,9.0,1.0,26.0,26.0,26.0,7.0,6.0,2.0,0.0
11925,0.0,0.0,0.0,0.0,1.0,16.0,9.0,1.0,26.0,26.0,26.0,7.0,6.0,2.0,10.0,-1.9014208316802979,-1.5217989683151245,3.0,-1.4955782890319824,-0.7094401121139526,-13.0,0.0,0.0,0.0,0.0,2.0,17.0,10.0,1.0,27.0,27.0,27.0,8.0,7.0,3.0,0.0
11926,0.0,0.0,0.0,0.0,2.0,17.0,10.0,1.0,27.0,27.0,27.0,8.0,7.0,3.0,0.0,-1.6383726596832275,-1.7454906702041626,3.0,-1.841227650642395,-1.316758155822754,-15.79875,0.0,0.0,0.0,0.0,1.0,18.0,11.0,1.0,28.0,28.0,28.0,9.0,8.0,4.0,0.0
11927,0.0,0.0,0.0,0.0,1.0,18.0,11.0,1.0,28.0,28.0,28.0,9.0,8.0,4.0,10.0,-1.958161473274231,-0.45065078139305115,3.0,-1.7921658754348755,-1.8557426929473877,-14.6,0.0,0.0,0.0,0.0,2.0,19.0,12.0,1.0,29.0,29.0,29.0,10.0,9.0,5.0,0.0
11928,0.0,0.0,0.0,0.0,2.0,19.0,12.0,1.0,29.0,29.0,29.0,10.0,9.0,5.0,0.0,-1.9159996509552002,-1.2499027252197266,3.0,-1.1488333940505981,-1.6072407960891724,-17.39875,0.0,0.0,0.0,0.0,1.0,20.0,13.0,1.0,30.0,30.0,30.0,11.0,10.0,6.0,0.0
11929,0.0,0.0,0.0,0.0,1.0,20.0,13.0,1.0,30.0,30.0,30.0,11.0,10.0,6.0,0.0,-1.1985210180282593,-1.8426376581192017,3.0,-1.822206735610962,-1.6613916158676147,-18.09875,0.0,0.0,0.0,0.0,1.0,21.0,14.0,1.0,31.0,31.0,31.0,12.0,11.0,7.0,0.0
11930,0.0,0.0,0.0,0.0,1.0,21.0,14.0,1.0,31.0,31.0,31.0,12.0,11.0,7.0,0.0,-1.9147603511810303,-1.6111526489257812,3.0,-1.9114367961883545,-1.807590126991272,-18.89875,0.0,0.0,0.0,0.0,1.0,22.0,15.0,1.0,32.0,32.0,32.0,13.0,12.0,8.0,0.0
11931,0.0,0.0,0.0,0.0,1.0,22.0,15.0,1.0,32.0,32.0,32.0,13.0,12.0,8.0,2.0,-0.5835742950439453,-1.8603076934814453,9.0,-1.5288549661636353,-1.7408303022384644,-32.098749999999995,0.0,0.0,0.0,0.0,2.0,23.0,1.0,2.0,33.0,33.0,33.0,14.0,13.0,1.0,0.0
11932,0.0,0.0,0.0,0.0,2.0,23.0,1.0,2.0,33.0,33.0,33.0,14.0,13.0,1.0,7.0,-1.9263464212417603,-0.676690399646759,3.0,-0.7399241328239441,-1.7133617401123047,-23.35875,0.0,0.0,0.0,0.0,3.0,24.0,2.0,1.0,34.0,34.0,34.0,1.0,14.0,2.0,0.0
11933,0.0,0.0,0.0,0.0,3.0,24.0,2.0,1.0,34.0,34.0,34.0,1.0,14.0,2.0,8.0,-1.208014965057373,-1.8267226219177246,3.0,-0.6776311993598938,-1.749870777130127,-27.25375,0.0,0.0,0.0,0.0,4.0,25.0,3.0,1.0,35.0,35.0,35.0,2.0,1.0,3.0,0.0
11934,0.0,0.0,0.0,0.0,4.0,25.0,3.0,1.0,35.0,35.0,35.0,2.0,1.0,3.0,0.0,-1.9721847772598267,-0.9415873289108276,3.0,-0.7367859482765198,-1.933327555656433,-17.298750000000002,0.0,0.0,0.0,0.0,1.0,26.0,4.0,1.0,36.0,36.0,36.0,3.0,2.0,4.0,0.0
11935,0.0,0.0,0.0,0.0,1.0,26.0,4.0,1.0,36.0,36.0,36.0,3.0,2.0,4.0,2.0,-1.9163429737091064,-1.0002779960632324,3.0,-1.1550542116165161,-1.7161493301391602,-30.198749999999997,0.0,0.0,0.0,0.0,2.0,27.0,1.0,1.0,37.0,37.0,37.0,4.0,3.0,5.0,0.0
11936,0.0,0.0,0.0,0.0,2.0,27.0,1.0,1.0,37.0,37.0,37.0,4.0,3.0,5.0,0.0,-1.8349117040634155,1.156826376914978,3.0,0.348232626914978,-1.7649445533752441,-17.9682540610151,0.0,1.156826376914978,0.348232626914978,0.0,1.0,28.0,2.0,1.0,38.0,38.0,38.0,5.0,4.0,6.0,0.0
11937,0.0,1.156826376914978,0.348232626914978,0.0,1.0,28.0,2.0,1.0,38.0,38.0,38.0,5.0,4.0,6.0,10.0,-1.9229938983917236,0.6128073334693909,3.0,-1.6557821035385132,-1.5079923868179321,-17.1,0.0,1.769633710384369,0.0,0.0,2.0,29.0,3.0,1.0,39.0,39.0,39.0,6.0,5.0,7.0,0.0
11938,0.0,1.769633710384369,0.0,0.0,2.0,29.0,3.0,1.0,39.0,39.0,39.0,6.0,5.0,7.0,0.0,-1.7327464818954468,-0.8603560924530029,3.0,-0.27720585465431213,-1.5731415748596191,-19.60408770456491,0.0,0.909277617931366,0.0,0.0,1.0,30.0,4.0,1.0,40.0,40.0,40.0,7.0,6.0,8.0,0.0
11939,0.0,0.909277617931366,0.0,0.0,1.0,30.0,4.0,1.0,40.0,40.0,40.0,7.0,6.0,8.0,2.0,-1.7329798936843872,-0.9368634819984436,3.0,-1.880533218383789,-1.8895373344421387,-32.998749999999994,0.0,0.0,0.0,0.0,2.0,31.0,1.0,1.0,41.0,41.0,41.0,8.0,7.0,9.0,0.0
11940,0.0,0.0,0.0,0.0,2.0,31.0,1.0,1.0,41.0,41.0,41.0,8.0,7.0,9.0,0.0,-1.5754998922348022,-1.4967020750045776,3.0,-0.10828065127134323,-1.822303295135498,-21.09875,0.0,0.0,0.0,0.0,1.0,32.0,2.0,1.0,42.0,42.0,42.0,9.0,8.0,10.0,0.0
11941,0.0,0.0,0.0,0.0,1.0,32.0,2.0,1.0,42.0,42.0,42.0,9.0,8.0,10.0,0.0,-1.6709198951721191,-1.4254918098449707,3.0,-0.27093377709388733,-1.582773208618164,-21.79875,0.0,0.0,0.0,0.0,1.0,33.0,3.0,1.0,43.0,43.0,43.0,10.0,9.0,11.0,0.0
11942,0.0,0.0,0.0,0.0,1.0,33.0,3.0,1.0,43.0,43.0,43.0,10.0,9.0,11.0,0.0,-1.9646495580673218,-1.7061469554901123,3.0,-0.8213601112365723,-1.0432935953140259,-22.59875,0.0,0.0,0.0,0.0,1.0,34.0,4.0,1.0,44.0,44.0,44.0,11.0,10.0,12.0,0.0
11943,0.0,0.0,0.0,0.0,1.0,34.0,4.0,1.0,44.0,44.0,44.0,11.0,10.0,12.0,0.0,-1.7427632808685303,-1.3261833190917969,3.0,-1.97629976272583,-1.8889811038970947,-23.39875,0.0,0.0,0.0,0.0,1.0,35.0,5.0,1.0,45.0,45.0,45.0,12.0,11.0,13.0,0.0
11944,0.0,0.0,0.0,0.0,1.0,35.0,5.0,1.0,45.0,45.0,45.0,12.0,11.0,13.0,0.0,-1.9650259017944336,-1.58707857131958,3.0,-1.8491381406784058,-1.9694006443023682,-24.19875,0.0,0.0,0.0,0.0,1.0,36.0,6.0,1.0,46.0,46.0,46.0,13.0,12.0,14.0,0.0
11945,0.0,0.0,0.0,0.0,1.0,36.0,6.0,1.0,46.0,46.0,46.0,13.0,12.0,14.0,0.0,-0.9973560571670532,-1.987801432609558,3.0,-1.814943552017212,-1.6998600959777832,-24.99875,0.0,0.0,0.0,0.0,1.0,37.0,7.0,1.0,47.0,47.0,47.0,14.0,13.0,15.0,0.0
11946,0.0,0.0,0.0,0.0,1.0,37.0,7.0,1.0,47.0,47.0,47.0,14.0,13.0,15.0,0.0,-0.7499677538871765,-1.5361329317092896,3.0,-1.7495194673538208,-1.8074722290039062,-25.79875,0.0,0.0,0.0,0.0,1.0,38.0,8.0,1.0,48.0,48.0,48.0,15.0,14.0,16.0,0.0
11947,0.0,0.0,0.0,0.0,1.0,38.0,8.0,1.0,48.0,48.0,48.0,15.0,14.0,16.0,0.0,-1.727081298828125,-1.8094558715820312,3.0,-1.8035749197006226,-1.5294890403747559,-26.59875,0.0,0.0,0.0,0.0,1.0,39.0,9.0,1.0,49.0,49.0,49.0,16.0,15.0,17.0,0.0
11948,0.0,0.0,0.0,0.0,1.0,39.0,9.0,1.0,49.0,49.0,49.0,16.0,15.0,17.0,0.0,-1.52460777759552,-1.8374358415603638,3.0,-1.512556552886963,-1.7262892723083496,-27.39875,0.0,0.0,0.0,0.0,1.0,40.0,10.0,1.0,50.0,50.0,50.0,17.0,16.0,18.0,0.0
11949,0.0,0.0,0.0,0.0,1.0,40.0,10.0,1.0,50.0,50.0,50.0,17.0,16.0,18.0,0.0,-1.2140748500823975,-1.9403430223464966,3.0,-1.4331636428833008,-1.1551469564437866,-28.19875,0.0,0.0,0.0,0.0,1.0,41.0,11.0,1.0,51.0,51.0,51.0,18.0,17.0,19.0,0.0
11950,0.0,0.0,0.0,0.0,1.0,41.0,11.0,1.0,51.0,51.0,51.0,18.0,17.0,19.0,0.0,-1.92490553855896,-1.9677172899246216,3.0,-1.7862192392349243,-1.7791626453399658,-28.99875,0.0,0.0,0.0,0.0,1.0,42.0,12.0,1.0,52.0,52.0,52.0,19.0,18.0,20.0,0.0
11951,0.0,0.0,0.0,0.0,1.0,42.0,12.0,1.0,52.0,52.0,52.0,19.0,18.0,20.0,0.0,-1.8238424062728882,-0.2824077606201172,3.0,-1.6318550109863281,-1.857087254524231,-29.79875,0.0,0.0,0.0,0.0,1.0,43.0,13.0,1.0,53.0,53.0,53.0,20.0,19.0,21.0,0.0
11952,0.0,0.0,0.0,0.0,1.0,43.0,13.0,1.0,53.0,53.0,53.0,20.0,19.0,21.0,0.0,-1.3541563749313354,-1.9335185289382935,3.0,-1.921830177307129,-1.982054591178894,-30.59875,0.0,0.0,0.0,0.0,1.0,44.0,14.0,1.0,54.0,54.0,54.0,21.0,20.0,22.0,0.0
11953,0.0,0.0,0.0,0.0,1.0,44.0,14.0,1.0,54.0,54.0,54.0,21.0,20.0,22.0,0.0,-1.8490164279937744,-1.8932547569274902,3.0,-1.4604523181915283,-1.808549165725708,-31.39875,0.0,0.0,0.0,0.0,1.0,45.0,15.0,1.0,55.0,55.0,55.0,22.0,21.0,23.0,0.0
11954,0.0,0.0,0.0,0.0,1.0,45.0,15.0,1.0,55.0,55.0,55.0,22.0,21.0,23.0,0.0,-1.9291090965270996,-1.8124308586120605,3.0,-0.909963846206665,-1.823483943939209,-32.198750000000004,0.0,0.0,0.0,0.0,1.0,46.0,16.0,1.0,56.0,56.0,56.0,23.0,22.0,24.0,0.0
11955,0.0,0.0,0.0,0.0,1.0,46.0,16.0,1.0,56.0,56.0,56.0,23.0,22.0,24.0,0.0,-1.93150794506073,-1.044773817062378,3.0,-1.4032583236694336,-1.43892502784729,-32.99875,0.0,0.0,0.0,0.0,1.0,47.0,17.0,1.0,57.0,57.0,57.0,24.0,23.0,25.0,0.0
11956,0.0,0.0,0.0,0.0,1.0,47.0,17.0,1.0,57.0,57.0,57.0,24.0,23.0,25.0,0.0,-1.8554072380065918,-1.7482829093933105,3.0,-1.7420930862426758,-1.9333305358886719,-33.79875,0.0,0.0,0.0,0.0,1.0,48.0,18.0,1.0,58.0,58.0,58.0,25.0,24.0,26.0,0.0
11957,0.0,0.0,0.0,0.0,1.0,48.0,18.0,1.0,58.0,58.0,58.0,25.0,24.0,26.0,0.0,-1.9704093933105469,-1.619538426399231,9.0,-1.910248875617981,-1.9970580339431763,-34.59875,0.0,0.0,0.0,0.0,1.0,49.0,19.0,2.0,59.0,59.0,59.0,26.0,25.0,1.0,0.0
11958,0.0,0.0,0.0,0.0,1.0,49.0,19.0,2.0,59.0,59.0,59.0,26.0,25.0,1.0,0.0,-1.822190761566162,-1.5286879539489746,3.0,-1.986626148223877,-1.940055012702942,-32.89875,0.0,0.0,0.0,0.0,1.0,50.0,20.0,1.0,60.0,60.0,60.0,27.0,26.0,2.0,0.0
11959,0.0,0.0,0.0,0.0,1.0,50.0,20.0,1.0,60.0,60.0,60.0,27.0,26.0,2.0,0.0,-1.9554524421691895,-1.1223641633987427,3.0,-1.3648360967636108,-1.9928958415985107,-33.59875,0.0,0.0,0.0,0.0,1.0,51.0,21.0,1.0,61.0,61.0,61.0,28.0,27.0,3.0,0.0
11960,0.0,0.0,0.0,0.0,1.0,51.0,21.0,1.0,61.0,61.0,61.0,28.0,27.0,3.0,0.0,-0.0012047289637848735,-0.35501012206077576,3.0,-1.8024650812149048,-1.9845463037490845,-34.39875,0.0,0.0,0.0,0.0,1.0,52.0,22.0,1.0,62.0,62.0,62.0,29.0,28.0,4.0,0.0
11961,0.0,0.0,0.0,0.0,1.0,52.0,22.0,1.0,62.0,62.0,62.0,29.0,28.0,4.0,0.0,-1.848578691482544,-1.9848597049713135,3.0,-1.705269455909729,-1.94011652469635,-35.19875,0.0,0.0,0.0,0.0,1.0,53.0,23.0,1.0,63.0,63.0,63.0,30.0,29.0,5.0,0.0
11962,0.0,0.0,0.0,0.0,1.0,53.0,23.0,1.0,63.0,63.0,63.0,30.0,29.0,5.0,0.0,-1.9616270065307617,-1.4458892345428467,3.0,-0.4683949649333954,-1.8735716342926025,-35.99875,0.0,0.0,0.0,0.0,1.0,54.0,24.0,1.0,64.0,64.0,64.0,31.0,30.0,6.0,0.0
11963,0.0,0.0,0.0,0.0,1.0,54.0,24.0,1.0,64.0,64.0,64.0,31.0,30.0,6.0,0.0,-1.9949389696121216,-1.3585413694381714,3.0,-1.9673680067062378,-1.984960913658142,-36.79875,0.0,0.0,0.0,0.0,1.0,55.0,25.0,1.0,65.0,65.0,65.0,32.0,31.0,7.0,0.0
11964,0.0,0.0,0.0,0.0,1.0,55.0,25.0,1.0,65.0,65.0,65.0,32.0,31.0,7.0,0.0,-1.768741250038147,-1.821302056312561,3.0,-1.2944132089614868,-1.982303261756897,-37.59875,0.0,0.0,0.0,0.0,1.0,56.0,26.0,1.0,66.0,66.0,66.0,33.0,32.0,8.0,0.0
11965,0.0,0.0,0.0,0.0,1.0,56.0,26.0,1.0,66.0,66.0,66.0,33.0,32.0,8.0,0.0,-1.7196038961410522,-1.861304759979248,3.0,-1.8119817972183228,-1.7450110912322998,-38.39875,0.0,0.0,0.0,0.0,1.0,57.0,27.0,1.0,67.0,67.0,67.0,34.0,33.0,9.0,0.0
11966,0.0,0.0,0.0,0.0,1.0,57.0,27.0,1.0,67.0,67.0,67.0,34.0,33.0,9.0,0.0,-1.9030605554580688,-1.976111650466919,3.0,-1.3258235454559326,-1.9563226699829102,-39.19875,0.0,0.0,0.0,0.0,1.0,58.0,28.0,1.0,68.0,68.0,68.0,35.0,34.0,10.0,0.0
11967,0.0,0.0,0.0,0.0,1.0,58.0,28.0,1.0,68.0,68.0,68.0,35.0,34.0,10.0,0.0,-1.597519874572754,-1.1106353998184204,3.0,-1.8534141778945923,-1.4912999868392944,-39.99875,0.0,0.0,0.0,0.0,1.0,59.0,29.0,1.0,69.0,69.0,69.0,36.0,35.0,11.0,0.0
11968,0.0,0.0,0.0,0.0,1.0,59.0,29.0,1.0,69.0,69.0,69.0,36.0,35.0,11.0,0.0,-1.9700111150741577,-1.8669681549072266,3.0,-1.697165608406067,-1.5012190341949463,-40.79875,0.0,0.0,0.0,0.0,1.0,60.0,30.0,1.0,70.0,70.0,70.0,37.0,36.0,12.0,0.0
11969,0.0,0.0,0.0,0.0,1.0,60.0,30.0,1.0,70.0,70.0,70.0,37.0,36.0,12.0,0.0,-1.5334501266479492,-1.4844672679901123,3.0,-0.20629280805587769,-1.4892162084579468,-41.59875,0.0,0.0,0.0,0.0,1.0,61.0,31.0,1.0,71.0,71.0,71.0,38.0,37.0,13.0,0.0
11970,0.0,0.0,0.0,0.0,1.0,61.0,31.0,1.0,71.0,71.0,71.0,38.0,37.0,13.0,0.0,-1.899585485458374,-1.8968732357025146,3.0,-1.867374062538147,-1.3134170770645142,-42.39875,0.0,0.0,0.0,0.0,1.0,62.0,32.0,1.0,72.0,72.0,72.0,39.0,38.0,14.0,0.0
11971,0.0,0.0,0.0,0.0,1.0,62.0,32.0,1.0,72.0,72.0,72.0,39.0,38.0,14.0,0.0,-1.7958624362945557,-1.9338412284851074,3.0,-1.9279398918151855,-1.9608943462371826,-43.19875,0.0,0.0,0.0,0.0,1.0,63.0,33.0,1.0,73.0,73.0,73.0,40.0,39.0,15.0,0.0
11972,0.0,0.0,0.0,0.0,1.0,63.0,33.0,1.0,73.0,73.0,73.0,40.0,39.0,15.0,0.0,-1.9041566848754883,-1.7481060028076172,3.0,-1.8464418649673462,-1.5782945156097412,-43.99875,0.0,0.0,0.0,0.0,1.0,64.0,34.0,1.0,74.0,74.0,74.0,41.0,40.0,16.0,0.0
11973,0.0,0.0,0.0,0.0,1.0,64.0,34.0,1.0,74.0,74.0,74.0,41.0,40.0,16.0,0.0,-1.9277312755584717,-1.8996936082839966,3.0,-1.9439846277236938,-1.8688064813613892,-44.79875,0.0,0.0,0.0,0.0,1.0,65.0,35.0,1.0,75.0,75.0,75.0,42.0,41.0,17.0,0.0
11974,0.0,0.0,0.0,0.0,1.0,65.0,35.0,1.0,75.0,75.0,75.0,42.0,41.0,17.0,0.0,-1.2983894348144531,-1.2024716138839722,3.0,-1.7322466373443604,-1.9692198038101196,-45.59875,0.0,0.0,0.0,0.0,1.0,66.0,36.0,1.0,76.0,76.0,76.0,43.0,42.0,18.0,0.0
11975,0.0,0.0,0.0,0.0,1.0,66.0,36.0,1.0,76.0,76.0,76.0,43.0,42.0,18.0,0.0,-1.8318055868148804,-1.949608325958252,3.0,-1.527925729751587,-1.8970953226089478,-46.39875,0.0,0.0,0.0,0.0,1.0,67.0,37.0,1.0,77.0,77.0,77.0,44.0,43.0,19.0,0.0
11976,0.0,0.0,0.0,0.0,1.0,67.0,37.0,1.0,77.0,77.0,77.0,44.0,43.0,19.0,0.0,-1.8985053300857544,-1.9007545709609985,3.0,-1.4911069869995117,-1.7819784879684448,-47.19875,0.0,0.0,0.0,0.0,1.0,68.0,38.0,1.0,78.0,78.0,78.0,45.0,44.0,20.0,0.0
11977,0.0,0.0,0.0,0.0,1.0,68.0,38.0,1.0,78.0,78.0,78.0,45.0,44.0,20.0,0.0,-1.9774150848388672,-1.8025860786437988,9.0,-1.8335374593734741,-1.9416801929473877,-47.99875,0.0,0.0,0.0,0.0,1.0,69.0,39.0,2.0,79.0,79.0,79.0,46.0,45.0,1.0,0.0
11978,0.0,0.0,0.0,0.0,1.0,69.0,39.0,2.0,79.0,79.0,79.0,46.0,45.0,1.0,0.0,-0.7292450070381165,-1.4603151082992554,3.0,-1.240206003189087,-1.4748173952102661,-46.89875,0.0,0.0,0.0,0.0,1.0,70.0,40.0,1.0,80.0,80.0,80.0,47.0,46.0,2.0,0.0
11979,0.0,0.0,0.0,0.0,1.0,70.0,40.0,1.0,80.0,80.0,80.0,47.0,46.0,2.0,0.0,-1.868213415145874,-1.7262917757034302,3.0,-1.2334215641021729,-1.9762154817581177,-47.59875,0.0,0.0,0.0,0.0,1.0,71.0,41.0,1.0,81.0,81.0,81.0,48.0,47.0,3.0,0.0
11980,0.0,0.0,0.0,0.0,1.0,71.0,41.0,1.0,81.0,81.0,81.0,48.0,47.0,3.0,0.0,-1.9613054990768433,-1.6984341144561768,3.0,-1.511340856552124,-1.9866472482681274,-48.39875,0.0,0.0,0.0,0.0,1.0,72.0,42.0,1.0,82.0,82.0,82.0,49.0,48.0,4.0,0.0
11981,0.0,0.0,0.0,0.0,1.0,72.0,42.0,1.0,82.0,82.0,82.0,49.0,48.0,4.0,0.0,-1.8114525079727173,-1.9013882875442505,3.0,-1.5596590042114258,-1.8865606784820557,-49.19875,0.0,0.0,0.0,0.0,1.0,73.0,43.0,1.0,83.0,83.0,83.0,50.0,49.0,5.0,0.0
11982,0.0,0.0,0.0,0.0,1.0,73.0,43.0,1.0,83.0,83.0,83.0,50.0,49.0,5.0,0.0,-1.561834692955017,-1.906089186668396,3.0,-0.49337583780288696,-1.9890531301498413,-49.99875,0.0,0.0,0.0,0.0,1.0,74.0,44.0,1.0,84.0,84.0,84.0,51.0,50.0,6.0,0.0
11983,0.0,0.0,0.0,0.0,1.0,74.0,44.0,1.0,84.0,84.0,84.0,51.0,50.0,6.0,0.0,-1.968557596206665,-1.866493821144104,3.0,-1.3553704023361206,-1.9723222255706787,-50.79875,0.0,0.0,0.0,0.0,1.0,75.0,45.0,1.0,85.0,85.0,85.0,52.0,51.0,7.0,0.0
11984,0.0,0.0,0.0,0.0,1.0,75.0,45.0,1.0,85.0,85.0,85.0,52.0,51.0,7.0,0.0,-1.8123527765274048,-1.9124999046325684,3.0,-1.808861494064331,-1.8903071880340576,-51.59875,0.0,0.0,0.0,0.0,1.0,76.0,46.0,1.0,86.0,86.0,86.0,53.0,52.0,8.0,0.0
11985,0.0,0.0,0.0,0.0,1.0,76.0,46.0,1.0,86.0,86.0,86.0,53.0,52.0,8.0,0.0,-1.7714869976043701,-1.6426230669021606,3.0,-1.8535126447677612,-1.9831279516220093,-52.39875,0.0,0.0,0.0,0.0,1.0,77.0,47.0,1.0,87.0,87.0,87.0,54.0,53.0,9.0,0.0
11986,0.0,0.0,0.0,0.0,1.0,77.0,47.0,1.0,87.0,87.0,87.0,54.0,53.0,9.0,0.0,-0.7550973296165466,-1.690079689025879,3.0,-1.9313981533050537,-1.6725285053253174,-53.19875,0.0,0.0,0.0,0.0,1.0,78.0,48.0,1.0,88.0,88.0,88.0,55.0,54.0,10.0,0.0
11987,0.0,0.0,0.0,0.0,1.0,78.0,48.0,1.0,88.0,88.0,88.0,55.0,54.0,10.0,0.0,-0.69327712059021,-1.8703655004501343,3.0,-1.958017110824585,-1.8563275337219238,-53.99875,0.0,0.0,0.0,0.0,1.0,79.0,49.0,1.0,89.0,89.0,89.0,56.0,55.0,11.0,0.0
11988,0.0,0.0,0.0,0.0,1.0,79.0,49.0,1.0,89.0,89.0,89.0,56.0,55.0,11.0,0.0,-1.9315276145935059,-1.8919621706008911,3.0,-1.8492037057876587,-1.8158773183822632,-54.79875,0.0,0.0,0.0,0.0,1.0,80.0,50.0,1.0,90.0,90.0,90.0,57.0,56.0,12.0,0.0
11989,0.0,0.0,0.0,0.0,1.0,80.0,50.0,1.0,90.0,90.0,90.0,57.0,56.0,12.0,0.0,-1.983268141746521,-1.8812165260314941,3.0,-1.8633203506469727,-1.6995600461959839,-55.59875,0.0,0.0,0.0,0.0,1.0,81.0,51.0,1.0,91.0,91.0,91.0,58.0,57.0,13.0,0.0
11990,0.0,0.0,0.0,0.0,1.0,81.0,51.0,1.0,91.0,91.0,91.0,58.0,57.0,13.0,0.0,-1.9908846616744995,-1.9801044464111328,3.0,-1.8028929233551025,-1.2535356283187866,-56.39875,0.0,0.0,0.0,0.0,1.0,82.0,52.0,1.0,92.0,92.0,92.0,59.0,58.0,14.0,0.0
11991,0.0,0.0,0.0,0.0,1.0,82.0,52.0,1.0,92.0,92.0,92.0,59.0,58.0,14.0,0.0,-1.9195280075073242,-1.9697436094284058,3.0,-1.9108041524887085,-0.4506334662437439,-57.19875,0.0,0.0,0.0,0.0,1.0,83.0,53.0,1.0,93.0,93.0,93.0,60.0,59.0,15.0,0.0
11992,0.0,0.0,0.0,0.0,1.0,83.0,53.0,1.0,93.0,93.0,93.0,60.0,59.0,15.0,0.0,-1.9518325328826904,-1.8204152584075928,9.0,-1.7530698776245117,-1.6677697896957397,-57.99875,0.0,0.0,0.0,0.0,1.0,84.0,54.0,2.0,94.0,94.0,94.0,61.0,60.0,1.0,0.0
11993,0.0,0.0,0.0,0.0,1.0,84.0,54.0,2.0,94.0,94.0,94.0,61.0,60.0,1.0,0.0,-1.762657642364502,-1.8868732452392578,3.0,-1.8707376718521118,-1.5282742977142334,-57.39875,0.0,0.0,0.0,0.0,1.0,85.0,55.0,1.0,95.0,95.0,95.0,62.0,61.0,2.0,0.0
11994,0.0,0.0,0.0,0.0,1.0,85.0,55.0,1.0,95.0,95.0,95.0,62.0,61.0,2.0,0.0,-1.9728585481643677,-0.985105574131012,3.0,-1.9372848272323608,-1.1560403108596802,-58.09875,0.0,0.0,0.0,0.0,1.0,86.0,56.0,1.0,96.0,96.0,96.0,63.0,62.0,3.0,0.0
11995,0.0,0.0,0.0,0.0,1.0,86.0,56.0,1.0,96.0,96.0,96.0,63.0,62.0,3.0,0.0,-1.2961543798446655,-1.5667495727539062,3.0,-1.7930151224136353,-1.858740210533142,-58.89875,0.0,0.0,0.0,0.0,1.0,87.0,57.0,1.0,97.0,97.0,97.0,64.0,63.0,4.0,0.0
11996,0.0,0.0,0.0,0.0,1.0,87.0,57.0,1.0,97.0,97.0,97.0,64.0,63.0,4.0,0.0,-1.5115376710891724,-1.1692261695861816,3.0,-1.7398563623428345,-1.9756821393966675,-59.69875,0.0,0.0,0.0,0.0,1.0,88.0,58.0,1.0,98.0,98.0,98.0,65.0,64.0,5.0,0.0
11997,0.0,0.0,0.0,0.0,1.0,88.0,58.0,1.0,98.0,98.0,98.0,65.0,64.0,5.0,0.0,-1.9922866821289062,-1.9767206907272339,3.0,-1.9385390281677246,-1.9544291496276855,-60.49875,0.0,0.0,0.0,0.0,1.0,89.0,59.0,1.0,99.0,99.0,99.0,66.0,65.0,6.0,0.0
11998,0.0,0.0,0.0,0.0,1.0,89.0,59.0,1.0,99.0,99.0,99.0,66.0,65.0,6.0,0.0,-1.8560649156570435,-1.6803237199783325,3.0,-1.8591241836547852,-1.9400756359100342,-61.29875,0.0,0.0,0.0,0.0,1.0,90.0,60.0,1.0,100.0,100.0,100.0,67.0,66.0,7.0,0.0
11999,0.0,0.0,0.0,0.0,1.0,90.0,60.0,1.0,100.0,100.0,100.0,67.0,66.0,7.0,0.0,-1.9306151866912842,-1.2624496221542358,3.0,-1.610063910484314,-1.7461870908737183,-61.79875,0.0,0.0,0.0,0.0,1.0,91.0,61.0,1.0,100.0,100.0,100.0,68.0,67.0,8.0,1.0
12000,7.900261402130127,1.2221391201019287,1.9428998231887817,8.786300659179688,1.0,1.0,1.0,1.0,1.0,1.0,1.0,1.0,1.0,1.0,8.0,-1.7525787353515625,-0.9748145937919617,3.0,-1.9582287073135376,-1.9870076179504395,-11.023145566396135,6.1476826667785645,0.24732452630996704,0.0,6.799293041229248,2.0,2.0,2.0,1.0,2.0,2.0,2.0,2.0,1.0,2.0,0.0
12001,6.1476826667785645,0.24732452630996704,0.0,6.799293041229248,2.0,2.0,2.0,1.0,2.0,2.0,2.0,2.0,1.0,2.0,7.0,-1.931762456893921,-1.2910994291305542,3.0,-1.0223432779312134,-1.9940998554229736,-3.9186381755800785,4.2159202098846436,0.0,0.0,4.805193185806274,3.0,3.0,3.0,1.0,3.0,3.0,3.0,1.0,2.0,3.0,0.0
12002,4.2159202098846436,0.0,0.0,4.805193185806274,3.0,3.0,3.0,1.0,3.0,3.0,3.0,1.0,2.0,3.0,9.0,-1.8047374486923218,-0.944644033908844,3.0,-1.724550485610962,-1.8896980285644531,-5.05122271779596,2.4111827611923218,0.0,0.0,2.9154951572418213,4.0,4.0,4.0,1.0,4.0,4.0,4.0,2.0,3.0,1.0,0.0
12003,2.4111827611923218,0.0,0.0,2.9154951572418213,4.0,4.0,4.0,1.0,4.0,4.0,4.0,2.0,3.0,1.0,0.0,-1.5178676843643188,-1.6435749530792236,0.0,-1.4569475650787354,-1.759987711906433,-5.291658811655631,0.8933150768280029,0.0,0.0,1.1555074453353882,1.0,5.0,5.0,2.0,5.0,5.0,5.0,3.0,4.0,2.0,0.0
12004,0.8933150768280029,0.0,0.0,1.1555074453353882,1.0,5.0,5.0,2.0,5.0,5.0,5.0,3.0,4.0,2.0,2.0,-1.3187185525894165,-1.8278558254241943,0.0,-1.9302399158477783,-1.8782367706298828,-18.998749999999998,0.0,0.0,0.0,0.0,1.0,6.0,1.0,3.0,6.0,6.0,6.0,4.0,5.0,3.0,0.0
12005,0.0,0.0,0.0,0.0,1.0,6.0,1.0,3.0,6.0,6.0,6.0,4.0,5.0,3.0,0.0,-1.5259790420532227,-0.9346619844436646,3.0,-1.6939575672149658,-1.7664560079574585,-6.998749999999999,0.0,0.0,0.0,0.0,1.0,7.0,2.0,1.0,7.0,7.0,7.0,5.0,6.0,4.0,0.0
12006,0.0,0.0,0.0,0.0,1.0,7.0,2.0,1.0,7.0,7.0,7.0,5.0,6.0,4.0,7.0,-1.8505237102508545,-1.7318944931030273,3.0,-1.4767158031463623,-1.8315075635910034,-12.55875,0.0,0.0,0.0,0.0,2.0,8.0,3.0,1.0,8.0,8.0,8.0,1.0,7.0,5.0,0.0
12007,0.0,0.0,0.0,0.0,2.0,8.0,3.0,1.0,8.0,8.0,8.0,1.0,7.0,5.0,2.0,0.007404770236462355,-1.7125110626220703,9.0,-1.7703715562820435,-0.6841803789138794,-20.38383788671998,0.007404770236462355,0.0,0.0,0.0,3.0,9.0,1.0,2.0,9.0,9.0,9.0,2.0,8.0,1.0,0.0
12008,0.007404770236462355,0.0,0.0,0.0,3.0,9.0,1.0,2.0,9.0,9.0,9.0,2.0,8.0,1.0,0.0,-1.904963731765747,-0.9953780770301819,3.0,-0.8488990068435669,-1.8113398551940918,-8.19875,0.0,0.0,0.0,0.0,1.0,10.0,2.0,1.0,10.0,10.0,10.0,3.0,9.0,2.0,0.0
12009,0.0,0.0,0.0,0.0,1.0,10.0,2.0,1.0,10.0,10.0,10.0,3.0,9.0,2.0,3.0,-1.6248880624771118,-0.9733560085296631,3.0,-0.9903841018676758,-1.8353646993637085,-13.65875,0.0,0.0,0.0,0.0,2.0,11.0,3.0,1.0,11.0,11.0,11.0,4.0,10.0,3.0,0.0
12010,0.0,0.0,0.0,0.0,2.0,11.0,3.0,1.0,11.0,11.0,11.0,4.0,10.0,3.0,2.0,-1.9253352880477905,-1.2512043714523315,3.0,-1.7916759252548218,-1.837599515914917,-21.998749999999998,0.0,0.0,0.0,0.0,3.0,12.0,1.0,1.0,12.0,12.0,12.0,5.0,11.0,4.0,0.0
12011,0.0,0.0,0.0,0.0,3.0,12.0,1.0,1.0,12.0,12.0,12.0,5.0,11.0,4.0,8.0,-1.912497639656067,-1.6670842170715332,3.0,-1.3621326684951782,-1.6952556371688843,-19.653750000000002,0.0,0.0,0.0,0.0,4.0,13.0,2.0,1.0,13.0,13.0,13.0,6.0,1.0,5.0,0.0
12012,0.0,0.0,0.0,0.0,4.0,13.0,2.0,1.0,13.0,13.0,13.0,6.0,1.0,5.0,0.0,-1.5612196922302246,-1.3268332481384277,3.0,-1.670770287513733,-1.8212544918060303,-9.99875,0.0,0.0,0.0,0.0,1.0,14.0,3.0,1.0,14.0,14.0,14.0,7.0,2.0,6.0,0.0
12013,0.0,0.0,0.0,0.0,1.0,14.0,3.0,1.0,14.0,14.0,14.0,7.0,2.0,6.0,9.0,-1.9701292514801025,-0.15976457297801971,10.0,-1.045253872871399,-1.698592185974121,-11.118749999999999,0.0,0.0,0.0,0.0,2.0,15.0,4.0,2.0,15.0,15.0,15.0,8.0,3.0,1.0,0.0
12014,0.0,0.0,0.0,0.0,2.0,15.0,4.0,2.0,15.0,15.0,15.0,8.0,3.0,1.0,0.0,-1.9286142587661743,-0.16401731967926025,1.0,-1.5942004919052124,-1.3696906566619873,-10.89875,0.0,0.0,0.0,0.0,1.0,1.0,5.0,3.0,16.0,16.0,16.0,9.0,4.0,2.0,0.0
12015,0.0,0.0,0.0,0.0,1.0,1.0,5.0,3.0,16.0,16.0,16.0,9.0,4.0,2.0,10.0,-1.9288429021835327,0.165274977684021,3.0,-1.7145946025848389,-0.6884941458702087,-8.3,0.0,0.165274977684021,0.0,0.0,2.0,2.0,6.0,1.0,17.0,17.0,17.0,10.0,5.0,3.0,0.0
12016,0.0,0.165274977684021,0.0,0.0,2.0,2.0,6.0,1.0,17.0,17.0,17.0,10.0,5.0,3.0,10.0,-1.2796664237976074,-1.3989289999008179,9.0,-0.9449395537376404,-0.9908939003944397,-9.0,0.0,0.0,0.0,0.0,3.0,3.0,7.0,2.0,18.0,18.0,18.0,11.0,6.0,1.0,0.0
12017,0.0,0.0,0.0,0.0,3.0,3.0,7.0,2.0,18.0,18.0,18.0,11.0,6.0,1.0,0.0,0.220990389585495,-1.7066941261291504,9.0,-1.7604238986968994,0.007640086114406586,-11.400798634290307,0.220990389585495,0.0,0.0,0.007640086114406586,1.0,4.0,8.0,3.0,19.0,19.0,19.0,12.0,7.0,1.0,0.0
12018,0.220990389585495,0.0,0.0,0.007640086114406586,1.0,4.0,8.0,3.0,19.0,19.0,19.0,12.0,7.0,1.0,7.0,-1.6950627565383911,-1.7134114503860474,3.0,-1.882962942123413,-1.891158103942871,-17.15875,0.0,0.0,0.0,0.0,2.0,5.0,9.0,1.0,20.0,20.0,20.0,1.0,8.0,2.0,0.0
12019,0.0,0.0,0.0,0.0,2.0,5.0,9.0,1.0,20.0,20.0,20.0,1.0,8.0,2.0,2.0,-1.9038283824920654,-1.7055420875549316,3.0,1.3968369960784912,-1.1114445924758911,-24.098749999999995,0.0,0.0,1.3968369960784912,0.0,3.0,6.0,1.0,1.0,21.0,21.0,21.0,2.0,9.0,3.0,0.0
12020,0.0,0.0,1.3968369960784912,0.0,3.0,6.0,1.0,1.0,21.0,21.0,21.0,2.0,9.0,3.0,0.0,-1.1376348733901978,-1.705216407775879,3.0,-0.3167394697666168,-0.9038779735565186,-11.69875,0.0,0.0,1.0800975263118744,0.0,1.0,7.0,2.0,1.0,22.0,22.0,22.0,3.0,10.0,4.0,0.0
12021,0.0,0.0,1.0800975263118744,0.0,1.0,7.0,2.0,1.0,22.0,22.0,22.0,3.0,10.0,4.0,8.0,-1.361602544784546,-1.5364763736724854,3.0,-1.588681697845459,-1.8380082845687866,-21.75375,0.0,0.0,0.0,0.0,2.0,8.0,3.0,1.0,23.0,23.0,23.0,4.0,1.0,5.0,0.0
12022,0.0,0.0,0.0,0.0,2.0,8.0,3.0,1.0,23.0,23.0,23.0,4.0,1.0,5.0,8.0,-0.7555290460586548,-1.8795138597488403,3.0,-1.7455289363861084,-1.1925091743469238,-21.653750000000002,0.0,0.0,0.0,0.0,3.0,9.0,4.0,1.0,24.0,24.0,24.0,5.0,1.0,6.0,0.0
12023,0.0,0.0,0.0,0.0,3.0,9.0,4.0,1.0,24.0,24.0,24.0,5.0,1.0,6.0,0.0,-1.8484727144241333,-1.763035774230957,3.0,-1.5158501863479614,-0.8610876202583313,-12.99875,0.0,0.0,0.0,0.0,1.0,10.0,5.0,1.0,25.0,25.0,25.0,6.0,2.0,7.0,0.0
12024,0.0,0.0,0.0,0.0,1.0,10.0,5.0,1.0,25.0,25.0,25.0,6.0,2.0,7.0,0.0,-1.7672265768051147,-1.1867575645446777,3.0,-1.3797287940979004,-0.5113118886947632,-13.598749999999999,0.0,0.0,0.0,0.0,1.0,11.0,6.0,1.0,26.0,26.0,26.0,7.0,3.0,8.0,0.0
12025,0.0,0.0,0.0,0.0,1.0,11.0,6.0,1.0,26.0,26.0,26.0,7.0,3.0,8.0,0.0,-1.6785393953323364,-1.7143092155456543,3.0,0.9969353079795837,-1.7626211643218994,-14.39875,0.0,0.0,0.9969353079795837,0.0,1.0,12.0,7.0,1.0,27.0,27.0,27.0,8.0,4.0,9.0,0.0
12026,0.0,0.0,0.9969353079795837,0.0,1.0,12.0,7.0,1.0,27.0,27.0,27.0,8.0,4.0,9.0,10.0,-1.2853357791900635,-1.7750027179718018,3.0,-1.8487820625305176,-1.905373454093933,-13.3,0.0,0.0,0.0,0.0,2.0,13.0,8.0,1.0,28.0,28.0,28.0,9.0,5.0,10.0,0.0
12027,0.0,0.0,0.0,0.0,2.0,13.0,8.0,1.0,28.0,28.0,28.0,9.0,5.0,10.0,10.0,-1.9694503545761108,-1.4102449417114258,3.0,-1.6630438566207886,-1.655058741569519,-14.2,0.0,0.0,0.0,0.0,3.0,14.0,9.0,1.0,29.0,29.0,29.0,10.0,6.0,11.0,0.0
12028,0.0,0.0,0.0,0.0,3.0,14.0,9.0,1.0,29.0,29.0,29.0,10.0,6.0,11.0,10.0,-1.6985132694244385,-1.9218840599060059,3.0,0.8250747323036194,-1.1928893327713013,-15.1,0.0,0.0,0.8250747323036194,0.0,4.0,15.0,10.0,1.0,30.0,30.0,30.0,11.0,7.0,12.0,0.0
12029,0.0,0.0,0.8250747323036194,0.0,4.0,15.0,10.0,1.0,30.0,30.0,30.0,11.0,7.0,12.0,0.0,-1.9038525819778442,-1.7067430019378662,3.0,-0.2525334358215332,-1.2619054317474365,-17.89875,0.0,0.0,0.5725412964820862,0.0,1.0,16.0,11.0,1.0,31.0,31.0,31.0,12.0,8.0,13.0,0.0
12030,0.0,0.0,0.5725412964820862,0.0,1.0,16.0,11.0,1.0,31.0,31.0,31.0,12.0,8.0,13.0,10.0,-1.3850725889205933,-1.5237085819244385,9.0,0.3603743016719818,-1.6190290451049805,-16.5,0.0,0.0,0.932915598154068,0.0,2.0,17.0,12.0,2.0,32.0,32.0,32.0,13.0,9.0,1.0,0.0
12031,0.0,0.0,0.932915598154068,0.0,2.0,17.0,12.0,2.0,32.0,32.0,32.0,13.0,9.0,1.0,0.0,-1.7852392196655273,-0.019222859293222427,3.0,-0.40050581097602844,-1.9650131464004517,-18.09875,0.0,0.0,0.5324097871780396,0.0,1.0,18.0,13.0,1.0,33.0,33.0,33.0,14.0,10.0,2.0,0.0
12032,0.0,0.0,0.5324097871780396,0.0,1.0,18.0,13.0,1.0,33.0,33.0,33.0,14.0,10.0,2.0,0.0,-1.1750141382217407,-1.7600384950637817,3.0,-0.20805267989635468,-1.3912283182144165,-18.69875,0.0,0.0,0.3243571072816849,0.0,1.0,19.0,14.0,1.0,34.0,34.0,34.0,15.0,11.0,3.0,0.0
12033,0.0,0.0,0.3243571072816849,0.0,1.0,19.0,14.0,1.0,34.0,34.0,34.0,15.0,11.0,3.0,0.0,-1.1937811374664307,-1.424862265586853,3.0,-1.7205116748809814,-1.7538347244262695,-19.49875,0.0,0.0,0.0,0.0,1.0,20.0,15.0,1.0,35.0,35.0,35.0,16.0,12.0,4.0,0.0
12034,0.0,0.0,0.0,0.0,1.0,20.0,15.0,1.0,35.0,35.0,35.0,16.0,12.0,4.0,0.0,-1.7576720714569092,-1.697594404220581,3.0,-1.4863901138305664,-1.3251352310180664,-20.29875,0.0,0.0,0.0,0.0,1.0,21.0,16.0,1.0,36.0,36.0,36.0,17.0,13.0,5.0,0.0
12035,0.0,0.0,0.0,0.0,1.0,21.0,16.0,1.0,36.0,36.0,36.0,17.0,13.0,5.0,0.0,-1.8537825345993042,-1.3818552494049072,3.0,-1.4263554811477661,-0.9741196036338806,-21.09875,0.0,0.0,0.0,0.0,1.0,22.0,17.0,1.0,37.0,37.0,37.0,18.0,14.0,6.0,0.0
12036,0.0,0.0,0.0,0.0,1.0,22.0,17.0,1.0,37.0,37.0,37.0,18.0,14.0,6.0,0.0,-1.1948446035385132,-1.120955228805542,9.0,-1.387014627456665,-1.8743433952331543,-21.89875,0.0,0.0,0.0,0.0,1.0,23.0,18.0,2.0,38.0,38.0,38.0,19.0,15.0,1.0,0.0
12037,0.0,0.0,0.0,0.0,1.0,23.0,18.0,2.0,38.0,38.0,38.0,19.0,15.0,1.0,7.0,-1.7867852449417114,-0.23496873676776886,3.0,-1.411690592765808,-1.8593777418136597,-27.15875,0.0,0.0,0.0,0.0,2.0,24.0,19.0,1.0,39.0,39.0,39.0,1.0,16.0,2.0,0.0
12038,0.0,0.0,0.0,0.0,2.0,24.0,19.0,1.0,39.0,39.0,39.0,1.0,16.0,2.0,0.0,-1.235678791999817,-1.6892306804656982,3.0,-1.4320058822631836,-1.9520360231399536,-21.09875,0.0,0.0,0.0,0.0,1.0,25.0,20.0,1.0,40.0,40.0,40.0,2.0,17.0,3.0,0.0
12039,0.0,0.0,0.0,0.0,1.0,25.0,20.0,1.0,40.0,40.0,40.0,2.0,17.0,3.0,8.0,-1.98223078250885,-0.49199965596199036,3.0,-1.1698553562164307,-1.904558539390564,-31.253749999999997,0.0,0.0,0.0,0.0,2.0,26.0,21.0,1.0,41.0,41.0,41.0,3.0,1.0,4.0,0.0
12040,0.0,0.0,0.0,0.0,2.0,26.0,21.0,1.0,41.0,41.0,41.0,3.0,1.0,4.0,0.0,-1.8348729610443115,0.9042916893959045,3.0,-0.758213460445404,-1.9466477632522583,-20.705004600655034,0.0,0.9042916893959045,0.0,0.0,1.0,27.0,22.0,1.0,42.0,42.0,42.0,4.0,2.0,5.0,0.0
12041,0.0,0.9042916893959045,0.0,0.0,1.0,27.0,22.0,1.0,42.0,42.0,42.0,4.0,2.0,5.0,2.0,-1.6585795879364014,-1.2237135171890259,9.0,1.3109360933303833,-1.8958648443222046,-34.098749999999995,0.0,0.0,1.3109360933303833,0.0,2.0,28.0,1.0,2.0,43.0,43.0,43.0,5.0,3.0,1.0,0.0
12042,0.0,0.0,1.3109360933303833,0.0,2.0,28.0,1.0,2.0,43.0,43.0,43.0,5.0,3.0,1.0,0.0,-1.9556748867034912,-1.9296493530273438,3.0,-1.476751685142517,-1.971327543258667,-19.99875,0.0,0.0,0.0,0.0,1.0,29.0,2.0,1.0,44.0,44.0,44.0,6.0,4.0,2.0,0.0
12043,0.0,0.0,0.0,0.0,1.0,29.0,2.0,1.0,44.0,44.0,44.0,6.0,4.0,2.0,2.0,-1.898978352546692,-1.2596230506896973,3.0,-1.646224856376648,-1.982489824295044,-32.998749999999994,0.0,0.0,0.0,0.0,2.0,30.0,1.0,1.0,45.0,45.0,45.0,7.0,5.0,3.0,0.0
12044,0.0,0.0,0.0,0.0,2.0,30.0,1.0,1.0,45.0,45.0,45.0,7.0,5.0,3.0,0.0,-1.8073416948318481,-0.9462548494338989,3.0,-1.1844696998596191,-1.9707468748092651,-21.29875,0.0,0.0,0.0,0.0,1.0,31.0,2.0,1.0,46.0,46.0,46.0,8.0,6.0,4.0,0.0
12045,0.0,0.0,0.0,0.0,1.0,31.0,2.0,1.0,46.0,46.0,46.0,8.0,6.0,4.0,0.0,-1.9213783740997314,-0.6006786227226257,3.0,-0.6201632618904114,-1.9450196027755737,-21.99875,0.0,0.0,0.0,0.0,1.0,32.0,3.0,1.0,47.0,47.0,47.0,9.0,7.0,5.0,0.0
12046,0.0,0.0,0.0,0.0,1.0,32.0,3.0,1.0,47.0,47.0,47.0,9.0,7.0,5.0,0.0,-1.5989130735397339,-1.43785560131073,3.0,1.1482635736465454,-1.9545565843582153,-22.79875,0.0,0.0,1.1482635736465454,0.0,1.0,33.0,4.0,1.0,48.0,48.0,48.0,10.0,8.0,6.0,0.0
12047,0.0,0.0,1.1482635736465454,0.0,1.0,33.0,4.0,1.0,48.0,48.0,48.0,10.0,8.0,6.0,0.0,-1.919592022895813,-0.9419329166412354,3.0,-0.233582004904747,-1.8564097881317139,-23.59875,0.0,0.0,0.9146815687417984,0.0,1.0,34.0,5.0,1.0,49.0,49.0,49.0,11.0,9.0,7.0,0.0
12048,0.0,0.0,0.9146815687417984,0.0,1.0,34.0,5.0,1.0,49.0,49.0,49.0,11.0,9.0,7.0,0.0,-1.8260858058929443,1.1662553548812866,3.0,-1.1127769947052002,-1.864237666130066,-24.067264750662538,0.0,1.1662553548812866,0.0,0.0,1.0,35.0,6.0,1.0,50.0,50.0,50.0,12.0,10.0,8.0,0.0
12049,0.0,1.1662553548812866,0.0,0.0,1.0,35.0,6.0,1.0,50.0,50.0,50.0,12.0,10.0,8.0,0.0,-1.1344183683395386,-0.4755546450614929,3.0,0.2854863703250885,-1.9093083143234253,-24.951519627868358,0.0,0.6907007098197937,0.2854863703250885,0.0,1.0,36.0,7.0,1.0,51.0,51.0,51.0,13.0,11.0,9.0,0.0
12050,0.0,0.6907007098197937,0.2854863703250885,0.0,1.0,36.0,7.0,1.0,51.0,51.0,51.0,13.0,11.0,9.0,0.0,-1.8008354902267456,-0.351375013589859,3.0,-1.505899429321289,-1.8116300106048584,-25.858810550111983,0.0,0.3393256962299347,0.0,0.0,1.0,37.0,8.0,1.0,52.0,52.0,52.0,14.0,12.0,10.0,0.0
12051,0.0,0.3393256962299347,0.0,0.0,1.0,37.0,8.0,1.0,52.0,52.0,52.0,14.0,12.0,10.0,0.0,-1.1825973987579346,-1.3725671768188477,3.0,-0.13229355216026306,-1.9713046550750732,-26.79875,0.0,0.0,0.0,0.0,1.0,38.0,9.0,1.0,53.0,53.0,53.0,15.0,13.0,11.0,0.0
12052,0.0,0.0,0.0,0.0,1.0,38.0,9.0,1.0,53.0,53.0,53.0,15.0,13.0,11.0,0.0,-1.8853853940963745,-1.3275293111801147,3.0,-1.6734589338302612,-1.6284856796264648,-27.59875,0.0,0.0,0.0,0.0,1.0,39.0,10.0,1.0,54.0,54.0,54.0,16.0,14.0,12.0,0.0
12053,0.0,0.0,0.0,0.0,1.0,39.0,10.0,1.0,54.0,54.0,54.0,16.0,14.0,12.0,0.0,-1.975050687789917,-1.5415370464324951,3.0,0.027595974504947662,-1.8651739358901978,-28.39875,0.0,0.0,0.027595974504947662,0.0,1.0,40.0,11.0,1.0,55.0,55.0,55.0,17.0,15.0,13.0,0.0
12054,0.0,0.0,0.027595974504947662,0.0,1.0,40.0,11.0,1.0,55.0,55.0,55.0,17.0,15.0,13.0,0.0,-1.814226746559143,-1.588734745979309,3.0,0.19661901891231537,-1.931066632270813,-29.19875,0.0,0.0,0.22421499341726303,0.0,1.0,41.0,12.0,1.0,56.0,56.0,56.0,18.0,16.0,14.0,0.0
12055,0.0,0.0,0.22421499341726303,0.0,1.0,41.0,12.0,1.0,56.0,56.0,56.0,18.0,16.0,14.0,0.0,-1.9466865062713623,-1.9067827463150024,3.0,-1.4672245979309082,-1.807582139968872,-29.99875,0.0,0.0,0.0,0.0,1.0,42.0,13.0,1.0,57.0,57.0,57.0,19.0,17.0,15.0,0.0
12056,0.0,0.0,0.0,0.0,1.0,42.0,13.0,1.0,57.0,57.0,57.0,19.0,17.0,15.0,0.0,-1.9438793659210205,-1.9483232498168945,3.0,-0.29569798707962036,-0.8254907727241516,-30.79875,0.0,0.0,0.0,0.0,1.0,43.0,14.0,1.0,58.0,58.0,58.0,20.0,18.0,16.0,0.0
12057,0.0,0.0,0.0,0.0,1.0,43.0,14.0,1.0,58.0,58.0,58.0,20.0,18.0,16.0,0.0,-1.9780713319778442,0.08092393726110458,3.0,-1.5220240354537964,-1.8338121175765991,-31.56213541513497,0.0,0.08092393726110458,0.0,0.0,1.0,44.0,15.0,1.0,59.0,59.0,59.0,21.0,19.0,17.0,0.0
12058,0.0,0.08092393726110458,0.0,0.0,1.0,44.0,15.0,1.0,59.0,59.0,59.0,21.0,19.0,17.0,0.0,-1.9225519895553589,-1.639684796333313,3.0,-1.1620107889175415,-1.8106896877288818,-32.39875,0.0,0.0,0.0,0.0,1.0,45.0,16.0,1.0,60.0,60.0,60.0,22.0,20.0,18.0,0.0
12059,0.0,0.0,0.0,0.0,1.0,45.0,16.0,1.0,60.0,60.0,60.0,22.0,20.0,18.0,0.0,-1.9532536268234253,-1.7594472169876099,3.0,-0.947986364364624,-1.8684258460998535,-33.198750000000004,0.0,0.0,0.0,0.0,1.0,46.0,17.0,1.0,61.0,61.0,61.0,23.0,21.0,19.0,0.0
12060,0.0,0.0,0.0,0.0,1.0,46.0,17.0,1.0,61.0,61.0,61.0,23.0,21.0,19.0,0.0,-1.9952914714813232,-0.39699476957321167,3.0,-1.3165700435638428,-1.9245325326919556,-33.99875,0.0,0.0,0.0,0.0,1.0,47.0,18.0,1.0,62.0,62.0,62.0,24.0,22.0,20.0,0.0
12061,0.0,0.0,0.0,0.0,1.0,47.0,18.0,1.0,62.0,62.0,62.0,24.0,22.0,20.0,0.0,-1.8954493999481201,-1.3687652349472046,9.0,0.8832806348800659,-1.4534132480621338,-34.79875,0.0,0.0,0.8832806348800659,0.0,1.0,48.0,19.0,2.0,63.0,63.0,63.0,25.0,23.0,1.0,0.0
12062,0.0,0.0,0.8832806348800659,0.0,1.0,48.0,19.0,2.0,63.0,63.0,63.0,25.0,23.0,1.0,0.0,-1.9961695671081543,-1.958128809928894,3.0,0.7315166592597961,-1.5214247703552246,-33.698750000000004,0.0,0.0,1.614797294139862,0.0,1.0,49.0,20.0,1.0,64.0,64.0,64.0,26.0,24.0,2.0,0.0
12063,0.0,0.0,1.614797294139862,0.0,1.0,49.0,20.0,1.0,64.0,64.0,64.0,26.0,24.0,2.0,0.0,-1.9556001424789429,-0.9315370917320251,3.0,-1.5872442722320557,-1.436821699142456,-34.39875,0.0,0.0,0.027553021907806396,0.0,1.0,50.0,21.0,1.0,65.0,65.0,65.0,27.0,25.0,3.0,0.0
12064,0.0,0.0,0.027553021907806396,0.0,1.0,50.0,21.0,1.0,65.0,65.0,65.0,27.0,25.0,3.0,0.0,-1.1167209148406982,-1.8240970373153687,3.0,-1.7316498756408691,-1.5957832336425781,-35.19875,0.0,0.0,0.0,0.0,1.0,51.0,22.0,1.0,66.0,66.0,66.0,28.0,26.0,4.0,0.0
12065,0.0,0.0,0.0,0.0,1.0,51.0,22.0,1.0,66.0,66.0,66.0,28.0,26.0,4.0,0.0,-1.8813610076904297,-0.8794615864753723,3.0,-1.4494593143463135,-1.7602629661560059,-35.99875,0.0,0.0,0.0,0.0,1.0,52.0,23.0,1.0,67.0,67.0,67.0,29.0,27.0,5.0,0.0
12066,0.0,0.0,0.0,0.0,1.0,52.0,23.0,1.0,67.0,67.0,67.0,29.0,27.0,5.0,0.0,-1.8400914669036865,-1.7856378555297852,3.0,-1.670249581336975,-1.162221908569336,-36.79875,0.0,0.0,0.0,0.0,1.0,53.0,24.0,1.0,68.0,68.0,68.0,30.0,28.0,6.0,0.0
12067,0.0,0.0,0.0,0.0,1.0,53.0,24.0,1.0,68.0,68.0,68.0,30.0,28.0,6.0,0.0,-1.995915412902832,-1.782522201538086,3.0,-1.4351060390472412,-0.8101730346679688,-37.59875,0.0,0.0,0.0,0.0,1.0,54.0,25.0,1.0,69.0,69.0,69.0,31.0,29.0,7.0,0.0
12068,0.0,0.0,0.0,0.0,1.0,54.0,25.0,1.0,69.0,69.0,69.0,31.0,29.0,7.0,0.0,-1.3403232097625732,-1.8303791284561157,3.0,-1.7586036920547485,-1.9124118089675903,-38.39875,0.0,0.0,0.0,0.0,1.0,55.0,26.0,1.0,70.0,70.0,70.0,32.0,30.0,8.0,0.0
12069,0.0,0.0,0.0,0.0,1.0,55.0,26.0,1.0,70.0,70.0,70.0,32.0,30.0,8.0,0.0,-1.9631292819976807,-0.8734578490257263,3.0,-0.5739263296127319,-0.6126906275749207,-39.19875,0.0,0.0,0.0,0.0,1.0,56.0,27.0,1.0,71.0,71.0,71.0,33.0,31.0,9.0,0.0
12070,0.0,0.0,0.0,0.0,1.0,56.0,27.0,1.0,71.0,71.0,71.0,33.0,31.0,9.0,0.0,-1.7143667936325073,-1.6736114025115967,3.0,-1.8355603218078613,-1.656087040901184,-39.99875,0.0,0.0,0.0,0.0,1.0,57.0,28.0,1.0,72.0,72.0,72.0,34.0,32.0,10.0,0.0
12071,0.0,0.0,0.0,0.0,1.0,57.0,28.0,1.0,72.0,72.0,72.0,34.0,32.0,10.0,0.0,-1.9426778554916382,-1.9277777671813965,3.0,-0.911998987197876,-1.1481372117996216,-40.79875,0.0,0.0,0.0,0.0,1.0,58.0,29.0,1.0,73.0,73.0,73.0,35.0,33.0,11.0,0.0
12072,0.0,0.0,0.0,0.0,1.0,58.0,29.0,1.0,73.0,73.0,73.0,35.0,33.0,11.0,0.0,-1.8426233530044556,-1.8139488697052002,3.0,-1.7516329288482666,-1.2532591819763184,-41.59875,0.0,0.0,0.0,0.0,1.0,59.0,30.0,1.0,74.0,74.0,74.0,36.0,34.0,12.0,0.0
12073,0.0,0.0,0.0,0.0,1.0,59.0,30.0,1.0,74.0,74.0,74.0,36.0,34.0,12.0,0.0,-1.9772363901138306,-1.0919967889785767,3.0,-1.973185658454895,-1.8379944562911987,-42.39875,0.0,0.0,0.0,0.0,1.0,60.0,31.0,1.0,75.0,75.0,75.0,37.0,35.0,13.0,0.0
12074,0.0,0.0,0.0,0.0,1.0,60.0,31.0,1.0,75.0,75.0,75.0,37.0,35.0,13.0,2.0,-1.7507448196411133,-1.8968216180801392,3.0,-1.9012629985809326,-1.981977939605713,-55.598749999999995,0.0,0.0,0.0,0.0,2.0,61.0,1.0,1.0,76.0,76.0,76.0,38.0,36.0,14.0,0.0
12075,0.0,0.0,0.0,0.0,2.0,61.0,1.0,1.0,76.0,76.0,76.0,38.0,36.0,14.0,0.0,0.672314465045929,-0.509456217288971,3.0,-1.3241386413574219,-1.9714319705963135,-40.443558592193334,0.672314465045929,0.0,0.0,0.0,1.0,62.0,2.0,1.0,77.0,77.0,77.0,39.0,37.0,15.0,0.0
12076,0.672314465045929,0.0,0.0,0.0,1.0,62.0,2.0,1.0,77.0,77.0,77.0,39.0,37.0,15.0,0.0,-1.658754825592041,-1.858758568763733,3.0,-1.9755457639694214,-1.5217804908752441,-41.69875,0.0,0.0,0.0,0.0,1.0,63.0,3.0,1.0,78.0,78.0,78.0,40.0,38.0,16.0,0.0
12077,0.0,0.0,0.0,0.0,1.0,63.0,3.0,1.0,78.0,78.0,78.0,40.0,38.0,16.0,0.0,-1.7207679748535156,-1.9849014282226562,3.0,-1.9191093444824219,-1.902384877204895,-42.49875,0.0,0.0,0.0,0.0,1.0,64.0,4.0,1.0,79.0,79.0,79.0,41.0,39.0,17.0,0.0
12078,0.0,0.0,0.0,0.0,1.0,64.0,4.0,1.0,79.0,79.0,79.0,41.0,39.0,17.0,0.0,-1.3907142877578735,-1.8551417589187622,3.0,-1.796378493309021,-1.539204716682434,-43.29875,0.0,0.0,0.0,0.0,1.0,65.0,5.0,1.0,80.0,80.0,80.0,42.0,40.0,18.0,0.0
12079,0.0,0.0,0.0,0.0,1.0,65.0,5.0,1.0,80.0,80.0,80.0,42.0,40.0,18.0,0.0,-1.972790241241455,-1.9148679971694946,3.0,-1.9743973016738892,-0.4473331868648529,-44.09875,0.0,0.0,0.0,0.0,1.0,66.0,6.0,1.0,81.0,81.0,81.0,43.0,41.0,19.0,0.0
12080,0.0,0.0,0.0,0.0,1.0,66.0,6.0,1.0,81.0,81.0,81.0,43.0,41.0,19.0,0.0,-1.9392979145050049,-1.9527015686035156,3.0,-1.8946229219436646,-1.8847436904907227,-44.89875,0.0,0.0,0.0,0.0,1.0,67.0,7.0,1.0,82.0,82.0,82.0,44.0,42.0,20.0,0.0
12081,0.0,0.0,0.0,0.0,1.0,67.0,7.0,1.0,82.0,82.0,82.0,44.0,42.0,20.0,0.0,-1.9981857538223267,-1.3856804370880127,3.0,-1.91391921043396,-1.9167336225509644,-45.69875,0.0,0.0,0.0,0.0,1.0,68.0,8.0,1.0,83.0,83.0,83.0,45.0,43.0,21.0,0.0
12082,0.0,0.0,0.0,0.0,1.0,68.0,8.0,1.0,83.0,83.0,83.0,45.0,43.0,21.0,0.0,-1.975441336631775,-1.7919690608978271,3.0,-1.9574867486953735,-1.3934091329574585,-46.49875,0.0,0.0,0.0,0.0,1.0,69.0,9.0,1.0,84.0,84.0,84.0,46.0,44.0,22.0,0.0
12083,0.0,0.0,0.0,0.0,1.0,69.0,9.0,1.0,84.0,84.0,84.0,46.0,44.0,22.0,0.0,-1.9379504919052124,-1.7254191637039185,3.0,-1.8746869564056396,-1.0699008703231812,-47.29875,0.0,0.0,0.0,0.0,1.0,70.0,10.0,1.0,85.0,85.0,85.0,47.0,45.0,23.0,0.0
12084,0.0,0.0,0.0,0.0,1.0,70.0,10.0,1.0,85.0,85.0,85.0,47.0,45.0,23.0,0.0,-1.5506606101989746,-1.7758989334106445,3.0,-1.715306043624878,-1.3457571268081665,-48.09875,0.0,0.0,0.0,0.0,1.0,71.0,11.0,1.0,86.0,86.0,86.0,48.0,46.0,24.0,0.0
12085,0.0,0.0,0.0,0.0,1.0,71.0,11.0,1.0,86.0,86.0,86.0,48.0,46.0,24.0,0.0,-1.997836709022522,-1.6778630018234253,3.0,-1.9541279077529907,-1.855832815170288,-48.89875,0.0,0.0,0.0,0.0,1.0,72.0,12.0,1.0,87.0,87.0,87.0,49.0,47.0,25.0,0.0
12086,0.0,0.0,0.0,0.0,1.0,72.0,12.0,1.0,87.0,87.0,87.0,49.0,47.0,25.0,0.0,-1.819624662399292,-1.4607237577438354,3.0,-1.8572956323623657,-1.8621784448623657,-49.69875,0.0,0.0,0.0,0.0,1.0,73.0,13.0,1.0,88.0,88.0,88.0,50.0,48.0,26.0,0.0
12087,0.0,0.0,0.0,0.0,1.0,73.0,13.0,1.0,88.0,88.0,88.0,50.0,48.0,26.0,0.0,-1.9961085319519043,-1.249942660331726,3.0,-1.939621925354004,-1.9823887348175049,-50.49875,0.0,0.0,0.0,0.0,1.0,74.0,14.0,1.0,89.0,89.0,89.0,51.0,49.0,27.0,0.0
12088,0.0,0.0,0.0,0.0,1.0,74.0,14.0,1.0,89.0,89.0,89.0,51.0,49.0,27.0,0.0,-1.947751760482788,-1.7081924676895142,3.0,-1.8839548826217651,-1.9733599424362183,-51.29875,0.0,0.0,0.0,0.0,1.0,75.0,15.0,1.0,90.0,90.0,90.0,52.0,50.0,28.0,0.0
12089,0.0,0.0,0.0,0.0,1.0,75.0,15.0,1.0,90.0,90.0,90.0,52.0,50.0,28.0,0.0,-1.9876681566238403,-1.667229413986206,3.0,-1.9179915189743042,-1.9274688959121704,-52.09875,0.0,0.0,0.0,0.0,1.0,76.0,16.0,1.0,91.0,91.0,91.0,53.0,51.0,29.0,0.0
12090,0.0,0.0,0.0,0.0,1.0,76.0,16.0,1.0,91.0,91.0,91.0,53.0,51.0,29.0,0.0,-1.9577730894088745,-1.7855650186538696,3.0,-1.935968279838562,-1.5813325643539429,-52.89875,0.0,0.0,0.0,0.0,1.0,77.0,17.0,1.0,92.0,92.0,92.0,54.0,52.0,30.0,0.0
12091,0.0,0.0,0.0,0.0,1.0,77.0,17.0,1.0,92.0,92.0,92.0,54.0,52.0,30.0,0.0,-1.330856204032898,-1.5921467542648315,3.0,-1.895581603050232,-1.5496678352355957,-53.69875,0.0,0.0,0.0,0.0,1.0,78.0,18.0,1.0,93.0,93.0,93.0,55.0,53.0,31.0,0.0
12092,0.0,0.0,0.0,0.0,1.0,78.0,18.0,1.0,93.0,93.0,93.0,55.0,53.0,31.0,0.0,-1.5019792318344116,-1.7281887531280518,3.0,-1.7871143817901611,-1.372590184211731,-54.49875,0.0,0.0,0.0,0.0,1.0,79.0,19.0,1.0,94.0,94.0,94.0,56.0,54.0,32.0,0.0
12093,0.0,0.0,0.0,0.0,1.0,79.0,19.0,1.0,94.0,94.0,94.0,56.0,54.0,32.0,0.0,-1.5325208902359009,-1.769348382949829,3.0,-1.9498146772384644,-1.4375619888305664,-55.29875,0.0,0.0,0.0,0.0,1.0,80.0,20.0,1.0,95.0,95.0,95.0,57.0,55.0,33.0,0.0
12094,0.0,0.0,0.0,0.0,1.0,80.0,20.0,1.0,95.0,95.0,95.0,57.0,55.0,33.0,0.0,-1.9629813432693481,-1.1487095355987549,3.0,-1.9693374633789062,-1.910203456878662,-56.09875,0.0,0.0,0.0,0.0,1.0,81.0,21.0,1.0,96.0,96.0,96.0,58.0,56.0,34.0,0.0
12095,0.0,0.0,0.0,0.0,1.0,81.0,21.0,1.0,96.0,96.0,96.0,58.0,56.0,34.0,0.0,-1.816576600074768,-1.9258220195770264,3.0,-1.9858096837997437,-1.9194715023040771,-56.89875,0.0,0.0,0.0,0.0,1.0,82.0,22.0,1.0,97.0,97.0,97.0,59.0,57.0,35.0,0.0
12096,0.0,0.0,0.0,0.0,1.0,82.0,22.0,1.0,97.0,97.0,97.0,59.0,57.0,35.0,0.0,-0.3228399157524109,-1.8711884021759033,3.0,-1.9787427186965942,-1.637602686882019,-57.69875,0.0,0.0,0.0,0.0,1.0,83.0,23.0,1.0,98.0,98.0,98.0,60.0,58.0,36.0,0.0
12097,0.0,0.0,0.0,0.0,1.0,83.0,23.0,1.0,98.0,98.0,98.0,60.0,58.0,36.0,0.0,-1.857501745223999,-1.811582088470459,3.0,-1.9541085958480835,-1.6236811876296997,-58.49875,0.0,0.0,0.0,0.0,1.0,84.0,24.0,1.0,99.0,99.0,99.0,61.0,59.0,37.0,0.0
12098,0.0,0.0,0.0,0.0,1.0,84.0,24.0,1.0,99.0,99.0,99.0,61.0,59.0,37.0,0.0,-1.9740098714828491,-1.7711366415023804,3.0,-1.9741029739379883,-1.88779878616333,-59.29875,0.0,0.0,0.0,0.0,1.0,85.0,25.0,1.0,100.0,100.0,100.0,62.0,60.0,38.0,0.0
12099,0.0,0.0,0.0,0.0,1.0,85.0,25.0,1.0,100.0,100.0,100.0,62.0,60.0,38.0,0.0,-1.8852475881576538,-1.932721495628357,3.0,-1.9801594018936157,-1.7614965438842773,-59.79875,0.0,0.0,0.0,0.0,1.0,86.0,26.0,1.0,100.0,100.0,100.0,63.0,61.0,39.0,1.0
12100,1.8148739337921143,6.390528678894043,7.408268928527832,5.6267290115356445,1.0,1.0,1.0,1.0,1.0,1.0,1.0,1.0,1.0,1.0,8.0,0.4111129641532898,-1.5698590278625488,1.0,-1.35494065284729,-1.873420000076294,-3.755519708800585,2.225986897945404,4.820669651031494,6.053328275680542,3.7533090114593506,2.0,1.0,2.0,2.0,2.0,2.0,2.0,2.0,1.0,2.0,0.0
12101,2.225986897945404,4.820669651031494,6.053328275680542,3.7533090114593506,2.0,1.0,2.0,2.0,2.0,2.0,2.0,2.0,1.0,2.0,8.0,-1.1952368021011353,-1.46160089969635,1.0,-1.9493516683578491,-1.9299194812774658,-6.979382272922174,1.0307500958442688,3.359068751335144,4.103976607322693,1.8233895301818848,3.0,1.0,3.0,3.0,3.0,3.0,3.0,3.0,1.0,3.0,0.0
12102,1.0307500958442688,3.359068751335144,4.103976607322693,1.8233895301818848,3.0,1.0,3.0,3.0,3.0,3.0,3.0,3.0,1.0,3.0,9.0,-1.9027122259140015,-1.5224807262420654,1.0,-1.8326774835586548,-1.9515022039413452,-4.933546750620307,0.0,1.8365880250930786,2.271299123764038,0.0,4.0,1.0,4.0,4.0,4.0,4.0,4.0,4.0,2.0,1.0,0.0
12103,0.0,1.8365880250930786,2.271299123764038,0.0,4.0,1.0,4.0,4.0,4.0,4.0,4.0,4.0,2.0,1.0,7.0,-1.6220637559890747,-1.8994605541229248,10.0,-1.8718987703323364,-1.1048338413238525,-11.05875,0.0,0.0,0.39940035343170166,0.0,5.0,2.0,5.0,5.0,5.0,5.0,5.0,1.0,3.0,2.0,0.0
12104,0.0,0.0,0.39940035343170166,0.0,5.0,2.0,5.0,5.0,5.0,5.0,5.0,1.0,3.0,2.0,8.0,-1.9638721942901611,-1.9137459993362427,1.0,-0.703650951385498,-1.4750384092330933,-16.15375,0.0,0.0,0.0,0.0,6.0,1.0,6.0,6.0,6.0,6.0,6.0,2.0,1.0,3.0,0.0
12105,0.0,0.0,0.0,0.0,6.0,1.0,6.0,6.0,6.0,6.0,6.0,2.0,1.0,3.0,10.0,-1.9083839654922485,-1.745244026184082,0.0,-0.8703842759132385,-1.8278872966766357,-5.3,0.0,0.0,0.0,0.0,1.0,2.0,7.0,7.0,7.0,7.0,7.0,3.0,2.0,4.0,0.0
12106,0.0,0.0,0.0,0.0,1.0,2.0,7.0,7.0,7.0,7.0,7.0,3.0,2.0,4.0,0.0,-1.4588779211044312,-1.893576741218567,3.0,0.1757071316242218,-1.7972007989883423,-7.598750000000001,0.0,0.0,0.1757071316242218,0.0,1.0,3.0,8.0,1.0,8.0,8.0,8.0,4.0,3.0,5.0,0.0
12107,0.0,0.0,0.1757071316242218,0.0,1.0,3.0,8.0,1.0,8.0,8.0,8.0,4.0,3.0,5.0,0.0,-1.8953088521957397,-1.5377718210220337,9.0,-1.1073436737060547,-1.9052900075912476,-7.79875,0.0,0.0,0.0,0.0,1.0,4.0,9.0,2.0,9.0,9.0,9.0,5.0,4.0,1.0,0.0
12108,0.0,0.0,0.0,0.0,1.0,4.0,9.0,2.0,9.0,9.0,9.0,5.0,4.0,1.0,2.0,-1.762463927268982,-1.8602396249771118,9.0,-1.5879483222961426,-1.2162340879440308,-20.598749999999995,0.0,0.0,0.0,0.0,2.0,5.0,1.0,3.0,10.0,10.0,10.0,6.0,5.0,1.0,0.0
12109,0.0,0.0,0.0,0.0,2.0,5.0,1.0,3.0,10.0,10.0,10.0,6.0,5.0,1.0,0.0,-0.3049642741680145,-1.3224208354949951,0.0,-1.9649659395217896,-1.6978743076324463,-8.19875,0.0,0.0,0.0,0.0,1.0,6.0,2.0,4.0,11.0,11.0,11.0,7.0,6.0,2.0,0.0
12110,0.0,0.0,0.0,0.0,1.0,6.0,2.0,4.0,11.0,11.0,11.0,7.0,6.0,2.0,0.0,-1.8393571376800537,-1.080412745475769,3.0,-0.7832722067832947,-1.9604427814483643,-8.99875,0.0,0.0,0.0,0.0,1.0,7.0,3.0,1.0,12.0,12.0,12.0,8.0,7.0,3.0,0.0
12111,0.0,0.0,0.0,0.0,1.0,7.0,3.0,1.0,12.0,12.0,12.0,8.0,7.0,3.0,7.0,-0.34335771203041077,-1.2812306880950928,10.0,-1.3725950717926025,-0.9793742895126343,-14.458749999999998,0.0,0.0,0.0,0.0,2.0,8.0,4.0,2.0,13.0,13.0,13.0,1.0,8.0,4.0,0.0
12112,0.0,0.0,0.0,0.0,2.0,8.0,4.0,2.0,13.0,13.0,13.0,1.0,8.0,4.0,8.0,-1.3735707998275757,-1.7819042205810547,1.0,-0.8681142330169678,-1.7176740169525146,-19.15375,0.0,0.0,0.0,0.0,3.0,1.0,5.0,3.0,14.0,14.0,14.0,2.0,1.0,5.0,0.0
12113,0.0,0.0,0.0,0.0,3.0,1.0,5.0,3.0,14.0,14.0,14.0,2.0,1.0,5.0,0.0,-1.707858920097351,-1.3063125610351562,9.0,-1.4662721157073975,-1.8490712642669678,-9.09875,0.0,0.0,0.0,0.0,1.0,2.0,6.0,4.0,15.0,15.0,15.0,3.0,2.0,1.0,0.0
12114,0.0,0.0,0.0,0.0,1.0,2.0,6.0,4.0,15.0,15.0,15.0,3.0,2.0,1.0,0.0,-1.9179952144622803,-1.1033272743225098,3.0,-1.6381462812423706,-1.70465087890625,-9.29875,0.0,0.0,0.0,0.0,1.0,3.0,7.0,1.0,16.0,16.0,16.0,4.0,3.0,2.0,0.0
12115,0.0,0.0,0.0,0.0,1.0,3.0,7.0,1.0,16.0,16.0,16.0,4.0,3.0,2.0,2.0,-1.9450089931488037,-1.9101840257644653,3.0,-1.3034801483154297,-1.713829755783081,-22.198749999999997,0.0,0.0,0.0,0.0,2.0,4.0,1.0,1.0,17.0,17.0,17.0,5.0,4.0,3.0,0.0
12116,0.0,0.0,0.0,0.0,2.0,4.0,1.0,1.0,17.0,17.0,17.0,5.0,4.0,3.0,7.0,-1.1326152086257935,-1.3496397733688354,3.0,-1.8272464275360107,-1.3223073482513428,-14.958749999999998,0.0,0.0,0.0,0.0,3.0,5.0,2.0,1.0,18.0,18.0,18.0,1.0,5.0,4.0,0.0
12117,0.0,0.0,0.0,0.0,3.0,5.0,2.0,1.0,18.0,18.0,18.0,1.0,5.0,4.0,8.0,-1.692800521850586,-1.381723403930664,9.0,-0.7547699809074402,-1.5996133089065552,-19.853749999999998,0.0,0.0,0.0,0.0,4.0,6.0,3.0,2.0,19.0,19.0,19.0,2.0,1.0,1.0,0.0
12118,0.0,0.0,0.0,0.0,4.0,6.0,3.0,2.0,19.0,19.0,19.0,2.0,1.0,1.0,2.0,-1.2407110929489136,-1.6893930435180664,3.0,0.2767181694507599,-1.8293405771255493,-22.898749999999996,0.0,0.0,0.2767181694507599,0.0,5.0,7.0,1.0,1.0,20.0,20.0,20.0,3.0,2.0,2.0,0.0
12119,0.0,0.0,0.2767181694507599,0.0,5.0,7.0,1.0,1.0,20.0,20.0,20.0,3.0,2.0,2.0,0.0,-1.6946955919265747,-0.5533156394958496,3.0,-1.6932117938995361,-1.4828510284423828,-10.99875,0.0,0.0,0.0,0.0,1.0,8.0,2.0,1.0,21.0,21.0,21.0,4.0,3.0,3.0,0.0
12120,0.0,0.0,0.0,0.0,1.0,8.0,2.0,1.0,21.0,21.0,21.0,4.0,3.0,3.0,10.0,-1.4612575769424438,-1.4525840282440186,3.0,-0.784763514995575,-1.690716028213501,-9.5,0.0,0.0,0.0,0.0,2.0,9.0,3.0,1.0,22.0,22.0,22.0,5.0,4.0,4.0,0.0
12121,0.0,0.0,0.0,0.0,2.0,9.0,3.0,1.0,22.0,22.0,22.0,5.0,4.0,4.0,0.0,-1.678514838218689,-1.7286267280578613,3.0,-1.814988374710083,-1.902037262916565,-12.29875,0.0,0.0,0.0,0.0,1.0,10.0,4.0,1.0,23.0,23.0,23.0,6.0,5.0,5.0,0.0
12122,0.0,0.0,0.0,0.0,1.0,10.0,4.0,1.0,23.0,23.0,23.0,6.0,5.0,5.0,9.0,-1.4183603525161743,-1.9241435527801514,3.0,-1.5790057182312012,-0.7751079201698303,-13.618749999999999,0.0,0.0,0.0,0.0,2.0,11.0,5.0,1.0,24.0,24.0,24.0,7.0,6.0,1.0,0.0
12123,0.0,0.0,0.0,0.0,2.0,11.0,5.0,1.0,24.0,24.0,24.0,7.0,6.0,1.0,0.0,-1.8788310289382935,-0.02277013659477234,3.0,-0.41050922870635986,-1.5074433088302612,-13.39875,0.0,0.0,0.0,0.0,1.0,12.0,6.0,1.0,25.0,25.0,25.0,8.0,7.0,2.0,0.0
12124,0.0,0.0,0.0,0.0,1.0,12.0,6.0,1.0,25.0,25.0,25.0,8.0,7.0,2.0,0.0,-1.935208797454834,-0.3899725079536438,3.0,0.8424327969551086,-1.7842103242874146,-14.098749999999999,0.0,0.0,0.8424327969551086,0.0,1.0,13.0,7.0,1.0,26.0,26.0,26.0,9.0,8.0,3.0,0.0
12125,0.0,0.0,0.8424327969551086,0.0,1.0,13.0,7.0,1.0,26.0,26.0,26.0,9.0,8.0,3.0,10.0,-1.8617773056030273,-0.8904633522033691,3.0,-1.5269551277160645,-1.679992914199829,-13.0,0.0,0.0,0.0,0.0,2.0,14.0,8.0,1.0,27.0,27.0,27.0,10.0,9.0,4.0,0.0
12126,0.0,0.0,0.0,0.0,2.0,14.0,8.0,1.0,27.0,27.0,27.0,10.0,9.0,4.0,0.0,-0.9653305411338806,-0.6571834087371826,3.0,-1.0353639125823975,-1.8479769229888916,-15.79875,0.0,0.0,0.0,0.0,1.0,15.0,9.0,1.0,28.0,28.0,28.0,11.0,10.0,5.0,0.0
12127,0.0,0.0,0.0,0.0,1.0,15.0,9.0,1.0,28.0,28.0,28.0,11.0,10.0,5.0,10.0,-1.4805867671966553,0.4591767191886902,3.0,-1.5873664617538452,-1.7436686754226685,-14.6,0.0,0.4591767191886902,0.0,0.0,2.0,16.0,10.0,1.0,29.0,29.0,29.0,12.0,11.0,6.0,0.0
12128,0.0,0.4591767191886902,0.0,0.0,2.0,16.0,10.0,1.0,29.0,29.0,29.0,12.0,11.0,6.0,1.0,-1.373525619506836,-1.6492729187011719,3.0,-1.2956438064575195,-1.8891695737838745,-24.21875,0.0,0.0,0.0,0.0,3.0,1.0,11.0,1.0,30.0,30.0,30.0,13.0,12.0,7.0,0.0
12129,0.0,0.0,0.0,0.0,3.0,1.0,11.0,1.0,30.0,30.0,30.0,13.0,12.0,7.0,2.0,-1.8065615892410278,-1.7953263521194458,3.0,-1.7411813735961914,-0.6183667182922363,-29.098749999999995,0.0,0.0,0.0,0.0,4.0,2.0,1.0,1.0,31.0,31.0,31.0,14.0,13.0,8.0,0.0
12130,0.0,0.0,0.0,0.0,4.0,2.0,1.0,1.0,31.0,31.0,31.0,14.0,13.0,8.0,0.0,-1.6610965728759766,-1.7101256847381592,10.0,-1.843925952911377,-1.7544995546340942,-16.49875,0.0,0.0,0.0,0.0,1.0,3.0,2.0,2.0,32.0,32.0,32.0,15.0,14.0,9.0,0.0
12131,0.0,0.0,0.0,0.0,1.0,3.0,2.0,2.0,32.0,32.0,32.0,15.0,14.0,9.0,0.0,-1.1749355792999268,-0.3485320210456848,3.0,-1.820157527923584,-0.9461662769317627,-17.09875,0.0,0.0,0.0,0.0,1.0,4.0,3.0,1.0,33.0,33.0,33.0,16.0,15.0,10.0,0.0
12132,0.0,0.0,0.0,0.0,1.0,4.0,3.0,1.0,33.0,33.0,33.0,16.0,15.0,10.0,0.0,-1.6188448667526245,-1.9236936569213867,3.0,0.2821374237537384,-1.911206841468811,-17.798750000000002,0.0,0.0,0.2821374237537384,0.0,1.0,5.0,4.0,1.0,34.0,34.0,34.0,17.0,16.0,11.0,0.0
12133,0.0,0.0,0.2821374237537384,0.0,1.0,5.0,4.0,1.0,34.0,34.0,34.0,17.0,16.0,11.0,0.0,-1.0937150716781616,0.41966521739959717,3.0,-1.5997726917266846,-1.0101548433303833,-18.43090410258692,0.0,0.41966521739959717,0.0,0.0,1.0,6.0,5.0,1.0,35.0,35.0,35.0,18.0,17.0,12.0,0.0
12134,0.0,0.41966521739959717,0.0,0.0,1.0,6.0,5.0,1.0,35.0,35.0,35.0,18.0,17.0,12.0,0.0,-1.310889482498169,-0.9134839773178101,3.0,-1.487736463546753,-1.8149200677871704,-19.39875,0.0,0.0,0.0,0.0,1.0,7.0,6.0,1.0,36.0,36.0,36.0,19.0,18.0,13.0,0.0
12135,0.0,0.0,0.0,0.0,1.0,7.0,6.0,1.0,36.0,36.0,36.0,19.0,18.0,13.0,0.0,-1.0468947887420654,-1.6681764125823975,3.0,-1.8003548383712769,-1.7909339666366577,-20.19875,0.0,0.0,0.0,0.0,1.0,8.0,7.0,1.0,37.0,37.0,37.0,20.0,19.0,14.0,0.0
12136,0.0,0.0,0.0,0.0,1.0,8.0,7.0,1.0,37.0,37.0,37.0,20.0,19.0,14.0,0.0,-1.9175775051116943,-1.5450026988983154,3.0,-1.9117679595947266,-1.81191086769104,-20.99875,0.0,0.0,0.0,0.0,1.0,9.0,8.0,1.0,38.0,38.0,38.0,21.0,20.0,15.0,0.0
12137,0.0,0.0,0.0,0.0,1.0,9.0,8.0,1.0,38.0,38.0,38.0,21.0,20.0,15.0,2.0,-1.6764605045318604,-1.899742603302002,3.0,-1.9127798080444336,-1.2840428352355957,-34.19875,0.0,0.0,0.0,0.0,2.0,10.0,1.0,1.0,39.0,39.0,39.0,22.0,21.0,16.0,0.0
12138,0.0,0.0,0.0,0.0,2.0,10.0,1.0,1.0,39.0,39.0,39.0,22.0,21.0,16.0,0.0,-0.9932277202606201,-0.17330418527126312,9.0,-1.3709697723388672,-1.1824299097061157,-21.89875,0.0,0.0,0.0,0.0,1.0,11.0,2.0,2.0,40.0,40.0,40.0,23.0,22.0,1.0,0.0
12139,0.0,0.0,0.0,0.0,1.0,11.0,2.0,2.0,40.0,40.0,40.0,23.0,22.0,1.0,0.0,-0.921014666557312,-0.39159125089645386,3.0,-1.288059115409851,-1.8166877031326294,-21.09875,0.0,0.0,0.0,0.0,1.0,12.0,3.0,1.0,41.0,41.0,41.0,24.0,23.0,2.0,0.0
12140,0.0,0.0,0.0,0.0,1.0,12.0,3.0,1.0,41.0,41.0,41.0,24.0,23.0,2.0,8.0,-1.3341124057769775,-0.91403728723526,3.0,-0.22193072736263275,-0.770112931728363,-31.253749999999997,0.0,0.0,0.0,0.0,2.0,13.0,4.0,1.0,42.0,42.0,42.0,25.0,1.0,3.0,0.0
12141,0.0,0.0,0.0,0.0,2.0,13.0,4.0,1.0,42.0,42.0,42.0,25.0,1.0,3.0,0.0,-1.8711354732513428,-1.4765238761901855,10.0,-1.0999363660812378,0.8641977310180664,-20.39875,0.0,0.0,0.0,0.8641977310180664,1.0,14.0,5.0,2.0,43.0,43.0,43.0,26.0,2.0,4.0,0.0
12142,0.0,0.0,0.0,0.8641977310180664,1.0,14.0,5.0,2.0,43.0,43.0,43.0,26.0,2.0,4.0,0.0,0.388119101524353,-1.8202369213104248,10.0,-1.1238713264465332,-1.0585306882858276,-20.861147883312405,0.388119101524353,0.0,0.0,0.0,1.0,15.0,6.0,3.0,44.0,44.0,44.0,27.0,3.0,5.0,0.0
12143,0.388119101524353,0.0,0.0,0.0,1.0,15.0,6.0,3.0,44.0,44.0,44.0,27.0,3.0,5.0,2.0,-1.8169306516647339,-1.7618024349212646,10.0,-1.7297389507293701,-1.7747591733932495,-34.498749999999994,0.0,0.0,0.0,0.0,2.0,16.0,1.0,4.0,45.0,45.0,45.0,28.0,4.0,6.0,0.0
12144,0.0,0.0,0.0,0.0,2.0,16.0,1.0,4.0,45.0,45.0,45.0,28.0,4.0,6.0,0.0,-1.2099305391311646,-1.9597495794296265,10.0,-1.2011957168579102,-1.678533673286438,-22.49875,0.0,0.0,0.0,0.0,1.0,17.0,2.0,5.0,46.0,46.0,46.0,29.0,5.0,7.0,0.0
12145,0.0,0.0,0.0,0.0,1.0,17.0,2.0,5.0,46.0,46.0,46.0,29.0,5.0,7.0,0.0,-1.6699234247207642,-0.6013752818107605,10.0,-0.04632490500807762,-1.7366987466812134,-23.29875,0.0,0.0,0.0,0.0,1.0,18.0,3.0,6.0,47.0,47.0,47.0,30.0,6.0,8.0,0.0
12146,0.0,0.0,0.0,0.0,1.0,18.0,3.0,6.0,47.0,47.0,47.0,30.0,6.0,8.0,10.0,-1.8948410749435425,-1.1540411710739136,3.0,-0.47112008929252625,-1.922844648361206,-22.3,0.0,0.0,0.0,0.0,2.0,19.0,4.0,1.0,48.0,48.0,48.0,31.0,7.0,9.0,0.0
12147,0.0,0.0,0.0,0.0,2.0,19.0,4.0,1.0,48.0,48.0,48.0,31.0,7.0,9.0,0.0,-1.693017601966858,-1.6661237478256226,10.0,-1.121433138847351,-1.7809988260269165,-24.59875,0.0,0.0,0.0,0.0,1.0,20.0,5.0,2.0,49.0,49.0,49.0,32.0,8.0,10.0,0.0
12148,0.0,0.0,0.0,0.0,1.0,20.0,5.0,2.0,49.0,49.0,49.0,32.0,8.0,10.0,10.0,-1.9481086730957031,-1.5999277830123901,3.0,-1.0987367630004883,-1.8626859188079834,-23.5,0.0,0.0,0.0,0.0,2.0,21.0,6.0,1.0,50.0,50.0,50.0,33.0,9.0,11.0,0.0
12149,0.0,0.0,0.0,0.0,2.0,21.0,6.0,1.0,50.0,50.0,50.0,33.0,9.0,11.0,0.0,-1.733216643333435,-1.4487491846084595,10.0,-1.7261548042297363,-1.9697757959365845,-26.19875,0.0,0.0,0.0,0.0,1.0,22.0,7.0,2.0,51.0,51.0,51.0,34.0,10.0,12.0,0.0
12150,0.0,0.0,0.0,0.0,1.0,22.0,7.0,2.0,51.0,51.0,51.0,34.0,10.0,12.0,0.0,-1.9961282014846802,-1.8584933280944824,3.0,-1.932650089263916,-1.956572413444519,-26.99875,0.0,0.0,0.0,0.0,1.0,23.0,8.0,1.0,52.0,52.0,52.0,35.0,11.0,13.0,0.0
12151,0.0,0.0,0.0,0.0,1.0,23.0,8.0,1.0,52.0,52.0,52.0,35.0,11.0,13.0,0.0,-1.3613063097000122,-1.282867670059204,10.0,-1.254957914352417,-1.9386332035064697,-27.69875,0.0,0.0,0.0,0.0,1.0,24.0,9.0,2.0,53.0,53.0,53.0,36.0,12.0,14.0,0.0
12152,0.0,0.0,0.0,0.0,1.0,24.0,9.0,2.0,53.0,53.0,53.0,36.0,12.0,14.0,0.0,-1.884508728981018,-0.7466883659362793,3.0,-0.8654711842536926,-1.7864787578582764,-28.59875,0.0,0.0,0.0,0.0,1.0,25.0,10.0,1.0,54.0,54.0,54.0,37.0,13.0,15.0,0.0
12153,0.0,0.0,0.0,0.0,1.0,25.0,10.0,1.0,54.0,54.0,54.0,37.0,13.0,15.0,0.0,-1.1247823238372803,-1.159885048866272,3.0,-1.9102756977081299,-1.855002760887146,-29.29875,0.0,0.0,0.0,0.0,1.0,26.0,11.0,1.0,55.0,55.0,55.0,38.0,14.0,16.0,0.0
12154,0.0,0.0,0.0,0.0,1.0,26.0,11.0,1.0,55.0,55.0,55.0,38.0,14.0,16.0,0.0,-1.3842204809188843,-0.2753022611141205,3.0,-1.8886823654174805,-1.9163992404937744,-30.09875,0.0,0.0,0.0,0.0,1.0,27.0,12.0,1.0,56.0,56.0,56.0,39.0,15.0,17.0,0.0
12155,0.0,0.0,0.0,0.0,1.0,27.0,12.0,1.0,56.0,56.0,56.0,39.0,15.0,17.0,0.0,-1.9280967712402344,-1.8921173810958862,3.0,-1.5451853275299072,-1.6853166818618774,-30.89875,0.0,0.0,0.0,0.0,1.0,28.0,13.0,1.0,57.0,57.0,57.0,40.0,16.0,18.0,0.0
12156,0.0,0.0,0.0,0.0,1.0,28.0,13.0,1.0,57.0,57.0,57.0,40.0,16.0,18.0,0.0,-1.8037195205688477,-1.76209557056427,3.0,-1.6956920623779297,-1.8471375703811646,-31.69875,0.0,0.0,0.0,0.0,1.0,29.0,14.0,1.0,58.0,58.0,58.0,41.0,17.0,19.0,0.0
12157,0.0,0.0,0.0,0.0,1.0,29.0,14.0,1.0,58.0,58.0,58.0,41.0,17.0,19.0,0.0,-1.9714875221252441,-1.7370281219482422,3.0,-1.700658917427063,-1.9070425033569336,-32.49875,0.0,0.0,0.0,0.0,1.0,30.0,15.0,1.0,59.0,59.0,59.0,42.0,18.0,20.0,0.0
12158,0.0,0.0,0.0,0.0,1.0,30.0,15.0,1.0,59.0,59.0,59.0,42.0,18.0,20.0,0.0,-1.956385612487793,-0.944355309009552,3.0,-1.792593002319336,-1.8894580602645874,-33.29875,0.0,0.0,0.0,0.0,1.0,31.0,16.0,1.0,60.0,60.0,60.0,43.0,19.0,21.0,0.0
12159,0.0,0.0,0.0,0.0,1.0,31.0,16.0,1.0,60.0,60.0,60.0,43.0,19.0,21.0,0.0,-1.8503079414367676,-1.5172356367111206,9.0,-1.899819254875183,-1.6827540397644043,-34.09875,0.0,0.0,0.0,0.0,1.0,32.0,17.0,2.0,61.0,61.0,61.0,44.0,20.0,1.0,0.0
12160,0.0,0.0,0.0,0.0,1.0,32.0,17.0,2.0,61.0,61.0,61.0,44.0,20.0,1.0,0.0,-1.853269100189209,-0.28514859080314636,10.0,-1.8620861768722534,-1.969743251800537,-32.89875,0.0,0.0,0.0,0.0,1.0,33.0,18.0,3.0,62.0,62.0,62.0,45.0,21.0,2.0,0.0
12161,0.0,0.0,0.0,0.0,1.0,33.0,18.0,3.0,62.0,62.0,62.0,45.0,21.0,2.0,0.0,-1.5524470806121826,-0.7730896472930908,10.0,-0.04394586756825447,-1.637308120727539,-33.79875,0.0,0.0,0.0,0.0,1.0,34.0,19.0,4.0,63.0,63.0,63.0,46.0,22.0,3.0,0.0
12162,0.0,0.0,0.0,0.0,1.0,34.0,19.0,4.0,63.0,63.0,63.0,46.0,22.0,3.0,0.0,-1.745683193206787,-1.182030439376831,10.0,-1.3228291273117065,-1.1179263591766357,-34.69875,0.0,0.0,0.0,0.0,1.0,35.0,20.0,5.0,64.0,64.0,64.0,47.0,23.0,4.0,0.0
12163,0.0,0.0,0.0,0.0,1.0,35.0,20.0,5.0,64.0,64.0,64.0,47.0,23.0,4.0,0.0,-0.2905307710170746,-0.38680338859558105,3.0,0.20193412899971008,-1.950198769569397,-35.59875,0.0,0.0,0.20193412899971008,0.0,1.0,36.0,21.0,1.0,65.0,65.0,65.0,48.0,24.0,5.0,0.0
12164,0.0,0.0,0.20193412899971008,0.0,1.0,36.0,21.0,1.0,65.0,65.0,65.0,48.0,24.0,5.0,0.0,-1.0304210186004639,-0.19938363134860992,10.0,-1.5597835779190063,-1.614759087562561,-35.99875,0.0,0.0,0.0,0.0,1.0,37.0,22.0,2.0,66.0,66.0,66.0,49.0,25.0,6.0,0.0
12165,0.0,0.0,0.0,0.0,1.0,37.0,22.0,2.0,66.0,66.0,66.0,49.0,25.0,6.0,0.0,-0.2963029742240906,-1.741065263748169,3.0,-1.804223656654358,-1.2701948881149292,-36.89875,0.0,0.0,0.0,0.0,1.0,38.0,23.0,1.0,67.0,67.0,67.0,50.0,26.0,7.0,0.0
12166,0.0,0.0,0.0,0.0,1.0,38.0,23.0,1.0,67.0,67.0,67.0,50.0,26.0,7.0,0.0,-1.0660690069198608,0.12680058181285858,3.0,-1.7840503454208374,-1.8588939905166626,-37.54227987952697,0.0,0.12680058181285858,0.0,0.0,1.0,39.0,24.0,1.0,68.0,68.0,68.0,51.0,27.0,8.0,0.0
12167,0.0,0.12680058181285858,0.0,0.0,1.0,39.0,24.0,1.0,68.0,68.0,68.0,51.0,27.0,8.0,0.0,-1.9835556745529175,-0.3418461084365845,10.0,-1.795357584953308,-1.1306341886520386,-38.39875,0.0,0.0,0.0,0.0,1.0,40.0,25.0,2.0,69.0,69.0,69.0,52.0,28.0,9.0,0.0
12168,0.0,0.0,0.0,0.0,1.0,40.0,25.0,2.0,69.0,69.0,69.0,52.0,28.0,9.0,0.0,-1.22869074344635,-0.8678755760192871,3.0,-1.957627296447754,-1.1956615447998047,-39.29875,0.0,0.0,0.0,0.0,1.0,41.0,26.0,1.0,70.0,70.0,70.0,53.0,29.0,10.0,0.0
12169,0.0,0.0,0.0,0.0,1.0,41.0,26.0,1.0,70.0,70.0,70.0,53.0,29.0,10.0,0.0,-1.8697727918624878,0.12303472310304642,3.0,-1.8306877613067627,-1.424885869026184,-39.943885172935886,0.0,0.12303472310304642,0.0,0.0,1.0,42.0,27.0,1.0,71.0,71.0,71.0,54.0,30.0,11.0,0.0
12170,0.0,0.12303472310304642,0.0,0.0,1.0,42.0,27.0,1.0,71.0,71.0,71.0,54.0,30.0,11.0,0.0,-1.8681468963623047,-0.6101061105728149,3.0,-1.976133942604065,-1.3517218828201294,-40.79875,0.0,0.0,0.0,0.0,1.0,43.0,28.0,1.0,72.0,72.0,72.0,55.0,31.0,12.0,0.0
12171,0.0,0.0,0.0,0.0,1.0,43.0,28.0,1.0,72.0,72.0,72.0,55.0,31.0,12.0,0.0,-1.1243796348571777,-0.7344779968261719,3.0,-1.6005150079727173,-1.6840656995773315,-41.59875,0.0,0.0,0.0,0.0,1.0,44.0,29.0,1.0,73.0,73.0,73.0,56.0,32.0,13.0,0.0
12172,0.0,0.0,0.0,0.0,1.0,44.0,29.0,1.0,73.0,73.0,73.0,56.0,32.0,13.0,0.0,-0.9834629893302917,-1.6060850620269775,3.0,-1.6602566242218018,-1.1352416276931763,-42.39875,0.0,0.0,0.0,0.0,1.0,45.0,30.0,1.0,74.0,74.0,74.0,57.0,33.0,14.0,0.0
12173,0.0,0.0,0.0,0.0,1.0,45.0,30.0,1.0,74.0,74.0,74.0,57.0,33.0,14.0,0.0,-1.8740813732147217,-1.6996986865997314,10.0,-0.644232451915741,-1.3864163160324097,-43.19875,0.0,0.0,0.0,0.0,1.0,46.0,31.0,2.0,75.0,75.0,75.0,58.0,34.0,15.0,0.0
12174,0.0,0.0,0.0,0.0,1.0,46.0,31.0,2.0,75.0,75.0,75.0,58.0,34.0,15.0,0.0,-1.9171708822250366,-1.7928228378295898,3.0,-1.7933954000473022,-1.7072895765304565,-44.09875,0.0,0.0,0.0,0.0,1.0,47.0,32.0,1.0,76.0,76.0,76.0,59.0,35.0,16.0,0.0
12175,0.0,0.0,0.0,0.0,1.0,47.0,32.0,1.0,76.0,76.0,76.0,59.0,35.0,16.0,0.0,-0.0849391371011734,-1.7790850400924683,3.0,-1.3790892362594604,-1.7927643060684204,-44.79875,0.0,0.0,0.0,0.0,1.0,48.0,33.0,1.0,77.0,77.0,77.0,60.0,36.0,17.0,0.0
12176,0.0,0.0,0.0,0.0,1.0,48.0,33.0,1.0,77.0,77.0,77.0,60.0,36.0,17.0,0.0,-1.875165343284607,-1.8549777269363403,9.0,-1.197749376296997,-1.1902556419372559,-45.59875,0.0,0.0,0.0,0.0,1.0,49.0,34.0,2.0,78.0,78.0,78.0,61.0,37.0,1.0,0.0
12177,0.0,0.0,0.0,0.0,1.0,49.0,34.0,2.0,78.0,78.0,78.0,61.0,37.0,1.0,0.0,-1.455329179763794,0.8508939743041992,3.0,0.4804076552391052,-0.5941117405891418,-44.51530748805216,0.0,0.8508939743041992,0.4804076552391052,0.0,1.0,50.0,35.0,1.0,79.0,79.0,79.0,62.0,38.0,2.0,0.0
12178,0.0,0.8508939743041992,0.4804076552391052,0.0,1.0,50.0,35.0,1.0,79.0,79.0,79.0,62.0,38.0,2.0,0.0,-1.9690771102905273,-1.4438447952270508,3.0,-1.6660033464431763,-0.8047601580619812,-45.49875,0.0,0.0,0.0,0.0,1.0,51.0,36.0,1.0,80.0,80.0,80.0,63.0,39.0,3.0,0.0
12179,0.0,0.0,0.0,0.0,1.0,51.0,36.0,1.0,80.0,80.0,80.0,63.0,39.0,3.0,0.0,-1.420607089996338,-1.3687938451766968,3.0,-0.987015962600708,-1.418814778327942,-46.29875,0.0,0.0,0.0,0.0,1.0,52.0,37.0,1.0,81.0,81.0,81.0,64.0,40.0,4.0,0.0
12180,0.0,0.0,0.0,0.0,1.0,52.0,37.0,1.0,81.0,81.0,81.0,64.0,40.0,4.0,0.0,-1.7872828245162964,-1.6396045684814453,3.0,-1.8206700086593628,-1.776521921157837,-47.09875,0.0,0.0,0.0,0.0,1.0,53.0,38.0,1.0,82.0,82.0,82.0,65.0,41.0,5.0,0.0
12181,0.0,0.0,0.0,0.0,1.0,53.0,38.0,1.0,82.0,82.0,82.0,65.0,41.0,5.0,0.0,-1.9017366170883179,-1.2457784414291382,3.0,-1.8839843273162842,-0.8504678606987,-47.89875,0.0,0.0,0.0,0.0,1.0,54.0,39.0,1.0,83.0,83.0,83.0,66.0,42.0,6.0,0.0
12182,0.0,0.0,0.0,0.0,1.0,54.0,39.0,1.0,83.0,83.0,83.0,66.0,42.0,6.0,0.0,-1.8607996702194214,-1.5655144453048706,3.0,-1.84352707862854,-0.9070676565170288,-48.69875,0.0,0.0,0.0,0.0,1.0,55.0,40.0,1.0,84.0,84.0,84.0,67.0,43.0,7.0,0.0
12183,0.0,0.0,0.0,0.0,1.0,55.0,40.0,1.0,84.0,84.0,84.0,67.0,43.0,7.0,0.0,-1.4498317241668701,-1.3289198875427246,3.0,-1.7786657810211182,-1.062755823135376,-49.49875,0.0,0.0,0.0,0.0,1.0,56.0,41.0,1.0,85.0,85.0,85.0,68.0,44.0,8.0,0.0
12184,0.0,0.0,0.0,0.0,1.0,56.0,41.0,1.0,85.0,85.0,85.0,68.0,44.0,8.0,0.0,-1.8446729183197021,-0.15274785459041595,3.0,-1.5710196495056152,-1.8181203603744507,-50.29875,0.0,0.0,0.0,0.0,1.0,57.0,42.0,1.0,86.0,86.0,86.0,69.0,45.0,9.0,0.0
12185,0.0,0.0,0.0,0.0,1.0,57.0,42.0,1.0,86.0,86.0,86.0,69.0,45.0,9.0,0.0,-1.6641589403152466,-1.6566492319107056,3.0,-1.8381541967391968,-1.4320552349090576,-51.09875,0.0,0.0,0.0,0.0,1.0,58.0,43.0,1.0,87.0,87.0,87.0,70.0,46.0,10.0,0.0
12186,0.0,0.0,0.0,0.0,1.0,58.0,43.0,1.0,87.0,87.0,87.0,70.0,46.0,10.0,0.0,-1.950019359588623,-1.7069227695465088,9.0,-1.7376976013183594,-1.014540672302246,-51.89875,0.0,0.0,0.0,0.0,1.0,59.0,44.0,2.0,88.0,88.0,88.0,71.0,47.0,1.0,0.0
12187,0.0,0.0,0.0,0.0,1.0,59.0,44.0,2.0,88.0,88.0,88.0,71.0,47.0,1.0,0.0,-0.5093419551849365,1.010087013244629,3.0,-1.4745138883590698,-1.761507511138916,-51.48720228386169,0.0,1.010087013244629,0.0,0.0,1.0,60.0,45.0,1.0,89.0,89.0,89.0,72.0,48.0,2.0,0.0
12188,0.0,1.010087013244629,0.0,0.0,1.0,60.0,45.0,1.0,89.0,89.0,89.0,72.0,48.0,2.0,0.0,-1.0621180534362793,0.09532245248556137,3.0,-1.5627930164337158,-1.5737353563308716,-52.174133761908976,0.0,1.1054094657301903,0.0,0.0,1.0,61.0,46.0,1.0,90.0,90.0,90.0,73.0,49.0,3.0,0.0
12189,0.0,1.1054094657301903,0.0,0.0,1.0,61.0,46.0,1.0,90.0,90.0,90.0,73.0,49.0,3.0,0.0,-0.9367803931236267,-0.6831281781196594,3.0,-0.9229880571365356,-1.951319932937622,-53.13002903157033,0.0,0.42228128761053085,0.0,0.0,1.0,62.0,47.0,1.0,91.0,91.0,91.0,74.0,50.0,4.0,0.0
12190,0.0,0.42228128761053085,0.0,0.0,1.0,62.0,47.0,1.0,91.0,91.0,91.0,74.0,50.0,4.0,0.0,-1.2026259899139404,-0.573623538017273,3.0,-1.335088849067688,-1.6552777290344238,-54.09875,0.0,0.0,0.0,0.0,1.0,63.0,48.0,1.0,92.0,92.0,92.0,75.0,51.0,5.0,0.0
12191,0.0,0.0,0.0,0.0,1.0,63.0,48.0,1.0,92.0,92.0,92.0,75.0,51.0,5.0,0.0,-1.87423574924469,-1.3205814361572266,3.0,-0.8157954812049866,-1.970476508140564,-54.89875,0.0,0.0,0.0,0.0,1.0,64.0,49.0,1.0,93.0,93.0,93.0,76.0,52.0,6.0,0.0
12192,0.0,0.0,0.0,0.0,1.0,64.0,49.0,1.0,93.0,93.0,93.0,76.0,52.0,6.0,0.0,-1.9297281503677368,-1.8829834461212158,3.0,-1.5087568759918213,-1.9637668132781982,-55.69875,0.0,0.0,0.0,0.0,1.0,65.0,50.0,1.0,94.0,94.0,94.0,77.0,53.0,7.0,0.0
12193,0.0,0.0,0.0,0.0,1.0,65.0,50.0,1.0,94.0,94.0,94.0,77.0,53.0,7.0,0.0,-1.6763226985931396,0.023146191611886024,3.0,-0.849655270576477,-1.8545207977294922,-56.48807006155933,0.0,0.023146191611886024,0.0,0.0,1.0,66.0,51.0,1.0,95.0,95.0,95.0,78.0,54.0,8.0,0.0
12194,0.0,0.023146191611886024,0.0,0.0,1.0,66.0,51.0,1.0,95.0,95.0,95.0,78.0,54.0,8.0,0.0,-1.8149164915084839,1.2873543500900269,3.0,-0.9967905282974243,-1.9860259294509888,-56.955566056927765,0.0,1.3105005417019129,0.0,0.0,1.0,67.0,52.0,1.0,96.0,96.0,96.0,79.0,55.0,9.0,0.0
12195,0.0,1.3105005417019129,0.0,0.0,1.0,67.0,52.0,1.0,96.0,96.0,96.0,79.0,55.0,9.0,0.0,-1.9713046550750732,-1.6684812307357788,3.0,-1.0421979427337646,-0.6456554532051086,-58.09875,0.0,0.0,0.0,0.0,1.0,68.0,53.0,1.0,97.0,97.0,97.0,80.0,56.0,10.0,0.0
12196,0.0,0.0,0.0,0.0,1.0,68.0,53.0,1.0,97.0,97.0,97.0,80.0,56.0,10.0,0.0,-1.7174677848815918,-0.5636296272277832,9.0,-1.246239185333252,-1.93840754032135,-58.89875,0.0,0.0,0.0,0.0,1.0,69.0,54.0,2.0,98.0,98.0,98.0,81.0,57.0,1.0,0.0
12197,0.0,0.0,0.0,0.0,1.0,69.0,54.0,2.0,98.0,98.0,98.0,81.0,57.0,1.0,0.0,-1.9845051765441895,-1.9570262432098389,3.0,-1.5476549863815308,-1.6583589315414429,-58.79875,0.0,0.0,0.0,0.0,1.0,70.0,55.0,1.0,99.0,99.0,99.0,82.0,58.0,2.0,0.0
12198,0.0,0.0,0.0,0.0,1.0,70.0,55.0,1.0,99.0,99.0,99.0,82.0,58.0,2.0,0.0,-1.8588296175003052,-1.8408352136611938,3.0,0.32708674669265747,-1.6615263223648071,-59.49875,0.0,0.0,0.32708674669265747,0.0,1.0,71.0,56.0,1.0,100.0,100.0,100.0,83.0,59.0,3.0,0.0
12199,0.0,0.0,0.32708674669265747,0.0,1.0,71.0,56.0,1.0,100.0,100.0,100.0,83.0,59.0,3.0,0.0,-1.9300137758255005,-1.0034236907958984,9.0,-1.0729204416275024,-1.9960359334945679,-59.99875,0.0,0.0,0.0,0.0,1.0,72.0,57.0,2.0,100.0,100.0,100.0,84.0,60.0,1.0,1.0
12200,6.288415908813477,1.189653992652893,8.519546508789062,1.9022208452224731,1.0,1.0,1.0,1.0,1.0,1.0,1.0,1.0,1.0,1.0,7.0,-1.4789124727249146,1.863688588142395,1.0,-1.9824389219284058,-1.6347001791000366,-3.251469129939032,4.809503436088562,3.053342580795288,6.537107586860657,0.2675206661224365,2.0,1.0,2.0,2.0,2.0,2.0,2.0,1.0,2.0,2.0,0.0
12201,4.809503436088562,3.053342580795288,6.537107586860657,0.2675206661224365,2.0,1.0,2.0,2.0,2.0,2.0,2.0,1.0,2.0,2.0,8.0,-1.9059803485870361,-0.10585051029920578,1.0,-1.9262560606002808,-1.1962969303131104,-6.353776460514926,2.903523087501526,2.9474920704960823,4.610851526260376,0.0,3.0,1.0,3.0,3.0,3.0,3.0,3.0,2.0,1.0,3.0,0.0
12202,2.903523087501526,2.9474920704960823,4.610851526260376,0.0,3.0,1.0,3.0,3.0,3.0,3.0,3.0,2.0,1.0,3.0,2.0,-1.0630980730056763,-1.7554774284362793,1.0,-1.4843497276306152,-1.5061601400375366,-12.248871609355476,1.8404250144958496,1.192014642059803,3.1265017986297607,0.0,4.0,1.0,1.0,4.0,4.0,4.0,4.0,3.0,2.0,4.0,0.0
12203,1.8404250144958496,1.192014642059803,3.1265017986297607,0.0,4.0,1.0,1.0,4.0,4.0,4.0,4.0,3.0,2.0,4.0,8.0,-1.6703431606292725,-1.126363754272461,1.0,-1.941421627998352,-1.9400084018707275,-15.09536205789258,0.17008185386657715,0.06565088778734207,1.1850801706314087,0.0,5.0,1.0,2.0,5.0,5.0,5.0,5.0,4.0,1.0,5.0,0.0
12204,0.17008185386657715,0.06565088778734207,1.1850801706314087,0.0,5.0,1.0,2.0,5.0,5.0,5.0,5.0,4.0,1.0,5.0,9.0,-1.7209587097167969,-1.8961647748947144,0.0,-0.4162754714488983,-1.8421310186386108,-7.31875,0.0,0.0,0.7688046991825104,0.0,1.0,2.0,3.0,6.0,6.0,6.0,6.0,5.0,2.0,1.0,0.0
12205,0.0,0.0,0.7688046991825104,0.0,1.0,2.0,3.0,6.0,6.0,6.0,6.0,5.0,2.0,1.0,0.0,-1.483331322669983,-1.9188090562820435,3.0,-1.2261821031570435,-0.8401720523834229,-6.69875,0.0,0.0,0.0,0.0,1.0,3.0,4.0,1.0,7.0,7.0,7.0,6.0,3.0,2.0,0.0
12206,0.0,0.0,0.0,0.0,1.0,3.0,4.0,1.0,7.0,7.0,7.0,6.0,3.0,2.0,0.0,-1.8789408206939697,-1.6422405242919922,3.0,-1.9419574737548828,-1.7409086227416992,-6.998749999999999,0.0,0.0,0.0,0.0,1.0,4.0,5.0,1.0,8.0,8.0,8.0,7.0,4.0,3.0,0.0
12207,0.0,0.0,0.0,0.0,1.0,4.0,5.0,1.0,8.0,8.0,8.0,7.0,4.0,3.0,2.0,-1.9015190601348877,-0.9137915372848511,10.0,-1.5862056016921997,-1.7414182424545288,-20.198749999999997,0.0,0.0,0.0,0.0,2.0,5.0,1.0,2.0,9.0,9.0,9.0,8.0,5.0,4.0,0.0
12208,0.0,0.0,0.0,0.0,2.0,5.0,1.0,2.0,9.0,9.0,9.0,8.0,5.0,4.0,10.0,-1.704816460609436,-1.3494583368301392,3.0,0.31224364042282104,-1.5023200511932373,-6.4,0.0,0.0,0.31224364042282104,0.0,3.0,6.0,2.0,1.0,10.0,10.0,10.0,9.0,6.0,5.0,0.0
12209,0.0,0.0,0.31224364042282104,0.0,3.0,6.0,2.0,1.0,10.0,10.0,10.0,9.0,6.0,5.0,9.0,-1.8362466096878052,-0.7131985425949097,9.0,0.30954211950302124,-1.7958837747573853,-9.71875,0.0,0.0,0.6217857599258423,0.0,4.0,7.0,3.0,2.0,11.0,11.0,11.0,10.0,7.0,1.0,0.0
12210,0.0,0.0,0.6217857599258423,0.0,4.0,7.0,3.0,2.0,11.0,11.0,11.0,10.0,7.0,1.0,0.0,-1.6299952268600464,-1.610188364982605,10.0,-1.6972450017929077,-1.6490269899368286,-9.59875,0.0,0.0,0.0,0.0,1.0,8.0,4.0,3.0,12.0,12.0,12.0,11.0,8.0,2.0,0.0
12211,0.0,0.0,0.0,0.0,1.0,8.0,4.0,3.0,12.0,12.0,12.0,11.0,8.0,2.0,0.0,-1.386082649230957,-1.7314412593841553,3.0,-1.4490487575531006,-1.8372496366500854,-10.19875,0.0,0.0,0.0,0.0,1.0,9.0,5.0,1.0,13.0,13.0,13.0,12.0,9.0,3.0,0.0
12212,0.0,0.0,0.0,0.0,1.0,9.0,5.0,1.0,13.0,13.0,13.0,12.0,9.0,3.0,0.0,-1.4011036157608032,-0.49698835611343384,10.0,-1.7426680326461792,-0.9240491986274719,-10.79875,0.0,0.0,0.0,0.0,1.0,10.0,6.0,2.0,14.0,14.0,14.0,13.0,10.0,4.0,0.0
12213,0.0,0.0,0.0,0.0,1.0,10.0,6.0,2.0,14.0,14.0,14.0,13.0,10.0,4.0,0.0,-0.7191160917282104,-1.889289140701294,3.0,-1.4938292503356934,-1.6590319871902466,-11.69875,0.0,0.0,0.0,0.0,1.0,11.0,7.0,1.0,15.0,15.0,15.0,14.0,11.0,5.0,0.0
12214,0.0,0.0,0.0,0.0,1.0,11.0,7.0,1.0,15.0,15.0,15.0,14.0,11.0,5.0,0.0,-1.758960485458374,-1.569678783416748,0.0,-1.3106361627578735,-1.4386099576950073,-12.39875,0.0,0.0,0.0,0.0,1.0,12.0,8.0,2.0,16.0,16.0,16.0,15.0,12.0,6.0,0.0
12215,0.0,0.0,0.0,0.0,1.0,12.0,8.0,2.0,16.0,16.0,16.0,15.0,12.0,6.0,0.0,-1.8226935863494873,0.1577807515859604,9.0,-1.6524112224578857,-1.0203136205673218,-13.229240639176039,0.0,0.1577807515859604,0.0,0.0,1.0,13.0,9.0,3.0,17.0,17.0,17.0,16.0,13.0,1.0,0.0
12216,0.0,0.1577807515859604,0.0,0.0,1.0,13.0,9.0,3.0,17.0,17.0,17.0,16.0,13.0,1.0,0.0,-1.7988145351409912,-0.10774137824773788,3.0,-1.8332548141479492,-1.9483470916748047,-13.575869801924759,0.0,0.050039373338222504,0.0,0.0,1.0,14.0,10.0,1.0,18.0,18.0,18.0,17.0,14.0,2.0,0.0
12217,0.0,0.050039373338222504,0.0,0.0,1.0,14.0,10.0,1.0,18.0,18.0,18.0,17.0,14.0,2.0,0.0,-0.8126605153083801,-1.9459857940673828,9.0,-1.0118331909179688,-1.9443130493164062,-14.19875,0.0,0.0,0.0,0.0,1.0,15.0,11.0,2.0,19.0,19.0,19.0,18.0,15.0,1.0,0.0
12218,0.0,0.0,0.0,0.0,1.0,15.0,11.0,2.0,19.0,19.0,19.0,18.0,15.0,1.0,0.0,-0.5904463529586792,-1.0223426818847656,3.0,-1.707308053970337,-1.9233732223510742,-14.89875,0.0,0.0,0.0,0.0,1.0,16.0,12.0,1.0,20.0,20.0,20.0,19.0,16.0,2.0,0.0
12219,0.0,0.0,0.0,0.0,1.0,16.0,12.0,1.0,20.0,20.0,20.0,19.0,16.0,2.0,0.0,-0.9246478080749512,-1.7851468324661255,3.0,-1.6591745615005493,-1.6859996318817139,-15.598749999999999,0.0,0.0,0.0,0.0,1.0,17.0,13.0,1.0,21.0,21.0,21.0,20.0,17.0,3.0,0.0
12220,0.0,0.0,0.0,0.0,1.0,17.0,13.0,1.0,21.0,21.0,21.0,20.0,17.0,3.0,7.0,-1.713491439819336,-1.8650811910629272,3.0,-1.7881842851638794,-1.8755073547363281,-21.35875,0.0,0.0,0.0,0.0,2.0,18.0,14.0,1.0,22.0,22.0,22.0,1.0,18.0,4.0,0.0
12221,0.0,0.0,0.0,0.0,2.0,18.0,14.0,1.0,22.0,22.0,22.0,1.0,18.0,4.0,8.0,-1.913493037223816,-1.8606187105178833,3.0,-1.7687840461730957,-1.3310589790344238,-24.75375,0.0,0.0,0.0,0.0,3.0,19.0,15.0,1.0,23.0,23.0,23.0,2.0,1.0,5.0,0.0
12222,0.0,0.0,0.0,0.0,3.0,19.0,15.0,1.0,23.0,23.0,23.0,2.0,1.0,5.0,2.0,-1.906298279762268,0.02328028343617916,9.0,-0.750433623790741,-1.389371395111084,-26.748315790541007,0.0,0.02328028343617916,0.0,0.0,4.0,20.0,1.0,2.0,24.0,24.0,24.0,3.0,2.0,1.0,0.0
12223,0.0,0.02328028343617916,0.0,0.0,4.0,20.0,1.0,2.0,24.0,24.0,24.0,3.0,2.0,1.0,0.0,-1.6626567840576172,-0.35080137848854065,3.0,0.3838343620300293,-1.5110194683074951,-13.39875,0.0,0.0,0.3838343620300293,0.0,1.0,21.0,2.0,1.0,25.0,25.0,25.0,4.0,3.0,2.0,0.0
12224,0.0,0.0,0.3838343620300293,0.0,1.0,21.0,2.0,1.0,25.0,25.0,25.0,4.0,3.0,2.0,0.0,-1.9568524360656738,-0.7280669212341309,3.0,-0.6879774332046509,-1.8932310342788696,-13.79875,0.0,0.0,0.0,0.0,1.0,22.0,3.0,1.0,26.0,26.0,26.0,5.0,4.0,3.0,0.0
12225,0.0,0.0,0.0,0.0,1.0,22.0,3.0,1.0,26.0,26.0,26.0,5.0,4.0,3.0,0.0,-1.8696869611740112,-1.5423824787139893,3.0,0.1362157166004181,-1.6744385957717896,-14.598749999999999,0.0,0.0,0.1362157166004181,0.0,1.0,23.0,4.0,1.0,27.0,27.0,27.0,6.0,5.0,4.0,0.0
12226,0.0,0.0,0.1362157166004181,0.0,1.0,23.0,4.0,1.0,27.0,27.0,27.0,6.0,5.0,4.0,0.0,-0.10757876932621002,-1.5372487306594849,3.0,0.9240715503692627,-1.751474380493164,-15.39875,0.0,0.0,1.0602872669696808,0.0,1.0,24.0,5.0,1.0,28.0,28.0,28.0,7.0,6.0,5.0,0.0
12227,0.0,0.0,1.0602872669696808,0.0,1.0,24.0,5.0,1.0,28.0,28.0,28.0,7.0,6.0,5.0,0.0,-1.475278377532959,-1.306432843208313,3.0,-1.9631627798080444,-0.6289790868759155,-16.19875,0.0,0.0,0.0,0.0,1.0,25.0,6.0,1.0,29.0,29.0,29.0,8.0,7.0,6.0,0.0
12228,0.0,0.0,0.0,0.0,1.0,25.0,6.0,1.0,29.0,29.0,29.0,8.0,7.0,6.0,0.0,-1.821058750152588,-1.653611660003662,3.0,-0.6150015592575073,-1.9156864881515503,-16.99875,0.0,0.0,0.0,0.0,1.0,26.0,7.0,1.0,30.0,30.0,30.0,9.0,8.0,7.0,0.0
12229,0.0,0.0,0.0,0.0,1.0,26.0,7.0,1.0,30.0,30.0,30.0,9.0,8.0,7.0,0.0,-1.8731155395507812,-1.827834129333496,3.0,-1.0038793087005615,-1.885425329208374,-17.798750000000002,0.0,0.0,0.0,0.0,1.0,27.0,8.0,1.0,31.0,31.0,31.0,10.0,9.0,8.0,0.0
12230,0.0,0.0,0.0,0.0,1.0,27.0,8.0,1.0,31.0,31.0,31.0,10.0,9.0,8.0,0.0,-1.2888959646224976,-1.6505647897720337,3.0,-1.1679232120513916,-1.124359369277954,-18.59875,0.0,0.0,0.0,0.0,1.0,28.0,9.0,1.0,32.0,32.0,32.0,11.0,10.0,9.0,0.0
12231,0.0,0.0,0.0,0.0,1.0,28.0,9.0,1.0,32.0,32.0,32.0,11.0,10.0,9.0,0.0,-1.7718995809555054,-1.615134835243225,9.0,0.04742913320660591,-1.4831504821777344,-19.39875,0.0,0.0,0.04742913320660591,0.0,1.0,29.0,10.0,2.0,33.0,33.0,33.0,12.0,11.0,1.0,0.0
12232,0.0,0.0,0.04742913320660591,0.0,1.0,29.0,10.0,2.0,33.0,33.0,33.0,12.0,11.0,1.0,0.0,-1.817699670791626,-1.765070915222168,3.0,0.402008593082428,-1.692643642425537,-19.39875,0.0,0.0,0.4494377262890339,0.0,1.0,30.0,11.0,1.0,34.0,34.0,34.0,13.0,12.0,2.0,0.0
12233,0.0,0.0,0.4494377262890339,0.0,1.0,30.0,11.0,1.0,34.0,34.0,34.0,13.0,12.0,2.0,0.0,-1.7291276454925537,-1.5132365226745605,3.0,0.11478147655725479,-1.3587521314620972,-20.09875,0.0,0.0,0.5642192028462887,0.0,1.0,31.0,12.0,1.0,35.0,35.0,35.0,14.0,13.0,3.0,0.0
12234,0.0,0.0,0.5642192028462887,0.0,1.0,31.0,12.0,1.0,35.0,35.0,35.0,14.0,13.0,3.0,0.0,-1.8177536725997925,-1.6848899126052856,3.0,-1.6873857975006104,-1.8030190467834473,-20.89875,0.0,0.0,0.0,0.0,1.0,32.0,13.0,1.0,36.0,36.0,36.0,15.0,14.0,4.0,0.0
12235,0.0,0.0,0.0,0.0,1.0,32.0,13.0,1.0,36.0,36.0,36.0,15.0,14.0,4.0,0.0,-1.8162013292312622,-0.8921251893043518,3.0,-1.150956153869629,-1.6360893249511719,-21.69875,0.0,0.0,0.0,0.0,1.0,33.0,14.0,1.0,37.0,37.0,37.0,16.0,15.0,5.0,0.0
12236,0.0,0.0,0.0,0.0,1.0,33.0,14.0,1.0,37.0,37.0,37.0,16.0,15.0,5.0,0.0,-1.8507652282714844,-1.7529675960540771,3.0,-0.536051332950592,-1.7690989971160889,-22.49875,0.0,0.0,0.0,0.0,1.0,34.0,15.0,1.0,38.0,38.0,38.0,17.0,16.0,6.0,0.0
12237,0.0,0.0,0.0,0.0,1.0,34.0,15.0,1.0,38.0,38.0,38.0,17.0,16.0,6.0,0.0,-1.0582852363586426,-1.722056269645691,3.0,-0.7672433853149414,-1.3244216442108154,-23.29875,0.0,0.0,0.0,0.0,1.0,35.0,16.0,1.0,39.0,39.0,39.0,18.0,17.0,7.0,0.0
12238,0.0,0.0,0.0,0.0,1.0,35.0,16.0,1.0,39.0,39.0,39.0,18.0,17.0,7.0,2.0,-1.775668740272522,0.36167100071907043,3.0,-1.1750545501708984,-1.8130706548690796,-35.73419884491759,0.0,0.36167100071907043,0.0,0.0,2.0,36.0,1.0,1.0,40.0,40.0,40.0,19.0,18.0,8.0,0.0
12239,0.0,0.36167100071907043,0.0,0.0,2.0,36.0,1.0,1.0,40.0,40.0,40.0,19.0,18.0,8.0,0.0,-1.9206956624984741,-1.8881502151489258,3.0,-1.3496226072311401,-1.6165271997451782,-23.39875,0.0,0.0,0.0,0.0,1.0,37.0,2.0,1.0,41.0,41.0,41.0,20.0,19.0,9.0,0.0
12240,0.0,0.0,0.0,0.0,1.0,37.0,2.0,1.0,41.0,41.0,41.0,20.0,19.0,9.0,0.0,-1.9522041082382202,1.6106090545654297,3.0,-1.2073332071304321,-1.4196099042892456,-23.751896326257537,0.0,1.6106090545654297,0.0,0.0,1.0,38.0,3.0,1.0,42.0,42.0,42.0,21.0,20.0,10.0,0.0
12241,0.0,1.6106090545654297,0.0,0.0,1.0,38.0,3.0,1.0,42.0,42.0,42.0,21.0,20.0,10.0,0.0,-0.5011176466941833,-1.788852334022522,3.0,-0.14915378391742706,-1.5174241065979004,-24.89875,0.0,0.0,0.0,0.0,1.0,39.0,4.0,1.0,43.0,43.0,43.0,22.0,21.0,11.0,0.0
12242,0.0,0.0,0.0,0.0,1.0,39.0,4.0,1.0,43.0,43.0,43.0,22.0,21.0,11.0,0.0,-0.4595710337162018,-1.4654371738433838,3.0,-0.1423349529504776,-0.8829461932182312,-25.69875,0.0,0.0,0.0,0.0,1.0,40.0,5.0,1.0,44.0,44.0,44.0,23.0,22.0,12.0,0.0
12243,0.0,0.0,0.0,0.0,1.0,40.0,5.0,1.0,44.0,44.0,44.0,23.0,22.0,12.0,0.0,-1.9953417778015137,-1.8882683515548706,3.0,-1.779250979423523,-1.8629379272460938,-26.49875,0.0,0.0,0.0,0.0,1.0,41.0,6.0,1.0,45.0,45.0,45.0,24.0,23.0,13.0,0.0
12244,0.0,0.0,0.0,0.0,1.0,41.0,6.0,1.0,45.0,45.0,45.0,24.0,23.0,13.0,0.0,-1.9577213525772095,-1.1155757904052734,3.0,0.675628662109375,-1.9385607242584229,-27.29875,0.0,0.0,0.675628662109375,0.0,1.0,42.0,7.0,1.0,46.0,46.0,46.0,25.0,24.0,14.0,0.0
12245,0.0,0.0,0.675628662109375,0.0,1.0,42.0,7.0,1.0,46.0,46.0,46.0,25.0,24.0,14.0,0.0,-1.5967284440994263,-1.4059535264968872,3.0,-1.5828115940093994,-1.8892991542816162,-28.09875,0.0,0.0,0.0,0.0,1.0,43.0,8.0,1.0,47.0,47.0,47.0,26.0,25.0,15.0,0.0
12246,0.0,0.0,0.0,0.0,1.0,43.0,8.0,1.0,47.0,47.0,47.0,26.0,25.0,15.0,0.0,-1.104400634765625,-1.7151933908462524,9.0,-1.0188076496124268,-1.9820493459701538,-28.89875,0.0,0.0,0.0,0.0,1.0,44.0,9.0,2.0,48.0,48.0,48.0,27.0,26.0,1.0,0.0
12247,0.0,0.0,0.0,0.0,1.0,44.0,9.0,2.0,48.0,48.0,48.0,27.0,26.0,1.0,0.0,-1.6893057823181152,0.9904193878173828,3.0,-1.8463776111602783,-1.612639307975769,-27.990249222048423,0.0,0.9904193878173828,0.0,0.0,1.0,45.0,10.0,1.0,49.0,49.0,49.0,28.0,27.0,2.0,0.0
12248,0.0,0.9904193878173828,0.0,0.0,1.0,45.0,10.0,1.0,49.0,49.0,49.0,28.0,27.0,2.0,0.0,-0.056847989559173584,1.743694543838501,3.0,-1.9069904088974,-1.8648226261138916,-28.886070765427608,0.0,2.734113931655884,0.0,0.0,1.0,46.0,11.0,1.0,50.0,50.0,50.0,29.0,28.0,3.0,0.0
12249,0.0,2.734113931655884,0.0,0.0,1.0,46.0,11.0,1.0,50.0,50.0,50.0,29.0,28.0,3.0,0.0,-1.400412678718567,-1.5033681392669678,3.0,-1.4448223114013672,-0.5566487312316895,-29.461237163389022,0.0,1.230745792388916,0.0,0.0,1.0,47.0,12.0,1.0,51.0,51.0,51.0,30.0,29.0,4.0,0.0
12250,0.0,1.230745792388916,0.0,0.0,1.0,47.0,12.0,1.0,51.0,51.0,51.0,30.0,29.0,4.0,0.0,-1.792251467704773,0.8646265864372253,3.0,-1.5511788129806519,-1.9217021465301514,-30.30494258176771,0.0,2.0953723788261414,0.0,0.0,1.0,48.0,13.0,1.0,52.0,52.0,52.0,31.0,30.0,5.0,0.0
12251,0.0,2.0953723788261414,0.0,0.0,1.0,48.0,13.0,1.0,52.0,52.0,52.0,31.0,30.0,5.0,0.0,-1.5913209915161133,-0.8648725152015686,3.0,-1.745187520980835,-1.9233936071395874,-31.061257700143486,0.0,1.2304998636245728,0.0,0.0,1.0,49.0,14.0,1.0,53.0,53.0,53.0,32.0,31.0,6.0,0.0
12252,0.0,1.2304998636245728,0.0,0.0,1.0,49.0,14.0,1.0,53.0,53.0,53.0,32.0,31.0,6.0,0.0,-1.975640892982483,0.6490461230278015,3.0,-1.597402811050415,-1.6586635112762451,-31.87232854917751,0.0,1.8795459866523743,0.0,0.0,1.0,50.0,15.0,1.0,54.0,54.0,54.0,33.0,32.0,7.0,0.0
12253,0.0,1.8795459866523743,0.0,0.0,1.0,50.0,15.0,1.0,54.0,54.0,54.0,33.0,32.0,7.0,0.0,-0.79198157787323,-1.7157851457595825,3.0,-1.3588141202926636,-1.805007815361023,-32.92675793900139,0.0,0.16376084089279175,0.0,0.0,1.0,51.0,16.0,1.0,55.0,55.0,55.0,34.0,33.0,8.0,0.0
12254,0.0,0.16376084089279175,0.0,0.0,1.0,51.0,16.0,1.0,55.0,55.0,55.0,34.0,33.0,8.0,0.0,0.06195326894521713,1.4381518363952637,3.0,-1.5893841981887817,-1.8902812004089355,-33.39458824208632,0.06195326894521713,1.6019126772880554,0.0,0.0,1.0,52.0,17.0,1.0,56.0,56.0,56.0,35.0,34.0,9.0,0.0
12255,0.06195326894521713,1.6019126772880554,0.0,0.0,1.0,52.0,17.0,1.0,56.0,56.0,56.0,35.0,34.0,9.0,0.0,-1.6520531177520752,-1.8910255432128906,9.0,-1.7930912971496582,-1.834180235862732,-34.59875,0.0,0.0,0.0,0.0,1.0,53.0,18.0,2.0,57.0,57.0,57.0,36.0,35.0,1.0,0.0
12256,0.0,0.0,0.0,0.0,1.0,53.0,18.0,2.0,57.0,57.0,57.0,36.0,35.0,1.0,0.0,-1.835208773612976,1.5081793069839478,3.0,-1.970626711845398,-1.3578718900680542,-34.25001036966473,0.0,1.5081793069839478,0.0,0.0,1.0,54.0,19.0,1.0,58.0,58.0,58.0,37.0,36.0,2.0,0.0
12257,0.0,1.5081793069839478,0.0,0.0,1.0,54.0,19.0,1.0,58.0,58.0,58.0,37.0,36.0,2.0,0.0,-1.693906307220459,-1.6491847038269043,3.0,-1.9275546073913574,-1.961550235748291,-35.29875,0.0,0.0,0.0,0.0,1.0,55.0,20.0,1.0,59.0,59.0,59.0,38.0,37.0,3.0,0.0
12258,0.0,0.0,0.0,0.0,1.0,55.0,20.0,1.0,59.0,59.0,59.0,38.0,37.0,3.0,0.0,-1.0490843057632446,-1.8839447498321533,3.0,-1.9383213520050049,-1.2702674865722656,-36.09875,0.0,0.0,0.0,0.0,1.0,56.0,21.0,1.0,60.0,60.0,60.0,39.0,38.0,4.0,0.0
12259,0.0,0.0,0.0,0.0,1.0,56.0,21.0,1.0,60.0,60.0,60.0,39.0,38.0,4.0,0.0,-0.5261434316635132,-1.9142476320266724,3.0,-1.5693479776382446,-1.7735614776611328,-36.89875,0.0,0.0,0.0,0.0,1.0,57.0,22.0,1.0,61.0,61.0,61.0,40.0,39.0,5.0,0.0
12260,0.0,0.0,0.0,0.0,1.0,57.0,22.0,1.0,61.0,61.0,61.0,40.0,39.0,5.0,0.0,-1.1148123741149902,0.9317576885223389,3.0,-1.2780566215515137,-1.670271396636963,-37.400049395305786,0.0,0.9317576885223389,0.0,0.0,1.0,58.0,23.0,1.0,62.0,62.0,62.0,41.0,40.0,6.0,0.0
12261,0.0,0.9317576885223389,0.0,0.0,1.0,58.0,23.0,1.0,62.0,62.0,62.0,41.0,40.0,6.0,0.0,-1.9913488626480103,-1.9587929248809814,3.0,-1.4074628353118896,-1.7574117183685303,-38.49875,0.0,0.0,0.0,0.0,1.0,59.0,24.0,1.0,63.0,63.0,63.0,42.0,41.0,7.0,0.0
12262,0.0,0.0,0.0,0.0,1.0,59.0,24.0,1.0,63.0,63.0,63.0,42.0,41.0,7.0,0.0,-1.5012131929397583,-0.8861756324768066,3.0,-1.857622504234314,-1.4095406532287598,-39.29875,0.0,0.0,0.0,0.0,1.0,60.0,25.0,1.0,64.0,64.0,64.0,43.0,42.0,8.0,0.0
12263,0.0,0.0,0.0,0.0,1.0,60.0,25.0,1.0,64.0,64.0,64.0,43.0,42.0,8.0,0.0,-1.7763932943344116,-1.8794234991073608,3.0,-1.7499972581863403,-1.1544849872589111,-40.09875,0.0,0.0,0.0,0.0,1.0,61.0,26.0,1.0,65.0,65.0,65.0,44.0,43.0,9.0,0.0
12264,0.0,0.0,0.0,0.0,1.0,61.0,26.0,1.0,65.0,65.0,65.0,44.0,43.0,9.0,0.0,-1.3243249654769897,-1.6634111404418945,3.0,-0.6295835971832275,-1.8177995681762695,-40.89875,0.0,0.0,0.0,0.0,1.0,62.0,27.0,1.0,66.0,66.0,66.0,45.0,44.0,10.0,0.0
12265,0.0,0.0,0.0,0.0,1.0,62.0,27.0,1.0,66.0,66.0,66.0,45.0,44.0,10.0,0.0,-1.8836942911148071,-1.9102381467819214,3.0,-1.2464759349822998,-1.5591744184494019,-41.69875,0.0,0.0,0.0,0.0,1.0,63.0,28.0,1.0,67.0,67.0,67.0,46.0,45.0,11.0,0.0
12266,0.0,0.0,0.0,0.0,1.0,63.0,28.0,1.0,67.0,67.0,67.0,46.0,45.0,11.0,0.0,-1.8762980699539185,-1.8714148998260498,3.0,-0.6918332576751709,-1.5386282205581665,-42.49875,0.0,0.0,0.0,0.0,1.0,64.0,29.0,1.0,68.0,68.0,68.0,47.0,46.0,12.0,0.0
12267,0.0,0.0,0.0,0.0,1.0,64.0,29.0,1.0,68.0,68.0,68.0,47.0,46.0,12.0,0.0,-1.9180266857147217,-1.8363252878189087,3.0,-1.4201830625534058,-0.5598934888839722,-43.29875,0.0,0.0,0.0,0.0,1.0,65.0,30.0,1.0,69.0,69.0,69.0,48.0,47.0,13.0,0.0
12268,0.0,0.0,0.0,0.0,1.0,65.0,30.0,1.0,69.0,69.0,69.0,48.0,47.0,13.0,0.0,-1.8397451639175415,-1.95170259475708,3.0,-0.9738696813583374,-1.5447614192962646,-44.09875,0.0,0.0,0.0,0.0,1.0,66.0,31.0,1.0,70.0,70.0,70.0,49.0,48.0,14.0,0.0
12269,0.0,0.0,0.0,0.0,1.0,66.0,31.0,1.0,70.0,70.0,70.0,49.0,48.0,14.0,0.0,-1.3279060125350952,-0.38366803526878357,3.0,-1.928322196006775,-1.5009393692016602,-44.89875,0.0,0.0,0.0,0.0,1.0,67.0,32.0,1.0,71.0,71.0,71.0,50.0,49.0,15.0,0.0
12270,0.0,0.0,0.0,0.0,1.0,67.0,32.0,1.0,71.0,71.0,71.0,50.0,49.0,15.0,0.0,-1.8579875230789185,-1.9419862031936646,3.0,-1.8378760814666748,-0.4202080965042114,-45.69875,0.0,0.0,0.0,0.0,1.0,68.0,33.0,1.0,72.0,72.0,72.0,51.0,50.0,16.0,0.0
12271,0.0,0.0,0.0,0.0,1.0,68.0,33.0,1.0,72.0,72.0,72.0,51.0,50.0,16.0,0.0,-1.9041649103164673,-1.1171194314956665,3.0,-1.8725603818893433,-1.8642090559005737,-46.49875,0.0,0.0,0.0,0.0,1.0,69.0,34.0,1.0,73.0,73.0,73.0,52.0,51.0,17.0,0.0
12272,0.0,0.0,0.0,0.0,1.0,69.0,34.0,1.0,73.0,73.0,73.0,52.0,51.0,17.0,0.0,-1.7225958108901978,-0.09291154891252518,3.0,-0.9032003283500671,-0.8352918028831482,-47.29875,0.0,0.0,0.0,0.0,1.0,70.0,35.0,1.0,74.0,74.0,74.0,53.0,52.0,18.0,0.0
12273,0.0,0.0,0.0,0.0,1.0,70.0,35.0,1.0,74.0,74.0,74.0,53.0,52.0,18.0,0.0,-1.8549519777297974,-1.766602873802185,3.0,-1.7182385921478271,0.5824248194694519,-48.09875,0.0,0.0,0.0,0.5824248194694519,1.0,71.0,36.0,1.0,75.0,75.0,75.0,54.0,53.0,19.0,0.0
12274,0.0,0.0,0.0,0.5824248194694519,1.0,71.0,36.0,1.0,75.0,75.0,75.0,54.0,53.0,19.0,0.0,-1.0351752042770386,-1.760373830795288,3.0,-1.9718644618988037,-1.2111449241638184,-48.89875,0.0,0.0,0.0,0.0,1.0,72.0,37.0,1.0,76.0,76.0,76.0,55.0,54.0,20.0,0.0
12275,0.0,0.0,0.0,0.0,1.0,72.0,37.0,1.0,76.0,76.0,76.0,55.0,54.0,20.0,0.0,-1.8015092611312866,-0.900149405002594,3.0,-1.9480886459350586,-1.5211886167526245,-49.69875,0.0,0.0,0.0,0.0,1.0,73.0,38.0,1.0,77.0,77.0,77.0,56.0,55.0,21.0,0.0
12276,0.0,0.0,0.0,0.0,1.0,73.0,38.0,1.0,77.0,77.0,77.0,56.0,55.0,21.0,0.0,-1.4816666841506958,-1.4133388996124268,3.0,-1.953616976737976,-0.6949846148490906,-50.49875,0.0,0.0,0.0,0.0,1.0,74.0,39.0,1.0,78.0,78.0,78.0,57.0,56.0,22.0,0.0
12277,0.0,0.0,0.0,0.0,1.0,74.0,39.0,1.0,78.0,78.0,78.0,57.0,56.0,22.0,0.0,-1.315292477607727,-1.7742106914520264,3.0,-1.9330750703811646,-1.896276831626892,-51.29875,0.0,0.0,0.0,0.0,1.0,75.0,40.0,1.0,79.0,79.0,79.0,58.0,57.0,23.0,0.0
12278,0.0,0.0,0.0,0.0,1.0,75.0,40.0,1.0,79.0,79.0,79.0,58.0,57.0,23.0,0.0,-1.7076449394226074,-1.6881835460662842,3.0,-1.973741888999939,-1.7387664318084717,-52.09875,0.0,0.0,0.0,0.0,1.0,76.0,41.0,1.0,80.0,80.0,80.0,59.0,58.0,24.0,0.0
12279,0.0,0.0,0.0,0.0,1.0,76.0,41.0,1.0,80.0,80.0,80.0,59.0,58.0,24.0,0.0,-1.1153559684753418,-1.6175686120986938,3.0,-1.9600286483764648,-1.8084368705749512,-52.89875,0.0,0.0,0.0,0.0,1.0,77.0,42.0,1.0,81.0,81.0,81.0,60.0,59.0,25.0,0.0
12280,0.0,0.0,0.0,0.0,1.0,77.0,42.0,1.0,81.0,81.0,81.0,60.0,59.0,25.0,0.0,0.3161301016807556,-1.910987377166748,3.0,-1.951324462890625,-1.6604435443878174,-53.42023943282114,0.3161301016807556,0.0,0.0,0.0,1.0,78.0,43.0,1.0,82.0,82.0,82.0,61.0,60.0,26.0,0.0
12281,0.3161301016807556,0.0,0.0,0.0,1.0,78.0,43.0,1.0,82.0,82.0,82.0,61.0,60.0,26.0,0.0,-1.9264222383499146,-1.9082297086715698,3.0,-1.9703022241592407,-1.961584448814392,-54.49875,0.0,0.0,0.0,0.0,1.0,79.0,44.0,1.0,83.0,83.0,83.0,62.0,61.0,27.0,0.0
12282,0.0,0.0,0.0,0.0,1.0,79.0,44.0,1.0,83.0,83.0,83.0,62.0,61.0,27.0,0.0,-1.972282886505127,-1.9528241157531738,3.0,-1.9517457485198975,-1.8887341022491455,-55.29875,0.0,0.0,0.0,0.0,1.0,80.0,45.0,1.0,84.0,84.0,84.0,63.0,62.0,28.0,0.0
12283,0.0,0.0,0.0,0.0,1.0,80.0,45.0,1.0,84.0,84.0,84.0,63.0,62.0,28.0,0.0,-1.7603199481964111,-1.6380704641342163,3.0,-1.8968218564987183,-1.9454437494277954,-56.09875,0.0,0.0,0.0,0.0,1.0,81.0,46.0,1.0,85.0,85.0,85.0,64.0,63.0,29.0,0.0
12284,0.0,0.0,0.0,0.0,1.0,81.0,46.0,1.0,85.0,85.0,85.0,64.0,63.0,29.0,0.0,-1.9765172004699707,-1.9456490278244019,3.0,-1.792965292930603,-0.6322218775749207,-56.89875,0.0,0.0,0.0,0.0,1.0,82.0,47.0,1.0,86.0,86.0,86.0,65.0,64.0,30.0,0.0
12285,0.0,0.0,0.0,0.0,1.0,82.0,47.0,1.0,86.0,86.0,86.0,65.0,64.0,30.0,0.0,-1.9698586463928223,-1.914677619934082,3.0,-1.9817599058151245,-1.8216125965118408,-57.69875,0.0,0.0,0.0,0.0,1.0,83.0,48.0,1.0,87.0,87.0,87.0,66.0,65.0,31.0,0.0
12286,0.0,0.0,0.0,0.0,1.0,83.0,48.0,1.0,87.0,87.0,87.0,66.0,65.0,31.0,0.0,-1.5764553546905518,-1.9749144315719604,9.0,-1.8857667446136475,-1.3008904457092285,-58.49875,0.0,0.0,0.0,0.0,1.0,84.0,49.0,2.0,88.0,88.0,88.0,67.0,66.0,1.0,0.0
12287,0.0,0.0,0.0,0.0,1.0,84.0,49.0,2.0,88.0,88.0,88.0,67.0,66.0,1.0,0.0,0.01986926980316639,-1.9747952222824097,3.0,-1.9366066455841064,-0.27024412155151367,-56.28033277120484,0.01986926980316639,0.0,0.0,0.0,1.0,85.0,50.0,1.0,89.0,89.0,89.0,68.0,67.0,2.0,0.0
12288,0.01986926980316639,0.0,0.0,0.0,1.0,85.0,50.0,1.0,89.0,89.0,89.0,68.0,67.0,2.0,2.0,-0.4117277264595032,1.986327052116394,3.0,-1.925378680229187,-1.1916370391845703,-65.69997204639269,0.0,1.986327052116394,0.0,0.0,2.0,86.0,1.0,1.0,90.0,90.0,90.0,69.0,68.0,3.0,0.0
12289,0.0,1.986327052116394,0.0,0.0,2.0,86.0,1.0,1.0,90.0,90.0,90.0,69.0,68.0,3.0,0.0,-1.5137232542037964,-1.8335100412368774,3.0,-1.9760692119598389,0.152945414185524,-52.831309810957215,0.0,0.1528170108795166,0.0,0.152945414185524,1.0,87.0,2.0,1.0,91.0,91.0,91.0,70.0,69.0,4.0,0.0
12290,0.0,0.1528170108795166,0.0,0.152945414185524,1.0,87.0,2.0,1.0,91.0,91.0,91.0,70.0,69.0,4.0,0.0,-1.8656704425811768,-1.4300084114074707,3.0,-1.9786186218261719,-0.4907448887825012,-53.59875,0.0,0.0,0.0,0.0,1.0,88.0,3.0,1.0,92.0,92.0,92.0,71.0,70.0,5.0,0.0
12291,0.0,0.0,0.0,0.0,1.0,88.0,3.0,1.0,92.0,92.0,92.0,71.0,70.0,5.0,0.0,-1.9375345706939697,-1.9956755638122559,3.0,-1.9552347660064697,-0.5613558292388916,-54.39875,0.0,0.0,0.0,0.0,1.0,89.0,4.0,1.0,93.0,93.0,93.0,72.0,71.0,6.0,0.0
12292,0.0,0.0,0.0,0.0,1.0,89.0,4.0,1.0,93.0,93.0,93.0,72.0,71.0,6.0,0.0,-1.7789605855941772,-1.9196022748947144,3.0,-1.992941975593567,-1.1001981496810913,-55.19875,0.0,0.0,0.0,0.0,1.0,90.0,5.0,1.0,94.0,94.0,94.0,73.0,72.0,7.0,0.0
12293,0.0,0.0,0.0,0.0,1.0,90.0,5.0,1.0,94.0,94.0,94.0,73.0,72.0,7.0,0.0,-1.8639241456985474,-1.9097561836242676,3.0,-1.9582774639129639,-1.5550695657730103,-55.99875,0.0,0.0,0.0,0.0,1.0,91.0,6.0,1.0,95.0,95.0,95.0,74.0,73.0,8.0,0.0
12294,0.0,0.0,0.0,0.0,1.0,91.0,6.0,1.0,95.0,95.0,95.0,74.0,73.0,8.0,0.0,-1.895472764968872,-1.8340599536895752,3.0,-1.8823084831237793,-1.7186399698257446,-56.79875,0.0,0.0,0.0,0.0,1.0,92.0,7.0,1.0,96.0,96.0,96.0,75.0,74.0,9.0,0.0
12295,0.0,0.0,0.0,0.0,1.0,92.0,7.0,1.0,96.0,96.0,96.0,75.0,74.0,9.0,0.0,-1.9489189386367798,-1.9845839738845825,3.0,-1.9765127897262573,-0.36208024621009827,-57.59875,0.0,0.0,0.0,0.0,1.0,93.0,8.0,1.0,97.0,97.0,97.0,76.0,75.0,10.0,0.0
12296,0.0,0.0,0.0,0.0,1.0,93.0,8.0,1.0,97.0,97.0,97.0,76.0,75.0,10.0,0.0,-1.9314602613449097,-1.953940749168396,3.0,-1.9369001388549805,0.048641387373209,-58.39875,0.0,0.0,0.0,0.048641387373209,1.0,94.0,9.0,1.0,98.0,98.0,98.0,77.0,76.0,11.0,0.0
12297,0.0,0.0,0.0,0.048641387373209,1.0,94.0,9.0,1.0,98.0,98.0,98.0,77.0,76.0,11.0,0.0,-1.9709205627441406,-1.9882855415344238,3.0,-1.9346628189086914,-1.1355623006820679,-59.19875,0.0,0.0,0.0,0.0,1.0,95.0,10.0,1.0,99.0,99.0,99.0,78.0,77.0,12.0,0.0
12298,0.0,0.0,0.0,0.0,1.0,95.0,10.0,1.0,99.0,99.0,99.0,78.0,77.0,12.0,0.0,-1.9027371406555176,-1.4888889789581299,3.0,-1.6577047109603882,-1.7390803098678589,-59.99875,0.0,0.0,0.0,0.0,1.0,96.0,11.0,1.0,100.0,100.0,100.0,79.0,78.0,13.0,0.0
12299,0.0,0.0,0.0,0.0,1.0,96.0,11.0,1.0,100.0,100.0,100.0,79.0,78.0,13.0,0.0,-1.9512475728988647,-1.971964716911316,3.0,-1.4953263998031616,-0.21472866833209991,-60.49875,0.0,0.0,0.0,0.0,1.0,97.0,12.0,1.0,100.0,100.0,100.0,80.0,79.0,14.0,1.0
12300,9.032727241516113,3.831758499145508,9.431242942810059,6.173823356628418,1.0,1.0,1.0,1.0,1.0,1.0,1.0,1.0,1.0,1.0,8.0,-1.9698292016983032,1.648403286933899,1.0,-1.9710830450057983,-1.9925175905227661,-4.2414690759737255,7.06289803981781,5.480161786079407,7.46015989780426,4.181305766105652,2.0,1.0,2.0,2.0,2.0,2.0,2.0,2.0,1.0,2.0,0.0
12301,7.06289803981781,5.480161786079407,7.46015989780426,4.181305766105652,2.0,1.0,2.0,2.0,2.0,2.0,2.0,2.0,1.0,2.0,8.0,-1.594768762588501,-0.6778568029403687,1.0,-1.3849605321884155,-1.972678542137146,-4.417109106691419,5.468129277229309,4.802304983139038,6.075199365615845,2.208627223968506,3.0,1.0,3.0,3.0,3.0,3.0,3.0,3.0,1.0,3.0,0.0
12302,5.468129277229309,4.802304983139038,6.075199365615845,2.208627223968506,3.0,1.0,3.0,3.0,3.0,3.0,3.0,3.0,1.0,3.0,7.0,-1.9087164402008057,-0.4771510660648346,1.0,-1.5797356367111206,-1.674512267112732,-6.809073722466334,3.5594128370285034,4.3251539170742035,4.495463728904724,0.5341149568557739,4.0,1.0,4.0,4.0,4.0,4.0,4.0,1.0,2.0,4.0,0.0
12303,3.5594128370285034,4.3251539170742035,4.495463728904724,0.5341149568557739,4.0,1.0,4.0,4.0,4.0,4.0,4.0,1.0,2.0,4.0,7.0,-1.923926830291748,-1.8529155254364014,1.0,-1.941948413848877,-1.6829243898391724,-8.358802252232257,1.6354860067367554,2.472238391637802,2.553515315055847,0.0,5.0,1.0,5.0,5.0,5.0,5.0,5.0,1.0,3.0,5.0,0.0
12304,1.6354860067367554,2.472238391637802,2.553515315055847,0.0,5.0,1.0,5.0,5.0,5.0,5.0,5.0,1.0,3.0,5.0,0.0,-1.56303870677948,-1.7560020685195923,0.0,-1.3252501487731934,-1.9524897336959839,-6.57865179847264,0.07244729995727539,0.7162363231182098,1.2282651662826538,0.0,1.0,2.0,6.0,6.0,6.0,6.0,6.0,2.0,4.0,6.0,0.0
12305,0.07244729995727539,0.7162363231182098,1.2282651662826538,0.0,1.0,2.0,6.0,6.0,6.0,6.0,6.0,2.0,4.0,6.0,2.0,-0.9983909726142883,-1.7505813837051392,0.0,-1.9028993844985962,-1.704965353012085,-19.79875,0.0,0.0,0.0,0.0,1.0,3.0,1.0,7.0,7.0,7.0,7.0,3.0,5.0,7.0,0.0
12306,0.0,0.0,0.0,0.0,1.0,3.0,1.0,7.0,7.0,7.0,7.0,3.0,5.0,7.0,10.0,-1.301802396774292,-1.1673393249511719,3.0,-1.9431920051574707,-1.955093264579773,-5.8,0.0,0.0,0.0,0.0,2.0,4.0,2.0,1.0,8.0,8.0,8.0,4.0,6.0,8.0,0.0
12307,0.0,0.0,0.0,0.0,2.0,4.0,2.0,1.0,8.0,8.0,8.0,4.0,6.0,8.0,2.0,-1.3042749166488647,-1.7119073867797852,9.0,-1.6433665752410889,-1.7606675624847412,-20.398749999999996,0.0,0.0,0.0,0.0,3.0,5.0,1.0,2.0,9.0,9.0,9.0,5.0,7.0,1.0,0.0
12308,0.0,0.0,0.0,0.0,3.0,5.0,1.0,2.0,9.0,9.0,9.0,5.0,7.0,1.0,8.0,-1.889306664466858,-1.6756786108016968,3.0,-1.670607566833496,-1.8179152011871338,-17.45375,0.0,0.0,0.0,0.0,4.0,6.0,2.0,1.0,10.0,10.0,10.0,6.0,1.0,2.0,0.0
12309,0.0,0.0,0.0,0.0,4.0,6.0,2.0,1.0,10.0,10.0,10.0,6.0,1.0,2.0,0.0,-0.3082360327243805,-1.2312874794006348,3.0,0.04421038180589676,-1.3690394163131714,-8.09875,0.0,0.0,0.04421038180589676,0.0,1.0,7.0,3.0,1.0,11.0,11.0,11.0,7.0,2.0,3.0,0.0
12310,0.0,0.0,0.04421038180589676,0.0,1.0,7.0,3.0,1.0,11.0,11.0,11.0,7.0,2.0,3.0,0.0,-1.8324103355407715,-0.9476511478424072,3.0,-1.565073013305664,-1.2502217292785645,-8.59875,0.0,0.0,0.0,0.0,1.0,8.0,4.0,1.0,12.0,12.0,12.0,8.0,3.0,4.0,0.0
12311,0.0,0.0,0.0,0.0,1.0,8.0,4.0,1.0,12.0,12.0,12.0,8.0,3.0,4.0,0.0,-1.8045278787612915,-0.8261910676956177,3.0,-0.2968066334724426,-1.7052569389343262,-9.39875,0.0,0.0,0.0,0.0,1.0,9.0,5.0,1.0,13.0,13.0,13.0,9.0,4.0,5.0,0.0
12312,0.0,0.0,0.0,0.0,1.0,9.0,5.0,1.0,13.0,13.0,13.0,9.0,4.0,5.0,2.0,-1.071223497390747,-0.9313898682594299,3.0,-0.04910852760076523,-1.8628196716308594,-22.598749999999995,0.0,0.0,0.0,0.0,2.0,10.0,1.0,1.0,14.0,14.0,14.0,10.0,5.0,6.0,0.0
12313,0.0,0.0,0.0,0.0,2.0,10.0,1.0,1.0,14.0,14.0,14.0,10.0,5.0,6.0,0.0,-1.8353416919708252,-1.6748661994934082,3.0,0.40853676199913025,-0.8571008443832397,-10.598749999999999,0.0,0.0,0.40853676199913025,0.0,1.0,11.0,2.0,1.0,15.0,15.0,15.0,11.0,6.0,7.0,0.0
12314,0.0,0.0,0.40853676199913025,0.0,1.0,11.0,2.0,1.0,15.0,15.0,15.0,11.0,6.0,7.0,0.0,-1.811853289604187,0.6232613921165466,1.0,-0.5344892144203186,-1.880353331565857,-11.06914394091578,0.0,0.6232613921165466,0.0,0.0,1.0,1.0,3.0,2.0,16.0,16.0,16.0,12.0,7.0,8.0,0.0
12315,0.0,0.6232613921165466,0.0,0.0,1.0,1.0,3.0,2.0,16.0,16.0,16.0,12.0,7.0,8.0,0.0,-1.6523789167404175,-1.1350362300872803,10.0,-0.3189568817615509,-1.9164997339248657,-11.098749999999999,0.0,0.0,0.0,0.0,1.0,2.0,4.0,3.0,17.0,17.0,17.0,13.0,8.0,9.0,0.0
12316,0.0,0.0,0.0,0.0,1.0,2.0,4.0,3.0,17.0,17.0,17.0,13.0,8.0,9.0,2.0,-0.6614521741867065,-1.6848859786987305,3.0,-1.6139718294143677,-1.6606675386428833,-24.398749999999996,0.0,0.0,0.0,0.0,2.0,3.0,1.0,1.0,18.0,18.0,18.0,14.0,9.0,10.0,0.0
12317,0.0,0.0,0.0,0.0,2.0,3.0,1.0,1.0,18.0,18.0,18.0,14.0,9.0,10.0,0.0,-1.976201057434082,-1.6883360147476196,10.0,-1.9479519128799438,-0.7917553186416626,-12.29875,0.0,0.0,0.0,0.0,1.0,4.0,2.0,2.0,19.0,19.0,19.0,15.0,10.0,11.0,0.0
12318,0.0,0.0,0.0,0.0,1.0,4.0,2.0,2.0,19.0,19.0,19.0,15.0,10.0,11.0,0.0,-1.666595697402954,-1.8021621704101562,3.0,-1.332763433456421,-1.8650033473968506,-13.098749999999999,0.0,0.0,0.0,0.0,1.0,5.0,3.0,1.0,20.0,20.0,20.0,16.0,11.0,12.0,0.0
12319,0.0,0.0,0.0,0.0,1.0,5.0,3.0,1.0,20.0,20.0,20.0,16.0,11.0,12.0,9.0,-1.9506752490997314,-1.9004931449890137,3.0,-0.1396632194519043,-1.8967642784118652,-14.41875,0.0,0.0,0.0,0.0,2.0,6.0,4.0,1.0,21.0,21.0,21.0,17.0,12.0,1.0,0.0
12320,0.0,0.0,0.0,0.0,2.0,6.0,4.0,1.0,21.0,21.0,21.0,17.0,12.0,1.0,0.0,-1.8875312805175781,-1.2895954847335815,10.0,0.008491822518408298,-1.894382357597351,-13.49875,0.0,0.0,0.008491822518408298,0.0,1.0,7.0,5.0,2.0,22.0,22.0,22.0,18.0,13.0,2.0,0.0
12321,0.0,0.0,0.008491822518408298,0.0,1.0,7.0,5.0,2.0,22.0,22.0,22.0,18.0,13.0,2.0,7.0,-1.7508299350738525,-1.4301854372024536,10.0,-1.4702385663986206,-1.8614906072616577,-19.25875,0.0,0.0,0.0,0.0,2.0,8.0,6.0,3.0,23.0,23.0,23.0,1.0,14.0,3.0,0.0
12322,0.0,0.0,0.0,0.0,2.0,8.0,6.0,3.0,23.0,23.0,23.0,1.0,14.0,3.0,8.0,-1.9437357187271118,-1.7822657823562622,3.0,-1.5543805360794067,-0.8522160649299622,-22.95375,0.0,0.0,0.0,0.0,3.0,9.0,7.0,1.0,24.0,24.0,24.0,2.0,1.0,4.0,0.0
12323,0.0,0.0,0.0,0.0,3.0,9.0,7.0,1.0,24.0,24.0,24.0,2.0,1.0,4.0,0.0,-1.9524126052856445,-1.7950541973114014,3.0,-1.6806342601776123,-1.6975719928741455,-12.79875,0.0,0.0,0.0,0.0,1.0,10.0,8.0,1.0,25.0,25.0,25.0,3.0,2.0,5.0,0.0
12324,0.0,0.0,0.0,0.0,1.0,10.0,8.0,1.0,25.0,25.0,25.0,3.0,2.0,5.0,8.0,-1.9431196451187134,-1.4975661039352417,3.0,-1.1289600133895874,-1.2492152452468872,-22.853749999999998,0.0,0.0,0.0,0.0,2.0,11.0,9.0,1.0,26.0,26.0,26.0,4.0,1.0,6.0,0.0
12325,0.0,0.0,0.0,0.0,2.0,11.0,9.0,1.0,26.0,26.0,26.0,4.0,1.0,6.0,2.0,-1.8966388702392578,-1.9101276397705078,3.0,1.825107216835022,-1.943199872970581,-26.498749999999994,0.0,0.0,1.825107216835022,0.0,3.0,12.0,1.0,1.0,27.0,27.0,27.0,5.0,2.0,7.0,0.0
12326,0.0,0.0,1.825107216835022,0.0,3.0,12.0,1.0,1.0,27.0,27.0,27.0,5.0,2.0,7.0,0.0,-1.6970716714859009,-1.766054391860962,3.0,-0.01694495603442192,-1.746980905532837,-14.098749999999999,0.0,0.0,1.8081622608006,0.0,1.0,13.0,2.0,1.0,28.0,28.0,28.0,6.0,3.0,8.0,0.0
12327,0.0,0.0,1.8081622608006,0.0,1.0,13.0,2.0,1.0,28.0,28.0,28.0,6.0,3.0,8.0,0.0,-1.9187922477722168,-1.7975891828536987,3.0,-0.12675926089286804,-1.0680595636367798,-14.69875,0.0,0.0,1.681402999907732,0.0,1.0,14.0,3.0,1.0,29.0,29.0,29.0,7.0,4.0,9.0,0.0
12328,0.0,0.0,1.681402999907732,0.0,1.0,14.0,3.0,1.0,29.0,29.0,29.0,7.0,4.0,9.0,10.0,-1.8491020202636719,-1.5747007131576538,3.0,-0.9542780518531799,-1.868971586227417,-13.6,0.0,0.0,0.7271249480545521,0.0,2.0,15.0,4.0,1.0,30.0,30.0,30.0,8.0,5.0,10.0,0.0
12329,0.0,0.0,0.7271249480545521,0.0,2.0,15.0,4.0,1.0,30.0,30.0,30.0,8.0,5.0,10.0,0.0,-1.6051210165023804,-0.9541357159614563,3.0,-1.4534627199172974,-1.3237429857254028,-16.39875,0.0,0.0,0.0,0.0,1.0,16.0,5.0,1.0,31.0,31.0,31.0,9.0,6.0,11.0,0.0
12330,0.0,0.0,0.0,0.0,1.0,16.0,5.0,1.0,31.0,31.0,31.0,9.0,6.0,11.0,2.0,-1.4723105430603027,-1.416115641593933,3.0,-1.8015011548995972,-1.1616557836532593,-29.498749999999994,0.0,0.0,0.0,0.0,2.0,17.0,1.0,1.0,32.0,32.0,32.0,10.0,7.0,12.0,0.0
12331,0.0,0.0,0.0,0.0,2.0,17.0,1.0,1.0,32.0,32.0,32.0,10.0,7.0,12.0,0.0,-1.927121877670288,-1.1460665464401245,9.0,-1.1716368198394775,-0.26895758509635925,-17.49875,0.0,0.0,0.0,0.0,1.0,18.0,2.0,2.0,33.0,33.0,33.0,11.0,8.0,1.0,0.0
12332,0.0,0.0,0.0,0.0,1.0,18.0,2.0,2.0,33.0,33.0,33.0,11.0,8.0,1.0,0.0,-1.6705844402313232,-0.7053545117378235,3.0,-1.692824125289917,-1.9200689792633057,-17.09875,0.0,0.0,0.0,0.0,1.0,19.0,3.0,1.0,34.0,34.0,34.0,12.0,9.0,2.0,0.0
12333,0.0,0.0,0.0,0.0,1.0,19.0,3.0,1.0,34.0,34.0,34.0,12.0,9.0,2.0,0.0,-1.7897387742996216,-0.5987272262573242,3.0,-1.9547582864761353,-0.7852961421012878,-17.798750000000002,0.0,0.0,0.0,0.0,1.0,20.0,4.0,1.0,35.0,35.0,35.0,13.0,10.0,3.0,0.0
12334,0.0,0.0,0.0,0.0,1.0,20.0,4.0,1.0,35.0,35.0,35.0,13.0,10.0,3.0,0.0,-1.9066826105117798,-1.383506417274475,3.0,-1.9627710580825806,-1.852023959159851,-18.59875,0.0,0.0,0.0,0.0,1.0,21.0,5.0,1.0,36.0,36.0,36.0,14.0,11.0,4.0,0.0
12335,0.0,0.0,0.0,0.0,1.0,21.0,5.0,1.0,36.0,36.0,36.0,14.0,11.0,4.0,0.0,-1.9440029859542847,-1.9726932048797607,3.0,-0.5257588028907776,-1.907961130142212,-19.39875,0.0,0.0,0.0,0.0,1.0,22.0,6.0,1.0,37.0,37.0,37.0,15.0,12.0,5.0,0.0
12336,0.0,0.0,0.0,0.0,1.0,22.0,6.0,1.0,37.0,37.0,37.0,15.0,12.0,5.0,0.0,0.1681843101978302,-1.769250512123108,9.0,-1.865478515625,-1.94316565990448,-20.04672291565651,0.1681843101978302,0.0,0.0,0.0,1.0,23.0,7.0,2.0,38.0,38.0,38.0,16.0,13.0,1.0,0.0
12337,0.1681843101978302,0.0,0.0,0.0,1.0,23.0,7.0,2.0,38.0,38.0,38.0,16.0,13.0,1.0,0.0,-1.7727035284042358,-1.7176307439804077,3.0,-1.2123476266860962,-1.5361709594726562,-20.59875,0.0,0.0,0.0,0.0,1.0,24.0,8.0,1.0,39.0,39.0,39.0,17.0,14.0,2.0,0.0
12338,0.0,0.0,0.0,0.0,1.0,24.0,8.0,1.0,39.0,39.0,39.0,17.0,14.0,2.0,2.0,-1.1282273530960083,-1.8955440521240234,3.0,-1.769308090209961,-1.9637577533721924,-33.69875,0.0,0.0,0.0,0.0,2.0,25.0,1.0,1.0,40.0,40.0,40.0,18.0,15.0,3.0,0.0
12339,0.0,0.0,0.0,0.0,2.0,25.0,1.0,1.0,40.0,40.0,40.0,18.0,15.0,3.0,0.0,-0.5748035311698914,-1.7258386611938477,3.0,-1.6133718490600586,-1.3022772073745728,-21.39875,0.0,0.0,0.0,0.0,1.0,26.0,2.0,1.0,41.0,41.0,41.0,19.0,16.0,4.0,0.0
12340,0.0,0.0,0.0,0.0,1.0,26.0,2.0,1.0,41.0,41.0,41.0,19.0,16.0,4.0,0.0,-1.6390939950942993,-1.8352941274642944,3.0,-1.6501368284225464,-1.9823482036590576,-22.09875,0.0,0.0,0.0,0.0,1.0,27.0,3.0,1.0,42.0,42.0,42.0,20.0,17.0,5.0,0.0
12341,0.0,0.0,0.0,0.0,1.0,27.0,3.0,1.0,42.0,42.0,42.0,20.0,17.0,5.0,0.0,-1.4716862440109253,-1.3162379264831543,3.0,-1.7779558897018433,-1.9367583990097046,-22.89875,0.0,0.0,0.0,0.0,1.0,28.0,4.0,1.0,43.0,43.0,43.0,21.0,18.0,6.0,0.0
12342,0.0,0.0,0.0,0.0,1.0,28.0,4.0,1.0,43.0,43.0,43.0,21.0,18.0,6.0,0.0,-1.8798977136611938,-1.2651662826538086,3.0,-1.7710216045379639,-1.2720695734024048,-23.69875,0.0,0.0,0.0,0.0,1.0,29.0,5.0,1.0,44.0,44.0,44.0,22.0,19.0,7.0,0.0
12343,0.0,0.0,0.0,0.0,1.0,29.0,5.0,1.0,44.0,44.0,44.0,22.0,19.0,7.0,0.0,-0.08008653670549393,-1.2933257818222046,3.0,-1.5086461305618286,-1.9205918312072754,-24.49875,0.0,0.0,0.0,0.0,1.0,30.0,6.0,1.0,45.0,45.0,45.0,23.0,20.0,8.0,0.0
12344,0.0,0.0,0.0,0.0,1.0,30.0,6.0,1.0,45.0,45.0,45.0,23.0,20.0,8.0,0.0,-1.9088839292526245,-1.4470899105072021,3.0,-1.744301199913025,-1.7508397102355957,-25.29875,0.0,0.0,0.0,0.0,1.0,31.0,7.0,1.0,46.0,46.0,46.0,24.0,21.0,9.0,0.0
12345,0.0,0.0,0.0,0.0,1.0,31.0,7.0,1.0,46.0,46.0,46.0,24.0,21.0,9.0,0.0,-1.477416753768921,-1.9478378295898438,3.0,-1.9565284252166748,-1.7742807865142822,-26.09875,0.0,0.0,0.0,0.0,1.0,32.0,8.0,1.0,47.0,47.0,47.0,25.0,22.0,10.0,0.0
12346,0.0,0.0,0.0,0.0,1.0,32.0,8.0,1.0,47.0,47.0,47.0,25.0,22.0,10.0,0.0,-1.8128130435943604,-1.9679780006408691,3.0,-0.5541638135910034,-1.9471192359924316,-26.89875,0.0,0.0,0.0,0.0,1.0,33.0,9.0,1.0,48.0,48.0,48.0,26.0,23.0,11.0,0.0
12347,0.0,0.0,0.0,0.0,1.0,33.0,9.0,1.0,48.0,48.0,48.0,26.0,23.0,11.0,0.0,-1.612665057182312,-1.9729074239730835,3.0,-0.21730700135231018,-1.7229405641555786,-27.69875,0.0,0.0,0.0,0.0,1.0,34.0,10.0,1.0,49.0,49.0,49.0,27.0,24.0,12.0,0.0
12348,0.0,0.0,0.0,0.0,1.0,34.0,10.0,1.0,49.0,49.0,49.0,27.0,24.0,12.0,0.0,-1.8438185453414917,-1.8186405897140503,3.0,-1.839004397392273,-1.8253388404846191,-28.49875,0.0,0.0,0.0,0.0,1.0,35.0,11.0,1.0,50.0,50.0,50.0,28.0,25.0,13.0,0.0
12349,0.0,0.0,0.0,0.0,1.0,35.0,11.0,1.0,50.0,50.0,50.0,28.0,25.0,13.0,0.0,-0.9939494729042053,-1.7781105041503906,3.0,-1.8201031684875488,-1.3397761583328247,-29.29875,0.0,0.0,0.0,0.0,1.0,36.0,12.0,1.0,51.0,51.0,51.0,29.0,26.0,14.0,0.0
12350,0.0,0.0,0.0,0.0,1.0,36.0,12.0,1.0,51.0,51.0,51.0,29.0,26.0,14.0,0.0,-1.7674607038497925,-1.905942678451538,9.0,-1.8708701133728027,-1.8793118000030518,-30.09875,0.0,0.0,0.0,0.0,1.0,37.0,13.0,2.0,52.0,52.0,52.0,30.0,27.0,1.0,0.0
12351,0.0,0.0,0.0,0.0,1.0,37.0,13.0,2.0,52.0,52.0,52.0,30.0,27.0,1.0,0.0,-1.158687710762024,-1.7586758136749268,3.0,-1.9890754222869873,-1.9160743951797485,-29.59875,0.0,0.0,0.0,0.0,1.0,38.0,14.0,1.0,53.0,53.0,53.0,31.0,28.0,2.0,0.0
12352,0.0,0.0,0.0,0.0,1.0,38.0,14.0,1.0,53.0,53.0,53.0,31.0,28.0,2.0,0.0,-1.7654753923416138,-1.7125922441482544,3.0,-1.5038572549819946,-1.6101311445236206,-30.29875,0.0,0.0,0.0,0.0,1.0,39.0,15.0,1.0,54.0,54.0,54.0,32.0,29.0,3.0,0.0
12353,0.0,0.0,0.0,0.0,1.0,39.0,15.0,1.0,54.0,54.0,54.0,32.0,29.0,3.0,0.0,-1.7185121774673462,-1.2177873849868774,3.0,-1.4529626369476318,0.018131354823708534,-31.09875,0.0,0.0,0.0,0.018131354823708534,1.0,40.0,16.0,1.0,55.0,55.0,55.0,33.0,30.0,4.0,0.0
12354,0.0,0.0,0.0,0.018131354823708534,1.0,40.0,16.0,1.0,55.0,55.0,55.0,33.0,30.0,4.0,0.0,-1.6804081201553345,-1.5831464529037476,3.0,-0.9297518134117126,-1.8522398471832275,-31.89875,0.0,0.0,0.0,0.0,1.0,41.0,17.0,1.0,56.0,56.0,56.0,34.0,31.0,5.0,0.0
12355,0.0,0.0,0.0,0.0,1.0,41.0,17.0,1.0,56.0,56.0,56.0,34.0,31.0,5.0,0.0,-1.7651149034500122,-1.9140441417694092,3.0,-1.5907330513000488,-1.24030339717865,-32.698750000000004,0.0,0.0,0.0,0.0,1.0,42.0,18.0,1.0,57.0,57.0,57.0,35.0,32.0,6.0,0.0
12356,0.0,0.0,0.0,0.0,1.0,42.0,18.0,1.0,57.0,57.0,57.0,35.0,32.0,6.0,0.0,-1.4180420637130737,-1.830788254737854,3.0,-1.3930728435516357,-1.5112754106521606,-33.49875,0.0,0.0,0.0,0.0,1.0,43.0,19.0,1.0,58.0,58.0,58.0,36.0,33.0,7.0,0.0
12357,0.0,0.0,0.0,0.0,1.0,43.0,19.0,1.0,58.0,58.0,58.0,36.0,33.0,7.0,0.0,0.05313647538423538,-1.8054406642913818,3.0,-0.14458826184272766,-0.49877041578292847,-34.24977071807018,0.05313647538423538,0.0,0.0,0.0,1.0,44.0,20.0,1.0,59.0,59.0,59.0,37.0,34.0,8.0,0.0
12358,0.05313647538423538,0.0,0.0,0.0,1.0,44.0,20.0,1.0,59.0,59.0,59.0,37.0,34.0,8.0,0.0,-1.779060959815979,-1.7149841785430908,3.0,-1.2543301582336426,-0.5753881335258484,-35.09875,0.0,0.0,0.0,0.0,1.0,45.0,21.0,1.0,60.0,60.0,60.0,38.0,35.0,9.0,0.0
12359,0.0,0.0,0.0,0.0,1.0,45.0,21.0,1.0,60.0,60.0,60.0,38.0,35.0,9.0,0.0,-0.8339517116546631,-1.763459324836731,3.0,-1.6730380058288574,-0.8193886876106262,-35.89875,0.0,0.0,0.0,0.0,1.0,46.0,22.0,1.0,61.0,61.0,61.0,39.0,36.0,10.0,0.0
12360,0.0,0.0,0.0,0.0,1.0,46.0,22.0,1.0,61.0,61.0,61.0,39.0,36.0,10.0,0.0,-1.5771665573120117,-1.3789204359054565,3.0,-1.845487356185913,-1.8184086084365845,-36.69875,0.0,0.0,0.0,0.0,1.0,47.0,23.0,1.0,62.0,62.0,62.0,40.0,37.0,11.0,0.0
12361,0.0,0.0,0.0,0.0,1.0,47.0,23.0,1.0,62.0,62.0,62.0,40.0,37.0,11.0,0.0,-1.2426432371139526,0.8213910460472107,9.0,-1.6797810792922974,-1.7614142894744873,-37.22137906741966,0.0,0.8213910460472107,0.0,0.0,1.0,48.0,24.0,2.0,63.0,63.0,63.0,41.0,38.0,1.0,0.0
12362,0.0,0.8213910460472107,0.0,0.0,1.0,48.0,24.0,2.0,63.0,63.0,63.0,41.0,38.0,1.0,0.0,-1.0056661367416382,-0.5085589289665222,3.0,-1.526882529258728,-0.5006837844848633,-37.16845197524644,0.0,0.3128321170806885,0.0,0.0,1.0,49.0,25.0,1.0,64.0,64.0,64.0,42.0,39.0,2.0,0.0
12363,0.0,0.3128321170806885,0.0,0.0,1.0,49.0,25.0,1.0,64.0,64.0,64.0,42.0,39.0,2.0,0.0,-1.7242012023925781,0.680108368396759,3.0,0.2131805270910263,-1.0956342220306396,-37.68985194944652,0.0,0.9929404854774475,0.2131805270910263,0.0,1.0,50.0,26.0,1.0,65.0,65.0,65.0,43.0,40.0,3.0,0.0
12364,0.0,0.9929404854774475,0.2131805270910263,0.0,1.0,50.0,26.0,1.0,65.0,65.0,65.0,43.0,40.0,3.0,0.0,0.4052077829837799,-0.2167021930217743,3.0,-0.1030682772397995,-1.1921247243881226,-38.17980053711329,0.4052077829837799,0.7762382924556732,0.1101122498512268,0.0,1.0,51.0,27.0,1.0,66.0,66.0,66.0,44.0,41.0,4.0,0.0
12365,0.4052077829837799,0.7762382924556732,0.1101122498512268,0.0,1.0,51.0,27.0,1.0,66.0,66.0,66.0,44.0,41.0,4.0,0.0,0.748216450214386,0.39971837401390076,3.0,-1.1349472999572754,-1.661652684211731,-38.39980115240452,1.153424233198166,1.175956666469574,0.0,0.0,1.0,52.0,28.0,1.0,67.0,67.0,67.0,45.0,42.0,5.0,0.0
12366,1.153424233198166,1.175956666469574,0.0,0.0,1.0,52.0,28.0,1.0,67.0,67.0,67.0,45.0,42.0,5.0,2.0,-1.7049583196640015,-1.876859188079834,3.0,-1.552125096321106,-0.946879506111145,-52.79875,0.0,0.0,0.0,0.0,2.0,53.0,1.0,1.0,68.0,68.0,68.0,46.0,43.0,6.0,0.0
12367,0.0,0.0,0.0,0.0,2.0,53.0,1.0,1.0,68.0,68.0,68.0,46.0,43.0,6.0,0.0,-1.8442754745483398,-1.5518158674240112,3.0,0.7339341640472412,-1.2032158374786377,-38.49875,0.0,0.0,0.7339341640472412,0.0,1.0,54.0,2.0,1.0,69.0,69.0,69.0,47.0,44.0,7.0,0.0
12368,0.0,0.0,0.7339341640472412,0.0,1.0,54.0,2.0,1.0,69.0,69.0,69.0,47.0,44.0,7.0,0.0,-1.6230063438415527,-0.1594105213880539,3.0,-1.6824077367782593,-1.8850722312927246,-39.19875,0.0,0.0,0.0,0.0,1.0,55.0,3.0,1.0,70.0,70.0,70.0,48.0,45.0,8.0,0.0
12369,0.0,0.0,0.0,0.0,1.0,55.0,3.0,1.0,70.0,70.0,70.0,48.0,45.0,8.0,0.0,-0.6727005839347839,-1.5364922285079956,3.0,-1.701341986656189,-1.8455907106399536,-39.99875,0.0,0.0,0.0,0.0,1.0,56.0,4.0,1.0,71.0,71.0,71.0,49.0,46.0,9.0,0.0
12370,0.0,0.0,0.0,0.0,1.0,56.0,4.0,1.0,71.0,71.0,71.0,49.0,46.0,9.0,0.0,-1.6956311464309692,-1.8894821405410767,3.0,-1.133931040763855,-0.47021880745887756,-40.79875,0.0,0.0,0.0,0.0,1.0,57.0,5.0,1.0,72.0,72.0,72.0,50.0,47.0,10.0,0.0
12371,0.0,0.0,0.0,0.0,1.0,57.0,5.0,1.0,72.0,72.0,72.0,50.0,47.0,10.0,0.0,-1.886539340019226,-1.9193288087844849,3.0,-1.7159669399261475,-1.245367407798767,-41.59875,0.0,0.0,0.0,0.0,1.0,58.0,6.0,1.0,73.0,73.0,73.0,51.0,48.0,11.0,0.0
12372,0.0,0.0,0.0,0.0,1.0,58.0,6.0,1.0,73.0,73.0,73.0,51.0,48.0,11.0,0.0,-1.908107876777649,-1.9716991186141968,3.0,-1.8772287368774414,-1.3101816177368164,-42.39875,0.0,0.0,0.0,0.0,1.0,59.0,7.0,1.0,74.0,74.0,74.0,52.0,49.0,12.0,0.0
12373,0.0,0.0,0.0,0.0,1.0,59.0,7.0,1.0,74.0,74.0,74.0,52.0,49.0,12.0,0.0,-1.9865729808807373,-1.7403470277786255,3.0,-1.8849661350250244,-1.9196336269378662,-43.19875,0.0,0.0,0.0,0.0,1.0,60.0,8.0,1.0,75.0,75.0,75.0,53.0,50.0,13.0,0.0
12374,0.0,0.0,0.0,0.0,1.0,60.0,8.0,1.0,75.0,75.0,75.0,53.0,50.0,13.0,0.0,-1.9682303667068481,-1.8579331636428833,3.0,-0.8474964499473572,0.21628396213054657,-43.99875,0.0,0.0,0.0,0.21628396213054657,1.0,61.0,9.0,1.0,76.0,76.0,76.0,54.0,51.0,14.0,0.0
12375,0.0,0.0,0.0,0.21628396213054657,1.0,61.0,9.0,1.0,76.0,76.0,76.0,54.0,51.0,14.0,0.0,-1.8595860004425049,-1.8352084159851074,3.0,-1.929001808166504,-1.0511388778686523,-44.79875,0.0,0.0,0.0,0.0,1.0,62.0,10.0,1.0,77.0,77.0,77.0,55.0,52.0,15.0,0.0
12376,0.0,0.0,0.0,0.0,1.0,62.0,10.0,1.0,77.0,77.0,77.0,55.0,52.0,15.0,0.0,-1.9701191186904907,-1.8450287580490112,3.0,-1.9732085466384888,-1.4869298934936523,-45.59875,0.0,0.0,0.0,0.0,1.0,63.0,11.0,1.0,78.0,78.0,78.0,56.0,53.0,16.0,0.0
12377,0.0,0.0,0.0,0.0,1.0,63.0,11.0,1.0,78.0,78.0,78.0,56.0,53.0,16.0,0.0,-1.4792290925979614,-1.8472875356674194,3.0,-1.5940872430801392,-1.7813076972961426,-46.39875,0.0,0.0,0.0,0.0,1.0,64.0,12.0,1.0,79.0,79.0,79.0,57.0,54.0,17.0,0.0
12378,0.0,0.0,0.0,0.0,1.0,64.0,12.0,1.0,79.0,79.0,79.0,57.0,54.0,17.0,0.0,-1.9074925184249878,-1.9646517038345337,3.0,-1.8313255310058594,-1.5666980743408203,-47.19875,0.0,0.0,0.0,0.0,1.0,65.0,13.0,1.0,80.0,80.0,80.0,58.0,55.0,18.0,0.0
12379,0.0,0.0,0.0,0.0,1.0,65.0,13.0,1.0,80.0,80.0,80.0,58.0,55.0,18.0,0.0,-1.5914193391799927,-1.8694113492965698,3.0,-1.9626868963241577,-0.5491529107093811,-47.99875,0.0,0.0,0.0,0.0,1.0,66.0,14.0,1.0,81.0,81.0,81.0,59.0,56.0,19.0,0.0
12380,0.0,0.0,0.0,0.0,1.0,66.0,14.0,1.0,81.0,81.0,81.0,59.0,56.0,19.0,0.0,-1.68206787109375,-1.9824230670928955,3.0,-1.9732710123062134,-1.4396305084228516,-48.79875,0.0,0.0,0.0,0.0,1.0,67.0,15.0,1.0,82.0,82.0,82.0,60.0,57.0,20.0,0.0
12381,0.0,0.0,0.0,0.0,1.0,67.0,15.0,1.0,82.0,82.0,82.0,60.0,57.0,20.0,0.0,-1.9821937084197998,-1.7776767015457153,3.0,-1.946561336517334,-1.5182042121887207,-49.59875,0.0,0.0,0.0,0.0,1.0,68.0,16.0,1.0,83.0,83.0,83.0,61.0,58.0,21.0,0.0
12382,0.0,0.0,0.0,0.0,1.0,68.0,16.0,1.0,83.0,83.0,83.0,61.0,58.0,21.0,0.0,-1.9092329740524292,-1.964001178741455,3.0,-1.9770848751068115,-1.8799492120742798,-50.39875,0.0,0.0,0.0,0.0,1.0,69.0,17.0,1.0,84.0,84.0,84.0,62.0,59.0,22.0,0.0
12383,0.0,0.0,0.0,0.0,1.0,69.0,17.0,1.0,84.0,84.0,84.0,62.0,59.0,22.0,0.0,-1.9361876249313354,-1.9855684041976929,3.0,-1.991105556488037,-1.8015648126602173,-51.19875,0.0,0.0,0.0,0.0,1.0,70.0,18.0,1.0,85.0,85.0,85.0,63.0,60.0,23.0,0.0
12384,0.0,0.0,0.0,0.0,1.0,70.0,18.0,1.0,85.0,85.0,85.0,63.0,60.0,23.0,0.0,-1.9563907384872437,-1.8954782485961914,9.0,-1.9880807399749756,0.3338894248008728,-51.99875,0.0,0.0,0.0,0.3338894248008728,1.0,71.0,19.0,2.0,86.0,86.0,86.0,64.0,61.0,1.0,0.0
12385,0.0,0.0,0.0,0.3338894248008728,1.0,71.0,19.0,2.0,86.0,86.0,86.0,64.0,61.0,1.0,0.0,-1.7445595264434814,-1.3154767751693726,3.0,-1.9777398109436035,-1.8114992380142212,-50.59875,0.0,0.0,0.0,0.0,1.0,72.0,20.0,1.0,87.0,87.0,87.0,65.0,62.0,2.0,0.0
12386,0.0,0.0,0.0,0.0,1.0,72.0,20.0,1.0,87.0,87.0,87.0,65.0,62.0,2.0,0.0,-1.5560274124145508,-1.9661140441894531,3.0,-1.9223592281341553,-0.39173099398612976,-51.29875,0.0,0.0,0.0,0.0,1.0,73.0,21.0,1.0,88.0,88.0,88.0,66.0,63.0,3.0,0.0
12387,0.0,0.0,0.0,0.0,1.0,73.0,21.0,1.0,88.0,88.0,88.0,66.0,63.0,3.0,0.0,-1.2324343919754028,-1.1843045949935913,3.0,-1.8978055715560913,-0.3991066813468933,-52.09875,0.0,0.0,0.0,0.0,1.0,74.0,22.0,1.0,89.0,89.0,89.0,67.0,64.0,4.0,0.0
12388,0.0,0.0,0.0,0.0,1.0,74.0,22.0,1.0,89.0,89.0,89.0,67.0,64.0,4.0,0.0,-1.3624615669250488,-1.9530446529388428,3.0,-1.785319447517395,-1.7000788450241089,-52.89875,0.0,0.0,0.0,0.0,1.0,75.0,23.0,1.0,90.0,90.0,90.0,68.0,65.0,5.0,0.0
12389,0.0,0.0,0.0,0.0,1.0,75.0,23.0,1.0,90.0,90.0,90.0,68.0,65.0,5.0,0.0,-0.17826838791370392,-1.7629203796386719,3.0,-1.6089333295822144,0.6953253149986267,-53.69875,0.0,0.0,0.0,0.6953253149986267,1.0,76.0,24.0,1.0,91.0,91.0,91.0,69.0,66.0,6.0,0.0
12390,0.0,0.0,0.0,0.6953253149986267,1.0,76.0,24.0,1.0,91.0,91.0,91.0,69.0,66.0,6.0,0.0,-1.0661815404891968,-1.579231858253479,3.0,-1.858244776725769,0.8152926564216614,-54.49875,0.0,0.0,0.0,1.510617971420288,1.0,77.0,25.0,1.0,92.0,92.0,92.0,70.0,67.0,7.0,0.0
12391,0.0,0.0,0.0,1.510617971420288,1.0,77.0,25.0,1.0,92.0,92.0,92.0,70.0,67.0,7.0,0.0,-1.4764293432235718,0.725220799446106,3.0,-1.7530136108398438,-1.258271336555481,-55.04304383548969,0.0,0.725220799446106,0.0,0.25234663486480713,1.0,78.0,26.0,1.0,93.0,93.0,93.0,71.0,68.0,8.0,0.0
12392,0.0,0.725220799446106,0.0,0.25234663486480713,1.0,78.0,26.0,1.0,93.0,93.0,93.0,71.0,68.0,8.0,0.0,-1.7783976793289185,-1.0258210897445679,3.0,-1.8754686117172241,-0.4750422537326813,-56.09875,0.0,0.0,0.0,0.0,1.0,79.0,27.0,1.0,94.0,94.0,94.0,72.0,69.0,9.0,0.0
12393,0.0,0.0,0.0,0.0,1.0,79.0,27.0,1.0,94.0,94.0,94.0,72.0,69.0,9.0,0.0,-1.6365835666656494,-0.9558828473091125,3.0,-1.7170130014419556,0.7026965618133545,-56.89875,0.0,0.0,0.0,0.7026965618133545,1.0,80.0,28.0,1.0,95.0,95.0,95.0,73.0,70.0,10.0,0.0
12394,0.0,0.0,0.0,0.7026965618133545,1.0,80.0,28.0,1.0,95.0,95.0,95.0,73.0,70.0,10.0,0.0,-1.7853256464004517,-1.936454176902771,3.0,-1.8648266792297363,-1.8665499687194824,-57.69875,0.0,0.0,0.0,0.0,1.0,81.0,29.0,1.0,96.0,96.0,96.0,74.0,71.0,11.0,0.0
12395,0.0,0.0,0.0,0.0,1.0,81.0,29.0,1.0,96.0,96.0,96.0,74.0,71.0,11.0,0.0,-1.7929952144622803,-1.9570573568344116,3.0,-1.8724478483200073,-0.9424141049385071,-58.49875,0.0,0.0,0.0,0.0,1.0,82.0,30.0,1.0,97.0,97.0,97.0,75.0,72.0,12.0,0.0
12396,0.0,0.0,0.0,0.0,1.0,82.0,30.0,1.0,97.0,97.0,97.0,75.0,72.0,12.0,0.0,-1.909537672996521,-1.7873239517211914,3.0,-1.7038065195083618,-0.853985071182251,-59.29875,0.0,0.0,0.0,0.0,1.0,83.0,31.0,1.0,98.0,98.0,98.0,76.0,73.0,13.0,0.0
12397,0.0,0.0,0.0,0.0,1.0,83.0,31.0,1.0,98.0,98.0,98.0,76.0,73.0,13.0,0.0,-1.6245300769805908,-1.8414751291275024,3.0,-1.9356672763824463,-1.59859299659729,-60.09875,0.0,0.0,0.0,0.0,1.0,84.0,32.0,1.0,99.0,99.0,99.0,77.0,74.0,14.0,0.0
12398,0.0,0.0,0.0,0.0,1.0,84.0,32.0,1.0,99.0,99.0,99.0,77.0,74.0,14.0,0.0,-1.9120911359786987,-1.9482042789459229,3.0,-1.4065855741500854,-1.9600205421447754,-60.89875,0.0,0.0,0.0,0.0,1.0,85.0,33.0,1.0,100.0,100.0,100.0,78.0,75.0,15.0,0.0
12399,0.0,0.0,0.0,0.0,1.0,85.0,33.0,1.0,100.0,100.0,100.0,78.0,75.0,15.0,0.0,-1.5062520503997803,-1.9213141202926636,3.0,-1.9554365873336792,-1.2399158477783203,-61.39875,0.0,0.0,0.0,0.0,1.0,86.0,34.0,1.0,100.0,100.0,100.0,79.0,76.0,16.0,1.0
12400,7.9009552001953125,5.147754192352295,1.293647050857544,3.838219165802002,1.0,1.0,1.0,1.0,1.0,1.0,1.0,1.0,1.0,1.0,8.0,-1.4332939386367798,-0.8650281429290771,3.0,-1.0981255769729614,-1.3306169509887695,-4.70323158510277,6.467661261558533,4.282726049423218,0.19552147388458252,2.5076022148132324,2.0,2.0,2.0,1.0,2.0,2.0,2.0,2.0,1.0,2.0,0.0
12401,6.467661261558533,4.282726049423218,0.19552147388458252,2.5076022148132324,2.0,2.0,2.0,1.0,2.0,2.0,2.0,2.0,1.0,2.0,2.0,-1.9275628328323364,-1.8490664958953857,3.0,-1.1924903392791748,-1.6365009546279907,-6.78236528253622,4.540098428726196,2.433659553527832,0.0,0.8711012601852417,3.0,3.0,1.0,1.0,3.0,3.0,3.0,3.0,2.0,3.0,0.0
12402,4.540098428726196,2.433659553527832,0.0,0.8711012601852417,3.0,3.0,1.0,1.0,3.0,3.0,3.0,3.0,2.0,3.0,7.0,-1.7686347961425781,-1.6115548610687256,1.0,-0.6004199981689453,-1.8808820247650146,-5.814712678456701,2.771463632583618,0.8221046924591064,0.0,0.0,4.0,1.0,2.0,2.0,4.0,4.0,4.0,1.0,3.0,4.0,0.0
12403,2.771463632583618,0.8221046924591064,0.0,0.0,4.0,1.0,2.0,2.0,4.0,4.0,4.0,1.0,3.0,4.0,8.0,-0.2805594801902771,-1.7916553020477295,0.0,-1.6773957014083862,-1.8731634616851807,-13.126742392975867,2.490904152393341,0.0,0.0,0.0,1.0,2.0,3.0,3.0,5.0,5.0,5.0,2.0,1.0,5.0,0.0
12404,2.490904152393341,0.0,0.0,0.0,1.0,2.0,3.0,3.0,5.0,5.0,5.0,2.0,1.0,5.0,7.0,-1.4667456150054932,-1.1556535959243774,3.0,-1.563942790031433,-1.96942937374115,-9.15765015716767,1.024158537387848,0.0,0.0,0.0,2.0,3.0,4.0,1.0,6.0,6.0,6.0,1.0,2.0,6.0,0.0
12405,1.024158537387848,0.0,0.0,0.0,2.0,3.0,4.0,1.0,6.0,6.0,6.0,1.0,2.0,6.0,0.0,-1.6109334230422974,-1.7597293853759766,9.0,-1.3318970203399658,-1.852242112159729,-6.598750000000001,0.0,0.0,0.0,0.0,1.0,4.0,5.0,2.0,7.0,7.0,7.0,2.0,3.0,1.0,0.0
12406,0.0,0.0,0.0,0.0,1.0,4.0,5.0,2.0,7.0,7.0,7.0,2.0,3.0,1.0,7.0,-1.8261033296585083,-1.9247745275497437,9.0,-0.030247408896684647,-1.9644778966903687,-11.75875,0.0,0.0,0.0,0.0,2.0,5.0,6.0,3.0,8.0,8.0,8.0,1.0,4.0,1.0,0.0
12407,0.0,0.0,0.0,0.0,2.0,5.0,6.0,3.0,8.0,8.0,8.0,1.0,4.0,1.0,2.0,-1.6051634550094604,-1.8278104066848755,3.0,-1.7989007234573364,-1.6637141704559326,-19.898749999999996,0.0,0.0,0.0,0.0,3.0,6.0,1.0,1.0,9.0,9.0,9.0,2.0,5.0,2.0,0.0
12408,0.0,0.0,0.0,0.0,3.0,6.0,1.0,1.0,9.0,9.0,9.0,2.0,5.0,2.0,0.0,-1.700826644897461,-1.5556714534759521,3.0,-1.4209330081939697,-1.7749392986297607,-7.598750000000001,0.0,0.0,0.0,0.0,1.0,7.0,2.0,1.0,10.0,10.0,10.0,3.0,6.0,3.0,0.0
12409,0.0,0.0,0.0,0.0,1.0,7.0,2.0,1.0,10.0,10.0,10.0,3.0,6.0,3.0,0.0,-1.9229758977890015,-1.8708827495574951,3.0,-1.5262529850006104,-1.7867318391799927,-8.19875,0.0,0.0,0.0,0.0,1.0,8.0,3.0,1.0,11.0,11.0,11.0,4.0,7.0,4.0,0.0
12410,0.0,0.0,0.0,0.0,1.0,8.0,3.0,1.0,11.0,11.0,11.0,4.0,7.0,4.0,8.0,-1.5046379566192627,-0.14626023173332214,3.0,-1.2242082357406616,-1.4278113842010498,-18.45375,0.0,0.0,0.0,0.0,2.0,9.0,4.0,1.0,12.0,12.0,12.0,5.0,1.0,5.0,0.0
12411,0.0,0.0,0.0,0.0,2.0,9.0,4.0,1.0,12.0,12.0,12.0,5.0,1.0,5.0,0.0,-0.5793602466583252,-1.701040506362915,3.0,-0.49456238746643066,-1.6138404607772827,-9.19875,0.0,0.0,0.0,0.0,1.0,10.0,5.0,1.0,13.0,13.0,13.0,6.0,2.0,6.0,0.0
12412,0.0,0.0,0.0,0.0,1.0,10.0,5.0,1.0,13.0,13.0,13.0,6.0,2.0,6.0,0.0,-1.7873352766036987,-0.3845111131668091,3.0,-1.643019437789917,-1.6846585273742676,-9.89875,0.0,0.0,0.0,0.0,1.0,11.0,6.0,1.0,14.0,14.0,14.0,7.0,3.0,7.0,0.0
12413,0.0,0.0,0.0,0.0,1.0,11.0,6.0,1.0,14.0,14.0,14.0,7.0,3.0,7.0,7.0,-1.8329447507858276,-1.2645927667617798,9.0,-1.2829883098602295,-0.9878484010696411,-15.658750000000001,0.0,0.0,0.0,0.0,2.0,12.0,7.0,2.0,15.0,15.0,15.0,1.0,4.0,1.0,0.0
12414,0.0,0.0,0.0,0.0,2.0,12.0,7.0,2.0,15.0,15.0,15.0,1.0,4.0,1.0,8.0,-1.6582891941070557,-1.23549485206604,3.0,-1.014727234840393,-1.7038429975509644,-19.75375,0.0,0.0,0.0,0.0,3.0,13.0,8.0,1.0,16.0,16.0,16.0,2.0,1.0,2.0,0.0
12415,0.0,0.0,0.0,0.0,3.0,13.0,8.0,1.0,16.0,16.0,16.0,2.0,1.0,2.0,0.0,-1.903529405593872,-1.790932536125183,3.0,-1.085730791091919,-1.7367652654647827,-10.69875,0.0,0.0,0.0,0.0,1.0,14.0,9.0,1.0,17.0,17.0,17.0,3.0,2.0,3.0,0.0
12416,0.0,0.0,0.0,0.0,1.0,14.0,9.0,1.0,17.0,17.0,17.0,3.0,2.0,3.0,2.0,-0.851550281047821,-0.7830488681793213,9.0,-1.2741893529891968,-1.9239193201065063,-23.698749999999997,0.0,0.0,0.0,0.0,2.0,15.0,1.0,2.0,18.0,18.0,18.0,4.0,3.0,1.0,0.0
12417,0.0,0.0,0.0,0.0,2.0,15.0,1.0,2.0,18.0,18.0,18.0,4.0,3.0,1.0,0.0,-1.7333897352218628,-0.9538905620574951,3.0,0.48458874225616455,-1.97313392162323,-11.098749999999999,0.0,0.0,0.48458874225616455,0.0,1.0,16.0,2.0,1.0,19.0,19.0,19.0,5.0,4.0,2.0,0.0
12418,0.0,0.0,0.48458874225616455,0.0,1.0,16.0,2.0,1.0,19.0,19.0,19.0,5.0,4.0,2.0,0.0,-1.9282602071762085,-1.8684204816818237,10.0,0.9912683367729187,-1.7456111907958984,-11.69875,0.0,0.0,1.4758570790290833,0.0,1.0,17.0,3.0,2.0,20.0,20.0,20.0,6.0,5.0,3.0,0.0
12419,0.0,0.0,1.4758570790290833,0.0,1.0,17.0,3.0,2.0,20.0,20.0,20.0,6.0,5.0,3.0,0.0,-1.8661149740219116,0.20510105788707733,3.0,0.10607947409152985,-1.895721435546875,-12.5098983068942,0.0,0.20510105788707733,1.581936553120613,0.0,1.0,18.0,4.0,1.0,21.0,21.0,21.0,7.0,6.0,4.0,0.0
12420,0.0,0.20510105788707733,1.581936553120613,0.0,1.0,18.0,4.0,1.0,21.0,21.0,21.0,7.0,6.0,4.0,0.0,-1.776536464691162,-1.7944484949111938,10.0,0.9446146488189697,-1.8480682373046875,-13.29875,0.0,0.0,2.526551201939583,0.0,1.0,19.0,5.0,2.0,22.0,22.0,22.0,8.0,7.0,5.0,0.0
12421,0.0,0.0,2.526551201939583,0.0,1.0,19.0,5.0,2.0,22.0,22.0,22.0,8.0,7.0,5.0,0.0,-1.6126782894134521,-0.11627469956874847,9.0,-1.856449007987976,-1.5969407558441162,-14.19875,0.0,0.0,0.6701021939516068,0.0,1.0,20.0,6.0,3.0,23.0,23.0,23.0,9.0,8.0,1.0,0.0
12422,0.0,0.0,0.6701021939516068,0.0,1.0,20.0,6.0,3.0,23.0,23.0,23.0,9.0,8.0,1.0,0.0,-1.1363638639450073,-1.8290338516235352,3.0,-1.4504462480545044,-1.8047386407852173,-14.598749999999999,0.0,0.0,0.0,0.0,1.0,21.0,7.0,1.0,24.0,24.0,24.0,10.0,9.0,2.0,0.0
12423,0.0,0.0,0.0,0.0,1.0,21.0,7.0,1.0,24.0,24.0,24.0,10.0,9.0,2.0,0.0,-1.7028069496154785,-1.8356399536132812,3.0,-1.584215760231018,-1.3294882774353027,-15.19875,0.0,0.0,0.0,0.0,1.0,22.0,8.0,1.0,25.0,25.0,25.0,11.0,10.0,3.0,0.0
12424,0.0,0.0,0.0,0.0,1.0,22.0,8.0,1.0,25.0,25.0,25.0,11.0,10.0,3.0,0.0,-1.6104011535644531,-1.7766826152801514,3.0,-1.8134359121322632,-1.9577780961990356,-15.99875,0.0,0.0,0.0,0.0,1.0,23.0,9.0,1.0,26.0,26.0,26.0,12.0,11.0,4.0,0.0
12425,0.0,0.0,0.0,0.0,1.0,23.0,9.0,1.0,26.0,26.0,26.0,12.0,11.0,4.0,0.0,-0.7040753960609436,-1.165384292602539,3.0,0.4816162586212158,-1.8618489503860474,-16.798750000000002,0.0,0.0,0.4816162586212158,0.0,1.0,24.0,10.0,1.0,27.0,27.0,27.0,13.0,12.0,5.0,0.0
12426,0.0,0.0,0.4816162586212158,0.0,1.0,24.0,10.0,1.0,27.0,27.0,27.0,13.0,12.0,5.0,10.0,-1.3749076128005981,-0.629224956035614,3.0,-0.5624364018440247,-1.9657922983169556,-15.7,0.0,0.0,0.0,0.0,2.0,25.0,11.0,1.0,28.0,28.0,28.0,14.0,13.0,6.0,0.0
12427,0.0,0.0,0.0,0.0,2.0,25.0,11.0,1.0,28.0,28.0,28.0,14.0,13.0,6.0,0.0,-1.841599941253662,-1.5617531538009644,9.0,-1.7119146585464478,-1.8096237182617188,-18.49875,0.0,0.0,0.0,0.0,1.0,26.0,12.0,2.0,29.0,29.0,29.0,15.0,14.0,1.0,0.0
12428,0.0,0.0,0.0,0.0,1.0,26.0,12.0,2.0,29.0,29.0,29.0,15.0,14.0,1.0,2.0,-1.709067463874817,-0.8669921159744263,3.0,-1.4659780263900757,-1.1075438261032104,-31.098749999999995,0.0,0.0,0.0,0.0,2.0,27.0,1.0,1.0,30.0,30.0,30.0,16.0,15.0,2.0,0.0
12429,0.0,0.0,0.0,0.0,2.0,27.0,1.0,1.0,30.0,30.0,30.0,16.0,15.0,2.0,0.0,-1.26604163646698,-1.0322062969207764,3.0,-1.8664889335632324,-1.7270910739898682,-18.29875,0.0,0.0,0.0,0.0,1.0,28.0,2.0,1.0,31.0,31.0,31.0,17.0,16.0,3.0,0.0
12430,0.0,0.0,0.0,0.0,1.0,28.0,2.0,1.0,31.0,31.0,31.0,17.0,16.0,3.0,0.0,-1.7254475355148315,-1.6259394884109497,3.0,0.01453350204974413,-1.7422690391540527,-18.99875,0.0,0.0,0.01453350204974413,0.0,1.0,29.0,3.0,1.0,32.0,32.0,32.0,18.0,17.0,4.0,0.0
12431,0.0,0.0,0.01453350204974413,0.0,1.0,29.0,3.0,1.0,32.0,32.0,32.0,18.0,17.0,4.0,0.0,-1.7525742053985596,-0.5709924101829529,9.0,-0.11425808072090149,-1.7110590934753418,-19.79875,0.0,0.0,0.0,0.0,1.0,30.0,4.0,2.0,33.0,33.0,33.0,19.0,18.0,1.0,0.0
12432,0.0,0.0,0.0,0.0,1.0,30.0,4.0,2.0,33.0,33.0,33.0,19.0,18.0,1.0,0.0,-1.587483286857605,0.019501663744449615,3.0,-1.9025461673736572,-1.9870061874389648,-20.289740675166595,0.0,0.019501663744449615,0.0,0.0,1.0,31.0,5.0,1.0,34.0,34.0,34.0,20.0,19.0,2.0,0.0
12433,0.0,0.019501663744449615,0.0,0.0,1.0,31.0,5.0,1.0,34.0,34.0,34.0,20.0,19.0,2.0,0.0,-0.9506653547286987,-1.8030916452407837,3.0,-1.6987653970718384,-1.4777013063430786,-20.99875,0.0,0.0,0.0,0.0,1.0,32.0,6.0,1.0,35.0,35.0,35.0,21.0,20.0,3.0,0.0
12434,0.0,0.0,0.0,0.0,1.0,32.0,6.0,1.0,35.0,35.0,35.0,21.0,20.0,3.0,0.0,-1.9668943881988525,-1.6434639692306519,3.0,-1.6383939981460571,-1.9325883388519287,-21.79875,0.0,0.0,0.0,0.0,1.0,33.0,7.0,1.0,36.0,36.0,36.0,22.0,21.0,4.0,0.0
12435,0.0,0.0,0.0,0.0,1.0,33.0,7.0,1.0,36.0,36.0,36.0,22.0,21.0,4.0,0.0,0.31292152404785156,-1.847908854484558,3.0,-0.4045974016189575,-1.6966644525527954,-22.322910564068422,0.31292152404785156,0.0,0.0,0.0,1.0,34.0,8.0,1.0,37.0,37.0,37.0,23.0,22.0,5.0,0.0
12436,0.31292152404785156,0.0,0.0,0.0,1.0,34.0,8.0,1.0,37.0,37.0,37.0,23.0,22.0,5.0,0.0,-0.2829122245311737,-1.849128246307373,3.0,-1.5127284526824951,-1.4484918117523193,-23.3709809379484,0.030009299516677856,0.0,0.0,0.0,1.0,35.0,9.0,1.0,38.0,38.0,38.0,24.0,23.0,6.0,0.0
12437,0.030009299516677856,0.0,0.0,0.0,1.0,35.0,9.0,1.0,38.0,38.0,38.0,24.0,23.0,6.0,0.0,-1.8704211711883545,-0.5773658752441406,3.0,-0.5779384970664978,-1.077957272529602,-24.19875,0.0,0.0,0.0,0.0,1.0,36.0,10.0,1.0,39.0,39.0,39.0,25.0,24.0,7.0,0.0
12438,0.0,0.0,0.0,0.0,1.0,36.0,10.0,1.0,39.0,39.0,39.0,25.0,24.0,7.0,0.0,-1.5653191804885864,-1.2131025791168213,3.0,-1.737354040145874,-1.629559874534607,-24.99875,0.0,0.0,0.0,0.0,1.0,37.0,11.0,1.0,40.0,40.0,40.0,26.0,25.0,8.0,0.0
12439,0.0,0.0,0.0,0.0,1.0,37.0,11.0,1.0,40.0,40.0,40.0,26.0,25.0,8.0,0.0,-1.7331132888793945,-1.7351065874099731,10.0,-1.7407481670379639,-1.952189326286316,-25.79875,0.0,0.0,0.0,0.0,1.0,38.0,12.0,2.0,41.0,41.0,41.0,27.0,26.0,9.0,0.0
12440,0.0,0.0,0.0,0.0,1.0,38.0,12.0,2.0,41.0,41.0,41.0,27.0,26.0,9.0,0.0,-1.9604954719543457,-1.8886014223098755,3.0,-1.4297325611114502,-1.7239747047424316,-26.69875,0.0,0.0,0.0,0.0,1.0,39.0,13.0,1.0,42.0,42.0,42.0,28.0,27.0,10.0,0.0
12441,0.0,0.0,0.0,0.0,1.0,39.0,13.0,1.0,42.0,42.0,42.0,28.0,27.0,10.0,0.0,-1.851654291152954,-1.3680018186569214,3.0,-0.44120073318481445,-1.3011709451675415,-27.39875,0.0,0.0,0.0,0.0,1.0,40.0,14.0,1.0,43.0,43.0,43.0,29.0,28.0,11.0,0.0
12442,0.0,0.0,0.0,0.0,1.0,40.0,14.0,1.0,43.0,43.0,43.0,29.0,28.0,11.0,0.0,-1.698974609375,-1.2739053964614868,3.0,-1.551659107208252,-0.5377976298332214,-28.19875,0.0,0.0,0.0,0.0,1.0,41.0,15.0,1.0,44.0,44.0,44.0,30.0,29.0,12.0,0.0
12443,0.0,0.0,0.0,0.0,1.0,41.0,15.0,1.0,44.0,44.0,44.0,30.0,29.0,12.0,0.0,-1.7026045322418213,-1.9777626991271973,3.0,-1.770354986190796,-1.2704864740371704,-28.99875,0.0,0.0,0.0,0.0,1.0,42.0,16.0,1.0,45.0,45.0,45.0,31.0,30.0,13.0,0.0
12444,0.0,0.0,0.0,0.0,1.0,42.0,16.0,1.0,45.0,45.0,45.0,31.0,30.0,13.0,0.0,-1.9537454843521118,-1.5711480379104614,3.0,-1.8598684072494507,-0.7741755247116089,-29.79875,0.0,0.0,0.0,0.0,1.0,43.0,17.0,1.0,46.0,46.0,46.0,32.0,31.0,14.0,0.0
12445,0.0,0.0,0.0,0.0,1.0,43.0,17.0,1.0,46.0,46.0,46.0,32.0,31.0,14.0,0.0,-1.8438133001327515,-1.7341382503509521,9.0,-0.9983932375907898,-1.5728739500045776,-30.59875,0.0,0.0,0.0,0.0,1.0,44.0,18.0,2.0,47.0,47.0,47.0,33.0,32.0,1.0,0.0
12446,0.0,0.0,0.0,0.0,1.0,44.0,18.0,2.0,47.0,47.0,47.0,33.0,32.0,1.0,0.0,-1.8849177360534668,-0.8695899844169617,3.0,-1.676112413406372,-1.6949163675308228,-30.09875,0.0,0.0,0.0,0.0,1.0,45.0,19.0,1.0,48.0,48.0,48.0,34.0,33.0,2.0,0.0
12447,0.0,0.0,0.0,0.0,1.0,45.0,19.0,1.0,48.0,48.0,48.0,34.0,33.0,2.0,0.0,-1.1762832403182983,-1.237412929534912,3.0,-1.0497630834579468,-1.6703729629516602,-30.79875,0.0,0.0,0.0,0.0,1.0,46.0,20.0,1.0,49.0,49.0,49.0,35.0,34.0,3.0,0.0
12448,0.0,0.0,0.0,0.0,1.0,46.0,20.0,1.0,49.0,49.0,49.0,35.0,34.0,3.0,0.0,-1.7608941793441772,-1.8679901361465454,3.0,0.3574623763561249,-1.4900256395339966,-31.59875,0.0,0.0,0.3574623763561249,0.0,1.0,47.0,21.0,1.0,50.0,50.0,50.0,36.0,35.0,4.0,0.0
12449,0.0,0.0,0.3574623763561249,0.0,1.0,47.0,21.0,1.0,50.0,50.0,50.0,36.0,35.0,4.0,0.0,-1.5837379693984985,-1.7272379398345947,3.0,-1.666235089302063,-1.7365295886993408,-32.39875,0.0,0.0,0.0,0.0,1.0,48.0,22.0,1.0,51.0,51.0,51.0,37.0,36.0,5.0,0.0
12450,0.0,0.0,0.0,0.0,1.0,48.0,22.0,1.0,51.0,51.0,51.0,37.0,36.0,5.0,0.0,-1.5192385911941528,-1.8800665140151978,9.0,-1.5630956888198853,-1.943676471710205,-33.198750000000004,0.0,0.0,0.0,0.0,1.0,49.0,23.0,2.0,52.0,52.0,52.0,38.0,37.0,1.0,0.0
12451,0.0,0.0,0.0,0.0,1.0,49.0,23.0,2.0,52.0,52.0,52.0,38.0,37.0,1.0,0.0,-1.912161111831665,-1.9300130605697632,3.0,-1.8766080141067505,-0.3238334357738495,-33.59875,0.0,0.0,0.0,0.0,1.0,50.0,24.0,1.0,53.0,53.0,53.0,39.0,38.0,2.0,0.0
12452,0.0,0.0,0.0,0.0,1.0,50.0,24.0,1.0,53.0,53.0,53.0,39.0,38.0,2.0,0.0,-1.9749120473861694,-1.887020230293274,3.0,-1.962598443031311,-0.8528225421905518,-34.29875,0.0,0.0,0.0,0.0,1.0,51.0,25.0,1.0,54.0,54.0,54.0,40.0,39.0,3.0,0.0
12453,0.0,0.0,0.0,0.0,1.0,51.0,25.0,1.0,54.0,54.0,54.0,40.0,39.0,3.0,0.0,-1.4139708280563354,-1.4111703634262085,3.0,-1.7987678050994873,0.04081957787275314,-35.09875,0.0,0.0,0.0,0.04081957787275314,1.0,52.0,26.0,1.0,55.0,55.0,55.0,41.0,40.0,4.0,0.0
12454,0.0,0.0,0.0,0.04081957787275314,1.0,52.0,26.0,1.0,55.0,55.0,55.0,41.0,40.0,4.0,0.0,-1.9880903959274292,-1.993017554283142,3.0,-1.849431037902832,-1.4983937740325928,-35.89875,0.0,0.0,0.0,0.0,1.0,53.0,27.0,1.0,56.0,56.0,56.0,42.0,41.0,5.0,0.0
12455,0.0,0.0,0.0,0.0,1.0,53.0,27.0,1.0,56.0,56.0,56.0,42.0,41.0,5.0,0.0,-0.556837797164917,-0.9181009531021118,3.0,-1.6665831804275513,0.3619724214076996,-36.69875,0.0,0.0,0.0,0.3619724214076996,1.0,54.0,28.0,1.0,57.0,57.0,57.0,43.0,42.0,6.0,0.0
12456,0.0,0.0,0.0,0.3619724214076996,1.0,54.0,28.0,1.0,57.0,57.0,57.0,43.0,42.0,6.0,0.0,-1.5991716384887695,-1.9700403213500977,3.0,-1.844473958015442,0.3223002552986145,-37.49875,0.0,0.0,0.0,0.6842726767063141,1.0,55.0,29.0,1.0,58.0,58.0,58.0,44.0,43.0,7.0,0.0
12457,0.0,0.0,0.0,0.6842726767063141,1.0,55.0,29.0,1.0,58.0,58.0,58.0,44.0,43.0,7.0,0.0,-1.5484731197357178,-1.9898418188095093,3.0,-1.769029974937439,-1.4640260934829712,-38.29875,0.0,0.0,0.0,0.0,1.0,56.0,30.0,1.0,59.0,59.0,59.0,45.0,44.0,8.0,0.0
12458,0.0,0.0,0.0,0.0,1.0,56.0,30.0,1.0,59.0,59.0,59.0,45.0,44.0,8.0,0.0,-0.8464841842651367,1.1819170713424683,3.0,-1.8189926147460938,-1.4577908515930176,-38.76568239617302,0.0,1.1819170713424683,0.0,0.0,1.0,57.0,31.0,1.0,60.0,60.0,60.0,46.0,45.0,9.0,0.0
12459,0.0,1.1819170713424683,0.0,0.0,1.0,57.0,31.0,1.0,60.0,60.0,60.0,46.0,45.0,9.0,0.0,-0.32693973183631897,-0.621860146522522,3.0,-1.9090293645858765,-1.0643657445907593,-39.686941412609734,0.0,0.5600569248199463,0.0,0.0,1.0,58.0,32.0,1.0,61.0,61.0,61.0,47.0,46.0,10.0,0.0
12460,0.0,0.5600569248199463,0.0,0.0,1.0,58.0,32.0,1.0,61.0,61.0,61.0,47.0,46.0,10.0,0.0,-1.9636054039001465,-1.914265751838684,3.0,-1.8908910751342773,-1.7822368144989014,-40.69875,0.0,0.0,0.0,0.0,1.0,59.0,33.0,1.0,62.0,62.0,62.0,48.0,47.0,11.0,0.0
12461,0.0,0.0,0.0,0.0,1.0,59.0,33.0,1.0,62.0,62.0,62.0,48.0,47.0,11.0,0.0,-1.239877700805664,-1.2144631147384644,3.0,-1.755658507347107,-1.944960117340088,-41.49875,0.0,0.0,0.0,0.0,1.0,60.0,34.0,1.0,63.0,63.0,63.0,49.0,48.0,12.0,0.0
12462,0.0,0.0,0.0,0.0,1.0,60.0,34.0,1.0,63.0,63.0,63.0,49.0,48.0,12.0,0.0,-1.1250014305114746,-1.977133870124817,3.0,-1.8716901540756226,-1.6068744659423828,-42.29875,0.0,0.0,0.0,0.0,1.0,61.0,35.0,1.0,64.0,64.0,64.0,50.0,49.0,13.0,0.0
12463,0.0,0.0,0.0,0.0,1.0,61.0,35.0,1.0,64.0,64.0,64.0,50.0,49.0,13.0,0.0,-1.9265007972717285,-1.976020097732544,3.0,-1.9348504543304443,-1.3522356748580933,-43.09875,0.0,0.0,0.0,0.0,1.0,62.0,36.0,1.0,65.0,65.0,65.0,51.0,50.0,14.0,0.0
12464,0.0,0.0,0.0,0.0,1.0,62.0,36.0,1.0,65.0,65.0,65.0,51.0,50.0,14.0,0.0,-1.7006268501281738,-0.9020221829414368,3.0,-1.5133862495422363,-1.839828372001648,-43.89875,0.0,0.0,0.0,0.0,1.0,63.0,37.0,1.0,66.0,66.0,66.0,52.0,51.0,15.0,0.0
12465,0.0,0.0,0.0,0.0,1.0,63.0,37.0,1.0,66.0,66.0,66.0,52.0,51.0,15.0,0.0,-1.8028132915496826,-1.730384349822998,3.0,-1.9706237316131592,-1.5232396125793457,-44.69875,0.0,0.0,0.0,0.0,1.0,64.0,38.0,1.0,67.0,67.0,67.0,53.0,52.0,16.0,0.0
12466,0.0,0.0,0.0,0.0,1.0,64.0,38.0,1.0,67.0,67.0,67.0,53.0,52.0,16.0,0.0,-1.8909997940063477,-1.857839584350586,3.0,-1.7295626401901245,-1.5716156959533691,-45.49875,0.0,0.0,0.0,0.0,1.0,65.0,39.0,1.0,68.0,68.0,68.0,54.0,53.0,17.0,0.0
12467,0.0,0.0,0.0,0.0,1.0,65.0,39.0,1.0,68.0,68.0,68.0,54.0,53.0,17.0,0.0,-1.5952651500701904,-1.9961849451065063,3.0,-1.6523146629333496,1.1500554084777832,-46.29875,0.0,0.0,0.0,1.1500554084777832,1.0,66.0,40.0,1.0,69.0,69.0,69.0,55.0,54.0,18.0,0.0
12468,0.0,0.0,0.0,1.1500554084777832,1.0,66.0,40.0,1.0,69.0,69.0,69.0,55.0,54.0,18.0,0.0,-1.9097355604171753,-1.934470534324646,3.0,-1.5211650133132935,-1.9822980165481567,-47.09875,0.0,0.0,0.0,0.0,1.0,67.0,41.0,1.0,70.0,70.0,70.0,56.0,55.0,19.0,0.0
12469,0.0,0.0,0.0,0.0,1.0,67.0,41.0,1.0,70.0,70.0,70.0,56.0,55.0,19.0,0.0,-1.871769666671753,-1.6978853940963745,3.0,-1.9817553758621216,-1.8890283107757568,-47.89875,0.0,0.0,0.0,0.0,1.0,68.0,42.0,1.0,71.0,71.0,71.0,57.0,56.0,20.0,0.0
12470,0.0,0.0,0.0,0.0,1.0,68.0,42.0,1.0,71.0,71.0,71.0,57.0,56.0,20.0,0.0,-1.7352848052978516,-1.9978103637695312,3.0,-1.9078919887542725,-1.899795651435852,-48.69875,0.0,0.0,0.0,0.0,1.0,69.0,43.0,1.0,72.0,72.0,72.0,58.0,57.0,21.0,0.0
12471,0.0,0.0,0.0,0.0,1.0,69.0,43.0,1.0,72.0,72.0,72.0,58.0,57.0,21.0,0.0,-1.8952195644378662,-1.996566653251648,3.0,-1.912895679473877,-1.7804793119430542,-49.49875,0.0,0.0,0.0,0.0,1.0,70.0,44.0,1.0,73.0,73.0,73.0,59.0,58.0,22.0,0.0
12472,0.0,0.0,0.0,0.0,1.0,70.0,44.0,1.0,73.0,73.0,73.0,59.0,58.0,22.0,0.0,-0.7188464999198914,-1.986613154411316,3.0,-1.6920713186264038,-1.998174786567688,-50.29875,0.0,0.0,0.0,0.0,1.0,71.0,45.0,1.0,74.0,74.0,74.0,60.0,59.0,23.0,0.0
12473,0.0,0.0,0.0,0.0,1.0,71.0,45.0,1.0,74.0,74.0,74.0,60.0,59.0,23.0,0.0,-1.9387329816818237,-1.983748197555542,3.0,-1.9332046508789062,-1.8836519718170166,-51.09875,0.0,0.0,0.0,0.0,1.0,72.0,46.0,1.0,75.0,75.0,75.0,61.0,60.0,24.0,0.0
12474,0.0,0.0,0.0,0.0,1.0,72.0,46.0,1.0,75.0,75.0,75.0,61.0,60.0,24.0,0.0,-0.9996950030326843,-1.956451416015625,3.0,-1.7646980285644531,-1.727785348892212,-51.89875,0.0,0.0,0.0,0.0,1.0,73.0,47.0,1.0,76.0,76.0,76.0,62.0,61.0,25.0,0.0
12475,0.0,0.0,0.0,0.0,1.0,73.0,47.0,1.0,76.0,76.0,76.0,62.0,61.0,25.0,0.0,-1.9303029775619507,-1.9946205615997314,3.0,-1.9498043060302734,-1.2196460962295532,-52.69875,0.0,0.0,0.0,0.0,1.0,74.0,48.0,1.0,77.0,77.0,77.0,63.0,62.0,26.0,0.0
12476,0.0,0.0,0.0,0.0,1.0,74.0,48.0,1.0,77.0,77.0,77.0,63.0,62.0,26.0,0.0,-1.0540770292282104,-1.5327017307281494,3.0,-1.3619107007980347,-0.9472343921661377,-53.49875,0.0,0.0,0.0,0.0,1.0,75.0,49.0,1.0,78.0,78.0,78.0,64.0,63.0,27.0,0.0
12477,0.0,0.0,0.0,0.0,1.0,75.0,49.0,1.0,78.0,78.0,78.0,64.0,63.0,27.0,0.0,-1.9193544387817383,-1.7679131031036377,3.0,-1.9380460977554321,-1.9875054359436035,-54.29875,0.0,0.0,0.0,0.0,1.0,76.0,50.0,1.0,79.0,79.0,79.0,65.0,64.0,28.0,0.0
12478,0.0,0.0,0.0,0.0,1.0,76.0,50.0,1.0,79.0,79.0,79.0,65.0,64.0,28.0,0.0,0.06845922023057938,-1.8418562412261963,3.0,-1.759365439414978,-1.8809055089950562,-55.03580935823492,0.06845922023057938,0.0,0.0,0.0,1.0,77.0,51.0,1.0,80.0,80.0,80.0,66.0,65.0,29.0,0.0
12479,0.06845922023057938,0.0,0.0,0.0,1.0,77.0,51.0,1.0,80.0,80.0,80.0,66.0,65.0,29.0,0.0,-1.5849295854568481,-1.8471122980117798,3.0,-1.619164228439331,-1.9649994373321533,-55.89875,0.0,0.0,0.0,0.0,1.0,78.0,52.0,1.0,81.0,81.0,81.0,67.0,66.0,30.0,0.0
12480,0.0,0.0,0.0,0.0,1.0,78.0,52.0,1.0,81.0,81.0,81.0,67.0,66.0,30.0,0.0,0.11816634237766266,-1.933905839920044,3.0,-1.8312512636184692,-1.949811339378357,-56.59101961068176,0.11816634237766266,0.0,0.0,0.0,1.0,79.0,53.0,1.0,82.0,82.0,82.0,68.0,67.0,31.0,0.0
12481,0.11816634237766266,0.0,0.0,0.0,1.0,79.0,53.0,1.0,82.0,82.0,82.0,68.0,67.0,31.0,0.0,-1.10377037525177,-1.89620041847229,3.0,-1.9847913980484009,-1.9070276021957397,-57.49875,0.0,0.0,0.0,0.0,1.0,80.0,54.0,1.0,83.0,83.0,83.0,69.0,68.0,32.0,0.0
12482,0.0,0.0,0.0,0.0,1.0,80.0,54.0,1.0,83.0,83.0,83.0,69.0,68.0,32.0,0.0,-1.9091702699661255,-1.917633056640625,3.0,-1.9798067808151245,-1.9741740226745605,-58.29875,0.0,0.0,0.0,0.0,1.0,81.0,55.0,1.0,84.0,84.0,84.0,70.0,69.0,33.0,0.0
12483,0.0,0.0,0.0,0.0,1.0,81.0,55.0,1.0,84.0,84.0,84.0,70.0,69.0,33.0,0.0,-0.3984644412994385,-1.9228696823120117,3.0,-1.7901630401611328,-1.9029946327209473,-59.09875,0.0,0.0,0.0,0.0,1.0,82.0,56.0,1.0,85.0,85.0,85.0,71.0,70.0,34.0,0.0
12484,0.0,0.0,0.0,0.0,1.0,82.0,56.0,1.0,85.0,85.0,85.0,71.0,70.0,34.0,0.0,-1.6875174045562744,-1.6792768239974976,3.0,-1.5906108617782593,-1.9521926641464233,-59.89875,0.0,0.0,0.0,0.0,1.0,83.0,57.0,1.0,86.0,86.0,86.0,72.0,71.0,35.0,0.0
12485,0.0,0.0,0.0,0.0,1.0,83.0,57.0,1.0,86.0,86.0,86.0,72.0,71.0,35.0,0.0,-1.2076219320297241,-1.9847424030303955,3.0,-1.9593783617019653,-1.9181770086288452,-60.69875,0.0,0.0,0.0,0.0,1.0,84.0,58.0,1.0,87.0,87.0,87.0,73.0,72.0,36.0,0.0
12486,0.0,0.0,0.0,0.0,1.0,84.0,58.0,1.0,87.0,87.0,87.0,73.0,72.0,36.0,0.0,-1.9937827587127686,-1.8585652112960815,3.0,-1.85041344165802,-1.9613895416259766,-61.49875,0.0,0.0,0.0,0.0,1.0,85.0,59.0,1.0,88.0,88.0,88.0,74.0,73.0,37.0,0.0
12487,0.0,0.0,0.0,0.0,1.0,85.0,59.0,1.0,88.0,88.0,88.0,74.0,73.0,37.0,0.0,-1.950122356414795,-1.9841783046722412,3.0,-1.9537559747695923,-1.97730553150177,-62.29875,0.0,0.0,0.0,0.0,1.0,86.0,60.0,1.0,89.0,89.0,89.0,75.0,74.0,38.0,0.0
12488,0.0,0.0,0.0,0.0,1.0,86.0,60.0,1.0,89.0,89.0,89.0,75.0,74.0,38.0,0.0,-0.5359722971916199,-1.9765753746032715,3.0,-1.9327281713485718,-1.8587218523025513,-63.09875,0.0,0.0,0.0,0.0,1.0,87.0,61.0,1.0,90.0,90.0,90.0,76.0,75.0,39.0,0.0
12489,0.0,0.0,0.0,0.0,1.0,87.0,61.0,1.0,90.0,90.0,90.0,76.0,75.0,39.0,0.0,-1.9829415082931519,-1.9145969152450562,9.0,-1.9677940607070923,-1.8355578184127808,-63.89875,0.0,0.0,0.0,0.0,1.0,88.0,62.0,2.0,91.0,91.0,91.0,77.0,76.0,1.0,0.0
12490,0.0,0.0,0.0,0.0,1.0,88.0,62.0,2.0,91.0,91.0,91.0,77.0,76.0,1.0,0.0,-1.7803095579147339,-1.1400502920150757,3.0,-1.9706799983978271,-1.6391407251358032,-60.89875,0.0,0.0,0.0,0.0,1.0,89.0,63.0,1.0,92.0,92.0,92.0,78.0,77.0,2.0,0.0
12491,0.0,0.0,0.0,0.0,1.0,89.0,63.0,1.0,92.0,92.0,92.0,78.0,77.0,2.0,0.0,-1.1221493482589722,-1.916102409362793,3.0,-1.984491229057312,-1.868350863456726,-61.59875,0.0,0.0,0.0,0.0,1.0,90.0,64.0,1.0,93.0,93.0,93.0,79.0,78.0,3.0,0.0
12492,0.0,0.0,0.0,0.0,1.0,90.0,64.0,1.0,93.0,93.0,93.0,79.0,78.0,3.0,0.0,-0.3515499234199524,-1.9580742120742798,3.0,-1.9743874073028564,-1.5709431171417236,-62.39875,0.0,0.0,0.0,0.0,1.0,91.0,65.0,1.0,94.0,94.0,94.0,80.0,79.0,4.0,0.0
12493,0.0,0.0,0.0,0.0,1.0,91.0,65.0,1.0,94.0,94.0,94.0,80.0,79.0,4.0,0.0,-1.9654514789581299,-1.9892091751098633,3.0,-1.9779832363128662,-1.4140410423278809,-63.19875,0.0,0.0,0.0,0.0,1.0,92.0,66.0,1.0,95.0,95.0,95.0,81.0,80.0,5.0,0.0
12494,0.0,0.0,0.0,0.0,1.0,92.0,66.0,1.0,95.0,95.0,95.0,81.0,80.0,5.0,0.0,-1.838234543800354,-1.9932489395141602,3.0,-1.9768215417861938,-0.27210214734077454,-63.99875,0.0,0.0,0.0,0.0,1.0,93.0,67.0,1.0,96.0,96.0,96.0,82.0,81.0,6.0,0.0
12495,0.0,0.0,0.0,0.0,1.0,93.0,67.0,1.0,96.0,96.0,96.0,82.0,81.0,6.0,0.0,-1.814768671989441,-1.9596458673477173,3.0,-1.9892852306365967,-1.778161883354187,-64.79875,0.0,0.0,0.0,0.0,1.0,94.0,68.0,1.0,97.0,97.0,97.0,83.0,82.0,7.0,0.0
12496,0.0,0.0,0.0,0.0,1.0,94.0,68.0,1.0,97.0,97.0,97.0,83.0,82.0,7.0,0.0,-1.9877170324325562,-1.9580057859420776,3.0,-1.8751360177993774,-1.5141148567199707,-65.59875000000001,0.0,0.0,0.0,0.0,1.0,95.0,69.0,1.0,98.0,98.0,98.0,84.0,83.0,8.0,0.0
12497,0.0,0.0,0.0,0.0,1.0,95.0,69.0,1.0,98.0,98.0,98.0,84.0,83.0,8.0,2.0,0.16301319003105164,-1.9967901706695557,3.0,-1.9663175344467163,-1.3501898050308228,-78.47439728360666,0.16301319003105164,0.0,0.0,0.0,2.0,96.0,1.0,1.0,99.0,99.0,99.0,85.0,84.0,9.0,0.0
12498,0.16301319003105164,0.0,0.0,0.0,2.0,96.0,1.0,1.0,99.0,99.0,99.0,85.0,84.0,9.0,0.0,-1.7868746519088745,-1.872113585472107,3.0,-1.8149495124816895,-0.7825371623039246,-60.39875,0.0,0.0,0.0,0.0,1.0,97.0,2.0,1.0,100.0,100.0,100.0,86.0,85.0,10.0,0.0
12499,0.0,0.0,0.0,0.0,1.0,97.0,2.0,1.0,100.0,100.0,100.0,86.0,85.0,10.0,0.0,-1.8971929550170898,-1.4926034212112427,3.0,-1.8216460943222046,-1.7369540929794312,-60.79875,0.0,0.0,0.0,0.0,1.0,98.0,3.0,1.0,100.0,100.0,100.0,87.0,86.0,11.0,1.0
12500,2.1497647762298584,0.328652560710907,2.748868227005005,1.8057605028152466,1.0,1.0,1.0,1.0,1.0,1.0,1.0,1.0,1.0,1.0,7.0,-1.2616230249404907,-0.5442107915878296,1.0,-1.4164338111877441,-1.7888299226760864,-7.1914077155613425,0.8881417512893677,0.0,1.3324344158172607,0.016930580139160156,2.0,1.0,2.0,2.0,2.0,2.0,2.0,1.0,2.0,2.0,0.0
12501,0.8881417512893677,0.0,1.3324344158172607,0.016930580139160156,2.0,1.0,2.0,2.0,2.0,2.0,2.0,1.0,2.0,2.0,9.0,-1.8184303045272827,-0.40541571378707886,3.0,-1.6096783876419067,-1.8751531839370728,-5.31875,0.0,0.0,0.0,0.0,3.0,2.0,3.0,1.0,3.0,3.0,3.0,2.0,3.0,1.0,0.0
12502,0.0,0.0,0.0,0.0,3.0,2.0,3.0,1.0,3.0,3.0,3.0,2.0,3.0,1.0,0.0,-1.550764799118042,-1.358464002609253,0.0,-1.2044296264648438,-1.9212489128112793,-5.29875,0.0,0.0,0.0,0.0,1.0,3.0,4.0,2.0,4.0,4.0,4.0,3.0,4.0,2.0,0.0
12503,0.0,0.0,0.0,0.0,1.0,3.0,4.0,2.0,4.0,4.0,4.0,3.0,4.0,2.0,8.0,-1.2463973760604858,-1.8466628789901733,0.0,-1.5913686752319336,-1.9535120725631714,-15.45375,0.0,0.0,0.0,0.0,1.0,4.0,5.0,3.0,5.0,5.0,5.0,4.0,1.0,3.0,0.0
12504,0.0,0.0,0.0,0.0,1.0,4.0,5.0,3.0,5.0,5.0,5.0,4.0,1.0,3.0,2.0,-1.8075380325317383,-1.6233088970184326,9.0,-0.6018878817558289,-1.8299510478973389,-18.898749999999996,0.0,0.0,0.0,0.0,2.0,5.0,1.0,4.0,6.0,6.0,6.0,5.0,2.0,1.0,0.0
12505,0.0,0.0,0.0,0.0,2.0,5.0,1.0,4.0,6.0,6.0,6.0,5.0,2.0,1.0,3.0,-0.437259703874588,-1.8596347570419312,4.0,-1.9670840501785278,-1.369008183479309,-11.65875,0.0,0.0,0.0,0.0,3.0,6.0,2.0,1.0,1.0,7.0,7.0,6.0,3.0,2.0,0.0
12506,0.0,0.0,0.0,0.0,3.0,6.0,2.0,1.0,1.0,7.0,7.0,6.0,3.0,2.0,0.0,-1.754812240600586,-0.8500836491584778,0.0,1.2536909580230713,-1.8077812194824219,-6.69875,0.0,0.0,1.2536909580230713,0.0,1.0,7.0,3.0,2.0,2.0,8.0,8.0,7.0,4.0,3.0,0.0
12507,0.0,0.0,1.2536909580230713,0.0,1.0,7.0,3.0,2.0,2.0,8.0,8.0,7.0,4.0,3.0,0.0,-1.3908107280731201,-1.9574686288833618,9.0,-1.6930674314498901,-1.7786495685577393,-7.39875,0.0,0.0,0.0,0.0,1.0,8.0,4.0,3.0,3.0,9.0,9.0,8.0,5.0,1.0,0.0
12508,0.0,0.0,0.0,0.0,1.0,8.0,4.0,3.0,3.0,9.0,9.0,8.0,5.0,1.0,0.0,-1.64687180519104,-1.5047776699066162,0.0,-0.5586546659469604,-1.9743914604187012,-7.998749999999999,0.0,0.0,0.0,0.0,1.0,9.0,5.0,4.0,4.0,10.0,10.0,9.0,6.0,2.0,0.0
12509,0.0,0.0,0.0,0.0,1.0,9.0,5.0,4.0,4.0,10.0,10.0,9.0,6.0,2.0,7.0,-1.9346855878829956,-1.2401610612869263,3.0,0.06747830659151077,0.564351499080658,-13.85875,0.0,0.0,0.06747830659151077,0.564351499080658,2.0,10.0,6.0,1.0,5.0,11.0,11.0,1.0,7.0,3.0,0.0
12510,0.0,0.0,0.06747830659151077,0.564351499080658,2.0,10.0,6.0,1.0,5.0,11.0,11.0,1.0,7.0,3.0,2.0,-1.6988327503204346,-1.4170068502426147,1.0,-0.10714033246040344,-0.6820303201675415,-20.998749999999998,0.0,0.0,0.0,0.0,3.0,1.0,1.0,2.0,6.0,12.0,12.0,2.0,8.0,4.0,0.0
12511,0.0,0.0,0.0,0.0,3.0,1.0,1.0,2.0,6.0,12.0,12.0,2.0,8.0,4.0,3.0,-1.7969515323638916,-1.3031108379364014,3.0,-1.6010750532150269,-1.73020601272583,-12.958749999999998,0.0,0.0,0.0,0.0,4.0,2.0,2.0,1.0,7.0,13.0,13.0,3.0,9.0,5.0,0.0
12512,0.0,0.0,0.0,0.0,4.0,2.0,2.0,1.0,7.0,13.0,13.0,3.0,9.0,5.0,7.0,-1.8674057722091675,-1.5519258975982666,8.0,-1.5598337650299072,-1.750572681427002,-13.75875,0.0,0.0,0.0,0.0,5.0,3.0,3.0,2.0,8.0,14.0,14.0,1.0,1.0,6.0,0.0
12513,0.0,0.0,0.0,0.0,5.0,3.0,3.0,2.0,8.0,14.0,14.0,1.0,1.0,6.0,0.0,-1.601485013961792,-1.4660239219665527,3.0,-0.6727042198181152,-1.6960512399673462,-8.59875,0.0,0.0,0.0,0.0,1.0,4.0,4.0,1.0,9.0,15.0,15.0,2.0,2.0,7.0,0.0
12514,0.0,0.0,0.0,0.0,1.0,4.0,4.0,1.0,9.0,15.0,15.0,2.0,2.0,7.0,2.0,-1.938302755355835,-0.29759401082992554,3.0,-1.4408276081085205,-1.6542537212371826,-21.29875,0.0,0.0,0.0,0.0,2.0,5.0,1.0,1.0,10.0,16.0,16.0,3.0,3.0,8.0,0.0
12515,0.0,0.0,0.0,0.0,2.0,5.0,1.0,1.0,10.0,16.0,16.0,3.0,3.0,8.0,0.0,-1.799120306968689,-0.9994480013847351,9.0,-0.10623306035995483,-1.938065528869629,-9.39875,0.0,0.0,0.0,0.0,1.0,6.0,2.0,2.0,11.0,17.0,17.0,4.0,4.0,1.0,0.0
12516,0.0,0.0,0.0,0.0,1.0,6.0,2.0,2.0,11.0,17.0,17.0,4.0,4.0,1.0,2.0,-1.439766526222229,-1.819262146949768,3.0,-0.941874086856842,-1.8124138116836548,-21.79875,0.0,0.0,0.0,0.0,2.0,7.0,1.0,1.0,12.0,18.0,18.0,5.0,5.0,2.0,0.0
12517,0.0,0.0,0.0,0.0,2.0,7.0,1.0,1.0,12.0,18.0,18.0,5.0,5.0,2.0,0.0,-1.9215885400772095,-1.3470007181167603,3.0,-0.8693196177482605,-1.8528618812561035,-9.99875,0.0,0.0,0.0,0.0,1.0,8.0,2.0,1.0,13.0,19.0,19.0,6.0,6.0,3.0,0.0
12518,0.0,0.0,0.0,0.0,1.0,8.0,2.0,1.0,13.0,19.0,19.0,6.0,6.0,3.0,2.0,-1.909930944442749,-1.8698701858520508,3.0,-0.8318520188331604,-1.8041740655899048,-23.098749999999995,0.0,0.0,0.0,0.0,2.0,9.0,1.0,1.0,14.0,20.0,20.0,7.0,7.0,4.0,0.0
12519,0.0,0.0,0.0,0.0,2.0,9.0,1.0,1.0,14.0,20.0,20.0,7.0,7.0,4.0,0.0,-1.7371866703033447,-1.246820330619812,3.0,-0.6047458648681641,-1.564742088317871,-11.39875,0.0,0.0,0.0,0.0,1.0,10.0,2.0,1.0,15.0,21.0,21.0,8.0,8.0,5.0,0.0
12520,0.0,0.0,0.0,0.0,1.0,10.0,2.0,1.0,15.0,21.0,21.0,8.0,8.0,5.0,0.0,-1.6518583297729492,-1.5096392631530762,10.0,-1.7284443378448486,-0.17987865209579468,-12.098749999999999,0.0,0.0,0.0,0.0,1.0,11.0,3.0,2.0,16.0,22.0,22.0,9.0,9.0,6.0,0.0
12521,0.0,0.0,0.0,0.0,1.0,11.0,3.0,2.0,16.0,22.0,22.0,9.0,9.0,6.0,0.0,-1.1102900505065918,0.21034321188926697,3.0,-0.9142900705337524,-1.8369578123092651,-12.907798267823614,0.0,0.21034321188926697,0.0,0.0,1.0,12.0,4.0,1.0,17.0,23.0,23.0,10.0,10.0,7.0,0.0
12522,0.0,0.21034321188926697,0.0,0.0,1.0,12.0,4.0,1.0,17.0,23.0,23.0,10.0,10.0,7.0,2.0,-0.4101896584033966,-1.8594970703125,3.0,-1.269805669784546,-1.7325173616409302,-26.098749999999995,0.0,0.0,0.0,0.0,2.0,13.0,1.0,1.0,18.0,24.0,24.0,11.0,11.0,8.0,0.0
12523,0.0,0.0,0.0,0.0,2.0,13.0,1.0,1.0,18.0,24.0,24.0,11.0,11.0,8.0,0.0,-1.6607666015625,-1.6408190727233887,9.0,-1.176077961921692,-1.585105299949646,-14.19875,0.0,0.0,0.0,0.0,1.0,14.0,2.0,2.0,19.0,25.0,25.0,12.0,12.0,1.0,0.0
12524,0.0,0.0,0.0,0.0,1.0,14.0,2.0,2.0,19.0,25.0,25.0,12.0,12.0,1.0,7.0,-0.8427308797836304,-1.837799072265625,3.0,-1.8986296653747559,-1.0103960037231445,-19.15875,0.0,0.0,0.0,0.0,2.0,15.0,3.0,1.0,20.0,26.0,26.0,1.0,13.0,2.0,0.0
12525,0.0,0.0,0.0,0.0,2.0,15.0,3.0,1.0,20.0,26.0,26.0,1.0,13.0,2.0,0.0,-1.5804411172866821,-0.558088481426239,3.0,-1.7419606447219849,-0.4734819829463959,-13.79875,0.0,0.0,0.0,0.0,1.0,16.0,4.0,1.0,21.0,27.0,27.0,2.0,14.0,3.0,0.0
12526,0.0,0.0,0.0,0.0,1.0,16.0,4.0,1.0,21.0,27.0,27.0,2.0,14.0,3.0,2.0,-1.3947018384933472,-1.7701514959335327,3.0,-1.4033961296081543,-1.827605962753296,-26.898749999999996,0.0,0.0,0.0,0.0,2.0,17.0,1.0,1.0,22.0,28.0,28.0,3.0,15.0,4.0,0.0
12527,0.0,0.0,0.0,0.0,2.0,17.0,1.0,1.0,22.0,28.0,28.0,3.0,15.0,4.0,0.0,-1.833483338356018,-1.3123366832733154,3.0,-0.5163405537605286,-1.9366730451583862,-14.99875,0.0,0.0,0.0,0.0,1.0,18.0,2.0,1.0,23.0,29.0,29.0,4.0,16.0,5.0,0.0
12528,0.0,0.0,0.0,0.0,1.0,18.0,2.0,1.0,23.0,29.0,29.0,4.0,16.0,5.0,0.0,-1.8133610486984253,-1.063251256942749,3.0,-1.501413345336914,-1.270293951034546,-15.69875,0.0,0.0,0.0,0.0,1.0,19.0,3.0,1.0,24.0,30.0,30.0,5.0,17.0,6.0,0.0
12529,0.0,0.0,0.0,0.0,1.0,19.0,3.0,1.0,24.0,30.0,30.0,5.0,17.0,6.0,8.0,-1.5208090543746948,-1.246177077293396,3.0,-0.5621750950813293,-1.8310723304748535,-25.95375,0.0,0.0,0.0,0.0,2.0,20.0,4.0,1.0,25.0,31.0,31.0,6.0,1.0,7.0,0.0
12530,0.0,0.0,0.0,0.0,2.0,20.0,4.0,1.0,25.0,31.0,31.0,6.0,1.0,7.0,0.0,-1.0822951793670654,-1.7949590682983398,3.0,1.3120352029800415,-1.2192437648773193,-15.69875,0.0,0.0,1.3120352029800415,0.0,1.0,21.0,5.0,1.0,26.0,32.0,32.0,7.0,2.0,8.0,0.0
12531,0.0,0.0,1.3120352029800415,0.0,1.0,21.0,5.0,1.0,26.0,32.0,32.0,7.0,2.0,8.0,0.0,-1.1504955291748047,-1.7365003824234009,9.0,-1.7774399518966675,-1.2579097747802734,-16.39875,0.0,0.0,0.0,0.0,1.0,22.0,6.0,2.0,27.0,33.0,33.0,8.0,3.0,1.0,0.0
12532,0.0,0.0,0.0,0.0,1.0,22.0,6.0,2.0,27.0,33.0,33.0,8.0,3.0,1.0,0.0,-1.9506809711456299,-1.5912500619888306,3.0,0.019670387730002403,-1.8346340656280518,-16.49875,0.0,0.0,0.019670387730002403,0.0,1.0,23.0,7.0,1.0,28.0,34.0,34.0,9.0,4.0,2.0,0.0
12533,0.0,0.0,0.019670387730002403,0.0,1.0,23.0,7.0,1.0,28.0,34.0,34.0,9.0,4.0,2.0,0.0,-1.7947994470596313,-1.458845853805542,9.0,-0.7765300869941711,-1.69886314868927,-17.19875,0.0,0.0,0.0,0.0,1.0,24.0,8.0,2.0,29.0,35.0,35.0,10.0,5.0,1.0,0.0
12534,0.0,0.0,0.0,0.0,1.0,24.0,8.0,2.0,29.0,35.0,35.0,10.0,5.0,1.0,0.0,-1.4215633869171143,-1.6229312419891357,9.0,1.8186720609664917,-0.20261186361312866,-17.89875,0.0,0.0,1.8186720609664917,0.0,1.0,25.0,9.0,3.0,30.0,36.0,36.0,11.0,6.0,1.0,0.0
12535,0.0,0.0,1.8186720609664917,0.0,1.0,25.0,9.0,3.0,30.0,36.0,36.0,11.0,6.0,1.0,0.0,-1.8849825859069824,-1.310612678527832,9.0,0.07791626453399658,-0.9623783826828003,-18.69875,0.0,0.0,1.8965883255004883,0.0,1.0,26.0,10.0,4.0,31.0,37.0,37.0,12.0,7.0,1.0,0.0
12536,0.0,0.0,1.8965883255004883,0.0,1.0,26.0,10.0,4.0,31.0,37.0,37.0,12.0,7.0,1.0,0.0,-1.8300983905792236,-1.3031059503555298,3.0,-1.535559892654419,-1.8138434886932373,-19.49875,0.0,0.0,0.36102843284606934,0.0,1.0,27.0,11.0,1.0,32.0,38.0,38.0,13.0,8.0,2.0,0.0
12537,0.0,0.0,0.36102843284606934,0.0,1.0,27.0,11.0,1.0,32.0,38.0,38.0,13.0,8.0,2.0,0.0,-0.4896205961704254,-1.5182156562805176,3.0,0.6015346646308899,-1.5909889936447144,-19.99875,0.0,0.0,0.9625630974769592,0.0,1.0,28.0,12.0,1.0,33.0,39.0,39.0,14.0,9.0,3.0,0.0
12538,0.0,0.0,0.9625630974769592,0.0,1.0,28.0,12.0,1.0,33.0,39.0,39.0,14.0,9.0,3.0,0.0,-1.862035870552063,-1.6112480163574219,3.0,-1.9431828260421753,-1.8948243856430054,-20.79875,0.0,0.0,0.0,0.0,1.0,29.0,13.0,1.0,34.0,40.0,40.0,15.0,10.0,4.0,0.0
12539,0.0,0.0,0.0,0.0,1.0,29.0,13.0,1.0,34.0,40.0,40.0,15.0,10.0,4.0,0.0,-1.5272464752197266,-0.3803182542324066,3.0,-0.8596547842025757,-1.7816171646118164,-21.59875,0.0,0.0,0.0,0.0,1.0,30.0,14.0,1.0,35.0,41.0,41.0,16.0,11.0,5.0,0.0
12540,0.0,0.0,0.0,0.0,1.0,30.0,14.0,1.0,35.0,41.0,41.0,16.0,11.0,5.0,0.0,-1.9666355848312378,-1.6951619386672974,3.0,1.7613530158996582,-0.6280310750007629,-22.39875,0.0,0.0,1.7613530158996582,0.0,1.0,31.0,15.0,1.0,36.0,42.0,42.0,17.0,12.0,6.0,0.0
12541,0.0,0.0,1.7613530158996582,0.0,1.0,31.0,15.0,1.0,36.0,42.0,42.0,17.0,12.0,6.0,0.0,-1.8304082155227661,-1.663956642150879,3.0,0.7097764611244202,-1.5782885551452637,-23.19875,0.0,0.0,2.4711294770240784,0.0,1.0,32.0,16.0,1.0,37.0,43.0,43.0,18.0,13.0,7.0,0.0
12542,0.0,0.0,2.4711294770240784,0.0,1.0,32.0,16.0,1.0,37.0,43.0,43.0,18.0,13.0,7.0,0.0,-1.1378427743911743,-1.7837474346160889,3.0,-0.949769139289856,-1.4950460195541382,-23.99875,0.0,0.0,1.5213603377342224,0.0,1.0,33.0,17.0,1.0,38.0,44.0,44.0,19.0,14.0,8.0,0.0
12543,0.0,0.0,1.5213603377342224,0.0,1.0,33.0,17.0,1.0,38.0,44.0,44.0,19.0,14.0,8.0,0.0,-1.5307735204696655,-1.5706548690795898,9.0,-1.7172374725341797,-1.552311897277832,-24.79875,0.0,0.0,0.0,0.0,1.0,34.0,18.0,2.0,39.0,45.0,45.0,20.0,15.0,1.0,0.0
12544,0.0,0.0,0.0,0.0,1.0,34.0,18.0,2.0,39.0,45.0,45.0,20.0,15.0,1.0,0.0,-1.6788853406906128,0.13409659266471863,3.0,1.6146636009216309,-1.2827008962631226,-24.839182278316372,0.0,0.13409659266471863,1.6146636009216309,0.0,1.0,35.0,19.0,1.0,40.0,46.0,46.0,21.0,16.0,2.0,0.0
12545,0.0,0.13409659266471863,1.6146636009216309,0.0,1.0,35.0,19.0,1.0,40.0,46.0,46.0,21.0,16.0,2.0,0.0,-1.6054677963256836,-1.8968349695205688,9.0,-1.7421880960464478,-1.990654706954956,-25.59875,0.0,0.0,0.0,0.0,1.0,36.0,20.0,2.0,41.0,47.0,47.0,22.0,17.0,1.0,0.0
12546,0.0,0.0,0.0,0.0,1.0,36.0,20.0,2.0,41.0,47.0,47.0,22.0,17.0,1.0,0.0,-1.5521488189697266,-1.734845757484436,3.0,-1.5439296960830688,-1.0443155765533447,-26.29875,0.0,0.0,0.0,0.0,1.0,37.0,21.0,1.0,42.0,48.0,48.0,23.0,18.0,2.0,0.0
12547,0.0,0.0,0.0,0.0,1.0,37.0,21.0,1.0,42.0,48.0,48.0,23.0,18.0,2.0,0.0,-1.9200589656829834,-0.2232309728860855,9.0,-0.3329973816871643,-0.9267556667327881,-26.99875,0.0,0.0,0.0,0.0,1.0,38.0,22.0,2.0,43.0,49.0,49.0,24.0,19.0,1.0,0.0
12548,0.0,0.0,0.0,0.0,1.0,38.0,22.0,2.0,43.0,49.0,49.0,24.0,19.0,1.0,0.0,-1.783803105354309,-1.0392239093780518,3.0,0.151752769947052,-1.7681819200515747,-27.69875,0.0,0.0,0.151752769947052,0.0,1.0,39.0,23.0,1.0,44.0,50.0,50.0,25.0,20.0,2.0,0.0
12549,0.0,0.0,0.151752769947052,0.0,1.0,39.0,23.0,1.0,44.0,50.0,50.0,25.0,20.0,2.0,0.0,-1.6950757503509521,-1.7343807220458984,3.0,-1.7842718362808228,-1.9252345561981201,-28.39875,0.0,0.0,0.0,0.0,1.0,40.0,24.0,1.0,45.0,51.0,51.0,26.0,21.0,3.0,0.0
12550,0.0,0.0,0.0,0.0,1.0,40.0,24.0,1.0,45.0,51.0,51.0,26.0,21.0,3.0,0.0,-1.3498544692993164,1.2884846925735474,3.0,-1.9292194843292236,-1.5308704376220703,-28.856934502417737,0.0,1.2884846925735474,0.0,0.0,1.0,41.0,25.0,1.0,46.0,52.0,52.0,27.0,22.0,4.0,0.0
12551,0.0,1.2884846925735474,0.0,0.0,1.0,41.0,25.0,1.0,46.0,52.0,52.0,27.0,22.0,4.0,0.0,-1.7350881099700928,-1.8498860597610474,3.0,-0.7464230060577393,-1.4125930070877075,-29.99875,0.0,0.0,0.0,0.0,1.0,42.0,26.0,1.0,47.0,53.0,53.0,28.0,23.0,5.0,0.0
12552,0.0,0.0,0.0,0.0,1.0,42.0,26.0,1.0,47.0,53.0,53.0,28.0,23.0,5.0,0.0,-1.2048641443252563,-1.6633371114730835,3.0,0.2069721221923828,-1.2731300592422485,-30.79875,0.0,0.0,0.2069721221923828,0.0,1.0,43.0,27.0,1.0,48.0,54.0,54.0,29.0,24.0,6.0,0.0
12553,0.0,0.0,0.2069721221923828,0.0,1.0,43.0,27.0,1.0,48.0,54.0,54.0,29.0,24.0,6.0,0.0,-0.8396320939064026,-0.666716456413269,3.0,-0.7487812042236328,-1.9585069417953491,-31.59875,0.0,0.0,0.0,0.0,1.0,44.0,28.0,1.0,49.0,55.0,55.0,30.0,25.0,7.0,0.0
12554,0.0,0.0,0.0,0.0,1.0,44.0,28.0,1.0,49.0,55.0,55.0,30.0,25.0,7.0,0.0,-1.9119569063186646,-1.4670603275299072,9.0,-1.8443586826324463,-1.6313471794128418,-32.39875,0.0,0.0,0.0,0.0,1.0,45.0,29.0,2.0,50.0,56.0,56.0,31.0,26.0,1.0,0.0
12555,0.0,0.0,0.0,0.0,1.0,45.0,29.0,2.0,50.0,56.0,56.0,31.0,26.0,1.0,0.0,-1.767683982849121,-1.9170979261398315,3.0,-1.8142096996307373,-1.4381000995635986,-32.59875,0.0,0.0,0.0,0.0,1.0,46.0,30.0,1.0,51.0,57.0,57.0,32.0,27.0,2.0,0.0
12556,0.0,0.0,0.0,0.0,1.0,46.0,30.0,1.0,51.0,57.0,57.0,32.0,27.0,2.0,0.0,0.23844261467456818,0.4688672423362732,3.0,-0.974859356880188,0.07653050124645233,-32.90186226323776,0.23844261467456818,0.4688672423362732,0.0,0.07653050124645233,1.0,47.0,31.0,1.0,52.0,58.0,58.0,33.0,28.0,3.0,0.0
12557,0.23844261467456818,0.4688672423362732,0.0,0.07653050124645233,1.0,47.0,31.0,1.0,52.0,58.0,58.0,33.0,28.0,3.0,0.0,-1.8979852199554443,-1.925675868988037,3.0,-1.472013235092163,-1.8583837747573853,-34.09875,0.0,0.0,0.0,0.0,1.0,48.0,32.0,1.0,53.0,59.0,59.0,34.0,29.0,4.0,0.0
12558,0.0,0.0,0.0,0.0,1.0,48.0,32.0,1.0,53.0,59.0,59.0,34.0,29.0,4.0,0.0,-1.8985515832901,-1.4945391416549683,3.0,-1.647712230682373,-1.8112379312515259,-34.89875,0.0,0.0,0.0,0.0,1.0,49.0,33.0,1.0,54.0,60.0,60.0,35.0,30.0,5.0,0.0
12559,0.0,0.0,0.0,0.0,1.0,49.0,33.0,1.0,54.0,60.0,60.0,35.0,30.0,5.0,0.0,-1.8738129138946533,-1.8700000047683716,3.0,-1.6729404926300049,-1.8635241985321045,-35.69875,0.0,0.0,0.0,0.0,1.0,50.0,34.0,1.0,55.0,61.0,61.0,36.0,31.0,6.0,0.0
12560,0.0,0.0,0.0,0.0,1.0,50.0,34.0,1.0,55.0,61.0,61.0,36.0,31.0,6.0,0.0,-1.9855469465255737,-1.7671946287155151,9.0,-0.008541770279407501,-1.9172265529632568,-36.49875,0.0,0.0,0.0,0.0,1.0,51.0,35.0,2.0,56.0,62.0,62.0,37.0,32.0,1.0,0.0
12561,0.0,0.0,0.0,0.0,1.0,51.0,35.0,2.0,56.0,62.0,62.0,37.0,32.0,1.0,0.0,-1.665025234222412,-0.8041512370109558,3.0,-1.8095518350601196,-1.8698176145553589,-36.79875,0.0,0.0,0.0,0.0,1.0,52.0,36.0,1.0,57.0,63.0,63.0,38.0,33.0,2.0,0.0
12562,0.0,0.0,0.0,0.0,1.0,52.0,36.0,1.0,57.0,63.0,63.0,38.0,33.0,2.0,0.0,-1.966396450996399,-1.948240876197815,3.0,-1.862972378730774,-0.5538502335548401,-37.49875,0.0,0.0,0.0,0.0,1.0,53.0,37.0,1.0,58.0,64.0,64.0,39.0,34.0,3.0,0.0
12563,0.0,0.0,0.0,0.0,1.0,53.0,37.0,1.0,58.0,64.0,64.0,39.0,34.0,3.0,0.0,-1.9486924409866333,-1.9547789096832275,3.0,-1.5836467742919922,-1.75819993019104,-38.29875,0.0,0.0,0.0,0.0,1.0,54.0,38.0,1.0,59.0,65.0,65.0,40.0,35.0,4.0,0.0
12564,0.0,0.0,0.0,0.0,1.0,54.0,38.0,1.0,59.0,65.0,65.0,40.0,35.0,4.0,0.0,-1.1798845529556274,-1.453945279121399,3.0,-0.37160933017730713,-0.7123674750328064,-39.09875,0.0,0.0,0.0,0.0,1.0,55.0,39.0,1.0,60.0,66.0,66.0,41.0,36.0,5.0,0.0
12565,0.0,0.0,0.0,0.0,1.0,55.0,39.0,1.0,60.0,66.0,66.0,41.0,36.0,5.0,0.0,-0.9579558968544006,-1.4063596725463867,3.0,-1.6606180667877197,-1.98308527469635,-39.89875,0.0,0.0,0.0,0.0,1.0,56.0,40.0,1.0,61.0,67.0,67.0,42.0,37.0,6.0,0.0
12566,0.0,0.0,0.0,0.0,1.0,56.0,40.0,1.0,61.0,67.0,67.0,42.0,37.0,6.0,0.0,-1.980262041091919,-1.9141952991485596,3.0,-1.961368441581726,-1.9098715782165527,-40.69875,0.0,0.0,0.0,0.0,1.0,57.0,41.0,1.0,62.0,68.0,68.0,43.0,38.0,7.0,0.0
12567,0.0,0.0,0.0,0.0,1.0,57.0,41.0,1.0,62.0,68.0,68.0,43.0,38.0,7.0,0.0,-0.3427107036113739,-0.9758023023605347,9.0,-1.9481351375579834,-1.7887871265411377,-41.49875,0.0,0.0,0.0,0.0,1.0,58.0,42.0,2.0,63.0,69.0,69.0,44.0,39.0,1.0,0.0
12568,0.0,0.0,0.0,0.0,1.0,58.0,42.0,2.0,63.0,69.0,69.0,44.0,39.0,1.0,0.0,-1.9390119314193726,-1.8165829181671143,9.0,-1.3588975667953491,-1.4335083961486816,-41.69875,0.0,0.0,0.0,0.0,1.0,59.0,43.0,3.0,64.0,70.0,70.0,45.0,40.0,1.0,0.0
12569,0.0,0.0,0.0,0.0,1.0,59.0,43.0,3.0,64.0,70.0,70.0,45.0,40.0,1.0,0.0,-1.2238988876342773,-1.4974243640899658,3.0,-0.5931536555290222,-1.9318411350250244,-42.49875,0.0,0.0,0.0,0.0,1.0,60.0,44.0,1.0,65.0,71.0,71.0,46.0,41.0,2.0,0.0
12570,0.0,0.0,0.0,0.0,1.0,60.0,44.0,1.0,65.0,71.0,71.0,46.0,41.0,2.0,0.0,-0.8846718072891235,-1.7623822689056396,3.0,-0.7563878297805786,-1.866049885749817,-43.09875,0.0,0.0,0.0,0.0,1.0,61.0,45.0,1.0,66.0,72.0,72.0,47.0,42.0,3.0,0.0
12571,0.0,0.0,0.0,0.0,1.0,61.0,45.0,1.0,66.0,72.0,72.0,47.0,42.0,3.0,0.0,-1.4809153079986572,-1.8705629110336304,3.0,-1.0162551403045654,-1.6194674968719482,-43.89875,0.0,0.0,0.0,0.0,1.0,62.0,46.0,1.0,67.0,73.0,73.0,48.0,43.0,4.0,0.0
12572,0.0,0.0,0.0,0.0,1.0,62.0,46.0,1.0,67.0,73.0,73.0,48.0,43.0,4.0,0.0,1.6652789115905762,-1.729192852973938,9.0,-1.4309207201004028,-1.5879297256469727,-43.57987945949595,1.6652789115905762,0.0,0.0,0.0,1.0,63.0,47.0,2.0,68.0,74.0,74.0,49.0,44.0,1.0,0.0
12573,1.6652789115905762,0.0,0.0,0.0,1.0,63.0,47.0,2.0,68.0,74.0,74.0,49.0,44.0,1.0,2.0,-1.7815841436386108,-1.965403437614441,3.0,-0.09281186759471893,-1.6237274408340454,-57.598749999999995,0.0,0.0,0.0,0.0,2.0,64.0,1.0,1.0,69.0,75.0,75.0,50.0,45.0,2.0,0.0
12574,0.0,0.0,0.0,0.0,2.0,64.0,1.0,1.0,69.0,75.0,75.0,50.0,45.0,2.0,0.0,-0.2641938328742981,-0.6789413094520569,3.0,-0.8748543858528137,-1.7015360593795776,-41.29875,0.0,0.0,0.0,0.0,1.0,65.0,2.0,1.0,70.0,76.0,76.0,51.0,46.0,3.0,0.0
12575,0.0,0.0,0.0,0.0,1.0,65.0,2.0,1.0,70.0,76.0,76.0,51.0,46.0,3.0,0.0,0.11987723410129547,-0.9897647500038147,3.0,0.17582517862319946,-1.1645311117172241,-41.88949160773044,0.11987723410129547,0.0,0.17582517862319946,0.0,1.0,66.0,3.0,1.0,71.0,77.0,77.0,52.0,47.0,4.0,0.0
12576,0.11987723410129547,0.0,0.17582517862319946,0.0,1.0,66.0,3.0,1.0,71.0,77.0,77.0,52.0,47.0,4.0,0.0,-0.504442036151886,-1.5531030893325806,3.0,-1.6896127462387085,-1.902339220046997,-42.79875,0.0,0.0,0.0,0.0,1.0,67.0,4.0,1.0,72.0,78.0,78.0,53.0,48.0,5.0,0.0
12577,0.0,0.0,0.0,0.0,1.0,67.0,4.0,1.0,72.0,78.0,78.0,53.0,48.0,5.0,0.0,-1.6479207277297974,-1.539560079574585,3.0,-0.38564765453338623,-1.8953254222869873,-43.59875,0.0,0.0,0.0,0.0,1.0,68.0,5.0,1.0,73.0,79.0,79.0,54.0,49.0,6.0,0.0
12578,0.0,0.0,0.0,0.0,1.0,68.0,5.0,1.0,73.0,79.0,79.0,54.0,49.0,6.0,0.0,-1.2618275880813599,-1.8954997062683105,3.0,-0.8861308693885803,-1.7197345495224,-44.39875,0.0,0.0,0.0,0.0,1.0,69.0,6.0,1.0,74.0,80.0,80.0,55.0,50.0,7.0,0.0
12579,0.0,0.0,0.0,0.0,1.0,69.0,6.0,1.0,74.0,80.0,80.0,55.0,50.0,7.0,0.0,-0.8421639800071716,-1.9468899965286255,3.0,-1.9743455648422241,-0.6227592825889587,-45.19875,0.0,0.0,0.0,0.0,1.0,70.0,7.0,1.0,75.0,81.0,81.0,56.0,51.0,8.0,0.0
12580,0.0,0.0,0.0,0.0,1.0,70.0,7.0,1.0,75.0,81.0,81.0,56.0,51.0,8.0,0.0,-1.7709167003631592,-1.4778757095336914,3.0,-1.9543038606643677,-1.627951741218567,-45.99875,0.0,0.0,0.0,0.0,1.0,71.0,8.0,1.0,76.0,82.0,82.0,57.0,52.0,9.0,0.0
12581,0.0,0.0,0.0,0.0,1.0,71.0,8.0,1.0,76.0,82.0,82.0,57.0,52.0,9.0,0.0,-1.1037098169326782,-1.7355531454086304,3.0,-1.9590203762054443,-0.9992307424545288,-46.79875,0.0,0.0,0.0,0.0,1.0,72.0,9.0,1.0,77.0,83.0,83.0,58.0,53.0,10.0,0.0
12582,0.0,0.0,0.0,0.0,1.0,72.0,9.0,1.0,77.0,83.0,83.0,58.0,53.0,10.0,0.0,-1.1161454916000366,-1.110107421875,3.0,-1.7284165620803833,-0.776528537273407,-47.59875,0.0,0.0,0.0,0.0,1.0,73.0,10.0,1.0,78.0,84.0,84.0,59.0,54.0,11.0,0.0
12583,0.0,0.0,0.0,0.0,1.0,73.0,10.0,1.0,78.0,84.0,84.0,59.0,54.0,11.0,0.0,-0.7734068632125854,-1.949702262878418,3.0,-1.0552257299423218,-1.7006752490997314,-48.39875,0.0,0.0,0.0,0.0,1.0,74.0,11.0,1.0,79.0,85.0,85.0,60.0,55.0,12.0,0.0
12584,0.0,0.0,0.0,0.0,1.0,74.0,11.0,1.0,79.0,85.0,85.0,60.0,55.0,12.0,0.0,-1.512803077697754,-1.8051748275756836,3.0,-1.2357802391052246,-1.5206356048583984,-49.19875,0.0,0.0,0.0,0.0,1.0,75.0,12.0,1.0,80.0,86.0,86.0,61.0,56.0,13.0,0.0
12585,0.0,0.0,0.0,0.0,1.0,75.0,12.0,1.0,80.0,86.0,86.0,61.0,56.0,13.0,0.0,-1.5993831157684326,-0.7839414477348328,3.0,-1.8408493995666504,0.08731979876756668,-49.99875,0.0,0.0,0.0,0.08731979876756668,1.0,76.0,13.0,1.0,81.0,87.0,87.0,62.0,57.0,14.0,0.0
12586,0.0,0.0,0.0,0.08731979876756668,1.0,76.0,13.0,1.0,81.0,87.0,87.0,62.0,57.0,14.0,0.0,-1.3576611280441284,-1.9353581666946411,3.0,-1.542022943496704,-0.639601469039917,-50.79875,0.0,0.0,0.0,0.0,1.0,77.0,14.0,1.0,82.0,88.0,88.0,63.0,58.0,15.0,0.0
12587,0.0,0.0,0.0,0.0,1.0,77.0,14.0,1.0,82.0,88.0,88.0,63.0,58.0,15.0,0.0,-1.5161861181259155,-1.8864190578460693,3.0,-1.4801794290542603,0.879020631313324,-51.59875,0.0,0.0,0.0,0.879020631313324,1.0,78.0,15.0,1.0,83.0,89.0,89.0,64.0,59.0,16.0,0.0
12588,0.0,0.0,0.0,0.879020631313324,1.0,78.0,15.0,1.0,83.0,89.0,89.0,64.0,59.0,16.0,0.0,-1.9488868713378906,-1.9382935762405396,3.0,-1.6551264524459839,-1.9049170017242432,-52.39875,0.0,0.0,0.0,0.0,1.0,79.0,16.0,1.0,84.0,90.0,90.0,65.0,60.0,17.0,0.0
12589,0.0,0.0,0.0,0.0,1.0,79.0,16.0,1.0,84.0,90.0,90.0,65.0,60.0,17.0,0.0,-1.928703784942627,-1.7515661716461182,3.0,-1.4246563911437988,0.4965829849243164,-53.19875,0.0,0.0,0.0,0.4965829849243164,1.0,80.0,17.0,1.0,85.0,91.0,91.0,66.0,61.0,18.0,0.0
12590,0.0,0.0,0.0,0.4965829849243164,1.0,80.0,17.0,1.0,85.0,91.0,91.0,66.0,61.0,18.0,0.0,-1.944213628768921,-1.9639041423797607,3.0,-1.5546929836273193,-0.091154083609581,-53.99875,0.0,0.0,0.0,0.4054289013147354,1.0,81.0,18.0,1.0,86.0,92.0,92.0,67.0,62.0,19.0,0.0
12591,0.0,0.0,0.0,0.4054289013147354,1.0,81.0,18.0,1.0,86.0,92.0,92.0,67.0,62.0,19.0,0.0,-1.950271725654602,-1.9505857229232788,3.0,-1.8224713802337646,-1.8060674667358398,-54.79875,0.0,0.0,0.0,0.0,1.0,82.0,19.0,1.0,87.0,93.0,93.0,68.0,63.0,20.0,0.0
12592,0.0,0.0,0.0,0.0,1.0,82.0,19.0,1.0,87.0,93.0,93.0,68.0,63.0,20.0,0.0,-1.8831990957260132,-1.9430508613586426,3.0,-1.850135087966919,-1.4889237880706787,-55.59875,0.0,0.0,0.0,0.0,1.0,83.0,20.0,1.0,88.0,94.0,94.0,69.0,64.0,21.0,0.0
12593,0.0,0.0,0.0,0.0,1.0,83.0,20.0,1.0,88.0,94.0,94.0,69.0,64.0,21.0,0.0,-1.9349669218063354,-1.8619920015335083,3.0,-1.9447234869003296,-1.6505094766616821,-56.39875,0.0,0.0,0.0,0.0,1.0,84.0,21.0,1.0,89.0,95.0,95.0,70.0,65.0,22.0,0.0
12594,0.0,0.0,0.0,0.0,1.0,84.0,21.0,1.0,89.0,95.0,95.0,70.0,65.0,22.0,0.0,-1.5439610481262207,-1.9341217279434204,3.0,-1.7867733240127563,0.9568776488304138,-57.19875,0.0,0.0,0.0,0.9568776488304138,1.0,85.0,22.0,1.0,90.0,96.0,96.0,71.0,66.0,23.0,0.0
12595,0.0,0.0,0.0,0.9568776488304138,1.0,85.0,22.0,1.0,90.0,96.0,96.0,71.0,66.0,23.0,0.0,-1.8739099502563477,-1.7171274423599243,3.0,-1.9235390424728394,-0.7295891046524048,-57.99875,0.0,0.0,0.0,0.22728854417800903,1.0,86.0,23.0,1.0,91.0,97.0,97.0,72.0,67.0,24.0,0.0
12596,0.0,0.0,0.0,0.22728854417800903,1.0,86.0,23.0,1.0,91.0,97.0,97.0,72.0,67.0,24.0,0.0,-1.9146548509597778,-1.85546875,3.0,-1.9684112071990967,-1.8204236030578613,-58.79875,0.0,0.0,0.0,0.0,1.0,87.0,24.0,1.0,92.0,98.0,98.0,73.0,68.0,25.0,0.0
12597,0.0,0.0,0.0,0.0,1.0,87.0,24.0,1.0,92.0,98.0,98.0,73.0,68.0,25.0,0.0,-1.9292988777160645,-1.9151554107666016,3.0,-1.8609881401062012,-1.7862647771835327,-59.59875,0.0,0.0,0.0,0.0,1.0,88.0,25.0,1.0,93.0,99.0,99.0,74.0,69.0,26.0,0.0
12598,0.0,0.0,0.0,0.0,1.0,88.0,25.0,1.0,93.0,99.0,99.0,74.0,69.0,26.0,0.0,-1.7159088850021362,-1.638444423675537,3.0,-1.9490296840667725,-0.4178467392921448,-60.39875,0.0,0.0,0.0,0.0,1.0,89.0,26.0,1.0,94.0,100.0,100.0,75.0,70.0,27.0,0.0
12599,0.0,0.0,0.0,0.0,1.0,89.0,26.0,1.0,94.0,100.0,100.0,75.0,70.0,27.0,0.0,-1.442557692527771,-1.749301552772522,3.0,-1.7569818496704102,-1.4659652709960938,-60.99875,0.0,0.0,0.0,0.0,1.0,90.0,27.0,1.0,95.0,100.0,100.0,76.0,71.0,28.0,1.0
12600,8.755303382873535,0.8123656511306763,1.8389559984207153,7.04030704498291,1.0,1.0,1.0,1.0,1.0,1.0,1.0,1.0,1.0,1.0,8.0,-1.7042492628097534,-1.0498608350753784,3.0,-1.9116262197494507,-1.884891152381897,-12.31663434275152,7.051054120063782,0.0,0.0,5.155415892601013,2.0,2.0,2.0,1.0,2.0,2.0,2.0,2.0,1.0,2.0,0.0
12601,7.051054120063782,0.0,0.0,5.155415892601013,2.0,2.0,2.0,1.0,2.0,2.0,2.0,2.0,1.0,2.0,7.0,-1.9000582695007324,-1.4538849592208862,3.0,-0.8764204382896423,-1.9459491968154907,-3.392070890255707,5.150995850563049,0.0,0.0,3.2094666957855225,3.0,3.0,3.0,1.0,3.0,3.0,3.0,1.0,2.0,3.0,0.0
12602,5.150995850563049,0.0,0.0,3.2094666957855225,3.0,3.0,3.0,1.0,3.0,3.0,3.0,1.0,2.0,3.0,7.0,-1.8601583242416382,-1.3348338603973389,3.0,-1.9034969806671143,-1.3996400833129883,-5.406302186282366,3.290837526321411,0.0,0.0,1.8098266124725342,4.0,4.0,4.0,1.0,4.0,4.0,4.0,1.0,3.0,4.0,0.0
12603,3.290837526321411,0.0,0.0,1.8098266124725342,4.0,4.0,4.0,1.0,4.0,4.0,4.0,1.0,3.0,4.0,1.0,-1.9682458639144897,-1.8433467149734497,0.0,-1.8650484085083008,-1.6553698778152466,-10.419859641924567,1.3225916624069214,0.0,0.0,0.1544567346572876,1.0,1.0,5.0,2.0,5.0,5.0,5.0,2.0,4.0,5.0,0.0
12604,1.3225916624069214,0.0,0.0,0.1544567346572876,1.0,1.0,5.0,2.0,5.0,5.0,5.0,2.0,4.0,5.0,8.0,-1.7796204090118408,-1.793264389038086,3.0,-0.05158853530883789,-1.7709373235702515,-15.85375,0.0,0.0,0.0,0.0,2.0,2.0,6.0,1.0,6.0,6.0,6.0,3.0,1.0,6.0,0.0
12605,0.0,0.0,0.0,0.0,2.0,2.0,6.0,1.0,6.0,6.0,6.0,3.0,1.0,6.0,2.0,-1.2219970226287842,0.04898795858025551,9.0,0.36141812801361084,-1.9498776197433472,-19.092818101994155,0.0,0.04898795858025551,0.36141812801361084,0.0,3.0,3.0,1.0,2.0,7.0,7.0,7.0,4.0,2.0,1.0,0.0
12606,0.0,0.04898795858025551,0.36141812801361084,0.0,3.0,3.0,1.0,2.0,7.0,7.0,7.0,4.0,2.0,1.0,8.0,-1.4801664352416992,-0.7624711990356445,0.0,-1.7902319431304932,-1.9758588075637817,-16.05375,0.0,0.0,0.0,0.0,1.0,4.0,2.0,3.0,8.0,8.0,8.0,5.0,1.0,2.0,0.0
12607,0.0,0.0,0.0,0.0,1.0,4.0,2.0,3.0,8.0,8.0,8.0,5.0,1.0,2.0,0.0,-0.1406964361667633,-1.4644291400909424,10.0,-1.9542523622512817,-1.8697364330291748,-7.098750000000001,0.0,0.0,0.0,0.0,1.0,5.0,3.0,4.0,9.0,9.0,9.0,6.0,2.0,3.0,0.0
12608,0.0,0.0,0.0,0.0,1.0,5.0,3.0,4.0,9.0,9.0,9.0,6.0,2.0,3.0,0.0,-1.736506462097168,-1.2815680503845215,3.0,-1.3993417024612427,-1.940730333328247,-7.998749999999999,0.0,0.0,0.0,0.0,1.0,6.0,4.0,1.0,10.0,10.0,10.0,7.0,3.0,4.0,0.0
12609,0.0,0.0,0.0,0.0,1.0,6.0,4.0,1.0,10.0,10.0,10.0,7.0,3.0,4.0,10.0,-0.8432537913322449,-1.4682981967926025,9.0,-1.8962987661361694,-1.8813254833221436,-6.6,0.0,0.0,0.0,0.0,2.0,7.0,5.0,2.0,11.0,11.0,11.0,8.0,4.0,1.0,0.0
12610,0.0,0.0,0.0,0.0,2.0,7.0,5.0,2.0,11.0,11.0,11.0,8.0,4.0,1.0,10.0,-1.6241228580474854,-1.9622279405593872,3.0,0.7042161822319031,-1.5454176664352417,-7.2,0.0,0.0,0.7042161822319031,0.0,3.0,8.0,6.0,1.0,12.0,12.0,12.0,9.0,5.0,2.0,0.0
12611,0.0,0.0,0.7042161822319031,0.0,3.0,8.0,6.0,1.0,12.0,12.0,12.0,9.0,5.0,2.0,2.0,-1.8051153421401978,-1.7675728797912598,9.0,-1.2186223268508911,-1.2923606634140015,-22.29875,0.0,0.0,0.0,0.0,4.0,9.0,1.0,2.0,13.0,13.0,13.0,10.0,6.0,1.0,0.0
12612,0.0,0.0,0.0,0.0,4.0,9.0,1.0,2.0,13.0,13.0,13.0,10.0,6.0,1.0,0.0,-1.8002756834030151,-0.1694653183221817,10.0,0.5712125897407532,-0.4816315472126007,-10.098749999999999,0.0,0.0,0.5712125897407532,0.0,1.0,10.0,2.0,3.0,14.0,14.0,14.0,11.0,7.0,2.0,0.0
12613,0.0,0.0,0.5712125897407532,0.0,1.0,10.0,2.0,3.0,14.0,14.0,14.0,11.0,7.0,2.0,2.0,0.4990338385105133,-1.2572623491287231,3.0,-1.3308132886886597,-1.8984674215316772,-22.131797205057993,0.4990338385105133,0.0,0.0,0.0,2.0,11.0,1.0,1.0,15.0,15.0,15.0,12.0,8.0,3.0,0.0
12614,0.4990338385105133,0.0,0.0,0.0,2.0,11.0,1.0,1.0,15.0,15.0,15.0,12.0,8.0,3.0,7.0,-1.7031365633010864,-1.3389086723327637,10.0,0.9171279668807983,-1.7942317724227905,-16.15875,0.0,0.0,0.9171279668807983,0.0,3.0,12.0,2.0,2.0,16.0,16.0,16.0,1.0,9.0,4.0,0.0
12615,0.0,0.0,0.9171279668807983,0.0,3.0,12.0,2.0,2.0,16.0,16.0,16.0,1.0,9.0,4.0,2.0,-1.6083881855010986,-1.246503233909607,9.0,-1.5527294874191284,-1.6970573663711548,-23.398749999999996,0.0,0.0,0.0,0.0,4.0,13.0,1.0,3.0,17.0,17.0,17.0,2.0,10.0,1.0,0.0
12616,0.0,0.0,0.0,0.0,4.0,13.0,1.0,3.0,17.0,17.0,17.0,2.0,10.0,1.0,0.0,-1.8938995599746704,-1.9516900777816772,3.0,-1.183394432067871,-1.8306299448013306,-11.39875,0.0,0.0,0.0,0.0,1.0,14.0,2.0,1.0,18.0,18.0,18.0,3.0,11.0,2.0,0.0
12617,0.0,0.0,0.0,0.0,1.0,14.0,2.0,1.0,18.0,18.0,18.0,3.0,11.0,2.0,0.0,-1.2588293552398682,-1.731336236000061,3.0,-0.16272804141044617,-1.93993079662323,-11.69875,0.0,0.0,0.0,0.0,1.0,15.0,3.0,1.0,19.0,19.0,19.0,4.0,12.0,3.0,0.0
12618,0.0,0.0,0.0,0.0,1.0,15.0,3.0,1.0,19.0,19.0,19.0,4.0,12.0,3.0,0.0,-1.6138300895690918,-1.5424762964248657,3.0,-1.1018953323364258,-1.5489908456802368,-12.49875,0.0,0.0,0.0,0.0,1.0,16.0,4.0,1.0,20.0,20.0,20.0,5.0,13.0,4.0,0.0
12619,0.0,0.0,0.0,0.0,1.0,16.0,4.0,1.0,20.0,20.0,20.0,5.0,13.0,4.0,0.0,-1.4274910688400269,-1.9371509552001953,3.0,0.06340416520833969,-1.2445591688156128,-13.29875,0.0,0.0,0.06340416520833969,0.0,1.0,17.0,5.0,1.0,21.0,21.0,21.0,6.0,14.0,5.0,0.0
12620,0.0,0.0,0.06340416520833969,0.0,1.0,17.0,5.0,1.0,21.0,21.0,21.0,6.0,14.0,5.0,0.0,-1.797842264175415,-1.8609563112258911,3.0,-0.7605800628662109,-1.914085030555725,-14.098749999999999,0.0,0.0,0.0,0.0,1.0,18.0,6.0,1.0,22.0,22.0,22.0,7.0,15.0,6.0,0.0
12621,0.0,0.0,0.0,0.0,1.0,18.0,6.0,1.0,22.0,22.0,22.0,7.0,15.0,6.0,2.0,-0.9116330146789551,-0.7972675561904907,3.0,-1.1864097118377686,-1.8196980953216553,-27.29875,0.0,0.0,0.0,0.0,2.0,19.0,1.0,1.0,23.0,23.0,23.0,8.0,16.0,7.0,0.0
12622,0.0,0.0,0.0,0.0,2.0,19.0,1.0,1.0,23.0,23.0,23.0,8.0,16.0,7.0,0.0,-1.688105821609497,-1.4098446369171143,9.0,-0.8793469071388245,-1.9632103443145752,-15.19875,0.0,0.0,0.0,0.0,1.0,20.0,2.0,2.0,24.0,24.0,24.0,9.0,17.0,1.0,0.0
12623,0.0,0.0,0.0,0.0,1.0,20.0,2.0,2.0,24.0,24.0,24.0,9.0,17.0,1.0,0.0,-1.758217453956604,-1.4215857982635498,3.0,-1.8181103467941284,-1.9336732625961304,-15.29875,0.0,0.0,0.0,0.0,1.0,21.0,3.0,1.0,25.0,25.0,25.0,10.0,18.0,2.0,0.0
12624,0.0,0.0,0.0,0.0,1.0,21.0,3.0,1.0,25.0,25.0,25.0,10.0,18.0,2.0,0.0,-1.8223382234573364,-0.5542038679122925,3.0,-1.3150768280029297,-1.8526461124420166,-15.99875,0.0,0.0,0.0,0.0,1.0,22.0,4.0,1.0,26.0,26.0,26.0,11.0,19.0,3.0,0.0
12625,0.0,0.0,0.0,0.0,1.0,22.0,4.0,1.0,26.0,26.0,26.0,11.0,19.0,3.0,0.0,-0.8291503190994263,-1.7941112518310547,3.0,0.5387390851974487,-0.7240763902664185,-16.798750000000002,0.0,0.0,0.5387390851974487,0.0,1.0,23.0,5.0,1.0,27.0,27.0,27.0,12.0,20.0,4.0,0.0
12626,0.0,0.0,0.5387390851974487,0.0,1.0,23.0,5.0,1.0,27.0,27.0,27.0,12.0,20.0,4.0,0.0,-1.8507747650146484,0.6416760683059692,3.0,-1.3906147480010986,-1.9671636819839478,-17.364191595616397,0.0,0.6416760683059692,0.0,0.0,1.0,24.0,6.0,1.0,28.0,28.0,28.0,13.0,21.0,5.0,0.0
12627,0.0,0.6416760683059692,0.0,0.0,1.0,24.0,6.0,1.0,28.0,28.0,28.0,13.0,21.0,5.0,0.0,-0.7838617563247681,-1.5242806673049927,3.0,-1.790372610092163,-1.8025914430618286,-18.39875,0.0,0.0,0.0,0.0,1.0,25.0,7.0,1.0,29.0,29.0,29.0,14.0,22.0,6.0,0.0
12628,0.0,0.0,0.0,0.0,1.0,25.0,7.0,1.0,29.0,29.0,29.0,14.0,22.0,6.0,0.0,-1.6468554735183716,-1.5268747806549072,3.0,-1.565371036529541,-1.9564396142959595,-19.19875,0.0,0.0,0.0,0.0,1.0,26.0,8.0,1.0,30.0,30.0,30.0,15.0,23.0,7.0,0.0
12629,0.0,0.0,0.0,0.0,1.0,26.0,8.0,1.0,30.0,30.0,30.0,15.0,23.0,7.0,0.0,-1.6453015804290771,-0.7385712265968323,3.0,-1.8533427715301514,-1.8414225578308105,-19.99875,0.0,0.0,0.0,0.0,1.0,27.0,9.0,1.0,31.0,31.0,31.0,16.0,24.0,8.0,0.0
12630,0.0,0.0,0.0,0.0,1.0,27.0,9.0,1.0,31.0,31.0,31.0,16.0,24.0,8.0,0.0,-1.5368211269378662,-1.3921350240707397,3.0,-1.9274098873138428,-1.9871677160263062,-20.79875,0.0,0.0,0.0,0.0,1.0,28.0,10.0,1.0,32.0,32.0,32.0,17.0,25.0,9.0,0.0
12631,0.0,0.0,0.0,0.0,1.0,28.0,10.0,1.0,32.0,32.0,32.0,17.0,25.0,9.0,0.0,-0.5687405467033386,-1.6663857698440552,3.0,-1.422301173210144,-1.8877041339874268,-21.59875,0.0,0.0,0.0,0.0,1.0,29.0,11.0,1.0,33.0,33.0,33.0,18.0,26.0,10.0,0.0
12632,0.0,0.0,0.0,0.0,1.0,29.0,11.0,1.0,33.0,33.0,33.0,18.0,26.0,10.0,2.0,-1.5524386167526245,-1.4982731342315674,9.0,-1.84340500831604,-1.8983346223831177,-34.79875,0.0,0.0,0.0,0.0,2.0,30.0,1.0,2.0,34.0,34.0,34.0,19.0,27.0,1.0,0.0
12633,0.0,0.0,0.0,0.0,2.0,30.0,1.0,2.0,34.0,34.0,34.0,19.0,27.0,1.0,0.0,-1.7825576066970825,-1.8494658470153809,3.0,-1.7136398553848267,-1.6955235004425049,-21.29875,0.0,0.0,0.0,0.0,1.0,31.0,2.0,1.0,35.0,35.0,35.0,20.0,28.0,2.0,0.0
12634,0.0,0.0,0.0,0.0,1.0,31.0,2.0,1.0,35.0,35.0,35.0,20.0,28.0,2.0,0.0,-1.737451195716858,-1.5412570238113403,3.0,-1.2062032222747803,-1.82130765914917,-21.89875,0.0,0.0,0.0,0.0,1.0,32.0,3.0,1.0,36.0,36.0,36.0,21.0,29.0,3.0,0.0
12635,0.0,0.0,0.0,0.0,1.0,32.0,3.0,1.0,36.0,36.0,36.0,21.0,29.0,3.0,0.0,-0.5844646692276001,-1.7937064170837402,3.0,-1.5481442213058472,-1.7677050828933716,-22.69875,0.0,0.0,0.0,0.0,1.0,33.0,4.0,1.0,37.0,37.0,37.0,22.0,30.0,4.0,0.0
12636,0.0,0.0,0.0,0.0,1.0,33.0,4.0,1.0,37.0,37.0,37.0,22.0,30.0,4.0,0.0,-1.7933741807937622,-1.8443233966827393,3.0,-0.7409241795539856,-1.6990081071853638,-23.49875,0.0,0.0,0.0,0.0,1.0,34.0,5.0,1.0,38.0,38.0,38.0,23.0,31.0,5.0,0.0
12637,0.0,0.0,0.0,0.0,1.0,34.0,5.0,1.0,38.0,38.0,38.0,23.0,31.0,5.0,0.0,-1.8218181133270264,-0.7079248428344727,3.0,-1.7906343936920166,-1.796977162361145,-24.29875,0.0,0.0,0.0,0.0,1.0,35.0,6.0,1.0,39.0,39.0,39.0,24.0,32.0,6.0,0.0
12638,0.0,0.0,0.0,0.0,1.0,35.0,6.0,1.0,39.0,39.0,39.0,24.0,32.0,6.0,0.0,-1.8120602369308472,-1.932028889656067,3.0,-1.9260550737380981,-1.9533264636993408,-25.09875,0.0,0.0,0.0,0.0,1.0,36.0,7.0,1.0,40.0,40.0,40.0,25.0,33.0,7.0,0.0
12639,0.0,0.0,0.0,0.0,1.0,36.0,7.0,1.0,40.0,40.0,40.0,25.0,33.0,7.0,0.0,-1.9223873615264893,-0.6722530126571655,3.0,-1.7457858324050903,-1.664364218711853,-25.89875,0.0,0.0,0.0,0.0,1.0,37.0,8.0,1.0,41.0,41.0,41.0,26.0,34.0,8.0,0.0
12640,0.0,0.0,0.0,0.0,1.0,37.0,8.0,1.0,41.0,41.0,41.0,26.0,34.0,8.0,0.0,-0.4464854598045349,-0.32100486755371094,3.0,-1.201873779296875,-1.5354723930358887,-26.69875,0.0,0.0,0.0,0.0,1.0,38.0,9.0,1.0,42.0,42.0,42.0,27.0,35.0,9.0,0.0
12641,0.0,0.0,0.0,0.0,1.0,38.0,9.0,1.0,42.0,42.0,42.0,27.0,35.0,9.0,0.0,-1.3809911012649536,-1.675832986831665,3.0,-1.5903390645980835,-1.2872161865234375,-27.49875,0.0,0.0,0.0,0.0,1.0,39.0,10.0,1.0,43.0,43.0,43.0,28.0,36.0,10.0,0.0
12642,0.0,0.0,0.0,0.0,1.0,39.0,10.0,1.0,43.0,43.0,43.0,28.0,36.0,10.0,0.0,1.5579516887664795,-1.9106166362762451,3.0,-1.507379412651062,-0.2685703635215759,-27.226073016449373,1.5579516887664795,0.0,0.0,0.0,1.0,40.0,11.0,1.0,44.0,44.0,44.0,29.0,37.0,11.0,0.0
12643,1.5579516887664795,0.0,0.0,0.0,1.0,40.0,11.0,1.0,44.0,44.0,44.0,29.0,37.0,11.0,0.0,-0.4824868142604828,-1.844577431678772,3.0,-1.4138771295547485,-1.4418563842773438,-28.277844494635332,1.0754648745059967,0.0,0.0,0.0,1.0,41.0,12.0,1.0,45.0,45.0,45.0,30.0,38.0,12.0,0.0
12644,1.0754648745059967,0.0,0.0,0.0,1.0,41.0,12.0,1.0,45.0,45.0,45.0,30.0,38.0,12.0,0.0,-1.0964614152908325,-1.5869220495224,3.0,-0.9051694273948669,-1.823173999786377,-29.89875,0.0,0.0,0.0,0.0,1.0,42.0,13.0,1.0,46.0,46.0,46.0,31.0,39.0,13.0,0.0
12645,0.0,0.0,0.0,0.0,1.0,42.0,13.0,1.0,46.0,46.0,46.0,31.0,39.0,13.0,0.0,1.4435522556304932,-1.5678260326385498,3.0,-1.713365077972412,-1.766923189163208,-29.679242085047704,1.4435522556304932,0.0,0.0,0.0,1.0,43.0,14.0,1.0,47.0,47.0,47.0,32.0,40.0,14.0,0.0
12646,1.4435522556304932,0.0,0.0,0.0,1.0,43.0,14.0,1.0,47.0,47.0,47.0,32.0,40.0,14.0,0.0,-1.5686484575271606,-1.8557542562484741,3.0,-1.6198033094406128,-1.66815984249115,-31.49875,0.0,0.0,0.0,0.0,1.0,44.0,15.0,1.0,48.0,48.0,48.0,33.0,41.0,15.0,0.0
12647,0.0,0.0,0.0,0.0,1.0,44.0,15.0,1.0,48.0,48.0,48.0,33.0,41.0,15.0,0.0,-1.8115049600601196,-1.8536511659622192,3.0,-1.8845486640930176,-1.131327509880066,-32.29875,0.0,0.0,0.0,0.0,1.0,45.0,16.0,1.0,49.0,49.0,49.0,34.0,42.0,16.0,0.0
12648,0.0,0.0,0.0,0.0,1.0,45.0,16.0,1.0,49.0,49.0,49.0,34.0,42.0,16.0,0.0,-1.9385942220687866,-1.8394383192062378,3.0,-1.4932293891906738,-0.9479389190673828,-33.09875,0.0,0.0,0.0,0.0,1.0,46.0,17.0,1.0,50.0,50.0,50.0,35.0,43.0,17.0,0.0
12649,0.0,0.0,0.0,0.0,1.0,46.0,17.0,1.0,50.0,50.0,50.0,35.0,43.0,17.0,0.0,-0.7888692021369934,-0.7242551445960999,3.0,-1.4417232275009155,-1.4874285459518433,-33.89875,0.0,0.0,0.0,0.0,1.0,47.0,18.0,1.0,51.0,51.0,51.0,36.0,44.0,18.0,0.0
12650,0.0,0.0,0.0,0.0,1.0,47.0,18.0,1.0,51.0,51.0,51.0,36.0,44.0,18.0,0.0,-0.7184706926345825,-1.8197139501571655,3.0,-1.03788161277771,-0.718368411064148,-34.69875,0.0,0.0,0.0,0.0,1.0,48.0,19.0,1.0,52.0,52.0,52.0,37.0,45.0,19.0,0.0
12651,0.0,0.0,0.0,0.0,1.0,48.0,19.0,1.0,52.0,52.0,52.0,37.0,45.0,19.0,0.0,-1.2146583795547485,-1.9241575002670288,3.0,-0.46267738938331604,-0.20586644113063812,-35.49875,0.0,0.0,0.0,0.0,1.0,49.0,20.0,1.0,53.0,53.0,53.0,38.0,46.0,20.0,0.0
12652,0.0,0.0,0.0,0.0,1.0,49.0,20.0,1.0,53.0,53.0,53.0,38.0,46.0,20.0,0.0,-0.8147199153900146,-1.96578848361969,9.0,0.4397130012512207,-1.5516552925109863,-36.29875,0.0,0.0,0.4397130012512207,0.0,1.0,50.0,21.0,2.0,54.0,54.0,54.0,39.0,47.0,1.0,0.0
12653,0.0,0.0,0.4397130012512207,0.0,1.0,50.0,21.0,2.0,54.0,54.0,54.0,39.0,47.0,1.0,0.0,-1.1411784887313843,-1.9449491500854492,3.0,-1.4764597415924072,-1.6282721757888794,-35.19875,0.0,0.0,0.0,0.0,1.0,51.0,22.0,1.0,55.0,55.0,55.0,40.0,48.0,2.0,0.0
12654,0.0,0.0,0.0,0.0,1.0,51.0,22.0,1.0,55.0,55.0,55.0,40.0,48.0,2.0,0.0,-1.1063265800476074,-1.6240321397781372,3.0,-0.7517211437225342,-1.7785483598709106,-35.89875,0.0,0.0,0.0,0.0,1.0,52.0,23.0,1.0,56.0,56.0,56.0,41.0,49.0,3.0,0.0
12655,0.0,0.0,0.0,0.0,1.0,52.0,23.0,1.0,56.0,56.0,56.0,41.0,49.0,3.0,0.0,-0.6295183300971985,-1.9702322483062744,3.0,-1.3614903688430786,-1.77773118019104,-36.69875,0.0,0.0,0.0,0.0,1.0,53.0,24.0,1.0,57.0,57.0,57.0,42.0,50.0,4.0,0.0
12656,0.0,0.0,0.0,0.0,1.0,53.0,24.0,1.0,57.0,57.0,57.0,42.0,50.0,4.0,0.0,-0.8743864297866821,-1.9117977619171143,3.0,-1.6033554077148438,-0.21881769597530365,-37.49875,0.0,0.0,0.0,0.0,1.0,54.0,25.0,1.0,58.0,58.0,58.0,43.0,51.0,5.0,0.0
12657,0.0,0.0,0.0,0.0,1.0,54.0,25.0,1.0,58.0,58.0,58.0,43.0,51.0,5.0,0.0,0.7669601440429688,-1.842350959777832,3.0,-1.4285157918930054,-0.8461437225341797,-37.67665238473535,0.7669601440429688,0.0,0.0,0.0,1.0,55.0,26.0,1.0,59.0,59.0,59.0,44.0,52.0,6.0,0.0
12658,0.7669601440429688,0.0,0.0,0.0,1.0,55.0,26.0,1.0,59.0,59.0,59.0,44.0,52.0,6.0,0.0,-1.5547572374343872,-1.4258830547332764,3.0,-1.0718886852264404,-1.4978644847869873,-39.09875,0.0,0.0,0.0,0.0,1.0,56.0,27.0,1.0,60.0,60.0,60.0,45.0,53.0,7.0,0.0
12659,0.0,0.0,0.0,0.0,1.0,56.0,27.0,1.0,60.0,60.0,60.0,45.0,53.0,7.0,0.0,-1.5847022533416748,-1.9012598991394043,3.0,-1.8386791944503784,-1.59144926071167,-39.89875,0.0,0.0,0.0,0.0,1.0,57.0,28.0,1.0,61.0,61.0,61.0,46.0,54.0,8.0,0.0
12660,0.0,0.0,0.0,0.0,1.0,57.0,28.0,1.0,61.0,61.0,61.0,46.0,54.0,8.0,0.0,-1.1559754610061646,-1.9113279581069946,3.0,-1.7680132389068604,-1.4219642877578735,-40.69875,0.0,0.0,0.0,0.0,1.0,58.0,29.0,1.0,62.0,62.0,62.0,47.0,55.0,9.0,0.0
12661,0.0,0.0,0.0,0.0,1.0,58.0,29.0,1.0,62.0,62.0,62.0,47.0,55.0,9.0,0.0,-1.9160096645355225,-1.85812246799469,3.0,-1.6281085014343262,-1.2157526016235352,-41.49875,0.0,0.0,0.0,0.0,1.0,59.0,30.0,1.0,63.0,63.0,63.0,48.0,56.0,10.0,0.0
12662,0.0,0.0,0.0,0.0,1.0,59.0,30.0,1.0,63.0,63.0,63.0,48.0,56.0,10.0,0.0,-1.1513530015945435,-1.9396889209747314,3.0,-1.9889366626739502,-0.8548488020896912,-42.29875,0.0,0.0,0.0,0.0,1.0,60.0,31.0,1.0,64.0,64.0,64.0,49.0,57.0,11.0,0.0
12663,0.0,0.0,0.0,0.0,1.0,60.0,31.0,1.0,64.0,64.0,64.0,49.0,57.0,11.0,0.0,0.4968986511230469,-1.8044790029525757,3.0,-1.3838402032852173,-1.485185980796814,-42.67490503622619,0.4968986511230469,0.0,0.0,0.0,1.0,61.0,32.0,1.0,65.0,65.0,65.0,50.0,58.0,12.0,0.0
12664,0.4968986511230469,0.0,0.0,0.0,1.0,61.0,32.0,1.0,65.0,65.0,65.0,50.0,58.0,12.0,0.0,-0.6637407541275024,-1.755376935005188,3.0,-1.5684771537780762,-1.2417418956756592,-43.89875,0.0,0.0,0.0,0.0,1.0,62.0,33.0,1.0,66.0,66.0,66.0,51.0,59.0,13.0,0.0
12665,0.0,0.0,0.0,0.0,1.0,62.0,33.0,1.0,66.0,66.0,66.0,51.0,59.0,13.0,0.0,-1.703603982925415,-1.9333908557891846,3.0,-1.8625428676605225,-1.8230407238006592,-44.69875,0.0,0.0,0.0,0.0,1.0,63.0,34.0,1.0,67.0,67.0,67.0,52.0,60.0,14.0,0.0
12666,0.0,0.0,0.0,0.0,1.0,63.0,34.0,1.0,67.0,67.0,67.0,52.0,60.0,14.0,0.0,-1.2517131567001343,-0.7063400745391846,3.0,-1.8217740058898926,-1.9809843301773071,-45.49875,0.0,0.0,0.0,0.0,1.0,64.0,35.0,1.0,68.0,68.0,68.0,53.0,61.0,15.0,0.0
12667,0.0,0.0,0.0,0.0,1.0,64.0,35.0,1.0,68.0,68.0,68.0,53.0,61.0,15.0,0.0,-0.4627355933189392,-0.10015328973531723,3.0,-1.7917906045913696,-1.9328670501708984,-46.29875,0.0,0.0,0.0,0.0,1.0,65.0,36.0,1.0,69.0,69.0,69.0,54.0,62.0,16.0,0.0
12668,0.0,0.0,0.0,0.0,1.0,65.0,36.0,1.0,69.0,69.0,69.0,54.0,62.0,16.0,2.0,-1.6578843593597412,-1.8763208389282227,9.0,-1.8428488969802856,-1.8030855655670166,-59.49875,0.0,0.0,0.0,0.0,2.0,66.0,1.0,2.0,70.0,70.0,70.0,55.0,63.0,1.0,0.0
12669,0.0,0.0,0.0,0.0,2.0,66.0,1.0,2.0,70.0,70.0,70.0,55.0,63.0,1.0,0.0,-1.3887279033660889,-1.8665564060211182,3.0,-1.9085325002670288,-1.685610294342041,-42.89875,0.0,0.0,0.0,0.0,1.0,67.0,2.0,1.0,71.0,71.0,71.0,56.0,64.0,2.0,0.0
12670,0.0,0.0,0.0,0.0,1.0,67.0,2.0,1.0,71.0,71.0,71.0,56.0,64.0,2.0,0.0,-1.563585877418518,-1.1857566833496094,3.0,-1.6559531688690186,-1.9465681314468384,-43.49875,0.0,0.0,0.0,0.0,1.0,68.0,3.0,1.0,72.0,72.0,72.0,57.0,65.0,3.0,0.0
12671,0.0,0.0,0.0,0.0,1.0,68.0,3.0,1.0,72.0,72.0,72.0,57.0,65.0,3.0,0.0,-1.2788379192352295,-1.1146761178970337,3.0,-1.7857143878936768,-1.9501101970672607,-44.29875,0.0,0.0,0.0,0.0,1.0,69.0,4.0,1.0,73.0,73.0,73.0,58.0,66.0,4.0,0.0
12672,0.0,0.0,0.0,0.0,1.0,69.0,4.0,1.0,73.0,73.0,73.0,58.0,66.0,4.0,0.0,-1.7157477140426636,-1.7919188737869263,3.0,-1.9575248956680298,0.736224353313446,-45.09875,0.0,0.0,0.0,0.736224353313446,1.0,70.0,5.0,1.0,74.0,74.0,74.0,59.0,67.0,5.0,0.0
12673,0.0,0.0,0.0,0.736224353313446,1.0,70.0,5.0,1.0,74.0,74.0,74.0,59.0,67.0,5.0,0.0,-1.7166872024536133,-1.9566981792449951,3.0,-1.8086371421813965,-0.5527834296226501,-45.89875,0.0,0.0,0.0,0.1834409236907959,1.0,71.0,6.0,1.0,75.0,75.0,75.0,60.0,68.0,6.0,0.0
12674,0.0,0.0,0.0,0.1834409236907959,1.0,71.0,6.0,1.0,75.0,75.0,75.0,60.0,68.0,6.0,0.0,-1.8870576620101929,-1.4752230644226074,3.0,-0.9767365455627441,-1.0614326000213623,-46.69875,0.0,0.0,0.0,0.0,1.0,72.0,7.0,1.0,76.0,76.0,76.0,61.0,69.0,7.0,0.0
12675,0.0,0.0,0.0,0.0,1.0,72.0,7.0,1.0,76.0,76.0,76.0,61.0,69.0,7.0,0.0,-1.2665865421295166,-0.8597673773765564,3.0,-1.5623859167099,-1.227837085723877,-47.49875,0.0,0.0,0.0,0.0,1.0,73.0,8.0,1.0,77.0,77.0,77.0,62.0,70.0,8.0,0.0
12676,0.0,0.0,0.0,0.0,1.0,73.0,8.0,1.0,77.0,77.0,77.0,62.0,70.0,8.0,0.0,-1.6151179075241089,-1.1906689405441284,3.0,-1.9168552160263062,0.16215670108795166,-48.29875,0.0,0.0,0.0,0.16215670108795166,1.0,74.0,9.0,1.0,78.0,78.0,78.0,63.0,71.0,9.0,0.0
12677,0.0,0.0,0.0,0.16215670108795166,1.0,74.0,9.0,1.0,78.0,78.0,78.0,63.0,71.0,9.0,0.0,-1.4693547487258911,-1.1888866424560547,3.0,-1.8244576454162598,-0.26318636536598206,-49.09875,0.0,0.0,0.0,0.0,1.0,75.0,10.0,1.0,79.0,79.0,79.0,64.0,72.0,10.0,0.0
12678,0.0,0.0,0.0,0.0,1.0,75.0,10.0,1.0,79.0,79.0,79.0,64.0,72.0,10.0,0.0,1.246848702430725,-1.74822199344635,3.0,-1.5775543451309204,-0.8332698345184326,-48.98014861818617,1.246848702430725,0.0,0.0,0.0,1.0,76.0,11.0,1.0,80.0,80.0,80.0,65.0,73.0,11.0,0.0
12679,1.246848702430725,0.0,0.0,0.0,1.0,76.0,11.0,1.0,80.0,80.0,80.0,65.0,73.0,11.0,0.0,1.6310386657714844,-1.9947820901870728,3.0,-1.9950881004333496,-1.7156509160995483,-49.306061281700906,2.8778873682022095,0.0,0.0,0.0,1.0,77.0,12.0,1.0,81.0,81.0,81.0,66.0,74.0,12.0,0.0
12680,2.8778873682022095,0.0,0.0,0.0,1.0,77.0,12.0,1.0,81.0,81.0,81.0,66.0,74.0,12.0,0.0,-1.1614619493484497,-1.8857967853546143,3.0,-1.981251835823059,-0.42753270268440247,-50.359122374331534,1.7164254188537598,0.0,0.0,0.0,1.0,78.0,13.0,1.0,82.0,82.0,82.0,67.0,75.0,13.0,0.0
12681,1.7164254188537598,0.0,0.0,0.0,1.0,78.0,13.0,1.0,82.0,82.0,82.0,67.0,75.0,13.0,0.0,-1.188882827758789,0.34140974283218384,3.0,-1.7612240314483643,-1.3578814268112183,-51.7105834385423,0.5275425910949707,0.34140974283218384,0.0,0.0,1.0,79.0,14.0,1.0,83.0,83.0,83.0,68.0,76.0,14.0,0.0
12682,0.5275425910949707,0.34140974283218384,0.0,0.0,1.0,79.0,14.0,1.0,83.0,83.0,83.0,68.0,76.0,14.0,0.0,0.48195329308509827,-1.9948827028274536,3.0,-1.9992852210998535,-0.7434393167495728,-52.317876528439896,1.009495884180069,0.0,0.0,0.0,1.0,80.0,15.0,1.0,84.0,84.0,84.0,69.0,77.0,15.0,0.0
12683,1.009495884180069,0.0,0.0,0.0,1.0,80.0,15.0,1.0,84.0,84.0,84.0,69.0,77.0,15.0,0.0,0.27992960810661316,-1.8631006479263306,3.0,-1.8260730504989624,-0.29425203800201416,-52.95729009769799,1.2894254922866821,0.0,0.0,0.0,1.0,81.0,16.0,1.0,85.0,85.0,85.0,70.0,78.0,16.0,0.0
12684,1.2894254922866821,0.0,0.0,0.0,1.0,81.0,16.0,1.0,85.0,85.0,85.0,70.0,78.0,16.0,0.0,-1.0644454956054688,-1.971980333328247,3.0,-1.95173978805542,-1.92731773853302,-54.497364082917,0.22497999668121338,0.0,0.0,0.0,1.0,82.0,17.0,1.0,86.0,86.0,86.0,71.0,79.0,17.0,0.0
12685,0.22497999668121338,0.0,0.0,0.0,1.0,82.0,17.0,1.0,86.0,86.0,86.0,71.0,79.0,17.0,0.0,-0.8255026936531067,-1.877474308013916,3.0,-1.9563703536987305,-1.9525296688079834,-55.49875,0.0,0.0,0.0,0.0,1.0,83.0,18.0,1.0,87.0,87.0,87.0,72.0,80.0,18.0,0.0
12686,0.0,0.0,0.0,0.0,1.0,83.0,18.0,1.0,87.0,87.0,87.0,72.0,80.0,18.0,0.0,-1.3291387557983398,-1.8873090744018555,3.0,-1.8838411569595337,-1.4636348485946655,-56.29875,0.0,0.0,0.0,0.0,1.0,84.0,19.0,1.0,88.0,88.0,88.0,73.0,81.0,19.0,0.0
12687,0.0,0.0,0.0,0.0,1.0,84.0,19.0,1.0,88.0,88.0,88.0,73.0,81.0,19.0,0.0,-1.7928916215896606,-1.9817776679992676,3.0,-0.822230339050293,-1.188880443572998,-57.09875,0.0,0.0,0.0,0.0,1.0,85.0,20.0,1.0,89.0,89.0,89.0,74.0,82.0,20.0,0.0
12688,0.0,0.0,0.0,0.0,1.0,85.0,20.0,1.0,89.0,89.0,89.0,74.0,82.0,20.0,0.0,-0.6259257197380066,-1.8951220512390137,3.0,-1.5162051916122437,-0.9446993470191956,-57.89875,0.0,0.0,0.0,0.0,1.0,86.0,21.0,1.0,90.0,90.0,90.0,75.0,83.0,21.0,0.0
12689,0.0,0.0,0.0,0.0,1.0,86.0,21.0,1.0,90.0,90.0,90.0,75.0,83.0,21.0,0.0,-1.3777438402175903,-1.925673246383667,3.0,-1.9949458837509155,-1.76725172996521,-58.69875,0.0,0.0,0.0,0.0,1.0,87.0,22.0,1.0,91.0,91.0,91.0,76.0,84.0,22.0,0.0
12690,0.0,0.0,0.0,0.0,1.0,87.0,22.0,1.0,91.0,91.0,91.0,76.0,84.0,22.0,0.0,-1.946290373802185,-1.9520714282989502,3.0,-1.9885838031768799,-1.9033769369125366,-59.49875,0.0,0.0,0.0,0.0,1.0,88.0,23.0,1.0,92.0,92.0,92.0,77.0,85.0,23.0,0.0
12691,0.0,0.0,0.0,0.0,1.0,88.0,23.0,1.0,92.0,92.0,92.0,77.0,85.0,23.0,0.0,-0.043810270726680756,-1.7533918619155884,3.0,-1.500949501991272,-1.9508898258209229,-60.29875,0.0,0.0,0.0,0.0,1.0,89.0,24.0,1.0,93.0,93.0,93.0,78.0,86.0,24.0,0.0
12692,0.0,0.0,0.0,0.0,1.0,89.0,24.0,1.0,93.0,93.0,93.0,78.0,86.0,24.0,0.0,1.8151081800460815,-1.486135482788086,3.0,-1.9819214344024658,-1.389786720275879,-59.92136513687403,1.8151081800460815,0.0,0.0,0.0,1.0,90.0,25.0,1.0,94.0,94.0,94.0,79.0,87.0,25.0,0.0
12693,1.8151081800460815,0.0,0.0,0.0,1.0,90.0,25.0,1.0,94.0,94.0,94.0,79.0,87.0,25.0,0.0,-1.8284066915512085,-1.912846565246582,3.0,-1.9103397130966187,-1.7270307540893555,-61.89875,0.0,0.0,0.0,0.0,1.0,91.0,26.0,1.0,95.0,95.0,95.0,80.0,88.0,26.0,0.0
12694,0.0,0.0,0.0,0.0,1.0,91.0,26.0,1.0,95.0,95.0,95.0,80.0,88.0,26.0,0.0,-1.7689368724822998,-1.9778156280517578,3.0,-1.9364515542984009,-0.6094601154327393,-62.69875,0.0,0.0,0.0,0.0,1.0,92.0,27.0,1.0,96.0,96.0,96.0,81.0,89.0,27.0,0.0
12695,0.0,0.0,0.0,0.0,1.0,92.0,27.0,1.0,96.0,96.0,96.0,81.0,89.0,27.0,0.0,-0.46374642848968506,0.24223464727401733,3.0,-1.780386209487915,-1.695867896080017,-63.395205920790275,0.0,0.24223464727401733,0.0,0.0,1.0,93.0,28.0,1.0,97.0,97.0,97.0,82.0,90.0,28.0,0.0
12696,0.0,0.24223464727401733,0.0,0.0,1.0,93.0,28.0,1.0,97.0,97.0,97.0,82.0,90.0,28.0,0.0,-1.8420499563217163,-1.9757269620895386,3.0,-1.9840672016143799,-1.8393672704696655,-64.29875,0.0,0.0,0.0,0.0,1.0,94.0,29.0,1.0,98.0,98.0,98.0,83.0,91.0,29.0,0.0
12697,0.0,0.0,0.0,0.0,1.0,94.0,29.0,1.0,98.0,98.0,98.0,83.0,91.0,29.0,0.0,-1.1650460958480835,-1.8695849180221558,3.0,-1.9759718179702759,-1.1920421123504639,-65.09875000000001,0.0,0.0,0.0,0.0,1.0,95.0,30.0,1.0,99.0,99.0,99.0,84.0,92.0,30.0,0.0
12698,0.0,0.0,0.0,0.0,1.0,95.0,30.0,1.0,99.0,99.0,99.0,84.0,92.0,30.0,0.0,-1.7432974576950073,-1.9529377222061157,3.0,-1.9217687845230103,-1.570052981376648,-65.89875,0.0,0.0,0.0,0.0,1.0,96.0,31.0,1.0,100.0,100.0,100.0,85.0,93.0,31.0,0.0
12699,0.0,0.0,0.0,0.0,1.0,96.0,31.0,1.0,100.0,100.0,100.0,85.0,93.0,31.0,0.0,-1.9338903427124023,-1.897778034210205,3.0,-1.9633017778396606,-0.4458220601081848,-66.39875,0.0,0.0,0.0,0.0,1.0,97.0,32.0,1.0,100.0,100.0,100.0,86.0,94.0,32.0,1.0
12700,9.192258834838867,2.514584541320801,0.21301130950450897,9.6050443649292,1.0,1.0,1.0,1.0,1.0,1.0,1.0,1.0,1.0,1.0,8.0,-1.4812861680984497,-1.6069353818893433,3.0,-1.4124717712402344,-1.972383975982666,-11.025713199458083,7.7109726667404175,0.9076491594314575,0.0,7.632660388946533,2.0,2.0,2.0,1.0,2.0,2.0,2.0,2.0,1.0,2.0,0.0
12701,7.7109726667404175,0.9076491594314575,0.0,7.632660388946533,2.0,2.0,2.0,1.0,2.0,2.0,2.0,2.0,1.0,2.0,2.0,-1.915388822555542,-1.07005774974823,3.0,-1.8407692909240723,-1.9734798669815063,-10.62691132868887,5.7955838441848755,0.0,0.0,5.659180521965027,3.0,3.0,1.0,1.0,3.0,3.0,3.0,3.0,2.0,3.0,0.0
12702,5.7955838441848755,0.0,0.0,5.659180521965027,3.0,3.0,1.0,1.0,3.0,3.0,3.0,3.0,2.0,3.0,7.0,-1.4810945987701416,-1.2968376874923706,3.0,-1.8642524480819702,-1.9862546920776367,-4.550350875053218,4.314489245414734,0.0,0.0,3.67292582988739,4.0,4.0,2.0,1.0,4.0,4.0,4.0,1.0,3.0,4.0,0.0
12703,4.314489245414734,0.0,0.0,3.67292582988739,4.0,4.0,2.0,1.0,4.0,4.0,4.0,1.0,3.0,4.0,8.0,-1.8358891010284424,-1.548631191253662,9.0,-1.6567165851593018,-1.928422451019287,-13.332521915702518,2.4786001443862915,0.0,0.0,1.744503378868103,5.0,5.0,3.0,2.0,5.0,5.0,5.0,2.0,1.0,1.0,0.0
12704,2.4786001443862915,0.0,0.0,1.744503378868103,5.0,5.0,3.0,2.0,5.0,5.0,5.0,2.0,1.0,1.0,7.0,-1.4295011758804321,-1.437699794769287,0.0,-1.2442924976348877,-0.8356436491012573,-9.315409918547303,1.0490989685058594,0.0,0.0,0.9088597297668457,1.0,6.0,4.0,3.0,6.0,6.0,6.0,1.0,2.0,2.0,0.0
12705,1.0490989685058594,0.0,0.0,0.9088597297668457,1.0,6.0,4.0,3.0,6.0,6.0,6.0,1.0,2.0,2.0,0.0,-1.7850419282913208,-1.9795401096343994,3.0,-1.5916035175323486,-1.2712002992630005,-6.598750000000001,0.0,0.0,0.0,0.0,1.0,7.0,5.0,1.0,7.0,7.0,7.0,2.0,3.0,3.0,0.0
12706,0.0,0.0,0.0,0.0,1.0,7.0,5.0,1.0,7.0,7.0,7.0,2.0,3.0,3.0,0.0,-1.0376372337341309,-1.0821372270584106,9.0,-1.1072221994400024,-1.8480112552642822,-7.19875,0.0,0.0,0.0,0.0,1.0,8.0,6.0,2.0,8.0,8.0,8.0,3.0,4.0,1.0,0.0
12707,0.0,0.0,0.0,0.0,1.0,8.0,6.0,2.0,8.0,8.0,8.0,3.0,4.0,1.0,7.0,-1.3573557138442993,-1.96311616897583,0.0,0.4150036871433258,-1.6425747871398926,-12.75875,0.0,0.0,0.4150036871433258,0.0,1.0,9.0,7.0,3.0,9.0,9.0,9.0,1.0,5.0,2.0,0.0
12708,0.0,0.0,0.4150036871433258,0.0,1.0,9.0,7.0,3.0,9.0,9.0,9.0,1.0,5.0,2.0,8.0,-1.3155936002731323,-1.979840874671936,3.0,-1.5780972242355347,-1.5221731662750244,-17.853749999999998,0.0,0.0,0.0,0.0,2.0,10.0,8.0,1.0,10.0,10.0,10.0,2.0,1.0,3.0,0.0
12709,0.0,0.0,0.0,0.0,2.0,10.0,8.0,1.0,10.0,10.0,10.0,2.0,1.0,3.0,0.0,-1.385992407798767,-1.6857225894927979,3.0,-1.6437920331954956,-1.9033288955688477,-8.59875,0.0,0.0,0.0,0.0,1.0,11.0,9.0,1.0,11.0,11.0,11.0,3.0,2.0,4.0,0.0
12710,0.0,0.0,0.0,0.0,1.0,11.0,9.0,1.0,11.0,11.0,11.0,3.0,2.0,4.0,2.0,-1.6823234558105469,-1.7348620891571045,3.0,-1.527978777885437,-1.9043127298355103,-21.698749999999997,0.0,0.0,0.0,0.0,2.0,12.0,1.0,1.0,12.0,12.0,12.0,4.0,3.0,5.0,0.0
12711,0.0,0.0,0.0,0.0,2.0,12.0,1.0,1.0,12.0,12.0,12.0,4.0,3.0,5.0,8.0,-1.673427700996399,-1.7380342483520508,0.0,0.9948233962059021,-1.8482918739318848,-18.75375,0.0,0.0,0.9948233962059021,0.0,1.0,13.0,2.0,2.0,13.0,13.0,13.0,5.0,1.0,6.0,0.0
12712,0.0,0.0,0.9948233962059021,0.0,1.0,13.0,2.0,2.0,13.0,13.0,13.0,5.0,1.0,6.0,0.0,-1.269336223602295,-1.5225415229797363,3.0,-1.1904921531677246,-1.8846174478530884,-9.79875,0.0,0.0,0.0,0.0,1.0,14.0,3.0,1.0,14.0,14.0,14.0,6.0,2.0,7.0,0.0
12713,0.0,0.0,0.0,0.0,1.0,14.0,3.0,1.0,14.0,14.0,14.0,6.0,2.0,7.0,0.0,-1.7105222940444946,-1.1313085556030273,3.0,-1.6989712715148926,-1.4271260499954224,-10.49875,0.0,0.0,0.0,0.0,1.0,15.0,4.0,1.0,15.0,15.0,15.0,7.0,3.0,8.0,0.0
12714,0.0,0.0,0.0,0.0,1.0,15.0,4.0,1.0,15.0,15.0,15.0,7.0,3.0,8.0,0.0,-1.8965566158294678,-1.4613103866577148,9.0,-0.5124449133872986,-1.839598536491394,-11.29875,0.0,0.0,0.0,0.0,1.0,16.0,5.0,2.0,16.0,16.0,16.0,8.0,4.0,1.0,0.0
12715,0.0,0.0,0.0,0.0,1.0,16.0,5.0,2.0,16.0,16.0,16.0,8.0,4.0,1.0,0.0,-1.2896876335144043,-1.8433623313903809,3.0,-1.87248694896698,-1.8192784786224365,-11.39875,0.0,0.0,0.0,0.0,1.0,17.0,6.0,1.0,17.0,17.0,17.0,9.0,5.0,2.0,0.0
12716,0.0,0.0,0.0,0.0,1.0,17.0,6.0,1.0,17.0,17.0,17.0,9.0,5.0,2.0,0.0,-1.920098900794983,0.3644630014896393,9.0,-1.5225977897644043,-1.223907232284546,-11.949863862622816,0.0,0.3644630014896393,0.0,0.0,1.0,18.0,7.0,2.0,18.0,18.0,18.0,10.0,6.0,1.0,0.0
12717,0.0,0.3644630014896393,0.0,0.0,1.0,18.0,7.0,2.0,18.0,18.0,18.0,10.0,6.0,1.0,0.0,-1.907642126083374,-1.6790204048156738,3.0,0.6601952910423279,-1.9623942375183105,-12.79875,0.0,0.0,0.6601952910423279,0.0,1.0,19.0,8.0,1.0,19.0,19.0,19.0,11.0,7.0,2.0,0.0
12718,0.0,0.0,0.6601952910423279,0.0,1.0,19.0,8.0,1.0,19.0,19.0,19.0,11.0,7.0,2.0,0.0,-1.9367671012878418,-1.877394199371338,1.0,-0.14587783813476562,-1.7670598030090332,-13.49875,0.0,0.0,0.5143174529075623,0.0,1.0,1.0,9.0,2.0,20.0,20.0,20.0,12.0,8.0,3.0,0.0
12719,0.0,0.0,0.5143174529075623,0.0,1.0,1.0,9.0,2.0,20.0,20.0,20.0,12.0,8.0,3.0,2.0,-1.964095115661621,-1.8067189455032349,10.0,-1.8306792974472046,-1.8681515455245972,-24.898749999999996,0.0,0.0,0.0,0.0,2.0,2.0,1.0,3.0,21.0,21.0,21.0,13.0,9.0,4.0,0.0
12720,0.0,0.0,0.0,0.0,2.0,2.0,1.0,3.0,21.0,21.0,21.0,13.0,9.0,4.0,2.0,-0.6165311336517334,-1.8275233507156372,10.0,-1.663919448852539,-1.7945318222045898,-24.998749999999994,0.0,0.0,0.0,0.0,3.0,3.0,1.0,4.0,22.0,22.0,22.0,14.0,10.0,5.0,0.0
12721,0.0,0.0,0.0,0.0,3.0,3.0,1.0,4.0,22.0,22.0,22.0,14.0,10.0,5.0,0.0,-1.8582713603973389,-1.968592882156372,10.0,-1.3761672973632812,-1.8637763261795044,-13.49875,0.0,0.0,0.0,0.0,1.0,4.0,2.0,5.0,23.0,23.0,23.0,15.0,11.0,6.0,0.0
12722,0.0,0.0,0.0,0.0,1.0,4.0,2.0,5.0,23.0,23.0,23.0,15.0,11.0,6.0,2.0,-1.6003793478012085,-1.4272465705871582,10.0,-1.757168173789978,-1.78265380859375,-26.598749999999995,0.0,0.0,0.0,0.0,2.0,5.0,1.0,6.0,24.0,24.0,24.0,16.0,12.0,7.0,0.0
12723,0.0,0.0,0.0,0.0,2.0,5.0,1.0,6.0,24.0,24.0,24.0,16.0,12.0,7.0,2.0,-0.8396860361099243,-1.7406977415084839,3.0,-1.256212830543518,-1.949932336807251,-27.398749999999996,0.0,0.0,0.0,0.0,3.0,6.0,1.0,1.0,25.0,25.0,25.0,17.0,13.0,8.0,0.0
12724,0.0,0.0,0.0,0.0,3.0,6.0,1.0,1.0,25.0,25.0,25.0,17.0,13.0,8.0,0.0,-1.9079076051712036,-1.9357590675354004,9.0,-1.8560585975646973,-0.8083370923995972,-15.29875,0.0,0.0,0.0,0.0,1.0,7.0,2.0,2.0,26.0,26.0,26.0,18.0,14.0,1.0,0.0
12725,0.0,0.0,0.0,0.0,1.0,7.0,2.0,2.0,26.0,26.0,26.0,18.0,14.0,1.0,0.0,-1.8615331649780273,-1.6890411376953125,10.0,-1.7721227407455444,-1.2813515663146973,-15.19875,0.0,0.0,0.0,0.0,1.0,8.0,3.0,3.0,27.0,27.0,27.0,19.0,15.0,2.0,0.0
12726,0.0,0.0,0.0,0.0,1.0,8.0,3.0,3.0,27.0,27.0,27.0,19.0,15.0,2.0,0.0,-1.535169243812561,-1.3613702058792114,10.0,-1.5577373504638672,-1.5417898893356323,-16.09875,0.0,0.0,0.0,0.0,1.0,9.0,4.0,4.0,28.0,28.0,28.0,20.0,16.0,3.0,0.0
12727,0.0,0.0,0.0,0.0,1.0,9.0,4.0,4.0,28.0,28.0,28.0,20.0,16.0,3.0,0.0,-1.934511661529541,-1.9521644115447998,3.0,-0.9157775044441223,-1.9245712757110596,-16.99875,0.0,0.0,0.0,0.0,1.0,10.0,5.0,1.0,29.0,29.0,29.0,21.0,17.0,4.0,0.0
12728,0.0,0.0,0.0,0.0,1.0,10.0,5.0,1.0,29.0,29.0,29.0,21.0,17.0,4.0,0.0,-1.526728630065918,-1.7215700149536133,10.0,-0.7843393683433533,0.6736538410186768,-17.49875,0.0,0.0,0.0,0.6736538410186768,1.0,11.0,6.0,2.0,30.0,30.0,30.0,22.0,18.0,5.0,0.0
12729,0.0,0.0,0.0,0.6736538410186768,1.0,11.0,6.0,2.0,30.0,30.0,30.0,22.0,18.0,5.0,0.0,-1.3171148300170898,-1.6987460851669312,10.0,-1.2177187204360962,0.0006710290908813477,-18.39875,0.0,0.0,0.0,0.6743248701095581,1.0,12.0,7.0,3.0,31.0,31.0,31.0,23.0,19.0,6.0,0.0
12730,0.0,0.0,0.0,0.6743248701095581,1.0,12.0,7.0,3.0,31.0,31.0,31.0,23.0,19.0,6.0,0.0,-1.9466215372085571,-1.964744210243225,10.0,-1.8901300430297852,-1.8244364261627197,-19.29875,0.0,0.0,0.0,0.0,1.0,13.0,8.0,4.0,32.0,32.0,32.0,24.0,20.0,7.0,0.0
12731,0.0,0.0,0.0,0.0,1.0,13.0,8.0,4.0,32.0,32.0,32.0,24.0,20.0,7.0,0.0,-1.8707250356674194,-1.6464096307754517,3.0,-1.2220734357833862,-1.4484367370605469,-20.19875,0.0,0.0,0.0,0.0,1.0,14.0,9.0,1.0,33.0,33.0,33.0,25.0,21.0,8.0,0.0
12732,0.0,0.0,0.0,0.0,1.0,14.0,9.0,1.0,33.0,33.0,33.0,25.0,21.0,8.0,0.0,-0.3825419843196869,-1.893552541732788,10.0,-1.1884121894836426,-1.4749196767807007,-20.69875,0.0,0.0,0.0,0.0,1.0,15.0,10.0,2.0,34.0,34.0,34.0,26.0,22.0,9.0,0.0
12733,0.0,0.0,0.0,0.0,1.0,15.0,10.0,2.0,34.0,34.0,34.0,26.0,22.0,9.0,2.0,-1.9837579727172852,-1.8886445760726929,10.0,-1.7587144374847412,-1.7791320085525513,-33.998749999999994,0.0,0.0,0.0,0.0,2.0,16.0,1.0,3.0,35.0,35.0,35.0,27.0,23.0,10.0,0.0
12734,0.0,0.0,0.0,0.0,2.0,16.0,1.0,3.0,35.0,35.0,35.0,27.0,23.0,10.0,0.0,-1.3838270902633667,-1.8907976150512695,10.0,-1.808463454246521,-0.9161617159843445,-21.59875,0.0,0.0,0.0,0.0,1.0,17.0,2.0,4.0,36.0,36.0,36.0,28.0,24.0,11.0,0.0
12735,0.0,0.0,0.0,0.0,1.0,17.0,2.0,4.0,36.0,36.0,36.0,28.0,24.0,11.0,0.0,-1.5341888666152954,-1.8667124509811401,10.0,-1.4025921821594238,-1.3989100456237793,-22.39875,0.0,0.0,0.0,0.0,1.0,18.0,3.0,5.0,37.0,37.0,37.0,29.0,25.0,12.0,0.0
12736,0.0,0.0,0.0,0.0,1.0,18.0,3.0,5.0,37.0,37.0,37.0,29.0,25.0,12.0,0.0,-1.7180122137069702,-1.1052525043487549,10.0,-1.140015721321106,-1.831944465637207,-23.29875,0.0,0.0,0.0,0.0,1.0,19.0,4.0,6.0,38.0,38.0,38.0,30.0,26.0,13.0,0.0
12737,0.0,0.0,0.0,0.0,1.0,19.0,4.0,6.0,38.0,38.0,38.0,30.0,26.0,13.0,2.0,-1.787917971611023,-1.6076648235321045,3.0,-1.3707222938537598,-1.3529433012008667,-36.598749999999995,0.0,0.0,0.0,0.0,2.0,20.0,1.0,1.0,39.0,39.0,39.0,31.0,27.0,14.0,0.0
12738,0.0,0.0,0.0,0.0,2.0,20.0,1.0,1.0,39.0,39.0,39.0,31.0,27.0,14.0,0.0,-1.9675618410110474,-1.9643480777740479,3.0,-0.9617827534675598,-1.4979629516601562,-24.19875,0.0,0.0,0.0,0.0,1.0,21.0,2.0,1.0,40.0,40.0,40.0,32.0,28.0,15.0,0.0
12739,0.0,0.0,0.0,0.0,1.0,21.0,2.0,1.0,40.0,40.0,40.0,32.0,28.0,15.0,0.0,-1.5645239353179932,-1.752819538116455,3.0,-1.6031136512756348,-1.3960314989089966,-24.89875,0.0,0.0,0.0,0.0,1.0,22.0,3.0,1.0,41.0,41.0,41.0,33.0,29.0,16.0,0.0
12740,0.0,0.0,0.0,0.0,1.0,22.0,3.0,1.0,41.0,41.0,41.0,33.0,29.0,16.0,0.0,-1.5833772420883179,-1.8962199687957764,10.0,-1.8206075429916382,-1.1791977882385254,-25.69875,0.0,0.0,0.0,0.0,1.0,23.0,4.0,2.0,42.0,42.0,42.0,34.0,30.0,17.0,0.0
12741,0.0,0.0,0.0,0.0,1.0,23.0,4.0,2.0,42.0,42.0,42.0,34.0,30.0,17.0,0.0,-1.4063483476638794,-1.7560341358184814,3.0,-1.9296319484710693,-1.4748867750167847,-26.59875,0.0,0.0,0.0,0.0,1.0,24.0,5.0,1.0,43.0,43.0,43.0,35.0,31.0,18.0,0.0
12742,0.0,0.0,0.0,0.0,1.0,24.0,5.0,1.0,43.0,43.0,43.0,35.0,31.0,18.0,0.0,-1.8138879537582397,-1.7635705471038818,10.0,-1.8556514978408813,-1.398434042930603,-27.29875,0.0,0.0,0.0,0.0,1.0,25.0,6.0,2.0,44.0,44.0,44.0,36.0,32.0,19.0,0.0
12743,0.0,0.0,0.0,0.0,1.0,25.0,6.0,2.0,44.0,44.0,44.0,36.0,32.0,19.0,0.0,-1.8162602186203003,-1.8095096349716187,10.0,-1.871993899345398,-1.1902644634246826,-28.19875,0.0,0.0,0.0,0.0,1.0,26.0,7.0,3.0,45.0,45.0,45.0,37.0,33.0,20.0,0.0
12744,0.0,0.0,0.0,0.0,1.0,26.0,7.0,3.0,45.0,45.0,45.0,37.0,33.0,20.0,0.0,-1.6997493505477905,-1.8714088201522827,3.0,-1.0852605104446411,-1.8214614391326904,-29.09875,0.0,0.0,0.0,0.0,1.0,27.0,8.0,1.0,46.0,46.0,46.0,38.0,34.0,21.0,0.0
12745,0.0,0.0,0.0,0.0,1.0,27.0,8.0,1.0,46.0,46.0,46.0,38.0,34.0,21.0,0.0,-1.315212368965149,-1.9063564538955688,3.0,-1.6270242929458618,-1.6901429891586304,-29.69875,0.0,0.0,0.0,0.0,1.0,28.0,9.0,1.0,47.0,47.0,47.0,39.0,35.0,22.0,0.0
12746,0.0,0.0,0.0,0.0,1.0,28.0,9.0,1.0,47.0,47.0,47.0,39.0,35.0,22.0,7.0,-1.7619062662124634,-1.838209867477417,3.0,-1.568131923675537,-1.784629464149475,-35.45875,0.0,0.0,0.0,0.0,2.0,29.0,10.0,1.0,48.0,48.0,48.0,1.0,36.0,23.0,0.0
12747,0.0,0.0,0.0,0.0,2.0,29.0,10.0,1.0,48.0,48.0,48.0,1.0,36.0,23.0,8.0,-1.4342516660690308,-1.9909453392028809,3.0,-1.4791287183761597,-0.6341668367385864,-36.95375,0.0,0.0,0.0,0.0,3.0,30.0,11.0,1.0,49.0,49.0,49.0,2.0,1.0,24.0,0.0
12748,0.0,0.0,0.0,0.0,3.0,30.0,11.0,1.0,49.0,49.0,49.0,2.0,1.0,24.0,0.0,-1.898671269416809,-1.2419353723526,9.0,-0.008570380508899689,-0.1540490686893463,-24.79875,0.0,0.0,0.0,0.0,1.0,31.0,12.0,2.0,50.0,50.0,50.0,3.0,2.0,1.0,0.0
12749,0.0,0.0,0.0,0.0,1.0,31.0,12.0,2.0,50.0,50.0,50.0,3.0,2.0,1.0,0.0,-1.9875245094299316,-1.1247785091400146,3.0,1.5071232318878174,-1.5291558504104614,-23.09875,0.0,0.0,1.5071232318878174,0.0,1.0,32.0,13.0,1.0,51.0,51.0,51.0,4.0,3.0,2.0,0.0
12750,0.0,0.0,1.5071232318878174,0.0,1.0,32.0,13.0,1.0,51.0,51.0,51.0,4.0,3.0,2.0,0.0,-1.9484409093856812,-1.5957108736038208,9.0,1.4114172458648682,0.2342132329940796,-23.79875,0.0,0.0,2.9185404777526855,0.2342132329940796,1.0,33.0,14.0,2.0,52.0,52.0,52.0,5.0,4.0,1.0,0.0
12751,0.0,0.0,2.9185404777526855,0.2342132329940796,1.0,33.0,14.0,2.0,52.0,52.0,52.0,5.0,4.0,1.0,0.0,-1.9065433740615845,-0.0904136523604393,3.0,-1.2085524797439575,-0.9885861873626709,-24.49875,0.0,0.0,1.709987998008728,0.0,1.0,34.0,15.0,1.0,53.0,53.0,53.0,6.0,5.0,2.0,0.0
12752,0.0,0.0,1.709987998008728,0.0,1.0,34.0,15.0,1.0,53.0,53.0,53.0,6.0,5.0,2.0,0.0,-1.9193940162658691,-1.6796436309814453,3.0,-1.5791767835617065,-1.7976467609405518,-25.19875,0.0,0.0,0.13081121444702148,0.0,1.0,35.0,16.0,1.0,54.0,54.0,54.0,7.0,6.0,3.0,0.0
12753,0.0,0.0,0.13081121444702148,0.0,1.0,35.0,16.0,1.0,54.0,54.0,54.0,7.0,6.0,3.0,0.0,-1.2551542520523071,-1.7476557493209839,3.0,1.616078495979309,-0.8313357830047607,-25.99875,0.0,0.0,1.7468897104263306,0.0,1.0,36.0,17.0,1.0,55.0,55.0,55.0,8.0,7.0,4.0,0.0
12754,0.0,0.0,1.7468897104263306,0.0,1.0,36.0,17.0,1.0,55.0,55.0,55.0,8.0,7.0,4.0,0.0,-1.6839579343795776,1.1792994737625122,3.0,0.37998801469802856,1.1536418199539185,-26.465941568266995,0.0,1.1792994737625122,2.126877725124359,1.1536418199539185,1.0,37.0,18.0,1.0,56.0,56.0,56.0,9.0,8.0,5.0,0.0
12755,0.0,1.1792994737625122,2.126877725124359,1.1536418199539185,1.0,37.0,18.0,1.0,56.0,56.0,56.0,9.0,8.0,5.0,0.0,-1.8572938442230225,-1.9900071620941162,9.0,1.653071403503418,-1.280130386352539,-27.59875,0.0,0.0,3.779949128627777,0.0,1.0,38.0,19.0,2.0,57.0,57.0,57.0,10.0,9.0,1.0,0.0
12756,0.0,0.0,3.779949128627777,0.0,1.0,38.0,19.0,2.0,57.0,57.0,57.0,10.0,9.0,1.0,0.0,-1.9379125833511353,-1.8861981630325317,3.0,-0.7681071758270264,-1.8215218782424927,-27.99875,0.0,0.0,3.0118419528007507,0.0,1.0,39.0,20.0,1.0,58.0,58.0,58.0,11.0,10.0,2.0,0.0
12757,0.0,0.0,3.0118419528007507,0.0,1.0,39.0,20.0,1.0,58.0,58.0,58.0,11.0,10.0,2.0,0.0,-1.8197598457336426,-0.6241284608840942,9.0,-1.0128021240234375,-1.8640097379684448,-28.69875,0.0,0.0,1.9990398287773132,0.0,1.0,40.0,21.0,2.0,59.0,59.0,59.0,12.0,11.0,1.0,0.0
12758,0.0,0.0,1.9990398287773132,0.0,1.0,40.0,21.0,2.0,59.0,59.0,59.0,12.0,11.0,1.0,0.0,-1.9080491065979004,-1.517707109451294,3.0,1.1411641836166382,-1.6315494775772095,-29.39875,0.0,0.0,3.1402040123939514,0.0,1.0,41.0,22.0,1.0,60.0,60.0,60.0,13.0,12.0,2.0,0.0
12759,0.0,0.0,3.1402040123939514,0.0,1.0,41.0,22.0,1.0,60.0,60.0,60.0,13.0,12.0,2.0,0.0,-1.9257029294967651,-0.8570390343666077,3.0,-0.5630923509597778,0.06086888909339905,-30.09875,0.0,0.0,2.5771116614341736,0.06086888909339905,1.0,42.0,23.0,1.0,61.0,61.0,61.0,14.0,13.0,3.0,0.0
12760,0.0,0.0,2.5771116614341736,0.06086888909339905,1.0,42.0,23.0,1.0,61.0,61.0,61.0,14.0,13.0,3.0,0.0,-1.7669670581817627,-0.2573494613170624,9.0,-1.156857967376709,-1.8763998746871948,-30.89875,0.0,0.0,1.4202536940574646,0.0,1.0,43.0,24.0,2.0,62.0,62.0,62.0,15.0,14.0,1.0,0.0
12761,0.0,0.0,1.4202536940574646,0.0,1.0,43.0,24.0,2.0,62.0,62.0,62.0,15.0,14.0,1.0,0.0,-1.4395767450332642,0.18113386631011963,3.0,0.1215873584151268,-0.5723119378089905,-31.419608221182084,0.0,0.18113386631011963,1.5418410524725914,0.0,1.0,44.0,25.0,1.0,63.0,63.0,63.0,16.0,15.0,2.0,0.0
12762,0.0,0.18113386631011963,1.5418410524725914,0.0,1.0,44.0,25.0,1.0,63.0,63.0,63.0,16.0,15.0,2.0,0.0,-1.9088760614395142,-1.3918663263320923,3.0,0.622494637966156,-1.5391823053359985,-32.198750000000004,0.0,0.0,2.1643356904387474,0.0,1.0,45.0,26.0,1.0,64.0,64.0,64.0,17.0,16.0,3.0,0.0
12763,0.0,0.0,2.1643356904387474,0.0,1.0,45.0,26.0,1.0,64.0,64.0,64.0,17.0,16.0,3.0,0.0,-1.9512033462524414,-1.5617148876190186,9.0,-0.9791775345802307,-1.5951040983200073,-32.99875,0.0,0.0,1.1851581558585167,0.0,1.0,46.0,27.0,2.0,65.0,65.0,65.0,18.0,17.0,1.0,0.0
12764,0.0,0.0,1.1851581558585167,0.0,1.0,46.0,27.0,2.0,65.0,65.0,65.0,18.0,17.0,1.0,0.0,-1.946606993675232,-1.6670563220977783,3.0,1.3177446126937866,-1.6411973237991333,-33.59875,0.0,0.0,2.5029027685523033,0.0,1.0,47.0,28.0,1.0,66.0,66.0,66.0,19.0,18.0,2.0,0.0
12765,0.0,0.0,2.5029027685523033,0.0,1.0,47.0,28.0,1.0,66.0,66.0,66.0,19.0,18.0,2.0,2.0,-1.983255386352539,-1.4945865869522095,9.0,-0.6457660794258118,-1.583162784576416,-46.69875,0.0,0.0,1.8571366891264915,0.0,2.0,48.0,1.0,2.0,67.0,67.0,67.0,20.0,19.0,1.0,0.0
12766,0.0,0.0,1.8571366891264915,0.0,2.0,48.0,1.0,2.0,67.0,67.0,67.0,20.0,19.0,1.0,0.0,-1.9378671646118164,-1.627595067024231,3.0,-0.03201980143785477,-1.953591227531433,-32.29875,0.0,0.0,1.8251168876886368,0.0,1.0,49.0,2.0,1.0,68.0,68.0,68.0,21.0,20.0,2.0,0.0
12767,0.0,0.0,1.8251168876886368,0.0,1.0,49.0,2.0,1.0,68.0,68.0,68.0,21.0,20.0,2.0,0.0,-1.9500606060028076,-0.7289705276489258,3.0,0.32136133313179016,-1.8569376468658447,-32.89875,0.0,0.0,2.146478220820427,0.0,1.0,50.0,3.0,1.0,69.0,69.0,69.0,22.0,21.0,3.0,0.0
12768,0.0,0.0,2.146478220820427,0.0,1.0,50.0,3.0,1.0,69.0,69.0,69.0,22.0,21.0,3.0,0.0,-1.971331000328064,-0.3458952009677887,3.0,-0.06584254652261734,-1.947312355041504,-33.698750000000004,0.0,0.0,2.0806356742978096,0.0,1.0,51.0,4.0,1.0,70.0,70.0,70.0,23.0,22.0,4.0,0.0
12769,0.0,0.0,2.0806356742978096,0.0,1.0,51.0,4.0,1.0,70.0,70.0,70.0,23.0,22.0,4.0,0.0,-1.9690250158309937,-1.926312804222107,3.0,-0.10720957815647125,-1.7459931373596191,-34.49875,0.0,0.0,1.9734260961413383,0.0,1.0,52.0,5.0,1.0,71.0,71.0,71.0,24.0,23.0,5.0,0.0
12770,0.0,0.0,1.9734260961413383,0.0,1.0,52.0,5.0,1.0,71.0,71.0,71.0,24.0,23.0,5.0,0.0,-1.9396247863769531,-0.4518543779850006,3.0,-0.8524814248085022,-1.9745702743530273,-35.29875,0.0,0.0,1.1209446713328362,0.0,1.0,53.0,6.0,1.0,72.0,72.0,72.0,25.0,24.0,6.0,0.0
12771,0.0,0.0,1.1209446713328362,0.0,1.0,53.0,6.0,1.0,72.0,72.0,72.0,25.0,24.0,6.0,0.0,-1.8934320211410522,0.0711229220032692,3.0,-0.16253651678562164,-1.682850956916809,-36.0664619041238,0.0,0.0711229220032692,0.9584081545472145,0.0,1.0,54.0,7.0,1.0,73.0,73.0,73.0,26.0,25.0,7.0,0.0
12772,0.0,0.0711229220032692,0.9584081545472145,0.0,1.0,54.0,7.0,1.0,73.0,73.0,73.0,26.0,25.0,7.0,0.0,-1.976943850517273,-0.7621666193008423,3.0,-0.4482375383377075,-1.1042451858520508,-36.89875,0.0,0.0,0.510170616209507,0.0,1.0,55.0,8.0,1.0,74.0,74.0,74.0,27.0,26.0,8.0,0.0
12773,0.0,0.0,0.510170616209507,0.0,1.0,55.0,8.0,1.0,74.0,74.0,74.0,27.0,26.0,8.0,0.0,-1.9432929754257202,-1.6011357307434082,3.0,1.2960331439971924,-1.9698028564453125,-37.69875,0.0,0.0,1.8062037602066994,0.0,1.0,56.0,9.0,1.0,75.0,75.0,75.0,28.0,27.0,9.0,0.0
12774,0.0,0.0,1.8062037602066994,0.0,1.0,56.0,9.0,1.0,75.0,75.0,75.0,28.0,27.0,9.0,0.0,-1.9653782844543457,-1.4744514226913452,3.0,-0.4738174080848694,-1.8824024200439453,-38.49875,0.0,0.0,1.33238635212183,0.0,1.0,57.0,10.0,1.0,76.0,76.0,76.0,29.0,28.0,10.0,0.0
12775,0.0,0.0,1.33238635212183,0.0,1.0,57.0,10.0,1.0,76.0,76.0,76.0,29.0,28.0,10.0,0.0,-1.8725279569625854,-1.7965537309646606,3.0,-1.3535182476043701,-1.912421464920044,-39.29875,0.0,0.0,0.0,0.0,1.0,58.0,11.0,1.0,77.0,77.0,77.0,30.0,29.0,11.0,0.0
12776,0.0,0.0,0.0,0.0,1.0,58.0,11.0,1.0,77.0,77.0,77.0,30.0,29.0,11.0,0.0,-1.954690933227539,-1.8106898069381714,3.0,0.22182787954807281,-1.869150161743164,-40.09875,0.0,0.0,0.22182787954807281,0.0,1.0,59.0,12.0,1.0,78.0,78.0,78.0,31.0,30.0,12.0,0.0
12777,0.0,0.0,0.22182787954807281,0.0,1.0,59.0,12.0,1.0,78.0,78.0,78.0,31.0,30.0,12.0,0.0,-1.8249553442001343,-1.7691868543624878,3.0,-0.9946588277816772,-1.9628708362579346,-40.89875,0.0,0.0,0.0,0.0,1.0,60.0,13.0,1.0,79.0,79.0,79.0,32.0,31.0,13.0,0.0
12778,0.0,0.0,0.0,0.0,1.0,60.0,13.0,1.0,79.0,79.0,79.0,32.0,31.0,13.0,0.0,-1.920784831047058,-1.2139930725097656,3.0,0.7206496000289917,-1.9348769187927246,-41.69875,0.0,0.0,0.7206496000289917,0.0,1.0,61.0,14.0,1.0,80.0,80.0,80.0,33.0,32.0,14.0,0.0
12779,0.0,0.0,0.7206496000289917,0.0,1.0,61.0,14.0,1.0,80.0,80.0,80.0,33.0,32.0,14.0,0.0,-1.9696587324142456,-1.9066318273544312,3.0,0.05985141173005104,-1.6347637176513672,-42.49875,0.0,0.0,0.7805010117590427,0.0,1.0,62.0,15.0,1.0,81.0,81.0,81.0,34.0,33.0,15.0,0.0
12780,0.0,0.0,0.7805010117590427,0.0,1.0,62.0,15.0,1.0,81.0,81.0,81.0,34.0,33.0,15.0,0.0,-1.8590348958969116,-1.754622220993042,3.0,-0.02968929149210453,-1.9519416093826294,-43.29875,0.0,0.0,0.7508117202669382,0.0,1.0,63.0,16.0,1.0,82.0,82.0,82.0,35.0,34.0,16.0,0.0
12781,0.0,0.0,0.7508117202669382,0.0,1.0,63.0,16.0,1.0,82.0,82.0,82.0,35.0,34.0,16.0,0.0,-1.753990888595581,-1.9626612663269043,3.0,1.1831190586090088,-0.7261573076248169,-44.09875,0.0,0.0,1.933930778875947,0.0,1.0,64.0,17.0,1.0,83.0,83.0,83.0,36.0,35.0,17.0,0.0
12782,0.0,0.0,1.933930778875947,0.0,1.0,64.0,17.0,1.0,83.0,83.0,83.0,36.0,35.0,17.0,0.0,-1.6331512928009033,-1.6269676685333252,3.0,-1.733554720878601,-1.8523975610733032,-44.89875,0.0,0.0,0.20037605799734592,0.0,1.0,65.0,18.0,1.0,84.0,84.0,84.0,37.0,36.0,18.0,0.0
12783,0.0,0.0,0.20037605799734592,0.0,1.0,65.0,18.0,1.0,84.0,84.0,84.0,37.0,36.0,18.0,0.0,-1.9842809438705444,-1.7942441701889038,3.0,0.3701421320438385,-1.9133766889572144,-45.69875,0.0,0.0,0.5705181900411844,0.0,1.0,66.0,19.0,1.0,85.0,85.0,85.0,38.0,37.0,19.0,0.0
12784,0.0,0.0,0.5705181900411844,0.0,1.0,66.0,19.0,1.0,85.0,85.0,85.0,38.0,37.0,19.0,0.0,-1.7189836502075195,-1.990932583808899,3.0,-1.8306291103363037,-1.9786266088485718,-46.49875,0.0,0.0,0.0,0.0,1.0,67.0,20.0,1.0,86.0,86.0,86.0,39.0,38.0,20.0,0.0
12785,0.0,0.0,0.0,0.0,1.0,67.0,20.0,1.0,86.0,86.0,86.0,39.0,38.0,20.0,0.0,-1.7472440004348755,-0.5759133696556091,3.0,-1.8172506093978882,-1.9259275197982788,-47.29875,0.0,0.0,0.0,0.0,1.0,68.0,21.0,1.0,87.0,87.0,87.0,40.0,39.0,21.0,0.0
12786,0.0,0.0,0.0,0.0,1.0,68.0,21.0,1.0,87.0,87.0,87.0,40.0,39.0,21.0,0.0,-1.6607046127319336,-1.9834139347076416,3.0,-1.519429087638855,-1.923831582069397,-48.09875,0.0,0.0,0.0,0.0,1.0,69.0,22.0,1.0,88.0,88.0,88.0,41.0,40.0,22.0,0.0
12787,0.0,0.0,0.0,0.0,1.0,69.0,22.0,1.0,88.0,88.0,88.0,41.0,40.0,22.0,0.0,-1.9198156595230103,-1.6355019807815552,3.0,-1.8744856119155884,-1.9703295230865479,-48.89875,0.0,0.0,0.0,0.0,1.0,70.0,23.0,1.0,89.0,89.0,89.0,42.0,41.0,23.0,0.0
12788,0.0,0.0,0.0,0.0,1.0,70.0,23.0,1.0,89.0,89.0,89.0,42.0,41.0,23.0,0.0,-1.9591985940933228,-1.989225149154663,3.0,-1.8371857404708862,-1.754563808441162,-49.69875,0.0,0.0,0.0,0.0,1.0,71.0,24.0,1.0,90.0,90.0,90.0,43.0,42.0,24.0,0.0
12789,0.0,0.0,0.0,0.0,1.0,71.0,24.0,1.0,90.0,90.0,90.0,43.0,42.0,24.0,0.0,-1.9141737222671509,-1.9682649374008179,3.0,-1.7194308042526245,-1.8062777519226074,-50.49875,0.0,0.0,0.0,0.0,1.0,72.0,25.0,1.0,91.0,91.0,91.0,44.0,43.0,25.0,0.0
12790,0.0,0.0,0.0,0.0,1.0,72.0,25.0,1.0,91.0,91.0,91.0,44.0,43.0,25.0,0.0,-1.9077258110046387,-1.946716070175171,3.0,-1.5609184503555298,-1.986992597579956,-51.29875,0.0,0.0,0.0,0.0,1.0,73.0,26.0,1.0,92.0,92.0,92.0,45.0,44.0,26.0,0.0
12791,0.0,0.0,0.0,0.0,1.0,73.0,26.0,1.0,92.0,92.0,92.0,45.0,44.0,26.0,0.0,-1.887582540512085,-1.9929776191711426,3.0,-1.9671484231948853,-1.7275995016098022,-52.09875,0.0,0.0,0.0,0.0,1.0,74.0,27.0,1.0,93.0,93.0,93.0,46.0,45.0,27.0,0.0
12792,0.0,0.0,0.0,0.0,1.0,74.0,27.0,1.0,93.0,93.0,93.0,46.0,45.0,27.0,0.0,-1.9749406576156616,-1.9178776741027832,3.0,-1.951168179512024,-1.9899083375930786,-52.89875,0.0,0.0,0.0,0.0,1.0,75.0,28.0,1.0,94.0,94.0,94.0,47.0,46.0,28.0,0.0
12793,0.0,0.0,0.0,0.0,1.0,75.0,28.0,1.0,94.0,94.0,94.0,47.0,46.0,28.0,0.0,-1.9584273099899292,-1.9794306755065918,3.0,-1.843688726425171,-1.9216547012329102,-53.69875,0.0,0.0,0.0,0.0,1.0,76.0,29.0,1.0,95.0,95.0,95.0,48.0,47.0,29.0,0.0
12794,0.0,0.0,0.0,0.0,1.0,76.0,29.0,1.0,95.0,95.0,95.0,48.0,47.0,29.0,0.0,-1.8866053819656372,-1.8382643461227417,9.0,-1.6554856300354004,-1.9249131679534912,-54.49875,0.0,0.0,0.0,0.0,1.0,77.0,30.0,2.0,96.0,96.0,96.0,49.0,48.0,1.0,0.0
12795,0.0,0.0,0.0,0.0,1.0,77.0,30.0,2.0,96.0,96.0,96.0,49.0,48.0,1.0,0.0,-1.960085153579712,-1.7671273946762085,3.0,1.2331019639968872,-1.9284244775772095,-52.49875,0.0,0.0,1.2331019639968872,0.0,1.0,78.0,31.0,1.0,97.0,97.0,97.0,50.0,49.0,2.0,0.0
12796,0.0,0.0,1.2331019639968872,0.0,1.0,78.0,31.0,1.0,97.0,97.0,97.0,50.0,49.0,2.0,0.0,-1.7213114500045776,-1.9682719707489014,3.0,-1.7590357065200806,-1.9788708686828613,-53.19875,0.0,0.0,0.0,0.0,1.0,79.0,32.0,1.0,98.0,98.0,98.0,51.0,50.0,3.0,0.0
12797,0.0,0.0,0.0,0.0,1.0,79.0,32.0,1.0,98.0,98.0,98.0,51.0,50.0,3.0,0.0,-1.6790744066238403,-1.9325014352798462,3.0,-0.921576976776123,-1.888906717300415,-53.99875,0.0,0.0,0.0,0.0,1.0,80.0,33.0,1.0,99.0,99.0,99.0,52.0,51.0,4.0,0.0
12798,0.0,0.0,0.0,0.0,1.0,80.0,33.0,1.0,99.0,99.0,99.0,52.0,51.0,4.0,0.0,-1.1084728240966797,-1.7170270681381226,3.0,-1.0728199481964111,-1.9333200454711914,-54.79875,0.0,0.0,0.0,0.0,1.0,81.0,34.0,1.0,100.0,100.0,100.0,53.0,52.0,5.0,0.0
12799,0.0,0.0,0.0,0.0,1.0,81.0,34.0,1.0,100.0,100.0,100.0,53.0,52.0,5.0,0.0,-1.4037305116653442,-1.6626651287078857,3.0,-1.138939619064331,-1.8088910579681396,-55.29875,0.0,0.0,0.0,0.0,1.0,82.0,35.0,1.0,100.0,100.0,100.0,54.0,53.0,6.0,1.0
12800,3.7386856079101562,8.744877815246582,7.261725902557373,9.543407440185547,1.0,1.0,1.0,1.0,1.0,1.0,1.0,1.0,1.0,1.0,8.0,-0.9335583448410034,-1.9762845039367676,3.0,-1.4209215641021729,-1.9055923223495483,-2.45921487326681,2.805127263069153,6.7685933113098145,5.8408043384552,7.6378151178359985,2.0,2.0,2.0,1.0,2.0,2.0,2.0,2.0,1.0,2.0,0.0
12801,2.805127263069153,6.7685933113098145,5.8408043384552,7.6378151178359985,2.0,2.0,2.0,1.0,2.0,2.0,2.0,2.0,1.0,2.0,8.0,-1.3824074268341064,-1.913408875465393,1.0,-0.20234279334545135,-1.981105089187622,-5.068800473695064,1.4227198362350464,4.855184435844421,5.638461545109749,5.6567100286483765,3.0,1.0,3.0,2.0,3.0,3.0,3.0,3.0,1.0,3.0,0.0
12802,1.4227198362350464,4.855184435844421,5.638461545109749,5.6567100286483765,3.0,1.0,3.0,2.0,3.0,3.0,3.0,3.0,1.0,3.0,2.0,-1.7742836475372314,-1.630894422531128,3.0,-1.2618321180343628,-1.9008076190948486,-12.41342781505269,0.0,3.2242900133132935,4.376629427075386,3.755902409553528,4.0,2.0,1.0,1.0,4.0,4.0,4.0,4.0,2.0,4.0,0.0
12803,0.0,3.2242900133132935,4.376629427075386,3.755902409553528,4.0,2.0,1.0,1.0,4.0,4.0,4.0,4.0,2.0,4.0,0.0,-1.1604835987091064,-1.3008283376693726,1.0,-0.39176619052886963,-1.9506378173828125,-5.577794567564569,0.0,1.923461675643921,3.9848632365465164,1.8052645921707153,1.0,1.0,2.0,2.0,5.0,5.0,5.0,5.0,3.0,5.0,0.0
12804,0.0,1.923461675643921,3.9848632365465164,1.8052645921707153,1.0,1.0,2.0,2.0,5.0,5.0,5.0,5.0,3.0,5.0,9.0,-1.8283228874206543,-1.4514331817626953,0.0,-1.9388703107833862,-1.6305283308029175,-6.514299190041006,0.0,0.4720284938812256,2.04599292576313,0.17473626136779785,1.0,2.0,3.0,3.0,6.0,6.0,6.0,6.0,4.0,1.0,0.0
12805,0.0,0.4720284938812256,2.04599292576313,0.17473626136779785,1.0,2.0,3.0,3.0,6.0,6.0,6.0,6.0,4.0,1.0,2.0,-1.942793369293213,-1.599332571029663,0.0,-1.4810333251953125,-1.6954783201217651,-19.098749999999995,0.0,0.0,0.5649596005678177,0.0,1.0,3.0,1.0,4.0,7.0,7.0,7.0,7.0,5.0,2.0,0.0
12806,0.0,0.0,0.5649596005678177,0.0,1.0,3.0,1.0,4.0,7.0,7.0,7.0,7.0,5.0,2.0,7.0,-1.859531283378601,-1.831939935684204,0.0,-1.821731686592102,-1.453411340713501,-12.25875,0.0,0.0,0.0,0.0,1.0,4.0,2.0,5.0,8.0,8.0,8.0,1.0,6.0,3.0,0.0
12807,0.0,0.0,0.0,0.0,1.0,4.0,2.0,5.0,8.0,8.0,8.0,1.0,6.0,3.0,0.0,-1.556770920753479,-1.6725136041641235,3.0,-1.3943140506744385,-1.6693224906921387,-7.498749999999999,0.0,0.0,0.0,0.0,1.0,5.0,3.0,1.0,9.0,9.0,9.0,2.0,7.0,4.0,0.0
12808,0.0,0.0,0.0,0.0,1.0,5.0,3.0,1.0,9.0,9.0,9.0,2.0,7.0,4.0,10.0,-1.8308950662612915,-1.7282079458236694,9.0,-1.208365559577942,-1.8302063941955566,-6.0,0.0,0.0,0.0,0.0,2.0,6.0,4.0,2.0,10.0,10.0,10.0,3.0,8.0,1.0,0.0
12809,0.0,0.0,0.0,0.0,2.0,6.0,4.0,2.0,10.0,10.0,10.0,3.0,8.0,1.0,7.0,-1.8603614568710327,-1.70774245262146,0.0,-1.6669082641601562,-1.6022995710372925,-13.458749999999998,0.0,0.0,0.0,0.0,1.0,7.0,5.0,3.0,11.0,11.0,11.0,1.0,9.0,2.0,0.0
12810,0.0,0.0,0.0,0.0,1.0,7.0,5.0,3.0,11.0,11.0,11.0,1.0,9.0,2.0,10.0,-1.819252610206604,-1.6575878858566284,8.0,-1.8127635717391968,-1.9052823781967163,-7.1,0.0,0.0,0.0,0.0,2.0,8.0,6.0,4.0,12.0,12.0,12.0,2.0,1.0,3.0,0.0
12811,0.0,0.0,0.0,0.0,2.0,8.0,6.0,4.0,12.0,12.0,12.0,2.0,1.0,3.0,2.0,-1.085555076599121,-0.9180425405502319,1.0,-1.7696272134780884,-1.6562427282333374,-21.498749999999998,0.0,0.0,0.0,0.0,3.0,1.0,1.0,5.0,13.0,13.0,13.0,3.0,2.0,4.0,0.0
12812,0.0,0.0,0.0,0.0,3.0,1.0,1.0,5.0,13.0,13.0,13.0,3.0,2.0,4.0,2.0,-1.9205479621887207,-0.6057884693145752,9.0,-1.4850634336471558,-1.882371187210083,-21.098749999999995,0.0,0.0,0.0,0.0,4.0,2.0,1.0,6.0,14.0,14.0,14.0,4.0,3.0,1.0,0.0
12813,0.0,0.0,0.0,0.0,4.0,2.0,1.0,6.0,14.0,14.0,14.0,4.0,3.0,1.0,8.0,-1.8640996217727661,-0.9278318881988525,3.0,-0.30342647433280945,-1.936698079109192,-18.65375,0.0,0.0,0.0,0.0,5.0,3.0,2.0,1.0,15.0,15.0,15.0,5.0,1.0,2.0,0.0
12814,0.0,0.0,0.0,0.0,5.0,3.0,2.0,1.0,15.0,15.0,15.0,5.0,1.0,2.0,2.0,-1.7090460062026978,-1.3293663263320923,9.0,-0.5869799256324768,-1.9023069143295288,-21.698749999999997,0.0,0.0,0.0,0.0,6.0,4.0,1.0,2.0,16.0,16.0,16.0,6.0,2.0,1.0,0.0
12815,0.0,0.0,0.0,0.0,6.0,4.0,1.0,2.0,16.0,16.0,16.0,6.0,2.0,1.0,0.0,-1.8405730724334717,-1.3462154865264893,3.0,-0.369741827249527,-1.7511099576950073,-9.89875,0.0,0.0,0.0,0.0,1.0,5.0,2.0,1.0,17.0,17.0,17.0,7.0,3.0,2.0,0.0
12816,0.0,0.0,0.0,0.0,1.0,5.0,2.0,1.0,17.0,17.0,17.0,7.0,3.0,2.0,7.0,-1.8725574016571045,-1.7970541715621948,10.0,-1.8054574728012085,-0.9163342714309692,-15.05875,0.0,0.0,0.0,0.0,2.0,6.0,3.0,2.0,18.0,18.0,18.0,1.0,4.0,3.0,0.0
12817,0.0,0.0,0.0,0.0,2.0,6.0,3.0,2.0,18.0,18.0,18.0,1.0,4.0,3.0,0.0,-1.0365650653839111,-1.964362382888794,3.0,-0.8559843897819519,-0.9211289286613464,-10.39875,0.0,0.0,0.0,0.0,1.0,7.0,4.0,1.0,19.0,19.0,19.0,2.0,5.0,4.0,0.0
12818,0.0,0.0,0.0,0.0,1.0,7.0,4.0,1.0,19.0,19.0,19.0,2.0,5.0,4.0,2.0,-1.952656626701355,-0.8986206650733948,9.0,0.10223832726478577,-1.9942471981048584,-23.398749999999996,0.0,0.0,0.10223832726478577,0.0,2.0,8.0,1.0,2.0,20.0,20.0,20.0,3.0,6.0,1.0,0.0
12819,0.0,0.0,0.10223832726478577,0.0,2.0,8.0,1.0,2.0,20.0,20.0,20.0,3.0,6.0,1.0,0.0,-1.4341002702713013,-1.8420686721801758,3.0,-0.687760055065155,-1.9489558935165405,-11.19875,0.0,0.0,0.0,0.0,1.0,9.0,2.0,1.0,21.0,21.0,21.0,4.0,7.0,2.0,0.0
12820,0.0,0.0,0.0,0.0,1.0,9.0,2.0,1.0,21.0,21.0,21.0,4.0,7.0,2.0,0.0,-1.9689358472824097,-1.559112548828125,10.0,-1.7228529453277588,-1.5702077150344849,-11.79875,0.0,0.0,0.0,0.0,1.0,10.0,3.0,2.0,22.0,22.0,22.0,5.0,8.0,3.0,0.0
12821,0.0,0.0,0.0,0.0,1.0,10.0,3.0,2.0,22.0,22.0,22.0,5.0,8.0,3.0,0.0,-1.9291425943374634,-1.918781042098999,10.0,-1.3601658344268799,-1.6580966711044312,-12.69875,0.0,0.0,0.0,0.0,1.0,11.0,4.0,3.0,23.0,23.0,23.0,6.0,9.0,4.0,0.0
12822,0.0,0.0,0.0,0.0,1.0,11.0,4.0,3.0,23.0,23.0,23.0,6.0,9.0,4.0,0.0,-1.442254900932312,-1.8435910940170288,3.0,-1.5233808755874634,-1.8895764350891113,-13.598749999999999,0.0,0.0,0.0,0.0,1.0,12.0,5.0,1.0,24.0,24.0,24.0,7.0,10.0,5.0,0.0
12823,0.0,0.0,0.0,0.0,1.0,12.0,5.0,1.0,24.0,24.0,24.0,7.0,10.0,5.0,0.0,-1.8724404573440552,-1.787672996520996,9.0,-1.1639436483383179,-1.6759573221206665,-14.19875,0.0,0.0,0.0,0.0,1.0,13.0,6.0,2.0,25.0,25.0,25.0,8.0,11.0,1.0,0.0
12824,0.0,0.0,0.0,0.0,1.0,13.0,6.0,2.0,25.0,25.0,25.0,8.0,11.0,1.0,0.0,-1.8101643323898315,-1.5048305988311768,3.0,1.1479377746582031,-1.1951762437820435,-14.598749999999999,0.0,0.0,1.1479377746582031,0.0,1.0,14.0,7.0,1.0,26.0,26.0,26.0,9.0,12.0,2.0,0.0
12825,0.0,0.0,1.1479377746582031,0.0,1.0,14.0,7.0,1.0,26.0,26.0,26.0,9.0,12.0,2.0,0.0,-1.1276414394378662,-1.1158792972564697,9.0,-1.3895800113677979,-1.061887264251709,-15.29875,0.0,0.0,0.0,0.0,1.0,15.0,8.0,2.0,27.0,27.0,27.0,10.0,13.0,1.0,0.0
12826,0.0,0.0,0.0,0.0,1.0,15.0,8.0,2.0,27.0,27.0,27.0,10.0,13.0,1.0,0.0,-1.6165881156921387,-1.3868337869644165,3.0,0.30132225155830383,-0.09088379889726639,-15.99875,0.0,0.0,0.30132225155830383,0.0,1.0,16.0,9.0,1.0,28.0,28.0,28.0,11.0,14.0,2.0,0.0
12827,0.0,0.0,0.30132225155830383,0.0,1.0,16.0,9.0,1.0,28.0,28.0,28.0,11.0,14.0,2.0,0.0,-1.7836389541625977,-1.843177318572998,9.0,-1.5393801927566528,-1.66191828250885,-16.69875,0.0,0.0,0.0,0.0,1.0,17.0,10.0,2.0,29.0,29.0,29.0,12.0,15.0,1.0,0.0
12828,0.0,0.0,0.0,0.0,1.0,17.0,10.0,2.0,29.0,29.0,29.0,12.0,15.0,1.0,0.0,-1.8127514123916626,-1.8269480466842651,3.0,-1.3747040033340454,-1.5501569509506226,-17.39875,0.0,0.0,0.0,0.0,1.0,18.0,11.0,1.0,30.0,30.0,30.0,13.0,16.0,2.0,0.0
12829,0.0,0.0,0.0,0.0,1.0,18.0,11.0,1.0,30.0,30.0,30.0,13.0,16.0,2.0,0.0,0.30072733759880066,-1.7872921228408813,10.0,-1.280869722366333,-1.738656997680664,-17.8330913004279,0.30072733759880066,0.0,0.0,0.0,1.0,19.0,12.0,2.0,31.0,31.0,31.0,14.0,17.0,3.0,0.0
12830,0.30072733759880066,0.0,0.0,0.0,1.0,19.0,12.0,2.0,31.0,31.0,31.0,14.0,17.0,3.0,0.0,-1.7346662282943726,-1.5662165880203247,3.0,-1.7019044160842896,-1.2176461219787598,-18.99875,0.0,0.0,0.0,0.0,1.0,20.0,13.0,1.0,32.0,32.0,32.0,15.0,18.0,4.0,0.0
12831,0.0,0.0,0.0,0.0,1.0,20.0,13.0,1.0,32.0,32.0,32.0,15.0,18.0,4.0,0.0,-1.8796756267547607,-1.9620980024337769,9.0,1.1298218965530396,-1.8416513204574585,-19.69875,0.0,0.0,1.1298218965530396,0.0,1.0,21.0,14.0,2.0,33.0,33.0,33.0,16.0,19.0,1.0,0.0
12832,0.0,0.0,1.1298218965530396,0.0,1.0,21.0,14.0,2.0,33.0,33.0,33.0,16.0,19.0,1.0,0.0,-1.7555172443389893,-1.6606746912002563,9.0,-1.5718406438827515,-1.7620067596435547,-20.19875,0.0,0.0,0.0,0.0,1.0,22.0,15.0,3.0,34.0,34.0,34.0,17.0,20.0,1.0,0.0
12833,0.0,0.0,0.0,0.0,1.0,22.0,15.0,3.0,34.0,34.0,34.0,17.0,20.0,1.0,7.0,-0.7926959991455078,-1.9189977645874023,3.0,-1.7417157888412476,-1.9117982387542725,-25.958750000000002,0.0,0.0,0.0,0.0,2.0,23.0,16.0,1.0,35.0,35.0,35.0,1.0,21.0,2.0,0.0
12834,0.0,0.0,0.0,0.0,2.0,23.0,16.0,1.0,35.0,35.0,35.0,1.0,21.0,2.0,8.0,-1.896140217781067,-1.168026089668274,3.0,0.4069543182849884,-1.865506887435913,-29.45375,0.0,0.0,0.4069543182849884,0.0,3.0,24.0,17.0,1.0,36.0,36.0,36.0,2.0,1.0,3.0,0.0
12835,0.0,0.0,0.4069543182849884,0.0,3.0,24.0,17.0,1.0,36.0,36.0,36.0,2.0,1.0,3.0,0.0,-1.8519574403762817,-0.30930209159851074,9.0,0.19996821880340576,-0.7992600798606873,-18.79875,0.0,0.0,0.6069225370883942,0.0,1.0,25.0,18.0,2.0,37.0,37.0,37.0,3.0,2.0,1.0,0.0
12836,0.0,0.0,0.6069225370883942,0.0,1.0,25.0,18.0,2.0,37.0,37.0,37.0,3.0,2.0,1.0,0.0,-1.7894256114959717,-1.3273649215698242,9.0,0.28897663950920105,-1.7382322549819946,-19.19875,0.0,0.0,0.8958991765975952,0.0,1.0,26.0,19.0,3.0,38.0,38.0,38.0,4.0,3.0,1.0,0.0
12837,0.0,0.0,0.8958991765975952,0.0,1.0,26.0,19.0,3.0,38.0,38.0,38.0,4.0,3.0,1.0,2.0,-1.89253568649292,-1.3975669145584106,9.0,0.48712730407714844,-1.5075008869171143,-32.39875,0.0,0.0,1.3830264806747437,0.0,2.0,27.0,1.0,4.0,39.0,39.0,39.0,5.0,4.0,1.0,0.0
12838,0.0,0.0,1.3830264806747437,0.0,2.0,27.0,1.0,4.0,39.0,39.0,39.0,5.0,4.0,1.0,0.0,-1.8738479614257812,-1.3902556896209717,9.0,1.7230318784713745,-1.818509578704834,-18.99875,0.0,0.0,3.106058359146118,0.0,1.0,28.0,2.0,5.0,40.0,40.0,40.0,6.0,5.0,1.0,0.0
12839,0.0,0.0,3.106058359146118,0.0,1.0,28.0,2.0,5.0,40.0,40.0,40.0,6.0,5.0,1.0,0.0,-1.8333740234375,-1.8311479091644287,9.0,1.6701256036758423,-1.902813196182251,-19.69875,0.0,0.0,4.7761839628219604,0.0,1.0,29.0,3.0,6.0,41.0,41.0,41.0,7.0,6.0,1.0,0.0
12840,0.0,0.0,4.7761839628219604,0.0,1.0,29.0,3.0,6.0,41.0,41.0,41.0,7.0,6.0,1.0,0.0,-1.7504549026489258,-1.6931771039962769,9.0,0.006756756920367479,-1.2109302282333374,-20.49875,0.0,0.0,4.782940719742328,0.0,1.0,30.0,4.0,7.0,42.0,42.0,42.0,8.0,7.0,1.0,0.0
12841,0.0,0.0,4.782940719742328,0.0,1.0,30.0,4.0,7.0,42.0,42.0,42.0,8.0,7.0,1.0,0.0,-1.9493910074234009,-0.2946472764015198,3.0,-1.8934656381607056,-1.8667234182357788,-21.29875,0.0,0.0,2.8894750815816224,0.0,1.0,31.0,5.0,1.0,43.0,43.0,43.0,9.0,8.0,2.0,0.0
12842,0.0,0.0,2.8894750815816224,0.0,1.0,31.0,5.0,1.0,43.0,43.0,43.0,9.0,8.0,2.0,0.0,-1.846116065979004,-1.3888415098190308,3.0,0.42415064573287964,-1.2141140699386597,-21.49875,0.0,0.0,3.313625727314502,0.0,1.0,32.0,6.0,1.0,44.0,44.0,44.0,10.0,9.0,3.0,0.0
12843,0.0,0.0,3.313625727314502,0.0,1.0,32.0,6.0,1.0,44.0,44.0,44.0,10.0,9.0,3.0,0.0,-1.9109159708023071,-1.9023069143295288,3.0,-0.03916436433792114,-1.4465988874435425,-22.29875,0.0,0.0,3.274461362976581,0.0,1.0,33.0,7.0,1.0,45.0,45.0,45.0,11.0,10.0,4.0,0.0
12844,0.0,0.0,3.274461362976581,0.0,1.0,33.0,7.0,1.0,45.0,45.0,45.0,11.0,10.0,4.0,0.0,-1.82424795627594,-1.6704034805297852,9.0,-0.3264302611351013,-1.6812236309051514,-23.09875,0.0,0.0,2.9480311018414795,0.0,1.0,34.0,8.0,2.0,46.0,46.0,46.0,12.0,11.0,1.0,0.0
12845,0.0,0.0,2.9480311018414795,0.0,1.0,34.0,8.0,2.0,46.0,46.0,46.0,12.0,11.0,1.0,0.0,-1.7239809036254883,-0.5020527839660645,9.0,0.9705222845077515,-1.4917163848876953,-23.59875,0.0,0.0,3.918553386349231,0.0,1.0,35.0,9.0,3.0,47.0,47.0,47.0,13.0,12.0,1.0,0.0
12846,0.0,0.0,3.918553386349231,0.0,1.0,35.0,9.0,3.0,47.0,47.0,47.0,13.0,12.0,1.0,0.0,-1.8135912418365479,-1.8839092254638672,3.0,0.14264999330043793,1.0682035684585571,-24.39875,0.0,0.0,4.061203379649669,1.0682035684585571,1.0,36.0,10.0,1.0,48.0,48.0,48.0,14.0,13.0,2.0,0.0
12847,0.0,0.0,4.061203379649669,1.0682035684585571,1.0,36.0,10.0,1.0,48.0,48.0,48.0,14.0,13.0,2.0,0.0,-1.948270320892334,-1.9382044076919556,3.0,1.694097876548767,-1.6085368394851685,-24.99875,0.0,0.0,5.755301256198436,0.0,1.0,37.0,11.0,1.0,49.0,49.0,49.0,15.0,14.0,3.0,0.0
12848,0.0,0.0,5.755301256198436,0.0,1.0,37.0,11.0,1.0,49.0,49.0,49.0,15.0,14.0,3.0,0.0,-1.9658743143081665,-0.8799694180488586,3.0,-1.4341036081314087,-0.18245632946491241,-25.79875,0.0,0.0,4.321197648067027,0.0,1.0,38.0,12.0,1.0,50.0,50.0,50.0,16.0,15.0,4.0,0.0
12849,0.0,0.0,4.321197648067027,0.0,1.0,38.0,12.0,1.0,50.0,50.0,50.0,16.0,15.0,4.0,0.0,-1.9669512510299683,-0.07238908112049103,9.0,-0.46262428164482117,-0.3285362422466278,-26.59875,0.0,0.0,3.858573366422206,0.0,1.0,39.0,13.0,2.0,51.0,51.0,51.0,17.0,16.0,1.0,0.0
12850,0.0,0.0,3.858573366422206,0.0,1.0,39.0,13.0,2.0,51.0,51.0,51.0,17.0,16.0,1.0,0.0,-1.92189359664917,-1.583687663078308,9.0,-0.05211159959435463,-1.7644938230514526,-27.09875,0.0,0.0,3.8064617668278515,0.0,1.0,40.0,14.0,3.0,52.0,52.0,52.0,18.0,17.0,1.0,0.0
12851,0.0,0.0,3.8064617668278515,0.0,1.0,40.0,14.0,3.0,52.0,52.0,52.0,18.0,17.0,1.0,0.0,-1.9186393022537231,-1.316408395767212,9.0,-0.9606081247329712,-0.04083066061139107,-27.89875,0.0,0.0,2.8458536420948803,0.0,1.0,41.0,15.0,4.0,53.0,53.0,53.0,19.0,18.0,1.0,0.0
12852,0.0,0.0,2.8458536420948803,0.0,1.0,41.0,15.0,4.0,53.0,53.0,53.0,19.0,18.0,1.0,0.0,-1.7837246656417847,-1.5522691011428833,3.0,-1.1775175333023071,-1.6212902069091797,-28.69875,0.0,0.0,1.6683361087925732,0.0,1.0,42.0,16.0,1.0,54.0,54.0,54.0,20.0,19.0,2.0,0.0
12853,0.0,0.0,1.6683361087925732,0.0,1.0,42.0,16.0,1.0,54.0,54.0,54.0,20.0,19.0,2.0,0.0,-1.8921319246292114,-1.0962214469909668,3.0,1.7356575727462769,0.958311915397644,-29.19875,0.0,0.0,3.40399368153885,0.958311915397644,1.0,43.0,17.0,1.0,55.0,55.0,55.0,21.0,20.0,3.0,0.0
12854,0.0,0.0,3.40399368153885,0.958311915397644,1.0,43.0,17.0,1.0,55.0,55.0,55.0,21.0,20.0,3.0,0.0,-1.9301081895828247,-1.425642967224121,9.0,-1.8936413526535034,0.42580854892730713,-29.99875,0.0,0.0,1.5103523288853467,1.3841204643249512,1.0,44.0,18.0,2.0,56.0,56.0,56.0,22.0,21.0,1.0,0.0
12855,0.0,0.0,1.5103523288853467,1.3841204643249512,1.0,44.0,18.0,2.0,56.0,56.0,56.0,22.0,21.0,1.0,0.0,-1.8933178186416626,-1.5529358386993408,3.0,1.4449878931045532,-1.7749724388122559,-30.59875,0.0,0.0,2.9553402219899,0.0,1.0,45.0,19.0,1.0,57.0,57.0,57.0,23.0,22.0,2.0,0.0
12856,0.0,0.0,2.9553402219899,0.0,1.0,45.0,19.0,1.0,57.0,57.0,57.0,23.0,22.0,2.0,0.0,-1.817497968673706,-0.27824631333351135,3.0,0.8655210733413696,-1.592079997062683,-31.29875,0.0,0.0,3.8208612953312695,0.0,1.0,46.0,20.0,1.0,58.0,58.0,58.0,24.0,23.0,3.0,0.0
12857,0.0,0.0,3.8208612953312695,0.0,1.0,46.0,20.0,1.0,58.0,58.0,58.0,24.0,23.0,3.0,0.0,-0.6139188408851624,-1.1724992990493774,9.0,-0.9111058115959167,-1.713943600654602,-32.09875,0.0,0.0,2.9097554837353528,0.0,1.0,47.0,21.0,2.0,59.0,59.0,59.0,25.0,24.0,1.0,0.0
12858,0.0,0.0,2.9097554837353528,0.0,1.0,47.0,21.0,2.0,59.0,59.0,59.0,25.0,24.0,1.0,0.0,-1.4851422309875488,-1.1948376893997192,3.0,0.22495481371879578,-1.9206171035766602,-32.698750000000004,0.0,0.0,3.1347102974541485,0.0,1.0,48.0,22.0,1.0,60.0,60.0,60.0,26.0,25.0,2.0,0.0
12859,0.0,0.0,3.1347102974541485,0.0,1.0,48.0,22.0,1.0,60.0,60.0,60.0,26.0,25.0,2.0,0.0,-1.364470362663269,-1.268639326095581,3.0,-0.6112829446792603,-1.8918755054473877,-33.39875,0.0,0.0,2.5234273527748883,0.0,1.0,49.0,23.0,1.0,61.0,61.0,61.0,27.0,26.0,3.0,0.0
12860,0.0,0.0,2.5234273527748883,0.0,1.0,49.0,23.0,1.0,61.0,61.0,61.0,27.0,26.0,3.0,0.0,0.06543160229921341,0.16681094467639923,3.0,-1.2935775518417358,-1.9460009336471558,-34.06530813439291,0.06543160229921341,0.16681094467639923,1.2298498009331524,0.0,1.0,50.0,24.0,1.0,62.0,62.0,62.0,28.0,27.0,4.0,0.0
12861,0.06543160229921341,0.16681094467639923,1.2298498009331524,0.0,1.0,50.0,24.0,1.0,62.0,62.0,62.0,28.0,27.0,4.0,0.0,-1.9609018564224243,-1.4444516897201538,3.0,0.3081408441066742,-1.9226922988891602,-34.99875,0.0,0.0,1.5379906450398266,0.0,1.0,51.0,25.0,1.0,63.0,63.0,63.0,29.0,28.0,5.0,0.0
12862,0.0,0.0,1.5379906450398266,0.0,1.0,51.0,25.0,1.0,63.0,63.0,63.0,29.0,28.0,5.0,0.0,-1.7566343545913696,-1.748488426208496,9.0,-1.0309796333312988,-1.5419121980667114,-35.79875,0.0,0.0,0.5070110117085278,0.0,1.0,52.0,26.0,2.0,64.0,64.0,64.0,30.0,29.0,1.0,0.0
12863,0.0,0.0,0.5070110117085278,0.0,1.0,52.0,26.0,2.0,64.0,64.0,64.0,30.0,29.0,1.0,2.0,-1.6223337650299072,-1.7082114219665527,9.0,-1.0546770095825195,-1.8896989822387695,-48.598749999999995,0.0,0.0,0.0,0.0,2.0,53.0,1.0,3.0,65.0,65.0,65.0,31.0,30.0,1.0,0.0
12864,0.0,0.0,0.0,0.0,2.0,53.0,1.0,3.0,65.0,65.0,65.0,31.0,30.0,1.0,0.0,-1.8856765031814575,-1.2559263706207275,3.0,0.07427899539470673,-1.5270729064941406,-34.49875,0.0,0.0,0.07427899539470673,0.0,1.0,54.0,2.0,1.0,66.0,66.0,66.0,32.0,31.0,2.0,0.0
12865,0.0,0.0,0.07427899539470673,0.0,1.0,54.0,2.0,1.0,66.0,66.0,66.0,32.0,31.0,2.0,0.0,-1.6054913997650146,-1.7716968059539795,3.0,-0.11619502305984497,-1.885214924812317,-34.99875,0.0,0.0,0.0,0.0,1.0,55.0,3.0,1.0,67.0,67.0,67.0,33.0,32.0,3.0,0.0
12866,0.0,0.0,0.0,0.0,1.0,55.0,3.0,1.0,67.0,67.0,67.0,33.0,32.0,3.0,0.0,-1.7716525793075562,-1.832466721534729,3.0,-0.6122675538063049,-1.8287900686264038,-35.79875,0.0,0.0,0.0,0.0,1.0,56.0,4.0,1.0,68.0,68.0,68.0,34.0,33.0,4.0,0.0
12867,0.0,0.0,0.0,0.0,1.0,56.0,4.0,1.0,68.0,68.0,68.0,34.0,33.0,4.0,0.0,-1.6370073556900024,-1.916724681854248,3.0,-1.4242967367172241,-1.7058892250061035,-36.59875,0.0,0.0,0.0,0.0,1.0,57.0,5.0,1.0,69.0,69.0,69.0,35.0,34.0,5.0,0.0
12868,0.0,0.0,0.0,0.0,1.0,57.0,5.0,1.0,69.0,69.0,69.0,35.0,34.0,5.0,0.0,-1.7312915325164795,-1.6559197902679443,3.0,0.6071577668190002,-1.7097269296646118,-37.39875,0.0,0.0,0.6071577668190002,0.0,1.0,58.0,6.0,1.0,70.0,70.0,70.0,36.0,35.0,6.0,0.0
12869,0.0,0.0,0.6071577668190002,0.0,1.0,58.0,6.0,1.0,70.0,70.0,70.0,36.0,35.0,6.0,0.0,-1.4691401720046997,-1.8851336240768433,9.0,-1.0572174787521362,-1.9405298233032227,-38.19875,0.0,0.0,0.0,0.0,1.0,59.0,7.0,2.0,71.0,71.0,71.0,37.0,36.0,1.0,0.0
12870,0.0,0.0,0.0,0.0,1.0,59.0,7.0,2.0,71.0,71.0,71.0,37.0,36.0,1.0,0.0,-1.7065638303756714,-0.47325950860977173,3.0,-1.2060238122940063,-1.902553915977478,-38.49875,0.0,0.0,0.0,0.0,1.0,60.0,8.0,1.0,72.0,72.0,72.0,38.0,37.0,2.0,0.0
12871,0.0,0.0,0.0,0.0,1.0,60.0,8.0,1.0,72.0,72.0,72.0,38.0,37.0,2.0,0.0,-1.7547595500946045,-1.1479601860046387,3.0,-1.0630733966827393,-1.7986494302749634,-39.19875,0.0,0.0,0.0,0.0,1.0,61.0,9.0,1.0,73.0,73.0,73.0,39.0,38.0,3.0,0.0
12872,0.0,0.0,0.0,0.0,1.0,61.0,9.0,1.0,73.0,73.0,73.0,39.0,38.0,3.0,0.0,-1.6384804248809814,-1.8112986087799072,3.0,-1.5998045206069946,-1.8361302614212036,-39.99875,0.0,0.0,0.0,0.0,1.0,62.0,10.0,1.0,74.0,74.0,74.0,40.0,39.0,4.0,0.0
12873,0.0,0.0,0.0,0.0,1.0,62.0,10.0,1.0,74.0,74.0,74.0,40.0,39.0,4.0,0.0,-1.9226661920547485,-1.254382610321045,3.0,-1.925142765045166,-1.8016153573989868,-40.79875,0.0,0.0,0.0,0.0,1.0,63.0,11.0,1.0,75.0,75.0,75.0,41.0,40.0,5.0,0.0
12874,0.0,0.0,0.0,0.0,1.0,63.0,11.0,1.0,75.0,75.0,75.0,41.0,40.0,5.0,0.0,-1.4444122314453125,-1.4889863729476929,9.0,0.838920533657074,-1.7228924036026,-41.59875,0.0,0.0,0.838920533657074,0.0,1.0,64.0,12.0,2.0,76.0,76.0,76.0,42.0,41.0,1.0,0.0
12875,0.0,0.0,0.838920533657074,0.0,1.0,64.0,12.0,2.0,76.0,76.0,76.0,42.0,41.0,1.0,0.0,-1.5621366500854492,-1.7608035802841187,3.0,-1.8241651058197021,0.5627293586730957,-41.99875,0.0,0.0,0.0,0.5627293586730957,1.0,65.0,13.0,1.0,77.0,77.0,77.0,43.0,42.0,2.0,0.0
12876,0.0,0.0,0.0,0.5627293586730957,1.0,65.0,13.0,1.0,77.0,77.0,77.0,43.0,42.0,2.0,0.0,-1.4842177629470825,-1.5289361476898193,3.0,-0.0713854432106018,-1.4768586158752441,-42.69875,0.0,0.0,0.0,0.0,1.0,66.0,14.0,1.0,78.0,78.0,78.0,44.0,43.0,3.0,0.0
12877,0.0,0.0,0.0,0.0,1.0,66.0,14.0,1.0,78.0,78.0,78.0,44.0,43.0,3.0,0.0,-1.8831212520599365,-1.7953110933303833,3.0,-1.5708616971969604,-1.3322982788085938,-43.49875,0.0,0.0,0.0,0.0,1.0,67.0,15.0,1.0,79.0,79.0,79.0,45.0,44.0,4.0,0.0
12878,0.0,0.0,0.0,0.0,1.0,67.0,15.0,1.0,79.0,79.0,79.0,45.0,44.0,4.0,0.0,-1.8954390287399292,0.7441965341567993,3.0,-1.931498646736145,-1.8667495250701904,-44.03854202624199,0.0,0.7441965341567993,0.0,0.0,1.0,68.0,16.0,1.0,80.0,80.0,80.0,46.0,45.0,5.0,0.0
12879,0.0,0.7441965341567993,0.0,0.0,1.0,68.0,16.0,1.0,80.0,80.0,80.0,46.0,45.0,5.0,0.0,-1.6955374479293823,-1.682000994682312,3.0,-1.6527018547058105,-1.906615972518921,-45.09875,0.0,0.0,0.0,0.0,1.0,69.0,17.0,1.0,81.0,81.0,81.0,47.0,46.0,6.0,0.0
12880,0.0,0.0,0.0,0.0,1.0,69.0,17.0,1.0,81.0,81.0,81.0,47.0,46.0,6.0,0.0,-1.8396022319793701,-1.8186453580856323,9.0,-1.4907368421554565,1.4323655366897583,-45.89875,0.0,0.0,0.0,1.4323655366897583,1.0,70.0,18.0,2.0,82.0,82.0,82.0,48.0,47.0,1.0,0.0
12881,0.0,0.0,0.0,1.4323655366897583,1.0,70.0,18.0,2.0,82.0,82.0,82.0,48.0,47.0,1.0,0.0,-1.723970890045166,-1.7369869947433472,3.0,-1.313249111175537,-0.6835027933120728,-46.19875,0.0,0.0,0.0,0.7488627433776855,1.0,71.0,19.0,1.0,83.0,83.0,83.0,49.0,48.0,2.0,0.0
12882,0.0,0.0,0.0,0.7488627433776855,1.0,71.0,19.0,1.0,83.0,83.0,83.0,49.0,48.0,2.0,0.0,-1.420951247215271,-0.6072713136672974,9.0,-1.3906329870224,-0.7297398447990417,-46.89875,0.0,0.0,0.0,0.0191228985786438,1.0,72.0,20.0,2.0,84.0,84.0,84.0,50.0,49.0,1.0,0.0
12883,0.0,0.0,0.0,0.0191228985786438,1.0,72.0,20.0,2.0,84.0,84.0,84.0,50.0,49.0,1.0,0.0,-1.6704288721084595,-1.4740920066833496,9.0,-1.3853825330734253,-0.27079081535339355,-47.59875,0.0,0.0,0.0,0.0,1.0,73.0,21.0,3.0,85.0,85.0,85.0,51.0,50.0,1.0,0.0
12884,0.0,0.0,0.0,0.0,1.0,73.0,21.0,3.0,85.0,85.0,85.0,51.0,50.0,1.0,0.0,-1.5389169454574585,-1.6553080081939697,3.0,-1.6640217304229736,-0.8227960467338562,-48.39875,0.0,0.0,0.0,0.0,1.0,74.0,22.0,1.0,86.0,86.0,86.0,52.0,51.0,2.0,0.0
12885,0.0,0.0,0.0,0.0,1.0,74.0,22.0,1.0,86.0,86.0,86.0,52.0,51.0,2.0,0.0,-1.7800953388214111,-1.5072942972183228,9.0,-0.8245259523391724,-1.7790179252624512,-48.99875,0.0,0.0,0.0,0.0,1.0,75.0,23.0,2.0,87.0,87.0,87.0,53.0,52.0,1.0,0.0
12886,0.0,0.0,0.0,0.0,1.0,75.0,23.0,2.0,87.0,87.0,87.0,53.0,52.0,1.0,0.0,-1.854330062866211,-1.0688560009002686,3.0,-0.35876819491386414,-1.0265735387802124,-49.69875,0.0,0.0,0.0,0.0,1.0,76.0,24.0,1.0,88.0,88.0,88.0,54.0,53.0,2.0,0.0
12887,0.0,0.0,0.0,0.0,1.0,76.0,24.0,1.0,88.0,88.0,88.0,54.0,53.0,2.0,0.0,-1.067078948020935,-1.1663594245910645,3.0,-1.814907193183899,-1.3961787223815918,-50.39875,0.0,0.0,0.0,0.0,1.0,77.0,25.0,1.0,89.0,89.0,89.0,55.0,54.0,3.0,0.0
12888,0.0,0.0,0.0,0.0,1.0,77.0,25.0,1.0,89.0,89.0,89.0,55.0,54.0,3.0,0.0,-1.8058931827545166,-1.8168641328811646,3.0,-0.6047000288963318,-1.7782385349273682,-51.19875,0.0,0.0,0.0,0.0,1.0,78.0,26.0,1.0,90.0,90.0,90.0,56.0,55.0,4.0,0.0
12889,0.0,0.0,0.0,0.0,1.0,78.0,26.0,1.0,90.0,90.0,90.0,56.0,55.0,4.0,0.0,-1.7072174549102783,-1.6843068599700928,3.0,-1.1316964626312256,-1.8312879800796509,-51.99875,0.0,0.0,0.0,0.0,1.0,79.0,27.0,1.0,91.0,91.0,91.0,57.0,56.0,5.0,0.0
12890,0.0,0.0,0.0,0.0,1.0,79.0,27.0,1.0,91.0,91.0,91.0,57.0,56.0,5.0,0.0,-1.7329833507537842,-1.8738547563552856,3.0,-1.759876012802124,-1.3214915990829468,-52.79875,0.0,0.0,0.0,0.0,1.0,80.0,28.0,1.0,92.0,92.0,92.0,58.0,57.0,6.0,0.0
12891,0.0,0.0,0.0,0.0,1.0,80.0,28.0,1.0,92.0,92.0,92.0,58.0,57.0,6.0,0.0,-1.9543139934539795,-1.199996829032898,9.0,-0.5214104056358337,-1.8983150720596313,-53.59875,0.0,0.0,0.0,0.0,1.0,81.0,29.0,2.0,93.0,93.0,93.0,59.0,58.0,1.0,0.0
12892,0.0,0.0,0.0,0.0,1.0,81.0,29.0,2.0,93.0,93.0,93.0,59.0,58.0,1.0,0.0,-1.2731162309646606,-1.9785399436950684,3.0,-1.7442065477371216,0.37262067198753357,-53.89875,0.0,0.0,0.0,0.37262067198753357,1.0,82.0,30.0,1.0,94.0,94.0,94.0,60.0,59.0,2.0,0.0
12893,0.0,0.0,0.0,0.37262067198753357,1.0,82.0,30.0,1.0,94.0,94.0,94.0,60.0,59.0,2.0,0.0,-1.837641716003418,-1.5404053926467896,3.0,-0.9062839150428772,-1.7855603694915771,-54.59875,0.0,0.0,0.0,0.0,1.0,83.0,31.0,1.0,95.0,95.0,95.0,61.0,60.0,3.0,0.0
12894,0.0,0.0,0.0,0.0,1.0,83.0,31.0,1.0,95.0,95.0,95.0,61.0,60.0,3.0,0.0,-0.34540075063705444,-1.259709119796753,3.0,-1.026885747909546,-1.7857469320297241,-55.39875,0.0,0.0,0.0,0.0,1.0,84.0,32.0,1.0,96.0,96.0,96.0,62.0,61.0,4.0,0.0
12895,0.0,0.0,0.0,0.0,1.0,84.0,32.0,1.0,96.0,96.0,96.0,62.0,61.0,4.0,0.0,0.535276472568512,-1.6397154331207275,3.0,-1.5968002080917358,-1.9911450147628784,-55.74535362033452,0.535276472568512,0.0,0.0,0.0,1.0,85.0,33.0,1.0,97.0,97.0,97.0,63.0,62.0,5.0,0.0
12896,0.535276472568512,0.0,0.0,0.0,1.0,85.0,33.0,1.0,97.0,97.0,97.0,63.0,62.0,5.0,0.0,-1.86101233959198,-1.9138695001602173,3.0,-1.3577889204025269,-0.5461046695709229,-56.99875,0.0,0.0,0.0,0.0,1.0,86.0,34.0,1.0,98.0,98.0,98.0,64.0,63.0,6.0,0.0
12897,0.0,0.0,0.0,0.0,1.0,86.0,34.0,1.0,98.0,98.0,98.0,64.0,63.0,6.0,0.0,0.4943210780620575,-1.5916762351989746,3.0,-1.568503499031067,-1.705979824066162,-57.376906163275834,0.4943210780620575,0.0,0.0,0.0,1.0,87.0,35.0,1.0,99.0,99.0,99.0,65.0,64.0,7.0,0.0
12898,0.4943210780620575,0.0,0.0,0.0,1.0,87.0,35.0,1.0,99.0,99.0,99.0,65.0,64.0,7.0,0.0,-0.9693641066551208,-1.0225796699523926,3.0,-1.870963454246521,-1.726453423500061,-58.59875,0.0,0.0,0.0,0.0,1.0,88.0,36.0,1.0,100.0,100.0,100.0,66.0,65.0,8.0,0.0
12899,0.0,0.0,0.0,0.0,1.0,88.0,36.0,1.0,100.0,100.0,100.0,66.0,65.0,8.0,0.0,-1.4554369449615479,-1.6280338764190674,3.0,-1.8938699960708618,-1.9922170639038086,-59.09875,0.0,0.0,0.0,0.0,1.0,89.0,37.0,1.0,100.0,100.0,100.0,67.0,66.0,9.0,1.0
12900,3.510655164718628,9.37174129486084,7.366472244262695,8.093379974365234,1.0,1.0,1.0,1.0,1.0,1.0,1.0,1.0,1.0,1.0,8.0,0.4583836793899536,-1.969186544418335,3.0,-1.7137761116027832,-1.9861763715744019,-2.1566203963244956,3.9690388441085815,7.402554750442505,5.652696132659912,6.1072036027908325,2.0,2.0,2.0,1.0,2.0,2.0,2.0,2.0,1.0,2.0,0.0
12901,3.9690388441085815,7.402554750442505,5.652696132659912,6.1072036027908325,2.0,2.0,2.0,1.0,2.0,2.0,2.0,2.0,1.0,2.0,8.0,-1.4143702983856201,-1.859879970550537,3.0,-1.6185389757156372,-1.6508464813232422,-3.872616279648998,2.5546685457229614,5.542674779891968,4.034157156944275,4.45635712146759,3.0,3.0,3.0,1.0,3.0,3.0,3.0,3.0,1.0,3.0,0.0
12902,2.5546685457229614,5.542674779891968,4.034157156944275,4.45635712146759,3.0,3.0,3.0,1.0,3.0,3.0,3.0,3.0,1.0,3.0,2.0,0.1842348724603653,-1.4715101718902588,1.0,-1.244540810585022,-1.8616985082626343,-7.2772082589321005,2.7389034181833267,4.071164608001709,2.789616346359253,2.594658613204956,4.0,1.0,1.0,2.0,4.0,4.0,4.0,4.0,2.0,4.0,0.0
12903,2.7389034181833267,4.071164608001709,2.789616346359253,2.594658613204956,4.0,1.0,1.0,2.0,4.0,4.0,4.0,4.0,2.0,4.0,7.0,-1.9518318176269531,-1.9023758172988892,0.0,-0.8913010358810425,-1.8949962854385376,-9.425560810838519,0.7870716005563736,2.16878879070282,1.8983153104782104,0.6996623277664185,1.0,2.0,2.0,3.0,5.0,5.0,5.0,1.0,3.0,5.0,0.0
12904,0.7870716005563736,2.16878879070282,1.8983153104782104,0.6996623277664185,1.0,2.0,2.0,3.0,5.0,5.0,5.0,1.0,3.0,5.0,7.0,-0.9710997939109802,-1.3108738660812378,3.0,-1.7916396856307983,-1.77034330368042,-10.90687916614002,0.0,0.857914924621582,0.10667562484741211,0.0,2.0,3.0,3.0,1.0,6.0,6.0,6.0,1.0,4.0,6.0,0.0
12905,0.0,0.857914924621582,0.10667562484741211,0.0,2.0,3.0,3.0,1.0,6.0,6.0,6.0,1.0,4.0,6.0,0.0,-1.6745619773864746,-1.8578091859817505,0.0,-1.2894290685653687,-1.7980084419250488,-6.69875,0.0,0.0,0.0,0.0,1.0,4.0,4.0,2.0,7.0,7.0,7.0,2.0,5.0,7.0,0.0
12906,0.0,0.0,0.0,0.0,1.0,4.0,4.0,2.0,7.0,7.0,7.0,2.0,5.0,7.0,0.0,-1.797650694847107,-1.378371238708496,0.0,-1.6584367752075195,-1.9193832874298096,-7.498749999999999,0.0,0.0,0.0,0.0,1.0,5.0,5.0,3.0,8.0,8.0,8.0,3.0,6.0,8.0,0.0
12907,0.0,0.0,0.0,0.0,1.0,5.0,5.0,3.0,8.0,8.0,8.0,3.0,6.0,8.0,0.0,-1.578020453453064,-1.9513729810714722,0.0,0.34017980098724365,-1.8842964172363281,-8.39875,0.0,0.0,0.34017980098724365,0.0,1.0,6.0,6.0,4.0,9.0,9.0,9.0,4.0,7.0,9.0,0.0
12908,0.0,0.0,0.34017980098724365,0.0,1.0,6.0,6.0,4.0,9.0,9.0,9.0,4.0,7.0,9.0,1.0,-1.2248194217681885,-1.8757755756378174,9.0,0.6764354705810547,-1.943381905555725,-16.118750000000002,0.0,0.0,1.0166152715682983,0.0,2.0,1.0,7.0,5.0,10.0,10.0,10.0,5.0,8.0,1.0,0.0
12909,0.0,0.0,1.0166152715682983,0.0,2.0,1.0,7.0,5.0,10.0,10.0,10.0,5.0,8.0,1.0,7.0,-1.7113020420074463,-1.7959049940109253,3.0,-1.8134968280792236,-1.890177845954895,-13.75875,0.0,0.0,0.0,0.0,3.0,2.0,8.0,1.0,11.0,11.0,11.0,1.0,9.0,2.0,0.0
12910,0.0,0.0,0.0,0.0,3.0,2.0,8.0,1.0,11.0,11.0,11.0,1.0,9.0,2.0,0.0,-0.6469686031341553,-1.8296396732330322,3.0,-1.2597274780273438,-1.6209001541137695,-8.79875,0.0,0.0,0.0,0.0,1.0,3.0,9.0,1.0,12.0,12.0,12.0,2.0,10.0,3.0,0.0
12911,0.0,0.0,0.0,0.0,1.0,3.0,9.0,1.0,12.0,12.0,12.0,2.0,10.0,3.0,8.0,0.5105752348899841,-1.8608688116073608,3.0,0.34850797057151794,-1.9625526666641235,-18.26104320466128,0.5105752348899841,0.0,0.34850797057151794,0.0,2.0,4.0,10.0,1.0,13.0,13.0,13.0,3.0,1.0,4.0,0.0
12912,0.5105752348899841,0.0,0.34850797057151794,0.0,2.0,4.0,10.0,1.0,13.0,13.0,13.0,3.0,1.0,4.0,0.0,-1.916704773902893,-1.2859210968017578,9.0,-0.6414755582809448,-1.9323819875717163,-9.29875,0.0,0.0,0.0,0.0,1.0,5.0,11.0,2.0,14.0,14.0,14.0,4.0,2.0,1.0,0.0
12913,0.0,0.0,0.0,0.0,1.0,5.0,11.0,2.0,14.0,14.0,14.0,4.0,2.0,1.0,2.0,-1.6903913021087646,-1.0687072277069092,9.0,-1.1039986610412598,-1.8369821310043335,-22.098749999999995,0.0,0.0,0.0,0.0,2.0,6.0,1.0,3.0,15.0,15.0,15.0,5.0,3.0,1.0,0.0
12914,0.0,0.0,0.0,0.0,2.0,6.0,1.0,3.0,15.0,15.0,15.0,5.0,3.0,1.0,0.0,-1.4811267852783203,-1.9851698875427246,10.0,-0.03725109621882439,-1.9068893194198608,-9.49875,0.0,0.0,0.0,0.0,1.0,7.0,2.0,4.0,16.0,16.0,16.0,6.0,4.0,2.0,0.0
12915,0.0,0.0,0.0,0.0,1.0,7.0,2.0,4.0,16.0,16.0,16.0,6.0,4.0,2.0,2.0,-1.464005708694458,-0.9546205401420593,9.0,-1.526246428489685,-1.9128761291503906,-22.698749999999997,0.0,0.0,0.0,0.0,2.0,8.0,1.0,5.0,17.0,17.0,17.0,7.0,5.0,1.0,0.0
12916,0.0,0.0,0.0,0.0,2.0,8.0,1.0,5.0,17.0,17.0,17.0,7.0,5.0,1.0,2.0,-1.5444053411483765,-1.2606544494628906,9.0,-0.01907261088490486,-1.923559308052063,-23.29875,0.0,0.0,0.0,0.0,3.0,9.0,1.0,6.0,18.0,18.0,18.0,8.0,6.0,1.0,0.0
12917,0.0,0.0,0.0,0.0,3.0,9.0,1.0,6.0,18.0,18.0,18.0,8.0,6.0,1.0,2.0,-1.6184053421020508,-1.628902792930603,3.0,-1.4590144157409668,-1.9181432723999023,-24.098749999999995,0.0,0.0,0.0,0.0,4.0,10.0,1.0,1.0,19.0,19.0,19.0,9.0,7.0,2.0,0.0
12918,0.0,0.0,0.0,0.0,4.0,10.0,1.0,1.0,19.0,19.0,19.0,9.0,7.0,2.0,0.0,-1.46103036403656,-1.7022149562835693,9.0,-0.7070523500442505,-1.9685945510864258,-11.99875,0.0,0.0,0.0,0.0,1.0,11.0,2.0,2.0,20.0,20.0,20.0,10.0,8.0,1.0,0.0
12919,0.0,0.0,0.0,0.0,1.0,11.0,2.0,2.0,20.0,20.0,20.0,10.0,8.0,1.0,0.0,-1.5855998992919922,-1.3912190198898315,9.0,-0.914926290512085,-1.7666093111038208,-12.39875,0.0,0.0,0.0,0.0,1.0,12.0,3.0,3.0,21.0,21.0,21.0,11.0,9.0,1.0,0.0
12920,0.0,0.0,0.0,0.0,1.0,12.0,3.0,3.0,21.0,21.0,21.0,11.0,9.0,1.0,7.0,-1.685632586479187,-1.2785005569458008,3.0,-0.3616325557231903,-1.313961148262024,-18.15875,0.0,0.0,0.0,0.0,2.0,13.0,4.0,1.0,22.0,22.0,22.0,1.0,10.0,2.0,0.0
12921,0.0,0.0,0.0,0.0,2.0,13.0,4.0,1.0,22.0,22.0,22.0,1.0,10.0,2.0,0.0,-1.5623515844345093,-1.769622564315796,9.0,0.4186509847640991,-0.11277026683092117,-12.79875,0.0,0.0,0.4186509847640991,0.0,1.0,14.0,5.0,2.0,23.0,23.0,23.0,2.0,11.0,1.0,0.0
12922,0.0,0.0,0.4186509847640991,0.0,1.0,14.0,5.0,2.0,23.0,23.0,23.0,2.0,11.0,1.0,0.0,-1.3606113195419312,-1.7822661399841309,3.0,-1.2537935972213745,-1.57621169090271,-13.39875,0.0,0.0,0.0,0.0,1.0,15.0,6.0,1.0,24.0,24.0,24.0,3.0,12.0,2.0,0.0
12923,0.0,0.0,0.0,0.0,1.0,15.0,6.0,1.0,24.0,24.0,24.0,3.0,12.0,2.0,0.0,-1.8351407051086426,-1.938539743423462,3.0,-1.5389649868011475,-1.7591638565063477,-14.098749999999999,0.0,0.0,0.0,0.0,1.0,16.0,7.0,1.0,25.0,25.0,25.0,4.0,13.0,3.0,0.0
12924,0.0,0.0,0.0,0.0,1.0,16.0,7.0,1.0,25.0,25.0,25.0,4.0,13.0,3.0,0.0,-1.7547216415405273,-1.5849928855895996,3.0,-0.9139317870140076,-1.395544171333313,-14.89875,0.0,0.0,0.0,0.0,1.0,17.0,8.0,1.0,26.0,26.0,26.0,5.0,14.0,4.0,0.0
12925,0.0,0.0,0.0,0.0,1.0,17.0,8.0,1.0,26.0,26.0,26.0,5.0,14.0,4.0,0.0,-1.7532451152801514,-1.0708256959915161,9.0,0.15205109119415283,-1.9624302387237549,-15.69875,0.0,0.0,0.15205109119415283,0.0,1.0,18.0,9.0,2.0,27.0,27.0,27.0,6.0,15.0,1.0,0.0
12926,0.0,0.0,0.15205109119415283,0.0,1.0,18.0,9.0,2.0,27.0,27.0,27.0,6.0,15.0,1.0,8.0,-1.6110297441482544,-1.9158573150634766,3.0,-1.5682039260864258,-1.9816814661026,-25.653750000000002,0.0,0.0,0.0,0.0,2.0,19.0,10.0,1.0,28.0,28.0,28.0,7.0,1.0,2.0,0.0
12927,0.0,0.0,0.0,0.0,2.0,19.0,10.0,1.0,28.0,28.0,28.0,7.0,1.0,2.0,0.0,-1.6870583295822144,-1.8192696571350098,9.0,-0.14043991267681122,-1.1133642196655273,-15.49875,0.0,0.0,0.0,0.0,1.0,20.0,11.0,2.0,29.0,29.0,29.0,8.0,2.0,1.0,0.0
12928,0.0,0.0,0.0,0.0,1.0,20.0,11.0,2.0,29.0,29.0,29.0,8.0,2.0,1.0,0.0,-1.945020079612732,0.6944199800491333,9.0,1.3924736976623535,-1.9139114618301392,-15.850588671124326,0.0,0.6944199800491333,1.3924736976623535,0.0,1.0,21.0,12.0,3.0,30.0,30.0,30.0,9.0,3.0,1.0,0.0
12929,0.0,0.6944199800491333,1.3924736976623535,0.0,1.0,21.0,12.0,3.0,30.0,30.0,30.0,9.0,3.0,1.0,0.0,-0.9924952387809753,0.27314022183418274,1.0,1.3915364742279053,-1.9141665697097778,-16.593941281485872,0.0,0.967560201883316,2.784010171890259,0.0,1.0,1.0,13.0,4.0,31.0,31.0,31.0,10.0,4.0,2.0,0.0
12930,0.0,0.967560201883316,2.784010171890259,0.0,1.0,1.0,13.0,4.0,31.0,31.0,31.0,10.0,4.0,2.0,0.0,-1.7086910009384155,-1.3192230463027954,9.0,-1.874324917793274,-1.7207293510437012,-15.69875,0.0,0.0,0.9096852540969849,0.0,1.0,2.0,14.0,5.0,32.0,32.0,32.0,11.0,5.0,1.0,0.0
12931,0.0,0.0,0.9096852540969849,0.0,1.0,2.0,14.0,5.0,32.0,32.0,32.0,11.0,5.0,1.0,0.0,-1.789953589439392,-1.8171801567077637,10.0,1.1873992681503296,-1.0985171794891357,-16.39875,0.0,0.0,2.0970845222473145,0.0,1.0,3.0,15.0,6.0,33.0,33.0,33.0,12.0,6.0,2.0,0.0
12932,0.0,0.0,2.0970845222473145,0.0,1.0,3.0,15.0,6.0,33.0,33.0,33.0,12.0,6.0,2.0,2.0,-1.8809453248977661,-1.1189836263656616,9.0,-1.8235868215560913,-1.8594727516174316,-29.698749999999997,0.0,0.0,0.27349770069122314,0.0,2.0,4.0,1.0,7.0,34.0,34.0,34.0,13.0,7.0,1.0,0.0
12933,0.0,0.0,0.27349770069122314,0.0,2.0,4.0,1.0,7.0,34.0,34.0,34.0,13.0,7.0,1.0,0.0,-0.6564310193061829,-1.465802788734436,10.0,-0.9200237393379211,-1.9202868938446045,-16.59875,0.0,0.0,0.0,0.0,1.0,5.0,2.0,8.0,35.0,35.0,35.0,14.0,8.0,2.0,0.0
12934,0.0,0.0,0.0,0.0,1.0,5.0,2.0,8.0,35.0,35.0,35.0,14.0,8.0,2.0,0.0,-1.4943807125091553,-1.844496488571167,10.0,-0.014955182559788227,-1.482315182685852,-17.39875,0.0,0.0,0.0,0.0,1.0,6.0,3.0,9.0,36.0,36.0,36.0,15.0,9.0,3.0,0.0
12935,0.0,0.0,0.0,0.0,1.0,6.0,3.0,9.0,36.0,36.0,36.0,15.0,9.0,3.0,0.0,-1.881295919418335,-1.5918941497802734,9.0,-1.782379150390625,-1.7844902276992798,-18.29875,0.0,0.0,0.0,0.0,1.0,7.0,4.0,10.0,37.0,37.0,37.0,16.0,10.0,1.0,0.0
12936,0.0,0.0,0.0,0.0,1.0,7.0,4.0,10.0,37.0,37.0,37.0,16.0,10.0,1.0,0.0,-1.144669771194458,-1.7709542512893677,10.0,-1.1107711791992188,-1.9151606559753418,-18.89875,0.0,0.0,0.0,0.0,1.0,8.0,5.0,11.0,38.0,38.0,38.0,17.0,11.0,2.0,0.0
12937,0.0,0.0,0.0,0.0,1.0,8.0,5.0,11.0,38.0,38.0,38.0,17.0,11.0,2.0,7.0,-1.8484561443328857,-1.8287805318832397,9.0,-0.2390856295824051,-1.83969247341156,-24.75875,0.0,0.0,0.0,0.0,2.0,9.0,6.0,12.0,39.0,39.0,39.0,1.0,12.0,1.0,0.0
12938,0.0,0.0,0.0,0.0,2.0,9.0,6.0,12.0,39.0,39.0,39.0,1.0,12.0,1.0,0.0,-1.9081496000289917,-1.91813325881958,9.0,-1.205075740814209,-1.6831717491149902,-18.89875,0.0,0.0,0.0,0.0,1.0,10.0,7.0,13.0,40.0,40.0,40.0,2.0,13.0,1.0,0.0
12939,0.0,0.0,0.0,0.0,1.0,10.0,7.0,13.0,40.0,40.0,40.0,2.0,13.0,1.0,0.0,-1.8640795946121216,-1.6489471197128296,3.0,-0.013068608939647675,-1.7970914840698242,-19.59875,0.0,0.0,0.0,0.0,1.0,11.0,8.0,1.0,41.0,41.0,41.0,3.0,14.0,2.0,0.0
12940,0.0,0.0,0.0,0.0,1.0,11.0,8.0,1.0,41.0,41.0,41.0,3.0,14.0,2.0,0.0,-0.8964130878448486,-1.8882187604904175,3.0,-1.7631968259811401,-1.934361219406128,-19.19875,0.0,0.0,0.0,0.0,1.0,12.0,9.0,1.0,42.0,42.0,42.0,4.0,15.0,3.0,0.0
12941,0.0,0.0,0.0,0.0,1.0,12.0,9.0,1.0,42.0,42.0,42.0,4.0,15.0,3.0,0.0,-1.5120195150375366,-1.9544456005096436,9.0,-1.3630051612854004,-1.4751319885253906,-19.99875,0.0,0.0,0.0,0.0,1.0,13.0,10.0,2.0,43.0,43.0,43.0,5.0,16.0,1.0,0.0
12942,0.0,0.0,0.0,0.0,1.0,13.0,10.0,2.0,43.0,43.0,43.0,5.0,16.0,1.0,0.0,-1.6286451816558838,-1.9804391860961914,3.0,0.20528188347816467,-1.7805958986282349,-20.59875,0.0,0.0,0.20528188347816467,0.0,1.0,14.0,11.0,1.0,44.0,44.0,44.0,6.0,17.0,2.0,0.0
12943,0.0,0.0,0.20528188347816467,0.0,1.0,14.0,11.0,1.0,44.0,44.0,44.0,6.0,17.0,2.0,0.0,-1.8820635080337524,-1.8852753639221191,9.0,-1.8935028314590454,-0.6516322493553162,-21.29875,0.0,0.0,0.0,0.0,1.0,15.0,12.0,2.0,45.0,45.0,45.0,7.0,18.0,1.0,0.0
12944,0.0,0.0,0.0,0.0,1.0,15.0,12.0,2.0,45.0,45.0,45.0,7.0,18.0,1.0,0.0,-1.887542724609375,-1.8905963897705078,9.0,-1.5687752962112427,-1.7874432802200317,-21.99875,0.0,0.0,0.0,0.0,1.0,16.0,13.0,3.0,46.0,46.0,46.0,8.0,19.0,1.0,0.0
12945,0.0,0.0,0.0,0.0,1.0,16.0,13.0,3.0,46.0,46.0,46.0,8.0,19.0,1.0,0.0,-1.8476760387420654,-1.9407355785369873,9.0,-1.2884191274642944,-0.8234912753105164,-22.79875,0.0,0.0,0.0,0.0,1.0,17.0,14.0,4.0,47.0,47.0,47.0,9.0,20.0,1.0,0.0
12946,0.0,0.0,0.0,0.0,1.0,17.0,14.0,4.0,47.0,47.0,47.0,9.0,20.0,1.0,0.0,-1.6415694952011108,-1.9385491609573364,9.0,-1.7942649126052856,-1.2673770189285278,-23.59875,0.0,0.0,0.0,0.0,1.0,18.0,15.0,5.0,48.0,48.0,48.0,10.0,21.0,1.0,0.0
12947,0.0,0.0,0.0,0.0,1.0,18.0,15.0,5.0,48.0,48.0,48.0,10.0,21.0,1.0,0.0,-1.121726393699646,-1.8947417736053467,3.0,-0.061506062746047974,-1.729793667793274,-24.39875,0.0,0.0,0.0,0.0,1.0,19.0,16.0,1.0,49.0,49.0,49.0,11.0,22.0,2.0,0.0
12948,0.0,0.0,0.0,0.0,1.0,19.0,16.0,1.0,49.0,49.0,49.0,11.0,22.0,2.0,0.0,-1.7602050304412842,-1.7683016061782837,0.0,-0.7825731039047241,-1.7768222093582153,-24.79875,0.0,0.0,0.0,0.0,1.0,20.0,17.0,2.0,50.0,50.0,50.0,12.0,23.0,3.0,0.0
12949,0.0,0.0,0.0,0.0,1.0,20.0,17.0,2.0,50.0,50.0,50.0,12.0,23.0,3.0,0.0,-1.6131181716918945,-1.7729897499084473,9.0,-1.6751714944839478,-1.1245921850204468,-25.69875,0.0,0.0,0.0,0.0,1.0,21.0,18.0,3.0,51.0,51.0,51.0,13.0,24.0,1.0,0.0
12950,0.0,0.0,0.0,0.0,1.0,21.0,18.0,3.0,51.0,51.0,51.0,13.0,24.0,1.0,0.0,-1.9408633708953857,-1.8079971075057983,9.0,-1.3413928747177124,-1.433516502380371,-26.29875,0.0,0.0,0.0,0.0,1.0,22.0,19.0,4.0,52.0,52.0,52.0,14.0,25.0,1.0,0.0
12951,0.0,0.0,0.0,0.0,1.0,22.0,19.0,4.0,52.0,52.0,52.0,14.0,25.0,1.0,0.0,-1.611226201057434,-1.878471851348877,9.0,-1.7256934642791748,-0.6869990229606628,-27.09875,0.0,0.0,0.0,0.0,1.0,23.0,20.0,5.0,53.0,53.0,53.0,15.0,26.0,1.0,0.0
12952,0.0,0.0,0.0,0.0,1.0,23.0,20.0,5.0,53.0,53.0,53.0,15.0,26.0,1.0,2.0,-1.7779200077056885,-1.9624900817871094,9.0,-0.8006693720817566,-1.6678144931793213,-40.29875,0.0,0.0,0.0,0.0,2.0,24.0,1.0,6.0,54.0,54.0,54.0,16.0,27.0,1.0,0.0
12953,0.0,0.0,0.0,0.0,2.0,24.0,1.0,6.0,54.0,54.0,54.0,16.0,27.0,1.0,0.0,-1.6972565650939941,-1.8596174716949463,9.0,-1.918506145477295,-1.5167208909988403,-26.79875,0.0,0.0,0.0,0.0,1.0,25.0,2.0,7.0,55.0,55.0,55.0,17.0,28.0,1.0,0.0
12954,0.0,0.0,0.0,0.0,1.0,25.0,2.0,7.0,55.0,55.0,55.0,17.0,28.0,1.0,0.0,-1.7528107166290283,-1.883915901184082,3.0,1.0828596353530884,-1.6919218301773071,-27.49875,0.0,0.0,1.0828596353530884,0.0,1.0,26.0,3.0,1.0,56.0,56.0,56.0,18.0,29.0,2.0,0.0
12955,0.0,0.0,1.0828596353530884,0.0,1.0,26.0,3.0,1.0,56.0,56.0,56.0,18.0,29.0,2.0,0.0,-1.8127931356430054,-1.7329899072647095,3.0,-1.8994262218475342,0.09199357777833939,-27.69875,0.0,0.0,0.0,0.09199357777833939,1.0,27.0,4.0,1.0,57.0,57.0,57.0,19.0,30.0,3.0,0.0
12956,0.0,0.0,0.0,0.09199357777833939,1.0,27.0,4.0,1.0,57.0,57.0,57.0,19.0,30.0,3.0,0.0,-1.8205363750457764,-1.8544237613677979,10.0,0.5370428562164307,-1.0288212299346924,-28.49875,0.0,0.0,0.5370428562164307,0.0,1.0,28.0,5.0,2.0,58.0,58.0,58.0,20.0,31.0,4.0,0.0
12957,0.0,0.0,0.5370428562164307,0.0,1.0,28.0,5.0,2.0,58.0,58.0,58.0,20.0,31.0,4.0,0.0,-1.790374517440796,-1.7489838600158691,3.0,-1.507408618927002,-1.3716727495193481,-29.39875,0.0,0.0,0.0,0.0,1.0,29.0,6.0,1.0,59.0,59.0,59.0,21.0,32.0,5.0,0.0
12958,0.0,0.0,0.0,0.0,1.0,29.0,6.0,1.0,59.0,59.0,59.0,21.0,32.0,5.0,0.0,-1.795522928237915,-1.9155718088150024,3.0,-1.6279391050338745,-0.3447343111038208,-30.09875,0.0,0.0,0.0,0.0,1.0,30.0,7.0,1.0,60.0,60.0,60.0,22.0,33.0,6.0,0.0
12959,0.0,0.0,0.0,0.0,1.0,30.0,7.0,1.0,60.0,60.0,60.0,22.0,33.0,6.0,0.0,-1.5574084520339966,-1.9196505546569824,3.0,-1.8491791486740112,-1.8263208866119385,-30.89875,0.0,0.0,0.0,0.0,1.0,31.0,8.0,1.0,61.0,61.0,61.0,23.0,34.0,7.0,0.0
12960,0.0,0.0,0.0,0.0,1.0,31.0,8.0,1.0,61.0,61.0,61.0,23.0,34.0,7.0,0.0,-1.805039405822754,-1.9375962018966675,9.0,-1.8681285381317139,-1.4859352111816406,-31.69875,0.0,0.0,0.0,0.0,1.0,32.0,9.0,2.0,62.0,62.0,62.0,24.0,35.0,1.0,0.0
12961,0.0,0.0,0.0,0.0,1.0,32.0,9.0,2.0,62.0,62.0,62.0,24.0,35.0,1.0,0.0,-1.8024747371673584,-1.734976887702942,9.0,-0.34508317708969116,-1.8483721017837524,-31.89875,0.0,0.0,0.0,0.0,1.0,33.0,10.0,3.0,63.0,63.0,63.0,25.0,36.0,1.0,0.0
12962,0.0,0.0,0.0,0.0,1.0,33.0,10.0,3.0,63.0,63.0,63.0,25.0,36.0,1.0,0.0,-1.692116379737854,-1.5968942642211914,3.0,-1.8172848224639893,-1.480207920074463,-32.698750000000004,0.0,0.0,0.0,0.0,1.0,34.0,11.0,1.0,64.0,64.0,64.0,26.0,37.0,2.0,0.0
12963,0.0,0.0,0.0,0.0,1.0,34.0,11.0,1.0,64.0,64.0,64.0,26.0,37.0,2.0,0.0,-1.5536472797393799,-1.8944647312164307,3.0,-1.0127307176589966,-1.9370143413543701,-33.29875,0.0,0.0,0.0,0.0,1.0,35.0,12.0,1.0,65.0,65.0,65.0,27.0,38.0,3.0,0.0
12964,0.0,0.0,0.0,0.0,1.0,35.0,12.0,1.0,65.0,65.0,65.0,27.0,38.0,3.0,0.0,-1.4738682508468628,-1.4660803079605103,3.0,-1.5115035772323608,-1.4356005191802979,-34.09875,0.0,0.0,0.0,0.0,1.0,36.0,13.0,1.0,66.0,66.0,66.0,28.0,39.0,4.0,0.0
12965,0.0,0.0,0.0,0.0,1.0,36.0,13.0,1.0,66.0,66.0,66.0,28.0,39.0,4.0,0.0,-1.8471670150756836,-1.4465423822402954,3.0,-0.5625692009925842,-1.3865647315979004,-34.89875,0.0,0.0,0.0,0.0,1.0,37.0,14.0,1.0,67.0,67.0,67.0,29.0,40.0,5.0,0.0
12966,0.0,0.0,0.0,0.0,1.0,37.0,14.0,1.0,67.0,67.0,67.0,29.0,40.0,5.0,0.0,-1.8484869003295898,-1.7341042757034302,10.0,-1.8083531856536865,-1.6048637628555298,-35.69875,0.0,0.0,0.0,0.0,1.0,38.0,15.0,2.0,68.0,68.0,68.0,30.0,41.0,6.0,0.0
12967,0.0,0.0,0.0,0.0,1.0,38.0,15.0,2.0,68.0,68.0,68.0,30.0,41.0,6.0,0.0,-1.4652522802352905,-1.8437329530715942,3.0,-1.833432674407959,-1.7802832126617432,-36.59875,0.0,0.0,0.0,0.0,1.0,39.0,16.0,1.0,69.0,69.0,69.0,31.0,42.0,7.0,0.0
12968,0.0,0.0,0.0,0.0,1.0,39.0,16.0,1.0,69.0,69.0,69.0,31.0,42.0,7.0,0.0,-1.6836609840393066,-1.7903136014938354,9.0,-1.4304149150848389,-1.6854246854782104,-37.29875,0.0,0.0,0.0,0.0,1.0,40.0,17.0,2.0,70.0,70.0,70.0,32.0,43.0,1.0,0.0
12969,0.0,0.0,0.0,0.0,1.0,40.0,17.0,2.0,70.0,70.0,70.0,32.0,43.0,1.0,0.0,-1.930411458015442,-1.8755544424057007,10.0,0.0011415480403229594,-1.5863028764724731,-37.49875,0.0,0.0,0.0011415480403229594,0.0,1.0,41.0,18.0,3.0,71.0,71.0,71.0,33.0,44.0,2.0,0.0
12970,0.0,0.0,0.0011415480403229594,0.0,1.0,41.0,18.0,3.0,71.0,71.0,71.0,33.0,44.0,2.0,0.0,-1.9063011407852173,-1.8451566696166992,3.0,-1.9270648956298828,-1.8848081827163696,-38.39875,0.0,0.0,0.0,0.0,1.0,42.0,19.0,1.0,72.0,72.0,72.0,34.0,45.0,3.0,0.0
12971,0.0,0.0,0.0,0.0,1.0,42.0,19.0,1.0,72.0,72.0,72.0,34.0,45.0,3.0,0.0,-1.176257610321045,-1.9175803661346436,3.0,-1.5448309183120728,-1.4863609075546265,-38.99875,0.0,0.0,0.0,0.0,1.0,43.0,20.0,1.0,73.0,73.0,73.0,35.0,46.0,4.0,0.0
12972,0.0,0.0,0.0,0.0,1.0,43.0,20.0,1.0,73.0,73.0,73.0,35.0,46.0,4.0,0.0,-0.6801527738571167,-1.8353993892669678,9.0,-1.4153838157653809,-1.0417996644973755,-39.79875,0.0,0.0,0.0,0.0,1.0,44.0,21.0,2.0,74.0,74.0,74.0,36.0,47.0,1.0,0.0
12973,0.0,0.0,0.0,0.0,1.0,44.0,21.0,2.0,74.0,74.0,74.0,36.0,47.0,1.0,0.0,-1.8858615159988403,-1.9057081937789917,3.0,-1.9787085056304932,-1.404632568359375,-40.29875,0.0,0.0,0.0,0.0,1.0,45.0,22.0,1.0,75.0,75.0,75.0,37.0,48.0,2.0,0.0
12974,0.0,0.0,0.0,0.0,1.0,45.0,22.0,1.0,75.0,75.0,75.0,37.0,48.0,2.0,0.0,-1.8019511699676514,-1.3443413972854614,9.0,-1.808510422706604,-0.8280510306358337,-40.99875,0.0,0.0,0.0,0.0,1.0,46.0,23.0,2.0,76.0,76.0,76.0,38.0,49.0,1.0,0.0
12975,0.0,0.0,0.0,0.0,1.0,46.0,23.0,2.0,76.0,76.0,76.0,38.0,49.0,1.0,0.0,-1.9045172929763794,-1.8382230997085571,3.0,-1.5770479440689087,-1.648034930229187,-41.69875,0.0,0.0,0.0,0.0,1.0,47.0,24.0,1.0,77.0,77.0,77.0,39.0,50.0,2.0,0.0
12976,0.0,0.0,0.0,0.0,1.0,47.0,24.0,1.0,77.0,77.0,77.0,39.0,50.0,2.0,0.0,-1.3439315557479858,-1.7035361528396606,9.0,-1.494921088218689,-1.5406615734100342,-42.39875,0.0,0.0,0.0,0.0,1.0,48.0,25.0,2.0,78.0,78.0,78.0,40.0,51.0,1.0,0.0
12977,0.0,0.0,0.0,0.0,1.0,48.0,25.0,2.0,78.0,78.0,78.0,40.0,51.0,1.0,0.0,-1.8260825872421265,-1.7642532587051392,3.0,-1.9898197650909424,-1.3558518886566162,-43.09875,0.0,0.0,0.0,0.0,1.0,49.0,26.0,1.0,79.0,79.0,79.0,41.0,52.0,2.0,0.0
12978,0.0,0.0,0.0,0.0,1.0,49.0,26.0,1.0,79.0,79.0,79.0,41.0,52.0,2.0,0.0,-1.5637906789779663,-1.8445584774017334,9.0,-1.8966699838638306,-0.5545699596405029,-43.79875,0.0,0.0,0.0,0.0,1.0,50.0,27.0,2.0,80.0,80.0,80.0,42.0,53.0,1.0,0.0
12979,0.0,0.0,0.0,0.0,1.0,50.0,27.0,2.0,80.0,80.0,80.0,42.0,53.0,1.0,0.0,-1.8921279907226562,-1.7903680801391602,3.0,-1.7032709121704102,-0.6983265280723572,-44.49875,0.0,0.0,0.0,0.0,1.0,51.0,28.0,1.0,81.0,81.0,81.0,43.0,54.0,2.0,0.0
12980,0.0,0.0,0.0,0.0,1.0,51.0,28.0,1.0,81.0,81.0,81.0,43.0,54.0,2.0,0.0,-1.5853314399719238,-1.9783825874328613,3.0,-1.5455352067947388,-0.9357398748397827,-45.19875,0.0,0.0,0.0,0.0,1.0,52.0,29.0,1.0,82.0,82.0,82.0,44.0,55.0,3.0,0.0
12981,0.0,0.0,0.0,0.0,1.0,52.0,29.0,1.0,82.0,82.0,82.0,44.0,55.0,3.0,0.0,-1.6966677904129028,-1.9075926542282104,3.0,-1.7314720153808594,-0.7435478568077087,-45.99875,0.0,0.0,0.0,0.0,1.0,53.0,30.0,1.0,83.0,83.0,83.0,45.0,56.0,4.0,0.0
12982,0.0,0.0,0.0,0.0,1.0,53.0,30.0,1.0,83.0,83.0,83.0,45.0,56.0,4.0,0.0,-0.896560549736023,-1.816235065460205,3.0,-1.666771411895752,-0.2053872048854828,-46.79875,0.0,0.0,0.0,0.0,1.0,54.0,31.0,1.0,84.0,84.0,84.0,46.0,57.0,5.0,0.0
12983,0.0,0.0,0.0,0.0,1.0,54.0,31.0,1.0,84.0,84.0,84.0,46.0,57.0,5.0,0.0,-0.09834267944097519,-1.8881207704544067,9.0,-1.6847761869430542,0.5630966424942017,-47.59875,0.0,0.0,0.0,0.5630966424942017,1.0,55.0,32.0,2.0,85.0,85.0,85.0,47.0,58.0,1.0,0.0
12984,0.0,0.0,0.0,0.5630966424942017,1.0,55.0,32.0,2.0,85.0,85.0,85.0,47.0,58.0,1.0,0.0,-1.7932628393173218,-1.8333455324172974,9.0,-1.25467848777771,-1.6178666353225708,-47.99875,0.0,0.0,0.0,0.0,1.0,56.0,33.0,3.0,86.0,86.0,86.0,48.0,59.0,1.0,0.0
12985,0.0,0.0,0.0,0.0,1.0,56.0,33.0,3.0,86.0,86.0,86.0,48.0,59.0,1.0,0.0,-1.351320743560791,-1.9922493696212769,3.0,0.9810974597930908,-1.6079870462417603,-48.79875,0.0,0.0,0.9810974597930908,0.0,1.0,57.0,34.0,1.0,87.0,87.0,87.0,49.0,60.0,2.0,0.0
12986,0.0,0.0,0.9810974597930908,0.0,1.0,57.0,34.0,1.0,87.0,87.0,87.0,49.0,60.0,2.0,0.0,-1.7643160820007324,-1.8940308094024658,3.0,-1.921667456626892,-0.7851983308792114,-49.39875,0.0,0.0,0.0,0.0,1.0,58.0,35.0,1.0,88.0,88.0,88.0,50.0,61.0,3.0,0.0
12987,0.0,0.0,0.0,0.0,1.0,58.0,35.0,1.0,88.0,88.0,88.0,50.0,61.0,3.0,0.0,-1.8739938735961914,-1.9823336601257324,9.0,-1.9208853244781494,-1.8391402959823608,-50.19875,0.0,0.0,0.0,0.0,1.0,59.0,36.0,2.0,89.0,89.0,89.0,51.0,62.0,1.0,0.0
12988,0.0,0.0,0.0,0.0,1.0,59.0,36.0,2.0,89.0,89.0,89.0,51.0,62.0,1.0,0.0,-1.8327350616455078,-1.9419100284576416,9.0,-1.917492389678955,-1.546059489250183,-50.79875,0.0,0.0,0.0,0.0,1.0,60.0,37.0,3.0,90.0,90.0,90.0,52.0,63.0,1.0,0.0
12989,0.0,0.0,0.0,0.0,1.0,60.0,37.0,3.0,90.0,90.0,90.0,52.0,63.0,1.0,0.0,-1.9120750427246094,-1.821241855621338,3.0,-1.7537031173706055,-1.7324888706207275,-51.59875,0.0,0.0,0.0,0.0,1.0,61.0,38.0,1.0,91.0,91.0,91.0,53.0,64.0,2.0,0.0
12990,0.0,0.0,0.0,0.0,1.0,61.0,38.0,1.0,91.0,91.0,91.0,53.0,64.0,2.0,0.0,-1.9716628789901733,-1.8639788627624512,9.0,-1.5251150131225586,-1.8854528665542603,-52.19875,0.0,0.0,0.0,0.0,1.0,62.0,39.0,2.0,92.0,92.0,92.0,54.0,65.0,1.0,0.0
12991,0.0,0.0,0.0,0.0,1.0,62.0,39.0,2.0,92.0,92.0,92.0,54.0,65.0,1.0,0.0,-1.9417493343353271,-1.876110315322876,3.0,-0.030711740255355835,-1.9206554889678955,-52.89875,0.0,0.0,0.0,0.0,1.0,63.0,40.0,1.0,93.0,93.0,93.0,55.0,66.0,2.0,0.0
12992,0.0,0.0,0.0,0.0,1.0,63.0,40.0,1.0,93.0,93.0,93.0,55.0,66.0,2.0,0.0,-1.9800232648849487,-1.9195929765701294,3.0,0.037236202508211136,0.8681734800338745,-53.59875,0.0,0.0,0.037236202508211136,0.8681734800338745,1.0,64.0,41.0,1.0,94.0,94.0,94.0,56.0,67.0,3.0,0.0
12993,0.0,0.0,0.037236202508211136,0.8681734800338745,1.0,64.0,41.0,1.0,94.0,94.0,94.0,56.0,67.0,3.0,0.0,-1.7390284538269043,-1.9644103050231934,9.0,-1.890244960784912,-1.0879918336868286,-54.39875,0.0,0.0,0.0,0.0,1.0,65.0,42.0,2.0,95.0,95.0,95.0,57.0,68.0,1.0,0.0
12994,0.0,0.0,0.0,0.0,1.0,65.0,42.0,2.0,95.0,95.0,95.0,57.0,68.0,1.0,0.0,-1.7515307664871216,-1.7436139583587646,3.0,-0.6971917748451233,-1.1447198390960693,-54.99875,0.0,0.0,0.0,0.0,1.0,66.0,43.0,1.0,96.0,96.0,96.0,58.0,69.0,2.0,0.0
12995,0.0,0.0,0.0,0.0,1.0,66.0,43.0,1.0,96.0,96.0,96.0,58.0,69.0,2.0,0.0,-1.9717741012573242,-1.7854589223861694,9.0,-1.9392175674438477,-1.8367220163345337,-55.69875,0.0,0.0,0.0,0.0,1.0,67.0,44.0,2.0,97.0,97.0,97.0,59.0,70.0,1.0,0.0
12996,0.0,0.0,0.0,0.0,1.0,67.0,44.0,2.0,97.0,97.0,97.0,59.0,70.0,1.0,0.0,-1.7109568119049072,-1.9834774732589722,3.0,-1.9406555891036987,-1.0298924446105957,-56.39875,0.0,0.0,0.0,0.0,1.0,68.0,45.0,1.0,98.0,98.0,98.0,60.0,71.0,2.0,0.0
12997,0.0,0.0,0.0,0.0,1.0,68.0,45.0,1.0,98.0,98.0,98.0,60.0,71.0,2.0,0.0,-1.9909074306488037,-1.8686118125915527,9.0,-1.9400700330734253,-0.7232081890106201,-57.09875,0.0,0.0,0.0,0.0,1.0,69.0,46.0,2.0,99.0,99.0,99.0,61.0,72.0,1.0,0.0
12998,0.0,0.0,0.0,0.0,1.0,69.0,46.0,2.0,99.0,99.0,99.0,61.0,72.0,1.0,0.0,-1.970249056816101,-1.9936351776123047,3.0,-1.9538323879241943,-1.4423747062683105,-57.79875,0.0,0.0,0.0,0.0,1.0,70.0,47.0,1.0,100.0,100.0,100.0,62.0,73.0,2.0,0.0
12999,0.0,0.0,0.0,0.0,1.0,70.0,47.0,1.0,100.0,100.0,100.0,62.0,73.0,2.0,0.0,-1.9717594385147095,-1.8045400381088257,9.0,-1.9671063423156738,-1.4075162410736084,-58.19875,0.0,0.0,0.0,0.0,1.0,71.0,48.0,2.0,100.0,100.0,100.0,63.0,74.0,1.0,1.0
13000,8.172770500183105,7.175571918487549,9.408492088317871,9.795978546142578,1.0,1.0,1.0,1.0,1.0,1.0,1.0,1.0,1.0,1.0,8.0,-1.696584939956665,0.17066429555416107,3.0,-0.3020011782646179,-1.9632608890533447,-3.109046425734655,6.47618556022644,7.34623621404171,9.106490910053253,7.832717657089233,2.0,2.0,2.0,1.0,2.0,2.0,2.0,2.0,1.0,2.0,0.0
13001,6.47618556022644,7.34623621404171,9.106490910053253,7.832717657089233,2.0,2.0,2.0,1.0,2.0,2.0,2.0,2.0,1.0,2.0,8.0,-1.938979148864746,-0.1750730276107788,1.0,-1.9451297521591187,-1.825788974761963,-3.016492278646787,4.537206411361694,7.171163186430931,7.1613611578941345,6.0069286823272705,3.0,1.0,3.0,2.0,3.0,3.0,3.0,3.0,1.0,3.0,0.0
13002,4.537206411361694,7.171163186430931,7.1613611578941345,6.0069286823272705,3.0,1.0,3.0,2.0,3.0,3.0,3.0,3.0,1.0,3.0,2.0,-0.8526681065559387,-1.5277949571609497,3.0,-1.7220284938812256,-1.938120722770691,-5.168927519361318,3.6845383048057556,5.643368229269981,5.439332664012909,4.06880795955658,4.0,2.0,1.0,1.0,4.0,4.0,4.0,4.0,2.0,4.0,0.0
13003,3.6845383048057556,5.643368229269981,5.439332664012909,4.06880795955658,4.0,2.0,1.0,1.0,4.0,4.0,4.0,4.0,2.0,4.0,7.0,-1.9284164905548096,-1.825425624847412,1.0,-1.0153411626815796,-1.850448727607727,-8.874003018272067,1.756121814250946,3.8179426044225693,4.423991501331329,2.2183592319488525,5.0,1.0,2.0,2.0,5.0,5.0,5.0,1.0,3.0,5.0,0.0
13004,1.756121814250946,3.8179426044225693,4.423991501331329,2.2183592319488525,5.0,1.0,2.0,2.0,5.0,5.0,5.0,1.0,3.0,5.0,0.0,-0.6839795112609863,-1.890897274017334,0.0,-0.7993801236152649,-1.8259812593460083,-5.159345467191975,1.0721423029899597,1.9270453304052353,3.6246113777160645,0.39237797260284424,1.0,2.0,3.0,3.0,6.0,6.0,6.0,2.0,4.0,6.0,0.0
13005,1.0721423029899597,1.9270453304052353,3.6246113777160645,0.39237797260284424,1.0,2.0,3.0,3.0,6.0,6.0,6.0,2.0,4.0,6.0,0.0,-1.8881499767303467,-1.4875850677490234,0.0,-1.4056452512741089,-1.9397099018096924,-6.624335402845211,0.0,0.43946026265621185,2.2189661264419556,0.0,1.0,3.0,4.0,4.0,7.0,7.0,7.0,3.0,5.0,7.0,0.0
13006,0.0,0.43946026265621185,2.2189661264419556,0.0,1.0,3.0,4.0,4.0,7.0,7.0,7.0,3.0,5.0,7.0,0.0,-1.967360019683838,-1.9572941064834595,0.0,-1.6819754838943481,-1.6221199035644531,-7.69875,0.0,0.0,0.5369906425476074,0.0,1.0,4.0,5.0,5.0,8.0,8.0,8.0,4.0,6.0,8.0,0.0
13007,0.0,0.0,0.5369906425476074,0.0,1.0,4.0,5.0,5.0,8.0,8.0,8.0,4.0,6.0,8.0,0.0,-1.4756582975387573,-1.6591764688491821,9.0,-1.2778958082199097,-1.4836593866348267,-8.59875,0.0,0.0,0.0,0.0,1.0,5.0,6.0,6.0,9.0,9.0,9.0,5.0,7.0,1.0,0.0
13008,0.0,0.0,0.0,0.0,1.0,5.0,6.0,6.0,9.0,9.0,9.0,5.0,7.0,1.0,10.0,-1.5411694049835205,-0.9527337551116943,0.0,-1.4619309902191162,-1.8522496223449707,-6.8,0.0,0.0,0.0,0.0,1.0,6.0,7.0,7.0,10.0,10.0,10.0,6.0,8.0,2.0,0.0
13009,0.0,0.0,0.0,0.0,1.0,6.0,7.0,7.0,10.0,10.0,10.0,6.0,8.0,2.0,2.0,-1.8660612106323242,-1.1319278478622437,0.0,-1.7685104608535767,-1.8649314641952515,-21.998749999999998,0.0,0.0,0.0,0.0,1.0,7.0,1.0,8.0,11.0,11.0,11.0,7.0,9.0,3.0,0.0
13010,0.0,0.0,0.0,0.0,1.0,7.0,1.0,8.0,11.0,11.0,11.0,7.0,9.0,3.0,0.0,-1.1581244468688965,-1.8007572889328003,0.0,-1.8868894577026367,-1.960699439048767,-9.79875,0.0,0.0,0.0,0.0,1.0,8.0,2.0,9.0,12.0,12.0,12.0,8.0,10.0,4.0,0.0
13011,0.0,0.0,0.0,0.0,1.0,8.0,2.0,9.0,12.0,12.0,12.0,8.0,10.0,4.0,7.0,-1.1962175369262695,-1.97226083278656,3.0,0.28473326563835144,-1.8546055555343628,-15.658750000000001,0.0,0.0,0.28473326563835144,0.0,2.0,9.0,3.0,1.0,13.0,13.0,13.0,1.0,11.0,5.0,0.0
13012,0.0,0.0,0.28473326563835144,0.0,2.0,9.0,3.0,1.0,13.0,13.0,13.0,1.0,11.0,5.0,0.0,-1.721613883972168,-1.7564845085144043,0.0,0.4658670723438263,-1.8676536083221436,-9.99875,0.0,0.0,0.7506003379821777,0.0,1.0,10.0,4.0,2.0,14.0,14.0,14.0,2.0,12.0,6.0,0.0
13013,0.0,0.0,0.7506003379821777,0.0,1.0,10.0,4.0,2.0,14.0,14.0,14.0,2.0,12.0,6.0,0.0,-1.8000456094741821,-1.7869868278503418,0.0,-0.5285332202911377,0.12542597949504852,-10.79875,0.0,0.0,0.22206711769104004,0.12542597949504852,1.0,11.0,5.0,3.0,15.0,15.0,15.0,3.0,13.0,7.0,0.0
13014,0.0,0.0,0.22206711769104004,0.12542597949504852,1.0,11.0,5.0,3.0,15.0,15.0,15.0,3.0,13.0,7.0,0.0,-1.7326425313949585,-1.5851564407348633,9.0,-0.7683932781219482,-1.9498387575149536,-11.69875,0.0,0.0,0.0,0.0,1.0,12.0,6.0,4.0,16.0,16.0,16.0,4.0,14.0,1.0,0.0
13015,0.0,0.0,0.0,0.0,1.0,12.0,6.0,4.0,16.0,16.0,16.0,4.0,14.0,1.0,0.0,-1.079659342765808,-1.9521113634109497,0.0,-1.269071102142334,-1.7076448202133179,-11.89875,0.0,0.0,0.0,0.0,1.0,13.0,7.0,5.0,17.0,17.0,17.0,5.0,15.0,2.0,0.0
13016,0.0,0.0,0.0,0.0,1.0,13.0,7.0,5.0,17.0,17.0,17.0,5.0,15.0,2.0,0.0,-1.384877324104309,-1.964773178100586,9.0,-1.6539403200149536,-1.6646649837493896,-12.79875,0.0,0.0,0.0,0.0,1.0,14.0,8.0,6.0,18.0,18.0,18.0,6.0,16.0,1.0,0.0
13017,0.0,0.0,0.0,0.0,1.0,14.0,8.0,6.0,18.0,18.0,18.0,6.0,16.0,1.0,2.0,-1.329665184020996,-1.4821410179138184,0.0,-0.7296907305717468,-1.5092796087265015,-25.898749999999996,0.0,0.0,0.0,0.0,1.0,15.0,1.0,7.0,19.0,19.0,19.0,7.0,17.0,2.0,0.0
13018,0.0,0.0,0.0,0.0,1.0,15.0,1.0,7.0,19.0,19.0,19.0,7.0,17.0,2.0,0.0,-0.9193493127822876,-1.8393678665161133,0.0,-1.1267951726913452,-1.7130388021469116,-13.598749999999999,0.0,0.0,0.0,0.0,1.0,16.0,2.0,8.0,20.0,20.0,20.0,8.0,18.0,3.0,0.0
13019,0.0,0.0,0.0,0.0,1.0,16.0,2.0,8.0,20.0,20.0,20.0,8.0,18.0,3.0,0.0,-1.8602217435836792,-1.9259793758392334,3.0,-1.6017056703567505,-1.6293973922729492,-14.49875,0.0,0.0,0.0,0.0,1.0,17.0,3.0,1.0,21.0,21.0,21.0,9.0,19.0,4.0,0.0
13020,0.0,0.0,0.0,0.0,1.0,17.0,3.0,1.0,21.0,21.0,21.0,9.0,19.0,4.0,0.0,-0.31567978858947754,-1.9465821981430054,3.0,-1.3650100231170654,-1.752519965171814,-14.598749999999999,0.0,0.0,0.0,0.0,1.0,18.0,4.0,1.0,22.0,22.0,22.0,10.0,20.0,5.0,0.0
13021,0.0,0.0,0.0,0.0,1.0,18.0,4.0,1.0,22.0,22.0,22.0,10.0,20.0,5.0,0.0,-1.955540657043457,-0.9689301252365112,3.0,-1.897383213043213,-1.9175033569335938,-15.39875,0.0,0.0,0.0,0.0,1.0,19.0,5.0,1.0,23.0,23.0,23.0,11.0,21.0,6.0,0.0
13022,0.0,0.0,0.0,0.0,1.0,19.0,5.0,1.0,23.0,23.0,23.0,11.0,21.0,6.0,0.0,-1.875691533088684,-1.3926982879638672,0.0,-1.1857256889343262,-1.844057559967041,-16.19875,0.0,0.0,0.0,0.0,1.0,20.0,6.0,2.0,24.0,24.0,24.0,12.0,22.0,7.0,0.0
13023,0.0,0.0,0.0,0.0,1.0,20.0,6.0,2.0,24.0,24.0,24.0,12.0,22.0,7.0,0.0,-1.45820152759552,-1.0000652074813843,3.0,-1.7676974534988403,-1.5942493677139282,-17.09875,0.0,0.0,0.0,0.0,1.0,21.0,7.0,1.0,25.0,25.0,25.0,13.0,23.0,8.0,0.0
13024,0.0,0.0,0.0,0.0,1.0,21.0,7.0,1.0,25.0,25.0,25.0,13.0,23.0,8.0,0.0,-1.5483994483947754,-1.8305635452270508,9.0,-1.6869919300079346,-1.264299750328064,-17.798750000000002,0.0,0.0,0.0,0.0,1.0,22.0,8.0,2.0,26.0,26.0,26.0,14.0,24.0,1.0,0.0
13025,0.0,0.0,0.0,0.0,1.0,22.0,8.0,2.0,26.0,26.0,26.0,14.0,24.0,1.0,0.0,-1.7876094579696655,-1.8881293535232544,3.0,-0.6731703877449036,-1.389581322669983,-17.89875,0.0,0.0,0.0,0.0,1.0,23.0,9.0,1.0,27.0,27.0,27.0,15.0,25.0,2.0,0.0
13026,0.0,0.0,0.0,0.0,1.0,23.0,9.0,1.0,27.0,27.0,27.0,15.0,25.0,2.0,0.0,-0.35584431886672974,-1.474135160446167,3.0,-1.8727885484695435,-1.6947849988937378,-18.59875,0.0,0.0,0.0,0.0,1.0,24.0,10.0,1.0,28.0,28.0,28.0,16.0,26.0,3.0,0.0
13027,0.0,0.0,0.0,0.0,1.0,24.0,10.0,1.0,28.0,28.0,28.0,16.0,26.0,3.0,7.0,-0.01982361637055874,-1.7846843004226685,9.0,-0.6021707653999329,-1.8112287521362305,-24.35875,0.0,0.0,0.0,0.0,2.0,25.0,11.0,2.0,29.0,29.0,29.0,1.0,27.0,1.0,0.0
13028,0.0,0.0,0.0,0.0,2.0,25.0,11.0,2.0,29.0,29.0,29.0,1.0,27.0,1.0,8.0,-1.8094121217727661,-1.9521538019180298,3.0,-0.23514501750469208,-0.9524729251861572,-27.95375,0.0,0.0,0.0,0.0,3.0,26.0,12.0,1.0,30.0,30.0,30.0,2.0,1.0,2.0,0.0
13029,0.0,0.0,0.0,0.0,3.0,26.0,12.0,1.0,30.0,30.0,30.0,2.0,1.0,2.0,0.0,-1.4923992156982422,-1.9606856107711792,9.0,-0.39973050355911255,-1.9349029064178467,-16.59875,0.0,0.0,0.0,0.0,1.0,27.0,13.0,2.0,31.0,31.0,31.0,3.0,2.0,1.0,0.0
13030,0.0,0.0,0.0,0.0,1.0,27.0,13.0,2.0,31.0,31.0,31.0,3.0,2.0,1.0,0.0,-1.3802374601364136,-1.8876818418502808,3.0,-1.0518895387649536,-1.6304826736450195,-17.09875,0.0,0.0,0.0,0.0,1.0,28.0,14.0,1.0,32.0,32.0,32.0,4.0,3.0,2.0,0.0
13031,0.0,0.0,0.0,0.0,1.0,28.0,14.0,1.0,32.0,32.0,32.0,4.0,3.0,2.0,0.0,-1.919236421585083,-1.4677684307098389,9.0,0.18879149854183197,-1.0745278596878052,-17.798750000000002,0.0,0.0,0.18879149854183197,0.0,1.0,29.0,15.0,2.0,33.0,33.0,33.0,5.0,4.0,1.0,0.0
13032,0.0,0.0,0.18879149854183197,0.0,1.0,29.0,15.0,2.0,33.0,33.0,33.0,5.0,4.0,1.0,0.0,-1.8350530862808228,-1.6715847253799438,9.0,0.501544713973999,-1.6318950653076172,-18.49875,0.0,0.0,0.690336212515831,0.0,1.0,30.0,16.0,3.0,34.0,34.0,34.0,6.0,5.0,1.0,0.0
13033,0.0,0.0,0.690336212515831,0.0,1.0,30.0,16.0,3.0,34.0,34.0,34.0,6.0,5.0,1.0,0.0,-1.8569978475570679,-1.9096882343292236,9.0,1.0868507623672485,-1.8045172691345215,-19.29875,0.0,0.0,1.7771869748830795,0.0,1.0,31.0,17.0,4.0,35.0,35.0,35.0,7.0,6.0,1.0,0.0
13034,0.0,0.0,1.7771869748830795,0.0,1.0,31.0,17.0,4.0,35.0,35.0,35.0,7.0,6.0,1.0,0.0,-1.9617547988891602,-1.6804687976837158,9.0,1.3133338689804077,-1.96060311794281,-20.09875,0.0,0.0,3.0905208438634872,0.0,1.0,32.0,18.0,5.0,36.0,36.0,36.0,8.0,7.0,1.0,0.0
13035,0.0,0.0,3.0905208438634872,0.0,1.0,32.0,18.0,5.0,36.0,36.0,36.0,8.0,7.0,1.0,0.0,-1.9176582098007202,-1.6248897314071655,1.0,-1.440412163734436,-1.8023127317428589,-20.89875,0.0,0.0,1.6501086801290512,0.0,1.0,1.0,19.0,6.0,37.0,37.0,37.0,9.0,8.0,2.0,0.0
13036,0.0,0.0,1.6501086801290512,0.0,1.0,1.0,19.0,6.0,37.0,37.0,37.0,9.0,8.0,2.0,0.0,-1.6529227495193481,-1.8583686351776123,9.0,-0.6210267543792725,-1.7349096536636353,-18.59875,0.0,0.0,1.0290819257497787,0.0,1.0,2.0,20.0,7.0,38.0,38.0,38.0,10.0,9.0,1.0,0.0
13037,0.0,0.0,1.0290819257497787,0.0,1.0,2.0,20.0,7.0,38.0,38.0,38.0,10.0,9.0,1.0,2.0,-1.809126853942871,-1.9863172769546509,9.0,-0.42810654640197754,-1.8020743131637573,-31.698749999999997,0.0,0.0,0.6009753793478012,0.0,2.0,3.0,1.0,8.0,39.0,39.0,39.0,11.0,10.0,1.0,0.0
13038,0.0,0.0,0.6009753793478012,0.0,2.0,3.0,1.0,8.0,39.0,39.0,39.0,11.0,10.0,1.0,0.0,-1.9279438257217407,-1.6998889446258545,3.0,-1.9167274236679077,-1.9363065958023071,-18.19875,0.0,0.0,0.0,0.0,1.0,4.0,2.0,1.0,40.0,40.0,40.0,12.0,11.0,2.0,0.0
13039,0.0,0.0,0.0,0.0,1.0,4.0,2.0,1.0,40.0,40.0,40.0,12.0,11.0,2.0,0.0,-1.3655933141708374,-1.7543787956237793,10.0,-1.2783832550048828,-0.5460221767425537,-18.19875,0.0,0.0,0.0,0.0,1.0,5.0,3.0,2.0,41.0,41.0,41.0,13.0,12.0,3.0,0.0
13040,0.0,0.0,0.0,0.0,1.0,5.0,3.0,2.0,41.0,41.0,41.0,13.0,12.0,3.0,0.0,-1.6386668682098389,-1.9320154190063477,10.0,-1.3266195058822632,-1.8788542747497559,-19.09875,0.0,0.0,0.0,0.0,1.0,6.0,4.0,3.0,42.0,42.0,42.0,14.0,13.0,4.0,0.0
13041,0.0,0.0,0.0,0.0,1.0,6.0,4.0,3.0,42.0,42.0,42.0,14.0,13.0,4.0,0.0,-0.9689387679100037,-1.7599071264266968,9.0,-1.7476019859313965,-1.8680082559585571,-19.99875,0.0,0.0,0.0,0.0,1.0,7.0,5.0,4.0,43.0,43.0,43.0,15.0,14.0,1.0,0.0
13042,0.0,0.0,0.0,0.0,1.0,7.0,5.0,4.0,43.0,43.0,43.0,15.0,14.0,1.0,0.0,-1.6501599550247192,-1.9189262390136719,10.0,-0.9699426889419556,-1.9116013050079346,-20.49875,0.0,0.0,0.0,0.0,1.0,8.0,6.0,5.0,44.0,44.0,44.0,16.0,15.0,2.0,0.0
13043,0.0,0.0,0.0,0.0,1.0,8.0,6.0,5.0,44.0,44.0,44.0,16.0,15.0,2.0,0.0,-1.9179234504699707,-1.5419564247131348,9.0,-0.1682470440864563,-1.6135064363479614,-21.39875,0.0,0.0,0.0,0.0,1.0,9.0,7.0,6.0,45.0,45.0,45.0,17.0,16.0,1.0,0.0
13044,0.0,0.0,0.0,0.0,1.0,9.0,7.0,6.0,45.0,45.0,45.0,17.0,16.0,1.0,0.0,-1.422804832458496,-1.3278378248214722,10.0,-0.4526999890804291,-1.1306852102279663,-22.09875,0.0,0.0,0.0,0.0,1.0,10.0,8.0,7.0,46.0,46.0,46.0,18.0,17.0,2.0,0.0
13045,0.0,0.0,0.0,0.0,1.0,10.0,8.0,7.0,46.0,46.0,46.0,18.0,17.0,2.0,2.0,-1.9714468717575073,-1.9760196208953857,10.0,-0.5269812941551208,-1.872182846069336,-35.39875,0.0,0.0,0.0,0.0,2.0,11.0,1.0,8.0,47.0,47.0,47.0,19.0,18.0,3.0,0.0
13046,0.0,0.0,0.0,0.0,2.0,11.0,1.0,8.0,47.0,47.0,47.0,19.0,18.0,3.0,0.0,-1.8214373588562012,-1.299126148223877,10.0,-0.8670369386672974,-1.9488742351531982,-23.19875,0.0,0.0,0.0,0.0,1.0,12.0,2.0,9.0,48.0,48.0,48.0,20.0,19.0,4.0,0.0
13047,0.0,0.0,0.0,0.0,1.0,12.0,2.0,9.0,48.0,48.0,48.0,20.0,19.0,4.0,0.0,-1.568756103515625,-1.2316570281982422,10.0,-1.8469988107681274,-1.646561622619629,-23.99875,0.0,0.0,0.0,0.0,1.0,13.0,3.0,10.0,49.0,49.0,49.0,21.0,20.0,5.0,0.0
13048,0.0,0.0,0.0,0.0,1.0,13.0,3.0,10.0,49.0,49.0,49.0,21.0,20.0,5.0,0.0,-1.9081501960754395,-1.425392508506775,10.0,-1.9146654605865479,-1.9651356935501099,-24.89875,0.0,0.0,0.0,0.0,1.0,14.0,4.0,11.0,50.0,50.0,50.0,22.0,21.0,6.0,0.0
13049,0.0,0.0,0.0,0.0,1.0,14.0,4.0,11.0,50.0,50.0,50.0,22.0,21.0,6.0,0.0,-1.9107561111450195,-1.8116782903671265,10.0,-1.8585712909698486,-1.977626085281372,-25.79875,0.0,0.0,0.0,0.0,1.0,15.0,5.0,12.0,51.0,51.0,51.0,23.0,22.0,7.0,0.0
13050,0.0,0.0,0.0,0.0,1.0,15.0,5.0,12.0,51.0,51.0,51.0,23.0,22.0,7.0,0.0,-1.9554800987243652,-1.684516191482544,9.0,-1.897536277770996,-0.24564123153686523,-26.69875,0.0,0.0,0.0,0.0,1.0,16.0,6.0,13.0,52.0,52.0,52.0,24.0,23.0,1.0,0.0
13051,0.0,0.0,0.0,0.0,1.0,16.0,6.0,13.0,52.0,52.0,52.0,24.0,23.0,1.0,0.0,-1.7062782049179077,-1.9032801389694214,9.0,-0.9038822650909424,-1.3312852382659912,-26.89875,0.0,0.0,0.0,0.0,1.0,17.0,7.0,14.0,53.0,53.0,53.0,25.0,24.0,1.0,0.0
13052,0.0,0.0,0.0,0.0,1.0,17.0,7.0,14.0,53.0,53.0,53.0,25.0,24.0,1.0,0.0,-1.355527400970459,-1.9755885601043701,9.0,0.6006349325180054,-1.87575364112854,-27.69875,0.0,0.0,0.6006349325180054,0.0,1.0,18.0,8.0,15.0,54.0,54.0,54.0,26.0,25.0,1.0,0.0
13053,0.0,0.0,0.6006349325180054,0.0,1.0,18.0,8.0,15.0,54.0,54.0,54.0,26.0,25.0,1.0,0.0,-1.8778055906295776,-1.958782434463501,10.0,-1.6670335531234741,-1.2644648551940918,-28.49875,0.0,0.0,0.0,0.0,1.0,19.0,9.0,16.0,55.0,55.0,55.0,27.0,26.0,2.0,0.0
13054,0.0,0.0,0.0,0.0,1.0,19.0,9.0,16.0,55.0,55.0,55.0,27.0,26.0,2.0,0.0,-1.9322919845581055,-1.9287471771240234,9.0,-1.9106606245040894,-1.9358562231063843,-29.39875,0.0,0.0,0.0,0.0,1.0,20.0,10.0,17.0,56.0,56.0,56.0,28.0,27.0,1.0,0.0
13055,0.0,0.0,0.0,0.0,1.0,20.0,10.0,17.0,56.0,56.0,56.0,28.0,27.0,1.0,0.0,-1.22216796875,-1.8448233604431152,9.0,-1.170047640800476,-1.865005373954773,-30.09875,0.0,0.0,0.0,0.0,1.0,21.0,11.0,18.0,57.0,57.0,57.0,29.0,28.0,1.0,0.0
13056,0.0,0.0,0.0,0.0,1.0,21.0,11.0,18.0,57.0,57.0,57.0,29.0,28.0,1.0,0.0,-1.720238208770752,-1.9525995254516602,9.0,-1.5577231645584106,-1.9677211046218872,-30.89875,0.0,0.0,0.0,0.0,1.0,22.0,12.0,19.0,58.0,58.0,58.0,30.0,29.0,1.0,0.0
13057,0.0,0.0,0.0,0.0,1.0,22.0,12.0,19.0,58.0,58.0,58.0,30.0,29.0,1.0,0.0,-1.9072906970977783,-1.7836791276931763,3.0,-1.6868376731872559,-1.9177789688110352,-31.69875,0.0,0.0,0.0,0.0,1.0,23.0,13.0,1.0,59.0,59.0,59.0,31.0,30.0,2.0,0.0
13058,0.0,0.0,0.0,0.0,1.0,23.0,13.0,1.0,59.0,59.0,59.0,31.0,30.0,2.0,0.0,-1.0550594329833984,-1.4435782432556152,10.0,-0.9414752125740051,-1.874236822128296,-30.69875,0.0,0.0,0.0,0.0,1.0,24.0,14.0,2.0,60.0,60.0,60.0,32.0,31.0,3.0,0.0
13059,0.0,0.0,0.0,0.0,1.0,24.0,14.0,2.0,60.0,60.0,60.0,32.0,31.0,3.0,0.0,-1.3749783039093018,-1.9730169773101807,10.0,-1.4864565134048462,-1.1529653072357178,-31.59875,0.0,0.0,0.0,0.0,1.0,25.0,15.0,3.0,61.0,61.0,61.0,33.0,32.0,4.0,0.0
13060,0.0,0.0,0.0,0.0,1.0,25.0,15.0,3.0,61.0,61.0,61.0,33.0,32.0,4.0,0.0,-1.6582077741622925,-1.6856721639633179,10.0,-0.8917249441146851,-1.5553032159805298,-32.49875,0.0,0.0,0.0,0.0,1.0,26.0,16.0,4.0,62.0,62.0,62.0,34.0,33.0,5.0,0.0
13061,0.0,0.0,0.0,0.0,1.0,26.0,16.0,4.0,62.0,62.0,62.0,34.0,33.0,5.0,0.0,0.34825852513313293,-1.6643798351287842,9.0,-1.671302318572998,-1.8400126695632935,-33.09366859167701,0.34825852513313293,0.0,0.0,0.0,1.0,27.0,17.0,5.0,63.0,63.0,63.0,35.0,34.0,1.0,0.0
13062,0.34825852513313293,0.0,0.0,0.0,1.0,27.0,17.0,5.0,63.0,63.0,63.0,35.0,34.0,1.0,0.0,-1.7322582006454468,-1.8953651189804077,10.0,-1.6258207559585571,-1.959662914276123,-33.79875,0.0,0.0,0.0,0.0,1.0,28.0,18.0,6.0,64.0,64.0,64.0,36.0,35.0,2.0,0.0
13063,0.0,0.0,0.0,0.0,1.0,28.0,18.0,6.0,64.0,64.0,64.0,36.0,35.0,2.0,0.0,-0.9864463210105896,-1.9540942907333374,9.0,-1.2601827383041382,-1.7569873332977295,-34.69875,0.0,0.0,0.0,0.0,1.0,29.0,19.0,7.0,65.0,65.0,65.0,37.0,36.0,1.0,0.0
13064,0.0,0.0,0.0,0.0,1.0,29.0,19.0,7.0,65.0,65.0,65.0,37.0,36.0,1.0,0.0,-1.7369773387908936,-1.9662773609161377,9.0,1.0563489198684692,-1.9879381656646729,-35.39875,0.0,0.0,1.0563489198684692,0.0,1.0,30.0,20.0,8.0,66.0,66.0,66.0,38.0,37.0,1.0,0.0
13065,0.0,0.0,1.0563489198684692,0.0,1.0,30.0,20.0,8.0,66.0,66.0,66.0,38.0,37.0,1.0,0.0,-1.7822480201721191,-1.9302188158035278,3.0,-1.713268518447876,-1.6999447345733643,-36.19875,0.0,0.0,0.0,0.0,1.0,31.0,21.0,1.0,67.0,67.0,67.0,39.0,38.0,2.0,0.0
13066,0.0,0.0,0.0,0.0,1.0,31.0,21.0,1.0,67.0,67.0,67.0,39.0,38.0,2.0,0.0,0.4780375361442566,-1.8117042779922485,9.0,-0.7282060980796814,-1.6289782524108887,-35.88959567371008,0.4780375361442566,0.0,0.0,0.0,1.0,32.0,22.0,2.0,68.0,68.0,68.0,40.0,39.0,1.0,0.0
13067,0.4780375361442566,0.0,0.0,0.0,1.0,32.0,22.0,2.0,68.0,68.0,68.0,40.0,39.0,1.0,0.0,-1.942513108253479,-1.9222265481948853,9.0,-0.8753318190574646,-1.7632039785385132,-36.99875,0.0,0.0,0.0,0.0,1.0,33.0,23.0,3.0,69.0,69.0,69.0,41.0,40.0,1.0,0.0
13068,0.0,0.0,0.0,0.0,1.0,33.0,23.0,3.0,69.0,69.0,69.0,41.0,40.0,1.0,0.0,-0.910738468170166,-1.9740372896194458,10.0,0.08293186128139496,-1.668554425239563,-37.79875,0.0,0.0,0.08293186128139496,0.0,1.0,34.0,24.0,4.0,70.0,70.0,70.0,42.0,41.0,2.0,0.0
13069,0.0,0.0,0.08293186128139496,0.0,1.0,34.0,24.0,4.0,70.0,70.0,70.0,42.0,41.0,2.0,0.0,-1.5773226022720337,-1.9591288566589355,10.0,-1.2425010204315186,-1.8246031999588013,-38.69875,0.0,0.0,0.0,0.0,1.0,35.0,25.0,5.0,71.0,71.0,71.0,43.0,42.0,3.0,0.0
13070,0.0,0.0,0.0,0.0,1.0,35.0,25.0,5.0,71.0,71.0,71.0,43.0,42.0,3.0,0.0,-0.3757860064506531,-1.8868743181228638,10.0,-0.9892926216125488,-1.628803014755249,-39.59875,0.0,0.0,0.0,0.0,1.0,36.0,26.0,6.0,72.0,72.0,72.0,44.0,43.0,4.0,0.0
13071,0.0,0.0,0.0,0.0,1.0,36.0,26.0,6.0,72.0,72.0,72.0,44.0,43.0,4.0,0.0,-1.3446297645568848,-1.934173345565796,9.0,-1.3925098180770874,-1.7438615560531616,-40.49875,0.0,0.0,0.0,0.0,1.0,37.0,27.0,7.0,73.0,73.0,73.0,45.0,44.0,1.0,0.0
13072,0.0,0.0,0.0,0.0,1.0,37.0,27.0,7.0,73.0,73.0,73.0,45.0,44.0,1.0,0.0,-1.8187823295593262,-1.92075777053833,9.0,-1.4498984813690186,-0.9785677790641785,-40.99875,0.0,0.0,0.0,0.0,1.0,38.0,28.0,8.0,74.0,74.0,74.0,46.0,45.0,1.0,0.0
13073,0.0,0.0,0.0,0.0,1.0,38.0,28.0,8.0,74.0,74.0,74.0,46.0,45.0,1.0,0.0,-1.123663306236267,-1.8513044118881226,10.0,-1.7155442237854004,-0.20524118840694427,-41.79875,0.0,0.0,0.0,0.0,1.0,39.0,29.0,9.0,75.0,75.0,75.0,47.0,46.0,2.0,0.0
13074,0.0,0.0,0.0,0.0,1.0,39.0,29.0,9.0,75.0,75.0,75.0,47.0,46.0,2.0,0.0,-1.2384449243545532,-1.9646116495132446,9.0,-1.9886343479156494,-0.6722801923751831,-42.69875,0.0,0.0,0.0,0.0,1.0,40.0,30.0,10.0,76.0,76.0,76.0,48.0,47.0,1.0,0.0
13075,0.0,0.0,0.0,0.0,1.0,40.0,30.0,10.0,76.0,76.0,76.0,48.0,47.0,1.0,0.0,0.15858453512191772,-1.829565405845642,9.0,-1.9131757020950317,-1.6693202257156372,-43.25516448582749,0.15858453512191772,0.0,0.0,0.0,1.0,41.0,31.0,11.0,77.0,77.0,77.0,49.0,48.0,1.0,0.0
13076,0.15858453512191772,0.0,0.0,0.0,1.0,41.0,31.0,11.0,77.0,77.0,77.0,49.0,48.0,1.0,2.0,-1.4600791931152344,-1.9115397930145264,9.0,-1.8310378789901733,-1.7093617916107178,-56.598749999999995,0.0,0.0,0.0,0.0,2.0,42.0,1.0,12.0,78.0,78.0,78.0,50.0,49.0,1.0,0.0
13077,0.0,0.0,0.0,0.0,2.0,42.0,1.0,12.0,78.0,78.0,78.0,50.0,49.0,1.0,0.0,-1.794059157371521,-1.8736211061477661,10.0,-1.9710361957550049,-1.947341799736023,-41.99875,0.0,0.0,0.0,0.0,1.0,43.0,2.0,13.0,79.0,79.0,79.0,51.0,50.0,2.0,0.0
13078,0.0,0.0,0.0,0.0,1.0,43.0,2.0,13.0,79.0,79.0,79.0,51.0,50.0,2.0,0.0,-1.8492119312286377,-1.9402788877487183,10.0,-1.833861231803894,-1.3545005321502686,-42.79875,0.0,0.0,0.0,0.0,1.0,44.0,3.0,14.0,80.0,80.0,80.0,52.0,51.0,3.0,0.0
13079,0.0,0.0,0.0,0.0,1.0,44.0,3.0,14.0,80.0,80.0,80.0,52.0,51.0,3.0,0.0,-1.1838029623031616,-1.8688743114471436,10.0,-1.9645085334777832,-1.9737203121185303,-43.69875,0.0,0.0,0.0,0.0,1.0,45.0,4.0,15.0,81.0,81.0,81.0,53.0,52.0,4.0,0.0
13080,0.0,0.0,0.0,0.0,1.0,45.0,4.0,15.0,81.0,81.0,81.0,53.0,52.0,4.0,0.0,-1.5915437936782837,-1.763674259185791,10.0,-1.6028366088867188,-1.8901551961898804,-44.59875,0.0,0.0,0.0,0.0,1.0,46.0,5.0,16.0,82.0,82.0,82.0,54.0,53.0,5.0,0.0
13081,0.0,0.0,0.0,0.0,1.0,46.0,5.0,16.0,82.0,82.0,82.0,54.0,53.0,5.0,0.0,-1.3666390180587769,-1.8884814977645874,3.0,-0.5105083584785461,-1.7549699544906616,-45.49875,0.0,0.0,0.0,0.0,1.0,47.0,6.0,1.0,83.0,83.0,83.0,55.0,54.0,6.0,0.0
13082,0.0,0.0,0.0,0.0,1.0,47.0,6.0,1.0,83.0,83.0,83.0,55.0,54.0,6.0,0.0,-1.9881525039672852,-1.8123953342437744,10.0,-1.7328723669052124,-1.8866686820983887,-44.79875,0.0,0.0,0.0,0.0,1.0,48.0,7.0,2.0,84.0,84.0,84.0,56.0,55.0,7.0,0.0
13083,0.0,0.0,0.0,0.0,1.0,48.0,7.0,2.0,84.0,84.0,84.0,56.0,55.0,7.0,0.0,-0.48808321356773376,-1.756536841392517,10.0,-1.187477946281433,-1.5518938302993774,-45.69875,0.0,0.0,0.0,0.0,1.0,49.0,8.0,3.0,85.0,85.0,85.0,57.0,56.0,8.0,0.0
13084,0.0,0.0,0.0,0.0,1.0,49.0,8.0,3.0,85.0,85.0,85.0,57.0,56.0,8.0,0.0,-1.9821085929870605,-1.9635132551193237,10.0,-1.5465916395187378,-1.4537135362625122,-46.59875,0.0,0.0,0.0,0.0,1.0,50.0,9.0,4.0,86.0,86.0,86.0,58.0,57.0,9.0,0.0
13085,0.0,0.0,0.0,0.0,1.0,50.0,9.0,4.0,86.0,86.0,86.0,58.0,57.0,9.0,0.0,-1.9424618482589722,-1.8808205127716064,10.0,-1.6856458187103271,-1.9047958850860596,-47.49875,0.0,0.0,0.0,0.0,1.0,51.0,10.0,5.0,87.0,87.0,87.0,59.0,58.0,10.0,0.0
13086,0.0,0.0,0.0,0.0,1.0,51.0,10.0,5.0,87.0,87.0,87.0,59.0,58.0,10.0,0.0,-1.9601792097091675,-1.9665127992630005,9.0,-0.1443302184343338,-1.7179515361785889,-48.39875,0.0,0.0,0.0,0.0,1.0,52.0,11.0,6.0,88.0,88.0,88.0,60.0,59.0,1.0,0.0
13087,0.0,0.0,0.0,0.0,1.0,52.0,11.0,6.0,88.0,88.0,88.0,60.0,59.0,1.0,0.0,-1.9297882318496704,-1.941848874092102,10.0,-1.8995574712753296,-1.7795888185501099,-48.29875,0.0,0.0,0.0,0.0,1.0,53.0,12.0,7.0,89.0,89.0,89.0,61.0,60.0,2.0,0.0
13088,0.0,0.0,0.0,0.0,1.0,53.0,12.0,7.0,89.0,89.0,89.0,61.0,60.0,2.0,0.0,-1.980463981628418,-1.4565889835357666,10.0,-1.7543176412582397,-1.7675647735595703,-49.19875,0.0,0.0,0.0,0.0,1.0,54.0,13.0,8.0,90.0,90.0,90.0,62.0,61.0,3.0,0.0
13089,0.0,0.0,0.0,0.0,1.0,54.0,13.0,8.0,90.0,90.0,90.0,62.0,61.0,3.0,0.0,-1.709542989730835,-1.6863839626312256,9.0,-1.973425030708313,-1.6613205671310425,-50.09875,0.0,0.0,0.0,0.0,1.0,55.0,14.0,9.0,91.0,91.0,91.0,63.0,62.0,1.0,0.0
13090,0.0,0.0,0.0,0.0,1.0,55.0,14.0,9.0,91.0,91.0,91.0,63.0,62.0,1.0,7.0,-0.12534214556217194,-1.5682637691497803,10.0,-1.9158461093902588,-1.4881092309951782,-55.65875,0.0,0.0,0.0,0.0,2.0,56.0,15.0,10.0,92.0,92.0,92.0,1.0,63.0,2.0,0.0
13091,0.0,0.0,0.0,0.0,2.0,56.0,15.0,10.0,92.0,92.0,92.0,1.0,63.0,2.0,0.0,-1.9776846170425415,-1.9904911518096924,9.0,-0.2447659969329834,-0.4566960036754608,-45.39875,0.0,0.0,0.0,0.0,1.0,57.0,16.0,11.0,93.0,93.0,93.0,2.0,64.0,1.0,0.0
13092,0.0,0.0,0.0,0.0,1.0,57.0,16.0,11.0,93.0,93.0,93.0,2.0,64.0,1.0,0.0,-1.9771685600280762,-1.9849973917007446,9.0,-0.9863762855529785,-1.8667653799057007,-45.99875,0.0,0.0,0.0,0.0,1.0,58.0,17.0,12.0,94.0,94.0,94.0,3.0,65.0,1.0,0.0
13093,0.0,0.0,0.0,0.0,1.0,58.0,17.0,12.0,94.0,94.0,94.0,3.0,65.0,1.0,0.0,-1.9551576375961304,-1.9683337211608887,3.0,-1.5037847757339478,-1.9343582391738892,-46.79875,0.0,0.0,0.0,0.0,1.0,59.0,18.0,1.0,95.0,95.0,95.0,4.0,66.0,2.0,0.0
13094,0.0,0.0,0.0,0.0,1.0,59.0,18.0,1.0,95.0,95.0,95.0,4.0,66.0,2.0,0.0,-1.9127748012542725,-1.9802836179733276,9.0,-1.108962059020996,0.6008328795433044,-46.49875,0.0,0.0,0.0,0.6008328795433044,1.0,60.0,19.0,2.0,96.0,96.0,96.0,5.0,67.0,1.0,0.0
13095,0.0,0.0,0.0,0.6008328795433044,1.0,60.0,19.0,2.0,96.0,96.0,96.0,5.0,67.0,1.0,0.0,-1.9804141521453857,-1.9694489240646362,9.0,-0.1155654639005661,-1.6973005533218384,-47.19875,0.0,0.0,0.0,0.0,1.0,61.0,20.0,3.0,97.0,97.0,97.0,6.0,68.0,1.0,0.0
13096,0.0,0.0,0.0,0.0,1.0,61.0,20.0,3.0,97.0,97.0,97.0,6.0,68.0,1.0,0.0,-1.9569616317749023,-1.97211754322052,9.0,-1.464709758758545,0.7263170480728149,-47.99875,0.0,0.0,0.0,0.7263170480728149,1.0,62.0,21.0,4.0,98.0,98.0,98.0,7.0,69.0,1.0,0.0
13097,0.0,0.0,0.0,0.7263170480728149,1.0,62.0,21.0,4.0,98.0,98.0,98.0,7.0,69.0,1.0,0.0,-1.9739383459091187,-1.9674819707870483,9.0,-0.7145311832427979,-1.6037124395370483,-48.79875,0.0,0.0,0.0,0.0,1.0,63.0,22.0,5.0,99.0,99.0,99.0,8.0,70.0,1.0,0.0
13098,0.0,0.0,0.0,0.0,1.0,63.0,22.0,5.0,99.0,99.0,99.0,8.0,70.0,1.0,0.0,-1.9877140522003174,-1.9840152263641357,9.0,-1.618377447128296,-1.4888144731521606,-49.59875,0.0,0.0,0.0,0.0,1.0,64.0,23.0,6.0,100.0,100.0,100.0,9.0,71.0,1.0,0.0
13099,0.0,0.0,0.0,0.0,1.0,64.0,23.0,6.0,100.0,100.0,100.0,9.0,71.0,1.0,0.0,-1.4784269332885742,-1.9885674715042114,9.0,-0.18544864654541016,0.07799744606018066,-50.09875,0.0,0.0,0.0,0.07799744606018066,1.0,65.0,24.0,7.0,100.0,100.0,100.0,10.0,72.0,1.0,1.0
13100,1.7891333103179932,2.2791941165924072,7.15986442565918,7.473827362060547,1.0,1.0,1.0,1.0,1.0,1.0,1.0,1.0,1.0,1.0,8.0,-1.9091880321502686,1.6765015125274658,1.0,-1.4726033210754395,-1.9821975231170654,-6.582124488383194,0.0,3.955695629119873,5.68726110458374,5.4916298389434814,2.0,1.0,2.0,2.0,2.0,2.0,2.0,2.0,1.0,2.0,0.0
13101,0.0,3.955695629119873,5.68726110458374,5.4916298389434814,2.0,1.0,2.0,2.0,2.0,2.0,2.0,2.0,1.0,2.0,8.0,-1.2211153507232666,-1.1045877933502197,3.0,-1.9238256216049194,-1.980852723121643,-8.784890744969559,0.0,2.8511078357696533,3.763435482978821,3.5107771158218384,3.0,2.0,3.0,1.0,3.0,3.0,3.0,3.0,1.0,3.0,0.0
13102,0.0,2.8511078357696533,3.763435482978821,3.5107771158218384,3.0,2.0,3.0,1.0,3.0,3.0,3.0,3.0,1.0,3.0,2.0,-1.0151889324188232,-1.5811229944229126,1.0,-1.4985862970352173,-1.9709653854370117,-15.2928764263514,0.0,1.2699848413467407,2.2648491859436035,1.5398117303848267,4.0,1.0,1.0,2.0,4.0,4.0,4.0,4.0,2.0,4.0,0.0
13103,0.0,1.2699848413467407,2.2648491859436035,1.5398117303848267,4.0,1.0,1.0,2.0,4.0,4.0,4.0,4.0,2.0,4.0,0.0,-1.9278241395950317,-1.7634296417236328,0.0,-1.1932470798492432,-1.8003814220428467,-5.89875,0.0,0.0,1.0716021060943604,0.0,1.0,2.0,2.0,3.0,5.0,5.0,5.0,5.0,3.0,5.0,0.0
13104,0.0,0.0,1.0716021060943604,0.0,1.0,2.0,2.0,3.0,5.0,5.0,5.0,5.0,3.0,5.0,2.0,-1.769753098487854,-1.2124297618865967,9.0,-0.07562034577131271,-1.8970102071762085,-18.898749999999996,0.0,0.0,0.9959817603230476,0.0,2.0,3.0,1.0,4.0,6.0,6.0,6.0,6.0,4.0,1.0,0.0
13105,0.0,0.0,0.9959817603230476,0.0,2.0,3.0,1.0,4.0,6.0,6.0,6.0,6.0,4.0,1.0,0.0,-1.9539802074432373,-1.821901559829712,3.0,-1.3778700828552246,-1.4668763875961304,-6.79875,0.0,0.0,0.0,0.0,1.0,4.0,2.0,1.0,7.0,7.0,7.0,7.0,5.0,2.0,0.0
13106,0.0,0.0,0.0,0.0,1.0,4.0,2.0,1.0,7.0,7.0,7.0,7.0,5.0,2.0,2.0,-1.5569261312484741,-1.3488575220108032,3.0,-1.2544227838516235,-0.7967755198478699,-19.598749999999995,0.0,0.0,0.0,0.0,2.0,5.0,1.0,1.0,8.0,8.0,8.0,8.0,6.0,3.0,0.0
13107,0.0,0.0,0.0,0.0,2.0,5.0,1.0,1.0,8.0,8.0,8.0,8.0,6.0,3.0,0.0,-1.7379543781280518,-1.6897746324539185,9.0,-0.9192044138908386,-1.858758568763733,-7.89875,0.0,0.0,0.0,0.0,1.0,6.0,2.0,2.0,9.0,9.0,9.0,9.0,7.0,1.0,0.0
13108,0.0,0.0,0.0,0.0,1.0,6.0,2.0,2.0,9.0,9.0,9.0,9.0,7.0,1.0,0.0,-1.9135593175888062,-1.920379638671875,9.0,-1.7161763906478882,-0.9556439518928528,-8.39875,0.0,0.0,0.0,0.0,1.0,7.0,3.0,3.0,10.0,10.0,10.0,10.0,8.0,1.0,0.0
13109,0.0,0.0,0.0,0.0,1.0,7.0,3.0,3.0,10.0,10.0,10.0,10.0,8.0,1.0,2.0,-1.7621742486953735,-1.7013916969299316,9.0,-1.006420612335205,-1.7556625604629517,-21.598749999999995,0.0,0.0,0.0,0.0,2.0,8.0,1.0,4.0,11.0,11.0,11.0,11.0,9.0,1.0,0.0
13110,0.0,0.0,0.0,0.0,2.0,8.0,1.0,4.0,11.0,11.0,11.0,11.0,9.0,1.0,2.0,-0.8312712907791138,-0.7410581707954407,9.0,-1.2962223291397095,-1.319961667060852,-22.198749999999997,0.0,0.0,0.0,0.0,3.0,9.0,1.0,5.0,12.0,12.0,12.0,12.0,10.0,1.0,0.0
13111,0.0,0.0,0.0,0.0,3.0,9.0,1.0,5.0,12.0,12.0,12.0,12.0,10.0,1.0,0.0,-1.7756707668304443,-1.9725725650787354,0.0,-0.9007087349891663,-1.1807295083999634,-10.598749999999999,0.0,0.0,0.0,0.0,1.0,10.0,2.0,6.0,13.0,13.0,13.0,13.0,11.0,2.0,0.0
13112,0.0,0.0,0.0,0.0,1.0,10.0,2.0,6.0,13.0,13.0,13.0,13.0,11.0,2.0,1.0,-1.0833042860031128,-1.7949270009994507,0.0,-1.0278823375701904,-1.8177766799926758,-18.118750000000002,0.0,0.0,0.0,0.0,1.0,1.0,3.0,7.0,14.0,14.0,14.0,14.0,12.0,3.0,0.0
13113,0.0,0.0,0.0,0.0,1.0,1.0,3.0,7.0,14.0,14.0,14.0,14.0,12.0,3.0,2.0,-0.26337411999702454,-1.3343093395233154,9.0,-1.8839707374572754,-1.3595247268676758,-23.598749999999995,0.0,0.0,0.0,0.0,2.0,2.0,1.0,8.0,15.0,15.0,15.0,15.0,13.0,1.0,0.0
13114,0.0,0.0,0.0,0.0,2.0,2.0,1.0,8.0,15.0,15.0,15.0,15.0,13.0,1.0,7.0,-1.409919261932373,-1.7989814281463623,0.0,-0.9822521805763245,-0.6223576068878174,-16.55875,0.0,0.0,0.0,0.0,1.0,3.0,2.0,9.0,16.0,16.0,16.0,1.0,14.0,2.0,0.0
13115,0.0,0.0,0.0,0.0,1.0,3.0,2.0,9.0,16.0,16.0,16.0,1.0,14.0,2.0,2.0,-0.966060221195221,-1.8561460971832275,3.0,-1.8625425100326538,-1.4244554042816162,-23.29875,0.0,0.0,0.0,0.0,2.0,4.0,1.0,1.0,17.0,17.0,17.0,2.0,15.0,3.0,0.0
13116,0.0,0.0,0.0,0.0,2.0,4.0,1.0,1.0,17.0,17.0,17.0,2.0,15.0,3.0,7.0,-0.8123043775558472,-1.6664462089538574,3.0,-1.748159646987915,-1.5554453134536743,-15.75875,0.0,0.0,0.0,0.0,3.0,5.0,2.0,1.0,18.0,18.0,18.0,1.0,16.0,4.0,0.0
13117,0.0,0.0,0.0,0.0,3.0,5.0,2.0,1.0,18.0,18.0,18.0,1.0,16.0,4.0,0.0,-1.81638503074646,-1.8794904947280884,0.0,-1.817674160003662,-1.115195870399475,-11.49875,0.0,0.0,0.0,0.0,1.0,6.0,3.0,2.0,19.0,19.0,19.0,2.0,17.0,5.0,0.0
13118,0.0,0.0,0.0,0.0,1.0,6.0,3.0,2.0,19.0,19.0,19.0,2.0,17.0,5.0,7.0,-1.2474812269210815,-1.9146840572357178,3.0,-1.9025449752807617,-1.5623937845230103,-17.15875,0.0,0.0,0.0,0.0,2.0,7.0,4.0,1.0,20.0,20.0,20.0,1.0,18.0,6.0,0.0
13119,0.0,0.0,0.0,0.0,2.0,7.0,4.0,1.0,20.0,20.0,20.0,1.0,18.0,6.0,0.0,-0.6737596392631531,-1.6514952182769775,3.0,-1.8365360498428345,-1.589666485786438,-12.79875,0.0,0.0,0.0,0.0,1.0,8.0,5.0,1.0,21.0,21.0,21.0,2.0,19.0,7.0,0.0
13120,0.0,0.0,0.0,0.0,1.0,8.0,5.0,1.0,21.0,21.0,21.0,2.0,19.0,7.0,8.0,-1.9939279556274414,-1.8242148160934448,0.0,-1.6229079961776733,-1.7042367458343506,-22.95375,0.0,0.0,0.0,0.0,1.0,9.0,6.0,2.0,22.0,22.0,22.0,3.0,1.0,8.0,0.0
13121,0.0,0.0,0.0,0.0,1.0,9.0,6.0,2.0,22.0,22.0,22.0,3.0,1.0,8.0,2.0,-1.766926646232605,-1.3356117010116577,9.0,-1.1974022388458252,-1.896254301071167,-24.898749999999996,0.0,0.0,0.0,0.0,2.0,10.0,1.0,3.0,23.0,23.0,23.0,4.0,2.0,1.0,0.0
13122,0.0,0.0,0.0,0.0,2.0,10.0,1.0,3.0,23.0,23.0,23.0,4.0,2.0,1.0,0.0,-1.773641586303711,-1.2413177490234375,9.0,-0.6595650911331177,-1.9754458665847778,-12.098749999999999,0.0,0.0,0.0,0.0,1.0,11.0,2.0,4.0,24.0,24.0,24.0,5.0,3.0,1.0,0.0
13123,0.0,0.0,0.0,0.0,1.0,11.0,2.0,4.0,24.0,24.0,24.0,5.0,3.0,1.0,0.0,-1.8446869850158691,-1.7670265436172485,9.0,0.04941298067569733,-1.001680850982666,-12.79875,0.0,0.0,0.04941298067569733,0.0,1.0,12.0,3.0,5.0,25.0,25.0,25.0,6.0,4.0,1.0,0.0
13124,0.0,0.0,0.04941298067569733,0.0,1.0,12.0,3.0,5.0,25.0,25.0,25.0,6.0,4.0,1.0,0.0,-1.6080890893936157,-1.625911831855774,9.0,-1.1332727670669556,-1.9203227758407593,-13.598749999999999,0.0,0.0,0.0,0.0,1.0,13.0,4.0,6.0,26.0,26.0,26.0,7.0,5.0,1.0,0.0
13125,0.0,0.0,0.0,0.0,1.0,13.0,4.0,6.0,26.0,26.0,26.0,7.0,5.0,1.0,0.0,-1.637044906616211,-1.8554729223251343,9.0,-0.0997820645570755,-0.6579971313476562,-14.39875,0.0,0.0,0.0,0.0,1.0,14.0,5.0,7.0,27.0,27.0,27.0,8.0,6.0,1.0,0.0
13126,0.0,0.0,0.0,0.0,1.0,14.0,5.0,7.0,27.0,27.0,27.0,8.0,6.0,1.0,0.0,-1.8560569286346436,-1.3383371829986572,9.0,-1.1533105373382568,-1.825593113899231,-15.19875,0.0,0.0,0.0,0.0,1.0,15.0,6.0,8.0,28.0,28.0,28.0,9.0,7.0,1.0,0.0
13127,0.0,0.0,0.0,0.0,1.0,15.0,6.0,8.0,28.0,28.0,28.0,9.0,7.0,1.0,0.0,-1.7988191843032837,-1.9496512413024902,3.0,0.29418566823005676,-1.9701014757156372,-15.99875,0.0,0.0,0.29418566823005676,0.0,1.0,16.0,7.0,1.0,29.0,29.0,29.0,10.0,8.0,2.0,0.0
13128,0.0,0.0,0.29418566823005676,0.0,1.0,16.0,7.0,1.0,29.0,29.0,29.0,10.0,8.0,2.0,0.0,-1.456900954246521,-0.9497734308242798,9.0,-0.5306500792503357,-1.6679279804229736,-16.09875,0.0,0.0,0.0,0.0,1.0,17.0,8.0,2.0,30.0,30.0,30.0,11.0,9.0,1.0,0.0
13129,0.0,0.0,0.0,0.0,1.0,17.0,8.0,2.0,30.0,30.0,30.0,11.0,9.0,1.0,0.0,-1.935157299041748,0.22767816483974457,9.0,-1.8173333406448364,-0.12226634472608566,-16.700914442094962,0.0,0.22767816483974457,0.0,0.0,1.0,18.0,9.0,3.0,31.0,31.0,31.0,12.0,10.0,1.0,0.0
13130,0.0,0.22767816483974457,0.0,0.0,1.0,18.0,9.0,3.0,31.0,31.0,31.0,12.0,10.0,1.0,0.0,-1.7825967073440552,-0.760109007358551,9.0,-0.08448660373687744,-1.1277931928634644,-17.59875,0.0,0.0,0.0,0.0,1.0,19.0,10.0,4.0,32.0,32.0,32.0,13.0,11.0,1.0,0.0
13131,0.0,0.0,0.0,0.0,1.0,19.0,10.0,4.0,32.0,32.0,32.0,13.0,11.0,1.0,2.0,-1.914014458656311,-1.9390605688095093,9.0,-1.647827386856079,-1.6987162828445435,-30.79875,0.0,0.0,0.0,0.0,2.0,20.0,1.0,5.0,33.0,33.0,33.0,14.0,12.0,1.0,0.0
13132,0.0,0.0,0.0,0.0,2.0,20.0,1.0,5.0,33.0,33.0,33.0,14.0,12.0,1.0,0.0,-1.8624343872070312,-1.0192211866378784,9.0,1.3946032524108887,-0.7168716788291931,-18.29875,0.0,0.0,1.3946032524108887,0.0,1.0,21.0,2.0,6.0,34.0,34.0,34.0,15.0,13.0,1.0,0.0
13133,0.0,0.0,1.3946032524108887,0.0,1.0,21.0,2.0,6.0,34.0,34.0,34.0,15.0,13.0,1.0,0.0,-1.780421495437622,-1.1381384134292603,10.0,-0.7202792167663574,-1.2493250370025635,-18.99875,0.0,0.0,0.6743240356445312,0.0,1.0,22.0,3.0,7.0,35.0,35.0,35.0,16.0,14.0,2.0,0.0
13134,0.0,0.0,0.6743240356445312,0.0,1.0,22.0,3.0,7.0,35.0,35.0,35.0,16.0,14.0,2.0,0.0,-1.5879765748977661,-1.6558616161346436,9.0,-1.4503743648529053,-1.9006109237670898,-19.89875,0.0,0.0,0.0,0.0,1.0,23.0,4.0,8.0,36.0,36.0,36.0,17.0,15.0,1.0,0.0
13135,0.0,0.0,0.0,0.0,1.0,23.0,4.0,8.0,36.0,36.0,36.0,17.0,15.0,1.0,0.0,-1.7597951889038086,-1.5478425025939941,9.0,-0.8292149901390076,-1.83224618434906,-20.59875,0.0,0.0,0.0,0.0,1.0,24.0,5.0,9.0,37.0,37.0,37.0,18.0,16.0,1.0,0.0
13136,0.0,0.0,0.0,0.0,1.0,24.0,5.0,9.0,37.0,37.0,37.0,18.0,16.0,1.0,0.0,-1.3712238073349,-1.7547773122787476,9.0,-0.42450907826423645,-1.7168571949005127,-21.39875,0.0,0.0,0.0,0.0,1.0,25.0,6.0,10.0,38.0,38.0,38.0,19.0,17.0,1.0,0.0
13137,0.0,0.0,0.0,0.0,1.0,25.0,6.0,10.0,38.0,38.0,38.0,19.0,17.0,1.0,0.0,-1.3687111139297485,-1.8288378715515137,9.0,1.2052289247512817,-1.922847867012024,-22.19875,0.0,0.0,1.2052289247512817,0.0,1.0,26.0,7.0,11.0,39.0,39.0,39.0,20.0,18.0,1.0,0.0
13138,0.0,0.0,1.2052289247512817,0.0,1.0,26.0,7.0,11.0,39.0,39.0,39.0,20.0,18.0,1.0,7.0,-1.5715136528015137,-1.8798549175262451,9.0,-1.1421533823013306,-1.4750497341156006,-27.958750000000002,0.0,0.0,0.06307554244995117,0.0,2.0,27.0,8.0,12.0,40.0,40.0,40.0,1.0,19.0,1.0,0.0
13139,0.0,0.0,0.06307554244995117,0.0,2.0,27.0,8.0,12.0,40.0,40.0,40.0,1.0,19.0,1.0,8.0,-1.9067330360412598,-1.980399250984192,9.0,1.3987034559249878,-1.9250303506851196,-31.353749999999998,0.0,0.0,1.461778998374939,0.0,3.0,28.0,9.0,13.0,41.0,41.0,41.0,2.0,1.0,1.0,0.0
13140,0.0,0.0,1.461778998374939,0.0,3.0,28.0,9.0,13.0,41.0,41.0,41.0,2.0,1.0,1.0,0.0,-1.7242369651794434,-1.3243290185928345,9.0,1.308809757232666,-1.9337596893310547,-20.89875,0.0,0.0,2.770588755607605,0.0,1.0,29.0,10.0,14.0,42.0,42.0,42.0,3.0,2.0,1.0,0.0
13141,0.0,0.0,2.770588755607605,0.0,1.0,29.0,10.0,14.0,42.0,42.0,42.0,3.0,2.0,1.0,0.0,-1.9269708395004272,-1.824375033378601,9.0,1.8949161767959595,-1.8516706228256226,-21.49875,0.0,0.0,4.6655049324035645,0.0,1.0,30.0,11.0,15.0,43.0,43.0,43.0,4.0,3.0,1.0,0.0
13142,0.0,0.0,4.6655049324035645,0.0,1.0,30.0,11.0,15.0,43.0,43.0,43.0,4.0,3.0,1.0,0.0,-1.7548513412475586,-1.4911770820617676,9.0,-0.6577891707420349,-1.8493438959121704,-22.29875,0.0,0.0,4.0077157616615295,0.0,1.0,31.0,12.0,16.0,44.0,44.0,44.0,5.0,4.0,1.0,0.0
13143,0.0,0.0,4.0077157616615295,0.0,1.0,31.0,12.0,16.0,44.0,44.0,44.0,5.0,4.0,1.0,0.0,-1.9509267807006836,-1.8128582239151,9.0,1.6403303146362305,-1.8067454099655151,-23.09875,0.0,0.0,5.64804607629776,0.0,1.0,32.0,13.0,17.0,45.0,45.0,45.0,6.0,5.0,1.0,0.0
13144,0.0,0.0,5.64804607629776,0.0,1.0,32.0,13.0,17.0,45.0,45.0,45.0,6.0,5.0,1.0,0.0,-1.9326132535934448,-1.0556637048721313,9.0,1.839387059211731,-1.9701859951019287,-23.89875,0.0,0.0,7.487433135509491,0.0,1.0,33.0,14.0,18.0,46.0,46.0,46.0,7.0,6.0,1.0,0.0
13145,0.0,0.0,7.487433135509491,0.0,1.0,33.0,14.0,18.0,46.0,46.0,46.0,7.0,6.0,1.0,0.0,-0.5815595388412476,-1.4451487064361572,9.0,0.9627586007118225,-1.9652615785598755,-24.69875,0.0,0.0,8.450191736221313,0.0,1.0,34.0,15.0,19.0,47.0,47.0,47.0,8.0,7.0,1.0,0.0
13146,0.0,0.0,8.450191736221313,0.0,1.0,34.0,15.0,19.0,47.0,47.0,47.0,8.0,7.0,1.0,0.0,-1.8537662029266357,-0.1595088392496109,9.0,0.6850817799568176,-1.9075161218643188,-25.49875,0.0,0.0,9.135273516178131,0.0,1.0,35.0,16.0,20.0,48.0,48.0,48.0,9.0,8.0,1.0,0.0
13147,0.0,0.0,9.135273516178131,0.0,1.0,35.0,16.0,20.0,48.0,48.0,48.0,9.0,8.0,1.0,0.0,-1.8266775608062744,-1.3955280780792236,9.0,1.4147663116455078,-1.7349110841751099,-26.29875,0.0,0.0,10.0,0.0,1.0,36.0,17.0,21.0,49.0,49.0,49.0,10.0,9.0,1.0,0.0
13148,0.0,0.0,10.0,0.0,1.0,36.0,17.0,21.0,49.0,49.0,49.0,10.0,9.0,1.0,0.0,-1.695884346961975,-1.8636380434036255,9.0,0.7176268100738525,-1.5307375192642212,-27.09875,0.0,0.0,10.0,0.0,1.0,37.0,18.0,22.0,50.0,50.0,50.0,11.0,10.0,1.0,0.0
13149,0.0,0.0,10.0,0.0,1.0,37.0,18.0,22.0,50.0,50.0,50.0,11.0,10.0,1.0,0.0,-1.7609275579452515,-0.34767717123031616,9.0,1.9660117626190186,-0.5779522657394409,-27.89875,0.0,0.0,10.0,0.0,1.0,38.0,19.0,23.0,51.0,51.0,51.0,12.0,11.0,1.0,0.0
13150,0.0,0.0,10.0,0.0,1.0,38.0,19.0,23.0,51.0,51.0,51.0,12.0,11.0,1.0,0.0,-1.7338531017303467,-1.4353101253509521,9.0,0.6604706048965454,-1.9329272508621216,-28.69875,0.0,0.0,10.0,0.0,1.0,39.0,20.0,24.0,52.0,52.0,52.0,13.0,12.0,1.0,0.0
13151,0.0,0.0,10.0,0.0,1.0,39.0,20.0,24.0,52.0,52.0,52.0,13.0,12.0,1.0,0.0,-1.2558293342590332,-1.793786883354187,9.0,1.3488446474075317,-1.899523377418518,-29.49875,0.0,0.0,10.0,0.0,1.0,40.0,21.0,25.0,53.0,53.0,53.0,14.0,13.0,1.0,0.0
13152,0.0,0.0,10.0,0.0,1.0,40.0,21.0,25.0,53.0,53.0,53.0,14.0,13.0,1.0,0.0,-0.7979439496994019,-0.6587390303611755,9.0,1.5352219343185425,-1.4031997919082642,-30.29875,0.0,0.0,10.0,0.0,1.0,41.0,22.0,26.0,54.0,54.0,54.0,15.0,14.0,1.0,0.0
13153,0.0,0.0,10.0,0.0,1.0,41.0,22.0,26.0,54.0,54.0,54.0,15.0,14.0,1.0,0.0,-1.0131666660308838,-0.5174294710159302,9.0,1.1801934242248535,-1.1336606740951538,-31.09875,0.0,0.0,10.0,0.0,1.0,42.0,23.0,27.0,55.0,55.0,55.0,16.0,15.0,1.0,0.0
13154,0.0,0.0,10.0,0.0,1.0,42.0,23.0,27.0,55.0,55.0,55.0,16.0,15.0,1.0,0.0,-1.8517860174179077,-1.2871825695037842,9.0,1.4972575902938843,-1.9439443349838257,-31.89875,0.0,0.0,10.0,0.0,1.0,43.0,24.0,28.0,56.0,56.0,56.0,17.0,16.0,1.0,0.0
13155,0.0,0.0,10.0,0.0,1.0,43.0,24.0,28.0,56.0,56.0,56.0,17.0,16.0,1.0,0.0,-1.7683099508285522,-1.6276819705963135,9.0,0.5313367247581482,-1.3844243288040161,-32.698750000000004,0.0,0.0,10.0,0.0,1.0,44.0,25.0,29.0,57.0,57.0,57.0,18.0,17.0,1.0,0.0
13156,0.0,0.0,10.0,0.0,1.0,44.0,25.0,29.0,57.0,57.0,57.0,18.0,17.0,1.0,0.0,-1.9642634391784668,-1.9196869134902954,9.0,1.4155175685882568,-1.9501527547836304,-33.49875,0.0,0.0,10.0,0.0,1.0,45.0,26.0,30.0,58.0,58.0,58.0,19.0,18.0,1.0,0.0
13157,0.0,0.0,10.0,0.0,1.0,45.0,26.0,30.0,58.0,58.0,58.0,19.0,18.0,1.0,0.0,-1.6512712240219116,-1.748331069946289,9.0,1.7317723035812378,-1.9331969022750854,-34.29875,0.0,0.0,10.0,0.0,1.0,46.0,27.0,31.0,59.0,59.0,59.0,20.0,19.0,1.0,0.0
13158,0.0,0.0,10.0,0.0,1.0,46.0,27.0,31.0,59.0,59.0,59.0,20.0,19.0,1.0,2.0,-1.7230762243270874,-1.9145549535751343,9.0,1.7240755558013916,-1.9588263034820557,-47.49875,0.0,0.0,10.0,0.0,2.0,47.0,1.0,32.0,60.0,60.0,60.0,21.0,20.0,1.0,0.0
13159,0.0,0.0,10.0,0.0,2.0,47.0,1.0,32.0,60.0,60.0,60.0,21.0,20.0,1.0,0.0,-1.930937647819519,-1.9778498411178589,9.0,0.9912832379341125,-1.8979195356369019,-33.29875,0.0,0.0,10.0,0.0,1.0,48.0,2.0,33.0,61.0,61.0,61.0,22.0,21.0,1.0,0.0
13160,0.0,0.0,10.0,0.0,1.0,48.0,2.0,33.0,61.0,61.0,61.0,22.0,21.0,1.0,0.0,-1.7261106967926025,-1.9558264017105103,9.0,0.1524646133184433,-1.9469431638717651,-33.99875,0.0,0.0,10.0,0.0,1.0,49.0,3.0,34.0,62.0,62.0,62.0,23.0,22.0,1.0,0.0
13161,0.0,0.0,10.0,0.0,1.0,49.0,3.0,34.0,62.0,62.0,62.0,23.0,22.0,1.0,0.0,-1.9766969680786133,-1.9781283140182495,9.0,0.14016002416610718,-1.8086541891098022,-34.79875,0.0,0.0,10.0,0.0,1.0,50.0,4.0,35.0,63.0,63.0,63.0,24.0,23.0,1.0,0.0
13162,0.0,0.0,10.0,0.0,1.0,50.0,4.0,35.0,63.0,63.0,63.0,24.0,23.0,1.0,0.0,-1.5415644645690918,-1.9050365686416626,9.0,0.5394620895385742,-0.6005415916442871,-35.59875,0.0,0.0,10.0,0.0,1.0,51.0,5.0,36.0,64.0,64.0,64.0,25.0,24.0,1.0,0.0
13163,0.0,0.0,10.0,0.0,1.0,51.0,5.0,36.0,64.0,64.0,64.0,25.0,24.0,1.0,0.0,-1.7452882528305054,-1.9830596446990967,9.0,0.6606345772743225,-1.9864572286605835,-36.39875,0.0,0.0,10.0,0.0,1.0,52.0,6.0,37.0,65.0,65.0,65.0,26.0,25.0,1.0,0.0
13164,0.0,0.0,10.0,0.0,1.0,52.0,6.0,37.0,65.0,65.0,65.0,26.0,25.0,1.0,0.0,-1.834809422492981,-1.9488650560379028,9.0,0.8991467356681824,-1.870094656944275,-37.19875,0.0,0.0,10.0,0.0,1.0,53.0,7.0,38.0,66.0,66.0,66.0,27.0,26.0,1.0,0.0
13165,0.0,0.0,10.0,0.0,1.0,53.0,7.0,38.0,66.0,66.0,66.0,27.0,26.0,1.0,0.0,-1.331337809562683,-1.993345022201538,9.0,0.20198889076709747,-1.9831509590148926,-37.99875,0.0,0.0,10.0,0.0,1.0,54.0,8.0,39.0,67.0,67.0,67.0,28.0,27.0,1.0,0.0
13166,0.0,0.0,10.0,0.0,1.0,54.0,8.0,39.0,67.0,67.0,67.0,28.0,27.0,1.0,0.0,-1.8923869132995605,-1.9803584814071655,9.0,0.8183660507202148,-1.9759119749069214,-38.79875,0.0,0.0,10.0,0.0,1.0,55.0,9.0,40.0,68.0,68.0,68.0,29.0,28.0,1.0,0.0
13167,0.0,0.0,10.0,0.0,1.0,55.0,9.0,40.0,68.0,68.0,68.0,29.0,28.0,1.0,0.0,-1.6980520486831665,-1.9758152961730957,9.0,1.2191673517227173,-1.883796215057373,-39.59875,0.0,0.0,10.0,0.0,1.0,56.0,10.0,41.0,69.0,69.0,69.0,30.0,29.0,1.0,0.0
13168,0.0,0.0,10.0,0.0,1.0,56.0,10.0,41.0,69.0,69.0,69.0,30.0,29.0,1.0,0.0,-1.6198983192443848,-1.9484336376190186,9.0,1.230544924736023,-1.763171911239624,-40.39875,0.0,0.0,10.0,0.0,1.0,57.0,11.0,42.0,70.0,70.0,70.0,31.0,30.0,1.0,0.0
13169,0.0,0.0,10.0,0.0,1.0,57.0,11.0,42.0,70.0,70.0,70.0,31.0,30.0,1.0,0.0,-1.8078051805496216,-1.99369215965271,9.0,1.4375734329223633,-1.7699731588363647,-41.19875,0.0,0.0,10.0,0.0,1.0,58.0,12.0,43.0,71.0,71.0,71.0,32.0,31.0,1.0,0.0
13170,0.0,0.0,10.0,0.0,1.0,58.0,12.0,43.0,71.0,71.0,71.0,32.0,31.0,1.0,0.0,-1.8062387704849243,-1.9949760437011719,3.0,1.7079551219940186,-1.7968436479568481,-41.99875,0.0,0.0,10.0,0.0,1.0,59.0,13.0,1.0,72.0,72.0,72.0,33.0,32.0,2.0,0.0
13171,0.0,0.0,10.0,0.0,1.0,59.0,13.0,1.0,72.0,72.0,72.0,33.0,32.0,2.0,0.0,-1.6283198595046997,-1.8699768781661987,9.0,0.1758698970079422,-1.3705092668533325,-38.59875,0.0,0.0,10.0,0.0,1.0,60.0,14.0,2.0,73.0,73.0,73.0,34.0,33.0,1.0,0.0
13172,0.0,0.0,10.0,0.0,1.0,60.0,14.0,2.0,73.0,73.0,73.0,34.0,33.0,1.0,0.0,-1.74400794506073,-1.8064686059951782,9.0,-0.31368666887283325,-0.5580440163612366,-39.29875,0.0,0.0,9.686313331127167,0.0,1.0,61.0,15.0,3.0,74.0,74.0,74.0,35.0,34.0,1.0,0.0
13173,0.0,0.0,9.686313331127167,0.0,1.0,61.0,15.0,3.0,74.0,74.0,74.0,35.0,34.0,1.0,0.0,-0.9866088628768921,-1.9790757894515991,9.0,-1.839097499847412,0.27754560112953186,-40.09875,0.0,0.0,7.847215831279755,0.27754560112953186,1.0,62.0,16.0,4.0,75.0,75.0,75.0,36.0,35.0,1.0,0.0
13174,0.0,0.0,7.847215831279755,0.27754560112953186,1.0,62.0,16.0,4.0,75.0,75.0,75.0,36.0,35.0,1.0,0.0,-0.2045166790485382,-1.7865952253341675,9.0,-1.1097760200500488,-1.230936050415039,-40.89875,0.0,0.0,6.737439811229706,0.0,1.0,63.0,17.0,5.0,76.0,76.0,76.0,37.0,36.0,1.0,0.0
13175,0.0,0.0,6.737439811229706,0.0,1.0,63.0,17.0,5.0,76.0,76.0,76.0,37.0,36.0,1.0,0.0,-1.738551378250122,-1.1396472454071045,9.0,-1.1497371196746826,-1.9248692989349365,-41.69875,0.0,0.0,5.587702691555023,0.0,1.0,64.0,18.0,6.0,77.0,77.0,77.0,38.0,37.0,1.0,0.0
13176,0.0,0.0,5.587702691555023,0.0,1.0,64.0,18.0,6.0,77.0,77.0,77.0,38.0,37.0,1.0,0.0,-1.682959794998169,-1.8394452333450317,9.0,-1.902126431465149,-1.403721809387207,-42.49875,0.0,0.0,3.6855762600898743,0.0,1.0,65.0,19.0,7.0,78.0,78.0,78.0,39.0,38.0,1.0,0.0
13177,0.0,0.0,3.6855762600898743,0.0,1.0,65.0,19.0,7.0,78.0,78.0,78.0,39.0,38.0,1.0,0.0,-1.9181278944015503,-0.5745130777359009,9.0,-1.6050550937652588,-1.7096534967422485,-43.29875,0.0,0.0,2.0805211663246155,0.0,1.0,66.0,20.0,8.0,79.0,79.0,79.0,40.0,39.0,1.0,0.0
13178,0.0,0.0,2.0805211663246155,0.0,1.0,66.0,20.0,8.0,79.0,79.0,79.0,40.0,39.0,1.0,0.0,-1.824649453163147,-1.8565967082977295,3.0,-1.7290490865707397,-1.901719331741333,-44.09875,0.0,0.0,0.35147207975387573,0.0,1.0,67.0,21.0,1.0,80.0,80.0,80.0,41.0,40.0,2.0,0.0
13179,0.0,0.0,0.35147207975387573,0.0,1.0,67.0,21.0,1.0,80.0,80.0,80.0,41.0,40.0,2.0,0.0,-1.1051433086395264,-1.96584153175354,3.0,-1.7647113800048828,-1.9706658124923706,-44.19875,0.0,0.0,0.0,0.0,1.0,68.0,22.0,1.0,81.0,81.0,81.0,42.0,41.0,3.0,0.0
13180,0.0,0.0,0.0,0.0,1.0,68.0,22.0,1.0,81.0,81.0,81.0,42.0,41.0,3.0,0.0,-1.6917579174041748,-1.8842347860336304,3.0,-1.8663190603256226,-1.9922828674316406,-44.99875,0.0,0.0,0.0,0.0,1.0,69.0,23.0,1.0,82.0,82.0,82.0,43.0,42.0,4.0,0.0
13181,0.0,0.0,0.0,0.0,1.0,69.0,23.0,1.0,82.0,82.0,82.0,43.0,42.0,4.0,0.0,-1.8945465087890625,-1.9117010831832886,9.0,-1.9635975360870361,-1.8713783025741577,-45.79875,0.0,0.0,0.0,0.0,1.0,70.0,24.0,2.0,83.0,83.0,83.0,44.0,43.0,1.0,0.0
13182,0.0,0.0,0.0,0.0,1.0,70.0,24.0,2.0,83.0,83.0,83.0,44.0,43.0,1.0,0.0,-1.8447922468185425,-1.7306303977966309,9.0,-1.6357452869415283,-1.7610859870910645,-46.29875,0.0,0.0,0.0,0.0,1.0,71.0,25.0,3.0,84.0,84.0,84.0,45.0,44.0,1.0,0.0
13183,0.0,0.0,0.0,0.0,1.0,71.0,25.0,3.0,84.0,84.0,84.0,45.0,44.0,1.0,0.0,-1.8865300416946411,-1.9292455911636353,9.0,0.21160456538200378,-1.8853553533554077,-47.09875,0.0,0.0,0.21160456538200378,0.0,1.0,72.0,26.0,4.0,85.0,85.0,85.0,46.0,45.0,1.0,0.0
13184,0.0,0.0,0.21160456538200378,0.0,1.0,72.0,26.0,4.0,85.0,85.0,85.0,46.0,45.0,1.0,0.0,1.0441877841949463,-1.7683207988739014,3.0,-0.6034588813781738,-1.90409255027771,-47.0966562206413,1.0441877841949463,0.0,0.0,0.0,1.0,73.0,27.0,1.0,86.0,86.0,86.0,47.0,46.0,2.0,0.0
13185,1.0441877841949463,0.0,0.0,0.0,1.0,73.0,27.0,1.0,86.0,86.0,86.0,47.0,46.0,2.0,0.0,-1.7661049365997314,0.2621630132198334,9.0,-1.5009090900421143,-1.929729700088501,-48.287497262905354,0.0,0.2621630132198334,0.0,0.0,1.0,74.0,28.0,2.0,87.0,87.0,87.0,48.0,47.0,1.0,0.0
13186,0.0,0.2621630132198334,0.0,0.0,1.0,74.0,28.0,2.0,87.0,87.0,87.0,48.0,47.0,1.0,0.0,-1.5674055814743042,-1.7815097570419312,9.0,-1.6801477670669556,-1.831817388534546,-49.09875,0.0,0.0,0.0,0.0,1.0,75.0,29.0,3.0,88.0,88.0,88.0,49.0,48.0,1.0,0.0
13187,0.0,0.0,0.0,0.0,1.0,75.0,29.0,3.0,88.0,88.0,88.0,49.0,48.0,1.0,0.0,-1.9180585145950317,-1.9386342763900757,9.0,0.6853089332580566,-1.94133460521698,-49.89875,0.0,0.0,0.6853089332580566,0.0,1.0,76.0,30.0,4.0,89.0,89.0,89.0,50.0,49.0,1.0,0.0
13188,0.0,0.0,0.6853089332580566,0.0,1.0,76.0,30.0,4.0,89.0,89.0,89.0,50.0,49.0,1.0,0.0,-1.8234766721725464,-1.7330981492996216,3.0,-1.6301120519638062,-1.977926254272461,-50.69875,0.0,0.0,0.0,0.0,1.0,77.0,31.0,1.0,90.0,90.0,90.0,51.0,50.0,2.0,0.0
13189,0.0,0.0,0.0,0.0,1.0,77.0,31.0,1.0,90.0,90.0,90.0,51.0,50.0,2.0,0.0,-1.6588526964187622,-1.6242855787277222,9.0,-1.8670095205307007,-1.8303272724151611,-51.19875,0.0,0.0,0.0,0.0,1.0,78.0,32.0,2.0,91.0,91.0,91.0,52.0,51.0,1.0,0.0
13190,0.0,0.0,0.0,0.0,1.0,78.0,32.0,2.0,91.0,91.0,91.0,52.0,51.0,1.0,0.0,-1.7898190021514893,-1.938718557357788,9.0,1.0033494234085083,-1.8845962285995483,-51.89875,0.0,0.0,1.0033494234085083,0.0,1.0,79.0,33.0,3.0,92.0,92.0,92.0,53.0,52.0,1.0,0.0
13191,0.0,0.0,1.0033494234085083,0.0,1.0,79.0,33.0,3.0,92.0,92.0,92.0,53.0,52.0,1.0,0.0,-1.5704132318496704,-1.7957727909088135,9.0,-1.6166999340057373,-1.8660708665847778,-52.69875,0.0,0.0,0.0,0.0,1.0,80.0,34.0,4.0,93.0,93.0,93.0,54.0,53.0,1.0,0.0
13192,0.0,0.0,0.0,0.0,1.0,80.0,34.0,4.0,93.0,93.0,93.0,54.0,53.0,1.0,0.0,-0.362718403339386,-1.5880213975906372,9.0,-1.1605150699615479,-1.7849534749984741,-53.49875,0.0,0.0,0.0,0.0,1.0,81.0,35.0,5.0,94.0,94.0,94.0,55.0,54.0,1.0,0.0
13193,0.0,0.0,0.0,0.0,1.0,81.0,35.0,5.0,94.0,94.0,94.0,55.0,54.0,1.0,0.0,-1.5761829614639282,-1.96852707862854,9.0,-0.33413898944854736,-1.9207661151885986,-54.29875,0.0,0.0,0.0,0.0,1.0,82.0,36.0,6.0,95.0,95.0,95.0,56.0,55.0,1.0,0.0
13194,0.0,0.0,0.0,0.0,1.0,82.0,36.0,6.0,95.0,95.0,95.0,56.0,55.0,1.0,0.0,-1.6638065576553345,-1.96541428565979,9.0,-1.4617332220077515,-1.7093127965927124,-55.09875,0.0,0.0,0.0,0.0,1.0,83.0,37.0,7.0,96.0,96.0,96.0,57.0,56.0,1.0,0.0
13195,0.0,0.0,0.0,0.0,1.0,83.0,37.0,7.0,96.0,96.0,96.0,57.0,56.0,1.0,0.0,-1.901686668395996,-1.786355972290039,9.0,-1.673754096031189,-1.8457704782485962,-55.89875,0.0,0.0,0.0,0.0,1.0,84.0,38.0,8.0,97.0,97.0,97.0,58.0,57.0,1.0,0.0
13196,0.0,0.0,0.0,0.0,1.0,84.0,38.0,8.0,97.0,97.0,97.0,58.0,57.0,1.0,0.0,-1.7877060174942017,-1.7842175960540771,9.0,-1.6829655170440674,-1.8858875036239624,-56.69875,0.0,0.0,0.0,0.0,1.0,85.0,39.0,9.0,98.0,98.0,98.0,59.0,58.0,1.0,0.0
13197,0.0,0.0,0.0,0.0,1.0,85.0,39.0,9.0,98.0,98.0,98.0,59.0,58.0,1.0,0.0,-1.2286001443862915,-1.3744181394577026,9.0,-0.5460572838783264,-1.8570778369903564,-57.49875,0.0,0.0,0.0,0.0,1.0,86.0,40.0,10.0,99.0,99.0,99.0,60.0,59.0,1.0,0.0
13198,0.0,0.0,0.0,0.0,1.0,86.0,40.0,10.0,99.0,99.0,99.0,60.0,59.0,1.0,0.0,-1.7282947301864624,0.9304301142692566,9.0,-1.9445514678955078,-1.892288327217102,-58.000283527483354,0.0,0.9304301142692566,0.0,0.0,1.0,87.0,41.0,11.0,100.0,100.0,100.0,61.0,60.0,1.0,0.0
13199,0.0,0.9304301142692566,0.0,0.0,1.0,87.0,41.0,11.0,100.0,100.0,100.0,61.0,60.0,1.0,0.0,-1.6318827867507935,-1.4760316610336304,9.0,-1.321335792541504,-1.915060043334961,-58.79875,0.0,0.0,0.0,0.0,1.0,88.0,42.0,12.0,100.0,100.0,100.0,62.0,61.0,1.0,1.0
