,0,1,2,3,4,5,6,7,8,9,10,11,12,13,14,15,16,17,18,19,20,21,22,23,24,25,26,27,28,29,30,31,32,33,34,35,36,37,38,39,40,41,42,43,44,45,46
10000,2.0,6.0,1.0,8.0,3.0,7.0,1.0,1.0,1.0,1.0,1.0,1.0,1.0,1.0,1.0,1.0,1.0,1.0,1.0,1.0,1.0,4.0,53.0,17.0,-9.24,2.0,4.0,1.0,9.0,1.0,7.0,1.0,2.0,2.0,1.0,2.0,2.0,2.0,2.0,2.0,2.0,1.0,2.0,2.0,2.0,2.0,0.0
10001,2.0,4.0,1.0,9.0,1.0,7.0,1.0,2.0,2.0,1.0,2.0,2.0,2.0,2.0,2.0,2.0,1.0,2.0,2.0,2.0,2.0,4.0,44.0,72.0,-5.411666666666667,2.0,2.0,1.0,7.0,0.0,7.0,1.0,3.0,3.0,2.0,3.0,3.0,3.0,3.0,1.0,3.0,2.0,3.0,3.0,3.0,1.0,0.0
10002,2.0,2.0,1.0,7.0,0.0,7.0,1.0,3.0,3.0,2.0,3.0,3.0,3.0,3.0,1.0,3.0,2.0,3.0,3.0,3.0,1.0,4.0,14.0,16.0,-8.646666666666667,2.0,0.0,1.0,5.0,2.0,7.0,1.0,4.0,1.0,1.0,4.0,4.0,4.0,4.0,2.0,4.0,3.0,4.0,4.0,4.0,2.0,0.0
10003,2.0,0.0,1.0,5.0,2.0,7.0,1.0,4.0,1.0,1.0,4.0,4.0,4.0,4.0,2.0,4.0,3.0,4.0,4.0,4.0,2.0,54.0,53.0,5.0,-17.705000000000002,2.0,0.0,1.0,7.0,2.0,7.0,2.0,1.0,2.0,2.0,5.0,5.0,5.0,5.0,3.0,5.0,1.0,5.0,5.0,5.0,3.0,0.0
10004,2.0,0.0,1.0,7.0,2.0,7.0,2.0,1.0,2.0,2.0,5.0,5.0,5.0,5.0,3.0,5.0,1.0,5.0,5.0,5.0,3.0,54.0,44.0,42.0,-12.39333333333333,2.0,0.0,1.0,5.0,0.0,7.0,3.0,2.0,3.0,3.0,6.0,6.0,6.0,6.0,1.0,6.0,1.0,6.0,6.0,6.0,4.0,0.0
10005,2.0,0.0,1.0,5.0,0.0,7.0,3.0,2.0,3.0,3.0,6.0,6.0,6.0,6.0,1.0,6.0,1.0,6.0,6.0,6.0,4.0,54.0,44.0,49.0,-13.479999999999997,2.0,0.0,1.0,3.0,0.0,5.0,4.0,3.0,4.0,4.0,7.0,7.0,7.0,7.0,1.0,1.0,1.0,7.0,7.0,7.0,5.0,0.0
10006,2.0,0.0,1.0,3.0,0.0,5.0,4.0,3.0,4.0,4.0,7.0,7.0,7.0,7.0,1.0,1.0,1.0,7.0,7.0,7.0,5.0,54.0,53.0,68.0,-14.876666666666665,2.0,0.0,1.0,5.0,0.0,7.0,5.0,4.0,5.0,5.0,8.0,8.0,8.0,8.0,2.0,2.0,1.0,8.0,8.0,1.0,6.0,0.0
10007,2.0,0.0,1.0,5.0,0.0,7.0,5.0,4.0,5.0,5.0,8.0,8.0,8.0,8.0,2.0,2.0,1.0,8.0,8.0,1.0,6.0,54.0,44.0,9.0,-22.23,2.0,0.0,1.0,3.0,0.0,5.0,6.0,1.0,6.0,6.0,9.0,9.0,9.0,9.0,1.0,3.0,1.0,9.0,9.0,2.0,7.0,0.0
10008,2.0,0.0,1.0,3.0,0.0,5.0,6.0,1.0,6.0,6.0,9.0,9.0,9.0,9.0,1.0,3.0,1.0,9.0,9.0,2.0,7.0,54.0,38.0,68.0,-20.415,2.0,0.0,1.0,5.0,0.0,7.0,7.0,2.0,7.0,7.0,10.0,10.0,10.0,1.0,2.0,4.0,1.0,10.0,10.0,1.0,8.0,0.0
10009,2.0,0.0,1.0,5.0,0.0,7.0,7.0,2.0,7.0,7.0,10.0,10.0,10.0,1.0,2.0,4.0,1.0,10.0,10.0,1.0,8.0,31.0,44.0,9.0,-23.426666666666666,4.0,0.0,1.0,3.0,0.0,5.0,8.0,1.0,8.0,8.0,11.0,11.0,1.0,2.0,1.0,5.0,2.0,11.0,11.0,2.0,9.0,0.0
10010,4.0,0.0,1.0,3.0,0.0,5.0,8.0,1.0,8.0,8.0,11.0,11.0,1.0,2.0,1.0,5.0,2.0,11.0,11.0,2.0,9.0,54.0,44.0,23.0,-24.26833333333333,4.0,0.0,1.0,1.0,0.0,7.0,9.0,2.0,9.0,9.0,1.0,12.0,2.0,3.0,1.0,6.0,1.0,12.0,12.0,3.0,10.0,0.0
10011,4.0,0.0,1.0,1.0,0.0,7.0,9.0,2.0,9.0,9.0,1.0,12.0,2.0,3.0,1.0,6.0,1.0,12.0,12.0,3.0,10.0,54.0,38.0,59.0,-16.141666666666666,4.0,0.0,1.0,3.0,0.0,5.0,10.0,3.0,10.0,10.0,2.0,13.0,3.0,1.0,2.0,7.0,1.0,1.0,13.0,4.0,11.0,0.0
10012,4.0,0.0,1.0,3.0,0.0,5.0,10.0,3.0,10.0,10.0,2.0,13.0,3.0,1.0,2.0,7.0,1.0,1.0,13.0,4.0,11.0,43.0,47.0,47.0,-12.666666666666666,4.0,2.0,0.0,3.0,0.0,5.0,11.0,4.0,11.0,11.0,3.0,14.0,4.0,2.0,1.0,1.0,2.0,2.0,14.0,5.0,12.0,0.0
10013,4.0,2.0,0.0,3.0,0.0,5.0,11.0,4.0,11.0,11.0,3.0,14.0,4.0,2.0,1.0,1.0,2.0,2.0,14.0,5.0,12.0,43.0,44.0,9.0,-324.8033333333333,4.0,4.0,0.0,1.0,0.0,3.0,12.0,1.0,12.0,12.0,4.0,15.0,5.0,3.0,1.0,2.0,3.0,3.0,15.0,6.0,13.0,0.0
10014,4.0,4.0,0.0,1.0,0.0,3.0,12.0,1.0,12.0,12.0,4.0,15.0,5.0,3.0,1.0,2.0,3.0,3.0,15.0,6.0,13.0,54.0,38.0,59.0,-24.89333333333333,4.0,2.0,0.0,3.0,0.0,1.0,13.0,2.0,13.0,13.0,5.0,16.0,6.0,1.0,2.0,3.0,1.0,1.0,16.0,7.0,14.0,0.0
10015,4.0,2.0,0.0,3.0,0.0,1.0,13.0,2.0,13.0,13.0,5.0,16.0,6.0,1.0,2.0,3.0,1.0,1.0,16.0,7.0,14.0,43.0,44.0,20.0,-28.061666666666664,4.0,4.0,0.0,1.0,0.0,1.0,14.0,3.0,14.0,14.0,1.0,17.0,7.0,2.0,1.0,4.0,2.0,2.0,17.0,8.0,15.0,0.0
10016,4.0,4.0,0.0,1.0,0.0,1.0,14.0,3.0,14.0,14.0,1.0,17.0,7.0,2.0,1.0,4.0,2.0,2.0,17.0,8.0,15.0,54.0,47.0,59.0,-23.568333333333335,4.0,2.0,0.0,1.0,0.0,0.0,15.0,4.0,15.0,15.0,2.0,18.0,8.0,3.0,2.0,1.0,1.0,1.0,18.0,9.0,16.0,0.0
10017,4.0,2.0,0.0,1.0,0.0,0.0,15.0,4.0,15.0,15.0,2.0,18.0,8.0,3.0,2.0,1.0,1.0,1.0,18.0,9.0,16.0,43.0,51.0,20.0,-24.544999999999998,4.0,4.0,2.0,1.0,0.0,0.0,16.0,5.0,16.0,16.0,1.0,19.0,9.0,4.0,1.0,2.0,1.0,2.0,19.0,10.0,17.0,0.0
10018,4.0,4.0,2.0,1.0,0.0,0.0,16.0,5.0,16.0,16.0,1.0,19.0,9.0,4.0,1.0,2.0,1.0,2.0,19.0,10.0,17.0,43.0,47.0,20.0,-23.263333333333335,4.0,6.0,0.0,1.0,0.0,0.0,17.0,6.0,17.0,17.0,1.0,20.0,10.0,5.0,1.0,1.0,2.0,3.0,20.0,11.0,18.0,0.0
10019,4.0,6.0,0.0,1.0,0.0,0.0,17.0,6.0,17.0,17.0,1.0,20.0,10.0,5.0,1.0,1.0,2.0,3.0,20.0,11.0,18.0,54.0,38.0,9.0,-24.946666666666665,4.0,4.0,0.0,3.0,0.0,0.0,18.0,1.0,18.0,18.0,2.0,21.0,11.0,1.0,2.0,2.0,1.0,4.0,21.0,12.0,19.0,0.0
10020,4.0,4.0,0.0,3.0,0.0,0.0,18.0,1.0,18.0,18.0,2.0,21.0,11.0,1.0,2.0,2.0,1.0,4.0,21.0,12.0,19.0,54.0,47.0,59.0,-25.015,4.0,2.0,0.0,3.0,0.0,0.0,19.0,2.0,19.0,19.0,3.0,22.0,12.0,2.0,3.0,1.0,1.0,1.0,22.0,13.0,20.0,0.0
10021,4.0,2.0,0.0,3.0,0.0,0.0,19.0,2.0,19.0,19.0,3.0,22.0,12.0,2.0,3.0,1.0,1.0,1.0,22.0,13.0,20.0,54.0,51.0,59.0,-27.89666666666667,4.0,0.0,2.0,3.0,0.0,0.0,20.0,3.0,20.0,20.0,4.0,23.0,13.0,3.0,4.0,2.0,1.0,1.0,23.0,14.0,21.0,0.0
10022,4.0,0.0,2.0,3.0,0.0,0.0,20.0,3.0,20.0,20.0,4.0,23.0,13.0,3.0,4.0,2.0,1.0,1.0,23.0,14.0,21.0,31.0,47.0,20.0,-25.305,6.0,0.0,0.0,3.0,0.0,0.0,21.0,4.0,21.0,21.0,1.0,24.0,1.0,4.0,5.0,1.0,2.0,2.0,24.0,15.0,22.0,0.0
10023,6.0,0.0,0.0,3.0,0.0,0.0,21.0,4.0,21.0,21.0,1.0,24.0,1.0,4.0,5.0,1.0,2.0,2.0,24.0,15.0,22.0,43.0,74.0,59.0,-36.15166666666667,6.0,2.0,0.0,1.0,0.0,0.0,22.0,5.0,22.0,22.0,2.0,25.0,2.0,5.0,1.0,2.0,3.0,1.0,25.0,16.0,1.0,0.0
10024,6.0,2.0,0.0,1.0,0.0,0.0,22.0,5.0,22.0,22.0,2.0,25.0,2.0,5.0,1.0,2.0,3.0,1.0,25.0,16.0,1.0,11.0,15.0,57.0,-29.96666666666667,8.0,2.0,0.0,1.0,0.0,0.0,23.0,6.0,1.0,1.0,3.0,26.0,3.0,6.0,2.0,3.0,4.0,1.0,26.0,17.0,2.0,0.0
10025,8.0,2.0,0.0,1.0,0.0,0.0,23.0,6.0,1.0,1.0,3.0,26.0,3.0,6.0,2.0,3.0,4.0,1.0,26.0,17.0,2.0,43.0,2.0,28.0,-22.916666666666664,8.0,4.0,0.0,1.0,0.0,2.0,1.0,7.0,2.0,2.0,4.0,1.0,4.0,7.0,1.0,4.0,5.0,2.0,27.0,18.0,3.0,0.0
10026,8.0,4.0,0.0,1.0,0.0,2.0,1.0,7.0,2.0,2.0,4.0,1.0,4.0,7.0,1.0,4.0,5.0,2.0,27.0,18.0,3.0,38.0,67.0,60.0,-31.144999999999996,8.0,6.0,0.0,1.0,0.0,2.0,2.0,8.0,3.0,3.0,5.0,2.0,5.0,1.0,2.0,5.0,6.0,3.0,1.0,1.0,4.0,0.0
10027,8.0,6.0,0.0,1.0,0.0,2.0,2.0,8.0,3.0,3.0,5.0,2.0,5.0,1.0,2.0,5.0,6.0,3.0,1.0,1.0,4.0,8.0,7.0,9.0,-26.031666666666666,8.0,8.0,0.0,1.0,0.0,0.0,3.0,1.0,4.0,4.0,6.0,3.0,6.0,2.0,3.0,6.0,7.0,4.0,2.0,2.0,5.0,0.0
10028,8.0,8.0,0.0,1.0,0.0,0.0,3.0,1.0,4.0,4.0,6.0,3.0,6.0,2.0,3.0,6.0,7.0,4.0,2.0,2.0,5.0,54.0,44.0,17.0,-23.30833333333333,8.0,6.0,0.0,0.0,0.0,0.0,4.0,2.0,5.0,1.0,7.0,4.0,7.0,3.0,1.0,7.0,1.0,5.0,3.0,3.0,6.0,0.0
10029,8.0,6.0,0.0,0.0,0.0,0.0,4.0,2.0,5.0,1.0,7.0,4.0,7.0,3.0,1.0,7.0,1.0,5.0,3.0,3.0,6.0,37.0,74.0,47.0,-20.761666666666667,6.0,6.0,0.0,0.0,0.0,0.0,5.0,3.0,6.0,2.0,8.0,5.0,8.0,1.0,2.0,1.0,2.0,6.0,4.0,4.0,1.0,0.0
10030,6.0,6.0,0.0,0.0,0.0,0.0,5.0,3.0,6.0,2.0,8.0,5.0,8.0,1.0,2.0,1.0,2.0,6.0,4.0,4.0,1.0,31.0,14.0,9.0,-29.618333333333332,8.0,6.0,0.0,0.0,0.0,0.0,6.0,1.0,1.0,3.0,9.0,6.0,1.0,2.0,3.0,2.0,3.0,7.0,5.0,5.0,2.0,0.0
10031,8.0,6.0,0.0,0.0,0.0,0.0,6.0,1.0,1.0,3.0,9.0,6.0,1.0,2.0,3.0,2.0,3.0,7.0,5.0,5.0,2.0,63.0,67.0,47.0,-14.473333333333334,8.0,8.0,0.0,0.0,0.0,0.0,7.0,2.0,2.0,4.0,10.0,7.0,2.0,3.0,4.0,1.0,4.0,8.0,1.0,1.0,3.0,0.0
10032,8.0,8.0,0.0,0.0,0.0,0.0,7.0,2.0,2.0,4.0,10.0,7.0,2.0,3.0,4.0,1.0,4.0,8.0,1.0,1.0,3.0,14.0,8.0,9.0,-21.716666666666665,8.0,6.0,0.0,2.0,0.0,0.0,8.0,1.0,1.0,5.0,11.0,8.0,3.0,4.0,5.0,2.0,5.0,9.0,2.0,2.0,4.0,0.0
10033,8.0,6.0,0.0,2.0,0.0,0.0,8.0,1.0,1.0,5.0,11.0,8.0,3.0,4.0,5.0,2.0,5.0,9.0,2.0,2.0,4.0,63.0,44.0,9.0,-24.19833333333333,8.0,8.0,0.0,0.0,0.0,0.0,9.0,1.0,2.0,6.0,12.0,9.0,4.0,5.0,1.0,3.0,6.0,10.0,1.0,3.0,5.0,0.0
10034,8.0,8.0,0.0,0.0,0.0,0.0,9.0,1.0,2.0,6.0,12.0,9.0,4.0,5.0,1.0,3.0,6.0,10.0,1.0,3.0,5.0,54.0,2.0,9.0,-18.396666666666665,8.0,6.0,0.0,0.0,0.0,0.0,1.0,1.0,3.0,7.0,13.0,10.0,5.0,6.0,2.0,4.0,1.0,11.0,2.0,4.0,6.0,0.0
10035,8.0,6.0,0.0,0.0,0.0,0.0,1.0,1.0,3.0,7.0,13.0,10.0,5.0,6.0,2.0,4.0,1.0,11.0,2.0,4.0,6.0,37.0,57.0,35.0,-27.718333333333337,6.0,6.0,0.0,0.0,0.0,0.0,2.0,2.0,4.0,8.0,14.0,11.0,6.0,1.0,3.0,5.0,2.0,1.0,3.0,5.0,7.0,0.0
10036,6.0,6.0,0.0,0.0,0.0,0.0,2.0,2.0,4.0,8.0,14.0,11.0,6.0,1.0,3.0,5.0,2.0,1.0,3.0,5.0,7.0,37.0,31.0,23.0,-326.2333333333333,4.0,6.0,2.0,0.0,0.0,2.0,3.0,3.0,5.0,9.0,1.0,12.0,1.0,1.0,4.0,6.0,3.0,2.0,4.0,6.0,8.0,0.0
10037,4.0,6.0,2.0,0.0,0.0,2.0,3.0,3.0,5.0,9.0,1.0,12.0,1.0,1.0,4.0,6.0,3.0,2.0,4.0,6.0,8.0,29.0,57.0,27.0,-331.725,4.0,4.0,0.0,0.0,0.0,2.0,4.0,4.0,6.0,10.0,2.0,1.0,2.0,2.0,5.0,7.0,4.0,1.0,5.0,7.0,9.0,0.0
10038,4.0,4.0,0.0,0.0,0.0,2.0,4.0,4.0,6.0,10.0,2.0,1.0,2.0,2.0,5.0,7.0,4.0,1.0,5.0,7.0,9.0,17.0,74.0,17.0,-18.74833333333333,2.0,4.0,0.0,0.0,0.0,2.0,5.0,5.0,7.0,1.0,3.0,2.0,3.0,3.0,6.0,8.0,5.0,2.0,6.0,8.0,1.0,0.0
10039,2.0,4.0,0.0,0.0,0.0,2.0,5.0,5.0,7.0,1.0,3.0,2.0,3.0,3.0,6.0,8.0,5.0,2.0,6.0,8.0,1.0,69.0,74.0,17.0,-21.096666666666668,2.0,2.0,0.0,0.0,0.0,2.0,6.0,6.0,8.0,1.0,4.0,3.0,4.0,4.0,7.0,9.0,6.0,3.0,7.0,1.0,1.0,0.0
10040,2.0,2.0,0.0,0.0,0.0,2.0,6.0,6.0,8.0,1.0,4.0,3.0,4.0,4.0,7.0,9.0,6.0,3.0,7.0,1.0,1.0,69.0,74.0,9.0,-29.623333333333335,2.0,0.0,0.0,0.0,0.0,0.0,7.0,1.0,9.0,2.0,5.0,4.0,5.0,5.0,8.0,10.0,7.0,4.0,8.0,1.0,1.0,0.0
10041,2.0,0.0,0.0,0.0,0.0,0.0,7.0,1.0,9.0,2.0,5.0,4.0,5.0,5.0,8.0,10.0,7.0,4.0,8.0,1.0,1.0,31.0,74.0,47.0,-22.116666666666664,4.0,0.0,0.0,0.0,0.0,0.0,8.0,2.0,10.0,3.0,6.0,5.0,1.0,6.0,9.0,1.0,8.0,5.0,9.0,2.0,1.0,0.0
10042,4.0,0.0,0.0,0.0,0.0,0.0,8.0,2.0,10.0,3.0,6.0,5.0,1.0,6.0,9.0,1.0,8.0,5.0,9.0,2.0,1.0,0.0,0.0,9.0,-15.94,4.0,0.0,0.0,0.0,0.0,0.0,1.0,1.0,11.0,4.0,7.0,6.0,2.0,7.0,10.0,2.0,9.0,6.0,10.0,3.0,2.0,0.0
10043,4.0,0.0,0.0,0.0,0.0,0.0,1.0,1.0,11.0,4.0,7.0,6.0,2.0,7.0,10.0,2.0,9.0,6.0,10.0,3.0,2.0,69.0,74.0,54.0,-25.461666666666666,4.0,0.0,0.0,0.0,0.0,0.0,2.0,2.0,12.0,5.0,8.0,7.0,3.0,8.0,11.0,3.0,1.0,7.0,11.0,1.0,1.0,0.0
10044,4.0,0.0,0.0,0.0,0.0,0.0,2.0,2.0,12.0,5.0,8.0,7.0,3.0,8.0,11.0,3.0,1.0,7.0,11.0,1.0,1.0,37.0,12.0,1.0,-21.585,2.0,0.0,0.0,0.0,2.0,0.0,1.0,3.0,1.0,6.0,9.0,8.0,4.0,1.0,12.0,4.0,2.0,8.0,12.0,2.0,2.0,0.0
10045,2.0,0.0,0.0,0.0,2.0,0.0,1.0,3.0,1.0,6.0,9.0,8.0,4.0,1.0,12.0,4.0,2.0,8.0,12.0,2.0,2.0,33.0,57.0,42.0,-35.4,2.0,2.0,0.0,0.0,0.0,0.0,2.0,4.0,2.0,7.0,10.0,9.0,1.0,2.0,1.0,5.0,3.0,1.0,13.0,3.0,3.0,0.0
10046,2.0,2.0,0.0,0.0,0.0,0.0,2.0,4.0,2.0,7.0,10.0,9.0,1.0,2.0,1.0,5.0,3.0,1.0,13.0,3.0,3.0,1.0,57.0,23.0,-27.008333333333333,4.0,2.0,0.0,0.0,0.0,2.0,1.0,5.0,3.0,8.0,1.0,10.0,2.0,3.0,2.0,6.0,4.0,1.0,14.0,4.0,4.0,0.0
10047,4.0,2.0,0.0,0.0,0.0,2.0,1.0,5.0,3.0,8.0,1.0,10.0,2.0,3.0,2.0,6.0,4.0,1.0,14.0,4.0,4.0,43.0,0.0,23.0,-16.426666666666666,4.0,4.0,0.0,0.0,0.0,4.0,1.0,6.0,4.0,9.0,1.0,11.0,3.0,4.0,1.0,7.0,5.0,2.0,15.0,5.0,5.0,0.0
10048,4.0,4.0,0.0,0.0,0.0,4.0,1.0,6.0,4.0,9.0,1.0,11.0,3.0,4.0,1.0,7.0,5.0,2.0,15.0,5.0,5.0,30.0,0.0,13.0,-18.753333333333334,4.0,4.0,0.0,0.0,0.0,6.0,1.0,7.0,1.0,10.0,2.0,12.0,1.0,5.0,2.0,8.0,6.0,3.0,16.0,6.0,6.0,0.0
10049,4.0,4.0,0.0,0.0,0.0,6.0,1.0,7.0,1.0,10.0,2.0,12.0,1.0,5.0,2.0,8.0,6.0,3.0,16.0,6.0,6.0,45.0,57.0,27.0,-329.225,4.0,4.0,0.0,0.0,0.0,6.0,2.0,8.0,2.0,11.0,3.0,1.0,2.0,6.0,3.0,1.0,7.0,1.0,17.0,7.0,7.0,0.0
10050,4.0,4.0,0.0,0.0,0.0,6.0,2.0,8.0,2.0,11.0,3.0,1.0,2.0,6.0,3.0,1.0,7.0,1.0,17.0,7.0,7.0,17.0,74.0,9.0,-24.461666666666666,2.0,4.0,0.0,0.0,0.0,4.0,3.0,1.0,3.0,1.0,4.0,2.0,3.0,7.0,4.0,2.0,8.0,2.0,18.0,8.0,1.0,0.0
10051,2.0,4.0,0.0,0.0,0.0,4.0,3.0,1.0,3.0,1.0,4.0,2.0,3.0,7.0,4.0,2.0,8.0,2.0,18.0,8.0,1.0,1.0,0.0,60.0,-21.581666666666667,4.0,4.0,0.0,0.0,0.0,4.0,1.0,2.0,4.0,2.0,5.0,3.0,4.0,8.0,5.0,3.0,9.0,3.0,1.0,9.0,2.0,0.0
10052,4.0,4.0,0.0,0.0,0.0,4.0,1.0,2.0,4.0,2.0,5.0,3.0,4.0,8.0,5.0,3.0,9.0,3.0,1.0,9.0,2.0,69.0,74.0,54.0,-19.388333333333332,4.0,2.0,0.0,0.0,0.0,2.0,2.0,3.0,5.0,3.0,6.0,4.0,5.0,9.0,6.0,4.0,1.0,4.0,2.0,1.0,1.0,0.0
10053,4.0,2.0,0.0,0.0,0.0,2.0,2.0,3.0,5.0,3.0,6.0,4.0,5.0,9.0,6.0,4.0,1.0,4.0,2.0,1.0,1.0,37.0,74.0,39.0,-23.441666666666666,2.0,2.0,0.0,0.0,0.0,0.0,3.0,4.0,6.0,4.0,7.0,5.0,6.0,1.0,7.0,5.0,2.0,5.0,3.0,2.0,1.0,0.0
10054,2.0,2.0,0.0,0.0,0.0,0.0,3.0,4.0,6.0,4.0,7.0,5.0,6.0,1.0,7.0,5.0,2.0,5.0,3.0,2.0,1.0,31.0,74.0,47.0,-21.316666666666663,4.0,2.0,0.0,0.0,0.0,0.0,4.0,5.0,7.0,5.0,8.0,6.0,1.0,2.0,8.0,1.0,3.0,6.0,4.0,3.0,1.0,0.0
10055,4.0,2.0,0.0,0.0,0.0,0.0,4.0,5.0,7.0,5.0,8.0,6.0,1.0,2.0,8.0,1.0,3.0,6.0,4.0,3.0,1.0,37.0,57.0,47.0,-22.49166666666667,2.0,2.0,0.0,0.0,0.0,0.0,5.0,6.0,8.0,6.0,9.0,7.0,2.0,1.0,9.0,1.0,4.0,1.0,5.0,4.0,2.0,0.0
10056,2.0,2.0,0.0,0.0,0.0,0.0,5.0,6.0,8.0,6.0,9.0,7.0,2.0,1.0,9.0,1.0,4.0,1.0,5.0,4.0,2.0,17.0,12.0,14.0,-34.18333333333334,0.0,2.0,0.0,0.0,0.0,0.0,6.0,7.0,1.0,1.0,10.0,8.0,3.0,2.0,10.0,2.0,5.0,2.0,6.0,5.0,3.0,0.0
10057,0.0,2.0,0.0,0.0,0.0,0.0,6.0,7.0,1.0,1.0,10.0,8.0,3.0,2.0,10.0,2.0,5.0,2.0,6.0,5.0,3.0,1.0,68.0,47.0,-12.926666666666666,2.0,2.0,0.0,2.0,0.0,0.0,1.0,8.0,2.0,2.0,11.0,9.0,4.0,3.0,11.0,1.0,6.0,3.0,7.0,1.0,4.0,0.0
10058,2.0,2.0,0.0,2.0,0.0,0.0,1.0,8.0,2.0,2.0,11.0,9.0,4.0,3.0,11.0,1.0,6.0,3.0,7.0,1.0,4.0,8.0,58.0,9.0,-22.33833333333333,2.0,4.0,0.0,4.0,0.0,0.0,2.0,1.0,3.0,3.0,12.0,10.0,5.0,4.0,12.0,2.0,7.0,1.0,8.0,2.0,5.0,0.0
10059,2.0,4.0,0.0,4.0,0.0,0.0,2.0,1.0,3.0,3.0,12.0,10.0,5.0,4.0,12.0,2.0,7.0,1.0,8.0,2.0,5.0,1.0,44.0,47.0,-15.451666666666666,4.0,4.0,0.0,2.0,0.0,0.0,1.0,2.0,4.0,4.0,13.0,11.0,6.0,5.0,1.0,1.0,8.0,2.0,9.0,3.0,6.0,0.0
10060,4.0,4.0,0.0,2.0,0.0,0.0,1.0,2.0,4.0,4.0,13.0,11.0,6.0,5.0,1.0,1.0,8.0,2.0,9.0,3.0,6.0,1.0,37.0,54.0,-19.083333333333332,6.0,4.0,0.0,2.0,0.0,0.0,1.0,3.0,5.0,5.0,14.0,12.0,7.0,1.0,2.0,2.0,1.0,3.0,10.0,4.0,7.0,0.0
10061,6.0,4.0,0.0,2.0,0.0,0.0,1.0,3.0,5.0,5.0,14.0,12.0,7.0,1.0,2.0,2.0,1.0,3.0,10.0,4.0,7.0,37.0,58.0,23.0,-20.43333333333333,4.0,4.0,0.0,4.0,0.0,2.0,2.0,4.0,6.0,6.0,1.0,13.0,8.0,1.0,3.0,3.0,2.0,1.0,11.0,5.0,8.0,0.0
10062,4.0,4.0,0.0,4.0,0.0,2.0,2.0,4.0,6.0,6.0,1.0,13.0,8.0,1.0,3.0,3.0,2.0,1.0,11.0,5.0,8.0,26.0,58.0,47.0,-8.364999999999998,6.0,4.0,0.0,6.0,0.0,2.0,3.0,5.0,7.0,7.0,2.0,1.0,9.0,2.0,4.0,1.0,3.0,1.0,12.0,6.0,9.0,0.0
10063,6.0,4.0,0.0,6.0,0.0,2.0,3.0,5.0,7.0,7.0,2.0,1.0,9.0,2.0,4.0,1.0,3.0,1.0,12.0,6.0,9.0,6.0,74.0,73.0,-12.306666666666665,8.0,4.0,0.0,4.0,0.0,4.0,4.0,1.0,8.0,8.0,3.0,2.0,10.0,3.0,5.0,2.0,4.0,2.0,13.0,7.0,1.0,0.0
10064,8.0,4.0,0.0,4.0,0.0,4.0,4.0,1.0,8.0,8.0,3.0,2.0,10.0,3.0,5.0,2.0,4.0,2.0,13.0,7.0,1.0,6.0,55.0,17.0,-11.64333333333333,9.0,4.0,0.0,4.0,0.0,4.0,5.0,1.0,9.0,1.0,4.0,3.0,11.0,4.0,6.0,3.0,5.0,1.0,14.0,8.0,2.0,0.0
10065,9.0,4.0,0.0,4.0,0.0,4.0,5.0,1.0,9.0,1.0,4.0,3.0,11.0,4.0,6.0,3.0,5.0,1.0,14.0,8.0,2.0,69.0,58.0,40.0,-14.898333333333333,9.0,2.0,0.0,6.0,0.0,4.0,6.0,2.0,10.0,2.0,5.0,4.0,12.0,5.0,1.0,4.0,6.0,1.0,15.0,1.0,3.0,0.0
10066,9.0,2.0,0.0,6.0,0.0,4.0,6.0,2.0,10.0,2.0,5.0,4.0,12.0,5.0,1.0,4.0,6.0,1.0,15.0,1.0,3.0,32.0,58.0,40.0,-10.625,7.0,2.0,0.0,8.0,0.0,4.0,7.0,3.0,11.0,3.0,6.0,5.0,1.0,6.0,1.0,5.0,7.0,1.0,16.0,2.0,4.0,0.0
10067,7.0,2.0,0.0,8.0,0.0,4.0,7.0,3.0,11.0,3.0,6.0,5.0,1.0,6.0,1.0,5.0,7.0,1.0,16.0,2.0,4.0,11.0,49.0,47.0,-13.658333333333335,9.0,2.0,0.0,6.0,0.0,4.0,8.0,4.0,1.0,4.0,7.0,6.0,2.0,7.0,2.0,1.0,8.0,2.0,17.0,3.0,5.0,0.0
10068,9.0,2.0,0.0,6.0,0.0,4.0,8.0,4.0,1.0,4.0,7.0,6.0,2.0,7.0,2.0,1.0,8.0,2.0,17.0,3.0,5.0,1.0,53.0,23.0,-23.509999999999998,9.0,2.0,0.0,8.0,0.0,6.0,1.0,5.0,2.0,5.0,1.0,7.0,3.0,8.0,3.0,2.0,1.0,3.0,18.0,4.0,6.0,0.0
10069,9.0,2.0,0.0,8.0,0.0,6.0,1.0,5.0,2.0,5.0,1.0,7.0,3.0,8.0,3.0,2.0,1.0,3.0,18.0,4.0,6.0,6.0,74.0,40.0,-9.626666666666667,9.0,2.0,0.0,6.0,0.0,6.0,2.0,1.0,3.0,6.0,2.0,8.0,4.0,9.0,1.0,3.0,2.0,4.0,19.0,5.0,1.0,0.0
10070,9.0,2.0,0.0,6.0,0.0,6.0,2.0,1.0,3.0,6.0,2.0,8.0,4.0,9.0,1.0,3.0,2.0,4.0,19.0,5.0,1.0,32.0,0.0,61.0,-18.26,7.0,2.0,0.0,6.0,2.0,6.0,1.0,2.0,4.0,7.0,3.0,9.0,1.0,10.0,2.0,4.0,3.0,5.0,1.0,6.0,2.0,0.0
10071,7.0,2.0,0.0,6.0,2.0,6.0,1.0,2.0,4.0,7.0,3.0,9.0,1.0,10.0,2.0,4.0,3.0,5.0,1.0,6.0,2.0,37.0,58.0,27.0,-314.55999999999995,5.0,2.0,0.0,8.0,0.0,6.0,2.0,3.0,5.0,8.0,4.0,1.0,2.0,1.0,3.0,5.0,4.0,1.0,2.0,7.0,3.0,0.0
10072,5.0,2.0,0.0,8.0,0.0,6.0,2.0,3.0,5.0,8.0,4.0,1.0,2.0,1.0,3.0,5.0,4.0,1.0,2.0,7.0,3.0,7.0,14.0,17.0,-12.168333333333333,3.0,2.0,0.0,6.0,0.0,6.0,3.0,1.0,1.0,1.0,5.0,2.0,3.0,2.0,4.0,6.0,5.0,2.0,3.0,8.0,4.0,0.0
10073,3.0,2.0,0.0,6.0,0.0,6.0,3.0,1.0,1.0,1.0,5.0,2.0,3.0,2.0,4.0,6.0,5.0,2.0,3.0,8.0,4.0,67.0,49.0,77.0,-8.36,1.0,2.0,0.0,4.0,0.0,6.0,4.0,2.0,2.0,2.0,6.0,3.0,4.0,3.0,5.0,1.0,6.0,3.0,4.0,1.0,5.0,0.0
10074,1.0,2.0,0.0,4.0,0.0,6.0,4.0,2.0,2.0,2.0,6.0,3.0,4.0,3.0,5.0,1.0,6.0,3.0,4.0,1.0,5.0,49.0,44.0,52.0,-15.069999999999999,1.0,0.0,0.0,2.0,0.0,6.0,5.0,3.0,3.0,3.0,7.0,4.0,5.0,4.0,1.0,1.0,1.0,4.0,5.0,2.0,6.0,0.0
10075,1.0,0.0,0.0,2.0,0.0,6.0,5.0,3.0,3.0,3.0,7.0,4.0,5.0,4.0,1.0,1.0,1.0,4.0,5.0,2.0,6.0,37.0,4.0,52.0,-14.783333333333333,0.0,0.0,0.0,0.0,0.0,6.0,1.0,4.0,4.0,4.0,8.0,5.0,6.0,1.0,2.0,2.0,1.0,5.0,6.0,3.0,7.0,0.0
10076,0.0,0.0,0.0,0.0,0.0,6.0,1.0,4.0,4.0,4.0,8.0,5.0,6.0,1.0,2.0,2.0,1.0,5.0,6.0,3.0,7.0,37.0,58.0,52.0,-21.516666666666666,0.0,0.0,0.0,2.0,0.0,6.0,2.0,5.0,5.0,5.0,9.0,6.0,7.0,1.0,3.0,3.0,1.0,1.0,7.0,4.0,8.0,0.0
10077,0.0,0.0,0.0,2.0,0.0,6.0,2.0,5.0,5.0,5.0,9.0,6.0,7.0,1.0,3.0,3.0,1.0,1.0,7.0,4.0,8.0,37.0,58.0,52.0,-18.596666666666664,0.0,0.0,0.0,4.0,0.0,6.0,3.0,6.0,6.0,6.0,10.0,7.0,8.0,1.0,4.0,4.0,1.0,1.0,8.0,5.0,9.0,0.0
10078,0.0,0.0,0.0,4.0,0.0,6.0,3.0,6.0,6.0,6.0,10.0,7.0,8.0,1.0,4.0,4.0,1.0,1.0,8.0,5.0,9.0,49.0,58.0,77.0,-9.808333333333334,0.0,0.0,0.0,6.0,0.0,6.0,4.0,7.0,7.0,7.0,11.0,8.0,9.0,2.0,5.0,1.0,2.0,1.0,9.0,6.0,10.0,0.0
10079,0.0,0.0,0.0,6.0,0.0,6.0,4.0,7.0,7.0,7.0,11.0,8.0,9.0,2.0,5.0,1.0,2.0,1.0,9.0,6.0,10.0,37.0,58.0,77.0,-13.088333333333333,0.0,0.0,0.0,8.0,0.0,6.0,5.0,8.0,8.0,8.0,12.0,9.0,10.0,1.0,6.0,2.0,3.0,1.0,10.0,7.0,11.0,0.0
10080,0.0,0.0,0.0,8.0,0.0,6.0,5.0,8.0,8.0,8.0,12.0,9.0,10.0,1.0,6.0,2.0,3.0,1.0,10.0,7.0,11.0,49.0,58.0,77.0,-10.013333333333334,0.0,0.0,0.0,9.0,0.0,6.0,6.0,9.0,9.0,9.0,13.0,10.0,11.0,2.0,7.0,1.0,4.0,1.0,11.0,8.0,12.0,0.0
10081,0.0,0.0,0.0,9.0,0.0,6.0,6.0,9.0,9.0,9.0,13.0,10.0,11.0,2.0,7.0,1.0,4.0,1.0,11.0,8.0,12.0,49.0,58.0,77.0,-10.88,0.0,0.0,0.0,9.0,0.0,6.0,7.0,10.0,10.0,10.0,14.0,11.0,12.0,3.0,8.0,1.0,5.0,1.0,12.0,9.0,13.0,0.0
10082,0.0,0.0,0.0,9.0,0.0,6.0,7.0,10.0,10.0,10.0,14.0,11.0,12.0,3.0,8.0,1.0,5.0,1.0,12.0,9.0,13.0,49.0,58.0,77.0,-11.746666666666668,0.0,0.0,0.0,9.0,0.0,6.0,8.0,11.0,11.0,11.0,15.0,12.0,13.0,4.0,9.0,1.0,6.0,1.0,13.0,10.0,14.0,0.0
10083,0.0,0.0,0.0,9.0,0.0,6.0,8.0,11.0,11.0,11.0,15.0,12.0,13.0,4.0,9.0,1.0,6.0,1.0,13.0,10.0,14.0,49.0,58.0,77.0,-12.613333333333333,0.0,0.0,0.0,9.0,0.0,6.0,9.0,12.0,12.0,12.0,16.0,13.0,14.0,5.0,10.0,1.0,7.0,1.0,14.0,11.0,15.0,0.0
10084,0.0,0.0,0.0,9.0,0.0,6.0,9.0,12.0,12.0,12.0,16.0,13.0,14.0,5.0,10.0,1.0,7.0,1.0,14.0,11.0,15.0,37.0,58.0,77.0,-16.93333333333333,0.0,0.0,0.0,9.0,0.0,6.0,10.0,13.0,13.0,13.0,17.0,14.0,15.0,1.0,11.0,2.0,8.0,1.0,15.0,12.0,16.0,0.0
10085,0.0,0.0,0.0,9.0,0.0,6.0,10.0,13.0,13.0,13.0,17.0,14.0,15.0,1.0,11.0,2.0,8.0,1.0,15.0,12.0,16.0,49.0,58.0,77.0,-14.013333333333334,0.0,0.0,0.0,9.0,0.0,6.0,11.0,14.0,14.0,14.0,18.0,15.0,16.0,2.0,12.0,1.0,9.0,1.0,16.0,13.0,17.0,0.0
10086,0.0,0.0,0.0,9.0,0.0,6.0,11.0,14.0,14.0,14.0,18.0,15.0,16.0,2.0,12.0,1.0,9.0,1.0,16.0,13.0,17.0,49.0,58.0,77.0,-14.88,0.0,0.0,0.0,9.0,0.0,6.0,12.0,15.0,15.0,15.0,19.0,16.0,17.0,3.0,13.0,1.0,10.0,1.0,17.0,14.0,18.0,0.0
10087,0.0,0.0,0.0,9.0,0.0,6.0,12.0,15.0,15.0,15.0,19.0,16.0,17.0,3.0,13.0,1.0,10.0,1.0,17.0,14.0,18.0,49.0,58.0,77.0,-15.746666666666668,0.0,0.0,0.0,9.0,0.0,6.0,13.0,16.0,16.0,16.0,20.0,17.0,18.0,4.0,14.0,1.0,11.0,1.0,18.0,15.0,19.0,0.0
10088,0.0,0.0,0.0,9.0,0.0,6.0,13.0,16.0,16.0,16.0,20.0,17.0,18.0,4.0,14.0,1.0,11.0,1.0,18.0,15.0,19.0,37.0,58.0,77.0,-20.133333333333333,0.0,0.0,0.0,9.0,0.0,6.0,14.0,17.0,17.0,17.0,21.0,18.0,19.0,1.0,15.0,2.0,12.0,1.0,19.0,16.0,20.0,0.0
10089,0.0,0.0,0.0,9.0,0.0,6.0,14.0,17.0,17.0,17.0,21.0,18.0,19.0,1.0,15.0,2.0,12.0,1.0,19.0,16.0,20.0,49.0,58.0,77.0,-17.21333333333333,0.0,0.0,0.0,9.0,0.0,6.0,15.0,18.0,18.0,18.0,22.0,19.0,20.0,2.0,16.0,1.0,13.0,1.0,20.0,17.0,21.0,0.0
10090,0.0,0.0,0.0,9.0,0.0,6.0,15.0,18.0,18.0,18.0,22.0,19.0,20.0,2.0,16.0,1.0,13.0,1.0,20.0,17.0,21.0,37.0,58.0,77.0,-21.733333333333334,0.0,0.0,0.0,9.0,0.0,6.0,16.0,19.0,19.0,19.0,23.0,20.0,21.0,1.0,17.0,2.0,14.0,1.0,21.0,18.0,22.0,0.0
10091,0.0,0.0,0.0,9.0,0.0,6.0,16.0,19.0,19.0,19.0,23.0,20.0,21.0,1.0,17.0,2.0,14.0,1.0,21.0,18.0,22.0,49.0,58.0,77.0,-18.813333333333333,0.0,0.0,0.0,9.0,0.0,6.0,17.0,20.0,20.0,20.0,24.0,21.0,22.0,2.0,18.0,1.0,15.0,1.0,22.0,19.0,23.0,0.0
10092,0.0,0.0,0.0,9.0,0.0,6.0,17.0,20.0,20.0,20.0,24.0,21.0,22.0,2.0,18.0,1.0,15.0,1.0,22.0,19.0,23.0,37.0,58.0,77.0,-23.333333333333332,0.0,0.0,0.0,9.0,0.0,6.0,18.0,21.0,21.0,21.0,25.0,22.0,23.0,1.0,19.0,2.0,16.0,1.0,23.0,20.0,24.0,0.0
10093,0.0,0.0,0.0,9.0,0.0,6.0,18.0,21.0,21.0,21.0,25.0,22.0,23.0,1.0,19.0,2.0,16.0,1.0,23.0,20.0,24.0,37.0,58.0,77.0,-24.2,0.0,0.0,0.0,9.0,0.0,6.0,19.0,22.0,22.0,22.0,26.0,23.0,24.0,1.0,20.0,3.0,17.0,1.0,24.0,21.0,25.0,0.0
10094,0.0,0.0,0.0,9.0,0.0,6.0,19.0,22.0,22.0,22.0,26.0,23.0,24.0,1.0,20.0,3.0,17.0,1.0,24.0,21.0,25.0,37.0,58.0,77.0,-25.066666666666666,0.0,0.0,0.0,9.0,0.0,6.0,20.0,23.0,23.0,23.0,27.0,24.0,25.0,1.0,21.0,4.0,18.0,1.0,25.0,22.0,26.0,0.0
10095,0.0,0.0,0.0,9.0,0.0,6.0,20.0,23.0,23.0,23.0,27.0,24.0,25.0,1.0,21.0,4.0,18.0,1.0,25.0,22.0,26.0,37.0,58.0,77.0,-25.933333333333334,0.0,0.0,0.0,9.0,0.0,6.0,21.0,24.0,24.0,24.0,28.0,25.0,26.0,1.0,22.0,5.0,19.0,1.0,26.0,23.0,27.0,0.0
10096,0.0,0.0,0.0,9.0,0.0,6.0,21.0,24.0,24.0,24.0,28.0,25.0,26.0,1.0,22.0,5.0,19.0,1.0,26.0,23.0,27.0,49.0,58.0,77.0,-22.813333333333333,0.0,0.0,0.0,9.0,0.0,6.0,22.0,25.0,25.0,25.0,29.0,26.0,27.0,2.0,23.0,1.0,20.0,1.0,27.0,24.0,28.0,0.0
10097,0.0,0.0,0.0,9.0,0.0,6.0,22.0,25.0,25.0,25.0,29.0,26.0,27.0,2.0,23.0,1.0,20.0,1.0,27.0,24.0,28.0,37.0,58.0,54.0,-28.634999999999998,0.0,0.0,0.0,9.0,0.0,4.0,23.0,26.0,26.0,26.0,30.0,27.0,28.0,1.0,24.0,2.0,1.0,1.0,28.0,25.0,29.0,0.0
10098,0.0,0.0,0.0,9.0,0.0,4.0,23.0,26.0,26.0,26.0,30.0,27.0,28.0,1.0,24.0,2.0,1.0,1.0,28.0,25.0,29.0,37.0,68.0,67.0,-35.651666666666664,0.0,0.0,0.0,9.0,0.0,4.0,24.0,27.0,27.0,27.0,31.0,28.0,29.0,1.0,25.0,3.0,2.0,2.0,29.0,1.0,30.0,0.0
10099,0.0,0.0,0.0,9.0,0.0,4.0,24.0,27.0,27.0,27.0,31.0,28.0,29.0,1.0,25.0,3.0,2.0,2.0,29.0,1.0,30.0,26.0,68.0,9.0,-40.20333333333333,2.0,0.0,0.0,9.0,0.0,2.0,25.0,1.0,28.0,28.0,32.0,1.0,30.0,2.0,26.0,4.0,3.0,3.0,30.0,1.0,31.0,1.0
10100,0.0,7.0,0.0,0.0,7.0,3.0,1.0,1.0,1.0,1.0,1.0,1.0,1.0,1.0,1.0,1.0,1.0,1.0,1.0,1.0,1.0,72.0,2.0,67.0,-5.21,0.0,7.0,0.0,0.0,5.0,3.0,1.0,2.0,2.0,2.0,2.0,2.0,2.0,2.0,2.0,2.0,2.0,2.0,2.0,1.0,1.0,0.0
10101,0.0,7.0,0.0,0.0,5.0,3.0,1.0,2.0,2.0,2.0,2.0,2.0,2.0,2.0,2.0,2.0,2.0,2.0,2.0,1.0,1.0,72.0,7.0,67.0,-13.228333333333332,0.0,7.0,0.0,0.0,3.0,3.0,2.0,1.0,3.0,3.0,3.0,3.0,3.0,3.0,3.0,3.0,3.0,3.0,3.0,1.0,1.0,0.0
10102,0.0,7.0,0.0,0.0,3.0,3.0,2.0,1.0,3.0,3.0,3.0,3.0,3.0,3.0,3.0,3.0,3.0,3.0,3.0,1.0,1.0,69.0,55.0,61.0,-25.076666666666668,0.0,5.0,0.0,0.0,5.0,3.0,3.0,2.0,4.0,4.0,4.0,4.0,4.0,4.0,4.0,4.0,4.0,1.0,1.0,1.0,2.0,0.0
10103,0.0,5.0,0.0,0.0,5.0,3.0,3.0,2.0,4.0,4.0,4.0,4.0,4.0,4.0,4.0,4.0,4.0,1.0,1.0,1.0,2.0,54.0,7.0,39.0,-14.870000000000001,0.0,3.0,0.0,0.0,5.0,1.0,4.0,1.0,5.0,5.0,5.0,5.0,5.0,1.0,5.0,5.0,1.0,2.0,2.0,2.0,3.0,0.0
10104,0.0,3.0,0.0,0.0,5.0,1.0,4.0,1.0,5.0,5.0,5.0,5.0,5.0,1.0,5.0,5.0,1.0,2.0,2.0,2.0,3.0,37.0,47.0,67.0,-15.646666666666668,0.0,3.0,0.0,0.0,3.0,1.0,5.0,2.0,6.0,6.0,6.0,6.0,6.0,1.0,6.0,1.0,2.0,3.0,3.0,1.0,4.0,0.0
10105,0.0,3.0,0.0,0.0,3.0,1.0,5.0,2.0,6.0,6.0,6.0,6.0,6.0,1.0,6.0,1.0,2.0,3.0,3.0,1.0,4.0,37.0,48.0,67.0,-17.066666666666666,0.0,3.0,0.0,2.0,1.0,1.0,6.0,3.0,7.0,7.0,7.0,7.0,7.0,1.0,7.0,1.0,3.0,4.0,4.0,1.0,5.0,0.0
10106,0.0,3.0,0.0,2.0,1.0,1.0,6.0,3.0,7.0,7.0,7.0,7.0,7.0,1.0,7.0,1.0,3.0,4.0,4.0,1.0,5.0,2.0,48.0,52.0,-12.129999999999999,0.0,3.0,0.0,4.0,0.0,1.0,1.0,4.0,8.0,8.0,8.0,8.0,8.0,2.0,8.0,1.0,1.0,5.0,5.0,2.0,6.0,0.0
10107,0.0,3.0,0.0,4.0,0.0,1.0,1.0,4.0,8.0,8.0,8.0,8.0,8.0,2.0,8.0,1.0,1.0,5.0,5.0,2.0,6.0,33.0,48.0,12.0,-33.54166666666666,0.0,5.0,0.0,6.0,0.0,1.0,2.0,5.0,1.0,9.0,9.0,9.0,1.0,3.0,9.0,1.0,2.0,6.0,6.0,3.0,7.0,0.0
10108,0.0,5.0,0.0,6.0,0.0,1.0,2.0,5.0,1.0,9.0,9.0,9.0,1.0,3.0,9.0,1.0,2.0,6.0,6.0,3.0,7.0,17.0,19.0,42.0,-14.276666666666667,0.0,5.0,0.0,4.0,0.0,1.0,3.0,6.0,2.0,1.0,10.0,10.0,2.0,4.0,1.0,2.0,3.0,7.0,7.0,4.0,8.0,0.0
10109,0.0,5.0,0.0,4.0,0.0,1.0,3.0,6.0,2.0,1.0,10.0,10.0,2.0,4.0,1.0,2.0,3.0,7.0,7.0,4.0,8.0,38.0,19.0,70.0,-27.274999999999995,0.0,7.0,0.0,2.0,0.0,1.0,4.0,7.0,3.0,1.0,11.0,11.0,3.0,1.0,2.0,3.0,4.0,8.0,8.0,5.0,1.0,0.0
10110,0.0,7.0,0.0,2.0,0.0,1.0,4.0,7.0,3.0,1.0,11.0,11.0,3.0,1.0,2.0,3.0,4.0,8.0,8.0,5.0,1.0,54.0,61.0,70.0,-27.71833333333333,0.0,5.0,2.0,2.0,0.0,1.0,5.0,8.0,4.0,2.0,12.0,12.0,4.0,2.0,3.0,4.0,1.0,9.0,1.0,6.0,1.0,0.0
10111,0.0,5.0,2.0,2.0,0.0,1.0,5.0,8.0,4.0,2.0,12.0,12.0,4.0,2.0,3.0,4.0,1.0,9.0,1.0,6.0,1.0,54.0,7.0,39.0,-21.63,0.0,3.0,0.0,2.0,0.0,0.0,6.0,1.0,5.0,3.0,13.0,13.0,5.0,1.0,4.0,5.0,1.0,10.0,2.0,7.0,2.0,0.0
10112,0.0,3.0,0.0,2.0,0.0,0.0,6.0,1.0,5.0,3.0,13.0,13.0,5.0,1.0,4.0,5.0,1.0,10.0,2.0,7.0,2.0,67.0,61.0,47.0,-23.711666666666666,0.0,3.0,2.0,2.0,0.0,0.0,7.0,2.0,6.0,4.0,14.0,14.0,6.0,2.0,5.0,1.0,2.0,11.0,1.0,1.0,3.0,0.0
10113,0.0,3.0,2.0,2.0,0.0,0.0,7.0,2.0,6.0,4.0,14.0,14.0,6.0,2.0,5.0,1.0,2.0,11.0,1.0,1.0,3.0,54.0,61.0,35.0,-323.75833333333327,0.0,1.0,4.0,2.0,0.0,0.0,8.0,3.0,7.0,5.0,15.0,15.0,7.0,1.0,6.0,2.0,1.0,12.0,1.0,2.0,4.0,0.0
10114,0.0,1.0,4.0,2.0,0.0,0.0,8.0,3.0,7.0,5.0,15.0,15.0,7.0,1.0,6.0,2.0,1.0,12.0,1.0,2.0,4.0,54.0,61.0,35.0,-23.163333333333334,0.0,0.0,6.0,2.0,0.0,0.0,9.0,4.0,8.0,6.0,16.0,16.0,8.0,1.0,7.0,3.0,1.0,13.0,1.0,3.0,5.0,0.0
10115,0.0,0.0,6.0,2.0,0.0,0.0,9.0,4.0,8.0,6.0,16.0,16.0,8.0,1.0,7.0,3.0,1.0,13.0,1.0,3.0,5.0,7.0,61.0,35.0,-25.77833333333333,0.0,0.0,8.0,2.0,0.0,0.0,10.0,1.0,9.0,7.0,17.0,17.0,9.0,1.0,8.0,4.0,2.0,14.0,1.0,4.0,6.0,0.0
10116,0.0,0.0,8.0,2.0,0.0,0.0,10.0,1.0,9.0,7.0,17.0,17.0,9.0,1.0,8.0,4.0,2.0,14.0,1.0,4.0,6.0,37.0,61.0,35.0,-24.009999999999998,0.0,0.0,9.0,2.0,0.0,0.0,11.0,2.0,10.0,8.0,18.0,18.0,10.0,1.0,9.0,5.0,3.0,15.0,1.0,5.0,7.0,0.0
10117,0.0,0.0,9.0,2.0,0.0,0.0,11.0,2.0,10.0,8.0,18.0,18.0,10.0,1.0,9.0,5.0,3.0,15.0,1.0,5.0,7.0,54.0,61.0,35.0,-23.901666666666667,0.0,0.0,9.0,2.0,0.0,0.0,12.0,3.0,11.0,9.0,19.0,19.0,11.0,1.0,10.0,6.0,1.0,16.0,1.0,6.0,8.0,0.0
10118,0.0,0.0,9.0,2.0,0.0,0.0,12.0,3.0,11.0,9.0,19.0,19.0,11.0,1.0,10.0,6.0,1.0,16.0,1.0,6.0,8.0,2.0,61.0,35.0,-20.558333333333334,0.0,0.0,9.0,2.0,0.0,0.0,1.0,4.0,12.0,10.0,20.0,20.0,12.0,1.0,11.0,7.0,2.0,17.0,1.0,7.0,9.0,0.0
10119,0.0,0.0,9.0,2.0,0.0,0.0,1.0,4.0,12.0,10.0,20.0,20.0,12.0,1.0,11.0,7.0,2.0,17.0,1.0,7.0,9.0,33.0,61.0,12.0,-38.49166666666667,0.0,2.0,9.0,2.0,0.0,0.0,2.0,5.0,1.0,11.0,21.0,21.0,1.0,2.0,12.0,8.0,3.0,18.0,1.0,8.0,10.0,0.0
10120,0.0,2.0,9.0,2.0,0.0,0.0,2.0,5.0,1.0,11.0,21.0,21.0,1.0,2.0,12.0,8.0,3.0,18.0,1.0,8.0,10.0,20.0,61.0,25.0,-33.525,0.0,2.0,9.0,2.0,0.0,0.0,3.0,6.0,2.0,12.0,1.0,1.0,2.0,3.0,13.0,9.0,4.0,19.0,1.0,9.0,11.0,0.0
10121,0.0,2.0,9.0,2.0,0.0,0.0,3.0,6.0,2.0,12.0,1.0,1.0,2.0,3.0,13.0,9.0,4.0,19.0,1.0,9.0,11.0,52.0,12.0,42.0,-23.803333333333327,0.0,2.0,7.0,2.0,0.0,0.0,4.0,7.0,1.0,13.0,2.0,2.0,3.0,4.0,1.0,10.0,1.0,20.0,2.0,10.0,12.0,0.0
10122,0.0,2.0,7.0,2.0,0.0,0.0,4.0,7.0,1.0,13.0,2.0,2.0,3.0,4.0,1.0,10.0,1.0,20.0,2.0,10.0,12.0,57.0,27.0,35.0,-22.14,0.0,2.0,5.0,2.0,0.0,0.0,5.0,8.0,2.0,14.0,3.0,1.0,4.0,1.0,2.0,11.0,2.0,1.0,3.0,11.0,13.0,0.0
10123,0.0,2.0,5.0,2.0,0.0,0.0,5.0,8.0,2.0,14.0,3.0,1.0,4.0,1.0,2.0,11.0,2.0,1.0,3.0,11.0,13.0,17.0,47.0,77.0,-7.988333333333333,0.0,2.0,3.0,2.0,0.0,0.0,6.0,9.0,3.0,1.0,4.0,2.0,5.0,2.0,3.0,1.0,3.0,2.0,4.0,12.0,14.0,0.0
10124,0.0,2.0,3.0,2.0,0.0,0.0,6.0,9.0,3.0,1.0,4.0,2.0,5.0,2.0,3.0,1.0,3.0,2.0,4.0,12.0,14.0,70.0,7.0,69.0,-23.395,0.0,2.0,1.0,2.0,0.0,0.0,7.0,1.0,4.0,2.0,5.0,3.0,6.0,3.0,4.0,2.0,4.0,3.0,5.0,1.0,1.0,0.0
10125,0.0,2.0,1.0,2.0,0.0,0.0,7.0,1.0,4.0,2.0,5.0,3.0,6.0,3.0,4.0,2.0,4.0,3.0,5.0,1.0,1.0,0.0,58.0,9.0,-17.771666666666665,0.0,2.0,1.0,4.0,0.0,0.0,1.0,1.0,5.0,3.0,6.0,4.0,7.0,4.0,5.0,3.0,5.0,1.0,6.0,2.0,2.0,0.0
10126,0.0,2.0,1.0,4.0,0.0,0.0,1.0,1.0,5.0,3.0,6.0,4.0,7.0,4.0,5.0,3.0,5.0,1.0,6.0,2.0,2.0,49.0,24.0,12.0,-26.363333333333337,0.0,0.0,1.0,2.0,0.0,0.0,2.0,2.0,1.0,4.0,1.0,5.0,8.0,5.0,6.0,1.0,6.0,2.0,7.0,3.0,3.0,0.0
10127,0.0,0.0,1.0,2.0,0.0,0.0,2.0,2.0,1.0,4.0,1.0,5.0,8.0,5.0,6.0,1.0,6.0,2.0,7.0,3.0,3.0,26.0,58.0,54.0,-22.621666666666663,2.0,0.0,1.0,4.0,0.0,0.0,3.0,3.0,2.0,5.0,2.0,1.0,9.0,6.0,7.0,2.0,1.0,1.0,8.0,4.0,4.0,0.0
10128,2.0,0.0,1.0,4.0,0.0,0.0,3.0,3.0,2.0,5.0,2.0,1.0,9.0,6.0,7.0,2.0,1.0,1.0,8.0,4.0,4.0,26.0,58.0,67.0,-20.431666666666665,4.0,0.0,1.0,6.0,0.0,0.0,4.0,4.0,3.0,6.0,3.0,1.0,10.0,7.0,8.0,3.0,2.0,1.0,9.0,1.0,5.0,0.0
10129,4.0,0.0,1.0,6.0,0.0,0.0,4.0,4.0,3.0,6.0,3.0,1.0,10.0,7.0,8.0,3.0,2.0,1.0,9.0,1.0,5.0,26.0,58.0,9.0,-18.396666666666665,6.0,0.0,1.0,8.0,0.0,0.0,5.0,1.0,4.0,7.0,4.0,1.0,11.0,8.0,9.0,4.0,3.0,1.0,10.0,2.0,6.0,0.0
10130,6.0,0.0,1.0,8.0,0.0,0.0,5.0,1.0,4.0,7.0,4.0,1.0,11.0,8.0,9.0,4.0,3.0,1.0,10.0,2.0,6.0,26.0,58.0,67.0,-17.89,8.0,0.0,1.0,9.0,0.0,0.0,6.0,2.0,5.0,8.0,5.0,1.0,12.0,9.0,10.0,5.0,4.0,1.0,11.0,1.0,7.0,0.0
10131,8.0,0.0,1.0,9.0,0.0,0.0,6.0,2.0,5.0,8.0,5.0,1.0,12.0,9.0,10.0,5.0,4.0,1.0,11.0,1.0,7.0,26.0,24.0,9.0,-25.176666666666662,9.0,0.0,1.0,7.0,0.0,0.0,7.0,1.0,6.0,9.0,1.0,1.0,13.0,10.0,11.0,6.0,5.0,2.0,12.0,2.0,8.0,0.0
10132,9.0,0.0,1.0,7.0,0.0,0.0,7.0,1.0,6.0,9.0,1.0,1.0,13.0,10.0,11.0,6.0,5.0,2.0,12.0,2.0,8.0,26.0,58.0,40.0,-20.90333333333333,9.0,0.0,1.0,9.0,0.0,0.0,8.0,2.0,7.0,10.0,2.0,1.0,14.0,11.0,1.0,7.0,6.0,1.0,13.0,3.0,9.0,0.0
10133,9.0,0.0,1.0,9.0,0.0,0.0,8.0,2.0,7.0,10.0,2.0,1.0,14.0,11.0,1.0,7.0,6.0,1.0,13.0,3.0,9.0,49.0,54.0,40.0,-28.72,9.0,0.0,1.0,7.0,0.0,0.0,9.0,3.0,8.0,11.0,3.0,2.0,15.0,12.0,1.0,1.0,1.0,2.0,14.0,4.0,10.0,0.0
10134,9.0,0.0,1.0,7.0,0.0,0.0,9.0,3.0,8.0,11.0,3.0,2.0,15.0,12.0,1.0,1.0,1.0,2.0,14.0,4.0,10.0,26.0,55.0,40.0,-22.256666666666664,9.0,0.0,1.0,7.0,0.0,0.0,10.0,4.0,9.0,12.0,4.0,1.0,16.0,13.0,1.0,2.0,2.0,1.0,15.0,5.0,11.0,0.0
10135,9.0,0.0,1.0,7.0,0.0,0.0,10.0,4.0,9.0,12.0,4.0,1.0,16.0,13.0,1.0,2.0,2.0,1.0,15.0,5.0,11.0,26.0,54.0,40.0,-23.919999999999998,9.0,0.0,1.0,5.0,0.0,0.0,11.0,5.0,10.0,13.0,5.0,1.0,17.0,14.0,1.0,3.0,1.0,2.0,16.0,6.0,12.0,0.0
10136,9.0,0.0,1.0,5.0,0.0,0.0,11.0,5.0,10.0,13.0,5.0,1.0,17.0,14.0,1.0,3.0,1.0,2.0,16.0,6.0,12.0,26.0,0.0,40.0,-25.603333333333328,9.0,0.0,1.0,5.0,0.0,0.0,1.0,6.0,11.0,14.0,6.0,1.0,18.0,15.0,1.0,4.0,2.0,3.0,17.0,7.0,13.0,0.0
10137,9.0,0.0,1.0,5.0,0.0,0.0,1.0,6.0,11.0,14.0,6.0,1.0,18.0,15.0,1.0,4.0,2.0,3.0,17.0,7.0,13.0,26.0,38.0,40.0,-31.824999999999996,9.0,0.0,1.0,7.0,0.0,0.0,2.0,7.0,12.0,15.0,7.0,1.0,19.0,1.0,1.0,5.0,3.0,4.0,18.0,8.0,14.0,0.0
10138,9.0,0.0,1.0,7.0,0.0,0.0,2.0,7.0,12.0,15.0,7.0,1.0,19.0,1.0,1.0,5.0,3.0,4.0,18.0,8.0,14.0,6.0,54.0,9.0,-19.60333333333333,9.0,0.0,1.0,5.0,0.0,0.0,3.0,1.0,13.0,16.0,8.0,2.0,20.0,2.0,2.0,6.0,1.0,5.0,19.0,9.0,15.0,0.0
10139,9.0,0.0,1.0,5.0,0.0,0.0,3.0,1.0,13.0,16.0,8.0,2.0,20.0,2.0,2.0,6.0,1.0,5.0,19.0,9.0,15.0,33.0,51.0,40.0,-18.604999999999997,9.0,2.0,3.0,5.0,0.0,0.0,4.0,2.0,14.0,17.0,9.0,3.0,1.0,3.0,1.0,7.0,1.0,6.0,20.0,10.0,16.0,0.0
10140,9.0,2.0,3.0,5.0,0.0,0.0,4.0,2.0,14.0,17.0,9.0,3.0,1.0,3.0,1.0,7.0,1.0,6.0,20.0,10.0,16.0,39.0,79.0,13.0,-18.781666666666666,9.0,0.0,3.0,3.0,0.0,2.0,5.0,3.0,1.0,18.0,10.0,4.0,2.0,1.0,2.0,8.0,2.0,7.0,21.0,11.0,17.0,0.0
10141,9.0,0.0,3.0,3.0,0.0,2.0,5.0,3.0,1.0,18.0,10.0,4.0,2.0,1.0,2.0,8.0,2.0,7.0,21.0,11.0,17.0,39.0,79.0,52.0,-13.226666666666667,9.0,0.0,3.0,1.0,0.0,2.0,6.0,4.0,2.0,19.0,11.0,5.0,3.0,1.0,3.0,9.0,1.0,8.0,22.0,12.0,18.0,0.0
10142,9.0,0.0,3.0,1.0,0.0,2.0,6.0,4.0,2.0,19.0,11.0,5.0,3.0,1.0,3.0,9.0,1.0,8.0,22.0,12.0,18.0,39.0,79.0,52.0,-14.093333333333332,9.0,0.0,3.0,0.0,0.0,2.0,7.0,5.0,3.0,20.0,12.0,6.0,4.0,1.0,4.0,10.0,1.0,9.0,23.0,13.0,19.0,0.0
10143,9.0,0.0,3.0,0.0,0.0,2.0,7.0,5.0,3.0,20.0,12.0,6.0,4.0,1.0,4.0,10.0,1.0,9.0,23.0,13.0,19.0,39.0,79.0,52.0,-14.959999999999999,9.0,0.0,3.0,0.0,0.0,2.0,8.0,6.0,4.0,21.0,13.0,7.0,5.0,1.0,5.0,11.0,1.0,10.0,24.0,14.0,20.0,0.0
10144,9.0,0.0,3.0,0.0,0.0,2.0,8.0,6.0,4.0,21.0,13.0,7.0,5.0,1.0,5.0,11.0,1.0,10.0,24.0,14.0,20.0,39.0,79.0,52.0,-15.826666666666666,9.0,0.0,3.0,0.0,0.0,2.0,9.0,7.0,5.0,22.0,14.0,8.0,6.0,1.0,6.0,12.0,1.0,11.0,25.0,15.0,21.0,0.0
10145,9.0,0.0,3.0,0.0,0.0,2.0,9.0,7.0,5.0,22.0,14.0,8.0,6.0,1.0,6.0,12.0,1.0,11.0,25.0,15.0,21.0,39.0,79.0,52.0,-16.69333333333333,9.0,0.0,3.0,0.0,0.0,2.0,10.0,8.0,6.0,23.0,15.0,9.0,7.0,1.0,7.0,13.0,1.0,12.0,26.0,16.0,22.0,0.0
10146,9.0,0.0,3.0,0.0,0.0,2.0,10.0,8.0,6.0,23.0,15.0,9.0,7.0,1.0,7.0,13.0,1.0,12.0,26.0,16.0,22.0,39.0,68.0,52.0,-18.663333333333334,9.0,0.0,3.0,2.0,0.0,2.0,11.0,9.0,7.0,24.0,16.0,10.0,8.0,1.0,8.0,14.0,1.0,13.0,27.0,1.0,23.0,0.0
10147,9.0,0.0,3.0,2.0,0.0,2.0,11.0,9.0,7.0,24.0,16.0,10.0,8.0,1.0,8.0,14.0,1.0,13.0,27.0,1.0,23.0,39.0,71.0,52.0,-22.956666666666667,9.0,0.0,5.0,2.0,0.0,2.0,12.0,10.0,8.0,25.0,17.0,11.0,9.0,1.0,9.0,15.0,1.0,14.0,28.0,2.0,1.0,0.0
10148,9.0,0.0,5.0,2.0,0.0,2.0,12.0,10.0,8.0,25.0,17.0,11.0,9.0,1.0,9.0,15.0,1.0,14.0,28.0,2.0,1.0,17.0,61.0,9.0,-32.00166666666666,7.0,0.0,7.0,2.0,0.0,0.0,13.0,1.0,9.0,1.0,18.0,12.0,10.0,2.0,10.0,16.0,2.0,15.0,1.0,3.0,2.0,0.0
10149,7.0,0.0,7.0,2.0,0.0,0.0,13.0,1.0,9.0,1.0,18.0,12.0,10.0,2.0,10.0,16.0,2.0,15.0,1.0,3.0,2.0,31.0,68.0,58.0,-15.945,9.0,0.0,7.0,4.0,0.0,2.0,14.0,2.0,10.0,2.0,19.0,13.0,1.0,3.0,11.0,17.0,3.0,1.0,2.0,1.0,3.0,0.0
10150,9.0,0.0,7.0,4.0,0.0,2.0,14.0,2.0,10.0,2.0,19.0,13.0,1.0,3.0,11.0,17.0,3.0,1.0,2.0,1.0,3.0,46.0,68.0,58.0,-20.79333333333333,9.0,0.0,7.0,6.0,0.0,4.0,15.0,3.0,11.0,3.0,20.0,14.0,2.0,4.0,12.0,1.0,4.0,1.0,3.0,1.0,4.0,0.0
10151,9.0,0.0,7.0,6.0,0.0,4.0,15.0,3.0,11.0,3.0,20.0,14.0,2.0,4.0,12.0,1.0,4.0,1.0,3.0,1.0,4.0,0.0,24.0,58.0,-13.038333333333334,9.0,0.0,7.0,4.0,0.0,6.0,1.0,4.0,12.0,4.0,1.0,15.0,3.0,5.0,13.0,2.0,5.0,1.0,4.0,2.0,5.0,0.0
10152,9.0,0.0,7.0,4.0,0.0,6.0,1.0,4.0,12.0,4.0,1.0,15.0,3.0,5.0,13.0,2.0,5.0,1.0,4.0,2.0,5.0,23.0,10.0,26.0,-14.031666666666666,9.0,2.0,7.0,4.0,2.0,6.0,2.0,5.0,1.0,5.0,1.0,1.0,4.0,6.0,14.0,3.0,6.0,2.0,5.0,3.0,6.0,0.0
10153,9.0,2.0,7.0,4.0,2.0,6.0,2.0,5.0,1.0,5.0,1.0,1.0,4.0,6.0,14.0,3.0,6.0,2.0,5.0,3.0,6.0,41.0,33.0,26.0,-19.345,9.0,2.0,7.0,6.0,4.0,6.0,3.0,6.0,2.0,6.0,2.0,1.0,1.0,7.0,1.0,4.0,7.0,3.0,6.0,4.0,7.0,0.0
10154,9.0,2.0,7.0,6.0,4.0,6.0,3.0,6.0,2.0,6.0,2.0,1.0,1.0,7.0,1.0,4.0,7.0,3.0,6.0,4.0,7.0,41.0,53.0,77.0,-16.401666666666664,9.0,2.0,7.0,8.0,2.0,6.0,4.0,7.0,3.0,7.0,3.0,2.0,2.0,8.0,1.0,5.0,1.0,4.0,7.0,5.0,8.0,0.0
10155,9.0,2.0,7.0,8.0,2.0,6.0,4.0,7.0,3.0,7.0,3.0,2.0,2.0,8.0,1.0,5.0,1.0,4.0,7.0,5.0,8.0,41.0,79.0,67.0,-17.156666666666666,9.0,2.0,7.0,6.0,0.0,6.0,5.0,8.0,4.0,8.0,4.0,3.0,3.0,9.0,1.0,6.0,2.0,5.0,8.0,1.0,9.0,0.0
10156,9.0,2.0,7.0,6.0,0.0,6.0,5.0,8.0,4.0,8.0,4.0,3.0,3.0,9.0,1.0,6.0,2.0,5.0,8.0,1.0,9.0,41.0,79.0,9.0,-21.741666666666667,9.0,2.0,7.0,4.0,0.0,4.0,6.0,1.0,5.0,9.0,5.0,4.0,4.0,10.0,1.0,7.0,3.0,6.0,9.0,2.0,10.0,0.0
10157,9.0,2.0,7.0,4.0,0.0,4.0,6.0,1.0,5.0,9.0,5.0,4.0,4.0,10.0,1.0,7.0,3.0,6.0,9.0,2.0,10.0,39.0,79.0,52.0,-9.94,9.0,0.0,7.0,2.0,0.0,4.0,7.0,2.0,6.0,10.0,6.0,5.0,5.0,1.0,2.0,8.0,1.0,7.0,10.0,3.0,11.0,0.0
10158,9.0,0.0,7.0,2.0,0.0,4.0,7.0,2.0,6.0,10.0,6.0,5.0,5.0,1.0,2.0,8.0,1.0,7.0,10.0,3.0,11.0,39.0,61.0,52.0,-14.169999999999998,9.0,0.0,9.0,2.0,0.0,4.0,8.0,3.0,7.0,11.0,7.0,6.0,6.0,1.0,3.0,9.0,1.0,8.0,1.0,4.0,12.0,0.0
10159,9.0,0.0,9.0,2.0,0.0,4.0,8.0,3.0,7.0,11.0,7.0,6.0,6.0,1.0,3.0,9.0,1.0,8.0,1.0,4.0,12.0,7.0,47.0,67.0,-14.87833333333333,7.0,0.0,7.0,2.0,0.0,4.0,9.0,1.0,8.0,12.0,8.0,7.0,7.0,2.0,4.0,1.0,2.0,9.0,2.0,1.0,13.0,0.0
10160,7.0,0.0,7.0,2.0,0.0,4.0,9.0,1.0,8.0,12.0,8.0,7.0,7.0,2.0,4.0,1.0,2.0,9.0,2.0,1.0,13.0,75.0,79.0,67.0,-10.851666666666667,7.0,0.0,7.0,0.0,0.0,4.0,10.0,2.0,9.0,13.0,9.0,8.0,8.0,3.0,5.0,2.0,3.0,10.0,3.0,1.0,14.0,0.0
10161,7.0,0.0,7.0,0.0,0.0,4.0,10.0,2.0,9.0,13.0,9.0,8.0,8.0,3.0,5.0,2.0,3.0,10.0,3.0,1.0,14.0,75.0,3.0,52.0,-12.225,7.0,0.0,7.0,2.0,0.0,4.0,1.0,3.0,10.0,14.0,10.0,9.0,9.0,4.0,6.0,3.0,1.0,11.0,4.0,2.0,15.0,0.0
10162,7.0,0.0,7.0,2.0,0.0,4.0,1.0,3.0,10.0,14.0,10.0,9.0,9.0,4.0,6.0,3.0,1.0,11.0,4.0,2.0,15.0,37.0,79.0,34.0,-20.263333333333335,5.0,0.0,7.0,0.0,0.0,2.0,2.0,4.0,11.0,15.0,11.0,10.0,1.0,1.0,7.0,4.0,2.0,12.0,5.0,3.0,16.0,0.0
10163,5.0,0.0,7.0,0.0,0.0,2.0,2.0,4.0,11.0,15.0,11.0,10.0,1.0,1.0,7.0,4.0,2.0,12.0,5.0,3.0,16.0,45.0,3.0,35.0,-19.09166666666667,5.0,0.0,7.0,2.0,0.0,2.0,1.0,5.0,12.0,16.0,12.0,11.0,2.0,1.0,8.0,1.0,3.0,13.0,6.0,4.0,17.0,0.0
10164,5.0,0.0,7.0,2.0,0.0,2.0,1.0,5.0,12.0,16.0,12.0,11.0,2.0,1.0,8.0,1.0,3.0,13.0,6.0,4.0,17.0,45.0,3.0,35.0,-21.131666666666668,5.0,0.0,7.0,4.0,0.0,2.0,1.0,6.0,13.0,17.0,13.0,12.0,3.0,1.0,9.0,1.0,4.0,14.0,7.0,5.0,18.0,0.0
10165,5.0,0.0,7.0,4.0,0.0,2.0,1.0,6.0,13.0,17.0,13.0,12.0,3.0,1.0,9.0,1.0,4.0,14.0,7.0,5.0,18.0,45.0,3.0,3.0,-21.53333333333333,5.0,0.0,7.0,6.0,0.0,4.0,1.0,7.0,14.0,18.0,14.0,13.0,4.0,2.0,10.0,1.0,5.0,15.0,8.0,6.0,19.0,0.0
10166,5.0,0.0,7.0,6.0,0.0,4.0,1.0,7.0,14.0,18.0,14.0,13.0,4.0,2.0,10.0,1.0,5.0,15.0,8.0,6.0,19.0,45.0,3.0,5.0,-31.078333333333326,5.0,0.0,7.0,8.0,0.0,4.0,1.0,1.0,15.0,19.0,15.0,14.0,5.0,3.0,11.0,1.0,6.0,16.0,9.0,7.0,20.0,0.0
10167,5.0,0.0,7.0,8.0,0.0,4.0,1.0,1.0,15.0,19.0,15.0,14.0,5.0,3.0,11.0,1.0,6.0,16.0,9.0,7.0,20.0,45.0,3.0,34.0,-38.431666666666665,5.0,0.0,7.0,9.0,0.0,2.0,1.0,2.0,16.0,20.0,16.0,15.0,1.0,4.0,12.0,1.0,7.0,17.0,10.0,8.0,21.0,0.0
10168,5.0,0.0,7.0,9.0,0.0,2.0,1.0,2.0,16.0,20.0,16.0,15.0,1.0,4.0,12.0,1.0,7.0,17.0,10.0,8.0,21.0,45.0,3.0,34.0,-39.23166666666667,5.0,0.0,7.0,9.0,0.0,0.0,1.0,3.0,17.0,21.0,17.0,16.0,1.0,5.0,13.0,1.0,8.0,18.0,11.0,9.0,22.0,0.0
10169,5.0,0.0,7.0,9.0,0.0,0.0,1.0,3.0,17.0,21.0,17.0,16.0,1.0,5.0,13.0,1.0,8.0,18.0,11.0,9.0,22.0,45.0,3.0,34.0,-40.031666666666666,5.0,0.0,7.0,9.0,0.0,0.0,1.0,4.0,18.0,22.0,18.0,17.0,1.0,6.0,14.0,1.0,9.0,19.0,12.0,10.0,23.0,0.0
10170,5.0,0.0,7.0,9.0,0.0,0.0,1.0,4.0,18.0,22.0,18.0,17.0,1.0,6.0,14.0,1.0,9.0,19.0,12.0,10.0,23.0,45.0,3.0,34.0,-40.83166666666666,5.0,0.0,7.0,9.0,0.0,0.0,1.0,5.0,19.0,23.0,19.0,18.0,1.0,7.0,15.0,1.0,10.0,20.0,13.0,11.0,24.0,0.0
10171,5.0,0.0,7.0,9.0,0.0,0.0,1.0,5.0,19.0,23.0,19.0,18.0,1.0,7.0,15.0,1.0,10.0,20.0,13.0,11.0,24.0,45.0,3.0,34.0,-41.63166666666667,5.0,0.0,7.0,9.0,0.0,0.0,1.0,6.0,20.0,24.0,20.0,19.0,1.0,8.0,16.0,1.0,11.0,21.0,14.0,12.0,25.0,0.0
10172,5.0,0.0,7.0,9.0,0.0,0.0,1.0,6.0,20.0,24.0,20.0,19.0,1.0,8.0,16.0,1.0,11.0,21.0,14.0,12.0,25.0,45.0,3.0,34.0,-42.431666666666665,5.0,0.0,7.0,9.0,0.0,0.0,1.0,7.0,21.0,25.0,21.0,20.0,1.0,9.0,17.0,1.0,12.0,22.0,15.0,13.0,26.0,0.0
10173,5.0,0.0,7.0,9.0,0.0,0.0,1.0,7.0,21.0,25.0,21.0,20.0,1.0,9.0,17.0,1.0,12.0,22.0,15.0,13.0,26.0,45.0,3.0,34.0,-43.23166666666667,5.0,0.0,7.0,9.0,0.0,0.0,1.0,8.0,22.0,26.0,22.0,21.0,1.0,10.0,18.0,1.0,13.0,23.0,16.0,14.0,27.0,0.0
10174,5.0,0.0,7.0,9.0,0.0,0.0,1.0,8.0,22.0,26.0,22.0,21.0,1.0,10.0,18.0,1.0,13.0,23.0,16.0,14.0,27.0,45.0,3.0,34.0,-44.031666666666666,5.0,0.0,7.0,9.0,0.0,0.0,1.0,9.0,23.0,27.0,23.0,22.0,1.0,11.0,19.0,1.0,14.0,24.0,17.0,15.0,28.0,0.0
10175,5.0,0.0,7.0,9.0,0.0,0.0,1.0,9.0,23.0,27.0,23.0,22.0,1.0,11.0,19.0,1.0,14.0,24.0,17.0,15.0,28.0,45.0,3.0,34.0,-44.83166666666666,5.0,0.0,7.0,9.0,0.0,0.0,1.0,10.0,24.0,28.0,24.0,23.0,1.0,12.0,20.0,1.0,15.0,25.0,18.0,16.0,29.0,0.0
10176,5.0,0.0,7.0,9.0,0.0,0.0,1.0,10.0,24.0,28.0,24.0,23.0,1.0,12.0,20.0,1.0,15.0,25.0,18.0,16.0,29.0,45.0,3.0,34.0,-45.63166666666666,5.0,0.0,7.0,9.0,0.0,0.0,1.0,11.0,25.0,29.0,25.0,24.0,1.0,13.0,21.0,1.0,16.0,26.0,19.0,17.0,30.0,0.0
10177,5.0,0.0,7.0,9.0,0.0,0.0,1.0,11.0,25.0,29.0,25.0,24.0,1.0,13.0,21.0,1.0,16.0,26.0,19.0,17.0,30.0,45.0,3.0,34.0,-46.431666666666665,5.0,0.0,7.0,9.0,0.0,0.0,1.0,12.0,26.0,30.0,26.0,25.0,1.0,14.0,22.0,1.0,17.0,27.0,20.0,18.0,31.0,0.0
10178,5.0,0.0,7.0,9.0,0.0,0.0,1.0,12.0,26.0,30.0,26.0,25.0,1.0,14.0,22.0,1.0,17.0,27.0,20.0,18.0,31.0,45.0,3.0,34.0,-47.23166666666667,5.0,0.0,7.0,9.0,0.0,0.0,1.0,13.0,27.0,31.0,27.0,26.0,1.0,15.0,23.0,1.0,18.0,28.0,21.0,19.0,32.0,0.0
10179,5.0,0.0,7.0,9.0,0.0,0.0,1.0,13.0,27.0,31.0,27.0,26.0,1.0,15.0,23.0,1.0,18.0,28.0,21.0,19.0,32.0,45.0,3.0,34.0,-48.031666666666666,5.0,0.0,7.0,9.0,0.0,0.0,1.0,14.0,28.0,32.0,28.0,27.0,1.0,16.0,24.0,1.0,19.0,29.0,22.0,20.0,33.0,0.0
10180,5.0,0.0,7.0,9.0,0.0,0.0,1.0,14.0,28.0,32.0,28.0,27.0,1.0,16.0,24.0,1.0,19.0,29.0,22.0,20.0,33.0,45.0,3.0,34.0,-48.83166666666666,5.0,0.0,7.0,9.0,0.0,0.0,1.0,15.0,29.0,33.0,29.0,28.0,1.0,17.0,25.0,1.0,20.0,30.0,23.0,21.0,34.0,0.0
10181,5.0,0.0,7.0,9.0,0.0,0.0,1.0,15.0,29.0,33.0,29.0,28.0,1.0,17.0,25.0,1.0,20.0,30.0,23.0,21.0,34.0,45.0,3.0,34.0,-49.63166666666666,5.0,0.0,7.0,9.0,0.0,0.0,1.0,16.0,30.0,34.0,30.0,29.0,1.0,18.0,26.0,1.0,21.0,31.0,24.0,22.0,35.0,0.0
10182,5.0,0.0,7.0,9.0,0.0,0.0,1.0,16.0,30.0,34.0,30.0,29.0,1.0,18.0,26.0,1.0,21.0,31.0,24.0,22.0,35.0,45.0,3.0,34.0,-50.431666666666665,5.0,0.0,7.0,9.0,0.0,0.0,1.0,17.0,31.0,35.0,31.0,30.0,1.0,19.0,27.0,1.0,22.0,32.0,25.0,23.0,36.0,0.0
10183,5.0,0.0,7.0,9.0,0.0,0.0,1.0,17.0,31.0,35.0,31.0,30.0,1.0,19.0,27.0,1.0,22.0,32.0,25.0,23.0,36.0,39.0,79.0,34.0,-35.06333333333333,5.0,0.0,7.0,7.0,0.0,0.0,2.0,18.0,32.0,36.0,32.0,31.0,1.0,1.0,28.0,2.0,23.0,33.0,26.0,24.0,37.0,0.0
10184,5.0,0.0,7.0,7.0,0.0,0.0,2.0,18.0,32.0,36.0,32.0,31.0,1.0,1.0,28.0,2.0,23.0,33.0,26.0,24.0,37.0,45.0,79.0,34.0,-38.343333333333334,5.0,0.0,7.0,5.0,0.0,0.0,3.0,19.0,33.0,37.0,33.0,32.0,1.0,2.0,29.0,1.0,24.0,34.0,27.0,25.0,38.0,0.0
10185,5.0,0.0,7.0,5.0,0.0,0.0,3.0,19.0,33.0,37.0,33.0,32.0,1.0,2.0,29.0,1.0,24.0,34.0,27.0,25.0,38.0,45.0,79.0,34.0,-39.21,5.0,0.0,7.0,3.0,0.0,0.0,4.0,20.0,34.0,38.0,34.0,33.0,1.0,3.0,30.0,1.0,25.0,35.0,28.0,26.0,39.0,0.0
10186,5.0,0.0,7.0,3.0,0.0,0.0,4.0,20.0,34.0,38.0,34.0,33.0,1.0,3.0,30.0,1.0,25.0,35.0,28.0,26.0,39.0,39.0,79.0,34.0,-37.46333333333334,5.0,0.0,7.0,1.0,0.0,0.0,5.0,21.0,35.0,39.0,35.0,34.0,1.0,1.0,31.0,2.0,26.0,36.0,29.0,27.0,40.0,0.0
10187,5.0,0.0,7.0,1.0,0.0,0.0,5.0,21.0,35.0,39.0,35.0,34.0,1.0,1.0,31.0,2.0,26.0,36.0,29.0,27.0,40.0,39.0,79.0,34.0,-38.33,5.0,0.0,7.0,0.0,0.0,0.0,6.0,22.0,36.0,40.0,36.0,35.0,1.0,1.0,32.0,3.0,27.0,37.0,30.0,28.0,41.0,0.0
10188,5.0,0.0,7.0,0.0,0.0,0.0,6.0,22.0,36.0,40.0,36.0,35.0,1.0,1.0,32.0,3.0,27.0,37.0,30.0,28.0,41.0,39.0,79.0,34.0,-39.19666666666667,5.0,0.0,7.0,0.0,0.0,0.0,7.0,23.0,37.0,41.0,37.0,36.0,1.0,1.0,33.0,4.0,28.0,38.0,31.0,29.0,42.0,0.0
10189,5.0,0.0,7.0,0.0,0.0,0.0,7.0,23.0,37.0,41.0,37.0,36.0,1.0,1.0,33.0,4.0,28.0,38.0,31.0,29.0,42.0,39.0,79.0,34.0,-40.06333333333333,5.0,0.0,7.0,0.0,0.0,0.0,8.0,24.0,38.0,42.0,38.0,37.0,1.0,1.0,34.0,5.0,29.0,39.0,32.0,30.0,43.0,0.0
10190,5.0,0.0,7.0,0.0,0.0,0.0,8.0,24.0,38.0,42.0,38.0,37.0,1.0,1.0,34.0,5.0,29.0,39.0,32.0,30.0,43.0,39.0,79.0,34.0,-40.93000000000001,5.0,0.0,7.0,0.0,0.0,0.0,9.0,25.0,39.0,43.0,39.0,38.0,1.0,1.0,35.0,6.0,30.0,40.0,33.0,31.0,44.0,0.0
10191,5.0,0.0,7.0,0.0,0.0,0.0,9.0,25.0,39.0,43.0,39.0,38.0,1.0,1.0,35.0,6.0,30.0,40.0,33.0,31.0,44.0,39.0,79.0,34.0,-41.79666666666667,5.0,0.0,7.0,0.0,0.0,0.0,10.0,26.0,40.0,44.0,40.0,39.0,1.0,1.0,36.0,7.0,31.0,41.0,34.0,32.0,45.0,0.0
10192,5.0,0.0,7.0,0.0,0.0,0.0,10.0,26.0,40.0,44.0,40.0,39.0,1.0,1.0,36.0,7.0,31.0,41.0,34.0,32.0,45.0,0.0,79.0,34.0,-42.528333333333336,5.0,0.0,7.0,0.0,0.0,0.0,1.0,27.0,41.0,45.0,41.0,40.0,1.0,2.0,37.0,8.0,32.0,42.0,35.0,33.0,46.0,0.0
10193,5.0,0.0,7.0,0.0,0.0,0.0,1.0,27.0,41.0,45.0,41.0,40.0,1.0,2.0,37.0,8.0,32.0,42.0,35.0,33.0,46.0,39.0,79.0,34.0,-42.86333333333334,5.0,0.0,7.0,0.0,0.0,0.0,2.0,28.0,42.0,46.0,42.0,41.0,1.0,1.0,38.0,9.0,33.0,43.0,36.0,34.0,47.0,0.0
10194,5.0,0.0,7.0,0.0,0.0,0.0,2.0,28.0,42.0,46.0,42.0,41.0,1.0,1.0,38.0,9.0,33.0,43.0,36.0,34.0,47.0,39.0,79.0,34.0,-43.730000000000004,5.0,0.0,7.0,0.0,0.0,0.0,3.0,29.0,43.0,47.0,43.0,42.0,1.0,1.0,39.0,10.0,34.0,44.0,37.0,35.0,48.0,0.0
10195,5.0,0.0,7.0,0.0,0.0,0.0,3.0,29.0,43.0,47.0,43.0,42.0,1.0,1.0,39.0,10.0,34.0,44.0,37.0,35.0,48.0,39.0,79.0,69.0,-37.370000000000005,5.0,0.0,7.0,0.0,0.0,0.0,4.0,30.0,44.0,48.0,44.0,43.0,2.0,1.0,40.0,11.0,35.0,45.0,38.0,1.0,49.0,0.0
10196,5.0,0.0,7.0,0.0,0.0,0.0,4.0,30.0,44.0,48.0,44.0,43.0,2.0,1.0,40.0,11.0,35.0,45.0,38.0,1.0,49.0,0.0,79.0,35.0,-36.486666666666665,5.0,0.0,7.0,0.0,0.0,0.0,1.0,31.0,45.0,49.0,45.0,44.0,3.0,1.0,41.0,12.0,36.0,46.0,39.0,2.0,50.0,0.0
10197,5.0,0.0,7.0,0.0,0.0,0.0,1.0,31.0,45.0,49.0,45.0,44.0,3.0,1.0,41.0,12.0,36.0,46.0,39.0,2.0,50.0,0.0,79.0,34.0,-44.195,5.0,0.0,7.0,0.0,0.0,0.0,1.0,32.0,46.0,50.0,46.0,45.0,1.0,2.0,42.0,13.0,37.0,47.0,40.0,3.0,51.0,0.0
10198,5.0,0.0,7.0,0.0,0.0,0.0,1.0,32.0,46.0,50.0,46.0,45.0,1.0,2.0,42.0,13.0,37.0,47.0,40.0,3.0,51.0,0.0,79.0,35.0,-38.019999999999996,5.0,0.0,7.0,0.0,0.0,0.0,1.0,33.0,47.0,51.0,47.0,46.0,2.0,1.0,43.0,14.0,38.0,48.0,41.0,4.0,52.0,0.0
10199,5.0,0.0,7.0,0.0,0.0,0.0,1.0,33.0,47.0,51.0,47.0,46.0,2.0,1.0,43.0,14.0,38.0,48.0,41.0,4.0,52.0,0.0,79.0,35.0,-38.88666666666667,5.0,0.0,7.0,0.0,0.0,0.0,1.0,34.0,48.0,52.0,48.0,47.0,3.0,1.0,44.0,15.0,39.0,49.0,42.0,5.0,53.0,1.0
10200,9.0,5.0,2.0,5.0,1.0,2.0,1.0,1.0,1.0,1.0,1.0,1.0,1.0,1.0,1.0,1.0,1.0,1.0,1.0,1.0,1.0,41.0,41.0,17.0,-10.081666666666667,9.0,5.0,4.0,5.0,0.0,2.0,2.0,2.0,2.0,1.0,2.0,2.0,2.0,2.0,1.0,2.0,2.0,2.0,2.0,2.0,2.0,0.0
10201,9.0,5.0,4.0,5.0,0.0,2.0,2.0,2.0,2.0,1.0,2.0,2.0,2.0,2.0,1.0,2.0,2.0,2.0,2.0,2.0,2.0,61.0,41.0,61.0,-316.46166666666664,9.0,5.0,6.0,5.0,2.0,2.0,3.0,3.0,3.0,2.0,3.0,3.0,3.0,3.0,1.0,3.0,3.0,3.0,1.0,3.0,3.0,0.0
10202,9.0,5.0,6.0,5.0,2.0,2.0,3.0,3.0,3.0,2.0,3.0,3.0,3.0,3.0,1.0,3.0,3.0,3.0,1.0,3.0,3.0,36.0,79.0,35.0,-10.286666666666665,9.0,5.0,6.0,3.0,2.0,2.0,4.0,4.0,4.0,3.0,4.0,4.0,4.0,1.0,2.0,4.0,4.0,4.0,2.0,4.0,4.0,0.0
10203,9.0,5.0,6.0,3.0,2.0,2.0,4.0,4.0,4.0,3.0,4.0,4.0,4.0,1.0,2.0,4.0,4.0,4.0,2.0,4.0,4.0,36.0,41.0,35.0,-16.201666666666664,9.0,5.0,8.0,3.0,2.0,2.0,5.0,5.0,5.0,4.0,5.0,5.0,5.0,1.0,1.0,5.0,5.0,5.0,3.0,5.0,5.0,0.0
10204,9.0,5.0,8.0,3.0,2.0,2.0,5.0,5.0,5.0,4.0,5.0,5.0,5.0,1.0,1.0,5.0,5.0,5.0,3.0,5.0,5.0,9.0,79.0,35.0,-8.586666666666666,9.0,3.0,8.0,1.0,2.0,2.0,6.0,1.0,6.0,5.0,6.0,6.0,6.0,1.0,2.0,6.0,6.0,6.0,4.0,6.0,6.0,0.0
10205,9.0,3.0,8.0,1.0,2.0,2.0,6.0,1.0,6.0,5.0,6.0,6.0,6.0,1.0,2.0,6.0,6.0,6.0,4.0,6.0,6.0,36.0,79.0,35.0,-10.76,9.0,3.0,8.0,0.0,2.0,2.0,7.0,2.0,7.0,6.0,7.0,7.0,7.0,1.0,3.0,7.0,7.0,7.0,5.0,7.0,7.0,0.0
10206,9.0,3.0,8.0,0.0,2.0,2.0,7.0,2.0,7.0,6.0,7.0,7.0,7.0,1.0,3.0,7.0,7.0,7.0,5.0,7.0,7.0,36.0,79.0,35.0,-11.693333333333333,9.0,3.0,8.0,0.0,2.0,2.0,8.0,3.0,8.0,7.0,8.0,8.0,8.0,1.0,4.0,8.0,8.0,8.0,6.0,8.0,8.0,0.0
10207,9.0,3.0,8.0,0.0,2.0,2.0,8.0,3.0,8.0,7.0,8.0,8.0,8.0,1.0,4.0,8.0,8.0,8.0,6.0,8.0,8.0,36.0,43.0,35.0,-18.869999999999997,9.0,3.0,8.0,2.0,2.0,2.0,9.0,4.0,9.0,8.0,9.0,9.0,9.0,1.0,1.0,9.0,9.0,9.0,7.0,9.0,9.0,0.0
10208,9.0,3.0,8.0,2.0,2.0,2.0,9.0,4.0,9.0,8.0,9.0,9.0,9.0,1.0,1.0,9.0,9.0,9.0,7.0,9.0,9.0,9.0,43.0,75.0,-13.026666666666666,9.0,1.0,8.0,4.0,2.0,2.0,10.0,1.0,10.0,9.0,10.0,10.0,10.0,2.0,1.0,10.0,10.0,10.0,8.0,10.0,10.0,0.0
10209,9.0,1.0,8.0,4.0,2.0,2.0,10.0,1.0,10.0,9.0,10.0,10.0,10.0,2.0,1.0,10.0,10.0,10.0,8.0,10.0,10.0,36.0,43.0,75.0,-13.206666666666667,9.0,1.0,8.0,6.0,2.0,2.0,11.0,2.0,11.0,10.0,11.0,11.0,11.0,1.0,1.0,11.0,11.0,11.0,9.0,11.0,11.0,0.0
10210,9.0,1.0,8.0,6.0,2.0,2.0,11.0,2.0,11.0,10.0,11.0,11.0,11.0,1.0,1.0,11.0,11.0,11.0,9.0,11.0,11.0,36.0,43.0,75.0,-14.073333333333332,9.0,1.0,8.0,8.0,2.0,2.0,12.0,3.0,12.0,11.0,12.0,12.0,12.0,1.0,1.0,12.0,12.0,12.0,10.0,12.0,12.0,0.0
10211,9.0,1.0,8.0,8.0,2.0,2.0,12.0,3.0,12.0,11.0,12.0,12.0,12.0,1.0,1.0,12.0,12.0,12.0,10.0,12.0,12.0,48.0,19.0,49.0,-26.25,9.0,3.0,8.0,6.0,2.0,0.0,13.0,4.0,13.0,1.0,13.0,13.0,13.0,2.0,2.0,1.0,13.0,13.0,11.0,13.0,13.0,0.0
10212,9.0,3.0,8.0,6.0,2.0,0.0,13.0,4.0,13.0,1.0,13.0,13.0,13.0,2.0,2.0,1.0,13.0,13.0,11.0,13.0,13.0,1.0,41.0,2.0,-21.445,9.0,3.0,9.0,6.0,0.0,0.0,1.0,5.0,14.0,2.0,14.0,14.0,14.0,3.0,1.0,2.0,14.0,14.0,12.0,14.0,14.0,0.0
10213,9.0,3.0,9.0,6.0,0.0,0.0,1.0,5.0,14.0,2.0,14.0,14.0,14.0,3.0,1.0,2.0,14.0,14.0,12.0,14.0,14.0,13.0,41.0,54.0,-19.736666666666665,9.0,5.0,9.0,6.0,0.0,0.0,2.0,6.0,1.0,3.0,15.0,15.0,15.0,4.0,1.0,3.0,1.0,15.0,13.0,15.0,15.0,0.0
10214,9.0,5.0,9.0,6.0,0.0,0.0,2.0,6.0,1.0,3.0,15.0,15.0,15.0,4.0,1.0,3.0,1.0,15.0,13.0,15.0,15.0,38.0,79.0,68.0,-20.555,9.0,7.0,9.0,4.0,0.0,2.0,3.0,7.0,2.0,4.0,16.0,16.0,16.0,1.0,2.0,4.0,2.0,16.0,14.0,1.0,16.0,0.0
10215,9.0,7.0,9.0,4.0,0.0,2.0,3.0,7.0,2.0,4.0,16.0,16.0,16.0,1.0,2.0,4.0,2.0,16.0,14.0,1.0,16.0,76.0,79.0,35.0,-14.823333333333334,9.0,7.0,9.0,2.0,0.0,2.0,4.0,8.0,3.0,5.0,17.0,17.0,17.0,1.0,3.0,5.0,3.0,17.0,15.0,2.0,17.0,0.0
10216,9.0,7.0,9.0,2.0,0.0,2.0,4.0,8.0,3.0,5.0,17.0,17.0,17.0,1.0,3.0,5.0,3.0,17.0,15.0,2.0,17.0,14.0,79.0,35.0,-17.726666666666667,9.0,5.0,9.0,0.0,0.0,2.0,5.0,9.0,1.0,6.0,18.0,18.0,18.0,1.0,4.0,6.0,4.0,18.0,16.0,3.0,18.0,0.0
10217,9.0,5.0,9.0,0.0,0.0,2.0,5.0,9.0,1.0,6.0,18.0,18.0,18.0,1.0,4.0,6.0,4.0,18.0,16.0,3.0,18.0,76.0,19.0,35.0,-31.744999999999997,9.0,5.0,9.0,0.0,0.0,2.0,6.0,10.0,2.0,1.0,19.0,19.0,19.0,1.0,5.0,7.0,5.0,19.0,17.0,4.0,19.0,0.0
10218,9.0,5.0,9.0,0.0,0.0,2.0,6.0,10.0,2.0,1.0,19.0,19.0,19.0,1.0,5.0,7.0,5.0,19.0,17.0,4.0,19.0,76.0,70.0,49.0,-29.306666666666665,9.0,5.0,9.0,0.0,0.0,0.0,7.0,11.0,3.0,2.0,20.0,20.0,20.0,2.0,6.0,1.0,6.0,20.0,18.0,5.0,1.0,0.0
10219,9.0,5.0,9.0,0.0,0.0,0.0,7.0,11.0,3.0,2.0,20.0,20.0,20.0,2.0,6.0,1.0,6.0,20.0,18.0,5.0,1.0,76.0,23.0,28.0,-21.439999999999998,9.0,5.0,9.0,2.0,0.0,2.0,8.0,12.0,4.0,3.0,1.0,1.0,21.0,3.0,7.0,2.0,7.0,21.0,19.0,6.0,2.0,0.0
10220,9.0,5.0,9.0,2.0,0.0,2.0,8.0,12.0,4.0,3.0,1.0,1.0,21.0,3.0,7.0,2.0,7.0,21.0,19.0,6.0,2.0,6.0,55.0,9.0,-34.809999999999995,9.0,5.0,9.0,2.0,0.0,0.0,9.0,1.0,5.0,4.0,2.0,2.0,22.0,4.0,8.0,3.0,8.0,1.0,20.0,7.0,3.0,0.0
10221,9.0,5.0,9.0,2.0,0.0,0.0,9.0,1.0,5.0,4.0,2.0,2.0,22.0,4.0,8.0,3.0,8.0,1.0,20.0,7.0,3.0,60.0,63.0,40.0,-18.288333333333334,9.0,5.0,9.0,4.0,0.0,0.0,10.0,2.0,6.0,5.0,3.0,3.0,23.0,5.0,1.0,4.0,9.0,2.0,1.0,8.0,4.0,0.0
10222,9.0,5.0,9.0,4.0,0.0,0.0,10.0,2.0,6.0,5.0,3.0,3.0,23.0,5.0,1.0,4.0,9.0,2.0,1.0,8.0,4.0,31.0,54.0,0.0,-12.923333333333332,9.0,5.0,9.0,2.0,0.0,0.0,1.0,3.0,7.0,6.0,4.0,4.0,1.0,6.0,2.0,5.0,1.0,3.0,2.0,9.0,5.0,0.0
10223,9.0,5.0,9.0,2.0,0.0,0.0,1.0,3.0,7.0,6.0,4.0,4.0,1.0,6.0,2.0,5.0,1.0,3.0,2.0,9.0,5.0,14.0,79.0,15.0,-13.986666666666665,9.0,3.0,9.0,0.0,0.0,0.0,2.0,4.0,1.0,1.0,5.0,5.0,2.0,7.0,3.0,6.0,2.0,4.0,3.0,10.0,6.0,0.0
10224,9.0,3.0,9.0,0.0,0.0,0.0,2.0,4.0,1.0,1.0,5.0,5.0,2.0,7.0,3.0,6.0,2.0,4.0,3.0,10.0,6.0,67.0,79.0,35.0,-11.218333333333334,7.0,3.0,9.0,0.0,0.0,0.0,3.0,5.0,2.0,2.0,6.0,6.0,3.0,1.0,4.0,7.0,3.0,5.0,4.0,1.0,7.0,0.0
10225,7.0,3.0,9.0,0.0,0.0,0.0,3.0,5.0,2.0,2.0,6.0,6.0,3.0,1.0,4.0,7.0,3.0,5.0,4.0,1.0,7.0,14.0,79.0,35.0,-16.513333333333332,7.0,1.0,9.0,0.0,0.0,0.0,4.0,6.0,1.0,3.0,7.0,7.0,4.0,1.0,5.0,8.0,4.0,6.0,5.0,2.0,8.0,0.0
10226,7.0,1.0,9.0,0.0,0.0,0.0,4.0,6.0,1.0,3.0,7.0,7.0,4.0,1.0,5.0,8.0,4.0,6.0,5.0,2.0,8.0,14.0,79.0,35.0,-19.395,7.0,0.0,9.0,0.0,0.0,0.0,5.0,7.0,1.0,4.0,8.0,8.0,5.0,1.0,6.0,9.0,5.0,7.0,6.0,3.0,9.0,0.0
10227,7.0,0.0,9.0,0.0,0.0,0.0,5.0,7.0,1.0,4.0,8.0,8.0,5.0,1.0,6.0,9.0,5.0,7.0,6.0,3.0,9.0,0.0,39.0,35.0,-16.585,7.0,0.0,9.0,0.0,0.0,0.0,1.0,8.0,2.0,5.0,9.0,9.0,6.0,1.0,7.0,10.0,6.0,8.0,7.0,4.0,10.0,0.0
10228,7.0,0.0,9.0,0.0,0.0,0.0,1.0,8.0,2.0,5.0,9.0,9.0,6.0,1.0,7.0,10.0,6.0,8.0,7.0,4.0,10.0,14.0,39.0,35.0,-22.5,7.0,0.0,9.0,0.0,0.0,0.0,2.0,9.0,1.0,6.0,10.0,10.0,7.0,1.0,8.0,11.0,7.0,9.0,8.0,5.0,11.0,0.0
10229,7.0,0.0,9.0,0.0,0.0,0.0,2.0,9.0,1.0,6.0,10.0,10.0,7.0,1.0,8.0,11.0,7.0,9.0,8.0,5.0,11.0,14.0,39.0,35.0,-23.366666666666667,7.0,0.0,9.0,0.0,0.0,0.0,3.0,10.0,1.0,7.0,11.0,11.0,8.0,1.0,9.0,12.0,8.0,10.0,9.0,6.0,12.0,0.0
10230,7.0,0.0,9.0,0.0,0.0,0.0,3.0,10.0,1.0,7.0,11.0,11.0,8.0,1.0,9.0,12.0,8.0,10.0,9.0,6.0,12.0,14.0,39.0,35.0,-24.233333333333334,7.0,0.0,9.0,0.0,0.0,0.0,4.0,11.0,1.0,8.0,12.0,12.0,9.0,1.0,10.0,13.0,9.0,11.0,10.0,7.0,13.0,0.0
10231,7.0,0.0,9.0,0.0,0.0,0.0,4.0,11.0,1.0,8.0,12.0,12.0,9.0,1.0,10.0,13.0,9.0,11.0,10.0,7.0,13.0,14.0,39.0,35.0,-25.1,7.0,0.0,9.0,0.0,0.0,0.0,5.0,12.0,1.0,9.0,13.0,13.0,10.0,1.0,11.0,14.0,10.0,12.0,11.0,8.0,14.0,0.0
10232,7.0,0.0,9.0,0.0,0.0,0.0,5.0,12.0,1.0,9.0,13.0,13.0,10.0,1.0,11.0,14.0,10.0,12.0,11.0,8.0,14.0,14.0,39.0,35.0,-25.96666666666667,7.0,0.0,9.0,0.0,0.0,0.0,6.0,13.0,1.0,10.0,14.0,14.0,11.0,1.0,12.0,15.0,11.0,13.0,12.0,9.0,15.0,0.0
10233,7.0,0.0,9.0,0.0,0.0,0.0,6.0,13.0,1.0,10.0,14.0,14.0,11.0,1.0,12.0,15.0,11.0,13.0,12.0,9.0,15.0,14.0,39.0,35.0,-26.833333333333336,7.0,0.0,9.0,0.0,0.0,0.0,7.0,14.0,1.0,11.0,15.0,15.0,12.0,1.0,13.0,16.0,12.0,14.0,13.0,10.0,16.0,0.0
10234,7.0,0.0,9.0,0.0,0.0,0.0,7.0,14.0,1.0,11.0,15.0,15.0,12.0,1.0,13.0,16.0,12.0,14.0,13.0,10.0,16.0,14.0,39.0,35.0,-27.7,7.0,0.0,9.0,0.0,0.0,0.0,8.0,15.0,1.0,12.0,16.0,16.0,13.0,1.0,14.0,17.0,13.0,15.0,14.0,11.0,17.0,0.0
10235,7.0,0.0,9.0,0.0,0.0,0.0,8.0,15.0,1.0,12.0,16.0,16.0,13.0,1.0,14.0,17.0,13.0,15.0,14.0,11.0,17.0,14.0,39.0,35.0,-28.566666666666666,7.0,0.0,9.0,0.0,0.0,0.0,9.0,16.0,1.0,13.0,17.0,17.0,14.0,1.0,15.0,18.0,14.0,16.0,15.0,12.0,18.0,0.0
10236,7.0,0.0,9.0,0.0,0.0,0.0,9.0,16.0,1.0,13.0,17.0,17.0,14.0,1.0,15.0,18.0,14.0,16.0,15.0,12.0,18.0,14.0,39.0,35.0,-29.433333333333334,7.0,0.0,9.0,0.0,0.0,0.0,10.0,17.0,1.0,14.0,18.0,18.0,15.0,1.0,16.0,19.0,15.0,17.0,16.0,13.0,19.0,0.0
10237,7.0,0.0,9.0,0.0,0.0,0.0,10.0,17.0,1.0,14.0,18.0,18.0,15.0,1.0,16.0,19.0,15.0,17.0,16.0,13.0,19.0,14.0,39.0,35.0,-30.3,7.0,0.0,9.0,0.0,0.0,0.0,11.0,18.0,1.0,15.0,19.0,19.0,16.0,1.0,17.0,20.0,16.0,18.0,17.0,14.0,20.0,0.0
10238,7.0,0.0,9.0,0.0,0.0,0.0,11.0,18.0,1.0,15.0,19.0,19.0,16.0,1.0,17.0,20.0,16.0,18.0,17.0,14.0,20.0,14.0,39.0,35.0,-31.166666666666664,7.0,0.0,9.0,0.0,0.0,0.0,12.0,19.0,1.0,16.0,20.0,20.0,17.0,1.0,18.0,21.0,17.0,19.0,18.0,15.0,21.0,0.0
10239,7.0,0.0,9.0,0.0,0.0,0.0,12.0,19.0,1.0,16.0,20.0,20.0,17.0,1.0,18.0,21.0,17.0,19.0,18.0,15.0,21.0,14.0,39.0,49.0,-26.913333333333334,7.0,0.0,9.0,0.0,0.0,0.0,13.0,20.0,1.0,17.0,21.0,21.0,18.0,1.0,19.0,1.0,18.0,20.0,19.0,16.0,22.0,0.0
10240,7.0,0.0,9.0,0.0,0.0,0.0,13.0,20.0,1.0,17.0,21.0,21.0,18.0,1.0,19.0,1.0,18.0,20.0,19.0,16.0,22.0,76.0,39.0,28.0,-27.84166666666666,9.0,0.0,9.0,0.0,0.0,2.0,14.0,21.0,2.0,18.0,22.0,1.0,19.0,1.0,20.0,2.0,19.0,21.0,20.0,17.0,23.0,0.0
10241,9.0,0.0,9.0,0.0,0.0,2.0,14.0,21.0,2.0,18.0,22.0,1.0,19.0,1.0,20.0,2.0,19.0,21.0,20.0,17.0,23.0,14.0,39.0,9.0,-33.28666666666666,9.0,0.0,9.0,0.0,0.0,0.0,15.0,1.0,1.0,19.0,23.0,2.0,20.0,1.0,21.0,3.0,20.0,22.0,21.0,18.0,24.0,0.0
10242,9.0,0.0,9.0,0.0,0.0,0.0,15.0,1.0,1.0,19.0,23.0,2.0,20.0,1.0,21.0,3.0,20.0,22.0,21.0,18.0,24.0,31.0,39.0,52.0,-19.46333333333333,9.0,0.0,9.0,0.0,0.0,0.0,16.0,2.0,2.0,20.0,24.0,3.0,1.0,1.0,22.0,4.0,1.0,23.0,22.0,19.0,25.0,0.0
10243,9.0,0.0,9.0,0.0,0.0,0.0,16.0,2.0,2.0,20.0,24.0,3.0,1.0,1.0,22.0,4.0,1.0,23.0,22.0,19.0,25.0,39.0,39.0,28.0,-27.946666666666665,9.0,0.0,9.0,0.0,0.0,2.0,17.0,3.0,3.0,21.0,25.0,1.0,2.0,1.0,23.0,5.0,2.0,24.0,23.0,20.0,26.0,0.0
10244,9.0,0.0,9.0,0.0,0.0,2.0,17.0,3.0,3.0,21.0,25.0,1.0,2.0,1.0,23.0,5.0,2.0,24.0,23.0,20.0,26.0,39.0,39.0,63.0,-29.98166666666667,9.0,0.0,9.0,0.0,0.0,4.0,18.0,4.0,4.0,22.0,26.0,2.0,3.0,1.0,24.0,6.0,3.0,25.0,1.0,21.0,27.0,0.0
10245,9.0,0.0,9.0,0.0,0.0,4.0,18.0,4.0,4.0,22.0,26.0,2.0,3.0,1.0,24.0,6.0,3.0,25.0,1.0,21.0,27.0,12.0,39.0,67.0,-25.52833333333333,7.0,0.0,9.0,0.0,0.0,4.0,19.0,5.0,1.0,23.0,27.0,3.0,4.0,1.0,25.0,7.0,4.0,26.0,2.0,1.0,28.0,0.0
10246,7.0,0.0,9.0,0.0,0.0,4.0,19.0,5.0,1.0,23.0,27.0,3.0,4.0,1.0,25.0,7.0,4.0,26.0,2.0,1.0,28.0,12.0,73.0,52.0,-34.40333333333333,5.0,0.0,9.0,2.0,0.0,4.0,20.0,6.0,1.0,24.0,28.0,4.0,5.0,2.0,26.0,8.0,1.0,27.0,3.0,2.0,1.0,0.0
10247,5.0,0.0,9.0,2.0,0.0,4.0,20.0,6.0,1.0,24.0,28.0,4.0,5.0,2.0,26.0,8.0,1.0,27.0,3.0,2.0,1.0,17.0,39.0,25.0,-27.82333333333333,3.0,0.0,9.0,0.0,0.0,4.0,21.0,7.0,2.0,1.0,29.0,1.0,6.0,1.0,27.0,9.0,2.0,28.0,4.0,3.0,2.0,0.0
10248,3.0,0.0,9.0,0.0,0.0,4.0,21.0,7.0,2.0,1.0,29.0,1.0,6.0,1.0,27.0,9.0,2.0,28.0,4.0,3.0,2.0,0.0,68.0,43.0,-14.263333333333332,3.0,0.0,9.0,2.0,0.0,6.0,1.0,8.0,3.0,2.0,30.0,2.0,7.0,2.0,1.0,10.0,3.0,29.0,5.0,1.0,3.0,0.0
10249,3.0,0.0,9.0,2.0,0.0,6.0,1.0,8.0,3.0,2.0,30.0,2.0,7.0,2.0,1.0,10.0,3.0,29.0,5.0,1.0,3.0,9.0,27.0,55.0,-12.198333333333332,3.0,0.0,7.0,2.0,0.0,6.0,2.0,1.0,4.0,3.0,31.0,1.0,8.0,3.0,2.0,11.0,4.0,1.0,6.0,2.0,4.0,0.0
10250,3.0,0.0,7.0,2.0,0.0,6.0,2.0,1.0,4.0,3.0,31.0,1.0,8.0,3.0,2.0,11.0,4.0,1.0,6.0,2.0,4.0,9.0,24.0,75.0,-11.684999999999999,3.0,0.0,7.0,0.0,0.0,6.0,3.0,1.0,5.0,4.0,1.0,2.0,9.0,4.0,3.0,12.0,5.0,2.0,7.0,3.0,5.0,0.0
10251,3.0,0.0,7.0,0.0,0.0,6.0,3.0,1.0,5.0,4.0,1.0,2.0,9.0,4.0,3.0,12.0,5.0,2.0,7.0,3.0,5.0,48.0,63.0,40.0,-11.838333333333333,3.0,2.0,7.0,2.0,0.0,6.0,4.0,2.0,6.0,5.0,2.0,3.0,10.0,5.0,1.0,1.0,6.0,3.0,1.0,4.0,6.0,0.0
10252,3.0,2.0,7.0,2.0,0.0,6.0,4.0,2.0,6.0,5.0,2.0,3.0,10.0,5.0,1.0,1.0,6.0,3.0,1.0,4.0,6.0,37.0,33.0,0.0,-15.446666666666665,1.0,2.0,7.0,4.0,0.0,6.0,1.0,3.0,7.0,6.0,3.0,4.0,1.0,1.0,2.0,2.0,7.0,4.0,2.0,5.0,7.0,0.0
10253,1.0,2.0,7.0,4.0,0.0,6.0,1.0,3.0,7.0,6.0,3.0,4.0,1.0,1.0,2.0,2.0,7.0,4.0,2.0,5.0,7.0,14.0,39.0,15.0,-16.133333333333333,1.0,0.0,7.0,2.0,0.0,6.0,2.0,4.0,1.0,1.0,4.0,5.0,2.0,1.0,3.0,3.0,8.0,5.0,3.0,6.0,8.0,0.0
10254,1.0,0.0,7.0,2.0,0.0,6.0,2.0,4.0,1.0,1.0,4.0,5.0,2.0,1.0,3.0,3.0,8.0,5.0,3.0,6.0,8.0,14.0,53.0,56.0,-18.68,1.0,0.0,7.0,4.0,2.0,6.0,3.0,5.0,1.0,2.0,5.0,6.0,3.0,2.0,4.0,4.0,1.0,1.0,4.0,7.0,9.0,0.0
10255,1.0,0.0,7.0,4.0,2.0,6.0,3.0,5.0,1.0,2.0,5.0,6.0,3.0,2.0,4.0,4.0,1.0,1.0,4.0,7.0,9.0,67.0,39.0,4.0,-14.075000000000001,0.0,0.0,7.0,2.0,2.0,4.0,1.0,6.0,2.0,3.0,6.0,7.0,4.0,1.0,5.0,5.0,2.0,2.0,5.0,1.0,10.0,0.0
10256,0.0,0.0,7.0,2.0,2.0,4.0,1.0,6.0,2.0,3.0,6.0,7.0,4.0,1.0,5.0,5.0,2.0,2.0,5.0,1.0,10.0,14.0,39.0,35.0,-22.625,0.0,0.0,7.0,0.0,2.0,4.0,2.0,7.0,1.0,4.0,7.0,8.0,5.0,1.0,6.0,6.0,3.0,3.0,6.0,2.0,11.0,0.0
10257,0.0,0.0,7.0,0.0,2.0,4.0,2.0,7.0,1.0,4.0,7.0,8.0,5.0,1.0,6.0,6.0,3.0,3.0,6.0,2.0,11.0,14.0,39.0,35.0,-23.491666666666667,0.0,0.0,7.0,0.0,2.0,4.0,3.0,8.0,1.0,5.0,8.0,9.0,6.0,1.0,7.0,7.0,4.0,4.0,7.0,3.0,12.0,0.0
10258,0.0,0.0,7.0,0.0,2.0,4.0,3.0,8.0,1.0,5.0,8.0,9.0,6.0,1.0,7.0,7.0,4.0,4.0,7.0,3.0,12.0,14.0,39.0,35.0,-24.358333333333334,0.0,0.0,7.0,0.0,2.0,4.0,4.0,9.0,1.0,6.0,9.0,10.0,7.0,1.0,8.0,8.0,5.0,5.0,8.0,4.0,13.0,0.0
10259,0.0,0.0,7.0,0.0,2.0,4.0,4.0,9.0,1.0,6.0,9.0,10.0,7.0,1.0,8.0,8.0,5.0,5.0,8.0,4.0,13.0,14.0,39.0,52.0,-23.496666666666666,0.0,0.0,7.0,0.0,0.0,4.0,5.0,10.0,1.0,7.0,10.0,11.0,8.0,1.0,9.0,9.0,1.0,6.0,9.0,5.0,14.0,0.0
10260,0.0,0.0,7.0,0.0,0.0,4.0,5.0,10.0,1.0,7.0,10.0,11.0,8.0,1.0,9.0,9.0,1.0,6.0,9.0,5.0,14.0,14.0,39.0,52.0,-24.296666666666667,0.0,0.0,7.0,0.0,0.0,4.0,6.0,11.0,1.0,8.0,11.0,12.0,9.0,1.0,10.0,10.0,1.0,7.0,10.0,6.0,15.0,0.0
10261,0.0,0.0,7.0,0.0,0.0,4.0,6.0,11.0,1.0,8.0,11.0,12.0,9.0,1.0,10.0,10.0,1.0,7.0,10.0,6.0,15.0,14.0,39.0,52.0,-25.096666666666664,0.0,0.0,7.0,0.0,0.0,4.0,7.0,12.0,1.0,9.0,12.0,13.0,10.0,1.0,11.0,11.0,1.0,8.0,11.0,7.0,16.0,0.0
10262,0.0,0.0,7.0,0.0,0.0,4.0,7.0,12.0,1.0,9.0,12.0,13.0,10.0,1.0,11.0,11.0,1.0,8.0,11.0,7.0,16.0,14.0,39.0,52.0,-25.89666666666667,0.0,0.0,7.0,0.0,0.0,4.0,8.0,13.0,1.0,10.0,13.0,14.0,11.0,1.0,12.0,12.0,1.0,9.0,12.0,8.0,17.0,0.0
10263,0.0,0.0,7.0,0.0,0.0,4.0,8.0,13.0,1.0,10.0,13.0,14.0,11.0,1.0,12.0,12.0,1.0,9.0,12.0,8.0,17.0,67.0,39.0,52.0,-20.805,0.0,0.0,7.0,0.0,0.0,4.0,9.0,14.0,2.0,11.0,14.0,15.0,12.0,1.0,13.0,13.0,1.0,10.0,13.0,1.0,18.0,0.0
10264,0.0,0.0,7.0,0.0,0.0,4.0,9.0,14.0,2.0,11.0,14.0,15.0,12.0,1.0,13.0,13.0,1.0,10.0,13.0,1.0,18.0,14.0,39.0,52.0,-26.96333333333333,0.0,0.0,7.0,0.0,0.0,4.0,10.0,15.0,1.0,12.0,15.0,16.0,13.0,1.0,14.0,14.0,1.0,11.0,14.0,2.0,19.0,0.0
10265,0.0,0.0,7.0,0.0,0.0,4.0,10.0,15.0,1.0,12.0,15.0,16.0,13.0,1.0,14.0,14.0,1.0,11.0,14.0,2.0,19.0,14.0,39.0,52.0,-27.763333333333335,0.0,0.0,7.0,0.0,0.0,4.0,11.0,16.0,1.0,13.0,16.0,17.0,14.0,1.0,15.0,15.0,1.0,12.0,15.0,3.0,20.0,0.0
10266,0.0,0.0,7.0,0.0,0.0,4.0,11.0,16.0,1.0,13.0,16.0,17.0,14.0,1.0,15.0,15.0,1.0,12.0,15.0,3.0,20.0,14.0,39.0,52.0,-28.563333333333333,0.0,0.0,7.0,0.0,0.0,4.0,12.0,17.0,1.0,14.0,17.0,18.0,15.0,1.0,16.0,16.0,1.0,13.0,16.0,4.0,21.0,0.0
10267,0.0,0.0,7.0,0.0,0.0,4.0,12.0,17.0,1.0,14.0,17.0,18.0,15.0,1.0,16.0,16.0,1.0,13.0,16.0,4.0,21.0,14.0,39.0,52.0,-29.363333333333333,0.0,0.0,7.0,0.0,0.0,4.0,13.0,18.0,1.0,15.0,18.0,19.0,16.0,1.0,17.0,17.0,1.0,14.0,17.0,5.0,22.0,0.0
10268,0.0,0.0,7.0,0.0,0.0,4.0,13.0,18.0,1.0,15.0,18.0,19.0,16.0,1.0,17.0,17.0,1.0,14.0,17.0,5.0,22.0,14.0,39.0,52.0,-30.163333333333334,0.0,0.0,7.0,0.0,0.0,4.0,14.0,19.0,1.0,16.0,19.0,20.0,17.0,1.0,18.0,18.0,1.0,15.0,18.0,6.0,23.0,0.0
10269,0.0,0.0,7.0,0.0,0.0,4.0,14.0,19.0,1.0,16.0,19.0,20.0,17.0,1.0,18.0,18.0,1.0,15.0,18.0,6.0,23.0,14.0,39.0,52.0,-30.96333333333333,0.0,0.0,7.0,0.0,0.0,4.0,15.0,20.0,1.0,17.0,20.0,21.0,18.0,1.0,19.0,19.0,1.0,16.0,19.0,7.0,24.0,0.0
10270,0.0,0.0,7.0,0.0,0.0,4.0,15.0,20.0,1.0,17.0,20.0,21.0,18.0,1.0,19.0,19.0,1.0,16.0,19.0,7.0,24.0,14.0,39.0,28.0,-38.025,0.0,0.0,7.0,0.0,0.0,6.0,16.0,21.0,1.0,18.0,21.0,1.0,19.0,1.0,20.0,20.0,2.0,17.0,20.0,8.0,25.0,0.0
10271,0.0,0.0,7.0,0.0,0.0,6.0,16.0,21.0,1.0,18.0,21.0,1.0,19.0,1.0,20.0,20.0,2.0,17.0,20.0,8.0,25.0,17.0,73.0,52.0,-30.754999999999995,0.0,0.0,7.0,2.0,0.0,6.0,17.0,22.0,2.0,1.0,22.0,2.0,20.0,2.0,21.0,21.0,1.0,18.0,21.0,9.0,1.0,0.0
10272,0.0,0.0,7.0,2.0,0.0,6.0,17.0,22.0,2.0,1.0,22.0,2.0,20.0,2.0,21.0,21.0,1.0,18.0,21.0,9.0,1.0,48.0,68.0,43.0,-14.25,0.0,2.0,7.0,4.0,0.0,8.0,18.0,23.0,3.0,2.0,23.0,3.0,21.0,3.0,1.0,1.0,2.0,19.0,22.0,1.0,2.0,0.0
10273,0.0,2.0,7.0,4.0,0.0,8.0,18.0,23.0,3.0,2.0,23.0,3.0,21.0,3.0,1.0,1.0,2.0,19.0,22.0,1.0,2.0,48.0,40.0,9.0,-23.03833333333333,0.0,4.0,7.0,4.0,0.0,6.0,19.0,1.0,4.0,3.0,24.0,4.0,22.0,4.0,1.0,1.0,3.0,20.0,23.0,2.0,3.0,0.0
10274,0.0,4.0,7.0,4.0,0.0,6.0,19.0,1.0,4.0,3.0,24.0,4.0,22.0,4.0,1.0,1.0,3.0,20.0,23.0,2.0,3.0,48.0,29.0,68.0,-18.766666666666666,0.0,6.0,7.0,2.0,0.0,8.0,20.0,2.0,5.0,4.0,25.0,1.0,23.0,5.0,2.0,1.0,4.0,21.0,24.0,1.0,4.0,0.0
10275,0.0,6.0,7.0,2.0,0.0,8.0,20.0,2.0,5.0,4.0,25.0,1.0,23.0,5.0,2.0,1.0,4.0,21.0,24.0,1.0,4.0,48.0,29.0,63.0,-30.898333333333333,0.0,8.0,7.0,0.0,0.0,9.0,21.0,3.0,6.0,5.0,26.0,1.0,24.0,6.0,3.0,1.0,5.0,22.0,1.0,2.0,5.0,0.0
10276,0.0,8.0,7.0,0.0,0.0,9.0,21.0,3.0,6.0,5.0,26.0,1.0,24.0,6.0,3.0,1.0,5.0,22.0,1.0,2.0,5.0,31.0,39.0,0.0,-33.61333333333334,2.0,8.0,7.0,0.0,0.0,9.0,1.0,4.0,7.0,6.0,27.0,2.0,1.0,1.0,4.0,2.0,6.0,23.0,2.0,3.0,6.0,0.0
10277,2.0,8.0,7.0,0.0,0.0,9.0,1.0,4.0,7.0,6.0,27.0,2.0,1.0,1.0,4.0,2.0,6.0,23.0,2.0,3.0,6.0,28.0,39.0,19.0,-15.878333333333334,2.0,9.0,7.0,0.0,0.0,7.0,2.0,5.0,8.0,1.0,28.0,1.0,2.0,1.0,5.0,3.0,7.0,24.0,3.0,4.0,7.0,0.0
10278,2.0,9.0,7.0,0.0,0.0,7.0,2.0,5.0,8.0,1.0,28.0,1.0,2.0,1.0,5.0,3.0,7.0,24.0,3.0,4.0,7.0,28.0,39.0,69.0,-20.043333333333333,2.0,9.0,7.0,0.0,0.0,5.0,3.0,6.0,9.0,2.0,29.0,1.0,3.0,1.0,6.0,4.0,8.0,25.0,4.0,1.0,8.0,0.0
10279,2.0,9.0,7.0,0.0,0.0,5.0,3.0,6.0,9.0,2.0,29.0,1.0,3.0,1.0,6.0,4.0,8.0,25.0,4.0,1.0,8.0,14.0,39.0,35.0,-18.981666666666666,2.0,7.0,7.0,0.0,0.0,5.0,4.0,7.0,1.0,3.0,30.0,2.0,4.0,1.0,7.0,5.0,9.0,26.0,5.0,2.0,9.0,0.0
10280,2.0,7.0,7.0,0.0,0.0,5.0,4.0,7.0,1.0,3.0,30.0,2.0,4.0,1.0,7.0,5.0,9.0,26.0,5.0,2.0,9.0,28.0,8.0,35.0,-24.585,2.0,9.0,7.0,2.0,0.0,5.0,5.0,1.0,2.0,4.0,31.0,1.0,5.0,1.0,8.0,6.0,10.0,27.0,6.0,3.0,10.0,0.0
10281,2.0,9.0,7.0,2.0,0.0,5.0,5.0,1.0,2.0,4.0,31.0,1.0,5.0,1.0,8.0,6.0,10.0,27.0,6.0,3.0,10.0,28.0,39.0,35.0,-25.761666666666667,2.0,9.0,7.0,0.0,0.0,5.0,6.0,2.0,3.0,5.0,32.0,1.0,6.0,1.0,9.0,7.0,11.0,28.0,7.0,4.0,11.0,0.0
10282,2.0,9.0,7.0,0.0,0.0,5.0,6.0,2.0,3.0,5.0,32.0,1.0,6.0,1.0,9.0,7.0,11.0,28.0,7.0,4.0,11.0,28.0,39.0,35.0,-26.62833333333333,2.0,9.0,7.0,0.0,0.0,5.0,7.0,3.0,4.0,6.0,33.0,1.0,7.0,1.0,10.0,8.0,12.0,29.0,8.0,5.0,12.0,0.0
10283,2.0,9.0,7.0,0.0,0.0,5.0,7.0,3.0,4.0,6.0,33.0,1.0,7.0,1.0,10.0,8.0,12.0,29.0,8.0,5.0,12.0,73.0,39.0,35.0,-18.85666666666667,2.0,9.0,7.0,0.0,0.0,5.0,8.0,4.0,5.0,7.0,34.0,2.0,8.0,1.0,11.0,9.0,13.0,30.0,9.0,6.0,1.0,0.0
10284,2.0,9.0,7.0,0.0,0.0,5.0,8.0,4.0,5.0,7.0,34.0,2.0,8.0,1.0,11.0,9.0,13.0,30.0,9.0,6.0,1.0,15.0,24.0,17.0,-14.333333333333332,2.0,9.0,7.0,0.0,0.0,5.0,9.0,5.0,6.0,1.0,1.0,3.0,9.0,2.0,12.0,10.0,14.0,31.0,10.0,7.0,2.0,0.0
10285,2.0,9.0,7.0,0.0,0.0,5.0,9.0,5.0,6.0,1.0,1.0,3.0,9.0,2.0,12.0,10.0,14.0,31.0,10.0,7.0,2.0,12.0,55.0,59.0,-37.20166666666667,0.0,9.0,7.0,0.0,0.0,3.0,10.0,6.0,1.0,2.0,2.0,4.0,10.0,3.0,13.0,11.0,15.0,1.0,11.0,8.0,3.0,0.0
10286,0.0,9.0,7.0,0.0,0.0,3.0,10.0,6.0,1.0,2.0,2.0,4.0,10.0,3.0,13.0,11.0,15.0,1.0,11.0,8.0,3.0,14.0,53.0,51.0,-15.434999999999999,0.0,7.0,7.0,2.0,2.0,3.0,11.0,7.0,1.0,3.0,3.0,5.0,11.0,4.0,14.0,12.0,1.0,2.0,12.0,9.0,4.0,0.0
10287,0.0,7.0,7.0,2.0,2.0,3.0,11.0,7.0,1.0,3.0,3.0,5.0,11.0,4.0,14.0,12.0,1.0,2.0,12.0,9.0,4.0,12.0,63.0,51.0,-14.881666666666668,0.0,7.0,7.0,4.0,4.0,3.0,12.0,8.0,1.0,4.0,4.0,6.0,12.0,5.0,15.0,13.0,1.0,3.0,1.0,10.0,5.0,0.0
10288,0.0,7.0,7.0,4.0,4.0,3.0,12.0,8.0,1.0,4.0,4.0,6.0,12.0,5.0,15.0,13.0,1.0,3.0,1.0,10.0,5.0,12.0,68.0,39.0,-14.04,0.0,7.0,7.0,6.0,4.0,1.0,13.0,9.0,1.0,5.0,5.0,7.0,13.0,1.0,16.0,14.0,2.0,4.0,2.0,1.0,6.0,0.0
10289,0.0,7.0,7.0,6.0,4.0,1.0,13.0,9.0,1.0,5.0,5.0,7.0,13.0,1.0,16.0,14.0,2.0,4.0,2.0,1.0,6.0,0.0,68.0,51.0,-18.003333333333334,0.0,7.0,7.0,8.0,6.0,1.0,1.0,10.0,2.0,6.0,6.0,8.0,14.0,2.0,17.0,15.0,1.0,5.0,3.0,1.0,7.0,0.0
10290,0.0,7.0,7.0,8.0,6.0,1.0,1.0,10.0,2.0,6.0,6.0,8.0,14.0,2.0,17.0,15.0,1.0,5.0,3.0,1.0,7.0,12.0,68.0,42.0,-20.924999999999997,0.0,7.0,7.0,9.0,4.0,1.0,2.0,11.0,1.0,7.0,7.0,9.0,15.0,3.0,1.0,16.0,2.0,6.0,4.0,1.0,8.0,0.0
10291,0.0,7.0,7.0,9.0,4.0,1.0,2.0,11.0,1.0,7.0,7.0,9.0,15.0,3.0,1.0,16.0,2.0,6.0,4.0,1.0,8.0,48.0,47.0,35.0,-20.193333333333335,0.0,9.0,5.0,9.0,4.0,1.0,3.0,12.0,2.0,8.0,8.0,10.0,16.0,1.0,2.0,1.0,3.0,7.0,5.0,2.0,9.0,0.0
10292,0.0,9.0,5.0,9.0,4.0,1.0,3.0,12.0,2.0,8.0,8.0,10.0,16.0,1.0,2.0,1.0,3.0,7.0,5.0,2.0,9.0,74.0,40.0,9.0,-9.43,0.0,7.0,5.0,9.0,4.0,0.0,4.0,1.0,3.0,9.0,9.0,11.0,17.0,2.0,1.0,2.0,4.0,8.0,6.0,3.0,1.0,0.0
10293,0.0,7.0,5.0,9.0,4.0,0.0,4.0,1.0,3.0,9.0,9.0,11.0,17.0,2.0,1.0,2.0,4.0,8.0,6.0,3.0,1.0,48.0,40.0,34.0,-16.536666666666665,0.0,9.0,5.0,9.0,4.0,0.0,5.0,2.0,4.0,10.0,10.0,12.0,1.0,3.0,1.0,1.0,5.0,9.0,7.0,4.0,2.0,0.0
10294,0.0,9.0,5.0,9.0,4.0,0.0,5.0,2.0,4.0,10.0,10.0,12.0,1.0,3.0,1.0,1.0,5.0,9.0,7.0,4.0,2.0,14.0,57.0,19.0,-18.173333333333332,0.0,7.0,3.0,9.0,4.0,0.0,6.0,3.0,1.0,1.0,11.0,13.0,2.0,4.0,2.0,2.0,6.0,1.0,8.0,5.0,3.0,0.0
10295,0.0,7.0,3.0,9.0,4.0,0.0,6.0,3.0,1.0,1.0,11.0,13.0,2.0,4.0,2.0,2.0,6.0,1.0,8.0,5.0,3.0,3.0,24.0,28.0,-22.288333333333327,0.0,9.0,3.0,7.0,4.0,2.0,1.0,4.0,2.0,2.0,1.0,1.0,3.0,5.0,3.0,3.0,7.0,2.0,9.0,6.0,4.0,0.0
10296,0.0,9.0,3.0,7.0,4.0,2.0,1.0,4.0,2.0,2.0,1.0,1.0,3.0,5.0,3.0,3.0,7.0,2.0,9.0,6.0,4.0,74.0,53.0,69.0,-12.699999999999998,0.0,7.0,3.0,9.0,4.0,0.0,2.0,5.0,3.0,3.0,2.0,2.0,4.0,6.0,4.0,4.0,1.0,3.0,10.0,1.0,1.0,0.0
10297,0.0,7.0,3.0,9.0,4.0,0.0,2.0,5.0,3.0,3.0,2.0,2.0,4.0,6.0,4.0,4.0,1.0,3.0,10.0,1.0,1.0,42.0,24.0,8.0,-311.1066666666667,0.0,7.0,3.0,7.0,4.0,2.0,3.0,1.0,4.0,4.0,1.0,3.0,5.0,7.0,1.0,5.0,2.0,4.0,11.0,2.0,2.0,0.0
10298,0.0,7.0,3.0,7.0,4.0,2.0,3.0,1.0,4.0,4.0,1.0,3.0,5.0,7.0,1.0,5.0,2.0,4.0,11.0,2.0,2.0,74.0,10.0,61.0,-12.678333333333333,0.0,5.0,3.0,7.0,6.0,2.0,4.0,2.0,1.0,5.0,2.0,4.0,6.0,8.0,2.0,6.0,3.0,5.0,1.0,3.0,1.0,0.0
10299,0.0,5.0,3.0,7.0,6.0,2.0,4.0,2.0,1.0,5.0,2.0,4.0,6.0,8.0,2.0,6.0,3.0,5.0,1.0,3.0,1.0,40.0,28.0,39.0,-13.674999999999999,0.0,5.0,3.0,9.0,6.0,0.0,5.0,3.0,2.0,6.0,3.0,1.0,7.0,1.0,1.0,7.0,4.0,6.0,2.0,4.0,2.0,1.0
10300,1.0,8.0,1.0,8.0,6.0,9.0,1.0,1.0,1.0,1.0,1.0,1.0,1.0,1.0,1.0,1.0,1.0,1.0,1.0,1.0,1.0,74.0,64.0,77.0,-13.026666666666666,1.0,6.0,1.0,6.0,4.0,9.0,2.0,2.0,2.0,2.0,2.0,2.0,2.0,2.0,2.0,2.0,2.0,2.0,1.0,2.0,1.0,0.0
10301,1.0,6.0,1.0,6.0,4.0,9.0,2.0,2.0,2.0,2.0,2.0,2.0,2.0,2.0,2.0,2.0,2.0,2.0,1.0,2.0,1.0,67.0,64.0,17.0,-19.89333333333333,0.0,6.0,1.0,4.0,2.0,9.0,3.0,3.0,3.0,1.0,3.0,3.0,3.0,3.0,3.0,3.0,3.0,3.0,1.0,1.0,2.0,0.0
10302,0.0,6.0,1.0,4.0,2.0,9.0,3.0,3.0,3.0,1.0,3.0,3.0,3.0,3.0,3.0,3.0,3.0,3.0,1.0,1.0,2.0,54.0,64.0,77.0,-19.851666666666667,0.0,4.0,1.0,2.0,0.0,9.0,4.0,4.0,4.0,2.0,4.0,4.0,4.0,4.0,4.0,4.0,1.0,4.0,1.0,2.0,3.0,0.0
10303,0.0,4.0,1.0,2.0,0.0,9.0,4.0,4.0,4.0,2.0,4.0,4.0,4.0,4.0,4.0,4.0,1.0,4.0,1.0,2.0,3.0,0.0,64.0,47.0,-30.636666666666667,0.0,4.0,1.0,0.0,0.0,9.0,1.0,5.0,5.0,3.0,5.0,5.0,5.0,5.0,5.0,1.0,2.0,5.0,1.0,3.0,4.0,0.0
10304,0.0,4.0,1.0,0.0,0.0,9.0,1.0,5.0,5.0,3.0,5.0,5.0,5.0,5.0,5.0,1.0,2.0,5.0,1.0,3.0,4.0,79.0,40.0,56.0,-13.455,0.0,2.0,1.0,0.0,2.0,9.0,2.0,6.0,6.0,4.0,6.0,6.0,6.0,6.0,1.0,2.0,3.0,1.0,2.0,4.0,5.0,0.0
10305,0.0,2.0,1.0,0.0,2.0,9.0,2.0,6.0,6.0,4.0,6.0,6.0,6.0,6.0,1.0,2.0,3.0,1.0,2.0,4.0,5.0,9.0,64.0,56.0,-31.990000000000002,0.0,0.0,1.0,0.0,4.0,9.0,3.0,1.0,7.0,5.0,7.0,7.0,7.0,7.0,2.0,3.0,4.0,1.0,1.0,5.0,6.0,0.0
10306,0.0,0.0,1.0,0.0,4.0,9.0,3.0,1.0,7.0,5.0,7.0,7.0,7.0,7.0,2.0,3.0,4.0,1.0,1.0,5.0,6.0,54.0,38.0,56.0,-17.929999999999996,0.0,0.0,1.0,2.0,6.0,9.0,4.0,2.0,8.0,6.0,8.0,8.0,8.0,1.0,3.0,4.0,1.0,1.0,2.0,6.0,7.0,0.0
10307,0.0,0.0,1.0,2.0,6.0,9.0,4.0,2.0,8.0,6.0,8.0,8.0,8.0,1.0,3.0,4.0,1.0,1.0,2.0,6.0,7.0,67.0,51.0,47.0,-20.05666666666667,0.0,0.0,3.0,2.0,4.0,9.0,5.0,3.0,9.0,7.0,9.0,9.0,9.0,2.0,4.0,1.0,1.0,2.0,3.0,1.0,8.0,0.0
10308,0.0,0.0,3.0,2.0,4.0,9.0,5.0,3.0,9.0,7.0,9.0,9.0,9.0,2.0,4.0,1.0,1.0,2.0,3.0,1.0,8.0,0.0,40.0,56.0,-15.053333333333331,0.0,0.0,3.0,2.0,6.0,9.0,1.0,4.0,10.0,8.0,10.0,10.0,10.0,3.0,1.0,2.0,2.0,1.0,4.0,2.0,9.0,0.0
10309,0.0,0.0,3.0,2.0,6.0,9.0,1.0,4.0,10.0,8.0,10.0,10.0,10.0,3.0,1.0,2.0,2.0,1.0,4.0,2.0,9.0,9.0,40.0,56.0,-26.038333333333334,0.0,0.0,3.0,2.0,8.0,9.0,2.0,1.0,11.0,9.0,11.0,11.0,11.0,4.0,1.0,3.0,3.0,1.0,5.0,3.0,10.0,0.0
10310,0.0,0.0,3.0,2.0,8.0,9.0,2.0,1.0,11.0,9.0,11.0,11.0,11.0,4.0,1.0,3.0,3.0,1.0,5.0,3.0,10.0,29.0,40.0,56.0,-34.07666666666666,0.0,0.0,3.0,2.0,9.0,9.0,3.0,2.0,12.0,10.0,12.0,1.0,12.0,5.0,1.0,4.0,4.0,1.0,6.0,4.0,11.0,0.0
10311,0.0,0.0,3.0,2.0,9.0,9.0,3.0,2.0,12.0,10.0,12.0,1.0,12.0,5.0,1.0,4.0,4.0,1.0,6.0,4.0,11.0,0.0,33.0,0.0,-30.35666666666667,0.0,0.0,3.0,4.0,9.0,9.0,1.0,3.0,13.0,11.0,13.0,2.0,1.0,6.0,2.0,5.0,5.0,2.0,7.0,5.0,12.0,0.0
10312,0.0,0.0,3.0,4.0,9.0,9.0,1.0,3.0,13.0,11.0,13.0,2.0,1.0,6.0,2.0,5.0,5.0,2.0,7.0,5.0,12.0,0.0,57.0,14.0,-13.084999999999999,0.0,0.0,1.0,4.0,9.0,7.0,1.0,4.0,1.0,12.0,14.0,3.0,2.0,7.0,3.0,6.0,6.0,1.0,8.0,6.0,13.0,0.0
10313,0.0,0.0,1.0,4.0,9.0,7.0,1.0,4.0,1.0,12.0,14.0,3.0,2.0,7.0,3.0,6.0,6.0,1.0,8.0,6.0,13.0,35.0,33.0,77.0,-26.04,0.0,0.0,1.0,6.0,7.0,7.0,2.0,5.0,2.0,13.0,15.0,4.0,1.0,1.0,4.0,7.0,7.0,2.0,9.0,7.0,14.0,0.0
10314,0.0,0.0,1.0,6.0,7.0,7.0,2.0,5.0,2.0,13.0,15.0,4.0,1.0,1.0,4.0,7.0,7.0,2.0,9.0,7.0,14.0,67.0,24.0,77.0,-19.528333333333332,0.0,0.0,1.0,4.0,5.0,7.0,3.0,6.0,3.0,14.0,1.0,5.0,2.0,2.0,5.0,8.0,8.0,3.0,10.0,1.0,15.0,0.0
10315,0.0,0.0,1.0,4.0,5.0,7.0,3.0,6.0,3.0,14.0,1.0,5.0,2.0,2.0,5.0,8.0,8.0,3.0,10.0,1.0,15.0,0.0,71.0,77.0,-10.028333333333332,0.0,0.0,3.0,4.0,3.0,7.0,1.0,7.0,4.0,15.0,2.0,6.0,3.0,3.0,6.0,9.0,9.0,4.0,11.0,2.0,1.0,0.0
10316,0.0,0.0,3.0,4.0,3.0,7.0,1.0,7.0,4.0,15.0,2.0,6.0,3.0,3.0,6.0,9.0,9.0,4.0,11.0,2.0,1.0,17.0,10.0,77.0,-14.101666666666667,0.0,0.0,3.0,4.0,1.0,7.0,2.0,8.0,1.0,1.0,3.0,7.0,4.0,4.0,7.0,10.0,10.0,5.0,12.0,3.0,2.0,0.0
10317,0.0,0.0,3.0,4.0,1.0,7.0,2.0,8.0,1.0,1.0,3.0,7.0,4.0,4.0,7.0,10.0,10.0,5.0,12.0,3.0,2.0,74.0,49.0,47.0,-19.881666666666668,0.0,0.0,3.0,2.0,0.0,7.0,3.0,9.0,2.0,2.0,4.0,8.0,5.0,5.0,8.0,1.0,11.0,6.0,13.0,4.0,1.0,0.0
10318,0.0,0.0,3.0,2.0,0.0,7.0,3.0,9.0,2.0,2.0,4.0,8.0,5.0,5.0,8.0,1.0,11.0,6.0,13.0,4.0,1.0,74.0,40.0,9.0,-29.291666666666664,0.0,0.0,3.0,2.0,0.0,5.0,4.0,1.0,3.0,3.0,5.0,9.0,6.0,6.0,1.0,2.0,12.0,7.0,14.0,5.0,1.0,0.0
10319,0.0,0.0,3.0,2.0,0.0,5.0,4.0,1.0,3.0,3.0,5.0,9.0,6.0,6.0,1.0,2.0,12.0,7.0,14.0,5.0,1.0,1.0,29.0,54.0,-15.76,2.0,0.0,3.0,0.0,0.0,3.0,1.0,2.0,4.0,4.0,6.0,1.0,7.0,7.0,2.0,3.0,1.0,8.0,15.0,6.0,2.0,0.0
10320,2.0,0.0,3.0,0.0,0.0,3.0,1.0,2.0,4.0,4.0,6.0,1.0,7.0,7.0,2.0,3.0,1.0,8.0,15.0,6.0,2.0,33.0,29.0,63.0,-33.20666666666666,2.0,2.0,3.0,0.0,0.0,5.0,2.0,3.0,5.0,5.0,7.0,1.0,1.0,8.0,3.0,4.0,2.0,9.0,1.0,7.0,3.0,0.0
10321,2.0,2.0,3.0,0.0,0.0,5.0,2.0,3.0,5.0,5.0,7.0,1.0,1.0,8.0,3.0,4.0,2.0,9.0,1.0,7.0,3.0,67.0,57.0,65.0,-26.165,0.0,2.0,1.0,0.0,0.0,5.0,3.0,4.0,6.0,6.0,8.0,2.0,2.0,9.0,4.0,5.0,3.0,1.0,2.0,1.0,4.0,0.0
10322,0.0,2.0,1.0,0.0,0.0,5.0,3.0,4.0,6.0,6.0,8.0,2.0,2.0,9.0,4.0,5.0,3.0,1.0,2.0,1.0,4.0,0.0,69.0,17.0,-13.013333333333332,0.0,2.0,1.0,0.0,0.0,5.0,1.0,5.0,7.0,1.0,9.0,3.0,3.0,10.0,5.0,6.0,4.0,2.0,3.0,1.0,5.0,0.0
10323,0.0,2.0,1.0,0.0,0.0,5.0,1.0,5.0,7.0,1.0,9.0,3.0,3.0,10.0,5.0,6.0,4.0,2.0,3.0,1.0,5.0,46.0,33.0,56.0,-17.93,2.0,2.0,1.0,2.0,2.0,5.0,2.0,6.0,8.0,2.0,10.0,4.0,1.0,11.0,6.0,1.0,5.0,1.0,4.0,2.0,6.0,0.0
10324,2.0,2.0,1.0,2.0,2.0,5.0,2.0,6.0,8.0,2.0,10.0,4.0,1.0,11.0,6.0,1.0,5.0,1.0,4.0,2.0,6.0,0.0,33.0,14.0,-21.916666666666664,2.0,2.0,1.0,4.0,2.0,3.0,1.0,7.0,1.0,3.0,11.0,5.0,1.0,12.0,7.0,2.0,6.0,2.0,5.0,3.0,7.0,0.0
10325,2.0,2.0,1.0,4.0,2.0,3.0,1.0,7.0,1.0,3.0,11.0,5.0,1.0,12.0,7.0,2.0,6.0,2.0,5.0,3.0,7.0,35.0,33.0,64.0,-34.736666666666665,2.0,2.0,1.0,6.0,2.0,1.0,2.0,8.0,2.0,4.0,12.0,6.0,1.0,1.0,8.0,3.0,7.0,3.0,1.0,4.0,8.0,0.0
10326,2.0,2.0,1.0,6.0,2.0,1.0,2.0,8.0,2.0,4.0,12.0,6.0,1.0,1.0,8.0,3.0,7.0,3.0,1.0,4.0,8.0,2.0,24.0,23.0,-16.97833333333333,0.0,2.0,1.0,4.0,2.0,3.0,1.0,9.0,3.0,5.0,1.0,7.0,2.0,2.0,9.0,4.0,8.0,4.0,2.0,5.0,9.0,0.0
10327,0.0,2.0,1.0,4.0,2.0,3.0,1.0,9.0,3.0,5.0,1.0,7.0,2.0,2.0,9.0,4.0,8.0,4.0,2.0,5.0,9.0,70.0,57.0,56.0,-22.53666666666667,0.0,2.0,0.0,4.0,4.0,3.0,2.0,10.0,4.0,6.0,2.0,8.0,3.0,3.0,10.0,5.0,9.0,1.0,3.0,6.0,1.0,0.0
10328,0.0,2.0,0.0,4.0,4.0,3.0,2.0,10.0,4.0,6.0,2.0,8.0,3.0,3.0,10.0,5.0,9.0,1.0,3.0,6.0,1.0,0.0,52.0,56.0,-319.01666666666665,0.0,2.0,0.0,4.0,6.0,3.0,1.0,11.0,5.0,7.0,3.0,9.0,4.0,4.0,11.0,6.0,1.0,1.0,4.0,7.0,2.0,0.0
10329,0.0,2.0,0.0,4.0,6.0,3.0,1.0,11.0,5.0,7.0,3.0,9.0,4.0,4.0,11.0,6.0,1.0,1.0,4.0,7.0,2.0,26.0,68.0,56.0,-29.578333333333333,2.0,2.0,0.0,6.0,8.0,3.0,2.0,12.0,6.0,8.0,4.0,1.0,5.0,5.0,12.0,7.0,2.0,1.0,5.0,1.0,3.0,0.0
10330,2.0,2.0,0.0,6.0,8.0,3.0,2.0,12.0,6.0,8.0,4.0,1.0,5.0,5.0,12.0,7.0,2.0,1.0,5.0,1.0,3.0,0.0,55.0,14.0,-13.858333333333334,2.0,2.0,0.0,6.0,8.0,1.0,1.0,13.0,1.0,9.0,5.0,2.0,6.0,6.0,13.0,8.0,3.0,1.0,6.0,2.0,4.0,0.0
10331,2.0,2.0,0.0,6.0,8.0,1.0,1.0,13.0,1.0,9.0,5.0,2.0,6.0,6.0,13.0,8.0,3.0,1.0,6.0,2.0,4.0,0.0,68.0,77.0,-12.023333333333333,2.0,2.0,0.0,8.0,6.0,1.0,1.0,14.0,2.0,10.0,6.0,3.0,7.0,7.0,14.0,9.0,4.0,2.0,7.0,1.0,5.0,0.0
10332,2.0,2.0,0.0,8.0,6.0,1.0,1.0,14.0,2.0,10.0,6.0,3.0,7.0,7.0,14.0,9.0,4.0,2.0,7.0,1.0,5.0,0.0,68.0,77.0,-13.974999999999998,2.0,2.0,0.0,9.0,4.0,1.0,1.0,15.0,3.0,11.0,7.0,4.0,8.0,8.0,15.0,10.0,5.0,3.0,8.0,1.0,6.0,0.0
10333,2.0,2.0,0.0,9.0,4.0,1.0,1.0,15.0,3.0,11.0,7.0,4.0,8.0,8.0,15.0,10.0,5.0,3.0,8.0,1.0,6.0,0.0,68.0,9.0,-16.011666666666667,2.0,2.0,0.0,9.0,4.0,0.0,1.0,1.0,4.0,12.0,8.0,5.0,9.0,9.0,16.0,11.0,6.0,4.0,9.0,1.0,7.0,0.0
10334,2.0,2.0,0.0,9.0,4.0,0.0,1.0,1.0,4.0,12.0,8.0,5.0,9.0,9.0,16.0,11.0,6.0,4.0,9.0,1.0,7.0,40.0,45.0,77.0,-17.071666666666665,2.0,2.0,0.0,9.0,2.0,0.0,2.0,2.0,5.0,13.0,9.0,6.0,10.0,10.0,1.0,1.0,7.0,5.0,10.0,2.0,8.0,0.0
10335,2.0,2.0,0.0,9.0,2.0,0.0,2.0,2.0,5.0,13.0,9.0,6.0,10.0,10.0,1.0,1.0,7.0,5.0,10.0,2.0,8.0,40.0,29.0,79.0,-21.945,2.0,2.0,0.0,7.0,2.0,0.0,3.0,3.0,6.0,14.0,10.0,1.0,11.0,11.0,1.0,2.0,8.0,6.0,11.0,3.0,9.0,0.0
10336,2.0,2.0,0.0,7.0,2.0,0.0,3.0,3.0,6.0,14.0,10.0,1.0,11.0,11.0,1.0,2.0,8.0,6.0,11.0,3.0,9.0,0.0,33.0,79.0,-29.76166666666667,2.0,2.0,0.0,9.0,2.0,0.0,1.0,4.0,7.0,15.0,11.0,2.0,1.0,12.0,2.0,3.0,9.0,7.0,12.0,4.0,10.0,0.0
10337,2.0,2.0,0.0,9.0,2.0,0.0,1.0,4.0,7.0,15.0,11.0,2.0,1.0,12.0,2.0,3.0,9.0,7.0,12.0,4.0,10.0,0.0,57.0,54.0,-10.563333333333333,2.0,2.0,0.0,9.0,2.0,0.0,1.0,5.0,8.0,16.0,12.0,3.0,2.0,13.0,3.0,4.0,1.0,1.0,13.0,5.0,11.0,0.0
10338,2.0,2.0,0.0,9.0,2.0,0.0,1.0,5.0,8.0,16.0,12.0,3.0,2.0,13.0,3.0,4.0,1.0,1.0,13.0,5.0,11.0,35.0,79.0,14.0,-19.153333333333332,2.0,2.0,0.0,7.0,2.0,0.0,2.0,6.0,1.0,17.0,13.0,4.0,3.0,1.0,4.0,5.0,2.0,2.0,14.0,6.0,12.0,0.0
10339,2.0,2.0,0.0,7.0,2.0,0.0,2.0,6.0,1.0,17.0,13.0,4.0,3.0,1.0,4.0,5.0,2.0,2.0,14.0,6.0,12.0,17.0,19.0,77.0,-9.254999999999999,0.0,2.0,0.0,5.0,0.0,0.0,3.0,7.0,2.0,1.0,14.0,5.0,4.0,2.0,5.0,6.0,3.0,3.0,15.0,7.0,13.0,0.0
10340,0.0,2.0,0.0,5.0,0.0,0.0,3.0,7.0,2.0,1.0,14.0,5.0,4.0,2.0,5.0,6.0,3.0,3.0,15.0,7.0,13.0,2.0,68.0,49.0,-14.458333333333332,0.0,2.0,0.0,7.0,0.0,0.0,1.0,8.0,3.0,2.0,15.0,6.0,5.0,3.0,6.0,1.0,4.0,4.0,16.0,1.0,14.0,0.0
10341,0.0,2.0,0.0,7.0,0.0,0.0,1.0,8.0,3.0,2.0,15.0,6.0,5.0,3.0,6.0,1.0,4.0,4.0,16.0,1.0,14.0,62.0,71.0,21.0,-28.733333333333334,0.0,2.0,2.0,7.0,2.0,0.0,2.0,9.0,4.0,3.0,1.0,7.0,6.0,4.0,7.0,2.0,5.0,5.0,1.0,2.0,1.0,0.0
10342,0.0,2.0,2.0,7.0,2.0,0.0,2.0,9.0,4.0,3.0,1.0,7.0,6.0,4.0,7.0,2.0,5.0,5.0,1.0,2.0,1.0,0.0,52.0,56.0,-23.97333333333333,0.0,2.0,0.0,7.0,4.0,0.0,1.0,10.0,5.0,4.0,2.0,8.0,7.0,5.0,8.0,3.0,1.0,1.0,2.0,3.0,2.0,0.0
10343,0.0,2.0,0.0,7.0,4.0,0.0,1.0,10.0,5.0,4.0,2.0,8.0,7.0,5.0,8.0,3.0,1.0,1.0,2.0,3.0,2.0,26.0,68.0,56.0,-34.55833333333334,2.0,2.0,0.0,9.0,6.0,0.0,2.0,11.0,6.0,5.0,3.0,1.0,8.0,6.0,9.0,4.0,2.0,1.0,3.0,1.0,3.0,0.0
10344,2.0,2.0,0.0,9.0,6.0,0.0,2.0,11.0,6.0,5.0,3.0,1.0,8.0,6.0,9.0,4.0,2.0,1.0,3.0,1.0,3.0,0.0,68.0,9.0,-12.305,2.0,2.0,0.0,9.0,6.0,0.0,1.0,1.0,7.0,6.0,4.0,2.0,9.0,7.0,10.0,5.0,3.0,2.0,4.0,1.0,4.0,0.0
10345,2.0,2.0,0.0,9.0,6.0,0.0,1.0,1.0,7.0,6.0,4.0,2.0,9.0,7.0,10.0,5.0,3.0,2.0,4.0,1.0,4.0,40.0,73.0,14.0,-17.33,2.0,2.0,0.0,9.0,6.0,0.0,2.0,2.0,1.0,7.0,5.0,3.0,10.0,8.0,1.0,6.0,4.0,3.0,5.0,2.0,1.0,0.0
10346,2.0,2.0,0.0,9.0,6.0,0.0,2.0,2.0,1.0,7.0,5.0,3.0,10.0,8.0,1.0,6.0,4.0,3.0,5.0,2.0,1.0,40.0,54.0,77.0,-13.346666666666668,2.0,2.0,0.0,7.0,4.0,0.0,3.0,3.0,2.0,8.0,6.0,4.0,11.0,9.0,1.0,7.0,1.0,4.0,6.0,3.0,2.0,0.0
10347,2.0,2.0,0.0,7.0,4.0,0.0,3.0,3.0,2.0,8.0,6.0,4.0,11.0,9.0,1.0,7.0,1.0,4.0,6.0,3.0,2.0,40.0,68.0,77.0,-16.56,2.0,2.0,0.0,9.0,2.0,0.0,4.0,4.0,3.0,9.0,7.0,5.0,12.0,10.0,1.0,8.0,2.0,5.0,7.0,1.0,3.0,0.0
10348,2.0,2.0,0.0,9.0,2.0,0.0,4.0,4.0,3.0,9.0,7.0,5.0,12.0,10.0,1.0,8.0,2.0,5.0,7.0,1.0,3.0,40.0,68.0,77.0,-17.426666666666666,2.0,2.0,0.0,9.0,0.0,0.0,5.0,5.0,4.0,10.0,8.0,6.0,13.0,11.0,1.0,9.0,3.0,6.0,8.0,1.0,4.0,0.0
10349,2.0,2.0,0.0,9.0,0.0,0.0,5.0,5.0,4.0,10.0,8.0,6.0,13.0,11.0,1.0,9.0,3.0,6.0,8.0,1.0,4.0,40.0,68.0,38.0,-23.449999999999996,2.0,2.0,0.0,9.0,0.0,2.0,6.0,6.0,5.0,11.0,9.0,7.0,14.0,1.0,1.0,10.0,4.0,7.0,9.0,1.0,5.0,0.0
10350,2.0,2.0,0.0,9.0,0.0,2.0,6.0,6.0,5.0,11.0,9.0,7.0,14.0,1.0,1.0,10.0,4.0,7.0,9.0,1.0,5.0,33.0,68.0,77.0,-22.055,2.0,4.0,0.0,9.0,0.0,2.0,7.0,7.0,6.0,12.0,10.0,8.0,1.0,2.0,2.0,11.0,5.0,8.0,10.0,1.0,6.0,0.0
10351,2.0,4.0,0.0,9.0,0.0,2.0,7.0,7.0,6.0,12.0,10.0,8.0,1.0,2.0,2.0,11.0,5.0,8.0,10.0,1.0,6.0,0.0,68.0,4.0,-16.786666666666665,2.0,4.0,0.0,9.0,0.0,0.0,1.0,8.0,7.0,13.0,11.0,9.0,2.0,3.0,3.0,12.0,6.0,9.0,11.0,1.0,7.0,0.0
10352,2.0,4.0,0.0,9.0,0.0,0.0,1.0,8.0,7.0,13.0,11.0,9.0,2.0,3.0,3.0,12.0,6.0,9.0,11.0,1.0,7.0,29.0,57.0,4.0,-15.745,2.0,2.0,0.0,9.0,0.0,0.0,1.0,9.0,8.0,14.0,12.0,1.0,3.0,4.0,4.0,13.0,7.0,1.0,12.0,2.0,8.0,0.0
10353,2.0,2.0,0.0,9.0,0.0,0.0,1.0,9.0,8.0,14.0,12.0,1.0,3.0,4.0,4.0,13.0,7.0,1.0,12.0,2.0,8.0,0.0,68.0,17.0,-19.331666666666663,2.0,2.0,0.0,9.0,0.0,0.0,1.0,10.0,9.0,1.0,13.0,2.0,4.0,5.0,5.0,14.0,8.0,2.0,13.0,1.0,9.0,0.0
10354,2.0,2.0,0.0,9.0,0.0,0.0,1.0,10.0,9.0,1.0,13.0,2.0,4.0,5.0,5.0,14.0,8.0,2.0,13.0,1.0,9.0,9.0,49.0,49.0,-15.941666666666666,2.0,0.0,0.0,7.0,0.0,0.0,2.0,1.0,10.0,2.0,14.0,3.0,5.0,6.0,6.0,1.0,9.0,3.0,14.0,2.0,10.0,0.0
10355,2.0,0.0,0.0,7.0,0.0,0.0,2.0,1.0,10.0,2.0,14.0,3.0,5.0,6.0,6.0,1.0,9.0,3.0,14.0,2.0,10.0,62.0,67.0,54.0,-35.269999999999996,0.0,0.0,0.0,7.0,0.0,0.0,3.0,2.0,11.0,3.0,15.0,4.0,6.0,7.0,7.0,2.0,1.0,4.0,1.0,1.0,11.0,0.0
10356,0.0,0.0,0.0,7.0,0.0,0.0,3.0,2.0,11.0,3.0,15.0,4.0,6.0,7.0,7.0,2.0,1.0,4.0,1.0,1.0,11.0,37.0,73.0,58.0,-19.458333333333332,0.0,0.0,0.0,9.0,0.0,2.0,4.0,3.0,12.0,4.0,16.0,5.0,7.0,1.0,8.0,3.0,2.0,1.0,2.0,2.0,1.0,0.0
10357,0.0,0.0,0.0,9.0,0.0,2.0,4.0,3.0,12.0,4.0,16.0,5.0,7.0,1.0,8.0,3.0,2.0,1.0,2.0,2.0,1.0,30.0,24.0,58.0,-29.55333333333333,0.0,0.0,0.0,7.0,0.0,4.0,5.0,4.0,13.0,5.0,1.0,6.0,1.0,2.0,9.0,4.0,3.0,1.0,3.0,3.0,2.0,0.0
10358,0.0,0.0,0.0,7.0,0.0,4.0,5.0,4.0,13.0,5.0,1.0,6.0,1.0,2.0,9.0,4.0,3.0,1.0,3.0,3.0,2.0,0.0,12.0,14.0,-20.98333333333333,0.0,0.0,0.0,7.0,0.0,2.0,1.0,5.0,1.0,6.0,2.0,7.0,2.0,3.0,10.0,5.0,4.0,2.0,4.0,4.0,3.0,0.0
10359,0.0,0.0,0.0,7.0,0.0,2.0,1.0,5.0,1.0,6.0,2.0,7.0,2.0,3.0,10.0,5.0,4.0,2.0,4.0,4.0,3.0,42.0,57.0,56.0,-23.19833333333333,0.0,0.0,0.0,7.0,2.0,2.0,2.0,6.0,2.0,7.0,3.0,8.0,3.0,4.0,1.0,6.0,5.0,1.0,5.0,5.0,4.0,0.0
10360,0.0,0.0,0.0,7.0,2.0,2.0,2.0,6.0,2.0,7.0,3.0,8.0,3.0,4.0,1.0,6.0,5.0,1.0,5.0,5.0,4.0,74.0,57.0,56.0,-325.57,0.0,0.0,0.0,7.0,4.0,2.0,3.0,7.0,3.0,8.0,4.0,9.0,4.0,5.0,2.0,7.0,6.0,1.0,6.0,6.0,1.0,0.0
10361,0.0,0.0,0.0,7.0,4.0,2.0,3.0,7.0,3.0,8.0,4.0,9.0,4.0,5.0,2.0,7.0,6.0,1.0,6.0,6.0,1.0,29.0,52.0,56.0,-34.33833333333333,0.0,0.0,0.0,7.0,6.0,2.0,4.0,8.0,4.0,9.0,5.0,1.0,5.0,6.0,3.0,8.0,1.0,1.0,7.0,7.0,2.0,0.0
10362,0.0,0.0,0.0,7.0,6.0,2.0,4.0,8.0,4.0,9.0,5.0,1.0,5.0,6.0,3.0,8.0,1.0,1.0,7.0,7.0,2.0,66.0,54.0,14.0,-20.898333333333333,2.0,0.0,0.0,5.0,6.0,0.0,5.0,9.0,1.0,10.0,6.0,2.0,6.0,7.0,4.0,9.0,1.0,2.0,8.0,1.0,3.0,0.0
10363,2.0,0.0,0.0,5.0,6.0,0.0,5.0,9.0,1.0,10.0,6.0,2.0,6.0,7.0,4.0,9.0,1.0,2.0,8.0,1.0,3.0,0.0,68.0,21.0,-14.43333333333333,2.0,0.0,0.0,7.0,8.0,0.0,1.0,10.0,2.0,11.0,1.0,3.0,7.0,8.0,5.0,10.0,2.0,3.0,9.0,1.0,4.0,0.0
10364,2.0,0.0,0.0,7.0,8.0,0.0,1.0,10.0,2.0,11.0,1.0,3.0,7.0,8.0,5.0,10.0,2.0,3.0,9.0,1.0,4.0,26.0,45.0,14.0,-23.26833333333333,4.0,0.0,0.0,7.0,8.0,0.0,2.0,11.0,1.0,12.0,2.0,1.0,8.0,9.0,6.0,1.0,3.0,4.0,10.0,2.0,5.0,0.0
10365,4.0,0.0,0.0,7.0,8.0,0.0,2.0,11.0,1.0,12.0,2.0,1.0,8.0,9.0,6.0,1.0,3.0,4.0,10.0,2.0,5.0,26.0,73.0,9.0,-11.509999999999998,6.0,0.0,0.0,9.0,8.0,0.0,3.0,1.0,2.0,13.0,3.0,1.0,9.0,10.0,7.0,2.0,4.0,5.0,11.0,3.0,1.0,0.0
10366,6.0,0.0,0.0,9.0,8.0,0.0,3.0,1.0,2.0,13.0,3.0,1.0,9.0,10.0,7.0,2.0,4.0,5.0,11.0,3.0,1.0,40.0,54.0,67.0,-21.651666666666664,6.0,0.0,0.0,7.0,6.0,0.0,4.0,2.0,3.0,14.0,4.0,2.0,10.0,11.0,1.0,3.0,1.0,6.0,12.0,1.0,2.0,0.0
10367,6.0,0.0,0.0,7.0,6.0,0.0,4.0,2.0,3.0,14.0,4.0,2.0,10.0,11.0,1.0,3.0,1.0,6.0,12.0,1.0,2.0,27.0,73.0,67.0,-17.35833333333333,4.0,0.0,0.0,9.0,4.0,0.0,5.0,3.0,4.0,15.0,5.0,1.0,11.0,12.0,2.0,4.0,2.0,7.0,13.0,1.0,1.0,0.0
10368,4.0,0.0,0.0,9.0,4.0,0.0,5.0,3.0,4.0,15.0,5.0,1.0,11.0,12.0,2.0,4.0,2.0,7.0,13.0,1.0,1.0,40.0,54.0,67.0,-23.604999999999997,4.0,0.0,0.0,7.0,2.0,0.0,6.0,4.0,5.0,16.0,6.0,2.0,12.0,13.0,1.0,5.0,1.0,8.0,14.0,1.0,2.0,0.0
10369,4.0,0.0,0.0,7.0,2.0,0.0,6.0,4.0,5.0,16.0,6.0,2.0,12.0,13.0,1.0,5.0,1.0,8.0,14.0,1.0,2.0,40.0,73.0,17.0,-20.703333333333333,4.0,0.0,0.0,9.0,0.0,0.0,7.0,5.0,6.0,1.0,7.0,3.0,13.0,14.0,1.0,6.0,2.0,9.0,15.0,2.0,1.0,0.0
10370,4.0,0.0,0.0,9.0,0.0,0.0,7.0,5.0,6.0,1.0,7.0,3.0,13.0,14.0,1.0,6.0,2.0,9.0,15.0,2.0,1.0,66.0,68.0,38.0,-22.651666666666664,6.0,0.0,0.0,9.0,0.0,2.0,8.0,6.0,7.0,2.0,8.0,4.0,14.0,1.0,2.0,7.0,3.0,10.0,16.0,1.0,2.0,0.0
10371,6.0,0.0,0.0,9.0,0.0,2.0,8.0,6.0,7.0,2.0,8.0,4.0,14.0,1.0,2.0,7.0,3.0,10.0,16.0,1.0,2.0,33.0,68.0,9.0,-22.25166666666667,6.0,2.0,0.0,9.0,0.0,0.0,9.0,1.0,8.0,3.0,9.0,5.0,1.0,2.0,3.0,8.0,4.0,11.0,17.0,1.0,3.0,0.0
10372,6.0,2.0,0.0,9.0,0.0,0.0,9.0,1.0,8.0,3.0,9.0,5.0,1.0,2.0,3.0,8.0,4.0,11.0,17.0,1.0,3.0,0.0,68.0,38.0,-19.971666666666668,6.0,2.0,0.0,9.0,0.0,2.0,1.0,2.0,9.0,4.0,10.0,6.0,2.0,1.0,4.0,9.0,5.0,12.0,18.0,1.0,4.0,0.0
10373,6.0,2.0,0.0,9.0,0.0,2.0,1.0,2.0,9.0,4.0,10.0,6.0,2.0,1.0,4.0,9.0,5.0,12.0,18.0,1.0,4.0,69.0,57.0,61.0,-20.919999999999998,6.0,0.0,0.0,9.0,2.0,2.0,2.0,3.0,10.0,5.0,11.0,7.0,3.0,2.0,5.0,10.0,6.0,1.0,1.0,1.0,5.0,0.0
10374,6.0,0.0,0.0,9.0,2.0,2.0,2.0,3.0,10.0,5.0,11.0,7.0,3.0,2.0,5.0,10.0,6.0,1.0,1.0,1.0,5.0,14.0,68.0,14.0,-29.55666666666666,6.0,0.0,0.0,9.0,2.0,0.0,3.0,4.0,1.0,6.0,12.0,8.0,4.0,3.0,6.0,11.0,7.0,2.0,2.0,1.0,6.0,0.0
10375,6.0,0.0,0.0,9.0,2.0,0.0,3.0,4.0,1.0,6.0,12.0,8.0,4.0,3.0,6.0,11.0,7.0,2.0,2.0,1.0,6.0,29.0,46.0,58.0,-22.956666666666667,6.0,0.0,2.0,9.0,2.0,2.0,4.0,5.0,2.0,7.0,13.0,1.0,5.0,4.0,7.0,1.0,8.0,1.0,3.0,2.0,7.0,0.0
10376,6.0,0.0,2.0,9.0,2.0,2.0,4.0,5.0,2.0,7.0,13.0,1.0,5.0,4.0,7.0,1.0,8.0,1.0,3.0,2.0,7.0,29.0,33.0,77.0,-27.586666666666662,6.0,0.0,2.0,9.0,0.0,2.0,5.0,6.0,3.0,8.0,14.0,1.0,1.0,5.0,8.0,2.0,9.0,2.0,4.0,3.0,8.0,0.0
10377,6.0,0.0,2.0,9.0,0.0,2.0,5.0,6.0,3.0,8.0,14.0,1.0,1.0,5.0,8.0,2.0,9.0,2.0,4.0,3.0,8.0,0.0,33.0,21.0,-29.733333333333334,6.0,0.0,2.0,9.0,2.0,2.0,1.0,7.0,4.0,9.0,1.0,2.0,1.0,6.0,9.0,3.0,10.0,3.0,5.0,4.0,9.0,0.0
10378,6.0,0.0,2.0,9.0,2.0,2.0,1.0,7.0,4.0,9.0,1.0,2.0,1.0,6.0,9.0,3.0,10.0,3.0,5.0,4.0,9.0,41.0,36.0,17.0,-28.04833333333333,8.0,0.0,4.0,9.0,0.0,2.0,2.0,8.0,5.0,1.0,2.0,3.0,2.0,1.0,1.0,4.0,11.0,4.0,6.0,5.0,10.0,0.0
10379,8.0,0.0,4.0,9.0,0.0,2.0,2.0,8.0,5.0,1.0,2.0,3.0,2.0,1.0,1.0,4.0,11.0,4.0,6.0,5.0,10.0,29.0,33.0,72.0,-28.668333333333333,8.0,0.0,4.0,9.0,0.0,2.0,3.0,9.0,6.0,2.0,3.0,1.0,1.0,2.0,2.0,5.0,12.0,5.0,7.0,6.0,1.0,0.0
10380,8.0,0.0,4.0,9.0,0.0,2.0,3.0,9.0,6.0,2.0,3.0,1.0,1.0,2.0,2.0,5.0,12.0,5.0,7.0,6.0,1.0,64.0,54.0,66.0,-16.066666666666666,8.0,0.0,4.0,7.0,2.0,2.0,4.0,10.0,7.0,3.0,4.0,2.0,2.0,3.0,3.0,6.0,1.0,6.0,1.0,1.0,2.0,0.0
10381,8.0,0.0,4.0,7.0,2.0,2.0,4.0,10.0,7.0,3.0,4.0,2.0,2.0,3.0,3.0,6.0,1.0,6.0,1.0,1.0,2.0,29.0,68.0,14.0,-21.049999999999997,8.0,0.0,4.0,9.0,2.0,0.0,5.0,11.0,1.0,4.0,5.0,1.0,3.0,4.0,4.0,7.0,2.0,7.0,2.0,1.0,3.0,0.0
10382,8.0,0.0,4.0,9.0,2.0,0.0,5.0,11.0,1.0,4.0,5.0,1.0,3.0,4.0,4.0,7.0,2.0,7.0,2.0,1.0,3.0,7.0,68.0,14.0,-18.083333333333332,6.0,0.0,4.0,9.0,2.0,0.0,6.0,1.0,1.0,5.0,6.0,2.0,4.0,5.0,5.0,8.0,3.0,8.0,3.0,1.0,4.0,0.0
10383,6.0,0.0,4.0,9.0,2.0,0.0,6.0,1.0,1.0,5.0,6.0,2.0,4.0,5.0,5.0,8.0,3.0,8.0,3.0,1.0,4.0,40.0,6.0,42.0,-31.23833333333333,6.0,0.0,6.0,9.0,0.0,0.0,7.0,1.0,2.0,6.0,7.0,3.0,5.0,6.0,1.0,9.0,4.0,9.0,4.0,2.0,5.0,0.0
10384,6.0,0.0,6.0,9.0,0.0,0.0,7.0,1.0,2.0,6.0,7.0,3.0,5.0,6.0,1.0,9.0,4.0,9.0,4.0,2.0,5.0,40.0,68.0,77.0,-16.693333333333335,6.0,0.0,6.0,9.0,0.0,0.0,8.0,2.0,3.0,7.0,8.0,4.0,6.0,7.0,1.0,10.0,5.0,10.0,5.0,1.0,6.0,0.0
10385,6.0,0.0,6.0,9.0,0.0,0.0,8.0,2.0,3.0,7.0,8.0,4.0,6.0,7.0,1.0,10.0,5.0,10.0,5.0,1.0,6.0,40.0,68.0,47.0,-19.063333333333333,6.0,0.0,6.0,9.0,0.0,0.0,9.0,3.0,4.0,8.0,9.0,5.0,7.0,8.0,1.0,1.0,6.0,11.0,6.0,1.0,7.0,0.0
10386,6.0,0.0,6.0,9.0,0.0,0.0,9.0,3.0,4.0,8.0,9.0,5.0,7.0,8.0,1.0,1.0,6.0,11.0,6.0,1.0,7.0,40.0,68.0,21.0,-25.065,6.0,0.0,6.0,9.0,2.0,0.0,10.0,4.0,5.0,9.0,1.0,6.0,8.0,9.0,1.0,2.0,7.0,12.0,7.0,1.0,8.0,0.0
10387,6.0,0.0,6.0,9.0,2.0,0.0,10.0,4.0,5.0,9.0,1.0,6.0,8.0,9.0,1.0,2.0,7.0,12.0,7.0,1.0,8.0,40.0,29.0,9.0,-20.681666666666665,6.0,0.0,6.0,7.0,2.0,0.0,11.0,1.0,6.0,10.0,2.0,1.0,9.0,10.0,1.0,3.0,8.0,13.0,8.0,2.0,9.0,0.0
10388,6.0,0.0,6.0,7.0,2.0,0.0,11.0,1.0,6.0,10.0,2.0,1.0,9.0,10.0,1.0,3.0,8.0,13.0,8.0,2.0,9.0,40.0,65.0,17.0,-21.589999999999996,6.0,0.0,6.0,7.0,0.0,0.0,12.0,2.0,7.0,1.0,3.0,2.0,10.0,11.0,1.0,4.0,9.0,14.0,9.0,1.0,10.0,0.0
10389,6.0,0.0,6.0,7.0,0.0,0.0,12.0,2.0,7.0,1.0,3.0,2.0,10.0,11.0,1.0,4.0,9.0,14.0,9.0,1.0,10.0,40.0,65.0,72.0,-26.595,6.0,0.0,6.0,7.0,0.0,0.0,13.0,3.0,8.0,2.0,4.0,3.0,11.0,12.0,1.0,5.0,10.0,15.0,10.0,1.0,1.0,0.0
10390,6.0,0.0,6.0,7.0,0.0,0.0,13.0,3.0,8.0,2.0,4.0,3.0,11.0,12.0,1.0,5.0,10.0,15.0,10.0,1.0,1.0,40.0,68.0,72.0,-29.255000000000003,6.0,0.0,6.0,9.0,0.0,0.0,14.0,4.0,9.0,3.0,5.0,4.0,12.0,13.0,1.0,6.0,11.0,16.0,11.0,1.0,1.0,0.0
10391,6.0,0.0,6.0,9.0,0.0,0.0,14.0,4.0,9.0,3.0,5.0,4.0,12.0,13.0,1.0,6.0,11.0,16.0,11.0,1.0,1.0,40.0,68.0,72.0,-30.055,6.0,0.0,6.0,9.0,0.0,0.0,15.0,5.0,10.0,4.0,6.0,5.0,13.0,14.0,1.0,7.0,12.0,17.0,12.0,1.0,1.0,0.0
10392,6.0,0.0,6.0,9.0,0.0,0.0,15.0,5.0,10.0,4.0,6.0,5.0,13.0,14.0,1.0,7.0,12.0,17.0,12.0,1.0,1.0,40.0,68.0,72.0,-30.855,6.0,0.0,6.0,9.0,0.0,0.0,16.0,6.0,11.0,5.0,7.0,6.0,14.0,15.0,1.0,8.0,13.0,18.0,13.0,1.0,1.0,0.0
10393,6.0,0.0,6.0,9.0,0.0,0.0,16.0,6.0,11.0,5.0,7.0,6.0,14.0,15.0,1.0,8.0,13.0,18.0,13.0,1.0,1.0,32.0,68.0,72.0,-26.60333333333333,4.0,0.0,6.0,9.0,0.0,0.0,17.0,7.0,12.0,6.0,8.0,7.0,1.0,16.0,2.0,9.0,14.0,19.0,14.0,1.0,1.0,0.0
10394,4.0,0.0,6.0,9.0,0.0,0.0,17.0,7.0,12.0,6.0,8.0,7.0,1.0,16.0,2.0,9.0,14.0,19.0,14.0,1.0,1.0,19.0,12.0,72.0,-27.886666666666663,4.0,0.0,4.0,9.0,0.0,0.0,18.0,8.0,1.0,1.0,9.0,8.0,2.0,17.0,3.0,10.0,15.0,20.0,15.0,2.0,1.0,0.0
10395,4.0,0.0,4.0,9.0,0.0,0.0,18.0,8.0,1.0,1.0,9.0,8.0,2.0,17.0,3.0,10.0,15.0,20.0,15.0,2.0,1.0,3.0,53.0,51.0,-15.216666666666665,4.0,2.0,4.0,9.0,2.0,0.0,1.0,9.0,2.0,2.0,10.0,9.0,3.0,18.0,4.0,11.0,1.0,21.0,16.0,3.0,2.0,0.0
10396,4.0,2.0,4.0,9.0,2.0,0.0,1.0,9.0,2.0,2.0,10.0,9.0,3.0,18.0,4.0,11.0,1.0,21.0,16.0,3.0,2.0,66.0,57.0,55.0,-21.74666666666667,6.0,2.0,2.0,9.0,2.0,0.0,2.0,10.0,3.0,3.0,11.0,10.0,4.0,19.0,5.0,12.0,2.0,1.0,17.0,1.0,3.0,0.0
10397,6.0,2.0,2.0,9.0,2.0,0.0,2.0,10.0,3.0,3.0,11.0,10.0,4.0,19.0,5.0,12.0,2.0,1.0,17.0,1.0,3.0,69.0,68.0,21.0,-20.706666666666663,6.0,0.0,2.0,9.0,4.0,0.0,3.0,11.0,4.0,4.0,1.0,11.0,5.0,20.0,6.0,13.0,3.0,2.0,18.0,1.0,4.0,0.0
10398,6.0,0.0,2.0,9.0,4.0,0.0,3.0,11.0,4.0,4.0,1.0,11.0,5.0,20.0,6.0,13.0,3.0,2.0,18.0,1.0,4.0,26.0,49.0,42.0,-21.101666666666667,8.0,0.0,2.0,7.0,2.0,0.0,4.0,12.0,5.0,5.0,2.0,1.0,6.0,21.0,1.0,1.0,4.0,3.0,19.0,2.0,5.0,0.0
10399,8.0,0.0,2.0,7.0,2.0,0.0,4.0,12.0,5.0,5.0,2.0,1.0,6.0,21.0,1.0,1.0,4.0,3.0,19.0,2.0,5.0,26.0,33.0,9.0,-32.30499999999999,9.0,0.0,2.0,9.0,2.0,0.0,5.0,1.0,6.0,6.0,3.0,1.0,1.0,22.0,2.0,2.0,5.0,4.0,20.0,3.0,6.0,1.0
10400,7.0,2.0,0.0,2.0,0.0,5.0,1.0,1.0,1.0,1.0,1.0,1.0,1.0,1.0,1.0,1.0,1.0,1.0,1.0,1.0,1.0,32.0,4.0,17.0,-6.76,5.0,2.0,0.0,0.0,0.0,5.0,1.0,2.0,2.0,1.0,2.0,2.0,1.0,2.0,2.0,2.0,2.0,2.0,2.0,2.0,2.0,0.0
10401,5.0,2.0,0.0,0.0,0.0,5.0,1.0,2.0,2.0,1.0,2.0,2.0,1.0,2.0,2.0,2.0,2.0,2.0,2.0,2.0,2.0,69.0,4.0,17.0,-8.733333333333333,5.0,0.0,0.0,0.0,0.0,5.0,1.0,3.0,3.0,1.0,3.0,3.0,2.0,3.0,3.0,3.0,3.0,3.0,3.0,1.0,3.0,0.0
10402,5.0,0.0,0.0,0.0,0.0,5.0,1.0,3.0,3.0,1.0,3.0,3.0,2.0,3.0,3.0,3.0,3.0,3.0,3.0,1.0,3.0,69.0,4.0,52.0,-11.724999999999998,5.0,0.0,0.0,0.0,0.0,5.0,1.0,4.0,4.0,2.0,4.0,4.0,3.0,4.0,4.0,4.0,1.0,4.0,4.0,1.0,4.0,0.0
10403,5.0,0.0,0.0,0.0,0.0,5.0,1.0,4.0,4.0,2.0,4.0,4.0,3.0,4.0,4.0,4.0,1.0,4.0,4.0,1.0,4.0,69.0,4.0,4.0,-11.971666666666666,5.0,0.0,0.0,0.0,0.0,3.0,1.0,5.0,5.0,3.0,5.0,5.0,4.0,5.0,5.0,5.0,2.0,5.0,5.0,1.0,5.0,0.0
10404,5.0,0.0,0.0,0.0,0.0,3.0,1.0,5.0,5.0,3.0,5.0,5.0,4.0,5.0,5.0,5.0,2.0,5.0,5.0,1.0,5.0,69.0,4.0,34.0,-23.111666666666668,5.0,0.0,0.0,0.0,0.0,1.0,1.0,6.0,6.0,4.0,6.0,6.0,1.0,6.0,6.0,6.0,3.0,6.0,6.0,1.0,6.0,0.0
10405,5.0,0.0,0.0,0.0,0.0,1.0,1.0,6.0,6.0,4.0,6.0,6.0,1.0,6.0,6.0,6.0,3.0,6.0,6.0,1.0,6.0,69.0,4.0,4.0,-12.973333333333333,5.0,0.0,0.0,0.0,0.0,0.0,1.0,7.0,7.0,5.0,7.0,7.0,2.0,7.0,7.0,7.0,4.0,7.0,7.0,1.0,7.0,0.0
10406,5.0,0.0,0.0,0.0,0.0,0.0,1.0,7.0,7.0,5.0,7.0,7.0,2.0,7.0,7.0,7.0,4.0,7.0,7.0,1.0,7.0,69.0,4.0,34.0,-24.866666666666667,5.0,0.0,0.0,0.0,0.0,0.0,1.0,8.0,8.0,6.0,8.0,8.0,1.0,8.0,8.0,8.0,5.0,8.0,8.0,1.0,8.0,0.0
10407,5.0,0.0,0.0,0.0,0.0,0.0,1.0,8.0,8.0,6.0,8.0,8.0,1.0,8.0,8.0,8.0,5.0,8.0,8.0,1.0,8.0,69.0,4.0,4.0,-14.573333333333334,5.0,0.0,0.0,0.0,0.0,0.0,1.0,9.0,9.0,7.0,9.0,9.0,2.0,9.0,9.0,9.0,6.0,9.0,9.0,1.0,9.0,0.0
10408,5.0,0.0,0.0,0.0,0.0,0.0,1.0,9.0,9.0,7.0,9.0,9.0,2.0,9.0,9.0,9.0,6.0,9.0,9.0,1.0,9.0,69.0,4.0,34.0,-26.46666666666667,5.0,0.0,0.0,0.0,0.0,0.0,1.0,10.0,10.0,8.0,10.0,10.0,1.0,10.0,10.0,10.0,7.0,10.0,10.0,1.0,10.0,0.0
10409,5.0,0.0,0.0,0.0,0.0,0.0,1.0,10.0,10.0,8.0,10.0,10.0,1.0,10.0,10.0,10.0,7.0,10.0,10.0,1.0,10.0,69.0,4.0,34.0,-27.266666666666666,5.0,0.0,0.0,0.0,0.0,0.0,1.0,11.0,11.0,9.0,11.0,11.0,1.0,11.0,11.0,11.0,8.0,11.0,11.0,1.0,11.0,0.0
10410,5.0,0.0,0.0,0.0,0.0,0.0,1.0,11.0,11.0,9.0,11.0,11.0,1.0,11.0,11.0,11.0,8.0,11.0,11.0,1.0,11.0,69.0,4.0,34.0,-28.06666666666667,5.0,0.0,0.0,0.0,0.0,0.0,1.0,12.0,12.0,10.0,12.0,12.0,1.0,12.0,12.0,12.0,9.0,12.0,12.0,1.0,12.0,0.0
10411,5.0,0.0,0.0,0.0,0.0,0.0,1.0,12.0,12.0,10.0,12.0,12.0,1.0,12.0,12.0,12.0,9.0,12.0,12.0,1.0,12.0,69.0,4.0,34.0,-28.866666666666667,5.0,0.0,0.0,0.0,0.0,0.0,1.0,13.0,13.0,11.0,13.0,13.0,1.0,13.0,13.0,13.0,10.0,13.0,13.0,1.0,13.0,0.0
10412,5.0,0.0,0.0,0.0,0.0,0.0,1.0,13.0,13.0,11.0,13.0,13.0,1.0,13.0,13.0,13.0,10.0,13.0,13.0,1.0,13.0,69.0,4.0,34.0,-29.666666666666668,5.0,0.0,0.0,0.0,0.0,0.0,1.0,14.0,14.0,12.0,14.0,14.0,1.0,14.0,14.0,14.0,11.0,14.0,14.0,1.0,14.0,0.0
10413,5.0,0.0,0.0,0.0,0.0,0.0,1.0,14.0,14.0,12.0,14.0,14.0,1.0,14.0,14.0,14.0,11.0,14.0,14.0,1.0,14.0,69.0,4.0,34.0,-30.46666666666667,5.0,0.0,0.0,0.0,0.0,0.0,1.0,15.0,15.0,13.0,15.0,15.0,1.0,15.0,15.0,15.0,12.0,15.0,15.0,1.0,15.0,0.0
10414,5.0,0.0,0.0,0.0,0.0,0.0,1.0,15.0,15.0,13.0,15.0,15.0,1.0,15.0,15.0,15.0,12.0,15.0,15.0,1.0,15.0,69.0,4.0,34.0,-31.266666666666666,5.0,0.0,0.0,0.0,0.0,0.0,1.0,16.0,16.0,14.0,16.0,16.0,1.0,16.0,16.0,16.0,13.0,16.0,16.0,1.0,16.0,0.0
10415,5.0,0.0,0.0,0.0,0.0,0.0,1.0,16.0,16.0,14.0,16.0,16.0,1.0,16.0,16.0,16.0,13.0,16.0,16.0,1.0,16.0,69.0,4.0,34.0,-32.06666666666667,5.0,0.0,0.0,0.0,0.0,0.0,1.0,17.0,17.0,15.0,17.0,17.0,1.0,17.0,17.0,17.0,14.0,17.0,17.0,1.0,17.0,0.0
10416,5.0,0.0,0.0,0.0,0.0,0.0,1.0,17.0,17.0,15.0,17.0,17.0,1.0,17.0,17.0,17.0,14.0,17.0,17.0,1.0,17.0,69.0,4.0,34.0,-32.86666666666667,5.0,0.0,0.0,0.0,0.0,0.0,1.0,18.0,18.0,16.0,18.0,18.0,1.0,18.0,18.0,18.0,15.0,18.0,18.0,1.0,18.0,0.0
10417,5.0,0.0,0.0,0.0,0.0,0.0,1.0,18.0,18.0,16.0,18.0,18.0,1.0,18.0,18.0,18.0,15.0,18.0,18.0,1.0,18.0,69.0,4.0,34.0,-33.66666666666667,5.0,0.0,0.0,0.0,0.0,0.0,1.0,19.0,19.0,17.0,19.0,19.0,1.0,19.0,19.0,19.0,16.0,19.0,19.0,1.0,19.0,0.0
10418,5.0,0.0,0.0,0.0,0.0,0.0,1.0,19.0,19.0,17.0,19.0,19.0,1.0,19.0,19.0,19.0,16.0,19.0,19.0,1.0,19.0,69.0,4.0,34.0,-34.46666666666667,5.0,0.0,0.0,0.0,0.0,0.0,1.0,20.0,20.0,18.0,20.0,20.0,1.0,20.0,20.0,20.0,17.0,20.0,20.0,1.0,20.0,0.0
10419,5.0,0.0,0.0,0.0,0.0,0.0,1.0,20.0,20.0,18.0,20.0,20.0,1.0,20.0,20.0,20.0,17.0,20.0,20.0,1.0,20.0,69.0,4.0,34.0,-35.266666666666666,5.0,0.0,0.0,0.0,0.0,0.0,1.0,21.0,21.0,19.0,21.0,21.0,1.0,21.0,21.0,21.0,18.0,21.0,21.0,1.0,21.0,0.0
10420,5.0,0.0,0.0,0.0,0.0,0.0,1.0,21.0,21.0,19.0,21.0,21.0,1.0,21.0,21.0,21.0,18.0,21.0,21.0,1.0,21.0,69.0,4.0,34.0,-36.06666666666666,5.0,0.0,0.0,0.0,0.0,0.0,1.0,22.0,22.0,20.0,22.0,22.0,1.0,22.0,22.0,22.0,19.0,22.0,22.0,1.0,22.0,0.0
10421,5.0,0.0,0.0,0.0,0.0,0.0,1.0,22.0,22.0,20.0,22.0,22.0,1.0,22.0,22.0,22.0,19.0,22.0,22.0,1.0,22.0,69.0,4.0,49.0,-24.77166666666667,5.0,0.0,0.0,0.0,0.0,0.0,1.0,23.0,23.0,21.0,23.0,23.0,2.0,23.0,23.0,1.0,20.0,23.0,23.0,1.0,23.0,0.0
10422,5.0,0.0,0.0,0.0,0.0,0.0,1.0,23.0,23.0,21.0,23.0,23.0,2.0,23.0,23.0,1.0,20.0,23.0,23.0,1.0,23.0,69.0,72.0,54.0,-34.77333333333333,5.0,0.0,0.0,0.0,0.0,0.0,2.0,24.0,24.0,22.0,24.0,24.0,3.0,24.0,24.0,2.0,1.0,24.0,24.0,1.0,1.0,0.0
10423,5.0,0.0,0.0,0.0,0.0,0.0,2.0,24.0,24.0,22.0,24.0,24.0,3.0,24.0,24.0,2.0,1.0,24.0,24.0,1.0,1.0,69.0,39.0,18.0,-25.509999999999998,5.0,0.0,0.0,0.0,0.0,2.0,3.0,25.0,25.0,1.0,25.0,25.0,4.0,1.0,25.0,3.0,2.0,25.0,25.0,1.0,2.0,0.0
10424,5.0,0.0,0.0,0.0,0.0,2.0,3.0,25.0,25.0,1.0,25.0,25.0,4.0,1.0,25.0,3.0,2.0,25.0,25.0,1.0,2.0,69.0,12.0,14.0,-42.75666666666666,5.0,0.0,0.0,0.0,0.0,0.0,4.0,26.0,1.0,2.0,26.0,26.0,5.0,2.0,26.0,4.0,3.0,26.0,26.0,1.0,3.0,0.0
10425,5.0,0.0,0.0,0.0,0.0,0.0,4.0,26.0,1.0,2.0,26.0,26.0,5.0,2.0,26.0,4.0,3.0,26.0,26.0,1.0,3.0,33.0,68.0,21.0,-27.053333333333335,5.0,2.0,0.0,2.0,2.0,0.0,5.0,27.0,2.0,3.0,1.0,27.0,1.0,3.0,27.0,5.0,4.0,27.0,27.0,1.0,4.0,0.0
10426,5.0,2.0,0.0,2.0,2.0,0.0,5.0,27.0,2.0,3.0,1.0,27.0,1.0,3.0,27.0,5.0,4.0,27.0,27.0,1.0,4.0,6.0,59.0,51.0,-23.721666666666668,7.0,2.0,0.0,0.0,4.0,0.0,6.0,1.0,3.0,4.0,2.0,28.0,2.0,4.0,28.0,6.0,1.0,1.0,28.0,2.0,5.0,0.0
10427,7.0,2.0,0.0,0.0,4.0,0.0,6.0,1.0,3.0,4.0,2.0,28.0,2.0,4.0,28.0,6.0,1.0,1.0,28.0,2.0,5.0,35.0,71.0,28.0,-21.169999999999998,7.0,2.0,2.0,0.0,4.0,2.0,7.0,2.0,4.0,5.0,3.0,1.0,3.0,1.0,29.0,7.0,2.0,2.0,29.0,3.0,1.0,0.0
10428,7.0,2.0,2.0,0.0,4.0,2.0,7.0,2.0,4.0,5.0,3.0,1.0,3.0,1.0,29.0,7.0,2.0,2.0,29.0,3.0,1.0,17.0,71.0,43.0,-322.62666666666667,5.0,2.0,4.0,0.0,4.0,4.0,8.0,3.0,5.0,1.0,4.0,2.0,4.0,2.0,1.0,8.0,3.0,3.0,30.0,4.0,1.0,0.0
10429,5.0,2.0,4.0,0.0,4.0,4.0,8.0,3.0,5.0,1.0,4.0,2.0,4.0,2.0,1.0,8.0,3.0,3.0,30.0,4.0,1.0,69.0,0.0,63.0,-312.14666666666665,5.0,0.0,4.0,0.0,4.0,6.0,1.0,4.0,6.0,2.0,5.0,3.0,5.0,3.0,2.0,9.0,4.0,4.0,1.0,1.0,2.0,0.0
10430,5.0,0.0,4.0,0.0,4.0,6.0,1.0,4.0,6.0,2.0,5.0,3.0,5.0,3.0,2.0,9.0,4.0,4.0,1.0,1.0,2.0,9.0,4.0,14.0,-7.763333333333333,5.0,0.0,4.0,0.0,4.0,4.0,1.0,1.0,1.0,3.0,6.0,4.0,6.0,4.0,3.0,10.0,5.0,5.0,2.0,2.0,3.0,0.0
10431,5.0,0.0,4.0,0.0,4.0,4.0,1.0,1.0,1.0,3.0,6.0,4.0,6.0,4.0,3.0,10.0,5.0,5.0,2.0,2.0,3.0,31.0,4.0,52.0,-6.1033333333333335,7.0,0.0,4.0,0.0,2.0,4.0,1.0,2.0,2.0,4.0,7.0,5.0,1.0,5.0,4.0,11.0,1.0,6.0,3.0,3.0,4.0,0.0
10432,7.0,0.0,4.0,0.0,2.0,4.0,1.0,2.0,2.0,4.0,7.0,5.0,1.0,5.0,4.0,11.0,1.0,6.0,3.0,3.0,4.0,69.0,4.0,47.0,-9.978333333333332,7.0,0.0,4.0,0.0,0.0,4.0,1.0,3.0,3.0,5.0,8.0,6.0,2.0,6.0,5.0,1.0,2.0,7.0,4.0,1.0,5.0,0.0
10433,7.0,0.0,4.0,0.0,0.0,4.0,1.0,3.0,3.0,5.0,8.0,6.0,2.0,6.0,5.0,1.0,2.0,7.0,4.0,1.0,5.0,69.0,4.0,28.0,-19.744999999999997,7.0,0.0,4.0,0.0,0.0,6.0,1.0,4.0,4.0,6.0,9.0,1.0,3.0,7.0,6.0,2.0,3.0,8.0,5.0,1.0,6.0,0.0
10434,7.0,0.0,4.0,0.0,0.0,6.0,1.0,4.0,4.0,6.0,9.0,1.0,3.0,7.0,6.0,2.0,3.0,8.0,5.0,1.0,6.0,69.0,33.0,52.0,-17.02333333333333,7.0,0.0,4.0,2.0,0.0,6.0,2.0,5.0,5.0,7.0,10.0,2.0,1.0,8.0,7.0,3.0,1.0,9.0,6.0,1.0,7.0,0.0
10435,7.0,0.0,4.0,2.0,0.0,6.0,2.0,5.0,5.0,7.0,10.0,2.0,1.0,8.0,7.0,3.0,1.0,9.0,6.0,1.0,7.0,69.0,6.0,21.0,-14.011666666666663,7.0,0.0,6.0,2.0,2.0,6.0,3.0,1.0,6.0,8.0,1.0,3.0,2.0,9.0,8.0,4.0,2.0,10.0,7.0,1.0,8.0,0.0
10436,7.0,0.0,6.0,2.0,2.0,6.0,3.0,1.0,6.0,8.0,1.0,3.0,2.0,9.0,8.0,4.0,2.0,10.0,7.0,1.0,8.0,0.0,4.0,44.0,-11.798333333333334,7.0,0.0,6.0,0.0,2.0,4.0,1.0,2.0,7.0,9.0,2.0,4.0,3.0,10.0,1.0,5.0,3.0,11.0,8.0,2.0,9.0,0.0
10437,7.0,0.0,6.0,0.0,2.0,4.0,1.0,2.0,7.0,9.0,2.0,4.0,3.0,10.0,1.0,5.0,3.0,11.0,8.0,2.0,9.0,69.0,4.0,34.0,-19.993333333333332,7.0,0.0,6.0,0.0,2.0,2.0,1.0,3.0,8.0,10.0,3.0,5.0,1.0,11.0,2.0,6.0,4.0,12.0,9.0,1.0,10.0,0.0
10438,7.0,0.0,6.0,0.0,2.0,2.0,1.0,3.0,8.0,10.0,3.0,5.0,1.0,11.0,2.0,6.0,4.0,12.0,9.0,1.0,10.0,69.0,4.0,34.0,-20.793333333333333,7.0,0.0,6.0,0.0,2.0,0.0,1.0,4.0,9.0,11.0,4.0,6.0,1.0,12.0,3.0,7.0,5.0,13.0,10.0,1.0,11.0,0.0
10439,7.0,0.0,6.0,0.0,2.0,0.0,1.0,4.0,9.0,11.0,4.0,6.0,1.0,12.0,3.0,7.0,5.0,13.0,10.0,1.0,11.0,69.0,4.0,34.0,-21.593333333333334,7.0,0.0,6.0,0.0,2.0,0.0,1.0,5.0,10.0,12.0,5.0,7.0,1.0,13.0,4.0,8.0,6.0,14.0,11.0,1.0,12.0,0.0
10440,7.0,0.0,6.0,0.0,2.0,0.0,1.0,5.0,10.0,12.0,5.0,7.0,1.0,13.0,4.0,8.0,6.0,14.0,11.0,1.0,12.0,69.0,4.0,34.0,-22.39333333333333,7.0,0.0,6.0,0.0,2.0,0.0,1.0,6.0,11.0,13.0,6.0,8.0,1.0,14.0,5.0,9.0,7.0,15.0,12.0,1.0,13.0,0.0
10441,7.0,0.0,6.0,0.0,2.0,0.0,1.0,6.0,11.0,13.0,6.0,8.0,1.0,14.0,5.0,9.0,7.0,15.0,12.0,1.0,13.0,69.0,4.0,49.0,-16.305,7.0,0.0,6.0,0.0,2.0,0.0,1.0,7.0,12.0,14.0,7.0,9.0,2.0,15.0,6.0,1.0,8.0,16.0,13.0,1.0,14.0,0.0
10442,7.0,0.0,6.0,0.0,2.0,0.0,1.0,7.0,12.0,14.0,7.0,9.0,2.0,15.0,6.0,1.0,8.0,16.0,13.0,1.0,14.0,39.0,4.0,54.0,-13.224999999999998,7.0,0.0,6.0,0.0,2.0,0.0,1.0,8.0,13.0,15.0,8.0,10.0,3.0,1.0,7.0,2.0,1.0,17.0,14.0,2.0,15.0,0.0
10443,7.0,0.0,6.0,0.0,2.0,0.0,1.0,8.0,13.0,15.0,8.0,10.0,3.0,1.0,7.0,2.0,1.0,17.0,14.0,2.0,15.0,31.0,29.0,49.0,-14.309999999999999,9.0,0.0,6.0,0.0,2.0,0.0,2.0,9.0,14.0,16.0,9.0,1.0,1.0,2.0,8.0,1.0,2.0,18.0,15.0,3.0,16.0,0.0
10444,9.0,0.0,6.0,0.0,2.0,0.0,2.0,9.0,14.0,16.0,9.0,1.0,1.0,2.0,8.0,1.0,2.0,18.0,15.0,3.0,16.0,6.0,6.0,16.0,-16.588333333333335,9.0,0.0,8.0,0.0,4.0,0.0,3.0,1.0,15.0,1.0,10.0,2.0,2.0,3.0,9.0,2.0,3.0,19.0,16.0,4.0,17.0,0.0
10445,9.0,0.0,8.0,0.0,4.0,0.0,3.0,1.0,15.0,1.0,10.0,2.0,2.0,3.0,9.0,2.0,3.0,19.0,16.0,4.0,17.0,58.0,0.0,72.0,-37.46333333333333,9.0,2.0,8.0,0.0,2.0,0.0,1.0,2.0,16.0,2.0,11.0,3.0,3.0,4.0,10.0,3.0,4.0,1.0,17.0,5.0,1.0,0.0
10446,9.0,2.0,8.0,0.0,2.0,0.0,1.0,2.0,16.0,2.0,11.0,3.0,3.0,4.0,10.0,3.0,4.0,1.0,17.0,5.0,1.0,62.0,24.0,69.0,-18.59333333333333,7.0,2.0,8.0,0.0,2.0,0.0,2.0,3.0,17.0,3.0,1.0,4.0,4.0,5.0,11.0,4.0,5.0,2.0,1.0,1.0,2.0,0.0
10447,7.0,2.0,8.0,0.0,2.0,0.0,2.0,3.0,17.0,3.0,1.0,4.0,4.0,5.0,11.0,4.0,5.0,2.0,1.0,1.0,2.0,31.0,4.0,10.0,-18.525,9.0,2.0,8.0,0.0,2.0,0.0,1.0,4.0,1.0,4.0,2.0,5.0,1.0,6.0,12.0,5.0,6.0,3.0,2.0,2.0,3.0,0.0
10448,9.0,2.0,8.0,0.0,2.0,0.0,1.0,4.0,1.0,4.0,2.0,5.0,1.0,6.0,12.0,5.0,6.0,3.0,2.0,2.0,3.0,18.0,4.0,42.0,-28.776666666666667,9.0,4.0,8.0,0.0,0.0,0.0,1.0,5.0,2.0,1.0,3.0,6.0,2.0,7.0,1.0,6.0,7.0,4.0,3.0,3.0,4.0,0.0
10449,9.0,4.0,8.0,0.0,0.0,0.0,1.0,5.0,2.0,1.0,3.0,6.0,2.0,7.0,1.0,6.0,7.0,4.0,3.0,3.0,4.0,5.0,4.0,65.0,-17.551666666666666,9.0,4.0,8.0,0.0,0.0,0.0,1.0,1.0,3.0,2.0,4.0,7.0,3.0,8.0,2.0,7.0,8.0,5.0,4.0,1.0,5.0,0.0
10450,9.0,4.0,8.0,0.0,0.0,0.0,1.0,1.0,3.0,2.0,4.0,7.0,3.0,8.0,2.0,7.0,8.0,5.0,4.0,1.0,5.0,5.0,4.0,65.0,-18.351666666666667,9.0,4.0,8.0,0.0,0.0,0.0,1.0,1.0,4.0,3.0,5.0,8.0,4.0,9.0,3.0,8.0,9.0,6.0,5.0,1.0,6.0,0.0
10451,9.0,4.0,8.0,0.0,0.0,0.0,1.0,1.0,4.0,3.0,5.0,8.0,4.0,9.0,3.0,8.0,9.0,6.0,5.0,1.0,6.0,1.0,4.0,49.0,-18.751666666666665,9.0,4.0,8.0,0.0,0.0,0.0,1.0,2.0,5.0,4.0,6.0,9.0,5.0,10.0,4.0,1.0,10.0,7.0,6.0,2.0,7.0,0.0
10452,9.0,4.0,8.0,0.0,0.0,0.0,1.0,2.0,5.0,4.0,6.0,9.0,5.0,10.0,4.0,1.0,10.0,7.0,6.0,2.0,7.0,1.0,4.0,54.0,-21.96333333333333,9.0,4.0,8.0,0.0,0.0,0.0,1.0,3.0,6.0,5.0,7.0,10.0,6.0,11.0,5.0,2.0,1.0,8.0,7.0,3.0,8.0,0.0
10453,9.0,4.0,8.0,0.0,0.0,0.0,1.0,3.0,6.0,5.0,7.0,10.0,6.0,11.0,5.0,2.0,1.0,8.0,7.0,3.0,8.0,39.0,4.0,28.0,-22.426666666666662,9.0,2.0,8.0,0.0,0.0,2.0,1.0,4.0,7.0,6.0,8.0,1.0,7.0,1.0,6.0,3.0,2.0,9.0,8.0,4.0,9.0,0.0
10454,9.0,2.0,8.0,0.0,0.0,2.0,1.0,4.0,7.0,6.0,8.0,1.0,7.0,1.0,6.0,3.0,2.0,9.0,8.0,4.0,9.0,31.0,6.0,16.0,-9.428333333333335,9.0,2.0,9.0,0.0,2.0,2.0,2.0,1.0,8.0,1.0,9.0,2.0,1.0,2.0,7.0,4.0,3.0,10.0,9.0,5.0,10.0,0.0
10455,9.0,2.0,9.0,0.0,2.0,2.0,2.0,1.0,8.0,1.0,9.0,2.0,1.0,2.0,7.0,4.0,3.0,10.0,9.0,5.0,10.0,62.0,79.0,16.0,-13.946666666666665,7.0,2.0,9.0,0.0,4.0,2.0,3.0,2.0,9.0,1.0,10.0,3.0,2.0,3.0,8.0,5.0,4.0,11.0,1.0,6.0,11.0,0.0
10456,7.0,2.0,9.0,0.0,4.0,2.0,3.0,2.0,9.0,1.0,10.0,3.0,2.0,3.0,8.0,5.0,4.0,11.0,1.0,6.0,11.0,47.0,4.0,19.0,-320.39166666666665,5.0,2.0,9.0,0.0,4.0,0.0,1.0,3.0,10.0,1.0,11.0,4.0,3.0,4.0,9.0,1.0,5.0,12.0,2.0,7.0,12.0,0.0
10457,5.0,2.0,9.0,0.0,4.0,0.0,1.0,3.0,10.0,1.0,11.0,4.0,3.0,4.0,9.0,1.0,5.0,12.0,2.0,7.0,12.0,47.0,4.0,19.0,-19.951666666666668,3.0,2.0,9.0,0.0,4.0,0.0,1.0,4.0,11.0,1.0,12.0,5.0,4.0,5.0,10.0,1.0,6.0,13.0,3.0,8.0,13.0,0.0
10458,3.0,2.0,9.0,0.0,4.0,0.0,1.0,4.0,11.0,1.0,12.0,5.0,4.0,5.0,10.0,1.0,6.0,13.0,3.0,8.0,13.0,31.0,4.0,69.0,-19.464999999999996,5.0,2.0,9.0,0.0,4.0,0.0,1.0,5.0,12.0,2.0,13.0,6.0,1.0,6.0,11.0,2.0,7.0,14.0,4.0,1.0,14.0,0.0
10459,5.0,2.0,9.0,0.0,4.0,0.0,1.0,5.0,12.0,2.0,13.0,6.0,1.0,6.0,11.0,2.0,7.0,14.0,4.0,1.0,14.0,47.0,4.0,34.0,-317.8733333333333,3.0,2.0,9.0,0.0,4.0,0.0,1.0,6.0,13.0,3.0,14.0,7.0,1.0,7.0,12.0,1.0,8.0,15.0,5.0,2.0,15.0,0.0
10460,3.0,2.0,9.0,0.0,4.0,0.0,1.0,6.0,13.0,3.0,14.0,7.0,1.0,7.0,12.0,1.0,8.0,15.0,5.0,2.0,15.0,18.0,4.0,34.0,-19.47,3.0,4.0,9.0,0.0,4.0,0.0,1.0,7.0,14.0,1.0,15.0,8.0,1.0,8.0,13.0,2.0,9.0,16.0,6.0,3.0,16.0,0.0
10461,3.0,4.0,9.0,0.0,4.0,0.0,1.0,7.0,14.0,1.0,15.0,8.0,1.0,8.0,13.0,2.0,9.0,16.0,6.0,3.0,16.0,18.0,48.0,34.0,-21.59833333333333,3.0,6.0,9.0,2.0,4.0,0.0,2.0,8.0,15.0,1.0,16.0,9.0,1.0,9.0,14.0,1.0,10.0,17.0,7.0,4.0,17.0,0.0
10462,3.0,6.0,9.0,2.0,4.0,0.0,2.0,8.0,15.0,1.0,16.0,9.0,1.0,9.0,14.0,1.0,10.0,17.0,7.0,4.0,17.0,18.0,8.0,69.0,-15.841666666666665,3.0,8.0,9.0,4.0,4.0,0.0,3.0,1.0,16.0,1.0,17.0,10.0,2.0,10.0,15.0,2.0,11.0,18.0,8.0,1.0,18.0,0.0
10463,3.0,8.0,9.0,4.0,4.0,0.0,3.0,1.0,16.0,1.0,17.0,10.0,2.0,10.0,15.0,2.0,11.0,18.0,8.0,1.0,18.0,47.0,8.0,34.0,-21.15833333333333,1.0,8.0,9.0,6.0,4.0,0.0,4.0,1.0,17.0,2.0,18.0,11.0,1.0,11.0,16.0,1.0,12.0,19.0,9.0,2.0,19.0,0.0
10464,1.0,8.0,9.0,6.0,4.0,0.0,4.0,1.0,17.0,2.0,18.0,11.0,1.0,11.0,16.0,1.0,12.0,19.0,9.0,2.0,19.0,47.0,8.0,34.0,-25.523333333333333,0.0,8.0,9.0,8.0,4.0,0.0,5.0,1.0,18.0,3.0,19.0,12.0,1.0,12.0,17.0,1.0,13.0,20.0,10.0,3.0,20.0,0.0
10465,0.0,8.0,9.0,8.0,4.0,0.0,5.0,1.0,18.0,3.0,19.0,12.0,1.0,12.0,17.0,1.0,13.0,20.0,10.0,3.0,20.0,47.0,73.0,34.0,-26.606666666666666,0.0,8.0,9.0,9.0,4.0,0.0,6.0,2.0,19.0,4.0,20.0,13.0,1.0,13.0,18.0,1.0,14.0,21.0,11.0,4.0,1.0,0.0
10466,0.0,8.0,9.0,9.0,4.0,0.0,6.0,2.0,19.0,4.0,20.0,13.0,1.0,13.0,18.0,1.0,14.0,21.0,11.0,4.0,1.0,55.0,42.0,7.0,-15.418333333333333,0.0,8.0,7.0,9.0,2.0,0.0,7.0,1.0,20.0,5.0,21.0,14.0,2.0,14.0,1.0,2.0,15.0,1.0,12.0,5.0,2.0,0.0
10467,0.0,8.0,7.0,9.0,2.0,0.0,7.0,1.0,20.0,5.0,21.0,14.0,2.0,14.0,1.0,2.0,15.0,1.0,12.0,5.0,2.0,1.0,24.0,54.0,-18.201666666666664,2.0,8.0,7.0,7.0,2.0,0.0,1.0,2.0,21.0,6.0,1.0,15.0,3.0,15.0,2.0,3.0,1.0,2.0,13.0,6.0,3.0,0.0
10468,2.0,8.0,7.0,7.0,2.0,0.0,1.0,2.0,21.0,6.0,1.0,15.0,3.0,15.0,2.0,3.0,1.0,2.0,13.0,6.0,3.0,55.0,42.0,7.0,-16.011666666666667,2.0,8.0,5.0,7.0,0.0,0.0,2.0,1.0,22.0,7.0,2.0,16.0,4.0,16.0,1.0,4.0,2.0,1.0,14.0,7.0,4.0,0.0
10469,2.0,8.0,5.0,7.0,0.0,0.0,2.0,1.0,22.0,7.0,2.0,16.0,4.0,16.0,1.0,4.0,2.0,1.0,14.0,7.0,4.0,55.0,42.0,7.0,-16.811666666666667,2.0,8.0,3.0,7.0,0.0,0.0,3.0,1.0,23.0,8.0,3.0,17.0,5.0,17.0,1.0,5.0,3.0,1.0,15.0,8.0,5.0,0.0
10470,2.0,8.0,3.0,7.0,0.0,0.0,3.0,1.0,23.0,8.0,3.0,17.0,5.0,17.0,1.0,5.0,3.0,1.0,15.0,8.0,5.0,65.0,42.0,7.0,-20.865,2.0,8.0,1.0,7.0,0.0,0.0,4.0,1.0,24.0,9.0,4.0,18.0,6.0,18.0,1.0,6.0,4.0,2.0,16.0,1.0,6.0,0.0
10471,2.0,8.0,1.0,7.0,0.0,0.0,4.0,1.0,24.0,9.0,4.0,18.0,6.0,18.0,1.0,6.0,4.0,2.0,16.0,1.0,6.0,63.0,4.0,10.0,-31.021666666666665,2.0,9.0,1.0,5.0,0.0,0.0,1.0,2.0,1.0,10.0,5.0,19.0,7.0,19.0,2.0,7.0,5.0,3.0,1.0,2.0,7.0,0.0
10472,2.0,9.0,1.0,5.0,0.0,0.0,1.0,2.0,1.0,10.0,5.0,19.0,7.0,19.0,2.0,7.0,5.0,3.0,1.0,2.0,7.0,3.0,22.0,33.0,-37.045,2.0,9.0,0.0,5.0,0.0,2.0,1.0,3.0,2.0,11.0,1.0,20.0,1.0,20.0,3.0,8.0,6.0,4.0,2.0,3.0,8.0,0.0
10473,2.0,9.0,0.0,5.0,0.0,2.0,1.0,3.0,2.0,11.0,1.0,20.0,1.0,20.0,3.0,8.0,6.0,4.0,2.0,3.0,8.0,3.0,4.0,33.0,-33.57166666666666,2.0,9.0,0.0,3.0,0.0,4.0,1.0,4.0,3.0,12.0,2.0,21.0,1.0,21.0,4.0,9.0,7.0,5.0,3.0,4.0,9.0,0.0
10474,2.0,9.0,0.0,3.0,0.0,4.0,1.0,4.0,3.0,12.0,2.0,21.0,1.0,21.0,4.0,9.0,7.0,5.0,3.0,4.0,9.0,3.0,4.0,33.0,-36.29833333333333,2.0,9.0,0.0,1.0,0.0,6.0,1.0,5.0,4.0,13.0,3.0,22.0,1.0,22.0,5.0,10.0,8.0,6.0,4.0,5.0,10.0,0.0
10475,2.0,9.0,0.0,1.0,0.0,6.0,1.0,5.0,4.0,13.0,3.0,22.0,1.0,22.0,5.0,10.0,8.0,6.0,4.0,5.0,10.0,3.0,4.0,33.0,-41.03999999999999,2.0,9.0,0.0,0.0,0.0,8.0,1.0,6.0,5.0,14.0,4.0,23.0,1.0,23.0,6.0,11.0,9.0,7.0,5.0,6.0,11.0,0.0
10476,2.0,9.0,0.0,0.0,0.0,8.0,1.0,6.0,5.0,14.0,4.0,23.0,1.0,23.0,6.0,11.0,9.0,7.0,5.0,6.0,11.0,3.0,4.0,33.0,-44.23166666666666,2.0,9.0,0.0,0.0,0.0,9.0,1.0,7.0,6.0,15.0,5.0,24.0,1.0,24.0,7.0,12.0,10.0,8.0,6.0,7.0,12.0,0.0
10477,2.0,9.0,0.0,0.0,0.0,9.0,1.0,7.0,6.0,15.0,5.0,24.0,1.0,24.0,7.0,12.0,10.0,8.0,6.0,7.0,12.0,3.0,4.0,33.0,-45.09833333333333,2.0,9.0,0.0,0.0,0.0,9.0,1.0,8.0,7.0,16.0,6.0,25.0,1.0,25.0,8.0,13.0,11.0,9.0,7.0,8.0,13.0,0.0
10478,2.0,9.0,0.0,0.0,0.0,9.0,1.0,8.0,7.0,16.0,6.0,25.0,1.0,25.0,8.0,13.0,11.0,9.0,7.0,8.0,13.0,19.0,4.0,33.0,-35.13333333333334,2.0,7.0,0.0,0.0,0.0,9.0,1.0,9.0,8.0,1.0,7.0,26.0,1.0,26.0,9.0,14.0,12.0,10.0,8.0,9.0,14.0,0.0
10479,2.0,7.0,0.0,0.0,0.0,9.0,1.0,9.0,8.0,1.0,7.0,26.0,1.0,26.0,9.0,14.0,12.0,10.0,8.0,9.0,14.0,38.0,4.0,10.0,-29.615,2.0,9.0,0.0,0.0,0.0,9.0,1.0,10.0,1.0,2.0,8.0,27.0,2.0,1.0,10.0,15.0,13.0,11.0,9.0,10.0,15.0,0.0
10480,2.0,9.0,0.0,0.0,0.0,9.0,1.0,10.0,1.0,2.0,8.0,27.0,2.0,1.0,10.0,15.0,13.0,11.0,9.0,10.0,15.0,1.0,8.0,51.0,-31.029999999999994,4.0,9.0,0.0,2.0,2.0,9.0,1.0,1.0,2.0,3.0,9.0,28.0,3.0,2.0,11.0,16.0,1.0,12.0,10.0,11.0,16.0,0.0
10481,4.0,9.0,0.0,2.0,2.0,9.0,1.0,1.0,2.0,3.0,9.0,28.0,3.0,2.0,11.0,16.0,1.0,12.0,10.0,11.0,16.0,20.0,22.0,19.0,-22.24,4.0,9.0,0.0,2.0,2.0,7.0,2.0,2.0,3.0,1.0,1.0,29.0,4.0,3.0,12.0,17.0,2.0,13.0,11.0,12.0,17.0,0.0
10482,4.0,9.0,0.0,2.0,2.0,7.0,2.0,2.0,3.0,1.0,1.0,29.0,4.0,3.0,12.0,17.0,2.0,13.0,11.0,12.0,17.0,67.0,22.0,72.0,-21.705,2.0,9.0,0.0,2.0,0.0,7.0,3.0,3.0,4.0,2.0,1.0,30.0,5.0,4.0,13.0,18.0,3.0,14.0,12.0,1.0,1.0,0.0
10483,2.0,9.0,0.0,2.0,0.0,7.0,3.0,3.0,4.0,2.0,1.0,30.0,5.0,4.0,13.0,18.0,3.0,14.0,12.0,1.0,1.0,42.0,63.0,15.0,-24.625,0.0,9.0,0.0,4.0,0.0,7.0,4.0,4.0,5.0,1.0,2.0,31.0,6.0,5.0,1.0,19.0,4.0,15.0,1.0,2.0,2.0,0.0
10484,0.0,9.0,0.0,4.0,0.0,7.0,4.0,4.0,5.0,1.0,2.0,31.0,6.0,5.0,1.0,19.0,4.0,15.0,1.0,2.0,2.0,48.0,22.0,19.0,-21.058333333333334,0.0,9.0,0.0,4.0,0.0,5.0,5.0,5.0,6.0,1.0,1.0,32.0,7.0,6.0,2.0,1.0,5.0,16.0,2.0,3.0,3.0,0.0
10485,0.0,9.0,0.0,4.0,0.0,5.0,5.0,5.0,6.0,1.0,1.0,32.0,7.0,6.0,2.0,1.0,5.0,16.0,2.0,3.0,3.0,1.0,2.0,10.0,-26.129999999999995,2.0,9.0,0.0,4.0,0.0,5.0,1.0,6.0,1.0,2.0,2.0,33.0,8.0,7.0,3.0,2.0,6.0,17.0,3.0,4.0,4.0,0.0
10486,2.0,9.0,0.0,4.0,0.0,5.0,1.0,6.0,1.0,2.0,2.0,33.0,8.0,7.0,3.0,2.0,6.0,17.0,3.0,4.0,4.0,1.0,22.0,19.0,-27.106666666666662,4.0,9.0,0.0,4.0,0.0,3.0,1.0,7.0,2.0,1.0,1.0,34.0,9.0,8.0,4.0,3.0,7.0,18.0,4.0,5.0,5.0,0.0
10487,4.0,9.0,0.0,4.0,0.0,3.0,1.0,7.0,2.0,1.0,1.0,34.0,9.0,8.0,4.0,3.0,7.0,18.0,4.0,5.0,5.0,38.0,25.0,19.0,-30.509999999999998,4.0,9.0,0.0,4.0,0.0,1.0,2.0,8.0,3.0,1.0,2.0,1.0,10.0,1.0,5.0,4.0,8.0,19.0,5.0,6.0,6.0,0.0
10488,4.0,9.0,0.0,4.0,0.0,1.0,2.0,8.0,3.0,1.0,2.0,1.0,10.0,1.0,5.0,4.0,8.0,19.0,5.0,6.0,6.0,42.0,55.0,72.0,-18.349999999999998,2.0,9.0,0.0,4.0,0.0,1.0,3.0,9.0,4.0,2.0,3.0,2.0,11.0,2.0,1.0,5.0,9.0,1.0,6.0,7.0,1.0,0.0
10489,2.0,9.0,0.0,4.0,0.0,1.0,3.0,9.0,4.0,2.0,3.0,2.0,11.0,2.0,1.0,5.0,9.0,1.0,6.0,7.0,1.0,48.0,7.0,16.0,-22.62333333333333,2.0,9.0,0.0,4.0,2.0,1.0,4.0,1.0,5.0,1.0,4.0,3.0,12.0,3.0,2.0,1.0,10.0,2.0,7.0,8.0,2.0,0.0
10490,2.0,9.0,0.0,4.0,2.0,1.0,4.0,1.0,5.0,1.0,4.0,3.0,12.0,3.0,2.0,1.0,10.0,2.0,7.0,8.0,2.0,1.0,41.0,54.0,-19.921666666666663,4.0,9.0,2.0,4.0,2.0,0.0,1.0,2.0,6.0,2.0,5.0,4.0,13.0,4.0,1.0,2.0,1.0,3.0,8.0,9.0,3.0,0.0
10491,4.0,9.0,2.0,4.0,2.0,0.0,1.0,2.0,6.0,2.0,5.0,4.0,13.0,4.0,1.0,2.0,1.0,3.0,8.0,9.0,3.0,42.0,41.0,16.0,-315.14166666666665,2.0,9.0,4.0,4.0,4.0,0.0,2.0,3.0,7.0,1.0,6.0,5.0,14.0,5.0,1.0,3.0,2.0,4.0,9.0,10.0,4.0,0.0
10492,2.0,9.0,4.0,4.0,4.0,0.0,2.0,3.0,7.0,1.0,6.0,5.0,14.0,5.0,1.0,3.0,2.0,4.0,9.0,10.0,4.0,1.0,41.0,16.0,-27.81,4.0,9.0,6.0,4.0,6.0,0.0,1.0,4.0,8.0,1.0,7.0,6.0,15.0,6.0,1.0,4.0,3.0,5.0,10.0,11.0,5.0,0.0
10493,4.0,9.0,6.0,4.0,6.0,0.0,1.0,4.0,8.0,1.0,7.0,6.0,15.0,6.0,1.0,4.0,3.0,5.0,10.0,11.0,5.0,28.0,41.0,16.0,-28.741666666666667,4.0,9.0,8.0,4.0,8.0,0.0,2.0,5.0,9.0,1.0,8.0,1.0,16.0,7.0,1.0,5.0,4.0,6.0,11.0,12.0,6.0,0.0
10494,4.0,9.0,8.0,4.0,8.0,0.0,2.0,5.0,9.0,1.0,8.0,1.0,16.0,7.0,1.0,5.0,4.0,6.0,11.0,12.0,6.0,1.0,41.0,16.0,-39.55,6.0,9.0,9.0,4.0,9.0,0.0,1.0,6.0,10.0,1.0,9.0,2.0,17.0,8.0,1.0,6.0,5.0,7.0,12.0,13.0,7.0,0.0
10495,6.0,9.0,9.0,4.0,9.0,0.0,1.0,6.0,10.0,1.0,9.0,2.0,17.0,8.0,1.0,6.0,5.0,7.0,12.0,13.0,7.0,38.0,41.0,16.0,-38.48833333333334,6.0,9.0,9.0,4.0,9.0,0.0,2.0,7.0,11.0,1.0,10.0,3.0,18.0,1.0,1.0,7.0,6.0,8.0,13.0,14.0,8.0,0.0
10496,6.0,9.0,9.0,4.0,9.0,0.0,2.0,7.0,11.0,1.0,10.0,3.0,18.0,1.0,1.0,7.0,6.0,8.0,13.0,14.0,8.0,48.0,41.0,16.0,-37.028333333333336,6.0,9.0,9.0,4.0,9.0,0.0,3.0,8.0,12.0,1.0,11.0,4.0,19.0,2.0,1.0,1.0,7.0,9.0,14.0,15.0,9.0,0.0
10497,6.0,9.0,9.0,4.0,9.0,0.0,3.0,8.0,12.0,1.0,11.0,4.0,19.0,2.0,1.0,1.0,7.0,9.0,14.0,15.0,9.0,1.0,41.0,16.0,-43.43,8.0,9.0,9.0,4.0,9.0,0.0,1.0,9.0,13.0,1.0,12.0,5.0,20.0,3.0,1.0,2.0,8.0,10.0,15.0,16.0,10.0,0.0
10498,8.0,9.0,9.0,4.0,9.0,0.0,1.0,9.0,13.0,1.0,12.0,5.0,20.0,3.0,1.0,2.0,8.0,10.0,15.0,16.0,10.0,38.0,41.0,16.0,-40.84166666666667,8.0,9.0,9.0,4.0,9.0,0.0,2.0,10.0,14.0,1.0,13.0,6.0,21.0,1.0,1.0,3.0,9.0,11.0,16.0,17.0,11.0,0.0
10499,8.0,9.0,9.0,4.0,9.0,0.0,2.0,10.0,14.0,1.0,13.0,6.0,21.0,1.0,1.0,3.0,9.0,11.0,16.0,17.0,11.0,1.0,41.0,16.0,-46.535,9.0,9.0,9.0,4.0,9.0,0.0,1.0,11.0,15.0,1.0,14.0,7.0,22.0,2.0,1.0,4.0,10.0,12.0,17.0,18.0,12.0,1.0
10500,9.0,4.0,1.0,4.0,9.0,3.0,1.0,1.0,1.0,1.0,1.0,1.0,1.0,1.0,1.0,1.0,1.0,1.0,1.0,1.0,1.0,36.0,20.0,16.0,-22.104999999999997,9.0,4.0,1.0,4.0,9.0,3.0,2.0,2.0,2.0,1.0,1.0,2.0,2.0,1.0,2.0,2.0,2.0,2.0,2.0,2.0,2.0,0.0
10501,9.0,4.0,1.0,4.0,9.0,3.0,2.0,2.0,2.0,1.0,1.0,2.0,2.0,1.0,2.0,2.0,2.0,2.0,2.0,2.0,2.0,36.0,41.0,16.0,-18.65333333333333,9.0,4.0,3.0,4.0,9.0,3.0,3.0,3.0,3.0,1.0,2.0,3.0,3.0,1.0,1.0,3.0,3.0,3.0,3.0,3.0,3.0,0.0
10502,9.0,4.0,3.0,4.0,9.0,3.0,3.0,3.0,3.0,1.0,2.0,3.0,3.0,1.0,1.0,3.0,3.0,3.0,3.0,3.0,3.0,5.0,20.0,16.0,-18.78833333333333,9.0,4.0,3.0,4.0,9.0,3.0,4.0,1.0,4.0,1.0,1.0,4.0,4.0,2.0,2.0,4.0,4.0,4.0,4.0,4.0,4.0,0.0
10503,9.0,4.0,3.0,4.0,9.0,3.0,4.0,1.0,4.0,1.0,1.0,4.0,4.0,2.0,2.0,4.0,4.0,4.0,4.0,4.0,4.0,47.0,20.0,16.0,-322.17833333333334,7.0,4.0,3.0,4.0,9.0,3.0,5.0,2.0,5.0,1.0,1.0,5.0,5.0,3.0,3.0,1.0,5.0,5.0,5.0,5.0,5.0,0.0
10504,7.0,4.0,3.0,4.0,9.0,3.0,5.0,2.0,5.0,1.0,1.0,5.0,5.0,3.0,3.0,1.0,5.0,5.0,5.0,5.0,5.0,47.0,41.0,16.0,-19.279999999999998,5.0,4.0,5.0,4.0,9.0,3.0,6.0,3.0,6.0,1.0,2.0,6.0,6.0,4.0,1.0,1.0,6.0,6.0,6.0,6.0,6.0,0.0
10505,5.0,4.0,5.0,4.0,9.0,3.0,6.0,3.0,6.0,1.0,2.0,6.0,6.0,4.0,1.0,1.0,6.0,6.0,6.0,6.0,6.0,1.0,41.0,16.0,-23.311666666666664,7.0,4.0,7.0,4.0,9.0,3.0,1.0,4.0,7.0,1.0,3.0,7.0,7.0,5.0,1.0,2.0,7.0,7.0,7.0,7.0,7.0,0.0
10506,7.0,4.0,7.0,4.0,9.0,3.0,1.0,4.0,7.0,1.0,3.0,7.0,7.0,5.0,1.0,2.0,7.0,7.0,7.0,7.0,7.0,1.0,41.0,16.0,-29.691666666666666,9.0,4.0,9.0,4.0,9.0,3.0,1.0,5.0,8.0,1.0,4.0,8.0,8.0,6.0,1.0,3.0,8.0,8.0,8.0,8.0,8.0,0.0
10507,9.0,4.0,9.0,4.0,9.0,3.0,1.0,5.0,8.0,1.0,4.0,8.0,8.0,6.0,1.0,3.0,8.0,8.0,8.0,8.0,8.0,1.0,41.0,16.0,-30.491666666666667,9.0,4.0,9.0,4.0,9.0,3.0,1.0,6.0,9.0,1.0,5.0,9.0,9.0,7.0,1.0,4.0,9.0,9.0,9.0,9.0,9.0,0.0
10508,9.0,4.0,9.0,4.0,9.0,3.0,1.0,6.0,9.0,1.0,5.0,9.0,9.0,7.0,1.0,4.0,9.0,9.0,9.0,9.0,9.0,1.0,41.0,16.0,-31.291666666666664,9.0,4.0,9.0,4.0,9.0,3.0,1.0,7.0,10.0,1.0,6.0,10.0,10.0,8.0,1.0,5.0,10.0,10.0,10.0,10.0,10.0,0.0
10509,9.0,4.0,9.0,4.0,9.0,3.0,1.0,7.0,10.0,1.0,6.0,10.0,10.0,8.0,1.0,5.0,10.0,10.0,10.0,10.0,10.0,1.0,41.0,16.0,-32.09166666666667,9.0,4.0,9.0,4.0,9.0,3.0,1.0,8.0,11.0,1.0,7.0,11.0,11.0,9.0,1.0,6.0,11.0,11.0,11.0,11.0,11.0,0.0
10510,9.0,4.0,9.0,4.0,9.0,3.0,1.0,8.0,11.0,1.0,7.0,11.0,11.0,9.0,1.0,6.0,11.0,11.0,11.0,11.0,11.0,1.0,41.0,16.0,-32.891666666666666,9.0,4.0,9.0,4.0,9.0,3.0,1.0,9.0,12.0,1.0,8.0,12.0,12.0,10.0,1.0,7.0,12.0,12.0,12.0,12.0,12.0,0.0
10511,9.0,4.0,9.0,4.0,9.0,3.0,1.0,9.0,12.0,1.0,8.0,12.0,12.0,10.0,1.0,7.0,12.0,12.0,12.0,12.0,12.0,1.0,41.0,16.0,-33.69166666666666,9.0,4.0,9.0,4.0,9.0,3.0,1.0,10.0,13.0,1.0,9.0,13.0,13.0,11.0,1.0,8.0,13.0,13.0,13.0,13.0,13.0,0.0
10512,9.0,4.0,9.0,4.0,9.0,3.0,1.0,10.0,13.0,1.0,9.0,13.0,13.0,11.0,1.0,8.0,13.0,13.0,13.0,13.0,13.0,1.0,41.0,16.0,-34.49166666666667,9.0,4.0,9.0,4.0,9.0,3.0,1.0,11.0,14.0,1.0,10.0,14.0,14.0,12.0,1.0,9.0,14.0,14.0,14.0,14.0,14.0,0.0
10513,9.0,4.0,9.0,4.0,9.0,3.0,1.0,11.0,14.0,1.0,10.0,14.0,14.0,12.0,1.0,9.0,14.0,14.0,14.0,14.0,14.0,1.0,41.0,16.0,-35.291666666666664,9.0,4.0,9.0,4.0,9.0,3.0,1.0,12.0,15.0,1.0,11.0,15.0,15.0,13.0,1.0,10.0,15.0,15.0,15.0,15.0,15.0,0.0
10514,9.0,4.0,9.0,4.0,9.0,3.0,1.0,12.0,15.0,1.0,11.0,15.0,15.0,13.0,1.0,10.0,15.0,15.0,15.0,15.0,15.0,1.0,41.0,16.0,-36.09166666666667,9.0,4.0,9.0,4.0,9.0,3.0,1.0,13.0,16.0,1.0,12.0,16.0,16.0,14.0,1.0,11.0,16.0,16.0,16.0,16.0,16.0,0.0
10515,9.0,4.0,9.0,4.0,9.0,3.0,1.0,13.0,16.0,1.0,12.0,16.0,16.0,14.0,1.0,11.0,16.0,16.0,16.0,16.0,16.0,1.0,41.0,16.0,-36.891666666666666,9.0,4.0,9.0,4.0,9.0,3.0,1.0,14.0,17.0,1.0,13.0,17.0,17.0,15.0,1.0,12.0,17.0,17.0,17.0,17.0,17.0,0.0
10516,9.0,4.0,9.0,4.0,9.0,3.0,1.0,14.0,17.0,1.0,13.0,17.0,17.0,15.0,1.0,12.0,17.0,17.0,17.0,17.0,17.0,1.0,41.0,16.0,-37.69166666666666,9.0,4.0,9.0,4.0,9.0,3.0,1.0,15.0,18.0,1.0,14.0,18.0,18.0,16.0,1.0,13.0,18.0,18.0,18.0,18.0,18.0,0.0
10517,9.0,4.0,9.0,4.0,9.0,3.0,1.0,15.0,18.0,1.0,14.0,18.0,18.0,16.0,1.0,13.0,18.0,18.0,18.0,18.0,18.0,1.0,41.0,16.0,-38.49166666666667,9.0,4.0,9.0,4.0,9.0,3.0,1.0,16.0,19.0,1.0,15.0,19.0,19.0,17.0,1.0,14.0,19.0,19.0,19.0,19.0,19.0,0.0
10518,9.0,4.0,9.0,4.0,9.0,3.0,1.0,16.0,19.0,1.0,15.0,19.0,19.0,17.0,1.0,14.0,19.0,19.0,19.0,19.0,19.0,1.0,41.0,16.0,-39.291666666666664,9.0,4.0,9.0,4.0,9.0,3.0,1.0,17.0,20.0,1.0,16.0,20.0,20.0,18.0,1.0,15.0,20.0,20.0,20.0,20.0,20.0,0.0
10519,9.0,4.0,9.0,4.0,9.0,3.0,1.0,17.0,20.0,1.0,16.0,20.0,20.0,18.0,1.0,15.0,20.0,20.0,20.0,20.0,20.0,1.0,41.0,16.0,-40.09166666666667,9.0,4.0,9.0,4.0,9.0,3.0,1.0,18.0,21.0,1.0,17.0,21.0,21.0,19.0,1.0,16.0,21.0,21.0,21.0,21.0,21.0,0.0
10520,9.0,4.0,9.0,4.0,9.0,3.0,1.0,18.0,21.0,1.0,17.0,21.0,21.0,19.0,1.0,16.0,21.0,21.0,21.0,21.0,21.0,43.0,41.0,16.0,-38.013333333333335,9.0,6.0,9.0,4.0,9.0,3.0,2.0,19.0,22.0,1.0,18.0,22.0,22.0,20.0,1.0,17.0,22.0,22.0,22.0,22.0,22.0,0.0
10521,9.0,6.0,9.0,4.0,9.0,3.0,2.0,19.0,22.0,1.0,18.0,22.0,22.0,20.0,1.0,17.0,22.0,22.0,22.0,22.0,22.0,1.0,41.0,16.0,-44.17166666666667,9.0,6.0,9.0,4.0,9.0,3.0,1.0,20.0,23.0,1.0,19.0,23.0,23.0,21.0,1.0,18.0,23.0,23.0,23.0,23.0,23.0,0.0
10522,9.0,6.0,9.0,4.0,9.0,3.0,1.0,20.0,23.0,1.0,19.0,23.0,23.0,21.0,1.0,18.0,23.0,23.0,23.0,23.0,23.0,1.0,41.0,16.0,-44.971666666666664,9.0,6.0,9.0,4.0,9.0,3.0,1.0,21.0,24.0,1.0,20.0,24.0,24.0,22.0,1.0,19.0,24.0,24.0,24.0,24.0,24.0,0.0
10523,9.0,6.0,9.0,4.0,9.0,3.0,1.0,21.0,24.0,1.0,20.0,24.0,24.0,22.0,1.0,19.0,24.0,24.0,24.0,24.0,24.0,1.0,41.0,69.0,-37.88333333333333,9.0,6.0,9.0,4.0,9.0,1.0,1.0,22.0,25.0,2.0,21.0,25.0,25.0,23.0,1.0,20.0,25.0,25.0,25.0,1.0,25.0,0.0
10524,9.0,6.0,9.0,4.0,9.0,1.0,1.0,22.0,25.0,2.0,21.0,25.0,25.0,23.0,1.0,20.0,25.0,25.0,25.0,1.0,25.0,1.0,25.0,12.0,-31.298333333333332,9.0,6.0,9.0,4.0,7.0,1.0,1.0,23.0,1.0,3.0,22.0,1.0,26.0,24.0,2.0,21.0,26.0,26.0,26.0,2.0,26.0,0.0
10525,9.0,6.0,9.0,4.0,7.0,1.0,1.0,23.0,1.0,3.0,22.0,1.0,26.0,24.0,2.0,21.0,26.0,26.0,26.0,2.0,26.0,1.0,25.0,16.0,-40.025,9.0,6.0,9.0,4.0,9.0,1.0,1.0,24.0,2.0,1.0,23.0,1.0,27.0,25.0,3.0,22.0,27.0,27.0,27.0,3.0,27.0,0.0
10526,9.0,6.0,9.0,4.0,9.0,1.0,1.0,24.0,2.0,1.0,23.0,1.0,27.0,25.0,3.0,22.0,27.0,27.0,27.0,3.0,27.0,1.0,25.0,16.0,-40.825,9.0,6.0,9.0,4.0,9.0,1.0,1.0,25.0,3.0,1.0,24.0,1.0,28.0,26.0,4.0,23.0,28.0,28.0,28.0,4.0,28.0,0.0
10527,9.0,6.0,9.0,4.0,9.0,1.0,1.0,25.0,3.0,1.0,24.0,1.0,28.0,26.0,4.0,23.0,28.0,28.0,28.0,4.0,28.0,1.0,25.0,16.0,-41.625,9.0,6.0,9.0,4.0,9.0,1.0,1.0,26.0,4.0,1.0,25.0,1.0,29.0,27.0,5.0,24.0,29.0,29.0,29.0,5.0,29.0,0.0
10528,9.0,6.0,9.0,4.0,9.0,1.0,1.0,26.0,4.0,1.0,25.0,1.0,29.0,27.0,5.0,24.0,29.0,29.0,29.0,5.0,29.0,1.0,25.0,16.0,-42.425,9.0,6.0,9.0,4.0,9.0,1.0,1.0,27.0,5.0,1.0,26.0,1.0,30.0,28.0,6.0,25.0,30.0,30.0,30.0,6.0,30.0,0.0
10529,9.0,6.0,9.0,4.0,9.0,1.0,1.0,27.0,5.0,1.0,26.0,1.0,30.0,28.0,6.0,25.0,30.0,30.0,30.0,6.0,30.0,1.0,25.0,20.0,-30.86333333333333,9.0,6.0,9.0,4.0,9.0,1.0,1.0,28.0,6.0,2.0,1.0,1.0,31.0,29.0,7.0,26.0,31.0,31.0,31.0,7.0,31.0,0.0
10530,9.0,6.0,9.0,4.0,9.0,1.0,1.0,28.0,6.0,2.0,1.0,1.0,31.0,29.0,7.0,26.0,31.0,31.0,31.0,7.0,31.0,38.0,25.0,72.0,-35.70166666666667,9.0,8.0,9.0,4.0,7.0,1.0,2.0,29.0,7.0,3.0,2.0,1.0,32.0,1.0,8.0,27.0,32.0,32.0,32.0,8.0,1.0,0.0
10531,9.0,8.0,9.0,4.0,7.0,1.0,2.0,29.0,7.0,3.0,2.0,1.0,32.0,1.0,8.0,27.0,32.0,32.0,32.0,8.0,1.0,48.0,9.0,72.0,-34.916666666666664,9.0,9.0,9.0,2.0,5.0,1.0,3.0,1.0,8.0,4.0,3.0,2.0,33.0,2.0,9.0,1.0,33.0,33.0,33.0,9.0,1.0,0.0
10532,9.0,9.0,9.0,2.0,5.0,1.0,3.0,1.0,8.0,4.0,3.0,2.0,33.0,2.0,9.0,1.0,33.0,33.0,33.0,9.0,1.0,15.0,34.0,54.0,-22.569999999999997,9.0,9.0,9.0,0.0,5.0,0.0,4.0,2.0,9.0,1.0,4.0,3.0,1.0,3.0,10.0,2.0,1.0,34.0,34.0,10.0,2.0,0.0
10533,9.0,9.0,9.0,0.0,5.0,0.0,4.0,2.0,9.0,1.0,4.0,3.0,1.0,3.0,10.0,2.0,1.0,34.0,34.0,10.0,2.0,15.0,79.0,69.0,-23.766666666666666,9.0,9.0,9.0,0.0,5.0,0.0,5.0,3.0,10.0,1.0,5.0,4.0,2.0,4.0,11.0,3.0,2.0,35.0,35.0,1.0,3.0,0.0
10534,9.0,9.0,9.0,0.0,5.0,0.0,5.0,3.0,10.0,1.0,5.0,4.0,2.0,4.0,11.0,3.0,2.0,35.0,35.0,1.0,3.0,15.0,25.0,63.0,-28.764999999999993,9.0,9.0,9.0,0.0,5.0,2.0,6.0,4.0,11.0,1.0,6.0,1.0,3.0,5.0,12.0,4.0,3.0,36.0,1.0,2.0,4.0,0.0
10535,9.0,9.0,9.0,0.0,5.0,2.0,6.0,4.0,11.0,1.0,6.0,1.0,3.0,5.0,12.0,4.0,3.0,36.0,1.0,2.0,4.0,12.0,25.0,59.0,-24.70499999999999,7.0,9.0,9.0,0.0,5.0,0.0,7.0,5.0,1.0,2.0,7.0,1.0,4.0,6.0,13.0,5.0,4.0,1.0,2.0,3.0,5.0,0.0
10536,7.0,9.0,9.0,0.0,5.0,0.0,7.0,5.0,1.0,2.0,7.0,1.0,4.0,6.0,13.0,5.0,4.0,1.0,2.0,3.0,5.0,0.0,79.0,17.0,-23.71,7.0,9.0,9.0,0.0,3.0,0.0,1.0,6.0,2.0,1.0,8.0,2.0,5.0,7.0,14.0,6.0,5.0,2.0,3.0,4.0,6.0,0.0
10537,7.0,9.0,9.0,0.0,3.0,0.0,1.0,6.0,2.0,1.0,8.0,2.0,5.0,7.0,14.0,6.0,5.0,2.0,3.0,4.0,6.0,42.0,79.0,16.0,-13.945,5.0,9.0,9.0,0.0,5.0,0.0,2.0,7.0,3.0,1.0,9.0,3.0,6.0,8.0,1.0,7.0,6.0,3.0,4.0,5.0,7.0,0.0
10538,5.0,9.0,9.0,0.0,5.0,0.0,2.0,7.0,3.0,1.0,9.0,3.0,6.0,8.0,1.0,7.0,6.0,3.0,4.0,5.0,7.0,70.0,79.0,13.0,-11.023333333333333,5.0,9.0,9.0,0.0,5.0,2.0,3.0,8.0,1.0,2.0,10.0,4.0,7.0,9.0,2.0,8.0,7.0,4.0,5.0,6.0,1.0,0.0
10539,5.0,9.0,9.0,0.0,5.0,2.0,3.0,8.0,1.0,2.0,10.0,4.0,7.0,9.0,2.0,8.0,7.0,4.0,5.0,6.0,1.0,4.0,79.0,13.0,-13.92666666666667,5.0,7.0,9.0,0.0,5.0,4.0,1.0,9.0,1.0,3.0,11.0,5.0,8.0,10.0,3.0,9.0,8.0,5.0,6.0,7.0,2.0,0.0
10540,5.0,7.0,9.0,0.0,5.0,4.0,1.0,9.0,1.0,3.0,11.0,5.0,8.0,10.0,3.0,9.0,8.0,5.0,6.0,7.0,2.0,4.0,79.0,13.0,-10.453333333333333,5.0,5.0,9.0,0.0,5.0,6.0,1.0,10.0,1.0,4.0,12.0,6.0,9.0,11.0,4.0,10.0,9.0,6.0,7.0,8.0,3.0,0.0
10541,5.0,5.0,9.0,0.0,5.0,6.0,1.0,10.0,1.0,4.0,12.0,6.0,9.0,11.0,4.0,10.0,9.0,6.0,7.0,8.0,3.0,48.0,79.0,13.0,-11.495,5.0,7.0,9.0,0.0,5.0,8.0,2.0,11.0,1.0,5.0,13.0,7.0,10.0,12.0,5.0,1.0,10.0,7.0,8.0,9.0,4.0,0.0
10542,5.0,7.0,9.0,0.0,5.0,8.0,2.0,11.0,1.0,5.0,13.0,7.0,10.0,12.0,5.0,1.0,10.0,7.0,8.0,9.0,4.0,38.0,79.0,13.0,-18.293333333333333,5.0,9.0,9.0,0.0,5.0,9.0,3.0,12.0,1.0,6.0,14.0,8.0,11.0,1.0,6.0,2.0,11.0,8.0,9.0,10.0,5.0,0.0
10543,5.0,9.0,9.0,0.0,5.0,9.0,3.0,12.0,1.0,6.0,14.0,8.0,11.0,1.0,6.0,2.0,11.0,8.0,9.0,10.0,5.0,4.0,32.0,52.0,-17.936666666666667,5.0,7.0,7.0,0.0,3.0,9.0,1.0,13.0,2.0,7.0,15.0,9.0,1.0,2.0,7.0,3.0,1.0,9.0,10.0,11.0,6.0,0.0
10544,5.0,7.0,7.0,0.0,3.0,9.0,1.0,13.0,2.0,7.0,15.0,9.0,1.0,2.0,7.0,3.0,1.0,9.0,10.0,11.0,6.0,14.0,79.0,32.0,-28.191666666666663,5.0,5.0,7.0,0.0,1.0,9.0,2.0,14.0,1.0,8.0,16.0,10.0,1.0,3.0,8.0,4.0,2.0,10.0,11.0,12.0,7.0,0.0
10545,5.0,5.0,7.0,0.0,1.0,9.0,2.0,14.0,1.0,8.0,16.0,10.0,1.0,3.0,8.0,4.0,2.0,10.0,11.0,12.0,7.0,14.0,79.0,32.0,-33.553333333333335,5.0,3.0,7.0,0.0,0.0,9.0,3.0,15.0,1.0,9.0,17.0,11.0,1.0,4.0,9.0,5.0,3.0,11.0,12.0,13.0,8.0,0.0
10546,5.0,3.0,7.0,0.0,0.0,9.0,3.0,15.0,1.0,9.0,17.0,11.0,1.0,4.0,9.0,5.0,3.0,11.0,12.0,13.0,8.0,14.0,79.0,32.0,-37.52,5.0,1.0,7.0,0.0,0.0,9.0,4.0,16.0,1.0,10.0,18.0,12.0,1.0,5.0,10.0,6.0,4.0,12.0,13.0,14.0,9.0,0.0
10547,5.0,1.0,7.0,0.0,0.0,9.0,4.0,16.0,1.0,10.0,18.0,12.0,1.0,5.0,10.0,6.0,4.0,12.0,13.0,14.0,9.0,14.0,79.0,32.0,-40.40166666666667,5.0,0.0,7.0,0.0,0.0,9.0,5.0,17.0,1.0,11.0,19.0,13.0,1.0,6.0,11.0,7.0,5.0,13.0,14.0,15.0,10.0,0.0
10548,5.0,0.0,7.0,0.0,0.0,9.0,5.0,17.0,1.0,11.0,19.0,13.0,1.0,6.0,11.0,7.0,5.0,13.0,14.0,15.0,10.0,14.0,79.0,32.0,-41.26833333333334,5.0,0.0,7.0,0.0,0.0,9.0,6.0,18.0,1.0,12.0,20.0,14.0,1.0,7.0,12.0,8.0,6.0,14.0,15.0,16.0,11.0,0.0
10549,5.0,0.0,7.0,0.0,0.0,9.0,6.0,18.0,1.0,12.0,20.0,14.0,1.0,7.0,12.0,8.0,6.0,14.0,15.0,16.0,11.0,71.0,79.0,32.0,-47.513333333333335,7.0,0.0,7.0,0.0,0.0,9.0,7.0,19.0,2.0,13.0,21.0,15.0,1.0,8.0,13.0,9.0,7.0,15.0,16.0,17.0,1.0,0.0
10550,7.0,0.0,7.0,0.0,0.0,9.0,7.0,19.0,2.0,13.0,21.0,15.0,1.0,8.0,13.0,9.0,7.0,15.0,16.0,17.0,1.0,14.0,79.0,32.0,-42.26833333333334,7.0,0.0,7.0,0.0,0.0,9.0,8.0,20.0,1.0,14.0,22.0,16.0,1.0,9.0,14.0,10.0,8.0,16.0,17.0,18.0,2.0,0.0
10551,7.0,0.0,7.0,0.0,0.0,9.0,8.0,20.0,1.0,14.0,22.0,16.0,1.0,9.0,14.0,10.0,8.0,16.0,17.0,18.0,2.0,14.0,79.0,32.0,-43.135000000000005,7.0,0.0,7.0,0.0,0.0,9.0,9.0,21.0,1.0,15.0,23.0,17.0,1.0,10.0,15.0,11.0,9.0,17.0,18.0,19.0,3.0,0.0
10552,7.0,0.0,7.0,0.0,0.0,9.0,9.0,21.0,1.0,15.0,23.0,17.0,1.0,10.0,15.0,11.0,9.0,17.0,18.0,19.0,3.0,14.0,79.0,32.0,-44.00166666666667,7.0,0.0,7.0,0.0,0.0,9.0,10.0,22.0,1.0,16.0,24.0,18.0,1.0,11.0,16.0,12.0,10.0,18.0,19.0,20.0,4.0,0.0
10553,7.0,0.0,7.0,0.0,0.0,9.0,10.0,22.0,1.0,16.0,24.0,18.0,1.0,11.0,16.0,12.0,10.0,18.0,19.0,20.0,4.0,14.0,79.0,32.0,-44.86833333333334,7.0,0.0,7.0,0.0,0.0,9.0,11.0,23.0,1.0,17.0,25.0,19.0,1.0,12.0,17.0,13.0,11.0,19.0,20.0,21.0,5.0,0.0
10554,7.0,0.0,7.0,0.0,0.0,9.0,11.0,23.0,1.0,17.0,25.0,19.0,1.0,12.0,17.0,13.0,11.0,19.0,20.0,21.0,5.0,14.0,79.0,51.0,-27.08833333333333,7.0,0.0,7.0,0.0,2.0,9.0,12.0,24.0,1.0,18.0,26.0,20.0,2.0,13.0,18.0,14.0,1.0,20.0,21.0,22.0,6.0,0.0
10555,7.0,0.0,7.0,0.0,2.0,9.0,12.0,24.0,1.0,18.0,26.0,20.0,2.0,13.0,18.0,14.0,1.0,20.0,21.0,22.0,6.0,14.0,79.0,32.0,-45.86833333333334,7.0,0.0,7.0,0.0,0.0,9.0,13.0,25.0,1.0,19.0,27.0,21.0,1.0,14.0,19.0,15.0,2.0,21.0,22.0,23.0,7.0,0.0
10556,7.0,0.0,7.0,0.0,0.0,9.0,13.0,25.0,1.0,19.0,27.0,21.0,1.0,14.0,19.0,15.0,2.0,21.0,22.0,23.0,7.0,14.0,79.0,32.0,-46.735,7.0,0.0,7.0,0.0,0.0,9.0,14.0,26.0,1.0,20.0,28.0,22.0,1.0,15.0,20.0,16.0,3.0,22.0,23.0,24.0,8.0,0.0
10557,7.0,0.0,7.0,0.0,0.0,9.0,14.0,26.0,1.0,20.0,28.0,22.0,1.0,15.0,20.0,16.0,3.0,22.0,23.0,24.0,8.0,39.0,79.0,32.0,-39.22833333333334,7.0,0.0,7.0,0.0,0.0,9.0,15.0,27.0,2.0,21.0,29.0,23.0,1.0,1.0,21.0,17.0,4.0,23.0,24.0,25.0,9.0,0.0
10558,7.0,0.0,7.0,0.0,0.0,9.0,15.0,27.0,2.0,21.0,29.0,23.0,1.0,1.0,21.0,17.0,4.0,23.0,24.0,25.0,9.0,14.0,68.0,32.0,-47.971666666666664,7.0,0.0,7.0,2.0,0.0,9.0,16.0,28.0,1.0,22.0,30.0,24.0,1.0,2.0,22.0,18.0,5.0,24.0,25.0,1.0,10.0,0.0
10559,7.0,0.0,7.0,2.0,0.0,9.0,16.0,28.0,1.0,22.0,30.0,24.0,1.0,2.0,22.0,18.0,5.0,24.0,25.0,1.0,10.0,14.0,25.0,32.0,-46.77333333333333,7.0,0.0,7.0,2.0,0.0,9.0,17.0,29.0,1.0,23.0,31.0,1.0,1.0,3.0,23.0,19.0,6.0,25.0,26.0,2.0,11.0,0.0
10560,7.0,0.0,7.0,2.0,0.0,9.0,17.0,29.0,1.0,23.0,31.0,1.0,1.0,3.0,23.0,19.0,6.0,25.0,26.0,2.0,11.0,17.0,25.0,32.0,-46.41666666666667,5.0,0.0,7.0,2.0,0.0,9.0,18.0,30.0,2.0,1.0,32.0,1.0,1.0,4.0,24.0,20.0,7.0,26.0,27.0,3.0,12.0,0.0
10561,5.0,0.0,7.0,2.0,0.0,9.0,18.0,30.0,2.0,1.0,32.0,1.0,1.0,4.0,24.0,20.0,7.0,26.0,27.0,3.0,12.0,14.0,25.0,51.0,-28.459999999999997,5.0,0.0,7.0,2.0,2.0,9.0,19.0,31.0,1.0,2.0,33.0,1.0,2.0,5.0,25.0,21.0,1.0,27.0,28.0,4.0,13.0,0.0
10562,5.0,0.0,7.0,2.0,2.0,9.0,19.0,31.0,1.0,2.0,33.0,1.0,2.0,5.0,25.0,21.0,1.0,27.0,28.0,4.0,13.0,14.0,68.0,32.0,-46.19833333333334,5.0,0.0,7.0,4.0,0.0,9.0,20.0,32.0,1.0,3.0,34.0,2.0,1.0,6.0,26.0,22.0,2.0,28.0,29.0,1.0,14.0,0.0
10563,5.0,0.0,7.0,4.0,0.0,9.0,20.0,32.0,1.0,3.0,34.0,2.0,1.0,6.0,26.0,22.0,2.0,28.0,29.0,1.0,14.0,14.0,68.0,32.0,-46.998333333333335,5.0,0.0,7.0,6.0,0.0,9.0,21.0,33.0,1.0,4.0,35.0,3.0,1.0,7.0,27.0,23.0,3.0,29.0,30.0,1.0,15.0,0.0
10564,5.0,0.0,7.0,6.0,0.0,9.0,21.0,33.0,1.0,4.0,35.0,3.0,1.0,7.0,27.0,23.0,3.0,29.0,30.0,1.0,15.0,14.0,68.0,32.0,-49.03833333333333,5.0,0.0,7.0,8.0,0.0,9.0,22.0,34.0,1.0,5.0,36.0,4.0,1.0,8.0,28.0,24.0,4.0,30.0,31.0,1.0,16.0,0.0
10565,5.0,0.0,7.0,8.0,0.0,9.0,22.0,34.0,1.0,5.0,36.0,4.0,1.0,8.0,28.0,24.0,4.0,30.0,31.0,1.0,16.0,14.0,68.0,51.0,-32.74333333333333,5.0,0.0,7.0,9.0,2.0,9.0,23.0,35.0,1.0,6.0,37.0,5.0,2.0,9.0,29.0,25.0,1.0,31.0,32.0,1.0,17.0,0.0
10566,5.0,0.0,7.0,9.0,2.0,9.0,23.0,35.0,1.0,6.0,37.0,5.0,2.0,9.0,29.0,25.0,1.0,31.0,32.0,1.0,17.0,14.0,68.0,32.0,-51.45666666666668,5.0,0.0,7.0,9.0,0.0,9.0,24.0,36.0,1.0,7.0,38.0,6.0,1.0,10.0,30.0,26.0,2.0,32.0,33.0,1.0,18.0,0.0
10567,5.0,0.0,7.0,9.0,0.0,9.0,24.0,36.0,1.0,7.0,38.0,6.0,1.0,10.0,30.0,26.0,2.0,32.0,33.0,1.0,18.0,14.0,68.0,51.0,-34.209999999999994,5.0,0.0,7.0,9.0,2.0,9.0,25.0,37.0,1.0,8.0,39.0,7.0,2.0,11.0,31.0,27.0,1.0,33.0,34.0,1.0,19.0,0.0
10568,5.0,0.0,7.0,9.0,2.0,9.0,25.0,37.0,1.0,8.0,39.0,7.0,2.0,11.0,31.0,27.0,1.0,33.0,34.0,1.0,19.0,14.0,68.0,32.0,-52.92333333333334,5.0,0.0,7.0,9.0,0.0,9.0,26.0,38.0,1.0,9.0,40.0,8.0,1.0,12.0,32.0,28.0,2.0,34.0,35.0,1.0,20.0,0.0
10569,5.0,0.0,7.0,9.0,0.0,9.0,26.0,38.0,1.0,9.0,40.0,8.0,1.0,12.0,32.0,28.0,2.0,34.0,35.0,1.0,20.0,14.0,49.0,51.0,-37.13166666666666,5.0,0.0,7.0,7.0,2.0,9.0,27.0,39.0,1.0,10.0,41.0,9.0,2.0,13.0,33.0,1.0,1.0,35.0,36.0,2.0,21.0,0.0
10570,5.0,0.0,7.0,7.0,2.0,9.0,27.0,39.0,1.0,10.0,41.0,9.0,2.0,13.0,33.0,1.0,1.0,35.0,36.0,2.0,21.0,22.0,40.0,51.0,-26.156666666666666,3.0,0.0,7.0,7.0,4.0,9.0,28.0,40.0,2.0,11.0,1.0,10.0,3.0,14.0,1.0,2.0,1.0,36.0,37.0,3.0,22.0,0.0
10571,3.0,0.0,7.0,7.0,4.0,9.0,28.0,40.0,2.0,11.0,1.0,10.0,3.0,14.0,1.0,2.0,1.0,36.0,37.0,3.0,22.0,77.0,25.0,9.0,-18.08833333333333,1.0,0.0,7.0,7.0,4.0,7.0,29.0,1.0,3.0,12.0,2.0,1.0,4.0,15.0,2.0,3.0,2.0,37.0,38.0,4.0,23.0,0.0
10572,1.0,0.0,7.0,7.0,4.0,7.0,29.0,1.0,3.0,12.0,2.0,1.0,4.0,15.0,2.0,3.0,2.0,37.0,38.0,4.0,23.0,39.0,0.0,72.0,-20.976666666666667,1.0,0.0,7.0,7.0,2.0,7.0,1.0,2.0,4.0,13.0,3.0,2.0,5.0,1.0,3.0,4.0,3.0,38.0,39.0,5.0,1.0,0.0
10573,1.0,0.0,7.0,7.0,2.0,7.0,1.0,2.0,4.0,13.0,3.0,2.0,5.0,1.0,3.0,4.0,3.0,38.0,39.0,5.0,1.0,15.0,25.0,55.0,-13.328333333333333,1.0,0.0,7.0,7.0,2.0,7.0,2.0,3.0,5.0,1.0,4.0,1.0,6.0,2.0,4.0,5.0,4.0,1.0,40.0,6.0,2.0,0.0
10574,1.0,0.0,7.0,7.0,2.0,7.0,2.0,3.0,5.0,1.0,4.0,1.0,6.0,2.0,4.0,5.0,4.0,1.0,40.0,6.0,2.0,77.0,67.0,60.0,-12.191666666666666,0.0,0.0,5.0,7.0,2.0,7.0,3.0,4.0,6.0,2.0,5.0,2.0,7.0,3.0,5.0,6.0,5.0,2.0,1.0,1.0,3.0,0.0
10575,0.0,0.0,5.0,7.0,2.0,7.0,3.0,4.0,6.0,2.0,5.0,2.0,7.0,3.0,5.0,6.0,5.0,2.0,1.0,1.0,3.0,48.0,24.0,51.0,-6.855,0.0,2.0,5.0,5.0,4.0,7.0,4.0,5.0,7.0,3.0,1.0,3.0,8.0,4.0,6.0,1.0,1.0,3.0,2.0,2.0,4.0,0.0
10576,0.0,2.0,5.0,5.0,4.0,7.0,4.0,5.0,7.0,3.0,1.0,3.0,8.0,4.0,6.0,1.0,1.0,3.0,2.0,2.0,4.0,4.0,40.0,51.0,-8.671666666666667,0.0,0.0,5.0,5.0,6.0,7.0,1.0,6.0,8.0,4.0,2.0,4.0,9.0,5.0,1.0,2.0,1.0,4.0,3.0,3.0,5.0,0.0
10577,0.0,0.0,5.0,5.0,6.0,7.0,1.0,6.0,8.0,4.0,2.0,4.0,9.0,5.0,1.0,2.0,1.0,4.0,3.0,3.0,5.0,48.0,40.0,13.0,-6.7683333333333335,0.0,2.0,5.0,5.0,6.0,9.0,2.0,7.0,1.0,5.0,3.0,5.0,10.0,6.0,1.0,1.0,2.0,5.0,4.0,4.0,6.0,0.0
10578,0.0,2.0,5.0,5.0,6.0,9.0,2.0,7.0,1.0,5.0,3.0,5.0,10.0,6.0,1.0,1.0,2.0,5.0,4.0,4.0,6.0,48.0,40.0,53.0,-11.376666666666665,0.0,4.0,5.0,5.0,6.0,9.0,3.0,8.0,2.0,6.0,4.0,6.0,11.0,7.0,1.0,1.0,1.0,6.0,5.0,5.0,7.0,0.0
10579,0.0,4.0,5.0,5.0,6.0,9.0,3.0,8.0,2.0,6.0,4.0,6.0,11.0,7.0,1.0,1.0,1.0,6.0,5.0,5.0,7.0,47.0,40.0,53.0,-12.176666666666666,0.0,4.0,5.0,5.0,6.0,9.0,4.0,9.0,3.0,7.0,5.0,7.0,12.0,8.0,1.0,1.0,1.0,7.0,6.0,6.0,8.0,0.0
10580,0.0,4.0,5.0,5.0,6.0,9.0,4.0,9.0,3.0,7.0,5.0,7.0,12.0,8.0,1.0,1.0,1.0,7.0,6.0,6.0,8.0,47.0,40.0,67.0,-10.783333333333335,0.0,4.0,5.0,5.0,4.0,9.0,5.0,10.0,4.0,8.0,6.0,8.0,13.0,9.0,1.0,1.0,2.0,8.0,7.0,1.0,9.0,0.0
10581,0.0,4.0,5.0,5.0,4.0,9.0,5.0,10.0,4.0,8.0,6.0,8.0,13.0,9.0,1.0,1.0,2.0,8.0,7.0,1.0,9.0,53.0,40.0,9.0,-15.876666666666665,0.0,6.0,5.0,5.0,4.0,7.0,6.0,1.0,5.0,9.0,7.0,9.0,14.0,10.0,1.0,2.0,1.0,9.0,8.0,2.0,10.0,0.0
10582,0.0,6.0,5.0,5.0,4.0,7.0,6.0,1.0,5.0,9.0,7.0,9.0,14.0,10.0,1.0,2.0,1.0,9.0,8.0,2.0,10.0,47.0,40.0,67.0,-12.203333333333333,0.0,6.0,5.0,5.0,2.0,7.0,7.0,2.0,6.0,10.0,8.0,10.0,15.0,11.0,1.0,1.0,2.0,10.0,9.0,1.0,11.0,0.0
10583,0.0,6.0,5.0,5.0,2.0,7.0,7.0,2.0,6.0,10.0,8.0,10.0,15.0,11.0,1.0,1.0,2.0,10.0,9.0,1.0,11.0,47.0,40.0,52.0,-14.796666666666667,0.0,6.0,5.0,5.0,0.0,7.0,8.0,3.0,7.0,11.0,9.0,11.0,16.0,12.0,1.0,1.0,1.0,11.0,10.0,2.0,12.0,0.0
10584,0.0,6.0,5.0,5.0,0.0,7.0,8.0,3.0,7.0,11.0,9.0,11.0,16.0,12.0,1.0,1.0,1.0,11.0,10.0,2.0,12.0,47.0,40.0,52.0,-15.596666666666666,0.0,6.0,5.0,5.0,0.0,7.0,9.0,4.0,8.0,12.0,10.0,12.0,17.0,13.0,1.0,1.0,1.0,12.0,11.0,3.0,13.0,0.0
10585,0.0,6.0,5.0,5.0,0.0,7.0,9.0,4.0,8.0,12.0,10.0,12.0,17.0,13.0,1.0,1.0,1.0,12.0,11.0,3.0,13.0,47.0,40.0,52.0,-16.39666666666667,0.0,6.0,5.0,5.0,0.0,7.0,10.0,5.0,9.0,13.0,11.0,13.0,18.0,14.0,1.0,1.0,1.0,13.0,12.0,4.0,14.0,0.0
10586,0.0,6.0,5.0,5.0,0.0,7.0,10.0,5.0,9.0,13.0,11.0,13.0,18.0,14.0,1.0,1.0,1.0,13.0,12.0,4.0,14.0,47.0,40.0,52.0,-17.196666666666665,0.0,6.0,5.0,5.0,0.0,7.0,11.0,6.0,10.0,14.0,12.0,14.0,19.0,15.0,1.0,1.0,1.0,14.0,13.0,5.0,15.0,0.0
10587,0.0,6.0,5.0,5.0,0.0,7.0,11.0,6.0,10.0,14.0,12.0,14.0,19.0,15.0,1.0,1.0,1.0,14.0,13.0,5.0,15.0,47.0,40.0,28.0,-25.654999999999998,0.0,6.0,5.0,5.0,0.0,9.0,12.0,7.0,11.0,15.0,13.0,1.0,20.0,16.0,1.0,1.0,2.0,15.0,14.0,6.0,16.0,0.0
10588,0.0,6.0,5.0,5.0,0.0,9.0,12.0,7.0,11.0,15.0,13.0,1.0,20.0,16.0,1.0,1.0,2.0,15.0,14.0,6.0,16.0,47.0,38.0,67.0,-24.03666666666666,0.0,6.0,5.0,7.0,0.0,9.0,13.0,8.0,12.0,16.0,14.0,2.0,21.0,1.0,2.0,1.0,3.0,16.0,15.0,1.0,17.0,0.0
10589,0.0,6.0,5.0,7.0,0.0,9.0,13.0,8.0,12.0,16.0,14.0,2.0,21.0,1.0,2.0,1.0,3.0,16.0,15.0,1.0,17.0,48.0,40.0,9.0,-26.318333333333335,0.0,8.0,5.0,7.0,0.0,7.0,14.0,1.0,13.0,17.0,15.0,3.0,22.0,2.0,1.0,1.0,4.0,17.0,16.0,2.0,18.0,0.0
10590,0.0,8.0,5.0,7.0,0.0,7.0,14.0,1.0,13.0,17.0,15.0,3.0,22.0,2.0,1.0,1.0,4.0,17.0,16.0,2.0,18.0,47.0,40.0,67.0,-20.076666666666668,0.0,8.0,5.0,7.0,0.0,7.0,15.0,2.0,14.0,18.0,16.0,4.0,23.0,3.0,1.0,1.0,5.0,18.0,17.0,1.0,19.0,0.0
10591,0.0,8.0,5.0,7.0,0.0,7.0,15.0,2.0,14.0,18.0,16.0,4.0,23.0,3.0,1.0,1.0,5.0,18.0,17.0,1.0,19.0,0.0,40.0,9.0,-28.866666666666667,0.0,8.0,5.0,7.0,0.0,5.0,1.0,1.0,15.0,19.0,17.0,5.0,24.0,4.0,1.0,2.0,6.0,19.0,18.0,2.0,20.0,0.0
10592,0.0,8.0,5.0,7.0,0.0,5.0,1.0,1.0,15.0,19.0,17.0,5.0,24.0,4.0,1.0,2.0,6.0,19.0,18.0,2.0,20.0,52.0,40.0,13.0,-20.96,0.0,8.0,5.0,7.0,0.0,7.0,2.0,2.0,1.0,20.0,18.0,6.0,25.0,5.0,1.0,3.0,1.0,20.0,19.0,3.0,21.0,0.0
10593,0.0,8.0,5.0,7.0,0.0,7.0,2.0,2.0,1.0,20.0,18.0,6.0,25.0,5.0,1.0,3.0,1.0,20.0,19.0,3.0,21.0,33.0,40.0,67.0,-36.45666666666666,0.0,9.0,5.0,7.0,0.0,7.0,3.0,3.0,2.0,21.0,19.0,7.0,1.0,6.0,1.0,4.0,2.0,21.0,20.0,1.0,22.0,0.0
10594,0.0,9.0,5.0,7.0,0.0,7.0,3.0,3.0,2.0,21.0,19.0,7.0,1.0,6.0,1.0,4.0,2.0,21.0,20.0,1.0,22.0,19.0,57.0,13.0,-15.148333333333335,0.0,7.0,3.0,7.0,0.0,9.0,4.0,4.0,1.0,1.0,20.0,8.0,2.0,7.0,2.0,5.0,3.0,1.0,21.0,2.0,23.0,0.0
10595,0.0,7.0,3.0,7.0,0.0,9.0,4.0,4.0,1.0,1.0,20.0,8.0,2.0,7.0,2.0,5.0,3.0,1.0,21.0,2.0,23.0,19.0,76.0,51.0,-12.781666666666666,0.0,5.0,5.0,7.0,2.0,9.0,5.0,5.0,2.0,1.0,21.0,9.0,3.0,8.0,3.0,6.0,1.0,2.0,22.0,3.0,24.0,0.0
10596,0.0,5.0,5.0,7.0,2.0,9.0,5.0,5.0,2.0,1.0,21.0,9.0,3.0,8.0,3.0,6.0,1.0,2.0,22.0,3.0,24.0,1.0,76.0,51.0,-15.086666666666666,2.0,5.0,7.0,7.0,4.0,9.0,1.0,6.0,3.0,2.0,22.0,10.0,4.0,9.0,4.0,7.0,1.0,3.0,23.0,4.0,25.0,0.0
10597,2.0,5.0,7.0,7.0,4.0,9.0,1.0,6.0,3.0,2.0,22.0,10.0,4.0,9.0,4.0,7.0,1.0,3.0,23.0,4.0,25.0,1.0,76.0,13.0,-13.185,4.0,5.0,9.0,7.0,4.0,9.0,1.0,7.0,1.0,3.0,23.0,11.0,5.0,10.0,5.0,8.0,2.0,4.0,24.0,5.0,26.0,0.0
10598,4.0,5.0,9.0,7.0,4.0,9.0,1.0,7.0,1.0,3.0,23.0,11.0,5.0,10.0,5.0,8.0,2.0,4.0,24.0,5.0,26.0,25.0,76.0,51.0,-16.418333333333333,4.0,5.0,9.0,7.0,6.0,9.0,2.0,8.0,2.0,4.0,24.0,1.0,6.0,11.0,6.0,9.0,1.0,5.0,25.0,6.0,27.0,0.0
10599,4.0,5.0,9.0,7.0,6.0,9.0,2.0,8.0,2.0,4.0,24.0,1.0,6.0,11.0,6.0,9.0,1.0,5.0,25.0,6.0,27.0,47.0,33.0,21.0,-21.173333333333332,2.0,5.0,9.0,9.0,8.0,9.0,3.0,9.0,3.0,5.0,1.0,2.0,1.0,12.0,7.0,1.0,2.0,6.0,26.0,7.0,28.0,1.0
10600,1.0,5.0,1.0,1.0,7.0,1.0,1.0,1.0,1.0,1.0,1.0,1.0,1.0,1.0,1.0,1.0,1.0,1.0,1.0,1.0,1.0,70.0,2.0,13.0,-7.845,1.0,5.0,0.0,1.0,7.0,3.0,1.0,2.0,1.0,2.0,2.0,2.0,2.0,2.0,2.0,2.0,2.0,2.0,2.0,2.0,1.0,0.0
10601,1.0,5.0,0.0,1.0,7.0,3.0,1.0,2.0,1.0,2.0,2.0,2.0,2.0,2.0,2.0,2.0,2.0,2.0,2.0,2.0,1.0,47.0,40.0,51.0,-16.194999999999997,0.0,5.0,0.0,1.0,9.0,3.0,2.0,3.0,2.0,3.0,3.0,3.0,3.0,3.0,1.0,1.0,1.0,3.0,3.0,3.0,2.0,0.0
10602,0.0,5.0,0.0,1.0,9.0,3.0,2.0,3.0,2.0,3.0,3.0,3.0,3.0,3.0,1.0,1.0,1.0,3.0,3.0,3.0,2.0,47.0,40.0,13.0,-14.913333333333332,0.0,5.0,0.0,1.0,9.0,5.0,3.0,4.0,1.0,4.0,4.0,4.0,4.0,4.0,1.0,1.0,2.0,4.0,4.0,4.0,3.0,0.0
10603,0.0,5.0,0.0,1.0,9.0,5.0,3.0,4.0,1.0,4.0,4.0,4.0,4.0,4.0,1.0,1.0,2.0,4.0,4.0,4.0,3.0,47.0,40.0,13.0,-15.093333333333334,0.0,5.0,0.0,1.0,9.0,7.0,4.0,5.0,1.0,5.0,5.0,5.0,5.0,5.0,1.0,1.0,3.0,5.0,5.0,5.0,4.0,0.0
10604,0.0,5.0,0.0,1.0,9.0,7.0,4.0,5.0,1.0,5.0,5.0,5.0,5.0,5.0,1.0,1.0,3.0,5.0,5.0,5.0,4.0,39.0,40.0,13.0,-21.20666666666667,0.0,3.0,0.0,1.0,9.0,9.0,5.0,6.0,1.0,6.0,6.0,6.0,6.0,1.0,1.0,2.0,4.0,6.0,6.0,6.0,5.0,0.0
10605,0.0,3.0,0.0,1.0,9.0,9.0,5.0,6.0,1.0,6.0,6.0,6.0,6.0,1.0,1.0,2.0,4.0,6.0,6.0,6.0,5.0,47.0,40.0,51.0,-21.895,0.0,3.0,0.0,1.0,9.0,9.0,6.0,7.0,2.0,7.0,7.0,7.0,7.0,2.0,1.0,1.0,1.0,7.0,7.0,7.0,6.0,0.0
10606,0.0,3.0,0.0,1.0,9.0,9.0,6.0,7.0,2.0,7.0,7.0,7.0,7.0,2.0,1.0,1.0,1.0,7.0,7.0,7.0,6.0,47.0,40.0,13.0,-16.893333333333334,0.0,3.0,0.0,1.0,9.0,9.0,7.0,8.0,1.0,8.0,8.0,8.0,8.0,3.0,1.0,1.0,2.0,8.0,8.0,8.0,7.0,0.0
10607,0.0,3.0,0.0,1.0,9.0,9.0,7.0,8.0,1.0,8.0,8.0,8.0,8.0,3.0,1.0,1.0,2.0,8.0,8.0,8.0,7.0,39.0,40.0,52.0,-25.708333333333332,0.0,1.0,0.0,1.0,7.0,9.0,8.0,9.0,2.0,9.0,9.0,9.0,9.0,1.0,1.0,2.0,1.0,9.0,9.0,9.0,8.0,0.0
10608,0.0,1.0,0.0,1.0,7.0,9.0,8.0,9.0,2.0,9.0,9.0,9.0,9.0,1.0,1.0,2.0,1.0,9.0,9.0,9.0,8.0,66.0,40.0,52.0,-23.03,2.0,1.0,0.0,1.0,5.0,9.0,9.0,10.0,3.0,10.0,10.0,10.0,10.0,2.0,1.0,3.0,1.0,10.0,10.0,1.0,9.0,0.0
10609,2.0,1.0,0.0,1.0,5.0,9.0,9.0,10.0,3.0,10.0,10.0,10.0,10.0,2.0,1.0,3.0,1.0,10.0,10.0,1.0,9.0,47.0,32.0,52.0,-24.956666666666667,0.0,1.0,0.0,1.0,3.0,9.0,10.0,11.0,4.0,11.0,11.0,11.0,1.0,3.0,2.0,1.0,1.0,11.0,11.0,2.0,10.0,0.0
10610,0.0,1.0,0.0,1.0,3.0,9.0,10.0,11.0,4.0,11.0,11.0,11.0,1.0,3.0,2.0,1.0,1.0,11.0,11.0,2.0,10.0,19.0,0.0,52.0,-19.065,0.0,0.0,0.0,1.0,1.0,9.0,1.0,12.0,5.0,1.0,12.0,12.0,2.0,4.0,3.0,2.0,1.0,12.0,12.0,3.0,11.0,0.0
10611,0.0,0.0,0.0,1.0,1.0,9.0,1.0,12.0,5.0,1.0,12.0,12.0,2.0,4.0,3.0,2.0,1.0,12.0,12.0,3.0,11.0,62.0,57.0,13.0,-40.45166666666666,0.0,0.0,0.0,1.0,1.0,9.0,2.0,13.0,1.0,2.0,13.0,13.0,3.0,5.0,4.0,3.0,2.0,1.0,1.0,4.0,12.0,0.0
10612,0.0,0.0,0.0,1.0,1.0,9.0,2.0,13.0,1.0,2.0,13.0,13.0,3.0,5.0,4.0,3.0,2.0,1.0,1.0,4.0,12.0,57.0,40.0,51.0,-31.065,0.0,0.0,0.0,1.0,3.0,9.0,3.0,14.0,2.0,3.0,14.0,14.0,4.0,6.0,1.0,4.0,1.0,1.0,2.0,5.0,13.0,0.0
10613,0.0,0.0,0.0,1.0,3.0,9.0,3.0,14.0,2.0,3.0,14.0,14.0,4.0,6.0,1.0,4.0,1.0,1.0,2.0,5.0,13.0,53.0,40.0,64.0,-23.73833333333333,0.0,2.0,0.0,1.0,3.0,7.0,4.0,15.0,3.0,4.0,15.0,15.0,5.0,7.0,1.0,5.0,1.0,2.0,1.0,6.0,14.0,0.0
10614,0.0,2.0,0.0,1.0,3.0,7.0,4.0,15.0,3.0,4.0,15.0,15.0,5.0,7.0,1.0,5.0,1.0,2.0,1.0,6.0,14.0,53.0,40.0,64.0,-24.538333333333334,0.0,4.0,0.0,1.0,3.0,5.0,5.0,16.0,4.0,5.0,16.0,16.0,6.0,8.0,1.0,6.0,1.0,3.0,1.0,7.0,15.0,0.0
10615,0.0,4.0,0.0,1.0,3.0,5.0,5.0,16.0,4.0,5.0,16.0,16.0,6.0,8.0,1.0,6.0,1.0,3.0,1.0,7.0,15.0,53.0,24.0,13.0,-23.363333333333333,0.0,6.0,0.0,0.0,3.0,7.0,6.0,17.0,1.0,6.0,1.0,17.0,7.0,9.0,2.0,7.0,1.0,4.0,2.0,8.0,16.0,0.0
10616,0.0,6.0,0.0,0.0,3.0,7.0,6.0,17.0,1.0,6.0,1.0,17.0,7.0,9.0,2.0,7.0,1.0,4.0,2.0,8.0,16.0,53.0,47.0,51.0,-16.39,0.0,8.0,0.0,0.0,5.0,7.0,7.0,18.0,2.0,7.0,2.0,18.0,8.0,10.0,3.0,1.0,1.0,5.0,3.0,9.0,17.0,0.0
10617,0.0,8.0,0.0,0.0,5.0,7.0,7.0,18.0,2.0,7.0,2.0,18.0,8.0,10.0,3.0,1.0,1.0,5.0,3.0,9.0,17.0,70.0,39.0,51.0,-16.14333333333333,0.0,8.0,0.0,0.0,7.0,7.0,8.0,19.0,3.0,8.0,3.0,19.0,9.0,1.0,4.0,2.0,1.0,6.0,4.0,10.0,1.0,0.0
10618,0.0,8.0,0.0,0.0,7.0,7.0,8.0,19.0,3.0,8.0,3.0,19.0,9.0,1.0,4.0,2.0,1.0,6.0,4.0,10.0,1.0,53.0,47.0,51.0,-21.438333333333333,0.0,9.0,0.0,0.0,9.0,7.0,9.0,20.0,4.0,9.0,4.0,20.0,10.0,2.0,5.0,1.0,1.0,7.0,5.0,11.0,2.0,0.0
10619,0.0,9.0,0.0,0.0,9.0,7.0,9.0,20.0,4.0,9.0,4.0,20.0,10.0,2.0,5.0,1.0,1.0,7.0,5.0,11.0,2.0,53.0,32.0,51.0,-32.4,0.0,9.0,0.0,0.0,9.0,7.0,10.0,21.0,5.0,10.0,5.0,21.0,1.0,3.0,6.0,2.0,1.0,8.0,6.0,12.0,3.0,0.0
10620,0.0,9.0,0.0,0.0,9.0,7.0,10.0,21.0,5.0,10.0,5.0,21.0,1.0,3.0,6.0,2.0,1.0,8.0,6.0,12.0,3.0,19.0,40.0,51.0,-23.586666666666666,0.0,7.0,0.0,0.0,9.0,7.0,11.0,22.0,6.0,1.0,6.0,22.0,2.0,4.0,1.0,3.0,1.0,9.0,7.0,13.0,4.0,0.0
10621,0.0,7.0,0.0,0.0,9.0,7.0,11.0,22.0,6.0,1.0,6.0,22.0,2.0,4.0,1.0,3.0,1.0,9.0,7.0,13.0,4.0,53.0,32.0,51.0,-33.06666666666667,0.0,9.0,0.0,0.0,9.0,7.0,12.0,23.0,7.0,2.0,7.0,23.0,1.0,5.0,2.0,4.0,1.0,10.0,8.0,14.0,5.0,0.0
10622,0.0,9.0,0.0,0.0,9.0,7.0,12.0,23.0,7.0,2.0,7.0,23.0,1.0,5.0,2.0,4.0,1.0,10.0,8.0,14.0,5.0,53.0,32.0,51.0,-33.93333333333334,0.0,9.0,0.0,0.0,9.0,7.0,13.0,24.0,8.0,3.0,8.0,24.0,1.0,6.0,3.0,5.0,1.0,11.0,9.0,15.0,6.0,0.0
10623,0.0,9.0,0.0,0.0,9.0,7.0,13.0,24.0,8.0,3.0,8.0,24.0,1.0,6.0,3.0,5.0,1.0,11.0,9.0,15.0,6.0,19.0,0.0,13.0,-12.873333333333333,0.0,7.0,0.0,0.0,9.0,9.0,1.0,25.0,1.0,1.0,9.0,25.0,2.0,7.0,4.0,6.0,2.0,12.0,10.0,16.0,7.0,0.0
10624,0.0,7.0,0.0,0.0,9.0,9.0,1.0,25.0,1.0,1.0,9.0,25.0,2.0,7.0,4.0,6.0,2.0,12.0,10.0,16.0,7.0,25.0,32.0,66.0,-35.34166666666667,0.0,7.0,0.0,0.0,9.0,9.0,2.0,26.0,2.0,2.0,10.0,1.0,1.0,8.0,5.0,7.0,3.0,13.0,11.0,1.0,8.0,0.0
10625,0.0,7.0,0.0,0.0,9.0,9.0,2.0,26.0,2.0,2.0,10.0,1.0,1.0,8.0,5.0,7.0,3.0,13.0,11.0,1.0,8.0,8.0,40.0,13.0,-33.21166666666667,0.0,9.0,0.0,0.0,9.0,9.0,3.0,1.0,1.0,3.0,11.0,2.0,2.0,9.0,1.0,8.0,4.0,14.0,12.0,2.0,9.0,0.0
10626,0.0,9.0,0.0,0.0,9.0,9.0,3.0,1.0,1.0,3.0,11.0,2.0,2.0,9.0,1.0,8.0,4.0,14.0,12.0,2.0,9.0,19.0,0.0,13.0,-10.34,0.0,7.0,0.0,0.0,9.0,9.0,1.0,2.0,1.0,1.0,12.0,3.0,3.0,10.0,2.0,9.0,5.0,15.0,13.0,3.0,10.0,0.0
10627,0.0,7.0,0.0,0.0,9.0,9.0,1.0,2.0,1.0,1.0,12.0,3.0,3.0,10.0,2.0,9.0,5.0,15.0,13.0,3.0,10.0,1.0,0.0,13.0,-16.631666666666668,2.0,7.0,0.0,0.0,9.0,9.0,1.0,3.0,1.0,2.0,13.0,4.0,4.0,11.0,3.0,10.0,6.0,16.0,14.0,4.0,11.0,0.0
10628,2.0,7.0,0.0,0.0,9.0,9.0,1.0,3.0,1.0,2.0,13.0,4.0,4.0,11.0,3.0,10.0,6.0,16.0,14.0,4.0,11.0,1.0,0.0,13.0,-17.498333333333335,4.0,7.0,0.0,0.0,9.0,9.0,1.0,4.0,1.0,3.0,14.0,5.0,5.0,12.0,4.0,11.0,7.0,17.0,15.0,5.0,12.0,0.0
10629,4.0,7.0,0.0,0.0,9.0,9.0,1.0,4.0,1.0,3.0,14.0,5.0,5.0,12.0,4.0,11.0,7.0,17.0,15.0,5.0,12.0,39.0,0.0,13.0,-14.93,4.0,5.0,0.0,0.0,9.0,9.0,1.0,5.0,1.0,4.0,15.0,6.0,6.0,1.0,5.0,12.0,8.0,18.0,16.0,6.0,13.0,0.0
10630,4.0,5.0,0.0,0.0,9.0,9.0,1.0,5.0,1.0,4.0,15.0,6.0,6.0,1.0,5.0,12.0,8.0,18.0,16.0,6.0,13.0,47.0,0.0,52.0,-15.305000000000001,2.0,5.0,0.0,0.0,7.0,9.0,1.0,6.0,2.0,5.0,16.0,7.0,7.0,2.0,6.0,1.0,1.0,19.0,17.0,7.0,14.0,0.0
10631,2.0,5.0,0.0,0.0,7.0,9.0,1.0,6.0,2.0,5.0,16.0,7.0,7.0,2.0,6.0,1.0,1.0,19.0,17.0,7.0,14.0,47.0,0.0,13.0,-12.163333333333334,0.0,5.0,0.0,0.0,7.0,9.0,1.0,7.0,1.0,6.0,17.0,8.0,8.0,3.0,7.0,1.0,2.0,20.0,18.0,8.0,15.0,0.0
10632,0.0,5.0,0.0,0.0,7.0,9.0,1.0,7.0,1.0,6.0,17.0,8.0,8.0,3.0,7.0,1.0,2.0,20.0,18.0,8.0,15.0,42.0,40.0,52.0,-26.203333333333326,0.0,5.0,0.0,0.0,5.0,9.0,2.0,8.0,2.0,7.0,18.0,9.0,9.0,4.0,1.0,2.0,1.0,21.0,19.0,9.0,16.0,0.0
10633,0.0,5.0,0.0,0.0,5.0,9.0,2.0,8.0,2.0,7.0,18.0,9.0,9.0,4.0,1.0,2.0,1.0,21.0,19.0,9.0,16.0,1.0,0.0,55.0,-15.129999999999999,2.0,5.0,0.0,0.0,5.0,9.0,1.0,9.0,3.0,8.0,19.0,10.0,10.0,5.0,2.0,3.0,2.0,1.0,20.0,10.0,17.0,0.0
10634,2.0,5.0,0.0,0.0,5.0,9.0,1.0,9.0,3.0,8.0,19.0,10.0,10.0,5.0,2.0,3.0,2.0,1.0,20.0,10.0,17.0,1.0,0.0,13.0,-14.158333333333331,4.0,5.0,0.0,0.0,5.0,9.0,1.0,10.0,1.0,9.0,20.0,11.0,11.0,6.0,3.0,4.0,3.0,2.0,21.0,11.0,18.0,0.0
10635,4.0,5.0,0.0,0.0,5.0,9.0,1.0,10.0,1.0,9.0,20.0,11.0,11.0,6.0,3.0,4.0,3.0,2.0,21.0,11.0,18.0,1.0,19.0,13.0,-19.849999999999998,6.0,5.0,0.0,0.0,5.0,9.0,1.0,11.0,1.0,1.0,21.0,12.0,12.0,7.0,4.0,5.0,4.0,3.0,22.0,12.0,19.0,0.0
10636,6.0,5.0,0.0,0.0,5.0,9.0,1.0,11.0,1.0,1.0,21.0,12.0,12.0,7.0,4.0,5.0,4.0,3.0,22.0,12.0,19.0,1.0,0.0,13.0,-19.011666666666667,8.0,5.0,0.0,0.0,5.0,9.0,1.0,12.0,1.0,2.0,22.0,13.0,13.0,8.0,5.0,6.0,5.0,4.0,23.0,13.0,20.0,0.0
10637,8.0,5.0,0.0,0.0,5.0,9.0,1.0,12.0,1.0,2.0,22.0,13.0,13.0,8.0,5.0,6.0,5.0,4.0,23.0,13.0,20.0,1.0,0.0,13.0,-21.583333333333332,9.0,5.0,0.0,0.0,5.0,9.0,1.0,13.0,1.0,3.0,23.0,14.0,14.0,9.0,6.0,7.0,6.0,5.0,24.0,14.0,21.0,0.0
10638,9.0,5.0,0.0,0.0,5.0,9.0,1.0,13.0,1.0,3.0,23.0,14.0,14.0,9.0,6.0,7.0,6.0,5.0,24.0,14.0,21.0,1.0,0.0,13.0,-22.45,9.0,5.0,0.0,0.0,5.0,9.0,1.0,14.0,1.0,4.0,24.0,15.0,15.0,10.0,7.0,8.0,7.0,6.0,25.0,15.0,22.0,0.0
10639,9.0,5.0,0.0,0.0,5.0,9.0,1.0,14.0,1.0,4.0,24.0,15.0,15.0,10.0,7.0,8.0,7.0,6.0,25.0,15.0,22.0,1.0,0.0,13.0,-23.316666666666666,9.0,5.0,0.0,0.0,5.0,9.0,1.0,15.0,1.0,5.0,25.0,16.0,16.0,11.0,8.0,9.0,8.0,7.0,26.0,16.0,23.0,0.0
10640,9.0,5.0,0.0,0.0,5.0,9.0,1.0,15.0,1.0,5.0,25.0,16.0,16.0,11.0,8.0,9.0,8.0,7.0,26.0,16.0,23.0,1.0,0.0,52.0,-26.971666666666664,9.0,5.0,0.0,0.0,3.0,9.0,1.0,16.0,2.0,6.0,26.0,17.0,17.0,12.0,9.0,10.0,1.0,8.0,27.0,17.0,24.0,0.0
10641,9.0,5.0,0.0,0.0,3.0,9.0,1.0,16.0,2.0,6.0,26.0,17.0,17.0,12.0,9.0,10.0,1.0,8.0,27.0,17.0,24.0,1.0,0.0,20.0,-27.101666666666667,9.0,5.0,0.0,0.0,3.0,9.0,1.0,17.0,3.0,7.0,1.0,18.0,18.0,13.0,10.0,11.0,2.0,9.0,28.0,18.0,25.0,0.0
10642,9.0,5.0,0.0,0.0,3.0,9.0,1.0,17.0,3.0,7.0,1.0,18.0,18.0,13.0,10.0,11.0,2.0,9.0,28.0,18.0,25.0,42.0,0.0,72.0,-15.006666666666666,7.0,5.0,0.0,0.0,1.0,9.0,1.0,18.0,4.0,8.0,2.0,19.0,19.0,14.0,1.0,12.0,3.0,10.0,29.0,19.0,1.0,0.0
10643,7.0,5.0,0.0,0.0,1.0,9.0,1.0,18.0,4.0,8.0,2.0,19.0,19.0,14.0,1.0,12.0,3.0,10.0,29.0,19.0,1.0,42.0,0.0,18.0,-15.184999999999999,5.0,5.0,0.0,0.0,1.0,9.0,1.0,19.0,5.0,1.0,3.0,20.0,20.0,15.0,1.0,13.0,4.0,11.0,30.0,20.0,2.0,0.0
10644,5.0,5.0,0.0,0.0,1.0,9.0,1.0,19.0,5.0,1.0,3.0,20.0,20.0,15.0,1.0,13.0,4.0,11.0,30.0,20.0,2.0,30.0,0.0,18.0,-18.903333333333332,5.0,5.0,0.0,0.0,1.0,9.0,1.0,20.0,6.0,1.0,4.0,21.0,1.0,16.0,2.0,14.0,5.0,12.0,31.0,21.0,3.0,0.0
10645,5.0,5.0,0.0,0.0,1.0,9.0,1.0,20.0,6.0,1.0,4.0,21.0,1.0,16.0,2.0,14.0,5.0,12.0,31.0,21.0,3.0,38.0,0.0,18.0,-19.47833333333333,5.0,7.0,0.0,0.0,1.0,9.0,1.0,21.0,7.0,1.0,5.0,22.0,2.0,1.0,3.0,15.0,6.0,13.0,32.0,22.0,4.0,0.0
10646,5.0,7.0,0.0,0.0,1.0,9.0,1.0,21.0,7.0,1.0,5.0,22.0,2.0,1.0,3.0,15.0,6.0,13.0,32.0,22.0,4.0,42.0,0.0,18.0,-14.565000000000001,3.0,7.0,0.0,0.0,1.0,9.0,1.0,22.0,8.0,1.0,6.0,23.0,3.0,2.0,1.0,16.0,7.0,14.0,33.0,23.0,5.0,0.0
10647,3.0,7.0,0.0,0.0,1.0,9.0,1.0,22.0,8.0,1.0,6.0,23.0,3.0,2.0,1.0,16.0,7.0,14.0,33.0,23.0,5.0,38.0,49.0,18.0,-25.923333333333332,3.0,9.0,0.0,0.0,1.0,9.0,2.0,23.0,9.0,1.0,7.0,24.0,4.0,1.0,2.0,1.0,8.0,15.0,34.0,24.0,6.0,0.0
10648,3.0,9.0,0.0,0.0,1.0,9.0,2.0,23.0,9.0,1.0,7.0,24.0,4.0,1.0,2.0,1.0,8.0,15.0,34.0,24.0,6.0,38.0,0.0,18.0,-26.191666666666663,3.0,9.0,0.0,0.0,1.0,9.0,1.0,24.0,10.0,1.0,8.0,25.0,5.0,1.0,3.0,2.0,9.0,16.0,35.0,25.0,7.0,0.0
10649,3.0,9.0,0.0,0.0,1.0,9.0,1.0,24.0,10.0,1.0,8.0,25.0,5.0,1.0,3.0,2.0,9.0,16.0,35.0,25.0,7.0,38.0,0.0,18.0,-26.991666666666667,3.0,9.0,0.0,0.0,1.0,9.0,1.0,25.0,11.0,1.0,9.0,26.0,6.0,1.0,4.0,3.0,10.0,17.0,36.0,26.0,8.0,0.0
10650,3.0,9.0,0.0,0.0,1.0,9.0,1.0,25.0,11.0,1.0,9.0,26.0,6.0,1.0,4.0,3.0,10.0,17.0,36.0,26.0,8.0,38.0,0.0,18.0,-27.791666666666664,3.0,9.0,0.0,0.0,1.0,9.0,1.0,26.0,12.0,1.0,10.0,27.0,7.0,1.0,5.0,4.0,11.0,18.0,37.0,27.0,9.0,0.0
10651,3.0,9.0,0.0,0.0,1.0,9.0,1.0,26.0,12.0,1.0,10.0,27.0,7.0,1.0,5.0,4.0,11.0,18.0,37.0,27.0,9.0,38.0,0.0,18.0,-28.591666666666665,3.0,9.0,0.0,0.0,1.0,9.0,1.0,27.0,13.0,1.0,11.0,28.0,8.0,1.0,6.0,5.0,12.0,19.0,38.0,28.0,10.0,0.0
10652,3.0,9.0,0.0,0.0,1.0,9.0,1.0,27.0,13.0,1.0,11.0,28.0,8.0,1.0,6.0,5.0,12.0,19.0,38.0,28.0,10.0,4.0,0.0,18.0,-23.723333333333333,3.0,7.0,0.0,0.0,1.0,9.0,1.0,28.0,14.0,1.0,12.0,29.0,9.0,2.0,7.0,6.0,13.0,20.0,39.0,29.0,11.0,0.0
10653,3.0,7.0,0.0,0.0,1.0,9.0,1.0,28.0,14.0,1.0,12.0,29.0,9.0,2.0,7.0,6.0,13.0,20.0,39.0,29.0,11.0,4.0,0.0,18.0,-21.49,3.0,5.0,0.0,0.0,1.0,9.0,1.0,29.0,15.0,1.0,13.0,30.0,10.0,3.0,8.0,7.0,14.0,21.0,40.0,30.0,12.0,0.0
10654,3.0,5.0,0.0,0.0,1.0,9.0,1.0,29.0,15.0,1.0,13.0,30.0,10.0,3.0,8.0,7.0,14.0,21.0,40.0,30.0,12.0,4.0,0.0,18.0,-320.4966666666666,3.0,3.0,0.0,0.0,1.0,9.0,1.0,30.0,16.0,1.0,14.0,31.0,11.0,4.0,9.0,8.0,15.0,22.0,41.0,31.0,13.0,0.0
10655,3.0,3.0,0.0,0.0,1.0,9.0,1.0,30.0,16.0,1.0,14.0,31.0,11.0,4.0,9.0,8.0,15.0,22.0,41.0,31.0,13.0,4.0,0.0,18.0,-20.743333333333332,3.0,1.0,0.0,0.0,1.0,9.0,1.0,31.0,17.0,1.0,15.0,32.0,12.0,5.0,10.0,9.0,16.0,23.0,42.0,32.0,14.0,0.0
10656,3.0,1.0,0.0,0.0,1.0,9.0,1.0,31.0,17.0,1.0,15.0,32.0,12.0,5.0,10.0,9.0,16.0,23.0,42.0,32.0,14.0,4.0,0.0,18.0,-21.765,3.0,0.0,0.0,0.0,1.0,9.0,1.0,32.0,18.0,1.0,16.0,33.0,13.0,6.0,11.0,10.0,17.0,24.0,43.0,33.0,15.0,0.0
10657,3.0,0.0,0.0,0.0,1.0,9.0,1.0,32.0,18.0,1.0,16.0,33.0,13.0,6.0,11.0,10.0,17.0,24.0,43.0,33.0,15.0,4.0,12.0,18.0,-33.05666666666667,3.0,0.0,0.0,0.0,1.0,9.0,1.0,33.0,1.0,1.0,17.0,34.0,14.0,7.0,12.0,11.0,18.0,25.0,44.0,34.0,16.0,0.0
10658,3.0,0.0,0.0,0.0,1.0,9.0,1.0,33.0,1.0,1.0,17.0,34.0,14.0,7.0,12.0,11.0,18.0,25.0,44.0,34.0,16.0,38.0,25.0,18.0,-33.27166666666667,3.0,2.0,0.0,0.0,1.0,9.0,2.0,34.0,2.0,1.0,18.0,1.0,15.0,1.0,13.0,12.0,19.0,26.0,45.0,35.0,17.0,0.0
10659,3.0,2.0,0.0,0.0,1.0,9.0,2.0,34.0,2.0,1.0,18.0,1.0,15.0,1.0,13.0,12.0,19.0,26.0,45.0,35.0,17.0,8.0,49.0,60.0,-27.119999999999997,3.0,4.0,0.0,0.0,1.0,9.0,3.0,1.0,3.0,2.0,19.0,2.0,16.0,2.0,14.0,1.0,20.0,27.0,1.0,36.0,18.0,0.0
10660,3.0,4.0,0.0,0.0,1.0,9.0,3.0,1.0,3.0,2.0,19.0,2.0,16.0,2.0,14.0,1.0,20.0,27.0,1.0,36.0,18.0,28.0,69.0,69.0,-24.811666666666667,3.0,6.0,0.0,0.0,1.0,7.0,4.0,2.0,4.0,3.0,20.0,1.0,17.0,3.0,15.0,2.0,21.0,28.0,2.0,1.0,19.0,0.0
10661,3.0,6.0,0.0,0.0,1.0,7.0,4.0,2.0,4.0,3.0,20.0,1.0,17.0,3.0,15.0,2.0,21.0,28.0,2.0,1.0,19.0,4.0,73.0,76.0,-316.83833333333337,3.0,4.0,0.0,2.0,3.0,7.0,1.0,3.0,5.0,4.0,21.0,2.0,18.0,4.0,16.0,3.0,22.0,29.0,3.0,2.0,1.0,0.0
10662,3.0,4.0,0.0,2.0,3.0,7.0,1.0,3.0,5.0,4.0,21.0,2.0,18.0,4.0,16.0,3.0,22.0,29.0,3.0,2.0,1.0,4.0,40.0,18.0,-317.52333333333337,3.0,2.0,0.0,2.0,3.0,9.0,1.0,4.0,6.0,1.0,22.0,3.0,19.0,5.0,1.0,4.0,23.0,30.0,4.0,3.0,2.0,0.0
10663,3.0,2.0,0.0,2.0,3.0,9.0,1.0,4.0,6.0,1.0,22.0,3.0,19.0,5.0,1.0,4.0,23.0,30.0,4.0,3.0,2.0,4.0,25.0,18.0,-23.15,3.0,0.0,0.0,2.0,3.0,9.0,1.0,5.0,7.0,1.0,23.0,1.0,20.0,6.0,2.0,5.0,24.0,31.0,5.0,4.0,3.0,0.0
10664,3.0,0.0,0.0,2.0,3.0,9.0,1.0,5.0,7.0,1.0,23.0,1.0,20.0,6.0,2.0,5.0,24.0,31.0,5.0,4.0,3.0,4.0,25.0,18.0,-23.949999999999996,3.0,0.0,0.0,2.0,3.0,9.0,1.0,6.0,8.0,1.0,24.0,1.0,21.0,7.0,3.0,6.0,25.0,32.0,6.0,5.0,4.0,0.0
10665,3.0,0.0,0.0,2.0,3.0,9.0,1.0,6.0,8.0,1.0,24.0,1.0,21.0,7.0,3.0,6.0,25.0,32.0,6.0,5.0,4.0,4.0,25.0,18.0,-24.75,3.0,0.0,0.0,2.0,3.0,9.0,1.0,7.0,9.0,1.0,25.0,1.0,22.0,8.0,4.0,7.0,26.0,33.0,7.0,6.0,5.0,0.0
10666,3.0,0.0,0.0,2.0,3.0,9.0,1.0,7.0,9.0,1.0,25.0,1.0,22.0,8.0,4.0,7.0,26.0,33.0,7.0,6.0,5.0,4.0,25.0,18.0,-25.549999999999997,3.0,0.0,0.0,2.0,3.0,9.0,1.0,8.0,10.0,1.0,26.0,1.0,23.0,9.0,5.0,8.0,27.0,34.0,8.0,7.0,6.0,0.0
10667,3.0,0.0,0.0,2.0,3.0,9.0,1.0,8.0,10.0,1.0,26.0,1.0,23.0,9.0,5.0,8.0,27.0,34.0,8.0,7.0,6.0,4.0,25.0,18.0,-26.349999999999998,3.0,0.0,0.0,2.0,3.0,9.0,1.0,9.0,11.0,1.0,27.0,1.0,24.0,10.0,6.0,9.0,28.0,35.0,9.0,8.0,7.0,0.0
10668,3.0,0.0,0.0,2.0,3.0,9.0,1.0,9.0,11.0,1.0,27.0,1.0,24.0,10.0,6.0,9.0,28.0,35.0,9.0,8.0,7.0,4.0,25.0,18.0,-27.15,3.0,0.0,0.0,2.0,3.0,9.0,1.0,10.0,12.0,1.0,28.0,1.0,25.0,11.0,7.0,10.0,29.0,36.0,10.0,9.0,8.0,0.0
10669,3.0,0.0,0.0,2.0,3.0,9.0,1.0,10.0,12.0,1.0,28.0,1.0,25.0,11.0,7.0,10.0,29.0,36.0,10.0,9.0,8.0,4.0,25.0,18.0,-27.949999999999996,3.0,0.0,0.0,2.0,3.0,9.0,1.0,11.0,13.0,1.0,29.0,1.0,26.0,12.0,8.0,11.0,30.0,37.0,11.0,10.0,9.0,0.0
10670,3.0,0.0,0.0,2.0,3.0,9.0,1.0,11.0,13.0,1.0,29.0,1.0,26.0,12.0,8.0,11.0,30.0,37.0,11.0,10.0,9.0,4.0,12.0,18.0,-26.089999999999996,3.0,0.0,0.0,2.0,3.0,9.0,1.0,12.0,1.0,1.0,30.0,2.0,27.0,13.0,9.0,12.0,31.0,38.0,12.0,11.0,10.0,0.0
10671,3.0,0.0,0.0,2.0,3.0,9.0,1.0,12.0,1.0,1.0,30.0,2.0,27.0,13.0,9.0,12.0,31.0,38.0,12.0,11.0,10.0,4.0,25.0,18.0,-28.68333333333333,3.0,0.0,0.0,2.0,3.0,9.0,1.0,13.0,2.0,1.0,31.0,1.0,28.0,14.0,10.0,13.0,32.0,39.0,13.0,12.0,11.0,0.0
10672,3.0,0.0,0.0,2.0,3.0,9.0,1.0,13.0,2.0,1.0,31.0,1.0,28.0,14.0,10.0,13.0,32.0,39.0,13.0,12.0,11.0,4.0,25.0,18.0,-29.48333333333333,3.0,0.0,0.0,2.0,3.0,9.0,1.0,14.0,3.0,1.0,32.0,1.0,29.0,15.0,11.0,14.0,33.0,40.0,14.0,13.0,12.0,0.0
10673,3.0,0.0,0.0,2.0,3.0,9.0,1.0,14.0,3.0,1.0,32.0,1.0,29.0,15.0,11.0,14.0,33.0,40.0,14.0,13.0,12.0,4.0,25.0,18.0,-30.28333333333333,3.0,0.0,0.0,2.0,3.0,9.0,1.0,15.0,4.0,1.0,33.0,1.0,30.0,16.0,12.0,15.0,34.0,41.0,15.0,14.0,13.0,0.0
10674,3.0,0.0,0.0,2.0,3.0,9.0,1.0,15.0,4.0,1.0,33.0,1.0,30.0,16.0,12.0,15.0,34.0,41.0,15.0,14.0,13.0,4.0,25.0,18.0,-31.08333333333333,3.0,0.0,0.0,2.0,3.0,9.0,1.0,16.0,5.0,1.0,34.0,1.0,31.0,17.0,13.0,16.0,35.0,42.0,16.0,15.0,14.0,0.0
10675,3.0,0.0,0.0,2.0,3.0,9.0,1.0,16.0,5.0,1.0,34.0,1.0,31.0,17.0,13.0,16.0,35.0,42.0,16.0,15.0,14.0,4.0,25.0,18.0,-31.883333333333333,3.0,0.0,0.0,2.0,3.0,9.0,1.0,17.0,6.0,1.0,35.0,1.0,32.0,18.0,14.0,17.0,36.0,43.0,17.0,16.0,15.0,0.0
10676,3.0,0.0,0.0,2.0,3.0,9.0,1.0,17.0,6.0,1.0,35.0,1.0,32.0,18.0,14.0,17.0,36.0,43.0,17.0,16.0,15.0,8.0,25.0,18.0,-33.94166666666666,3.0,2.0,0.0,2.0,3.0,9.0,2.0,1.0,7.0,1.0,36.0,1.0,33.0,19.0,15.0,18.0,37.0,44.0,18.0,17.0,16.0,0.0
10677,3.0,2.0,0.0,2.0,3.0,9.0,2.0,1.0,7.0,1.0,36.0,1.0,33.0,19.0,15.0,18.0,37.0,44.0,18.0,17.0,16.0,58.0,22.0,69.0,-27.389999999999997,3.0,4.0,0.0,2.0,3.0,7.0,3.0,2.0,8.0,2.0,1.0,2.0,34.0,20.0,16.0,19.0,38.0,1.0,19.0,1.0,17.0,0.0
10678,3.0,4.0,0.0,2.0,3.0,7.0,3.0,2.0,8.0,2.0,1.0,2.0,34.0,20.0,16.0,19.0,38.0,1.0,19.0,1.0,17.0,4.0,36.0,72.0,-14.098333333333333,3.0,2.0,2.0,2.0,1.0,7.0,1.0,3.0,9.0,3.0,2.0,3.0,35.0,1.0,17.0,20.0,39.0,2.0,20.0,2.0,1.0,0.0
10679,3.0,2.0,2.0,2.0,1.0,7.0,1.0,3.0,9.0,3.0,2.0,3.0,35.0,1.0,17.0,20.0,39.0,2.0,20.0,2.0,1.0,4.0,34.0,72.0,-18.211666666666666,3.0,0.0,2.0,0.0,0.0,7.0,1.0,4.0,10.0,4.0,3.0,4.0,1.0,2.0,18.0,21.0,40.0,3.0,21.0,3.0,1.0,0.0
10680,3.0,0.0,2.0,0.0,0.0,7.0,1.0,4.0,10.0,4.0,3.0,4.0,1.0,2.0,18.0,21.0,40.0,3.0,21.0,3.0,1.0,4.0,49.0,18.0,-11.898333333333333,3.0,0.0,2.0,0.0,0.0,9.0,1.0,5.0,11.0,1.0,4.0,5.0,2.0,3.0,19.0,1.0,41.0,4.0,22.0,4.0,2.0,0.0
10681,3.0,0.0,2.0,0.0,0.0,9.0,1.0,5.0,11.0,1.0,4.0,5.0,2.0,3.0,19.0,1.0,41.0,4.0,22.0,4.0,2.0,22.0,36.0,54.0,-20.70333333333333,1.0,0.0,4.0,0.0,0.0,7.0,2.0,6.0,12.0,2.0,1.0,6.0,3.0,1.0,20.0,2.0,1.0,5.0,23.0,5.0,3.0,0.0
10682,1.0,0.0,4.0,0.0,0.0,7.0,2.0,6.0,12.0,2.0,1.0,6.0,3.0,1.0,20.0,2.0,1.0,5.0,23.0,5.0,3.0,6.0,12.0,72.0,-20.14833333333333,3.0,0.0,2.0,0.0,0.0,7.0,3.0,1.0,1.0,3.0,2.0,7.0,4.0,2.0,21.0,3.0,2.0,6.0,24.0,6.0,1.0,0.0
10683,3.0,0.0,2.0,0.0,0.0,7.0,3.0,1.0,1.0,3.0,2.0,7.0,4.0,2.0,21.0,3.0,2.0,6.0,24.0,6.0,1.0,42.0,42.0,43.0,-27.96333333333333,1.0,0.0,0.0,0.0,0.0,9.0,4.0,2.0,2.0,4.0,3.0,8.0,5.0,3.0,1.0,4.0,3.0,7.0,25.0,7.0,2.0,0.0
10684,1.0,0.0,0.0,0.0,0.0,9.0,4.0,2.0,2.0,4.0,3.0,8.0,5.0,3.0,1.0,4.0,3.0,7.0,25.0,7.0,2.0,77.0,29.0,18.0,-21.188333333333333,0.0,0.0,0.0,0.0,0.0,9.0,5.0,3.0,3.0,1.0,4.0,1.0,6.0,4.0,2.0,5.0,4.0,8.0,26.0,8.0,3.0,0.0
10685,0.0,0.0,0.0,0.0,0.0,9.0,5.0,3.0,3.0,1.0,4.0,1.0,6.0,4.0,2.0,5.0,4.0,8.0,26.0,8.0,3.0,77.0,0.0,72.0,-8.635,0.0,0.0,0.0,0.0,0.0,9.0,1.0,4.0,4.0,2.0,5.0,2.0,7.0,5.0,3.0,6.0,5.0,9.0,27.0,9.0,1.0,0.0
10686,0.0,0.0,0.0,0.0,0.0,9.0,1.0,4.0,4.0,2.0,5.0,2.0,7.0,5.0,3.0,6.0,5.0,9.0,27.0,9.0,1.0,42.0,29.0,18.0,-32.41833333333333,0.0,0.0,0.0,0.0,0.0,9.0,2.0,5.0,5.0,1.0,6.0,1.0,8.0,6.0,1.0,7.0,6.0,10.0,28.0,10.0,2.0,0.0
10687,0.0,0.0,0.0,0.0,0.0,9.0,2.0,5.0,5.0,1.0,6.0,1.0,8.0,6.0,1.0,7.0,6.0,10.0,28.0,10.0,2.0,42.0,29.0,72.0,-32.376666666666665,0.0,0.0,0.0,0.0,0.0,9.0,3.0,6.0,6.0,2.0,7.0,1.0,9.0,7.0,1.0,8.0,7.0,11.0,29.0,11.0,1.0,0.0
10688,0.0,0.0,0.0,0.0,0.0,9.0,3.0,6.0,6.0,2.0,7.0,1.0,9.0,7.0,1.0,8.0,7.0,11.0,29.0,11.0,1.0,42.0,29.0,69.0,-36.23,0.0,0.0,0.0,0.0,0.0,7.0,4.0,7.0,7.0,3.0,8.0,1.0,10.0,8.0,1.0,9.0,8.0,12.0,30.0,1.0,2.0,0.0
10689,0.0,0.0,0.0,0.0,0.0,7.0,4.0,7.0,7.0,3.0,8.0,1.0,10.0,8.0,1.0,9.0,8.0,12.0,30.0,1.0,2.0,42.0,29.0,72.0,-33.24333333333333,0.0,0.0,0.0,0.0,0.0,7.0,5.0,8.0,8.0,4.0,9.0,1.0,11.0,9.0,1.0,10.0,9.0,13.0,31.0,2.0,1.0,0.0
10690,0.0,0.0,0.0,0.0,0.0,7.0,5.0,8.0,8.0,4.0,9.0,1.0,11.0,9.0,1.0,10.0,9.0,13.0,31.0,2.0,1.0,42.0,12.0,18.0,-33.531666666666666,0.0,0.0,0.0,0.0,0.0,9.0,6.0,9.0,1.0,1.0,10.0,2.0,12.0,10.0,1.0,11.0,10.0,14.0,32.0,3.0,2.0,0.0
10691,0.0,0.0,0.0,0.0,0.0,9.0,6.0,9.0,1.0,1.0,10.0,2.0,12.0,10.0,1.0,11.0,10.0,14.0,32.0,3.0,2.0,22.0,53.0,72.0,-23.61,0.0,0.0,0.0,2.0,0.0,9.0,7.0,10.0,2.0,2.0,1.0,3.0,13.0,11.0,2.0,12.0,1.0,15.0,33.0,4.0,1.0,0.0
10692,0.0,0.0,0.0,2.0,0.0,9.0,7.0,10.0,2.0,2.0,1.0,3.0,13.0,11.0,2.0,12.0,1.0,15.0,33.0,4.0,1.0,77.0,49.0,72.0,-11.033333333333333,0.0,0.0,0.0,0.0,0.0,9.0,8.0,11.0,3.0,3.0,2.0,4.0,14.0,12.0,3.0,1.0,2.0,16.0,34.0,5.0,1.0,0.0
10693,0.0,0.0,0.0,0.0,0.0,9.0,8.0,11.0,3.0,3.0,2.0,4.0,14.0,12.0,3.0,1.0,2.0,16.0,34.0,5.0,1.0,77.0,29.0,60.0,-33.68,0.0,0.0,0.0,0.0,0.0,9.0,9.0,12.0,4.0,4.0,3.0,1.0,15.0,13.0,4.0,2.0,3.0,17.0,1.0,6.0,2.0,0.0
10694,0.0,0.0,0.0,0.0,0.0,9.0,9.0,12.0,4.0,4.0,3.0,1.0,15.0,13.0,4.0,2.0,3.0,17.0,1.0,6.0,2.0,8.0,71.0,72.0,-25.221666666666664,0.0,2.0,2.0,0.0,0.0,9.0,10.0,1.0,5.0,5.0,4.0,2.0,16.0,14.0,5.0,3.0,4.0,18.0,2.0,7.0,1.0,0.0
10695,0.0,2.0,2.0,0.0,0.0,9.0,10.0,1.0,5.0,5.0,4.0,2.0,16.0,14.0,5.0,3.0,4.0,18.0,2.0,7.0,1.0,39.0,34.0,59.0,-18.991666666666667,0.0,0.0,2.0,0.0,0.0,7.0,11.0,2.0,6.0,6.0,5.0,3.0,1.0,1.0,6.0,4.0,5.0,1.0,3.0,8.0,2.0,0.0
10696,0.0,0.0,2.0,0.0,0.0,7.0,11.0,2.0,6.0,6.0,5.0,3.0,1.0,1.0,6.0,4.0,5.0,1.0,3.0,8.0,2.0,0.0,12.0,17.0,-19.233333333333334,0.0,0.0,0.0,0.0,0.0,7.0,1.0,3.0,1.0,1.0,6.0,4.0,2.0,2.0,7.0,5.0,6.0,2.0,4.0,9.0,3.0,0.0
10697,0.0,0.0,0.0,0.0,0.0,7.0,1.0,3.0,1.0,1.0,6.0,4.0,2.0,2.0,7.0,5.0,6.0,2.0,4.0,9.0,3.0,67.0,36.0,51.0,-16.465,0.0,0.0,2.0,0.0,2.0,7.0,2.0,4.0,2.0,2.0,7.0,5.0,3.0,1.0,8.0,6.0,1.0,3.0,5.0,1.0,4.0,0.0
10698,0.0,0.0,2.0,0.0,2.0,7.0,2.0,4.0,2.0,2.0,7.0,5.0,3.0,1.0,8.0,6.0,1.0,3.0,5.0,1.0,4.0,0.0,49.0,5.0,-14.96,0.0,0.0,2.0,0.0,2.0,7.0,1.0,1.0,3.0,3.0,8.0,6.0,4.0,2.0,9.0,1.0,2.0,4.0,6.0,2.0,5.0,0.0
10699,0.0,0.0,2.0,0.0,2.0,7.0,1.0,1.0,3.0,3.0,8.0,6.0,4.0,2.0,9.0,1.0,2.0,4.0,6.0,2.0,5.0,37.0,40.0,41.0,-18.481666666666662,0.0,0.0,2.0,0.0,4.0,7.0,2.0,2.0,4.0,4.0,9.0,7.0,5.0,1.0,1.0,2.0,3.0,5.0,7.0,3.0,6.0,1.0
10700,2.0,6.0,0.0,7.0,7.0,4.0,1.0,1.0,1.0,1.0,1.0,1.0,1.0,1.0,1.0,1.0,1.0,1.0,1.0,1.0,1.0,77.0,65.0,18.0,-12.251666666666665,0.0,6.0,0.0,7.0,7.0,6.0,2.0,2.0,2.0,1.0,2.0,2.0,2.0,2.0,2.0,2.0,2.0,2.0,2.0,1.0,2.0,0.0
10701,0.0,6.0,0.0,7.0,7.0,6.0,2.0,2.0,2.0,1.0,2.0,2.0,2.0,2.0,2.0,2.0,2.0,2.0,2.0,1.0,2.0,77.0,65.0,51.0,-11.966666666666665,0.0,6.0,0.0,7.0,9.0,6.0,3.0,3.0,3.0,2.0,3.0,3.0,3.0,3.0,3.0,3.0,1.0,3.0,3.0,1.0,3.0,0.0
10702,0.0,6.0,0.0,7.0,9.0,6.0,3.0,3.0,3.0,2.0,3.0,3.0,3.0,3.0,3.0,3.0,1.0,3.0,3.0,1.0,3.0,0.0,65.0,51.0,-18.05833333333333,0.0,6.0,0.0,7.0,9.0,6.0,1.0,4.0,4.0,3.0,4.0,4.0,4.0,4.0,4.0,4.0,1.0,4.0,4.0,1.0,4.0,0.0
10703,0.0,6.0,0.0,7.0,9.0,6.0,1.0,4.0,4.0,3.0,4.0,4.0,4.0,4.0,4.0,4.0,1.0,4.0,4.0,1.0,4.0,70.0,40.0,18.0,-18.325,0.0,6.0,0.0,7.0,9.0,8.0,2.0,5.0,5.0,1.0,5.0,5.0,5.0,5.0,1.0,5.0,2.0,5.0,5.0,2.0,1.0,0.0
10704,0.0,6.0,0.0,7.0,9.0,8.0,2.0,5.0,5.0,1.0,5.0,5.0,5.0,5.0,1.0,5.0,2.0,5.0,5.0,2.0,1.0,5.0,9.0,18.0,-35.045,0.0,6.0,0.0,5.0,9.0,9.0,3.0,1.0,6.0,1.0,6.0,6.0,6.0,6.0,2.0,6.0,3.0,6.0,6.0,3.0,2.0,0.0
10705,0.0,6.0,0.0,5.0,9.0,9.0,3.0,1.0,6.0,1.0,6.0,6.0,6.0,6.0,2.0,6.0,3.0,6.0,6.0,3.0,2.0,11.0,65.0,25.0,-13.809999999999999,2.0,6.0,0.0,5.0,9.0,9.0,4.0,2.0,1.0,2.0,7.0,1.0,7.0,7.0,3.0,7.0,4.0,7.0,7.0,1.0,3.0,0.0
10706,2.0,6.0,0.0,5.0,9.0,9.0,4.0,2.0,1.0,2.0,7.0,1.0,7.0,7.0,3.0,7.0,4.0,7.0,7.0,1.0,3.0,39.0,65.0,51.0,-20.365000000000002,2.0,4.0,0.0,5.0,9.0,9.0,5.0,3.0,2.0,3.0,8.0,2.0,8.0,1.0,4.0,8.0,1.0,8.0,8.0,1.0,4.0,0.0
10707,2.0,4.0,0.0,5.0,9.0,9.0,5.0,3.0,2.0,3.0,8.0,2.0,8.0,1.0,4.0,8.0,1.0,8.0,8.0,1.0,4.0,48.0,65.0,51.0,-18.218333333333334,2.0,6.0,0.0,5.0,9.0,9.0,6.0,4.0,3.0,4.0,9.0,3.0,9.0,2.0,5.0,1.0,1.0,9.0,9.0,1.0,5.0,0.0
10708,2.0,6.0,0.0,5.0,9.0,9.0,6.0,4.0,3.0,4.0,9.0,3.0,9.0,2.0,5.0,1.0,1.0,9.0,9.0,1.0,5.0,0.0,65.0,51.0,-21.319999999999997,2.0,6.0,0.0,5.0,9.0,9.0,1.0,5.0,4.0,5.0,10.0,4.0,10.0,3.0,6.0,2.0,1.0,10.0,10.0,1.0,6.0,0.0
10709,2.0,6.0,0.0,5.0,9.0,9.0,1.0,5.0,4.0,5.0,10.0,4.0,10.0,3.0,6.0,2.0,1.0,10.0,10.0,1.0,6.0,33.0,40.0,12.0,-24.39666666666667,2.0,8.0,0.0,5.0,7.0,9.0,2.0,6.0,1.0,6.0,11.0,5.0,1.0,4.0,1.0,3.0,2.0,11.0,11.0,2.0,7.0,0.0
10710,2.0,8.0,0.0,5.0,7.0,9.0,2.0,6.0,1.0,6.0,11.0,5.0,1.0,4.0,1.0,3.0,2.0,11.0,11.0,2.0,7.0,38.0,65.0,18.0,-28.781666666666663,2.0,9.0,0.0,5.0,7.0,9.0,3.0,7.0,2.0,1.0,12.0,6.0,2.0,1.0,2.0,4.0,3.0,12.0,12.0,1.0,8.0,0.0
10711,2.0,9.0,0.0,5.0,7.0,9.0,3.0,7.0,2.0,1.0,12.0,6.0,2.0,1.0,2.0,4.0,3.0,12.0,12.0,1.0,8.0,38.0,65.0,51.0,-30.223333333333333,2.0,9.0,0.0,5.0,9.0,9.0,4.0,8.0,3.0,2.0,13.0,7.0,3.0,1.0,3.0,5.0,1.0,13.0,13.0,1.0,9.0,0.0
10712,2.0,9.0,0.0,5.0,9.0,9.0,4.0,8.0,3.0,2.0,13.0,7.0,3.0,1.0,3.0,5.0,1.0,13.0,13.0,1.0,9.0,58.0,65.0,72.0,-13.724999999999998,2.0,9.0,0.0,5.0,7.0,9.0,5.0,9.0,4.0,3.0,14.0,8.0,4.0,2.0,4.0,6.0,2.0,1.0,14.0,1.0,1.0,0.0
10713,2.0,9.0,0.0,5.0,7.0,9.0,5.0,9.0,4.0,3.0,14.0,8.0,4.0,2.0,4.0,6.0,2.0,1.0,14.0,1.0,1.0,5.0,65.0,51.0,-28.96,2.0,9.0,0.0,5.0,9.0,9.0,6.0,1.0,5.0,4.0,15.0,9.0,5.0,3.0,5.0,7.0,1.0,2.0,15.0,1.0,2.0,0.0
10714,2.0,9.0,0.0,5.0,9.0,9.0,6.0,1.0,5.0,4.0,15.0,9.0,5.0,3.0,5.0,7.0,1.0,2.0,15.0,1.0,2.0,11.0,65.0,51.0,-19.263333333333332,4.0,9.0,0.0,5.0,9.0,9.0,7.0,2.0,1.0,5.0,16.0,10.0,6.0,4.0,6.0,8.0,1.0,3.0,16.0,1.0,3.0,0.0
10715,4.0,9.0,0.0,5.0,9.0,9.0,7.0,2.0,1.0,5.0,16.0,10.0,6.0,4.0,6.0,8.0,1.0,3.0,16.0,1.0,3.0,11.0,65.0,51.0,-19.443333333333335,6.0,9.0,0.0,5.0,9.0,9.0,8.0,3.0,1.0,6.0,17.0,11.0,7.0,5.0,7.0,9.0,1.0,4.0,17.0,1.0,4.0,0.0
10716,6.0,9.0,0.0,5.0,9.0,9.0,8.0,3.0,1.0,6.0,17.0,11.0,7.0,5.0,7.0,9.0,1.0,4.0,17.0,1.0,4.0,11.0,65.0,51.0,-20.86333333333333,8.0,9.0,0.0,5.0,9.0,9.0,9.0,4.0,1.0,7.0,18.0,12.0,8.0,6.0,8.0,10.0,1.0,5.0,18.0,1.0,5.0,0.0
10717,8.0,9.0,0.0,5.0,9.0,9.0,9.0,4.0,1.0,7.0,18.0,12.0,8.0,6.0,8.0,10.0,1.0,5.0,18.0,1.0,5.0,39.0,65.0,51.0,-26.290000000000003,8.0,7.0,0.0,5.0,9.0,9.0,10.0,5.0,2.0,8.0,19.0,13.0,9.0,1.0,9.0,11.0,1.0,6.0,19.0,1.0,6.0,0.0
10718,8.0,7.0,0.0,5.0,9.0,9.0,10.0,5.0,2.0,8.0,19.0,13.0,9.0,1.0,9.0,11.0,1.0,6.0,19.0,1.0,6.0,11.0,65.0,47.0,-23.256666666666664,9.0,7.0,0.0,5.0,7.0,9.0,11.0,6.0,1.0,9.0,20.0,14.0,10.0,2.0,10.0,1.0,2.0,7.0,20.0,1.0,7.0,0.0
10719,9.0,7.0,0.0,5.0,7.0,9.0,11.0,6.0,1.0,9.0,20.0,14.0,10.0,2.0,10.0,1.0,2.0,7.0,20.0,1.0,7.0,39.0,65.0,21.0,-18.84833333333333,9.0,5.0,0.0,5.0,9.0,9.0,12.0,7.0,2.0,10.0,1.0,15.0,11.0,1.0,11.0,2.0,3.0,8.0,21.0,1.0,8.0,0.0
10720,9.0,5.0,0.0,5.0,9.0,9.0,12.0,7.0,2.0,10.0,1.0,15.0,11.0,1.0,11.0,2.0,3.0,8.0,21.0,1.0,8.0,6.0,65.0,51.0,-21.905,9.0,5.0,0.0,5.0,9.0,9.0,13.0,1.0,3.0,11.0,2.0,16.0,12.0,2.0,12.0,3.0,1.0,9.0,22.0,1.0,9.0,0.0
10721,9.0,5.0,0.0,5.0,9.0,9.0,13.0,1.0,3.0,11.0,2.0,16.0,12.0,2.0,12.0,3.0,1.0,9.0,22.0,1.0,9.0,6.0,65.0,59.0,-24.961666666666666,9.0,5.0,0.0,5.0,9.0,7.0,14.0,1.0,4.0,12.0,3.0,17.0,13.0,3.0,13.0,4.0,2.0,1.0,23.0,1.0,10.0,0.0
10722,9.0,5.0,0.0,5.0,9.0,7.0,14.0,1.0,4.0,12.0,3.0,17.0,13.0,3.0,13.0,4.0,2.0,1.0,23.0,1.0,10.0,11.0,65.0,28.0,-16.589999999999996,9.0,5.0,0.0,5.0,9.0,9.0,15.0,2.0,1.0,13.0,4.0,1.0,14.0,4.0,14.0,5.0,3.0,2.0,24.0,1.0,11.0,0.0
10723,9.0,5.0,0.0,5.0,9.0,9.0,15.0,2.0,1.0,13.0,4.0,1.0,14.0,4.0,14.0,5.0,3.0,2.0,24.0,1.0,11.0,17.0,65.0,17.0,-24.716666666666665,7.0,5.0,0.0,5.0,7.0,9.0,16.0,3.0,2.0,1.0,5.0,2.0,15.0,5.0,15.0,6.0,4.0,3.0,25.0,1.0,12.0,0.0
10724,7.0,5.0,0.0,5.0,7.0,9.0,16.0,3.0,2.0,1.0,5.0,2.0,15.0,5.0,15.0,6.0,4.0,3.0,25.0,1.0,12.0,11.0,65.0,72.0,-15.571666666666665,9.0,5.0,0.0,5.0,5.0,9.0,17.0,4.0,1.0,2.0,6.0,3.0,16.0,6.0,16.0,7.0,5.0,4.0,26.0,1.0,1.0,0.0
10725,9.0,5.0,0.0,5.0,5.0,9.0,17.0,4.0,1.0,2.0,6.0,3.0,16.0,6.0,16.0,7.0,5.0,4.0,26.0,1.0,1.0,0.0,65.0,51.0,-24.803333333333335,9.0,5.0,0.0,5.0,7.0,9.0,1.0,5.0,2.0,3.0,7.0,4.0,17.0,7.0,17.0,8.0,1.0,5.0,27.0,1.0,2.0,0.0
10726,9.0,5.0,0.0,5.0,7.0,9.0,1.0,5.0,2.0,3.0,7.0,4.0,17.0,7.0,17.0,8.0,1.0,5.0,27.0,1.0,2.0,6.0,65.0,63.0,-13.528333333333332,9.0,5.0,0.0,5.0,7.0,9.0,2.0,1.0,3.0,4.0,8.0,5.0,18.0,8.0,18.0,9.0,2.0,6.0,1.0,1.0,3.0,0.0
10727,9.0,5.0,0.0,5.0,7.0,9.0,2.0,1.0,3.0,4.0,8.0,5.0,18.0,8.0,18.0,9.0,2.0,6.0,1.0,1.0,3.0,33.0,65.0,17.0,-19.195,9.0,7.0,0.0,5.0,5.0,9.0,3.0,2.0,4.0,1.0,9.0,6.0,1.0,9.0,19.0,10.0,3.0,7.0,2.0,1.0,4.0,0.0
10728,9.0,7.0,0.0,5.0,5.0,9.0,3.0,2.0,4.0,1.0,9.0,6.0,1.0,9.0,19.0,10.0,3.0,7.0,2.0,1.0,4.0,14.0,49.0,42.0,-8.075,9.0,5.0,0.0,3.0,3.0,9.0,4.0,3.0,1.0,2.0,10.0,7.0,2.0,10.0,1.0,1.0,4.0,8.0,3.0,2.0,5.0,0.0
10729,9.0,5.0,0.0,3.0,3.0,9.0,4.0,3.0,1.0,2.0,10.0,7.0,2.0,10.0,1.0,1.0,4.0,8.0,3.0,2.0,5.0,39.0,65.0,22.0,-18.768333333333334,9.0,3.0,0.0,3.0,1.0,9.0,5.0,4.0,2.0,3.0,1.0,8.0,3.0,1.0,2.0,2.0,5.0,9.0,4.0,1.0,6.0,0.0
10730,9.0,3.0,0.0,3.0,1.0,9.0,5.0,4.0,2.0,3.0,1.0,8.0,3.0,1.0,2.0,2.0,5.0,9.0,4.0,1.0,6.0,8.0,65.0,72.0,-11.75,9.0,5.0,0.0,3.0,0.0,9.0,6.0,1.0,3.0,4.0,2.0,9.0,4.0,2.0,3.0,3.0,6.0,10.0,5.0,1.0,1.0,0.0
10731,9.0,5.0,0.0,3.0,0.0,9.0,6.0,1.0,3.0,4.0,2.0,9.0,4.0,2.0,3.0,3.0,6.0,10.0,5.0,1.0,1.0,32.0,65.0,59.0,-12.834999999999999,7.0,5.0,0.0,3.0,0.0,7.0,7.0,2.0,4.0,5.0,3.0,10.0,1.0,3.0,4.0,4.0,7.0,1.0,6.0,1.0,2.0,0.0
10732,7.0,5.0,0.0,3.0,0.0,7.0,7.0,2.0,4.0,5.0,3.0,10.0,1.0,3.0,4.0,4.0,7.0,1.0,6.0,1.0,2.0,14.0,65.0,41.0,-12.615,7.0,3.0,0.0,3.0,2.0,7.0,8.0,3.0,1.0,6.0,4.0,11.0,2.0,4.0,1.0,5.0,8.0,2.0,7.0,1.0,3.0,0.0
10733,7.0,3.0,0.0,3.0,2.0,7.0,8.0,3.0,1.0,6.0,4.0,11.0,2.0,4.0,1.0,5.0,8.0,2.0,7.0,1.0,3.0,54.0,65.0,47.0,-15.316666666666665,7.0,1.0,0.0,3.0,0.0,7.0,9.0,4.0,2.0,7.0,5.0,12.0,3.0,5.0,2.0,1.0,1.0,3.0,8.0,1.0,4.0,0.0
10734,7.0,1.0,0.0,3.0,0.0,7.0,9.0,4.0,2.0,7.0,5.0,12.0,3.0,5.0,2.0,1.0,1.0,3.0,8.0,1.0,4.0,39.0,0.0,4.0,-11.198333333333332,7.0,0.0,0.0,3.0,0.0,5.0,1.0,5.0,3.0,8.0,6.0,13.0,4.0,1.0,3.0,2.0,2.0,4.0,9.0,2.0,5.0,0.0
10735,7.0,0.0,0.0,3.0,0.0,5.0,1.0,5.0,3.0,8.0,6.0,13.0,4.0,1.0,3.0,2.0,2.0,4.0,9.0,2.0,5.0,8.0,51.0,22.0,-13.501666666666669,7.0,2.0,2.0,3.0,0.0,5.0,2.0,1.0,4.0,9.0,1.0,14.0,5.0,2.0,4.0,3.0,1.0,5.0,10.0,3.0,6.0,0.0
10736,7.0,2.0,2.0,3.0,0.0,5.0,2.0,1.0,4.0,9.0,1.0,14.0,5.0,2.0,4.0,3.0,1.0,5.0,10.0,3.0,6.0,6.0,51.0,22.0,-14.301666666666668,9.0,2.0,4.0,3.0,0.0,5.0,3.0,1.0,5.0,10.0,1.0,15.0,6.0,3.0,5.0,4.0,1.0,6.0,11.0,4.0,7.0,0.0
10737,9.0,2.0,4.0,3.0,0.0,5.0,3.0,1.0,5.0,10.0,1.0,15.0,6.0,3.0,5.0,4.0,1.0,6.0,11.0,4.0,7.0,6.0,51.0,22.0,-15.721666666666668,9.0,2.0,6.0,3.0,0.0,5.0,4.0,1.0,6.0,11.0,1.0,16.0,7.0,4.0,6.0,5.0,1.0,7.0,12.0,5.0,8.0,0.0
10738,9.0,2.0,6.0,3.0,0.0,5.0,4.0,1.0,6.0,11.0,1.0,16.0,7.0,4.0,6.0,5.0,1.0,7.0,12.0,5.0,8.0,14.0,51.0,22.0,-26.418333333333333,9.0,0.0,8.0,3.0,0.0,5.0,5.0,2.0,1.0,12.0,1.0,17.0,8.0,5.0,7.0,6.0,1.0,8.0,13.0,6.0,9.0,0.0
10739,9.0,0.0,8.0,3.0,0.0,5.0,5.0,2.0,1.0,12.0,1.0,17.0,8.0,5.0,7.0,6.0,1.0,8.0,13.0,6.0,9.0,37.0,65.0,22.0,-17.318333333333335,7.0,0.0,8.0,3.0,0.0,5.0,6.0,3.0,2.0,13.0,1.0,18.0,9.0,1.0,8.0,7.0,2.0,9.0,14.0,1.0,10.0,0.0
10740,7.0,0.0,8.0,3.0,0.0,5.0,6.0,3.0,2.0,13.0,1.0,18.0,9.0,1.0,8.0,7.0,2.0,9.0,14.0,1.0,10.0,14.0,63.0,22.0,-23.385,7.0,0.0,8.0,5.0,0.0,5.0,7.0,4.0,1.0,14.0,1.0,19.0,10.0,2.0,9.0,8.0,3.0,10.0,1.0,2.0,11.0,0.0
10741,7.0,0.0,8.0,5.0,0.0,5.0,7.0,4.0,1.0,14.0,1.0,19.0,10.0,2.0,9.0,8.0,3.0,10.0,1.0,2.0,11.0,37.0,22.0,22.0,-316.125,5.0,0.0,6.0,5.0,0.0,5.0,8.0,5.0,2.0,15.0,1.0,20.0,11.0,1.0,10.0,9.0,4.0,11.0,2.0,3.0,12.0,0.0
10742,5.0,0.0,6.0,5.0,0.0,5.0,8.0,5.0,2.0,15.0,1.0,20.0,11.0,1.0,10.0,9.0,4.0,11.0,2.0,3.0,12.0,37.0,22.0,22.0,-19.471666666666664,3.0,0.0,4.0,5.0,0.0,5.0,9.0,6.0,3.0,16.0,1.0,21.0,12.0,1.0,11.0,10.0,5.0,12.0,3.0,4.0,13.0,0.0
10743,3.0,0.0,4.0,5.0,0.0,5.0,9.0,6.0,3.0,16.0,1.0,21.0,12.0,1.0,11.0,10.0,5.0,12.0,3.0,4.0,13.0,37.0,22.0,22.0,-25.298333333333332,1.0,0.0,2.0,5.0,0.0,5.0,10.0,7.0,4.0,17.0,1.0,22.0,13.0,1.0,12.0,11.0,6.0,13.0,4.0,5.0,14.0,0.0
10744,1.0,0.0,2.0,5.0,0.0,5.0,10.0,7.0,4.0,17.0,1.0,22.0,13.0,1.0,12.0,11.0,6.0,13.0,4.0,5.0,14.0,46.0,45.0,22.0,-19.763333333333335,3.0,0.0,2.0,5.0,0.0,5.0,11.0,8.0,5.0,18.0,1.0,23.0,14.0,2.0,13.0,1.0,7.0,14.0,5.0,6.0,15.0,0.0
10745,3.0,0.0,2.0,5.0,0.0,5.0,11.0,8.0,5.0,18.0,1.0,23.0,14.0,2.0,13.0,1.0,7.0,14.0,5.0,6.0,15.0,6.0,66.0,22.0,-18.988333333333333,5.0,0.0,4.0,5.0,0.0,5.0,12.0,1.0,6.0,19.0,1.0,24.0,15.0,3.0,14.0,2.0,8.0,15.0,6.0,1.0,16.0,0.0
10746,5.0,0.0,4.0,5.0,0.0,5.0,12.0,1.0,6.0,19.0,1.0,24.0,15.0,3.0,14.0,2.0,8.0,15.0,6.0,1.0,16.0,37.0,51.0,22.0,-20.118333333333332,3.0,0.0,6.0,5.0,0.0,5.0,13.0,2.0,7.0,20.0,1.0,25.0,16.0,1.0,15.0,3.0,1.0,16.0,7.0,2.0,17.0,0.0
10747,3.0,0.0,6.0,5.0,0.0,5.0,13.0,2.0,7.0,20.0,1.0,25.0,16.0,1.0,15.0,3.0,1.0,16.0,7.0,2.0,17.0,37.0,51.0,22.0,-25.258333333333333,1.0,0.0,8.0,5.0,0.0,5.0,14.0,3.0,8.0,21.0,1.0,26.0,17.0,1.0,16.0,4.0,1.0,17.0,8.0,3.0,18.0,0.0
10748,1.0,0.0,8.0,5.0,0.0,5.0,14.0,3.0,8.0,21.0,1.0,26.0,17.0,1.0,16.0,4.0,1.0,17.0,8.0,3.0,18.0,37.0,51.0,22.0,-29.15833333333333,0.0,0.0,9.0,5.0,0.0,5.0,15.0,4.0,9.0,22.0,1.0,27.0,18.0,1.0,17.0,5.0,1.0,18.0,9.0,4.0,19.0,0.0
10749,0.0,0.0,9.0,5.0,0.0,5.0,15.0,4.0,9.0,22.0,1.0,27.0,18.0,1.0,17.0,5.0,1.0,18.0,9.0,4.0,19.0,37.0,45.0,22.0,-33.876666666666665,0.0,0.0,9.0,5.0,0.0,5.0,16.0,5.0,10.0,23.0,1.0,28.0,19.0,1.0,18.0,1.0,2.0,19.0,10.0,5.0,20.0,0.0
10750,0.0,0.0,9.0,5.0,0.0,5.0,16.0,5.0,10.0,23.0,1.0,28.0,19.0,1.0,18.0,1.0,2.0,19.0,10.0,5.0,20.0,37.0,34.0,22.0,-25.881666666666668,0.0,0.0,9.0,3.0,0.0,5.0,17.0,6.0,11.0,24.0,1.0,29.0,1.0,1.0,19.0,2.0,3.0,20.0,11.0,6.0,21.0,0.0
10751,0.0,0.0,9.0,3.0,0.0,5.0,17.0,6.0,11.0,24.0,1.0,29.0,1.0,1.0,19.0,2.0,3.0,20.0,11.0,6.0,21.0,46.0,67.0,22.0,-22.561666666666667,2.0,0.0,7.0,3.0,0.0,5.0,18.0,7.0,12.0,25.0,1.0,30.0,2.0,2.0,20.0,1.0,4.0,21.0,12.0,1.0,22.0,0.0
10752,2.0,0.0,7.0,3.0,0.0,5.0,18.0,7.0,12.0,25.0,1.0,30.0,2.0,2.0,20.0,1.0,4.0,21.0,12.0,1.0,22.0,46.0,39.0,22.0,-22.83,4.0,0.0,7.0,1.0,0.0,5.0,19.0,8.0,13.0,26.0,1.0,31.0,3.0,1.0,21.0,1.0,5.0,22.0,13.0,2.0,23.0,0.0
10753,4.0,0.0,7.0,1.0,0.0,5.0,19.0,8.0,13.0,26.0,1.0,31.0,3.0,1.0,21.0,1.0,5.0,22.0,13.0,2.0,23.0,39.0,0.0,22.0,-23.515,4.0,0.0,7.0,1.0,0.0,5.0,1.0,9.0,14.0,27.0,1.0,32.0,4.0,1.0,22.0,2.0,6.0,23.0,14.0,3.0,24.0,0.0
10754,4.0,0.0,7.0,1.0,0.0,5.0,1.0,9.0,14.0,27.0,1.0,32.0,4.0,1.0,22.0,2.0,6.0,23.0,14.0,3.0,24.0,6.0,12.0,22.0,-26.17,6.0,0.0,5.0,1.0,0.0,5.0,2.0,1.0,1.0,28.0,1.0,33.0,5.0,2.0,23.0,3.0,7.0,24.0,15.0,4.0,25.0,0.0
10755,6.0,0.0,5.0,1.0,0.0,5.0,2.0,1.0,1.0,28.0,1.0,33.0,5.0,2.0,23.0,3.0,7.0,24.0,15.0,4.0,25.0,39.0,22.0,22.0,-25.575,6.0,0.0,3.0,1.0,0.0,5.0,3.0,2.0,2.0,29.0,1.0,34.0,6.0,1.0,24.0,4.0,8.0,25.0,16.0,5.0,26.0,0.0
10756,6.0,0.0,3.0,1.0,0.0,5.0,3.0,2.0,2.0,29.0,1.0,34.0,6.0,1.0,24.0,4.0,8.0,25.0,16.0,5.0,26.0,39.0,59.0,22.0,-32.99,6.0,0.0,3.0,0.0,0.0,5.0,4.0,3.0,3.0,30.0,1.0,35.0,7.0,1.0,25.0,5.0,9.0,1.0,17.0,6.0,27.0,0.0
10757,6.0,0.0,3.0,0.0,0.0,5.0,4.0,3.0,3.0,30.0,1.0,35.0,7.0,1.0,25.0,5.0,9.0,1.0,17.0,6.0,27.0,35.0,45.0,22.0,-21.898333333333333,6.0,0.0,3.0,0.0,0.0,5.0,5.0,4.0,4.0,31.0,1.0,36.0,8.0,1.0,26.0,1.0,10.0,2.0,18.0,7.0,28.0,0.0
10758,6.0,0.0,3.0,0.0,0.0,5.0,5.0,4.0,4.0,31.0,1.0,36.0,8.0,1.0,26.0,1.0,10.0,2.0,18.0,7.0,28.0,35.0,45.0,22.0,-22.698333333333334,6.0,0.0,3.0,0.0,0.0,5.0,6.0,5.0,5.0,32.0,1.0,37.0,9.0,1.0,27.0,1.0,11.0,3.0,19.0,8.0,29.0,0.0
10759,6.0,0.0,3.0,0.0,0.0,5.0,6.0,5.0,5.0,32.0,1.0,37.0,9.0,1.0,27.0,1.0,11.0,3.0,19.0,8.0,29.0,70.0,45.0,22.0,-33.876666666666665,6.0,0.0,3.0,0.0,0.0,5.0,7.0,6.0,6.0,33.0,1.0,38.0,10.0,2.0,28.0,1.0,12.0,4.0,20.0,9.0,1.0,0.0
10760,6.0,0.0,3.0,0.0,0.0,5.0,7.0,6.0,6.0,33.0,1.0,38.0,10.0,2.0,28.0,1.0,12.0,4.0,20.0,9.0,1.0,17.0,66.0,22.0,-28.91,4.0,0.0,5.0,0.0,0.0,5.0,8.0,7.0,7.0,1.0,1.0,39.0,11.0,3.0,29.0,2.0,13.0,5.0,21.0,1.0,2.0,0.0
10761,4.0,0.0,5.0,0.0,0.0,5.0,8.0,7.0,7.0,1.0,1.0,39.0,11.0,3.0,29.0,2.0,13.0,5.0,21.0,1.0,2.0,39.0,66.0,10.0,-22.201666666666668,4.0,0.0,7.0,0.0,0.0,5.0,9.0,8.0,1.0,2.0,2.0,40.0,12.0,1.0,30.0,3.0,14.0,6.0,22.0,1.0,3.0,0.0
10762,4.0,0.0,7.0,0.0,0.0,5.0,9.0,8.0,1.0,2.0,2.0,40.0,12.0,1.0,30.0,3.0,14.0,6.0,22.0,1.0,3.0,25.0,45.0,51.0,-20.331666666666663,4.0,0.0,7.0,0.0,2.0,5.0,10.0,9.0,2.0,3.0,3.0,1.0,13.0,2.0,31.0,1.0,1.0,7.0,23.0,2.0,4.0,0.0
10763,4.0,0.0,7.0,0.0,2.0,5.0,10.0,9.0,2.0,3.0,3.0,1.0,13.0,2.0,31.0,1.0,1.0,7.0,23.0,2.0,4.0,6.0,44.0,43.0,-16.65,6.0,0.0,7.0,0.0,2.0,7.0,11.0,1.0,3.0,4.0,4.0,2.0,14.0,3.0,1.0,2.0,2.0,8.0,24.0,3.0,5.0,0.0
10764,6.0,0.0,7.0,0.0,2.0,7.0,11.0,1.0,3.0,4.0,4.0,2.0,14.0,3.0,1.0,2.0,2.0,8.0,24.0,3.0,5.0,60.0,51.0,63.0,-29.091666666666665,6.0,0.0,9.0,0.0,2.0,9.0,12.0,2.0,4.0,5.0,5.0,3.0,15.0,4.0,2.0,3.0,1.0,9.0,1.0,4.0,6.0,0.0
10765,6.0,0.0,9.0,0.0,2.0,9.0,12.0,2.0,4.0,5.0,5.0,3.0,15.0,4.0,2.0,3.0,1.0,9.0,1.0,4.0,6.0,37.0,2.0,0.0,-18.95,4.0,0.0,7.0,0.0,2.0,9.0,1.0,3.0,5.0,6.0,6.0,4.0,16.0,1.0,3.0,4.0,2.0,10.0,2.0,5.0,7.0,0.0
10766,4.0,0.0,7.0,0.0,2.0,9.0,1.0,3.0,5.0,6.0,6.0,4.0,16.0,1.0,3.0,4.0,2.0,10.0,2.0,5.0,7.0,8.0,34.0,0.0,-317.3766666666667,4.0,2.0,7.0,0.0,2.0,9.0,1.0,1.0,6.0,7.0,7.0,5.0,1.0,2.0,4.0,5.0,3.0,11.0,3.0,6.0,8.0,0.0
10767,4.0,2.0,7.0,0.0,2.0,9.0,1.0,1.0,6.0,7.0,7.0,5.0,1.0,2.0,4.0,5.0,3.0,11.0,3.0,6.0,8.0,58.0,62.0,22.0,-30.151666666666664,4.0,4.0,5.0,0.0,0.0,9.0,2.0,2.0,7.0,8.0,1.0,6.0,2.0,3.0,5.0,6.0,4.0,1.0,1.0,7.0,9.0,0.0
10768,4.0,4.0,5.0,0.0,0.0,9.0,2.0,2.0,7.0,8.0,1.0,6.0,2.0,3.0,5.0,6.0,4.0,1.0,1.0,7.0,9.0,70.0,38.0,17.0,-309.3583333333333,4.0,4.0,5.0,2.0,0.0,9.0,3.0,3.0,8.0,1.0,2.0,7.0,3.0,1.0,6.0,7.0,5.0,2.0,2.0,8.0,1.0,0.0
10769,4.0,4.0,5.0,2.0,0.0,9.0,3.0,3.0,8.0,1.0,2.0,7.0,3.0,1.0,6.0,7.0,5.0,2.0,2.0,8.0,1.0,4.0,7.0,22.0,-17.729999999999997,4.0,2.0,3.0,2.0,0.0,9.0,1.0,1.0,9.0,2.0,1.0,8.0,4.0,2.0,7.0,8.0,6.0,3.0,3.0,9.0,2.0,0.0
10770,4.0,2.0,3.0,2.0,0.0,9.0,1.0,1.0,9.0,2.0,1.0,8.0,4.0,2.0,7.0,8.0,6.0,3.0,3.0,9.0,2.0,4.0,66.0,59.0,-7.4783333333333335,4.0,0.0,5.0,2.0,0.0,7.0,1.0,2.0,10.0,3.0,2.0,9.0,5.0,3.0,8.0,9.0,7.0,1.0,4.0,1.0,3.0,0.0
10771,4.0,0.0,5.0,2.0,0.0,7.0,1.0,2.0,10.0,3.0,2.0,9.0,5.0,3.0,8.0,9.0,7.0,1.0,4.0,1.0,3.0,11.0,51.0,10.0,-20.055,6.0,0.0,7.0,2.0,0.0,7.0,2.0,3.0,1.0,4.0,3.0,10.0,6.0,4.0,9.0,10.0,1.0,2.0,5.0,2.0,4.0,0.0
10772,6.0,0.0,7.0,2.0,0.0,7.0,2.0,3.0,1.0,4.0,3.0,10.0,6.0,4.0,9.0,10.0,1.0,2.0,5.0,2.0,4.0,11.0,44.0,42.0,-24.883333333333333,8.0,0.0,7.0,0.0,0.0,7.0,3.0,4.0,1.0,5.0,4.0,11.0,7.0,5.0,1.0,11.0,2.0,3.0,6.0,3.0,5.0,0.0
10773,8.0,0.0,7.0,0.0,0.0,7.0,3.0,4.0,1.0,5.0,4.0,11.0,7.0,5.0,1.0,11.0,2.0,3.0,6.0,3.0,5.0,9.0,2.0,47.0,-9.648333333333333,8.0,0.0,5.0,0.0,0.0,7.0,1.0,1.0,2.0,6.0,5.0,12.0,8.0,6.0,2.0,1.0,3.0,4.0,7.0,4.0,6.0,0.0
10774,8.0,0.0,5.0,0.0,0.0,7.0,1.0,1.0,2.0,6.0,5.0,12.0,8.0,6.0,2.0,1.0,3.0,4.0,7.0,4.0,6.0,37.0,39.0,52.0,-9.738333333333333,6.0,0.0,5.0,0.0,0.0,7.0,2.0,2.0,3.0,7.0,6.0,13.0,9.0,1.0,3.0,2.0,1.0,5.0,8.0,5.0,7.0,0.0
10775,6.0,0.0,5.0,0.0,0.0,7.0,2.0,2.0,3.0,7.0,6.0,13.0,9.0,1.0,3.0,2.0,1.0,5.0,8.0,5.0,7.0,8.0,51.0,52.0,-14.103333333333332,6.0,2.0,7.0,0.0,0.0,7.0,3.0,1.0,4.0,8.0,7.0,14.0,10.0,2.0,4.0,3.0,1.0,6.0,9.0,6.0,8.0,0.0
10776,6.0,2.0,7.0,0.0,0.0,7.0,3.0,1.0,4.0,8.0,7.0,14.0,10.0,2.0,4.0,3.0,1.0,6.0,9.0,6.0,8.0,4.0,51.0,0.0,-21.811666666666667,6.0,0.0,9.0,0.0,0.0,7.0,1.0,2.0,5.0,9.0,8.0,15.0,11.0,3.0,5.0,4.0,1.0,7.0,10.0,7.0,9.0,0.0
10777,6.0,0.0,9.0,0.0,0.0,7.0,1.0,2.0,5.0,9.0,8.0,15.0,11.0,3.0,5.0,4.0,1.0,7.0,10.0,7.0,9.0,37.0,24.0,46.0,-14.681666666666667,4.0,0.0,9.0,0.0,2.0,7.0,2.0,3.0,6.0,10.0,1.0,16.0,12.0,1.0,6.0,1.0,2.0,8.0,11.0,8.0,10.0,0.0
10778,4.0,0.0,9.0,0.0,2.0,7.0,2.0,3.0,6.0,10.0,1.0,16.0,12.0,1.0,6.0,1.0,2.0,8.0,11.0,8.0,10.0,4.0,51.0,59.0,-16.431666666666665,4.0,0.0,9.0,0.0,2.0,5.0,1.0,4.0,7.0,11.0,2.0,17.0,13.0,2.0,7.0,2.0,1.0,1.0,12.0,9.0,11.0,0.0
10779,4.0,0.0,9.0,0.0,2.0,5.0,1.0,4.0,7.0,11.0,2.0,17.0,13.0,2.0,7.0,2.0,1.0,1.0,12.0,9.0,11.0,70.0,51.0,0.0,-26.794999999999998,4.0,0.0,9.0,0.0,2.0,5.0,1.0,5.0,8.0,12.0,3.0,18.0,14.0,3.0,8.0,3.0,1.0,2.0,13.0,10.0,1.0,0.0
10780,4.0,0.0,9.0,0.0,2.0,5.0,1.0,5.0,8.0,12.0,3.0,18.0,14.0,3.0,8.0,3.0,1.0,2.0,13.0,10.0,1.0,33.0,34.0,46.0,-12.556666666666665,4.0,2.0,9.0,0.0,4.0,5.0,2.0,6.0,9.0,13.0,4.0,19.0,1.0,4.0,9.0,1.0,2.0,3.0,14.0,11.0,2.0,0.0
10781,4.0,2.0,9.0,0.0,4.0,5.0,2.0,6.0,9.0,13.0,4.0,19.0,1.0,4.0,9.0,1.0,2.0,3.0,14.0,11.0,2.0,4.0,39.0,18.0,-10.275,4.0,0.0,9.0,0.0,4.0,7.0,1.0,7.0,10.0,1.0,5.0,20.0,2.0,1.0,10.0,2.0,3.0,4.0,15.0,12.0,3.0,0.0
10782,4.0,0.0,9.0,0.0,4.0,7.0,1.0,7.0,10.0,1.0,5.0,20.0,2.0,1.0,10.0,2.0,3.0,4.0,15.0,12.0,3.0,38.0,24.0,7.0,-20.01833333333333,4.0,2.0,9.0,0.0,2.0,7.0,2.0,1.0,11.0,2.0,1.0,21.0,3.0,1.0,11.0,3.0,4.0,5.0,16.0,13.0,4.0,0.0
10783,4.0,2.0,9.0,0.0,2.0,7.0,2.0,1.0,11.0,2.0,1.0,21.0,3.0,1.0,11.0,3.0,4.0,5.0,16.0,13.0,4.0,11.0,51.0,59.0,-19.529999999999998,6.0,2.0,9.0,0.0,2.0,5.0,3.0,2.0,1.0,3.0,2.0,22.0,4.0,2.0,12.0,4.0,1.0,1.0,17.0,14.0,5.0,0.0
10784,6.0,2.0,9.0,0.0,2.0,5.0,3.0,2.0,1.0,3.0,2.0,22.0,4.0,2.0,12.0,4.0,1.0,1.0,17.0,14.0,5.0,25.0,78.0,42.0,-10.358333333333333,6.0,2.0,9.0,2.0,0.0,5.0,4.0,3.0,2.0,4.0,3.0,1.0,5.0,3.0,1.0,5.0,2.0,2.0,18.0,15.0,6.0,0.0
10785,6.0,2.0,9.0,2.0,0.0,5.0,4.0,3.0,2.0,4.0,3.0,1.0,5.0,3.0,1.0,5.0,2.0,2.0,18.0,15.0,6.0,52.0,24.0,70.0,-12.795,4.0,2.0,9.0,0.0,0.0,5.0,5.0,4.0,3.0,5.0,1.0,2.0,6.0,4.0,2.0,6.0,1.0,3.0,19.0,16.0,1.0,0.0
10786,4.0,2.0,9.0,0.0,0.0,5.0,5.0,4.0,3.0,5.0,1.0,2.0,6.0,4.0,2.0,6.0,1.0,3.0,19.0,16.0,1.0,4.0,51.0,70.0,-14.878333333333334,4.0,0.0,9.0,0.0,0.0,5.0,1.0,5.0,4.0,6.0,2.0,3.0,7.0,5.0,3.0,7.0,1.0,4.0,20.0,17.0,1.0,0.0
10787,4.0,0.0,9.0,0.0,0.0,5.0,1.0,5.0,4.0,6.0,2.0,3.0,7.0,5.0,3.0,7.0,1.0,4.0,20.0,17.0,1.0,52.0,68.0,70.0,-14.921666666666665,2.0,0.0,9.0,2.0,0.0,5.0,2.0,6.0,5.0,7.0,3.0,4.0,8.0,6.0,4.0,8.0,1.0,5.0,21.0,1.0,1.0,0.0
10788,2.0,0.0,9.0,2.0,0.0,5.0,2.0,6.0,5.0,7.0,3.0,4.0,8.0,6.0,4.0,8.0,1.0,5.0,21.0,1.0,1.0,52.0,24.0,63.0,-27.275000000000002,0.0,0.0,9.0,0.0,0.0,7.0,3.0,7.0,6.0,8.0,1.0,5.0,9.0,7.0,5.0,9.0,1.0,6.0,1.0,2.0,2.0,0.0
10789,0.0,0.0,9.0,0.0,0.0,7.0,3.0,7.0,6.0,8.0,1.0,5.0,9.0,7.0,5.0,9.0,1.0,6.0,1.0,2.0,2.0,9.0,34.0,17.0,-13.344999999999999,0.0,0.0,9.0,0.0,0.0,7.0,4.0,1.0,7.0,1.0,2.0,6.0,1.0,8.0,6.0,10.0,2.0,7.0,2.0,3.0,3.0,0.0
10790,0.0,0.0,9.0,0.0,0.0,7.0,4.0,1.0,7.0,1.0,2.0,6.0,1.0,8.0,6.0,10.0,2.0,7.0,2.0,3.0,3.0,11.0,62.0,65.0,-27.65,2.0,0.0,7.0,0.0,0.0,7.0,5.0,2.0,1.0,2.0,3.0,7.0,2.0,9.0,7.0,11.0,3.0,8.0,1.0,1.0,4.0,0.0
10791,2.0,0.0,7.0,0.0,0.0,7.0,5.0,2.0,1.0,2.0,3.0,7.0,2.0,9.0,7.0,11.0,3.0,8.0,1.0,1.0,4.0,46.0,8.0,42.0,-9.026666666666666,4.0,0.0,7.0,2.0,0.0,7.0,6.0,1.0,2.0,3.0,4.0,8.0,3.0,10.0,1.0,1.0,4.0,9.0,2.0,2.0,5.0,0.0
10792,4.0,0.0,7.0,2.0,0.0,7.0,6.0,1.0,2.0,3.0,4.0,8.0,3.0,10.0,1.0,1.0,4.0,9.0,2.0,2.0,5.0,9.0,8.0,39.0,-15.493333333333332,4.0,0.0,7.0,4.0,0.0,5.0,7.0,1.0,3.0,4.0,5.0,9.0,4.0,1.0,2.0,2.0,5.0,10.0,3.0,3.0,6.0,0.0
10793,4.0,0.0,7.0,4.0,0.0,5.0,7.0,1.0,3.0,4.0,5.0,9.0,4.0,1.0,2.0,2.0,5.0,10.0,3.0,3.0,6.0,4.0,24.0,59.0,-11.771666666666667,4.0,0.0,7.0,2.0,0.0,3.0,1.0,2.0,4.0,5.0,1.0,10.0,5.0,2.0,3.0,3.0,6.0,1.0,4.0,4.0,7.0,0.0
10794,4.0,0.0,7.0,2.0,0.0,3.0,1.0,2.0,4.0,5.0,1.0,10.0,5.0,2.0,3.0,3.0,6.0,1.0,4.0,4.0,7.0,4.0,24.0,54.0,-12.85833333333333,4.0,0.0,7.0,0.0,0.0,1.0,1.0,3.0,5.0,6.0,1.0,11.0,6.0,3.0,4.0,4.0,1.0,2.0,5.0,5.0,8.0,0.0
10795,4.0,0.0,7.0,0.0,0.0,1.0,1.0,3.0,5.0,6.0,1.0,11.0,6.0,3.0,4.0,4.0,1.0,2.0,5.0,5.0,8.0,43.0,68.0,46.0,-11.441666666666666,4.0,2.0,7.0,2.0,2.0,1.0,2.0,4.0,6.0,7.0,2.0,12.0,7.0,4.0,1.0,1.0,2.0,3.0,6.0,1.0,9.0,0.0
10796,4.0,2.0,7.0,2.0,2.0,1.0,2.0,4.0,6.0,7.0,2.0,12.0,7.0,4.0,1.0,1.0,2.0,3.0,6.0,1.0,9.0,43.0,24.0,54.0,-13.968333333333334,4.0,4.0,7.0,0.0,2.0,0.0,3.0,5.0,7.0,8.0,1.0,13.0,8.0,5.0,1.0,2.0,1.0,4.0,7.0,2.0,10.0,0.0
10797,4.0,4.0,7.0,0.0,2.0,0.0,3.0,5.0,7.0,8.0,1.0,13.0,8.0,5.0,1.0,2.0,1.0,4.0,7.0,2.0,10.0,13.0,8.0,54.0,-9.606666666666666,4.0,6.0,7.0,2.0,2.0,0.0,4.0,1.0,1.0,9.0,2.0,14.0,9.0,6.0,2.0,3.0,1.0,5.0,8.0,3.0,11.0,0.0
10798,4.0,6.0,7.0,2.0,2.0,0.0,4.0,1.0,1.0,9.0,2.0,14.0,9.0,6.0,2.0,3.0,1.0,5.0,8.0,3.0,11.0,70.0,8.0,28.0,-13.833333333333334,4.0,6.0,7.0,4.0,2.0,2.0,5.0,1.0,2.0,10.0,3.0,1.0,10.0,7.0,3.0,4.0,2.0,6.0,9.0,4.0,1.0,0.0
10799,4.0,6.0,7.0,4.0,2.0,2.0,5.0,1.0,2.0,10.0,3.0,1.0,10.0,7.0,3.0,4.0,2.0,6.0,9.0,4.0,1.0,17.0,24.0,17.0,-9.316666666666666,2.0,6.0,7.0,2.0,0.0,2.0,6.0,2.0,3.0,1.0,1.0,2.0,11.0,8.0,4.0,5.0,3.0,7.0,10.0,5.0,2.0,1.0
10800,7.0,8.0,4.0,9.0,2.0,2.0,1.0,1.0,1.0,1.0,1.0,1.0,1.0,1.0,1.0,1.0,1.0,1.0,1.0,1.0,1.0,4.0,24.0,73.0,-13.115,7.0,6.0,4.0,7.0,2.0,4.0,1.0,2.0,2.0,2.0,1.0,2.0,2.0,2.0,2.0,2.0,2.0,2.0,2.0,2.0,1.0,0.0
10801,7.0,6.0,4.0,7.0,2.0,4.0,1.0,2.0,2.0,2.0,1.0,2.0,2.0,2.0,2.0,2.0,2.0,2.0,2.0,2.0,1.0,4.0,24.0,73.0,-8.955,7.0,4.0,4.0,5.0,2.0,6.0,1.0,3.0,3.0,3.0,1.0,3.0,3.0,3.0,3.0,3.0,3.0,3.0,3.0,3.0,1.0,0.0
10802,7.0,4.0,4.0,5.0,2.0,6.0,1.0,3.0,3.0,3.0,1.0,3.0,3.0,3.0,3.0,3.0,3.0,3.0,3.0,3.0,1.0,4.0,24.0,73.0,-8.515,7.0,2.0,4.0,3.0,2.0,8.0,1.0,4.0,4.0,4.0,1.0,4.0,4.0,4.0,4.0,4.0,4.0,4.0,4.0,4.0,1.0,0.0
10803,7.0,2.0,4.0,3.0,2.0,8.0,1.0,4.0,4.0,4.0,1.0,4.0,4.0,4.0,4.0,4.0,4.0,4.0,4.0,4.0,1.0,4.0,24.0,73.0,-11.329999999999998,7.0,0.0,4.0,1.0,2.0,9.0,1.0,5.0,5.0,5.0,1.0,5.0,5.0,5.0,5.0,5.0,5.0,5.0,5.0,5.0,1.0,0.0
10804,7.0,0.0,4.0,1.0,2.0,9.0,1.0,5.0,5.0,5.0,1.0,5.0,5.0,5.0,5.0,5.0,5.0,5.0,5.0,5.0,1.0,4.0,51.0,73.0,-10.003333333333334,7.0,0.0,6.0,1.0,2.0,9.0,1.0,6.0,6.0,6.0,2.0,6.0,6.0,6.0,6.0,6.0,1.0,6.0,6.0,6.0,1.0,0.0
10805,7.0,0.0,6.0,1.0,2.0,9.0,1.0,6.0,6.0,6.0,2.0,6.0,6.0,6.0,6.0,6.0,1.0,6.0,6.0,6.0,1.0,4.0,24.0,73.0,-12.751666666666665,7.0,0.0,6.0,0.0,2.0,9.0,1.0,7.0,7.0,7.0,1.0,7.0,7.0,7.0,7.0,7.0,2.0,7.0,7.0,7.0,1.0,0.0
10806,7.0,0.0,6.0,0.0,2.0,9.0,1.0,7.0,7.0,7.0,1.0,7.0,7.0,7.0,7.0,7.0,2.0,7.0,7.0,7.0,1.0,4.0,51.0,73.0,-14.415,7.0,0.0,8.0,0.0,2.0,9.0,1.0,8.0,8.0,8.0,2.0,8.0,8.0,8.0,8.0,8.0,1.0,8.0,8.0,8.0,1.0,0.0
10807,7.0,0.0,8.0,0.0,2.0,9.0,1.0,8.0,8.0,8.0,2.0,8.0,8.0,8.0,8.0,8.0,1.0,8.0,8.0,8.0,1.0,33.0,51.0,42.0,-16.761666666666663,7.0,2.0,9.0,0.0,0.0,9.0,2.0,9.0,9.0,9.0,3.0,9.0,1.0,9.0,1.0,9.0,1.0,9.0,9.0,9.0,2.0,0.0
10808,7.0,2.0,9.0,0.0,0.0,9.0,2.0,9.0,9.0,9.0,3.0,9.0,1.0,9.0,1.0,9.0,1.0,9.0,9.0,9.0,2.0,9.0,8.0,15.0,-9.121666666666666,7.0,0.0,9.0,2.0,0.0,9.0,3.0,1.0,10.0,1.0,4.0,10.0,2.0,10.0,2.0,10.0,2.0,10.0,10.0,10.0,3.0,0.0
10809,7.0,0.0,9.0,2.0,0.0,9.0,3.0,1.0,10.0,1.0,4.0,10.0,2.0,10.0,2.0,10.0,2.0,10.0,10.0,10.0,3.0,11.0,68.0,65.0,-23.97833333333333,9.0,0.0,9.0,4.0,0.0,9.0,4.0,2.0,1.0,2.0,5.0,11.0,3.0,11.0,3.0,11.0,3.0,11.0,11.0,1.0,4.0,0.0
10810,9.0,0.0,9.0,4.0,0.0,9.0,4.0,2.0,1.0,2.0,5.0,11.0,3.0,11.0,3.0,11.0,3.0,11.0,11.0,1.0,4.0,11.0,8.0,42.0,-21.78833333333333,9.0,0.0,9.0,6.0,0.0,9.0,5.0,1.0,1.0,3.0,6.0,12.0,4.0,12.0,1.0,12.0,4.0,12.0,12.0,2.0,5.0,0.0
10811,9.0,0.0,9.0,6.0,0.0,9.0,5.0,1.0,1.0,3.0,6.0,12.0,4.0,12.0,1.0,12.0,4.0,12.0,12.0,2.0,5.0,11.0,8.0,42.0,-25.688333333333333,9.0,0.0,9.0,8.0,0.0,9.0,6.0,1.0,1.0,4.0,7.0,13.0,5.0,13.0,1.0,13.0,5.0,13.0,13.0,3.0,6.0,0.0
10812,9.0,0.0,9.0,8.0,0.0,9.0,6.0,1.0,1.0,4.0,7.0,13.0,5.0,13.0,1.0,13.0,5.0,13.0,13.0,3.0,6.0,11.0,8.0,42.0,-28.503333333333334,9.0,0.0,9.0,9.0,0.0,9.0,7.0,1.0,1.0,5.0,8.0,14.0,6.0,14.0,1.0,14.0,6.0,14.0,14.0,4.0,7.0,0.0
10813,9.0,0.0,9.0,9.0,0.0,9.0,7.0,1.0,1.0,5.0,8.0,14.0,6.0,14.0,1.0,14.0,6.0,14.0,14.0,4.0,7.0,11.0,8.0,42.0,-29.303333333333335,9.0,0.0,9.0,9.0,0.0,9.0,8.0,1.0,1.0,6.0,9.0,15.0,7.0,15.0,1.0,15.0,7.0,15.0,15.0,5.0,8.0,0.0
10814,9.0,0.0,9.0,9.0,0.0,9.0,8.0,1.0,1.0,6.0,9.0,15.0,7.0,15.0,1.0,15.0,7.0,15.0,15.0,5.0,8.0,11.0,8.0,42.0,-30.10333333333333,9.0,0.0,9.0,9.0,0.0,9.0,9.0,1.0,1.0,7.0,10.0,16.0,8.0,16.0,1.0,16.0,8.0,16.0,16.0,6.0,9.0,0.0
10815,9.0,0.0,9.0,9.0,0.0,9.0,9.0,1.0,1.0,7.0,10.0,16.0,8.0,16.0,1.0,16.0,8.0,16.0,16.0,6.0,9.0,11.0,8.0,42.0,-30.903333333333332,9.0,0.0,9.0,9.0,0.0,9.0,10.0,1.0,1.0,8.0,11.0,17.0,9.0,17.0,1.0,17.0,9.0,17.0,17.0,7.0,10.0,0.0
10816,9.0,0.0,9.0,9.0,0.0,9.0,10.0,1.0,1.0,8.0,11.0,17.0,9.0,17.0,1.0,17.0,9.0,17.0,17.0,7.0,10.0,11.0,8.0,42.0,-31.703333333333333,9.0,0.0,9.0,9.0,0.0,9.0,11.0,1.0,1.0,9.0,12.0,18.0,10.0,18.0,1.0,18.0,10.0,18.0,18.0,8.0,11.0,0.0
10817,9.0,0.0,9.0,9.0,0.0,9.0,11.0,1.0,1.0,9.0,12.0,18.0,10.0,18.0,1.0,18.0,10.0,18.0,18.0,8.0,11.0,67.0,8.0,42.0,-27.541666666666664,7.0,0.0,9.0,9.0,0.0,9.0,12.0,1.0,2.0,10.0,13.0,19.0,11.0,19.0,1.0,19.0,11.0,19.0,19.0,1.0,12.0,0.0
10818,7.0,0.0,9.0,9.0,0.0,9.0,12.0,1.0,2.0,10.0,13.0,19.0,11.0,19.0,1.0,19.0,11.0,19.0,19.0,1.0,12.0,11.0,8.0,42.0,-32.769999999999996,9.0,0.0,9.0,9.0,0.0,9.0,13.0,1.0,1.0,11.0,14.0,20.0,12.0,20.0,1.0,20.0,12.0,20.0,20.0,2.0,13.0,0.0
10819,9.0,0.0,9.0,9.0,0.0,9.0,13.0,1.0,1.0,11.0,14.0,20.0,12.0,20.0,1.0,20.0,12.0,20.0,20.0,2.0,13.0,11.0,8.0,42.0,-33.57,9.0,0.0,9.0,9.0,0.0,9.0,14.0,1.0,1.0,12.0,15.0,21.0,13.0,21.0,1.0,21.0,13.0,21.0,21.0,3.0,14.0,0.0
10820,9.0,0.0,9.0,9.0,0.0,9.0,14.0,1.0,1.0,12.0,15.0,21.0,13.0,21.0,1.0,21.0,13.0,21.0,21.0,3.0,14.0,11.0,8.0,42.0,-34.37,9.0,0.0,9.0,9.0,0.0,9.0,15.0,1.0,1.0,13.0,16.0,22.0,14.0,22.0,1.0,22.0,14.0,22.0,22.0,4.0,15.0,0.0
10821,9.0,0.0,9.0,9.0,0.0,9.0,15.0,1.0,1.0,13.0,16.0,22.0,14.0,22.0,1.0,22.0,14.0,22.0,22.0,4.0,15.0,11.0,8.0,42.0,-35.17,9.0,0.0,9.0,9.0,0.0,9.0,16.0,1.0,1.0,14.0,17.0,23.0,15.0,23.0,1.0,23.0,15.0,23.0,23.0,5.0,16.0,0.0
10822,9.0,0.0,9.0,9.0,0.0,9.0,16.0,1.0,1.0,14.0,17.0,23.0,15.0,23.0,1.0,23.0,15.0,23.0,23.0,5.0,16.0,1.0,8.0,42.0,-31.714999999999996,9.0,0.0,9.0,9.0,0.0,9.0,1.0,1.0,2.0,15.0,18.0,24.0,16.0,24.0,1.0,24.0,16.0,24.0,24.0,6.0,17.0,0.0
10823,9.0,0.0,9.0,9.0,0.0,9.0,1.0,1.0,2.0,15.0,18.0,24.0,16.0,24.0,1.0,24.0,16.0,24.0,24.0,6.0,17.0,9.0,8.0,42.0,-28.086666666666666,9.0,0.0,9.0,9.0,0.0,9.0,2.0,1.0,3.0,16.0,19.0,25.0,17.0,25.0,1.0,25.0,17.0,25.0,25.0,7.0,18.0,0.0
10824,9.0,0.0,9.0,9.0,0.0,9.0,2.0,1.0,3.0,16.0,19.0,25.0,17.0,25.0,1.0,25.0,17.0,25.0,25.0,7.0,18.0,9.0,8.0,42.0,-28.953333333333333,9.0,0.0,9.0,9.0,0.0,9.0,3.0,1.0,4.0,17.0,20.0,26.0,18.0,26.0,1.0,26.0,18.0,26.0,26.0,8.0,19.0,0.0
10825,9.0,0.0,9.0,9.0,0.0,9.0,3.0,1.0,4.0,17.0,20.0,26.0,18.0,26.0,1.0,26.0,18.0,26.0,26.0,8.0,19.0,9.0,8.0,42.0,-29.82,9.0,0.0,9.0,9.0,0.0,9.0,4.0,1.0,5.0,18.0,21.0,27.0,19.0,27.0,1.0,27.0,19.0,27.0,27.0,9.0,20.0,0.0
10826,9.0,0.0,9.0,9.0,0.0,9.0,4.0,1.0,5.0,18.0,21.0,27.0,19.0,27.0,1.0,27.0,19.0,27.0,27.0,9.0,20.0,9.0,8.0,42.0,-30.686666666666667,9.0,0.0,9.0,9.0,0.0,9.0,5.0,1.0,6.0,19.0,22.0,28.0,20.0,28.0,1.0,28.0,20.0,28.0,28.0,10.0,21.0,0.0
10827,9.0,0.0,9.0,9.0,0.0,9.0,5.0,1.0,6.0,19.0,22.0,28.0,20.0,28.0,1.0,28.0,20.0,28.0,28.0,10.0,21.0,9.0,22.0,42.0,-24.351666666666667,9.0,0.0,7.0,9.0,0.0,9.0,6.0,1.0,7.0,20.0,1.0,29.0,21.0,29.0,1.0,29.0,21.0,29.0,29.0,11.0,22.0,0.0
10828,9.0,0.0,7.0,9.0,0.0,9.0,6.0,1.0,7.0,20.0,1.0,29.0,21.0,29.0,1.0,29.0,21.0,29.0,29.0,11.0,22.0,11.0,9.0,40.0,-33.89666666666666,9.0,0.0,7.0,7.0,0.0,9.0,7.0,1.0,1.0,21.0,2.0,30.0,22.0,30.0,1.0,30.0,22.0,30.0,30.0,12.0,23.0,0.0
10829,9.0,0.0,7.0,7.0,0.0,9.0,7.0,1.0,1.0,21.0,2.0,30.0,22.0,30.0,1.0,30.0,22.0,30.0,30.0,12.0,23.0,1.0,22.0,42.0,-28.34,9.0,0.0,5.0,7.0,0.0,9.0,1.0,2.0,2.0,22.0,1.0,31.0,23.0,31.0,1.0,31.0,23.0,31.0,31.0,13.0,24.0,0.0
10830,9.0,0.0,5.0,7.0,0.0,9.0,1.0,2.0,2.0,22.0,1.0,31.0,23.0,31.0,1.0,31.0,23.0,31.0,31.0,13.0,24.0,11.0,59.0,42.0,-34.04833333333333,9.0,0.0,5.0,5.0,0.0,9.0,2.0,3.0,1.0,23.0,2.0,32.0,24.0,32.0,1.0,32.0,24.0,1.0,32.0,14.0,25.0,0.0
10831,9.0,0.0,5.0,5.0,0.0,9.0,2.0,3.0,1.0,23.0,2.0,32.0,24.0,32.0,1.0,32.0,24.0,1.0,32.0,14.0,25.0,11.0,60.0,42.0,-30.921666666666667,9.0,0.0,5.0,5.0,0.0,9.0,3.0,4.0,1.0,24.0,3.0,33.0,25.0,33.0,1.0,33.0,25.0,2.0,1.0,15.0,26.0,0.0
10832,9.0,0.0,5.0,5.0,0.0,9.0,3.0,4.0,1.0,24.0,3.0,33.0,25.0,33.0,1.0,33.0,25.0,2.0,1.0,15.0,26.0,9.0,22.0,65.0,-25.34,9.0,0.0,3.0,5.0,0.0,9.0,4.0,1.0,2.0,25.0,1.0,34.0,26.0,34.0,2.0,34.0,26.0,3.0,2.0,1.0,27.0,0.0
10833,9.0,0.0,3.0,5.0,0.0,9.0,4.0,1.0,2.0,25.0,1.0,34.0,26.0,34.0,2.0,34.0,26.0,3.0,2.0,1.0,27.0,9.0,22.0,65.0,-29.239999999999995,9.0,0.0,1.0,5.0,0.0,9.0,5.0,1.0,3.0,26.0,1.0,35.0,27.0,35.0,3.0,35.0,27.0,4.0,3.0,1.0,28.0,0.0
10834,9.0,0.0,1.0,5.0,0.0,9.0,5.0,1.0,3.0,26.0,1.0,35.0,27.0,35.0,3.0,35.0,27.0,4.0,3.0,1.0,28.0,9.0,22.0,65.0,-32.05499999999999,9.0,0.0,0.0,5.0,0.0,9.0,6.0,1.0,4.0,27.0,1.0,36.0,28.0,36.0,4.0,36.0,28.0,5.0,4.0,1.0,29.0,0.0
10835,9.0,0.0,0.0,5.0,0.0,9.0,6.0,1.0,4.0,27.0,1.0,36.0,28.0,36.0,4.0,36.0,28.0,5.0,4.0,1.0,29.0,9.0,22.0,65.0,-32.855,9.0,0.0,0.0,5.0,0.0,9.0,7.0,1.0,5.0,28.0,1.0,37.0,29.0,37.0,5.0,37.0,29.0,6.0,5.0,1.0,30.0,0.0
10836,9.0,0.0,0.0,5.0,0.0,9.0,7.0,1.0,5.0,28.0,1.0,37.0,29.0,37.0,5.0,37.0,29.0,6.0,5.0,1.0,30.0,54.0,22.0,65.0,-36.90333333333333,9.0,0.0,0.0,5.0,0.0,9.0,8.0,2.0,6.0,29.0,1.0,38.0,30.0,38.0,6.0,38.0,1.0,7.0,6.0,1.0,31.0,0.0
10837,9.0,0.0,0.0,5.0,0.0,9.0,8.0,2.0,6.0,29.0,1.0,38.0,30.0,38.0,6.0,38.0,1.0,7.0,6.0,1.0,31.0,11.0,60.0,42.0,-41.663333333333334,9.0,0.0,0.0,5.0,0.0,9.0,9.0,3.0,1.0,30.0,2.0,39.0,31.0,39.0,1.0,39.0,2.0,8.0,1.0,2.0,32.0,0.0
10838,9.0,0.0,0.0,5.0,0.0,9.0,9.0,3.0,1.0,30.0,2.0,39.0,31.0,39.0,1.0,39.0,2.0,8.0,1.0,2.0,32.0,43.0,60.0,42.0,-41.29,9.0,2.0,0.0,5.0,0.0,9.0,10.0,4.0,2.0,31.0,3.0,40.0,32.0,40.0,1.0,40.0,3.0,9.0,1.0,3.0,33.0,0.0
10839,9.0,2.0,0.0,5.0,0.0,9.0,10.0,4.0,2.0,31.0,3.0,40.0,32.0,40.0,1.0,40.0,3.0,9.0,1.0,3.0,33.0,43.0,60.0,42.0,-39.67666666666667,9.0,4.0,0.0,5.0,0.0,9.0,11.0,5.0,3.0,32.0,4.0,41.0,33.0,41.0,1.0,41.0,4.0,10.0,1.0,4.0,34.0,0.0
10840,9.0,4.0,0.0,5.0,0.0,9.0,11.0,5.0,3.0,32.0,4.0,41.0,33.0,41.0,1.0,41.0,4.0,10.0,1.0,4.0,34.0,43.0,60.0,65.0,-42.291666666666664,9.0,6.0,0.0,5.0,0.0,9.0,12.0,6.0,4.0,33.0,5.0,42.0,34.0,42.0,1.0,42.0,5.0,11.0,1.0,1.0,35.0,0.0
10841,9.0,6.0,0.0,5.0,0.0,9.0,12.0,6.0,4.0,33.0,5.0,42.0,34.0,42.0,1.0,42.0,5.0,11.0,1.0,1.0,35.0,9.0,60.0,65.0,-39.968333333333334,9.0,4.0,0.0,5.0,0.0,9.0,13.0,1.0,5.0,34.0,6.0,43.0,35.0,43.0,2.0,43.0,6.0,12.0,1.0,1.0,36.0,0.0
10842,9.0,4.0,0.0,5.0,0.0,9.0,13.0,1.0,5.0,34.0,6.0,43.0,35.0,43.0,2.0,43.0,6.0,12.0,1.0,1.0,36.0,54.0,60.0,65.0,-43.69,9.0,2.0,0.0,5.0,0.0,9.0,14.0,2.0,6.0,35.0,7.0,44.0,36.0,44.0,3.0,44.0,1.0,13.0,1.0,1.0,37.0,0.0
10843,9.0,2.0,0.0,5.0,0.0,9.0,14.0,2.0,6.0,35.0,7.0,44.0,36.0,44.0,3.0,44.0,1.0,13.0,1.0,1.0,37.0,43.0,60.0,65.0,-45.13166666666667,9.0,4.0,0.0,5.0,0.0,9.0,15.0,3.0,7.0,36.0,8.0,45.0,37.0,45.0,1.0,45.0,2.0,14.0,1.0,1.0,38.0,0.0
10844,9.0,4.0,0.0,5.0,0.0,9.0,15.0,3.0,7.0,36.0,8.0,45.0,37.0,45.0,1.0,45.0,2.0,14.0,1.0,1.0,38.0,9.0,60.0,65.0,-41.14833333333333,9.0,2.0,0.0,5.0,0.0,9.0,16.0,1.0,8.0,37.0,9.0,46.0,38.0,46.0,2.0,46.0,3.0,15.0,1.0,1.0,39.0,0.0
10845,9.0,2.0,0.0,5.0,0.0,9.0,16.0,1.0,8.0,37.0,9.0,46.0,38.0,46.0,2.0,46.0,3.0,15.0,1.0,1.0,39.0,9.0,60.0,65.0,-42.56833333333333,9.0,0.0,0.0,5.0,0.0,9.0,17.0,1.0,9.0,38.0,10.0,47.0,39.0,47.0,3.0,47.0,4.0,16.0,1.0,1.0,40.0,0.0
10846,9.0,0.0,0.0,5.0,0.0,9.0,17.0,1.0,9.0,38.0,10.0,47.0,39.0,47.0,3.0,47.0,4.0,16.0,1.0,1.0,40.0,9.0,60.0,65.0,-43.36833333333333,9.0,0.0,0.0,5.0,0.0,9.0,18.0,1.0,10.0,39.0,11.0,48.0,40.0,48.0,4.0,48.0,5.0,17.0,1.0,1.0,41.0,0.0
10847,9.0,0.0,0.0,5.0,0.0,9.0,18.0,1.0,10.0,39.0,11.0,48.0,40.0,48.0,4.0,48.0,5.0,17.0,1.0,1.0,41.0,9.0,22.0,65.0,-37.92166666666667,9.0,0.0,0.0,5.0,0.0,9.0,19.0,1.0,11.0,40.0,1.0,49.0,41.0,49.0,5.0,49.0,6.0,18.0,2.0,1.0,42.0,0.0
10848,9.0,0.0,0.0,5.0,0.0,9.0,19.0,1.0,11.0,40.0,1.0,49.0,41.0,49.0,5.0,49.0,6.0,18.0,2.0,1.0,42.0,54.0,22.0,65.0,-43.50333333333333,9.0,0.0,0.0,5.0,0.0,9.0,20.0,2.0,12.0,41.0,1.0,50.0,42.0,50.0,6.0,50.0,1.0,19.0,3.0,1.0,43.0,0.0
10849,9.0,0.0,0.0,5.0,0.0,9.0,20.0,2.0,12.0,41.0,1.0,50.0,42.0,50.0,6.0,50.0,1.0,19.0,3.0,1.0,43.0,43.0,60.0,65.0,-50.81166666666667,9.0,2.0,0.0,5.0,0.0,9.0,21.0,3.0,13.0,42.0,2.0,51.0,43.0,51.0,1.0,51.0,2.0,20.0,1.0,1.0,44.0,0.0
10850,9.0,2.0,0.0,5.0,0.0,9.0,21.0,3.0,13.0,42.0,2.0,51.0,43.0,51.0,1.0,51.0,2.0,20.0,1.0,1.0,44.0,9.0,60.0,65.0,-44.968333333333334,9.0,0.0,0.0,5.0,0.0,9.0,22.0,1.0,14.0,43.0,3.0,52.0,44.0,52.0,2.0,52.0,3.0,21.0,1.0,1.0,45.0,0.0
10851,9.0,0.0,0.0,5.0,0.0,9.0,22.0,1.0,14.0,43.0,3.0,52.0,44.0,52.0,2.0,52.0,3.0,21.0,1.0,1.0,45.0,9.0,22.0,65.0,-40.05499999999999,9.0,0.0,0.0,5.0,0.0,9.0,23.0,1.0,15.0,44.0,1.0,53.0,45.0,53.0,3.0,53.0,4.0,22.0,2.0,1.0,46.0,0.0
10852,9.0,0.0,0.0,5.0,0.0,9.0,23.0,1.0,15.0,44.0,1.0,53.0,45.0,53.0,3.0,53.0,4.0,22.0,2.0,1.0,46.0,54.0,22.0,65.0,-45.769999999999996,9.0,0.0,0.0,5.0,0.0,9.0,24.0,2.0,16.0,45.0,1.0,54.0,46.0,54.0,4.0,54.0,1.0,23.0,3.0,1.0,47.0,0.0
10853,9.0,0.0,0.0,5.0,0.0,9.0,24.0,2.0,16.0,45.0,1.0,54.0,46.0,54.0,4.0,54.0,1.0,23.0,3.0,1.0,47.0,43.0,60.0,65.0,-53.21166666666666,9.0,2.0,0.0,5.0,0.0,9.0,25.0,3.0,17.0,46.0,2.0,55.0,47.0,55.0,1.0,55.0,2.0,24.0,1.0,1.0,48.0,0.0
10854,9.0,2.0,0.0,5.0,0.0,9.0,25.0,3.0,17.0,46.0,2.0,55.0,47.0,55.0,1.0,55.0,2.0,24.0,1.0,1.0,48.0,9.0,22.0,65.0,-41.721666666666664,9.0,0.0,0.0,5.0,0.0,9.0,26.0,1.0,18.0,47.0,1.0,56.0,48.0,56.0,2.0,56.0,3.0,25.0,2.0,1.0,49.0,0.0
10855,9.0,0.0,0.0,5.0,0.0,9.0,26.0,1.0,18.0,47.0,1.0,56.0,48.0,56.0,2.0,56.0,3.0,25.0,2.0,1.0,49.0,9.0,22.0,65.0,-42.52166666666666,9.0,0.0,0.0,5.0,0.0,9.0,27.0,1.0,19.0,48.0,1.0,57.0,49.0,57.0,3.0,57.0,4.0,26.0,3.0,1.0,50.0,0.0
10856,9.0,0.0,0.0,5.0,0.0,9.0,27.0,1.0,19.0,48.0,1.0,57.0,49.0,57.0,3.0,57.0,4.0,26.0,3.0,1.0,50.0,9.0,22.0,65.0,-43.321666666666665,9.0,0.0,0.0,5.0,0.0,9.0,28.0,1.0,20.0,49.0,1.0,58.0,50.0,58.0,4.0,58.0,5.0,27.0,4.0,1.0,51.0,0.0
10857,9.0,0.0,0.0,5.0,0.0,9.0,28.0,1.0,20.0,49.0,1.0,58.0,50.0,58.0,4.0,58.0,5.0,27.0,4.0,1.0,51.0,11.0,34.0,65.0,-52.91833333333334,9.0,0.0,0.0,3.0,0.0,9.0,29.0,2.0,1.0,50.0,2.0,59.0,1.0,59.0,5.0,59.0,6.0,28.0,5.0,1.0,52.0,0.0
10858,9.0,0.0,0.0,3.0,0.0,9.0,29.0,2.0,1.0,50.0,2.0,59.0,1.0,59.0,5.0,59.0,6.0,28.0,5.0,1.0,52.0,19.0,22.0,65.0,-51.934999999999995,9.0,0.0,0.0,3.0,0.0,9.0,30.0,3.0,2.0,1.0,1.0,60.0,2.0,60.0,6.0,60.0,7.0,29.0,6.0,1.0,53.0,0.0
10859,9.0,0.0,0.0,3.0,0.0,9.0,30.0,3.0,2.0,1.0,1.0,60.0,2.0,60.0,6.0,60.0,7.0,29.0,6.0,1.0,53.0,19.0,49.0,65.0,-41.82666666666667,9.0,0.0,0.0,1.0,0.0,9.0,31.0,4.0,3.0,1.0,2.0,61.0,3.0,61.0,7.0,1.0,8.0,30.0,7.0,1.0,54.0,0.0
10860,9.0,0.0,0.0,1.0,0.0,9.0,31.0,4.0,3.0,1.0,2.0,61.0,3.0,61.0,7.0,1.0,8.0,30.0,7.0,1.0,54.0,19.0,22.0,28.0,-53.44,9.0,0.0,0.0,1.0,0.0,9.0,32.0,5.0,4.0,1.0,1.0,1.0,4.0,62.0,8.0,2.0,9.0,31.0,8.0,2.0,55.0,0.0
10861,9.0,0.0,0.0,1.0,0.0,9.0,32.0,5.0,4.0,1.0,1.0,1.0,4.0,62.0,8.0,2.0,9.0,31.0,8.0,2.0,55.0,19.0,36.0,68.0,-36.46666666666666,9.0,0.0,2.0,1.0,0.0,9.0,33.0,6.0,5.0,1.0,2.0,2.0,5.0,1.0,9.0,3.0,10.0,32.0,9.0,1.0,56.0,0.0
10862,9.0,0.0,2.0,1.0,0.0,9.0,33.0,6.0,5.0,1.0,2.0,2.0,5.0,1.0,9.0,3.0,10.0,32.0,9.0,1.0,56.0,19.0,73.0,72.0,-29.481666666666666,9.0,0.0,2.0,3.0,0.0,9.0,34.0,7.0,6.0,1.0,3.0,3.0,6.0,2.0,10.0,4.0,11.0,33.0,10.0,2.0,1.0,0.0
10863,9.0,0.0,2.0,3.0,0.0,9.0,34.0,7.0,6.0,1.0,3.0,3.0,6.0,2.0,10.0,4.0,11.0,33.0,10.0,2.0,1.0,0.0,9.0,73.0,-18.071666666666665,9.0,0.0,2.0,1.0,0.0,9.0,1.0,1.0,7.0,2.0,4.0,4.0,7.0,3.0,11.0,5.0,12.0,34.0,11.0,3.0,1.0,0.0
10864,9.0,0.0,2.0,1.0,0.0,9.0,1.0,1.0,7.0,2.0,4.0,4.0,7.0,3.0,11.0,5.0,12.0,34.0,11.0,3.0,1.0,33.0,59.0,59.0,-19.438333333333336,9.0,2.0,2.0,0.0,0.0,7.0,2.0,2.0,8.0,3.0,5.0,5.0,1.0,4.0,12.0,6.0,13.0,1.0,12.0,4.0,2.0,0.0
10865,9.0,2.0,2.0,0.0,0.0,7.0,2.0,2.0,8.0,3.0,5.0,5.0,1.0,4.0,12.0,6.0,13.0,1.0,12.0,4.0,2.0,69.0,49.0,73.0,-14.523333333333332,9.0,0.0,2.0,0.0,0.0,9.0,3.0,3.0,9.0,4.0,6.0,6.0,2.0,5.0,13.0,1.0,14.0,2.0,13.0,1.0,1.0,0.0
10866,9.0,0.0,2.0,0.0,0.0,9.0,3.0,3.0,9.0,4.0,6.0,6.0,2.0,5.0,13.0,1.0,14.0,2.0,13.0,1.0,1.0,22.0,0.0,73.0,-11.291666666666664,7.0,0.0,2.0,0.0,0.0,9.0,1.0,4.0,10.0,5.0,1.0,7.0,3.0,6.0,14.0,2.0,15.0,3.0,14.0,2.0,1.0,0.0
10867,7.0,0.0,2.0,0.0,0.0,9.0,1.0,4.0,10.0,5.0,1.0,7.0,3.0,6.0,14.0,2.0,15.0,3.0,14.0,2.0,1.0,22.0,0.0,73.0,-12.711666666666666,5.0,0.0,2.0,0.0,0.0,9.0,1.0,5.0,11.0,6.0,1.0,8.0,4.0,7.0,15.0,3.0,16.0,4.0,15.0,3.0,1.0,0.0
10868,5.0,0.0,2.0,0.0,0.0,9.0,1.0,5.0,11.0,6.0,1.0,8.0,4.0,7.0,15.0,3.0,16.0,4.0,15.0,3.0,1.0,69.0,0.0,73.0,-12.758333333333333,5.0,0.0,2.0,0.0,0.0,9.0,1.0,6.0,12.0,7.0,2.0,9.0,5.0,8.0,16.0,4.0,17.0,5.0,16.0,1.0,1.0,0.0
10869,5.0,0.0,2.0,0.0,0.0,9.0,1.0,6.0,12.0,7.0,2.0,9.0,5.0,8.0,16.0,4.0,17.0,5.0,16.0,1.0,1.0,22.0,34.0,73.0,-23.145,3.0,0.0,2.0,0.0,0.0,9.0,2.0,7.0,13.0,8.0,1.0,10.0,1.0,9.0,17.0,5.0,18.0,6.0,17.0,2.0,1.0,0.0
10870,3.0,0.0,2.0,0.0,0.0,9.0,2.0,7.0,13.0,8.0,1.0,10.0,1.0,9.0,17.0,5.0,18.0,6.0,17.0,2.0,1.0,19.0,49.0,73.0,-16.701666666666668,3.0,0.0,2.0,0.0,0.0,9.0,3.0,8.0,14.0,1.0,2.0,11.0,2.0,10.0,18.0,1.0,19.0,7.0,18.0,3.0,1.0,0.0
10871,3.0,0.0,2.0,0.0,0.0,9.0,3.0,8.0,14.0,1.0,2.0,11.0,2.0,10.0,18.0,1.0,19.0,7.0,18.0,3.0,1.0,19.0,0.0,69.0,-19.87,3.0,0.0,2.0,0.0,0.0,7.0,1.0,9.0,15.0,1.0,3.0,12.0,3.0,11.0,19.0,2.0,20.0,8.0,19.0,1.0,2.0,0.0
10872,3.0,0.0,2.0,0.0,0.0,7.0,1.0,9.0,15.0,1.0,3.0,12.0,3.0,11.0,19.0,2.0,20.0,8.0,19.0,1.0,2.0,22.0,32.0,69.0,-35.43833333333333,1.0,0.0,0.0,0.0,0.0,5.0,2.0,10.0,16.0,2.0,1.0,13.0,1.0,12.0,20.0,3.0,21.0,9.0,20.0,1.0,3.0,0.0
10873,1.0,0.0,0.0,0.0,0.0,5.0,2.0,10.0,16.0,2.0,1.0,13.0,1.0,12.0,20.0,3.0,21.0,9.0,20.0,1.0,3.0,19.0,49.0,69.0,-22.08833333333333,1.0,0.0,0.0,0.0,0.0,3.0,3.0,11.0,17.0,1.0,2.0,14.0,2.0,13.0,21.0,1.0,22.0,10.0,21.0,1.0,4.0,0.0
10874,1.0,0.0,0.0,0.0,0.0,3.0,3.0,11.0,17.0,1.0,2.0,14.0,2.0,13.0,21.0,1.0,22.0,10.0,21.0,1.0,4.0,19.0,72.0,69.0,-33.07333333333333,1.0,0.0,0.0,0.0,0.0,1.0,4.0,12.0,18.0,1.0,3.0,15.0,3.0,14.0,22.0,2.0,23.0,11.0,22.0,1.0,1.0,0.0
10875,1.0,0.0,0.0,0.0,0.0,1.0,4.0,12.0,18.0,1.0,3.0,15.0,3.0,14.0,22.0,2.0,23.0,11.0,22.0,1.0,1.0,19.0,12.0,69.0,-36.769999999999996,1.0,0.0,0.0,0.0,0.0,0.0,5.0,13.0,1.0,1.0,4.0,16.0,4.0,15.0,23.0,3.0,24.0,12.0,23.0,1.0,2.0,0.0
10876,1.0,0.0,0.0,0.0,0.0,0.0,5.0,13.0,1.0,1.0,4.0,16.0,4.0,15.0,23.0,3.0,24.0,12.0,23.0,1.0,2.0,22.0,29.0,51.0,-36.696666666666665,0.0,0.0,0.0,0.0,2.0,0.0,6.0,14.0,2.0,2.0,1.0,1.0,5.0,16.0,24.0,4.0,1.0,13.0,24.0,2.0,3.0,0.0
10877,0.0,0.0,0.0,0.0,2.0,0.0,6.0,14.0,2.0,2.0,1.0,1.0,5.0,16.0,24.0,4.0,1.0,13.0,24.0,2.0,3.0,22.0,60.0,42.0,-47.76,0.0,0.0,0.0,0.0,0.0,0.0,7.0,15.0,3.0,3.0,1.0,2.0,6.0,17.0,1.0,5.0,2.0,14.0,1.0,3.0,4.0,0.0
10878,0.0,0.0,0.0,0.0,0.0,0.0,7.0,15.0,3.0,3.0,1.0,2.0,6.0,17.0,1.0,5.0,2.0,14.0,1.0,3.0,4.0,19.0,59.0,68.0,-29.44666666666667,0.0,0.0,0.0,0.0,0.0,2.0,8.0,16.0,4.0,1.0,2.0,3.0,7.0,18.0,2.0,6.0,3.0,1.0,2.0,1.0,5.0,0.0
10879,0.0,0.0,0.0,0.0,0.0,2.0,8.0,16.0,4.0,1.0,2.0,3.0,7.0,18.0,2.0,6.0,3.0,1.0,2.0,1.0,5.0,19.0,36.0,9.0,-20.98333333333333,0.0,0.0,2.0,0.0,0.0,0.0,9.0,1.0,5.0,1.0,3.0,4.0,8.0,1.0,3.0,7.0,4.0,2.0,3.0,2.0,6.0,0.0
10880,0.0,0.0,2.0,0.0,0.0,0.0,9.0,1.0,5.0,1.0,3.0,4.0,8.0,1.0,3.0,7.0,4.0,2.0,3.0,2.0,6.0,31.0,34.0,73.0,-26.165000000000003,2.0,0.0,2.0,0.0,0.0,2.0,10.0,2.0,6.0,2.0,4.0,5.0,1.0,2.0,4.0,8.0,5.0,3.0,4.0,3.0,1.0,0.0
10881,2.0,0.0,2.0,0.0,0.0,2.0,10.0,2.0,6.0,2.0,4.0,5.0,1.0,2.0,4.0,8.0,5.0,3.0,4.0,3.0,1.0,19.0,49.0,47.0,-12.703333333333333,2.0,0.0,2.0,0.0,0.0,2.0,11.0,3.0,7.0,1.0,5.0,6.0,2.0,3.0,5.0,1.0,6.0,4.0,5.0,4.0,2.0,0.0
10882,2.0,0.0,2.0,0.0,0.0,2.0,11.0,3.0,7.0,1.0,5.0,6.0,2.0,3.0,5.0,1.0,6.0,4.0,5.0,4.0,2.0,19.0,0.0,59.0,-23.486666666666668,2.0,0.0,2.0,0.0,0.0,0.0,1.0,4.0,8.0,1.0,6.0,7.0,3.0,4.0,6.0,2.0,7.0,1.0,6.0,5.0,3.0,0.0
10883,2.0,0.0,2.0,0.0,0.0,0.0,1.0,4.0,8.0,1.0,6.0,7.0,3.0,4.0,6.0,2.0,7.0,1.0,6.0,5.0,3.0,69.0,72.0,69.0,-28.758333333333336,2.0,0.0,0.0,0.0,0.0,0.0,2.0,5.0,9.0,2.0,7.0,8.0,4.0,5.0,7.0,3.0,8.0,2.0,7.0,1.0,1.0,0.0
10884,2.0,0.0,0.0,0.0,0.0,0.0,2.0,5.0,9.0,2.0,7.0,8.0,4.0,5.0,7.0,3.0,8.0,2.0,7.0,1.0,1.0,9.0,12.0,54.0,-27.361666666666665,2.0,0.0,0.0,0.0,0.0,0.0,3.0,1.0,1.0,3.0,8.0,9.0,5.0,6.0,8.0,4.0,1.0,3.0,8.0,2.0,2.0,0.0
10885,2.0,0.0,0.0,0.0,0.0,0.0,3.0,1.0,1.0,3.0,8.0,9.0,5.0,6.0,8.0,4.0,1.0,3.0,8.0,2.0,2.0,69.0,31.0,28.0,-28.999999999999996,2.0,0.0,2.0,0.0,0.0,2.0,4.0,2.0,2.0,4.0,9.0,1.0,1.0,7.0,9.0,5.0,2.0,4.0,9.0,1.0,3.0,0.0
10886,2.0,0.0,2.0,0.0,0.0,2.0,4.0,2.0,2.0,4.0,9.0,1.0,1.0,7.0,9.0,5.0,2.0,4.0,9.0,1.0,3.0,69.0,60.0,21.0,-30.128333333333337,2.0,0.0,2.0,0.0,2.0,2.0,5.0,3.0,3.0,5.0,1.0,2.0,2.0,8.0,10.0,6.0,3.0,5.0,1.0,1.0,4.0,0.0
10887,2.0,0.0,2.0,0.0,2.0,2.0,5.0,3.0,3.0,5.0,1.0,2.0,2.0,8.0,10.0,6.0,3.0,5.0,1.0,1.0,4.0,17.0,60.0,42.0,-31.611666666666668,0.0,0.0,2.0,0.0,0.0,2.0,6.0,4.0,4.0,1.0,2.0,3.0,3.0,9.0,1.0,7.0,4.0,6.0,1.0,2.0,5.0,0.0
10888,0.0,0.0,2.0,0.0,0.0,2.0,6.0,4.0,4.0,1.0,2.0,3.0,3.0,9.0,1.0,7.0,4.0,6.0,1.0,2.0,5.0,9.0,39.0,2.0,-16.465,0.0,0.0,2.0,0.0,0.0,2.0,1.0,1.0,5.0,2.0,3.0,4.0,4.0,1.0,2.0,8.0,5.0,7.0,2.0,3.0,6.0,0.0
10889,0.0,0.0,2.0,0.0,0.0,2.0,1.0,1.0,5.0,2.0,3.0,4.0,4.0,1.0,2.0,8.0,5.0,7.0,2.0,3.0,6.0,9.0,65.0,59.0,-30.52666666666667,0.0,0.0,2.0,0.0,0.0,0.0,2.0,1.0,6.0,3.0,4.0,5.0,5.0,2.0,3.0,9.0,6.0,1.0,3.0,1.0,7.0,0.0
10890,0.0,0.0,2.0,0.0,0.0,0.0,2.0,1.0,6.0,3.0,4.0,5.0,5.0,2.0,3.0,9.0,6.0,1.0,3.0,1.0,7.0,9.0,77.0,11.0,-23.0,0.0,0.0,0.0,0.0,2.0,0.0,3.0,1.0,1.0,4.0,5.0,6.0,6.0,3.0,4.0,10.0,7.0,2.0,4.0,2.0,8.0,0.0
10891,0.0,0.0,0.0,0.0,2.0,0.0,3.0,1.0,1.0,4.0,5.0,6.0,6.0,3.0,4.0,10.0,7.0,2.0,4.0,2.0,8.0,54.0,65.0,49.0,-18.703333333333333,0.0,0.0,0.0,0.0,2.0,0.0,4.0,2.0,2.0,5.0,6.0,7.0,7.0,4.0,5.0,1.0,1.0,3.0,5.0,1.0,9.0,0.0
10892,0.0,0.0,0.0,0.0,2.0,0.0,4.0,2.0,2.0,5.0,6.0,7.0,7.0,4.0,5.0,1.0,1.0,3.0,5.0,1.0,9.0,2.0,65.0,68.0,-17.355,0.0,0.0,0.0,0.0,2.0,2.0,1.0,3.0,3.0,6.0,7.0,8.0,8.0,5.0,6.0,2.0,2.0,4.0,6.0,1.0,10.0,0.0
10893,0.0,0.0,0.0,0.0,2.0,2.0,1.0,3.0,3.0,6.0,7.0,8.0,8.0,5.0,6.0,2.0,2.0,4.0,6.0,1.0,10.0,47.0,65.0,11.0,-20.125,0.0,0.0,0.0,0.0,4.0,2.0,2.0,4.0,1.0,7.0,8.0,9.0,9.0,6.0,7.0,1.0,3.0,5.0,7.0,1.0,11.0,0.0
10894,0.0,0.0,0.0,0.0,4.0,2.0,2.0,4.0,1.0,7.0,8.0,9.0,9.0,6.0,7.0,1.0,3.0,5.0,7.0,1.0,11.0,47.0,65.0,11.0,-20.305,0.0,0.0,0.0,0.0,6.0,2.0,3.0,5.0,1.0,8.0,9.0,10.0,10.0,7.0,8.0,1.0,4.0,6.0,8.0,1.0,12.0,0.0
10895,0.0,0.0,0.0,0.0,6.0,2.0,3.0,5.0,1.0,8.0,9.0,10.0,10.0,7.0,8.0,1.0,4.0,6.0,8.0,1.0,12.0,39.0,65.0,11.0,-25.045,0.0,0.0,0.0,0.0,8.0,2.0,4.0,6.0,1.0,9.0,10.0,11.0,11.0,1.0,9.0,2.0,5.0,7.0,9.0,1.0,13.0,0.0
10896,0.0,0.0,0.0,0.0,8.0,2.0,4.0,6.0,1.0,9.0,10.0,11.0,11.0,1.0,9.0,2.0,5.0,7.0,9.0,1.0,13.0,2.0,19.0,11.0,-19.686666666666667,0.0,0.0,0.0,0.0,9.0,2.0,1.0,7.0,1.0,1.0,11.0,12.0,12.0,2.0,10.0,3.0,6.0,8.0,10.0,2.0,14.0,0.0
10897,0.0,0.0,0.0,0.0,9.0,2.0,1.0,7.0,1.0,1.0,11.0,12.0,12.0,2.0,10.0,3.0,6.0,8.0,10.0,2.0,14.0,47.0,65.0,11.0,-22.766666666666666,0.0,0.0,0.0,0.0,9.0,2.0,2.0,8.0,1.0,2.0,12.0,13.0,13.0,3.0,11.0,1.0,7.0,9.0,11.0,1.0,15.0,0.0
10898,0.0,0.0,0.0,0.0,9.0,2.0,2.0,8.0,1.0,2.0,12.0,13.0,13.0,3.0,11.0,1.0,7.0,9.0,11.0,1.0,15.0,47.0,19.0,11.0,-21.485,0.0,0.0,0.0,0.0,9.0,2.0,3.0,9.0,1.0,1.0,13.0,14.0,14.0,4.0,12.0,1.0,8.0,10.0,12.0,2.0,16.0,0.0
10899,0.0,0.0,0.0,0.0,9.0,2.0,3.0,9.0,1.0,1.0,13.0,14.0,14.0,4.0,12.0,1.0,8.0,10.0,12.0,2.0,16.0,76.0,19.0,11.0,-20.18166666666667,2.0,0.0,0.0,0.0,9.0,2.0,4.0,10.0,1.0,1.0,14.0,15.0,15.0,5.0,13.0,2.0,9.0,11.0,13.0,3.0,17.0,1.0
10900,9.0,6.0,4.0,9.0,0.0,2.0,1.0,1.0,1.0,1.0,1.0,1.0,1.0,1.0,1.0,1.0,1.0,1.0,1.0,1.0,1.0,6.0,24.0,12.0,-16.834999999999997,9.0,6.0,4.0,7.0,0.0,2.0,2.0,1.0,1.0,2.0,1.0,2.0,2.0,2.0,2.0,2.0,2.0,2.0,2.0,2.0,2.0,0.0
10901,9.0,6.0,4.0,7.0,0.0,2.0,2.0,1.0,1.0,2.0,1.0,2.0,2.0,2.0,2.0,2.0,2.0,2.0,2.0,2.0,2.0,6.0,65.0,12.0,-16.328333333333333,9.0,6.0,4.0,7.0,0.0,2.0,3.0,1.0,1.0,3.0,2.0,3.0,3.0,3.0,3.0,3.0,3.0,3.0,3.0,1.0,3.0,0.0
10902,9.0,6.0,4.0,7.0,0.0,2.0,3.0,1.0,1.0,3.0,2.0,3.0,3.0,3.0,3.0,3.0,3.0,3.0,3.0,1.0,3.0,19.0,65.0,12.0,-24.435,9.0,4.0,4.0,7.0,0.0,2.0,4.0,2.0,1.0,1.0,3.0,4.0,4.0,4.0,4.0,4.0,4.0,4.0,4.0,1.0,4.0,0.0
10903,9.0,4.0,4.0,7.0,0.0,2.0,4.0,2.0,1.0,1.0,3.0,4.0,4.0,4.0,4.0,4.0,4.0,4.0,4.0,1.0,4.0,2.0,65.0,12.0,-18.369999999999997,7.0,4.0,4.0,7.0,0.0,2.0,1.0,3.0,1.0,2.0,4.0,5.0,5.0,5.0,5.0,5.0,5.0,5.0,5.0,1.0,5.0,0.0
10904,7.0,4.0,4.0,7.0,0.0,2.0,1.0,3.0,1.0,2.0,4.0,5.0,5.0,5.0,5.0,5.0,5.0,5.0,5.0,1.0,5.0,69.0,65.0,12.0,-17.376666666666665,7.0,2.0,4.0,7.0,0.0,2.0,2.0,4.0,1.0,3.0,5.0,6.0,6.0,6.0,6.0,6.0,6.0,6.0,6.0,1.0,6.0,0.0
10905,7.0,2.0,4.0,7.0,0.0,2.0,2.0,4.0,1.0,3.0,5.0,6.0,6.0,6.0,6.0,6.0,6.0,6.0,6.0,1.0,6.0,39.0,65.0,12.0,-16.138333333333332,7.0,0.0,4.0,7.0,0.0,2.0,3.0,5.0,1.0,4.0,6.0,7.0,7.0,1.0,7.0,7.0,7.0,7.0,7.0,1.0,7.0,0.0
10906,7.0,0.0,4.0,7.0,0.0,2.0,3.0,5.0,1.0,4.0,6.0,7.0,7.0,1.0,7.0,7.0,7.0,7.0,7.0,1.0,7.0,2.0,65.0,12.0,-17.269999999999996,5.0,0.0,4.0,7.0,0.0,2.0,1.0,6.0,1.0,5.0,7.0,8.0,8.0,2.0,8.0,8.0,8.0,8.0,8.0,1.0,8.0,0.0
10907,5.0,0.0,4.0,7.0,0.0,2.0,1.0,6.0,1.0,5.0,7.0,8.0,8.0,2.0,8.0,8.0,8.0,8.0,8.0,1.0,8.0,21.0,65.0,12.0,-20.769999999999996,7.0,0.0,4.0,7.0,0.0,2.0,2.0,7.0,1.0,6.0,1.0,9.0,9.0,3.0,9.0,9.0,9.0,9.0,9.0,1.0,9.0,0.0
10908,7.0,0.0,4.0,7.0,0.0,2.0,2.0,7.0,1.0,6.0,1.0,9.0,9.0,3.0,9.0,9.0,9.0,9.0,9.0,1.0,9.0,6.0,65.0,12.0,-18.534999999999997,9.0,0.0,4.0,7.0,0.0,2.0,3.0,1.0,1.0,7.0,2.0,10.0,10.0,4.0,10.0,10.0,10.0,10.0,10.0,1.0,10.0,0.0
10909,9.0,0.0,4.0,7.0,0.0,2.0,3.0,1.0,1.0,7.0,2.0,10.0,10.0,4.0,10.0,10.0,10.0,10.0,10.0,1.0,10.0,40.0,65.0,11.0,-25.865,9.0,0.0,4.0,7.0,2.0,2.0,4.0,2.0,1.0,8.0,3.0,11.0,11.0,5.0,1.0,11.0,11.0,11.0,11.0,1.0,11.0,0.0
10910,9.0,0.0,4.0,7.0,2.0,2.0,4.0,2.0,1.0,8.0,3.0,11.0,11.0,5.0,1.0,11.0,11.0,11.0,11.0,1.0,11.0,9.0,65.0,12.0,-19.468333333333334,9.0,0.0,4.0,7.0,0.0,2.0,5.0,1.0,1.0,9.0,4.0,12.0,12.0,6.0,2.0,12.0,12.0,12.0,12.0,1.0,12.0,0.0
10911,9.0,0.0,4.0,7.0,0.0,2.0,5.0,1.0,1.0,9.0,4.0,12.0,12.0,6.0,2.0,12.0,12.0,12.0,12.0,1.0,12.0,9.0,65.0,12.0,-20.26833333333333,9.0,0.0,4.0,7.0,0.0,2.0,6.0,1.0,1.0,10.0,5.0,13.0,13.0,7.0,3.0,13.0,13.0,13.0,13.0,1.0,13.0,0.0
10912,9.0,0.0,4.0,7.0,0.0,2.0,6.0,1.0,1.0,10.0,5.0,13.0,13.0,7.0,3.0,13.0,13.0,13.0,13.0,1.0,13.0,9.0,65.0,12.0,-21.06833333333333,9.0,0.0,4.0,7.0,0.0,2.0,7.0,1.0,1.0,11.0,6.0,14.0,14.0,8.0,4.0,14.0,14.0,14.0,14.0,1.0,14.0,0.0
10913,9.0,0.0,4.0,7.0,0.0,2.0,7.0,1.0,1.0,11.0,6.0,14.0,14.0,8.0,4.0,14.0,14.0,14.0,14.0,1.0,14.0,9.0,65.0,52.0,-14.646666666666667,9.0,0.0,4.0,7.0,0.0,2.0,8.0,1.0,2.0,12.0,7.0,15.0,15.0,9.0,5.0,15.0,1.0,15.0,15.0,1.0,15.0,0.0
10914,9.0,0.0,4.0,7.0,0.0,2.0,8.0,1.0,2.0,12.0,7.0,15.0,15.0,9.0,5.0,15.0,1.0,15.0,15.0,1.0,15.0,37.0,63.0,72.0,-18.936666666666667,7.0,0.0,4.0,9.0,0.0,2.0,9.0,2.0,3.0,13.0,8.0,16.0,16.0,1.0,6.0,16.0,2.0,16.0,1.0,2.0,1.0,0.0
10915,7.0,0.0,4.0,9.0,0.0,2.0,9.0,2.0,3.0,13.0,8.0,16.0,16.0,1.0,6.0,16.0,2.0,16.0,1.0,2.0,1.0,31.0,63.0,19.0,-17.316666666666663,9.0,0.0,4.0,9.0,0.0,0.0,10.0,3.0,4.0,1.0,9.0,17.0,1.0,2.0,7.0,17.0,3.0,17.0,1.0,3.0,2.0,0.0
10916,9.0,0.0,4.0,9.0,0.0,0.0,10.0,3.0,4.0,1.0,9.0,17.0,1.0,2.0,7.0,17.0,3.0,17.0,1.0,3.0,2.0,67.0,22.0,4.0,-18.865,7.0,0.0,2.0,9.0,0.0,0.0,1.0,4.0,5.0,2.0,1.0,18.0,2.0,3.0,8.0,18.0,4.0,18.0,2.0,1.0,3.0,0.0
10917,7.0,0.0,2.0,9.0,0.0,0.0,1.0,4.0,5.0,2.0,1.0,18.0,2.0,3.0,8.0,18.0,4.0,18.0,2.0,1.0,3.0,67.0,57.0,4.0,-11.711666666666666,5.0,0.0,0.0,9.0,0.0,0.0,1.0,5.0,6.0,3.0,2.0,19.0,3.0,4.0,9.0,19.0,5.0,1.0,3.0,1.0,4.0,0.0
10918,5.0,0.0,0.0,9.0,0.0,0.0,1.0,5.0,6.0,3.0,2.0,19.0,3.0,4.0,9.0,19.0,5.0,1.0,3.0,1.0,4.0,29.0,57.0,4.0,-12.706666666666667,5.0,0.0,0.0,9.0,0.0,0.0,1.0,6.0,7.0,4.0,3.0,1.0,4.0,5.0,10.0,20.0,6.0,1.0,4.0,2.0,5.0,0.0
10919,5.0,0.0,0.0,9.0,0.0,0.0,1.0,6.0,7.0,4.0,3.0,1.0,4.0,5.0,10.0,20.0,6.0,1.0,4.0,2.0,5.0,46.0,49.0,17.0,-19.236666666666668,7.0,0.0,0.0,7.0,0.0,0.0,2.0,7.0,8.0,1.0,4.0,2.0,5.0,6.0,11.0,1.0,7.0,2.0,5.0,3.0,6.0,0.0
10920,7.0,0.0,0.0,7.0,0.0,0.0,2.0,7.0,8.0,1.0,4.0,2.0,5.0,6.0,11.0,1.0,7.0,2.0,5.0,3.0,6.0,6.0,55.0,69.0,-15.096666666666668,9.0,0.0,0.0,7.0,0.0,0.0,3.0,1.0,9.0,2.0,5.0,3.0,6.0,7.0,12.0,2.0,8.0,1.0,6.0,1.0,7.0,0.0
10921,9.0,0.0,0.0,7.0,0.0,0.0,3.0,1.0,9.0,2.0,5.0,3.0,6.0,7.0,12.0,2.0,8.0,1.0,6.0,1.0,7.0,34.0,44.0,11.0,-17.861666666666665,9.0,0.0,0.0,5.0,2.0,0.0,4.0,2.0,1.0,3.0,6.0,4.0,1.0,8.0,1.0,3.0,9.0,2.0,7.0,2.0,8.0,0.0
10922,9.0,0.0,0.0,5.0,2.0,0.0,4.0,2.0,1.0,3.0,6.0,4.0,1.0,8.0,1.0,3.0,9.0,2.0,7.0,2.0,8.0,35.0,65.0,23.0,-15.16,9.0,0.0,0.0,5.0,2.0,2.0,5.0,3.0,2.0,4.0,1.0,5.0,2.0,1.0,2.0,4.0,10.0,3.0,8.0,1.0,9.0,0.0
10923,9.0,0.0,0.0,5.0,2.0,2.0,5.0,3.0,2.0,4.0,1.0,5.0,2.0,1.0,2.0,4.0,10.0,3.0,8.0,1.0,9.0,29.0,65.0,73.0,-14.849999999999998,9.0,0.0,0.0,5.0,2.0,4.0,6.0,4.0,3.0,5.0,2.0,1.0,3.0,2.0,3.0,5.0,11.0,4.0,9.0,1.0,1.0,0.0
10924,9.0,0.0,0.0,5.0,2.0,4.0,6.0,4.0,3.0,5.0,2.0,1.0,3.0,2.0,3.0,5.0,11.0,4.0,9.0,1.0,1.0,32.0,54.0,73.0,-8.495000000000001,7.0,0.0,0.0,3.0,2.0,6.0,7.0,5.0,4.0,6.0,3.0,2.0,1.0,3.0,4.0,6.0,1.0,5.0,10.0,2.0,1.0,0.0
10925,7.0,0.0,0.0,3.0,2.0,6.0,7.0,5.0,4.0,6.0,3.0,2.0,1.0,3.0,4.0,6.0,1.0,5.0,10.0,2.0,1.0,32.0,63.0,17.0,-20.296666666666667,5.0,0.0,0.0,5.0,0.0,6.0,8.0,6.0,5.0,1.0,4.0,3.0,1.0,4.0,5.0,7.0,2.0,6.0,1.0,3.0,2.0,0.0
10926,5.0,0.0,0.0,5.0,0.0,6.0,8.0,6.0,5.0,1.0,4.0,3.0,1.0,4.0,5.0,7.0,2.0,6.0,1.0,3.0,2.0,0.0,49.0,4.0,-8.516666666666666,5.0,0.0,0.0,3.0,0.0,4.0,1.0,7.0,6.0,2.0,5.0,4.0,2.0,5.0,6.0,1.0,3.0,7.0,2.0,4.0,3.0,0.0
10927,5.0,0.0,0.0,3.0,0.0,4.0,1.0,7.0,6.0,2.0,5.0,4.0,2.0,5.0,6.0,1.0,3.0,7.0,2.0,4.0,3.0,34.0,57.0,12.0,-19.676666666666666,5.0,0.0,0.0,3.0,0.0,4.0,2.0,8.0,1.0,3.0,6.0,5.0,1.0,6.0,7.0,2.0,4.0,1.0,3.0,5.0,4.0,0.0
10928,5.0,0.0,0.0,3.0,0.0,4.0,2.0,8.0,1.0,3.0,6.0,5.0,1.0,6.0,7.0,2.0,4.0,1.0,3.0,5.0,4.0,34.0,72.0,4.0,-13.545,5.0,0.0,0.0,3.0,0.0,2.0,1.0,9.0,2.0,4.0,7.0,6.0,1.0,7.0,8.0,3.0,5.0,2.0,4.0,6.0,1.0,0.0
10929,5.0,0.0,0.0,3.0,0.0,2.0,1.0,9.0,2.0,4.0,7.0,6.0,1.0,7.0,8.0,3.0,5.0,2.0,4.0,6.0,1.0,39.0,24.0,12.0,-24.63833333333333,5.0,0.0,0.0,1.0,0.0,2.0,2.0,10.0,1.0,5.0,1.0,7.0,2.0,1.0,9.0,4.0,6.0,3.0,5.0,7.0,2.0,0.0
10930,5.0,0.0,0.0,1.0,0.0,2.0,2.0,10.0,1.0,5.0,1.0,7.0,2.0,1.0,9.0,4.0,6.0,3.0,5.0,7.0,2.0,6.0,7.0,74.0,-23.90833333333333,7.0,0.0,0.0,1.0,0.0,0.0,3.0,1.0,2.0,6.0,2.0,8.0,3.0,2.0,10.0,5.0,7.0,4.0,6.0,8.0,1.0,0.0
10931,7.0,0.0,0.0,1.0,0.0,0.0,3.0,1.0,2.0,6.0,2.0,8.0,3.0,2.0,10.0,5.0,7.0,4.0,6.0,8.0,1.0,67.0,22.0,19.0,-24.616666666666667,5.0,0.0,0.0,1.0,0.0,0.0,4.0,2.0,3.0,1.0,1.0,9.0,4.0,3.0,11.0,6.0,8.0,5.0,7.0,1.0,2.0,0.0
10932,5.0,0.0,0.0,1.0,0.0,0.0,4.0,2.0,3.0,1.0,1.0,9.0,4.0,3.0,11.0,6.0,8.0,5.0,7.0,1.0,2.0,67.0,22.0,11.0,-30.243333333333332,3.0,0.0,0.0,1.0,2.0,0.0,5.0,3.0,1.0,2.0,1.0,10.0,5.0,4.0,12.0,7.0,9.0,6.0,8.0,1.0,3.0,0.0
10933,3.0,0.0,0.0,1.0,2.0,0.0,5.0,3.0,1.0,2.0,1.0,10.0,5.0,4.0,12.0,7.0,9.0,6.0,8.0,1.0,3.0,67.0,22.0,11.0,-31.043333333333333,1.0,0.0,0.0,1.0,4.0,0.0,6.0,4.0,1.0,3.0,1.0,11.0,6.0,5.0,13.0,8.0,10.0,7.0,9.0,1.0,4.0,0.0
10934,1.0,0.0,0.0,1.0,4.0,0.0,6.0,4.0,1.0,3.0,1.0,11.0,6.0,5.0,13.0,8.0,10.0,7.0,9.0,1.0,4.0,40.0,22.0,11.0,-33.05833333333334,1.0,0.0,0.0,1.0,6.0,0.0,7.0,5.0,1.0,4.0,1.0,12.0,7.0,6.0,1.0,9.0,11.0,8.0,10.0,2.0,5.0,0.0
10935,1.0,0.0,0.0,1.0,6.0,0.0,7.0,5.0,1.0,4.0,1.0,12.0,7.0,6.0,1.0,9.0,11.0,8.0,10.0,2.0,5.0,9.0,34.0,2.0,-25.35166666666667,1.0,0.0,0.0,0.0,4.0,0.0,1.0,1.0,2.0,5.0,2.0,13.0,1.0,7.0,2.0,10.0,12.0,9.0,11.0,3.0,6.0,0.0
10936,1.0,0.0,0.0,0.0,4.0,0.0,1.0,1.0,2.0,5.0,2.0,13.0,1.0,7.0,2.0,10.0,12.0,9.0,11.0,3.0,6.0,54.0,22.0,2.0,-21.78666666666667,1.0,0.0,0.0,0.0,2.0,0.0,1.0,2.0,3.0,6.0,1.0,14.0,2.0,8.0,3.0,11.0,1.0,10.0,12.0,4.0,7.0,0.0
10937,1.0,0.0,0.0,0.0,2.0,0.0,1.0,2.0,3.0,6.0,1.0,14.0,2.0,8.0,3.0,11.0,1.0,10.0,12.0,4.0,7.0,35.0,22.0,4.0,-22.275,1.0,0.0,0.0,0.0,2.0,0.0,1.0,3.0,4.0,7.0,1.0,15.0,3.0,1.0,4.0,12.0,2.0,11.0,13.0,5.0,8.0,0.0
10938,1.0,0.0,0.0,0.0,2.0,0.0,1.0,3.0,4.0,7.0,1.0,15.0,3.0,1.0,4.0,12.0,2.0,11.0,13.0,5.0,8.0,67.0,63.0,4.0,-30.688333333333336,0.0,0.0,0.0,2.0,2.0,0.0,1.0,4.0,5.0,8.0,2.0,16.0,4.0,2.0,5.0,13.0,3.0,12.0,1.0,1.0,9.0,0.0
10939,0.0,0.0,0.0,2.0,2.0,0.0,1.0,4.0,5.0,8.0,2.0,16.0,4.0,2.0,5.0,13.0,3.0,12.0,1.0,1.0,9.0,54.0,22.0,4.0,-21.05833333333333,0.0,0.0,0.0,2.0,2.0,0.0,1.0,5.0,6.0,9.0,1.0,17.0,5.0,3.0,6.0,14.0,1.0,13.0,2.0,2.0,10.0,0.0
10940,0.0,0.0,0.0,2.0,2.0,0.0,1.0,5.0,6.0,9.0,1.0,17.0,5.0,3.0,6.0,14.0,1.0,13.0,2.0,2.0,10.0,67.0,57.0,4.0,-22.541666666666668,0.0,0.0,0.0,2.0,2.0,0.0,1.0,6.0,7.0,10.0,2.0,18.0,6.0,4.0,7.0,15.0,2.0,1.0,3.0,1.0,11.0,0.0
10941,0.0,0.0,0.0,2.0,2.0,0.0,1.0,6.0,7.0,10.0,2.0,18.0,6.0,4.0,7.0,15.0,2.0,1.0,3.0,1.0,11.0,54.0,63.0,4.0,-26.551666666666666,0.0,0.0,0.0,4.0,2.0,0.0,1.0,7.0,8.0,11.0,3.0,19.0,7.0,5.0,8.0,16.0,1.0,2.0,1.0,2.0,12.0,0.0
10942,0.0,0.0,0.0,4.0,2.0,0.0,1.0,7.0,8.0,11.0,3.0,19.0,7.0,5.0,8.0,16.0,1.0,2.0,1.0,2.0,12.0,54.0,57.0,4.0,-17.364999999999995,0.0,0.0,0.0,4.0,2.0,0.0,1.0,8.0,9.0,12.0,4.0,20.0,8.0,6.0,9.0,17.0,1.0,1.0,2.0,3.0,13.0,0.0
10943,0.0,0.0,0.0,4.0,2.0,0.0,1.0,8.0,9.0,12.0,4.0,20.0,8.0,6.0,9.0,17.0,1.0,1.0,2.0,3.0,13.0,54.0,57.0,4.0,-18.165,0.0,0.0,0.0,4.0,2.0,0.0,1.0,9.0,10.0,13.0,5.0,21.0,9.0,7.0,10.0,18.0,1.0,1.0,3.0,4.0,14.0,0.0
10944,0.0,0.0,0.0,4.0,2.0,0.0,1.0,9.0,10.0,13.0,5.0,21.0,9.0,7.0,10.0,18.0,1.0,1.0,3.0,4.0,14.0,54.0,57.0,4.0,-18.964999999999996,0.0,0.0,0.0,4.0,2.0,0.0,1.0,10.0,11.0,14.0,6.0,22.0,10.0,8.0,11.0,19.0,1.0,1.0,4.0,5.0,15.0,0.0
10945,0.0,0.0,0.0,4.0,2.0,0.0,1.0,10.0,11.0,14.0,6.0,22.0,10.0,8.0,11.0,19.0,1.0,1.0,4.0,5.0,15.0,54.0,57.0,4.0,-19.764999999999997,0.0,0.0,0.0,4.0,2.0,0.0,1.0,11.0,12.0,15.0,7.0,23.0,11.0,9.0,12.0,20.0,1.0,1.0,5.0,6.0,16.0,0.0
10946,0.0,0.0,0.0,4.0,2.0,0.0,1.0,11.0,12.0,15.0,7.0,23.0,11.0,9.0,12.0,20.0,1.0,1.0,5.0,6.0,16.0,54.0,57.0,4.0,-20.564999999999998,0.0,0.0,0.0,4.0,2.0,0.0,1.0,12.0,13.0,16.0,8.0,24.0,12.0,10.0,13.0,21.0,1.0,1.0,6.0,7.0,17.0,0.0
10947,0.0,0.0,0.0,4.0,2.0,0.0,1.0,12.0,13.0,16.0,8.0,24.0,12.0,10.0,13.0,21.0,1.0,1.0,6.0,7.0,17.0,54.0,31.0,42.0,-34.55666666666666,0.0,0.0,2.0,4.0,0.0,0.0,2.0,13.0,14.0,17.0,9.0,25.0,1.0,11.0,1.0,22.0,1.0,2.0,7.0,8.0,18.0,0.0
10948,0.0,0.0,2.0,4.0,0.0,0.0,2.0,13.0,14.0,17.0,9.0,25.0,1.0,11.0,1.0,22.0,1.0,2.0,7.0,8.0,18.0,54.0,57.0,4.0,-21.73833333333333,0.0,0.0,0.0,4.0,0.0,0.0,1.0,14.0,15.0,18.0,10.0,26.0,2.0,12.0,2.0,23.0,1.0,1.0,8.0,9.0,19.0,0.0
10949,0.0,0.0,0.0,4.0,0.0,0.0,1.0,14.0,15.0,18.0,10.0,26.0,2.0,12.0,2.0,23.0,1.0,1.0,8.0,9.0,19.0,54.0,57.0,4.0,-22.53833333333333,0.0,0.0,0.0,4.0,0.0,0.0,1.0,15.0,16.0,19.0,11.0,27.0,3.0,13.0,3.0,24.0,1.0,1.0,9.0,10.0,20.0,0.0
10950,0.0,0.0,0.0,4.0,0.0,0.0,1.0,15.0,16.0,19.0,11.0,27.0,3.0,13.0,3.0,24.0,1.0,1.0,9.0,10.0,20.0,54.0,57.0,4.0,-23.33833333333333,0.0,0.0,0.0,4.0,0.0,0.0,1.0,16.0,17.0,20.0,12.0,28.0,4.0,14.0,4.0,25.0,1.0,1.0,10.0,11.0,21.0,0.0
10951,0.0,0.0,0.0,4.0,0.0,0.0,1.0,16.0,17.0,20.0,12.0,28.0,4.0,14.0,4.0,25.0,1.0,1.0,10.0,11.0,21.0,54.0,57.0,4.0,-24.13833333333333,0.0,0.0,0.0,4.0,0.0,0.0,1.0,17.0,18.0,21.0,13.0,29.0,5.0,15.0,5.0,26.0,1.0,1.0,11.0,12.0,22.0,0.0
10952,0.0,0.0,0.0,4.0,0.0,0.0,1.0,17.0,18.0,21.0,13.0,29.0,5.0,15.0,5.0,26.0,1.0,1.0,11.0,12.0,22.0,54.0,57.0,42.0,-33.19666666666666,0.0,0.0,0.0,4.0,0.0,0.0,2.0,18.0,19.0,22.0,14.0,30.0,6.0,16.0,1.0,27.0,1.0,1.0,12.0,13.0,23.0,0.0
10953,0.0,0.0,0.0,4.0,0.0,0.0,2.0,18.0,19.0,22.0,14.0,30.0,6.0,16.0,1.0,27.0,1.0,1.0,12.0,13.0,23.0,43.0,57.0,4.0,-26.799999999999997,0.0,2.0,0.0,4.0,0.0,0.0,1.0,19.0,20.0,23.0,15.0,31.0,7.0,17.0,1.0,28.0,2.0,1.0,13.0,14.0,24.0,0.0
10954,0.0,2.0,0.0,4.0,0.0,0.0,1.0,19.0,20.0,23.0,15.0,31.0,7.0,17.0,1.0,28.0,2.0,1.0,13.0,14.0,24.0,43.0,57.0,42.0,-33.711666666666666,0.0,4.0,0.0,4.0,0.0,0.0,2.0,20.0,21.0,24.0,16.0,32.0,8.0,18.0,1.0,29.0,3.0,1.0,14.0,15.0,25.0,0.0
10955,0.0,4.0,0.0,4.0,0.0,0.0,2.0,20.0,21.0,24.0,16.0,32.0,8.0,18.0,1.0,29.0,3.0,1.0,14.0,15.0,25.0,9.0,57.0,42.0,-36.965,0.0,2.0,0.0,4.0,0.0,0.0,3.0,1.0,22.0,25.0,17.0,33.0,9.0,19.0,1.0,30.0,4.0,1.0,15.0,16.0,26.0,0.0
10956,0.0,2.0,0.0,4.0,0.0,0.0,3.0,1.0,22.0,25.0,17.0,33.0,9.0,19.0,1.0,30.0,4.0,1.0,15.0,16.0,26.0,54.0,22.0,42.0,-37.583333333333336,0.0,0.0,0.0,4.0,0.0,0.0,4.0,2.0,23.0,26.0,1.0,34.0,10.0,20.0,1.0,31.0,1.0,2.0,16.0,17.0,27.0,0.0
10957,0.0,0.0,0.0,4.0,0.0,0.0,4.0,2.0,23.0,26.0,1.0,34.0,10.0,20.0,1.0,31.0,1.0,2.0,16.0,17.0,27.0,35.0,22.0,42.0,-37.891666666666666,0.0,0.0,0.0,4.0,0.0,0.0,5.0,3.0,24.0,27.0,1.0,35.0,11.0,1.0,1.0,32.0,2.0,3.0,17.0,18.0,28.0,0.0
10958,0.0,0.0,0.0,4.0,0.0,0.0,5.0,3.0,24.0,27.0,1.0,35.0,11.0,1.0,1.0,32.0,2.0,3.0,17.0,18.0,28.0,48.0,63.0,42.0,-35.55833333333333,0.0,2.0,0.0,6.0,0.0,0.0,6.0,4.0,25.0,28.0,2.0,36.0,12.0,2.0,1.0,1.0,3.0,4.0,1.0,19.0,29.0,0.0
10959,0.0,2.0,0.0,6.0,0.0,0.0,6.0,4.0,25.0,28.0,2.0,36.0,12.0,2.0,1.0,1.0,3.0,4.0,1.0,19.0,29.0,37.0,42.0,10.0,-32.67666666666666,0.0,2.0,0.0,6.0,0.0,0.0,7.0,5.0,1.0,29.0,3.0,37.0,13.0,1.0,1.0,2.0,4.0,5.0,2.0,20.0,30.0,0.0
10960,0.0,2.0,0.0,6.0,0.0,0.0,7.0,5.0,1.0,29.0,3.0,37.0,13.0,1.0,1.0,2.0,4.0,5.0,2.0,20.0,30.0,73.0,19.0,42.0,-22.081666666666667,0.0,4.0,0.0,4.0,0.0,0.0,8.0,6.0,2.0,1.0,4.0,38.0,14.0,2.0,1.0,3.0,5.0,6.0,3.0,21.0,1.0,0.0
10961,0.0,4.0,0.0,4.0,0.0,0.0,8.0,6.0,2.0,1.0,4.0,38.0,14.0,2.0,1.0,3.0,5.0,6.0,3.0,21.0,1.0,67.0,34.0,10.0,-36.580000000000005,0.0,4.0,0.0,2.0,0.0,0.0,9.0,7.0,1.0,2.0,5.0,39.0,1.0,3.0,2.0,4.0,6.0,7.0,4.0,1.0,2.0,0.0
10962,0.0,4.0,0.0,2.0,0.0,0.0,9.0,7.0,1.0,2.0,5.0,39.0,1.0,3.0,2.0,4.0,6.0,7.0,4.0,1.0,2.0,19.0,22.0,10.0,-31.93166666666667,0.0,2.0,0.0,2.0,0.0,0.0,10.0,8.0,1.0,1.0,1.0,40.0,2.0,4.0,3.0,5.0,7.0,8.0,5.0,2.0,3.0,0.0
10963,0.0,2.0,0.0,2.0,0.0,0.0,10.0,8.0,1.0,1.0,1.0,40.0,2.0,4.0,3.0,5.0,7.0,8.0,5.0,2.0,3.0,3.0,34.0,10.0,-35.94,0.0,4.0,0.0,0.0,0.0,0.0,1.0,9.0,1.0,2.0,2.0,41.0,1.0,5.0,4.0,6.0,8.0,9.0,6.0,3.0,4.0,0.0
10964,0.0,4.0,0.0,0.0,0.0,0.0,1.0,9.0,1.0,2.0,2.0,41.0,1.0,5.0,4.0,6.0,8.0,9.0,6.0,3.0,4.0,76.0,27.0,10.0,-32.28,2.0,4.0,0.0,0.0,0.0,0.0,2.0,10.0,1.0,3.0,3.0,1.0,2.0,6.0,5.0,7.0,9.0,10.0,7.0,4.0,5.0,0.0
10965,2.0,4.0,0.0,0.0,0.0,0.0,2.0,10.0,1.0,3.0,3.0,1.0,2.0,6.0,5.0,7.0,9.0,10.0,7.0,4.0,5.0,19.0,72.0,42.0,-28.84833333333333,2.0,2.0,0.0,0.0,0.0,0.0,3.0,11.0,2.0,1.0,4.0,2.0,3.0,7.0,1.0,8.0,10.0,11.0,8.0,5.0,1.0,0.0
10966,2.0,2.0,0.0,0.0,0.0,0.0,3.0,11.0,2.0,1.0,4.0,2.0,3.0,7.0,1.0,8.0,10.0,11.0,8.0,5.0,1.0,9.0,27.0,2.0,-25.371666666666666,2.0,0.0,0.0,0.0,0.0,0.0,1.0,1.0,3.0,2.0,5.0,1.0,4.0,8.0,2.0,9.0,11.0,12.0,9.0,6.0,2.0,0.0
10967,2.0,0.0,0.0,0.0,0.0,0.0,1.0,1.0,3.0,2.0,5.0,1.0,4.0,8.0,2.0,9.0,11.0,12.0,9.0,6.0,2.0,9.0,22.0,49.0,-23.511666666666667,2.0,0.0,0.0,0.0,0.0,0.0,2.0,1.0,4.0,3.0,1.0,2.0,5.0,9.0,3.0,1.0,12.0,13.0,10.0,7.0,3.0,0.0
10968,2.0,0.0,0.0,0.0,0.0,0.0,2.0,1.0,4.0,3.0,1.0,2.0,5.0,9.0,3.0,1.0,12.0,13.0,10.0,7.0,3.0,58.0,50.0,54.0,-22.534999999999997,2.0,2.0,0.0,0.0,0.0,0.0,3.0,2.0,5.0,4.0,2.0,3.0,6.0,10.0,4.0,2.0,1.0,1.0,11.0,8.0,4.0,0.0
10969,2.0,2.0,0.0,0.0,0.0,0.0,3.0,2.0,5.0,4.0,2.0,3.0,6.0,10.0,4.0,2.0,1.0,1.0,11.0,8.0,4.0,69.0,42.0,42.0,-30.485,2.0,0.0,0.0,0.0,0.0,0.0,4.0,3.0,6.0,5.0,3.0,4.0,7.0,11.0,1.0,3.0,2.0,2.0,12.0,1.0,5.0,0.0
10970,2.0,0.0,0.0,0.0,0.0,0.0,4.0,3.0,6.0,5.0,3.0,4.0,7.0,11.0,1.0,3.0,2.0,2.0,12.0,1.0,5.0,19.0,42.0,2.0,-22.75833333333333,2.0,0.0,0.0,0.0,0.0,0.0,1.0,4.0,7.0,1.0,4.0,5.0,8.0,12.0,1.0,4.0,3.0,3.0,13.0,2.0,6.0,0.0
10971,2.0,0.0,0.0,0.0,0.0,0.0,1.0,4.0,7.0,1.0,4.0,5.0,8.0,12.0,1.0,4.0,3.0,3.0,13.0,2.0,6.0,13.0,72.0,2.0,-23.909999999999997,2.0,2.0,0.0,0.0,0.0,0.0,1.0,5.0,1.0,2.0,5.0,6.0,9.0,13.0,2.0,5.0,4.0,4.0,14.0,3.0,1.0,0.0
10972,2.0,2.0,0.0,0.0,0.0,0.0,1.0,5.0,1.0,2.0,5.0,6.0,9.0,13.0,2.0,5.0,4.0,4.0,14.0,3.0,1.0,76.0,42.0,35.0,-21.119999999999997,4.0,2.0,0.0,0.0,0.0,0.0,2.0,6.0,2.0,3.0,6.0,7.0,10.0,1.0,1.0,6.0,5.0,5.0,15.0,4.0,2.0,0.0
10973,4.0,2.0,0.0,0.0,0.0,0.0,2.0,6.0,2.0,3.0,6.0,7.0,10.0,1.0,1.0,6.0,5.0,5.0,15.0,4.0,2.0,9.0,34.0,49.0,-21.738333333333337,4.0,0.0,0.0,0.0,0.0,0.0,3.0,1.0,3.0,4.0,7.0,8.0,1.0,2.0,2.0,1.0,6.0,6.0,16.0,5.0,3.0,0.0
10974,4.0,0.0,0.0,0.0,0.0,0.0,3.0,1.0,3.0,4.0,7.0,8.0,1.0,2.0,2.0,1.0,6.0,6.0,16.0,5.0,3.0,19.0,42.0,23.0,-31.171666666666667,4.0,0.0,0.0,0.0,0.0,2.0,4.0,2.0,4.0,1.0,1.0,9.0,2.0,3.0,1.0,2.0,7.0,7.0,17.0,6.0,4.0,0.0
10975,4.0,0.0,0.0,0.0,0.0,2.0,4.0,2.0,4.0,1.0,1.0,9.0,2.0,3.0,1.0,2.0,7.0,7.0,17.0,6.0,4.0,19.0,0.0,2.0,-15.873333333333335,4.0,0.0,0.0,0.0,0.0,2.0,1.0,3.0,5.0,1.0,2.0,10.0,3.0,4.0,2.0,3.0,8.0,8.0,18.0,7.0,5.0,0.0
10976,4.0,0.0,0.0,0.0,0.0,2.0,1.0,3.0,5.0,1.0,2.0,10.0,3.0,4.0,2.0,3.0,8.0,8.0,18.0,7.0,5.0,1.0,0.0,2.0,-11.381666666666668,6.0,0.0,0.0,0.0,0.0,2.0,1.0,4.0,6.0,2.0,3.0,11.0,4.0,5.0,3.0,4.0,9.0,9.0,19.0,8.0,6.0,0.0
10977,6.0,0.0,0.0,0.0,0.0,2.0,1.0,4.0,6.0,2.0,3.0,11.0,4.0,5.0,3.0,4.0,9.0,9.0,19.0,8.0,6.0,13.0,0.0,2.0,-14.239999999999998,6.0,2.0,0.0,0.0,0.0,2.0,1.0,5.0,1.0,3.0,4.0,12.0,5.0,6.0,4.0,5.0,10.0,10.0,20.0,9.0,7.0,0.0
10978,6.0,2.0,0.0,0.0,0.0,2.0,1.0,5.0,1.0,3.0,4.0,12.0,5.0,6.0,4.0,5.0,10.0,10.0,20.0,9.0,7.0,67.0,67.0,2.0,-18.448333333333334,4.0,2.0,0.0,0.0,0.0,2.0,1.0,6.0,2.0,4.0,5.0,13.0,6.0,7.0,5.0,6.0,11.0,11.0,21.0,1.0,8.0,0.0
10979,4.0,2.0,0.0,0.0,0.0,2.0,1.0,6.0,2.0,4.0,5.0,13.0,6.0,7.0,5.0,6.0,11.0,11.0,21.0,1.0,8.0,19.0,25.0,2.0,-29.718333333333337,4.0,0.0,0.0,0.0,0.0,2.0,1.0,7.0,3.0,1.0,6.0,1.0,7.0,8.0,6.0,7.0,12.0,12.0,22.0,2.0,9.0,0.0
10980,4.0,0.0,0.0,0.0,0.0,2.0,1.0,7.0,3.0,1.0,6.0,1.0,7.0,8.0,6.0,7.0,12.0,12.0,22.0,2.0,9.0,52.0,49.0,63.0,-24.729999999999997,2.0,0.0,0.0,0.0,0.0,4.0,2.0,8.0,4.0,2.0,7.0,2.0,8.0,9.0,7.0,1.0,1.0,13.0,1.0,3.0,10.0,0.0
10981,2.0,0.0,0.0,0.0,0.0,4.0,2.0,8.0,4.0,2.0,7.0,2.0,8.0,9.0,7.0,1.0,1.0,13.0,1.0,3.0,10.0,37.0,74.0,35.0,-28.648333333333337,0.0,0.0,0.0,0.0,0.0,4.0,3.0,9.0,5.0,3.0,8.0,3.0,9.0,1.0,8.0,2.0,2.0,14.0,2.0,4.0,1.0,0.0
10982,0.0,0.0,0.0,0.0,0.0,4.0,3.0,9.0,5.0,3.0,8.0,3.0,9.0,1.0,8.0,2.0,2.0,14.0,2.0,4.0,1.0,33.0,7.0,49.0,-26.765,0.0,2.0,0.0,0.0,0.0,2.0,4.0,1.0,6.0,4.0,9.0,4.0,1.0,2.0,9.0,1.0,3.0,15.0,3.0,5.0,2.0,0.0
10983,0.0,2.0,0.0,0.0,0.0,2.0,4.0,1.0,6.0,4.0,9.0,4.0,1.0,2.0,9.0,1.0,3.0,15.0,3.0,5.0,2.0,58.0,57.0,59.0,-34.515,0.0,4.0,0.0,0.0,0.0,0.0,5.0,2.0,7.0,5.0,10.0,5.0,2.0,3.0,10.0,2.0,4.0,1.0,4.0,6.0,3.0,0.0
10984,0.0,4.0,0.0,0.0,0.0,0.0,5.0,2.0,7.0,5.0,10.0,5.0,2.0,3.0,10.0,2.0,4.0,1.0,4.0,6.0,3.0,19.0,24.0,10.0,-31.87833333333333,0.0,2.0,0.0,0.0,0.0,0.0,6.0,3.0,1.0,1.0,1.0,6.0,3.0,4.0,11.0,3.0,5.0,2.0,5.0,7.0,4.0,0.0
10985,0.0,2.0,0.0,0.0,0.0,0.0,6.0,3.0,1.0,1.0,1.0,6.0,3.0,4.0,11.0,3.0,5.0,2.0,5.0,7.0,4.0,67.0,13.0,51.0,-22.556666666666665,0.0,2.0,0.0,2.0,2.0,0.0,7.0,4.0,1.0,2.0,2.0,7.0,4.0,5.0,12.0,4.0,1.0,3.0,6.0,1.0,5.0,0.0
10986,0.0,2.0,0.0,2.0,2.0,0.0,7.0,4.0,1.0,2.0,2.0,7.0,4.0,5.0,12.0,4.0,1.0,3.0,6.0,1.0,5.0,2.0,42.0,42.0,-22.445,0.0,2.0,0.0,2.0,0.0,0.0,1.0,5.0,2.0,3.0,3.0,8.0,5.0,6.0,1.0,5.0,2.0,4.0,7.0,2.0,6.0,0.0
10987,0.0,2.0,0.0,2.0,0.0,0.0,1.0,5.0,2.0,3.0,3.0,8.0,5.0,6.0,1.0,5.0,2.0,4.0,7.0,2.0,6.0,19.0,25.0,49.0,-23.463333333333328,0.0,0.0,0.0,2.0,0.0,0.0,2.0,6.0,3.0,1.0,4.0,1.0,6.0,7.0,2.0,1.0,3.0,5.0,8.0,3.0,7.0,0.0
10988,0.0,0.0,0.0,2.0,0.0,0.0,2.0,6.0,3.0,1.0,4.0,1.0,6.0,7.0,2.0,1.0,3.0,5.0,8.0,3.0,7.0,13.0,72.0,49.0,-22.334999999999997,0.0,2.0,0.0,2.0,0.0,0.0,3.0,7.0,1.0,2.0,5.0,2.0,7.0,8.0,3.0,1.0,4.0,6.0,9.0,4.0,1.0,0.0
10989,0.0,2.0,0.0,2.0,0.0,0.0,3.0,7.0,1.0,2.0,5.0,2.0,7.0,8.0,3.0,1.0,4.0,6.0,9.0,4.0,1.0,77.0,7.0,49.0,-14.586666666666666,0.0,2.0,0.0,2.0,0.0,0.0,4.0,1.0,2.0,3.0,6.0,3.0,8.0,9.0,4.0,1.0,5.0,7.0,10.0,5.0,2.0,0.0
10990,0.0,2.0,0.0,2.0,0.0,0.0,4.0,1.0,2.0,3.0,6.0,3.0,8.0,9.0,4.0,1.0,5.0,7.0,10.0,5.0,2.0,19.0,42.0,35.0,-22.89,0.0,0.0,0.0,2.0,0.0,0.0,5.0,2.0,3.0,1.0,7.0,4.0,9.0,1.0,1.0,2.0,6.0,8.0,11.0,6.0,3.0,0.0
10991,0.0,0.0,0.0,2.0,0.0,0.0,5.0,2.0,3.0,1.0,7.0,4.0,9.0,1.0,1.0,2.0,6.0,8.0,11.0,6.0,3.0,31.0,34.0,49.0,-27.806666666666672,2.0,0.0,0.0,0.0,0.0,0.0,6.0,3.0,4.0,2.0,8.0,5.0,1.0,2.0,2.0,1.0,7.0,9.0,12.0,7.0,4.0,0.0
10992,2.0,0.0,0.0,0.0,0.0,0.0,6.0,3.0,4.0,2.0,8.0,5.0,1.0,2.0,2.0,1.0,7.0,9.0,12.0,7.0,4.0,19.0,67.0,23.0,-27.673333333333332,2.0,0.0,0.0,0.0,0.0,2.0,7.0,4.0,5.0,1.0,1.0,6.0,2.0,3.0,3.0,2.0,8.0,10.0,13.0,1.0,5.0,0.0
10993,2.0,0.0,0.0,0.0,0.0,2.0,7.0,4.0,5.0,1.0,1.0,6.0,2.0,3.0,3.0,2.0,8.0,10.0,13.0,1.0,5.0,19.0,49.0,73.0,-16.514999999999997,2.0,0.0,0.0,0.0,0.0,4.0,8.0,5.0,6.0,1.0,2.0,7.0,3.0,4.0,4.0,1.0,9.0,11.0,14.0,2.0,1.0,0.0
10994,2.0,0.0,0.0,0.0,0.0,4.0,8.0,5.0,6.0,1.0,2.0,7.0,3.0,4.0,4.0,1.0,9.0,11.0,14.0,2.0,1.0,19.0,67.0,10.0,-26.525,2.0,0.0,0.0,0.0,0.0,4.0,9.0,6.0,1.0,1.0,3.0,8.0,4.0,5.0,5.0,2.0,10.0,12.0,15.0,1.0,2.0,0.0
10995,2.0,0.0,0.0,0.0,0.0,4.0,9.0,6.0,1.0,1.0,3.0,8.0,4.0,5.0,5.0,2.0,10.0,12.0,15.0,1.0,2.0,19.0,50.0,51.0,-17.646666666666665,2.0,0.0,0.0,0.0,2.0,4.0,10.0,7.0,2.0,1.0,4.0,9.0,5.0,6.0,6.0,3.0,1.0,13.0,16.0,2.0,3.0,0.0
10996,2.0,0.0,0.0,0.0,2.0,4.0,10.0,7.0,2.0,1.0,4.0,9.0,5.0,6.0,6.0,3.0,1.0,13.0,16.0,2.0,3.0,2.0,49.0,68.0,-11.446666666666665,0.0,0.0,0.0,0.0,2.0,6.0,1.0,8.0,3.0,2.0,5.0,10.0,6.0,7.0,7.0,1.0,2.0,14.0,17.0,1.0,4.0,0.0
10997,0.0,0.0,0.0,0.0,2.0,6.0,1.0,8.0,3.0,2.0,5.0,10.0,6.0,7.0,7.0,1.0,2.0,14.0,17.0,1.0,4.0,77.0,57.0,5.0,-24.775,0.0,0.0,0.0,0.0,2.0,6.0,2.0,1.0,4.0,3.0,6.0,11.0,7.0,8.0,8.0,2.0,3.0,1.0,18.0,2.0,5.0,0.0
10998,0.0,0.0,0.0,0.0,2.0,6.0,2.0,1.0,4.0,3.0,6.0,11.0,7.0,8.0,8.0,2.0,3.0,1.0,18.0,2.0,5.0,26.0,42.0,10.0,-27.496666666666663,2.0,0.0,0.0,0.0,2.0,6.0,3.0,2.0,1.0,4.0,7.0,1.0,8.0,9.0,1.0,3.0,4.0,2.0,19.0,3.0,6.0,0.0
10999,2.0,0.0,0.0,0.0,2.0,6.0,3.0,2.0,1.0,4.0,7.0,1.0,8.0,9.0,1.0,3.0,4.0,2.0,19.0,3.0,6.0,2.0,50.0,63.0,-18.858333333333334,0.0,0.0,0.0,0.0,2.0,8.0,1.0,3.0,2.0,5.0,8.0,2.0,9.0,10.0,2.0,4.0,1.0,3.0,1.0,4.0,7.0,1.0
11000,8.0,3.0,7.0,3.0,9.0,2.0,1.0,1.0,1.0,1.0,1.0,1.0,1.0,1.0,1.0,1.0,1.0,1.0,1.0,1.0,1.0,29.0,24.0,77.0,-7.136666666666667,8.0,1.0,7.0,1.0,7.0,2.0,2.0,2.0,2.0,2.0,1.0,1.0,2.0,2.0,2.0,2.0,2.0,2.0,2.0,2.0,2.0,0.0
11001,8.0,1.0,7.0,1.0,7.0,2.0,2.0,2.0,2.0,2.0,1.0,1.0,2.0,2.0,2.0,2.0,2.0,2.0,2.0,2.0,2.0,29.0,24.0,77.0,-10.793333333333333,8.0,0.0,7.0,0.0,5.0,2.0,3.0,3.0,3.0,3.0,1.0,1.0,3.0,3.0,3.0,3.0,3.0,3.0,3.0,3.0,3.0,0.0
11002,8.0,0.0,7.0,0.0,5.0,2.0,3.0,3.0,3.0,3.0,1.0,1.0,3.0,3.0,3.0,3.0,3.0,3.0,3.0,3.0,3.0,2.0,24.0,73.0,-13.031666666666666,6.0,0.0,7.0,0.0,5.0,4.0,1.0,4.0,4.0,4.0,1.0,2.0,4.0,4.0,4.0,4.0,4.0,4.0,4.0,4.0,1.0,0.0
11003,6.0,0.0,7.0,0.0,5.0,4.0,1.0,4.0,4.0,4.0,1.0,2.0,4.0,4.0,4.0,4.0,4.0,4.0,4.0,4.0,1.0,52.0,9.0,17.0,-8.271666666666667,4.0,0.0,7.0,0.0,3.0,4.0,2.0,1.0,5.0,1.0,2.0,3.0,5.0,5.0,5.0,5.0,1.0,5.0,5.0,5.0,2.0,0.0
11004,4.0,0.0,7.0,0.0,3.0,4.0,2.0,1.0,5.0,1.0,2.0,3.0,5.0,5.0,5.0,5.0,1.0,5.0,5.0,5.0,2.0,2.0,24.0,59.0,-16.731666666666666,2.0,0.0,7.0,0.0,3.0,2.0,1.0,2.0,6.0,2.0,1.0,4.0,6.0,6.0,6.0,6.0,2.0,1.0,6.0,6.0,3.0,0.0
11005,2.0,0.0,7.0,0.0,3.0,2.0,1.0,2.0,6.0,2.0,1.0,4.0,6.0,6.0,6.0,6.0,2.0,1.0,6.0,6.0,3.0,2.0,24.0,42.0,-15.493333333333332,0.0,0.0,7.0,0.0,1.0,2.0,1.0,3.0,7.0,3.0,1.0,5.0,7.0,7.0,1.0,7.0,3.0,2.0,7.0,7.0,4.0,0.0
11006,0.0,0.0,7.0,0.0,1.0,2.0,1.0,3.0,7.0,3.0,1.0,5.0,7.0,7.0,1.0,7.0,3.0,2.0,7.0,7.0,4.0,13.0,7.0,10.0,-23.576666666666664,0.0,2.0,5.0,0.0,1.0,2.0,2.0,1.0,1.0,4.0,2.0,6.0,8.0,8.0,2.0,8.0,4.0,3.0,8.0,8.0,5.0,0.0
11007,0.0,2.0,5.0,0.0,1.0,2.0,2.0,1.0,1.0,4.0,2.0,6.0,8.0,8.0,2.0,8.0,4.0,3.0,8.0,8.0,5.0,2.0,22.0,35.0,-17.266666666666666,0.0,2.0,3.0,0.0,1.0,2.0,1.0,2.0,2.0,5.0,1.0,7.0,9.0,1.0,3.0,9.0,5.0,4.0,9.0,9.0,6.0,0.0
11008,0.0,2.0,3.0,0.0,1.0,2.0,1.0,2.0,2.0,5.0,1.0,7.0,9.0,1.0,3.0,9.0,5.0,4.0,9.0,9.0,6.0,57.0,34.0,43.0,-21.54,0.0,2.0,3.0,0.0,1.0,4.0,2.0,3.0,3.0,6.0,2.0,8.0,1.0,2.0,1.0,10.0,6.0,1.0,10.0,10.0,7.0,0.0
11009,0.0,2.0,3.0,0.0,1.0,4.0,2.0,3.0,3.0,6.0,2.0,8.0,1.0,2.0,1.0,10.0,6.0,1.0,10.0,10.0,7.0,2.0,49.0,49.0,-8.875,0.0,2.0,3.0,0.0,1.0,2.0,1.0,4.0,4.0,7.0,3.0,9.0,2.0,3.0,2.0,1.0,7.0,2.0,11.0,11.0,8.0,0.0
11010,0.0,2.0,3.0,0.0,1.0,2.0,1.0,4.0,4.0,7.0,3.0,9.0,2.0,3.0,2.0,1.0,7.0,2.0,11.0,11.0,8.0,71.0,19.0,54.0,-20.65333333333333,2.0,2.0,3.0,0.0,1.0,0.0,2.0,5.0,5.0,1.0,4.0,10.0,3.0,4.0,3.0,2.0,1.0,3.0,12.0,12.0,1.0,0.0
11011,2.0,2.0,3.0,0.0,1.0,0.0,2.0,5.0,5.0,1.0,4.0,10.0,3.0,4.0,3.0,2.0,1.0,3.0,12.0,12.0,1.0,67.0,67.0,5.0,-22.689999999999998,0.0,2.0,1.0,0.0,1.0,0.0,3.0,1.0,6.0,2.0,5.0,11.0,4.0,5.0,4.0,3.0,2.0,4.0,13.0,1.0,2.0,0.0
11012,0.0,2.0,1.0,0.0,1.0,0.0,3.0,1.0,6.0,2.0,5.0,11.0,4.0,5.0,4.0,3.0,2.0,4.0,13.0,1.0,2.0,60.0,39.0,10.0,-36.19499999999999,0.0,2.0,1.0,0.0,1.0,0.0,4.0,2.0,1.0,3.0,6.0,12.0,5.0,1.0,5.0,4.0,3.0,5.0,1.0,2.0,3.0,0.0
11013,0.0,2.0,1.0,0.0,1.0,0.0,4.0,2.0,1.0,3.0,6.0,12.0,5.0,1.0,5.0,4.0,3.0,5.0,1.0,2.0,3.0,2.0,22.0,25.0,-28.28833333333333,0.0,2.0,0.0,0.0,1.0,0.0,1.0,3.0,2.0,4.0,1.0,1.0,6.0,2.0,6.0,5.0,4.0,6.0,2.0,3.0,4.0,0.0
11014,0.0,2.0,0.0,0.0,1.0,0.0,1.0,3.0,2.0,4.0,1.0,1.0,6.0,2.0,6.0,5.0,4.0,6.0,2.0,3.0,4.0,52.0,74.0,17.0,-23.373333333333335,0.0,2.0,0.0,0.0,0.0,0.0,2.0,4.0,3.0,1.0,2.0,2.0,7.0,3.0,7.0,6.0,1.0,7.0,3.0,4.0,1.0,0.0
11015,0.0,2.0,0.0,0.0,0.0,0.0,2.0,4.0,3.0,1.0,2.0,2.0,7.0,3.0,7.0,6.0,1.0,7.0,3.0,4.0,1.0,42.0,34.0,35.0,-28.665,0.0,2.0,0.0,0.0,0.0,0.0,3.0,5.0,4.0,2.0,3.0,3.0,1.0,1.0,1.0,7.0,2.0,8.0,4.0,5.0,2.0,0.0
11016,0.0,2.0,0.0,0.0,0.0,0.0,3.0,5.0,4.0,2.0,3.0,3.0,1.0,1.0,1.0,7.0,2.0,8.0,4.0,5.0,2.0,58.0,49.0,49.0,-11.924999999999999,0.0,4.0,0.0,0.0,0.0,0.0,4.0,6.0,5.0,3.0,4.0,4.0,2.0,2.0,2.0,1.0,3.0,1.0,5.0,6.0,3.0,0.0
11017,0.0,4.0,0.0,0.0,0.0,0.0,4.0,6.0,5.0,3.0,4.0,4.0,2.0,2.0,2.0,1.0,3.0,1.0,5.0,6.0,3.0,64.0,24.0,54.0,-36.925000000000004,0.0,2.0,0.0,0.0,0.0,0.0,5.0,7.0,6.0,4.0,1.0,5.0,3.0,3.0,3.0,2.0,1.0,2.0,1.0,7.0,4.0,0.0
11018,0.0,2.0,0.0,0.0,0.0,0.0,5.0,7.0,6.0,4.0,1.0,5.0,3.0,3.0,3.0,2.0,1.0,2.0,1.0,7.0,4.0,51.0,7.0,10.0,-26.761666666666667,2.0,2.0,0.0,0.0,0.0,0.0,6.0,1.0,1.0,5.0,2.0,6.0,4.0,4.0,4.0,3.0,1.0,3.0,2.0,8.0,5.0,0.0
11019,2.0,2.0,0.0,0.0,0.0,0.0,6.0,1.0,1.0,5.0,2.0,6.0,4.0,4.0,4.0,3.0,1.0,3.0,2.0,8.0,5.0,67.0,13.0,35.0,-24.724999999999998,0.0,2.0,0.0,2.0,0.0,0.0,7.0,2.0,1.0,6.0,3.0,7.0,5.0,1.0,5.0,4.0,2.0,4.0,3.0,1.0,6.0,0.0
11020,0.0,2.0,0.0,2.0,0.0,0.0,7.0,2.0,1.0,6.0,3.0,7.0,5.0,1.0,5.0,4.0,2.0,4.0,3.0,1.0,6.0,2.0,44.0,35.0,-21.758333333333333,0.0,2.0,0.0,0.0,0.0,0.0,1.0,3.0,2.0,7.0,4.0,8.0,6.0,1.0,1.0,5.0,3.0,5.0,4.0,2.0,7.0,0.0
11021,0.0,2.0,0.0,0.0,0.0,0.0,1.0,3.0,2.0,7.0,4.0,8.0,6.0,1.0,1.0,5.0,3.0,5.0,4.0,2.0,7.0,57.0,19.0,35.0,-23.751666666666665,0.0,2.0,0.0,0.0,0.0,0.0,2.0,4.0,3.0,1.0,5.0,9.0,7.0,1.0,2.0,6.0,4.0,1.0,5.0,3.0,8.0,0.0
11022,0.0,2.0,0.0,0.0,0.0,0.0,2.0,4.0,3.0,1.0,5.0,9.0,7.0,1.0,2.0,6.0,4.0,1.0,5.0,3.0,8.0,29.0,49.0,35.0,-26.01,0.0,0.0,0.0,0.0,0.0,0.0,3.0,5.0,4.0,2.0,6.0,1.0,8.0,1.0,3.0,1.0,5.0,2.0,6.0,4.0,9.0,0.0
11023,0.0,0.0,0.0,0.0,0.0,0.0,3.0,5.0,4.0,2.0,6.0,1.0,8.0,1.0,3.0,1.0,5.0,2.0,6.0,4.0,9.0,52.0,41.0,35.0,-23.775,0.0,0.0,2.0,0.0,0.0,0.0,4.0,6.0,5.0,3.0,7.0,2.0,9.0,1.0,1.0,2.0,1.0,3.0,7.0,5.0,10.0,0.0
11024,0.0,0.0,2.0,0.0,0.0,0.0,4.0,6.0,5.0,3.0,7.0,2.0,9.0,1.0,1.0,2.0,1.0,3.0,7.0,5.0,10.0,62.0,6.0,35.0,-32.83166666666667,0.0,0.0,4.0,0.0,0.0,0.0,5.0,1.0,6.0,4.0,8.0,3.0,10.0,1.0,2.0,3.0,2.0,4.0,1.0,6.0,11.0,0.0
11025,0.0,0.0,4.0,0.0,0.0,0.0,5.0,1.0,6.0,4.0,8.0,3.0,10.0,1.0,2.0,3.0,2.0,4.0,1.0,6.0,11.0,31.0,41.0,0.0,-22.31333333333333,2.0,0.0,6.0,0.0,0.0,0.0,1.0,2.0,7.0,5.0,9.0,4.0,1.0,2.0,1.0,4.0,3.0,5.0,2.0,7.0,12.0,0.0
11026,2.0,0.0,6.0,0.0,0.0,0.0,1.0,2.0,7.0,5.0,9.0,4.0,1.0,2.0,1.0,4.0,3.0,5.0,2.0,7.0,12.0,58.0,79.0,35.0,-18.661666666666665,2.0,2.0,6.0,0.0,0.0,0.0,2.0,3.0,8.0,6.0,10.0,5.0,2.0,1.0,2.0,5.0,4.0,1.0,3.0,8.0,13.0,0.0
11027,2.0,2.0,6.0,0.0,0.0,0.0,2.0,3.0,8.0,6.0,10.0,5.0,2.0,1.0,2.0,5.0,4.0,1.0,3.0,8.0,13.0,29.0,79.0,35.0,-20.96666666666666,2.0,0.0,6.0,0.0,0.0,0.0,3.0,4.0,9.0,7.0,11.0,1.0,3.0,1.0,3.0,6.0,5.0,2.0,4.0,9.0,14.0,0.0
11028,2.0,0.0,6.0,0.0,0.0,0.0,3.0,4.0,9.0,7.0,11.0,1.0,3.0,1.0,3.0,6.0,5.0,2.0,4.0,9.0,14.0,29.0,6.0,35.0,-22.496666666666663,2.0,0.0,8.0,0.0,0.0,0.0,4.0,1.0,10.0,8.0,12.0,1.0,4.0,1.0,4.0,7.0,6.0,3.0,5.0,10.0,15.0,0.0
11029,2.0,0.0,8.0,0.0,0.0,0.0,4.0,1.0,10.0,8.0,12.0,1.0,4.0,1.0,4.0,7.0,6.0,3.0,5.0,10.0,15.0,58.0,79.0,35.0,-20.595,2.0,2.0,8.0,0.0,0.0,0.0,5.0,2.0,11.0,9.0,13.0,2.0,5.0,1.0,5.0,8.0,7.0,1.0,6.0,11.0,16.0,0.0
11030,2.0,2.0,8.0,0.0,0.0,0.0,5.0,2.0,11.0,9.0,13.0,2.0,5.0,1.0,5.0,8.0,7.0,1.0,6.0,11.0,16.0,58.0,79.0,35.0,-17.741666666666667,2.0,4.0,8.0,0.0,0.0,0.0,6.0,3.0,12.0,10.0,14.0,3.0,6.0,1.0,6.0,9.0,8.0,1.0,7.0,12.0,17.0,0.0
11031,2.0,4.0,8.0,0.0,0.0,0.0,6.0,3.0,12.0,10.0,14.0,3.0,6.0,1.0,6.0,9.0,8.0,1.0,7.0,12.0,17.0,58.0,24.0,35.0,-19.379999999999995,2.0,6.0,8.0,0.0,0.0,0.0,7.0,4.0,13.0,11.0,1.0,4.0,7.0,1.0,7.0,10.0,9.0,1.0,8.0,13.0,18.0,0.0
11032,2.0,6.0,8.0,0.0,0.0,0.0,7.0,4.0,13.0,11.0,1.0,4.0,7.0,1.0,7.0,10.0,9.0,1.0,8.0,13.0,18.0,52.0,74.0,73.0,-32.065,0.0,6.0,8.0,0.0,0.0,2.0,8.0,5.0,14.0,12.0,2.0,5.0,8.0,2.0,8.0,11.0,1.0,2.0,9.0,14.0,1.0,0.0
11033,0.0,6.0,8.0,0.0,0.0,2.0,8.0,5.0,14.0,12.0,2.0,5.0,8.0,2.0,8.0,11.0,1.0,2.0,9.0,14.0,1.0,52.0,47.0,17.0,-16.275,0.0,6.0,6.0,0.0,0.0,2.0,9.0,6.0,15.0,1.0,3.0,6.0,9.0,3.0,9.0,1.0,1.0,3.0,10.0,15.0,2.0,0.0
11034,0.0,6.0,6.0,0.0,0.0,2.0,9.0,6.0,15.0,1.0,3.0,6.0,9.0,3.0,9.0,1.0,1.0,3.0,10.0,15.0,2.0,4.0,41.0,59.0,-31.84,0.0,4.0,8.0,0.0,0.0,0.0,1.0,7.0,16.0,2.0,4.0,7.0,10.0,4.0,1.0,2.0,2.0,1.0,11.0,16.0,3.0,0.0
11035,0.0,4.0,8.0,0.0,0.0,0.0,1.0,7.0,16.0,2.0,4.0,7.0,10.0,4.0,1.0,2.0,2.0,1.0,11.0,16.0,3.0,13.0,41.0,69.0,-30.020000000000003,0.0,6.0,9.0,0.0,0.0,0.0,2.0,8.0,1.0,3.0,5.0,8.0,11.0,5.0,1.0,3.0,3.0,2.0,12.0,1.0,4.0,0.0
11036,0.0,6.0,9.0,0.0,0.0,0.0,2.0,8.0,1.0,3.0,5.0,8.0,11.0,5.0,1.0,3.0,3.0,2.0,12.0,1.0,4.0,58.0,32.0,35.0,-11.685,0.0,8.0,7.0,0.0,0.0,0.0,3.0,9.0,2.0,4.0,6.0,9.0,1.0,1.0,2.0,4.0,4.0,1.0,13.0,2.0,5.0,0.0
11037,0.0,8.0,7.0,0.0,0.0,0.0,3.0,9.0,2.0,4.0,6.0,9.0,1.0,1.0,2.0,4.0,4.0,1.0,13.0,2.0,5.0,58.0,25.0,35.0,-15.051666666666666,0.0,9.0,7.0,0.0,0.0,0.0,4.0,10.0,3.0,5.0,7.0,1.0,2.0,1.0,3.0,5.0,5.0,1.0,14.0,3.0,6.0,0.0
11038,0.0,9.0,7.0,0.0,0.0,0.0,4.0,10.0,3.0,5.0,7.0,1.0,2.0,1.0,3.0,5.0,5.0,1.0,14.0,3.0,6.0,58.0,25.0,43.0,-16.33833333333333,0.0,9.0,7.0,0.0,0.0,2.0,5.0,11.0,4.0,6.0,8.0,1.0,3.0,2.0,1.0,6.0,6.0,1.0,15.0,4.0,7.0,0.0
11039,0.0,9.0,7.0,0.0,0.0,2.0,5.0,11.0,4.0,6.0,8.0,1.0,3.0,2.0,1.0,6.0,6.0,1.0,15.0,4.0,7.0,58.0,32.0,43.0,-13.129999999999999,0.0,9.0,5.0,0.0,0.0,4.0,6.0,12.0,5.0,7.0,9.0,2.0,1.0,3.0,1.0,7.0,7.0,1.0,16.0,5.0,8.0,0.0
11040,0.0,9.0,5.0,0.0,0.0,4.0,6.0,12.0,5.0,7.0,9.0,2.0,1.0,3.0,1.0,7.0,7.0,1.0,16.0,5.0,8.0,19.0,6.0,43.0,-9.696666666666667,0.0,7.0,7.0,0.0,0.0,6.0,7.0,1.0,6.0,1.0,10.0,3.0,2.0,4.0,1.0,8.0,8.0,2.0,17.0,6.0,9.0,0.0
11041,0.0,7.0,7.0,0.0,0.0,6.0,7.0,1.0,6.0,1.0,10.0,3.0,2.0,4.0,1.0,8.0,8.0,2.0,17.0,6.0,9.0,58.0,50.0,43.0,-13.063333333333333,0.0,9.0,7.0,0.0,0.0,8.0,8.0,2.0,7.0,2.0,11.0,4.0,3.0,5.0,1.0,9.0,1.0,1.0,18.0,7.0,10.0,0.0
11042,0.0,9.0,7.0,0.0,0.0,8.0,8.0,2.0,7.0,2.0,11.0,4.0,3.0,5.0,1.0,9.0,1.0,1.0,18.0,7.0,10.0,58.0,79.0,57.0,-7.641666666666666,0.0,9.0,7.0,0.0,0.0,8.0,9.0,3.0,8.0,3.0,12.0,5.0,4.0,6.0,2.0,10.0,2.0,1.0,19.0,8.0,11.0,0.0
11043,0.0,9.0,7.0,0.0,0.0,8.0,9.0,3.0,8.0,3.0,12.0,5.0,4.0,6.0,2.0,10.0,2.0,1.0,19.0,8.0,11.0,58.0,44.0,43.0,-20.376666666666665,0.0,9.0,7.0,0.0,0.0,9.0,10.0,4.0,9.0,4.0,13.0,6.0,5.0,7.0,1.0,11.0,3.0,1.0,20.0,9.0,12.0,0.0
11044,0.0,9.0,7.0,0.0,0.0,9.0,10.0,4.0,9.0,4.0,13.0,6.0,5.0,7.0,1.0,11.0,3.0,1.0,20.0,9.0,12.0,58.0,49.0,21.0,-19.244999999999997,0.0,9.0,7.0,0.0,2.0,9.0,11.0,5.0,10.0,5.0,1.0,7.0,6.0,8.0,2.0,1.0,4.0,1.0,21.0,10.0,13.0,0.0
11045,0.0,9.0,7.0,0.0,2.0,9.0,11.0,5.0,10.0,5.0,1.0,7.0,6.0,8.0,2.0,1.0,4.0,1.0,21.0,10.0,13.0,58.0,9.0,72.0,-8.748333333333333,0.0,9.0,7.0,0.0,0.0,9.0,12.0,1.0,11.0,6.0,2.0,8.0,7.0,9.0,3.0,2.0,5.0,1.0,22.0,11.0,1.0,0.0
11046,0.0,9.0,7.0,0.0,0.0,9.0,12.0,1.0,11.0,6.0,2.0,8.0,7.0,9.0,3.0,2.0,5.0,1.0,22.0,11.0,1.0,58.0,9.0,59.0,-9.614999999999998,0.0,9.0,7.0,0.0,0.0,7.0,13.0,1.0,12.0,7.0,3.0,9.0,8.0,10.0,4.0,3.0,6.0,1.0,23.0,12.0,2.0,0.0
11047,0.0,9.0,7.0,0.0,0.0,7.0,13.0,1.0,12.0,7.0,3.0,9.0,8.0,10.0,4.0,3.0,6.0,1.0,23.0,12.0,2.0,58.0,9.0,59.0,-12.341666666666667,0.0,9.0,7.0,0.0,0.0,5.0,14.0,1.0,13.0,8.0,4.0,10.0,9.0,11.0,5.0,4.0,7.0,1.0,24.0,13.0,3.0,0.0
11048,0.0,9.0,7.0,0.0,0.0,5.0,14.0,1.0,13.0,8.0,4.0,10.0,9.0,11.0,5.0,4.0,7.0,1.0,24.0,13.0,3.0,58.0,15.0,59.0,-26.381666666666664,0.0,9.0,7.0,0.0,0.0,3.0,15.0,2.0,14.0,1.0,5.0,11.0,10.0,12.0,6.0,5.0,8.0,1.0,25.0,14.0,4.0,0.0
11049,0.0,9.0,7.0,0.0,0.0,3.0,15.0,2.0,14.0,1.0,5.0,11.0,10.0,12.0,6.0,5.0,8.0,1.0,25.0,14.0,4.0,58.0,15.0,59.0,-31.58833333333333,0.0,9.0,7.0,0.0,0.0,1.0,16.0,3.0,15.0,1.0,6.0,12.0,11.0,13.0,7.0,6.0,9.0,1.0,26.0,15.0,5.0,0.0
11050,0.0,9.0,7.0,0.0,0.0,1.0,16.0,3.0,15.0,1.0,6.0,12.0,11.0,13.0,7.0,6.0,9.0,1.0,26.0,15.0,5.0,58.0,15.0,59.0,-35.09,0.0,9.0,7.0,0.0,0.0,0.0,17.0,4.0,16.0,1.0,7.0,13.0,12.0,14.0,8.0,7.0,10.0,1.0,27.0,16.0,6.0,0.0
11051,0.0,9.0,7.0,0.0,0.0,0.0,17.0,4.0,16.0,1.0,7.0,13.0,12.0,14.0,8.0,7.0,10.0,1.0,27.0,16.0,6.0,58.0,15.0,20.0,-34.25,0.0,9.0,7.0,0.0,0.0,0.0,18.0,5.0,17.0,1.0,1.0,14.0,13.0,15.0,9.0,8.0,11.0,1.0,28.0,17.0,7.0,0.0
11052,0.0,9.0,7.0,0.0,0.0,0.0,18.0,5.0,17.0,1.0,1.0,14.0,13.0,15.0,9.0,8.0,11.0,1.0,28.0,17.0,7.0,58.0,45.0,72.0,-27.363333333333333,0.0,9.0,7.0,0.0,0.0,0.0,19.0,6.0,18.0,2.0,2.0,15.0,14.0,16.0,10.0,1.0,12.0,1.0,29.0,18.0,1.0,0.0
11053,0.0,9.0,7.0,0.0,0.0,0.0,19.0,6.0,18.0,2.0,2.0,15.0,14.0,16.0,10.0,1.0,12.0,1.0,29.0,18.0,1.0,58.0,15.0,59.0,-36.223333333333336,0.0,9.0,7.0,0.0,0.0,0.0,20.0,7.0,19.0,1.0,3.0,16.0,15.0,17.0,11.0,2.0,13.0,1.0,30.0,19.0,2.0,0.0
11054,0.0,9.0,7.0,0.0,0.0,0.0,20.0,7.0,19.0,1.0,3.0,16.0,15.0,17.0,11.0,2.0,13.0,1.0,30.0,19.0,2.0,1.0,15.0,72.0,-43.44,2.0,9.0,7.0,0.0,0.0,0.0,1.0,8.0,20.0,1.0,4.0,17.0,16.0,18.0,12.0,3.0,14.0,2.0,31.0,20.0,1.0,0.0
11055,2.0,9.0,7.0,0.0,0.0,0.0,1.0,8.0,20.0,1.0,4.0,17.0,16.0,18.0,12.0,3.0,14.0,2.0,31.0,20.0,1.0,58.0,67.0,69.0,-22.97833333333333,2.0,9.0,5.0,0.0,0.0,0.0,2.0,9.0,21.0,2.0,5.0,18.0,17.0,19.0,13.0,4.0,15.0,1.0,32.0,1.0,2.0,0.0
11056,2.0,9.0,5.0,0.0,0.0,0.0,2.0,9.0,21.0,2.0,5.0,18.0,17.0,19.0,13.0,4.0,15.0,1.0,32.0,1.0,2.0,77.0,44.0,61.0,-31.983333333333334,0.0,9.0,5.0,0.0,2.0,0.0,3.0,10.0,22.0,3.0,6.0,19.0,18.0,20.0,1.0,5.0,16.0,2.0,1.0,2.0,3.0,0.0
11057,0.0,9.0,5.0,0.0,2.0,0.0,3.0,10.0,22.0,3.0,6.0,19.0,18.0,20.0,1.0,5.0,16.0,2.0,1.0,2.0,3.0,51.0,47.0,54.0,-17.943333333333335,2.0,9.0,3.0,0.0,2.0,0.0,4.0,11.0,23.0,4.0,7.0,20.0,19.0,21.0,2.0,1.0,1.0,3.0,2.0,3.0,4.0,0.0
11058,2.0,9.0,3.0,0.0,2.0,0.0,4.0,11.0,23.0,4.0,7.0,20.0,19.0,21.0,2.0,1.0,1.0,3.0,2.0,3.0,4.0,13.0,47.0,10.0,-22.923333333333332,2.0,9.0,1.0,0.0,2.0,0.0,5.0,12.0,1.0,5.0,8.0,21.0,20.0,22.0,3.0,1.0,2.0,4.0,3.0,4.0,5.0,0.0
11059,2.0,9.0,1.0,0.0,2.0,0.0,5.0,12.0,1.0,5.0,8.0,21.0,20.0,22.0,3.0,1.0,2.0,4.0,3.0,4.0,5.0,26.0,15.0,71.0,-28.211666666666666,4.0,9.0,1.0,0.0,4.0,0.0,6.0,13.0,2.0,1.0,9.0,1.0,21.0,23.0,4.0,2.0,3.0,5.0,4.0,5.0,1.0,0.0
11060,4.0,9.0,1.0,0.0,4.0,0.0,6.0,13.0,2.0,1.0,9.0,1.0,21.0,23.0,4.0,2.0,3.0,5.0,4.0,5.0,1.0,39.0,33.0,37.0,-24.108333333333334,4.0,7.0,1.0,2.0,2.0,0.0,7.0,14.0,3.0,2.0,10.0,2.0,1.0,1.0,5.0,3.0,4.0,6.0,5.0,6.0,2.0,0.0
11061,4.0,7.0,1.0,2.0,2.0,0.0,7.0,14.0,3.0,2.0,10.0,2.0,1.0,1.0,5.0,3.0,4.0,6.0,5.0,6.0,2.0,64.0,24.0,9.0,-22.709999999999997,4.0,5.0,1.0,0.0,2.0,0.0,8.0,1.0,4.0,3.0,1.0,3.0,2.0,2.0,6.0,4.0,5.0,7.0,1.0,7.0,3.0,0.0
11062,4.0,5.0,1.0,0.0,2.0,0.0,8.0,1.0,4.0,3.0,1.0,3.0,2.0,2.0,6.0,4.0,5.0,7.0,1.0,7.0,3.0,58.0,47.0,59.0,-21.27166666666667,4.0,7.0,0.0,0.0,2.0,0.0,9.0,2.0,5.0,4.0,2.0,4.0,3.0,3.0,7.0,1.0,6.0,1.0,2.0,8.0,4.0,0.0
11063,4.0,7.0,0.0,0.0,2.0,0.0,9.0,2.0,5.0,4.0,2.0,4.0,3.0,3.0,7.0,1.0,6.0,1.0,2.0,8.0,4.0,64.0,54.0,6.0,-16.335,4.0,5.0,0.0,0.0,4.0,0.0,10.0,1.0,6.0,5.0,3.0,5.0,4.0,4.0,8.0,2.0,1.0,2.0,1.0,9.0,5.0,0.0
11064,4.0,5.0,0.0,0.0,4.0,0.0,10.0,1.0,6.0,5.0,3.0,5.0,4.0,4.0,8.0,2.0,1.0,2.0,1.0,9.0,5.0,47.0,47.0,59.0,-22.18333333333333,2.0,5.0,0.0,0.0,4.0,0.0,11.0,2.0,7.0,6.0,4.0,6.0,5.0,5.0,9.0,1.0,2.0,1.0,2.0,10.0,6.0,0.0
11065,2.0,5.0,0.0,0.0,4.0,0.0,11.0,2.0,7.0,6.0,4.0,6.0,5.0,5.0,9.0,1.0,2.0,1.0,2.0,10.0,6.0,2.0,47.0,42.0,-19.30333333333333,0.0,5.0,0.0,0.0,2.0,0.0,1.0,3.0,8.0,7.0,5.0,7.0,6.0,6.0,1.0,1.0,3.0,2.0,3.0,11.0,7.0,0.0
11066,0.0,5.0,0.0,0.0,2.0,0.0,1.0,3.0,8.0,7.0,5.0,7.0,6.0,6.0,1.0,1.0,3.0,2.0,3.0,11.0,7.0,13.0,41.0,54.0,-22.293333333333333,0.0,7.0,2.0,0.0,2.0,0.0,2.0,4.0,1.0,8.0,6.0,8.0,7.0,7.0,1.0,2.0,1.0,3.0,4.0,12.0,8.0,0.0
11067,0.0,7.0,2.0,0.0,2.0,0.0,2.0,4.0,1.0,8.0,6.0,8.0,7.0,7.0,1.0,2.0,1.0,3.0,4.0,12.0,8.0,58.0,41.0,48.0,-13.903333333333334,0.0,9.0,4.0,0.0,2.0,2.0,3.0,5.0,2.0,9.0,7.0,9.0,8.0,8.0,1.0,1.0,2.0,1.0,5.0,13.0,9.0,0.0
11068,0.0,9.0,4.0,0.0,2.0,2.0,3.0,5.0,2.0,9.0,7.0,9.0,8.0,8.0,1.0,1.0,2.0,1.0,5.0,13.0,9.0,58.0,41.0,37.0,-20.436666666666667,0.0,9.0,6.0,0.0,0.0,2.0,4.0,6.0,3.0,10.0,8.0,10.0,9.0,1.0,1.0,2.0,3.0,1.0,6.0,14.0,10.0,0.0
11069,0.0,9.0,6.0,0.0,0.0,2.0,4.0,6.0,3.0,10.0,8.0,10.0,9.0,1.0,1.0,2.0,3.0,1.0,6.0,14.0,10.0,58.0,41.0,48.0,-18.07,0.0,9.0,8.0,0.0,0.0,4.0,5.0,7.0,4.0,11.0,9.0,11.0,10.0,2.0,1.0,1.0,4.0,1.0,7.0,15.0,11.0,0.0
11070,0.0,9.0,8.0,0.0,0.0,4.0,5.0,7.0,4.0,11.0,9.0,11.0,10.0,2.0,1.0,1.0,4.0,1.0,7.0,15.0,11.0,1.0,41.0,37.0,-36.05166666666666,2.0,9.0,9.0,0.0,0.0,4.0,1.0,8.0,5.0,12.0,10.0,12.0,11.0,1.0,1.0,2.0,5.0,2.0,8.0,16.0,12.0,0.0
11071,2.0,9.0,9.0,0.0,0.0,4.0,1.0,8.0,5.0,12.0,10.0,12.0,11.0,1.0,1.0,2.0,5.0,2.0,8.0,16.0,12.0,57.0,41.0,37.0,-26.865000000000002,0.0,9.0,9.0,0.0,0.0,4.0,2.0,9.0,6.0,13.0,11.0,13.0,12.0,1.0,1.0,3.0,6.0,1.0,9.0,17.0,13.0,0.0
11072,0.0,9.0,9.0,0.0,0.0,4.0,2.0,9.0,6.0,13.0,11.0,13.0,12.0,1.0,1.0,3.0,6.0,1.0,9.0,17.0,13.0,57.0,41.0,37.0,-27.665,0.0,9.0,9.0,0.0,0.0,4.0,3.0,10.0,7.0,14.0,12.0,14.0,13.0,1.0,1.0,4.0,7.0,1.0,10.0,18.0,14.0,0.0
11073,0.0,9.0,9.0,0.0,0.0,4.0,3.0,10.0,7.0,14.0,12.0,14.0,13.0,1.0,1.0,4.0,7.0,1.0,10.0,18.0,14.0,57.0,41.0,37.0,-28.465000000000003,0.0,9.0,9.0,0.0,0.0,4.0,4.0,11.0,8.0,15.0,13.0,15.0,14.0,1.0,1.0,5.0,8.0,1.0,11.0,19.0,15.0,0.0
11074,0.0,9.0,9.0,0.0,0.0,4.0,4.0,11.0,8.0,15.0,13.0,15.0,14.0,1.0,1.0,5.0,8.0,1.0,11.0,19.0,15.0,57.0,41.0,49.0,-22.798333333333332,0.0,9.0,9.0,0.0,0.0,2.0,5.0,12.0,9.0,16.0,14.0,16.0,15.0,2.0,1.0,1.0,9.0,1.0,12.0,20.0,16.0,0.0
11075,0.0,9.0,9.0,0.0,0.0,2.0,5.0,12.0,9.0,16.0,14.0,16.0,15.0,2.0,1.0,1.0,9.0,1.0,12.0,20.0,16.0,65.0,41.0,37.0,-33.425,0.0,9.0,9.0,0.0,0.0,2.0,6.0,13.0,10.0,17.0,15.0,17.0,16.0,1.0,1.0,2.0,10.0,2.0,13.0,1.0,17.0,0.0
11076,0.0,9.0,9.0,0.0,0.0,2.0,6.0,13.0,10.0,17.0,15.0,17.0,16.0,1.0,1.0,2.0,10.0,2.0,13.0,1.0,17.0,79.0,41.0,12.0,-30.901666666666664,0.0,7.0,9.0,0.0,0.0,2.0,7.0,14.0,1.0,18.0,16.0,18.0,17.0,2.0,1.0,3.0,11.0,3.0,14.0,2.0,18.0,0.0
11077,0.0,7.0,9.0,0.0,0.0,2.0,7.0,14.0,1.0,18.0,16.0,18.0,17.0,2.0,1.0,3.0,11.0,3.0,14.0,2.0,18.0,17.0,19.0,79.0,-25.586666666666666,0.0,7.0,9.0,0.0,0.0,0.0,8.0,15.0,2.0,1.0,17.0,19.0,18.0,3.0,2.0,4.0,12.0,4.0,15.0,3.0,19.0,0.0
11078,0.0,7.0,9.0,0.0,0.0,0.0,8.0,15.0,2.0,1.0,17.0,19.0,18.0,3.0,2.0,4.0,12.0,4.0,15.0,3.0,19.0,65.0,41.0,49.0,-28.311666666666667,0.0,7.0,9.0,0.0,0.0,0.0,9.0,16.0,3.0,2.0,18.0,20.0,19.0,4.0,1.0,1.0,13.0,5.0,16.0,1.0,20.0,0.0
11079,0.0,7.0,9.0,0.0,0.0,0.0,9.0,16.0,3.0,2.0,18.0,20.0,19.0,4.0,1.0,1.0,13.0,5.0,16.0,1.0,20.0,65.0,41.0,79.0,-27.008333333333333,0.0,7.0,9.0,0.0,0.0,0.0,10.0,17.0,4.0,3.0,19.0,21.0,20.0,5.0,1.0,2.0,14.0,6.0,17.0,1.0,21.0,0.0
11080,0.0,7.0,9.0,0.0,0.0,0.0,10.0,17.0,4.0,3.0,19.0,21.0,20.0,5.0,1.0,2.0,14.0,6.0,17.0,1.0,21.0,65.0,70.0,79.0,-32.586666666666666,0.0,7.0,9.0,0.0,0.0,0.0,11.0,18.0,5.0,4.0,20.0,22.0,21.0,6.0,2.0,3.0,15.0,7.0,18.0,1.0,1.0,0.0
11081,0.0,7.0,9.0,0.0,0.0,0.0,11.0,18.0,5.0,4.0,20.0,22.0,21.0,6.0,2.0,3.0,15.0,7.0,18.0,1.0,1.0,65.0,22.0,9.0,-25.71666666666666,0.0,7.0,7.0,0.0,0.0,0.0,12.0,1.0,6.0,5.0,1.0,23.0,22.0,7.0,3.0,4.0,16.0,8.0,19.0,1.0,2.0,0.0
11082,0.0,7.0,7.0,0.0,0.0,0.0,12.0,1.0,6.0,5.0,1.0,23.0,22.0,7.0,3.0,4.0,16.0,8.0,19.0,1.0,2.0,1.0,2.0,54.0,-19.735,2.0,7.0,5.0,0.0,0.0,0.0,1.0,2.0,7.0,6.0,2.0,24.0,23.0,8.0,4.0,5.0,1.0,9.0,20.0,2.0,3.0,0.0
11083,2.0,7.0,5.0,0.0,0.0,0.0,1.0,2.0,7.0,6.0,2.0,24.0,23.0,8.0,4.0,5.0,1.0,9.0,20.0,2.0,3.0,26.0,9.0,61.0,-25.728333333333335,4.0,7.0,5.0,0.0,2.0,0.0,2.0,1.0,8.0,7.0,3.0,1.0,24.0,9.0,5.0,6.0,2.0,10.0,1.0,3.0,4.0,0.0
11084,4.0,7.0,5.0,0.0,2.0,0.0,2.0,1.0,8.0,7.0,3.0,1.0,24.0,9.0,5.0,6.0,2.0,10.0,1.0,3.0,4.0,33.0,9.0,0.0,-20.743333333333332,4.0,9.0,5.0,0.0,2.0,0.0,1.0,1.0,9.0,8.0,4.0,2.0,1.0,10.0,6.0,7.0,3.0,11.0,2.0,4.0,5.0,0.0
11085,4.0,9.0,5.0,0.0,2.0,0.0,1.0,1.0,9.0,8.0,4.0,2.0,1.0,10.0,6.0,7.0,3.0,11.0,2.0,4.0,5.0,58.0,79.0,17.0,-12.106666666666666,4.0,9.0,5.0,0.0,0.0,0.0,2.0,2.0,10.0,1.0,5.0,3.0,2.0,11.0,7.0,8.0,4.0,1.0,3.0,5.0,6.0,0.0
11086,4.0,9.0,5.0,0.0,0.0,0.0,2.0,2.0,10.0,1.0,5.0,3.0,2.0,11.0,7.0,8.0,4.0,1.0,3.0,5.0,6.0,42.0,79.0,69.0,-14.166666666666668,2.0,9.0,5.0,0.0,0.0,0.0,3.0,3.0,11.0,2.0,6.0,4.0,3.0,12.0,1.0,9.0,5.0,2.0,4.0,1.0,7.0,0.0
11087,2.0,9.0,5.0,0.0,0.0,0.0,3.0,3.0,11.0,2.0,6.0,4.0,3.0,12.0,1.0,9.0,5.0,2.0,4.0,1.0,7.0,19.0,38.0,69.0,-313.7016666666666,2.0,7.0,5.0,2.0,0.0,0.0,4.0,4.0,12.0,1.0,7.0,5.0,4.0,1.0,2.0,10.0,6.0,3.0,5.0,1.0,8.0,0.0
11088,2.0,7.0,5.0,2.0,0.0,0.0,4.0,4.0,12.0,1.0,7.0,5.0,4.0,1.0,2.0,10.0,6.0,3.0,5.0,1.0,8.0,79.0,47.0,72.0,-315.82666666666665,2.0,5.0,3.0,2.0,0.0,0.0,5.0,5.0,13.0,2.0,8.0,6.0,5.0,2.0,3.0,1.0,7.0,4.0,6.0,2.0,1.0,0.0
11089,2.0,5.0,3.0,2.0,0.0,0.0,5.0,5.0,13.0,2.0,8.0,6.0,5.0,2.0,3.0,1.0,7.0,4.0,6.0,2.0,1.0,79.0,54.0,54.0,-13.105,2.0,3.0,3.0,0.0,0.0,0.0,6.0,6.0,14.0,3.0,9.0,7.0,6.0,3.0,4.0,2.0,1.0,5.0,7.0,3.0,2.0,0.0
11090,2.0,3.0,3.0,0.0,0.0,0.0,6.0,6.0,14.0,3.0,9.0,7.0,6.0,3.0,4.0,2.0,1.0,5.0,7.0,3.0,2.0,79.0,31.0,12.0,-20.986666666666668,2.0,1.0,5.0,0.0,0.0,0.0,7.0,7.0,1.0,4.0,10.0,8.0,1.0,4.0,5.0,3.0,2.0,6.0,8.0,4.0,3.0,0.0
11091,2.0,1.0,5.0,0.0,0.0,0.0,7.0,7.0,1.0,4.0,10.0,8.0,1.0,4.0,5.0,3.0,2.0,6.0,8.0,4.0,3.0,19.0,19.0,55.0,-32.17,2.0,0.0,5.0,0.0,0.0,0.0,8.0,8.0,2.0,1.0,11.0,9.0,2.0,5.0,6.0,4.0,3.0,1.0,9.0,5.0,4.0,0.0
11092,2.0,0.0,5.0,0.0,0.0,0.0,8.0,8.0,2.0,1.0,11.0,9.0,2.0,5.0,6.0,4.0,3.0,1.0,9.0,5.0,4.0,65.0,67.0,49.0,-17.845,2.0,0.0,3.0,0.0,0.0,0.0,9.0,9.0,3.0,2.0,12.0,10.0,3.0,6.0,7.0,1.0,4.0,2.0,10.0,1.0,5.0,0.0
11093,2.0,0.0,3.0,0.0,0.0,0.0,9.0,9.0,3.0,2.0,12.0,10.0,3.0,6.0,7.0,1.0,4.0,2.0,10.0,1.0,5.0,19.0,25.0,20.0,-30.42,2.0,0.0,3.0,0.0,0.0,0.0,10.0,10.0,4.0,1.0,1.0,1.0,4.0,7.0,8.0,2.0,5.0,3.0,11.0,2.0,6.0,0.0
11094,2.0,0.0,3.0,0.0,0.0,0.0,10.0,10.0,4.0,1.0,1.0,1.0,4.0,7.0,8.0,2.0,5.0,3.0,11.0,2.0,6.0,17.0,49.0,72.0,-23.689999999999998,0.0,0.0,3.0,0.0,0.0,0.0,11.0,11.0,5.0,1.0,2.0,2.0,5.0,8.0,9.0,1.0,6.0,4.0,12.0,3.0,1.0,0.0
11095,0.0,0.0,3.0,0.0,0.0,0.0,11.0,11.0,5.0,1.0,2.0,2.0,5.0,8.0,9.0,1.0,6.0,4.0,12.0,3.0,1.0,17.0,25.0,6.0,-23.91166666666667,0.0,0.0,3.0,0.0,2.0,0.0,12.0,1.0,6.0,1.0,3.0,1.0,6.0,9.0,10.0,2.0,7.0,5.0,13.0,4.0,2.0,0.0
11096,0.0,0.0,3.0,0.0,2.0,0.0,12.0,1.0,6.0,1.0,3.0,1.0,6.0,9.0,10.0,2.0,7.0,5.0,13.0,4.0,2.0,39.0,42.0,6.0,-22.33833333333333,0.0,0.0,1.0,0.0,4.0,0.0,13.0,1.0,7.0,2.0,4.0,2.0,7.0,1.0,1.0,3.0,8.0,6.0,14.0,5.0,3.0,0.0
11097,0.0,0.0,1.0,0.0,4.0,0.0,13.0,1.0,7.0,2.0,4.0,2.0,7.0,1.0,1.0,3.0,8.0,6.0,14.0,5.0,3.0,19.0,2.0,72.0,-22.60333333333333,0.0,0.0,0.0,0.0,2.0,0.0,1.0,2.0,8.0,1.0,5.0,3.0,8.0,2.0,2.0,4.0,9.0,7.0,15.0,6.0,1.0,0.0
11098,0.0,0.0,0.0,0.0,2.0,0.0,1.0,2.0,8.0,1.0,5.0,3.0,8.0,2.0,2.0,4.0,9.0,7.0,15.0,6.0,1.0,11.0,67.0,69.0,-28.56,2.0,0.0,0.0,0.0,2.0,0.0,2.0,3.0,1.0,2.0,6.0,4.0,9.0,3.0,3.0,5.0,10.0,8.0,16.0,1.0,2.0,0.0
11099,2.0,0.0,0.0,0.0,2.0,0.0,2.0,3.0,1.0,2.0,6.0,4.0,9.0,3.0,3.0,5.0,10.0,8.0,16.0,1.0,2.0,24.0,25.0,55.0,-39.519999999999996,2.0,0.0,0.0,0.0,2.0,0.0,3.0,4.0,2.0,3.0,1.0,1.0,10.0,4.0,4.0,6.0,11.0,1.0,17.0,2.0,3.0,1.0
11100,3.0,8.0,8.0,0.0,2.0,6.0,1.0,1.0,1.0,1.0,1.0,1.0,1.0,1.0,1.0,1.0,1.0,1.0,1.0,1.0,1.0,19.0,9.0,17.0,-3.881666666666667,3.0,6.0,8.0,0.0,0.0,6.0,2.0,1.0,2.0,1.0,2.0,2.0,2.0,2.0,2.0,2.0,2.0,2.0,2.0,2.0,2.0,0.0
11101,3.0,6.0,8.0,0.0,0.0,6.0,2.0,1.0,2.0,1.0,2.0,2.0,2.0,2.0,2.0,2.0,2.0,2.0,2.0,2.0,2.0,19.0,9.0,17.0,-5.368333333333334,3.0,4.0,8.0,0.0,0.0,6.0,3.0,1.0,3.0,1.0,3.0,3.0,3.0,3.0,3.0,3.0,3.0,3.0,3.0,3.0,3.0,0.0
11102,3.0,4.0,8.0,0.0,0.0,6.0,3.0,1.0,3.0,1.0,3.0,3.0,3.0,3.0,3.0,3.0,3.0,3.0,3.0,3.0,3.0,24.0,25.0,72.0,-12.588333333333331,3.0,2.0,8.0,0.0,0.0,6.0,4.0,2.0,4.0,2.0,1.0,1.0,4.0,4.0,4.0,4.0,4.0,4.0,4.0,4.0,1.0,0.0
11103,3.0,2.0,8.0,0.0,0.0,6.0,4.0,2.0,4.0,2.0,1.0,1.0,4.0,4.0,4.0,4.0,4.0,4.0,4.0,4.0,1.0,11.0,9.0,17.0,-9.024999999999999,5.0,2.0,8.0,0.0,0.0,6.0,5.0,1.0,1.0,1.0,2.0,2.0,5.0,5.0,5.0,5.0,5.0,5.0,5.0,5.0,2.0,0.0
11104,5.0,2.0,8.0,0.0,0.0,6.0,5.0,1.0,1.0,1.0,2.0,2.0,5.0,5.0,5.0,5.0,5.0,5.0,5.0,5.0,2.0,24.0,25.0,52.0,-15.934999999999999,5.0,0.0,8.0,0.0,0.0,6.0,6.0,2.0,2.0,2.0,1.0,1.0,6.0,6.0,6.0,6.0,1.0,6.0,6.0,6.0,3.0,0.0
11105,5.0,0.0,8.0,0.0,0.0,6.0,6.0,2.0,2.0,2.0,1.0,1.0,6.0,6.0,6.0,6.0,1.0,6.0,6.0,6.0,3.0,24.0,25.0,72.0,-14.741666666666667,5.0,0.0,8.0,0.0,0.0,6.0,7.0,3.0,3.0,3.0,1.0,1.0,7.0,7.0,7.0,7.0,2.0,7.0,7.0,7.0,1.0,0.0
11106,5.0,0.0,8.0,0.0,0.0,6.0,7.0,3.0,3.0,3.0,1.0,1.0,7.0,7.0,7.0,7.0,2.0,7.0,7.0,7.0,1.0,24.0,25.0,72.0,-15.541666666666666,5.0,0.0,8.0,0.0,0.0,6.0,8.0,4.0,4.0,4.0,1.0,1.0,8.0,8.0,8.0,8.0,3.0,8.0,8.0,8.0,1.0,0.0
11107,5.0,0.0,8.0,0.0,0.0,6.0,8.0,4.0,4.0,4.0,1.0,1.0,8.0,8.0,8.0,8.0,3.0,8.0,8.0,8.0,1.0,24.0,25.0,17.0,-15.056666666666667,5.0,0.0,8.0,0.0,0.0,6.0,9.0,5.0,5.0,1.0,1.0,1.0,9.0,9.0,9.0,9.0,4.0,9.0,9.0,9.0,2.0,0.0
11108,5.0,0.0,8.0,0.0,0.0,6.0,9.0,5.0,5.0,1.0,1.0,1.0,9.0,9.0,9.0,9.0,4.0,9.0,9.0,9.0,2.0,24.0,49.0,72.0,-19.441666666666666,5.0,0.0,8.0,0.0,0.0,6.0,10.0,6.0,6.0,2.0,1.0,2.0,10.0,10.0,10.0,1.0,5.0,10.0,10.0,10.0,1.0,0.0
11109,5.0,0.0,8.0,0.0,0.0,6.0,10.0,6.0,6.0,2.0,1.0,2.0,10.0,10.0,10.0,1.0,5.0,10.0,10.0,10.0,1.0,24.0,42.0,72.0,-20.881666666666668,5.0,0.0,6.0,0.0,0.0,6.0,11.0,7.0,7.0,3.0,1.0,3.0,11.0,11.0,1.0,2.0,6.0,11.0,11.0,11.0,1.0,0.0
11110,5.0,0.0,6.0,0.0,0.0,6.0,11.0,7.0,7.0,3.0,1.0,3.0,11.0,11.0,1.0,2.0,6.0,11.0,11.0,11.0,1.0,24.0,67.0,72.0,-16.83,5.0,0.0,4.0,0.0,0.0,6.0,12.0,8.0,8.0,4.0,1.0,4.0,12.0,12.0,2.0,3.0,7.0,12.0,12.0,1.0,1.0,0.0
11111,5.0,0.0,4.0,0.0,0.0,6.0,12.0,8.0,8.0,4.0,1.0,4.0,12.0,12.0,2.0,3.0,7.0,12.0,12.0,1.0,1.0,32.0,25.0,9.0,-26.769999999999996,3.0,0.0,4.0,0.0,0.0,4.0,13.0,1.0,9.0,5.0,2.0,1.0,1.0,13.0,3.0,4.0,8.0,13.0,13.0,2.0,2.0,0.0
11112,3.0,0.0,4.0,0.0,0.0,4.0,13.0,1.0,9.0,5.0,2.0,1.0,1.0,13.0,3.0,4.0,8.0,13.0,13.0,2.0,2.0,19.0,25.0,10.0,-25.995,3.0,0.0,4.0,0.0,0.0,4.0,14.0,2.0,1.0,1.0,3.0,1.0,2.0,14.0,4.0,5.0,9.0,14.0,14.0,3.0,3.0,0.0
11113,3.0,0.0,4.0,0.0,0.0,4.0,14.0,2.0,1.0,1.0,3.0,1.0,2.0,14.0,4.0,5.0,9.0,14.0,14.0,3.0,3.0,19.0,25.0,72.0,-22.78666666666667,3.0,0.0,4.0,0.0,0.0,4.0,15.0,3.0,2.0,1.0,4.0,1.0,3.0,15.0,5.0,6.0,10.0,15.0,15.0,4.0,1.0,0.0
11114,3.0,0.0,4.0,0.0,0.0,4.0,15.0,3.0,2.0,1.0,4.0,1.0,3.0,15.0,5.0,6.0,10.0,15.0,15.0,4.0,1.0,19.0,25.0,72.0,-23.586666666666666,3.0,0.0,4.0,0.0,0.0,4.0,16.0,4.0,3.0,1.0,5.0,1.0,4.0,16.0,6.0,7.0,11.0,16.0,16.0,5.0,1.0,0.0
11115,3.0,0.0,4.0,0.0,0.0,4.0,16.0,4.0,3.0,1.0,5.0,1.0,4.0,16.0,6.0,7.0,11.0,16.0,16.0,5.0,1.0,19.0,25.0,72.0,-24.38666666666667,3.0,0.0,4.0,0.0,0.0,4.0,17.0,5.0,4.0,1.0,6.0,1.0,5.0,17.0,7.0,8.0,12.0,17.0,17.0,6.0,1.0,0.0
11116,3.0,0.0,4.0,0.0,0.0,4.0,17.0,5.0,4.0,1.0,6.0,1.0,5.0,17.0,7.0,8.0,12.0,17.0,17.0,6.0,1.0,19.0,25.0,72.0,-25.186666666666667,3.0,0.0,4.0,0.0,0.0,4.0,18.0,6.0,5.0,1.0,7.0,1.0,6.0,18.0,8.0,9.0,13.0,18.0,18.0,7.0,1.0,0.0
11117,3.0,0.0,4.0,0.0,0.0,4.0,18.0,6.0,5.0,1.0,7.0,1.0,6.0,18.0,8.0,9.0,13.0,18.0,18.0,7.0,1.0,19.0,25.0,72.0,-25.986666666666668,3.0,0.0,4.0,0.0,0.0,4.0,19.0,7.0,6.0,1.0,8.0,1.0,7.0,19.0,9.0,10.0,14.0,19.0,19.0,8.0,1.0,0.0
11118,3.0,0.0,4.0,0.0,0.0,4.0,19.0,7.0,6.0,1.0,8.0,1.0,7.0,19.0,9.0,10.0,14.0,19.0,19.0,8.0,1.0,19.0,25.0,72.0,-26.78666666666667,3.0,0.0,4.0,0.0,0.0,4.0,20.0,8.0,7.0,1.0,9.0,1.0,8.0,20.0,10.0,11.0,15.0,20.0,20.0,9.0,1.0,0.0
11119,3.0,0.0,4.0,0.0,0.0,4.0,20.0,8.0,7.0,1.0,9.0,1.0,8.0,20.0,10.0,11.0,15.0,20.0,20.0,9.0,1.0,19.0,25.0,72.0,-27.586666666666666,3.0,0.0,4.0,0.0,0.0,4.0,21.0,9.0,8.0,1.0,10.0,1.0,9.0,21.0,11.0,12.0,16.0,21.0,21.0,10.0,1.0,0.0
11120,3.0,0.0,4.0,0.0,0.0,4.0,21.0,9.0,8.0,1.0,10.0,1.0,9.0,21.0,11.0,12.0,16.0,21.0,21.0,10.0,1.0,19.0,25.0,72.0,-28.38666666666667,3.0,0.0,4.0,0.0,0.0,4.0,22.0,10.0,9.0,1.0,11.0,1.0,10.0,22.0,12.0,13.0,17.0,22.0,22.0,11.0,1.0,0.0
11121,3.0,0.0,4.0,0.0,0.0,4.0,22.0,10.0,9.0,1.0,11.0,1.0,10.0,22.0,12.0,13.0,17.0,22.0,22.0,11.0,1.0,19.0,25.0,72.0,-29.186666666666667,3.0,0.0,4.0,0.0,0.0,4.0,23.0,11.0,10.0,1.0,12.0,1.0,11.0,23.0,13.0,14.0,18.0,23.0,23.0,12.0,1.0,0.0
11122,3.0,0.0,4.0,0.0,0.0,4.0,23.0,11.0,10.0,1.0,12.0,1.0,11.0,23.0,13.0,14.0,18.0,23.0,23.0,12.0,1.0,19.0,49.0,72.0,-24.78,3.0,0.0,4.0,0.0,0.0,4.0,24.0,12.0,11.0,1.0,13.0,2.0,12.0,24.0,14.0,1.0,19.0,24.0,24.0,13.0,1.0,0.0
11123,3.0,0.0,4.0,0.0,0.0,4.0,24.0,12.0,11.0,1.0,13.0,2.0,12.0,24.0,14.0,1.0,19.0,24.0,24.0,13.0,1.0,64.0,55.0,6.0,-42.085,3.0,0.0,4.0,0.0,2.0,4.0,25.0,1.0,12.0,2.0,14.0,3.0,13.0,25.0,15.0,2.0,20.0,1.0,1.0,14.0,2.0,0.0
11124,3.0,0.0,4.0,0.0,2.0,4.0,25.0,1.0,12.0,2.0,14.0,3.0,13.0,25.0,15.0,2.0,20.0,1.0,1.0,14.0,2.0,0.0,46.0,10.0,-16.769999999999996,3.0,0.0,6.0,0.0,2.0,4.0,1.0,2.0,1.0,3.0,15.0,4.0,14.0,26.0,16.0,1.0,21.0,2.0,2.0,15.0,3.0,0.0
11125,3.0,0.0,6.0,0.0,2.0,4.0,1.0,2.0,1.0,3.0,15.0,4.0,14.0,26.0,16.0,1.0,21.0,2.0,2.0,15.0,3.0,78.0,33.0,10.0,-14.135,3.0,2.0,6.0,2.0,2.0,4.0,2.0,3.0,1.0,4.0,16.0,5.0,1.0,27.0,17.0,2.0,22.0,3.0,3.0,16.0,4.0,0.0
11126,3.0,2.0,6.0,2.0,2.0,4.0,2.0,3.0,1.0,4.0,16.0,5.0,1.0,27.0,17.0,2.0,22.0,3.0,3.0,16.0,4.0,1.0,21.0,10.0,-14.798333333333332,5.0,2.0,8.0,2.0,2.0,4.0,1.0,4.0,1.0,5.0,1.0,6.0,2.0,28.0,18.0,3.0,23.0,4.0,4.0,17.0,5.0,0.0
11127,5.0,2.0,8.0,2.0,2.0,4.0,1.0,4.0,1.0,5.0,1.0,6.0,2.0,28.0,18.0,3.0,23.0,4.0,4.0,17.0,5.0,70.0,21.0,10.0,-21.996666666666666,5.0,2.0,9.0,2.0,2.0,4.0,2.0,5.0,1.0,6.0,1.0,7.0,3.0,29.0,19.0,4.0,24.0,5.0,5.0,18.0,1.0,0.0
11128,5.0,2.0,9.0,2.0,2.0,4.0,2.0,5.0,1.0,6.0,1.0,7.0,3.0,29.0,19.0,4.0,24.0,5.0,5.0,18.0,1.0,77.0,21.0,10.0,-15.733333333333333,3.0,2.0,9.0,2.0,2.0,4.0,3.0,6.0,1.0,7.0,1.0,8.0,4.0,30.0,20.0,5.0,25.0,6.0,6.0,19.0,2.0,0.0
11129,3.0,2.0,9.0,2.0,2.0,4.0,3.0,6.0,1.0,7.0,1.0,8.0,4.0,30.0,20.0,5.0,25.0,6.0,6.0,19.0,2.0,70.0,21.0,10.0,-22.356666666666666,3.0,2.0,9.0,2.0,2.0,4.0,4.0,7.0,1.0,8.0,1.0,9.0,5.0,31.0,21.0,6.0,26.0,7.0,7.0,20.0,1.0,0.0
11130,3.0,2.0,9.0,2.0,2.0,4.0,4.0,7.0,1.0,8.0,1.0,9.0,5.0,31.0,21.0,6.0,26.0,7.0,7.0,20.0,1.0,77.0,42.0,10.0,-19.255000000000003,1.0,2.0,7.0,2.0,2.0,4.0,5.0,8.0,1.0,9.0,2.0,10.0,6.0,32.0,1.0,7.0,27.0,8.0,8.0,21.0,2.0,0.0
11131,1.0,2.0,7.0,2.0,2.0,4.0,5.0,8.0,1.0,9.0,2.0,10.0,6.0,32.0,1.0,7.0,27.0,8.0,8.0,21.0,2.0,1.0,53.0,10.0,-14.489999999999998,3.0,2.0,7.0,4.0,2.0,4.0,1.0,9.0,1.0,10.0,3.0,11.0,7.0,33.0,2.0,8.0,1.0,9.0,9.0,22.0,3.0,0.0
11132,3.0,2.0,7.0,4.0,2.0,4.0,1.0,9.0,1.0,10.0,3.0,11.0,7.0,33.0,2.0,8.0,1.0,9.0,9.0,22.0,3.0,25.0,39.0,39.0,-15.346666666666668,3.0,2.0,7.0,2.0,2.0,2.0,2.0,10.0,2.0,11.0,4.0,1.0,8.0,1.0,3.0,9.0,2.0,10.0,10.0,23.0,4.0,0.0
11133,3.0,2.0,7.0,2.0,2.0,2.0,2.0,10.0,2.0,11.0,4.0,1.0,8.0,1.0,3.0,9.0,2.0,10.0,10.0,23.0,4.0,57.0,78.0,17.0,-16.806666666666665,1.0,2.0,7.0,4.0,0.0,2.0,3.0,11.0,3.0,1.0,5.0,2.0,9.0,2.0,4.0,10.0,3.0,1.0,11.0,24.0,5.0,0.0
11134,1.0,2.0,7.0,4.0,0.0,2.0,3.0,11.0,3.0,1.0,5.0,2.0,9.0,2.0,4.0,10.0,3.0,1.0,11.0,24.0,5.0,67.0,7.0,72.0,-317.77500000000003,0.0,2.0,5.0,4.0,0.0,2.0,4.0,1.0,4.0,2.0,6.0,3.0,10.0,3.0,5.0,11.0,4.0,2.0,12.0,1.0,1.0,0.0
11135,0.0,2.0,5.0,4.0,0.0,2.0,4.0,1.0,4.0,2.0,6.0,3.0,10.0,3.0,5.0,11.0,4.0,2.0,12.0,1.0,1.0,48.0,45.0,63.0,-20.806666666666665,0.0,4.0,5.0,4.0,0.0,4.0,5.0,2.0,5.0,3.0,7.0,4.0,11.0,4.0,6.0,1.0,5.0,3.0,1.0,2.0,2.0,0.0
11136,0.0,4.0,5.0,4.0,0.0,4.0,5.0,2.0,5.0,3.0,7.0,4.0,11.0,4.0,6.0,1.0,5.0,3.0,1.0,2.0,2.0,79.0,42.0,17.0,-7.101666666666667,0.0,2.0,3.0,4.0,0.0,4.0,6.0,3.0,6.0,1.0,8.0,5.0,12.0,5.0,1.0,2.0,6.0,4.0,2.0,3.0,3.0,0.0
11137,0.0,2.0,3.0,4.0,0.0,4.0,6.0,3.0,6.0,1.0,8.0,5.0,12.0,5.0,1.0,2.0,6.0,4.0,2.0,3.0,3.0,48.0,7.0,10.0,-19.148333333333337,0.0,4.0,1.0,4.0,0.0,4.0,7.0,1.0,1.0,2.0,9.0,6.0,13.0,6.0,2.0,1.0,7.0,5.0,3.0,4.0,4.0,0.0
11138,0.0,4.0,1.0,4.0,0.0,4.0,7.0,1.0,1.0,2.0,9.0,6.0,13.0,6.0,2.0,1.0,7.0,5.0,3.0,4.0,4.0,1.0,65.0,39.0,-14.985,2.0,4.0,1.0,4.0,0.0,2.0,1.0,2.0,2.0,3.0,10.0,7.0,14.0,1.0,3.0,2.0,8.0,6.0,4.0,1.0,5.0,0.0
11139,2.0,4.0,1.0,4.0,0.0,2.0,1.0,2.0,2.0,3.0,10.0,7.0,14.0,1.0,3.0,2.0,8.0,6.0,4.0,1.0,5.0,57.0,65.0,37.0,-17.931666666666665,0.0,4.0,1.0,4.0,0.0,2.0,2.0,3.0,3.0,4.0,11.0,8.0,15.0,1.0,4.0,3.0,9.0,1.0,5.0,1.0,6.0,0.0
11140,0.0,4.0,1.0,4.0,0.0,2.0,2.0,3.0,3.0,4.0,11.0,8.0,15.0,1.0,4.0,3.0,9.0,1.0,5.0,1.0,6.0,48.0,31.0,56.0,-22.005000000000003,0.0,6.0,3.0,4.0,2.0,2.0,3.0,4.0,4.0,5.0,12.0,9.0,1.0,2.0,5.0,1.0,10.0,1.0,6.0,2.0,7.0,0.0
11141,0.0,6.0,3.0,4.0,2.0,2.0,3.0,4.0,4.0,5.0,12.0,9.0,1.0,2.0,5.0,1.0,10.0,1.0,6.0,2.0,7.0,19.0,65.0,13.0,-10.956666666666665,0.0,4.0,3.0,4.0,2.0,4.0,4.0,5.0,1.0,1.0,13.0,10.0,2.0,3.0,6.0,2.0,11.0,2.0,7.0,1.0,8.0,0.0
11142,0.0,4.0,3.0,4.0,2.0,4.0,4.0,5.0,1.0,1.0,13.0,10.0,2.0,3.0,6.0,2.0,11.0,2.0,7.0,1.0,8.0,1.0,65.0,51.0,-7.789999999999999,2.0,4.0,3.0,4.0,4.0,4.0,1.0,6.0,2.0,2.0,14.0,11.0,3.0,4.0,7.0,3.0,1.0,3.0,8.0,1.0,9.0,0.0
11143,2.0,4.0,3.0,4.0,4.0,4.0,1.0,6.0,2.0,2.0,14.0,11.0,3.0,4.0,7.0,3.0,1.0,3.0,8.0,1.0,9.0,70.0,78.0,4.0,-8.433333333333334,2.0,4.0,3.0,6.0,4.0,2.0,1.0,7.0,3.0,3.0,15.0,12.0,4.0,5.0,8.0,4.0,2.0,4.0,9.0,2.0,1.0,0.0
11144,2.0,4.0,3.0,6.0,4.0,2.0,1.0,7.0,3.0,3.0,15.0,12.0,4.0,5.0,8.0,4.0,2.0,4.0,9.0,2.0,1.0,24.0,78.0,39.0,-11.355,2.0,2.0,3.0,8.0,4.0,0.0,2.0,8.0,4.0,4.0,1.0,13.0,5.0,1.0,9.0,5.0,3.0,5.0,10.0,3.0,2.0,0.0
11145,2.0,2.0,3.0,8.0,4.0,0.0,2.0,8.0,4.0,4.0,1.0,13.0,5.0,1.0,9.0,5.0,3.0,5.0,10.0,3.0,2.0,6.0,78.0,26.0,-10.799999999999999,4.0,2.0,3.0,9.0,6.0,0.0,3.0,1.0,5.0,5.0,2.0,1.0,6.0,2.0,10.0,6.0,4.0,6.0,11.0,4.0,3.0,0.0
11146,4.0,2.0,3.0,9.0,6.0,0.0,3.0,1.0,5.0,5.0,2.0,1.0,6.0,2.0,10.0,6.0,4.0,6.0,11.0,4.0,3.0,6.0,42.0,17.0,-14.143333333333334,6.0,2.0,1.0,9.0,4.0,0.0,4.0,1.0,6.0,1.0,3.0,2.0,7.0,3.0,1.0,7.0,5.0,7.0,12.0,5.0,4.0,0.0
11147,6.0,2.0,1.0,9.0,4.0,0.0,4.0,1.0,6.0,1.0,3.0,2.0,7.0,3.0,1.0,7.0,5.0,7.0,12.0,5.0,4.0,48.0,45.0,72.0,-23.555,6.0,4.0,1.0,9.0,2.0,0.0,5.0,2.0,7.0,2.0,4.0,3.0,8.0,4.0,2.0,1.0,6.0,8.0,13.0,6.0,1.0,0.0
11148,6.0,4.0,1.0,9.0,2.0,0.0,5.0,2.0,7.0,2.0,4.0,3.0,8.0,4.0,2.0,1.0,6.0,8.0,13.0,6.0,1.0,6.0,67.0,72.0,-23.334999999999997,8.0,4.0,0.0,9.0,0.0,0.0,6.0,1.0,8.0,3.0,5.0,4.0,9.0,5.0,3.0,2.0,7.0,9.0,14.0,1.0,1.0,0.0
11149,8.0,4.0,0.0,9.0,0.0,0.0,6.0,1.0,8.0,3.0,5.0,4.0,9.0,5.0,3.0,2.0,7.0,9.0,14.0,1.0,1.0,60.0,45.0,9.0,-21.496666666666666,8.0,4.0,0.0,9.0,0.0,0.0,7.0,1.0,9.0,4.0,6.0,5.0,10.0,6.0,4.0,1.0,8.0,10.0,1.0,2.0,2.0,0.0
11150,8.0,4.0,0.0,9.0,0.0,0.0,7.0,1.0,9.0,4.0,6.0,5.0,10.0,6.0,4.0,1.0,8.0,10.0,1.0,2.0,2.0,79.0,14.0,10.0,-24.531666666666666,8.0,2.0,0.0,7.0,0.0,0.0,8.0,2.0,1.0,5.0,7.0,6.0,11.0,7.0,5.0,2.0,9.0,11.0,2.0,3.0,3.0,0.0
11151,8.0,2.0,0.0,7.0,0.0,0.0,8.0,2.0,1.0,5.0,7.0,6.0,11.0,7.0,5.0,2.0,9.0,11.0,2.0,3.0,3.0,39.0,65.0,39.0,-17.27,8.0,0.0,0.0,7.0,0.0,0.0,9.0,3.0,2.0,6.0,8.0,7.0,12.0,1.0,6.0,3.0,10.0,12.0,3.0,1.0,4.0,0.0
11152,8.0,0.0,0.0,7.0,0.0,0.0,9.0,3.0,2.0,6.0,8.0,7.0,12.0,1.0,6.0,3.0,10.0,12.0,3.0,1.0,4.0,24.0,45.0,26.0,-22.65,8.0,0.0,0.0,7.0,2.0,0.0,10.0,4.0,3.0,7.0,1.0,1.0,13.0,2.0,7.0,1.0,11.0,13.0,4.0,2.0,5.0,0.0
11153,8.0,0.0,0.0,7.0,2.0,0.0,10.0,4.0,3.0,7.0,1.0,1.0,13.0,2.0,7.0,1.0,11.0,13.0,4.0,2.0,5.0,6.0,55.0,9.0,-12.441666666666666,9.0,0.0,0.0,7.0,2.0,0.0,11.0,1.0,4.0,8.0,2.0,2.0,14.0,3.0,8.0,2.0,12.0,1.0,5.0,3.0,6.0,0.0
11154,9.0,0.0,0.0,7.0,2.0,0.0,11.0,1.0,4.0,8.0,2.0,2.0,14.0,3.0,8.0,2.0,12.0,1.0,5.0,3.0,6.0,0.0,42.0,17.0,-19.081666666666667,9.0,0.0,0.0,7.0,0.0,0.0,1.0,2.0,5.0,1.0,3.0,3.0,15.0,4.0,1.0,3.0,13.0,2.0,6.0,4.0,7.0,0.0
11155,9.0,0.0,0.0,7.0,0.0,0.0,1.0,2.0,5.0,1.0,3.0,3.0,15.0,4.0,1.0,3.0,13.0,2.0,6.0,4.0,7.0,6.0,16.0,26.0,-16.736666666666665,9.0,0.0,2.0,7.0,2.0,0.0,2.0,1.0,6.0,1.0,4.0,1.0,16.0,5.0,2.0,4.0,14.0,3.0,7.0,5.0,8.0,0.0
11156,9.0,0.0,2.0,7.0,2.0,0.0,2.0,1.0,6.0,1.0,4.0,1.0,16.0,5.0,2.0,4.0,14.0,3.0,7.0,5.0,8.0,30.0,50.0,1.0,-7.078333333333333,9.0,0.0,2.0,7.0,4.0,0.0,1.0,2.0,7.0,2.0,5.0,2.0,1.0,6.0,3.0,5.0,1.0,4.0,8.0,6.0,9.0,0.0
11157,9.0,0.0,2.0,7.0,4.0,0.0,1.0,2.0,7.0,2.0,5.0,2.0,1.0,6.0,3.0,5.0,1.0,4.0,8.0,6.0,9.0,13.0,79.0,13.0,-14.741666666666667,9.0,2.0,2.0,5.0,4.0,2.0,2.0,3.0,1.0,3.0,6.0,3.0,2.0,7.0,4.0,6.0,2.0,5.0,9.0,7.0,10.0,0.0
11158,9.0,2.0,2.0,5.0,4.0,2.0,2.0,3.0,1.0,3.0,6.0,3.0,2.0,7.0,4.0,6.0,2.0,5.0,9.0,7.0,10.0,39.0,79.0,39.0,-7.835,9.0,0.0,2.0,3.0,4.0,0.0,3.0,4.0,2.0,4.0,7.0,4.0,3.0,1.0,5.0,7.0,3.0,6.0,10.0,8.0,11.0,0.0
11159,9.0,0.0,2.0,3.0,4.0,0.0,3.0,4.0,2.0,4.0,7.0,4.0,3.0,1.0,5.0,7.0,3.0,6.0,10.0,8.0,11.0,30.0,79.0,47.0,-7.3933333333333335,9.0,0.0,2.0,1.0,2.0,0.0,4.0,5.0,3.0,5.0,8.0,5.0,1.0,2.0,6.0,1.0,4.0,7.0,11.0,9.0,12.0,0.0
11160,9.0,0.0,2.0,1.0,2.0,0.0,4.0,5.0,3.0,5.0,8.0,5.0,1.0,2.0,6.0,1.0,4.0,7.0,11.0,9.0,12.0,30.0,79.0,74.0,-16.051666666666666,9.0,0.0,2.0,0.0,2.0,0.0,5.0,6.0,4.0,6.0,9.0,6.0,1.0,3.0,7.0,2.0,5.0,8.0,12.0,10.0,1.0,0.0
11161,9.0,0.0,2.0,0.0,2.0,0.0,5.0,6.0,4.0,6.0,9.0,6.0,1.0,3.0,7.0,2.0,5.0,8.0,12.0,10.0,1.0,39.0,12.0,55.0,-33.56666666666667,9.0,0.0,0.0,0.0,2.0,0.0,6.0,7.0,1.0,7.0,10.0,7.0,2.0,1.0,8.0,3.0,6.0,1.0,13.0,11.0,2.0,0.0
11162,9.0,0.0,0.0,0.0,2.0,0.0,6.0,7.0,1.0,7.0,10.0,7.0,2.0,1.0,8.0,3.0,6.0,1.0,13.0,11.0,2.0,39.0,12.0,39.0,-24.358333333333334,9.0,0.0,0.0,0.0,2.0,0.0,7.0,8.0,1.0,8.0,11.0,8.0,3.0,1.0,9.0,4.0,7.0,2.0,14.0,12.0,3.0,0.0
11163,9.0,0.0,0.0,0.0,2.0,0.0,7.0,8.0,1.0,8.0,11.0,8.0,3.0,1.0,9.0,4.0,7.0,2.0,14.0,12.0,3.0,39.0,45.0,39.0,-13.865,9.0,0.0,0.0,0.0,2.0,0.0,8.0,9.0,2.0,9.0,12.0,9.0,4.0,1.0,10.0,1.0,8.0,3.0,15.0,13.0,4.0,0.0
11164,9.0,0.0,0.0,0.0,2.0,0.0,8.0,9.0,2.0,9.0,12.0,9.0,4.0,1.0,10.0,1.0,8.0,3.0,15.0,13.0,4.0,39.0,12.0,74.0,-32.843333333333334,9.0,0.0,0.0,0.0,2.0,0.0,9.0,10.0,1.0,10.0,13.0,10.0,5.0,1.0,11.0,2.0,9.0,4.0,16.0,14.0,1.0,0.0
11165,9.0,0.0,0.0,0.0,2.0,0.0,9.0,10.0,1.0,10.0,13.0,10.0,5.0,1.0,11.0,2.0,9.0,4.0,16.0,14.0,1.0,39.0,42.0,39.0,-22.65833333333333,9.0,0.0,0.0,0.0,2.0,0.0,10.0,11.0,2.0,11.0,14.0,11.0,6.0,1.0,1.0,3.0,10.0,5.0,17.0,15.0,2.0,0.0
11166,9.0,0.0,0.0,0.0,2.0,0.0,10.0,11.0,2.0,11.0,14.0,11.0,6.0,1.0,1.0,3.0,10.0,5.0,17.0,15.0,2.0,39.0,67.0,55.0,-30.008333333333333,9.0,0.0,0.0,0.0,2.0,0.0,11.0,12.0,3.0,12.0,15.0,12.0,7.0,1.0,2.0,4.0,11.0,1.0,18.0,1.0,3.0,0.0
11167,9.0,0.0,0.0,0.0,2.0,0.0,11.0,12.0,3.0,12.0,15.0,12.0,7.0,1.0,2.0,4.0,11.0,1.0,18.0,1.0,3.0,0.0,25.0,64.0,-40.985,9.0,0.0,0.0,0.0,2.0,0.0,1.0,13.0,4.0,13.0,16.0,1.0,8.0,2.0,3.0,5.0,12.0,2.0,1.0,2.0,4.0,0.0
11168,9.0,0.0,0.0,0.0,2.0,0.0,1.0,13.0,4.0,13.0,16.0,1.0,8.0,2.0,3.0,5.0,12.0,2.0,1.0,2.0,4.0,7.0,33.0,50.0,-21.495000000000005,7.0,0.0,0.0,2.0,2.0,0.0,2.0,1.0,5.0,14.0,17.0,2.0,1.0,3.0,4.0,6.0,1.0,3.0,2.0,3.0,5.0,0.0
11169,7.0,0.0,0.0,2.0,2.0,0.0,2.0,1.0,5.0,14.0,17.0,2.0,1.0,3.0,4.0,6.0,1.0,3.0,2.0,3.0,5.0,68.0,31.0,50.0,-18.596666666666664,7.0,2.0,2.0,2.0,2.0,0.0,3.0,2.0,6.0,15.0,18.0,3.0,1.0,4.0,5.0,7.0,1.0,4.0,3.0,1.0,6.0,0.0
11170,7.0,2.0,2.0,2.0,2.0,0.0,3.0,2.0,6.0,15.0,18.0,3.0,1.0,4.0,5.0,7.0,1.0,4.0,3.0,1.0,6.0,68.0,31.0,50.0,-14.436666666666664,7.0,4.0,4.0,2.0,2.0,0.0,4.0,3.0,7.0,16.0,19.0,4.0,1.0,5.0,6.0,8.0,1.0,5.0,4.0,1.0,7.0,0.0
11171,7.0,4.0,4.0,2.0,2.0,0.0,4.0,3.0,7.0,16.0,19.0,4.0,1.0,5.0,6.0,8.0,1.0,5.0,4.0,1.0,7.0,68.0,79.0,50.0,-11.118333333333332,7.0,6.0,4.0,0.0,2.0,0.0,5.0,4.0,8.0,17.0,20.0,5.0,2.0,6.0,7.0,9.0,1.0,6.0,5.0,1.0,8.0,0.0
11172,7.0,6.0,4.0,0.0,2.0,0.0,5.0,4.0,8.0,17.0,20.0,5.0,2.0,6.0,7.0,9.0,1.0,6.0,5.0,1.0,8.0,68.0,31.0,50.0,-14.796666666666667,7.0,8.0,6.0,0.0,2.0,0.0,6.0,5.0,9.0,18.0,21.0,6.0,1.0,7.0,8.0,10.0,1.0,7.0,6.0,1.0,9.0,0.0
11173,7.0,8.0,6.0,0.0,2.0,0.0,6.0,5.0,9.0,18.0,21.0,6.0,1.0,7.0,8.0,10.0,1.0,7.0,6.0,1.0,9.0,68.0,79.0,50.0,-15.043333333333333,7.0,9.0,6.0,0.0,2.0,0.0,7.0,6.0,10.0,19.0,22.0,7.0,2.0,8.0,9.0,11.0,1.0,8.0,7.0,1.0,10.0,0.0
11174,7.0,9.0,6.0,0.0,2.0,0.0,7.0,6.0,10.0,19.0,22.0,7.0,2.0,8.0,9.0,11.0,1.0,8.0,7.0,1.0,10.0,68.0,31.0,50.0,-16.241666666666667,7.0,9.0,8.0,0.0,2.0,0.0,8.0,7.0,11.0,20.0,23.0,8.0,1.0,9.0,10.0,12.0,1.0,9.0,8.0,1.0,11.0,0.0
11175,7.0,9.0,8.0,0.0,2.0,0.0,8.0,7.0,11.0,20.0,23.0,8.0,1.0,9.0,10.0,12.0,1.0,9.0,8.0,1.0,11.0,68.0,39.0,50.0,-16.973333333333333,7.0,9.0,8.0,0.0,2.0,0.0,9.0,8.0,12.0,21.0,24.0,9.0,2.0,1.0,11.0,13.0,1.0,10.0,9.0,1.0,12.0,0.0
11176,7.0,9.0,8.0,0.0,2.0,0.0,9.0,8.0,12.0,21.0,24.0,9.0,2.0,1.0,11.0,13.0,1.0,10.0,9.0,1.0,12.0,68.0,31.0,50.0,-17.086666666666666,7.0,9.0,9.0,0.0,2.0,0.0,10.0,9.0,13.0,22.0,25.0,10.0,1.0,2.0,12.0,14.0,1.0,11.0,10.0,1.0,13.0,0.0
11177,7.0,9.0,9.0,0.0,2.0,0.0,10.0,9.0,13.0,22.0,25.0,10.0,1.0,2.0,12.0,14.0,1.0,11.0,10.0,1.0,13.0,68.0,31.0,50.0,-17.886666666666663,7.0,9.0,9.0,0.0,2.0,0.0,11.0,10.0,14.0,23.0,26.0,11.0,1.0,3.0,13.0,15.0,1.0,12.0,11.0,1.0,14.0,0.0
11178,7.0,9.0,9.0,0.0,2.0,0.0,11.0,10.0,14.0,23.0,26.0,11.0,1.0,3.0,13.0,15.0,1.0,12.0,11.0,1.0,14.0,46.0,31.0,50.0,-27.828333333333333,9.0,9.0,9.0,0.0,2.0,0.0,12.0,11.0,15.0,24.0,27.0,12.0,1.0,4.0,14.0,1.0,1.0,13.0,12.0,2.0,15.0,0.0
11179,9.0,9.0,9.0,0.0,2.0,0.0,12.0,11.0,15.0,24.0,27.0,12.0,1.0,4.0,14.0,1.0,1.0,13.0,12.0,2.0,15.0,68.0,79.0,50.0,-20.10333333333333,9.0,9.0,9.0,0.0,2.0,0.0,13.0,12.0,16.0,25.0,28.0,13.0,2.0,5.0,15.0,2.0,1.0,14.0,13.0,1.0,16.0,0.0
11180,9.0,9.0,9.0,0.0,2.0,0.0,13.0,12.0,16.0,25.0,28.0,13.0,2.0,5.0,15.0,2.0,1.0,14.0,13.0,1.0,16.0,68.0,39.0,50.0,-22.34166666666667,9.0,9.0,9.0,0.0,2.0,0.0,14.0,13.0,17.0,26.0,29.0,14.0,3.0,1.0,16.0,3.0,1.0,15.0,14.0,1.0,17.0,0.0
11181,9.0,9.0,9.0,0.0,2.0,0.0,14.0,13.0,17.0,26.0,29.0,14.0,3.0,1.0,16.0,3.0,1.0,15.0,14.0,1.0,17.0,68.0,6.0,50.0,-22.031666666666666,9.0,9.0,9.0,0.0,2.0,0.0,15.0,1.0,18.0,27.0,30.0,15.0,4.0,2.0,17.0,4.0,1.0,16.0,15.0,1.0,18.0,0.0
11182,9.0,9.0,9.0,0.0,2.0,0.0,15.0,1.0,18.0,27.0,30.0,15.0,4.0,2.0,17.0,4.0,1.0,16.0,15.0,1.0,18.0,68.0,31.0,17.0,-22.44833333333333,9.0,9.0,9.0,0.0,0.0,0.0,16.0,2.0,19.0,1.0,31.0,16.0,1.0,3.0,18.0,5.0,2.0,17.0,16.0,1.0,19.0,0.0
11183,9.0,9.0,9.0,0.0,0.0,0.0,16.0,2.0,19.0,1.0,31.0,16.0,1.0,3.0,18.0,5.0,2.0,17.0,16.0,1.0,19.0,58.0,61.0,47.0,-29.595,9.0,9.0,9.0,0.0,0.0,0.0,17.0,3.0,20.0,2.0,32.0,17.0,2.0,4.0,19.0,1.0,3.0,1.0,1.0,2.0,20.0,0.0
11184,9.0,9.0,9.0,0.0,0.0,0.0,17.0,3.0,20.0,2.0,32.0,17.0,2.0,4.0,19.0,1.0,3.0,1.0,1.0,2.0,20.0,2.0,31.0,47.0,-24.301666666666666,7.0,9.0,9.0,0.0,0.0,0.0,1.0,4.0,21.0,3.0,33.0,18.0,1.0,5.0,20.0,1.0,4.0,2.0,2.0,3.0,21.0,0.0
11185,7.0,9.0,9.0,0.0,0.0,0.0,1.0,4.0,21.0,3.0,33.0,18.0,1.0,5.0,20.0,1.0,4.0,2.0,2.0,3.0,21.0,68.0,79.0,10.0,-25.251666666666665,7.0,9.0,9.0,0.0,0.0,0.0,2.0,5.0,1.0,4.0,34.0,19.0,2.0,6.0,21.0,2.0,5.0,3.0,3.0,1.0,22.0,0.0
11186,7.0,9.0,9.0,0.0,0.0,0.0,2.0,5.0,1.0,4.0,34.0,19.0,2.0,6.0,21.0,2.0,5.0,3.0,3.0,1.0,22.0,20.0,19.0,48.0,-26.22,7.0,9.0,9.0,0.0,0.0,2.0,3.0,6.0,2.0,1.0,1.0,20.0,3.0,7.0,22.0,1.0,6.0,4.0,4.0,2.0,23.0,0.0
11187,7.0,9.0,9.0,0.0,0.0,2.0,3.0,6.0,2.0,1.0,1.0,20.0,3.0,7.0,22.0,1.0,6.0,4.0,4.0,2.0,23.0,25.0,8.0,51.0,-10.826666666666666,7.0,9.0,9.0,2.0,2.0,2.0,4.0,1.0,3.0,2.0,2.0,1.0,4.0,8.0,23.0,2.0,1.0,5.0,5.0,3.0,24.0,0.0
11188,7.0,9.0,9.0,2.0,2.0,2.0,4.0,1.0,3.0,2.0,2.0,1.0,4.0,8.0,23.0,2.0,1.0,5.0,5.0,3.0,24.0,70.0,33.0,72.0,-17.09,7.0,9.0,9.0,4.0,0.0,2.0,5.0,2.0,4.0,3.0,3.0,2.0,1.0,9.0,24.0,3.0,2.0,6.0,6.0,4.0,1.0,0.0
11189,7.0,9.0,9.0,4.0,0.0,2.0,5.0,2.0,4.0,3.0,3.0,2.0,1.0,9.0,24.0,3.0,2.0,6.0,6.0,4.0,1.0,55.0,42.0,17.0,-15.27,7.0,9.0,7.0,4.0,0.0,2.0,6.0,3.0,5.0,1.0,4.0,3.0,2.0,10.0,1.0,4.0,3.0,1.0,7.0,5.0,2.0,0.0
11190,7.0,9.0,7.0,4.0,0.0,2.0,6.0,3.0,5.0,1.0,4.0,3.0,2.0,10.0,1.0,4.0,3.0,1.0,7.0,5.0,2.0,19.0,46.0,39.0,-23.485,7.0,7.0,9.0,4.0,0.0,0.0,7.0,4.0,6.0,1.0,5.0,4.0,3.0,1.0,2.0,1.0,4.0,2.0,8.0,6.0,3.0,0.0
11191,7.0,7.0,9.0,4.0,0.0,0.0,7.0,4.0,6.0,1.0,5.0,4.0,3.0,1.0,2.0,1.0,4.0,2.0,8.0,6.0,3.0,54.0,67.0,47.0,-8.871666666666666,7.0,5.0,7.0,4.0,0.0,0.0,8.0,5.0,7.0,2.0,6.0,5.0,4.0,2.0,3.0,1.0,1.0,3.0,9.0,1.0,4.0,0.0
11192,7.0,5.0,7.0,4.0,0.0,0.0,8.0,5.0,7.0,2.0,6.0,5.0,4.0,2.0,3.0,1.0,1.0,3.0,9.0,1.0,4.0,0.0,61.0,47.0,-12.701666666666666,7.0,5.0,9.0,4.0,0.0,0.0,1.0,6.0,8.0,3.0,7.0,6.0,5.0,3.0,4.0,1.0,2.0,4.0,1.0,2.0,5.0,0.0
11193,7.0,5.0,9.0,4.0,0.0,0.0,1.0,6.0,8.0,3.0,7.0,6.0,5.0,3.0,4.0,1.0,2.0,4.0,1.0,2.0,5.0,7.0,21.0,12.0,-19.89666666666667,5.0,5.0,9.0,4.0,0.0,0.0,2.0,1.0,1.0,4.0,1.0,7.0,6.0,4.0,5.0,2.0,3.0,5.0,2.0,3.0,6.0,0.0
11194,5.0,5.0,9.0,4.0,0.0,0.0,2.0,1.0,1.0,4.0,1.0,7.0,6.0,4.0,5.0,2.0,3.0,5.0,2.0,3.0,6.0,54.0,42.0,65.0,-15.048333333333332,5.0,3.0,7.0,4.0,0.0,0.0,3.0,2.0,2.0,5.0,2.0,8.0,7.0,5.0,1.0,3.0,1.0,6.0,3.0,1.0,7.0,0.0
11195,5.0,3.0,7.0,4.0,0.0,0.0,3.0,2.0,2.0,5.0,2.0,8.0,7.0,5.0,1.0,3.0,1.0,6.0,3.0,1.0,7.0,54.0,25.0,47.0,-8.273333333333333,5.0,1.0,7.0,4.0,0.0,0.0,4.0,3.0,3.0,6.0,3.0,1.0,8.0,6.0,2.0,1.0,1.0,7.0,4.0,2.0,8.0,0.0
11196,5.0,1.0,7.0,4.0,0.0,0.0,4.0,3.0,3.0,6.0,3.0,1.0,8.0,6.0,2.0,1.0,1.0,7.0,4.0,2.0,8.0,37.0,33.0,67.0,-17.971666666666668,3.0,1.0,7.0,6.0,0.0,0.0,5.0,4.0,4.0,7.0,4.0,2.0,1.0,1.0,3.0,2.0,2.0,8.0,5.0,1.0,9.0,0.0
11197,3.0,1.0,7.0,6.0,0.0,0.0,5.0,4.0,4.0,7.0,4.0,2.0,1.0,1.0,3.0,2.0,2.0,8.0,5.0,1.0,9.0,19.0,25.0,47.0,-13.123333333333335,3.0,0.0,7.0,6.0,0.0,0.0,6.0,5.0,5.0,1.0,5.0,1.0,2.0,2.0,4.0,1.0,3.0,9.0,6.0,2.0,10.0,0.0
11198,3.0,0.0,7.0,6.0,0.0,0.0,6.0,5.0,5.0,1.0,5.0,1.0,2.0,2.0,4.0,1.0,3.0,9.0,6.0,2.0,10.0,19.0,33.0,72.0,-29.686666666666667,3.0,0.0,7.0,8.0,0.0,0.0,7.0,6.0,6.0,1.0,6.0,2.0,1.0,3.0,5.0,2.0,4.0,10.0,7.0,3.0,1.0,0.0
11199,3.0,0.0,7.0,8.0,0.0,0.0,7.0,6.0,6.0,1.0,6.0,2.0,1.0,3.0,5.0,2.0,4.0,10.0,7.0,3.0,1.0,7.0,67.0,6.0,-17.221666666666668,1.0,0.0,5.0,8.0,2.0,0.0,8.0,1.0,7.0,2.0,7.0,3.0,2.0,4.0,6.0,3.0,5.0,11.0,8.0,1.0,2.0,1.0
11200,8.0,3.0,9.0,7.0,2.0,9.0,1.0,1.0,1.0,1.0,1.0,1.0,1.0,1.0,1.0,1.0,1.0,1.0,1.0,1.0,1.0,7.0,46.0,26.0,-17.61,6.0,3.0,9.0,7.0,4.0,9.0,2.0,1.0,2.0,2.0,2.0,1.0,2.0,2.0,2.0,1.0,2.0,2.0,2.0,2.0,2.0,0.0
11201,6.0,3.0,9.0,7.0,4.0,9.0,2.0,1.0,2.0,2.0,2.0,1.0,2.0,2.0,2.0,1.0,2.0,2.0,2.0,2.0,2.0,7.0,46.0,12.0,-17.72333333333333,4.0,3.0,9.0,7.0,2.0,9.0,3.0,1.0,1.0,3.0,3.0,2.0,3.0,3.0,3.0,1.0,3.0,3.0,3.0,3.0,3.0,0.0
11202,4.0,3.0,9.0,7.0,2.0,9.0,3.0,1.0,1.0,3.0,3.0,2.0,3.0,3.0,3.0,1.0,3.0,3.0,3.0,3.0,3.0,54.0,33.0,39.0,-22.773333333333333,4.0,1.0,9.0,9.0,2.0,7.0,4.0,2.0,2.0,4.0,4.0,3.0,1.0,1.0,4.0,2.0,1.0,4.0,4.0,4.0,4.0,0.0
11203,4.0,1.0,9.0,9.0,2.0,7.0,4.0,2.0,2.0,4.0,4.0,3.0,1.0,1.0,4.0,2.0,1.0,4.0,4.0,4.0,4.0,7.0,67.0,47.0,-14.094999999999997,2.0,1.0,7.0,9.0,0.0,7.0,5.0,1.0,3.0,5.0,5.0,4.0,2.0,2.0,5.0,1.0,2.0,5.0,5.0,1.0,5.0,0.0
11204,2.0,1.0,7.0,9.0,0.0,7.0,5.0,1.0,3.0,5.0,5.0,4.0,2.0,2.0,5.0,1.0,2.0,5.0,5.0,1.0,5.0,19.0,42.0,47.0,-13.741666666666665,2.0,0.0,5.0,9.0,0.0,7.0,6.0,2.0,4.0,1.0,6.0,5.0,3.0,3.0,1.0,1.0,3.0,6.0,6.0,2.0,6.0,0.0
11205,2.0,0.0,5.0,9.0,0.0,7.0,6.0,2.0,4.0,1.0,6.0,5.0,3.0,3.0,1.0,1.0,3.0,6.0,6.0,2.0,6.0,19.0,67.0,72.0,-14.141666666666666,2.0,0.0,3.0,9.0,0.0,7.0,7.0,3.0,5.0,1.0,7.0,6.0,4.0,4.0,2.0,2.0,4.0,7.0,7.0,1.0,1.0,0.0
11206,2.0,0.0,3.0,9.0,0.0,7.0,7.0,3.0,5.0,1.0,7.0,6.0,4.0,4.0,2.0,2.0,4.0,7.0,7.0,1.0,1.0,7.0,67.0,72.0,-19.148333333333333,0.0,0.0,1.0,9.0,0.0,7.0,8.0,1.0,6.0,2.0,8.0,7.0,5.0,5.0,3.0,3.0,5.0,8.0,8.0,1.0,1.0,0.0
11207,0.0,0.0,1.0,9.0,0.0,7.0,8.0,1.0,6.0,2.0,8.0,7.0,5.0,5.0,3.0,3.0,5.0,8.0,8.0,1.0,1.0,19.0,67.0,72.0,-18.796666666666667,0.0,0.0,0.0,9.0,0.0,7.0,9.0,2.0,7.0,1.0,9.0,8.0,6.0,6.0,4.0,4.0,6.0,9.0,9.0,1.0,1.0,0.0
11208,0.0,0.0,0.0,9.0,0.0,7.0,9.0,2.0,7.0,1.0,9.0,8.0,6.0,6.0,4.0,4.0,6.0,9.0,9.0,1.0,1.0,19.0,67.0,72.0,-19.596666666666664,0.0,0.0,0.0,9.0,0.0,7.0,10.0,3.0,8.0,1.0,10.0,9.0,7.0,7.0,5.0,5.0,7.0,10.0,10.0,1.0,1.0,0.0
11209,0.0,0.0,0.0,9.0,0.0,7.0,10.0,3.0,8.0,1.0,10.0,9.0,7.0,7.0,5.0,5.0,7.0,10.0,10.0,1.0,1.0,19.0,67.0,72.0,-20.396666666666665,0.0,0.0,0.0,9.0,0.0,7.0,11.0,4.0,9.0,1.0,11.0,10.0,8.0,8.0,6.0,6.0,8.0,11.0,11.0,1.0,1.0,0.0
11210,0.0,0.0,0.0,9.0,0.0,7.0,11.0,4.0,9.0,1.0,11.0,10.0,8.0,8.0,6.0,6.0,8.0,11.0,11.0,1.0,1.0,19.0,49.0,72.0,-17.608333333333334,0.0,0.0,0.0,7.0,0.0,7.0,12.0,5.0,10.0,1.0,12.0,11.0,9.0,9.0,7.0,1.0,9.0,12.0,12.0,2.0,1.0,0.0
11211,0.0,0.0,0.0,7.0,0.0,7.0,12.0,5.0,10.0,1.0,12.0,11.0,9.0,9.0,7.0,1.0,9.0,12.0,12.0,2.0,1.0,19.0,67.0,72.0,-19.736666666666665,0.0,0.0,0.0,7.0,0.0,7.0,13.0,6.0,11.0,1.0,13.0,12.0,10.0,10.0,8.0,2.0,10.0,13.0,13.0,1.0,1.0,0.0
11212,0.0,0.0,0.0,7.0,0.0,7.0,13.0,6.0,11.0,1.0,13.0,12.0,10.0,10.0,8.0,2.0,10.0,13.0,13.0,1.0,1.0,19.0,67.0,72.0,-20.536666666666665,0.0,0.0,0.0,7.0,0.0,7.0,14.0,7.0,12.0,1.0,14.0,13.0,11.0,11.0,9.0,3.0,11.0,14.0,14.0,1.0,1.0,0.0
11213,0.0,0.0,0.0,7.0,0.0,7.0,14.0,7.0,12.0,1.0,14.0,13.0,11.0,11.0,9.0,3.0,11.0,14.0,14.0,1.0,1.0,7.0,67.0,10.0,-27.48833333333333,0.0,0.0,0.0,7.0,0.0,7.0,15.0,1.0,1.0,2.0,15.0,14.0,12.0,12.0,10.0,4.0,12.0,15.0,15.0,1.0,2.0,0.0
11214,0.0,0.0,0.0,7.0,0.0,7.0,15.0,1.0,1.0,2.0,15.0,14.0,12.0,12.0,10.0,4.0,12.0,15.0,15.0,1.0,2.0,3.0,50.0,39.0,-21.083333333333332,0.0,2.0,0.0,7.0,0.0,5.0,1.0,2.0,2.0,3.0,16.0,15.0,13.0,1.0,11.0,5.0,1.0,16.0,16.0,2.0,3.0,0.0
11215,0.0,2.0,0.0,7.0,0.0,5.0,1.0,2.0,2.0,3.0,16.0,15.0,13.0,1.0,11.0,5.0,1.0,16.0,16.0,2.0,3.0,33.0,31.0,49.0,-35.14333333333333,0.0,4.0,2.0,7.0,0.0,3.0,2.0,3.0,3.0,4.0,17.0,16.0,1.0,2.0,12.0,1.0,2.0,17.0,17.0,3.0,4.0,0.0
11216,0.0,4.0,2.0,7.0,0.0,3.0,2.0,3.0,3.0,4.0,17.0,16.0,1.0,2.0,12.0,1.0,2.0,17.0,17.0,3.0,4.0,39.0,19.0,55.0,-18.645,0.0,2.0,2.0,5.0,0.0,3.0,3.0,4.0,4.0,1.0,18.0,17.0,2.0,1.0,13.0,2.0,3.0,1.0,18.0,4.0,5.0,0.0
11217,0.0,2.0,2.0,5.0,0.0,3.0,3.0,4.0,4.0,1.0,18.0,17.0,2.0,1.0,13.0,2.0,3.0,1.0,18.0,4.0,5.0,25.0,42.0,21.0,-23.574999999999996,0.0,2.0,0.0,5.0,2.0,3.0,4.0,5.0,5.0,2.0,1.0,1.0,3.0,2.0,1.0,3.0,4.0,2.0,19.0,5.0,6.0,0.0
11218,0.0,2.0,0.0,5.0,2.0,3.0,4.0,5.0,5.0,2.0,1.0,1.0,3.0,2.0,1.0,3.0,4.0,2.0,19.0,5.0,6.0,77.0,67.0,72.0,-13.146666666666667,0.0,2.0,0.0,5.0,0.0,3.0,5.0,6.0,6.0,3.0,2.0,2.0,4.0,3.0,2.0,4.0,5.0,3.0,20.0,1.0,1.0,0.0
11219,0.0,2.0,0.0,5.0,0.0,3.0,5.0,6.0,6.0,3.0,2.0,2.0,4.0,3.0,2.0,4.0,5.0,3.0,20.0,1.0,1.0,77.0,45.0,63.0,-18.591666666666665,0.0,2.0,0.0,5.0,0.0,5.0,6.0,7.0,7.0,4.0,3.0,3.0,5.0,4.0,3.0,1.0,6.0,4.0,1.0,2.0,2.0,0.0
11220,0.0,2.0,0.0,5.0,0.0,5.0,6.0,7.0,7.0,4.0,3.0,3.0,5.0,4.0,3.0,1.0,6.0,4.0,1.0,2.0,2.0,7.0,46.0,6.0,-18.283333333333335,0.0,2.0,2.0,5.0,2.0,5.0,7.0,1.0,8.0,5.0,4.0,4.0,6.0,5.0,4.0,1.0,7.0,5.0,2.0,3.0,3.0,0.0
11221,0.0,2.0,2.0,5.0,2.0,5.0,7.0,1.0,8.0,5.0,4.0,4.0,6.0,5.0,4.0,1.0,7.0,5.0,2.0,3.0,3.0,7.0,46.0,10.0,-17.066666666666666,0.0,2.0,4.0,5.0,2.0,5.0,8.0,1.0,1.0,6.0,5.0,5.0,7.0,6.0,5.0,1.0,8.0,6.0,3.0,4.0,4.0,0.0
11222,0.0,2.0,4.0,5.0,2.0,5.0,8.0,1.0,1.0,6.0,5.0,5.0,7.0,6.0,5.0,1.0,8.0,6.0,3.0,4.0,4.0,54.0,42.0,39.0,-14.165,0.0,0.0,2.0,5.0,2.0,3.0,9.0,2.0,2.0,7.0,6.0,6.0,8.0,1.0,1.0,2.0,1.0,7.0,4.0,5.0,5.0,0.0
11223,0.0,0.0,2.0,5.0,2.0,3.0,9.0,2.0,2.0,7.0,6.0,6.0,8.0,1.0,1.0,2.0,1.0,7.0,4.0,5.0,5.0,7.0,31.0,49.0,-20.255,0.0,0.0,4.0,5.0,2.0,1.0,10.0,1.0,3.0,8.0,7.0,7.0,1.0,2.0,2.0,1.0,2.0,8.0,5.0,6.0,6.0,0.0
11224,0.0,0.0,4.0,5.0,2.0,1.0,10.0,1.0,3.0,8.0,7.0,7.0,1.0,2.0,2.0,1.0,2.0,8.0,5.0,6.0,6.0,3.0,19.0,47.0,-10.378333333333334,0.0,2.0,4.0,3.0,0.0,1.0,1.0,2.0,4.0,1.0,8.0,8.0,2.0,3.0,3.0,1.0,3.0,9.0,6.0,7.0,7.0,0.0
11225,0.0,2.0,4.0,3.0,0.0,1.0,1.0,2.0,4.0,1.0,8.0,8.0,2.0,3.0,3.0,1.0,3.0,9.0,6.0,7.0,7.0,25.0,29.0,49.0,-23.48833333333333,0.0,2.0,4.0,1.0,0.0,0.0,2.0,3.0,5.0,2.0,9.0,1.0,3.0,4.0,4.0,1.0,4.0,10.0,7.0,8.0,8.0,0.0
11226,0.0,2.0,4.0,1.0,0.0,0.0,2.0,3.0,5.0,2.0,9.0,1.0,3.0,4.0,4.0,1.0,4.0,10.0,7.0,8.0,8.0,70.0,79.0,69.0,-18.92666666666667,0.0,2.0,4.0,0.0,0.0,0.0,3.0,4.0,6.0,3.0,10.0,2.0,4.0,5.0,5.0,2.0,5.0,11.0,8.0,1.0,1.0,0.0
11227,0.0,2.0,4.0,0.0,0.0,0.0,3.0,4.0,6.0,3.0,10.0,2.0,4.0,5.0,5.0,2.0,5.0,11.0,8.0,1.0,1.0,58.0,39.0,55.0,-22.58,0.0,4.0,4.0,0.0,0.0,0.0,4.0,5.0,7.0,4.0,11.0,3.0,5.0,1.0,6.0,3.0,6.0,1.0,9.0,2.0,2.0,0.0
11228,0.0,4.0,4.0,0.0,0.0,0.0,4.0,5.0,7.0,4.0,11.0,3.0,5.0,1.0,6.0,3.0,6.0,1.0,9.0,2.0,2.0,75.0,31.0,49.0,-8.941666666666666,0.0,4.0,6.0,0.0,0.0,0.0,5.0,6.0,8.0,5.0,12.0,4.0,1.0,2.0,7.0,1.0,7.0,2.0,10.0,3.0,3.0,0.0
11229,0.0,4.0,6.0,0.0,0.0,0.0,5.0,6.0,8.0,5.0,12.0,4.0,1.0,2.0,7.0,1.0,7.0,2.0,10.0,3.0,3.0,19.0,31.0,69.0,-16.626666666666665,0.0,2.0,8.0,0.0,0.0,0.0,6.0,7.0,9.0,1.0,13.0,5.0,1.0,3.0,8.0,2.0,8.0,3.0,11.0,1.0,4.0,0.0
11230,0.0,2.0,8.0,0.0,0.0,0.0,6.0,7.0,9.0,1.0,13.0,5.0,1.0,3.0,8.0,2.0,8.0,3.0,11.0,1.0,4.0,19.0,31.0,20.0,-23.291666666666664,0.0,0.0,9.0,0.0,0.0,0.0,7.0,8.0,10.0,1.0,1.0,6.0,1.0,4.0,9.0,3.0,9.0,4.0,12.0,2.0,5.0,0.0
11231,0.0,0.0,9.0,0.0,0.0,0.0,7.0,8.0,10.0,1.0,1.0,6.0,1.0,4.0,9.0,3.0,9.0,4.0,12.0,2.0,5.0,0.0,12.0,72.0,-25.305,0.0,0.0,7.0,0.0,0.0,0.0,1.0,9.0,1.0,2.0,2.0,7.0,2.0,5.0,10.0,4.0,10.0,5.0,13.0,3.0,1.0,0.0
11232,0.0,0.0,7.0,0.0,0.0,0.0,1.0,9.0,1.0,2.0,2.0,7.0,2.0,5.0,10.0,4.0,10.0,5.0,13.0,3.0,1.0,25.0,27.0,5.0,-32.67833333333333,0.0,0.0,5.0,0.0,0.0,0.0,2.0,1.0,2.0,3.0,3.0,1.0,3.0,6.0,11.0,5.0,11.0,6.0,14.0,4.0,2.0,0.0
11233,0.0,0.0,5.0,0.0,0.0,0.0,2.0,1.0,2.0,3.0,3.0,1.0,3.0,6.0,11.0,5.0,11.0,6.0,14.0,4.0,2.0,52.0,36.0,69.0,-18.01833333333333,0.0,0.0,7.0,0.0,0.0,0.0,3.0,2.0,3.0,4.0,4.0,2.0,4.0,1.0,12.0,6.0,1.0,7.0,15.0,1.0,3.0,0.0
11234,0.0,0.0,7.0,0.0,0.0,0.0,3.0,2.0,3.0,4.0,4.0,2.0,4.0,1.0,12.0,6.0,1.0,7.0,15.0,1.0,3.0,52.0,20.0,63.0,-29.93,0.0,0.0,7.0,0.0,0.0,2.0,4.0,3.0,4.0,5.0,1.0,3.0,5.0,2.0,13.0,7.0,1.0,8.0,1.0,2.0,4.0,0.0
11235,0.0,0.0,7.0,0.0,0.0,2.0,4.0,3.0,4.0,5.0,1.0,3.0,5.0,2.0,13.0,7.0,1.0,8.0,1.0,2.0,4.0,46.0,31.0,17.0,-8.716666666666667,2.0,0.0,9.0,0.0,0.0,2.0,5.0,4.0,5.0,1.0,2.0,4.0,1.0,3.0,14.0,1.0,2.0,9.0,2.0,3.0,5.0,0.0
11236,2.0,0.0,9.0,0.0,0.0,2.0,5.0,4.0,5.0,1.0,2.0,4.0,1.0,3.0,14.0,1.0,2.0,9.0,2.0,3.0,5.0,55.0,8.0,72.0,-23.86166666666667,2.0,0.0,9.0,2.0,0.0,2.0,6.0,1.0,6.0,2.0,3.0,5.0,2.0,4.0,15.0,2.0,3.0,1.0,3.0,4.0,1.0,0.0
11237,2.0,0.0,9.0,2.0,0.0,2.0,6.0,1.0,6.0,2.0,3.0,5.0,2.0,4.0,15.0,2.0,3.0,1.0,3.0,4.0,1.0,0.0,42.0,42.0,-15.866666666666665,2.0,0.0,7.0,2.0,0.0,2.0,1.0,2.0,7.0,3.0,4.0,6.0,3.0,5.0,1.0,3.0,4.0,2.0,4.0,5.0,2.0,0.0
11238,2.0,0.0,7.0,2.0,0.0,2.0,1.0,2.0,7.0,3.0,4.0,6.0,3.0,5.0,1.0,3.0,4.0,2.0,4.0,5.0,2.0,7.0,31.0,69.0,-20.385,0.0,0.0,9.0,2.0,0.0,0.0,2.0,1.0,8.0,4.0,5.0,7.0,1.0,6.0,2.0,4.0,5.0,3.0,5.0,1.0,3.0,0.0
11239,0.0,0.0,9.0,2.0,0.0,0.0,2.0,1.0,8.0,4.0,5.0,7.0,1.0,6.0,2.0,4.0,5.0,3.0,5.0,1.0,3.0,68.0,79.0,15.0,-15.781666666666668,0.0,2.0,9.0,0.0,0.0,0.0,3.0,2.0,9.0,1.0,6.0,8.0,2.0,7.0,3.0,5.0,6.0,4.0,6.0,1.0,4.0,0.0
11240,0.0,2.0,9.0,0.0,0.0,0.0,3.0,2.0,9.0,1.0,6.0,8.0,2.0,7.0,3.0,5.0,6.0,4.0,6.0,1.0,4.0,58.0,31.0,69.0,-17.4,0.0,4.0,9.0,0.0,0.0,0.0,4.0,3.0,10.0,2.0,7.0,9.0,1.0,8.0,4.0,6.0,7.0,1.0,7.0,1.0,5.0,0.0
11241,0.0,4.0,9.0,0.0,0.0,0.0,4.0,3.0,10.0,2.0,7.0,9.0,1.0,8.0,4.0,6.0,7.0,1.0,7.0,1.0,5.0,19.0,31.0,15.0,-14.79,0.0,2.0,9.0,0.0,0.0,0.0,5.0,4.0,11.0,1.0,8.0,10.0,1.0,9.0,5.0,7.0,8.0,2.0,8.0,2.0,6.0,0.0
11242,0.0,2.0,9.0,0.0,0.0,0.0,5.0,4.0,11.0,1.0,8.0,10.0,1.0,9.0,5.0,7.0,8.0,2.0,8.0,2.0,6.0,58.0,31.0,47.0,-12.798333333333332,0.0,4.0,9.0,0.0,0.0,0.0,6.0,5.0,12.0,2.0,9.0,11.0,1.0,10.0,6.0,1.0,9.0,1.0,9.0,3.0,7.0,0.0
11243,0.0,4.0,9.0,0.0,0.0,0.0,6.0,5.0,12.0,2.0,9.0,11.0,1.0,10.0,6.0,1.0,9.0,1.0,9.0,3.0,7.0,19.0,46.0,69.0,-26.573333333333334,0.0,2.0,9.0,0.0,0.0,0.0,7.0,6.0,13.0,1.0,10.0,12.0,2.0,11.0,7.0,1.0,10.0,2.0,10.0,1.0,8.0,0.0
11244,0.0,2.0,9.0,0.0,0.0,0.0,7.0,6.0,13.0,1.0,10.0,12.0,2.0,11.0,7.0,1.0,10.0,2.0,10.0,1.0,8.0,1.0,36.0,69.0,-16.541666666666664,2.0,2.0,9.0,0.0,0.0,0.0,1.0,7.0,14.0,2.0,11.0,13.0,3.0,1.0,8.0,2.0,11.0,3.0,11.0,1.0,9.0,0.0
11245,2.0,2.0,9.0,0.0,0.0,0.0,1.0,7.0,14.0,2.0,11.0,13.0,3.0,1.0,8.0,2.0,11.0,3.0,11.0,1.0,9.0,58.0,31.0,69.0,-19.4,2.0,4.0,9.0,0.0,0.0,0.0,2.0,8.0,15.0,3.0,12.0,14.0,1.0,2.0,9.0,3.0,12.0,1.0,12.0,1.0,10.0,0.0
11246,2.0,4.0,9.0,0.0,0.0,0.0,2.0,8.0,15.0,3.0,12.0,14.0,1.0,2.0,9.0,3.0,12.0,1.0,12.0,1.0,10.0,70.0,31.0,69.0,-18.05,2.0,4.0,9.0,0.0,0.0,0.0,3.0,9.0,16.0,4.0,13.0,15.0,1.0,3.0,10.0,4.0,13.0,2.0,13.0,1.0,1.0,0.0
11247,2.0,4.0,9.0,0.0,0.0,0.0,3.0,9.0,16.0,4.0,13.0,15.0,1.0,3.0,10.0,4.0,13.0,2.0,13.0,1.0,1.0,14.0,31.0,7.0,-21.656666666666666,2.0,2.0,9.0,0.0,0.0,0.0,4.0,1.0,1.0,5.0,14.0,16.0,1.0,4.0,11.0,5.0,14.0,3.0,14.0,2.0,2.0,0.0
11248,2.0,2.0,9.0,0.0,0.0,0.0,4.0,1.0,1.0,5.0,14.0,16.0,1.0,4.0,11.0,5.0,14.0,3.0,14.0,2.0,2.0,20.0,31.0,21.0,-20.10666666666667,2.0,2.0,9.0,0.0,2.0,0.0,5.0,2.0,2.0,6.0,1.0,17.0,1.0,5.0,12.0,6.0,15.0,4.0,15.0,3.0,3.0,0.0
11249,2.0,2.0,9.0,0.0,2.0,0.0,5.0,2.0,2.0,6.0,1.0,17.0,1.0,5.0,12.0,6.0,15.0,4.0,15.0,3.0,3.0,58.0,29.0,15.0,-19.926666666666666,2.0,4.0,9.0,0.0,2.0,0.0,6.0,3.0,3.0,1.0,2.0,1.0,2.0,6.0,13.0,7.0,16.0,1.0,16.0,4.0,4.0,0.0
11250,2.0,4.0,9.0,0.0,2.0,0.0,6.0,3.0,3.0,1.0,2.0,1.0,2.0,6.0,13.0,7.0,16.0,1.0,16.0,4.0,4.0,58.0,36.0,72.0,-20.038333333333334,2.0,6.0,9.0,0.0,0.0,0.0,7.0,4.0,4.0,2.0,3.0,2.0,3.0,1.0,14.0,8.0,17.0,1.0,17.0,5.0,1.0,0.0
11251,2.0,6.0,9.0,0.0,0.0,0.0,7.0,4.0,4.0,2.0,3.0,2.0,3.0,1.0,14.0,8.0,17.0,1.0,17.0,5.0,1.0,14.0,36.0,75.0,-12.334999999999999,2.0,4.0,9.0,0.0,0.0,0.0,8.0,5.0,1.0,3.0,4.0,3.0,4.0,1.0,15.0,9.0,18.0,2.0,18.0,6.0,2.0,0.0
11252,2.0,4.0,9.0,0.0,0.0,0.0,8.0,5.0,1.0,3.0,4.0,3.0,4.0,1.0,15.0,9.0,18.0,2.0,18.0,6.0,2.0,58.0,50.0,51.0,-17.736666666666665,2.0,6.0,9.0,0.0,2.0,0.0,9.0,6.0,2.0,4.0,5.0,4.0,5.0,2.0,16.0,10.0,1.0,1.0,19.0,7.0,3.0,0.0
11253,2.0,6.0,9.0,0.0,2.0,0.0,9.0,6.0,2.0,4.0,5.0,4.0,5.0,2.0,16.0,10.0,1.0,1.0,19.0,7.0,3.0,2.0,31.0,43.0,-15.651666666666667,0.0,6.0,9.0,0.0,2.0,2.0,1.0,7.0,3.0,5.0,6.0,5.0,1.0,3.0,1.0,11.0,2.0,2.0,20.0,8.0,4.0,0.0
11254,0.0,6.0,9.0,0.0,2.0,2.0,1.0,7.0,3.0,5.0,6.0,5.0,1.0,3.0,1.0,11.0,2.0,2.0,20.0,8.0,4.0,58.0,27.0,55.0,-18.355,0.0,8.0,7.0,0.0,2.0,2.0,2.0,8.0,4.0,6.0,7.0,1.0,2.0,4.0,2.0,12.0,3.0,1.0,21.0,9.0,5.0,0.0
11255,0.0,8.0,7.0,0.0,2.0,2.0,2.0,8.0,4.0,6.0,7.0,1.0,2.0,4.0,2.0,12.0,3.0,1.0,21.0,9.0,5.0,70.0,79.0,69.0,-12.066666666666666,0.0,8.0,7.0,0.0,2.0,0.0,3.0,9.0,5.0,7.0,8.0,2.0,3.0,5.0,3.0,13.0,4.0,2.0,22.0,1.0,1.0,0.0
11256,0.0,8.0,7.0,0.0,2.0,0.0,3.0,9.0,5.0,7.0,8.0,2.0,3.0,5.0,3.0,13.0,4.0,2.0,22.0,1.0,1.0,14.0,27.0,55.0,-30.44666666666667,0.0,6.0,5.0,0.0,2.0,0.0,4.0,10.0,1.0,8.0,9.0,1.0,4.0,6.0,4.0,14.0,5.0,1.0,23.0,2.0,2.0,0.0
11257,0.0,6.0,5.0,0.0,2.0,0.0,4.0,10.0,1.0,8.0,9.0,1.0,4.0,6.0,4.0,14.0,5.0,1.0,23.0,2.0,2.0,14.0,27.0,55.0,-34.96666666666667,0.0,4.0,3.0,0.0,2.0,0.0,5.0,11.0,1.0,9.0,10.0,1.0,5.0,7.0,5.0,15.0,6.0,1.0,24.0,3.0,3.0,0.0
11258,0.0,4.0,3.0,0.0,2.0,0.0,5.0,11.0,1.0,9.0,10.0,1.0,5.0,7.0,5.0,15.0,6.0,1.0,24.0,3.0,3.0,35.0,36.0,63.0,-25.22,0.0,4.0,5.0,0.0,2.0,2.0,6.0,12.0,2.0,10.0,11.0,2.0,6.0,1.0,6.0,16.0,7.0,2.0,1.0,4.0,4.0,0.0
11259,0.0,4.0,5.0,0.0,2.0,2.0,6.0,12.0,2.0,10.0,11.0,2.0,6.0,1.0,6.0,16.0,7.0,2.0,1.0,4.0,4.0,7.0,31.0,50.0,-16.028333333333332,0.0,4.0,7.0,0.0,2.0,2.0,7.0,1.0,3.0,11.0,12.0,3.0,1.0,2.0,7.0,17.0,1.0,3.0,2.0,5.0,5.0,0.0
11260,0.0,4.0,7.0,0.0,2.0,2.0,7.0,1.0,3.0,11.0,12.0,3.0,1.0,2.0,7.0,17.0,1.0,3.0,2.0,5.0,5.0,2.0,31.0,17.0,-11.111666666666666,0.0,4.0,9.0,0.0,0.0,2.0,1.0,2.0,4.0,1.0,13.0,4.0,1.0,3.0,8.0,18.0,2.0,4.0,3.0,6.0,6.0,0.0
11261,0.0,4.0,9.0,0.0,0.0,2.0,1.0,2.0,4.0,1.0,13.0,4.0,1.0,3.0,8.0,18.0,2.0,4.0,3.0,6.0,6.0,20.0,31.0,47.0,-13.078333333333333,0.0,4.0,9.0,0.0,0.0,2.0,2.0,3.0,5.0,2.0,1.0,5.0,1.0,4.0,9.0,1.0,3.0,5.0,4.0,7.0,7.0,0.0
11262,0.0,4.0,9.0,0.0,0.0,2.0,2.0,3.0,5.0,2.0,1.0,5.0,1.0,4.0,9.0,1.0,3.0,5.0,4.0,7.0,7.0,70.0,79.0,69.0,-15.16,0.0,4.0,9.0,0.0,0.0,0.0,3.0,4.0,6.0,3.0,2.0,6.0,2.0,5.0,10.0,2.0,4.0,6.0,5.0,1.0,1.0,0.0
11263,0.0,4.0,9.0,0.0,0.0,0.0,3.0,4.0,6.0,3.0,2.0,6.0,2.0,5.0,10.0,2.0,4.0,6.0,5.0,1.0,1.0,14.0,78.0,15.0,-19.9,0.0,2.0,9.0,2.0,0.0,0.0,4.0,5.0,1.0,1.0,3.0,7.0,3.0,6.0,11.0,3.0,5.0,7.0,6.0,2.0,2.0,0.0
11264,0.0,2.0,9.0,2.0,0.0,0.0,4.0,5.0,1.0,1.0,3.0,7.0,3.0,6.0,11.0,3.0,5.0,7.0,6.0,2.0,2.0,58.0,8.0,5.0,-18.549999999999997,0.0,4.0,9.0,4.0,0.0,0.0,5.0,1.0,2.0,2.0,4.0,8.0,4.0,7.0,12.0,4.0,6.0,1.0,7.0,3.0,3.0,0.0
11265,0.0,4.0,9.0,4.0,0.0,0.0,5.0,1.0,2.0,2.0,4.0,8.0,4.0,7.0,12.0,4.0,6.0,1.0,7.0,3.0,3.0,70.0,42.0,51.0,-13.654999999999998,0.0,4.0,7.0,4.0,2.0,0.0,6.0,2.0,3.0,3.0,5.0,9.0,5.0,8.0,1.0,5.0,1.0,2.0,8.0,4.0,1.0,0.0
11266,0.0,4.0,7.0,4.0,2.0,0.0,6.0,2.0,3.0,3.0,5.0,9.0,5.0,8.0,1.0,5.0,1.0,2.0,8.0,4.0,1.0,1.0,31.0,39.0,-9.978333333333333,2.0,4.0,9.0,4.0,2.0,0.0,1.0,3.0,4.0,4.0,6.0,10.0,1.0,1.0,2.0,6.0,2.0,3.0,9.0,5.0,2.0,0.0
11267,2.0,4.0,9.0,4.0,2.0,0.0,1.0,3.0,4.0,4.0,6.0,10.0,1.0,1.0,2.0,6.0,2.0,3.0,9.0,5.0,2.0,25.0,79.0,66.0,-14.008333333333333,2.0,4.0,9.0,2.0,4.0,0.0,2.0,4.0,5.0,5.0,7.0,1.0,2.0,2.0,3.0,7.0,3.0,4.0,10.0,1.0,3.0,0.0
11268,2.0,4.0,9.0,2.0,4.0,0.0,2.0,4.0,5.0,5.0,7.0,1.0,2.0,2.0,3.0,7.0,3.0,4.0,10.0,1.0,3.0,14.0,79.0,55.0,-24.94833333333333,2.0,2.0,9.0,0.0,4.0,0.0,3.0,5.0,1.0,6.0,8.0,2.0,3.0,3.0,4.0,8.0,4.0,1.0,11.0,2.0,4.0,0.0
11269,2.0,2.0,9.0,0.0,4.0,0.0,3.0,5.0,1.0,6.0,8.0,2.0,3.0,3.0,4.0,8.0,4.0,1.0,11.0,2.0,4.0,14.0,79.0,47.0,-16.513333333333332,2.0,0.0,9.0,0.0,2.0,0.0,4.0,6.0,1.0,7.0,9.0,3.0,4.0,4.0,5.0,1.0,5.0,2.0,12.0,3.0,5.0,0.0
11270,2.0,0.0,9.0,0.0,2.0,0.0,4.0,6.0,1.0,7.0,9.0,3.0,4.0,4.0,5.0,1.0,5.0,2.0,12.0,3.0,5.0,70.0,79.0,21.0,-20.3,2.0,0.0,9.0,0.0,4.0,0.0,5.0,7.0,2.0,8.0,1.0,4.0,5.0,5.0,6.0,2.0,6.0,3.0,13.0,4.0,1.0,0.0
11271,2.0,0.0,9.0,0.0,4.0,0.0,5.0,7.0,2.0,8.0,1.0,4.0,5.0,5.0,6.0,2.0,6.0,3.0,13.0,4.0,1.0,76.0,78.0,55.0,-19.705,4.0,0.0,9.0,2.0,4.0,0.0,6.0,8.0,3.0,9.0,2.0,5.0,6.0,6.0,7.0,3.0,7.0,1.0,14.0,5.0,2.0,0.0
11272,4.0,0.0,9.0,2.0,4.0,0.0,6.0,8.0,3.0,9.0,2.0,5.0,6.0,6.0,7.0,3.0,7.0,1.0,14.0,5.0,2.0,0.0,78.0,39.0,-7.195,4.0,0.0,9.0,4.0,4.0,0.0,1.0,9.0,4.0,10.0,3.0,6.0,7.0,1.0,8.0,4.0,8.0,2.0,15.0,6.0,3.0,0.0
11273,4.0,0.0,9.0,4.0,4.0,0.0,1.0,9.0,4.0,10.0,3.0,6.0,7.0,1.0,8.0,4.0,8.0,2.0,15.0,6.0,3.0,6.0,78.0,16.0,-16.07333333333333,6.0,0.0,9.0,6.0,6.0,0.0,2.0,1.0,5.0,1.0,4.0,7.0,8.0,2.0,9.0,5.0,9.0,3.0,16.0,7.0,4.0,0.0
11274,6.0,0.0,9.0,6.0,6.0,0.0,2.0,1.0,5.0,1.0,4.0,7.0,8.0,2.0,9.0,5.0,9.0,3.0,16.0,7.0,4.0,25.0,79.0,20.0,-14.634999999999998,6.0,0.0,9.0,4.0,6.0,0.0,3.0,2.0,6.0,2.0,1.0,1.0,9.0,3.0,10.0,6.0,10.0,4.0,17.0,8.0,5.0,0.0
11275,6.0,0.0,9.0,4.0,6.0,0.0,3.0,2.0,6.0,2.0,1.0,1.0,9.0,3.0,10.0,6.0,10.0,4.0,17.0,8.0,5.0,70.0,50.0,72.0,-33.08,6.0,0.0,9.0,4.0,4.0,0.0,4.0,3.0,7.0,3.0,2.0,2.0,10.0,4.0,11.0,7.0,1.0,5.0,18.0,9.0,1.0,0.0
11276,6.0,0.0,9.0,4.0,4.0,0.0,4.0,3.0,7.0,3.0,2.0,2.0,10.0,4.0,11.0,7.0,1.0,5.0,18.0,9.0,1.0,6.0,42.0,63.0,-16.446666666666665,8.0,0.0,7.0,4.0,4.0,2.0,5.0,1.0,8.0,4.0,3.0,3.0,11.0,5.0,1.0,8.0,2.0,6.0,1.0,10.0,2.0,0.0
11277,8.0,0.0,7.0,4.0,4.0,2.0,5.0,1.0,8.0,4.0,3.0,3.0,11.0,5.0,1.0,8.0,2.0,6.0,1.0,10.0,2.0,7.0,47.0,39.0,-8.298333333333332,6.0,0.0,5.0,4.0,4.0,0.0,6.0,1.0,9.0,5.0,4.0,4.0,12.0,1.0,2.0,1.0,3.0,7.0,2.0,11.0,3.0,0.0
11278,6.0,0.0,5.0,4.0,4.0,0.0,6.0,1.0,9.0,5.0,4.0,4.0,12.0,1.0,2.0,1.0,3.0,7.0,2.0,11.0,3.0,7.0,14.0,54.0,-13.856666666666666,4.0,0.0,5.0,2.0,4.0,0.0,7.0,1.0,1.0,6.0,5.0,5.0,13.0,2.0,3.0,2.0,1.0,8.0,3.0,12.0,4.0,0.0
11279,4.0,0.0,5.0,2.0,4.0,0.0,7.0,1.0,1.0,6.0,5.0,5.0,13.0,2.0,3.0,2.0,1.0,8.0,3.0,12.0,4.0,7.0,78.0,29.0,-16.626666666666665,2.0,0.0,5.0,4.0,4.0,0.0,8.0,1.0,2.0,7.0,6.0,1.0,14.0,3.0,4.0,3.0,2.0,9.0,4.0,13.0,5.0,0.0
11280,2.0,0.0,5.0,4.0,4.0,0.0,8.0,1.0,2.0,7.0,6.0,1.0,14.0,3.0,4.0,3.0,2.0,9.0,4.0,13.0,5.0,7.0,52.0,29.0,-21.389999999999997,0.0,0.0,3.0,4.0,4.0,0.0,9.0,1.0,3.0,8.0,7.0,1.0,15.0,4.0,5.0,4.0,1.0,10.0,5.0,14.0,6.0,0.0
11281,0.0,0.0,3.0,4.0,4.0,0.0,9.0,1.0,3.0,8.0,7.0,1.0,15.0,4.0,5.0,4.0,1.0,10.0,5.0,14.0,6.0,7.0,31.0,29.0,-324.97666666666663,0.0,0.0,5.0,4.0,4.0,0.0,10.0,1.0,4.0,9.0,8.0,1.0,1.0,5.0,6.0,5.0,2.0,11.0,6.0,15.0,7.0,0.0
11282,0.0,0.0,5.0,4.0,4.0,0.0,10.0,1.0,4.0,9.0,8.0,1.0,1.0,5.0,6.0,5.0,2.0,11.0,6.0,15.0,7.0,2.0,79.0,39.0,-8.701666666666666,0.0,0.0,5.0,2.0,4.0,0.0,1.0,2.0,5.0,10.0,9.0,2.0,2.0,1.0,7.0,6.0,3.0,12.0,7.0,16.0,8.0,0.0
11283,0.0,0.0,5.0,2.0,4.0,0.0,1.0,2.0,5.0,10.0,9.0,2.0,2.0,1.0,7.0,6.0,3.0,12.0,7.0,16.0,8.0,70.0,79.0,13.0,-21.544999999999998,0.0,0.0,5.0,0.0,4.0,2.0,2.0,3.0,1.0,11.0,10.0,3.0,3.0,2.0,8.0,7.0,4.0,13.0,8.0,17.0,1.0,0.0
11284,0.0,0.0,5.0,0.0,4.0,2.0,2.0,3.0,1.0,11.0,10.0,3.0,3.0,2.0,8.0,7.0,4.0,13.0,8.0,17.0,1.0,57.0,78.0,55.0,-28.343333333333334,0.0,0.0,5.0,2.0,4.0,2.0,3.0,4.0,2.0,12.0,11.0,4.0,4.0,3.0,9.0,8.0,5.0,1.0,9.0,18.0,2.0,0.0
11285,0.0,0.0,5.0,2.0,4.0,2.0,3.0,4.0,2.0,12.0,11.0,4.0,4.0,3.0,9.0,8.0,5.0,1.0,9.0,18.0,2.0,48.0,78.0,17.0,-9.719999999999999,0.0,2.0,5.0,4.0,2.0,2.0,4.0,5.0,3.0,1.0,12.0,5.0,5.0,4.0,10.0,1.0,6.0,2.0,10.0,19.0,3.0,0.0
11286,0.0,2.0,5.0,4.0,2.0,2.0,4.0,5.0,3.0,1.0,12.0,5.0,5.0,4.0,10.0,1.0,6.0,2.0,10.0,19.0,3.0,25.0,24.0,60.0,-30.464999999999996,0.0,2.0,5.0,2.0,2.0,2.0,5.0,6.0,4.0,2.0,1.0,1.0,6.0,5.0,11.0,2.0,7.0,3.0,1.0,20.0,4.0,0.0
11287,0.0,2.0,5.0,2.0,2.0,2.0,5.0,6.0,4.0,2.0,1.0,1.0,6.0,5.0,11.0,2.0,7.0,3.0,1.0,20.0,4.0,70.0,46.0,7.0,-23.689999999999998,0.0,2.0,7.0,2.0,0.0,2.0,6.0,1.0,5.0,3.0,2.0,2.0,7.0,6.0,12.0,1.0,8.0,4.0,2.0,21.0,1.0,0.0
11288,0.0,2.0,7.0,2.0,0.0,2.0,6.0,1.0,5.0,3.0,2.0,2.0,7.0,6.0,12.0,1.0,8.0,4.0,2.0,21.0,1.0,75.0,42.0,7.0,-17.468333333333334,0.0,2.0,5.0,2.0,0.0,2.0,7.0,1.0,6.0,4.0,3.0,3.0,8.0,7.0,1.0,2.0,9.0,5.0,3.0,22.0,2.0,0.0
11289,0.0,2.0,5.0,2.0,0.0,2.0,7.0,1.0,6.0,4.0,3.0,3.0,8.0,7.0,1.0,2.0,9.0,5.0,3.0,22.0,2.0,75.0,46.0,54.0,-15.099999999999998,0.0,2.0,7.0,2.0,0.0,0.0,8.0,2.0,7.0,5.0,4.0,4.0,9.0,8.0,2.0,1.0,1.0,6.0,4.0,23.0,3.0,0.0
11290,0.0,2.0,7.0,2.0,0.0,0.0,8.0,2.0,7.0,5.0,4.0,4.0,9.0,8.0,2.0,1.0,1.0,6.0,4.0,23.0,3.0,75.0,46.0,69.0,-21.01,0.0,2.0,9.0,2.0,0.0,0.0,9.0,3.0,8.0,6.0,5.0,5.0,10.0,9.0,3.0,1.0,2.0,7.0,5.0,1.0,4.0,0.0
11291,0.0,2.0,9.0,2.0,0.0,0.0,9.0,3.0,8.0,6.0,5.0,5.0,10.0,9.0,3.0,1.0,2.0,7.0,5.0,1.0,4.0,0.0,52.0,39.0,-14.631666666666668,0.0,2.0,7.0,2.0,0.0,0.0,1.0,4.0,9.0,7.0,6.0,6.0,11.0,1.0,4.0,2.0,1.0,8.0,6.0,2.0,5.0,0.0
11292,0.0,2.0,7.0,2.0,0.0,0.0,1.0,4.0,9.0,7.0,6.0,6.0,11.0,1.0,4.0,2.0,1.0,8.0,6.0,2.0,5.0,33.0,31.0,3.0,-21.186666666666664,0.0,4.0,9.0,2.0,0.0,2.0,1.0,5.0,10.0,8.0,7.0,7.0,1.0,2.0,5.0,3.0,2.0,9.0,7.0,3.0,6.0,0.0
11293,0.0,4.0,9.0,2.0,0.0,2.0,1.0,5.0,10.0,8.0,7.0,7.0,1.0,2.0,5.0,3.0,2.0,9.0,7.0,3.0,6.0,79.0,79.0,12.0,-15.009999999999998,0.0,2.0,9.0,0.0,0.0,2.0,2.0,6.0,1.0,9.0,8.0,8.0,2.0,3.0,6.0,4.0,3.0,10.0,8.0,4.0,7.0,0.0
11294,0.0,2.0,9.0,0.0,0.0,2.0,2.0,6.0,1.0,9.0,8.0,8.0,2.0,3.0,6.0,4.0,3.0,10.0,8.0,4.0,7.0,70.0,27.0,55.0,-23.178333333333335,0.0,2.0,7.0,0.0,0.0,2.0,3.0,7.0,2.0,10.0,9.0,1.0,3.0,4.0,7.0,5.0,4.0,1.0,9.0,5.0,1.0,0.0
11295,0.0,2.0,7.0,0.0,0.0,2.0,3.0,7.0,2.0,10.0,9.0,1.0,3.0,4.0,7.0,5.0,4.0,1.0,9.0,5.0,1.0,17.0,79.0,17.0,-10.646666666666667,0.0,2.0,7.0,0.0,0.0,2.0,4.0,8.0,3.0,1.0,10.0,2.0,4.0,5.0,8.0,6.0,5.0,2.0,10.0,6.0,2.0,0.0
11296,0.0,2.0,7.0,0.0,0.0,2.0,4.0,8.0,3.0,1.0,10.0,2.0,4.0,5.0,8.0,6.0,5.0,2.0,10.0,6.0,2.0,2.0,24.0,60.0,-26.78666666666667,0.0,2.0,7.0,0.0,0.0,2.0,1.0,9.0,4.0,2.0,1.0,3.0,5.0,6.0,9.0,7.0,6.0,3.0,1.0,7.0,3.0,0.0
11297,0.0,2.0,7.0,0.0,0.0,2.0,1.0,9.0,4.0,2.0,1.0,3.0,5.0,6.0,9.0,7.0,6.0,3.0,1.0,7.0,3.0,70.0,38.0,5.0,-18.836666666666666,0.0,2.0,7.0,2.0,0.0,2.0,2.0,1.0,5.0,3.0,2.0,4.0,6.0,1.0,10.0,8.0,7.0,4.0,2.0,8.0,1.0,0.0
11298,0.0,2.0,7.0,2.0,0.0,2.0,2.0,1.0,5.0,3.0,2.0,4.0,6.0,1.0,10.0,8.0,7.0,4.0,2.0,8.0,1.0,69.0,52.0,17.0,-15.691666666666666,0.0,0.0,5.0,2.0,0.0,2.0,3.0,2.0,6.0,1.0,3.0,5.0,7.0,2.0,11.0,9.0,1.0,5.0,3.0,1.0,2.0,0.0
11299,0.0,0.0,5.0,2.0,0.0,2.0,3.0,2.0,6.0,1.0,3.0,5.0,7.0,2.0,11.0,9.0,1.0,5.0,3.0,1.0,2.0,2.0,49.0,17.0,-11.64,0.0,0.0,5.0,0.0,0.0,2.0,1.0,3.0,7.0,1.0,4.0,6.0,8.0,3.0,12.0,1.0,2.0,6.0,4.0,2.0,3.0,1.0
11300,1.0,5.0,9.0,4.0,6.0,7.0,1.0,1.0,1.0,1.0,1.0,1.0,1.0,1.0,1.0,1.0,1.0,1.0,1.0,1.0,1.0,74.0,33.0,12.0,-10.79,1.0,3.0,9.0,6.0,4.0,7.0,2.0,2.0,1.0,2.0,2.0,2.0,1.0,2.0,2.0,2.0,2.0,2.0,2.0,2.0,1.0,0.0
11301,1.0,3.0,9.0,6.0,4.0,7.0,2.0,2.0,1.0,2.0,2.0,2.0,1.0,2.0,2.0,2.0,2.0,2.0,2.0,2.0,1.0,7.0,24.0,3.0,-21.464999999999996,0.0,3.0,9.0,4.0,4.0,9.0,1.0,1.0,2.0,3.0,1.0,3.0,2.0,3.0,3.0,3.0,3.0,3.0,3.0,3.0,2.0,0.0
11302,0.0,3.0,9.0,4.0,4.0,9.0,1.0,1.0,2.0,3.0,1.0,3.0,2.0,3.0,3.0,3.0,3.0,3.0,3.0,3.0,2.0,74.0,50.0,17.0,-16.971666666666664,0.0,1.0,9.0,4.0,2.0,9.0,2.0,2.0,3.0,1.0,2.0,4.0,3.0,4.0,4.0,4.0,1.0,4.0,4.0,4.0,1.0,0.0
11303,0.0,1.0,9.0,4.0,2.0,9.0,2.0,2.0,3.0,1.0,2.0,4.0,3.0,4.0,4.0,4.0,1.0,4.0,4.0,4.0,1.0,74.0,5.0,7.0,-31.10166666666667,0.0,0.0,9.0,4.0,0.0,9.0,3.0,1.0,4.0,2.0,3.0,5.0,4.0,5.0,5.0,5.0,2.0,5.0,5.0,5.0,1.0,0.0
11304,0.0,0.0,9.0,4.0,0.0,9.0,3.0,1.0,4.0,2.0,3.0,5.0,4.0,5.0,5.0,5.0,2.0,5.0,5.0,5.0,1.0,48.0,5.0,5.0,-21.936666666666667,0.0,2.0,9.0,4.0,0.0,9.0,4.0,1.0,5.0,3.0,4.0,6.0,5.0,6.0,6.0,1.0,3.0,6.0,6.0,6.0,2.0,0.0
11305,0.0,2.0,9.0,4.0,0.0,9.0,4.0,1.0,5.0,3.0,4.0,6.0,5.0,6.0,6.0,1.0,3.0,6.0,6.0,6.0,2.0,2.0,42.0,7.0,-24.528333333333336,0.0,2.0,7.0,4.0,0.0,9.0,1.0,1.0,6.0,4.0,5.0,7.0,6.0,7.0,1.0,2.0,4.0,7.0,7.0,7.0,3.0,0.0
11306,0.0,2.0,7.0,4.0,0.0,9.0,1.0,1.0,6.0,4.0,5.0,7.0,6.0,7.0,1.0,2.0,4.0,7.0,7.0,7.0,3.0,54.0,50.0,7.0,-27.21,0.0,0.0,7.0,4.0,0.0,9.0,2.0,1.0,7.0,5.0,6.0,8.0,7.0,8.0,2.0,3.0,1.0,8.0,8.0,8.0,4.0,0.0
11307,0.0,0.0,7.0,4.0,0.0,9.0,2.0,1.0,7.0,5.0,6.0,8.0,7.0,8.0,2.0,3.0,1.0,8.0,8.0,8.0,4.0,66.0,38.0,13.0,-20.631666666666668,2.0,0.0,7.0,6.0,0.0,9.0,3.0,2.0,1.0,6.0,7.0,9.0,8.0,1.0,3.0,4.0,2.0,9.0,9.0,1.0,5.0,0.0
11308,2.0,0.0,7.0,6.0,0.0,9.0,3.0,2.0,1.0,6.0,7.0,9.0,8.0,1.0,3.0,4.0,2.0,9.0,9.0,1.0,5.0,48.0,25.0,3.0,-16.845,2.0,2.0,7.0,6.0,0.0,9.0,1.0,3.0,2.0,7.0,8.0,1.0,9.0,2.0,4.0,1.0,3.0,10.0,10.0,2.0,6.0,0.0
11309,2.0,2.0,7.0,6.0,0.0,9.0,1.0,3.0,2.0,7.0,8.0,1.0,9.0,2.0,4.0,1.0,3.0,10.0,10.0,2.0,6.0,33.0,64.0,3.0,-27.051666666666662,2.0,4.0,7.0,4.0,0.0,9.0,1.0,4.0,3.0,8.0,9.0,2.0,1.0,3.0,5.0,2.0,4.0,11.0,1.0,3.0,7.0,0.0
11310,2.0,4.0,7.0,4.0,0.0,9.0,1.0,4.0,3.0,8.0,9.0,2.0,1.0,3.0,5.0,2.0,4.0,11.0,1.0,3.0,7.0,47.0,57.0,17.0,-13.011666666666667,0.0,4.0,5.0,4.0,0.0,9.0,2.0,5.0,4.0,1.0,10.0,3.0,2.0,4.0,6.0,1.0,5.0,1.0,2.0,4.0,8.0,0.0
11311,0.0,4.0,5.0,4.0,0.0,9.0,2.0,5.0,4.0,1.0,10.0,3.0,2.0,4.0,6.0,1.0,5.0,1.0,2.0,4.0,8.0,2.0,33.0,5.0,-29.066666666666666,0.0,4.0,5.0,6.0,0.0,9.0,1.0,1.0,5.0,2.0,11.0,4.0,1.0,5.0,7.0,2.0,6.0,2.0,3.0,5.0,9.0,0.0
11312,0.0,4.0,5.0,6.0,0.0,9.0,1.0,1.0,5.0,2.0,11.0,4.0,1.0,5.0,7.0,2.0,6.0,2.0,3.0,5.0,9.0,2.0,33.0,69.0,-22.624999999999996,0.0,4.0,5.0,8.0,0.0,7.0,1.0,2.0,6.0,3.0,12.0,5.0,1.0,6.0,8.0,3.0,7.0,3.0,4.0,1.0,10.0,0.0
11313,0.0,4.0,5.0,8.0,0.0,7.0,1.0,2.0,6.0,3.0,12.0,5.0,1.0,6.0,8.0,3.0,7.0,3.0,4.0,1.0,10.0,2.0,44.0,59.0,-11.2,0.0,4.0,5.0,6.0,0.0,5.0,1.0,3.0,7.0,4.0,13.0,6.0,2.0,7.0,1.0,4.0,8.0,1.0,5.0,2.0,11.0,0.0
11314,0.0,4.0,5.0,6.0,0.0,5.0,1.0,3.0,7.0,4.0,13.0,6.0,2.0,7.0,1.0,4.0,8.0,1.0,5.0,2.0,11.0,65.0,33.0,13.0,-25.416666666666664,0.0,4.0,5.0,8.0,0.0,7.0,2.0,4.0,1.0,5.0,14.0,7.0,1.0,8.0,2.0,5.0,9.0,2.0,6.0,1.0,12.0,0.0
11315,0.0,4.0,5.0,8.0,0.0,7.0,2.0,4.0,1.0,5.0,14.0,7.0,1.0,8.0,2.0,5.0,9.0,2.0,6.0,1.0,12.0,2.0,33.0,64.0,-34.49666666666666,0.0,4.0,5.0,9.0,0.0,5.0,1.0,5.0,2.0,6.0,15.0,8.0,1.0,9.0,3.0,6.0,10.0,3.0,1.0,2.0,13.0,0.0
11316,0.0,4.0,5.0,9.0,0.0,5.0,1.0,5.0,2.0,6.0,15.0,8.0,1.0,9.0,3.0,6.0,10.0,3.0,1.0,2.0,13.0,2.0,33.0,13.0,-27.634999999999998,0.0,4.0,5.0,9.0,0.0,7.0,1.0,6.0,1.0,7.0,16.0,9.0,1.0,10.0,4.0,7.0,11.0,4.0,2.0,3.0,14.0,0.0
11317,0.0,4.0,5.0,9.0,0.0,7.0,1.0,6.0,1.0,7.0,16.0,9.0,1.0,10.0,4.0,7.0,11.0,4.0,2.0,3.0,14.0,54.0,33.0,13.0,-28.69833333333333,0.0,2.0,5.0,9.0,0.0,9.0,2.0,7.0,1.0,8.0,17.0,10.0,1.0,11.0,5.0,8.0,1.0,5.0,3.0,4.0,15.0,0.0
11318,0.0,2.0,5.0,9.0,0.0,9.0,2.0,7.0,1.0,8.0,17.0,10.0,1.0,11.0,5.0,8.0,1.0,5.0,3.0,4.0,15.0,2.0,57.0,5.0,-24.425000000000004,0.0,2.0,3.0,9.0,0.0,9.0,1.0,1.0,2.0,9.0,18.0,11.0,2.0,12.0,6.0,9.0,2.0,1.0,4.0,5.0,16.0,0.0
11319,0.0,2.0,3.0,9.0,0.0,9.0,1.0,1.0,2.0,9.0,18.0,11.0,2.0,12.0,6.0,9.0,2.0,1.0,4.0,5.0,16.0,35.0,57.0,39.0,-24.093333333333334,0.0,2.0,1.0,9.0,0.0,7.0,2.0,2.0,3.0,10.0,19.0,12.0,3.0,1.0,7.0,10.0,3.0,1.0,5.0,6.0,17.0,0.0
11320,0.0,2.0,1.0,9.0,0.0,7.0,2.0,2.0,3.0,10.0,19.0,12.0,3.0,1.0,7.0,10.0,3.0,1.0,5.0,6.0,17.0,2.0,44.0,3.0,-21.85833333333333,0.0,2.0,1.0,7.0,0.0,9.0,1.0,3.0,4.0,11.0,20.0,13.0,4.0,2.0,1.0,11.0,4.0,2.0,6.0,7.0,18.0,0.0
11321,0.0,2.0,1.0,7.0,0.0,9.0,1.0,3.0,4.0,11.0,20.0,13.0,4.0,2.0,1.0,11.0,4.0,2.0,6.0,7.0,18.0,2.0,19.0,13.0,-15.436666666666667,0.0,2.0,1.0,5.0,0.0,9.0,1.0,4.0,1.0,1.0,21.0,14.0,5.0,3.0,2.0,12.0,5.0,3.0,7.0,8.0,19.0,0.0
11322,0.0,2.0,1.0,5.0,0.0,9.0,1.0,4.0,1.0,1.0,21.0,14.0,5.0,3.0,2.0,12.0,5.0,3.0,7.0,8.0,19.0,25.0,19.0,20.0,-28.916666666666664,0.0,2.0,1.0,3.0,0.0,9.0,2.0,5.0,2.0,1.0,1.0,1.0,6.0,4.0,3.0,13.0,6.0,4.0,8.0,9.0,20.0,0.0
11323,0.0,2.0,1.0,3.0,0.0,9.0,2.0,5.0,2.0,1.0,1.0,1.0,6.0,4.0,3.0,13.0,6.0,4.0,8.0,9.0,20.0,70.0,49.0,72.0,-12.681666666666668,0.0,2.0,1.0,1.0,0.0,9.0,3.0,6.0,3.0,2.0,2.0,2.0,7.0,5.0,4.0,1.0,7.0,5.0,9.0,10.0,1.0,0.0
11324,0.0,2.0,1.0,1.0,0.0,9.0,3.0,6.0,3.0,2.0,2.0,2.0,7.0,5.0,4.0,1.0,7.0,5.0,9.0,10.0,1.0,77.0,50.0,69.0,-11.928333333333331,0.0,2.0,1.0,1.0,0.0,7.0,4.0,7.0,4.0,3.0,3.0,3.0,8.0,6.0,5.0,2.0,1.0,6.0,10.0,1.0,2.0,0.0
11325,0.0,2.0,1.0,1.0,0.0,7.0,4.0,7.0,4.0,3.0,3.0,3.0,8.0,6.0,5.0,2.0,1.0,6.0,10.0,1.0,2.0,77.0,64.0,73.0,-23.133333333333333,0.0,2.0,1.0,0.0,0.0,9.0,5.0,8.0,5.0,4.0,4.0,4.0,9.0,7.0,6.0,3.0,2.0,7.0,1.0,2.0,1.0,0.0
11326,0.0,2.0,1.0,0.0,0.0,9.0,5.0,8.0,5.0,4.0,4.0,4.0,9.0,7.0,6.0,3.0,2.0,7.0,1.0,2.0,1.0,7.0,7.0,17.0,-22.55833333333333,0.0,2.0,0.0,0.0,0.0,9.0,6.0,1.0,6.0,1.0,5.0,5.0,10.0,8.0,7.0,4.0,3.0,8.0,2.0,3.0,2.0,0.0
11327,0.0,2.0,0.0,0.0,0.0,9.0,6.0,1.0,6.0,1.0,5.0,5.0,10.0,8.0,7.0,4.0,3.0,8.0,2.0,3.0,2.0,54.0,13.0,39.0,-30.639999999999993,0.0,0.0,0.0,2.0,0.0,7.0,7.0,2.0,1.0,2.0,6.0,6.0,11.0,1.0,8.0,5.0,1.0,9.0,3.0,4.0,3.0,0.0
11328,0.0,0.0,0.0,2.0,0.0,7.0,7.0,2.0,1.0,2.0,6.0,6.0,11.0,1.0,8.0,5.0,1.0,9.0,3.0,4.0,3.0,31.0,34.0,29.0,-35.31166666666667,2.0,0.0,0.0,0.0,0.0,5.0,8.0,3.0,2.0,3.0,7.0,1.0,1.0,2.0,9.0,6.0,2.0,10.0,4.0,5.0,4.0,0.0
11329,2.0,0.0,0.0,0.0,0.0,5.0,8.0,3.0,2.0,3.0,7.0,1.0,1.0,2.0,9.0,6.0,2.0,10.0,4.0,5.0,4.0,2.0,0.0,9.0,-16.048333333333336,0.0,0.0,0.0,0.0,0.0,3.0,1.0,1.0,3.0,4.0,8.0,2.0,2.0,3.0,10.0,7.0,3.0,11.0,5.0,6.0,5.0,0.0
11330,0.0,0.0,0.0,0.0,0.0,3.0,1.0,1.0,3.0,4.0,8.0,2.0,2.0,3.0,10.0,7.0,3.0,11.0,5.0,6.0,5.0,69.0,49.0,17.0,-16.38,0.0,0.0,0.0,0.0,0.0,3.0,2.0,2.0,4.0,1.0,9.0,3.0,3.0,4.0,11.0,1.0,4.0,12.0,6.0,1.0,6.0,0.0
11331,0.0,0.0,0.0,0.0,0.0,3.0,2.0,2.0,4.0,1.0,9.0,3.0,3.0,4.0,11.0,1.0,4.0,12.0,6.0,1.0,6.0,58.0,50.0,5.0,-25.325000000000003,0.0,2.0,0.0,0.0,0.0,3.0,3.0,1.0,5.0,2.0,10.0,4.0,4.0,5.0,12.0,2.0,1.0,1.0,7.0,2.0,7.0,0.0
11332,0.0,2.0,0.0,0.0,0.0,3.0,3.0,1.0,5.0,2.0,10.0,4.0,4.0,5.0,12.0,2.0,1.0,1.0,7.0,2.0,7.0,72.0,44.0,42.0,-25.833333333333332,0.0,2.0,0.0,0.0,0.0,3.0,4.0,2.0,6.0,3.0,11.0,5.0,5.0,6.0,1.0,3.0,2.0,2.0,8.0,3.0,1.0,0.0
11333,0.0,2.0,0.0,0.0,0.0,3.0,4.0,2.0,6.0,3.0,11.0,5.0,5.0,6.0,1.0,3.0,2.0,2.0,8.0,3.0,1.0,54.0,0.0,55.0,-17.31,0.0,0.0,0.0,0.0,0.0,3.0,1.0,3.0,7.0,4.0,12.0,6.0,6.0,7.0,2.0,4.0,1.0,1.0,9.0,4.0,2.0,0.0
11334,0.0,0.0,0.0,0.0,0.0,3.0,1.0,3.0,7.0,4.0,12.0,6.0,6.0,7.0,2.0,4.0,1.0,1.0,9.0,4.0,2.0,37.0,24.0,12.0,-29.596666666666668,0.0,0.0,0.0,0.0,0.0,3.0,2.0,4.0,1.0,5.0,1.0,7.0,7.0,1.0,3.0,5.0,2.0,2.0,10.0,5.0,3.0,0.0
11335,0.0,0.0,0.0,0.0,0.0,3.0,2.0,4.0,1.0,5.0,1.0,7.0,7.0,1.0,3.0,5.0,2.0,2.0,10.0,5.0,3.0,33.0,34.0,73.0,-32.10000000000001,0.0,2.0,0.0,0.0,0.0,5.0,3.0,5.0,2.0,6.0,2.0,8.0,1.0,2.0,4.0,6.0,3.0,3.0,11.0,6.0,1.0,0.0
11336,0.0,2.0,0.0,0.0,0.0,5.0,3.0,5.0,2.0,6.0,2.0,8.0,1.0,2.0,4.0,6.0,3.0,3.0,11.0,6.0,1.0,69.0,0.0,55.0,-16.799999999999997,0.0,0.0,0.0,0.0,0.0,5.0,1.0,6.0,3.0,7.0,3.0,9.0,2.0,3.0,5.0,7.0,4.0,1.0,12.0,1.0,2.0,0.0
11337,0.0,0.0,0.0,0.0,0.0,5.0,1.0,6.0,3.0,7.0,3.0,9.0,2.0,3.0,5.0,7.0,4.0,1.0,12.0,1.0,2.0,76.0,0.0,5.0,-15.783333333333333,2.0,0.0,0.0,0.0,0.0,5.0,1.0,1.0,4.0,8.0,4.0,10.0,3.0,4.0,6.0,8.0,5.0,2.0,13.0,2.0,3.0,0.0
11338,2.0,0.0,0.0,0.0,0.0,5.0,1.0,1.0,4.0,8.0,4.0,10.0,3.0,4.0,6.0,8.0,5.0,2.0,13.0,2.0,3.0,11.0,0.0,47.0,-16.536666666666665,4.0,0.0,0.0,0.0,0.0,5.0,1.0,2.0,1.0,9.0,5.0,11.0,4.0,5.0,7.0,1.0,6.0,3.0,14.0,3.0,4.0,0.0
11339,4.0,0.0,0.0,0.0,0.0,5.0,1.0,2.0,1.0,9.0,5.0,11.0,4.0,5.0,7.0,1.0,6.0,3.0,14.0,3.0,4.0,35.0,0.0,52.0,-10.691666666666666,4.0,0.0,0.0,0.0,0.0,5.0,1.0,3.0,2.0,10.0,6.0,12.0,5.0,1.0,8.0,2.0,1.0,4.0,15.0,4.0,5.0,0.0
11340,4.0,0.0,0.0,0.0,0.0,5.0,1.0,3.0,2.0,10.0,6.0,12.0,5.0,1.0,8.0,2.0,1.0,4.0,15.0,4.0,5.0,33.0,19.0,55.0,-17.865,4.0,2.0,0.0,0.0,0.0,5.0,2.0,4.0,3.0,1.0,7.0,13.0,1.0,2.0,9.0,3.0,2.0,1.0,16.0,5.0,6.0,0.0
11341,4.0,2.0,0.0,0.0,0.0,5.0,2.0,4.0,3.0,1.0,7.0,13.0,1.0,2.0,9.0,3.0,2.0,1.0,16.0,5.0,6.0,76.0,0.0,47.0,-8.766666666666667,6.0,2.0,0.0,0.0,0.0,5.0,1.0,5.0,4.0,2.0,8.0,14.0,2.0,3.0,10.0,1.0,3.0,2.0,17.0,6.0,7.0,0.0
11342,6.0,2.0,0.0,0.0,0.0,5.0,1.0,5.0,4.0,2.0,8.0,14.0,2.0,3.0,10.0,1.0,3.0,2.0,17.0,6.0,7.0,76.0,0.0,5.0,-17.116666666666667,8.0,2.0,0.0,0.0,0.0,5.0,1.0,1.0,5.0,3.0,9.0,15.0,3.0,4.0,11.0,2.0,4.0,3.0,18.0,7.0,8.0,0.0
11343,8.0,2.0,0.0,0.0,0.0,5.0,1.0,1.0,5.0,3.0,9.0,15.0,3.0,4.0,11.0,2.0,4.0,3.0,18.0,7.0,8.0,76.0,0.0,47.0,-10.166666666666666,9.0,2.0,0.0,0.0,0.0,5.0,1.0,2.0,6.0,4.0,10.0,16.0,4.0,5.0,12.0,1.0,5.0,4.0,19.0,8.0,9.0,0.0
11344,9.0,2.0,0.0,0.0,0.0,5.0,1.0,2.0,6.0,4.0,10.0,16.0,4.0,5.0,12.0,1.0,5.0,4.0,19.0,8.0,9.0,76.0,0.0,29.0,-19.333333333333336,9.0,2.0,0.0,0.0,0.0,3.0,1.0,3.0,7.0,5.0,11.0,1.0,5.0,6.0,13.0,2.0,6.0,5.0,20.0,9.0,10.0,0.0
11345,9.0,2.0,0.0,0.0,0.0,3.0,1.0,3.0,7.0,5.0,11.0,1.0,5.0,6.0,13.0,2.0,6.0,5.0,20.0,9.0,10.0,52.0,50.0,63.0,-26.814999999999998,7.0,2.0,0.0,0.0,0.0,5.0,2.0,4.0,8.0,6.0,12.0,2.0,6.0,7.0,14.0,3.0,1.0,6.0,1.0,10.0,11.0,0.0
11346,7.0,2.0,0.0,0.0,0.0,5.0,2.0,4.0,8.0,6.0,12.0,2.0,6.0,7.0,14.0,3.0,1.0,6.0,1.0,10.0,11.0,37.0,44.0,17.0,-316.55999999999995,5.0,2.0,0.0,0.0,0.0,5.0,3.0,5.0,9.0,1.0,13.0,3.0,7.0,1.0,1.0,4.0,2.0,7.0,2.0,11.0,12.0,0.0
11347,5.0,2.0,0.0,0.0,0.0,5.0,3.0,5.0,9.0,1.0,13.0,3.0,7.0,1.0,1.0,4.0,2.0,7.0,2.0,11.0,12.0,37.0,50.0,69.0,-16.936666666666667,3.0,2.0,0.0,0.0,0.0,3.0,4.0,6.0,10.0,2.0,14.0,4.0,8.0,1.0,2.0,5.0,1.0,8.0,3.0,1.0,13.0,0.0
11348,3.0,2.0,0.0,0.0,0.0,3.0,4.0,6.0,10.0,2.0,14.0,4.0,8.0,1.0,2.0,5.0,1.0,8.0,3.0,1.0,13.0,79.0,44.0,45.0,-17.005,3.0,0.0,0.0,0.0,0.0,3.0,5.0,7.0,11.0,3.0,15.0,5.0,9.0,2.0,1.0,1.0,2.0,9.0,4.0,2.0,14.0,0.0
11349,3.0,0.0,0.0,0.0,0.0,3.0,5.0,7.0,11.0,3.0,15.0,5.0,9.0,2.0,1.0,1.0,2.0,9.0,4.0,2.0,14.0,37.0,50.0,29.0,-28.254999999999995,1.0,0.0,0.0,0.0,0.0,1.0,6.0,8.0,12.0,4.0,16.0,1.0,10.0,1.0,2.0,2.0,1.0,10.0,5.0,3.0,15.0,0.0
11350,1.0,0.0,0.0,0.0,0.0,1.0,6.0,8.0,12.0,4.0,16.0,1.0,10.0,1.0,2.0,2.0,1.0,10.0,5.0,3.0,15.0,31.0,44.0,29.0,-36.60333333333333,3.0,0.0,0.0,0.0,0.0,0.0,7.0,9.0,13.0,5.0,17.0,1.0,1.0,2.0,1.0,3.0,2.0,11.0,6.0,4.0,16.0,0.0
11351,3.0,0.0,0.0,0.0,0.0,0.0,7.0,9.0,13.0,5.0,17.0,1.0,1.0,2.0,1.0,3.0,2.0,11.0,6.0,4.0,16.0,2.0,12.0,45.0,-22.43,1.0,0.0,0.0,0.0,0.0,0.0,1.0,10.0,1.0,6.0,18.0,2.0,2.0,3.0,2.0,1.0,3.0,12.0,7.0,5.0,17.0,0.0
11352,1.0,0.0,0.0,0.0,0.0,0.0,1.0,10.0,1.0,6.0,18.0,2.0,2.0,3.0,2.0,1.0,3.0,12.0,7.0,5.0,17.0,70.0,19.0,45.0,-23.689999999999998,1.0,0.0,0.0,0.0,0.0,0.0,2.0,11.0,2.0,1.0,19.0,3.0,3.0,4.0,3.0,1.0,4.0,13.0,8.0,6.0,1.0,0.0
11353,1.0,0.0,0.0,0.0,0.0,0.0,2.0,11.0,2.0,1.0,19.0,3.0,3.0,4.0,3.0,1.0,4.0,13.0,8.0,6.0,1.0,7.0,50.0,55.0,-30.883333333333333,0.0,0.0,0.0,0.0,0.0,0.0,3.0,1.0,3.0,2.0,20.0,4.0,4.0,5.0,4.0,2.0,1.0,1.0,9.0,7.0,2.0,0.0
11354,0.0,0.0,0.0,0.0,0.0,0.0,3.0,1.0,3.0,2.0,20.0,4.0,4.0,5.0,4.0,2.0,1.0,1.0,9.0,7.0,2.0,2.0,31.0,21.0,-21.248333333333335,0.0,0.0,2.0,0.0,2.0,0.0,1.0,2.0,4.0,3.0,1.0,5.0,1.0,6.0,5.0,3.0,2.0,2.0,10.0,8.0,3.0,0.0
11355,0.0,0.0,2.0,0.0,2.0,0.0,1.0,2.0,4.0,3.0,1.0,5.0,1.0,6.0,5.0,3.0,2.0,2.0,10.0,8.0,3.0,70.0,45.0,69.0,-21.470000000000002,0.0,0.0,2.0,0.0,2.0,0.0,2.0,3.0,5.0,4.0,2.0,6.0,2.0,7.0,6.0,1.0,3.0,3.0,11.0,1.0,1.0,0.0
11356,0.0,0.0,2.0,0.0,2.0,0.0,2.0,3.0,5.0,4.0,2.0,6.0,2.0,7.0,6.0,1.0,3.0,3.0,11.0,1.0,1.0,35.0,45.0,7.0,-19.876666666666665,0.0,0.0,2.0,0.0,0.0,0.0,3.0,1.0,6.0,5.0,3.0,7.0,3.0,1.0,7.0,1.0,4.0,4.0,12.0,2.0,2.0,0.0
11357,0.0,0.0,2.0,0.0,0.0,0.0,3.0,1.0,6.0,5.0,3.0,7.0,3.0,1.0,7.0,1.0,4.0,4.0,12.0,2.0,2.0,11.0,45.0,63.0,-32.165,2.0,0.0,2.0,0.0,0.0,2.0,4.0,2.0,1.0,6.0,4.0,8.0,4.0,2.0,8.0,1.0,5.0,5.0,1.0,3.0,3.0,0.0
11358,2.0,0.0,2.0,0.0,0.0,2.0,4.0,2.0,1.0,6.0,4.0,8.0,4.0,2.0,8.0,1.0,5.0,5.0,1.0,3.0,3.0,7.0,45.0,45.0,-15.45,0.0,0.0,2.0,0.0,0.0,2.0,5.0,1.0,2.0,7.0,5.0,9.0,5.0,3.0,9.0,1.0,6.0,6.0,2.0,4.0,4.0,0.0
11359,0.0,0.0,2.0,0.0,0.0,2.0,5.0,1.0,2.0,7.0,5.0,9.0,5.0,3.0,9.0,1.0,6.0,6.0,2.0,4.0,4.0,37.0,45.0,45.0,-13.703333333333333,0.0,0.0,2.0,0.0,0.0,2.0,6.0,2.0,3.0,8.0,6.0,10.0,6.0,1.0,10.0,1.0,7.0,7.0,3.0,5.0,5.0,0.0
11360,0.0,0.0,2.0,0.0,0.0,2.0,6.0,2.0,3.0,8.0,6.0,10.0,6.0,1.0,10.0,1.0,7.0,7.0,3.0,5.0,5.0,31.0,45.0,45.0,-16.251666666666665,2.0,0.0,2.0,0.0,0.0,2.0,7.0,3.0,4.0,9.0,7.0,11.0,1.0,2.0,11.0,1.0,8.0,8.0,4.0,6.0,6.0,0.0
11361,2.0,0.0,2.0,0.0,0.0,2.0,7.0,3.0,4.0,9.0,7.0,11.0,1.0,2.0,11.0,1.0,8.0,8.0,4.0,6.0,6.0,2.0,50.0,45.0,-11.689999999999998,0.0,0.0,2.0,0.0,0.0,2.0,1.0,4.0,5.0,10.0,8.0,12.0,2.0,3.0,12.0,1.0,1.0,9.0,5.0,7.0,7.0,0.0
11362,0.0,0.0,2.0,0.0,0.0,2.0,1.0,4.0,5.0,10.0,8.0,12.0,2.0,3.0,12.0,1.0,1.0,9.0,5.0,7.0,7.0,67.0,44.0,19.0,-27.031666666666666,0.0,0.0,2.0,0.0,0.0,0.0,2.0,5.0,6.0,1.0,9.0,13.0,3.0,4.0,1.0,2.0,2.0,10.0,6.0,1.0,8.0,0.0
11363,0.0,0.0,2.0,0.0,0.0,0.0,2.0,5.0,6.0,1.0,9.0,13.0,3.0,4.0,1.0,2.0,2.0,10.0,6.0,1.0,8.0,13.0,27.0,45.0,-30.196666666666665,0.0,2.0,0.0,0.0,0.0,0.0,3.0,6.0,1.0,2.0,10.0,1.0,4.0,5.0,2.0,1.0,3.0,11.0,7.0,2.0,9.0,0.0
11364,0.0,2.0,0.0,0.0,0.0,0.0,3.0,6.0,1.0,2.0,10.0,1.0,4.0,5.0,2.0,1.0,3.0,11.0,7.0,2.0,9.0,58.0,50.0,45.0,-15.936666666666664,0.0,4.0,0.0,0.0,0.0,0.0,4.0,7.0,2.0,3.0,11.0,2.0,5.0,6.0,3.0,1.0,1.0,1.0,8.0,3.0,10.0,0.0
11365,0.0,4.0,0.0,0.0,0.0,0.0,4.0,7.0,2.0,3.0,11.0,2.0,5.0,6.0,3.0,1.0,1.0,1.0,8.0,3.0,10.0,72.0,33.0,45.0,-22.689999999999998,0.0,4.0,0.0,2.0,0.0,0.0,5.0,8.0,3.0,4.0,12.0,3.0,1.0,7.0,4.0,1.0,2.0,2.0,9.0,4.0,1.0,0.0
11366,0.0,4.0,0.0,2.0,0.0,0.0,5.0,8.0,3.0,4.0,12.0,3.0,1.0,7.0,4.0,1.0,2.0,2.0,9.0,4.0,1.0,72.0,24.0,45.0,-21.516666666666666,0.0,4.0,0.0,0.0,0.0,0.0,6.0,9.0,4.0,5.0,1.0,4.0,2.0,8.0,5.0,1.0,3.0,3.0,10.0,5.0,1.0,0.0
11367,0.0,4.0,0.0,0.0,0.0,0.0,6.0,9.0,4.0,5.0,1.0,4.0,2.0,8.0,5.0,1.0,3.0,3.0,10.0,5.0,1.0,64.0,75.0,6.0,-25.435,0.0,2.0,0.0,0.0,2.0,0.0,7.0,1.0,5.0,6.0,2.0,5.0,3.0,9.0,6.0,2.0,4.0,4.0,1.0,6.0,2.0,0.0
11368,0.0,2.0,0.0,0.0,2.0,0.0,7.0,1.0,5.0,6.0,2.0,5.0,3.0,9.0,6.0,2.0,4.0,4.0,1.0,6.0,2.0,35.0,39.0,45.0,-17.796666666666667,0.0,2.0,0.0,0.0,2.0,0.0,8.0,2.0,6.0,7.0,3.0,6.0,4.0,1.0,7.0,1.0,5.0,5.0,2.0,7.0,3.0,0.0
11369,0.0,2.0,0.0,0.0,2.0,0.0,8.0,2.0,6.0,7.0,3.0,6.0,4.0,1.0,7.0,1.0,5.0,5.0,2.0,7.0,3.0,0.0,45.0,45.0,-10.291666666666666,0.0,2.0,0.0,0.0,2.0,0.0,1.0,3.0,7.0,8.0,4.0,7.0,5.0,2.0,8.0,1.0,6.0,6.0,3.0,8.0,4.0,0.0
11370,0.0,2.0,0.0,0.0,2.0,0.0,1.0,3.0,7.0,8.0,4.0,7.0,5.0,2.0,8.0,1.0,6.0,6.0,3.0,8.0,4.0,72.0,45.0,54.0,-16.913333333333334,0.0,2.0,0.0,0.0,2.0,0.0,2.0,4.0,8.0,9.0,5.0,8.0,6.0,3.0,9.0,1.0,1.0,7.0,4.0,9.0,1.0,0.0
11371,0.0,2.0,0.0,0.0,2.0,0.0,2.0,4.0,8.0,9.0,5.0,8.0,6.0,3.0,9.0,1.0,1.0,7.0,4.0,9.0,1.0,7.0,42.0,17.0,-28.536666666666665,0.0,2.0,0.0,0.0,0.0,0.0,3.0,1.0,9.0,1.0,6.0,9.0,7.0,4.0,1.0,2.0,2.0,8.0,5.0,10.0,2.0,0.0
11372,0.0,2.0,0.0,0.0,0.0,0.0,3.0,1.0,9.0,1.0,6.0,9.0,7.0,4.0,1.0,2.0,2.0,8.0,5.0,10.0,2.0,13.0,34.0,69.0,-31.83333333333334,0.0,4.0,0.0,0.0,0.0,0.0,4.0,2.0,1.0,2.0,7.0,10.0,1.0,5.0,2.0,3.0,3.0,9.0,6.0,1.0,3.0,0.0
11373,0.0,4.0,0.0,0.0,0.0,0.0,4.0,2.0,1.0,2.0,7.0,10.0,1.0,5.0,2.0,3.0,3.0,9.0,6.0,1.0,3.0,35.0,50.0,45.0,-18.615000000000002,0.0,4.0,0.0,0.0,0.0,0.0,5.0,3.0,2.0,3.0,8.0,11.0,2.0,1.0,3.0,1.0,1.0,10.0,7.0,2.0,4.0,0.0
11374,0.0,4.0,0.0,0.0,0.0,0.0,5.0,3.0,2.0,3.0,8.0,11.0,2.0,1.0,3.0,1.0,1.0,10.0,7.0,2.0,4.0,67.0,19.0,55.0,-27.14,0.0,4.0,0.0,0.0,0.0,0.0,6.0,4.0,3.0,1.0,9.0,12.0,3.0,2.0,4.0,2.0,2.0,1.0,8.0,1.0,5.0,0.0
11375,0.0,4.0,0.0,0.0,0.0,0.0,6.0,4.0,3.0,1.0,9.0,12.0,3.0,2.0,4.0,2.0,2.0,1.0,8.0,1.0,5.0,2.0,45.0,45.0,-11.951666666666666,0.0,4.0,0.0,0.0,0.0,0.0,1.0,5.0,4.0,2.0,10.0,13.0,4.0,3.0,5.0,1.0,3.0,2.0,9.0,2.0,6.0,0.0
11376,0.0,4.0,0.0,0.0,0.0,0.0,1.0,5.0,4.0,2.0,10.0,13.0,4.0,3.0,5.0,1.0,3.0,2.0,9.0,2.0,6.0,72.0,44.0,45.0,-20.521666666666665,0.0,4.0,0.0,0.0,0.0,0.0,2.0,6.0,5.0,3.0,11.0,14.0,5.0,4.0,1.0,1.0,4.0,3.0,10.0,3.0,1.0,0.0
11377,0.0,4.0,0.0,0.0,0.0,0.0,2.0,6.0,5.0,3.0,11.0,14.0,5.0,4.0,1.0,1.0,4.0,3.0,10.0,3.0,1.0,76.0,15.0,55.0,-24.22166666666667,2.0,4.0,0.0,0.0,0.0,0.0,3.0,7.0,6.0,1.0,12.0,15.0,6.0,5.0,2.0,2.0,5.0,1.0,11.0,4.0,2.0,0.0
11378,2.0,4.0,0.0,0.0,0.0,0.0,3.0,7.0,6.0,1.0,12.0,15.0,6.0,5.0,2.0,2.0,5.0,1.0,11.0,4.0,2.0,65.0,50.0,45.0,-14.723333333333333,2.0,4.0,0.0,0.0,0.0,0.0,4.0,8.0,7.0,2.0,13.0,16.0,7.0,6.0,3.0,1.0,1.0,2.0,12.0,1.0,3.0,0.0
11379,2.0,4.0,0.0,0.0,0.0,0.0,4.0,8.0,7.0,2.0,13.0,16.0,7.0,6.0,3.0,1.0,1.0,2.0,12.0,1.0,3.0,76.0,15.0,45.0,-14.593333333333332,4.0,4.0,0.0,0.0,0.0,0.0,5.0,9.0,8.0,1.0,14.0,17.0,8.0,7.0,4.0,1.0,2.0,3.0,13.0,2.0,4.0,0.0
11380,4.0,4.0,0.0,0.0,0.0,0.0,5.0,9.0,8.0,1.0,14.0,17.0,8.0,7.0,4.0,1.0,2.0,3.0,13.0,2.0,4.0,76.0,50.0,45.0,-14.618333333333332,6.0,4.0,0.0,0.0,0.0,0.0,6.0,10.0,9.0,2.0,15.0,18.0,9.0,8.0,5.0,1.0,1.0,4.0,14.0,3.0,5.0,0.0
11381,6.0,4.0,0.0,0.0,0.0,0.0,6.0,10.0,9.0,2.0,15.0,18.0,9.0,8.0,5.0,1.0,1.0,4.0,14.0,3.0,5.0,76.0,44.0,45.0,-20.333333333333332,8.0,4.0,0.0,0.0,0.0,0.0,7.0,11.0,10.0,3.0,16.0,19.0,10.0,9.0,1.0,1.0,2.0,5.0,15.0,4.0,6.0,0.0
11382,8.0,4.0,0.0,0.0,0.0,0.0,7.0,11.0,10.0,3.0,16.0,19.0,10.0,9.0,1.0,1.0,2.0,5.0,15.0,4.0,6.0,76.0,23.0,45.0,-19.115,9.0,4.0,0.0,2.0,0.0,0.0,8.0,12.0,11.0,4.0,1.0,20.0,11.0,10.0,2.0,1.0,3.0,6.0,16.0,5.0,7.0,0.0
11383,9.0,4.0,0.0,2.0,0.0,0.0,8.0,12.0,11.0,4.0,1.0,20.0,11.0,10.0,2.0,1.0,3.0,6.0,16.0,5.0,7.0,13.0,51.0,45.0,-13.07,9.0,6.0,2.0,2.0,0.0,0.0,9.0,13.0,1.0,5.0,2.0,21.0,12.0,11.0,3.0,1.0,1.0,7.0,17.0,6.0,8.0,0.0
11384,9.0,6.0,2.0,2.0,0.0,0.0,9.0,13.0,1.0,5.0,2.0,21.0,12.0,11.0,3.0,1.0,1.0,7.0,17.0,6.0,8.0,76.0,23.0,45.0,-14.954999999999998,9.0,6.0,2.0,4.0,0.0,0.0,10.0,14.0,2.0,6.0,1.0,22.0,13.0,12.0,4.0,1.0,2.0,8.0,18.0,7.0,9.0,0.0
11385,9.0,6.0,2.0,4.0,0.0,0.0,10.0,14.0,2.0,6.0,1.0,22.0,13.0,12.0,4.0,1.0,2.0,8.0,18.0,7.0,9.0,77.0,23.0,45.0,-15.821666666666665,7.0,6.0,2.0,6.0,0.0,0.0,11.0,15.0,3.0,7.0,1.0,23.0,14.0,13.0,5.0,1.0,3.0,9.0,19.0,8.0,10.0,0.0
11386,7.0,6.0,2.0,6.0,0.0,0.0,11.0,15.0,3.0,7.0,1.0,23.0,14.0,13.0,5.0,1.0,3.0,9.0,19.0,8.0,10.0,77.0,23.0,45.0,-17.928333333333335,5.0,6.0,2.0,8.0,0.0,0.0,12.0,16.0,4.0,8.0,1.0,24.0,15.0,14.0,6.0,1.0,4.0,10.0,20.0,9.0,11.0,0.0
11387,5.0,6.0,2.0,8.0,0.0,0.0,12.0,16.0,4.0,8.0,1.0,24.0,15.0,14.0,6.0,1.0,4.0,10.0,20.0,9.0,11.0,77.0,29.0,45.0,-317.7266666666667,3.0,6.0,2.0,6.0,0.0,0.0,13.0,17.0,5.0,9.0,2.0,1.0,16.0,15.0,7.0,1.0,5.0,11.0,21.0,10.0,12.0,0.0
11388,3.0,6.0,2.0,6.0,0.0,0.0,13.0,17.0,5.0,9.0,2.0,1.0,16.0,15.0,7.0,1.0,5.0,11.0,21.0,10.0,12.0,77.0,55.0,6.0,-15.155000000000001,1.0,6.0,2.0,6.0,2.0,0.0,14.0,1.0,6.0,10.0,3.0,2.0,17.0,16.0,8.0,2.0,6.0,1.0,22.0,11.0,13.0,0.0
11389,1.0,6.0,2.0,6.0,2.0,0.0,14.0,1.0,6.0,10.0,3.0,2.0,17.0,16.0,8.0,2.0,6.0,1.0,22.0,11.0,13.0,39.0,42.0,6.0,-18.51833333333333,1.0,4.0,0.0,6.0,4.0,0.0,15.0,1.0,7.0,11.0,4.0,3.0,18.0,1.0,1.0,3.0,7.0,2.0,23.0,12.0,14.0,0.0
11390,1.0,4.0,0.0,6.0,4.0,0.0,15.0,1.0,7.0,11.0,4.0,3.0,18.0,1.0,1.0,3.0,7.0,2.0,23.0,12.0,14.0,52.0,51.0,73.0,-318.11833333333334,0.0,4.0,2.0,6.0,4.0,2.0,16.0,2.0,8.0,12.0,5.0,4.0,19.0,2.0,2.0,4.0,1.0,3.0,24.0,13.0,1.0,0.0
11391,0.0,4.0,2.0,6.0,4.0,2.0,16.0,2.0,8.0,12.0,5.0,4.0,19.0,2.0,2.0,4.0,1.0,3.0,24.0,13.0,1.0,17.0,42.0,63.0,-15.344999999999999,0.0,4.0,0.0,6.0,4.0,4.0,17.0,3.0,9.0,1.0,6.0,5.0,20.0,3.0,1.0,5.0,2.0,4.0,1.0,14.0,2.0,0.0
11392,0.0,4.0,0.0,6.0,4.0,4.0,17.0,3.0,9.0,1.0,6.0,5.0,20.0,3.0,1.0,5.0,2.0,4.0,1.0,14.0,2.0,7.0,54.0,29.0,-21.56833333333333,0.0,4.0,0.0,4.0,4.0,2.0,18.0,1.0,10.0,2.0,7.0,1.0,21.0,4.0,2.0,6.0,1.0,5.0,2.0,15.0,3.0,0.0
11393,0.0,4.0,0.0,4.0,4.0,2.0,18.0,1.0,10.0,2.0,7.0,1.0,21.0,4.0,2.0,6.0,1.0,5.0,2.0,15.0,3.0,7.0,54.0,71.0,-27.039999999999996,0.0,4.0,0.0,2.0,6.0,2.0,19.0,1.0,11.0,3.0,8.0,2.0,22.0,5.0,3.0,7.0,1.0,6.0,3.0,16.0,1.0,0.0
11394,0.0,4.0,0.0,2.0,6.0,2.0,19.0,1.0,11.0,3.0,8.0,2.0,22.0,5.0,3.0,7.0,1.0,6.0,3.0,16.0,1.0,7.0,54.0,71.0,-32.8,0.0,4.0,0.0,0.0,8.0,2.0,20.0,1.0,12.0,4.0,9.0,3.0,23.0,6.0,4.0,8.0,1.0,7.0,4.0,17.0,1.0,0.0
11395,0.0,4.0,0.0,0.0,8.0,2.0,20.0,1.0,12.0,4.0,9.0,3.0,23.0,6.0,4.0,8.0,1.0,7.0,4.0,17.0,1.0,7.0,51.0,71.0,-33.754999999999995,0.0,4.0,2.0,0.0,9.0,2.0,21.0,1.0,13.0,5.0,10.0,4.0,24.0,7.0,5.0,9.0,1.0,8.0,5.0,18.0,1.0,0.0
11396,0.0,4.0,2.0,0.0,9.0,2.0,21.0,1.0,13.0,5.0,10.0,4.0,24.0,7.0,5.0,9.0,1.0,8.0,5.0,18.0,1.0,7.0,42.0,71.0,-41.263333333333335,0.0,4.0,0.0,0.0,9.0,2.0,22.0,1.0,14.0,6.0,11.0,5.0,25.0,8.0,1.0,10.0,2.0,9.0,6.0,19.0,1.0,0.0
11397,0.0,4.0,0.0,0.0,9.0,2.0,22.0,1.0,14.0,6.0,11.0,5.0,25.0,8.0,1.0,10.0,2.0,9.0,6.0,19.0,1.0,7.0,54.0,34.0,-22.261666666666667,0.0,4.0,0.0,0.0,9.0,0.0,23.0,1.0,15.0,7.0,12.0,6.0,1.0,9.0,2.0,11.0,1.0,10.0,7.0,20.0,2.0,0.0
11398,0.0,4.0,0.0,0.0,9.0,0.0,23.0,1.0,15.0,7.0,12.0,6.0,1.0,9.0,2.0,11.0,1.0,10.0,7.0,20.0,2.0,0.0,15.0,75.0,-16.301666666666666,0.0,4.0,0.0,0.0,9.0,0.0,1.0,2.0,16.0,1.0,13.0,7.0,2.0,10.0,3.0,12.0,2.0,11.0,8.0,21.0,3.0,0.0
11399,0.0,4.0,0.0,0.0,9.0,0.0,1.0,2.0,16.0,1.0,13.0,7.0,2.0,10.0,3.0,12.0,2.0,11.0,8.0,21.0,3.0,67.0,57.0,7.0,-24.025,0.0,4.0,0.0,0.0,7.0,0.0,2.0,1.0,17.0,2.0,14.0,8.0,3.0,11.0,4.0,13.0,3.0,1.0,9.0,1.0,4.0,1.0
11400,8.0,5.0,7.0,2.0,9.0,2.0,1.0,1.0,1.0,1.0,1.0,1.0,1.0,1.0,1.0,1.0,1.0,1.0,1.0,1.0,1.0,12.0,33.0,45.0,-12.65,6.0,5.0,7.0,4.0,9.0,2.0,2.0,2.0,1.0,2.0,2.0,2.0,1.0,2.0,2.0,1.0,2.0,2.0,2.0,2.0,2.0,0.0
11401,6.0,5.0,7.0,4.0,9.0,2.0,2.0,2.0,1.0,2.0,2.0,2.0,1.0,2.0,2.0,1.0,2.0,2.0,2.0,2.0,2.0,18.0,33.0,45.0,-19.273333333333333,6.0,7.0,7.0,6.0,9.0,2.0,3.0,3.0,2.0,1.0,3.0,3.0,1.0,3.0,3.0,1.0,3.0,3.0,3.0,3.0,3.0,0.0
11402,6.0,7.0,7.0,6.0,9.0,2.0,3.0,3.0,2.0,1.0,3.0,3.0,1.0,3.0,3.0,1.0,3.0,3.0,3.0,3.0,3.0,18.0,33.0,7.0,-17.15,6.0,9.0,7.0,8.0,7.0,2.0,4.0,1.0,3.0,1.0,4.0,4.0,1.0,4.0,4.0,2.0,4.0,4.0,4.0,4.0,4.0,0.0
11403,6.0,9.0,7.0,8.0,7.0,2.0,4.0,1.0,3.0,1.0,4.0,4.0,1.0,4.0,4.0,2.0,4.0,4.0,4.0,4.0,4.0,67.0,44.0,7.0,-8.870000000000001,4.0,9.0,7.0,6.0,5.0,2.0,5.0,1.0,4.0,2.0,5.0,5.0,2.0,5.0,1.0,3.0,5.0,5.0,5.0,1.0,5.0,0.0
11404,4.0,9.0,7.0,6.0,5.0,2.0,5.0,1.0,4.0,2.0,5.0,5.0,2.0,5.0,1.0,3.0,5.0,5.0,5.0,1.0,5.0,18.0,27.0,7.0,-11.351666666666667,4.0,9.0,5.0,6.0,3.0,2.0,6.0,1.0,5.0,1.0,6.0,1.0,3.0,6.0,2.0,4.0,6.0,6.0,6.0,2.0,6.0,0.0
11405,4.0,9.0,5.0,6.0,3.0,2.0,6.0,1.0,5.0,1.0,6.0,1.0,3.0,6.0,2.0,4.0,6.0,6.0,6.0,2.0,6.0,64.0,33.0,7.0,-24.394999999999996,4.0,7.0,5.0,8.0,1.0,2.0,7.0,1.0,6.0,2.0,7.0,2.0,1.0,7.0,3.0,5.0,7.0,7.0,1.0,3.0,7.0,0.0
11406,4.0,7.0,5.0,8.0,1.0,2.0,7.0,1.0,6.0,2.0,7.0,2.0,1.0,7.0,3.0,5.0,7.0,7.0,1.0,3.0,7.0,0.0,44.0,7.0,-18.77166666666667,4.0,7.0,5.0,6.0,0.0,2.0,1.0,1.0,7.0,3.0,8.0,3.0,2.0,8.0,1.0,6.0,8.0,8.0,2.0,4.0,8.0,0.0
11407,4.0,7.0,5.0,6.0,0.0,2.0,1.0,1.0,7.0,3.0,8.0,3.0,2.0,8.0,1.0,6.0,8.0,8.0,2.0,4.0,8.0,52.0,57.0,7.0,-316.6233333333334,2.0,7.0,3.0,6.0,0.0,2.0,2.0,1.0,8.0,4.0,9.0,4.0,3.0,9.0,2.0,7.0,1.0,1.0,3.0,5.0,9.0,0.0
11408,2.0,7.0,3.0,6.0,0.0,2.0,2.0,1.0,8.0,4.0,9.0,4.0,3.0,9.0,2.0,7.0,1.0,1.0,3.0,5.0,9.0,37.0,57.0,7.0,-25.415,0.0,7.0,1.0,6.0,0.0,2.0,3.0,1.0,9.0,5.0,10.0,5.0,4.0,1.0,3.0,8.0,2.0,1.0,4.0,6.0,10.0,0.0
11409,0.0,7.0,1.0,6.0,0.0,2.0,3.0,1.0,9.0,5.0,10.0,5.0,4.0,1.0,3.0,8.0,2.0,1.0,4.0,6.0,10.0,79.0,44.0,7.0,-16.22833333333333,0.0,5.0,1.0,4.0,0.0,2.0,4.0,1.0,10.0,6.0,11.0,6.0,5.0,2.0,1.0,9.0,3.0,2.0,5.0,7.0,11.0,0.0
11410,0.0,5.0,1.0,4.0,0.0,2.0,4.0,1.0,10.0,6.0,11.0,6.0,5.0,2.0,1.0,9.0,3.0,2.0,5.0,7.0,11.0,79.0,44.0,75.0,-11.891666666666667,0.0,3.0,1.0,2.0,0.0,2.0,5.0,2.0,11.0,7.0,12.0,7.0,6.0,3.0,1.0,10.0,4.0,3.0,6.0,8.0,12.0,0.0
11411,0.0,3.0,1.0,2.0,0.0,2.0,5.0,2.0,11.0,7.0,12.0,7.0,6.0,3.0,1.0,10.0,4.0,3.0,6.0,8.0,12.0,37.0,44.0,75.0,-22.7,0.0,3.0,1.0,0.0,0.0,2.0,6.0,3.0,12.0,8.0,13.0,8.0,7.0,1.0,1.0,11.0,5.0,4.0,7.0,9.0,13.0,0.0
11412,0.0,3.0,1.0,0.0,0.0,2.0,6.0,3.0,12.0,8.0,13.0,8.0,7.0,1.0,1.0,11.0,5.0,4.0,7.0,9.0,13.0,79.0,45.0,75.0,-9.171666666666667,0.0,1.0,1.0,0.0,0.0,2.0,7.0,4.0,13.0,9.0,14.0,9.0,8.0,2.0,2.0,1.0,6.0,5.0,8.0,10.0,14.0,0.0
11413,0.0,1.0,1.0,0.0,0.0,2.0,7.0,4.0,13.0,9.0,14.0,9.0,8.0,2.0,2.0,1.0,6.0,5.0,8.0,10.0,14.0,37.0,44.0,54.0,-27.794999999999998,0.0,1.0,1.0,0.0,0.0,0.0,8.0,5.0,14.0,10.0,15.0,10.0,9.0,1.0,1.0,2.0,1.0,6.0,9.0,11.0,15.0,0.0
11414,0.0,1.0,1.0,0.0,0.0,0.0,8.0,5.0,14.0,10.0,15.0,10.0,9.0,1.0,1.0,2.0,1.0,6.0,9.0,11.0,15.0,37.0,12.0,29.0,-40.14833333333333,0.0,1.0,0.0,0.0,0.0,0.0,9.0,6.0,1.0,11.0,16.0,1.0,10.0,1.0,2.0,3.0,2.0,7.0,10.0,12.0,16.0,0.0
11415,0.0,1.0,0.0,0.0,0.0,0.0,9.0,6.0,1.0,11.0,16.0,1.0,10.0,1.0,2.0,3.0,2.0,7.0,10.0,12.0,16.0,67.0,19.0,62.0,-38.638333333333335,0.0,1.0,0.0,0.0,0.0,0.0,10.0,7.0,2.0,1.0,17.0,2.0,11.0,2.0,3.0,4.0,3.0,8.0,1.0,1.0,17.0,0.0
11416,0.0,1.0,0.0,0.0,0.0,0.0,10.0,7.0,2.0,1.0,17.0,2.0,11.0,2.0,3.0,4.0,3.0,8.0,1.0,1.0,17.0,0.0,33.0,71.0,-28.89,0.0,1.0,0.0,2.0,2.0,0.0,1.0,8.0,3.0,2.0,18.0,3.0,1.0,3.0,4.0,5.0,4.0,9.0,2.0,2.0,1.0,0.0
11417,0.0,1.0,0.0,2.0,2.0,0.0,1.0,8.0,3.0,2.0,18.0,3.0,1.0,3.0,4.0,5.0,4.0,9.0,2.0,2.0,1.0,7.0,57.0,55.0,-32.94166666666667,0.0,1.0,0.0,2.0,2.0,0.0,2.0,1.0,4.0,3.0,19.0,4.0,2.0,4.0,5.0,6.0,5.0,1.0,3.0,3.0,2.0,0.0
11418,0.0,1.0,0.0,2.0,2.0,0.0,2.0,1.0,4.0,3.0,19.0,4.0,2.0,4.0,5.0,6.0,5.0,1.0,3.0,3.0,2.0,46.0,18.0,20.0,-13.01,2.0,1.0,0.0,4.0,2.0,0.0,3.0,2.0,5.0,1.0,1.0,5.0,3.0,5.0,6.0,1.0,6.0,2.0,4.0,4.0,3.0,0.0
11419,2.0,1.0,0.0,4.0,2.0,0.0,3.0,2.0,5.0,1.0,1.0,5.0,3.0,5.0,6.0,1.0,6.0,2.0,4.0,4.0,3.0,0.0,13.0,7.0,-18.30333333333333,2.0,1.0,0.0,6.0,0.0,0.0,1.0,1.0,1.0,2.0,2.0,6.0,4.0,6.0,7.0,2.0,7.0,3.0,5.0,5.0,4.0,0.0
11420,2.0,1.0,0.0,6.0,0.0,0.0,1.0,1.0,1.0,2.0,2.0,6.0,4.0,6.0,7.0,2.0,7.0,3.0,5.0,5.0,4.0,67.0,57.0,7.0,-20.718333333333334,0.0,1.0,0.0,6.0,0.0,0.0,2.0,1.0,2.0,3.0,3.0,7.0,5.0,7.0,8.0,3.0,8.0,1.0,6.0,1.0,5.0,0.0
11421,0.0,1.0,0.0,6.0,0.0,0.0,2.0,1.0,2.0,3.0,3.0,7.0,5.0,7.0,8.0,3.0,8.0,1.0,6.0,1.0,5.0,39.0,42.0,7.0,-21.116666666666664,0.0,0.0,0.0,6.0,0.0,0.0,3.0,1.0,3.0,4.0,4.0,8.0,6.0,1.0,1.0,4.0,9.0,2.0,7.0,2.0,6.0,0.0
11422,0.0,0.0,0.0,6.0,0.0,0.0,3.0,1.0,3.0,4.0,4.0,8.0,6.0,1.0,1.0,4.0,9.0,2.0,7.0,2.0,6.0,74.0,54.0,12.0,-30.526666666666667,0.0,0.0,0.0,4.0,0.0,0.0,4.0,2.0,1.0,5.0,5.0,9.0,7.0,2.0,2.0,5.0,1.0,3.0,8.0,3.0,1.0,0.0
11423,0.0,0.0,0.0,4.0,0.0,0.0,4.0,2.0,1.0,5.0,5.0,9.0,7.0,2.0,2.0,5.0,1.0,3.0,8.0,3.0,1.0,76.0,45.0,28.0,-16.33333333333333,2.0,0.0,0.0,4.0,0.0,2.0,5.0,3.0,2.0,6.0,6.0,1.0,8.0,3.0,3.0,1.0,2.0,4.0,9.0,4.0,2.0,0.0
11424,2.0,0.0,0.0,4.0,0.0,2.0,5.0,3.0,2.0,6.0,6.0,1.0,8.0,3.0,3.0,1.0,2.0,4.0,9.0,4.0,2.0,33.0,54.0,9.0,-23.596666666666668,2.0,2.0,0.0,2.0,0.0,0.0,6.0,1.0,3.0,7.0,7.0,2.0,1.0,4.0,4.0,2.0,1.0,5.0,10.0,5.0,3.0,0.0
11425,2.0,2.0,0.0,2.0,0.0,0.0,6.0,1.0,3.0,7.0,7.0,2.0,1.0,4.0,4.0,2.0,1.0,5.0,10.0,5.0,3.0,0.0,57.0,55.0,-25.568333333333335,2.0,2.0,0.0,2.0,0.0,0.0,1.0,2.0,4.0,8.0,8.0,3.0,2.0,5.0,5.0,3.0,2.0,1.0,11.0,6.0,4.0,0.0
11426,2.0,2.0,0.0,2.0,0.0,0.0,1.0,2.0,4.0,8.0,8.0,3.0,2.0,5.0,5.0,3.0,2.0,1.0,11.0,6.0,4.0,39.0,57.0,12.0,-28.691666666666666,2.0,0.0,0.0,2.0,0.0,0.0,2.0,3.0,1.0,9.0,9.0,4.0,3.0,1.0,6.0,4.0,3.0,1.0,12.0,7.0,5.0,0.0
11427,2.0,0.0,0.0,2.0,0.0,0.0,2.0,3.0,1.0,9.0,9.0,4.0,3.0,1.0,6.0,4.0,3.0,1.0,12.0,7.0,5.0,17.0,45.0,62.0,-31.125,0.0,0.0,0.0,2.0,0.0,0.0,3.0,4.0,2.0,1.0,10.0,5.0,4.0,2.0,7.0,1.0,4.0,2.0,1.0,8.0,6.0,0.0
11428,0.0,0.0,0.0,2.0,0.0,0.0,3.0,4.0,2.0,1.0,10.0,5.0,4.0,2.0,7.0,1.0,4.0,2.0,1.0,8.0,6.0,67.0,24.0,24.0,-34.955,0.0,0.0,0.0,0.0,0.0,0.0,4.0,5.0,3.0,2.0,1.0,6.0,5.0,3.0,8.0,2.0,5.0,3.0,2.0,1.0,7.0,0.0
11429,0.0,0.0,0.0,0.0,0.0,0.0,4.0,5.0,3.0,2.0,1.0,6.0,5.0,3.0,8.0,2.0,5.0,3.0,2.0,1.0,7.0,0.0,13.0,51.0,-18.569999999999997,0.0,0.0,0.0,2.0,2.0,0.0,1.0,6.0,1.0,3.0,2.0,7.0,6.0,4.0,9.0,3.0,1.0,4.0,3.0,2.0,8.0,0.0
11430,0.0,0.0,0.0,2.0,2.0,0.0,1.0,6.0,1.0,3.0,2.0,7.0,6.0,4.0,9.0,3.0,1.0,4.0,3.0,2.0,8.0,67.0,57.0,42.0,-30.04,0.0,0.0,0.0,2.0,0.0,0.0,2.0,7.0,2.0,4.0,3.0,8.0,7.0,5.0,1.0,4.0,2.0,1.0,4.0,1.0,9.0,0.0
11431,0.0,0.0,0.0,2.0,0.0,0.0,2.0,7.0,2.0,4.0,3.0,8.0,7.0,5.0,1.0,4.0,2.0,1.0,4.0,1.0,9.0,76.0,54.0,74.0,-20.076666666666664,2.0,0.0,0.0,0.0,0.0,0.0,3.0,8.0,3.0,5.0,4.0,9.0,8.0,6.0,2.0,5.0,1.0,2.0,5.0,2.0,1.0,0.0
11432,2.0,0.0,0.0,0.0,0.0,0.0,3.0,8.0,3.0,5.0,4.0,9.0,8.0,6.0,2.0,5.0,1.0,2.0,5.0,2.0,1.0,7.0,54.0,12.0,-31.281666666666666,0.0,0.0,0.0,0.0,0.0,0.0,4.0,1.0,1.0,6.0,5.0,10.0,9.0,7.0,3.0,6.0,1.0,3.0,6.0,3.0,2.0,0.0
11433,0.0,0.0,0.0,0.0,0.0,0.0,4.0,1.0,1.0,6.0,5.0,10.0,9.0,7.0,3.0,6.0,1.0,3.0,6.0,3.0,2.0,37.0,45.0,28.0,-23.463333333333328,0.0,0.0,0.0,0.0,0.0,2.0,5.0,2.0,2.0,7.0,6.0,1.0,10.0,1.0,4.0,1.0,2.0,4.0,7.0,4.0,3.0,0.0
11434,0.0,0.0,0.0,0.0,0.0,2.0,5.0,2.0,2.0,7.0,6.0,1.0,10.0,1.0,4.0,1.0,2.0,4.0,7.0,4.0,3.0,31.0,54.0,62.0,-33.27166666666667,2.0,0.0,0.0,0.0,0.0,2.0,6.0,3.0,3.0,8.0,7.0,2.0,1.0,2.0,5.0,2.0,1.0,5.0,1.0,5.0,4.0,0.0
11435,2.0,0.0,0.0,0.0,0.0,2.0,6.0,3.0,3.0,8.0,7.0,2.0,1.0,2.0,5.0,2.0,1.0,5.0,1.0,5.0,4.0,0.0,57.0,50.0,-20.451666666666668,2.0,0.0,0.0,0.0,0.0,2.0,1.0,4.0,4.0,9.0,8.0,3.0,2.0,3.0,6.0,3.0,1.0,1.0,2.0,6.0,5.0,0.0
11436,2.0,0.0,0.0,0.0,0.0,2.0,1.0,4.0,4.0,9.0,8.0,3.0,2.0,3.0,6.0,3.0,1.0,1.0,2.0,6.0,5.0,37.0,57.0,17.0,-25.545,0.0,0.0,0.0,0.0,0.0,2.0,2.0,5.0,5.0,1.0,9.0,4.0,3.0,1.0,7.0,4.0,2.0,1.0,3.0,7.0,6.0,0.0
11437,0.0,0.0,0.0,0.0,0.0,2.0,2.0,5.0,5.0,1.0,9.0,4.0,3.0,1.0,7.0,4.0,2.0,1.0,3.0,7.0,6.0,67.0,57.0,20.0,-33.781666666666666,0.0,0.0,0.0,0.0,0.0,2.0,3.0,6.0,6.0,2.0,1.0,5.0,4.0,2.0,8.0,5.0,3.0,1.0,4.0,1.0,7.0,0.0
11438,0.0,0.0,0.0,0.0,0.0,2.0,3.0,6.0,6.0,2.0,1.0,5.0,4.0,2.0,8.0,5.0,3.0,1.0,4.0,1.0,7.0,0.0,74.0,12.0,-25.81,0.0,0.0,0.0,0.0,0.0,2.0,1.0,7.0,1.0,3.0,2.0,6.0,5.0,3.0,9.0,6.0,4.0,2.0,5.0,2.0,1.0,0.0
11439,0.0,0.0,0.0,0.0,0.0,2.0,1.0,7.0,1.0,3.0,2.0,6.0,5.0,3.0,9.0,6.0,4.0,2.0,5.0,2.0,1.0,7.0,45.0,51.0,-15.601666666666665,0.0,0.0,0.0,0.0,2.0,2.0,2.0,1.0,2.0,4.0,3.0,7.0,6.0,4.0,10.0,1.0,1.0,3.0,6.0,3.0,2.0,0.0
11440,0.0,0.0,0.0,0.0,2.0,2.0,2.0,1.0,2.0,4.0,3.0,7.0,6.0,4.0,10.0,1.0,1.0,3.0,6.0,3.0,2.0,37.0,78.0,28.0,-15.713333333333333,0.0,0.0,0.0,2.0,2.0,4.0,3.0,2.0,3.0,5.0,4.0,1.0,7.0,1.0,11.0,2.0,2.0,4.0,7.0,4.0,3.0,0.0
11441,0.0,0.0,0.0,2.0,2.0,4.0,3.0,2.0,3.0,5.0,4.0,1.0,7.0,1.0,11.0,2.0,2.0,4.0,7.0,4.0,3.0,17.0,17.0,43.0,-13.476666666666667,0.0,0.0,0.0,2.0,2.0,6.0,4.0,3.0,4.0,1.0,5.0,2.0,8.0,2.0,1.0,3.0,3.0,5.0,8.0,5.0,4.0,0.0
11442,0.0,0.0,0.0,2.0,2.0,6.0,4.0,3.0,4.0,1.0,5.0,2.0,8.0,2.0,1.0,3.0,3.0,5.0,8.0,5.0,4.0,52.0,54.0,12.0,-20.519999999999996,0.0,0.0,0.0,0.0,0.0,6.0,5.0,4.0,1.0,2.0,6.0,3.0,9.0,3.0,2.0,4.0,1.0,6.0,9.0,6.0,5.0,0.0
11443,0.0,0.0,0.0,0.0,0.0,6.0,5.0,4.0,1.0,2.0,6.0,3.0,9.0,3.0,2.0,4.0,1.0,6.0,9.0,6.0,5.0,37.0,45.0,68.0,-18.01833333333333,0.0,0.0,0.0,0.0,0.0,8.0,6.0,5.0,2.0,3.0,7.0,4.0,10.0,1.0,3.0,1.0,2.0,7.0,10.0,1.0,6.0,0.0
11444,0.0,0.0,0.0,0.0,0.0,8.0,6.0,5.0,2.0,3.0,7.0,4.0,10.0,1.0,3.0,1.0,2.0,7.0,10.0,1.0,6.0,37.0,54.0,9.0,-26.235,0.0,0.0,0.0,0.0,0.0,6.0,7.0,1.0,3.0,4.0,8.0,5.0,11.0,1.0,4.0,2.0,1.0,8.0,11.0,2.0,7.0,0.0
11445,0.0,0.0,0.0,0.0,0.0,6.0,7.0,1.0,3.0,4.0,8.0,5.0,11.0,1.0,4.0,2.0,1.0,8.0,11.0,2.0,7.0,37.0,45.0,68.0,-19.151666666666667,0.0,0.0,0.0,0.0,0.0,8.0,8.0,2.0,4.0,5.0,9.0,6.0,12.0,1.0,5.0,1.0,2.0,9.0,12.0,1.0,8.0,0.0
11446,0.0,0.0,0.0,0.0,0.0,8.0,8.0,2.0,4.0,5.0,9.0,6.0,12.0,1.0,5.0,1.0,2.0,9.0,12.0,1.0,8.0,37.0,45.0,9.0,-24.689999999999998,0.0,0.0,0.0,0.0,0.0,6.0,9.0,1.0,5.0,6.0,10.0,7.0,13.0,1.0,6.0,1.0,3.0,10.0,13.0,2.0,9.0,0.0
11447,0.0,0.0,0.0,0.0,0.0,6.0,9.0,1.0,5.0,6.0,10.0,7.0,13.0,1.0,6.0,1.0,3.0,10.0,13.0,2.0,9.0,37.0,45.0,9.0,-23.63,0.0,0.0,0.0,0.0,0.0,4.0,10.0,1.0,6.0,7.0,11.0,8.0,14.0,1.0,7.0,1.0,4.0,11.0,14.0,3.0,10.0,0.0
11448,0.0,0.0,0.0,0.0,0.0,4.0,10.0,1.0,6.0,7.0,11.0,8.0,14.0,1.0,7.0,1.0,4.0,11.0,14.0,3.0,10.0,37.0,45.0,9.0,-23.81,0.0,0.0,0.0,0.0,0.0,2.0,11.0,1.0,7.0,8.0,12.0,9.0,15.0,1.0,8.0,1.0,5.0,12.0,15.0,4.0,11.0,0.0
11449,0.0,0.0,0.0,0.0,0.0,2.0,11.0,1.0,7.0,8.0,12.0,9.0,15.0,1.0,8.0,1.0,5.0,12.0,15.0,4.0,11.0,37.0,45.0,9.0,-25.23,0.0,0.0,0.0,0.0,0.0,0.0,12.0,1.0,8.0,9.0,13.0,10.0,16.0,1.0,9.0,1.0,6.0,13.0,16.0,5.0,12.0,0.0
11450,0.0,0.0,0.0,0.0,0.0,0.0,12.0,1.0,8.0,9.0,13.0,10.0,16.0,1.0,9.0,1.0,6.0,13.0,16.0,5.0,12.0,18.0,45.0,9.0,-22.396666666666665,0.0,2.0,0.0,0.0,0.0,0.0,13.0,1.0,9.0,1.0,14.0,11.0,17.0,2.0,10.0,1.0,7.0,14.0,17.0,6.0,13.0,0.0
11451,0.0,2.0,0.0,0.0,0.0,0.0,13.0,1.0,9.0,1.0,14.0,11.0,17.0,2.0,10.0,1.0,7.0,14.0,17.0,6.0,13.0,37.0,45.0,24.0,-28.618333333333332,0.0,2.0,0.0,0.0,0.0,0.0,14.0,2.0,10.0,2.0,1.0,12.0,18.0,1.0,11.0,1.0,8.0,15.0,18.0,7.0,14.0,0.0
11452,0.0,2.0,0.0,0.0,0.0,0.0,14.0,2.0,10.0,2.0,1.0,12.0,18.0,1.0,11.0,1.0,8.0,15.0,18.0,7.0,14.0,37.0,34.0,72.0,-37.18333333333334,0.0,2.0,0.0,0.0,0.0,0.0,15.0,3.0,11.0,3.0,2.0,13.0,1.0,1.0,12.0,2.0,9.0,16.0,19.0,8.0,1.0,0.0
11453,0.0,2.0,0.0,0.0,0.0,0.0,15.0,3.0,11.0,3.0,2.0,13.0,1.0,1.0,12.0,2.0,9.0,16.0,19.0,8.0,1.0,0.0,45.0,51.0,-14.129999999999999,0.0,2.0,0.0,0.0,2.0,0.0,1.0,4.0,12.0,4.0,3.0,14.0,2.0,2.0,13.0,1.0,1.0,17.0,20.0,9.0,2.0,0.0
11454,0.0,2.0,0.0,0.0,2.0,0.0,1.0,4.0,12.0,4.0,3.0,14.0,2.0,2.0,13.0,1.0,1.0,17.0,20.0,9.0,2.0,37.0,57.0,69.0,-30.313333333333336,0.0,2.0,0.0,0.0,2.0,0.0,2.0,5.0,13.0,5.0,4.0,15.0,3.0,1.0,14.0,2.0,2.0,1.0,21.0,1.0,3.0,0.0
11455,0.0,2.0,0.0,0.0,2.0,0.0,2.0,5.0,13.0,5.0,4.0,15.0,3.0,1.0,14.0,2.0,2.0,1.0,21.0,1.0,3.0,76.0,12.0,12.0,-32.92666666666667,2.0,2.0,0.0,0.0,0.0,0.0,3.0,6.0,1.0,6.0,5.0,16.0,4.0,2.0,15.0,3.0,3.0,2.0,22.0,2.0,4.0,0.0
11456,2.0,2.0,0.0,0.0,0.0,0.0,3.0,6.0,1.0,6.0,5.0,16.0,4.0,2.0,15.0,3.0,3.0,2.0,22.0,2.0,4.0,76.0,63.0,51.0,-25.439999999999998,4.0,2.0,0.0,2.0,2.0,0.0,4.0,7.0,2.0,7.0,6.0,17.0,5.0,3.0,16.0,4.0,1.0,3.0,1.0,3.0,5.0,0.0
11457,4.0,2.0,0.0,2.0,2.0,0.0,4.0,7.0,2.0,7.0,6.0,17.0,5.0,3.0,16.0,4.0,1.0,3.0,1.0,3.0,5.0,37.0,59.0,42.0,-31.01833333333333,2.0,2.0,0.0,0.0,0.0,0.0,5.0,8.0,3.0,8.0,7.0,18.0,6.0,1.0,1.0,5.0,2.0,1.0,2.0,4.0,6.0,0.0
11458,2.0,2.0,0.0,0.0,0.0,0.0,5.0,8.0,3.0,8.0,7.0,18.0,6.0,1.0,1.0,5.0,2.0,1.0,2.0,4.0,6.0,76.0,77.0,12.0,-19.263333333333335,4.0,2.0,0.0,0.0,0.0,0.0,6.0,9.0,1.0,9.0,8.0,19.0,7.0,2.0,2.0,6.0,3.0,2.0,3.0,5.0,7.0,0.0
11459,4.0,2.0,0.0,0.0,0.0,0.0,6.0,9.0,1.0,9.0,8.0,19.0,7.0,2.0,2.0,6.0,3.0,2.0,3.0,5.0,7.0,76.0,77.0,51.0,-9.988333333333333,6.0,2.0,0.0,0.0,2.0,0.0,7.0,10.0,2.0,10.0,9.0,20.0,8.0,3.0,3.0,7.0,1.0,3.0,4.0,6.0,8.0,0.0
11460,6.0,2.0,0.0,0.0,2.0,0.0,7.0,10.0,2.0,10.0,9.0,20.0,8.0,3.0,3.0,7.0,1.0,3.0,4.0,6.0,8.0,37.0,77.0,74.0,-18.005,4.0,2.0,0.0,0.0,2.0,0.0,8.0,11.0,3.0,11.0,10.0,21.0,9.0,1.0,4.0,8.0,2.0,4.0,5.0,7.0,1.0,0.0
11461,4.0,2.0,0.0,0.0,2.0,0.0,8.0,11.0,3.0,11.0,10.0,21.0,9.0,1.0,4.0,8.0,2.0,4.0,5.0,7.0,1.0,76.0,77.0,12.0,-21.13,6.0,2.0,0.0,0.0,0.0,0.0,9.0,12.0,1.0,12.0,11.0,22.0,10.0,2.0,5.0,9.0,3.0,5.0,6.0,8.0,2.0,0.0
11462,6.0,2.0,0.0,0.0,0.0,0.0,9.0,12.0,1.0,12.0,11.0,22.0,10.0,2.0,5.0,9.0,3.0,5.0,6.0,8.0,2.0,76.0,77.0,51.0,-11.854999999999999,8.0,2.0,0.0,0.0,2.0,0.0,10.0,13.0,2.0,13.0,12.0,23.0,11.0,3.0,6.0,10.0,1.0,6.0,7.0,9.0,3.0,0.0
11463,8.0,2.0,0.0,0.0,2.0,0.0,10.0,13.0,2.0,13.0,12.0,23.0,11.0,3.0,6.0,10.0,1.0,6.0,7.0,9.0,3.0,37.0,46.0,42.0,-20.423333333333332,6.0,2.0,2.0,0.0,0.0,0.0,11.0,14.0,3.0,14.0,13.0,24.0,12.0,1.0,1.0,1.0,2.0,7.0,8.0,10.0,4.0,0.0
11464,6.0,2.0,2.0,0.0,0.0,0.0,11.0,14.0,3.0,14.0,13.0,24.0,12.0,1.0,1.0,1.0,2.0,7.0,8.0,10.0,4.0,76.0,77.0,29.0,-21.683333333333334,8.0,2.0,0.0,0.0,0.0,0.0,12.0,15.0,4.0,15.0,14.0,1.0,13.0,2.0,2.0,2.0,3.0,8.0,9.0,11.0,5.0,0.0
11465,8.0,2.0,0.0,0.0,0.0,0.0,12.0,15.0,4.0,15.0,14.0,1.0,13.0,2.0,2.0,2.0,3.0,8.0,9.0,11.0,5.0,7.0,54.0,67.0,-20.13,6.0,2.0,0.0,0.0,0.0,0.0,13.0,1.0,5.0,16.0,15.0,2.0,14.0,3.0,3.0,3.0,1.0,9.0,10.0,1.0,6.0,0.0
11466,6.0,2.0,0.0,0.0,0.0,0.0,13.0,1.0,5.0,16.0,15.0,2.0,14.0,3.0,3.0,3.0,1.0,9.0,10.0,1.0,6.0,37.0,17.0,67.0,-21.191666666666666,4.0,2.0,0.0,0.0,0.0,0.0,14.0,2.0,6.0,1.0,16.0,3.0,15.0,1.0,4.0,4.0,2.0,10.0,11.0,1.0,7.0,0.0
11467,4.0,2.0,0.0,0.0,0.0,0.0,14.0,2.0,6.0,1.0,16.0,3.0,15.0,1.0,4.0,4.0,2.0,10.0,11.0,1.0,7.0,37.0,17.0,9.0,-24.249999999999996,2.0,2.0,0.0,0.0,0.0,0.0,15.0,1.0,7.0,1.0,17.0,4.0,16.0,1.0,5.0,5.0,3.0,11.0,12.0,2.0,8.0,0.0
11468,2.0,2.0,0.0,0.0,0.0,0.0,15.0,1.0,7.0,1.0,17.0,4.0,16.0,1.0,5.0,5.0,3.0,11.0,12.0,2.0,8.0,37.0,17.0,24.0,-30.338333333333335,0.0,2.0,0.0,0.0,0.0,0.0,16.0,2.0,8.0,1.0,1.0,5.0,17.0,1.0,6.0,6.0,4.0,12.0,13.0,3.0,9.0,0.0
11469,0.0,2.0,0.0,0.0,0.0,0.0,16.0,2.0,8.0,1.0,1.0,5.0,17.0,1.0,6.0,6.0,4.0,12.0,13.0,3.0,9.0,37.0,63.0,72.0,-39.57,0.0,2.0,0.0,2.0,0.0,0.0,17.0,3.0,9.0,2.0,2.0,6.0,18.0,1.0,7.0,7.0,5.0,13.0,1.0,4.0,1.0,0.0
11470,0.0,2.0,0.0,2.0,0.0,0.0,17.0,3.0,9.0,2.0,2.0,6.0,18.0,1.0,7.0,7.0,5.0,13.0,1.0,4.0,1.0,0.0,34.0,59.0,-31.635,0.0,2.0,0.0,0.0,0.0,0.0,1.0,4.0,10.0,3.0,3.0,7.0,1.0,2.0,8.0,8.0,6.0,1.0,2.0,5.0,2.0,0.0
11471,0.0,2.0,0.0,0.0,0.0,0.0,1.0,4.0,10.0,3.0,3.0,7.0,1.0,2.0,8.0,8.0,6.0,1.0,2.0,5.0,2.0,37.0,12.0,12.0,-36.949999999999996,0.0,2.0,0.0,0.0,0.0,0.0,2.0,5.0,1.0,4.0,4.0,8.0,2.0,1.0,9.0,9.0,7.0,2.0,3.0,6.0,3.0,0.0
11472,0.0,2.0,0.0,0.0,0.0,0.0,2.0,5.0,1.0,4.0,4.0,8.0,2.0,1.0,9.0,9.0,7.0,2.0,3.0,6.0,3.0,54.0,45.0,51.0,-14.873333333333331,0.0,0.0,0.0,0.0,2.0,0.0,3.0,6.0,2.0,5.0,5.0,9.0,3.0,2.0,10.0,1.0,1.0,3.0,4.0,7.0,4.0,0.0
11473,0.0,0.0,0.0,0.0,2.0,0.0,3.0,6.0,2.0,5.0,5.0,9.0,3.0,2.0,10.0,1.0,1.0,3.0,4.0,7.0,4.0,76.0,68.0,42.0,-19.855,2.0,0.0,0.0,2.0,0.0,0.0,4.0,7.0,3.0,6.0,6.0,10.0,4.0,3.0,1.0,2.0,2.0,4.0,5.0,1.0,5.0,0.0
11474,2.0,0.0,0.0,2.0,0.0,0.0,4.0,7.0,3.0,6.0,6.0,10.0,4.0,3.0,1.0,2.0,2.0,4.0,5.0,1.0,5.0,76.0,74.0,12.0,-28.691666666666666,4.0,0.0,0.0,0.0,0.0,0.0,5.0,8.0,1.0,7.0,7.0,11.0,5.0,4.0,2.0,3.0,3.0,5.0,6.0,2.0,1.0,0.0
11475,4.0,0.0,0.0,0.0,0.0,0.0,5.0,8.0,1.0,7.0,7.0,11.0,5.0,4.0,2.0,3.0,3.0,5.0,6.0,2.0,1.0,76.0,39.0,39.0,-17.18,6.0,0.0,0.0,0.0,0.0,0.0,6.0,9.0,2.0,8.0,8.0,12.0,6.0,1.0,3.0,4.0,4.0,6.0,7.0,3.0,2.0,0.0
11476,6.0,0.0,0.0,0.0,0.0,0.0,6.0,9.0,2.0,8.0,8.0,12.0,6.0,1.0,3.0,4.0,4.0,6.0,7.0,3.0,2.0,76.0,77.0,9.0,-14.169999999999998,8.0,0.0,0.0,0.0,0.0,0.0,7.0,1.0,3.0,9.0,9.0,13.0,7.0,2.0,4.0,5.0,5.0,7.0,8.0,4.0,3.0,0.0
11477,8.0,0.0,0.0,0.0,0.0,0.0,7.0,1.0,3.0,9.0,9.0,13.0,7.0,2.0,4.0,5.0,5.0,7.0,8.0,4.0,3.0,37.0,63.0,61.0,-38.373333333333335,6.0,0.0,0.0,2.0,2.0,0.0,8.0,2.0,4.0,10.0,10.0,14.0,8.0,1.0,5.0,6.0,6.0,8.0,1.0,5.0,4.0,0.0
11478,6.0,0.0,0.0,2.0,2.0,0.0,8.0,2.0,4.0,10.0,10.0,14.0,8.0,1.0,5.0,6.0,6.0,8.0,1.0,5.0,4.0,37.0,63.0,39.0,-24.825,4.0,0.0,0.0,4.0,2.0,0.0,9.0,3.0,5.0,11.0,11.0,15.0,9.0,1.0,6.0,7.0,7.0,9.0,1.0,6.0,5.0,0.0
11479,4.0,0.0,0.0,4.0,2.0,0.0,9.0,3.0,5.0,11.0,11.0,15.0,9.0,1.0,6.0,7.0,7.0,9.0,1.0,6.0,5.0,37.0,63.0,39.0,-26.311666666666667,2.0,0.0,0.0,6.0,2.0,0.0,10.0,4.0,6.0,12.0,12.0,16.0,10.0,1.0,7.0,8.0,8.0,10.0,1.0,7.0,6.0,0.0
11480,2.0,0.0,0.0,6.0,2.0,0.0,10.0,4.0,6.0,12.0,12.0,16.0,10.0,1.0,7.0,8.0,8.0,10.0,1.0,7.0,6.0,37.0,77.0,39.0,-17.48,0.0,0.0,0.0,6.0,2.0,0.0,11.0,5.0,7.0,13.0,13.0,17.0,11.0,1.0,8.0,9.0,9.0,11.0,2.0,8.0,7.0,0.0
11481,0.0,0.0,0.0,6.0,2.0,0.0,11.0,5.0,7.0,13.0,13.0,17.0,11.0,1.0,8.0,9.0,9.0,11.0,2.0,8.0,7.0,37.0,63.0,39.0,-31.145000000000003,0.0,0.0,0.0,8.0,2.0,0.0,12.0,6.0,8.0,14.0,14.0,18.0,12.0,1.0,9.0,10.0,10.0,12.0,1.0,9.0,8.0,0.0
11482,0.0,0.0,0.0,8.0,2.0,0.0,12.0,6.0,8.0,14.0,14.0,18.0,12.0,1.0,9.0,10.0,10.0,12.0,1.0,9.0,8.0,37.0,77.0,39.0,-19.21333333333333,0.0,0.0,0.0,8.0,2.0,0.0,13.0,7.0,9.0,15.0,15.0,19.0,13.0,1.0,10.0,11.0,11.0,13.0,2.0,10.0,9.0,0.0
11483,0.0,0.0,0.0,8.0,2.0,0.0,13.0,7.0,9.0,15.0,15.0,19.0,13.0,1.0,10.0,11.0,11.0,13.0,2.0,10.0,9.0,37.0,77.0,39.0,-20.14666666666667,0.0,0.0,0.0,8.0,2.0,0.0,14.0,8.0,10.0,16.0,16.0,20.0,14.0,1.0,11.0,12.0,12.0,14.0,3.0,11.0,10.0,0.0
11484,0.0,0.0,0.0,8.0,2.0,0.0,14.0,8.0,10.0,16.0,16.0,20.0,14.0,1.0,11.0,12.0,12.0,14.0,3.0,11.0,10.0,37.0,63.0,39.0,-34.209999999999994,0.0,0.0,0.0,9.0,2.0,0.0,15.0,9.0,11.0,17.0,17.0,21.0,15.0,1.0,12.0,13.0,13.0,15.0,1.0,12.0,11.0,0.0
11485,0.0,0.0,0.0,9.0,2.0,0.0,15.0,9.0,11.0,17.0,17.0,21.0,15.0,1.0,12.0,13.0,13.0,15.0,1.0,12.0,11.0,37.0,77.0,39.0,-21.813333333333333,0.0,0.0,0.0,9.0,2.0,0.0,16.0,10.0,12.0,18.0,18.0,22.0,16.0,1.0,13.0,14.0,14.0,16.0,2.0,13.0,12.0,0.0
11486,0.0,0.0,0.0,9.0,2.0,0.0,16.0,10.0,12.0,18.0,18.0,22.0,16.0,1.0,13.0,14.0,14.0,16.0,2.0,13.0,12.0,37.0,77.0,39.0,-22.746666666666666,0.0,0.0,0.0,9.0,2.0,0.0,17.0,11.0,13.0,19.0,19.0,23.0,17.0,1.0,14.0,15.0,15.0,17.0,3.0,14.0,13.0,0.0
11487,0.0,0.0,0.0,9.0,2.0,0.0,17.0,11.0,13.0,19.0,19.0,23.0,17.0,1.0,14.0,15.0,15.0,17.0,3.0,14.0,13.0,37.0,63.0,39.0,-36.81,0.0,0.0,0.0,9.0,2.0,0.0,18.0,12.0,14.0,20.0,20.0,24.0,18.0,1.0,15.0,16.0,16.0,18.0,1.0,15.0,14.0,0.0
11488,0.0,0.0,0.0,9.0,2.0,0.0,18.0,12.0,14.0,20.0,20.0,24.0,18.0,1.0,15.0,16.0,16.0,18.0,1.0,15.0,14.0,37.0,77.0,39.0,-24.413333333333334,0.0,0.0,0.0,9.0,2.0,0.0,19.0,13.0,15.0,21.0,21.0,25.0,19.0,1.0,16.0,17.0,17.0,19.0,2.0,16.0,15.0,0.0
11489,0.0,0.0,0.0,9.0,2.0,0.0,19.0,13.0,15.0,21.0,21.0,25.0,19.0,1.0,16.0,17.0,17.0,19.0,2.0,16.0,15.0,37.0,63.0,39.0,-38.54333333333334,0.0,0.0,0.0,9.0,2.0,0.0,20.0,14.0,16.0,22.0,22.0,26.0,20.0,1.0,17.0,18.0,18.0,20.0,1.0,17.0,16.0,0.0
11490,0.0,0.0,0.0,9.0,2.0,0.0,20.0,14.0,16.0,22.0,22.0,26.0,20.0,1.0,17.0,18.0,18.0,20.0,1.0,17.0,16.0,37.0,63.0,39.0,-39.41,0.0,0.0,0.0,9.0,2.0,0.0,21.0,15.0,17.0,23.0,23.0,27.0,21.0,1.0,18.0,19.0,19.0,21.0,1.0,18.0,17.0,0.0
11491,0.0,0.0,0.0,9.0,2.0,0.0,21.0,15.0,17.0,23.0,23.0,27.0,21.0,1.0,18.0,19.0,19.0,21.0,1.0,18.0,17.0,37.0,63.0,39.0,-40.276666666666664,0.0,0.0,0.0,9.0,2.0,0.0,22.0,16.0,18.0,24.0,24.0,28.0,22.0,1.0,19.0,20.0,20.0,22.0,1.0,19.0,18.0,0.0
11492,0.0,0.0,0.0,9.0,2.0,0.0,22.0,16.0,18.0,24.0,24.0,28.0,22.0,1.0,19.0,20.0,20.0,22.0,1.0,19.0,18.0,37.0,63.0,39.0,-41.14333333333333,0.0,0.0,0.0,9.0,2.0,0.0,23.0,17.0,19.0,25.0,25.0,29.0,23.0,1.0,20.0,21.0,21.0,23.0,1.0,20.0,19.0,0.0
11493,0.0,0.0,0.0,9.0,2.0,0.0,23.0,17.0,19.0,25.0,25.0,29.0,23.0,1.0,20.0,21.0,21.0,23.0,1.0,20.0,19.0,54.0,63.0,39.0,-39.835,0.0,0.0,0.0,9.0,2.0,0.0,24.0,18.0,20.0,26.0,26.0,30.0,24.0,1.0,21.0,22.0,1.0,24.0,1.0,21.0,20.0,0.0
11494,0.0,0.0,0.0,9.0,2.0,0.0,24.0,18.0,20.0,26.0,26.0,30.0,24.0,1.0,21.0,22.0,1.0,24.0,1.0,21.0,20.0,37.0,63.0,39.0,-41.47666666666666,0.0,0.0,0.0,9.0,2.0,0.0,25.0,19.0,21.0,27.0,27.0,31.0,25.0,1.0,22.0,23.0,2.0,25.0,1.0,22.0,21.0,0.0
11495,0.0,0.0,0.0,9.0,2.0,0.0,25.0,19.0,21.0,27.0,27.0,31.0,25.0,1.0,22.0,23.0,2.0,25.0,1.0,22.0,21.0,37.0,63.0,39.0,-42.343333333333334,0.0,0.0,0.0,9.0,2.0,0.0,26.0,20.0,22.0,28.0,28.0,32.0,26.0,1.0,23.0,24.0,3.0,26.0,1.0,23.0,22.0,0.0
11496,0.0,0.0,0.0,9.0,2.0,0.0,26.0,20.0,22.0,28.0,28.0,32.0,26.0,1.0,23.0,24.0,3.0,26.0,1.0,23.0,22.0,37.0,63.0,39.0,-43.209999999999994,0.0,0.0,0.0,9.0,2.0,0.0,27.0,21.0,23.0,29.0,29.0,33.0,27.0,1.0,24.0,25.0,4.0,27.0,1.0,24.0,23.0,0.0
11497,0.0,0.0,0.0,9.0,2.0,0.0,27.0,21.0,23.0,29.0,29.0,33.0,27.0,1.0,24.0,25.0,4.0,27.0,1.0,24.0,23.0,37.0,63.0,39.0,-44.07666666666667,0.0,0.0,0.0,9.0,2.0,0.0,28.0,22.0,24.0,30.0,30.0,34.0,28.0,1.0,25.0,26.0,5.0,28.0,1.0,25.0,24.0,0.0
11498,0.0,0.0,0.0,9.0,2.0,0.0,28.0,22.0,24.0,30.0,30.0,34.0,28.0,1.0,25.0,26.0,5.0,28.0,1.0,25.0,24.0,37.0,63.0,39.0,-44.94333333333333,0.0,0.0,0.0,9.0,2.0,0.0,29.0,23.0,25.0,31.0,31.0,35.0,29.0,1.0,26.0,27.0,6.0,29.0,1.0,26.0,25.0,0.0
11499,0.0,0.0,0.0,9.0,2.0,0.0,29.0,23.0,25.0,31.0,31.0,35.0,29.0,1.0,26.0,27.0,6.0,29.0,1.0,26.0,25.0,37.0,63.0,39.0,-45.81,0.0,0.0,0.0,9.0,2.0,0.0,30.0,24.0,26.0,32.0,32.0,36.0,30.0,1.0,27.0,28.0,7.0,30.0,1.0,27.0,26.0,1.0
11500,4.0,0.0,2.0,6.0,2.0,8.0,1.0,1.0,1.0,1.0,1.0,1.0,1.0,1.0,1.0,1.0,1.0,1.0,1.0,1.0,1.0,7.0,14.0,39.0,-16.99,2.0,0.0,2.0,4.0,2.0,6.0,2.0,1.0,1.0,2.0,2.0,2.0,2.0,1.0,2.0,2.0,2.0,2.0,2.0,2.0,2.0,0.0
11501,2.0,0.0,2.0,4.0,2.0,6.0,2.0,1.0,1.0,2.0,2.0,2.0,2.0,1.0,2.0,2.0,2.0,2.0,2.0,2.0,2.0,54.0,63.0,39.0,-17.656666666666666,2.0,0.0,2.0,6.0,2.0,4.0,3.0,2.0,2.0,3.0,3.0,3.0,3.0,1.0,3.0,3.0,1.0,3.0,1.0,3.0,3.0,0.0
11502,2.0,0.0,2.0,6.0,2.0,4.0,3.0,2.0,2.0,3.0,3.0,3.0,3.0,1.0,3.0,3.0,1.0,3.0,1.0,3.0,3.0,7.0,14.0,39.0,-18.32333333333333,0.0,0.0,2.0,4.0,2.0,2.0,4.0,1.0,1.0,4.0,4.0,4.0,4.0,1.0,4.0,4.0,2.0,4.0,2.0,4.0,4.0,0.0
11503,0.0,0.0,2.0,4.0,2.0,2.0,4.0,1.0,1.0,4.0,4.0,4.0,4.0,1.0,4.0,4.0,2.0,4.0,2.0,4.0,4.0,37.0,63.0,39.0,-20.518333333333334,0.0,0.0,2.0,6.0,2.0,0.0,5.0,2.0,2.0,5.0,5.0,5.0,5.0,1.0,5.0,5.0,3.0,5.0,1.0,5.0,5.0,0.0
11504,0.0,0.0,2.0,6.0,2.0,0.0,5.0,2.0,2.0,5.0,5.0,5.0,5.0,1.0,5.0,5.0,3.0,5.0,1.0,5.0,5.0,37.0,63.0,39.0,-21.385,0.0,0.0,2.0,8.0,2.0,0.0,6.0,3.0,3.0,6.0,6.0,6.0,6.0,1.0,6.0,6.0,4.0,6.0,1.0,6.0,6.0,0.0
11505,0.0,0.0,2.0,8.0,2.0,0.0,6.0,3.0,3.0,6.0,6.0,6.0,6.0,1.0,6.0,6.0,4.0,6.0,1.0,6.0,6.0,50.0,63.0,39.0,-21.674999999999997,0.0,0.0,2.0,9.0,2.0,0.0,7.0,4.0,4.0,7.0,7.0,7.0,7.0,1.0,7.0,7.0,1.0,7.0,1.0,7.0,7.0,0.0
11506,0.0,0.0,2.0,9.0,2.0,0.0,7.0,4.0,4.0,7.0,7.0,7.0,7.0,1.0,7.0,7.0,1.0,7.0,1.0,7.0,7.0,66.0,63.0,42.0,-29.424999999999997,2.0,0.0,2.0,9.0,0.0,0.0,8.0,5.0,5.0,8.0,8.0,8.0,8.0,2.0,1.0,8.0,2.0,8.0,1.0,1.0,8.0,0.0
11507,2.0,0.0,2.0,9.0,0.0,0.0,8.0,5.0,5.0,8.0,8.0,8.0,8.0,2.0,1.0,8.0,2.0,8.0,1.0,1.0,8.0,48.0,63.0,39.0,-20.236666666666668,2.0,2.0,2.0,9.0,0.0,0.0,9.0,6.0,6.0,9.0,9.0,9.0,9.0,1.0,2.0,1.0,3.0,9.0,1.0,2.0,9.0,0.0
11508,2.0,2.0,2.0,9.0,0.0,0.0,9.0,6.0,6.0,9.0,9.0,9.0,9.0,1.0,2.0,1.0,3.0,9.0,1.0,2.0,9.0,76.0,23.0,29.0,-25.92666666666667,4.0,2.0,2.0,9.0,0.0,0.0,10.0,7.0,7.0,10.0,1.0,1.0,10.0,2.0,3.0,2.0,4.0,10.0,2.0,3.0,10.0,0.0
11509,4.0,2.0,2.0,9.0,0.0,0.0,10.0,7.0,7.0,10.0,1.0,1.0,10.0,2.0,3.0,2.0,4.0,10.0,2.0,3.0,10.0,17.0,63.0,9.0,-24.73,2.0,2.0,2.0,9.0,0.0,0.0,11.0,1.0,8.0,1.0,2.0,2.0,11.0,3.0,4.0,3.0,5.0,11.0,1.0,4.0,11.0,0.0
11510,2.0,2.0,2.0,9.0,0.0,0.0,11.0,1.0,8.0,1.0,2.0,2.0,11.0,3.0,4.0,3.0,5.0,11.0,1.0,4.0,11.0,12.0,63.0,72.0,-33.541666666666664,0.0,2.0,2.0,9.0,0.0,0.0,12.0,2.0,1.0,2.0,3.0,3.0,12.0,4.0,5.0,4.0,6.0,12.0,1.0,5.0,1.0,0.0
11511,0.0,2.0,2.0,9.0,0.0,0.0,12.0,2.0,1.0,2.0,3.0,3.0,12.0,4.0,5.0,4.0,6.0,12.0,1.0,5.0,1.0,66.0,63.0,39.0,-22.404999999999998,2.0,2.0,2.0,9.0,0.0,0.0,13.0,3.0,2.0,3.0,4.0,4.0,13.0,1.0,6.0,5.0,7.0,13.0,1.0,1.0,2.0,0.0
11512,2.0,2.0,2.0,9.0,0.0,0.0,13.0,3.0,2.0,3.0,4.0,4.0,13.0,1.0,6.0,5.0,7.0,13.0,1.0,1.0,2.0,31.0,63.0,39.0,-23.644999999999996,4.0,2.0,2.0,9.0,0.0,0.0,14.0,4.0,3.0,4.0,5.0,5.0,1.0,1.0,7.0,6.0,8.0,14.0,1.0,2.0,3.0,0.0
11513,4.0,2.0,2.0,9.0,0.0,0.0,14.0,4.0,3.0,4.0,5.0,5.0,1.0,1.0,7.0,6.0,8.0,14.0,1.0,2.0,3.0,0.0,59.0,47.0,-7.498333333333333,4.0,2.0,2.0,7.0,0.0,0.0,1.0,5.0,4.0,5.0,6.0,6.0,2.0,2.0,8.0,1.0,9.0,1.0,2.0,3.0,4.0,0.0
11514,4.0,2.0,2.0,7.0,0.0,0.0,1.0,5.0,4.0,5.0,6.0,6.0,2.0,2.0,8.0,1.0,9.0,1.0,2.0,3.0,4.0,76.0,42.0,3.0,-8.673333333333332,6.0,2.0,0.0,7.0,0.0,2.0,1.0,6.0,5.0,6.0,7.0,7.0,3.0,3.0,1.0,2.0,10.0,2.0,3.0,4.0,5.0,0.0
11515,6.0,2.0,0.0,7.0,0.0,2.0,1.0,6.0,5.0,6.0,7.0,7.0,3.0,3.0,1.0,2.0,10.0,2.0,3.0,4.0,5.0,53.0,72.0,54.0,-311.1533333333333,6.0,4.0,0.0,7.0,0.0,0.0,2.0,7.0,6.0,7.0,8.0,8.0,4.0,4.0,2.0,3.0,1.0,3.0,4.0,5.0,1.0,0.0
11516,6.0,4.0,0.0,7.0,0.0,0.0,2.0,7.0,6.0,7.0,8.0,8.0,4.0,4.0,2.0,3.0,1.0,3.0,4.0,5.0,1.0,62.0,14.0,39.0,-22.07,4.0,4.0,0.0,5.0,0.0,0.0,3.0,8.0,1.0,8.0,9.0,9.0,5.0,1.0,3.0,4.0,2.0,4.0,1.0,6.0,2.0,0.0
11517,4.0,4.0,0.0,5.0,0.0,0.0,3.0,8.0,1.0,8.0,9.0,9.0,5.0,1.0,3.0,4.0,2.0,4.0,1.0,6.0,2.0,7.0,59.0,39.0,-20.96333333333333,2.0,4.0,0.0,3.0,0.0,0.0,4.0,1.0,2.0,9.0,10.0,10.0,6.0,1.0,4.0,5.0,3.0,1.0,2.0,7.0,3.0,0.0
11518,2.0,4.0,0.0,3.0,0.0,0.0,4.0,1.0,2.0,9.0,10.0,10.0,6.0,1.0,4.0,5.0,3.0,1.0,2.0,7.0,3.0,37.0,63.0,39.0,-31.683333333333334,0.0,4.0,0.0,5.0,0.0,0.0,5.0,2.0,3.0,10.0,11.0,11.0,7.0,1.0,5.0,6.0,4.0,2.0,1.0,8.0,4.0,0.0
11519,0.0,4.0,0.0,5.0,0.0,0.0,5.0,2.0,3.0,10.0,11.0,11.0,7.0,1.0,5.0,6.0,4.0,2.0,1.0,8.0,4.0,50.0,63.0,39.0,-27.168333333333333,0.0,4.0,0.0,7.0,0.0,0.0,6.0,3.0,4.0,11.0,12.0,12.0,8.0,1.0,6.0,7.0,1.0,3.0,1.0,9.0,5.0,0.0
11520,0.0,4.0,0.0,7.0,0.0,0.0,6.0,3.0,4.0,11.0,12.0,12.0,8.0,1.0,6.0,7.0,1.0,3.0,1.0,9.0,5.0,66.0,30.0,67.0,-33.699999999999996,2.0,4.0,0.0,7.0,0.0,0.0,7.0,4.0,5.0,12.0,13.0,13.0,1.0,2.0,7.0,8.0,2.0,4.0,2.0,1.0,6.0,0.0
11521,2.0,4.0,0.0,7.0,0.0,0.0,7.0,4.0,5.0,12.0,13.0,13.0,1.0,2.0,7.0,8.0,2.0,4.0,2.0,1.0,6.0,46.0,59.0,47.0,-11.89,4.0,4.0,0.0,5.0,0.0,0.0,8.0,5.0,6.0,13.0,14.0,14.0,2.0,3.0,8.0,1.0,3.0,1.0,3.0,2.0,7.0,0.0
11522,4.0,4.0,0.0,5.0,0.0,0.0,8.0,5.0,6.0,13.0,14.0,14.0,2.0,3.0,8.0,1.0,3.0,1.0,3.0,2.0,7.0,46.0,23.0,39.0,-22.85,6.0,4.0,0.0,7.0,0.0,0.0,9.0,6.0,7.0,14.0,1.0,15.0,3.0,1.0,9.0,1.0,4.0,2.0,4.0,3.0,8.0,0.0
11523,6.0,4.0,0.0,7.0,0.0,0.0,9.0,6.0,7.0,14.0,1.0,15.0,3.0,1.0,9.0,1.0,4.0,2.0,4.0,3.0,8.0,76.0,63.0,42.0,-29.493333333333332,8.0,4.0,0.0,9.0,0.0,0.0,10.0,7.0,8.0,15.0,2.0,16.0,4.0,2.0,1.0,2.0,5.0,3.0,1.0,4.0,9.0,0.0
11524,8.0,4.0,0.0,9.0,0.0,0.0,10.0,7.0,8.0,15.0,2.0,16.0,4.0,2.0,1.0,2.0,5.0,3.0,1.0,4.0,9.0,76.0,63.0,47.0,-22.233333333333334,9.0,4.0,0.0,9.0,0.0,0.0,11.0,8.0,9.0,16.0,3.0,17.0,5.0,3.0,2.0,1.0,6.0,4.0,1.0,5.0,10.0,0.0
11525,9.0,4.0,0.0,9.0,0.0,0.0,11.0,8.0,9.0,16.0,3.0,17.0,5.0,3.0,2.0,1.0,6.0,4.0,1.0,5.0,10.0,76.0,63.0,10.0,-33.72666666666667,9.0,4.0,0.0,9.0,0.0,0.0,12.0,9.0,1.0,17.0,4.0,18.0,6.0,4.0,3.0,2.0,7.0,5.0,1.0,6.0,11.0,0.0
11526,9.0,4.0,0.0,9.0,0.0,0.0,12.0,9.0,1.0,17.0,4.0,18.0,6.0,4.0,3.0,2.0,7.0,5.0,1.0,6.0,11.0,76.0,59.0,39.0,-14.286666666666665,9.0,4.0,0.0,7.0,0.0,0.0,13.0,10.0,2.0,18.0,5.0,19.0,7.0,1.0,4.0,3.0,8.0,1.0,2.0,7.0,12.0,0.0
11527,9.0,4.0,0.0,7.0,0.0,0.0,13.0,10.0,2.0,18.0,5.0,19.0,7.0,1.0,4.0,3.0,8.0,1.0,2.0,7.0,12.0,76.0,63.0,39.0,-27.486666666666665,9.0,4.0,0.0,9.0,0.0,0.0,14.0,11.0,3.0,19.0,6.0,20.0,8.0,1.0,5.0,4.0,9.0,2.0,1.0,8.0,13.0,0.0
11528,9.0,4.0,0.0,9.0,0.0,0.0,14.0,11.0,3.0,19.0,6.0,20.0,8.0,1.0,5.0,4.0,9.0,2.0,1.0,8.0,13.0,43.0,63.0,47.0,-28.285000000000004,9.0,6.0,0.0,9.0,0.0,0.0,15.0,12.0,4.0,20.0,7.0,21.0,9.0,2.0,1.0,1.0,10.0,3.0,1.0,9.0,14.0,0.0
11529,9.0,6.0,0.0,9.0,0.0,0.0,15.0,12.0,4.0,20.0,7.0,21.0,9.0,2.0,1.0,1.0,10.0,3.0,1.0,9.0,14.0,76.0,23.0,79.0,-19.36333333333333,9.0,6.0,0.0,9.0,0.0,0.0,16.0,13.0,5.0,21.0,1.0,22.0,10.0,3.0,2.0,2.0,11.0,4.0,2.0,10.0,15.0,0.0
11530,9.0,6.0,0.0,9.0,0.0,0.0,16.0,13.0,5.0,21.0,1.0,22.0,10.0,3.0,2.0,2.0,11.0,4.0,2.0,10.0,15.0,76.0,59.0,79.0,-10.796666666666667,9.0,6.0,0.0,7.0,0.0,0.0,17.0,14.0,6.0,22.0,2.0,23.0,11.0,4.0,3.0,3.0,12.0,1.0,3.0,11.0,16.0,0.0
11531,9.0,6.0,0.0,7.0,0.0,0.0,17.0,14.0,6.0,22.0,2.0,23.0,11.0,4.0,3.0,3.0,12.0,1.0,3.0,11.0,16.0,76.0,47.0,79.0,-13.921666666666665,9.0,6.0,0.0,7.0,0.0,0.0,18.0,15.0,7.0,23.0,3.0,24.0,12.0,5.0,4.0,1.0,13.0,2.0,4.0,12.0,17.0,0.0
11532,9.0,6.0,0.0,7.0,0.0,0.0,18.0,15.0,7.0,23.0,3.0,24.0,12.0,5.0,4.0,1.0,13.0,2.0,4.0,12.0,17.0,76.0,23.0,79.0,-21.696666666666665,9.0,6.0,0.0,9.0,0.0,0.0,19.0,16.0,8.0,24.0,1.0,25.0,13.0,6.0,5.0,2.0,14.0,3.0,5.0,13.0,18.0,0.0
11533,9.0,6.0,0.0,9.0,0.0,0.0,19.0,16.0,8.0,24.0,1.0,25.0,13.0,6.0,5.0,2.0,14.0,3.0,5.0,13.0,18.0,76.0,54.0,10.0,-28.36,9.0,6.0,0.0,7.0,0.0,0.0,20.0,17.0,1.0,25.0,2.0,26.0,14.0,7.0,6.0,3.0,1.0,4.0,6.0,14.0,19.0,0.0
11534,9.0,6.0,0.0,7.0,0.0,0.0,20.0,17.0,1.0,25.0,2.0,26.0,14.0,7.0,6.0,3.0,1.0,4.0,6.0,14.0,19.0,76.0,63.0,42.0,-34.76,9.0,6.0,0.0,9.0,0.0,0.0,21.0,18.0,2.0,26.0,3.0,27.0,15.0,8.0,1.0,4.0,2.0,5.0,1.0,15.0,20.0,0.0
11535,9.0,6.0,0.0,9.0,0.0,0.0,21.0,18.0,2.0,26.0,3.0,27.0,15.0,8.0,1.0,4.0,2.0,5.0,1.0,15.0,20.0,76.0,47.0,79.0,-18.288333333333334,9.0,6.0,0.0,9.0,0.0,0.0,22.0,19.0,3.0,27.0,4.0,28.0,16.0,9.0,2.0,1.0,3.0,6.0,2.0,16.0,21.0,0.0
11536,9.0,6.0,0.0,9.0,0.0,0.0,22.0,19.0,3.0,27.0,4.0,28.0,16.0,9.0,2.0,1.0,3.0,6.0,2.0,16.0,21.0,76.0,23.0,79.0,-22.896666666666665,9.0,6.0,0.0,9.0,0.0,0.0,23.0,20.0,4.0,28.0,1.0,29.0,17.0,10.0,3.0,2.0,4.0,7.0,3.0,17.0,22.0,0.0
11537,9.0,6.0,0.0,9.0,0.0,0.0,23.0,20.0,4.0,28.0,1.0,29.0,17.0,10.0,3.0,2.0,4.0,7.0,3.0,17.0,22.0,76.0,47.0,79.0,-19.888333333333335,9.0,6.0,0.0,9.0,0.0,0.0,24.0,21.0,5.0,29.0,2.0,30.0,18.0,11.0,4.0,1.0,5.0,8.0,4.0,18.0,23.0,0.0
11538,9.0,6.0,0.0,9.0,0.0,0.0,24.0,21.0,5.0,29.0,2.0,30.0,18.0,11.0,4.0,1.0,5.0,8.0,4.0,18.0,23.0,76.0,23.0,79.0,-24.63,9.0,6.0,0.0,9.0,0.0,0.0,25.0,22.0,6.0,30.0,1.0,31.0,19.0,12.0,5.0,2.0,6.0,9.0,5.0,19.0,24.0,0.0
11539,9.0,6.0,0.0,9.0,0.0,0.0,25.0,22.0,6.0,30.0,1.0,31.0,19.0,12.0,5.0,2.0,6.0,9.0,5.0,19.0,24.0,76.0,79.0,79.0,-15.4,9.0,6.0,0.0,7.0,0.0,0.0,26.0,23.0,7.0,31.0,2.0,32.0,20.0,13.0,6.0,3.0,7.0,10.0,6.0,20.0,25.0,0.0
11540,9.0,6.0,0.0,7.0,0.0,0.0,26.0,23.0,7.0,31.0,2.0,32.0,20.0,13.0,6.0,3.0,7.0,10.0,6.0,20.0,25.0,76.0,47.0,79.0,-19.455,9.0,6.0,0.0,7.0,0.0,0.0,27.0,24.0,8.0,32.0,3.0,33.0,21.0,14.0,7.0,1.0,8.0,11.0,7.0,21.0,26.0,0.0
11541,9.0,6.0,0.0,7.0,0.0,0.0,27.0,24.0,8.0,32.0,3.0,33.0,21.0,14.0,7.0,1.0,8.0,11.0,7.0,21.0,26.0,76.0,23.0,79.0,-27.229999999999997,9.0,6.0,0.0,9.0,0.0,0.0,28.0,25.0,9.0,33.0,1.0,34.0,22.0,15.0,8.0,2.0,9.0,12.0,8.0,22.0,27.0,0.0
11542,9.0,6.0,0.0,9.0,0.0,0.0,28.0,25.0,9.0,33.0,1.0,34.0,22.0,15.0,8.0,2.0,9.0,12.0,8.0,22.0,27.0,76.0,59.0,79.0,-18.13,9.0,6.0,0.0,7.0,0.0,0.0,29.0,26.0,10.0,34.0,2.0,35.0,23.0,16.0,9.0,3.0,10.0,1.0,9.0,23.0,28.0,0.0
11543,9.0,6.0,0.0,7.0,0.0,0.0,29.0,26.0,10.0,34.0,2.0,35.0,23.0,16.0,9.0,3.0,10.0,1.0,9.0,23.0,28.0,76.0,47.0,79.0,-21.255,9.0,6.0,0.0,7.0,0.0,0.0,30.0,27.0,11.0,35.0,3.0,36.0,24.0,17.0,10.0,1.0,11.0,2.0,10.0,24.0,29.0,0.0
11544,9.0,6.0,0.0,7.0,0.0,0.0,30.0,27.0,11.0,35.0,3.0,36.0,24.0,17.0,10.0,1.0,11.0,2.0,10.0,24.0,29.0,76.0,47.0,79.0,-22.188333333333333,9.0,6.0,0.0,7.0,0.0,0.0,31.0,28.0,12.0,36.0,4.0,37.0,25.0,18.0,11.0,1.0,12.0,3.0,11.0,25.0,30.0,0.0
11545,9.0,6.0,0.0,7.0,0.0,0.0,31.0,28.0,12.0,36.0,4.0,37.0,25.0,18.0,11.0,1.0,12.0,3.0,11.0,25.0,30.0,76.0,23.0,79.0,-29.89666666666667,9.0,6.0,0.0,9.0,0.0,0.0,32.0,29.0,13.0,37.0,1.0,38.0,26.0,19.0,12.0,2.0,13.0,4.0,12.0,26.0,31.0,0.0
11546,9.0,6.0,0.0,9.0,0.0,0.0,32.0,29.0,13.0,37.0,1.0,38.0,26.0,19.0,12.0,2.0,13.0,4.0,12.0,26.0,31.0,76.0,47.0,6.0,-29.605000000000004,9.0,6.0,0.0,9.0,2.0,0.0,33.0,1.0,14.0,38.0,2.0,39.0,27.0,20.0,13.0,1.0,14.0,5.0,13.0,27.0,32.0,0.0
11547,9.0,6.0,0.0,9.0,2.0,0.0,33.0,1.0,14.0,38.0,2.0,39.0,27.0,20.0,13.0,1.0,14.0,5.0,13.0,27.0,32.0,35.0,42.0,10.0,-35.376666666666665,9.0,6.0,0.0,9.0,2.0,0.0,34.0,2.0,1.0,39.0,3.0,40.0,28.0,1.0,1.0,2.0,15.0,6.0,14.0,28.0,33.0,0.0
11548,9.0,6.0,0.0,9.0,2.0,0.0,34.0,2.0,1.0,39.0,3.0,40.0,28.0,1.0,1.0,2.0,15.0,6.0,14.0,28.0,33.0,73.0,65.0,79.0,-27.659999999999997,9.0,8.0,0.0,9.0,2.0,0.0,35.0,3.0,2.0,40.0,4.0,41.0,29.0,2.0,2.0,3.0,16.0,7.0,15.0,1.0,1.0,0.0
11549,9.0,8.0,0.0,9.0,2.0,0.0,35.0,3.0,2.0,40.0,4.0,41.0,29.0,2.0,2.0,3.0,16.0,7.0,15.0,1.0,1.0,17.0,52.0,79.0,-23.531666666666666,7.0,8.0,0.0,9.0,2.0,0.0,36.0,4.0,3.0,1.0,5.0,42.0,30.0,3.0,3.0,4.0,1.0,8.0,16.0,2.0,2.0,0.0
11550,7.0,8.0,0.0,9.0,2.0,0.0,36.0,4.0,3.0,1.0,5.0,42.0,30.0,3.0,3.0,4.0,1.0,8.0,16.0,2.0,2.0,2.0,52.0,32.0,-34.945,5.0,8.0,0.0,9.0,0.0,0.0,1.0,5.0,4.0,2.0,6.0,43.0,1.0,4.0,4.0,5.0,1.0,9.0,17.0,3.0,3.0,0.0
11551,5.0,8.0,0.0,9.0,0.0,0.0,1.0,5.0,4.0,2.0,6.0,43.0,1.0,4.0,4.0,5.0,1.0,9.0,17.0,3.0,3.0,26.0,27.0,10.0,-32.656666666666666,7.0,8.0,0.0,9.0,0.0,0.0,2.0,6.0,1.0,3.0,7.0,1.0,2.0,5.0,5.0,6.0,2.0,10.0,18.0,4.0,4.0,0.0
11552,7.0,8.0,0.0,9.0,0.0,0.0,2.0,6.0,1.0,3.0,7.0,1.0,2.0,5.0,5.0,6.0,2.0,10.0,18.0,4.0,4.0,77.0,59.0,49.0,-8.1,5.0,8.0,0.0,7.0,0.0,0.0,3.0,7.0,2.0,4.0,8.0,2.0,3.0,6.0,6.0,1.0,3.0,1.0,19.0,5.0,5.0,0.0
11553,5.0,8.0,0.0,7.0,0.0,0.0,3.0,7.0,2.0,4.0,8.0,2.0,3.0,6.0,6.0,1.0,3.0,1.0,19.0,5.0,5.0,77.0,26.0,6.0,-16.405,3.0,8.0,2.0,7.0,2.0,0.0,4.0,1.0,3.0,5.0,9.0,1.0,4.0,7.0,7.0,2.0,4.0,2.0,20.0,6.0,6.0,0.0
11554,3.0,8.0,2.0,7.0,2.0,0.0,4.0,1.0,3.0,5.0,9.0,1.0,4.0,7.0,7.0,2.0,4.0,2.0,20.0,6.0,6.0,77.0,42.0,6.0,-10.671666666666667,1.0,8.0,0.0,7.0,4.0,0.0,5.0,1.0,4.0,6.0,10.0,2.0,5.0,8.0,1.0,3.0,5.0,3.0,21.0,7.0,7.0,0.0
11555,1.0,8.0,0.0,7.0,4.0,0.0,5.0,1.0,4.0,6.0,10.0,2.0,5.0,8.0,1.0,3.0,5.0,3.0,21.0,7.0,7.0,77.0,65.0,15.0,-17.78,0.0,8.0,0.0,7.0,4.0,0.0,6.0,2.0,5.0,1.0,11.0,3.0,6.0,9.0,2.0,4.0,6.0,4.0,22.0,1.0,8.0,0.0
11556,0.0,8.0,0.0,7.0,4.0,0.0,6.0,2.0,5.0,1.0,11.0,3.0,6.0,9.0,2.0,4.0,6.0,4.0,22.0,1.0,8.0,77.0,26.0,6.0,-13.951666666666668,0.0,8.0,2.0,7.0,6.0,0.0,7.0,1.0,6.0,2.0,12.0,1.0,7.0,10.0,3.0,5.0,7.0,5.0,23.0,2.0,9.0,0.0
11557,0.0,8.0,2.0,7.0,6.0,0.0,7.0,1.0,6.0,2.0,12.0,1.0,7.0,10.0,3.0,5.0,7.0,5.0,23.0,2.0,9.0,11.0,26.0,6.0,-14.108333333333334,2.0,8.0,4.0,7.0,8.0,0.0,8.0,1.0,1.0,3.0,13.0,1.0,8.0,11.0,4.0,6.0,8.0,6.0,24.0,3.0,10.0,0.0
11558,2.0,8.0,4.0,7.0,8.0,0.0,8.0,1.0,1.0,3.0,13.0,1.0,8.0,11.0,4.0,6.0,8.0,6.0,24.0,3.0,10.0,11.0,65.0,6.0,-11.055,4.0,8.0,4.0,7.0,9.0,0.0,9.0,1.0,1.0,4.0,14.0,2.0,9.0,12.0,5.0,7.0,9.0,7.0,25.0,1.0,11.0,0.0
11559,4.0,8.0,4.0,7.0,9.0,0.0,9.0,1.0,1.0,4.0,14.0,2.0,9.0,12.0,5.0,7.0,9.0,7.0,25.0,1.0,11.0,11.0,65.0,6.0,-11.235,6.0,8.0,4.0,7.0,9.0,0.0,10.0,1.0,1.0,5.0,15.0,3.0,10.0,13.0,6.0,8.0,10.0,8.0,26.0,1.0,12.0,0.0
11560,6.0,8.0,4.0,7.0,9.0,0.0,10.0,1.0,1.0,5.0,15.0,3.0,10.0,13.0,6.0,8.0,10.0,8.0,26.0,1.0,12.0,11.0,65.0,6.0,-12.655000000000001,8.0,8.0,4.0,7.0,9.0,0.0,11.0,1.0,1.0,6.0,16.0,4.0,11.0,14.0,7.0,9.0,11.0,9.0,27.0,1.0,13.0,0.0
11561,8.0,8.0,4.0,7.0,9.0,0.0,11.0,1.0,1.0,6.0,16.0,4.0,11.0,14.0,7.0,9.0,11.0,9.0,27.0,1.0,13.0,11.0,65.0,6.0,-14.229999999999999,9.0,8.0,4.0,7.0,9.0,0.0,12.0,1.0,1.0,7.0,17.0,5.0,12.0,15.0,8.0,10.0,12.0,10.0,28.0,1.0,14.0,0.0
11562,9.0,8.0,4.0,7.0,9.0,0.0,12.0,1.0,1.0,7.0,17.0,5.0,12.0,15.0,8.0,10.0,12.0,10.0,28.0,1.0,14.0,35.0,65.0,6.0,-21.536666666666665,9.0,8.0,4.0,7.0,9.0,0.0,13.0,1.0,2.0,8.0,18.0,6.0,13.0,1.0,9.0,11.0,13.0,11.0,29.0,1.0,15.0,0.0
11563,9.0,8.0,4.0,7.0,9.0,0.0,13.0,1.0,2.0,8.0,18.0,6.0,13.0,1.0,9.0,11.0,13.0,11.0,29.0,1.0,15.0,11.0,65.0,6.0,-14.83,9.0,8.0,4.0,7.0,9.0,0.0,14.0,1.0,1.0,9.0,19.0,7.0,14.0,2.0,10.0,12.0,14.0,12.0,30.0,1.0,16.0,0.0
11564,9.0,8.0,4.0,7.0,9.0,0.0,14.0,1.0,1.0,9.0,19.0,7.0,14.0,2.0,10.0,12.0,14.0,12.0,30.0,1.0,16.0,11.0,65.0,62.0,-20.671666666666667,9.0,8.0,4.0,7.0,7.0,0.0,15.0,2.0,1.0,10.0,20.0,8.0,15.0,3.0,11.0,13.0,15.0,13.0,1.0,1.0,17.0,0.0
11565,9.0,8.0,4.0,7.0,7.0,0.0,15.0,2.0,1.0,10.0,20.0,8.0,15.0,3.0,11.0,13.0,15.0,13.0,1.0,1.0,17.0,12.0,22.0,35.0,-14.646666666666665,7.0,8.0,2.0,7.0,7.0,0.0,16.0,3.0,1.0,11.0,1.0,9.0,16.0,1.0,12.0,14.0,16.0,14.0,2.0,2.0,18.0,0.0
11566,7.0,8.0,2.0,7.0,7.0,0.0,16.0,3.0,1.0,11.0,1.0,9.0,16.0,1.0,12.0,14.0,16.0,14.0,2.0,2.0,18.0,12.0,22.0,6.0,-19.96333333333333,5.0,8.0,0.0,7.0,9.0,0.0,17.0,1.0,1.0,12.0,1.0,10.0,17.0,2.0,13.0,15.0,17.0,15.0,3.0,3.0,19.0,0.0
11567,5.0,8.0,0.0,7.0,9.0,0.0,17.0,1.0,1.0,12.0,1.0,10.0,17.0,2.0,13.0,15.0,17.0,15.0,3.0,3.0,19.0,12.0,22.0,6.0,-22.00333333333333,3.0,8.0,0.0,7.0,9.0,0.0,18.0,1.0,1.0,13.0,1.0,11.0,18.0,3.0,14.0,16.0,18.0,16.0,4.0,4.0,20.0,0.0
11568,3.0,8.0,0.0,7.0,9.0,0.0,18.0,1.0,1.0,13.0,1.0,11.0,18.0,3.0,14.0,16.0,18.0,16.0,4.0,4.0,20.0,12.0,22.0,6.0,-25.28333333333333,1.0,8.0,0.0,7.0,9.0,0.0,19.0,1.0,1.0,14.0,1.0,12.0,19.0,4.0,15.0,17.0,19.0,17.0,5.0,5.0,21.0,0.0
11569,1.0,8.0,0.0,7.0,9.0,0.0,19.0,1.0,1.0,14.0,1.0,12.0,19.0,4.0,15.0,17.0,19.0,17.0,5.0,5.0,21.0,12.0,22.0,6.0,-27.78833333333333,0.0,8.0,0.0,7.0,9.0,0.0,20.0,1.0,1.0,15.0,1.0,13.0,20.0,5.0,16.0,18.0,20.0,18.0,6.0,6.0,22.0,0.0
11570,0.0,8.0,0.0,7.0,9.0,0.0,20.0,1.0,1.0,15.0,1.0,13.0,20.0,5.0,16.0,18.0,20.0,18.0,6.0,6.0,22.0,12.0,22.0,6.0,-28.58833333333333,0.0,8.0,0.0,7.0,9.0,0.0,21.0,1.0,1.0,16.0,1.0,14.0,21.0,6.0,17.0,19.0,21.0,19.0,7.0,7.0,23.0,0.0
11571,0.0,8.0,0.0,7.0,9.0,0.0,21.0,1.0,1.0,16.0,1.0,14.0,21.0,6.0,17.0,19.0,21.0,19.0,7.0,7.0,23.0,12.0,22.0,35.0,-29.365,0.0,8.0,0.0,7.0,9.0,0.0,22.0,2.0,1.0,17.0,1.0,15.0,22.0,1.0,18.0,20.0,22.0,20.0,8.0,8.0,24.0,0.0
11572,0.0,8.0,0.0,7.0,9.0,0.0,22.0,2.0,1.0,17.0,1.0,15.0,22.0,1.0,18.0,20.0,22.0,20.0,8.0,8.0,24.0,12.0,22.0,6.0,-29.78833333333333,0.0,8.0,0.0,7.0,9.0,0.0,23.0,1.0,1.0,18.0,1.0,16.0,23.0,2.0,19.0,21.0,23.0,21.0,9.0,9.0,25.0,0.0
11573,0.0,8.0,0.0,7.0,9.0,0.0,23.0,1.0,1.0,18.0,1.0,16.0,23.0,2.0,19.0,21.0,23.0,21.0,9.0,9.0,25.0,12.0,22.0,35.0,-30.831666666666663,0.0,8.0,0.0,7.0,9.0,0.0,24.0,2.0,1.0,19.0,1.0,17.0,24.0,1.0,20.0,22.0,24.0,22.0,10.0,10.0,26.0,0.0
11574,0.0,8.0,0.0,7.0,9.0,0.0,24.0,2.0,1.0,19.0,1.0,17.0,24.0,1.0,20.0,22.0,24.0,22.0,10.0,10.0,26.0,12.0,22.0,6.0,-31.254999999999995,0.0,8.0,0.0,7.0,9.0,0.0,25.0,1.0,1.0,20.0,1.0,18.0,25.0,2.0,21.0,23.0,25.0,23.0,11.0,11.0,27.0,0.0
11575,0.0,8.0,0.0,7.0,9.0,0.0,25.0,1.0,1.0,20.0,1.0,18.0,25.0,2.0,21.0,23.0,25.0,23.0,11.0,11.0,27.0,12.0,22.0,35.0,-32.29833333333333,0.0,8.0,0.0,7.0,9.0,0.0,26.0,2.0,1.0,21.0,1.0,19.0,26.0,1.0,22.0,24.0,26.0,24.0,12.0,12.0,28.0,0.0
11576,0.0,8.0,0.0,7.0,9.0,0.0,26.0,2.0,1.0,21.0,1.0,19.0,26.0,1.0,22.0,24.0,26.0,24.0,12.0,12.0,28.0,12.0,22.0,72.0,-43.54333333333334,0.0,8.0,0.0,7.0,7.0,0.0,27.0,3.0,1.0,22.0,1.0,20.0,27.0,2.0,23.0,25.0,27.0,25.0,13.0,13.0,1.0,0.0
11577,0.0,8.0,0.0,7.0,7.0,0.0,27.0,3.0,1.0,22.0,1.0,20.0,27.0,2.0,23.0,25.0,27.0,25.0,13.0,13.0,1.0,17.0,52.0,35.0,-18.358333333333334,0.0,8.0,0.0,7.0,7.0,0.0,28.0,4.0,2.0,1.0,2.0,21.0,28.0,1.0,24.0,26.0,1.0,26.0,14.0,14.0,2.0,0.0
11578,0.0,8.0,0.0,7.0,7.0,0.0,28.0,4.0,2.0,1.0,2.0,21.0,28.0,1.0,24.0,26.0,1.0,26.0,14.0,14.0,2.0,12.0,45.0,59.0,-37.76833333333333,0.0,8.0,0.0,7.0,7.0,0.0,29.0,5.0,1.0,2.0,3.0,22.0,29.0,2.0,25.0,1.0,2.0,1.0,15.0,15.0,3.0,0.0
11579,0.0,8.0,0.0,7.0,7.0,0.0,29.0,5.0,1.0,2.0,3.0,22.0,29.0,2.0,25.0,1.0,2.0,1.0,15.0,15.0,3.0,12.0,42.0,43.0,-23.549999999999997,0.0,8.0,0.0,7.0,7.0,2.0,30.0,6.0,1.0,3.0,4.0,23.0,30.0,3.0,1.0,2.0,3.0,2.0,16.0,16.0,4.0,0.0
11580,0.0,8.0,0.0,7.0,7.0,2.0,30.0,6.0,1.0,3.0,4.0,23.0,30.0,3.0,1.0,2.0,3.0,2.0,16.0,16.0,4.0,66.0,52.0,68.0,-17.238333333333333,2.0,8.0,0.0,7.0,7.0,4.0,31.0,7.0,2.0,4.0,5.0,24.0,31.0,4.0,2.0,3.0,1.0,3.0,17.0,1.0,5.0,0.0
11581,2.0,8.0,0.0,7.0,7.0,4.0,31.0,7.0,2.0,4.0,5.0,24.0,31.0,4.0,2.0,3.0,1.0,3.0,17.0,1.0,5.0,49.0,52.0,68.0,-16.509999999999998,2.0,6.0,0.0,7.0,7.0,6.0,32.0,8.0,3.0,5.0,6.0,25.0,32.0,5.0,3.0,1.0,1.0,4.0,18.0,1.0,6.0,0.0
11582,2.0,6.0,0.0,7.0,7.0,6.0,32.0,8.0,3.0,5.0,6.0,25.0,32.0,5.0,3.0,1.0,1.0,4.0,18.0,1.0,6.0,49.0,52.0,68.0,-17.31,2.0,4.0,0.0,7.0,7.0,8.0,33.0,9.0,4.0,6.0,7.0,26.0,33.0,6.0,4.0,1.0,1.0,5.0,19.0,1.0,7.0,0.0
11583,2.0,4.0,0.0,7.0,7.0,8.0,33.0,9.0,4.0,6.0,7.0,26.0,33.0,6.0,4.0,1.0,1.0,5.0,19.0,1.0,7.0,49.0,52.0,68.0,-19.195,2.0,2.0,0.0,7.0,7.0,9.0,34.0,10.0,5.0,7.0,8.0,27.0,34.0,7.0,5.0,1.0,1.0,6.0,20.0,1.0,8.0,0.0
11584,2.0,2.0,0.0,7.0,7.0,9.0,34.0,10.0,5.0,7.0,8.0,27.0,34.0,7.0,5.0,1.0,1.0,6.0,20.0,1.0,8.0,49.0,52.0,68.0,-21.235,2.0,0.0,0.0,7.0,7.0,9.0,35.0,11.0,6.0,8.0,9.0,28.0,35.0,8.0,6.0,1.0,1.0,7.0,21.0,1.0,9.0,0.0
11585,2.0,0.0,0.0,7.0,7.0,9.0,35.0,11.0,6.0,8.0,9.0,28.0,35.0,8.0,6.0,1.0,1.0,7.0,21.0,1.0,9.0,49.0,52.0,68.0,-22.034999999999997,2.0,0.0,0.0,7.0,7.0,9.0,36.0,12.0,7.0,9.0,10.0,29.0,36.0,9.0,7.0,1.0,1.0,8.0,22.0,1.0,10.0,0.0
11586,2.0,0.0,0.0,7.0,7.0,9.0,36.0,12.0,7.0,9.0,10.0,29.0,36.0,9.0,7.0,1.0,1.0,8.0,22.0,1.0,10.0,49.0,52.0,68.0,-22.835,2.0,0.0,0.0,7.0,7.0,9.0,37.0,13.0,8.0,10.0,11.0,30.0,37.0,10.0,8.0,1.0,1.0,9.0,23.0,1.0,11.0,0.0
11587,2.0,0.0,0.0,7.0,7.0,9.0,37.0,13.0,8.0,10.0,11.0,30.0,37.0,10.0,8.0,1.0,1.0,9.0,23.0,1.0,11.0,49.0,52.0,68.0,-23.634999999999998,2.0,0.0,0.0,7.0,7.0,9.0,38.0,14.0,9.0,11.0,12.0,31.0,38.0,11.0,9.0,1.0,1.0,10.0,24.0,1.0,12.0,0.0
11588,2.0,0.0,0.0,7.0,7.0,9.0,38.0,14.0,9.0,11.0,12.0,31.0,38.0,11.0,9.0,1.0,1.0,10.0,24.0,1.0,12.0,49.0,52.0,68.0,-24.435,2.0,0.0,0.0,7.0,7.0,9.0,39.0,15.0,10.0,12.0,13.0,32.0,39.0,12.0,10.0,1.0,1.0,11.0,25.0,1.0,13.0,0.0
11589,2.0,0.0,0.0,7.0,7.0,9.0,39.0,15.0,10.0,12.0,13.0,32.0,39.0,12.0,10.0,1.0,1.0,11.0,25.0,1.0,13.0,49.0,52.0,68.0,-25.235,2.0,0.0,0.0,7.0,7.0,9.0,40.0,16.0,11.0,13.0,14.0,33.0,40.0,13.0,11.0,1.0,1.0,12.0,26.0,1.0,14.0,0.0
11590,2.0,0.0,0.0,7.0,7.0,9.0,40.0,16.0,11.0,13.0,14.0,33.0,40.0,13.0,11.0,1.0,1.0,12.0,26.0,1.0,14.0,49.0,52.0,68.0,-26.034999999999997,2.0,0.0,0.0,7.0,7.0,9.0,41.0,17.0,12.0,14.0,15.0,34.0,41.0,14.0,12.0,1.0,1.0,13.0,27.0,1.0,15.0,0.0
11591,2.0,0.0,0.0,7.0,7.0,9.0,41.0,17.0,12.0,14.0,15.0,34.0,41.0,14.0,12.0,1.0,1.0,13.0,27.0,1.0,15.0,49.0,52.0,68.0,-26.835,2.0,0.0,0.0,7.0,7.0,9.0,42.0,18.0,13.0,15.0,16.0,35.0,42.0,15.0,13.0,1.0,1.0,14.0,28.0,1.0,16.0,0.0
11592,2.0,0.0,0.0,7.0,7.0,9.0,42.0,18.0,13.0,15.0,16.0,35.0,42.0,15.0,13.0,1.0,1.0,14.0,28.0,1.0,16.0,49.0,23.0,68.0,-32.835,2.0,0.0,0.0,9.0,7.0,9.0,43.0,19.0,14.0,16.0,1.0,36.0,43.0,16.0,14.0,1.0,2.0,15.0,29.0,1.0,17.0,0.0
11593,2.0,0.0,0.0,9.0,7.0,9.0,43.0,19.0,14.0,16.0,1.0,36.0,43.0,16.0,14.0,1.0,2.0,15.0,29.0,1.0,17.0,49.0,52.0,18.0,-32.723333333333336,2.0,0.0,0.0,9.0,7.0,9.0,44.0,20.0,15.0,1.0,2.0,37.0,44.0,17.0,15.0,1.0,1.0,16.0,30.0,2.0,18.0,0.0
11594,2.0,0.0,0.0,9.0,7.0,9.0,44.0,20.0,15.0,1.0,2.0,37.0,44.0,17.0,15.0,1.0,1.0,16.0,30.0,2.0,18.0,49.0,23.0,24.0,-30.888333333333332,2.0,0.0,0.0,9.0,7.0,7.0,45.0,21.0,16.0,2.0,1.0,38.0,45.0,18.0,16.0,1.0,2.0,17.0,31.0,3.0,19.0,0.0
11595,2.0,0.0,0.0,9.0,7.0,7.0,45.0,21.0,16.0,2.0,1.0,38.0,45.0,18.0,16.0,1.0,2.0,17.0,31.0,3.0,19.0,49.0,23.0,24.0,-31.134999999999998,2.0,0.0,0.0,9.0,7.0,5.0,46.0,22.0,17.0,3.0,1.0,39.0,46.0,19.0,17.0,1.0,3.0,18.0,32.0,4.0,20.0,0.0
11596,2.0,0.0,0.0,9.0,7.0,5.0,46.0,22.0,17.0,3.0,1.0,39.0,46.0,19.0,17.0,1.0,3.0,18.0,32.0,4.0,20.0,60.0,23.0,24.0,-44.35,2.0,0.0,0.0,9.0,7.0,3.0,47.0,23.0,18.0,4.0,1.0,40.0,47.0,20.0,18.0,2.0,4.0,19.0,1.0,5.0,21.0,0.0
11597,2.0,0.0,0.0,9.0,7.0,3.0,47.0,23.0,18.0,4.0,1.0,40.0,47.0,20.0,18.0,2.0,4.0,19.0,1.0,5.0,21.0,40.0,47.0,24.0,-34.96,2.0,0.0,0.0,9.0,7.0,1.0,48.0,24.0,19.0,5.0,1.0,41.0,48.0,21.0,1.0,1.0,5.0,20.0,2.0,6.0,22.0,0.0
11598,2.0,0.0,0.0,9.0,7.0,1.0,48.0,24.0,19.0,5.0,1.0,41.0,48.0,21.0,1.0,1.0,5.0,20.0,2.0,6.0,22.0,7.0,52.0,24.0,-35.51,0.0,0.0,0.0,9.0,7.0,0.0,49.0,1.0,20.0,6.0,1.0,42.0,49.0,22.0,2.0,2.0,1.0,21.0,3.0,7.0,23.0,0.0
11599,0.0,0.0,0.0,9.0,7.0,0.0,49.0,1.0,20.0,6.0,1.0,42.0,49.0,22.0,2.0,2.0,1.0,21.0,3.0,7.0,23.0,40.0,34.0,24.0,-46.68333333333333,0.0,0.0,0.0,7.0,7.0,0.0,50.0,2.0,21.0,7.0,1.0,43.0,1.0,23.0,1.0,3.0,2.0,22.0,4.0,8.0,24.0,1.0
11600,0.0,2.0,8.0,4.0,9.0,8.0,1.0,1.0,1.0,1.0,1.0,1.0,1.0,1.0,1.0,1.0,1.0,1.0,1.0,1.0,1.0,18.0,23.0,39.0,-8.620000000000001,0.0,4.0,8.0,6.0,9.0,6.0,2.0,2.0,2.0,1.0,1.0,2.0,2.0,1.0,2.0,2.0,2.0,2.0,2.0,2.0,2.0,0.0
11601,0.0,4.0,8.0,6.0,9.0,6.0,2.0,2.0,2.0,1.0,1.0,2.0,2.0,1.0,2.0,2.0,2.0,2.0,2.0,2.0,2.0,18.0,23.0,35.0,-10.040000000000001,0.0,6.0,8.0,8.0,9.0,6.0,3.0,3.0,3.0,1.0,1.0,3.0,3.0,1.0,3.0,3.0,3.0,3.0,3.0,3.0,3.0,0.0
11602,0.0,6.0,8.0,8.0,9.0,6.0,3.0,3.0,3.0,1.0,1.0,3.0,3.0,1.0,3.0,3.0,3.0,3.0,3.0,3.0,3.0,18.0,23.0,35.0,-12.545,0.0,8.0,8.0,9.0,9.0,6.0,4.0,4.0,4.0,1.0,1.0,4.0,4.0,1.0,4.0,4.0,4.0,4.0,4.0,4.0,4.0,0.0
11603,0.0,8.0,8.0,9.0,9.0,6.0,4.0,4.0,4.0,1.0,1.0,4.0,4.0,1.0,4.0,4.0,4.0,4.0,4.0,4.0,4.0,18.0,9.0,35.0,-15.315,0.0,9.0,8.0,7.0,9.0,6.0,5.0,1.0,5.0,1.0,2.0,5.0,5.0,1.0,5.0,5.0,5.0,5.0,5.0,5.0,5.0,0.0
11604,0.0,9.0,8.0,7.0,9.0,6.0,5.0,1.0,5.0,1.0,2.0,5.0,5.0,1.0,5.0,5.0,5.0,5.0,5.0,5.0,5.0,18.0,9.0,35.0,-13.635000000000002,0.0,9.0,8.0,5.0,9.0,6.0,6.0,1.0,6.0,1.0,3.0,6.0,6.0,1.0,6.0,6.0,6.0,6.0,6.0,6.0,6.0,0.0
11605,0.0,9.0,8.0,5.0,9.0,6.0,6.0,1.0,6.0,1.0,3.0,6.0,6.0,1.0,6.0,6.0,6.0,6.0,6.0,6.0,6.0,18.0,9.0,59.0,-21.386666666666667,0.0,9.0,8.0,3.0,9.0,4.0,7.0,1.0,7.0,1.0,4.0,7.0,7.0,2.0,7.0,7.0,7.0,1.0,7.0,7.0,7.0,0.0
11606,0.0,9.0,8.0,3.0,9.0,4.0,7.0,1.0,7.0,1.0,4.0,7.0,7.0,2.0,7.0,7.0,7.0,1.0,7.0,7.0,7.0,11.0,65.0,35.0,-13.569999999999997,2.0,9.0,8.0,3.0,9.0,4.0,8.0,2.0,1.0,2.0,5.0,8.0,8.0,1.0,8.0,8.0,8.0,2.0,8.0,1.0,8.0,0.0
11607,2.0,9.0,8.0,3.0,9.0,4.0,8.0,2.0,1.0,2.0,5.0,8.0,8.0,1.0,8.0,8.0,8.0,2.0,8.0,1.0,8.0,18.0,65.0,35.0,-12.753333333333334,2.0,9.0,8.0,3.0,9.0,4.0,9.0,3.0,2.0,1.0,6.0,9.0,9.0,1.0,9.0,9.0,9.0,3.0,9.0,1.0,9.0,0.0
11608,2.0,9.0,8.0,3.0,9.0,4.0,9.0,3.0,2.0,1.0,6.0,9.0,9.0,1.0,9.0,9.0,9.0,3.0,9.0,1.0,9.0,18.0,65.0,35.0,-13.553333333333333,2.0,9.0,8.0,3.0,9.0,4.0,10.0,4.0,3.0,1.0,7.0,10.0,10.0,1.0,10.0,10.0,10.0,4.0,10.0,1.0,10.0,0.0
11609,2.0,9.0,8.0,3.0,9.0,4.0,10.0,4.0,3.0,1.0,7.0,10.0,10.0,1.0,10.0,10.0,10.0,4.0,10.0,1.0,10.0,18.0,65.0,35.0,-14.353333333333332,2.0,9.0,8.0,3.0,9.0,4.0,11.0,5.0,4.0,1.0,8.0,11.0,11.0,1.0,11.0,11.0,11.0,5.0,11.0,1.0,11.0,0.0
11610,2.0,9.0,8.0,3.0,9.0,4.0,11.0,5.0,4.0,1.0,8.0,11.0,11.0,1.0,11.0,11.0,11.0,5.0,11.0,1.0,11.0,18.0,65.0,35.0,-15.153333333333332,2.0,9.0,8.0,3.0,9.0,4.0,12.0,6.0,5.0,1.0,9.0,12.0,12.0,1.0,12.0,12.0,12.0,6.0,12.0,1.0,12.0,0.0
11611,2.0,9.0,8.0,3.0,9.0,4.0,12.0,6.0,5.0,1.0,9.0,12.0,12.0,1.0,12.0,12.0,12.0,6.0,12.0,1.0,12.0,1.0,45.0,35.0,-26.576666666666664,4.0,9.0,8.0,3.0,9.0,4.0,1.0,7.0,6.0,2.0,10.0,13.0,13.0,1.0,13.0,1.0,13.0,7.0,13.0,2.0,13.0,0.0
11612,4.0,9.0,8.0,3.0,9.0,4.0,1.0,7.0,6.0,2.0,10.0,13.0,13.0,1.0,13.0,1.0,13.0,7.0,13.0,2.0,13.0,52.0,37.0,35.0,-316.1033333333333,2.0,9.0,6.0,3.0,9.0,4.0,2.0,8.0,7.0,3.0,11.0,14.0,14.0,1.0,14.0,2.0,1.0,8.0,14.0,3.0,14.0,0.0
11613,2.0,9.0,6.0,3.0,9.0,4.0,2.0,8.0,7.0,3.0,11.0,14.0,14.0,1.0,14.0,2.0,1.0,8.0,14.0,3.0,14.0,70.0,23.0,35.0,-10.565,2.0,9.0,6.0,5.0,9.0,4.0,3.0,9.0,8.0,4.0,1.0,15.0,15.0,1.0,15.0,3.0,2.0,9.0,15.0,4.0,1.0,0.0
11614,2.0,9.0,6.0,5.0,9.0,4.0,3.0,9.0,8.0,4.0,1.0,15.0,15.0,1.0,15.0,3.0,2.0,9.0,15.0,4.0,1.0,60.0,42.0,12.0,-16.316666666666666,2.0,9.0,4.0,5.0,7.0,4.0,4.0,10.0,1.0,5.0,2.0,16.0,16.0,2.0,1.0,4.0,3.0,10.0,1.0,5.0,2.0,0.0
11615,2.0,9.0,4.0,5.0,7.0,4.0,4.0,10.0,1.0,5.0,2.0,16.0,16.0,2.0,1.0,4.0,3.0,10.0,1.0,5.0,2.0,57.0,9.0,35.0,-8.72,0.0,9.0,4.0,3.0,7.0,4.0,5.0,1.0,2.0,6.0,3.0,17.0,17.0,1.0,2.0,5.0,4.0,1.0,2.0,6.0,3.0,0.0
11616,0.0,9.0,4.0,3.0,7.0,4.0,5.0,1.0,2.0,6.0,3.0,17.0,17.0,1.0,2.0,5.0,4.0,1.0,2.0,6.0,3.0,73.0,34.0,39.0,-10.024999999999999,0.0,9.0,4.0,1.0,7.0,2.0,6.0,2.0,3.0,7.0,4.0,18.0,1.0,1.0,3.0,6.0,5.0,2.0,3.0,7.0,1.0,0.0
11617,0.0,9.0,4.0,1.0,7.0,2.0,6.0,2.0,3.0,7.0,4.0,18.0,1.0,1.0,3.0,6.0,5.0,2.0,3.0,7.0,1.0,19.0,2.0,39.0,-5.906666666666666,0.0,7.0,2.0,1.0,7.0,0.0,1.0,3.0,4.0,1.0,5.0,19.0,2.0,1.0,4.0,7.0,6.0,3.0,4.0,8.0,2.0,0.0
11618,0.0,7.0,2.0,1.0,7.0,0.0,1.0,3.0,4.0,1.0,5.0,19.0,2.0,1.0,4.0,7.0,6.0,3.0,4.0,8.0,2.0,1.0,35.0,10.0,-21.696666666666665,2.0,7.0,2.0,1.0,7.0,0.0,1.0,4.0,1.0,2.0,6.0,20.0,3.0,1.0,5.0,8.0,7.0,4.0,5.0,9.0,3.0,0.0
11619,2.0,7.0,2.0,1.0,7.0,0.0,1.0,4.0,1.0,2.0,6.0,20.0,3.0,1.0,5.0,8.0,7.0,4.0,5.0,9.0,3.0,55.0,22.0,51.0,-22.80333333333333,2.0,7.0,0.0,1.0,9.0,0.0,2.0,5.0,2.0,3.0,1.0,21.0,4.0,2.0,6.0,9.0,1.0,1.0,6.0,10.0,4.0,0.0
11620,2.0,7.0,0.0,1.0,9.0,0.0,2.0,5.0,2.0,3.0,1.0,21.0,4.0,2.0,6.0,9.0,1.0,1.0,6.0,10.0,4.0,11.0,35.0,39.0,-14.081666666666667,4.0,7.0,0.0,1.0,9.0,0.0,3.0,6.0,1.0,4.0,2.0,22.0,5.0,1.0,7.0,10.0,2.0,2.0,7.0,11.0,5.0,0.0
11621,4.0,7.0,0.0,1.0,9.0,0.0,3.0,6.0,1.0,4.0,2.0,22.0,5.0,1.0,7.0,10.0,2.0,2.0,7.0,11.0,5.0,73.0,19.0,51.0,-19.46333333333333,4.0,9.0,0.0,0.0,9.0,0.0,4.0,7.0,2.0,1.0,3.0,23.0,6.0,2.0,8.0,11.0,1.0,3.0,8.0,12.0,1.0,0.0
11622,4.0,9.0,0.0,0.0,9.0,0.0,4.0,7.0,2.0,1.0,3.0,23.0,6.0,2.0,8.0,11.0,1.0,3.0,8.0,12.0,1.0,11.0,35.0,51.0,-19.974999999999998,6.0,9.0,0.0,0.0,9.0,0.0,5.0,8.0,1.0,2.0,4.0,24.0,7.0,1.0,9.0,12.0,1.0,4.0,9.0,13.0,2.0,0.0
11623,6.0,9.0,0.0,0.0,9.0,0.0,5.0,8.0,1.0,2.0,4.0,24.0,7.0,1.0,9.0,12.0,1.0,4.0,9.0,13.0,2.0,11.0,35.0,51.0,-21.394999999999996,8.0,9.0,0.0,0.0,9.0,0.0,6.0,9.0,1.0,3.0,5.0,25.0,8.0,1.0,10.0,13.0,1.0,5.0,10.0,14.0,3.0,0.0
11624,8.0,9.0,0.0,0.0,9.0,0.0,6.0,9.0,1.0,3.0,5.0,25.0,8.0,1.0,10.0,13.0,1.0,5.0,10.0,14.0,3.0,11.0,45.0,51.0,-18.449999999999996,9.0,9.0,0.0,0.0,9.0,0.0,7.0,10.0,1.0,4.0,6.0,26.0,9.0,2.0,11.0,1.0,1.0,6.0,11.0,15.0,4.0,0.0
11625,9.0,9.0,0.0,0.0,9.0,0.0,7.0,10.0,1.0,4.0,6.0,26.0,9.0,2.0,11.0,1.0,1.0,6.0,11.0,15.0,4.0,19.0,19.0,28.0,-24.424999999999997,9.0,7.0,0.0,0.0,9.0,2.0,8.0,11.0,2.0,1.0,7.0,1.0,10.0,3.0,12.0,2.0,2.0,7.0,12.0,16.0,5.0,0.0
11626,9.0,7.0,0.0,0.0,9.0,2.0,8.0,11.0,2.0,1.0,7.0,1.0,10.0,3.0,12.0,2.0,2.0,7.0,12.0,16.0,5.0,12.0,54.0,43.0,-17.383333333333333,7.0,7.0,0.0,0.0,9.0,4.0,9.0,12.0,1.0,2.0,8.0,2.0,11.0,4.0,1.0,3.0,1.0,8.0,13.0,17.0,6.0,0.0
11627,7.0,7.0,0.0,0.0,9.0,4.0,9.0,12.0,1.0,2.0,8.0,2.0,11.0,4.0,1.0,3.0,1.0,8.0,13.0,17.0,6.0,1.0,54.0,49.0,-31.001666666666665,9.0,7.0,0.0,0.0,9.0,2.0,1.0,13.0,2.0,3.0,9.0,3.0,12.0,5.0,2.0,1.0,1.0,9.0,14.0,18.0,7.0,0.0
11628,9.0,7.0,0.0,0.0,9.0,2.0,1.0,13.0,2.0,3.0,9.0,3.0,12.0,5.0,2.0,1.0,1.0,9.0,14.0,18.0,7.0,33.0,23.0,49.0,-34.565,9.0,9.0,0.0,2.0,9.0,0.0,2.0,14.0,3.0,4.0,1.0,4.0,1.0,6.0,3.0,1.0,2.0,10.0,15.0,19.0,8.0,0.0
11629,9.0,9.0,0.0,2.0,9.0,0.0,2.0,14.0,3.0,4.0,1.0,4.0,1.0,6.0,3.0,1.0,2.0,10.0,15.0,19.0,8.0,64.0,79.0,69.0,-11.598333333333333,9.0,7.0,0.0,0.0,9.0,0.0,3.0,15.0,4.0,5.0,2.0,5.0,2.0,7.0,4.0,2.0,3.0,11.0,1.0,1.0,9.0,0.0
11630,9.0,7.0,0.0,0.0,9.0,0.0,3.0,15.0,4.0,5.0,2.0,5.0,2.0,7.0,4.0,2.0,3.0,11.0,1.0,1.0,9.0,71.0,8.0,35.0,-21.226666666666667,9.0,7.0,0.0,2.0,9.0,0.0,4.0,1.0,5.0,6.0,3.0,6.0,3.0,1.0,5.0,3.0,4.0,12.0,2.0,2.0,1.0,0.0
11631,9.0,7.0,0.0,2.0,9.0,0.0,4.0,1.0,5.0,6.0,3.0,6.0,3.0,1.0,5.0,3.0,4.0,12.0,2.0,2.0,1.0,10.0,55.0,17.0,-24.103333333333328,9.0,7.0,0.0,2.0,7.0,0.0,5.0,2.0,1.0,1.0,4.0,7.0,4.0,2.0,6.0,4.0,5.0,1.0,3.0,3.0,2.0,0.0
11632,9.0,7.0,0.0,2.0,7.0,0.0,5.0,2.0,1.0,1.0,4.0,7.0,4.0,2.0,6.0,4.0,5.0,1.0,3.0,3.0,2.0,10.0,54.0,51.0,-17.10833333333333,9.0,7.0,0.0,0.0,9.0,0.0,6.0,3.0,1.0,2.0,5.0,8.0,5.0,3.0,7.0,5.0,1.0,2.0,4.0,4.0,3.0,0.0
11633,9.0,7.0,0.0,0.0,9.0,0.0,6.0,3.0,1.0,2.0,5.0,8.0,5.0,3.0,7.0,5.0,1.0,2.0,4.0,4.0,3.0,10.0,19.0,51.0,-18.616666666666667,9.0,7.0,0.0,0.0,9.0,0.0,7.0,4.0,1.0,1.0,6.0,9.0,6.0,4.0,8.0,6.0,1.0,3.0,5.0,5.0,4.0,0.0
11634,9.0,7.0,0.0,0.0,9.0,0.0,7.0,4.0,1.0,1.0,6.0,9.0,6.0,4.0,8.0,6.0,1.0,3.0,5.0,5.0,4.0,10.0,19.0,51.0,-19.416666666666664,9.0,7.0,0.0,0.0,9.0,0.0,8.0,5.0,1.0,1.0,7.0,10.0,7.0,5.0,9.0,7.0,1.0,4.0,6.0,6.0,5.0,0.0
11635,9.0,7.0,0.0,0.0,9.0,0.0,8.0,5.0,1.0,1.0,7.0,10.0,7.0,5.0,9.0,7.0,1.0,4.0,6.0,6.0,5.0,10.0,45.0,51.0,-16.096666666666664,9.0,7.0,0.0,0.0,9.0,0.0,9.0,6.0,1.0,2.0,8.0,11.0,8.0,6.0,10.0,1.0,1.0,5.0,7.0,7.0,6.0,0.0
11636,9.0,7.0,0.0,0.0,9.0,0.0,9.0,6.0,1.0,2.0,8.0,11.0,8.0,6.0,10.0,1.0,1.0,5.0,7.0,7.0,6.0,10.0,19.0,28.0,-15.078333333333333,9.0,7.0,0.0,0.0,9.0,2.0,10.0,7.0,1.0,1.0,9.0,1.0,9.0,7.0,11.0,2.0,2.0,6.0,8.0,8.0,7.0,0.0
11637,9.0,7.0,0.0,0.0,9.0,2.0,10.0,7.0,1.0,1.0,9.0,1.0,9.0,7.0,11.0,2.0,2.0,6.0,8.0,8.0,7.0,12.0,6.0,51.0,-15.876666666666665,7.0,7.0,2.0,0.0,9.0,2.0,11.0,1.0,1.0,2.0,10.0,2.0,10.0,8.0,12.0,3.0,1.0,7.0,9.0,9.0,8.0,0.0
11638,7.0,7.0,2.0,0.0,9.0,2.0,11.0,1.0,1.0,2.0,10.0,2.0,10.0,8.0,12.0,3.0,1.0,7.0,9.0,9.0,8.0,12.0,73.0,67.0,-14.281666666666666,5.0,7.0,2.0,2.0,7.0,2.0,12.0,2.0,1.0,3.0,11.0,3.0,11.0,9.0,13.0,4.0,2.0,8.0,10.0,1.0,1.0,0.0
11639,5.0,7.0,2.0,2.0,7.0,2.0,12.0,2.0,1.0,3.0,11.0,3.0,11.0,9.0,13.0,4.0,2.0,8.0,10.0,1.0,1.0,17.0,42.0,62.0,-19.28333333333333,3.0,7.0,0.0,2.0,5.0,2.0,13.0,3.0,2.0,1.0,12.0,4.0,12.0,10.0,1.0,5.0,3.0,9.0,1.0,2.0,2.0,0.0
11640,3.0,7.0,0.0,2.0,5.0,2.0,13.0,3.0,2.0,1.0,12.0,4.0,12.0,10.0,1.0,5.0,3.0,9.0,1.0,2.0,2.0,39.0,22.0,39.0,-18.506666666666664,3.0,5.0,0.0,2.0,5.0,0.0,14.0,4.0,3.0,2.0,1.0,5.0,13.0,1.0,2.0,6.0,4.0,10.0,2.0,3.0,3.0,0.0
11641,3.0,5.0,0.0,2.0,5.0,0.0,14.0,4.0,3.0,2.0,1.0,5.0,13.0,1.0,2.0,6.0,4.0,10.0,2.0,3.0,3.0,10.0,9.0,59.0,-30.46333333333333,3.0,5.0,0.0,0.0,5.0,0.0,15.0,1.0,1.0,3.0,2.0,6.0,14.0,2.0,3.0,7.0,5.0,1.0,3.0,4.0,4.0,0.0
11642,3.0,5.0,0.0,0.0,5.0,0.0,15.0,1.0,1.0,3.0,2.0,6.0,14.0,2.0,3.0,7.0,5.0,1.0,3.0,4.0,4.0,10.0,2.0,51.0,-12.238333333333333,3.0,5.0,0.0,0.0,7.0,0.0,1.0,2.0,1.0,4.0,3.0,7.0,15.0,3.0,4.0,8.0,1.0,2.0,4.0,5.0,5.0,0.0
11643,3.0,5.0,0.0,0.0,7.0,0.0,1.0,2.0,1.0,4.0,3.0,7.0,15.0,3.0,4.0,8.0,1.0,2.0,4.0,5.0,5.0,1.0,54.0,34.0,-13.5,5.0,5.0,0.0,0.0,7.0,0.0,1.0,3.0,2.0,5.0,4.0,8.0,1.0,4.0,5.0,9.0,1.0,3.0,5.0,6.0,6.0,0.0
11644,5.0,5.0,0.0,0.0,7.0,0.0,1.0,3.0,2.0,5.0,4.0,8.0,1.0,4.0,5.0,9.0,1.0,3.0,5.0,6.0,6.0,35.0,79.0,42.0,-15.295,5.0,5.0,0.0,0.0,5.0,0.0,2.0,4.0,3.0,6.0,5.0,9.0,2.0,1.0,1.0,10.0,2.0,4.0,6.0,7.0,7.0,0.0
11645,5.0,5.0,0.0,0.0,5.0,0.0,2.0,4.0,3.0,6.0,5.0,9.0,2.0,1.0,1.0,10.0,2.0,4.0,6.0,7.0,7.0,54.0,79.0,47.0,-6.97,5.0,3.0,0.0,0.0,3.0,0.0,3.0,5.0,4.0,7.0,6.0,10.0,3.0,2.0,2.0,1.0,1.0,5.0,7.0,8.0,8.0,0.0
11646,5.0,3.0,0.0,0.0,3.0,0.0,3.0,5.0,4.0,7.0,6.0,10.0,3.0,2.0,2.0,1.0,1.0,5.0,7.0,8.0,8.0,10.0,79.0,4.0,-8.433333333333334,5.0,3.0,0.0,0.0,3.0,0.0,1.0,6.0,1.0,8.0,7.0,11.0,4.0,3.0,3.0,2.0,2.0,6.0,8.0,9.0,9.0,0.0
11647,5.0,3.0,0.0,0.0,3.0,0.0,1.0,6.0,1.0,8.0,7.0,11.0,4.0,3.0,3.0,2.0,2.0,6.0,8.0,9.0,9.0,35.0,79.0,48.0,-7.395,5.0,3.0,0.0,0.0,3.0,2.0,2.0,7.0,2.0,9.0,8.0,12.0,5.0,1.0,4.0,1.0,3.0,7.0,9.0,10.0,10.0,0.0
11648,5.0,3.0,0.0,0.0,3.0,2.0,2.0,7.0,2.0,9.0,8.0,12.0,5.0,1.0,4.0,1.0,3.0,7.0,9.0,10.0,10.0,54.0,19.0,48.0,-14.193333333333335,5.0,1.0,0.0,0.0,3.0,4.0,3.0,8.0,3.0,1.0,9.0,13.0,6.0,2.0,5.0,1.0,1.0,8.0,10.0,11.0,11.0,0.0
11649,5.0,1.0,0.0,0.0,3.0,4.0,3.0,8.0,3.0,1.0,9.0,13.0,6.0,2.0,5.0,1.0,1.0,8.0,10.0,11.0,11.0,1.0,79.0,49.0,-9.966666666666665,7.0,1.0,0.0,0.0,3.0,2.0,1.0,9.0,4.0,2.0,10.0,14.0,7.0,3.0,6.0,1.0,2.0,9.0,11.0,12.0,12.0,0.0
11650,7.0,1.0,0.0,0.0,3.0,2.0,1.0,9.0,4.0,2.0,10.0,14.0,7.0,3.0,6.0,1.0,2.0,9.0,11.0,12.0,12.0,1.0,79.0,49.0,-15.173333333333332,9.0,1.0,0.0,0.0,3.0,0.0,1.0,10.0,5.0,3.0,11.0,15.0,8.0,4.0,7.0,1.0,3.0,10.0,12.0,13.0,13.0,0.0
11651,9.0,1.0,0.0,0.0,3.0,0.0,1.0,10.0,5.0,3.0,11.0,15.0,8.0,4.0,7.0,1.0,3.0,10.0,12.0,13.0,13.0,1.0,79.0,49.0,-16.04,9.0,1.0,0.0,0.0,3.0,0.0,1.0,11.0,6.0,4.0,12.0,16.0,9.0,5.0,8.0,1.0,4.0,11.0,13.0,14.0,14.0,0.0
11652,9.0,1.0,0.0,0.0,3.0,0.0,1.0,11.0,6.0,4.0,12.0,16.0,9.0,5.0,8.0,1.0,4.0,11.0,13.0,14.0,14.0,1.0,79.0,49.0,-16.906666666666666,9.0,1.0,0.0,0.0,3.0,0.0,1.0,12.0,7.0,5.0,13.0,17.0,10.0,6.0,9.0,1.0,5.0,12.0,14.0,15.0,15.0,0.0
11653,9.0,1.0,0.0,0.0,3.0,0.0,1.0,12.0,7.0,5.0,13.0,17.0,10.0,6.0,9.0,1.0,5.0,12.0,14.0,15.0,15.0,1.0,79.0,49.0,-17.773333333333333,9.0,1.0,0.0,0.0,3.0,0.0,1.0,13.0,8.0,6.0,14.0,18.0,11.0,7.0,10.0,1.0,6.0,13.0,15.0,16.0,16.0,0.0
11654,9.0,1.0,0.0,0.0,3.0,0.0,1.0,13.0,8.0,6.0,14.0,18.0,11.0,7.0,10.0,1.0,6.0,13.0,15.0,16.0,16.0,1.0,79.0,49.0,-18.64,9.0,1.0,0.0,0.0,3.0,0.0,1.0,14.0,9.0,7.0,15.0,19.0,12.0,8.0,11.0,1.0,7.0,14.0,16.0,17.0,17.0,0.0
11655,9.0,1.0,0.0,0.0,3.0,0.0,1.0,14.0,9.0,7.0,15.0,19.0,12.0,8.0,11.0,1.0,7.0,14.0,16.0,17.0,17.0,1.0,79.0,49.0,-19.506666666666668,9.0,1.0,0.0,0.0,3.0,0.0,1.0,15.0,10.0,8.0,16.0,20.0,13.0,9.0,12.0,1.0,8.0,15.0,17.0,18.0,18.0,0.0
11656,9.0,1.0,0.0,0.0,3.0,0.0,1.0,15.0,10.0,8.0,16.0,20.0,13.0,9.0,12.0,1.0,8.0,15.0,17.0,18.0,18.0,1.0,79.0,69.0,-22.185,9.0,1.0,0.0,0.0,3.0,0.0,1.0,16.0,11.0,9.0,17.0,21.0,14.0,10.0,13.0,2.0,9.0,16.0,18.0,1.0,19.0,0.0
11657,9.0,1.0,0.0,0.0,3.0,0.0,1.0,16.0,11.0,9.0,17.0,21.0,14.0,10.0,13.0,2.0,9.0,16.0,18.0,1.0,19.0,72.0,79.0,12.0,-34.05,7.0,1.0,0.0,0.0,1.0,0.0,2.0,17.0,1.0,10.0,18.0,22.0,15.0,11.0,14.0,3.0,10.0,17.0,19.0,2.0,1.0,0.0
11658,7.0,1.0,0.0,0.0,1.0,0.0,2.0,17.0,1.0,10.0,18.0,22.0,15.0,11.0,14.0,3.0,10.0,17.0,19.0,2.0,1.0,33.0,32.0,55.0,-36.63666666666667,7.0,3.0,0.0,0.0,1.0,0.0,3.0,18.0,2.0,11.0,19.0,23.0,1.0,12.0,15.0,4.0,11.0,1.0,20.0,3.0,2.0,0.0
11659,7.0,3.0,0.0,0.0,1.0,0.0,3.0,18.0,2.0,11.0,19.0,23.0,1.0,12.0,15.0,4.0,11.0,1.0,20.0,3.0,2.0,35.0,8.0,64.0,-33.68333333333333,7.0,3.0,0.0,2.0,1.0,0.0,4.0,1.0,3.0,12.0,20.0,24.0,2.0,1.0,16.0,5.0,12.0,2.0,1.0,4.0,3.0,0.0
11660,7.0,3.0,0.0,2.0,1.0,0.0,4.0,1.0,3.0,12.0,20.0,24.0,2.0,1.0,16.0,5.0,12.0,2.0,1.0,4.0,3.0,73.0,22.0,25.0,-31.395,7.0,5.0,0.0,2.0,1.0,0.0,5.0,2.0,4.0,13.0,1.0,1.0,3.0,2.0,17.0,6.0,13.0,3.0,2.0,5.0,1.0,0.0
11661,7.0,5.0,0.0,2.0,1.0,0.0,5.0,2.0,4.0,13.0,1.0,1.0,3.0,2.0,17.0,6.0,13.0,3.0,2.0,5.0,1.0,17.0,42.0,17.0,-319.39,5.0,5.0,0.0,2.0,0.0,0.0,6.0,3.0,5.0,1.0,2.0,2.0,4.0,3.0,1.0,7.0,14.0,4.0,3.0,6.0,2.0,0.0
11662,5.0,5.0,0.0,2.0,0.0,0.0,6.0,3.0,5.0,1.0,2.0,2.0,4.0,3.0,1.0,7.0,14.0,4.0,3.0,6.0,2.0,54.0,54.0,2.0,-11.151666666666666,5.0,3.0,0.0,0.0,0.0,0.0,1.0,4.0,6.0,2.0,3.0,3.0,5.0,4.0,2.0,8.0,1.0,5.0,4.0,7.0,3.0,0.0
11663,5.0,3.0,0.0,0.0,0.0,0.0,1.0,4.0,6.0,2.0,3.0,3.0,5.0,4.0,2.0,8.0,1.0,5.0,4.0,7.0,3.0,11.0,38.0,49.0,-14.516666666666666,7.0,3.0,0.0,2.0,0.0,0.0,2.0,5.0,1.0,3.0,4.0,4.0,6.0,1.0,3.0,1.0,2.0,6.0,5.0,8.0,4.0,0.0
11664,7.0,3.0,0.0,2.0,0.0,0.0,2.0,5.0,1.0,3.0,4.0,4.0,6.0,1.0,3.0,1.0,2.0,6.0,5.0,8.0,4.0,52.0,54.0,53.0,-13.368333333333332,5.0,3.0,0.0,0.0,0.0,2.0,3.0,6.0,2.0,4.0,5.0,5.0,7.0,2.0,4.0,2.0,1.0,7.0,6.0,9.0,5.0,0.0
11665,5.0,3.0,0.0,0.0,0.0,2.0,3.0,6.0,2.0,4.0,5.0,5.0,7.0,2.0,4.0,2.0,1.0,7.0,6.0,9.0,5.0,4.0,69.0,49.0,-15.45,5.0,1.0,0.0,0.0,0.0,0.0,1.0,7.0,3.0,5.0,6.0,6.0,8.0,3.0,5.0,1.0,2.0,8.0,7.0,1.0,6.0,0.0
11666,5.0,1.0,0.0,0.0,0.0,0.0,1.0,7.0,3.0,5.0,6.0,6.0,8.0,3.0,5.0,1.0,2.0,8.0,7.0,1.0,6.0,8.0,38.0,62.0,-31.59166666666667,5.0,3.0,0.0,2.0,0.0,0.0,2.0,1.0,4.0,6.0,7.0,7.0,9.0,1.0,6.0,2.0,3.0,9.0,1.0,2.0,7.0,0.0
11667,5.0,3.0,0.0,2.0,0.0,0.0,2.0,1.0,4.0,6.0,7.0,7.0,9.0,1.0,6.0,2.0,3.0,9.0,1.0,2.0,7.0,37.0,22.0,34.0,-28.513333333333332,3.0,3.0,0.0,2.0,0.0,0.0,3.0,2.0,5.0,7.0,1.0,8.0,1.0,1.0,7.0,3.0,4.0,10.0,2.0,3.0,8.0,0.0
11668,3.0,3.0,0.0,2.0,0.0,0.0,3.0,2.0,5.0,7.0,1.0,8.0,1.0,1.0,7.0,3.0,4.0,10.0,2.0,3.0,8.0,17.0,22.0,4.0,-17.0,1.0,3.0,0.0,2.0,0.0,0.0,1.0,3.0,6.0,1.0,1.0,9.0,2.0,2.0,8.0,4.0,5.0,11.0,3.0,4.0,9.0,0.0
11669,1.0,3.0,0.0,2.0,0.0,0.0,1.0,3.0,6.0,1.0,1.0,9.0,2.0,2.0,8.0,4.0,5.0,11.0,3.0,4.0,9.0,52.0,22.0,10.0,-30.065,0.0,3.0,0.0,2.0,0.0,0.0,2.0,4.0,1.0,2.0,1.0,10.0,3.0,3.0,9.0,5.0,1.0,12.0,4.0,5.0,10.0,0.0
11670,0.0,3.0,0.0,2.0,0.0,0.0,2.0,4.0,1.0,2.0,1.0,10.0,3.0,3.0,9.0,5.0,1.0,12.0,4.0,5.0,10.0,72.0,8.0,42.0,-27.516666666666666,0.0,3.0,0.0,4.0,0.0,0.0,3.0,1.0,2.0,3.0,2.0,11.0,4.0,4.0,1.0,6.0,2.0,13.0,5.0,6.0,1.0,0.0
11671,0.0,3.0,0.0,4.0,0.0,0.0,3.0,1.0,2.0,3.0,2.0,11.0,4.0,4.0,1.0,6.0,2.0,13.0,5.0,6.0,1.0,39.0,22.0,4.0,-20.011666666666667,0.0,1.0,0.0,4.0,0.0,0.0,1.0,2.0,3.0,4.0,1.0,12.0,5.0,1.0,2.0,7.0,3.0,14.0,6.0,7.0,2.0,0.0
11672,0.0,1.0,0.0,4.0,0.0,0.0,1.0,2.0,3.0,4.0,1.0,12.0,5.0,1.0,2.0,7.0,3.0,14.0,6.0,7.0,2.0,60.0,66.0,49.0,-26.49833333333333,0.0,1.0,2.0,4.0,0.0,0.0,2.0,3.0,4.0,5.0,2.0,13.0,6.0,2.0,3.0,1.0,4.0,15.0,1.0,1.0,3.0,0.0
11673,0.0,1.0,2.0,4.0,0.0,0.0,2.0,3.0,4.0,5.0,2.0,13.0,6.0,2.0,3.0,1.0,4.0,15.0,1.0,1.0,3.0,58.0,34.0,33.0,-30.593333333333337,0.0,3.0,2.0,2.0,0.0,2.0,3.0,4.0,5.0,6.0,3.0,14.0,1.0,3.0,4.0,2.0,5.0,1.0,2.0,2.0,4.0,0.0
11674,0.0,3.0,2.0,2.0,0.0,2.0,3.0,4.0,5.0,6.0,3.0,14.0,1.0,3.0,4.0,2.0,5.0,1.0,2.0,2.0,4.0,72.0,8.0,4.0,-15.204999999999998,0.0,3.0,2.0,4.0,0.0,0.0,1.0,1.0,6.0,7.0,4.0,15.0,2.0,4.0,5.0,3.0,6.0,2.0,3.0,3.0,1.0,0.0
11675,0.0,3.0,2.0,4.0,0.0,0.0,1.0,1.0,6.0,7.0,4.0,15.0,2.0,4.0,5.0,3.0,6.0,2.0,3.0,3.0,1.0,11.0,42.0,15.0,-19.035,2.0,3.0,0.0,4.0,0.0,0.0,2.0,2.0,1.0,1.0,5.0,16.0,3.0,5.0,1.0,4.0,7.0,3.0,4.0,4.0,2.0,0.0
11676,2.0,3.0,0.0,4.0,0.0,0.0,2.0,2.0,1.0,1.0,5.0,16.0,3.0,5.0,1.0,4.0,7.0,3.0,4.0,4.0,2.0,11.0,22.0,51.0,-18.548333333333332,4.0,3.0,0.0,4.0,2.0,0.0,3.0,3.0,1.0,2.0,1.0,17.0,4.0,6.0,2.0,5.0,1.0,4.0,5.0,5.0,3.0,0.0
11677,4.0,3.0,0.0,4.0,2.0,0.0,3.0,3.0,1.0,2.0,1.0,17.0,4.0,6.0,2.0,5.0,1.0,4.0,5.0,5.0,3.0,11.0,2.0,4.0,-10.911666666666665,6.0,3.0,0.0,4.0,2.0,0.0,1.0,4.0,1.0,3.0,2.0,18.0,5.0,7.0,3.0,6.0,2.0,5.0,6.0,6.0,4.0,0.0
11678,6.0,3.0,0.0,4.0,2.0,0.0,1.0,4.0,1.0,3.0,2.0,18.0,5.0,7.0,3.0,6.0,2.0,5.0,6.0,6.0,4.0,73.0,63.0,4.0,-22.493333333333336,6.0,5.0,0.0,6.0,2.0,0.0,1.0,5.0,2.0,4.0,3.0,19.0,6.0,8.0,4.0,7.0,3.0,6.0,1.0,7.0,1.0,0.0
11679,6.0,5.0,0.0,6.0,2.0,0.0,1.0,5.0,2.0,4.0,3.0,19.0,6.0,8.0,4.0,7.0,3.0,6.0,1.0,7.0,1.0,11.0,52.0,4.0,-10.848333333333333,8.0,5.0,0.0,6.0,2.0,0.0,1.0,6.0,1.0,5.0,4.0,20.0,7.0,9.0,5.0,8.0,1.0,7.0,2.0,8.0,2.0,0.0
11680,8.0,5.0,0.0,6.0,2.0,0.0,1.0,6.0,1.0,5.0,4.0,20.0,7.0,9.0,5.0,8.0,1.0,7.0,2.0,8.0,2.0,11.0,30.0,25.0,-33.23166666666667,9.0,5.0,0.0,6.0,2.0,0.0,2.0,7.0,1.0,6.0,5.0,1.0,1.0,10.0,6.0,9.0,2.0,8.0,3.0,9.0,3.0,0.0
11681,9.0,5.0,0.0,6.0,2.0,0.0,2.0,7.0,1.0,6.0,5.0,1.0,1.0,10.0,6.0,9.0,2.0,8.0,3.0,9.0,3.0,39.0,74.0,17.0,-15.914999999999997,9.0,3.0,0.0,4.0,0.0,0.0,3.0,8.0,2.0,1.0,6.0,2.0,2.0,1.0,7.0,10.0,3.0,9.0,4.0,10.0,1.0,0.0
11682,9.0,3.0,0.0,4.0,0.0,0.0,3.0,8.0,2.0,1.0,6.0,2.0,2.0,1.0,7.0,10.0,3.0,9.0,4.0,10.0,1.0,67.0,74.0,50.0,-17.53166666666667,7.0,3.0,0.0,2.0,0.0,0.0,4.0,9.0,3.0,2.0,7.0,3.0,3.0,2.0,8.0,11.0,1.0,10.0,5.0,1.0,1.0,0.0
11683,7.0,3.0,0.0,2.0,0.0,0.0,4.0,9.0,3.0,2.0,7.0,3.0,3.0,2.0,8.0,11.0,1.0,10.0,5.0,1.0,1.0,46.0,49.0,50.0,-19.901666666666667,9.0,3.0,0.0,0.0,0.0,0.0,5.0,10.0,4.0,3.0,8.0,4.0,4.0,3.0,9.0,1.0,1.0,11.0,6.0,2.0,2.0,0.0
11684,9.0,3.0,0.0,0.0,0.0,0.0,5.0,10.0,4.0,3.0,8.0,4.0,4.0,3.0,9.0,1.0,1.0,11.0,6.0,2.0,2.0,8.0,69.0,17.0,-20.831666666666667,9.0,5.0,0.0,0.0,0.0,0.0,6.0,1.0,5.0,1.0,9.0,5.0,5.0,4.0,10.0,2.0,2.0,12.0,7.0,1.0,3.0,0.0
11685,9.0,5.0,0.0,0.0,0.0,0.0,6.0,1.0,5.0,1.0,9.0,5.0,5.0,4.0,10.0,2.0,2.0,12.0,7.0,1.0,3.0,11.0,42.0,17.0,-23.09,9.0,5.0,0.0,0.0,0.0,0.0,7.0,2.0,1.0,1.0,10.0,6.0,6.0,5.0,1.0,3.0,3.0,13.0,8.0,2.0,4.0,0.0
11686,9.0,5.0,0.0,0.0,0.0,0.0,7.0,2.0,1.0,1.0,10.0,6.0,6.0,5.0,1.0,3.0,3.0,13.0,8.0,2.0,4.0,61.0,67.0,62.0,-34.11833333333333,9.0,5.0,0.0,0.0,0.0,0.0,8.0,3.0,2.0,2.0,11.0,7.0,7.0,6.0,2.0,4.0,4.0,14.0,1.0,1.0,5.0,0.0
11687,9.0,5.0,0.0,0.0,0.0,0.0,8.0,3.0,2.0,2.0,11.0,7.0,7.0,6.0,2.0,4.0,4.0,14.0,1.0,1.0,5.0,9.0,22.0,25.0,-31.238333333333337,9.0,3.0,0.0,0.0,0.0,0.0,9.0,1.0,3.0,3.0,1.0,1.0,8.0,7.0,3.0,5.0,5.0,15.0,2.0,2.0,6.0,0.0
11688,9.0,3.0,0.0,0.0,0.0,0.0,9.0,1.0,3.0,3.0,1.0,1.0,8.0,7.0,3.0,5.0,5.0,15.0,2.0,2.0,6.0,32.0,0.0,17.0,-13.39,7.0,3.0,0.0,0.0,0.0,0.0,1.0,2.0,4.0,1.0,2.0,2.0,1.0,8.0,4.0,6.0,6.0,16.0,3.0,3.0,7.0,0.0
11689,7.0,3.0,0.0,0.0,0.0,0.0,1.0,2.0,4.0,1.0,2.0,2.0,1.0,8.0,4.0,6.0,6.0,16.0,3.0,3.0,7.0,75.0,74.0,40.0,-25.591666666666665,7.0,3.0,0.0,0.0,0.0,0.0,2.0,3.0,5.0,2.0,3.0,3.0,2.0,9.0,1.0,7.0,7.0,17.0,4.0,4.0,1.0,0.0
11690,7.0,3.0,0.0,0.0,0.0,0.0,2.0,3.0,5.0,2.0,3.0,3.0,2.0,9.0,1.0,7.0,7.0,17.0,4.0,4.0,1.0,18.0,75.0,17.0,-17.313333333333333,7.0,5.0,0.0,0.0,0.0,0.0,3.0,4.0,6.0,1.0,4.0,4.0,3.0,10.0,2.0,8.0,8.0,18.0,5.0,5.0,2.0,0.0
11691,7.0,5.0,0.0,0.0,0.0,0.0,3.0,4.0,6.0,1.0,4.0,4.0,3.0,10.0,2.0,8.0,8.0,18.0,5.0,5.0,2.0,9.0,75.0,17.0,-12.399999999999999,7.0,3.0,0.0,0.0,0.0,0.0,4.0,1.0,7.0,1.0,5.0,5.0,4.0,11.0,3.0,9.0,9.0,19.0,6.0,6.0,3.0,0.0
11692,7.0,3.0,0.0,0.0,0.0,0.0,4.0,1.0,7.0,1.0,5.0,5.0,4.0,11.0,3.0,9.0,9.0,19.0,6.0,6.0,3.0,58.0,0.0,1.0,-16.051666666666666,7.0,5.0,0.0,0.0,2.0,0.0,1.0,2.0,8.0,2.0,6.0,6.0,5.0,12.0,4.0,10.0,10.0,1.0,7.0,7.0,4.0,0.0
11693,7.0,5.0,0.0,0.0,2.0,0.0,1.0,2.0,8.0,2.0,6.0,6.0,5.0,12.0,4.0,10.0,10.0,1.0,7.0,7.0,4.0,11.0,26.0,17.0,-23.269999999999996,9.0,5.0,2.0,0.0,0.0,0.0,2.0,3.0,1.0,1.0,7.0,1.0,6.0,13.0,5.0,11.0,11.0,2.0,8.0,8.0,5.0,0.0
11694,9.0,5.0,2.0,0.0,0.0,0.0,2.0,3.0,1.0,1.0,7.0,1.0,6.0,13.0,5.0,11.0,11.0,2.0,8.0,8.0,5.0,11.0,33.0,17.0,-22.031666666666666,9.0,5.0,2.0,2.0,0.0,0.0,3.0,4.0,1.0,1.0,8.0,2.0,1.0,14.0,6.0,12.0,12.0,3.0,9.0,9.0,6.0,0.0
11695,9.0,5.0,2.0,2.0,0.0,0.0,3.0,4.0,1.0,1.0,8.0,2.0,1.0,14.0,6.0,12.0,12.0,3.0,9.0,9.0,6.0,35.0,26.0,50.0,-18.374999999999996,9.0,5.0,4.0,2.0,0.0,0.0,4.0,5.0,2.0,2.0,9.0,1.0,2.0,1.0,7.0,13.0,1.0,4.0,10.0,10.0,7.0,0.0
11696,9.0,5.0,4.0,2.0,0.0,0.0,4.0,5.0,2.0,2.0,9.0,1.0,2.0,1.0,7.0,13.0,1.0,4.0,10.0,10.0,7.0,2.0,26.0,50.0,-18.2,7.0,5.0,6.0,2.0,0.0,0.0,1.0,6.0,3.0,3.0,10.0,1.0,3.0,2.0,8.0,14.0,1.0,5.0,11.0,11.0,8.0,0.0
11697,7.0,5.0,6.0,2.0,0.0,0.0,1.0,6.0,3.0,3.0,10.0,1.0,3.0,2.0,8.0,14.0,1.0,5.0,11.0,11.0,8.0,52.0,26.0,17.0,-314.3716666666666,5.0,5.0,8.0,2.0,0.0,0.0,2.0,7.0,4.0,1.0,11.0,1.0,4.0,3.0,9.0,15.0,1.0,6.0,12.0,12.0,9.0,0.0
11698,5.0,5.0,8.0,2.0,0.0,0.0,2.0,7.0,4.0,1.0,11.0,1.0,4.0,3.0,9.0,15.0,1.0,6.0,12.0,12.0,9.0,52.0,26.0,17.0,-15.326666666666664,3.0,5.0,9.0,2.0,0.0,0.0,3.0,8.0,5.0,1.0,12.0,1.0,5.0,4.0,10.0,16.0,1.0,7.0,13.0,13.0,10.0,0.0
11699,3.0,5.0,9.0,2.0,0.0,0.0,3.0,8.0,5.0,1.0,12.0,1.0,5.0,4.0,10.0,16.0,1.0,7.0,13.0,13.0,10.0,52.0,26.0,49.0,-12.646666666666667,1.0,5.0,9.0,2.0,0.0,0.0,4.0,9.0,6.0,2.0,13.0,1.0,6.0,5.0,11.0,1.0,1.0,8.0,14.0,14.0,11.0,1.0
11700,2.0,0.0,7.0,9.0,8.0,1.0,1.0,1.0,1.0,1.0,1.0,1.0,1.0,1.0,1.0,1.0,1.0,1.0,1.0,1.0,1.0,65.0,26.0,12.0,-15.75,2.0,0.0,9.0,9.0,6.0,1.0,2.0,2.0,1.0,2.0,2.0,1.0,2.0,2.0,2.0,2.0,2.0,2.0,2.0,1.0,2.0,0.0
11701,2.0,0.0,9.0,9.0,6.0,1.0,2.0,2.0,1.0,2.0,2.0,1.0,2.0,2.0,2.0,2.0,2.0,2.0,2.0,1.0,2.0,18.0,26.0,77.0,-8.18,2.0,2.0,9.0,9.0,4.0,1.0,3.0,3.0,2.0,1.0,3.0,1.0,3.0,3.0,3.0,3.0,3.0,3.0,3.0,2.0,3.0,0.0
11702,2.0,2.0,9.0,9.0,4.0,1.0,3.0,3.0,2.0,1.0,3.0,1.0,3.0,3.0,3.0,3.0,3.0,3.0,3.0,2.0,3.0,18.0,26.0,77.0,-7.1866666666666665,2.0,4.0,9.0,9.0,2.0,1.0,4.0,4.0,3.0,1.0,4.0,1.0,4.0,4.0,4.0,4.0,4.0,4.0,4.0,3.0,4.0,0.0
11703,2.0,4.0,9.0,9.0,2.0,1.0,4.0,4.0,3.0,1.0,4.0,1.0,4.0,4.0,4.0,4.0,4.0,4.0,4.0,3.0,4.0,52.0,26.0,17.0,-13.676666666666666,0.0,4.0,9.0,9.0,0.0,1.0,5.0,5.0,4.0,1.0,5.0,1.0,5.0,5.0,5.0,5.0,1.0,5.0,5.0,4.0,5.0,0.0
11704,0.0,4.0,9.0,9.0,0.0,1.0,5.0,5.0,4.0,1.0,5.0,1.0,5.0,5.0,5.0,5.0,1.0,5.0,5.0,4.0,5.0,52.0,26.0,2.0,-11.575,0.0,4.0,9.0,9.0,0.0,1.0,1.0,6.0,5.0,2.0,6.0,1.0,6.0,6.0,6.0,6.0,1.0,6.0,6.0,5.0,6.0,0.0
11705,0.0,4.0,9.0,9.0,0.0,1.0,1.0,6.0,5.0,2.0,6.0,1.0,6.0,6.0,6.0,6.0,1.0,6.0,6.0,5.0,6.0,52.0,26.0,12.0,-21.87333333333333,0.0,4.0,9.0,9.0,0.0,1.0,2.0,7.0,1.0,3.0,7.0,1.0,7.0,7.0,7.0,7.0,1.0,7.0,7.0,6.0,7.0,0.0
11706,0.0,4.0,9.0,9.0,0.0,1.0,2.0,7.0,1.0,3.0,7.0,1.0,7.0,7.0,7.0,7.0,1.0,7.0,7.0,6.0,7.0,52.0,33.0,5.0,-25.74833333333333,0.0,4.0,9.0,9.0,0.0,1.0,3.0,1.0,2.0,4.0,8.0,2.0,1.0,8.0,8.0,8.0,1.0,8.0,8.0,7.0,8.0,0.0
11707,0.0,4.0,9.0,9.0,0.0,1.0,3.0,1.0,2.0,4.0,8.0,2.0,1.0,8.0,8.0,8.0,1.0,8.0,8.0,7.0,8.0,52.0,42.0,25.0,-22.759999999999998,0.0,4.0,7.0,9.0,0.0,1.0,4.0,2.0,3.0,5.0,9.0,1.0,2.0,9.0,1.0,9.0,1.0,9.0,9.0,8.0,9.0,0.0
11708,0.0,4.0,7.0,9.0,0.0,1.0,4.0,2.0,3.0,5.0,9.0,1.0,2.0,9.0,1.0,9.0,1.0,9.0,9.0,8.0,9.0,52.0,22.0,49.0,-13.193333333333332,0.0,4.0,5.0,9.0,0.0,0.0,5.0,3.0,4.0,6.0,1.0,2.0,3.0,10.0,2.0,1.0,1.0,10.0,10.0,9.0,10.0,0.0
11709,0.0,4.0,5.0,9.0,0.0,0.0,5.0,3.0,4.0,6.0,1.0,2.0,3.0,10.0,2.0,1.0,1.0,10.0,10.0,9.0,10.0,52.0,42.0,2.0,-10.87,0.0,4.0,3.0,9.0,0.0,0.0,1.0,4.0,5.0,7.0,2.0,3.0,4.0,11.0,1.0,2.0,1.0,11.0,11.0,10.0,11.0,0.0
11710,0.0,4.0,3.0,9.0,0.0,0.0,1.0,4.0,5.0,7.0,2.0,3.0,4.0,11.0,1.0,2.0,1.0,11.0,11.0,10.0,11.0,52.0,10.0,2.0,-12.643333333333334,0.0,4.0,3.0,9.0,0.0,0.0,1.0,5.0,1.0,8.0,3.0,4.0,5.0,12.0,2.0,3.0,1.0,12.0,12.0,11.0,12.0,0.0
11711,0.0,4.0,3.0,9.0,0.0,0.0,1.0,5.0,1.0,8.0,3.0,4.0,5.0,12.0,2.0,3.0,1.0,12.0,12.0,11.0,12.0,52.0,74.0,37.0,-14.456666666666665,0.0,4.0,3.0,7.0,0.0,0.0,2.0,6.0,2.0,9.0,4.0,5.0,6.0,1.0,3.0,4.0,1.0,13.0,13.0,12.0,1.0,0.0
11712,0.0,4.0,3.0,7.0,0.0,0.0,2.0,6.0,2.0,9.0,4.0,5.0,6.0,1.0,3.0,4.0,1.0,13.0,13.0,12.0,1.0,52.0,42.0,17.0,-15.674999999999999,0.0,4.0,1.0,7.0,0.0,0.0,3.0,7.0,3.0,1.0,5.0,6.0,7.0,2.0,1.0,5.0,1.0,14.0,14.0,13.0,2.0,0.0
11713,0.0,4.0,1.0,7.0,0.0,0.0,3.0,7.0,3.0,1.0,5.0,6.0,7.0,2.0,1.0,5.0,1.0,14.0,14.0,13.0,2.0,52.0,67.0,49.0,-14.78833333333333,0.0,4.0,0.0,7.0,0.0,0.0,4.0,8.0,4.0,2.0,6.0,7.0,8.0,3.0,2.0,1.0,1.0,15.0,15.0,1.0,3.0,0.0
11714,0.0,4.0,0.0,7.0,0.0,0.0,4.0,8.0,4.0,2.0,6.0,7.0,8.0,3.0,2.0,1.0,1.0,15.0,15.0,1.0,3.0,52.0,67.0,2.0,-14.923333333333332,0.0,4.0,0.0,7.0,0.0,0.0,1.0,9.0,5.0,3.0,7.0,8.0,9.0,4.0,3.0,2.0,1.0,16.0,16.0,1.0,4.0,0.0
11715,0.0,4.0,0.0,7.0,0.0,0.0,1.0,9.0,5.0,3.0,7.0,8.0,9.0,4.0,3.0,2.0,1.0,16.0,16.0,1.0,4.0,52.0,29.0,12.0,-32.04,0.0,4.0,0.0,5.0,0.0,0.0,2.0,10.0,1.0,4.0,8.0,1.0,10.0,5.0,4.0,3.0,1.0,17.0,17.0,2.0,5.0,0.0
11716,0.0,4.0,0.0,5.0,0.0,0.0,2.0,10.0,1.0,4.0,8.0,1.0,10.0,5.0,4.0,3.0,1.0,17.0,17.0,2.0,5.0,52.0,55.0,62.0,-30.39666666666667,0.0,4.0,0.0,5.0,0.0,0.0,3.0,11.0,2.0,5.0,9.0,2.0,11.0,6.0,5.0,4.0,1.0,1.0,1.0,3.0,6.0,0.0
11717,0.0,4.0,0.0,5.0,0.0,0.0,3.0,11.0,2.0,5.0,9.0,2.0,11.0,6.0,5.0,4.0,1.0,1.0,1.0,3.0,6.0,73.0,33.0,67.0,-31.923333333333332,0.0,6.0,0.0,7.0,0.0,0.0,4.0,12.0,3.0,6.0,10.0,3.0,1.0,7.0,6.0,5.0,2.0,2.0,2.0,1.0,1.0,0.0
11718,0.0,6.0,0.0,7.0,0.0,0.0,4.0,12.0,3.0,6.0,10.0,3.0,1.0,7.0,6.0,5.0,2.0,2.0,2.0,1.0,1.0,17.0,24.0,50.0,-17.308333333333334,0.0,6.0,0.0,5.0,0.0,0.0,5.0,13.0,4.0,1.0,1.0,4.0,2.0,8.0,7.0,6.0,1.0,3.0,3.0,2.0,2.0,0.0
11719,0.0,6.0,0.0,5.0,0.0,0.0,5.0,13.0,4.0,1.0,1.0,4.0,2.0,8.0,7.0,6.0,1.0,3.0,3.0,2.0,2.0,35.0,7.0,5.0,-30.858333333333327,0.0,6.0,0.0,5.0,0.0,0.0,6.0,1.0,5.0,2.0,2.0,5.0,3.0,1.0,8.0,7.0,2.0,4.0,4.0,3.0,3.0,0.0
11720,0.0,6.0,0.0,5.0,0.0,0.0,6.0,1.0,5.0,2.0,2.0,5.0,3.0,1.0,8.0,7.0,2.0,4.0,4.0,3.0,3.0,11.0,63.0,47.0,-21.33666666666667,2.0,6.0,0.0,7.0,0.0,0.0,7.0,2.0,1.0,3.0,3.0,6.0,4.0,2.0,9.0,1.0,3.0,5.0,1.0,4.0,4.0,0.0
11721,2.0,6.0,0.0,7.0,0.0,0.0,7.0,2.0,1.0,3.0,3.0,6.0,4.0,2.0,9.0,1.0,3.0,5.0,1.0,4.0,4.0,2.0,35.0,25.0,-34.35666666666666,0.0,6.0,0.0,7.0,0.0,0.0,1.0,3.0,2.0,4.0,4.0,1.0,5.0,1.0,10.0,2.0,4.0,6.0,2.0,5.0,5.0,0.0
11722,0.0,6.0,0.0,7.0,0.0,0.0,1.0,3.0,2.0,4.0,4.0,1.0,5.0,1.0,10.0,2.0,4.0,6.0,2.0,5.0,5.0,52.0,42.0,17.0,-15.246666666666664,0.0,6.0,0.0,7.0,0.0,0.0,2.0,4.0,3.0,1.0,5.0,2.0,6.0,2.0,1.0,3.0,1.0,7.0,3.0,6.0,6.0,0.0
11723,0.0,6.0,0.0,7.0,0.0,0.0,2.0,4.0,3.0,1.0,5.0,2.0,6.0,2.0,1.0,3.0,1.0,7.0,3.0,6.0,6.0,52.0,24.0,49.0,-17.041666666666664,0.0,6.0,0.0,5.0,0.0,0.0,3.0,5.0,4.0,2.0,1.0,3.0,7.0,3.0,2.0,1.0,1.0,8.0,4.0,7.0,7.0,0.0
11724,0.0,6.0,0.0,5.0,0.0,0.0,3.0,5.0,4.0,2.0,1.0,3.0,7.0,3.0,2.0,1.0,1.0,8.0,4.0,7.0,7.0,52.0,10.0,72.0,-24.371666666666666,0.0,6.0,0.0,5.0,0.0,0.0,4.0,6.0,1.0,3.0,2.0,4.0,8.0,4.0,3.0,2.0,1.0,9.0,5.0,8.0,1.0,0.0
11725,0.0,6.0,0.0,5.0,0.0,0.0,4.0,6.0,1.0,3.0,2.0,4.0,8.0,4.0,3.0,2.0,1.0,9.0,5.0,8.0,1.0,42.0,20.0,49.0,-17.31,0.0,6.0,0.0,5.0,0.0,0.0,5.0,7.0,2.0,4.0,1.0,5.0,9.0,5.0,1.0,1.0,2.0,10.0,6.0,9.0,2.0,0.0
11726,0.0,6.0,0.0,5.0,0.0,0.0,5.0,7.0,2.0,4.0,1.0,5.0,9.0,5.0,1.0,1.0,2.0,10.0,6.0,9.0,2.0,42.0,20.0,37.0,-21.563333333333333,0.0,6.0,0.0,5.0,0.0,0.0,6.0,8.0,3.0,5.0,1.0,6.0,10.0,1.0,1.0,2.0,3.0,11.0,7.0,10.0,3.0,0.0
11727,0.0,6.0,0.0,5.0,0.0,0.0,6.0,8.0,3.0,5.0,1.0,6.0,10.0,1.0,1.0,2.0,3.0,11.0,7.0,10.0,3.0,52.0,20.0,49.0,-18.90833333333333,0.0,6.0,0.0,5.0,0.0,0.0,7.0,9.0,4.0,6.0,1.0,7.0,11.0,2.0,2.0,1.0,1.0,12.0,8.0,11.0,4.0,0.0
11728,0.0,6.0,0.0,5.0,0.0,0.0,7.0,9.0,4.0,6.0,1.0,7.0,11.0,2.0,2.0,1.0,1.0,12.0,8.0,11.0,4.0,52.0,20.0,2.0,-18.843333333333334,0.0,6.0,0.0,5.0,0.0,0.0,1.0,10.0,5.0,7.0,1.0,8.0,12.0,3.0,3.0,2.0,1.0,13.0,9.0,12.0,5.0,0.0
11729,0.0,6.0,0.0,5.0,0.0,0.0,1.0,10.0,5.0,7.0,1.0,8.0,12.0,3.0,3.0,2.0,1.0,13.0,9.0,12.0,5.0,42.0,20.0,12.0,-30.40333333333333,0.0,6.0,0.0,5.0,0.0,0.0,2.0,11.0,1.0,8.0,1.0,9.0,13.0,4.0,1.0,3.0,2.0,14.0,10.0,13.0,6.0,0.0
11730,0.0,6.0,0.0,5.0,0.0,0.0,2.0,11.0,1.0,8.0,1.0,9.0,13.0,4.0,1.0,3.0,2.0,14.0,10.0,13.0,6.0,57.0,20.0,37.0,-21.611666666666665,0.0,6.0,0.0,5.0,0.0,0.0,3.0,12.0,2.0,9.0,1.0,10.0,14.0,1.0,2.0,4.0,3.0,1.0,11.0,14.0,7.0,0.0
11731,0.0,6.0,0.0,5.0,0.0,0.0,3.0,12.0,2.0,9.0,1.0,10.0,14.0,1.0,2.0,4.0,3.0,1.0,11.0,14.0,7.0,42.0,20.0,8.0,-24.556666666666665,0.0,6.0,0.0,5.0,0.0,2.0,4.0,1.0,3.0,10.0,1.0,11.0,15.0,2.0,1.0,5.0,4.0,2.0,12.0,15.0,8.0,0.0
11732,0.0,6.0,0.0,5.0,0.0,2.0,4.0,1.0,3.0,10.0,1.0,11.0,15.0,2.0,1.0,5.0,4.0,2.0,12.0,15.0,8.0,11.0,63.0,52.0,-24.755,2.0,6.0,0.0,7.0,0.0,2.0,5.0,2.0,1.0,11.0,2.0,12.0,16.0,3.0,2.0,6.0,1.0,3.0,1.0,16.0,9.0,0.0
11733,2.0,6.0,0.0,7.0,0.0,2.0,5.0,2.0,1.0,11.0,2.0,12.0,16.0,3.0,2.0,6.0,1.0,3.0,1.0,16.0,9.0,11.0,66.0,67.0,-14.391666666666666,4.0,6.0,2.0,7.0,0.0,2.0,6.0,3.0,1.0,12.0,3.0,13.0,17.0,4.0,3.0,7.0,2.0,4.0,2.0,1.0,10.0,0.0
11734,4.0,6.0,2.0,7.0,0.0,2.0,6.0,3.0,1.0,12.0,3.0,13.0,17.0,4.0,3.0,7.0,2.0,4.0,2.0,1.0,10.0,11.0,63.0,67.0,-20.705,6.0,6.0,2.0,9.0,0.0,2.0,7.0,4.0,1.0,13.0,4.0,14.0,18.0,5.0,4.0,8.0,3.0,5.0,1.0,1.0,11.0,0.0
11735,6.0,6.0,2.0,9.0,0.0,2.0,7.0,4.0,1.0,13.0,4.0,14.0,18.0,5.0,4.0,8.0,3.0,5.0,1.0,1.0,11.0,11.0,63.0,67.0,-22.125,8.0,6.0,2.0,9.0,0.0,2.0,8.0,5.0,1.0,14.0,5.0,15.0,19.0,6.0,5.0,9.0,4.0,6.0,1.0,1.0,12.0,0.0
11736,8.0,6.0,2.0,9.0,0.0,2.0,8.0,5.0,1.0,14.0,5.0,15.0,19.0,6.0,5.0,9.0,4.0,6.0,1.0,1.0,12.0,11.0,63.0,67.0,-23.7,9.0,6.0,2.0,9.0,0.0,2.0,9.0,6.0,1.0,15.0,6.0,16.0,20.0,7.0,6.0,10.0,5.0,7.0,1.0,1.0,13.0,0.0
11737,9.0,6.0,2.0,9.0,0.0,2.0,9.0,6.0,1.0,15.0,6.0,16.0,20.0,7.0,6.0,10.0,5.0,7.0,1.0,1.0,13.0,35.0,63.0,25.0,-32.864999999999995,9.0,6.0,2.0,9.0,0.0,2.0,10.0,7.0,2.0,16.0,7.0,1.0,21.0,1.0,7.0,11.0,6.0,8.0,1.0,2.0,14.0,0.0
11738,9.0,6.0,2.0,9.0,0.0,2.0,10.0,7.0,2.0,16.0,7.0,1.0,21.0,1.0,7.0,11.0,6.0,8.0,1.0,2.0,14.0,79.0,63.0,17.0,-18.626666666666665,9.0,4.0,2.0,9.0,0.0,2.0,11.0,8.0,3.0,1.0,8.0,2.0,22.0,2.0,8.0,12.0,7.0,9.0,1.0,3.0,15.0,0.0
11739,9.0,4.0,2.0,9.0,0.0,2.0,11.0,8.0,3.0,1.0,8.0,2.0,22.0,2.0,8.0,12.0,7.0,9.0,1.0,3.0,15.0,52.0,54.0,72.0,-17.075000000000003,7.0,4.0,2.0,7.0,0.0,2.0,12.0,9.0,4.0,2.0,9.0,3.0,23.0,3.0,9.0,13.0,1.0,10.0,2.0,4.0,1.0,0.0
11740,7.0,4.0,2.0,7.0,0.0,2.0,12.0,9.0,4.0,2.0,9.0,3.0,23.0,3.0,9.0,13.0,1.0,10.0,2.0,4.0,1.0,33.0,14.0,17.0,-16.761666666666667,7.0,6.0,2.0,5.0,0.0,2.0,13.0,10.0,1.0,1.0,10.0,4.0,1.0,4.0,10.0,14.0,2.0,11.0,3.0,5.0,2.0,0.0
11741,7.0,6.0,2.0,5.0,0.0,2.0,13.0,10.0,1.0,1.0,10.0,4.0,1.0,4.0,10.0,14.0,2.0,11.0,3.0,5.0,2.0,0.0,49.0,50.0,-15.053333333333331,7.0,6.0,2.0,3.0,0.0,2.0,1.0,11.0,2.0,2.0,11.0,5.0,2.0,5.0,11.0,1.0,1.0,12.0,4.0,6.0,3.0,0.0
11742,7.0,6.0,2.0,3.0,0.0,2.0,1.0,11.0,2.0,2.0,11.0,5.0,2.0,5.0,11.0,1.0,1.0,12.0,4.0,6.0,3.0,42.0,69.0,17.0,-12.151666666666666,5.0,6.0,2.0,1.0,0.0,2.0,2.0,12.0,3.0,1.0,12.0,6.0,3.0,6.0,1.0,2.0,2.0,13.0,5.0,1.0,4.0,0.0
11743,5.0,6.0,2.0,1.0,0.0,2.0,2.0,12.0,3.0,1.0,12.0,6.0,3.0,6.0,1.0,2.0,2.0,13.0,5.0,1.0,4.0,9.0,27.0,9.0,-26.986666666666665,5.0,4.0,0.0,1.0,0.0,0.0,3.0,1.0,4.0,2.0,13.0,1.0,4.0,7.0,2.0,3.0,3.0,14.0,6.0,2.0,5.0,0.0
11744,5.0,4.0,0.0,1.0,0.0,0.0,3.0,1.0,4.0,2.0,13.0,1.0,4.0,7.0,2.0,3.0,3.0,14.0,6.0,2.0,5.0,15.0,22.0,67.0,-25.923333333333332,5.0,4.0,0.0,1.0,0.0,0.0,4.0,2.0,5.0,1.0,1.0,2.0,5.0,8.0,3.0,4.0,4.0,15.0,7.0,1.0,6.0,0.0
11745,5.0,4.0,0.0,1.0,0.0,0.0,4.0,2.0,5.0,1.0,1.0,2.0,5.0,8.0,3.0,4.0,4.0,15.0,7.0,1.0,6.0,39.0,74.0,40.0,-25.79,5.0,2.0,0.0,0.0,0.0,0.0,5.0,3.0,6.0,2.0,2.0,3.0,6.0,1.0,1.0,5.0,5.0,16.0,8.0,2.0,1.0,0.0
11746,5.0,2.0,0.0,0.0,0.0,0.0,5.0,3.0,6.0,2.0,2.0,3.0,6.0,1.0,1.0,5.0,5.0,16.0,8.0,2.0,1.0,0.0,63.0,40.0,-332.21166666666664,5.0,2.0,0.0,2.0,0.0,0.0,1.0,4.0,7.0,3.0,3.0,4.0,7.0,2.0,1.0,6.0,6.0,17.0,1.0,3.0,2.0,0.0
11747,5.0,2.0,0.0,2.0,0.0,0.0,1.0,4.0,7.0,3.0,3.0,4.0,7.0,2.0,1.0,6.0,6.0,17.0,1.0,3.0,2.0,57.0,10.0,10.0,-35.17666666666666,3.0,2.0,0.0,2.0,0.0,0.0,2.0,5.0,1.0,4.0,4.0,5.0,8.0,3.0,2.0,7.0,7.0,1.0,2.0,4.0,3.0,0.0
11748,3.0,2.0,0.0,2.0,0.0,0.0,2.0,5.0,1.0,4.0,4.0,5.0,8.0,3.0,2.0,7.0,7.0,1.0,2.0,4.0,3.0,51.0,54.0,52.0,-15.559999999999999,5.0,2.0,0.0,0.0,0.0,0.0,3.0,6.0,2.0,5.0,5.0,6.0,9.0,4.0,3.0,8.0,1.0,2.0,3.0,5.0,4.0,0.0
11749,5.0,2.0,0.0,0.0,0.0,0.0,3.0,6.0,2.0,5.0,5.0,6.0,9.0,4.0,3.0,8.0,1.0,2.0,3.0,5.0,4.0,11.0,31.0,67.0,-24.328333333333333,7.0,2.0,2.0,0.0,0.0,0.0,4.0,7.0,1.0,6.0,6.0,7.0,1.0,5.0,4.0,9.0,2.0,3.0,4.0,1.0,5.0,0.0
11750,7.0,2.0,2.0,0.0,0.0,0.0,4.0,7.0,1.0,6.0,6.0,7.0,1.0,5.0,4.0,9.0,2.0,3.0,4.0,1.0,5.0,35.0,58.0,27.0,-26.653333333333332,7.0,2.0,2.0,2.0,0.0,0.0,5.0,8.0,2.0,7.0,7.0,1.0,2.0,1.0,5.0,10.0,3.0,1.0,5.0,2.0,6.0,0.0
11751,7.0,2.0,2.0,2.0,0.0,0.0,5.0,8.0,2.0,7.0,7.0,1.0,2.0,1.0,5.0,10.0,3.0,1.0,5.0,2.0,6.0,0.0,49.0,50.0,-13.588333333333331,7.0,2.0,2.0,0.0,0.0,0.0,1.0,9.0,3.0,8.0,8.0,2.0,3.0,2.0,6.0,1.0,1.0,2.0,6.0,3.0,7.0,0.0
11752,7.0,2.0,2.0,0.0,0.0,0.0,1.0,9.0,3.0,8.0,8.0,2.0,3.0,2.0,6.0,1.0,1.0,2.0,6.0,3.0,7.0,8.0,33.0,67.0,-20.718333333333334,7.0,4.0,2.0,2.0,0.0,0.0,2.0,1.0,4.0,9.0,9.0,3.0,1.0,3.0,7.0,2.0,2.0,3.0,7.0,1.0,8.0,0.0
11753,7.0,4.0,2.0,2.0,0.0,0.0,2.0,1.0,4.0,9.0,9.0,3.0,1.0,3.0,7.0,2.0,2.0,3.0,7.0,1.0,8.0,68.0,42.0,17.0,-17.33,7.0,6.0,0.0,2.0,0.0,0.0,3.0,2.0,5.0,1.0,10.0,4.0,2.0,4.0,1.0,3.0,3.0,4.0,8.0,1.0,9.0,0.0
11754,7.0,6.0,0.0,2.0,0.0,0.0,3.0,2.0,5.0,1.0,10.0,4.0,2.0,4.0,1.0,3.0,3.0,4.0,8.0,1.0,9.0,11.0,50.0,61.0,-24.238333333333333,9.0,6.0,0.0,2.0,2.0,0.0,4.0,3.0,1.0,2.0,11.0,5.0,3.0,5.0,2.0,4.0,1.0,5.0,1.0,2.0,10.0,0.0
11755,9.0,6.0,0.0,2.0,2.0,0.0,4.0,3.0,1.0,2.0,11.0,5.0,3.0,5.0,2.0,4.0,1.0,5.0,1.0,2.0,10.0,2.0,33.0,67.0,-32.85333333333333,7.0,6.0,0.0,4.0,0.0,0.0,1.0,4.0,2.0,3.0,12.0,6.0,1.0,6.0,3.0,5.0,2.0,6.0,2.0,1.0,11.0,0.0
11756,7.0,6.0,0.0,4.0,0.0,0.0,1.0,4.0,2.0,3.0,12.0,6.0,1.0,6.0,3.0,5.0,2.0,6.0,2.0,1.0,11.0,35.0,22.0,67.0,-24.061666666666667,7.0,6.0,0.0,4.0,0.0,0.0,2.0,5.0,3.0,4.0,1.0,7.0,2.0,1.0,4.0,6.0,3.0,7.0,3.0,1.0,12.0,0.0
11757,7.0,6.0,0.0,4.0,0.0,0.0,2.0,5.0,3.0,4.0,1.0,7.0,2.0,1.0,4.0,6.0,3.0,7.0,3.0,1.0,12.0,13.0,74.0,72.0,-21.581666666666667,7.0,8.0,0.0,2.0,0.0,0.0,3.0,6.0,1.0,5.0,2.0,8.0,3.0,2.0,5.0,7.0,4.0,8.0,4.0,2.0,1.0,0.0
11758,7.0,8.0,0.0,2.0,0.0,0.0,3.0,6.0,1.0,5.0,2.0,8.0,3.0,2.0,5.0,7.0,4.0,8.0,4.0,2.0,1.0,39.0,59.0,17.0,-27.006666666666668,7.0,6.0,0.0,0.0,0.0,0.0,4.0,7.0,2.0,1.0,3.0,9.0,4.0,1.0,6.0,8.0,5.0,1.0,5.0,3.0,2.0,0.0
11759,7.0,6.0,0.0,0.0,0.0,0.0,4.0,7.0,2.0,1.0,3.0,9.0,4.0,1.0,6.0,8.0,5.0,1.0,5.0,3.0,2.0,11.0,77.0,51.0,-9.559999999999999,9.0,6.0,0.0,0.0,2.0,0.0,5.0,8.0,1.0,2.0,4.0,10.0,5.0,2.0,7.0,9.0,1.0,2.0,6.0,4.0,3.0,0.0
11760,9.0,6.0,0.0,0.0,2.0,0.0,5.0,8.0,1.0,2.0,4.0,10.0,5.0,2.0,7.0,9.0,1.0,2.0,6.0,4.0,3.0,11.0,49.0,47.0,-10.978333333333333,9.0,6.0,0.0,0.0,0.0,0.0,6.0,9.0,1.0,3.0,5.0,11.0,6.0,3.0,8.0,1.0,2.0,3.0,7.0,5.0,4.0,0.0
11761,9.0,6.0,0.0,0.0,0.0,0.0,6.0,9.0,1.0,3.0,5.0,11.0,6.0,3.0,8.0,1.0,2.0,3.0,7.0,5.0,4.0,8.0,54.0,51.0,-19.925,9.0,8.0,0.0,0.0,2.0,0.0,7.0,1.0,2.0,4.0,6.0,12.0,7.0,4.0,9.0,2.0,1.0,4.0,8.0,6.0,5.0,0.0
11762,9.0,8.0,0.0,0.0,2.0,0.0,7.0,1.0,2.0,4.0,6.0,12.0,7.0,4.0,9.0,2.0,1.0,4.0,8.0,6.0,5.0,11.0,42.0,67.0,-24.906666666666666,9.0,8.0,0.0,0.0,0.0,0.0,8.0,2.0,1.0,5.0,7.0,13.0,8.0,5.0,1.0,3.0,2.0,5.0,9.0,1.0,6.0,0.0
11763,9.0,8.0,0.0,0.0,0.0,0.0,8.0,2.0,1.0,5.0,7.0,13.0,8.0,5.0,1.0,3.0,2.0,5.0,9.0,1.0,6.0,11.0,2.0,61.0,-23.62166666666667,9.0,8.0,0.0,0.0,2.0,0.0,1.0,3.0,1.0,6.0,8.0,14.0,9.0,6.0,2.0,4.0,3.0,6.0,1.0,2.0,7.0,0.0
11764,9.0,8.0,0.0,0.0,2.0,0.0,1.0,3.0,1.0,6.0,8.0,14.0,9.0,6.0,2.0,4.0,3.0,6.0,1.0,2.0,7.0,51.0,2.0,48.0,-13.858333333333334,9.0,8.0,0.0,0.0,2.0,2.0,1.0,4.0,2.0,7.0,9.0,15.0,10.0,7.0,3.0,1.0,1.0,7.0,2.0,3.0,8.0,0.0
11765,9.0,8.0,0.0,0.0,2.0,2.0,1.0,4.0,2.0,7.0,9.0,15.0,10.0,7.0,3.0,1.0,1.0,7.0,2.0,3.0,8.0,51.0,31.0,48.0,-20.258333333333333,9.0,8.0,2.0,0.0,2.0,4.0,2.0,5.0,3.0,8.0,10.0,16.0,1.0,8.0,4.0,1.0,1.0,8.0,3.0,4.0,9.0,0.0
11766,9.0,8.0,2.0,0.0,2.0,4.0,2.0,5.0,3.0,8.0,10.0,16.0,1.0,8.0,4.0,1.0,1.0,8.0,3.0,4.0,9.0,68.0,39.0,10.0,-17.468333333333334,9.0,9.0,2.0,0.0,2.0,4.0,3.0,6.0,1.0,9.0,11.0,17.0,2.0,1.0,5.0,2.0,2.0,9.0,4.0,1.0,10.0,0.0
11767,9.0,9.0,2.0,0.0,2.0,4.0,3.0,6.0,1.0,9.0,11.0,17.0,2.0,1.0,5.0,2.0,2.0,9.0,4.0,1.0,10.0,68.0,19.0,48.0,-18.288333333333334,9.0,9.0,2.0,0.0,2.0,6.0,4.0,7.0,2.0,1.0,12.0,18.0,3.0,2.0,6.0,1.0,3.0,10.0,5.0,1.0,11.0,0.0
11768,9.0,9.0,2.0,0.0,2.0,6.0,4.0,7.0,2.0,1.0,12.0,18.0,3.0,2.0,6.0,1.0,3.0,10.0,5.0,1.0,11.0,67.0,19.0,10.0,-18.401666666666664,7.0,9.0,2.0,0.0,2.0,6.0,5.0,8.0,1.0,1.0,13.0,19.0,4.0,3.0,7.0,2.0,4.0,11.0,6.0,1.0,12.0,0.0
11769,7.0,9.0,2.0,0.0,2.0,6.0,5.0,8.0,1.0,1.0,13.0,19.0,4.0,3.0,7.0,2.0,4.0,11.0,6.0,1.0,12.0,67.0,19.0,51.0,-16.366666666666667,5.0,9.0,2.0,0.0,4.0,6.0,6.0,9.0,2.0,1.0,14.0,20.0,5.0,4.0,8.0,3.0,1.0,12.0,7.0,1.0,13.0,0.0
11770,5.0,9.0,2.0,0.0,4.0,6.0,6.0,9.0,2.0,1.0,14.0,20.0,5.0,4.0,8.0,3.0,1.0,12.0,7.0,1.0,13.0,67.0,19.0,47.0,-18.428333333333335,3.0,9.0,2.0,0.0,2.0,6.0,7.0,10.0,3.0,1.0,15.0,21.0,6.0,5.0,9.0,1.0,2.0,13.0,8.0,1.0,14.0,0.0
11771,3.0,9.0,2.0,0.0,2.0,6.0,7.0,10.0,3.0,1.0,15.0,21.0,6.0,5.0,9.0,1.0,2.0,13.0,8.0,1.0,14.0,72.0,19.0,10.0,-16.678333333333335,1.0,9.0,2.0,0.0,2.0,6.0,8.0,11.0,1.0,1.0,16.0,22.0,7.0,6.0,10.0,2.0,3.0,14.0,9.0,2.0,1.0,0.0
11772,1.0,9.0,2.0,0.0,2.0,6.0,8.0,11.0,1.0,1.0,16.0,22.0,7.0,6.0,10.0,2.0,3.0,14.0,9.0,2.0,1.0,42.0,2.0,5.0,-18.07,0.0,9.0,0.0,0.0,2.0,6.0,1.0,1.0,2.0,2.0,17.0,23.0,8.0,7.0,1.0,3.0,4.0,15.0,10.0,3.0,2.0,0.0
11773,0.0,9.0,0.0,0.0,2.0,6.0,1.0,1.0,2.0,2.0,17.0,23.0,8.0,7.0,1.0,3.0,4.0,15.0,10.0,3.0,2.0,42.0,2.0,18.0,-13.223333333333333,0.0,9.0,0.0,0.0,2.0,8.0,1.0,2.0,3.0,1.0,18.0,24.0,9.0,8.0,1.0,4.0,5.0,16.0,11.0,4.0,3.0,0.0
11774,0.0,9.0,0.0,0.0,2.0,8.0,1.0,2.0,3.0,1.0,18.0,24.0,9.0,8.0,1.0,4.0,5.0,16.0,11.0,4.0,3.0,42.0,2.0,10.0,-15.75,0.0,9.0,0.0,0.0,2.0,8.0,1.0,3.0,1.0,2.0,19.0,25.0,10.0,9.0,1.0,5.0,6.0,17.0,12.0,5.0,4.0,0.0
11775,0.0,9.0,0.0,0.0,2.0,8.0,1.0,3.0,1.0,2.0,19.0,25.0,10.0,9.0,1.0,5.0,6.0,17.0,12.0,5.0,4.0,42.0,2.0,18.0,-15.398333333333332,0.0,9.0,0.0,0.0,2.0,9.0,1.0,4.0,2.0,1.0,20.0,26.0,11.0,10.0,1.0,6.0,7.0,18.0,13.0,6.0,5.0,0.0
11776,0.0,9.0,0.0,0.0,2.0,9.0,1.0,4.0,2.0,1.0,20.0,26.0,11.0,10.0,1.0,6.0,7.0,18.0,13.0,6.0,5.0,42.0,2.0,18.0,-16.19833333333333,0.0,9.0,0.0,0.0,2.0,9.0,1.0,5.0,3.0,1.0,21.0,27.0,12.0,11.0,1.0,7.0,8.0,19.0,14.0,7.0,6.0,0.0
11777,0.0,9.0,0.0,0.0,2.0,9.0,1.0,5.0,3.0,1.0,21.0,27.0,12.0,11.0,1.0,7.0,8.0,19.0,14.0,7.0,6.0,42.0,2.0,18.0,-16.998333333333335,0.0,9.0,0.0,0.0,2.0,9.0,1.0,6.0,4.0,1.0,22.0,28.0,13.0,12.0,1.0,8.0,9.0,20.0,15.0,8.0,7.0,0.0
11778,0.0,9.0,0.0,0.0,2.0,9.0,1.0,6.0,4.0,1.0,22.0,28.0,13.0,12.0,1.0,8.0,9.0,20.0,15.0,8.0,7.0,42.0,2.0,18.0,-17.798333333333332,0.0,9.0,0.0,0.0,2.0,9.0,1.0,7.0,5.0,1.0,23.0,29.0,14.0,13.0,1.0,9.0,10.0,21.0,16.0,9.0,8.0,0.0
11779,0.0,9.0,0.0,0.0,2.0,9.0,1.0,7.0,5.0,1.0,23.0,29.0,14.0,13.0,1.0,9.0,10.0,21.0,16.0,9.0,8.0,42.0,2.0,18.0,-18.598333333333333,0.0,9.0,0.0,0.0,2.0,9.0,1.0,8.0,6.0,1.0,24.0,30.0,15.0,14.0,1.0,10.0,11.0,22.0,17.0,10.0,9.0,0.0
11780,0.0,9.0,0.0,0.0,2.0,9.0,1.0,8.0,6.0,1.0,24.0,30.0,15.0,14.0,1.0,10.0,11.0,22.0,17.0,10.0,9.0,42.0,2.0,18.0,-19.398333333333333,0.0,9.0,0.0,0.0,2.0,9.0,1.0,9.0,7.0,1.0,25.0,31.0,16.0,15.0,1.0,11.0,12.0,23.0,18.0,11.0,10.0,0.0
11781,0.0,9.0,0.0,0.0,2.0,9.0,1.0,9.0,7.0,1.0,25.0,31.0,16.0,15.0,1.0,11.0,12.0,23.0,18.0,11.0,10.0,42.0,2.0,18.0,-20.19833333333333,0.0,9.0,0.0,0.0,2.0,9.0,1.0,10.0,8.0,1.0,26.0,32.0,17.0,16.0,1.0,12.0,13.0,24.0,19.0,12.0,11.0,0.0
11782,0.0,9.0,0.0,0.0,2.0,9.0,1.0,10.0,8.0,1.0,26.0,32.0,17.0,16.0,1.0,12.0,13.0,24.0,19.0,12.0,11.0,42.0,2.0,18.0,-20.998333333333335,0.0,9.0,0.0,0.0,2.0,9.0,1.0,11.0,9.0,1.0,27.0,33.0,18.0,17.0,1.0,13.0,14.0,25.0,20.0,13.0,12.0,0.0
11783,0.0,9.0,0.0,0.0,2.0,9.0,1.0,11.0,9.0,1.0,27.0,33.0,18.0,17.0,1.0,13.0,14.0,25.0,20.0,13.0,12.0,42.0,2.0,18.0,-21.798333333333332,0.0,9.0,0.0,0.0,2.0,9.0,1.0,12.0,10.0,1.0,28.0,34.0,19.0,18.0,1.0,14.0,15.0,26.0,21.0,14.0,13.0,0.0
11784,0.0,9.0,0.0,0.0,2.0,9.0,1.0,12.0,10.0,1.0,28.0,34.0,19.0,18.0,1.0,14.0,15.0,26.0,21.0,14.0,13.0,42.0,39.0,18.0,-25.65,0.0,9.0,0.0,0.0,2.0,9.0,2.0,13.0,11.0,1.0,29.0,35.0,20.0,1.0,1.0,15.0,16.0,27.0,22.0,15.0,14.0,0.0
11785,0.0,9.0,0.0,0.0,2.0,9.0,2.0,13.0,11.0,1.0,29.0,35.0,20.0,1.0,1.0,15.0,16.0,27.0,22.0,15.0,14.0,42.0,2.0,18.0,-22.19833333333333,0.0,9.0,0.0,0.0,2.0,9.0,1.0,14.0,12.0,1.0,30.0,36.0,21.0,2.0,1.0,16.0,17.0,28.0,23.0,16.0,15.0,0.0
11786,0.0,9.0,0.0,0.0,2.0,9.0,1.0,14.0,12.0,1.0,30.0,36.0,21.0,2.0,1.0,16.0,17.0,28.0,23.0,16.0,15.0,42.0,2.0,18.0,-22.99833333333333,0.0,9.0,0.0,0.0,2.0,9.0,1.0,15.0,13.0,1.0,31.0,37.0,22.0,3.0,1.0,17.0,18.0,29.0,24.0,17.0,16.0,0.0
11787,0.0,9.0,0.0,0.0,2.0,9.0,1.0,15.0,13.0,1.0,31.0,37.0,22.0,3.0,1.0,17.0,18.0,29.0,24.0,17.0,16.0,42.0,2.0,18.0,-23.798333333333332,0.0,9.0,0.0,0.0,2.0,9.0,1.0,16.0,14.0,1.0,32.0,38.0,23.0,4.0,1.0,18.0,19.0,30.0,25.0,18.0,17.0,0.0
11788,0.0,9.0,0.0,0.0,2.0,9.0,1.0,16.0,14.0,1.0,32.0,38.0,23.0,4.0,1.0,18.0,19.0,30.0,25.0,18.0,17.0,42.0,52.0,18.0,-26.808333333333334,0.0,9.0,0.0,0.0,2.0,9.0,2.0,17.0,15.0,1.0,33.0,39.0,24.0,5.0,1.0,19.0,1.0,31.0,26.0,19.0,18.0,0.0
11789,0.0,9.0,0.0,0.0,2.0,9.0,2.0,17.0,15.0,1.0,33.0,39.0,24.0,5.0,1.0,19.0,1.0,31.0,26.0,19.0,18.0,42.0,49.0,49.0,-24.459999999999997,0.0,9.0,0.0,0.0,2.0,7.0,3.0,18.0,16.0,2.0,34.0,40.0,25.0,6.0,1.0,1.0,2.0,32.0,27.0,20.0,19.0,0.0
11790,0.0,9.0,0.0,0.0,2.0,7.0,3.0,18.0,16.0,2.0,34.0,40.0,25.0,6.0,1.0,1.0,2.0,32.0,27.0,20.0,19.0,42.0,23.0,18.0,-29.038333333333334,0.0,9.0,0.0,2.0,2.0,9.0,4.0,19.0,17.0,1.0,1.0,41.0,26.0,7.0,1.0,2.0,3.0,33.0,28.0,21.0,20.0,0.0
11791,0.0,9.0,0.0,2.0,2.0,9.0,4.0,19.0,17.0,1.0,1.0,41.0,26.0,7.0,1.0,2.0,3.0,33.0,28.0,21.0,20.0,42.0,7.0,72.0,-25.201666666666668,0.0,9.0,0.0,2.0,0.0,9.0,5.0,1.0,18.0,2.0,2.0,42.0,27.0,8.0,1.0,3.0,4.0,34.0,29.0,22.0,1.0,0.0
11792,0.0,9.0,0.0,2.0,0.0,9.0,5.0,1.0,18.0,2.0,2.0,42.0,27.0,8.0,1.0,3.0,4.0,34.0,29.0,22.0,1.0,42.0,14.0,59.0,-28.248333333333335,0.0,9.0,0.0,0.0,0.0,7.0,6.0,2.0,1.0,3.0,3.0,43.0,28.0,9.0,1.0,4.0,5.0,1.0,30.0,23.0,2.0,0.0
11793,0.0,9.0,0.0,0.0,0.0,7.0,6.0,2.0,1.0,3.0,3.0,43.0,28.0,9.0,1.0,4.0,5.0,1.0,30.0,23.0,2.0,26.0,52.0,61.0,-27.61333333333333,2.0,9.0,0.0,0.0,2.0,7.0,7.0,3.0,2.0,4.0,4.0,1.0,29.0,10.0,2.0,5.0,1.0,2.0,1.0,24.0,3.0,0.0
11794,2.0,9.0,0.0,0.0,2.0,7.0,7.0,3.0,2.0,4.0,4.0,1.0,29.0,10.0,2.0,5.0,1.0,2.0,1.0,24.0,3.0,42.0,54.0,24.0,-19.466666666666665,0.0,9.0,0.0,0.0,2.0,5.0,8.0,4.0,3.0,5.0,1.0,2.0,30.0,11.0,1.0,6.0,1.0,3.0,2.0,25.0,4.0,0.0
11795,0.0,9.0,0.0,0.0,2.0,5.0,8.0,4.0,3.0,5.0,1.0,2.0,30.0,11.0,1.0,6.0,1.0,3.0,2.0,25.0,4.0,42.0,34.0,24.0,-26.703333333333333,0.0,9.0,0.0,0.0,2.0,3.0,9.0,5.0,4.0,6.0,1.0,3.0,1.0,12.0,1.0,7.0,2.0,4.0,3.0,26.0,5.0,0.0
11796,0.0,9.0,0.0,0.0,2.0,3.0,9.0,5.0,4.0,6.0,1.0,3.0,1.0,12.0,1.0,7.0,2.0,4.0,3.0,26.0,5.0,67.0,36.0,69.0,-17.729999999999997,0.0,9.0,2.0,0.0,2.0,1.0,10.0,6.0,5.0,7.0,2.0,4.0,2.0,1.0,2.0,8.0,3.0,5.0,4.0,1.0,6.0,0.0
11797,0.0,9.0,2.0,0.0,2.0,1.0,10.0,6.0,5.0,7.0,2.0,4.0,2.0,1.0,2.0,8.0,3.0,5.0,4.0,1.0,6.0,19.0,2.0,47.0,-7.298333333333334,0.0,7.0,0.0,0.0,0.0,1.0,1.0,7.0,6.0,1.0,3.0,5.0,3.0,2.0,3.0,1.0,4.0,6.0,5.0,2.0,7.0,0.0
11798,0.0,7.0,0.0,0.0,0.0,1.0,1.0,7.0,6.0,1.0,3.0,5.0,3.0,2.0,3.0,1.0,4.0,6.0,5.0,2.0,7.0,42.0,36.0,69.0,-17.596666666666668,0.0,7.0,2.0,0.0,0.0,0.0,2.0,8.0,7.0,2.0,4.0,6.0,4.0,1.0,1.0,2.0,5.0,7.0,6.0,1.0,8.0,0.0
11799,0.0,7.0,2.0,0.0,0.0,0.0,2.0,8.0,7.0,2.0,4.0,6.0,4.0,1.0,1.0,2.0,5.0,7.0,6.0,1.0,8.0,42.0,7.0,2.0,-17.243333333333332,0.0,7.0,0.0,0.0,0.0,0.0,1.0,1.0,8.0,3.0,5.0,7.0,5.0,2.0,1.0,3.0,6.0,8.0,7.0,2.0,9.0,1.0
11800,1.0,6.0,9.0,3.0,7.0,3.0,1.0,1.0,1.0,1.0,1.0,1.0,1.0,1.0,1.0,1.0,1.0,1.0,1.0,1.0,1.0,52.0,9.0,12.0,-8.775,0.0,6.0,9.0,1.0,5.0,3.0,2.0,1.0,1.0,2.0,2.0,2.0,2.0,2.0,2.0,2.0,1.0,2.0,2.0,2.0,2.0,0.0
11801,0.0,6.0,9.0,1.0,5.0,3.0,2.0,1.0,1.0,2.0,2.0,2.0,2.0,2.0,2.0,2.0,1.0,2.0,2.0,2.0,2.0,52.0,39.0,77.0,-7.559999999999999,0.0,6.0,9.0,0.0,3.0,3.0,3.0,2.0,2.0,3.0,3.0,3.0,3.0,1.0,3.0,3.0,1.0,3.0,3.0,3.0,3.0,0.0
11802,0.0,6.0,9.0,0.0,3.0,3.0,3.0,2.0,2.0,3.0,3.0,3.0,3.0,1.0,3.0,3.0,1.0,3.0,3.0,3.0,3.0,52.0,39.0,15.0,-10.396666666666665,0.0,6.0,9.0,0.0,3.0,3.0,4.0,3.0,3.0,1.0,4.0,4.0,4.0,1.0,4.0,4.0,1.0,4.0,4.0,4.0,4.0,0.0
11803,0.0,6.0,9.0,0.0,3.0,3.0,4.0,3.0,3.0,1.0,4.0,4.0,4.0,1.0,4.0,4.0,1.0,4.0,4.0,4.0,4.0,72.0,39.0,51.0,-7.431666666666667,0.0,6.0,9.0,0.0,5.0,3.0,5.0,4.0,4.0,2.0,5.0,5.0,5.0,1.0,5.0,5.0,1.0,5.0,5.0,5.0,1.0,0.0
11804,0.0,6.0,9.0,0.0,5.0,3.0,5.0,4.0,4.0,2.0,5.0,5.0,5.0,1.0,5.0,5.0,1.0,5.0,5.0,5.0,1.0,42.0,52.0,51.0,-12.991666666666665,0.0,6.0,7.0,0.0,7.0,3.0,6.0,5.0,5.0,3.0,6.0,6.0,6.0,2.0,1.0,6.0,1.0,6.0,6.0,6.0,2.0,0.0
11805,0.0,6.0,7.0,0.0,7.0,3.0,6.0,5.0,5.0,3.0,6.0,6.0,6.0,2.0,1.0,6.0,1.0,6.0,6.0,6.0,2.0,29.0,52.0,12.0,-20.476666666666667,0.0,4.0,5.0,0.0,5.0,3.0,7.0,6.0,1.0,4.0,7.0,1.0,7.0,3.0,2.0,7.0,1.0,7.0,7.0,7.0,3.0,0.0
11806,0.0,4.0,5.0,0.0,5.0,3.0,7.0,6.0,1.0,4.0,7.0,1.0,7.0,3.0,2.0,7.0,1.0,7.0,7.0,7.0,3.0,39.0,20.0,51.0,-17.178333333333335,0.0,2.0,5.0,0.0,7.0,3.0,8.0,7.0,2.0,5.0,1.0,2.0,8.0,1.0,3.0,8.0,1.0,8.0,8.0,8.0,4.0,0.0
11807,0.0,2.0,5.0,0.0,7.0,3.0,8.0,7.0,2.0,5.0,1.0,2.0,8.0,1.0,3.0,8.0,1.0,8.0,8.0,8.0,4.0,17.0,63.0,51.0,-18.485,0.0,2.0,5.0,2.0,9.0,3.0,9.0,8.0,3.0,1.0,2.0,3.0,9.0,2.0,4.0,9.0,1.0,9.0,1.0,9.0,5.0,0.0
11808,0.0,2.0,5.0,2.0,9.0,3.0,9.0,8.0,3.0,1.0,2.0,3.0,9.0,2.0,4.0,9.0,1.0,9.0,1.0,9.0,5.0,7.0,47.0,24.0,-16.203333333333333,0.0,2.0,3.0,2.0,9.0,1.0,10.0,1.0,4.0,2.0,1.0,4.0,10.0,3.0,5.0,1.0,2.0,10.0,2.0,10.0,6.0,0.0
11809,0.0,2.0,3.0,2.0,9.0,1.0,10.0,1.0,4.0,2.0,1.0,4.0,10.0,3.0,5.0,1.0,2.0,10.0,2.0,10.0,6.0,39.0,42.0,24.0,-21.098333333333333,0.0,0.0,1.0,2.0,9.0,0.0,11.0,2.0,5.0,3.0,1.0,5.0,11.0,1.0,1.0,2.0,3.0,11.0,3.0,11.0,7.0,0.0
11810,0.0,0.0,1.0,2.0,9.0,0.0,11.0,2.0,5.0,3.0,1.0,5.0,11.0,1.0,1.0,2.0,3.0,11.0,3.0,11.0,7.0,38.0,34.0,24.0,-26.03666666666666,0.0,2.0,1.0,0.0,9.0,0.0,12.0,3.0,6.0,4.0,1.0,6.0,1.0,1.0,2.0,3.0,4.0,12.0,4.0,12.0,8.0,0.0
11811,0.0,2.0,1.0,0.0,9.0,0.0,12.0,3.0,6.0,4.0,1.0,6.0,1.0,1.0,2.0,3.0,4.0,12.0,4.0,12.0,8.0,39.0,2.0,59.0,-34.825,0.0,0.0,0.0,0.0,9.0,0.0,1.0,4.0,7.0,5.0,2.0,7.0,2.0,1.0,3.0,4.0,5.0,1.0,5.0,13.0,9.0,0.0
11812,0.0,0.0,0.0,0.0,9.0,0.0,1.0,4.0,7.0,5.0,2.0,7.0,2.0,1.0,3.0,4.0,5.0,1.0,5.0,13.0,9.0,29.0,36.0,54.0,-27.983333333333334,0.0,0.0,2.0,0.0,9.0,0.0,2.0,5.0,8.0,6.0,3.0,1.0,3.0,1.0,4.0,5.0,1.0,2.0,6.0,14.0,10.0,0.0
11813,0.0,0.0,2.0,0.0,9.0,0.0,2.0,5.0,8.0,6.0,3.0,1.0,3.0,1.0,4.0,5.0,1.0,2.0,6.0,14.0,10.0,50.0,36.0,69.0,-17.221666666666664,0.0,0.0,4.0,0.0,9.0,0.0,3.0,6.0,9.0,7.0,4.0,2.0,4.0,1.0,5.0,6.0,1.0,3.0,7.0,1.0,11.0,0.0
11814,0.0,0.0,4.0,0.0,9.0,0.0,3.0,6.0,9.0,7.0,4.0,2.0,4.0,1.0,5.0,6.0,1.0,3.0,7.0,1.0,11.0,17.0,36.0,12.0,-18.638333333333335,0.0,0.0,6.0,0.0,7.0,0.0,4.0,7.0,1.0,1.0,5.0,3.0,5.0,1.0,6.0,7.0,2.0,4.0,8.0,2.0,12.0,0.0
11815,0.0,0.0,6.0,0.0,7.0,0.0,4.0,7.0,1.0,1.0,5.0,3.0,5.0,1.0,6.0,7.0,2.0,4.0,8.0,2.0,12.0,2.0,36.0,24.0,-11.531666666666666,0.0,0.0,8.0,0.0,7.0,0.0,1.0,8.0,2.0,2.0,1.0,4.0,6.0,1.0,7.0,8.0,3.0,5.0,9.0,3.0,13.0,0.0
11816,0.0,0.0,8.0,0.0,7.0,0.0,1.0,8.0,2.0,2.0,1.0,4.0,6.0,1.0,7.0,8.0,3.0,5.0,9.0,3.0,13.0,72.0,59.0,42.0,-43.105000000000004,0.0,0.0,8.0,0.0,5.0,0.0,2.0,9.0,3.0,3.0,2.0,5.0,7.0,2.0,1.0,9.0,4.0,1.0,10.0,4.0,1.0,0.0
11817,0.0,0.0,8.0,0.0,5.0,0.0,2.0,9.0,3.0,3.0,2.0,5.0,7.0,2.0,1.0,9.0,4.0,1.0,10.0,4.0,1.0,21.0,52.0,12.0,-24.905,2.0,0.0,6.0,0.0,3.0,0.0,3.0,10.0,1.0,4.0,1.0,6.0,8.0,3.0,2.0,10.0,1.0,2.0,11.0,5.0,2.0,0.0
11818,2.0,0.0,6.0,0.0,3.0,0.0,3.0,10.0,1.0,4.0,1.0,6.0,8.0,3.0,2.0,10.0,1.0,2.0,11.0,5.0,2.0,76.0,63.0,47.0,-311.33,4.0,0.0,6.0,2.0,1.0,0.0,4.0,11.0,2.0,5.0,2.0,7.0,9.0,4.0,3.0,1.0,2.0,3.0,1.0,6.0,3.0,0.0
11819,4.0,0.0,6.0,2.0,1.0,0.0,4.0,11.0,2.0,5.0,2.0,7.0,9.0,4.0,3.0,1.0,2.0,3.0,1.0,6.0,3.0,7.0,7.0,29.0,-21.825,2.0,0.0,4.0,2.0,1.0,0.0,5.0,1.0,3.0,6.0,3.0,1.0,10.0,5.0,4.0,2.0,3.0,4.0,2.0,7.0,4.0,0.0
11820,2.0,0.0,4.0,2.0,1.0,0.0,5.0,1.0,3.0,6.0,3.0,1.0,10.0,5.0,4.0,2.0,3.0,4.0,2.0,7.0,4.0,17.0,42.0,24.0,-24.28333333333333,0.0,0.0,2.0,2.0,1.0,0.0,6.0,2.0,4.0,1.0,1.0,2.0,11.0,6.0,1.0,3.0,4.0,5.0,3.0,8.0,5.0,0.0
11821,0.0,0.0,2.0,2.0,1.0,0.0,6.0,2.0,4.0,1.0,1.0,2.0,11.0,6.0,1.0,3.0,4.0,5.0,3.0,8.0,5.0,39.0,34.0,24.0,-27.33833333333333,0.0,0.0,2.0,0.0,1.0,0.0,7.0,3.0,5.0,2.0,1.0,3.0,1.0,1.0,2.0,4.0,5.0,6.0,4.0,9.0,6.0,0.0
11822,0.0,0.0,2.0,0.0,1.0,0.0,7.0,3.0,5.0,2.0,1.0,3.0,1.0,1.0,2.0,4.0,5.0,6.0,4.0,9.0,6.0,39.0,49.0,72.0,-22.334999999999997,0.0,0.0,2.0,0.0,0.0,0.0,8.0,4.0,6.0,3.0,2.0,4.0,2.0,1.0,3.0,1.0,6.0,7.0,5.0,10.0,1.0,0.0
11823,0.0,0.0,2.0,0.0,0.0,0.0,8.0,4.0,6.0,3.0,2.0,4.0,2.0,1.0,3.0,1.0,6.0,7.0,5.0,10.0,1.0,39.0,69.0,60.0,-35.75333333333334,0.0,0.0,2.0,0.0,0.0,0.0,9.0,5.0,7.0,4.0,3.0,5.0,3.0,1.0,4.0,2.0,7.0,8.0,1.0,1.0,2.0,0.0
11824,0.0,0.0,2.0,0.0,0.0,0.0,9.0,5.0,7.0,4.0,3.0,5.0,3.0,1.0,4.0,2.0,7.0,8.0,1.0,1.0,2.0,0.0,52.0,9.0,-18.923333333333332,0.0,0.0,0.0,0.0,0.0,0.0,1.0,1.0,8.0,5.0,4.0,6.0,4.0,2.0,5.0,3.0,1.0,9.0,2.0,2.0,3.0,0.0
11825,0.0,0.0,0.0,0.0,0.0,0.0,1.0,1.0,8.0,5.0,4.0,6.0,4.0,2.0,5.0,3.0,1.0,9.0,2.0,2.0,3.0,31.0,59.0,12.0,-37.43333333333334,2.0,0.0,0.0,0.0,0.0,0.0,2.0,2.0,1.0,6.0,5.0,7.0,1.0,3.0,6.0,4.0,2.0,1.0,3.0,3.0,4.0,0.0
11826,2.0,0.0,0.0,0.0,0.0,0.0,2.0,2.0,1.0,6.0,5.0,7.0,1.0,3.0,6.0,4.0,2.0,1.0,3.0,3.0,4.0,17.0,59.0,42.0,-32.45166666666667,0.0,0.0,0.0,0.0,0.0,0.0,3.0,3.0,2.0,1.0,6.0,8.0,2.0,4.0,1.0,5.0,3.0,1.0,4.0,4.0,5.0,0.0
11827,0.0,0.0,0.0,0.0,0.0,0.0,3.0,3.0,2.0,1.0,6.0,8.0,2.0,4.0,1.0,5.0,3.0,1.0,4.0,4.0,5.0,27.0,49.0,23.0,-28.465,0.0,0.0,0.0,0.0,0.0,2.0,4.0,4.0,3.0,2.0,1.0,1.0,3.0,5.0,2.0,1.0,4.0,2.0,5.0,5.0,6.0,0.0
11828,0.0,0.0,0.0,0.0,0.0,2.0,4.0,4.0,3.0,2.0,1.0,1.0,3.0,5.0,2.0,1.0,4.0,2.0,5.0,5.0,6.0,39.0,36.0,72.0,-18.501666666666665,0.0,0.0,2.0,0.0,0.0,2.0,5.0,5.0,4.0,3.0,2.0,2.0,4.0,1.0,3.0,2.0,5.0,3.0,6.0,6.0,1.0,0.0
11829,0.0,0.0,2.0,0.0,0.0,2.0,5.0,5.0,4.0,3.0,2.0,2.0,4.0,1.0,3.0,2.0,5.0,3.0,6.0,6.0,1.0,17.0,69.0,60.0,-31.366666666666667,0.0,0.0,2.0,0.0,0.0,2.0,6.0,6.0,5.0,1.0,3.0,3.0,5.0,2.0,4.0,3.0,6.0,4.0,1.0,1.0,2.0,0.0
11830,0.0,0.0,2.0,0.0,0.0,2.0,6.0,6.0,5.0,1.0,3.0,3.0,5.0,2.0,4.0,3.0,6.0,4.0,1.0,1.0,2.0,0.0,7.0,9.0,-22.111666666666668,0.0,0.0,0.0,0.0,0.0,0.0,1.0,1.0,6.0,2.0,4.0,4.0,6.0,3.0,5.0,4.0,7.0,5.0,2.0,2.0,3.0,0.0
11831,0.0,0.0,0.0,0.0,0.0,0.0,1.0,1.0,6.0,2.0,4.0,4.0,6.0,3.0,5.0,4.0,7.0,5.0,2.0,2.0,3.0,31.0,74.0,10.0,-35.596666666666664,2.0,0.0,0.0,0.0,0.0,0.0,2.0,2.0,1.0,3.0,5.0,5.0,1.0,4.0,6.0,5.0,8.0,6.0,3.0,3.0,1.0,0.0
11832,2.0,0.0,0.0,0.0,0.0,0.0,2.0,2.0,1.0,3.0,5.0,5.0,1.0,4.0,6.0,5.0,8.0,6.0,3.0,3.0,1.0,27.0,59.0,15.0,-36.43833333333334,0.0,0.0,0.0,0.0,0.0,0.0,3.0,3.0,2.0,1.0,6.0,1.0,2.0,5.0,7.0,6.0,9.0,1.0,4.0,4.0,2.0,0.0
11833,0.0,0.0,0.0,0.0,0.0,0.0,3.0,3.0,2.0,1.0,6.0,1.0,2.0,5.0,7.0,6.0,9.0,1.0,4.0,4.0,2.0,0.0,36.0,50.0,-13.209999999999999,0.0,0.0,2.0,0.0,0.0,0.0,1.0,4.0,3.0,2.0,7.0,2.0,3.0,1.0,8.0,7.0,1.0,2.0,5.0,5.0,3.0,0.0
11834,0.0,0.0,2.0,0.0,0.0,0.0,1.0,4.0,3.0,2.0,7.0,2.0,3.0,1.0,8.0,7.0,1.0,2.0,5.0,5.0,3.0,42.0,49.0,42.0,-25.61,0.0,0.0,2.0,0.0,0.0,0.0,2.0,5.0,4.0,3.0,8.0,3.0,4.0,2.0,1.0,1.0,2.0,3.0,6.0,6.0,4.0,0.0
11835,0.0,0.0,2.0,0.0,0.0,0.0,2.0,5.0,4.0,3.0,8.0,3.0,4.0,2.0,1.0,1.0,2.0,3.0,6.0,6.0,4.0,67.0,69.0,12.0,-30.593333333333337,0.0,0.0,2.0,0.0,0.0,0.0,3.0,6.0,1.0,4.0,9.0,4.0,5.0,3.0,2.0,2.0,3.0,4.0,7.0,1.0,5.0,0.0
11836,0.0,0.0,2.0,0.0,0.0,0.0,3.0,6.0,1.0,4.0,9.0,4.0,5.0,3.0,2.0,2.0,3.0,4.0,7.0,1.0,5.0,27.0,6.0,9.0,-28.756666666666668,0.0,0.0,4.0,0.0,0.0,0.0,4.0,1.0,2.0,5.0,10.0,1.0,6.0,4.0,3.0,3.0,4.0,5.0,8.0,2.0,6.0,0.0
11837,0.0,0.0,4.0,0.0,0.0,0.0,4.0,1.0,2.0,5.0,10.0,1.0,6.0,4.0,3.0,3.0,4.0,5.0,8.0,2.0,6.0,15.0,36.0,52.0,-15.714999999999998,0.0,0.0,6.0,0.0,0.0,0.0,5.0,2.0,3.0,1.0,11.0,2.0,7.0,1.0,4.0,4.0,1.0,6.0,9.0,3.0,7.0,0.0
11838,0.0,0.0,6.0,0.0,0.0,0.0,5.0,2.0,3.0,1.0,11.0,2.0,7.0,1.0,4.0,4.0,1.0,6.0,9.0,3.0,7.0,15.0,79.0,60.0,-30.928333333333335,0.0,0.0,6.0,0.0,0.0,0.0,6.0,3.0,4.0,1.0,12.0,3.0,8.0,2.0,5.0,5.0,2.0,7.0,1.0,4.0,8.0,0.0
11839,0.0,0.0,6.0,0.0,0.0,0.0,6.0,3.0,4.0,1.0,12.0,3.0,8.0,2.0,5.0,5.0,2.0,7.0,1.0,4.0,8.0,2.0,31.0,24.0,-17.795,0.0,0.0,8.0,0.0,0.0,0.0,1.0,4.0,5.0,2.0,1.0,4.0,1.0,3.0,6.0,6.0,3.0,8.0,2.0,5.0,9.0,0.0
11840,0.0,0.0,8.0,0.0,0.0,0.0,1.0,4.0,5.0,2.0,1.0,4.0,1.0,3.0,6.0,6.0,3.0,8.0,2.0,5.0,9.0,67.0,47.0,15.0,-21.958333333333332,0.0,0.0,6.0,0.0,0.0,0.0,2.0,5.0,6.0,1.0,2.0,5.0,2.0,4.0,7.0,1.0,4.0,9.0,3.0,1.0,10.0,0.0
11841,0.0,0.0,6.0,0.0,0.0,0.0,2.0,5.0,6.0,1.0,2.0,5.0,2.0,4.0,7.0,1.0,4.0,9.0,3.0,1.0,10.0,42.0,36.0,15.0,-21.38333333333333,0.0,0.0,8.0,0.0,0.0,0.0,3.0,6.0,7.0,1.0,3.0,6.0,3.0,1.0,1.0,2.0,5.0,10.0,4.0,2.0,11.0,0.0
11842,0.0,0.0,8.0,0.0,0.0,0.0,3.0,6.0,7.0,1.0,3.0,6.0,3.0,1.0,1.0,2.0,5.0,10.0,4.0,2.0,11.0,13.0,27.0,72.0,-28.688333333333333,0.0,2.0,6.0,0.0,0.0,0.0,4.0,7.0,1.0,2.0,4.0,1.0,4.0,2.0,2.0,3.0,6.0,11.0,5.0,3.0,1.0,0.0
11843,0.0,2.0,6.0,0.0,0.0,0.0,4.0,7.0,1.0,2.0,4.0,1.0,4.0,2.0,2.0,3.0,6.0,11.0,5.0,3.0,1.0,15.0,27.0,60.0,-33.805,0.0,2.0,4.0,0.0,0.0,0.0,5.0,8.0,2.0,1.0,5.0,1.0,5.0,3.0,3.0,4.0,7.0,12.0,1.0,4.0,2.0,0.0
11844,0.0,2.0,4.0,0.0,0.0,0.0,5.0,8.0,2.0,1.0,5.0,1.0,5.0,3.0,3.0,4.0,7.0,12.0,1.0,4.0,2.0,15.0,59.0,60.0,-41.46666666666667,0.0,2.0,4.0,0.0,0.0,0.0,6.0,9.0,3.0,1.0,6.0,2.0,6.0,4.0,4.0,5.0,8.0,1.0,1.0,5.0,3.0,0.0
11845,0.0,2.0,4.0,0.0,0.0,0.0,6.0,9.0,3.0,1.0,6.0,2.0,6.0,4.0,4.0,5.0,8.0,1.0,1.0,5.0,3.0,18.0,36.0,60.0,-26.411666666666665,0.0,4.0,6.0,0.0,0.0,0.0,7.0,10.0,4.0,1.0,7.0,3.0,7.0,1.0,5.0,6.0,9.0,2.0,1.0,6.0,4.0,0.0
11846,0.0,4.0,6.0,0.0,0.0,0.0,7.0,10.0,4.0,1.0,7.0,3.0,7.0,1.0,5.0,6.0,9.0,2.0,1.0,6.0,4.0,18.0,47.0,60.0,-28.118333333333332,0.0,6.0,4.0,0.0,0.0,0.0,8.0,11.0,5.0,1.0,8.0,4.0,8.0,2.0,6.0,1.0,10.0,3.0,1.0,7.0,5.0,0.0
11847,0.0,6.0,4.0,0.0,0.0,0.0,8.0,11.0,5.0,1.0,8.0,4.0,8.0,2.0,6.0,1.0,10.0,3.0,1.0,7.0,5.0,72.0,69.0,60.0,-31.351666666666667,0.0,6.0,4.0,0.0,0.0,0.0,9.0,12.0,6.0,2.0,9.0,5.0,9.0,3.0,7.0,2.0,11.0,4.0,1.0,1.0,1.0,0.0
11848,0.0,6.0,4.0,0.0,0.0,0.0,9.0,12.0,6.0,2.0,9.0,5.0,9.0,3.0,7.0,2.0,11.0,4.0,1.0,1.0,1.0,17.0,52.0,9.0,-16.735,0.0,6.0,2.0,0.0,0.0,0.0,10.0,1.0,7.0,1.0,10.0,6.0,10.0,4.0,8.0,3.0,1.0,5.0,2.0,2.0,2.0,0.0
11849,0.0,6.0,2.0,0.0,0.0,0.0,10.0,1.0,7.0,1.0,10.0,6.0,10.0,4.0,8.0,3.0,1.0,5.0,2.0,2.0,2.0,2.0,42.0,1.0,-20.72,0.0,6.0,0.0,0.0,2.0,0.0,1.0,2.0,8.0,2.0,11.0,7.0,11.0,5.0,1.0,4.0,2.0,6.0,3.0,3.0,3.0,0.0
11850,0.0,6.0,0.0,0.0,2.0,0.0,1.0,2.0,8.0,2.0,11.0,7.0,11.0,5.0,1.0,4.0,2.0,6.0,3.0,3.0,3.0,44.0,31.0,1.0,-17.133333333333333,0.0,4.0,2.0,0.0,4.0,0.0,1.0,3.0,9.0,3.0,12.0,8.0,1.0,6.0,1.0,5.0,3.0,7.0,4.0,4.0,4.0,0.0
11851,0.0,4.0,2.0,0.0,4.0,0.0,1.0,3.0,9.0,3.0,12.0,8.0,1.0,6.0,1.0,5.0,3.0,7.0,4.0,4.0,4.0,67.0,79.0,1.0,-11.29,0.0,4.0,2.0,0.0,6.0,0.0,1.0,4.0,10.0,4.0,13.0,9.0,2.0,7.0,2.0,6.0,4.0,8.0,5.0,1.0,5.0,0.0
11852,0.0,4.0,2.0,0.0,6.0,0.0,1.0,4.0,10.0,4.0,13.0,9.0,2.0,7.0,2.0,6.0,4.0,8.0,5.0,1.0,5.0,11.0,27.0,1.0,-27.231666666666666,2.0,4.0,0.0,0.0,8.0,0.0,1.0,5.0,1.0,5.0,14.0,1.0,3.0,8.0,3.0,7.0,5.0,9.0,6.0,2.0,6.0,0.0
11853,2.0,4.0,0.0,0.0,8.0,0.0,1.0,5.0,1.0,5.0,14.0,1.0,3.0,8.0,3.0,7.0,5.0,9.0,6.0,2.0,6.0,15.0,27.0,1.0,-26.369999999999997,2.0,4.0,0.0,0.0,9.0,0.0,1.0,6.0,2.0,1.0,15.0,1.0,4.0,9.0,4.0,8.0,6.0,10.0,7.0,3.0,7.0,0.0
11854,2.0,4.0,0.0,0.0,9.0,0.0,1.0,6.0,2.0,1.0,15.0,1.0,4.0,9.0,4.0,8.0,6.0,10.0,7.0,3.0,7.0,15.0,36.0,1.0,-15.476666666666667,2.0,4.0,2.0,0.0,9.0,0.0,1.0,7.0,3.0,1.0,16.0,2.0,5.0,1.0,5.0,9.0,7.0,11.0,8.0,4.0,8.0,0.0
11855,2.0,4.0,2.0,0.0,9.0,0.0,1.0,7.0,3.0,1.0,16.0,2.0,5.0,1.0,5.0,9.0,7.0,11.0,8.0,4.0,8.0,15.0,27.0,50.0,-27.59,2.0,4.0,0.0,0.0,9.0,0.0,2.0,8.0,4.0,1.0,17.0,1.0,6.0,2.0,6.0,10.0,1.0,12.0,9.0,5.0,9.0,0.0
11856,2.0,4.0,0.0,0.0,9.0,0.0,2.0,8.0,4.0,1.0,17.0,1.0,6.0,2.0,6.0,10.0,1.0,12.0,9.0,5.0,9.0,67.0,59.0,60.0,-30.266666666666666,0.0,4.0,0.0,0.0,9.0,0.0,3.0,9.0,5.0,2.0,18.0,2.0,7.0,3.0,7.0,11.0,2.0,1.0,1.0,1.0,10.0,0.0
11857,0.0,4.0,0.0,0.0,9.0,0.0,3.0,9.0,5.0,2.0,18.0,2.0,7.0,3.0,7.0,11.0,2.0,1.0,1.0,1.0,10.0,2.0,36.0,50.0,-18.17833333333333,0.0,4.0,2.0,0.0,9.0,0.0,1.0,10.0,6.0,3.0,19.0,3.0,8.0,1.0,8.0,12.0,1.0,2.0,2.0,2.0,11.0,0.0
11858,0.0,4.0,2.0,0.0,9.0,0.0,1.0,10.0,6.0,3.0,19.0,3.0,8.0,1.0,8.0,12.0,1.0,2.0,2.0,2.0,11.0,28.0,6.0,50.0,-24.909999999999997,0.0,6.0,4.0,0.0,9.0,0.0,2.0,1.0,7.0,4.0,20.0,1.0,9.0,2.0,9.0,13.0,1.0,3.0,3.0,3.0,12.0,0.0
11859,0.0,6.0,4.0,0.0,9.0,0.0,2.0,1.0,7.0,4.0,20.0,1.0,9.0,2.0,9.0,13.0,1.0,3.0,3.0,3.0,12.0,2.0,36.0,1.0,-18.358333333333334,0.0,6.0,6.0,0.0,9.0,0.0,1.0,2.0,8.0,5.0,21.0,2.0,10.0,1.0,10.0,14.0,2.0,4.0,4.0,4.0,13.0,0.0
11860,0.0,6.0,6.0,0.0,9.0,0.0,1.0,2.0,8.0,5.0,21.0,2.0,10.0,1.0,10.0,14.0,2.0,4.0,4.0,4.0,13.0,2.0,36.0,50.0,-20.331666666666663,0.0,6.0,8.0,0.0,9.0,0.0,1.0,3.0,9.0,6.0,22.0,3.0,11.0,1.0,11.0,15.0,1.0,5.0,5.0,5.0,14.0,0.0
11861,0.0,6.0,8.0,0.0,9.0,0.0,1.0,3.0,9.0,6.0,22.0,3.0,11.0,1.0,11.0,15.0,1.0,5.0,5.0,5.0,14.0,2.0,36.0,1.0,-21.35333333333333,0.0,6.0,9.0,0.0,9.0,0.0,1.0,4.0,10.0,7.0,23.0,4.0,12.0,1.0,12.0,16.0,2.0,6.0,6.0,6.0,15.0,0.0
11862,0.0,6.0,9.0,0.0,9.0,0.0,1.0,4.0,10.0,7.0,23.0,4.0,12.0,1.0,12.0,16.0,2.0,6.0,6.0,6.0,15.0,2.0,36.0,1.0,-22.22,0.0,6.0,9.0,0.0,9.0,0.0,1.0,5.0,11.0,8.0,24.0,5.0,13.0,1.0,13.0,17.0,3.0,7.0,7.0,7.0,16.0,0.0
11863,0.0,6.0,9.0,0.0,9.0,0.0,1.0,5.0,11.0,8.0,24.0,5.0,13.0,1.0,13.0,17.0,3.0,7.0,7.0,7.0,16.0,2.0,36.0,12.0,-24.368333333333332,0.0,6.0,9.0,0.0,7.0,0.0,1.0,6.0,1.0,9.0,25.0,6.0,14.0,1.0,14.0,18.0,4.0,8.0,8.0,8.0,17.0,0.0
11864,0.0,6.0,9.0,0.0,7.0,0.0,1.0,6.0,1.0,9.0,25.0,6.0,14.0,1.0,14.0,18.0,4.0,8.0,8.0,8.0,17.0,67.0,19.0,48.0,-32.02499999999999,0.0,6.0,9.0,0.0,7.0,2.0,2.0,7.0,2.0,1.0,26.0,7.0,15.0,2.0,15.0,1.0,5.0,9.0,9.0,1.0,18.0,0.0
11865,0.0,6.0,9.0,0.0,7.0,2.0,2.0,7.0,2.0,1.0,26.0,7.0,15.0,2.0,15.0,1.0,5.0,9.0,9.0,1.0,18.0,15.0,33.0,24.0,-10.85,0.0,6.0,9.0,2.0,7.0,0.0,3.0,8.0,3.0,1.0,1.0,8.0,1.0,3.0,16.0,2.0,6.0,10.0,10.0,2.0,19.0,0.0
11866,0.0,6.0,9.0,2.0,7.0,0.0,3.0,8.0,3.0,1.0,1.0,8.0,1.0,3.0,16.0,2.0,6.0,10.0,10.0,2.0,19.0,70.0,36.0,72.0,-20.30333333333333,0.0,6.0,9.0,2.0,5.0,0.0,4.0,9.0,4.0,2.0,2.0,9.0,2.0,1.0,17.0,3.0,7.0,11.0,11.0,3.0,1.0,0.0
11867,0.0,6.0,9.0,2.0,5.0,0.0,4.0,9.0,4.0,2.0,2.0,9.0,2.0,1.0,17.0,3.0,7.0,11.0,11.0,3.0,1.0,42.0,27.0,15.0,-17.576666666666668,0.0,6.0,7.0,2.0,5.0,0.0,5.0,10.0,5.0,1.0,3.0,1.0,3.0,2.0,1.0,4.0,8.0,12.0,12.0,4.0,2.0,0.0
11868,0.0,6.0,7.0,2.0,5.0,0.0,5.0,10.0,5.0,1.0,3.0,1.0,3.0,2.0,1.0,4.0,8.0,12.0,12.0,4.0,2.0,18.0,27.0,60.0,-19.03833333333333,0.0,8.0,5.0,2.0,5.0,0.0,6.0,11.0,6.0,1.0,4.0,1.0,4.0,3.0,2.0,5.0,9.0,13.0,1.0,5.0,3.0,0.0
11869,0.0,8.0,5.0,2.0,5.0,0.0,6.0,11.0,6.0,1.0,4.0,1.0,4.0,3.0,2.0,5.0,9.0,13.0,1.0,5.0,3.0,18.0,27.0,12.0,-21.674999999999997,0.0,9.0,3.0,2.0,3.0,0.0,7.0,12.0,1.0,1.0,5.0,1.0,5.0,4.0,3.0,6.0,10.0,14.0,2.0,6.0,4.0,0.0
11870,0.0,9.0,3.0,2.0,3.0,0.0,7.0,12.0,1.0,1.0,5.0,1.0,5.0,4.0,3.0,6.0,10.0,14.0,2.0,6.0,4.0,18.0,27.0,60.0,-30.313333333333333,0.0,9.0,1.0,2.0,3.0,0.0,8.0,13.0,2.0,1.0,6.0,1.0,6.0,5.0,4.0,7.0,11.0,15.0,1.0,7.0,5.0,0.0
11871,0.0,9.0,1.0,2.0,3.0,0.0,8.0,13.0,2.0,1.0,6.0,1.0,6.0,5.0,4.0,7.0,11.0,15.0,1.0,7.0,5.0,18.0,53.0,60.0,-22.851666666666667,0.0,9.0,1.0,4.0,3.0,0.0,9.0,14.0,3.0,1.0,7.0,2.0,7.0,6.0,5.0,8.0,1.0,16.0,1.0,8.0,6.0,0.0
11872,0.0,9.0,1.0,4.0,3.0,0.0,9.0,14.0,3.0,1.0,7.0,2.0,7.0,6.0,5.0,8.0,1.0,16.0,1.0,8.0,6.0,42.0,59.0,60.0,-30.135,0.0,9.0,1.0,2.0,3.0,0.0,10.0,15.0,4.0,2.0,8.0,3.0,8.0,7.0,1.0,9.0,2.0,1.0,1.0,9.0,7.0,0.0
11873,0.0,9.0,1.0,2.0,3.0,0.0,10.0,15.0,4.0,2.0,8.0,3.0,8.0,7.0,1.0,9.0,2.0,1.0,1.0,9.0,7.0,51.0,47.0,60.0,-24.91,2.0,9.0,0.0,2.0,3.0,0.0,11.0,16.0,5.0,3.0,9.0,4.0,9.0,8.0,2.0,1.0,1.0,2.0,1.0,10.0,8.0,0.0
11874,2.0,9.0,0.0,2.0,3.0,0.0,11.0,16.0,5.0,3.0,9.0,4.0,9.0,8.0,2.0,1.0,1.0,2.0,1.0,10.0,8.0,51.0,33.0,6.0,-24.796666666666663,4.0,9.0,0.0,4.0,5.0,0.0,12.0,1.0,6.0,4.0,10.0,5.0,1.0,9.0,3.0,2.0,1.0,3.0,2.0,11.0,9.0,0.0
11875,4.0,9.0,0.0,4.0,5.0,0.0,12.0,1.0,6.0,4.0,10.0,5.0,1.0,9.0,3.0,2.0,1.0,3.0,2.0,11.0,9.0,67.0,36.0,1.0,-14.98333333333333,2.0,9.0,2.0,4.0,7.0,0.0,1.0,2.0,7.0,5.0,11.0,6.0,2.0,1.0,4.0,3.0,2.0,4.0,3.0,1.0,10.0,0.0
11876,2.0,9.0,2.0,4.0,7.0,0.0,1.0,2.0,7.0,5.0,11.0,6.0,2.0,1.0,4.0,3.0,2.0,4.0,3.0,1.0,10.0,70.0,19.0,12.0,-14.671666666666667,2.0,9.0,2.0,2.0,5.0,0.0,2.0,3.0,1.0,1.0,12.0,7.0,3.0,2.0,5.0,4.0,3.0,5.0,4.0,2.0,1.0,0.0
11877,2.0,9.0,2.0,2.0,5.0,0.0,2.0,3.0,1.0,1.0,12.0,7.0,3.0,2.0,5.0,4.0,3.0,5.0,4.0,2.0,1.0,42.0,19.0,12.0,-22.49,0.0,9.0,2.0,0.0,3.0,0.0,3.0,4.0,1.0,1.0,13.0,8.0,4.0,3.0,1.0,5.0,4.0,6.0,5.0,3.0,2.0,0.0
11878,0.0,9.0,2.0,0.0,3.0,0.0,3.0,4.0,1.0,1.0,13.0,8.0,4.0,3.0,1.0,5.0,4.0,6.0,5.0,3.0,2.0,67.0,19.0,60.0,-30.33,0.0,9.0,2.0,0.0,3.0,0.0,4.0,5.0,2.0,1.0,14.0,9.0,5.0,4.0,2.0,6.0,5.0,7.0,1.0,1.0,3.0,0.0
11879,0.0,9.0,2.0,0.0,3.0,0.0,4.0,5.0,2.0,1.0,14.0,9.0,5.0,4.0,2.0,6.0,5.0,7.0,1.0,1.0,3.0,54.0,27.0,12.0,-34.138333333333335,0.0,7.0,0.0,0.0,1.0,0.0,5.0,6.0,1.0,2.0,15.0,1.0,6.0,5.0,3.0,7.0,1.0,8.0,2.0,2.0,4.0,0.0
11880,0.0,7.0,0.0,0.0,1.0,0.0,5.0,6.0,1.0,2.0,15.0,1.0,6.0,5.0,3.0,7.0,1.0,8.0,2.0,2.0,4.0,69.0,19.0,50.0,-19.15,0.0,5.0,0.0,0.0,1.0,0.0,6.0,7.0,2.0,1.0,16.0,2.0,7.0,6.0,4.0,8.0,1.0,9.0,3.0,1.0,5.0,0.0
11881,0.0,5.0,0.0,0.0,1.0,0.0,6.0,7.0,2.0,1.0,16.0,2.0,7.0,6.0,4.0,8.0,1.0,9.0,3.0,1.0,5.0,2.0,49.0,60.0,-28.936666666666664,0.0,5.0,0.0,0.0,1.0,0.0,1.0,8.0,3.0,2.0,17.0,3.0,8.0,7.0,5.0,1.0,2.0,10.0,1.0,2.0,6.0,0.0
11882,0.0,5.0,0.0,0.0,1.0,0.0,1.0,8.0,3.0,2.0,17.0,3.0,8.0,7.0,5.0,1.0,2.0,10.0,1.0,2.0,6.0,42.0,40.0,12.0,-32.34833333333333,0.0,5.0,0.0,0.0,0.0,0.0,2.0,9.0,1.0,3.0,18.0,4.0,9.0,8.0,1.0,2.0,3.0,11.0,2.0,3.0,7.0,0.0
11883,0.0,5.0,0.0,0.0,0.0,0.0,2.0,9.0,1.0,3.0,18.0,4.0,9.0,8.0,1.0,2.0,3.0,11.0,2.0,3.0,7.0,27.0,19.0,79.0,-22.031666666666666,0.0,5.0,0.0,0.0,0.0,0.0,3.0,10.0,2.0,1.0,19.0,1.0,10.0,9.0,2.0,3.0,4.0,12.0,3.0,4.0,8.0,0.0
11884,0.0,5.0,0.0,0.0,0.0,0.0,3.0,10.0,2.0,1.0,19.0,1.0,10.0,9.0,2.0,3.0,4.0,12.0,3.0,4.0,8.0,42.0,33.0,24.0,-32.745000000000005,0.0,5.0,0.0,2.0,0.0,0.0,4.0,11.0,3.0,2.0,1.0,2.0,1.0,10.0,1.0,4.0,5.0,13.0,4.0,5.0,9.0,0.0
11885,0.0,5.0,0.0,2.0,0.0,0.0,4.0,11.0,3.0,2.0,1.0,2.0,1.0,10.0,1.0,4.0,5.0,13.0,4.0,5.0,9.0,39.0,59.0,2.0,-25.125000000000004,0.0,3.0,0.0,0.0,0.0,0.0,1.0,12.0,4.0,3.0,2.0,3.0,2.0,1.0,2.0,5.0,6.0,1.0,5.0,6.0,10.0,0.0
11886,0.0,3.0,0.0,0.0,0.0,0.0,1.0,12.0,4.0,3.0,2.0,3.0,2.0,1.0,2.0,5.0,6.0,1.0,5.0,6.0,10.0,51.0,36.0,72.0,-18.481666666666666,2.0,3.0,2.0,0.0,0.0,0.0,2.0,13.0,5.0,4.0,3.0,4.0,3.0,1.0,3.0,6.0,1.0,2.0,6.0,7.0,1.0,0.0
11887,2.0,3.0,2.0,0.0,0.0,0.0,2.0,13.0,5.0,4.0,3.0,4.0,3.0,1.0,3.0,6.0,1.0,2.0,6.0,7.0,1.0,69.0,24.0,12.0,-29.331666666666667,2.0,1.0,2.0,0.0,0.0,0.0,3.0,14.0,1.0,5.0,1.0,5.0,4.0,2.0,4.0,7.0,2.0,3.0,7.0,1.0,2.0,0.0
11888,2.0,1.0,2.0,0.0,0.0,0.0,3.0,14.0,1.0,5.0,1.0,5.0,4.0,2.0,4.0,7.0,2.0,3.0,7.0,1.0,2.0,26.0,59.0,5.0,-29.950000000000003,4.0,1.0,2.0,0.0,0.0,0.0,4.0,1.0,2.0,6.0,2.0,1.0,5.0,3.0,5.0,8.0,3.0,1.0,8.0,2.0,3.0,0.0
11889,4.0,1.0,2.0,0.0,0.0,0.0,4.0,1.0,2.0,6.0,2.0,1.0,5.0,3.0,5.0,8.0,3.0,1.0,8.0,2.0,3.0,11.0,63.0,52.0,-26.208333333333332,6.0,1.0,2.0,2.0,0.0,0.0,5.0,2.0,1.0,7.0,3.0,2.0,6.0,4.0,6.0,9.0,1.0,2.0,1.0,3.0,4.0,0.0
11890,6.0,1.0,2.0,2.0,0.0,0.0,5.0,2.0,1.0,7.0,3.0,2.0,6.0,4.0,6.0,9.0,1.0,2.0,1.0,3.0,4.0,11.0,59.0,52.0,-28.80166666666667,8.0,1.0,2.0,0.0,0.0,0.0,6.0,3.0,1.0,8.0,4.0,3.0,7.0,5.0,7.0,10.0,1.0,1.0,2.0,4.0,5.0,0.0
11891,8.0,1.0,2.0,0.0,0.0,0.0,6.0,3.0,1.0,8.0,4.0,3.0,7.0,5.0,7.0,10.0,1.0,1.0,2.0,4.0,5.0,11.0,59.0,52.0,-30.37666666666667,9.0,1.0,2.0,0.0,0.0,0.0,7.0,4.0,1.0,9.0,5.0,4.0,8.0,6.0,8.0,11.0,1.0,1.0,3.0,5.0,6.0,0.0
11892,9.0,1.0,2.0,0.0,0.0,0.0,7.0,4.0,1.0,9.0,5.0,4.0,8.0,6.0,8.0,11.0,1.0,1.0,3.0,5.0,6.0,11.0,59.0,47.0,-27.565000000000005,9.0,1.0,2.0,0.0,0.0,0.0,8.0,5.0,1.0,10.0,6.0,5.0,9.0,7.0,9.0,1.0,2.0,1.0,4.0,6.0,7.0,0.0
11893,9.0,1.0,2.0,0.0,0.0,0.0,8.0,5.0,1.0,10.0,6.0,5.0,9.0,7.0,9.0,1.0,2.0,1.0,4.0,6.0,7.0,26.0,36.0,24.0,-20.544999999999998,9.0,1.0,4.0,0.0,0.0,0.0,9.0,6.0,2.0,11.0,1.0,1.0,10.0,1.0,10.0,2.0,3.0,2.0,5.0,7.0,8.0,0.0
11894,9.0,1.0,4.0,0.0,0.0,0.0,9.0,6.0,2.0,11.0,1.0,1.0,10.0,1.0,10.0,2.0,3.0,2.0,5.0,7.0,8.0,17.0,59.0,52.0,-33.96333333333333,7.0,1.0,4.0,0.0,0.0,0.0,10.0,7.0,3.0,1.0,2.0,2.0,11.0,2.0,11.0,3.0,1.0,1.0,6.0,8.0,9.0,0.0
11895,7.0,1.0,4.0,0.0,0.0,0.0,10.0,7.0,3.0,1.0,2.0,2.0,11.0,2.0,11.0,3.0,1.0,1.0,6.0,8.0,9.0,6.0,36.0,72.0,-16.868333333333332,9.0,1.0,6.0,0.0,0.0,0.0,11.0,1.0,4.0,2.0,3.0,3.0,12.0,1.0,12.0,4.0,2.0,2.0,7.0,9.0,1.0,0.0
11896,9.0,1.0,6.0,0.0,0.0,0.0,11.0,1.0,4.0,2.0,3.0,3.0,12.0,1.0,12.0,4.0,2.0,2.0,7.0,9.0,1.0,11.0,63.0,24.0,-29.18,9.0,1.0,6.0,2.0,0.0,0.0,12.0,2.0,1.0,3.0,1.0,4.0,13.0,2.0,13.0,5.0,3.0,3.0,1.0,10.0,2.0,0.0
11897,9.0,1.0,6.0,2.0,0.0,0.0,12.0,2.0,1.0,3.0,1.0,4.0,13.0,2.0,13.0,5.0,3.0,3.0,1.0,10.0,2.0,67.0,34.0,24.0,-20.985,7.0,1.0,6.0,0.0,0.0,0.0,13.0,3.0,2.0,4.0,1.0,5.0,1.0,3.0,14.0,6.0,4.0,4.0,2.0,1.0,3.0,0.0
11898,7.0,1.0,6.0,0.0,0.0,0.0,13.0,3.0,2.0,4.0,1.0,5.0,1.0,3.0,14.0,6.0,4.0,4.0,2.0,1.0,3.0,0.0,3.0,51.0,-11.861666666666665,7.0,1.0,6.0,2.0,2.0,0.0,1.0,4.0,3.0,5.0,2.0,6.0,2.0,4.0,15.0,7.0,1.0,5.0,3.0,2.0,4.0,0.0
11899,7.0,1.0,6.0,2.0,2.0,0.0,1.0,4.0,3.0,5.0,2.0,6.0,2.0,4.0,15.0,7.0,1.0,5.0,3.0,2.0,4.0,11.0,59.0,15.0,-34.005,9.0,1.0,6.0,0.0,2.0,0.0,2.0,5.0,1.0,1.0,3.0,7.0,3.0,5.0,16.0,8.0,2.0,1.0,4.0,3.0,5.0,1.0
11900,8.0,3.0,3.0,0.0,4.0,9.0,1.0,1.0,1.0,1.0,1.0,1.0,1.0,1.0,1.0,1.0,1.0,1.0,1.0,1.0,1.0,51.0,53.0,12.0,-10.236666666666665,9.0,3.0,3.0,2.0,2.0,9.0,2.0,2.0,1.0,2.0,2.0,2.0,2.0,2.0,2.0,2.0,1.0,2.0,2.0,2.0,2.0,0.0
11901,9.0,3.0,3.0,2.0,2.0,9.0,2.0,2.0,1.0,2.0,2.0,2.0,2.0,2.0,2.0,2.0,1.0,2.0,2.0,2.0,2.0,11.0,53.0,52.0,-13.583333333333332,9.0,3.0,3.0,4.0,0.0,9.0,3.0,3.0,1.0,3.0,3.0,3.0,3.0,3.0,3.0,3.0,1.0,3.0,3.0,3.0,3.0,0.0
11902,9.0,3.0,3.0,4.0,0.0,9.0,3.0,3.0,1.0,3.0,3.0,3.0,3.0,3.0,3.0,3.0,1.0,3.0,3.0,3.0,3.0,11.0,53.0,52.0,-15.069999999999999,9.0,3.0,3.0,6.0,0.0,9.0,4.0,4.0,1.0,4.0,4.0,4.0,4.0,4.0,4.0,4.0,1.0,4.0,4.0,4.0,4.0,0.0
11903,9.0,3.0,3.0,6.0,0.0,9.0,4.0,4.0,1.0,4.0,4.0,4.0,4.0,4.0,4.0,4.0,1.0,4.0,4.0,4.0,4.0,11.0,53.0,46.0,-16.755,9.0,3.0,3.0,8.0,2.0,9.0,5.0,5.0,1.0,5.0,5.0,5.0,5.0,5.0,5.0,1.0,1.0,5.0,5.0,5.0,5.0,0.0
11904,9.0,3.0,3.0,8.0,2.0,9.0,5.0,5.0,1.0,5.0,5.0,5.0,5.0,5.0,5.0,1.0,1.0,5.0,5.0,5.0,5.0,11.0,23.0,53.0,-18.528333333333332,9.0,3.0,3.0,9.0,2.0,9.0,6.0,6.0,1.0,6.0,1.0,6.0,6.0,6.0,6.0,2.0,1.0,6.0,6.0,6.0,6.0,0.0
11905,9.0,3.0,3.0,9.0,2.0,9.0,6.0,6.0,1.0,6.0,1.0,6.0,6.0,6.0,6.0,2.0,1.0,6.0,6.0,6.0,6.0,6.0,29.0,72.0,-11.043333333333333,9.0,3.0,3.0,7.0,0.0,9.0,7.0,1.0,2.0,7.0,2.0,1.0,7.0,7.0,7.0,3.0,2.0,7.0,7.0,7.0,1.0,0.0
11906,9.0,3.0,3.0,7.0,0.0,9.0,7.0,1.0,2.0,7.0,2.0,1.0,7.0,7.0,7.0,3.0,2.0,7.0,7.0,7.0,1.0,11.0,29.0,52.0,-19.769999999999996,9.0,3.0,3.0,5.0,0.0,9.0,8.0,2.0,1.0,8.0,3.0,1.0,8.0,8.0,8.0,4.0,1.0,8.0,8.0,8.0,2.0,0.0
11907,9.0,3.0,3.0,5.0,0.0,9.0,8.0,2.0,1.0,8.0,3.0,1.0,8.0,8.0,8.0,4.0,1.0,8.0,8.0,8.0,2.0,11.0,29.0,52.0,-21.189999999999998,9.0,3.0,3.0,3.0,0.0,9.0,9.0,3.0,1.0,9.0,4.0,1.0,9.0,9.0,9.0,5.0,1.0,9.0,9.0,9.0,3.0,0.0
11908,9.0,3.0,3.0,3.0,0.0,9.0,9.0,3.0,1.0,9.0,4.0,1.0,9.0,9.0,9.0,5.0,1.0,9.0,9.0,9.0,3.0,11.0,59.0,52.0,-27.501666666666665,9.0,3.0,3.0,1.0,0.0,9.0,10.0,4.0,1.0,10.0,5.0,2.0,10.0,10.0,10.0,6.0,1.0,1.0,10.0,10.0,4.0,0.0
11909,9.0,3.0,3.0,1.0,0.0,9.0,10.0,4.0,1.0,10.0,5.0,2.0,10.0,10.0,10.0,6.0,1.0,1.0,10.0,10.0,4.0,11.0,36.0,52.0,-17.316666666666663,9.0,3.0,5.0,1.0,0.0,9.0,11.0,5.0,1.0,11.0,6.0,3.0,11.0,1.0,11.0,7.0,1.0,2.0,11.0,11.0,5.0,0.0
11910,9.0,3.0,5.0,1.0,0.0,9.0,11.0,5.0,1.0,11.0,6.0,3.0,11.0,1.0,11.0,7.0,1.0,2.0,11.0,11.0,5.0,11.0,65.0,52.0,-19.775,9.0,3.0,5.0,1.0,0.0,9.0,12.0,6.0,1.0,12.0,7.0,4.0,12.0,2.0,12.0,8.0,1.0,3.0,12.0,1.0,6.0,0.0
11911,9.0,3.0,5.0,1.0,0.0,9.0,12.0,6.0,1.0,12.0,7.0,4.0,12.0,2.0,12.0,8.0,1.0,3.0,12.0,1.0,6.0,17.0,71.0,52.0,-31.598333333333333,7.0,3.0,7.0,1.0,0.0,9.0,13.0,7.0,2.0,1.0,8.0,5.0,13.0,3.0,13.0,9.0,1.0,4.0,13.0,2.0,1.0,0.0
11912,7.0,3.0,7.0,1.0,0.0,9.0,13.0,7.0,2.0,1.0,8.0,5.0,13.0,3.0,13.0,9.0,1.0,4.0,13.0,2.0,1.0,11.0,9.0,60.0,-24.001666666666665,9.0,3.0,7.0,0.0,0.0,9.0,14.0,1.0,1.0,2.0,9.0,6.0,14.0,4.0,14.0,10.0,2.0,5.0,1.0,3.0,2.0,0.0
11913,9.0,3.0,7.0,0.0,0.0,9.0,14.0,1.0,1.0,2.0,9.0,6.0,14.0,4.0,14.0,10.0,2.0,5.0,1.0,3.0,2.0,11.0,28.0,57.0,-12.111666666666665,9.0,3.0,7.0,2.0,0.0,9.0,15.0,2.0,1.0,3.0,10.0,1.0,15.0,5.0,15.0,11.0,3.0,1.0,2.0,4.0,3.0,0.0
11914,9.0,3.0,7.0,2.0,0.0,9.0,15.0,2.0,1.0,3.0,10.0,1.0,15.0,5.0,15.0,11.0,3.0,1.0,2.0,4.0,3.0,11.0,49.0,52.0,-22.031666666666666,9.0,3.0,7.0,0.0,0.0,9.0,16.0,3.0,1.0,4.0,11.0,2.0,16.0,6.0,16.0,1.0,1.0,2.0,3.0,5.0,4.0,0.0
11915,9.0,3.0,7.0,0.0,0.0,9.0,16.0,3.0,1.0,4.0,11.0,2.0,16.0,6.0,16.0,1.0,1.0,2.0,3.0,5.0,4.0,73.0,33.0,24.0,-23.445,9.0,5.0,7.0,2.0,0.0,7.0,17.0,4.0,2.0,5.0,1.0,3.0,1.0,7.0,17.0,2.0,2.0,3.0,4.0,6.0,1.0,0.0
11916,9.0,5.0,7.0,2.0,0.0,7.0,17.0,4.0,2.0,5.0,1.0,3.0,1.0,7.0,17.0,2.0,2.0,3.0,4.0,6.0,1.0,17.0,36.0,51.0,-14.831666666666667,7.0,5.0,9.0,2.0,2.0,7.0,18.0,5.0,3.0,1.0,2.0,4.0,2.0,1.0,18.0,3.0,1.0,4.0,5.0,7.0,2.0,0.0
11917,7.0,5.0,9.0,2.0,2.0,7.0,18.0,5.0,3.0,1.0,2.0,4.0,2.0,1.0,18.0,3.0,1.0,4.0,5.0,7.0,2.0,55.0,42.0,51.0,-19.723333333333336,7.0,5.0,7.0,2.0,4.0,7.0,19.0,6.0,4.0,2.0,3.0,5.0,3.0,2.0,1.0,4.0,1.0,1.0,6.0,8.0,3.0,0.0
11918,7.0,5.0,7.0,2.0,4.0,7.0,19.0,6.0,4.0,2.0,3.0,5.0,3.0,2.0,1.0,4.0,1.0,1.0,6.0,8.0,3.0,11.0,9.0,60.0,-11.441666666666666,9.0,5.0,7.0,0.0,4.0,7.0,20.0,1.0,1.0,3.0,4.0,6.0,4.0,3.0,2.0,5.0,2.0,2.0,1.0,9.0,4.0,0.0
11919,9.0,5.0,7.0,0.0,4.0,7.0,20.0,1.0,1.0,3.0,4.0,6.0,4.0,3.0,2.0,5.0,2.0,2.0,1.0,9.0,4.0,3.0,50.0,57.0,-20.141666666666666,9.0,7.0,7.0,0.0,2.0,7.0,1.0,2.0,2.0,4.0,5.0,7.0,5.0,4.0,3.0,6.0,1.0,1.0,2.0,10.0,5.0,0.0
11920,9.0,7.0,7.0,0.0,2.0,7.0,1.0,2.0,2.0,4.0,5.0,7.0,5.0,4.0,3.0,6.0,1.0,1.0,2.0,10.0,5.0,67.0,65.0,65.0,-12.415,7.0,7.0,7.0,0.0,2.0,7.0,2.0,3.0,3.0,5.0,6.0,8.0,6.0,5.0,4.0,7.0,2.0,2.0,3.0,1.0,6.0,0.0
11921,7.0,7.0,7.0,0.0,2.0,7.0,2.0,3.0,3.0,5.0,6.0,8.0,6.0,5.0,4.0,7.0,2.0,2.0,3.0,1.0,6.0,11.0,9.0,57.0,-7.921666666666667,9.0,7.0,7.0,0.0,0.0,7.0,3.0,1.0,1.0,6.0,7.0,9.0,7.0,6.0,5.0,8.0,3.0,1.0,4.0,2.0,7.0,0.0
11922,9.0,7.0,7.0,0.0,0.0,7.0,3.0,1.0,1.0,6.0,7.0,9.0,7.0,6.0,5.0,8.0,3.0,1.0,4.0,2.0,7.0,54.0,31.0,57.0,-10.35833333333333,9.0,5.0,9.0,0.0,0.0,7.0,4.0,2.0,2.0,7.0,8.0,10.0,1.0,7.0,6.0,9.0,1.0,1.0,5.0,3.0,8.0,0.0
11923,9.0,5.0,9.0,0.0,0.0,7.0,4.0,2.0,2.0,7.0,8.0,10.0,1.0,7.0,6.0,9.0,1.0,1.0,5.0,3.0,8.0,68.0,76.0,65.0,-13.638333333333332,9.0,7.0,9.0,0.0,0.0,7.0,5.0,3.0,3.0,8.0,9.0,11.0,2.0,8.0,7.0,10.0,2.0,2.0,6.0,1.0,9.0,0.0
11924,9.0,7.0,9.0,0.0,0.0,7.0,5.0,3.0,3.0,8.0,9.0,11.0,2.0,8.0,7.0,10.0,2.0,2.0,6.0,1.0,9.0,68.0,27.0,57.0,-16.029999999999998,9.0,9.0,7.0,0.0,0.0,7.0,6.0,4.0,4.0,9.0,10.0,1.0,3.0,9.0,8.0,11.0,3.0,1.0,7.0,1.0,10.0,0.0
11925,9.0,9.0,7.0,0.0,0.0,7.0,6.0,4.0,4.0,9.0,10.0,1.0,3.0,9.0,8.0,11.0,3.0,1.0,7.0,1.0,10.0,68.0,36.0,52.0,-16.78333333333333,9.0,9.0,9.0,0.0,0.0,7.0,7.0,5.0,5.0,10.0,11.0,2.0,4.0,1.0,9.0,12.0,1.0,2.0,8.0,1.0,11.0,0.0
11926,9.0,9.0,9.0,0.0,0.0,7.0,7.0,5.0,5.0,10.0,11.0,2.0,4.0,1.0,9.0,12.0,1.0,2.0,8.0,1.0,11.0,68.0,71.0,57.0,-29.714999999999996,9.0,9.0,9.0,0.0,0.0,7.0,8.0,6.0,6.0,11.0,12.0,3.0,5.0,2.0,10.0,13.0,2.0,1.0,9.0,1.0,1.0,0.0
11927,9.0,9.0,9.0,0.0,0.0,7.0,8.0,6.0,6.0,11.0,12.0,3.0,5.0,2.0,10.0,13.0,2.0,1.0,9.0,1.0,1.0,17.0,44.0,57.0,-25.218333333333334,7.0,9.0,9.0,0.0,0.0,7.0,9.0,7.0,7.0,1.0,13.0,4.0,6.0,3.0,1.0,14.0,3.0,1.0,10.0,2.0,2.0,0.0
11928,7.0,9.0,9.0,0.0,0.0,7.0,9.0,7.0,7.0,1.0,13.0,4.0,6.0,3.0,1.0,14.0,3.0,1.0,10.0,2.0,2.0,11.0,49.0,57.0,-17.311666666666667,9.0,9.0,9.0,0.0,0.0,7.0,10.0,8.0,1.0,2.0,14.0,5.0,7.0,4.0,2.0,1.0,4.0,1.0,11.0,3.0,3.0,0.0
11929,9.0,9.0,9.0,0.0,0.0,7.0,10.0,8.0,1.0,2.0,14.0,5.0,7.0,4.0,2.0,1.0,4.0,1.0,11.0,3.0,3.0,54.0,33.0,57.0,-11.931666666666667,9.0,7.0,9.0,2.0,0.0,7.0,11.0,9.0,2.0,3.0,15.0,6.0,1.0,5.0,3.0,2.0,1.0,1.0,12.0,4.0,4.0,0.0
11930,9.0,7.0,9.0,2.0,0.0,7.0,11.0,9.0,2.0,3.0,15.0,6.0,1.0,5.0,3.0,2.0,1.0,1.0,12.0,4.0,4.0,54.0,33.0,57.0,-12.731666666666666,9.0,5.0,9.0,4.0,0.0,7.0,12.0,10.0,3.0,4.0,16.0,7.0,1.0,6.0,4.0,3.0,1.0,1.0,13.0,5.0,5.0,0.0
11931,9.0,5.0,9.0,4.0,0.0,7.0,12.0,10.0,3.0,4.0,16.0,7.0,1.0,6.0,4.0,3.0,1.0,1.0,13.0,5.0,5.0,21.0,33.0,57.0,-11.601666666666667,9.0,5.0,9.0,6.0,0.0,7.0,13.0,11.0,4.0,5.0,1.0,8.0,1.0,7.0,5.0,4.0,2.0,1.0,14.0,6.0,6.0,0.0
11932,9.0,5.0,9.0,6.0,0.0,7.0,13.0,11.0,4.0,5.0,1.0,8.0,1.0,7.0,5.0,4.0,2.0,1.0,14.0,6.0,6.0,68.0,49.0,57.0,-18.223333333333333,9.0,7.0,9.0,4.0,0.0,7.0,14.0,12.0,5.0,6.0,2.0,9.0,2.0,8.0,6.0,1.0,3.0,1.0,15.0,1.0,7.0,0.0
11933,9.0,7.0,9.0,4.0,0.0,7.0,14.0,12.0,5.0,6.0,2.0,9.0,2.0,8.0,6.0,1.0,3.0,1.0,15.0,1.0,7.0,68.0,36.0,57.0,-15.456666666666665,9.0,9.0,9.0,4.0,0.0,7.0,15.0,13.0,6.0,7.0,3.0,10.0,3.0,1.0,7.0,2.0,4.0,1.0,16.0,1.0,8.0,0.0
11934,9.0,9.0,9.0,4.0,0.0,7.0,15.0,13.0,6.0,7.0,3.0,10.0,3.0,1.0,7.0,2.0,4.0,1.0,16.0,1.0,8.0,17.0,9.0,57.0,-14.901666666666667,7.0,9.0,9.0,2.0,0.0,7.0,16.0,1.0,7.0,1.0,4.0,11.0,4.0,2.0,8.0,3.0,5.0,1.0,17.0,2.0,9.0,0.0
11935,7.0,9.0,9.0,2.0,0.0,7.0,16.0,1.0,7.0,1.0,4.0,11.0,4.0,2.0,8.0,3.0,5.0,1.0,17.0,2.0,9.0,11.0,65.0,57.0,-13.53,9.0,9.0,9.0,2.0,0.0,7.0,17.0,2.0,1.0,2.0,5.0,12.0,5.0,3.0,9.0,4.0,6.0,1.0,18.0,1.0,10.0,0.0
11936,9.0,9.0,9.0,2.0,0.0,7.0,17.0,2.0,1.0,2.0,5.0,12.0,5.0,3.0,9.0,4.0,6.0,1.0,18.0,1.0,10.0,47.0,65.0,51.0,-22.476666666666663,7.0,9.0,9.0,2.0,2.0,7.0,18.0,3.0,2.0,3.0,6.0,13.0,6.0,4.0,10.0,1.0,1.0,2.0,19.0,1.0,11.0,0.0
11937,7.0,9.0,9.0,2.0,2.0,7.0,18.0,3.0,2.0,3.0,6.0,13.0,6.0,4.0,10.0,1.0,1.0,2.0,19.0,1.0,11.0,68.0,71.0,51.0,-24.935000000000002,7.0,9.0,9.0,2.0,4.0,7.0,19.0,4.0,3.0,4.0,7.0,14.0,7.0,5.0,11.0,2.0,1.0,3.0,20.0,1.0,1.0,0.0
11938,7.0,9.0,9.0,2.0,4.0,7.0,19.0,4.0,3.0,4.0,7.0,14.0,7.0,5.0,11.0,2.0,1.0,3.0,20.0,1.0,1.0,11.0,23.0,57.0,-10.963333333333333,9.0,9.0,9.0,4.0,2.0,7.0,20.0,5.0,1.0,5.0,1.0,15.0,8.0,6.0,12.0,3.0,2.0,1.0,21.0,2.0,2.0,0.0
11939,9.0,9.0,9.0,4.0,2.0,7.0,20.0,5.0,1.0,5.0,1.0,15.0,8.0,6.0,12.0,3.0,2.0,1.0,21.0,2.0,2.0,17.0,65.0,51.0,-18.803333333333335,7.0,9.0,9.0,4.0,4.0,7.0,21.0,6.0,2.0,1.0,2.0,16.0,9.0,7.0,13.0,4.0,1.0,2.0,22.0,1.0,3.0,0.0
11940,7.0,9.0,9.0,4.0,4.0,7.0,21.0,6.0,2.0,1.0,2.0,16.0,9.0,7.0,13.0,4.0,1.0,2.0,22.0,1.0,3.0,11.0,9.0,51.0,-12.848333333333333,9.0,9.0,9.0,2.0,6.0,7.0,22.0,1.0,1.0,2.0,3.0,17.0,10.0,8.0,14.0,5.0,1.0,3.0,23.0,2.0,4.0,0.0
11941,9.0,9.0,9.0,2.0,6.0,7.0,22.0,1.0,1.0,2.0,3.0,17.0,10.0,8.0,14.0,5.0,1.0,3.0,23.0,2.0,4.0,11.0,65.0,51.0,-18.696666666666665,9.0,9.0,9.0,2.0,8.0,7.0,23.0,2.0,1.0,3.0,4.0,18.0,11.0,9.0,15.0,6.0,1.0,4.0,24.0,1.0,5.0,0.0
11942,9.0,9.0,9.0,2.0,8.0,7.0,23.0,2.0,1.0,3.0,4.0,18.0,11.0,9.0,15.0,6.0,1.0,4.0,24.0,1.0,5.0,3.0,65.0,51.0,-32.91,9.0,9.0,9.0,2.0,9.0,7.0,1.0,3.0,2.0,4.0,5.0,19.0,12.0,10.0,16.0,7.0,1.0,5.0,25.0,1.0,6.0,0.0
11943,9.0,9.0,9.0,2.0,9.0,7.0,1.0,3.0,2.0,4.0,5.0,19.0,12.0,10.0,16.0,7.0,1.0,5.0,25.0,1.0,6.0,42.0,65.0,61.0,-12.355,7.0,9.0,9.0,2.0,9.0,7.0,2.0,4.0,3.0,5.0,6.0,20.0,13.0,11.0,1.0,8.0,2.0,6.0,1.0,1.0,7.0,0.0
11944,7.0,9.0,9.0,2.0,9.0,7.0,2.0,4.0,3.0,5.0,6.0,20.0,13.0,11.0,1.0,8.0,2.0,6.0,1.0,1.0,7.0,54.0,27.0,57.0,-16.138333333333335,7.0,7.0,7.0,2.0,7.0,7.0,3.0,5.0,4.0,6.0,7.0,1.0,14.0,12.0,2.0,9.0,1.0,1.0,2.0,2.0,8.0,0.0
11945,7.0,7.0,7.0,2.0,7.0,7.0,3.0,5.0,4.0,6.0,7.0,1.0,14.0,12.0,2.0,9.0,1.0,1.0,2.0,2.0,8.0,54.0,33.0,24.0,-8.696666666666667,7.0,5.0,7.0,4.0,7.0,5.0,4.0,6.0,5.0,7.0,1.0,2.0,1.0,13.0,3.0,10.0,1.0,2.0,3.0,3.0,9.0,0.0
11946,7.0,5.0,7.0,4.0,7.0,5.0,4.0,6.0,5.0,7.0,1.0,2.0,1.0,13.0,3.0,10.0,1.0,2.0,3.0,3.0,9.0,54.0,36.0,65.0,-9.958333333333332,7.0,3.0,9.0,4.0,7.0,5.0,5.0,7.0,6.0,8.0,2.0,3.0,2.0,1.0,4.0,11.0,1.0,3.0,4.0,1.0,10.0,0.0
11947,7.0,3.0,9.0,4.0,7.0,5.0,5.0,7.0,6.0,8.0,2.0,3.0,2.0,1.0,4.0,11.0,1.0,3.0,4.0,1.0,10.0,54.0,27.0,57.0,-13.591666666666665,7.0,1.0,7.0,4.0,5.0,5.0,6.0,8.0,7.0,9.0,3.0,1.0,3.0,2.0,5.0,12.0,1.0,1.0,5.0,2.0,11.0,0.0
11948,7.0,1.0,7.0,4.0,5.0,5.0,6.0,8.0,7.0,9.0,3.0,1.0,3.0,2.0,5.0,12.0,1.0,1.0,5.0,2.0,11.0,68.0,49.0,57.0,-13.901666666666664,7.0,3.0,7.0,2.0,3.0,5.0,7.0,9.0,8.0,10.0,4.0,2.0,4.0,3.0,6.0,1.0,2.0,1.0,6.0,1.0,12.0,0.0
11949,7.0,3.0,7.0,2.0,3.0,5.0,7.0,9.0,8.0,10.0,4.0,2.0,4.0,3.0,6.0,1.0,2.0,1.0,6.0,1.0,12.0,17.0,33.0,57.0,-13.901666666666666,5.0,3.0,7.0,4.0,1.0,5.0,8.0,10.0,9.0,1.0,5.0,3.0,1.0,4.0,7.0,2.0,3.0,1.0,7.0,2.0,13.0,0.0
11950,5.0,3.0,7.0,4.0,1.0,5.0,8.0,10.0,9.0,1.0,5.0,3.0,1.0,4.0,7.0,2.0,3.0,1.0,7.0,2.0,13.0,68.0,33.0,6.0,-14.035,5.0,5.0,7.0,6.0,3.0,5.0,9.0,1.0,10.0,2.0,6.0,4.0,1.0,5.0,8.0,3.0,4.0,2.0,8.0,1.0,14.0,0.0
11951,5.0,5.0,7.0,6.0,3.0,5.0,9.0,1.0,10.0,2.0,6.0,4.0,1.0,5.0,8.0,3.0,4.0,2.0,8.0,1.0,14.0,68.0,71.0,2.0,-17.0,5.0,7.0,9.0,6.0,1.0,5.0,1.0,2.0,11.0,3.0,7.0,5.0,2.0,6.0,9.0,4.0,5.0,3.0,9.0,1.0,1.0,0.0
11952,5.0,7.0,9.0,6.0,1.0,5.0,1.0,2.0,11.0,3.0,7.0,5.0,2.0,6.0,9.0,4.0,5.0,3.0,9.0,1.0,1.0,11.0,42.0,57.0,-8.871666666666666,7.0,7.0,7.0,6.0,0.0,5.0,2.0,3.0,1.0,4.0,8.0,6.0,3.0,7.0,1.0,5.0,6.0,1.0,10.0,2.0,2.0,0.0
11953,7.0,7.0,7.0,6.0,0.0,5.0,2.0,3.0,1.0,4.0,8.0,6.0,3.0,7.0,1.0,5.0,6.0,1.0,10.0,2.0,2.0,54.0,65.0,57.0,-9.891666666666666,7.0,5.0,7.0,6.0,0.0,5.0,3.0,4.0,2.0,5.0,9.0,7.0,4.0,8.0,2.0,6.0,1.0,1.0,11.0,1.0,3.0,0.0
11954,7.0,5.0,7.0,6.0,0.0,5.0,3.0,4.0,2.0,5.0,9.0,7.0,4.0,8.0,2.0,6.0,1.0,1.0,11.0,1.0,3.0,21.0,65.0,57.0,-9.228333333333333,9.0,5.0,7.0,6.0,0.0,5.0,4.0,5.0,3.0,6.0,1.0,8.0,5.0,9.0,3.0,7.0,2.0,1.0,12.0,1.0,4.0,0.0
11955,9.0,5.0,7.0,6.0,0.0,5.0,4.0,5.0,3.0,6.0,1.0,8.0,5.0,9.0,3.0,7.0,2.0,1.0,12.0,1.0,4.0,11.0,65.0,15.0,-8.631666666666666,9.0,5.0,7.0,6.0,0.0,5.0,5.0,6.0,1.0,1.0,2.0,9.0,6.0,10.0,4.0,8.0,3.0,2.0,13.0,1.0,5.0,0.0
11956,9.0,5.0,7.0,6.0,0.0,5.0,5.0,6.0,1.0,1.0,2.0,9.0,6.0,10.0,4.0,8.0,3.0,2.0,13.0,1.0,5.0,74.0,65.0,2.0,-21.918333333333333,9.0,3.0,7.0,6.0,0.0,5.0,1.0,7.0,2.0,2.0,3.0,10.0,7.0,11.0,5.0,9.0,4.0,3.0,14.0,1.0,1.0,0.0
11957,9.0,3.0,7.0,6.0,0.0,5.0,1.0,7.0,2.0,2.0,3.0,10.0,7.0,11.0,5.0,9.0,4.0,3.0,14.0,1.0,1.0,65.0,49.0,15.0,-13.43833333333333,9.0,3.0,7.0,4.0,0.0,5.0,2.0,8.0,3.0,1.0,4.0,11.0,8.0,12.0,6.0,1.0,5.0,4.0,15.0,1.0,2.0,0.0
11958,9.0,3.0,7.0,4.0,0.0,5.0,2.0,8.0,3.0,1.0,4.0,11.0,8.0,12.0,6.0,1.0,5.0,4.0,15.0,1.0,2.0,6.0,65.0,9.0,-15.698333333333334,9.0,3.0,7.0,4.0,0.0,3.0,3.0,1.0,4.0,2.0,5.0,12.0,9.0,13.0,7.0,2.0,6.0,5.0,16.0,1.0,3.0,0.0
11959,9.0,3.0,7.0,4.0,0.0,3.0,3.0,1.0,4.0,2.0,5.0,12.0,9.0,13.0,7.0,2.0,6.0,5.0,16.0,1.0,3.0,15.0,65.0,61.0,-28.296666666666663,9.0,3.0,7.0,4.0,2.0,3.0,4.0,2.0,5.0,1.0,6.0,13.0,10.0,14.0,8.0,3.0,7.0,6.0,1.0,1.0,4.0,0.0
11960,9.0,3.0,7.0,4.0,2.0,3.0,4.0,2.0,5.0,1.0,6.0,13.0,10.0,14.0,8.0,3.0,7.0,6.0,1.0,1.0,4.0,54.0,65.0,10.0,-17.27,9.0,1.0,7.0,4.0,2.0,3.0,5.0,3.0,1.0,2.0,7.0,14.0,11.0,15.0,9.0,4.0,1.0,7.0,2.0,1.0,5.0,0.0
11961,9.0,1.0,7.0,4.0,2.0,3.0,5.0,3.0,1.0,2.0,7.0,14.0,11.0,15.0,9.0,4.0,1.0,7.0,2.0,1.0,5.0,37.0,65.0,35.0,-10.228333333333332,7.0,1.0,7.0,4.0,2.0,3.0,6.0,4.0,2.0,3.0,8.0,15.0,12.0,1.0,10.0,5.0,2.0,8.0,3.0,1.0,6.0,0.0
11962,7.0,1.0,7.0,4.0,2.0,3.0,6.0,4.0,2.0,3.0,8.0,15.0,12.0,1.0,10.0,5.0,2.0,8.0,3.0,1.0,6.0,33.0,71.0,57.0,-22.514999999999997,7.0,3.0,9.0,4.0,0.0,3.0,7.0,5.0,3.0,4.0,9.0,16.0,1.0,2.0,11.0,6.0,3.0,1.0,4.0,2.0,1.0,0.0
11963,7.0,3.0,9.0,4.0,0.0,3.0,7.0,5.0,3.0,4.0,9.0,16.0,1.0,2.0,11.0,6.0,3.0,1.0,4.0,2.0,1.0,68.0,24.0,27.0,-17.84,7.0,5.0,9.0,2.0,0.0,3.0,8.0,6.0,4.0,5.0,1.0,1.0,2.0,3.0,12.0,7.0,4.0,2.0,5.0,1.0,2.0,0.0
11964,7.0,5.0,9.0,2.0,0.0,3.0,8.0,6.0,4.0,5.0,1.0,1.0,2.0,3.0,12.0,7.0,4.0,2.0,5.0,1.0,2.0,17.0,44.0,57.0,-24.238333333333333,5.0,5.0,9.0,0.0,0.0,3.0,9.0,7.0,5.0,1.0,2.0,2.0,3.0,4.0,1.0,8.0,5.0,1.0,6.0,2.0,3.0,0.0
11965,5.0,5.0,9.0,0.0,0.0,3.0,9.0,7.0,5.0,1.0,2.0,2.0,3.0,4.0,1.0,8.0,5.0,1.0,6.0,2.0,3.0,9.0,9.0,6.0,-10.976666666666667,5.0,3.0,9.0,0.0,2.0,3.0,10.0,1.0,6.0,2.0,3.0,3.0,4.0,5.0,2.0,9.0,6.0,2.0,7.0,3.0,4.0,0.0
11966,5.0,3.0,9.0,0.0,2.0,3.0,10.0,1.0,6.0,2.0,3.0,3.0,4.0,5.0,2.0,9.0,6.0,2.0,7.0,3.0,4.0,0.0,2.0,57.0,-14.741666666666667,5.0,3.0,7.0,0.0,0.0,3.0,1.0,2.0,7.0,3.0,4.0,4.0,5.0,6.0,3.0,10.0,7.0,1.0,8.0,4.0,5.0,0.0
11967,5.0,3.0,7.0,0.0,0.0,3.0,1.0,2.0,7.0,3.0,4.0,4.0,5.0,6.0,3.0,10.0,7.0,1.0,8.0,4.0,5.0,11.0,49.0,15.0,-14.253333333333334,7.0,3.0,7.0,0.0,0.0,3.0,2.0,3.0,1.0,1.0,5.0,5.0,6.0,7.0,4.0,1.0,8.0,2.0,9.0,5.0,6.0,0.0
11968,7.0,3.0,7.0,0.0,0.0,3.0,2.0,3.0,1.0,1.0,5.0,5.0,6.0,7.0,4.0,1.0,8.0,2.0,9.0,5.0,6.0,30.0,33.0,54.0,-10.754999999999999,7.0,3.0,7.0,2.0,0.0,1.0,3.0,4.0,2.0,2.0,6.0,6.0,1.0,8.0,5.0,2.0,1.0,3.0,10.0,6.0,7.0,0.0
11969,7.0,3.0,7.0,2.0,0.0,1.0,3.0,4.0,2.0,2.0,6.0,6.0,1.0,8.0,5.0,2.0,1.0,3.0,10.0,6.0,7.0,63.0,6.0,6.0,-10.821666666666665,7.0,5.0,9.0,2.0,2.0,1.0,4.0,1.0,3.0,3.0,7.0,7.0,2.0,9.0,6.0,3.0,2.0,4.0,1.0,7.0,8.0,0.0
11970,7.0,5.0,9.0,2.0,2.0,1.0,4.0,1.0,3.0,3.0,7.0,7.0,2.0,9.0,6.0,3.0,2.0,4.0,1.0,7.0,8.0,20.0,22.0,42.0,-14.52,7.0,5.0,7.0,2.0,0.0,1.0,5.0,2.0,4.0,4.0,1.0,8.0,3.0,10.0,1.0,4.0,3.0,5.0,2.0,8.0,9.0,0.0
11971,7.0,5.0,7.0,2.0,0.0,1.0,5.0,2.0,4.0,4.0,1.0,8.0,3.0,10.0,1.0,4.0,3.0,5.0,2.0,8.0,9.0,13.0,65.0,15.0,-11.198333333333332,7.0,7.0,7.0,2.0,0.0,1.0,6.0,3.0,1.0,1.0,2.0,9.0,4.0,11.0,2.0,5.0,4.0,6.0,3.0,1.0,10.0,0.0
11972,7.0,7.0,7.0,2.0,0.0,1.0,6.0,3.0,1.0,1.0,2.0,9.0,4.0,11.0,2.0,5.0,4.0,6.0,3.0,1.0,10.0,58.0,27.0,15.0,-17.331666666666663,7.0,9.0,5.0,2.0,0.0,1.0,7.0,4.0,2.0,1.0,3.0,1.0,5.0,12.0,3.0,6.0,5.0,1.0,4.0,2.0,11.0,0.0
11973,7.0,9.0,5.0,2.0,0.0,1.0,7.0,4.0,2.0,1.0,3.0,1.0,5.0,12.0,3.0,6.0,5.0,1.0,4.0,2.0,11.0,70.0,33.0,6.0,-316.5333333333333,7.0,9.0,5.0,4.0,2.0,1.0,8.0,1.0,3.0,2.0,4.0,2.0,1.0,13.0,4.0,7.0,6.0,2.0,5.0,3.0,1.0,0.0
11974,7.0,9.0,5.0,4.0,2.0,1.0,8.0,1.0,3.0,2.0,4.0,2.0,1.0,13.0,4.0,7.0,6.0,2.0,5.0,3.0,1.0,3.0,22.0,6.0,-21.316666666666663,7.0,9.0,3.0,4.0,4.0,1.0,1.0,1.0,4.0,3.0,1.0,3.0,2.0,14.0,5.0,8.0,7.0,3.0,6.0,4.0,2.0,0.0
11975,7.0,9.0,3.0,4.0,4.0,1.0,1.0,1.0,4.0,3.0,1.0,3.0,2.0,14.0,5.0,8.0,7.0,3.0,6.0,4.0,2.0,69.0,75.0,31.0,-7.8116666666666665,7.0,7.0,3.0,4.0,6.0,1.0,2.0,2.0,5.0,4.0,2.0,4.0,1.0,15.0,6.0,9.0,8.0,4.0,7.0,1.0,3.0,0.0
11976,7.0,7.0,3.0,4.0,6.0,1.0,2.0,2.0,5.0,4.0,2.0,4.0,1.0,15.0,6.0,9.0,8.0,4.0,7.0,1.0,3.0,39.0,27.0,31.0,-15.538333333333334,7.0,5.0,1.0,4.0,8.0,1.0,3.0,3.0,6.0,5.0,3.0,1.0,1.0,1.0,7.0,10.0,9.0,5.0,8.0,2.0,4.0,0.0
11977,7.0,5.0,1.0,4.0,8.0,1.0,3.0,3.0,6.0,5.0,3.0,1.0,1.0,1.0,7.0,10.0,9.0,5.0,8.0,2.0,4.0,0.0,71.0,57.0,-26.588333333333335,7.0,5.0,3.0,4.0,6.0,1.0,1.0,4.0,7.0,6.0,4.0,2.0,2.0,2.0,8.0,11.0,10.0,1.0,9.0,3.0,1.0,0.0
11978,7.0,5.0,3.0,4.0,6.0,1.0,1.0,4.0,7.0,6.0,4.0,2.0,2.0,2.0,8.0,11.0,10.0,1.0,9.0,3.0,1.0,17.0,49.0,57.0,-19.258333333333333,5.0,5.0,3.0,2.0,4.0,1.0,2.0,5.0,8.0,1.0,5.0,3.0,3.0,3.0,9.0,1.0,11.0,1.0,10.0,4.0,2.0,0.0
11979,5.0,5.0,3.0,2.0,4.0,1.0,2.0,5.0,8.0,1.0,5.0,3.0,3.0,3.0,9.0,1.0,11.0,1.0,10.0,4.0,2.0,64.0,64.0,54.0,-25.21333333333333,5.0,3.0,3.0,0.0,4.0,0.0,3.0,6.0,9.0,2.0,6.0,4.0,4.0,4.0,10.0,2.0,1.0,2.0,1.0,5.0,3.0,0.0
11980,5.0,3.0,3.0,0.0,4.0,0.0,3.0,6.0,9.0,2.0,6.0,4.0,4.0,4.0,10.0,2.0,1.0,2.0,1.0,5.0,3.0,0.0,6.0,6.0,-8.253333333333334,5.0,3.0,5.0,0.0,6.0,0.0,1.0,1.0,10.0,3.0,7.0,5.0,5.0,5.0,11.0,3.0,2.0,3.0,2.0,6.0,4.0,0.0
11981,5.0,3.0,5.0,0.0,6.0,0.0,1.0,1.0,10.0,3.0,7.0,5.0,5.0,5.0,11.0,3.0,2.0,3.0,2.0,6.0,4.0,12.0,69.0,46.0,-319.4566666666666,3.0,3.0,5.0,0.0,8.0,0.0,2.0,2.0,1.0,4.0,8.0,6.0,6.0,6.0,12.0,1.0,3.0,4.0,3.0,1.0,5.0,0.0
11982,3.0,3.0,5.0,0.0,8.0,0.0,2.0,2.0,1.0,4.0,8.0,6.0,6.0,6.0,12.0,1.0,3.0,4.0,3.0,1.0,5.0,20.0,6.0,24.0,-12.814999999999998,3.0,3.0,7.0,0.0,8.0,0.0,3.0,1.0,2.0,5.0,1.0,7.0,7.0,7.0,13.0,2.0,4.0,5.0,4.0,2.0,6.0,0.0
11983,3.0,3.0,7.0,0.0,8.0,0.0,3.0,1.0,2.0,5.0,1.0,7.0,7.0,7.0,13.0,2.0,4.0,5.0,4.0,2.0,6.0,40.0,78.0,42.0,-15.893333333333334,3.0,3.0,7.0,2.0,6.0,0.0,4.0,2.0,3.0,6.0,2.0,8.0,8.0,8.0,1.0,3.0,5.0,6.0,5.0,3.0,7.0,0.0
11984,3.0,3.0,7.0,2.0,6.0,0.0,4.0,2.0,3.0,6.0,2.0,8.0,8.0,8.0,1.0,3.0,5.0,6.0,5.0,3.0,7.0,71.0,27.0,57.0,-26.808333333333334,5.0,3.0,5.0,2.0,4.0,0.0,5.0,3.0,4.0,7.0,3.0,1.0,9.0,9.0,2.0,4.0,6.0,1.0,6.0,4.0,1.0,0.0
11985,5.0,3.0,5.0,2.0,4.0,0.0,5.0,3.0,4.0,7.0,3.0,1.0,9.0,9.0,2.0,4.0,6.0,1.0,6.0,4.0,1.0,17.0,64.0,6.0,-17.596666666666664,3.0,3.0,5.0,0.0,6.0,0.0,6.0,1.0,5.0,1.0,4.0,2.0,10.0,10.0,3.0,5.0,7.0,2.0,1.0,5.0,2.0,0.0
11986,3.0,3.0,5.0,0.0,6.0,0.0,6.0,1.0,5.0,1.0,4.0,2.0,10.0,10.0,3.0,5.0,7.0,2.0,1.0,5.0,2.0,0.0,2.0,6.0,-6.8149999999999995,3.0,3.0,3.0,0.0,8.0,0.0,1.0,1.0,6.0,2.0,5.0,3.0,11.0,11.0,4.0,6.0,8.0,3.0,2.0,6.0,3.0,0.0
11987,3.0,3.0,3.0,0.0,8.0,0.0,1.0,1.0,6.0,2.0,5.0,3.0,11.0,11.0,4.0,6.0,8.0,3.0,2.0,6.0,3.0,65.0,38.0,54.0,-612.3483333333332,3.0,3.0,3.0,2.0,8.0,0.0,2.0,2.0,7.0,3.0,6.0,4.0,12.0,1.0,5.0,7.0,1.0,4.0,3.0,1.0,4.0,0.0
11988,3.0,3.0,3.0,2.0,8.0,0.0,2.0,2.0,7.0,3.0,6.0,4.0,12.0,1.0,5.0,7.0,1.0,4.0,3.0,1.0,4.0,31.0,54.0,57.0,-26.630000000000003,5.0,3.0,3.0,0.0,6.0,0.0,3.0,3.0,8.0,4.0,7.0,5.0,1.0,2.0,6.0,8.0,1.0,1.0,4.0,2.0,5.0,0.0
11989,5.0,3.0,3.0,0.0,6.0,0.0,3.0,3.0,8.0,4.0,7.0,5.0,1.0,2.0,6.0,8.0,1.0,1.0,4.0,2.0,5.0,0.0,6.0,30.0,-9.028333333333332,5.0,3.0,5.0,0.0,6.0,0.0,1.0,1.0,9.0,5.0,8.0,6.0,1.0,3.0,7.0,9.0,2.0,2.0,5.0,3.0,6.0,0.0
11990,5.0,3.0,5.0,0.0,6.0,0.0,1.0,1.0,9.0,5.0,8.0,6.0,1.0,3.0,7.0,9.0,2.0,2.0,5.0,3.0,6.0,69.0,6.0,30.0,-10.315000000000001,5.0,1.0,7.0,0.0,6.0,0.0,2.0,1.0,10.0,6.0,9.0,7.0,1.0,4.0,8.0,10.0,3.0,3.0,6.0,1.0,7.0,0.0
11991,5.0,1.0,7.0,0.0,6.0,0.0,2.0,1.0,10.0,6.0,9.0,7.0,1.0,4.0,8.0,10.0,3.0,3.0,6.0,1.0,7.0,0.0,27.0,30.0,-13.438333333333334,5.0,1.0,5.0,0.0,6.0,0.0,1.0,2.0,11.0,7.0,10.0,1.0,1.0,5.0,9.0,11.0,4.0,4.0,7.0,2.0,8.0,0.0
11992,5.0,1.0,5.0,0.0,6.0,0.0,1.0,2.0,11.0,7.0,10.0,1.0,1.0,5.0,9.0,11.0,4.0,4.0,7.0,2.0,8.0,0.0,6.0,30.0,-9.521666666666667,5.0,1.0,7.0,0.0,6.0,0.0,1.0,1.0,12.0,8.0,11.0,2.0,1.0,6.0,10.0,12.0,5.0,5.0,8.0,3.0,9.0,0.0
11993,5.0,1.0,7.0,0.0,6.0,0.0,1.0,1.0,12.0,8.0,11.0,2.0,1.0,6.0,10.0,12.0,5.0,5.0,8.0,3.0,9.0,69.0,6.0,30.0,-14.063333333333333,5.0,0.0,9.0,0.0,6.0,0.0,2.0,1.0,13.0,9.0,12.0,3.0,1.0,7.0,11.0,13.0,6.0,6.0,9.0,1.0,10.0,0.0
11994,5.0,0.0,9.0,0.0,6.0,0.0,2.0,1.0,13.0,9.0,12.0,3.0,1.0,7.0,11.0,13.0,6.0,6.0,9.0,1.0,10.0,0.0,6.0,30.0,-11.696666666666667,5.0,0.0,9.0,0.0,6.0,0.0,1.0,1.0,14.0,10.0,13.0,4.0,1.0,8.0,12.0,14.0,7.0,7.0,10.0,2.0,11.0,0.0
11995,5.0,0.0,9.0,0.0,6.0,0.0,1.0,1.0,14.0,10.0,13.0,4.0,1.0,8.0,12.0,14.0,7.0,7.0,10.0,2.0,11.0,0.0,49.0,30.0,-19.38,5.0,0.0,9.0,0.0,6.0,0.0,1.0,2.0,15.0,11.0,14.0,5.0,1.0,9.0,13.0,1.0,8.0,8.0,11.0,3.0,12.0,0.0
11996,5.0,0.0,9.0,0.0,6.0,0.0,1.0,2.0,15.0,11.0,14.0,5.0,1.0,9.0,13.0,1.0,8.0,8.0,11.0,3.0,12.0,17.0,6.0,57.0,-29.055,3.0,0.0,9.0,0.0,4.0,0.0,2.0,1.0,16.0,1.0,15.0,6.0,2.0,10.0,14.0,2.0,9.0,1.0,12.0,4.0,13.0,0.0
11997,3.0,0.0,9.0,0.0,4.0,0.0,2.0,1.0,16.0,1.0,15.0,6.0,2.0,10.0,14.0,2.0,9.0,1.0,12.0,4.0,13.0,0.0,6.0,69.0,-13.623333333333331,3.0,0.0,9.0,0.0,4.0,0.0,1.0,1.0,17.0,2.0,16.0,7.0,3.0,11.0,15.0,3.0,10.0,2.0,13.0,1.0,14.0,0.0
11998,3.0,0.0,9.0,0.0,4.0,0.0,1.0,1.0,17.0,2.0,16.0,7.0,3.0,11.0,15.0,3.0,10.0,2.0,13.0,1.0,14.0,0.0,6.0,69.0,-14.423333333333332,3.0,0.0,9.0,0.0,4.0,0.0,1.0,1.0,18.0,3.0,17.0,8.0,4.0,12.0,16.0,4.0,11.0,3.0,14.0,1.0,15.0,0.0
11999,3.0,0.0,9.0,0.0,4.0,0.0,1.0,1.0,18.0,3.0,17.0,8.0,4.0,12.0,16.0,4.0,11.0,3.0,14.0,1.0,15.0,70.0,6.0,69.0,-24.209999999999997,3.0,0.0,9.0,0.0,4.0,0.0,2.0,1.0,19.0,4.0,18.0,9.0,5.0,13.0,17.0,5.0,12.0,4.0,15.0,1.0,1.0,1.0
12000,3.0,0.0,9.0,2.0,9.0,0.0,1.0,1.0,1.0,1.0,1.0,1.0,1.0,1.0,1.0,1.0,1.0,1.0,1.0,1.0,1.0,21.0,27.0,30.0,-8.465,5.0,0.0,7.0,2.0,9.0,0.0,2.0,2.0,2.0,2.0,1.0,1.0,1.0,2.0,2.0,2.0,2.0,2.0,2.0,2.0,2.0,0.0
12001,5.0,0.0,7.0,2.0,9.0,0.0,2.0,2.0,2.0,2.0,1.0,1.0,1.0,2.0,2.0,2.0,2.0,2.0,2.0,2.0,2.0,12.0,27.0,30.0,-14.933333333333334,3.0,0.0,5.0,2.0,9.0,0.0,3.0,3.0,1.0,3.0,2.0,1.0,1.0,3.0,3.0,3.0,3.0,3.0,3.0,3.0,3.0,0.0
12002,3.0,0.0,5.0,2.0,9.0,0.0,3.0,3.0,1.0,3.0,2.0,1.0,1.0,3.0,3.0,3.0,3.0,3.0,3.0,3.0,3.0,12.0,27.0,30.0,-320.6933333333333,1.0,0.0,3.0,2.0,9.0,0.0,4.0,4.0,1.0,4.0,3.0,1.0,1.0,4.0,4.0,4.0,4.0,4.0,4.0,4.0,4.0,0.0
12003,1.0,0.0,3.0,2.0,9.0,0.0,4.0,4.0,1.0,4.0,3.0,1.0,1.0,4.0,4.0,4.0,4.0,4.0,4.0,4.0,4.0,40.0,27.0,42.0,-31.435,1.0,0.0,1.0,2.0,7.0,0.0,5.0,5.0,2.0,5.0,4.0,1.0,2.0,5.0,1.0,5.0,5.0,5.0,5.0,5.0,5.0,0.0
12004,1.0,0.0,1.0,2.0,7.0,0.0,5.0,5.0,2.0,5.0,4.0,1.0,2.0,5.0,1.0,5.0,5.0,5.0,5.0,5.0,5.0,36.0,27.0,20.0,-21.53833333333333,3.0,0.0,0.0,2.0,7.0,0.0,6.0,6.0,3.0,6.0,1.0,1.0,3.0,1.0,2.0,6.0,6.0,6.0,6.0,6.0,6.0,0.0
12005,3.0,0.0,0.0,2.0,7.0,0.0,6.0,6.0,3.0,6.0,1.0,1.0,3.0,1.0,2.0,6.0,6.0,6.0,6.0,6.0,6.0,36.0,54.0,57.0,-25.236666666666665,5.0,0.0,0.0,0.0,5.0,0.0,7.0,7.0,4.0,7.0,2.0,2.0,4.0,1.0,3.0,7.0,1.0,1.0,7.0,7.0,7.0,0.0
12006,5.0,0.0,0.0,0.0,5.0,0.0,7.0,7.0,4.0,7.0,2.0,2.0,4.0,1.0,3.0,7.0,1.0,1.0,7.0,7.0,7.0,0.0,6.0,57.0,-23.376666666666665,5.0,0.0,2.0,0.0,3.0,0.0,1.0,1.0,5.0,8.0,3.0,3.0,5.0,2.0,4.0,8.0,2.0,1.0,8.0,8.0,8.0,0.0
12007,5.0,0.0,2.0,0.0,3.0,0.0,1.0,1.0,5.0,8.0,3.0,3.0,5.0,2.0,4.0,8.0,2.0,1.0,8.0,8.0,8.0,70.0,49.0,57.0,-30.06333333333333,5.0,0.0,2.0,0.0,1.0,0.0,2.0,2.0,6.0,9.0,4.0,4.0,6.0,3.0,5.0,1.0,3.0,1.0,9.0,9.0,1.0,0.0
12008,5.0,0.0,2.0,0.0,1.0,0.0,2.0,2.0,6.0,9.0,4.0,4.0,6.0,3.0,5.0,1.0,3.0,1.0,9.0,9.0,1.0,17.0,69.0,57.0,-28.71166666666667,3.0,0.0,2.0,0.0,0.0,0.0,3.0,3.0,7.0,1.0,5.0,5.0,7.0,4.0,6.0,2.0,4.0,1.0,10.0,1.0,2.0,0.0
12009,3.0,0.0,2.0,0.0,0.0,0.0,3.0,3.0,7.0,1.0,5.0,5.0,7.0,4.0,6.0,2.0,4.0,1.0,10.0,1.0,2.0,4.0,52.0,57.0,-22.82333333333333,3.0,0.0,0.0,0.0,0.0,0.0,1.0,4.0,8.0,2.0,6.0,6.0,8.0,5.0,7.0,3.0,1.0,1.0,11.0,2.0,3.0,0.0
12010,3.0,0.0,0.0,0.0,0.0,0.0,1.0,4.0,8.0,2.0,6.0,6.0,8.0,5.0,7.0,3.0,1.0,1.0,11.0,2.0,3.0,69.0,49.0,61.0,-26.631666666666668,3.0,0.0,0.0,0.0,2.0,0.0,2.0,5.0,9.0,3.0,7.0,7.0,9.0,6.0,8.0,1.0,2.0,2.0,1.0,1.0,4.0,0.0
12011,3.0,0.0,0.0,0.0,2.0,0.0,2.0,5.0,9.0,3.0,7.0,7.0,9.0,6.0,8.0,1.0,2.0,2.0,1.0,1.0,4.0,36.0,69.0,10.0,-23.0,5.0,0.0,0.0,0.0,2.0,0.0,3.0,6.0,1.0,4.0,8.0,8.0,10.0,1.0,9.0,2.0,3.0,3.0,2.0,1.0,5.0,0.0
12012,5.0,0.0,0.0,0.0,2.0,0.0,3.0,6.0,1.0,4.0,8.0,8.0,10.0,1.0,9.0,2.0,3.0,3.0,2.0,1.0,5.0,33.0,71.0,57.0,-29.93,5.0,2.0,2.0,0.0,0.0,0.0,4.0,7.0,2.0,5.0,9.0,9.0,1.0,2.0,10.0,3.0,4.0,1.0,3.0,2.0,1.0,0.0
12013,5.0,2.0,2.0,0.0,0.0,0.0,4.0,7.0,2.0,5.0,9.0,9.0,1.0,2.0,10.0,3.0,4.0,1.0,3.0,2.0,1.0,0.0,11.0,57.0,-26.898333333333333,5.0,2.0,4.0,0.0,0.0,0.0,1.0,8.0,1.0,6.0,10.0,10.0,2.0,3.0,11.0,4.0,5.0,1.0,4.0,3.0,2.0,0.0
12014,5.0,2.0,4.0,0.0,0.0,0.0,1.0,8.0,1.0,6.0,10.0,10.0,2.0,3.0,11.0,4.0,5.0,1.0,4.0,3.0,2.0,20.0,78.0,42.0,-316.73333333333335,5.0,2.0,4.0,2.0,0.0,0.0,2.0,9.0,2.0,7.0,1.0,11.0,3.0,4.0,1.0,5.0,6.0,2.0,5.0,4.0,3.0,0.0
12015,5.0,2.0,4.0,2.0,0.0,0.0,2.0,9.0,2.0,7.0,1.0,11.0,3.0,4.0,1.0,5.0,6.0,2.0,5.0,4.0,3.0,74.0,27.0,57.0,-35.73166666666667,5.0,0.0,2.0,2.0,0.0,0.0,3.0,10.0,3.0,8.0,2.0,1.0,4.0,5.0,2.0,6.0,7.0,1.0,6.0,5.0,1.0,0.0
12016,5.0,0.0,2.0,2.0,0.0,0.0,3.0,10.0,3.0,8.0,2.0,1.0,4.0,5.0,2.0,6.0,7.0,1.0,6.0,5.0,1.0,36.0,54.0,57.0,-20.985,7.0,0.0,2.0,0.0,0.0,0.0,4.0,11.0,4.0,9.0,3.0,2.0,5.0,1.0,3.0,7.0,1.0,1.0,7.0,6.0,2.0,0.0
12017,7.0,0.0,2.0,0.0,0.0,0.0,4.0,11.0,4.0,9.0,3.0,2.0,5.0,1.0,3.0,7.0,1.0,1.0,7.0,6.0,2.0,36.0,6.0,57.0,-21.273333333333333,9.0,0.0,4.0,0.0,0.0,0.0,5.0,1.0,5.0,10.0,4.0,3.0,6.0,1.0,4.0,8.0,2.0,1.0,8.0,7.0,3.0,0.0
12018,9.0,0.0,4.0,0.0,0.0,0.0,5.0,1.0,5.0,10.0,4.0,3.0,6.0,1.0,4.0,8.0,2.0,1.0,8.0,7.0,3.0,11.0,54.0,17.0,-22.07,9.0,0.0,4.0,0.0,0.0,0.0,6.0,2.0,1.0,1.0,5.0,4.0,7.0,2.0,5.0,9.0,1.0,2.0,9.0,8.0,4.0,0.0
12019,9.0,0.0,4.0,0.0,0.0,0.0,6.0,2.0,1.0,1.0,5.0,4.0,7.0,2.0,5.0,9.0,1.0,2.0,9.0,8.0,4.0,67.0,49.0,42.0,-20.98333333333333,7.0,0.0,4.0,0.0,0.0,0.0,7.0,3.0,2.0,2.0,6.0,5.0,8.0,3.0,1.0,1.0,2.0,3.0,10.0,1.0,5.0,0.0
12020,7.0,0.0,4.0,0.0,0.0,0.0,7.0,3.0,2.0,2.0,6.0,5.0,8.0,3.0,1.0,1.0,2.0,3.0,10.0,1.0,5.0,61.0,23.0,62.0,-34.86666666666667,9.0,0.0,4.0,2.0,0.0,0.0,8.0,4.0,3.0,3.0,1.0,6.0,9.0,4.0,2.0,2.0,3.0,4.0,1.0,2.0,6.0,0.0
12021,9.0,0.0,4.0,2.0,0.0,0.0,8.0,4.0,3.0,3.0,1.0,6.0,9.0,4.0,2.0,2.0,3.0,4.0,1.0,2.0,6.0,36.0,23.0,57.0,-20.541666666666668,9.0,0.0,4.0,4.0,0.0,0.0,9.0,5.0,4.0,4.0,1.0,7.0,10.0,1.0,3.0,3.0,4.0,1.0,2.0,3.0,7.0,0.0
12022,9.0,0.0,4.0,4.0,0.0,0.0,9.0,5.0,4.0,4.0,1.0,7.0,10.0,1.0,3.0,3.0,4.0,1.0,2.0,3.0,7.0,36.0,54.0,57.0,-20.21166666666667,9.0,0.0,4.0,2.0,0.0,0.0,10.0,6.0,5.0,5.0,2.0,8.0,11.0,1.0,4.0,4.0,1.0,1.0,3.0,4.0,8.0,0.0
12023,9.0,0.0,4.0,2.0,0.0,0.0,10.0,6.0,5.0,5.0,2.0,8.0,11.0,1.0,4.0,4.0,1.0,1.0,3.0,4.0,8.0,8.0,47.0,57.0,-19.083333333333336,9.0,2.0,2.0,2.0,0.0,0.0,11.0,1.0,6.0,6.0,3.0,9.0,12.0,2.0,5.0,1.0,2.0,1.0,4.0,5.0,9.0,0.0
12024,9.0,2.0,2.0,2.0,0.0,0.0,11.0,1.0,6.0,6.0,3.0,9.0,12.0,2.0,5.0,1.0,2.0,1.0,4.0,5.0,9.0,0.0,13.0,0.0,-16.625,9.0,2.0,2.0,4.0,0.0,0.0,1.0,2.0,1.0,7.0,4.0,10.0,13.0,3.0,6.0,2.0,3.0,2.0,5.0,6.0,10.0,0.0
12025,9.0,2.0,2.0,4.0,0.0,0.0,1.0,2.0,1.0,7.0,4.0,10.0,13.0,3.0,6.0,2.0,3.0,2.0,5.0,6.0,10.0,33.0,78.0,3.0,-8.321666666666665,9.0,4.0,2.0,6.0,0.0,2.0,1.0,3.0,2.0,8.0,5.0,11.0,1.0,4.0,7.0,3.0,4.0,3.0,6.0,7.0,11.0,0.0
12026,9.0,4.0,2.0,6.0,0.0,2.0,1.0,3.0,2.0,8.0,5.0,11.0,1.0,4.0,7.0,3.0,4.0,3.0,6.0,7.0,11.0,20.0,22.0,42.0,-20.611666666666665,9.0,4.0,0.0,6.0,0.0,2.0,2.0,4.0,3.0,9.0,1.0,12.0,2.0,5.0,1.0,4.0,5.0,4.0,7.0,8.0,12.0,0.0
12027,9.0,4.0,0.0,6.0,0.0,2.0,2.0,4.0,3.0,9.0,1.0,12.0,2.0,5.0,1.0,4.0,5.0,4.0,7.0,8.0,12.0,30.0,22.0,57.0,-23.16,9.0,4.0,0.0,6.0,0.0,2.0,3.0,5.0,4.0,10.0,1.0,13.0,1.0,6.0,2.0,5.0,6.0,1.0,8.0,9.0,13.0,0.0
12028,9.0,4.0,0.0,6.0,0.0,2.0,3.0,5.0,4.0,10.0,1.0,13.0,1.0,6.0,2.0,5.0,6.0,1.0,8.0,9.0,13.0,74.0,22.0,15.0,-29.224999999999998,9.0,2.0,0.0,6.0,0.0,2.0,4.0,6.0,5.0,1.0,1.0,14.0,2.0,7.0,3.0,6.0,7.0,2.0,9.0,10.0,1.0,0.0
12029,9.0,2.0,0.0,6.0,0.0,2.0,4.0,6.0,5.0,1.0,1.0,14.0,2.0,7.0,3.0,6.0,7.0,2.0,9.0,10.0,1.0,67.0,49.0,26.0,-14.43,7.0,2.0,0.0,4.0,2.0,2.0,5.0,7.0,6.0,2.0,2.0,1.0,3.0,8.0,4.0,1.0,8.0,3.0,10.0,1.0,2.0,0.0
12030,7.0,2.0,0.0,4.0,2.0,2.0,5.0,7.0,6.0,2.0,2.0,1.0,3.0,8.0,4.0,1.0,8.0,3.0,10.0,1.0,2.0,64.0,36.0,9.0,-20.58333333333333,7.0,0.0,2.0,4.0,2.0,0.0,6.0,1.0,7.0,3.0,3.0,2.0,4.0,1.0,5.0,2.0,9.0,4.0,1.0,2.0,3.0,0.0
12031,7.0,0.0,2.0,4.0,2.0,0.0,6.0,1.0,7.0,3.0,3.0,2.0,4.0,1.0,5.0,2.0,9.0,4.0,1.0,2.0,3.0,0.0,54.0,57.0,-20.31666666666667,7.0,0.0,2.0,2.0,0.0,0.0,1.0,2.0,8.0,4.0,4.0,3.0,5.0,2.0,6.0,3.0,1.0,1.0,2.0,3.0,4.0,0.0
12032,7.0,0.0,2.0,2.0,0.0,0.0,1.0,2.0,8.0,4.0,4.0,3.0,5.0,2.0,6.0,3.0,1.0,1.0,2.0,3.0,4.0,62.0,12.0,3.0,-25.078333333333326,5.0,0.0,0.0,2.0,0.0,2.0,1.0,3.0,1.0,5.0,5.0,4.0,6.0,3.0,7.0,4.0,2.0,2.0,1.0,4.0,5.0,0.0
12033,5.0,0.0,0.0,2.0,0.0,2.0,1.0,3.0,1.0,5.0,5.0,4.0,6.0,3.0,7.0,4.0,2.0,2.0,1.0,4.0,5.0,33.0,49.0,42.0,-14.87,5.0,2.0,0.0,0.0,0.0,2.0,2.0,4.0,2.0,6.0,6.0,5.0,1.0,4.0,1.0,1.0,3.0,3.0,2.0,5.0,6.0,0.0
12034,5.0,2.0,0.0,0.0,0.0,2.0,2.0,4.0,2.0,6.0,6.0,5.0,1.0,4.0,1.0,1.0,3.0,3.0,2.0,5.0,6.0,68.0,36.0,57.0,-14.605,5.0,4.0,2.0,0.0,0.0,2.0,3.0,5.0,3.0,7.0,7.0,6.0,2.0,1.0,2.0,2.0,4.0,1.0,3.0,1.0,7.0,0.0
12035,5.0,4.0,2.0,0.0,0.0,2.0,3.0,5.0,3.0,7.0,7.0,6.0,2.0,1.0,2.0,2.0,4.0,1.0,3.0,1.0,7.0,68.0,36.0,57.0,-13.545,5.0,6.0,4.0,0.0,0.0,2.0,4.0,6.0,4.0,8.0,8.0,7.0,3.0,1.0,3.0,3.0,5.0,1.0,4.0,1.0,8.0,0.0
12036,5.0,6.0,4.0,0.0,0.0,2.0,4.0,6.0,4.0,8.0,8.0,7.0,3.0,1.0,3.0,3.0,5.0,1.0,4.0,1.0,8.0,68.0,24.0,57.0,-19.613333333333333,5.0,8.0,4.0,0.0,0.0,2.0,5.0,7.0,5.0,9.0,1.0,8.0,4.0,2.0,4.0,4.0,6.0,1.0,5.0,1.0,9.0,0.0
12037,5.0,8.0,4.0,0.0,0.0,2.0,5.0,7.0,5.0,9.0,1.0,8.0,4.0,2.0,4.0,4.0,6.0,1.0,5.0,1.0,9.0,14.0,36.0,57.0,-13.879999999999999,5.0,6.0,6.0,0.0,0.0,2.0,6.0,8.0,1.0,10.0,2.0,9.0,5.0,1.0,5.0,5.0,7.0,1.0,6.0,2.0,10.0,0.0
12038,5.0,6.0,6.0,0.0,0.0,2.0,6.0,8.0,1.0,10.0,2.0,9.0,5.0,1.0,5.0,5.0,7.0,1.0,6.0,2.0,10.0,17.0,36.0,57.0,-15.01,3.0,6.0,8.0,0.0,0.0,2.0,7.0,9.0,2.0,1.0,3.0,10.0,6.0,1.0,6.0,6.0,8.0,1.0,7.0,3.0,11.0,0.0
12039,3.0,6.0,8.0,0.0,0.0,2.0,7.0,9.0,2.0,1.0,3.0,10.0,6.0,1.0,6.0,6.0,8.0,1.0,7.0,3.0,11.0,74.0,2.0,51.0,-10.556666666666668,3.0,4.0,6.0,0.0,2.0,2.0,1.0,10.0,3.0,2.0,4.0,11.0,7.0,2.0,7.0,7.0,1.0,2.0,8.0,4.0,1.0,0.0
12040,3.0,4.0,6.0,0.0,2.0,2.0,1.0,10.0,3.0,2.0,4.0,11.0,7.0,2.0,7.0,7.0,1.0,2.0,8.0,4.0,1.0,33.0,23.0,5.0,-19.611666666666665,3.0,6.0,6.0,2.0,2.0,2.0,2.0,1.0,4.0,3.0,1.0,12.0,1.0,3.0,8.0,8.0,2.0,3.0,9.0,5.0,2.0,0.0
12041,3.0,6.0,6.0,2.0,2.0,2.0,2.0,1.0,4.0,3.0,1.0,12.0,1.0,3.0,8.0,8.0,2.0,3.0,9.0,5.0,2.0,20.0,78.0,15.0,-10.58,3.0,6.0,6.0,4.0,2.0,2.0,3.0,2.0,5.0,1.0,1.0,13.0,2.0,4.0,9.0,9.0,3.0,4.0,10.0,6.0,3.0,0.0
12042,3.0,6.0,6.0,4.0,2.0,2.0,3.0,2.0,5.0,1.0,1.0,13.0,2.0,4.0,9.0,9.0,3.0,4.0,10.0,6.0,3.0,20.0,49.0,15.0,-13.636666666666667,3.0,6.0,6.0,2.0,2.0,2.0,4.0,3.0,6.0,1.0,1.0,14.0,3.0,5.0,10.0,1.0,4.0,5.0,11.0,7.0,4.0,0.0
12043,3.0,6.0,6.0,2.0,2.0,2.0,4.0,3.0,6.0,1.0,1.0,14.0,3.0,5.0,10.0,1.0,4.0,5.0,11.0,7.0,4.0,70.0,42.0,15.0,-313.01666666666665,3.0,6.0,4.0,2.0,2.0,2.0,5.0,4.0,7.0,1.0,2.0,15.0,4.0,6.0,1.0,2.0,5.0,6.0,12.0,8.0,1.0,0.0
12044,3.0,6.0,4.0,2.0,2.0,2.0,5.0,4.0,7.0,1.0,2.0,15.0,4.0,6.0,1.0,2.0,5.0,6.0,12.0,8.0,1.0,74.0,2.0,61.0,-16.226666666666667,3.0,4.0,2.0,2.0,4.0,2.0,1.0,5.0,8.0,2.0,3.0,16.0,5.0,7.0,2.0,3.0,6.0,7.0,1.0,9.0,1.0,0.0
12045,3.0,4.0,2.0,2.0,4.0,2.0,1.0,5.0,8.0,2.0,3.0,16.0,5.0,7.0,2.0,3.0,6.0,7.0,1.0,9.0,1.0,13.0,23.0,54.0,-13.458333333333332,3.0,6.0,2.0,4.0,4.0,0.0,2.0,6.0,1.0,3.0,1.0,17.0,6.0,8.0,3.0,4.0,1.0,8.0,2.0,10.0,2.0,0.0
12046,3.0,6.0,2.0,4.0,4.0,0.0,2.0,6.0,1.0,3.0,1.0,17.0,6.0,8.0,3.0,4.0,1.0,8.0,2.0,10.0,2.0,74.0,23.0,65.0,-16.226666666666663,3.0,4.0,2.0,6.0,4.0,0.0,3.0,7.0,2.0,4.0,1.0,18.0,7.0,9.0,4.0,5.0,2.0,9.0,3.0,1.0,1.0,0.0
12047,3.0,4.0,2.0,6.0,4.0,0.0,3.0,7.0,2.0,4.0,1.0,18.0,7.0,9.0,4.0,5.0,2.0,9.0,3.0,1.0,1.0,74.0,27.0,4.0,-21.184999999999995,3.0,2.0,0.0,6.0,4.0,0.0,1.0,8.0,3.0,5.0,2.0,1.0,8.0,10.0,5.0,6.0,3.0,10.0,4.0,2.0,1.0,0.0
12048,3.0,2.0,0.0,6.0,4.0,0.0,1.0,8.0,3.0,5.0,2.0,1.0,8.0,10.0,5.0,6.0,3.0,10.0,4.0,2.0,1.0,7.0,55.0,34.0,-15.491666666666665,1.0,2.0,0.0,6.0,4.0,0.0,2.0,1.0,4.0,6.0,3.0,2.0,1.0,11.0,6.0,7.0,4.0,1.0,5.0,3.0,2.0,0.0
12049,1.0,2.0,0.0,6.0,4.0,0.0,2.0,1.0,4.0,6.0,3.0,2.0,1.0,11.0,6.0,7.0,4.0,1.0,5.0,3.0,2.0,35.0,36.0,15.0,-21.55833333333333,1.0,2.0,2.0,6.0,4.0,0.0,3.0,2.0,5.0,1.0,4.0,3.0,2.0,1.0,7.0,8.0,5.0,2.0,6.0,4.0,3.0,0.0
12050,1.0,2.0,2.0,6.0,4.0,0.0,3.0,2.0,5.0,1.0,4.0,3.0,2.0,1.0,7.0,8.0,5.0,2.0,6.0,4.0,3.0,49.0,49.0,20.0,-11.373333333333335,1.0,0.0,2.0,4.0,4.0,0.0,4.0,3.0,6.0,2.0,1.0,4.0,3.0,2.0,8.0,1.0,6.0,3.0,7.0,5.0,4.0,0.0
12051,1.0,0.0,2.0,4.0,4.0,0.0,4.0,3.0,6.0,2.0,1.0,4.0,3.0,2.0,8.0,1.0,6.0,3.0,7.0,5.0,4.0,64.0,42.0,6.0,-26.36333333333333,1.0,0.0,0.0,4.0,6.0,0.0,5.0,1.0,7.0,3.0,2.0,5.0,4.0,3.0,1.0,2.0,7.0,4.0,1.0,6.0,5.0,0.0
12052,1.0,0.0,0.0,4.0,6.0,0.0,5.0,1.0,7.0,3.0,2.0,5.0,4.0,3.0,1.0,2.0,7.0,4.0,1.0,6.0,5.0,51.0,53.0,54.0,-13.566666666666666,3.0,0.0,0.0,6.0,6.0,0.0,6.0,2.0,8.0,4.0,3.0,6.0,5.0,4.0,2.0,3.0,1.0,5.0,2.0,7.0,6.0,0.0
12053,3.0,0.0,0.0,6.0,6.0,0.0,6.0,2.0,8.0,4.0,3.0,6.0,5.0,4.0,2.0,3.0,1.0,5.0,2.0,7.0,6.0,7.0,23.0,0.0,-21.73833333333333,1.0,0.0,0.0,8.0,6.0,0.0,1.0,1.0,9.0,5.0,1.0,7.0,6.0,5.0,3.0,4.0,2.0,6.0,3.0,8.0,7.0,0.0
12054,1.0,0.0,0.0,8.0,6.0,0.0,1.0,1.0,9.0,5.0,1.0,7.0,6.0,5.0,3.0,4.0,2.0,6.0,3.0,8.0,7.0,13.0,23.0,10.0,-30.751666666666665,1.0,2.0,0.0,9.0,6.0,0.0,2.0,2.0,1.0,6.0,1.0,8.0,7.0,6.0,4.0,5.0,3.0,7.0,4.0,9.0,8.0,0.0
12055,1.0,2.0,0.0,9.0,6.0,0.0,2.0,2.0,1.0,6.0,1.0,8.0,7.0,6.0,4.0,5.0,3.0,7.0,4.0,9.0,8.0,74.0,65.0,68.0,-23.178333333333335,1.0,0.0,0.0,9.0,6.0,2.0,3.0,3.0,2.0,7.0,2.0,9.0,8.0,7.0,5.0,6.0,4.0,8.0,5.0,1.0,1.0,0.0
12056,1.0,0.0,0.0,9.0,6.0,2.0,3.0,3.0,2.0,7.0,2.0,9.0,8.0,7.0,5.0,6.0,4.0,8.0,5.0,1.0,1.0,40.0,23.0,10.0,-28.538333333333334,1.0,0.0,0.0,9.0,6.0,2.0,4.0,4.0,1.0,8.0,1.0,10.0,9.0,8.0,1.0,7.0,5.0,9.0,6.0,2.0,2.0,0.0
12057,1.0,0.0,0.0,9.0,6.0,2.0,4.0,4.0,1.0,8.0,1.0,10.0,9.0,8.0,1.0,7.0,5.0,9.0,6.0,2.0,2.0,74.0,53.0,68.0,-22.73833333333333,1.0,0.0,0.0,9.0,6.0,4.0,5.0,5.0,2.0,9.0,2.0,11.0,10.0,9.0,2.0,8.0,1.0,10.0,7.0,1.0,1.0,0.0
12058,1.0,0.0,0.0,9.0,6.0,4.0,5.0,5.0,2.0,9.0,2.0,11.0,10.0,9.0,2.0,8.0,1.0,10.0,7.0,1.0,1.0,74.0,23.0,68.0,-27.191666666666663,1.0,0.0,0.0,9.0,6.0,6.0,6.0,6.0,3.0,10.0,1.0,12.0,11.0,10.0,3.0,9.0,2.0,11.0,8.0,1.0,1.0,0.0
12059,1.0,0.0,0.0,9.0,6.0,6.0,6.0,6.0,3.0,10.0,1.0,12.0,11.0,10.0,3.0,9.0,2.0,11.0,8.0,1.0,1.0,74.0,9.0,68.0,-30.29333333333333,1.0,0.0,0.0,7.0,6.0,8.0,7.0,1.0,4.0,11.0,2.0,13.0,12.0,11.0,4.0,10.0,3.0,12.0,9.0,1.0,1.0,0.0
12060,1.0,0.0,0.0,7.0,6.0,8.0,7.0,1.0,4.0,11.0,2.0,13.0,12.0,11.0,4.0,10.0,3.0,12.0,9.0,1.0,1.0,36.0,9.0,61.0,-17.648333333333333,3.0,0.0,0.0,5.0,8.0,8.0,8.0,1.0,5.0,12.0,3.0,14.0,13.0,1.0,5.0,11.0,4.0,13.0,1.0,2.0,2.0,0.0
12061,3.0,0.0,0.0,5.0,8.0,8.0,8.0,1.0,5.0,12.0,3.0,14.0,13.0,1.0,5.0,11.0,4.0,13.0,1.0,2.0,2.0,48.0,9.0,59.0,-23.18166666666667,3.0,2.0,0.0,3.0,8.0,6.0,9.0,1.0,6.0,13.0,4.0,15.0,14.0,2.0,6.0,1.0,5.0,1.0,2.0,3.0,3.0,0.0
12062,3.0,2.0,0.0,3.0,8.0,6.0,9.0,1.0,6.0,13.0,4.0,15.0,14.0,2.0,6.0,1.0,5.0,1.0,2.0,3.0,3.0,29.0,39.0,0.0,-26.478333333333335,3.0,0.0,0.0,1.0,8.0,6.0,1.0,2.0,7.0,14.0,5.0,1.0,15.0,1.0,7.0,2.0,6.0,2.0,3.0,4.0,4.0,0.0
12063,3.0,0.0,0.0,1.0,8.0,6.0,1.0,2.0,7.0,14.0,5.0,1.0,15.0,1.0,7.0,2.0,6.0,2.0,3.0,4.0,4.0,17.0,64.0,0.0,-38.678333333333335,1.0,0.0,0.0,0.0,8.0,6.0,1.0,3.0,8.0,1.0,6.0,2.0,16.0,2.0,8.0,3.0,7.0,3.0,1.0,5.0,5.0,0.0
12064,1.0,0.0,0.0,0.0,8.0,6.0,1.0,3.0,8.0,1.0,6.0,2.0,16.0,2.0,8.0,3.0,7.0,3.0,1.0,5.0,5.0,33.0,23.0,0.0,-31.48,1.0,2.0,0.0,2.0,8.0,6.0,1.0,4.0,9.0,2.0,1.0,3.0,1.0,3.0,9.0,4.0,8.0,4.0,2.0,6.0,6.0,0.0
12065,1.0,2.0,0.0,2.0,8.0,6.0,1.0,4.0,9.0,2.0,1.0,3.0,1.0,3.0,9.0,4.0,8.0,4.0,2.0,6.0,6.0,70.0,36.0,10.0,-13.61,1.0,2.0,2.0,2.0,8.0,6.0,2.0,5.0,1.0,3.0,2.0,4.0,2.0,1.0,10.0,5.0,9.0,5.0,3.0,7.0,1.0,0.0
12066,1.0,2.0,2.0,2.0,8.0,6.0,2.0,5.0,1.0,3.0,2.0,4.0,2.0,1.0,10.0,5.0,9.0,5.0,3.0,7.0,1.0,20.0,53.0,26.0,-12.370000000000001,1.0,2.0,2.0,4.0,9.0,6.0,3.0,6.0,2.0,4.0,1.0,1.0,3.0,2.0,11.0,6.0,1.0,6.0,4.0,8.0,2.0,0.0
12067,1.0,2.0,2.0,4.0,9.0,6.0,3.0,6.0,2.0,4.0,1.0,1.0,3.0,2.0,11.0,6.0,1.0,6.0,4.0,8.0,2.0,20.0,23.0,5.0,-19.10333333333333,1.0,2.0,2.0,6.0,9.0,6.0,4.0,1.0,3.0,5.0,1.0,2.0,4.0,3.0,12.0,7.0,2.0,7.0,5.0,9.0,3.0,0.0
12068,1.0,2.0,2.0,6.0,9.0,6.0,4.0,1.0,3.0,5.0,1.0,2.0,4.0,3.0,12.0,7.0,2.0,7.0,5.0,9.0,3.0,20.0,42.0,17.0,-19.988333333333333,1.0,2.0,0.0,6.0,7.0,6.0,5.0,2.0,4.0,1.0,1.0,3.0,5.0,4.0,1.0,8.0,3.0,8.0,6.0,10.0,4.0,0.0
12069,1.0,2.0,0.0,6.0,7.0,6.0,5.0,2.0,4.0,1.0,1.0,3.0,5.0,4.0,1.0,8.0,3.0,8.0,6.0,10.0,4.0,67.0,53.0,40.0,-16.645,0.0,2.0,0.0,8.0,7.0,6.0,6.0,3.0,5.0,2.0,2.0,4.0,6.0,5.0,1.0,9.0,1.0,9.0,7.0,1.0,5.0,0.0
12070,0.0,2.0,0.0,8.0,7.0,6.0,6.0,3.0,5.0,2.0,2.0,4.0,6.0,5.0,1.0,9.0,1.0,9.0,7.0,1.0,5.0,74.0,9.0,61.0,-25.634999999999998,0.0,0.0,0.0,6.0,9.0,6.0,7.0,1.0,6.0,3.0,3.0,5.0,7.0,6.0,2.0,10.0,2.0,10.0,1.0,2.0,1.0,0.0
12071,0.0,0.0,0.0,6.0,9.0,6.0,7.0,1.0,6.0,3.0,3.0,5.0,7.0,6.0,2.0,10.0,2.0,10.0,1.0,2.0,1.0,48.0,9.0,30.0,-17.529999999999998,0.0,2.0,0.0,4.0,9.0,6.0,8.0,1.0,7.0,4.0,4.0,6.0,1.0,7.0,3.0,1.0,3.0,11.0,2.0,3.0,2.0,0.0
12072,0.0,2.0,0.0,4.0,9.0,6.0,8.0,1.0,7.0,4.0,4.0,6.0,1.0,7.0,3.0,1.0,3.0,11.0,2.0,3.0,2.0,39.0,23.0,10.0,-19.5,0.0,0.0,0.0,6.0,9.0,6.0,9.0,2.0,1.0,5.0,1.0,7.0,2.0,1.0,4.0,2.0,4.0,12.0,3.0,4.0,3.0,0.0
12073,0.0,0.0,0.0,6.0,9.0,6.0,9.0,2.0,1.0,5.0,1.0,7.0,2.0,1.0,4.0,2.0,4.0,12.0,3.0,4.0,3.0,47.0,29.0,26.0,-17.265,0.0,0.0,0.0,4.0,9.0,6.0,10.0,3.0,2.0,6.0,2.0,1.0,3.0,2.0,5.0,1.0,5.0,13.0,4.0,5.0,4.0,0.0
12074,0.0,0.0,0.0,4.0,9.0,6.0,10.0,3.0,2.0,6.0,2.0,1.0,3.0,2.0,5.0,1.0,5.0,13.0,4.0,5.0,4.0,47.0,29.0,42.0,-20.27833333333333,0.0,0.0,0.0,2.0,7.0,6.0,11.0,4.0,3.0,7.0,3.0,1.0,4.0,3.0,1.0,1.0,6.0,14.0,5.0,6.0,5.0,0.0
12075,0.0,0.0,0.0,2.0,7.0,6.0,11.0,4.0,3.0,7.0,3.0,1.0,4.0,3.0,1.0,1.0,6.0,14.0,5.0,6.0,5.0,39.0,53.0,0.0,-19.634999999999998,0.0,0.0,0.0,4.0,7.0,6.0,1.0,5.0,4.0,8.0,4.0,2.0,5.0,1.0,2.0,2.0,1.0,15.0,6.0,7.0,6.0,0.0
12076,0.0,0.0,0.0,4.0,7.0,6.0,1.0,5.0,4.0,8.0,4.0,2.0,5.0,1.0,2.0,2.0,1.0,15.0,6.0,7.0,6.0,57.0,55.0,55.0,-28.78,0.0,0.0,0.0,4.0,7.0,6.0,2.0,6.0,5.0,9.0,5.0,3.0,6.0,2.0,3.0,3.0,2.0,1.0,7.0,8.0,7.0,0.0
12077,0.0,0.0,0.0,4.0,7.0,6.0,2.0,6.0,5.0,9.0,5.0,3.0,6.0,2.0,3.0,3.0,2.0,1.0,7.0,8.0,7.0,65.0,23.0,6.0,-23.398333333333333,0.0,0.0,0.0,6.0,9.0,6.0,3.0,1.0,6.0,10.0,1.0,4.0,7.0,3.0,4.0,4.0,3.0,2.0,8.0,1.0,8.0,0.0
12078,0.0,0.0,0.0,6.0,9.0,6.0,3.0,1.0,6.0,10.0,1.0,4.0,7.0,3.0,4.0,4.0,3.0,2.0,8.0,1.0,8.0,17.0,42.0,40.0,-17.265,0.0,0.0,0.0,6.0,9.0,6.0,4.0,2.0,7.0,1.0,2.0,5.0,8.0,4.0,1.0,5.0,4.0,3.0,9.0,2.0,9.0,0.0
12079,0.0,0.0,0.0,6.0,9.0,6.0,4.0,2.0,7.0,1.0,2.0,5.0,8.0,4.0,1.0,5.0,4.0,3.0,9.0,2.0,9.0,65.0,9.0,61.0,-21.118333333333332,0.0,0.0,0.0,4.0,9.0,6.0,5.0,1.0,8.0,2.0,3.0,6.0,9.0,5.0,2.0,6.0,5.0,4.0,1.0,1.0,10.0,0.0
12080,0.0,0.0,0.0,4.0,9.0,6.0,5.0,1.0,8.0,2.0,3.0,6.0,9.0,5.0,2.0,6.0,5.0,4.0,1.0,1.0,10.0,51.0,9.0,10.0,-17.31,2.0,0.0,0.0,2.0,9.0,6.0,6.0,1.0,1.0,3.0,4.0,7.0,10.0,6.0,3.0,7.0,1.0,5.0,2.0,2.0,11.0,0.0
12081,2.0,0.0,0.0,2.0,9.0,6.0,6.0,1.0,1.0,3.0,4.0,7.0,10.0,6.0,3.0,7.0,1.0,5.0,2.0,2.0,11.0,47.0,17.0,30.0,-13.256666666666664,0.0,0.0,0.0,2.0,9.0,6.0,7.0,2.0,2.0,1.0,5.0,8.0,1.0,7.0,4.0,1.0,2.0,6.0,3.0,3.0,12.0,0.0
12082,0.0,0.0,0.0,2.0,9.0,6.0,7.0,2.0,2.0,1.0,5.0,8.0,1.0,7.0,4.0,1.0,2.0,6.0,3.0,3.0,12.0,47.0,8.0,10.0,-17.178333333333335,0.0,0.0,0.0,4.0,9.0,6.0,8.0,1.0,1.0,2.0,6.0,9.0,2.0,8.0,5.0,1.0,3.0,7.0,4.0,4.0,13.0,0.0
12083,0.0,0.0,0.0,4.0,9.0,6.0,8.0,1.0,1.0,2.0,6.0,9.0,2.0,8.0,5.0,1.0,3.0,7.0,4.0,4.0,13.0,20.0,29.0,68.0,-31.791666666666668,0.0,0.0,0.0,2.0,9.0,8.0,9.0,2.0,2.0,3.0,1.0,1.0,3.0,9.0,6.0,2.0,4.0,8.0,5.0,1.0,14.0,0.0
12084,0.0,0.0,0.0,2.0,9.0,8.0,9.0,2.0,2.0,3.0,1.0,1.0,3.0,9.0,6.0,2.0,4.0,8.0,5.0,1.0,14.0,47.0,36.0,6.0,-16.115000000000002,0.0,0.0,2.0,2.0,9.0,8.0,10.0,1.0,3.0,4.0,2.0,2.0,4.0,1.0,7.0,1.0,5.0,9.0,6.0,2.0,15.0,0.0
12085,0.0,0.0,2.0,2.0,9.0,8.0,10.0,1.0,3.0,4.0,2.0,2.0,4.0,1.0,7.0,1.0,5.0,9.0,6.0,2.0,15.0,47.0,29.0,59.0,-28.249999999999993,0.0,0.0,2.0,0.0,9.0,6.0,11.0,2.0,4.0,5.0,3.0,1.0,5.0,2.0,8.0,1.0,6.0,1.0,7.0,3.0,16.0,0.0
12086,0.0,0.0,2.0,0.0,9.0,6.0,11.0,2.0,4.0,5.0,3.0,1.0,5.0,2.0,8.0,1.0,6.0,1.0,7.0,3.0,16.0,2.0,36.0,6.0,-10.889999999999999,0.0,0.0,4.0,0.0,9.0,6.0,1.0,1.0,5.0,6.0,4.0,2.0,6.0,1.0,9.0,2.0,7.0,2.0,8.0,4.0,17.0,0.0
12087,0.0,0.0,4.0,0.0,9.0,6.0,1.0,1.0,5.0,6.0,4.0,2.0,6.0,1.0,9.0,2.0,7.0,2.0,8.0,4.0,17.0,70.0,36.0,40.0,-19.39,0.0,0.0,6.0,0.0,9.0,6.0,2.0,2.0,6.0,7.0,5.0,3.0,7.0,1.0,1.0,3.0,8.0,3.0,9.0,5.0,1.0,0.0
12088,0.0,0.0,6.0,0.0,9.0,6.0,2.0,2.0,6.0,7.0,5.0,3.0,7.0,1.0,1.0,3.0,8.0,3.0,9.0,5.0,1.0,48.0,54.0,17.0,-13.919999999999998,0.0,2.0,6.0,0.0,7.0,6.0,3.0,3.0,7.0,1.0,6.0,4.0,8.0,2.0,2.0,1.0,1.0,4.0,10.0,6.0,2.0,0.0
12089,0.0,2.0,6.0,0.0,7.0,6.0,3.0,3.0,7.0,1.0,6.0,4.0,8.0,2.0,2.0,1.0,1.0,4.0,10.0,6.0,2.0,65.0,23.0,60.0,-11.593333333333334,0.0,2.0,6.0,2.0,7.0,6.0,4.0,4.0,8.0,2.0,1.0,5.0,9.0,3.0,3.0,2.0,2.0,5.0,1.0,1.0,3.0,0.0
12090,0.0,2.0,6.0,2.0,7.0,6.0,4.0,4.0,8.0,2.0,1.0,5.0,9.0,3.0,3.0,2.0,2.0,5.0,1.0,1.0,3.0,65.0,9.0,10.0,-10.486666666666666,0.0,2.0,6.0,0.0,7.0,6.0,5.0,1.0,1.0,3.0,2.0,6.0,10.0,4.0,4.0,3.0,3.0,6.0,2.0,1.0,4.0,0.0
12091,0.0,2.0,6.0,0.0,7.0,6.0,5.0,1.0,1.0,3.0,2.0,6.0,10.0,4.0,4.0,3.0,3.0,6.0,2.0,1.0,4.0,54.0,9.0,59.0,-19.654999999999998,0.0,0.0,6.0,0.0,7.0,4.0,6.0,1.0,2.0,4.0,3.0,7.0,11.0,5.0,5.0,4.0,1.0,1.0,3.0,2.0,5.0,0.0
12092,0.0,0.0,6.0,0.0,7.0,4.0,6.0,1.0,2.0,4.0,3.0,7.0,11.0,5.0,5.0,4.0,1.0,1.0,3.0,2.0,5.0,2.0,23.0,30.0,-9.246666666666666,0.0,0.0,6.0,2.0,7.0,4.0,1.0,2.0,3.0,5.0,1.0,8.0,1.0,6.0,6.0,5.0,2.0,2.0,4.0,3.0,6.0,0.0
12093,0.0,0.0,6.0,2.0,7.0,4.0,1.0,2.0,3.0,5.0,1.0,8.0,1.0,6.0,6.0,5.0,2.0,2.0,4.0,3.0,6.0,70.0,8.0,4.0,-18.481666666666666,0.0,0.0,6.0,4.0,7.0,2.0,1.0,1.0,4.0,6.0,2.0,9.0,2.0,7.0,7.0,6.0,3.0,3.0,5.0,4.0,1.0,0.0
12094,0.0,0.0,6.0,4.0,7.0,2.0,1.0,1.0,4.0,6.0,2.0,9.0,2.0,7.0,7.0,6.0,3.0,3.0,5.0,4.0,1.0,29.0,42.0,15.0,-27.315000000000005,0.0,0.0,4.0,4.0,7.0,2.0,2.0,2.0,5.0,1.0,3.0,1.0,3.0,8.0,1.0,7.0,4.0,4.0,6.0,5.0,2.0,0.0
12095,0.0,0.0,4.0,4.0,7.0,2.0,2.0,2.0,5.0,1.0,3.0,1.0,3.0,8.0,1.0,7.0,4.0,4.0,6.0,5.0,2.0,65.0,54.0,69.0,-17.33,0.0,0.0,4.0,2.0,7.0,0.0,3.0,3.0,6.0,2.0,4.0,2.0,4.0,9.0,2.0,8.0,1.0,5.0,7.0,1.0,3.0,0.0
12096,0.0,0.0,4.0,2.0,7.0,0.0,3.0,3.0,6.0,2.0,4.0,2.0,4.0,9.0,2.0,8.0,1.0,5.0,7.0,1.0,3.0,36.0,12.0,30.0,-13.963333333333331,2.0,0.0,2.0,2.0,7.0,0.0,4.0,4.0,1.0,3.0,5.0,3.0,1.0,1.0,3.0,9.0,2.0,6.0,8.0,2.0,4.0,0.0
12097,2.0,0.0,2.0,2.0,7.0,0.0,4.0,4.0,1.0,3.0,5.0,3.0,1.0,1.0,3.0,9.0,2.0,6.0,8.0,2.0,4.0,48.0,27.0,30.0,-16.576666666666664,2.0,2.0,0.0,2.0,7.0,0.0,5.0,5.0,2.0,4.0,6.0,1.0,1.0,2.0,4.0,1.0,3.0,7.0,9.0,3.0,5.0,0.0
12098,2.0,2.0,0.0,2.0,7.0,0.0,5.0,5.0,2.0,4.0,6.0,1.0,1.0,2.0,4.0,1.0,3.0,7.0,9.0,3.0,5.0,17.0,29.0,6.0,-22.335,0.0,2.0,0.0,0.0,9.0,0.0,6.0,1.0,3.0,1.0,7.0,1.0,2.0,3.0,5.0,2.0,4.0,8.0,10.0,4.0,6.0,0.0
12099,0.0,2.0,0.0,0.0,9.0,0.0,6.0,1.0,3.0,1.0,7.0,1.0,2.0,3.0,5.0,2.0,4.0,8.0,10.0,4.0,6.0,39.0,50.0,60.0,-22.821666666666665,0.0,0.0,0.0,0.0,9.0,0.0,7.0,2.0,4.0,2.0,8.0,2.0,3.0,1.0,6.0,3.0,1.0,9.0,1.0,5.0,7.0,1.0
12100,1.0,2.0,0.0,6.0,0.0,0.0,1.0,1.0,1.0,1.0,1.0,1.0,1.0,1.0,1.0,1.0,1.0,1.0,1.0,1.0,1.0,65.0,54.0,4.0,-10.17,1.0,2.0,0.0,4.0,0.0,0.0,1.0,2.0,2.0,2.0,2.0,2.0,2.0,2.0,2.0,2.0,1.0,2.0,2.0,1.0,2.0,0.0
12101,1.0,2.0,0.0,4.0,0.0,0.0,1.0,2.0,2.0,2.0,2.0,2.0,2.0,2.0,2.0,2.0,1.0,2.0,2.0,1.0,2.0,17.0,24.0,12.0,-27.665,0.0,2.0,0.0,2.0,0.0,0.0,2.0,3.0,1.0,1.0,1.0,3.0,3.0,3.0,3.0,3.0,2.0,3.0,3.0,2.0,3.0,0.0
12102,0.0,2.0,0.0,2.0,0.0,0.0,2.0,3.0,1.0,1.0,1.0,3.0,3.0,3.0,3.0,3.0,2.0,3.0,3.0,2.0,3.0,39.0,8.0,72.0,-27.755,0.0,0.0,0.0,4.0,0.0,0.0,3.0,1.0,2.0,2.0,2.0,4.0,4.0,1.0,4.0,4.0,3.0,4.0,4.0,3.0,1.0,0.0
12103,0.0,0.0,0.0,4.0,0.0,0.0,3.0,1.0,2.0,2.0,2.0,4.0,4.0,1.0,4.0,4.0,3.0,4.0,4.0,3.0,1.0,48.0,42.0,47.0,-10.396666666666665,0.0,2.0,0.0,4.0,0.0,0.0,4.0,2.0,3.0,3.0,3.0,5.0,5.0,2.0,1.0,1.0,4.0,5.0,5.0,4.0,2.0,0.0
12104,0.0,2.0,0.0,4.0,0.0,0.0,4.0,2.0,3.0,3.0,3.0,5.0,5.0,2.0,1.0,1.0,4.0,5.0,5.0,4.0,2.0,65.0,54.0,2.0,-13.851666666666667,0.0,2.0,0.0,2.0,0.0,0.0,1.0,3.0,4.0,4.0,4.0,6.0,6.0,3.0,2.0,2.0,1.0,6.0,6.0,1.0,3.0,0.0
12105,0.0,2.0,0.0,2.0,0.0,0.0,1.0,3.0,4.0,4.0,4.0,6.0,6.0,3.0,2.0,2.0,1.0,6.0,6.0,1.0,3.0,65.0,55.0,12.0,-30.393333333333338,0.0,2.0,0.0,2.0,0.0,0.0,2.0,4.0,1.0,5.0,5.0,7.0,7.0,4.0,3.0,3.0,2.0,1.0,7.0,1.0,4.0,0.0
12106,0.0,2.0,0.0,2.0,0.0,0.0,2.0,4.0,1.0,5.0,5.0,7.0,7.0,4.0,3.0,3.0,2.0,1.0,7.0,1.0,4.0,65.0,54.0,36.0,-17.596666666666664,0.0,2.0,0.0,0.0,2.0,0.0,3.0,5.0,2.0,6.0,6.0,8.0,8.0,1.0,4.0,4.0,1.0,2.0,8.0,1.0,5.0,0.0
12107,0.0,2.0,0.0,0.0,2.0,0.0,3.0,5.0,2.0,6.0,6.0,8.0,8.0,1.0,4.0,4.0,1.0,2.0,8.0,1.0,5.0,65.0,54.0,36.0,-16.536666666666665,0.0,2.0,0.0,0.0,4.0,0.0,4.0,6.0,3.0,7.0,7.0,9.0,9.0,1.0,5.0,5.0,1.0,3.0,9.0,1.0,6.0,0.0
12108,0.0,2.0,0.0,0.0,4.0,0.0,4.0,6.0,3.0,7.0,7.0,9.0,9.0,1.0,5.0,5.0,1.0,3.0,9.0,1.0,6.0,65.0,54.0,36.0,-16.716666666666665,0.0,2.0,0.0,0.0,6.0,0.0,5.0,7.0,4.0,8.0,8.0,10.0,10.0,1.0,6.0,6.0,1.0,4.0,10.0,1.0,7.0,0.0
12109,0.0,2.0,0.0,0.0,6.0,0.0,5.0,7.0,4.0,8.0,8.0,10.0,10.0,1.0,6.0,6.0,1.0,4.0,10.0,1.0,7.0,65.0,54.0,36.0,-18.136666666666667,0.0,2.0,0.0,0.0,8.0,0.0,6.0,8.0,5.0,9.0,9.0,11.0,11.0,1.0,7.0,7.0,1.0,5.0,11.0,1.0,8.0,0.0
12110,0.0,2.0,0.0,0.0,8.0,0.0,6.0,8.0,5.0,9.0,9.0,11.0,11.0,1.0,7.0,7.0,1.0,5.0,11.0,1.0,8.0,65.0,54.0,36.0,-19.711666666666666,0.0,2.0,0.0,0.0,9.0,0.0,7.0,9.0,6.0,10.0,10.0,12.0,12.0,1.0,8.0,8.0,1.0,6.0,12.0,1.0,9.0,0.0
12111,0.0,2.0,0.0,0.0,9.0,0.0,7.0,9.0,6.0,10.0,10.0,12.0,12.0,1.0,8.0,8.0,1.0,6.0,12.0,1.0,9.0,65.0,54.0,36.0,-20.511666666666667,0.0,2.0,0.0,0.0,9.0,0.0,8.0,10.0,7.0,11.0,11.0,13.0,13.0,1.0,9.0,9.0,1.0,7.0,13.0,1.0,10.0,0.0
12112,0.0,2.0,0.0,0.0,9.0,0.0,8.0,10.0,7.0,11.0,11.0,13.0,13.0,1.0,9.0,9.0,1.0,7.0,13.0,1.0,10.0,65.0,54.0,36.0,-21.311666666666667,0.0,2.0,0.0,0.0,9.0,0.0,9.0,11.0,8.0,12.0,12.0,14.0,14.0,1.0,10.0,10.0,1.0,8.0,14.0,1.0,11.0,0.0
12113,0.0,2.0,0.0,0.0,9.0,0.0,9.0,11.0,8.0,12.0,12.0,14.0,14.0,1.0,10.0,10.0,1.0,8.0,14.0,1.0,11.0,2.0,54.0,36.0,-17.858333333333334,0.0,2.0,0.0,0.0,9.0,0.0,1.0,12.0,9.0,13.0,13.0,15.0,15.0,1.0,11.0,11.0,1.0,9.0,15.0,2.0,12.0,0.0
12114,0.0,2.0,0.0,0.0,9.0,0.0,1.0,12.0,9.0,13.0,13.0,15.0,15.0,1.0,11.0,11.0,1.0,9.0,15.0,2.0,12.0,65.0,9.0,36.0,-24.833333333333336,0.0,2.0,0.0,0.0,9.0,0.0,2.0,1.0,10.0,14.0,14.0,16.0,16.0,1.0,12.0,12.0,2.0,10.0,16.0,1.0,13.0,0.0
12115,0.0,2.0,0.0,0.0,9.0,0.0,2.0,1.0,10.0,14.0,14.0,16.0,16.0,1.0,12.0,12.0,2.0,10.0,16.0,1.0,13.0,29.0,17.0,36.0,-29.811666666666667,0.0,0.0,0.0,0.0,9.0,0.0,3.0,2.0,11.0,1.0,15.0,1.0,17.0,1.0,13.0,13.0,3.0,11.0,17.0,2.0,14.0,0.0
12116,0.0,0.0,0.0,0.0,9.0,0.0,3.0,2.0,11.0,1.0,15.0,1.0,17.0,1.0,13.0,13.0,3.0,11.0,17.0,2.0,14.0,63.0,17.0,63.0,-34.57166666666667,0.0,2.0,0.0,0.0,9.0,2.0,4.0,3.0,12.0,1.0,16.0,2.0,18.0,2.0,14.0,14.0,4.0,12.0,1.0,3.0,15.0,0.0
12117,0.0,2.0,0.0,0.0,9.0,2.0,4.0,3.0,12.0,1.0,16.0,2.0,18.0,2.0,14.0,14.0,4.0,12.0,1.0,3.0,15.0,12.0,17.0,36.0,-25.271666666666665,0.0,2.0,0.0,0.0,9.0,2.0,5.0,4.0,1.0,1.0,17.0,3.0,19.0,1.0,15.0,15.0,5.0,13.0,2.0,4.0,16.0,0.0
12118,0.0,2.0,0.0,0.0,9.0,2.0,5.0,4.0,1.0,1.0,17.0,3.0,19.0,1.0,15.0,15.0,5.0,13.0,2.0,4.0,16.0,12.0,73.0,36.0,-25.53666666666667,0.0,2.0,0.0,2.0,9.0,2.0,6.0,5.0,1.0,2.0,18.0,4.0,20.0,1.0,16.0,16.0,6.0,14.0,3.0,5.0,1.0,0.0
12119,0.0,2.0,0.0,2.0,9.0,2.0,6.0,5.0,1.0,2.0,18.0,4.0,20.0,1.0,16.0,16.0,6.0,14.0,3.0,5.0,1.0,31.0,54.0,36.0,-21.791666666666664,2.0,2.0,0.0,0.0,9.0,2.0,7.0,6.0,2.0,3.0,19.0,5.0,1.0,1.0,17.0,17.0,1.0,15.0,4.0,6.0,2.0,0.0
12120,2.0,2.0,0.0,0.0,9.0,2.0,7.0,6.0,2.0,3.0,19.0,5.0,1.0,1.0,17.0,17.0,1.0,15.0,4.0,6.0,2.0,20.0,8.0,21.0,-21.745,2.0,2.0,0.0,2.0,9.0,2.0,8.0,1.0,3.0,4.0,1.0,6.0,2.0,2.0,18.0,18.0,2.0,16.0,5.0,7.0,3.0,0.0
12121,2.0,2.0,0.0,2.0,9.0,2.0,8.0,1.0,3.0,4.0,1.0,6.0,2.0,2.0,18.0,18.0,2.0,16.0,5.0,7.0,3.0,12.0,17.0,59.0,-40.89666666666667,0.0,2.0,0.0,2.0,9.0,0.0,9.0,2.0,1.0,1.0,2.0,7.0,3.0,3.0,19.0,19.0,3.0,1.0,6.0,8.0,4.0,0.0
12122,0.0,2.0,0.0,2.0,9.0,0.0,9.0,2.0,1.0,1.0,2.0,7.0,3.0,3.0,19.0,19.0,3.0,1.0,6.0,8.0,4.0,46.0,49.0,42.0,-15.958333333333332,2.0,2.0,0.0,0.0,7.0,0.0,10.0,3.0,2.0,2.0,3.0,8.0,4.0,4.0,1.0,1.0,4.0,2.0,7.0,9.0,5.0,0.0
12123,2.0,2.0,0.0,0.0,7.0,0.0,10.0,3.0,2.0,2.0,3.0,8.0,4.0,4.0,1.0,1.0,4.0,2.0,7.0,9.0,5.0,65.0,50.0,20.0,-16.356666666666666,2.0,2.0,0.0,0.0,7.0,0.0,11.0,4.0,3.0,3.0,1.0,9.0,5.0,5.0,2.0,2.0,1.0,3.0,8.0,1.0,6.0,0.0
12124,2.0,2.0,0.0,0.0,7.0,0.0,11.0,4.0,3.0,3.0,1.0,9.0,5.0,5.0,2.0,2.0,1.0,3.0,8.0,1.0,6.0,65.0,32.0,61.0,-27.893333333333334,2.0,2.0,0.0,0.0,9.0,0.0,12.0,5.0,4.0,4.0,2.0,10.0,1.0,6.0,3.0,3.0,2.0,4.0,1.0,1.0,7.0,0.0
12125,2.0,2.0,0.0,0.0,9.0,0.0,12.0,5.0,4.0,4.0,2.0,10.0,1.0,6.0,3.0,3.0,2.0,4.0,1.0,1.0,7.0,0.0,8.0,30.0,-12.658333333333335,2.0,2.0,0.0,2.0,9.0,0.0,1.0,1.0,5.0,5.0,3.0,11.0,1.0,7.0,4.0,4.0,3.0,5.0,2.0,2.0,8.0,0.0
12126,2.0,2.0,0.0,2.0,9.0,0.0,1.0,1.0,5.0,5.0,3.0,11.0,1.0,7.0,4.0,4.0,3.0,5.0,2.0,2.0,8.0,25.0,57.0,10.0,-27.913333333333334,2.0,2.0,0.0,2.0,9.0,0.0,2.0,2.0,1.0,6.0,4.0,1.0,2.0,8.0,5.0,5.0,4.0,1.0,3.0,3.0,9.0,0.0
12127,2.0,2.0,0.0,2.0,9.0,0.0,2.0,2.0,1.0,6.0,4.0,1.0,2.0,8.0,5.0,5.0,4.0,1.0,3.0,3.0,9.0,25.0,36.0,35.0,-15.758333333333336,2.0,2.0,2.0,2.0,9.0,0.0,3.0,3.0,2.0,7.0,5.0,1.0,3.0,1.0,6.0,6.0,5.0,2.0,4.0,4.0,10.0,0.0
12128,2.0,2.0,2.0,2.0,9.0,0.0,3.0,3.0,2.0,7.0,5.0,1.0,3.0,1.0,6.0,6.0,5.0,2.0,4.0,4.0,10.0,12.0,73.0,20.0,-20.894999999999996,0.0,2.0,2.0,4.0,9.0,0.0,4.0,4.0,1.0,8.0,1.0,2.0,4.0,2.0,7.0,7.0,6.0,3.0,5.0,5.0,1.0,0.0
12129,0.0,2.0,2.0,4.0,9.0,0.0,4.0,4.0,1.0,8.0,1.0,2.0,4.0,2.0,7.0,7.0,6.0,3.0,5.0,5.0,1.0,17.0,54.0,77.0,-8.251666666666667,0.0,2.0,2.0,2.0,7.0,0.0,5.0,5.0,2.0,1.0,2.0,3.0,5.0,3.0,8.0,8.0,1.0,4.0,6.0,6.0,2.0,0.0
12130,0.0,2.0,2.0,2.0,7.0,0.0,5.0,5.0,2.0,1.0,2.0,3.0,5.0,3.0,8.0,8.0,1.0,4.0,6.0,6.0,2.0,12.0,52.0,42.0,-25.103333333333328,0.0,2.0,0.0,2.0,5.0,0.0,6.0,6.0,1.0,2.0,3.0,4.0,6.0,4.0,1.0,9.0,1.0,5.0,7.0,7.0,3.0,0.0
12131,0.0,2.0,0.0,2.0,5.0,0.0,6.0,6.0,1.0,2.0,3.0,4.0,6.0,4.0,1.0,9.0,1.0,5.0,7.0,7.0,3.0,65.0,52.0,20.0,-17.93,0.0,2.0,0.0,2.0,5.0,0.0,7.0,7.0,2.0,3.0,1.0,5.0,7.0,5.0,2.0,10.0,1.0,6.0,8.0,1.0,4.0,0.0
12132,0.0,2.0,0.0,2.0,5.0,0.0,7.0,7.0,2.0,3.0,1.0,5.0,7.0,5.0,2.0,10.0,1.0,6.0,8.0,1.0,4.0,65.0,9.0,20.0,-23.445,0.0,2.0,0.0,0.0,5.0,0.0,8.0,1.0,3.0,4.0,1.0,6.0,8.0,6.0,3.0,11.0,2.0,7.0,9.0,1.0,5.0,0.0
12133,0.0,2.0,0.0,0.0,5.0,0.0,8.0,1.0,3.0,4.0,1.0,6.0,8.0,6.0,3.0,11.0,2.0,7.0,9.0,1.0,5.0,0.0,34.0,61.0,-27.273333333333333,0.0,2.0,0.0,0.0,7.0,0.0,1.0,2.0,4.0,5.0,2.0,7.0,1.0,7.0,4.0,12.0,3.0,8.0,1.0,2.0,6.0,0.0
12134,0.0,2.0,0.0,0.0,7.0,0.0,1.0,2.0,4.0,5.0,2.0,7.0,1.0,7.0,4.0,12.0,3.0,8.0,1.0,2.0,6.0,25.0,27.0,27.0,-35.711666666666666,0.0,2.0,0.0,0.0,5.0,0.0,2.0,3.0,5.0,6.0,3.0,1.0,2.0,8.0,5.0,13.0,4.0,9.0,2.0,3.0,7.0,0.0
12135,0.0,2.0,0.0,0.0,5.0,0.0,2.0,3.0,5.0,6.0,3.0,1.0,2.0,8.0,5.0,13.0,4.0,9.0,2.0,3.0,7.0,46.0,27.0,35.0,-19.125,2.0,2.0,0.0,0.0,5.0,0.0,3.0,4.0,6.0,7.0,4.0,1.0,3.0,1.0,6.0,1.0,5.0,10.0,3.0,4.0,8.0,0.0
12136,2.0,2.0,0.0,0.0,5.0,0.0,3.0,4.0,6.0,7.0,4.0,1.0,3.0,1.0,6.0,1.0,5.0,10.0,3.0,4.0,8.0,12.0,55.0,22.0,-33.05166666666666,0.0,2.0,0.0,0.0,3.0,0.0,4.0,5.0,1.0,8.0,1.0,2.0,4.0,2.0,7.0,2.0,6.0,1.0,4.0,5.0,9.0,0.0
12137,0.0,2.0,0.0,0.0,3.0,0.0,4.0,5.0,1.0,8.0,1.0,2.0,4.0,2.0,7.0,2.0,6.0,1.0,4.0,5.0,9.0,17.0,36.0,6.0,-11.041666666666666,0.0,2.0,2.0,0.0,5.0,0.0,5.0,1.0,2.0,1.0,2.0,3.0,5.0,1.0,8.0,3.0,7.0,2.0,5.0,6.0,10.0,0.0
12138,0.0,2.0,2.0,0.0,5.0,0.0,5.0,1.0,2.0,1.0,2.0,3.0,5.0,1.0,8.0,3.0,7.0,2.0,5.0,6.0,10.0,12.0,50.0,20.0,-21.84833333333333,0.0,2.0,2.0,0.0,5.0,0.0,6.0,2.0,1.0,2.0,1.0,4.0,6.0,2.0,9.0,4.0,1.0,3.0,6.0,7.0,11.0,0.0
12139,0.0,2.0,2.0,0.0,5.0,0.0,6.0,2.0,1.0,2.0,1.0,4.0,6.0,2.0,9.0,4.0,1.0,3.0,6.0,7.0,11.0,12.0,73.0,42.0,-27.18333333333333,0.0,2.0,2.0,2.0,3.0,0.0,7.0,3.0,1.0,3.0,2.0,5.0,7.0,3.0,1.0,5.0,2.0,4.0,7.0,8.0,1.0,0.0
12140,0.0,2.0,2.0,2.0,3.0,0.0,7.0,3.0,1.0,3.0,2.0,5.0,7.0,3.0,1.0,5.0,2.0,4.0,7.0,8.0,1.0,65.0,52.0,20.0,-19.32333333333333,0.0,2.0,0.0,2.0,3.0,0.0,8.0,4.0,2.0,4.0,1.0,6.0,8.0,4.0,2.0,6.0,1.0,5.0,8.0,1.0,2.0,0.0
12141,0.0,2.0,0.0,2.0,3.0,0.0,8.0,4.0,2.0,4.0,1.0,6.0,8.0,4.0,2.0,6.0,1.0,5.0,8.0,1.0,2.0,0.0,34.0,61.0,-28.333333333333336,0.0,2.0,0.0,0.0,5.0,0.0,1.0,5.0,3.0,5.0,2.0,7.0,1.0,5.0,3.0,7.0,2.0,6.0,1.0,2.0,3.0,0.0
12142,0.0,2.0,0.0,0.0,5.0,0.0,1.0,5.0,3.0,5.0,2.0,7.0,1.0,5.0,3.0,7.0,2.0,6.0,1.0,2.0,3.0,50.0,27.0,27.0,-29.043333333333337,0.0,2.0,0.0,0.0,3.0,0.0,2.0,6.0,4.0,6.0,3.0,1.0,2.0,6.0,4.0,8.0,1.0,7.0,2.0,3.0,4.0,0.0
12143,0.0,2.0,0.0,0.0,3.0,0.0,2.0,6.0,4.0,6.0,3.0,1.0,2.0,6.0,4.0,8.0,1.0,7.0,2.0,3.0,4.0,46.0,57.0,35.0,-18.413333333333334,2.0,2.0,0.0,0.0,3.0,0.0,3.0,7.0,5.0,7.0,4.0,2.0,3.0,1.0,5.0,1.0,2.0,1.0,3.0,4.0,5.0,0.0
12144,2.0,2.0,0.0,0.0,3.0,0.0,3.0,7.0,5.0,7.0,4.0,2.0,3.0,1.0,5.0,1.0,2.0,1.0,3.0,4.0,5.0,17.0,72.0,9.0,-20.006666666666664,0.0,2.0,0.0,0.0,3.0,0.0,4.0,1.0,6.0,1.0,5.0,3.0,4.0,2.0,6.0,2.0,3.0,2.0,4.0,5.0,1.0,0.0
12145,0.0,2.0,0.0,0.0,3.0,0.0,4.0,1.0,6.0,1.0,5.0,3.0,4.0,2.0,6.0,2.0,3.0,2.0,4.0,5.0,1.0,4.0,42.0,20.0,-21.711666666666662,0.0,0.0,0.0,0.0,3.0,0.0,1.0,2.0,7.0,2.0,1.0,4.0,5.0,3.0,1.0,3.0,4.0,3.0,5.0,6.0,2.0,0.0
12146,0.0,0.0,0.0,0.0,3.0,0.0,1.0,2.0,7.0,2.0,1.0,4.0,5.0,3.0,1.0,3.0,4.0,3.0,5.0,6.0,2.0,4.0,52.0,54.0,-13.543333333333333,0.0,0.0,0.0,0.0,3.0,0.0,1.0,3.0,8.0,3.0,2.0,5.0,6.0,4.0,2.0,4.0,1.0,4.0,6.0,7.0,3.0,0.0
12147,0.0,0.0,0.0,0.0,3.0,0.0,1.0,3.0,8.0,3.0,2.0,5.0,6.0,4.0,2.0,4.0,1.0,4.0,6.0,7.0,3.0,4.0,0.0,20.0,-14.653333333333332,0.0,0.0,0.0,0.0,3.0,0.0,1.0,4.0,9.0,4.0,1.0,6.0,7.0,5.0,3.0,5.0,2.0,5.0,7.0,8.0,4.0,0.0
12148,0.0,0.0,0.0,0.0,3.0,0.0,1.0,4.0,9.0,4.0,1.0,6.0,7.0,5.0,3.0,5.0,2.0,5.0,7.0,8.0,4.0,4.0,72.0,38.0,-19.171666666666667,0.0,0.0,0.0,0.0,3.0,2.0,1.0,5.0,10.0,5.0,2.0,7.0,8.0,1.0,4.0,6.0,3.0,6.0,8.0,9.0,1.0,0.0
12149,0.0,0.0,0.0,0.0,3.0,2.0,1.0,5.0,10.0,5.0,2.0,7.0,8.0,1.0,4.0,6.0,3.0,6.0,8.0,9.0,1.0,4.0,66.0,20.0,-16.426666666666666,0.0,0.0,2.0,0.0,3.0,2.0,1.0,6.0,11.0,6.0,1.0,8.0,9.0,2.0,5.0,7.0,4.0,7.0,9.0,1.0,2.0,0.0
12150,0.0,0.0,2.0,0.0,3.0,2.0,1.0,6.0,11.0,6.0,1.0,8.0,9.0,2.0,5.0,7.0,4.0,7.0,9.0,1.0,2.0,4.0,12.0,54.0,-23.025,0.0,0.0,0.0,0.0,3.0,0.0,1.0,7.0,1.0,7.0,2.0,9.0,10.0,3.0,6.0,8.0,1.0,8.0,10.0,2.0,3.0,0.0
12151,0.0,0.0,0.0,0.0,3.0,0.0,1.0,7.0,1.0,7.0,2.0,9.0,10.0,3.0,6.0,8.0,1.0,8.0,10.0,2.0,3.0,57.0,34.0,35.0,-32.235,0.0,0.0,0.0,0.0,3.0,0.0,2.0,8.0,2.0,8.0,3.0,10.0,1.0,1.0,7.0,9.0,2.0,1.0,11.0,3.0,4.0,0.0
12152,0.0,0.0,0.0,0.0,3.0,0.0,2.0,8.0,2.0,8.0,3.0,10.0,1.0,1.0,7.0,9.0,2.0,1.0,11.0,3.0,4.0,35.0,63.0,20.0,-33.785,0.0,0.0,0.0,2.0,3.0,0.0,3.0,9.0,3.0,9.0,1.0,11.0,2.0,1.0,8.0,10.0,3.0,2.0,1.0,4.0,5.0,0.0
12153,0.0,0.0,0.0,2.0,3.0,0.0,3.0,9.0,3.0,9.0,1.0,11.0,2.0,1.0,8.0,10.0,3.0,2.0,1.0,4.0,5.0,50.0,47.0,27.0,-21.869999999999997,0.0,0.0,0.0,2.0,1.0,0.0,4.0,10.0,4.0,10.0,2.0,1.0,3.0,2.0,9.0,1.0,1.0,3.0,2.0,5.0,6.0,0.0
12154,0.0,0.0,0.0,2.0,1.0,0.0,4.0,10.0,4.0,10.0,2.0,1.0,3.0,2.0,9.0,1.0,1.0,3.0,2.0,5.0,6.0,17.0,72.0,9.0,-22.06666666666667,0.0,0.0,0.0,2.0,1.0,0.0,5.0,1.0,5.0,1.0,3.0,2.0,4.0,3.0,10.0,2.0,2.0,4.0,3.0,6.0,1.0,0.0
12155,0.0,0.0,0.0,2.0,1.0,0.0,5.0,1.0,5.0,1.0,3.0,2.0,4.0,3.0,10.0,2.0,2.0,4.0,3.0,6.0,1.0,0.0,42.0,38.0,-15.666666666666664,0.0,0.0,0.0,2.0,1.0,2.0,1.0,2.0,6.0,2.0,4.0,3.0,5.0,1.0,1.0,3.0,3.0,5.0,4.0,7.0,2.0,0.0
12156,0.0,0.0,0.0,2.0,1.0,2.0,1.0,2.0,6.0,2.0,4.0,3.0,5.0,1.0,1.0,3.0,3.0,5.0,4.0,7.0,2.0,4.0,14.0,69.0,-24.87833333333333,0.0,0.0,0.0,0.0,1.0,0.0,1.0,3.0,1.0,3.0,5.0,4.0,6.0,2.0,2.0,4.0,4.0,6.0,5.0,1.0,3.0,0.0
12157,0.0,0.0,0.0,0.0,1.0,0.0,1.0,3.0,1.0,3.0,5.0,4.0,6.0,2.0,2.0,4.0,4.0,6.0,5.0,1.0,3.0,57.0,32.0,35.0,-33.315000000000005,0.0,0.0,0.0,0.0,1.0,0.0,2.0,4.0,2.0,4.0,6.0,5.0,1.0,1.0,3.0,5.0,5.0,1.0,6.0,2.0,4.0,0.0
12158,0.0,0.0,0.0,0.0,1.0,0.0,2.0,4.0,2.0,4.0,6.0,5.0,1.0,1.0,3.0,5.0,5.0,1.0,6.0,2.0,4.0,54.0,72.0,20.0,-28.819999999999993,0.0,0.0,0.0,0.0,1.0,0.0,3.0,5.0,3.0,5.0,1.0,6.0,2.0,2.0,4.0,6.0,1.0,2.0,7.0,3.0,1.0,0.0
12159,0.0,0.0,0.0,0.0,1.0,0.0,3.0,5.0,3.0,5.0,1.0,6.0,2.0,2.0,4.0,6.0,1.0,2.0,7.0,3.0,1.0,46.0,63.0,20.0,-31.211666666666666,2.0,0.0,0.0,2.0,1.0,0.0,4.0,6.0,4.0,6.0,1.0,7.0,3.0,3.0,5.0,1.0,2.0,3.0,1.0,4.0,2.0,0.0
12160,2.0,0.0,0.0,2.0,1.0,0.0,4.0,6.0,4.0,6.0,1.0,7.0,3.0,3.0,5.0,1.0,2.0,3.0,1.0,4.0,2.0,50.0,7.0,19.0,-20.273333333333333,2.0,0.0,0.0,2.0,1.0,0.0,5.0,1.0,5.0,1.0,2.0,8.0,4.0,4.0,6.0,2.0,1.0,4.0,2.0,5.0,3.0,0.0
12161,2.0,0.0,0.0,2.0,1.0,0.0,5.0,1.0,5.0,1.0,2.0,8.0,4.0,4.0,6.0,2.0,1.0,4.0,2.0,5.0,3.0,39.0,0.0,19.0,-14.096666666666668,2.0,0.0,0.0,2.0,1.0,0.0,1.0,2.0,6.0,1.0,3.0,9.0,5.0,1.0,7.0,3.0,2.0,5.0,3.0,6.0,4.0,0.0
12162,2.0,0.0,0.0,2.0,1.0,0.0,1.0,2.0,6.0,1.0,3.0,9.0,5.0,1.0,7.0,3.0,2.0,5.0,3.0,6.0,4.0,67.0,72.0,19.0,-24.128333333333334,0.0,0.0,0.0,2.0,1.0,0.0,2.0,3.0,7.0,1.0,4.0,10.0,6.0,2.0,8.0,4.0,3.0,6.0,4.0,1.0,1.0,0.0
12163,0.0,0.0,0.0,2.0,1.0,0.0,2.0,3.0,7.0,1.0,4.0,10.0,6.0,2.0,8.0,4.0,3.0,6.0,4.0,1.0,1.0,4.0,66.0,10.0,-20.741666666666667,0.0,0.0,2.0,2.0,1.0,0.0,1.0,4.0,1.0,2.0,5.0,11.0,7.0,3.0,9.0,5.0,4.0,7.0,5.0,1.0,2.0,0.0
12164,0.0,0.0,2.0,2.0,1.0,0.0,1.0,4.0,1.0,2.0,5.0,11.0,7.0,3.0,9.0,5.0,4.0,7.0,5.0,1.0,2.0,25.0,72.0,35.0,-28.89,0.0,0.0,0.0,2.0,1.0,0.0,2.0,5.0,2.0,3.0,6.0,1.0,8.0,1.0,10.0,6.0,5.0,8.0,6.0,2.0,1.0,0.0
12165,0.0,0.0,0.0,2.0,1.0,0.0,2.0,5.0,2.0,3.0,6.0,1.0,8.0,1.0,10.0,6.0,5.0,8.0,6.0,2.0,1.0,31.0,45.0,9.0,-19.323333333333334,2.0,0.0,0.0,2.0,1.0,0.0,3.0,1.0,3.0,4.0,7.0,2.0,1.0,2.0,11.0,1.0,6.0,9.0,7.0,3.0,2.0,0.0
12166,2.0,0.0,0.0,2.0,1.0,0.0,3.0,1.0,3.0,4.0,7.0,2.0,1.0,2.0,11.0,1.0,6.0,9.0,7.0,3.0,2.0,63.0,42.0,9.0,-28.356666666666666,2.0,2.0,0.0,2.0,1.0,0.0,4.0,1.0,4.0,5.0,8.0,3.0,2.0,3.0,1.0,2.0,7.0,10.0,1.0,4.0,3.0,0.0
12167,2.0,2.0,0.0,2.0,1.0,0.0,4.0,1.0,4.0,5.0,8.0,3.0,2.0,3.0,1.0,2.0,7.0,10.0,1.0,4.0,3.0,28.0,50.0,54.0,-17.375,2.0,4.0,0.0,2.0,1.0,0.0,5.0,2.0,5.0,6.0,9.0,1.0,3.0,4.0,2.0,3.0,1.0,11.0,2.0,5.0,4.0,0.0
12168,2.0,4.0,0.0,2.0,1.0,0.0,5.0,2.0,5.0,6.0,9.0,1.0,3.0,4.0,2.0,3.0,1.0,11.0,2.0,5.0,4.0,39.0,0.0,19.0,-14.43,2.0,2.0,0.0,2.0,1.0,0.0,1.0,3.0,6.0,1.0,10.0,2.0,4.0,1.0,3.0,4.0,2.0,12.0,3.0,6.0,5.0,0.0
12169,2.0,2.0,0.0,2.0,1.0,0.0,1.0,3.0,6.0,1.0,10.0,2.0,4.0,1.0,3.0,4.0,2.0,12.0,3.0,6.0,5.0,58.0,57.0,19.0,-22.15833333333333,2.0,4.0,0.0,2.0,1.0,0.0,2.0,4.0,7.0,1.0,11.0,3.0,5.0,2.0,4.0,5.0,3.0,1.0,4.0,7.0,6.0,0.0
12170,2.0,4.0,0.0,2.0,1.0,0.0,2.0,4.0,7.0,1.0,11.0,3.0,5.0,2.0,4.0,5.0,3.0,1.0,4.0,7.0,6.0,67.0,72.0,20.0,-23.883333333333333,0.0,4.0,0.0,2.0,1.0,0.0,3.0,5.0,8.0,2.0,1.0,4.0,6.0,3.0,5.0,6.0,4.0,2.0,5.0,1.0,1.0,0.0
12171,0.0,4.0,0.0,2.0,1.0,0.0,3.0,5.0,8.0,2.0,1.0,4.0,6.0,3.0,5.0,6.0,4.0,2.0,5.0,1.0,1.0,4.0,52.0,9.0,-15.248333333333335,0.0,2.0,0.0,2.0,1.0,0.0,1.0,1.0,9.0,3.0,2.0,5.0,7.0,4.0,6.0,7.0,1.0,3.0,6.0,2.0,2.0,0.0
12172,0.0,2.0,0.0,2.0,1.0,0.0,1.0,1.0,9.0,3.0,2.0,5.0,7.0,4.0,6.0,7.0,1.0,3.0,6.0,2.0,2.0,11.0,17.0,44.0,-22.178333333333335,2.0,2.0,0.0,2.0,1.0,0.0,2.0,2.0,1.0,1.0,3.0,6.0,8.0,5.0,1.0,8.0,2.0,4.0,7.0,3.0,3.0,0.0
12173,2.0,2.0,0.0,2.0,1.0,0.0,2.0,2.0,1.0,1.0,3.0,6.0,8.0,5.0,1.0,8.0,2.0,4.0,7.0,3.0,3.0,25.0,45.0,49.0,-13.565000000000001,2.0,2.0,0.0,2.0,1.0,0.0,3.0,3.0,2.0,2.0,4.0,1.0,9.0,6.0,2.0,1.0,3.0,5.0,8.0,4.0,4.0,0.0
12174,2.0,2.0,0.0,2.0,1.0,0.0,3.0,3.0,2.0,2.0,4.0,1.0,9.0,6.0,2.0,1.0,3.0,5.0,8.0,4.0,4.0,77.0,0.0,37.0,-11.795,0.0,2.0,0.0,2.0,0.0,0.0,1.0,4.0,3.0,3.0,5.0,2.0,10.0,1.0,3.0,2.0,4.0,6.0,9.0,5.0,5.0,0.0
12175,0.0,2.0,0.0,2.0,0.0,0.0,1.0,4.0,3.0,3.0,5.0,2.0,10.0,1.0,3.0,2.0,4.0,6.0,9.0,5.0,5.0,57.0,50.0,37.0,-21.516666666666666,0.0,2.0,0.0,2.0,0.0,0.0,2.0,5.0,4.0,4.0,6.0,3.0,11.0,1.0,4.0,3.0,1.0,1.0,10.0,6.0,6.0,0.0
12176,0.0,2.0,0.0,2.0,0.0,0.0,2.0,5.0,4.0,4.0,6.0,3.0,11.0,1.0,4.0,3.0,1.0,1.0,10.0,6.0,6.0,31.0,45.0,20.0,-24.593333333333334,2.0,2.0,0.0,2.0,0.0,0.0,3.0,6.0,5.0,5.0,1.0,4.0,1.0,2.0,5.0,1.0,2.0,2.0,11.0,7.0,7.0,0.0
12177,2.0,2.0,0.0,2.0,0.0,0.0,3.0,6.0,5.0,5.0,1.0,4.0,1.0,2.0,5.0,1.0,2.0,2.0,11.0,7.0,7.0,6.0,0.0,38.0,-13.545,4.0,2.0,0.0,2.0,0.0,2.0,1.0,1.0,6.0,6.0,2.0,5.0,2.0,1.0,6.0,2.0,3.0,3.0,12.0,8.0,8.0,0.0
12178,4.0,2.0,0.0,2.0,0.0,2.0,1.0,1.0,6.0,6.0,2.0,5.0,2.0,1.0,6.0,2.0,3.0,3.0,12.0,8.0,8.0,70.0,0.0,38.0,-19.923333333333336,4.0,2.0,0.0,2.0,0.0,4.0,1.0,2.0,7.0,7.0,3.0,6.0,3.0,1.0,7.0,3.0,4.0,4.0,13.0,9.0,1.0,0.0
12179,4.0,2.0,0.0,2.0,0.0,4.0,1.0,2.0,7.0,7.0,3.0,6.0,3.0,1.0,7.0,3.0,4.0,4.0,13.0,9.0,1.0,77.0,0.0,18.0,-7.215,2.0,2.0,0.0,2.0,0.0,6.0,1.0,3.0,8.0,1.0,4.0,7.0,4.0,2.0,8.0,4.0,5.0,5.0,14.0,10.0,2.0,0.0
12180,2.0,2.0,0.0,2.0,0.0,6.0,1.0,3.0,8.0,1.0,4.0,7.0,4.0,2.0,8.0,4.0,5.0,5.0,14.0,10.0,2.0,38.0,0.0,60.0,-23.666666666666668,2.0,4.0,0.0,2.0,0.0,6.0,1.0,4.0,9.0,2.0,5.0,8.0,5.0,1.0,9.0,5.0,6.0,6.0,1.0,11.0,3.0,0.0
12181,2.0,4.0,0.0,2.0,0.0,6.0,1.0,4.0,9.0,2.0,5.0,8.0,5.0,1.0,9.0,5.0,6.0,6.0,1.0,11.0,3.0,67.0,66.0,19.0,-13.259999999999998,0.0,4.0,2.0,2.0,0.0,4.0,2.0,5.0,10.0,1.0,6.0,9.0,6.0,2.0,10.0,6.0,7.0,7.0,2.0,1.0,4.0,0.0
12182,0.0,4.0,2.0,2.0,0.0,4.0,2.0,5.0,10.0,1.0,6.0,9.0,6.0,2.0,10.0,6.0,7.0,7.0,2.0,1.0,4.0,4.0,52.0,10.0,-17.023333333333333,0.0,2.0,0.0,2.0,0.0,4.0,1.0,6.0,1.0,2.0,7.0,10.0,7.0,3.0,11.0,7.0,1.0,8.0,3.0,2.0,5.0,0.0
12183,0.0,2.0,0.0,2.0,0.0,4.0,1.0,6.0,1.0,2.0,7.0,10.0,7.0,3.0,11.0,7.0,1.0,8.0,3.0,2.0,5.0,57.0,45.0,42.0,-17.065,0.0,2.0,0.0,2.0,0.0,4.0,2.0,7.0,2.0,3.0,8.0,11.0,8.0,4.0,1.0,1.0,2.0,1.0,4.0,3.0,6.0,0.0
12184,0.0,2.0,0.0,2.0,0.0,4.0,2.0,7.0,2.0,3.0,8.0,11.0,8.0,4.0,1.0,1.0,2.0,1.0,4.0,3.0,6.0,38.0,32.0,29.0,-35.13166666666667,0.0,4.0,0.0,2.0,0.0,2.0,3.0,8.0,3.0,4.0,9.0,1.0,1.0,1.0,2.0,2.0,3.0,2.0,5.0,4.0,7.0,0.0
12185,0.0,4.0,0.0,2.0,0.0,2.0,3.0,8.0,3.0,4.0,9.0,1.0,1.0,1.0,2.0,2.0,3.0,2.0,5.0,4.0,7.0,19.0,8.0,9.0,-23.39666666666667,0.0,2.0,0.0,4.0,0.0,0.0,4.0,1.0,4.0,1.0,10.0,2.0,2.0,2.0,3.0,3.0,4.0,3.0,6.0,5.0,8.0,0.0
12186,0.0,2.0,0.0,4.0,0.0,0.0,4.0,1.0,4.0,1.0,10.0,2.0,2.0,2.0,3.0,3.0,4.0,3.0,6.0,5.0,8.0,1.0,22.0,20.0,-23.928333333333335,2.0,2.0,0.0,4.0,0.0,0.0,1.0,2.0,5.0,2.0,1.0,3.0,3.0,3.0,4.0,4.0,5.0,4.0,7.0,6.0,9.0,0.0
12187,2.0,2.0,0.0,4.0,0.0,0.0,1.0,2.0,5.0,2.0,1.0,3.0,3.0,3.0,4.0,4.0,5.0,4.0,7.0,6.0,9.0,70.0,74.0,72.0,-27.118333333333332,2.0,2.0,0.0,2.0,0.0,0.0,2.0,3.0,6.0,3.0,2.0,4.0,4.0,4.0,5.0,5.0,6.0,5.0,8.0,7.0,1.0,0.0
12188,2.0,2.0,0.0,2.0,0.0,0.0,2.0,3.0,6.0,3.0,2.0,4.0,4.0,4.0,5.0,5.0,6.0,5.0,8.0,7.0,1.0,4.0,52.0,38.0,-14.143333333333333,2.0,0.0,0.0,2.0,0.0,2.0,1.0,4.0,7.0,4.0,3.0,5.0,5.0,1.0,6.0,6.0,1.0,6.0,9.0,8.0,2.0,0.0
12189,2.0,0.0,0.0,2.0,0.0,2.0,1.0,4.0,7.0,4.0,3.0,5.0,5.0,1.0,6.0,6.0,1.0,6.0,9.0,8.0,2.0,31.0,12.0,38.0,-25.591666666666665,4.0,0.0,0.0,2.0,0.0,4.0,2.0,5.0,1.0,5.0,4.0,6.0,1.0,1.0,7.0,7.0,2.0,7.0,10.0,9.0,3.0,0.0
12190,4.0,0.0,0.0,2.0,0.0,4.0,2.0,5.0,1.0,5.0,4.0,6.0,1.0,1.0,7.0,7.0,2.0,7.0,10.0,9.0,3.0,67.0,45.0,43.0,-13.278333333333332,2.0,0.0,0.0,2.0,0.0,6.0,3.0,6.0,2.0,6.0,5.0,7.0,2.0,2.0,1.0,1.0,3.0,8.0,11.0,1.0,4.0,0.0
12191,2.0,0.0,0.0,2.0,0.0,6.0,3.0,6.0,2.0,6.0,5.0,7.0,2.0,2.0,1.0,1.0,3.0,8.0,11.0,1.0,4.0,77.0,0.0,9.0,-14.608333333333333,0.0,0.0,0.0,2.0,0.0,4.0,1.0,1.0,3.0,7.0,6.0,8.0,3.0,3.0,2.0,2.0,4.0,9.0,12.0,2.0,5.0,0.0
12192,0.0,0.0,0.0,2.0,0.0,4.0,1.0,1.0,3.0,7.0,6.0,8.0,3.0,3.0,2.0,2.0,4.0,9.0,12.0,2.0,5.0,39.0,50.0,55.0,-17.796666666666667,0.0,0.0,0.0,2.0,0.0,4.0,2.0,2.0,4.0,8.0,7.0,9.0,4.0,1.0,3.0,3.0,1.0,1.0,13.0,3.0,6.0,0.0
12193,0.0,0.0,0.0,2.0,0.0,4.0,2.0,2.0,4.0,8.0,7.0,9.0,4.0,1.0,3.0,3.0,1.0,1.0,13.0,3.0,6.0,35.0,45.0,20.0,-19.458333333333332,0.0,0.0,0.0,2.0,0.0,4.0,3.0,3.0,5.0,9.0,1.0,10.0,5.0,1.0,4.0,1.0,2.0,2.0,14.0,4.0,7.0,0.0
12194,0.0,0.0,0.0,2.0,0.0,4.0,3.0,3.0,5.0,9.0,1.0,10.0,5.0,1.0,4.0,1.0,2.0,2.0,14.0,4.0,7.0,77.0,45.0,29.0,-17.4,0.0,0.0,0.0,2.0,0.0,2.0,4.0,4.0,6.0,10.0,2.0,1.0,6.0,2.0,5.0,1.0,3.0,3.0,15.0,5.0,8.0,0.0
12195,0.0,0.0,0.0,2.0,0.0,2.0,4.0,4.0,6.0,10.0,2.0,1.0,6.0,2.0,5.0,1.0,3.0,3.0,15.0,5.0,8.0,6.0,45.0,9.0,-19.616666666666667,2.0,0.0,0.0,2.0,0.0,0.0,5.0,1.0,7.0,11.0,3.0,2.0,7.0,3.0,6.0,1.0,4.0,4.0,16.0,6.0,9.0,0.0
12196,2.0,0.0,0.0,2.0,0.0,0.0,5.0,1.0,7.0,11.0,3.0,2.0,7.0,3.0,6.0,1.0,4.0,4.0,16.0,6.0,9.0,17.0,45.0,44.0,-22.516666666666666,0.0,0.0,0.0,2.0,0.0,0.0,6.0,2.0,8.0,1.0,4.0,3.0,8.0,4.0,1.0,1.0,5.0,5.0,17.0,7.0,10.0,0.0
12197,0.0,0.0,0.0,2.0,0.0,0.0,6.0,2.0,8.0,1.0,4.0,3.0,8.0,4.0,1.0,1.0,5.0,5.0,17.0,7.0,10.0,1.0,50.0,60.0,-28.625,2.0,0.0,0.0,2.0,0.0,0.0,1.0,3.0,9.0,2.0,5.0,4.0,9.0,5.0,2.0,2.0,1.0,6.0,1.0,8.0,11.0,0.0
12198,2.0,0.0,0.0,2.0,0.0,0.0,1.0,3.0,9.0,2.0,5.0,4.0,9.0,5.0,2.0,2.0,1.0,6.0,1.0,8.0,11.0,13.0,74.0,29.0,-35.155,2.0,2.0,0.0,0.0,0.0,0.0,2.0,4.0,1.0,3.0,6.0,1.0,10.0,6.0,3.0,3.0,2.0,7.0,2.0,9.0,1.0,0.0
12199,2.0,2.0,0.0,0.0,0.0,0.0,2.0,4.0,1.0,3.0,6.0,1.0,10.0,6.0,3.0,3.0,2.0,7.0,2.0,9.0,1.0,31.0,69.0,37.0,-21.313333333333333,4.0,2.0,0.0,0.0,0.0,0.0,3.0,5.0,2.0,4.0,7.0,2.0,1.0,1.0,4.0,4.0,3.0,8.0,3.0,1.0,2.0,1.0
12200,2.0,6.0,4.0,1.0,5.0,8.0,1.0,1.0,1.0,1.0,1.0,1.0,1.0,1.0,1.0,1.0,1.0,1.0,1.0,1.0,1.0,77.0,9.0,77.0,-4.1033333333333335,0.0,6.0,4.0,0.0,3.0,8.0,2.0,1.0,2.0,2.0,2.0,2.0,2.0,2.0,2.0,2.0,2.0,2.0,2.0,2.0,2.0,0.0
12201,0.0,6.0,4.0,0.0,3.0,8.0,2.0,1.0,2.0,2.0,2.0,2.0,2.0,2.0,2.0,2.0,2.0,2.0,2.0,2.0,2.0,4.0,9.0,77.0,-7.848333333333333,0.0,4.0,4.0,0.0,1.0,8.0,1.0,1.0,3.0,3.0,3.0,3.0,3.0,3.0,3.0,3.0,3.0,3.0,3.0,3.0,3.0,0.0
12202,0.0,4.0,4.0,0.0,1.0,8.0,1.0,1.0,3.0,3.0,3.0,3.0,3.0,3.0,3.0,3.0,3.0,3.0,3.0,3.0,3.0,58.0,26.0,77.0,-9.688333333333333,0.0,6.0,6.0,0.0,0.0,8.0,2.0,2.0,4.0,4.0,4.0,1.0,4.0,4.0,4.0,4.0,4.0,1.0,4.0,4.0,4.0,0.0
12203,0.0,6.0,6.0,0.0,0.0,8.0,2.0,2.0,4.0,4.0,4.0,1.0,4.0,4.0,4.0,4.0,4.0,1.0,4.0,4.0,4.0,52.0,9.0,77.0,-8.118333333333332,0.0,6.0,6.0,0.0,0.0,8.0,3.0,1.0,5.0,5.0,5.0,2.0,5.0,5.0,5.0,5.0,1.0,2.0,5.0,5.0,5.0,0.0
12204,0.0,6.0,6.0,0.0,0.0,8.0,3.0,1.0,5.0,5.0,5.0,2.0,5.0,5.0,5.0,5.0,1.0,2.0,5.0,5.0,5.0,70.0,9.0,77.0,-6.858333333333333,0.0,6.0,6.0,0.0,0.0,8.0,4.0,1.0,6.0,6.0,6.0,3.0,6.0,6.0,6.0,6.0,2.0,3.0,6.0,6.0,1.0,0.0
12205,0.0,6.0,6.0,0.0,0.0,8.0,4.0,1.0,6.0,6.0,6.0,3.0,6.0,6.0,6.0,6.0,2.0,3.0,6.0,6.0,1.0,4.0,9.0,77.0,-9.075,0.0,4.0,6.0,0.0,0.0,8.0,1.0,1.0,7.0,7.0,7.0,4.0,7.0,7.0,7.0,7.0,3.0,4.0,7.0,7.0,2.0,0.0
12206,0.0,4.0,6.0,0.0,0.0,8.0,1.0,1.0,7.0,7.0,7.0,4.0,7.0,7.0,7.0,7.0,3.0,4.0,7.0,7.0,2.0,42.0,9.0,77.0,-10.626666666666665,0.0,4.0,6.0,0.0,0.0,8.0,2.0,1.0,8.0,8.0,8.0,5.0,8.0,8.0,1.0,8.0,4.0,5.0,8.0,8.0,3.0,0.0
12207,0.0,4.0,6.0,0.0,0.0,8.0,2.0,1.0,8.0,8.0,8.0,5.0,8.0,8.0,1.0,8.0,4.0,5.0,8.0,8.0,3.0,79.0,9.0,77.0,-7.529999999999999,0.0,2.0,6.0,0.0,0.0,8.0,3.0,1.0,9.0,9.0,9.0,6.0,9.0,9.0,2.0,9.0,5.0,6.0,9.0,9.0,4.0,0.0
12208,0.0,2.0,6.0,0.0,0.0,8.0,3.0,1.0,9.0,9.0,9.0,6.0,9.0,9.0,2.0,9.0,5.0,6.0,9.0,9.0,4.0,79.0,9.0,77.0,-8.463333333333333,0.0,0.0,6.0,0.0,0.0,8.0,4.0,1.0,10.0,10.0,10.0,7.0,10.0,10.0,3.0,10.0,6.0,7.0,10.0,10.0,5.0,0.0
12209,0.0,0.0,6.0,0.0,0.0,8.0,4.0,1.0,10.0,10.0,10.0,7.0,10.0,10.0,3.0,10.0,6.0,7.0,10.0,10.0,5.0,79.0,49.0,77.0,-11.896666666666665,0.0,0.0,6.0,0.0,0.0,8.0,5.0,2.0,11.0,11.0,11.0,8.0,11.0,11.0,4.0,1.0,7.0,8.0,11.0,11.0,6.0,0.0
12210,0.0,0.0,6.0,0.0,0.0,8.0,5.0,2.0,11.0,11.0,11.0,8.0,11.0,11.0,4.0,1.0,7.0,8.0,11.0,11.0,6.0,79.0,50.0,54.0,-14.91,0.0,0.0,6.0,0.0,0.0,6.0,6.0,3.0,12.0,12.0,12.0,9.0,12.0,12.0,5.0,2.0,1.0,9.0,12.0,12.0,7.0,0.0
12211,0.0,0.0,6.0,0.0,0.0,6.0,6.0,3.0,12.0,12.0,12.0,9.0,12.0,12.0,5.0,2.0,1.0,9.0,12.0,12.0,7.0,39.0,69.0,29.0,-27.505,0.0,0.0,6.0,0.0,0.0,4.0,7.0,4.0,13.0,13.0,13.0,1.0,13.0,1.0,6.0,3.0,2.0,10.0,13.0,1.0,8.0,0.0
12212,0.0,0.0,6.0,0.0,0.0,4.0,7.0,4.0,13.0,13.0,13.0,1.0,13.0,1.0,6.0,3.0,2.0,10.0,13.0,1.0,8.0,79.0,17.0,9.0,-21.946666666666665,0.0,0.0,4.0,0.0,0.0,2.0,8.0,1.0,14.0,1.0,14.0,2.0,14.0,2.0,7.0,4.0,3.0,11.0,14.0,2.0,9.0,0.0
12213,0.0,0.0,4.0,0.0,0.0,2.0,8.0,1.0,14.0,1.0,14.0,2.0,14.0,2.0,7.0,4.0,3.0,11.0,14.0,2.0,9.0,31.0,17.0,60.0,-36.513333333333335,2.0,0.0,2.0,0.0,0.0,2.0,9.0,2.0,15.0,1.0,15.0,3.0,1.0,3.0,8.0,5.0,4.0,12.0,1.0,3.0,10.0,0.0
12214,2.0,0.0,2.0,0.0,0.0,2.0,9.0,2.0,15.0,1.0,15.0,3.0,1.0,3.0,8.0,5.0,4.0,12.0,1.0,3.0,10.0,2.0,49.0,24.0,-20.08,0.0,0.0,2.0,0.0,0.0,0.0,1.0,3.0,16.0,2.0,1.0,4.0,2.0,4.0,9.0,1.0,5.0,13.0,2.0,4.0,11.0,0.0
12215,0.0,0.0,2.0,0.0,0.0,0.0,1.0,3.0,16.0,2.0,1.0,4.0,2.0,4.0,9.0,1.0,5.0,13.0,2.0,4.0,11.0,13.0,17.0,69.0,-28.138333333333332,0.0,2.0,0.0,0.0,0.0,0.0,2.0,4.0,1.0,1.0,2.0,5.0,3.0,5.0,10.0,2.0,6.0,14.0,3.0,1.0,12.0,0.0
12216,0.0,2.0,0.0,0.0,0.0,0.0,2.0,4.0,1.0,1.0,2.0,5.0,3.0,5.0,10.0,2.0,6.0,14.0,3.0,1.0,12.0,42.0,49.0,72.0,-23.508333333333333,0.0,2.0,0.0,0.0,0.0,0.0,3.0,5.0,2.0,2.0,3.0,6.0,4.0,6.0,1.0,1.0,7.0,15.0,4.0,2.0,1.0,0.0
12217,0.0,2.0,0.0,0.0,0.0,0.0,3.0,5.0,2.0,2.0,3.0,6.0,4.0,6.0,1.0,1.0,7.0,15.0,4.0,2.0,1.0,57.0,27.0,55.0,-38.45333333333333,0.0,2.0,0.0,0.0,0.0,0.0,4.0,6.0,3.0,3.0,4.0,1.0,5.0,7.0,2.0,2.0,8.0,1.0,5.0,3.0,2.0,0.0
12218,0.0,2.0,0.0,0.0,0.0,0.0,4.0,6.0,3.0,3.0,4.0,1.0,5.0,7.0,2.0,2.0,8.0,1.0,5.0,3.0,2.0,79.0,50.0,54.0,-14.43,0.0,0.0,0.0,0.0,0.0,0.0,5.0,7.0,4.0,4.0,5.0,2.0,6.0,8.0,3.0,3.0,1.0,2.0,6.0,4.0,3.0,0.0
12219,0.0,0.0,0.0,0.0,0.0,0.0,5.0,7.0,4.0,4.0,5.0,2.0,6.0,8.0,3.0,3.0,1.0,2.0,6.0,4.0,3.0,2.0,49.0,6.0,-12.724999999999998,0.0,0.0,0.0,0.0,2.0,0.0,1.0,1.0,5.0,5.0,6.0,3.0,7.0,9.0,4.0,1.0,2.0,3.0,7.0,5.0,4.0,0.0
12220,0.0,0.0,0.0,0.0,2.0,0.0,1.0,1.0,5.0,5.0,6.0,3.0,7.0,9.0,4.0,1.0,2.0,3.0,7.0,5.0,4.0,39.0,79.0,54.0,-13.611666666666666,0.0,0.0,0.0,0.0,2.0,0.0,2.0,2.0,6.0,6.0,7.0,4.0,8.0,1.0,5.0,2.0,1.0,4.0,8.0,6.0,5.0,0.0
12221,0.0,0.0,0.0,0.0,2.0,0.0,2.0,2.0,6.0,6.0,7.0,4.0,8.0,1.0,5.0,2.0,1.0,4.0,8.0,6.0,5.0,2.0,17.0,24.0,-19.96666666666667,0.0,0.0,0.0,0.0,2.0,0.0,1.0,3.0,7.0,1.0,1.0,5.0,9.0,2.0,6.0,3.0,2.0,5.0,9.0,7.0,6.0,0.0
12222,0.0,0.0,0.0,0.0,2.0,0.0,1.0,3.0,7.0,1.0,1.0,5.0,9.0,2.0,6.0,3.0,2.0,5.0,9.0,7.0,6.0,13.0,17.0,60.0,-35.178333333333335,0.0,2.0,0.0,0.0,2.0,0.0,2.0,4.0,1.0,1.0,2.0,6.0,10.0,3.0,7.0,4.0,3.0,6.0,1.0,8.0,7.0,0.0
12223,0.0,2.0,0.0,0.0,2.0,0.0,2.0,4.0,1.0,1.0,2.0,6.0,10.0,3.0,7.0,4.0,3.0,6.0,1.0,8.0,7.0,67.0,34.0,24.0,-30.195000000000004,0.0,2.0,0.0,0.0,2.0,0.0,3.0,5.0,2.0,2.0,1.0,7.0,1.0,4.0,8.0,5.0,4.0,7.0,2.0,1.0,8.0,0.0
12224,0.0,2.0,0.0,0.0,2.0,0.0,3.0,5.0,2.0,2.0,1.0,7.0,1.0,4.0,8.0,5.0,4.0,7.0,2.0,1.0,8.0,2.0,49.0,38.0,-10.865,0.0,2.0,0.0,0.0,2.0,2.0,1.0,6.0,3.0,3.0,2.0,8.0,2.0,1.0,9.0,1.0,5.0,8.0,3.0,2.0,9.0,0.0
12225,0.0,2.0,0.0,0.0,2.0,2.0,1.0,6.0,3.0,3.0,2.0,8.0,2.0,1.0,9.0,1.0,5.0,8.0,3.0,2.0,9.0,70.0,49.0,26.0,-16.555,0.0,2.0,0.0,0.0,4.0,2.0,2.0,7.0,4.0,4.0,3.0,1.0,3.0,2.0,10.0,1.0,6.0,9.0,4.0,3.0,1.0,0.0
12226,0.0,2.0,0.0,0.0,4.0,2.0,2.0,7.0,4.0,4.0,3.0,1.0,3.0,2.0,10.0,1.0,6.0,9.0,4.0,3.0,1.0,6.0,55.0,9.0,-22.99833333333334,2.0,2.0,0.0,0.0,4.0,0.0,3.0,1.0,5.0,5.0,4.0,2.0,4.0,3.0,11.0,2.0,7.0,1.0,5.0,4.0,2.0,0.0
12227,2.0,2.0,0.0,0.0,4.0,0.0,3.0,1.0,5.0,5.0,4.0,2.0,4.0,3.0,11.0,2.0,7.0,1.0,5.0,4.0,2.0,2.0,17.0,54.0,-14.163333333333334,0.0,2.0,0.0,0.0,4.0,0.0,1.0,2.0,6.0,1.0,5.0,3.0,5.0,4.0,12.0,3.0,1.0,2.0,6.0,5.0,3.0,0.0
12228,0.0,2.0,0.0,0.0,4.0,0.0,1.0,2.0,6.0,1.0,5.0,3.0,5.0,4.0,12.0,3.0,1.0,2.0,6.0,5.0,3.0,42.0,49.0,24.0,-17.705000000000002,0.0,2.0,0.0,0.0,4.0,0.0,2.0,3.0,7.0,2.0,1.0,4.0,6.0,5.0,1.0,1.0,2.0,3.0,7.0,6.0,4.0,0.0
12229,0.0,2.0,0.0,0.0,4.0,0.0,2.0,3.0,7.0,2.0,1.0,4.0,6.0,5.0,1.0,1.0,2.0,3.0,7.0,6.0,4.0,13.0,49.0,69.0,-17.151666666666667,0.0,4.0,0.0,0.0,4.0,0.0,3.0,4.0,1.0,3.0,2.0,5.0,7.0,6.0,2.0,1.0,3.0,4.0,8.0,1.0,5.0,0.0
12230,0.0,4.0,0.0,0.0,4.0,0.0,3.0,4.0,1.0,3.0,2.0,5.0,7.0,6.0,2.0,1.0,3.0,4.0,8.0,1.0,5.0,39.0,9.0,9.0,-20.43,0.0,2.0,0.0,0.0,4.0,0.0,4.0,1.0,2.0,4.0,3.0,6.0,8.0,1.0,3.0,2.0,4.0,5.0,9.0,2.0,6.0,0.0
12231,0.0,2.0,0.0,0.0,4.0,0.0,4.0,1.0,2.0,4.0,3.0,6.0,8.0,1.0,3.0,2.0,4.0,5.0,9.0,2.0,6.0,2.0,17.0,24.0,-17.286666666666665,0.0,2.0,0.0,0.0,4.0,0.0,1.0,2.0,3.0,1.0,1.0,7.0,9.0,2.0,4.0,3.0,5.0,6.0,10.0,3.0,7.0,0.0
12232,0.0,2.0,0.0,0.0,4.0,0.0,1.0,2.0,3.0,1.0,1.0,7.0,9.0,2.0,4.0,3.0,5.0,6.0,10.0,3.0,7.0,30.0,17.0,60.0,-34.31333333333333,0.0,2.0,0.0,0.0,4.0,0.0,2.0,3.0,4.0,1.0,2.0,8.0,1.0,3.0,5.0,4.0,6.0,7.0,1.0,4.0,8.0,0.0
12233,0.0,2.0,0.0,0.0,4.0,0.0,2.0,3.0,4.0,1.0,2.0,8.0,1.0,3.0,5.0,4.0,6.0,7.0,1.0,4.0,8.0,54.0,49.0,26.0,-15.668333333333333,0.0,0.0,0.0,0.0,6.0,0.0,3.0,4.0,5.0,2.0,3.0,1.0,2.0,4.0,6.0,1.0,1.0,8.0,2.0,5.0,9.0,0.0
12234,0.0,0.0,0.0,0.0,6.0,0.0,3.0,4.0,5.0,2.0,3.0,1.0,2.0,4.0,6.0,1.0,1.0,8.0,2.0,5.0,9.0,70.0,49.0,24.0,-20.916666666666664,0.0,0.0,0.0,0.0,6.0,0.0,4.0,5.0,6.0,3.0,1.0,2.0,3.0,5.0,7.0,1.0,2.0,9.0,3.0,6.0,1.0,0.0
12235,0.0,0.0,0.0,0.0,6.0,0.0,4.0,5.0,6.0,3.0,1.0,2.0,3.0,5.0,7.0,1.0,2.0,9.0,3.0,6.0,1.0,50.0,49.0,7.0,-13.78833333333333,0.0,0.0,0.0,0.0,4.0,0.0,5.0,1.0,7.0,4.0,2.0,3.0,4.0,6.0,8.0,1.0,1.0,10.0,4.0,7.0,2.0,0.0
12236,0.0,0.0,0.0,0.0,4.0,0.0,5.0,1.0,7.0,4.0,2.0,3.0,4.0,6.0,8.0,1.0,1.0,10.0,4.0,7.0,2.0,39.0,17.0,59.0,-29.884999999999998,0.0,0.0,0.0,0.0,4.0,0.0,6.0,2.0,8.0,1.0,3.0,4.0,5.0,1.0,9.0,2.0,2.0,1.0,5.0,8.0,3.0,0.0
12237,0.0,0.0,0.0,0.0,4.0,0.0,6.0,2.0,8.0,1.0,3.0,4.0,5.0,1.0,9.0,2.0,2.0,1.0,5.0,8.0,3.0,2.0,49.0,60.0,-19.633333333333333,0.0,0.0,0.0,0.0,4.0,0.0,1.0,3.0,9.0,2.0,4.0,5.0,6.0,2.0,10.0,1.0,3.0,2.0,1.0,9.0,4.0,0.0
12238,0.0,0.0,0.0,0.0,4.0,0.0,1.0,3.0,9.0,2.0,4.0,5.0,6.0,2.0,10.0,1.0,3.0,2.0,1.0,9.0,4.0,50.0,49.0,54.0,-14.786666666666665,0.0,0.0,0.0,0.0,4.0,0.0,2.0,4.0,10.0,3.0,5.0,6.0,7.0,3.0,11.0,1.0,1.0,3.0,2.0,10.0,5.0,0.0
12239,0.0,0.0,0.0,0.0,4.0,0.0,2.0,4.0,10.0,3.0,5.0,6.0,7.0,3.0,11.0,1.0,1.0,3.0,2.0,10.0,5.0,37.0,49.0,24.0,-18.751666666666665,0.0,0.0,0.0,0.0,4.0,0.0,3.0,5.0,11.0,4.0,1.0,7.0,8.0,1.0,12.0,1.0,2.0,4.0,3.0,11.0,6.0,0.0
12240,0.0,0.0,0.0,0.0,4.0,0.0,3.0,5.0,11.0,4.0,1.0,7.0,8.0,1.0,12.0,1.0,2.0,4.0,3.0,11.0,6.0,50.0,17.0,24.0,-22.23,0.0,0.0,0.0,0.0,4.0,0.0,4.0,6.0,12.0,1.0,1.0,8.0,9.0,2.0,13.0,2.0,1.0,5.0,4.0,12.0,7.0,0.0
12241,0.0,0.0,0.0,0.0,4.0,0.0,4.0,6.0,12.0,1.0,1.0,8.0,9.0,2.0,13.0,2.0,1.0,5.0,4.0,12.0,7.0,50.0,17.0,24.0,-23.03,0.0,0.0,0.0,0.0,4.0,0.0,5.0,7.0,13.0,1.0,1.0,9.0,10.0,3.0,14.0,3.0,1.0,6.0,5.0,13.0,8.0,0.0
12242,0.0,0.0,0.0,0.0,4.0,0.0,5.0,7.0,13.0,1.0,1.0,9.0,10.0,3.0,14.0,3.0,1.0,6.0,5.0,13.0,8.0,50.0,49.0,72.0,-24.16,0.0,0.0,0.0,0.0,2.0,0.0,6.0,8.0,14.0,2.0,2.0,10.0,11.0,4.0,15.0,1.0,1.0,7.0,6.0,14.0,1.0,0.0
12243,0.0,0.0,0.0,0.0,2.0,0.0,6.0,8.0,14.0,2.0,2.0,10.0,11.0,4.0,15.0,1.0,1.0,7.0,6.0,14.0,1.0,31.0,49.0,7.0,-24.91166666666667,2.0,0.0,0.0,0.0,0.0,0.0,7.0,1.0,15.0,3.0,3.0,11.0,1.0,5.0,16.0,1.0,2.0,8.0,7.0,15.0,2.0,0.0
12244,2.0,0.0,0.0,0.0,0.0,0.0,7.0,1.0,15.0,3.0,3.0,11.0,1.0,5.0,16.0,1.0,2.0,8.0,7.0,15.0,2.0,67.0,49.0,7.0,-24.778333333333332,0.0,0.0,0.0,0.0,0.0,0.0,8.0,1.0,16.0,4.0,4.0,12.0,2.0,6.0,17.0,1.0,3.0,9.0,8.0,1.0,3.0,0.0
12245,0.0,0.0,0.0,0.0,0.0,0.0,8.0,1.0,16.0,4.0,4.0,12.0,2.0,6.0,17.0,1.0,3.0,9.0,8.0,1.0,3.0,0.0,49.0,10.0,-22.871666666666666,0.0,0.0,0.0,0.0,0.0,0.0,1.0,2.0,1.0,5.0,5.0,13.0,3.0,7.0,18.0,1.0,4.0,10.0,9.0,2.0,4.0,0.0
12246,0.0,0.0,0.0,0.0,0.0,0.0,1.0,2.0,1.0,5.0,5.0,13.0,3.0,7.0,18.0,1.0,4.0,10.0,9.0,2.0,4.0,42.0,42.0,28.0,-36.529999999999994,0.0,0.0,0.0,0.0,0.0,2.0,2.0,3.0,2.0,6.0,6.0,1.0,4.0,8.0,1.0,2.0,5.0,11.0,10.0,3.0,5.0,0.0
12247,0.0,0.0,0.0,0.0,0.0,2.0,2.0,3.0,2.0,6.0,6.0,1.0,4.0,8.0,1.0,2.0,5.0,11.0,10.0,3.0,5.0,39.0,49.0,9.0,-21.163333333333334,0.0,0.0,0.0,0.0,0.0,0.0,3.0,1.0,3.0,7.0,7.0,2.0,5.0,1.0,2.0,1.0,6.0,12.0,11.0,4.0,6.0,0.0
12248,0.0,0.0,0.0,0.0,0.0,0.0,3.0,1.0,3.0,7.0,7.0,2.0,5.0,1.0,2.0,1.0,6.0,12.0,11.0,4.0,6.0,58.0,50.0,9.0,-25.85666666666667,0.0,2.0,0.0,0.0,0.0,0.0,4.0,1.0,4.0,8.0,8.0,3.0,6.0,2.0,3.0,2.0,1.0,1.0,12.0,5.0,7.0,0.0
12249,0.0,2.0,0.0,0.0,0.0,0.0,4.0,1.0,4.0,8.0,8.0,3.0,6.0,2.0,3.0,2.0,1.0,1.0,12.0,5.0,7.0,2.0,49.0,20.0,-20.03333333333333,0.0,2.0,0.0,0.0,0.0,0.0,1.0,2.0,5.0,9.0,1.0,4.0,7.0,3.0,4.0,1.0,2.0,2.0,13.0,6.0,8.0,0.0
12250,0.0,2.0,0.0,0.0,0.0,0.0,1.0,2.0,5.0,9.0,1.0,4.0,7.0,3.0,4.0,1.0,2.0,2.0,13.0,6.0,8.0,52.0,17.0,44.0,-23.90833333333333,0.0,2.0,0.0,0.0,0.0,0.0,2.0,3.0,6.0,1.0,2.0,5.0,8.0,4.0,1.0,2.0,1.0,3.0,14.0,7.0,9.0,0.0
12251,0.0,2.0,0.0,0.0,0.0,0.0,2.0,3.0,6.0,1.0,2.0,5.0,8.0,4.0,1.0,2.0,1.0,3.0,14.0,7.0,9.0,42.0,49.0,60.0,-33.385,0.0,2.0,0.0,0.0,0.0,0.0,3.0,4.0,7.0,2.0,3.0,6.0,9.0,5.0,1.0,1.0,2.0,4.0,1.0,8.0,10.0,0.0
12252,0.0,2.0,0.0,0.0,0.0,0.0,3.0,4.0,7.0,2.0,3.0,6.0,9.0,5.0,1.0,1.0,2.0,4.0,1.0,8.0,10.0,13.0,49.0,2.0,-15.671666666666667,0.0,4.0,0.0,0.0,0.0,0.0,1.0,5.0,1.0,3.0,4.0,7.0,10.0,6.0,2.0,1.0,3.0,5.0,2.0,9.0,11.0,0.0
12253,0.0,4.0,0.0,0.0,0.0,0.0,1.0,5.0,1.0,3.0,4.0,7.0,10.0,6.0,2.0,1.0,3.0,5.0,2.0,9.0,11.0,70.0,50.0,37.0,-18.59333333333333,0.0,4.0,0.0,0.0,0.0,0.0,2.0,6.0,2.0,4.0,5.0,8.0,11.0,1.0,3.0,2.0,1.0,6.0,3.0,10.0,1.0,0.0
12254,0.0,4.0,0.0,0.0,0.0,0.0,2.0,6.0,2.0,4.0,5.0,8.0,11.0,1.0,3.0,2.0,1.0,6.0,3.0,10.0,1.0,57.0,34.0,57.0,-34.115,0.0,4.0,0.0,0.0,0.0,0.0,3.0,7.0,3.0,5.0,6.0,9.0,1.0,2.0,4.0,3.0,2.0,1.0,4.0,11.0,2.0,0.0
12255,0.0,4.0,0.0,0.0,0.0,0.0,3.0,7.0,3.0,5.0,6.0,9.0,1.0,2.0,4.0,3.0,2.0,1.0,4.0,11.0,2.0,50.0,49.0,20.0,-20.89666666666667,0.0,4.0,0.0,0.0,0.0,0.0,4.0,8.0,4.0,6.0,1.0,10.0,2.0,3.0,5.0,1.0,1.0,2.0,5.0,12.0,3.0,0.0
12256,0.0,4.0,0.0,0.0,0.0,0.0,4.0,8.0,4.0,6.0,1.0,10.0,2.0,3.0,5.0,1.0,1.0,2.0,5.0,12.0,3.0,50.0,49.0,7.0,-17.974999999999998,0.0,4.0,0.0,0.0,0.0,0.0,5.0,1.0,5.0,7.0,2.0,11.0,3.0,4.0,6.0,1.0,1.0,3.0,6.0,13.0,4.0,0.0
12257,0.0,4.0,0.0,0.0,0.0,0.0,5.0,1.0,5.0,7.0,2.0,11.0,3.0,4.0,6.0,1.0,1.0,3.0,6.0,13.0,4.0,67.0,42.0,38.0,-24.571666666666662,0.0,4.0,0.0,0.0,0.0,2.0,6.0,2.0,6.0,8.0,3.0,12.0,4.0,1.0,1.0,2.0,2.0,4.0,7.0,1.0,5.0,0.0
12258,0.0,4.0,0.0,0.0,0.0,2.0,6.0,2.0,6.0,8.0,3.0,12.0,4.0,1.0,1.0,2.0,2.0,4.0,7.0,1.0,5.0,2.0,17.0,57.0,-20.806666666666665,0.0,4.0,0.0,0.0,0.0,2.0,1.0,3.0,7.0,1.0,4.0,13.0,5.0,2.0,2.0,3.0,3.0,1.0,8.0,2.0,6.0,0.0
12259,0.0,4.0,0.0,0.0,0.0,2.0,1.0,3.0,7.0,1.0,4.0,13.0,5.0,2.0,2.0,3.0,3.0,1.0,8.0,2.0,6.0,65.0,49.0,61.0,-22.179999999999996,0.0,4.0,0.0,0.0,2.0,2.0,2.0,4.0,8.0,2.0,5.0,14.0,6.0,3.0,3.0,1.0,4.0,2.0,1.0,1.0,7.0,0.0
12260,0.0,4.0,0.0,0.0,2.0,2.0,2.0,4.0,8.0,2.0,5.0,14.0,6.0,3.0,3.0,1.0,4.0,2.0,1.0,1.0,7.0,50.0,2.0,10.0,-15.116666666666664,0.0,4.0,0.0,0.0,2.0,2.0,1.0,5.0,1.0,3.0,6.0,15.0,7.0,4.0,4.0,2.0,1.0,3.0,2.0,2.0,8.0,0.0
12261,0.0,4.0,0.0,0.0,2.0,2.0,1.0,5.0,1.0,3.0,6.0,15.0,7.0,4.0,4.0,2.0,1.0,3.0,2.0,2.0,8.0,50.0,19.0,47.0,-14.321666666666665,0.0,4.0,0.0,0.0,0.0,2.0,2.0,6.0,2.0,1.0,7.0,16.0,8.0,5.0,5.0,1.0,1.0,4.0,3.0,3.0,9.0,0.0
12262,0.0,4.0,0.0,0.0,0.0,2.0,2.0,6.0,2.0,1.0,7.0,16.0,8.0,5.0,5.0,1.0,1.0,4.0,3.0,3.0,9.0,42.0,49.0,47.0,-12.596666666666666,0.0,4.0,0.0,0.0,0.0,2.0,3.0,7.0,3.0,2.0,8.0,17.0,9.0,6.0,1.0,1.0,2.0,5.0,4.0,4.0,10.0,0.0
12263,0.0,4.0,0.0,0.0,0.0,2.0,3.0,7.0,3.0,2.0,8.0,17.0,9.0,6.0,1.0,1.0,2.0,5.0,4.0,4.0,10.0,27.0,23.0,2.0,-25.68,0.0,4.0,0.0,2.0,0.0,2.0,1.0,8.0,4.0,3.0,1.0,1.0,10.0,7.0,2.0,2.0,3.0,6.0,5.0,5.0,11.0,0.0
12264,0.0,4.0,0.0,2.0,0.0,2.0,1.0,8.0,4.0,3.0,1.0,1.0,10.0,7.0,2.0,2.0,3.0,6.0,5.0,5.0,11.0,52.0,74.0,2.0,-19.634999999999998,0.0,4.0,0.0,0.0,0.0,2.0,1.0,9.0,5.0,4.0,2.0,2.0,11.0,8.0,3.0,3.0,1.0,7.0,6.0,6.0,1.0,0.0
12265,0.0,4.0,0.0,0.0,0.0,2.0,1.0,9.0,5.0,4.0,2.0,2.0,11.0,8.0,3.0,3.0,1.0,7.0,6.0,6.0,1.0,42.0,55.0,9.0,-29.598333333333333,0.0,4.0,0.0,0.0,0.0,0.0,2.0,1.0,6.0,5.0,3.0,3.0,12.0,9.0,1.0,4.0,2.0,1.0,7.0,7.0,2.0,0.0
12266,0.0,4.0,0.0,0.0,0.0,0.0,2.0,1.0,6.0,5.0,3.0,3.0,12.0,9.0,1.0,4.0,2.0,1.0,7.0,7.0,2.0,42.0,34.0,37.0,-26.65166666666667,0.0,4.0,0.0,0.0,0.0,0.0,3.0,2.0,7.0,6.0,4.0,4.0,1.0,1.0,1.0,5.0,3.0,2.0,8.0,8.0,3.0,0.0
12267,0.0,4.0,0.0,0.0,0.0,0.0,3.0,2.0,7.0,6.0,4.0,4.0,1.0,1.0,1.0,5.0,3.0,2.0,8.0,8.0,3.0,50.0,49.0,20.0,-20.496666666666666,0.0,4.0,0.0,0.0,0.0,0.0,4.0,3.0,8.0,7.0,1.0,5.0,2.0,2.0,2.0,1.0,1.0,3.0,9.0,9.0,4.0,0.0
12268,0.0,4.0,0.0,0.0,0.0,0.0,4.0,3.0,8.0,7.0,1.0,5.0,2.0,2.0,2.0,1.0,1.0,3.0,9.0,9.0,4.0,70.0,55.0,2.0,-22.158333333333335,0.0,4.0,0.0,0.0,0.0,0.0,1.0,4.0,9.0,8.0,2.0,6.0,3.0,3.0,3.0,2.0,2.0,1.0,10.0,10.0,1.0,0.0
12269,0.0,4.0,0.0,0.0,0.0,0.0,1.0,4.0,9.0,8.0,2.0,6.0,3.0,3.0,3.0,2.0,2.0,1.0,10.0,10.0,1.0,50.0,42.0,7.0,-25.968333333333334,0.0,4.0,0.0,0.0,0.0,0.0,2.0,1.0,10.0,9.0,3.0,7.0,4.0,4.0,1.0,3.0,1.0,2.0,11.0,11.0,2.0,0.0
12270,0.0,4.0,0.0,0.0,0.0,0.0,2.0,1.0,10.0,9.0,3.0,7.0,4.0,4.0,1.0,3.0,1.0,2.0,11.0,11.0,2.0,50.0,17.0,7.0,-21.894999999999996,0.0,4.0,0.0,0.0,0.0,0.0,3.0,1.0,11.0,1.0,4.0,8.0,5.0,5.0,2.0,4.0,1.0,3.0,12.0,12.0,3.0,0.0
12271,0.0,4.0,0.0,0.0,0.0,0.0,3.0,1.0,11.0,1.0,4.0,8.0,5.0,5.0,2.0,4.0,1.0,3.0,12.0,12.0,3.0,42.0,49.0,2.0,-13.305,0.0,4.0,0.0,0.0,0.0,0.0,1.0,2.0,12.0,2.0,5.0,9.0,6.0,6.0,1.0,1.0,2.0,4.0,13.0,13.0,4.0,0.0
12272,0.0,4.0,0.0,0.0,0.0,0.0,1.0,2.0,12.0,2.0,5.0,9.0,6.0,6.0,1.0,1.0,2.0,4.0,13.0,13.0,4.0,42.0,69.0,2.0,-19.04,0.0,4.0,0.0,0.0,0.0,0.0,1.0,3.0,13.0,3.0,6.0,10.0,7.0,7.0,1.0,2.0,3.0,5.0,14.0,1.0,5.0,0.0
12273,0.0,4.0,0.0,0.0,0.0,0.0,1.0,3.0,13.0,3.0,6.0,10.0,7.0,7.0,1.0,2.0,3.0,5.0,14.0,1.0,5.0,58.0,17.0,2.0,-15.100000000000001,0.0,6.0,0.0,0.0,0.0,0.0,1.0,4.0,14.0,1.0,7.0,11.0,8.0,8.0,2.0,3.0,4.0,1.0,15.0,2.0,6.0,0.0
12274,0.0,6.0,0.0,0.0,0.0,0.0,1.0,4.0,14.0,1.0,7.0,11.0,8.0,8.0,2.0,3.0,4.0,1.0,15.0,2.0,6.0,42.0,17.0,2.0,-16.918333333333333,0.0,6.0,0.0,0.0,0.0,0.0,1.0,5.0,15.0,1.0,8.0,12.0,9.0,9.0,1.0,4.0,5.0,2.0,16.0,3.0,7.0,0.0
12275,0.0,6.0,0.0,0.0,0.0,0.0,1.0,5.0,15.0,1.0,8.0,12.0,9.0,9.0,1.0,4.0,5.0,2.0,16.0,3.0,7.0,65.0,31.0,2.0,-20.461666666666666,0.0,6.0,2.0,0.0,0.0,0.0,1.0,6.0,16.0,2.0,9.0,13.0,1.0,10.0,2.0,5.0,6.0,3.0,17.0,1.0,8.0,0.0
12276,0.0,6.0,2.0,0.0,0.0,0.0,1.0,6.0,16.0,2.0,9.0,13.0,1.0,10.0,2.0,5.0,6.0,3.0,17.0,1.0,8.0,58.0,49.0,2.0,-10.786666666666667,0.0,8.0,2.0,0.0,0.0,0.0,1.0,7.0,17.0,3.0,10.0,14.0,2.0,11.0,3.0,1.0,7.0,1.0,18.0,2.0,9.0,0.0
12277,0.0,8.0,2.0,0.0,0.0,0.0,1.0,7.0,17.0,3.0,10.0,14.0,2.0,11.0,3.0,1.0,7.0,1.0,18.0,2.0,9.0,65.0,39.0,2.0,-17.053333333333335,0.0,8.0,2.0,0.0,0.0,0.0,1.0,8.0,18.0,4.0,11.0,15.0,3.0,1.0,4.0,2.0,8.0,2.0,19.0,1.0,10.0,0.0
12278,0.0,8.0,2.0,0.0,0.0,0.0,1.0,8.0,18.0,4.0,11.0,15.0,3.0,1.0,4.0,2.0,8.0,2.0,19.0,1.0,10.0,58.0,24.0,12.0,-27.611666666666668,0.0,9.0,2.0,0.0,0.0,0.0,2.0,9.0,1.0,5.0,1.0,16.0,4.0,2.0,5.0,3.0,9.0,1.0,20.0,2.0,11.0,0.0
12279,0.0,9.0,2.0,0.0,0.0,0.0,2.0,9.0,1.0,5.0,1.0,16.0,4.0,2.0,5.0,3.0,9.0,1.0,20.0,2.0,11.0,70.0,25.0,61.0,-29.81833333333333,0.0,9.0,2.0,0.0,2.0,0.0,3.0,10.0,2.0,6.0,2.0,1.0,5.0,3.0,6.0,4.0,10.0,2.0,1.0,3.0,1.0,0.0
12280,0.0,9.0,2.0,0.0,2.0,0.0,3.0,10.0,2.0,6.0,2.0,1.0,5.0,3.0,6.0,4.0,10.0,2.0,1.0,3.0,1.0,77.0,54.0,9.0,-11.504999999999999,0.0,9.0,2.0,0.0,2.0,0.0,4.0,1.0,3.0,7.0,3.0,2.0,6.0,4.0,7.0,5.0,1.0,3.0,2.0,4.0,2.0,0.0
12281,0.0,9.0,2.0,0.0,2.0,0.0,4.0,1.0,3.0,7.0,3.0,2.0,6.0,4.0,7.0,5.0,1.0,3.0,2.0,4.0,2.0,50.0,42.0,17.0,-26.23,0.0,9.0,0.0,0.0,0.0,0.0,5.0,2.0,4.0,1.0,4.0,3.0,7.0,5.0,1.0,6.0,1.0,4.0,3.0,5.0,3.0,0.0
12282,0.0,9.0,0.0,0.0,0.0,0.0,5.0,2.0,4.0,1.0,4.0,3.0,7.0,5.0,1.0,6.0,1.0,4.0,3.0,5.0,3.0,58.0,2.0,2.0,-7.720000000000001,0.0,9.0,0.0,0.0,0.0,0.0,1.0,3.0,5.0,2.0,5.0,4.0,8.0,6.0,2.0,7.0,2.0,1.0,4.0,6.0,4.0,0.0
12283,0.0,9.0,0.0,0.0,0.0,0.0,1.0,3.0,5.0,2.0,5.0,4.0,8.0,6.0,2.0,7.0,2.0,1.0,4.0,6.0,4.0,42.0,31.0,2.0,-17.131666666666668,0.0,9.0,2.0,0.0,0.0,0.0,1.0,4.0,6.0,3.0,6.0,5.0,1.0,7.0,1.0,8.0,3.0,2.0,5.0,7.0,5.0,0.0
12284,0.0,9.0,2.0,0.0,0.0,0.0,1.0,4.0,6.0,3.0,6.0,5.0,1.0,7.0,1.0,8.0,3.0,2.0,5.0,7.0,5.0,42.0,49.0,2.0,-11.11,0.0,9.0,2.0,0.0,0.0,0.0,1.0,5.0,7.0,4.0,7.0,6.0,2.0,8.0,1.0,1.0,4.0,3.0,6.0,8.0,6.0,0.0
12285,0.0,9.0,2.0,0.0,0.0,0.0,1.0,5.0,7.0,4.0,7.0,6.0,2.0,8.0,1.0,1.0,4.0,3.0,6.0,8.0,6.0,42.0,39.0,2.0,-12.683333333333334,0.0,9.0,2.0,0.0,0.0,0.0,1.0,6.0,8.0,5.0,8.0,7.0,3.0,1.0,1.0,2.0,5.0,4.0,7.0,9.0,7.0,0.0
12286,0.0,9.0,2.0,0.0,0.0,0.0,1.0,6.0,8.0,5.0,8.0,7.0,3.0,1.0,1.0,2.0,5.0,4.0,7.0,9.0,7.0,58.0,24.0,12.0,-26.145000000000003,0.0,9.0,2.0,0.0,0.0,0.0,2.0,7.0,1.0,6.0,1.0,8.0,4.0,2.0,2.0,3.0,6.0,1.0,8.0,10.0,8.0,0.0
12287,0.0,9.0,2.0,0.0,0.0,0.0,2.0,7.0,1.0,6.0,1.0,8.0,4.0,2.0,2.0,3.0,6.0,1.0,8.0,10.0,8.0,70.0,2.0,57.0,-20.366666666666667,0.0,9.0,0.0,0.0,0.0,0.0,1.0,8.0,2.0,7.0,2.0,9.0,5.0,3.0,3.0,4.0,7.0,1.0,9.0,11.0,1.0,0.0
12288,0.0,9.0,0.0,0.0,0.0,0.0,1.0,8.0,2.0,7.0,2.0,9.0,5.0,3.0,3.0,4.0,7.0,1.0,9.0,11.0,1.0,42.0,55.0,18.0,-24.043333333333333,0.0,9.0,0.0,0.0,0.0,2.0,2.0,9.0,3.0,1.0,3.0,10.0,6.0,4.0,1.0,5.0,8.0,1.0,10.0,12.0,2.0,0.0
12289,0.0,9.0,0.0,0.0,0.0,2.0,2.0,9.0,3.0,1.0,3.0,10.0,6.0,4.0,1.0,5.0,8.0,1.0,10.0,12.0,2.0,42.0,52.0,60.0,-29.821666666666665,0.0,9.0,0.0,0.0,0.0,2.0,3.0,10.0,4.0,2.0,4.0,11.0,7.0,5.0,1.0,6.0,1.0,2.0,1.0,13.0,3.0,0.0
12290,0.0,9.0,0.0,0.0,0.0,2.0,3.0,10.0,4.0,2.0,4.0,11.0,7.0,5.0,1.0,6.0,1.0,2.0,1.0,13.0,3.0,50.0,7.0,66.0,-22.091666666666665,0.0,9.0,0.0,0.0,2.0,2.0,4.0,1.0,5.0,3.0,5.0,12.0,8.0,6.0,2.0,7.0,1.0,3.0,2.0,1.0,4.0,0.0
12291,0.0,9.0,0.0,0.0,2.0,2.0,4.0,1.0,5.0,3.0,5.0,12.0,8.0,6.0,2.0,7.0,1.0,3.0,2.0,1.0,4.0,50.0,2.0,61.0,-20.92,0.0,9.0,0.0,0.0,4.0,2.0,1.0,2.0,6.0,4.0,6.0,13.0,9.0,7.0,3.0,8.0,1.0,4.0,1.0,2.0,5.0,0.0
12292,0.0,9.0,0.0,0.0,4.0,2.0,1.0,2.0,6.0,4.0,6.0,13.0,9.0,7.0,3.0,8.0,1.0,4.0,1.0,2.0,5.0,50.0,31.0,46.0,-21.805,0.0,9.0,2.0,0.0,6.0,2.0,2.0,3.0,7.0,5.0,7.0,14.0,1.0,8.0,4.0,1.0,1.0,5.0,2.0,3.0,6.0,0.0
12293,0.0,9.0,2.0,0.0,6.0,2.0,2.0,3.0,7.0,5.0,7.0,14.0,1.0,8.0,4.0,1.0,1.0,5.0,2.0,3.0,6.0,50.0,57.0,12.0,-28.758333333333333,0.0,9.0,0.0,0.0,4.0,2.0,3.0,4.0,1.0,6.0,8.0,15.0,2.0,9.0,5.0,2.0,1.0,1.0,3.0,4.0,7.0,0.0
12294,0.0,9.0,0.0,0.0,4.0,2.0,3.0,4.0,1.0,6.0,8.0,15.0,2.0,9.0,5.0,2.0,1.0,1.0,3.0,4.0,7.0,50.0,29.0,46.0,-27.78333333333333,0.0,9.0,0.0,0.0,6.0,2.0,4.0,5.0,2.0,7.0,9.0,1.0,3.0,10.0,6.0,1.0,1.0,2.0,4.0,5.0,8.0,0.0
12295,0.0,9.0,0.0,0.0,6.0,2.0,4.0,5.0,2.0,7.0,9.0,1.0,3.0,10.0,6.0,1.0,1.0,2.0,4.0,5.0,8.0,50.0,36.0,17.0,-17.66333333333333,0.0,9.0,2.0,0.0,4.0,2.0,5.0,6.0,3.0,1.0,10.0,2.0,4.0,1.0,7.0,2.0,1.0,3.0,5.0,6.0,9.0,0.0
12296,0.0,9.0,2.0,0.0,4.0,2.0,5.0,6.0,3.0,1.0,10.0,2.0,4.0,1.0,7.0,2.0,1.0,3.0,5.0,6.0,9.0,50.0,24.0,43.0,-20.098333333333333,0.0,9.0,2.0,0.0,4.0,4.0,6.0,7.0,4.0,2.0,1.0,3.0,5.0,2.0,1.0,3.0,1.0,4.0,6.0,7.0,10.0,0.0
12297,0.0,9.0,2.0,0.0,4.0,4.0,6.0,7.0,4.0,2.0,1.0,3.0,5.0,2.0,1.0,3.0,1.0,4.0,6.0,7.0,10.0,50.0,55.0,72.0,-26.14333333333333,0.0,9.0,2.0,0.0,2.0,4.0,7.0,8.0,5.0,3.0,2.0,4.0,6.0,3.0,2.0,4.0,1.0,1.0,7.0,8.0,1.0,0.0
12298,0.0,9.0,2.0,0.0,2.0,4.0,7.0,8.0,5.0,3.0,2.0,4.0,6.0,3.0,2.0,4.0,1.0,1.0,7.0,8.0,1.0,50.0,54.0,60.0,-23.509999999999998,0.0,9.0,2.0,0.0,2.0,4.0,8.0,9.0,6.0,4.0,3.0,5.0,7.0,4.0,3.0,5.0,1.0,2.0,1.0,9.0,2.0,0.0
12299,0.0,9.0,2.0,0.0,2.0,4.0,8.0,9.0,6.0,4.0,3.0,5.0,7.0,4.0,3.0,5.0,1.0,2.0,1.0,9.0,2.0,50.0,24.0,17.0,-20.411666666666665,0.0,9.0,2.0,0.0,0.0,4.0,9.0,10.0,7.0,1.0,1.0,6.0,8.0,5.0,4.0,6.0,1.0,3.0,2.0,10.0,3.0,1.0
12300,2.0,2.0,1.0,2.0,7.0,6.0,1.0,1.0,1.0,1.0,1.0,1.0,1.0,1.0,1.0,1.0,1.0,1.0,1.0,1.0,1.0,65.0,55.0,12.0,-12.96,2.0,2.0,1.0,2.0,5.0,6.0,2.0,2.0,1.0,2.0,2.0,2.0,2.0,2.0,2.0,2.0,2.0,1.0,2.0,1.0,2.0,0.0
12301,2.0,2.0,1.0,2.0,5.0,6.0,2.0,2.0,1.0,2.0,2.0,2.0,2.0,2.0,2.0,2.0,2.0,1.0,2.0,1.0,2.0,50.0,54.0,12.0,-9.729999999999999,2.0,2.0,1.0,0.0,3.0,6.0,3.0,3.0,1.0,3.0,3.0,3.0,3.0,3.0,3.0,3.0,1.0,2.0,3.0,2.0,3.0,0.0
12302,2.0,2.0,1.0,0.0,3.0,6.0,3.0,3.0,1.0,3.0,3.0,3.0,3.0,3.0,3.0,3.0,1.0,2.0,3.0,2.0,3.0,50.0,17.0,52.0,-12.788333333333334,2.0,2.0,0.0,0.0,1.0,6.0,4.0,4.0,2.0,1.0,4.0,4.0,4.0,4.0,4.0,4.0,1.0,3.0,4.0,3.0,4.0,0.0
12303,2.0,2.0,0.0,0.0,1.0,6.0,4.0,4.0,2.0,1.0,4.0,4.0,4.0,4.0,4.0,4.0,1.0,3.0,4.0,3.0,4.0,50.0,17.0,47.0,-13.388333333333334,2.0,2.0,0.0,0.0,0.0,6.0,5.0,5.0,3.0,1.0,5.0,5.0,5.0,5.0,5.0,1.0,1.0,4.0,5.0,4.0,5.0,0.0
12304,2.0,2.0,0.0,0.0,0.0,6.0,5.0,5.0,3.0,1.0,5.0,5.0,5.0,5.0,5.0,1.0,1.0,4.0,5.0,4.0,5.0,50.0,69.0,72.0,-14.961666666666666,2.0,2.0,0.0,0.0,0.0,6.0,6.0,6.0,4.0,2.0,6.0,6.0,6.0,6.0,6.0,2.0,1.0,5.0,6.0,1.0,1.0,0.0
12305,2.0,2.0,0.0,0.0,0.0,6.0,6.0,6.0,4.0,2.0,6.0,6.0,6.0,6.0,6.0,2.0,1.0,5.0,6.0,1.0,1.0,50.0,69.0,9.0,-22.403333333333336,2.0,2.0,0.0,0.0,0.0,4.0,7.0,1.0,5.0,3.0,7.0,7.0,7.0,7.0,7.0,3.0,1.0,6.0,7.0,1.0,2.0,0.0
12306,2.0,2.0,0.0,0.0,0.0,4.0,7.0,1.0,5.0,3.0,7.0,7.0,7.0,7.0,7.0,3.0,1.0,6.0,7.0,1.0,2.0,50.0,17.0,59.0,-20.256666666666668,2.0,2.0,0.0,0.0,0.0,2.0,8.0,2.0,6.0,1.0,8.0,8.0,8.0,8.0,8.0,4.0,1.0,1.0,8.0,2.0,3.0,0.0
12307,2.0,2.0,0.0,0.0,0.0,2.0,8.0,2.0,6.0,1.0,8.0,8.0,8.0,8.0,8.0,4.0,1.0,1.0,8.0,2.0,3.0,50.0,42.0,20.0,-25.70333333333333,2.0,2.0,0.0,0.0,0.0,2.0,9.0,3.0,7.0,2.0,1.0,9.0,9.0,9.0,1.0,5.0,1.0,2.0,9.0,3.0,4.0,0.0
12308,2.0,2.0,0.0,0.0,0.0,2.0,9.0,3.0,7.0,2.0,1.0,9.0,9.0,9.0,1.0,5.0,1.0,2.0,9.0,3.0,4.0,50.0,0.0,2.0,-10.071666666666665,2.0,2.0,0.0,0.0,0.0,2.0,1.0,4.0,8.0,3.0,2.0,10.0,10.0,10.0,2.0,6.0,1.0,3.0,10.0,4.0,5.0,0.0
12309,2.0,2.0,0.0,0.0,0.0,2.0,1.0,4.0,8.0,3.0,2.0,10.0,10.0,10.0,2.0,6.0,1.0,3.0,10.0,4.0,5.0,50.0,17.0,12.0,-22.361666666666665,2.0,2.0,0.0,0.0,0.0,2.0,2.0,5.0,1.0,1.0,3.0,11.0,11.0,11.0,3.0,7.0,1.0,4.0,11.0,5.0,6.0,0.0
12310,2.0,2.0,0.0,0.0,0.0,2.0,2.0,5.0,1.0,1.0,3.0,11.0,11.0,11.0,3.0,7.0,1.0,4.0,11.0,5.0,6.0,50.0,65.0,20.0,-24.311666666666667,2.0,2.0,0.0,0.0,0.0,2.0,3.0,6.0,2.0,2.0,1.0,12.0,12.0,12.0,4.0,8.0,1.0,5.0,12.0,1.0,7.0,0.0
12311,2.0,2.0,0.0,0.0,0.0,2.0,3.0,6.0,2.0,2.0,1.0,12.0,12.0,12.0,4.0,8.0,1.0,5.0,12.0,1.0,7.0,50.0,17.0,2.0,-15.456666666666667,2.0,2.0,0.0,0.0,0.0,2.0,1.0,7.0,3.0,1.0,2.0,13.0,13.0,13.0,5.0,9.0,1.0,6.0,13.0,2.0,8.0,0.0
12312,2.0,2.0,0.0,0.0,0.0,2.0,1.0,7.0,3.0,1.0,2.0,13.0,13.0,13.0,5.0,9.0,1.0,6.0,13.0,2.0,8.0,42.0,49.0,2.0,-16.851666666666667,0.0,2.0,0.0,0.0,0.0,2.0,1.0,8.0,4.0,2.0,3.0,14.0,14.0,14.0,1.0,1.0,2.0,7.0,14.0,3.0,9.0,0.0
12313,0.0,2.0,0.0,0.0,0.0,2.0,1.0,8.0,4.0,2.0,3.0,14.0,14.0,14.0,1.0,1.0,2.0,7.0,14.0,3.0,9.0,42.0,29.0,2.0,-28.564999999999998,0.0,2.0,0.0,0.0,0.0,2.0,1.0,9.0,5.0,3.0,4.0,1.0,15.0,15.0,1.0,2.0,3.0,8.0,15.0,4.0,10.0,0.0
12314,0.0,2.0,0.0,0.0,0.0,2.0,1.0,9.0,5.0,3.0,4.0,1.0,15.0,15.0,1.0,2.0,3.0,8.0,15.0,4.0,10.0,42.0,36.0,2.0,-17.271666666666665,0.0,2.0,2.0,0.0,0.0,2.0,1.0,10.0,6.0,4.0,5.0,2.0,16.0,1.0,1.0,3.0,4.0,9.0,16.0,5.0,11.0,0.0
12315,0.0,2.0,2.0,0.0,0.0,2.0,1.0,10.0,6.0,4.0,5.0,2.0,16.0,1.0,1.0,3.0,4.0,9.0,16.0,5.0,11.0,57.0,55.0,12.0,-36.64666666666667,0.0,2.0,2.0,0.0,0.0,2.0,2.0,11.0,1.0,5.0,6.0,3.0,17.0,2.0,2.0,4.0,5.0,1.0,17.0,6.0,12.0,0.0
12316,0.0,2.0,2.0,0.0,0.0,2.0,2.0,11.0,1.0,5.0,6.0,3.0,17.0,2.0,2.0,4.0,5.0,1.0,17.0,6.0,12.0,50.0,54.0,79.0,-13.443333333333332,0.0,2.0,2.0,0.0,0.0,0.0,3.0,12.0,2.0,6.0,7.0,4.0,18.0,3.0,3.0,5.0,1.0,2.0,18.0,7.0,13.0,0.0
12317,0.0,2.0,2.0,0.0,0.0,0.0,3.0,12.0,2.0,6.0,7.0,4.0,18.0,3.0,3.0,5.0,1.0,2.0,18.0,7.0,13.0,50.0,54.0,79.0,-14.376666666666665,0.0,2.0,2.0,0.0,0.0,0.0,4.0,13.0,3.0,7.0,8.0,5.0,19.0,4.0,4.0,6.0,1.0,3.0,19.0,8.0,14.0,0.0
12318,0.0,2.0,2.0,0.0,0.0,0.0,4.0,13.0,3.0,7.0,8.0,5.0,19.0,4.0,4.0,6.0,1.0,3.0,19.0,8.0,14.0,50.0,54.0,20.0,-26.401666666666664,0.0,2.0,2.0,0.0,0.0,0.0,5.0,14.0,4.0,8.0,1.0,6.0,20.0,5.0,5.0,7.0,1.0,4.0,20.0,9.0,15.0,0.0
12319,0.0,2.0,2.0,0.0,0.0,0.0,5.0,14.0,4.0,8.0,1.0,6.0,20.0,5.0,5.0,7.0,1.0,4.0,20.0,9.0,15.0,50.0,34.0,20.0,-30.585,0.0,2.0,2.0,0.0,0.0,0.0,6.0,15.0,5.0,9.0,1.0,7.0,1.0,6.0,6.0,8.0,1.0,5.0,21.0,10.0,16.0,0.0
12320,0.0,2.0,2.0,0.0,0.0,0.0,6.0,15.0,5.0,9.0,1.0,7.0,1.0,6.0,6.0,8.0,1.0,5.0,21.0,10.0,16.0,50.0,36.0,2.0,-13.823333333333334,0.0,2.0,4.0,0.0,0.0,0.0,1.0,16.0,6.0,10.0,2.0,8.0,2.0,1.0,7.0,9.0,1.0,6.0,22.0,11.0,17.0,0.0
12321,0.0,2.0,4.0,0.0,0.0,0.0,1.0,16.0,6.0,10.0,2.0,8.0,2.0,1.0,7.0,9.0,1.0,6.0,22.0,11.0,17.0,50.0,57.0,20.0,-36.07833333333333,0.0,2.0,2.0,0.0,0.0,0.0,2.0,17.0,7.0,11.0,1.0,9.0,3.0,2.0,8.0,10.0,1.0,1.0,23.0,12.0,18.0,0.0
12322,0.0,2.0,2.0,0.0,0.0,0.0,2.0,17.0,7.0,11.0,1.0,9.0,3.0,2.0,8.0,10.0,1.0,1.0,23.0,12.0,18.0,50.0,36.0,20.0,-24.876666666666665,0.0,2.0,4.0,0.0,0.0,0.0,3.0,18.0,8.0,12.0,1.0,10.0,4.0,1.0,9.0,11.0,1.0,2.0,24.0,13.0,19.0,0.0
12323,0.0,2.0,4.0,0.0,0.0,0.0,3.0,18.0,8.0,12.0,1.0,10.0,4.0,1.0,9.0,11.0,1.0,2.0,24.0,13.0,19.0,50.0,36.0,20.0,-25.056666666666665,0.0,2.0,6.0,0.0,0.0,0.0,4.0,19.0,9.0,13.0,1.0,11.0,5.0,1.0,10.0,12.0,1.0,3.0,25.0,14.0,20.0,0.0
12324,0.0,2.0,6.0,0.0,0.0,0.0,4.0,19.0,9.0,13.0,1.0,11.0,5.0,1.0,10.0,12.0,1.0,3.0,25.0,14.0,20.0,50.0,63.0,22.0,-29.371666666666666,0.0,2.0,6.0,2.0,0.0,0.0,5.0,20.0,10.0,14.0,1.0,12.0,6.0,2.0,11.0,13.0,1.0,4.0,1.0,15.0,21.0,0.0
12325,0.0,2.0,6.0,2.0,0.0,0.0,5.0,20.0,10.0,14.0,1.0,12.0,6.0,2.0,11.0,13.0,1.0,4.0,1.0,15.0,21.0,50.0,7.0,22.0,-325.03000000000003,0.0,2.0,4.0,2.0,0.0,0.0,6.0,1.0,11.0,15.0,1.0,13.0,7.0,3.0,12.0,14.0,1.0,5.0,2.0,16.0,22.0,0.0
12326,0.0,2.0,4.0,2.0,0.0,0.0,6.0,1.0,11.0,15.0,1.0,13.0,7.0,3.0,12.0,14.0,1.0,5.0,2.0,16.0,22.0,50.0,17.0,22.0,-26.13666666666667,0.0,2.0,2.0,2.0,0.0,0.0,7.0,2.0,12.0,1.0,1.0,14.0,8.0,4.0,13.0,15.0,1.0,6.0,3.0,17.0,23.0,0.0
12327,0.0,2.0,2.0,2.0,0.0,0.0,7.0,2.0,12.0,1.0,1.0,14.0,8.0,4.0,13.0,15.0,1.0,6.0,3.0,17.0,23.0,50.0,49.0,72.0,-22.366666666666667,0.0,2.0,2.0,0.0,0.0,0.0,8.0,3.0,13.0,2.0,2.0,15.0,9.0,5.0,14.0,1.0,1.0,7.0,4.0,18.0,1.0,0.0
12328,0.0,2.0,2.0,0.0,0.0,0.0,8.0,3.0,13.0,2.0,2.0,15.0,9.0,5.0,14.0,1.0,1.0,7.0,4.0,18.0,1.0,50.0,42.0,59.0,-32.75,0.0,2.0,0.0,0.0,0.0,0.0,9.0,4.0,14.0,3.0,3.0,16.0,10.0,6.0,1.0,2.0,1.0,1.0,5.0,19.0,2.0,0.0
12329,0.0,2.0,0.0,0.0,0.0,0.0,9.0,4.0,14.0,3.0,3.0,16.0,10.0,6.0,1.0,2.0,1.0,1.0,5.0,19.0,2.0,50.0,52.0,10.0,-28.1,0.0,2.0,0.0,0.0,0.0,0.0,10.0,5.0,1.0,4.0,4.0,17.0,11.0,7.0,2.0,3.0,1.0,2.0,6.0,20.0,3.0,0.0
12330,0.0,2.0,0.0,0.0,0.0,0.0,10.0,5.0,1.0,4.0,4.0,17.0,11.0,7.0,2.0,3.0,1.0,2.0,6.0,20.0,3.0,50.0,68.0,78.0,-14.68,0.0,2.0,0.0,2.0,0.0,2.0,11.0,6.0,2.0,5.0,5.0,18.0,12.0,8.0,3.0,4.0,1.0,3.0,7.0,1.0,4.0,0.0
12331,0.0,2.0,0.0,2.0,0.0,2.0,11.0,6.0,2.0,5.0,5.0,18.0,12.0,8.0,3.0,4.0,1.0,3.0,7.0,1.0,4.0,50.0,52.0,64.0,-33.281666666666666,0.0,2.0,0.0,2.0,0.0,0.0,12.0,7.0,3.0,6.0,6.0,19.0,13.0,9.0,4.0,5.0,1.0,4.0,1.0,2.0,5.0,0.0
12332,0.0,2.0,0.0,2.0,0.0,0.0,12.0,7.0,3.0,6.0,6.0,19.0,13.0,9.0,4.0,5.0,1.0,4.0,1.0,2.0,5.0,50.0,52.0,64.0,-34.14833333333333,0.0,2.0,0.0,2.0,0.0,0.0,13.0,8.0,4.0,7.0,7.0,20.0,14.0,10.0,5.0,6.0,1.0,5.0,1.0,3.0,6.0,0.0
12333,0.0,2.0,0.0,2.0,0.0,0.0,13.0,8.0,4.0,7.0,7.0,20.0,14.0,10.0,5.0,6.0,1.0,5.0,1.0,3.0,6.0,50.0,68.0,64.0,-35.745,0.0,2.0,0.0,4.0,0.0,0.0,14.0,9.0,5.0,8.0,8.0,21.0,15.0,11.0,6.0,7.0,1.0,6.0,1.0,1.0,7.0,0.0
12334,0.0,2.0,0.0,4.0,0.0,0.0,14.0,9.0,5.0,8.0,8.0,21.0,15.0,11.0,6.0,7.0,1.0,6.0,1.0,1.0,7.0,50.0,68.0,64.0,-36.545,0.0,2.0,0.0,6.0,0.0,0.0,15.0,10.0,6.0,9.0,9.0,22.0,16.0,12.0,7.0,8.0,1.0,7.0,1.0,1.0,8.0,0.0
12335,0.0,2.0,0.0,6.0,0.0,0.0,15.0,10.0,6.0,9.0,9.0,22.0,16.0,12.0,7.0,8.0,1.0,7.0,1.0,1.0,8.0,50.0,24.0,49.0,-21.93,0.0,2.0,0.0,4.0,0.0,0.0,16.0,11.0,7.0,10.0,1.0,23.0,17.0,13.0,8.0,1.0,1.0,8.0,2.0,2.0,9.0,0.0
12336,0.0,2.0,0.0,4.0,0.0,0.0,16.0,11.0,7.0,10.0,1.0,23.0,17.0,13.0,8.0,1.0,1.0,8.0,2.0,2.0,9.0,50.0,42.0,10.0,-29.148333333333333,0.0,2.0,0.0,4.0,0.0,0.0,17.0,12.0,1.0,11.0,2.0,24.0,18.0,14.0,1.0,2.0,1.0,9.0,3.0,3.0,10.0,0.0
12337,0.0,2.0,0.0,4.0,0.0,0.0,17.0,12.0,1.0,11.0,2.0,24.0,18.0,14.0,1.0,2.0,1.0,9.0,3.0,3.0,10.0,50.0,32.0,64.0,-45.73166666666667,0.0,2.0,0.0,4.0,0.0,0.0,18.0,13.0,2.0,12.0,3.0,25.0,1.0,15.0,2.0,3.0,1.0,10.0,1.0,4.0,11.0,0.0
12338,0.0,2.0,0.0,4.0,0.0,0.0,18.0,13.0,2.0,12.0,3.0,25.0,1.0,15.0,2.0,3.0,1.0,10.0,1.0,4.0,11.0,50.0,8.0,64.0,-41.85666666666667,0.0,2.0,0.0,6.0,0.0,0.0,19.0,1.0,3.0,13.0,4.0,26.0,2.0,16.0,3.0,4.0,1.0,11.0,1.0,5.0,12.0,0.0
12339,0.0,2.0,0.0,6.0,0.0,0.0,19.0,1.0,3.0,13.0,4.0,26.0,2.0,16.0,3.0,4.0,1.0,11.0,1.0,5.0,12.0,35.0,8.0,64.0,-47.391666666666666,0.0,2.0,0.0,8.0,0.0,0.0,20.0,1.0,4.0,14.0,5.0,27.0,3.0,1.0,4.0,5.0,2.0,12.0,1.0,6.0,13.0,0.0
12340,0.0,2.0,0.0,8.0,0.0,0.0,20.0,1.0,4.0,14.0,5.0,27.0,3.0,1.0,4.0,5.0,2.0,12.0,1.0,6.0,13.0,50.0,8.0,47.0,-29.10333333333334,0.0,2.0,0.0,9.0,0.0,0.0,21.0,1.0,5.0,15.0,6.0,28.0,4.0,2.0,5.0,1.0,1.0,13.0,2.0,7.0,14.0,0.0
12341,0.0,2.0,0.0,9.0,0.0,0.0,21.0,1.0,5.0,15.0,6.0,28.0,4.0,2.0,5.0,1.0,1.0,13.0,2.0,7.0,14.0,50.0,29.0,57.0,-33.348333333333336,0.0,2.0,0.0,7.0,0.0,0.0,22.0,2.0,6.0,16.0,7.0,1.0,5.0,3.0,6.0,2.0,1.0,1.0,3.0,8.0,15.0,0.0
12342,0.0,2.0,0.0,7.0,0.0,0.0,22.0,2.0,6.0,16.0,7.0,1.0,5.0,3.0,6.0,2.0,1.0,1.0,3.0,8.0,15.0,0.0,42.0,52.0,-15.054999999999998,0.0,2.0,0.0,7.0,0.0,0.0,1.0,3.0,7.0,17.0,8.0,2.0,6.0,4.0,1.0,3.0,1.0,2.0,4.0,9.0,16.0,0.0
12343,0.0,2.0,0.0,7.0,0.0,0.0,1.0,3.0,7.0,17.0,8.0,2.0,6.0,4.0,1.0,3.0,1.0,2.0,4.0,9.0,16.0,50.0,24.0,79.0,-17.005,0.0,2.0,0.0,5.0,0.0,0.0,2.0,4.0,8.0,18.0,1.0,3.0,7.0,5.0,2.0,4.0,1.0,3.0,5.0,10.0,17.0,0.0
12344,0.0,2.0,0.0,5.0,0.0,0.0,2.0,4.0,8.0,18.0,1.0,3.0,7.0,5.0,2.0,4.0,1.0,3.0,5.0,10.0,17.0,50.0,42.0,49.0,-15.213333333333333,0.0,2.0,0.0,5.0,0.0,0.0,3.0,5.0,9.0,19.0,2.0,4.0,8.0,6.0,1.0,1.0,1.0,4.0,6.0,11.0,18.0,0.0
12345,0.0,2.0,0.0,5.0,0.0,0.0,3.0,5.0,9.0,19.0,2.0,4.0,8.0,6.0,1.0,1.0,1.0,4.0,6.0,11.0,18.0,50.0,42.0,79.0,-13.91,0.0,2.0,0.0,5.0,0.0,0.0,4.0,6.0,10.0,20.0,3.0,5.0,9.0,7.0,1.0,2.0,1.0,5.0,7.0,12.0,19.0,0.0
12346,0.0,2.0,0.0,5.0,0.0,0.0,4.0,6.0,10.0,20.0,3.0,5.0,9.0,7.0,1.0,2.0,1.0,5.0,7.0,12.0,19.0,50.0,24.0,79.0,-19.758333333333333,0.0,2.0,0.0,3.0,0.0,0.0,5.0,7.0,11.0,21.0,1.0,6.0,10.0,8.0,2.0,3.0,1.0,6.0,8.0,13.0,20.0,0.0
12347,0.0,2.0,0.0,3.0,0.0,0.0,5.0,7.0,11.0,21.0,1.0,6.0,10.0,8.0,2.0,3.0,1.0,6.0,8.0,13.0,20.0,50.0,42.0,79.0,-17.303333333333335,0.0,2.0,0.0,3.0,0.0,0.0,6.0,8.0,12.0,22.0,2.0,7.0,11.0,9.0,1.0,4.0,1.0,7.0,9.0,14.0,21.0,0.0
12348,0.0,2.0,0.0,3.0,0.0,0.0,6.0,8.0,12.0,22.0,2.0,7.0,11.0,9.0,1.0,4.0,1.0,7.0,9.0,14.0,21.0,50.0,7.0,79.0,-20.493333333333332,0.0,2.0,0.0,3.0,0.0,0.0,7.0,1.0,13.0,23.0,3.0,8.0,12.0,10.0,2.0,5.0,1.0,8.0,10.0,15.0,22.0,0.0
12349,0.0,2.0,0.0,3.0,0.0,0.0,7.0,1.0,13.0,23.0,3.0,8.0,12.0,10.0,2.0,5.0,1.0,8.0,10.0,15.0,22.0,50.0,42.0,79.0,-18.50333333333333,0.0,2.0,0.0,3.0,0.0,0.0,8.0,2.0,14.0,24.0,4.0,9.0,13.0,11.0,1.0,6.0,1.0,9.0,11.0,16.0,23.0,0.0
12350,0.0,2.0,0.0,3.0,0.0,0.0,8.0,2.0,14.0,24.0,4.0,9.0,13.0,11.0,1.0,6.0,1.0,9.0,11.0,16.0,23.0,50.0,42.0,79.0,-19.369999999999997,0.0,2.0,0.0,3.0,0.0,0.0,9.0,3.0,15.0,25.0,5.0,10.0,14.0,12.0,1.0,7.0,1.0,10.0,12.0,17.0,24.0,0.0
12351,0.0,2.0,0.0,3.0,0.0,0.0,9.0,3.0,15.0,25.0,5.0,10.0,14.0,12.0,1.0,7.0,1.0,10.0,12.0,17.0,24.0,50.0,42.0,79.0,-20.236666666666665,0.0,2.0,0.0,3.0,0.0,0.0,10.0,4.0,16.0,26.0,6.0,11.0,15.0,13.0,1.0,8.0,1.0,11.0,13.0,18.0,25.0,0.0
12352,0.0,2.0,0.0,3.0,0.0,0.0,10.0,4.0,16.0,26.0,6.0,11.0,15.0,13.0,1.0,8.0,1.0,11.0,13.0,18.0,25.0,50.0,42.0,79.0,-21.10333333333333,0.0,2.0,0.0,3.0,0.0,0.0,11.0,5.0,17.0,27.0,7.0,12.0,16.0,14.0,1.0,9.0,1.0,12.0,14.0,19.0,26.0,0.0
12353,0.0,2.0,0.0,3.0,0.0,0.0,11.0,5.0,17.0,27.0,7.0,12.0,16.0,14.0,1.0,9.0,1.0,12.0,14.0,19.0,26.0,50.0,42.0,79.0,-21.97,0.0,2.0,0.0,3.0,0.0,0.0,12.0,6.0,18.0,28.0,8.0,13.0,17.0,15.0,1.0,10.0,1.0,13.0,15.0,20.0,27.0,0.0
12354,0.0,2.0,0.0,3.0,0.0,0.0,12.0,6.0,18.0,28.0,8.0,13.0,17.0,15.0,1.0,10.0,1.0,13.0,15.0,20.0,27.0,50.0,17.0,79.0,-17.626666666666665,0.0,2.0,0.0,3.0,0.0,0.0,13.0,7.0,19.0,1.0,9.0,14.0,18.0,16.0,2.0,11.0,1.0,14.0,16.0,21.0,28.0,0.0
12355,0.0,2.0,0.0,3.0,0.0,0.0,13.0,7.0,19.0,1.0,9.0,14.0,18.0,16.0,2.0,11.0,1.0,14.0,16.0,21.0,28.0,13.0,7.0,2.0,-27.80666666666667,0.0,4.0,0.0,3.0,0.0,0.0,1.0,1.0,1.0,2.0,10.0,15.0,19.0,17.0,3.0,12.0,2.0,15.0,17.0,22.0,29.0,0.0
12356,0.0,4.0,0.0,3.0,0.0,0.0,1.0,1.0,1.0,2.0,10.0,15.0,19.0,17.0,3.0,12.0,2.0,15.0,17.0,22.0,29.0,25.0,65.0,49.0,-25.849999999999998,0.0,4.0,0.0,3.0,0.0,0.0,2.0,2.0,2.0,3.0,11.0,1.0,20.0,18.0,4.0,1.0,3.0,16.0,18.0,1.0,30.0,0.0
12357,0.0,4.0,0.0,3.0,0.0,0.0,2.0,2.0,2.0,3.0,11.0,1.0,20.0,18.0,4.0,1.0,3.0,16.0,18.0,1.0,30.0,42.0,33.0,79.0,-27.419999999999995,0.0,4.0,0.0,5.0,0.0,0.0,3.0,3.0,3.0,4.0,12.0,2.0,1.0,19.0,1.0,2.0,4.0,17.0,19.0,2.0,31.0,0.0
12358,0.0,4.0,0.0,5.0,0.0,0.0,3.0,3.0,3.0,4.0,12.0,2.0,1.0,19.0,1.0,2.0,4.0,17.0,19.0,2.0,31.0,58.0,56.0,2.0,-14.066666666666666,0.0,6.0,2.0,5.0,0.0,0.0,1.0,4.0,4.0,5.0,13.0,3.0,2.0,20.0,2.0,3.0,5.0,1.0,20.0,3.0,32.0,0.0
12359,0.0,6.0,2.0,5.0,0.0,0.0,1.0,4.0,4.0,5.0,13.0,3.0,2.0,20.0,2.0,3.0,5.0,1.0,20.0,3.0,32.0,35.0,33.0,2.0,-31.978333333333328,0.0,6.0,2.0,7.0,0.0,0.0,1.0,5.0,5.0,6.0,14.0,4.0,1.0,1.0,3.0,4.0,6.0,2.0,21.0,4.0,33.0,0.0
12360,0.0,6.0,2.0,7.0,0.0,0.0,1.0,5.0,5.0,6.0,14.0,4.0,1.0,1.0,3.0,4.0,6.0,2.0,21.0,4.0,33.0,70.0,71.0,2.0,-10.096666666666668,0.0,6.0,4.0,7.0,0.0,0.0,1.0,6.0,6.0,7.0,15.0,5.0,2.0,2.0,4.0,5.0,7.0,3.0,22.0,5.0,1.0,0.0
12361,0.0,6.0,4.0,7.0,0.0,0.0,1.0,6.0,6.0,7.0,15.0,5.0,2.0,2.0,4.0,5.0,7.0,3.0,22.0,5.0,1.0,60.0,24.0,55.0,-31.680000000000007,0.0,6.0,4.0,5.0,0.0,0.0,2.0,7.0,7.0,8.0,1.0,6.0,3.0,3.0,5.0,6.0,8.0,1.0,1.0,6.0,2.0,0.0
12362,0.0,6.0,4.0,5.0,0.0,0.0,2.0,7.0,7.0,8.0,1.0,6.0,3.0,3.0,5.0,6.0,8.0,1.0,1.0,6.0,2.0,79.0,24.0,27.0,-21.053333333333335,0.0,4.0,4.0,3.0,0.0,0.0,3.0,8.0,8.0,9.0,1.0,1.0,4.0,4.0,6.0,7.0,9.0,2.0,2.0,7.0,3.0,0.0
12363,0.0,4.0,4.0,3.0,0.0,0.0,3.0,8.0,8.0,9.0,1.0,1.0,4.0,4.0,6.0,7.0,9.0,2.0,2.0,7.0,3.0,79.0,7.0,17.0,-14.875,0.0,2.0,2.0,3.0,0.0,0.0,4.0,1.0,9.0,1.0,2.0,2.0,5.0,5.0,7.0,8.0,10.0,3.0,3.0,8.0,4.0,0.0
12364,0.0,2.0,2.0,3.0,0.0,0.0,4.0,1.0,9.0,1.0,2.0,2.0,5.0,5.0,7.0,8.0,10.0,3.0,3.0,8.0,4.0,54.0,7.0,69.0,-25.458333333333336,0.0,0.0,0.0,3.0,0.0,0.0,5.0,1.0,10.0,2.0,3.0,3.0,6.0,6.0,8.0,9.0,1.0,4.0,4.0,1.0,5.0,0.0
12365,0.0,0.0,0.0,3.0,0.0,0.0,5.0,1.0,10.0,2.0,3.0,3.0,6.0,6.0,8.0,9.0,1.0,4.0,4.0,1.0,5.0,46.0,17.0,38.0,-13.545,2.0,0.0,0.0,3.0,0.0,2.0,6.0,2.0,11.0,1.0,4.0,4.0,7.0,1.0,9.0,1.0,2.0,5.0,5.0,2.0,6.0,0.0
12366,2.0,0.0,0.0,3.0,0.0,2.0,6.0,2.0,11.0,1.0,4.0,4.0,7.0,1.0,9.0,1.0,2.0,5.0,5.0,2.0,6.0,34.0,17.0,59.0,-27.008333333333333,2.0,0.0,0.0,3.0,0.0,0.0,7.0,3.0,12.0,1.0,5.0,5.0,1.0,2.0,10.0,2.0,3.0,1.0,6.0,3.0,7.0,0.0
12367,2.0,0.0,0.0,3.0,0.0,0.0,7.0,3.0,12.0,1.0,5.0,5.0,1.0,2.0,10.0,2.0,3.0,1.0,6.0,3.0,7.0,0.0,17.0,2.0,-8.875,2.0,0.0,0.0,3.0,0.0,0.0,1.0,4.0,13.0,1.0,6.0,6.0,2.0,3.0,11.0,3.0,4.0,2.0,7.0,4.0,8.0,0.0
12368,2.0,0.0,0.0,3.0,0.0,0.0,1.0,4.0,13.0,1.0,6.0,6.0,2.0,3.0,11.0,3.0,4.0,2.0,7.0,4.0,8.0,42.0,17.0,69.0,-24.773333333333333,0.0,0.0,0.0,3.0,0.0,0.0,2.0,5.0,14.0,1.0,7.0,7.0,3.0,4.0,1.0,4.0,5.0,3.0,8.0,1.0,9.0,0.0
12369,0.0,0.0,0.0,3.0,0.0,0.0,2.0,5.0,14.0,1.0,7.0,7.0,3.0,4.0,1.0,4.0,5.0,3.0,8.0,1.0,9.0,13.0,7.0,2.0,-23.75333333333333,0.0,2.0,0.0,3.0,0.0,0.0,1.0,1.0,1.0,2.0,8.0,8.0,4.0,5.0,2.0,5.0,6.0,4.0,9.0,2.0,10.0,0.0
12370,0.0,2.0,0.0,3.0,0.0,0.0,1.0,1.0,1.0,2.0,8.0,8.0,4.0,5.0,2.0,5.0,6.0,4.0,9.0,2.0,10.0,58.0,24.0,20.0,-30.773333333333333,0.0,4.0,0.0,1.0,0.0,0.0,2.0,2.0,2.0,3.0,1.0,9.0,5.0,6.0,3.0,6.0,7.0,1.0,10.0,3.0,11.0,0.0
12371,0.0,4.0,0.0,1.0,0.0,0.0,2.0,2.0,2.0,3.0,1.0,9.0,5.0,6.0,3.0,6.0,7.0,1.0,10.0,3.0,11.0,42.0,29.0,2.0,-24.485000000000003,0.0,4.0,0.0,0.0,0.0,0.0,1.0,3.0,3.0,4.0,2.0,1.0,6.0,7.0,1.0,7.0,8.0,2.0,11.0,4.0,12.0,0.0
12372,0.0,4.0,0.0,0.0,0.0,0.0,1.0,3.0,3.0,4.0,2.0,1.0,6.0,7.0,1.0,7.0,8.0,2.0,11.0,4.0,12.0,58.0,36.0,2.0,-11.333333333333334,0.0,6.0,2.0,0.0,0.0,0.0,1.0,4.0,4.0,5.0,3.0,2.0,7.0,1.0,2.0,8.0,9.0,1.0,12.0,5.0,13.0,0.0
12373,0.0,6.0,2.0,0.0,0.0,0.0,1.0,4.0,4.0,5.0,3.0,2.0,7.0,1.0,2.0,8.0,9.0,1.0,12.0,5.0,13.0,52.0,50.0,2.0,-13.681666666666667,0.0,6.0,2.0,0.0,0.0,0.0,1.0,5.0,5.0,6.0,4.0,3.0,8.0,2.0,3.0,9.0,1.0,2.0,13.0,6.0,14.0,0.0
12374,0.0,6.0,2.0,0.0,0.0,0.0,1.0,5.0,5.0,6.0,4.0,3.0,8.0,2.0,3.0,9.0,1.0,2.0,13.0,6.0,14.0,42.0,24.0,49.0,-18.265,0.0,6.0,2.0,0.0,0.0,0.0,2.0,6.0,6.0,7.0,1.0,4.0,9.0,3.0,1.0,1.0,2.0,3.0,14.0,7.0,15.0,0.0
12375,0.0,6.0,2.0,0.0,0.0,0.0,2.0,6.0,6.0,7.0,1.0,4.0,9.0,3.0,1.0,1.0,2.0,3.0,14.0,7.0,15.0,42.0,7.0,79.0,-17.093333333333334,0.0,6.0,0.0,0.0,0.0,0.0,3.0,1.0,7.0,8.0,2.0,5.0,10.0,4.0,1.0,2.0,3.0,4.0,15.0,8.0,16.0,0.0
12376,0.0,6.0,0.0,0.0,0.0,0.0,3.0,1.0,7.0,8.0,2.0,5.0,10.0,4.0,1.0,2.0,3.0,4.0,15.0,8.0,16.0,58.0,17.0,79.0,-12.488333333333333,0.0,8.0,0.0,0.0,0.0,0.0,4.0,2.0,8.0,1.0,3.0,6.0,11.0,5.0,2.0,3.0,4.0,1.0,16.0,9.0,17.0,0.0
12377,0.0,8.0,0.0,0.0,0.0,0.0,4.0,2.0,8.0,1.0,3.0,6.0,11.0,5.0,2.0,3.0,4.0,1.0,16.0,9.0,17.0,42.0,50.0,60.0,-33.876666666666665,0.0,8.0,0.0,0.0,0.0,0.0,5.0,3.0,9.0,2.0,4.0,7.0,12.0,6.0,1.0,4.0,1.0,2.0,1.0,10.0,18.0,0.0
12378,0.0,8.0,0.0,0.0,0.0,0.0,5.0,3.0,9.0,2.0,4.0,7.0,12.0,6.0,1.0,4.0,1.0,2.0,1.0,10.0,18.0,54.0,7.0,24.0,-29.383333333333333,0.0,6.0,0.0,0.0,0.0,0.0,6.0,1.0,10.0,3.0,1.0,8.0,13.0,7.0,2.0,5.0,1.0,3.0,2.0,11.0,19.0,0.0
12379,0.0,6.0,0.0,0.0,0.0,0.0,6.0,1.0,10.0,3.0,1.0,8.0,13.0,7.0,2.0,5.0,1.0,3.0,2.0,11.0,19.0,54.0,17.0,24.0,-26.95,0.0,4.0,0.0,0.0,0.0,0.0,7.0,2.0,11.0,1.0,1.0,9.0,14.0,8.0,3.0,6.0,1.0,4.0,3.0,12.0,20.0,0.0
12380,0.0,4.0,0.0,0.0,0.0,0.0,7.0,2.0,11.0,1.0,1.0,9.0,14.0,8.0,3.0,6.0,1.0,4.0,3.0,12.0,20.0,54.0,17.0,24.0,-28.369999999999997,0.0,2.0,0.0,0.0,0.0,0.0,8.0,3.0,12.0,1.0,1.0,10.0,15.0,9.0,4.0,7.0,1.0,5.0,4.0,13.0,21.0,0.0
12381,0.0,2.0,0.0,0.0,0.0,0.0,8.0,3.0,12.0,1.0,1.0,10.0,15.0,9.0,4.0,7.0,1.0,5.0,4.0,13.0,21.0,54.0,48.0,24.0,-25.669999999999998,0.0,0.0,0.0,2.0,0.0,0.0,9.0,4.0,13.0,2.0,1.0,11.0,16.0,10.0,5.0,1.0,1.0,6.0,5.0,14.0,22.0,0.0
12382,0.0,0.0,0.0,2.0,0.0,0.0,9.0,4.0,13.0,2.0,1.0,11.0,16.0,10.0,5.0,1.0,1.0,6.0,5.0,14.0,22.0,13.0,41.0,24.0,-33.61833333333333,0.0,2.0,2.0,2.0,0.0,0.0,10.0,5.0,1.0,3.0,1.0,12.0,17.0,11.0,1.0,2.0,2.0,7.0,6.0,15.0,23.0,0.0
12383,0.0,2.0,2.0,2.0,0.0,0.0,10.0,5.0,1.0,3.0,1.0,12.0,17.0,11.0,1.0,2.0,2.0,7.0,6.0,15.0,23.0,39.0,41.0,24.0,-29.411666666666665,0.0,0.0,4.0,2.0,0.0,0.0,11.0,6.0,2.0,4.0,1.0,13.0,18.0,1.0,1.0,3.0,3.0,8.0,7.0,16.0,24.0,0.0
12384,0.0,0.0,4.0,2.0,0.0,0.0,11.0,6.0,2.0,4.0,1.0,13.0,18.0,1.0,1.0,3.0,3.0,8.0,7.0,16.0,24.0,67.0,41.0,24.0,-31.846666666666668,0.0,0.0,6.0,2.0,0.0,0.0,12.0,7.0,3.0,5.0,1.0,14.0,19.0,2.0,1.0,4.0,4.0,9.0,8.0,1.0,25.0,0.0
12385,0.0,0.0,6.0,2.0,0.0,0.0,12.0,7.0,3.0,5.0,1.0,14.0,19.0,2.0,1.0,4.0,4.0,9.0,8.0,1.0,25.0,54.0,29.0,24.0,-28.79,0.0,0.0,6.0,0.0,0.0,0.0,13.0,8.0,4.0,6.0,1.0,1.0,20.0,3.0,2.0,5.0,1.0,10.0,9.0,2.0,26.0,0.0
12386,0.0,0.0,6.0,0.0,0.0,0.0,13.0,8.0,4.0,6.0,1.0,1.0,20.0,3.0,2.0,5.0,1.0,10.0,9.0,2.0,26.0,47.0,33.0,24.0,-22.166666666666668,0.0,0.0,6.0,2.0,0.0,0.0,14.0,9.0,5.0,7.0,1.0,2.0,1.0,4.0,3.0,1.0,2.0,11.0,10.0,3.0,27.0,0.0
12387,0.0,0.0,6.0,2.0,0.0,0.0,14.0,9.0,5.0,7.0,1.0,2.0,1.0,4.0,3.0,1.0,2.0,11.0,10.0,3.0,27.0,58.0,36.0,72.0,-24.39666666666667,0.0,2.0,8.0,2.0,0.0,0.0,15.0,10.0,6.0,8.0,2.0,3.0,2.0,1.0,4.0,2.0,3.0,1.0,11.0,4.0,1.0,0.0
12388,0.0,2.0,8.0,2.0,0.0,0.0,15.0,10.0,6.0,8.0,2.0,3.0,2.0,1.0,4.0,2.0,3.0,1.0,11.0,4.0,1.0,17.0,7.0,57.0,-20.565,0.0,2.0,6.0,2.0,0.0,0.0,16.0,1.0,7.0,1.0,3.0,4.0,3.0,2.0,5.0,3.0,4.0,1.0,12.0,5.0,2.0,0.0
12389,0.0,2.0,6.0,2.0,0.0,0.0,16.0,1.0,7.0,1.0,3.0,4.0,3.0,2.0,5.0,3.0,4.0,1.0,12.0,5.0,2.0,2.0,24.0,60.0,-29.72833333333333,0.0,2.0,6.0,0.0,0.0,0.0,1.0,2.0,8.0,2.0,1.0,5.0,4.0,3.0,6.0,4.0,5.0,2.0,1.0,6.0,3.0,0.0
12390,0.0,2.0,6.0,0.0,0.0,0.0,1.0,2.0,8.0,2.0,1.0,5.0,4.0,3.0,6.0,4.0,5.0,2.0,1.0,6.0,3.0,54.0,7.0,10.0,-24.148333333333333,0.0,0.0,4.0,0.0,0.0,0.0,2.0,1.0,1.0,3.0,2.0,6.0,5.0,4.0,7.0,5.0,1.0,3.0,2.0,7.0,4.0,0.0
12391,0.0,0.0,4.0,0.0,0.0,0.0,2.0,1.0,1.0,3.0,2.0,6.0,5.0,4.0,7.0,5.0,1.0,3.0,2.0,7.0,4.0,42.0,42.0,38.0,-28.29,0.0,0.0,2.0,0.0,0.0,2.0,3.0,2.0,2.0,4.0,3.0,7.0,6.0,1.0,1.0,6.0,2.0,4.0,3.0,8.0,5.0,0.0
12392,0.0,0.0,2.0,0.0,0.0,2.0,3.0,2.0,2.0,4.0,3.0,7.0,6.0,1.0,1.0,6.0,2.0,4.0,3.0,8.0,5.0,48.0,7.0,49.0,-15.736666666666665,0.0,2.0,0.0,0.0,0.0,0.0,4.0,1.0,3.0,5.0,4.0,8.0,7.0,2.0,2.0,1.0,3.0,5.0,4.0,9.0,6.0,0.0
12393,0.0,2.0,0.0,0.0,0.0,0.0,4.0,1.0,3.0,5.0,4.0,8.0,7.0,2.0,2.0,1.0,3.0,5.0,4.0,9.0,6.0,54.0,29.0,57.0,-36.13,0.0,0.0,0.0,0.0,0.0,0.0,5.0,2.0,4.0,6.0,5.0,1.0,8.0,3.0,3.0,2.0,1.0,1.0,5.0,10.0,7.0,0.0
12394,0.0,0.0,0.0,0.0,0.0,0.0,5.0,2.0,4.0,6.0,5.0,1.0,8.0,3.0,3.0,2.0,1.0,1.0,5.0,10.0,7.0,39.0,24.0,24.0,-33.806666666666665,0.0,0.0,0.0,0.0,0.0,0.0,6.0,3.0,5.0,7.0,1.0,2.0,9.0,1.0,4.0,3.0,2.0,2.0,6.0,11.0,8.0,0.0
12395,0.0,0.0,0.0,0.0,0.0,0.0,6.0,3.0,5.0,7.0,1.0,2.0,9.0,1.0,4.0,3.0,2.0,2.0,6.0,11.0,8.0,39.0,58.0,24.0,-30.82,0.0,0.0,0.0,2.0,0.0,0.0,7.0,4.0,6.0,8.0,1.0,3.0,10.0,1.0,5.0,4.0,3.0,1.0,7.0,12.0,9.0,0.0
12396,0.0,0.0,0.0,2.0,0.0,0.0,7.0,4.0,6.0,8.0,1.0,3.0,10.0,1.0,5.0,4.0,3.0,1.0,7.0,12.0,9.0,50.0,58.0,57.0,-28.298333333333332,0.0,0.0,0.0,4.0,0.0,0.0,8.0,5.0,7.0,9.0,2.0,4.0,11.0,2.0,6.0,5.0,1.0,1.0,8.0,13.0,10.0,0.0
12397,0.0,0.0,0.0,4.0,0.0,0.0,8.0,5.0,7.0,9.0,2.0,4.0,11.0,2.0,6.0,5.0,1.0,1.0,8.0,13.0,10.0,50.0,58.0,24.0,-25.311666666666667,0.0,0.0,0.0,6.0,0.0,0.0,9.0,6.0,8.0,10.0,1.0,5.0,12.0,3.0,7.0,6.0,1.0,1.0,9.0,14.0,11.0,0.0
12398,0.0,0.0,0.0,6.0,0.0,0.0,9.0,6.0,8.0,10.0,1.0,5.0,12.0,3.0,7.0,6.0,1.0,1.0,9.0,14.0,11.0,50.0,7.0,38.0,-28.435,0.0,0.0,0.0,6.0,0.0,2.0,10.0,1.0,9.0,11.0,2.0,6.0,13.0,1.0,8.0,7.0,1.0,2.0,10.0,15.0,12.0,0.0
12399,0.0,0.0,0.0,6.0,0.0,2.0,10.0,1.0,9.0,11.0,2.0,6.0,13.0,1.0,8.0,7.0,1.0,2.0,10.0,15.0,12.0,50.0,42.0,38.0,-22.568333333333335,0.0,0.0,0.0,6.0,0.0,4.0,11.0,2.0,10.0,12.0,3.0,7.0,14.0,1.0,1.0,8.0,1.0,3.0,11.0,16.0,13.0,1.0
12400,7.0,4.0,5.0,7.0,2.0,3.0,1.0,1.0,1.0,1.0,1.0,1.0,1.0,1.0,1.0,1.0,1.0,1.0,1.0,1.0,1.0,21.0,24.0,26.0,-6.826666666666666,9.0,4.0,5.0,5.0,4.0,3.0,2.0,2.0,2.0,2.0,1.0,1.0,2.0,2.0,2.0,2.0,2.0,2.0,2.0,2.0,2.0,0.0
12401,9.0,4.0,5.0,5.0,4.0,3.0,2.0,2.0,2.0,2.0,1.0,1.0,2.0,2.0,2.0,2.0,2.0,2.0,2.0,2.0,2.0,54.0,24.0,26.0,-10.04,9.0,2.0,5.0,3.0,6.0,3.0,3.0,3.0,3.0,3.0,1.0,1.0,3.0,3.0,3.0,3.0,1.0,3.0,3.0,3.0,3.0,0.0
12402,9.0,2.0,5.0,3.0,6.0,3.0,3.0,3.0,3.0,3.0,1.0,1.0,3.0,3.0,3.0,3.0,1.0,3.0,3.0,3.0,3.0,34.0,7.0,26.0,-7.008333333333333,9.0,0.0,3.0,3.0,8.0,3.0,4.0,1.0,4.0,4.0,2.0,1.0,1.0,4.0,4.0,4.0,2.0,4.0,4.0,4.0,4.0,0.0
12403,9.0,0.0,3.0,3.0,8.0,3.0,4.0,1.0,4.0,4.0,2.0,1.0,1.0,4.0,4.0,4.0,2.0,4.0,4.0,4.0,4.0,39.0,10.0,22.0,-10.131666666666666,9.0,0.0,3.0,3.0,6.0,3.0,5.0,2.0,1.0,5.0,1.0,2.0,2.0,1.0,5.0,5.0,3.0,5.0,5.0,5.0,5.0,0.0
12404,9.0,0.0,3.0,3.0,6.0,3.0,5.0,2.0,1.0,5.0,1.0,2.0,2.0,1.0,5.0,5.0,3.0,5.0,5.0,5.0,5.0,39.0,17.0,26.0,-7.963333333333333,9.0,0.0,1.0,3.0,8.0,3.0,6.0,3.0,2.0,1.0,2.0,1.0,3.0,1.0,6.0,6.0,4.0,6.0,6.0,6.0,6.0,0.0
12405,9.0,0.0,1.0,3.0,8.0,3.0,6.0,3.0,2.0,1.0,2.0,1.0,3.0,1.0,6.0,6.0,4.0,6.0,6.0,6.0,6.0,39.0,0.0,67.0,-8.096666666666668,9.0,0.0,1.0,3.0,6.0,3.0,1.0,4.0,3.0,2.0,3.0,2.0,4.0,1.0,7.0,7.0,5.0,7.0,7.0,1.0,7.0,0.0
12406,9.0,0.0,1.0,3.0,6.0,3.0,1.0,4.0,3.0,2.0,3.0,2.0,4.0,1.0,7.0,7.0,5.0,7.0,7.0,1.0,7.0,24.0,17.0,26.0,-11.73,9.0,0.0,0.0,3.0,8.0,3.0,2.0,5.0,4.0,1.0,1.0,1.0,5.0,2.0,8.0,8.0,6.0,8.0,8.0,2.0,8.0,0.0
12407,9.0,0.0,0.0,3.0,8.0,3.0,2.0,5.0,4.0,1.0,1.0,1.0,5.0,2.0,8.0,8.0,6.0,8.0,8.0,2.0,8.0,52.0,17.0,26.0,-11.731666666666666,7.0,0.0,0.0,3.0,9.0,3.0,3.0,6.0,5.0,1.0,2.0,1.0,6.0,3.0,9.0,9.0,1.0,9.0,9.0,3.0,9.0,0.0
12408,7.0,0.0,0.0,3.0,9.0,3.0,3.0,6.0,5.0,1.0,2.0,1.0,6.0,3.0,9.0,9.0,1.0,9.0,9.0,3.0,9.0,52.0,17.0,62.0,-13.083333333333332,5.0,0.0,0.0,3.0,7.0,3.0,4.0,7.0,6.0,1.0,3.0,2.0,7.0,4.0,10.0,10.0,1.0,10.0,1.0,4.0,10.0,0.0
12409,5.0,0.0,0.0,3.0,7.0,3.0,4.0,7.0,6.0,1.0,3.0,2.0,7.0,4.0,10.0,10.0,1.0,10.0,1.0,4.0,10.0,46.0,49.0,26.0,-13.283333333333333,7.0,0.0,0.0,1.0,9.0,3.0,5.0,8.0,7.0,2.0,4.0,1.0,8.0,5.0,11.0,1.0,2.0,11.0,2.0,5.0,11.0,0.0
12410,7.0,0.0,0.0,1.0,9.0,3.0,5.0,8.0,7.0,2.0,4.0,1.0,8.0,5.0,11.0,1.0,2.0,11.0,2.0,5.0,11.0,34.0,73.0,24.0,-13.834999999999999,7.0,0.0,0.0,3.0,9.0,1.0,6.0,9.0,8.0,3.0,1.0,2.0,1.0,6.0,12.0,2.0,3.0,12.0,3.0,6.0,1.0,0.0
12411,7.0,0.0,0.0,3.0,9.0,1.0,6.0,9.0,8.0,3.0,1.0,2.0,1.0,6.0,12.0,2.0,3.0,12.0,3.0,6.0,1.0,7.0,10.0,26.0,-17.133333333333333,5.0,0.0,0.0,3.0,9.0,1.0,7.0,1.0,1.0,4.0,2.0,1.0,2.0,7.0,13.0,3.0,4.0,13.0,4.0,7.0,2.0,0.0
12412,5.0,0.0,0.0,3.0,9.0,1.0,7.0,1.0,1.0,4.0,2.0,1.0,2.0,7.0,13.0,3.0,4.0,13.0,4.0,7.0,2.0,39.0,57.0,34.0,-10.931666666666665,5.0,0.0,0.0,3.0,9.0,0.0,8.0,2.0,2.0,5.0,3.0,2.0,1.0,1.0,14.0,4.0,5.0,1.0,5.0,8.0,3.0,0.0
12413,5.0,0.0,0.0,3.0,9.0,0.0,8.0,2.0,2.0,5.0,3.0,2.0,1.0,1.0,14.0,4.0,5.0,1.0,5.0,8.0,3.0,46.0,24.0,26.0,-24.506666666666664,7.0,0.0,0.0,1.0,9.0,0.0,9.0,3.0,3.0,6.0,1.0,1.0,2.0,2.0,15.0,1.0,6.0,2.0,6.0,9.0,4.0,0.0
12414,7.0,0.0,0.0,1.0,9.0,0.0,9.0,3.0,3.0,6.0,1.0,1.0,2.0,2.0,15.0,1.0,6.0,2.0,6.0,9.0,4.0,17.0,42.0,26.0,-24.814999999999998,5.0,0.0,0.0,1.0,9.0,0.0,10.0,4.0,4.0,1.0,2.0,1.0,3.0,3.0,1.0,2.0,7.0,3.0,7.0,10.0,5.0,0.0
12415,5.0,0.0,0.0,1.0,9.0,0.0,10.0,4.0,4.0,1.0,2.0,1.0,3.0,3.0,1.0,2.0,7.0,3.0,7.0,10.0,5.0,51.0,0.0,20.0,-14.163333333333332,7.0,0.0,0.0,1.0,9.0,0.0,1.0,5.0,5.0,2.0,1.0,2.0,4.0,4.0,2.0,3.0,1.0,4.0,8.0,11.0,6.0,0.0
12416,7.0,0.0,0.0,1.0,9.0,0.0,1.0,5.0,5.0,2.0,1.0,2.0,4.0,4.0,2.0,3.0,1.0,4.0,8.0,11.0,6.0,25.0,0.0,22.0,-14.431666666666665,7.0,0.0,0.0,1.0,7.0,0.0,1.0,6.0,6.0,3.0,1.0,1.0,5.0,5.0,3.0,4.0,2.0,5.0,9.0,12.0,7.0,0.0
12417,7.0,0.0,0.0,1.0,7.0,0.0,1.0,6.0,6.0,3.0,1.0,1.0,5.0,5.0,3.0,4.0,2.0,5.0,9.0,12.0,7.0,25.0,0.0,22.0,-15.851666666666665,7.0,0.0,0.0,1.0,5.0,0.0,1.0,7.0,7.0,4.0,1.0,1.0,6.0,6.0,4.0,5.0,3.0,6.0,10.0,13.0,8.0,0.0
12418,7.0,0.0,0.0,1.0,5.0,0.0,1.0,7.0,7.0,4.0,1.0,1.0,6.0,6.0,4.0,5.0,3.0,6.0,10.0,13.0,8.0,52.0,58.0,20.0,-19.13,5.0,0.0,0.0,3.0,5.0,0.0,2.0,8.0,8.0,5.0,1.0,2.0,7.0,7.0,5.0,6.0,1.0,1.0,11.0,14.0,9.0,0.0
12419,5.0,0.0,0.0,3.0,5.0,0.0,2.0,8.0,8.0,5.0,1.0,2.0,7.0,7.0,5.0,6.0,1.0,1.0,11.0,14.0,9.0,25.0,58.0,20.0,-19.398333333333333,5.0,0.0,0.0,5.0,5.0,0.0,3.0,9.0,9.0,6.0,1.0,1.0,8.0,8.0,6.0,7.0,2.0,1.0,12.0,15.0,10.0,0.0
12420,5.0,0.0,0.0,5.0,5.0,0.0,3.0,9.0,9.0,6.0,1.0,1.0,8.0,8.0,6.0,7.0,2.0,1.0,12.0,15.0,10.0,52.0,58.0,20.0,-15.636666666666667,3.0,0.0,0.0,7.0,5.0,0.0,4.0,10.0,10.0,7.0,1.0,2.0,9.0,9.0,7.0,8.0,1.0,1.0,13.0,16.0,11.0,0.0
12421,3.0,0.0,0.0,7.0,5.0,0.0,4.0,10.0,10.0,7.0,1.0,2.0,9.0,9.0,7.0,8.0,1.0,1.0,13.0,16.0,11.0,52.0,58.0,38.0,-12.338333333333331,1.0,0.0,0.0,9.0,5.0,2.0,5.0,11.0,11.0,8.0,2.0,3.0,10.0,1.0,8.0,9.0,1.0,1.0,14.0,17.0,12.0,0.0
12422,1.0,0.0,0.0,9.0,5.0,2.0,5.0,11.0,11.0,8.0,2.0,3.0,10.0,1.0,8.0,9.0,1.0,1.0,14.0,17.0,12.0,52.0,58.0,20.0,-315.8616666666667,0.0,0.0,0.0,9.0,5.0,2.0,6.0,12.0,12.0,9.0,1.0,4.0,11.0,2.0,9.0,10.0,1.0,1.0,15.0,18.0,13.0,0.0
12423,0.0,0.0,0.0,9.0,5.0,2.0,6.0,12.0,12.0,9.0,1.0,4.0,11.0,2.0,9.0,10.0,1.0,1.0,15.0,18.0,13.0,52.0,58.0,20.0,-16.661666666666665,0.0,0.0,0.0,9.0,5.0,2.0,7.0,13.0,13.0,10.0,1.0,5.0,12.0,3.0,10.0,11.0,1.0,1.0,16.0,19.0,14.0,0.0
12424,0.0,0.0,0.0,9.0,5.0,2.0,7.0,13.0,13.0,10.0,1.0,5.0,12.0,3.0,10.0,11.0,1.0,1.0,16.0,19.0,14.0,52.0,58.0,20.0,-17.461666666666666,0.0,0.0,0.0,9.0,5.0,2.0,8.0,14.0,14.0,11.0,1.0,6.0,13.0,4.0,11.0,12.0,1.0,1.0,17.0,20.0,15.0,0.0
12425,0.0,0.0,0.0,9.0,5.0,2.0,8.0,14.0,14.0,11.0,1.0,6.0,13.0,4.0,11.0,12.0,1.0,1.0,17.0,20.0,15.0,52.0,58.0,20.0,-18.261666666666663,0.0,0.0,0.0,9.0,5.0,2.0,9.0,15.0,15.0,12.0,1.0,7.0,14.0,5.0,12.0,13.0,1.0,1.0,18.0,21.0,16.0,0.0
12426,0.0,0.0,0.0,9.0,5.0,2.0,9.0,15.0,15.0,12.0,1.0,7.0,14.0,5.0,12.0,13.0,1.0,1.0,18.0,21.0,16.0,52.0,58.0,20.0,-19.061666666666667,0.0,0.0,0.0,9.0,5.0,2.0,10.0,16.0,16.0,13.0,1.0,8.0,15.0,6.0,13.0,14.0,1.0,1.0,19.0,22.0,17.0,0.0
12427,0.0,0.0,0.0,9.0,5.0,2.0,10.0,16.0,16.0,13.0,1.0,8.0,15.0,6.0,13.0,14.0,1.0,1.0,19.0,22.0,17.0,46.0,58.0,20.0,-15.43,2.0,0.0,0.0,9.0,5.0,2.0,11.0,17.0,17.0,14.0,1.0,9.0,16.0,7.0,14.0,1.0,2.0,1.0,20.0,23.0,18.0,0.0
12428,2.0,0.0,0.0,9.0,5.0,2.0,11.0,17.0,17.0,14.0,1.0,9.0,16.0,7.0,14.0,1.0,2.0,1.0,20.0,23.0,18.0,26.0,58.0,24.0,-23.136666666666663,4.0,0.0,0.0,9.0,5.0,0.0,12.0,18.0,18.0,15.0,1.0,1.0,17.0,8.0,15.0,2.0,3.0,1.0,21.0,24.0,19.0,0.0
12429,4.0,0.0,0.0,9.0,5.0,0.0,12.0,18.0,18.0,15.0,1.0,1.0,17.0,8.0,15.0,2.0,3.0,1.0,21.0,24.0,19.0,6.0,58.0,24.0,-17.223333333333333,6.0,0.0,0.0,9.0,5.0,0.0,13.0,1.0,19.0,16.0,1.0,2.0,18.0,9.0,16.0,3.0,4.0,1.0,22.0,25.0,20.0,0.0
12430,6.0,0.0,0.0,9.0,5.0,0.0,13.0,1.0,19.0,16.0,1.0,2.0,18.0,9.0,16.0,3.0,4.0,1.0,22.0,25.0,20.0,52.0,42.0,24.0,-21.473333333333333,4.0,0.0,0.0,9.0,5.0,0.0,14.0,2.0,20.0,17.0,1.0,3.0,19.0,10.0,1.0,4.0,1.0,2.0,23.0,26.0,21.0,0.0
12431,4.0,0.0,0.0,9.0,5.0,0.0,14.0,2.0,20.0,17.0,1.0,3.0,19.0,10.0,1.0,4.0,1.0,2.0,23.0,26.0,21.0,52.0,58.0,24.0,-19.881666666666668,2.0,0.0,0.0,9.0,5.0,0.0,15.0,3.0,21.0,18.0,1.0,4.0,20.0,11.0,2.0,5.0,1.0,1.0,24.0,27.0,22.0,0.0
12432,2.0,0.0,0.0,9.0,5.0,0.0,15.0,3.0,21.0,18.0,1.0,4.0,20.0,11.0,2.0,5.0,1.0,1.0,24.0,27.0,22.0,16.0,58.0,24.0,-23.423333333333332,4.0,0.0,0.0,9.0,5.0,0.0,16.0,4.0,22.0,1.0,1.0,5.0,21.0,12.0,3.0,6.0,2.0,1.0,25.0,28.0,23.0,0.0
12433,4.0,0.0,0.0,9.0,5.0,0.0,16.0,4.0,22.0,1.0,1.0,5.0,21.0,12.0,3.0,6.0,2.0,1.0,25.0,28.0,23.0,71.0,58.0,60.0,-32.16166666666666,6.0,0.0,0.0,9.0,5.0,0.0,17.0,5.0,23.0,2.0,2.0,6.0,22.0,13.0,4.0,7.0,3.0,1.0,1.0,29.0,1.0,0.0
12434,6.0,0.0,0.0,9.0,5.0,0.0,17.0,5.0,23.0,2.0,2.0,6.0,22.0,13.0,4.0,7.0,3.0,1.0,1.0,29.0,1.0,51.0,34.0,24.0,-36.321666666666665,8.0,0.0,0.0,7.0,5.0,0.0,18.0,6.0,24.0,3.0,1.0,7.0,1.0,14.0,5.0,8.0,1.0,2.0,2.0,30.0,2.0,0.0
12435,8.0,0.0,0.0,7.0,5.0,0.0,18.0,6.0,24.0,3.0,1.0,7.0,1.0,14.0,5.0,8.0,1.0,2.0,2.0,30.0,2.0,51.0,12.0,7.0,-22.699999999999996,9.0,0.0,0.0,7.0,3.0,0.0,19.0,1.0,1.0,4.0,2.0,8.0,2.0,15.0,6.0,9.0,1.0,3.0,3.0,31.0,3.0,0.0
12436,9.0,0.0,0.0,7.0,3.0,0.0,19.0,1.0,1.0,4.0,2.0,8.0,2.0,15.0,6.0,9.0,1.0,3.0,3.0,31.0,3.0,67.0,49.0,65.0,-16.22833333333333,7.0,0.0,0.0,5.0,3.0,0.0,20.0,2.0,2.0,5.0,3.0,9.0,3.0,16.0,7.0,1.0,2.0,4.0,4.0,1.0,4.0,0.0
12437,7.0,0.0,0.0,5.0,3.0,0.0,20.0,2.0,2.0,5.0,3.0,9.0,3.0,16.0,7.0,1.0,2.0,4.0,4.0,1.0,4.0,35.0,49.0,24.0,-12.95,7.0,0.0,0.0,3.0,3.0,0.0,21.0,3.0,3.0,6.0,1.0,10.0,4.0,1.0,8.0,1.0,3.0,5.0,5.0,2.0,5.0,0.0
12438,7.0,0.0,0.0,3.0,3.0,0.0,21.0,3.0,3.0,6.0,1.0,10.0,4.0,1.0,8.0,1.0,3.0,5.0,5.0,2.0,5.0,32.0,34.0,24.0,-27.876666666666665,5.0,0.0,0.0,1.0,3.0,0.0,22.0,4.0,4.0,7.0,1.0,11.0,1.0,2.0,9.0,2.0,4.0,6.0,6.0,3.0,6.0,0.0
12439,5.0,0.0,0.0,1.0,3.0,0.0,22.0,4.0,4.0,7.0,1.0,11.0,1.0,2.0,9.0,2.0,4.0,6.0,6.0,3.0,6.0,19.0,34.0,51.0,-29.936666666666667,5.0,0.0,0.0,0.0,5.0,0.0,23.0,5.0,5.0,1.0,2.0,12.0,1.0,3.0,10.0,3.0,1.0,7.0,7.0,4.0,7.0,0.0
12440,5.0,0.0,0.0,0.0,5.0,0.0,23.0,5.0,5.0,1.0,2.0,12.0,1.0,3.0,10.0,3.0,1.0,7.0,7.0,4.0,7.0,19.0,34.0,51.0,-31.976666666666667,5.0,0.0,0.0,0.0,7.0,0.0,24.0,6.0,6.0,1.0,3.0,13.0,1.0,4.0,11.0,4.0,1.0,8.0,8.0,5.0,8.0,0.0
12441,5.0,0.0,0.0,0.0,7.0,0.0,24.0,6.0,6.0,1.0,3.0,13.0,1.0,4.0,11.0,4.0,1.0,8.0,8.0,5.0,8.0,19.0,49.0,51.0,-24.361666666666665,5.0,0.0,0.0,0.0,9.0,0.0,25.0,7.0,7.0,1.0,4.0,14.0,2.0,5.0,12.0,1.0,1.0,9.0,9.0,6.0,9.0,0.0
12442,5.0,0.0,0.0,0.0,9.0,0.0,25.0,7.0,7.0,1.0,4.0,14.0,2.0,5.0,12.0,1.0,1.0,9.0,9.0,6.0,9.0,19.0,45.0,11.0,-27.39666666666667,5.0,0.0,0.0,0.0,9.0,0.0,26.0,8.0,1.0,1.0,5.0,15.0,3.0,6.0,13.0,1.0,2.0,10.0,10.0,7.0,10.0,0.0
12443,5.0,0.0,0.0,0.0,9.0,0.0,26.0,8.0,1.0,1.0,5.0,15.0,3.0,6.0,13.0,1.0,2.0,10.0,10.0,7.0,10.0,3.0,34.0,51.0,-27.105,5.0,2.0,0.0,0.0,9.0,0.0,1.0,9.0,2.0,2.0,6.0,16.0,1.0,7.0,14.0,2.0,1.0,11.0,11.0,8.0,11.0,0.0
12444,5.0,2.0,0.0,0.0,9.0,0.0,1.0,9.0,2.0,2.0,6.0,16.0,1.0,7.0,14.0,2.0,1.0,11.0,11.0,8.0,11.0,25.0,67.0,42.0,-325.2616666666666,5.0,2.0,0.0,0.0,7.0,0.0,2.0,10.0,3.0,3.0,7.0,1.0,2.0,8.0,1.0,3.0,2.0,12.0,12.0,1.0,12.0,0.0
12445,5.0,2.0,0.0,0.0,7.0,0.0,2.0,10.0,3.0,3.0,7.0,1.0,2.0,8.0,1.0,3.0,2.0,12.0,12.0,1.0,12.0,38.0,27.0,62.0,-30.751666666666665,5.0,4.0,0.0,0.0,5.0,0.0,3.0,11.0,4.0,4.0,8.0,1.0,3.0,1.0,2.0,4.0,3.0,13.0,1.0,2.0,13.0,0.0
12446,5.0,4.0,0.0,0.0,5.0,0.0,3.0,11.0,4.0,4.0,8.0,1.0,3.0,1.0,2.0,4.0,3.0,13.0,1.0,2.0,13.0,19.0,27.0,24.0,-28.715,5.0,2.0,0.0,0.0,5.0,0.0,4.0,12.0,5.0,1.0,1.0,1.0,4.0,2.0,3.0,5.0,4.0,14.0,2.0,3.0,14.0,0.0
12447,5.0,2.0,0.0,0.0,5.0,0.0,4.0,12.0,5.0,1.0,1.0,1.0,4.0,2.0,3.0,5.0,4.0,14.0,2.0,3.0,14.0,52.0,74.0,72.0,-26.654999999999998,3.0,2.0,0.0,0.0,3.0,0.0,5.0,13.0,6.0,2.0,2.0,2.0,5.0,3.0,4.0,6.0,1.0,15.0,3.0,4.0,1.0,0.0
12448,3.0,2.0,0.0,0.0,3.0,0.0,5.0,13.0,6.0,2.0,2.0,2.0,5.0,3.0,4.0,6.0,1.0,15.0,3.0,4.0,1.0,7.0,12.0,55.0,-35.92833333333333,1.0,2.0,0.0,0.0,3.0,0.0,6.0,1.0,1.0,3.0,3.0,3.0,6.0,4.0,5.0,7.0,2.0,1.0,4.0,5.0,2.0,0.0
12449,1.0,2.0,0.0,0.0,3.0,0.0,6.0,1.0,1.0,3.0,3.0,3.0,6.0,4.0,5.0,7.0,2.0,1.0,4.0,5.0,2.0,46.0,34.0,17.0,-322.53166666666664,3.0,2.0,0.0,0.0,1.0,0.0,7.0,2.0,2.0,1.0,4.0,4.0,1.0,5.0,6.0,1.0,3.0,2.0,5.0,6.0,3.0,0.0
12450,3.0,2.0,0.0,0.0,1.0,0.0,7.0,2.0,2.0,1.0,4.0,4.0,1.0,5.0,6.0,1.0,3.0,2.0,5.0,6.0,3.0,39.0,42.0,51.0,-18.258333333333333,3.0,0.0,0.0,0.0,3.0,0.0,8.0,3.0,3.0,2.0,5.0,5.0,2.0,1.0,1.0,2.0,1.0,3.0,6.0,7.0,4.0,0.0
12451,3.0,0.0,0.0,0.0,3.0,0.0,8.0,3.0,3.0,2.0,5.0,5.0,2.0,1.0,1.0,2.0,1.0,3.0,6.0,7.0,4.0,67.0,67.0,24.0,-24.65833333333333,1.0,0.0,0.0,0.0,3.0,0.0,9.0,4.0,4.0,3.0,1.0,6.0,3.0,2.0,2.0,3.0,2.0,4.0,7.0,1.0,5.0,0.0
12452,1.0,0.0,0.0,0.0,3.0,0.0,9.0,4.0,4.0,3.0,1.0,6.0,3.0,2.0,2.0,3.0,2.0,4.0,7.0,1.0,5.0,19.0,34.0,72.0,-32.83,1.0,0.0,0.0,0.0,1.0,0.0,10.0,5.0,5.0,1.0,2.0,7.0,1.0,3.0,3.0,4.0,3.0,5.0,8.0,2.0,1.0,0.0
12453,1.0,0.0,0.0,0.0,1.0,0.0,10.0,5.0,5.0,1.0,2.0,7.0,1.0,3.0,3.0,4.0,3.0,5.0,8.0,2.0,1.0,19.0,34.0,47.0,-25.370000000000005,1.0,0.0,0.0,0.0,0.0,0.0,11.0,6.0,6.0,1.0,3.0,8.0,1.0,4.0,4.0,1.0,4.0,6.0,9.0,3.0,2.0,0.0
12454,1.0,0.0,0.0,0.0,0.0,0.0,11.0,6.0,6.0,1.0,3.0,8.0,1.0,4.0,4.0,1.0,4.0,6.0,9.0,3.0,2.0,19.0,34.0,60.0,-43.77166666666667,1.0,0.0,0.0,0.0,0.0,0.0,12.0,7.0,7.0,1.0,4.0,9.0,1.0,5.0,5.0,2.0,5.0,7.0,1.0,4.0,3.0,0.0
12455,1.0,0.0,0.0,0.0,0.0,0.0,12.0,7.0,7.0,1.0,4.0,9.0,1.0,5.0,5.0,2.0,5.0,7.0,1.0,4.0,3.0,19.0,12.0,72.0,-34.89333333333333,1.0,0.0,0.0,0.0,0.0,0.0,13.0,8.0,1.0,1.0,5.0,10.0,2.0,6.0,6.0,3.0,6.0,8.0,2.0,5.0,1.0,0.0
12456,1.0,0.0,0.0,0.0,0.0,0.0,13.0,8.0,1.0,1.0,5.0,10.0,2.0,6.0,6.0,3.0,6.0,8.0,2.0,5.0,1.0,3.0,34.0,51.0,-21.783333333333335,1.0,2.0,0.0,0.0,2.0,0.0,1.0,9.0,2.0,2.0,6.0,11.0,1.0,7.0,7.0,4.0,1.0,9.0,3.0,6.0,2.0,0.0
12457,1.0,2.0,0.0,0.0,2.0,0.0,1.0,9.0,2.0,2.0,6.0,11.0,1.0,7.0,7.0,4.0,1.0,9.0,3.0,6.0,2.0,25.0,8.0,5.0,-25.945,1.0,2.0,0.0,2.0,2.0,0.0,2.0,1.0,3.0,3.0,7.0,1.0,2.0,8.0,8.0,5.0,2.0,10.0,4.0,7.0,3.0,0.0
12458,1.0,2.0,0.0,2.0,2.0,0.0,2.0,1.0,3.0,3.0,7.0,1.0,2.0,8.0,8.0,5.0,2.0,10.0,4.0,7.0,3.0,39.0,42.0,17.0,-20.71833333333333,1.0,0.0,0.0,2.0,0.0,0.0,3.0,2.0,4.0,1.0,8.0,2.0,3.0,1.0,1.0,6.0,3.0,11.0,5.0,8.0,4.0,0.0
12459,1.0,0.0,0.0,2.0,0.0,0.0,3.0,2.0,4.0,1.0,8.0,2.0,3.0,1.0,1.0,6.0,3.0,11.0,5.0,8.0,4.0,67.0,49.0,55.0,-26.406666666666666,0.0,0.0,0.0,0.0,0.0,0.0,4.0,3.0,5.0,2.0,9.0,3.0,4.0,2.0,2.0,1.0,4.0,1.0,6.0,1.0,5.0,0.0
12460,0.0,0.0,0.0,0.0,0.0,0.0,4.0,3.0,5.0,2.0,9.0,3.0,4.0,2.0,2.0,1.0,4.0,1.0,6.0,1.0,5.0,62.0,24.0,21.0,-43.30166666666667,0.0,0.0,0.0,0.0,2.0,0.0,5.0,4.0,6.0,3.0,1.0,4.0,5.0,3.0,3.0,2.0,5.0,2.0,1.0,2.0,6.0,0.0
12461,0.0,0.0,0.0,0.0,2.0,0.0,5.0,4.0,6.0,3.0,1.0,4.0,5.0,3.0,3.0,2.0,5.0,2.0,1.0,2.0,6.0,51.0,34.0,24.0,-27.758333333333336,2.0,0.0,0.0,0.0,2.0,0.0,6.0,5.0,7.0,4.0,1.0,5.0,1.0,4.0,4.0,3.0,1.0,3.0,2.0,3.0,7.0,0.0
12462,2.0,0.0,0.0,0.0,2.0,0.0,6.0,5.0,7.0,4.0,1.0,5.0,1.0,4.0,4.0,3.0,1.0,3.0,2.0,3.0,7.0,46.0,12.0,72.0,-29.795,4.0,0.0,0.0,0.0,0.0,0.0,7.0,6.0,1.0,5.0,2.0,6.0,2.0,5.0,5.0,1.0,2.0,4.0,3.0,4.0,1.0,0.0
12463,4.0,0.0,0.0,0.0,0.0,0.0,7.0,6.0,1.0,5.0,2.0,6.0,2.0,5.0,5.0,1.0,2.0,4.0,3.0,4.0,1.0,39.0,12.0,21.0,-26.231666666666666,4.0,0.0,0.0,0.0,2.0,0.0,8.0,7.0,1.0,6.0,1.0,7.0,3.0,1.0,6.0,2.0,3.0,5.0,4.0,5.0,2.0,0.0
12464,4.0,0.0,0.0,0.0,2.0,0.0,8.0,7.0,1.0,6.0,1.0,7.0,3.0,1.0,6.0,2.0,3.0,5.0,4.0,5.0,2.0,39.0,34.0,26.0,-24.638333333333332,4.0,0.0,0.0,0.0,4.0,0.0,9.0,8.0,2.0,7.0,2.0,1.0,1.0,1.0,7.0,3.0,4.0,6.0,5.0,6.0,3.0,0.0
12465,4.0,0.0,0.0,0.0,4.0,0.0,9.0,8.0,2.0,7.0,2.0,1.0,1.0,1.0,7.0,3.0,4.0,6.0,5.0,6.0,3.0,0.0,12.0,17.0,-23.81833333333333,4.0,0.0,0.0,0.0,2.0,0.0,1.0,9.0,1.0,1.0,3.0,2.0,2.0,2.0,8.0,4.0,5.0,7.0,6.0,7.0,4.0,0.0
12466,4.0,0.0,0.0,0.0,2.0,0.0,1.0,9.0,1.0,1.0,3.0,2.0,2.0,2.0,8.0,4.0,5.0,7.0,6.0,7.0,4.0,62.0,58.0,5.0,-31.56666666666667,2.0,0.0,0.0,2.0,2.0,0.0,2.0,1.0,2.0,2.0,4.0,3.0,3.0,3.0,9.0,5.0,6.0,1.0,1.0,8.0,5.0,0.0
12467,2.0,0.0,0.0,2.0,2.0,0.0,2.0,1.0,2.0,2.0,4.0,3.0,3.0,3.0,9.0,5.0,6.0,1.0,1.0,8.0,5.0,67.0,42.0,17.0,-23.705,0.0,0.0,0.0,2.0,0.0,0.0,3.0,2.0,3.0,1.0,5.0,4.0,4.0,4.0,1.0,6.0,7.0,2.0,2.0,1.0,6.0,0.0
12468,0.0,0.0,0.0,2.0,0.0,0.0,3.0,2.0,3.0,1.0,5.0,4.0,4.0,4.0,1.0,6.0,7.0,2.0,2.0,1.0,6.0,9.0,49.0,72.0,-24.701666666666668,0.0,0.0,0.0,0.0,0.0,0.0,4.0,1.0,4.0,2.0,6.0,5.0,5.0,5.0,2.0,1.0,8.0,3.0,3.0,2.0,1.0,0.0
12469,0.0,0.0,0.0,0.0,0.0,0.0,4.0,1.0,4.0,2.0,6.0,5.0,5.0,5.0,2.0,1.0,8.0,3.0,3.0,2.0,1.0,39.0,34.0,54.0,-27.136666666666667,0.0,0.0,0.0,0.0,0.0,0.0,5.0,2.0,5.0,3.0,7.0,6.0,1.0,1.0,3.0,2.0,1.0,4.0,4.0,3.0,2.0,0.0
12470,0.0,0.0,0.0,0.0,0.0,0.0,5.0,2.0,5.0,3.0,7.0,6.0,1.0,1.0,3.0,2.0,1.0,4.0,4.0,3.0,2.0,0.0,24.0,21.0,-24.701666666666668,0.0,0.0,0.0,0.0,2.0,0.0,1.0,3.0,6.0,4.0,1.0,7.0,2.0,2.0,4.0,3.0,2.0,5.0,5.0,4.0,3.0,0.0
12471,0.0,0.0,0.0,0.0,2.0,0.0,1.0,3.0,6.0,4.0,1.0,7.0,2.0,2.0,4.0,3.0,2.0,5.0,5.0,4.0,3.0,62.0,34.0,12.0,-50.1,0.0,0.0,0.0,0.0,0.0,0.0,2.0,4.0,1.0,5.0,2.0,8.0,1.0,3.0,5.0,4.0,3.0,6.0,1.0,5.0,4.0,0.0
12472,0.0,0.0,0.0,0.0,0.0,0.0,2.0,4.0,1.0,5.0,2.0,8.0,1.0,3.0,5.0,4.0,3.0,6.0,1.0,5.0,4.0,39.0,66.0,27.0,-28.798333333333332,0.0,0.0,2.0,0.0,0.0,0.0,3.0,5.0,2.0,6.0,3.0,1.0,2.0,1.0,6.0,5.0,4.0,7.0,2.0,1.0,5.0,0.0
12473,0.0,0.0,2.0,0.0,0.0,0.0,3.0,5.0,2.0,6.0,3.0,1.0,2.0,1.0,6.0,5.0,4.0,7.0,2.0,1.0,5.0,46.0,12.0,17.0,-24.436666666666667,2.0,0.0,0.0,0.0,0.0,0.0,4.0,6.0,1.0,1.0,4.0,2.0,3.0,2.0,7.0,1.0,5.0,8.0,3.0,2.0,6.0,0.0
12474,2.0,0.0,0.0,0.0,0.0,0.0,4.0,6.0,1.0,1.0,4.0,2.0,3.0,2.0,7.0,1.0,5.0,8.0,3.0,2.0,6.0,39.0,74.0,72.0,-28.313333333333333,2.0,0.0,0.0,0.0,0.0,0.0,5.0,7.0,2.0,2.0,5.0,3.0,4.0,1.0,8.0,2.0,6.0,9.0,4.0,3.0,1.0,0.0
12475,2.0,0.0,0.0,0.0,0.0,0.0,5.0,7.0,2.0,2.0,5.0,3.0,4.0,1.0,8.0,2.0,6.0,9.0,4.0,3.0,1.0,0.0,34.0,9.0,-25.76666666666667,2.0,0.0,0.0,0.0,0.0,0.0,1.0,1.0,3.0,3.0,6.0,4.0,1.0,2.0,9.0,3.0,7.0,10.0,5.0,4.0,2.0,0.0
12476,2.0,0.0,0.0,0.0,0.0,0.0,1.0,1.0,3.0,3.0,6.0,4.0,1.0,2.0,9.0,3.0,7.0,10.0,5.0,4.0,2.0,67.0,42.0,18.0,-24.924999999999997,0.0,0.0,0.0,0.0,0.0,2.0,2.0,2.0,4.0,1.0,7.0,5.0,2.0,3.0,1.0,4.0,8.0,11.0,6.0,1.0,3.0,0.0
12477,0.0,0.0,0.0,0.0,0.0,2.0,2.0,2.0,4.0,1.0,7.0,5.0,2.0,3.0,1.0,4.0,8.0,11.0,6.0,1.0,3.0,9.0,67.0,55.0,-28.246666666666666,0.0,0.0,0.0,0.0,0.0,2.0,3.0,1.0,5.0,2.0,8.0,6.0,3.0,4.0,2.0,5.0,9.0,1.0,7.0,1.0,4.0,0.0
12478,0.0,0.0,0.0,0.0,0.0,2.0,3.0,1.0,5.0,2.0,8.0,6.0,3.0,4.0,2.0,5.0,9.0,1.0,7.0,1.0,4.0,4.0,45.0,47.0,-9.338333333333333,0.0,0.0,0.0,0.0,0.0,2.0,1.0,2.0,6.0,3.0,9.0,7.0,4.0,5.0,3.0,1.0,10.0,2.0,8.0,2.0,5.0,0.0
12479,0.0,0.0,0.0,0.0,0.0,2.0,1.0,2.0,6.0,3.0,9.0,7.0,4.0,5.0,3.0,1.0,10.0,2.0,8.0,2.0,5.0,4.0,42.0,54.0,-21.65,0.0,0.0,0.0,0.0,0.0,0.0,1.0,3.0,7.0,4.0,10.0,8.0,5.0,6.0,1.0,2.0,1.0,3.0,9.0,3.0,6.0,0.0
12480,0.0,0.0,0.0,0.0,0.0,0.0,1.0,3.0,7.0,4.0,10.0,8.0,5.0,6.0,1.0,2.0,1.0,3.0,9.0,3.0,6.0,62.0,24.0,21.0,-44.16833333333334,0.0,0.0,0.0,0.0,2.0,0.0,2.0,4.0,8.0,5.0,1.0,9.0,6.0,7.0,2.0,3.0,2.0,4.0,1.0,4.0,7.0,0.0
12481,0.0,0.0,0.0,0.0,2.0,0.0,2.0,4.0,8.0,5.0,1.0,9.0,6.0,7.0,2.0,3.0,2.0,4.0,1.0,4.0,7.0,71.0,34.0,10.0,-37.10333333333333,2.0,0.0,0.0,0.0,2.0,0.0,3.0,5.0,1.0,6.0,2.0,10.0,1.0,8.0,3.0,4.0,3.0,5.0,2.0,5.0,1.0,0.0
12482,2.0,0.0,0.0,0.0,2.0,0.0,3.0,5.0,1.0,6.0,2.0,10.0,1.0,8.0,3.0,4.0,3.0,5.0,2.0,5.0,1.0,39.0,15.0,27.0,-25.963333333333335,2.0,0.0,0.0,0.0,0.0,0.0,4.0,6.0,2.0,1.0,3.0,1.0,2.0,1.0,4.0,5.0,4.0,6.0,3.0,6.0,2.0,0.0
12483,2.0,0.0,0.0,0.0,0.0,0.0,4.0,6.0,2.0,1.0,3.0,1.0,2.0,1.0,4.0,5.0,4.0,6.0,3.0,6.0,2.0,67.0,12.0,47.0,-26.87166666666667,0.0,0.0,0.0,0.0,0.0,0.0,5.0,7.0,1.0,2.0,4.0,2.0,3.0,2.0,5.0,1.0,5.0,7.0,4.0,1.0,3.0,0.0
12484,0.0,0.0,0.0,0.0,0.0,0.0,5.0,7.0,1.0,2.0,4.0,2.0,3.0,2.0,5.0,1.0,5.0,7.0,4.0,1.0,3.0,0.0,6.0,9.0,-18.391666666666666,0.0,0.0,2.0,0.0,0.0,0.0,1.0,1.0,2.0,3.0,5.0,3.0,4.0,3.0,6.0,2.0,6.0,8.0,5.0,2.0,4.0,0.0
12485,0.0,0.0,2.0,0.0,0.0,0.0,1.0,1.0,2.0,3.0,5.0,3.0,4.0,3.0,6.0,2.0,6.0,8.0,5.0,2.0,4.0,39.0,42.0,55.0,-32.51833333333333,0.0,0.0,0.0,0.0,0.0,0.0,2.0,2.0,3.0,4.0,6.0,4.0,5.0,1.0,1.0,3.0,7.0,1.0,6.0,3.0,5.0,0.0
12486,0.0,0.0,0.0,0.0,0.0,0.0,2.0,2.0,3.0,4.0,6.0,4.0,5.0,1.0,1.0,3.0,7.0,1.0,6.0,3.0,5.0,79.0,54.0,79.0,-9.181666666666665,0.0,0.0,0.0,0.0,0.0,0.0,3.0,3.0,4.0,5.0,7.0,5.0,6.0,2.0,2.0,4.0,1.0,2.0,7.0,4.0,6.0,0.0
12487,0.0,0.0,0.0,0.0,0.0,0.0,3.0,3.0,4.0,5.0,7.0,5.0,6.0,2.0,2.0,4.0,1.0,2.0,7.0,4.0,6.0,62.0,24.0,47.0,-37.96666666666667,0.0,0.0,0.0,0.0,0.0,0.0,4.0,4.0,5.0,6.0,1.0,6.0,7.0,3.0,3.0,1.0,2.0,3.0,1.0,5.0,7.0,0.0
12488,0.0,0.0,0.0,0.0,0.0,0.0,4.0,4.0,5.0,6.0,1.0,6.0,7.0,3.0,3.0,1.0,2.0,3.0,1.0,5.0,7.0,79.0,34.0,24.0,-28.823333333333334,0.0,0.0,0.0,0.0,0.0,0.0,5.0,5.0,6.0,7.0,1.0,7.0,1.0,4.0,4.0,2.0,3.0,4.0,2.0,6.0,8.0,0.0
12489,0.0,0.0,0.0,0.0,0.0,0.0,5.0,5.0,6.0,7.0,1.0,7.0,1.0,4.0,4.0,2.0,3.0,4.0,2.0,6.0,8.0,0.0,74.0,47.0,-18.903333333333332,0.0,0.0,0.0,0.0,0.0,0.0,1.0,6.0,7.0,8.0,2.0,8.0,2.0,5.0,5.0,1.0,4.0,5.0,3.0,7.0,1.0,0.0
12490,0.0,0.0,0.0,0.0,0.0,0.0,1.0,6.0,7.0,8.0,2.0,8.0,2.0,5.0,5.0,1.0,4.0,5.0,3.0,7.0,1.0,20.0,66.0,27.0,-35.2,0.0,0.0,2.0,0.0,0.0,0.0,2.0,7.0,8.0,9.0,1.0,1.0,3.0,6.0,6.0,2.0,5.0,6.0,4.0,1.0,2.0,0.0
12491,0.0,0.0,2.0,0.0,0.0,0.0,2.0,7.0,8.0,9.0,1.0,1.0,3.0,6.0,6.0,2.0,5.0,6.0,4.0,1.0,2.0,6.0,12.0,17.0,-27.470000000000002,2.0,0.0,0.0,0.0,0.0,0.0,3.0,1.0,1.0,1.0,2.0,2.0,4.0,7.0,7.0,3.0,6.0,7.0,5.0,2.0,3.0,0.0
12492,2.0,0.0,0.0,0.0,0.0,0.0,3.0,1.0,1.0,1.0,2.0,2.0,4.0,7.0,7.0,3.0,6.0,7.0,5.0,2.0,3.0,39.0,42.0,62.0,-36.65833333333334,2.0,0.0,0.0,0.0,0.0,0.0,4.0,2.0,2.0,2.0,3.0,3.0,5.0,1.0,1.0,4.0,7.0,8.0,1.0,3.0,4.0,0.0
12493,2.0,0.0,0.0,0.0,0.0,0.0,4.0,2.0,2.0,2.0,3.0,3.0,5.0,1.0,1.0,4.0,7.0,8.0,1.0,3.0,4.0,54.0,34.0,47.0,-21.556666666666665,2.0,0.0,0.0,0.0,0.0,0.0,5.0,3.0,3.0,3.0,4.0,4.0,1.0,2.0,2.0,1.0,1.0,9.0,2.0,4.0,5.0,0.0
12494,2.0,0.0,0.0,0.0,0.0,0.0,5.0,3.0,3.0,3.0,4.0,4.0,1.0,2.0,2.0,1.0,1.0,9.0,2.0,4.0,5.0,12.0,74.0,47.0,-29.861666666666668,0.0,0.0,0.0,0.0,0.0,0.0,6.0,4.0,1.0,4.0,5.0,5.0,2.0,3.0,3.0,1.0,2.0,10.0,3.0,5.0,1.0,0.0
12495,0.0,0.0,0.0,0.0,0.0,0.0,6.0,4.0,1.0,4.0,5.0,5.0,2.0,3.0,3.0,1.0,2.0,10.0,3.0,5.0,1.0,39.0,55.0,55.0,-35.42,0.0,0.0,0.0,0.0,0.0,0.0,7.0,5.0,2.0,5.0,6.0,6.0,3.0,1.0,4.0,2.0,3.0,1.0,4.0,6.0,2.0,0.0
12496,0.0,0.0,0.0,0.0,0.0,0.0,7.0,5.0,2.0,5.0,6.0,6.0,3.0,1.0,4.0,2.0,3.0,1.0,4.0,6.0,2.0,0.0,24.0,47.0,-19.3,0.0,0.0,0.0,0.0,0.0,0.0,1.0,6.0,3.0,6.0,1.0,7.0,4.0,2.0,5.0,1.0,4.0,2.0,5.0,7.0,3.0,0.0
12497,0.0,0.0,0.0,0.0,0.0,0.0,1.0,6.0,3.0,6.0,1.0,7.0,4.0,2.0,5.0,1.0,4.0,2.0,5.0,7.0,3.0,6.0,42.0,5.0,-27.316666666666666,2.0,0.0,0.0,0.0,0.0,0.0,2.0,1.0,4.0,7.0,2.0,8.0,5.0,3.0,1.0,2.0,5.0,3.0,6.0,8.0,4.0,0.0
12498,2.0,0.0,0.0,0.0,0.0,0.0,2.0,1.0,4.0,7.0,2.0,8.0,5.0,3.0,1.0,2.0,5.0,3.0,6.0,8.0,4.0,67.0,42.0,54.0,-27.38333333333333,0.0,0.0,0.0,0.0,0.0,0.0,3.0,2.0,5.0,8.0,3.0,9.0,6.0,4.0,1.0,3.0,1.0,4.0,7.0,1.0,5.0,0.0
12499,0.0,0.0,0.0,0.0,0.0,0.0,3.0,2.0,5.0,8.0,3.0,9.0,6.0,4.0,1.0,3.0,1.0,4.0,7.0,1.0,5.0,39.0,42.0,62.0,-40.75833333333333,0.0,0.0,0.0,0.0,0.0,0.0,4.0,3.0,6.0,9.0,4.0,10.0,7.0,1.0,1.0,4.0,2.0,5.0,1.0,2.0,6.0,1.0
12500,7.0,4.0,1.0,5.0,8.0,3.0,1.0,1.0,1.0,1.0,1.0,1.0,1.0,1.0,1.0,1.0,1.0,1.0,1.0,1.0,1.0,6.0,24.0,12.0,-12.185000000000002,9.0,4.0,1.0,3.0,6.0,3.0,2.0,1.0,1.0,2.0,1.0,2.0,2.0,2.0,2.0,2.0,2.0,2.0,2.0,2.0,2.0,0.0
12501,9.0,4.0,1.0,3.0,6.0,3.0,2.0,1.0,1.0,2.0,1.0,2.0,2.0,2.0,2.0,2.0,2.0,2.0,2.0,2.0,2.0,67.0,53.0,47.0,-5.81,7.0,4.0,1.0,5.0,4.0,3.0,3.0,2.0,2.0,3.0,2.0,3.0,3.0,3.0,3.0,1.0,1.0,3.0,3.0,1.0,3.0,0.0
12502,7.0,4.0,1.0,5.0,4.0,3.0,3.0,2.0,2.0,3.0,2.0,3.0,3.0,3.0,3.0,1.0,1.0,3.0,3.0,1.0,3.0,6.0,42.0,47.0,-7.805,9.0,4.0,0.0,5.0,2.0,3.0,4.0,1.0,3.0,4.0,3.0,4.0,4.0,4.0,1.0,1.0,2.0,4.0,4.0,2.0,4.0,0.0
12503,9.0,4.0,0.0,5.0,2.0,3.0,4.0,1.0,3.0,4.0,3.0,4.0,4.0,4.0,1.0,1.0,2.0,4.0,4.0,2.0,4.0,32.0,17.0,47.0,-6.81,7.0,4.0,0.0,5.0,0.0,3.0,5.0,2.0,4.0,1.0,4.0,5.0,1.0,5.0,2.0,1.0,3.0,5.0,5.0,3.0,5.0,0.0
12504,7.0,4.0,0.0,5.0,0.0,3.0,5.0,2.0,4.0,1.0,4.0,5.0,1.0,5.0,2.0,1.0,3.0,5.0,5.0,3.0,5.0,39.0,53.0,47.0,-9.07,7.0,2.0,0.0,7.0,0.0,3.0,6.0,3.0,5.0,2.0,5.0,6.0,2.0,1.0,3.0,1.0,1.0,6.0,6.0,4.0,6.0,0.0
12505,7.0,2.0,0.0,7.0,0.0,3.0,6.0,3.0,5.0,2.0,5.0,6.0,2.0,1.0,3.0,1.0,1.0,6.0,6.0,4.0,6.0,67.0,42.0,47.0,-9.226666666666667,5.0,2.0,0.0,7.0,0.0,3.0,7.0,4.0,6.0,3.0,6.0,7.0,3.0,2.0,1.0,1.0,2.0,7.0,7.0,1.0,7.0,0.0
12506,5.0,2.0,0.0,7.0,0.0,3.0,7.0,4.0,6.0,3.0,6.0,7.0,3.0,2.0,1.0,1.0,2.0,7.0,7.0,1.0,7.0,39.0,24.0,47.0,-13.656666666666666,5.0,0.0,0.0,5.0,0.0,3.0,8.0,5.0,7.0,4.0,1.0,8.0,4.0,1.0,2.0,1.0,3.0,8.0,8.0,2.0,8.0,0.0
12507,5.0,0.0,0.0,5.0,0.0,3.0,8.0,5.0,7.0,4.0,1.0,8.0,4.0,1.0,2.0,1.0,3.0,8.0,8.0,2.0,8.0,6.0,0.0,47.0,-10.313333333333333,7.0,0.0,0.0,5.0,0.0,3.0,1.0,1.0,8.0,5.0,2.0,9.0,5.0,2.0,3.0,1.0,4.0,9.0,9.0,3.0,9.0,0.0
12508,7.0,0.0,0.0,5.0,0.0,3.0,1.0,1.0,8.0,5.0,2.0,9.0,5.0,2.0,3.0,1.0,4.0,9.0,9.0,3.0,9.0,6.0,17.0,12.0,-14.875,9.0,0.0,0.0,5.0,0.0,3.0,2.0,1.0,1.0,1.0,3.0,10.0,6.0,3.0,4.0,2.0,5.0,10.0,10.0,4.0,10.0,0.0
12509,9.0,0.0,0.0,5.0,0.0,3.0,2.0,1.0,1.0,1.0,3.0,10.0,6.0,3.0,4.0,2.0,5.0,10.0,10.0,4.0,10.0,30.0,42.0,47.0,-9.34,9.0,0.0,0.0,5.0,0.0,3.0,3.0,2.0,2.0,2.0,4.0,11.0,1.0,4.0,1.0,1.0,6.0,11.0,11.0,5.0,11.0,0.0
12510,9.0,0.0,0.0,5.0,0.0,3.0,3.0,2.0,2.0,2.0,4.0,11.0,1.0,4.0,1.0,1.0,6.0,11.0,11.0,5.0,11.0,30.0,0.0,47.0,-10.781666666666666,9.0,0.0,0.0,5.0,0.0,3.0,1.0,3.0,3.0,3.0,5.0,12.0,1.0,5.0,2.0,1.0,7.0,12.0,12.0,6.0,12.0,0.0
12511,9.0,0.0,0.0,5.0,0.0,3.0,1.0,3.0,3.0,3.0,5.0,12.0,1.0,5.0,2.0,1.0,7.0,12.0,12.0,6.0,12.0,30.0,0.0,47.0,-11.581666666666667,9.0,0.0,0.0,5.0,0.0,3.0,1.0,4.0,4.0,4.0,6.0,13.0,1.0,6.0,3.0,1.0,8.0,13.0,13.0,7.0,13.0,0.0
12512,9.0,0.0,0.0,5.0,0.0,3.0,1.0,4.0,4.0,4.0,6.0,13.0,1.0,6.0,3.0,1.0,8.0,13.0,13.0,7.0,13.0,30.0,0.0,47.0,-12.381666666666666,9.0,0.0,0.0,5.0,0.0,3.0,1.0,5.0,5.0,5.0,7.0,14.0,1.0,7.0,4.0,1.0,9.0,14.0,14.0,8.0,14.0,0.0
12513,9.0,0.0,0.0,5.0,0.0,3.0,1.0,5.0,5.0,5.0,7.0,14.0,1.0,7.0,4.0,1.0,9.0,14.0,14.0,8.0,14.0,30.0,0.0,47.0,-13.181666666666665,9.0,0.0,0.0,5.0,0.0,3.0,1.0,6.0,6.0,6.0,8.0,15.0,1.0,8.0,5.0,1.0,10.0,15.0,15.0,9.0,15.0,0.0
12514,9.0,0.0,0.0,5.0,0.0,3.0,1.0,6.0,6.0,6.0,8.0,15.0,1.0,8.0,5.0,1.0,10.0,15.0,15.0,9.0,15.0,39.0,0.0,47.0,-14.91,9.0,0.0,0.0,5.0,0.0,3.0,1.0,7.0,7.0,7.0,9.0,16.0,2.0,1.0,6.0,1.0,11.0,16.0,16.0,10.0,16.0,0.0
12515,9.0,0.0,0.0,5.0,0.0,3.0,1.0,7.0,7.0,7.0,9.0,16.0,2.0,1.0,6.0,1.0,11.0,16.0,16.0,10.0,16.0,30.0,67.0,47.0,-13.648333333333333,9.0,0.0,0.0,5.0,0.0,3.0,2.0,8.0,8.0,8.0,10.0,17.0,1.0,2.0,7.0,1.0,12.0,17.0,17.0,1.0,17.0,0.0
12516,9.0,0.0,0.0,5.0,0.0,3.0,2.0,8.0,8.0,8.0,10.0,17.0,1.0,2.0,7.0,1.0,12.0,17.0,17.0,1.0,17.0,6.0,29.0,12.0,-27.638333333333332,9.0,0.0,0.0,3.0,0.0,3.0,3.0,1.0,1.0,9.0,11.0,1.0,2.0,3.0,8.0,2.0,13.0,18.0,18.0,2.0,18.0,0.0
12517,9.0,0.0,0.0,3.0,0.0,3.0,3.0,1.0,1.0,9.0,11.0,1.0,2.0,3.0,8.0,2.0,13.0,18.0,18.0,2.0,18.0,39.0,0.0,62.0,-25.798333333333332,9.0,0.0,0.0,3.0,0.0,3.0,1.0,2.0,2.0,10.0,12.0,2.0,3.0,1.0,9.0,3.0,14.0,19.0,1.0,3.0,19.0,0.0
12518,9.0,0.0,0.0,3.0,0.0,3.0,1.0,2.0,2.0,10.0,12.0,2.0,3.0,1.0,9.0,3.0,14.0,19.0,1.0,3.0,19.0,12.0,74.0,62.0,-37.73166666666666,7.0,0.0,0.0,1.0,0.0,3.0,2.0,3.0,1.0,11.0,13.0,3.0,4.0,2.0,10.0,4.0,15.0,20.0,1.0,4.0,1.0,0.0
12519,7.0,0.0,0.0,1.0,0.0,3.0,2.0,3.0,1.0,11.0,13.0,3.0,4.0,2.0,10.0,4.0,15.0,20.0,1.0,4.0,1.0,31.0,55.0,55.0,-22.096666666666668,9.0,0.0,0.0,1.0,0.0,3.0,3.0,4.0,2.0,12.0,14.0,4.0,1.0,3.0,11.0,5.0,16.0,1.0,2.0,5.0,2.0,0.0
12520,9.0,0.0,0.0,1.0,0.0,3.0,3.0,4.0,2.0,12.0,14.0,4.0,1.0,3.0,11.0,5.0,16.0,1.0,2.0,5.0,2.0,79.0,24.0,27.0,-27.78666666666667,9.0,0.0,0.0,0.0,0.0,3.0,4.0,5.0,3.0,13.0,1.0,1.0,2.0,4.0,12.0,6.0,17.0,2.0,3.0,6.0,3.0,0.0
12521,9.0,0.0,0.0,0.0,0.0,3.0,4.0,5.0,3.0,13.0,1.0,1.0,2.0,4.0,12.0,6.0,17.0,2.0,3.0,6.0,3.0,17.0,36.0,27.0,-30.066666666666663,7.0,0.0,2.0,0.0,0.0,3.0,5.0,6.0,4.0,1.0,2.0,1.0,3.0,1.0,13.0,7.0,18.0,3.0,4.0,7.0,4.0,0.0
12522,7.0,0.0,2.0,0.0,0.0,3.0,5.0,6.0,4.0,1.0,2.0,1.0,3.0,1.0,13.0,7.0,18.0,3.0,4.0,7.0,4.0,54.0,53.0,26.0,-16.78,7.0,0.0,2.0,2.0,2.0,3.0,6.0,7.0,5.0,2.0,3.0,1.0,4.0,2.0,14.0,8.0,1.0,4.0,5.0,8.0,5.0,0.0
12523,7.0,0.0,2.0,2.0,2.0,3.0,6.0,7.0,5.0,2.0,3.0,1.0,4.0,2.0,14.0,8.0,1.0,4.0,5.0,8.0,5.0,12.0,42.0,42.0,-24.263333333333332,5.0,0.0,0.0,2.0,0.0,3.0,7.0,8.0,1.0,3.0,4.0,2.0,5.0,3.0,1.0,9.0,2.0,5.0,6.0,9.0,6.0,0.0
12524,5.0,0.0,0.0,2.0,0.0,3.0,7.0,8.0,1.0,3.0,4.0,2.0,5.0,3.0,1.0,9.0,2.0,5.0,6.0,9.0,6.0,67.0,49.0,47.0,-12.128333333333334,3.0,0.0,0.0,0.0,0.0,3.0,8.0,9.0,2.0,4.0,5.0,3.0,6.0,4.0,2.0,1.0,3.0,6.0,7.0,1.0,7.0,0.0
12525,3.0,0.0,0.0,0.0,0.0,3.0,8.0,9.0,2.0,4.0,5.0,3.0,6.0,4.0,2.0,1.0,3.0,6.0,7.0,1.0,7.0,39.0,0.0,9.0,-15.448333333333334,3.0,0.0,0.0,0.0,0.0,1.0,1.0,1.0,3.0,5.0,6.0,4.0,7.0,1.0,3.0,2.0,4.0,7.0,8.0,2.0,8.0,0.0
12526,3.0,0.0,0.0,0.0,0.0,1.0,1.0,1.0,3.0,5.0,6.0,4.0,7.0,1.0,3.0,2.0,4.0,7.0,8.0,2.0,8.0,31.0,0.0,62.0,-26.851666666666667,5.0,0.0,0.0,0.0,0.0,1.0,1.0,2.0,4.0,6.0,7.0,5.0,1.0,2.0,4.0,3.0,5.0,8.0,1.0,3.0,9.0,0.0
12527,5.0,0.0,0.0,0.0,0.0,1.0,1.0,2.0,4.0,6.0,7.0,5.0,1.0,2.0,4.0,3.0,5.0,8.0,1.0,3.0,9.0,67.0,3.0,27.0,-23.376666666666665,3.0,0.0,0.0,2.0,0.0,1.0,1.0,3.0,5.0,7.0,8.0,1.0,2.0,3.0,5.0,4.0,6.0,9.0,2.0,1.0,10.0,0.0
12528,3.0,0.0,0.0,2.0,0.0,1.0,1.0,3.0,5.0,7.0,8.0,1.0,2.0,3.0,5.0,4.0,6.0,9.0,2.0,1.0,10.0,79.0,73.0,62.0,-26.211666666666666,3.0,0.0,0.0,4.0,0.0,1.0,2.0,4.0,6.0,8.0,9.0,2.0,3.0,4.0,6.0,5.0,7.0,10.0,1.0,2.0,1.0,0.0
12529,3.0,0.0,0.0,4.0,0.0,1.0,2.0,4.0,6.0,8.0,9.0,2.0,3.0,4.0,6.0,5.0,7.0,10.0,1.0,2.0,1.0,79.0,55.0,27.0,-21.606666666666662,3.0,0.0,0.0,4.0,0.0,1.0,3.0,5.0,7.0,9.0,10.0,1.0,4.0,5.0,7.0,6.0,8.0,1.0,2.0,3.0,2.0,0.0
12530,3.0,0.0,0.0,4.0,0.0,1.0,3.0,5.0,7.0,9.0,10.0,1.0,4.0,5.0,7.0,6.0,8.0,1.0,2.0,3.0,2.0,79.0,24.0,27.0,-26.83333333333333,3.0,0.0,0.0,2.0,0.0,1.0,4.0,6.0,8.0,10.0,1.0,1.0,5.0,6.0,8.0,7.0,9.0,2.0,3.0,4.0,3.0,0.0
12531,3.0,0.0,0.0,2.0,0.0,1.0,4.0,6.0,8.0,10.0,1.0,1.0,5.0,6.0,8.0,7.0,9.0,2.0,3.0,4.0,3.0,79.0,42.0,6.0,-15.894999999999996,3.0,0.0,0.0,2.0,2.0,1.0,5.0,1.0,9.0,11.0,2.0,2.0,6.0,7.0,1.0,8.0,10.0,3.0,4.0,5.0,4.0,0.0
12532,3.0,0.0,0.0,2.0,2.0,1.0,5.0,1.0,9.0,11.0,2.0,2.0,6.0,7.0,1.0,8.0,10.0,3.0,4.0,5.0,4.0,32.0,0.0,54.0,-19.99,1.0,0.0,0.0,2.0,2.0,0.0,1.0,2.0,10.0,12.0,3.0,3.0,1.0,8.0,2.0,9.0,1.0,4.0,5.0,6.0,5.0,0.0
12533,1.0,0.0,0.0,2.0,2.0,0.0,1.0,2.0,10.0,12.0,3.0,3.0,1.0,8.0,2.0,9.0,1.0,4.0,5.0,6.0,5.0,39.0,12.0,27.0,-32.144999999999996,1.0,0.0,0.0,2.0,0.0,0.0,2.0,3.0,1.0,13.0,4.0,1.0,2.0,1.0,3.0,10.0,2.0,5.0,6.0,7.0,6.0,0.0
12534,1.0,0.0,0.0,2.0,0.0,0.0,2.0,3.0,1.0,13.0,4.0,1.0,2.0,1.0,3.0,10.0,2.0,5.0,6.0,7.0,6.0,17.0,74.0,27.0,-34.601666666666674,0.0,0.0,0.0,0.0,0.0,0.0,3.0,4.0,2.0,1.0,5.0,1.0,3.0,2.0,4.0,11.0,3.0,6.0,7.0,8.0,1.0,0.0
12535,0.0,0.0,0.0,0.0,0.0,0.0,3.0,4.0,2.0,1.0,5.0,1.0,3.0,2.0,4.0,11.0,3.0,6.0,7.0,8.0,1.0,67.0,49.0,49.0,-16.044999999999998,0.0,0.0,0.0,0.0,0.0,0.0,4.0,5.0,3.0,2.0,6.0,2.0,4.0,3.0,5.0,1.0,4.0,7.0,8.0,1.0,2.0,0.0
12536,0.0,0.0,0.0,0.0,0.0,0.0,4.0,5.0,3.0,2.0,6.0,2.0,4.0,3.0,5.0,1.0,4.0,7.0,8.0,1.0,2.0,39.0,0.0,9.0,-19.965,0.0,0.0,0.0,0.0,0.0,0.0,1.0,1.0,4.0,3.0,7.0,3.0,5.0,1.0,6.0,2.0,5.0,8.0,9.0,2.0,3.0,0.0
12537,0.0,0.0,0.0,0.0,0.0,0.0,1.0,1.0,4.0,3.0,7.0,3.0,5.0,1.0,6.0,2.0,5.0,8.0,9.0,2.0,3.0,31.0,42.0,55.0,-34.733333333333334,2.0,0.0,0.0,0.0,0.0,0.0,2.0,2.0,5.0,4.0,8.0,4.0,1.0,2.0,1.0,3.0,6.0,1.0,10.0,3.0,4.0,0.0
12538,2.0,0.0,0.0,0.0,0.0,0.0,2.0,2.0,5.0,4.0,8.0,4.0,1.0,2.0,1.0,3.0,6.0,1.0,10.0,3.0,4.0,4.0,0.0,54.0,-11.485,2.0,0.0,0.0,0.0,0.0,0.0,1.0,3.0,6.0,5.0,9.0,5.0,2.0,3.0,2.0,4.0,1.0,2.0,11.0,4.0,5.0,0.0
12539,2.0,0.0,0.0,0.0,0.0,0.0,1.0,3.0,6.0,5.0,9.0,5.0,2.0,3.0,2.0,4.0,1.0,2.0,11.0,4.0,5.0,5.0,0.0,55.0,-24.020000000000003,2.0,0.0,0.0,0.0,0.0,0.0,1.0,1.0,7.0,6.0,10.0,6.0,3.0,4.0,3.0,5.0,2.0,1.0,12.0,5.0,6.0,0.0
12540,2.0,0.0,0.0,0.0,0.0,0.0,1.0,1.0,7.0,6.0,10.0,6.0,3.0,4.0,3.0,5.0,2.0,1.0,12.0,5.0,6.0,39.0,0.0,69.0,-17.533333333333335,2.0,0.0,0.0,0.0,0.0,0.0,1.0,2.0,8.0,7.0,11.0,7.0,4.0,1.0,4.0,6.0,3.0,2.0,13.0,1.0,7.0,0.0
12541,2.0,0.0,0.0,0.0,0.0,0.0,1.0,2.0,8.0,7.0,11.0,7.0,4.0,1.0,4.0,6.0,3.0,2.0,13.0,1.0,7.0,14.0,0.0,12.0,-30.798333333333332,2.0,0.0,0.0,0.0,0.0,0.0,1.0,3.0,1.0,8.0,12.0,8.0,5.0,2.0,5.0,7.0,4.0,3.0,14.0,2.0,8.0,0.0
12542,2.0,0.0,0.0,0.0,0.0,0.0,1.0,3.0,1.0,8.0,12.0,8.0,5.0,2.0,5.0,7.0,4.0,3.0,14.0,2.0,8.0,2.0,0.0,21.0,-16.98166666666667,0.0,0.0,0.0,0.0,2.0,0.0,1.0,4.0,2.0,9.0,1.0,9.0,6.0,3.0,6.0,8.0,5.0,4.0,15.0,3.0,9.0,0.0
12543,0.0,0.0,0.0,0.0,2.0,0.0,1.0,4.0,2.0,9.0,1.0,9.0,6.0,3.0,6.0,8.0,5.0,4.0,15.0,3.0,9.0,39.0,0.0,62.0,-33.3,0.0,0.0,0.0,0.0,0.0,0.0,1.0,5.0,3.0,10.0,2.0,10.0,7.0,1.0,7.0,9.0,6.0,5.0,1.0,4.0,10.0,0.0
12544,0.0,0.0,0.0,0.0,0.0,0.0,1.0,5.0,3.0,10.0,2.0,10.0,7.0,1.0,7.0,9.0,6.0,5.0,1.0,4.0,10.0,73.0,74.0,35.0,-28.60666666666667,0.0,2.0,0.0,0.0,0.0,0.0,2.0,6.0,4.0,11.0,3.0,11.0,8.0,1.0,8.0,10.0,7.0,6.0,2.0,5.0,1.0,0.0
12545,0.0,2.0,0.0,0.0,0.0,0.0,2.0,6.0,4.0,11.0,3.0,11.0,8.0,1.0,8.0,10.0,7.0,6.0,2.0,5.0,1.0,31.0,52.0,27.0,-31.903333333333332,2.0,2.0,0.0,0.0,0.0,0.0,3.0,7.0,5.0,12.0,4.0,1.0,1.0,2.0,9.0,11.0,1.0,7.0,3.0,6.0,2.0,0.0
12546,2.0,2.0,0.0,0.0,0.0,0.0,3.0,7.0,5.0,12.0,4.0,1.0,1.0,2.0,9.0,11.0,1.0,7.0,3.0,6.0,2.0,17.0,12.0,27.0,-34.803333333333335,0.0,2.0,0.0,0.0,0.0,0.0,4.0,8.0,1.0,1.0,5.0,1.0,2.0,3.0,10.0,12.0,2.0,8.0,4.0,7.0,3.0,0.0
12547,0.0,2.0,0.0,0.0,0.0,0.0,4.0,8.0,1.0,1.0,5.0,1.0,2.0,3.0,10.0,12.0,2.0,8.0,4.0,7.0,3.0,67.0,49.0,43.0,-17.905,0.0,2.0,0.0,0.0,0.0,2.0,5.0,9.0,2.0,2.0,6.0,2.0,3.0,4.0,1.0,1.0,3.0,9.0,5.0,1.0,4.0,0.0
12548,0.0,2.0,0.0,0.0,0.0,2.0,5.0,9.0,2.0,2.0,6.0,2.0,3.0,4.0,1.0,1.0,3.0,9.0,5.0,1.0,4.0,39.0,0.0,9.0,-19.565,0.0,0.0,0.0,0.0,0.0,0.0,1.0,1.0,3.0,3.0,7.0,3.0,4.0,1.0,2.0,2.0,4.0,10.0,6.0,2.0,5.0,0.0
12549,0.0,0.0,0.0,0.0,0.0,0.0,1.0,1.0,3.0,3.0,7.0,3.0,4.0,1.0,2.0,2.0,4.0,10.0,6.0,2.0,5.0,31.0,0.0,55.0,-26.075000000000003,2.0,0.0,0.0,0.0,0.0,0.0,1.0,2.0,4.0,4.0,8.0,4.0,1.0,2.0,3.0,3.0,5.0,1.0,7.0,3.0,6.0,0.0
12550,2.0,0.0,0.0,0.0,0.0,0.0,1.0,2.0,4.0,4.0,8.0,4.0,1.0,2.0,3.0,3.0,5.0,1.0,7.0,3.0,6.0,14.0,0.0,54.0,-20.98333333333333,2.0,0.0,0.0,0.0,0.0,0.0,1.0,3.0,1.0,5.0,9.0,5.0,2.0,3.0,4.0,4.0,1.0,2.0,8.0,4.0,7.0,0.0
12551,2.0,0.0,0.0,0.0,0.0,0.0,1.0,3.0,1.0,5.0,9.0,5.0,2.0,3.0,4.0,4.0,1.0,2.0,8.0,4.0,7.0,25.0,0.0,21.0,-23.153333333333332,2.0,0.0,0.0,0.0,2.0,0.0,1.0,4.0,2.0,6.0,1.0,1.0,3.0,4.0,5.0,5.0,2.0,3.0,9.0,5.0,8.0,0.0
12552,2.0,0.0,0.0,0.0,2.0,0.0,1.0,4.0,2.0,6.0,1.0,1.0,3.0,4.0,5.0,5.0,2.0,3.0,9.0,5.0,8.0,39.0,0.0,6.0,-10.998333333333333,2.0,0.0,0.0,0.0,4.0,0.0,1.0,1.0,3.0,7.0,2.0,2.0,4.0,1.0,6.0,6.0,3.0,4.0,10.0,6.0,9.0,0.0
12553,2.0,0.0,0.0,0.0,4.0,0.0,1.0,1.0,3.0,7.0,2.0,2.0,4.0,1.0,6.0,6.0,3.0,4.0,10.0,6.0,9.0,67.0,0.0,34.0,-18.394999999999996,0.0,0.0,0.0,0.0,4.0,0.0,1.0,2.0,4.0,8.0,3.0,3.0,1.0,2.0,7.0,7.0,4.0,5.0,11.0,1.0,10.0,0.0
12554,0.0,0.0,0.0,0.0,4.0,0.0,1.0,2.0,4.0,8.0,3.0,3.0,1.0,2.0,7.0,7.0,4.0,5.0,11.0,1.0,10.0,39.0,0.0,47.0,-14.078333333333333,0.0,0.0,0.0,0.0,2.0,0.0,1.0,3.0,5.0,9.0,4.0,4.0,2.0,1.0,8.0,1.0,5.0,6.0,12.0,2.0,11.0,0.0
12555,0.0,0.0,0.0,0.0,2.0,0.0,1.0,3.0,5.0,9.0,4.0,4.0,2.0,1.0,8.0,1.0,5.0,6.0,12.0,2.0,11.0,6.0,42.0,54.0,-23.001666666666665,2.0,0.0,0.0,0.0,2.0,0.0,2.0,1.0,6.0,10.0,5.0,5.0,3.0,2.0,1.0,2.0,1.0,7.0,13.0,3.0,12.0,0.0
12556,2.0,0.0,0.0,0.0,2.0,0.0,2.0,1.0,6.0,10.0,5.0,5.0,3.0,2.0,1.0,2.0,1.0,7.0,13.0,3.0,12.0,39.0,0.0,55.0,-22.493333333333336,2.0,0.0,0.0,0.0,2.0,0.0,1.0,2.0,7.0,11.0,6.0,6.0,4.0,1.0,2.0,3.0,2.0,1.0,14.0,4.0,13.0,0.0
12557,2.0,0.0,0.0,0.0,2.0,0.0,1.0,2.0,7.0,11.0,6.0,6.0,4.0,1.0,2.0,3.0,2.0,1.0,14.0,4.0,13.0,76.0,0.0,34.0,-15.41,4.0,0.0,0.0,0.0,2.0,0.0,1.0,3.0,8.0,12.0,7.0,7.0,1.0,2.0,3.0,4.0,3.0,2.0,15.0,5.0,14.0,0.0
12558,4.0,0.0,0.0,0.0,2.0,0.0,1.0,3.0,8.0,12.0,7.0,7.0,1.0,2.0,3.0,4.0,3.0,2.0,15.0,5.0,14.0,76.0,35.0,15.0,-17.646666666666665,6.0,0.0,0.0,0.0,2.0,0.0,2.0,4.0,9.0,1.0,8.0,8.0,2.0,1.0,4.0,5.0,4.0,3.0,16.0,6.0,15.0,0.0
12559,6.0,0.0,0.0,0.0,2.0,0.0,2.0,4.0,9.0,1.0,8.0,8.0,2.0,1.0,4.0,5.0,4.0,3.0,16.0,6.0,15.0,25.0,0.0,47.0,-14.391666666666666,6.0,0.0,0.0,0.0,0.0,0.0,1.0,5.0,10.0,2.0,9.0,1.0,3.0,2.0,5.0,1.0,5.0,4.0,17.0,7.0,16.0,0.0
12560,6.0,0.0,0.0,0.0,0.0,0.0,1.0,5.0,10.0,2.0,9.0,1.0,3.0,2.0,5.0,1.0,5.0,4.0,17.0,7.0,16.0,38.0,0.0,69.0,-16.12,6.0,2.0,0.0,0.0,0.0,0.0,1.0,6.0,11.0,3.0,10.0,2.0,4.0,1.0,6.0,2.0,6.0,5.0,18.0,1.0,17.0,0.0
12561,6.0,2.0,0.0,0.0,0.0,0.0,1.0,6.0,11.0,3.0,10.0,2.0,4.0,1.0,6.0,2.0,6.0,5.0,18.0,1.0,17.0,6.0,44.0,69.0,-24.778333333333332,8.0,2.0,0.0,0.0,0.0,0.0,2.0,1.0,12.0,4.0,11.0,3.0,5.0,2.0,1.0,3.0,7.0,6.0,19.0,1.0,18.0,0.0
12562,8.0,2.0,0.0,0.0,0.0,0.0,2.0,1.0,12.0,4.0,11.0,3.0,5.0,2.0,1.0,3.0,7.0,6.0,19.0,1.0,18.0,62.0,0.0,69.0,-20.901666666666667,6.0,2.0,0.0,0.0,0.0,0.0,1.0,2.0,13.0,5.0,12.0,4.0,6.0,3.0,2.0,4.0,8.0,7.0,1.0,1.0,19.0,0.0
12563,6.0,2.0,0.0,0.0,0.0,0.0,1.0,2.0,13.0,5.0,12.0,4.0,6.0,3.0,2.0,4.0,8.0,7.0,1.0,1.0,19.0,79.0,36.0,54.0,-14.038333333333334,6.0,0.0,2.0,0.0,0.0,0.0,2.0,3.0,14.0,6.0,13.0,5.0,7.0,1.0,3.0,5.0,1.0,8.0,2.0,2.0,20.0,0.0
12564,6.0,0.0,2.0,0.0,0.0,0.0,2.0,3.0,14.0,6.0,13.0,5.0,7.0,1.0,3.0,5.0,1.0,8.0,2.0,2.0,20.0,79.0,74.0,24.0,-26.633333333333333,6.0,0.0,2.0,0.0,0.0,0.0,3.0,4.0,15.0,7.0,1.0,6.0,8.0,2.0,4.0,6.0,2.0,9.0,3.0,3.0,1.0,0.0
12565,6.0,0.0,2.0,0.0,0.0,0.0,3.0,4.0,15.0,7.0,1.0,6.0,8.0,2.0,4.0,6.0,2.0,9.0,3.0,3.0,1.0,31.0,12.0,12.0,-31.525,8.0,0.0,0.0,0.0,0.0,0.0,4.0,5.0,1.0,8.0,2.0,7.0,1.0,3.0,5.0,7.0,3.0,10.0,4.0,4.0,2.0,0.0
12566,8.0,0.0,0.0,0.0,0.0,0.0,4.0,5.0,1.0,8.0,2.0,7.0,1.0,3.0,5.0,7.0,3.0,10.0,4.0,4.0,2.0,39.0,59.0,27.0,-31.81166666666667,8.0,0.0,0.0,0.0,0.0,0.0,5.0,6.0,2.0,9.0,3.0,1.0,2.0,1.0,6.0,8.0,4.0,1.0,5.0,5.0,3.0,0.0
12567,8.0,0.0,0.0,0.0,0.0,0.0,5.0,6.0,2.0,9.0,3.0,1.0,2.0,1.0,6.0,8.0,4.0,1.0,5.0,5.0,3.0,31.0,49.0,27.0,-20.763333333333332,9.0,0.0,0.0,0.0,0.0,0.0,6.0,7.0,3.0,10.0,4.0,1.0,1.0,2.0,7.0,1.0,5.0,2.0,6.0,6.0,4.0,0.0
12568,9.0,0.0,0.0,0.0,0.0,0.0,6.0,7.0,3.0,10.0,4.0,1.0,1.0,2.0,7.0,1.0,5.0,2.0,6.0,6.0,4.0,6.0,36.0,6.0,-13.568333333333335,9.0,0.0,2.0,0.0,2.0,0.0,7.0,1.0,4.0,11.0,5.0,2.0,2.0,1.0,8.0,2.0,6.0,3.0,7.0,7.0,5.0,0.0
12569,9.0,0.0,2.0,0.0,2.0,0.0,7.0,1.0,4.0,11.0,5.0,2.0,2.0,1.0,8.0,2.0,6.0,3.0,7.0,7.0,5.0,31.0,42.0,52.0,-20.321666666666665,9.0,0.0,0.0,0.0,0.0,0.0,8.0,2.0,5.0,12.0,6.0,3.0,1.0,2.0,1.0,3.0,1.0,4.0,8.0,8.0,6.0,0.0
12570,9.0,0.0,0.0,0.0,0.0,0.0,8.0,2.0,5.0,12.0,6.0,3.0,1.0,2.0,1.0,3.0,1.0,4.0,8.0,8.0,6.0,39.0,0.0,67.0,-15.781666666666668,9.0,0.0,0.0,0.0,0.0,0.0,1.0,3.0,6.0,13.0,7.0,4.0,2.0,1.0,2.0,4.0,2.0,5.0,9.0,1.0,7.0,0.0
12571,9.0,0.0,0.0,0.0,0.0,0.0,1.0,3.0,6.0,13.0,7.0,4.0,2.0,1.0,2.0,4.0,2.0,5.0,9.0,1.0,7.0,79.0,17.0,12.0,-23.419999999999998,9.0,0.0,0.0,0.0,0.0,0.0,2.0,4.0,1.0,1.0,8.0,5.0,3.0,2.0,3.0,5.0,3.0,6.0,10.0,2.0,8.0,0.0
12572,9.0,0.0,0.0,0.0,0.0,0.0,2.0,4.0,1.0,1.0,8.0,5.0,3.0,2.0,3.0,5.0,3.0,6.0,10.0,2.0,8.0,25.0,49.0,47.0,-13.058333333333332,9.0,0.0,0.0,0.0,0.0,0.0,3.0,5.0,2.0,2.0,9.0,1.0,4.0,3.0,4.0,1.0,4.0,7.0,11.0,3.0,9.0,0.0
12573,9.0,0.0,0.0,0.0,0.0,0.0,3.0,5.0,2.0,2.0,9.0,1.0,4.0,3.0,4.0,1.0,4.0,7.0,11.0,3.0,9.0,62.0,36.0,6.0,-20.076666666666664,7.0,0.0,2.0,0.0,2.0,0.0,4.0,1.0,3.0,3.0,10.0,2.0,5.0,1.0,5.0,2.0,5.0,8.0,1.0,4.0,10.0,0.0
12574,7.0,0.0,2.0,0.0,2.0,0.0,4.0,1.0,3.0,3.0,10.0,2.0,5.0,1.0,5.0,2.0,5.0,8.0,1.0,4.0,10.0,31.0,36.0,24.0,-13.344999999999999,9.0,0.0,4.0,0.0,2.0,0.0,5.0,2.0,4.0,4.0,1.0,3.0,1.0,1.0,6.0,3.0,6.0,9.0,2.0,5.0,11.0,0.0
12575,9.0,0.0,4.0,0.0,2.0,0.0,5.0,2.0,4.0,4.0,1.0,3.0,1.0,1.0,6.0,3.0,6.0,9.0,2.0,5.0,11.0,67.0,36.0,47.0,-11.729999999999999,7.0,0.0,6.0,0.0,0.0,0.0,6.0,3.0,5.0,5.0,2.0,4.0,2.0,1.0,7.0,1.0,7.0,10.0,3.0,1.0,12.0,0.0
12576,7.0,0.0,6.0,0.0,0.0,0.0,6.0,3.0,5.0,5.0,2.0,4.0,2.0,1.0,7.0,1.0,7.0,10.0,3.0,1.0,12.0,55.0,36.0,6.0,-28.536666666666665,7.0,0.0,8.0,0.0,2.0,0.0,7.0,1.0,6.0,6.0,3.0,5.0,3.0,1.0,8.0,2.0,8.0,1.0,4.0,2.0,13.0,0.0
12577,7.0,0.0,8.0,0.0,2.0,0.0,7.0,1.0,6.0,6.0,3.0,5.0,3.0,1.0,8.0,2.0,8.0,1.0,4.0,2.0,13.0,29.0,36.0,6.0,-13.259999999999998,7.0,0.0,9.0,0.0,4.0,0.0,8.0,1.0,7.0,7.0,4.0,1.0,4.0,1.0,9.0,3.0,9.0,2.0,5.0,3.0,14.0,0.0
12578,7.0,0.0,9.0,0.0,4.0,0.0,8.0,1.0,7.0,7.0,4.0,1.0,4.0,1.0,9.0,3.0,9.0,2.0,5.0,3.0,14.0,29.0,36.0,6.0,-12.819999999999999,7.0,0.0,9.0,0.0,6.0,0.0,9.0,1.0,8.0,8.0,5.0,1.0,5.0,1.0,10.0,4.0,10.0,3.0,6.0,4.0,15.0,0.0
12579,7.0,0.0,9.0,0.0,6.0,0.0,9.0,1.0,8.0,8.0,5.0,1.0,5.0,1.0,10.0,4.0,10.0,3.0,6.0,4.0,15.0,29.0,36.0,6.0,-13.619999999999997,7.0,0.0,9.0,0.0,8.0,0.0,10.0,1.0,9.0,9.0,6.0,1.0,6.0,1.0,11.0,5.0,11.0,4.0,7.0,5.0,16.0,0.0
12580,7.0,0.0,9.0,0.0,8.0,0.0,10.0,1.0,9.0,9.0,6.0,1.0,6.0,1.0,11.0,5.0,11.0,4.0,7.0,5.0,16.0,31.0,36.0,24.0,-13.133333333333333,9.0,0.0,9.0,0.0,8.0,0.0,11.0,2.0,10.0,10.0,1.0,2.0,1.0,1.0,12.0,6.0,12.0,5.0,8.0,6.0,17.0,0.0
12581,9.0,0.0,9.0,0.0,8.0,0.0,11.0,2.0,10.0,10.0,1.0,2.0,1.0,1.0,12.0,6.0,12.0,5.0,8.0,6.0,17.0,29.0,36.0,6.0,-14.884999999999998,9.0,0.0,9.0,0.0,9.0,0.0,12.0,1.0,11.0,11.0,2.0,1.0,2.0,1.0,13.0,7.0,13.0,6.0,9.0,7.0,18.0,0.0
12582,9.0,0.0,9.0,0.0,9.0,0.0,12.0,1.0,11.0,11.0,2.0,1.0,2.0,1.0,13.0,7.0,13.0,6.0,9.0,7.0,18.0,29.0,36.0,6.0,-15.684999999999999,9.0,0.0,9.0,0.0,9.0,0.0,13.0,1.0,12.0,12.0,3.0,1.0,3.0,1.0,14.0,8.0,14.0,7.0,10.0,8.0,19.0,0.0
12583,9.0,0.0,9.0,0.0,9.0,0.0,13.0,1.0,12.0,12.0,3.0,1.0,3.0,1.0,14.0,8.0,14.0,7.0,10.0,8.0,19.0,0.0,36.0,6.0,-17.39,9.0,0.0,9.0,0.0,9.0,0.0,1.0,1.0,13.0,13.0,4.0,2.0,4.0,1.0,15.0,9.0,15.0,8.0,11.0,9.0,20.0,0.0
12584,9.0,0.0,9.0,0.0,9.0,0.0,1.0,1.0,13.0,13.0,4.0,2.0,4.0,1.0,15.0,9.0,15.0,8.0,11.0,9.0,20.0,52.0,36.0,54.0,-20.578333333333333,7.0,0.0,9.0,0.0,9.0,0.0,2.0,2.0,14.0,14.0,5.0,3.0,5.0,1.0,16.0,10.0,1.0,9.0,12.0,10.0,21.0,0.0
12585,7.0,0.0,9.0,0.0,9.0,0.0,2.0,2.0,14.0,14.0,5.0,3.0,5.0,1.0,16.0,10.0,1.0,9.0,12.0,10.0,21.0,31.0,42.0,24.0,-21.705,9.0,0.0,7.0,0.0,9.0,0.0,3.0,3.0,15.0,15.0,1.0,4.0,1.0,2.0,1.0,11.0,2.0,10.0,13.0,11.0,22.0,0.0
12586,9.0,0.0,7.0,0.0,9.0,0.0,3.0,3.0,15.0,15.0,1.0,4.0,1.0,2.0,1.0,11.0,2.0,10.0,13.0,11.0,22.0,13.0,51.0,47.0,-24.093333333333334,9.0,2.0,9.0,0.0,7.0,0.0,4.0,4.0,1.0,16.0,2.0,5.0,2.0,3.0,2.0,1.0,1.0,11.0,14.0,12.0,23.0,0.0
12587,9.0,2.0,9.0,0.0,7.0,0.0,4.0,4.0,1.0,16.0,2.0,5.0,2.0,3.0,2.0,1.0,1.0,11.0,14.0,12.0,23.0,71.0,19.0,67.0,-37.348333333333336,9.0,2.0,9.0,0.0,5.0,0.0,5.0,5.0,2.0,1.0,3.0,6.0,3.0,4.0,3.0,2.0,2.0,12.0,15.0,1.0,1.0,0.0
12588,9.0,2.0,9.0,0.0,5.0,0.0,5.0,5.0,2.0,1.0,3.0,6.0,3.0,4.0,3.0,2.0,2.0,12.0,15.0,1.0,1.0,6.0,9.0,55.0,-21.559999999999995,9.0,2.0,9.0,0.0,5.0,0.0,6.0,1.0,3.0,2.0,4.0,7.0,4.0,5.0,4.0,3.0,3.0,1.0,16.0,2.0,2.0,0.0
12589,9.0,2.0,9.0,0.0,5.0,0.0,6.0,1.0,3.0,2.0,4.0,7.0,4.0,5.0,4.0,3.0,3.0,1.0,16.0,2.0,2.0,76.0,42.0,47.0,-15.583333333333332,9.0,2.0,7.0,0.0,3.0,0.0,7.0,2.0,4.0,3.0,5.0,8.0,5.0,6.0,1.0,1.0,4.0,2.0,17.0,3.0,3.0,0.0
12590,9.0,2.0,7.0,0.0,3.0,0.0,7.0,2.0,4.0,3.0,5.0,8.0,5.0,6.0,1.0,1.0,4.0,2.0,17.0,3.0,3.0,76.0,42.0,61.0,-22.66833333333333,9.0,2.0,5.0,0.0,5.0,0.0,8.0,3.0,5.0,4.0,6.0,9.0,6.0,7.0,1.0,2.0,5.0,3.0,1.0,4.0,4.0,0.0
12591,9.0,2.0,5.0,0.0,5.0,0.0,8.0,3.0,5.0,4.0,6.0,9.0,6.0,7.0,1.0,2.0,5.0,3.0,1.0,4.0,4.0,29.0,24.0,24.0,-18.01833333333333,9.0,0.0,5.0,0.0,5.0,0.0,9.0,4.0,6.0,5.0,1.0,1.0,7.0,8.0,2.0,3.0,6.0,4.0,2.0,5.0,5.0,0.0
12592,9.0,0.0,5.0,0.0,5.0,0.0,9.0,4.0,6.0,5.0,1.0,1.0,7.0,8.0,2.0,3.0,6.0,4.0,2.0,5.0,5.0,51.0,36.0,24.0,-16.15833333333333,9.0,0.0,7.0,0.0,5.0,0.0,10.0,5.0,7.0,6.0,1.0,2.0,8.0,1.0,3.0,4.0,1.0,5.0,3.0,6.0,6.0,0.0
12593,9.0,0.0,7.0,0.0,5.0,0.0,10.0,5.0,7.0,6.0,1.0,2.0,8.0,1.0,3.0,4.0,1.0,5.0,3.0,6.0,6.0,31.0,51.0,24.0,-16.336666666666666,9.0,0.0,9.0,0.0,5.0,0.0,11.0,6.0,8.0,7.0,1.0,3.0,1.0,2.0,4.0,5.0,1.0,6.0,4.0,7.0,7.0,0.0
12594,9.0,0.0,9.0,0.0,5.0,0.0,11.0,6.0,8.0,7.0,1.0,3.0,1.0,2.0,4.0,5.0,1.0,6.0,4.0,7.0,7.0,0.0,51.0,47.0,-18.83833333333333,9.0,0.0,9.0,0.0,3.0,0.0,1.0,7.0,9.0,8.0,2.0,4.0,2.0,3.0,5.0,1.0,1.0,7.0,5.0,8.0,8.0,0.0
12595,9.0,0.0,9.0,0.0,3.0,0.0,1.0,7.0,9.0,8.0,2.0,4.0,2.0,3.0,5.0,1.0,1.0,7.0,5.0,8.0,8.0,6.0,24.0,17.0,-16.38,9.0,0.0,9.0,0.0,1.0,0.0,2.0,1.0,10.0,1.0,1.0,5.0,3.0,4.0,6.0,2.0,2.0,8.0,6.0,9.0,9.0,0.0
12596,9.0,0.0,9.0,0.0,1.0,0.0,2.0,1.0,10.0,1.0,1.0,5.0,3.0,4.0,6.0,2.0,2.0,8.0,6.0,9.0,9.0,13.0,42.0,59.0,-31.28,9.0,2.0,7.0,0.0,1.0,0.0,3.0,2.0,1.0,2.0,2.0,6.0,4.0,5.0,1.0,3.0,3.0,1.0,7.0,10.0,10.0,0.0
12597,9.0,2.0,7.0,0.0,1.0,0.0,3.0,2.0,1.0,2.0,2.0,6.0,4.0,5.0,1.0,3.0,3.0,1.0,7.0,10.0,10.0,13.0,36.0,47.0,-11.219999999999999,9.0,4.0,9.0,0.0,0.0,0.0,4.0,3.0,1.0,3.0,3.0,7.0,5.0,1.0,2.0,1.0,4.0,2.0,8.0,11.0,11.0,0.0
12598,9.0,4.0,9.0,0.0,0.0,0.0,4.0,3.0,1.0,3.0,3.0,7.0,5.0,1.0,2.0,1.0,4.0,2.0,8.0,11.0,11.0,71.0,24.0,53.0,-22.334999999999997,9.0,4.0,9.0,0.0,0.0,2.0,5.0,4.0,2.0,4.0,1.0,8.0,6.0,2.0,3.0,2.0,1.0,3.0,9.0,12.0,1.0,0.0
12599,9.0,4.0,9.0,0.0,0.0,2.0,5.0,4.0,2.0,4.0,1.0,8.0,6.0,2.0,3.0,2.0,1.0,3.0,9.0,12.0,1.0,6.0,42.0,17.0,-17.796666666666667,9.0,4.0,7.0,0.0,0.0,2.0,6.0,1.0,3.0,1.0,2.0,9.0,7.0,3.0,1.0,3.0,2.0,4.0,10.0,13.0,2.0,1.0
12600,1.0,0.0,8.0,8.0,2.0,6.0,1.0,1.0,1.0,1.0,1.0,1.0,1.0,1.0,1.0,1.0,1.0,1.0,1.0,1.0,1.0,21.0,42.0,77.0,-9.306666666666665,3.0,0.0,6.0,8.0,0.0,6.0,2.0,2.0,2.0,2.0,1.0,2.0,2.0,2.0,1.0,2.0,2.0,2.0,2.0,2.0,2.0,0.0
12601,3.0,0.0,6.0,8.0,0.0,6.0,2.0,2.0,2.0,2.0,1.0,2.0,2.0,2.0,1.0,2.0,2.0,2.0,2.0,2.0,2.0,6.0,24.0,14.0,-11.523333333333333,5.0,0.0,6.0,6.0,0.0,4.0,3.0,1.0,1.0,3.0,1.0,3.0,3.0,3.0,2.0,3.0,3.0,3.0,3.0,3.0,3.0,0.0
12602,5.0,0.0,6.0,6.0,0.0,4.0,3.0,1.0,1.0,3.0,1.0,3.0,3.0,3.0,2.0,3.0,3.0,3.0,3.0,3.0,3.0,6.0,42.0,52.0,-6.8533333333333335,7.0,0.0,4.0,6.0,0.0,4.0,4.0,1.0,2.0,4.0,2.0,4.0,4.0,4.0,1.0,4.0,1.0,4.0,4.0,4.0,4.0,0.0
12603,7.0,0.0,4.0,6.0,0.0,4.0,4.0,1.0,2.0,4.0,2.0,4.0,4.0,4.0,1.0,4.0,1.0,4.0,4.0,4.0,4.0,29.0,42.0,47.0,-9.578333333333331,7.0,0.0,2.0,6.0,0.0,4.0,5.0,2.0,3.0,5.0,3.0,1.0,5.0,5.0,1.0,1.0,2.0,5.0,5.0,5.0,5.0,0.0
12604,7.0,0.0,2.0,6.0,0.0,4.0,5.0,2.0,3.0,5.0,3.0,1.0,5.0,5.0,1.0,1.0,2.0,5.0,5.0,5.0,5.0,6.0,55.0,17.0,-7.763333333333334,9.0,0.0,2.0,6.0,0.0,4.0,6.0,1.0,4.0,1.0,4.0,2.0,6.0,6.0,2.0,2.0,3.0,1.0,6.0,6.0,6.0,0.0
12605,9.0,0.0,2.0,6.0,0.0,4.0,6.0,1.0,4.0,1.0,4.0,2.0,6.0,6.0,2.0,2.0,3.0,1.0,6.0,6.0,6.0,13.0,42.0,44.0,-19.05833333333333,9.0,2.0,0.0,6.0,0.0,2.0,7.0,2.0,1.0,2.0,5.0,3.0,7.0,7.0,1.0,3.0,4.0,2.0,7.0,7.0,7.0,0.0
12606,9.0,2.0,0.0,6.0,0.0,2.0,7.0,2.0,1.0,2.0,5.0,3.0,7.0,7.0,1.0,3.0,4.0,2.0,7.0,7.0,7.0,39.0,53.0,53.0,-14.054999999999998,9.0,0.0,0.0,8.0,0.0,4.0,8.0,3.0,2.0,3.0,6.0,4.0,8.0,1.0,2.0,4.0,1.0,3.0,8.0,8.0,8.0,0.0
12607,9.0,0.0,0.0,8.0,0.0,4.0,8.0,3.0,2.0,3.0,6.0,4.0,8.0,1.0,2.0,4.0,1.0,3.0,8.0,8.0,8.0,31.0,24.0,73.0,-13.743333333333332,9.0,0.0,0.0,6.0,0.0,6.0,9.0,4.0,3.0,4.0,1.0,5.0,1.0,2.0,3.0,5.0,2.0,4.0,9.0,9.0,1.0,0.0
12608,9.0,0.0,0.0,6.0,0.0,6.0,9.0,4.0,3.0,4.0,1.0,5.0,1.0,2.0,3.0,5.0,2.0,4.0,9.0,9.0,1.0,32.0,49.0,52.0,-9.715,7.0,0.0,0.0,4.0,0.0,6.0,10.0,5.0,4.0,5.0,2.0,6.0,1.0,3.0,4.0,1.0,1.0,5.0,10.0,10.0,2.0,0.0
12609,7.0,0.0,0.0,4.0,0.0,6.0,10.0,5.0,4.0,5.0,2.0,6.0,1.0,3.0,4.0,1.0,1.0,5.0,10.0,10.0,2.0,66.0,42.0,52.0,-18.394999999999996,9.0,0.0,0.0,4.0,0.0,6.0,11.0,6.0,5.0,6.0,3.0,7.0,2.0,4.0,1.0,2.0,1.0,6.0,11.0,1.0,3.0,0.0
12610,9.0,0.0,0.0,4.0,0.0,6.0,11.0,6.0,5.0,6.0,3.0,7.0,2.0,4.0,1.0,2.0,1.0,6.0,11.0,1.0,3.0,32.0,51.0,9.0,-15.075,7.0,0.0,2.0,4.0,0.0,4.0,12.0,1.0,6.0,7.0,4.0,8.0,1.0,5.0,2.0,3.0,1.0,7.0,12.0,2.0,4.0,0.0
12611,7.0,0.0,2.0,4.0,0.0,4.0,12.0,1.0,6.0,7.0,4.0,8.0,1.0,5.0,2.0,3.0,1.0,7.0,12.0,2.0,4.0,32.0,51.0,59.0,-16.25,5.0,0.0,4.0,4.0,0.0,2.0,13.0,2.0,7.0,8.0,5.0,9.0,1.0,6.0,3.0,4.0,1.0,1.0,13.0,3.0,5.0,0.0
12612,5.0,0.0,4.0,4.0,0.0,2.0,13.0,2.0,7.0,8.0,5.0,9.0,1.0,6.0,3.0,4.0,1.0,1.0,13.0,3.0,5.0,2.0,42.0,47.0,-8.476666666666667,3.0,0.0,2.0,4.0,0.0,2.0,1.0,3.0,8.0,9.0,6.0,10.0,2.0,7.0,1.0,1.0,2.0,2.0,14.0,4.0,6.0,0.0
12613,3.0,0.0,2.0,4.0,0.0,2.0,1.0,3.0,8.0,9.0,6.0,10.0,2.0,7.0,1.0,1.0,2.0,2.0,14.0,4.0,6.0,26.0,42.0,12.0,-23.865,5.0,0.0,0.0,4.0,0.0,2.0,2.0,4.0,1.0,10.0,7.0,1.0,3.0,8.0,1.0,2.0,3.0,3.0,15.0,5.0,7.0,0.0
12614,5.0,0.0,0.0,4.0,0.0,2.0,2.0,4.0,1.0,10.0,7.0,1.0,3.0,8.0,1.0,2.0,3.0,3.0,15.0,5.0,7.0,26.0,36.0,9.0,-21.51833333333333,7.0,0.0,2.0,4.0,0.0,0.0,3.0,1.0,2.0,11.0,8.0,1.0,4.0,1.0,2.0,3.0,4.0,4.0,16.0,6.0,8.0,0.0
12615,7.0,0.0,2.0,4.0,0.0,0.0,3.0,1.0,2.0,11.0,8.0,1.0,4.0,1.0,2.0,3.0,4.0,4.0,16.0,6.0,8.0,17.0,42.0,17.0,-23.201666666666664,5.0,0.0,0.0,4.0,0.0,0.0,4.0,2.0,3.0,1.0,9.0,2.0,5.0,2.0,1.0,4.0,5.0,5.0,17.0,7.0,9.0,0.0
12616,5.0,0.0,0.0,4.0,0.0,0.0,4.0,2.0,3.0,1.0,9.0,2.0,5.0,2.0,1.0,4.0,5.0,5.0,17.0,7.0,9.0,65.0,45.0,2.0,-11.731666666666666,5.0,0.0,0.0,4.0,0.0,0.0,1.0,3.0,4.0,2.0,10.0,3.0,6.0,3.0,2.0,1.0,6.0,6.0,18.0,1.0,10.0,0.0
12617,5.0,0.0,0.0,4.0,0.0,0.0,1.0,3.0,4.0,2.0,10.0,3.0,6.0,3.0,2.0,1.0,6.0,6.0,18.0,1.0,10.0,6.0,44.0,9.0,-21.388333333333332,7.0,0.0,0.0,2.0,0.0,0.0,2.0,1.0,5.0,3.0,11.0,4.0,7.0,4.0,1.0,2.0,7.0,7.0,19.0,2.0,11.0,0.0
12618,7.0,0.0,0.0,2.0,0.0,0.0,2.0,1.0,5.0,3.0,11.0,4.0,7.0,4.0,1.0,2.0,7.0,7.0,19.0,2.0,11.0,1.0,50.0,2.0,-16.983333333333334,9.0,0.0,0.0,2.0,0.0,0.0,1.0,2.0,6.0,4.0,12.0,5.0,8.0,5.0,2.0,3.0,1.0,8.0,20.0,3.0,12.0,0.0
12619,9.0,0.0,0.0,2.0,0.0,0.0,1.0,2.0,6.0,4.0,12.0,5.0,8.0,5.0,2.0,3.0,1.0,8.0,20.0,3.0,12.0,26.0,45.0,63.0,-26.966666666666665,9.0,0.0,0.0,2.0,0.0,2.0,2.0,3.0,7.0,5.0,13.0,1.0,9.0,6.0,3.0,1.0,2.0,9.0,1.0,4.0,13.0,0.0
12620,9.0,0.0,0.0,2.0,0.0,2.0,2.0,3.0,7.0,5.0,13.0,1.0,9.0,6.0,3.0,1.0,2.0,9.0,1.0,4.0,13.0,31.0,74.0,24.0,-26.563333333333336,9.0,0.0,0.0,0.0,0.0,0.0,3.0,4.0,8.0,6.0,1.0,2.0,1.0,7.0,4.0,2.0,3.0,10.0,2.0,5.0,1.0,0.0
12621,9.0,0.0,0.0,0.0,0.0,0.0,3.0,4.0,8.0,6.0,1.0,2.0,1.0,7.0,4.0,2.0,3.0,10.0,2.0,5.0,1.0,32.0,55.0,17.0,-23.485000000000003,7.0,0.0,0.0,0.0,0.0,0.0,4.0,5.0,9.0,1.0,2.0,3.0,1.0,8.0,5.0,3.0,4.0,1.0,3.0,6.0,2.0,0.0
12622,7.0,0.0,0.0,0.0,0.0,0.0,4.0,5.0,9.0,1.0,2.0,3.0,1.0,8.0,5.0,3.0,4.0,1.0,3.0,6.0,2.0,23.0,23.0,10.0,-28.091666666666665,7.0,2.0,0.0,2.0,0.0,0.0,5.0,6.0,1.0,2.0,1.0,4.0,2.0,9.0,6.0,4.0,5.0,2.0,4.0,7.0,3.0,0.0
12623,7.0,2.0,0.0,2.0,0.0,0.0,5.0,6.0,1.0,2.0,1.0,4.0,2.0,9.0,6.0,4.0,5.0,2.0,4.0,7.0,3.0,3.0,36.0,42.0,-20.78333333333333,7.0,4.0,2.0,2.0,0.0,0.0,1.0,7.0,2.0,3.0,2.0,5.0,3.0,1.0,1.0,5.0,6.0,3.0,5.0,8.0,4.0,0.0
12624,7.0,4.0,2.0,2.0,0.0,0.0,1.0,7.0,2.0,3.0,2.0,5.0,3.0,1.0,1.0,5.0,6.0,3.0,5.0,8.0,4.0,71.0,53.0,18.0,-17.661666666666665,9.0,4.0,2.0,4.0,0.0,2.0,2.0,8.0,3.0,1.0,3.0,6.0,4.0,2.0,2.0,6.0,1.0,4.0,6.0,9.0,1.0,0.0
12625,9.0,4.0,2.0,4.0,0.0,2.0,2.0,8.0,3.0,1.0,3.0,6.0,4.0,2.0,2.0,6.0,1.0,4.0,6.0,9.0,1.0,67.0,77.0,12.0,-14.606666666666664,7.0,4.0,0.0,4.0,0.0,2.0,3.0,9.0,1.0,2.0,4.0,7.0,5.0,3.0,3.0,7.0,2.0,5.0,7.0,1.0,2.0,0.0
12626,7.0,4.0,0.0,4.0,0.0,2.0,3.0,9.0,1.0,2.0,4.0,7.0,5.0,3.0,3.0,7.0,2.0,5.0,7.0,1.0,2.0,77.0,55.0,47.0,-9.381666666666664,5.0,4.0,0.0,4.0,0.0,2.0,4.0,10.0,2.0,3.0,5.0,8.0,6.0,4.0,4.0,1.0,3.0,1.0,8.0,2.0,3.0,0.0
12627,5.0,4.0,0.0,4.0,0.0,2.0,4.0,10.0,2.0,3.0,5.0,8.0,6.0,4.0,4.0,1.0,3.0,1.0,8.0,2.0,3.0,77.0,55.0,9.0,-17.08833333333333,3.0,4.0,0.0,4.0,0.0,0.0,5.0,1.0,3.0,4.0,6.0,9.0,7.0,5.0,5.0,2.0,4.0,1.0,9.0,3.0,4.0,0.0
12628,3.0,4.0,0.0,4.0,0.0,0.0,5.0,1.0,3.0,4.0,6.0,9.0,7.0,5.0,5.0,2.0,4.0,1.0,9.0,3.0,4.0,1.0,42.0,12.0,-24.19666666666667,5.0,4.0,0.0,4.0,0.0,0.0,1.0,2.0,1.0,5.0,7.0,10.0,8.0,6.0,1.0,3.0,5.0,2.0,10.0,4.0,5.0,0.0
12629,5.0,4.0,0.0,4.0,0.0,0.0,1.0,2.0,1.0,5.0,7.0,10.0,8.0,6.0,1.0,3.0,5.0,2.0,10.0,4.0,5.0,26.0,45.0,12.0,-19.458333333333332,7.0,4.0,0.0,4.0,0.0,0.0,2.0,3.0,1.0,6.0,8.0,1.0,9.0,7.0,2.0,1.0,6.0,3.0,11.0,5.0,6.0,0.0
12630,7.0,4.0,0.0,4.0,0.0,0.0,2.0,3.0,1.0,6.0,8.0,1.0,9.0,7.0,2.0,1.0,6.0,3.0,11.0,5.0,6.0,22.0,50.0,9.0,-16.534999999999997,5.0,4.0,0.0,4.0,0.0,0.0,3.0,1.0,2.0,7.0,1.0,2.0,10.0,8.0,3.0,2.0,1.0,4.0,12.0,6.0,7.0,0.0
12631,5.0,4.0,0.0,4.0,0.0,0.0,3.0,1.0,2.0,7.0,1.0,2.0,10.0,8.0,3.0,2.0,1.0,4.0,12.0,6.0,7.0,6.0,42.0,67.0,-17.643333333333334,7.0,4.0,0.0,4.0,0.0,0.0,4.0,1.0,3.0,8.0,2.0,3.0,11.0,9.0,1.0,3.0,2.0,5.0,13.0,1.0,8.0,0.0
12632,7.0,4.0,0.0,4.0,0.0,0.0,4.0,1.0,3.0,8.0,2.0,3.0,11.0,9.0,1.0,3.0,2.0,5.0,13.0,1.0,8.0,26.0,55.0,34.0,-22.18166666666667,9.0,4.0,0.0,4.0,0.0,0.0,5.0,2.0,4.0,9.0,3.0,1.0,1.0,10.0,2.0,4.0,3.0,1.0,14.0,2.0,9.0,0.0
12633,9.0,4.0,0.0,4.0,0.0,0.0,5.0,2.0,4.0,9.0,3.0,1.0,1.0,10.0,2.0,4.0,3.0,1.0,14.0,2.0,9.0,35.0,36.0,23.0,-20.919999999999998,9.0,4.0,2.0,4.0,0.0,2.0,6.0,3.0,5.0,10.0,1.0,2.0,2.0,1.0,3.0,5.0,4.0,2.0,15.0,3.0,10.0,0.0
12634,9.0,4.0,2.0,4.0,0.0,2.0,6.0,3.0,5.0,10.0,1.0,2.0,2.0,1.0,3.0,5.0,4.0,2.0,15.0,3.0,10.0,17.0,51.0,73.0,-313.965,7.0,4.0,4.0,4.0,0.0,4.0,7.0,4.0,6.0,1.0,2.0,3.0,3.0,2.0,4.0,6.0,1.0,3.0,16.0,4.0,1.0,0.0
12635,7.0,4.0,4.0,4.0,0.0,4.0,7.0,4.0,6.0,1.0,2.0,3.0,3.0,2.0,4.0,6.0,1.0,3.0,16.0,4.0,1.0,60.0,9.0,73.0,-8.915,7.0,4.0,4.0,2.0,0.0,6.0,8.0,1.0,7.0,2.0,3.0,4.0,4.0,3.0,5.0,7.0,2.0,4.0,1.0,5.0,1.0,0.0
12636,7.0,4.0,4.0,2.0,0.0,6.0,8.0,1.0,7.0,2.0,3.0,4.0,4.0,3.0,5.0,7.0,2.0,4.0,1.0,5.0,1.0,31.0,9.0,59.0,-12.104999999999999,9.0,4.0,4.0,0.0,0.0,4.0,9.0,1.0,8.0,3.0,4.0,5.0,1.0,4.0,6.0,8.0,3.0,1.0,2.0,6.0,2.0,0.0
12637,9.0,4.0,4.0,0.0,0.0,4.0,9.0,1.0,8.0,3.0,4.0,5.0,1.0,4.0,6.0,8.0,3.0,1.0,2.0,6.0,2.0,67.0,51.0,17.0,-9.515,7.0,4.0,6.0,0.0,0.0,4.0,10.0,2.0,9.0,1.0,5.0,6.0,2.0,5.0,7.0,9.0,1.0,2.0,3.0,1.0,3.0,0.0
12638,7.0,4.0,6.0,0.0,0.0,4.0,10.0,2.0,9.0,1.0,5.0,6.0,2.0,5.0,7.0,9.0,1.0,2.0,3.0,1.0,3.0,2.0,9.0,30.0,-21.671666666666667,5.0,4.0,6.0,0.0,0.0,4.0,1.0,1.0,10.0,2.0,6.0,7.0,1.0,6.0,8.0,10.0,2.0,3.0,4.0,2.0,4.0,0.0
12639,5.0,4.0,6.0,0.0,0.0,4.0,1.0,1.0,10.0,2.0,6.0,7.0,1.0,6.0,8.0,10.0,2.0,3.0,4.0,2.0,4.0,69.0,57.0,15.0,-321.58500000000004,5.0,2.0,4.0,0.0,0.0,4.0,2.0,2.0,11.0,1.0,7.0,8.0,2.0,7.0,9.0,11.0,3.0,1.0,5.0,1.0,5.0,0.0
12640,5.0,2.0,4.0,0.0,0.0,4.0,2.0,2.0,11.0,1.0,7.0,8.0,2.0,7.0,9.0,11.0,3.0,1.0,5.0,1.0,5.0,69.0,57.0,15.0,-23.625000000000004,5.0,0.0,2.0,0.0,0.0,4.0,3.0,3.0,12.0,1.0,8.0,9.0,3.0,8.0,10.0,12.0,4.0,1.0,6.0,1.0,6.0,0.0
12641,5.0,0.0,2.0,0.0,0.0,4.0,3.0,3.0,12.0,1.0,8.0,9.0,3.0,8.0,10.0,12.0,4.0,1.0,6.0,1.0,6.0,11.0,45.0,12.0,-21.785,7.0,0.0,2.0,0.0,0.0,4.0,4.0,4.0,1.0,2.0,9.0,10.0,4.0,9.0,11.0,1.0,5.0,2.0,7.0,2.0,7.0,0.0
12642,7.0,0.0,2.0,0.0,0.0,4.0,4.0,4.0,1.0,2.0,9.0,10.0,4.0,9.0,11.0,1.0,5.0,2.0,7.0,2.0,7.0,35.0,42.0,74.0,-21.450000000000003,7.0,0.0,0.0,0.0,0.0,2.0,5.0,5.0,2.0,3.0,10.0,11.0,5.0,1.0,1.0,2.0,6.0,3.0,8.0,3.0,1.0,0.0
12643,7.0,0.0,0.0,0.0,0.0,2.0,5.0,5.0,2.0,3.0,10.0,11.0,5.0,1.0,1.0,2.0,6.0,3.0,8.0,3.0,1.0,1.0,70.0,23.0,-28.823333333333334,9.0,0.0,0.0,0.0,0.0,4.0,1.0,6.0,3.0,4.0,1.0,12.0,6.0,2.0,2.0,3.0,7.0,4.0,9.0,4.0,1.0,0.0
12644,9.0,0.0,0.0,0.0,0.0,4.0,1.0,6.0,3.0,4.0,1.0,12.0,6.0,2.0,2.0,3.0,7.0,4.0,9.0,4.0,1.0,26.0,9.0,12.0,-23.618333333333332,9.0,0.0,0.0,0.0,0.0,4.0,2.0,1.0,1.0,5.0,2.0,1.0,7.0,3.0,3.0,4.0,8.0,5.0,10.0,5.0,2.0,0.0
12645,9.0,0.0,0.0,0.0,0.0,4.0,2.0,1.0,1.0,5.0,2.0,1.0,7.0,3.0,3.0,4.0,8.0,5.0,10.0,5.0,2.0,31.0,55.0,74.0,-23.530000000000005,9.0,0.0,0.0,0.0,0.0,2.0,3.0,2.0,2.0,6.0,3.0,2.0,1.0,4.0,4.0,5.0,9.0,1.0,11.0,6.0,1.0,0.0
12646,9.0,0.0,0.0,0.0,0.0,2.0,3.0,2.0,2.0,6.0,3.0,2.0,1.0,4.0,4.0,5.0,9.0,1.0,11.0,6.0,1.0,32.0,45.0,74.0,-18.328333333333333,7.0,0.0,0.0,0.0,0.0,0.0,4.0,3.0,3.0,7.0,4.0,3.0,1.0,5.0,5.0,1.0,10.0,2.0,12.0,7.0,1.0,0.0
12647,7.0,0.0,0.0,0.0,0.0,0.0,4.0,3.0,3.0,7.0,4.0,3.0,1.0,5.0,5.0,1.0,10.0,2.0,12.0,7.0,1.0,64.0,36.0,54.0,-20.008333333333333,7.0,0.0,2.0,0.0,0.0,0.0,5.0,4.0,4.0,8.0,5.0,4.0,2.0,1.0,6.0,2.0,1.0,3.0,1.0,8.0,2.0,0.0
12648,7.0,0.0,2.0,0.0,0.0,0.0,5.0,4.0,4.0,8.0,5.0,4.0,2.0,1.0,6.0,2.0,1.0,3.0,1.0,8.0,2.0,31.0,55.0,17.0,-22.93166666666667,9.0,0.0,2.0,0.0,0.0,0.0,6.0,5.0,5.0,1.0,6.0,5.0,1.0,2.0,7.0,3.0,2.0,1.0,2.0,9.0,3.0,0.0
12649,9.0,0.0,2.0,0.0,0.0,0.0,6.0,5.0,5.0,1.0,6.0,5.0,1.0,2.0,7.0,3.0,2.0,1.0,2.0,9.0,3.0,67.0,6.0,65.0,-18.65833333333333,7.0,0.0,4.0,0.0,0.0,0.0,7.0,1.0,6.0,2.0,7.0,6.0,2.0,3.0,8.0,4.0,3.0,2.0,3.0,1.0,4.0,0.0
12650,7.0,0.0,4.0,0.0,0.0,0.0,7.0,1.0,6.0,2.0,7.0,6.0,2.0,3.0,8.0,4.0,3.0,2.0,3.0,1.0,4.0,2.0,42.0,24.0,-24.391666666666666,5.0,0.0,2.0,0.0,0.0,0.0,1.0,2.0,7.0,3.0,1.0,7.0,3.0,4.0,1.0,5.0,4.0,3.0,4.0,2.0,5.0,0.0
12651,5.0,0.0,2.0,0.0,0.0,0.0,1.0,2.0,7.0,3.0,1.0,7.0,3.0,4.0,1.0,5.0,4.0,3.0,4.0,2.0,5.0,13.0,38.0,12.0,-24.038333333333334,5.0,2.0,2.0,2.0,0.0,0.0,2.0,3.0,1.0,4.0,2.0,8.0,4.0,1.0,2.0,6.0,5.0,4.0,5.0,3.0,6.0,0.0
12652,5.0,2.0,2.0,2.0,0.0,0.0,2.0,3.0,1.0,4.0,2.0,8.0,4.0,1.0,2.0,6.0,5.0,4.0,5.0,3.0,6.0,74.0,45.0,74.0,-26.40833333333333,5.0,0.0,2.0,2.0,0.0,0.0,3.0,4.0,2.0,5.0,3.0,9.0,5.0,2.0,3.0,1.0,6.0,5.0,6.0,4.0,1.0,0.0
12653,5.0,0.0,2.0,2.0,0.0,0.0,3.0,4.0,2.0,5.0,3.0,9.0,5.0,2.0,3.0,1.0,6.0,5.0,6.0,4.0,1.0,6.0,55.0,12.0,-26.209999999999997,7.0,0.0,2.0,2.0,0.0,0.0,4.0,1.0,1.0,6.0,4.0,10.0,6.0,3.0,4.0,2.0,7.0,1.0,7.0,5.0,2.0,0.0
12654,7.0,0.0,2.0,2.0,0.0,0.0,4.0,1.0,1.0,6.0,4.0,10.0,6.0,3.0,4.0,2.0,7.0,1.0,7.0,5.0,2.0,1.0,42.0,28.0,-27.869999999999997,9.0,0.0,0.0,2.0,0.0,2.0,1.0,2.0,2.0,7.0,5.0,1.0,7.0,4.0,1.0,3.0,8.0,2.0,8.0,6.0,3.0,0.0
12655,9.0,0.0,0.0,2.0,0.0,2.0,1.0,2.0,2.0,7.0,5.0,1.0,7.0,4.0,1.0,3.0,8.0,2.0,8.0,6.0,3.0,31.0,54.0,74.0,-19.919999999999998,9.0,0.0,0.0,0.0,0.0,0.0,2.0,3.0,3.0,8.0,6.0,2.0,1.0,5.0,2.0,4.0,1.0,3.0,9.0,7.0,1.0,0.0
12656,9.0,0.0,0.0,0.0,0.0,0.0,2.0,3.0,3.0,8.0,6.0,2.0,1.0,5.0,2.0,4.0,1.0,3.0,9.0,7.0,1.0,62.0,6.0,23.0,-25.765,7.0,0.0,2.0,0.0,0.0,2.0,3.0,1.0,4.0,9.0,1.0,3.0,2.0,6.0,3.0,5.0,2.0,4.0,1.0,8.0,2.0,0.0
12657,7.0,0.0,2.0,0.0,0.0,2.0,3.0,1.0,4.0,9.0,1.0,3.0,2.0,6.0,3.0,5.0,2.0,4.0,1.0,8.0,2.0,32.0,57.0,17.0,-22.045,5.0,0.0,0.0,0.0,0.0,2.0,4.0,2.0,5.0,1.0,2.0,4.0,1.0,7.0,4.0,6.0,3.0,1.0,2.0,9.0,3.0,0.0
12658,5.0,0.0,0.0,0.0,0.0,2.0,4.0,2.0,5.0,1.0,2.0,4.0,1.0,7.0,4.0,6.0,3.0,1.0,2.0,9.0,3.0,67.0,36.0,65.0,-16.398333333333333,3.0,0.0,2.0,0.0,0.0,2.0,5.0,3.0,6.0,2.0,3.0,5.0,2.0,1.0,5.0,7.0,4.0,2.0,3.0,1.0,4.0,0.0
12659,3.0,0.0,2.0,0.0,0.0,2.0,5.0,3.0,6.0,2.0,3.0,5.0,2.0,1.0,5.0,7.0,4.0,2.0,3.0,1.0,4.0,2.0,45.0,12.0,-15.423333333333332,1.0,0.0,2.0,0.0,0.0,2.0,1.0,4.0,1.0,3.0,4.0,6.0,3.0,2.0,6.0,1.0,5.0,3.0,4.0,2.0,5.0,0.0
12660,1.0,0.0,2.0,0.0,0.0,2.0,1.0,4.0,1.0,3.0,4.0,6.0,3.0,2.0,6.0,1.0,5.0,3.0,4.0,2.0,5.0,72.0,42.0,74.0,-35.22,0.0,0.0,0.0,0.0,0.0,0.0,2.0,5.0,2.0,4.0,5.0,7.0,4.0,3.0,1.0,2.0,6.0,4.0,5.0,3.0,1.0,0.0
12661,0.0,0.0,0.0,0.0,0.0,0.0,2.0,5.0,2.0,4.0,5.0,7.0,4.0,3.0,1.0,2.0,6.0,4.0,5.0,3.0,1.0,1.0,55.0,54.0,-22.245,2.0,0.0,0.0,0.0,0.0,0.0,1.0,6.0,3.0,5.0,6.0,8.0,5.0,4.0,2.0,3.0,1.0,1.0,6.0,4.0,2.0,0.0
12662,2.0,0.0,0.0,0.0,0.0,0.0,1.0,6.0,3.0,5.0,6.0,8.0,5.0,4.0,2.0,3.0,1.0,1.0,6.0,4.0,2.0,26.0,6.0,23.0,-23.77166666666667,4.0,0.0,2.0,0.0,0.0,2.0,2.0,1.0,4.0,6.0,1.0,1.0,6.0,5.0,3.0,4.0,2.0,2.0,7.0,5.0,3.0,0.0
12663,4.0,0.0,2.0,0.0,0.0,2.0,2.0,1.0,4.0,6.0,1.0,1.0,6.0,5.0,3.0,4.0,2.0,2.0,7.0,5.0,3.0,31.0,42.0,17.0,-18.191666666666663,6.0,0.0,0.0,0.0,0.0,2.0,3.0,2.0,5.0,1.0,2.0,2.0,1.0,6.0,1.0,5.0,3.0,3.0,8.0,6.0,4.0,0.0
12664,6.0,0.0,0.0,0.0,0.0,2.0,3.0,2.0,5.0,1.0,2.0,2.0,1.0,6.0,1.0,5.0,3.0,3.0,8.0,6.0,4.0,62.0,0.0,23.0,-24.835,4.0,0.0,0.0,0.0,0.0,4.0,1.0,3.0,6.0,2.0,1.0,3.0,2.0,7.0,2.0,6.0,4.0,4.0,1.0,7.0,5.0,0.0
12665,4.0,0.0,0.0,0.0,0.0,4.0,1.0,3.0,6.0,2.0,1.0,3.0,2.0,7.0,2.0,6.0,4.0,4.0,1.0,7.0,5.0,13.0,4.0,15.0,-11.285,4.0,2.0,0.0,0.0,0.0,4.0,1.0,4.0,1.0,1.0,2.0,4.0,3.0,8.0,3.0,7.0,5.0,5.0,2.0,8.0,6.0,0.0
12666,4.0,2.0,0.0,0.0,0.0,4.0,1.0,4.0,1.0,1.0,2.0,4.0,3.0,8.0,3.0,7.0,5.0,5.0,2.0,8.0,6.0,45.0,4.0,49.0,-8.031666666666666,4.0,2.0,0.0,0.0,0.0,2.0,1.0,5.0,2.0,2.0,3.0,5.0,4.0,9.0,4.0,1.0,6.0,6.0,3.0,9.0,7.0,0.0
12667,4.0,2.0,0.0,0.0,0.0,2.0,1.0,5.0,2.0,2.0,3.0,5.0,4.0,9.0,4.0,1.0,6.0,6.0,3.0,9.0,7.0,13.0,72.0,10.0,-27.341666666666665,4.0,4.0,0.0,0.0,0.0,2.0,2.0,6.0,1.0,3.0,4.0,6.0,5.0,10.0,5.0,2.0,7.0,7.0,4.0,10.0,1.0,0.0
12668,4.0,4.0,0.0,0.0,0.0,2.0,2.0,6.0,1.0,3.0,4.0,6.0,5.0,10.0,5.0,2.0,7.0,7.0,4.0,10.0,1.0,39.0,55.0,18.0,-19.258333333333333,4.0,2.0,0.0,0.0,0.0,4.0,3.0,7.0,2.0,1.0,5.0,7.0,6.0,1.0,6.0,3.0,8.0,1.0,5.0,11.0,2.0,0.0
12669,4.0,2.0,0.0,0.0,0.0,4.0,3.0,7.0,2.0,1.0,5.0,7.0,6.0,1.0,6.0,3.0,8.0,1.0,5.0,11.0,2.0,24.0,42.0,74.0,-26.67666666666667,4.0,0.0,0.0,0.0,0.0,2.0,4.0,8.0,3.0,2.0,1.0,8.0,7.0,2.0,1.0,4.0,9.0,2.0,6.0,12.0,1.0,0.0
12670,4.0,0.0,0.0,0.0,0.0,2.0,4.0,8.0,3.0,2.0,1.0,8.0,7.0,2.0,1.0,4.0,9.0,2.0,6.0,12.0,1.0,65.0,54.0,74.0,-24.194999999999997,4.0,0.0,0.0,0.0,0.0,0.0,5.0,9.0,4.0,3.0,2.0,9.0,8.0,3.0,2.0,5.0,1.0,3.0,7.0,1.0,1.0,0.0
12671,4.0,0.0,0.0,0.0,0.0,0.0,5.0,9.0,4.0,3.0,2.0,9.0,8.0,3.0,2.0,5.0,1.0,3.0,7.0,1.0,1.0,26.0,9.0,23.0,-26.031666666666666,6.0,0.0,0.0,0.0,0.0,2.0,6.0,1.0,5.0,4.0,1.0,1.0,9.0,4.0,3.0,6.0,2.0,4.0,8.0,2.0,2.0,0.0
12672,6.0,0.0,0.0,0.0,0.0,2.0,6.0,1.0,5.0,4.0,1.0,1.0,9.0,4.0,3.0,6.0,2.0,4.0,8.0,2.0,2.0,32.0,42.0,73.0,-21.60333333333333,4.0,0.0,0.0,0.0,0.0,4.0,7.0,2.0,6.0,5.0,2.0,2.0,1.0,5.0,1.0,7.0,3.0,5.0,9.0,3.0,1.0,0.0
12673,4.0,0.0,0.0,0.0,0.0,4.0,7.0,2.0,6.0,5.0,2.0,2.0,1.0,5.0,1.0,7.0,3.0,5.0,9.0,3.0,1.0,32.0,0.0,23.0,-21.781666666666666,2.0,0.0,0.0,0.0,0.0,6.0,1.0,3.0,7.0,6.0,1.0,3.0,1.0,6.0,2.0,8.0,4.0,6.0,10.0,4.0,2.0,0.0
12674,2.0,0.0,0.0,0.0,0.0,6.0,1.0,3.0,7.0,6.0,1.0,3.0,1.0,6.0,2.0,8.0,4.0,6.0,10.0,4.0,2.0,52.0,38.0,15.0,-15.515,0.0,0.0,0.0,2.0,0.0,6.0,2.0,4.0,8.0,1.0,2.0,4.0,2.0,1.0,3.0,9.0,1.0,7.0,11.0,5.0,3.0,0.0
12675,0.0,0.0,0.0,2.0,0.0,6.0,2.0,4.0,8.0,1.0,2.0,4.0,2.0,1.0,3.0,9.0,1.0,7.0,11.0,5.0,3.0,52.0,45.0,72.0,-11.773333333333333,0.0,0.0,0.0,2.0,0.0,6.0,3.0,5.0,9.0,2.0,3.0,5.0,3.0,2.0,4.0,1.0,1.0,8.0,12.0,6.0,1.0,0.0
12676,0.0,0.0,0.0,2.0,0.0,6.0,3.0,5.0,9.0,2.0,3.0,5.0,3.0,2.0,4.0,1.0,1.0,8.0,12.0,6.0,1.0,60.0,42.0,12.0,-36.37166666666666,0.0,0.0,0.0,2.0,0.0,6.0,4.0,6.0,1.0,3.0,4.0,6.0,4.0,3.0,1.0,2.0,2.0,9.0,1.0,7.0,2.0,0.0
12677,0.0,0.0,0.0,2.0,0.0,6.0,4.0,6.0,1.0,3.0,4.0,6.0,4.0,3.0,1.0,2.0,2.0,9.0,1.0,7.0,2.0,27.0,55.0,23.0,-34.4,0.0,0.0,0.0,2.0,0.0,8.0,5.0,7.0,2.0,4.0,1.0,1.0,5.0,4.0,2.0,3.0,3.0,1.0,2.0,8.0,3.0,0.0
12678,0.0,0.0,0.0,2.0,0.0,8.0,5.0,7.0,2.0,4.0,1.0,1.0,5.0,4.0,2.0,3.0,3.0,1.0,2.0,8.0,3.0,36.0,64.0,73.0,-27.825,2.0,0.0,0.0,0.0,0.0,9.0,6.0,8.0,3.0,5.0,2.0,2.0,6.0,1.0,3.0,4.0,4.0,2.0,1.0,9.0,1.0,0.0
12679,2.0,0.0,0.0,0.0,0.0,9.0,6.0,8.0,3.0,5.0,2.0,2.0,6.0,1.0,3.0,4.0,4.0,2.0,1.0,9.0,1.0,7.0,64.0,17.0,-34.24666666666666,0.0,0.0,0.0,0.0,0.0,9.0,7.0,1.0,4.0,1.0,3.0,3.0,7.0,2.0,4.0,5.0,5.0,3.0,1.0,10.0,2.0,0.0
12680,0.0,0.0,0.0,0.0,0.0,9.0,7.0,1.0,4.0,1.0,3.0,3.0,7.0,2.0,4.0,5.0,5.0,3.0,1.0,10.0,2.0,54.0,42.0,59.0,-20.341666666666665,0.0,0.0,0.0,0.0,0.0,7.0,8.0,2.0,5.0,2.0,4.0,4.0,8.0,3.0,1.0,6.0,1.0,1.0,2.0,11.0,3.0,0.0
12681,0.0,0.0,0.0,0.0,0.0,7.0,8.0,2.0,5.0,2.0,4.0,4.0,8.0,3.0,1.0,6.0,1.0,1.0,2.0,11.0,3.0,31.0,42.0,39.0,-30.616666666666664,2.0,0.0,0.0,0.0,0.0,5.0,9.0,3.0,6.0,3.0,5.0,5.0,1.0,1.0,1.0,7.0,2.0,2.0,3.0,12.0,4.0,0.0
12682,2.0,0.0,0.0,0.0,0.0,5.0,9.0,3.0,6.0,3.0,5.0,5.0,1.0,1.0,1.0,7.0,2.0,2.0,3.0,12.0,4.0,2.0,0.0,23.0,-16.113333333333333,0.0,0.0,0.0,0.0,0.0,7.0,1.0,4.0,7.0,4.0,1.0,6.0,2.0,2.0,2.0,8.0,3.0,3.0,4.0,13.0,5.0,0.0
12683,0.0,0.0,0.0,0.0,0.0,7.0,1.0,4.0,7.0,4.0,1.0,6.0,2.0,2.0,2.0,8.0,3.0,3.0,4.0,13.0,5.0,67.0,74.0,70.0,-23.663333333333334,0.0,0.0,0.0,0.0,0.0,7.0,2.0,5.0,8.0,5.0,2.0,7.0,3.0,3.0,3.0,9.0,4.0,4.0,5.0,1.0,1.0,0.0
12684,0.0,0.0,0.0,0.0,0.0,7.0,2.0,5.0,8.0,5.0,2.0,7.0,3.0,3.0,3.0,9.0,4.0,4.0,5.0,1.0,1.0,11.0,9.0,12.0,-28.601666666666663,2.0,0.0,0.0,0.0,0.0,7.0,3.0,1.0,1.0,6.0,3.0,8.0,4.0,4.0,4.0,10.0,5.0,5.0,6.0,2.0,2.0,0.0
12685,2.0,0.0,0.0,0.0,0.0,7.0,3.0,1.0,1.0,6.0,3.0,8.0,4.0,4.0,4.0,10.0,5.0,5.0,6.0,2.0,2.0,54.0,45.0,23.0,-19.721666666666664,2.0,0.0,0.0,0.0,0.0,9.0,4.0,2.0,2.0,7.0,1.0,9.0,5.0,5.0,5.0,1.0,1.0,6.0,7.0,3.0,3.0,0.0
12686,2.0,0.0,0.0,0.0,0.0,9.0,4.0,2.0,2.0,7.0,1.0,9.0,5.0,5.0,5.0,1.0,1.0,6.0,7.0,3.0,3.0,35.0,42.0,42.0,-20.674999999999997,2.0,0.0,0.0,0.0,0.0,9.0,5.0,3.0,3.0,8.0,2.0,10.0,6.0,1.0,1.0,2.0,2.0,7.0,8.0,4.0,4.0,0.0
12687,2.0,0.0,0.0,0.0,0.0,9.0,5.0,3.0,3.0,8.0,2.0,10.0,6.0,1.0,1.0,2.0,2.0,7.0,8.0,4.0,4.0,60.0,9.0,73.0,-29.045,2.0,0.0,0.0,0.0,0.0,9.0,6.0,1.0,4.0,9.0,3.0,11.0,7.0,2.0,2.0,3.0,3.0,8.0,1.0,5.0,1.0,0.0
12688,2.0,0.0,0.0,0.0,0.0,9.0,6.0,1.0,4.0,9.0,3.0,11.0,7.0,2.0,2.0,3.0,3.0,8.0,1.0,5.0,1.0,54.0,42.0,19.0,-18.416666666666664,2.0,0.0,0.0,0.0,0.0,7.0,7.0,2.0,5.0,1.0,4.0,12.0,8.0,3.0,1.0,4.0,1.0,9.0,2.0,6.0,2.0,0.0
12689,2.0,0.0,0.0,0.0,0.0,7.0,7.0,2.0,5.0,1.0,4.0,12.0,8.0,3.0,1.0,4.0,1.0,9.0,2.0,6.0,2.0,27.0,9.0,59.0,-29.043333333333333,0.0,0.0,0.0,0.0,0.0,5.0,8.0,1.0,6.0,2.0,5.0,1.0,9.0,4.0,2.0,5.0,2.0,1.0,3.0,7.0,3.0,0.0
12690,0.0,0.0,0.0,0.0,0.0,5.0,8.0,1.0,6.0,2.0,5.0,1.0,9.0,4.0,2.0,5.0,2.0,1.0,3.0,7.0,3.0,31.0,42.0,24.0,-30.371666666666663,2.0,0.0,0.0,0.0,0.0,3.0,9.0,2.0,7.0,3.0,1.0,2.0,1.0,5.0,1.0,6.0,3.0,2.0,4.0,8.0,4.0,0.0
12691,2.0,0.0,0.0,0.0,0.0,3.0,9.0,2.0,7.0,3.0,1.0,2.0,1.0,5.0,1.0,6.0,3.0,2.0,4.0,8.0,4.0,0.0,12.0,23.0,-25.278333333333336,2.0,0.0,0.0,0.0,0.0,5.0,1.0,3.0,1.0,4.0,1.0,3.0,2.0,6.0,2.0,7.0,4.0,3.0,5.0,9.0,5.0,0.0
12692,2.0,0.0,0.0,0.0,0.0,5.0,1.0,3.0,1.0,4.0,1.0,3.0,2.0,6.0,2.0,7.0,4.0,3.0,5.0,9.0,5.0,67.0,74.0,23.0,-30.703333333333333,0.0,0.0,0.0,0.0,0.0,7.0,2.0,4.0,2.0,5.0,1.0,4.0,3.0,7.0,3.0,8.0,5.0,4.0,6.0,1.0,1.0,0.0
12693,0.0,0.0,0.0,0.0,0.0,7.0,2.0,4.0,2.0,5.0,1.0,4.0,3.0,7.0,3.0,8.0,5.0,4.0,6.0,1.0,1.0,36.0,9.0,23.0,-25.323333333333334,2.0,0.0,0.0,0.0,0.0,9.0,3.0,1.0,3.0,6.0,1.0,5.0,4.0,1.0,4.0,9.0,6.0,5.0,7.0,2.0,2.0,0.0
12694,2.0,0.0,0.0,0.0,0.0,9.0,3.0,1.0,3.0,6.0,1.0,5.0,4.0,1.0,4.0,9.0,6.0,5.0,7.0,2.0,2.0,54.0,9.0,52.0,-22.601666666666667,2.0,0.0,0.0,0.0,0.0,9.0,4.0,1.0,4.0,7.0,2.0,6.0,5.0,2.0,5.0,10.0,1.0,6.0,8.0,3.0,3.0,0.0
12695,2.0,0.0,0.0,0.0,0.0,9.0,4.0,1.0,4.0,7.0,2.0,6.0,5.0,2.0,5.0,10.0,1.0,6.0,8.0,3.0,3.0,11.0,45.0,73.0,-15.803333333333331,4.0,0.0,0.0,0.0,0.0,9.0,5.0,2.0,1.0,8.0,3.0,7.0,6.0,3.0,6.0,1.0,2.0,7.0,9.0,4.0,1.0,0.0
12696,4.0,0.0,0.0,0.0,0.0,9.0,5.0,2.0,1.0,8.0,3.0,7.0,6.0,3.0,6.0,1.0,2.0,7.0,9.0,4.0,1.0,60.0,42.0,52.0,-32.565,4.0,0.0,0.0,0.0,0.0,9.0,6.0,3.0,2.0,9.0,4.0,8.0,7.0,4.0,1.0,2.0,1.0,8.0,1.0,5.0,2.0,0.0
12697,4.0,0.0,0.0,0.0,0.0,9.0,6.0,3.0,2.0,9.0,4.0,8.0,7.0,4.0,1.0,2.0,1.0,8.0,1.0,5.0,2.0,36.0,16.0,52.0,-16.976666666666663,6.0,0.0,2.0,0.0,0.0,9.0,7.0,4.0,3.0,1.0,5.0,9.0,8.0,1.0,2.0,3.0,1.0,9.0,2.0,6.0,3.0,0.0
12698,6.0,0.0,2.0,0.0,0.0,9.0,7.0,4.0,3.0,1.0,5.0,9.0,8.0,1.0,2.0,3.0,1.0,9.0,2.0,6.0,3.0,27.0,9.0,53.0,-22.00333333333333,4.0,0.0,2.0,0.0,0.0,9.0,8.0,1.0,4.0,2.0,6.0,1.0,9.0,2.0,3.0,4.0,1.0,10.0,3.0,7.0,4.0,0.0
12699,4.0,0.0,2.0,0.0,0.0,9.0,8.0,1.0,4.0,2.0,6.0,1.0,9.0,2.0,3.0,4.0,1.0,10.0,3.0,7.0,4.0,31.0,42.0,59.0,-16.731666666666666,6.0,0.0,0.0,0.0,0.0,7.0,9.0,2.0,5.0,3.0,7.0,2.0,1.0,3.0,1.0,5.0,2.0,1.0,4.0,8.0,5.0,1.0
12700,8.0,5.0,7.0,7.0,9.0,7.0,1.0,1.0,1.0,1.0,1.0,1.0,1.0,1.0,1.0,1.0,1.0,1.0,1.0,1.0,1.0,36.0,9.0,77.0,-7.446666666666665,9.0,5.0,7.0,5.0,7.0,7.0,2.0,1.0,2.0,2.0,2.0,2.0,2.0,1.0,2.0,2.0,2.0,2.0,2.0,2.0,2.0,0.0
12701,9.0,5.0,7.0,5.0,7.0,7.0,2.0,1.0,2.0,2.0,2.0,2.0,2.0,1.0,2.0,2.0,2.0,2.0,2.0,2.0,2.0,36.0,9.0,77.0,-7.073333333333332,9.0,5.0,7.0,3.0,5.0,7.0,3.0,1.0,3.0,3.0,3.0,3.0,3.0,1.0,3.0,3.0,3.0,3.0,3.0,3.0,3.0,0.0
12702,9.0,5.0,7.0,3.0,5.0,7.0,3.0,1.0,3.0,3.0,3.0,3.0,3.0,1.0,3.0,3.0,3.0,3.0,3.0,3.0,3.0,54.0,42.0,17.0,-11.038333333333332,9.0,3.0,5.0,3.0,3.0,7.0,4.0,2.0,4.0,1.0,4.0,4.0,4.0,2.0,1.0,4.0,1.0,4.0,4.0,4.0,4.0,0.0
12703,9.0,3.0,5.0,3.0,3.0,7.0,4.0,2.0,4.0,1.0,4.0,4.0,4.0,2.0,1.0,4.0,1.0,4.0,4.0,4.0,4.0,67.0,67.0,73.0,-6.855,7.0,3.0,3.0,3.0,3.0,9.0,5.0,3.0,5.0,2.0,5.0,5.0,5.0,3.0,2.0,5.0,2.0,5.0,5.0,1.0,1.0,0.0
12704,7.0,3.0,3.0,3.0,3.0,9.0,5.0,3.0,5.0,2.0,5.0,5.0,5.0,3.0,2.0,5.0,2.0,5.0,5.0,1.0,1.0,36.0,9.0,73.0,-9.558333333333334,9.0,3.0,3.0,1.0,3.0,9.0,6.0,1.0,6.0,3.0,6.0,6.0,6.0,1.0,3.0,6.0,3.0,6.0,6.0,2.0,1.0,0.0
12705,9.0,3.0,3.0,1.0,3.0,9.0,6.0,1.0,6.0,3.0,6.0,6.0,6.0,1.0,3.0,6.0,3.0,6.0,6.0,2.0,1.0,11.0,9.0,17.0,-13.301666666666666,9.0,3.0,3.0,0.0,1.0,9.0,7.0,1.0,1.0,1.0,7.0,7.0,7.0,2.0,4.0,7.0,4.0,7.0,7.0,3.0,2.0,0.0
12706,9.0,3.0,3.0,0.0,1.0,9.0,7.0,1.0,1.0,1.0,7.0,7.0,7.0,2.0,4.0,7.0,4.0,7.0,7.0,3.0,2.0,61.0,67.0,52.0,-20.188333333333333,9.0,3.0,1.0,0.0,0.0,9.0,8.0,2.0,2.0,2.0,8.0,8.0,8.0,3.0,5.0,8.0,1.0,8.0,1.0,1.0,3.0,0.0
12707,9.0,3.0,1.0,0.0,0.0,9.0,8.0,2.0,2.0,2.0,8.0,8.0,8.0,3.0,5.0,8.0,1.0,8.0,1.0,1.0,3.0,61.0,28.0,58.0,-16.490000000000002,9.0,3.0,1.0,2.0,0.0,9.0,9.0,3.0,3.0,3.0,9.0,1.0,9.0,4.0,6.0,9.0,2.0,1.0,1.0,2.0,4.0,0.0
12708,9.0,3.0,1.0,2.0,0.0,9.0,9.0,3.0,3.0,3.0,9.0,1.0,9.0,4.0,6.0,9.0,2.0,1.0,1.0,2.0,4.0,2.0,6.0,17.0,-11.995,7.0,3.0,3.0,2.0,0.0,9.0,1.0,1.0,4.0,1.0,10.0,2.0,10.0,5.0,7.0,10.0,3.0,2.0,2.0,3.0,5.0,0.0
12709,7.0,3.0,3.0,2.0,0.0,9.0,1.0,1.0,4.0,1.0,10.0,2.0,10.0,5.0,7.0,10.0,3.0,2.0,2.0,3.0,5.0,31.0,49.0,17.0,-8.185,9.0,3.0,3.0,0.0,0.0,9.0,2.0,2.0,5.0,1.0,11.0,3.0,1.0,6.0,8.0,1.0,4.0,3.0,3.0,4.0,6.0,0.0
12710,9.0,3.0,3.0,0.0,0.0,9.0,2.0,2.0,5.0,1.0,11.0,3.0,1.0,6.0,8.0,1.0,4.0,3.0,3.0,4.0,6.0,34.0,6.0,17.0,-7.988333333333333,9.0,1.0,5.0,0.0,0.0,9.0,3.0,1.0,6.0,1.0,12.0,4.0,1.0,7.0,9.0,2.0,5.0,4.0,4.0,5.0,7.0,0.0
12711,9.0,1.0,5.0,0.0,0.0,9.0,3.0,1.0,6.0,1.0,12.0,4.0,1.0,7.0,9.0,2.0,5.0,4.0,4.0,5.0,7.0,67.0,6.0,23.0,-18.79333333333333,7.0,1.0,7.0,0.0,0.0,9.0,4.0,1.0,7.0,2.0,1.0,5.0,2.0,8.0,10.0,3.0,6.0,5.0,5.0,1.0,8.0,0.0
12712,7.0,1.0,7.0,0.0,0.0,9.0,4.0,1.0,7.0,2.0,1.0,5.0,2.0,8.0,10.0,3.0,6.0,5.0,5.0,1.0,8.0,9.0,42.0,72.0,-13.876666666666665,7.0,0.0,5.0,0.0,0.0,9.0,5.0,1.0,8.0,3.0,2.0,6.0,3.0,9.0,1.0,4.0,7.0,6.0,6.0,2.0,1.0,0.0
12713,7.0,0.0,5.0,0.0,0.0,9.0,5.0,1.0,8.0,3.0,2.0,6.0,3.0,9.0,1.0,4.0,7.0,6.0,6.0,2.0,1.0,9.0,38.0,40.0,-9.028333333333332,7.0,0.0,5.0,2.0,0.0,9.0,6.0,1.0,9.0,4.0,3.0,7.0,4.0,1.0,1.0,5.0,8.0,7.0,7.0,3.0,2.0,0.0
12714,7.0,0.0,5.0,2.0,0.0,9.0,6.0,1.0,9.0,4.0,3.0,7.0,4.0,1.0,1.0,5.0,8.0,7.0,7.0,3.0,2.0,9.0,9.0,73.0,-8.433333333333334,7.0,0.0,5.0,0.0,0.0,9.0,7.0,1.0,10.0,5.0,4.0,8.0,5.0,2.0,2.0,6.0,9.0,8.0,8.0,4.0,1.0,0.0
12715,7.0,0.0,5.0,0.0,0.0,9.0,7.0,1.0,10.0,5.0,4.0,8.0,5.0,2.0,2.0,6.0,9.0,8.0,8.0,4.0,1.0,9.0,9.0,73.0,-9.3,7.0,0.0,5.0,0.0,0.0,9.0,8.0,1.0,11.0,6.0,5.0,9.0,6.0,3.0,3.0,7.0,10.0,9.0,9.0,5.0,1.0,0.0
12716,7.0,0.0,5.0,0.0,0.0,9.0,8.0,1.0,11.0,6.0,5.0,9.0,6.0,3.0,3.0,7.0,10.0,9.0,9.0,5.0,1.0,9.0,67.0,52.0,-18.06833333333333,7.0,0.0,3.0,0.0,0.0,9.0,9.0,1.0,12.0,7.0,6.0,10.0,7.0,4.0,4.0,8.0,1.0,10.0,10.0,1.0,2.0,0.0
12717,7.0,0.0,3.0,0.0,0.0,9.0,9.0,1.0,12.0,7.0,6.0,10.0,7.0,4.0,4.0,8.0,1.0,10.0,10.0,1.0,2.0,11.0,9.0,59.0,-18.93,9.0,0.0,3.0,0.0,0.0,7.0,10.0,1.0,1.0,8.0,7.0,11.0,8.0,5.0,5.0,9.0,2.0,1.0,11.0,2.0,3.0,0.0
12718,9.0,0.0,3.0,0.0,0.0,7.0,10.0,1.0,1.0,8.0,7.0,11.0,8.0,5.0,5.0,9.0,2.0,1.0,11.0,2.0,3.0,2.0,49.0,52.0,-13.724999999999998,7.0,0.0,3.0,0.0,0.0,7.0,1.0,2.0,2.0,9.0,8.0,12.0,9.0,6.0,6.0,1.0,1.0,2.0,12.0,3.0,4.0,0.0
12719,7.0,0.0,3.0,0.0,0.0,7.0,1.0,2.0,2.0,9.0,8.0,12.0,9.0,6.0,6.0,1.0,1.0,2.0,12.0,3.0,4.0,26.0,42.0,28.0,-30.884999999999998,9.0,0.0,1.0,0.0,0.0,9.0,2.0,3.0,3.0,10.0,9.0,1.0,10.0,7.0,1.0,2.0,2.0,3.0,13.0,4.0,5.0,0.0
12720,9.0,0.0,1.0,0.0,0.0,9.0,2.0,3.0,3.0,10.0,9.0,1.0,10.0,7.0,1.0,2.0,2.0,3.0,13.0,4.0,5.0,36.0,6.0,52.0,-16.669999999999998,9.0,0.0,3.0,0.0,0.0,9.0,3.0,1.0,4.0,11.0,10.0,2.0,11.0,1.0,2.0,3.0,1.0,4.0,14.0,5.0,6.0,0.0
12721,9.0,0.0,3.0,0.0,0.0,9.0,3.0,1.0,4.0,11.0,10.0,2.0,11.0,1.0,2.0,3.0,1.0,4.0,14.0,5.0,6.0,31.0,42.0,52.0,-21.231666666666666,9.0,0.0,1.0,0.0,0.0,9.0,4.0,2.0,5.0,12.0,11.0,3.0,1.0,2.0,1.0,4.0,1.0,5.0,15.0,6.0,7.0,0.0
12722,9.0,0.0,1.0,0.0,0.0,9.0,4.0,2.0,5.0,12.0,11.0,3.0,1.0,2.0,1.0,4.0,1.0,5.0,15.0,6.0,7.0,2.0,6.0,23.0,-21.40833333333333,7.0,0.0,3.0,0.0,0.0,9.0,1.0,1.0,6.0,13.0,1.0,4.0,2.0,3.0,2.0,5.0,2.0,6.0,16.0,7.0,8.0,0.0
12723,7.0,0.0,3.0,0.0,0.0,9.0,1.0,1.0,6.0,13.0,1.0,4.0,2.0,3.0,2.0,5.0,2.0,6.0,16.0,7.0,8.0,30.0,58.0,52.0,-21.276666666666664,7.0,0.0,3.0,2.0,0.0,9.0,2.0,2.0,7.0,14.0,2.0,5.0,1.0,4.0,3.0,6.0,1.0,1.0,17.0,8.0,9.0,0.0
12724,7.0,0.0,3.0,2.0,0.0,9.0,2.0,2.0,7.0,14.0,2.0,5.0,1.0,4.0,3.0,6.0,1.0,1.0,17.0,8.0,9.0,2.0,49.0,52.0,-15.011666666666667,5.0,0.0,3.0,0.0,0.0,9.0,1.0,3.0,8.0,15.0,3.0,6.0,2.0,5.0,4.0,1.0,1.0,2.0,18.0,9.0,10.0,0.0
12725,5.0,0.0,3.0,0.0,0.0,9.0,1.0,3.0,8.0,15.0,3.0,6.0,2.0,5.0,4.0,1.0,1.0,2.0,18.0,9.0,10.0,70.0,42.0,52.0,-32.99166666666666,5.0,0.0,1.0,0.0,0.0,9.0,2.0,4.0,9.0,16.0,4.0,7.0,3.0,6.0,1.0,2.0,1.0,3.0,19.0,10.0,1.0,0.0
12726,5.0,0.0,1.0,0.0,0.0,9.0,2.0,4.0,9.0,16.0,4.0,7.0,3.0,6.0,1.0,2.0,1.0,3.0,19.0,10.0,1.0,60.0,58.0,18.0,-24.018333333333327,5.0,0.0,1.0,2.0,0.0,9.0,3.0,5.0,10.0,1.0,5.0,8.0,4.0,7.0,2.0,3.0,2.0,1.0,1.0,11.0,2.0,0.0
12727,5.0,0.0,1.0,2.0,0.0,9.0,3.0,5.0,10.0,1.0,5.0,8.0,4.0,7.0,2.0,3.0,2.0,1.0,1.0,11.0,2.0,51.0,7.0,65.0,-22.423333333333332,7.0,0.0,0.0,2.0,0.0,9.0,4.0,1.0,11.0,2.0,6.0,9.0,5.0,8.0,3.0,4.0,1.0,2.0,2.0,1.0,3.0,0.0
12728,7.0,0.0,0.0,2.0,0.0,9.0,4.0,1.0,11.0,2.0,6.0,9.0,5.0,8.0,3.0,4.0,1.0,2.0,2.0,1.0,3.0,9.0,49.0,12.0,-13.366666666666667,7.0,0.0,0.0,0.0,0.0,9.0,5.0,1.0,1.0,3.0,7.0,10.0,6.0,9.0,4.0,1.0,2.0,3.0,3.0,2.0,4.0,0.0
12729,7.0,0.0,0.0,0.0,0.0,9.0,5.0,1.0,1.0,3.0,7.0,10.0,6.0,9.0,4.0,1.0,2.0,3.0,3.0,2.0,4.0,35.0,39.0,39.0,-22.136666666666663,7.0,0.0,0.0,0.0,0.0,7.0,6.0,2.0,2.0,4.0,8.0,11.0,7.0,1.0,5.0,2.0,3.0,4.0,4.0,3.0,5.0,0.0
12730,7.0,0.0,0.0,0.0,0.0,7.0,6.0,2.0,2.0,4.0,8.0,11.0,7.0,1.0,5.0,2.0,3.0,4.0,4.0,3.0,5.0,2.0,58.0,52.0,-17.465,5.0,0.0,0.0,2.0,0.0,7.0,1.0,3.0,3.0,5.0,9.0,12.0,8.0,2.0,6.0,3.0,1.0,1.0,5.0,4.0,6.0,0.0
12731,5.0,0.0,0.0,2.0,0.0,7.0,1.0,3.0,3.0,5.0,9.0,12.0,8.0,2.0,6.0,3.0,1.0,1.0,5.0,4.0,6.0,73.0,31.0,3.0,-31.104999999999997,5.0,2.0,2.0,2.0,0.0,9.0,1.0,4.0,4.0,6.0,10.0,13.0,1.0,3.0,7.0,4.0,2.0,2.0,6.0,5.0,1.0,0.0
12732,5.0,2.0,2.0,2.0,0.0,9.0,1.0,4.0,4.0,6.0,10.0,13.0,1.0,3.0,7.0,4.0,2.0,2.0,6.0,5.0,1.0,46.0,42.0,52.0,-21.93833333333333,7.0,2.0,0.0,2.0,0.0,9.0,2.0,5.0,5.0,7.0,11.0,14.0,2.0,4.0,1.0,1.0,1.0,3.0,7.0,6.0,2.0,0.0
12733,7.0,2.0,0.0,2.0,0.0,9.0,2.0,5.0,5.0,7.0,11.0,14.0,2.0,4.0,1.0,1.0,1.0,3.0,7.0,6.0,2.0,65.0,67.0,23.0,-22.424999999999997,7.0,2.0,0.0,2.0,0.0,9.0,3.0,6.0,6.0,8.0,1.0,15.0,3.0,5.0,2.0,2.0,2.0,4.0,8.0,1.0,3.0,0.0
12734,7.0,2.0,0.0,2.0,0.0,9.0,3.0,6.0,6.0,8.0,1.0,15.0,3.0,5.0,2.0,2.0,2.0,4.0,8.0,1.0,3.0,65.0,58.0,12.0,-17.576666666666668,7.0,2.0,0.0,4.0,0.0,9.0,4.0,7.0,1.0,9.0,2.0,16.0,4.0,6.0,3.0,3.0,3.0,1.0,9.0,1.0,4.0,0.0
12735,7.0,2.0,0.0,4.0,0.0,9.0,4.0,7.0,1.0,9.0,2.0,16.0,4.0,6.0,3.0,3.0,3.0,1.0,9.0,1.0,4.0,35.0,58.0,52.0,-13.879999999999999,7.0,2.0,0.0,6.0,0.0,9.0,5.0,8.0,2.0,10.0,3.0,17.0,5.0,1.0,4.0,4.0,1.0,1.0,10.0,2.0,5.0,0.0
12736,7.0,2.0,0.0,6.0,0.0,9.0,5.0,8.0,2.0,10.0,3.0,17.0,5.0,1.0,4.0,4.0,1.0,1.0,10.0,2.0,5.0,65.0,58.0,52.0,-15.078333333333333,7.0,2.0,0.0,8.0,0.0,9.0,6.0,9.0,3.0,11.0,4.0,18.0,6.0,2.0,5.0,5.0,1.0,1.0,11.0,1.0,6.0,0.0
12737,7.0,2.0,0.0,8.0,0.0,9.0,6.0,9.0,3.0,11.0,4.0,18.0,6.0,2.0,5.0,5.0,1.0,1.0,11.0,1.0,6.0,46.0,58.0,52.0,-21.191666666666663,9.0,2.0,0.0,9.0,0.0,9.0,7.0,10.0,4.0,12.0,5.0,19.0,7.0,3.0,6.0,1.0,1.0,1.0,12.0,2.0,7.0,0.0
12738,9.0,2.0,0.0,9.0,0.0,9.0,7.0,10.0,4.0,12.0,5.0,19.0,7.0,3.0,6.0,1.0,1.0,1.0,12.0,2.0,7.0,26.0,58.0,3.0,-19.151666666666664,9.0,2.0,0.0,9.0,0.0,9.0,1.0,11.0,5.0,13.0,6.0,1.0,8.0,4.0,7.0,2.0,2.0,1.0,13.0,3.0,8.0,0.0
12739,9.0,2.0,0.0,9.0,0.0,9.0,1.0,11.0,5.0,13.0,6.0,1.0,8.0,4.0,7.0,2.0,2.0,1.0,13.0,3.0,8.0,6.0,64.0,3.0,-29.955,9.0,2.0,0.0,7.0,0.0,9.0,1.0,1.0,6.0,14.0,7.0,2.0,9.0,5.0,8.0,3.0,3.0,2.0,1.0,4.0,9.0,0.0
12740,9.0,2.0,0.0,7.0,0.0,9.0,1.0,1.0,6.0,14.0,7.0,2.0,9.0,5.0,8.0,3.0,3.0,2.0,1.0,4.0,9.0,34.0,16.0,3.0,-16.644999999999996,9.0,0.0,2.0,7.0,0.0,9.0,1.0,2.0,7.0,1.0,8.0,3.0,1.0,6.0,9.0,4.0,4.0,3.0,2.0,5.0,10.0,0.0
12741,9.0,0.0,2.0,7.0,0.0,9.0,1.0,2.0,7.0,1.0,8.0,3.0,1.0,6.0,9.0,4.0,4.0,3.0,2.0,5.0,10.0,46.0,49.0,65.0,-21.23,9.0,0.0,2.0,5.0,0.0,9.0,2.0,3.0,8.0,2.0,9.0,4.0,2.0,7.0,10.0,1.0,5.0,4.0,3.0,1.0,11.0,0.0
12742,9.0,0.0,2.0,5.0,0.0,9.0,2.0,3.0,8.0,2.0,9.0,4.0,2.0,7.0,10.0,1.0,5.0,4.0,3.0,1.0,11.0,34.0,49.0,42.0,-8.653333333333332,9.0,0.0,2.0,3.0,0.0,9.0,3.0,4.0,9.0,3.0,10.0,5.0,1.0,8.0,1.0,1.0,6.0,5.0,4.0,2.0,12.0,0.0
12743,9.0,0.0,2.0,3.0,0.0,9.0,3.0,4.0,9.0,3.0,10.0,5.0,1.0,8.0,1.0,1.0,6.0,5.0,4.0,2.0,12.0,9.0,21.0,12.0,-14.320000000000002,9.0,0.0,4.0,3.0,0.0,9.0,4.0,1.0,1.0,4.0,1.0,6.0,2.0,9.0,2.0,2.0,7.0,6.0,5.0,3.0,13.0,0.0
12744,9.0,0.0,4.0,3.0,0.0,9.0,4.0,1.0,1.0,4.0,1.0,6.0,2.0,9.0,2.0,2.0,7.0,6.0,5.0,3.0,13.0,35.0,53.0,52.0,-12.85833333333333,9.0,0.0,4.0,5.0,0.0,9.0,5.0,2.0,2.0,5.0,2.0,7.0,3.0,1.0,3.0,3.0,1.0,7.0,6.0,4.0,14.0,0.0
12745,9.0,0.0,4.0,5.0,0.0,9.0,5.0,2.0,2.0,5.0,2.0,7.0,3.0,1.0,3.0,3.0,1.0,7.0,6.0,4.0,14.0,2.0,49.0,52.0,-14.808333333333334,7.0,0.0,4.0,3.0,0.0,9.0,1.0,3.0,3.0,6.0,3.0,8.0,4.0,2.0,4.0,1.0,1.0,8.0,7.0,5.0,15.0,0.0
12746,7.0,0.0,4.0,3.0,0.0,9.0,1.0,3.0,3.0,6.0,3.0,8.0,4.0,2.0,4.0,1.0,1.0,8.0,7.0,5.0,15.0,58.0,16.0,3.0,-34.958333333333336,7.0,2.0,6.0,3.0,0.0,9.0,1.0,4.0,4.0,1.0,4.0,9.0,5.0,3.0,5.0,2.0,2.0,1.0,8.0,6.0,16.0,0.0
12747,7.0,2.0,6.0,3.0,0.0,9.0,1.0,4.0,4.0,1.0,4.0,9.0,5.0,3.0,5.0,2.0,2.0,1.0,8.0,6.0,16.0,70.0,49.0,72.0,-18.32833333333333,7.0,2.0,6.0,1.0,0.0,9.0,2.0,5.0,5.0,2.0,5.0,10.0,6.0,4.0,6.0,1.0,3.0,2.0,9.0,7.0,1.0,0.0
12748,7.0,2.0,6.0,1.0,0.0,9.0,2.0,5.0,5.0,2.0,5.0,10.0,6.0,4.0,6.0,1.0,3.0,2.0,9.0,7.0,1.0,65.0,7.0,52.0,-14.918333333333331,7.0,2.0,4.0,1.0,0.0,9.0,3.0,1.0,6.0,3.0,6.0,11.0,7.0,5.0,7.0,2.0,1.0,3.0,10.0,1.0,2.0,0.0
12749,7.0,2.0,4.0,1.0,0.0,9.0,3.0,1.0,6.0,3.0,6.0,11.0,7.0,5.0,7.0,2.0,1.0,3.0,10.0,1.0,2.0,46.0,42.0,12.0,-25.148333333333333,9.0,2.0,2.0,1.0,0.0,9.0,4.0,2.0,1.0,4.0,7.0,12.0,8.0,6.0,1.0,1.0,2.0,4.0,11.0,2.0,3.0,0.0
12750,9.0,2.0,2.0,1.0,0.0,9.0,4.0,2.0,1.0,4.0,7.0,12.0,8.0,6.0,1.0,1.0,2.0,4.0,11.0,2.0,3.0,65.0,67.0,28.0,-27.695,9.0,2.0,0.0,1.0,0.0,9.0,5.0,3.0,2.0,5.0,8.0,1.0,9.0,7.0,2.0,2.0,3.0,5.0,12.0,1.0,4.0,0.0
12751,9.0,2.0,0.0,1.0,0.0,9.0,5.0,3.0,2.0,5.0,8.0,1.0,9.0,7.0,2.0,2.0,3.0,5.0,12.0,1.0,4.0,65.0,64.0,52.0,-35.37833333333333,9.0,2.0,0.0,0.0,0.0,9.0,6.0,4.0,3.0,6.0,9.0,2.0,10.0,8.0,3.0,3.0,1.0,6.0,1.0,1.0,5.0,0.0
12752,9.0,2.0,0.0,0.0,0.0,9.0,6.0,4.0,3.0,6.0,9.0,2.0,10.0,8.0,3.0,3.0,1.0,6.0,1.0,1.0,5.0,46.0,64.0,52.0,-39.92,9.0,2.0,0.0,0.0,0.0,9.0,7.0,5.0,4.0,7.0,10.0,3.0,11.0,9.0,4.0,1.0,1.0,7.0,1.0,2.0,6.0,0.0
12753,9.0,2.0,0.0,0.0,0.0,9.0,7.0,5.0,4.0,7.0,10.0,3.0,11.0,9.0,4.0,1.0,1.0,7.0,1.0,2.0,6.0,46.0,64.0,52.0,-40.72,9.0,2.0,0.0,0.0,0.0,9.0,8.0,6.0,5.0,8.0,11.0,4.0,12.0,10.0,5.0,1.0,1.0,8.0,1.0,3.0,7.0,0.0
12754,9.0,2.0,0.0,0.0,0.0,9.0,8.0,6.0,5.0,8.0,11.0,4.0,12.0,10.0,5.0,1.0,1.0,8.0,1.0,3.0,7.0,46.0,64.0,52.0,-41.519999999999996,9.0,2.0,0.0,0.0,0.0,9.0,9.0,7.0,6.0,9.0,12.0,5.0,13.0,11.0,6.0,1.0,1.0,9.0,1.0,4.0,8.0,0.0
12755,9.0,2.0,0.0,0.0,0.0,9.0,9.0,7.0,6.0,9.0,12.0,5.0,13.0,11.0,6.0,1.0,1.0,9.0,1.0,4.0,8.0,46.0,6.0,52.0,-26.264999999999997,9.0,2.0,2.0,0.0,0.0,9.0,10.0,1.0,7.0,10.0,13.0,6.0,14.0,12.0,7.0,1.0,1.0,10.0,2.0,5.0,9.0,0.0
12756,9.0,2.0,2.0,0.0,0.0,9.0,10.0,1.0,7.0,10.0,13.0,6.0,14.0,12.0,7.0,1.0,1.0,10.0,2.0,5.0,9.0,22.0,31.0,0.0,-22.93833333333333,7.0,2.0,4.0,0.0,0.0,9.0,1.0,2.0,8.0,11.0,1.0,7.0,1.0,13.0,8.0,2.0,2.0,11.0,3.0,6.0,10.0,0.0
12757,7.0,2.0,4.0,0.0,0.0,9.0,1.0,2.0,8.0,11.0,1.0,7.0,1.0,13.0,8.0,2.0,2.0,11.0,3.0,6.0,10.0,35.0,16.0,15.0,-16.91333333333333,7.0,2.0,6.0,0.0,0.0,9.0,2.0,3.0,9.0,1.0,2.0,8.0,2.0,1.0,9.0,3.0,3.0,12.0,4.0,7.0,11.0,0.0
12758,7.0,2.0,6.0,0.0,0.0,9.0,2.0,3.0,9.0,1.0,2.0,8.0,2.0,1.0,9.0,3.0,3.0,12.0,4.0,7.0,11.0,58.0,49.0,59.0,-19.70333333333333,7.0,4.0,6.0,0.0,0.0,7.0,3.0,4.0,10.0,2.0,3.0,9.0,3.0,2.0,10.0,1.0,4.0,1.0,5.0,8.0,12.0,0.0
12759,7.0,4.0,6.0,0.0,0.0,7.0,3.0,4.0,10.0,2.0,3.0,9.0,3.0,2.0,10.0,1.0,4.0,1.0,5.0,8.0,12.0,46.0,26.0,65.0,-21.51833333333333,9.0,4.0,8.0,0.0,0.0,7.0,4.0,5.0,11.0,3.0,4.0,1.0,4.0,3.0,11.0,1.0,5.0,2.0,6.0,1.0,13.0,0.0
12760,9.0,4.0,8.0,0.0,0.0,7.0,4.0,5.0,11.0,3.0,4.0,1.0,4.0,3.0,11.0,1.0,5.0,2.0,6.0,1.0,13.0,52.0,5.0,12.0,-12.748333333333333,7.0,4.0,8.0,0.0,0.0,7.0,5.0,1.0,1.0,4.0,5.0,2.0,5.0,4.0,12.0,2.0,1.0,3.0,7.0,2.0,14.0,0.0
12761,7.0,4.0,8.0,0.0,0.0,7.0,5.0,1.0,1.0,4.0,5.0,2.0,5.0,4.0,12.0,2.0,1.0,3.0,7.0,2.0,14.0,46.0,62.0,52.0,-25.946666666666665,9.0,4.0,6.0,0.0,0.0,7.0,6.0,2.0,2.0,5.0,6.0,3.0,6.0,5.0,13.0,1.0,1.0,4.0,1.0,3.0,15.0,0.0
12762,9.0,4.0,6.0,0.0,0.0,7.0,6.0,2.0,2.0,5.0,6.0,3.0,6.0,5.0,13.0,1.0,1.0,4.0,1.0,3.0,15.0,46.0,5.0,52.0,-18.465,9.0,4.0,6.0,0.0,0.0,7.0,7.0,1.0,3.0,6.0,7.0,4.0,7.0,6.0,14.0,1.0,1.0,5.0,2.0,4.0,16.0,0.0
12763,9.0,4.0,6.0,0.0,0.0,7.0,7.0,1.0,3.0,6.0,7.0,4.0,7.0,6.0,14.0,1.0,1.0,5.0,2.0,4.0,16.0,46.0,5.0,52.0,-19.265,9.0,4.0,6.0,0.0,0.0,7.0,8.0,1.0,4.0,7.0,8.0,5.0,8.0,7.0,15.0,1.0,1.0,6.0,3.0,5.0,17.0,0.0
12764,9.0,4.0,6.0,0.0,0.0,7.0,8.0,1.0,4.0,7.0,8.0,5.0,8.0,7.0,15.0,1.0,1.0,6.0,3.0,5.0,17.0,46.0,5.0,52.0,-20.065,9.0,4.0,6.0,0.0,0.0,7.0,9.0,1.0,5.0,8.0,9.0,6.0,9.0,8.0,16.0,1.0,1.0,7.0,4.0,6.0,18.0,0.0
12765,9.0,4.0,6.0,0.0,0.0,7.0,9.0,1.0,5.0,8.0,9.0,6.0,9.0,8.0,16.0,1.0,1.0,7.0,4.0,6.0,18.0,46.0,5.0,52.0,-20.865000000000002,9.0,4.0,6.0,0.0,0.0,7.0,10.0,1.0,6.0,9.0,10.0,7.0,10.0,9.0,17.0,1.0,1.0,8.0,5.0,7.0,19.0,0.0
12766,9.0,4.0,6.0,0.0,0.0,7.0,10.0,1.0,6.0,9.0,10.0,7.0,10.0,9.0,17.0,1.0,1.0,8.0,5.0,7.0,19.0,46.0,42.0,52.0,-27.418333333333337,9.0,4.0,4.0,0.0,0.0,7.0,11.0,2.0,7.0,10.0,11.0,8.0,11.0,10.0,1.0,1.0,1.0,9.0,6.0,8.0,20.0,0.0
12767,9.0,4.0,4.0,0.0,0.0,7.0,11.0,2.0,7.0,10.0,11.0,8.0,11.0,10.0,1.0,1.0,1.0,9.0,6.0,8.0,20.0,65.0,19.0,34.0,-31.91,9.0,4.0,4.0,0.0,0.0,5.0,12.0,3.0,8.0,1.0,12.0,9.0,1.0,11.0,2.0,2.0,2.0,10.0,7.0,1.0,21.0,0.0
12768,9.0,4.0,4.0,0.0,0.0,5.0,12.0,3.0,8.0,1.0,12.0,9.0,1.0,11.0,2.0,2.0,2.0,10.0,7.0,1.0,21.0,35.0,0.0,47.0,-10.938333333333333,9.0,4.0,4.0,0.0,0.0,5.0,1.0,4.0,9.0,2.0,13.0,10.0,2.0,1.0,3.0,1.0,3.0,11.0,8.0,2.0,22.0,0.0
12769,9.0,4.0,4.0,0.0,0.0,5.0,1.0,4.0,9.0,2.0,13.0,10.0,2.0,1.0,3.0,1.0,3.0,11.0,8.0,2.0,22.0,38.0,19.0,12.0,-25.243333333333336,9.0,6.0,4.0,0.0,0.0,5.0,2.0,5.0,1.0,1.0,14.0,11.0,3.0,1.0,4.0,2.0,4.0,12.0,9.0,3.0,23.0,0.0
12770,9.0,6.0,4.0,0.0,0.0,5.0,2.0,5.0,1.0,1.0,14.0,11.0,3.0,1.0,4.0,2.0,4.0,12.0,9.0,3.0,23.0,38.0,19.0,47.0,-24.736666666666665,9.0,8.0,4.0,0.0,0.0,5.0,3.0,6.0,2.0,1.0,15.0,12.0,4.0,1.0,5.0,1.0,5.0,13.0,10.0,4.0,24.0,0.0
12771,9.0,8.0,4.0,0.0,0.0,5.0,3.0,6.0,2.0,1.0,15.0,12.0,4.0,1.0,5.0,1.0,5.0,13.0,10.0,4.0,24.0,38.0,19.0,25.0,-35.80833333333333,9.0,9.0,4.0,0.0,0.0,5.0,4.0,7.0,3.0,1.0,16.0,1.0,5.0,1.0,6.0,2.0,6.0,14.0,11.0,5.0,25.0,0.0
12772,9.0,9.0,4.0,0.0,0.0,5.0,4.0,7.0,3.0,1.0,16.0,1.0,5.0,1.0,6.0,2.0,6.0,14.0,11.0,5.0,25.0,38.0,19.0,63.0,-38.57666666666667,9.0,9.0,4.0,0.0,0.0,7.0,5.0,8.0,4.0,1.0,17.0,2.0,6.0,1.0,7.0,3.0,7.0,15.0,1.0,6.0,26.0,0.0
12773,9.0,9.0,4.0,0.0,0.0,7.0,5.0,8.0,4.0,1.0,17.0,2.0,6.0,1.0,7.0,3.0,7.0,15.0,1.0,6.0,26.0,46.0,19.0,76.0,-28.46,9.0,9.0,4.0,0.0,2.0,7.0,6.0,9.0,5.0,1.0,18.0,3.0,7.0,2.0,8.0,1.0,8.0,16.0,2.0,7.0,27.0,0.0
12774,9.0,9.0,4.0,0.0,2.0,7.0,6.0,9.0,5.0,1.0,18.0,3.0,7.0,2.0,8.0,1.0,8.0,16.0,2.0,7.0,27.0,70.0,19.0,66.0,-22.631666666666668,9.0,9.0,4.0,0.0,4.0,7.0,7.0,10.0,6.0,1.0,19.0,4.0,8.0,3.0,9.0,2.0,9.0,17.0,3.0,1.0,1.0,0.0
12775,9.0,9.0,4.0,0.0,4.0,7.0,7.0,10.0,6.0,1.0,19.0,4.0,8.0,3.0,9.0,2.0,9.0,17.0,3.0,1.0,1.0,46.0,55.0,12.0,-36.07,9.0,9.0,4.0,0.0,2.0,7.0,8.0,11.0,1.0,2.0,20.0,5.0,9.0,4.0,10.0,1.0,10.0,1.0,4.0,2.0,2.0,0.0
12776,9.0,9.0,4.0,0.0,2.0,7.0,8.0,11.0,1.0,2.0,20.0,5.0,9.0,4.0,10.0,1.0,10.0,1.0,4.0,2.0,2.0,65.0,19.0,52.0,-22.341666666666665,9.0,9.0,4.0,0.0,0.0,7.0,9.0,12.0,2.0,1.0,21.0,6.0,10.0,5.0,11.0,2.0,1.0,2.0,5.0,1.0,3.0,0.0
12777,9.0,9.0,4.0,0.0,0.0,7.0,9.0,12.0,2.0,1.0,21.0,6.0,10.0,5.0,11.0,2.0,1.0,2.0,5.0,1.0,3.0,46.0,31.0,14.0,-27.523333333333333,9.0,9.0,6.0,0.0,0.0,5.0,10.0,13.0,1.0,2.0,22.0,7.0,1.0,6.0,12.0,1.0,2.0,3.0,6.0,2.0,4.0,0.0
12778,9.0,9.0,6.0,0.0,0.0,5.0,10.0,13.0,1.0,2.0,22.0,7.0,1.0,6.0,12.0,1.0,2.0,3.0,6.0,2.0,4.0,46.0,19.0,21.0,-32.43666666666667,9.0,9.0,6.0,0.0,2.0,5.0,11.0,14.0,2.0,1.0,1.0,8.0,2.0,7.0,13.0,1.0,3.0,4.0,7.0,3.0,5.0,0.0
12779,9.0,9.0,6.0,0.0,2.0,5.0,11.0,14.0,2.0,1.0,1.0,8.0,2.0,7.0,13.0,1.0,3.0,4.0,7.0,3.0,5.0,55.0,7.0,72.0,-19.348333333333333,9.0,9.0,4.0,0.0,0.0,5.0,12.0,1.0,3.0,2.0,2.0,9.0,3.0,8.0,14.0,2.0,4.0,1.0,8.0,4.0,1.0,0.0
12780,9.0,9.0,4.0,0.0,0.0,5.0,12.0,1.0,3.0,2.0,2.0,9.0,3.0,8.0,14.0,2.0,4.0,1.0,8.0,4.0,1.0,35.0,42.0,52.0,-26.829999999999995,9.0,9.0,2.0,0.0,0.0,5.0,13.0,2.0,4.0,3.0,3.0,10.0,4.0,1.0,1.0,3.0,1.0,2.0,9.0,5.0,2.0,0.0
12781,9.0,9.0,2.0,0.0,0.0,5.0,13.0,2.0,4.0,3.0,3.0,10.0,4.0,1.0,1.0,3.0,1.0,2.0,9.0,5.0,2.0,65.0,9.0,47.0,-15.693333333333332,9.0,9.0,2.0,0.0,0.0,5.0,14.0,1.0,5.0,4.0,4.0,11.0,5.0,2.0,2.0,1.0,2.0,3.0,10.0,1.0,3.0,0.0
12782,9.0,9.0,2.0,0.0,0.0,5.0,14.0,1.0,5.0,4.0,4.0,11.0,5.0,2.0,2.0,1.0,2.0,3.0,10.0,1.0,3.0,2.0,9.0,63.0,-33.781666666666666,7.0,9.0,2.0,0.0,0.0,7.0,1.0,1.0,6.0,5.0,5.0,12.0,6.0,3.0,3.0,2.0,3.0,4.0,1.0,2.0,4.0,0.0
12783,7.0,9.0,2.0,0.0,0.0,7.0,1.0,1.0,6.0,5.0,5.0,12.0,6.0,3.0,3.0,2.0,3.0,4.0,1.0,2.0,4.0,54.0,16.0,12.0,-19.743333333333332,7.0,7.0,4.0,0.0,0.0,7.0,2.0,2.0,1.0,1.0,6.0,13.0,7.0,4.0,4.0,3.0,1.0,5.0,2.0,3.0,5.0,0.0
12784,7.0,7.0,4.0,0.0,0.0,7.0,2.0,2.0,1.0,1.0,6.0,13.0,7.0,4.0,4.0,3.0,1.0,5.0,2.0,3.0,5.0,65.0,9.0,65.0,-12.815,7.0,7.0,4.0,0.0,0.0,7.0,3.0,1.0,2.0,2.0,7.0,14.0,8.0,5.0,5.0,4.0,2.0,6.0,3.0,1.0,6.0,0.0
12785,7.0,7.0,4.0,0.0,0.0,7.0,3.0,1.0,2.0,2.0,7.0,14.0,8.0,5.0,5.0,4.0,2.0,6.0,3.0,1.0,6.0,35.0,9.0,65.0,-17.84333333333333,7.0,7.0,4.0,0.0,0.0,7.0,4.0,1.0,3.0,3.0,8.0,15.0,9.0,1.0,6.0,5.0,3.0,7.0,4.0,1.0,7.0,0.0
12786,7.0,7.0,4.0,0.0,0.0,7.0,4.0,1.0,3.0,3.0,8.0,15.0,9.0,1.0,6.0,5.0,3.0,7.0,4.0,1.0,7.0,46.0,9.0,52.0,-21.96333333333333,9.0,7.0,4.0,0.0,0.0,7.0,5.0,1.0,4.0,4.0,9.0,16.0,10.0,2.0,7.0,1.0,1.0,8.0,5.0,2.0,8.0,0.0
12787,9.0,7.0,4.0,0.0,0.0,7.0,5.0,1.0,4.0,4.0,9.0,16.0,10.0,2.0,7.0,1.0,1.0,8.0,5.0,2.0,8.0,68.0,31.0,12.0,-18.02166666666667,9.0,9.0,6.0,0.0,0.0,7.0,6.0,2.0,1.0,5.0,10.0,17.0,1.0,3.0,8.0,2.0,2.0,9.0,6.0,1.0,9.0,0.0
12788,9.0,9.0,6.0,0.0,0.0,7.0,6.0,2.0,1.0,5.0,10.0,17.0,1.0,3.0,8.0,2.0,2.0,9.0,6.0,1.0,9.0,68.0,19.0,4.0,-24.421666666666663,9.0,9.0,6.0,0.0,0.0,5.0,1.0,3.0,2.0,1.0,11.0,18.0,2.0,4.0,9.0,3.0,3.0,10.0,7.0,1.0,10.0,0.0
12789,9.0,9.0,6.0,0.0,0.0,5.0,1.0,3.0,2.0,1.0,11.0,18.0,2.0,4.0,9.0,3.0,3.0,10.0,7.0,1.0,10.0,25.0,19.0,66.0,-19.28333333333333,9.0,9.0,6.0,0.0,2.0,5.0,2.0,4.0,3.0,1.0,12.0,1.0,3.0,5.0,10.0,4.0,4.0,11.0,8.0,1.0,11.0,0.0
12790,9.0,9.0,6.0,0.0,2.0,5.0,2.0,4.0,3.0,1.0,12.0,1.0,3.0,5.0,10.0,4.0,4.0,11.0,8.0,1.0,11.0,46.0,62.0,66.0,-30.731666666666662,9.0,9.0,4.0,0.0,4.0,5.0,3.0,5.0,4.0,2.0,13.0,2.0,4.0,6.0,11.0,1.0,5.0,12.0,1.0,1.0,12.0,0.0
12791,9.0,9.0,4.0,0.0,4.0,5.0,3.0,5.0,4.0,2.0,13.0,2.0,4.0,6.0,11.0,1.0,5.0,12.0,1.0,1.0,12.0,68.0,30.0,76.0,-15.43333333333333,9.0,9.0,4.0,0.0,6.0,5.0,4.0,6.0,5.0,3.0,14.0,3.0,1.0,7.0,12.0,2.0,6.0,13.0,2.0,1.0,13.0,0.0
12792,9.0,9.0,4.0,0.0,6.0,5.0,4.0,6.0,5.0,3.0,14.0,3.0,1.0,7.0,12.0,2.0,6.0,13.0,2.0,1.0,13.0,68.0,19.0,66.0,-20.66166666666667,9.0,9.0,4.0,0.0,8.0,5.0,5.0,7.0,6.0,1.0,15.0,4.0,2.0,8.0,13.0,3.0,7.0,14.0,3.0,1.0,14.0,0.0
12793,9.0,9.0,4.0,0.0,8.0,5.0,5.0,7.0,6.0,1.0,15.0,4.0,2.0,8.0,13.0,3.0,7.0,14.0,3.0,1.0,14.0,68.0,30.0,72.0,-20.06333333333333,9.0,9.0,4.0,0.0,6.0,5.0,6.0,8.0,7.0,2.0,16.0,5.0,1.0,9.0,14.0,4.0,8.0,15.0,4.0,1.0,1.0,0.0
12794,9.0,9.0,4.0,0.0,6.0,5.0,6.0,8.0,7.0,2.0,16.0,5.0,1.0,9.0,14.0,4.0,8.0,15.0,4.0,1.0,1.0,55.0,55.0,66.0,-32.39666666666667,9.0,9.0,4.0,0.0,8.0,5.0,7.0,9.0,8.0,3.0,17.0,6.0,2.0,10.0,15.0,5.0,9.0,1.0,5.0,1.0,2.0,0.0
12795,9.0,9.0,4.0,0.0,8.0,5.0,7.0,9.0,8.0,3.0,17.0,6.0,2.0,10.0,15.0,5.0,9.0,1.0,5.0,1.0,2.0,46.0,30.0,14.0,-27.436666666666667,9.0,9.0,4.0,0.0,8.0,3.0,8.0,10.0,1.0,4.0,18.0,7.0,1.0,11.0,16.0,1.0,10.0,2.0,6.0,2.0,3.0,0.0
12796,9.0,9.0,4.0,0.0,8.0,3.0,8.0,10.0,1.0,4.0,18.0,7.0,1.0,11.0,16.0,1.0,10.0,2.0,6.0,2.0,3.0,35.0,19.0,9.0,-25.064999999999998,9.0,9.0,4.0,0.0,8.0,1.0,9.0,1.0,2.0,1.0,19.0,8.0,2.0,1.0,17.0,2.0,11.0,3.0,7.0,3.0,4.0,0.0
12797,9.0,9.0,4.0,0.0,8.0,1.0,9.0,1.0,2.0,1.0,19.0,8.0,2.0,1.0,17.0,2.0,11.0,3.0,7.0,3.0,4.0,2.0,19.0,21.0,-28.006666666666664,7.0,9.0,4.0,0.0,9.0,1.0,1.0,2.0,3.0,1.0,1.0,9.0,3.0,2.0,18.0,3.0,12.0,4.0,8.0,4.0,5.0,0.0
12798,7.0,9.0,4.0,0.0,9.0,1.0,1.0,2.0,3.0,1.0,1.0,9.0,3.0,2.0,18.0,3.0,12.0,4.0,8.0,4.0,5.0,25.0,29.0,72.0,-26.05833333333333,7.0,9.0,4.0,0.0,7.0,1.0,2.0,3.0,4.0,2.0,2.0,1.0,4.0,3.0,19.0,4.0,13.0,5.0,9.0,5.0,1.0,0.0
12799,7.0,9.0,4.0,0.0,7.0,1.0,2.0,3.0,4.0,2.0,2.0,1.0,4.0,3.0,19.0,4.0,13.0,5.0,9.0,5.0,1.0,64.0,42.0,17.0,-19.78833333333333,7.0,7.0,2.0,0.0,5.0,1.0,3.0,4.0,5.0,1.0,3.0,2.0,5.0,4.0,1.0,5.0,14.0,6.0,1.0,6.0,2.0,1.0
12800,8.0,8.0,9.0,4.0,9.0,6.0,1.0,1.0,1.0,1.0,1.0,1.0,1.0,1.0,1.0,1.0,1.0,1.0,1.0,1.0,1.0,68.0,9.0,65.0,-9.461666666666666,8.0,9.0,9.0,2.0,9.0,6.0,2.0,1.0,2.0,2.0,2.0,2.0,2.0,2.0,2.0,2.0,2.0,2.0,2.0,1.0,2.0,0.0
12801,8.0,9.0,9.0,2.0,9.0,6.0,2.0,1.0,2.0,2.0,2.0,2.0,2.0,2.0,2.0,2.0,2.0,2.0,2.0,1.0,2.0,68.0,9.0,76.0,-8.158333333333331,8.0,9.0,9.0,0.0,9.0,6.0,3.0,1.0,3.0,3.0,3.0,3.0,3.0,3.0,3.0,3.0,3.0,3.0,3.0,1.0,3.0,0.0
12802,8.0,9.0,9.0,0.0,9.0,6.0,3.0,1.0,3.0,3.0,3.0,3.0,3.0,3.0,3.0,3.0,3.0,3.0,3.0,1.0,3.0,68.0,9.0,76.0,-9.024999999999999,8.0,9.0,9.0,0.0,9.0,6.0,4.0,1.0,4.0,4.0,4.0,4.0,4.0,4.0,4.0,4.0,4.0,4.0,4.0,1.0,4.0,0.0
12803,8.0,9.0,9.0,0.0,9.0,6.0,4.0,1.0,4.0,4.0,4.0,4.0,4.0,4.0,4.0,4.0,4.0,4.0,4.0,1.0,4.0,68.0,9.0,76.0,-9.891666666666666,8.0,9.0,9.0,0.0,9.0,6.0,5.0,1.0,5.0,5.0,5.0,5.0,5.0,5.0,5.0,5.0,5.0,5.0,5.0,1.0,5.0,0.0
12804,8.0,9.0,9.0,0.0,9.0,6.0,5.0,1.0,5.0,5.0,5.0,5.0,5.0,5.0,5.0,5.0,5.0,5.0,5.0,1.0,5.0,68.0,9.0,65.0,-13.548333333333332,8.0,9.0,9.0,0.0,9.0,6.0,6.0,1.0,6.0,6.0,6.0,6.0,6.0,6.0,6.0,6.0,6.0,6.0,6.0,1.0,6.0,0.0
12805,8.0,9.0,9.0,0.0,9.0,6.0,6.0,1.0,6.0,6.0,6.0,6.0,6.0,6.0,6.0,6.0,6.0,6.0,6.0,1.0,6.0,68.0,9.0,1.0,-20.834999999999997,8.0,9.0,9.0,0.0,9.0,6.0,1.0,1.0,7.0,7.0,7.0,7.0,7.0,7.0,7.0,7.0,7.0,7.0,7.0,1.0,7.0,0.0
12806,8.0,9.0,9.0,0.0,9.0,6.0,1.0,1.0,7.0,7.0,7.0,7.0,7.0,7.0,7.0,7.0,7.0,7.0,7.0,1.0,7.0,54.0,9.0,65.0,-14.415,8.0,7.0,9.0,0.0,9.0,6.0,2.0,1.0,8.0,8.0,8.0,8.0,8.0,8.0,8.0,8.0,1.0,8.0,8.0,1.0,8.0,0.0
12807,8.0,7.0,9.0,0.0,9.0,6.0,2.0,1.0,8.0,8.0,8.0,8.0,8.0,8.0,8.0,8.0,1.0,8.0,8.0,1.0,8.0,68.0,9.0,1.0,-21.96833333333333,8.0,9.0,9.0,0.0,9.0,6.0,1.0,1.0,9.0,9.0,9.0,9.0,9.0,9.0,9.0,9.0,2.0,9.0,9.0,1.0,9.0,0.0
12808,8.0,9.0,9.0,0.0,9.0,6.0,1.0,1.0,9.0,9.0,9.0,9.0,9.0,9.0,9.0,9.0,2.0,9.0,9.0,1.0,9.0,70.0,9.0,1.0,-24.094999999999995,8.0,9.0,9.0,0.0,9.0,6.0,1.0,1.0,10.0,10.0,10.0,10.0,10.0,10.0,10.0,10.0,3.0,10.0,10.0,2.0,1.0,0.0
12809,8.0,9.0,9.0,0.0,9.0,6.0,1.0,1.0,10.0,10.0,10.0,10.0,10.0,10.0,10.0,10.0,3.0,10.0,10.0,2.0,1.0,11.0,9.0,1.0,-20.574999999999996,9.0,9.0,9.0,0.0,9.0,6.0,1.0,1.0,1.0,11.0,11.0,11.0,11.0,11.0,11.0,11.0,4.0,11.0,11.0,3.0,2.0,0.0
12810,9.0,9.0,9.0,0.0,9.0,6.0,1.0,1.0,1.0,11.0,11.0,11.0,11.0,11.0,11.0,11.0,4.0,11.0,11.0,3.0,2.0,25.0,18.0,1.0,-31.821666666666665,9.0,9.0,9.0,2.0,9.0,6.0,1.0,2.0,2.0,1.0,12.0,1.0,12.0,12.0,12.0,12.0,5.0,12.0,12.0,4.0,3.0,0.0
12811,9.0,9.0,9.0,2.0,9.0,6.0,1.0,2.0,2.0,1.0,12.0,1.0,12.0,12.0,12.0,12.0,5.0,12.0,12.0,4.0,3.0,25.0,5.0,76.0,-11.231666666666667,9.0,9.0,9.0,2.0,9.0,6.0,2.0,1.0,3.0,2.0,13.0,1.0,13.0,13.0,13.0,13.0,6.0,13.0,13.0,5.0,4.0,0.0
12812,9.0,9.0,9.0,2.0,9.0,6.0,2.0,1.0,3.0,2.0,13.0,1.0,13.0,13.0,13.0,13.0,6.0,13.0,13.0,5.0,4.0,24.0,5.0,44.0,-14.461666666666666,9.0,7.0,9.0,2.0,9.0,4.0,3.0,1.0,4.0,3.0,1.0,2.0,14.0,14.0,1.0,14.0,7.0,14.0,14.0,6.0,5.0,0.0
12813,9.0,7.0,9.0,2.0,9.0,4.0,3.0,1.0,4.0,3.0,1.0,2.0,14.0,14.0,1.0,14.0,7.0,14.0,14.0,6.0,5.0,52.0,9.0,44.0,-19.511666666666667,7.0,7.0,9.0,0.0,9.0,2.0,4.0,1.0,5.0,4.0,2.0,3.0,15.0,15.0,1.0,15.0,1.0,15.0,15.0,7.0,6.0,0.0
12814,7.0,7.0,9.0,0.0,9.0,2.0,4.0,1.0,5.0,4.0,2.0,3.0,15.0,15.0,1.0,15.0,1.0,15.0,15.0,7.0,6.0,25.0,9.0,1.0,-15.948333333333334,7.0,7.0,9.0,0.0,9.0,2.0,1.0,1.0,6.0,5.0,3.0,1.0,16.0,16.0,2.0,16.0,2.0,16.0,16.0,8.0,7.0,0.0
12815,7.0,7.0,9.0,0.0,9.0,2.0,1.0,1.0,6.0,5.0,3.0,1.0,16.0,16.0,2.0,16.0,2.0,16.0,16.0,8.0,7.0,52.0,9.0,1.0,-17.456666666666667,5.0,7.0,9.0,0.0,9.0,2.0,1.0,1.0,7.0,6.0,4.0,2.0,17.0,17.0,3.0,17.0,1.0,17.0,17.0,9.0,8.0,0.0
12816,5.0,7.0,9.0,0.0,9.0,2.0,1.0,1.0,7.0,6.0,4.0,2.0,17.0,17.0,3.0,17.0,1.0,17.0,17.0,9.0,8.0,52.0,9.0,1.0,-18.256666666666668,3.0,7.0,9.0,0.0,9.0,2.0,1.0,1.0,8.0,7.0,5.0,3.0,18.0,18.0,4.0,18.0,1.0,18.0,18.0,10.0,9.0,0.0
12817,3.0,7.0,9.0,0.0,9.0,2.0,1.0,1.0,8.0,7.0,5.0,3.0,18.0,18.0,4.0,18.0,1.0,18.0,18.0,10.0,9.0,52.0,18.0,1.0,-31.056666666666665,1.0,7.0,9.0,2.0,9.0,2.0,1.0,2.0,9.0,1.0,6.0,4.0,19.0,19.0,5.0,19.0,1.0,19.0,19.0,11.0,10.0,0.0
12818,1.0,7.0,9.0,2.0,9.0,2.0,1.0,2.0,9.0,1.0,6.0,4.0,19.0,19.0,5.0,19.0,1.0,19.0,19.0,11.0,10.0,25.0,5.0,44.0,-30.703333333333333,1.0,7.0,9.0,2.0,9.0,0.0,2.0,1.0,10.0,2.0,7.0,1.0,20.0,20.0,1.0,20.0,2.0,20.0,20.0,12.0,11.0,0.0
12819,1.0,7.0,9.0,2.0,9.0,0.0,2.0,1.0,10.0,2.0,7.0,1.0,20.0,20.0,1.0,20.0,2.0,20.0,20.0,12.0,11.0,25.0,5.0,44.0,-31.50333333333333,1.0,7.0,9.0,2.0,9.0,0.0,3.0,1.0,11.0,3.0,8.0,1.0,21.0,21.0,1.0,21.0,3.0,21.0,21.0,13.0,12.0,0.0
12820,1.0,7.0,9.0,2.0,9.0,0.0,3.0,1.0,11.0,3.0,8.0,1.0,21.0,21.0,1.0,21.0,3.0,21.0,21.0,13.0,12.0,52.0,18.0,44.0,-37.61666666666667,0.0,7.0,9.0,4.0,9.0,0.0,4.0,2.0,12.0,1.0,9.0,2.0,22.0,22.0,1.0,22.0,1.0,22.0,22.0,14.0,13.0,0.0
12821,0.0,7.0,9.0,4.0,9.0,0.0,4.0,2.0,12.0,1.0,9.0,2.0,22.0,22.0,1.0,22.0,1.0,22.0,22.0,14.0,13.0,25.0,5.0,44.0,-35.64833333333333,0.0,7.0,9.0,4.0,9.0,0.0,5.0,1.0,13.0,2.0,10.0,1.0,23.0,23.0,1.0,23.0,2.0,23.0,23.0,15.0,14.0,0.0
12822,0.0,7.0,9.0,4.0,9.0,0.0,5.0,1.0,13.0,2.0,10.0,1.0,23.0,23.0,1.0,23.0,2.0,23.0,23.0,15.0,14.0,52.0,5.0,44.0,-29.71666666666666,0.0,7.0,9.0,4.0,9.0,0.0,6.0,1.0,14.0,3.0,11.0,2.0,24.0,24.0,1.0,24.0,1.0,24.0,24.0,16.0,15.0,0.0
12823,0.0,7.0,9.0,4.0,9.0,0.0,6.0,1.0,14.0,3.0,11.0,2.0,24.0,24.0,1.0,24.0,1.0,24.0,24.0,16.0,15.0,52.0,5.0,44.0,-30.516666666666666,0.0,7.0,9.0,4.0,9.0,0.0,7.0,1.0,15.0,4.0,12.0,3.0,25.0,25.0,1.0,25.0,1.0,25.0,25.0,17.0,16.0,0.0
12824,0.0,7.0,9.0,4.0,9.0,0.0,7.0,1.0,15.0,4.0,12.0,3.0,25.0,25.0,1.0,25.0,1.0,25.0,25.0,17.0,16.0,46.0,18.0,44.0,-36.80166666666667,2.0,7.0,9.0,6.0,9.0,0.0,8.0,2.0,16.0,1.0,13.0,4.0,26.0,26.0,1.0,1.0,2.0,26.0,26.0,18.0,17.0,0.0
12825,2.0,7.0,9.0,6.0,9.0,0.0,8.0,2.0,16.0,1.0,13.0,4.0,26.0,26.0,1.0,1.0,2.0,26.0,26.0,18.0,17.0,64.0,5.0,44.0,-34.78333333333333,2.0,5.0,9.0,6.0,9.0,0.0,9.0,1.0,17.0,2.0,14.0,5.0,27.0,27.0,1.0,2.0,3.0,27.0,1.0,19.0,18.0,0.0
12826,2.0,5.0,9.0,6.0,9.0,0.0,9.0,1.0,17.0,2.0,14.0,5.0,27.0,27.0,1.0,2.0,3.0,27.0,1.0,19.0,18.0,37.0,5.0,0.0,-27.426666666666666,0.0,5.0,9.0,6.0,9.0,0.0,1.0,1.0,18.0,3.0,15.0,6.0,28.0,1.0,2.0,3.0,4.0,28.0,2.0,20.0,19.0,0.0
12827,0.0,5.0,9.0,6.0,9.0,0.0,1.0,1.0,18.0,3.0,15.0,6.0,28.0,1.0,2.0,3.0,4.0,28.0,2.0,20.0,19.0,31.0,16.0,0.0,-35.12833333333333,2.0,5.0,9.0,6.0,9.0,0.0,1.0,2.0,19.0,1.0,16.0,7.0,1.0,2.0,3.0,4.0,5.0,29.0,3.0,21.0,20.0,0.0
12828,2.0,5.0,9.0,6.0,9.0,0.0,1.0,2.0,19.0,1.0,16.0,7.0,1.0,2.0,3.0,4.0,5.0,29.0,3.0,21.0,20.0,24.0,57.0,66.0,-23.82333333333333,2.0,3.0,7.0,6.0,9.0,0.0,2.0,3.0,20.0,2.0,1.0,8.0,2.0,3.0,4.0,5.0,6.0,1.0,4.0,1.0,21.0,0.0
12829,2.0,3.0,7.0,6.0,9.0,0.0,2.0,3.0,20.0,2.0,1.0,8.0,2.0,3.0,4.0,5.0,6.0,1.0,4.0,1.0,21.0,70.0,5.0,72.0,-25.548333333333336,2.0,3.0,7.0,6.0,7.0,0.0,3.0,1.0,21.0,3.0,2.0,9.0,3.0,4.0,5.0,6.0,7.0,2.0,5.0,2.0,1.0,0.0
12830,2.0,3.0,7.0,6.0,7.0,0.0,3.0,1.0,21.0,3.0,2.0,9.0,3.0,4.0,5.0,6.0,7.0,2.0,5.0,2.0,1.0,11.0,12.0,12.0,-16.15833333333333,4.0,3.0,5.0,6.0,5.0,0.0,4.0,2.0,1.0,4.0,3.0,10.0,4.0,5.0,6.0,7.0,8.0,3.0,6.0,3.0,2.0,0.0
12831,4.0,3.0,5.0,6.0,5.0,0.0,4.0,2.0,1.0,4.0,3.0,10.0,4.0,5.0,6.0,7.0,8.0,3.0,6.0,3.0,2.0,24.0,18.0,65.0,-16.181666666666665,4.0,1.0,5.0,8.0,5.0,0.0,5.0,3.0,2.0,1.0,1.0,11.0,5.0,6.0,7.0,8.0,9.0,4.0,7.0,1.0,3.0,0.0
12832,4.0,1.0,5.0,8.0,5.0,0.0,5.0,3.0,2.0,1.0,1.0,11.0,5.0,6.0,7.0,8.0,9.0,4.0,7.0,1.0,3.0,24.0,18.0,65.0,-19.151666666666667,4.0,0.0,5.0,9.0,5.0,0.0,6.0,4.0,3.0,1.0,1.0,12.0,6.0,7.0,8.0,9.0,10.0,5.0,8.0,1.0,4.0,0.0
12833,4.0,0.0,5.0,9.0,5.0,0.0,6.0,4.0,3.0,1.0,1.0,12.0,6.0,7.0,8.0,9.0,10.0,5.0,8.0,1.0,4.0,24.0,18.0,65.0,-19.951666666666668,4.0,0.0,5.0,9.0,5.0,0.0,7.0,5.0,4.0,1.0,1.0,13.0,7.0,8.0,9.0,10.0,11.0,6.0,9.0,1.0,5.0,0.0
12834,4.0,0.0,5.0,9.0,5.0,0.0,7.0,5.0,4.0,1.0,1.0,13.0,7.0,8.0,9.0,10.0,11.0,6.0,9.0,1.0,5.0,24.0,2.0,72.0,-32.33,4.0,0.0,3.0,9.0,3.0,0.0,1.0,6.0,5.0,2.0,1.0,14.0,8.0,9.0,10.0,11.0,12.0,7.0,10.0,2.0,1.0,0.0
12835,4.0,0.0,3.0,9.0,3.0,0.0,1.0,6.0,5.0,2.0,1.0,14.0,8.0,9.0,10.0,11.0,12.0,7.0,10.0,2.0,1.0,24.0,18.0,66.0,-18.891666666666666,4.0,0.0,3.0,9.0,5.0,0.0,2.0,7.0,6.0,1.0,1.0,15.0,9.0,10.0,11.0,12.0,13.0,8.0,11.0,1.0,2.0,0.0
12836,4.0,0.0,3.0,9.0,5.0,0.0,2.0,7.0,6.0,1.0,1.0,15.0,9.0,10.0,11.0,12.0,13.0,8.0,11.0,1.0,2.0,11.0,18.0,66.0,-22.303333333333335,6.0,0.0,3.0,9.0,7.0,0.0,3.0,8.0,1.0,1.0,2.0,16.0,10.0,11.0,12.0,13.0,14.0,9.0,12.0,1.0,3.0,0.0
12837,6.0,0.0,3.0,9.0,7.0,0.0,3.0,8.0,1.0,1.0,2.0,16.0,10.0,11.0,12.0,13.0,14.0,9.0,12.0,1.0,3.0,25.0,18.0,66.0,-20.86333333333333,6.0,0.0,3.0,9.0,9.0,0.0,4.0,9.0,2.0,1.0,3.0,1.0,11.0,12.0,13.0,14.0,15.0,10.0,13.0,1.0,4.0,0.0
12838,6.0,0.0,3.0,9.0,9.0,0.0,4.0,9.0,2.0,1.0,3.0,1.0,11.0,12.0,13.0,14.0,15.0,10.0,13.0,1.0,4.0,24.0,45.0,9.0,-18.27,6.0,0.0,3.0,9.0,9.0,0.0,5.0,1.0,3.0,2.0,1.0,2.0,12.0,13.0,14.0,1.0,16.0,11.0,14.0,2.0,5.0,0.0
12839,6.0,0.0,3.0,9.0,9.0,0.0,5.0,1.0,3.0,2.0,1.0,2.0,12.0,13.0,14.0,1.0,16.0,11.0,14.0,2.0,5.0,64.0,5.0,44.0,-36.86666666666667,6.0,0.0,3.0,9.0,9.0,0.0,6.0,1.0,4.0,3.0,2.0,3.0,13.0,14.0,1.0,2.0,17.0,12.0,1.0,3.0,6.0,0.0
12840,6.0,0.0,3.0,9.0,9.0,0.0,6.0,1.0,4.0,3.0,2.0,3.0,13.0,14.0,1.0,2.0,17.0,12.0,1.0,3.0,6.0,51.0,2.0,54.0,-27.65333333333333,8.0,0.0,1.0,9.0,9.0,0.0,1.0,2.0,5.0,4.0,3.0,4.0,14.0,15.0,2.0,3.0,1.0,13.0,2.0,4.0,7.0,0.0
12841,8.0,0.0,1.0,9.0,9.0,0.0,1.0,2.0,5.0,4.0,3.0,4.0,14.0,15.0,2.0,3.0,1.0,13.0,2.0,4.0,7.0,36.0,5.0,34.0,-19.611666666666668,9.0,0.0,1.0,9.0,9.0,0.0,2.0,1.0,6.0,5.0,4.0,5.0,1.0,1.0,3.0,4.0,2.0,14.0,3.0,5.0,8.0,0.0
12842,9.0,0.0,1.0,9.0,9.0,0.0,2.0,1.0,6.0,5.0,4.0,5.0,1.0,1.0,3.0,4.0,2.0,14.0,3.0,5.0,8.0,24.0,57.0,66.0,-15.203333333333333,9.0,0.0,0.0,9.0,9.0,0.0,3.0,2.0,7.0,6.0,1.0,6.0,2.0,2.0,4.0,5.0,3.0,1.0,4.0,1.0,9.0,0.0
12843,9.0,0.0,0.0,9.0,9.0,0.0,3.0,2.0,7.0,6.0,1.0,6.0,2.0,2.0,4.0,5.0,3.0,1.0,4.0,1.0,9.0,51.0,44.0,12.0,-20.85,9.0,0.0,0.0,7.0,7.0,0.0,4.0,3.0,1.0,7.0,2.0,7.0,3.0,3.0,1.0,6.0,1.0,2.0,5.0,2.0,10.0,0.0
12844,9.0,0.0,0.0,7.0,7.0,0.0,4.0,3.0,1.0,7.0,2.0,7.0,3.0,3.0,1.0,6.0,1.0,2.0,5.0,2.0,10.0,43.0,18.0,28.0,-15.114999999999998,9.0,2.0,0.0,9.0,7.0,2.0,5.0,4.0,2.0,1.0,3.0,1.0,4.0,4.0,1.0,7.0,2.0,3.0,6.0,3.0,11.0,0.0
12845,9.0,2.0,0.0,9.0,7.0,2.0,5.0,4.0,2.0,1.0,3.0,1.0,4.0,4.0,1.0,7.0,2.0,3.0,6.0,3.0,11.0,51.0,5.0,72.0,-30.791666666666668,9.0,2.0,0.0,9.0,5.0,2.0,6.0,1.0,3.0,2.0,4.0,2.0,5.0,5.0,2.0,8.0,1.0,4.0,7.0,4.0,1.0,0.0
12846,9.0,2.0,0.0,9.0,5.0,2.0,6.0,1.0,3.0,2.0,4.0,2.0,5.0,5.0,2.0,8.0,1.0,4.0,7.0,4.0,1.0,11.0,45.0,47.0,-16.178333333333335,9.0,2.0,0.0,9.0,3.0,2.0,7.0,2.0,1.0,3.0,5.0,3.0,6.0,6.0,3.0,1.0,2.0,5.0,8.0,5.0,2.0,0.0
12847,9.0,2.0,0.0,9.0,3.0,2.0,7.0,2.0,1.0,3.0,5.0,3.0,6.0,6.0,3.0,1.0,2.0,5.0,8.0,5.0,2.0,24.0,67.0,67.0,-19.456666666666663,9.0,0.0,0.0,9.0,1.0,2.0,8.0,3.0,2.0,4.0,1.0,4.0,7.0,7.0,4.0,2.0,3.0,6.0,9.0,1.0,3.0,0.0
12848,9.0,0.0,0.0,9.0,1.0,2.0,8.0,3.0,2.0,4.0,1.0,4.0,7.0,7.0,4.0,2.0,3.0,6.0,9.0,1.0,3.0,6.0,44.0,44.0,-17.974999999999998,9.0,0.0,0.0,7.0,1.0,0.0,9.0,1.0,3.0,5.0,2.0,5.0,8.0,8.0,1.0,3.0,4.0,7.0,10.0,2.0,4.0,0.0
12849,9.0,0.0,0.0,7.0,1.0,0.0,9.0,1.0,3.0,5.0,2.0,5.0,8.0,8.0,1.0,3.0,4.0,7.0,10.0,2.0,4.0,11.0,45.0,28.0,-26.611666666666665,9.0,0.0,0.0,7.0,1.0,2.0,10.0,2.0,1.0,6.0,3.0,1.0,9.0,9.0,2.0,1.0,5.0,8.0,11.0,3.0,5.0,0.0
12850,9.0,0.0,0.0,7.0,1.0,2.0,10.0,2.0,1.0,6.0,3.0,1.0,9.0,9.0,2.0,1.0,5.0,8.0,11.0,3.0,5.0,36.0,74.0,9.0,-15.23,9.0,0.0,0.0,5.0,1.0,0.0,11.0,1.0,2.0,7.0,4.0,2.0,10.0,1.0,3.0,2.0,6.0,9.0,12.0,4.0,1.0,0.0
12851,9.0,0.0,0.0,5.0,1.0,0.0,11.0,1.0,2.0,7.0,4.0,2.0,10.0,1.0,3.0,2.0,6.0,9.0,12.0,4.0,1.0,31.0,45.0,9.0,-13.193333333333335,9.0,0.0,0.0,5.0,1.0,0.0,12.0,1.0,3.0,8.0,5.0,3.0,1.0,2.0,4.0,1.0,7.0,10.0,13.0,5.0,2.0,0.0
12852,9.0,0.0,0.0,5.0,1.0,0.0,12.0,1.0,3.0,8.0,5.0,3.0,1.0,2.0,4.0,1.0,7.0,10.0,13.0,5.0,2.0,0.0,50.0,9.0,-19.835,9.0,0.0,0.0,5.0,1.0,0.0,1.0,1.0,4.0,9.0,6.0,4.0,2.0,3.0,5.0,2.0,1.0,11.0,14.0,6.0,3.0,0.0
12853,9.0,0.0,0.0,5.0,1.0,0.0,1.0,1.0,4.0,9.0,6.0,4.0,2.0,3.0,5.0,2.0,1.0,11.0,14.0,6.0,3.0,6.0,57.0,12.0,-22.248333333333335,9.0,0.0,0.0,5.0,0.0,0.0,2.0,1.0,1.0,10.0,7.0,5.0,3.0,4.0,6.0,3.0,2.0,1.0,15.0,7.0,4.0,0.0
12854,9.0,0.0,0.0,5.0,0.0,0.0,2.0,1.0,1.0,10.0,7.0,5.0,3.0,4.0,6.0,3.0,2.0,1.0,15.0,7.0,4.0,26.0,18.0,28.0,-20.85333333333333,9.0,0.0,0.0,7.0,0.0,2.0,3.0,2.0,2.0,1.0,8.0,1.0,4.0,5.0,7.0,4.0,3.0,2.0,16.0,8.0,5.0,0.0
12855,9.0,0.0,0.0,7.0,0.0,2.0,3.0,2.0,2.0,1.0,8.0,1.0,4.0,5.0,7.0,4.0,3.0,2.0,16.0,8.0,5.0,62.0,44.0,63.0,-29.929999999999996,7.0,0.0,0.0,5.0,0.0,4.0,4.0,3.0,3.0,2.0,9.0,2.0,5.0,6.0,1.0,5.0,4.0,3.0,1.0,9.0,6.0,0.0
12856,7.0,0.0,0.0,5.0,0.0,4.0,4.0,3.0,3.0,2.0,9.0,2.0,5.0,6.0,1.0,5.0,4.0,3.0,1.0,9.0,6.0,51.0,74.0,65.0,-19.27833333333333,9.0,0.0,0.0,3.0,0.0,4.0,5.0,4.0,4.0,3.0,10.0,3.0,6.0,7.0,2.0,6.0,1.0,4.0,2.0,1.0,1.0,0.0
12857,9.0,0.0,0.0,3.0,0.0,4.0,5.0,4.0,4.0,3.0,10.0,3.0,6.0,7.0,2.0,6.0,1.0,4.0,2.0,1.0,1.0,24.0,6.0,58.0,-14.27333333333333,9.0,0.0,2.0,3.0,0.0,6.0,6.0,1.0,5.0,4.0,1.0,4.0,7.0,8.0,3.0,7.0,2.0,1.0,3.0,2.0,2.0,0.0
12858,9.0,0.0,2.0,3.0,0.0,6.0,6.0,1.0,5.0,4.0,1.0,4.0,7.0,8.0,3.0,7.0,2.0,1.0,3.0,2.0,2.0,51.0,5.0,44.0,-19.05833333333333,9.0,0.0,2.0,3.0,0.0,4.0,7.0,1.0,6.0,5.0,2.0,5.0,8.0,9.0,1.0,8.0,1.0,2.0,4.0,3.0,3.0,0.0
12859,9.0,0.0,2.0,3.0,0.0,4.0,7.0,1.0,6.0,5.0,2.0,5.0,8.0,9.0,1.0,8.0,1.0,2.0,4.0,3.0,3.0,11.0,0.0,44.0,-20.985,9.0,0.0,2.0,3.0,0.0,2.0,1.0,2.0,1.0,6.0,3.0,6.0,9.0,10.0,1.0,9.0,2.0,3.0,5.0,4.0,4.0,0.0
12860,9.0,0.0,2.0,3.0,0.0,2.0,1.0,2.0,1.0,6.0,3.0,6.0,9.0,10.0,1.0,9.0,2.0,3.0,5.0,4.0,4.0,43.0,30.0,34.0,-33.873333333333335,9.0,2.0,2.0,3.0,0.0,0.0,2.0,3.0,2.0,7.0,4.0,7.0,1.0,11.0,1.0,10.0,3.0,4.0,6.0,5.0,5.0,0.0
12861,9.0,2.0,2.0,3.0,0.0,0.0,2.0,3.0,2.0,7.0,4.0,7.0,1.0,11.0,1.0,10.0,3.0,4.0,6.0,5.0,5.0,25.0,57.0,65.0,-20.166666666666668,9.0,2.0,0.0,3.0,0.0,0.0,3.0,4.0,3.0,8.0,5.0,1.0,2.0,12.0,2.0,11.0,4.0,1.0,7.0,1.0,6.0,0.0
12862,9.0,2.0,0.0,3.0,0.0,0.0,3.0,4.0,3.0,8.0,5.0,1.0,2.0,12.0,2.0,11.0,4.0,1.0,7.0,1.0,6.0,35.0,74.0,44.0,-24.638333333333332,9.0,2.0,0.0,1.0,0.0,0.0,4.0,5.0,4.0,9.0,6.0,2.0,3.0,1.0,1.0,12.0,5.0,2.0,8.0,2.0,1.0,0.0
12863,9.0,2.0,0.0,1.0,0.0,0.0,4.0,5.0,4.0,9.0,6.0,2.0,3.0,1.0,1.0,12.0,5.0,2.0,8.0,2.0,1.0,24.0,45.0,50.0,-14.96,9.0,0.0,0.0,1.0,0.0,0.0,5.0,6.0,5.0,10.0,1.0,3.0,4.0,2.0,2.0,1.0,1.0,3.0,9.0,3.0,2.0,0.0
12864,9.0,0.0,0.0,1.0,0.0,0.0,5.0,6.0,5.0,10.0,1.0,3.0,4.0,2.0,2.0,1.0,1.0,3.0,9.0,3.0,2.0,6.0,12.0,9.0,-25.146666666666665,9.0,0.0,0.0,1.0,0.0,0.0,6.0,1.0,1.0,11.0,2.0,4.0,5.0,3.0,3.0,2.0,2.0,4.0,10.0,4.0,3.0,0.0
12865,9.0,0.0,0.0,1.0,0.0,0.0,6.0,1.0,1.0,11.0,2.0,4.0,5.0,3.0,3.0,2.0,2.0,4.0,10.0,4.0,3.0,17.0,18.0,28.0,-28.55666666666666,7.0,0.0,0.0,3.0,0.0,2.0,7.0,2.0,2.0,1.0,3.0,1.0,6.0,4.0,4.0,3.0,3.0,5.0,11.0,5.0,4.0,0.0
12866,7.0,0.0,0.0,3.0,0.0,2.0,7.0,2.0,2.0,1.0,3.0,1.0,6.0,4.0,4.0,3.0,3.0,5.0,11.0,5.0,4.0,62.0,0.0,63.0,-30.371666666666663,5.0,0.0,0.0,3.0,0.0,4.0,1.0,3.0,3.0,2.0,4.0,2.0,7.0,5.0,5.0,4.0,4.0,6.0,1.0,6.0,5.0,0.0
12867,5.0,0.0,0.0,3.0,0.0,4.0,1.0,3.0,3.0,2.0,4.0,2.0,7.0,5.0,5.0,4.0,4.0,6.0,1.0,6.0,5.0,24.0,74.0,58.0,-18.591666666666665,5.0,0.0,0.0,1.0,0.0,6.0,2.0,4.0,4.0,3.0,1.0,3.0,8.0,6.0,6.0,5.0,5.0,1.0,2.0,7.0,1.0,0.0
12868,5.0,0.0,0.0,1.0,0.0,6.0,2.0,4.0,4.0,3.0,1.0,3.0,8.0,6.0,6.0,5.0,5.0,1.0,2.0,7.0,1.0,51.0,74.0,42.0,-21.581666666666667,7.0,0.0,0.0,0.0,0.0,6.0,3.0,5.0,5.0,4.0,2.0,4.0,9.0,7.0,1.0,6.0,1.0,2.0,3.0,8.0,1.0,0.0
12869,7.0,0.0,0.0,0.0,0.0,6.0,3.0,5.0,5.0,4.0,2.0,4.0,9.0,7.0,1.0,6.0,1.0,2.0,3.0,8.0,1.0,51.0,74.0,12.0,-27.695,9.0,0.0,0.0,0.0,0.0,6.0,4.0,6.0,1.0,5.0,3.0,5.0,10.0,8.0,2.0,7.0,1.0,3.0,4.0,9.0,1.0,0.0
12870,9.0,0.0,0.0,0.0,0.0,6.0,4.0,6.0,1.0,5.0,3.0,5.0,10.0,8.0,2.0,7.0,1.0,3.0,4.0,9.0,1.0,51.0,74.0,58.0,-22.936666666666664,9.0,0.0,0.0,0.0,0.0,8.0,5.0,7.0,2.0,6.0,4.0,6.0,11.0,9.0,3.0,8.0,1.0,1.0,5.0,10.0,1.0,0.0
12871,9.0,0.0,0.0,0.0,0.0,8.0,5.0,7.0,2.0,6.0,4.0,6.0,11.0,9.0,3.0,8.0,1.0,1.0,5.0,10.0,1.0,51.0,74.0,58.0,-23.581666666666663,9.0,0.0,0.0,0.0,0.0,9.0,6.0,8.0,3.0,7.0,5.0,7.0,12.0,10.0,4.0,9.0,1.0,1.0,6.0,11.0,1.0,0.0
12872,9.0,0.0,0.0,0.0,0.0,9.0,6.0,8.0,3.0,7.0,5.0,7.0,12.0,10.0,4.0,9.0,1.0,1.0,6.0,11.0,1.0,51.0,74.0,58.0,-24.381666666666664,9.0,0.0,0.0,0.0,0.0,9.0,7.0,9.0,4.0,8.0,6.0,8.0,13.0,11.0,5.0,10.0,1.0,1.0,7.0,12.0,1.0,0.0
12873,9.0,0.0,0.0,0.0,0.0,9.0,7.0,9.0,4.0,8.0,6.0,8.0,13.0,11.0,5.0,10.0,1.0,1.0,7.0,12.0,1.0,51.0,74.0,58.0,-25.181666666666665,9.0,0.0,0.0,0.0,0.0,9.0,8.0,10.0,5.0,9.0,7.0,9.0,14.0,12.0,6.0,11.0,1.0,1.0,8.0,13.0,1.0,0.0
12874,9.0,0.0,0.0,0.0,0.0,9.0,8.0,10.0,5.0,9.0,7.0,9.0,14.0,12.0,6.0,11.0,1.0,1.0,8.0,13.0,1.0,43.0,74.0,58.0,-27.043333333333333,9.0,2.0,0.0,0.0,0.0,9.0,9.0,11.0,6.0,10.0,8.0,10.0,15.0,13.0,1.0,12.0,2.0,1.0,9.0,14.0,1.0,0.0
12875,9.0,2.0,0.0,0.0,0.0,9.0,9.0,11.0,6.0,10.0,8.0,10.0,15.0,13.0,1.0,12.0,2.0,1.0,9.0,14.0,1.0,51.0,54.0,58.0,-19.008333333333333,9.0,2.0,0.0,0.0,0.0,9.0,10.0,12.0,7.0,11.0,9.0,11.0,16.0,14.0,2.0,13.0,1.0,1.0,10.0,15.0,2.0,0.0
12876,9.0,2.0,0.0,0.0,0.0,9.0,10.0,12.0,7.0,11.0,9.0,11.0,16.0,14.0,2.0,13.0,1.0,1.0,10.0,15.0,2.0,51.0,54.0,58.0,-19.875,9.0,2.0,0.0,0.0,0.0,9.0,11.0,13.0,8.0,12.0,10.0,12.0,17.0,15.0,3.0,14.0,1.0,1.0,11.0,16.0,3.0,0.0
12877,9.0,2.0,0.0,0.0,0.0,9.0,11.0,13.0,8.0,12.0,10.0,12.0,17.0,15.0,3.0,14.0,1.0,1.0,11.0,16.0,3.0,51.0,54.0,58.0,-20.741666666666667,9.0,2.0,0.0,0.0,0.0,9.0,12.0,14.0,9.0,13.0,11.0,13.0,18.0,16.0,4.0,15.0,1.0,1.0,12.0,17.0,4.0,0.0
12878,9.0,2.0,0.0,0.0,0.0,9.0,12.0,14.0,9.0,13.0,11.0,13.0,18.0,16.0,4.0,15.0,1.0,1.0,12.0,17.0,4.0,51.0,54.0,58.0,-21.608333333333334,9.0,2.0,0.0,0.0,0.0,9.0,13.0,15.0,10.0,14.0,12.0,14.0,19.0,17.0,5.0,16.0,1.0,1.0,13.0,18.0,5.0,0.0
12879,9.0,2.0,0.0,0.0,0.0,9.0,13.0,15.0,10.0,14.0,12.0,14.0,19.0,17.0,5.0,16.0,1.0,1.0,13.0,18.0,5.0,43.0,39.0,58.0,-22.625,9.0,4.0,0.0,0.0,0.0,9.0,14.0,16.0,11.0,15.0,13.0,15.0,20.0,1.0,1.0,17.0,2.0,1.0,14.0,19.0,6.0,0.0
12880,9.0,4.0,0.0,0.0,0.0,9.0,14.0,16.0,11.0,15.0,13.0,15.0,20.0,1.0,1.0,17.0,2.0,1.0,14.0,19.0,6.0,51.0,54.0,12.0,-26.633333333333333,9.0,4.0,0.0,0.0,0.0,9.0,15.0,17.0,1.0,16.0,14.0,16.0,21.0,2.0,2.0,18.0,1.0,2.0,15.0,20.0,7.0,0.0
12881,9.0,4.0,0.0,0.0,0.0,9.0,15.0,17.0,1.0,16.0,14.0,16.0,21.0,2.0,2.0,18.0,1.0,2.0,15.0,20.0,7.0,43.0,54.0,58.0,-21.409999999999997,9.0,6.0,0.0,0.0,0.0,9.0,16.0,18.0,2.0,17.0,15.0,17.0,22.0,3.0,1.0,19.0,1.0,1.0,16.0,21.0,8.0,0.0
12882,9.0,6.0,0.0,0.0,0.0,9.0,16.0,18.0,2.0,17.0,15.0,17.0,22.0,3.0,1.0,19.0,1.0,1.0,16.0,21.0,8.0,43.0,54.0,58.0,-22.209999999999997,9.0,8.0,0.0,0.0,0.0,9.0,17.0,19.0,3.0,18.0,16.0,18.0,23.0,4.0,1.0,20.0,1.0,1.0,17.0,22.0,9.0,0.0
12883,9.0,8.0,0.0,0.0,0.0,9.0,17.0,19.0,3.0,18.0,16.0,18.0,23.0,4.0,1.0,20.0,1.0,1.0,17.0,22.0,9.0,24.0,54.0,49.0,-20.43333333333333,9.0,6.0,0.0,0.0,0.0,7.0,18.0,20.0,4.0,19.0,1.0,19.0,24.0,5.0,2.0,1.0,1.0,2.0,18.0,23.0,10.0,0.0
12884,9.0,6.0,0.0,0.0,0.0,7.0,18.0,20.0,4.0,19.0,1.0,19.0,24.0,5.0,2.0,1.0,1.0,2.0,18.0,23.0,10.0,51.0,54.0,79.0,-21.831666666666663,9.0,6.0,0.0,0.0,0.0,5.0,19.0,21.0,5.0,20.0,2.0,20.0,25.0,6.0,3.0,2.0,1.0,3.0,19.0,24.0,11.0,0.0
12885,9.0,6.0,0.0,0.0,0.0,5.0,19.0,21.0,5.0,20.0,2.0,20.0,25.0,6.0,3.0,2.0,1.0,3.0,19.0,24.0,11.0,51.0,34.0,79.0,-28.848333333333336,9.0,6.0,0.0,0.0,0.0,3.0,20.0,22.0,6.0,21.0,3.0,21.0,1.0,7.0,4.0,3.0,1.0,4.0,20.0,25.0,12.0,0.0
12886,9.0,6.0,0.0,0.0,0.0,3.0,20.0,22.0,6.0,21.0,3.0,21.0,1.0,7.0,4.0,3.0,1.0,4.0,20.0,25.0,12.0,43.0,19.0,79.0,-20.741666666666667,9.0,8.0,0.0,0.0,0.0,1.0,21.0,23.0,7.0,1.0,4.0,22.0,2.0,8.0,1.0,4.0,2.0,5.0,21.0,26.0,13.0,0.0
12887,9.0,8.0,0.0,0.0,0.0,1.0,21.0,23.0,7.0,1.0,4.0,22.0,2.0,8.0,1.0,4.0,2.0,5.0,21.0,26.0,13.0,43.0,53.0,60.0,-36.26166666666667,9.0,9.0,0.0,2.0,0.0,1.0,22.0,24.0,8.0,2.0,5.0,23.0,3.0,9.0,1.0,5.0,1.0,6.0,1.0,27.0,14.0,0.0
12888,9.0,9.0,0.0,2.0,0.0,1.0,22.0,24.0,8.0,2.0,5.0,23.0,3.0,9.0,1.0,5.0,1.0,6.0,1.0,27.0,14.0,51.0,53.0,58.0,-27.03,9.0,9.0,0.0,4.0,0.0,3.0,23.0,25.0,9.0,3.0,6.0,24.0,4.0,10.0,2.0,6.0,1.0,1.0,2.0,28.0,15.0,0.0
12889,9.0,9.0,0.0,4.0,0.0,3.0,23.0,25.0,9.0,3.0,6.0,24.0,4.0,10.0,2.0,6.0,1.0,1.0,2.0,28.0,15.0,51.0,53.0,58.0,-25.416666666666664,9.0,9.0,0.0,6.0,0.0,5.0,24.0,26.0,10.0,4.0,7.0,25.0,5.0,11.0,3.0,7.0,1.0,1.0,3.0,29.0,16.0,0.0
12890,9.0,9.0,0.0,6.0,0.0,5.0,24.0,26.0,10.0,4.0,7.0,25.0,5.0,11.0,3.0,7.0,1.0,1.0,3.0,29.0,16.0,51.0,53.0,58.0,-26.28333333333333,9.0,9.0,0.0,8.0,0.0,7.0,25.0,27.0,11.0,5.0,8.0,26.0,6.0,12.0,4.0,8.0,1.0,1.0,4.0,30.0,17.0,0.0
12891,9.0,9.0,0.0,8.0,0.0,7.0,25.0,27.0,11.0,5.0,8.0,26.0,6.0,12.0,4.0,8.0,1.0,1.0,4.0,30.0,17.0,51.0,53.0,58.0,-27.924999999999997,9.0,9.0,0.0,9.0,0.0,9.0,26.0,28.0,12.0,6.0,9.0,27.0,7.0,13.0,5.0,9.0,1.0,1.0,5.0,31.0,18.0,0.0
12892,9.0,9.0,0.0,9.0,0.0,9.0,26.0,28.0,12.0,6.0,9.0,27.0,7.0,13.0,5.0,9.0,1.0,1.0,5.0,31.0,18.0,51.0,53.0,58.0,-28.791666666666664,9.0,9.0,0.0,9.0,0.0,9.0,27.0,29.0,13.0,7.0,10.0,28.0,8.0,14.0,6.0,10.0,1.0,1.0,6.0,32.0,19.0,0.0
12893,9.0,9.0,0.0,9.0,0.0,9.0,27.0,29.0,13.0,7.0,10.0,28.0,8.0,14.0,6.0,10.0,1.0,1.0,6.0,32.0,19.0,51.0,53.0,58.0,-29.65833333333333,9.0,9.0,0.0,9.0,0.0,9.0,28.0,30.0,14.0,8.0,11.0,29.0,9.0,15.0,7.0,11.0,1.0,1.0,7.0,33.0,20.0,0.0
12894,9.0,9.0,0.0,9.0,0.0,9.0,28.0,30.0,14.0,8.0,11.0,29.0,9.0,15.0,7.0,11.0,1.0,1.0,7.0,33.0,20.0,51.0,24.0,58.0,-31.651666666666664,9.0,9.0,0.0,7.0,0.0,9.0,29.0,31.0,15.0,9.0,1.0,30.0,10.0,16.0,8.0,12.0,1.0,1.0,8.0,34.0,21.0,0.0
12895,9.0,9.0,0.0,7.0,0.0,9.0,29.0,31.0,15.0,9.0,1.0,30.0,10.0,16.0,8.0,12.0,1.0,1.0,8.0,34.0,21.0,51.0,47.0,72.0,-25.89,9.0,9.0,0.0,7.0,0.0,9.0,30.0,32.0,16.0,10.0,2.0,31.0,11.0,17.0,9.0,1.0,1.0,2.0,9.0,35.0,1.0,0.0
12896,9.0,9.0,0.0,7.0,0.0,9.0,30.0,32.0,16.0,10.0,2.0,31.0,11.0,17.0,9.0,1.0,1.0,2.0,9.0,35.0,1.0,51.0,52.0,26.0,-32.81666666666666,9.0,9.0,0.0,7.0,2.0,9.0,31.0,33.0,17.0,11.0,3.0,1.0,12.0,18.0,10.0,2.0,1.0,3.0,10.0,36.0,2.0,0.0
12897,9.0,9.0,0.0,7.0,2.0,9.0,31.0,33.0,17.0,11.0,3.0,1.0,12.0,18.0,10.0,2.0,1.0,3.0,10.0,36.0,2.0,0.0,12.0,9.0,-37.56166666666667,9.0,9.0,0.0,7.0,2.0,7.0,1.0,1.0,1.0,12.0,4.0,2.0,13.0,19.0,11.0,3.0,2.0,4.0,11.0,37.0,3.0,0.0
12898,9.0,9.0,0.0,7.0,2.0,7.0,1.0,1.0,1.0,12.0,4.0,2.0,13.0,19.0,11.0,3.0,2.0,4.0,11.0,37.0,3.0,25.0,42.0,69.0,-12.908333333333333,9.0,9.0,0.0,7.0,2.0,5.0,2.0,2.0,2.0,13.0,5.0,1.0,14.0,20.0,1.0,4.0,3.0,5.0,12.0,1.0,4.0,0.0
12899,9.0,9.0,0.0,7.0,2.0,5.0,2.0,2.0,2.0,13.0,5.0,1.0,14.0,20.0,1.0,4.0,3.0,5.0,12.0,1.0,4.0,35.0,33.0,34.0,-47.13666666666666,9.0,9.0,0.0,9.0,2.0,3.0,3.0,3.0,3.0,14.0,6.0,2.0,1.0,1.0,2.0,5.0,4.0,6.0,13.0,2.0,5.0,1.0
12900,2.0,3.0,6.0,9.0,6.0,0.0,1.0,1.0,1.0,1.0,1.0,1.0,1.0,1.0,1.0,1.0,1.0,1.0,1.0,1.0,1.0,74.0,24.0,66.0,-15.905000000000001,2.0,1.0,6.0,7.0,8.0,0.0,2.0,2.0,2.0,2.0,1.0,2.0,2.0,2.0,2.0,2.0,2.0,2.0,2.0,1.0,1.0,0.0
12901,2.0,1.0,6.0,7.0,8.0,0.0,2.0,2.0,2.0,2.0,1.0,2.0,2.0,2.0,2.0,2.0,2.0,2.0,2.0,1.0,1.0,74.0,42.0,26.0,-16.881666666666664,2.0,0.0,4.0,7.0,9.0,0.0,3.0,3.0,3.0,3.0,2.0,1.0,3.0,3.0,1.0,3.0,3.0,3.0,3.0,2.0,1.0,0.0
12902,2.0,0.0,4.0,7.0,9.0,0.0,3.0,3.0,3.0,3.0,2.0,1.0,3.0,3.0,1.0,3.0,3.0,3.0,3.0,2.0,1.0,0.0,18.0,13.0,-11.701666666666668,2.0,0.0,4.0,9.0,9.0,2.0,1.0,4.0,1.0,1.0,3.0,2.0,4.0,4.0,2.0,4.0,4.0,4.0,4.0,3.0,2.0,0.0
12903,2.0,0.0,4.0,9.0,9.0,2.0,1.0,4.0,1.0,1.0,3.0,2.0,4.0,4.0,2.0,4.0,4.0,4.0,4.0,3.0,2.0,74.0,72.0,58.0,-27.80166666666667,2.0,0.0,2.0,9.0,9.0,4.0,2.0,5.0,2.0,2.0,4.0,3.0,5.0,5.0,3.0,5.0,5.0,1.0,5.0,4.0,1.0,0.0
12904,2.0,0.0,2.0,9.0,9.0,4.0,2.0,5.0,2.0,2.0,4.0,3.0,5.0,5.0,3.0,5.0,5.0,1.0,5.0,4.0,1.0,74.0,18.0,26.0,-16.311666666666667,2.0,0.0,2.0,9.0,9.0,4.0,3.0,6.0,3.0,1.0,5.0,1.0,6.0,6.0,4.0,6.0,6.0,2.0,6.0,5.0,1.0,0.0
12905,2.0,0.0,2.0,9.0,9.0,4.0,3.0,6.0,3.0,1.0,5.0,1.0,6.0,6.0,4.0,6.0,6.0,2.0,6.0,5.0,1.0,74.0,72.0,58.0,-27.34166666666666,2.0,0.0,0.0,9.0,9.0,6.0,4.0,7.0,4.0,2.0,6.0,2.0,7.0,7.0,5.0,7.0,7.0,1.0,7.0,6.0,1.0,0.0
12906,2.0,0.0,0.0,9.0,9.0,6.0,4.0,7.0,4.0,2.0,6.0,2.0,7.0,7.0,5.0,7.0,7.0,1.0,7.0,6.0,1.0,51.0,50.0,58.0,-24.708333333333332,4.0,0.0,0.0,9.0,9.0,8.0,5.0,8.0,5.0,3.0,7.0,3.0,8.0,8.0,6.0,8.0,1.0,1.0,8.0,7.0,2.0,0.0
12907,4.0,0.0,0.0,9.0,9.0,8.0,5.0,8.0,5.0,3.0,7.0,3.0,8.0,8.0,6.0,8.0,1.0,1.0,8.0,7.0,2.0,7.0,24.0,58.0,-28.361666666666665,2.0,0.0,0.0,7.0,9.0,9.0,6.0,1.0,6.0,4.0,1.0,4.0,9.0,9.0,7.0,9.0,2.0,1.0,9.0,8.0,3.0,0.0
12908,2.0,0.0,0.0,7.0,9.0,9.0,6.0,1.0,6.0,4.0,1.0,4.0,9.0,9.0,7.0,9.0,2.0,1.0,9.0,8.0,3.0,0.0,63.0,59.0,-29.69,2.0,0.0,0.0,9.0,9.0,7.0,1.0,2.0,7.0,5.0,2.0,5.0,10.0,10.0,8.0,10.0,3.0,1.0,1.0,9.0,4.0,0.0
12909,2.0,0.0,0.0,9.0,9.0,7.0,1.0,2.0,7.0,5.0,2.0,5.0,10.0,10.0,8.0,10.0,3.0,1.0,1.0,9.0,4.0,51.0,72.0,58.0,-19.306666666666665,4.0,0.0,0.0,9.0,9.0,9.0,2.0,3.0,8.0,6.0,3.0,6.0,11.0,11.0,9.0,11.0,1.0,1.0,2.0,10.0,1.0,0.0
12910,4.0,0.0,0.0,9.0,9.0,9.0,2.0,3.0,8.0,6.0,3.0,6.0,11.0,11.0,9.0,11.0,1.0,1.0,2.0,10.0,1.0,7.0,66.0,58.0,-24.488333333333333,2.0,0.0,2.0,9.0,9.0,9.0,3.0,1.0,9.0,7.0,4.0,7.0,12.0,12.0,10.0,12.0,2.0,1.0,3.0,1.0,2.0,0.0
12911,2.0,0.0,2.0,9.0,9.0,9.0,3.0,1.0,9.0,7.0,4.0,7.0,12.0,12.0,10.0,12.0,2.0,1.0,3.0,1.0,2.0,29.0,63.0,58.0,-34.05499999999999,2.0,0.0,2.0,9.0,9.0,9.0,4.0,2.0,10.0,8.0,5.0,1.0,13.0,13.0,11.0,13.0,3.0,1.0,1.0,2.0,3.0,0.0
12912,2.0,0.0,2.0,9.0,9.0,9.0,4.0,2.0,10.0,8.0,5.0,1.0,13.0,13.0,11.0,13.0,3.0,1.0,1.0,2.0,3.0,0.0,73.0,58.0,-17.316666666666666,2.0,0.0,2.0,9.0,9.0,9.0,1.0,3.0,11.0,9.0,6.0,2.0,14.0,14.0,12.0,14.0,4.0,1.0,2.0,3.0,1.0,0.0
12913,2.0,0.0,2.0,9.0,9.0,9.0,1.0,3.0,11.0,9.0,6.0,2.0,14.0,14.0,12.0,14.0,4.0,1.0,2.0,3.0,1.0,36.0,72.0,17.0,-14.856666666666666,4.0,0.0,0.0,9.0,7.0,9.0,2.0,4.0,12.0,1.0,7.0,3.0,15.0,1.0,13.0,15.0,5.0,2.0,3.0,4.0,1.0,0.0
12914,4.0,0.0,0.0,9.0,7.0,9.0,2.0,4.0,12.0,1.0,7.0,3.0,15.0,1.0,13.0,15.0,5.0,2.0,3.0,4.0,1.0,31.0,14.0,58.0,-18.108333333333334,6.0,0.0,0.0,7.0,7.0,9.0,3.0,5.0,1.0,2.0,8.0,4.0,1.0,2.0,14.0,16.0,6.0,1.0,4.0,5.0,2.0,0.0
12915,6.0,0.0,0.0,7.0,7.0,9.0,3.0,5.0,1.0,2.0,8.0,4.0,1.0,2.0,14.0,16.0,6.0,1.0,4.0,5.0,2.0,45.0,49.0,43.0,-11.528333333333332,6.0,0.0,0.0,5.0,7.0,9.0,4.0,6.0,2.0,3.0,9.0,5.0,2.0,3.0,1.0,1.0,7.0,2.0,5.0,6.0,3.0,0.0
12916,6.0,0.0,0.0,5.0,7.0,9.0,4.0,6.0,2.0,3.0,9.0,5.0,2.0,3.0,1.0,1.0,7.0,2.0,5.0,6.0,3.0,51.0,50.0,26.0,-14.828333333333333,8.0,0.0,0.0,5.0,9.0,9.0,5.0,7.0,3.0,4.0,10.0,1.0,3.0,4.0,2.0,2.0,1.0,3.0,6.0,7.0,4.0,0.0
12917,8.0,0.0,0.0,5.0,9.0,9.0,5.0,7.0,3.0,4.0,10.0,1.0,3.0,4.0,2.0,2.0,1.0,3.0,6.0,7.0,4.0,51.0,33.0,14.0,-31.016666666666666,9.0,0.0,0.0,7.0,9.0,7.0,6.0,8.0,1.0,5.0,11.0,2.0,1.0,5.0,3.0,3.0,1.0,4.0,7.0,8.0,5.0,0.0
12918,9.0,0.0,0.0,7.0,9.0,7.0,6.0,8.0,1.0,5.0,11.0,2.0,1.0,5.0,3.0,3.0,1.0,4.0,7.0,8.0,5.0,7.0,33.0,23.0,-30.993333333333332,7.0,0.0,0.0,9.0,9.0,9.0,7.0,1.0,2.0,6.0,1.0,3.0,1.0,6.0,4.0,4.0,2.0,5.0,8.0,9.0,6.0,0.0
12919,7.0,0.0,0.0,9.0,9.0,9.0,7.0,1.0,2.0,6.0,1.0,3.0,1.0,6.0,4.0,4.0,2.0,5.0,8.0,9.0,6.0,3.0,50.0,47.0,-23.376666666666665,7.0,2.0,0.0,9.0,7.0,9.0,1.0,2.0,3.0,7.0,2.0,4.0,2.0,7.0,5.0,1.0,1.0,6.0,9.0,10.0,7.0,0.0
12920,7.0,2.0,0.0,9.0,7.0,9.0,1.0,2.0,3.0,7.0,2.0,4.0,2.0,7.0,5.0,1.0,1.0,6.0,9.0,10.0,7.0,6.0,72.0,14.0,-6.681666666666667,9.0,2.0,0.0,9.0,7.0,7.0,2.0,1.0,1.0,8.0,3.0,5.0,3.0,8.0,6.0,2.0,2.0,7.0,10.0,11.0,1.0,0.0
12921,9.0,2.0,0.0,9.0,7.0,7.0,2.0,1.0,1.0,8.0,3.0,5.0,3.0,8.0,6.0,2.0,2.0,7.0,10.0,11.0,1.0,39.0,72.0,14.0,-8.565,9.0,0.0,0.0,9.0,7.0,5.0,3.0,2.0,1.0,9.0,4.0,6.0,4.0,1.0,7.0,3.0,3.0,8.0,11.0,12.0,1.0,0.0
12922,9.0,0.0,0.0,9.0,7.0,5.0,3.0,2.0,1.0,9.0,4.0,6.0,4.0,1.0,7.0,3.0,3.0,8.0,11.0,12.0,1.0,24.0,63.0,26.0,-22.89,9.0,0.0,0.0,9.0,9.0,5.0,4.0,3.0,2.0,10.0,1.0,1.0,5.0,2.0,8.0,4.0,4.0,9.0,1.0,13.0,2.0,0.0
12923,9.0,0.0,0.0,9.0,9.0,5.0,4.0,3.0,2.0,10.0,1.0,1.0,5.0,2.0,8.0,4.0,4.0,9.0,1.0,13.0,2.0,7.0,43.0,17.0,-14.119999999999997,7.0,0.0,0.0,9.0,7.0,5.0,5.0,1.0,3.0,1.0,2.0,2.0,6.0,3.0,1.0,5.0,5.0,10.0,2.0,14.0,3.0,0.0
12924,7.0,0.0,0.0,9.0,7.0,5.0,5.0,1.0,3.0,1.0,2.0,2.0,6.0,3.0,1.0,5.0,5.0,10.0,2.0,14.0,3.0,51.0,50.0,0.0,-22.66833333333333,9.0,0.0,0.0,9.0,7.0,5.0,1.0,2.0,4.0,2.0,3.0,3.0,7.0,4.0,2.0,6.0,1.0,11.0,3.0,15.0,4.0,0.0
12925,9.0,0.0,0.0,9.0,7.0,5.0,1.0,2.0,4.0,2.0,3.0,3.0,7.0,4.0,2.0,6.0,1.0,11.0,3.0,15.0,4.0,7.0,72.0,65.0,-6.613333333333333,7.0,0.0,0.0,9.0,7.0,5.0,2.0,1.0,5.0,3.0,4.0,4.0,8.0,5.0,3.0,7.0,2.0,12.0,4.0,1.0,1.0,0.0
12926,7.0,0.0,0.0,9.0,7.0,5.0,2.0,1.0,5.0,3.0,4.0,4.0,8.0,5.0,3.0,7.0,2.0,12.0,4.0,1.0,1.0,7.0,63.0,14.0,-21.98166666666667,5.0,0.0,0.0,9.0,7.0,3.0,3.0,1.0,1.0,4.0,5.0,5.0,9.0,6.0,4.0,8.0,3.0,13.0,1.0,2.0,2.0,0.0
12927,5.0,0.0,0.0,9.0,7.0,3.0,3.0,1.0,1.0,4.0,5.0,5.0,9.0,6.0,4.0,8.0,3.0,13.0,1.0,2.0,2.0,7.0,43.0,58.0,-18.991666666666664,3.0,0.0,0.0,9.0,7.0,5.0,4.0,1.0,2.0,5.0,6.0,6.0,10.0,7.0,1.0,9.0,4.0,1.0,2.0,3.0,3.0,0.0
12928,3.0,0.0,0.0,9.0,7.0,5.0,4.0,1.0,2.0,5.0,6.0,6.0,10.0,7.0,1.0,9.0,4.0,1.0,2.0,3.0,3.0,7.0,70.0,58.0,-18.573333333333338,1.0,0.0,0.0,9.0,7.0,7.0,5.0,1.0,3.0,6.0,7.0,7.0,11.0,8.0,2.0,10.0,5.0,1.0,3.0,4.0,1.0,0.0
12929,1.0,0.0,0.0,9.0,7.0,7.0,5.0,1.0,3.0,6.0,7.0,7.0,11.0,8.0,2.0,10.0,5.0,1.0,3.0,4.0,1.0,7.0,52.0,58.0,-26.081666666666663,0.0,0.0,0.0,9.0,7.0,9.0,6.0,1.0,4.0,7.0,8.0,8.0,12.0,9.0,3.0,11.0,1.0,1.0,4.0,5.0,2.0,0.0
12930,0.0,0.0,0.0,9.0,7.0,9.0,6.0,1.0,4.0,7.0,8.0,8.0,12.0,9.0,3.0,11.0,1.0,1.0,4.0,5.0,2.0,7.0,52.0,58.0,-26.881666666666664,0.0,0.0,0.0,9.0,7.0,9.0,7.0,1.0,5.0,8.0,9.0,9.0,13.0,10.0,4.0,12.0,1.0,1.0,5.0,6.0,3.0,0.0
12931,0.0,0.0,0.0,9.0,7.0,9.0,7.0,1.0,5.0,8.0,9.0,9.0,13.0,10.0,4.0,12.0,1.0,1.0,5.0,6.0,3.0,7.0,52.0,58.0,-27.681666666666665,0.0,0.0,0.0,9.0,7.0,9.0,8.0,1.0,6.0,9.0,10.0,10.0,14.0,11.0,5.0,13.0,1.0,1.0,6.0,7.0,4.0,0.0
12932,0.0,0.0,0.0,9.0,7.0,9.0,8.0,1.0,6.0,9.0,10.0,10.0,14.0,11.0,5.0,13.0,1.0,1.0,6.0,7.0,4.0,7.0,49.0,58.0,-24.426666666666666,0.0,0.0,0.0,7.0,7.0,9.0,9.0,1.0,7.0,10.0,11.0,11.0,15.0,12.0,6.0,1.0,2.0,1.0,7.0,8.0,5.0,0.0
12933,0.0,0.0,0.0,7.0,7.0,9.0,9.0,1.0,7.0,10.0,11.0,11.0,15.0,12.0,6.0,1.0,2.0,1.0,7.0,8.0,5.0,7.0,42.0,0.0,-30.559999999999995,0.0,0.0,0.0,7.0,7.0,9.0,1.0,1.0,8.0,11.0,12.0,12.0,16.0,13.0,1.0,2.0,3.0,2.0,8.0,9.0,6.0,0.0
12934,0.0,0.0,0.0,7.0,7.0,9.0,1.0,1.0,8.0,11.0,12.0,12.0,16.0,13.0,1.0,2.0,3.0,2.0,8.0,9.0,6.0,7.0,70.0,0.0,-29.321666666666665,0.0,0.0,0.0,7.0,7.0,9.0,1.0,1.0,9.0,12.0,13.0,13.0,17.0,14.0,2.0,3.0,4.0,3.0,9.0,10.0,1.0,0.0
12935,0.0,0.0,0.0,7.0,7.0,9.0,1.0,1.0,9.0,12.0,13.0,13.0,17.0,14.0,2.0,3.0,4.0,3.0,9.0,10.0,1.0,7.0,39.0,0.0,-36.54,0.0,0.0,0.0,5.0,7.0,9.0,1.0,1.0,10.0,13.0,14.0,14.0,18.0,1.0,3.0,4.0,5.0,4.0,10.0,11.0,2.0,0.0
12936,0.0,0.0,0.0,5.0,7.0,9.0,1.0,1.0,10.0,13.0,14.0,14.0,18.0,1.0,3.0,4.0,5.0,4.0,10.0,11.0,2.0,31.0,52.0,0.0,-30.05,2.0,0.0,0.0,5.0,7.0,9.0,1.0,2.0,11.0,14.0,15.0,15.0,1.0,2.0,4.0,5.0,1.0,5.0,11.0,12.0,3.0,0.0
12937,2.0,0.0,0.0,5.0,7.0,9.0,1.0,2.0,11.0,14.0,15.0,15.0,1.0,2.0,4.0,5.0,1.0,5.0,11.0,12.0,3.0,7.0,79.0,14.0,-15.613333333333333,0.0,0.0,0.0,3.0,7.0,7.0,2.0,1.0,1.0,15.0,16.0,16.0,2.0,3.0,5.0,6.0,2.0,6.0,12.0,13.0,4.0,0.0
12938,0.0,0.0,0.0,3.0,7.0,7.0,2.0,1.0,1.0,15.0,16.0,16.0,2.0,3.0,5.0,6.0,2.0,6.0,12.0,13.0,4.0,25.0,19.0,16.0,-34.23166666666666,0.0,0.0,0.0,1.0,9.0,7.0,3.0,2.0,2.0,1.0,17.0,1.0,3.0,4.0,6.0,7.0,3.0,7.0,13.0,14.0,5.0,0.0
12939,0.0,0.0,0.0,1.0,9.0,7.0,3.0,2.0,2.0,1.0,17.0,1.0,3.0,4.0,6.0,7.0,3.0,7.0,13.0,14.0,5.0,25.0,70.0,60.0,-28.075000000000003,0.0,0.0,0.0,1.0,9.0,7.0,4.0,3.0,3.0,2.0,18.0,1.0,4.0,5.0,7.0,8.0,4.0,8.0,1.0,15.0,1.0,0.0
12940,0.0,0.0,0.0,1.0,9.0,7.0,4.0,3.0,3.0,2.0,18.0,1.0,4.0,5.0,7.0,8.0,4.0,8.0,1.0,15.0,1.0,7.0,49.0,24.0,-15.981666666666666,0.0,0.0,0.0,0.0,9.0,5.0,5.0,1.0,4.0,3.0,1.0,2.0,5.0,6.0,8.0,1.0,5.0,9.0,2.0,16.0,2.0,0.0
12941,0.0,0.0,0.0,0.0,9.0,5.0,5.0,1.0,4.0,3.0,1.0,2.0,5.0,6.0,8.0,1.0,5.0,9.0,2.0,16.0,2.0,7.0,66.0,0.0,-26.209999999999997,0.0,0.0,2.0,0.0,9.0,5.0,1.0,1.0,5.0,4.0,2.0,3.0,6.0,7.0,9.0,2.0,6.0,10.0,3.0,1.0,3.0,0.0
12942,0.0,0.0,2.0,0.0,9.0,5.0,1.0,1.0,5.0,4.0,2.0,3.0,6.0,7.0,9.0,2.0,6.0,10.0,3.0,1.0,3.0,0.0,39.0,10.0,-10.998333333333333,0.0,0.0,2.0,0.0,9.0,5.0,1.0,2.0,1.0,5.0,3.0,4.0,7.0,1.0,10.0,3.0,7.0,11.0,4.0,2.0,4.0,0.0
12943,0.0,0.0,2.0,0.0,9.0,5.0,1.0,2.0,1.0,5.0,3.0,4.0,7.0,1.0,10.0,3.0,7.0,11.0,4.0,2.0,4.0,57.0,70.0,15.0,-37.17,0.0,0.0,2.0,0.0,9.0,5.0,2.0,3.0,2.0,1.0,4.0,5.0,8.0,2.0,11.0,4.0,8.0,1.0,5.0,3.0,1.0,0.0
12944,0.0,0.0,2.0,0.0,9.0,5.0,2.0,3.0,2.0,1.0,4.0,5.0,8.0,2.0,11.0,4.0,8.0,1.0,5.0,3.0,1.0,0.0,52.0,26.0,-11.129999999999999,0.0,0.0,0.0,0.0,9.0,5.0,1.0,4.0,3.0,2.0,5.0,1.0,9.0,3.0,12.0,5.0,1.0,2.0,6.0,4.0,2.0,0.0
12945,0.0,0.0,0.0,0.0,9.0,5.0,1.0,4.0,3.0,2.0,5.0,1.0,9.0,3.0,12.0,5.0,1.0,2.0,6.0,4.0,2.0,7.0,42.0,24.0,-23.595,0.0,0.0,0.0,0.0,9.0,3.0,2.0,1.0,4.0,3.0,1.0,2.0,10.0,4.0,1.0,6.0,2.0,3.0,7.0,5.0,3.0,0.0
12946,0.0,0.0,0.0,0.0,9.0,3.0,2.0,1.0,4.0,3.0,1.0,2.0,10.0,4.0,1.0,6.0,2.0,3.0,7.0,5.0,3.0,48.0,63.0,0.0,-27.470000000000002,0.0,2.0,0.0,2.0,9.0,3.0,1.0,2.0,5.0,4.0,2.0,3.0,11.0,5.0,2.0,1.0,3.0,4.0,1.0,6.0,4.0,0.0
12947,0.0,2.0,0.0,2.0,9.0,3.0,1.0,2.0,5.0,4.0,2.0,3.0,11.0,5.0,2.0,1.0,3.0,4.0,1.0,6.0,4.0,51.0,70.0,0.0,-18.17166666666667,2.0,2.0,0.0,2.0,9.0,3.0,1.0,3.0,6.0,5.0,3.0,4.0,12.0,6.0,3.0,2.0,1.0,5.0,2.0,7.0,1.0,0.0
12948,2.0,2.0,0.0,2.0,9.0,3.0,1.0,3.0,6.0,5.0,3.0,4.0,12.0,6.0,3.0,2.0,1.0,5.0,2.0,7.0,1.0,7.0,52.0,0.0,-22.093333333333334,0.0,2.0,0.0,2.0,9.0,3.0,1.0,1.0,7.0,6.0,4.0,5.0,13.0,7.0,4.0,3.0,1.0,6.0,3.0,8.0,2.0,0.0
12949,0.0,2.0,0.0,2.0,9.0,3.0,1.0,1.0,7.0,6.0,4.0,5.0,13.0,7.0,4.0,3.0,1.0,6.0,3.0,8.0,2.0,31.0,52.0,0.0,-22.248333333333335,2.0,2.0,0.0,2.0,9.0,3.0,1.0,2.0,8.0,7.0,5.0,6.0,1.0,8.0,5.0,4.0,1.0,7.0,4.0,9.0,3.0,0.0
12950,2.0,2.0,0.0,2.0,9.0,3.0,1.0,2.0,8.0,7.0,5.0,6.0,1.0,8.0,5.0,4.0,1.0,7.0,4.0,9.0,3.0,25.0,39.0,14.0,-24.416666666666664,2.0,2.0,0.0,0.0,9.0,1.0,2.0,3.0,1.0,8.0,6.0,1.0,2.0,1.0,6.0,5.0,2.0,8.0,5.0,10.0,4.0,0.0
12951,2.0,2.0,0.0,0.0,9.0,1.0,2.0,3.0,1.0,8.0,6.0,1.0,2.0,1.0,6.0,5.0,2.0,8.0,5.0,10.0,4.0,25.0,19.0,17.0,-27.296666666666663,2.0,2.0,0.0,0.0,7.0,1.0,3.0,4.0,2.0,1.0,7.0,1.0,3.0,2.0,7.0,6.0,3.0,9.0,6.0,11.0,5.0,0.0
12952,2.0,2.0,0.0,0.0,7.0,1.0,3.0,4.0,2.0,1.0,7.0,1.0,3.0,2.0,7.0,6.0,3.0,9.0,6.0,11.0,5.0,25.0,49.0,38.0,-15.296666666666667,2.0,2.0,0.0,0.0,7.0,3.0,4.0,5.0,3.0,2.0,8.0,1.0,4.0,1.0,8.0,1.0,4.0,10.0,7.0,12.0,6.0,0.0
12953,2.0,2.0,0.0,0.0,7.0,3.0,4.0,5.0,3.0,2.0,8.0,1.0,4.0,1.0,8.0,1.0,4.0,10.0,7.0,12.0,6.0,25.0,50.0,43.0,-19.615000000000002,2.0,2.0,0.0,0.0,7.0,5.0,5.0,6.0,4.0,3.0,9.0,1.0,5.0,2.0,1.0,2.0,1.0,11.0,8.0,13.0,7.0,0.0
12954,2.0,2.0,0.0,0.0,7.0,5.0,5.0,6.0,4.0,3.0,9.0,1.0,5.0,2.0,1.0,2.0,1.0,11.0,8.0,13.0,7.0,31.0,19.0,60.0,-16.60333333333333,4.0,2.0,0.0,0.0,7.0,5.0,6.0,7.0,5.0,1.0,10.0,2.0,1.0,3.0,2.0,3.0,2.0,12.0,1.0,14.0,8.0,0.0
12955,4.0,2.0,0.0,0.0,7.0,5.0,6.0,7.0,5.0,1.0,10.0,2.0,1.0,3.0,2.0,3.0,2.0,12.0,1.0,14.0,8.0,7.0,12.0,13.0,-23.00333333333333,2.0,2.0,0.0,0.0,7.0,7.0,7.0,1.0,1.0,2.0,11.0,3.0,2.0,4.0,3.0,4.0,3.0,13.0,2.0,15.0,9.0,0.0
12956,2.0,2.0,0.0,0.0,7.0,7.0,7.0,1.0,1.0,2.0,11.0,3.0,2.0,4.0,3.0,4.0,3.0,13.0,2.0,15.0,9.0,59.0,19.0,38.0,-34.05166666666666,2.0,0.0,0.0,0.0,7.0,9.0,8.0,2.0,2.0,1.0,12.0,4.0,3.0,1.0,4.0,5.0,4.0,1.0,3.0,16.0,10.0,0.0
12957,2.0,0.0,0.0,0.0,7.0,9.0,8.0,2.0,2.0,1.0,12.0,4.0,3.0,1.0,4.0,5.0,4.0,1.0,3.0,16.0,10.0,67.0,50.0,60.0,-18.94833333333333,0.0,0.0,0.0,0.0,7.0,9.0,9.0,3.0,3.0,2.0,13.0,5.0,4.0,2.0,5.0,6.0,1.0,2.0,1.0,1.0,11.0,0.0
12958,0.0,0.0,0.0,0.0,7.0,9.0,9.0,3.0,3.0,2.0,13.0,5.0,4.0,2.0,5.0,6.0,1.0,2.0,1.0,1.0,11.0,73.0,73.0,58.0,-23.111666666666668,0.0,2.0,0.0,2.0,7.0,9.0,10.0,4.0,4.0,3.0,14.0,6.0,5.0,3.0,6.0,7.0,2.0,1.0,2.0,2.0,1.0,0.0
12959,0.0,2.0,0.0,2.0,7.0,9.0,10.0,4.0,4.0,3.0,14.0,6.0,5.0,3.0,6.0,7.0,2.0,1.0,2.0,2.0,1.0,0.0,49.0,50.0,-13.700000000000001,0.0,2.0,0.0,0.0,7.0,9.0,1.0,5.0,5.0,4.0,15.0,7.0,6.0,4.0,7.0,1.0,1.0,2.0,3.0,3.0,2.0,0.0
12960,0.0,2.0,0.0,0.0,7.0,9.0,1.0,5.0,5.0,4.0,15.0,7.0,6.0,4.0,7.0,1.0,1.0,2.0,3.0,3.0,2.0,7.0,33.0,14.0,-25.258333333333333,0.0,2.0,0.0,2.0,7.0,7.0,2.0,1.0,1.0,5.0,16.0,8.0,1.0,5.0,8.0,2.0,2.0,3.0,4.0,4.0,3.0,0.0
12961,0.0,2.0,0.0,2.0,7.0,7.0,2.0,1.0,1.0,5.0,16.0,8.0,1.0,5.0,8.0,2.0,2.0,3.0,4.0,4.0,3.0,25.0,19.0,25.0,-22.75666666666666,0.0,2.0,0.0,0.0,7.0,7.0,3.0,2.0,2.0,1.0,17.0,1.0,2.0,6.0,9.0,3.0,3.0,4.0,5.0,5.0,4.0,0.0
12962,0.0,2.0,0.0,0.0,7.0,7.0,3.0,2.0,2.0,1.0,17.0,1.0,2.0,6.0,9.0,3.0,3.0,4.0,5.0,5.0,4.0,25.0,33.0,24.0,-28.623333333333335,0.0,2.0,0.0,2.0,7.0,5.0,4.0,3.0,3.0,2.0,1.0,1.0,1.0,7.0,10.0,4.0,4.0,5.0,6.0,6.0,5.0,0.0
12963,0.0,2.0,0.0,2.0,7.0,5.0,4.0,3.0,3.0,2.0,1.0,1.0,1.0,7.0,10.0,4.0,4.0,5.0,6.0,6.0,5.0,25.0,49.0,44.0,-21.803333333333327,0.0,2.0,0.0,0.0,7.0,3.0,5.0,4.0,4.0,3.0,2.0,1.0,2.0,8.0,1.0,1.0,5.0,6.0,7.0,7.0,6.0,0.0
12964,0.0,2.0,0.0,0.0,7.0,3.0,5.0,4.0,4.0,3.0,2.0,1.0,2.0,8.0,1.0,1.0,5.0,6.0,7.0,7.0,6.0,19.0,38.0,6.0,-16.843333333333334,0.0,0.0,0.0,2.0,9.0,3.0,6.0,1.0,5.0,1.0,3.0,2.0,3.0,1.0,2.0,2.0,6.0,7.0,8.0,8.0,7.0,0.0
12965,0.0,0.0,0.0,2.0,9.0,3.0,6.0,1.0,5.0,1.0,3.0,2.0,3.0,1.0,2.0,2.0,6.0,7.0,8.0,8.0,7.0,31.0,50.0,60.0,-17.795,2.0,0.0,0.0,2.0,9.0,3.0,7.0,2.0,6.0,2.0,4.0,3.0,1.0,2.0,3.0,3.0,1.0,8.0,1.0,9.0,8.0,0.0
12966,2.0,0.0,0.0,2.0,9.0,3.0,7.0,2.0,6.0,2.0,4.0,3.0,1.0,2.0,3.0,3.0,1.0,8.0,1.0,9.0,8.0,67.0,49.0,24.0,-17.263333333333332,0.0,0.0,0.0,0.0,9.0,1.0,8.0,3.0,7.0,3.0,1.0,4.0,2.0,3.0,4.0,1.0,2.0,9.0,2.0,1.0,9.0,0.0
12967,0.0,0.0,0.0,0.0,9.0,1.0,8.0,3.0,7.0,3.0,1.0,4.0,2.0,3.0,4.0,1.0,2.0,9.0,2.0,1.0,9.0,0.0,12.0,44.0,-30.326666666666668,0.0,0.0,0.0,0.0,9.0,0.0,1.0,4.0,1.0,4.0,2.0,5.0,3.0,4.0,1.0,2.0,3.0,10.0,3.0,2.0,10.0,0.0
12968,0.0,0.0,0.0,0.0,9.0,0.0,1.0,4.0,1.0,4.0,2.0,5.0,3.0,4.0,1.0,2.0,3.0,10.0,3.0,2.0,10.0,25.0,27.0,13.0,-37.59166666666667,0.0,0.0,0.0,0.0,9.0,2.0,2.0,5.0,1.0,5.0,3.0,1.0,4.0,5.0,2.0,3.0,4.0,11.0,4.0,3.0,11.0,0.0
12969,0.0,0.0,0.0,0.0,9.0,2.0,2.0,5.0,1.0,5.0,3.0,1.0,4.0,5.0,2.0,3.0,4.0,11.0,4.0,3.0,11.0,74.0,27.0,44.0,-40.60333333333334,0.0,0.0,0.0,0.0,9.0,0.0,3.0,6.0,2.0,6.0,4.0,1.0,5.0,6.0,1.0,4.0,5.0,12.0,5.0,4.0,1.0,0.0
12970,0.0,0.0,0.0,0.0,9.0,0.0,3.0,6.0,2.0,6.0,4.0,1.0,5.0,6.0,1.0,4.0,5.0,12.0,5.0,4.0,1.0,7.0,27.0,9.0,-28.581666666666667,0.0,0.0,0.0,0.0,9.0,0.0,4.0,1.0,3.0,7.0,5.0,1.0,6.0,7.0,2.0,5.0,6.0,13.0,6.0,5.0,2.0,0.0
12971,0.0,0.0,0.0,0.0,9.0,0.0,4.0,1.0,3.0,7.0,5.0,1.0,6.0,7.0,2.0,5.0,6.0,13.0,6.0,5.0,2.0,31.0,25.0,0.0,-32.87833333333334,2.0,0.0,0.0,0.0,9.0,0.0,1.0,2.0,4.0,8.0,6.0,1.0,1.0,8.0,3.0,6.0,7.0,14.0,7.0,6.0,3.0,0.0
12972,2.0,0.0,0.0,0.0,9.0,0.0,1.0,2.0,4.0,8.0,6.0,1.0,1.0,8.0,3.0,6.0,7.0,14.0,7.0,6.0,3.0,39.0,27.0,13.0,-27.43166666666667,2.0,0.0,0.0,0.0,9.0,2.0,2.0,3.0,1.0,9.0,7.0,1.0,2.0,1.0,4.0,7.0,8.0,15.0,8.0,7.0,4.0,0.0
12973,2.0,0.0,0.0,0.0,9.0,2.0,2.0,3.0,1.0,9.0,7.0,1.0,2.0,1.0,4.0,7.0,8.0,15.0,8.0,7.0,4.0,57.0,19.0,55.0,-41.09166666666666,0.0,0.0,0.0,0.0,9.0,2.0,3.0,4.0,2.0,1.0,8.0,2.0,3.0,2.0,5.0,8.0,9.0,1.0,9.0,8.0,5.0,0.0
12974,0.0,0.0,0.0,0.0,9.0,2.0,3.0,4.0,2.0,1.0,8.0,2.0,3.0,2.0,5.0,8.0,9.0,1.0,9.0,8.0,5.0,25.0,50.0,20.0,-25.634999999999998,0.0,0.0,0.0,0.0,9.0,2.0,4.0,5.0,3.0,2.0,1.0,1.0,4.0,3.0,6.0,9.0,1.0,2.0,10.0,9.0,6.0,0.0
12975,0.0,0.0,0.0,0.0,9.0,2.0,4.0,5.0,3.0,2.0,1.0,1.0,4.0,3.0,6.0,9.0,1.0,2.0,10.0,9.0,6.0,25.0,49.0,20.0,-22.956666666666667,0.0,0.0,0.0,0.0,9.0,2.0,5.0,6.0,4.0,3.0,1.0,1.0,5.0,4.0,7.0,1.0,2.0,3.0,11.0,10.0,7.0,0.0
12976,0.0,0.0,0.0,0.0,9.0,2.0,5.0,6.0,4.0,3.0,1.0,1.0,5.0,4.0,7.0,1.0,2.0,3.0,11.0,10.0,7.0,25.0,36.0,15.0,-34.428333333333335,0.0,0.0,2.0,0.0,9.0,2.0,6.0,7.0,5.0,1.0,2.0,1.0,6.0,1.0,8.0,2.0,3.0,4.0,12.0,11.0,8.0,0.0
12977,0.0,0.0,2.0,0.0,9.0,2.0,6.0,7.0,5.0,1.0,2.0,1.0,6.0,1.0,8.0,2.0,3.0,4.0,12.0,11.0,8.0,31.0,49.0,60.0,-18.285,2.0,0.0,2.0,0.0,9.0,2.0,7.0,8.0,6.0,2.0,3.0,2.0,1.0,2.0,9.0,1.0,4.0,5.0,1.0,12.0,9.0,0.0
12978,2.0,0.0,2.0,0.0,9.0,2.0,7.0,8.0,6.0,2.0,3.0,2.0,1.0,2.0,9.0,1.0,4.0,5.0,1.0,12.0,9.0,7.0,12.0,6.0,-27.341666666666665,0.0,0.0,0.0,0.0,9.0,2.0,8.0,1.0,1.0,3.0,4.0,3.0,2.0,3.0,10.0,2.0,5.0,6.0,2.0,13.0,10.0,0.0
12979,0.0,0.0,0.0,0.0,9.0,2.0,8.0,1.0,1.0,3.0,4.0,3.0,2.0,3.0,10.0,2.0,5.0,6.0,2.0,13.0,10.0,67.0,19.0,6.0,-19.303333333333335,0.0,0.0,0.0,0.0,9.0,2.0,9.0,1.0,2.0,1.0,5.0,4.0,3.0,4.0,11.0,3.0,6.0,7.0,3.0,1.0,11.0,0.0
12980,0.0,0.0,0.0,0.0,9.0,2.0,9.0,1.0,2.0,1.0,5.0,4.0,3.0,4.0,11.0,3.0,6.0,7.0,3.0,1.0,11.0,40.0,49.0,6.0,-17.90833333333333,0.0,0.0,0.0,0.0,9.0,2.0,10.0,1.0,3.0,2.0,6.0,5.0,4.0,5.0,1.0,1.0,7.0,8.0,4.0,2.0,12.0,0.0
12981,0.0,0.0,0.0,0.0,9.0,2.0,10.0,1.0,3.0,2.0,6.0,5.0,4.0,5.0,1.0,1.0,7.0,8.0,4.0,2.0,12.0,19.0,19.0,24.0,-21.63,0.0,0.0,0.0,0.0,9.0,0.0,11.0,2.0,4.0,1.0,1.0,6.0,5.0,6.0,2.0,2.0,8.0,9.0,5.0,3.0,13.0,0.0
12982,0.0,0.0,0.0,0.0,9.0,0.0,11.0,2.0,4.0,1.0,1.0,6.0,5.0,6.0,2.0,2.0,8.0,9.0,5.0,3.0,13.0,19.0,2.0,2.0,-15.785,0.0,0.0,0.0,0.0,7.0,0.0,1.0,3.0,5.0,1.0,2.0,7.0,6.0,7.0,3.0,3.0,9.0,10.0,6.0,4.0,14.0,0.0
12983,0.0,0.0,0.0,0.0,7.0,0.0,1.0,3.0,5.0,1.0,2.0,7.0,6.0,7.0,3.0,3.0,9.0,10.0,6.0,4.0,14.0,71.0,38.0,2.0,-21.828333333333333,2.0,0.0,0.0,2.0,5.0,0.0,1.0,4.0,6.0,2.0,3.0,8.0,7.0,1.0,4.0,4.0,10.0,11.0,7.0,5.0,1.0,0.0
12984,2.0,0.0,0.0,2.0,5.0,0.0,1.0,4.0,6.0,2.0,3.0,8.0,7.0,1.0,4.0,4.0,10.0,11.0,7.0,5.0,1.0,31.0,52.0,54.0,-15.029999999999998,4.0,0.0,0.0,2.0,5.0,0.0,2.0,5.0,7.0,3.0,4.0,9.0,1.0,2.0,5.0,5.0,1.0,12.0,8.0,6.0,2.0,0.0
12985,4.0,0.0,0.0,2.0,5.0,0.0,2.0,5.0,7.0,3.0,4.0,9.0,1.0,2.0,5.0,5.0,1.0,12.0,8.0,6.0,2.0,25.0,57.0,12.0,-27.493333333333332,4.0,0.0,0.0,2.0,3.0,0.0,3.0,6.0,1.0,4.0,5.0,1.0,2.0,3.0,6.0,6.0,2.0,1.0,9.0,7.0,3.0,0.0
12986,4.0,0.0,0.0,2.0,3.0,0.0,3.0,6.0,1.0,4.0,5.0,1.0,2.0,3.0,6.0,6.0,2.0,1.0,9.0,7.0,3.0,25.0,64.0,6.0,-32.07666666666666,4.0,0.0,0.0,0.0,5.0,0.0,4.0,1.0,2.0,5.0,6.0,1.0,3.0,4.0,7.0,7.0,3.0,2.0,1.0,8.0,4.0,0.0
12987,4.0,0.0,0.0,0.0,5.0,0.0,4.0,1.0,2.0,5.0,6.0,1.0,3.0,4.0,7.0,7.0,3.0,2.0,1.0,8.0,4.0,31.0,49.0,77.0,-8.075,6.0,0.0,0.0,0.0,3.0,0.0,5.0,2.0,3.0,6.0,7.0,2.0,1.0,5.0,8.0,1.0,4.0,3.0,2.0,9.0,5.0,0.0
12988,6.0,0.0,0.0,0.0,3.0,0.0,5.0,2.0,3.0,6.0,7.0,2.0,1.0,5.0,8.0,1.0,4.0,3.0,2.0,9.0,5.0,39.0,36.0,77.0,-7.966666666666667,6.0,0.0,2.0,0.0,1.0,0.0,6.0,3.0,4.0,7.0,8.0,3.0,2.0,1.0,9.0,2.0,5.0,4.0,3.0,10.0,6.0,0.0
12989,6.0,0.0,2.0,0.0,1.0,0.0,6.0,3.0,4.0,7.0,8.0,3.0,2.0,1.0,9.0,2.0,5.0,4.0,3.0,10.0,6.0,31.0,24.0,77.0,-13.57,8.0,0.0,2.0,0.0,0.0,0.0,7.0,4.0,5.0,8.0,1.0,4.0,1.0,2.0,10.0,3.0,6.0,5.0,4.0,11.0,7.0,0.0
12990,8.0,0.0,2.0,0.0,0.0,0.0,7.0,4.0,5.0,8.0,1.0,4.0,1.0,2.0,10.0,3.0,6.0,5.0,4.0,11.0,7.0,39.0,12.0,17.0,-25.349999999999998,8.0,0.0,0.0,0.0,0.0,0.0,8.0,5.0,1.0,1.0,2.0,5.0,2.0,1.0,11.0,4.0,7.0,6.0,5.0,12.0,8.0,0.0
12991,8.0,0.0,0.0,0.0,0.0,0.0,8.0,5.0,1.0,1.0,2.0,5.0,2.0,1.0,11.0,4.0,7.0,6.0,5.0,12.0,8.0,67.0,49.0,74.0,-21.65,6.0,0.0,0.0,0.0,0.0,0.0,9.0,6.0,2.0,2.0,3.0,6.0,3.0,2.0,12.0,1.0,8.0,7.0,6.0,1.0,1.0,0.0
12992,6.0,0.0,0.0,0.0,0.0,0.0,9.0,6.0,2.0,2.0,3.0,6.0,3.0,2.0,12.0,1.0,8.0,7.0,6.0,1.0,1.0,22.0,50.0,9.0,-23.376666666666665,4.0,0.0,0.0,0.0,0.0,0.0,10.0,1.0,3.0,3.0,1.0,7.0,4.0,3.0,13.0,2.0,1.0,8.0,7.0,2.0,2.0,0.0
12993,4.0,0.0,0.0,0.0,0.0,0.0,10.0,1.0,3.0,3.0,1.0,7.0,4.0,3.0,13.0,2.0,1.0,8.0,7.0,2.0,2.0,35.0,68.0,59.0,-23.82,4.0,0.0,0.0,2.0,0.0,0.0,11.0,2.0,4.0,4.0,2.0,8.0,5.0,1.0,14.0,3.0,2.0,1.0,8.0,1.0,3.0,0.0
12994,4.0,0.0,0.0,2.0,0.0,0.0,11.0,2.0,4.0,4.0,2.0,8.0,5.0,1.0,14.0,3.0,2.0,1.0,8.0,1.0,3.0,2.0,68.0,42.0,-18.746666666666663,2.0,0.0,0.0,4.0,0.0,0.0,1.0,3.0,5.0,5.0,3.0,9.0,6.0,2.0,1.0,4.0,3.0,2.0,9.0,1.0,4.0,0.0
12995,2.0,0.0,0.0,4.0,0.0,0.0,1.0,3.0,5.0,5.0,3.0,9.0,6.0,2.0,1.0,4.0,3.0,2.0,9.0,1.0,4.0,60.0,44.0,74.0,-36.48333333333333,2.0,0.0,0.0,2.0,0.0,0.0,2.0,4.0,6.0,6.0,4.0,10.0,7.0,3.0,1.0,5.0,4.0,3.0,1.0,2.0,1.0,0.0
12996,2.0,0.0,0.0,2.0,0.0,0.0,2.0,4.0,6.0,6.0,4.0,10.0,7.0,3.0,1.0,5.0,4.0,3.0,1.0,2.0,1.0,79.0,52.0,74.0,-18.549999999999997,2.0,0.0,0.0,2.0,0.0,0.0,3.0,5.0,7.0,7.0,5.0,11.0,8.0,4.0,2.0,6.0,1.0,4.0,2.0,3.0,1.0,0.0
12997,2.0,0.0,0.0,2.0,0.0,0.0,3.0,5.0,7.0,7.0,5.0,11.0,8.0,4.0,2.0,6.0,1.0,4.0,2.0,3.0,1.0,79.0,52.0,74.0,-19.416666666666664,2.0,0.0,0.0,2.0,0.0,0.0,4.0,6.0,8.0,8.0,6.0,12.0,9.0,5.0,3.0,7.0,1.0,5.0,3.0,4.0,1.0,0.0
12998,2.0,0.0,0.0,2.0,0.0,0.0,4.0,6.0,8.0,8.0,6.0,12.0,9.0,5.0,3.0,7.0,1.0,5.0,3.0,4.0,1.0,79.0,52.0,74.0,-20.28333333333333,2.0,0.0,0.0,2.0,0.0,0.0,5.0,7.0,9.0,9.0,7.0,13.0,10.0,6.0,4.0,8.0,1.0,6.0,4.0,5.0,1.0,0.0
12999,2.0,0.0,0.0,2.0,0.0,0.0,5.0,7.0,9.0,9.0,7.0,13.0,10.0,6.0,4.0,8.0,1.0,6.0,4.0,5.0,1.0,79.0,52.0,74.0,-21.15,2.0,0.0,0.0,2.0,0.0,0.0,6.0,8.0,10.0,10.0,8.0,14.0,11.0,7.0,5.0,9.0,1.0,7.0,5.0,6.0,1.0,1.0
13000,4.0,7.0,3.0,7.0,0.0,2.0,1.0,1.0,1.0,1.0,1.0,1.0,1.0,1.0,1.0,1.0,1.0,1.0,1.0,1.0,1.0,22.0,24.0,77.0,-9.218333333333332,2.0,7.0,3.0,5.0,0.0,2.0,2.0,2.0,2.0,2.0,1.0,2.0,2.0,2.0,2.0,2.0,2.0,2.0,2.0,2.0,2.0,0.0
13001,2.0,7.0,3.0,5.0,0.0,2.0,2.0,2.0,2.0,2.0,1.0,2.0,2.0,2.0,2.0,2.0,2.0,2.0,2.0,2.0,2.0,22.0,24.0,77.0,-14.491666666666665,0.0,7.0,3.0,3.0,0.0,2.0,3.0,3.0,3.0,3.0,1.0,3.0,3.0,3.0,3.0,3.0,3.0,3.0,3.0,3.0,3.0,0.0
13002,0.0,7.0,3.0,3.0,0.0,2.0,3.0,3.0,3.0,3.0,1.0,3.0,3.0,3.0,3.0,3.0,3.0,3.0,3.0,3.0,3.0,19.0,24.0,77.0,-9.18,0.0,5.0,3.0,1.0,0.0,2.0,4.0,4.0,4.0,1.0,1.0,4.0,4.0,4.0,4.0,4.0,4.0,4.0,4.0,4.0,4.0,0.0
13003,0.0,5.0,3.0,1.0,0.0,2.0,4.0,4.0,4.0,1.0,1.0,4.0,4.0,4.0,4.0,4.0,4.0,4.0,4.0,4.0,4.0,19.0,2.0,77.0,-6.746666666666666,0.0,3.0,1.0,1.0,0.0,2.0,1.0,5.0,5.0,1.0,2.0,5.0,5.0,5.0,5.0,5.0,5.0,5.0,5.0,5.0,5.0,0.0
13004,0.0,3.0,1.0,1.0,0.0,2.0,1.0,5.0,5.0,1.0,2.0,5.0,5.0,5.0,5.0,5.0,5.0,5.0,5.0,5.0,5.0,79.0,72.0,74.0,-23.99833333333333,0.0,1.0,0.0,1.0,0.0,0.0,2.0,6.0,6.0,2.0,3.0,6.0,6.0,6.0,6.0,6.0,6.0,6.0,6.0,6.0,1.0,0.0
13005,0.0,1.0,0.0,1.0,0.0,0.0,2.0,6.0,6.0,2.0,3.0,6.0,6.0,6.0,6.0,6.0,6.0,6.0,6.0,6.0,1.0,79.0,52.0,74.0,-20.191666666666666,0.0,0.0,0.0,1.0,0.0,0.0,3.0,7.0,7.0,3.0,4.0,7.0,7.0,7.0,7.0,7.0,1.0,7.0,7.0,7.0,1.0,0.0
13006,0.0,0.0,0.0,1.0,0.0,0.0,3.0,7.0,7.0,3.0,4.0,7.0,7.0,7.0,7.0,7.0,1.0,7.0,7.0,7.0,1.0,39.0,68.0,38.0,-21.96333333333333,0.0,0.0,0.0,3.0,0.0,2.0,4.0,8.0,8.0,4.0,5.0,8.0,8.0,1.0,8.0,8.0,2.0,8.0,8.0,1.0,2.0,0.0
13007,0.0,0.0,0.0,3.0,0.0,2.0,4.0,8.0,8.0,4.0,5.0,8.0,8.0,1.0,8.0,8.0,2.0,8.0,8.0,1.0,2.0,79.0,68.0,9.0,-18.333333333333332,0.0,0.0,0.0,5.0,0.0,0.0,5.0,1.0,9.0,5.0,6.0,9.0,9.0,2.0,9.0,9.0,3.0,9.0,9.0,1.0,3.0,0.0
13008,0.0,0.0,0.0,5.0,0.0,0.0,5.0,1.0,9.0,5.0,6.0,9.0,9.0,2.0,9.0,9.0,3.0,9.0,9.0,1.0,3.0,31.0,45.0,59.0,-27.298333333333336,2.0,0.0,0.0,5.0,0.0,0.0,6.0,2.0,10.0,6.0,7.0,10.0,1.0,3.0,10.0,1.0,4.0,1.0,10.0,2.0,4.0,0.0
13009,2.0,0.0,0.0,5.0,0.0,0.0,6.0,2.0,10.0,6.0,7.0,10.0,1.0,3.0,10.0,1.0,4.0,1.0,10.0,2.0,4.0,35.0,42.0,41.0,-19.681666666666665,2.0,0.0,0.0,5.0,2.0,0.0,7.0,3.0,11.0,7.0,8.0,11.0,2.0,1.0,1.0,2.0,5.0,2.0,11.0,3.0,5.0,0.0
13010,2.0,0.0,0.0,5.0,2.0,0.0,7.0,3.0,11.0,7.0,8.0,11.0,2.0,1.0,1.0,2.0,5.0,2.0,11.0,3.0,5.0,79.0,24.0,57.0,-26.835,2.0,0.0,0.0,3.0,0.0,0.0,8.0,4.0,12.0,8.0,1.0,12.0,3.0,2.0,2.0,3.0,6.0,1.0,12.0,4.0,6.0,0.0
13011,2.0,0.0,0.0,3.0,0.0,0.0,8.0,4.0,12.0,8.0,1.0,12.0,3.0,2.0,2.0,3.0,6.0,1.0,12.0,4.0,6.0,60.0,52.0,57.0,-36.333333333333336,2.0,0.0,0.0,3.0,0.0,0.0,9.0,5.0,13.0,9.0,2.0,13.0,4.0,3.0,3.0,4.0,1.0,1.0,1.0,5.0,7.0,0.0
13012,2.0,0.0,0.0,3.0,0.0,0.0,9.0,5.0,13.0,9.0,2.0,13.0,4.0,3.0,3.0,4.0,1.0,1.0,1.0,5.0,7.0,79.0,47.0,29.0,-19.925,2.0,0.0,0.0,3.0,0.0,0.0,10.0,6.0,14.0,10.0,3.0,1.0,5.0,4.0,4.0,1.0,2.0,2.0,2.0,6.0,8.0,0.0
13013,2.0,0.0,0.0,3.0,0.0,0.0,10.0,6.0,14.0,10.0,3.0,1.0,5.0,4.0,4.0,1.0,2.0,2.0,2.0,6.0,8.0,79.0,12.0,15.0,-18.705,2.0,0.0,0.0,3.0,0.0,0.0,11.0,7.0,1.0,1.0,4.0,2.0,6.0,5.0,5.0,2.0,3.0,3.0,3.0,7.0,9.0,0.0
13014,2.0,0.0,0.0,3.0,0.0,0.0,11.0,7.0,1.0,1.0,4.0,2.0,6.0,5.0,5.0,2.0,3.0,3.0,3.0,7.0,9.0,39.0,33.0,6.0,-27.029999999999994,2.0,0.0,0.0,5.0,2.0,0.0,12.0,1.0,2.0,2.0,5.0,3.0,1.0,1.0,6.0,3.0,4.0,4.0,4.0,8.0,10.0,0.0
13015,2.0,0.0,0.0,5.0,2.0,0.0,12.0,1.0,2.0,2.0,5.0,3.0,1.0,1.0,6.0,3.0,4.0,4.0,4.0,8.0,10.0,2.0,71.0,38.0,-9.911666666666667,0.0,0.0,2.0,5.0,2.0,2.0,1.0,2.0,3.0,3.0,6.0,4.0,2.0,1.0,7.0,4.0,5.0,5.0,5.0,9.0,1.0,0.0
13016,0.0,0.0,2.0,5.0,2.0,2.0,1.0,2.0,3.0,3.0,6.0,4.0,2.0,1.0,7.0,4.0,5.0,5.0,5.0,9.0,1.0,67.0,42.0,77.0,-14.96,0.0,0.0,0.0,5.0,0.0,2.0,2.0,3.0,4.0,4.0,7.0,5.0,3.0,2.0,1.0,5.0,6.0,6.0,6.0,1.0,2.0,0.0
13017,0.0,0.0,0.0,5.0,0.0,2.0,2.0,3.0,4.0,4.0,7.0,5.0,3.0,2.0,1.0,5.0,6.0,6.0,6.0,1.0,2.0,79.0,24.0,74.0,-23.264999999999997,0.0,0.0,0.0,3.0,0.0,0.0,3.0,4.0,5.0,5.0,1.0,6.0,4.0,3.0,2.0,6.0,7.0,7.0,7.0,2.0,1.0,0.0
13018,0.0,0.0,0.0,3.0,0.0,0.0,3.0,4.0,5.0,5.0,1.0,6.0,4.0,3.0,2.0,6.0,7.0,7.0,7.0,2.0,1.0,79.0,27.0,74.0,-26.123333333333335,0.0,0.0,0.0,3.0,0.0,0.0,4.0,5.0,6.0,6.0,2.0,1.0,5.0,4.0,3.0,7.0,8.0,8.0,8.0,3.0,1.0,0.0
13019,0.0,0.0,0.0,3.0,0.0,0.0,4.0,5.0,6.0,6.0,2.0,1.0,5.0,4.0,3.0,7.0,8.0,8.0,8.0,3.0,1.0,79.0,55.0,9.0,-19.126666666666665,0.0,0.0,0.0,3.0,0.0,0.0,5.0,1.0,7.0,7.0,3.0,2.0,6.0,5.0,4.0,8.0,9.0,1.0,9.0,4.0,2.0,0.0
13020,0.0,0.0,0.0,3.0,0.0,0.0,5.0,1.0,7.0,7.0,3.0,2.0,6.0,5.0,4.0,8.0,9.0,1.0,9.0,4.0,2.0,79.0,42.0,17.0,-16.138333333333332,0.0,0.0,0.0,3.0,0.0,0.0,6.0,2.0,8.0,1.0,4.0,3.0,7.0,6.0,1.0,9.0,10.0,2.0,10.0,5.0,3.0,0.0
13021,0.0,0.0,0.0,3.0,0.0,0.0,6.0,2.0,8.0,1.0,4.0,3.0,7.0,6.0,1.0,9.0,10.0,2.0,10.0,5.0,3.0,48.0,50.0,2.0,-9.891666666666666,0.0,2.0,0.0,3.0,0.0,0.0,1.0,3.0,9.0,2.0,5.0,4.0,8.0,7.0,2.0,1.0,1.0,3.0,11.0,6.0,4.0,0.0
13022,0.0,2.0,0.0,3.0,0.0,0.0,1.0,3.0,9.0,2.0,5.0,4.0,8.0,7.0,2.0,1.0,1.0,3.0,11.0,6.0,4.0,60.0,72.0,69.0,-33.20666666666666,0.0,2.0,0.0,3.0,0.0,0.0,2.0,4.0,10.0,3.0,6.0,5.0,9.0,8.0,3.0,2.0,2.0,4.0,1.0,1.0,1.0,0.0
13023,0.0,2.0,0.0,3.0,0.0,0.0,2.0,4.0,10.0,3.0,6.0,5.0,9.0,8.0,3.0,2.0,2.0,4.0,1.0,1.0,1.0,79.0,24.0,54.0,-19.87833333333333,0.0,0.0,0.0,1.0,0.0,0.0,3.0,5.0,11.0,4.0,1.0,6.0,10.0,9.0,4.0,3.0,1.0,5.0,2.0,2.0,2.0,0.0
13024,0.0,0.0,0.0,1.0,0.0,0.0,3.0,5.0,11.0,4.0,1.0,6.0,10.0,9.0,4.0,3.0,1.0,5.0,2.0,2.0,2.0,79.0,38.0,1.0,-11.553333333333335,0.0,0.0,0.0,3.0,2.0,0.0,1.0,6.0,12.0,5.0,2.0,7.0,11.0,1.0,5.0,4.0,2.0,6.0,3.0,3.0,3.0,0.0
13025,0.0,0.0,0.0,3.0,2.0,0.0,1.0,6.0,12.0,5.0,2.0,7.0,11.0,1.0,5.0,4.0,2.0,6.0,3.0,3.0,3.0,31.0,24.0,12.0,-35.531666666666666,2.0,0.0,0.0,1.0,0.0,0.0,2.0,7.0,1.0,6.0,1.0,8.0,1.0,2.0,6.0,5.0,3.0,7.0,4.0,4.0,4.0,0.0
13026,2.0,0.0,0.0,1.0,0.0,0.0,2.0,7.0,1.0,6.0,1.0,8.0,1.0,2.0,6.0,5.0,3.0,7.0,4.0,4.0,4.0,39.0,59.0,5.0,-28.025,2.0,0.0,0.0,0.0,0.0,0.0,3.0,1.0,2.0,7.0,2.0,9.0,2.0,1.0,7.0,6.0,4.0,1.0,5.0,5.0,5.0,0.0
13027,2.0,0.0,0.0,0.0,0.0,0.0,3.0,1.0,2.0,7.0,2.0,9.0,2.0,1.0,7.0,6.0,4.0,1.0,5.0,5.0,5.0,35.0,24.0,25.0,-32.565000000000005,2.0,0.0,0.0,0.0,0.0,0.0,4.0,2.0,3.0,8.0,1.0,1.0,3.0,1.0,8.0,7.0,5.0,2.0,6.0,6.0,6.0,0.0
13028,2.0,0.0,0.0,0.0,0.0,0.0,4.0,2.0,3.0,8.0,1.0,1.0,3.0,1.0,8.0,7.0,5.0,2.0,6.0,6.0,6.0,31.0,71.0,17.0,-24.216666666666665,4.0,0.0,2.0,0.0,0.0,0.0,5.0,3.0,4.0,1.0,2.0,2.0,1.0,2.0,9.0,8.0,6.0,3.0,7.0,7.0,1.0,0.0
13029,4.0,0.0,2.0,0.0,0.0,0.0,5.0,3.0,4.0,1.0,2.0,2.0,1.0,2.0,9.0,8.0,6.0,3.0,7.0,7.0,1.0,67.0,24.0,47.0,-19.433333333333334,2.0,0.0,2.0,0.0,0.0,0.0,6.0,4.0,5.0,2.0,1.0,3.0,2.0,3.0,10.0,1.0,7.0,4.0,8.0,1.0,2.0,0.0
13030,2.0,0.0,2.0,0.0,0.0,0.0,6.0,4.0,5.0,2.0,1.0,3.0,2.0,3.0,10.0,1.0,7.0,4.0,8.0,1.0,2.0,55.0,42.0,41.0,-35.464999999999996,2.0,0.0,0.0,0.0,2.0,0.0,7.0,5.0,6.0,3.0,2.0,4.0,3.0,4.0,1.0,2.0,8.0,1.0,9.0,2.0,3.0,0.0
13031,2.0,0.0,0.0,0.0,2.0,0.0,7.0,5.0,6.0,3.0,2.0,4.0,3.0,4.0,1.0,2.0,8.0,1.0,9.0,2.0,3.0,76.0,50.0,9.0,-13.898333333333333,4.0,0.0,0.0,0.0,2.0,0.0,8.0,1.0,7.0,4.0,3.0,5.0,4.0,5.0,2.0,3.0,1.0,2.0,10.0,3.0,4.0,0.0
13032,4.0,0.0,0.0,0.0,2.0,0.0,8.0,1.0,7.0,4.0,3.0,5.0,4.0,5.0,2.0,3.0,1.0,2.0,10.0,3.0,4.0,2.0,24.0,1.0,-16.955,2.0,0.0,0.0,0.0,4.0,0.0,1.0,2.0,8.0,5.0,1.0,6.0,5.0,6.0,3.0,4.0,2.0,3.0,11.0,4.0,5.0,0.0
13033,2.0,0.0,0.0,0.0,4.0,0.0,1.0,2.0,8.0,5.0,1.0,6.0,5.0,6.0,3.0,4.0,2.0,3.0,11.0,4.0,5.0,60.0,38.0,1.0,-27.140000000000004,2.0,0.0,0.0,2.0,6.0,0.0,1.0,3.0,9.0,6.0,2.0,7.0,6.0,1.0,4.0,5.0,3.0,4.0,1.0,5.0,6.0,0.0
13034,2.0,0.0,0.0,2.0,6.0,0.0,1.0,3.0,9.0,6.0,2.0,7.0,6.0,1.0,4.0,5.0,3.0,4.0,1.0,5.0,6.0,76.0,24.0,1.0,-20.81,4.0,0.0,0.0,0.0,8.0,0.0,1.0,4.0,10.0,7.0,1.0,8.0,7.0,2.0,5.0,6.0,4.0,5.0,2.0,6.0,7.0,0.0
13035,4.0,0.0,0.0,0.0,8.0,0.0,1.0,4.0,10.0,7.0,1.0,8.0,7.0,2.0,5.0,6.0,4.0,5.0,2.0,6.0,7.0,76.0,24.0,1.0,-23.381666666666668,6.0,0.0,0.0,0.0,9.0,0.0,1.0,5.0,11.0,8.0,1.0,9.0,8.0,3.0,6.0,7.0,5.0,6.0,3.0,7.0,8.0,0.0
13036,6.0,0.0,0.0,0.0,9.0,0.0,1.0,5.0,11.0,8.0,1.0,9.0,8.0,3.0,6.0,7.0,5.0,6.0,3.0,7.0,8.0,76.0,24.0,1.0,-24.248333333333335,8.0,0.0,0.0,0.0,9.0,0.0,1.0,6.0,12.0,9.0,1.0,10.0,9.0,4.0,7.0,8.0,6.0,7.0,4.0,8.0,9.0,0.0
13037,8.0,0.0,0.0,0.0,9.0,0.0,1.0,6.0,12.0,9.0,1.0,10.0,9.0,4.0,7.0,8.0,6.0,7.0,4.0,8.0,9.0,76.0,24.0,1.0,-25.115000000000002,9.0,0.0,0.0,0.0,9.0,0.0,1.0,7.0,13.0,10.0,1.0,11.0,10.0,5.0,8.0,9.0,7.0,8.0,5.0,9.0,10.0,0.0
13038,9.0,0.0,0.0,0.0,9.0,0.0,1.0,7.0,13.0,10.0,1.0,11.0,10.0,5.0,8.0,9.0,7.0,8.0,5.0,9.0,10.0,76.0,24.0,47.0,-24.983333333333334,9.0,0.0,0.0,0.0,7.0,0.0,2.0,8.0,14.0,11.0,1.0,12.0,11.0,6.0,9.0,1.0,8.0,9.0,6.0,10.0,11.0,0.0
13039,9.0,0.0,0.0,0.0,7.0,0.0,2.0,8.0,14.0,11.0,1.0,12.0,11.0,6.0,9.0,1.0,8.0,9.0,6.0,10.0,11.0,76.0,24.0,54.0,-23.988333333333333,9.0,0.0,0.0,0.0,7.0,0.0,3.0,9.0,15.0,12.0,1.0,13.0,12.0,7.0,10.0,2.0,1.0,10.0,7.0,11.0,12.0,0.0
13040,9.0,0.0,0.0,0.0,7.0,0.0,3.0,9.0,15.0,12.0,1.0,13.0,12.0,7.0,10.0,2.0,1.0,10.0,7.0,11.0,12.0,26.0,24.0,42.0,-31.448333333333334,9.0,0.0,0.0,0.0,5.0,0.0,4.0,10.0,16.0,13.0,1.0,1.0,13.0,8.0,1.0,3.0,2.0,11.0,8.0,12.0,13.0,0.0
13041,9.0,0.0,0.0,0.0,5.0,0.0,4.0,10.0,16.0,13.0,1.0,1.0,13.0,8.0,1.0,3.0,2.0,11.0,8.0,12.0,13.0,76.0,38.0,40.0,-21.928333333333335,9.0,0.0,0.0,2.0,5.0,0.0,5.0,11.0,17.0,14.0,2.0,2.0,14.0,1.0,1.0,4.0,3.0,12.0,9.0,13.0,14.0,0.0
13042,9.0,0.0,0.0,2.0,5.0,0.0,5.0,11.0,17.0,14.0,2.0,2.0,14.0,1.0,1.0,4.0,3.0,12.0,9.0,13.0,14.0,75.0,24.0,40.0,-28.463333333333335,9.0,0.0,0.0,0.0,5.0,0.0,6.0,12.0,18.0,15.0,1.0,3.0,15.0,2.0,1.0,5.0,4.0,13.0,10.0,14.0,15.0,0.0
13043,9.0,0.0,0.0,0.0,5.0,0.0,6.0,12.0,18.0,15.0,1.0,3.0,15.0,2.0,1.0,5.0,4.0,13.0,10.0,14.0,15.0,76.0,38.0,40.0,-23.528333333333332,9.0,0.0,0.0,2.0,5.0,0.0,7.0,13.0,19.0,16.0,2.0,4.0,16.0,1.0,1.0,6.0,5.0,14.0,11.0,15.0,16.0,0.0
13044,9.0,0.0,0.0,2.0,5.0,0.0,7.0,13.0,19.0,16.0,2.0,4.0,16.0,1.0,1.0,6.0,5.0,14.0,11.0,15.0,16.0,76.0,24.0,40.0,-30.063333333333333,9.0,0.0,0.0,0.0,5.0,0.0,8.0,14.0,20.0,17.0,1.0,5.0,17.0,2.0,1.0,7.0,6.0,15.0,12.0,16.0,17.0,0.0
13045,9.0,0.0,0.0,0.0,5.0,0.0,8.0,14.0,20.0,17.0,1.0,5.0,17.0,2.0,1.0,7.0,6.0,15.0,12.0,16.0,17.0,76.0,38.0,40.0,-25.128333333333334,9.0,0.0,0.0,2.0,5.0,0.0,9.0,15.0,21.0,18.0,2.0,6.0,18.0,1.0,1.0,8.0,7.0,16.0,13.0,17.0,18.0,0.0
13046,9.0,0.0,0.0,2.0,5.0,0.0,9.0,15.0,21.0,18.0,2.0,6.0,18.0,1.0,1.0,8.0,7.0,16.0,13.0,17.0,18.0,76.0,24.0,72.0,-32.855,9.0,0.0,0.0,0.0,3.0,0.0,10.0,16.0,22.0,19.0,1.0,7.0,19.0,2.0,2.0,9.0,8.0,17.0,14.0,18.0,1.0,0.0
13047,9.0,0.0,0.0,0.0,3.0,0.0,10.0,16.0,22.0,19.0,1.0,7.0,19.0,2.0,2.0,9.0,8.0,17.0,14.0,18.0,1.0,31.0,12.0,54.0,-25.163333333333334,9.0,0.0,0.0,0.0,3.0,0.0,11.0,17.0,1.0,20.0,2.0,8.0,1.0,3.0,3.0,10.0,1.0,18.0,15.0,19.0,2.0,0.0
13048,9.0,0.0,0.0,0.0,3.0,0.0,11.0,17.0,1.0,20.0,2.0,8.0,1.0,3.0,3.0,10.0,1.0,18.0,15.0,19.0,2.0,39.0,59.0,47.0,-23.94166666666667,9.0,0.0,0.0,0.0,1.0,0.0,12.0,18.0,2.0,21.0,3.0,9.0,2.0,1.0,4.0,1.0,2.0,1.0,16.0,20.0,3.0,0.0
13049,9.0,0.0,0.0,0.0,1.0,0.0,12.0,18.0,2.0,21.0,3.0,9.0,2.0,1.0,4.0,1.0,2.0,1.0,16.0,20.0,3.0,26.0,24.0,47.0,-25.779999999999998,9.0,0.0,0.0,0.0,0.0,0.0,13.0,19.0,3.0,22.0,1.0,1.0,3.0,2.0,5.0,1.0,3.0,2.0,17.0,21.0,4.0,0.0
13050,9.0,0.0,0.0,0.0,0.0,0.0,13.0,19.0,3.0,22.0,1.0,1.0,3.0,2.0,5.0,1.0,3.0,2.0,17.0,21.0,4.0,17.0,24.0,6.0,-33.589999999999996,7.0,0.0,0.0,0.0,2.0,0.0,14.0,1.0,4.0,1.0,1.0,2.0,4.0,3.0,6.0,2.0,4.0,3.0,18.0,22.0,5.0,0.0
13051,7.0,0.0,0.0,0.0,2.0,0.0,14.0,1.0,4.0,1.0,1.0,2.0,4.0,3.0,6.0,2.0,4.0,3.0,18.0,22.0,5.0,67.0,50.0,60.0,-28.55666666666667,5.0,0.0,0.0,0.0,2.0,0.0,15.0,2.0,5.0,2.0,2.0,3.0,5.0,4.0,7.0,3.0,1.0,4.0,1.0,1.0,6.0,0.0
13052,5.0,0.0,0.0,0.0,2.0,0.0,15.0,2.0,5.0,2.0,2.0,3.0,5.0,4.0,7.0,3.0,1.0,4.0,1.0,1.0,6.0,0.0,73.0,30.0,-18.523333333333333,5.0,0.0,0.0,2.0,2.0,0.0,1.0,3.0,6.0,3.0,3.0,4.0,1.0,5.0,8.0,4.0,2.0,5.0,2.0,2.0,1.0,0.0
13053,5.0,0.0,0.0,2.0,2.0,0.0,1.0,3.0,6.0,3.0,3.0,4.0,1.0,5.0,8.0,4.0,2.0,5.0,2.0,2.0,1.0,23.0,57.0,42.0,-23.571666666666665,5.0,2.0,0.0,2.0,0.0,0.0,2.0,4.0,7.0,4.0,1.0,5.0,2.0,6.0,1.0,5.0,3.0,1.0,3.0,3.0,2.0,0.0
13054,5.0,2.0,0.0,2.0,0.0,0.0,2.0,4.0,7.0,4.0,1.0,5.0,2.0,6.0,1.0,5.0,3.0,1.0,3.0,3.0,2.0,51.0,38.0,47.0,-14.803333333333335,7.0,2.0,0.0,4.0,0.0,0.0,3.0,5.0,8.0,5.0,2.0,6.0,3.0,1.0,2.0,1.0,1.0,2.0,4.0,4.0,3.0,0.0
13055,7.0,2.0,0.0,4.0,0.0,0.0,3.0,5.0,8.0,5.0,2.0,6.0,3.0,1.0,2.0,1.0,1.0,2.0,4.0,4.0,3.0,6.0,24.0,47.0,-15.89,9.0,2.0,0.0,2.0,0.0,0.0,4.0,1.0,9.0,6.0,1.0,7.0,4.0,2.0,3.0,1.0,2.0,3.0,5.0,5.0,4.0,0.0
13056,9.0,2.0,0.0,2.0,0.0,0.0,4.0,1.0,9.0,6.0,1.0,7.0,4.0,2.0,3.0,1.0,2.0,3.0,5.0,5.0,4.0,10.0,24.0,1.0,-21.381666666666668,9.0,2.0,0.0,0.0,2.0,0.0,1.0,2.0,1.0,7.0,1.0,8.0,5.0,3.0,4.0,2.0,3.0,4.0,6.0,6.0,5.0,0.0
13057,9.0,2.0,0.0,0.0,2.0,0.0,1.0,2.0,1.0,7.0,1.0,8.0,5.0,3.0,4.0,2.0,3.0,4.0,6.0,6.0,5.0,26.0,70.0,34.0,-23.971666666666668,9.0,2.0,0.0,0.0,2.0,0.0,2.0,3.0,2.0,8.0,2.0,1.0,1.0,4.0,5.0,3.0,4.0,5.0,7.0,7.0,1.0,0.0
13058,9.0,2.0,0.0,0.0,2.0,0.0,2.0,3.0,2.0,8.0,2.0,1.0,1.0,4.0,5.0,3.0,4.0,5.0,7.0,7.0,1.0,39.0,24.0,67.0,-25.035,9.0,0.0,0.0,0.0,0.0,0.0,3.0,4.0,3.0,9.0,1.0,2.0,2.0,1.0,6.0,4.0,5.0,6.0,8.0,1.0,2.0,0.0
13059,9.0,0.0,0.0,0.0,0.0,0.0,3.0,4.0,3.0,9.0,1.0,2.0,2.0,1.0,6.0,4.0,5.0,6.0,8.0,1.0,2.0,32.0,59.0,62.0,-37.833333333333336,7.0,0.0,0.0,0.0,0.0,0.0,4.0,5.0,4.0,10.0,2.0,3.0,1.0,2.0,7.0,5.0,6.0,1.0,1.0,2.0,3.0,0.0
13060,7.0,0.0,0.0,0.0,0.0,0.0,4.0,5.0,4.0,10.0,2.0,3.0,1.0,2.0,7.0,5.0,6.0,1.0,1.0,2.0,3.0,60.0,24.0,50.0,-29.24333333333333,7.0,0.0,0.0,0.0,0.0,0.0,5.0,6.0,5.0,11.0,1.0,4.0,2.0,3.0,8.0,6.0,1.0,2.0,1.0,3.0,4.0,0.0
13061,7.0,0.0,0.0,0.0,0.0,0.0,5.0,6.0,5.0,11.0,1.0,4.0,2.0,3.0,8.0,6.0,1.0,2.0,1.0,3.0,4.0,17.0,10.0,47.0,-27.38166666666667,5.0,0.0,0.0,0.0,0.0,0.0,6.0,7.0,1.0,1.0,2.0,5.0,3.0,4.0,9.0,1.0,2.0,3.0,2.0,4.0,5.0,0.0
13062,5.0,0.0,0.0,0.0,0.0,0.0,6.0,7.0,1.0,1.0,2.0,5.0,3.0,4.0,9.0,1.0,2.0,3.0,2.0,4.0,5.0,23.0,70.0,47.0,-19.168333333333333,5.0,2.0,0.0,0.0,0.0,0.0,7.0,8.0,2.0,2.0,1.0,6.0,4.0,5.0,10.0,1.0,3.0,4.0,3.0,5.0,1.0,0.0
13063,5.0,2.0,0.0,0.0,0.0,0.0,7.0,8.0,2.0,2.0,1.0,6.0,4.0,5.0,10.0,1.0,3.0,4.0,3.0,5.0,1.0,55.0,24.0,13.0,-36.13166666666666,5.0,2.0,0.0,0.0,0.0,2.0,8.0,9.0,1.0,3.0,1.0,7.0,5.0,6.0,11.0,2.0,4.0,1.0,4.0,6.0,2.0,0.0
13064,5.0,2.0,0.0,0.0,0.0,2.0,8.0,9.0,1.0,3.0,1.0,7.0,5.0,6.0,11.0,2.0,4.0,1.0,4.0,6.0,2.0,55.0,24.0,41.0,-31.304999999999996,5.0,2.0,0.0,0.0,2.0,2.0,9.0,10.0,2.0,4.0,1.0,8.0,6.0,7.0,1.0,3.0,5.0,1.0,5.0,7.0,3.0,0.0
13065,5.0,2.0,0.0,0.0,2.0,2.0,9.0,10.0,2.0,4.0,1.0,8.0,6.0,7.0,1.0,3.0,5.0,1.0,5.0,7.0,3.0,51.0,32.0,39.0,-22.425000000000004,7.0,2.0,0.0,0.0,2.0,0.0,10.0,11.0,3.0,5.0,2.0,9.0,1.0,1.0,2.0,4.0,1.0,2.0,6.0,8.0,4.0,0.0
13066,7.0,2.0,0.0,0.0,2.0,0.0,10.0,11.0,3.0,5.0,2.0,9.0,1.0,1.0,2.0,4.0,1.0,2.0,6.0,8.0,4.0,2.0,32.0,47.0,-20.565,5.0,2.0,0.0,0.0,0.0,0.0,1.0,12.0,4.0,6.0,3.0,10.0,1.0,2.0,3.0,1.0,2.0,3.0,7.0,9.0,5.0,0.0
13067,5.0,2.0,0.0,0.0,0.0,0.0,1.0,12.0,4.0,6.0,3.0,10.0,1.0,2.0,3.0,1.0,2.0,3.0,7.0,9.0,5.0,6.0,24.0,70.0,-26.741666666666667,7.0,2.0,0.0,0.0,0.0,0.0,2.0,1.0,5.0,7.0,1.0,11.0,2.0,3.0,4.0,2.0,3.0,4.0,8.0,10.0,1.0,0.0
13068,7.0,2.0,0.0,0.0,0.0,0.0,2.0,1.0,5.0,7.0,1.0,11.0,2.0,3.0,4.0,2.0,3.0,4.0,8.0,10.0,1.0,10.0,10.0,70.0,-33.07666666666667,7.0,2.0,0.0,0.0,0.0,0.0,3.0,2.0,1.0,8.0,2.0,12.0,3.0,4.0,5.0,3.0,4.0,5.0,9.0,11.0,1.0,0.0
13069,7.0,2.0,0.0,0.0,0.0,0.0,3.0,2.0,1.0,8.0,2.0,12.0,3.0,4.0,5.0,3.0,4.0,5.0,9.0,11.0,1.0,39.0,65.0,70.0,-23.865000000000002,7.0,0.0,0.0,0.0,0.0,0.0,4.0,3.0,2.0,9.0,3.0,13.0,4.0,1.0,6.0,4.0,5.0,6.0,10.0,1.0,1.0,0.0
13070,7.0,0.0,0.0,0.0,0.0,0.0,4.0,3.0,2.0,9.0,3.0,13.0,4.0,1.0,6.0,4.0,5.0,6.0,10.0,1.0,1.0,60.0,25.0,25.0,-40.53666666666667,7.0,0.0,0.0,0.0,0.0,0.0,5.0,4.0,3.0,10.0,4.0,1.0,5.0,2.0,7.0,5.0,6.0,7.0,1.0,2.0,2.0,0.0
13071,7.0,0.0,0.0,0.0,0.0,0.0,5.0,4.0,3.0,10.0,4.0,1.0,5.0,2.0,7.0,5.0,6.0,7.0,1.0,2.0,2.0,32.0,59.0,50.0,-24.836666666666666,5.0,0.0,0.0,0.0,0.0,0.0,6.0,5.0,4.0,11.0,5.0,2.0,1.0,3.0,8.0,6.0,1.0,1.0,2.0,3.0,3.0,0.0
13072,5.0,0.0,0.0,0.0,0.0,0.0,6.0,5.0,4.0,11.0,5.0,2.0,1.0,3.0,8.0,6.0,1.0,1.0,2.0,3.0,3.0,17.0,73.0,50.0,-21.89166666666667,3.0,0.0,0.0,2.0,0.0,0.0,7.0,6.0,5.0,1.0,6.0,3.0,2.0,4.0,9.0,7.0,1.0,2.0,3.0,4.0,1.0,0.0
13073,3.0,0.0,0.0,2.0,0.0,0.0,7.0,6.0,5.0,1.0,6.0,3.0,2.0,4.0,9.0,7.0,1.0,2.0,3.0,4.0,1.0,0.0,49.0,47.0,-8.783333333333335,3.0,0.0,0.0,0.0,0.0,0.0,1.0,7.0,6.0,2.0,7.0,4.0,3.0,5.0,10.0,1.0,2.0,3.0,4.0,5.0,2.0,0.0
13074,3.0,0.0,0.0,0.0,0.0,0.0,1.0,7.0,6.0,2.0,7.0,4.0,3.0,5.0,10.0,1.0,2.0,3.0,4.0,5.0,2.0,55.0,12.0,41.0,-38.89666666666667,3.0,0.0,0.0,0.0,2.0,0.0,2.0,8.0,1.0,3.0,8.0,5.0,4.0,6.0,1.0,2.0,3.0,1.0,5.0,6.0,3.0,0.0
13075,3.0,0.0,0.0,0.0,2.0,0.0,2.0,8.0,1.0,3.0,8.0,5.0,4.0,6.0,1.0,2.0,3.0,1.0,5.0,6.0,3.0,25.0,32.0,64.0,-40.04833333333334,3.0,0.0,0.0,0.0,2.0,0.0,3.0,9.0,2.0,4.0,9.0,1.0,1.0,7.0,2.0,3.0,4.0,2.0,1.0,7.0,4.0,0.0
13076,3.0,0.0,0.0,0.0,2.0,0.0,3.0,9.0,2.0,4.0,9.0,1.0,1.0,7.0,2.0,3.0,4.0,2.0,1.0,7.0,4.0,53.0,6.0,50.0,-12.901666666666666,3.0,2.0,2.0,0.0,2.0,0.0,4.0,1.0,3.0,5.0,10.0,2.0,2.0,8.0,3.0,4.0,1.0,3.0,2.0,8.0,5.0,0.0
13077,3.0,2.0,2.0,0.0,2.0,0.0,4.0,1.0,3.0,5.0,10.0,2.0,2.0,8.0,3.0,4.0,1.0,3.0,2.0,8.0,5.0,39.0,6.0,46.0,-10.245000000000001,3.0,0.0,4.0,0.0,4.0,0.0,5.0,1.0,4.0,6.0,11.0,3.0,3.0,1.0,4.0,1.0,2.0,4.0,3.0,9.0,6.0,0.0
13078,3.0,0.0,4.0,0.0,4.0,0.0,5.0,1.0,4.0,6.0,11.0,3.0,3.0,1.0,4.0,1.0,2.0,4.0,3.0,9.0,6.0,2.0,69.0,24.0,-14.073333333333332,1.0,0.0,4.0,0.0,4.0,0.0,1.0,2.0,5.0,7.0,1.0,4.0,4.0,2.0,5.0,2.0,3.0,5.0,4.0,1.0,7.0,0.0
13079,1.0,0.0,4.0,0.0,4.0,0.0,1.0,2.0,5.0,7.0,1.0,4.0,4.0,2.0,5.0,2.0,3.0,5.0,4.0,1.0,7.0,15.0,25.0,34.0,-19.96333333333333,1.0,0.0,4.0,0.0,4.0,0.0,2.0,3.0,6.0,1.0,2.0,1.0,1.0,3.0,6.0,3.0,4.0,6.0,5.0,2.0,8.0,0.0
13080,1.0,0.0,4.0,0.0,4.0,0.0,2.0,3.0,6.0,1.0,2.0,1.0,1.0,3.0,6.0,3.0,4.0,6.0,5.0,2.0,8.0,52.0,73.0,72.0,-25.278333333333336,0.0,0.0,4.0,2.0,2.0,0.0,3.0,4.0,7.0,2.0,3.0,2.0,2.0,4.0,7.0,4.0,1.0,7.0,6.0,3.0,1.0,0.0
13081,0.0,0.0,4.0,2.0,2.0,0.0,3.0,4.0,7.0,2.0,3.0,2.0,2.0,4.0,7.0,4.0,1.0,7.0,6.0,3.0,1.0,55.0,12.0,7.0,-31.27833333333333,0.0,0.0,2.0,2.0,0.0,0.0,4.0,1.0,1.0,3.0,4.0,3.0,3.0,5.0,8.0,5.0,2.0,1.0,7.0,4.0,2.0,0.0
13082,0.0,0.0,2.0,2.0,0.0,0.0,4.0,1.0,1.0,3.0,4.0,3.0,3.0,5.0,8.0,5.0,2.0,1.0,7.0,4.0,2.0,35.0,42.0,25.0,-29.81666666666667,0.0,0.0,0.0,2.0,0.0,0.0,5.0,2.0,2.0,4.0,5.0,1.0,4.0,1.0,1.0,6.0,3.0,2.0,8.0,5.0,3.0,0.0
13083,0.0,0.0,0.0,2.0,0.0,0.0,5.0,2.0,2.0,4.0,5.0,1.0,4.0,1.0,1.0,6.0,3.0,2.0,8.0,5.0,3.0,2.0,45.0,47.0,-8.538333333333334,0.0,0.0,0.0,2.0,0.0,0.0,1.0,3.0,3.0,5.0,6.0,2.0,5.0,2.0,2.0,1.0,4.0,3.0,9.0,6.0,4.0,0.0
13084,0.0,0.0,0.0,2.0,0.0,0.0,1.0,3.0,3.0,5.0,6.0,2.0,5.0,2.0,2.0,1.0,4.0,3.0,9.0,6.0,4.0,30.0,50.0,79.0,-20.253333333333334,0.0,0.0,0.0,2.0,0.0,0.0,2.0,4.0,4.0,6.0,7.0,3.0,1.0,3.0,3.0,2.0,1.0,4.0,10.0,7.0,5.0,0.0
13085,0.0,0.0,0.0,2.0,0.0,0.0,2.0,4.0,4.0,6.0,7.0,3.0,1.0,3.0,3.0,2.0,1.0,4.0,10.0,7.0,5.0,66.0,6.0,70.0,-24.216666666666665,2.0,0.0,2.0,2.0,0.0,0.0,3.0,1.0,5.0,7.0,8.0,4.0,2.0,4.0,4.0,3.0,2.0,5.0,11.0,1.0,1.0,0.0
13086,2.0,0.0,2.0,2.0,0.0,0.0,3.0,1.0,5.0,7.0,8.0,4.0,2.0,4.0,4.0,3.0,2.0,5.0,11.0,1.0,1.0,17.0,25.0,21.0,-24.725,0.0,0.0,2.0,2.0,2.0,0.0,4.0,2.0,6.0,1.0,1.0,1.0,3.0,5.0,5.0,4.0,3.0,6.0,12.0,2.0,2.0,0.0
13087,0.0,0.0,2.0,2.0,2.0,0.0,4.0,2.0,6.0,1.0,1.0,1.0,3.0,5.0,5.0,4.0,3.0,6.0,12.0,2.0,2.0,55.0,49.0,61.0,-29.373333333333335,0.0,0.0,2.0,0.0,4.0,0.0,5.0,3.0,7.0,2.0,2.0,2.0,4.0,6.0,6.0,1.0,4.0,1.0,1.0,3.0,3.0,0.0
13088,0.0,0.0,2.0,0.0,4.0,0.0,5.0,3.0,7.0,2.0,2.0,2.0,4.0,6.0,6.0,1.0,4.0,1.0,1.0,3.0,3.0,0.0,38.0,10.0,-15.998333333333331,0.0,0.0,2.0,2.0,4.0,0.0,1.0,4.0,1.0,3.0,3.0,3.0,5.0,1.0,7.0,2.0,5.0,2.0,2.0,4.0,4.0,0.0
13089,0.0,0.0,2.0,2.0,4.0,0.0,1.0,4.0,1.0,3.0,3.0,3.0,5.0,1.0,7.0,2.0,5.0,2.0,2.0,4.0,4.0,70.0,68.0,77.0,-16.0,0.0,0.0,2.0,4.0,2.0,0.0,2.0,5.0,2.0,4.0,4.0,4.0,6.0,2.0,8.0,3.0,6.0,3.0,3.0,1.0,1.0,0.0
13090,0.0,0.0,2.0,4.0,2.0,0.0,2.0,5.0,2.0,4.0,4.0,4.0,6.0,2.0,8.0,3.0,6.0,3.0,3.0,1.0,1.0,40.0,68.0,9.0,-20.251666666666665,0.0,0.0,2.0,6.0,2.0,0.0,3.0,1.0,3.0,5.0,5.0,5.0,7.0,3.0,1.0,4.0,7.0,4.0,4.0,1.0,2.0,0.0
13091,0.0,0.0,2.0,6.0,2.0,0.0,3.0,1.0,3.0,5.0,5.0,5.0,7.0,3.0,1.0,4.0,7.0,4.0,4.0,1.0,2.0,40.0,32.0,34.0,-38.85333333333333,0.0,0.0,0.0,6.0,2.0,0.0,4.0,2.0,4.0,6.0,6.0,6.0,1.0,4.0,1.0,5.0,8.0,5.0,5.0,2.0,3.0,0.0
13092,0.0,0.0,0.0,6.0,2.0,0.0,4.0,2.0,4.0,6.0,6.0,6.0,1.0,4.0,1.0,5.0,8.0,5.0,5.0,2.0,3.0,0.0,54.0,47.0,-10.51,0.0,0.0,0.0,4.0,0.0,0.0,1.0,3.0,5.0,7.0,7.0,7.0,2.0,5.0,2.0,1.0,1.0,6.0,6.0,3.0,4.0,0.0
13093,0.0,0.0,0.0,4.0,0.0,0.0,1.0,3.0,5.0,7.0,7.0,7.0,2.0,5.0,2.0,1.0,1.0,6.0,6.0,3.0,4.0,35.0,57.0,15.0,-19.765,0.0,0.0,0.0,4.0,0.0,0.0,2.0,4.0,6.0,1.0,8.0,8.0,3.0,1.0,3.0,2.0,2.0,1.0,7.0,4.0,5.0,0.0
13094,0.0,0.0,0.0,4.0,0.0,0.0,2.0,4.0,6.0,1.0,8.0,8.0,3.0,1.0,3.0,2.0,2.0,1.0,7.0,4.0,5.0,5.0,64.0,47.0,-31.058333333333334,0.0,0.0,0.0,2.0,0.0,0.0,3.0,1.0,7.0,2.0,9.0,9.0,4.0,2.0,4.0,1.0,3.0,2.0,1.0,5.0,6.0,0.0
13095,0.0,0.0,0.0,2.0,0.0,0.0,3.0,1.0,7.0,2.0,9.0,9.0,4.0,2.0,4.0,1.0,3.0,2.0,1.0,5.0,6.0,29.0,68.0,10.0,-34.99833333333333,0.0,0.0,0.0,4.0,0.0,0.0,4.0,2.0,1.0,3.0,10.0,1.0,5.0,3.0,5.0,2.0,4.0,3.0,2.0,1.0,7.0,0.0
13096,0.0,0.0,0.0,4.0,0.0,0.0,4.0,2.0,1.0,3.0,10.0,1.0,5.0,3.0,5.0,2.0,4.0,3.0,2.0,1.0,7.0,40.0,73.0,24.0,-26.316666666666666,0.0,0.0,0.0,6.0,0.0,0.0,5.0,3.0,2.0,4.0,1.0,2.0,6.0,4.0,1.0,3.0,5.0,4.0,3.0,2.0,1.0,0.0
13097,0.0,0.0,0.0,6.0,0.0,0.0,5.0,3.0,2.0,4.0,1.0,2.0,6.0,4.0,1.0,3.0,5.0,4.0,3.0,2.0,1.0,0.0,55.0,9.0,-15.046666666666667,0.0,0.0,0.0,6.0,0.0,0.0,1.0,1.0,3.0,5.0,2.0,3.0,7.0,5.0,2.0,4.0,6.0,1.0,4.0,3.0,2.0,0.0
13098,0.0,0.0,0.0,6.0,0.0,0.0,1.0,1.0,3.0,5.0,2.0,3.0,7.0,5.0,2.0,4.0,6.0,1.0,4.0,3.0,2.0,40.0,65.0,34.0,-30.74666666666667,0.0,0.0,0.0,6.0,0.0,0.0,2.0,2.0,4.0,6.0,3.0,4.0,1.0,6.0,1.0,5.0,7.0,2.0,5.0,1.0,3.0,0.0
13099,0.0,0.0,0.0,6.0,0.0,0.0,2.0,2.0,4.0,6.0,3.0,4.0,1.0,6.0,1.0,5.0,7.0,2.0,5.0,1.0,3.0,35.0,65.0,15.0,-19.565,0.0,0.0,0.0,6.0,0.0,0.0,3.0,3.0,5.0,1.0,4.0,5.0,2.0,1.0,2.0,6.0,8.0,3.0,6.0,1.0,4.0,1.0
13100,9.0,9.0,5.0,1.0,7.0,9.0,1.0,1.0,1.0,1.0,1.0,1.0,1.0,1.0,1.0,1.0,1.0,1.0,1.0,1.0,1.0,14.0,9.0,77.0,-4.811666666666667,9.0,7.0,5.0,0.0,5.0,9.0,2.0,1.0,1.0,2.0,2.0,2.0,2.0,2.0,2.0,2.0,2.0,2.0,2.0,2.0,2.0,0.0
13101,9.0,7.0,5.0,0.0,5.0,9.0,2.0,1.0,1.0,2.0,2.0,2.0,2.0,2.0,2.0,2.0,2.0,2.0,2.0,2.0,2.0,14.0,9.0,77.0,-6.298333333333334,9.0,5.0,5.0,0.0,3.0,9.0,3.0,1.0,1.0,3.0,3.0,3.0,3.0,3.0,3.0,3.0,3.0,3.0,3.0,3.0,3.0,0.0
13102,9.0,5.0,5.0,0.0,3.0,9.0,3.0,1.0,1.0,3.0,3.0,3.0,3.0,3.0,3.0,3.0,3.0,3.0,3.0,3.0,3.0,14.0,65.0,77.0,-11.526666666666666,9.0,3.0,5.0,0.0,1.0,9.0,4.0,2.0,1.0,4.0,4.0,4.0,4.0,4.0,4.0,4.0,4.0,4.0,4.0,1.0,4.0,0.0
13103,9.0,3.0,5.0,0.0,1.0,9.0,4.0,2.0,1.0,4.0,4.0,4.0,4.0,4.0,4.0,4.0,4.0,4.0,4.0,1.0,4.0,32.0,65.0,25.0,-19.521666666666665,7.0,3.0,5.0,0.0,1.0,9.0,5.0,3.0,2.0,5.0,5.0,1.0,1.0,5.0,5.0,5.0,5.0,5.0,5.0,1.0,5.0,0.0
13104,7.0,3.0,5.0,0.0,1.0,9.0,5.0,3.0,2.0,5.0,5.0,1.0,1.0,5.0,5.0,5.0,5.0,5.0,5.0,1.0,5.0,22.0,6.0,50.0,-11.595,5.0,3.0,7.0,0.0,1.0,9.0,6.0,1.0,3.0,6.0,1.0,2.0,2.0,6.0,6.0,6.0,1.0,6.0,6.0,2.0,6.0,0.0
13105,5.0,3.0,7.0,0.0,1.0,9.0,6.0,1.0,3.0,6.0,1.0,2.0,2.0,6.0,6.0,6.0,1.0,6.0,6.0,2.0,6.0,14.0,9.0,15.0,-12.548333333333332,5.0,1.0,7.0,0.0,1.0,9.0,7.0,1.0,1.0,1.0,2.0,3.0,3.0,7.0,7.0,7.0,2.0,7.0,7.0,3.0,7.0,0.0
13106,5.0,1.0,7.0,0.0,1.0,9.0,7.0,1.0,1.0,1.0,2.0,3.0,3.0,7.0,7.0,7.0,2.0,7.0,7.0,3.0,7.0,58.0,65.0,72.0,-17.994999999999997,5.0,3.0,7.0,0.0,0.0,9.0,8.0,2.0,2.0,2.0,3.0,4.0,4.0,8.0,8.0,8.0,3.0,1.0,8.0,1.0,1.0,0.0
13107,5.0,3.0,7.0,0.0,0.0,9.0,8.0,2.0,2.0,2.0,3.0,4.0,4.0,8.0,8.0,8.0,3.0,1.0,8.0,1.0,1.0,2.0,65.0,30.0,-32.388333333333335,3.0,3.0,7.0,0.0,0.0,9.0,1.0,3.0,3.0,3.0,4.0,5.0,1.0,9.0,9.0,9.0,4.0,2.0,9.0,1.0,2.0,0.0
13108,3.0,3.0,7.0,0.0,0.0,9.0,1.0,3.0,3.0,3.0,4.0,5.0,1.0,9.0,9.0,9.0,4.0,2.0,9.0,1.0,2.0,14.0,49.0,15.0,-18.593333333333334,3.0,1.0,7.0,0.0,0.0,9.0,2.0,4.0,1.0,1.0,5.0,6.0,2.0,10.0,10.0,1.0,5.0,3.0,10.0,2.0,3.0,0.0
13109,3.0,1.0,7.0,0.0,0.0,9.0,2.0,4.0,1.0,1.0,5.0,6.0,2.0,10.0,10.0,1.0,5.0,3.0,10.0,2.0,3.0,22.0,39.0,61.0,-20.716666666666665,1.0,1.0,7.0,0.0,2.0,9.0,3.0,5.0,2.0,2.0,1.0,7.0,3.0,1.0,11.0,2.0,6.0,4.0,1.0,3.0,4.0,0.0
13110,1.0,1.0,7.0,0.0,2.0,9.0,3.0,5.0,2.0,2.0,1.0,7.0,3.0,1.0,11.0,2.0,6.0,4.0,1.0,3.0,4.0,14.0,9.0,51.0,-20.23,1.0,0.0,7.0,0.0,4.0,9.0,4.0,1.0,1.0,3.0,2.0,8.0,4.0,2.0,12.0,3.0,1.0,5.0,2.0,4.0,5.0,0.0
13111,1.0,0.0,7.0,0.0,4.0,9.0,4.0,1.0,1.0,3.0,2.0,8.0,4.0,2.0,12.0,3.0,1.0,5.0,2.0,4.0,5.0,20.0,65.0,25.0,-23.241666666666664,1.0,0.0,7.0,0.0,4.0,9.0,5.0,2.0,2.0,4.0,1.0,1.0,5.0,3.0,13.0,4.0,2.0,6.0,3.0,1.0,6.0,0.0
13112,1.0,0.0,7.0,0.0,4.0,9.0,5.0,2.0,2.0,4.0,1.0,1.0,5.0,3.0,13.0,4.0,2.0,6.0,3.0,1.0,6.0,12.0,9.0,25.0,-23.75333333333333,0.0,0.0,7.0,0.0,4.0,9.0,6.0,1.0,1.0,5.0,2.0,1.0,6.0,4.0,14.0,5.0,3.0,7.0,4.0,2.0,7.0,0.0
13113,0.0,0.0,7.0,0.0,4.0,9.0,6.0,1.0,1.0,5.0,2.0,1.0,6.0,4.0,14.0,5.0,3.0,7.0,4.0,2.0,7.0,17.0,65.0,25.0,-20.654999999999998,0.0,0.0,7.0,0.0,4.0,9.0,7.0,2.0,2.0,1.0,3.0,1.0,7.0,5.0,15.0,6.0,4.0,8.0,5.0,1.0,8.0,0.0
13114,0.0,0.0,7.0,0.0,4.0,9.0,7.0,2.0,2.0,1.0,3.0,1.0,7.0,5.0,15.0,6.0,4.0,8.0,5.0,1.0,8.0,12.0,65.0,25.0,-28.828333333333333,0.0,0.0,7.0,0.0,4.0,9.0,8.0,3.0,1.0,2.0,4.0,1.0,8.0,6.0,16.0,7.0,5.0,9.0,6.0,1.0,9.0,0.0
13115,0.0,0.0,7.0,0.0,4.0,9.0,8.0,3.0,1.0,2.0,4.0,1.0,8.0,6.0,16.0,7.0,5.0,9.0,6.0,1.0,9.0,12.0,71.0,25.0,-42.115,0.0,0.0,9.0,0.0,4.0,9.0,9.0,4.0,1.0,3.0,5.0,1.0,9.0,7.0,17.0,8.0,6.0,10.0,7.0,2.0,1.0,0.0
13116,0.0,0.0,9.0,0.0,4.0,9.0,9.0,4.0,1.0,3.0,5.0,1.0,9.0,7.0,17.0,8.0,6.0,10.0,7.0,2.0,1.0,24.0,9.0,25.0,-24.46833333333333,0.0,0.0,9.0,0.0,4.0,9.0,10.0,1.0,2.0,4.0,1.0,1.0,10.0,8.0,18.0,9.0,7.0,11.0,8.0,3.0,2.0,0.0
13117,0.0,0.0,9.0,0.0,4.0,9.0,10.0,1.0,2.0,4.0,1.0,1.0,10.0,8.0,18.0,9.0,7.0,11.0,8.0,3.0,2.0,17.0,9.0,25.0,-19.333333333333332,0.0,0.0,9.0,0.0,4.0,9.0,11.0,1.0,3.0,1.0,2.0,1.0,11.0,9.0,19.0,10.0,8.0,12.0,9.0,4.0,3.0,0.0
13118,0.0,0.0,9.0,0.0,4.0,9.0,11.0,1.0,3.0,1.0,2.0,1.0,11.0,9.0,19.0,10.0,8.0,12.0,9.0,4.0,3.0,24.0,9.0,61.0,-22.323333333333334,0.0,0.0,9.0,0.0,6.0,9.0,12.0,1.0,4.0,2.0,1.0,2.0,12.0,10.0,20.0,11.0,9.0,13.0,1.0,5.0,4.0,0.0
13119,0.0,0.0,9.0,0.0,6.0,9.0,12.0,1.0,4.0,2.0,1.0,2.0,12.0,10.0,20.0,11.0,9.0,13.0,1.0,5.0,4.0,12.0,9.0,10.0,-23.3,0.0,0.0,9.0,0.0,6.0,9.0,13.0,1.0,1.0,3.0,2.0,3.0,13.0,11.0,21.0,12.0,10.0,14.0,2.0,6.0,5.0,0.0
13120,0.0,0.0,9.0,0.0,6.0,9.0,13.0,1.0,1.0,3.0,2.0,3.0,13.0,11.0,21.0,12.0,10.0,14.0,2.0,6.0,5.0,12.0,65.0,25.0,-31.22833333333333,0.0,0.0,9.0,0.0,6.0,9.0,14.0,2.0,1.0,4.0,3.0,1.0,14.0,12.0,22.0,13.0,11.0,15.0,3.0,1.0,6.0,0.0
13121,0.0,0.0,9.0,0.0,6.0,9.0,14.0,2.0,1.0,4.0,3.0,1.0,14.0,12.0,22.0,13.0,11.0,15.0,3.0,1.0,6.0,40.0,9.0,25.0,-22.346666666666664,0.0,0.0,9.0,0.0,6.0,9.0,15.0,1.0,2.0,5.0,4.0,1.0,15.0,13.0,1.0,14.0,12.0,16.0,4.0,2.0,7.0,0.0
13122,0.0,0.0,9.0,0.0,6.0,9.0,15.0,1.0,2.0,5.0,4.0,1.0,15.0,13.0,1.0,14.0,12.0,16.0,4.0,2.0,7.0,58.0,9.0,61.0,-17.296666666666667,0.0,2.0,9.0,0.0,8.0,9.0,16.0,1.0,3.0,6.0,5.0,2.0,16.0,14.0,2.0,15.0,13.0,1.0,1.0,3.0,8.0,0.0
13123,0.0,2.0,9.0,0.0,8.0,9.0,16.0,1.0,3.0,6.0,5.0,2.0,16.0,14.0,2.0,15.0,13.0,1.0,1.0,3.0,8.0,2.0,9.0,30.0,-19.196666666666665,0.0,2.0,9.0,0.0,8.0,9.0,1.0,1.0,4.0,7.0,6.0,3.0,1.0,15.0,3.0,16.0,14.0,2.0,2.0,4.0,9.0,0.0
13124,0.0,2.0,9.0,0.0,8.0,9.0,1.0,1.0,4.0,7.0,6.0,3.0,1.0,15.0,3.0,16.0,14.0,2.0,2.0,4.0,9.0,24.0,27.0,13.0,-23.205,0.0,0.0,7.0,0.0,8.0,9.0,2.0,2.0,1.0,8.0,1.0,1.0,2.0,16.0,4.0,17.0,15.0,3.0,3.0,5.0,10.0,0.0
13125,0.0,0.0,7.0,0.0,8.0,9.0,2.0,2.0,1.0,8.0,1.0,1.0,2.0,16.0,4.0,17.0,15.0,3.0,3.0,5.0,10.0,45.0,49.0,13.0,-14.79,0.0,0.0,7.0,0.0,8.0,9.0,3.0,3.0,1.0,9.0,2.0,2.0,3.0,17.0,5.0,1.0,16.0,4.0,4.0,6.0,11.0,0.0
13126,0.0,0.0,7.0,0.0,8.0,9.0,3.0,3.0,1.0,9.0,2.0,2.0,3.0,17.0,5.0,1.0,16.0,4.0,4.0,6.0,11.0,41.0,53.0,54.0,-19.97,2.0,0.0,7.0,2.0,8.0,7.0,4.0,4.0,2.0,10.0,3.0,3.0,4.0,18.0,1.0,2.0,1.0,5.0,5.0,7.0,12.0,0.0
13127,2.0,0.0,7.0,2.0,8.0,7.0,4.0,4.0,2.0,10.0,3.0,3.0,4.0,18.0,1.0,2.0,1.0,5.0,5.0,7.0,12.0,35.0,39.0,13.0,-9.716666666666667,2.0,0.0,7.0,0.0,8.0,9.0,5.0,5.0,1.0,11.0,4.0,4.0,5.0,1.0,2.0,3.0,2.0,6.0,6.0,8.0,13.0,0.0
13128,2.0,0.0,7.0,0.0,8.0,9.0,5.0,5.0,1.0,11.0,4.0,4.0,5.0,1.0,2.0,3.0,2.0,6.0,6.0,8.0,13.0,73.0,9.0,13.0,-12.704999999999998,2.0,2.0,7.0,0.0,8.0,9.0,6.0,1.0,1.0,12.0,5.0,5.0,6.0,2.0,3.0,4.0,3.0,7.0,7.0,9.0,1.0,0.0
13129,2.0,2.0,7.0,0.0,8.0,9.0,6.0,1.0,1.0,12.0,5.0,5.0,6.0,2.0,3.0,4.0,3.0,7.0,7.0,9.0,1.0,17.0,9.0,77.0,-8.498333333333333,0.0,2.0,7.0,0.0,6.0,9.0,7.0,1.0,2.0,1.0,6.0,6.0,7.0,3.0,4.0,5.0,4.0,8.0,8.0,10.0,2.0,0.0
13130,0.0,2.0,7.0,0.0,6.0,9.0,7.0,1.0,2.0,1.0,6.0,6.0,7.0,3.0,4.0,5.0,4.0,8.0,8.0,10.0,2.0,24.0,9.0,61.0,-18.263333333333335,0.0,0.0,7.0,0.0,8.0,9.0,8.0,1.0,3.0,2.0,1.0,7.0,8.0,4.0,5.0,6.0,5.0,9.0,1.0,11.0,3.0,0.0
13131,0.0,0.0,7.0,0.0,8.0,9.0,8.0,1.0,3.0,2.0,1.0,7.0,8.0,4.0,5.0,6.0,5.0,9.0,1.0,11.0,3.0,24.0,9.0,8.0,-26.105,0.0,0.0,7.0,0.0,8.0,9.0,9.0,1.0,4.0,3.0,1.0,8.0,9.0,5.0,6.0,7.0,6.0,10.0,2.0,12.0,4.0,0.0
13132,0.0,0.0,7.0,0.0,8.0,9.0,9.0,1.0,4.0,3.0,1.0,8.0,9.0,5.0,6.0,7.0,6.0,10.0,2.0,12.0,4.0,24.0,9.0,10.0,-20.195,0.0,0.0,7.0,0.0,8.0,9.0,10.0,1.0,1.0,4.0,1.0,9.0,10.0,6.0,7.0,8.0,7.0,11.0,3.0,13.0,5.0,0.0
13133,0.0,0.0,7.0,0.0,8.0,9.0,10.0,1.0,1.0,4.0,1.0,9.0,10.0,6.0,7.0,8.0,7.0,11.0,3.0,13.0,5.0,67.0,9.0,61.0,-15.721666666666668,0.0,0.0,7.0,0.0,9.0,9.0,11.0,1.0,2.0,5.0,2.0,10.0,11.0,7.0,8.0,9.0,8.0,12.0,1.0,1.0,6.0,0.0
13134,0.0,0.0,7.0,0.0,9.0,9.0,11.0,1.0,2.0,5.0,2.0,10.0,11.0,7.0,8.0,9.0,8.0,12.0,1.0,1.0,6.0,24.0,9.0,25.0,-21.590000000000003,0.0,0.0,7.0,0.0,9.0,9.0,12.0,1.0,3.0,6.0,1.0,1.0,12.0,8.0,9.0,10.0,9.0,13.0,2.0,2.0,7.0,0.0
13135,0.0,0.0,7.0,0.0,9.0,9.0,12.0,1.0,3.0,6.0,1.0,1.0,12.0,8.0,9.0,10.0,9.0,13.0,2.0,2.0,7.0,12.0,9.0,61.0,-21.880000000000003,0.0,0.0,7.0,0.0,9.0,9.0,13.0,1.0,1.0,7.0,2.0,2.0,13.0,9.0,10.0,11.0,10.0,14.0,1.0,3.0,8.0,0.0
13136,0.0,0.0,7.0,0.0,9.0,9.0,13.0,1.0,1.0,7.0,2.0,2.0,13.0,9.0,10.0,11.0,10.0,14.0,1.0,3.0,8.0,12.0,9.0,25.0,-24.628333333333334,0.0,0.0,7.0,0.0,9.0,9.0,14.0,1.0,1.0,8.0,3.0,1.0,14.0,10.0,11.0,12.0,11.0,15.0,2.0,4.0,9.0,0.0
13137,0.0,0.0,7.0,0.0,9.0,9.0,14.0,1.0,1.0,8.0,3.0,1.0,14.0,10.0,11.0,12.0,11.0,15.0,2.0,4.0,9.0,12.0,9.0,45.0,-35.235,0.0,0.0,7.0,0.0,9.0,9.0,15.0,1.0,1.0,9.0,4.0,2.0,15.0,11.0,12.0,1.0,12.0,16.0,3.0,5.0,10.0,0.0
13138,0.0,0.0,7.0,0.0,9.0,9.0,15.0,1.0,1.0,9.0,4.0,2.0,15.0,11.0,12.0,1.0,12.0,16.0,3.0,5.0,10.0,40.0,9.0,10.0,-21.041666666666664,0.0,0.0,7.0,0.0,9.0,9.0,16.0,1.0,1.0,10.0,5.0,3.0,16.0,12.0,1.0,2.0,13.0,17.0,4.0,6.0,11.0,0.0
13139,0.0,0.0,7.0,0.0,9.0,9.0,16.0,1.0,1.0,10.0,5.0,3.0,16.0,12.0,1.0,2.0,13.0,17.0,4.0,6.0,11.0,39.0,9.0,0.0,-29.253333333333334,0.0,0.0,7.0,0.0,9.0,9.0,1.0,1.0,2.0,11.0,6.0,4.0,17.0,1.0,2.0,3.0,14.0,18.0,5.0,7.0,12.0,0.0
13140,0.0,0.0,7.0,0.0,9.0,9.0,1.0,1.0,2.0,11.0,6.0,4.0,17.0,1.0,2.0,3.0,14.0,18.0,5.0,7.0,12.0,57.0,9.0,54.0,-24.79833333333334,0.0,0.0,7.0,0.0,9.0,7.0,2.0,1.0,3.0,12.0,7.0,5.0,18.0,2.0,3.0,4.0,1.0,1.0,6.0,8.0,13.0,0.0
13141,0.0,0.0,7.0,0.0,9.0,7.0,2.0,1.0,3.0,12.0,7.0,5.0,18.0,2.0,3.0,4.0,1.0,1.0,6.0,8.0,13.0,73.0,9.0,48.0,-25.993333333333332,0.0,2.0,7.0,0.0,9.0,9.0,3.0,1.0,4.0,13.0,8.0,6.0,19.0,3.0,4.0,1.0,2.0,2.0,7.0,9.0,1.0,0.0
13142,0.0,2.0,7.0,0.0,9.0,9.0,3.0,1.0,4.0,13.0,8.0,6.0,19.0,3.0,4.0,1.0,2.0,2.0,7.0,9.0,1.0,33.0,9.0,48.0,-33.343333333333334,0.0,4.0,7.0,0.0,9.0,9.0,4.0,1.0,5.0,14.0,9.0,7.0,1.0,4.0,5.0,1.0,3.0,3.0,8.0,10.0,2.0,0.0
13143,0.0,4.0,7.0,0.0,9.0,9.0,4.0,1.0,5.0,14.0,9.0,7.0,1.0,4.0,5.0,1.0,3.0,3.0,8.0,10.0,2.0,68.0,39.0,13.0,-11.686666666666664,0.0,6.0,7.0,0.0,9.0,9.0,5.0,2.0,1.0,15.0,10.0,8.0,2.0,1.0,6.0,2.0,4.0,4.0,9.0,1.0,3.0,0.0
13144,0.0,6.0,7.0,0.0,9.0,9.0,5.0,2.0,1.0,15.0,10.0,8.0,2.0,1.0,6.0,2.0,4.0,4.0,9.0,1.0,3.0,17.0,19.0,25.0,-18.74833333333333,0.0,6.0,7.0,0.0,9.0,9.0,6.0,3.0,2.0,1.0,11.0,1.0,3.0,2.0,7.0,3.0,5.0,5.0,10.0,2.0,4.0,0.0
13145,0.0,6.0,7.0,0.0,9.0,9.0,6.0,3.0,2.0,1.0,11.0,1.0,3.0,2.0,7.0,3.0,5.0,5.0,10.0,2.0,4.0,24.0,50.0,43.0,-20.384999999999998,0.0,4.0,7.0,0.0,9.0,9.0,7.0,4.0,3.0,2.0,1.0,2.0,4.0,3.0,1.0,4.0,1.0,6.0,11.0,3.0,5.0,0.0
13146,0.0,4.0,7.0,0.0,9.0,9.0,7.0,4.0,3.0,2.0,1.0,2.0,4.0,3.0,1.0,4.0,1.0,6.0,11.0,3.0,5.0,24.0,9.0,61.0,-14.428333333333335,0.0,2.0,7.0,0.0,9.0,9.0,8.0,1.0,4.0,3.0,1.0,3.0,5.0,4.0,2.0,5.0,2.0,7.0,1.0,4.0,6.0,0.0
13147,0.0,2.0,7.0,0.0,9.0,9.0,8.0,1.0,4.0,3.0,1.0,3.0,5.0,4.0,2.0,5.0,2.0,7.0,1.0,4.0,6.0,24.0,9.0,13.0,-18.903333333333332,0.0,0.0,7.0,0.0,9.0,9.0,9.0,1.0,1.0,4.0,1.0,4.0,6.0,5.0,3.0,6.0,3.0,8.0,2.0,5.0,7.0,0.0
13148,0.0,0.0,7.0,0.0,9.0,9.0,9.0,1.0,1.0,4.0,1.0,4.0,6.0,5.0,3.0,6.0,3.0,8.0,2.0,5.0,7.0,39.0,9.0,61.0,-12.24,0.0,0.0,7.0,0.0,9.0,9.0,10.0,1.0,2.0,5.0,2.0,5.0,7.0,1.0,4.0,7.0,4.0,9.0,1.0,6.0,8.0,0.0
13149,0.0,0.0,7.0,0.0,9.0,9.0,10.0,1.0,2.0,5.0,2.0,5.0,7.0,1.0,4.0,7.0,4.0,9.0,1.0,6.0,8.0,24.0,9.0,13.0,-20.03666666666667,0.0,0.0,7.0,0.0,9.0,9.0,11.0,1.0,1.0,6.0,1.0,6.0,8.0,2.0,5.0,8.0,5.0,10.0,2.0,7.0,9.0,0.0
13150,0.0,0.0,7.0,0.0,9.0,9.0,11.0,1.0,1.0,6.0,1.0,6.0,8.0,2.0,5.0,8.0,5.0,10.0,2.0,7.0,9.0,24.0,9.0,51.0,-26.305,0.0,0.0,7.0,0.0,9.0,9.0,12.0,1.0,2.0,7.0,1.0,7.0,9.0,3.0,6.0,9.0,1.0,11.0,3.0,8.0,10.0,0.0
13151,0.0,0.0,7.0,0.0,9.0,9.0,12.0,1.0,2.0,7.0,1.0,7.0,9.0,3.0,6.0,9.0,1.0,11.0,3.0,8.0,10.0,73.0,9.0,61.0,-13.971666666666668,0.0,2.0,7.0,0.0,9.0,9.0,13.0,1.0,3.0,8.0,2.0,8.0,10.0,4.0,7.0,10.0,2.0,12.0,1.0,9.0,1.0,0.0
13152,0.0,2.0,7.0,0.0,9.0,9.0,13.0,1.0,3.0,8.0,2.0,8.0,10.0,4.0,7.0,10.0,2.0,12.0,1.0,9.0,1.0,39.0,9.0,25.0,-15.655000000000001,0.0,0.0,7.0,0.0,9.0,9.0,14.0,1.0,4.0,9.0,3.0,1.0,11.0,1.0,8.0,11.0,3.0,13.0,2.0,10.0,2.0,0.0
13153,0.0,0.0,7.0,0.0,9.0,9.0,14.0,1.0,4.0,9.0,3.0,1.0,11.0,1.0,8.0,11.0,3.0,13.0,2.0,10.0,2.0,24.0,9.0,59.0,-29.161666666666665,0.0,0.0,7.0,0.0,9.0,7.0,15.0,1.0,5.0,10.0,1.0,2.0,12.0,2.0,9.0,12.0,4.0,1.0,3.0,11.0,3.0,0.0
13154,0.0,0.0,7.0,0.0,9.0,7.0,15.0,1.0,5.0,10.0,1.0,2.0,12.0,2.0,9.0,12.0,4.0,1.0,3.0,11.0,3.0,2.0,34.0,30.0,-13.636666666666667,0.0,0.0,7.0,0.0,9.0,7.0,1.0,2.0,6.0,11.0,2.0,3.0,1.0,3.0,10.0,13.0,5.0,2.0,4.0,12.0,4.0,0.0
13155,0.0,0.0,7.0,0.0,9.0,7.0,1.0,2.0,6.0,11.0,2.0,3.0,1.0,3.0,10.0,13.0,5.0,2.0,4.0,12.0,4.0,45.0,66.0,13.0,-15.05,0.0,0.0,9.0,0.0,9.0,9.0,2.0,3.0,1.0,12.0,3.0,4.0,2.0,4.0,11.0,1.0,6.0,3.0,5.0,1.0,5.0,0.0
13156,0.0,0.0,9.0,0.0,9.0,9.0,2.0,3.0,1.0,12.0,3.0,4.0,2.0,4.0,11.0,1.0,6.0,3.0,5.0,1.0,5.0,17.0,19.0,25.0,-28.46833333333333,0.0,0.0,9.0,0.0,9.0,9.0,3.0,4.0,2.0,1.0,4.0,1.0,3.0,5.0,12.0,2.0,7.0,4.0,6.0,2.0,6.0,0.0
13157,0.0,0.0,9.0,0.0,9.0,9.0,3.0,4.0,2.0,1.0,4.0,1.0,3.0,5.0,12.0,2.0,7.0,4.0,6.0,2.0,6.0,24.0,26.0,51.0,-28.048333333333332,0.0,0.0,9.0,0.0,9.0,9.0,4.0,5.0,3.0,2.0,1.0,1.0,4.0,6.0,13.0,3.0,1.0,5.0,7.0,3.0,7.0,0.0
13158,0.0,0.0,9.0,0.0,9.0,9.0,4.0,5.0,3.0,2.0,1.0,1.0,4.0,6.0,13.0,3.0,1.0,5.0,7.0,3.0,7.0,68.0,9.0,42.0,-12.923333333333334,0.0,2.0,9.0,0.0,7.0,9.0,5.0,1.0,4.0,3.0,2.0,2.0,5.0,7.0,1.0,4.0,2.0,6.0,8.0,1.0,8.0,0.0
13159,0.0,2.0,9.0,0.0,7.0,9.0,5.0,1.0,4.0,3.0,2.0,2.0,5.0,7.0,1.0,4.0,2.0,6.0,8.0,1.0,8.0,68.0,9.0,61.0,-10.621666666666666,0.0,4.0,9.0,0.0,9.0,9.0,6.0,1.0,5.0,4.0,3.0,3.0,6.0,8.0,2.0,5.0,3.0,7.0,1.0,1.0,9.0,0.0
13160,0.0,4.0,9.0,0.0,9.0,9.0,6.0,1.0,5.0,4.0,3.0,3.0,6.0,8.0,2.0,5.0,3.0,7.0,1.0,1.0,9.0,73.0,9.0,61.0,-8.098333333333333,0.0,6.0,9.0,0.0,9.0,9.0,7.0,1.0,6.0,5.0,4.0,4.0,7.0,9.0,3.0,6.0,4.0,8.0,1.0,2.0,1.0,0.0
13161,0.0,6.0,9.0,0.0,9.0,9.0,7.0,1.0,6.0,5.0,4.0,4.0,7.0,9.0,3.0,6.0,4.0,8.0,1.0,2.0,1.0,24.0,9.0,61.0,-15.208333333333336,0.0,4.0,9.0,0.0,9.0,9.0,8.0,1.0,7.0,6.0,1.0,5.0,8.0,10.0,4.0,7.0,5.0,9.0,1.0,3.0,2.0,0.0
13162,0.0,4.0,9.0,0.0,9.0,9.0,8.0,1.0,7.0,6.0,1.0,5.0,8.0,10.0,4.0,7.0,5.0,9.0,1.0,3.0,2.0,39.0,9.0,39.0,-19.815,0.0,2.0,9.0,0.0,9.0,7.0,9.0,1.0,8.0,7.0,2.0,6.0,9.0,1.0,5.0,8.0,6.0,10.0,2.0,4.0,3.0,0.0
13163,0.0,2.0,9.0,0.0,9.0,7.0,9.0,1.0,8.0,7.0,2.0,6.0,9.0,1.0,5.0,8.0,6.0,10.0,2.0,4.0,3.0,24.0,9.0,13.0,-20.856666666666666,0.0,0.0,9.0,0.0,9.0,9.0,10.0,1.0,1.0,8.0,1.0,7.0,10.0,2.0,6.0,9.0,7.0,11.0,3.0,5.0,4.0,0.0
13164,0.0,0.0,9.0,0.0,9.0,9.0,10.0,1.0,1.0,8.0,1.0,7.0,10.0,2.0,6.0,9.0,7.0,11.0,3.0,5.0,4.0,24.0,9.0,52.0,-24.511666666666667,0.0,0.0,9.0,0.0,7.0,9.0,11.0,1.0,2.0,9.0,1.0,8.0,11.0,3.0,7.0,10.0,1.0,12.0,4.0,6.0,5.0,0.0
13165,0.0,0.0,9.0,0.0,7.0,9.0,11.0,1.0,2.0,9.0,1.0,8.0,11.0,3.0,7.0,10.0,1.0,12.0,4.0,6.0,5.0,73.0,9.0,59.0,-19.97166666666667,0.0,2.0,9.0,0.0,7.0,7.0,12.0,1.0,3.0,10.0,2.0,9.0,12.0,4.0,8.0,11.0,2.0,1.0,5.0,7.0,1.0,0.0
13166,0.0,2.0,9.0,0.0,7.0,7.0,12.0,1.0,3.0,10.0,2.0,9.0,12.0,4.0,8.0,11.0,2.0,1.0,5.0,7.0,1.0,73.0,9.0,39.0,-13.906666666666666,0.0,4.0,9.0,0.0,7.0,5.0,13.0,1.0,4.0,11.0,3.0,10.0,13.0,1.0,9.0,12.0,3.0,2.0,6.0,8.0,1.0,0.0
13167,0.0,4.0,9.0,0.0,7.0,5.0,13.0,1.0,4.0,11.0,3.0,10.0,13.0,1.0,9.0,12.0,3.0,2.0,6.0,8.0,1.0,73.0,9.0,52.0,-10.388333333333334,0.0,6.0,9.0,0.0,5.0,5.0,14.0,1.0,5.0,12.0,4.0,11.0,14.0,2.0,10.0,13.0,1.0,3.0,7.0,9.0,1.0,0.0
13168,0.0,6.0,9.0,0.0,5.0,5.0,14.0,1.0,5.0,12.0,4.0,11.0,14.0,2.0,10.0,13.0,1.0,3.0,7.0,9.0,1.0,73.0,9.0,52.0,-310.5683333333333,0.0,8.0,9.0,0.0,3.0,5.0,15.0,1.0,6.0,13.0,5.0,12.0,15.0,3.0,11.0,14.0,1.0,4.0,8.0,10.0,1.0,0.0
13169,0.0,8.0,9.0,0.0,3.0,5.0,15.0,1.0,6.0,13.0,5.0,12.0,15.0,3.0,11.0,14.0,1.0,4.0,8.0,10.0,1.0,73.0,9.0,17.0,-10.568333333333333,0.0,9.0,9.0,0.0,1.0,5.0,16.0,1.0,7.0,1.0,6.0,13.0,16.0,4.0,12.0,15.0,2.0,5.0,9.0,11.0,1.0,0.0
13170,0.0,9.0,9.0,0.0,1.0,5.0,16.0,1.0,7.0,1.0,6.0,13.0,16.0,4.0,12.0,15.0,2.0,5.0,9.0,11.0,1.0,11.0,52.0,43.0,-16.368333333333332,2.0,9.0,7.0,0.0,1.0,7.0,17.0,2.0,1.0,2.0,7.0,14.0,17.0,5.0,1.0,16.0,1.0,6.0,10.0,12.0,2.0,0.0
13171,2.0,9.0,7.0,0.0,1.0,7.0,17.0,2.0,1.0,2.0,7.0,14.0,17.0,5.0,1.0,16.0,1.0,6.0,10.0,12.0,2.0,73.0,2.0,61.0,-13.575,2.0,9.0,5.0,0.0,3.0,7.0,1.0,3.0,2.0,3.0,8.0,15.0,18.0,6.0,2.0,17.0,2.0,7.0,1.0,13.0,1.0,0.0
13172,2.0,9.0,5.0,0.0,3.0,7.0,1.0,3.0,2.0,3.0,8.0,15.0,18.0,6.0,2.0,17.0,2.0,7.0,1.0,13.0,1.0,57.0,20.0,46.0,-14.456666666666665,0.0,9.0,5.0,0.0,5.0,7.0,2.0,4.0,3.0,4.0,1.0,16.0,19.0,7.0,3.0,1.0,3.0,1.0,2.0,14.0,2.0,0.0
13173,0.0,9.0,5.0,0.0,5.0,7.0,2.0,4.0,3.0,4.0,1.0,16.0,19.0,7.0,3.0,1.0,3.0,1.0,2.0,14.0,2.0,73.0,9.0,54.0,-308.65666666666664,0.0,9.0,5.0,0.0,5.0,5.0,3.0,1.0,4.0,5.0,2.0,17.0,20.0,8.0,4.0,2.0,1.0,2.0,3.0,15.0,1.0,0.0
13174,0.0,9.0,5.0,0.0,5.0,5.0,3.0,1.0,4.0,5.0,2.0,17.0,20.0,8.0,4.0,2.0,1.0,2.0,3.0,15.0,1.0,73.0,66.0,34.0,-13.301666666666666,0.0,9.0,7.0,0.0,5.0,3.0,4.0,2.0,5.0,6.0,3.0,18.0,1.0,9.0,5.0,3.0,2.0,3.0,4.0,1.0,1.0,0.0
13175,0.0,9.0,7.0,0.0,5.0,3.0,4.0,2.0,5.0,6.0,3.0,18.0,1.0,9.0,5.0,3.0,2.0,3.0,4.0,1.0,1.0,73.0,39.0,61.0,-9.183333333333334,0.0,9.0,7.0,0.0,7.0,3.0,5.0,3.0,6.0,7.0,4.0,19.0,2.0,1.0,6.0,4.0,3.0,4.0,1.0,2.0,1.0,0.0
13176,0.0,9.0,7.0,0.0,7.0,3.0,5.0,3.0,6.0,7.0,4.0,19.0,2.0,1.0,6.0,4.0,3.0,4.0,1.0,2.0,1.0,73.0,9.0,25.0,-6.635,0.0,9.0,7.0,0.0,7.0,3.0,6.0,1.0,7.0,8.0,5.0,1.0,3.0,2.0,7.0,5.0,4.0,5.0,2.0,3.0,1.0,0.0
13177,0.0,9.0,7.0,0.0,7.0,3.0,6.0,1.0,7.0,8.0,5.0,1.0,3.0,2.0,7.0,5.0,4.0,5.0,2.0,3.0,1.0,17.0,9.0,17.0,-10.91,0.0,9.0,7.0,0.0,5.0,3.0,7.0,1.0,8.0,1.0,6.0,2.0,4.0,3.0,8.0,6.0,5.0,6.0,3.0,4.0,2.0,0.0
13178,0.0,9.0,7.0,0.0,5.0,3.0,7.0,1.0,8.0,1.0,6.0,2.0,4.0,3.0,8.0,6.0,5.0,6.0,3.0,4.0,2.0,24.0,24.0,69.0,-19.76833333333333,0.0,7.0,7.0,0.0,5.0,1.0,8.0,2.0,9.0,2.0,1.0,3.0,5.0,4.0,9.0,7.0,6.0,7.0,4.0,1.0,3.0,0.0
13179,0.0,7.0,7.0,0.0,5.0,1.0,8.0,2.0,9.0,2.0,1.0,3.0,5.0,4.0,9.0,7.0,6.0,7.0,4.0,1.0,3.0,24.0,9.0,51.0,-16.60333333333333,0.0,5.0,7.0,0.0,7.0,1.0,9.0,1.0,10.0,3.0,1.0,4.0,6.0,5.0,10.0,8.0,1.0,8.0,5.0,2.0,4.0,0.0
13180,0.0,5.0,7.0,0.0,7.0,1.0,9.0,1.0,10.0,3.0,1.0,4.0,6.0,5.0,10.0,8.0,1.0,8.0,5.0,2.0,4.0,11.0,9.0,44.0,-17.90833333333333,2.0,5.0,7.0,0.0,7.0,0.0,10.0,1.0,1.0,4.0,2.0,5.0,7.0,6.0,1.0,9.0,2.0,9.0,6.0,3.0,5.0,0.0
13181,2.0,5.0,7.0,0.0,7.0,0.0,10.0,1.0,1.0,4.0,2.0,5.0,7.0,6.0,1.0,9.0,2.0,9.0,6.0,3.0,5.0,24.0,9.0,61.0,-18.308333333333334,2.0,3.0,7.0,0.0,9.0,0.0,11.0,1.0,2.0,5.0,1.0,6.0,8.0,7.0,2.0,10.0,3.0,10.0,1.0,4.0,6.0,0.0
13182,2.0,3.0,7.0,0.0,9.0,0.0,11.0,1.0,2.0,5.0,1.0,6.0,8.0,7.0,2.0,10.0,3.0,10.0,1.0,4.0,6.0,40.0,9.0,45.0,-18.441666666666666,2.0,3.0,7.0,0.0,9.0,0.0,12.0,1.0,3.0,6.0,2.0,7.0,9.0,8.0,1.0,1.0,4.0,11.0,2.0,5.0,7.0,0.0
13183,2.0,3.0,7.0,0.0,9.0,0.0,12.0,1.0,3.0,6.0,2.0,7.0,9.0,8.0,1.0,1.0,4.0,11.0,2.0,5.0,7.0,40.0,39.0,24.0,-13.903333333333332,2.0,3.0,7.0,0.0,9.0,0.0,13.0,2.0,4.0,7.0,1.0,8.0,10.0,1.0,1.0,2.0,5.0,12.0,3.0,6.0,8.0,0.0
13184,2.0,3.0,7.0,0.0,9.0,0.0,13.0,2.0,4.0,7.0,1.0,8.0,10.0,1.0,1.0,2.0,5.0,12.0,3.0,6.0,8.0,24.0,9.0,24.0,-18.26833333333333,2.0,1.0,7.0,0.0,9.0,0.0,14.0,1.0,5.0,8.0,1.0,9.0,11.0,2.0,2.0,3.0,6.0,13.0,4.0,7.0,9.0,0.0
13185,2.0,1.0,7.0,0.0,9.0,0.0,14.0,1.0,5.0,8.0,1.0,9.0,11.0,2.0,2.0,3.0,6.0,13.0,4.0,7.0,9.0,40.0,9.0,24.0,-18.846666666666668,2.0,1.0,7.0,0.0,9.0,0.0,15.0,1.0,6.0,9.0,1.0,10.0,12.0,3.0,1.0,4.0,7.0,14.0,5.0,8.0,10.0,0.0
13186,2.0,1.0,7.0,0.0,9.0,0.0,15.0,1.0,6.0,9.0,1.0,10.0,12.0,3.0,1.0,4.0,7.0,14.0,5.0,8.0,10.0,40.0,9.0,59.0,-36.760000000000005,2.0,1.0,7.0,0.0,9.0,0.0,16.0,1.0,7.0,10.0,2.0,11.0,13.0,4.0,1.0,5.0,8.0,1.0,6.0,9.0,11.0,0.0
13187,2.0,1.0,7.0,0.0,9.0,0.0,16.0,1.0,7.0,10.0,2.0,11.0,13.0,4.0,1.0,5.0,8.0,1.0,6.0,9.0,11.0,73.0,70.0,79.0,-25.246666666666666,2.0,3.0,7.0,0.0,9.0,0.0,17.0,2.0,8.0,11.0,3.0,12.0,14.0,5.0,2.0,6.0,9.0,2.0,7.0,10.0,1.0,0.0
13188,2.0,3.0,7.0,0.0,9.0,0.0,17.0,2.0,8.0,11.0,3.0,12.0,14.0,5.0,2.0,6.0,9.0,2.0,7.0,10.0,1.0,24.0,52.0,54.0,-23.276666666666664,2.0,1.0,5.0,0.0,9.0,0.0,18.0,3.0,9.0,12.0,1.0,13.0,15.0,6.0,3.0,7.0,1.0,3.0,8.0,11.0,2.0,0.0
13189,2.0,1.0,5.0,0.0,9.0,0.0,18.0,3.0,9.0,12.0,1.0,13.0,15.0,6.0,3.0,7.0,1.0,3.0,8.0,11.0,2.0,0.0,52.0,24.0,-14.883333333333333,2.0,1.0,3.0,0.0,9.0,0.0,1.0,4.0,10.0,13.0,1.0,14.0,16.0,7.0,4.0,8.0,1.0,4.0,9.0,12.0,3.0,0.0
13190,2.0,1.0,3.0,0.0,9.0,0.0,1.0,4.0,10.0,13.0,1.0,14.0,16.0,7.0,4.0,8.0,1.0,4.0,9.0,12.0,3.0,37.0,66.0,12.0,-23.869999999999997,0.0,1.0,5.0,0.0,7.0,0.0,2.0,5.0,1.0,14.0,2.0,15.0,17.0,1.0,5.0,9.0,2.0,5.0,10.0,1.0,4.0,0.0
13191,0.0,1.0,5.0,0.0,7.0,0.0,2.0,5.0,1.0,14.0,2.0,15.0,17.0,1.0,5.0,9.0,2.0,5.0,10.0,1.0,4.0,40.0,34.0,48.0,-20.32333333333333,0.0,1.0,5.0,0.0,7.0,2.0,3.0,6.0,2.0,15.0,3.0,16.0,1.0,2.0,1.0,1.0,3.0,6.0,11.0,2.0,5.0,0.0
13192,0.0,1.0,5.0,0.0,7.0,2.0,3.0,6.0,2.0,15.0,3.0,16.0,1.0,2.0,1.0,1.0,3.0,6.0,11.0,2.0,5.0,71.0,19.0,13.0,-22.33666666666667,2.0,1.0,5.0,0.0,7.0,4.0,4.0,7.0,1.0,1.0,4.0,17.0,2.0,3.0,2.0,2.0,4.0,7.0,12.0,3.0,1.0,0.0
13193,2.0,1.0,5.0,0.0,7.0,4.0,4.0,7.0,1.0,1.0,4.0,17.0,2.0,3.0,2.0,2.0,4.0,7.0,12.0,3.0,1.0,60.0,32.0,61.0,-25.503333333333334,2.0,1.0,3.0,0.0,9.0,4.0,5.0,8.0,2.0,2.0,5.0,18.0,1.0,4.0,3.0,3.0,5.0,8.0,1.0,4.0,2.0,0.0
13194,2.0,1.0,3.0,0.0,9.0,4.0,5.0,8.0,2.0,2.0,5.0,18.0,1.0,4.0,3.0,3.0,5.0,8.0,1.0,4.0,2.0,27.0,32.0,51.0,-30.94833333333333,0.0,1.0,1.0,0.0,9.0,4.0,6.0,9.0,3.0,3.0,6.0,1.0,1.0,5.0,4.0,4.0,1.0,9.0,2.0,5.0,3.0,0.0
13195,0.0,1.0,1.0,0.0,9.0,4.0,6.0,9.0,3.0,3.0,6.0,1.0,1.0,5.0,4.0,4.0,1.0,9.0,2.0,5.0,3.0,24.0,32.0,49.0,-36.795,0.0,0.0,0.0,0.0,9.0,2.0,7.0,10.0,4.0,4.0,1.0,2.0,1.0,6.0,5.0,1.0,2.0,10.0,3.0,6.0,4.0,0.0
13196,0.0,0.0,0.0,0.0,9.0,2.0,7.0,10.0,4.0,4.0,1.0,2.0,1.0,6.0,5.0,1.0,2.0,10.0,3.0,6.0,4.0,41.0,39.0,9.0,-19.654999999999998,2.0,0.0,0.0,0.0,9.0,0.0,8.0,1.0,5.0,5.0,2.0,3.0,2.0,1.0,1.0,2.0,3.0,11.0,4.0,7.0,5.0,0.0
13197,2.0,0.0,0.0,0.0,9.0,0.0,8.0,1.0,5.0,5.0,2.0,3.0,2.0,1.0,1.0,2.0,3.0,11.0,4.0,7.0,5.0,39.0,29.0,13.0,-26.565000000000005,2.0,0.0,0.0,0.0,9.0,2.0,9.0,2.0,1.0,6.0,3.0,1.0,3.0,1.0,2.0,3.0,4.0,12.0,5.0,8.0,6.0,0.0
13198,2.0,0.0,0.0,0.0,9.0,2.0,9.0,2.0,1.0,6.0,3.0,1.0,3.0,1.0,2.0,3.0,4.0,12.0,5.0,8.0,6.0,39.0,29.0,49.0,-30.951666666666668,2.0,0.0,0.0,0.0,9.0,0.0,10.0,3.0,2.0,7.0,4.0,1.0,4.0,1.0,3.0,1.0,5.0,13.0,6.0,9.0,7.0,0.0
13199,2.0,0.0,0.0,0.0,9.0,0.0,10.0,3.0,2.0,7.0,4.0,1.0,4.0,1.0,3.0,1.0,5.0,13.0,6.0,9.0,7.0,39.0,29.0,24.0,-27.05666666666667,2.0,0.0,0.0,0.0,9.0,0.0,11.0,4.0,3.0,8.0,1.0,1.0,5.0,1.0,4.0,2.0,6.0,14.0,7.0,10.0,8.0,1.0
