,0,1,2,3,4,5,6,7,8,9,10,11,12,13,14,15,16,17,18,19,20,21,22,23,24,25,26,27,28,29,30,31
10000,0.0,7.0,1.0,2.0,1.0,1.0,1.0,1.0,1.0,1.0,1.0,1.0,1.0,1.0,14.0,47.0,-9.085,0.0,5.0,0.0,2.0,2.0,2.0,1.0,2.0,2.0,2.0,2.0,2.0,2.0,1.0,0.0
10001,0.0,5.0,0.0,2.0,2.0,2.0,1.0,2.0,2.0,2.0,2.0,2.0,2.0,1.0,14.0,15.0,-13.504999999999999,0.0,3.0,0.0,2.0,3.0,3.0,1.0,1.0,3.0,3.0,3.0,3.0,3.0,2.0,0.0
10002,0.0,3.0,0.0,2.0,3.0,3.0,1.0,1.0,3.0,3.0,3.0,3.0,3.0,2.0,14.0,47.0,-15.444999999999997,0.0,1.0,0.0,2.0,4.0,4.0,1.0,2.0,4.0,4.0,4.0,4.0,4.0,1.0,0.0
10003,0.0,1.0,0.0,2.0,4.0,4.0,1.0,2.0,4.0,4.0,4.0,4.0,4.0,1.0,52.0,5.0,-11.55,0.0,1.0,0.0,2.0,5.0,1.0,2.0,3.0,5.0,5.0,5.0,5.0,5.0,2.0,0.0
10004,0.0,1.0,0.0,2.0,5.0,1.0,2.0,3.0,5.0,5.0,5.0,5.0,5.0,2.0,4.0,44.0,-15.735,0.0,0.0,0.0,0.0,1.0,2.0,3.0,4.0,6.0,6.0,6.0,6.0,1.0,3.0,0.0
10005,0.0,0.0,0.0,0.0,1.0,2.0,3.0,4.0,6.0,6.0,6.0,6.0,1.0,3.0,36.0,47.0,-8.86,2.0,0.0,0.0,0.0,2.0,3.0,4.0,5.0,7.0,7.0,7.0,1.0,2.0,1.0,0.0
10006,2.0,0.0,0.0,0.0,2.0,3.0,4.0,5.0,7.0,7.0,7.0,1.0,2.0,1.0,27.0,22.0,-29.075000000000003,0.0,0.0,0.0,0.0,3.0,4.0,5.0,6.0,1.0,1.0,8.0,2.0,3.0,2.0,0.0
10007,0.0,0.0,0.0,0.0,3.0,4.0,5.0,6.0,1.0,1.0,8.0,2.0,3.0,2.0,17.0,5.0,-17.759999999999998,0.0,0.0,0.0,0.0,4.0,1.0,6.0,1.0,2.0,2.0,9.0,3.0,4.0,3.0,0.0
10008,0.0,0.0,0.0,0.0,4.0,1.0,6.0,1.0,2.0,2.0,9.0,3.0,4.0,3.0,4.0,31.0,-12.809999999999999,0.0,0.0,2.0,0.0,1.0,2.0,7.0,2.0,3.0,3.0,1.0,4.0,5.0,4.0,0.0
10009,0.0,0.0,2.0,0.0,1.0,2.0,7.0,2.0,3.0,3.0,1.0,4.0,5.0,4.0,14.0,5.0,-21.28,0.0,0.0,2.0,0.0,2.0,1.0,1.0,3.0,4.0,4.0,2.0,5.0,6.0,5.0,0.0
10010,0.0,0.0,2.0,0.0,2.0,1.0,1.0,3.0,4.0,4.0,2.0,5.0,6.0,5.0,3.0,5.0,-10.355,0.0,2.0,2.0,0.0,1.0,1.0,2.0,4.0,5.0,5.0,3.0,6.0,7.0,6.0,0.0
10011,0.0,2.0,2.0,0.0,1.0,1.0,2.0,4.0,5.0,5.0,3.0,6.0,7.0,6.0,45.0,47.0,-7.5,0.0,2.0,0.0,0.0,2.0,2.0,3.0,5.0,6.0,6.0,4.0,7.0,8.0,1.0,0.0
10012,0.0,2.0,0.0,0.0,2.0,2.0,3.0,5.0,6.0,6.0,4.0,7.0,8.0,1.0,10.0,5.0,-22.879999999999995,0.0,2.0,0.0,0.0,3.0,1.0,1.0,6.0,7.0,7.0,5.0,8.0,9.0,2.0,0.0
10013,0.0,2.0,0.0,0.0,3.0,1.0,1.0,6.0,7.0,7.0,5.0,8.0,9.0,2.0,10.0,43.0,-21.019999999999996,0.0,2.0,0.0,2.0,4.0,2.0,1.0,7.0,8.0,8.0,6.0,9.0,1.0,3.0,0.0
10014,0.0,2.0,0.0,2.0,4.0,2.0,1.0,7.0,8.0,8.0,6.0,9.0,1.0,3.0,16.0,15.0,-10.780000000000001,2.0,2.0,0.0,2.0,5.0,3.0,2.0,1.0,9.0,9.0,7.0,10.0,2.0,4.0,0.0
10015,2.0,2.0,0.0,2.0,5.0,3.0,2.0,1.0,9.0,9.0,7.0,10.0,2.0,4.0,37.0,39.0,-16.98,0.0,2.0,0.0,0.0,6.0,4.0,3.0,2.0,10.0,10.0,8.0,1.0,3.0,5.0,0.0
10016,0.0,2.0,0.0,0.0,6.0,4.0,3.0,2.0,10.0,10.0,8.0,1.0,3.0,5.0,10.0,49.0,-17.18,0.0,2.0,0.0,0.0,7.0,5.0,1.0,3.0,11.0,11.0,9.0,2.0,4.0,1.0,0.0
10017,0.0,2.0,0.0,0.0,7.0,5.0,1.0,3.0,11.0,11.0,9.0,2.0,4.0,1.0,52.0,22.0,-16.925,0.0,2.0,0.0,0.0,8.0,6.0,2.0,4.0,1.0,12.0,10.0,3.0,5.0,2.0,0.0
10018,0.0,2.0,0.0,0.0,8.0,6.0,2.0,4.0,1.0,12.0,10.0,3.0,5.0,2.0,50.0,54.0,-6.3,0.0,2.0,0.0,0.0,9.0,7.0,3.0,5.0,2.0,13.0,11.0,4.0,6.0,3.0,0.0
10019,0.0,2.0,0.0,0.0,9.0,7.0,3.0,5.0,2.0,13.0,11.0,4.0,6.0,3.0,50.0,54.0,-7.3,0.0,2.0,0.0,0.0,10.0,8.0,4.0,6.0,3.0,14.0,12.0,5.0,7.0,4.0,0.0
10020,0.0,2.0,0.0,0.0,10.0,8.0,4.0,6.0,3.0,14.0,12.0,5.0,7.0,4.0,50.0,54.0,-8.3,0.0,2.0,0.0,0.0,11.0,9.0,5.0,7.0,4.0,15.0,13.0,6.0,8.0,5.0,0.0
10021,0.0,2.0,0.0,0.0,11.0,9.0,5.0,7.0,4.0,15.0,13.0,6.0,8.0,5.0,50.0,5.0,-16.77,0.0,2.0,0.0,0.0,12.0,1.0,6.0,8.0,5.0,16.0,14.0,7.0,9.0,6.0,0.0
10022,0.0,2.0,0.0,0.0,12.0,1.0,6.0,8.0,5.0,16.0,14.0,7.0,9.0,6.0,50.0,54.0,-9.4,0.0,2.0,0.0,0.0,13.0,2.0,7.0,9.0,6.0,17.0,15.0,8.0,10.0,7.0,0.0
10023,0.0,2.0,0.0,0.0,13.0,2.0,7.0,9.0,6.0,17.0,15.0,8.0,10.0,7.0,50.0,54.0,-10.4,0.0,2.0,0.0,0.0,14.0,3.0,8.0,10.0,7.0,18.0,16.0,9.0,11.0,8.0,0.0
10024,0.0,2.0,0.0,0.0,14.0,3.0,8.0,10.0,7.0,18.0,16.0,9.0,11.0,8.0,50.0,2.0,-11.705,0.0,2.0,0.0,0.0,1.0,4.0,9.0,11.0,8.0,19.0,17.0,10.0,12.0,9.0,0.0
10025,0.0,2.0,0.0,0.0,1.0,4.0,9.0,11.0,8.0,19.0,17.0,10.0,12.0,9.0,10.0,5.0,-27.679999999999996,0.0,2.0,0.0,0.0,2.0,1.0,1.0,12.0,9.0,20.0,18.0,11.0,13.0,10.0,0.0
10026,0.0,2.0,0.0,0.0,2.0,1.0,1.0,12.0,9.0,20.0,18.0,11.0,13.0,10.0,47.0,31.0,-16.735,0.0,2.0,2.0,0.0,3.0,2.0,2.0,13.0,10.0,21.0,1.0,12.0,14.0,1.0,0.0
10027,0.0,2.0,2.0,0.0,3.0,2.0,2.0,13.0,10.0,21.0,1.0,12.0,14.0,1.0,16.0,35.0,-11.98,2.0,2.0,2.0,0.0,4.0,3.0,3.0,1.0,11.0,22.0,2.0,1.0,15.0,2.0,0.0
10028,2.0,2.0,2.0,0.0,4.0,3.0,3.0,1.0,11.0,22.0,2.0,1.0,15.0,2.0,10.0,22.0,-24.134999999999998,2.0,2.0,0.0,0.0,5.0,4.0,1.0,2.0,1.0,23.0,3.0,2.0,16.0,3.0,0.0
10029,2.0,2.0,0.0,0.0,5.0,4.0,1.0,2.0,1.0,23.0,3.0,2.0,16.0,3.0,40.0,29.0,-21.700000000000003,2.0,2.0,0.0,0.0,6.0,5.0,2.0,3.0,2.0,1.0,4.0,3.0,1.0,4.0,0.0
10030,2.0,2.0,0.0,0.0,6.0,5.0,2.0,3.0,2.0,1.0,4.0,3.0,1.0,4.0,14.0,52.0,-14.129999999999999,2.0,0.0,0.0,0.0,7.0,6.0,1.0,4.0,3.0,2.0,5.0,4.0,2.0,5.0,0.0
10031,2.0,0.0,0.0,0.0,7.0,6.0,1.0,4.0,3.0,2.0,5.0,4.0,2.0,5.0,5.0,39.0,-14.44,2.0,0.0,0.0,0.0,8.0,1.0,2.0,5.0,4.0,3.0,6.0,1.0,3.0,6.0,0.0
10032,2.0,0.0,0.0,0.0,8.0,1.0,2.0,5.0,4.0,3.0,6.0,1.0,3.0,6.0,4.0,49.0,-6.135,2.0,0.0,0.0,0.0,1.0,2.0,3.0,6.0,5.0,4.0,7.0,2.0,4.0,1.0,0.0
10033,2.0,0.0,0.0,0.0,1.0,2.0,3.0,6.0,5.0,4.0,7.0,2.0,4.0,1.0,47.0,17.0,-11.86,0.0,0.0,0.0,0.0,2.0,3.0,4.0,1.0,6.0,5.0,8.0,3.0,5.0,1.0,0.0
10034,0.0,0.0,0.0,0.0,2.0,3.0,4.0,1.0,6.0,5.0,8.0,3.0,5.0,1.0,47.0,22.0,-17.895,0.0,0.0,0.0,0.0,3.0,4.0,5.0,2.0,1.0,6.0,9.0,4.0,6.0,1.0,0.0
10035,0.0,0.0,0.0,0.0,3.0,4.0,5.0,2.0,1.0,6.0,9.0,4.0,6.0,1.0,50.0,30.0,-17.065,0.0,0.0,0.0,0.0,4.0,5.0,6.0,3.0,2.0,7.0,1.0,5.0,7.0,2.0,0.0
10036,0.0,0.0,0.0,0.0,4.0,5.0,6.0,3.0,2.0,7.0,1.0,5.0,7.0,2.0,44.0,5.0,-22.599999999999998,0.0,0.0,0.0,0.0,5.0,1.0,7.0,4.0,3.0,8.0,2.0,6.0,1.0,3.0,0.0
10037,0.0,0.0,0.0,0.0,5.0,1.0,7.0,4.0,3.0,8.0,2.0,6.0,1.0,3.0,12.0,39.0,-22.919999999999998,0.0,0.0,0.0,0.0,6.0,2.0,1.0,5.0,4.0,9.0,3.0,1.0,2.0,4.0,0.0
10038,0.0,0.0,0.0,0.0,6.0,2.0,1.0,5.0,4.0,9.0,3.0,1.0,2.0,4.0,16.0,49.0,-11.86,2.0,0.0,0.0,0.0,7.0,3.0,2.0,1.0,5.0,10.0,4.0,2.0,3.0,1.0,0.0
10039,2.0,0.0,0.0,0.0,7.0,3.0,2.0,1.0,5.0,10.0,4.0,2.0,3.0,1.0,29.0,28.0,-24.879999999999995,2.0,0.0,0.0,2.0,8.0,4.0,3.0,2.0,6.0,1.0,5.0,3.0,4.0,2.0,0.0
10040,2.0,0.0,0.0,2.0,8.0,4.0,3.0,2.0,6.0,1.0,5.0,3.0,4.0,2.0,4.0,4.0,-6.17,2.0,0.0,0.0,0.0,1.0,5.0,4.0,3.0,7.0,2.0,6.0,4.0,5.0,3.0,0.0
10041,2.0,0.0,0.0,0.0,1.0,5.0,4.0,3.0,7.0,2.0,6.0,4.0,5.0,3.0,47.0,39.0,-12.36,0.0,0.0,0.0,0.0,2.0,6.0,5.0,4.0,8.0,3.0,7.0,1.0,6.0,1.0,0.0
10042,0.0,0.0,0.0,0.0,2.0,6.0,5.0,4.0,8.0,3.0,7.0,1.0,6.0,1.0,47.0,22.0,-18.195,0.0,0.0,0.0,0.0,3.0,7.0,6.0,5.0,1.0,4.0,8.0,2.0,7.0,1.0,0.0
10043,0.0,0.0,0.0,0.0,3.0,7.0,6.0,5.0,1.0,4.0,8.0,2.0,7.0,1.0,49.0,5.0,-15.139999999999999,0.0,0.0,0.0,0.0,4.0,1.0,7.0,6.0,2.0,5.0,9.0,3.0,8.0,1.0,0.0
10044,0.0,0.0,0.0,0.0,4.0,1.0,7.0,6.0,2.0,5.0,9.0,3.0,8.0,1.0,50.0,10.0,-18.23,0.0,0.0,0.0,0.0,5.0,2.0,1.0,7.0,3.0,6.0,10.0,4.0,9.0,2.0,0.0
10045,0.0,0.0,0.0,0.0,5.0,2.0,1.0,7.0,3.0,6.0,10.0,4.0,9.0,2.0,50.0,43.0,-11.509999999999998,0.0,0.0,0.0,2.0,6.0,3.0,2.0,8.0,4.0,7.0,11.0,5.0,1.0,3.0,0.0
10046,0.0,0.0,0.0,2.0,6.0,3.0,2.0,8.0,4.0,7.0,11.0,5.0,1.0,3.0,49.0,39.0,-13.259999999999998,0.0,0.0,0.0,0.0,7.0,4.0,3.0,9.0,5.0,8.0,12.0,1.0,2.0,1.0,0.0
10047,0.0,0.0,0.0,0.0,7.0,4.0,3.0,9.0,5.0,8.0,12.0,1.0,2.0,1.0,27.0,4.0,-20.355,0.0,0.0,0.0,0.0,1.0,5.0,4.0,10.0,6.0,1.0,13.0,2.0,3.0,2.0,0.0
10048,0.0,0.0,0.0,0.0,1.0,5.0,4.0,10.0,6.0,1.0,13.0,2.0,3.0,2.0,34.0,33.0,-30.130000000000003,0.0,0.0,0.0,2.0,2.0,6.0,5.0,11.0,7.0,2.0,1.0,3.0,4.0,3.0,0.0
10049,0.0,0.0,0.0,2.0,2.0,6.0,5.0,11.0,7.0,2.0,1.0,3.0,4.0,3.0,16.0,15.0,-12.98,2.0,0.0,0.0,2.0,3.0,7.0,6.0,1.0,8.0,3.0,2.0,4.0,5.0,4.0,0.0
10050,2.0,0.0,0.0,2.0,3.0,7.0,6.0,1.0,8.0,3.0,2.0,4.0,5.0,4.0,7.0,24.0,-23.794999999999998,0.0,0.0,0.0,0.0,4.0,1.0,7.0,2.0,1.0,4.0,3.0,5.0,6.0,5.0,0.0
10051,0.0,0.0,0.0,0.0,4.0,1.0,7.0,2.0,1.0,4.0,3.0,5.0,6.0,5.0,49.0,47.0,-8.64,0.0,0.0,0.0,0.0,5.0,2.0,8.0,3.0,2.0,5.0,4.0,6.0,7.0,1.0,0.0
10052,0.0,0.0,0.0,0.0,5.0,2.0,8.0,3.0,2.0,5.0,4.0,6.0,7.0,1.0,4.0,13.0,-15.314999999999998,0.0,0.0,0.0,2.0,1.0,3.0,1.0,4.0,3.0,6.0,5.0,7.0,8.0,2.0,0.0
10053,0.0,0.0,0.0,2.0,1.0,3.0,1.0,4.0,3.0,6.0,5.0,7.0,8.0,2.0,44.0,43.0,-18.459999999999997,0.0,0.0,0.0,4.0,2.0,4.0,2.0,5.0,4.0,7.0,6.0,8.0,1.0,3.0,0.0
10054,0.0,0.0,0.0,4.0,2.0,4.0,2.0,5.0,4.0,7.0,6.0,8.0,1.0,3.0,7.0,39.0,-18.259999999999998,0.0,0.0,0.0,2.0,3.0,1.0,3.0,6.0,5.0,8.0,7.0,1.0,2.0,4.0,0.0
10055,0.0,0.0,0.0,2.0,3.0,1.0,3.0,6.0,5.0,8.0,7.0,1.0,2.0,4.0,49.0,52.0,-6.77,0.0,0.0,0.0,2.0,4.0,2.0,4.0,7.0,6.0,9.0,8.0,2.0,3.0,1.0,0.0
10056,0.0,0.0,0.0,2.0,4.0,2.0,4.0,7.0,6.0,9.0,8.0,2.0,3.0,1.0,27.0,28.0,-28.88,0.0,0.0,0.0,4.0,5.0,3.0,5.0,8.0,7.0,1.0,9.0,3.0,4.0,2.0,0.0
10057,0.0,0.0,0.0,4.0,5.0,3.0,5.0,8.0,7.0,1.0,9.0,3.0,4.0,2.0,19.0,18.0,-11.1,0.0,0.0,0.0,6.0,6.0,4.0,6.0,1.0,8.0,2.0,10.0,4.0,5.0,3.0,0.0
10058,0.0,0.0,0.0,6.0,6.0,4.0,6.0,1.0,8.0,2.0,10.0,4.0,5.0,3.0,9.0,10.0,-19.159999999999997,0.0,0.0,0.0,6.0,7.0,1.0,1.0,2.0,9.0,3.0,11.0,5.0,6.0,4.0,0.0
10059,0.0,0.0,0.0,6.0,7.0,1.0,1.0,2.0,9.0,3.0,11.0,5.0,6.0,4.0,4.0,15.0,-7.015000000000001,0.0,0.0,0.0,6.0,1.0,2.0,2.0,1.0,10.0,4.0,12.0,6.0,7.0,5.0,0.0
10060,0.0,0.0,0.0,6.0,1.0,2.0,2.0,1.0,10.0,4.0,12.0,6.0,7.0,5.0,47.0,44.0,-11.0,0.0,0.0,0.0,4.0,2.0,3.0,3.0,2.0,11.0,5.0,13.0,7.0,1.0,1.0,0.0
10061,0.0,0.0,0.0,4.0,2.0,3.0,3.0,2.0,11.0,5.0,13.0,7.0,1.0,1.0,47.0,39.0,-13.059999999999999,0.0,0.0,0.0,2.0,3.0,4.0,4.0,3.0,12.0,6.0,14.0,1.0,2.0,1.0,0.0
10062,0.0,0.0,0.0,2.0,3.0,4.0,4.0,3.0,12.0,6.0,14.0,1.0,2.0,1.0,34.0,20.0,-25.41,0.0,0.0,0.0,2.0,4.0,5.0,5.0,4.0,1.0,7.0,1.0,2.0,3.0,2.0,0.0
10063,0.0,0.0,0.0,2.0,4.0,5.0,5.0,4.0,1.0,7.0,1.0,2.0,3.0,2.0,7.0,52.0,-12.27,0.0,0.0,0.0,2.0,5.0,1.0,6.0,5.0,2.0,8.0,2.0,3.0,4.0,3.0,0.0
10064,0.0,0.0,0.0,2.0,5.0,1.0,6.0,5.0,2.0,8.0,2.0,3.0,4.0,3.0,44.0,47.0,-15.36,0.0,0.0,0.0,2.0,6.0,2.0,7.0,6.0,3.0,9.0,3.0,4.0,1.0,1.0,0.0
10065,0.0,0.0,0.0,2.0,6.0,2.0,7.0,6.0,3.0,9.0,3.0,4.0,1.0,1.0,29.0,28.0,-28.48,0.0,0.0,0.0,4.0,7.0,3.0,8.0,7.0,4.0,1.0,4.0,5.0,2.0,2.0,0.0
10066,0.0,0.0,0.0,4.0,7.0,3.0,8.0,7.0,4.0,1.0,4.0,5.0,2.0,2.0,4.0,13.0,-11.395,0.0,0.0,0.0,6.0,1.0,4.0,1.0,8.0,5.0,2.0,5.0,6.0,3.0,3.0,0.0
10067,0.0,0.0,0.0,6.0,1.0,4.0,1.0,8.0,5.0,2.0,5.0,6.0,3.0,3.0,7.0,18.0,-12.899999999999999,0.0,0.0,0.0,8.0,2.0,1.0,2.0,1.0,6.0,3.0,6.0,7.0,4.0,4.0,0.0
10068,0.0,0.0,0.0,8.0,2.0,1.0,2.0,1.0,6.0,3.0,6.0,7.0,4.0,4.0,9.0,44.0,-15.26,0.0,0.0,0.0,6.0,3.0,1.0,3.0,2.0,7.0,4.0,7.0,8.0,1.0,5.0,0.0
10069,0.0,0.0,0.0,6.0,3.0,1.0,3.0,2.0,7.0,4.0,7.0,8.0,1.0,5.0,9.0,39.0,-19.7,0.0,0.0,0.0,4.0,4.0,1.0,4.0,3.0,8.0,5.0,8.0,1.0,2.0,6.0,0.0
10070,0.0,0.0,0.0,4.0,4.0,1.0,4.0,3.0,8.0,5.0,8.0,1.0,2.0,6.0,45.0,15.0,-7.3999999999999995,0.0,0.0,0.0,4.0,5.0,2.0,5.0,1.0,9.0,6.0,9.0,2.0,3.0,1.0,0.0
10071,0.0,0.0,0.0,4.0,5.0,2.0,5.0,1.0,9.0,6.0,9.0,2.0,3.0,1.0,9.0,39.0,-19.159999999999997,0.0,0.0,0.0,2.0,6.0,1.0,6.0,2.0,10.0,7.0,10.0,1.0,4.0,2.0,0.0
10072,0.0,0.0,0.0,2.0,6.0,1.0,6.0,2.0,10.0,7.0,10.0,1.0,4.0,2.0,45.0,2.0,-8.975,0.0,0.0,0.0,2.0,1.0,2.0,7.0,3.0,11.0,8.0,11.0,2.0,5.0,1.0,0.0
10073,0.0,0.0,0.0,2.0,1.0,2.0,7.0,3.0,11.0,8.0,11.0,2.0,5.0,1.0,9.0,31.0,-21.075,0.0,0.0,2.0,2.0,2.0,1.0,8.0,4.0,12.0,9.0,1.0,3.0,6.0,2.0,0.0
10074,0.0,0.0,2.0,2.0,2.0,1.0,8.0,4.0,12.0,9.0,1.0,3.0,6.0,2.0,21.0,13.0,-15.735,2.0,0.0,2.0,4.0,3.0,2.0,1.0,5.0,1.0,10.0,2.0,4.0,7.0,3.0,0.0
10075,2.0,0.0,2.0,4.0,3.0,2.0,1.0,5.0,1.0,10.0,2.0,4.0,7.0,3.0,7.0,44.0,-16.919999999999998,0.0,0.0,2.0,2.0,4.0,1.0,2.0,6.0,2.0,11.0,3.0,5.0,1.0,4.0,0.0
10076,0.0,0.0,2.0,2.0,4.0,1.0,2.0,6.0,2.0,11.0,3.0,5.0,1.0,4.0,29.0,35.0,-20.040000000000003,0.0,0.0,2.0,2.0,5.0,2.0,3.0,7.0,3.0,1.0,4.0,1.0,2.0,5.0,0.0
10077,0.0,0.0,2.0,2.0,5.0,2.0,3.0,7.0,3.0,1.0,4.0,1.0,2.0,5.0,45.0,15.0,-8.06,0.0,0.0,2.0,2.0,6.0,3.0,4.0,1.0,4.0,2.0,5.0,2.0,3.0,1.0,0.0
10078,0.0,0.0,2.0,2.0,6.0,3.0,4.0,1.0,4.0,2.0,5.0,2.0,3.0,1.0,4.0,39.0,-7.795,0.0,0.0,2.0,0.0,1.0,4.0,5.0,2.0,5.0,3.0,6.0,1.0,4.0,2.0,0.0
10079,0.0,0.0,2.0,0.0,1.0,4.0,5.0,2.0,5.0,3.0,6.0,1.0,4.0,2.0,45.0,7.0,-14.239999999999998,0.0,0.0,0.0,0.0,2.0,1.0,6.0,3.0,6.0,4.0,7.0,2.0,5.0,1.0,0.0
10080,0.0,0.0,0.0,0.0,2.0,1.0,6.0,3.0,6.0,4.0,7.0,2.0,5.0,1.0,45.0,31.0,-13.975,0.0,0.0,2.0,0.0,3.0,2.0,7.0,4.0,7.0,5.0,1.0,3.0,6.0,1.0,0.0
10081,0.0,0.0,2.0,0.0,3.0,2.0,7.0,4.0,7.0,5.0,1.0,3.0,6.0,1.0,21.0,13.0,-17.915,2.0,0.0,2.0,2.0,4.0,3.0,1.0,5.0,1.0,6.0,2.0,4.0,7.0,2.0,0.0
10082,2.0,0.0,2.0,2.0,4.0,3.0,1.0,5.0,1.0,6.0,2.0,4.0,7.0,2.0,7.0,35.0,-14.96,0.0,0.0,2.0,2.0,5.0,1.0,2.0,6.0,2.0,7.0,3.0,1.0,8.0,3.0,0.0
10083,0.0,0.0,2.0,2.0,5.0,1.0,2.0,6.0,2.0,7.0,3.0,1.0,8.0,3.0,45.0,44.0,-14.239999999999998,0.0,0.0,2.0,0.0,6.0,2.0,3.0,7.0,3.0,8.0,4.0,2.0,1.0,1.0,0.0
10084,0.0,0.0,2.0,0.0,6.0,2.0,3.0,7.0,3.0,8.0,4.0,2.0,1.0,1.0,29.0,35.0,-20.44,0.0,0.0,2.0,0.0,7.0,3.0,4.0,8.0,4.0,1.0,5.0,1.0,2.0,2.0,0.0
10085,0.0,0.0,2.0,0.0,7.0,3.0,4.0,8.0,4.0,1.0,5.0,1.0,2.0,2.0,45.0,33.0,-14.075,0.0,0.0,2.0,2.0,8.0,4.0,5.0,9.0,5.0,2.0,1.0,2.0,3.0,1.0,0.0
10086,0.0,0.0,2.0,2.0,8.0,4.0,5.0,9.0,5.0,2.0,1.0,2.0,3.0,1.0,2.0,15.0,-7.795,0.0,0.0,2.0,2.0,1.0,5.0,6.0,1.0,6.0,3.0,2.0,3.0,4.0,2.0,0.0
10087,0.0,0.0,2.0,2.0,1.0,5.0,6.0,1.0,6.0,3.0,2.0,3.0,4.0,2.0,35.0,13.0,-13.319999999999999,0.0,0.0,2.0,4.0,2.0,6.0,1.0,2.0,7.0,4.0,3.0,1.0,5.0,3.0,0.0
10088,0.0,0.0,2.0,4.0,2.0,6.0,1.0,2.0,7.0,4.0,3.0,1.0,5.0,3.0,54.0,22.0,-11.605,0.0,0.0,0.0,4.0,3.0,7.0,2.0,3.0,1.0,5.0,4.0,2.0,6.0,4.0,0.0
10089,0.0,0.0,0.0,4.0,3.0,7.0,2.0,3.0,1.0,5.0,4.0,2.0,6.0,4.0,45.0,9.0,-13.52,0.0,0.0,0.0,2.0,4.0,1.0,3.0,4.0,2.0,6.0,5.0,3.0,7.0,1.0,0.0
10090,0.0,0.0,0.0,2.0,4.0,1.0,3.0,4.0,2.0,6.0,5.0,3.0,7.0,1.0,45.0,35.0,-12.259999999999998,0.0,0.0,0.0,2.0,5.0,2.0,4.0,5.0,3.0,7.0,6.0,1.0,8.0,1.0,0.0
10091,0.0,0.0,0.0,2.0,5.0,2.0,4.0,5.0,3.0,7.0,6.0,1.0,8.0,1.0,45.0,19.0,-12.659999999999998,0.0,0.0,0.0,0.0,6.0,3.0,5.0,1.0,4.0,8.0,7.0,2.0,9.0,1.0,0.0
10092,0.0,0.0,0.0,0.0,6.0,3.0,5.0,1.0,4.0,8.0,7.0,2.0,9.0,1.0,9.0,22.0,-24.894999999999996,0.0,0.0,0.0,0.0,7.0,1.0,6.0,2.0,1.0,9.0,8.0,3.0,10.0,2.0,0.0
10093,0.0,0.0,0.0,0.0,7.0,1.0,6.0,2.0,1.0,9.0,8.0,3.0,10.0,2.0,9.0,35.0,-19.759999999999998,0.0,0.0,0.0,0.0,8.0,1.0,7.0,3.0,2.0,10.0,9.0,1.0,11.0,3.0,0.0
10094,0.0,0.0,0.0,0.0,8.0,1.0,7.0,3.0,2.0,10.0,9.0,1.0,11.0,3.0,9.0,31.0,-21.775,0.0,0.0,2.0,0.0,9.0,1.0,8.0,4.0,3.0,11.0,1.0,2.0,12.0,4.0,0.0
10095,0.0,0.0,2.0,0.0,9.0,1.0,8.0,4.0,3.0,11.0,1.0,2.0,12.0,4.0,0.0,47.0,-9.075,0.0,0.0,0.0,0.0,1.0,2.0,9.0,5.0,4.0,12.0,2.0,3.0,13.0,1.0,0.0
10096,0.0,0.0,0.0,0.0,1.0,2.0,9.0,5.0,4.0,12.0,2.0,3.0,13.0,1.0,54.0,13.0,-14.909999999999997,0.0,0.0,0.0,2.0,2.0,3.0,1.0,6.0,5.0,13.0,3.0,4.0,14.0,2.0,0.0
10097,0.0,0.0,0.0,2.0,2.0,3.0,1.0,6.0,5.0,13.0,3.0,4.0,14.0,2.0,33.0,44.0,-27.695,0.0,2.0,0.0,0.0,3.0,4.0,2.0,7.0,6.0,14.0,1.0,5.0,1.0,3.0,0.0
10098,0.0,2.0,0.0,0.0,3.0,4.0,2.0,7.0,6.0,14.0,1.0,5.0,1.0,3.0,26.0,35.0,-16.72,2.0,2.0,0.0,0.0,4.0,5.0,3.0,8.0,7.0,1.0,2.0,1.0,2.0,4.0,0.0
10099,2.0,2.0,0.0,0.0,4.0,5.0,3.0,8.0,7.0,1.0,2.0,1.0,2.0,4.0,24.0,15.0,-16.995,2.0,0.0,0.0,0.0,5.0,6.0,4.0,1.0,1.0,2.0,3.0,2.0,3.0,5.0,1.0
10100,8.0,9.0,8.0,8.0,1.0,1.0,1.0,1.0,1.0,1.0,1.0,1.0,1.0,1.0,54.0,26.0,-3.605,8.0,7.0,9.0,8.0,2.0,2.0,2.0,2.0,2.0,1.0,2.0,2.0,2.0,2.0,0.0
10101,8.0,7.0,9.0,8.0,2.0,2.0,2.0,2.0,2.0,1.0,2.0,2.0,2.0,2.0,54.0,24.0,-3.63,8.0,5.0,9.0,6.0,3.0,3.0,3.0,3.0,1.0,2.0,3.0,3.0,3.0,3.0,0.0
10102,8.0,5.0,9.0,6.0,3.0,3.0,3.0,3.0,1.0,2.0,3.0,3.0,3.0,3.0,54.0,39.0,-6.344999999999999,8.0,3.0,9.0,4.0,4.0,4.0,4.0,4.0,2.0,3.0,4.0,1.0,4.0,4.0,0.0
10103,8.0,3.0,9.0,4.0,4.0,4.0,4.0,4.0,2.0,3.0,4.0,1.0,4.0,4.0,54.0,7.0,-4.775,8.0,1.0,7.0,4.0,5.0,1.0,5.0,5.0,3.0,4.0,5.0,2.0,5.0,5.0,0.0
10104,8.0,1.0,7.0,4.0,5.0,1.0,5.0,5.0,3.0,4.0,5.0,2.0,5.0,5.0,7.0,39.0,-5.63,6.0,1.0,7.0,2.0,6.0,1.0,6.0,6.0,4.0,5.0,6.0,1.0,6.0,6.0,0.0
10105,6.0,1.0,7.0,2.0,6.0,1.0,6.0,6.0,4.0,5.0,6.0,1.0,6.0,6.0,9.0,31.0,-6.24,6.0,0.0,9.0,2.0,7.0,1.0,7.0,7.0,5.0,6.0,1.0,2.0,7.0,7.0,0.0
10106,6.0,0.0,9.0,2.0,7.0,1.0,7.0,7.0,5.0,6.0,1.0,2.0,7.0,7.0,0.0,39.0,-8.51,6.0,0.0,9.0,0.0,1.0,2.0,8.0,8.0,6.0,7.0,2.0,1.0,8.0,8.0,0.0
10107,6.0,0.0,9.0,0.0,1.0,2.0,8.0,8.0,6.0,7.0,2.0,1.0,8.0,8.0,47.0,31.0,-7.58,4.0,0.0,9.0,0.0,2.0,3.0,9.0,9.0,7.0,8.0,1.0,2.0,9.0,1.0,0.0
10108,4.0,0.0,9.0,0.0,2.0,3.0,9.0,9.0,7.0,8.0,1.0,2.0,9.0,1.0,54.0,22.0,-9.43,4.0,0.0,7.0,0.0,3.0,4.0,10.0,10.0,1.0,9.0,2.0,3.0,10.0,2.0,0.0
10109,4.0,0.0,7.0,0.0,3.0,4.0,10.0,10.0,1.0,9.0,2.0,3.0,10.0,2.0,54.0,35.0,-6.5649999999999995,4.0,0.0,7.0,0.0,4.0,5.0,11.0,11.0,2.0,10.0,3.0,1.0,11.0,3.0,0.0
10110,4.0,0.0,7.0,0.0,4.0,5.0,11.0,11.0,2.0,10.0,3.0,1.0,11.0,3.0,54.0,7.0,-7.994999999999999,4.0,0.0,5.0,0.0,5.0,1.0,12.0,12.0,3.0,11.0,4.0,2.0,12.0,4.0,0.0
10111,4.0,0.0,5.0,0.0,5.0,1.0,12.0,12.0,3.0,11.0,4.0,2.0,12.0,4.0,0.0,47.0,-8.870000000000001,4.0,0.0,3.0,0.0,1.0,2.0,13.0,13.0,4.0,12.0,5.0,3.0,13.0,1.0,0.0
10112,4.0,0.0,3.0,0.0,1.0,2.0,13.0,13.0,4.0,12.0,5.0,3.0,13.0,1.0,54.0,35.0,-9.105,4.0,0.0,3.0,0.0,2.0,3.0,14.0,14.0,5.0,13.0,6.0,1.0,14.0,2.0,0.0
10113,4.0,0.0,3.0,0.0,2.0,3.0,14.0,14.0,5.0,13.0,6.0,1.0,14.0,2.0,54.0,47.0,-9.905,4.0,0.0,1.0,0.0,3.0,4.0,15.0,15.0,6.0,14.0,7.0,2.0,15.0,1.0,0.0
10114,4.0,0.0,1.0,0.0,3.0,4.0,15.0,15.0,6.0,14.0,7.0,2.0,15.0,1.0,54.0,47.0,-11.27,4.0,0.0,0.0,0.0,4.0,5.0,16.0,16.0,7.0,15.0,8.0,3.0,16.0,1.0,0.0
10115,4.0,0.0,0.0,0.0,4.0,5.0,16.0,16.0,7.0,15.0,8.0,3.0,16.0,1.0,52.0,47.0,-12.17,2.0,0.0,0.0,0.0,5.0,6.0,17.0,17.0,8.0,16.0,9.0,4.0,17.0,1.0,0.0
10116,2.0,0.0,0.0,0.0,5.0,6.0,17.0,17.0,8.0,16.0,9.0,4.0,17.0,1.0,52.0,47.0,-13.07,0.0,0.0,0.0,0.0,6.0,7.0,18.0,18.0,9.0,17.0,10.0,5.0,18.0,1.0,0.0
10117,0.0,0.0,0.0,0.0,6.0,7.0,18.0,18.0,9.0,17.0,10.0,5.0,18.0,1.0,52.0,47.0,-13.97,0.0,0.0,0.0,0.0,7.0,8.0,19.0,19.0,10.0,18.0,11.0,6.0,19.0,1.0,0.0
10118,0.0,0.0,0.0,0.0,7.0,8.0,19.0,19.0,10.0,18.0,11.0,6.0,19.0,1.0,52.0,47.0,-14.87,0.0,0.0,0.0,0.0,8.0,9.0,20.0,20.0,11.0,19.0,12.0,7.0,20.0,1.0,0.0
10119,0.0,0.0,0.0,0.0,8.0,9.0,20.0,20.0,11.0,19.0,12.0,7.0,20.0,1.0,52.0,47.0,-15.77,0.0,0.0,0.0,0.0,9.0,10.0,21.0,21.0,12.0,20.0,13.0,8.0,21.0,1.0,0.0
10120,0.0,0.0,0.0,0.0,9.0,10.0,21.0,21.0,12.0,20.0,13.0,8.0,21.0,1.0,52.0,35.0,-19.69,0.0,0.0,0.0,0.0,10.0,11.0,22.0,22.0,13.0,21.0,14.0,1.0,22.0,2.0,0.0
10121,0.0,0.0,0.0,0.0,10.0,11.0,22.0,22.0,13.0,21.0,14.0,1.0,22.0,2.0,52.0,1.0,-14.265,0.0,0.0,2.0,0.0,1.0,12.0,23.0,23.0,14.0,22.0,15.0,2.0,23.0,3.0,0.0
10122,0.0,0.0,2.0,0.0,1.0,12.0,23.0,23.0,14.0,22.0,15.0,2.0,23.0,3.0,52.0,47.0,-16.67,0.0,0.0,0.0,0.0,2.0,13.0,24.0,24.0,15.0,23.0,16.0,3.0,24.0,1.0,0.0
10123,0.0,0.0,0.0,0.0,2.0,13.0,24.0,24.0,15.0,23.0,16.0,3.0,24.0,1.0,52.0,17.0,-18.99,0.0,0.0,0.0,0.0,3.0,14.0,25.0,1.0,16.0,24.0,17.0,4.0,25.0,2.0,0.0
10124,0.0,0.0,0.0,0.0,3.0,14.0,25.0,1.0,16.0,24.0,17.0,4.0,25.0,2.0,10.0,30.0,-36.095,0.0,0.0,0.0,0.0,4.0,15.0,1.0,2.0,17.0,25.0,1.0,5.0,26.0,3.0,0.0
10125,0.0,0.0,0.0,0.0,4.0,15.0,1.0,2.0,17.0,25.0,1.0,5.0,26.0,3.0,52.0,9.0,-17.77,0.0,0.0,0.0,0.0,5.0,1.0,2.0,3.0,18.0,26.0,2.0,6.0,27.0,4.0,0.0
10126,0.0,0.0,0.0,0.0,5.0,1.0,2.0,3.0,18.0,26.0,2.0,6.0,27.0,4.0,39.0,43.0,-19.5,0.0,0.0,0.0,2.0,6.0,2.0,3.0,4.0,19.0,27.0,3.0,1.0,1.0,5.0,0.0
10127,0.0,0.0,0.0,2.0,6.0,2.0,3.0,4.0,19.0,27.0,3.0,1.0,1.0,5.0,26.0,28.0,-25.239999999999995,2.0,0.0,0.0,4.0,7.0,3.0,4.0,5.0,20.0,1.0,4.0,2.0,2.0,6.0,0.0
10128,2.0,0.0,0.0,4.0,7.0,3.0,4.0,5.0,20.0,1.0,4.0,2.0,2.0,6.0,21.0,15.0,-10.255,4.0,0.0,0.0,4.0,8.0,4.0,5.0,1.0,1.0,2.0,5.0,3.0,3.0,7.0,0.0
10129,4.0,0.0,0.0,4.0,8.0,4.0,5.0,1.0,1.0,2.0,5.0,3.0,3.0,7.0,31.0,49.0,-6.335,6.0,0.0,0.0,2.0,9.0,5.0,6.0,2.0,2.0,3.0,1.0,4.0,4.0,1.0,0.0
10130,6.0,0.0,0.0,2.0,9.0,5.0,6.0,2.0,2.0,3.0,1.0,4.0,4.0,1.0,0.0,1.0,-5.97,6.0,0.0,2.0,2.0,1.0,6.0,7.0,3.0,3.0,4.0,2.0,5.0,5.0,2.0,0.0
10131,6.0,0.0,2.0,2.0,1.0,6.0,7.0,3.0,3.0,4.0,2.0,5.0,5.0,2.0,37.0,35.0,-8.02,4.0,0.0,2.0,2.0,2.0,7.0,8.0,4.0,4.0,5.0,3.0,1.0,6.0,3.0,0.0
10132,4.0,0.0,2.0,2.0,2.0,7.0,8.0,4.0,4.0,5.0,3.0,1.0,6.0,3.0,6.0,9.0,-10.18,6.0,0.0,2.0,0.0,3.0,1.0,9.0,5.0,5.0,6.0,4.0,2.0,7.0,4.0,0.0
10133,6.0,0.0,2.0,0.0,3.0,1.0,9.0,5.0,5.0,6.0,4.0,2.0,7.0,4.0,10.0,1.0,-12.615,6.0,0.0,4.0,0.0,1.0,2.0,1.0,6.0,6.0,7.0,5.0,3.0,8.0,5.0,0.0
10134,6.0,0.0,4.0,0.0,1.0,2.0,1.0,6.0,6.0,7.0,5.0,3.0,8.0,5.0,25.0,31.0,-10.555,6.0,0.0,6.0,0.0,2.0,3.0,2.0,7.0,7.0,1.0,1.0,4.0,9.0,6.0,0.0
10135,6.0,0.0,6.0,0.0,2.0,3.0,2.0,7.0,7.0,1.0,1.0,4.0,9.0,6.0,9.0,35.0,-5.74,6.0,0.0,6.0,0.0,3.0,1.0,3.0,8.0,8.0,2.0,2.0,1.0,10.0,7.0,0.0
10136,6.0,0.0,6.0,0.0,3.0,1.0,3.0,8.0,8.0,2.0,2.0,1.0,10.0,7.0,47.0,1.0,-10.854999999999999,4.0,0.0,8.0,0.0,1.0,2.0,4.0,9.0,9.0,3.0,3.0,2.0,11.0,1.0,0.0
10137,4.0,0.0,8.0,0.0,1.0,2.0,4.0,9.0,9.0,3.0,3.0,2.0,11.0,1.0,54.0,6.0,-6.695,4.0,0.0,9.0,0.0,2.0,1.0,5.0,10.0,10.0,4.0,4.0,3.0,12.0,2.0,0.0
10138,4.0,0.0,9.0,0.0,2.0,1.0,5.0,10.0,10.0,4.0,4.0,3.0,12.0,2.0,54.0,35.0,-7.705,4.0,0.0,9.0,0.0,3.0,2.0,6.0,11.0,11.0,5.0,5.0,1.0,13.0,3.0,0.0
10139,4.0,0.0,9.0,0.0,3.0,2.0,6.0,11.0,11.0,5.0,5.0,1.0,13.0,3.0,54.0,6.0,-8.195,4.0,0.0,9.0,0.0,4.0,1.0,7.0,12.0,12.0,6.0,6.0,2.0,14.0,4.0,0.0
10140,4.0,0.0,9.0,0.0,4.0,1.0,7.0,12.0,12.0,6.0,6.0,2.0,14.0,4.0,54.0,10.0,-16.244999999999997,4.0,0.0,9.0,0.0,5.0,2.0,1.0,13.0,13.0,7.0,7.0,3.0,15.0,5.0,0.0
10141,4.0,0.0,9.0,0.0,5.0,2.0,1.0,13.0,13.0,7.0,7.0,3.0,15.0,5.0,52.0,35.0,-9.504999999999999,2.0,0.0,9.0,0.0,6.0,3.0,2.0,14.0,14.0,8.0,8.0,1.0,16.0,6.0,0.0
10142,2.0,0.0,9.0,0.0,6.0,3.0,2.0,14.0,14.0,8.0,8.0,1.0,16.0,6.0,52.0,48.0,-16.105,0.0,0.0,9.0,2.0,7.0,4.0,3.0,15.0,15.0,9.0,9.0,2.0,17.0,1.0,0.0
10143,0.0,0.0,9.0,2.0,7.0,4.0,3.0,15.0,15.0,9.0,9.0,2.0,17.0,1.0,52.0,10.0,-14.325000000000001,0.0,0.0,9.0,2.0,8.0,5.0,1.0,16.0,16.0,10.0,10.0,3.0,18.0,2.0,0.0
10144,0.0,0.0,9.0,2.0,8.0,5.0,1.0,16.0,16.0,10.0,10.0,3.0,18.0,2.0,52.0,10.0,-15.225000000000001,0.0,0.0,9.0,2.0,9.0,6.0,1.0,17.0,17.0,11.0,11.0,4.0,19.0,3.0,0.0
10145,0.0,0.0,9.0,2.0,9.0,6.0,1.0,17.0,17.0,11.0,11.0,4.0,19.0,3.0,52.0,10.0,-16.125,0.0,0.0,9.0,2.0,10.0,7.0,1.0,18.0,18.0,12.0,12.0,5.0,20.0,4.0,0.0
10146,0.0,0.0,9.0,2.0,10.0,7.0,1.0,18.0,18.0,12.0,12.0,5.0,20.0,4.0,52.0,43.0,-15.125,0.0,0.0,9.0,4.0,11.0,8.0,2.0,19.0,19.0,13.0,13.0,6.0,1.0,5.0,0.0
10147,0.0,0.0,9.0,4.0,11.0,8.0,2.0,19.0,19.0,13.0,13.0,6.0,1.0,5.0,52.0,20.0,-9.73,0.0,0.0,9.0,4.0,12.0,9.0,3.0,20.0,1.0,14.0,14.0,7.0,2.0,6.0,0.0
10148,0.0,0.0,9.0,4.0,12.0,9.0,3.0,20.0,1.0,14.0,14.0,7.0,2.0,6.0,46.0,33.0,-13.379999999999999,2.0,0.0,9.0,6.0,13.0,10.0,4.0,21.0,2.0,15.0,1.0,8.0,3.0,1.0,0.0
10149,2.0,0.0,9.0,6.0,13.0,10.0,4.0,21.0,2.0,15.0,1.0,8.0,3.0,1.0,0.0,35.0,-12.59,2.0,0.0,9.0,6.0,1.0,11.0,5.0,22.0,3.0,16.0,2.0,1.0,4.0,2.0,0.0
10150,2.0,0.0,9.0,6.0,1.0,11.0,5.0,22.0,3.0,16.0,2.0,1.0,4.0,2.0,46.0,48.0,-21.295,4.0,0.0,9.0,8.0,2.0,12.0,6.0,23.0,4.0,17.0,3.0,2.0,5.0,1.0,0.0
10151,4.0,0.0,9.0,8.0,2.0,12.0,6.0,23.0,4.0,17.0,3.0,2.0,5.0,1.0,6.0,26.0,-8.235,6.0,0.0,9.0,8.0,3.0,1.0,7.0,24.0,5.0,1.0,4.0,3.0,6.0,2.0,0.0
10152,6.0,0.0,9.0,8.0,3.0,1.0,7.0,24.0,5.0,1.0,4.0,3.0,6.0,2.0,46.0,15.0,-21.825000000000003,8.0,0.0,9.0,8.0,4.0,2.0,8.0,1.0,6.0,2.0,5.0,4.0,7.0,1.0,0.0
10153,8.0,0.0,9.0,8.0,4.0,2.0,8.0,1.0,6.0,2.0,5.0,4.0,7.0,1.0,37.0,22.0,-5.86,6.0,0.0,7.0,8.0,5.0,3.0,9.0,2.0,1.0,3.0,6.0,1.0,8.0,2.0,0.0
10154,6.0,0.0,7.0,8.0,5.0,3.0,9.0,2.0,1.0,3.0,6.0,1.0,8.0,2.0,37.0,42.0,-5.494999999999999,4.0,0.0,5.0,8.0,6.0,4.0,10.0,3.0,2.0,4.0,7.0,1.0,1.0,3.0,0.0
10155,4.0,0.0,5.0,8.0,6.0,4.0,10.0,3.0,2.0,4.0,7.0,1.0,1.0,3.0,6.0,26.0,-6.935,6.0,0.0,7.0,8.0,7.0,1.0,11.0,4.0,3.0,1.0,8.0,2.0,2.0,4.0,0.0
10156,6.0,0.0,7.0,8.0,7.0,1.0,11.0,4.0,3.0,1.0,8.0,2.0,2.0,4.0,6.0,20.0,-7.380000000000001,8.0,0.0,7.0,8.0,8.0,1.0,12.0,5.0,1.0,2.0,9.0,3.0,3.0,5.0,0.0
10157,8.0,0.0,7.0,8.0,8.0,1.0,12.0,5.0,1.0,2.0,9.0,3.0,3.0,5.0,6.0,54.0,-7.195,9.0,0.0,7.0,6.0,9.0,1.0,13.0,6.0,2.0,3.0,10.0,4.0,4.0,6.0,0.0
10158,9.0,0.0,7.0,6.0,9.0,1.0,13.0,6.0,2.0,3.0,10.0,4.0,4.0,6.0,6.0,54.0,-8.095,9.0,0.0,7.0,4.0,10.0,1.0,14.0,7.0,3.0,4.0,11.0,5.0,5.0,7.0,0.0
10159,9.0,0.0,7.0,4.0,10.0,1.0,14.0,7.0,3.0,4.0,11.0,5.0,5.0,7.0,14.0,26.0,-15.51,9.0,0.0,9.0,4.0,11.0,2.0,1.0,8.0,4.0,1.0,12.0,6.0,6.0,8.0,0.0
10160,9.0,0.0,9.0,4.0,11.0,2.0,1.0,8.0,4.0,1.0,12.0,6.0,6.0,8.0,37.0,39.0,-8.469999999999999,7.0,0.0,9.0,2.0,12.0,3.0,2.0,9.0,5.0,2.0,13.0,1.0,7.0,9.0,0.0
10161,7.0,0.0,9.0,2.0,12.0,3.0,2.0,9.0,5.0,2.0,13.0,1.0,7.0,9.0,32.0,34.0,-9.1,5.0,0.0,9.0,0.0,13.0,4.0,3.0,10.0,6.0,3.0,1.0,2.0,8.0,10.0,0.0
10162,5.0,0.0,9.0,0.0,13.0,4.0,3.0,10.0,6.0,3.0,1.0,2.0,8.0,10.0,0.0,48.0,-13.535,5.0,0.0,9.0,2.0,1.0,5.0,4.0,11.0,7.0,4.0,2.0,3.0,9.0,1.0,0.0
10163,5.0,0.0,9.0,2.0,1.0,5.0,4.0,11.0,7.0,4.0,2.0,3.0,9.0,1.0,54.0,9.0,-6.595000000000001,5.0,0.0,9.0,0.0,2.0,1.0,5.0,12.0,8.0,5.0,3.0,4.0,10.0,2.0,0.0
10164,5.0,0.0,9.0,0.0,2.0,1.0,5.0,12.0,8.0,5.0,3.0,4.0,10.0,2.0,46.0,35.0,-12.73,7.0,0.0,9.0,0.0,3.0,2.0,6.0,13.0,9.0,6.0,4.0,1.0,11.0,1.0,0.0
10165,7.0,0.0,9.0,0.0,3.0,2.0,6.0,13.0,9.0,6.0,4.0,1.0,11.0,1.0,54.0,48.0,-14.405000000000001,7.0,0.0,9.0,2.0,4.0,3.0,7.0,14.0,10.0,7.0,5.0,2.0,12.0,1.0,0.0
10166,7.0,0.0,9.0,2.0,4.0,3.0,7.0,14.0,10.0,7.0,5.0,2.0,12.0,1.0,54.0,48.0,-15.305,7.0,0.0,9.0,4.0,5.0,4.0,8.0,15.0,11.0,8.0,6.0,3.0,13.0,1.0,0.0
10167,7.0,0.0,9.0,4.0,5.0,4.0,8.0,15.0,11.0,8.0,6.0,3.0,13.0,1.0,54.0,18.0,-16.975,7.0,0.0,9.0,6.0,6.0,5.0,9.0,1.0,12.0,9.0,7.0,4.0,14.0,2.0,0.0
10168,7.0,0.0,9.0,6.0,6.0,5.0,9.0,1.0,12.0,9.0,7.0,4.0,14.0,2.0,54.0,22.0,-7.01,7.0,0.0,7.0,6.0,7.0,6.0,10.0,2.0,1.0,10.0,8.0,5.0,15.0,3.0,0.0
10169,7.0,0.0,7.0,6.0,7.0,6.0,10.0,2.0,1.0,10.0,8.0,5.0,15.0,3.0,37.0,42.0,-6.63,5.0,0.0,5.0,6.0,8.0,7.0,11.0,3.0,2.0,11.0,9.0,1.0,1.0,4.0,0.0
10170,5.0,0.0,5.0,6.0,8.0,7.0,11.0,3.0,2.0,11.0,9.0,1.0,1.0,4.0,6.0,26.0,-6.140000000000001,7.0,0.0,7.0,6.0,9.0,1.0,12.0,4.0,3.0,1.0,10.0,2.0,2.0,5.0,0.0
10171,7.0,0.0,7.0,6.0,9.0,1.0,12.0,4.0,3.0,1.0,10.0,2.0,2.0,5.0,31.0,20.0,-5.22,9.0,0.0,7.0,6.0,10.0,2.0,13.0,5.0,1.0,2.0,1.0,3.0,3.0,6.0,0.0
10172,9.0,0.0,7.0,6.0,10.0,2.0,13.0,5.0,1.0,2.0,1.0,3.0,3.0,6.0,0.0,13.0,-9.655,9.0,0.0,7.0,8.0,1.0,3.0,1.0,6.0,2.0,3.0,2.0,4.0,4.0,7.0,0.0
10173,9.0,0.0,7.0,8.0,1.0,3.0,1.0,6.0,2.0,3.0,2.0,4.0,4.0,7.0,37.0,26.0,-5.77,7.0,0.0,9.0,8.0,2.0,4.0,2.0,7.0,3.0,1.0,3.0,1.0,5.0,8.0,0.0
10174,7.0,0.0,9.0,8.0,2.0,4.0,2.0,7.0,3.0,1.0,3.0,1.0,5.0,8.0,37.0,48.0,-17.495,5.0,0.0,9.0,9.0,3.0,5.0,3.0,8.0,4.0,2.0,4.0,1.0,6.0,1.0,0.0
10175,5.0,0.0,9.0,9.0,3.0,5.0,3.0,8.0,4.0,2.0,4.0,1.0,6.0,1.0,34.0,42.0,-8.66,5.0,0.0,7.0,9.0,4.0,6.0,4.0,9.0,5.0,3.0,1.0,2.0,1.0,2.0,0.0
10176,5.0,0.0,7.0,9.0,4.0,6.0,4.0,9.0,5.0,3.0,1.0,2.0,1.0,2.0,27.0,20.0,-14.44,3.0,0.0,7.0,9.0,5.0,7.0,5.0,10.0,1.0,1.0,2.0,3.0,2.0,3.0,0.0
10177,3.0,0.0,7.0,9.0,5.0,7.0,5.0,10.0,1.0,1.0,2.0,3.0,2.0,3.0,0.0,14.0,-4.52,3.0,0.0,7.0,7.0,1.0,8.0,1.0,11.0,2.0,2.0,3.0,4.0,3.0,4.0,0.0
10178,3.0,0.0,7.0,7.0,1.0,8.0,1.0,11.0,2.0,2.0,3.0,4.0,3.0,4.0,37.0,18.0,-14.715,1.0,0.0,7.0,9.0,2.0,9.0,2.0,1.0,3.0,3.0,4.0,1.0,4.0,5.0,0.0
10179,1.0,0.0,7.0,9.0,2.0,9.0,2.0,1.0,3.0,3.0,4.0,1.0,4.0,5.0,45.0,42.0,-6.135,1.0,0.0,5.0,9.0,3.0,10.0,3.0,2.0,4.0,4.0,5.0,2.0,1.0,1.0,0.0
10180,1.0,0.0,5.0,9.0,3.0,10.0,3.0,2.0,4.0,4.0,5.0,2.0,1.0,1.0,31.0,9.0,-13.54,3.0,0.0,5.0,7.0,4.0,1.0,4.0,3.0,5.0,5.0,1.0,3.0,2.0,2.0,0.0
10181,3.0,0.0,5.0,7.0,4.0,1.0,4.0,3.0,5.0,5.0,1.0,3.0,2.0,2.0,0.0,24.0,-4.1850000000000005,3.0,0.0,5.0,5.0,1.0,2.0,5.0,4.0,1.0,6.0,2.0,4.0,3.0,3.0,0.0
10182,3.0,0.0,5.0,5.0,1.0,2.0,5.0,4.0,1.0,6.0,2.0,4.0,3.0,3.0,0.0,26.0,-4.02,3.0,0.0,7.0,5.0,1.0,3.0,6.0,5.0,2.0,1.0,3.0,5.0,4.0,4.0,0.0
10183,3.0,0.0,7.0,5.0,1.0,3.0,6.0,5.0,2.0,1.0,3.0,5.0,4.0,4.0,0.0,7.0,-6.48,3.0,0.0,5.0,5.0,1.0,1.0,7.0,6.0,3.0,2.0,4.0,6.0,5.0,5.0,0.0
10184,3.0,0.0,5.0,5.0,1.0,1.0,7.0,6.0,3.0,2.0,4.0,6.0,5.0,5.0,0.0,13.0,-4.82,3.0,0.0,5.0,7.0,1.0,2.0,1.0,7.0,4.0,3.0,5.0,7.0,6.0,6.0,0.0
10185,3.0,0.0,5.0,7.0,1.0,2.0,1.0,7.0,4.0,3.0,5.0,7.0,6.0,6.0,37.0,18.0,-12.014999999999997,1.0,0.0,5.0,9.0,2.0,3.0,2.0,1.0,5.0,4.0,6.0,1.0,7.0,7.0,0.0
10186,1.0,0.0,5.0,9.0,2.0,3.0,2.0,1.0,5.0,4.0,6.0,1.0,7.0,7.0,45.0,42.0,-6.035,1.0,0.0,3.0,9.0,3.0,4.0,3.0,2.0,6.0,5.0,7.0,2.0,1.0,1.0,0.0
10187,1.0,0.0,3.0,9.0,3.0,4.0,3.0,2.0,6.0,5.0,7.0,2.0,1.0,1.0,27.0,40.0,-18.68,0.0,0.0,3.0,9.0,4.0,5.0,4.0,3.0,7.0,1.0,8.0,3.0,1.0,2.0,0.0
10188,0.0,0.0,3.0,9.0,4.0,5.0,4.0,3.0,7.0,1.0,8.0,3.0,1.0,2.0,31.0,18.0,-13.774999999999999,2.0,0.0,3.0,9.0,5.0,6.0,5.0,1.0,8.0,2.0,1.0,4.0,2.0,3.0,0.0
10189,2.0,0.0,3.0,9.0,5.0,6.0,5.0,1.0,8.0,2.0,1.0,4.0,2.0,3.0,0.0,40.0,-5.395,2.0,0.0,3.0,9.0,1.0,7.0,6.0,2.0,9.0,3.0,2.0,5.0,1.0,4.0,0.0
10190,2.0,0.0,3.0,9.0,1.0,7.0,6.0,2.0,9.0,3.0,2.0,5.0,1.0,4.0,37.0,13.0,-11.959999999999999,0.0,0.0,3.0,9.0,2.0,8.0,1.0,3.0,10.0,4.0,3.0,1.0,2.0,5.0,0.0
10191,0.0,0.0,3.0,9.0,2.0,8.0,1.0,3.0,10.0,4.0,3.0,1.0,2.0,5.0,8.0,24.0,-14.104999999999999,0.0,2.0,3.0,7.0,3.0,1.0,2.0,4.0,1.0,5.0,4.0,2.0,3.0,6.0,0.0
10192,0.0,2.0,3.0,7.0,3.0,1.0,2.0,4.0,1.0,5.0,4.0,2.0,3.0,6.0,49.0,42.0,-6.92,0.0,0.0,1.0,7.0,4.0,2.0,3.0,5.0,2.0,6.0,5.0,3.0,1.0,1.0,0.0
10193,0.0,0.0,1.0,7.0,4.0,2.0,3.0,5.0,2.0,6.0,5.0,3.0,1.0,1.0,0.0,28.0,-15.134999999999998,0.0,0.0,1.0,9.0,1.0,3.0,4.0,6.0,3.0,1.0,6.0,4.0,2.0,2.0,0.0
10194,0.0,0.0,1.0,9.0,1.0,3.0,4.0,6.0,3.0,1.0,6.0,4.0,2.0,2.0,54.0,18.0,-5.15,0.0,0.0,1.0,9.0,2.0,4.0,5.0,1.0,4.0,2.0,7.0,5.0,3.0,3.0,0.0
10195,0.0,0.0,1.0,9.0,2.0,4.0,5.0,1.0,4.0,2.0,7.0,5.0,3.0,3.0,49.0,18.0,-7.92,0.0,0.0,1.0,9.0,3.0,5.0,6.0,1.0,5.0,3.0,8.0,6.0,4.0,1.0,0.0
10196,0.0,0.0,1.0,9.0,3.0,5.0,6.0,1.0,5.0,3.0,8.0,6.0,4.0,1.0,54.0,40.0,-6.97,0.0,0.0,1.0,9.0,4.0,6.0,7.0,2.0,6.0,4.0,9.0,7.0,1.0,2.0,0.0
10197,0.0,0.0,1.0,9.0,4.0,6.0,7.0,2.0,6.0,4.0,9.0,7.0,1.0,2.0,49.0,18.0,-9.120000000000001,0.0,0.0,1.0,9.0,5.0,7.0,8.0,1.0,7.0,5.0,10.0,8.0,2.0,1.0,0.0
10198,0.0,0.0,1.0,9.0,5.0,7.0,8.0,1.0,7.0,5.0,10.0,8.0,2.0,1.0,45.0,40.0,-10.44,0.0,0.0,1.0,9.0,6.0,8.0,9.0,2.0,8.0,6.0,11.0,9.0,1.0,1.0,0.0
10199,0.0,0.0,1.0,9.0,6.0,8.0,9.0,2.0,8.0,6.0,11.0,9.0,1.0,1.0,45.0,52.0,-9.17,0.0,0.0,0.0,9.0,7.0,9.0,10.0,3.0,9.0,7.0,12.0,10.0,2.0,1.0,1.0
10200,2.0,8.0,9.0,0.0,1.0,1.0,1.0,1.0,1.0,1.0,1.0,1.0,1.0,1.0,42.0,30.0,-4.9,0.0,8.0,9.0,0.0,2.0,2.0,2.0,2.0,2.0,2.0,1.0,2.0,1.0,2.0,0.0
10201,0.0,8.0,9.0,0.0,2.0,2.0,2.0,2.0,2.0,2.0,1.0,2.0,1.0,2.0,24.0,7.0,-11.08,0.0,6.0,7.0,0.0,3.0,1.0,3.0,3.0,1.0,3.0,2.0,3.0,2.0,3.0,0.0
10202,0.0,6.0,7.0,0.0,3.0,1.0,3.0,3.0,1.0,3.0,2.0,3.0,2.0,3.0,42.0,7.0,-7.285,0.0,6.0,5.0,0.0,4.0,1.0,4.0,4.0,2.0,4.0,3.0,4.0,1.0,4.0,0.0
10203,0.0,6.0,5.0,0.0,4.0,1.0,4.0,4.0,2.0,4.0,3.0,4.0,1.0,4.0,42.0,7.0,-9.945,0.0,6.0,3.0,0.0,5.0,1.0,5.0,5.0,3.0,5.0,4.0,5.0,1.0,5.0,0.0
10204,0.0,6.0,3.0,0.0,5.0,1.0,5.0,5.0,3.0,5.0,4.0,5.0,1.0,5.0,49.0,7.0,-11.585,0.0,4.0,1.0,0.0,6.0,1.0,6.0,6.0,4.0,6.0,5.0,6.0,2.0,1.0,0.0
10205,0.0,4.0,1.0,0.0,6.0,1.0,6.0,6.0,4.0,6.0,5.0,6.0,2.0,1.0,18.0,39.0,-8.594999999999999,0.0,6.0,1.0,0.0,7.0,2.0,7.0,1.0,5.0,7.0,6.0,1.0,3.0,2.0,0.0
10206,0.0,6.0,1.0,0.0,7.0,2.0,7.0,1.0,5.0,7.0,6.0,1.0,3.0,2.0,49.0,32.0,-18.095000000000002,0.0,4.0,0.0,0.0,8.0,3.0,8.0,2.0,6.0,8.0,1.0,2.0,4.0,1.0,0.0
10207,0.0,4.0,0.0,0.0,8.0,3.0,8.0,2.0,6.0,8.0,1.0,2.0,4.0,1.0,18.0,4.0,-6.3149999999999995,0.0,6.0,0.0,0.0,1.0,4.0,9.0,1.0,7.0,9.0,2.0,3.0,5.0,2.0,0.0
10208,0.0,6.0,0.0,0.0,1.0,4.0,9.0,1.0,7.0,9.0,2.0,3.0,5.0,2.0,10.0,13.0,-19.9,0.0,6.0,0.0,2.0,2.0,5.0,1.0,2.0,8.0,10.0,3.0,4.0,6.0,3.0,0.0
10209,0.0,6.0,0.0,2.0,2.0,5.0,1.0,2.0,8.0,10.0,3.0,4.0,6.0,3.0,31.0,0.0,-18.23,2.0,6.0,0.0,2.0,1.0,6.0,2.0,3.0,9.0,11.0,1.0,5.0,7.0,4.0,0.0
10210,2.0,6.0,0.0,2.0,1.0,6.0,2.0,3.0,9.0,11.0,1.0,5.0,7.0,4.0,24.0,0.0,-10.79,2.0,4.0,0.0,2.0,1.0,7.0,3.0,4.0,1.0,12.0,2.0,6.0,8.0,5.0,0.0
10211,2.0,4.0,0.0,2.0,1.0,7.0,3.0,4.0,1.0,12.0,2.0,6.0,8.0,5.0,44.0,0.0,-11.355,2.0,2.0,0.0,2.0,1.0,8.0,4.0,5.0,2.0,13.0,3.0,7.0,1.0,6.0,0.0
10212,2.0,2.0,0.0,2.0,1.0,8.0,4.0,5.0,2.0,13.0,3.0,7.0,1.0,6.0,26.0,45.0,-9.059999999999999,4.0,2.0,0.0,2.0,2.0,9.0,5.0,6.0,3.0,1.0,4.0,8.0,2.0,1.0,0.0
10213,4.0,2.0,0.0,2.0,2.0,9.0,5.0,6.0,3.0,1.0,4.0,8.0,2.0,1.0,37.0,18.0,-7.42,2.0,2.0,0.0,4.0,3.0,10.0,6.0,1.0,4.0,2.0,5.0,1.0,3.0,2.0,0.0
10214,2.0,2.0,0.0,4.0,3.0,10.0,6.0,1.0,4.0,2.0,5.0,1.0,3.0,2.0,49.0,42.0,-9.78,2.0,0.0,0.0,4.0,4.0,11.0,7.0,2.0,5.0,3.0,6.0,2.0,1.0,1.0,0.0
10215,2.0,0.0,0.0,4.0,4.0,11.0,7.0,2.0,5.0,3.0,6.0,2.0,1.0,1.0,6.0,42.0,-10.2,4.0,0.0,0.0,4.0,5.0,1.0,8.0,3.0,6.0,4.0,7.0,3.0,1.0,2.0,0.0
10216,4.0,0.0,0.0,4.0,5.0,1.0,8.0,3.0,6.0,4.0,7.0,3.0,1.0,2.0,2.0,52.0,-4.965,2.0,0.0,0.0,4.0,1.0,2.0,9.0,4.0,7.0,5.0,8.0,4.0,2.0,3.0,0.0
10217,2.0,0.0,0.0,4.0,1.0,2.0,9.0,4.0,7.0,5.0,8.0,4.0,2.0,3.0,42.0,13.0,-20.519999999999996,0.0,0.0,0.0,6.0,2.0,3.0,1.0,5.0,8.0,6.0,9.0,5.0,1.0,4.0,0.0
10218,0.0,0.0,0.0,6.0,2.0,3.0,1.0,5.0,8.0,6.0,9.0,5.0,1.0,4.0,8.0,39.0,-19.48,0.0,2.0,0.0,4.0,3.0,1.0,2.0,6.0,9.0,7.0,10.0,1.0,2.0,5.0,0.0
10219,0.0,2.0,0.0,4.0,3.0,1.0,2.0,6.0,9.0,7.0,10.0,1.0,2.0,5.0,42.0,48.0,-13.58,0.0,2.0,0.0,6.0,4.0,2.0,3.0,7.0,10.0,8.0,11.0,2.0,1.0,1.0,0.0
10220,0.0,2.0,0.0,6.0,4.0,2.0,3.0,7.0,10.0,8.0,11.0,2.0,1.0,1.0,42.0,28.0,-22.979999999999997,0.0,2.0,0.0,8.0,5.0,3.0,4.0,8.0,11.0,1.0,12.0,3.0,1.0,2.0,0.0
10221,0.0,2.0,0.0,8.0,5.0,3.0,4.0,8.0,11.0,1.0,12.0,3.0,1.0,2.0,42.0,18.0,-13.315,0.0,2.0,0.0,9.0,6.0,4.0,5.0,1.0,12.0,2.0,13.0,4.0,1.0,3.0,0.0
10222,0.0,2.0,0.0,9.0,6.0,4.0,5.0,1.0,12.0,2.0,13.0,4.0,1.0,3.0,45.0,4.0,-13.260000000000002,0.0,2.0,0.0,7.0,1.0,5.0,6.0,2.0,13.0,3.0,14.0,5.0,2.0,1.0,0.0
10223,0.0,2.0,0.0,7.0,1.0,5.0,6.0,2.0,13.0,3.0,14.0,5.0,2.0,1.0,54.0,18.0,-7.705,0.0,0.0,0.0,9.0,2.0,6.0,7.0,1.0,14.0,4.0,15.0,6.0,3.0,2.0,0.0
10224,0.0,0.0,0.0,9.0,2.0,6.0,7.0,1.0,14.0,4.0,15.0,6.0,3.0,2.0,54.0,39.0,-17.714999999999996,0.0,0.0,0.0,7.0,3.0,7.0,8.0,2.0,15.0,5.0,16.0,1.0,4.0,3.0,0.0
10225,0.0,0.0,0.0,7.0,3.0,7.0,8.0,2.0,15.0,5.0,16.0,1.0,4.0,3.0,8.0,24.0,-20.7,0.0,2.0,0.0,5.0,4.0,1.0,9.0,3.0,1.0,6.0,17.0,2.0,5.0,4.0,0.0
10226,0.0,2.0,0.0,5.0,4.0,1.0,9.0,3.0,1.0,6.0,17.0,2.0,5.0,4.0,33.0,32.0,-33.794999999999995,0.0,4.0,0.0,5.0,5.0,2.0,10.0,4.0,2.0,7.0,1.0,3.0,6.0,5.0,0.0
10227,0.0,4.0,0.0,5.0,5.0,2.0,10.0,4.0,2.0,7.0,1.0,3.0,6.0,5.0,49.0,13.0,-10.665,0.0,2.0,0.0,7.0,6.0,3.0,1.0,5.0,3.0,8.0,2.0,4.0,7.0,1.0,0.0
10228,0.0,2.0,0.0,7.0,6.0,3.0,1.0,5.0,3.0,8.0,2.0,4.0,7.0,1.0,18.0,17.0,-5.895,0.0,4.0,0.0,7.0,7.0,4.0,2.0,1.0,4.0,9.0,3.0,5.0,8.0,2.0,0.0
10229,0.0,4.0,0.0,7.0,7.0,4.0,2.0,1.0,4.0,9.0,3.0,5.0,8.0,2.0,18.0,40.0,-7.545,0.0,6.0,0.0,7.0,8.0,5.0,3.0,1.0,5.0,10.0,4.0,6.0,1.0,3.0,0.0
10230,0.0,6.0,0.0,7.0,8.0,5.0,3.0,1.0,5.0,10.0,4.0,6.0,1.0,3.0,3.0,28.0,-25.499999999999996,0.0,8.0,0.0,9.0,1.0,6.0,4.0,2.0,6.0,1.0,5.0,7.0,2.0,4.0,0.0
10231,0.0,8.0,0.0,9.0,1.0,6.0,4.0,2.0,6.0,1.0,5.0,7.0,2.0,4.0,45.0,18.0,-10.555,0.0,8.0,0.0,9.0,2.0,7.0,5.0,1.0,7.0,2.0,6.0,8.0,3.0,1.0,0.0
10232,0.0,8.0,0.0,9.0,2.0,7.0,5.0,1.0,7.0,2.0,6.0,8.0,3.0,1.0,20.0,40.0,-16.599999999999998,0.0,8.0,0.0,9.0,3.0,8.0,6.0,2.0,1.0,3.0,7.0,9.0,1.0,2.0,0.0
10233,0.0,8.0,0.0,9.0,3.0,8.0,6.0,2.0,1.0,3.0,7.0,9.0,1.0,2.0,49.0,14.0,-12.305,0.0,6.0,0.0,7.0,4.0,9.0,1.0,3.0,2.0,4.0,8.0,10.0,2.0,1.0,0.0
10234,0.0,6.0,0.0,7.0,4.0,9.0,1.0,3.0,2.0,4.0,8.0,10.0,2.0,1.0,44.0,39.0,-16.445,0.0,4.0,0.0,5.0,5.0,10.0,2.0,4.0,3.0,5.0,9.0,1.0,1.0,2.0,0.0
10235,0.0,4.0,0.0,5.0,5.0,10.0,2.0,4.0,3.0,5.0,9.0,1.0,1.0,2.0,49.0,52.0,-5.93,0.0,2.0,0.0,5.0,6.0,11.0,3.0,5.0,4.0,6.0,10.0,2.0,2.0,1.0,0.0
10236,0.0,2.0,0.0,5.0,6.0,11.0,3.0,5.0,4.0,6.0,10.0,2.0,2.0,1.0,49.0,4.0,-9.64,0.0,0.0,0.0,3.0,1.0,12.0,4.0,6.0,5.0,7.0,11.0,3.0,3.0,1.0,0.0
10237,0.0,0.0,0.0,3.0,1.0,12.0,4.0,6.0,5.0,7.0,11.0,3.0,3.0,1.0,8.0,9.0,-20.755000000000003,0.0,2.0,0.0,1.0,2.0,1.0,5.0,7.0,6.0,8.0,12.0,4.0,4.0,2.0,0.0
10238,0.0,2.0,0.0,1.0,2.0,1.0,5.0,7.0,6.0,8.0,12.0,4.0,4.0,2.0,19.0,32.0,-22.8,0.0,0.0,0.0,1.0,3.0,2.0,6.0,1.0,7.0,9.0,1.0,5.0,5.0,3.0,0.0
10239,0.0,0.0,0.0,1.0,3.0,2.0,6.0,1.0,7.0,9.0,1.0,5.0,5.0,3.0,21.0,24.0,-24.03,2.0,0.0,0.0,0.0,4.0,3.0,7.0,2.0,1.0,10.0,2.0,6.0,6.0,4.0,0.0
10240,2.0,0.0,0.0,0.0,4.0,3.0,7.0,2.0,1.0,10.0,2.0,6.0,6.0,4.0,45.0,38.0,-11.94,2.0,0.0,0.0,2.0,5.0,4.0,8.0,3.0,2.0,11.0,3.0,1.0,7.0,1.0,0.0
10241,2.0,0.0,0.0,2.0,5.0,4.0,8.0,3.0,2.0,11.0,3.0,1.0,7.0,1.0,28.0,40.0,-17.34,2.0,2.0,0.0,2.0,6.0,5.0,9.0,4.0,3.0,1.0,4.0,2.0,1.0,2.0,0.0
10242,2.0,2.0,0.0,2.0,6.0,5.0,9.0,4.0,3.0,1.0,4.0,2.0,1.0,2.0,12.0,13.0,-20.54,0.0,2.0,0.0,4.0,7.0,6.0,1.0,5.0,4.0,2.0,5.0,3.0,2.0,3.0,0.0
10243,0.0,2.0,0.0,4.0,7.0,6.0,1.0,5.0,4.0,2.0,5.0,3.0,2.0,3.0,19.0,18.0,-10.5,0.0,0.0,0.0,6.0,8.0,7.0,2.0,1.0,5.0,3.0,6.0,4.0,3.0,4.0,0.0
10244,0.0,0.0,0.0,6.0,8.0,7.0,2.0,1.0,5.0,3.0,6.0,4.0,3.0,4.0,45.0,40.0,-9.559999999999999,0.0,0.0,0.0,6.0,9.0,8.0,3.0,2.0,6.0,4.0,7.0,5.0,1.0,1.0,0.0
10245,0.0,0.0,0.0,6.0,9.0,8.0,3.0,2.0,6.0,4.0,7.0,5.0,1.0,1.0,45.0,4.0,-9.715,0.0,0.0,0.0,4.0,1.0,9.0,4.0,3.0,7.0,5.0,8.0,6.0,2.0,1.0,0.0
10246,0.0,0.0,0.0,4.0,1.0,9.0,4.0,3.0,7.0,5.0,8.0,6.0,2.0,1.0,19.0,39.0,-16.48,0.0,0.0,0.0,2.0,2.0,10.0,5.0,1.0,8.0,6.0,9.0,1.0,3.0,2.0,0.0
10247,0.0,0.0,0.0,2.0,2.0,10.0,5.0,1.0,8.0,6.0,9.0,1.0,3.0,2.0,8.0,24.0,-23.275,0.0,2.0,0.0,0.0,3.0,1.0,6.0,2.0,1.0,7.0,10.0,2.0,4.0,3.0,0.0
10248,0.0,2.0,0.0,0.0,3.0,1.0,6.0,2.0,1.0,7.0,10.0,2.0,4.0,3.0,19.0,32.0,-22.455000000000002,0.0,0.0,0.0,0.0,4.0,2.0,7.0,1.0,2.0,8.0,1.0,3.0,5.0,4.0,0.0
10249,0.0,0.0,0.0,0.0,4.0,2.0,7.0,1.0,2.0,8.0,1.0,3.0,5.0,4.0,45.0,38.0,-12.059999999999999,0.0,0.0,0.0,2.0,5.0,3.0,8.0,2.0,3.0,9.0,2.0,1.0,6.0,1.0,0.0
10250,0.0,0.0,0.0,2.0,5.0,3.0,8.0,2.0,3.0,9.0,2.0,1.0,6.0,1.0,19.0,13.0,-17.02,0.0,0.0,0.0,4.0,6.0,4.0,1.0,1.0,4.0,10.0,3.0,2.0,7.0,2.0,0.0
10251,0.0,0.0,0.0,4.0,6.0,4.0,1.0,1.0,4.0,10.0,3.0,2.0,7.0,2.0,18.0,40.0,-11.02,0.0,2.0,0.0,4.0,7.0,5.0,2.0,1.0,5.0,11.0,4.0,3.0,1.0,3.0,0.0
10252,0.0,2.0,0.0,4.0,7.0,5.0,2.0,1.0,5.0,11.0,4.0,3.0,1.0,3.0,19.0,28.0,-20.119999999999997,0.0,0.0,0.0,6.0,8.0,6.0,3.0,1.0,6.0,1.0,5.0,4.0,2.0,4.0,0.0
10253,0.0,0.0,0.0,6.0,8.0,6.0,3.0,1.0,6.0,1.0,5.0,4.0,2.0,4.0,4.0,40.0,-8.495000000000001,0.0,0.0,0.0,6.0,1.0,7.0,4.0,2.0,7.0,2.0,6.0,5.0,1.0,5.0,0.0
10254,0.0,0.0,0.0,6.0,1.0,7.0,4.0,2.0,7.0,2.0,6.0,5.0,1.0,5.0,19.0,21.0,-14.174999999999999,0.0,0.0,2.0,6.0,2.0,8.0,5.0,1.0,1.0,3.0,7.0,6.0,2.0,6.0,0.0
10255,0.0,0.0,2.0,6.0,2.0,8.0,5.0,1.0,1.0,3.0,7.0,6.0,2.0,6.0,49.0,14.0,-10.2,0.0,0.0,2.0,4.0,3.0,9.0,1.0,2.0,2.0,4.0,8.0,7.0,3.0,1.0,0.0
10256,0.0,0.0,2.0,4.0,3.0,9.0,1.0,2.0,2.0,4.0,8.0,7.0,3.0,1.0,19.0,34.0,-17.795,0.0,0.0,2.0,2.0,4.0,10.0,2.0,1.0,3.0,5.0,1.0,8.0,4.0,2.0,0.0
10257,0.0,0.0,2.0,2.0,4.0,10.0,2.0,1.0,3.0,5.0,1.0,8.0,4.0,2.0,39.0,9.0,-13.739999999999998,0.0,0.0,2.0,0.0,5.0,1.0,3.0,2.0,4.0,6.0,2.0,1.0,5.0,3.0,0.0
10258,0.0,0.0,2.0,0.0,5.0,1.0,3.0,2.0,4.0,6.0,2.0,1.0,5.0,3.0,19.0,34.0,-17.595,0.0,0.0,2.0,0.0,6.0,2.0,4.0,1.0,5.0,7.0,1.0,2.0,6.0,4.0,0.0
10259,0.0,0.0,2.0,0.0,6.0,2.0,4.0,1.0,5.0,7.0,1.0,2.0,6.0,4.0,21.0,0.0,-12.07,2.0,0.0,2.0,0.0,1.0,3.0,5.0,2.0,1.0,8.0,2.0,3.0,7.0,5.0,0.0
10260,2.0,0.0,2.0,0.0,1.0,3.0,5.0,2.0,1.0,8.0,2.0,3.0,7.0,5.0,10.0,0.0,-14.794999999999998,2.0,0.0,2.0,0.0,1.0,4.0,1.0,3.0,2.0,9.0,3.0,4.0,8.0,6.0,0.0
10261,2.0,0.0,2.0,0.0,1.0,4.0,1.0,3.0,2.0,9.0,3.0,4.0,8.0,6.0,19.0,0.0,-11.055,2.0,0.0,2.0,0.0,1.0,5.0,2.0,1.0,3.0,10.0,4.0,5.0,9.0,7.0,0.0
10262,2.0,0.0,2.0,0.0,1.0,5.0,2.0,1.0,3.0,10.0,4.0,5.0,9.0,7.0,10.0,0.0,-16.095,2.0,0.0,2.0,0.0,1.0,6.0,1.0,2.0,4.0,11.0,5.0,6.0,10.0,8.0,0.0
10263,2.0,0.0,2.0,0.0,1.0,6.0,1.0,2.0,4.0,11.0,5.0,6.0,10.0,8.0,19.0,0.0,-12.454999999999998,2.0,0.0,2.0,0.0,1.0,7.0,2.0,1.0,5.0,12.0,6.0,7.0,11.0,9.0,0.0
10264,2.0,0.0,2.0,0.0,1.0,7.0,2.0,1.0,5.0,12.0,6.0,7.0,11.0,9.0,10.0,0.0,-17.494999999999997,2.0,0.0,2.0,0.0,1.0,8.0,1.0,2.0,6.0,13.0,7.0,8.0,12.0,10.0,0.0
10265,2.0,0.0,2.0,0.0,1.0,8.0,1.0,2.0,6.0,13.0,7.0,8.0,12.0,10.0,19.0,0.0,-13.855,2.0,0.0,2.0,0.0,1.0,9.0,2.0,1.0,7.0,14.0,8.0,9.0,13.0,11.0,0.0
10266,2.0,0.0,2.0,0.0,1.0,9.0,2.0,1.0,7.0,14.0,8.0,9.0,13.0,11.0,37.0,0.0,-13.855,0.0,0.0,2.0,0.0,1.0,10.0,3.0,2.0,8.0,15.0,9.0,1.0,14.0,12.0,0.0
10267,0.0,0.0,2.0,0.0,1.0,10.0,3.0,2.0,8.0,15.0,9.0,1.0,14.0,12.0,19.0,8.0,-17.22,0.0,0.0,2.0,2.0,2.0,1.0,4.0,1.0,9.0,16.0,10.0,2.0,15.0,13.0,0.0
10268,0.0,0.0,2.0,2.0,2.0,1.0,4.0,1.0,9.0,16.0,10.0,2.0,15.0,13.0,10.0,44.0,-28.1,0.0,0.0,2.0,0.0,3.0,2.0,1.0,2.0,10.0,17.0,11.0,3.0,1.0,14.0,0.0
10269,0.0,0.0,2.0,0.0,3.0,2.0,1.0,2.0,10.0,17.0,11.0,3.0,1.0,14.0,8.0,49.0,-15.100000000000001,0.0,2.0,2.0,0.0,4.0,1.0,2.0,3.0,11.0,18.0,12.0,4.0,2.0,1.0,0.0
10270,0.0,2.0,2.0,0.0,4.0,1.0,2.0,3.0,11.0,18.0,12.0,4.0,2.0,1.0,19.0,21.0,-16.715000000000003,0.0,0.0,4.0,0.0,5.0,2.0,3.0,1.0,1.0,19.0,13.0,5.0,3.0,2.0,0.0
10271,0.0,0.0,4.0,0.0,5.0,2.0,3.0,1.0,1.0,19.0,13.0,5.0,3.0,2.0,29.0,32.0,-25.055,0.0,0.0,2.0,0.0,6.0,3.0,4.0,2.0,2.0,1.0,1.0,6.0,4.0,3.0,0.0
10272,0.0,0.0,2.0,0.0,6.0,3.0,4.0,2.0,2.0,1.0,1.0,6.0,4.0,3.0,4.0,34.0,-13.11,0.0,0.0,2.0,0.0,1.0,4.0,5.0,3.0,3.0,2.0,1.0,7.0,5.0,4.0,0.0
10273,0.0,0.0,2.0,0.0,1.0,4.0,5.0,3.0,3.0,2.0,1.0,7.0,5.0,4.0,19.0,36.0,-10.32,0.0,0.0,4.0,0.0,2.0,5.0,6.0,1.0,4.0,3.0,2.0,1.0,6.0,5.0,0.0
10274,0.0,0.0,4.0,0.0,2.0,5.0,6.0,1.0,4.0,3.0,2.0,1.0,6.0,5.0,10.0,34.0,-21.215,0.0,0.0,4.0,0.0,3.0,6.0,1.0,2.0,5.0,4.0,1.0,2.0,7.0,6.0,0.0
10275,0.0,0.0,4.0,0.0,3.0,6.0,1.0,2.0,5.0,4.0,1.0,2.0,7.0,6.0,19.0,8.0,-11.34,0.0,0.0,4.0,2.0,4.0,1.0,2.0,1.0,6.0,5.0,2.0,3.0,8.0,7.0,0.0
10276,0.0,0.0,4.0,2.0,4.0,1.0,2.0,1.0,6.0,5.0,2.0,3.0,8.0,7.0,19.0,44.0,-17.64,0.0,0.0,4.0,0.0,5.0,2.0,3.0,1.0,7.0,6.0,3.0,4.0,1.0,8.0,0.0
10277,0.0,0.0,4.0,0.0,5.0,2.0,3.0,1.0,7.0,6.0,3.0,4.0,1.0,8.0,21.0,34.0,-16.09,2.0,0.0,4.0,0.0,6.0,3.0,4.0,2.0,1.0,7.0,1.0,5.0,2.0,9.0,0.0
10278,2.0,0.0,4.0,0.0,6.0,3.0,4.0,2.0,1.0,7.0,1.0,5.0,2.0,9.0,37.0,38.0,-11.32,0.0,0.0,4.0,2.0,7.0,4.0,5.0,3.0,2.0,8.0,2.0,1.0,3.0,10.0,0.0
10279,0.0,0.0,4.0,2.0,7.0,4.0,5.0,3.0,2.0,8.0,2.0,1.0,3.0,10.0,45.0,49.0,-8.84,0.0,0.0,4.0,0.0,8.0,5.0,6.0,4.0,3.0,9.0,3.0,2.0,4.0,1.0,0.0
10280,0.0,0.0,4.0,0.0,8.0,5.0,6.0,4.0,3.0,9.0,3.0,2.0,4.0,1.0,19.0,34.0,-14.875,0.0,0.0,4.0,0.0,9.0,6.0,7.0,1.0,4.0,10.0,1.0,3.0,5.0,2.0,0.0
10281,0.0,0.0,4.0,0.0,9.0,6.0,7.0,1.0,4.0,10.0,1.0,3.0,5.0,2.0,44.0,34.0,-19.615,0.0,0.0,4.0,0.0,10.0,7.0,8.0,2.0,5.0,11.0,1.0,4.0,1.0,3.0,0.0
10282,0.0,0.0,4.0,0.0,10.0,7.0,8.0,2.0,5.0,11.0,1.0,4.0,1.0,3.0,44.0,34.0,-20.415,0.0,0.0,4.0,0.0,11.0,8.0,9.0,3.0,6.0,12.0,1.0,5.0,1.0,4.0,0.0
10283,0.0,0.0,4.0,0.0,11.0,8.0,9.0,3.0,6.0,12.0,1.0,5.0,1.0,4.0,44.0,34.0,-21.214999999999996,0.0,0.0,4.0,0.0,12.0,9.0,10.0,4.0,7.0,13.0,1.0,6.0,1.0,5.0,0.0
10284,0.0,0.0,4.0,0.0,12.0,9.0,10.0,4.0,7.0,13.0,1.0,6.0,1.0,5.0,44.0,31.0,-19.534999999999997,0.0,0.0,6.0,0.0,13.0,10.0,11.0,5.0,8.0,14.0,1.0,7.0,1.0,6.0,0.0
10285,0.0,0.0,6.0,0.0,13.0,10.0,11.0,5.0,8.0,14.0,1.0,7.0,1.0,6.0,21.0,34.0,-17.31,2.0,0.0,6.0,0.0,14.0,11.0,12.0,6.0,1.0,15.0,1.0,8.0,2.0,7.0,0.0
10286,2.0,0.0,6.0,0.0,14.0,11.0,12.0,6.0,1.0,15.0,1.0,8.0,2.0,7.0,29.0,38.0,-16.32,2.0,0.0,6.0,2.0,15.0,12.0,13.0,7.0,2.0,1.0,2.0,1.0,3.0,8.0,0.0
10287,2.0,0.0,6.0,2.0,15.0,12.0,13.0,7.0,2.0,1.0,2.0,1.0,3.0,8.0,14.0,34.0,-17.835,2.0,0.0,6.0,0.0,16.0,13.0,1.0,8.0,3.0,2.0,1.0,2.0,4.0,9.0,0.0
10288,2.0,0.0,6.0,0.0,16.0,13.0,1.0,8.0,3.0,2.0,1.0,2.0,4.0,9.0,44.0,34.0,-16.475,2.0,0.0,6.0,0.0,17.0,14.0,2.0,9.0,4.0,3.0,1.0,3.0,1.0,10.0,0.0
10289,2.0,0.0,6.0,0.0,17.0,14.0,2.0,9.0,4.0,3.0,1.0,3.0,1.0,10.0,44.0,34.0,-17.275,2.0,0.0,6.0,0.0,18.0,15.0,3.0,10.0,5.0,4.0,1.0,4.0,1.0,11.0,0.0
10290,2.0,0.0,6.0,0.0,18.0,15.0,3.0,10.0,5.0,4.0,1.0,4.0,1.0,11.0,44.0,34.0,-18.075,2.0,0.0,6.0,0.0,19.0,16.0,4.0,11.0,6.0,5.0,1.0,5.0,1.0,12.0,0.0
10291,2.0,0.0,6.0,0.0,19.0,16.0,4.0,11.0,6.0,5.0,1.0,5.0,1.0,12.0,16.0,34.0,-16.635,4.0,0.0,6.0,0.0,20.0,17.0,5.0,1.0,7.0,6.0,1.0,6.0,2.0,13.0,0.0
10292,4.0,0.0,6.0,0.0,20.0,17.0,5.0,1.0,7.0,6.0,1.0,6.0,2.0,13.0,37.0,34.0,-12.594999999999999,2.0,0.0,6.0,0.0,21.0,18.0,6.0,2.0,8.0,7.0,1.0,1.0,3.0,14.0,0.0
10293,2.0,0.0,6.0,0.0,21.0,18.0,6.0,2.0,8.0,7.0,1.0,1.0,3.0,14.0,44.0,34.0,-18.775,2.0,0.0,6.0,0.0,22.0,19.0,7.0,3.0,9.0,8.0,1.0,2.0,1.0,15.0,0.0
10294,2.0,0.0,6.0,0.0,22.0,19.0,7.0,3.0,9.0,8.0,1.0,2.0,1.0,15.0,44.0,49.0,-20.5,2.0,0.0,6.0,0.0,23.0,20.0,8.0,4.0,10.0,9.0,2.0,3.0,1.0,1.0,0.0
10295,2.0,0.0,6.0,0.0,23.0,20.0,8.0,4.0,10.0,9.0,2.0,3.0,1.0,1.0,29.0,34.0,-19.314999999999998,2.0,0.0,6.0,0.0,24.0,21.0,9.0,5.0,11.0,1.0,1.0,4.0,2.0,2.0,0.0
10296,2.0,0.0,6.0,0.0,24.0,21.0,9.0,5.0,11.0,1.0,1.0,4.0,2.0,2.0,1.0,34.0,-8.67,4.0,0.0,6.0,0.0,1.0,22.0,10.0,6.0,12.0,2.0,1.0,5.0,3.0,3.0,0.0
10297,4.0,0.0,6.0,0.0,1.0,22.0,10.0,6.0,12.0,2.0,1.0,5.0,3.0,3.0,7.0,9.0,-10.879999999999999,2.0,0.0,6.0,0.0,2.0,1.0,11.0,7.0,13.0,3.0,2.0,6.0,4.0,4.0,0.0
10298,2.0,0.0,6.0,0.0,2.0,1.0,11.0,7.0,13.0,3.0,2.0,6.0,4.0,4.0,21.0,24.0,-14.61,4.0,0.0,6.0,0.0,3.0,2.0,12.0,8.0,1.0,4.0,3.0,7.0,5.0,5.0,0.0
10299,4.0,0.0,6.0,0.0,3.0,2.0,12.0,8.0,1.0,4.0,3.0,7.0,5.0,5.0,14.0,32.0,-17.055,4.0,0.0,4.0,0.0,4.0,3.0,1.0,9.0,2.0,5.0,1.0,8.0,6.0,6.0,1.0
10300,8.0,2.0,9.0,3.0,1.0,1.0,1.0,1.0,1.0,1.0,1.0,1.0,1.0,1.0,37.0,24.0,-5.364999999999999,6.0,2.0,9.0,1.0,2.0,2.0,2.0,2.0,1.0,2.0,2.0,1.0,2.0,2.0,0.0
10301,6.0,2.0,9.0,1.0,2.0,2.0,2.0,2.0,1.0,2.0,2.0,1.0,2.0,2.0,29.0,34.0,-7.359999999999999,6.0,0.0,9.0,0.0,3.0,3.0,3.0,3.0,2.0,1.0,1.0,2.0,3.0,3.0,0.0
10302,6.0,0.0,9.0,0.0,3.0,3.0,3.0,3.0,2.0,1.0,1.0,2.0,3.0,3.0,37.0,34.0,-4.34,4.0,0.0,9.0,0.0,4.0,4.0,4.0,4.0,3.0,2.0,1.0,1.0,4.0,4.0,0.0
10303,4.0,0.0,9.0,0.0,4.0,4.0,4.0,4.0,3.0,2.0,1.0,1.0,4.0,4.0,7.0,34.0,-8.559999999999999,2.0,0.0,9.0,0.0,5.0,1.0,5.0,5.0,4.0,3.0,1.0,2.0,5.0,5.0,0.0
10304,2.0,0.0,9.0,0.0,5.0,1.0,5.0,5.0,4.0,3.0,1.0,2.0,5.0,5.0,45.0,34.0,-5.86,2.0,0.0,9.0,0.0,6.0,2.0,6.0,6.0,5.0,4.0,1.0,3.0,6.0,1.0,0.0
10305,2.0,0.0,9.0,0.0,6.0,2.0,6.0,6.0,5.0,4.0,1.0,3.0,6.0,1.0,2.0,34.0,-6.3149999999999995,0.0,0.0,9.0,0.0,1.0,3.0,7.0,7.0,6.0,5.0,1.0,4.0,7.0,2.0,0.0
10306,0.0,0.0,9.0,0.0,1.0,3.0,7.0,7.0,6.0,5.0,1.0,4.0,7.0,2.0,19.0,24.0,-14.54,0.0,0.0,9.0,0.0,2.0,4.0,8.0,1.0,1.0,6.0,2.0,5.0,8.0,3.0,0.0
10307,0.0,0.0,9.0,0.0,2.0,4.0,8.0,1.0,1.0,6.0,2.0,5.0,8.0,3.0,36.0,32.0,-8.02,2.0,0.0,7.0,0.0,3.0,5.0,9.0,2.0,2.0,7.0,1.0,1.0,9.0,4.0,0.0
10308,2.0,0.0,7.0,0.0,3.0,5.0,9.0,2.0,2.0,7.0,1.0,1.0,9.0,4.0,10.0,24.0,-18.459999999999997,2.0,0.0,7.0,0.0,4.0,6.0,1.0,3.0,1.0,8.0,2.0,2.0,10.0,5.0,0.0
10309,2.0,0.0,7.0,0.0,4.0,6.0,1.0,3.0,1.0,8.0,2.0,2.0,10.0,5.0,7.0,9.0,-13.745,0.0,0.0,7.0,0.0,5.0,1.0,2.0,4.0,2.0,9.0,3.0,3.0,11.0,6.0,0.0
10310,0.0,0.0,7.0,0.0,5.0,1.0,2.0,4.0,2.0,9.0,3.0,3.0,11.0,6.0,50.0,32.0,-8.09,0.0,0.0,5.0,0.0,6.0,2.0,3.0,5.0,3.0,10.0,1.0,4.0,12.0,7.0,0.0
10311,0.0,0.0,5.0,0.0,6.0,2.0,3.0,5.0,3.0,10.0,1.0,4.0,12.0,7.0,45.0,44.0,-14.475,0.0,0.0,5.0,0.0,7.0,3.0,4.0,6.0,4.0,11.0,2.0,5.0,1.0,1.0,0.0
10312,0.0,0.0,5.0,0.0,7.0,3.0,4.0,6.0,4.0,11.0,2.0,5.0,1.0,1.0,29.0,32.0,-23.939999999999998,0.0,0.0,3.0,0.0,8.0,4.0,5.0,7.0,5.0,1.0,1.0,6.0,2.0,2.0,0.0
10313,0.0,0.0,3.0,0.0,8.0,4.0,5.0,7.0,5.0,1.0,1.0,6.0,2.0,2.0,19.0,34.0,-16.08,0.0,0.0,3.0,0.0,9.0,5.0,6.0,1.0,6.0,2.0,1.0,7.0,3.0,3.0,0.0
10314,0.0,0.0,3.0,0.0,9.0,5.0,6.0,1.0,6.0,2.0,1.0,7.0,3.0,3.0,50.0,34.0,-11.09,0.0,0.0,3.0,0.0,10.0,6.0,7.0,2.0,7.0,3.0,1.0,8.0,4.0,4.0,0.0
10315,0.0,0.0,3.0,0.0,10.0,6.0,7.0,2.0,7.0,3.0,1.0,8.0,4.0,4.0,50.0,34.0,-11.989999999999998,0.0,0.0,3.0,0.0,11.0,7.0,8.0,3.0,8.0,4.0,1.0,9.0,5.0,5.0,0.0
10316,0.0,0.0,3.0,0.0,11.0,7.0,8.0,3.0,8.0,4.0,1.0,9.0,5.0,5.0,50.0,34.0,-12.89,0.0,0.0,3.0,0.0,12.0,8.0,9.0,4.0,9.0,5.0,1.0,10.0,6.0,6.0,0.0
10317,0.0,0.0,3.0,0.0,12.0,8.0,9.0,4.0,9.0,5.0,1.0,10.0,6.0,6.0,50.0,34.0,-13.79,0.0,0.0,3.0,0.0,13.0,9.0,10.0,5.0,10.0,6.0,1.0,11.0,7.0,7.0,0.0
10318,0.0,0.0,3.0,0.0,13.0,9.0,10.0,5.0,10.0,6.0,1.0,11.0,7.0,7.0,50.0,34.0,-14.690000000000001,0.0,0.0,3.0,0.0,14.0,10.0,11.0,6.0,11.0,7.0,1.0,12.0,8.0,8.0,0.0
10319,0.0,0.0,3.0,0.0,14.0,10.0,11.0,6.0,11.0,7.0,1.0,12.0,8.0,8.0,39.0,34.0,-20.28,0.0,0.0,3.0,0.0,15.0,11.0,12.0,7.0,12.0,8.0,1.0,1.0,9.0,9.0,0.0
10320,0.0,0.0,3.0,0.0,15.0,11.0,12.0,7.0,12.0,8.0,1.0,1.0,9.0,9.0,19.0,49.0,-15.495000000000001,0.0,0.0,3.0,0.0,16.0,12.0,13.0,1.0,13.0,9.0,2.0,2.0,10.0,1.0,0.0
10321,0.0,0.0,3.0,0.0,16.0,12.0,13.0,1.0,13.0,9.0,2.0,2.0,10.0,1.0,2.0,34.0,-14.695,0.0,0.0,3.0,0.0,1.0,13.0,14.0,2.0,14.0,10.0,1.0,3.0,11.0,2.0,0.0
10322,0.0,0.0,3.0,0.0,1.0,13.0,14.0,2.0,14.0,10.0,1.0,3.0,11.0,2.0,10.0,24.0,-25.14,0.0,0.0,3.0,0.0,2.0,14.0,1.0,3.0,1.0,11.0,2.0,4.0,12.0,3.0,0.0
10323,0.0,0.0,3.0,0.0,2.0,14.0,1.0,3.0,1.0,11.0,2.0,4.0,12.0,3.0,39.0,9.0,-13.645,0.0,0.0,3.0,0.0,3.0,1.0,2.0,4.0,2.0,12.0,3.0,1.0,13.0,4.0,0.0
10324,0.0,0.0,3.0,0.0,3.0,1.0,2.0,4.0,2.0,12.0,3.0,1.0,13.0,4.0,41.0,44.0,-20.474999999999998,2.0,0.0,3.0,0.0,4.0,2.0,3.0,5.0,3.0,13.0,4.0,2.0,1.0,5.0,0.0
10325,2.0,0.0,3.0,0.0,4.0,2.0,3.0,5.0,3.0,13.0,4.0,2.0,1.0,5.0,29.0,26.0,-18.935,2.0,0.0,5.0,0.0,5.0,3.0,4.0,6.0,4.0,1.0,5.0,3.0,2.0,6.0,0.0
10326,2.0,0.0,5.0,0.0,5.0,3.0,4.0,6.0,4.0,1.0,5.0,3.0,2.0,6.0,31.0,34.0,-11.375,4.0,0.0,5.0,0.0,6.0,4.0,5.0,7.0,5.0,2.0,1.0,4.0,3.0,7.0,0.0
10327,4.0,0.0,5.0,0.0,6.0,4.0,5.0,7.0,5.0,2.0,1.0,4.0,3.0,7.0,7.0,34.0,-12.34,2.0,0.0,5.0,0.0,7.0,1.0,6.0,8.0,6.0,3.0,1.0,5.0,4.0,8.0,0.0
10328,2.0,0.0,5.0,0.0,7.0,1.0,6.0,8.0,6.0,3.0,1.0,5.0,4.0,8.0,21.0,47.0,-11.63,4.0,0.0,3.0,0.0,8.0,2.0,7.0,9.0,1.0,4.0,2.0,6.0,5.0,1.0,0.0
10329,4.0,0.0,3.0,0.0,8.0,2.0,7.0,9.0,1.0,4.0,2.0,6.0,5.0,1.0,17.0,32.0,-20.519999999999996,2.0,0.0,1.0,0.0,9.0,3.0,8.0,1.0,2.0,5.0,1.0,7.0,6.0,2.0,0.0
10330,2.0,0.0,1.0,0.0,9.0,3.0,8.0,1.0,2.0,5.0,1.0,7.0,6.0,2.0,39.0,32.0,-20.255000000000003,2.0,0.0,0.0,0.0,10.0,4.0,9.0,2.0,3.0,6.0,1.0,1.0,7.0,3.0,0.0
10331,2.0,0.0,0.0,0.0,10.0,4.0,9.0,2.0,3.0,6.0,1.0,1.0,7.0,3.0,41.0,32.0,-25.415000000000003,4.0,0.0,0.0,0.0,11.0,5.0,10.0,3.0,4.0,7.0,1.0,2.0,1.0,4.0,0.0
10332,4.0,0.0,0.0,0.0,11.0,5.0,10.0,3.0,4.0,7.0,1.0,2.0,1.0,4.0,12.0,49.0,-16.799999999999997,2.0,0.0,0.0,0.0,12.0,6.0,1.0,4.0,5.0,8.0,2.0,3.0,2.0,1.0,0.0
10333,2.0,0.0,0.0,0.0,12.0,6.0,1.0,4.0,5.0,8.0,2.0,3.0,2.0,1.0,29.0,4.0,-14.714999999999998,2.0,0.0,0.0,0.0,1.0,7.0,2.0,5.0,6.0,1.0,3.0,4.0,3.0,2.0,0.0
10334,2.0,0.0,0.0,0.0,1.0,7.0,2.0,5.0,6.0,1.0,3.0,4.0,3.0,2.0,5.0,18.0,-10.64,2.0,0.0,0.0,2.0,2.0,1.0,3.0,1.0,7.0,2.0,4.0,5.0,4.0,3.0,0.0
10335,2.0,0.0,0.0,2.0,2.0,1.0,3.0,1.0,7.0,2.0,4.0,5.0,4.0,3.0,24.0,24.0,-23.03,2.0,0.0,0.0,0.0,3.0,2.0,4.0,2.0,1.0,3.0,5.0,6.0,5.0,4.0,0.0
10336,2.0,0.0,0.0,0.0,3.0,2.0,4.0,2.0,1.0,3.0,5.0,6.0,5.0,4.0,17.0,34.0,-22.555000000000003,0.0,0.0,0.0,0.0,4.0,3.0,5.0,1.0,2.0,4.0,1.0,7.0,6.0,5.0,0.0
10337,0.0,0.0,0.0,0.0,4.0,3.0,5.0,1.0,2.0,4.0,1.0,7.0,6.0,5.0,39.0,34.0,-22.755000000000003,0.0,0.0,0.0,0.0,5.0,4.0,6.0,2.0,3.0,5.0,1.0,1.0,7.0,6.0,0.0
10338,0.0,0.0,0.0,0.0,5.0,4.0,6.0,2.0,3.0,5.0,1.0,1.0,7.0,6.0,45.0,49.0,-8.74,0.0,0.0,0.0,0.0,6.0,5.0,7.0,3.0,4.0,6.0,2.0,2.0,8.0,1.0,0.0
10339,0.0,0.0,0.0,0.0,6.0,5.0,7.0,3.0,4.0,6.0,2.0,2.0,8.0,1.0,39.0,42.0,-20.519999999999996,0.0,0.0,0.0,0.0,7.0,6.0,8.0,4.0,5.0,7.0,3.0,1.0,1.0,2.0,0.0
10340,0.0,0.0,0.0,0.0,7.0,6.0,8.0,4.0,5.0,7.0,3.0,1.0,1.0,2.0,12.0,49.0,-19.9,0.0,0.0,0.0,0.0,8.0,7.0,1.0,5.0,6.0,8.0,4.0,2.0,2.0,1.0,0.0
10341,0.0,0.0,0.0,0.0,8.0,7.0,1.0,5.0,6.0,8.0,4.0,2.0,2.0,1.0,52.0,49.0,-7.47,0.0,0.0,0.0,0.0,9.0,8.0,2.0,6.0,7.0,9.0,5.0,3.0,3.0,1.0,0.0
10342,0.0,0.0,0.0,0.0,9.0,8.0,2.0,6.0,7.0,9.0,5.0,3.0,3.0,1.0,52.0,4.0,-7.105,0.0,0.0,0.0,0.0,1.0,9.0,3.0,7.0,8.0,10.0,6.0,4.0,4.0,2.0,0.0
10343,0.0,0.0,0.0,0.0,1.0,9.0,3.0,7.0,8.0,10.0,6.0,4.0,4.0,2.0,19.0,26.0,-20.199999999999996,0.0,0.0,2.0,0.0,2.0,10.0,4.0,1.0,9.0,1.0,7.0,5.0,5.0,3.0,0.0
10344,0.0,0.0,2.0,0.0,2.0,10.0,4.0,1.0,9.0,1.0,7.0,5.0,5.0,3.0,8.0,34.0,-19.655,0.0,2.0,2.0,0.0,3.0,1.0,5.0,2.0,10.0,2.0,1.0,6.0,6.0,4.0,0.0
10345,0.0,2.0,2.0,0.0,3.0,1.0,5.0,2.0,10.0,2.0,1.0,6.0,6.0,4.0,21.0,24.0,-17.330000000000002,2.0,2.0,2.0,0.0,4.0,2.0,6.0,3.0,1.0,3.0,2.0,7.0,7.0,5.0,0.0
10346,2.0,2.0,2.0,0.0,4.0,2.0,6.0,3.0,1.0,3.0,2.0,7.0,7.0,5.0,17.0,34.0,-15.195,0.0,2.0,2.0,0.0,5.0,3.0,7.0,1.0,2.0,4.0,1.0,8.0,8.0,6.0,0.0
10347,0.0,2.0,2.0,0.0,5.0,3.0,7.0,1.0,2.0,4.0,1.0,8.0,8.0,6.0,17.0,42.0,-17.619999999999997,0.0,2.0,0.0,0.0,6.0,4.0,8.0,1.0,3.0,5.0,2.0,9.0,1.0,7.0,0.0
10348,0.0,2.0,0.0,0.0,6.0,4.0,8.0,1.0,3.0,5.0,2.0,9.0,1.0,7.0,12.0,47.0,-15.879999999999997,0.0,2.0,0.0,0.0,7.0,5.0,1.0,2.0,4.0,6.0,3.0,10.0,2.0,1.0,0.0
10349,0.0,2.0,0.0,0.0,7.0,5.0,1.0,2.0,4.0,6.0,3.0,10.0,2.0,1.0,39.0,35.0,-15.879999999999999,0.0,0.0,0.0,0.0,8.0,6.0,2.0,3.0,5.0,7.0,4.0,1.0,3.0,2.0,0.0
10350,0.0,0.0,0.0,0.0,8.0,6.0,2.0,3.0,5.0,7.0,4.0,1.0,3.0,2.0,45.0,8.0,-14.219999999999999,0.0,0.0,0.0,2.0,9.0,1.0,3.0,4.0,6.0,8.0,5.0,2.0,4.0,1.0,0.0
10351,0.0,0.0,0.0,2.0,9.0,1.0,3.0,4.0,6.0,8.0,5.0,2.0,4.0,1.0,52.0,4.0,-6.105,0.0,0.0,0.0,0.0,1.0,2.0,4.0,5.0,7.0,9.0,6.0,3.0,5.0,2.0,0.0
10352,0.0,0.0,0.0,0.0,1.0,2.0,4.0,5.0,7.0,9.0,6.0,3.0,5.0,2.0,19.0,21.0,-17.995,0.0,0.0,2.0,0.0,2.0,3.0,5.0,1.0,1.0,10.0,7.0,4.0,6.0,3.0,0.0
10353,0.0,0.0,2.0,0.0,2.0,3.0,5.0,1.0,1.0,10.0,7.0,4.0,6.0,3.0,45.0,30.0,-14.274999999999999,0.0,0.0,2.0,0.0,3.0,4.0,6.0,2.0,2.0,11.0,1.0,5.0,7.0,1.0,0.0
10354,0.0,0.0,2.0,0.0,3.0,4.0,6.0,2.0,2.0,11.0,1.0,5.0,7.0,1.0,39.0,27.0,-23.44,0.0,0.0,0.0,0.0,4.0,5.0,7.0,3.0,3.0,1.0,2.0,1.0,8.0,2.0,0.0
10355,0.0,0.0,0.0,0.0,4.0,5.0,7.0,3.0,3.0,1.0,2.0,1.0,8.0,2.0,41.0,42.0,-22.4,2.0,0.0,0.0,0.0,5.0,6.0,8.0,4.0,4.0,2.0,3.0,2.0,1.0,3.0,0.0
10356,2.0,0.0,0.0,0.0,5.0,6.0,8.0,4.0,4.0,2.0,3.0,2.0,1.0,3.0,45.0,14.0,-18.580000000000002,2.0,0.0,0.0,0.0,6.0,7.0,1.0,5.0,5.0,3.0,4.0,3.0,2.0,1.0,0.0
10357,2.0,0.0,0.0,0.0,6.0,7.0,1.0,5.0,5.0,3.0,4.0,3.0,2.0,1.0,5.0,8.0,-16.4,2.0,0.0,0.0,2.0,7.0,1.0,2.0,6.0,6.0,4.0,5.0,4.0,3.0,2.0,0.0
10358,2.0,0.0,0.0,2.0,7.0,1.0,2.0,6.0,6.0,4.0,5.0,4.0,3.0,2.0,30.0,19.0,-17.695,2.0,0.0,0.0,0.0,8.0,2.0,3.0,1.0,7.0,5.0,1.0,5.0,4.0,3.0,0.0
10359,2.0,0.0,0.0,0.0,8.0,2.0,3.0,1.0,7.0,5.0,1.0,5.0,4.0,3.0,39.0,24.0,-18.115,2.0,0.0,0.0,0.0,9.0,3.0,4.0,2.0,1.0,6.0,2.0,1.0,5.0,4.0,0.0
10360,2.0,0.0,0.0,0.0,9.0,3.0,4.0,2.0,1.0,6.0,2.0,1.0,5.0,4.0,45.0,8.0,-13.3,2.0,0.0,0.0,2.0,10.0,1.0,5.0,3.0,2.0,7.0,3.0,2.0,6.0,1.0,0.0
10361,2.0,0.0,0.0,2.0,10.0,1.0,5.0,3.0,2.0,7.0,3.0,2.0,6.0,1.0,41.0,4.0,-12.855,4.0,0.0,0.0,0.0,1.0,2.0,6.0,4.0,3.0,8.0,4.0,3.0,1.0,2.0,0.0
10362,4.0,0.0,0.0,0.0,1.0,2.0,6.0,4.0,3.0,8.0,4.0,3.0,1.0,2.0,29.0,19.0,-15.599999999999998,4.0,0.0,0.0,0.0,2.0,3.0,7.0,1.0,4.0,1.0,5.0,4.0,2.0,3.0,0.0
10363,4.0,0.0,0.0,0.0,2.0,3.0,7.0,1.0,4.0,1.0,5.0,4.0,2.0,3.0,31.0,30.0,-18.270000000000003,6.0,0.0,0.0,0.0,3.0,4.0,8.0,2.0,5.0,2.0,1.0,5.0,3.0,4.0,0.0
10364,6.0,0.0,0.0,0.0,3.0,4.0,8.0,2.0,5.0,2.0,1.0,5.0,3.0,4.0,37.0,24.0,-16.255,4.0,0.0,0.0,0.0,4.0,5.0,9.0,3.0,1.0,3.0,2.0,1.0,4.0,5.0,0.0
10365,4.0,0.0,0.0,0.0,4.0,5.0,9.0,3.0,1.0,3.0,2.0,1.0,4.0,5.0,17.0,42.0,-20.119999999999997,2.0,0.0,0.0,0.0,5.0,6.0,10.0,1.0,2.0,4.0,3.0,2.0,1.0,6.0,0.0
10366,2.0,0.0,0.0,0.0,5.0,6.0,10.0,1.0,2.0,4.0,3.0,2.0,1.0,6.0,49.0,42.0,-16.08,2.0,0.0,0.0,0.0,6.0,7.0,11.0,2.0,3.0,5.0,4.0,3.0,1.0,1.0,0.0
10367,2.0,0.0,0.0,0.0,6.0,7.0,11.0,2.0,3.0,5.0,4.0,3.0,1.0,1.0,12.0,14.0,-30.86,0.0,0.0,0.0,0.0,7.0,8.0,1.0,3.0,4.0,6.0,5.0,4.0,2.0,2.0,0.0
10368,0.0,0.0,0.0,0.0,7.0,8.0,1.0,3.0,4.0,6.0,5.0,4.0,2.0,2.0,5.0,8.0,-20.519999999999996,0.0,0.0,0.0,2.0,8.0,1.0,2.0,4.0,5.0,7.0,6.0,5.0,3.0,3.0,0.0
10369,0.0,0.0,0.0,2.0,8.0,1.0,2.0,4.0,5.0,7.0,6.0,5.0,3.0,3.0,45.0,19.0,-12.759999999999998,0.0,0.0,0.0,0.0,9.0,2.0,3.0,1.0,6.0,8.0,7.0,6.0,4.0,1.0,0.0
10370,0.0,0.0,0.0,0.0,9.0,2.0,3.0,1.0,6.0,8.0,7.0,6.0,4.0,1.0,39.0,4.0,-11.795,0.0,0.0,0.0,0.0,1.0,3.0,4.0,2.0,7.0,9.0,8.0,1.0,5.0,2.0,0.0
10371,0.0,0.0,0.0,0.0,1.0,3.0,4.0,2.0,7.0,9.0,8.0,1.0,5.0,2.0,45.0,21.0,-14.375,0.0,0.0,2.0,0.0,2.0,4.0,5.0,3.0,1.0,10.0,9.0,2.0,6.0,1.0,0.0
10372,0.0,0.0,2.0,0.0,2.0,4.0,5.0,3.0,1.0,10.0,9.0,2.0,6.0,1.0,29.0,30.0,-25.255,0.0,0.0,2.0,0.0,3.0,5.0,6.0,4.0,2.0,1.0,1.0,3.0,7.0,2.0,0.0
10373,0.0,0.0,2.0,0.0,3.0,5.0,6.0,4.0,2.0,1.0,1.0,3.0,7.0,2.0,17.0,42.0,-19.419999999999998,0.0,0.0,0.0,0.0,4.0,6.0,7.0,1.0,3.0,2.0,2.0,4.0,1.0,3.0,0.0
10374,0.0,0.0,0.0,0.0,4.0,6.0,7.0,1.0,3.0,2.0,2.0,4.0,1.0,3.0,5.0,14.0,-24.7,0.0,0.0,0.0,0.0,5.0,1.0,1.0,2.0,4.0,3.0,3.0,5.0,2.0,4.0,0.0
10375,0.0,0.0,0.0,0.0,5.0,1.0,1.0,2.0,4.0,3.0,3.0,5.0,2.0,4.0,5.0,46.0,-13.42,0.0,0.0,2.0,0.0,6.0,1.0,2.0,3.0,5.0,4.0,4.0,6.0,3.0,1.0,0.0
10376,0.0,0.0,2.0,0.0,6.0,1.0,2.0,3.0,5.0,4.0,4.0,6.0,3.0,1.0,39.0,39.0,-12.58,0.0,0.0,2.0,0.0,7.0,2.0,3.0,4.0,6.0,5.0,5.0,1.0,4.0,2.0,0.0
10377,0.0,0.0,2.0,0.0,7.0,2.0,3.0,4.0,6.0,5.0,5.0,1.0,4.0,2.0,52.0,21.0,-9.725000000000001,0.0,0.0,4.0,0.0,8.0,3.0,4.0,5.0,1.0,6.0,6.0,2.0,5.0,3.0,0.0
10378,0.0,0.0,4.0,0.0,8.0,3.0,4.0,5.0,1.0,6.0,6.0,2.0,5.0,3.0,17.0,32.0,-17.995,0.0,0.0,2.0,0.0,9.0,4.0,5.0,1.0,2.0,7.0,1.0,3.0,6.0,4.0,0.0
10379,0.0,0.0,2.0,0.0,9.0,4.0,5.0,1.0,2.0,7.0,1.0,3.0,6.0,4.0,17.0,8.0,-14.619999999999997,0.0,0.0,2.0,2.0,10.0,1.0,6.0,1.0,3.0,8.0,2.0,4.0,7.0,5.0,0.0
10380,0.0,0.0,2.0,2.0,10.0,1.0,6.0,1.0,3.0,8.0,2.0,4.0,7.0,5.0,0.0,42.0,-12.215,0.0,0.0,0.0,2.0,1.0,2.0,7.0,2.0,4.0,9.0,3.0,5.0,1.0,6.0,0.0
10381,0.0,0.0,0.0,2.0,1.0,2.0,7.0,2.0,4.0,9.0,3.0,5.0,1.0,6.0,21.0,53.0,-12.504999999999999,2.0,0.0,0.0,4.0,2.0,3.0,8.0,3.0,1.0,10.0,4.0,6.0,2.0,7.0,0.0
10382,2.0,0.0,0.0,4.0,2.0,3.0,8.0,3.0,1.0,10.0,4.0,6.0,2.0,7.0,49.0,19.0,-8.94,2.0,0.0,0.0,2.0,3.0,4.0,9.0,1.0,2.0,11.0,5.0,7.0,3.0,1.0,0.0
10383,2.0,0.0,0.0,2.0,3.0,4.0,9.0,1.0,2.0,11.0,5.0,7.0,3.0,1.0,29.0,39.0,-19.299999999999997,2.0,0.0,0.0,0.0,4.0,5.0,10.0,2.0,3.0,1.0,6.0,1.0,4.0,2.0,0.0
10384,2.0,0.0,0.0,0.0,4.0,5.0,10.0,2.0,3.0,1.0,6.0,1.0,4.0,2.0,41.0,13.0,-20.759999999999998,4.0,0.0,0.0,2.0,5.0,6.0,1.0,3.0,4.0,2.0,7.0,2.0,1.0,3.0,0.0
10385,4.0,0.0,0.0,2.0,5.0,6.0,1.0,3.0,4.0,2.0,7.0,2.0,1.0,3.0,31.0,19.0,-10.995,6.0,0.0,0.0,0.0,6.0,7.0,2.0,1.0,5.0,3.0,1.0,3.0,2.0,4.0,0.0
10386,6.0,0.0,0.0,0.0,6.0,7.0,2.0,1.0,5.0,3.0,1.0,3.0,2.0,4.0,5.0,8.0,-12.379999999999999,6.0,0.0,0.0,2.0,7.0,1.0,3.0,2.0,6.0,4.0,2.0,4.0,3.0,5.0,0.0
10387,6.0,0.0,0.0,2.0,7.0,1.0,3.0,2.0,6.0,4.0,2.0,4.0,3.0,5.0,30.0,19.0,-11.895,6.0,0.0,0.0,0.0,8.0,2.0,4.0,1.0,7.0,5.0,1.0,5.0,4.0,6.0,0.0
10388,6.0,0.0,0.0,0.0,8.0,2.0,4.0,1.0,7.0,5.0,1.0,5.0,4.0,6.0,30.0,39.0,-12.295,6.0,0.0,0.0,0.0,9.0,3.0,5.0,2.0,8.0,6.0,1.0,1.0,5.0,7.0,0.0
10389,6.0,0.0,0.0,0.0,9.0,3.0,5.0,2.0,8.0,6.0,1.0,1.0,5.0,7.0,21.0,46.0,-9.934999999999999,8.0,0.0,2.0,0.0,10.0,4.0,6.0,3.0,1.0,7.0,2.0,2.0,6.0,1.0,0.0
10390,8.0,0.0,2.0,0.0,10.0,4.0,6.0,3.0,1.0,7.0,2.0,2.0,6.0,1.0,29.0,0.0,-7.994999999999999,8.0,0.0,2.0,0.0,1.0,5.0,7.0,4.0,2.0,1.0,3.0,3.0,7.0,2.0,0.0
10391,8.0,0.0,2.0,0.0,1.0,5.0,7.0,4.0,2.0,1.0,3.0,3.0,7.0,2.0,7.0,18.0,-7.32,6.0,0.0,2.0,2.0,2.0,1.0,8.0,1.0,3.0,2.0,4.0,4.0,8.0,3.0,0.0
10392,6.0,0.0,2.0,2.0,2.0,1.0,8.0,1.0,3.0,2.0,4.0,4.0,8.0,3.0,41.0,42.0,-20.54,8.0,0.0,0.0,2.0,3.0,2.0,9.0,2.0,4.0,3.0,5.0,5.0,1.0,4.0,0.0
10393,8.0,0.0,0.0,2.0,3.0,2.0,9.0,2.0,4.0,3.0,5.0,5.0,1.0,4.0,31.0,19.0,-10.299999999999999,9.0,0.0,0.0,0.0,4.0,3.0,10.0,1.0,5.0,4.0,1.0,6.0,2.0,5.0,0.0
10394,9.0,0.0,0.0,0.0,4.0,3.0,10.0,1.0,5.0,4.0,1.0,6.0,2.0,5.0,37.0,39.0,-10.855,7.0,0.0,0.0,0.0,5.0,4.0,11.0,2.0,6.0,5.0,2.0,1.0,3.0,6.0,0.0
10395,7.0,0.0,0.0,0.0,5.0,4.0,11.0,2.0,6.0,5.0,2.0,1.0,3.0,6.0,21.0,52.0,-9.55,9.0,0.0,0.0,0.0,6.0,5.0,12.0,3.0,1.0,6.0,3.0,2.0,4.0,7.0,0.0
10396,9.0,0.0,0.0,0.0,6.0,5.0,12.0,3.0,1.0,6.0,3.0,2.0,4.0,7.0,7.0,52.0,-6.175000000000001,7.0,0.0,0.0,0.0,7.0,1.0,13.0,4.0,2.0,7.0,4.0,3.0,5.0,8.0,0.0
10397,7.0,0.0,0.0,0.0,7.0,1.0,13.0,4.0,2.0,7.0,4.0,3.0,5.0,8.0,10.0,47.0,-14.375,7.0,0.0,0.0,0.0,8.0,2.0,1.0,5.0,3.0,8.0,5.0,4.0,6.0,1.0,0.0
10398,7.0,0.0,0.0,0.0,8.0,2.0,1.0,5.0,3.0,8.0,5.0,4.0,6.0,1.0,30.0,39.0,-11.219999999999999,7.0,0.0,0.0,0.0,9.0,3.0,2.0,6.0,4.0,9.0,1.0,1.0,7.0,2.0,0.0
10399,7.0,0.0,0.0,0.0,9.0,3.0,2.0,6.0,4.0,9.0,1.0,1.0,7.0,2.0,29.0,8.0,-16.134999999999998,7.0,0.0,0.0,2.0,10.0,1.0,3.0,7.0,5.0,1.0,2.0,2.0,8.0,3.0,1.0
10400,7.0,1.0,2.0,1.0,1.0,1.0,1.0,1.0,1.0,1.0,1.0,1.0,1.0,1.0,30.0,39.0,-5.365,7.0,1.0,2.0,0.0,2.0,2.0,2.0,2.0,2.0,2.0,1.0,1.0,2.0,2.0,0.0
10401,7.0,1.0,2.0,0.0,2.0,2.0,2.0,2.0,2.0,2.0,1.0,1.0,2.0,2.0,30.0,39.0,-6.165,7.0,1.0,2.0,0.0,3.0,3.0,3.0,3.0,3.0,3.0,1.0,1.0,3.0,3.0,0.0
10402,7.0,1.0,2.0,0.0,3.0,3.0,3.0,3.0,3.0,3.0,1.0,1.0,3.0,3.0,30.0,39.0,-6.965,7.0,1.0,2.0,0.0,4.0,4.0,4.0,4.0,4.0,4.0,1.0,1.0,4.0,4.0,0.0
10403,7.0,1.0,2.0,0.0,4.0,4.0,4.0,4.0,4.0,4.0,1.0,1.0,4.0,4.0,30.0,39.0,-7.765000000000001,7.0,1.0,2.0,0.0,5.0,5.0,5.0,5.0,5.0,5.0,1.0,1.0,5.0,5.0,0.0
10404,7.0,1.0,2.0,0.0,5.0,5.0,5.0,5.0,5.0,5.0,1.0,1.0,5.0,5.0,8.0,39.0,-7.699999999999999,7.0,3.0,2.0,0.0,6.0,1.0,6.0,6.0,6.0,6.0,2.0,1.0,6.0,6.0,0.0
10405,7.0,3.0,2.0,0.0,6.0,1.0,6.0,6.0,6.0,6.0,2.0,1.0,6.0,6.0,21.0,39.0,-9.085,9.0,3.0,2.0,0.0,7.0,2.0,7.0,7.0,1.0,7.0,3.0,1.0,7.0,7.0,0.0
10406,9.0,3.0,2.0,0.0,7.0,2.0,7.0,7.0,1.0,7.0,3.0,1.0,7.0,7.0,30.0,47.0,-7.845000000000001,9.0,3.0,0.0,0.0,8.0,3.0,8.0,8.0,2.0,8.0,1.0,2.0,8.0,1.0,0.0
10407,9.0,3.0,0.0,0.0,8.0,3.0,8.0,8.0,2.0,8.0,1.0,2.0,8.0,1.0,41.0,19.0,-16.7,9.0,3.0,0.0,0.0,9.0,4.0,9.0,1.0,3.0,9.0,2.0,3.0,1.0,2.0,0.0
10408,9.0,3.0,0.0,0.0,9.0,4.0,9.0,1.0,3.0,9.0,2.0,3.0,1.0,2.0,29.0,39.0,-12.78,9.0,1.0,0.0,0.0,10.0,5.0,10.0,2.0,4.0,1.0,3.0,1.0,2.0,3.0,0.0
10409,9.0,1.0,0.0,0.0,10.0,5.0,10.0,2.0,4.0,1.0,3.0,1.0,2.0,3.0,12.0,52.0,-9.989999999999998,7.0,1.0,0.0,0.0,11.0,6.0,1.0,3.0,5.0,2.0,4.0,2.0,3.0,4.0,0.0
10410,7.0,1.0,0.0,0.0,11.0,6.0,1.0,3.0,5.0,2.0,4.0,2.0,3.0,4.0,30.0,39.0,-11.165,7.0,1.0,0.0,0.0,12.0,7.0,2.0,4.0,6.0,3.0,1.0,1.0,4.0,5.0,0.0
10411,7.0,1.0,0.0,0.0,12.0,7.0,2.0,4.0,6.0,3.0,1.0,1.0,4.0,5.0,30.0,8.0,-13.225000000000001,7.0,1.0,0.0,2.0,13.0,1.0,3.0,5.0,7.0,4.0,1.0,2.0,5.0,6.0,0.0
10412,7.0,1.0,0.0,2.0,13.0,1.0,3.0,5.0,7.0,4.0,1.0,2.0,5.0,6.0,30.0,15.0,-8.665,7.0,1.0,0.0,2.0,14.0,2.0,4.0,1.0,8.0,5.0,1.0,3.0,6.0,7.0,0.0
10413,7.0,1.0,0.0,2.0,14.0,2.0,4.0,1.0,8.0,5.0,1.0,3.0,6.0,7.0,4.0,39.0,-13.08,7.0,0.0,0.0,0.0,1.0,3.0,5.0,2.0,9.0,6.0,2.0,1.0,7.0,8.0,0.0
10414,7.0,0.0,0.0,0.0,1.0,3.0,5.0,2.0,9.0,6.0,2.0,1.0,7.0,8.0,8.0,47.0,-6.625,7.0,2.0,0.0,0.0,2.0,1.0,6.0,3.0,10.0,7.0,3.0,2.0,8.0,1.0,0.0
10415,7.0,2.0,0.0,0.0,2.0,1.0,6.0,3.0,10.0,7.0,3.0,2.0,8.0,1.0,10.0,22.0,-19.509999999999998,7.0,2.0,0.0,0.0,3.0,2.0,1.0,4.0,1.0,8.0,4.0,3.0,9.0,2.0,0.0
10416,7.0,2.0,0.0,0.0,3.0,2.0,1.0,4.0,1.0,8.0,4.0,3.0,9.0,2.0,30.0,19.0,-10.719999999999999,7.0,2.0,0.0,0.0,4.0,3.0,2.0,1.0,2.0,9.0,1.0,4.0,10.0,3.0,0.0
10417,7.0,2.0,0.0,0.0,4.0,3.0,2.0,1.0,2.0,9.0,1.0,4.0,10.0,3.0,10.0,0.0,-10.189999999999998,7.0,2.0,0.0,0.0,1.0,4.0,1.0,2.0,3.0,10.0,2.0,5.0,11.0,4.0,0.0
10418,7.0,2.0,0.0,0.0,1.0,4.0,1.0,2.0,3.0,10.0,2.0,5.0,11.0,4.0,10.0,39.0,-14.774999999999999,7.0,2.0,0.0,0.0,2.0,5.0,1.0,3.0,4.0,11.0,3.0,1.0,12.0,5.0,0.0
10419,7.0,2.0,0.0,0.0,2.0,5.0,1.0,3.0,4.0,11.0,3.0,1.0,12.0,5.0,10.0,8.0,-17.034999999999997,7.0,2.0,0.0,2.0,3.0,1.0,1.0,4.0,5.0,12.0,4.0,2.0,13.0,6.0,0.0
10420,7.0,2.0,0.0,2.0,3.0,1.0,1.0,4.0,5.0,12.0,4.0,2.0,13.0,6.0,10.0,19.0,-15.674999999999999,7.0,2.0,0.0,0.0,4.0,2.0,1.0,1.0,6.0,13.0,5.0,3.0,14.0,7.0,0.0
10421,7.0,2.0,0.0,0.0,4.0,2.0,1.0,1.0,6.0,13.0,5.0,3.0,14.0,7.0,10.0,8.0,-18.235,7.0,2.0,0.0,2.0,5.0,1.0,1.0,2.0,7.0,14.0,6.0,4.0,15.0,8.0,0.0
10422,7.0,2.0,0.0,2.0,5.0,1.0,1.0,2.0,7.0,14.0,6.0,4.0,15.0,8.0,10.0,47.0,-11.514999999999999,7.0,2.0,0.0,2.0,6.0,2.0,1.0,3.0,8.0,15.0,7.0,5.0,16.0,1.0,0.0
10423,7.0,2.0,0.0,2.0,6.0,2.0,1.0,3.0,8.0,15.0,7.0,5.0,16.0,1.0,39.0,22.0,-15.709999999999999,7.0,0.0,0.0,2.0,7.0,3.0,2.0,4.0,1.0,16.0,8.0,1.0,17.0,2.0,0.0
10424,7.0,0.0,0.0,2.0,7.0,3.0,2.0,4.0,1.0,16.0,8.0,1.0,17.0,2.0,41.0,29.0,-29.375000000000004,9.0,0.0,0.0,0.0,8.0,4.0,3.0,5.0,2.0,1.0,9.0,2.0,1.0,3.0,0.0
10425,9.0,0.0,0.0,0.0,8.0,4.0,3.0,5.0,2.0,1.0,9.0,2.0,1.0,3.0,30.0,39.0,-9.899999999999999,9.0,0.0,0.0,0.0,9.0,5.0,4.0,6.0,3.0,2.0,1.0,1.0,2.0,4.0,0.0
10426,9.0,0.0,0.0,0.0,9.0,5.0,4.0,6.0,3.0,2.0,1.0,1.0,2.0,4.0,30.0,52.0,-4.909999999999999,9.0,0.0,0.0,0.0,10.0,6.0,5.0,7.0,4.0,3.0,1.0,2.0,3.0,5.0,0.0
10427,9.0,0.0,0.0,0.0,10.0,6.0,5.0,7.0,4.0,3.0,1.0,2.0,3.0,5.0,30.0,52.0,-5.81,9.0,0.0,0.0,0.0,11.0,7.0,6.0,8.0,5.0,4.0,1.0,3.0,4.0,6.0,0.0
10428,9.0,0.0,0.0,0.0,11.0,7.0,6.0,8.0,5.0,4.0,1.0,3.0,4.0,6.0,30.0,52.0,-6.71,9.0,0.0,0.0,0.0,12.0,8.0,7.0,9.0,6.0,5.0,1.0,4.0,5.0,7.0,0.0
10429,9.0,0.0,0.0,0.0,12.0,8.0,7.0,9.0,6.0,5.0,1.0,4.0,5.0,7.0,7.0,52.0,-7.375,7.0,0.0,0.0,0.0,13.0,1.0,8.0,10.0,7.0,6.0,2.0,5.0,6.0,8.0,0.0
10430,7.0,0.0,0.0,0.0,13.0,1.0,8.0,10.0,7.0,6.0,2.0,5.0,6.0,8.0,30.0,47.0,-9.7,7.0,0.0,0.0,0.0,14.0,2.0,9.0,11.0,8.0,7.0,1.0,6.0,7.0,1.0,0.0
10431,7.0,0.0,0.0,0.0,14.0,2.0,9.0,11.0,8.0,7.0,1.0,6.0,7.0,1.0,1.0,52.0,-12.09,9.0,0.0,0.0,0.0,1.0,3.0,10.0,12.0,9.0,8.0,2.0,7.0,8.0,2.0,0.0
10432,9.0,0.0,0.0,0.0,1.0,3.0,10.0,12.0,9.0,8.0,2.0,7.0,8.0,2.0,30.0,47.0,-9.28,9.0,0.0,0.0,0.0,2.0,4.0,11.0,13.0,10.0,9.0,1.0,8.0,9.0,1.0,0.0
10433,9.0,0.0,0.0,0.0,2.0,4.0,11.0,13.0,10.0,9.0,1.0,8.0,9.0,1.0,39.0,47.0,-10.775,9.0,0.0,0.0,0.0,3.0,5.0,12.0,14.0,11.0,10.0,2.0,1.0,10.0,1.0,0.0
10434,9.0,0.0,0.0,0.0,3.0,5.0,12.0,14.0,11.0,10.0,2.0,1.0,10.0,1.0,2.0,19.0,-14.879999999999999,7.0,0.0,0.0,0.0,1.0,6.0,13.0,1.0,12.0,11.0,3.0,2.0,11.0,2.0,0.0
10435,7.0,0.0,0.0,0.0,1.0,6.0,13.0,1.0,12.0,11.0,3.0,2.0,11.0,2.0,10.0,22.0,-24.23,7.0,0.0,0.0,0.0,2.0,7.0,1.0,2.0,1.0,12.0,4.0,3.0,12.0,3.0,0.0
10436,7.0,0.0,0.0,0.0,2.0,7.0,1.0,2.0,1.0,12.0,4.0,3.0,12.0,3.0,7.0,9.0,-14.764999999999999,5.0,0.0,0.0,0.0,3.0,1.0,2.0,3.0,2.0,13.0,5.0,4.0,13.0,4.0,0.0
10437,5.0,0.0,0.0,0.0,3.0,1.0,2.0,3.0,2.0,13.0,5.0,4.0,13.0,4.0,41.0,0.0,-15.25,7.0,0.0,0.0,0.0,1.0,2.0,3.0,4.0,3.0,14.0,6.0,5.0,1.0,5.0,0.0
10438,7.0,0.0,0.0,0.0,1.0,2.0,3.0,4.0,3.0,14.0,6.0,5.0,1.0,5.0,26.0,39.0,-13.575,9.0,0.0,0.0,0.0,2.0,3.0,4.0,5.0,4.0,1.0,7.0,1.0,2.0,6.0,0.0
10439,9.0,0.0,0.0,0.0,2.0,3.0,4.0,5.0,4.0,1.0,7.0,1.0,2.0,6.0,47.0,18.0,-11.615,7.0,0.0,0.0,2.0,3.0,4.0,5.0,1.0,5.0,2.0,8.0,2.0,3.0,1.0,0.0
10440,7.0,0.0,0.0,2.0,3.0,4.0,5.0,1.0,5.0,2.0,8.0,2.0,3.0,1.0,34.0,39.0,-10.219999999999999,7.0,0.0,0.0,0.0,4.0,5.0,6.0,2.0,6.0,3.0,1.0,1.0,4.0,2.0,0.0
10441,7.0,0.0,0.0,0.0,4.0,5.0,6.0,2.0,6.0,3.0,1.0,1.0,4.0,2.0,7.0,24.0,-16.32,5.0,0.0,0.0,0.0,5.0,1.0,7.0,3.0,1.0,4.0,2.0,2.0,5.0,3.0,0.0
10442,5.0,0.0,0.0,0.0,5.0,1.0,7.0,3.0,1.0,4.0,2.0,2.0,5.0,3.0,10.0,47.0,-13.375,5.0,0.0,0.0,0.0,6.0,2.0,1.0,4.0,2.0,5.0,3.0,3.0,6.0,1.0,0.0
10443,5.0,0.0,0.0,0.0,6.0,2.0,1.0,4.0,2.0,5.0,3.0,3.0,6.0,1.0,30.0,0.0,-7.895,5.0,0.0,0.0,0.0,1.0,3.0,2.0,5.0,3.0,6.0,1.0,4.0,7.0,2.0,0.0
10444,5.0,0.0,0.0,0.0,1.0,3.0,2.0,5.0,3.0,6.0,1.0,4.0,7.0,2.0,7.0,19.0,-12.745,3.0,0.0,0.0,0.0,2.0,1.0,3.0,1.0,4.0,7.0,2.0,5.0,8.0,3.0,0.0
10445,3.0,0.0,0.0,0.0,2.0,1.0,3.0,1.0,4.0,7.0,2.0,5.0,8.0,3.0,10.0,36.0,-15.735,3.0,0.0,2.0,0.0,3.0,2.0,1.0,2.0,5.0,8.0,3.0,1.0,9.0,4.0,0.0
10446,3.0,0.0,2.0,0.0,3.0,2.0,1.0,2.0,5.0,8.0,3.0,1.0,9.0,4.0,40.0,8.0,-15.634999999999998,3.0,0.0,2.0,2.0,4.0,1.0,2.0,3.0,6.0,9.0,4.0,2.0,1.0,5.0,0.0
10447,3.0,0.0,2.0,2.0,4.0,1.0,2.0,3.0,6.0,9.0,4.0,2.0,1.0,5.0,47.0,49.0,-7.455,1.0,0.0,2.0,0.0,5.0,2.0,3.0,4.0,7.0,10.0,5.0,3.0,2.0,1.0,0.0
10448,1.0,0.0,2.0,0.0,5.0,2.0,3.0,4.0,7.0,10.0,5.0,3.0,2.0,1.0,52.0,25.0,-13.809999999999999,0.0,0.0,2.0,0.0,6.0,3.0,4.0,5.0,8.0,1.0,6.0,4.0,3.0,2.0,0.0
10449,0.0,0.0,2.0,0.0,6.0,3.0,4.0,5.0,8.0,1.0,6.0,4.0,3.0,2.0,1.0,34.0,-12.370000000000001,2.0,0.0,2.0,0.0,1.0,4.0,5.0,6.0,9.0,2.0,1.0,5.0,4.0,3.0,0.0
10450,2.0,0.0,2.0,0.0,1.0,4.0,5.0,6.0,9.0,2.0,1.0,5.0,4.0,3.0,24.0,5.0,-16.255,2.0,0.0,2.0,0.0,2.0,1.0,6.0,7.0,1.0,3.0,2.0,6.0,5.0,4.0,0.0
10451,2.0,0.0,2.0,0.0,2.0,1.0,6.0,7.0,1.0,3.0,2.0,6.0,5.0,4.0,17.0,36.0,-10.219999999999999,0.0,0.0,4.0,0.0,3.0,2.0,7.0,1.0,2.0,4.0,3.0,1.0,6.0,5.0,0.0
10452,0.0,0.0,4.0,0.0,3.0,2.0,7.0,1.0,2.0,4.0,3.0,1.0,6.0,5.0,41.0,42.0,-20.54,2.0,0.0,2.0,0.0,4.0,3.0,8.0,2.0,3.0,5.0,4.0,2.0,1.0,6.0,0.0
10453,2.0,0.0,2.0,0.0,4.0,3.0,8.0,2.0,3.0,5.0,4.0,2.0,1.0,6.0,12.0,47.0,-18.9,0.0,0.0,0.0,0.0,5.0,4.0,1.0,3.0,4.0,6.0,5.0,3.0,2.0,1.0,0.0
10454,0.0,0.0,0.0,0.0,5.0,4.0,1.0,3.0,4.0,6.0,5.0,3.0,2.0,1.0,52.0,39.0,-9.989999999999998,0.0,0.0,0.0,0.0,6.0,5.0,2.0,4.0,5.0,7.0,6.0,1.0,3.0,2.0,0.0
10455,0.0,0.0,0.0,0.0,6.0,5.0,2.0,4.0,5.0,7.0,6.0,1.0,3.0,2.0,52.0,49.0,-7.07,0.0,0.0,0.0,0.0,7.0,6.0,3.0,5.0,6.0,8.0,7.0,2.0,4.0,1.0,0.0
10456,0.0,0.0,0.0,0.0,7.0,6.0,3.0,5.0,6.0,8.0,7.0,2.0,4.0,1.0,52.0,4.0,-6.905,0.0,0.0,0.0,0.0,1.0,7.0,4.0,6.0,7.0,9.0,8.0,3.0,5.0,2.0,0.0
10457,0.0,0.0,0.0,0.0,1.0,7.0,4.0,6.0,7.0,9.0,8.0,3.0,5.0,2.0,52.0,5.0,-13.87,0.0,0.0,0.0,0.0,2.0,1.0,5.0,7.0,8.0,10.0,9.0,4.0,6.0,3.0,0.0
10458,0.0,0.0,0.0,0.0,2.0,1.0,5.0,7.0,8.0,10.0,9.0,4.0,6.0,3.0,19.0,19.0,-17.58,0.0,0.0,0.0,0.0,3.0,2.0,6.0,1.0,9.0,11.0,10.0,5.0,7.0,4.0,0.0
10459,0.0,0.0,0.0,0.0,3.0,2.0,6.0,1.0,9.0,11.0,10.0,5.0,7.0,4.0,10.0,39.0,-24.919999999999998,0.0,0.0,0.0,0.0,4.0,3.0,1.0,2.0,10.0,12.0,11.0,1.0,8.0,5.0,0.0
10460,0.0,0.0,0.0,0.0,4.0,3.0,1.0,2.0,10.0,12.0,11.0,1.0,8.0,5.0,22.0,27.0,-30.075000000000003,0.0,0.0,0.0,0.0,5.0,4.0,2.0,3.0,1.0,1.0,12.0,2.0,9.0,6.0,0.0
10461,0.0,0.0,0.0,0.0,5.0,4.0,2.0,3.0,1.0,1.0,12.0,2.0,9.0,6.0,49.0,34.0,-18.735000000000003,0.0,0.0,0.0,0.0,6.0,5.0,3.0,4.0,2.0,2.0,1.0,3.0,10.0,1.0,0.0
10462,0.0,0.0,0.0,0.0,6.0,5.0,3.0,4.0,2.0,2.0,1.0,3.0,10.0,1.0,1.0,42.0,-13.794999999999998,2.0,0.0,0.0,0.0,1.0,6.0,4.0,5.0,3.0,3.0,2.0,4.0,1.0,2.0,0.0
10463,2.0,0.0,0.0,0.0,1.0,6.0,4.0,5.0,3.0,3.0,2.0,4.0,1.0,2.0,7.0,5.0,-20.24,0.0,0.0,0.0,0.0,2.0,1.0,5.0,6.0,4.0,4.0,3.0,5.0,2.0,3.0,0.0
10464,0.0,0.0,0.0,0.0,2.0,1.0,5.0,6.0,4.0,4.0,3.0,5.0,2.0,3.0,19.0,47.0,-11.659999999999998,0.0,0.0,0.0,0.0,3.0,2.0,6.0,1.0,5.0,5.0,4.0,6.0,3.0,1.0,0.0
10465,0.0,0.0,0.0,0.0,3.0,2.0,6.0,1.0,5.0,5.0,4.0,6.0,3.0,1.0,12.0,39.0,-22.619999999999997,0.0,0.0,0.0,0.0,4.0,3.0,1.0,2.0,6.0,6.0,5.0,1.0,4.0,2.0,0.0
10466,0.0,0.0,0.0,0.0,4.0,3.0,1.0,2.0,6.0,6.0,5.0,1.0,4.0,2.0,52.0,27.0,-17.75,0.0,0.0,0.0,0.0,5.0,4.0,2.0,3.0,7.0,1.0,6.0,2.0,5.0,3.0,0.0
10467,0.0,0.0,0.0,0.0,5.0,4.0,2.0,3.0,7.0,1.0,6.0,2.0,5.0,3.0,19.0,34.0,-22.655,0.0,0.0,0.0,0.0,6.0,5.0,3.0,1.0,8.0,2.0,1.0,3.0,6.0,4.0,0.0
10468,0.0,0.0,0.0,0.0,6.0,5.0,3.0,1.0,8.0,2.0,1.0,3.0,6.0,4.0,4.0,46.0,-7.154999999999999,0.0,0.0,2.0,0.0,1.0,6.0,4.0,2.0,9.0,3.0,2.0,4.0,7.0,1.0,0.0
10469,0.0,0.0,2.0,0.0,1.0,6.0,4.0,2.0,9.0,3.0,2.0,4.0,7.0,1.0,40.0,22.0,-25.154999999999998,0.0,0.0,0.0,0.0,2.0,7.0,5.0,3.0,1.0,4.0,3.0,5.0,1.0,2.0,0.0
10470,0.0,0.0,0.0,0.0,2.0,7.0,5.0,3.0,1.0,4.0,3.0,5.0,1.0,2.0,17.0,5.0,-17.56,0.0,0.0,0.0,0.0,3.0,1.0,6.0,1.0,2.0,5.0,4.0,6.0,2.0,3.0,0.0
10471,0.0,0.0,0.0,0.0,3.0,1.0,6.0,1.0,2.0,5.0,4.0,6.0,2.0,3.0,12.0,39.0,-22.32,0.0,0.0,0.0,0.0,4.0,2.0,1.0,2.0,3.0,6.0,5.0,1.0,3.0,4.0,0.0
10472,0.0,0.0,0.0,0.0,4.0,2.0,1.0,2.0,3.0,6.0,5.0,1.0,3.0,4.0,49.0,49.0,-8.04,0.0,0.0,0.0,0.0,5.0,3.0,2.0,3.0,4.0,7.0,6.0,2.0,4.0,1.0,0.0
10473,0.0,0.0,0.0,0.0,5.0,3.0,2.0,3.0,4.0,7.0,6.0,2.0,4.0,1.0,52.0,4.0,-5.905,0.0,0.0,0.0,0.0,1.0,4.0,3.0,4.0,5.0,8.0,7.0,3.0,5.0,2.0,0.0
10474,0.0,0.0,0.0,0.0,1.0,4.0,3.0,4.0,5.0,8.0,7.0,3.0,5.0,2.0,19.0,27.0,-23.84,0.0,0.0,0.0,0.0,2.0,5.0,4.0,1.0,6.0,1.0,8.0,4.0,6.0,3.0,0.0
10475,0.0,0.0,0.0,0.0,2.0,5.0,4.0,1.0,6.0,1.0,8.0,4.0,6.0,3.0,47.0,34.0,-18.935000000000002,0.0,0.0,0.0,0.0,3.0,6.0,5.0,2.0,7.0,2.0,1.0,5.0,7.0,1.0,0.0
10476,0.0,0.0,0.0,0.0,3.0,6.0,5.0,2.0,7.0,2.0,1.0,5.0,7.0,1.0,39.0,5.0,-18.06,0.0,0.0,0.0,0.0,4.0,1.0,6.0,3.0,8.0,3.0,2.0,1.0,8.0,2.0,0.0
10477,0.0,0.0,0.0,0.0,4.0,1.0,6.0,3.0,8.0,3.0,2.0,1.0,8.0,2.0,41.0,12.0,-25.099999999999998,2.0,0.0,0.0,0.0,5.0,2.0,1.0,4.0,9.0,4.0,3.0,2.0,1.0,3.0,0.0
10478,2.0,0.0,0.0,0.0,5.0,2.0,1.0,4.0,9.0,4.0,3.0,2.0,1.0,3.0,24.0,15.0,-16.895,2.0,0.0,0.0,0.0,6.0,3.0,2.0,1.0,1.0,5.0,4.0,3.0,2.0,4.0,0.0
10479,2.0,0.0,0.0,0.0,6.0,3.0,2.0,1.0,1.0,5.0,4.0,3.0,2.0,4.0,49.0,49.0,-7.42,2.0,0.0,0.0,0.0,7.0,4.0,3.0,2.0,2.0,6.0,5.0,4.0,3.0,1.0,0.0
10480,2.0,0.0,0.0,0.0,7.0,4.0,3.0,2.0,2.0,6.0,5.0,4.0,3.0,1.0,29.0,4.0,-14.714999999999998,2.0,0.0,0.0,0.0,1.0,5.0,4.0,3.0,3.0,1.0,6.0,5.0,4.0,2.0,0.0
10481,2.0,0.0,0.0,0.0,1.0,5.0,4.0,3.0,3.0,1.0,6.0,5.0,4.0,2.0,7.0,18.0,-14.76,0.0,0.0,0.0,2.0,2.0,1.0,5.0,1.0,4.0,2.0,7.0,6.0,5.0,3.0,0.0
10482,0.0,0.0,0.0,2.0,2.0,1.0,5.0,1.0,4.0,2.0,7.0,6.0,5.0,3.0,47.0,34.0,-18.635,0.0,0.0,0.0,0.0,3.0,2.0,6.0,2.0,5.0,3.0,1.0,7.0,6.0,1.0,0.0
10483,0.0,0.0,0.0,0.0,3.0,2.0,6.0,2.0,5.0,3.0,1.0,7.0,6.0,1.0,39.0,5.0,-17.959999999999997,0.0,0.0,0.0,0.0,4.0,1.0,7.0,3.0,6.0,4.0,2.0,1.0,7.0,2.0,0.0
10484,0.0,0.0,0.0,0.0,4.0,1.0,7.0,3.0,6.0,4.0,2.0,1.0,7.0,2.0,41.0,12.0,-25.0,2.0,0.0,0.0,0.0,5.0,2.0,1.0,4.0,7.0,5.0,3.0,2.0,1.0,3.0,0.0
10485,2.0,0.0,0.0,0.0,5.0,2.0,1.0,4.0,7.0,5.0,3.0,2.0,1.0,3.0,29.0,39.0,-19.099999999999998,2.0,0.0,0.0,0.0,6.0,3.0,2.0,5.0,8.0,1.0,4.0,1.0,2.0,4.0,0.0
10486,2.0,0.0,0.0,0.0,6.0,3.0,2.0,5.0,8.0,1.0,4.0,1.0,2.0,4.0,24.0,15.0,-17.095,2.0,0.0,0.0,0.0,7.0,4.0,3.0,1.0,1.0,2.0,5.0,2.0,3.0,5.0,0.0
10487,2.0,0.0,0.0,0.0,7.0,4.0,3.0,1.0,1.0,2.0,5.0,2.0,3.0,5.0,49.0,34.0,-17.715000000000003,2.0,0.0,0.0,0.0,8.0,5.0,4.0,2.0,2.0,3.0,1.0,3.0,4.0,1.0,0.0
10488,2.0,0.0,0.0,0.0,8.0,5.0,4.0,2.0,2.0,3.0,1.0,3.0,4.0,1.0,39.0,1.0,-6.455,2.0,0.0,2.0,0.0,1.0,6.0,5.0,3.0,3.0,4.0,2.0,1.0,5.0,2.0,0.0
10489,2.0,0.0,2.0,0.0,1.0,6.0,5.0,3.0,3.0,4.0,2.0,1.0,5.0,2.0,7.0,5.0,-16.62,0.0,0.0,2.0,0.0,2.0,1.0,6.0,4.0,4.0,5.0,3.0,2.0,6.0,3.0,0.0
10490,0.0,0.0,2.0,0.0,2.0,1.0,6.0,4.0,4.0,5.0,3.0,2.0,6.0,3.0,41.0,12.0,-25.099999999999998,2.0,0.0,0.0,0.0,3.0,2.0,1.0,5.0,5.0,6.0,4.0,3.0,1.0,4.0,0.0
10491,2.0,0.0,0.0,0.0,3.0,2.0,1.0,5.0,5.0,6.0,4.0,3.0,1.0,4.0,29.0,45.0,-15.179999999999998,2.0,0.0,0.0,0.0,4.0,3.0,2.0,6.0,6.0,1.0,5.0,4.0,2.0,1.0,0.0
10492,2.0,0.0,0.0,0.0,4.0,3.0,2.0,6.0,6.0,1.0,5.0,4.0,2.0,1.0,24.0,18.0,-13.895,2.0,0.0,0.0,2.0,5.0,4.0,3.0,1.0,1.0,2.0,6.0,5.0,3.0,2.0,0.0
10493,2.0,0.0,0.0,2.0,5.0,4.0,3.0,1.0,1.0,2.0,6.0,5.0,3.0,2.0,37.0,34.0,-21.855000000000004,0.0,0.0,0.0,0.0,6.0,5.0,4.0,2.0,2.0,3.0,1.0,1.0,4.0,3.0,0.0
10494,0.0,0.0,0.0,0.0,6.0,5.0,4.0,2.0,2.0,3.0,1.0,1.0,4.0,3.0,17.0,1.0,-9.655,0.0,0.0,2.0,0.0,1.0,6.0,5.0,1.0,3.0,4.0,2.0,2.0,5.0,4.0,0.0
10495,0.0,0.0,2.0,0.0,1.0,6.0,5.0,1.0,3.0,4.0,2.0,2.0,5.0,4.0,49.0,5.0,-10.12,0.0,0.0,2.0,0.0,2.0,1.0,6.0,2.0,4.0,5.0,3.0,3.0,6.0,1.0,0.0
10496,0.0,0.0,2.0,0.0,2.0,1.0,6.0,2.0,4.0,5.0,3.0,3.0,6.0,1.0,10.0,22.0,-28.255,0.0,0.0,0.0,0.0,3.0,2.0,1.0,3.0,1.0,6.0,4.0,4.0,7.0,2.0,0.0
10497,0.0,0.0,0.0,0.0,3.0,2.0,1.0,3.0,1.0,6.0,4.0,4.0,7.0,2.0,17.0,5.0,-18.06,0.0,0.0,0.0,0.0,4.0,1.0,2.0,1.0,2.0,7.0,5.0,5.0,8.0,3.0,0.0
10498,0.0,0.0,0.0,0.0,4.0,1.0,2.0,1.0,2.0,7.0,5.0,5.0,8.0,3.0,39.0,34.0,-22.555000000000003,0.0,0.0,0.0,0.0,5.0,2.0,3.0,2.0,3.0,8.0,1.0,1.0,9.0,4.0,0.0
10499,0.0,0.0,0.0,0.0,5.0,2.0,3.0,2.0,3.0,8.0,1.0,1.0,9.0,4.0,41.0,42.0,-22.499999999999996,2.0,0.0,0.0,0.0,6.0,3.0,4.0,3.0,4.0,9.0,2.0,2.0,1.0,5.0,1.0
10500,3.0,7.0,9.0,7.0,1.0,1.0,1.0,1.0,1.0,1.0,1.0,1.0,1.0,1.0,54.0,14.0,-4.07,3.0,5.0,9.0,5.0,2.0,2.0,1.0,2.0,2.0,2.0,2.0,2.0,2.0,2.0,0.0
10501,3.0,5.0,9.0,5.0,2.0,2.0,1.0,2.0,2.0,2.0,2.0,2.0,2.0,2.0,54.0,22.0,-2.855,3.0,3.0,7.0,5.0,3.0,3.0,2.0,3.0,1.0,3.0,3.0,3.0,3.0,3.0,0.0
10502,3.0,3.0,7.0,5.0,3.0,3.0,2.0,3.0,1.0,3.0,3.0,3.0,3.0,3.0,54.0,12.0,-4.43,3.0,1.0,5.0,5.0,4.0,4.0,1.0,4.0,2.0,4.0,4.0,4.0,4.0,4.0,0.0
10503,3.0,1.0,5.0,5.0,4.0,4.0,1.0,4.0,2.0,4.0,4.0,4.0,4.0,4.0,24.0,12.0,-12.879999999999999,3.0,0.0,3.0,5.0,5.0,5.0,1.0,5.0,1.0,5.0,5.0,5.0,5.0,5.0,0.0
10504,3.0,0.0,3.0,5.0,5.0,5.0,1.0,5.0,1.0,5.0,5.0,5.0,5.0,5.0,37.0,34.0,-14.739999999999998,1.0,0.0,3.0,3.0,6.0,6.0,2.0,6.0,2.0,6.0,1.0,1.0,6.0,6.0,0.0
10505,1.0,0.0,3.0,3.0,6.0,6.0,2.0,6.0,2.0,6.0,1.0,1.0,6.0,6.0,17.0,12.0,-16.799999999999997,0.0,0.0,1.0,3.0,7.0,7.0,1.0,1.0,3.0,7.0,2.0,2.0,7.0,7.0,0.0
10506,0.0,0.0,1.0,3.0,7.0,7.0,1.0,1.0,3.0,7.0,2.0,2.0,7.0,7.0,49.0,42.0,-11.285,0.0,0.0,0.0,3.0,8.0,8.0,2.0,2.0,4.0,8.0,3.0,3.0,1.0,1.0,0.0
10507,0.0,0.0,0.0,3.0,8.0,8.0,2.0,2.0,4.0,8.0,3.0,3.0,1.0,1.0,29.0,9.0,-25.255,0.0,0.0,0.0,1.0,9.0,1.0,3.0,3.0,5.0,1.0,4.0,4.0,2.0,2.0,0.0
10508,0.0,0.0,0.0,1.0,9.0,1.0,3.0,3.0,5.0,1.0,4.0,4.0,2.0,2.0,4.0,34.0,-17.67,0.0,0.0,0.0,0.0,1.0,2.0,4.0,4.0,6.0,2.0,1.0,5.0,3.0,3.0,0.0
10509,0.0,0.0,0.0,0.0,1.0,2.0,4.0,4.0,6.0,2.0,1.0,5.0,3.0,3.0,24.0,18.0,-17.515,0.0,0.0,0.0,2.0,2.0,3.0,5.0,1.0,1.0,3.0,2.0,6.0,4.0,4.0,0.0
10510,0.0,0.0,0.0,2.0,2.0,3.0,5.0,1.0,1.0,3.0,2.0,6.0,4.0,4.0,17.0,34.0,-22.555000000000003,0.0,0.0,0.0,0.0,3.0,4.0,6.0,1.0,2.0,4.0,1.0,7.0,5.0,5.0,0.0
10511,0.0,0.0,0.0,0.0,3.0,4.0,6.0,1.0,2.0,4.0,1.0,7.0,5.0,5.0,37.0,5.0,-17.959999999999997,0.0,0.0,0.0,0.0,4.0,1.0,7.0,2.0,3.0,5.0,2.0,1.0,6.0,6.0,0.0
10512,0.0,0.0,0.0,0.0,4.0,1.0,7.0,2.0,3.0,5.0,2.0,1.0,6.0,6.0,49.0,49.0,-8.44,0.0,0.0,0.0,0.0,5.0,2.0,8.0,3.0,4.0,6.0,3.0,2.0,7.0,1.0,0.0
10513,0.0,0.0,0.0,0.0,5.0,2.0,8.0,3.0,4.0,6.0,3.0,2.0,7.0,1.0,41.0,34.0,-25.335,2.0,0.0,0.0,0.0,6.0,3.0,9.0,4.0,5.0,7.0,1.0,3.0,1.0,2.0,0.0
10514,2.0,0.0,0.0,0.0,6.0,3.0,9.0,4.0,5.0,7.0,1.0,3.0,1.0,2.0,12.0,12.0,-30.86,0.0,0.0,0.0,0.0,7.0,4.0,1.0,5.0,6.0,8.0,2.0,4.0,2.0,3.0,0.0
10515,0.0,0.0,0.0,0.0,7.0,4.0,1.0,5.0,6.0,8.0,2.0,4.0,2.0,3.0,16.0,49.0,-12.459999999999999,2.0,0.0,0.0,0.0,8.0,5.0,2.0,1.0,7.0,9.0,3.0,5.0,3.0,1.0,0.0
10516,2.0,0.0,0.0,0.0,8.0,5.0,2.0,1.0,7.0,9.0,3.0,5.0,3.0,1.0,29.0,34.0,-26.675,2.0,0.0,0.0,0.0,9.0,6.0,3.0,2.0,8.0,1.0,1.0,6.0,4.0,2.0,0.0
10517,2.0,0.0,0.0,0.0,9.0,6.0,3.0,2.0,8.0,1.0,1.0,6.0,4.0,2.0,39.0,34.0,-20.155,2.0,0.0,0.0,0.0,10.0,7.0,4.0,3.0,9.0,2.0,1.0,1.0,5.0,3.0,0.0
10518,2.0,0.0,0.0,0.0,10.0,7.0,4.0,3.0,9.0,2.0,1.0,1.0,5.0,3.0,4.0,34.0,-17.730000000000004,2.0,0.0,0.0,0.0,1.0,8.0,5.0,4.0,10.0,3.0,1.0,2.0,6.0,4.0,0.0
10519,2.0,0.0,0.0,0.0,1.0,8.0,5.0,4.0,10.0,3.0,1.0,2.0,6.0,4.0,24.0,24.0,-23.93,2.0,0.0,0.0,0.0,2.0,9.0,6.0,5.0,1.0,4.0,2.0,3.0,7.0,5.0,0.0
10520,2.0,0.0,0.0,0.0,2.0,9.0,6.0,5.0,1.0,4.0,2.0,3.0,7.0,5.0,17.0,9.0,-18.259999999999998,0.0,0.0,0.0,0.0,3.0,1.0,7.0,1.0,2.0,5.0,3.0,4.0,8.0,6.0,0.0
10521,0.0,0.0,0.0,0.0,3.0,1.0,7.0,1.0,2.0,5.0,3.0,4.0,8.0,6.0,41.0,34.0,-25.134999999999998,2.0,0.0,0.0,0.0,4.0,2.0,8.0,2.0,3.0,6.0,1.0,5.0,1.0,7.0,0.0
10522,2.0,0.0,0.0,0.0,4.0,2.0,8.0,2.0,3.0,6.0,1.0,5.0,1.0,7.0,12.0,46.0,-18.28,0.0,0.0,2.0,0.0,5.0,3.0,1.0,3.0,4.0,7.0,2.0,6.0,2.0,1.0,0.0
10523,0.0,0.0,2.0,0.0,5.0,3.0,1.0,3.0,4.0,7.0,2.0,6.0,2.0,1.0,39.0,34.0,-17.395,0.0,0.0,2.0,0.0,6.0,4.0,2.0,4.0,5.0,8.0,1.0,1.0,3.0,2.0,0.0
10524,0.0,0.0,2.0,0.0,6.0,4.0,2.0,4.0,5.0,8.0,1.0,1.0,3.0,2.0,16.0,24.0,-17.495,2.0,0.0,2.0,0.0,7.0,5.0,3.0,1.0,1.0,9.0,2.0,2.0,4.0,3.0,0.0
10525,2.0,0.0,2.0,0.0,7.0,5.0,3.0,1.0,1.0,9.0,2.0,2.0,4.0,3.0,29.0,34.0,-21.115,2.0,0.0,2.0,0.0,8.0,6.0,4.0,2.0,2.0,1.0,1.0,3.0,5.0,4.0,0.0
10526,2.0,0.0,2.0,0.0,8.0,6.0,4.0,2.0,2.0,1.0,1.0,3.0,5.0,4.0,4.0,34.0,-12.07,2.0,0.0,2.0,0.0,1.0,7.0,5.0,3.0,3.0,2.0,1.0,4.0,6.0,5.0,0.0
10527,2.0,0.0,2.0,0.0,1.0,7.0,5.0,3.0,3.0,2.0,1.0,4.0,6.0,5.0,33.0,42.0,-22.134999999999998,2.0,2.0,0.0,0.0,2.0,8.0,6.0,4.0,4.0,3.0,1.0,5.0,1.0,6.0,0.0
10528,2.0,2.0,0.0,0.0,2.0,8.0,6.0,4.0,4.0,3.0,1.0,5.0,1.0,6.0,13.0,45.0,-10.0,2.0,4.0,0.0,0.0,3.0,9.0,1.0,5.0,5.0,4.0,2.0,6.0,2.0,1.0,0.0
10529,2.0,4.0,0.0,0.0,3.0,9.0,1.0,5.0,5.0,4.0,2.0,6.0,2.0,1.0,24.0,9.0,-17.195,2.0,2.0,0.0,0.0,4.0,1.0,2.0,6.0,1.0,5.0,3.0,7.0,3.0,2.0,0.0
10530,2.0,2.0,0.0,0.0,4.0,1.0,2.0,6.0,1.0,5.0,3.0,7.0,3.0,2.0,17.0,36.0,-8.68,0.0,2.0,2.0,0.0,5.0,2.0,3.0,1.0,2.0,6.0,4.0,1.0,4.0,3.0,0.0
10531,0.0,2.0,2.0,0.0,5.0,2.0,3.0,1.0,2.0,6.0,4.0,1.0,4.0,3.0,49.0,34.0,-13.475,0.0,0.0,2.0,0.0,6.0,3.0,4.0,2.0,3.0,7.0,1.0,2.0,5.0,1.0,0.0
10532,0.0,0.0,2.0,0.0,6.0,3.0,4.0,2.0,3.0,7.0,1.0,2.0,5.0,1.0,39.0,34.0,-17.895,0.0,0.0,2.0,0.0,7.0,4.0,5.0,3.0,4.0,8.0,1.0,1.0,6.0,2.0,0.0
10533,0.0,0.0,2.0,0.0,7.0,4.0,5.0,3.0,4.0,8.0,1.0,1.0,6.0,2.0,2.0,24.0,-13.61,0.0,0.0,2.0,0.0,1.0,5.0,6.0,4.0,1.0,9.0,2.0,2.0,7.0,3.0,0.0
10534,0.0,0.0,2.0,0.0,1.0,5.0,6.0,4.0,1.0,9.0,2.0,2.0,7.0,3.0,17.0,29.0,-19.199999999999996,0.0,0.0,2.0,0.0,2.0,6.0,7.0,1.0,2.0,1.0,3.0,3.0,8.0,4.0,0.0
10535,0.0,0.0,2.0,0.0,2.0,6.0,7.0,1.0,2.0,1.0,3.0,3.0,8.0,4.0,17.0,42.0,-19.919999999999998,0.0,0.0,0.0,0.0,3.0,7.0,8.0,1.0,3.0,2.0,4.0,4.0,1.0,5.0,0.0
10536,0.0,0.0,0.0,0.0,3.0,7.0,8.0,1.0,3.0,2.0,4.0,4.0,1.0,5.0,31.0,34.0,-25.17,2.0,0.0,0.0,0.0,4.0,8.0,9.0,2.0,4.0,3.0,1.0,5.0,2.0,6.0,0.0
10537,2.0,0.0,0.0,0.0,4.0,8.0,9.0,2.0,4.0,3.0,1.0,5.0,2.0,6.0,5.0,11.0,-18.58,2.0,0.0,2.0,0.0,5.0,1.0,1.0,3.0,5.0,4.0,2.0,6.0,3.0,7.0,0.0
10538,2.0,0.0,2.0,0.0,5.0,1.0,1.0,3.0,5.0,4.0,2.0,6.0,3.0,7.0,16.0,39.0,-13.720000000000002,4.0,0.0,2.0,0.0,6.0,2.0,2.0,1.0,6.0,5.0,3.0,1.0,4.0,8.0,0.0
10539,4.0,0.0,2.0,0.0,6.0,2.0,2.0,1.0,6.0,5.0,3.0,1.0,4.0,8.0,24.0,24.0,-17.53,4.0,0.0,2.0,0.0,7.0,3.0,3.0,2.0,1.0,6.0,4.0,2.0,5.0,9.0,0.0
10540,4.0,0.0,2.0,0.0,7.0,3.0,3.0,2.0,1.0,6.0,4.0,2.0,5.0,9.0,49.0,34.0,-13.975,4.0,0.0,2.0,0.0,8.0,4.0,4.0,3.0,2.0,7.0,1.0,3.0,6.0,1.0,0.0
10541,4.0,0.0,2.0,0.0,8.0,4.0,4.0,3.0,2.0,7.0,1.0,3.0,6.0,1.0,39.0,1.0,-5.195,4.0,0.0,4.0,0.0,1.0,5.0,5.0,4.0,3.0,8.0,2.0,1.0,7.0,2.0,0.0
10542,4.0,0.0,4.0,0.0,1.0,5.0,5.0,4.0,3.0,8.0,2.0,1.0,7.0,2.0,24.0,24.0,-15.350000000000001,4.0,0.0,4.0,0.0,2.0,6.0,6.0,5.0,1.0,9.0,3.0,2.0,8.0,3.0,0.0
10543,4.0,0.0,4.0,0.0,2.0,6.0,6.0,5.0,1.0,9.0,3.0,2.0,8.0,3.0,7.0,9.0,-11.719999999999999,2.0,0.0,4.0,0.0,3.0,1.0,7.0,6.0,2.0,10.0,4.0,3.0,9.0,4.0,0.0
10544,2.0,0.0,4.0,0.0,3.0,1.0,7.0,6.0,2.0,10.0,4.0,3.0,9.0,4.0,41.0,24.0,-17.975,4.0,0.0,4.0,0.0,4.0,2.0,8.0,7.0,1.0,11.0,5.0,4.0,1.0,5.0,0.0
10545,4.0,0.0,4.0,0.0,4.0,2.0,8.0,7.0,1.0,11.0,5.0,4.0,1.0,5.0,6.0,25.0,-11.939999999999998,6.0,0.0,4.0,0.0,5.0,1.0,9.0,8.0,2.0,1.0,6.0,5.0,2.0,6.0,0.0
10546,6.0,0.0,4.0,0.0,5.0,1.0,9.0,8.0,2.0,1.0,6.0,5.0,2.0,6.0,31.0,34.0,-9.549999999999999,8.0,0.0,4.0,0.0,6.0,2.0,10.0,9.0,3.0,2.0,1.0,6.0,3.0,7.0,0.0
10547,8.0,0.0,4.0,0.0,6.0,2.0,10.0,9.0,3.0,2.0,1.0,6.0,3.0,7.0,5.0,38.0,-6.959999999999999,8.0,0.0,4.0,2.0,7.0,1.0,11.0,10.0,4.0,3.0,2.0,1.0,4.0,8.0,0.0
10548,8.0,0.0,4.0,2.0,7.0,1.0,11.0,10.0,4.0,3.0,2.0,1.0,4.0,8.0,2.0,12.0,-12.515,6.0,0.0,2.0,2.0,1.0,2.0,1.0,11.0,5.0,4.0,3.0,2.0,5.0,9.0,0.0
10549,6.0,0.0,2.0,2.0,1.0,2.0,1.0,11.0,5.0,4.0,3.0,2.0,5.0,9.0,5.0,15.0,-7.72,6.0,0.0,2.0,2.0,2.0,1.0,2.0,1.0,6.0,5.0,4.0,3.0,6.0,10.0,0.0
10550,6.0,0.0,2.0,2.0,2.0,1.0,2.0,1.0,6.0,5.0,4.0,3.0,6.0,10.0,37.0,24.0,-12.935,4.0,0.0,2.0,0.0,3.0,2.0,3.0,2.0,1.0,6.0,5.0,1.0,7.0,11.0,0.0
10551,4.0,0.0,2.0,0.0,3.0,2.0,3.0,2.0,1.0,6.0,5.0,1.0,7.0,11.0,49.0,49.0,-7.72,4.0,0.0,2.0,0.0,4.0,3.0,4.0,3.0,2.0,7.0,6.0,2.0,8.0,1.0,0.0
10552,4.0,0.0,2.0,0.0,4.0,3.0,4.0,3.0,2.0,7.0,6.0,2.0,8.0,1.0,7.0,22.0,-20.775,2.0,0.0,0.0,0.0,5.0,1.0,5.0,4.0,1.0,8.0,7.0,3.0,9.0,2.0,0.0
10553,2.0,0.0,0.0,0.0,5.0,1.0,5.0,4.0,1.0,8.0,7.0,3.0,9.0,2.0,17.0,43.0,-16.599999999999998,0.0,0.0,0.0,2.0,6.0,2.0,6.0,1.0,2.0,9.0,8.0,4.0,1.0,3.0,0.0
10554,0.0,0.0,0.0,2.0,6.0,2.0,6.0,1.0,2.0,9.0,8.0,4.0,1.0,3.0,31.0,34.0,-25.17,2.0,0.0,0.0,0.0,7.0,3.0,7.0,2.0,3.0,10.0,1.0,5.0,2.0,4.0,0.0
10555,2.0,0.0,0.0,0.0,7.0,3.0,7.0,2.0,3.0,10.0,1.0,5.0,2.0,4.0,29.0,39.0,-19.399999999999995,2.0,0.0,0.0,0.0,8.0,4.0,8.0,3.0,4.0,1.0,2.0,1.0,3.0,5.0,0.0
10556,2.0,0.0,0.0,0.0,8.0,4.0,8.0,3.0,4.0,1.0,2.0,1.0,3.0,5.0,2.0,34.0,-18.470000000000002,0.0,0.0,0.0,0.0,1.0,5.0,9.0,4.0,5.0,2.0,1.0,2.0,4.0,6.0,0.0
10557,0.0,0.0,0.0,0.0,1.0,5.0,9.0,4.0,5.0,2.0,1.0,2.0,4.0,6.0,53.0,47.0,-6.47,0.0,2.0,0.0,0.0,2.0,6.0,10.0,5.0,6.0,3.0,2.0,3.0,5.0,1.0,0.0
10558,0.0,2.0,0.0,0.0,2.0,6.0,10.0,5.0,6.0,3.0,2.0,3.0,5.0,1.0,24.0,24.0,-27.95,0.0,0.0,0.0,0.0,3.0,7.0,11.0,6.0,1.0,4.0,3.0,4.0,6.0,2.0,0.0
10559,0.0,0.0,0.0,0.0,3.0,7.0,11.0,6.0,1.0,4.0,3.0,4.0,6.0,2.0,17.0,5.0,-18.659999999999997,0.0,0.0,0.0,0.0,4.0,1.0,12.0,1.0,2.0,5.0,4.0,5.0,7.0,3.0,0.0
10560,0.0,0.0,0.0,0.0,4.0,1.0,12.0,1.0,2.0,5.0,4.0,5.0,7.0,3.0,45.0,11.0,-16.299999999999997,0.0,0.0,2.0,0.0,5.0,2.0,1.0,2.0,3.0,6.0,5.0,6.0,8.0,1.0,0.0
10561,0.0,0.0,2.0,0.0,5.0,2.0,1.0,2.0,3.0,6.0,5.0,6.0,8.0,1.0,39.0,34.0,-17.595,0.0,0.0,2.0,0.0,6.0,3.0,2.0,3.0,4.0,7.0,1.0,1.0,9.0,2.0,0.0
10562,0.0,0.0,2.0,0.0,6.0,3.0,2.0,3.0,4.0,7.0,1.0,1.0,9.0,2.0,40.0,8.0,-17.86,0.0,0.0,2.0,2.0,7.0,1.0,3.0,4.0,5.0,8.0,2.0,2.0,1.0,3.0,0.0
10563,0.0,0.0,2.0,2.0,7.0,1.0,3.0,4.0,5.0,8.0,2.0,2.0,1.0,3.0,16.0,24.0,-17.495,2.0,0.0,2.0,0.0,8.0,2.0,4.0,1.0,1.0,9.0,3.0,3.0,2.0,4.0,0.0
10564,2.0,0.0,2.0,0.0,8.0,2.0,4.0,1.0,1.0,9.0,3.0,3.0,2.0,4.0,29.0,39.0,-15.899999999999999,2.0,0.0,2.0,0.0,9.0,3.0,5.0,2.0,2.0,1.0,4.0,1.0,3.0,5.0,0.0
10565,2.0,0.0,2.0,0.0,9.0,3.0,5.0,2.0,2.0,1.0,4.0,1.0,3.0,5.0,4.0,34.0,-11.57,2.0,0.0,2.0,0.0,1.0,4.0,6.0,3.0,3.0,2.0,1.0,2.0,4.0,6.0,0.0
10566,2.0,0.0,2.0,0.0,1.0,4.0,6.0,3.0,3.0,2.0,1.0,2.0,4.0,6.0,5.0,47.0,-10.02,2.0,0.0,0.0,0.0,2.0,1.0,7.0,4.0,4.0,3.0,2.0,3.0,5.0,1.0,0.0
10567,2.0,0.0,0.0,0.0,2.0,1.0,7.0,4.0,4.0,3.0,2.0,3.0,5.0,1.0,41.0,41.0,-19.819999999999997,4.0,0.0,2.0,0.0,3.0,2.0,8.0,5.0,5.0,4.0,3.0,4.0,1.0,2.0,0.0
10568,4.0,0.0,2.0,0.0,3.0,2.0,8.0,5.0,5.0,4.0,3.0,4.0,1.0,2.0,6.0,39.0,-7.819999999999999,6.0,0.0,2.0,0.0,4.0,1.0,9.0,6.0,6.0,5.0,4.0,1.0,2.0,3.0,0.0
10569,6.0,0.0,2.0,0.0,4.0,1.0,9.0,6.0,6.0,5.0,4.0,1.0,2.0,3.0,6.0,24.0,-13.235000000000001,8.0,0.0,2.0,0.0,5.0,1.0,10.0,7.0,1.0,6.0,5.0,2.0,3.0,4.0,0.0
10570,8.0,0.0,2.0,0.0,5.0,1.0,10.0,7.0,1.0,6.0,5.0,2.0,3.0,4.0,6.0,12.0,-19.025,9.0,0.0,0.0,0.0,6.0,1.0,1.0,8.0,2.0,7.0,6.0,3.0,4.0,5.0,0.0
10571,9.0,0.0,0.0,0.0,6.0,1.0,1.0,8.0,2.0,7.0,6.0,3.0,4.0,5.0,29.0,39.0,-14.375,9.0,0.0,0.0,0.0,7.0,2.0,2.0,9.0,3.0,1.0,7.0,1.0,5.0,6.0,0.0
10572,9.0,0.0,0.0,0.0,7.0,2.0,2.0,9.0,3.0,1.0,7.0,1.0,5.0,6.0,5.0,47.0,-8.065,9.0,0.0,0.0,0.0,8.0,1.0,3.0,10.0,4.0,2.0,8.0,2.0,6.0,1.0,0.0
10573,9.0,0.0,0.0,0.0,8.0,1.0,3.0,10.0,4.0,2.0,8.0,2.0,6.0,1.0,34.0,18.0,-6.800000000000001,9.0,0.0,0.0,2.0,9.0,2.0,4.0,1.0,5.0,3.0,1.0,3.0,7.0,2.0,0.0
10574,9.0,0.0,0.0,2.0,9.0,2.0,4.0,1.0,5.0,3.0,1.0,3.0,7.0,2.0,4.0,24.0,-20.815,9.0,0.0,0.0,0.0,1.0,3.0,5.0,2.0,1.0,4.0,2.0,4.0,8.0,3.0,0.0
10575,9.0,0.0,0.0,0.0,1.0,3.0,5.0,2.0,1.0,4.0,2.0,4.0,8.0,3.0,7.0,47.0,-6.645,7.0,0.0,0.0,0.0,2.0,1.0,6.0,3.0,2.0,5.0,3.0,5.0,9.0,1.0,0.0
10576,7.0,0.0,0.0,0.0,2.0,1.0,6.0,3.0,2.0,5.0,3.0,5.0,9.0,1.0,41.0,43.0,-21.935,9.0,0.0,0.0,2.0,3.0,2.0,7.0,4.0,3.0,6.0,4.0,6.0,1.0,2.0,0.0
10577,9.0,0.0,0.0,2.0,3.0,2.0,7.0,4.0,3.0,6.0,4.0,6.0,1.0,2.0,6.0,39.0,-11.285,9.0,0.0,0.0,0.0,4.0,1.0,8.0,5.0,4.0,7.0,5.0,1.0,2.0,3.0,0.0
10578,9.0,0.0,0.0,0.0,4.0,1.0,8.0,5.0,4.0,7.0,5.0,1.0,2.0,3.0,6.0,47.0,-8.165,9.0,0.0,0.0,0.0,5.0,1.0,9.0,6.0,5.0,8.0,6.0,2.0,3.0,1.0,0.0
10579,9.0,0.0,0.0,0.0,5.0,1.0,9.0,6.0,5.0,8.0,6.0,2.0,3.0,1.0,6.0,41.0,-14.965,9.0,0.0,2.0,0.0,6.0,1.0,10.0,7.0,6.0,9.0,7.0,3.0,1.0,2.0,0.0
10580,9.0,0.0,2.0,0.0,6.0,1.0,10.0,7.0,6.0,9.0,7.0,3.0,1.0,2.0,6.0,39.0,-9.985,9.0,0.0,2.0,0.0,7.0,1.0,11.0,8.0,7.0,10.0,8.0,1.0,2.0,3.0,0.0
10581,9.0,0.0,2.0,0.0,7.0,1.0,11.0,8.0,7.0,10.0,8.0,1.0,2.0,3.0,6.0,25.0,-16.705,9.0,0.0,2.0,0.0,8.0,1.0,12.0,9.0,8.0,1.0,9.0,2.0,3.0,4.0,0.0
10582,9.0,0.0,2.0,0.0,8.0,1.0,12.0,9.0,8.0,1.0,9.0,2.0,3.0,4.0,34.0,34.0,-14.015,9.0,0.0,2.0,0.0,9.0,2.0,13.0,10.0,9.0,2.0,1.0,3.0,4.0,5.0,0.0
10583,9.0,0.0,2.0,0.0,9.0,2.0,13.0,10.0,9.0,2.0,1.0,3.0,4.0,5.0,41.0,47.0,-19.695,9.0,0.0,0.0,0.0,10.0,3.0,14.0,11.0,10.0,3.0,2.0,4.0,1.0,1.0,0.0
10584,9.0,0.0,0.0,0.0,10.0,3.0,14.0,11.0,10.0,3.0,2.0,4.0,1.0,1.0,6.0,25.0,-21.645,9.0,0.0,0.0,0.0,11.0,1.0,15.0,12.0,11.0,1.0,3.0,5.0,2.0,2.0,0.0
10585,9.0,0.0,0.0,0.0,11.0,1.0,15.0,12.0,11.0,1.0,3.0,5.0,2.0,2.0,1.0,41.0,-20.259999999999998,9.0,0.0,2.0,0.0,1.0,2.0,16.0,13.0,12.0,2.0,4.0,6.0,1.0,3.0,0.0
10586,9.0,0.0,2.0,0.0,1.0,2.0,16.0,13.0,12.0,2.0,4.0,6.0,1.0,3.0,6.0,47.0,-10.065,9.0,0.0,0.0,0.0,2.0,1.0,17.0,14.0,13.0,3.0,5.0,7.0,2.0,1.0,0.0
10587,9.0,0.0,0.0,0.0,2.0,1.0,17.0,14.0,13.0,3.0,5.0,7.0,2.0,1.0,6.0,41.0,-16.965,9.0,0.0,2.0,0.0,3.0,1.0,18.0,15.0,14.0,4.0,6.0,8.0,1.0,2.0,0.0
10588,9.0,0.0,2.0,0.0,3.0,1.0,18.0,15.0,14.0,4.0,6.0,8.0,1.0,2.0,6.0,41.0,-17.145,9.0,0.0,4.0,0.0,4.0,1.0,19.0,16.0,15.0,5.0,7.0,9.0,1.0,3.0,0.0
10589,9.0,0.0,4.0,0.0,4.0,1.0,19.0,16.0,15.0,5.0,7.0,9.0,1.0,3.0,6.0,33.0,-13.779999999999998,9.0,0.0,4.0,2.0,5.0,1.0,20.0,17.0,16.0,6.0,1.0,10.0,2.0,4.0,0.0
10590,9.0,0.0,4.0,2.0,5.0,1.0,20.0,17.0,16.0,6.0,1.0,10.0,2.0,4.0,21.0,47.0,-12.16,9.0,0.0,2.0,2.0,6.0,2.0,21.0,18.0,1.0,7.0,2.0,11.0,3.0,1.0,0.0
10591,9.0,0.0,2.0,2.0,6.0,2.0,21.0,18.0,1.0,7.0,2.0,11.0,3.0,1.0,1.0,11.0,-16.04,9.0,0.0,4.0,2.0,1.0,3.0,1.0,19.0,2.0,8.0,3.0,12.0,4.0,2.0,0.0
10592,9.0,0.0,4.0,2.0,1.0,3.0,1.0,19.0,2.0,8.0,3.0,12.0,4.0,2.0,5.0,35.0,-7.325,9.0,0.0,4.0,2.0,2.0,1.0,2.0,20.0,3.0,9.0,4.0,1.0,5.0,3.0,0.0
10593,9.0,0.0,4.0,2.0,2.0,1.0,2.0,20.0,3.0,9.0,4.0,1.0,5.0,3.0,16.0,17.0,-22.445,9.0,0.0,2.0,2.0,3.0,2.0,3.0,1.0,4.0,10.0,5.0,2.0,6.0,4.0,0.0
10594,9.0,0.0,2.0,2.0,3.0,2.0,3.0,1.0,4.0,10.0,5.0,2.0,6.0,4.0,32.0,24.0,-12.935,7.0,0.0,2.0,0.0,4.0,3.0,4.0,2.0,1.0,11.0,1.0,3.0,7.0,5.0,0.0
10595,7.0,0.0,2.0,0.0,4.0,3.0,4.0,2.0,1.0,11.0,1.0,3.0,7.0,5.0,25.0,47.0,-9.854999999999999,7.0,0.0,0.0,0.0,5.0,4.0,5.0,3.0,2.0,1.0,2.0,4.0,8.0,1.0,0.0
10596,7.0,0.0,0.0,0.0,5.0,4.0,5.0,3.0,2.0,1.0,2.0,4.0,8.0,1.0,41.0,43.0,-21.834999999999997,9.0,0.0,0.0,2.0,6.0,5.0,6.0,4.0,3.0,2.0,3.0,5.0,1.0,2.0,0.0
10597,9.0,0.0,0.0,2.0,6.0,5.0,6.0,4.0,3.0,2.0,3.0,5.0,1.0,2.0,6.0,41.0,-10.145,9.0,0.0,2.0,2.0,7.0,1.0,7.0,5.0,4.0,3.0,4.0,6.0,1.0,3.0,0.0
10598,9.0,0.0,2.0,2.0,7.0,1.0,7.0,5.0,4.0,3.0,4.0,6.0,1.0,3.0,6.0,39.0,-8.585,9.0,0.0,2.0,0.0,8.0,1.0,8.0,6.0,5.0,4.0,5.0,1.0,2.0,4.0,0.0
10599,9.0,0.0,2.0,0.0,8.0,1.0,8.0,6.0,5.0,4.0,5.0,1.0,2.0,4.0,27.0,12.0,-21.715,7.0,0.0,0.0,0.0,9.0,2.0,1.0,7.0,6.0,1.0,6.0,2.0,3.0,5.0,1.0
10600,8.0,6.0,4.0,7.0,1.0,1.0,1.0,1.0,1.0,1.0,1.0,1.0,1.0,1.0,14.0,24.0,-5.52,8.0,4.0,4.0,5.0,2.0,2.0,1.0,2.0,1.0,2.0,2.0,2.0,2.0,2.0,0.0
10601,8.0,4.0,4.0,5.0,2.0,2.0,1.0,2.0,1.0,2.0,2.0,2.0,2.0,2.0,14.0,24.0,-309.42,8.0,2.0,4.0,3.0,3.0,3.0,1.0,3.0,1.0,3.0,3.0,3.0,3.0,3.0,0.0
10602,8.0,2.0,4.0,3.0,3.0,3.0,1.0,3.0,1.0,3.0,3.0,3.0,3.0,3.0,37.0,39.0,-4.385,6.0,2.0,4.0,1.0,4.0,4.0,2.0,4.0,2.0,4.0,4.0,1.0,4.0,4.0,0.0
10603,6.0,2.0,4.0,1.0,4.0,4.0,2.0,4.0,2.0,4.0,4.0,1.0,4.0,4.0,27.0,24.0,-13.155000000000001,4.0,2.0,4.0,0.0,5.0,5.0,3.0,5.0,1.0,1.0,5.0,2.0,5.0,5.0,0.0
10604,4.0,2.0,4.0,0.0,5.0,5.0,3.0,5.0,1.0,1.0,5.0,2.0,5.0,5.0,14.0,34.0,-16.455,4.0,0.0,4.0,0.0,6.0,6.0,1.0,6.0,2.0,2.0,1.0,3.0,6.0,6.0,0.0
10605,4.0,0.0,4.0,0.0,6.0,6.0,1.0,6.0,2.0,2.0,1.0,3.0,6.0,6.0,5.0,9.0,-8.64,4.0,0.0,4.0,0.0,7.0,1.0,2.0,7.0,3.0,3.0,2.0,4.0,7.0,7.0,0.0
10606,4.0,0.0,4.0,0.0,7.0,1.0,2.0,7.0,3.0,3.0,2.0,4.0,7.0,7.0,16.0,39.0,-14.739999999999998,6.0,0.0,4.0,0.0,8.0,2.0,3.0,1.0,4.0,4.0,3.0,1.0,8.0,8.0,0.0
10607,6.0,0.0,4.0,0.0,8.0,2.0,3.0,1.0,4.0,4.0,3.0,1.0,8.0,8.0,10.0,30.0,-16.534999999999997,6.0,0.0,4.0,0.0,9.0,3.0,1.0,2.0,5.0,5.0,1.0,2.0,9.0,9.0,0.0
10608,6.0,0.0,4.0,0.0,9.0,3.0,1.0,2.0,5.0,5.0,1.0,2.0,9.0,9.0,9.0,49.0,-7.5,6.0,0.0,4.0,0.0,10.0,1.0,2.0,3.0,6.0,6.0,2.0,3.0,10.0,1.0,0.0
10609,6.0,0.0,4.0,0.0,10.0,1.0,2.0,3.0,6.0,6.0,2.0,3.0,10.0,1.0,41.0,24.0,-19.455,8.0,0.0,4.0,0.0,11.0,2.0,3.0,4.0,1.0,7.0,3.0,4.0,1.0,2.0,0.0
10610,8.0,0.0,4.0,0.0,11.0,2.0,3.0,4.0,1.0,7.0,3.0,4.0,1.0,2.0,29.0,39.0,-8.66,8.0,0.0,4.0,0.0,12.0,3.0,4.0,5.0,2.0,1.0,4.0,1.0,2.0,3.0,0.0
10611,8.0,0.0,4.0,0.0,12.0,3.0,4.0,5.0,2.0,1.0,4.0,1.0,2.0,3.0,1.0,34.0,-13.174999999999999,9.0,0.0,4.0,0.0,1.0,4.0,5.0,6.0,3.0,2.0,1.0,2.0,3.0,4.0,0.0
10612,9.0,0.0,4.0,0.0,1.0,4.0,5.0,6.0,3.0,2.0,1.0,2.0,3.0,4.0,7.0,45.0,-6.244999999999999,7.0,0.0,4.0,0.0,2.0,1.0,6.0,7.0,4.0,3.0,2.0,3.0,4.0,1.0,0.0
10613,7.0,0.0,4.0,0.0,2.0,1.0,6.0,7.0,4.0,3.0,2.0,3.0,4.0,1.0,27.0,6.0,-10.255,5.0,0.0,6.0,0.0,3.0,1.0,7.0,8.0,5.0,1.0,3.0,4.0,5.0,2.0,0.0
10614,5.0,0.0,6.0,0.0,3.0,1.0,7.0,8.0,5.0,1.0,3.0,4.0,5.0,2.0,41.0,39.0,-13.455,7.0,0.0,6.0,0.0,4.0,2.0,8.0,9.0,6.0,2.0,4.0,1.0,1.0,3.0,0.0
10615,7.0,0.0,6.0,0.0,4.0,2.0,8.0,9.0,6.0,2.0,4.0,1.0,1.0,3.0,27.0,50.0,-10.225000000000001,5.0,0.0,6.0,0.0,5.0,3.0,9.0,10.0,7.0,1.0,5.0,2.0,2.0,4.0,0.0
10616,5.0,0.0,6.0,0.0,5.0,3.0,9.0,10.0,7.0,1.0,5.0,2.0,2.0,4.0,27.0,33.0,-14.809999999999999,3.0,0.0,6.0,2.0,6.0,4.0,10.0,11.0,8.0,1.0,1.0,3.0,3.0,5.0,0.0
10617,3.0,0.0,6.0,2.0,6.0,4.0,10.0,11.0,8.0,1.0,1.0,3.0,3.0,5.0,2.0,17.0,-9.459999999999999,1.0,0.0,4.0,2.0,1.0,5.0,11.0,1.0,9.0,2.0,2.0,4.0,4.0,6.0,0.0
10618,1.0,0.0,4.0,2.0,1.0,5.0,11.0,1.0,9.0,2.0,2.0,4.0,4.0,6.0,13.0,24.0,-16.830000000000002,1.0,2.0,4.0,0.0,2.0,6.0,1.0,2.0,1.0,3.0,3.0,5.0,5.0,7.0,0.0
10619,1.0,2.0,4.0,0.0,2.0,6.0,1.0,2.0,1.0,3.0,3.0,5.0,5.0,7.0,9.0,30.0,-14.139999999999999,1.0,0.0,4.0,0.0,3.0,1.0,2.0,3.0,2.0,4.0,1.0,6.0,6.0,8.0,0.0
10620,1.0,0.0,4.0,0.0,3.0,1.0,2.0,3.0,2.0,4.0,1.0,6.0,6.0,8.0,0.0,47.0,-5.98,1.0,0.0,2.0,0.0,1.0,2.0,3.0,4.0,3.0,5.0,2.0,7.0,7.0,1.0,0.0
10621,1.0,0.0,2.0,0.0,1.0,2.0,3.0,4.0,3.0,5.0,2.0,7.0,7.0,1.0,39.0,35.0,-10.774999999999999,1.0,0.0,2.0,0.0,2.0,3.0,4.0,5.0,4.0,6.0,3.0,1.0,8.0,2.0,0.0
10622,1.0,0.0,2.0,0.0,2.0,3.0,4.0,5.0,4.0,6.0,3.0,1.0,8.0,2.0,41.0,42.0,-22.134999999999998,3.0,0.0,0.0,0.0,3.0,4.0,5.0,6.0,5.0,7.0,4.0,2.0,1.0,3.0,0.0
10623,3.0,0.0,0.0,0.0,3.0,4.0,5.0,6.0,5.0,7.0,4.0,2.0,1.0,3.0,27.0,45.0,-17.795,1.0,0.0,0.0,0.0,4.0,5.0,6.0,7.0,6.0,1.0,5.0,3.0,2.0,1.0,0.0
10624,1.0,0.0,0.0,0.0,4.0,5.0,6.0,7.0,6.0,1.0,5.0,3.0,2.0,1.0,27.0,18.0,-20.94,0.0,0.0,0.0,2.0,5.0,6.0,7.0,1.0,7.0,1.0,6.0,4.0,3.0,2.0,0.0
10625,0.0,0.0,0.0,2.0,5.0,6.0,7.0,1.0,7.0,1.0,6.0,4.0,3.0,2.0,9.0,42.0,-19.18,0.0,0.0,0.0,2.0,6.0,1.0,8.0,2.0,8.0,2.0,7.0,5.0,1.0,3.0,0.0
10626,0.0,0.0,0.0,2.0,6.0,1.0,8.0,2.0,8.0,2.0,7.0,5.0,1.0,3.0,12.0,24.0,-28.654999999999998,0.0,0.0,0.0,0.0,7.0,2.0,1.0,3.0,1.0,3.0,8.0,6.0,2.0,4.0,0.0
10627,0.0,0.0,0.0,0.0,7.0,2.0,1.0,3.0,1.0,3.0,8.0,6.0,2.0,4.0,0.0,32.0,-17.770000000000003,0.0,0.0,0.0,0.0,1.0,3.0,2.0,4.0,2.0,4.0,1.0,7.0,3.0,5.0,0.0
10628,0.0,0.0,0.0,0.0,1.0,3.0,2.0,4.0,2.0,4.0,1.0,7.0,3.0,5.0,5.0,35.0,-17.459999999999997,0.0,0.0,0.0,0.0,2.0,1.0,3.0,5.0,3.0,5.0,2.0,1.0,4.0,6.0,0.0
10629,0.0,0.0,0.0,0.0,2.0,1.0,3.0,5.0,3.0,5.0,2.0,1.0,4.0,6.0,16.0,49.0,-11.159999999999998,2.0,0.0,0.0,0.0,3.0,2.0,4.0,1.0,4.0,6.0,3.0,2.0,5.0,1.0,0.0
10630,2.0,0.0,0.0,0.0,3.0,2.0,4.0,1.0,4.0,6.0,3.0,2.0,5.0,1.0,10.0,30.0,-26.494999999999997,2.0,0.0,0.0,0.0,4.0,3.0,1.0,2.0,5.0,7.0,1.0,3.0,6.0,2.0,0.0
10631,2.0,0.0,0.0,0.0,4.0,3.0,1.0,2.0,5.0,7.0,1.0,3.0,6.0,2.0,40.0,24.0,-23.294999999999998,2.0,0.0,0.0,0.0,5.0,4.0,2.0,3.0,1.0,8.0,2.0,4.0,1.0,3.0,0.0
10632,2.0,0.0,0.0,0.0,5.0,4.0,2.0,3.0,1.0,8.0,2.0,4.0,1.0,3.0,29.0,49.0,-14.979999999999997,2.0,0.0,0.0,0.0,6.0,5.0,3.0,4.0,2.0,1.0,3.0,5.0,2.0,1.0,0.0
10633,2.0,0.0,0.0,0.0,6.0,5.0,3.0,4.0,2.0,1.0,3.0,5.0,2.0,1.0,5.0,35.0,-13.739999999999998,2.0,0.0,0.0,0.0,7.0,1.0,4.0,5.0,3.0,2.0,4.0,1.0,3.0,2.0,0.0
10634,2.0,0.0,0.0,0.0,7.0,1.0,4.0,5.0,3.0,2.0,4.0,1.0,3.0,2.0,1.0,17.0,-9.355,4.0,0.0,0.0,0.0,1.0,2.0,5.0,1.0,4.0,3.0,5.0,2.0,4.0,3.0,0.0
10635,4.0,0.0,0.0,0.0,1.0,2.0,5.0,1.0,4.0,3.0,5.0,2.0,4.0,3.0,33.0,30.0,-20.55,4.0,2.0,0.0,0.0,2.0,3.0,6.0,2.0,5.0,4.0,1.0,3.0,5.0,4.0,0.0
10636,4.0,2.0,0.0,0.0,2.0,3.0,6.0,2.0,5.0,4.0,1.0,3.0,5.0,4.0,12.0,47.0,-12.18,2.0,2.0,0.0,0.0,3.0,4.0,1.0,3.0,6.0,5.0,2.0,4.0,6.0,1.0,0.0
10637,2.0,2.0,0.0,0.0,3.0,4.0,1.0,3.0,6.0,5.0,2.0,4.0,6.0,1.0,40.0,24.0,-19.575,2.0,2.0,0.0,0.0,4.0,5.0,2.0,4.0,1.0,6.0,3.0,5.0,1.0,2.0,0.0
10638,2.0,2.0,0.0,0.0,4.0,5.0,2.0,4.0,1.0,6.0,3.0,5.0,1.0,2.0,26.0,50.0,-7.7299999999999995,4.0,2.0,0.0,0.0,5.0,6.0,3.0,5.0,2.0,1.0,4.0,6.0,2.0,3.0,0.0
10639,4.0,2.0,0.0,0.0,5.0,6.0,3.0,5.0,2.0,1.0,4.0,6.0,2.0,3.0,5.0,18.0,-7.9399999999999995,4.0,2.0,0.0,2.0,6.0,1.0,4.0,1.0,3.0,2.0,5.0,7.0,3.0,4.0,0.0
10640,4.0,2.0,0.0,2.0,6.0,1.0,4.0,1.0,3.0,2.0,5.0,7.0,3.0,4.0,12.0,47.0,-11.239999999999998,2.0,2.0,0.0,2.0,7.0,2.0,1.0,2.0,4.0,3.0,6.0,8.0,4.0,1.0,0.0
10641,2.0,2.0,0.0,2.0,7.0,2.0,1.0,2.0,4.0,3.0,6.0,8.0,4.0,1.0,0.0,4.0,-6.27,2.0,2.0,0.0,0.0,1.0,3.0,2.0,3.0,5.0,4.0,7.0,9.0,5.0,2.0,0.0
10642,2.0,2.0,0.0,0.0,1.0,3.0,2.0,3.0,5.0,4.0,7.0,9.0,5.0,2.0,26.0,35.0,-13.719999999999999,4.0,2.0,0.0,0.0,2.0,4.0,3.0,4.0,6.0,1.0,8.0,1.0,6.0,3.0,0.0
10643,4.0,2.0,0.0,0.0,2.0,4.0,3.0,4.0,6.0,1.0,8.0,1.0,6.0,3.0,34.0,18.0,-10.575,4.0,0.0,0.0,2.0,3.0,5.0,4.0,1.0,7.0,2.0,1.0,2.0,7.0,4.0,0.0
10644,4.0,0.0,0.0,2.0,3.0,5.0,4.0,1.0,7.0,2.0,1.0,2.0,7.0,4.0,9.0,42.0,-12.08,4.0,0.0,0.0,2.0,4.0,1.0,5.0,2.0,8.0,3.0,2.0,3.0,1.0,5.0,0.0
10645,4.0,0.0,0.0,2.0,4.0,1.0,5.0,2.0,8.0,3.0,2.0,3.0,1.0,5.0,12.0,24.0,-24.955,2.0,0.0,0.0,0.0,5.0,2.0,1.0,3.0,1.0,4.0,3.0,4.0,2.0,6.0,0.0
10646,2.0,0.0,0.0,0.0,5.0,2.0,1.0,3.0,1.0,4.0,3.0,4.0,2.0,6.0,0.0,49.0,-5.635,2.0,0.0,0.0,0.0,1.0,3.0,2.0,4.0,2.0,5.0,4.0,5.0,3.0,1.0,0.0
10647,2.0,0.0,0.0,0.0,1.0,3.0,2.0,4.0,2.0,5.0,4.0,5.0,3.0,1.0,36.0,35.0,-10.32,4.0,0.0,0.0,0.0,2.0,4.0,3.0,5.0,3.0,6.0,5.0,1.0,4.0,2.0,0.0
10648,4.0,0.0,0.0,0.0,2.0,4.0,3.0,5.0,3.0,6.0,5.0,1.0,4.0,2.0,27.0,45.0,-15.479999999999997,2.0,0.0,0.0,0.0,3.0,5.0,4.0,6.0,4.0,1.0,6.0,2.0,5.0,1.0,0.0
10649,2.0,0.0,0.0,0.0,3.0,5.0,4.0,6.0,4.0,1.0,6.0,2.0,5.0,1.0,1.0,17.0,-10.155,4.0,0.0,0.0,0.0,1.0,6.0,5.0,1.0,5.0,2.0,7.0,3.0,6.0,2.0,0.0
10650,4.0,0.0,0.0,0.0,1.0,6.0,5.0,1.0,5.0,2.0,7.0,3.0,6.0,2.0,9.0,42.0,-15.999999999999998,4.0,0.0,0.0,0.0,2.0,1.0,6.0,2.0,6.0,3.0,8.0,4.0,1.0,3.0,0.0
10651,4.0,0.0,0.0,0.0,2.0,1.0,6.0,2.0,6.0,3.0,8.0,4.0,1.0,3.0,6.0,31.0,-12.535,6.0,0.0,2.0,0.0,3.0,1.0,7.0,3.0,7.0,4.0,1.0,5.0,2.0,4.0,0.0
10652,6.0,0.0,2.0,0.0,3.0,1.0,7.0,3.0,7.0,4.0,1.0,5.0,2.0,4.0,12.0,24.0,-19.575,4.0,0.0,2.0,0.0,4.0,2.0,1.0,4.0,1.0,5.0,2.0,6.0,3.0,5.0,0.0
10653,4.0,0.0,2.0,0.0,4.0,2.0,1.0,4.0,1.0,5.0,2.0,6.0,3.0,5.0,0.0,35.0,-6.555,4.0,0.0,2.0,0.0,1.0,3.0,2.0,5.0,2.0,6.0,3.0,1.0,4.0,6.0,0.0
10654,4.0,0.0,2.0,0.0,1.0,3.0,2.0,5.0,2.0,6.0,3.0,1.0,4.0,6.0,27.0,45.0,-14.259999999999998,2.0,0.0,2.0,0.0,2.0,4.0,3.0,6.0,3.0,1.0,4.0,2.0,5.0,1.0,0.0
10655,2.0,0.0,2.0,0.0,2.0,4.0,3.0,6.0,3.0,1.0,4.0,2.0,5.0,1.0,1.0,17.0,-9.655,4.0,0.0,0.0,0.0,1.0,5.0,4.0,1.0,4.0,2.0,5.0,3.0,6.0,2.0,0.0
10656,4.0,0.0,0.0,0.0,1.0,5.0,4.0,1.0,4.0,2.0,5.0,3.0,6.0,2.0,9.0,42.0,-15.599999999999998,4.0,0.0,0.0,0.0,2.0,1.0,5.0,2.0,5.0,3.0,6.0,4.0,1.0,3.0,0.0
10657,4.0,0.0,0.0,0.0,2.0,1.0,5.0,2.0,5.0,3.0,6.0,4.0,1.0,3.0,6.0,39.0,-10.52,6.0,0.0,0.0,0.0,3.0,1.0,6.0,3.0,6.0,4.0,7.0,1.0,2.0,4.0,0.0
10658,6.0,0.0,0.0,0.0,3.0,1.0,6.0,3.0,6.0,4.0,7.0,1.0,2.0,4.0,6.0,45.0,-7.3,8.0,0.0,0.0,0.0,4.0,1.0,7.0,4.0,7.0,5.0,8.0,2.0,3.0,1.0,0.0
10659,8.0,0.0,0.0,0.0,4.0,1.0,7.0,4.0,7.0,5.0,8.0,2.0,3.0,1.0,6.0,2.0,-7.800000000000001,9.0,0.0,0.0,0.0,1.0,1.0,8.0,5.0,8.0,6.0,9.0,3.0,4.0,2.0,0.0
10660,9.0,0.0,0.0,0.0,1.0,1.0,8.0,5.0,8.0,6.0,9.0,3.0,4.0,2.0,6.0,21.0,-14.100000000000001,9.0,0.0,2.0,0.0,2.0,1.0,9.0,6.0,1.0,7.0,10.0,4.0,5.0,3.0,0.0
10661,9.0,0.0,2.0,0.0,2.0,1.0,9.0,6.0,1.0,7.0,10.0,4.0,5.0,3.0,33.0,32.0,-17.975,9.0,2.0,0.0,0.0,3.0,2.0,10.0,7.0,2.0,8.0,1.0,5.0,6.0,4.0,0.0
10662,9.0,2.0,0.0,0.0,3.0,2.0,10.0,7.0,2.0,8.0,1.0,5.0,6.0,4.0,25.0,11.0,-15.934999999999999,9.0,2.0,2.0,0.0,4.0,3.0,1.0,8.0,3.0,1.0,2.0,6.0,7.0,5.0,0.0
10663,9.0,2.0,2.0,0.0,4.0,3.0,1.0,8.0,3.0,1.0,2.0,6.0,7.0,5.0,25.0,35.0,-8.795,9.0,2.0,2.0,0.0,5.0,4.0,2.0,9.0,4.0,1.0,3.0,1.0,8.0,6.0,0.0
10664,9.0,2.0,2.0,0.0,5.0,4.0,2.0,9.0,4.0,1.0,3.0,1.0,8.0,6.0,9.0,17.0,-11.285,9.0,0.0,0.0,0.0,6.0,1.0,3.0,1.0,5.0,2.0,4.0,2.0,9.0,7.0,0.0
10665,9.0,0.0,0.0,0.0,6.0,1.0,3.0,1.0,5.0,2.0,4.0,2.0,9.0,7.0,25.0,1.0,-8.849999999999998,9.0,0.0,2.0,0.0,1.0,2.0,4.0,2.0,6.0,1.0,5.0,3.0,10.0,8.0,0.0
10666,9.0,0.0,2.0,0.0,1.0,2.0,4.0,2.0,6.0,1.0,5.0,3.0,10.0,8.0,25.0,42.0,-18.514999999999997,9.0,0.0,0.0,0.0,2.0,3.0,5.0,3.0,7.0,1.0,6.0,4.0,1.0,9.0,0.0
10667,9.0,0.0,0.0,0.0,2.0,3.0,5.0,3.0,7.0,1.0,6.0,4.0,1.0,9.0,31.0,45.0,-6.08,9.0,0.0,0.0,0.0,3.0,4.0,6.0,4.0,8.0,2.0,1.0,5.0,2.0,1.0,0.0
10668,9.0,0.0,0.0,0.0,3.0,4.0,6.0,4.0,8.0,2.0,1.0,5.0,2.0,1.0,25.0,35.0,-13.975,9.0,0.0,0.0,0.0,4.0,5.0,7.0,5.0,9.0,1.0,2.0,1.0,3.0,2.0,0.0
10669,9.0,0.0,0.0,0.0,4.0,5.0,7.0,5.0,9.0,1.0,2.0,1.0,3.0,2.0,6.0,17.0,-11.185,9.0,0.0,0.0,0.0,5.0,1.0,8.0,1.0,10.0,2.0,3.0,2.0,4.0,3.0,0.0
10670,9.0,0.0,0.0,0.0,5.0,1.0,8.0,1.0,10.0,2.0,3.0,2.0,4.0,3.0,25.0,24.0,-19.509999999999998,9.0,0.0,0.0,0.0,6.0,2.0,9.0,2.0,1.0,1.0,4.0,3.0,5.0,4.0,0.0
10671,9.0,0.0,0.0,0.0,6.0,2.0,9.0,2.0,1.0,1.0,4.0,3.0,5.0,4.0,14.0,1.0,-12.809999999999999,9.0,0.0,2.0,0.0,1.0,3.0,1.0,3.0,2.0,2.0,5.0,4.0,6.0,5.0,0.0
10672,9.0,0.0,2.0,0.0,1.0,3.0,1.0,3.0,2.0,2.0,5.0,4.0,6.0,5.0,25.0,35.0,-10.575,9.0,0.0,2.0,0.0,2.0,4.0,2.0,4.0,3.0,1.0,6.0,1.0,7.0,6.0,0.0
10673,9.0,0.0,2.0,0.0,2.0,4.0,2.0,4.0,3.0,1.0,6.0,1.0,7.0,6.0,47.0,45.0,-10.975000000000001,7.0,0.0,2.0,0.0,3.0,5.0,3.0,5.0,4.0,2.0,7.0,2.0,8.0,1.0,0.0
10674,7.0,0.0,2.0,0.0,3.0,5.0,3.0,5.0,4.0,2.0,7.0,2.0,8.0,1.0,33.0,17.0,-10.62,7.0,2.0,0.0,0.0,4.0,6.0,4.0,1.0,5.0,3.0,1.0,3.0,9.0,2.0,0.0
10675,7.0,2.0,0.0,0.0,4.0,6.0,4.0,1.0,5.0,3.0,1.0,3.0,9.0,2.0,25.0,42.0,-15.534999999999998,7.0,2.0,0.0,0.0,5.0,7.0,5.0,2.0,6.0,1.0,2.0,4.0,1.0,3.0,0.0
10676,7.0,2.0,0.0,0.0,5.0,7.0,5.0,2.0,6.0,1.0,2.0,4.0,1.0,3.0,12.0,39.0,-313.775,5.0,2.0,0.0,0.0,6.0,8.0,1.0,3.0,7.0,2.0,3.0,1.0,2.0,4.0,0.0
10677,5.0,2.0,0.0,0.0,6.0,8.0,1.0,3.0,7.0,2.0,3.0,1.0,2.0,4.0,8.0,8.0,-13.045,5.0,4.0,0.0,2.0,7.0,1.0,2.0,4.0,8.0,3.0,4.0,2.0,3.0,5.0,0.0
10678,5.0,4.0,0.0,2.0,7.0,1.0,2.0,4.0,8.0,3.0,4.0,2.0,3.0,5.0,24.0,15.0,-8.66,5.0,2.0,0.0,2.0,8.0,2.0,3.0,1.0,1.0,4.0,5.0,3.0,4.0,6.0,0.0
10679,5.0,2.0,0.0,2.0,8.0,2.0,3.0,1.0,1.0,4.0,5.0,3.0,4.0,6.0,14.0,32.0,-24.67,5.0,0.0,0.0,2.0,9.0,3.0,1.0,2.0,2.0,5.0,1.0,4.0,5.0,7.0,0.0
10680,5.0,0.0,0.0,2.0,9.0,3.0,1.0,2.0,2.0,5.0,1.0,4.0,5.0,7.0,0.0,1.0,-5.395,5.0,0.0,2.0,2.0,1.0,4.0,2.0,3.0,3.0,6.0,2.0,5.0,6.0,8.0,0.0
10681,5.0,0.0,2.0,2.0,1.0,4.0,2.0,3.0,3.0,6.0,2.0,5.0,6.0,8.0,25.0,9.0,-14.075,5.0,0.0,2.0,0.0,2.0,1.0,3.0,4.0,4.0,1.0,3.0,6.0,7.0,9.0,0.0
10682,5.0,0.0,2.0,0.0,2.0,1.0,3.0,4.0,4.0,1.0,3.0,6.0,7.0,9.0,25.0,35.0,-12.515,5.0,0.0,2.0,0.0,3.0,2.0,4.0,5.0,5.0,1.0,4.0,1.0,8.0,10.0,0.0
10683,5.0,0.0,2.0,0.0,3.0,2.0,4.0,5.0,5.0,1.0,4.0,1.0,8.0,10.0,25.0,15.0,-16.015,5.0,0.0,2.0,0.0,4.0,3.0,5.0,1.0,6.0,1.0,5.0,2.0,9.0,11.0,0.0
10684,5.0,0.0,2.0,0.0,4.0,3.0,5.0,1.0,6.0,1.0,5.0,2.0,9.0,11.0,53.0,46.0,-6.77,5.0,2.0,4.0,0.0,5.0,4.0,6.0,2.0,7.0,2.0,6.0,3.0,10.0,1.0,0.0
10685,5.0,2.0,4.0,0.0,5.0,4.0,6.0,2.0,7.0,2.0,6.0,3.0,10.0,1.0,41.0,30.0,-13.61,7.0,2.0,4.0,0.0,6.0,5.0,7.0,3.0,8.0,3.0,1.0,4.0,1.0,2.0,0.0
10686,7.0,2.0,4.0,0.0,6.0,5.0,7.0,3.0,8.0,3.0,1.0,4.0,1.0,2.0,29.0,24.0,-13.51,7.0,0.0,4.0,0.0,7.0,6.0,8.0,4.0,1.0,1.0,2.0,5.0,2.0,3.0,0.0
10687,7.0,0.0,4.0,0.0,7.0,6.0,8.0,4.0,1.0,1.0,2.0,5.0,2.0,3.0,14.0,35.0,-12.435,7.0,0.0,4.0,0.0,8.0,7.0,1.0,5.0,2.0,2.0,3.0,1.0,3.0,4.0,0.0
10688,7.0,0.0,4.0,0.0,8.0,7.0,1.0,5.0,2.0,2.0,3.0,1.0,3.0,4.0,29.0,9.0,-10.055,7.0,0.0,4.0,0.0,9.0,1.0,2.0,6.0,3.0,1.0,4.0,2.0,4.0,5.0,0.0
10689,7.0,0.0,4.0,0.0,9.0,1.0,2.0,6.0,3.0,1.0,4.0,2.0,4.0,5.0,30.0,1.0,-6.035,7.0,0.0,6.0,0.0,1.0,2.0,3.0,7.0,4.0,2.0,1.0,3.0,5.0,6.0,0.0
10690,7.0,0.0,6.0,0.0,1.0,2.0,3.0,7.0,4.0,2.0,1.0,3.0,5.0,6.0,25.0,35.0,-8.394999999999998,7.0,0.0,6.0,0.0,2.0,3.0,4.0,8.0,5.0,1.0,2.0,1.0,6.0,7.0,0.0
10691,7.0,0.0,6.0,0.0,2.0,3.0,4.0,8.0,5.0,1.0,2.0,1.0,6.0,7.0,25.0,37.0,-9.814999999999998,7.0,0.0,4.0,0.0,3.0,4.0,5.0,9.0,6.0,1.0,3.0,1.0,7.0,8.0,0.0
10692,7.0,0.0,4.0,0.0,3.0,4.0,5.0,9.0,6.0,1.0,3.0,1.0,7.0,8.0,25.0,17.0,-14.774999999999999,7.0,0.0,2.0,0.0,4.0,5.0,6.0,1.0,7.0,1.0,4.0,2.0,8.0,9.0,0.0
10693,7.0,0.0,2.0,0.0,4.0,5.0,6.0,1.0,7.0,1.0,4.0,2.0,8.0,9.0,8.0,1.0,-5.42,7.0,2.0,4.0,0.0,1.0,1.0,7.0,2.0,8.0,2.0,5.0,3.0,9.0,10.0,0.0
10694,7.0,2.0,4.0,0.0,1.0,1.0,7.0,2.0,8.0,2.0,5.0,3.0,9.0,10.0,25.0,47.0,-7.8549999999999995,7.0,2.0,2.0,0.0,2.0,2.0,8.0,3.0,9.0,1.0,6.0,4.0,10.0,1.0,0.0
10695,7.0,2.0,2.0,0.0,2.0,2.0,8.0,3.0,9.0,1.0,6.0,4.0,10.0,1.0,25.0,10.0,-16.634999999999998,7.0,2.0,2.0,0.0,3.0,3.0,1.0,4.0,10.0,1.0,7.0,5.0,11.0,2.0,0.0
10696,7.0,2.0,2.0,0.0,3.0,3.0,1.0,4.0,10.0,1.0,7.0,5.0,11.0,2.0,25.0,35.0,-9.594999999999999,7.0,2.0,2.0,0.0,4.0,4.0,2.0,5.0,11.0,1.0,8.0,1.0,12.0,3.0,0.0
10697,7.0,2.0,2.0,0.0,4.0,4.0,2.0,5.0,11.0,1.0,8.0,1.0,12.0,3.0,34.0,22.0,-16.755,7.0,0.0,0.0,0.0,5.0,5.0,3.0,6.0,1.0,2.0,1.0,2.0,13.0,4.0,0.0
10698,7.0,0.0,0.0,0.0,5.0,5.0,3.0,6.0,1.0,2.0,1.0,2.0,13.0,4.0,41.0,1.0,-15.49,9.0,0.0,2.0,0.0,1.0,6.0,4.0,7.0,2.0,3.0,2.0,3.0,1.0,5.0,0.0
10699,9.0,0.0,2.0,0.0,1.0,6.0,4.0,7.0,2.0,3.0,2.0,3.0,1.0,5.0,6.0,9.0,-9.844999999999999,9.0,0.0,2.0,0.0,2.0,1.0,5.0,8.0,3.0,4.0,3.0,4.0,2.0,6.0,1.0
10700,0.0,9.0,2.0,1.0,1.0,1.0,1.0,1.0,1.0,1.0,1.0,1.0,1.0,1.0,11.0,32.0,-17.765,2.0,9.0,0.0,1.0,2.0,2.0,1.0,2.0,2.0,2.0,1.0,2.0,2.0,2.0,0.0
10701,2.0,9.0,0.0,1.0,2.0,2.0,1.0,2.0,2.0,2.0,1.0,2.0,2.0,2.0,14.0,47.0,-6.529999999999999,2.0,7.0,0.0,1.0,3.0,3.0,1.0,3.0,3.0,3.0,2.0,3.0,3.0,1.0,0.0
10702,2.0,7.0,0.0,1.0,3.0,3.0,1.0,3.0,3.0,3.0,2.0,3.0,3.0,1.0,11.0,21.0,-10.385,4.0,7.0,2.0,1.0,4.0,4.0,1.0,4.0,1.0,4.0,3.0,4.0,4.0,2.0,0.0
10703,4.0,7.0,2.0,1.0,4.0,4.0,1.0,4.0,1.0,4.0,3.0,4.0,4.0,2.0,14.0,9.0,-9.645,4.0,5.0,2.0,0.0,5.0,1.0,1.0,5.0,2.0,5.0,4.0,5.0,5.0,3.0,0.0
10704,4.0,5.0,2.0,0.0,5.0,1.0,1.0,5.0,2.0,5.0,4.0,5.0,5.0,3.0,25.0,32.0,-19.200000000000003,4.0,5.0,0.0,0.0,6.0,2.0,2.0,6.0,3.0,1.0,1.0,6.0,6.0,4.0,0.0
10705,4.0,5.0,0.0,0.0,6.0,2.0,2.0,6.0,3.0,1.0,1.0,6.0,6.0,4.0,16.0,1.0,-8.149999999999999,6.0,5.0,2.0,0.0,1.0,3.0,3.0,1.0,4.0,2.0,2.0,7.0,7.0,5.0,0.0
10706,6.0,5.0,2.0,0.0,1.0,3.0,3.0,1.0,4.0,2.0,2.0,7.0,7.0,5.0,25.0,36.0,-5.305,6.0,5.0,4.0,0.0,2.0,4.0,4.0,2.0,5.0,1.0,3.0,1.0,8.0,6.0,0.0
10707,6.0,5.0,4.0,0.0,2.0,4.0,4.0,2.0,5.0,1.0,3.0,1.0,8.0,6.0,10.0,9.0,-6.744999999999999,6.0,5.0,4.0,0.0,3.0,1.0,1.0,3.0,6.0,2.0,4.0,2.0,9.0,7.0,0.0
10708,6.0,5.0,4.0,0.0,3.0,1.0,1.0,3.0,6.0,2.0,4.0,2.0,9.0,7.0,25.0,21.0,-8.959999999999999,6.0,5.0,6.0,0.0,4.0,2.0,2.0,4.0,1.0,1.0,5.0,3.0,10.0,8.0,0.0
10709,6.0,5.0,6.0,0.0,4.0,2.0,2.0,4.0,1.0,1.0,5.0,3.0,10.0,8.0,35.0,32.0,-311.02,6.0,5.0,4.0,0.0,5.0,3.0,3.0,5.0,2.0,2.0,1.0,1.0,11.0,9.0,0.0
10710,6.0,5.0,4.0,0.0,5.0,3.0,3.0,5.0,2.0,2.0,1.0,1.0,11.0,9.0,14.0,1.0,-8.74,6.0,3.0,6.0,0.0,1.0,4.0,1.0,6.0,3.0,3.0,2.0,2.0,12.0,10.0,0.0
10711,6.0,3.0,6.0,0.0,1.0,4.0,1.0,6.0,3.0,3.0,2.0,2.0,12.0,10.0,25.0,9.0,-7.025,6.0,3.0,6.0,0.0,2.0,1.0,2.0,7.0,4.0,1.0,3.0,3.0,13.0,11.0,0.0
10712,6.0,3.0,6.0,0.0,2.0,1.0,2.0,7.0,4.0,1.0,3.0,3.0,13.0,11.0,35.0,32.0,-10.059999999999999,6.0,3.0,4.0,0.0,3.0,2.0,3.0,8.0,5.0,2.0,1.0,1.0,14.0,12.0,0.0
10713,6.0,3.0,4.0,0.0,3.0,2.0,3.0,8.0,5.0,2.0,1.0,1.0,14.0,12.0,35.0,47.0,-7.125,6.0,3.0,2.0,0.0,4.0,3.0,4.0,9.0,6.0,3.0,2.0,1.0,15.0,1.0,0.0
10714,6.0,3.0,2.0,0.0,4.0,3.0,4.0,9.0,6.0,3.0,2.0,1.0,15.0,1.0,41.0,43.0,-14.064999999999998,8.0,3.0,2.0,2.0,5.0,4.0,5.0,10.0,7.0,4.0,3.0,2.0,1.0,2.0,0.0
10715,8.0,3.0,2.0,2.0,5.0,4.0,5.0,10.0,7.0,4.0,3.0,2.0,1.0,2.0,29.0,21.0,-9.78,8.0,1.0,4.0,2.0,6.0,5.0,6.0,11.0,1.0,1.0,4.0,3.0,2.0,3.0,0.0
10716,8.0,1.0,4.0,2.0,6.0,5.0,6.0,11.0,1.0,1.0,4.0,3.0,2.0,3.0,31.0,18.0,-6.025,9.0,1.0,4.0,4.0,7.0,6.0,7.0,1.0,2.0,2.0,1.0,4.0,3.0,4.0,0.0
10717,9.0,1.0,4.0,4.0,7.0,6.0,7.0,1.0,2.0,2.0,1.0,4.0,3.0,4.0,7.0,9.0,-5.96,7.0,1.0,4.0,2.0,8.0,1.0,8.0,2.0,3.0,3.0,2.0,5.0,4.0,5.0,0.0
10718,7.0,1.0,4.0,2.0,8.0,1.0,8.0,2.0,3.0,3.0,2.0,5.0,4.0,5.0,14.0,12.0,-18.715,7.0,0.0,2.0,2.0,9.0,2.0,1.0,3.0,4.0,4.0,3.0,6.0,5.0,6.0,0.0
10719,7.0,0.0,2.0,2.0,9.0,2.0,1.0,3.0,4.0,4.0,3.0,6.0,5.0,6.0,37.0,39.0,-7.955,5.0,0.0,2.0,0.0,10.0,3.0,2.0,4.0,5.0,5.0,4.0,1.0,6.0,7.0,0.0
10720,5.0,0.0,2.0,0.0,10.0,3.0,2.0,4.0,5.0,5.0,4.0,1.0,6.0,7.0,2.0,1.0,-5.475,3.0,0.0,4.0,0.0,1.0,4.0,3.0,5.0,6.0,6.0,5.0,2.0,7.0,8.0,0.0
10721,3.0,0.0,4.0,0.0,1.0,4.0,3.0,5.0,6.0,6.0,5.0,2.0,7.0,8.0,47.0,21.0,-10.189999999999998,1.0,0.0,6.0,0.0,2.0,5.0,4.0,6.0,1.0,7.0,6.0,3.0,8.0,1.0,0.0
10722,1.0,0.0,6.0,0.0,2.0,5.0,4.0,6.0,1.0,7.0,6.0,3.0,8.0,1.0,36.0,32.0,-10.29,3.0,0.0,4.0,0.0,3.0,6.0,5.0,7.0,2.0,8.0,1.0,1.0,9.0,2.0,0.0
10723,3.0,0.0,4.0,0.0,3.0,6.0,5.0,7.0,2.0,8.0,1.0,1.0,9.0,2.0,7.0,9.0,-13.325000000000003,1.0,0.0,4.0,0.0,4.0,1.0,6.0,8.0,3.0,9.0,2.0,2.0,10.0,3.0,0.0
10724,1.0,0.0,4.0,0.0,4.0,1.0,6.0,8.0,3.0,9.0,2.0,2.0,10.0,3.0,35.0,32.0,-17.490000000000002,1.0,0.0,2.0,0.0,5.0,2.0,7.0,9.0,4.0,10.0,1.0,1.0,11.0,4.0,0.0
10725,1.0,0.0,2.0,0.0,5.0,2.0,7.0,9.0,4.0,10.0,1.0,1.0,11.0,4.0,2.0,32.0,-20.37,0.0,0.0,0.0,0.0,1.0,3.0,8.0,10.0,5.0,11.0,1.0,2.0,12.0,5.0,0.0
10726,0.0,0.0,0.0,0.0,1.0,3.0,8.0,10.0,5.0,11.0,1.0,2.0,12.0,5.0,19.0,43.0,-17.0,0.0,0.0,0.0,2.0,2.0,4.0,9.0,1.0,6.0,12.0,2.0,3.0,1.0,6.0,0.0
10727,0.0,0.0,0.0,2.0,2.0,4.0,9.0,1.0,6.0,12.0,2.0,3.0,1.0,6.0,21.0,47.0,-13.235000000000001,2.0,0.0,0.0,2.0,3.0,5.0,10.0,2.0,1.0,13.0,3.0,4.0,2.0,1.0,0.0
10728,2.0,0.0,0.0,2.0,3.0,5.0,10.0,2.0,1.0,13.0,3.0,4.0,2.0,1.0,6.0,26.0,-12.9,4.0,0.0,2.0,2.0,4.0,1.0,11.0,3.0,2.0,1.0,4.0,5.0,3.0,2.0,0.0
10729,4.0,0.0,2.0,2.0,4.0,1.0,11.0,3.0,2.0,1.0,4.0,5.0,3.0,2.0,14.0,13.0,-15.899999999999999,4.0,0.0,2.0,4.0,5.0,2.0,1.0,4.0,3.0,2.0,5.0,6.0,4.0,3.0,0.0
10730,4.0,0.0,2.0,4.0,5.0,2.0,1.0,4.0,3.0,2.0,5.0,6.0,4.0,3.0,7.0,10.0,-12.879999999999999,2.0,0.0,2.0,4.0,6.0,1.0,1.0,5.0,4.0,3.0,6.0,7.0,5.0,4.0,0.0
10731,2.0,0.0,2.0,4.0,6.0,1.0,1.0,5.0,4.0,3.0,6.0,7.0,5.0,4.0,7.0,10.0,-17.4,0.0,0.0,2.0,4.0,7.0,1.0,1.0,6.0,5.0,4.0,7.0,8.0,6.0,5.0,0.0
10732,0.0,0.0,2.0,4.0,7.0,1.0,1.0,6.0,5.0,4.0,7.0,8.0,6.0,5.0,35.0,10.0,-15.019999999999998,0.0,0.0,2.0,4.0,8.0,2.0,1.0,7.0,6.0,5.0,8.0,1.0,7.0,6.0,0.0
10733,0.0,0.0,2.0,4.0,8.0,2.0,1.0,7.0,6.0,5.0,8.0,1.0,7.0,6.0,2.0,10.0,-10.934999999999999,0.0,0.0,2.0,4.0,1.0,3.0,1.0,8.0,7.0,6.0,9.0,2.0,8.0,7.0,0.0
10734,0.0,0.0,2.0,4.0,1.0,3.0,1.0,8.0,7.0,6.0,9.0,2.0,8.0,7.0,36.0,21.0,-9.795,2.0,0.0,4.0,4.0,2.0,4.0,2.0,9.0,1.0,7.0,10.0,1.0,9.0,8.0,0.0
10735,2.0,0.0,4.0,4.0,2.0,4.0,2.0,9.0,1.0,7.0,10.0,1.0,9.0,8.0,7.0,32.0,-22.415,0.0,0.0,2.0,4.0,3.0,1.0,3.0,10.0,2.0,8.0,1.0,2.0,10.0,9.0,0.0
10736,0.0,0.0,2.0,4.0,3.0,1.0,3.0,10.0,2.0,8.0,1.0,2.0,10.0,9.0,16.0,43.0,-10.719999999999999,2.0,0.0,2.0,6.0,4.0,2.0,4.0,1.0,3.0,9.0,2.0,3.0,1.0,10.0,0.0
10737,2.0,0.0,2.0,6.0,4.0,2.0,4.0,1.0,3.0,9.0,2.0,3.0,1.0,10.0,48.0,47.0,-6.38,2.0,2.0,0.0,6.0,5.0,3.0,5.0,2.0,4.0,10.0,3.0,4.0,2.0,1.0,0.0
10738,2.0,2.0,0.0,6.0,5.0,3.0,5.0,2.0,4.0,10.0,3.0,4.0,2.0,1.0,7.0,10.0,-17.740000000000002,0.0,2.0,0.0,6.0,6.0,1.0,1.0,3.0,5.0,11.0,4.0,5.0,3.0,2.0,0.0
10739,0.0,2.0,0.0,6.0,6.0,1.0,1.0,3.0,5.0,11.0,4.0,5.0,3.0,2.0,18.0,13.0,-11.52,0.0,4.0,0.0,8.0,7.0,2.0,1.0,1.0,6.0,12.0,5.0,6.0,4.0,3.0,0.0
10740,0.0,4.0,0.0,8.0,7.0,2.0,1.0,1.0,6.0,12.0,5.0,6.0,4.0,3.0,18.0,21.0,-10.735,0.0,6.0,2.0,8.0,8.0,3.0,2.0,1.0,1.0,13.0,6.0,7.0,5.0,4.0,0.0
10741,0.0,6.0,2.0,8.0,8.0,3.0,2.0,1.0,1.0,13.0,6.0,7.0,5.0,4.0,14.0,32.0,-32.635000000000005,0.0,4.0,0.0,8.0,9.0,4.0,1.0,2.0,2.0,14.0,1.0,8.0,6.0,5.0,0.0
10742,0.0,4.0,0.0,8.0,9.0,4.0,1.0,2.0,2.0,14.0,1.0,8.0,6.0,5.0,39.0,44.0,-13.48,0.0,2.0,0.0,6.0,10.0,5.0,2.0,3.0,3.0,15.0,2.0,1.0,1.0,6.0,0.0
10743,0.0,2.0,0.0,6.0,10.0,5.0,2.0,3.0,3.0,15.0,2.0,1.0,1.0,6.0,16.0,49.0,-8.620000000000001,2.0,2.0,0.0,4.0,11.0,6.0,3.0,1.0,4.0,16.0,3.0,2.0,2.0,1.0,0.0
10744,2.0,2.0,0.0,4.0,11.0,6.0,3.0,1.0,4.0,16.0,3.0,2.0,2.0,1.0,29.0,29.0,-25.379999999999995,2.0,0.0,0.0,2.0,12.0,7.0,4.0,2.0,5.0,1.0,4.0,3.0,3.0,2.0,0.0
10745,2.0,0.0,0.0,2.0,12.0,7.0,4.0,2.0,5.0,1.0,4.0,3.0,3.0,2.0,2.0,23.0,-13.209999999999999,0.0,0.0,0.0,4.0,1.0,8.0,5.0,3.0,1.0,2.0,5.0,4.0,4.0,3.0,0.0
10746,0.0,0.0,0.0,4.0,1.0,8.0,5.0,3.0,1.0,2.0,5.0,4.0,4.0,3.0,7.0,9.0,-19.919999999999998,0.0,0.0,0.0,2.0,2.0,1.0,6.0,4.0,2.0,3.0,6.0,5.0,5.0,4.0,0.0
10747,0.0,0.0,0.0,2.0,2.0,1.0,6.0,4.0,2.0,3.0,6.0,5.0,5.0,4.0,14.0,47.0,-18.06,0.0,0.0,0.0,2.0,3.0,2.0,1.0,5.0,3.0,4.0,7.0,6.0,6.0,1.0,0.0
10748,0.0,0.0,0.0,2.0,3.0,2.0,1.0,5.0,3.0,4.0,7.0,6.0,6.0,1.0,36.0,32.0,-19.155,2.0,0.0,0.0,2.0,4.0,3.0,2.0,6.0,4.0,5.0,1.0,1.0,7.0,2.0,0.0
10749,2.0,0.0,0.0,2.0,4.0,3.0,2.0,6.0,4.0,5.0,1.0,1.0,7.0,2.0,2.0,17.0,-7.995,0.0,0.0,0.0,2.0,1.0,4.0,3.0,1.0,5.0,6.0,2.0,2.0,8.0,3.0,0.0
10750,0.0,0.0,0.0,2.0,1.0,4.0,3.0,1.0,5.0,6.0,2.0,2.0,8.0,3.0,36.0,44.0,-16.52,2.0,0.0,0.0,0.0,2.0,5.0,4.0,2.0,6.0,7.0,3.0,1.0,1.0,4.0,0.0
10751,2.0,0.0,0.0,0.0,2.0,5.0,4.0,2.0,6.0,7.0,3.0,1.0,1.0,4.0,8.0,21.0,-15.334999999999999,2.0,2.0,2.0,0.0,3.0,1.0,5.0,3.0,1.0,8.0,4.0,2.0,2.0,5.0,0.0
10752,2.0,2.0,2.0,0.0,3.0,1.0,5.0,3.0,1.0,8.0,4.0,2.0,2.0,5.0,25.0,32.0,-23.195000000000004,2.0,2.0,0.0,0.0,4.0,2.0,6.0,4.0,2.0,1.0,1.0,3.0,3.0,6.0,0.0
10753,2.0,2.0,0.0,0.0,4.0,2.0,6.0,4.0,2.0,1.0,1.0,3.0,3.0,6.0,14.0,47.0,-15.399999999999999,2.0,0.0,0.0,0.0,5.0,3.0,1.0,5.0,3.0,2.0,2.0,4.0,4.0,1.0,0.0
10754,2.0,0.0,0.0,0.0,5.0,3.0,1.0,5.0,3.0,2.0,2.0,4.0,4.0,1.0,39.0,36.0,-9.18,2.0,0.0,2.0,0.0,6.0,4.0,2.0,6.0,4.0,3.0,3.0,1.0,5.0,2.0,0.0
10755,2.0,0.0,2.0,0.0,6.0,4.0,2.0,6.0,4.0,3.0,3.0,1.0,5.0,2.0,2.0,32.0,-18.270000000000003,0.0,0.0,0.0,0.0,1.0,5.0,3.0,7.0,5.0,4.0,1.0,2.0,6.0,3.0,0.0
10756,0.0,0.0,0.0,0.0,1.0,5.0,3.0,7.0,5.0,4.0,1.0,2.0,6.0,3.0,36.0,17.0,-12.48,2.0,0.0,0.0,0.0,2.0,6.0,4.0,1.0,6.0,5.0,2.0,1.0,7.0,4.0,0.0
10757,2.0,0.0,0.0,0.0,2.0,6.0,4.0,1.0,6.0,5.0,2.0,1.0,7.0,4.0,36.0,9.0,-13.399999999999999,4.0,0.0,0.0,0.0,3.0,1.0,5.0,2.0,7.0,6.0,3.0,1.0,8.0,5.0,0.0
10758,4.0,0.0,0.0,0.0,3.0,1.0,5.0,2.0,7.0,6.0,3.0,1.0,8.0,5.0,25.0,44.0,-20.439999999999998,4.0,0.0,0.0,0.0,4.0,2.0,6.0,3.0,8.0,1.0,4.0,2.0,1.0,6.0,0.0
10759,4.0,0.0,0.0,0.0,4.0,2.0,6.0,3.0,8.0,1.0,4.0,2.0,1.0,6.0,31.0,47.0,-7.575,6.0,0.0,0.0,0.0,5.0,3.0,7.0,4.0,9.0,2.0,1.0,3.0,2.0,1.0,0.0
10760,6.0,0.0,0.0,0.0,5.0,3.0,7.0,4.0,9.0,2.0,1.0,3.0,2.0,1.0,29.0,13.0,-18.06,6.0,0.0,0.0,2.0,6.0,4.0,1.0,5.0,10.0,1.0,2.0,4.0,3.0,2.0,0.0
10761,6.0,0.0,0.0,2.0,6.0,4.0,1.0,5.0,10.0,1.0,2.0,4.0,3.0,2.0,29.0,20.0,-17.494999999999997,6.0,0.0,0.0,2.0,7.0,5.0,2.0,6.0,1.0,1.0,3.0,5.0,4.0,3.0,0.0
10762,6.0,0.0,0.0,2.0,7.0,5.0,2.0,6.0,1.0,1.0,3.0,5.0,4.0,3.0,37.0,17.0,-7.32,4.0,0.0,0.0,2.0,8.0,6.0,3.0,1.0,2.0,2.0,4.0,1.0,5.0,4.0,0.0
10763,4.0,0.0,0.0,2.0,8.0,6.0,3.0,1.0,2.0,2.0,4.0,1.0,5.0,4.0,7.0,23.0,-16.355,2.0,0.0,0.0,4.0,9.0,1.0,4.0,2.0,1.0,3.0,5.0,2.0,6.0,5.0,0.0
10764,2.0,0.0,0.0,4.0,9.0,1.0,4.0,2.0,1.0,3.0,5.0,2.0,6.0,5.0,14.0,44.0,-20.54,2.0,0.0,0.0,2.0,10.0,2.0,1.0,3.0,2.0,4.0,6.0,3.0,1.0,6.0,0.0
10765,2.0,0.0,0.0,2.0,10.0,2.0,1.0,3.0,2.0,4.0,6.0,3.0,1.0,6.0,31.0,32.0,-21.25,4.0,0.0,0.0,2.0,11.0,3.0,2.0,4.0,3.0,5.0,1.0,4.0,2.0,7.0,0.0
10766,4.0,0.0,0.0,2.0,11.0,3.0,2.0,4.0,3.0,5.0,1.0,4.0,2.0,7.0,0.0,38.0,-11.295000000000002,4.0,0.0,0.0,4.0,1.0,4.0,3.0,5.0,4.0,6.0,2.0,1.0,3.0,8.0,0.0
10767,4.0,0.0,0.0,4.0,1.0,4.0,3.0,5.0,4.0,6.0,2.0,1.0,3.0,8.0,37.0,44.0,-13.599999999999998,2.0,0.0,0.0,2.0,2.0,5.0,4.0,6.0,5.0,7.0,3.0,1.0,1.0,9.0,0.0
10768,2.0,0.0,0.0,2.0,2.0,5.0,4.0,6.0,5.0,7.0,3.0,1.0,1.0,9.0,48.0,47.0,-5.640000000000001,2.0,2.0,0.0,2.0,3.0,6.0,5.0,7.0,6.0,8.0,4.0,2.0,2.0,1.0,0.0
10769,2.0,2.0,0.0,2.0,3.0,6.0,5.0,7.0,6.0,8.0,4.0,2.0,2.0,1.0,29.0,44.0,-24.239999999999995,2.0,0.0,0.0,0.0,4.0,7.0,6.0,8.0,7.0,1.0,5.0,3.0,1.0,2.0,0.0
10770,2.0,0.0,0.0,0.0,4.0,7.0,6.0,8.0,7.0,1.0,5.0,3.0,1.0,2.0,31.0,17.0,-14.174999999999999,4.0,0.0,0.0,0.0,5.0,8.0,7.0,1.0,8.0,2.0,1.0,4.0,2.0,3.0,0.0
10771,4.0,0.0,0.0,0.0,5.0,8.0,7.0,1.0,8.0,2.0,1.0,4.0,2.0,3.0,37.0,13.0,-16.4,2.0,0.0,0.0,2.0,6.0,9.0,1.0,2.0,9.0,3.0,2.0,1.0,3.0,4.0,0.0
10772,2.0,0.0,0.0,2.0,6.0,9.0,1.0,2.0,9.0,3.0,2.0,1.0,3.0,4.0,2.0,9.0,-13.575,0.0,0.0,0.0,0.0,1.0,1.0,2.0,3.0,10.0,4.0,3.0,2.0,4.0,5.0,0.0
10773,0.0,0.0,0.0,0.0,1.0,1.0,2.0,3.0,10.0,4.0,3.0,2.0,4.0,5.0,48.0,44.0,-14.759999999999998,0.0,2.0,0.0,0.0,2.0,2.0,3.0,4.0,11.0,5.0,4.0,3.0,1.0,1.0,0.0
10774,0.0,2.0,0.0,0.0,2.0,2.0,3.0,4.0,11.0,5.0,4.0,3.0,1.0,1.0,24.0,21.0,-23.03,0.0,0.0,2.0,0.0,3.0,3.0,4.0,5.0,1.0,6.0,5.0,4.0,2.0,2.0,0.0
10775,0.0,0.0,2.0,0.0,3.0,3.0,4.0,5.0,1.0,6.0,5.0,4.0,2.0,2.0,29.0,32.0,-30.215000000000003,0.0,0.0,0.0,0.0,4.0,4.0,5.0,6.0,2.0,1.0,1.0,5.0,3.0,3.0,0.0
10776,0.0,0.0,0.0,0.0,4.0,4.0,5.0,6.0,2.0,1.0,1.0,5.0,3.0,3.0,17.0,36.0,-11.98,0.0,0.0,2.0,0.0,5.0,5.0,6.0,1.0,3.0,2.0,2.0,1.0,4.0,4.0,0.0
10777,0.0,0.0,2.0,0.0,5.0,5.0,6.0,1.0,3.0,2.0,2.0,1.0,4.0,4.0,49.0,8.0,-9.6,0.0,0.0,2.0,2.0,6.0,1.0,7.0,2.0,4.0,3.0,3.0,2.0,5.0,1.0,0.0
10778,0.0,0.0,2.0,2.0,6.0,1.0,7.0,2.0,4.0,3.0,3.0,2.0,5.0,1.0,4.0,13.0,-8.834999999999999,0.0,0.0,2.0,4.0,1.0,2.0,1.0,3.0,5.0,4.0,4.0,3.0,6.0,2.0,0.0
10779,0.0,0.0,2.0,4.0,1.0,2.0,1.0,3.0,5.0,4.0,4.0,3.0,6.0,2.0,54.0,44.0,-8.149999999999999,0.0,0.0,2.0,2.0,2.0,3.0,2.0,4.0,6.0,5.0,5.0,4.0,1.0,3.0,0.0
10780,0.0,0.0,2.0,2.0,2.0,3.0,2.0,4.0,6.0,5.0,5.0,4.0,1.0,3.0,24.0,7.0,-22.975,0.0,0.0,0.0,2.0,3.0,1.0,3.0,5.0,1.0,6.0,6.0,5.0,2.0,4.0,0.0
10781,0.0,0.0,0.0,2.0,3.0,1.0,3.0,5.0,1.0,6.0,6.0,5.0,2.0,4.0,17.0,44.0,-20.019999999999996,0.0,0.0,0.0,0.0,4.0,2.0,4.0,1.0,2.0,7.0,7.0,6.0,1.0,5.0,0.0
10782,0.0,0.0,0.0,0.0,4.0,2.0,4.0,1.0,2.0,7.0,7.0,6.0,1.0,5.0,31.0,32.0,-24.970000000000002,2.0,0.0,0.0,0.0,5.0,3.0,5.0,2.0,3.0,8.0,1.0,7.0,2.0,6.0,0.0
10783,2.0,0.0,0.0,0.0,5.0,3.0,5.0,2.0,3.0,8.0,1.0,7.0,2.0,6.0,37.0,36.0,-13.18,0.0,0.0,2.0,0.0,6.0,4.0,6.0,3.0,4.0,9.0,2.0,1.0,3.0,7.0,0.0
10784,0.0,0.0,2.0,0.0,6.0,4.0,6.0,3.0,4.0,9.0,2.0,1.0,3.0,7.0,49.0,7.0,-14.94,0.0,0.0,0.0,0.0,7.0,1.0,7.0,4.0,5.0,10.0,3.0,2.0,4.0,1.0,0.0
10785,0.0,0.0,0.0,0.0,7.0,1.0,7.0,4.0,5.0,10.0,3.0,2.0,4.0,1.0,2.0,32.0,-18.970000000000002,0.0,0.0,0.0,0.0,1.0,2.0,8.0,5.0,6.0,11.0,1.0,3.0,5.0,2.0,0.0
10786,0.0,0.0,0.0,0.0,1.0,2.0,8.0,5.0,6.0,11.0,1.0,3.0,5.0,2.0,25.0,44.0,-27.98,0.0,0.0,0.0,0.0,2.0,3.0,9.0,6.0,7.0,1.0,2.0,4.0,1.0,3.0,0.0
10787,0.0,0.0,0.0,0.0,2.0,3.0,9.0,6.0,7.0,1.0,2.0,4.0,1.0,3.0,24.0,13.0,-24.435,0.0,0.0,0.0,2.0,3.0,4.0,1.0,7.0,1.0,2.0,3.0,5.0,2.0,4.0,0.0
10788,0.0,0.0,0.0,2.0,3.0,4.0,1.0,7.0,1.0,2.0,3.0,5.0,2.0,4.0,17.0,52.0,-9.39,0.0,0.0,0.0,2.0,4.0,5.0,2.0,1.0,2.0,3.0,4.0,6.0,3.0,5.0,0.0
10789,0.0,0.0,0.0,2.0,4.0,5.0,2.0,1.0,2.0,3.0,4.0,6.0,3.0,5.0,9.0,46.0,-12.18,0.0,0.0,2.0,2.0,5.0,1.0,3.0,2.0,3.0,4.0,5.0,7.0,4.0,1.0,0.0
10790,0.0,0.0,2.0,2.0,5.0,1.0,3.0,2.0,3.0,4.0,5.0,7.0,4.0,1.0,54.0,32.0,-16.865000000000002,0.0,0.0,0.0,2.0,6.0,2.0,4.0,3.0,4.0,5.0,1.0,8.0,5.0,2.0,0.0
10791,0.0,0.0,0.0,2.0,6.0,2.0,4.0,3.0,4.0,5.0,1.0,8.0,5.0,2.0,39.0,36.0,-12.879999999999999,0.0,0.0,2.0,2.0,7.0,3.0,5.0,4.0,5.0,6.0,2.0,1.0,6.0,3.0,0.0
10792,0.0,0.0,2.0,2.0,7.0,3.0,5.0,4.0,5.0,6.0,2.0,1.0,6.0,3.0,18.0,44.0,-15.36,0.0,2.0,2.0,0.0,8.0,4.0,6.0,1.0,6.0,7.0,3.0,2.0,1.0,4.0,0.0
10793,0.0,2.0,2.0,0.0,8.0,4.0,6.0,1.0,6.0,7.0,3.0,2.0,1.0,4.0,23.0,7.0,-20.474999999999998,0.0,4.0,0.0,0.0,9.0,1.0,7.0,2.0,1.0,8.0,4.0,3.0,2.0,5.0,0.0
10794,0.0,4.0,0.0,0.0,9.0,1.0,7.0,2.0,1.0,8.0,4.0,3.0,2.0,5.0,49.0,32.0,-18.095000000000002,0.0,2.0,0.0,0.0,10.0,2.0,8.0,3.0,2.0,9.0,1.0,4.0,3.0,1.0,0.0
10795,0.0,2.0,0.0,0.0,10.0,2.0,8.0,3.0,2.0,9.0,1.0,4.0,3.0,1.0,0.0,32.0,-18.770000000000003,0.0,2.0,0.0,0.0,1.0,3.0,9.0,4.0,3.0,10.0,1.0,5.0,4.0,2.0,0.0
10796,0.0,2.0,0.0,0.0,1.0,3.0,9.0,4.0,3.0,10.0,1.0,5.0,4.0,2.0,10.0,13.0,-23.519999999999996,0.0,2.0,0.0,2.0,2.0,4.0,1.0,5.0,4.0,11.0,2.0,6.0,5.0,3.0,0.0
10797,0.0,2.0,0.0,2.0,2.0,4.0,1.0,5.0,4.0,11.0,2.0,6.0,5.0,3.0,24.0,46.0,-16.535,0.0,0.0,2.0,2.0,3.0,5.0,2.0,6.0,1.0,12.0,3.0,7.0,6.0,1.0,0.0
10798,0.0,0.0,2.0,2.0,3.0,5.0,2.0,6.0,1.0,12.0,3.0,7.0,6.0,1.0,52.0,9.0,-9.75,0.0,0.0,2.0,0.0,4.0,1.0,3.0,7.0,2.0,13.0,4.0,8.0,7.0,2.0,0.0
10799,0.0,0.0,2.0,0.0,4.0,1.0,3.0,7.0,2.0,13.0,4.0,8.0,7.0,2.0,35.0,36.0,-12.12,0.0,0.0,4.0,0.0,5.0,2.0,4.0,8.0,3.0,14.0,5.0,1.0,8.0,3.0,1.0
10800,0.0,0.0,4.0,0.0,1.0,1.0,1.0,1.0,1.0,1.0,1.0,1.0,1.0,1.0,24.0,7.0,-18.075,0.0,0.0,2.0,0.0,2.0,1.0,2.0,2.0,1.0,2.0,2.0,2.0,2.0,2.0,0.0
10801,0.0,0.0,2.0,0.0,2.0,1.0,2.0,2.0,1.0,2.0,2.0,2.0,2.0,2.0,49.0,32.0,-17.435000000000002,0.0,0.0,0.0,0.0,3.0,2.0,3.0,3.0,2.0,3.0,1.0,3.0,3.0,1.0,0.0
10802,0.0,0.0,0.0,0.0,3.0,2.0,3.0,3.0,2.0,3.0,1.0,3.0,3.0,1.0,52.0,46.0,-4.85,0.0,0.0,2.0,0.0,4.0,3.0,4.0,4.0,3.0,4.0,2.0,4.0,4.0,1.0,0.0
10803,0.0,0.0,2.0,0.0,4.0,3.0,4.0,4.0,3.0,4.0,2.0,4.0,4.0,1.0,52.0,7.0,-12.37,0.0,0.0,0.0,0.0,5.0,1.0,5.0,5.0,4.0,5.0,3.0,5.0,5.0,2.0,0.0
10804,0.0,0.0,0.0,0.0,5.0,1.0,5.0,5.0,4.0,5.0,3.0,5.0,5.0,2.0,52.0,46.0,-6.35,0.0,0.0,2.0,0.0,6.0,2.0,6.0,6.0,5.0,6.0,4.0,6.0,6.0,1.0,0.0
10805,0.0,0.0,2.0,0.0,6.0,2.0,6.0,6.0,5.0,6.0,4.0,6.0,6.0,1.0,52.0,20.0,-13.205,0.0,0.0,2.0,0.0,7.0,3.0,7.0,7.0,1.0,7.0,5.0,7.0,7.0,2.0,0.0
10806,0.0,0.0,2.0,0.0,7.0,3.0,7.0,7.0,1.0,7.0,5.0,7.0,7.0,2.0,52.0,32.0,-18.665000000000003,0.0,0.0,0.0,0.0,8.0,4.0,8.0,8.0,2.0,8.0,1.0,8.0,8.0,3.0,0.0
10807,0.0,0.0,0.0,0.0,8.0,4.0,8.0,8.0,2.0,8.0,1.0,8.0,8.0,3.0,39.0,46.0,-13.14,0.0,0.0,2.0,0.0,9.0,5.0,9.0,9.0,3.0,9.0,2.0,1.0,9.0,1.0,0.0
10808,0.0,0.0,2.0,0.0,9.0,5.0,9.0,9.0,3.0,9.0,2.0,1.0,9.0,1.0,18.0,8.0,-12.12,0.0,2.0,2.0,2.0,10.0,1.0,10.0,1.0,4.0,10.0,3.0,2.0,10.0,2.0,0.0
10809,0.0,2.0,2.0,2.0,10.0,1.0,10.0,1.0,4.0,10.0,3.0,2.0,10.0,2.0,18.0,32.0,-19.695,0.0,4.0,0.0,2.0,11.0,2.0,11.0,1.0,5.0,11.0,1.0,3.0,11.0,3.0,0.0
10810,0.0,4.0,0.0,2.0,11.0,2.0,11.0,1.0,5.0,11.0,1.0,3.0,11.0,3.0,18.0,44.0,-16.24,0.0,6.0,0.0,0.0,12.0,3.0,12.0,1.0,6.0,12.0,2.0,4.0,1.0,4.0,0.0
10811,0.0,6.0,0.0,0.0,12.0,3.0,12.0,1.0,6.0,12.0,2.0,4.0,1.0,4.0,12.0,7.0,-19.459999999999997,0.0,6.0,0.0,0.0,13.0,1.0,1.0,2.0,7.0,13.0,3.0,5.0,2.0,5.0,0.0
10812,0.0,6.0,0.0,0.0,13.0,1.0,1.0,2.0,7.0,13.0,3.0,5.0,2.0,5.0,52.0,46.0,-7.25,0.0,6.0,2.0,0.0,14.0,2.0,2.0,3.0,8.0,14.0,4.0,6.0,3.0,1.0,0.0
10813,0.0,6.0,2.0,0.0,14.0,2.0,2.0,3.0,8.0,14.0,4.0,6.0,3.0,1.0,52.0,7.0,-14.87,0.0,6.0,0.0,0.0,15.0,1.0,3.0,4.0,9.0,15.0,5.0,7.0,4.0,2.0,0.0
10814,0.0,6.0,0.0,0.0,15.0,1.0,3.0,4.0,9.0,15.0,5.0,7.0,4.0,2.0,52.0,4.0,-7.705,0.0,6.0,0.0,0.0,1.0,2.0,4.0,5.0,10.0,16.0,6.0,8.0,5.0,3.0,0.0
10815,0.0,6.0,0.0,0.0,1.0,2.0,4.0,5.0,10.0,16.0,6.0,8.0,5.0,3.0,24.0,37.0,-18.995,0.0,4.0,0.0,0.0,2.0,3.0,5.0,6.0,1.0,17.0,7.0,1.0,6.0,4.0,0.0
10816,0.0,4.0,0.0,0.0,2.0,3.0,5.0,6.0,1.0,17.0,7.0,1.0,6.0,4.0,49.0,9.0,-14.799999999999999,0.0,2.0,0.0,0.0,3.0,1.0,6.0,7.0,2.0,18.0,8.0,2.0,7.0,1.0,0.0
10817,0.0,2.0,0.0,0.0,3.0,1.0,6.0,7.0,2.0,18.0,8.0,2.0,7.0,1.0,46.0,28.0,-16.379999999999995,2.0,2.0,0.0,2.0,4.0,2.0,7.0,8.0,3.0,1.0,9.0,3.0,8.0,1.0,0.0
10818,2.0,2.0,0.0,2.0,4.0,2.0,7.0,8.0,3.0,1.0,9.0,3.0,8.0,1.0,43.0,17.0,-8.96,2.0,4.0,0.0,2.0,5.0,3.0,8.0,1.0,4.0,2.0,10.0,4.0,1.0,2.0,0.0
10819,2.0,4.0,0.0,2.0,5.0,3.0,8.0,1.0,4.0,2.0,10.0,4.0,1.0,2.0,12.0,20.0,-20.075,0.0,4.0,0.0,2.0,6.0,4.0,1.0,2.0,1.0,3.0,11.0,5.0,2.0,3.0,0.0
10820,0.0,4.0,0.0,2.0,6.0,4.0,1.0,2.0,1.0,3.0,11.0,5.0,2.0,3.0,52.0,30.0,-16.565,0.0,4.0,0.0,2.0,7.0,5.0,2.0,3.0,2.0,4.0,1.0,6.0,3.0,4.0,0.0
10821,0.0,4.0,0.0,2.0,7.0,5.0,2.0,3.0,2.0,4.0,1.0,6.0,3.0,4.0,49.0,15.0,-7.72,0.0,2.0,0.0,2.0,8.0,6.0,3.0,1.0,3.0,5.0,2.0,7.0,4.0,1.0,0.0
10822,0.0,2.0,0.0,2.0,8.0,6.0,3.0,1.0,3.0,5.0,2.0,7.0,4.0,1.0,39.0,9.0,-17.959999999999997,0.0,0.0,0.0,0.0,9.0,1.0,4.0,2.0,4.0,6.0,3.0,1.0,5.0,2.0,0.0
10823,0.0,0.0,0.0,0.0,9.0,1.0,4.0,2.0,4.0,6.0,3.0,1.0,5.0,2.0,3.0,4.0,-7.21,0.0,2.0,0.0,0.0,1.0,2.0,5.0,3.0,5.0,7.0,4.0,2.0,6.0,3.0,0.0
10824,0.0,2.0,0.0,0.0,1.0,2.0,5.0,3.0,5.0,7.0,4.0,2.0,6.0,3.0,47.0,46.0,-6.98,0.0,2.0,2.0,0.0,2.0,3.0,6.0,4.0,6.0,8.0,5.0,3.0,7.0,1.0,0.0
10825,0.0,2.0,2.0,0.0,2.0,3.0,6.0,4.0,6.0,8.0,5.0,3.0,7.0,1.0,47.0,30.0,-13.735000000000001,0.0,2.0,2.0,0.0,3.0,4.0,7.0,5.0,7.0,9.0,1.0,4.0,8.0,1.0,0.0
10826,0.0,2.0,2.0,0.0,3.0,4.0,7.0,5.0,7.0,9.0,1.0,4.0,8.0,1.0,47.0,22.0,-17.655,0.0,2.0,0.0,0.0,4.0,5.0,8.0,6.0,1.0,10.0,2.0,5.0,9.0,1.0,0.0
10827,0.0,2.0,0.0,0.0,4.0,5.0,8.0,6.0,1.0,10.0,2.0,5.0,9.0,1.0,19.0,9.0,-19.259999999999998,0.0,0.0,0.0,0.0,5.0,1.0,9.0,1.0,2.0,11.0,3.0,6.0,10.0,2.0,0.0
10828,0.0,0.0,0.0,0.0,5.0,1.0,9.0,1.0,2.0,11.0,3.0,6.0,10.0,2.0,39.0,32.0,-23.855000000000004,0.0,0.0,0.0,0.0,6.0,2.0,10.0,2.0,3.0,12.0,1.0,1.0,11.0,3.0,0.0
10829,0.0,0.0,0.0,0.0,6.0,2.0,10.0,2.0,3.0,12.0,1.0,1.0,11.0,3.0,40.0,46.0,-16.48,0.0,0.0,2.0,0.0,7.0,3.0,11.0,3.0,4.0,13.0,2.0,2.0,1.0,1.0,0.0
10830,0.0,0.0,2.0,0.0,7.0,3.0,11.0,3.0,4.0,13.0,2.0,2.0,1.0,1.0,23.0,28.0,-20.275,0.0,2.0,2.0,2.0,8.0,4.0,12.0,4.0,1.0,1.0,3.0,3.0,2.0,2.0,0.0
10831,0.0,2.0,2.0,2.0,8.0,4.0,12.0,4.0,1.0,1.0,3.0,3.0,2.0,2.0,14.0,38.0,-20.86,0.0,0.0,2.0,4.0,9.0,5.0,1.0,5.0,2.0,2.0,4.0,1.0,3.0,3.0,0.0
10832,0.0,0.0,2.0,4.0,9.0,5.0,1.0,5.0,2.0,2.0,4.0,1.0,3.0,3.0,49.0,17.0,-6.8,0.0,0.0,0.0,4.0,10.0,6.0,2.0,1.0,3.0,3.0,5.0,2.0,4.0,1.0,0.0
10833,0.0,0.0,0.0,4.0,10.0,6.0,2.0,1.0,3.0,3.0,5.0,2.0,4.0,1.0,4.0,4.0,-7.11,0.0,0.0,0.0,2.0,1.0,7.0,3.0,2.0,4.0,4.0,6.0,3.0,5.0,2.0,0.0
10834,0.0,0.0,0.0,2.0,1.0,7.0,3.0,2.0,4.0,4.0,6.0,3.0,5.0,2.0,47.0,30.0,-18.935000000000002,0.0,0.0,0.0,2.0,2.0,8.0,4.0,3.0,5.0,5.0,1.0,4.0,6.0,1.0,0.0
10835,0.0,0.0,0.0,2.0,2.0,8.0,4.0,3.0,5.0,5.0,1.0,4.0,6.0,1.0,39.0,9.0,-17.959999999999997,0.0,0.0,0.0,0.0,3.0,1.0,5.0,4.0,6.0,6.0,2.0,1.0,7.0,2.0,0.0
10836,0.0,0.0,0.0,0.0,3.0,1.0,5.0,4.0,6.0,6.0,2.0,1.0,7.0,2.0,41.0,15.0,-17.86,2.0,0.0,0.0,0.0,4.0,2.0,6.0,1.0,7.0,7.0,3.0,2.0,1.0,3.0,0.0
10837,2.0,0.0,0.0,0.0,4.0,2.0,6.0,1.0,7.0,7.0,3.0,2.0,1.0,3.0,23.0,30.0,-21.890000000000004,2.0,2.0,0.0,0.0,5.0,3.0,7.0,2.0,1.0,8.0,1.0,3.0,2.0,4.0,0.0
10838,2.0,2.0,0.0,0.0,5.0,3.0,7.0,2.0,1.0,8.0,1.0,3.0,2.0,4.0,12.0,7.0,-21.58,0.0,2.0,0.0,0.0,6.0,1.0,1.0,3.0,2.0,9.0,2.0,4.0,3.0,5.0,0.0
10839,0.0,2.0,0.0,0.0,6.0,1.0,1.0,3.0,2.0,9.0,2.0,4.0,3.0,5.0,49.0,46.0,-7.819999999999999,0.0,0.0,2.0,0.0,7.0,2.0,2.0,4.0,3.0,10.0,3.0,5.0,4.0,1.0,0.0
10840,0.0,0.0,2.0,0.0,7.0,2.0,2.0,4.0,3.0,10.0,3.0,5.0,4.0,1.0,3.0,32.0,-18.67,0.0,2.0,0.0,0.0,1.0,3.0,3.0,5.0,4.0,11.0,1.0,6.0,5.0,2.0,0.0
10841,0.0,2.0,0.0,0.0,1.0,3.0,3.0,5.0,4.0,11.0,1.0,6.0,5.0,2.0,19.0,36.0,-12.68,0.0,0.0,2.0,0.0,2.0,4.0,4.0,1.0,5.0,12.0,2.0,1.0,6.0,3.0,0.0
10842,0.0,0.0,2.0,0.0,2.0,4.0,4.0,1.0,5.0,12.0,2.0,1.0,6.0,3.0,47.0,30.0,-14.575,0.0,0.0,2.0,0.0,3.0,5.0,5.0,2.0,6.0,13.0,1.0,2.0,7.0,1.0,0.0
10843,0.0,0.0,2.0,0.0,3.0,5.0,5.0,2.0,6.0,13.0,1.0,2.0,7.0,1.0,47.0,9.0,-11.719999999999999,0.0,0.0,2.0,0.0,4.0,1.0,6.0,3.0,7.0,14.0,2.0,3.0,8.0,1.0,0.0
10844,0.0,0.0,2.0,0.0,4.0,1.0,6.0,3.0,7.0,14.0,2.0,3.0,8.0,1.0,47.0,22.0,-18.895,0.0,0.0,0.0,0.0,5.0,2.0,7.0,4.0,1.0,15.0,3.0,4.0,9.0,1.0,0.0
10845,0.0,0.0,0.0,0.0,5.0,2.0,7.0,4.0,1.0,15.0,3.0,4.0,9.0,1.0,46.0,32.0,-20.115000000000002,2.0,0.0,0.0,0.0,6.0,3.0,8.0,5.0,2.0,16.0,1.0,5.0,10.0,1.0,0.0
10846,2.0,0.0,0.0,0.0,6.0,3.0,8.0,5.0,2.0,16.0,1.0,5.0,10.0,1.0,39.0,44.0,-18.22,2.0,0.0,0.0,0.0,7.0,4.0,9.0,6.0,3.0,17.0,2.0,1.0,1.0,2.0,0.0
10847,2.0,0.0,0.0,0.0,7.0,4.0,9.0,6.0,3.0,17.0,2.0,1.0,1.0,2.0,29.0,28.0,-25.579999999999995,2.0,0.0,0.0,2.0,8.0,5.0,10.0,7.0,4.0,1.0,3.0,2.0,2.0,3.0,0.0
10848,2.0,0.0,0.0,2.0,8.0,5.0,10.0,7.0,4.0,1.0,3.0,2.0,2.0,3.0,14.0,15.0,-16.82,2.0,0.0,0.0,2.0,9.0,6.0,1.0,1.0,5.0,2.0,4.0,3.0,3.0,4.0,0.0
10849,2.0,0.0,0.0,2.0,9.0,6.0,1.0,1.0,5.0,2.0,4.0,3.0,3.0,4.0,3.0,15.0,-7.055,2.0,2.0,0.0,2.0,1.0,7.0,2.0,1.0,6.0,3.0,5.0,4.0,4.0,5.0,0.0
10850,2.0,2.0,0.0,2.0,1.0,7.0,2.0,1.0,6.0,3.0,5.0,4.0,4.0,5.0,47.0,30.0,-17.595000000000002,0.0,2.0,0.0,2.0,2.0,8.0,3.0,2.0,7.0,4.0,1.0,5.0,5.0,1.0,0.0
10851,0.0,2.0,0.0,2.0,2.0,8.0,3.0,2.0,7.0,4.0,1.0,5.0,5.0,1.0,39.0,9.0,-17.759999999999998,0.0,0.0,0.0,0.0,3.0,1.0,4.0,3.0,8.0,5.0,2.0,1.0,6.0,2.0,0.0
10852,0.0,0.0,0.0,0.0,3.0,1.0,4.0,3.0,8.0,5.0,2.0,1.0,6.0,2.0,3.0,15.0,-11.495,0.0,2.0,0.0,0.0,1.0,2.0,5.0,1.0,9.0,6.0,3.0,2.0,7.0,3.0,0.0
10853,0.0,2.0,0.0,0.0,1.0,2.0,5.0,1.0,9.0,6.0,3.0,2.0,7.0,3.0,47.0,30.0,-18.095000000000002,0.0,2.0,0.0,0.0,2.0,3.0,6.0,2.0,10.0,7.0,1.0,3.0,8.0,1.0,0.0
10854,0.0,2.0,0.0,0.0,2.0,3.0,6.0,2.0,10.0,7.0,1.0,3.0,8.0,1.0,41.0,30.0,-21.915,2.0,2.0,0.0,0.0,3.0,4.0,7.0,3.0,11.0,8.0,1.0,4.0,1.0,2.0,0.0
10855,2.0,2.0,0.0,0.0,3.0,4.0,7.0,3.0,11.0,8.0,1.0,4.0,1.0,2.0,21.0,24.0,-18.87,4.0,2.0,0.0,0.0,4.0,5.0,8.0,4.0,1.0,9.0,2.0,5.0,2.0,3.0,0.0
10856,4.0,2.0,0.0,0.0,4.0,5.0,8.0,4.0,1.0,9.0,2.0,5.0,2.0,3.0,29.0,36.0,-13.2,4.0,0.0,2.0,0.0,5.0,6.0,9.0,5.0,2.0,1.0,3.0,1.0,3.0,4.0,0.0
10857,4.0,0.0,2.0,0.0,5.0,6.0,9.0,5.0,2.0,1.0,3.0,1.0,3.0,4.0,7.0,15.0,-14.34,2.0,0.0,2.0,0.0,6.0,1.0,10.0,1.0,3.0,2.0,4.0,2.0,4.0,5.0,0.0
10858,2.0,0.0,2.0,0.0,6.0,1.0,10.0,1.0,3.0,2.0,4.0,2.0,4.0,5.0,14.0,32.0,-26.494999999999997,2.0,0.0,0.0,0.0,7.0,2.0,1.0,2.0,4.0,3.0,1.0,3.0,5.0,6.0,0.0
10859,2.0,0.0,0.0,0.0,7.0,2.0,1.0,2.0,4.0,3.0,1.0,3.0,5.0,6.0,3.0,46.0,-5.115,2.0,2.0,2.0,0.0,1.0,3.0,2.0,3.0,5.0,4.0,2.0,4.0,6.0,1.0,0.0
10860,2.0,2.0,2.0,0.0,1.0,3.0,2.0,3.0,5.0,4.0,2.0,4.0,6.0,1.0,39.0,30.0,-14.195,2.0,0.0,2.0,0.0,2.0,4.0,3.0,4.0,6.0,5.0,1.0,1.0,7.0,2.0,0.0
10861,2.0,0.0,2.0,0.0,2.0,4.0,3.0,4.0,6.0,5.0,1.0,1.0,7.0,2.0,47.0,8.0,-10.1,0.0,0.0,2.0,2.0,3.0,1.0,4.0,5.0,7.0,6.0,2.0,2.0,8.0,1.0,0.0
10862,0.0,0.0,2.0,2.0,3.0,1.0,4.0,5.0,7.0,6.0,2.0,2.0,8.0,1.0,18.0,44.0,-14.76,0.0,2.0,2.0,0.0,4.0,2.0,5.0,1.0,8.0,7.0,3.0,3.0,1.0,2.0,0.0
10863,0.0,2.0,2.0,0.0,4.0,2.0,5.0,1.0,8.0,7.0,3.0,3.0,1.0,2.0,21.0,30.0,-16.830000000000002,2.0,2.0,2.0,0.0,5.0,3.0,6.0,2.0,1.0,8.0,1.0,4.0,2.0,3.0,0.0
10864,2.0,2.0,2.0,0.0,5.0,3.0,6.0,2.0,1.0,8.0,1.0,4.0,2.0,3.0,49.0,7.0,-13.82,2.0,0.0,0.0,0.0,6.0,1.0,7.0,3.0,2.0,9.0,2.0,5.0,3.0,1.0,0.0
10865,2.0,0.0,0.0,0.0,6.0,1.0,7.0,3.0,2.0,9.0,2.0,5.0,3.0,1.0,0.0,47.0,-6.835,2.0,0.0,0.0,0.0,1.0,2.0,8.0,4.0,3.0,10.0,3.0,6.0,4.0,1.0,0.0
10866,2.0,0.0,0.0,0.0,1.0,2.0,8.0,4.0,3.0,10.0,3.0,6.0,4.0,1.0,35.0,36.0,-10.18,2.0,0.0,2.0,0.0,2.0,3.0,9.0,5.0,4.0,11.0,4.0,1.0,5.0,2.0,0.0
10867,2.0,0.0,2.0,0.0,2.0,3.0,9.0,5.0,4.0,11.0,4.0,1.0,5.0,2.0,46.0,7.0,-15.639999999999999,4.0,0.0,0.0,0.0,3.0,1.0,10.0,6.0,5.0,12.0,5.0,2.0,6.0,1.0,0.0
10868,4.0,0.0,0.0,0.0,3.0,1.0,10.0,6.0,5.0,12.0,5.0,2.0,6.0,1.0,46.0,19.0,-15.319999999999999,6.0,0.0,0.0,0.0,4.0,2.0,11.0,1.0,6.0,13.0,6.0,3.0,7.0,1.0,0.0
10869,6.0,0.0,0.0,0.0,4.0,2.0,11.0,1.0,6.0,13.0,6.0,3.0,7.0,1.0,32.0,30.0,-22.85,4.0,0.0,0.0,0.0,5.0,3.0,12.0,2.0,7.0,14.0,1.0,4.0,8.0,2.0,0.0
10870,4.0,0.0,0.0,0.0,5.0,3.0,12.0,2.0,7.0,14.0,1.0,4.0,8.0,2.0,10.0,47.0,-15.94,4.0,0.0,0.0,0.0,6.0,4.0,1.0,3.0,8.0,15.0,2.0,5.0,9.0,1.0,0.0
10871,4.0,0.0,0.0,0.0,6.0,4.0,1.0,3.0,8.0,15.0,2.0,5.0,9.0,1.0,39.0,30.0,-19.495,4.0,0.0,0.0,0.0,7.0,5.0,2.0,4.0,9.0,16.0,1.0,1.0,10.0,2.0,0.0
10872,4.0,0.0,0.0,0.0,7.0,5.0,2.0,4.0,9.0,16.0,1.0,1.0,10.0,2.0,39.0,24.0,-18.255,4.0,0.0,0.0,0.0,8.0,6.0,3.0,5.0,1.0,17.0,2.0,1.0,11.0,3.0,0.0
10873,4.0,0.0,0.0,0.0,8.0,6.0,3.0,5.0,1.0,17.0,2.0,1.0,11.0,3.0,46.0,9.0,-18.2,6.0,0.0,0.0,0.0,9.0,1.0,4.0,6.0,2.0,18.0,3.0,2.0,12.0,1.0,0.0
10874,6.0,0.0,0.0,0.0,9.0,1.0,4.0,6.0,2.0,18.0,3.0,2.0,12.0,1.0,46.0,44.0,-22.86,8.0,0.0,0.0,0.0,10.0,2.0,5.0,7.0,3.0,19.0,4.0,3.0,1.0,1.0,0.0
10875,8.0,0.0,0.0,0.0,10.0,2.0,5.0,7.0,3.0,19.0,4.0,3.0,1.0,1.0,29.0,28.0,-20.099999999999994,8.0,0.0,0.0,2.0,11.0,3.0,6.0,8.0,4.0,1.0,5.0,4.0,2.0,2.0,0.0
10876,8.0,0.0,0.0,2.0,11.0,3.0,6.0,8.0,4.0,1.0,5.0,4.0,2.0,2.0,30.0,15.0,-7.555,8.0,0.0,0.0,2.0,12.0,4.0,7.0,1.0,5.0,2.0,1.0,5.0,3.0,3.0,0.0
10877,8.0,0.0,0.0,2.0,12.0,4.0,7.0,1.0,5.0,2.0,1.0,5.0,3.0,3.0,4.0,20.0,-16.93,8.0,0.0,0.0,2.0,1.0,5.0,8.0,2.0,1.0,3.0,2.0,6.0,4.0,4.0,0.0
10878,8.0,0.0,0.0,2.0,1.0,5.0,8.0,2.0,1.0,3.0,2.0,6.0,4.0,4.0,33.0,11.0,-10.575,8.0,2.0,2.0,2.0,2.0,6.0,1.0,3.0,2.0,4.0,1.0,7.0,5.0,5.0,0.0
10879,8.0,2.0,2.0,2.0,2.0,6.0,1.0,3.0,2.0,4.0,1.0,7.0,5.0,5.0,37.0,35.0,-7.0,6.0,2.0,2.0,2.0,3.0,7.0,2.0,4.0,3.0,5.0,2.0,1.0,6.0,6.0,0.0
10880,6.0,2.0,2.0,2.0,3.0,7.0,2.0,4.0,3.0,5.0,2.0,1.0,6.0,6.0,7.0,19.0,-11.239999999999998,4.0,2.0,2.0,0.0,4.0,1.0,3.0,1.0,4.0,6.0,3.0,2.0,7.0,7.0,0.0
10881,4.0,2.0,2.0,0.0,4.0,1.0,3.0,1.0,4.0,6.0,3.0,2.0,7.0,7.0,47.0,47.0,-6.58,2.0,2.0,0.0,0.0,5.0,2.0,4.0,2.0,5.0,7.0,4.0,3.0,8.0,1.0,0.0
10882,2.0,2.0,0.0,0.0,5.0,2.0,4.0,2.0,5.0,7.0,4.0,3.0,8.0,1.0,39.0,43.0,-13.299999999999999,2.0,0.0,0.0,2.0,6.0,3.0,5.0,3.0,6.0,8.0,5.0,1.0,1.0,2.0,0.0
10883,2.0,0.0,0.0,2.0,6.0,3.0,5.0,3.0,6.0,8.0,5.0,1.0,1.0,2.0,34.0,19.0,-17.995,2.0,0.0,0.0,0.0,7.0,4.0,6.0,1.0,7.0,9.0,1.0,2.0,2.0,3.0,0.0
10884,2.0,0.0,0.0,0.0,7.0,4.0,6.0,1.0,7.0,9.0,1.0,2.0,2.0,3.0,21.0,25.0,-22.975,4.0,0.0,0.0,0.0,8.0,5.0,7.0,2.0,1.0,1.0,2.0,3.0,3.0,4.0,0.0
10885,4.0,0.0,0.0,0.0,8.0,5.0,7.0,2.0,1.0,1.0,2.0,3.0,3.0,4.0,4.0,47.0,-6.035,4.0,0.0,0.0,0.0,1.0,6.0,8.0,3.0,2.0,2.0,3.0,4.0,4.0,1.0,0.0
10886,4.0,0.0,0.0,0.0,1.0,6.0,8.0,3.0,2.0,2.0,3.0,4.0,4.0,1.0,7.0,35.0,-13.94,2.0,0.0,0.0,0.0,2.0,1.0,9.0,4.0,3.0,3.0,4.0,1.0,5.0,2.0,0.0
10887,2.0,0.0,0.0,0.0,2.0,1.0,9.0,4.0,3.0,3.0,4.0,1.0,5.0,2.0,41.0,13.0,-20.36,4.0,0.0,0.0,2.0,3.0,2.0,1.0,5.0,4.0,4.0,5.0,2.0,1.0,3.0,0.0
10888,4.0,0.0,0.0,2.0,3.0,2.0,1.0,5.0,4.0,4.0,5.0,2.0,1.0,3.0,31.0,19.0,-10.594999999999999,6.0,0.0,0.0,0.0,4.0,3.0,2.0,1.0,5.0,5.0,1.0,3.0,2.0,4.0,0.0
10889,6.0,0.0,0.0,0.0,4.0,3.0,2.0,1.0,5.0,5.0,1.0,3.0,2.0,4.0,37.0,25.0,-18.080000000000002,4.0,0.0,0.0,0.0,5.0,4.0,3.0,2.0,6.0,1.0,2.0,1.0,3.0,5.0,0.0
10890,4.0,0.0,0.0,0.0,5.0,4.0,3.0,2.0,6.0,1.0,2.0,1.0,3.0,5.0,4.0,15.0,-9.855,4.0,0.0,0.0,0.0,1.0,5.0,4.0,1.0,7.0,2.0,3.0,2.0,4.0,6.0,0.0
10891,4.0,0.0,0.0,0.0,1.0,5.0,4.0,1.0,7.0,2.0,3.0,2.0,4.0,6.0,47.0,47.0,-7.619999999999999,2.0,0.0,0.0,0.0,2.0,6.0,5.0,2.0,8.0,3.0,4.0,3.0,5.0,1.0,0.0
10892,2.0,0.0,0.0,0.0,2.0,6.0,5.0,2.0,8.0,3.0,4.0,3.0,5.0,1.0,47.0,24.0,-17.795,0.0,0.0,0.0,0.0,3.0,7.0,6.0,3.0,1.0,4.0,5.0,4.0,6.0,1.0,0.0
10893,0.0,0.0,0.0,0.0,3.0,7.0,6.0,3.0,1.0,4.0,5.0,4.0,6.0,1.0,46.0,5.0,-14.120000000000001,2.0,0.0,0.0,0.0,4.0,1.0,7.0,4.0,2.0,5.0,6.0,5.0,7.0,1.0,0.0
10894,2.0,0.0,0.0,0.0,4.0,1.0,7.0,4.0,2.0,5.0,6.0,5.0,7.0,1.0,35.0,35.0,-13.379999999999999,2.0,0.0,0.0,0.0,5.0,2.0,8.0,5.0,3.0,6.0,7.0,1.0,8.0,2.0,0.0
10895,2.0,0.0,0.0,0.0,5.0,2.0,8.0,5.0,3.0,6.0,7.0,1.0,8.0,2.0,41.0,47.0,-14.620000000000001,4.0,0.0,0.0,0.0,6.0,3.0,9.0,6.0,4.0,7.0,8.0,2.0,1.0,1.0,0.0
10896,4.0,0.0,0.0,0.0,6.0,3.0,9.0,6.0,4.0,7.0,8.0,2.0,1.0,1.0,34.0,25.0,-22.334999999999997,4.0,0.0,0.0,0.0,7.0,4.0,10.0,7.0,5.0,1.0,1.0,3.0,2.0,2.0,0.0
10897,4.0,0.0,0.0,0.0,7.0,4.0,10.0,7.0,5.0,1.0,1.0,3.0,2.0,2.0,2.0,17.0,-10.155,2.0,0.0,0.0,0.0,1.0,5.0,11.0,1.0,6.0,2.0,2.0,4.0,3.0,3.0,0.0
10898,2.0,0.0,0.0,0.0,1.0,5.0,11.0,1.0,6.0,2.0,2.0,4.0,3.0,3.0,10.0,13.0,-23.539999999999996,2.0,0.0,0.0,2.0,2.0,6.0,1.0,2.0,7.0,3.0,3.0,5.0,4.0,4.0,0.0
10899,2.0,0.0,0.0,2.0,2.0,6.0,1.0,2.0,7.0,3.0,3.0,5.0,4.0,4.0,37.0,18.0,-10.82,0.0,0.0,0.0,4.0,3.0,7.0,2.0,1.0,8.0,4.0,4.0,1.0,5.0,5.0,1.0
10900,1.0,5.0,0.0,8.0,1.0,1.0,1.0,1.0,1.0,1.0,1.0,1.0,1.0,1.0,43.0,17.0,-4.28,1.0,7.0,0.0,8.0,2.0,2.0,2.0,1.0,2.0,2.0,2.0,2.0,1.0,2.0,0.0
10901,1.0,7.0,0.0,8.0,2.0,2.0,2.0,1.0,2.0,2.0,2.0,2.0,1.0,2.0,13.0,19.0,-7.459999999999999,1.0,9.0,0.0,6.0,3.0,3.0,1.0,1.0,3.0,3.0,3.0,3.0,2.0,3.0,0.0
10902,1.0,9.0,0.0,6.0,3.0,3.0,1.0,1.0,3.0,3.0,3.0,3.0,2.0,3.0,13.0,47.0,-9.92,1.0,9.0,0.0,6.0,4.0,4.0,1.0,2.0,4.0,4.0,4.0,4.0,3.0,1.0,0.0
10903,1.0,9.0,0.0,6.0,4.0,4.0,1.0,2.0,4.0,4.0,4.0,4.0,3.0,1.0,18.0,19.0,-6.38,1.0,9.0,0.0,4.0,5.0,5.0,2.0,1.0,5.0,5.0,5.0,5.0,4.0,2.0,0.0
10904,1.0,9.0,0.0,4.0,5.0,5.0,2.0,1.0,5.0,5.0,5.0,5.0,4.0,2.0,18.0,7.0,-14.219999999999999,1.0,9.0,0.0,4.0,6.0,1.0,3.0,1.0,6.0,6.0,6.0,6.0,5.0,3.0,0.0
10905,1.0,9.0,0.0,4.0,6.0,1.0,3.0,1.0,6.0,6.0,6.0,6.0,5.0,3.0,24.0,47.0,-11.685000000000002,1.0,7.0,0.0,4.0,7.0,2.0,4.0,2.0,1.0,7.0,7.0,7.0,6.0,1.0,0.0
10906,1.0,7.0,0.0,4.0,7.0,2.0,4.0,2.0,1.0,7.0,7.0,7.0,6.0,1.0,14.0,7.0,-17.82,1.0,5.0,0.0,4.0,8.0,1.0,1.0,3.0,2.0,8.0,8.0,8.0,7.0,2.0,0.0
10907,1.0,5.0,0.0,4.0,8.0,1.0,1.0,3.0,2.0,8.0,8.0,8.0,7.0,2.0,52.0,7.0,-14.07,0.0,5.0,0.0,4.0,9.0,1.0,2.0,4.0,3.0,9.0,9.0,9.0,8.0,3.0,0.0
10908,0.0,5.0,0.0,4.0,9.0,1.0,2.0,4.0,3.0,9.0,9.0,9.0,8.0,3.0,3.0,47.0,-13.56,0.0,7.0,0.0,4.0,1.0,2.0,3.0,5.0,4.0,10.0,10.0,10.0,9.0,1.0,0.0
10909,0.0,7.0,0.0,4.0,1.0,2.0,3.0,5.0,4.0,10.0,10.0,10.0,9.0,1.0,35.0,7.0,-24.984999999999996,0.0,7.0,0.0,4.0,2.0,1.0,4.0,6.0,5.0,11.0,11.0,1.0,10.0,2.0,0.0
10910,0.0,7.0,0.0,4.0,2.0,1.0,4.0,6.0,5.0,11.0,11.0,1.0,10.0,2.0,18.0,17.0,-8.335,0.0,9.0,0.0,4.0,3.0,2.0,5.0,1.0,6.0,12.0,12.0,2.0,11.0,3.0,0.0
10911,0.0,9.0,0.0,4.0,3.0,2.0,5.0,1.0,6.0,12.0,12.0,2.0,11.0,3.0,10.0,22.0,-19.86,0.0,9.0,0.0,4.0,4.0,3.0,1.0,2.0,1.0,13.0,13.0,3.0,12.0,4.0,0.0
10912,0.0,9.0,0.0,4.0,4.0,3.0,1.0,2.0,1.0,13.0,13.0,3.0,12.0,4.0,18.0,54.0,-8.105,0.0,9.0,0.0,2.0,5.0,4.0,2.0,1.0,2.0,14.0,14.0,4.0,13.0,5.0,0.0
10913,0.0,9.0,0.0,2.0,5.0,4.0,2.0,1.0,2.0,14.0,14.0,4.0,13.0,5.0,40.0,30.0,-20.82,0.0,9.0,0.0,2.0,6.0,5.0,3.0,2.0,3.0,15.0,1.0,5.0,1.0,6.0,0.0
10914,0.0,9.0,0.0,2.0,6.0,5.0,3.0,2.0,3.0,15.0,1.0,5.0,1.0,6.0,16.0,25.0,-17.174999999999997,2.0,9.0,0.0,2.0,7.0,6.0,4.0,1.0,4.0,1.0,2.0,6.0,2.0,7.0,0.0
10915,2.0,9.0,0.0,2.0,7.0,6.0,4.0,1.0,4.0,1.0,2.0,6.0,2.0,7.0,13.0,47.0,-8.084999999999999,2.0,9.0,0.0,2.0,8.0,7.0,1.0,2.0,5.0,2.0,3.0,7.0,3.0,1.0,0.0
10916,2.0,9.0,0.0,2.0,8.0,7.0,1.0,2.0,5.0,2.0,3.0,7.0,3.0,1.0,24.0,7.0,-16.099999999999998,2.0,7.0,0.0,2.0,9.0,1.0,2.0,3.0,1.0,3.0,4.0,8.0,4.0,2.0,0.0
10917,2.0,7.0,0.0,2.0,9.0,1.0,2.0,3.0,1.0,3.0,4.0,8.0,4.0,2.0,14.0,36.0,-9.745000000000001,2.0,5.0,2.0,2.0,10.0,2.0,1.0,4.0,2.0,4.0,5.0,1.0,5.0,3.0,0.0
10918,2.0,5.0,2.0,2.0,10.0,2.0,1.0,4.0,2.0,4.0,5.0,1.0,5.0,3.0,18.0,17.0,-7.555,2.0,7.0,0.0,2.0,11.0,3.0,2.0,1.0,3.0,5.0,6.0,2.0,6.0,4.0,0.0
10919,2.0,7.0,0.0,2.0,11.0,3.0,2.0,1.0,3.0,5.0,6.0,2.0,6.0,4.0,14.0,47.0,-8.885,2.0,5.0,0.0,2.0,12.0,4.0,1.0,2.0,4.0,6.0,7.0,3.0,7.0,1.0,0.0
10920,2.0,5.0,0.0,2.0,12.0,4.0,1.0,2.0,4.0,6.0,7.0,3.0,7.0,1.0,52.0,4.0,-6.205,0.0,5.0,0.0,0.0,1.0,5.0,2.0,3.0,5.0,7.0,8.0,4.0,8.0,2.0,0.0
10921,0.0,5.0,0.0,0.0,1.0,5.0,2.0,3.0,5.0,7.0,8.0,4.0,8.0,2.0,52.0,7.0,-13.37,0.0,5.0,0.0,0.0,2.0,1.0,3.0,4.0,6.0,8.0,9.0,5.0,9.0,3.0,0.0
10922,0.0,5.0,0.0,0.0,2.0,1.0,3.0,4.0,6.0,8.0,9.0,5.0,9.0,3.0,10.0,7.0,-20.325000000000003,0.0,5.0,0.0,0.0,3.0,1.0,1.0,5.0,7.0,9.0,10.0,6.0,10.0,4.0,0.0
10923,0.0,5.0,0.0,0.0,3.0,1.0,1.0,5.0,7.0,9.0,10.0,6.0,10.0,4.0,47.0,7.0,-15.864999999999998,0.0,5.0,0.0,0.0,4.0,1.0,2.0,6.0,8.0,10.0,11.0,7.0,11.0,1.0,0.0
10924,0.0,5.0,0.0,0.0,4.0,1.0,2.0,6.0,8.0,10.0,11.0,7.0,11.0,1.0,52.0,22.0,-17.925,0.0,5.0,0.0,0.0,5.0,2.0,3.0,7.0,1.0,11.0,12.0,8.0,12.0,2.0,0.0
10925,0.0,5.0,0.0,0.0,5.0,2.0,3.0,7.0,1.0,11.0,12.0,8.0,12.0,2.0,17.0,36.0,-9.055,0.0,5.0,2.0,0.0,6.0,3.0,4.0,1.0,2.0,12.0,13.0,1.0,13.0,3.0,0.0
10926,0.0,5.0,2.0,0.0,6.0,3.0,4.0,1.0,2.0,12.0,13.0,1.0,13.0,3.0,40.0,30.0,-15.36,0.0,5.0,2.0,0.0,7.0,4.0,5.0,2.0,3.0,13.0,1.0,2.0,1.0,4.0,0.0
10927,0.0,5.0,2.0,0.0,7.0,4.0,5.0,2.0,3.0,13.0,1.0,2.0,1.0,4.0,18.0,25.0,-13.774999999999999,0.0,7.0,2.0,0.0,8.0,5.0,6.0,1.0,4.0,1.0,2.0,3.0,2.0,5.0,0.0
10928,0.0,7.0,2.0,0.0,8.0,5.0,6.0,1.0,4.0,1.0,2.0,3.0,2.0,5.0,13.0,7.0,-18.325000000000003,0.0,9.0,0.0,0.0,9.0,1.0,1.0,2.0,5.0,2.0,3.0,4.0,3.0,6.0,0.0
10929,0.0,9.0,0.0,0.0,9.0,1.0,1.0,2.0,5.0,2.0,3.0,4.0,3.0,6.0,16.0,31.0,-13.709999999999999,2.0,9.0,2.0,0.0,10.0,2.0,2.0,1.0,6.0,3.0,1.0,5.0,4.0,7.0,0.0
10930,2.0,9.0,2.0,0.0,10.0,2.0,2.0,1.0,6.0,3.0,1.0,5.0,4.0,7.0,16.0,47.0,-9.415,4.0,9.0,0.0,0.0,11.0,3.0,3.0,1.0,7.0,4.0,2.0,6.0,5.0,1.0,0.0
10931,4.0,9.0,0.0,0.0,11.0,3.0,3.0,1.0,7.0,4.0,2.0,6.0,5.0,1.0,24.0,7.0,-14.84,4.0,7.0,0.0,0.0,12.0,1.0,4.0,2.0,1.0,5.0,3.0,7.0,6.0,2.0,0.0
10932,4.0,7.0,0.0,0.0,12.0,1.0,4.0,2.0,1.0,5.0,3.0,7.0,6.0,2.0,14.0,36.0,-8.385000000000002,4.0,5.0,2.0,0.0,13.0,2.0,1.0,3.0,2.0,6.0,4.0,1.0,7.0,3.0,0.0
10933,4.0,5.0,2.0,0.0,13.0,2.0,1.0,3.0,2.0,6.0,4.0,1.0,7.0,3.0,4.0,1.0,-5.295,4.0,3.0,4.0,0.0,1.0,3.0,2.0,4.0,3.0,7.0,5.0,2.0,8.0,4.0,0.0
10934,4.0,3.0,4.0,0.0,1.0,3.0,2.0,4.0,3.0,7.0,5.0,2.0,8.0,4.0,47.0,22.0,-12.260000000000002,2.0,3.0,2.0,0.0,2.0,4.0,3.0,5.0,1.0,8.0,6.0,3.0,9.0,1.0,0.0
10935,2.0,3.0,2.0,0.0,2.0,4.0,3.0,5.0,1.0,8.0,6.0,3.0,9.0,1.0,54.0,22.0,-16.725,2.0,1.0,0.0,0.0,3.0,5.0,4.0,6.0,1.0,9.0,7.0,4.0,10.0,2.0,0.0
10936,2.0,1.0,0.0,0.0,3.0,5.0,4.0,6.0,1.0,9.0,7.0,4.0,10.0,2.0,39.0,17.0,-13.78,2.0,0.0,0.0,0.0,4.0,6.0,5.0,1.0,2.0,10.0,8.0,1.0,11.0,3.0,0.0
10937,2.0,0.0,0.0,0.0,4.0,6.0,5.0,1.0,2.0,10.0,8.0,1.0,11.0,3.0,7.0,30.0,-25.935,0.0,0.0,0.0,0.0,5.0,1.0,6.0,2.0,3.0,11.0,1.0,2.0,12.0,4.0,0.0
10938,0.0,0.0,0.0,0.0,5.0,1.0,6.0,2.0,3.0,11.0,1.0,2.0,12.0,4.0,41.0,43.0,-19.38,2.0,0.0,0.0,2.0,6.0,2.0,7.0,3.0,4.0,12.0,2.0,3.0,1.0,5.0,0.0
10939,2.0,0.0,0.0,2.0,6.0,2.0,7.0,3.0,4.0,12.0,2.0,3.0,1.0,5.0,47.0,25.0,-17.439999999999998,0.0,0.0,0.0,2.0,7.0,3.0,8.0,4.0,5.0,1.0,3.0,4.0,2.0,1.0,0.0
10940,0.0,0.0,0.0,2.0,7.0,3.0,8.0,4.0,5.0,1.0,3.0,4.0,2.0,1.0,1.0,13.0,-10.895,2.0,0.0,0.0,4.0,1.0,4.0,1.0,5.0,6.0,2.0,4.0,5.0,3.0,2.0,0.0
10941,2.0,0.0,0.0,4.0,1.0,4.0,1.0,5.0,6.0,2.0,4.0,5.0,3.0,2.0,54.0,18.0,-4.109999999999999,2.0,0.0,0.0,6.0,2.0,5.0,2.0,1.0,7.0,3.0,5.0,6.0,4.0,3.0,0.0
10942,2.0,0.0,0.0,6.0,2.0,5.0,2.0,1.0,7.0,3.0,5.0,6.0,4.0,3.0,37.0,22.0,-17.295,0.0,0.0,0.0,6.0,3.0,6.0,3.0,2.0,1.0,4.0,6.0,1.0,5.0,4.0,0.0
10943,0.0,0.0,0.0,6.0,3.0,6.0,3.0,2.0,1.0,4.0,6.0,1.0,5.0,4.0,31.0,42.0,-14.095,2.0,0.0,0.0,6.0,4.0,7.0,4.0,3.0,2.0,5.0,1.0,2.0,1.0,5.0,0.0
10944,2.0,0.0,0.0,6.0,4.0,7.0,4.0,3.0,2.0,5.0,1.0,2.0,1.0,5.0,6.0,17.0,-5.88,4.0,0.0,0.0,6.0,5.0,1.0,5.0,1.0,3.0,6.0,2.0,3.0,2.0,6.0,0.0
10945,4.0,0.0,0.0,6.0,5.0,1.0,5.0,1.0,3.0,6.0,2.0,3.0,2.0,6.0,31.0,47.0,-7.475,6.0,0.0,0.0,6.0,6.0,2.0,6.0,2.0,4.0,7.0,1.0,4.0,3.0,1.0,0.0
10946,6.0,0.0,0.0,6.0,6.0,2.0,6.0,2.0,4.0,7.0,1.0,4.0,3.0,1.0,2.0,13.0,-9.754999999999999,4.0,0.0,0.0,8.0,1.0,3.0,1.0,3.0,5.0,8.0,2.0,5.0,4.0,2.0,0.0
10947,4.0,0.0,0.0,8.0,1.0,3.0,1.0,3.0,5.0,8.0,2.0,5.0,4.0,2.0,37.0,26.0,-13.020000000000001,2.0,0.0,2.0,8.0,2.0,4.0,2.0,4.0,6.0,1.0,3.0,1.0,5.0,3.0,0.0
10948,2.0,0.0,2.0,8.0,2.0,4.0,2.0,4.0,6.0,1.0,3.0,1.0,5.0,3.0,54.0,17.0,-4.63,2.0,0.0,0.0,8.0,3.0,5.0,3.0,1.0,7.0,2.0,4.0,2.0,6.0,4.0,0.0
10949,2.0,0.0,0.0,8.0,3.0,5.0,3.0,1.0,7.0,2.0,4.0,2.0,6.0,4.0,2.0,30.0,-26.009999999999998,0.0,0.0,0.0,8.0,1.0,6.0,4.0,2.0,8.0,3.0,1.0,3.0,7.0,5.0,0.0
10950,0.0,0.0,0.0,8.0,1.0,6.0,4.0,2.0,8.0,3.0,1.0,3.0,7.0,5.0,48.0,42.0,-7.52,0.0,2.0,0.0,8.0,2.0,7.0,5.0,3.0,9.0,4.0,2.0,4.0,1.0,1.0,0.0
10951,0.0,2.0,0.0,8.0,2.0,7.0,5.0,3.0,9.0,4.0,2.0,4.0,1.0,1.0,54.0,13.0,-10.655000000000001,0.0,0.0,0.0,9.0,3.0,8.0,1.0,4.0,10.0,5.0,3.0,5.0,2.0,2.0,0.0
10952,0.0,0.0,0.0,9.0,3.0,8.0,1.0,4.0,10.0,5.0,3.0,5.0,2.0,2.0,2.0,17.0,-8.01,0.0,0.0,0.0,9.0,1.0,9.0,2.0,1.0,11.0,6.0,4.0,6.0,3.0,3.0,0.0
10953,0.0,0.0,0.0,9.0,1.0,9.0,2.0,1.0,11.0,6.0,4.0,6.0,3.0,3.0,54.0,22.0,-14.729999999999999,0.0,0.0,0.0,9.0,2.0,10.0,3.0,2.0,1.0,7.0,5.0,7.0,4.0,4.0,0.0
10954,0.0,0.0,0.0,9.0,2.0,10.0,3.0,2.0,1.0,7.0,5.0,7.0,4.0,4.0,5.0,42.0,-15.724999999999998,0.0,0.0,0.0,9.0,3.0,1.0,4.0,3.0,2.0,8.0,6.0,8.0,1.0,5.0,0.0
10955,0.0,0.0,0.0,9.0,3.0,1.0,4.0,3.0,2.0,8.0,6.0,8.0,1.0,5.0,35.0,44.0,-12.724999999999998,0.0,0.0,0.0,7.0,4.0,2.0,5.0,4.0,3.0,9.0,7.0,1.0,1.0,6.0,0.0
10956,0.0,0.0,0.0,7.0,4.0,2.0,5.0,4.0,3.0,9.0,7.0,1.0,1.0,6.0,31.0,44.0,-15.56,2.0,0.0,0.0,5.0,5.0,3.0,6.0,5.0,4.0,10.0,1.0,2.0,1.0,7.0,0.0
10957,2.0,0.0,0.0,5.0,5.0,3.0,6.0,5.0,4.0,10.0,1.0,2.0,1.0,7.0,48.0,25.0,-14.085,2.0,2.0,0.0,5.0,6.0,4.0,7.0,6.0,5.0,1.0,2.0,3.0,2.0,1.0,0.0
10958,2.0,2.0,0.0,5.0,6.0,4.0,7.0,6.0,5.0,1.0,2.0,3.0,2.0,1.0,2.0,17.0,-5.67,0.0,2.0,0.0,5.0,1.0,5.0,8.0,1.0,6.0,2.0,3.0,4.0,3.0,2.0,0.0
10959,0.0,2.0,0.0,5.0,1.0,5.0,8.0,1.0,6.0,2.0,3.0,4.0,3.0,2.0,54.0,13.0,-9.434999999999999,0.0,0.0,0.0,7.0,2.0,6.0,1.0,2.0,7.0,3.0,4.0,5.0,4.0,3.0,0.0
10960,0.0,0.0,0.0,7.0,2.0,6.0,1.0,2.0,7.0,3.0,4.0,5.0,4.0,3.0,5.0,18.0,-13.975,0.0,0.0,0.0,9.0,3.0,1.0,2.0,1.0,8.0,4.0,5.0,6.0,5.0,4.0,0.0
10961,0.0,0.0,0.0,9.0,3.0,1.0,2.0,1.0,8.0,4.0,5.0,6.0,5.0,4.0,48.0,44.0,-7.5649999999999995,0.0,2.0,0.0,7.0,4.0,2.0,3.0,2.0,9.0,5.0,6.0,7.0,1.0,1.0,0.0
10962,0.0,2.0,0.0,7.0,4.0,2.0,3.0,2.0,9.0,5.0,6.0,7.0,1.0,1.0,54.0,22.0,-12.469999999999999,0.0,0.0,0.0,7.0,5.0,3.0,4.0,3.0,1.0,6.0,7.0,8.0,2.0,2.0,0.0
10963,0.0,0.0,0.0,7.0,5.0,3.0,4.0,3.0,1.0,6.0,7.0,8.0,2.0,2.0,17.0,35.0,-21.205,0.0,0.0,0.0,7.0,6.0,4.0,5.0,1.0,2.0,7.0,8.0,1.0,3.0,3.0,0.0
10964,0.0,0.0,0.0,7.0,6.0,4.0,5.0,1.0,2.0,7.0,8.0,1.0,3.0,3.0,31.0,54.0,-12.105,2.0,0.0,0.0,5.0,7.0,5.0,6.0,2.0,3.0,8.0,1.0,2.0,4.0,4.0,0.0
10965,2.0,0.0,0.0,5.0,7.0,5.0,6.0,2.0,3.0,8.0,1.0,2.0,4.0,4.0,2.0,42.0,-9.059999999999999,0.0,0.0,0.0,5.0,1.0,6.0,7.0,3.0,4.0,9.0,2.0,3.0,1.0,5.0,0.0
10966,0.0,0.0,0.0,5.0,1.0,6.0,7.0,3.0,4.0,9.0,2.0,3.0,1.0,5.0,27.0,13.0,-23.185000000000002,0.0,0.0,0.0,7.0,2.0,7.0,1.0,4.0,5.0,1.0,3.0,4.0,2.0,6.0,0.0
10967,0.0,0.0,0.0,7.0,2.0,7.0,1.0,4.0,5.0,1.0,3.0,4.0,2.0,6.0,5.0,18.0,-13.475,0.0,0.0,0.0,9.0,3.0,1.0,2.0,1.0,6.0,2.0,4.0,5.0,3.0,7.0,0.0
10968,0.0,0.0,0.0,9.0,3.0,1.0,2.0,1.0,6.0,2.0,4.0,5.0,3.0,7.0,48.0,44.0,-6.965,0.0,2.0,0.0,7.0,4.0,2.0,3.0,2.0,7.0,3.0,5.0,6.0,1.0,1.0,0.0
10969,0.0,2.0,0.0,7.0,4.0,2.0,3.0,2.0,7.0,3.0,5.0,6.0,1.0,1.0,18.0,44.0,-8.285,0.0,4.0,0.0,5.0,5.0,3.0,4.0,1.0,8.0,4.0,6.0,7.0,1.0,2.0,0.0
10970,0.0,4.0,0.0,5.0,5.0,3.0,4.0,1.0,8.0,4.0,6.0,7.0,1.0,2.0,12.0,2.0,-15.36,0.0,4.0,0.0,5.0,1.0,4.0,1.0,2.0,9.0,5.0,7.0,8.0,2.0,3.0,0.0
10971,0.0,4.0,0.0,5.0,1.0,4.0,1.0,2.0,9.0,5.0,7.0,8.0,2.0,3.0,54.0,39.0,-10.755000000000003,0.0,2.0,0.0,3.0,2.0,5.0,2.0,3.0,10.0,6.0,8.0,1.0,3.0,4.0,0.0
10972,0.0,2.0,0.0,3.0,2.0,5.0,2.0,3.0,10.0,6.0,8.0,1.0,3.0,4.0,34.0,21.0,-21.115000000000002,0.0,0.0,2.0,3.0,3.0,6.0,3.0,4.0,1.0,7.0,1.0,2.0,4.0,5.0,0.0
10973,0.0,0.0,2.0,3.0,3.0,6.0,3.0,4.0,1.0,7.0,1.0,2.0,4.0,5.0,17.0,42.0,-14.805,0.0,0.0,0.0,3.0,4.0,7.0,4.0,1.0,2.0,8.0,2.0,3.0,1.0,6.0,0.0
10974,0.0,0.0,0.0,3.0,4.0,7.0,4.0,1.0,2.0,8.0,2.0,3.0,1.0,6.0,5.0,49.0,-13.264999999999999,0.0,0.0,0.0,1.0,5.0,1.0,5.0,2.0,3.0,9.0,3.0,4.0,2.0,1.0,0.0
10975,0.0,0.0,0.0,1.0,5.0,1.0,5.0,2.0,3.0,9.0,3.0,4.0,2.0,1.0,39.0,7.0,-17.795,0.0,0.0,0.0,1.0,6.0,1.0,6.0,3.0,4.0,10.0,4.0,1.0,3.0,2.0,0.0
10976,0.0,0.0,0.0,1.0,6.0,1.0,6.0,3.0,4.0,10.0,4.0,1.0,3.0,2.0,2.0,4.0,-7.8100000000000005,0.0,0.0,0.0,0.0,1.0,2.0,7.0,4.0,5.0,11.0,5.0,2.0,4.0,3.0,0.0
10977,0.0,0.0,0.0,0.0,1.0,2.0,7.0,4.0,5.0,11.0,5.0,2.0,4.0,3.0,32.0,25.0,-30.615000000000006,0.0,0.0,0.0,0.0,2.0,3.0,8.0,5.0,6.0,1.0,1.0,3.0,5.0,4.0,0.0
10978,0.0,0.0,0.0,0.0,2.0,3.0,8.0,5.0,6.0,1.0,1.0,3.0,5.0,4.0,17.0,13.0,-18.999999999999996,0.0,0.0,0.0,2.0,3.0,4.0,1.0,1.0,7.0,2.0,2.0,4.0,6.0,5.0,0.0
10979,0.0,0.0,0.0,2.0,3.0,4.0,1.0,1.0,7.0,2.0,2.0,4.0,6.0,5.0,36.0,46.0,-6.7,2.0,0.0,2.0,2.0,4.0,5.0,2.0,2.0,8.0,3.0,3.0,1.0,7.0,1.0,0.0
10980,2.0,0.0,2.0,2.0,4.0,5.0,2.0,2.0,8.0,3.0,3.0,1.0,7.0,1.0,2.0,22.0,-14.25,0.0,0.0,0.0,2.0,1.0,6.0,3.0,3.0,1.0,4.0,4.0,2.0,8.0,2.0,0.0
10981,0.0,0.0,0.0,2.0,1.0,6.0,3.0,3.0,1.0,4.0,4.0,2.0,8.0,2.0,17.0,42.0,-15.7,0.0,0.0,0.0,2.0,2.0,7.0,4.0,1.0,2.0,5.0,5.0,3.0,1.0,3.0,0.0
10982,0.0,0.0,0.0,2.0,2.0,7.0,4.0,1.0,2.0,5.0,5.0,3.0,1.0,3.0,31.0,7.0,-18.755000000000003,2.0,0.0,0.0,2.0,3.0,1.0,5.0,2.0,3.0,6.0,1.0,4.0,2.0,4.0,0.0
10983,2.0,0.0,0.0,2.0,3.0,1.0,5.0,2.0,3.0,6.0,1.0,4.0,2.0,4.0,26.0,44.0,-20.04,4.0,0.0,0.0,0.0,4.0,2.0,6.0,3.0,4.0,1.0,2.0,5.0,1.0,5.0,0.0
10984,4.0,0.0,0.0,0.0,4.0,2.0,6.0,3.0,4.0,1.0,2.0,5.0,1.0,5.0,31.0,46.0,-6.855,6.0,0.0,2.0,0.0,5.0,3.0,7.0,4.0,5.0,2.0,1.0,6.0,2.0,1.0,0.0
10985,6.0,0.0,2.0,0.0,5.0,3.0,7.0,4.0,5.0,2.0,1.0,6.0,2.0,1.0,39.0,7.0,-12.379999999999999,6.0,0.0,0.0,0.0,6.0,1.0,8.0,5.0,6.0,3.0,2.0,1.0,3.0,2.0,0.0
10986,6.0,0.0,0.0,0.0,6.0,1.0,8.0,5.0,6.0,3.0,2.0,1.0,3.0,2.0,2.0,2.0,-6.27,4.0,0.0,0.0,0.0,1.0,2.0,9.0,6.0,7.0,4.0,3.0,2.0,4.0,3.0,0.0
10987,4.0,0.0,0.0,0.0,1.0,2.0,9.0,6.0,7.0,4.0,3.0,2.0,4.0,3.0,32.0,7.0,-20.875,2.0,0.0,0.0,0.0,2.0,1.0,10.0,7.0,8.0,5.0,1.0,3.0,5.0,4.0,0.0
10988,2.0,0.0,0.0,0.0,2.0,1.0,10.0,7.0,8.0,5.0,1.0,3.0,5.0,4.0,21.0,13.0,-18.834999999999997,4.0,0.0,0.0,2.0,3.0,2.0,1.0,8.0,1.0,6.0,2.0,4.0,6.0,5.0,0.0
10989,4.0,0.0,0.0,2.0,3.0,2.0,1.0,8.0,1.0,6.0,2.0,4.0,6.0,5.0,17.0,45.0,-10.32,2.0,0.0,0.0,2.0,4.0,3.0,2.0,1.0,2.0,7.0,3.0,5.0,7.0,1.0,0.0
10990,2.0,0.0,0.0,2.0,4.0,3.0,2.0,1.0,2.0,7.0,3.0,5.0,7.0,1.0,39.0,9.0,-14.86,2.0,0.0,0.0,0.0,5.0,1.0,3.0,2.0,3.0,8.0,4.0,1.0,8.0,2.0,0.0
10991,2.0,0.0,0.0,0.0,5.0,1.0,3.0,2.0,3.0,8.0,4.0,1.0,8.0,2.0,32.0,0.0,-18.37,0.0,0.0,0.0,0.0,1.0,2.0,4.0,3.0,4.0,9.0,1.0,2.0,9.0,3.0,0.0
10992,0.0,0.0,0.0,0.0,1.0,2.0,4.0,3.0,4.0,9.0,1.0,2.0,9.0,3.0,40.0,44.0,-24.359999999999996,0.0,0.0,0.0,0.0,2.0,3.0,5.0,4.0,5.0,10.0,2.0,3.0,1.0,4.0,0.0
10993,0.0,0.0,0.0,0.0,2.0,3.0,5.0,4.0,5.0,10.0,2.0,3.0,1.0,4.0,26.0,7.0,-21.58,2.0,0.0,0.0,0.0,3.0,1.0,6.0,5.0,6.0,1.0,3.0,4.0,2.0,5.0,0.0
10994,2.0,0.0,0.0,0.0,3.0,1.0,6.0,5.0,6.0,1.0,3.0,4.0,2.0,5.0,21.0,46.0,-10.475000000000001,4.0,0.0,2.0,0.0,4.0,2.0,7.0,6.0,1.0,2.0,4.0,5.0,3.0,1.0,0.0
10995,4.0,0.0,2.0,0.0,4.0,2.0,7.0,6.0,1.0,2.0,4.0,5.0,3.0,1.0,1.0,7.0,-13.975,6.0,0.0,0.0,0.0,1.0,1.0,8.0,7.0,2.0,3.0,5.0,6.0,4.0,2.0,0.0
10996,6.0,0.0,0.0,0.0,1.0,1.0,8.0,7.0,2.0,3.0,5.0,6.0,4.0,2.0,32.0,18.0,-10.674999999999999,4.0,0.0,0.0,2.0,2.0,2.0,9.0,1.0,3.0,4.0,1.0,7.0,5.0,3.0,0.0
10997,4.0,0.0,0.0,2.0,2.0,2.0,9.0,1.0,3.0,4.0,1.0,7.0,5.0,3.0,35.0,13.0,-11.16,4.0,0.0,0.0,4.0,3.0,3.0,1.0,2.0,4.0,5.0,2.0,1.0,6.0,4.0,0.0
10998,4.0,0.0,0.0,4.0,3.0,3.0,1.0,2.0,4.0,5.0,2.0,1.0,6.0,4.0,32.0,44.0,-17.715,2.0,0.0,0.0,2.0,4.0,4.0,2.0,3.0,5.0,6.0,1.0,2.0,1.0,5.0,0.0
10999,2.0,0.0,0.0,2.0,4.0,4.0,2.0,3.0,5.0,6.0,1.0,2.0,1.0,5.0,31.0,46.0,-8.194999999999999,4.0,0.0,2.0,2.0,5.0,5.0,3.0,4.0,6.0,7.0,1.0,3.0,2.0,1.0,1.0
11000,0.0,2.0,7.0,1.0,1.0,1.0,1.0,1.0,1.0,1.0,1.0,1.0,1.0,1.0,47.0,9.0,-3.505,0.0,2.0,7.0,0.0,2.0,1.0,2.0,2.0,2.0,2.0,2.0,2.0,2.0,1.0,0.0
11001,0.0,2.0,7.0,0.0,2.0,1.0,2.0,2.0,2.0,2.0,2.0,2.0,2.0,1.0,26.0,7.0,-11.025,2.0,2.0,5.0,0.0,3.0,1.0,3.0,3.0,3.0,1.0,3.0,3.0,3.0,2.0,0.0
11002,2.0,2.0,5.0,0.0,3.0,1.0,3.0,3.0,3.0,1.0,3.0,3.0,3.0,2.0,24.0,7.0,-14.26,2.0,0.0,3.0,0.0,4.0,1.0,4.0,4.0,1.0,2.0,4.0,4.0,4.0,3.0,0.0
11003,2.0,0.0,3.0,0.0,4.0,1.0,4.0,4.0,1.0,2.0,4.0,4.0,4.0,3.0,35.0,34.0,-11.98,2.0,0.0,3.0,0.0,5.0,2.0,5.0,5.0,2.0,3.0,1.0,1.0,5.0,4.0,0.0
11004,2.0,0.0,3.0,0.0,5.0,2.0,5.0,5.0,2.0,3.0,1.0,1.0,5.0,4.0,17.0,2.0,-10.12,0.0,0.0,1.0,0.0,1.0,3.0,6.0,1.0,3.0,4.0,2.0,2.0,6.0,5.0,0.0
11005,0.0,0.0,1.0,0.0,1.0,3.0,6.0,1.0,3.0,4.0,2.0,2.0,6.0,5.0,45.0,46.0,-7.675,0.0,0.0,3.0,0.0,2.0,4.0,7.0,2.0,4.0,5.0,3.0,3.0,7.0,1.0,0.0
11006,0.0,0.0,3.0,0.0,2.0,4.0,7.0,2.0,4.0,5.0,3.0,3.0,7.0,1.0,40.0,9.0,-17.185,0.0,0.0,3.0,0.0,3.0,1.0,8.0,3.0,5.0,6.0,4.0,4.0,1.0,2.0,0.0
11007,0.0,0.0,3.0,0.0,3.0,1.0,8.0,3.0,5.0,6.0,4.0,4.0,1.0,2.0,21.0,7.0,-18.36,2.0,0.0,1.0,0.0,4.0,1.0,9.0,4.0,1.0,7.0,5.0,5.0,2.0,3.0,0.0
11008,2.0,0.0,1.0,0.0,4.0,1.0,9.0,4.0,1.0,7.0,5.0,5.0,2.0,3.0,32.0,2.0,-18.770000000000003,0.0,0.0,0.0,0.0,1.0,2.0,10.0,5.0,2.0,8.0,1.0,6.0,3.0,4.0,0.0
11009,0.0,0.0,0.0,0.0,1.0,2.0,10.0,5.0,2.0,8.0,1.0,6.0,3.0,4.0,35.0,47.0,-12.259999999999998,0.0,0.0,0.0,0.0,2.0,3.0,11.0,6.0,3.0,9.0,2.0,1.0,4.0,1.0,0.0
11010,0.0,0.0,0.0,0.0,2.0,3.0,11.0,6.0,3.0,9.0,2.0,1.0,4.0,1.0,19.0,2.0,-11.995000000000001,0.0,0.0,0.0,0.0,1.0,4.0,12.0,1.0,4.0,10.0,3.0,2.0,5.0,2.0,0.0
11011,0.0,0.0,0.0,0.0,1.0,4.0,12.0,1.0,4.0,10.0,3.0,2.0,5.0,2.0,10.0,13.0,-27.139999999999997,0.0,0.0,0.0,2.0,2.0,5.0,1.0,2.0,5.0,11.0,4.0,3.0,6.0,3.0,0.0
11012,0.0,0.0,0.0,2.0,2.0,5.0,1.0,2.0,5.0,11.0,4.0,3.0,6.0,3.0,37.0,9.0,-18.659999999999997,0.0,0.0,0.0,0.0,3.0,1.0,2.0,3.0,6.0,12.0,5.0,1.0,7.0,4.0,0.0
11013,0.0,0.0,0.0,0.0,3.0,1.0,2.0,3.0,6.0,12.0,5.0,1.0,7.0,4.0,16.0,46.0,-12.14,2.0,0.0,2.0,0.0,4.0,2.0,3.0,1.0,7.0,13.0,6.0,2.0,8.0,1.0,0.0
11014,2.0,0.0,2.0,0.0,4.0,2.0,3.0,1.0,7.0,13.0,6.0,2.0,8.0,1.0,32.0,22.0,-28.89,0.0,0.0,0.0,0.0,5.0,3.0,4.0,2.0,1.0,14.0,1.0,3.0,9.0,2.0,0.0
11015,0.0,0.0,0.0,0.0,5.0,3.0,4.0,2.0,1.0,14.0,1.0,3.0,9.0,2.0,40.0,9.0,-22.799999999999997,0.0,0.0,0.0,0.0,6.0,1.0,5.0,3.0,2.0,15.0,2.0,4.0,1.0,3.0,0.0
11016,0.0,0.0,0.0,0.0,6.0,1.0,5.0,3.0,2.0,15.0,2.0,4.0,1.0,3.0,29.0,7.0,-25.92,0.0,0.0,0.0,0.0,7.0,1.0,6.0,4.0,3.0,1.0,3.0,5.0,2.0,4.0,0.0
11017,0.0,0.0,0.0,0.0,7.0,1.0,6.0,4.0,3.0,1.0,3.0,5.0,2.0,4.0,1.0,2.0,-6.07,2.0,0.0,0.0,0.0,1.0,2.0,7.0,5.0,4.0,2.0,4.0,6.0,3.0,5.0,0.0
11018,2.0,0.0,0.0,0.0,1.0,2.0,7.0,5.0,4.0,2.0,4.0,6.0,3.0,5.0,35.0,46.0,-8.14,2.0,0.0,2.0,0.0,2.0,3.0,8.0,6.0,5.0,3.0,5.0,1.0,4.0,1.0,0.0
11019,2.0,0.0,2.0,0.0,2.0,3.0,8.0,6.0,5.0,3.0,5.0,1.0,4.0,1.0,34.0,7.0,-20.275,2.0,0.0,0.0,0.0,3.0,1.0,9.0,7.0,6.0,4.0,1.0,2.0,5.0,2.0,0.0
11020,2.0,0.0,0.0,0.0,3.0,1.0,9.0,7.0,6.0,4.0,1.0,2.0,5.0,2.0,21.0,2.0,-11.23,4.0,0.0,0.0,0.0,1.0,2.0,10.0,8.0,1.0,5.0,2.0,3.0,6.0,3.0,0.0
11021,4.0,0.0,0.0,0.0,1.0,2.0,10.0,8.0,1.0,5.0,2.0,3.0,6.0,3.0,17.0,13.0,-18.799999999999997,2.0,0.0,0.0,2.0,2.0,3.0,1.0,1.0,2.0,6.0,3.0,4.0,7.0,4.0,0.0
11022,2.0,0.0,0.0,2.0,2.0,3.0,1.0,1.0,2.0,6.0,3.0,4.0,7.0,4.0,37.0,9.0,-17.86,0.0,0.0,0.0,0.0,3.0,1.0,2.0,2.0,3.0,7.0,4.0,1.0,8.0,5.0,0.0
11023,0.0,0.0,0.0,0.0,3.0,1.0,2.0,2.0,3.0,7.0,4.0,1.0,8.0,5.0,40.0,32.0,-26.494999999999997,0.0,0.0,0.0,0.0,4.0,2.0,3.0,3.0,4.0,8.0,1.0,2.0,1.0,6.0,0.0
11024,0.0,0.0,0.0,0.0,4.0,2.0,3.0,3.0,4.0,8.0,1.0,2.0,1.0,6.0,16.0,49.0,-11.559999999999999,2.0,0.0,0.0,0.0,5.0,3.0,4.0,1.0,5.0,9.0,2.0,3.0,2.0,1.0,0.0
11025,2.0,0.0,0.0,0.0,5.0,3.0,4.0,1.0,5.0,9.0,2.0,3.0,2.0,1.0,29.0,7.0,-21.279999999999998,2.0,0.0,0.0,0.0,6.0,1.0,5.0,2.0,6.0,1.0,3.0,4.0,3.0,2.0,0.0
11026,2.0,0.0,0.0,0.0,6.0,1.0,5.0,2.0,6.0,1.0,3.0,4.0,3.0,2.0,39.0,2.0,-7.795,2.0,0.0,0.0,0.0,1.0,2.0,6.0,3.0,7.0,2.0,4.0,1.0,4.0,3.0,0.0
11027,2.0,0.0,0.0,0.0,1.0,2.0,6.0,3.0,7.0,2.0,4.0,1.0,4.0,3.0,28.0,2.0,-12.835,2.0,2.0,0.0,0.0,1.0,3.0,7.0,4.0,8.0,1.0,5.0,2.0,5.0,4.0,0.0
11028,2.0,2.0,0.0,0.0,1.0,3.0,7.0,4.0,8.0,1.0,5.0,2.0,5.0,4.0,9.0,2.0,-10.954999999999998,2.0,0.0,0.0,0.0,1.0,1.0,8.0,5.0,9.0,2.0,6.0,3.0,6.0,5.0,0.0
11029,2.0,0.0,0.0,0.0,1.0,1.0,8.0,5.0,9.0,2.0,6.0,3.0,6.0,5.0,32.0,2.0,-19.470000000000002,0.0,0.0,0.0,0.0,1.0,2.0,9.0,6.0,10.0,3.0,1.0,4.0,7.0,6.0,0.0
11030,0.0,0.0,0.0,0.0,1.0,2.0,9.0,6.0,10.0,3.0,1.0,4.0,7.0,6.0,21.0,46.0,-13.754999999999999,2.0,0.0,2.0,0.0,2.0,3.0,10.0,7.0,1.0,4.0,2.0,5.0,8.0,1.0,0.0
11031,2.0,0.0,2.0,0.0,2.0,3.0,10.0,7.0,1.0,4.0,2.0,5.0,8.0,1.0,39.0,13.0,-13.099999999999998,2.0,0.0,2.0,2.0,3.0,4.0,1.0,8.0,2.0,5.0,3.0,1.0,9.0,2.0,0.0
11032,2.0,0.0,2.0,2.0,3.0,4.0,1.0,8.0,2.0,5.0,3.0,1.0,9.0,2.0,39.0,17.0,-9.48,2.0,0.0,0.0,2.0,4.0,5.0,2.0,1.0,3.0,6.0,4.0,1.0,10.0,3.0,0.0
11033,2.0,0.0,0.0,2.0,4.0,5.0,2.0,1.0,3.0,6.0,4.0,1.0,10.0,3.0,39.0,42.0,-13.099999999999998,2.0,0.0,0.0,2.0,5.0,6.0,3.0,2.0,4.0,7.0,5.0,1.0,1.0,4.0,0.0
11034,2.0,0.0,0.0,2.0,5.0,6.0,3.0,2.0,4.0,7.0,5.0,1.0,1.0,4.0,31.0,2.0,-9.689999999999998,4.0,0.0,0.0,2.0,1.0,7.0,4.0,3.0,5.0,8.0,1.0,2.0,2.0,5.0,0.0
11035,4.0,0.0,0.0,2.0,1.0,7.0,4.0,3.0,5.0,8.0,1.0,2.0,2.0,5.0,37.0,9.0,-15.06,2.0,0.0,0.0,0.0,2.0,1.0,5.0,4.0,6.0,9.0,2.0,1.0,3.0,6.0,0.0
11036,2.0,0.0,0.0,0.0,2.0,1.0,5.0,4.0,6.0,9.0,2.0,1.0,3.0,6.0,16.0,47.0,-13.200000000000001,4.0,0.0,0.0,0.0,3.0,2.0,6.0,1.0,7.0,10.0,3.0,2.0,4.0,1.0,0.0
11037,4.0,0.0,0.0,0.0,3.0,2.0,6.0,1.0,7.0,10.0,3.0,2.0,4.0,1.0,39.0,22.0,-16.555,4.0,0.0,0.0,0.0,4.0,3.0,7.0,2.0,1.0,11.0,4.0,1.0,5.0,2.0,0.0
11038,4.0,0.0,0.0,0.0,4.0,3.0,7.0,2.0,1.0,11.0,4.0,1.0,5.0,2.0,29.0,26.0,-20.019999999999996,4.0,0.0,2.0,0.0,5.0,4.0,8.0,3.0,2.0,1.0,5.0,2.0,6.0,3.0,0.0
11039,4.0,0.0,2.0,0.0,5.0,4.0,8.0,3.0,2.0,1.0,5.0,2.0,6.0,3.0,39.0,2.0,-6.835,4.0,0.0,0.0,0.0,1.0,5.0,9.0,4.0,3.0,2.0,6.0,1.0,7.0,4.0,0.0
11040,4.0,0.0,0.0,0.0,1.0,5.0,9.0,4.0,3.0,2.0,6.0,1.0,7.0,4.0,34.0,18.0,-11.174999999999999,4.0,0.0,0.0,2.0,2.0,6.0,10.0,1.0,4.0,3.0,1.0,2.0,8.0,5.0,0.0
11041,4.0,0.0,0.0,2.0,2.0,6.0,10.0,1.0,4.0,3.0,1.0,2.0,8.0,5.0,7.0,42.0,-14.959999999999997,2.0,0.0,0.0,2.0,3.0,1.0,11.0,2.0,5.0,4.0,2.0,3.0,1.0,6.0,0.0
11042,2.0,0.0,0.0,2.0,3.0,1.0,11.0,2.0,5.0,4.0,2.0,3.0,1.0,6.0,21.0,13.0,-15.755000000000003,4.0,0.0,0.0,4.0,4.0,2.0,1.0,3.0,1.0,5.0,3.0,4.0,2.0,7.0,0.0
11043,4.0,0.0,0.0,4.0,4.0,2.0,1.0,3.0,1.0,5.0,3.0,4.0,2.0,7.0,37.0,47.0,-6.82,2.0,0.0,0.0,4.0,5.0,3.0,2.0,4.0,2.0,6.0,4.0,1.0,3.0,1.0,0.0
11044,2.0,0.0,0.0,4.0,5.0,3.0,2.0,4.0,2.0,6.0,4.0,1.0,3.0,1.0,39.0,17.0,-7.32,2.0,0.0,0.0,4.0,6.0,4.0,3.0,1.0,3.0,7.0,5.0,1.0,4.0,2.0,0.0
11045,2.0,0.0,0.0,4.0,6.0,4.0,3.0,1.0,3.0,7.0,5.0,1.0,4.0,2.0,31.0,26.0,-13.475,4.0,0.0,2.0,4.0,7.0,5.0,4.0,2.0,4.0,1.0,1.0,2.0,5.0,3.0,0.0
11046,4.0,0.0,2.0,4.0,7.0,5.0,4.0,2.0,4.0,1.0,1.0,2.0,5.0,3.0,39.0,42.0,-8.66,4.0,0.0,0.0,4.0,8.0,6.0,5.0,3.0,5.0,2.0,2.0,1.0,1.0,4.0,0.0
11047,4.0,0.0,0.0,4.0,8.0,6.0,5.0,3.0,5.0,2.0,2.0,1.0,1.0,4.0,31.0,2.0,-8.35,6.0,0.0,0.0,4.0,1.0,7.0,6.0,4.0,6.0,3.0,1.0,2.0,2.0,5.0,0.0
11048,6.0,0.0,0.0,4.0,1.0,7.0,6.0,4.0,6.0,3.0,1.0,2.0,2.0,5.0,37.0,24.0,-13.975,4.0,0.0,0.0,2.0,2.0,8.0,7.0,5.0,1.0,4.0,2.0,1.0,3.0,6.0,0.0
11049,4.0,0.0,0.0,2.0,2.0,8.0,7.0,5.0,1.0,4.0,2.0,1.0,3.0,6.0,7.0,45.0,-9.079999999999998,2.0,0.0,0.0,2.0,3.0,1.0,8.0,6.0,2.0,5.0,3.0,2.0,4.0,1.0,0.0
11050,2.0,0.0,0.0,2.0,3.0,1.0,8.0,6.0,2.0,5.0,3.0,2.0,4.0,1.0,39.0,13.0,-13.420000000000002,2.0,0.0,0.0,4.0,4.0,2.0,1.0,7.0,3.0,6.0,4.0,1.0,5.0,2.0,0.0
11051,2.0,0.0,0.0,4.0,4.0,2.0,1.0,7.0,3.0,6.0,4.0,1.0,5.0,2.0,27.0,17.0,-18.080000000000002,0.0,0.0,0.0,4.0,5.0,3.0,2.0,1.0,4.0,1.0,5.0,2.0,6.0,3.0,0.0
11052,0.0,0.0,0.0,4.0,5.0,3.0,2.0,1.0,4.0,1.0,5.0,2.0,6.0,3.0,39.0,42.0,-13.319999999999999,0.0,0.0,0.0,4.0,6.0,4.0,3.0,2.0,5.0,2.0,6.0,1.0,1.0,4.0,0.0
11053,0.0,0.0,0.0,4.0,6.0,4.0,3.0,2.0,5.0,2.0,6.0,1.0,1.0,4.0,31.0,47.0,-12.235000000000001,2.0,0.0,0.0,4.0,7.0,5.0,4.0,3.0,6.0,3.0,1.0,2.0,2.0,1.0,0.0
11054,2.0,0.0,0.0,4.0,7.0,5.0,4.0,3.0,6.0,3.0,1.0,2.0,2.0,1.0,2.0,24.0,-13.95,0.0,0.0,0.0,2.0,1.0,6.0,5.0,4.0,1.0,4.0,2.0,3.0,3.0,2.0,0.0
11055,0.0,0.0,0.0,2.0,1.0,6.0,5.0,4.0,1.0,4.0,2.0,3.0,3.0,2.0,39.0,7.0,-16.84,0.0,0.0,0.0,2.0,2.0,1.0,6.0,5.0,2.0,5.0,3.0,1.0,4.0,3.0,0.0
11056,0.0,0.0,0.0,2.0,2.0,1.0,6.0,5.0,2.0,5.0,3.0,1.0,4.0,3.0,27.0,47.0,-18.28,0.0,0.0,0.0,2.0,3.0,2.0,7.0,6.0,3.0,1.0,4.0,2.0,5.0,1.0,0.0
11057,0.0,0.0,0.0,2.0,3.0,2.0,7.0,6.0,3.0,1.0,4.0,2.0,5.0,1.0,1.0,18.0,-4.895,2.0,0.0,0.0,4.0,1.0,3.0,8.0,1.0,4.0,2.0,5.0,3.0,6.0,2.0,0.0
11058,2.0,0.0,0.0,4.0,1.0,3.0,8.0,1.0,4.0,2.0,5.0,3.0,6.0,2.0,54.0,13.0,-9.59,2.0,0.0,0.0,6.0,2.0,4.0,1.0,2.0,5.0,3.0,6.0,4.0,7.0,3.0,0.0
11059,2.0,0.0,0.0,6.0,2.0,4.0,1.0,2.0,5.0,3.0,6.0,4.0,7.0,3.0,39.0,24.0,-14.495000000000001,2.0,0.0,0.0,4.0,3.0,5.0,2.0,3.0,1.0,4.0,7.0,1.0,8.0,4.0,0.0
11060,2.0,0.0,0.0,4.0,3.0,5.0,2.0,3.0,1.0,4.0,7.0,1.0,8.0,4.0,9.0,15.0,-9.579999999999998,2.0,0.0,0.0,4.0,4.0,1.0,3.0,1.0,2.0,5.0,8.0,2.0,9.0,5.0,0.0
11061,2.0,0.0,0.0,4.0,4.0,1.0,3.0,1.0,2.0,5.0,8.0,2.0,9.0,5.0,32.0,42.0,-20.195000000000004,0.0,0.0,0.0,4.0,5.0,2.0,4.0,2.0,3.0,6.0,1.0,3.0,1.0,6.0,0.0
11062,0.0,0.0,0.0,4.0,5.0,2.0,4.0,2.0,3.0,6.0,1.0,3.0,1.0,6.0,48.0,47.0,-5.5600000000000005,0.0,2.0,0.0,4.0,6.0,3.0,5.0,3.0,4.0,7.0,2.0,4.0,2.0,1.0,0.0
11063,0.0,2.0,0.0,4.0,6.0,3.0,5.0,3.0,4.0,7.0,2.0,4.0,2.0,1.0,39.0,24.0,-18.935,0.0,0.0,0.0,2.0,7.0,4.0,6.0,4.0,1.0,8.0,3.0,1.0,3.0,2.0,0.0
11064,0.0,0.0,0.0,2.0,7.0,4.0,6.0,4.0,1.0,8.0,3.0,1.0,3.0,2.0,27.0,7.0,-25.400000000000002,0.0,0.0,0.0,2.0,8.0,1.0,7.0,5.0,2.0,1.0,4.0,2.0,4.0,3.0,0.0
11065,0.0,0.0,0.0,2.0,8.0,1.0,7.0,5.0,2.0,1.0,4.0,2.0,4.0,3.0,1.0,47.0,-4.995,2.0,0.0,0.0,2.0,1.0,2.0,8.0,6.0,3.0,2.0,5.0,3.0,5.0,1.0,0.0
11066,2.0,0.0,0.0,2.0,1.0,2.0,8.0,6.0,3.0,2.0,5.0,3.0,5.0,1.0,34.0,13.0,-18.335,2.0,0.0,0.0,4.0,2.0,3.0,1.0,7.0,4.0,3.0,1.0,4.0,6.0,2.0,0.0
11067,2.0,0.0,0.0,4.0,2.0,3.0,1.0,7.0,4.0,3.0,1.0,4.0,6.0,2.0,39.0,18.0,-6.300000000000001,2.0,0.0,0.0,6.0,3.0,4.0,2.0,1.0,5.0,4.0,2.0,1.0,7.0,3.0,0.0
11068,2.0,0.0,0.0,6.0,3.0,4.0,2.0,1.0,5.0,4.0,2.0,1.0,7.0,3.0,2.0,24.0,-13.01,0.0,0.0,0.0,4.0,1.0,5.0,3.0,2.0,1.0,5.0,3.0,2.0,8.0,4.0,0.0
11069,0.0,0.0,0.0,4.0,1.0,5.0,3.0,2.0,1.0,5.0,3.0,2.0,8.0,4.0,45.0,42.0,-9.399999999999999,0.0,0.0,0.0,4.0,2.0,6.0,4.0,3.0,2.0,6.0,4.0,3.0,1.0,1.0,0.0
11070,0.0,0.0,0.0,4.0,2.0,6.0,4.0,3.0,2.0,6.0,4.0,3.0,1.0,1.0,6.0,7.0,-16.62,2.0,0.0,0.0,4.0,3.0,1.0,5.0,4.0,3.0,7.0,5.0,4.0,2.0,2.0,0.0
11071,2.0,0.0,0.0,4.0,3.0,1.0,5.0,4.0,3.0,7.0,5.0,4.0,2.0,2.0,27.0,24.0,-26.695,0.0,0.0,0.0,2.0,4.0,2.0,6.0,5.0,1.0,1.0,6.0,5.0,3.0,3.0,0.0
11072,0.0,0.0,0.0,2.0,4.0,2.0,6.0,5.0,1.0,1.0,6.0,5.0,3.0,3.0,35.0,47.0,-10.62,0.0,0.0,0.0,2.0,5.0,3.0,7.0,6.0,2.0,2.0,7.0,1.0,4.0,1.0,0.0
11073,0.0,0.0,0.0,2.0,5.0,3.0,7.0,6.0,2.0,2.0,7.0,1.0,4.0,1.0,1.0,13.0,-11.195,2.0,0.0,0.0,4.0,1.0,4.0,1.0,7.0,3.0,3.0,8.0,2.0,5.0,2.0,0.0
11074,2.0,0.0,0.0,4.0,1.0,4.0,1.0,7.0,3.0,3.0,8.0,2.0,5.0,2.0,34.0,18.0,-11.315,2.0,0.0,0.0,6.0,2.0,5.0,2.0,1.0,4.0,4.0,1.0,3.0,6.0,3.0,0.0
11075,2.0,0.0,0.0,6.0,2.0,5.0,2.0,1.0,4.0,4.0,1.0,3.0,6.0,3.0,7.0,24.0,-19.474999999999998,0.0,0.0,0.0,4.0,3.0,1.0,3.0,2.0,1.0,5.0,2.0,4.0,7.0,4.0,0.0
11076,0.0,0.0,0.0,4.0,3.0,1.0,3.0,2.0,1.0,5.0,2.0,4.0,7.0,4.0,35.0,42.0,-13.019999999999998,0.0,0.0,0.0,4.0,4.0,2.0,4.0,3.0,2.0,6.0,3.0,1.0,1.0,5.0,0.0
11077,0.0,0.0,0.0,4.0,4.0,2.0,4.0,3.0,2.0,6.0,3.0,1.0,1.0,5.0,49.0,49.0,-6.699999999999999,0.0,0.0,0.0,2.0,5.0,3.0,5.0,4.0,3.0,7.0,4.0,2.0,2.0,1.0,0.0
11078,0.0,0.0,0.0,2.0,5.0,3.0,5.0,4.0,3.0,7.0,4.0,2.0,2.0,1.0,27.0,24.0,-29.175000000000004,0.0,0.0,0.0,0.0,6.0,4.0,6.0,5.0,1.0,1.0,5.0,3.0,3.0,2.0,0.0
11079,0.0,0.0,0.0,0.0,6.0,4.0,6.0,5.0,1.0,1.0,5.0,3.0,3.0,2.0,1.0,36.0,-6.955,2.0,0.0,2.0,0.0,1.0,5.0,7.0,6.0,2.0,2.0,6.0,1.0,4.0,3.0,0.0
11080,2.0,0.0,2.0,0.0,1.0,5.0,7.0,6.0,2.0,2.0,6.0,1.0,4.0,3.0,34.0,7.0,-19.875,2.0,0.0,0.0,0.0,2.0,1.0,8.0,7.0,3.0,3.0,1.0,2.0,5.0,4.0,0.0
11081,2.0,0.0,0.0,0.0,2.0,1.0,8.0,7.0,3.0,3.0,1.0,2.0,5.0,4.0,35.0,13.0,-15.999999999999998,2.0,0.0,0.0,2.0,3.0,2.0,1.0,8.0,4.0,4.0,2.0,1.0,6.0,5.0,0.0
11082,2.0,0.0,0.0,2.0,3.0,2.0,1.0,8.0,4.0,4.0,2.0,1.0,6.0,5.0,16.0,17.0,-13.720000000000002,4.0,0.0,0.0,2.0,4.0,3.0,2.0,1.0,5.0,5.0,3.0,2.0,7.0,6.0,0.0
11083,4.0,0.0,0.0,2.0,4.0,3.0,2.0,1.0,5.0,5.0,3.0,2.0,7.0,6.0,7.0,24.0,-20.275,2.0,0.0,0.0,0.0,5.0,1.0,3.0,2.0,1.0,6.0,4.0,3.0,8.0,7.0,0.0
11084,2.0,0.0,0.0,0.0,5.0,1.0,3.0,2.0,1.0,6.0,4.0,3.0,8.0,7.0,35.0,46.0,-8.34,2.0,0.0,2.0,0.0,6.0,2.0,4.0,3.0,2.0,7.0,5.0,1.0,9.0,1.0,0.0
11085,2.0,0.0,2.0,0.0,6.0,2.0,4.0,3.0,2.0,7.0,5.0,1.0,9.0,1.0,41.0,22.0,-23.275,4.0,0.0,0.0,0.0,7.0,3.0,5.0,4.0,1.0,8.0,6.0,2.0,1.0,2.0,0.0
11086,4.0,0.0,0.0,0.0,7.0,3.0,5.0,4.0,1.0,8.0,6.0,2.0,1.0,2.0,29.0,45.0,-12.58,4.0,0.0,0.0,0.0,8.0,4.0,6.0,5.0,2.0,1.0,7.0,3.0,2.0,1.0,0.0
11087,4.0,0.0,0.0,0.0,8.0,4.0,6.0,5.0,2.0,1.0,7.0,3.0,2.0,1.0,31.0,52.0,-5.905,6.0,0.0,0.0,0.0,9.0,5.0,7.0,6.0,3.0,2.0,1.0,4.0,3.0,2.0,0.0
11088,6.0,0.0,0.0,0.0,9.0,5.0,7.0,6.0,3.0,2.0,1.0,4.0,3.0,2.0,7.0,1.0,-6.435,4.0,0.0,2.0,0.0,1.0,1.0,8.0,7.0,4.0,3.0,2.0,5.0,4.0,3.0,0.0
11089,4.0,0.0,2.0,0.0,1.0,1.0,8.0,7.0,4.0,3.0,2.0,5.0,4.0,3.0,35.0,13.0,-10.939999999999998,4.0,0.0,2.0,2.0,2.0,2.0,1.0,8.0,5.0,4.0,3.0,1.0,5.0,4.0,0.0
11090,4.0,0.0,2.0,2.0,2.0,2.0,1.0,8.0,5.0,4.0,3.0,1.0,5.0,4.0,7.0,24.0,-16.355,2.0,0.0,2.0,0.0,3.0,1.0,2.0,9.0,1.0,5.0,4.0,2.0,6.0,5.0,0.0
11091,2.0,0.0,2.0,0.0,3.0,1.0,2.0,9.0,1.0,5.0,4.0,2.0,6.0,5.0,49.0,45.0,-7.4,2.0,0.0,2.0,0.0,4.0,2.0,3.0,10.0,2.0,6.0,5.0,3.0,7.0,1.0,0.0
11092,2.0,0.0,2.0,0.0,4.0,2.0,3.0,10.0,2.0,6.0,5.0,3.0,7.0,1.0,41.0,17.0,-17.240000000000002,4.0,0.0,0.0,0.0,5.0,3.0,4.0,1.0,3.0,7.0,6.0,4.0,1.0,2.0,0.0
11093,4.0,0.0,0.0,0.0,5.0,3.0,4.0,1.0,3.0,7.0,6.0,4.0,1.0,2.0,31.0,30.0,-18.57,6.0,0.0,0.0,0.0,6.0,4.0,5.0,2.0,4.0,8.0,1.0,5.0,2.0,3.0,0.0
11094,6.0,0.0,0.0,0.0,6.0,4.0,5.0,2.0,4.0,8.0,1.0,5.0,2.0,3.0,7.0,24.0,-17.995,4.0,0.0,0.0,0.0,7.0,1.0,6.0,3.0,1.0,9.0,2.0,6.0,3.0,4.0,0.0
11095,4.0,0.0,0.0,0.0,7.0,1.0,6.0,3.0,1.0,9.0,2.0,6.0,3.0,4.0,7.0,36.0,-11.94,2.0,0.0,2.0,0.0,8.0,1.0,7.0,4.0,2.0,10.0,3.0,1.0,4.0,5.0,0.0
11096,2.0,0.0,2.0,0.0,8.0,1.0,7.0,4.0,2.0,10.0,3.0,1.0,4.0,5.0,49.0,49.0,-8.1,2.0,0.0,2.0,0.0,9.0,2.0,8.0,5.0,3.0,11.0,4.0,2.0,5.0,1.0,0.0
11097,2.0,0.0,2.0,0.0,9.0,2.0,8.0,5.0,3.0,11.0,4.0,2.0,5.0,1.0,13.0,24.0,-19.314999999999998,2.0,2.0,2.0,0.0,10.0,3.0,1.0,6.0,1.0,12.0,5.0,3.0,6.0,2.0,0.0
11098,2.0,2.0,2.0,0.0,10.0,3.0,1.0,6.0,1.0,12.0,5.0,3.0,6.0,2.0,49.0,7.0,-15.32,2.0,0.0,0.0,0.0,11.0,1.0,2.0,7.0,2.0,13.0,6.0,4.0,7.0,1.0,0.0
11099,2.0,0.0,0.0,0.0,11.0,1.0,2.0,7.0,2.0,13.0,6.0,4.0,7.0,1.0,0.0,4.0,-7.47,2.0,0.0,0.0,0.0,1.0,2.0,3.0,8.0,3.0,14.0,7.0,5.0,8.0,2.0,1.0
11100,2.0,8.0,7.0,8.0,1.0,1.0,1.0,1.0,1.0,1.0,1.0,1.0,1.0,1.0,21.0,24.0,-5.154999999999999,4.0,8.0,7.0,6.0,2.0,2.0,2.0,2.0,1.0,2.0,2.0,2.0,2.0,2.0,0.0
11101,4.0,8.0,7.0,6.0,2.0,2.0,2.0,2.0,1.0,2.0,2.0,2.0,2.0,2.0,21.0,24.0,-4.8149999999999995,6.0,8.0,7.0,4.0,3.0,3.0,3.0,3.0,1.0,3.0,3.0,3.0,3.0,3.0,0.0
11102,6.0,8.0,7.0,4.0,3.0,3.0,3.0,3.0,1.0,3.0,3.0,3.0,3.0,3.0,24.0,24.0,-5.715,6.0,6.0,7.0,2.0,4.0,4.0,4.0,4.0,1.0,4.0,4.0,4.0,4.0,4.0,0.0
11103,6.0,6.0,7.0,2.0,4.0,4.0,4.0,4.0,1.0,4.0,4.0,4.0,4.0,4.0,24.0,7.0,-5.44,6.0,4.0,5.0,2.0,5.0,1.0,5.0,5.0,1.0,5.0,5.0,5.0,5.0,5.0,0.0
11104,6.0,4.0,5.0,2.0,5.0,1.0,5.0,5.0,1.0,5.0,5.0,5.0,5.0,5.0,7.0,7.0,-9.905,4.0,4.0,3.0,2.0,6.0,1.0,6.0,6.0,2.0,6.0,6.0,6.0,6.0,6.0,0.0
11105,4.0,4.0,3.0,2.0,6.0,1.0,6.0,6.0,2.0,6.0,6.0,6.0,6.0,6.0,49.0,46.0,-8.135,4.0,2.0,5.0,2.0,7.0,2.0,7.0,7.0,3.0,7.0,7.0,7.0,7.0,1.0,0.0
11106,4.0,2.0,5.0,2.0,7.0,2.0,7.0,7.0,3.0,7.0,7.0,7.0,7.0,1.0,7.0,24.0,-14.68,2.0,2.0,5.0,0.0,8.0,1.0,8.0,8.0,1.0,8.0,8.0,8.0,8.0,2.0,0.0
11107,2.0,2.0,5.0,0.0,8.0,1.0,8.0,8.0,1.0,8.0,8.0,8.0,8.0,2.0,17.0,7.0,-12.145,0.0,2.0,3.0,0.0,9.0,1.0,9.0,1.0,2.0,9.0,9.0,9.0,9.0,3.0,0.0
11108,0.0,2.0,3.0,0.0,9.0,1.0,9.0,1.0,2.0,9.0,9.0,9.0,9.0,3.0,4.0,34.0,-12.895,0.0,0.0,3.0,0.0,1.0,2.0,10.0,2.0,3.0,10.0,1.0,10.0,10.0,4.0,0.0
11109,0.0,0.0,3.0,0.0,1.0,2.0,10.0,2.0,3.0,10.0,1.0,10.0,10.0,4.0,35.0,5.0,-14.245,0.0,0.0,3.0,0.0,2.0,1.0,11.0,3.0,4.0,11.0,2.0,1.0,11.0,5.0,0.0
11110,0.0,0.0,3.0,0.0,2.0,1.0,11.0,3.0,4.0,11.0,2.0,1.0,11.0,5.0,41.0,24.0,-19.479999999999997,2.0,0.0,3.0,0.0,3.0,2.0,12.0,4.0,1.0,12.0,3.0,2.0,1.0,6.0,0.0
11111,2.0,0.0,3.0,0.0,3.0,2.0,12.0,4.0,1.0,12.0,3.0,2.0,1.0,6.0,6.0,26.0,-11.795000000000002,4.0,0.0,5.0,0.0,4.0,1.0,13.0,5.0,2.0,1.0,4.0,3.0,2.0,7.0,0.0
11112,4.0,0.0,5.0,0.0,4.0,1.0,13.0,5.0,2.0,1.0,4.0,3.0,2.0,7.0,49.0,13.0,-9.555,4.0,0.0,5.0,2.0,5.0,2.0,1.0,6.0,3.0,2.0,5.0,4.0,3.0,1.0,0.0
11113,4.0,0.0,5.0,2.0,5.0,2.0,1.0,6.0,3.0,2.0,5.0,4.0,3.0,1.0,31.0,39.0,-5.47,6.0,0.0,5.0,0.0,6.0,3.0,2.0,7.0,4.0,3.0,1.0,1.0,4.0,2.0,0.0
11114,6.0,0.0,5.0,0.0,6.0,3.0,2.0,7.0,4.0,3.0,1.0,1.0,4.0,2.0,7.0,24.0,-10.42,4.0,0.0,5.0,0.0,7.0,1.0,3.0,8.0,1.0,4.0,2.0,2.0,5.0,3.0,0.0
11115,4.0,0.0,5.0,0.0,7.0,1.0,3.0,8.0,1.0,4.0,2.0,2.0,5.0,3.0,0.0,39.0,-4.63,4.0,0.0,5.0,0.0,1.0,2.0,4.0,9.0,2.0,5.0,3.0,1.0,6.0,4.0,0.0
11116,4.0,0.0,5.0,0.0,1.0,2.0,4.0,9.0,2.0,5.0,3.0,1.0,6.0,4.0,47.0,37.0,-7.455,2.0,0.0,3.0,0.0,2.0,3.0,5.0,10.0,3.0,6.0,4.0,1.0,7.0,1.0,0.0
11117,2.0,0.0,3.0,0.0,2.0,3.0,5.0,10.0,3.0,6.0,4.0,1.0,7.0,1.0,54.0,24.0,-11.41,2.0,0.0,3.0,0.0,3.0,4.0,6.0,11.0,1.0,7.0,5.0,2.0,8.0,2.0,0.0
11118,2.0,0.0,3.0,0.0,3.0,4.0,6.0,11.0,1.0,7.0,5.0,2.0,8.0,2.0,17.0,5.0,-13.545,0.0,0.0,3.0,0.0,4.0,1.0,7.0,1.0,2.0,8.0,6.0,3.0,9.0,3.0,0.0
11119,0.0,0.0,3.0,0.0,4.0,1.0,7.0,1.0,2.0,8.0,6.0,3.0,9.0,3.0,45.0,30.0,-12.559999999999999,0.0,0.0,3.0,0.0,5.0,2.0,8.0,2.0,3.0,9.0,1.0,4.0,10.0,1.0,0.0
11120,0.0,0.0,3.0,0.0,5.0,2.0,8.0,2.0,3.0,9.0,1.0,4.0,10.0,1.0,0.0,42.0,-14.85,0.0,0.0,1.0,0.0,1.0,3.0,9.0,3.0,4.0,10.0,2.0,5.0,1.0,2.0,0.0
11121,0.0,0.0,1.0,0.0,1.0,3.0,9.0,3.0,4.0,10.0,2.0,5.0,1.0,2.0,21.0,7.0,-20.575,2.0,0.0,0.0,0.0,2.0,1.0,10.0,4.0,1.0,11.0,3.0,6.0,2.0,3.0,0.0
11122,2.0,0.0,0.0,0.0,2.0,1.0,10.0,4.0,1.0,11.0,3.0,6.0,2.0,3.0,25.0,11.0,-23.039999999999996,2.0,0.0,2.0,0.0,3.0,2.0,1.0,5.0,2.0,1.0,4.0,7.0,3.0,4.0,0.0
11123,2.0,0.0,2.0,0.0,3.0,2.0,1.0,5.0,2.0,1.0,4.0,7.0,3.0,4.0,0.0,39.0,-6.455,2.0,0.0,2.0,0.0,1.0,3.0,2.0,6.0,3.0,2.0,5.0,1.0,4.0,5.0,0.0
11124,2.0,0.0,2.0,0.0,1.0,3.0,2.0,6.0,3.0,2.0,5.0,1.0,4.0,5.0,47.0,46.0,-8.04,0.0,0.0,4.0,0.0,2.0,4.0,3.0,7.0,4.0,3.0,6.0,2.0,5.0,1.0,0.0
11125,0.0,0.0,4.0,0.0,2.0,4.0,3.0,7.0,4.0,3.0,6.0,2.0,5.0,1.0,54.0,7.0,-8.95,0.0,0.0,2.0,0.0,3.0,1.0,4.0,8.0,5.0,4.0,7.0,3.0,6.0,2.0,0.0
11126,0.0,0.0,2.0,0.0,3.0,1.0,4.0,8.0,5.0,4.0,7.0,3.0,6.0,2.0,1.0,46.0,-7.435,2.0,0.0,4.0,0.0,1.0,2.0,5.0,9.0,6.0,5.0,8.0,4.0,7.0,1.0,0.0
11127,2.0,0.0,4.0,0.0,1.0,2.0,5.0,9.0,6.0,5.0,8.0,4.0,7.0,1.0,54.0,24.0,-10.625,2.0,0.0,4.0,0.0,2.0,3.0,6.0,10.0,1.0,6.0,9.0,5.0,8.0,2.0,0.0
11128,2.0,0.0,4.0,0.0,2.0,3.0,6.0,10.0,1.0,6.0,9.0,5.0,8.0,2.0,46.0,31.0,-8.975,4.0,0.0,6.0,0.0,3.0,4.0,7.0,11.0,2.0,7.0,1.0,6.0,9.0,1.0,0.0
11129,4.0,0.0,6.0,0.0,3.0,4.0,7.0,11.0,2.0,7.0,1.0,6.0,9.0,1.0,0.0,37.0,-6.595000000000001,4.0,0.0,4.0,0.0,1.0,5.0,8.0,12.0,3.0,8.0,2.0,1.0,10.0,2.0,0.0
11130,4.0,0.0,4.0,0.0,1.0,5.0,8.0,12.0,3.0,8.0,2.0,1.0,10.0,2.0,54.0,11.0,-13.15,4.0,0.0,6.0,0.0,2.0,6.0,1.0,13.0,4.0,9.0,3.0,2.0,11.0,3.0,0.0
11131,4.0,0.0,6.0,0.0,2.0,6.0,1.0,13.0,4.0,9.0,3.0,2.0,11.0,3.0,46.0,37.0,-10.86,6.0,0.0,4.0,0.0,3.0,7.0,2.0,14.0,5.0,10.0,4.0,1.0,12.0,1.0,0.0
11132,6.0,0.0,4.0,0.0,3.0,7.0,2.0,14.0,5.0,10.0,4.0,1.0,12.0,1.0,46.0,17.0,-18.42,8.0,0.0,2.0,0.0,4.0,8.0,3.0,1.0,6.0,11.0,5.0,2.0,13.0,1.0,0.0
11133,8.0,0.0,2.0,0.0,4.0,8.0,3.0,1.0,6.0,11.0,5.0,2.0,13.0,1.0,7.0,24.0,-13.835,6.0,0.0,2.0,0.0,5.0,1.0,4.0,2.0,1.0,12.0,6.0,3.0,14.0,2.0,0.0
11134,6.0,0.0,2.0,0.0,5.0,1.0,4.0,2.0,1.0,12.0,6.0,3.0,14.0,2.0,32.0,10.0,-19.415,4.0,0.0,2.0,0.0,6.0,2.0,1.0,3.0,2.0,13.0,1.0,4.0,15.0,3.0,0.0
11135,4.0,0.0,2.0,0.0,6.0,2.0,1.0,3.0,2.0,13.0,1.0,4.0,15.0,3.0,40.0,29.0,-20.56,4.0,0.0,2.0,0.0,7.0,3.0,2.0,4.0,3.0,1.0,2.0,5.0,1.0,4.0,0.0
11136,4.0,0.0,2.0,0.0,7.0,3.0,2.0,4.0,3.0,1.0,2.0,5.0,1.0,4.0,0.0,39.0,-6.255,4.0,0.0,2.0,0.0,1.0,4.0,3.0,5.0,4.0,2.0,3.0,1.0,2.0,5.0,0.0
11137,4.0,0.0,2.0,0.0,1.0,4.0,3.0,5.0,4.0,2.0,3.0,1.0,2.0,5.0,7.0,31.0,-12.134999999999998,2.0,0.0,4.0,0.0,2.0,1.0,4.0,6.0,5.0,3.0,1.0,2.0,3.0,6.0,0.0
11138,2.0,0.0,4.0,0.0,2.0,1.0,4.0,6.0,5.0,3.0,1.0,2.0,3.0,6.0,45.0,47.0,-6.800000000000001,2.0,0.0,2.0,0.0,3.0,2.0,5.0,7.0,6.0,4.0,2.0,3.0,4.0,1.0,0.0
11139,2.0,0.0,2.0,0.0,3.0,2.0,5.0,7.0,6.0,4.0,2.0,3.0,4.0,1.0,0.0,10.0,-14.594999999999999,2.0,0.0,2.0,0.0,1.0,3.0,1.0,8.0,7.0,5.0,3.0,4.0,5.0,2.0,0.0
11140,2.0,0.0,2.0,0.0,1.0,3.0,1.0,8.0,7.0,5.0,3.0,4.0,5.0,2.0,36.0,19.0,-10.52,4.0,0.0,2.0,0.0,2.0,4.0,2.0,1.0,8.0,6.0,4.0,1.0,6.0,3.0,0.0
11141,4.0,0.0,2.0,0.0,2.0,4.0,2.0,1.0,8.0,6.0,4.0,1.0,6.0,3.0,28.0,24.0,-15.235,4.0,2.0,2.0,0.0,3.0,5.0,3.0,2.0,1.0,1.0,5.0,2.0,7.0,4.0,0.0
11142,4.0,2.0,2.0,0.0,3.0,5.0,3.0,2.0,1.0,1.0,5.0,2.0,7.0,4.0,7.0,42.0,-17.36,2.0,2.0,0.0,0.0,4.0,1.0,4.0,3.0,2.0,2.0,6.0,3.0,1.0,5.0,0.0
11143,2.0,2.0,0.0,0.0,4.0,1.0,4.0,3.0,2.0,2.0,6.0,3.0,1.0,5.0,45.0,47.0,-6.08,2.0,2.0,0.0,0.0,5.0,2.0,5.0,4.0,3.0,3.0,7.0,4.0,2.0,1.0,0.0
11144,2.0,2.0,0.0,0.0,5.0,2.0,5.0,4.0,3.0,3.0,7.0,4.0,2.0,1.0,51.0,2.0,-305.805,4.0,2.0,0.0,0.0,1.0,3.0,6.0,5.0,4.0,4.0,8.0,5.0,3.0,2.0,0.0
11145,4.0,2.0,0.0,0.0,1.0,3.0,6.0,5.0,4.0,4.0,8.0,5.0,3.0,2.0,7.0,19.0,-14.219999999999999,2.0,2.0,0.0,0.0,2.0,1.0,7.0,1.0,5.0,5.0,9.0,6.0,4.0,3.0,0.0
11146,2.0,2.0,0.0,0.0,2.0,1.0,7.0,1.0,5.0,5.0,9.0,6.0,4.0,3.0,32.0,47.0,-19.135,0.0,2.0,0.0,0.0,3.0,2.0,8.0,2.0,6.0,6.0,1.0,7.0,5.0,1.0,0.0
11147,0.0,2.0,0.0,0.0,3.0,2.0,8.0,2.0,6.0,6.0,1.0,7.0,5.0,1.0,10.0,47.0,-15.979999999999997,0.0,2.0,0.0,0.0,4.0,3.0,1.0,3.0,7.0,7.0,2.0,8.0,6.0,1.0,0.0
11148,0.0,2.0,0.0,0.0,4.0,3.0,1.0,3.0,7.0,7.0,2.0,8.0,6.0,1.0,39.0,36.0,-13.08,0.0,0.0,2.0,0.0,5.0,4.0,2.0,4.0,8.0,8.0,3.0,1.0,7.0,2.0,0.0
11149,0.0,0.0,2.0,0.0,5.0,4.0,2.0,4.0,8.0,8.0,3.0,1.0,7.0,2.0,40.0,24.0,-22.034999999999997,0.0,0.0,2.0,0.0,6.0,5.0,3.0,5.0,1.0,9.0,4.0,2.0,1.0,3.0,0.0
11150,0.0,0.0,2.0,0.0,6.0,5.0,3.0,5.0,1.0,9.0,4.0,2.0,1.0,3.0,0.0,7.0,-13.875,0.0,0.0,0.0,0.0,1.0,1.0,4.0,6.0,2.0,10.0,5.0,3.0,2.0,4.0,0.0
11151,0.0,0.0,0.0,0.0,1.0,1.0,4.0,6.0,2.0,10.0,5.0,3.0,2.0,4.0,46.0,47.0,-8.120000000000001,2.0,0.0,0.0,0.0,2.0,2.0,5.0,7.0,3.0,11.0,6.0,4.0,3.0,1.0,0.0
11152,2.0,0.0,0.0,0.0,2.0,2.0,5.0,7.0,3.0,11.0,6.0,4.0,3.0,1.0,46.0,47.0,-9.64,4.0,0.0,0.0,0.0,3.0,3.0,6.0,8.0,4.0,12.0,7.0,5.0,4.0,1.0,0.0
11153,4.0,0.0,0.0,0.0,3.0,3.0,6.0,8.0,4.0,12.0,7.0,5.0,4.0,1.0,7.0,47.0,-12.719999999999999,2.0,0.0,0.0,0.0,4.0,1.0,7.0,9.0,5.0,13.0,8.0,6.0,5.0,1.0,0.0
11154,2.0,0.0,0.0,0.0,4.0,1.0,7.0,9.0,5.0,13.0,8.0,6.0,5.0,1.0,51.0,47.0,-8.969999999999999,4.0,0.0,0.0,0.0,5.0,2.0,8.0,10.0,6.0,14.0,9.0,7.0,6.0,1.0,0.0
11155,4.0,0.0,0.0,0.0,5.0,2.0,8.0,10.0,6.0,14.0,9.0,7.0,6.0,1.0,51.0,47.0,-9.870000000000001,6.0,0.0,0.0,0.0,6.0,3.0,9.0,11.0,7.0,15.0,10.0,8.0,7.0,1.0,0.0
11156,6.0,0.0,0.0,0.0,6.0,3.0,9.0,11.0,7.0,15.0,10.0,8.0,7.0,1.0,51.0,39.0,-13.79,8.0,0.0,0.0,0.0,7.0,4.0,10.0,12.0,8.0,16.0,11.0,1.0,8.0,2.0,0.0
11157,8.0,0.0,0.0,0.0,7.0,4.0,10.0,12.0,8.0,16.0,11.0,1.0,8.0,2.0,28.0,29.0,-22.8,8.0,2.0,0.0,0.0,8.0,5.0,11.0,13.0,9.0,1.0,12.0,2.0,9.0,3.0,0.0
11158,8.0,2.0,0.0,0.0,8.0,5.0,11.0,13.0,9.0,1.0,12.0,2.0,9.0,3.0,34.0,10.0,-19.795,8.0,0.0,0.0,0.0,9.0,6.0,1.0,14.0,10.0,2.0,1.0,3.0,10.0,4.0,0.0
11159,8.0,0.0,0.0,0.0,9.0,6.0,1.0,14.0,10.0,2.0,1.0,3.0,10.0,4.0,5.0,17.0,-11.82,8.0,0.0,0.0,0.0,10.0,1.0,2.0,1.0,11.0,3.0,2.0,4.0,11.0,5.0,0.0
11160,8.0,0.0,0.0,0.0,10.0,1.0,2.0,1.0,11.0,3.0,2.0,4.0,11.0,5.0,4.0,24.0,-19.709999999999997,8.0,0.0,0.0,0.0,1.0,2.0,3.0,2.0,1.0,4.0,3.0,5.0,12.0,6.0,0.0
11161,8.0,0.0,0.0,0.0,1.0,2.0,3.0,2.0,1.0,4.0,3.0,5.0,12.0,6.0,7.0,43.0,-10.939999999999998,6.0,0.0,0.0,2.0,2.0,1.0,4.0,3.0,2.0,5.0,4.0,6.0,1.0,7.0,0.0
11162,6.0,0.0,0.0,2.0,2.0,1.0,4.0,3.0,2.0,5.0,4.0,6.0,1.0,7.0,38.0,39.0,-10.1,6.0,2.0,0.0,0.0,3.0,2.0,5.0,4.0,3.0,6.0,5.0,1.0,2.0,8.0,0.0
11163,6.0,2.0,0.0,0.0,3.0,2.0,5.0,4.0,3.0,6.0,5.0,1.0,2.0,8.0,8.0,47.0,-7.0,6.0,4.0,0.0,0.0,4.0,1.0,6.0,5.0,4.0,7.0,6.0,2.0,3.0,1.0,0.0
11164,6.0,4.0,0.0,0.0,4.0,1.0,6.0,5.0,4.0,7.0,6.0,2.0,3.0,1.0,28.0,2.0,-6.435,6.0,6.0,0.0,0.0,1.0,2.0,7.0,6.0,5.0,1.0,7.0,3.0,4.0,2.0,0.0
11165,6.0,6.0,0.0,0.0,1.0,2.0,7.0,6.0,5.0,1.0,7.0,3.0,4.0,2.0,24.0,31.0,-11.97,6.0,4.0,2.0,0.0,2.0,3.0,8.0,7.0,1.0,2.0,1.0,4.0,5.0,3.0,0.0
11166,6.0,4.0,2.0,0.0,2.0,3.0,8.0,7.0,1.0,2.0,1.0,4.0,5.0,3.0,17.0,11.0,-13.639999999999999,4.0,4.0,4.0,0.0,3.0,4.0,1.0,1.0,2.0,3.0,2.0,5.0,6.0,4.0,0.0
11167,4.0,4.0,4.0,0.0,3.0,4.0,1.0,1.0,2.0,3.0,2.0,5.0,6.0,4.0,44.0,39.0,-7.959999999999999,4.0,2.0,4.0,0.0,4.0,5.0,2.0,2.0,3.0,4.0,3.0,1.0,1.0,5.0,0.0
11168,4.0,2.0,4.0,0.0,4.0,5.0,2.0,2.0,3.0,4.0,3.0,1.0,1.0,5.0,6.0,39.0,-4.64,6.0,2.0,4.0,0.0,5.0,1.0,3.0,3.0,4.0,5.0,4.0,1.0,2.0,6.0,0.0
11169,6.0,2.0,4.0,0.0,5.0,1.0,3.0,3.0,4.0,5.0,4.0,1.0,2.0,6.0,24.0,39.0,-9.014999999999999,6.0,0.0,4.0,0.0,6.0,2.0,4.0,4.0,1.0,6.0,5.0,1.0,3.0,7.0,0.0
11170,6.0,0.0,4.0,0.0,6.0,2.0,4.0,4.0,1.0,6.0,5.0,1.0,3.0,7.0,0.0,31.0,-7.21,6.0,0.0,6.0,0.0,1.0,3.0,5.0,5.0,2.0,7.0,1.0,2.0,4.0,8.0,0.0
11171,6.0,0.0,6.0,0.0,1.0,3.0,5.0,5.0,2.0,7.0,1.0,2.0,4.0,8.0,37.0,29.0,-9.479999999999999,4.0,0.0,6.0,0.0,2.0,4.0,6.0,6.0,3.0,1.0,2.0,1.0,5.0,9.0,0.0
11172,4.0,0.0,6.0,0.0,2.0,4.0,6.0,6.0,3.0,1.0,2.0,1.0,5.0,9.0,49.0,39.0,-6.38,4.0,0.0,6.0,0.0,3.0,5.0,7.0,7.0,4.0,2.0,3.0,1.0,6.0,1.0,0.0
11173,4.0,0.0,6.0,0.0,3.0,5.0,7.0,7.0,4.0,2.0,3.0,1.0,6.0,1.0,54.0,24.0,-8.684999999999999,4.0,0.0,6.0,0.0,4.0,6.0,8.0,8.0,1.0,3.0,4.0,2.0,7.0,2.0,0.0
11174,4.0,0.0,6.0,0.0,4.0,6.0,8.0,8.0,1.0,3.0,4.0,2.0,7.0,2.0,17.0,10.0,-17.54,2.0,0.0,6.0,0.0,5.0,7.0,1.0,1.0,2.0,4.0,5.0,3.0,8.0,3.0,0.0
11175,2.0,0.0,6.0,0.0,5.0,7.0,1.0,1.0,2.0,4.0,5.0,3.0,8.0,3.0,40.0,9.0,-12.7,2.0,0.0,6.0,0.0,6.0,1.0,2.0,2.0,3.0,5.0,6.0,4.0,1.0,4.0,0.0
11176,2.0,0.0,6.0,0.0,6.0,1.0,2.0,2.0,3.0,5.0,6.0,4.0,1.0,4.0,31.0,39.0,-7.894999999999998,4.0,0.0,6.0,0.0,7.0,2.0,3.0,3.0,4.0,6.0,1.0,1.0,2.0,5.0,0.0
11177,4.0,0.0,6.0,0.0,7.0,2.0,3.0,3.0,4.0,6.0,1.0,1.0,2.0,5.0,0.0,24.0,-7.949999999999998,4.0,0.0,6.0,0.0,1.0,3.0,4.0,4.0,1.0,7.0,2.0,2.0,3.0,6.0,0.0
11178,4.0,0.0,6.0,0.0,1.0,3.0,4.0,4.0,1.0,7.0,2.0,2.0,3.0,6.0,37.0,25.0,-10.84,2.0,0.0,6.0,0.0,2.0,4.0,5.0,5.0,2.0,1.0,3.0,1.0,4.0,7.0,0.0
11179,2.0,0.0,6.0,0.0,2.0,4.0,5.0,5.0,2.0,1.0,3.0,1.0,4.0,7.0,49.0,31.0,-5.415,2.0,0.0,8.0,0.0,3.0,5.0,6.0,6.0,3.0,2.0,1.0,2.0,5.0,1.0,0.0
11180,2.0,0.0,8.0,0.0,3.0,5.0,6.0,6.0,3.0,2.0,1.0,2.0,5.0,1.0,54.0,14.0,-12.169999999999998,2.0,0.0,8.0,0.0,4.0,6.0,1.0,7.0,4.0,3.0,2.0,3.0,6.0,2.0,0.0
11181,2.0,0.0,8.0,0.0,4.0,6.0,1.0,7.0,4.0,3.0,2.0,3.0,6.0,2.0,54.0,9.0,-5.13,2.0,0.0,8.0,0.0,5.0,1.0,2.0,8.0,5.0,4.0,3.0,4.0,7.0,3.0,0.0
11182,2.0,0.0,8.0,0.0,5.0,1.0,2.0,8.0,5.0,4.0,3.0,4.0,7.0,3.0,54.0,39.0,-5.7299999999999995,2.0,0.0,8.0,0.0,6.0,2.0,3.0,9.0,6.0,5.0,4.0,1.0,8.0,4.0,0.0
11183,2.0,0.0,8.0,0.0,6.0,2.0,3.0,9.0,6.0,5.0,4.0,1.0,8.0,4.0,54.0,10.0,-13.87,2.0,0.0,8.0,0.0,7.0,3.0,1.0,10.0,7.0,6.0,5.0,2.0,9.0,5.0,0.0
11184,2.0,0.0,8.0,0.0,7.0,3.0,1.0,10.0,7.0,6.0,5.0,2.0,9.0,5.0,46.0,31.0,-7.98,4.0,0.0,9.0,0.0,8.0,4.0,2.0,11.0,8.0,7.0,1.0,3.0,10.0,1.0,0.0
11185,4.0,0.0,9.0,0.0,8.0,4.0,2.0,11.0,8.0,7.0,1.0,3.0,10.0,1.0,54.0,4.0,-11.59,4.0,0.0,9.0,0.0,1.0,5.0,3.0,12.0,9.0,8.0,2.0,4.0,11.0,2.0,0.0
11186,4.0,0.0,9.0,0.0,1.0,5.0,3.0,12.0,9.0,8.0,2.0,4.0,11.0,2.0,54.0,24.0,-10.45,4.0,0.0,9.0,0.0,2.0,6.0,4.0,13.0,1.0,9.0,3.0,5.0,12.0,3.0,0.0
11187,4.0,0.0,9.0,0.0,2.0,6.0,4.0,13.0,1.0,9.0,3.0,5.0,12.0,3.0,17.0,43.0,-18.095,2.0,0.0,9.0,2.0,3.0,7.0,5.0,1.0,2.0,10.0,4.0,6.0,1.0,4.0,0.0
11188,2.0,0.0,9.0,2.0,3.0,7.0,5.0,1.0,2.0,10.0,4.0,6.0,1.0,4.0,38.0,7.0,-6.945,2.0,2.0,7.0,2.0,4.0,1.0,6.0,2.0,3.0,11.0,5.0,1.0,2.0,5.0,0.0
11189,2.0,2.0,7.0,2.0,4.0,1.0,6.0,2.0,3.0,11.0,5.0,1.0,2.0,5.0,54.0,27.0,-6.844999999999999,2.0,0.0,5.0,2.0,5.0,2.0,7.0,3.0,4.0,1.0,6.0,2.0,3.0,6.0,0.0
11190,2.0,0.0,5.0,2.0,5.0,2.0,7.0,3.0,4.0,1.0,6.0,2.0,3.0,6.0,45.0,34.0,-8.04,2.0,0.0,5.0,0.0,6.0,3.0,8.0,4.0,5.0,2.0,1.0,3.0,4.0,1.0,0.0
11191,2.0,0.0,5.0,0.0,6.0,3.0,8.0,4.0,5.0,2.0,1.0,3.0,4.0,1.0,4.0,24.0,-8.715,2.0,0.0,5.0,0.0,1.0,4.0,9.0,5.0,1.0,3.0,2.0,4.0,5.0,2.0,0.0
11192,2.0,0.0,5.0,0.0,1.0,4.0,9.0,5.0,1.0,3.0,2.0,4.0,5.0,2.0,17.0,11.0,-16.995,0.0,0.0,7.0,0.0,2.0,5.0,1.0,1.0,2.0,4.0,3.0,5.0,6.0,3.0,0.0
11193,0.0,0.0,7.0,0.0,2.0,5.0,1.0,1.0,2.0,4.0,3.0,5.0,6.0,3.0,37.0,9.0,-9.865,0.0,0.0,7.0,0.0,3.0,1.0,2.0,2.0,3.0,5.0,4.0,1.0,7.0,4.0,0.0
11194,0.0,0.0,7.0,0.0,3.0,1.0,2.0,2.0,3.0,5.0,4.0,1.0,7.0,4.0,45.0,32.0,-8.36,0.0,0.0,5.0,0.0,4.0,2.0,3.0,3.0,4.0,6.0,1.0,2.0,8.0,1.0,0.0
11195,0.0,0.0,5.0,0.0,4.0,2.0,3.0,3.0,4.0,6.0,1.0,2.0,8.0,1.0,40.0,22.0,-19.939999999999998,0.0,0.0,3.0,0.0,5.0,3.0,4.0,4.0,1.0,7.0,2.0,3.0,1.0,2.0,0.0
11196,0.0,0.0,3.0,0.0,5.0,3.0,4.0,4.0,1.0,7.0,2.0,3.0,1.0,2.0,17.0,7.0,-15.745000000000001,0.0,0.0,1.0,0.0,6.0,1.0,5.0,1.0,2.0,8.0,3.0,4.0,2.0,3.0,0.0
11197,0.0,0.0,1.0,0.0,6.0,1.0,5.0,1.0,2.0,8.0,3.0,4.0,2.0,3.0,0.0,32.0,-18.17,0.0,0.0,0.0,0.0,1.0,2.0,6.0,2.0,3.0,9.0,1.0,5.0,3.0,4.0,0.0
11198,0.0,0.0,0.0,0.0,1.0,2.0,6.0,2.0,3.0,9.0,1.0,5.0,3.0,4.0,10.0,36.0,-19.62,0.0,0.0,2.0,0.0,2.0,3.0,1.0,3.0,4.0,10.0,2.0,1.0,4.0,5.0,0.0
11199,0.0,0.0,2.0,0.0,2.0,3.0,1.0,3.0,4.0,10.0,2.0,1.0,4.0,5.0,45.0,49.0,-7.72,0.0,0.0,2.0,0.0,3.0,4.0,2.0,4.0,5.0,11.0,3.0,2.0,5.0,1.0,1.0
11200,6.0,0.0,0.0,7.0,1.0,1.0,1.0,1.0,1.0,1.0,1.0,1.0,1.0,1.0,37.0,19.0,-3.1950000000000003,4.0,0.0,0.0,5.0,2.0,2.0,2.0,1.0,2.0,2.0,2.0,1.0,2.0,2.0,0.0
11201,4.0,0.0,0.0,5.0,2.0,2.0,2.0,1.0,2.0,2.0,2.0,1.0,2.0,2.0,37.0,19.0,-7.095000000000001,2.0,0.0,0.0,3.0,3.0,3.0,3.0,1.0,3.0,3.0,3.0,1.0,3.0,3.0,0.0
11202,2.0,0.0,0.0,3.0,3.0,3.0,3.0,1.0,3.0,3.0,3.0,1.0,3.0,3.0,8.0,42.0,-12.145,2.0,2.0,0.0,3.0,4.0,1.0,4.0,2.0,4.0,4.0,4.0,2.0,1.0,4.0,0.0
11203,2.0,2.0,0.0,3.0,4.0,1.0,4.0,2.0,4.0,4.0,4.0,2.0,1.0,4.0,21.0,2.0,-8.315,4.0,2.0,0.0,3.0,1.0,2.0,5.0,3.0,1.0,5.0,5.0,3.0,2.0,5.0,0.0
11204,4.0,2.0,0.0,3.0,1.0,2.0,5.0,3.0,1.0,5.0,5.0,3.0,2.0,5.0,47.0,19.0,-7.894999999999998,2.0,2.0,0.0,1.0,2.0,3.0,6.0,1.0,2.0,6.0,6.0,4.0,3.0,1.0,0.0
11205,2.0,2.0,0.0,1.0,2.0,3.0,6.0,1.0,2.0,6.0,6.0,4.0,3.0,1.0,10.0,2.0,-11.659999999999998,2.0,2.0,0.0,1.0,1.0,4.0,1.0,2.0,3.0,7.0,7.0,5.0,4.0,2.0,0.0
11206,2.0,2.0,0.0,1.0,1.0,4.0,1.0,2.0,3.0,7.0,7.0,5.0,4.0,2.0,20.0,39.0,-15.115000000000002,2.0,2.0,0.0,0.0,2.0,5.0,2.0,3.0,1.0,8.0,8.0,1.0,5.0,3.0,0.0
11207,2.0,2.0,0.0,0.0,2.0,5.0,2.0,3.0,1.0,8.0,8.0,1.0,5.0,3.0,17.0,54.0,-7.29,0.0,2.0,0.0,0.0,3.0,6.0,3.0,1.0,2.0,9.0,9.0,2.0,6.0,4.0,0.0
11208,0.0,2.0,0.0,0.0,3.0,6.0,3.0,1.0,2.0,9.0,9.0,2.0,6.0,4.0,17.0,32.0,-20.155,0.0,2.0,0.0,0.0,4.0,7.0,4.0,1.0,3.0,10.0,1.0,3.0,7.0,5.0,0.0
11209,0.0,2.0,0.0,0.0,4.0,7.0,4.0,1.0,3.0,10.0,1.0,3.0,7.0,5.0,45.0,43.0,-11.739999999999998,0.0,2.0,0.0,2.0,5.0,8.0,5.0,2.0,4.0,11.0,2.0,4.0,1.0,1.0,0.0
11210,0.0,2.0,0.0,2.0,5.0,8.0,5.0,2.0,4.0,11.0,2.0,4.0,1.0,1.0,6.0,25.0,-18.899999999999995,2.0,2.0,0.0,2.0,6.0,1.0,6.0,3.0,5.0,1.0,3.0,5.0,2.0,2.0,0.0
11211,2.0,2.0,0.0,2.0,6.0,1.0,6.0,3.0,5.0,1.0,3.0,5.0,2.0,2.0,4.0,2.0,-5.97,2.0,0.0,0.0,2.0,1.0,2.0,7.0,4.0,6.0,2.0,4.0,6.0,3.0,3.0,0.0
11212,2.0,0.0,0.0,2.0,1.0,2.0,7.0,4.0,6.0,2.0,4.0,6.0,3.0,3.0,54.0,43.0,-8.53,2.0,0.0,0.0,4.0,2.0,3.0,8.0,5.0,7.0,3.0,5.0,7.0,1.0,4.0,0.0
11213,2.0,0.0,0.0,4.0,2.0,3.0,8.0,5.0,7.0,3.0,5.0,7.0,1.0,4.0,38.0,18.0,-7.4,2.0,2.0,0.0,6.0,3.0,4.0,9.0,1.0,8.0,4.0,6.0,1.0,2.0,5.0,0.0
11214,2.0,2.0,0.0,6.0,3.0,4.0,9.0,1.0,8.0,4.0,6.0,1.0,2.0,5.0,34.0,24.0,-19.71,2.0,0.0,0.0,4.0,4.0,5.0,10.0,2.0,1.0,5.0,1.0,2.0,3.0,6.0,0.0
11215,2.0,0.0,0.0,4.0,4.0,5.0,10.0,2.0,1.0,5.0,1.0,2.0,3.0,6.0,17.0,11.0,-13.619999999999997,0.0,0.0,2.0,4.0,5.0,6.0,1.0,1.0,2.0,6.0,2.0,3.0,4.0,7.0,0.0
11216,0.0,0.0,2.0,4.0,5.0,6.0,1.0,1.0,2.0,6.0,2.0,3.0,4.0,7.0,49.0,49.0,-6.48,0.0,0.0,2.0,2.0,6.0,7.0,2.0,2.0,3.0,7.0,3.0,4.0,5.0,1.0,0.0
11217,0.0,0.0,2.0,2.0,6.0,7.0,2.0,2.0,3.0,7.0,3.0,4.0,5.0,1.0,39.0,42.0,-16.5,0.0,0.0,0.0,2.0,7.0,8.0,3.0,3.0,4.0,8.0,4.0,1.0,1.0,2.0,0.0
11218,0.0,0.0,0.0,2.0,7.0,8.0,3.0,3.0,4.0,8.0,4.0,1.0,1.0,2.0,17.0,49.0,-12.659999999999998,0.0,0.0,0.0,0.0,8.0,9.0,4.0,1.0,5.0,9.0,5.0,2.0,2.0,1.0,0.0
11219,0.0,0.0,0.0,0.0,8.0,9.0,4.0,1.0,5.0,9.0,5.0,2.0,2.0,1.0,39.0,49.0,-13.36,0.0,0.0,0.0,0.0,9.0,10.0,5.0,2.0,6.0,10.0,6.0,1.0,3.0,1.0,0.0
11220,0.0,0.0,0.0,0.0,9.0,10.0,5.0,2.0,6.0,10.0,6.0,1.0,3.0,1.0,39.0,49.0,-14.159999999999998,0.0,0.0,0.0,0.0,10.0,11.0,6.0,3.0,7.0,11.0,7.0,1.0,4.0,1.0,0.0
11221,0.0,0.0,0.0,0.0,10.0,11.0,6.0,3.0,7.0,11.0,7.0,1.0,4.0,1.0,39.0,8.0,-19.54,0.0,0.0,0.0,2.0,11.0,1.0,7.0,4.0,8.0,12.0,8.0,1.0,5.0,2.0,0.0
11222,0.0,0.0,0.0,2.0,11.0,1.0,7.0,4.0,8.0,12.0,8.0,1.0,5.0,2.0,4.0,49.0,-9.475,0.0,0.0,0.0,0.0,1.0,2.0,8.0,5.0,9.0,13.0,9.0,2.0,6.0,1.0,0.0
11223,0.0,0.0,0.0,0.0,1.0,2.0,8.0,5.0,9.0,13.0,9.0,2.0,6.0,1.0,42.0,24.0,-26.955,0.0,0.0,0.0,0.0,2.0,3.0,9.0,6.0,1.0,14.0,10.0,3.0,1.0,2.0,0.0
11224,0.0,0.0,0.0,0.0,2.0,3.0,9.0,6.0,1.0,14.0,10.0,3.0,1.0,2.0,17.0,39.0,-16.98,0.0,0.0,0.0,0.0,3.0,4.0,10.0,1.0,2.0,15.0,11.0,1.0,2.0,3.0,0.0
11225,0.0,0.0,0.0,0.0,3.0,4.0,10.0,1.0,2.0,15.0,11.0,1.0,2.0,3.0,34.0,26.0,-26.075000000000003,0.0,0.0,2.0,0.0,4.0,5.0,11.0,2.0,3.0,1.0,1.0,2.0,3.0,4.0,0.0
11226,0.0,0.0,2.0,0.0,4.0,5.0,11.0,2.0,3.0,1.0,1.0,2.0,3.0,4.0,17.0,14.0,-19.419999999999998,0.0,0.0,2.0,0.0,5.0,6.0,1.0,1.0,4.0,2.0,2.0,3.0,4.0,5.0,0.0
11227,0.0,0.0,2.0,0.0,5.0,6.0,1.0,1.0,4.0,2.0,2.0,3.0,4.0,5.0,49.0,8.0,-9.399999999999999,0.0,0.0,2.0,2.0,6.0,1.0,2.0,2.0,5.0,3.0,3.0,4.0,5.0,1.0,0.0
11228,0.0,0.0,2.0,2.0,6.0,1.0,2.0,2.0,5.0,3.0,3.0,4.0,5.0,1.0,4.0,39.0,-7.695,0.0,0.0,2.0,0.0,1.0,2.0,3.0,3.0,6.0,4.0,4.0,1.0,6.0,2.0,0.0
11229,0.0,0.0,2.0,0.0,1.0,2.0,3.0,3.0,6.0,4.0,4.0,1.0,6.0,2.0,54.0,22.0,-15.225,0.0,0.0,0.0,0.0,2.0,3.0,4.0,4.0,1.0,5.0,5.0,2.0,7.0,3.0,0.0
11230,0.0,0.0,0.0,0.0,2.0,3.0,4.0,4.0,1.0,5.0,5.0,2.0,7.0,3.0,17.0,43.0,-15.899999999999999,0.0,0.0,0.0,2.0,3.0,4.0,5.0,1.0,2.0,6.0,6.0,3.0,1.0,4.0,0.0
11231,0.0,0.0,0.0,2.0,3.0,4.0,5.0,1.0,2.0,6.0,6.0,3.0,1.0,4.0,31.0,39.0,-17.395,2.0,0.0,0.0,0.0,4.0,5.0,6.0,2.0,3.0,7.0,1.0,1.0,2.0,5.0,0.0
11232,2.0,0.0,0.0,0.0,4.0,5.0,6.0,2.0,3.0,7.0,1.0,1.0,2.0,5.0,7.0,49.0,-14.139999999999999,0.0,0.0,0.0,0.0,5.0,1.0,7.0,3.0,4.0,8.0,2.0,2.0,3.0,1.0,0.0
11233,0.0,0.0,0.0,0.0,5.0,1.0,7.0,3.0,4.0,8.0,2.0,2.0,3.0,1.0,0.0,49.0,-7.875,0.0,0.0,0.0,0.0,1.0,2.0,8.0,4.0,5.0,9.0,3.0,3.0,4.0,1.0,0.0
11234,0.0,0.0,0.0,0.0,1.0,2.0,8.0,4.0,5.0,9.0,3.0,3.0,4.0,1.0,10.0,53.0,-17.53,0.0,0.0,0.0,2.0,2.0,3.0,1.0,5.0,6.0,10.0,4.0,4.0,5.0,2.0,0.0
11235,0.0,0.0,0.0,2.0,2.0,3.0,1.0,5.0,6.0,10.0,4.0,4.0,5.0,2.0,39.0,49.0,-12.659999999999998,0.0,0.0,0.0,0.0,3.0,4.0,2.0,6.0,7.0,11.0,5.0,1.0,6.0,1.0,0.0
11236,0.0,0.0,0.0,0.0,3.0,4.0,2.0,6.0,7.0,11.0,5.0,1.0,6.0,1.0,0.0,49.0,-9.075,0.0,0.0,0.0,0.0,1.0,5.0,3.0,7.0,8.0,12.0,6.0,2.0,7.0,1.0,0.0
11237,0.0,0.0,0.0,0.0,1.0,5.0,3.0,7.0,8.0,12.0,6.0,2.0,7.0,1.0,54.0,49.0,-8.27,0.0,0.0,0.0,0.0,2.0,6.0,4.0,8.0,9.0,13.0,7.0,3.0,8.0,1.0,0.0
11238,0.0,0.0,0.0,0.0,2.0,6.0,4.0,8.0,9.0,13.0,7.0,3.0,8.0,1.0,52.0,49.0,-9.17,0.0,0.0,0.0,0.0,3.0,7.0,5.0,9.0,10.0,14.0,8.0,4.0,9.0,1.0,0.0
11239,0.0,0.0,0.0,0.0,3.0,7.0,5.0,9.0,10.0,14.0,8.0,4.0,9.0,1.0,52.0,22.0,-18.625,0.0,0.0,0.0,0.0,4.0,8.0,6.0,10.0,1.0,15.0,9.0,5.0,10.0,2.0,0.0
11240,0.0,0.0,0.0,0.0,4.0,8.0,6.0,10.0,1.0,15.0,9.0,5.0,10.0,2.0,17.0,43.0,-18.4,0.0,0.0,0.0,2.0,5.0,9.0,7.0,1.0,2.0,16.0,10.0,6.0,1.0,3.0,0.0
11241,0.0,0.0,0.0,2.0,5.0,9.0,7.0,1.0,2.0,16.0,10.0,6.0,1.0,3.0,6.0,27.0,-20.619999999999997,2.0,0.0,0.0,2.0,6.0,1.0,8.0,2.0,3.0,1.0,11.0,7.0,2.0,4.0,0.0
11242,2.0,0.0,0.0,2.0,6.0,1.0,8.0,2.0,3.0,1.0,11.0,7.0,2.0,4.0,31.0,32.0,-21.450000000000003,4.0,0.0,0.0,2.0,7.0,2.0,9.0,3.0,4.0,2.0,1.0,8.0,3.0,5.0,0.0
11243,4.0,0.0,0.0,2.0,7.0,2.0,9.0,3.0,4.0,2.0,1.0,8.0,3.0,5.0,0.0,39.0,-10.254999999999999,4.0,0.0,0.0,0.0,1.0,3.0,10.0,4.0,5.0,3.0,2.0,1.0,4.0,6.0,0.0
11244,4.0,0.0,0.0,0.0,1.0,3.0,10.0,4.0,5.0,3.0,2.0,1.0,4.0,6.0,10.0,43.0,-18.38,4.0,0.0,0.0,2.0,2.0,4.0,1.0,5.0,6.0,4.0,3.0,2.0,1.0,7.0,0.0
11245,4.0,0.0,0.0,2.0,2.0,4.0,1.0,5.0,6.0,4.0,3.0,2.0,1.0,7.0,31.0,49.0,-7.375,6.0,0.0,0.0,0.0,3.0,5.0,2.0,6.0,7.0,5.0,1.0,3.0,2.0,1.0,0.0
11246,6.0,0.0,0.0,0.0,3.0,5.0,2.0,6.0,7.0,5.0,1.0,3.0,2.0,1.0,5.0,45.0,-7.0,6.0,0.0,0.0,0.0,4.0,1.0,3.0,7.0,8.0,6.0,2.0,4.0,3.0,1.0,0.0
11247,6.0,0.0,0.0,0.0,4.0,1.0,3.0,7.0,8.0,6.0,2.0,4.0,3.0,1.0,25.0,39.0,-14.44,6.0,0.0,0.0,0.0,5.0,2.0,4.0,8.0,9.0,1.0,3.0,1.0,4.0,2.0,0.0
11248,6.0,0.0,0.0,0.0,5.0,2.0,4.0,8.0,9.0,1.0,3.0,1.0,4.0,2.0,34.0,18.0,-8.295,6.0,0.0,0.0,2.0,6.0,3.0,5.0,1.0,10.0,2.0,1.0,2.0,5.0,3.0,0.0
11249,6.0,0.0,0.0,2.0,6.0,3.0,5.0,1.0,10.0,2.0,1.0,2.0,5.0,3.0,24.0,24.0,-19.61,6.0,0.0,0.0,0.0,7.0,4.0,6.0,2.0,1.0,3.0,2.0,3.0,6.0,4.0,0.0
11250,6.0,0.0,0.0,0.0,7.0,4.0,6.0,2.0,1.0,3.0,2.0,3.0,6.0,4.0,5.0,1.0,-5.095000000000001,6.0,0.0,2.0,0.0,1.0,1.0,7.0,3.0,2.0,4.0,3.0,4.0,7.0,5.0,0.0
11251,6.0,0.0,2.0,0.0,1.0,1.0,7.0,3.0,2.0,4.0,3.0,4.0,7.0,5.0,42.0,43.0,-16.4,4.0,0.0,2.0,2.0,2.0,2.0,8.0,4.0,3.0,5.0,4.0,5.0,1.0,6.0,0.0
11252,4.0,0.0,2.0,2.0,2.0,2.0,8.0,4.0,3.0,5.0,4.0,5.0,1.0,6.0,31.0,39.0,-8.594999999999999,6.0,0.0,2.0,0.0,3.0,3.0,9.0,5.0,4.0,6.0,1.0,1.0,2.0,7.0,0.0
11253,6.0,0.0,2.0,0.0,3.0,3.0,9.0,5.0,4.0,6.0,1.0,1.0,2.0,7.0,10.0,45.0,-12.8,6.0,0.0,2.0,0.0,4.0,4.0,1.0,6.0,5.0,7.0,2.0,2.0,3.0,1.0,0.0
11254,6.0,0.0,2.0,0.0,4.0,4.0,1.0,6.0,5.0,7.0,2.0,2.0,3.0,1.0,24.0,39.0,-10.774999999999999,6.0,0.0,2.0,0.0,5.0,5.0,2.0,7.0,1.0,8.0,3.0,1.0,4.0,2.0,0.0
11255,6.0,0.0,2.0,0.0,5.0,5.0,2.0,7.0,1.0,8.0,3.0,1.0,4.0,2.0,5.0,45.0,-6.58,6.0,0.0,2.0,0.0,6.0,1.0,3.0,8.0,2.0,9.0,4.0,2.0,5.0,1.0,0.0
11256,6.0,0.0,2.0,0.0,6.0,1.0,3.0,8.0,2.0,9.0,4.0,2.0,5.0,1.0,25.0,39.0,-11.44,6.0,0.0,2.0,0.0,7.0,2.0,4.0,9.0,3.0,1.0,5.0,1.0,6.0,2.0,0.0
11257,6.0,0.0,2.0,0.0,7.0,2.0,4.0,9.0,3.0,1.0,5.0,1.0,6.0,2.0,34.0,17.0,-11.195,6.0,0.0,0.0,0.0,8.0,3.0,5.0,1.0,4.0,2.0,1.0,2.0,7.0,3.0,0.0
11258,6.0,0.0,0.0,0.0,8.0,3.0,5.0,1.0,4.0,2.0,1.0,2.0,7.0,3.0,10.0,1.0,-11.515,6.0,0.0,2.0,0.0,1.0,4.0,1.0,2.0,5.0,3.0,2.0,3.0,8.0,4.0,0.0
11259,6.0,0.0,2.0,0.0,1.0,4.0,1.0,2.0,5.0,3.0,2.0,3.0,8.0,4.0,37.0,43.0,-8.78,4.0,0.0,2.0,2.0,2.0,5.0,2.0,3.0,6.0,4.0,3.0,1.0,1.0,5.0,0.0
11260,4.0,0.0,2.0,2.0,2.0,5.0,2.0,3.0,6.0,4.0,3.0,1.0,1.0,5.0,31.0,39.0,-8.295,6.0,0.0,2.0,0.0,3.0,6.0,3.0,4.0,7.0,5.0,1.0,1.0,2.0,6.0,0.0
11261,6.0,0.0,2.0,0.0,3.0,6.0,3.0,4.0,7.0,5.0,1.0,1.0,2.0,6.0,37.0,39.0,-8.42,4.0,0.0,2.0,0.0,4.0,7.0,4.0,5.0,8.0,6.0,2.0,1.0,3.0,7.0,0.0
11262,4.0,0.0,2.0,0.0,4.0,7.0,4.0,5.0,8.0,6.0,2.0,1.0,3.0,7.0,37.0,45.0,-9.24,2.0,0.0,2.0,0.0,5.0,8.0,5.0,6.0,9.0,7.0,3.0,1.0,4.0,1.0,0.0
11263,2.0,0.0,2.0,0.0,5.0,8.0,5.0,6.0,9.0,7.0,3.0,1.0,4.0,1.0,34.0,39.0,-16.195,2.0,0.0,2.0,0.0,6.0,9.0,6.0,7.0,10.0,8.0,1.0,1.0,5.0,2.0,0.0
11264,2.0,0.0,2.0,0.0,6.0,9.0,6.0,7.0,10.0,8.0,1.0,1.0,5.0,2.0,23.0,17.0,-16.115000000000002,2.0,2.0,0.0,0.0,7.0,10.0,7.0,1.0,1.0,9.0,2.0,2.0,6.0,3.0,0.0
11265,2.0,2.0,0.0,0.0,7.0,10.0,7.0,1.0,1.0,9.0,2.0,2.0,6.0,3.0,5.0,14.0,-21.46,2.0,2.0,0.0,0.0,8.0,1.0,1.0,2.0,2.0,10.0,3.0,3.0,7.0,4.0,0.0
11266,2.0,2.0,0.0,0.0,8.0,1.0,1.0,2.0,2.0,10.0,3.0,3.0,7.0,4.0,40.0,27.0,-22.0,2.0,2.0,0.0,0.0,9.0,2.0,2.0,3.0,3.0,1.0,4.0,4.0,1.0,5.0,0.0
11267,2.0,2.0,0.0,0.0,9.0,2.0,2.0,3.0,3.0,1.0,4.0,4.0,1.0,5.0,4.0,39.0,-9.455,2.0,0.0,0.0,0.0,1.0,3.0,3.0,4.0,4.0,2.0,5.0,1.0,2.0,6.0,0.0
11268,2.0,0.0,0.0,0.0,1.0,3.0,3.0,4.0,4.0,2.0,5.0,1.0,2.0,6.0,31.0,45.0,-9.354999999999999,4.0,0.0,0.0,0.0,2.0,4.0,4.0,5.0,5.0,3.0,1.0,2.0,3.0,1.0,0.0
11269,4.0,0.0,0.0,0.0,2.0,4.0,4.0,5.0,5.0,3.0,1.0,2.0,3.0,1.0,5.0,17.0,-11.159999999999998,4.0,0.0,0.0,0.0,3.0,1.0,5.0,1.0,6.0,4.0,2.0,3.0,4.0,2.0,0.0
11270,4.0,0.0,0.0,0.0,3.0,1.0,5.0,1.0,6.0,4.0,2.0,3.0,4.0,2.0,10.0,39.0,-17.56,4.0,0.0,0.0,0.0,4.0,2.0,1.0,2.0,7.0,5.0,3.0,1.0,5.0,3.0,0.0
11271,4.0,0.0,0.0,0.0,4.0,2.0,1.0,2.0,7.0,5.0,3.0,1.0,5.0,3.0,8.0,45.0,-7.52,4.0,2.0,0.0,0.0,5.0,1.0,2.0,3.0,8.0,6.0,4.0,2.0,6.0,1.0,0.0
11272,4.0,2.0,0.0,0.0,5.0,1.0,2.0,3.0,8.0,6.0,4.0,2.0,6.0,1.0,24.0,22.0,-21.05,4.0,0.0,0.0,0.0,6.0,2.0,3.0,4.0,1.0,7.0,5.0,3.0,7.0,2.0,0.0
11273,4.0,0.0,0.0,0.0,6.0,2.0,3.0,4.0,1.0,7.0,5.0,3.0,7.0,2.0,5.0,45.0,-8.94,4.0,0.0,0.0,0.0,7.0,1.0,4.0,5.0,2.0,8.0,6.0,4.0,8.0,1.0,0.0
11274,4.0,0.0,0.0,0.0,7.0,1.0,4.0,5.0,2.0,8.0,6.0,4.0,8.0,1.0,39.0,45.0,-8.2,4.0,0.0,0.0,0.0,8.0,2.0,5.0,6.0,3.0,9.0,7.0,1.0,9.0,1.0,0.0
11275,4.0,0.0,0.0,0.0,8.0,2.0,5.0,6.0,3.0,9.0,7.0,1.0,9.0,1.0,1.0,45.0,-9.075,6.0,0.0,0.0,0.0,1.0,3.0,6.0,7.0,4.0,10.0,8.0,2.0,10.0,1.0,0.0
11276,6.0,0.0,0.0,0.0,1.0,3.0,6.0,7.0,4.0,10.0,8.0,2.0,10.0,1.0,34.0,45.0,-9.175,6.0,0.0,0.0,0.0,2.0,4.0,7.0,8.0,5.0,11.0,1.0,3.0,11.0,1.0,0.0
11277,6.0,0.0,0.0,0.0,2.0,4.0,7.0,8.0,5.0,11.0,1.0,3.0,11.0,1.0,25.0,44.0,-18.979999999999997,6.0,0.0,0.0,0.0,3.0,5.0,8.0,9.0,6.0,1.0,2.0,4.0,1.0,2.0,0.0
11278,6.0,0.0,0.0,0.0,3.0,5.0,8.0,9.0,6.0,1.0,2.0,4.0,1.0,2.0,6.0,18.0,-7.42,8.0,0.0,0.0,2.0,4.0,1.0,9.0,1.0,7.0,2.0,3.0,5.0,2.0,3.0,0.0
11279,8.0,0.0,0.0,2.0,4.0,1.0,9.0,1.0,7.0,2.0,3.0,5.0,2.0,3.0,6.0,39.0,-11.385,9.0,0.0,0.0,0.0,5.0,1.0,10.0,2.0,8.0,3.0,4.0,1.0,3.0,4.0,0.0
11280,9.0,0.0,0.0,0.0,5.0,1.0,10.0,2.0,8.0,3.0,4.0,1.0,3.0,4.0,34.0,45.0,-6.779999999999999,9.0,0.0,0.0,0.0,6.0,2.0,11.0,3.0,9.0,4.0,1.0,2.0,4.0,1.0,0.0
11281,9.0,0.0,0.0,0.0,6.0,2.0,11.0,3.0,9.0,4.0,1.0,2.0,4.0,1.0,10.0,39.0,-19.035,9.0,0.0,0.0,0.0,7.0,3.0,1.0,4.0,10.0,5.0,2.0,1.0,5.0,2.0,0.0
11282,9.0,0.0,0.0,0.0,7.0,3.0,1.0,4.0,10.0,5.0,2.0,1.0,5.0,2.0,24.0,45.0,-10.62,9.0,0.0,0.0,0.0,8.0,4.0,2.0,5.0,1.0,6.0,3.0,2.0,6.0,1.0,0.0
11283,9.0,0.0,0.0,0.0,8.0,4.0,2.0,5.0,1.0,6.0,3.0,2.0,6.0,1.0,5.0,45.0,-7.865,9.0,0.0,0.0,0.0,9.0,1.0,3.0,6.0,2.0,7.0,4.0,3.0,7.0,1.0,0.0
11284,9.0,0.0,0.0,0.0,9.0,1.0,3.0,6.0,2.0,7.0,4.0,3.0,7.0,1.0,39.0,45.0,-8.775,9.0,0.0,0.0,0.0,10.0,2.0,4.0,7.0,3.0,8.0,5.0,1.0,8.0,1.0,0.0
11285,9.0,0.0,0.0,0.0,10.0,2.0,4.0,7.0,3.0,8.0,5.0,1.0,8.0,1.0,39.0,45.0,-9.575,9.0,0.0,0.0,0.0,11.0,3.0,5.0,8.0,4.0,9.0,6.0,1.0,9.0,1.0,0.0
11286,9.0,0.0,0.0,0.0,11.0,3.0,5.0,8.0,4.0,9.0,6.0,1.0,9.0,1.0,39.0,17.0,-13.395,9.0,0.0,0.0,0.0,12.0,4.0,6.0,1.0,5.0,10.0,7.0,1.0,10.0,2.0,0.0
11287,9.0,0.0,0.0,0.0,12.0,4.0,6.0,1.0,5.0,10.0,7.0,1.0,10.0,2.0,4.0,45.0,-13.459999999999999,9.0,0.0,0.0,0.0,1.0,5.0,7.0,2.0,6.0,11.0,8.0,2.0,11.0,1.0,0.0
11288,9.0,0.0,0.0,0.0,1.0,5.0,7.0,2.0,6.0,11.0,8.0,2.0,11.0,1.0,34.0,45.0,-7.98,9.0,0.0,0.0,0.0,2.0,6.0,8.0,3.0,7.0,12.0,1.0,3.0,12.0,1.0,0.0
11289,9.0,0.0,0.0,0.0,2.0,6.0,8.0,3.0,7.0,12.0,1.0,3.0,12.0,1.0,39.0,9.0,-15.674999999999999,9.0,0.0,0.0,0.0,3.0,1.0,9.0,4.0,8.0,13.0,2.0,1.0,13.0,2.0,0.0
11290,9.0,0.0,0.0,0.0,3.0,1.0,9.0,4.0,8.0,13.0,2.0,1.0,13.0,2.0,25.0,44.0,-18.415,9.0,0.0,0.0,0.0,4.0,2.0,10.0,5.0,9.0,1.0,3.0,2.0,1.0,3.0,0.0
11291,9.0,0.0,0.0,0.0,4.0,2.0,10.0,5.0,9.0,1.0,3.0,2.0,1.0,3.0,34.0,20.0,-15.735,9.0,0.0,0.0,0.0,5.0,3.0,11.0,6.0,1.0,2.0,1.0,3.0,2.0,4.0,0.0
11292,9.0,0.0,0.0,0.0,5.0,3.0,11.0,6.0,1.0,2.0,1.0,3.0,2.0,4.0,6.0,45.0,-7.664999999999999,9.0,0.0,0.0,0.0,6.0,1.0,12.0,7.0,2.0,3.0,2.0,4.0,3.0,1.0,0.0
11293,9.0,0.0,0.0,0.0,6.0,1.0,12.0,7.0,2.0,3.0,2.0,4.0,3.0,1.0,10.0,13.0,-22.654999999999994,9.0,0.0,0.0,2.0,7.0,2.0,1.0,8.0,3.0,4.0,3.0,5.0,4.0,2.0,0.0
11294,9.0,0.0,0.0,2.0,7.0,2.0,1.0,8.0,3.0,4.0,3.0,5.0,4.0,2.0,5.0,17.0,-8.085,9.0,0.0,0.0,2.0,8.0,1.0,2.0,1.0,4.0,5.0,4.0,6.0,5.0,3.0,0.0
11295,9.0,0.0,0.0,2.0,8.0,1.0,2.0,1.0,4.0,5.0,4.0,6.0,5.0,3.0,37.0,39.0,-10.655,7.0,0.0,0.0,0.0,9.0,2.0,3.0,2.0,5.0,6.0,5.0,1.0,6.0,4.0,0.0
11296,7.0,0.0,0.0,0.0,9.0,2.0,3.0,2.0,5.0,6.0,5.0,1.0,6.0,4.0,4.0,45.0,-8.96,7.0,0.0,0.0,0.0,1.0,3.0,4.0,3.0,6.0,7.0,6.0,2.0,7.0,1.0,0.0
11297,7.0,0.0,0.0,0.0,1.0,3.0,4.0,3.0,6.0,7.0,6.0,2.0,7.0,1.0,34.0,45.0,-7.3999999999999995,7.0,0.0,0.0,0.0,2.0,4.0,5.0,4.0,7.0,8.0,1.0,3.0,8.0,1.0,0.0
11298,7.0,0.0,0.0,0.0,2.0,4.0,5.0,4.0,7.0,8.0,1.0,3.0,8.0,1.0,25.0,17.0,-14.174999999999999,7.0,0.0,0.0,0.0,3.0,5.0,6.0,1.0,8.0,1.0,2.0,4.0,9.0,2.0,0.0
11299,7.0,0.0,0.0,0.0,3.0,5.0,6.0,1.0,8.0,1.0,2.0,4.0,9.0,2.0,10.0,37.0,-17.895,7.0,0.0,0.0,0.0,4.0,6.0,1.0,2.0,9.0,2.0,3.0,1.0,10.0,3.0,1.0
11300,9.0,3.0,7.0,1.0,1.0,1.0,1.0,1.0,1.0,1.0,1.0,1.0,1.0,1.0,25.0,37.0,-3.04,9.0,3.0,5.0,1.0,2.0,2.0,2.0,2.0,2.0,1.0,2.0,1.0,2.0,2.0,0.0
11301,9.0,3.0,5.0,1.0,2.0,2.0,2.0,2.0,2.0,1.0,2.0,1.0,2.0,2.0,24.0,37.0,-7.305,9.0,1.0,3.0,1.0,3.0,3.0,3.0,3.0,1.0,2.0,3.0,1.0,3.0,3.0,0.0
11302,9.0,1.0,3.0,1.0,3.0,3.0,3.0,3.0,1.0,2.0,3.0,1.0,3.0,3.0,37.0,37.0,-7.739999999999998,7.0,1.0,1.0,1.0,4.0,4.0,4.0,4.0,2.0,3.0,4.0,1.0,4.0,4.0,0.0
11303,7.0,1.0,1.0,1.0,4.0,4.0,4.0,4.0,2.0,3.0,4.0,1.0,4.0,4.0,37.0,17.0,-8.394999999999998,5.0,1.0,0.0,1.0,5.0,5.0,5.0,1.0,3.0,4.0,5.0,1.0,5.0,5.0,0.0
11304,5.0,1.0,0.0,1.0,5.0,5.0,5.0,1.0,3.0,4.0,5.0,1.0,5.0,5.0,10.0,52.0,-10.29,5.0,1.0,0.0,1.0,6.0,6.0,1.0,2.0,4.0,5.0,6.0,2.0,6.0,6.0,0.0
11305,5.0,1.0,0.0,1.0,6.0,6.0,1.0,2.0,4.0,5.0,6.0,2.0,6.0,6.0,37.0,42.0,-14.365,3.0,1.0,0.0,1.0,7.0,7.0,2.0,3.0,5.0,6.0,7.0,1.0,1.0,7.0,0.0
11306,3.0,1.0,0.0,1.0,7.0,7.0,2.0,3.0,5.0,6.0,7.0,1.0,1.0,7.0,31.0,52.0,-7.535,5.0,1.0,0.0,1.0,8.0,8.0,3.0,4.0,6.0,7.0,1.0,2.0,2.0,8.0,0.0
11307,5.0,1.0,0.0,1.0,8.0,8.0,3.0,4.0,6.0,7.0,1.0,2.0,2.0,8.0,5.0,15.0,-9.814999999999998,5.0,1.0,0.0,1.0,9.0,1.0,4.0,1.0,7.0,8.0,2.0,3.0,3.0,9.0,0.0
11308,5.0,1.0,0.0,1.0,9.0,1.0,4.0,1.0,7.0,8.0,2.0,3.0,3.0,9.0,4.0,15.0,-9.814999999999998,5.0,0.0,0.0,1.0,1.0,2.0,5.0,1.0,8.0,9.0,3.0,4.0,4.0,10.0,0.0
11309,5.0,0.0,0.0,1.0,1.0,2.0,5.0,1.0,8.0,9.0,3.0,4.0,4.0,10.0,25.0,27.0,-22.779999999999998,5.0,0.0,0.0,1.0,2.0,3.0,6.0,2.0,9.0,1.0,4.0,5.0,5.0,11.0,0.0
11310,5.0,0.0,0.0,1.0,2.0,3.0,6.0,2.0,9.0,1.0,4.0,5.0,5.0,11.0,48.0,15.0,-10.389999999999999,5.0,2.0,0.0,1.0,3.0,4.0,7.0,1.0,10.0,2.0,5.0,6.0,6.0,1.0,0.0
11311,5.0,2.0,0.0,1.0,3.0,4.0,7.0,1.0,10.0,2.0,5.0,6.0,6.0,1.0,10.0,13.0,-17.2,5.0,2.0,0.0,3.0,4.0,5.0,1.0,2.0,11.0,3.0,6.0,7.0,7.0,2.0,0.0
11312,5.0,2.0,0.0,3.0,4.0,5.0,1.0,2.0,11.0,3.0,6.0,7.0,7.0,2.0,24.0,37.0,-15.005,5.0,0.0,0.0,3.0,5.0,6.0,2.0,3.0,1.0,4.0,7.0,1.0,8.0,3.0,0.0
11313,5.0,0.0,0.0,3.0,5.0,6.0,2.0,3.0,1.0,4.0,7.0,1.0,8.0,3.0,5.0,17.0,-7.199999999999999,5.0,0.0,0.0,3.0,6.0,1.0,3.0,1.0,2.0,5.0,8.0,2.0,9.0,4.0,0.0
11314,5.0,0.0,0.0,3.0,6.0,1.0,3.0,1.0,2.0,5.0,8.0,2.0,9.0,4.0,4.0,44.0,-12.745,5.0,0.0,0.0,1.0,1.0,2.0,4.0,2.0,3.0,6.0,9.0,3.0,1.0,5.0,0.0
11315,5.0,0.0,0.0,1.0,1.0,2.0,4.0,2.0,3.0,6.0,9.0,3.0,1.0,5.0,47.0,31.0,-12.655000000000001,3.0,0.0,2.0,1.0,2.0,3.0,5.0,3.0,4.0,7.0,1.0,4.0,2.0,1.0,0.0
11316,3.0,0.0,2.0,1.0,2.0,3.0,5.0,3.0,4.0,7.0,1.0,4.0,2.0,1.0,25.0,37.0,-16.740000000000002,3.0,0.0,0.0,1.0,3.0,4.0,6.0,4.0,5.0,1.0,2.0,1.0,3.0,2.0,0.0
11317,3.0,0.0,0.0,1.0,3.0,4.0,6.0,4.0,5.0,1.0,2.0,1.0,3.0,2.0,34.0,17.0,-13.575,3.0,0.0,0.0,1.0,4.0,5.0,7.0,1.0,6.0,2.0,1.0,2.0,4.0,3.0,0.0
11318,3.0,0.0,0.0,1.0,4.0,5.0,7.0,1.0,6.0,2.0,1.0,2.0,4.0,3.0,10.0,13.0,-21.16,3.0,0.0,0.0,3.0,5.0,6.0,1.0,2.0,7.0,3.0,2.0,3.0,5.0,4.0,0.0
11319,3.0,0.0,0.0,3.0,5.0,6.0,1.0,2.0,7.0,3.0,2.0,3.0,5.0,4.0,37.0,15.0,-10.189999999999998,1.0,0.0,0.0,3.0,6.0,7.0,2.0,1.0,8.0,4.0,3.0,1.0,6.0,5.0,0.0
11320,1.0,0.0,0.0,3.0,6.0,7.0,2.0,1.0,8.0,4.0,3.0,1.0,6.0,5.0,4.0,15.0,-7.234999999999999,1.0,0.0,0.0,3.0,1.0,8.0,3.0,1.0,9.0,5.0,4.0,2.0,7.0,6.0,0.0
11321,1.0,0.0,0.0,3.0,1.0,8.0,3.0,1.0,9.0,5.0,4.0,2.0,7.0,6.0,47.0,44.0,-14.684999999999999,0.0,0.0,0.0,1.0,2.0,9.0,4.0,2.0,10.0,6.0,5.0,3.0,1.0,1.0,0.0
11322,0.0,0.0,0.0,1.0,2.0,9.0,4.0,2.0,10.0,6.0,5.0,3.0,1.0,1.0,47.0,5.0,-14.375,0.0,0.0,0.0,1.0,3.0,1.0,5.0,3.0,11.0,7.0,6.0,4.0,2.0,1.0,0.0
11323,0.0,0.0,0.0,1.0,3.0,1.0,5.0,3.0,11.0,7.0,6.0,4.0,2.0,1.0,47.0,52.0,-7.37,0.0,0.0,0.0,1.0,4.0,2.0,6.0,4.0,12.0,8.0,7.0,5.0,3.0,1.0,0.0
11324,0.0,0.0,0.0,1.0,4.0,2.0,6.0,4.0,12.0,8.0,7.0,5.0,3.0,1.0,47.0,52.0,-8.27,0.0,0.0,0.0,1.0,5.0,3.0,7.0,5.0,13.0,9.0,8.0,6.0,4.0,1.0,0.0
11325,0.0,0.0,0.0,1.0,5.0,3.0,7.0,5.0,13.0,9.0,8.0,6.0,4.0,1.0,47.0,52.0,-9.17,0.0,0.0,0.0,1.0,6.0,4.0,8.0,6.0,14.0,10.0,9.0,7.0,5.0,1.0,0.0
11326,0.0,0.0,0.0,1.0,6.0,4.0,8.0,6.0,14.0,10.0,9.0,7.0,5.0,1.0,47.0,52.0,-10.07,0.0,0.0,0.0,1.0,7.0,5.0,9.0,7.0,15.0,11.0,10.0,8.0,6.0,1.0,0.0
11327,0.0,0.0,0.0,1.0,7.0,5.0,9.0,7.0,15.0,11.0,10.0,8.0,6.0,1.0,47.0,52.0,-10.97,0.0,0.0,0.0,1.0,8.0,6.0,10.0,8.0,16.0,12.0,11.0,9.0,7.0,1.0,0.0
11328,0.0,0.0,0.0,1.0,8.0,6.0,10.0,8.0,16.0,12.0,11.0,9.0,7.0,1.0,47.0,37.0,-16.705,0.0,0.0,0.0,1.0,9.0,7.0,11.0,9.0,17.0,13.0,12.0,1.0,8.0,1.0,0.0
11329,0.0,0.0,0.0,1.0,9.0,7.0,11.0,9.0,17.0,13.0,12.0,1.0,8.0,1.0,47.0,17.0,-15.155,0.0,0.0,0.0,1.0,10.0,8.0,12.0,1.0,18.0,14.0,13.0,2.0,9.0,1.0,0.0
11330,0.0,0.0,0.0,1.0,10.0,8.0,12.0,1.0,18.0,14.0,13.0,2.0,9.0,1.0,47.0,5.0,-18.975,0.0,0.0,0.0,1.0,11.0,1.0,13.0,2.0,19.0,15.0,14.0,3.0,10.0,1.0,0.0
11331,0.0,0.0,0.0,1.0,11.0,1.0,13.0,2.0,19.0,15.0,14.0,3.0,10.0,1.0,47.0,44.0,-21.2,0.0,0.0,0.0,0.0,12.0,2.0,14.0,3.0,20.0,16.0,15.0,4.0,1.0,1.0,0.0
11332,0.0,0.0,0.0,0.0,12.0,2.0,14.0,3.0,20.0,16.0,15.0,4.0,1.0,1.0,23.0,52.0,-16.945,0.0,2.0,0.0,0.0,13.0,3.0,15.0,4.0,1.0,17.0,16.0,5.0,2.0,2.0,0.0
11333,0.0,2.0,0.0,0.0,13.0,3.0,15.0,4.0,1.0,17.0,16.0,5.0,2.0,2.0,1.0,52.0,-7.965,2.0,2.0,0.0,0.0,1.0,4.0,16.0,5.0,2.0,18.0,17.0,6.0,3.0,3.0,0.0
11334,2.0,2.0,0.0,0.0,1.0,4.0,16.0,5.0,2.0,18.0,17.0,6.0,3.0,3.0,47.0,52.0,-9.129999999999999,0.0,2.0,0.0,0.0,2.0,5.0,17.0,6.0,3.0,19.0,18.0,7.0,4.0,1.0,0.0
11335,0.0,2.0,0.0,0.0,2.0,5.0,17.0,6.0,3.0,19.0,18.0,7.0,4.0,1.0,47.0,52.0,-10.03,0.0,2.0,0.0,0.0,3.0,6.0,18.0,7.0,4.0,20.0,19.0,8.0,5.0,1.0,0.0
11336,0.0,2.0,0.0,0.0,3.0,6.0,18.0,7.0,4.0,20.0,19.0,8.0,5.0,1.0,47.0,52.0,-10.93,0.0,2.0,0.0,0.0,4.0,7.0,19.0,8.0,5.0,21.0,20.0,9.0,6.0,1.0,0.0
11337,0.0,2.0,0.0,0.0,4.0,7.0,19.0,8.0,5.0,21.0,20.0,9.0,6.0,1.0,47.0,52.0,-11.83,0.0,2.0,0.0,0.0,5.0,8.0,20.0,9.0,6.0,22.0,21.0,10.0,7.0,1.0,0.0
11338,0.0,2.0,0.0,0.0,5.0,8.0,20.0,9.0,6.0,22.0,21.0,10.0,7.0,1.0,47.0,5.0,-20.299999999999997,0.0,2.0,0.0,0.0,6.0,1.0,21.0,10.0,7.0,23.0,22.0,11.0,8.0,1.0,0.0
11339,0.0,2.0,0.0,0.0,6.0,1.0,21.0,10.0,7.0,23.0,22.0,11.0,8.0,1.0,47.0,52.0,-12.83,0.0,2.0,0.0,0.0,7.0,2.0,22.0,11.0,8.0,24.0,23.0,12.0,9.0,1.0,0.0
11340,0.0,2.0,0.0,0.0,7.0,2.0,22.0,11.0,8.0,24.0,23.0,12.0,9.0,1.0,47.0,52.0,-13.73,0.0,2.0,0.0,0.0,8.0,3.0,23.0,12.0,9.0,25.0,24.0,13.0,10.0,1.0,0.0
11341,0.0,2.0,0.0,0.0,8.0,3.0,23.0,12.0,9.0,25.0,24.0,13.0,10.0,1.0,47.0,52.0,-14.629999999999999,0.0,2.0,0.0,0.0,9.0,4.0,24.0,13.0,10.0,26.0,25.0,14.0,11.0,1.0,0.0
11342,0.0,2.0,0.0,0.0,9.0,4.0,24.0,13.0,10.0,26.0,25.0,14.0,11.0,1.0,47.0,52.0,-15.53,0.0,2.0,0.0,0.0,10.0,5.0,25.0,14.0,11.0,27.0,26.0,15.0,12.0,1.0,0.0
11343,0.0,2.0,0.0,0.0,10.0,5.0,25.0,14.0,11.0,27.0,26.0,15.0,12.0,1.0,47.0,5.0,-24.299999999999997,0.0,2.0,0.0,0.0,11.0,1.0,26.0,15.0,12.0,28.0,27.0,16.0,13.0,1.0,0.0
11344,0.0,2.0,0.0,0.0,11.0,1.0,26.0,15.0,12.0,28.0,27.0,16.0,13.0,1.0,47.0,52.0,-16.830000000000002,0.0,2.0,0.0,0.0,12.0,2.0,27.0,16.0,13.0,29.0,28.0,17.0,14.0,1.0,0.0
11345,0.0,2.0,0.0,0.0,12.0,2.0,27.0,16.0,13.0,29.0,28.0,17.0,14.0,1.0,47.0,5.0,-25.9,0.0,2.0,0.0,0.0,13.0,1.0,28.0,17.0,14.0,30.0,29.0,18.0,15.0,1.0,0.0
11346,0.0,2.0,0.0,0.0,13.0,1.0,28.0,17.0,14.0,30.0,29.0,18.0,15.0,1.0,47.0,5.0,-26.699999999999996,0.0,2.0,0.0,0.0,14.0,1.0,29.0,18.0,15.0,31.0,30.0,19.0,16.0,1.0,0.0
11347,0.0,2.0,0.0,0.0,14.0,1.0,29.0,18.0,15.0,31.0,30.0,19.0,16.0,1.0,47.0,5.0,-27.5,0.0,2.0,0.0,0.0,15.0,1.0,30.0,19.0,16.0,32.0,31.0,20.0,17.0,1.0,0.0
11348,0.0,2.0,0.0,0.0,15.0,1.0,30.0,19.0,16.0,32.0,31.0,20.0,17.0,1.0,47.0,5.0,-28.299999999999997,0.0,2.0,0.0,0.0,16.0,1.0,31.0,20.0,17.0,33.0,32.0,21.0,18.0,1.0,0.0
11349,0.0,2.0,0.0,0.0,16.0,1.0,31.0,20.0,17.0,33.0,32.0,21.0,18.0,1.0,47.0,5.0,-29.1,0.0,2.0,0.0,0.0,17.0,1.0,32.0,21.0,18.0,34.0,33.0,22.0,19.0,1.0,0.0
11350,0.0,2.0,0.0,0.0,17.0,1.0,32.0,21.0,18.0,34.0,33.0,22.0,19.0,1.0,47.0,5.0,-29.9,0.0,2.0,0.0,0.0,18.0,1.0,33.0,22.0,19.0,35.0,34.0,23.0,20.0,1.0,0.0
11351,0.0,2.0,0.0,0.0,18.0,1.0,33.0,22.0,19.0,35.0,34.0,23.0,20.0,1.0,47.0,5.0,-30.699999999999996,0.0,2.0,0.0,0.0,19.0,1.0,34.0,23.0,20.0,36.0,35.0,24.0,21.0,1.0,0.0
11352,0.0,2.0,0.0,0.0,19.0,1.0,34.0,23.0,20.0,36.0,35.0,24.0,21.0,1.0,47.0,5.0,-31.5,0.0,2.0,0.0,0.0,20.0,1.0,35.0,24.0,21.0,37.0,36.0,25.0,22.0,1.0,0.0
11353,0.0,2.0,0.0,0.0,20.0,1.0,35.0,24.0,21.0,37.0,36.0,25.0,22.0,1.0,47.0,5.0,-32.3,0.0,2.0,0.0,0.0,21.0,1.0,36.0,25.0,22.0,38.0,37.0,26.0,23.0,1.0,0.0
11354,0.0,2.0,0.0,0.0,21.0,1.0,36.0,25.0,22.0,38.0,37.0,26.0,23.0,1.0,47.0,5.0,-33.1,0.0,2.0,0.0,0.0,22.0,1.0,37.0,26.0,23.0,39.0,38.0,27.0,24.0,1.0,0.0
11355,0.0,2.0,0.0,0.0,22.0,1.0,37.0,26.0,23.0,39.0,38.0,27.0,24.0,1.0,47.0,5.0,-33.9,0.0,2.0,0.0,0.0,23.0,1.0,38.0,27.0,24.0,40.0,39.0,28.0,25.0,1.0,0.0
11356,0.0,2.0,0.0,0.0,23.0,1.0,38.0,27.0,24.0,40.0,39.0,28.0,25.0,1.0,47.0,5.0,-34.699999999999996,0.0,2.0,0.0,0.0,24.0,1.0,39.0,28.0,25.0,41.0,40.0,29.0,26.0,1.0,0.0
11357,0.0,2.0,0.0,0.0,24.0,1.0,39.0,28.0,25.0,41.0,40.0,29.0,26.0,1.0,1.0,30.0,-33.33,2.0,2.0,0.0,0.0,1.0,2.0,40.0,29.0,26.0,42.0,1.0,30.0,27.0,2.0,0.0
11358,2.0,2.0,0.0,0.0,1.0,2.0,40.0,29.0,26.0,42.0,1.0,30.0,27.0,2.0,25.0,53.0,-23.93,2.0,2.0,0.0,2.0,2.0,3.0,41.0,30.0,27.0,1.0,2.0,31.0,28.0,3.0,0.0
11359,2.0,2.0,0.0,2.0,2.0,3.0,41.0,30.0,27.0,1.0,2.0,31.0,28.0,3.0,1.0,11.0,-20.474999999999998,4.0,2.0,2.0,2.0,1.0,4.0,1.0,31.0,28.0,2.0,3.0,32.0,29.0,4.0,0.0
11360,4.0,2.0,2.0,2.0,1.0,4.0,1.0,31.0,28.0,2.0,3.0,32.0,29.0,4.0,39.0,15.0,-11.919999999999998,4.0,0.0,2.0,2.0,2.0,5.0,2.0,1.0,29.0,3.0,4.0,1.0,30.0,5.0,0.0
11361,4.0,0.0,2.0,2.0,2.0,5.0,2.0,1.0,29.0,3.0,4.0,1.0,30.0,5.0,40.0,43.0,-16.12,4.0,0.0,2.0,4.0,3.0,6.0,3.0,2.0,30.0,4.0,5.0,2.0,1.0,6.0,0.0
11362,4.0,0.0,2.0,4.0,3.0,6.0,3.0,2.0,30.0,4.0,5.0,2.0,1.0,6.0,23.0,15.0,-7.874999999999999,4.0,2.0,2.0,4.0,4.0,7.0,4.0,1.0,1.0,5.0,6.0,3.0,2.0,7.0,0.0
11363,4.0,2.0,2.0,4.0,4.0,7.0,4.0,1.0,1.0,5.0,6.0,3.0,2.0,7.0,6.0,52.0,-4.609999999999999,6.0,2.0,0.0,4.0,5.0,1.0,5.0,2.0,2.0,6.0,7.0,4.0,3.0,8.0,0.0
11364,6.0,2.0,0.0,4.0,5.0,1.0,5.0,2.0,2.0,6.0,7.0,4.0,3.0,8.0,26.0,19.0,-8.84,8.0,2.0,0.0,2.0,6.0,2.0,6.0,1.0,3.0,1.0,8.0,5.0,4.0,9.0,0.0
11365,8.0,2.0,0.0,2.0,6.0,2.0,6.0,1.0,3.0,1.0,8.0,5.0,4.0,9.0,9.0,15.0,-8.92,8.0,0.0,0.0,2.0,7.0,1.0,7.0,1.0,4.0,2.0,9.0,6.0,5.0,10.0,0.0
11366,8.0,0.0,0.0,2.0,7.0,1.0,7.0,1.0,4.0,2.0,9.0,6.0,5.0,10.0,47.0,46.0,-9.54,6.0,0.0,2.0,2.0,8.0,2.0,8.0,2.0,5.0,3.0,10.0,7.0,6.0,1.0,0.0
11367,6.0,0.0,2.0,2.0,8.0,2.0,8.0,2.0,5.0,3.0,10.0,7.0,6.0,1.0,1.0,34.0,-16.490000000000002,8.0,0.0,2.0,0.0,1.0,3.0,9.0,3.0,6.0,4.0,1.0,8.0,7.0,2.0,0.0
11368,8.0,0.0,2.0,0.0,1.0,3.0,9.0,3.0,6.0,4.0,1.0,8.0,7.0,2.0,25.0,35.0,-11.02,8.0,0.0,2.0,0.0,2.0,4.0,10.0,4.0,7.0,1.0,2.0,1.0,8.0,3.0,0.0
11369,8.0,0.0,2.0,0.0,2.0,4.0,10.0,4.0,7.0,1.0,2.0,1.0,8.0,3.0,34.0,11.0,-12.834999999999999,8.0,0.0,4.0,0.0,3.0,5.0,1.0,5.0,8.0,2.0,1.0,2.0,9.0,4.0,0.0
11370,8.0,0.0,4.0,0.0,3.0,5.0,1.0,5.0,8.0,2.0,1.0,2.0,9.0,4.0,24.0,37.0,-10.974999999999998,8.0,0.0,2.0,0.0,4.0,6.0,2.0,6.0,1.0,3.0,2.0,1.0,10.0,5.0,0.0
11371,8.0,0.0,2.0,0.0,4.0,6.0,2.0,6.0,1.0,3.0,2.0,1.0,10.0,5.0,5.0,12.0,-18.46,8.0,0.0,0.0,0.0,5.0,1.0,1.0,7.0,2.0,4.0,3.0,2.0,11.0,6.0,0.0
11372,8.0,0.0,0.0,0.0,5.0,1.0,1.0,7.0,2.0,4.0,3.0,2.0,11.0,6.0,25.0,43.0,-14.239999999999998,8.0,0.0,0.0,2.0,6.0,2.0,2.0,8.0,3.0,1.0,4.0,3.0,1.0,7.0,0.0
11373,8.0,0.0,0.0,2.0,6.0,2.0,2.0,8.0,3.0,1.0,4.0,3.0,1.0,7.0,5.0,15.0,-7.42,8.0,0.0,0.0,2.0,7.0,1.0,3.0,1.0,4.0,2.0,5.0,4.0,2.0,8.0,0.0
11374,8.0,0.0,0.0,2.0,7.0,1.0,3.0,1.0,4.0,2.0,5.0,4.0,2.0,8.0,26.0,39.0,-14.174999999999999,9.0,0.0,0.0,0.0,8.0,2.0,4.0,2.0,5.0,1.0,6.0,1.0,3.0,9.0,0.0
11375,9.0,0.0,0.0,0.0,8.0,2.0,4.0,2.0,5.0,1.0,6.0,1.0,3.0,9.0,9.0,15.0,-11.985,9.0,0.0,0.0,0.0,9.0,1.0,5.0,1.0,6.0,2.0,7.0,2.0,4.0,10.0,0.0
11376,9.0,0.0,0.0,0.0,9.0,1.0,5.0,1.0,6.0,2.0,7.0,2.0,4.0,10.0,9.0,46.0,-7.545,9.0,0.0,2.0,0.0,10.0,1.0,6.0,2.0,7.0,3.0,8.0,3.0,5.0,1.0,0.0
11377,9.0,0.0,2.0,0.0,10.0,1.0,6.0,2.0,7.0,3.0,8.0,3.0,5.0,1.0,34.0,4.0,-4.574999999999999,9.0,0.0,2.0,0.0,1.0,2.0,7.0,3.0,8.0,4.0,1.0,4.0,6.0,2.0,0.0
11378,9.0,0.0,2.0,0.0,1.0,2.0,7.0,3.0,8.0,4.0,1.0,4.0,6.0,2.0,25.0,22.0,-19.41,9.0,0.0,0.0,0.0,2.0,3.0,8.0,4.0,1.0,1.0,2.0,5.0,7.0,3.0,0.0
11379,9.0,0.0,0.0,0.0,2.0,3.0,8.0,4.0,1.0,1.0,2.0,5.0,7.0,3.0,5.0,11.0,-15.124999999999998,9.0,0.0,2.0,0.0,3.0,1.0,1.0,5.0,2.0,2.0,3.0,6.0,8.0,4.0,0.0
11380,9.0,0.0,2.0,0.0,3.0,1.0,1.0,5.0,2.0,2.0,3.0,6.0,8.0,4.0,25.0,35.0,-10.674999999999999,9.0,0.0,2.0,0.0,4.0,2.0,2.0,6.0,3.0,1.0,4.0,1.0,9.0,5.0,0.0
11381,9.0,0.0,2.0,0.0,4.0,2.0,2.0,6.0,3.0,1.0,4.0,1.0,9.0,5.0,9.0,17.0,-11.185,9.0,0.0,0.0,0.0,5.0,1.0,3.0,1.0,4.0,2.0,5.0,2.0,10.0,6.0,0.0
11382,9.0,0.0,0.0,0.0,5.0,1.0,3.0,1.0,4.0,2.0,5.0,2.0,10.0,6.0,9.0,43.0,-11.704999999999998,9.0,0.0,0.0,2.0,6.0,1.0,4.0,2.0,5.0,3.0,6.0,3.0,1.0,7.0,0.0
11383,9.0,0.0,0.0,2.0,6.0,1.0,4.0,2.0,5.0,3.0,6.0,3.0,1.0,7.0,26.0,19.0,-14.375,9.0,0.0,0.0,0.0,7.0,2.0,5.0,1.0,6.0,1.0,7.0,4.0,2.0,8.0,0.0
11384,9.0,0.0,0.0,0.0,7.0,2.0,5.0,1.0,6.0,1.0,7.0,4.0,2.0,8.0,9.0,39.0,-11.985,9.0,0.0,0.0,0.0,8.0,1.0,6.0,2.0,7.0,2.0,8.0,1.0,3.0,9.0,0.0
11385,9.0,0.0,0.0,0.0,8.0,1.0,6.0,2.0,7.0,2.0,8.0,1.0,3.0,9.0,34.0,15.0,-10.899999999999999,9.0,0.0,0.0,0.0,9.0,2.0,7.0,1.0,8.0,3.0,1.0,2.0,4.0,10.0,0.0
11386,9.0,0.0,0.0,0.0,9.0,2.0,7.0,1.0,8.0,3.0,1.0,2.0,4.0,10.0,25.0,46.0,-10.134999999999998,9.0,0.0,2.0,0.0,10.0,3.0,8.0,2.0,9.0,1.0,2.0,3.0,5.0,1.0,0.0
11387,9.0,0.0,2.0,0.0,10.0,3.0,8.0,2.0,9.0,1.0,2.0,3.0,5.0,1.0,24.0,22.0,-20.775,9.0,0.0,0.0,0.0,11.0,4.0,9.0,3.0,1.0,2.0,3.0,4.0,6.0,2.0,0.0
11388,9.0,0.0,0.0,0.0,11.0,4.0,9.0,3.0,1.0,2.0,3.0,4.0,6.0,2.0,5.0,1.0,-5.859999999999999,9.0,0.0,2.0,0.0,1.0,1.0,10.0,4.0,2.0,3.0,4.0,5.0,7.0,3.0,0.0
11389,9.0,0.0,2.0,0.0,1.0,1.0,10.0,4.0,2.0,3.0,4.0,5.0,7.0,3.0,25.0,11.0,-16.255,9.0,0.0,4.0,0.0,2.0,2.0,1.0,5.0,3.0,1.0,5.0,6.0,8.0,4.0,0.0
11390,9.0,0.0,4.0,0.0,2.0,2.0,1.0,5.0,3.0,1.0,5.0,6.0,8.0,4.0,24.0,39.0,-9.379999999999999,9.0,0.0,4.0,0.0,3.0,3.0,2.0,6.0,1.0,2.0,6.0,1.0,9.0,5.0,0.0
11391,9.0,0.0,4.0,0.0,3.0,3.0,2.0,6.0,1.0,2.0,6.0,1.0,9.0,5.0,34.0,17.0,-9.799999999999999,9.0,0.0,2.0,0.0,4.0,4.0,3.0,1.0,2.0,3.0,1.0,2.0,10.0,6.0,0.0
11392,9.0,0.0,2.0,0.0,4.0,4.0,3.0,1.0,2.0,3.0,1.0,2.0,10.0,6.0,9.0,42.0,-14.825,9.0,0.0,0.0,0.0,5.0,1.0,4.0,2.0,3.0,4.0,2.0,3.0,1.0,7.0,0.0
11393,9.0,0.0,0.0,0.0,5.0,1.0,4.0,2.0,3.0,4.0,2.0,3.0,1.0,7.0,25.0,39.0,-13.575,9.0,0.0,0.0,0.0,6.0,2.0,5.0,3.0,4.0,1.0,3.0,1.0,2.0,8.0,0.0
11394,9.0,0.0,0.0,0.0,6.0,2.0,5.0,3.0,4.0,1.0,3.0,1.0,2.0,8.0,5.0,15.0,-11.285,9.0,0.0,0.0,0.0,7.0,1.0,6.0,1.0,5.0,2.0,4.0,2.0,3.0,9.0,0.0
11395,9.0,0.0,0.0,0.0,7.0,1.0,6.0,1.0,5.0,2.0,4.0,2.0,3.0,9.0,37.0,46.0,-5.915,7.0,0.0,2.0,0.0,8.0,2.0,7.0,2.0,6.0,3.0,5.0,1.0,4.0,1.0,0.0
11396,7.0,0.0,2.0,0.0,8.0,2.0,7.0,2.0,6.0,3.0,5.0,1.0,4.0,1.0,34.0,2.0,-6.234999999999999,7.0,0.0,0.0,0.0,1.0,3.0,8.0,3.0,7.0,4.0,1.0,2.0,5.0,2.0,0.0
11397,7.0,0.0,0.0,0.0,1.0,3.0,8.0,3.0,7.0,4.0,1.0,2.0,5.0,2.0,24.0,22.0,-19.555,7.0,0.0,0.0,0.0,2.0,4.0,9.0,4.0,1.0,5.0,2.0,3.0,6.0,3.0,0.0
11398,7.0,0.0,0.0,0.0,2.0,4.0,9.0,4.0,1.0,5.0,2.0,3.0,6.0,3.0,37.0,11.0,-14.395,5.0,0.0,2.0,0.0,3.0,5.0,1.0,5.0,2.0,6.0,3.0,1.0,7.0,4.0,0.0
11399,5.0,0.0,2.0,0.0,3.0,5.0,1.0,5.0,2.0,6.0,3.0,1.0,7.0,4.0,5.0,17.0,-10.985,5.0,0.0,0.0,0.0,4.0,1.0,2.0,1.0,3.0,7.0,4.0,2.0,8.0,5.0,1.0
11400,9.0,5.0,1.0,2.0,1.0,1.0,1.0,1.0,1.0,1.0,1.0,1.0,1.0,1.0,24.0,19.0,-8.93,9.0,3.0,1.0,0.0,2.0,2.0,2.0,1.0,1.0,2.0,2.0,2.0,2.0,2.0,0.0
11401,9.0,3.0,1.0,0.0,2.0,2.0,2.0,1.0,1.0,2.0,2.0,2.0,2.0,2.0,24.0,30.0,-15.984999999999998,9.0,1.0,1.0,0.0,3.0,3.0,3.0,2.0,1.0,3.0,1.0,3.0,3.0,3.0,0.0
11402,9.0,1.0,1.0,0.0,3.0,3.0,3.0,2.0,1.0,3.0,1.0,3.0,3.0,3.0,37.0,39.0,-7.6949999999999985,7.0,1.0,1.0,0.0,4.0,4.0,4.0,3.0,2.0,4.0,2.0,1.0,4.0,4.0,0.0
11403,7.0,1.0,1.0,0.0,4.0,4.0,4.0,3.0,2.0,4.0,2.0,1.0,4.0,4.0,35.0,17.0,-10.0,7.0,1.0,0.0,0.0,5.0,5.0,5.0,1.0,3.0,5.0,3.0,1.0,5.0,5.0,0.0
11404,7.0,1.0,0.0,0.0,5.0,5.0,5.0,1.0,3.0,5.0,3.0,1.0,5.0,5.0,37.0,2.0,-6.215,5.0,1.0,0.0,0.0,1.0,6.0,6.0,2.0,4.0,6.0,4.0,1.0,6.0,6.0,0.0
11405,5.0,1.0,0.0,0.0,1.0,6.0,6.0,2.0,4.0,6.0,4.0,1.0,6.0,6.0,47.0,24.0,-16.755,3.0,1.0,0.0,0.0,2.0,7.0,7.0,3.0,1.0,7.0,5.0,2.0,7.0,1.0,0.0
11406,3.0,1.0,0.0,0.0,2.0,7.0,7.0,3.0,1.0,7.0,5.0,2.0,7.0,1.0,40.0,17.0,-15.98,3.0,1.0,0.0,0.0,3.0,8.0,8.0,1.0,2.0,8.0,6.0,3.0,1.0,2.0,0.0
11407,3.0,1.0,0.0,0.0,3.0,8.0,8.0,1.0,2.0,8.0,6.0,3.0,1.0,2.0,6.0,30.0,-17.595000000000002,5.0,1.0,0.0,0.0,4.0,1.0,9.0,2.0,3.0,9.0,1.0,4.0,2.0,3.0,0.0
11408,5.0,1.0,0.0,0.0,4.0,1.0,9.0,2.0,3.0,9.0,1.0,4.0,2.0,3.0,25.0,11.0,-17.259999999999998,5.0,1.0,2.0,0.0,5.0,2.0,1.0,3.0,4.0,1.0,2.0,5.0,3.0,4.0,0.0
11409,5.0,1.0,2.0,0.0,5.0,2.0,1.0,3.0,4.0,1.0,2.0,5.0,3.0,4.0,24.0,39.0,-10.54,5.0,0.0,2.0,0.0,6.0,3.0,2.0,4.0,1.0,2.0,3.0,1.0,4.0,5.0,0.0
11410,5.0,0.0,2.0,0.0,6.0,3.0,2.0,4.0,1.0,2.0,3.0,1.0,4.0,5.0,5.0,17.0,-10.685,5.0,0.0,0.0,0.0,7.0,1.0,3.0,1.0,2.0,3.0,4.0,2.0,5.0,6.0,0.0
11411,5.0,0.0,0.0,0.0,7.0,1.0,3.0,1.0,2.0,3.0,4.0,2.0,5.0,6.0,44.0,2.0,-12.809999999999999,5.0,0.0,0.0,0.0,1.0,2.0,4.0,2.0,3.0,4.0,5.0,3.0,1.0,7.0,0.0
11412,5.0,0.0,0.0,0.0,1.0,2.0,4.0,2.0,3.0,4.0,5.0,3.0,1.0,7.0,47.0,45.0,-7.375,3.0,0.0,0.0,0.0,2.0,3.0,5.0,3.0,4.0,5.0,6.0,4.0,2.0,1.0,0.0
11413,3.0,0.0,0.0,0.0,2.0,3.0,5.0,3.0,4.0,5.0,6.0,4.0,2.0,1.0,6.0,2.0,-7.1,5.0,0.0,0.0,0.0,1.0,1.0,6.0,4.0,5.0,6.0,7.0,5.0,3.0,2.0,0.0
11414,5.0,0.0,0.0,0.0,1.0,1.0,6.0,4.0,5.0,6.0,7.0,5.0,3.0,2.0,25.0,2.0,-11.43,5.0,0.0,0.0,0.0,1.0,2.0,7.0,5.0,6.0,1.0,8.0,6.0,4.0,3.0,0.0
11415,5.0,0.0,0.0,0.0,1.0,2.0,7.0,5.0,6.0,1.0,8.0,6.0,4.0,3.0,34.0,20.0,-18.314999999999998,5.0,0.0,0.0,0.0,2.0,3.0,8.0,6.0,1.0,2.0,1.0,7.0,5.0,4.0,0.0
11416,5.0,0.0,0.0,0.0,2.0,3.0,8.0,6.0,1.0,2.0,1.0,7.0,5.0,4.0,5.0,11.0,-15.424999999999997,5.0,0.0,2.0,0.0,3.0,1.0,1.0,7.0,2.0,3.0,2.0,8.0,6.0,5.0,0.0
11417,5.0,0.0,2.0,0.0,3.0,1.0,1.0,7.0,2.0,3.0,2.0,8.0,6.0,5.0,5.0,35.0,-8.085,5.0,0.0,2.0,0.0,4.0,1.0,2.0,8.0,3.0,4.0,3.0,1.0,7.0,6.0,0.0
11418,5.0,0.0,2.0,0.0,4.0,1.0,2.0,8.0,3.0,4.0,3.0,1.0,7.0,6.0,25.0,17.0,-15.015,5.0,0.0,0.0,0.0,5.0,2.0,3.0,1.0,4.0,1.0,4.0,2.0,8.0,7.0,0.0
11419,5.0,0.0,0.0,0.0,5.0,2.0,3.0,1.0,4.0,1.0,4.0,2.0,8.0,7.0,44.0,47.0,-13.274999999999999,5.0,0.0,0.0,0.0,6.0,3.0,4.0,2.0,5.0,2.0,5.0,3.0,1.0,1.0,0.0
11420,5.0,0.0,0.0,0.0,6.0,3.0,4.0,2.0,5.0,2.0,5.0,3.0,1.0,1.0,6.0,2.0,-5.779999999999999,7.0,0.0,0.0,0.0,1.0,1.0,5.0,3.0,6.0,3.0,6.0,4.0,2.0,2.0,0.0
11421,7.0,0.0,0.0,0.0,1.0,1.0,5.0,3.0,6.0,3.0,6.0,4.0,2.0,2.0,34.0,20.0,-15.655,7.0,0.0,0.0,0.0,2.0,2.0,6.0,4.0,1.0,4.0,1.0,5.0,3.0,3.0,0.0
11422,7.0,0.0,0.0,0.0,2.0,2.0,6.0,4.0,1.0,4.0,1.0,5.0,3.0,3.0,25.0,35.0,-13.274999999999999,7.0,0.0,0.0,0.0,3.0,3.0,7.0,5.0,2.0,1.0,2.0,1.0,4.0,4.0,0.0
11423,7.0,0.0,0.0,0.0,3.0,3.0,7.0,5.0,2.0,1.0,2.0,1.0,4.0,4.0,5.0,17.0,-10.065,7.0,0.0,0.0,0.0,4.0,1.0,8.0,1.0,3.0,2.0,3.0,2.0,5.0,5.0,0.0
11424,7.0,0.0,0.0,0.0,4.0,1.0,8.0,1.0,3.0,2.0,3.0,2.0,5.0,5.0,10.0,47.0,-13.174999999999999,7.0,0.0,0.0,0.0,5.0,2.0,1.0,2.0,4.0,3.0,4.0,3.0,6.0,1.0,0.0
11425,7.0,0.0,0.0,0.0,5.0,2.0,1.0,2.0,4.0,3.0,4.0,3.0,6.0,1.0,37.0,35.0,-10.155,5.0,0.0,0.0,0.0,6.0,3.0,2.0,3.0,5.0,4.0,5.0,1.0,7.0,2.0,0.0
11426,5.0,0.0,0.0,0.0,6.0,3.0,2.0,3.0,5.0,4.0,5.0,1.0,7.0,2.0,34.0,22.0,-18.215,5.0,0.0,0.0,0.0,7.0,4.0,3.0,4.0,1.0,5.0,1.0,2.0,8.0,3.0,0.0
11427,5.0,0.0,0.0,0.0,7.0,4.0,3.0,4.0,1.0,5.0,1.0,2.0,8.0,3.0,5.0,1.0,-5.5600000000000005,5.0,0.0,2.0,0.0,1.0,1.0,4.0,5.0,2.0,6.0,2.0,3.0,9.0,4.0,0.0
11428,5.0,0.0,2.0,0.0,1.0,1.0,4.0,5.0,2.0,6.0,2.0,3.0,9.0,4.0,25.0,47.0,-11.295000000000002,5.0,0.0,0.0,0.0,2.0,2.0,5.0,6.0,3.0,1.0,3.0,4.0,10.0,1.0,0.0
11429,5.0,0.0,0.0,0.0,2.0,2.0,5.0,6.0,3.0,1.0,3.0,4.0,10.0,1.0,39.0,18.0,-6.955,5.0,0.0,0.0,2.0,3.0,3.0,6.0,1.0,4.0,2.0,4.0,1.0,11.0,2.0,0.0
11430,5.0,0.0,0.0,2.0,3.0,3.0,6.0,1.0,4.0,2.0,4.0,1.0,11.0,2.0,9.0,42.0,-11.204999999999998,5.0,0.0,0.0,2.0,4.0,1.0,7.0,2.0,5.0,3.0,5.0,2.0,1.0,3.0,0.0
11431,5.0,0.0,0.0,2.0,4.0,1.0,7.0,2.0,5.0,3.0,5.0,2.0,1.0,3.0,6.0,24.0,-16.1,7.0,0.0,0.0,0.0,5.0,1.0,8.0,3.0,1.0,4.0,6.0,3.0,2.0,4.0,0.0
11432,7.0,0.0,0.0,0.0,5.0,1.0,8.0,3.0,1.0,4.0,6.0,3.0,2.0,4.0,6.0,45.0,-7.765000000000001,9.0,0.0,0.0,0.0,6.0,1.0,9.0,4.0,2.0,5.0,7.0,4.0,3.0,1.0,0.0
11433,9.0,0.0,0.0,0.0,6.0,1.0,9.0,4.0,2.0,5.0,7.0,4.0,3.0,1.0,6.0,39.0,-11.985,9.0,0.0,0.0,0.0,7.0,1.0,10.0,5.0,3.0,6.0,8.0,1.0,4.0,2.0,0.0
11434,9.0,0.0,0.0,0.0,7.0,1.0,10.0,5.0,3.0,6.0,8.0,1.0,4.0,2.0,34.0,2.0,-6.215,9.0,0.0,0.0,0.0,1.0,2.0,11.0,6.0,4.0,7.0,1.0,2.0,5.0,3.0,0.0
11435,9.0,0.0,0.0,0.0,1.0,2.0,11.0,6.0,4.0,7.0,1.0,2.0,5.0,3.0,25.0,13.0,-17.194999999999997,9.0,0.0,0.0,2.0,2.0,3.0,1.0,7.0,5.0,1.0,2.0,3.0,6.0,4.0,0.0
11436,9.0,0.0,0.0,2.0,2.0,3.0,1.0,7.0,5.0,1.0,2.0,3.0,6.0,4.0,5.0,18.0,-5.725,9.0,0.0,0.0,4.0,3.0,1.0,2.0,1.0,6.0,2.0,3.0,4.0,7.0,5.0,0.0
11437,9.0,0.0,0.0,4.0,3.0,1.0,2.0,1.0,6.0,2.0,3.0,4.0,7.0,5.0,25.0,24.0,-16.93,9.0,0.0,0.0,2.0,4.0,2.0,3.0,2.0,1.0,1.0,4.0,5.0,8.0,6.0,0.0
11438,9.0,0.0,0.0,2.0,4.0,2.0,3.0,2.0,1.0,1.0,4.0,5.0,8.0,6.0,37.0,47.0,-4.895,7.0,0.0,0.0,2.0,5.0,3.0,4.0,3.0,2.0,2.0,5.0,1.0,9.0,1.0,0.0
11439,7.0,0.0,0.0,2.0,5.0,3.0,4.0,3.0,2.0,2.0,5.0,1.0,9.0,1.0,34.0,17.0,-7.42,7.0,0.0,0.0,2.0,6.0,4.0,5.0,1.0,3.0,3.0,1.0,2.0,10.0,2.0,0.0
11440,7.0,0.0,0.0,2.0,6.0,4.0,5.0,1.0,3.0,3.0,1.0,2.0,10.0,2.0,9.0,42.0,-10.584999999999999,7.0,0.0,0.0,2.0,7.0,1.0,6.0,2.0,4.0,4.0,2.0,3.0,1.0,3.0,0.0
11441,7.0,0.0,0.0,2.0,7.0,1.0,6.0,2.0,4.0,4.0,2.0,3.0,1.0,3.0,6.0,39.0,-11.185,9.0,0.0,0.0,0.0,8.0,1.0,7.0,3.0,5.0,5.0,3.0,1.0,2.0,4.0,0.0
11442,9.0,0.0,0.0,0.0,8.0,1.0,7.0,3.0,5.0,5.0,3.0,1.0,2.0,4.0,10.0,2.0,-14.25,9.0,0.0,0.0,0.0,1.0,2.0,1.0,4.0,6.0,6.0,4.0,2.0,3.0,5.0,0.0
11443,9.0,0.0,0.0,0.0,1.0,2.0,1.0,4.0,6.0,6.0,4.0,2.0,3.0,5.0,25.0,45.0,-9.654999999999998,9.0,0.0,0.0,0.0,2.0,3.0,2.0,5.0,7.0,1.0,5.0,3.0,4.0,1.0,0.0
11444,9.0,0.0,0.0,0.0,2.0,3.0,2.0,5.0,7.0,1.0,5.0,3.0,4.0,1.0,34.0,39.0,-9.7,9.0,0.0,0.0,0.0,3.0,4.0,3.0,6.0,8.0,2.0,1.0,1.0,5.0,2.0,0.0
11445,9.0,0.0,0.0,0.0,3.0,4.0,3.0,6.0,8.0,2.0,1.0,1.0,5.0,2.0,34.0,17.0,-10.0,9.0,0.0,0.0,0.0,4.0,5.0,4.0,1.0,9.0,3.0,1.0,2.0,6.0,3.0,0.0
11446,9.0,0.0,0.0,0.0,4.0,5.0,4.0,1.0,9.0,3.0,1.0,2.0,6.0,3.0,10.0,22.0,-24.27,9.0,0.0,0.0,0.0,5.0,6.0,1.0,2.0,1.0,4.0,2.0,3.0,7.0,4.0,0.0
11447,9.0,0.0,0.0,0.0,5.0,6.0,1.0,2.0,1.0,4.0,2.0,3.0,7.0,4.0,37.0,1.0,-4.63,7.0,0.0,2.0,0.0,1.0,7.0,2.0,3.0,2.0,5.0,3.0,1.0,8.0,5.0,0.0
11448,7.0,0.0,2.0,0.0,1.0,7.0,2.0,3.0,2.0,5.0,3.0,1.0,8.0,5.0,37.0,9.0,-9.014999999999999,5.0,0.0,2.0,0.0,2.0,1.0,3.0,4.0,3.0,6.0,4.0,1.0,9.0,6.0,0.0
11449,5.0,0.0,2.0,0.0,2.0,1.0,3.0,4.0,3.0,6.0,4.0,1.0,9.0,6.0,10.0,47.0,-14.075,5.0,0.0,0.0,0.0,3.0,2.0,1.0,5.0,4.0,7.0,5.0,2.0,10.0,1.0,0.0
11450,5.0,0.0,0.0,0.0,3.0,2.0,1.0,5.0,4.0,7.0,5.0,2.0,10.0,1.0,40.0,23.0,-20.650000000000002,5.0,0.0,0.0,2.0,4.0,3.0,2.0,6.0,1.0,8.0,6.0,3.0,1.0,2.0,0.0
11451,5.0,0.0,0.0,2.0,4.0,3.0,2.0,6.0,1.0,8.0,6.0,3.0,1.0,2.0,6.0,39.0,-10.665,7.0,0.0,0.0,0.0,5.0,1.0,3.0,7.0,2.0,9.0,7.0,1.0,2.0,3.0,0.0
11452,7.0,0.0,0.0,0.0,5.0,1.0,3.0,7.0,2.0,9.0,7.0,1.0,2.0,3.0,34.0,45.0,-7.1,7.0,0.0,0.0,0.0,6.0,2.0,4.0,8.0,3.0,10.0,1.0,2.0,3.0,1.0,0.0
11453,7.0,0.0,0.0,0.0,6.0,2.0,4.0,8.0,3.0,10.0,1.0,2.0,3.0,1.0,29.0,47.0,-10.254999999999999,7.0,0.0,0.0,0.0,7.0,3.0,5.0,9.0,4.0,1.0,2.0,3.0,4.0,1.0,0.0
11454,7.0,0.0,0.0,0.0,7.0,3.0,5.0,9.0,4.0,1.0,2.0,3.0,4.0,1.0,34.0,17.0,-10.62,7.0,0.0,0.0,0.0,8.0,4.0,6.0,1.0,5.0,2.0,1.0,4.0,5.0,2.0,0.0
11455,7.0,0.0,0.0,0.0,8.0,4.0,6.0,1.0,5.0,2.0,1.0,4.0,5.0,2.0,10.0,23.0,-20.75,7.0,0.0,0.0,2.0,9.0,5.0,1.0,2.0,1.0,3.0,2.0,5.0,6.0,3.0,0.0
11456,7.0,0.0,0.0,2.0,9.0,5.0,1.0,2.0,1.0,3.0,2.0,5.0,6.0,3.0,5.0,23.0,-12.78,7.0,0.0,0.0,4.0,10.0,1.0,2.0,3.0,1.0,4.0,3.0,6.0,7.0,4.0,0.0
11457,7.0,0.0,0.0,4.0,10.0,1.0,2.0,3.0,1.0,4.0,3.0,6.0,7.0,4.0,35.0,23.0,-12.770000000000001,7.0,0.0,0.0,6.0,11.0,2.0,3.0,4.0,1.0,5.0,4.0,1.0,8.0,5.0,0.0
11458,7.0,0.0,0.0,6.0,11.0,2.0,3.0,4.0,1.0,5.0,4.0,1.0,8.0,5.0,4.0,17.0,-7.0,7.0,0.0,0.0,6.0,1.0,3.0,4.0,1.0,2.0,6.0,5.0,2.0,9.0,6.0,0.0
11459,7.0,0.0,0.0,6.0,1.0,3.0,4.0,1.0,2.0,6.0,5.0,2.0,9.0,6.0,10.0,42.0,-14.295,7.0,0.0,0.0,6.0,2.0,4.0,1.0,2.0,3.0,7.0,6.0,3.0,1.0,7.0,0.0
11460,7.0,0.0,0.0,6.0,2.0,4.0,1.0,2.0,3.0,7.0,6.0,3.0,1.0,7.0,6.0,52.0,-5.595000000000001,9.0,0.0,0.0,6.0,3.0,1.0,2.0,3.0,4.0,8.0,7.0,4.0,2.0,8.0,0.0
11461,9.0,0.0,0.0,6.0,3.0,1.0,2.0,3.0,4.0,8.0,7.0,4.0,2.0,8.0,34.0,39.0,-11.54,9.0,0.0,0.0,4.0,4.0,2.0,3.0,4.0,5.0,9.0,1.0,1.0,3.0,9.0,0.0
11462,9.0,0.0,0.0,4.0,4.0,2.0,3.0,4.0,5.0,9.0,1.0,1.0,3.0,9.0,25.0,47.0,-8.415,9.0,0.0,0.0,4.0,5.0,3.0,4.0,5.0,6.0,1.0,2.0,2.0,4.0,1.0,0.0
11463,9.0,0.0,0.0,4.0,5.0,3.0,4.0,5.0,6.0,1.0,2.0,2.0,4.0,1.0,34.0,18.0,-4.22,9.0,0.0,0.0,6.0,6.0,4.0,5.0,1.0,7.0,2.0,1.0,3.0,5.0,2.0,0.0
11464,9.0,0.0,0.0,6.0,6.0,4.0,5.0,1.0,7.0,2.0,1.0,3.0,5.0,2.0,34.0,40.0,-7.1,9.0,0.0,0.0,6.0,7.0,5.0,6.0,2.0,8.0,3.0,1.0,4.0,1.0,3.0,0.0
11465,9.0,0.0,0.0,6.0,7.0,5.0,6.0,2.0,8.0,3.0,1.0,4.0,1.0,3.0,6.0,13.0,-11.185,9.0,0.0,0.0,8.0,8.0,1.0,1.0,3.0,9.0,4.0,2.0,5.0,2.0,4.0,0.0
11466,9.0,0.0,0.0,8.0,8.0,1.0,1.0,3.0,9.0,4.0,2.0,5.0,2.0,4.0,24.0,19.0,-8.66,9.0,0.0,0.0,6.0,9.0,2.0,2.0,1.0,1.0,5.0,3.0,6.0,3.0,5.0,0.0
11467,9.0,0.0,0.0,6.0,9.0,2.0,2.0,1.0,1.0,5.0,3.0,6.0,3.0,5.0,37.0,39.0,-11.695,7.0,0.0,0.0,4.0,10.0,3.0,3.0,2.0,2.0,6.0,4.0,1.0,4.0,6.0,0.0
11468,7.0,0.0,0.0,4.0,10.0,3.0,3.0,2.0,2.0,6.0,4.0,1.0,4.0,6.0,10.0,49.0,-13.035,7.0,0.0,0.0,2.0,11.0,4.0,1.0,3.0,3.0,7.0,5.0,2.0,5.0,1.0,0.0
11469,7.0,0.0,0.0,2.0,11.0,4.0,1.0,3.0,3.0,7.0,5.0,2.0,5.0,1.0,29.0,23.0,-16.29,7.0,0.0,0.0,4.0,12.0,5.0,2.0,4.0,1.0,1.0,6.0,3.0,6.0,2.0,0.0
11470,7.0,0.0,0.0,4.0,12.0,5.0,2.0,4.0,1.0,1.0,6.0,3.0,6.0,2.0,4.0,54.0,-6.79,7.0,0.0,0.0,2.0,1.0,6.0,3.0,5.0,2.0,2.0,7.0,4.0,7.0,3.0,0.0
11471,7.0,0.0,0.0,2.0,1.0,6.0,3.0,5.0,2.0,2.0,7.0,4.0,7.0,3.0,34.0,18.0,-5.66,7.0,0.0,0.0,4.0,2.0,7.0,4.0,1.0,3.0,3.0,1.0,5.0,8.0,4.0,0.0
11472,7.0,0.0,0.0,4.0,2.0,7.0,4.0,1.0,3.0,3.0,1.0,5.0,8.0,4.0,37.0,18.0,-4.975,5.0,0.0,0.0,6.0,3.0,8.0,5.0,1.0,4.0,4.0,2.0,1.0,9.0,5.0,0.0
11473,5.0,0.0,0.0,6.0,3.0,8.0,5.0,1.0,4.0,4.0,2.0,1.0,9.0,5.0,9.0,42.0,-7.6850000000000005,5.0,0.0,0.0,6.0,4.0,1.0,6.0,2.0,5.0,5.0,3.0,2.0,1.0,6.0,0.0
11474,5.0,0.0,0.0,6.0,4.0,1.0,6.0,2.0,5.0,5.0,3.0,2.0,1.0,6.0,10.0,13.0,-17.695,5.0,0.0,0.0,8.0,5.0,2.0,1.0,3.0,6.0,6.0,4.0,3.0,2.0,7.0,0.0
11475,5.0,0.0,0.0,8.0,5.0,2.0,1.0,3.0,6.0,6.0,4.0,3.0,2.0,7.0,37.0,19.0,-6.3149999999999995,3.0,0.0,0.0,6.0,6.0,3.0,2.0,1.0,7.0,7.0,5.0,1.0,3.0,8.0,0.0
11476,3.0,0.0,0.0,6.0,6.0,3.0,2.0,1.0,7.0,7.0,5.0,1.0,3.0,8.0,45.0,49.0,-7.135,3.0,0.0,0.0,4.0,7.0,4.0,3.0,2.0,8.0,8.0,6.0,2.0,4.0,1.0,0.0
11477,3.0,0.0,0.0,4.0,7.0,4.0,3.0,2.0,8.0,8.0,6.0,2.0,4.0,1.0,34.0,23.0,-17.895,3.0,0.0,0.0,6.0,8.0,5.0,4.0,3.0,1.0,9.0,1.0,3.0,5.0,2.0,0.0
11478,3.0,0.0,0.0,6.0,8.0,5.0,4.0,3.0,1.0,9.0,1.0,3.0,5.0,2.0,44.0,40.0,-15.295,3.0,0.0,0.0,6.0,9.0,6.0,5.0,4.0,2.0,10.0,2.0,4.0,1.0,3.0,0.0
11479,3.0,0.0,0.0,6.0,9.0,6.0,5.0,4.0,2.0,10.0,2.0,4.0,1.0,3.0,37.0,52.0,-9.384999999999998,1.0,0.0,0.0,6.0,10.0,7.0,6.0,5.0,3.0,11.0,3.0,1.0,2.0,4.0,0.0
11480,1.0,0.0,0.0,6.0,10.0,7.0,6.0,5.0,3.0,11.0,3.0,1.0,2.0,4.0,49.0,49.0,-8.434999999999999,1.0,0.0,0.0,4.0,11.0,8.0,7.0,6.0,4.0,12.0,4.0,2.0,3.0,1.0,0.0
11481,1.0,0.0,0.0,4.0,11.0,8.0,7.0,6.0,4.0,12.0,4.0,2.0,3.0,1.0,34.0,23.0,-24.134999999999998,1.0,0.0,0.0,6.0,12.0,9.0,8.0,7.0,1.0,13.0,1.0,3.0,4.0,2.0,0.0
11482,1.0,0.0,0.0,6.0,12.0,9.0,8.0,7.0,1.0,13.0,1.0,3.0,4.0,2.0,44.0,40.0,-18.534999999999997,1.0,0.0,0.0,6.0,13.0,10.0,9.0,8.0,2.0,14.0,2.0,4.0,1.0,3.0,0.0
11483,1.0,0.0,0.0,6.0,13.0,10.0,9.0,8.0,2.0,14.0,2.0,4.0,1.0,3.0,44.0,49.0,-17.275,1.0,0.0,0.0,4.0,14.0,11.0,10.0,9.0,3.0,15.0,3.0,5.0,1.0,1.0,0.0
11484,1.0,0.0,0.0,4.0,14.0,11.0,10.0,9.0,3.0,15.0,3.0,5.0,1.0,1.0,44.0,52.0,-17.244999999999997,1.0,0.0,0.0,4.0,15.0,12.0,11.0,10.0,4.0,16.0,4.0,6.0,1.0,2.0,0.0
11485,1.0,0.0,0.0,4.0,15.0,12.0,11.0,10.0,4.0,16.0,4.0,6.0,1.0,2.0,44.0,52.0,-18.145,1.0,0.0,0.0,4.0,16.0,13.0,12.0,11.0,5.0,17.0,5.0,7.0,1.0,3.0,0.0
11486,1.0,0.0,0.0,4.0,16.0,13.0,12.0,11.0,5.0,17.0,5.0,7.0,1.0,3.0,44.0,52.0,-19.045,1.0,0.0,0.0,4.0,17.0,14.0,13.0,12.0,6.0,18.0,6.0,8.0,1.0,4.0,0.0
11487,1.0,0.0,0.0,4.0,17.0,14.0,13.0,12.0,6.0,18.0,6.0,8.0,1.0,4.0,44.0,52.0,-19.945,1.0,0.0,0.0,4.0,18.0,15.0,14.0,13.0,7.0,19.0,7.0,9.0,1.0,5.0,0.0
11488,1.0,0.0,0.0,4.0,18.0,15.0,14.0,13.0,7.0,19.0,7.0,9.0,1.0,5.0,44.0,2.0,-21.990000000000002,1.0,0.0,0.0,4.0,1.0,16.0,15.0,14.0,8.0,20.0,8.0,10.0,1.0,6.0,0.0
11489,1.0,0.0,0.0,4.0,1.0,16.0,15.0,14.0,8.0,20.0,8.0,10.0,1.0,6.0,37.0,13.0,-20.18,0.0,0.0,0.0,6.0,2.0,17.0,1.0,15.0,9.0,21.0,9.0,1.0,2.0,7.0,0.0
11490,0.0,0.0,0.0,6.0,2.0,17.0,1.0,15.0,9.0,21.0,9.0,1.0,2.0,7.0,27.0,29.0,-31.48,0.0,0.0,0.0,4.0,3.0,18.0,2.0,16.0,10.0,1.0,10.0,2.0,3.0,8.0,0.0
11491,0.0,0.0,0.0,4.0,3.0,18.0,2.0,16.0,10.0,1.0,10.0,2.0,3.0,8.0,34.0,17.0,-19.495,0.0,0.0,0.0,4.0,4.0,19.0,3.0,1.0,11.0,2.0,1.0,3.0,4.0,9.0,0.0
11492,0.0,0.0,0.0,4.0,4.0,19.0,3.0,1.0,11.0,2.0,1.0,3.0,4.0,9.0,5.0,9.0,-20.919999999999998,0.0,0.0,0.0,2.0,5.0,1.0,4.0,2.0,12.0,3.0,2.0,4.0,5.0,10.0,0.0
11493,0.0,0.0,0.0,2.0,5.0,1.0,4.0,2.0,12.0,3.0,2.0,4.0,5.0,10.0,4.0,47.0,-6.935,0.0,0.0,0.0,2.0,1.0,2.0,5.0,3.0,13.0,4.0,3.0,5.0,6.0,1.0,0.0
11494,0.0,0.0,0.0,2.0,1.0,2.0,5.0,3.0,13.0,4.0,3.0,5.0,6.0,1.0,54.0,13.0,-11.93,0.0,0.0,0.0,4.0,2.0,3.0,1.0,4.0,14.0,5.0,4.0,6.0,7.0,2.0,0.0
11495,0.0,0.0,0.0,4.0,2.0,3.0,1.0,4.0,14.0,5.0,4.0,6.0,7.0,2.0,54.0,44.0,-11.61,0.0,0.0,0.0,2.0,3.0,4.0,2.0,5.0,15.0,6.0,5.0,7.0,1.0,3.0,0.0
11496,0.0,0.0,0.0,2.0,3.0,4.0,2.0,5.0,15.0,6.0,5.0,7.0,1.0,3.0,24.0,47.0,-16.855,0.0,0.0,0.0,2.0,4.0,5.0,3.0,6.0,1.0,7.0,6.0,8.0,2.0,1.0,0.0
11497,0.0,0.0,0.0,2.0,4.0,5.0,3.0,6.0,1.0,7.0,6.0,8.0,2.0,1.0,17.0,34.0,-22.855000000000004,0.0,0.0,0.0,0.0,5.0,6.0,4.0,1.0,2.0,8.0,1.0,9.0,3.0,2.0,0.0
11498,0.0,0.0,0.0,0.0,5.0,6.0,4.0,1.0,2.0,8.0,1.0,9.0,3.0,2.0,37.0,36.0,-12.879999999999999,0.0,0.0,2.0,0.0,6.0,7.0,5.0,2.0,3.0,9.0,2.0,1.0,4.0,3.0,0.0
11499,0.0,0.0,2.0,0.0,6.0,7.0,5.0,2.0,3.0,9.0,2.0,1.0,4.0,3.0,44.0,9.0,-18.979999999999997,0.0,0.0,2.0,0.0,7.0,1.0,6.0,3.0,4.0,10.0,3.0,2.0,1.0,4.0,1.0
11500,0.0,4.0,5.0,8.0,1.0,1.0,1.0,1.0,1.0,1.0,1.0,1.0,1.0,1.0,54.0,13.0,-2.83,0.0,2.0,5.0,9.0,2.0,2.0,1.0,2.0,2.0,2.0,2.0,2.0,2.0,2.0,0.0
11501,0.0,2.0,5.0,9.0,2.0,2.0,1.0,2.0,2.0,2.0,2.0,2.0,2.0,2.0,54.0,13.0,-3.7299999999999995,0.0,0.0,5.0,9.0,3.0,3.0,1.0,3.0,3.0,3.0,3.0,3.0,3.0,3.0,0.0
11502,0.0,0.0,5.0,9.0,3.0,3.0,1.0,3.0,3.0,3.0,3.0,3.0,3.0,3.0,4.0,44.0,-5.215,0.0,0.0,5.0,7.0,1.0,4.0,2.0,4.0,4.0,4.0,4.0,4.0,1.0,4.0,0.0
11503,0.0,0.0,5.0,7.0,1.0,4.0,2.0,4.0,4.0,4.0,4.0,4.0,1.0,4.0,54.0,13.0,-4.93,0.0,0.0,5.0,9.0,2.0,5.0,1.0,5.0,5.0,5.0,5.0,5.0,2.0,5.0,0.0
11504,0.0,0.0,5.0,9.0,2.0,5.0,1.0,5.0,5.0,5.0,5.0,5.0,2.0,5.0,37.0,44.0,-10.5,0.0,0.0,5.0,7.0,3.0,6.0,2.0,6.0,6.0,6.0,6.0,1.0,1.0,6.0,0.0
11505,0.0,0.0,5.0,7.0,3.0,6.0,2.0,6.0,6.0,6.0,6.0,1.0,1.0,6.0,27.0,29.0,-20.200000000000003,0.0,0.0,5.0,5.0,4.0,7.0,3.0,7.0,7.0,1.0,7.0,2.0,2.0,7.0,0.0
11506,0.0,0.0,5.0,5.0,4.0,7.0,3.0,7.0,7.0,1.0,7.0,2.0,2.0,7.0,34.0,34.0,-21.12,0.0,0.0,5.0,3.0,5.0,8.0,4.0,8.0,8.0,2.0,1.0,3.0,3.0,8.0,0.0
11507,0.0,0.0,5.0,3.0,5.0,8.0,4.0,8.0,8.0,2.0,1.0,3.0,3.0,8.0,45.0,17.0,-8.74,0.0,0.0,3.0,3.0,6.0,9.0,5.0,1.0,9.0,3.0,2.0,4.0,4.0,1.0,0.0
11508,0.0,0.0,3.0,3.0,6.0,9.0,5.0,1.0,9.0,3.0,2.0,4.0,4.0,1.0,4.0,9.0,-8.395,0.0,0.0,3.0,1.0,1.0,1.0,6.0,2.0,10.0,4.0,3.0,5.0,5.0,2.0,0.0
11509,0.0,0.0,3.0,1.0,1.0,1.0,6.0,2.0,10.0,4.0,3.0,5.0,5.0,2.0,54.0,34.0,-10.489999999999998,0.0,0.0,3.0,0.0,2.0,2.0,7.0,3.0,11.0,5.0,1.0,6.0,6.0,3.0,0.0
11510,0.0,0.0,3.0,0.0,2.0,2.0,7.0,3.0,11.0,5.0,1.0,6.0,6.0,3.0,54.0,13.0,-10.325000000000001,0.0,0.0,3.0,2.0,3.0,3.0,1.0,4.0,12.0,6.0,2.0,7.0,7.0,4.0,0.0
11511,0.0,0.0,3.0,2.0,3.0,3.0,1.0,4.0,12.0,6.0,2.0,7.0,7.0,4.0,37.0,43.0,-12.094999999999999,0.0,0.0,3.0,4.0,4.0,4.0,2.0,5.0,13.0,7.0,3.0,1.0,1.0,5.0,0.0
11512,0.0,0.0,3.0,4.0,4.0,4.0,2.0,5.0,13.0,7.0,3.0,1.0,1.0,5.0,21.0,24.0,-16.134999999999998,2.0,0.0,3.0,2.0,5.0,5.0,3.0,6.0,1.0,8.0,4.0,2.0,2.0,6.0,0.0
11513,2.0,0.0,3.0,2.0,5.0,5.0,3.0,6.0,1.0,8.0,4.0,2.0,2.0,6.0,27.0,49.0,-19.455000000000002,0.0,0.0,3.0,0.0,6.0,6.0,4.0,7.0,2.0,1.0,5.0,3.0,3.0,1.0,0.0
11514,0.0,0.0,3.0,0.0,6.0,6.0,4.0,7.0,2.0,1.0,5.0,3.0,3.0,1.0,1.0,34.0,-10.055,2.0,0.0,3.0,0.0,1.0,7.0,5.0,8.0,3.0,2.0,1.0,4.0,4.0,2.0,0.0
11515,2.0,0.0,3.0,0.0,1.0,7.0,5.0,8.0,3.0,2.0,1.0,4.0,4.0,2.0,17.0,9.0,-12.344999999999999,0.0,0.0,3.0,0.0,2.0,1.0,6.0,1.0,4.0,3.0,2.0,5.0,5.0,3.0,0.0
11516,0.0,0.0,3.0,0.0,2.0,1.0,6.0,1.0,4.0,3.0,2.0,5.0,5.0,3.0,4.0,34.0,-11.395,0.0,0.0,3.0,0.0,1.0,2.0,7.0,2.0,5.0,4.0,1.0,6.0,6.0,4.0,0.0
11517,0.0,0.0,3.0,0.0,1.0,2.0,7.0,2.0,5.0,4.0,1.0,6.0,6.0,4.0,0.0,13.0,-311.13,0.0,0.0,3.0,2.0,1.0,3.0,1.0,3.0,6.0,5.0,2.0,7.0,7.0,5.0,0.0
11518,0.0,0.0,3.0,2.0,1.0,3.0,1.0,3.0,6.0,5.0,2.0,7.0,7.0,5.0,37.0,43.0,-11.195,0.0,0.0,3.0,4.0,2.0,4.0,2.0,4.0,7.0,6.0,3.0,1.0,1.0,6.0,0.0
11519,0.0,0.0,3.0,4.0,2.0,4.0,2.0,4.0,7.0,6.0,3.0,1.0,1.0,6.0,47.0,49.0,-6.635,0.0,0.0,3.0,2.0,3.0,5.0,3.0,5.0,8.0,7.0,4.0,2.0,2.0,1.0,0.0
11520,0.0,0.0,3.0,2.0,3.0,5.0,3.0,5.0,8.0,7.0,4.0,2.0,2.0,1.0,27.0,23.0,-20.240000000000002,0.0,0.0,3.0,4.0,4.0,6.0,4.0,6.0,1.0,1.0,5.0,3.0,3.0,2.0,0.0
11521,0.0,0.0,3.0,4.0,4.0,6.0,4.0,6.0,1.0,1.0,5.0,3.0,3.0,2.0,17.0,34.0,-15.18,0.0,0.0,3.0,2.0,5.0,7.0,5.0,1.0,2.0,2.0,1.0,4.0,4.0,3.0,0.0
11522,0.0,0.0,3.0,2.0,5.0,7.0,5.0,1.0,2.0,2.0,1.0,4.0,4.0,3.0,39.0,9.0,-12.445,0.0,0.0,3.0,0.0,6.0,1.0,6.0,2.0,3.0,3.0,2.0,1.0,5.0,4.0,0.0
11523,0.0,0.0,3.0,0.0,6.0,1.0,6.0,2.0,3.0,3.0,2.0,1.0,5.0,4.0,4.0,34.0,-11.094999999999999,0.0,0.0,3.0,0.0,1.0,2.0,7.0,3.0,4.0,4.0,1.0,2.0,6.0,5.0,0.0
11524,0.0,0.0,3.0,0.0,1.0,2.0,7.0,3.0,4.0,4.0,1.0,2.0,6.0,5.0,47.0,13.0,-310.89500000000004,0.0,0.0,3.0,2.0,2.0,3.0,1.0,4.0,5.0,5.0,2.0,3.0,7.0,1.0,0.0
11525,0.0,0.0,3.0,2.0,2.0,3.0,1.0,4.0,5.0,5.0,2.0,3.0,7.0,1.0,39.0,9.0,-12.844999999999999,0.0,0.0,3.0,0.0,3.0,1.0,2.0,5.0,6.0,6.0,3.0,1.0,8.0,2.0,0.0
11526,0.0,0.0,3.0,0.0,3.0,1.0,2.0,5.0,6.0,6.0,3.0,1.0,8.0,2.0,18.0,29.0,-14.295,0.0,2.0,3.0,0.0,4.0,2.0,3.0,1.0,7.0,1.0,4.0,2.0,9.0,3.0,0.0
11527,0.0,2.0,3.0,0.0,4.0,2.0,3.0,1.0,7.0,1.0,4.0,2.0,9.0,3.0,4.0,34.0,-11.395,0.0,0.0,3.0,0.0,1.0,3.0,4.0,2.0,8.0,2.0,1.0,3.0,10.0,4.0,0.0
11528,0.0,0.0,3.0,0.0,1.0,3.0,4.0,2.0,8.0,2.0,1.0,3.0,10.0,4.0,39.0,43.0,-313.575,0.0,0.0,3.0,2.0,2.0,4.0,5.0,3.0,9.0,3.0,2.0,1.0,1.0,5.0,0.0
11529,0.0,0.0,3.0,2.0,2.0,4.0,5.0,3.0,9.0,3.0,2.0,1.0,1.0,5.0,21.0,24.0,-18.015,2.0,0.0,3.0,0.0,3.0,5.0,6.0,4.0,1.0,4.0,3.0,2.0,2.0,6.0,0.0
11530,2.0,0.0,3.0,0.0,3.0,5.0,6.0,4.0,1.0,4.0,3.0,2.0,2.0,6.0,7.0,34.0,-18.06,0.0,0.0,3.0,0.0,4.0,1.0,7.0,5.0,2.0,5.0,1.0,3.0,3.0,7.0,0.0
11531,0.0,0.0,3.0,0.0,4.0,1.0,7.0,5.0,2.0,5.0,1.0,3.0,3.0,7.0,0.0,47.0,-7.11,0.0,0.0,1.0,0.0,1.0,2.0,8.0,6.0,3.0,6.0,2.0,4.0,4.0,1.0,0.0
11532,0.0,0.0,1.0,0.0,1.0,2.0,8.0,6.0,3.0,6.0,2.0,4.0,4.0,1.0,39.0,13.0,-17.295,0.0,0.0,1.0,2.0,2.0,3.0,1.0,7.0,4.0,7.0,3.0,1.0,5.0,2.0,0.0
11533,0.0,0.0,1.0,2.0,2.0,3.0,1.0,7.0,4.0,7.0,3.0,1.0,5.0,2.0,18.0,17.0,-9.379999999999999,0.0,2.0,0.0,2.0,3.0,4.0,2.0,1.0,5.0,8.0,4.0,2.0,6.0,3.0,0.0
11534,0.0,2.0,0.0,2.0,3.0,4.0,2.0,1.0,5.0,8.0,4.0,2.0,6.0,3.0,39.0,23.0,-17.895,0.0,0.0,0.0,4.0,4.0,5.0,3.0,2.0,1.0,9.0,5.0,1.0,7.0,4.0,0.0
11535,0.0,0.0,0.0,4.0,4.0,5.0,3.0,2.0,1.0,9.0,5.0,1.0,7.0,4.0,27.0,29.0,-29.619999999999997,0.0,0.0,0.0,2.0,5.0,6.0,4.0,3.0,2.0,1.0,6.0,2.0,8.0,5.0,0.0
11536,0.0,0.0,0.0,2.0,5.0,6.0,4.0,3.0,2.0,1.0,6.0,2.0,8.0,5.0,9.0,42.0,-18.68,0.0,0.0,0.0,2.0,6.0,1.0,5.0,4.0,3.0,2.0,7.0,3.0,1.0,6.0,0.0
11537,0.0,0.0,0.0,2.0,6.0,1.0,5.0,4.0,3.0,2.0,7.0,3.0,1.0,6.0,4.0,49.0,-7.475,0.0,0.0,0.0,0.0,1.0,2.0,6.0,5.0,4.0,3.0,8.0,4.0,2.0,1.0,0.0
11538,0.0,0.0,0.0,0.0,1.0,2.0,6.0,5.0,4.0,3.0,8.0,4.0,2.0,1.0,39.0,34.0,-22.155,0.0,0.0,0.0,0.0,2.0,3.0,7.0,6.0,5.0,4.0,1.0,1.0,3.0,2.0,0.0
11539,0.0,0.0,0.0,0.0,2.0,3.0,7.0,6.0,5.0,4.0,1.0,1.0,3.0,2.0,16.0,13.0,-18.599999999999998,2.0,0.0,0.0,2.0,3.0,4.0,1.0,1.0,6.0,5.0,2.0,2.0,4.0,3.0,0.0
11540,2.0,0.0,0.0,2.0,3.0,4.0,1.0,1.0,6.0,5.0,2.0,2.0,4.0,3.0,37.0,24.0,-20.815,0.0,0.0,0.0,0.0,4.0,5.0,2.0,2.0,1.0,6.0,3.0,1.0,5.0,4.0,0.0
11541,0.0,0.0,0.0,0.0,4.0,5.0,2.0,2.0,1.0,6.0,3.0,1.0,5.0,4.0,50.0,49.0,-6.07,0.0,0.0,0.0,0.0,5.0,6.0,3.0,3.0,2.0,7.0,4.0,2.0,6.0,1.0,0.0
11542,0.0,0.0,0.0,0.0,5.0,6.0,3.0,3.0,2.0,7.0,4.0,2.0,6.0,1.0,39.0,9.0,-18.36,0.0,0.0,0.0,0.0,6.0,1.0,4.0,4.0,3.0,8.0,5.0,1.0,7.0,2.0,0.0
11543,0.0,0.0,0.0,0.0,6.0,1.0,4.0,4.0,3.0,8.0,5.0,1.0,7.0,2.0,50.0,49.0,-7.07,0.0,0.0,0.0,0.0,7.0,2.0,5.0,5.0,4.0,9.0,6.0,2.0,8.0,1.0,0.0
11544,0.0,0.0,0.0,0.0,7.0,2.0,5.0,5.0,4.0,9.0,6.0,2.0,8.0,1.0,39.0,23.0,-20.335,0.0,0.0,0.0,2.0,8.0,3.0,6.0,6.0,1.0,10.0,7.0,1.0,9.0,2.0,0.0
11545,0.0,0.0,0.0,2.0,8.0,3.0,6.0,6.0,1.0,10.0,7.0,1.0,9.0,2.0,20.0,29.0,-30.775000000000002,0.0,0.0,0.0,0.0,9.0,4.0,7.0,7.0,1.0,1.0,8.0,2.0,10.0,3.0,0.0
11546,0.0,0.0,0.0,0.0,9.0,4.0,7.0,7.0,1.0,1.0,8.0,2.0,10.0,3.0,1.0,34.0,-17.830000000000002,2.0,0.0,0.0,0.0,1.0,5.0,8.0,8.0,2.0,2.0,1.0,3.0,11.0,4.0,0.0
11547,2.0,0.0,0.0,0.0,1.0,5.0,8.0,8.0,2.0,2.0,1.0,3.0,11.0,4.0,17.0,43.0,-15.999999999999998,0.0,0.0,0.0,2.0,2.0,6.0,9.0,1.0,3.0,3.0,2.0,4.0,1.0,5.0,0.0
11548,0.0,0.0,0.0,2.0,2.0,6.0,9.0,1.0,3.0,3.0,2.0,4.0,1.0,5.0,13.0,13.0,-20.439999999999998,0.0,2.0,0.0,4.0,3.0,7.0,1.0,2.0,4.0,4.0,3.0,5.0,2.0,6.0,0.0
11549,0.0,2.0,0.0,4.0,3.0,7.0,1.0,2.0,4.0,4.0,3.0,5.0,2.0,6.0,37.0,49.0,-10.42,0.0,2.0,0.0,2.0,4.0,8.0,2.0,3.0,5.0,5.0,4.0,1.0,3.0,1.0,0.0
11550,0.0,2.0,0.0,2.0,4.0,8.0,2.0,3.0,5.0,5.0,4.0,1.0,3.0,1.0,27.0,9.0,-23.139999999999997,0.0,2.0,0.0,0.0,5.0,1.0,3.0,4.0,6.0,1.0,5.0,2.0,4.0,2.0,0.0
11551,0.0,2.0,0.0,0.0,5.0,1.0,3.0,4.0,6.0,1.0,5.0,2.0,4.0,2.0,16.0,2.0,-7.895,2.0,2.0,0.0,0.0,1.0,2.0,4.0,1.0,7.0,2.0,6.0,3.0,5.0,3.0,0.0
11552,2.0,2.0,0.0,0.0,1.0,2.0,4.0,1.0,7.0,2.0,6.0,3.0,5.0,3.0,42.0,30.0,-22.675,0.0,2.0,0.0,0.0,2.0,3.0,5.0,2.0,8.0,3.0,1.0,4.0,1.0,4.0,0.0
11553,0.0,2.0,0.0,0.0,2.0,3.0,5.0,2.0,8.0,3.0,1.0,4.0,1.0,4.0,21.0,24.0,-20.55,2.0,2.0,0.0,0.0,3.0,4.0,6.0,3.0,1.0,4.0,2.0,5.0,2.0,5.0,0.0
11554,2.0,2.0,0.0,0.0,3.0,4.0,6.0,3.0,1.0,4.0,2.0,5.0,2.0,5.0,7.0,2.0,-13.254999999999999,0.0,2.0,0.0,0.0,1.0,1.0,7.0,4.0,2.0,5.0,3.0,6.0,3.0,6.0,0.0
11555,0.0,2.0,0.0,0.0,1.0,1.0,7.0,4.0,2.0,5.0,3.0,6.0,3.0,6.0,42.0,47.0,-12.58,0.0,2.0,0.0,0.0,2.0,2.0,8.0,5.0,3.0,6.0,4.0,7.0,1.0,1.0,0.0
11556,0.0,2.0,0.0,0.0,2.0,2.0,8.0,5.0,3.0,6.0,4.0,7.0,1.0,1.0,39.0,2.0,-11.594999999999999,0.0,0.0,0.0,0.0,1.0,3.0,9.0,6.0,4.0,7.0,5.0,1.0,2.0,2.0,0.0
11557,0.0,0.0,0.0,0.0,1.0,3.0,9.0,6.0,4.0,7.0,5.0,1.0,2.0,2.0,27.0,13.0,-26.959999999999997,0.0,0.0,0.0,2.0,2.0,4.0,1.0,7.0,5.0,1.0,6.0,2.0,3.0,3.0,0.0
11558,0.0,0.0,0.0,2.0,2.0,4.0,1.0,7.0,5.0,1.0,6.0,2.0,3.0,3.0,16.0,15.0,-12.379999999999999,2.0,0.0,0.0,2.0,3.0,5.0,2.0,1.0,6.0,2.0,7.0,3.0,4.0,4.0,0.0
11559,2.0,0.0,0.0,2.0,3.0,5.0,2.0,1.0,6.0,2.0,7.0,3.0,4.0,4.0,9.0,30.0,-21.015,2.0,0.0,0.0,2.0,4.0,1.0,3.0,2.0,7.0,3.0,1.0,4.0,5.0,5.0,0.0
11560,2.0,0.0,0.0,2.0,4.0,1.0,3.0,2.0,7.0,3.0,1.0,4.0,5.0,5.0,42.0,44.0,-24.459999999999997,0.0,0.0,0.0,0.0,5.0,2.0,4.0,3.0,8.0,4.0,2.0,5.0,1.0,6.0,0.0
11561,0.0,0.0,0.0,0.0,5.0,2.0,4.0,3.0,8.0,4.0,2.0,5.0,1.0,6.0,16.0,46.0,-11.54,2.0,0.0,2.0,0.0,6.0,3.0,5.0,1.0,9.0,5.0,3.0,6.0,2.0,1.0,0.0
11562,2.0,0.0,2.0,0.0,6.0,3.0,5.0,1.0,9.0,5.0,3.0,6.0,2.0,1.0,39.0,24.0,-14.295,2.0,0.0,2.0,0.0,7.0,4.0,6.0,2.0,1.0,6.0,4.0,1.0,3.0,2.0,0.0
11563,2.0,0.0,2.0,0.0,7.0,4.0,6.0,2.0,1.0,6.0,4.0,1.0,3.0,2.0,1.0,23.0,-9.690000000000001,4.0,0.0,2.0,2.0,1.0,5.0,7.0,3.0,1.0,7.0,5.0,2.0,4.0,3.0,0.0
11564,4.0,0.0,2.0,2.0,1.0,5.0,7.0,3.0,1.0,7.0,5.0,2.0,4.0,3.0,7.0,29.0,-17.86,2.0,0.0,2.0,0.0,2.0,1.0,8.0,4.0,2.0,1.0,6.0,3.0,5.0,4.0,0.0
11565,2.0,0.0,2.0,0.0,2.0,1.0,8.0,4.0,2.0,1.0,6.0,3.0,5.0,4.0,42.0,34.0,-21.634999999999998,0.0,0.0,2.0,0.0,3.0,2.0,9.0,5.0,3.0,2.0,1.0,4.0,1.0,5.0,0.0
11566,0.0,0.0,2.0,0.0,3.0,2.0,9.0,5.0,3.0,2.0,1.0,4.0,1.0,5.0,14.0,11.0,-25.3,0.0,0.0,4.0,0.0,4.0,3.0,1.0,6.0,4.0,3.0,2.0,5.0,2.0,6.0,0.0
11567,0.0,0.0,4.0,0.0,4.0,3.0,1.0,6.0,4.0,3.0,2.0,5.0,2.0,6.0,16.0,35.0,-10.32,2.0,0.0,4.0,0.0,5.0,4.0,2.0,1.0,5.0,4.0,3.0,1.0,3.0,7.0,0.0
11568,2.0,0.0,4.0,0.0,5.0,4.0,2.0,1.0,5.0,4.0,3.0,1.0,3.0,7.0,7.0,30.0,-16.354999999999997,0.0,0.0,4.0,0.0,6.0,1.0,3.0,2.0,6.0,5.0,1.0,2.0,4.0,8.0,0.0
11569,0.0,0.0,4.0,0.0,6.0,1.0,3.0,2.0,6.0,5.0,1.0,2.0,4.0,8.0,16.0,49.0,-11.86,2.0,0.0,4.0,0.0,7.0,2.0,4.0,1.0,7.0,6.0,2.0,3.0,5.0,1.0,0.0
11570,2.0,0.0,4.0,0.0,7.0,2.0,4.0,1.0,7.0,6.0,2.0,3.0,5.0,1.0,2.0,22.0,-13.01,0.0,0.0,2.0,0.0,1.0,3.0,5.0,2.0,1.0,7.0,3.0,4.0,6.0,2.0,0.0
11571,0.0,0.0,2.0,0.0,1.0,3.0,5.0,2.0,1.0,7.0,3.0,4.0,6.0,2.0,42.0,11.0,-21.9,0.0,0.0,4.0,0.0,2.0,4.0,1.0,3.0,2.0,8.0,4.0,5.0,1.0,3.0,0.0
11572,0.0,0.0,4.0,0.0,2.0,4.0,1.0,3.0,2.0,8.0,4.0,5.0,1.0,3.0,38.0,9.0,-11.459999999999999,0.0,2.0,4.0,0.0,3.0,1.0,2.0,4.0,3.0,9.0,5.0,1.0,2.0,4.0,0.0
11573,0.0,2.0,4.0,0.0,3.0,1.0,2.0,4.0,3.0,9.0,5.0,1.0,2.0,4.0,27.0,25.0,-21.479999999999997,0.0,2.0,4.0,0.0,4.0,2.0,3.0,5.0,4.0,1.0,6.0,2.0,3.0,5.0,0.0
11574,0.0,2.0,4.0,0.0,4.0,2.0,3.0,5.0,4.0,1.0,6.0,2.0,3.0,5.0,4.0,34.0,-9.389999999999999,0.0,0.0,4.0,0.0,1.0,3.0,4.0,6.0,5.0,2.0,1.0,3.0,4.0,6.0,0.0
11575,0.0,0.0,4.0,0.0,1.0,3.0,4.0,6.0,5.0,2.0,1.0,3.0,4.0,6.0,42.0,15.0,-20.86,0.0,0.0,4.0,0.0,2.0,4.0,5.0,1.0,6.0,3.0,2.0,4.0,1.0,7.0,0.0
11576,0.0,0.0,4.0,0.0,2.0,4.0,5.0,1.0,6.0,3.0,2.0,4.0,1.0,7.0,21.0,30.0,-15.79,2.0,0.0,4.0,0.0,3.0,5.0,6.0,2.0,1.0,4.0,1.0,5.0,2.0,8.0,0.0
11577,2.0,0.0,4.0,0.0,3.0,5.0,6.0,2.0,1.0,4.0,1.0,5.0,2.0,8.0,7.0,11.0,-19.72,0.0,0.0,6.0,0.0,4.0,1.0,1.0,3.0,2.0,5.0,2.0,6.0,3.0,9.0,0.0
11578,0.0,0.0,6.0,0.0,4.0,1.0,1.0,3.0,2.0,5.0,2.0,6.0,3.0,9.0,38.0,36.0,-10.82,0.0,2.0,8.0,0.0,5.0,2.0,2.0,4.0,3.0,6.0,3.0,1.0,4.0,10.0,0.0
11579,0.0,2.0,8.0,0.0,5.0,2.0,2.0,4.0,3.0,6.0,3.0,1.0,4.0,10.0,42.0,49.0,-17.240000000000002,0.0,2.0,8.0,0.0,6.0,3.0,3.0,5.0,4.0,7.0,4.0,2.0,1.0,1.0,0.0
11580,0.0,2.0,8.0,0.0,6.0,3.0,3.0,5.0,4.0,7.0,4.0,2.0,1.0,1.0,18.0,34.0,-5.095000000000001,0.0,4.0,8.0,0.0,7.0,4.0,4.0,1.0,5.0,8.0,1.0,3.0,2.0,2.0,0.0
11581,0.0,4.0,8.0,0.0,7.0,4.0,4.0,1.0,5.0,8.0,1.0,3.0,2.0,2.0,21.0,9.0,-8.915,2.0,4.0,8.0,0.0,8.0,1.0,5.0,2.0,1.0,9.0,2.0,4.0,3.0,3.0,0.0
11582,2.0,4.0,8.0,0.0,8.0,1.0,5.0,2.0,1.0,9.0,2.0,4.0,3.0,3.0,24.0,25.0,-13.254999999999999,2.0,2.0,8.0,0.0,9.0,2.0,6.0,3.0,1.0,1.0,3.0,5.0,4.0,4.0,0.0
11583,2.0,2.0,8.0,0.0,9.0,2.0,6.0,3.0,1.0,1.0,3.0,5.0,4.0,4.0,1.0,34.0,-4.53,4.0,2.0,8.0,0.0,1.0,3.0,7.0,4.0,2.0,2.0,1.0,6.0,5.0,5.0,0.0
11584,4.0,2.0,8.0,0.0,1.0,3.0,7.0,4.0,2.0,2.0,1.0,6.0,5.0,5.0,42.0,11.0,-17.194999999999997,2.0,2.0,9.0,0.0,2.0,4.0,1.0,5.0,3.0,3.0,2.0,7.0,1.0,6.0,0.0
11585,2.0,2.0,9.0,0.0,2.0,4.0,1.0,5.0,3.0,3.0,2.0,7.0,1.0,6.0,24.0,35.0,-13.01,2.0,0.0,9.0,0.0,3.0,5.0,2.0,6.0,1.0,4.0,3.0,1.0,2.0,7.0,0.0
11586,2.0,0.0,9.0,0.0,3.0,5.0,2.0,6.0,1.0,4.0,3.0,1.0,2.0,7.0,27.0,9.0,-18.845,0.0,0.0,9.0,0.0,4.0,1.0,3.0,7.0,2.0,1.0,4.0,2.0,3.0,8.0,0.0
11587,0.0,0.0,9.0,0.0,4.0,1.0,3.0,7.0,2.0,1.0,4.0,2.0,3.0,8.0,45.0,34.0,-5.779999999999999,0.0,0.0,9.0,0.0,5.0,2.0,4.0,8.0,3.0,2.0,1.0,3.0,4.0,1.0,0.0
11588,0.0,0.0,9.0,0.0,5.0,2.0,4.0,8.0,3.0,2.0,1.0,3.0,4.0,1.0,2.0,34.0,-5.715,0.0,0.0,9.0,0.0,1.0,3.0,5.0,9.0,4.0,3.0,1.0,4.0,5.0,2.0,0.0
11589,0.0,0.0,9.0,0.0,1.0,3.0,5.0,9.0,4.0,3.0,1.0,4.0,5.0,2.0,24.0,12.0,-23.330000000000002,0.0,0.0,7.0,0.0,2.0,4.0,1.0,10.0,1.0,4.0,2.0,5.0,6.0,3.0,0.0
11590,0.0,0.0,7.0,0.0,2.0,4.0,1.0,10.0,1.0,4.0,2.0,5.0,6.0,3.0,54.0,35.0,-4.765,0.0,0.0,7.0,0.0,3.0,5.0,2.0,11.0,2.0,5.0,3.0,1.0,7.0,4.0,0.0
11591,0.0,0.0,7.0,0.0,3.0,5.0,2.0,11.0,2.0,5.0,3.0,1.0,7.0,4.0,19.0,17.0,-18.305,0.0,0.0,5.0,0.0,4.0,6.0,3.0,1.0,3.0,6.0,4.0,2.0,8.0,5.0,0.0
11592,0.0,0.0,5.0,0.0,4.0,6.0,3.0,1.0,3.0,6.0,4.0,2.0,8.0,5.0,50.0,9.0,-5.994999999999999,0.0,0.0,5.0,0.0,5.0,1.0,4.0,2.0,4.0,7.0,5.0,3.0,9.0,6.0,0.0
11593,0.0,0.0,5.0,0.0,5.0,1.0,4.0,2.0,4.0,7.0,5.0,3.0,9.0,6.0,50.0,34.0,-7.89,0.0,0.0,5.0,0.0,6.0,2.0,5.0,3.0,5.0,8.0,1.0,4.0,10.0,7.0,0.0
11594,0.0,0.0,5.0,0.0,6.0,2.0,5.0,3.0,5.0,8.0,1.0,4.0,10.0,7.0,40.0,12.0,-23.975,0.0,0.0,3.0,0.0,7.0,3.0,1.0,4.0,6.0,9.0,2.0,5.0,1.0,8.0,0.0
11595,0.0,0.0,3.0,0.0,7.0,3.0,1.0,4.0,6.0,9.0,2.0,5.0,1.0,8.0,16.0,48.0,-10.754999999999999,2.0,0.0,3.0,2.0,8.0,4.0,2.0,1.0,7.0,10.0,3.0,6.0,2.0,1.0,0.0
11596,2.0,0.0,3.0,2.0,8.0,4.0,2.0,1.0,7.0,10.0,3.0,6.0,2.0,1.0,39.0,22.0,-14.020000000000001,2.0,0.0,1.0,2.0,9.0,5.0,3.0,2.0,1.0,11.0,4.0,1.0,3.0,2.0,0.0
11597,2.0,0.0,1.0,2.0,9.0,5.0,3.0,2.0,1.0,11.0,4.0,1.0,3.0,2.0,2.0,23.0,-11.695,0.0,0.0,1.0,4.0,1.0,6.0,4.0,3.0,1.0,12.0,5.0,2.0,4.0,3.0,0.0
11598,0.0,0.0,1.0,4.0,1.0,6.0,4.0,3.0,1.0,12.0,5.0,2.0,4.0,3.0,36.0,37.0,-14.820000000000002,2.0,0.0,0.0,4.0,2.0,7.0,5.0,4.0,2.0,13.0,6.0,1.0,5.0,4.0,0.0
11599,2.0,0.0,0.0,4.0,2.0,7.0,5.0,4.0,2.0,13.0,6.0,1.0,5.0,4.0,7.0,9.0,-21.319999999999997,0.0,0.0,0.0,2.0,3.0,1.0,6.0,5.0,3.0,14.0,7.0,2.0,6.0,5.0,1.0
11600,0.0,4.0,0.0,1.0,1.0,1.0,1.0,1.0,1.0,1.0,1.0,1.0,1.0,1.0,19.0,12.0,-15.904999999999998,0.0,2.0,0.0,1.0,2.0,2.0,1.0,1.0,2.0,2.0,2.0,2.0,2.0,2.0,0.0
11601,0.0,2.0,0.0,1.0,2.0,2.0,1.0,1.0,2.0,2.0,2.0,2.0,2.0,2.0,19.0,12.0,-19.805,0.0,0.0,0.0,1.0,3.0,3.0,1.0,1.0,3.0,3.0,3.0,3.0,3.0,3.0,0.0
11602,0.0,0.0,0.0,1.0,3.0,3.0,1.0,1.0,3.0,3.0,3.0,3.0,3.0,3.0,50.0,34.0,-16.165000000000003,0.0,0.0,0.0,0.0,4.0,4.0,2.0,2.0,4.0,4.0,1.0,4.0,4.0,4.0,0.0
11603,0.0,0.0,0.0,0.0,4.0,4.0,2.0,2.0,4.0,4.0,1.0,4.0,4.0,4.0,39.0,1.0,-9.855,0.0,0.0,2.0,0.0,1.0,5.0,3.0,3.0,5.0,5.0,2.0,1.0,5.0,5.0,0.0
11604,0.0,0.0,2.0,0.0,1.0,5.0,3.0,3.0,5.0,5.0,2.0,1.0,5.0,5.0,36.0,1.0,-7.555,2.0,0.0,4.0,0.0,1.0,6.0,4.0,4.0,6.0,6.0,3.0,1.0,6.0,6.0,0.0
11605,2.0,0.0,4.0,0.0,1.0,6.0,4.0,4.0,6.0,6.0,3.0,1.0,6.0,6.0,7.0,9.0,-15.239999999999998,0.0,0.0,4.0,0.0,2.0,1.0,5.0,5.0,7.0,7.0,4.0,2.0,7.0,7.0,0.0
11606,0.0,0.0,4.0,0.0,2.0,1.0,5.0,5.0,7.0,7.0,4.0,2.0,7.0,7.0,42.0,12.0,-24.959999999999997,0.0,0.0,2.0,0.0,3.0,2.0,1.0,6.0,8.0,8.0,5.0,3.0,1.0,8.0,0.0
11607,0.0,0.0,2.0,0.0,3.0,2.0,1.0,6.0,8.0,8.0,5.0,3.0,1.0,8.0,16.0,15.0,-16.68,2.0,0.0,2.0,0.0,4.0,3.0,2.0,1.0,9.0,9.0,6.0,4.0,2.0,9.0,0.0
11608,2.0,0.0,2.0,0.0,4.0,3.0,2.0,1.0,9.0,9.0,6.0,4.0,2.0,9.0,26.0,39.0,-13.899999999999999,4.0,0.0,2.0,0.0,5.0,4.0,3.0,2.0,10.0,1.0,7.0,1.0,3.0,10.0,0.0
11609,4.0,0.0,2.0,0.0,5.0,4.0,3.0,2.0,10.0,1.0,7.0,1.0,3.0,10.0,32.0,34.0,-20.71,2.0,0.0,2.0,0.0,6.0,5.0,4.0,3.0,11.0,2.0,1.0,2.0,4.0,11.0,0.0
11610,2.0,0.0,2.0,0.0,6.0,5.0,4.0,3.0,11.0,2.0,1.0,2.0,4.0,11.0,21.0,46.0,-11.295000000000002,4.0,0.0,4.0,0.0,7.0,6.0,5.0,4.0,1.0,3.0,2.0,3.0,5.0,1.0,0.0
11611,4.0,0.0,4.0,0.0,7.0,6.0,5.0,4.0,1.0,3.0,2.0,3.0,5.0,1.0,7.0,1.0,-9.754999999999999,2.0,0.0,6.0,0.0,1.0,1.0,6.0,5.0,2.0,4.0,3.0,4.0,6.0,2.0,0.0
11612,2.0,0.0,6.0,0.0,1.0,1.0,6.0,5.0,2.0,4.0,3.0,4.0,6.0,2.0,36.0,34.0,-6.335,4.0,0.0,6.0,0.0,2.0,2.0,7.0,6.0,3.0,5.0,1.0,1.0,7.0,3.0,0.0
11613,4.0,0.0,6.0,0.0,2.0,2.0,7.0,6.0,3.0,5.0,1.0,1.0,7.0,3.0,54.0,12.0,-12.37,4.0,0.0,4.0,0.0,3.0,3.0,1.0,7.0,4.0,6.0,2.0,2.0,8.0,4.0,0.0
11614,4.0,0.0,4.0,0.0,3.0,3.0,1.0,7.0,4.0,6.0,2.0,2.0,8.0,4.0,36.0,17.0,-10.299999999999999,6.0,0.0,2.0,0.0,4.0,4.0,2.0,1.0,5.0,7.0,3.0,1.0,9.0,5.0,0.0
11615,6.0,0.0,2.0,0.0,4.0,4.0,2.0,1.0,5.0,7.0,3.0,1.0,9.0,5.0,7.0,22.0,-17.995,4.0,0.0,0.0,0.0,5.0,1.0,3.0,2.0,1.0,8.0,4.0,2.0,10.0,6.0,0.0
11616,4.0,0.0,0.0,0.0,5.0,1.0,3.0,2.0,1.0,8.0,4.0,2.0,10.0,6.0,7.0,1.0,-9.715,2.0,0.0,2.0,0.0,1.0,1.0,4.0,3.0,2.0,9.0,5.0,3.0,11.0,7.0,0.0
11617,2.0,0.0,2.0,0.0,1.0,1.0,4.0,3.0,2.0,9.0,5.0,3.0,11.0,7.0,25.0,44.0,-21.58,2.0,0.0,2.0,0.0,2.0,2.0,5.0,4.0,3.0,1.0,6.0,4.0,1.0,8.0,0.0
11618,2.0,0.0,2.0,0.0,2.0,2.0,5.0,4.0,3.0,1.0,6.0,4.0,1.0,8.0,45.0,33.0,-12.655000000000001,2.0,0.0,2.0,2.0,3.0,3.0,6.0,5.0,4.0,2.0,1.0,5.0,2.0,1.0,0.0
11619,2.0,0.0,2.0,2.0,3.0,3.0,6.0,5.0,4.0,2.0,1.0,5.0,2.0,1.0,39.0,20.0,-11.515,2.0,0.0,2.0,2.0,4.0,4.0,7.0,6.0,1.0,3.0,2.0,1.0,3.0,2.0,0.0
11620,2.0,0.0,2.0,2.0,4.0,4.0,7.0,6.0,1.0,3.0,2.0,1.0,3.0,2.0,2.0,17.0,-7.795,0.0,0.0,0.0,2.0,1.0,5.0,8.0,1.0,2.0,4.0,3.0,2.0,4.0,3.0,0.0
11621,0.0,0.0,0.0,2.0,1.0,5.0,8.0,1.0,2.0,4.0,3.0,2.0,4.0,3.0,7.0,11.0,-17.88,0.0,0.0,2.0,2.0,2.0,1.0,1.0,2.0,3.0,5.0,4.0,3.0,5.0,4.0,0.0
11622,0.0,0.0,2.0,2.0,2.0,1.0,1.0,2.0,3.0,5.0,4.0,3.0,5.0,4.0,36.0,44.0,-14.36,2.0,0.0,2.0,0.0,3.0,2.0,2.0,3.0,4.0,6.0,5.0,1.0,1.0,5.0,0.0
11623,2.0,0.0,2.0,0.0,3.0,2.0,2.0,3.0,4.0,6.0,5.0,1.0,1.0,5.0,27.0,39.0,-20.240000000000002,0.0,0.0,2.0,0.0,4.0,3.0,3.0,4.0,5.0,1.0,6.0,1.0,2.0,6.0,0.0
11624,0.0,0.0,2.0,0.0,4.0,3.0,3.0,4.0,5.0,1.0,6.0,1.0,2.0,6.0,45.0,15.0,-11.559999999999999,0.0,0.0,2.0,0.0,5.0,4.0,4.0,1.0,6.0,2.0,7.0,2.0,3.0,1.0,0.0
11625,0.0,0.0,2.0,0.0,5.0,4.0,4.0,1.0,6.0,2.0,7.0,2.0,3.0,1.0,50.0,34.0,-11.705,0.0,0.0,2.0,0.0,6.0,5.0,5.0,2.0,7.0,3.0,1.0,3.0,4.0,2.0,0.0
11626,0.0,0.0,2.0,0.0,6.0,5.0,5.0,2.0,7.0,3.0,1.0,3.0,4.0,2.0,21.0,5.0,-16.155,2.0,0.0,2.0,0.0,7.0,1.0,6.0,3.0,1.0,4.0,2.0,4.0,5.0,3.0,0.0
11627,2.0,0.0,2.0,0.0,7.0,1.0,6.0,3.0,1.0,4.0,2.0,4.0,5.0,3.0,0.0,1.0,-4.83,2.0,0.0,4.0,0.0,1.0,2.0,7.0,4.0,2.0,5.0,3.0,5.0,6.0,4.0,0.0
11628,2.0,0.0,4.0,0.0,1.0,2.0,7.0,4.0,2.0,5.0,3.0,5.0,6.0,4.0,38.0,39.0,-8.120000000000001,2.0,2.0,4.0,0.0,2.0,3.0,8.0,5.0,3.0,6.0,4.0,1.0,7.0,5.0,0.0
11629,2.0,2.0,4.0,0.0,2.0,3.0,8.0,5.0,3.0,6.0,4.0,1.0,7.0,5.0,45.0,31.0,-6.515000000000001,2.0,2.0,6.0,0.0,3.0,4.0,9.0,6.0,4.0,7.0,1.0,2.0,8.0,1.0,0.0
11630,2.0,2.0,6.0,0.0,3.0,4.0,9.0,6.0,4.0,7.0,1.0,2.0,8.0,1.0,40.0,10.0,-16.2,2.0,2.0,6.0,0.0,4.0,5.0,1.0,7.0,5.0,8.0,2.0,3.0,1.0,2.0,0.0
11631,2.0,2.0,6.0,0.0,4.0,5.0,1.0,7.0,5.0,8.0,2.0,3.0,1.0,2.0,29.0,37.0,-14.239999999999998,2.0,0.0,4.0,0.0,5.0,6.0,2.0,8.0,6.0,1.0,3.0,1.0,2.0,3.0,0.0
11632,2.0,0.0,4.0,0.0,5.0,6.0,2.0,8.0,6.0,1.0,3.0,1.0,2.0,3.0,5.0,17.0,-13.84,2.0,0.0,2.0,0.0,6.0,1.0,3.0,1.0,7.0,2.0,4.0,2.0,3.0,4.0,0.0
11633,2.0,0.0,2.0,0.0,6.0,1.0,3.0,1.0,7.0,2.0,4.0,2.0,3.0,4.0,4.0,34.0,-11.670000000000002,2.0,0.0,2.0,0.0,1.0,2.0,4.0,2.0,8.0,3.0,1.0,3.0,4.0,5.0,0.0
11634,2.0,0.0,2.0,0.0,1.0,2.0,4.0,2.0,8.0,3.0,1.0,3.0,4.0,5.0,21.0,39.0,-11.415,4.0,0.0,2.0,0.0,2.0,3.0,5.0,3.0,1.0,4.0,2.0,1.0,5.0,6.0,0.0
11635,4.0,0.0,2.0,0.0,2.0,3.0,5.0,3.0,1.0,4.0,2.0,1.0,5.0,6.0,7.0,1.0,-8.815,2.0,0.0,4.0,0.0,1.0,1.0,6.0,4.0,2.0,5.0,3.0,2.0,6.0,7.0,0.0
11636,2.0,0.0,4.0,0.0,1.0,1.0,6.0,4.0,2.0,5.0,3.0,2.0,6.0,7.0,49.0,31.0,-6.955,2.0,0.0,6.0,0.0,2.0,2.0,7.0,5.0,3.0,6.0,1.0,3.0,7.0,1.0,0.0
11637,2.0,0.0,6.0,0.0,2.0,2.0,7.0,5.0,3.0,6.0,1.0,3.0,7.0,1.0,29.0,10.0,-20.759999999999998,2.0,0.0,6.0,0.0,3.0,3.0,1.0,6.0,4.0,1.0,2.0,4.0,8.0,2.0,0.0
11638,2.0,0.0,6.0,0.0,3.0,3.0,1.0,6.0,4.0,1.0,2.0,4.0,8.0,2.0,52.0,10.0,-12.05,0.0,0.0,6.0,0.0,4.0,4.0,1.0,7.0,5.0,2.0,3.0,5.0,9.0,3.0,0.0
11639,0.0,0.0,6.0,0.0,4.0,4.0,1.0,7.0,5.0,2.0,3.0,5.0,9.0,3.0,52.0,10.0,-12.95,0.0,0.0,6.0,0.0,5.0,5.0,1.0,8.0,6.0,3.0,4.0,6.0,10.0,4.0,0.0
11640,0.0,0.0,6.0,0.0,5.0,5.0,1.0,8.0,6.0,3.0,4.0,6.0,10.0,4.0,52.0,4.0,-7.405,0.0,0.0,6.0,0.0,1.0,6.0,2.0,9.0,7.0,4.0,5.0,7.0,11.0,5.0,0.0
11641,0.0,0.0,6.0,0.0,1.0,6.0,2.0,9.0,7.0,4.0,5.0,7.0,11.0,5.0,52.0,39.0,-6.31,0.0,0.0,6.0,0.0,2.0,7.0,3.0,10.0,8.0,5.0,6.0,1.0,12.0,6.0,0.0
11642,0.0,0.0,6.0,0.0,2.0,7.0,3.0,10.0,8.0,5.0,6.0,1.0,12.0,6.0,40.0,17.0,-22.16,0.0,0.0,4.0,0.0,3.0,8.0,4.0,1.0,9.0,6.0,7.0,2.0,1.0,7.0,0.0
11643,0.0,0.0,4.0,0.0,3.0,8.0,4.0,1.0,9.0,6.0,7.0,2.0,1.0,7.0,49.0,30.0,-10.754999999999999,0.0,0.0,4.0,0.0,4.0,9.0,5.0,2.0,10.0,7.0,1.0,3.0,2.0,1.0,0.0
11644,0.0,0.0,4.0,0.0,4.0,9.0,5.0,2.0,10.0,7.0,1.0,3.0,2.0,1.0,21.0,9.0,-13.575,2.0,0.0,4.0,0.0,5.0,1.0,6.0,3.0,1.0,8.0,2.0,4.0,3.0,2.0,0.0
11645,2.0,0.0,4.0,0.0,5.0,1.0,6.0,3.0,1.0,8.0,2.0,4.0,3.0,2.0,29.0,4.0,-13.274999999999999,2.0,0.0,4.0,0.0,1.0,2.0,7.0,4.0,2.0,1.0,3.0,5.0,4.0,3.0,0.0
11646,2.0,0.0,4.0,0.0,1.0,2.0,7.0,4.0,2.0,1.0,3.0,5.0,4.0,3.0,7.0,31.0,-13.774999999999999,0.0,0.0,6.0,0.0,2.0,1.0,8.0,5.0,3.0,2.0,1.0,6.0,5.0,4.0,0.0
11647,0.0,0.0,6.0,0.0,2.0,1.0,8.0,5.0,3.0,2.0,1.0,6.0,5.0,4.0,0.0,39.0,-5.915,0.0,0.0,6.0,0.0,1.0,2.0,9.0,6.0,4.0,3.0,2.0,1.0,6.0,5.0,0.0
11648,0.0,0.0,6.0,0.0,1.0,2.0,9.0,6.0,4.0,3.0,2.0,1.0,6.0,5.0,49.0,10.0,-13.42,0.0,0.0,6.0,0.0,2.0,3.0,1.0,7.0,5.0,4.0,3.0,2.0,7.0,1.0,0.0
11649,0.0,0.0,6.0,0.0,2.0,3.0,1.0,7.0,5.0,4.0,3.0,2.0,7.0,1.0,52.0,4.0,-6.005,0.0,0.0,6.0,0.0,1.0,4.0,2.0,8.0,6.0,5.0,4.0,3.0,8.0,2.0,0.0
11650,0.0,0.0,6.0,0.0,1.0,4.0,2.0,8.0,6.0,5.0,4.0,3.0,8.0,2.0,52.0,4.0,-6.905,0.0,0.0,6.0,0.0,1.0,5.0,3.0,9.0,7.0,6.0,5.0,4.0,9.0,3.0,0.0
11651,0.0,0.0,6.0,0.0,1.0,5.0,3.0,9.0,7.0,6.0,5.0,4.0,9.0,3.0,52.0,4.0,-7.805,0.0,0.0,6.0,0.0,1.0,6.0,4.0,10.0,8.0,7.0,6.0,5.0,10.0,4.0,0.0
11652,0.0,0.0,6.0,0.0,1.0,6.0,4.0,10.0,8.0,7.0,6.0,5.0,10.0,4.0,52.0,4.0,-8.705,0.0,0.0,6.0,0.0,1.0,7.0,5.0,11.0,9.0,8.0,7.0,6.0,11.0,5.0,0.0
11653,0.0,0.0,6.0,0.0,1.0,7.0,5.0,11.0,9.0,8.0,7.0,6.0,11.0,5.0,52.0,4.0,-9.605,0.0,0.0,6.0,0.0,1.0,8.0,6.0,12.0,10.0,9.0,8.0,7.0,12.0,6.0,0.0
11654,0.0,0.0,6.0,0.0,1.0,8.0,6.0,12.0,10.0,9.0,8.0,7.0,12.0,6.0,52.0,44.0,-16.07,0.0,0.0,6.0,0.0,2.0,9.0,7.0,13.0,11.0,10.0,9.0,8.0,1.0,7.0,0.0
11655,0.0,0.0,6.0,0.0,2.0,9.0,7.0,13.0,11.0,10.0,9.0,8.0,1.0,7.0,49.0,33.0,-10.975,0.0,0.0,6.0,2.0,3.0,10.0,8.0,14.0,12.0,11.0,1.0,9.0,2.0,1.0,0.0
11656,0.0,0.0,6.0,2.0,3.0,10.0,8.0,14.0,12.0,11.0,1.0,9.0,2.0,1.0,21.0,4.0,-16.21,2.0,0.0,6.0,0.0,1.0,11.0,9.0,15.0,1.0,12.0,2.0,10.0,3.0,2.0,0.0
11657,2.0,0.0,6.0,0.0,1.0,11.0,9.0,15.0,1.0,12.0,2.0,10.0,3.0,2.0,17.0,39.0,-11.299999999999999,0.0,0.0,6.0,0.0,2.0,12.0,10.0,1.0,2.0,13.0,3.0,1.0,4.0,3.0,0.0
11658,0.0,0.0,6.0,0.0,2.0,12.0,10.0,1.0,2.0,13.0,3.0,1.0,4.0,3.0,6.0,9.0,-10.48,2.0,0.0,6.0,0.0,3.0,1.0,11.0,2.0,3.0,14.0,4.0,2.0,5.0,4.0,0.0
11659,2.0,0.0,6.0,0.0,3.0,1.0,11.0,2.0,3.0,14.0,4.0,2.0,5.0,4.0,10.0,26.0,-17.659999999999997,2.0,0.0,8.0,0.0,4.0,2.0,1.0,3.0,4.0,1.0,5.0,3.0,6.0,5.0,0.0
11660,2.0,0.0,8.0,0.0,4.0,2.0,1.0,3.0,4.0,1.0,5.0,3.0,6.0,5.0,4.0,34.0,-4.43,2.0,0.0,8.0,0.0,1.0,3.0,2.0,4.0,5.0,2.0,1.0,4.0,7.0,6.0,0.0
11661,2.0,0.0,8.0,0.0,1.0,3.0,2.0,4.0,5.0,2.0,1.0,4.0,7.0,6.0,49.0,39.0,-5.98,2.0,0.0,8.0,0.0,2.0,4.0,3.0,5.0,6.0,3.0,2.0,1.0,8.0,1.0,0.0
11662,2.0,0.0,8.0,0.0,2.0,4.0,3.0,5.0,6.0,3.0,2.0,1.0,8.0,1.0,41.0,22.0,-15.034999999999998,4.0,0.0,6.0,0.0,3.0,5.0,4.0,6.0,1.0,4.0,3.0,2.0,1.0,2.0,0.0
11663,4.0,0.0,6.0,0.0,3.0,5.0,4.0,6.0,1.0,4.0,3.0,2.0,1.0,2.0,29.0,39.0,-10.319999999999999,4.0,0.0,6.0,0.0,4.0,6.0,5.0,7.0,2.0,1.0,4.0,1.0,2.0,3.0,0.0
11664,4.0,0.0,6.0,0.0,4.0,6.0,5.0,7.0,2.0,1.0,4.0,1.0,2.0,3.0,29.0,33.0,-12.215,4.0,0.0,6.0,2.0,5.0,7.0,6.0,8.0,3.0,1.0,1.0,2.0,3.0,4.0,0.0
11665,4.0,0.0,6.0,2.0,5.0,7.0,6.0,8.0,3.0,1.0,1.0,2.0,3.0,4.0,49.0,17.0,-10.0,4.0,0.0,4.0,2.0,6.0,8.0,7.0,1.0,4.0,2.0,2.0,3.0,4.0,1.0,0.0
11666,4.0,0.0,4.0,2.0,6.0,8.0,7.0,1.0,4.0,2.0,2.0,3.0,4.0,1.0,7.0,22.0,-13.674999999999999,2.0,0.0,2.0,2.0,7.0,1.0,8.0,2.0,1.0,3.0,3.0,4.0,5.0,2.0,0.0
11667,2.0,0.0,2.0,2.0,7.0,1.0,8.0,2.0,1.0,3.0,3.0,4.0,5.0,2.0,4.0,10.0,-10.075,2.0,0.0,2.0,2.0,1.0,2.0,1.0,3.0,2.0,4.0,4.0,5.0,6.0,3.0,0.0
11668,2.0,0.0,2.0,2.0,1.0,2.0,1.0,3.0,2.0,4.0,4.0,5.0,6.0,3.0,7.0,39.0,-14.56,0.0,0.0,2.0,0.0,2.0,1.0,2.0,4.0,3.0,5.0,5.0,1.0,7.0,4.0,0.0
11669,0.0,0.0,2.0,0.0,2.0,1.0,2.0,4.0,3.0,5.0,5.0,1.0,7.0,4.0,41.0,47.0,-13.84,2.0,0.0,0.0,0.0,3.0,2.0,3.0,5.0,4.0,6.0,6.0,2.0,1.0,1.0,0.0
11670,2.0,0.0,0.0,0.0,3.0,2.0,3.0,5.0,4.0,6.0,6.0,2.0,1.0,1.0,29.0,4.0,-14.714999999999998,2.0,0.0,0.0,0.0,1.0,3.0,4.0,6.0,5.0,1.0,7.0,3.0,2.0,2.0,0.0
11671,2.0,0.0,0.0,0.0,1.0,3.0,4.0,6.0,5.0,1.0,7.0,3.0,2.0,2.0,33.0,33.0,-24.470000000000002,2.0,2.0,0.0,2.0,2.0,4.0,5.0,7.0,6.0,2.0,1.0,4.0,3.0,3.0,0.0
11672,2.0,2.0,0.0,2.0,2.0,4.0,5.0,7.0,6.0,2.0,1.0,4.0,3.0,3.0,21.0,18.0,-7.274999999999999,4.0,2.0,0.0,4.0,3.0,5.0,6.0,1.0,1.0,3.0,2.0,5.0,4.0,4.0,0.0
11673,4.0,2.0,0.0,4.0,3.0,5.0,6.0,1.0,1.0,3.0,2.0,5.0,4.0,4.0,7.0,47.0,-8.459999999999999,2.0,2.0,0.0,4.0,4.0,1.0,7.0,2.0,2.0,4.0,3.0,6.0,5.0,1.0,0.0
11674,2.0,2.0,0.0,4.0,4.0,1.0,7.0,2.0,2.0,4.0,3.0,6.0,5.0,1.0,10.0,13.0,-16.2,2.0,2.0,0.0,6.0,5.0,2.0,1.0,3.0,3.0,5.0,4.0,7.0,6.0,2.0,0.0
11675,2.0,2.0,0.0,6.0,5.0,2.0,1.0,3.0,3.0,5.0,4.0,7.0,6.0,2.0,39.0,4.0,-9.334999999999999,2.0,0.0,0.0,4.0,1.0,3.0,2.0,4.0,4.0,6.0,5.0,1.0,7.0,3.0,0.0
11676,2.0,0.0,0.0,4.0,1.0,3.0,2.0,4.0,4.0,6.0,5.0,1.0,7.0,3.0,32.0,17.0,-17.495,0.0,0.0,0.0,4.0,2.0,4.0,3.0,1.0,5.0,7.0,1.0,2.0,8.0,4.0,0.0
11677,0.0,0.0,0.0,4.0,2.0,4.0,3.0,1.0,5.0,7.0,1.0,2.0,8.0,4.0,40.0,22.0,-21.534999999999997,0.0,0.0,0.0,4.0,3.0,5.0,4.0,2.0,1.0,8.0,2.0,3.0,1.0,5.0,0.0
11678,0.0,0.0,0.0,4.0,3.0,5.0,4.0,2.0,1.0,8.0,2.0,3.0,1.0,5.0,49.0,49.0,-7.0,0.0,0.0,0.0,2.0,4.0,6.0,5.0,3.0,2.0,9.0,3.0,4.0,2.0,1.0,0.0
11679,0.0,0.0,0.0,2.0,4.0,6.0,5.0,3.0,2.0,9.0,3.0,4.0,2.0,1.0,29.0,4.0,-19.255000000000003,0.0,0.0,0.0,0.0,1.0,7.0,6.0,4.0,3.0,1.0,4.0,5.0,3.0,2.0,0.0
11680,0.0,0.0,0.0,0.0,1.0,7.0,6.0,4.0,3.0,1.0,4.0,5.0,3.0,2.0,17.0,33.0,-22.555000000000003,0.0,0.0,0.0,2.0,2.0,8.0,7.0,1.0,4.0,2.0,1.0,6.0,4.0,3.0,0.0
11681,0.0,0.0,0.0,2.0,2.0,8.0,7.0,1.0,4.0,2.0,1.0,6.0,4.0,3.0,49.0,14.0,-19.3,0.0,0.0,0.0,0.0,3.0,9.0,1.0,2.0,5.0,3.0,2.0,7.0,5.0,1.0,0.0
11682,0.0,0.0,0.0,0.0,3.0,9.0,1.0,2.0,5.0,3.0,2.0,7.0,5.0,1.0,39.0,9.0,-17.459999999999997,0.0,0.0,0.0,0.0,4.0,1.0,2.0,3.0,6.0,4.0,3.0,1.0,6.0,2.0,0.0
11683,0.0,0.0,0.0,0.0,4.0,1.0,2.0,3.0,6.0,4.0,3.0,1.0,6.0,2.0,16.0,4.0,-11.094999999999999,2.0,0.0,0.0,0.0,1.0,2.0,3.0,1.0,7.0,5.0,4.0,2.0,7.0,3.0,0.0
11684,2.0,0.0,0.0,0.0,1.0,2.0,3.0,1.0,7.0,5.0,4.0,2.0,7.0,3.0,32.0,22.0,-27.89,0.0,0.0,0.0,0.0,2.0,3.0,4.0,2.0,1.0,6.0,1.0,3.0,8.0,4.0,0.0
11685,0.0,0.0,0.0,0.0,2.0,3.0,4.0,2.0,1.0,6.0,1.0,3.0,8.0,4.0,40.0,47.0,-15.599999999999998,0.0,0.0,0.0,0.0,3.0,4.0,5.0,3.0,2.0,7.0,2.0,4.0,1.0,1.0,0.0
11686,0.0,0.0,0.0,0.0,3.0,4.0,5.0,3.0,2.0,7.0,2.0,4.0,1.0,1.0,29.0,4.0,-18.855,0.0,0.0,0.0,0.0,1.0,5.0,6.0,4.0,3.0,1.0,3.0,5.0,2.0,2.0,0.0
11687,0.0,0.0,0.0,0.0,1.0,5.0,6.0,4.0,3.0,1.0,3.0,5.0,2.0,2.0,17.0,33.0,-22.255000000000003,0.0,0.0,0.0,2.0,2.0,6.0,7.0,1.0,4.0,2.0,1.0,6.0,3.0,3.0,0.0
11688,0.0,0.0,0.0,2.0,2.0,6.0,7.0,1.0,4.0,2.0,1.0,6.0,3.0,3.0,49.0,47.0,-7.3,0.0,0.0,0.0,2.0,3.0,7.0,8.0,2.0,5.0,3.0,2.0,7.0,4.0,1.0,0.0
11689,0.0,0.0,0.0,2.0,3.0,7.0,8.0,2.0,5.0,3.0,2.0,7.0,4.0,1.0,39.0,5.0,-17.44,0.0,0.0,0.0,2.0,4.0,1.0,9.0,3.0,6.0,4.0,3.0,1.0,5.0,2.0,0.0
11690,0.0,0.0,0.0,2.0,4.0,1.0,9.0,3.0,6.0,4.0,3.0,1.0,5.0,2.0,41.0,47.0,-13.399999999999999,2.0,0.0,0.0,2.0,5.0,2.0,10.0,4.0,7.0,5.0,4.0,2.0,1.0,1.0,0.0
11691,2.0,0.0,0.0,2.0,5.0,2.0,10.0,4.0,7.0,5.0,4.0,2.0,1.0,1.0,21.0,4.0,-11.030000000000001,4.0,0.0,0.0,0.0,1.0,3.0,11.0,5.0,1.0,6.0,5.0,3.0,2.0,2.0,0.0
11692,4.0,0.0,0.0,0.0,1.0,3.0,11.0,5.0,1.0,6.0,5.0,3.0,2.0,2.0,23.0,13.0,-16.254999999999995,4.0,2.0,0.0,2.0,2.0,4.0,1.0,6.0,1.0,7.0,6.0,4.0,3.0,3.0,0.0
11693,4.0,2.0,0.0,2.0,2.0,4.0,1.0,6.0,1.0,7.0,6.0,4.0,3.0,3.0,29.0,19.0,-15.799999999999999,4.0,0.0,0.0,0.0,3.0,5.0,2.0,1.0,2.0,1.0,7.0,5.0,4.0,4.0,0.0
11694,4.0,0.0,0.0,0.0,3.0,5.0,2.0,1.0,2.0,1.0,7.0,5.0,4.0,4.0,32.0,30.0,-24.470000000000002,2.0,0.0,0.0,0.0,4.0,6.0,3.0,2.0,3.0,2.0,1.0,6.0,5.0,5.0,0.0
11695,2.0,0.0,0.0,0.0,4.0,6.0,3.0,2.0,3.0,2.0,1.0,6.0,5.0,5.0,49.0,47.0,-7.92,2.0,0.0,0.0,0.0,5.0,7.0,4.0,3.0,4.0,3.0,2.0,7.0,6.0,1.0,0.0
11696,2.0,0.0,0.0,0.0,5.0,7.0,4.0,3.0,4.0,3.0,2.0,7.0,6.0,1.0,39.0,4.0,-8.495000000000001,2.0,0.0,0.0,0.0,1.0,8.0,5.0,4.0,5.0,4.0,3.0,1.0,7.0,2.0,0.0
11697,2.0,0.0,0.0,0.0,1.0,8.0,5.0,4.0,5.0,4.0,3.0,1.0,7.0,2.0,40.0,9.0,-20.24,2.0,0.0,0.0,0.0,2.0,1.0,6.0,5.0,6.0,5.0,4.0,2.0,1.0,3.0,0.0
11698,2.0,0.0,0.0,0.0,2.0,1.0,6.0,5.0,6.0,5.0,4.0,2.0,1.0,3.0,16.0,15.0,-17.02,4.0,0.0,0.0,0.0,3.0,2.0,7.0,1.0,7.0,6.0,5.0,3.0,2.0,4.0,0.0
11699,4.0,0.0,0.0,0.0,3.0,2.0,7.0,1.0,7.0,6.0,5.0,3.0,2.0,4.0,32.0,20.0,-23.330000000000002,2.0,0.0,0.0,0.0,4.0,3.0,8.0,2.0,1.0,7.0,1.0,4.0,3.0,5.0,1.0
11700,6.0,0.0,0.0,4.0,1.0,1.0,1.0,1.0,1.0,1.0,1.0,1.0,1.0,1.0,32.0,19.0,-8.774999999999999,4.0,0.0,0.0,2.0,2.0,2.0,2.0,1.0,2.0,2.0,1.0,2.0,2.0,2.0,0.0
11701,4.0,0.0,0.0,2.0,2.0,2.0,2.0,1.0,2.0,2.0,1.0,2.0,2.0,2.0,37.0,19.0,-11.18,2.0,0.0,0.0,0.0,3.0,3.0,3.0,1.0,3.0,3.0,2.0,1.0,3.0,3.0,0.0
11702,2.0,0.0,0.0,0.0,3.0,3.0,3.0,1.0,3.0,3.0,2.0,1.0,3.0,3.0,13.0,45.0,-11.58,2.0,2.0,0.0,0.0,4.0,4.0,1.0,2.0,4.0,4.0,3.0,2.0,4.0,1.0,0.0
11703,2.0,2.0,0.0,0.0,4.0,4.0,1.0,2.0,4.0,4.0,3.0,2.0,4.0,1.0,50.0,4.0,-5.205,2.0,2.0,0.0,0.0,1.0,5.0,2.0,3.0,5.0,5.0,4.0,3.0,5.0,2.0,0.0
11704,2.0,2.0,0.0,0.0,1.0,5.0,2.0,3.0,5.0,5.0,4.0,3.0,5.0,2.0,20.0,16.0,-15.015,2.0,2.0,2.0,0.0,2.0,6.0,3.0,1.0,1.0,6.0,5.0,4.0,6.0,3.0,0.0
11705,2.0,2.0,2.0,0.0,2.0,6.0,3.0,1.0,1.0,6.0,5.0,4.0,6.0,3.0,40.0,9.0,-12.799999999999999,2.0,2.0,2.0,0.0,3.0,1.0,4.0,2.0,2.0,7.0,6.0,5.0,1.0,4.0,0.0
11706,2.0,2.0,2.0,0.0,3.0,1.0,4.0,2.0,2.0,7.0,6.0,5.0,1.0,4.0,32.0,30.0,-24.67,0.0,2.0,2.0,0.0,4.0,2.0,5.0,3.0,3.0,8.0,1.0,6.0,2.0,5.0,0.0
11707,0.0,2.0,2.0,0.0,4.0,2.0,5.0,3.0,3.0,8.0,1.0,6.0,2.0,5.0,16.0,47.0,-9.059999999999999,2.0,2.0,0.0,0.0,5.0,3.0,6.0,1.0,4.0,9.0,2.0,7.0,3.0,1.0,0.0
11708,2.0,2.0,0.0,0.0,5.0,3.0,6.0,1.0,4.0,9.0,2.0,7.0,3.0,1.0,26.0,4.0,-9.434999999999999,4.0,2.0,0.0,0.0,1.0,4.0,7.0,2.0,5.0,1.0,3.0,8.0,4.0,2.0,0.0
11709,4.0,2.0,0.0,0.0,1.0,4.0,7.0,2.0,5.0,1.0,3.0,8.0,4.0,2.0,10.0,5.0,-16.62,4.0,2.0,0.0,0.0,2.0,1.0,1.0,3.0,6.0,2.0,4.0,9.0,5.0,3.0,0.0
11710,4.0,2.0,0.0,0.0,2.0,1.0,1.0,3.0,6.0,2.0,4.0,9.0,5.0,3.0,39.0,39.0,-10.52,4.0,0.0,0.0,0.0,3.0,2.0,2.0,4.0,7.0,3.0,5.0,1.0,6.0,4.0,0.0
11711,4.0,0.0,0.0,0.0,3.0,2.0,2.0,4.0,7.0,3.0,5.0,1.0,6.0,4.0,32.0,15.0,-17.595,2.0,0.0,0.0,0.0,4.0,3.0,3.0,1.0,8.0,4.0,1.0,2.0,7.0,5.0,0.0
11712,2.0,0.0,0.0,0.0,4.0,3.0,3.0,1.0,8.0,4.0,1.0,2.0,7.0,5.0,16.0,46.0,-12.880000000000003,4.0,0.0,2.0,0.0,5.0,4.0,4.0,1.0,9.0,5.0,2.0,3.0,8.0,1.0,0.0
11713,4.0,0.0,2.0,0.0,5.0,4.0,4.0,1.0,9.0,5.0,2.0,3.0,8.0,1.0,24.0,22.0,-21.35,4.0,0.0,0.0,0.0,6.0,5.0,5.0,2.0,1.0,6.0,3.0,4.0,9.0,2.0,0.0
11714,4.0,0.0,0.0,0.0,6.0,5.0,5.0,2.0,1.0,6.0,3.0,4.0,9.0,2.0,40.0,4.0,-13.254999999999999,4.0,0.0,0.0,0.0,1.0,6.0,6.0,3.0,2.0,7.0,4.0,5.0,1.0,3.0,0.0
11715,4.0,0.0,0.0,0.0,1.0,6.0,6.0,3.0,2.0,7.0,4.0,5.0,1.0,3.0,26.0,45.0,-10.62,6.0,0.0,0.0,0.0,2.0,7.0,7.0,4.0,3.0,1.0,5.0,6.0,2.0,1.0,0.0
11716,6.0,0.0,0.0,0.0,2.0,7.0,7.0,4.0,3.0,1.0,5.0,6.0,2.0,1.0,33.0,6.0,-9.955,6.0,2.0,2.0,0.0,3.0,1.0,8.0,5.0,4.0,2.0,1.0,7.0,3.0,2.0,0.0
11717,6.0,2.0,2.0,0.0,3.0,1.0,8.0,5.0,4.0,2.0,1.0,7.0,3.0,2.0,24.0,37.0,-13.575,6.0,0.0,0.0,0.0,4.0,2.0,9.0,6.0,1.0,3.0,2.0,1.0,4.0,3.0,0.0
11718,6.0,0.0,0.0,0.0,4.0,2.0,9.0,6.0,1.0,3.0,2.0,1.0,4.0,3.0,2.0,15.0,-9.855,4.0,0.0,0.0,0.0,1.0,3.0,10.0,1.0,2.0,4.0,3.0,2.0,5.0,4.0,0.0
11719,4.0,0.0,0.0,0.0,1.0,3.0,10.0,1.0,2.0,4.0,3.0,2.0,5.0,4.0,10.0,13.0,-21.479999999999997,4.0,0.0,0.0,2.0,2.0,4.0,1.0,2.0,3.0,5.0,4.0,3.0,6.0,5.0,0.0
11720,4.0,0.0,0.0,2.0,2.0,4.0,1.0,2.0,3.0,5.0,4.0,3.0,6.0,5.0,32.0,45.0,-12.435,2.0,0.0,0.0,2.0,3.0,5.0,2.0,3.0,4.0,6.0,1.0,4.0,7.0,1.0,0.0
11721,2.0,0.0,0.0,2.0,3.0,5.0,2.0,3.0,4.0,6.0,1.0,4.0,7.0,1.0,39.0,4.0,-8.395,2.0,0.0,0.0,0.0,1.0,6.0,3.0,4.0,5.0,7.0,2.0,1.0,8.0,2.0,0.0
11722,2.0,0.0,0.0,0.0,1.0,6.0,3.0,4.0,5.0,7.0,2.0,1.0,8.0,2.0,40.0,9.0,-20.24,2.0,0.0,0.0,0.0,2.0,1.0,4.0,5.0,6.0,8.0,3.0,2.0,1.0,3.0,0.0
11723,2.0,0.0,0.0,0.0,2.0,1.0,4.0,5.0,6.0,8.0,3.0,2.0,1.0,3.0,16.0,28.0,-21.799999999999997,4.0,0.0,0.0,2.0,3.0,2.0,5.0,1.0,7.0,1.0,4.0,3.0,2.0,4.0,0.0
11724,4.0,0.0,0.0,2.0,3.0,2.0,5.0,1.0,7.0,1.0,4.0,3.0,2.0,4.0,13.0,20.0,-316.79499999999996,4.0,2.0,0.0,2.0,4.0,3.0,1.0,2.0,1.0,2.0,5.0,4.0,3.0,5.0,0.0
11725,4.0,2.0,0.0,2.0,4.0,3.0,1.0,2.0,1.0,2.0,5.0,4.0,3.0,5.0,9.0,15.0,-8.46,4.0,0.0,0.0,2.0,5.0,1.0,2.0,1.0,2.0,3.0,6.0,5.0,4.0,6.0,0.0
11726,4.0,0.0,0.0,2.0,5.0,1.0,2.0,1.0,2.0,3.0,6.0,5.0,4.0,6.0,32.0,47.0,-12.135000000000002,2.0,0.0,0.0,2.0,6.0,2.0,3.0,2.0,3.0,4.0,1.0,6.0,5.0,1.0,0.0
11727,2.0,0.0,0.0,2.0,6.0,2.0,3.0,2.0,3.0,4.0,1.0,6.0,5.0,1.0,39.0,4.0,-7.595000000000001,2.0,0.0,0.0,0.0,1.0,3.0,4.0,3.0,4.0,5.0,2.0,1.0,6.0,2.0,0.0
11728,2.0,0.0,0.0,0.0,1.0,3.0,4.0,3.0,4.0,5.0,2.0,1.0,6.0,2.0,40.0,15.0,-17.459999999999997,2.0,0.0,0.0,0.0,2.0,4.0,5.0,1.0,5.0,6.0,3.0,2.0,1.0,3.0,0.0
11729,2.0,0.0,0.0,0.0,2.0,4.0,5.0,1.0,5.0,6.0,3.0,2.0,1.0,3.0,13.0,25.0,-23.560000000000002,2.0,2.0,0.0,0.0,3.0,5.0,1.0,2.0,6.0,1.0,4.0,3.0,2.0,4.0,0.0
11730,2.0,2.0,0.0,0.0,3.0,5.0,1.0,2.0,6.0,1.0,4.0,3.0,2.0,4.0,13.0,15.0,-13.719999999999999,2.0,4.0,0.0,0.0,4.0,6.0,1.0,1.0,7.0,2.0,5.0,4.0,3.0,5.0,0.0
11731,2.0,4.0,0.0,0.0,4.0,6.0,1.0,1.0,7.0,2.0,5.0,4.0,3.0,5.0,13.0,15.0,-13.28,2.0,6.0,0.0,0.0,5.0,7.0,1.0,1.0,8.0,3.0,6.0,5.0,4.0,6.0,0.0
11732,2.0,6.0,0.0,0.0,5.0,7.0,1.0,1.0,8.0,3.0,6.0,5.0,4.0,6.0,13.0,15.0,-14.08,2.0,8.0,0.0,0.0,6.0,8.0,1.0,1.0,9.0,4.0,7.0,6.0,5.0,7.0,0.0
11733,2.0,8.0,0.0,0.0,6.0,8.0,1.0,1.0,9.0,4.0,7.0,6.0,5.0,7.0,13.0,15.0,-15.344999999999999,2.0,9.0,0.0,0.0,7.0,9.0,1.0,1.0,10.0,5.0,8.0,7.0,6.0,8.0,0.0
11734,2.0,9.0,0.0,0.0,7.0,9.0,1.0,1.0,10.0,5.0,8.0,7.0,6.0,8.0,13.0,15.0,-16.145,2.0,9.0,0.0,0.0,8.0,10.0,1.0,1.0,11.0,6.0,9.0,8.0,7.0,9.0,0.0
11735,2.0,9.0,0.0,0.0,8.0,10.0,1.0,1.0,11.0,6.0,9.0,8.0,7.0,9.0,13.0,15.0,-16.945,2.0,9.0,0.0,0.0,9.0,11.0,1.0,1.0,12.0,7.0,10.0,9.0,8.0,10.0,0.0
11736,2.0,9.0,0.0,0.0,9.0,11.0,1.0,1.0,12.0,7.0,10.0,9.0,8.0,10.0,13.0,15.0,-17.744999999999997,2.0,9.0,0.0,0.0,10.0,12.0,1.0,1.0,13.0,8.0,11.0,10.0,9.0,11.0,0.0
11737,2.0,9.0,0.0,0.0,10.0,12.0,1.0,1.0,13.0,8.0,11.0,10.0,9.0,11.0,13.0,15.0,-18.545,2.0,9.0,0.0,0.0,11.0,13.0,1.0,1.0,14.0,9.0,12.0,11.0,10.0,12.0,0.0
11738,2.0,9.0,0.0,0.0,11.0,13.0,1.0,1.0,14.0,9.0,12.0,11.0,10.0,12.0,44.0,46.0,-10.524999999999999,2.0,7.0,2.0,0.0,12.0,14.0,2.0,2.0,15.0,10.0,13.0,12.0,1.0,1.0,0.0
11739,2.0,7.0,2.0,0.0,12.0,14.0,2.0,2.0,15.0,10.0,13.0,12.0,1.0,1.0,50.0,7.0,-16.169999999999998,2.0,7.0,0.0,0.0,13.0,1.0,3.0,3.0,16.0,11.0,14.0,13.0,2.0,2.0,0.0
11740,2.0,7.0,0.0,0.0,13.0,1.0,3.0,3.0,16.0,11.0,14.0,13.0,2.0,2.0,50.0,39.0,-13.39,2.0,7.0,0.0,0.0,14.0,2.0,4.0,4.0,17.0,12.0,15.0,1.0,3.0,3.0,0.0
11741,2.0,7.0,0.0,0.0,14.0,2.0,4.0,4.0,17.0,12.0,15.0,1.0,3.0,3.0,22.0,15.0,-20.659999999999997,0.0,7.0,0.0,0.0,15.0,3.0,5.0,1.0,1.0,13.0,16.0,2.0,4.0,4.0,0.0
11742,0.0,7.0,0.0,0.0,15.0,3.0,5.0,1.0,1.0,13.0,16.0,2.0,4.0,4.0,50.0,54.0,-7.4,0.0,7.0,0.0,0.0,16.0,4.0,6.0,2.0,2.0,14.0,17.0,3.0,5.0,5.0,0.0
11743,0.0,7.0,0.0,0.0,16.0,4.0,6.0,2.0,2.0,14.0,17.0,3.0,5.0,5.0,50.0,54.0,-8.4,0.0,7.0,0.0,0.0,17.0,5.0,7.0,3.0,3.0,15.0,18.0,4.0,6.0,6.0,0.0
11744,0.0,7.0,0.0,0.0,17.0,5.0,7.0,3.0,3.0,15.0,18.0,4.0,6.0,6.0,50.0,54.0,-9.4,0.0,7.0,0.0,0.0,18.0,6.0,8.0,4.0,4.0,16.0,19.0,5.0,7.0,7.0,0.0
11745,0.0,7.0,0.0,0.0,18.0,6.0,8.0,4.0,4.0,16.0,19.0,5.0,7.0,7.0,50.0,15.0,-15.89,0.0,7.0,0.0,0.0,19.0,7.0,9.0,1.0,5.0,17.0,20.0,6.0,8.0,8.0,0.0
11746,0.0,7.0,0.0,0.0,19.0,7.0,9.0,1.0,5.0,17.0,20.0,6.0,8.0,8.0,50.0,54.0,-11.0,0.0,7.0,0.0,0.0,20.0,8.0,10.0,2.0,6.0,18.0,21.0,7.0,9.0,9.0,0.0
11747,0.0,7.0,0.0,0.0,20.0,8.0,10.0,2.0,6.0,18.0,21.0,7.0,9.0,9.0,50.0,15.0,-17.69,0.0,7.0,0.0,0.0,21.0,9.0,11.0,1.0,7.0,19.0,22.0,8.0,10.0,10.0,0.0
11748,0.0,7.0,0.0,0.0,21.0,9.0,11.0,1.0,7.0,19.0,22.0,8.0,10.0,10.0,50.0,39.0,-17.89,0.0,7.0,0.0,0.0,22.0,10.0,12.0,2.0,8.0,20.0,23.0,1.0,11.0,11.0,0.0
11749,0.0,7.0,0.0,0.0,22.0,10.0,12.0,2.0,8.0,20.0,23.0,1.0,11.0,11.0,49.0,15.0,-18.985,0.0,5.0,0.0,0.0,23.0,11.0,13.0,1.0,9.0,21.0,24.0,2.0,12.0,1.0,0.0
11750,0.0,5.0,0.0,0.0,23.0,11.0,13.0,1.0,9.0,21.0,24.0,2.0,12.0,1.0,40.0,4.0,-14.159999999999998,0.0,5.0,0.0,0.0,1.0,12.0,14.0,2.0,10.0,22.0,25.0,3.0,1.0,2.0,0.0
11751,0.0,5.0,0.0,0.0,1.0,12.0,14.0,2.0,10.0,22.0,25.0,3.0,1.0,2.0,32.0,28.0,-32.16,0.0,5.0,0.0,2.0,2.0,13.0,15.0,3.0,11.0,1.0,1.0,4.0,2.0,3.0,0.0
11752,0.0,5.0,0.0,2.0,2.0,13.0,15.0,3.0,11.0,1.0,1.0,4.0,2.0,3.0,13.0,14.0,-24.064999999999998,0.0,7.0,0.0,0.0,3.0,14.0,1.0,4.0,12.0,2.0,2.0,5.0,3.0,4.0,0.0
11753,0.0,7.0,0.0,0.0,3.0,14.0,1.0,4.0,12.0,2.0,2.0,5.0,3.0,4.0,13.0,9.0,-19.225,0.0,9.0,0.0,0.0,4.0,1.0,1.0,5.0,13.0,3.0,3.0,6.0,4.0,5.0,0.0
11754,0.0,9.0,0.0,0.0,4.0,1.0,1.0,5.0,13.0,3.0,3.0,6.0,4.0,5.0,16.0,15.0,-12.594999999999999,2.0,9.0,0.0,0.0,5.0,2.0,2.0,1.0,14.0,4.0,4.0,7.0,5.0,6.0,0.0
11755,2.0,9.0,0.0,0.0,5.0,2.0,2.0,1.0,14.0,4.0,4.0,7.0,5.0,6.0,24.0,15.0,-15.04,2.0,7.0,0.0,0.0,6.0,3.0,3.0,1.0,1.0,5.0,5.0,8.0,6.0,7.0,0.0
11756,2.0,7.0,0.0,0.0,6.0,3.0,3.0,1.0,1.0,5.0,5.0,8.0,6.0,7.0,44.0,36.0,-8.285,2.0,5.0,2.0,0.0,7.0,4.0,4.0,2.0,2.0,6.0,6.0,1.0,1.0,8.0,0.0
11757,2.0,5.0,2.0,0.0,7.0,4.0,4.0,2.0,2.0,6.0,6.0,1.0,1.0,8.0,49.0,15.0,-10.145,2.0,3.0,2.0,0.0,8.0,5.0,5.0,1.0,3.0,7.0,7.0,2.0,2.0,1.0,0.0
11758,2.0,3.0,2.0,0.0,8.0,5.0,5.0,1.0,3.0,7.0,7.0,2.0,2.0,1.0,50.0,39.0,-7.69,2.0,3.0,2.0,0.0,9.0,6.0,6.0,2.0,4.0,8.0,8.0,1.0,3.0,2.0,0.0
11759,2.0,3.0,2.0,0.0,9.0,6.0,6.0,2.0,4.0,8.0,8.0,1.0,3.0,2.0,50.0,24.0,-13.405000000000001,2.0,3.0,2.0,0.0,10.0,7.0,7.0,3.0,1.0,9.0,9.0,2.0,4.0,3.0,0.0
11760,2.0,3.0,2.0,0.0,10.0,7.0,7.0,3.0,1.0,9.0,9.0,2.0,4.0,3.0,50.0,39.0,-9.09,2.0,3.0,2.0,0.0,11.0,8.0,8.0,4.0,2.0,10.0,10.0,1.0,5.0,4.0,0.0
11761,2.0,3.0,2.0,0.0,11.0,8.0,8.0,4.0,2.0,10.0,10.0,1.0,5.0,4.0,50.0,37.0,-13.09,2.0,3.0,0.0,0.0,12.0,9.0,9.0,5.0,3.0,11.0,11.0,1.0,6.0,5.0,0.0
11762,2.0,3.0,0.0,0.0,12.0,9.0,9.0,5.0,3.0,11.0,11.0,1.0,6.0,5.0,49.0,1.0,-7.74,2.0,1.0,2.0,0.0,1.0,10.0,10.0,6.0,4.0,12.0,12.0,2.0,7.0,1.0,0.0
11763,2.0,1.0,2.0,0.0,1.0,10.0,10.0,6.0,4.0,12.0,12.0,2.0,7.0,1.0,34.0,9.0,-17.855,2.0,0.0,2.0,0.0,2.0,1.0,11.0,7.0,5.0,13.0,1.0,3.0,8.0,2.0,0.0
11764,2.0,0.0,2.0,0.0,2.0,1.0,11.0,7.0,5.0,13.0,1.0,3.0,8.0,2.0,10.0,37.0,-21.019999999999996,2.0,0.0,0.0,0.0,3.0,2.0,1.0,8.0,6.0,14.0,2.0,1.0,9.0,3.0,0.0
11765,2.0,0.0,0.0,0.0,3.0,2.0,1.0,8.0,6.0,14.0,2.0,1.0,9.0,3.0,16.0,15.0,-18.119999999999997,4.0,0.0,0.0,0.0,4.0,3.0,2.0,1.0,7.0,15.0,3.0,2.0,10.0,4.0,0.0
11766,4.0,0.0,0.0,0.0,4.0,3.0,2.0,1.0,7.0,15.0,3.0,2.0,10.0,4.0,25.0,24.0,-22.034999999999997,4.0,0.0,0.0,0.0,5.0,4.0,3.0,2.0,1.0,1.0,4.0,3.0,11.0,5.0,0.0
11767,4.0,0.0,0.0,0.0,5.0,4.0,3.0,2.0,1.0,1.0,4.0,3.0,11.0,5.0,44.0,42.0,-21.779999999999998,4.0,0.0,0.0,0.0,6.0,5.0,4.0,3.0,2.0,2.0,5.0,4.0,1.0,6.0,0.0
11768,4.0,0.0,0.0,0.0,6.0,5.0,4.0,3.0,2.0,2.0,5.0,4.0,1.0,6.0,7.0,39.0,-14.44,2.0,0.0,0.0,0.0,7.0,1.0,5.0,4.0,3.0,3.0,6.0,1.0,2.0,7.0,0.0
11769,2.0,0.0,0.0,0.0,7.0,1.0,5.0,4.0,3.0,3.0,6.0,1.0,2.0,7.0,28.0,15.0,-17.22,2.0,2.0,0.0,0.0,8.0,2.0,6.0,1.0,4.0,1.0,7.0,2.0,3.0,8.0,0.0
11770,2.0,2.0,0.0,0.0,8.0,2.0,6.0,1.0,4.0,1.0,7.0,2.0,3.0,8.0,49.0,46.0,-7.5,2.0,0.0,2.0,0.0,9.0,3.0,7.0,2.0,5.0,2.0,8.0,3.0,4.0,1.0,0.0
11771,2.0,0.0,2.0,0.0,9.0,3.0,7.0,2.0,5.0,2.0,8.0,3.0,4.0,1.0,1.0,4.0,-5.43,4.0,0.0,2.0,0.0,1.0,4.0,8.0,3.0,6.0,3.0,9.0,4.0,5.0,2.0,0.0
11772,4.0,0.0,2.0,0.0,1.0,4.0,8.0,3.0,6.0,3.0,9.0,4.0,5.0,2.0,34.0,24.0,-16.09,4.0,0.0,2.0,0.0,2.0,5.0,9.0,4.0,1.0,4.0,1.0,5.0,6.0,3.0,0.0
11773,4.0,0.0,2.0,0.0,2.0,5.0,9.0,4.0,1.0,4.0,1.0,5.0,6.0,3.0,7.0,37.0,-14.54,2.0,0.0,0.0,0.0,3.0,1.0,10.0,5.0,2.0,5.0,2.0,1.0,7.0,4.0,0.0
11774,2.0,0.0,0.0,0.0,3.0,1.0,10.0,5.0,2.0,5.0,2.0,1.0,7.0,4.0,10.0,15.0,-19.619999999999997,2.0,0.0,0.0,0.0,4.0,2.0,1.0,1.0,3.0,6.0,3.0,2.0,8.0,5.0,0.0
11775,2.0,0.0,0.0,0.0,4.0,2.0,1.0,1.0,3.0,6.0,3.0,2.0,8.0,5.0,44.0,46.0,-13.120000000000001,2.0,0.0,2.0,0.0,5.0,3.0,2.0,2.0,4.0,7.0,4.0,3.0,1.0,1.0,0.0
11776,2.0,0.0,2.0,0.0,5.0,3.0,2.0,2.0,4.0,7.0,4.0,3.0,1.0,1.0,29.0,39.0,-15.599999999999998,2.0,0.0,2.0,0.0,6.0,4.0,3.0,3.0,5.0,1.0,5.0,1.0,2.0,2.0,0.0
11777,2.0,0.0,2.0,0.0,6.0,4.0,3.0,3.0,5.0,1.0,5.0,1.0,2.0,2.0,4.0,39.0,-6.755,2.0,0.0,2.0,0.0,1.0,5.0,4.0,4.0,6.0,2.0,6.0,1.0,3.0,3.0,0.0
11778,2.0,0.0,2.0,0.0,1.0,5.0,4.0,4.0,6.0,2.0,6.0,1.0,3.0,3.0,34.0,24.0,-19.11,2.0,0.0,2.0,0.0,2.0,6.0,5.0,5.0,1.0,3.0,1.0,2.0,4.0,4.0,0.0
11779,2.0,0.0,2.0,0.0,2.0,6.0,5.0,5.0,1.0,3.0,1.0,2.0,4.0,4.0,7.0,9.0,-16.72,0.0,0.0,2.0,0.0,3.0,1.0,6.0,6.0,2.0,4.0,2.0,3.0,5.0,5.0,0.0
11780,0.0,0.0,2.0,0.0,3.0,1.0,6.0,6.0,2.0,4.0,2.0,3.0,5.0,5.0,49.0,15.0,-11.659999999999998,0.0,0.0,2.0,0.0,4.0,2.0,7.0,1.0,3.0,5.0,3.0,4.0,6.0,1.0,0.0
11781,0.0,0.0,2.0,0.0,4.0,2.0,7.0,1.0,3.0,5.0,3.0,4.0,6.0,1.0,50.0,37.0,-10.09,0.0,0.0,0.0,0.0,5.0,3.0,8.0,2.0,4.0,6.0,4.0,1.0,7.0,2.0,0.0
11782,0.0,0.0,0.0,0.0,5.0,3.0,8.0,2.0,4.0,6.0,4.0,1.0,7.0,2.0,1.0,4.0,-6.87,2.0,0.0,0.0,0.0,1.0,4.0,9.0,3.0,5.0,7.0,5.0,2.0,8.0,3.0,0.0
11783,2.0,0.0,0.0,0.0,1.0,4.0,9.0,3.0,5.0,7.0,5.0,2.0,8.0,3.0,10.0,24.0,-26.154999999999998,2.0,0.0,0.0,0.0,2.0,5.0,1.0,4.0,1.0,8.0,6.0,3.0,9.0,4.0,0.0
11784,2.0,0.0,0.0,0.0,2.0,5.0,1.0,4.0,1.0,8.0,6.0,3.0,9.0,4.0,50.0,9.0,-13.169999999999998,2.0,0.0,0.0,0.0,3.0,1.0,2.0,5.0,2.0,9.0,7.0,4.0,10.0,5.0,0.0
11785,2.0,0.0,0.0,0.0,3.0,1.0,2.0,5.0,2.0,9.0,7.0,4.0,10.0,5.0,50.0,46.0,-6.85,2.0,0.0,2.0,0.0,4.0,2.0,3.0,6.0,3.0,10.0,8.0,5.0,11.0,1.0,0.0
11786,2.0,0.0,2.0,0.0,4.0,2.0,3.0,6.0,3.0,10.0,8.0,5.0,11.0,1.0,50.0,22.0,-17.625,2.0,0.0,0.0,0.0,5.0,3.0,4.0,7.0,1.0,11.0,9.0,6.0,12.0,2.0,0.0
11787,2.0,0.0,0.0,0.0,5.0,3.0,4.0,7.0,1.0,11.0,9.0,6.0,12.0,2.0,50.0,36.0,-9.190000000000001,2.0,0.0,2.0,0.0,6.0,4.0,5.0,8.0,2.0,12.0,10.0,1.0,13.0,3.0,0.0
11788,2.0,0.0,2.0,0.0,6.0,4.0,5.0,8.0,2.0,12.0,10.0,1.0,13.0,3.0,50.0,9.0,-11.649999999999999,2.0,0.0,2.0,0.0,7.0,1.0,6.0,9.0,3.0,13.0,11.0,2.0,14.0,4.0,0.0
11789,2.0,0.0,2.0,0.0,7.0,1.0,6.0,9.0,3.0,13.0,11.0,2.0,14.0,4.0,50.0,18.0,-9.89,2.0,0.0,2.0,2.0,8.0,2.0,7.0,1.0,4.0,14.0,12.0,3.0,15.0,5.0,0.0
11790,2.0,0.0,2.0,2.0,8.0,2.0,7.0,1.0,4.0,14.0,12.0,3.0,15.0,5.0,50.0,29.0,-16.31,2.0,0.0,2.0,0.0,9.0,3.0,8.0,2.0,5.0,1.0,13.0,4.0,16.0,6.0,0.0
11791,2.0,0.0,2.0,0.0,9.0,3.0,8.0,2.0,5.0,1.0,13.0,4.0,16.0,6.0,4.0,34.0,-13.870000000000001,2.0,0.0,2.0,0.0,1.0,4.0,9.0,3.0,6.0,2.0,1.0,5.0,17.0,7.0,0.0
11792,2.0,0.0,2.0,0.0,1.0,4.0,9.0,3.0,6.0,2.0,1.0,5.0,17.0,7.0,41.0,43.0,-17.2,4.0,0.0,2.0,2.0,2.0,5.0,10.0,4.0,7.0,3.0,2.0,6.0,1.0,8.0,0.0
11793,4.0,0.0,2.0,2.0,2.0,5.0,10.0,4.0,7.0,3.0,2.0,6.0,1.0,8.0,12.0,13.0,-19.06,2.0,0.0,2.0,4.0,3.0,6.0,1.0,5.0,8.0,4.0,3.0,7.0,2.0,9.0,0.0
11794,2.0,0.0,2.0,4.0,3.0,6.0,1.0,5.0,8.0,4.0,3.0,7.0,2.0,9.0,38.0,15.0,-8.32,2.0,2.0,2.0,4.0,4.0,7.0,2.0,1.0,9.0,5.0,4.0,1.0,3.0,10.0,0.0
11795,2.0,2.0,2.0,4.0,4.0,7.0,2.0,1.0,9.0,5.0,4.0,1.0,3.0,10.0,13.0,24.0,-13.955,2.0,4.0,2.0,2.0,5.0,8.0,1.0,2.0,1.0,6.0,5.0,2.0,4.0,11.0,0.0
11796,2.0,4.0,2.0,2.0,5.0,8.0,1.0,2.0,1.0,6.0,5.0,2.0,4.0,11.0,49.0,9.0,-8.559999999999999,2.0,2.0,2.0,0.0,6.0,1.0,2.0,3.0,2.0,7.0,6.0,3.0,5.0,1.0,0.0
11797,2.0,2.0,2.0,0.0,6.0,1.0,2.0,3.0,2.0,7.0,6.0,3.0,5.0,1.0,50.0,4.0,-4.465,2.0,2.0,2.0,0.0,1.0,2.0,3.0,4.0,3.0,8.0,7.0,4.0,6.0,2.0,0.0
11798,2.0,2.0,2.0,0.0,1.0,2.0,3.0,4.0,3.0,8.0,7.0,4.0,6.0,2.0,50.0,30.0,-12.205,2.0,2.0,2.0,0.0,2.0,3.0,4.0,5.0,4.0,9.0,1.0,5.0,7.0,3.0,0.0
11799,2.0,2.0,2.0,0.0,2.0,3.0,4.0,5.0,4.0,9.0,1.0,5.0,7.0,3.0,39.0,37.0,-13.48,2.0,0.0,0.0,0.0,3.0,4.0,5.0,6.0,5.0,10.0,2.0,1.0,8.0,4.0,1.0
11800,7.0,5.0,8.0,2.0,1.0,1.0,1.0,1.0,1.0,1.0,1.0,1.0,1.0,1.0,24.0,9.0,-3.505,7.0,3.0,8.0,0.0,2.0,1.0,2.0,2.0,1.0,2.0,2.0,2.0,2.0,2.0,0.0
11801,7.0,3.0,8.0,0.0,2.0,1.0,2.0,2.0,1.0,2.0,2.0,2.0,2.0,2.0,29.0,37.0,-5.5,7.0,1.0,6.0,0.0,3.0,2.0,3.0,3.0,2.0,1.0,3.0,1.0,3.0,3.0,0.0
11802,7.0,1.0,6.0,0.0,3.0,2.0,3.0,3.0,2.0,1.0,3.0,1.0,3.0,3.0,34.0,37.0,-4.859999999999999,7.0,0.0,4.0,0.0,4.0,3.0,4.0,4.0,3.0,2.0,1.0,1.0,4.0,4.0,0.0
11803,7.0,0.0,4.0,0.0,4.0,3.0,4.0,4.0,3.0,2.0,1.0,1.0,4.0,4.0,7.0,37.0,-7.785,5.0,0.0,2.0,0.0,5.0,1.0,5.0,5.0,4.0,3.0,2.0,1.0,5.0,5.0,0.0
11804,5.0,0.0,2.0,0.0,5.0,1.0,5.0,5.0,4.0,3.0,2.0,1.0,5.0,5.0,4.0,15.0,-10.42,5.0,0.0,2.0,0.0,1.0,2.0,6.0,1.0,5.0,4.0,3.0,2.0,6.0,6.0,0.0
11805,5.0,0.0,2.0,0.0,1.0,2.0,6.0,1.0,5.0,4.0,3.0,2.0,6.0,6.0,47.0,24.0,-13.11,3.0,0.0,2.0,0.0,2.0,3.0,7.0,2.0,1.0,5.0,4.0,3.0,7.0,1.0,0.0
11806,3.0,0.0,2.0,0.0,2.0,3.0,7.0,2.0,1.0,5.0,4.0,3.0,7.0,1.0,7.0,13.0,-16.365000000000002,1.0,0.0,2.0,2.0,3.0,1.0,1.0,3.0,2.0,6.0,5.0,4.0,8.0,2.0,0.0
11807,1.0,0.0,2.0,2.0,3.0,1.0,1.0,3.0,2.0,6.0,5.0,4.0,8.0,2.0,50.0,23.0,-8.485,1.0,0.0,2.0,4.0,4.0,2.0,2.0,4.0,1.0,7.0,6.0,5.0,9.0,3.0,0.0
11808,1.0,0.0,2.0,4.0,4.0,2.0,2.0,4.0,1.0,7.0,6.0,5.0,9.0,3.0,46.0,23.0,-10.79,3.0,0.0,2.0,6.0,5.0,3.0,3.0,5.0,1.0,8.0,7.0,6.0,10.0,1.0,0.0
11809,3.0,0.0,2.0,6.0,5.0,3.0,3.0,5.0,1.0,8.0,7.0,6.0,10.0,1.0,46.0,4.0,-9.95,5.0,0.0,2.0,4.0,1.0,4.0,4.0,6.0,2.0,9.0,8.0,7.0,11.0,1.0,0.0
11810,5.0,0.0,2.0,4.0,1.0,4.0,4.0,6.0,2.0,9.0,8.0,7.0,11.0,1.0,46.0,23.0,-15.61,7.0,0.0,2.0,6.0,2.0,5.0,5.0,7.0,1.0,10.0,9.0,8.0,12.0,1.0,0.0
11811,7.0,0.0,2.0,6.0,2.0,5.0,5.0,7.0,1.0,10.0,9.0,8.0,12.0,1.0,46.0,19.0,-16.275,9.0,0.0,2.0,4.0,3.0,6.0,6.0,1.0,2.0,11.0,10.0,9.0,13.0,1.0,0.0
11812,9.0,0.0,2.0,4.0,3.0,6.0,6.0,1.0,2.0,11.0,10.0,9.0,13.0,1.0,39.0,30.0,-16.15,9.0,0.0,2.0,4.0,4.0,7.0,7.0,2.0,3.0,12.0,1.0,1.0,14.0,2.0,0.0
11813,9.0,0.0,2.0,4.0,4.0,7.0,7.0,2.0,3.0,12.0,1.0,1.0,14.0,2.0,7.0,29.0,-12.305000000000001,7.0,0.0,2.0,2.0,5.0,1.0,8.0,3.0,4.0,1.0,2.0,2.0,15.0,3.0,0.0
11814,7.0,0.0,2.0,2.0,5.0,1.0,8.0,3.0,4.0,1.0,2.0,2.0,15.0,3.0,41.0,43.0,-17.695,9.0,0.0,2.0,4.0,6.0,2.0,9.0,4.0,5.0,2.0,3.0,3.0,1.0,4.0,0.0
11815,9.0,0.0,2.0,4.0,6.0,2.0,9.0,4.0,5.0,2.0,3.0,3.0,1.0,4.0,34.0,13.0,-6.800000000000001,9.0,0.0,2.0,6.0,7.0,3.0,1.0,5.0,6.0,3.0,1.0,4.0,2.0,5.0,0.0
11816,9.0,0.0,2.0,6.0,7.0,3.0,1.0,5.0,6.0,3.0,1.0,4.0,2.0,5.0,30.0,15.0,-4.72,9.0,0.0,2.0,6.0,8.0,4.0,2.0,1.0,7.0,4.0,1.0,5.0,3.0,6.0,0.0
11817,9.0,0.0,2.0,6.0,8.0,4.0,2.0,1.0,7.0,4.0,1.0,5.0,3.0,6.0,37.0,24.0,-8.549999999999999,7.0,0.0,2.0,4.0,9.0,5.0,3.0,2.0,1.0,5.0,2.0,1.0,4.0,7.0,0.0
11818,7.0,0.0,2.0,4.0,9.0,5.0,3.0,2.0,1.0,5.0,2.0,1.0,4.0,7.0,7.0,23.0,-9.879999999999999,5.0,0.0,2.0,6.0,10.0,1.0,4.0,3.0,1.0,6.0,3.0,2.0,5.0,8.0,0.0
11819,5.0,0.0,2.0,6.0,10.0,1.0,4.0,3.0,1.0,6.0,3.0,2.0,5.0,8.0,0.0,47.0,-6.6,5.0,0.0,0.0,6.0,1.0,2.0,5.0,4.0,2.0,7.0,4.0,3.0,6.0,1.0,0.0
11820,5.0,0.0,0.0,6.0,1.0,2.0,5.0,4.0,2.0,7.0,4.0,3.0,6.0,1.0,34.0,19.0,-7.42,5.0,0.0,0.0,4.0,2.0,3.0,6.0,1.0,3.0,8.0,1.0,4.0,7.0,2.0,0.0
11821,5.0,0.0,0.0,4.0,2.0,3.0,6.0,1.0,3.0,8.0,1.0,4.0,7.0,2.0,54.0,13.0,-9.989999999999998,5.0,0.0,0.0,6.0,3.0,4.0,1.0,2.0,4.0,9.0,2.0,5.0,8.0,3.0,0.0
11822,5.0,0.0,0.0,6.0,3.0,4.0,1.0,2.0,4.0,9.0,2.0,5.0,8.0,3.0,39.0,29.0,-14.395,5.0,0.0,0.0,4.0,4.0,5.0,2.0,3.0,5.0,1.0,3.0,1.0,9.0,4.0,0.0
11823,5.0,0.0,0.0,4.0,4.0,5.0,2.0,3.0,5.0,1.0,3.0,1.0,9.0,4.0,34.0,24.0,-15.834999999999999,5.0,0.0,0.0,2.0,5.0,6.0,3.0,4.0,1.0,2.0,1.0,2.0,10.0,5.0,0.0
11824,5.0,0.0,0.0,2.0,5.0,6.0,3.0,4.0,1.0,2.0,1.0,2.0,10.0,5.0,5.0,43.0,-8.724999999999998,5.0,0.0,0.0,4.0,6.0,1.0,4.0,5.0,2.0,3.0,2.0,3.0,1.0,6.0,0.0
11825,5.0,0.0,0.0,4.0,6.0,1.0,4.0,5.0,2.0,3.0,2.0,3.0,1.0,6.0,0.0,19.0,-6.92,5.0,0.0,0.0,2.0,1.0,2.0,5.0,1.0,3.0,4.0,3.0,4.0,2.0,7.0,0.0
11826,5.0,0.0,0.0,2.0,1.0,2.0,5.0,1.0,3.0,4.0,3.0,4.0,2.0,7.0,37.0,47.0,-5.734999999999999,3.0,0.0,0.0,2.0,2.0,3.0,6.0,2.0,4.0,5.0,4.0,1.0,3.0,1.0,0.0
11827,3.0,0.0,0.0,2.0,2.0,3.0,6.0,2.0,4.0,5.0,4.0,1.0,3.0,1.0,34.0,19.0,-15.28,3.0,0.0,0.0,0.0,3.0,4.0,7.0,1.0,5.0,6.0,1.0,2.0,4.0,2.0,0.0
11828,3.0,0.0,0.0,0.0,3.0,4.0,7.0,1.0,5.0,6.0,1.0,2.0,4.0,2.0,10.0,24.0,-24.07,3.0,0.0,0.0,0.0,4.0,5.0,1.0,2.0,1.0,7.0,2.0,3.0,5.0,3.0,0.0
11829,3.0,0.0,0.0,0.0,4.0,5.0,1.0,2.0,1.0,7.0,2.0,3.0,5.0,3.0,7.0,0.0,-11.460000000000003,1.0,0.0,0.0,0.0,1.0,1.0,2.0,3.0,2.0,8.0,3.0,4.0,6.0,4.0,0.0
11830,1.0,0.0,0.0,0.0,1.0,1.0,2.0,3.0,2.0,8.0,3.0,4.0,6.0,4.0,25.0,47.0,-16.995,1.0,0.0,0.0,0.0,2.0,2.0,3.0,4.0,3.0,1.0,4.0,5.0,7.0,1.0,0.0
11831,1.0,0.0,0.0,0.0,2.0,2.0,3.0,4.0,3.0,1.0,4.0,5.0,7.0,1.0,39.0,36.0,-10.674999999999999,1.0,0.0,2.0,0.0,3.0,3.0,4.0,5.0,4.0,2.0,5.0,1.0,8.0,2.0,0.0
11832,1.0,0.0,2.0,0.0,3.0,3.0,4.0,5.0,4.0,2.0,5.0,1.0,8.0,2.0,34.0,34.0,-22.334999999999997,1.0,0.0,2.0,0.0,4.0,4.0,5.0,6.0,5.0,3.0,1.0,2.0,9.0,3.0,0.0
11833,1.0,0.0,2.0,0.0,4.0,4.0,5.0,6.0,5.0,3.0,1.0,2.0,9.0,3.0,45.0,47.0,-8.775,1.0,0.0,0.0,0.0,5.0,5.0,6.0,7.0,6.0,4.0,2.0,3.0,10.0,1.0,0.0
11834,1.0,0.0,0.0,0.0,5.0,5.0,6.0,7.0,6.0,4.0,2.0,3.0,10.0,1.0,39.0,17.0,-14.975,1.0,0.0,0.0,0.0,6.0,6.0,7.0,1.0,7.0,5.0,3.0,1.0,11.0,2.0,0.0
11835,1.0,0.0,0.0,0.0,6.0,6.0,7.0,1.0,7.0,5.0,3.0,1.0,11.0,2.0,10.0,24.0,-27.75,1.0,0.0,0.0,0.0,7.0,7.0,1.0,2.0,1.0,6.0,4.0,2.0,12.0,3.0,0.0
11836,1.0,0.0,0.0,0.0,7.0,7.0,1.0,2.0,1.0,6.0,4.0,2.0,12.0,3.0,40.0,9.0,-21.115000000000002,1.0,0.0,0.0,0.0,8.0,1.0,2.0,3.0,2.0,7.0,5.0,3.0,1.0,4.0,0.0
11837,1.0,0.0,0.0,0.0,8.0,1.0,2.0,3.0,2.0,7.0,5.0,3.0,1.0,4.0,0.0,47.0,-6.5,1.0,0.0,0.0,0.0,1.0,2.0,3.0,4.0,3.0,8.0,6.0,4.0,2.0,1.0,0.0
11838,1.0,0.0,0.0,0.0,1.0,2.0,3.0,4.0,3.0,8.0,6.0,4.0,2.0,1.0,34.0,19.0,-19.519999999999996,1.0,0.0,0.0,0.0,2.0,3.0,4.0,1.0,4.0,9.0,1.0,5.0,3.0,2.0,0.0
11839,1.0,0.0,0.0,0.0,2.0,3.0,4.0,1.0,4.0,9.0,1.0,5.0,3.0,2.0,25.0,47.0,-17.095,1.0,0.0,0.0,0.0,3.0,4.0,5.0,2.0,5.0,1.0,2.0,6.0,4.0,1.0,0.0
11840,1.0,0.0,0.0,0.0,3.0,4.0,5.0,2.0,5.0,1.0,2.0,6.0,4.0,1.0,39.0,36.0,-10.674999999999999,1.0,0.0,2.0,0.0,4.0,5.0,6.0,3.0,6.0,2.0,3.0,1.0,5.0,2.0,0.0
11841,1.0,0.0,2.0,0.0,4.0,5.0,6.0,3.0,6.0,2.0,3.0,1.0,5.0,2.0,34.0,24.0,-21.935,1.0,0.0,2.0,0.0,5.0,6.0,7.0,4.0,1.0,3.0,1.0,2.0,6.0,3.0,0.0
11842,1.0,0.0,2.0,0.0,5.0,6.0,7.0,4.0,1.0,3.0,1.0,2.0,6.0,3.0,45.0,9.0,-10.254999999999999,1.0,0.0,2.0,0.0,6.0,1.0,8.0,5.0,2.0,4.0,2.0,3.0,7.0,1.0,0.0
11843,1.0,0.0,2.0,0.0,6.0,1.0,8.0,5.0,2.0,4.0,2.0,3.0,7.0,1.0,1.0,13.0,-10.319999999999999,3.0,0.0,2.0,2.0,1.0,2.0,1.0,6.0,3.0,5.0,3.0,4.0,8.0,2.0,0.0
11844,3.0,0.0,2.0,2.0,1.0,2.0,1.0,6.0,3.0,5.0,3.0,4.0,8.0,2.0,54.0,19.0,-9.79,3.0,0.0,2.0,0.0,2.0,3.0,2.0,1.0,4.0,6.0,4.0,5.0,9.0,3.0,0.0
11845,3.0,0.0,2.0,0.0,2.0,3.0,2.0,1.0,4.0,6.0,4.0,5.0,9.0,3.0,39.0,30.0,-13.61,3.0,0.0,2.0,0.0,3.0,4.0,3.0,2.0,5.0,7.0,1.0,1.0,10.0,4.0,0.0
11846,3.0,0.0,2.0,0.0,3.0,4.0,3.0,2.0,5.0,7.0,1.0,1.0,10.0,4.0,10.0,9.0,-18.095,3.0,0.0,2.0,0.0,4.0,1.0,1.0,3.0,6.0,8.0,2.0,2.0,11.0,5.0,0.0
11847,3.0,0.0,2.0,0.0,4.0,1.0,1.0,3.0,6.0,8.0,2.0,2.0,11.0,5.0,25.0,47.0,-14.075,3.0,0.0,0.0,0.0,5.0,2.0,2.0,4.0,7.0,1.0,3.0,3.0,12.0,1.0,0.0
11848,3.0,0.0,0.0,0.0,5.0,2.0,2.0,4.0,7.0,1.0,3.0,3.0,12.0,1.0,3.0,43.0,-10.119999999999997,3.0,2.0,0.0,2.0,1.0,3.0,3.0,5.0,8.0,2.0,4.0,4.0,1.0,2.0,0.0
11849,3.0,2.0,0.0,2.0,1.0,3.0,3.0,5.0,8.0,2.0,4.0,4.0,1.0,2.0,34.0,19.0,-15.18,3.0,0.0,0.0,0.0,2.0,4.0,4.0,1.0,9.0,3.0,1.0,5.0,2.0,3.0,0.0
11850,3.0,0.0,0.0,0.0,2.0,4.0,4.0,1.0,9.0,3.0,1.0,5.0,2.0,3.0,24.0,23.0,-19.154999999999998,3.0,0.0,0.0,2.0,3.0,5.0,5.0,2.0,1.0,4.0,2.0,6.0,3.0,4.0,0.0
11851,3.0,0.0,0.0,2.0,3.0,5.0,5.0,2.0,1.0,4.0,2.0,6.0,3.0,4.0,37.0,47.0,-8.614999999999998,1.0,0.0,0.0,2.0,4.0,6.0,6.0,3.0,2.0,5.0,3.0,1.0,4.0,1.0,0.0
11852,1.0,0.0,0.0,2.0,4.0,6.0,6.0,3.0,2.0,5.0,3.0,1.0,4.0,1.0,34.0,23.0,-22.134999999999998,1.0,0.0,0.0,4.0,5.0,7.0,7.0,4.0,1.0,6.0,1.0,2.0,5.0,2.0,0.0
11853,1.0,0.0,0.0,4.0,5.0,7.0,7.0,4.0,1.0,6.0,1.0,2.0,5.0,2.0,2.0,42.0,-9.735,0.0,0.0,0.0,4.0,1.0,8.0,8.0,5.0,2.0,7.0,2.0,3.0,1.0,3.0,0.0
11854,0.0,0.0,0.0,4.0,1.0,8.0,8.0,5.0,2.0,7.0,2.0,3.0,1.0,3.0,6.0,14.0,-17.659999999999997,2.0,0.0,0.0,2.0,2.0,1.0,1.0,6.0,3.0,8.0,3.0,4.0,2.0,4.0,0.0
11855,2.0,0.0,0.0,2.0,2.0,1.0,1.0,6.0,3.0,8.0,3.0,4.0,2.0,4.0,25.0,19.0,-18.499999999999996,2.0,0.0,0.0,0.0,3.0,2.0,2.0,1.0,4.0,1.0,4.0,5.0,3.0,5.0,0.0
11856,2.0,0.0,0.0,0.0,3.0,2.0,2.0,1.0,4.0,1.0,4.0,5.0,3.0,5.0,37.0,46.0,-10.44,0.0,0.0,2.0,0.0,4.0,3.0,3.0,2.0,5.0,2.0,5.0,1.0,4.0,1.0,0.0
11857,0.0,0.0,2.0,0.0,4.0,3.0,3.0,2.0,5.0,2.0,5.0,1.0,4.0,1.0,34.0,23.0,-21.290000000000003,0.0,0.0,2.0,2.0,5.0,4.0,4.0,3.0,1.0,3.0,1.0,2.0,5.0,2.0,0.0
11858,0.0,0.0,2.0,2.0,5.0,4.0,4.0,3.0,1.0,3.0,1.0,2.0,5.0,2.0,2.0,9.0,-9.455,0.0,0.0,2.0,0.0,1.0,1.0,5.0,4.0,2.0,4.0,2.0,3.0,6.0,3.0,0.0
11859,0.0,0.0,2.0,0.0,1.0,1.0,5.0,4.0,2.0,4.0,2.0,3.0,6.0,3.0,19.0,47.0,-11.459999999999999,0.0,0.0,0.0,0.0,2.0,2.0,6.0,1.0,3.0,5.0,3.0,4.0,7.0,1.0,0.0
11860,0.0,0.0,0.0,0.0,2.0,2.0,6.0,1.0,3.0,5.0,3.0,4.0,7.0,1.0,10.0,44.0,-26.66,0.0,0.0,0.0,0.0,3.0,3.0,1.0,2.0,4.0,6.0,4.0,5.0,1.0,2.0,0.0
11861,0.0,0.0,0.0,0.0,3.0,3.0,1.0,2.0,4.0,6.0,4.0,5.0,1.0,2.0,37.0,23.0,-18.235,0.0,0.0,0.0,2.0,4.0,4.0,2.0,3.0,1.0,7.0,5.0,1.0,2.0,3.0,0.0
11862,0.0,0.0,0.0,2.0,4.0,4.0,2.0,3.0,1.0,7.0,5.0,1.0,2.0,3.0,2.0,23.0,-13.309999999999999,0.0,0.0,0.0,4.0,1.0,5.0,3.0,4.0,1.0,8.0,6.0,2.0,3.0,4.0,0.0
11863,0.0,0.0,0.0,4.0,1.0,5.0,3.0,4.0,1.0,8.0,6.0,2.0,3.0,4.0,19.0,19.0,-12.98,0.0,0.0,0.0,2.0,2.0,6.0,4.0,1.0,2.0,9.0,7.0,3.0,4.0,5.0,0.0
11864,0.0,0.0,0.0,2.0,2.0,6.0,4.0,1.0,2.0,9.0,7.0,3.0,4.0,5.0,45.0,9.0,-14.739999999999998,0.0,0.0,0.0,0.0,3.0,1.0,5.0,2.0,3.0,10.0,8.0,4.0,5.0,1.0,0.0
11865,0.0,0.0,0.0,0.0,3.0,1.0,5.0,2.0,3.0,10.0,8.0,4.0,5.0,1.0,10.0,23.0,-26.875,0.0,0.0,0.0,2.0,4.0,2.0,1.0,3.0,1.0,11.0,9.0,5.0,6.0,2.0,0.0
11866,0.0,0.0,0.0,2.0,4.0,2.0,1.0,3.0,1.0,11.0,9.0,5.0,6.0,2.0,2.0,23.0,-14.51,0.0,0.0,0.0,4.0,1.0,3.0,2.0,4.0,1.0,12.0,10.0,6.0,7.0,3.0,0.0
11867,0.0,0.0,0.0,4.0,1.0,3.0,2.0,4.0,1.0,12.0,10.0,6.0,7.0,3.0,19.0,44.0,-17.2,0.0,0.0,0.0,2.0,2.0,4.0,3.0,1.0,2.0,13.0,11.0,7.0,1.0,4.0,0.0
11868,0.0,0.0,0.0,2.0,2.0,4.0,3.0,1.0,2.0,13.0,11.0,7.0,1.0,4.0,9.0,26.0,-19.6,0.0,0.0,2.0,2.0,3.0,1.0,4.0,2.0,3.0,1.0,12.0,8.0,2.0,5.0,0.0
11869,0.0,0.0,2.0,2.0,3.0,1.0,4.0,2.0,3.0,1.0,12.0,8.0,2.0,5.0,9.0,34.0,-20.075,0.0,0.0,2.0,0.0,4.0,1.0,5.0,3.0,4.0,2.0,1.0,9.0,3.0,6.0,0.0
11870,0.0,0.0,2.0,0.0,4.0,1.0,5.0,3.0,4.0,2.0,1.0,9.0,3.0,6.0,0.0,47.0,-7.675,0.0,0.0,0.0,0.0,1.0,2.0,6.0,4.0,5.0,3.0,2.0,10.0,4.0,1.0,0.0
11871,0.0,0.0,0.0,0.0,1.0,2.0,6.0,4.0,5.0,3.0,2.0,10.0,4.0,1.0,39.0,35.0,-15.579999999999998,0.0,0.0,0.0,0.0,2.0,3.0,7.0,5.0,6.0,4.0,3.0,1.0,5.0,2.0,0.0
11872,0.0,0.0,0.0,0.0,2.0,3.0,7.0,5.0,6.0,4.0,3.0,1.0,5.0,2.0,2.0,44.0,-16.034999999999997,0.0,0.0,0.0,0.0,1.0,4.0,8.0,6.0,7.0,5.0,4.0,2.0,1.0,3.0,0.0
11873,0.0,0.0,0.0,0.0,1.0,4.0,8.0,6.0,7.0,5.0,4.0,2.0,1.0,3.0,34.0,47.0,-19.435000000000002,0.0,0.0,0.0,0.0,2.0,5.0,9.0,7.0,8.0,6.0,1.0,3.0,2.0,1.0,0.0
11874,0.0,0.0,0.0,0.0,2.0,5.0,9.0,7.0,8.0,6.0,1.0,3.0,2.0,1.0,2.0,13.0,-15.614999999999998,0.0,0.0,0.0,2.0,1.0,6.0,1.0,8.0,9.0,7.0,2.0,4.0,3.0,2.0,0.0
11875,0.0,0.0,0.0,2.0,1.0,6.0,1.0,8.0,9.0,7.0,2.0,4.0,3.0,2.0,2.0,15.0,-8.895,0.0,0.0,0.0,2.0,1.0,7.0,2.0,1.0,10.0,8.0,3.0,5.0,4.0,3.0,0.0
11876,0.0,0.0,0.0,2.0,1.0,7.0,2.0,1.0,10.0,8.0,3.0,5.0,4.0,3.0,37.0,9.0,-18.459999999999997,0.0,0.0,0.0,0.0,2.0,1.0,3.0,2.0,11.0,9.0,4.0,1.0,5.0,4.0,0.0
11877,0.0,0.0,0.0,0.0,2.0,1.0,3.0,2.0,11.0,9.0,4.0,1.0,5.0,4.0,2.0,44.0,-16.435,0.0,0.0,0.0,0.0,1.0,2.0,4.0,3.0,12.0,10.0,5.0,2.0,1.0,5.0,0.0
11878,0.0,0.0,0.0,0.0,1.0,2.0,4.0,3.0,12.0,10.0,5.0,2.0,1.0,5.0,21.0,44.0,-22.334999999999997,2.0,0.0,0.0,0.0,2.0,3.0,5.0,4.0,1.0,11.0,6.0,3.0,1.0,6.0,0.0
11879,2.0,0.0,0.0,0.0,2.0,3.0,5.0,4.0,1.0,11.0,6.0,3.0,1.0,6.0,29.0,47.0,-15.279999999999998,2.0,0.0,0.0,0.0,3.0,4.0,6.0,5.0,2.0,1.0,7.0,4.0,2.0,1.0,0.0
11880,2.0,0.0,0.0,0.0,3.0,4.0,6.0,5.0,2.0,1.0,7.0,4.0,2.0,1.0,34.0,52.0,-11.705,2.0,0.0,0.0,0.0,4.0,5.0,7.0,6.0,3.0,2.0,1.0,5.0,3.0,2.0,0.0
11881,2.0,0.0,0.0,0.0,4.0,5.0,7.0,6.0,3.0,2.0,1.0,5.0,3.0,2.0,2.0,13.0,-15.014999999999997,0.0,0.0,0.0,2.0,1.0,6.0,1.0,7.0,4.0,3.0,2.0,6.0,4.0,3.0,0.0
11882,0.0,0.0,0.0,2.0,1.0,6.0,1.0,7.0,4.0,3.0,2.0,6.0,4.0,3.0,5.0,43.0,-16.099999999999998,0.0,0.0,0.0,4.0,2.0,1.0,2.0,8.0,5.0,4.0,3.0,7.0,1.0,4.0,0.0
11883,0.0,0.0,0.0,4.0,2.0,1.0,2.0,8.0,5.0,4.0,3.0,7.0,1.0,4.0,16.0,15.0,-10.719999999999999,2.0,0.0,0.0,4.0,3.0,2.0,3.0,1.0,6.0,5.0,4.0,8.0,2.0,5.0,0.0
11884,2.0,0.0,0.0,4.0,3.0,2.0,3.0,1.0,6.0,5.0,4.0,8.0,2.0,5.0,37.0,44.0,-16.299999999999997,0.0,0.0,0.0,2.0,4.0,3.0,4.0,2.0,7.0,6.0,5.0,1.0,1.0,6.0,0.0
11885,0.0,0.0,0.0,2.0,4.0,3.0,4.0,2.0,7.0,6.0,5.0,1.0,1.0,6.0,2.0,44.0,-16.335,0.0,0.0,0.0,0.0,1.0,4.0,5.0,3.0,8.0,7.0,6.0,2.0,1.0,7.0,0.0
11886,0.0,0.0,0.0,0.0,1.0,4.0,5.0,3.0,8.0,7.0,6.0,2.0,1.0,7.0,45.0,47.0,-9.04,0.0,0.0,0.0,0.0,2.0,5.0,6.0,4.0,9.0,8.0,7.0,3.0,2.0,1.0,0.0
11887,0.0,0.0,0.0,0.0,2.0,5.0,6.0,4.0,9.0,8.0,7.0,3.0,2.0,1.0,34.0,7.0,-25.735,0.0,0.0,0.0,0.0,3.0,1.0,7.0,5.0,10.0,9.0,1.0,4.0,3.0,2.0,0.0
11888,0.0,0.0,0.0,0.0,3.0,1.0,7.0,5.0,10.0,9.0,1.0,4.0,3.0,2.0,2.0,44.0,-16.835,0.0,0.0,0.0,0.0,1.0,2.0,8.0,6.0,11.0,10.0,2.0,5.0,1.0,3.0,0.0
11889,0.0,0.0,0.0,0.0,1.0,2.0,8.0,6.0,11.0,10.0,2.0,5.0,1.0,3.0,10.0,28.0,-28.9,0.0,0.0,0.0,2.0,2.0,3.0,1.0,7.0,12.0,1.0,3.0,6.0,2.0,4.0,0.0
11890,0.0,0.0,0.0,2.0,2.0,3.0,1.0,7.0,12.0,1.0,3.0,6.0,2.0,4.0,22.0,15.0,-17.615,0.0,0.0,0.0,2.0,3.0,4.0,2.0,1.0,1.0,2.0,4.0,7.0,3.0,5.0,0.0
11891,0.0,0.0,0.0,2.0,3.0,4.0,2.0,1.0,1.0,2.0,4.0,7.0,3.0,5.0,5.0,47.0,-12.599999999999998,0.0,0.0,0.0,2.0,4.0,1.0,3.0,2.0,2.0,3.0,5.0,8.0,4.0,1.0,0.0
11892,0.0,0.0,0.0,2.0,4.0,1.0,3.0,2.0,2.0,3.0,5.0,8.0,4.0,1.0,39.0,44.0,-19.22,0.0,0.0,0.0,0.0,5.0,2.0,4.0,3.0,3.0,4.0,6.0,1.0,1.0,2.0,0.0
11893,0.0,0.0,0.0,0.0,5.0,2.0,4.0,3.0,3.0,4.0,6.0,1.0,1.0,2.0,2.0,2.0,-7.01,0.0,0.0,0.0,0.0,1.0,3.0,5.0,4.0,4.0,5.0,7.0,2.0,2.0,3.0,0.0
11894,0.0,0.0,0.0,0.0,1.0,3.0,5.0,4.0,4.0,5.0,7.0,2.0,2.0,3.0,34.0,44.0,-26.794999999999998,0.0,0.0,0.0,0.0,2.0,4.0,6.0,5.0,5.0,6.0,1.0,3.0,1.0,4.0,0.0
11895,0.0,0.0,0.0,0.0,2.0,4.0,6.0,5.0,5.0,6.0,1.0,3.0,1.0,4.0,12.0,47.0,-19.2,0.0,0.0,0.0,0.0,3.0,5.0,1.0,6.0,6.0,7.0,2.0,4.0,2.0,1.0,0.0
11896,0.0,0.0,0.0,0.0,3.0,5.0,1.0,6.0,6.0,7.0,2.0,4.0,2.0,1.0,16.0,0.0,-11.395,2.0,0.0,0.0,0.0,1.0,6.0,2.0,1.0,7.0,8.0,3.0,5.0,3.0,2.0,0.0
11897,2.0,0.0,0.0,0.0,1.0,6.0,2.0,1.0,7.0,8.0,3.0,5.0,3.0,2.0,7.0,9.0,-20.939999999999998,0.0,0.0,0.0,0.0,2.0,1.0,3.0,2.0,8.0,9.0,4.0,6.0,4.0,3.0,0.0
11898,0.0,0.0,0.0,0.0,2.0,1.0,3.0,2.0,8.0,9.0,4.0,6.0,4.0,3.0,26.0,44.0,-23.739999999999995,2.0,0.0,0.0,0.0,3.0,2.0,4.0,3.0,9.0,1.0,5.0,7.0,1.0,4.0,0.0
11899,2.0,0.0,0.0,0.0,3.0,2.0,4.0,3.0,9.0,1.0,5.0,7.0,1.0,4.0,26.0,39.0,-16.5,4.0,0.0,0.0,0.0,4.0,3.0,5.0,4.0,10.0,1.0,6.0,1.0,2.0,5.0,1.0
11900,0.0,5.0,2.0,6.0,1.0,1.0,1.0,1.0,1.0,1.0,1.0,1.0,1.0,1.0,18.0,14.0,-6.294999999999999,0.0,7.0,2.0,4.0,2.0,2.0,1.0,1.0,2.0,2.0,2.0,2.0,2.0,2.0,0.0
11901,0.0,7.0,2.0,4.0,2.0,2.0,1.0,1.0,2.0,2.0,2.0,2.0,2.0,2.0,12.0,14.0,-14.944999999999997,0.0,7.0,2.0,2.0,3.0,3.0,1.0,2.0,3.0,3.0,3.0,3.0,3.0,3.0,0.0
11902,0.0,7.0,2.0,2.0,3.0,3.0,1.0,2.0,3.0,3.0,3.0,3.0,3.0,3.0,12.0,7.0,-16.785,0.0,7.0,0.0,2.0,4.0,1.0,1.0,3.0,4.0,4.0,4.0,4.0,4.0,4.0,0.0
11903,0.0,7.0,0.0,2.0,4.0,1.0,1.0,3.0,4.0,4.0,4.0,4.0,4.0,4.0,44.0,47.0,-7.685,0.0,5.0,0.0,2.0,5.0,2.0,2.0,4.0,5.0,5.0,5.0,5.0,1.0,1.0,0.0
11904,0.0,5.0,0.0,2.0,5.0,2.0,2.0,4.0,5.0,5.0,5.0,5.0,1.0,1.0,12.0,21.0,-15.580000000000002,0.0,5.0,2.0,2.0,6.0,3.0,1.0,5.0,1.0,6.0,6.0,6.0,2.0,2.0,0.0
11905,0.0,5.0,2.0,2.0,6.0,3.0,1.0,5.0,1.0,6.0,6.0,6.0,2.0,2.0,17.0,7.0,-12.215,0.0,5.0,0.0,2.0,7.0,1.0,2.0,1.0,2.0,7.0,7.0,7.0,3.0,3.0,0.0
11906,0.0,5.0,0.0,2.0,7.0,1.0,2.0,1.0,2.0,7.0,7.0,7.0,3.0,3.0,44.0,47.0,-10.445,0.0,3.0,0.0,2.0,8.0,2.0,3.0,2.0,3.0,8.0,8.0,8.0,1.0,1.0,0.0
11907,0.0,3.0,0.0,2.0,8.0,2.0,3.0,2.0,3.0,8.0,8.0,8.0,1.0,1.0,39.0,7.0,-17.884999999999998,0.0,1.0,0.0,2.0,9.0,1.0,4.0,3.0,4.0,9.0,9.0,1.0,2.0,2.0,0.0
11908,0.0,1.0,0.0,2.0,9.0,1.0,4.0,3.0,4.0,9.0,9.0,1.0,2.0,2.0,4.0,28.0,-15.534999999999998,0.0,0.0,0.0,4.0,1.0,2.0,5.0,4.0,5.0,1.0,10.0,2.0,3.0,3.0,0.0
11909,0.0,0.0,0.0,4.0,1.0,2.0,5.0,4.0,5.0,1.0,10.0,2.0,3.0,3.0,34.0,34.0,-29.330000000000005,0.0,0.0,0.0,2.0,2.0,3.0,6.0,5.0,6.0,2.0,1.0,3.0,4.0,4.0,0.0
11910,0.0,0.0,0.0,2.0,2.0,3.0,6.0,5.0,6.0,2.0,1.0,3.0,4.0,4.0,12.0,43.0,-20.96,0.0,0.0,0.0,4.0,3.0,4.0,1.0,6.0,7.0,3.0,2.0,4.0,1.0,5.0,0.0
11911,0.0,0.0,0.0,4.0,3.0,4.0,1.0,6.0,7.0,3.0,2.0,4.0,1.0,5.0,16.0,15.0,-10.82,2.0,0.0,0.0,4.0,4.0,5.0,2.0,1.0,8.0,4.0,3.0,5.0,2.0,6.0,0.0
11912,2.0,0.0,0.0,4.0,4.0,5.0,2.0,1.0,8.0,4.0,3.0,5.0,2.0,6.0,37.0,21.0,-13.774999999999999,0.0,0.0,2.0,4.0,5.0,6.0,3.0,2.0,1.0,5.0,4.0,1.0,3.0,7.0,0.0
11913,0.0,0.0,2.0,4.0,5.0,6.0,3.0,2.0,1.0,5.0,4.0,1.0,3.0,7.0,49.0,49.0,-6.48,0.0,0.0,2.0,2.0,6.0,7.0,4.0,3.0,2.0,6.0,5.0,2.0,4.0,1.0,0.0
11914,0.0,0.0,2.0,2.0,6.0,7.0,4.0,3.0,2.0,6.0,5.0,2.0,4.0,1.0,29.0,9.0,-22.3,0.0,0.0,2.0,0.0,7.0,1.0,5.0,4.0,3.0,1.0,6.0,3.0,5.0,2.0,0.0
11915,0.0,0.0,2.0,0.0,7.0,1.0,5.0,4.0,3.0,1.0,6.0,3.0,5.0,2.0,4.0,34.0,-13.01,0.0,0.0,2.0,0.0,1.0,2.0,6.0,5.0,4.0,2.0,1.0,4.0,6.0,3.0,0.0
11916,0.0,0.0,2.0,0.0,1.0,2.0,6.0,5.0,4.0,2.0,1.0,4.0,6.0,3.0,17.0,43.0,-13.84,0.0,0.0,2.0,2.0,2.0,3.0,7.0,1.0,5.0,3.0,2.0,5.0,1.0,4.0,0.0
11917,0.0,0.0,2.0,2.0,2.0,3.0,7.0,1.0,5.0,3.0,2.0,5.0,1.0,4.0,12.0,14.0,-27.16,0.0,0.0,2.0,0.0,3.0,4.0,1.0,2.0,6.0,4.0,3.0,6.0,2.0,5.0,0.0
11918,0.0,0.0,2.0,0.0,3.0,4.0,1.0,2.0,6.0,4.0,3.0,6.0,2.0,5.0,36.0,39.0,-9.58,2.0,0.0,2.0,0.0,4.0,5.0,2.0,3.0,7.0,5.0,4.0,1.0,3.0,6.0,0.0
11919,2.0,0.0,2.0,0.0,4.0,5.0,2.0,3.0,7.0,5.0,4.0,1.0,3.0,6.0,2.0,21.0,-11.030000000000001,0.0,0.0,4.0,0.0,1.0,6.0,3.0,4.0,1.0,6.0,5.0,2.0,4.0,7.0,0.0
11920,0.0,0.0,4.0,0.0,1.0,6.0,3.0,4.0,1.0,6.0,5.0,2.0,4.0,7.0,17.0,7.0,-14.44,0.0,0.0,2.0,0.0,2.0,1.0,4.0,1.0,2.0,7.0,6.0,3.0,5.0,8.0,0.0
11921,0.0,0.0,2.0,0.0,2.0,1.0,4.0,1.0,2.0,7.0,6.0,3.0,5.0,8.0,49.0,47.0,-8.44,0.0,0.0,0.0,0.0,3.0,2.0,5.0,2.0,3.0,8.0,7.0,4.0,6.0,1.0,0.0
11922,0.0,0.0,0.0,0.0,3.0,2.0,5.0,2.0,3.0,8.0,7.0,4.0,6.0,1.0,39.0,34.0,-22.755000000000003,0.0,0.0,0.0,0.0,4.0,3.0,6.0,3.0,4.0,9.0,1.0,1.0,7.0,2.0,0.0
11923,0.0,0.0,0.0,0.0,4.0,3.0,6.0,3.0,4.0,9.0,1.0,1.0,7.0,2.0,2.0,43.0,-12.115,0.0,0.0,0.0,2.0,1.0,4.0,7.0,4.0,5.0,10.0,2.0,2.0,1.0,3.0,0.0
11924,0.0,0.0,0.0,2.0,1.0,4.0,7.0,4.0,5.0,10.0,2.0,2.0,1.0,3.0,6.0,28.0,-18.38,2.0,0.0,0.0,4.0,2.0,1.0,8.0,5.0,6.0,1.0,3.0,3.0,2.0,4.0,0.0
11925,2.0,0.0,0.0,4.0,2.0,1.0,8.0,5.0,6.0,1.0,3.0,3.0,2.0,4.0,2.0,13.0,-11.094999999999999,0.0,0.0,0.0,6.0,1.0,2.0,1.0,6.0,7.0,2.0,4.0,4.0,3.0,5.0,0.0
11926,0.0,0.0,0.0,6.0,1.0,2.0,1.0,6.0,7.0,2.0,4.0,4.0,3.0,5.0,36.0,15.0,-6.6,2.0,0.0,0.0,6.0,2.0,3.0,2.0,1.0,8.0,3.0,5.0,1.0,4.0,6.0,0.0
11927,2.0,0.0,0.0,6.0,2.0,3.0,2.0,1.0,8.0,3.0,5.0,1.0,4.0,6.0,2.0,21.0,-9.389999999999999,0.0,0.0,2.0,6.0,1.0,4.0,3.0,2.0,1.0,4.0,6.0,2.0,5.0,7.0,0.0
11928,0.0,0.0,2.0,6.0,1.0,4.0,3.0,2.0,1.0,4.0,6.0,2.0,5.0,7.0,49.0,14.0,-9.7,0.0,0.0,2.0,4.0,2.0,5.0,1.0,3.0,2.0,5.0,7.0,3.0,6.0,1.0,0.0
11929,0.0,0.0,2.0,4.0,2.0,5.0,1.0,3.0,2.0,5.0,7.0,3.0,6.0,1.0,36.0,21.0,-8.495000000000001,2.0,0.0,4.0,4.0,3.0,6.0,2.0,4.0,1.0,6.0,8.0,1.0,7.0,2.0,0.0
11930,2.0,0.0,4.0,4.0,3.0,6.0,2.0,4.0,1.0,6.0,8.0,1.0,7.0,2.0,2.0,21.0,-6.77,0.0,0.0,6.0,4.0,1.0,7.0,3.0,5.0,1.0,7.0,9.0,2.0,8.0,3.0,0.0
11931,0.0,0.0,6.0,4.0,1.0,7.0,3.0,5.0,1.0,7.0,9.0,2.0,8.0,3.0,36.0,9.0,-7.800000000000001,2.0,0.0,6.0,2.0,2.0,1.0,4.0,6.0,2.0,8.0,10.0,1.0,9.0,4.0,0.0
11932,2.0,0.0,6.0,2.0,2.0,1.0,4.0,6.0,2.0,8.0,10.0,1.0,9.0,4.0,2.0,34.0,-7.91,0.0,0.0,6.0,0.0,1.0,2.0,5.0,7.0,3.0,9.0,1.0,2.0,10.0,5.0,0.0
11933,0.0,0.0,6.0,0.0,1.0,2.0,5.0,7.0,3.0,9.0,1.0,2.0,10.0,5.0,17.0,43.0,-14.34,0.0,0.0,6.0,2.0,2.0,3.0,6.0,1.0,4.0,10.0,2.0,3.0,1.0,6.0,0.0
11934,0.0,0.0,6.0,2.0,2.0,3.0,6.0,1.0,4.0,10.0,2.0,3.0,1.0,6.0,29.0,25.0,-19.92,0.0,0.0,6.0,2.0,3.0,4.0,7.0,2.0,5.0,1.0,3.0,4.0,2.0,7.0,0.0
11935,0.0,0.0,6.0,2.0,3.0,4.0,7.0,2.0,5.0,1.0,3.0,4.0,2.0,7.0,49.0,34.0,-7.675,0.0,0.0,6.0,0.0,4.0,5.0,8.0,3.0,6.0,2.0,1.0,5.0,3.0,1.0,0.0
11936,0.0,0.0,6.0,0.0,4.0,5.0,8.0,3.0,6.0,2.0,1.0,5.0,3.0,1.0,2.0,14.0,-13.055,0.0,0.0,6.0,0.0,1.0,6.0,1.0,4.0,7.0,3.0,2.0,6.0,4.0,2.0,0.0
11937,0.0,0.0,6.0,0.0,1.0,6.0,1.0,4.0,7.0,3.0,2.0,6.0,4.0,2.0,39.0,21.0,-13.375,0.0,0.0,8.0,0.0,2.0,7.0,2.0,5.0,1.0,4.0,3.0,1.0,5.0,3.0,0.0
11938,0.0,0.0,8.0,0.0,2.0,7.0,2.0,5.0,1.0,4.0,3.0,1.0,5.0,3.0,2.0,9.0,-6.035,0.0,0.0,8.0,0.0,1.0,1.0,3.0,6.0,2.0,5.0,4.0,2.0,6.0,4.0,0.0
11939,0.0,0.0,8.0,0.0,1.0,1.0,3.0,6.0,2.0,5.0,4.0,2.0,6.0,4.0,35.0,51.0,-10.09,0.0,0.0,9.0,0.0,2.0,2.0,4.0,7.0,3.0,6.0,5.0,1.0,7.0,5.0,0.0
11940,0.0,0.0,9.0,0.0,2.0,2.0,4.0,7.0,3.0,6.0,5.0,1.0,7.0,5.0,2.0,34.0,-6.515000000000001,0.0,0.0,9.0,0.0,1.0,3.0,5.0,8.0,4.0,7.0,1.0,2.0,8.0,6.0,0.0
11941,0.0,0.0,9.0,0.0,1.0,3.0,5.0,8.0,4.0,7.0,1.0,2.0,8.0,6.0,2.0,37.0,-7.37,0.0,0.0,7.0,0.0,1.0,4.0,6.0,9.0,5.0,8.0,2.0,1.0,9.0,7.0,0.0
11942,0.0,0.0,7.0,0.0,1.0,4.0,6.0,9.0,5.0,8.0,2.0,1.0,9.0,7.0,2.0,53.0,-7.805,0.0,0.0,7.0,2.0,1.0,5.0,7.0,10.0,6.0,9.0,3.0,2.0,10.0,8.0,0.0
11943,0.0,0.0,7.0,2.0,1.0,5.0,7.0,10.0,6.0,9.0,3.0,2.0,10.0,8.0,2.0,53.0,-8.705,0.0,0.0,7.0,4.0,1.0,6.0,8.0,11.0,7.0,10.0,4.0,3.0,11.0,9.0,0.0
11944,0.0,0.0,7.0,4.0,1.0,6.0,8.0,11.0,7.0,10.0,4.0,3.0,11.0,9.0,2.0,53.0,-9.605,0.0,0.0,7.0,6.0,1.0,7.0,9.0,12.0,8.0,11.0,5.0,4.0,12.0,10.0,0.0
11945,0.0,0.0,7.0,6.0,1.0,7.0,9.0,12.0,8.0,11.0,5.0,4.0,12.0,10.0,2.0,44.0,-12.25,0.0,0.0,7.0,4.0,1.0,8.0,10.0,13.0,9.0,12.0,6.0,5.0,1.0,11.0,0.0
11946,0.0,0.0,7.0,4.0,1.0,8.0,10.0,13.0,9.0,12.0,6.0,5.0,1.0,11.0,49.0,33.0,-13.719999999999999,0.0,0.0,7.0,6.0,2.0,9.0,11.0,14.0,10.0,13.0,1.0,6.0,2.0,1.0,0.0
11947,0.0,0.0,7.0,6.0,2.0,9.0,11.0,14.0,10.0,13.0,1.0,6.0,2.0,1.0,2.0,28.0,-9.81,0.0,0.0,7.0,8.0,1.0,10.0,12.0,15.0,11.0,1.0,2.0,7.0,3.0,2.0,0.0
11948,0.0,0.0,7.0,8.0,1.0,10.0,12.0,15.0,11.0,1.0,2.0,7.0,3.0,2.0,2.0,14.0,-8.27,0.0,0.0,7.0,6.0,1.0,11.0,1.0,16.0,12.0,2.0,3.0,8.0,4.0,3.0,0.0
11949,0.0,0.0,7.0,6.0,1.0,11.0,1.0,16.0,12.0,2.0,3.0,8.0,4.0,3.0,2.0,17.0,-9.74,0.0,0.0,5.0,6.0,1.0,12.0,2.0,1.0,13.0,3.0,4.0,9.0,5.0,4.0,0.0
11950,0.0,0.0,5.0,6.0,1.0,12.0,2.0,1.0,13.0,3.0,4.0,9.0,5.0,4.0,54.0,24.0,-306.03000000000003,0.0,0.0,5.0,4.0,2.0,13.0,3.0,2.0,1.0,4.0,5.0,10.0,6.0,5.0,0.0
11951,0.0,0.0,5.0,4.0,2.0,13.0,3.0,2.0,1.0,4.0,5.0,10.0,6.0,5.0,5.0,5.0,-14.564999999999998,0.0,0.0,5.0,4.0,3.0,1.0,4.0,3.0,2.0,5.0,6.0,11.0,7.0,6.0,0.0
11952,0.0,0.0,5.0,4.0,3.0,1.0,4.0,3.0,2.0,5.0,6.0,11.0,7.0,6.0,35.0,39.0,-11.055,0.0,0.0,5.0,2.0,4.0,2.0,5.0,4.0,3.0,6.0,7.0,1.0,8.0,7.0,0.0
11953,0.0,0.0,5.0,2.0,4.0,2.0,5.0,4.0,3.0,6.0,7.0,1.0,8.0,7.0,49.0,34.0,-9.26,0.0,0.0,5.0,0.0,5.0,3.0,6.0,5.0,4.0,7.0,1.0,2.0,9.0,1.0,0.0
11954,0.0,0.0,5.0,0.0,5.0,3.0,6.0,5.0,4.0,7.0,1.0,2.0,9.0,1.0,2.0,22.0,-12.615,0.0,0.0,3.0,0.0,1.0,4.0,7.0,6.0,1.0,8.0,2.0,3.0,10.0,2.0,0.0
11955,0.0,0.0,3.0,0.0,1.0,4.0,7.0,6.0,1.0,8.0,2.0,3.0,10.0,2.0,17.0,5.0,-13.545,0.0,0.0,3.0,0.0,2.0,1.0,8.0,1.0,2.0,9.0,3.0,4.0,11.0,3.0,0.0
11956,0.0,0.0,3.0,0.0,2.0,1.0,8.0,1.0,2.0,9.0,3.0,4.0,11.0,3.0,40.0,43.0,-18.714999999999996,0.0,0.0,3.0,2.0,3.0,2.0,9.0,2.0,3.0,10.0,4.0,5.0,1.0,4.0,0.0
11957,0.0,0.0,3.0,2.0,3.0,2.0,9.0,2.0,3.0,10.0,4.0,5.0,1.0,4.0,12.0,28.0,-320.91499999999996,0.0,0.0,3.0,4.0,4.0,3.0,1.0,3.0,4.0,1.0,5.0,6.0,2.0,5.0,0.0
11958,0.0,0.0,3.0,4.0,4.0,3.0,1.0,3.0,4.0,1.0,5.0,6.0,2.0,5.0,4.0,33.0,-14.814999999999998,0.0,0.0,3.0,6.0,1.0,4.0,2.0,4.0,5.0,2.0,1.0,7.0,3.0,6.0,0.0
11959,0.0,0.0,3.0,6.0,1.0,4.0,2.0,4.0,5.0,2.0,1.0,7.0,3.0,6.0,49.0,43.0,-6.234999999999999,0.0,0.0,3.0,8.0,2.0,5.0,3.0,5.0,6.0,3.0,2.0,8.0,1.0,1.0,0.0
11960,0.0,0.0,3.0,8.0,2.0,5.0,3.0,5.0,6.0,3.0,2.0,8.0,1.0,1.0,54.0,39.0,-9.225000000000001,0.0,0.0,3.0,6.0,3.0,6.0,4.0,6.0,7.0,4.0,3.0,1.0,2.0,2.0,0.0
11961,0.0,0.0,3.0,6.0,3.0,6.0,4.0,6.0,7.0,4.0,3.0,1.0,2.0,2.0,34.0,24.0,-19.455000000000002,0.0,0.0,3.0,4.0,4.0,7.0,5.0,7.0,1.0,5.0,1.0,2.0,3.0,3.0,0.0
11962,0.0,0.0,3.0,4.0,4.0,7.0,5.0,7.0,1.0,5.0,1.0,2.0,3.0,3.0,17.0,17.0,-10.765,0.0,0.0,1.0,4.0,5.0,8.0,6.0,1.0,2.0,6.0,2.0,3.0,4.0,4.0,0.0
11963,0.0,0.0,1.0,4.0,5.0,8.0,6.0,1.0,2.0,6.0,2.0,3.0,4.0,4.0,12.0,42.0,-21.46,0.0,0.0,0.0,4.0,6.0,9.0,1.0,2.0,3.0,7.0,3.0,4.0,1.0,5.0,0.0
11964,0.0,0.0,0.0,4.0,6.0,9.0,1.0,2.0,3.0,7.0,3.0,4.0,1.0,5.0,49.0,5.0,-14.239999999999998,0.0,0.0,0.0,4.0,7.0,1.0,2.0,3.0,4.0,8.0,4.0,5.0,2.0,1.0,0.0
11965,0.0,0.0,0.0,4.0,7.0,1.0,2.0,3.0,4.0,8.0,4.0,5.0,2.0,1.0,0.0,28.0,-15.134999999999998,0.0,0.0,0.0,6.0,1.0,2.0,3.0,4.0,5.0,1.0,5.0,6.0,3.0,2.0,0.0
11966,0.0,0.0,0.0,6.0,1.0,2.0,3.0,4.0,5.0,1.0,5.0,6.0,3.0,2.0,54.0,18.0,-4.7299999999999995,0.0,0.0,0.0,8.0,2.0,3.0,4.0,1.0,6.0,2.0,6.0,7.0,4.0,3.0,0.0
11967,0.0,0.0,0.0,8.0,2.0,3.0,4.0,1.0,6.0,2.0,6.0,7.0,4.0,3.0,54.0,21.0,-9.625,0.0,0.0,2.0,8.0,3.0,4.0,5.0,2.0,1.0,3.0,7.0,8.0,5.0,4.0,0.0
11968,0.0,0.0,2.0,8.0,3.0,4.0,5.0,2.0,1.0,3.0,7.0,8.0,5.0,4.0,12.0,54.0,-18.03,0.0,0.0,2.0,6.0,4.0,5.0,1.0,3.0,2.0,4.0,8.0,9.0,6.0,5.0,0.0
11969,0.0,0.0,2.0,6.0,4.0,5.0,1.0,3.0,2.0,4.0,8.0,9.0,6.0,5.0,36.0,39.0,-11.62,2.0,0.0,2.0,4.0,5.0,6.0,2.0,4.0,3.0,5.0,9.0,1.0,7.0,6.0,0.0
11970,2.0,0.0,2.0,4.0,5.0,6.0,2.0,4.0,3.0,5.0,9.0,1.0,7.0,6.0,34.0,54.0,-12.805,2.0,0.0,2.0,2.0,6.0,7.0,3.0,5.0,4.0,6.0,1.0,2.0,8.0,7.0,0.0
11971,2.0,0.0,2.0,2.0,6.0,7.0,3.0,5.0,4.0,6.0,1.0,2.0,8.0,7.0,49.0,48.0,-7.0600000000000005,2.0,0.0,2.0,4.0,7.0,8.0,4.0,6.0,5.0,7.0,2.0,3.0,9.0,1.0,0.0
11972,2.0,0.0,2.0,4.0,7.0,8.0,4.0,6.0,5.0,7.0,2.0,3.0,9.0,1.0,2.0,22.0,-14.61,0.0,0.0,0.0,4.0,1.0,9.0,5.0,7.0,1.0,8.0,3.0,4.0,10.0,2.0,0.0
11973,0.0,0.0,0.0,4.0,1.0,9.0,5.0,7.0,1.0,8.0,3.0,4.0,10.0,2.0,46.0,43.0,-9.14,2.0,0.0,0.0,6.0,2.0,10.0,6.0,8.0,2.0,9.0,4.0,5.0,1.0,1.0,0.0
11974,2.0,0.0,0.0,6.0,2.0,10.0,6.0,8.0,2.0,9.0,4.0,5.0,1.0,1.0,6.0,54.0,-6.97,4.0,0.0,0.0,4.0,3.0,1.0,7.0,9.0,3.0,10.0,5.0,6.0,2.0,2.0,0.0
11975,4.0,0.0,0.0,4.0,3.0,1.0,7.0,9.0,3.0,10.0,5.0,6.0,2.0,2.0,29.0,28.0,-21.54,4.0,0.0,0.0,6.0,4.0,2.0,8.0,10.0,4.0,1.0,6.0,7.0,3.0,3.0,0.0
11976,4.0,0.0,0.0,6.0,4.0,2.0,8.0,10.0,4.0,1.0,6.0,7.0,3.0,3.0,34.0,18.0,-9.314999999999998,4.0,0.0,0.0,8.0,5.0,3.0,9.0,1.0,5.0,2.0,1.0,8.0,4.0,4.0,0.0
11977,4.0,0.0,0.0,8.0,5.0,3.0,9.0,1.0,5.0,2.0,1.0,8.0,4.0,4.0,12.0,11.0,-17.32,2.0,0.0,2.0,8.0,6.0,4.0,1.0,2.0,6.0,3.0,2.0,9.0,5.0,5.0,0.0
11978,2.0,0.0,2.0,8.0,6.0,4.0,1.0,2.0,6.0,3.0,2.0,9.0,5.0,5.0,36.0,39.0,-11.84,4.0,0.0,2.0,6.0,7.0,5.0,2.0,3.0,7.0,4.0,3.0,1.0,6.0,6.0,0.0
11979,4.0,0.0,2.0,6.0,7.0,5.0,2.0,3.0,7.0,4.0,3.0,1.0,6.0,6.0,24.0,42.0,-12.315,4.0,0.0,0.0,6.0,8.0,6.0,3.0,4.0,1.0,5.0,4.0,2.0,1.0,7.0,0.0
11980,4.0,0.0,0.0,6.0,8.0,6.0,3.0,4.0,1.0,5.0,4.0,2.0,1.0,7.0,6.0,48.0,-9.379999999999999,6.0,0.0,0.0,8.0,9.0,1.0,4.0,5.0,2.0,6.0,5.0,3.0,2.0,1.0,0.0
11981,6.0,0.0,0.0,8.0,9.0,1.0,4.0,5.0,2.0,6.0,5.0,3.0,2.0,1.0,34.0,19.0,-5.8149999999999995,6.0,0.0,0.0,6.0,10.0,2.0,5.0,1.0,3.0,7.0,1.0,4.0,3.0,2.0,0.0
11982,6.0,0.0,0.0,6.0,10.0,2.0,5.0,1.0,3.0,7.0,1.0,4.0,3.0,2.0,2.0,11.0,-6.555,4.0,0.0,2.0,6.0,1.0,3.0,1.0,2.0,4.0,8.0,2.0,5.0,4.0,3.0,0.0
11983,4.0,0.0,2.0,6.0,1.0,3.0,1.0,2.0,4.0,8.0,2.0,5.0,4.0,3.0,24.0,22.0,-17.23,4.0,0.0,0.0,6.0,2.0,4.0,2.0,3.0,1.0,9.0,3.0,6.0,5.0,4.0,0.0
11984,4.0,0.0,0.0,6.0,2.0,4.0,2.0,3.0,1.0,9.0,3.0,6.0,5.0,4.0,36.0,11.0,-7.199999999999999,6.0,0.0,2.0,6.0,3.0,5.0,1.0,4.0,2.0,10.0,4.0,1.0,6.0,5.0,0.0
11985,6.0,0.0,2.0,6.0,3.0,5.0,1.0,4.0,2.0,10.0,4.0,1.0,6.0,5.0,34.0,29.0,-11.295,6.0,0.0,2.0,4.0,4.0,6.0,2.0,5.0,3.0,1.0,1.0,2.0,7.0,6.0,0.0
11986,6.0,0.0,2.0,4.0,4.0,6.0,2.0,5.0,3.0,1.0,1.0,2.0,7.0,6.0,5.0,18.0,-4.84,6.0,0.0,2.0,6.0,5.0,1.0,3.0,1.0,4.0,2.0,2.0,3.0,8.0,7.0,0.0
11987,6.0,0.0,2.0,6.0,5.0,1.0,3.0,1.0,4.0,2.0,2.0,3.0,8.0,7.0,24.0,42.0,-10.374999999999998,6.0,0.0,0.0,6.0,6.0,2.0,4.0,2.0,1.0,3.0,3.0,4.0,1.0,8.0,0.0
11988,6.0,0.0,0.0,6.0,6.0,2.0,4.0,2.0,1.0,3.0,3.0,4.0,1.0,8.0,31.0,47.0,-5.935,8.0,0.0,0.0,6.0,7.0,3.0,5.0,3.0,2.0,4.0,1.0,5.0,2.0,1.0,0.0
11989,8.0,0.0,0.0,6.0,7.0,3.0,5.0,3.0,2.0,4.0,1.0,5.0,2.0,1.0,6.0,11.0,-7.6850000000000005,9.0,0.0,2.0,6.0,8.0,1.0,1.0,4.0,3.0,5.0,2.0,6.0,3.0,2.0,0.0
11990,9.0,0.0,2.0,6.0,8.0,1.0,1.0,4.0,3.0,5.0,2.0,6.0,3.0,2.0,29.0,39.0,-11.614999999999998,9.0,0.0,2.0,4.0,9.0,2.0,2.0,5.0,4.0,1.0,3.0,1.0,4.0,3.0,0.0
11991,9.0,0.0,2.0,4.0,9.0,2.0,2.0,5.0,4.0,1.0,3.0,1.0,4.0,3.0,34.0,48.0,-5.66,9.0,0.0,2.0,6.0,10.0,3.0,3.0,6.0,5.0,2.0,1.0,2.0,5.0,1.0,0.0
11992,9.0,0.0,2.0,6.0,10.0,3.0,3.0,6.0,5.0,2.0,1.0,2.0,5.0,1.0,2.0,18.0,-6.92,7.0,0.0,2.0,8.0,1.0,4.0,4.0,1.0,6.0,3.0,2.0,3.0,6.0,2.0,0.0
11993,7.0,0.0,2.0,8.0,1.0,4.0,4.0,1.0,6.0,3.0,2.0,3.0,6.0,2.0,34.0,22.0,-13.475,7.0,0.0,0.0,8.0,2.0,5.0,5.0,2.0,1.0,4.0,1.0,4.0,7.0,3.0,0.0
11994,7.0,0.0,0.0,8.0,2.0,5.0,5.0,2.0,1.0,4.0,1.0,4.0,7.0,3.0,37.0,11.0,-6.755,5.0,0.0,2.0,8.0,3.0,6.0,1.0,3.0,2.0,5.0,2.0,1.0,8.0,4.0,0.0
11995,5.0,0.0,2.0,8.0,3.0,6.0,1.0,3.0,2.0,5.0,2.0,1.0,8.0,4.0,34.0,42.0,-9.08,5.0,0.0,0.0,8.0,4.0,7.0,2.0,4.0,3.0,6.0,1.0,2.0,1.0,5.0,0.0
11996,5.0,0.0,0.0,8.0,4.0,7.0,2.0,4.0,3.0,6.0,1.0,2.0,1.0,5.0,6.0,11.0,-7.165,7.0,0.0,2.0,8.0,5.0,1.0,1.0,5.0,4.0,7.0,2.0,3.0,2.0,6.0,0.0
11997,7.0,0.0,2.0,8.0,5.0,1.0,1.0,5.0,4.0,7.0,2.0,3.0,2.0,6.0,24.0,48.0,-13.364999999999998,7.0,0.0,2.0,9.0,6.0,2.0,2.0,6.0,1.0,8.0,3.0,4.0,3.0,1.0,0.0
11998,7.0,0.0,2.0,9.0,6.0,2.0,2.0,6.0,1.0,8.0,3.0,4.0,3.0,1.0,29.0,11.0,-9.179999999999998,7.0,0.0,4.0,9.0,7.0,3.0,1.0,7.0,2.0,1.0,4.0,5.0,4.0,2.0,0.0
11999,7.0,0.0,4.0,9.0,7.0,3.0,1.0,7.0,2.0,1.0,4.0,5.0,4.0,2.0,34.0,18.0,-7.374999999999999,7.0,0.0,4.0,9.0,8.0,4.0,2.0,1.0,3.0,2.0,1.0,6.0,5.0,3.0,1.0
12000,3.0,1.0,1.0,4.0,1.0,1.0,1.0,1.0,1.0,1.0,1.0,1.0,1.0,1.0,34.0,11.0,-10.635,3.0,0.0,3.0,4.0,2.0,2.0,1.0,2.0,2.0,2.0,1.0,2.0,2.0,2.0,0.0
12001,3.0,0.0,3.0,4.0,2.0,2.0,1.0,2.0,2.0,2.0,1.0,2.0,2.0,2.0,24.0,11.0,-10.715,3.0,0.0,5.0,4.0,3.0,3.0,1.0,3.0,1.0,3.0,2.0,3.0,3.0,3.0,0.0
12002,3.0,0.0,5.0,4.0,3.0,3.0,1.0,3.0,1.0,3.0,2.0,3.0,3.0,3.0,36.0,39.0,-4.13,5.0,0.0,5.0,2.0,4.0,4.0,2.0,4.0,2.0,4.0,3.0,1.0,4.0,4.0,0.0
12003,5.0,0.0,5.0,2.0,4.0,4.0,2.0,4.0,2.0,4.0,3.0,1.0,4.0,4.0,29.0,48.0,-10.530000000000001,5.0,0.0,5.0,4.0,5.0,5.0,3.0,5.0,3.0,1.0,4.0,2.0,5.0,1.0,0.0
12004,5.0,0.0,5.0,4.0,5.0,5.0,3.0,5.0,3.0,1.0,4.0,2.0,5.0,1.0,34.0,34.0,-309.58,5.0,0.0,5.0,2.0,6.0,6.0,4.0,6.0,4.0,2.0,1.0,3.0,6.0,2.0,0.0
12005,5.0,0.0,5.0,2.0,6.0,6.0,4.0,6.0,4.0,2.0,1.0,3.0,6.0,2.0,29.0,37.0,-11.63,5.0,0.0,3.0,2.0,7.0,7.0,5.0,7.0,5.0,1.0,2.0,1.0,7.0,3.0,0.0
12006,5.0,0.0,3.0,2.0,7.0,7.0,5.0,7.0,5.0,1.0,2.0,1.0,7.0,3.0,34.0,17.0,-10.024999999999999,5.0,0.0,1.0,2.0,8.0,8.0,6.0,1.0,6.0,2.0,1.0,2.0,8.0,4.0,0.0
12007,5.0,0.0,1.0,2.0,8.0,8.0,6.0,1.0,6.0,2.0,1.0,2.0,8.0,4.0,4.0,24.0,-14.739999999999998,5.0,0.0,1.0,0.0,1.0,9.0,7.0,2.0,1.0,3.0,2.0,3.0,9.0,5.0,0.0
12008,5.0,0.0,1.0,0.0,1.0,9.0,7.0,2.0,1.0,3.0,2.0,3.0,9.0,5.0,7.0,11.0,-15.999999999999998,3.0,0.0,3.0,0.0,2.0,1.0,1.0,3.0,2.0,4.0,3.0,4.0,10.0,6.0,0.0
12009,3.0,0.0,3.0,0.0,2.0,1.0,1.0,3.0,2.0,4.0,3.0,4.0,10.0,6.0,14.0,43.0,-16.83,3.0,0.0,3.0,2.0,3.0,2.0,1.0,4.0,3.0,5.0,4.0,5.0,1.0,7.0,0.0
12010,3.0,0.0,3.0,2.0,3.0,2.0,1.0,4.0,3.0,5.0,4.0,5.0,1.0,7.0,37.0,48.0,-7.949999999999998,1.0,0.0,3.0,4.0,4.0,3.0,2.0,5.0,4.0,6.0,5.0,1.0,2.0,1.0,0.0
12011,1.0,0.0,3.0,4.0,4.0,3.0,2.0,5.0,4.0,6.0,5.0,1.0,2.0,1.0,34.0,21.0,-14.559999999999999,1.0,0.0,5.0,4.0,5.0,4.0,3.0,6.0,1.0,7.0,1.0,2.0,3.0,2.0,0.0
12012,1.0,0.0,5.0,4.0,5.0,4.0,3.0,6.0,1.0,7.0,1.0,2.0,3.0,2.0,0.0,11.0,-6.234999999999999,1.0,0.0,7.0,4.0,1.0,5.0,1.0,7.0,2.0,8.0,2.0,3.0,4.0,3.0,0.0
12013,1.0,0.0,7.0,4.0,1.0,5.0,1.0,7.0,2.0,8.0,2.0,3.0,4.0,3.0,36.0,29.0,-6.91,3.0,0.0,7.0,2.0,2.0,6.0,2.0,8.0,3.0,1.0,3.0,1.0,5.0,4.0,0.0
12014,3.0,0.0,7.0,2.0,2.0,6.0,2.0,8.0,3.0,1.0,3.0,1.0,5.0,4.0,34.0,17.0,-14.405,3.0,0.0,5.0,2.0,3.0,7.0,3.0,1.0,4.0,2.0,1.0,2.0,6.0,5.0,0.0
12015,3.0,0.0,5.0,2.0,3.0,7.0,3.0,1.0,4.0,2.0,1.0,2.0,6.0,5.0,37.0,9.0,-9.079999999999998,1.0,0.0,5.0,0.0,4.0,1.0,4.0,2.0,5.0,3.0,2.0,1.0,7.0,6.0,0.0
12016,1.0,0.0,5.0,0.0,4.0,1.0,4.0,2.0,5.0,3.0,2.0,1.0,7.0,6.0,4.0,24.0,-9.18,1.0,0.0,5.0,0.0,1.0,2.0,5.0,3.0,1.0,4.0,3.0,2.0,8.0,7.0,0.0
12017,1.0,0.0,5.0,0.0,1.0,2.0,5.0,3.0,1.0,4.0,3.0,2.0,8.0,7.0,17.0,44.0,-17.295,0.0,0.0,5.0,0.0,2.0,3.0,6.0,1.0,2.0,5.0,4.0,3.0,1.0,8.0,0.0
12018,0.0,0.0,5.0,0.0,2.0,3.0,6.0,1.0,2.0,5.0,4.0,3.0,1.0,8.0,45.0,7.0,-8.825,0.0,0.0,3.0,0.0,3.0,1.0,7.0,2.0,3.0,6.0,5.0,4.0,2.0,1.0,0.0
12019,0.0,0.0,3.0,0.0,3.0,1.0,7.0,2.0,3.0,6.0,5.0,4.0,2.0,1.0,4.0,2.0,-6.734999999999999,0.0,0.0,1.0,0.0,1.0,2.0,8.0,3.0,4.0,7.0,6.0,5.0,3.0,2.0,0.0
12020,0.0,0.0,1.0,0.0,1.0,2.0,8.0,3.0,4.0,7.0,6.0,5.0,3.0,2.0,34.0,2.0,-18.970000000000002,0.0,0.0,0.0,0.0,1.0,3.0,9.0,4.0,5.0,8.0,1.0,6.0,4.0,3.0,0.0
12021,0.0,0.0,0.0,0.0,1.0,3.0,9.0,4.0,5.0,8.0,1.0,6.0,4.0,3.0,0.0,11.0,-16.335,0.0,0.0,2.0,0.0,1.0,4.0,1.0,5.0,6.0,9.0,2.0,7.0,5.0,4.0,0.0
12022,0.0,0.0,2.0,0.0,1.0,4.0,1.0,5.0,6.0,9.0,2.0,7.0,5.0,4.0,36.0,35.0,-10.280000000000001,2.0,0.0,2.0,0.0,2.0,5.0,2.0,6.0,7.0,10.0,3.0,1.0,6.0,5.0,0.0
12023,2.0,0.0,2.0,0.0,2.0,5.0,2.0,6.0,7.0,10.0,3.0,1.0,6.0,5.0,29.0,49.0,-15.36,2.0,0.0,2.0,0.0,3.0,6.0,3.0,7.0,8.0,1.0,4.0,2.0,7.0,1.0,0.0
12024,2.0,0.0,2.0,0.0,3.0,6.0,3.0,7.0,8.0,1.0,4.0,2.0,7.0,1.0,34.0,17.0,-17.895,2.0,0.0,0.0,0.0,4.0,7.0,4.0,1.0,9.0,2.0,1.0,3.0,8.0,2.0,0.0
12025,2.0,0.0,0.0,0.0,4.0,7.0,4.0,1.0,9.0,2.0,1.0,3.0,8.0,2.0,4.0,24.0,-15.89,2.0,0.0,0.0,0.0,1.0,8.0,5.0,2.0,1.0,3.0,2.0,4.0,9.0,3.0,0.0
12026,2.0,0.0,0.0,0.0,1.0,8.0,5.0,2.0,1.0,3.0,2.0,4.0,9.0,3.0,17.0,9.0,-18.06,0.0,0.0,0.0,0.0,2.0,1.0,6.0,1.0,2.0,4.0,3.0,5.0,10.0,4.0,0.0
12027,0.0,0.0,0.0,0.0,2.0,1.0,6.0,1.0,2.0,4.0,3.0,5.0,10.0,4.0,41.0,43.0,-18.68,2.0,0.0,0.0,2.0,3.0,2.0,7.0,2.0,3.0,5.0,4.0,6.0,1.0,5.0,0.0
12028,2.0,0.0,0.0,2.0,3.0,2.0,7.0,2.0,3.0,5.0,4.0,6.0,1.0,5.0,0.0,47.0,-5.395,2.0,0.0,0.0,2.0,1.0,3.0,8.0,3.0,4.0,6.0,5.0,7.0,2.0,1.0,0.0
12029,2.0,0.0,0.0,2.0,1.0,3.0,8.0,3.0,4.0,6.0,5.0,7.0,2.0,1.0,29.0,2.0,-15.614999999999998,2.0,0.0,0.0,2.0,1.0,4.0,9.0,4.0,5.0,1.0,6.0,8.0,3.0,2.0,0.0
12030,2.0,0.0,0.0,2.0,1.0,4.0,9.0,4.0,5.0,1.0,6.0,8.0,3.0,2.0,36.0,33.0,-18.935,4.0,0.0,0.0,4.0,2.0,5.0,10.0,5.0,6.0,2.0,1.0,1.0,4.0,3.0,0.0
12031,4.0,0.0,0.0,4.0,2.0,5.0,10.0,5.0,6.0,2.0,1.0,1.0,4.0,3.0,34.0,11.0,-12.014999999999997,4.0,0.0,2.0,4.0,3.0,6.0,1.0,6.0,7.0,3.0,1.0,2.0,5.0,4.0,0.0
12032,4.0,0.0,2.0,4.0,3.0,6.0,1.0,6.0,7.0,3.0,1.0,2.0,5.0,4.0,2.0,15.0,-5.295,2.0,0.0,2.0,4.0,1.0,7.0,2.0,1.0,8.0,4.0,2.0,3.0,6.0,5.0,0.0
12033,2.0,0.0,2.0,4.0,1.0,7.0,2.0,1.0,8.0,4.0,2.0,3.0,6.0,5.0,36.0,24.0,-10.155000000000001,4.0,0.0,2.0,2.0,2.0,8.0,3.0,2.0,1.0,5.0,3.0,1.0,7.0,6.0,0.0
12034,4.0,0.0,2.0,2.0,2.0,8.0,3.0,2.0,1.0,5.0,3.0,1.0,7.0,6.0,45.0,9.0,-10.219999999999999,4.0,0.0,2.0,0.0,3.0,1.0,4.0,3.0,2.0,6.0,4.0,2.0,8.0,1.0,0.0
12035,4.0,0.0,2.0,0.0,3.0,1.0,4.0,3.0,2.0,6.0,4.0,2.0,8.0,1.0,41.0,44.0,-20.34,6.0,0.0,2.0,0.0,4.0,2.0,5.0,4.0,3.0,7.0,5.0,3.0,1.0,2.0,0.0
12036,6.0,0.0,2.0,0.0,4.0,2.0,5.0,4.0,3.0,7.0,5.0,3.0,1.0,2.0,29.0,6.0,-10.52,6.0,0.0,4.0,0.0,5.0,1.0,6.0,5.0,4.0,1.0,6.0,4.0,2.0,3.0,0.0
12037,6.0,0.0,4.0,0.0,5.0,1.0,6.0,5.0,4.0,1.0,6.0,4.0,2.0,3.0,34.0,6.0,-6.635,6.0,0.0,6.0,0.0,6.0,1.0,7.0,6.0,5.0,2.0,1.0,5.0,3.0,4.0,0.0
12038,6.0,0.0,6.0,0.0,6.0,1.0,7.0,6.0,5.0,2.0,1.0,5.0,3.0,4.0,0.0,37.0,-6.535,6.0,0.0,4.0,0.0,1.0,2.0,8.0,7.0,6.0,3.0,2.0,1.0,4.0,5.0,0.0
12039,6.0,0.0,4.0,0.0,1.0,2.0,8.0,7.0,6.0,3.0,2.0,1.0,4.0,5.0,34.0,37.0,-9.094999999999999,6.0,0.0,2.0,0.0,2.0,3.0,9.0,8.0,7.0,4.0,1.0,1.0,5.0,6.0,0.0
12040,6.0,0.0,2.0,0.0,2.0,3.0,9.0,8.0,7.0,4.0,1.0,1.0,5.0,6.0,2.0,15.0,-10.954999999999998,4.0,0.0,2.0,0.0,1.0,4.0,10.0,1.0,8.0,5.0,2.0,2.0,6.0,7.0,0.0
12041,4.0,0.0,2.0,0.0,1.0,4.0,10.0,1.0,8.0,5.0,2.0,2.0,6.0,7.0,45.0,24.0,-14.174999999999999,4.0,0.0,2.0,0.0,2.0,5.0,11.0,2.0,1.0,6.0,3.0,3.0,7.0,1.0,0.0
12042,4.0,0.0,2.0,0.0,2.0,5.0,11.0,2.0,1.0,6.0,3.0,3.0,7.0,1.0,14.0,11.0,-20.74,4.0,0.0,4.0,0.0,3.0,6.0,1.0,3.0,2.0,7.0,4.0,4.0,8.0,2.0,0.0
12043,4.0,0.0,4.0,0.0,3.0,6.0,1.0,3.0,2.0,7.0,4.0,4.0,8.0,2.0,36.0,9.0,-6.48,6.0,0.0,4.0,0.0,4.0,1.0,2.0,4.0,3.0,8.0,5.0,1.0,9.0,3.0,0.0
12044,6.0,0.0,4.0,0.0,4.0,1.0,2.0,4.0,3.0,8.0,5.0,1.0,9.0,3.0,28.0,29.0,-12.879999999999999,6.0,2.0,4.0,0.0,5.0,2.0,3.0,5.0,4.0,1.0,6.0,2.0,10.0,4.0,0.0
12045,6.0,2.0,4.0,0.0,5.0,2.0,3.0,5.0,4.0,1.0,6.0,2.0,10.0,4.0,4.0,37.0,-8.995000000000001,6.0,0.0,2.0,0.0,1.0,3.0,4.0,6.0,5.0,2.0,7.0,1.0,11.0,5.0,0.0
12046,6.0,0.0,2.0,0.0,1.0,3.0,4.0,6.0,5.0,2.0,7.0,1.0,11.0,5.0,34.0,12.0,-19.435000000000002,6.0,0.0,0.0,0.0,2.0,4.0,1.0,7.0,6.0,3.0,1.0,2.0,12.0,6.0,0.0
12047,6.0,0.0,0.0,0.0,2.0,4.0,1.0,7.0,6.0,3.0,1.0,2.0,12.0,6.0,40.0,15.0,-17.759999999999998,6.0,0.0,0.0,0.0,3.0,5.0,2.0,1.0,7.0,4.0,2.0,3.0,1.0,7.0,0.0
12048,6.0,0.0,0.0,0.0,3.0,5.0,2.0,1.0,7.0,4.0,2.0,3.0,1.0,7.0,37.0,45.0,-6.6,4.0,0.0,0.0,0.0,4.0,6.0,3.0,2.0,8.0,5.0,3.0,1.0,2.0,1.0,0.0
12049,4.0,0.0,0.0,0.0,4.0,6.0,3.0,2.0,8.0,5.0,3.0,1.0,2.0,1.0,2.0,6.0,-8.614999999999998,2.0,0.0,2.0,0.0,1.0,1.0,4.0,3.0,9.0,6.0,4.0,2.0,3.0,2.0,0.0
12050,2.0,0.0,2.0,0.0,1.0,1.0,4.0,3.0,9.0,6.0,4.0,2.0,3.0,2.0,54.0,24.0,-11.505,2.0,0.0,2.0,0.0,2.0,2.0,5.0,4.0,1.0,7.0,5.0,3.0,4.0,3.0,0.0
12051,2.0,0.0,2.0,0.0,2.0,2.0,5.0,4.0,1.0,7.0,5.0,3.0,4.0,3.0,17.0,12.0,-22.919999999999998,0.0,0.0,0.0,0.0,3.0,3.0,1.0,1.0,2.0,8.0,6.0,4.0,5.0,4.0,0.0
12052,0.0,0.0,0.0,0.0,3.0,3.0,1.0,1.0,2.0,8.0,6.0,4.0,5.0,4.0,45.0,0.0,-7.875,0.0,0.0,0.0,0.0,1.0,4.0,2.0,2.0,3.0,9.0,7.0,5.0,6.0,1.0,0.0
12053,0.0,0.0,0.0,0.0,1.0,4.0,2.0,2.0,3.0,9.0,7.0,5.0,6.0,1.0,40.0,30.0,-26.794999999999998,0.0,0.0,0.0,0.0,2.0,5.0,3.0,3.0,4.0,10.0,1.0,6.0,1.0,2.0,0.0
12054,0.0,0.0,0.0,0.0,2.0,5.0,3.0,3.0,4.0,10.0,1.0,6.0,1.0,2.0,0.0,36.0,-8.395,0.0,0.0,2.0,0.0,1.0,6.0,4.0,4.0,5.0,11.0,2.0,1.0,2.0,3.0,0.0
12055,0.0,0.0,2.0,0.0,1.0,6.0,4.0,4.0,5.0,11.0,2.0,1.0,2.0,3.0,45.0,25.0,-15.279999999999998,0.0,0.0,2.0,0.0,2.0,7.0,5.0,5.0,6.0,1.0,3.0,2.0,3.0,1.0,0.0
12056,0.0,0.0,2.0,0.0,2.0,7.0,5.0,5.0,6.0,1.0,3.0,2.0,3.0,1.0,54.0,6.0,-5.97,0.0,0.0,4.0,0.0,3.0,1.0,6.0,6.0,7.0,2.0,4.0,3.0,4.0,2.0,0.0
12057,0.0,0.0,4.0,0.0,3.0,1.0,6.0,6.0,7.0,2.0,4.0,3.0,4.0,2.0,4.0,33.0,-9.989999999999998,0.0,0.0,4.0,2.0,1.0,2.0,7.0,7.0,8.0,3.0,1.0,4.0,5.0,3.0,0.0
12058,0.0,0.0,4.0,2.0,1.0,2.0,7.0,7.0,8.0,3.0,1.0,4.0,5.0,3.0,54.0,12.0,-10.91,0.0,0.0,2.0,2.0,2.0,3.0,1.0,8.0,9.0,4.0,2.0,5.0,6.0,4.0,0.0
12059,0.0,0.0,2.0,2.0,2.0,3.0,1.0,8.0,9.0,4.0,2.0,5.0,6.0,4.0,36.0,15.0,-9.68,2.0,0.0,2.0,2.0,3.0,4.0,2.0,1.0,10.0,5.0,3.0,1.0,7.0,5.0,0.0
12060,2.0,0.0,2.0,2.0,3.0,4.0,2.0,1.0,10.0,5.0,3.0,1.0,7.0,5.0,4.0,24.0,-12.170000000000002,2.0,0.0,2.0,0.0,1.0,5.0,3.0,2.0,1.0,6.0,4.0,2.0,8.0,6.0,0.0
12061,2.0,0.0,2.0,0.0,1.0,5.0,3.0,2.0,1.0,6.0,4.0,2.0,8.0,6.0,45.0,42.0,-15.18,2.0,0.0,0.0,0.0,2.0,6.0,4.0,3.0,2.0,7.0,5.0,3.0,1.0,1.0,0.0
12062,2.0,0.0,0.0,0.0,2.0,6.0,4.0,3.0,2.0,7.0,5.0,3.0,1.0,1.0,6.0,6.0,-10.62,4.0,0.0,2.0,0.0,3.0,1.0,5.0,4.0,3.0,8.0,6.0,4.0,2.0,2.0,0.0
12063,4.0,0.0,2.0,0.0,3.0,1.0,5.0,4.0,3.0,8.0,6.0,4.0,2.0,2.0,29.0,6.0,-12.58,4.0,0.0,4.0,0.0,4.0,1.0,6.0,5.0,4.0,1.0,7.0,5.0,3.0,3.0,0.0
12064,4.0,0.0,4.0,0.0,4.0,1.0,6.0,5.0,4.0,1.0,7.0,5.0,3.0,3.0,4.0,33.0,-8.45,4.0,0.0,4.0,2.0,1.0,2.0,7.0,6.0,5.0,2.0,1.0,6.0,4.0,4.0,0.0
12065,4.0,0.0,4.0,2.0,1.0,2.0,7.0,6.0,5.0,2.0,1.0,6.0,4.0,4.0,14.0,37.0,-14.66,4.0,0.0,2.0,2.0,2.0,3.0,1.0,7.0,6.0,3.0,2.0,1.0,5.0,5.0,0.0
12066,4.0,0.0,2.0,2.0,2.0,3.0,1.0,7.0,6.0,3.0,2.0,1.0,5.0,5.0,9.0,15.0,-8.46,4.0,0.0,2.0,2.0,3.0,1.0,2.0,1.0,7.0,4.0,3.0,2.0,6.0,6.0,0.0
12067,4.0,0.0,2.0,2.0,3.0,1.0,2.0,1.0,7.0,4.0,3.0,2.0,6.0,6.0,4.0,24.0,-11.870000000000001,4.0,0.0,2.0,0.0,1.0,2.0,3.0,2.0,1.0,5.0,4.0,3.0,7.0,7.0,0.0
12068,4.0,0.0,2.0,0.0,1.0,2.0,3.0,2.0,1.0,5.0,4.0,3.0,7.0,7.0,9.0,47.0,-7.9399999999999995,4.0,0.0,0.0,0.0,2.0,1.0,4.0,3.0,2.0,6.0,5.0,4.0,8.0,1.0,0.0
12069,4.0,0.0,0.0,0.0,2.0,1.0,4.0,3.0,2.0,6.0,5.0,4.0,8.0,1.0,41.0,37.0,-17.659999999999997,6.0,0.0,0.0,0.0,3.0,2.0,5.0,4.0,3.0,7.0,6.0,1.0,1.0,2.0,0.0
12070,6.0,0.0,0.0,0.0,3.0,2.0,5.0,4.0,3.0,7.0,6.0,1.0,1.0,2.0,28.0,6.0,-10.32,6.0,2.0,2.0,0.0,4.0,1.0,6.0,5.0,4.0,1.0,7.0,2.0,2.0,3.0,0.0
12071,6.0,2.0,2.0,0.0,4.0,1.0,6.0,5.0,4.0,1.0,7.0,2.0,2.0,3.0,9.0,6.0,-7.5,6.0,0.0,4.0,0.0,5.0,1.0,7.0,6.0,5.0,2.0,8.0,3.0,3.0,4.0,0.0
12072,6.0,0.0,4.0,0.0,5.0,1.0,7.0,6.0,5.0,2.0,8.0,3.0,3.0,4.0,9.0,6.0,-7.16,6.0,0.0,6.0,0.0,6.0,1.0,8.0,7.0,6.0,3.0,9.0,4.0,4.0,5.0,0.0
12073,6.0,0.0,6.0,0.0,6.0,1.0,8.0,7.0,6.0,3.0,9.0,4.0,4.0,5.0,4.0,6.0,-8.235,6.0,0.0,8.0,0.0,1.0,1.0,9.0,8.0,7.0,4.0,10.0,5.0,5.0,6.0,0.0
12074,6.0,0.0,8.0,0.0,1.0,1.0,9.0,8.0,7.0,4.0,10.0,5.0,5.0,6.0,47.0,6.0,-9.465,4.0,0.0,9.0,0.0,2.0,1.0,10.0,9.0,8.0,5.0,11.0,6.0,6.0,1.0,0.0
12075,4.0,0.0,9.0,0.0,2.0,1.0,10.0,9.0,8.0,5.0,11.0,6.0,6.0,1.0,54.0,6.0,-8.195,4.0,0.0,9.0,0.0,3.0,1.0,11.0,10.0,9.0,6.0,12.0,7.0,7.0,2.0,0.0
12076,4.0,0.0,9.0,0.0,3.0,1.0,11.0,10.0,9.0,6.0,12.0,7.0,7.0,2.0,54.0,6.0,-9.095,4.0,0.0,9.0,0.0,4.0,1.0,12.0,11.0,10.0,7.0,13.0,8.0,8.0,3.0,0.0
12077,4.0,0.0,9.0,0.0,4.0,1.0,12.0,11.0,10.0,7.0,13.0,8.0,8.0,3.0,54.0,6.0,-9.995,4.0,0.0,9.0,0.0,5.0,1.0,13.0,12.0,11.0,8.0,14.0,9.0,9.0,4.0,0.0
12078,4.0,0.0,9.0,0.0,5.0,1.0,13.0,12.0,11.0,8.0,14.0,9.0,9.0,4.0,54.0,6.0,-10.895,4.0,0.0,9.0,0.0,6.0,1.0,14.0,13.0,12.0,9.0,15.0,10.0,10.0,5.0,0.0
12079,4.0,0.0,9.0,0.0,6.0,1.0,14.0,13.0,12.0,9.0,15.0,10.0,10.0,5.0,54.0,6.0,-11.795,4.0,0.0,9.0,0.0,7.0,1.0,15.0,14.0,13.0,10.0,16.0,11.0,11.0,6.0,0.0
12080,4.0,0.0,9.0,0.0,7.0,1.0,15.0,14.0,13.0,10.0,16.0,11.0,11.0,6.0,54.0,6.0,-12.695,4.0,0.0,9.0,0.0,8.0,1.0,16.0,15.0,14.0,11.0,17.0,12.0,12.0,7.0,0.0
12081,4.0,0.0,9.0,0.0,8.0,1.0,16.0,15.0,14.0,11.0,17.0,12.0,12.0,7.0,4.0,6.0,-13.26,4.0,0.0,9.0,0.0,1.0,1.0,17.0,16.0,15.0,12.0,18.0,13.0,13.0,8.0,0.0
12082,4.0,0.0,9.0,0.0,1.0,1.0,17.0,16.0,15.0,12.0,18.0,13.0,13.0,8.0,54.0,6.0,-13.695,4.0,0.0,9.0,0.0,2.0,1.0,18.0,17.0,16.0,13.0,19.0,14.0,14.0,9.0,0.0
12083,4.0,0.0,9.0,0.0,2.0,1.0,18.0,17.0,16.0,13.0,19.0,14.0,14.0,9.0,54.0,6.0,-14.594999999999999,4.0,0.0,9.0,0.0,3.0,1.0,19.0,18.0,17.0,14.0,20.0,15.0,15.0,10.0,0.0
12084,4.0,0.0,9.0,0.0,3.0,1.0,19.0,18.0,17.0,14.0,20.0,15.0,15.0,10.0,54.0,6.0,-15.495,4.0,0.0,9.0,0.0,4.0,1.0,20.0,19.0,18.0,15.0,21.0,16.0,16.0,11.0,0.0
12085,4.0,0.0,9.0,0.0,4.0,1.0,20.0,19.0,18.0,15.0,21.0,16.0,16.0,11.0,27.0,6.0,-24.504999999999995,2.0,0.0,9.0,0.0,5.0,1.0,21.0,20.0,19.0,1.0,22.0,17.0,17.0,12.0,0.0
12086,2.0,0.0,9.0,0.0,5.0,1.0,21.0,20.0,19.0,1.0,22.0,17.0,17.0,12.0,4.0,33.0,-12.575000000000001,2.0,0.0,9.0,2.0,1.0,2.0,22.0,21.0,20.0,2.0,1.0,18.0,18.0,13.0,0.0
12087,2.0,0.0,9.0,2.0,1.0,2.0,22.0,21.0,20.0,2.0,1.0,18.0,18.0,13.0,41.0,47.0,-21.634999999999998,4.0,0.0,7.0,2.0,2.0,3.0,23.0,22.0,21.0,3.0,2.0,19.0,1.0,1.0,0.0
12088,4.0,0.0,7.0,2.0,2.0,3.0,23.0,22.0,21.0,3.0,2.0,19.0,1.0,1.0,22.0,20.0,-18.055,2.0,0.0,7.0,2.0,3.0,4.0,24.0,23.0,1.0,4.0,3.0,20.0,2.0,2.0,0.0
12089,2.0,0.0,7.0,2.0,3.0,4.0,24.0,23.0,1.0,4.0,3.0,20.0,2.0,2.0,17.0,11.0,-16.215000000000003,0.0,0.0,9.0,2.0,4.0,5.0,1.0,1.0,2.0,5.0,4.0,21.0,3.0,3.0,0.0
12090,0.0,0.0,9.0,2.0,4.0,5.0,1.0,1.0,2.0,5.0,4.0,21.0,3.0,3.0,35.0,35.0,-11.395,0.0,0.0,9.0,2.0,5.0,6.0,2.0,2.0,3.0,6.0,5.0,1.0,4.0,4.0,0.0
12091,0.0,0.0,9.0,2.0,5.0,6.0,2.0,2.0,3.0,6.0,5.0,1.0,4.0,4.0,27.0,9.0,-18.945,0.0,0.0,9.0,0.0,6.0,1.0,3.0,3.0,4.0,1.0,6.0,2.0,5.0,5.0,0.0
12092,0.0,0.0,9.0,0.0,6.0,1.0,3.0,3.0,4.0,1.0,6.0,2.0,5.0,5.0,4.0,37.0,-5.97,0.0,0.0,7.0,0.0,1.0,2.0,4.0,4.0,5.0,2.0,7.0,1.0,6.0,6.0,0.0
12093,0.0,0.0,7.0,0.0,1.0,2.0,4.0,4.0,5.0,2.0,7.0,1.0,6.0,6.0,45.0,30.0,-6.6,0.0,0.0,7.0,0.0,2.0,3.0,5.0,5.0,6.0,3.0,1.0,2.0,7.0,1.0,0.0
12094,0.0,0.0,7.0,0.0,2.0,3.0,5.0,5.0,6.0,3.0,1.0,2.0,7.0,1.0,41.0,37.0,-12.434999999999999,2.0,0.0,5.0,0.0,3.0,4.0,6.0,6.0,7.0,4.0,2.0,1.0,1.0,2.0,0.0
12095,2.0,0.0,5.0,0.0,3.0,4.0,6.0,6.0,7.0,4.0,2.0,1.0,1.0,2.0,27.0,6.0,-18.525000000000002,0.0,0.0,7.0,0.0,4.0,1.0,7.0,7.0,8.0,1.0,3.0,2.0,2.0,3.0,0.0
12096,0.0,0.0,7.0,0.0,4.0,1.0,7.0,7.0,8.0,1.0,3.0,2.0,2.0,3.0,4.0,33.0,-6.734999999999999,0.0,0.0,7.0,2.0,1.0,2.0,8.0,8.0,9.0,2.0,1.0,3.0,3.0,4.0,0.0
12097,0.0,0.0,7.0,2.0,1.0,2.0,8.0,8.0,9.0,2.0,1.0,3.0,3.0,4.0,54.0,37.0,-5.265,0.0,0.0,5.0,2.0,2.0,3.0,9.0,9.0,10.0,3.0,2.0,1.0,4.0,5.0,0.0
12098,0.0,0.0,5.0,2.0,2.0,3.0,9.0,9.0,10.0,3.0,2.0,1.0,4.0,5.0,22.0,15.0,-20.639999999999997,0.0,0.0,5.0,2.0,3.0,4.0,10.0,1.0,1.0,4.0,3.0,2.0,5.0,6.0,0.0
12099,0.0,0.0,5.0,2.0,3.0,4.0,10.0,1.0,1.0,4.0,3.0,2.0,5.0,6.0,14.0,42.0,-20.915,0.0,0.0,3.0,2.0,4.0,5.0,1.0,2.0,2.0,5.0,4.0,3.0,1.0,7.0,1.0
12100,9.0,7.0,3.0,7.0,1.0,1.0,1.0,1.0,1.0,1.0,1.0,1.0,1.0,1.0,9.0,20.0,-7.224999999999999,9.0,5.0,3.0,7.0,2.0,1.0,2.0,2.0,1.0,2.0,2.0,2.0,2.0,2.0,0.0
12101,9.0,5.0,3.0,7.0,2.0,1.0,2.0,2.0,1.0,2.0,2.0,2.0,2.0,2.0,27.0,12.0,-6.739999999999998,7.0,5.0,1.0,7.0,3.0,2.0,1.0,3.0,2.0,1.0,3.0,3.0,3.0,3.0,0.0
12102,7.0,5.0,1.0,7.0,3.0,2.0,1.0,3.0,2.0,1.0,3.0,3.0,3.0,3.0,9.0,19.0,-3.52,7.0,3.0,1.0,5.0,4.0,1.0,2.0,1.0,3.0,2.0,4.0,4.0,4.0,4.0,0.0
12103,7.0,3.0,1.0,5.0,4.0,1.0,2.0,1.0,3.0,2.0,4.0,4.0,4.0,4.0,37.0,42.0,-7.285,5.0,3.0,0.0,5.0,5.0,2.0,3.0,2.0,4.0,3.0,5.0,1.0,1.0,5.0,0.0
12104,5.0,3.0,0.0,5.0,5.0,2.0,3.0,2.0,4.0,3.0,5.0,1.0,1.0,5.0,27.0,19.0,-9.955,3.0,3.0,0.0,3.0,6.0,3.0,4.0,1.0,5.0,1.0,6.0,2.0,2.0,6.0,0.0
12105,3.0,3.0,0.0,3.0,6.0,3.0,4.0,1.0,5.0,1.0,6.0,2.0,2.0,6.0,13.0,47.0,-6.545,3.0,5.0,0.0,3.0,7.0,4.0,1.0,2.0,6.0,2.0,7.0,3.0,3.0,1.0,0.0
12106,3.0,5.0,0.0,3.0,7.0,4.0,1.0,2.0,6.0,2.0,7.0,3.0,3.0,1.0,24.0,20.0,-15.624999999999998,3.0,3.0,0.0,3.0,8.0,5.0,2.0,3.0,1.0,3.0,8.0,4.0,4.0,2.0,0.0
12107,3.0,3.0,0.0,3.0,8.0,5.0,2.0,3.0,1.0,3.0,8.0,4.0,4.0,2.0,9.0,4.0,-8.04,3.0,1.0,0.0,1.0,1.0,1.0,3.0,4.0,2.0,4.0,9.0,5.0,5.0,3.0,0.0
12108,3.0,1.0,0.0,1.0,1.0,1.0,3.0,4.0,2.0,4.0,9.0,5.0,5.0,3.0,32.0,30.0,-26.585,1.0,1.0,0.0,1.0,2.0,2.0,4.0,5.0,3.0,5.0,1.0,6.0,6.0,4.0,0.0
12109,1.0,1.0,0.0,1.0,2.0,2.0,4.0,5.0,3.0,5.0,1.0,6.0,6.0,4.0,17.0,43.0,-12.999999999999996,0.0,1.0,0.0,3.0,3.0,3.0,5.0,1.0,4.0,6.0,2.0,7.0,1.0,5.0,0.0
12110,0.0,1.0,0.0,3.0,3.0,3.0,5.0,1.0,4.0,6.0,2.0,7.0,1.0,5.0,37.0,47.0,-10.01,0.0,1.0,0.0,3.0,4.0,4.0,6.0,2.0,5.0,7.0,3.0,1.0,2.0,1.0,0.0
12111,0.0,1.0,0.0,3.0,4.0,4.0,6.0,2.0,5.0,7.0,3.0,1.0,2.0,1.0,24.0,28.0,-25.0,0.0,0.0,0.0,5.0,5.0,5.0,7.0,3.0,1.0,1.0,4.0,2.0,3.0,2.0,0.0
12112,0.0,0.0,0.0,5.0,5.0,5.0,7.0,3.0,1.0,1.0,4.0,2.0,3.0,2.0,14.0,42.0,-19.885,0.0,0.0,0.0,5.0,6.0,6.0,1.0,4.0,2.0,2.0,5.0,3.0,1.0,3.0,0.0
12113,0.0,0.0,0.0,5.0,6.0,6.0,1.0,4.0,2.0,2.0,5.0,3.0,1.0,3.0,49.0,15.0,-6.234999999999999,0.0,0.0,0.0,5.0,7.0,7.0,2.0,1.0,3.0,3.0,6.0,4.0,2.0,1.0,0.0
12114,0.0,0.0,0.0,5.0,7.0,7.0,2.0,1.0,3.0,3.0,6.0,4.0,2.0,1.0,5.0,4.0,-13.739999999999998,0.0,0.0,0.0,3.0,1.0,1.0,3.0,2.0,4.0,4.0,7.0,5.0,3.0,2.0,0.0
12115,0.0,0.0,0.0,3.0,1.0,1.0,3.0,2.0,4.0,4.0,7.0,5.0,3.0,2.0,54.0,33.0,-18.689999999999998,0.0,0.0,0.0,5.0,2.0,2.0,4.0,3.0,5.0,5.0,1.0,6.0,4.0,3.0,0.0
12116,0.0,0.0,0.0,5.0,2.0,2.0,4.0,3.0,5.0,5.0,1.0,6.0,4.0,3.0,37.0,43.0,-12.024999999999999,0.0,0.0,0.0,7.0,3.0,3.0,5.0,4.0,6.0,6.0,2.0,1.0,1.0,4.0,0.0
12117,0.0,0.0,0.0,7.0,3.0,3.0,5.0,4.0,6.0,6.0,2.0,1.0,1.0,4.0,49.0,28.0,-18.224999999999998,0.0,0.0,0.0,9.0,4.0,4.0,6.0,5.0,7.0,1.0,3.0,2.0,2.0,1.0,0.0
12118,0.0,0.0,0.0,9.0,4.0,4.0,6.0,5.0,7.0,1.0,3.0,2.0,2.0,1.0,22.0,15.0,-16.63,0.0,0.0,0.0,9.0,5.0,5.0,7.0,1.0,1.0,2.0,4.0,3.0,3.0,2.0,0.0
12119,0.0,0.0,0.0,9.0,5.0,5.0,7.0,1.0,1.0,2.0,4.0,3.0,3.0,2.0,14.0,42.0,-19.885,0.0,0.0,0.0,9.0,6.0,6.0,1.0,2.0,2.0,3.0,5.0,4.0,1.0,3.0,0.0
12120,0.0,0.0,0.0,9.0,6.0,6.0,1.0,2.0,2.0,3.0,5.0,4.0,1.0,3.0,49.0,42.0,-9.325,0.0,0.0,0.0,9.0,7.0,7.0,2.0,3.0,3.0,4.0,6.0,5.0,1.0,1.0,0.0
12121,0.0,0.0,0.0,9.0,7.0,7.0,2.0,3.0,3.0,4.0,6.0,5.0,1.0,1.0,5.0,4.0,-19.0,0.0,0.0,0.0,7.0,1.0,1.0,3.0,4.0,4.0,5.0,7.0,6.0,2.0,2.0,0.0
12122,0.0,0.0,0.0,7.0,1.0,1.0,3.0,4.0,4.0,5.0,7.0,6.0,2.0,2.0,54.0,19.0,-4.5649999999999995,0.0,0.0,0.0,5.0,2.0,2.0,4.0,1.0,5.0,6.0,8.0,7.0,3.0,3.0,0.0
12123,0.0,0.0,0.0,5.0,2.0,2.0,4.0,1.0,5.0,6.0,8.0,7.0,3.0,3.0,37.0,21.0,-13.819999999999999,0.0,0.0,2.0,5.0,3.0,3.0,5.0,2.0,1.0,7.0,9.0,1.0,4.0,4.0,0.0
12124,0.0,0.0,2.0,5.0,3.0,3.0,5.0,2.0,1.0,7.0,9.0,1.0,4.0,4.0,49.0,12.0,-12.525000000000002,0.0,0.0,0.0,5.0,4.0,4.0,1.0,3.0,2.0,8.0,10.0,2.0,5.0,1.0,0.0
12125,0.0,0.0,0.0,5.0,4.0,4.0,1.0,3.0,2.0,8.0,10.0,2.0,5.0,1.0,17.0,4.0,-12.36,0.0,0.0,0.0,3.0,1.0,5.0,2.0,1.0,3.0,9.0,11.0,3.0,6.0,2.0,0.0
12126,0.0,0.0,0.0,3.0,1.0,5.0,2.0,1.0,3.0,9.0,11.0,3.0,6.0,2.0,32.0,26.0,-22.520000000000003,0.0,0.0,2.0,3.0,2.0,6.0,3.0,2.0,4.0,1.0,1.0,4.0,7.0,3.0,0.0
12127,0.0,0.0,2.0,3.0,2.0,6.0,3.0,2.0,4.0,1.0,1.0,4.0,7.0,3.0,41.0,42.0,-17.085,2.0,0.0,0.0,3.0,3.0,7.0,4.0,3.0,5.0,2.0,2.0,5.0,1.0,4.0,0.0
12128,2.0,0.0,0.0,3.0,3.0,7.0,4.0,3.0,5.0,2.0,2.0,5.0,1.0,4.0,37.0,37.0,-16.345,0.0,0.0,0.0,3.0,4.0,8.0,5.0,4.0,6.0,3.0,3.0,1.0,2.0,5.0,0.0
12129,0.0,0.0,0.0,3.0,4.0,8.0,5.0,4.0,6.0,3.0,3.0,1.0,2.0,5.0,49.0,8.0,-15.114999999999998,0.0,0.0,0.0,5.0,5.0,1.0,6.0,5.0,7.0,4.0,4.0,2.0,3.0,1.0,0.0
12130,0.0,0.0,0.0,5.0,5.0,1.0,6.0,5.0,7.0,4.0,4.0,2.0,3.0,1.0,22.0,4.0,-17.395,0.0,0.0,0.0,3.0,1.0,2.0,7.0,6.0,1.0,5.0,5.0,3.0,4.0,2.0,0.0
12131,0.0,0.0,0.0,3.0,1.0,2.0,7.0,6.0,1.0,5.0,5.0,3.0,4.0,2.0,17.0,12.0,-17.405,0.0,0.0,0.0,3.0,2.0,3.0,1.0,1.0,2.0,6.0,6.0,4.0,5.0,3.0,0.0
12132,0.0,0.0,0.0,3.0,2.0,3.0,1.0,1.0,2.0,6.0,6.0,4.0,5.0,3.0,37.0,26.0,-15.545000000000002,0.0,0.0,2.0,3.0,3.0,4.0,2.0,2.0,3.0,1.0,7.0,1.0,6.0,4.0,0.0
12133,0.0,0.0,2.0,3.0,3.0,4.0,2.0,2.0,3.0,1.0,7.0,1.0,6.0,4.0,49.0,42.0,-10.584999999999999,0.0,0.0,0.0,3.0,4.0,5.0,3.0,3.0,4.0,2.0,8.0,2.0,1.0,1.0,0.0
12134,0.0,0.0,0.0,3.0,4.0,5.0,3.0,3.0,4.0,2.0,8.0,2.0,1.0,1.0,9.0,33.0,-26.559999999999995,0.0,0.0,0.0,5.0,5.0,1.0,4.0,4.0,5.0,3.0,1.0,3.0,2.0,2.0,0.0
12135,0.0,0.0,0.0,5.0,5.0,1.0,4.0,4.0,5.0,3.0,1.0,3.0,2.0,2.0,18.0,15.0,-6.855,0.0,2.0,0.0,5.0,6.0,2.0,5.0,1.0,6.0,4.0,2.0,4.0,3.0,3.0,0.0
12136,0.0,2.0,0.0,5.0,6.0,2.0,5.0,1.0,6.0,4.0,2.0,4.0,3.0,3.0,14.0,12.0,-23.785000000000004,0.0,0.0,0.0,5.0,7.0,3.0,1.0,2.0,7.0,5.0,3.0,5.0,4.0,4.0,0.0
12137,0.0,0.0,0.0,5.0,7.0,3.0,1.0,2.0,7.0,5.0,3.0,5.0,4.0,4.0,0.0,4.0,-8.275,0.0,0.0,0.0,3.0,1.0,4.0,2.0,3.0,8.0,6.0,4.0,6.0,5.0,5.0,0.0
12138,0.0,0.0,0.0,3.0,1.0,4.0,2.0,3.0,8.0,6.0,4.0,6.0,5.0,5.0,37.0,24.0,-20.119999999999997,0.0,0.0,0.0,1.0,2.0,5.0,3.0,4.0,1.0,7.0,5.0,1.0,6.0,6.0,0.0
12139,0.0,0.0,0.0,1.0,2.0,5.0,3.0,4.0,1.0,7.0,5.0,1.0,6.0,6.0,49.0,8.0,-13.975,0.0,0.0,0.0,3.0,3.0,1.0,4.0,5.0,2.0,8.0,6.0,2.0,7.0,1.0,0.0
12140,0.0,0.0,0.0,3.0,3.0,1.0,4.0,5.0,2.0,8.0,6.0,2.0,7.0,1.0,41.0,43.0,-15.825,2.0,0.0,0.0,5.0,4.0,2.0,5.0,6.0,3.0,9.0,7.0,3.0,1.0,2.0,0.0
12141,2.0,0.0,0.0,5.0,4.0,2.0,5.0,6.0,3.0,9.0,7.0,3.0,1.0,2.0,9.0,28.0,-19.445,2.0,0.0,0.0,7.0,5.0,1.0,6.0,7.0,4.0,1.0,8.0,4.0,2.0,3.0,0.0
12142,2.0,0.0,0.0,7.0,5.0,1.0,6.0,7.0,4.0,1.0,8.0,4.0,2.0,3.0,14.0,15.0,-14.494999999999997,2.0,0.0,0.0,7.0,6.0,2.0,1.0,1.0,5.0,2.0,9.0,5.0,3.0,4.0,0.0
12143,2.0,0.0,0.0,7.0,6.0,2.0,1.0,1.0,5.0,2.0,9.0,5.0,3.0,4.0,9.0,39.0,-16.964999999999996,2.0,0.0,0.0,5.0,7.0,1.0,2.0,2.0,6.0,3.0,10.0,1.0,4.0,5.0,0.0
12144,2.0,0.0,0.0,5.0,7.0,1.0,2.0,2.0,6.0,3.0,10.0,1.0,4.0,5.0,32.0,15.0,-17.23,0.0,0.0,0.0,5.0,8.0,2.0,3.0,1.0,7.0,4.0,1.0,2.0,5.0,6.0,0.0
12145,0.0,0.0,0.0,5.0,8.0,2.0,3.0,1.0,7.0,4.0,1.0,2.0,5.0,6.0,4.0,46.0,-5.98,0.0,0.0,2.0,5.0,1.0,3.0,4.0,2.0,8.0,5.0,2.0,3.0,6.0,1.0,0.0
12146,0.0,0.0,2.0,5.0,1.0,3.0,4.0,2.0,8.0,5.0,2.0,3.0,6.0,1.0,54.0,22.0,-11.45,0.0,0.0,0.0,5.0,2.0,4.0,5.0,3.0,1.0,6.0,3.0,4.0,7.0,2.0,0.0
12147,0.0,0.0,0.0,5.0,2.0,4.0,5.0,3.0,1.0,6.0,3.0,4.0,7.0,2.0,41.0,42.0,-15.624999999999998,2.0,0.0,0.0,5.0,3.0,5.0,6.0,4.0,2.0,7.0,4.0,5.0,1.0,3.0,0.0
12148,2.0,0.0,0.0,5.0,3.0,5.0,6.0,4.0,2.0,7.0,4.0,5.0,1.0,3.0,7.0,26.0,-17.904999999999998,0.0,0.0,2.0,5.0,4.0,1.0,7.0,5.0,3.0,1.0,5.0,6.0,2.0,4.0,0.0
12149,0.0,0.0,2.0,5.0,4.0,1.0,7.0,5.0,3.0,1.0,5.0,6.0,2.0,4.0,14.0,33.0,-30.26,0.0,0.0,2.0,7.0,5.0,2.0,1.0,6.0,4.0,2.0,1.0,7.0,3.0,5.0,0.0
12150,0.0,0.0,2.0,7.0,5.0,2.0,1.0,6.0,4.0,2.0,1.0,7.0,3.0,5.0,0.0,15.0,-5.67,0.0,0.0,2.0,7.0,1.0,3.0,2.0,1.0,5.0,3.0,2.0,8.0,4.0,6.0,0.0
12151,0.0,0.0,2.0,7.0,1.0,3.0,2.0,1.0,5.0,3.0,2.0,8.0,4.0,6.0,37.0,43.0,-10.585,0.0,0.0,2.0,9.0,2.0,4.0,3.0,2.0,6.0,4.0,3.0,1.0,1.0,7.0,0.0
12152,0.0,0.0,2.0,9.0,2.0,4.0,3.0,2.0,6.0,4.0,3.0,1.0,1.0,7.0,49.0,21.0,-9.2,0.0,0.0,4.0,9.0,3.0,5.0,4.0,3.0,1.0,5.0,4.0,2.0,2.0,1.0,0.0
12153,0.0,0.0,4.0,9.0,3.0,5.0,4.0,3.0,1.0,5.0,4.0,2.0,2.0,1.0,18.0,26.0,-9.245000000000001,0.0,2.0,6.0,9.0,4.0,6.0,5.0,1.0,2.0,1.0,5.0,3.0,3.0,2.0,0.0
12154,0.0,2.0,6.0,9.0,4.0,6.0,5.0,1.0,2.0,1.0,5.0,3.0,3.0,2.0,9.0,42.0,-12.445,0.0,0.0,4.0,9.0,5.0,1.0,6.0,2.0,3.0,2.0,6.0,4.0,1.0,3.0,0.0
12155,0.0,0.0,4.0,9.0,5.0,1.0,6.0,2.0,3.0,2.0,6.0,4.0,1.0,3.0,4.0,39.0,-11.460000000000003,0.0,0.0,4.0,7.0,1.0,2.0,7.0,3.0,4.0,3.0,7.0,1.0,2.0,4.0,0.0
12156,0.0,0.0,4.0,7.0,1.0,2.0,7.0,3.0,4.0,3.0,7.0,1.0,2.0,4.0,34.0,26.0,-17.66,0.0,0.0,6.0,7.0,2.0,3.0,8.0,4.0,5.0,1.0,1.0,2.0,3.0,5.0,0.0
12157,0.0,0.0,6.0,7.0,2.0,3.0,8.0,4.0,5.0,1.0,1.0,2.0,3.0,5.0,4.0,24.0,-5.715,0.0,0.0,6.0,5.0,1.0,4.0,9.0,5.0,1.0,2.0,2.0,3.0,4.0,6.0,0.0
12158,0.0,0.0,6.0,5.0,1.0,4.0,9.0,5.0,1.0,2.0,2.0,3.0,4.0,6.0,49.0,13.0,-5.525,0.0,0.0,6.0,7.0,2.0,5.0,1.0,6.0,2.0,3.0,3.0,4.0,5.0,1.0,0.0
12159,0.0,0.0,6.0,7.0,2.0,5.0,1.0,6.0,2.0,3.0,3.0,4.0,5.0,1.0,37.0,9.0,-10.895,0.0,0.0,6.0,5.0,3.0,1.0,2.0,7.0,3.0,4.0,4.0,1.0,6.0,2.0,0.0
12160,0.0,0.0,6.0,5.0,3.0,1.0,2.0,7.0,3.0,4.0,4.0,1.0,6.0,2.0,18.0,17.0,-8.095,0.0,2.0,4.0,5.0,4.0,2.0,3.0,1.0,4.0,5.0,5.0,2.0,7.0,3.0,0.0
12161,0.0,2.0,4.0,5.0,4.0,2.0,3.0,1.0,4.0,5.0,5.0,2.0,7.0,3.0,18.0,22.0,-9.059999999999999,0.0,4.0,2.0,5.0,5.0,3.0,4.0,1.0,1.0,6.0,6.0,3.0,8.0,4.0,0.0
12162,0.0,4.0,2.0,5.0,5.0,3.0,4.0,1.0,1.0,6.0,6.0,3.0,8.0,4.0,18.0,26.0,-7.345000000000001,0.0,6.0,4.0,5.0,6.0,4.0,5.0,1.0,2.0,1.0,7.0,4.0,9.0,5.0,0.0
12163,0.0,6.0,4.0,5.0,6.0,4.0,5.0,1.0,2.0,1.0,7.0,4.0,9.0,5.0,18.0,43.0,-5.485,0.0,8.0,4.0,7.0,7.0,5.0,6.0,1.0,3.0,2.0,8.0,5.0,1.0,6.0,0.0
12164,0.0,8.0,4.0,7.0,7.0,5.0,6.0,1.0,3.0,2.0,8.0,5.0,1.0,6.0,18.0,39.0,-309.76,0.0,9.0,4.0,5.0,8.0,6.0,7.0,1.0,4.0,3.0,9.0,1.0,2.0,7.0,0.0
12165,0.0,9.0,4.0,5.0,8.0,6.0,7.0,1.0,4.0,3.0,9.0,1.0,2.0,7.0,18.0,47.0,-7.48,0.0,9.0,2.0,5.0,9.0,7.0,8.0,1.0,5.0,4.0,10.0,2.0,3.0,1.0,0.0
12166,0.0,9.0,2.0,5.0,9.0,7.0,8.0,1.0,5.0,4.0,10.0,2.0,3.0,1.0,18.0,4.0,-7.635,0.0,9.0,2.0,3.0,1.0,8.0,9.0,1.0,6.0,5.0,11.0,3.0,4.0,2.0,0.0
12167,0.0,9.0,2.0,3.0,1.0,8.0,9.0,1.0,6.0,5.0,11.0,3.0,4.0,2.0,54.0,37.0,-12.055000000000001,0.0,7.0,0.0,3.0,2.0,9.0,10.0,2.0,7.0,6.0,12.0,1.0,5.0,3.0,0.0
12168,0.0,7.0,0.0,3.0,2.0,9.0,10.0,2.0,7.0,6.0,12.0,1.0,5.0,3.0,9.0,26.0,-20.7,0.0,5.0,2.0,3.0,3.0,1.0,11.0,3.0,8.0,1.0,13.0,2.0,6.0,4.0,0.0
12169,0.0,5.0,2.0,3.0,3.0,1.0,11.0,3.0,8.0,1.0,13.0,2.0,6.0,4.0,22.0,15.0,-14.555,0.0,5.0,2.0,3.0,4.0,2.0,12.0,1.0,1.0,2.0,14.0,3.0,7.0,5.0,0.0
12170,0.0,5.0,2.0,3.0,4.0,2.0,12.0,1.0,1.0,2.0,14.0,3.0,7.0,5.0,32.0,34.0,-27.639999999999997,0.0,5.0,2.0,1.0,5.0,3.0,13.0,2.0,2.0,3.0,1.0,4.0,8.0,6.0,0.0
12171,0.0,5.0,2.0,1.0,5.0,3.0,13.0,2.0,2.0,3.0,1.0,4.0,8.0,6.0,14.0,47.0,-13.41,0.0,3.0,0.0,1.0,6.0,4.0,1.0,3.0,3.0,4.0,2.0,5.0,9.0,1.0,0.0
12172,0.0,3.0,0.0,1.0,6.0,4.0,1.0,3.0,3.0,4.0,2.0,5.0,9.0,1.0,15.0,43.0,-10.42,0.0,3.0,0.0,3.0,7.0,5.0,2.0,1.0,4.0,5.0,3.0,6.0,1.0,2.0,0.0
12173,0.0,3.0,0.0,3.0,7.0,5.0,2.0,1.0,4.0,5.0,3.0,6.0,1.0,2.0,37.0,39.0,-16.09,0.0,3.0,0.0,1.0,8.0,6.0,3.0,2.0,5.0,6.0,4.0,1.0,2.0,3.0,0.0
12174,0.0,3.0,0.0,1.0,8.0,6.0,3.0,2.0,5.0,6.0,4.0,1.0,2.0,3.0,18.0,15.0,-9.45,0.0,5.0,0.0,1.0,9.0,7.0,4.0,1.0,6.0,7.0,5.0,2.0,3.0,4.0,0.0
12175,0.0,5.0,0.0,1.0,9.0,7.0,4.0,1.0,6.0,7.0,5.0,2.0,3.0,4.0,50.0,47.0,-6.795,0.0,5.0,0.0,1.0,10.0,8.0,5.0,2.0,7.0,8.0,6.0,3.0,4.0,1.0,0.0
12176,0.0,5.0,0.0,1.0,10.0,8.0,5.0,2.0,7.0,8.0,6.0,3.0,4.0,1.0,50.0,37.0,-11.834999999999999,0.0,5.0,0.0,1.0,11.0,9.0,6.0,3.0,8.0,9.0,7.0,1.0,5.0,2.0,0.0
12177,0.0,5.0,0.0,1.0,11.0,9.0,6.0,3.0,8.0,9.0,7.0,1.0,5.0,2.0,18.0,37.0,-12.899999999999999,0.0,7.0,0.0,1.0,12.0,10.0,7.0,1.0,9.0,10.0,8.0,1.0,6.0,3.0,0.0
12178,0.0,7.0,0.0,1.0,12.0,10.0,7.0,1.0,9.0,10.0,8.0,1.0,6.0,3.0,18.0,37.0,-14.94,0.0,9.0,0.0,1.0,13.0,11.0,8.0,1.0,10.0,11.0,9.0,1.0,7.0,4.0,0.0
12179,0.0,9.0,0.0,1.0,13.0,11.0,8.0,1.0,10.0,11.0,9.0,1.0,7.0,4.0,18.0,37.0,-15.74,0.0,9.0,0.0,1.0,14.0,12.0,9.0,1.0,11.0,12.0,10.0,1.0,8.0,5.0,0.0
12180,0.0,9.0,0.0,1.0,14.0,12.0,9.0,1.0,11.0,12.0,10.0,1.0,8.0,5.0,18.0,47.0,-11.799999999999999,0.0,9.0,0.0,1.0,15.0,13.0,10.0,1.0,12.0,13.0,11.0,2.0,9.0,1.0,0.0
12181,0.0,9.0,0.0,1.0,15.0,13.0,10.0,1.0,12.0,13.0,11.0,2.0,9.0,1.0,18.0,37.0,-16.84,0.0,9.0,0.0,1.0,16.0,14.0,11.0,1.0,13.0,14.0,12.0,1.0,10.0,2.0,0.0
12182,0.0,9.0,0.0,1.0,16.0,14.0,11.0,1.0,13.0,14.0,12.0,1.0,10.0,2.0,18.0,22.0,-20.935,0.0,9.0,0.0,1.0,17.0,15.0,12.0,1.0,1.0,15.0,13.0,2.0,11.0,3.0,0.0
12183,0.0,9.0,0.0,1.0,17.0,15.0,12.0,1.0,1.0,15.0,13.0,2.0,11.0,3.0,50.0,3.0,-10.47,0.0,9.0,0.0,3.0,1.0,16.0,13.0,2.0,2.0,16.0,14.0,3.0,12.0,4.0,0.0
12184,0.0,9.0,0.0,3.0,1.0,16.0,13.0,2.0,2.0,16.0,14.0,3.0,12.0,4.0,7.0,26.0,-27.800000000000004,0.0,9.0,2.0,3.0,2.0,1.0,14.0,3.0,3.0,1.0,15.0,4.0,13.0,5.0,0.0
12185,0.0,9.0,2.0,3.0,2.0,1.0,14.0,3.0,3.0,1.0,15.0,4.0,13.0,5.0,41.0,43.0,-8.59,2.0,9.0,2.0,5.0,3.0,2.0,15.0,4.0,4.0,2.0,16.0,5.0,1.0,6.0,0.0
12186,2.0,9.0,2.0,5.0,3.0,2.0,15.0,4.0,4.0,2.0,16.0,5.0,1.0,6.0,32.0,47.0,-28.625,0.0,9.0,0.0,5.0,4.0,3.0,16.0,5.0,5.0,3.0,1.0,6.0,2.0,1.0,0.0
12187,0.0,9.0,0.0,5.0,4.0,3.0,16.0,5.0,5.0,3.0,1.0,6.0,2.0,1.0,22.0,13.0,-19.464999999999996,0.0,9.0,0.0,7.0,5.0,4.0,1.0,6.0,1.0,4.0,2.0,7.0,3.0,2.0,0.0
12188,0.0,9.0,0.0,7.0,5.0,4.0,1.0,6.0,1.0,4.0,2.0,7.0,3.0,2.0,15.0,47.0,-8.66,0.0,9.0,0.0,7.0,6.0,5.0,2.0,1.0,2.0,5.0,3.0,8.0,4.0,1.0,0.0
12189,0.0,9.0,0.0,7.0,6.0,5.0,2.0,1.0,2.0,5.0,3.0,8.0,4.0,1.0,15.0,47.0,-9.459999999999999,0.0,9.0,0.0,7.0,7.0,6.0,3.0,1.0,3.0,6.0,4.0,9.0,5.0,1.0,0.0
12190,0.0,9.0,0.0,7.0,7.0,6.0,3.0,1.0,3.0,6.0,4.0,9.0,5.0,1.0,15.0,39.0,-14.42,0.0,9.0,0.0,5.0,8.0,7.0,4.0,1.0,4.0,7.0,5.0,1.0,6.0,2.0,0.0
12191,0.0,9.0,0.0,5.0,8.0,7.0,4.0,1.0,4.0,7.0,5.0,1.0,6.0,2.0,18.0,47.0,-8.3,0.0,9.0,0.0,5.0,9.0,8.0,5.0,1.0,5.0,8.0,6.0,2.0,7.0,1.0,0.0
12192,0.0,9.0,0.0,5.0,9.0,8.0,5.0,1.0,5.0,8.0,6.0,2.0,7.0,1.0,15.0,47.0,-9.1,0.0,9.0,0.0,5.0,10.0,9.0,6.0,1.0,6.0,9.0,7.0,3.0,8.0,1.0,0.0
12193,0.0,9.0,0.0,5.0,10.0,9.0,6.0,1.0,6.0,9.0,7.0,3.0,8.0,1.0,15.0,47.0,-9.9,0.0,9.0,0.0,5.0,11.0,10.0,7.0,1.0,7.0,10.0,8.0,4.0,9.0,1.0,0.0
12194,0.0,9.0,0.0,5.0,11.0,10.0,7.0,1.0,7.0,10.0,8.0,4.0,9.0,1.0,15.0,47.0,-10.7,0.0,9.0,0.0,5.0,12.0,11.0,8.0,1.0,8.0,11.0,9.0,5.0,10.0,1.0,0.0
12195,0.0,9.0,0.0,5.0,12.0,11.0,8.0,1.0,8.0,11.0,9.0,5.0,10.0,1.0,15.0,22.0,-17.155,0.0,9.0,0.0,5.0,13.0,12.0,9.0,1.0,1.0,12.0,10.0,6.0,11.0,2.0,0.0
12196,0.0,9.0,0.0,5.0,13.0,12.0,9.0,1.0,1.0,12.0,10.0,6.0,11.0,2.0,15.0,47.0,-11.5,0.0,9.0,0.0,5.0,14.0,13.0,10.0,1.0,2.0,13.0,11.0,7.0,12.0,1.0,0.0
12197,0.0,9.0,0.0,5.0,14.0,13.0,10.0,1.0,2.0,13.0,11.0,7.0,12.0,1.0,15.0,47.0,-12.299999999999999,0.0,9.0,0.0,5.0,15.0,14.0,11.0,1.0,3.0,14.0,12.0,8.0,13.0,1.0,0.0
12198,0.0,9.0,0.0,5.0,15.0,14.0,11.0,1.0,3.0,14.0,12.0,8.0,13.0,1.0,15.0,3.0,-17.435000000000002,0.0,9.0,0.0,7.0,1.0,15.0,12.0,1.0,4.0,15.0,13.0,9.0,14.0,2.0,0.0
12199,0.0,9.0,0.0,7.0,1.0,15.0,12.0,1.0,4.0,15.0,13.0,9.0,14.0,2.0,54.0,26.0,-14.455000000000002,0.0,7.0,2.0,7.0,2.0,16.0,13.0,2.0,5.0,1.0,14.0,10.0,15.0,3.0,1.0
12200,8.0,7.0,4.0,1.0,1.0,1.0,1.0,1.0,1.0,1.0,1.0,1.0,1.0,1.0,26.0,39.0,-3.66,9.0,7.0,4.0,0.0,2.0,2.0,2.0,2.0,2.0,1.0,2.0,1.0,2.0,2.0,0.0
12201,9.0,7.0,4.0,0.0,2.0,2.0,2.0,2.0,2.0,1.0,2.0,1.0,2.0,2.0,26.0,37.0,-6.32,9.0,7.0,2.0,0.0,3.0,3.0,3.0,3.0,3.0,1.0,3.0,1.0,3.0,3.0,0.0
12202,9.0,7.0,2.0,0.0,3.0,3.0,3.0,3.0,3.0,1.0,3.0,1.0,3.0,3.0,42.0,37.0,-10.64,7.0,7.0,0.0,0.0,4.0,4.0,4.0,4.0,4.0,2.0,4.0,1.0,1.0,4.0,0.0
12203,7.0,7.0,0.0,0.0,4.0,4.0,4.0,4.0,4.0,2.0,4.0,1.0,1.0,4.0,24.0,47.0,-5.725,7.0,5.0,0.0,0.0,5.0,5.0,5.0,5.0,1.0,3.0,5.0,2.0,2.0,1.0,0.0
12204,7.0,5.0,0.0,0.0,5.0,5.0,5.0,5.0,1.0,3.0,5.0,2.0,2.0,1.0,7.0,17.0,-11.459999999999999,5.0,5.0,0.0,0.0,6.0,1.0,6.0,1.0,2.0,4.0,6.0,3.0,3.0,2.0,0.0
12205,5.0,5.0,0.0,0.0,6.0,1.0,6.0,1.0,2.0,4.0,6.0,3.0,3.0,2.0,10.0,47.0,-6.699999999999999,5.0,5.0,0.0,0.0,7.0,2.0,1.0,2.0,3.0,5.0,7.0,4.0,4.0,1.0,0.0
12206,5.0,5.0,0.0,0.0,7.0,2.0,1.0,2.0,3.0,5.0,7.0,4.0,4.0,1.0,15.0,30.0,-19.355,5.0,5.0,0.0,0.0,8.0,3.0,2.0,1.0,4.0,6.0,1.0,5.0,5.0,2.0,0.0
12207,5.0,5.0,0.0,0.0,8.0,3.0,2.0,1.0,4.0,6.0,1.0,5.0,5.0,2.0,39.0,47.0,-7.1,5.0,3.0,0.0,0.0,9.0,4.0,3.0,2.0,5.0,7.0,2.0,1.0,6.0,1.0,0.0
12208,5.0,3.0,0.0,0.0,9.0,4.0,3.0,2.0,5.0,7.0,2.0,1.0,6.0,1.0,7.0,4.0,-8.195,3.0,3.0,0.0,0.0,1.0,1.0,4.0,3.0,6.0,8.0,3.0,2.0,7.0,2.0,0.0
12209,3.0,3.0,0.0,0.0,1.0,1.0,4.0,3.0,6.0,8.0,3.0,2.0,7.0,2.0,42.0,47.0,-10.0,1.0,3.0,0.0,0.0,2.0,2.0,5.0,4.0,7.0,9.0,4.0,3.0,1.0,1.0,0.0
12210,1.0,3.0,0.0,0.0,2.0,2.0,5.0,4.0,7.0,9.0,4.0,3.0,1.0,1.0,22.0,26.0,-21.179999999999996,0.0,3.0,2.0,0.0,3.0,3.0,6.0,5.0,1.0,1.0,5.0,4.0,2.0,2.0,0.0
12211,0.0,3.0,2.0,0.0,3.0,3.0,6.0,5.0,1.0,1.0,5.0,4.0,2.0,2.0,15.0,33.0,-12.809999999999999,0.0,3.0,2.0,2.0,4.0,4.0,7.0,1.0,2.0,2.0,1.0,5.0,3.0,3.0,0.0
12212,0.0,3.0,2.0,2.0,4.0,4.0,7.0,1.0,2.0,2.0,1.0,5.0,3.0,3.0,12.0,13.0,-15.745,0.0,3.0,2.0,4.0,5.0,5.0,1.0,2.0,3.0,3.0,2.0,6.0,4.0,4.0,0.0
12213,0.0,3.0,2.0,4.0,5.0,5.0,1.0,2.0,3.0,3.0,2.0,6.0,4.0,4.0,49.0,47.0,-6.425,0.0,1.0,0.0,4.0,6.0,6.0,2.0,3.0,4.0,4.0,3.0,7.0,5.0,1.0,0.0
12214,0.0,1.0,0.0,4.0,6.0,6.0,2.0,3.0,4.0,4.0,3.0,7.0,5.0,1.0,39.0,16.0,-10.919999999999998,0.0,0.0,2.0,4.0,7.0,7.0,3.0,1.0,5.0,5.0,4.0,1.0,6.0,2.0,0.0
12215,0.0,0.0,2.0,4.0,7.0,7.0,3.0,1.0,5.0,5.0,4.0,1.0,6.0,2.0,49.0,17.0,-7.8999999999999995,0.0,0.0,0.0,4.0,8.0,8.0,4.0,1.0,6.0,6.0,5.0,2.0,7.0,1.0,0.0
12216,0.0,0.0,0.0,4.0,8.0,8.0,4.0,1.0,6.0,6.0,5.0,2.0,7.0,1.0,7.0,17.0,-14.2,0.0,0.0,0.0,4.0,9.0,1.0,5.0,1.0,7.0,7.0,6.0,3.0,8.0,2.0,0.0
12217,0.0,0.0,0.0,4.0,9.0,1.0,5.0,1.0,7.0,7.0,6.0,3.0,8.0,2.0,2.0,44.0,-12.415,0.0,0.0,0.0,2.0,1.0,2.0,6.0,2.0,8.0,8.0,7.0,4.0,1.0,3.0,0.0
12218,0.0,0.0,0.0,2.0,1.0,2.0,6.0,2.0,8.0,8.0,7.0,4.0,1.0,3.0,22.0,26.0,-22.355000000000004,0.0,0.0,2.0,2.0,2.0,3.0,7.0,3.0,1.0,1.0,8.0,5.0,2.0,4.0,0.0
12219,0.0,0.0,2.0,2.0,2.0,3.0,7.0,3.0,1.0,1.0,8.0,5.0,2.0,4.0,49.0,33.0,-14.715,0.0,0.0,2.0,4.0,3.0,4.0,8.0,4.0,2.0,2.0,1.0,6.0,3.0,1.0,0.0
12220,0.0,0.0,2.0,4.0,3.0,4.0,8.0,4.0,2.0,2.0,1.0,6.0,3.0,1.0,39.0,13.0,-11.68,0.0,0.0,2.0,6.0,4.0,5.0,1.0,5.0,3.0,3.0,2.0,1.0,4.0,2.0,0.0
12221,0.0,0.0,2.0,6.0,4.0,5.0,1.0,5.0,3.0,3.0,2.0,1.0,4.0,2.0,49.0,17.0,-5.779999999999999,0.0,0.0,0.0,6.0,5.0,6.0,2.0,1.0,4.0,4.0,3.0,2.0,5.0,1.0,0.0
12222,0.0,0.0,0.0,6.0,5.0,6.0,2.0,1.0,4.0,4.0,3.0,2.0,5.0,1.0,49.0,17.0,-6.58,0.0,0.0,0.0,6.0,6.0,7.0,3.0,1.0,5.0,5.0,4.0,3.0,6.0,1.0,0.0
12223,0.0,0.0,0.0,6.0,6.0,7.0,3.0,1.0,5.0,5.0,4.0,3.0,6.0,1.0,7.0,40.0,-14.96,0.0,0.0,0.0,6.0,7.0,1.0,4.0,2.0,6.0,6.0,5.0,4.0,1.0,2.0,0.0
12224,0.0,0.0,0.0,6.0,7.0,1.0,4.0,2.0,6.0,6.0,5.0,4.0,1.0,2.0,22.0,44.0,-19.755,0.0,0.0,0.0,4.0,8.0,2.0,5.0,3.0,1.0,7.0,6.0,5.0,1.0,3.0,0.0
12225,0.0,0.0,0.0,4.0,8.0,2.0,5.0,3.0,1.0,7.0,6.0,5.0,1.0,3.0,49.0,12.0,-13.600000000000001,0.0,0.0,0.0,4.0,9.0,3.0,1.0,4.0,2.0,8.0,7.0,6.0,2.0,1.0,0.0
12226,0.0,0.0,0.0,4.0,9.0,3.0,1.0,4.0,2.0,8.0,7.0,6.0,2.0,1.0,39.0,4.0,-11.395,0.0,0.0,0.0,2.0,1.0,4.0,2.0,5.0,3.0,9.0,8.0,1.0,3.0,2.0,0.0
12227,0.0,0.0,0.0,2.0,1.0,4.0,2.0,5.0,3.0,9.0,8.0,1.0,3.0,2.0,27.0,26.0,-24.98,0.0,0.0,2.0,2.0,2.0,5.0,3.0,6.0,4.0,1.0,9.0,2.0,4.0,3.0,0.0
12228,0.0,0.0,2.0,2.0,2.0,5.0,3.0,6.0,4.0,1.0,9.0,2.0,4.0,3.0,49.0,33.0,-15.015,0.0,0.0,2.0,4.0,3.0,6.0,4.0,7.0,5.0,2.0,1.0,3.0,5.0,1.0,0.0
12229,0.0,0.0,2.0,4.0,3.0,6.0,4.0,7.0,5.0,2.0,1.0,3.0,5.0,1.0,2.0,17.0,-6.335,0.0,0.0,0.0,4.0,1.0,7.0,5.0,1.0,6.0,3.0,2.0,4.0,6.0,2.0,0.0
12230,0.0,0.0,0.0,4.0,1.0,7.0,5.0,1.0,6.0,3.0,2.0,4.0,6.0,2.0,7.0,40.0,-15.799999999999999,0.0,0.0,0.0,4.0,2.0,1.0,6.0,2.0,7.0,4.0,3.0,5.0,1.0,3.0,0.0
12231,0.0,0.0,0.0,4.0,2.0,1.0,6.0,2.0,7.0,4.0,3.0,5.0,1.0,3.0,22.0,44.0,-21.735,0.0,0.0,0.0,2.0,3.0,2.0,7.0,3.0,1.0,5.0,4.0,6.0,1.0,4.0,0.0
12232,0.0,0.0,0.0,2.0,3.0,2.0,7.0,3.0,1.0,5.0,4.0,6.0,1.0,4.0,12.0,47.0,-17.759999999999998,0.0,0.0,0.0,2.0,4.0,3.0,1.0,4.0,2.0,6.0,5.0,7.0,2.0,1.0,0.0
12233,0.0,0.0,0.0,2.0,4.0,3.0,1.0,4.0,2.0,6.0,5.0,7.0,2.0,1.0,39.0,39.0,-15.579999999999998,0.0,0.0,0.0,0.0,5.0,4.0,2.0,5.0,3.0,7.0,6.0,1.0,3.0,2.0,0.0
12234,0.0,0.0,0.0,0.0,5.0,4.0,2.0,5.0,3.0,7.0,6.0,1.0,3.0,2.0,49.0,52.0,-6.77,0.0,0.0,0.0,0.0,6.0,5.0,3.0,6.0,4.0,8.0,7.0,2.0,4.0,1.0,0.0
12235,0.0,0.0,0.0,0.0,6.0,5.0,3.0,6.0,4.0,8.0,7.0,2.0,4.0,1.0,49.0,52.0,-7.67,0.0,0.0,0.0,0.0,7.0,6.0,4.0,7.0,5.0,9.0,8.0,3.0,5.0,1.0,0.0
12236,0.0,0.0,0.0,0.0,7.0,6.0,4.0,7.0,5.0,9.0,8.0,3.0,5.0,1.0,7.0,52.0,-14.27,0.0,0.0,0.0,0.0,8.0,1.0,5.0,8.0,6.0,10.0,9.0,4.0,6.0,2.0,0.0
12237,0.0,0.0,0.0,0.0,8.0,1.0,5.0,8.0,6.0,10.0,9.0,4.0,6.0,2.0,2.0,52.0,-7.805,0.0,0.0,0.0,0.0,1.0,2.0,6.0,9.0,7.0,11.0,10.0,5.0,7.0,3.0,0.0
12238,0.0,0.0,0.0,0.0,1.0,2.0,6.0,9.0,7.0,11.0,10.0,5.0,7.0,3.0,22.0,44.0,-27.554999999999996,0.0,0.0,0.0,0.0,2.0,3.0,7.0,10.0,1.0,12.0,11.0,6.0,1.0,4.0,0.0
12239,0.0,0.0,0.0,0.0,2.0,3.0,7.0,10.0,1.0,12.0,11.0,6.0,1.0,4.0,27.0,52.0,-19.450000000000003,0.0,0.0,0.0,0.0,3.0,4.0,8.0,11.0,2.0,1.0,12.0,7.0,2.0,5.0,0.0
12240,0.0,0.0,0.0,0.0,3.0,4.0,8.0,11.0,2.0,1.0,12.0,7.0,2.0,5.0,49.0,33.0,-19.835,0.0,0.0,0.0,2.0,4.0,5.0,9.0,12.0,3.0,2.0,1.0,8.0,3.0,1.0,0.0
12241,0.0,0.0,0.0,2.0,4.0,5.0,9.0,12.0,3.0,2.0,1.0,8.0,3.0,1.0,17.0,18.0,-11.419999999999998,0.0,0.0,0.0,4.0,5.0,6.0,10.0,1.0,4.0,3.0,2.0,9.0,4.0,2.0,0.0
12242,0.0,0.0,0.0,4.0,5.0,6.0,10.0,1.0,4.0,3.0,2.0,9.0,4.0,2.0,12.0,11.0,-21.96,0.0,0.0,2.0,4.0,6.0,7.0,1.0,2.0,5.0,4.0,3.0,10.0,5.0,3.0,0.0
12243,0.0,0.0,2.0,4.0,6.0,7.0,1.0,2.0,5.0,4.0,3.0,10.0,5.0,3.0,39.0,52.0,-10.489999999999998,0.0,0.0,0.0,4.0,7.0,8.0,2.0,3.0,6.0,5.0,4.0,1.0,6.0,4.0,0.0
12244,0.0,0.0,0.0,4.0,7.0,8.0,2.0,3.0,6.0,5.0,4.0,1.0,6.0,4.0,38.0,42.0,-14.819999999999999,0.0,2.0,0.0,4.0,8.0,9.0,3.0,4.0,7.0,6.0,5.0,1.0,1.0,5.0,0.0
12245,0.0,2.0,0.0,4.0,8.0,9.0,3.0,4.0,7.0,6.0,5.0,1.0,1.0,5.0,49.0,52.0,-7.57,0.0,0.0,0.0,4.0,9.0,10.0,4.0,5.0,8.0,7.0,6.0,2.0,2.0,1.0,0.0
12246,0.0,0.0,0.0,4.0,9.0,10.0,4.0,5.0,8.0,7.0,6.0,2.0,2.0,1.0,2.0,52.0,-7.205,0.0,0.0,0.0,4.0,1.0,11.0,5.0,6.0,9.0,8.0,7.0,3.0,3.0,2.0,0.0
12247,0.0,0.0,0.0,4.0,1.0,11.0,5.0,6.0,9.0,8.0,7.0,3.0,3.0,2.0,7.0,52.0,-13.77,0.0,0.0,0.0,4.0,2.0,1.0,6.0,7.0,10.0,9.0,8.0,4.0,4.0,3.0,0.0
12248,0.0,0.0,0.0,4.0,2.0,1.0,6.0,7.0,10.0,9.0,8.0,4.0,4.0,3.0,22.0,44.0,-23.134999999999998,0.0,0.0,0.0,2.0,3.0,2.0,7.0,8.0,1.0,10.0,9.0,5.0,1.0,4.0,0.0
12249,0.0,0.0,0.0,2.0,3.0,2.0,7.0,8.0,1.0,10.0,9.0,5.0,1.0,4.0,49.0,52.0,-7.77,0.0,0.0,0.0,2.0,4.0,3.0,8.0,9.0,2.0,11.0,10.0,6.0,2.0,1.0,0.0
12250,0.0,0.0,0.0,2.0,4.0,3.0,8.0,9.0,2.0,11.0,10.0,6.0,2.0,1.0,7.0,52.0,-14.669999999999998,0.0,0.0,0.0,2.0,5.0,1.0,9.0,10.0,3.0,12.0,11.0,7.0,3.0,2.0,0.0
12251,0.0,0.0,0.0,2.0,5.0,1.0,9.0,10.0,3.0,12.0,11.0,7.0,3.0,2.0,40.0,52.0,-17.229999999999997,0.0,0.0,0.0,2.0,6.0,2.0,10.0,11.0,4.0,13.0,12.0,8.0,1.0,3.0,0.0
12252,0.0,0.0,0.0,2.0,6.0,2.0,10.0,11.0,4.0,13.0,12.0,8.0,1.0,3.0,2.0,52.0,-9.105,0.0,0.0,0.0,2.0,1.0,3.0,11.0,12.0,5.0,14.0,13.0,9.0,2.0,4.0,0.0
12253,0.0,0.0,0.0,2.0,1.0,3.0,11.0,12.0,5.0,14.0,13.0,9.0,2.0,4.0,6.0,52.0,-12.75,2.0,0.0,0.0,2.0,2.0,1.0,12.0,13.0,6.0,15.0,14.0,10.0,3.0,5.0,0.0
12254,2.0,0.0,0.0,2.0,2.0,1.0,12.0,13.0,6.0,15.0,14.0,10.0,3.0,5.0,7.0,52.0,-17.369999999999997,0.0,0.0,0.0,2.0,3.0,1.0,13.0,14.0,7.0,16.0,15.0,11.0,4.0,6.0,0.0
12255,0.0,0.0,0.0,2.0,3.0,1.0,13.0,14.0,7.0,16.0,15.0,11.0,4.0,6.0,22.0,52.0,-20.925,0.0,0.0,0.0,2.0,4.0,2.0,14.0,15.0,1.0,17.0,16.0,12.0,5.0,7.0,0.0
12256,0.0,0.0,0.0,2.0,4.0,2.0,14.0,15.0,1.0,17.0,16.0,12.0,5.0,7.0,7.0,52.0,-18.47,0.0,0.0,0.0,2.0,5.0,1.0,15.0,16.0,2.0,18.0,17.0,13.0,6.0,8.0,0.0
12257,0.0,0.0,0.0,2.0,5.0,1.0,15.0,16.0,2.0,18.0,17.0,13.0,6.0,8.0,7.0,52.0,-19.369999999999997,0.0,0.0,0.0,2.0,6.0,1.0,16.0,17.0,3.0,19.0,18.0,14.0,7.0,9.0,0.0
12258,0.0,0.0,0.0,2.0,6.0,1.0,16.0,17.0,3.0,19.0,18.0,14.0,7.0,9.0,7.0,52.0,-20.27,0.0,0.0,0.0,2.0,7.0,1.0,17.0,18.0,4.0,20.0,19.0,15.0,8.0,10.0,0.0
12259,0.0,0.0,0.0,2.0,7.0,1.0,17.0,18.0,4.0,20.0,19.0,15.0,8.0,10.0,7.0,52.0,-21.17,0.0,0.0,0.0,2.0,8.0,1.0,18.0,19.0,5.0,21.0,20.0,16.0,9.0,11.0,0.0
12260,0.0,0.0,0.0,2.0,8.0,1.0,18.0,19.0,5.0,21.0,20.0,16.0,9.0,11.0,7.0,52.0,-22.07,0.0,0.0,0.0,2.0,9.0,1.0,19.0,20.0,6.0,22.0,21.0,17.0,10.0,12.0,0.0
12261,0.0,0.0,0.0,2.0,9.0,1.0,19.0,20.0,6.0,22.0,21.0,17.0,10.0,12.0,7.0,52.0,-22.97,0.0,0.0,0.0,2.0,10.0,1.0,20.0,21.0,7.0,23.0,22.0,18.0,11.0,13.0,0.0
12262,0.0,0.0,0.0,2.0,10.0,1.0,20.0,21.0,7.0,23.0,22.0,18.0,11.0,13.0,7.0,52.0,-23.869999999999997,0.0,0.0,0.0,2.0,11.0,1.0,21.0,22.0,8.0,24.0,23.0,19.0,12.0,14.0,0.0
12263,0.0,0.0,0.0,2.0,11.0,1.0,21.0,22.0,8.0,24.0,23.0,19.0,12.0,14.0,7.0,52.0,-24.769999999999996,0.0,0.0,0.0,2.0,12.0,1.0,22.0,23.0,9.0,25.0,24.0,20.0,13.0,15.0,0.0
12264,0.0,0.0,0.0,2.0,12.0,1.0,22.0,23.0,9.0,25.0,24.0,20.0,13.0,15.0,49.0,52.0,-18.07,0.0,0.0,0.0,2.0,13.0,2.0,23.0,24.0,10.0,26.0,25.0,21.0,14.0,1.0,0.0
12265,0.0,0.0,0.0,2.0,13.0,2.0,23.0,24.0,10.0,26.0,25.0,21.0,14.0,1.0,40.0,52.0,-25.729999999999997,0.0,0.0,0.0,2.0,14.0,3.0,24.0,25.0,11.0,27.0,26.0,22.0,1.0,2.0,0.0
12266,0.0,0.0,0.0,2.0,14.0,3.0,24.0,25.0,11.0,27.0,26.0,22.0,1.0,2.0,22.0,39.0,-30.715,0.0,0.0,0.0,0.0,15.0,4.0,25.0,26.0,1.0,28.0,27.0,1.0,2.0,3.0,0.0
12267,0.0,0.0,0.0,0.0,15.0,4.0,25.0,26.0,1.0,28.0,27.0,1.0,2.0,3.0,34.0,52.0,-24.365000000000002,0.0,0.0,0.0,0.0,16.0,5.0,26.0,27.0,2.0,29.0,1.0,2.0,3.0,4.0,0.0
12268,0.0,0.0,0.0,0.0,16.0,5.0,26.0,27.0,2.0,29.0,1.0,2.0,3.0,4.0,2.0,38.0,-18.294999999999998,0.0,0.0,0.0,2.0,1.0,6.0,27.0,28.0,3.0,30.0,2.0,1.0,4.0,5.0,0.0
12269,0.0,0.0,0.0,2.0,1.0,6.0,27.0,28.0,3.0,30.0,2.0,1.0,4.0,5.0,6.0,53.0,-15.75,2.0,0.0,0.0,4.0,2.0,1.0,28.0,29.0,4.0,31.0,3.0,2.0,5.0,6.0,0.0
12270,2.0,0.0,0.0,4.0,2.0,1.0,28.0,29.0,4.0,31.0,3.0,2.0,5.0,6.0,6.0,53.0,-14.17,4.0,0.0,0.0,6.0,3.0,1.0,29.0,30.0,5.0,32.0,4.0,3.0,6.0,7.0,0.0
12271,4.0,0.0,0.0,6.0,3.0,1.0,29.0,30.0,5.0,32.0,4.0,3.0,6.0,7.0,25.0,53.0,-16.31,4.0,0.0,0.0,8.0,4.0,2.0,30.0,31.0,6.0,1.0,5.0,4.0,7.0,8.0,0.0
12272,4.0,0.0,0.0,8.0,4.0,2.0,30.0,31.0,6.0,1.0,5.0,4.0,7.0,8.0,22.0,15.0,-15.935,2.0,0.0,0.0,8.0,5.0,3.0,31.0,1.0,1.0,2.0,6.0,5.0,8.0,9.0,0.0
12273,2.0,0.0,0.0,8.0,5.0,3.0,31.0,1.0,1.0,2.0,6.0,5.0,8.0,9.0,12.0,11.0,-21.12,0.0,0.0,2.0,8.0,6.0,4.0,1.0,2.0,2.0,3.0,7.0,6.0,9.0,10.0,0.0
12274,0.0,0.0,2.0,8.0,6.0,4.0,1.0,2.0,2.0,3.0,7.0,6.0,9.0,10.0,49.0,42.0,-9.059999999999999,0.0,0.0,0.0,8.0,7.0,5.0,2.0,3.0,3.0,4.0,8.0,7.0,1.0,1.0,0.0
12275,0.0,0.0,0.0,8.0,7.0,5.0,2.0,3.0,3.0,4.0,8.0,7.0,1.0,1.0,31.0,52.0,-12.205,2.0,0.0,0.0,8.0,8.0,6.0,3.0,4.0,4.0,5.0,1.0,8.0,2.0,2.0,0.0
12276,2.0,0.0,0.0,8.0,8.0,6.0,3.0,4.0,4.0,5.0,1.0,8.0,2.0,2.0,0.0,52.0,-4.965,2.0,0.0,0.0,8.0,1.0,7.0,4.0,5.0,5.0,6.0,2.0,9.0,3.0,3.0,0.0
12277,2.0,0.0,0.0,8.0,1.0,7.0,4.0,5.0,5.0,6.0,2.0,9.0,3.0,3.0,7.0,18.0,-14.375,0.0,0.0,0.0,9.0,2.0,1.0,5.0,1.0,6.0,7.0,3.0,10.0,4.0,4.0,0.0
12278,0.0,0.0,0.0,9.0,2.0,1.0,5.0,1.0,6.0,7.0,3.0,10.0,4.0,4.0,38.0,44.0,-12.424999999999999,0.0,2.0,0.0,7.0,3.0,2.0,6.0,2.0,7.0,8.0,4.0,1.0,1.0,5.0,0.0
12279,0.0,2.0,0.0,7.0,3.0,2.0,6.0,2.0,7.0,8.0,4.0,1.0,1.0,5.0,21.0,27.0,-19.52,2.0,2.0,0.0,7.0,4.0,3.0,7.0,3.0,1.0,1.0,5.0,2.0,2.0,6.0,0.0
12280,2.0,2.0,0.0,7.0,4.0,3.0,7.0,3.0,1.0,1.0,5.0,2.0,2.0,6.0,49.0,52.0,-5.35,2.0,0.0,0.0,7.0,5.0,4.0,8.0,4.0,2.0,2.0,6.0,3.0,3.0,1.0,0.0
12281,2.0,0.0,0.0,7.0,5.0,4.0,8.0,4.0,2.0,2.0,6.0,3.0,3.0,1.0,12.0,52.0,-17.33,0.0,0.0,0.0,7.0,6.0,5.0,1.0,5.0,3.0,3.0,7.0,4.0,4.0,2.0,0.0
12282,0.0,0.0,0.0,7.0,6.0,5.0,1.0,5.0,3.0,3.0,7.0,4.0,4.0,2.0,49.0,52.0,-6.97,0.0,0.0,0.0,7.0,7.0,6.0,2.0,6.0,4.0,4.0,8.0,5.0,5.0,1.0,0.0
12283,0.0,0.0,0.0,7.0,7.0,6.0,2.0,6.0,4.0,4.0,8.0,5.0,5.0,1.0,2.0,52.0,-6.805,0.0,0.0,0.0,7.0,1.0,7.0,3.0,7.0,5.0,5.0,9.0,6.0,6.0,2.0,0.0
12284,0.0,0.0,0.0,7.0,1.0,7.0,3.0,7.0,5.0,5.0,9.0,6.0,6.0,2.0,7.0,18.0,-14.774999999999999,0.0,0.0,0.0,9.0,2.0,1.0,4.0,1.0,6.0,6.0,10.0,7.0,7.0,3.0,0.0
12285,0.0,0.0,0.0,9.0,2.0,1.0,4.0,1.0,6.0,6.0,10.0,7.0,7.0,3.0,54.0,44.0,-7.635,0.0,0.0,0.0,7.0,3.0,2.0,5.0,2.0,7.0,7.0,11.0,8.0,1.0,4.0,0.0
12286,0.0,0.0,0.0,7.0,3.0,2.0,5.0,2.0,7.0,7.0,11.0,8.0,1.0,4.0,31.0,39.0,-20.22,2.0,0.0,0.0,5.0,4.0,3.0,6.0,3.0,8.0,8.0,1.0,1.0,2.0,5.0,0.0
12287,2.0,0.0,0.0,5.0,4.0,3.0,6.0,3.0,8.0,8.0,1.0,1.0,2.0,5.0,21.0,24.0,-18.095,4.0,0.0,0.0,3.0,5.0,4.0,7.0,4.0,1.0,9.0,2.0,2.0,3.0,6.0,0.0
12288,4.0,0.0,0.0,3.0,5.0,4.0,7.0,4.0,1.0,9.0,2.0,2.0,3.0,6.0,7.0,31.0,-17.72,2.0,0.0,2.0,3.0,6.0,1.0,8.0,5.0,2.0,10.0,1.0,3.0,4.0,7.0,0.0
12289,2.0,0.0,2.0,3.0,6.0,1.0,8.0,5.0,2.0,10.0,1.0,3.0,4.0,7.0,49.0,47.0,-7.325,2.0,0.0,0.0,3.0,7.0,2.0,9.0,6.0,3.0,11.0,2.0,4.0,5.0,1.0,0.0
12290,2.0,0.0,0.0,3.0,7.0,2.0,9.0,6.0,3.0,11.0,2.0,4.0,5.0,1.0,0.0,52.0,-5.765,2.0,0.0,0.0,3.0,1.0,3.0,10.0,7.0,4.0,12.0,3.0,5.0,6.0,2.0,0.0
12291,2.0,0.0,0.0,3.0,1.0,3.0,10.0,7.0,4.0,12.0,3.0,5.0,6.0,2.0,7.0,53.0,-14.37,0.0,0.0,0.0,5.0,2.0,1.0,11.0,8.0,5.0,13.0,4.0,6.0,7.0,3.0,0.0
12292,0.0,0.0,0.0,5.0,2.0,1.0,11.0,8.0,5.0,13.0,4.0,6.0,7.0,3.0,22.0,53.0,-18.125,0.0,0.0,0.0,7.0,3.0,2.0,12.0,9.0,1.0,14.0,5.0,7.0,8.0,4.0,0.0
12293,0.0,0.0,0.0,7.0,3.0,2.0,12.0,9.0,1.0,14.0,5.0,7.0,8.0,4.0,0.0,44.0,-11.36,0.0,0.0,0.0,5.0,1.0,3.0,13.0,10.0,2.0,15.0,6.0,8.0,1.0,5.0,0.0
12294,0.0,0.0,0.0,5.0,1.0,3.0,13.0,10.0,2.0,15.0,6.0,8.0,1.0,5.0,6.0,53.0,-11.75,2.0,0.0,0.0,7.0,2.0,1.0,14.0,11.0,3.0,16.0,7.0,9.0,2.0,6.0,0.0
12295,2.0,0.0,0.0,7.0,2.0,1.0,14.0,11.0,3.0,16.0,7.0,9.0,2.0,6.0,6.0,53.0,-10.17,4.0,0.0,0.0,9.0,3.0,1.0,15.0,12.0,4.0,17.0,8.0,10.0,3.0,7.0,0.0
12296,4.0,0.0,0.0,9.0,3.0,1.0,15.0,12.0,4.0,17.0,8.0,10.0,3.0,7.0,6.0,19.0,-9.095,6.0,0.0,0.0,7.0,4.0,1.0,16.0,1.0,5.0,18.0,9.0,11.0,4.0,8.0,0.0
12297,6.0,0.0,0.0,7.0,4.0,1.0,16.0,1.0,5.0,18.0,9.0,11.0,4.0,8.0,6.0,27.0,-18.425,8.0,0.0,0.0,7.0,5.0,1.0,17.0,2.0,6.0,1.0,10.0,12.0,5.0,9.0,0.0
12298,8.0,0.0,0.0,7.0,5.0,1.0,17.0,2.0,6.0,1.0,10.0,12.0,5.0,9.0,14.0,39.0,-21.485,8.0,0.0,0.0,5.0,6.0,2.0,1.0,3.0,7.0,2.0,11.0,1.0,6.0,10.0,0.0
12299,8.0,0.0,0.0,5.0,6.0,2.0,1.0,3.0,7.0,2.0,11.0,1.0,6.0,10.0,30.0,45.0,-5.66,8.0,0.0,0.0,5.0,7.0,3.0,2.0,4.0,8.0,3.0,1.0,2.0,7.0,1.0,1.0
12300,2.0,2.0,6.0,1.0,1.0,1.0,1.0,1.0,1.0,1.0,1.0,1.0,1.0,1.0,54.0,25.0,-5.154999999999999,2.0,0.0,6.0,1.0,2.0,2.0,2.0,2.0,2.0,1.0,2.0,2.0,2.0,2.0,0.0
12301,2.0,0.0,6.0,1.0,2.0,2.0,2.0,2.0,2.0,1.0,2.0,2.0,2.0,2.0,37.0,39.0,-8.899999999999999,0.0,0.0,6.0,0.0,3.0,3.0,3.0,3.0,3.0,2.0,3.0,1.0,3.0,3.0,0.0
12302,0.0,0.0,6.0,0.0,3.0,3.0,3.0,3.0,3.0,2.0,3.0,1.0,3.0,3.0,49.0,25.0,-10.02,0.0,0.0,6.0,0.0,4.0,4.0,4.0,4.0,4.0,1.0,4.0,2.0,4.0,1.0,0.0
12303,0.0,0.0,6.0,0.0,4.0,4.0,4.0,4.0,4.0,1.0,4.0,2.0,4.0,1.0,52.0,39.0,-4.31,0.0,0.0,6.0,0.0,5.0,5.0,5.0,5.0,5.0,2.0,5.0,1.0,5.0,2.0,0.0
12304,0.0,0.0,6.0,0.0,5.0,5.0,5.0,5.0,5.0,2.0,5.0,1.0,5.0,2.0,40.0,20.0,-18.415,0.0,0.0,6.0,0.0,6.0,6.0,6.0,6.0,1.0,3.0,6.0,2.0,1.0,3.0,0.0
12305,0.0,0.0,6.0,0.0,6.0,6.0,6.0,6.0,1.0,3.0,6.0,2.0,1.0,3.0,6.0,52.0,-9.05,2.0,0.0,4.0,0.0,7.0,1.0,7.0,7.0,2.0,4.0,7.0,3.0,2.0,4.0,0.0
12306,2.0,0.0,4.0,0.0,7.0,1.0,7.0,7.0,2.0,4.0,7.0,3.0,2.0,4.0,4.0,52.0,-5.165,2.0,0.0,2.0,0.0,1.0,2.0,8.0,8.0,3.0,5.0,8.0,4.0,3.0,5.0,0.0
12307,2.0,0.0,2.0,0.0,1.0,2.0,8.0,8.0,3.0,5.0,8.0,4.0,3.0,5.0,6.0,52.0,-7.67,4.0,0.0,0.0,0.0,2.0,1.0,9.0,9.0,4.0,6.0,9.0,5.0,4.0,6.0,0.0
12308,4.0,0.0,0.0,0.0,2.0,1.0,9.0,9.0,4.0,6.0,9.0,5.0,4.0,6.0,7.0,52.0,-11.05,2.0,0.0,0.0,0.0,3.0,1.0,10.0,10.0,5.0,7.0,10.0,6.0,5.0,7.0,0.0
12309,2.0,0.0,0.0,0.0,3.0,1.0,10.0,10.0,5.0,7.0,10.0,6.0,5.0,7.0,11.0,52.0,-14.77,4.0,0.0,0.0,0.0,4.0,2.0,1.0,11.0,6.0,8.0,11.0,7.0,6.0,8.0,0.0
12310,4.0,0.0,0.0,0.0,4.0,2.0,1.0,11.0,6.0,8.0,11.0,7.0,6.0,8.0,7.0,39.0,-17.04,2.0,0.0,0.0,0.0,5.0,1.0,2.0,12.0,7.0,9.0,12.0,1.0,7.0,9.0,0.0
12311,2.0,0.0,0.0,0.0,5.0,1.0,2.0,12.0,7.0,9.0,12.0,1.0,7.0,9.0,49.0,15.0,-12.84,2.0,0.0,0.0,0.0,6.0,2.0,3.0,1.0,8.0,10.0,13.0,2.0,8.0,1.0,0.0
12312,2.0,0.0,0.0,0.0,6.0,2.0,3.0,1.0,8.0,10.0,13.0,2.0,8.0,1.0,40.0,30.0,-25.535,2.0,0.0,0.0,0.0,7.0,3.0,4.0,2.0,9.0,11.0,1.0,3.0,1.0,2.0,0.0
12313,2.0,0.0,0.0,0.0,7.0,3.0,4.0,2.0,9.0,11.0,1.0,3.0,1.0,2.0,21.0,25.0,-22.675,4.0,0.0,0.0,0.0,8.0,4.0,5.0,3.0,1.0,1.0,2.0,4.0,2.0,3.0,0.0
12314,4.0,0.0,0.0,0.0,8.0,4.0,5.0,3.0,1.0,1.0,2.0,4.0,2.0,3.0,7.0,52.0,-8.549999999999999,2.0,0.0,0.0,0.0,9.0,1.0,6.0,4.0,2.0,2.0,3.0,5.0,3.0,4.0,0.0
12315,2.0,0.0,0.0,0.0,9.0,1.0,6.0,4.0,2.0,2.0,3.0,5.0,3.0,4.0,4.0,52.0,-4.465,2.0,0.0,0.0,0.0,1.0,2.0,7.0,5.0,3.0,3.0,4.0,6.0,4.0,5.0,0.0
12316,2.0,0.0,0.0,0.0,1.0,2.0,7.0,5.0,3.0,3.0,4.0,6.0,4.0,5.0,7.0,46.0,-14.219999999999999,0.0,0.0,2.0,0.0,2.0,1.0,8.0,6.0,4.0,4.0,5.0,7.0,5.0,1.0,0.0
12317,0.0,0.0,2.0,0.0,2.0,1.0,8.0,6.0,4.0,4.0,5.0,7.0,5.0,1.0,40.0,39.0,-17.119999999999997,0.0,0.0,2.0,0.0,3.0,2.0,9.0,7.0,5.0,5.0,6.0,1.0,1.0,2.0,0.0
12318,0.0,0.0,2.0,0.0,3.0,2.0,9.0,7.0,5.0,5.0,6.0,1.0,1.0,2.0,6.0,50.0,-9.55,2.0,0.0,2.0,0.0,4.0,1.0,10.0,8.0,6.0,6.0,7.0,2.0,2.0,3.0,0.0
12319,2.0,0.0,2.0,0.0,4.0,1.0,10.0,8.0,6.0,6.0,7.0,2.0,2.0,3.0,6.0,50.0,-7.97,4.0,0.0,2.0,0.0,5.0,1.0,11.0,9.0,7.0,7.0,8.0,3.0,3.0,4.0,0.0
12320,4.0,0.0,2.0,0.0,5.0,1.0,11.0,9.0,7.0,7.0,8.0,3.0,3.0,4.0,6.0,50.0,-7.63,6.0,0.0,2.0,0.0,6.0,1.0,12.0,10.0,8.0,8.0,9.0,4.0,4.0,5.0,0.0
12321,6.0,0.0,2.0,0.0,6.0,1.0,12.0,10.0,8.0,8.0,9.0,4.0,4.0,5.0,27.0,52.0,-13.41,4.0,0.0,0.0,0.0,7.0,2.0,13.0,11.0,9.0,1.0,10.0,5.0,5.0,6.0,0.0
12322,4.0,0.0,0.0,0.0,7.0,2.0,13.0,11.0,9.0,1.0,10.0,5.0,5.0,6.0,34.0,52.0,-11.084999999999999,4.0,0.0,0.0,0.0,8.0,3.0,14.0,12.0,10.0,2.0,1.0,6.0,6.0,7.0,0.0
12323,4.0,0.0,0.0,0.0,8.0,3.0,14.0,12.0,10.0,2.0,1.0,6.0,6.0,7.0,21.0,46.0,-11.934999999999999,6.0,0.0,2.0,0.0,9.0,4.0,15.0,13.0,1.0,3.0,2.0,7.0,7.0,1.0,0.0
12324,6.0,0.0,2.0,0.0,9.0,4.0,15.0,13.0,1.0,3.0,2.0,7.0,7.0,1.0,1.0,52.0,-10.485,8.0,0.0,0.0,0.0,1.0,5.0,16.0,14.0,2.0,4.0,3.0,8.0,8.0,2.0,0.0
12325,8.0,0.0,0.0,0.0,1.0,5.0,16.0,14.0,2.0,4.0,3.0,8.0,8.0,2.0,7.0,18.0,-9.120000000000001,6.0,0.0,0.0,2.0,2.0,1.0,17.0,1.0,3.0,5.0,4.0,9.0,9.0,3.0,0.0
12326,6.0,0.0,0.0,2.0,2.0,1.0,17.0,1.0,3.0,5.0,4.0,9.0,9.0,3.0,35.0,13.0,-11.24,6.0,0.0,0.0,4.0,3.0,2.0,1.0,2.0,4.0,6.0,5.0,1.0,10.0,4.0,0.0
12327,6.0,0.0,0.0,4.0,3.0,2.0,1.0,2.0,4.0,6.0,5.0,1.0,10.0,4.0,40.0,22.0,-19.674999999999997,6.0,0.0,0.0,4.0,4.0,3.0,2.0,3.0,1.0,7.0,6.0,2.0,1.0,5.0,0.0
12328,6.0,0.0,0.0,4.0,4.0,3.0,2.0,3.0,1.0,7.0,6.0,2.0,1.0,5.0,6.0,52.0,-5.029999999999999,8.0,0.0,0.0,4.0,5.0,1.0,3.0,4.0,2.0,8.0,7.0,3.0,2.0,6.0,0.0
12329,8.0,0.0,0.0,4.0,5.0,1.0,3.0,4.0,2.0,8.0,7.0,3.0,2.0,6.0,27.0,45.0,-9.28,6.0,0.0,0.0,4.0,6.0,2.0,4.0,5.0,3.0,1.0,8.0,4.0,3.0,1.0,0.0
12330,6.0,0.0,0.0,4.0,6.0,2.0,4.0,5.0,3.0,1.0,8.0,4.0,3.0,1.0,34.0,18.0,-5.415,6.0,0.0,0.0,6.0,7.0,3.0,5.0,1.0,4.0,2.0,1.0,5.0,4.0,2.0,0.0
12331,6.0,0.0,0.0,6.0,7.0,3.0,5.0,1.0,4.0,2.0,1.0,5.0,4.0,2.0,37.0,18.0,-5.66,4.0,0.0,0.0,8.0,8.0,4.0,6.0,1.0,5.0,3.0,2.0,1.0,5.0,3.0,0.0
12332,4.0,0.0,0.0,8.0,8.0,4.0,6.0,1.0,5.0,3.0,2.0,1.0,5.0,3.0,4.0,40.0,-6.755,4.0,0.0,0.0,8.0,1.0,5.0,7.0,2.0,6.0,4.0,3.0,2.0,1.0,4.0,0.0
12333,4.0,0.0,0.0,8.0,1.0,5.0,7.0,2.0,6.0,4.0,3.0,2.0,1.0,4.0,6.0,52.0,-4.93,6.0,0.0,0.0,8.0,2.0,1.0,8.0,3.0,7.0,5.0,4.0,3.0,2.0,5.0,0.0
12334,6.0,0.0,0.0,8.0,2.0,1.0,8.0,3.0,7.0,5.0,4.0,3.0,2.0,5.0,27.0,11.0,-13.0,4.0,0.0,2.0,8.0,3.0,2.0,1.0,4.0,8.0,1.0,5.0,4.0,3.0,6.0,0.0
12335,4.0,0.0,2.0,8.0,3.0,2.0,1.0,4.0,8.0,1.0,5.0,4.0,3.0,6.0,38.0,18.0,-6.535,4.0,2.0,2.0,9.0,4.0,3.0,2.0,1.0,9.0,2.0,6.0,1.0,4.0,7.0,0.0
12336,4.0,2.0,2.0,9.0,4.0,3.0,2.0,1.0,9.0,2.0,6.0,1.0,4.0,7.0,27.0,22.0,-21.16,2.0,2.0,0.0,9.0,5.0,4.0,3.0,2.0,1.0,1.0,7.0,2.0,5.0,8.0,0.0
12337,2.0,2.0,0.0,9.0,5.0,4.0,3.0,2.0,1.0,1.0,7.0,2.0,5.0,8.0,9.0,46.0,-13.984999999999998,2.0,0.0,2.0,9.0,6.0,1.0,4.0,3.0,2.0,2.0,8.0,3.0,6.0,1.0,0.0
12338,2.0,0.0,2.0,9.0,6.0,1.0,4.0,3.0,2.0,2.0,8.0,3.0,6.0,1.0,4.0,54.0,-4.465,2.0,0.0,2.0,7.0,1.0,2.0,5.0,4.0,3.0,3.0,9.0,4.0,7.0,2.0,0.0
12339,2.0,0.0,2.0,7.0,1.0,2.0,5.0,4.0,3.0,3.0,9.0,4.0,7.0,2.0,27.0,22.0,-26.72,0.0,0.0,0.0,7.0,2.0,3.0,6.0,5.0,1.0,1.0,10.0,5.0,8.0,3.0,0.0
12340,0.0,0.0,0.0,7.0,2.0,3.0,6.0,5.0,1.0,1.0,10.0,5.0,8.0,3.0,17.0,18.0,-12.495000000000001,0.0,0.0,0.0,9.0,3.0,4.0,7.0,1.0,2.0,2.0,11.0,6.0,9.0,4.0,0.0
12341,0.0,0.0,0.0,9.0,3.0,4.0,7.0,1.0,2.0,2.0,11.0,6.0,9.0,4.0,9.0,54.0,-13.87,0.0,0.0,0.0,7.0,4.0,1.0,8.0,2.0,3.0,3.0,12.0,7.0,10.0,5.0,0.0
12342,0.0,0.0,0.0,7.0,4.0,1.0,8.0,2.0,3.0,3.0,12.0,7.0,10.0,5.0,4.0,46.0,-9.94,0.0,0.0,2.0,7.0,1.0,2.0,9.0,3.0,4.0,4.0,13.0,8.0,11.0,1.0,0.0
12343,0.0,0.0,2.0,7.0,1.0,2.0,9.0,3.0,4.0,4.0,13.0,8.0,11.0,1.0,40.0,54.0,-15.729999999999999,0.0,0.0,2.0,5.0,2.0,3.0,10.0,4.0,5.0,5.0,14.0,9.0,1.0,2.0,0.0
12344,0.0,0.0,2.0,5.0,2.0,3.0,10.0,4.0,5.0,5.0,14.0,9.0,1.0,2.0,27.0,39.0,-22.305,0.0,0.0,2.0,3.0,3.0,4.0,11.0,5.0,6.0,1.0,15.0,1.0,2.0,3.0,0.0
12345,0.0,0.0,2.0,3.0,3.0,4.0,11.0,5.0,6.0,1.0,15.0,1.0,2.0,3.0,34.0,31.0,-22.115000000000002,0.0,0.0,4.0,3.0,4.0,5.0,12.0,6.0,7.0,2.0,1.0,2.0,3.0,4.0,0.0
12346,0.0,0.0,4.0,3.0,4.0,5.0,12.0,6.0,7.0,2.0,1.0,2.0,3.0,4.0,12.0,13.0,-19.125,0.0,0.0,4.0,5.0,5.0,6.0,1.0,7.0,8.0,3.0,2.0,3.0,4.0,5.0,0.0
12347,0.0,0.0,4.0,5.0,5.0,6.0,1.0,7.0,8.0,3.0,2.0,3.0,4.0,5.0,4.0,17.0,-6.37,0.0,0.0,2.0,5.0,1.0,7.0,2.0,1.0,9.0,4.0,3.0,4.0,5.0,6.0,0.0
12348,0.0,0.0,2.0,5.0,1.0,7.0,2.0,1.0,9.0,4.0,3.0,4.0,5.0,6.0,44.0,22.0,-21.779999999999998,0.0,0.0,0.0,5.0,2.0,8.0,3.0,2.0,1.0,5.0,4.0,5.0,1.0,7.0,0.0
12349,0.0,0.0,0.0,5.0,2.0,8.0,3.0,2.0,1.0,5.0,4.0,5.0,1.0,7.0,6.0,46.0,-8.725,2.0,0.0,2.0,5.0,3.0,1.0,4.0,3.0,2.0,6.0,5.0,6.0,2.0,1.0,0.0
12350,2.0,0.0,2.0,5.0,3.0,1.0,4.0,3.0,2.0,6.0,5.0,6.0,2.0,1.0,27.0,26.0,-20.285,0.0,0.0,4.0,5.0,4.0,2.0,5.0,4.0,3.0,1.0,6.0,7.0,3.0,2.0,0.0
12351,0.0,0.0,4.0,5.0,4.0,2.0,5.0,4.0,3.0,1.0,6.0,7.0,3.0,2.0,4.0,39.0,-6.7,0.0,0.0,4.0,3.0,1.0,3.0,6.0,5.0,4.0,2.0,7.0,1.0,4.0,3.0,0.0
12352,0.0,0.0,4.0,3.0,1.0,3.0,6.0,5.0,4.0,2.0,7.0,1.0,4.0,3.0,27.0,22.0,-22.6,0.0,0.0,2.0,3.0,2.0,4.0,7.0,6.0,1.0,1.0,8.0,2.0,5.0,4.0,0.0
12353,0.0,0.0,2.0,3.0,2.0,4.0,7.0,6.0,1.0,1.0,8.0,2.0,5.0,4.0,17.0,12.0,-17.805,0.0,0.0,0.0,3.0,3.0,5.0,1.0,1.0,2.0,2.0,9.0,3.0,6.0,5.0,0.0
12354,0.0,0.0,0.0,3.0,3.0,5.0,1.0,1.0,2.0,2.0,9.0,3.0,6.0,5.0,44.0,46.0,-13.984999999999998,0.0,0.0,2.0,3.0,4.0,6.0,2.0,2.0,3.0,3.0,10.0,4.0,1.0,1.0,0.0
12355,0.0,0.0,2.0,3.0,4.0,6.0,2.0,2.0,3.0,3.0,10.0,4.0,1.0,1.0,27.0,23.0,-21.98,0.0,0.0,2.0,5.0,5.0,7.0,3.0,3.0,1.0,1.0,11.0,5.0,2.0,2.0,0.0
12356,0.0,0.0,2.0,5.0,5.0,7.0,3.0,3.0,1.0,1.0,11.0,5.0,2.0,2.0,27.0,54.0,-18.85,0.0,0.0,2.0,3.0,6.0,8.0,4.0,4.0,2.0,1.0,12.0,6.0,3.0,3.0,0.0
12357,0.0,0.0,2.0,3.0,6.0,8.0,4.0,4.0,2.0,1.0,12.0,6.0,3.0,3.0,27.0,33.0,-28.78,0.0,0.0,2.0,5.0,7.0,9.0,5.0,5.0,3.0,1.0,1.0,7.0,4.0,4.0,0.0
12358,0.0,0.0,2.0,5.0,7.0,9.0,5.0,5.0,3.0,1.0,1.0,7.0,4.0,4.0,5.0,46.0,-314.065,0.0,0.0,4.0,5.0,8.0,1.0,6.0,6.0,4.0,2.0,2.0,8.0,5.0,1.0,0.0
12359,0.0,0.0,4.0,5.0,8.0,1.0,6.0,6.0,4.0,2.0,2.0,8.0,5.0,1.0,4.0,39.0,-6.800000000000001,0.0,0.0,4.0,3.0,1.0,2.0,7.0,7.0,5.0,3.0,3.0,1.0,6.0,2.0,0.0
12360,0.0,0.0,4.0,3.0,1.0,2.0,7.0,7.0,5.0,3.0,3.0,1.0,6.0,2.0,27.0,17.0,-19.355,0.0,0.0,2.0,3.0,2.0,3.0,8.0,1.0,6.0,1.0,4.0,2.0,7.0,3.0,0.0
12361,0.0,0.0,2.0,3.0,2.0,3.0,8.0,1.0,6.0,1.0,4.0,2.0,7.0,3.0,4.0,42.0,-10.62,0.0,0.0,0.0,3.0,1.0,4.0,9.0,2.0,7.0,2.0,5.0,3.0,1.0,4.0,0.0
12362,0.0,0.0,0.0,3.0,1.0,4.0,9.0,2.0,7.0,2.0,5.0,3.0,1.0,4.0,27.0,46.0,-18.305,0.0,0.0,2.0,3.0,2.0,5.0,10.0,3.0,8.0,1.0,6.0,4.0,2.0,1.0,0.0
12363,0.0,0.0,2.0,3.0,2.0,5.0,10.0,3.0,8.0,1.0,6.0,4.0,2.0,1.0,27.0,20.0,-22.900000000000002,0.0,0.0,2.0,3.0,3.0,6.0,11.0,4.0,1.0,1.0,7.0,5.0,3.0,2.0,0.0
12364,0.0,0.0,2.0,3.0,3.0,6.0,11.0,4.0,1.0,1.0,7.0,5.0,3.0,2.0,17.0,14.0,-17.905,0.0,0.0,2.0,1.0,4.0,7.0,1.0,1.0,2.0,2.0,8.0,6.0,4.0,3.0,0.0
12365,0.0,0.0,2.0,1.0,4.0,7.0,1.0,1.0,2.0,2.0,8.0,6.0,4.0,3.0,5.0,23.0,-16.919999999999998,0.0,0.0,2.0,3.0,5.0,1.0,2.0,2.0,1.0,3.0,9.0,7.0,5.0,4.0,0.0
12366,0.0,0.0,2.0,3.0,5.0,1.0,2.0,2.0,1.0,3.0,9.0,7.0,5.0,4.0,4.0,39.0,-8.04,0.0,0.0,2.0,1.0,1.0,2.0,3.0,3.0,2.0,4.0,10.0,1.0,6.0,5.0,0.0
12367,0.0,0.0,2.0,1.0,1.0,2.0,3.0,3.0,2.0,4.0,10.0,1.0,6.0,5.0,27.0,31.0,-21.28,0.0,0.0,4.0,1.0,2.0,3.0,4.0,4.0,3.0,1.0,1.0,2.0,7.0,6.0,0.0
12368,0.0,0.0,4.0,1.0,2.0,3.0,4.0,4.0,3.0,1.0,1.0,2.0,7.0,6.0,17.0,42.0,-15.445,0.0,0.0,2.0,1.0,3.0,4.0,5.0,1.0,4.0,2.0,2.0,3.0,1.0,7.0,0.0
12369,0.0,0.0,2.0,1.0,3.0,4.0,5.0,1.0,4.0,2.0,2.0,3.0,1.0,7.0,49.0,46.0,-7.0649999999999995,0.0,0.0,4.0,1.0,4.0,5.0,6.0,2.0,5.0,3.0,3.0,4.0,2.0,1.0,0.0
12370,0.0,0.0,4.0,1.0,4.0,5.0,6.0,2.0,5.0,3.0,3.0,4.0,2.0,1.0,27.0,50.0,-18.150000000000002,0.0,0.0,4.0,1.0,5.0,6.0,7.0,3.0,6.0,1.0,4.0,5.0,3.0,2.0,0.0
12371,0.0,0.0,4.0,1.0,5.0,6.0,7.0,3.0,6.0,1.0,4.0,5.0,3.0,2.0,27.0,50.0,-19.05,0.0,0.0,4.0,1.0,6.0,7.0,8.0,4.0,7.0,1.0,5.0,6.0,4.0,3.0,0.0
12372,0.0,0.0,4.0,1.0,6.0,7.0,8.0,4.0,7.0,1.0,5.0,6.0,4.0,3.0,27.0,5.0,-20.955000000000002,0.0,0.0,4.0,1.0,7.0,1.0,9.0,5.0,8.0,1.0,6.0,7.0,5.0,4.0,0.0
12373,0.0,0.0,4.0,1.0,7.0,1.0,9.0,5.0,8.0,1.0,6.0,7.0,5.0,4.0,4.0,33.0,-11.355,0.0,0.0,4.0,3.0,1.0,2.0,10.0,6.0,9.0,2.0,1.0,8.0,6.0,5.0,0.0
12374,0.0,0.0,4.0,3.0,1.0,2.0,10.0,6.0,9.0,2.0,1.0,8.0,6.0,5.0,21.0,46.0,-15.139999999999999,2.0,0.0,6.0,3.0,2.0,3.0,11.0,7.0,1.0,3.0,2.0,9.0,7.0,1.0,0.0
12375,2.0,0.0,6.0,3.0,2.0,3.0,11.0,7.0,1.0,3.0,2.0,9.0,7.0,1.0,17.0,13.0,-10.465,0.0,0.0,6.0,5.0,3.0,4.0,1.0,1.0,2.0,4.0,3.0,10.0,8.0,2.0,0.0
12376,0.0,0.0,6.0,5.0,3.0,4.0,1.0,1.0,2.0,4.0,3.0,10.0,8.0,2.0,38.0,42.0,-309.665,0.0,2.0,4.0,5.0,4.0,5.0,2.0,2.0,3.0,5.0,4.0,1.0,1.0,3.0,0.0
12377,0.0,2.0,4.0,5.0,4.0,5.0,2.0,2.0,3.0,5.0,4.0,1.0,1.0,3.0,27.0,27.0,-20.705,0.0,2.0,2.0,5.0,5.0,6.0,3.0,3.0,4.0,1.0,5.0,2.0,2.0,4.0,0.0
12378,0.0,2.0,2.0,5.0,5.0,6.0,3.0,3.0,4.0,1.0,5.0,2.0,2.0,4.0,27.0,42.0,-18.924999999999997,0.0,2.0,0.0,5.0,6.0,7.0,4.0,4.0,5.0,1.0,6.0,3.0,1.0,5.0,0.0
12379,0.0,2.0,0.0,5.0,6.0,7.0,4.0,4.0,5.0,1.0,6.0,3.0,1.0,5.0,27.0,46.0,-16.845,0.0,2.0,2.0,5.0,7.0,8.0,5.0,5.0,6.0,1.0,7.0,4.0,2.0,1.0,0.0
12380,0.0,2.0,2.0,5.0,7.0,8.0,5.0,5.0,6.0,1.0,7.0,4.0,2.0,1.0,27.0,23.0,-21.019999999999996,0.0,2.0,2.0,7.0,8.0,9.0,6.0,6.0,1.0,1.0,8.0,5.0,3.0,2.0,0.0
12381,0.0,2.0,2.0,7.0,8.0,9.0,6.0,6.0,1.0,1.0,8.0,5.0,3.0,2.0,17.0,54.0,-8.09,0.0,2.0,2.0,5.0,9.0,10.0,7.0,1.0,2.0,2.0,9.0,6.0,4.0,3.0,0.0
12382,0.0,2.0,2.0,5.0,9.0,10.0,7.0,1.0,2.0,2.0,9.0,6.0,4.0,3.0,9.0,23.0,-18.119999999999997,0.0,0.0,2.0,7.0,10.0,1.0,8.0,2.0,1.0,3.0,10.0,7.0,5.0,4.0,0.0
12383,0.0,0.0,2.0,7.0,10.0,1.0,8.0,2.0,1.0,3.0,10.0,7.0,5.0,4.0,4.0,54.0,-6.805,0.0,0.0,2.0,5.0,1.0,2.0,9.0,3.0,2.0,4.0,11.0,8.0,6.0,5.0,0.0
12384,0.0,0.0,2.0,5.0,1.0,2.0,9.0,3.0,2.0,4.0,11.0,8.0,6.0,5.0,17.0,34.0,-18.959999999999997,0.0,0.0,2.0,3.0,2.0,3.0,10.0,1.0,3.0,5.0,1.0,9.0,7.0,6.0,0.0
12385,0.0,0.0,2.0,3.0,2.0,3.0,10.0,1.0,3.0,5.0,1.0,9.0,7.0,6.0,17.0,47.0,-11.665,0.0,0.0,0.0,3.0,3.0,4.0,11.0,1.0,4.0,6.0,2.0,10.0,8.0,1.0,0.0
12386,0.0,0.0,0.0,3.0,3.0,4.0,11.0,1.0,4.0,6.0,2.0,10.0,8.0,1.0,40.0,5.0,-22.935,0.0,0.0,0.0,3.0,4.0,1.0,12.0,2.0,5.0,7.0,3.0,11.0,1.0,2.0,0.0
12387,0.0,0.0,0.0,3.0,4.0,1.0,12.0,2.0,5.0,7.0,3.0,11.0,1.0,2.0,38.0,13.0,-15.745000000000001,0.0,2.0,0.0,5.0,5.0,2.0,1.0,3.0,6.0,8.0,4.0,1.0,2.0,3.0,0.0
12388,0.0,2.0,0.0,5.0,5.0,2.0,1.0,3.0,6.0,8.0,4.0,1.0,2.0,3.0,27.0,21.0,-18.599999999999998,0.0,2.0,2.0,5.0,6.0,3.0,2.0,4.0,1.0,1.0,5.0,2.0,3.0,4.0,0.0
12389,0.0,2.0,2.0,5.0,6.0,3.0,2.0,4.0,1.0,1.0,5.0,2.0,3.0,4.0,17.0,17.0,-6.955,0.0,2.0,0.0,5.0,7.0,4.0,3.0,1.0,2.0,2.0,6.0,3.0,4.0,5.0,0.0
12390,0.0,2.0,0.0,5.0,7.0,4.0,3.0,1.0,2.0,2.0,6.0,3.0,4.0,5.0,9.0,42.0,-15.524999999999999,0.0,0.0,0.0,5.0,8.0,1.0,4.0,2.0,3.0,3.0,7.0,4.0,1.0,6.0,0.0
12391,0.0,0.0,0.0,5.0,8.0,1.0,4.0,2.0,3.0,3.0,7.0,4.0,1.0,6.0,4.0,49.0,-5.98,0.0,0.0,0.0,3.0,1.0,2.0,5.0,3.0,4.0,4.0,8.0,5.0,2.0,1.0,0.0
12392,0.0,0.0,0.0,3.0,1.0,2.0,5.0,3.0,4.0,4.0,8.0,5.0,2.0,1.0,27.0,33.0,-32.44,0.0,0.0,0.0,5.0,2.0,3.0,6.0,4.0,5.0,1.0,1.0,6.0,3.0,2.0,0.0
12393,0.0,0.0,0.0,5.0,2.0,3.0,6.0,4.0,5.0,1.0,1.0,6.0,3.0,2.0,24.0,18.0,-15.49,0.0,0.0,0.0,7.0,3.0,4.0,7.0,1.0,1.0,2.0,2.0,7.0,4.0,3.0,0.0
12394,0.0,0.0,0.0,7.0,3.0,4.0,7.0,1.0,1.0,2.0,2.0,7.0,4.0,3.0,17.0,40.0,-12.424999999999999,0.0,0.0,0.0,7.0,4.0,5.0,8.0,1.0,2.0,3.0,3.0,8.0,1.0,4.0,0.0
12395,0.0,0.0,0.0,7.0,4.0,5.0,8.0,1.0,2.0,3.0,3.0,8.0,1.0,4.0,38.0,44.0,-13.145,0.0,2.0,0.0,5.0,5.0,6.0,9.0,2.0,3.0,4.0,4.0,1.0,1.0,5.0,0.0
12396,0.0,2.0,0.0,5.0,5.0,6.0,9.0,2.0,3.0,4.0,4.0,1.0,1.0,5.0,9.0,42.0,-15.924999999999997,0.0,0.0,0.0,5.0,6.0,1.0,10.0,3.0,4.0,5.0,5.0,2.0,1.0,6.0,0.0
12397,0.0,0.0,0.0,5.0,6.0,1.0,10.0,3.0,4.0,5.0,5.0,2.0,1.0,6.0,4.0,47.0,-7.199999999999999,0.0,0.0,0.0,5.0,1.0,2.0,11.0,4.0,5.0,6.0,6.0,3.0,2.0,1.0,0.0
12398,0.0,0.0,0.0,5.0,1.0,2.0,11.0,4.0,5.0,6.0,6.0,3.0,2.0,1.0,24.0,13.0,-20.86,0.0,0.0,0.0,7.0,2.0,3.0,1.0,5.0,1.0,7.0,7.0,4.0,3.0,2.0,0.0
12399,0.0,0.0,0.0,7.0,2.0,3.0,1.0,5.0,1.0,7.0,7.0,4.0,3.0,2.0,17.0,54.0,-9.89,0.0,0.0,0.0,5.0,3.0,4.0,2.0,1.0,2.0,8.0,8.0,5.0,4.0,3.0,1.0
12400,0.0,1.0,7.0,7.0,1.0,1.0,1.0,1.0,1.0,1.0,1.0,1.0,1.0,1.0,24.0,9.0,-14.975000000000001,0.0,0.0,7.0,5.0,2.0,1.0,2.0,2.0,1.0,2.0,2.0,2.0,2.0,2.0,0.0
12401,0.0,0.0,7.0,5.0,2.0,1.0,2.0,2.0,1.0,2.0,2.0,2.0,2.0,2.0,24.0,34.0,-15.52,0.0,0.0,7.0,3.0,3.0,2.0,3.0,3.0,1.0,3.0,1.0,3.0,3.0,3.0,0.0
12402,0.0,0.0,7.0,3.0,3.0,2.0,3.0,3.0,1.0,3.0,1.0,3.0,3.0,3.0,24.0,34.0,-15.7,0.0,0.0,7.0,1.0,4.0,3.0,4.0,4.0,1.0,4.0,1.0,4.0,4.0,4.0,0.0
12403,0.0,0.0,7.0,1.0,4.0,3.0,4.0,4.0,1.0,4.0,1.0,4.0,4.0,4.0,17.0,34.0,-10.62,0.0,0.0,7.0,0.0,5.0,4.0,5.0,1.0,2.0,5.0,1.0,5.0,5.0,5.0,0.0
12404,0.0,0.0,7.0,0.0,5.0,4.0,5.0,1.0,2.0,5.0,1.0,5.0,5.0,5.0,17.0,34.0,-11.419999999999998,0.0,0.0,7.0,0.0,6.0,5.0,6.0,1.0,3.0,6.0,1.0,6.0,6.0,6.0,0.0
12405,0.0,0.0,7.0,0.0,6.0,5.0,6.0,1.0,3.0,6.0,1.0,6.0,6.0,6.0,37.0,5.0,-11.165,0.0,0.0,7.0,0.0,7.0,1.0,7.0,2.0,4.0,7.0,2.0,1.0,7.0,7.0,0.0
12406,0.0,0.0,7.0,0.0,7.0,1.0,7.0,2.0,4.0,7.0,2.0,1.0,7.0,7.0,4.0,27.0,-11.23,0.0,0.0,5.0,0.0,1.0,2.0,8.0,3.0,5.0,1.0,3.0,2.0,8.0,8.0,0.0
12407,0.0,0.0,5.0,0.0,1.0,2.0,8.0,3.0,5.0,1.0,3.0,2.0,8.0,8.0,45.0,34.0,-8.96,0.0,0.0,5.0,0.0,2.0,3.0,9.0,4.0,6.0,2.0,1.0,3.0,9.0,1.0,0.0
12408,0.0,0.0,5.0,0.0,2.0,3.0,9.0,4.0,6.0,2.0,1.0,3.0,9.0,1.0,41.0,42.0,-20.375,2.0,0.0,3.0,0.0,3.0,4.0,10.0,5.0,7.0,3.0,2.0,4.0,1.0,2.0,0.0
12409,2.0,0.0,3.0,0.0,3.0,4.0,10.0,5.0,7.0,3.0,2.0,4.0,1.0,2.0,21.0,33.0,-15.515,4.0,0.0,3.0,2.0,4.0,5.0,11.0,6.0,1.0,4.0,1.0,5.0,2.0,3.0,0.0
12410,4.0,0.0,3.0,2.0,4.0,5.0,11.0,6.0,1.0,4.0,1.0,5.0,2.0,3.0,6.0,3.0,-6.779999999999999,6.0,0.0,3.0,4.0,1.0,1.0,12.0,7.0,2.0,5.0,2.0,6.0,3.0,4.0,0.0
12411,6.0,0.0,3.0,4.0,1.0,1.0,12.0,7.0,2.0,5.0,2.0,6.0,3.0,4.0,6.0,13.0,-6.635,8.0,0.0,3.0,6.0,2.0,1.0,1.0,8.0,3.0,6.0,3.0,7.0,4.0,5.0,0.0
12412,8.0,0.0,3.0,6.0,2.0,1.0,1.0,8.0,3.0,6.0,3.0,7.0,4.0,5.0,37.0,19.0,-5.205,6.0,0.0,3.0,4.0,3.0,2.0,2.0,1.0,4.0,7.0,4.0,1.0,5.0,6.0,0.0
12413,6.0,0.0,3.0,4.0,3.0,2.0,2.0,1.0,4.0,7.0,4.0,1.0,5.0,6.0,37.0,27.0,-12.535,4.0,0.0,1.0,4.0,4.0,3.0,3.0,2.0,5.0,1.0,5.0,1.0,6.0,7.0,0.0
12414,4.0,0.0,1.0,4.0,4.0,3.0,3.0,2.0,5.0,1.0,5.0,1.0,6.0,7.0,4.0,42.0,-8.195,4.0,0.0,0.0,4.0,1.0,4.0,4.0,3.0,6.0,2.0,6.0,2.0,1.0,8.0,0.0
12415,4.0,0.0,0.0,4.0,1.0,4.0,4.0,3.0,6.0,2.0,6.0,2.0,1.0,8.0,47.0,19.0,-7.9399999999999995,2.0,0.0,0.0,2.0,2.0,5.0,5.0,1.0,7.0,3.0,7.0,3.0,2.0,1.0,0.0
12416,2.0,0.0,0.0,2.0,2.0,5.0,5.0,1.0,7.0,3.0,7.0,3.0,2.0,1.0,34.0,20.0,-20.25,2.0,0.0,0.0,2.0,3.0,6.0,6.0,2.0,1.0,4.0,1.0,4.0,3.0,2.0,0.0
12417,2.0,0.0,0.0,2.0,3.0,6.0,6.0,2.0,1.0,4.0,1.0,4.0,3.0,2.0,17.0,42.0,-16.099999999999998,0.0,0.0,0.0,2.0,4.0,7.0,7.0,1.0,2.0,5.0,2.0,5.0,1.0,3.0,0.0
12418,0.0,0.0,0.0,2.0,4.0,7.0,7.0,1.0,2.0,5.0,2.0,5.0,1.0,3.0,6.0,50.0,-8.649999999999999,2.0,0.0,0.0,2.0,5.0,1.0,8.0,2.0,3.0,6.0,3.0,6.0,2.0,4.0,0.0
12419,2.0,0.0,0.0,2.0,5.0,1.0,8.0,2.0,3.0,6.0,3.0,6.0,2.0,4.0,4.0,47.0,-5.494999999999999,2.0,0.0,0.0,2.0,1.0,2.0,9.0,3.0,4.0,7.0,4.0,7.0,3.0,1.0,0.0
12420,2.0,0.0,0.0,2.0,1.0,2.0,9.0,3.0,4.0,7.0,4.0,7.0,3.0,1.0,26.0,26.0,-18.04,4.0,0.0,2.0,2.0,2.0,3.0,10.0,4.0,5.0,1.0,5.0,8.0,4.0,2.0,0.0
12421,4.0,0.0,2.0,2.0,2.0,3.0,10.0,4.0,5.0,1.0,5.0,8.0,4.0,2.0,4.0,20.0,-10.59,4.0,0.0,2.0,2.0,1.0,4.0,11.0,5.0,1.0,2.0,6.0,9.0,5.0,3.0,0.0
12422,4.0,0.0,2.0,2.0,1.0,4.0,11.0,5.0,1.0,2.0,6.0,9.0,5.0,3.0,17.0,54.0,-11.09,2.0,0.0,2.0,0.0,2.0,5.0,12.0,1.0,2.0,3.0,7.0,10.0,6.0,4.0,0.0
12423,2.0,0.0,2.0,0.0,2.0,5.0,12.0,1.0,2.0,3.0,7.0,10.0,6.0,4.0,14.0,34.0,-22.435,2.0,0.0,2.0,0.0,3.0,6.0,1.0,2.0,3.0,4.0,1.0,11.0,7.0,5.0,0.0
12424,2.0,0.0,2.0,0.0,3.0,6.0,1.0,2.0,3.0,4.0,1.0,11.0,7.0,5.0,37.0,35.0,-12.879999999999999,0.0,0.0,2.0,0.0,4.0,7.0,2.0,3.0,4.0,5.0,2.0,1.0,8.0,6.0,0.0
12425,0.0,0.0,2.0,0.0,4.0,7.0,2.0,3.0,4.0,5.0,2.0,1.0,8.0,6.0,40.0,8.0,-17.959999999999997,0.0,0.0,2.0,2.0,5.0,1.0,3.0,4.0,5.0,6.0,3.0,2.0,1.0,7.0,0.0
12426,0.0,0.0,2.0,2.0,5.0,1.0,3.0,4.0,5.0,6.0,3.0,2.0,1.0,7.0,48.0,49.0,-6.48,0.0,2.0,2.0,0.0,6.0,2.0,4.0,5.0,6.0,7.0,4.0,3.0,2.0,1.0,0.0
12427,0.0,2.0,2.0,0.0,6.0,2.0,4.0,5.0,6.0,7.0,4.0,3.0,2.0,1.0,18.0,31.0,-9.214999999999998,0.0,4.0,4.0,0.0,7.0,3.0,5.0,1.0,7.0,8.0,1.0,4.0,3.0,2.0,0.0
12428,0.0,4.0,4.0,0.0,7.0,3.0,5.0,1.0,7.0,8.0,1.0,4.0,3.0,2.0,40.0,27.0,-17.639999999999997,0.0,4.0,2.0,0.0,8.0,4.0,6.0,2.0,8.0,1.0,2.0,5.0,1.0,3.0,0.0
12429,0.0,4.0,2.0,0.0,8.0,4.0,6.0,2.0,8.0,1.0,2.0,5.0,1.0,3.0,4.0,20.0,-13.01,0.0,2.0,2.0,0.0,1.0,5.0,7.0,3.0,1.0,2.0,3.0,6.0,2.0,4.0,0.0
12430,0.0,2.0,2.0,0.0,1.0,5.0,7.0,3.0,1.0,2.0,3.0,6.0,2.0,4.0,17.0,33.0,-14.495000000000001,0.0,2.0,2.0,2.0,2.0,6.0,8.0,1.0,2.0,3.0,1.0,7.0,3.0,5.0,0.0
12431,0.0,2.0,2.0,2.0,2.0,6.0,8.0,1.0,2.0,3.0,1.0,7.0,3.0,5.0,49.0,5.0,-9.899999999999999,0.0,0.0,2.0,2.0,3.0,1.0,9.0,2.0,3.0,4.0,2.0,8.0,4.0,1.0,0.0
12432,0.0,0.0,2.0,2.0,3.0,1.0,9.0,2.0,3.0,4.0,2.0,8.0,4.0,1.0,4.0,13.0,-9.235,0.0,0.0,2.0,4.0,1.0,2.0,1.0,3.0,4.0,5.0,3.0,9.0,5.0,2.0,0.0
12433,0.0,0.0,2.0,4.0,1.0,2.0,1.0,3.0,4.0,5.0,3.0,9.0,5.0,2.0,21.0,39.0,-13.895,2.0,0.0,2.0,2.0,2.0,3.0,2.0,4.0,1.0,6.0,4.0,1.0,6.0,3.0,0.0
12434,2.0,0.0,2.0,2.0,2.0,3.0,2.0,4.0,1.0,6.0,4.0,1.0,6.0,3.0,40.0,29.0,-20.979999999999997,2.0,0.0,2.0,0.0,3.0,4.0,3.0,5.0,2.0,1.0,5.0,2.0,1.0,4.0,0.0
12435,2.0,0.0,2.0,0.0,3.0,4.0,3.0,5.0,2.0,1.0,5.0,2.0,1.0,4.0,31.0,31.0,-11.869999999999997,4.0,0.0,4.0,0.0,4.0,5.0,4.0,6.0,3.0,2.0,1.0,3.0,2.0,5.0,0.0
12436,4.0,0.0,4.0,0.0,4.0,5.0,4.0,6.0,3.0,2.0,1.0,3.0,2.0,5.0,37.0,31.0,-8.594999999999999,2.0,0.0,6.0,0.0,5.0,6.0,5.0,7.0,4.0,3.0,1.0,1.0,3.0,6.0,0.0
12437,2.0,0.0,6.0,0.0,5.0,6.0,5.0,7.0,4.0,3.0,1.0,1.0,3.0,6.0,49.0,8.0,-5.76,2.0,0.0,6.0,2.0,6.0,1.0,6.0,8.0,5.0,4.0,2.0,2.0,4.0,1.0,0.0
12438,2.0,0.0,6.0,2.0,6.0,1.0,6.0,8.0,5.0,4.0,2.0,2.0,4.0,1.0,4.0,17.0,-7.994999999999999,2.0,0.0,4.0,2.0,1.0,2.0,7.0,1.0,6.0,5.0,3.0,3.0,5.0,2.0,0.0
12439,2.0,0.0,4.0,2.0,1.0,2.0,7.0,1.0,6.0,5.0,3.0,3.0,5.0,2.0,40.0,27.0,-19.0,2.0,0.0,2.0,2.0,2.0,3.0,8.0,2.0,7.0,1.0,4.0,4.0,1.0,3.0,0.0
12440,2.0,0.0,2.0,2.0,2.0,3.0,8.0,2.0,7.0,1.0,4.0,4.0,1.0,3.0,4.0,20.0,-9.49,2.0,0.0,2.0,2.0,1.0,4.0,9.0,3.0,1.0,2.0,5.0,5.0,2.0,4.0,0.0
12441,2.0,0.0,2.0,2.0,1.0,4.0,9.0,3.0,1.0,2.0,5.0,5.0,2.0,4.0,6.0,12.0,-15.079999999999998,4.0,0.0,0.0,2.0,2.0,1.0,1.0,4.0,2.0,3.0,6.0,6.0,3.0,5.0,0.0
12442,4.0,0.0,0.0,2.0,2.0,1.0,1.0,4.0,2.0,3.0,6.0,6.0,3.0,5.0,37.0,39.0,-12.379999999999999,2.0,0.0,0.0,0.0,3.0,2.0,2.0,5.0,3.0,4.0,7.0,1.0,4.0,6.0,0.0
12443,2.0,0.0,0.0,0.0,3.0,2.0,2.0,5.0,3.0,4.0,7.0,1.0,4.0,6.0,47.0,31.0,-13.475,0.0,0.0,2.0,0.0,4.0,3.0,3.0,6.0,4.0,5.0,1.0,2.0,5.0,1.0,0.0
12444,0.0,0.0,2.0,0.0,4.0,3.0,3.0,6.0,4.0,5.0,1.0,2.0,5.0,1.0,40.0,17.0,-19.419999999999998,0.0,0.0,0.0,0.0,5.0,4.0,4.0,1.0,5.0,6.0,2.0,3.0,1.0,2.0,0.0
12445,0.0,0.0,0.0,0.0,5.0,4.0,4.0,1.0,5.0,6.0,2.0,3.0,1.0,2.0,40.0,27.0,-27.78,0.0,0.0,0.0,0.0,6.0,5.0,5.0,2.0,6.0,1.0,3.0,4.0,1.0,3.0,0.0
12446,0.0,0.0,0.0,0.0,6.0,5.0,5.0,2.0,6.0,1.0,3.0,4.0,1.0,3.0,4.0,2.0,-7.41,0.0,0.0,0.0,0.0,1.0,6.0,6.0,3.0,7.0,2.0,4.0,5.0,2.0,4.0,0.0
12447,0.0,0.0,0.0,0.0,1.0,6.0,6.0,3.0,7.0,2.0,4.0,5.0,2.0,4.0,37.0,33.0,-22.855000000000004,0.0,0.0,0.0,2.0,2.0,7.0,7.0,4.0,8.0,3.0,1.0,1.0,3.0,5.0,0.0
12448,0.0,0.0,0.0,2.0,2.0,7.0,7.0,4.0,8.0,3.0,1.0,1.0,3.0,5.0,40.0,24.0,-25.854999999999997,0.0,0.0,0.0,0.0,3.0,8.0,8.0,5.0,1.0,4.0,2.0,2.0,1.0,6.0,0.0
12449,0.0,0.0,0.0,0.0,3.0,8.0,8.0,5.0,1.0,4.0,2.0,2.0,1.0,6.0,6.0,8.0,-16.599999999999998,2.0,0.0,0.0,2.0,4.0,1.0,9.0,6.0,2.0,5.0,3.0,3.0,2.0,7.0,0.0
12450,2.0,0.0,0.0,2.0,4.0,1.0,9.0,6.0,2.0,5.0,3.0,3.0,2.0,7.0,14.0,47.0,-14.759999999999998,2.0,0.0,0.0,2.0,5.0,2.0,1.0,7.0,3.0,6.0,4.0,4.0,3.0,1.0,0.0
12451,2.0,0.0,0.0,2.0,5.0,2.0,1.0,7.0,3.0,6.0,4.0,4.0,3.0,1.0,40.0,17.0,-14.76,2.0,0.0,0.0,2.0,6.0,3.0,2.0,1.0,4.0,7.0,5.0,5.0,1.0,2.0,0.0
12452,2.0,0.0,0.0,2.0,6.0,3.0,2.0,1.0,4.0,7.0,5.0,5.0,1.0,2.0,37.0,39.0,-15.879999999999999,0.0,0.0,0.0,0.0,7.0,4.0,3.0,2.0,5.0,8.0,6.0,1.0,2.0,3.0,0.0
12453,0.0,0.0,0.0,0.0,7.0,4.0,3.0,2.0,5.0,8.0,6.0,1.0,2.0,3.0,40.0,2.0,-16.134999999999998,0.0,0.0,0.0,0.0,1.0,5.0,4.0,3.0,6.0,9.0,7.0,2.0,1.0,4.0,0.0
12454,0.0,0.0,0.0,0.0,1.0,5.0,4.0,3.0,6.0,9.0,7.0,2.0,1.0,4.0,40.0,27.0,-28.38,0.0,0.0,0.0,0.0,2.0,6.0,5.0,4.0,7.0,1.0,8.0,3.0,1.0,5.0,0.0
12455,0.0,0.0,0.0,0.0,2.0,6.0,5.0,4.0,7.0,1.0,8.0,3.0,1.0,5.0,31.0,33.0,-25.17,2.0,0.0,0.0,2.0,3.0,7.0,6.0,5.0,8.0,2.0,1.0,4.0,2.0,6.0,0.0
12456,2.0,0.0,0.0,2.0,3.0,7.0,6.0,5.0,8.0,2.0,1.0,4.0,2.0,6.0,48.0,50.0,-5.109999999999999,2.0,2.0,0.0,2.0,4.0,8.0,7.0,6.0,9.0,3.0,2.0,5.0,3.0,1.0,0.0
12457,2.0,2.0,0.0,2.0,4.0,8.0,7.0,6.0,9.0,3.0,2.0,5.0,3.0,1.0,40.0,50.0,-10.149999999999999,2.0,2.0,0.0,2.0,5.0,9.0,8.0,7.0,10.0,4.0,3.0,6.0,1.0,2.0,0.0
12458,2.0,2.0,0.0,2.0,5.0,9.0,8.0,7.0,10.0,4.0,3.0,6.0,1.0,2.0,40.0,50.0,-11.05,2.0,2.0,0.0,2.0,6.0,10.0,9.0,8.0,11.0,5.0,4.0,7.0,1.0,3.0,0.0
12459,2.0,2.0,0.0,2.0,6.0,10.0,9.0,8.0,11.0,5.0,4.0,7.0,1.0,3.0,16.0,50.0,-10.629999999999999,4.0,2.0,0.0,2.0,7.0,11.0,10.0,1.0,12.0,6.0,5.0,8.0,2.0,4.0,0.0
12460,4.0,2.0,0.0,2.0,7.0,11.0,10.0,1.0,12.0,6.0,5.0,8.0,2.0,4.0,37.0,50.0,-9.59,2.0,2.0,0.0,2.0,8.0,12.0,11.0,2.0,13.0,7.0,6.0,1.0,3.0,5.0,0.0
12461,2.0,2.0,0.0,2.0,8.0,12.0,11.0,2.0,13.0,7.0,6.0,1.0,3.0,5.0,23.0,24.0,-22.31,2.0,4.0,0.0,0.0,9.0,13.0,12.0,3.0,1.0,8.0,7.0,2.0,4.0,6.0,0.0
12462,2.0,4.0,0.0,0.0,9.0,13.0,12.0,3.0,1.0,8.0,7.0,2.0,4.0,6.0,11.0,3.0,-309.275,4.0,4.0,0.0,2.0,1.0,14.0,1.0,4.0,2.0,9.0,8.0,3.0,5.0,7.0,0.0
12463,4.0,4.0,0.0,2.0,1.0,14.0,1.0,4.0,2.0,9.0,8.0,3.0,5.0,7.0,40.0,9.0,-14.42,4.0,4.0,0.0,0.0,2.0,1.0,2.0,5.0,3.0,10.0,9.0,4.0,1.0,8.0,0.0
12464,4.0,4.0,0.0,0.0,2.0,1.0,2.0,5.0,3.0,10.0,9.0,4.0,1.0,8.0,25.0,45.0,-8.66,4.0,4.0,0.0,0.0,3.0,2.0,3.0,6.0,4.0,1.0,10.0,5.0,2.0,1.0,0.0
12465,4.0,4.0,0.0,0.0,3.0,2.0,3.0,6.0,4.0,1.0,10.0,5.0,2.0,1.0,34.0,31.0,-15.79,4.0,2.0,2.0,0.0,4.0,3.0,4.0,7.0,5.0,2.0,1.0,6.0,3.0,2.0,0.0
12466,4.0,2.0,2.0,0.0,4.0,3.0,4.0,7.0,5.0,2.0,1.0,6.0,3.0,2.0,39.0,35.0,-7.819999999999999,4.0,0.0,2.0,0.0,5.0,4.0,5.0,8.0,6.0,3.0,2.0,1.0,4.0,3.0,0.0
12467,4.0,0.0,2.0,0.0,5.0,4.0,5.0,8.0,6.0,3.0,2.0,1.0,4.0,3.0,16.0,17.0,-19.799999999999997,6.0,0.0,0.0,0.0,6.0,5.0,6.0,1.0,7.0,4.0,3.0,2.0,5.0,4.0,0.0
12468,6.0,0.0,0.0,0.0,6.0,5.0,6.0,1.0,7.0,4.0,3.0,2.0,5.0,4.0,7.0,24.0,-17.895,4.0,0.0,0.0,0.0,7.0,1.0,7.0,2.0,1.0,5.0,4.0,3.0,6.0,5.0,0.0
12469,4.0,0.0,0.0,0.0,7.0,1.0,7.0,2.0,1.0,5.0,4.0,3.0,6.0,5.0,14.0,12.0,-26.1,4.0,0.0,0.0,0.0,8.0,2.0,1.0,3.0,2.0,6.0,5.0,4.0,7.0,6.0,0.0
12470,4.0,0.0,0.0,0.0,8.0,2.0,1.0,3.0,2.0,6.0,5.0,4.0,7.0,6.0,40.0,0.0,-13.355,4.0,0.0,0.0,0.0,1.0,3.0,2.0,4.0,3.0,7.0,6.0,5.0,1.0,7.0,0.0
12471,4.0,0.0,0.0,0.0,1.0,3.0,2.0,4.0,3.0,7.0,6.0,5.0,1.0,7.0,31.0,45.0,-7.475,6.0,0.0,0.0,0.0,2.0,4.0,3.0,5.0,4.0,8.0,1.0,6.0,2.0,1.0,0.0
12472,6.0,0.0,0.0,0.0,2.0,4.0,3.0,5.0,4.0,8.0,1.0,6.0,2.0,1.0,25.0,35.0,-13.739999999999998,6.0,0.0,0.0,0.0,3.0,5.0,4.0,6.0,5.0,1.0,2.0,1.0,3.0,2.0,0.0
12473,6.0,0.0,0.0,0.0,3.0,5.0,4.0,6.0,5.0,1.0,2.0,1.0,3.0,2.0,7.0,17.0,-11.159999999999998,4.0,0.0,0.0,0.0,4.0,1.0,5.0,1.0,6.0,2.0,3.0,2.0,4.0,3.0,0.0
12474,4.0,0.0,0.0,0.0,4.0,1.0,5.0,1.0,6.0,2.0,3.0,2.0,4.0,3.0,14.0,24.0,-22.994999999999997,4.0,0.0,0.0,0.0,5.0,2.0,1.0,2.0,1.0,3.0,4.0,3.0,5.0,4.0,0.0
12475,4.0,0.0,0.0,0.0,5.0,2.0,1.0,2.0,1.0,3.0,4.0,3.0,5.0,4.0,7.0,34.0,-20.915,2.0,0.0,0.0,0.0,6.0,1.0,2.0,3.0,2.0,4.0,1.0,4.0,6.0,5.0,0.0
12476,2.0,0.0,0.0,0.0,6.0,1.0,2.0,3.0,2.0,4.0,1.0,4.0,6.0,5.0,40.0,46.0,-13.219999999999999,2.0,0.0,2.0,0.0,7.0,2.0,3.0,4.0,3.0,5.0,2.0,5.0,1.0,1.0,0.0
12477,2.0,0.0,2.0,0.0,7.0,2.0,3.0,4.0,3.0,5.0,2.0,5.0,1.0,1.0,26.0,50.0,-10.309999999999999,4.0,0.0,2.0,0.0,8.0,3.0,4.0,5.0,4.0,1.0,3.0,6.0,2.0,2.0,0.0
12478,4.0,0.0,2.0,0.0,8.0,3.0,4.0,5.0,4.0,1.0,3.0,6.0,2.0,2.0,14.0,39.0,-14.96,4.0,0.0,2.0,0.0,9.0,4.0,1.0,6.0,5.0,2.0,4.0,1.0,3.0,3.0,0.0
12479,4.0,0.0,2.0,0.0,9.0,4.0,1.0,6.0,5.0,2.0,4.0,1.0,3.0,3.0,31.0,17.0,-11.395,6.0,0.0,0.0,0.0,10.0,5.0,2.0,1.0,6.0,3.0,1.0,2.0,4.0,4.0,0.0
12480,6.0,0.0,0.0,0.0,10.0,5.0,2.0,1.0,6.0,3.0,1.0,2.0,4.0,4.0,4.0,46.0,-6.654999999999999,6.0,0.0,2.0,0.0,1.0,6.0,3.0,2.0,7.0,4.0,2.0,3.0,5.0,1.0,0.0
12481,6.0,0.0,2.0,0.0,1.0,6.0,3.0,2.0,7.0,4.0,2.0,3.0,5.0,1.0,7.0,24.0,-13.174999999999999,4.0,0.0,2.0,0.0,2.0,1.0,4.0,3.0,1.0,5.0,3.0,4.0,6.0,2.0,0.0
12482,4.0,0.0,2.0,0.0,2.0,1.0,4.0,3.0,1.0,5.0,3.0,4.0,6.0,2.0,7.0,10.0,-18.48,2.0,0.0,2.0,0.0,3.0,1.0,1.0,4.0,2.0,6.0,4.0,5.0,7.0,3.0,0.0
12483,2.0,0.0,2.0,0.0,3.0,1.0,1.0,4.0,2.0,6.0,4.0,5.0,7.0,3.0,40.0,27.0,-25.62,2.0,0.0,0.0,0.0,4.0,2.0,2.0,5.0,3.0,1.0,5.0,6.0,1.0,4.0,0.0
12484,2.0,0.0,0.0,0.0,4.0,2.0,2.0,5.0,3.0,1.0,5.0,6.0,1.0,4.0,31.0,39.0,-13.274999999999999,4.0,0.0,0.0,0.0,5.0,3.0,3.0,6.0,4.0,2.0,1.0,1.0,2.0,5.0,0.0
12485,4.0,0.0,0.0,0.0,5.0,3.0,3.0,6.0,4.0,2.0,1.0,1.0,2.0,5.0,16.0,46.0,-14.259999999999998,6.0,0.0,2.0,0.0,6.0,4.0,4.0,1.0,5.0,3.0,2.0,2.0,3.0,1.0,0.0
12486,6.0,0.0,2.0,0.0,6.0,4.0,4.0,1.0,5.0,3.0,2.0,2.0,3.0,1.0,7.0,20.0,-13.274999999999999,4.0,0.0,2.0,0.0,7.0,1.0,5.0,2.0,1.0,4.0,3.0,3.0,4.0,2.0,0.0
12487,4.0,0.0,2.0,0.0,7.0,1.0,5.0,2.0,1.0,4.0,3.0,3.0,4.0,2.0,14.0,34.0,-19.674999999999997,4.0,0.0,2.0,0.0,8.0,2.0,1.0,3.0,2.0,5.0,1.0,4.0,5.0,3.0,0.0
12488,4.0,0.0,2.0,0.0,8.0,2.0,1.0,3.0,2.0,5.0,1.0,4.0,5.0,3.0,7.0,0.0,-8.514999999999999,2.0,0.0,2.0,0.0,1.0,1.0,2.0,4.0,3.0,6.0,2.0,5.0,6.0,4.0,0.0
12489,2.0,0.0,2.0,0.0,1.0,1.0,2.0,4.0,3.0,6.0,2.0,5.0,6.0,4.0,25.0,27.0,-27.36,2.0,0.0,0.0,0.0,2.0,2.0,3.0,5.0,4.0,1.0,3.0,6.0,7.0,5.0,0.0
12490,2.0,0.0,0.0,0.0,2.0,2.0,3.0,5.0,4.0,1.0,3.0,6.0,7.0,5.0,40.0,46.0,-13.52,2.0,0.0,2.0,0.0,3.0,3.0,4.0,6.0,5.0,2.0,4.0,7.0,1.0,1.0,0.0
12491,2.0,0.0,2.0,0.0,3.0,3.0,4.0,6.0,5.0,2.0,4.0,7.0,1.0,1.0,24.0,33.0,-19.51,2.0,0.0,2.0,2.0,4.0,4.0,5.0,7.0,1.0,3.0,1.0,8.0,2.0,2.0,0.0
12492,2.0,0.0,2.0,2.0,4.0,4.0,5.0,7.0,1.0,3.0,1.0,8.0,2.0,2.0,14.0,50.0,-14.43,2.0,0.0,2.0,2.0,5.0,5.0,1.0,8.0,2.0,4.0,2.0,9.0,3.0,3.0,0.0
12493,2.0,0.0,2.0,2.0,5.0,5.0,1.0,8.0,2.0,4.0,2.0,9.0,3.0,3.0,5.0,35.0,-11.239999999999998,2.0,0.0,2.0,2.0,6.0,1.0,2.0,9.0,3.0,5.0,3.0,1.0,4.0,4.0,0.0
12494,2.0,0.0,2.0,2.0,6.0,1.0,2.0,9.0,3.0,5.0,3.0,1.0,4.0,4.0,16.0,17.0,-13.820000000000002,4.0,0.0,0.0,2.0,7.0,2.0,3.0,1.0,4.0,6.0,4.0,2.0,5.0,5.0,0.0
12495,4.0,0.0,0.0,2.0,7.0,2.0,3.0,1.0,4.0,6.0,4.0,2.0,5.0,5.0,8.0,42.0,-12.259999999999998,4.0,2.0,0.0,2.0,8.0,1.0,4.0,2.0,5.0,7.0,5.0,3.0,1.0,6.0,0.0
12496,4.0,2.0,0.0,2.0,8.0,1.0,4.0,2.0,5.0,7.0,5.0,3.0,1.0,6.0,31.0,27.0,-17.174999999999997,6.0,2.0,0.0,2.0,9.0,2.0,5.0,3.0,6.0,1.0,1.0,4.0,2.0,7.0,0.0
12497,6.0,2.0,0.0,2.0,9.0,2.0,5.0,3.0,6.0,1.0,1.0,4.0,2.0,7.0,14.0,46.0,-11.86,6.0,0.0,2.0,2.0,10.0,3.0,1.0,4.0,7.0,2.0,2.0,5.0,3.0,1.0,0.0
12498,6.0,0.0,2.0,2.0,10.0,3.0,1.0,4.0,7.0,2.0,2.0,5.0,3.0,1.0,4.0,20.0,-10.23,6.0,0.0,2.0,2.0,1.0,4.0,2.0,5.0,1.0,3.0,3.0,6.0,4.0,2.0,0.0
12499,6.0,0.0,2.0,2.0,1.0,4.0,2.0,5.0,1.0,3.0,3.0,6.0,4.0,2.0,7.0,19.0,-11.259999999999998,4.0,0.0,2.0,0.0,2.0,1.0,3.0,1.0,2.0,4.0,4.0,7.0,5.0,3.0,1.0
12500,8.0,7.0,0.0,9.0,1.0,1.0,1.0,1.0,1.0,1.0,1.0,1.0,1.0,1.0,14.0,19.0,-3.66,8.0,5.0,0.0,7.0,2.0,2.0,1.0,1.0,2.0,2.0,2.0,2.0,2.0,2.0,0.0
12501,8.0,5.0,0.0,7.0,2.0,2.0,1.0,1.0,2.0,2.0,2.0,2.0,2.0,2.0,24.0,19.0,-3.895,8.0,3.0,0.0,5.0,3.0,3.0,2.0,1.0,1.0,3.0,3.0,3.0,3.0,3.0,0.0
12502,8.0,3.0,0.0,5.0,3.0,3.0,2.0,1.0,1.0,3.0,3.0,3.0,3.0,3.0,7.0,19.0,-5.27,6.0,3.0,0.0,3.0,4.0,1.0,3.0,1.0,2.0,4.0,4.0,4.0,4.0,4.0,0.0
12503,6.0,3.0,0.0,3.0,4.0,1.0,3.0,1.0,2.0,4.0,4.0,4.0,4.0,4.0,14.0,19.0,-13.619999999999997,6.0,1.0,0.0,1.0,5.0,2.0,1.0,1.0,3.0,5.0,5.0,5.0,5.0,5.0,0.0
12504,6.0,1.0,0.0,1.0,5.0,2.0,1.0,1.0,3.0,5.0,5.0,5.0,5.0,5.0,7.0,19.0,-11.995000000000001,4.0,1.0,0.0,0.0,6.0,1.0,2.0,1.0,4.0,6.0,6.0,6.0,6.0,6.0,0.0
12505,4.0,1.0,0.0,0.0,6.0,1.0,2.0,1.0,4.0,6.0,6.0,6.0,6.0,6.0,26.0,46.0,-9.004999999999999,6.0,1.0,2.0,0.0,7.0,2.0,3.0,2.0,5.0,1.0,7.0,7.0,7.0,1.0,0.0
12506,6.0,1.0,2.0,0.0,7.0,2.0,3.0,2.0,5.0,1.0,7.0,7.0,7.0,1.0,4.0,34.0,-13.41,6.0,0.0,2.0,0.0,1.0,3.0,4.0,3.0,6.0,2.0,1.0,8.0,8.0,2.0,0.0
12507,6.0,0.0,2.0,0.0,1.0,3.0,4.0,3.0,6.0,2.0,1.0,8.0,8.0,2.0,7.0,37.0,-11.759999999999998,4.0,0.0,0.0,0.0,2.0,1.0,5.0,4.0,7.0,3.0,2.0,1.0,9.0,3.0,0.0
12508,4.0,0.0,0.0,0.0,2.0,1.0,5.0,4.0,7.0,3.0,2.0,1.0,9.0,3.0,40.0,53.0,-11.55,4.0,0.0,0.0,2.0,3.0,2.0,6.0,5.0,8.0,4.0,3.0,2.0,1.0,4.0,0.0
12509,4.0,0.0,0.0,2.0,3.0,2.0,6.0,5.0,8.0,4.0,3.0,2.0,1.0,4.0,34.0,53.0,-8.684999999999999,4.0,0.0,0.0,4.0,4.0,3.0,7.0,6.0,9.0,5.0,1.0,3.0,2.0,5.0,0.0
12510,4.0,0.0,0.0,4.0,4.0,3.0,7.0,6.0,9.0,5.0,1.0,3.0,2.0,5.0,21.0,53.0,-8.784999999999998,6.0,0.0,0.0,6.0,5.0,4.0,8.0,7.0,1.0,6.0,2.0,4.0,3.0,6.0,0.0
12511,6.0,0.0,0.0,6.0,5.0,4.0,8.0,7.0,1.0,6.0,2.0,4.0,3.0,6.0,14.0,52.0,-12.55,6.0,0.0,0.0,6.0,6.0,5.0,1.0,8.0,2.0,7.0,3.0,5.0,4.0,7.0,0.0
12512,6.0,0.0,0.0,6.0,6.0,5.0,1.0,8.0,2.0,7.0,3.0,5.0,4.0,7.0,7.0,19.0,-7.6,4.0,0.0,0.0,4.0,7.0,1.0,2.0,1.0,3.0,8.0,4.0,6.0,5.0,8.0,0.0
12513,4.0,0.0,0.0,4.0,7.0,1.0,2.0,1.0,3.0,8.0,4.0,6.0,5.0,8.0,37.0,44.0,-13.7,2.0,0.0,0.0,2.0,8.0,2.0,3.0,2.0,4.0,9.0,5.0,1.0,1.0,9.0,0.0
12514,2.0,0.0,0.0,2.0,8.0,2.0,3.0,2.0,4.0,9.0,5.0,1.0,1.0,9.0,31.0,49.0,-10.354999999999999,4.0,0.0,0.0,0.0,9.0,3.0,4.0,3.0,5.0,10.0,1.0,2.0,2.0,1.0,0.0
12515,4.0,0.0,0.0,0.0,9.0,3.0,4.0,3.0,5.0,10.0,1.0,2.0,2.0,1.0,2.0,28.0,-15.034999999999997,2.0,0.0,0.0,2.0,1.0,4.0,5.0,4.0,6.0,1.0,2.0,3.0,3.0,2.0,0.0
12516,2.0,0.0,0.0,2.0,1.0,4.0,5.0,4.0,6.0,1.0,2.0,3.0,3.0,2.0,34.0,53.0,-11.805,2.0,0.0,0.0,4.0,2.0,5.0,6.0,5.0,7.0,2.0,1.0,4.0,4.0,3.0,0.0
12517,2.0,0.0,0.0,4.0,2.0,5.0,6.0,5.0,7.0,2.0,1.0,4.0,4.0,3.0,7.0,53.0,-12.77,0.0,0.0,0.0,6.0,3.0,1.0,7.0,6.0,8.0,3.0,2.0,5.0,5.0,4.0,0.0
12518,0.0,0.0,0.0,6.0,3.0,1.0,7.0,6.0,8.0,3.0,2.0,5.0,5.0,4.0,48.0,19.0,-6.26,0.0,2.0,0.0,4.0,4.0,2.0,8.0,1.0,9.0,4.0,3.0,6.0,6.0,1.0,0.0
12519,0.0,2.0,0.0,4.0,4.0,2.0,8.0,1.0,9.0,4.0,3.0,6.0,6.0,1.0,14.0,24.0,-26.175,0.0,0.0,0.0,2.0,5.0,3.0,1.0,2.0,1.0,5.0,4.0,7.0,7.0,2.0,0.0
12520,0.0,0.0,0.0,2.0,5.0,3.0,1.0,2.0,1.0,5.0,4.0,7.0,7.0,2.0,39.0,42.0,-15.7,0.0,0.0,0.0,2.0,6.0,4.0,2.0,3.0,2.0,6.0,5.0,1.0,1.0,3.0,0.0
12521,0.0,0.0,0.0,2.0,6.0,4.0,2.0,3.0,2.0,6.0,5.0,1.0,1.0,3.0,31.0,49.0,-13.575,2.0,0.0,0.0,0.0,7.0,5.0,3.0,4.0,3.0,7.0,1.0,2.0,2.0,1.0,0.0
12522,2.0,0.0,0.0,0.0,7.0,5.0,3.0,4.0,3.0,7.0,1.0,2.0,2.0,1.0,7.0,5.0,-20.74,0.0,0.0,0.0,0.0,8.0,1.0,4.0,5.0,4.0,8.0,2.0,3.0,3.0,2.0,0.0
12523,0.0,0.0,0.0,0.0,8.0,1.0,4.0,5.0,4.0,8.0,2.0,3.0,3.0,2.0,16.0,15.0,-16.28,2.0,0.0,0.0,0.0,9.0,2.0,5.0,1.0,5.0,9.0,3.0,4.0,4.0,3.0,0.0
12524,2.0,0.0,0.0,0.0,9.0,2.0,5.0,1.0,5.0,9.0,3.0,4.0,4.0,3.0,7.0,12.0,-26.5,0.0,0.0,0.0,0.0,10.0,1.0,1.0,2.0,6.0,10.0,4.0,5.0,5.0,4.0,0.0
12525,0.0,0.0,0.0,0.0,10.0,1.0,1.0,2.0,6.0,10.0,4.0,5.0,5.0,4.0,16.0,8.0,-19.14,2.0,0.0,0.0,2.0,11.0,1.0,2.0,1.0,7.0,11.0,5.0,6.0,6.0,5.0,0.0
12526,2.0,0.0,0.0,2.0,11.0,1.0,2.0,1.0,7.0,11.0,5.0,6.0,6.0,5.0,44.0,44.0,-24.5,2.0,0.0,0.0,0.0,12.0,2.0,3.0,2.0,8.0,12.0,6.0,7.0,1.0,6.0,0.0
12527,2.0,0.0,0.0,0.0,12.0,2.0,3.0,2.0,8.0,12.0,6.0,7.0,1.0,6.0,16.0,7.0,-22.0,4.0,0.0,0.0,0.0,13.0,1.0,4.0,1.0,9.0,13.0,7.0,8.0,2.0,7.0,0.0
12528,4.0,0.0,0.0,0.0,13.0,1.0,4.0,1.0,9.0,13.0,7.0,8.0,2.0,7.0,26.0,26.0,-20.459999999999997,6.0,0.0,2.0,0.0,14.0,2.0,5.0,2.0,10.0,1.0,8.0,9.0,3.0,8.0,0.0
12529,6.0,0.0,2.0,0.0,14.0,2.0,5.0,2.0,10.0,1.0,8.0,9.0,3.0,8.0,4.0,20.0,-14.41,6.0,0.0,2.0,0.0,1.0,3.0,6.0,3.0,1.0,2.0,9.0,10.0,4.0,9.0,0.0
12530,6.0,0.0,2.0,0.0,1.0,3.0,6.0,3.0,1.0,2.0,9.0,10.0,4.0,9.0,7.0,31.0,-10.954999999999998,4.0,0.0,4.0,0.0,2.0,1.0,7.0,4.0,2.0,3.0,1.0,11.0,5.0,10.0,0.0
12531,4.0,0.0,4.0,0.0,2.0,1.0,7.0,4.0,2.0,3.0,1.0,11.0,5.0,10.0,35.0,35.0,-6.359999999999999,4.0,0.0,4.0,0.0,3.0,2.0,8.0,5.0,3.0,4.0,2.0,1.0,6.0,11.0,0.0
12532,4.0,0.0,4.0,0.0,3.0,2.0,8.0,5.0,3.0,4.0,2.0,1.0,6.0,11.0,14.0,47.0,-13.52,4.0,0.0,2.0,0.0,4.0,3.0,1.0,6.0,4.0,5.0,3.0,2.0,7.0,1.0,0.0
12533,4.0,0.0,2.0,0.0,4.0,3.0,1.0,6.0,4.0,5.0,3.0,2.0,7.0,1.0,7.0,17.0,-14.239999999999998,2.0,0.0,0.0,0.0,5.0,1.0,2.0,1.0,5.0,6.0,4.0,3.0,8.0,2.0,0.0
12534,2.0,0.0,0.0,0.0,5.0,1.0,2.0,1.0,5.0,6.0,4.0,3.0,8.0,2.0,44.0,8.0,-19.919999999999998,2.0,0.0,0.0,2.0,6.0,1.0,3.0,2.0,6.0,7.0,5.0,4.0,1.0,3.0,0.0
12535,2.0,0.0,0.0,2.0,6.0,1.0,3.0,2.0,6.0,7.0,5.0,4.0,1.0,3.0,31.0,52.0,-8.485,4.0,0.0,0.0,2.0,7.0,2.0,4.0,3.0,7.0,8.0,1.0,5.0,2.0,4.0,0.0
12536,4.0,0.0,0.0,2.0,7.0,2.0,4.0,3.0,7.0,8.0,1.0,5.0,2.0,4.0,7.0,52.0,-9.75,2.0,0.0,0.0,2.0,8.0,1.0,5.0,4.0,8.0,9.0,2.0,6.0,3.0,5.0,0.0
12537,2.0,0.0,0.0,2.0,8.0,1.0,5.0,4.0,8.0,9.0,2.0,6.0,3.0,5.0,16.0,19.0,-18.72,4.0,0.0,0.0,0.0,9.0,2.0,6.0,1.0,9.0,10.0,3.0,7.0,4.0,6.0,0.0
12538,4.0,0.0,0.0,0.0,9.0,2.0,6.0,1.0,9.0,10.0,3.0,7.0,4.0,6.0,7.0,24.0,-21.875,2.0,0.0,0.0,0.0,10.0,1.0,7.0,2.0,1.0,11.0,4.0,8.0,5.0,7.0,0.0
12539,2.0,0.0,0.0,0.0,10.0,1.0,7.0,2.0,1.0,11.0,4.0,8.0,5.0,7.0,14.0,47.0,-17.599999999999998,2.0,0.0,0.0,0.0,11.0,2.0,1.0,3.0,2.0,12.0,5.0,9.0,6.0,1.0,0.0
12540,2.0,0.0,0.0,0.0,11.0,2.0,1.0,3.0,2.0,12.0,5.0,9.0,6.0,1.0,39.0,35.0,-13.98,2.0,0.0,0.0,0.0,12.0,3.0,2.0,4.0,3.0,13.0,6.0,1.0,7.0,2.0,0.0
12541,2.0,0.0,0.0,0.0,12.0,3.0,2.0,4.0,3.0,13.0,6.0,1.0,7.0,2.0,2.0,8.0,-14.254999999999999,0.0,0.0,0.0,2.0,1.0,1.0,3.0,5.0,4.0,14.0,7.0,2.0,8.0,3.0,0.0
12542,0.0,0.0,0.0,2.0,1.0,1.0,3.0,5.0,4.0,14.0,7.0,2.0,8.0,3.0,42.0,29.0,-27.78,0.0,0.0,0.0,0.0,2.0,2.0,4.0,6.0,5.0,1.0,8.0,3.0,1.0,4.0,0.0
12543,0.0,0.0,0.0,0.0,2.0,2.0,4.0,6.0,5.0,1.0,8.0,3.0,1.0,4.0,31.0,33.0,-24.570000000000004,2.0,0.0,0.0,2.0,3.0,3.0,5.0,7.0,6.0,2.0,1.0,4.0,2.0,5.0,0.0
12544,2.0,0.0,0.0,2.0,3.0,3.0,5.0,7.0,6.0,2.0,1.0,4.0,2.0,5.0,48.0,15.0,-6.7,2.0,2.0,0.0,2.0,4.0,4.0,6.0,1.0,7.0,3.0,2.0,5.0,3.0,1.0,0.0
12545,2.0,2.0,0.0,2.0,4.0,4.0,6.0,1.0,7.0,3.0,2.0,5.0,3.0,1.0,14.0,24.0,-25.154999999999998,2.0,0.0,0.0,0.0,5.0,5.0,1.0,2.0,1.0,4.0,3.0,6.0,4.0,2.0,0.0
12546,2.0,0.0,0.0,0.0,5.0,5.0,1.0,2.0,1.0,4.0,3.0,6.0,4.0,2.0,39.0,50.0,-6.49,2.0,0.0,0.0,0.0,6.0,6.0,2.0,3.0,2.0,5.0,4.0,1.0,5.0,3.0,0.0
12547,2.0,0.0,0.0,0.0,6.0,6.0,2.0,3.0,2.0,5.0,4.0,1.0,5.0,3.0,7.0,8.0,-20.22,0.0,0.0,0.0,2.0,7.0,1.0,3.0,4.0,3.0,6.0,5.0,2.0,6.0,4.0,0.0
12548,0.0,0.0,0.0,2.0,7.0,1.0,3.0,4.0,3.0,6.0,5.0,2.0,6.0,4.0,19.0,42.0,-16.5,0.0,0.0,0.0,2.0,8.0,2.0,4.0,1.0,4.0,7.0,6.0,3.0,1.0,5.0,0.0
12549,0.0,0.0,0.0,2.0,8.0,2.0,4.0,1.0,4.0,7.0,6.0,3.0,1.0,5.0,31.0,49.0,-14.075,2.0,0.0,0.0,0.0,9.0,3.0,5.0,2.0,5.0,8.0,1.0,4.0,2.0,1.0,0.0
12550,2.0,0.0,0.0,0.0,9.0,3.0,5.0,2.0,5.0,8.0,1.0,4.0,2.0,1.0,39.0,50.0,-7.39,2.0,0.0,0.0,0.0,10.0,4.0,6.0,3.0,6.0,9.0,2.0,1.0,3.0,2.0,0.0
12551,2.0,0.0,0.0,0.0,10.0,4.0,6.0,3.0,6.0,9.0,2.0,1.0,3.0,2.0,7.0,8.0,-21.319999999999997,0.0,0.0,0.0,2.0,11.0,1.0,7.0,4.0,7.0,10.0,3.0,2.0,4.0,3.0,0.0
12552,0.0,0.0,0.0,2.0,11.0,1.0,7.0,4.0,7.0,10.0,3.0,2.0,4.0,3.0,19.0,12.0,-20.599999999999994,0.0,0.0,0.0,2.0,12.0,2.0,1.0,1.0,8.0,11.0,4.0,3.0,5.0,4.0,0.0
12553,0.0,0.0,0.0,2.0,12.0,2.0,1.0,1.0,8.0,11.0,4.0,3.0,5.0,4.0,48.0,42.0,-12.639999999999999,0.0,2.0,0.0,2.0,13.0,3.0,2.0,2.0,9.0,12.0,5.0,4.0,1.0,1.0,0.0
12554,0.0,2.0,0.0,2.0,13.0,3.0,2.0,2.0,9.0,12.0,5.0,4.0,1.0,1.0,16.0,26.0,-14.720000000000002,2.0,2.0,2.0,2.0,14.0,4.0,3.0,1.0,10.0,1.0,6.0,5.0,2.0,2.0,0.0
12555,2.0,2.0,2.0,2.0,14.0,4.0,3.0,1.0,10.0,1.0,6.0,5.0,2.0,2.0,4.0,34.0,-12.170000000000002,2.0,0.0,2.0,0.0,1.0,5.0,4.0,2.0,11.0,2.0,1.0,6.0,3.0,3.0,0.0
12556,2.0,0.0,2.0,0.0,1.0,5.0,4.0,2.0,11.0,2.0,1.0,6.0,3.0,3.0,39.0,37.0,-12.879999999999999,2.0,0.0,0.0,0.0,2.0,6.0,5.0,3.0,12.0,3.0,2.0,1.0,4.0,4.0,0.0
12557,2.0,0.0,0.0,0.0,2.0,6.0,5.0,3.0,12.0,3.0,2.0,1.0,4.0,4.0,42.0,24.0,-25.455,0.0,0.0,0.0,0.0,3.0,7.0,6.0,4.0,1.0,4.0,3.0,2.0,1.0,5.0,0.0
12558,0.0,0.0,0.0,0.0,3.0,7.0,6.0,4.0,1.0,4.0,3.0,2.0,1.0,5.0,7.0,8.0,-20.019999999999996,0.0,0.0,0.0,2.0,4.0,1.0,7.0,5.0,2.0,5.0,4.0,3.0,2.0,6.0,0.0
12559,0.0,0.0,0.0,2.0,4.0,1.0,7.0,5.0,2.0,5.0,4.0,3.0,2.0,6.0,14.0,12.0,-27.139999999999997,0.0,0.0,0.0,2.0,5.0,2.0,1.0,6.0,3.0,6.0,5.0,4.0,3.0,7.0,0.0
12560,0.0,0.0,0.0,2.0,5.0,2.0,1.0,6.0,3.0,6.0,5.0,4.0,3.0,7.0,48.0,19.0,-10.719999999999999,0.0,2.0,0.0,0.0,6.0,3.0,2.0,1.0,4.0,7.0,6.0,5.0,4.0,1.0,0.0
12561,0.0,2.0,0.0,0.0,6.0,3.0,2.0,1.0,4.0,7.0,6.0,5.0,4.0,1.0,39.0,37.0,-16.18,0.0,0.0,0.0,0.0,7.0,4.0,3.0,2.0,5.0,8.0,7.0,1.0,5.0,2.0,0.0
12562,0.0,0.0,0.0,0.0,7.0,4.0,3.0,2.0,5.0,8.0,7.0,1.0,5.0,2.0,31.0,8.0,-19.955000000000002,2.0,0.0,0.0,2.0,8.0,1.0,4.0,3.0,6.0,9.0,1.0,2.0,6.0,3.0,0.0
12563,2.0,0.0,0.0,2.0,8.0,1.0,4.0,3.0,6.0,9.0,1.0,2.0,6.0,3.0,42.0,42.0,-21.439999999999998,0.0,0.0,0.0,2.0,9.0,2.0,5.0,4.0,7.0,10.0,2.0,3.0,1.0,4.0,0.0
12564,0.0,0.0,0.0,2.0,9.0,2.0,5.0,4.0,7.0,10.0,2.0,3.0,1.0,4.0,16.0,12.0,-20.299999999999997,2.0,0.0,0.0,2.0,10.0,3.0,1.0,1.0,8.0,11.0,3.0,4.0,2.0,5.0,0.0
12565,2.0,0.0,0.0,2.0,10.0,3.0,1.0,1.0,8.0,11.0,3.0,4.0,2.0,5.0,4.0,26.0,-11.295000000000002,2.0,0.0,2.0,2.0,1.0,4.0,2.0,2.0,9.0,1.0,4.0,5.0,3.0,6.0,0.0
12566,2.0,0.0,2.0,2.0,1.0,4.0,2.0,2.0,9.0,1.0,4.0,5.0,3.0,6.0,31.0,37.0,-13.875,4.0,0.0,0.0,2.0,2.0,5.0,3.0,3.0,10.0,2.0,1.0,1.0,4.0,7.0,0.0
12567,4.0,0.0,0.0,2.0,2.0,5.0,3.0,3.0,10.0,2.0,1.0,1.0,4.0,7.0,48.0,24.0,-15.655,4.0,2.0,0.0,0.0,3.0,6.0,4.0,4.0,1.0,3.0,2.0,2.0,5.0,1.0,0.0
12568,4.0,2.0,0.0,0.0,3.0,6.0,4.0,4.0,1.0,3.0,2.0,2.0,5.0,1.0,7.0,42.0,-17.259999999999998,2.0,2.0,0.0,0.0,4.0,1.0,5.0,5.0,2.0,4.0,3.0,3.0,1.0,2.0,0.0
12569,2.0,2.0,0.0,0.0,4.0,1.0,5.0,5.0,2.0,4.0,3.0,3.0,1.0,2.0,42.0,12.0,-23.24,0.0,2.0,0.0,0.0,5.0,2.0,1.0,6.0,3.0,5.0,4.0,4.0,1.0,3.0,0.0
12570,0.0,2.0,0.0,0.0,5.0,2.0,1.0,6.0,3.0,5.0,4.0,4.0,1.0,3.0,16.0,37.0,-12.08,2.0,2.0,0.0,0.0,6.0,3.0,2.0,1.0,4.0,6.0,5.0,1.0,2.0,4.0,0.0
12571,2.0,2.0,0.0,0.0,6.0,3.0,2.0,1.0,4.0,6.0,5.0,1.0,2.0,4.0,31.0,8.0,-15.534999999999998,4.0,2.0,0.0,2.0,7.0,1.0,3.0,2.0,5.0,7.0,1.0,2.0,3.0,5.0,0.0
12572,4.0,2.0,0.0,2.0,7.0,1.0,3.0,2.0,5.0,7.0,1.0,2.0,3.0,5.0,42.0,12.0,-18.259999999999998,2.0,2.0,0.0,2.0,8.0,2.0,1.0,3.0,6.0,8.0,2.0,3.0,1.0,6.0,0.0
12573,2.0,2.0,0.0,2.0,8.0,2.0,1.0,3.0,6.0,8.0,2.0,3.0,1.0,6.0,48.0,12.0,-14.219999999999999,2.0,4.0,0.0,2.0,9.0,3.0,1.0,4.0,7.0,9.0,3.0,4.0,2.0,1.0,0.0
12574,2.0,4.0,0.0,2.0,9.0,3.0,1.0,4.0,7.0,9.0,3.0,4.0,2.0,1.0,16.0,37.0,-12.559999999999999,4.0,4.0,0.0,2.0,10.0,4.0,2.0,1.0,8.0,10.0,4.0,1.0,3.0,2.0,0.0
12575,4.0,4.0,0.0,2.0,10.0,4.0,2.0,1.0,8.0,10.0,4.0,1.0,3.0,2.0,2.0,2.0,-7.91,2.0,4.0,0.0,2.0,1.0,5.0,3.0,2.0,9.0,11.0,5.0,2.0,4.0,3.0,0.0
12576,2.0,4.0,0.0,2.0,1.0,5.0,3.0,2.0,9.0,11.0,5.0,2.0,4.0,3.0,20.0,26.0,-14.815,2.0,4.0,2.0,2.0,2.0,6.0,4.0,3.0,1.0,1.0,6.0,3.0,5.0,4.0,0.0
12577,2.0,4.0,2.0,2.0,2.0,6.0,4.0,3.0,1.0,1.0,6.0,3.0,5.0,4.0,42.0,42.0,-14.54,0.0,4.0,0.0,2.0,3.0,7.0,5.0,4.0,2.0,2.0,7.0,4.0,1.0,5.0,0.0
12578,0.0,4.0,0.0,2.0,3.0,7.0,5.0,4.0,2.0,2.0,7.0,4.0,1.0,5.0,31.0,12.0,-22.554999999999996,2.0,4.0,0.0,2.0,4.0,8.0,1.0,5.0,3.0,3.0,1.0,5.0,2.0,6.0,0.0
12579,2.0,4.0,0.0,2.0,4.0,8.0,1.0,5.0,3.0,3.0,1.0,5.0,2.0,6.0,16.0,35.0,-11.86,4.0,4.0,0.0,2.0,5.0,9.0,2.0,1.0,4.0,4.0,2.0,1.0,3.0,7.0,0.0
12580,4.0,4.0,0.0,2.0,5.0,9.0,2.0,1.0,4.0,4.0,2.0,1.0,3.0,7.0,7.0,8.0,-16.919999999999998,2.0,4.0,0.0,4.0,6.0,1.0,3.0,2.0,5.0,5.0,3.0,2.0,4.0,8.0,0.0
12581,2.0,4.0,0.0,4.0,6.0,1.0,3.0,2.0,5.0,5.0,3.0,2.0,4.0,8.0,42.0,12.0,-15.36,0.0,4.0,0.0,4.0,7.0,2.0,1.0,3.0,6.0,6.0,4.0,3.0,1.0,9.0,0.0
12582,0.0,4.0,0.0,4.0,7.0,2.0,1.0,3.0,6.0,6.0,4.0,3.0,1.0,9.0,48.0,47.0,-7.3999999999999995,0.0,6.0,0.0,4.0,8.0,3.0,2.0,4.0,7.0,7.0,5.0,4.0,2.0,1.0,0.0
12583,0.0,6.0,0.0,4.0,8.0,3.0,2.0,4.0,7.0,7.0,5.0,4.0,2.0,1.0,19.0,2.0,-7.974999999999999,0.0,4.0,0.0,4.0,1.0,4.0,3.0,1.0,8.0,8.0,6.0,5.0,3.0,2.0,0.0
12584,0.0,4.0,0.0,4.0,1.0,4.0,3.0,1.0,8.0,8.0,6.0,5.0,3.0,2.0,20.0,26.0,-17.295,0.0,4.0,2.0,4.0,2.0,5.0,4.0,2.0,1.0,1.0,7.0,6.0,4.0,3.0,0.0
12585,0.0,4.0,2.0,4.0,2.0,5.0,4.0,2.0,1.0,1.0,7.0,6.0,4.0,3.0,14.0,12.0,-20.839999999999996,0.0,2.0,0.0,4.0,3.0,6.0,1.0,3.0,2.0,2.0,8.0,7.0,5.0,4.0,0.0
12586,0.0,2.0,0.0,4.0,3.0,6.0,1.0,3.0,2.0,2.0,8.0,7.0,5.0,4.0,39.0,8.0,-19.919999999999998,0.0,0.0,0.0,6.0,4.0,1.0,2.0,4.0,3.0,3.0,9.0,1.0,6.0,5.0,0.0
12587,0.0,0.0,0.0,6.0,4.0,1.0,2.0,4.0,3.0,3.0,9.0,1.0,6.0,5.0,42.0,12.0,-20.119999999999997,0.0,0.0,0.0,6.0,5.0,2.0,1.0,5.0,4.0,4.0,10.0,2.0,1.0,6.0,0.0
12588,0.0,0.0,0.0,6.0,5.0,2.0,1.0,5.0,4.0,4.0,10.0,2.0,1.0,6.0,31.0,19.0,-12.335,2.0,0.0,0.0,4.0,6.0,3.0,2.0,1.0,5.0,5.0,1.0,3.0,2.0,7.0,0.0
12589,2.0,0.0,0.0,4.0,6.0,3.0,2.0,1.0,5.0,5.0,1.0,3.0,2.0,7.0,48.0,49.0,-5.04,2.0,2.0,0.0,2.0,7.0,4.0,3.0,2.0,6.0,6.0,2.0,4.0,3.0,1.0,0.0
12590,2.0,2.0,0.0,2.0,7.0,4.0,3.0,2.0,6.0,6.0,2.0,4.0,3.0,1.0,39.0,2.0,-8.195,2.0,0.0,0.0,2.0,1.0,5.0,4.0,3.0,7.0,7.0,3.0,1.0,4.0,2.0,0.0
12591,2.0,0.0,0.0,2.0,1.0,5.0,4.0,3.0,7.0,7.0,3.0,1.0,4.0,2.0,20.0,8.0,-19.775,2.0,0.0,0.0,4.0,2.0,1.0,5.0,4.0,1.0,8.0,4.0,2.0,5.0,3.0,0.0
12592,2.0,0.0,0.0,4.0,2.0,1.0,5.0,4.0,1.0,8.0,4.0,2.0,5.0,3.0,42.0,19.0,-16.62,0.0,0.0,0.0,2.0,3.0,2.0,6.0,1.0,2.0,9.0,5.0,3.0,1.0,4.0,0.0
12593,0.0,0.0,0.0,2.0,3.0,2.0,6.0,1.0,2.0,9.0,5.0,3.0,1.0,4.0,42.0,26.0,-20.96,0.0,0.0,2.0,2.0,4.0,3.0,7.0,2.0,3.0,1.0,6.0,4.0,1.0,5.0,0.0
12594,0.0,0.0,2.0,2.0,4.0,3.0,7.0,2.0,3.0,1.0,6.0,4.0,1.0,5.0,31.0,12.0,-20.814999999999998,2.0,0.0,0.0,2.0,5.0,4.0,1.0,3.0,4.0,2.0,1.0,5.0,2.0,6.0,0.0
12595,2.0,0.0,0.0,2.0,5.0,4.0,1.0,3.0,4.0,2.0,1.0,5.0,2.0,6.0,7.0,8.0,-20.639999999999997,0.0,0.0,0.0,4.0,6.0,1.0,2.0,4.0,5.0,3.0,2.0,6.0,3.0,7.0,0.0
12596,0.0,0.0,0.0,4.0,6.0,1.0,2.0,4.0,5.0,3.0,2.0,6.0,3.0,7.0,48.0,47.0,-6.0600000000000005,0.0,2.0,0.0,4.0,7.0,2.0,3.0,5.0,6.0,4.0,3.0,7.0,4.0,1.0,0.0
12597,0.0,2.0,0.0,4.0,7.0,2.0,3.0,5.0,6.0,4.0,3.0,7.0,4.0,1.0,39.0,2.0,-12.634999999999998,0.0,0.0,0.0,4.0,1.0,3.0,4.0,6.0,7.0,5.0,4.0,1.0,5.0,2.0,0.0
12598,0.0,0.0,0.0,4.0,1.0,3.0,4.0,6.0,7.0,5.0,4.0,1.0,5.0,2.0,42.0,17.0,-14.86,0.0,0.0,0.0,4.0,2.0,4.0,5.0,1.0,8.0,6.0,5.0,2.0,1.0,3.0,0.0
12599,0.0,0.0,0.0,4.0,2.0,4.0,5.0,1.0,8.0,6.0,5.0,2.0,1.0,3.0,20.0,2.0,-18.27,0.0,0.0,0.0,4.0,1.0,5.0,6.0,2.0,1.0,7.0,6.0,3.0,2.0,4.0,1.0
12600,5.0,8.0,2.0,2.0,1.0,1.0,1.0,1.0,1.0,1.0,1.0,1.0,1.0,1.0,42.0,11.0,-6.914999999999999,3.0,8.0,4.0,2.0,2.0,2.0,1.0,2.0,2.0,2.0,2.0,2.0,1.0,2.0,0.0
12601,3.0,8.0,4.0,2.0,2.0,2.0,1.0,2.0,2.0,2.0,2.0,2.0,1.0,2.0,42.0,8.0,-306.375,1.0,8.0,4.0,4.0,3.0,1.0,2.0,3.0,3.0,3.0,3.0,3.0,1.0,3.0,0.0
12602,1.0,8.0,4.0,4.0,3.0,1.0,2.0,3.0,3.0,3.0,3.0,3.0,1.0,3.0,42.0,2.0,-7.595000000000001,0.0,8.0,2.0,4.0,1.0,2.0,3.0,4.0,4.0,4.0,4.0,4.0,1.0,4.0,0.0
12603,0.0,8.0,2.0,4.0,1.0,2.0,3.0,4.0,4.0,4.0,4.0,4.0,1.0,4.0,42.0,2.0,-9.635,0.0,8.0,0.0,4.0,1.0,3.0,4.0,5.0,5.0,5.0,5.0,5.0,1.0,5.0,0.0
12604,0.0,8.0,0.0,4.0,1.0,3.0,4.0,5.0,5.0,5.0,5.0,5.0,1.0,5.0,42.0,2.0,-10.434999999999999,0.0,8.0,0.0,4.0,1.0,4.0,5.0,6.0,6.0,6.0,6.0,6.0,1.0,6.0,0.0
12605,0.0,8.0,0.0,4.0,1.0,4.0,5.0,6.0,6.0,6.0,6.0,6.0,1.0,6.0,42.0,2.0,-11.235,0.0,8.0,0.0,4.0,1.0,5.0,6.0,7.0,7.0,7.0,7.0,7.0,1.0,7.0,0.0
12606,0.0,8.0,0.0,4.0,1.0,5.0,6.0,7.0,7.0,7.0,7.0,7.0,1.0,7.0,11.0,2.0,-11.535,2.0,8.0,0.0,4.0,1.0,6.0,1.0,8.0,8.0,8.0,8.0,8.0,2.0,8.0,0.0
12607,2.0,8.0,0.0,4.0,1.0,6.0,1.0,8.0,8.0,8.0,8.0,8.0,2.0,8.0,47.0,8.0,-20.28,0.0,8.0,0.0,6.0,2.0,1.0,2.0,9.0,9.0,9.0,9.0,9.0,3.0,1.0,0.0
12608,0.0,8.0,0.0,6.0,2.0,1.0,2.0,9.0,9.0,9.0,9.0,9.0,3.0,1.0,19.0,2.0,-11.035,0.0,6.0,0.0,6.0,1.0,2.0,3.0,1.0,10.0,10.0,10.0,10.0,4.0,2.0,0.0
12609,0.0,6.0,0.0,6.0,1.0,2.0,3.0,1.0,10.0,10.0,10.0,10.0,4.0,2.0,42.0,2.0,-14.015,0.0,6.0,0.0,6.0,1.0,3.0,4.0,2.0,11.0,11.0,11.0,11.0,1.0,3.0,0.0
12610,0.0,6.0,0.0,6.0,1.0,3.0,4.0,2.0,11.0,11.0,11.0,11.0,1.0,3.0,47.0,2.0,-13.995000000000001,0.0,6.0,0.0,6.0,1.0,4.0,5.0,3.0,12.0,12.0,12.0,12.0,2.0,1.0,0.0
12611,0.0,6.0,0.0,6.0,1.0,4.0,5.0,3.0,12.0,12.0,12.0,12.0,2.0,1.0,47.0,2.0,-14.795000000000002,0.0,6.0,0.0,6.0,1.0,5.0,6.0,4.0,13.0,13.0,13.0,13.0,3.0,1.0,0.0
12612,0.0,6.0,0.0,6.0,1.0,5.0,6.0,4.0,13.0,13.0,13.0,13.0,3.0,1.0,47.0,2.0,-15.595,0.0,6.0,0.0,6.0,1.0,6.0,7.0,5.0,14.0,14.0,14.0,14.0,4.0,1.0,0.0
12613,0.0,6.0,0.0,6.0,1.0,6.0,7.0,5.0,14.0,14.0,14.0,14.0,4.0,1.0,7.0,2.0,-23.955,0.0,6.0,0.0,6.0,1.0,1.0,8.0,6.0,15.0,15.0,15.0,15.0,5.0,2.0,0.0
12614,0.0,6.0,0.0,6.0,1.0,1.0,8.0,6.0,15.0,15.0,15.0,15.0,5.0,2.0,42.0,2.0,-16.915,0.0,6.0,0.0,6.0,1.0,2.0,9.0,7.0,16.0,16.0,16.0,16.0,1.0,3.0,0.0
12615,0.0,6.0,0.0,6.0,1.0,2.0,9.0,7.0,16.0,16.0,16.0,16.0,1.0,3.0,47.0,2.0,-16.895000000000003,0.0,6.0,0.0,6.0,1.0,3.0,10.0,8.0,17.0,17.0,17.0,17.0,2.0,1.0,0.0
12616,0.0,6.0,0.0,6.0,1.0,3.0,10.0,8.0,17.0,17.0,17.0,17.0,2.0,1.0,47.0,2.0,-17.695,0.0,6.0,0.0,6.0,1.0,4.0,11.0,9.0,18.0,18.0,18.0,18.0,3.0,1.0,0.0
12617,0.0,6.0,0.0,6.0,1.0,4.0,11.0,9.0,18.0,18.0,18.0,18.0,3.0,1.0,47.0,2.0,-18.495,0.0,6.0,0.0,6.0,1.0,5.0,12.0,10.0,19.0,19.0,19.0,19.0,4.0,1.0,0.0
12618,0.0,6.0,0.0,6.0,1.0,5.0,12.0,10.0,19.0,19.0,19.0,19.0,4.0,1.0,7.0,2.0,-26.955,0.0,6.0,0.0,6.0,1.0,1.0,13.0,11.0,20.0,20.0,20.0,20.0,5.0,2.0,0.0
12619,0.0,6.0,0.0,6.0,1.0,1.0,13.0,11.0,20.0,20.0,20.0,20.0,5.0,2.0,47.0,2.0,-19.595,0.0,6.0,0.0,6.0,1.0,2.0,14.0,12.0,21.0,21.0,21.0,21.0,6.0,1.0,0.0
12620,0.0,6.0,0.0,6.0,1.0,2.0,14.0,12.0,21.0,21.0,21.0,21.0,6.0,1.0,39.0,2.0,-23.355000000000004,0.0,4.0,0.0,6.0,1.0,3.0,15.0,13.0,22.0,22.0,22.0,1.0,7.0,2.0,0.0
12621,0.0,4.0,0.0,6.0,1.0,3.0,15.0,13.0,22.0,22.0,22.0,1.0,7.0,2.0,27.0,2.0,-25.155,0.0,4.0,0.0,6.0,1.0,4.0,16.0,14.0,23.0,1.0,23.0,2.0,8.0,3.0,0.0
12622,0.0,4.0,0.0,6.0,1.0,4.0,16.0,14.0,23.0,1.0,23.0,2.0,8.0,3.0,34.0,20.0,-26.67,0.0,2.0,0.0,6.0,2.0,5.0,17.0,15.0,1.0,2.0,1.0,3.0,9.0,4.0,0.0
12623,0.0,2.0,0.0,6.0,2.0,5.0,17.0,15.0,1.0,2.0,1.0,3.0,9.0,4.0,14.0,11.0,-21.32,0.0,0.0,2.0,6.0,3.0,6.0,1.0,16.0,2.0,3.0,2.0,4.0,10.0,5.0,0.0
12624,0.0,0.0,2.0,6.0,3.0,6.0,1.0,16.0,2.0,3.0,2.0,4.0,10.0,5.0,43.0,17.0,-10.419999999999998,0.0,2.0,0.0,6.0,4.0,7.0,2.0,1.0,3.0,4.0,3.0,5.0,1.0,6.0,0.0
12625,0.0,2.0,0.0,6.0,4.0,7.0,2.0,1.0,3.0,4.0,3.0,5.0,1.0,6.0,7.0,42.0,-14.34,0.0,2.0,0.0,6.0,5.0,1.0,3.0,2.0,4.0,5.0,4.0,6.0,1.0,7.0,0.0
12626,0.0,2.0,0.0,6.0,5.0,1.0,3.0,2.0,4.0,5.0,4.0,6.0,1.0,7.0,31.0,47.0,-13.774999999999999,2.0,2.0,0.0,6.0,6.0,2.0,4.0,3.0,5.0,6.0,1.0,7.0,2.0,1.0,0.0
12627,2.0,2.0,0.0,6.0,6.0,2.0,4.0,3.0,5.0,6.0,1.0,7.0,2.0,1.0,39.0,2.0,-11.615,2.0,0.0,0.0,6.0,1.0,3.0,5.0,4.0,6.0,7.0,2.0,1.0,3.0,2.0,0.0
12628,2.0,0.0,0.0,6.0,1.0,3.0,5.0,4.0,6.0,7.0,2.0,1.0,3.0,2.0,27.0,17.0,-17.560000000000002,0.0,0.0,0.0,6.0,2.0,4.0,6.0,1.0,7.0,1.0,3.0,2.0,4.0,3.0,0.0
12629,0.0,0.0,0.0,6.0,2.0,4.0,6.0,1.0,7.0,1.0,3.0,2.0,4.0,3.0,7.0,42.0,-14.66,0.0,0.0,0.0,6.0,3.0,1.0,7.0,2.0,8.0,2.0,4.0,3.0,1.0,4.0,0.0
12630,0.0,0.0,0.0,6.0,3.0,1.0,7.0,2.0,8.0,2.0,4.0,3.0,1.0,4.0,27.0,2.0,-23.375,0.0,0.0,0.0,6.0,1.0,2.0,8.0,3.0,9.0,1.0,5.0,4.0,2.0,5.0,0.0
12631,0.0,0.0,0.0,6.0,1.0,2.0,8.0,3.0,9.0,1.0,5.0,4.0,2.0,5.0,27.0,20.0,-25.855,0.0,0.0,0.0,6.0,2.0,3.0,9.0,4.0,1.0,1.0,6.0,5.0,3.0,6.0,0.0
12632,0.0,0.0,0.0,6.0,2.0,3.0,9.0,4.0,1.0,1.0,6.0,5.0,3.0,6.0,14.0,13.0,-23.32,0.0,0.0,0.0,8.0,3.0,4.0,1.0,5.0,2.0,2.0,7.0,6.0,4.0,7.0,0.0
12633,0.0,0.0,0.0,8.0,3.0,4.0,1.0,5.0,2.0,2.0,7.0,6.0,4.0,7.0,31.0,17.0,-12.735000000000001,2.0,0.0,0.0,8.0,4.0,5.0,2.0,1.0,3.0,3.0,1.0,7.0,5.0,8.0,0.0
12634,2.0,0.0,0.0,8.0,4.0,5.0,2.0,1.0,3.0,3.0,1.0,7.0,5.0,8.0,7.0,42.0,-15.06,0.0,0.0,0.0,8.0,5.0,1.0,3.0,2.0,4.0,4.0,2.0,8.0,1.0,9.0,0.0
12635,0.0,0.0,0.0,8.0,5.0,1.0,3.0,2.0,4.0,4.0,2.0,8.0,1.0,9.0,38.0,47.0,-13.739999999999998,0.0,2.0,0.0,8.0,6.0,2.0,4.0,3.0,5.0,5.0,3.0,1.0,2.0,1.0,0.0
12636,0.0,2.0,0.0,8.0,6.0,2.0,4.0,3.0,5.0,5.0,3.0,1.0,2.0,1.0,27.0,17.0,-15.799999999999997,0.0,2.0,0.0,8.0,7.0,3.0,5.0,1.0,6.0,1.0,4.0,2.0,3.0,2.0,0.0
12637,0.0,2.0,0.0,8.0,7.0,3.0,5.0,1.0,6.0,1.0,4.0,2.0,3.0,2.0,27.0,40.0,-18.259999999999998,0.0,2.0,0.0,8.0,8.0,4.0,6.0,2.0,7.0,1.0,5.0,3.0,1.0,3.0,0.0
12638,0.0,2.0,0.0,8.0,8.0,4.0,6.0,2.0,7.0,1.0,5.0,3.0,1.0,3.0,27.0,2.0,-24.714999999999996,0.0,2.0,0.0,8.0,1.0,5.0,7.0,3.0,8.0,1.0,6.0,4.0,2.0,4.0,0.0
12639,0.0,2.0,0.0,8.0,1.0,5.0,7.0,3.0,8.0,1.0,6.0,4.0,2.0,4.0,27.0,20.0,-24.814999999999994,0.0,2.0,0.0,8.0,2.0,6.0,8.0,4.0,1.0,1.0,7.0,5.0,3.0,5.0,0.0
12640,0.0,2.0,0.0,8.0,2.0,6.0,8.0,4.0,1.0,1.0,7.0,5.0,3.0,5.0,27.0,12.0,-21.659999999999997,0.0,2.0,0.0,8.0,3.0,7.0,1.0,5.0,2.0,1.0,8.0,6.0,4.0,6.0,0.0
12641,0.0,2.0,0.0,8.0,3.0,7.0,1.0,5.0,2.0,1.0,8.0,6.0,4.0,6.0,31.0,17.0,-12.835,2.0,2.0,0.0,8.0,4.0,8.0,2.0,1.0,3.0,2.0,1.0,7.0,5.0,7.0,0.0
12642,2.0,2.0,0.0,8.0,4.0,8.0,2.0,1.0,3.0,2.0,1.0,7.0,5.0,7.0,7.0,31.0,-27.195,0.0,2.0,2.0,8.0,5.0,1.0,3.0,2.0,4.0,3.0,1.0,8.0,6.0,8.0,0.0
12643,0.0,2.0,2.0,8.0,5.0,1.0,3.0,2.0,4.0,3.0,1.0,8.0,6.0,8.0,14.0,44.0,-18.46,0.0,0.0,2.0,6.0,6.0,2.0,1.0,3.0,5.0,4.0,2.0,9.0,1.0,9.0,0.0
12644,0.0,0.0,2.0,6.0,6.0,2.0,1.0,3.0,5.0,4.0,2.0,9.0,1.0,9.0,38.0,47.0,-11.459999999999999,0.0,2.0,0.0,6.0,7.0,3.0,2.0,4.0,6.0,5.0,3.0,1.0,2.0,1.0,0.0
12645,0.0,2.0,0.0,6.0,7.0,3.0,2.0,4.0,6.0,5.0,3.0,1.0,2.0,1.0,27.0,17.0,-15.279999999999998,0.0,2.0,0.0,6.0,8.0,4.0,3.0,1.0,7.0,1.0,4.0,2.0,3.0,2.0,0.0
12646,0.0,2.0,0.0,6.0,8.0,4.0,3.0,1.0,7.0,1.0,4.0,2.0,3.0,2.0,4.0,2.0,-10.830000000000002,0.0,0.0,0.0,6.0,1.0,5.0,4.0,2.0,8.0,2.0,5.0,3.0,4.0,3.0,0.0
12647,0.0,0.0,0.0,6.0,1.0,5.0,4.0,2.0,8.0,2.0,5.0,3.0,4.0,3.0,27.0,44.0,-22.08,0.0,0.0,0.0,4.0,2.0,6.0,5.0,3.0,9.0,1.0,6.0,4.0,1.0,4.0,0.0
12648,0.0,0.0,0.0,4.0,2.0,6.0,5.0,3.0,9.0,1.0,6.0,4.0,1.0,4.0,31.0,20.0,-19.41,2.0,0.0,0.0,4.0,3.0,7.0,6.0,4.0,1.0,2.0,1.0,5.0,2.0,5.0,0.0
12649,2.0,0.0,0.0,4.0,3.0,7.0,6.0,4.0,1.0,2.0,1.0,5.0,2.0,5.0,7.0,17.0,-12.799999999999999,0.0,0.0,0.0,4.0,4.0,1.0,7.0,1.0,2.0,3.0,2.0,6.0,3.0,6.0,0.0
12650,0.0,0.0,0.0,4.0,4.0,1.0,7.0,1.0,2.0,3.0,2.0,6.0,3.0,6.0,14.0,12.0,-24.26,0.0,0.0,0.0,4.0,5.0,2.0,1.0,2.0,3.0,4.0,3.0,7.0,4.0,7.0,0.0
12651,0.0,0.0,0.0,4.0,5.0,2.0,1.0,2.0,3.0,4.0,3.0,7.0,4.0,7.0,37.0,49.0,-10.219999999999999,0.0,0.0,0.0,2.0,6.0,3.0,2.0,3.0,4.0,5.0,4.0,1.0,5.0,1.0,0.0
12652,0.0,0.0,0.0,2.0,6.0,3.0,2.0,3.0,4.0,5.0,4.0,1.0,5.0,1.0,27.0,17.0,-20.340000000000003,0.0,0.0,0.0,2.0,7.0,4.0,3.0,1.0,5.0,1.0,5.0,2.0,6.0,2.0,0.0
12653,0.0,0.0,0.0,2.0,7.0,4.0,3.0,1.0,5.0,1.0,5.0,2.0,6.0,2.0,4.0,34.0,-17.970000000000002,0.0,0.0,0.0,0.0,1.0,5.0,4.0,2.0,6.0,2.0,1.0,3.0,7.0,3.0,0.0
12654,0.0,0.0,0.0,0.0,1.0,5.0,4.0,2.0,6.0,2.0,1.0,3.0,7.0,3.0,7.0,42.0,-21.799999999999997,0.0,0.0,0.0,0.0,2.0,1.0,5.0,3.0,7.0,3.0,2.0,4.0,1.0,4.0,0.0
12655,0.0,0.0,0.0,0.0,2.0,1.0,5.0,3.0,7.0,3.0,2.0,4.0,1.0,4.0,27.0,2.0,-19.355,0.0,0.0,0.0,0.0,1.0,2.0,6.0,4.0,8.0,1.0,3.0,5.0,2.0,5.0,0.0
12656,0.0,0.0,0.0,0.0,1.0,2.0,6.0,4.0,8.0,1.0,3.0,5.0,2.0,5.0,27.0,20.0,-29.375000000000004,0.0,0.0,0.0,0.0,2.0,3.0,7.0,5.0,1.0,1.0,4.0,6.0,3.0,6.0,0.0
12657,0.0,0.0,0.0,0.0,2.0,3.0,7.0,5.0,1.0,1.0,4.0,6.0,3.0,6.0,17.0,51.0,-10.19,0.0,0.0,2.0,0.0,3.0,4.0,8.0,1.0,2.0,2.0,5.0,7.0,4.0,7.0,0.0
12658,0.0,0.0,2.0,0.0,3.0,4.0,8.0,1.0,2.0,2.0,5.0,7.0,4.0,7.0,14.0,34.0,-25.235,0.0,0.0,2.0,0.0,4.0,5.0,1.0,2.0,3.0,3.0,1.0,8.0,5.0,8.0,0.0
12659,0.0,0.0,2.0,0.0,4.0,5.0,1.0,2.0,3.0,3.0,1.0,8.0,5.0,8.0,49.0,45.0,-7.92,0.0,0.0,2.0,0.0,5.0,6.0,2.0,3.0,4.0,4.0,2.0,9.0,6.0,1.0,0.0
12660,0.0,0.0,2.0,0.0,5.0,6.0,2.0,3.0,4.0,4.0,2.0,9.0,6.0,1.0,39.0,37.0,-16.08,0.0,0.0,0.0,0.0,6.0,7.0,3.0,4.0,5.0,5.0,3.0,1.0,7.0,2.0,0.0
12661,0.0,0.0,0.0,0.0,6.0,7.0,3.0,4.0,5.0,5.0,3.0,1.0,7.0,2.0,7.0,8.0,-20.72,0.0,0.0,0.0,2.0,7.0,1.0,4.0,5.0,6.0,6.0,4.0,2.0,8.0,3.0,0.0
12662,0.0,0.0,0.0,2.0,7.0,1.0,4.0,5.0,6.0,6.0,4.0,2.0,8.0,3.0,27.0,44.0,-28.38,0.0,0.0,0.0,0.0,8.0,2.0,5.0,6.0,7.0,1.0,5.0,3.0,1.0,4.0,0.0
12663,0.0,0.0,0.0,0.0,8.0,2.0,5.0,6.0,7.0,1.0,5.0,3.0,1.0,4.0,16.0,2.0,-11.395,2.0,0.0,0.0,0.0,1.0,3.0,6.0,1.0,8.0,2.0,6.0,4.0,2.0,5.0,0.0
12664,2.0,0.0,0.0,0.0,1.0,3.0,6.0,1.0,8.0,2.0,6.0,4.0,2.0,5.0,27.0,20.0,-29.375000000000004,0.0,0.0,0.0,0.0,2.0,4.0,7.0,2.0,1.0,1.0,7.0,5.0,3.0,6.0,0.0
12665,0.0,0.0,0.0,0.0,2.0,4.0,7.0,2.0,1.0,1.0,7.0,5.0,3.0,6.0,49.0,45.0,-8.54,0.0,0.0,0.0,0.0,3.0,5.0,8.0,3.0,2.0,2.0,8.0,6.0,4.0,1.0,0.0
12666,0.0,0.0,0.0,0.0,3.0,5.0,8.0,3.0,2.0,2.0,8.0,6.0,4.0,1.0,27.0,34.0,-31.015000000000004,0.0,0.0,0.0,0.0,4.0,6.0,9.0,4.0,3.0,1.0,1.0,7.0,5.0,2.0,0.0
12667,0.0,0.0,0.0,0.0,4.0,6.0,9.0,4.0,3.0,1.0,1.0,7.0,5.0,2.0,1.0,37.0,-10.454999999999998,2.0,0.0,0.0,0.0,1.0,7.0,10.0,5.0,4.0,2.0,2.0,1.0,6.0,3.0,0.0
12668,2.0,0.0,0.0,0.0,1.0,7.0,10.0,5.0,4.0,2.0,2.0,1.0,6.0,3.0,7.0,12.0,-25.099999999999998,0.0,0.0,0.0,0.0,2.0,1.0,1.0,6.0,5.0,3.0,3.0,2.0,7.0,4.0,0.0
12669,0.0,0.0,0.0,0.0,2.0,1.0,1.0,6.0,5.0,3.0,3.0,2.0,7.0,4.0,16.0,43.0,-15.499999999999998,2.0,0.0,0.0,2.0,3.0,2.0,2.0,1.0,6.0,4.0,4.0,3.0,1.0,5.0,0.0
12670,2.0,0.0,0.0,2.0,3.0,2.0,2.0,1.0,6.0,4.0,4.0,3.0,1.0,5.0,27.0,45.0,-18.080000000000002,0.0,0.0,0.0,2.0,4.0,3.0,3.0,2.0,7.0,1.0,5.0,4.0,2.0,1.0,0.0
12671,0.0,0.0,0.0,2.0,4.0,3.0,3.0,2.0,7.0,1.0,5.0,4.0,2.0,1.0,4.0,20.0,-13.95,0.0,0.0,0.0,2.0,1.0,4.0,4.0,3.0,1.0,2.0,6.0,5.0,3.0,2.0,0.0
12672,0.0,0.0,0.0,2.0,1.0,4.0,4.0,3.0,1.0,2.0,6.0,5.0,3.0,2.0,27.0,34.0,-30.115000000000006,0.0,0.0,0.0,0.0,2.0,5.0,5.0,4.0,2.0,1.0,1.0,6.0,4.0,3.0,0.0
12673,0.0,0.0,0.0,0.0,2.0,5.0,5.0,4.0,2.0,1.0,1.0,6.0,4.0,3.0,17.0,37.0,-15.079999999999998,0.0,0.0,0.0,0.0,3.0,6.0,6.0,1.0,3.0,2.0,2.0,1.0,5.0,4.0,0.0
12674,0.0,0.0,0.0,0.0,3.0,6.0,6.0,1.0,3.0,2.0,2.0,1.0,5.0,4.0,49.0,42.0,-15.799999999999999,0.0,0.0,0.0,0.0,4.0,7.0,7.0,2.0,4.0,3.0,3.0,2.0,1.0,1.0,0.0
12675,0.0,0.0,0.0,0.0,4.0,7.0,7.0,2.0,4.0,3.0,3.0,2.0,1.0,1.0,27.0,37.0,-23.74,0.0,0.0,0.0,0.0,5.0,8.0,8.0,3.0,5.0,1.0,4.0,1.0,2.0,2.0,0.0
12676,0.0,0.0,0.0,0.0,5.0,8.0,8.0,3.0,5.0,1.0,4.0,1.0,2.0,2.0,27.0,8.0,-25.700000000000003,0.0,0.0,0.0,2.0,6.0,1.0,9.0,4.0,6.0,1.0,5.0,2.0,3.0,3.0,0.0
12677,0.0,0.0,0.0,2.0,6.0,1.0,9.0,4.0,6.0,1.0,5.0,2.0,3.0,3.0,4.0,2.0,-7.8100000000000005,0.0,0.0,0.0,2.0,1.0,2.0,10.0,5.0,7.0,2.0,6.0,3.0,4.0,4.0,0.0
12678,0.0,0.0,0.0,2.0,1.0,2.0,10.0,5.0,7.0,2.0,6.0,3.0,4.0,4.0,27.0,12.0,-27.759999999999998,0.0,0.0,0.0,2.0,2.0,3.0,1.0,6.0,8.0,1.0,7.0,4.0,5.0,5.0,0.0
12679,0.0,0.0,0.0,2.0,2.0,3.0,1.0,6.0,8.0,1.0,7.0,4.0,5.0,5.0,47.0,44.0,-16.599999999999998,0.0,0.0,0.0,0.0,3.0,4.0,2.0,7.0,9.0,2.0,8.0,5.0,1.0,1.0,0.0
12680,0.0,0.0,0.0,0.0,3.0,4.0,2.0,7.0,9.0,2.0,8.0,5.0,1.0,1.0,27.0,20.0,-29.675000000000004,0.0,0.0,0.0,0.0,4.0,5.0,3.0,8.0,1.0,1.0,9.0,6.0,2.0,2.0,0.0
12681,0.0,0.0,0.0,0.0,4.0,5.0,3.0,8.0,1.0,1.0,9.0,6.0,2.0,2.0,1.0,33.0,-17.130000000000003,2.0,0.0,0.0,2.0,1.0,6.0,4.0,9.0,2.0,2.0,1.0,7.0,3.0,3.0,0.0
12682,2.0,0.0,0.0,2.0,1.0,6.0,4.0,9.0,2.0,2.0,1.0,7.0,3.0,3.0,5.0,18.0,-8.879999999999999,2.0,0.0,0.0,4.0,2.0,1.0,5.0,1.0,3.0,3.0,2.0,8.0,4.0,4.0,0.0
12683,2.0,0.0,0.0,4.0,2.0,1.0,5.0,1.0,3.0,3.0,2.0,8.0,4.0,4.0,35.0,39.0,-12.18,2.0,0.0,0.0,2.0,3.0,2.0,6.0,2.0,4.0,4.0,3.0,1.0,5.0,5.0,0.0
12684,2.0,0.0,0.0,2.0,3.0,2.0,6.0,2.0,4.0,4.0,3.0,1.0,5.0,5.0,27.0,2.0,-19.455000000000002,0.0,0.0,0.0,2.0,1.0,3.0,7.0,3.0,5.0,1.0,4.0,2.0,6.0,6.0,0.0
12685,0.0,0.0,0.0,2.0,1.0,3.0,7.0,3.0,5.0,1.0,4.0,2.0,6.0,6.0,49.0,43.0,-9.799999999999999,0.0,0.0,0.0,4.0,2.0,4.0,8.0,4.0,6.0,2.0,5.0,3.0,1.0,1.0,0.0
12686,0.0,0.0,0.0,4.0,2.0,4.0,8.0,4.0,6.0,2.0,5.0,3.0,1.0,1.0,54.0,2.0,-7.345,0.0,0.0,0.0,4.0,1.0,5.0,9.0,5.0,7.0,3.0,6.0,4.0,2.0,2.0,0.0
12687,0.0,0.0,0.0,4.0,1.0,5.0,9.0,5.0,7.0,3.0,6.0,4.0,2.0,2.0,54.0,2.0,-8.245,0.0,0.0,0.0,4.0,1.0,6.0,10.0,6.0,8.0,4.0,7.0,5.0,3.0,3.0,0.0
12688,0.0,0.0,0.0,4.0,1.0,6.0,10.0,6.0,8.0,4.0,7.0,5.0,3.0,3.0,54.0,2.0,-9.145,0.0,0.0,0.0,4.0,1.0,7.0,11.0,7.0,9.0,5.0,8.0,6.0,4.0,4.0,0.0
12689,0.0,0.0,0.0,4.0,1.0,7.0,11.0,7.0,9.0,5.0,8.0,6.0,4.0,4.0,54.0,2.0,-10.044999999999998,0.0,0.0,0.0,4.0,1.0,8.0,12.0,8.0,10.0,6.0,9.0,7.0,5.0,5.0,0.0
12690,0.0,0.0,0.0,4.0,1.0,8.0,12.0,8.0,10.0,6.0,9.0,7.0,5.0,5.0,54.0,2.0,-10.945,0.0,0.0,0.0,4.0,1.0,9.0,13.0,9.0,11.0,7.0,10.0,8.0,6.0,6.0,0.0
12691,0.0,0.0,0.0,4.0,1.0,9.0,13.0,9.0,11.0,7.0,10.0,8.0,6.0,6.0,54.0,37.0,-15.33,0.0,0.0,0.0,4.0,2.0,10.0,14.0,10.0,12.0,8.0,11.0,1.0,7.0,7.0,0.0
12692,0.0,0.0,0.0,4.0,2.0,10.0,14.0,10.0,12.0,8.0,11.0,1.0,7.0,7.0,54.0,2.0,-11.945,0.0,0.0,0.0,4.0,1.0,11.0,15.0,11.0,13.0,9.0,12.0,2.0,8.0,8.0,0.0
12693,0.0,0.0,0.0,4.0,1.0,11.0,15.0,11.0,13.0,9.0,12.0,2.0,8.0,8.0,54.0,2.0,-12.844999999999999,0.0,0.0,0.0,4.0,1.0,12.0,16.0,12.0,14.0,10.0,13.0,3.0,9.0,9.0,0.0
12694,0.0,0.0,0.0,4.0,1.0,12.0,16.0,12.0,14.0,10.0,13.0,3.0,9.0,9.0,54.0,2.0,-13.745000000000001,0.0,0.0,0.0,4.0,1.0,13.0,17.0,13.0,15.0,11.0,14.0,4.0,10.0,10.0,0.0
12695,0.0,0.0,0.0,4.0,1.0,13.0,17.0,13.0,15.0,11.0,14.0,4.0,10.0,10.0,54.0,2.0,-14.645,0.0,0.0,0.0,4.0,1.0,14.0,18.0,14.0,16.0,12.0,15.0,5.0,11.0,11.0,0.0
12696,0.0,0.0,0.0,4.0,1.0,14.0,18.0,14.0,16.0,12.0,15.0,5.0,11.0,11.0,54.0,2.0,-15.544999999999998,0.0,0.0,0.0,4.0,1.0,15.0,19.0,15.0,17.0,13.0,16.0,6.0,12.0,12.0,0.0
12697,0.0,0.0,0.0,4.0,1.0,15.0,19.0,15.0,17.0,13.0,16.0,6.0,12.0,12.0,54.0,2.0,-16.445,0.0,0.0,0.0,4.0,1.0,16.0,20.0,16.0,18.0,14.0,17.0,7.0,13.0,13.0,0.0
12698,0.0,0.0,0.0,4.0,1.0,16.0,20.0,16.0,18.0,14.0,17.0,7.0,13.0,13.0,54.0,37.0,-20.93,0.0,0.0,0.0,4.0,2.0,17.0,21.0,17.0,19.0,15.0,18.0,1.0,14.0,14.0,0.0
12699,0.0,0.0,0.0,4.0,2.0,17.0,21.0,17.0,19.0,15.0,18.0,1.0,14.0,14.0,27.0,45.0,-26.78,0.0,0.0,0.0,4.0,3.0,18.0,22.0,18.0,20.0,1.0,19.0,2.0,15.0,1.0,1.0
12700,1.0,0.0,9.0,6.0,1.0,1.0,1.0,1.0,1.0,1.0,1.0,1.0,1.0,1.0,54.0,9.0,-3.295,1.0,0.0,9.0,4.0,2.0,1.0,2.0,2.0,2.0,2.0,2.0,2.0,2.0,2.0,0.0
12701,1.0,0.0,9.0,4.0,2.0,1.0,2.0,2.0,2.0,2.0,2.0,2.0,2.0,2.0,54.0,34.0,-3.0100000000000002,1.0,0.0,9.0,2.0,3.0,2.0,3.0,3.0,3.0,3.0,1.0,3.0,3.0,3.0,0.0
12702,1.0,0.0,9.0,2.0,3.0,2.0,3.0,3.0,3.0,3.0,1.0,3.0,3.0,3.0,24.0,37.0,-13.174999999999997,1.0,0.0,7.0,2.0,4.0,3.0,4.0,4.0,1.0,4.0,2.0,1.0,4.0,4.0,0.0
12703,1.0,0.0,7.0,2.0,4.0,3.0,4.0,4.0,1.0,4.0,2.0,1.0,4.0,4.0,45.0,38.0,-7.01,1.0,0.0,7.0,4.0,5.0,4.0,5.0,5.0,2.0,5.0,3.0,1.0,5.0,1.0,0.0
12704,1.0,0.0,7.0,4.0,5.0,4.0,5.0,5.0,2.0,5.0,3.0,1.0,5.0,1.0,27.0,9.0,-17.805,0.0,0.0,7.0,2.0,6.0,1.0,6.0,6.0,3.0,1.0,4.0,2.0,6.0,2.0,0.0
12705,0.0,0.0,7.0,2.0,6.0,1.0,6.0,6.0,3.0,1.0,4.0,2.0,6.0,2.0,4.0,34.0,-6.335,0.0,0.0,7.0,0.0,1.0,2.0,7.0,7.0,4.0,2.0,1.0,3.0,7.0,3.0,0.0
12706,0.0,0.0,7.0,0.0,1.0,2.0,7.0,7.0,4.0,2.0,1.0,3.0,7.0,3.0,45.0,13.0,-10.055,0.0,0.0,7.0,2.0,2.0,3.0,1.0,8.0,5.0,3.0,2.0,4.0,8.0,1.0,0.0
12707,0.0,0.0,7.0,2.0,2.0,3.0,1.0,8.0,5.0,3.0,2.0,4.0,8.0,1.0,52.0,37.0,-4.765,0.0,0.0,5.0,2.0,3.0,4.0,2.0,9.0,6.0,4.0,3.0,1.0,9.0,2.0,0.0
12708,0.0,0.0,5.0,2.0,3.0,4.0,2.0,9.0,6.0,4.0,3.0,1.0,9.0,2.0,18.0,37.0,-308.795,0.0,2.0,3.0,2.0,4.0,5.0,3.0,1.0,7.0,5.0,4.0,1.0,10.0,3.0,0.0
12709,0.0,2.0,3.0,2.0,4.0,5.0,3.0,1.0,7.0,5.0,4.0,1.0,10.0,3.0,40.0,22.0,-17.240000000000002,0.0,2.0,1.0,2.0,5.0,6.0,4.0,2.0,1.0,6.0,5.0,2.0,1.0,4.0,0.0
12710,0.0,2.0,1.0,2.0,5.0,6.0,4.0,2.0,1.0,6.0,5.0,2.0,1.0,4.0,45.0,0.0,-5.5600000000000005,0.0,2.0,1.0,2.0,1.0,7.0,5.0,3.0,2.0,7.0,6.0,3.0,2.0,1.0,0.0
12711,0.0,2.0,1.0,2.0,1.0,7.0,5.0,3.0,2.0,7.0,6.0,3.0,2.0,1.0,27.0,50.0,-15.469999999999997,0.0,2.0,1.0,2.0,2.0,8.0,6.0,4.0,3.0,1.0,7.0,4.0,3.0,2.0,0.0
12712,0.0,2.0,1.0,2.0,2.0,8.0,6.0,4.0,3.0,1.0,7.0,4.0,3.0,2.0,45.0,33.0,-16.499999999999996,0.0,2.0,1.0,4.0,3.0,9.0,7.0,5.0,4.0,2.0,1.0,5.0,4.0,1.0,0.0
12713,0.0,2.0,1.0,4.0,3.0,9.0,7.0,5.0,4.0,2.0,1.0,5.0,4.0,1.0,45.0,13.0,-9.415,0.0,2.0,1.0,6.0,4.0,10.0,1.0,6.0,5.0,3.0,2.0,6.0,5.0,1.0,0.0
12714,0.0,2.0,1.0,6.0,4.0,10.0,1.0,6.0,5.0,3.0,2.0,6.0,5.0,1.0,45.0,9.0,-11.485000000000001,0.0,2.0,1.0,4.0,5.0,1.0,2.0,7.0,6.0,4.0,3.0,7.0,6.0,1.0,0.0
12715,0.0,2.0,1.0,4.0,5.0,1.0,2.0,7.0,6.0,4.0,3.0,7.0,6.0,1.0,24.0,18.0,-15.68,0.0,0.0,1.0,6.0,6.0,2.0,3.0,1.0,1.0,5.0,4.0,8.0,7.0,2.0,0.0
12716,0.0,0.0,1.0,6.0,6.0,2.0,3.0,1.0,1.0,5.0,4.0,8.0,7.0,2.0,4.0,42.0,-8.095,0.0,0.0,0.0,6.0,1.0,3.0,4.0,2.0,2.0,6.0,5.0,9.0,1.0,3.0,0.0
12717,0.0,0.0,0.0,6.0,1.0,3.0,4.0,2.0,2.0,6.0,5.0,9.0,1.0,3.0,45.0,39.0,-12.700000000000001,0.0,0.0,0.0,4.0,2.0,4.0,5.0,3.0,3.0,7.0,6.0,1.0,2.0,1.0,0.0
12718,0.0,0.0,0.0,4.0,2.0,4.0,5.0,3.0,3.0,7.0,6.0,1.0,2.0,1.0,27.0,13.0,-23.04,0.0,0.0,0.0,6.0,3.0,5.0,1.0,4.0,4.0,1.0,7.0,2.0,3.0,2.0,0.0
12719,0.0,0.0,0.0,6.0,3.0,5.0,1.0,4.0,4.0,1.0,7.0,2.0,3.0,2.0,45.0,18.0,-6.699999999999999,0.0,0.0,0.0,8.0,4.0,6.0,2.0,1.0,5.0,2.0,8.0,3.0,4.0,1.0,0.0
12720,0.0,0.0,0.0,8.0,4.0,6.0,2.0,1.0,5.0,2.0,8.0,3.0,4.0,1.0,45.0,18.0,-8.275,0.0,0.0,0.0,9.0,5.0,7.0,3.0,1.0,6.0,3.0,9.0,4.0,5.0,1.0,0.0
12721,0.0,0.0,0.0,9.0,5.0,7.0,3.0,1.0,6.0,3.0,9.0,4.0,5.0,1.0,45.0,18.0,-9.075,0.0,0.0,0.0,9.0,6.0,8.0,4.0,1.0,7.0,4.0,10.0,5.0,6.0,1.0,0.0
12722,0.0,0.0,0.0,9.0,6.0,8.0,4.0,1.0,7.0,4.0,10.0,5.0,6.0,1.0,45.0,42.0,-10.924999999999999,0.0,0.0,0.0,9.0,7.0,9.0,5.0,2.0,8.0,5.0,11.0,6.0,1.0,1.0,0.0
12723,0.0,0.0,0.0,9.0,7.0,9.0,5.0,2.0,8.0,5.0,11.0,6.0,1.0,1.0,45.0,52.0,-8.57,0.0,0.0,0.0,9.0,8.0,10.0,6.0,3.0,9.0,6.0,12.0,7.0,2.0,1.0,0.0
12724,0.0,0.0,0.0,9.0,8.0,10.0,6.0,3.0,9.0,6.0,12.0,7.0,2.0,1.0,45.0,52.0,-9.469999999999999,0.0,0.0,0.0,9.0,9.0,11.0,7.0,4.0,10.0,7.0,13.0,8.0,3.0,1.0,0.0
12725,0.0,0.0,0.0,9.0,9.0,11.0,7.0,4.0,10.0,7.0,13.0,8.0,3.0,1.0,45.0,52.0,-10.37,0.0,0.0,0.0,9.0,10.0,12.0,8.0,5.0,11.0,8.0,14.0,9.0,4.0,1.0,0.0
12726,0.0,0.0,0.0,9.0,10.0,12.0,8.0,5.0,11.0,8.0,14.0,9.0,4.0,1.0,45.0,52.0,-11.27,0.0,0.0,0.0,9.0,11.0,13.0,9.0,6.0,12.0,9.0,15.0,10.0,5.0,1.0,0.0
12727,0.0,0.0,0.0,9.0,11.0,13.0,9.0,6.0,12.0,9.0,15.0,10.0,5.0,1.0,45.0,52.0,-12.17,0.0,0.0,0.0,9.0,12.0,14.0,10.0,7.0,13.0,10.0,16.0,11.0,6.0,1.0,0.0
12728,0.0,0.0,0.0,9.0,12.0,14.0,10.0,7.0,13.0,10.0,16.0,11.0,6.0,1.0,45.0,52.0,-13.07,0.0,0.0,0.0,9.0,13.0,15.0,11.0,8.0,14.0,11.0,17.0,12.0,7.0,1.0,0.0
12729,0.0,0.0,0.0,9.0,13.0,15.0,11.0,8.0,14.0,11.0,17.0,12.0,7.0,1.0,45.0,52.0,-13.97,0.0,0.0,0.0,9.0,14.0,16.0,12.0,9.0,15.0,12.0,18.0,13.0,8.0,1.0,0.0
12730,0.0,0.0,0.0,9.0,14.0,16.0,12.0,9.0,15.0,12.0,18.0,13.0,8.0,1.0,45.0,52.0,-14.87,0.0,0.0,0.0,9.0,15.0,17.0,13.0,10.0,16.0,13.0,19.0,14.0,9.0,1.0,0.0
12731,0.0,0.0,0.0,9.0,15.0,17.0,13.0,10.0,16.0,13.0,19.0,14.0,9.0,1.0,45.0,2.0,-25.739999999999995,0.0,0.0,0.0,9.0,1.0,18.0,14.0,11.0,17.0,14.0,20.0,15.0,10.0,1.0,0.0
12732,0.0,0.0,0.0,9.0,1.0,18.0,14.0,11.0,17.0,14.0,20.0,15.0,10.0,1.0,54.0,18.0,-13.705,0.0,0.0,0.0,9.0,2.0,19.0,15.0,1.0,18.0,15.0,21.0,16.0,11.0,2.0,0.0
12733,0.0,0.0,0.0,9.0,2.0,19.0,15.0,1.0,18.0,15.0,21.0,16.0,11.0,2.0,54.0,24.0,-19.57,0.0,0.0,0.0,7.0,3.0,20.0,16.0,2.0,1.0,16.0,22.0,17.0,12.0,3.0,0.0
12734,0.0,0.0,0.0,7.0,3.0,20.0,16.0,2.0,1.0,16.0,22.0,17.0,12.0,3.0,33.0,9.0,-30.01,0.0,2.0,0.0,5.0,4.0,1.0,17.0,3.0,2.0,17.0,1.0,18.0,13.0,4.0,0.0
12735,0.0,2.0,0.0,5.0,4.0,1.0,17.0,3.0,2.0,17.0,1.0,18.0,13.0,4.0,35.0,11.0,-14.645,0.0,2.0,2.0,5.0,5.0,2.0,1.0,4.0,3.0,18.0,2.0,1.0,14.0,5.0,0.0
12736,0.0,2.0,2.0,5.0,5.0,2.0,1.0,4.0,3.0,18.0,2.0,1.0,14.0,5.0,18.0,27.0,-15.305,0.0,4.0,0.0,5.0,6.0,3.0,2.0,1.0,4.0,1.0,3.0,2.0,15.0,6.0,0.0
12737,0.0,4.0,0.0,5.0,6.0,3.0,2.0,1.0,4.0,1.0,3.0,2.0,15.0,6.0,40.0,42.0,-11.084999999999997,0.0,4.0,0.0,5.0,7.0,4.0,3.0,2.0,5.0,2.0,4.0,3.0,1.0,7.0,0.0
12738,0.0,4.0,0.0,5.0,7.0,4.0,3.0,2.0,5.0,2.0,4.0,3.0,1.0,7.0,45.0,47.0,-6.425,0.0,4.0,0.0,5.0,8.0,5.0,4.0,3.0,6.0,3.0,5.0,4.0,2.0,1.0,0.0
12739,0.0,4.0,0.0,5.0,8.0,5.0,4.0,3.0,6.0,3.0,5.0,4.0,2.0,1.0,18.0,2.0,-8.34,0.0,6.0,0.0,5.0,1.0,6.0,5.0,1.0,7.0,4.0,6.0,5.0,3.0,2.0,0.0
12740,0.0,6.0,0.0,5.0,1.0,6.0,5.0,1.0,7.0,4.0,6.0,5.0,3.0,2.0,45.0,2.0,-10.899999999999999,0.0,6.0,0.0,5.0,1.0,7.0,6.0,2.0,8.0,5.0,7.0,6.0,4.0,1.0,0.0
12741,0.0,6.0,0.0,5.0,1.0,7.0,6.0,2.0,8.0,5.0,7.0,6.0,4.0,1.0,54.0,2.0,-9.629999999999999,0.0,4.0,0.0,5.0,1.0,8.0,7.0,3.0,9.0,6.0,8.0,7.0,5.0,2.0,0.0
12742,0.0,4.0,0.0,5.0,1.0,8.0,7.0,3.0,9.0,6.0,8.0,7.0,5.0,2.0,45.0,2.0,-11.259999999999998,0.0,4.0,0.0,5.0,1.0,9.0,8.0,4.0,10.0,7.0,9.0,8.0,6.0,1.0,0.0
12743,0.0,4.0,0.0,5.0,1.0,9.0,8.0,4.0,10.0,7.0,9.0,8.0,6.0,1.0,54.0,2.0,-11.23,0.0,2.0,0.0,5.0,1.0,10.0,9.0,5.0,11.0,8.0,10.0,9.0,7.0,2.0,0.0
12744,0.0,2.0,0.0,5.0,1.0,10.0,9.0,5.0,11.0,8.0,10.0,9.0,7.0,2.0,45.0,24.0,-16.2,0.0,2.0,0.0,3.0,2.0,11.0,10.0,6.0,1.0,9.0,11.0,10.0,8.0,1.0,0.0
12745,0.0,2.0,0.0,3.0,2.0,11.0,10.0,6.0,1.0,9.0,11.0,10.0,8.0,1.0,45.0,5.0,-15.535,0.0,2.0,0.0,3.0,3.0,1.0,11.0,7.0,2.0,10.0,12.0,11.0,9.0,1.0,0.0
12746,0.0,2.0,0.0,3.0,3.0,1.0,11.0,7.0,2.0,10.0,12.0,11.0,9.0,1.0,35.0,12.0,-19.605,0.0,2.0,0.0,3.0,4.0,2.0,1.0,8.0,3.0,11.0,13.0,1.0,10.0,2.0,0.0
12747,0.0,2.0,0.0,3.0,4.0,2.0,1.0,8.0,3.0,11.0,13.0,1.0,10.0,2.0,45.0,19.0,-10.614999999999998,0.0,2.0,0.0,1.0,5.0,3.0,2.0,1.0,4.0,12.0,14.0,2.0,11.0,1.0,0.0
12748,0.0,2.0,0.0,1.0,5.0,3.0,2.0,1.0,4.0,12.0,14.0,2.0,11.0,1.0,40.0,30.0,-23.22,0.0,2.0,0.0,1.0,6.0,4.0,3.0,2.0,5.0,13.0,1.0,3.0,1.0,2.0,0.0
12749,0.0,2.0,0.0,1.0,6.0,4.0,3.0,2.0,5.0,13.0,1.0,3.0,1.0,2.0,16.0,28.0,-16.985,2.0,2.0,0.0,3.0,7.0,5.0,4.0,1.0,6.0,1.0,2.0,4.0,2.0,3.0,0.0
12750,2.0,2.0,0.0,3.0,7.0,5.0,4.0,1.0,6.0,1.0,2.0,4.0,2.0,3.0,45.0,2.0,-5.98,2.0,2.0,0.0,3.0,1.0,6.0,5.0,2.0,7.0,2.0,3.0,5.0,3.0,1.0,0.0
12751,2.0,2.0,0.0,3.0,1.0,6.0,5.0,2.0,7.0,2.0,3.0,5.0,3.0,1.0,45.0,24.0,-14.239999999999998,2.0,2.0,0.0,1.0,2.0,7.0,6.0,3.0,1.0,3.0,4.0,6.0,4.0,1.0,0.0
12752,2.0,2.0,0.0,1.0,2.0,7.0,6.0,3.0,1.0,3.0,4.0,6.0,4.0,1.0,45.0,5.0,-12.115,2.0,2.0,0.0,1.0,3.0,1.0,7.0,4.0,2.0,4.0,5.0,7.0,5.0,1.0,0.0
12753,2.0,2.0,0.0,1.0,3.0,1.0,7.0,4.0,2.0,4.0,5.0,7.0,5.0,1.0,35.0,2.0,-8.24,2.0,2.0,0.0,1.0,1.0,2.0,8.0,5.0,3.0,5.0,6.0,1.0,6.0,2.0,0.0
12754,2.0,2.0,0.0,1.0,1.0,2.0,8.0,5.0,3.0,5.0,6.0,1.0,6.0,2.0,45.0,13.0,-12.425,2.0,2.0,0.0,3.0,2.0,3.0,1.0,6.0,4.0,6.0,7.0,2.0,7.0,1.0,0.0
12755,2.0,2.0,0.0,3.0,2.0,3.0,1.0,6.0,4.0,6.0,7.0,2.0,7.0,1.0,27.0,19.0,-19.354999999999997,0.0,2.0,0.0,1.0,3.0,4.0,2.0,1.0,5.0,1.0,8.0,3.0,8.0,2.0,0.0
12756,0.0,2.0,0.0,1.0,3.0,4.0,2.0,1.0,5.0,1.0,8.0,3.0,8.0,2.0,45.0,30.0,-17.34,0.0,2.0,0.0,1.0,4.0,5.0,3.0,2.0,6.0,2.0,1.0,4.0,9.0,1.0,0.0
12757,0.0,2.0,0.0,1.0,4.0,5.0,3.0,2.0,6.0,2.0,1.0,4.0,9.0,1.0,40.0,42.0,-18.525,0.0,2.0,0.0,1.0,5.0,6.0,4.0,3.0,7.0,3.0,2.0,5.0,1.0,2.0,0.0
12758,0.0,2.0,0.0,1.0,5.0,6.0,4.0,3.0,7.0,3.0,2.0,5.0,1.0,2.0,45.0,46.0,-6.305,0.0,2.0,2.0,1.0,6.0,7.0,5.0,4.0,8.0,4.0,3.0,6.0,2.0,1.0,0.0
12759,0.0,2.0,2.0,1.0,6.0,7.0,5.0,4.0,8.0,4.0,3.0,6.0,2.0,1.0,45.0,37.0,-11.565,0.0,2.0,0.0,1.0,7.0,8.0,6.0,5.0,9.0,5.0,4.0,1.0,3.0,1.0,0.0
12760,0.0,2.0,0.0,1.0,7.0,8.0,6.0,5.0,9.0,5.0,4.0,1.0,3.0,1.0,45.0,2.0,-7.58,0.0,2.0,0.0,1.0,1.0,9.0,7.0,6.0,10.0,6.0,5.0,2.0,4.0,1.0,0.0
12761,0.0,2.0,0.0,1.0,1.0,9.0,7.0,6.0,10.0,6.0,5.0,2.0,4.0,1.0,45.0,24.0,-17.555,0.0,2.0,0.0,0.0,2.0,10.0,8.0,7.0,1.0,7.0,6.0,3.0,5.0,1.0,0.0
12762,0.0,2.0,0.0,0.0,2.0,10.0,8.0,7.0,1.0,7.0,6.0,3.0,5.0,1.0,17.0,5.0,-15.46,0.0,2.0,0.0,0.0,3.0,1.0,9.0,1.0,2.0,8.0,7.0,4.0,6.0,2.0,0.0
12763,0.0,2.0,0.0,0.0,3.0,1.0,9.0,1.0,2.0,8.0,7.0,4.0,6.0,2.0,14.0,47.0,-19.7,0.0,0.0,0.0,0.0,4.0,2.0,1.0,2.0,3.0,9.0,8.0,5.0,7.0,1.0,0.0
12764,0.0,0.0,0.0,0.0,4.0,2.0,1.0,2.0,3.0,9.0,8.0,5.0,7.0,1.0,35.0,30.0,-22.655,0.0,0.0,0.0,0.0,5.0,3.0,2.0,3.0,4.0,10.0,1.0,1.0,8.0,2.0,0.0
12765,0.0,0.0,0.0,0.0,5.0,3.0,2.0,3.0,4.0,10.0,1.0,1.0,8.0,2.0,40.0,27.0,-27.28,0.0,0.0,0.0,0.0,6.0,4.0,3.0,4.0,5.0,1.0,2.0,2.0,1.0,3.0,0.0
12766,0.0,0.0,0.0,0.0,6.0,4.0,3.0,4.0,5.0,1.0,2.0,2.0,1.0,3.0,16.0,46.0,-10.84,2.0,0.0,2.0,0.0,7.0,5.0,4.0,1.0,6.0,2.0,3.0,3.0,2.0,1.0,0.0
12767,2.0,0.0,2.0,0.0,7.0,5.0,4.0,1.0,6.0,2.0,3.0,3.0,2.0,1.0,4.0,37.0,-9.754999999999999,2.0,0.0,0.0,0.0,1.0,6.0,5.0,2.0,7.0,3.0,4.0,1.0,3.0,2.0,0.0
12768,2.0,0.0,0.0,0.0,1.0,6.0,5.0,2.0,7.0,3.0,4.0,1.0,3.0,2.0,27.0,24.0,-28.975,0.0,0.0,0.0,0.0,2.0,7.0,6.0,3.0,1.0,1.0,5.0,2.0,4.0,3.0,0.0
12769,0.0,0.0,0.0,0.0,2.0,7.0,6.0,3.0,1.0,1.0,5.0,2.0,4.0,3.0,45.0,5.0,-13.94,0.0,0.0,0.0,0.0,3.0,1.0,7.0,4.0,2.0,2.0,6.0,3.0,5.0,1.0,0.0
12770,0.0,0.0,0.0,0.0,3.0,1.0,7.0,4.0,2.0,2.0,6.0,3.0,5.0,1.0,14.0,32.0,-29.295,0.0,0.0,0.0,0.0,4.0,2.0,1.0,5.0,3.0,3.0,1.0,4.0,6.0,2.0,0.0
12771,0.0,0.0,0.0,0.0,4.0,2.0,1.0,5.0,3.0,3.0,1.0,4.0,6.0,2.0,40.0,46.0,-15.079999999999998,0.0,0.0,2.0,0.0,5.0,3.0,2.0,6.0,4.0,4.0,2.0,5.0,1.0,1.0,0.0
12772,0.0,0.0,2.0,0.0,5.0,3.0,2.0,6.0,4.0,4.0,2.0,5.0,1.0,1.0,16.0,35.0,-11.879999999999999,2.0,0.0,2.0,0.0,6.0,4.0,3.0,1.0,5.0,5.0,3.0,1.0,2.0,2.0,0.0
12773,2.0,0.0,2.0,0.0,6.0,4.0,3.0,1.0,5.0,5.0,3.0,1.0,2.0,2.0,27.0,24.0,-25.055,0.0,0.0,2.0,0.0,7.0,5.0,4.0,2.0,1.0,1.0,4.0,2.0,3.0,3.0,0.0
12774,0.0,0.0,2.0,0.0,7.0,5.0,4.0,2.0,1.0,1.0,4.0,2.0,3.0,3.0,45.0,0.0,-5.835,0.0,0.0,2.0,0.0,1.0,6.0,5.0,3.0,2.0,2.0,5.0,3.0,4.0,1.0,0.0
12775,0.0,0.0,2.0,0.0,1.0,6.0,5.0,3.0,2.0,2.0,5.0,3.0,4.0,1.0,45.0,37.0,-11.86,0.0,0.0,0.0,0.0,2.0,7.0,6.0,4.0,3.0,3.0,6.0,1.0,5.0,1.0,0.0
12776,0.0,0.0,0.0,0.0,2.0,7.0,6.0,4.0,3.0,3.0,6.0,1.0,5.0,1.0,45.0,5.0,-14.54,0.0,0.0,0.0,0.0,3.0,1.0,7.0,5.0,4.0,4.0,7.0,2.0,6.0,1.0,0.0
12777,0.0,0.0,0.0,0.0,3.0,1.0,7.0,5.0,4.0,4.0,7.0,2.0,6.0,1.0,45.0,12.0,-19.7,0.0,0.0,0.0,0.0,4.0,2.0,1.0,6.0,5.0,5.0,8.0,3.0,7.0,1.0,0.0
12778,0.0,0.0,0.0,0.0,4.0,2.0,1.0,6.0,5.0,5.0,8.0,3.0,7.0,1.0,40.0,46.0,-16.18,0.0,0.0,2.0,0.0,5.0,3.0,2.0,7.0,6.0,6.0,9.0,4.0,1.0,1.0,0.0
12779,0.0,0.0,2.0,0.0,5.0,3.0,2.0,7.0,6.0,6.0,9.0,4.0,1.0,1.0,27.0,39.0,-21.14,0.0,0.0,2.0,0.0,6.0,4.0,3.0,8.0,7.0,1.0,10.0,1.0,2.0,2.0,0.0
12780,0.0,0.0,2.0,0.0,6.0,4.0,3.0,8.0,7.0,1.0,10.0,1.0,2.0,2.0,27.0,33.0,-26.155,0.0,0.0,2.0,2.0,7.0,5.0,4.0,9.0,8.0,1.0,1.0,2.0,3.0,3.0,0.0
12781,0.0,0.0,2.0,2.0,7.0,5.0,4.0,9.0,8.0,1.0,1.0,2.0,3.0,3.0,16.0,15.0,-13.08,2.0,0.0,2.0,2.0,8.0,6.0,5.0,1.0,9.0,2.0,2.0,3.0,4.0,4.0,0.0
12782,2.0,0.0,2.0,2.0,8.0,6.0,5.0,1.0,9.0,2.0,2.0,3.0,4.0,4.0,4.0,24.0,-12.07,2.0,0.0,2.0,0.0,1.0,7.0,6.0,2.0,1.0,3.0,3.0,4.0,5.0,5.0,0.0
12783,2.0,0.0,2.0,0.0,1.0,7.0,6.0,2.0,1.0,3.0,3.0,4.0,5.0,5.0,45.0,45.0,-7.300000000000001,2.0,0.0,2.0,0.0,2.0,8.0,7.0,3.0,2.0,4.0,4.0,5.0,6.0,1.0,0.0
12784,2.0,0.0,2.0,0.0,2.0,8.0,7.0,3.0,2.0,4.0,4.0,5.0,6.0,1.0,40.0,37.0,-18.36,2.0,0.0,0.0,0.0,3.0,9.0,8.0,4.0,3.0,5.0,5.0,1.0,1.0,2.0,0.0
12785,2.0,0.0,0.0,0.0,3.0,9.0,8.0,4.0,3.0,5.0,5.0,1.0,1.0,2.0,27.0,45.0,-20.520000000000003,0.0,0.0,0.0,0.0,4.0,10.0,9.0,5.0,4.0,1.0,6.0,2.0,2.0,1.0,0.0
12786,0.0,0.0,0.0,0.0,4.0,10.0,9.0,5.0,4.0,1.0,6.0,2.0,2.0,1.0,27.0,12.0,-31.68,0.0,0.0,0.0,0.0,5.0,11.0,1.0,6.0,5.0,1.0,7.0,3.0,3.0,2.0,0.0
12787,0.0,0.0,0.0,0.0,5.0,11.0,1.0,6.0,5.0,1.0,7.0,3.0,3.0,2.0,5.0,8.0,-20.419999999999998,0.0,0.0,0.0,2.0,6.0,1.0,2.0,7.0,6.0,2.0,8.0,4.0,4.0,3.0,0.0
12788,0.0,0.0,0.0,2.0,6.0,1.0,2.0,7.0,6.0,2.0,8.0,4.0,4.0,3.0,48.0,46.0,-6.24,0.0,2.0,2.0,2.0,7.0,2.0,3.0,8.0,7.0,3.0,9.0,5.0,5.0,1.0,0.0
12789,0.0,2.0,2.0,2.0,7.0,2.0,3.0,8.0,7.0,3.0,9.0,5.0,5.0,1.0,18.0,37.0,-11.52,0.0,4.0,0.0,2.0,8.0,3.0,4.0,1.0,8.0,4.0,10.0,1.0,6.0,2.0,0.0
12790,0.0,4.0,0.0,2.0,8.0,3.0,4.0,1.0,8.0,4.0,10.0,1.0,6.0,2.0,40.0,2.0,-10.035,0.0,4.0,0.0,2.0,1.0,4.0,5.0,2.0,9.0,5.0,11.0,2.0,1.0,3.0,0.0
12791,0.0,4.0,0.0,2.0,1.0,4.0,5.0,2.0,9.0,5.0,11.0,2.0,1.0,3.0,27.0,21.0,-19.555,0.0,4.0,2.0,2.0,2.0,5.0,6.0,3.0,1.0,1.0,12.0,3.0,2.0,4.0,0.0
12792,0.0,4.0,2.0,2.0,2.0,5.0,6.0,3.0,1.0,1.0,12.0,3.0,2.0,4.0,27.0,30.0,-21.735,0.0,4.0,2.0,2.0,3.0,6.0,7.0,4.0,2.0,1.0,1.0,4.0,3.0,5.0,0.0
12793,0.0,4.0,2.0,2.0,3.0,6.0,7.0,4.0,2.0,1.0,1.0,4.0,3.0,5.0,14.0,12.0,-23.119999999999994,0.0,2.0,0.0,2.0,4.0,7.0,1.0,5.0,3.0,2.0,2.0,5.0,4.0,6.0,0.0
12794,0.0,2.0,0.0,2.0,4.0,7.0,1.0,5.0,3.0,2.0,2.0,5.0,4.0,6.0,45.0,46.0,-5.54,0.0,2.0,2.0,2.0,5.0,8.0,2.0,6.0,4.0,3.0,3.0,6.0,5.0,1.0,0.0
12795,0.0,2.0,2.0,2.0,5.0,8.0,2.0,6.0,4.0,3.0,3.0,6.0,5.0,1.0,39.0,37.0,-16.48,0.0,0.0,0.0,2.0,6.0,9.0,3.0,7.0,5.0,4.0,4.0,1.0,6.0,2.0,0.0
12796,0.0,0.0,0.0,2.0,6.0,9.0,3.0,7.0,5.0,4.0,4.0,1.0,6.0,2.0,2.0,49.0,-8.775,0.0,0.0,0.0,0.0,1.0,10.0,4.0,8.0,6.0,5.0,5.0,2.0,7.0,1.0,0.0
12797,0.0,0.0,0.0,0.0,1.0,10.0,4.0,8.0,6.0,5.0,5.0,2.0,7.0,1.0,40.0,45.0,-17.5,0.0,0.0,0.0,0.0,2.0,11.0,5.0,9.0,7.0,6.0,6.0,3.0,1.0,1.0,0.0
12798,0.0,0.0,0.0,0.0,2.0,11.0,5.0,9.0,7.0,6.0,6.0,3.0,1.0,1.0,27.0,45.0,-21.520000000000003,0.0,0.0,0.0,0.0,3.0,12.0,6.0,10.0,8.0,1.0,7.0,4.0,2.0,1.0,0.0
12799,0.0,0.0,0.0,0.0,3.0,12.0,6.0,10.0,8.0,1.0,7.0,4.0,2.0,1.0,5.0,37.0,-19.06,0.0,0.0,0.0,0.0,4.0,1.0,7.0,11.0,9.0,2.0,8.0,1.0,3.0,2.0,1.0
12800,9.0,6.0,6.0,9.0,1.0,1.0,1.0,1.0,1.0,1.0,1.0,1.0,1.0,1.0,27.0,27.0,-7.479999999999999,7.0,6.0,4.0,9.0,2.0,2.0,2.0,2.0,2.0,1.0,2.0,2.0,2.0,2.0,0.0
12801,7.0,6.0,4.0,9.0,2.0,2.0,2.0,2.0,2.0,1.0,2.0,2.0,2.0,2.0,27.0,12.0,-7.559999999999999,5.0,6.0,2.0,9.0,3.0,3.0,1.0,3.0,3.0,1.0,3.0,3.0,3.0,3.0,0.0
12802,5.0,6.0,2.0,9.0,3.0,3.0,1.0,3.0,3.0,1.0,3.0,3.0,3.0,3.0,27.0,12.0,-13.94,3.0,6.0,0.0,9.0,4.0,4.0,1.0,4.0,4.0,1.0,4.0,4.0,4.0,4.0,0.0
12803,3.0,6.0,0.0,9.0,4.0,4.0,1.0,4.0,4.0,1.0,4.0,4.0,4.0,4.0,27.0,12.0,-18.46,1.0,6.0,0.0,9.0,5.0,5.0,1.0,5.0,5.0,1.0,5.0,5.0,5.0,5.0,0.0
12804,1.0,6.0,0.0,9.0,5.0,5.0,1.0,5.0,5.0,1.0,5.0,5.0,5.0,5.0,27.0,12.0,-21.585,0.0,6.0,0.0,9.0,6.0,6.0,1.0,6.0,6.0,1.0,6.0,6.0,6.0,6.0,0.0
12805,0.0,6.0,0.0,9.0,6.0,6.0,1.0,6.0,6.0,1.0,6.0,6.0,6.0,6.0,18.0,43.0,-8.985,0.0,8.0,0.0,9.0,7.0,7.0,2.0,1.0,7.0,2.0,7.0,7.0,1.0,7.0,0.0
12806,0.0,8.0,0.0,9.0,7.0,7.0,2.0,1.0,7.0,2.0,7.0,7.0,1.0,7.0,9.0,12.0,-21.485,0.0,6.0,0.0,9.0,8.0,1.0,1.0,2.0,8.0,3.0,8.0,8.0,2.0,8.0,0.0
12807,0.0,6.0,0.0,9.0,8.0,1.0,1.0,2.0,8.0,3.0,8.0,8.0,2.0,8.0,48.0,46.0,-15.484999999999998,0.0,8.0,2.0,9.0,9.0,2.0,2.0,3.0,9.0,4.0,9.0,9.0,3.0,1.0,0.0
12808,0.0,8.0,2.0,9.0,9.0,2.0,2.0,3.0,9.0,4.0,9.0,9.0,3.0,1.0,18.0,12.0,-13.660000000000002,0.0,9.0,0.0,9.0,10.0,3.0,1.0,1.0,10.0,5.0,10.0,10.0,4.0,2.0,0.0
12809,0.0,9.0,0.0,9.0,10.0,3.0,1.0,1.0,10.0,5.0,10.0,10.0,4.0,2.0,18.0,2.0,-18.674999999999997,0.0,9.0,0.0,9.0,1.0,4.0,2.0,1.0,11.0,6.0,11.0,11.0,5.0,3.0,0.0
12810,0.0,9.0,0.0,9.0,1.0,4.0,2.0,1.0,11.0,6.0,11.0,11.0,5.0,3.0,54.0,27.0,-18.455,0.0,7.0,0.0,9.0,2.0,5.0,3.0,2.0,12.0,1.0,12.0,12.0,6.0,4.0,0.0
12811,0.0,7.0,0.0,9.0,2.0,5.0,3.0,2.0,12.0,1.0,12.0,12.0,6.0,4.0,54.0,39.0,-17.014999999999997,0.0,5.0,0.0,7.0,3.0,6.0,4.0,3.0,13.0,2.0,13.0,1.0,7.0,5.0,0.0
12812,0.0,5.0,0.0,7.0,3.0,6.0,4.0,3.0,13.0,2.0,13.0,1.0,7.0,5.0,34.0,12.0,-24.064999999999998,0.0,3.0,0.0,7.0,4.0,7.0,1.0,4.0,14.0,3.0,1.0,2.0,8.0,6.0,0.0
12813,0.0,3.0,0.0,7.0,4.0,7.0,1.0,4.0,14.0,3.0,1.0,2.0,8.0,6.0,48.0,43.0,-9.25,0.0,5.0,0.0,9.0,5.0,8.0,2.0,5.0,15.0,4.0,2.0,3.0,1.0,1.0,0.0
12814,0.0,5.0,0.0,9.0,5.0,8.0,2.0,5.0,15.0,4.0,2.0,3.0,1.0,1.0,23.0,24.0,-20.839999999999996,0.0,7.0,0.0,7.0,6.0,9.0,3.0,6.0,1.0,5.0,3.0,4.0,2.0,2.0,0.0
12815,0.0,7.0,0.0,7.0,6.0,9.0,3.0,6.0,1.0,5.0,3.0,4.0,2.0,2.0,18.0,12.0,-11.64,0.0,9.0,0.0,7.0,7.0,10.0,1.0,1.0,2.0,6.0,4.0,5.0,3.0,3.0,0.0
12816,0.0,9.0,0.0,7.0,7.0,10.0,1.0,1.0,2.0,6.0,4.0,5.0,3.0,3.0,44.0,27.0,-17.63,0.0,7.0,0.0,7.0,8.0,11.0,2.0,2.0,3.0,1.0,5.0,6.0,1.0,4.0,0.0
12817,0.0,7.0,0.0,7.0,8.0,11.0,2.0,2.0,3.0,1.0,5.0,6.0,1.0,4.0,44.0,12.0,-13.989999999999998,0.0,5.0,0.0,7.0,9.0,12.0,1.0,3.0,4.0,2.0,6.0,7.0,1.0,5.0,0.0
12818,0.0,5.0,0.0,7.0,9.0,12.0,1.0,3.0,4.0,2.0,6.0,7.0,1.0,5.0,44.0,12.0,-16.65,0.0,3.0,0.0,7.0,10.0,13.0,1.0,4.0,5.0,3.0,7.0,8.0,1.0,6.0,0.0
12819,0.0,3.0,0.0,7.0,10.0,13.0,1.0,4.0,5.0,3.0,7.0,8.0,1.0,6.0,44.0,12.0,-20.549999999999997,0.0,1.0,0.0,7.0,11.0,14.0,1.0,5.0,6.0,4.0,8.0,9.0,1.0,7.0,0.0
12820,0.0,1.0,0.0,7.0,11.0,14.0,1.0,5.0,6.0,4.0,8.0,9.0,1.0,7.0,44.0,12.0,-23.365,0.0,0.0,0.0,7.0,12.0,15.0,1.0,6.0,7.0,5.0,9.0,10.0,1.0,8.0,0.0
12821,0.0,0.0,0.0,7.0,12.0,15.0,1.0,6.0,7.0,5.0,9.0,10.0,1.0,8.0,2.0,49.0,-9.5,0.0,0.0,0.0,5.0,1.0,16.0,2.0,7.0,8.0,6.0,10.0,11.0,2.0,1.0,0.0
12822,0.0,0.0,0.0,5.0,1.0,16.0,2.0,7.0,8.0,6.0,10.0,11.0,2.0,1.0,37.0,39.0,-18.545,0.0,0.0,0.0,3.0,2.0,17.0,3.0,8.0,9.0,7.0,11.0,1.0,3.0,2.0,0.0
12823,0.0,0.0,0.0,3.0,2.0,17.0,3.0,8.0,9.0,7.0,11.0,1.0,3.0,2.0,6.0,12.0,-18.165,2.0,0.0,0.0,3.0,3.0,1.0,1.0,9.0,10.0,8.0,12.0,2.0,4.0,3.0,0.0
12824,2.0,0.0,0.0,3.0,3.0,1.0,1.0,9.0,10.0,8.0,12.0,2.0,4.0,3.0,34.0,12.0,-21.12,2.0,0.0,0.0,3.0,4.0,2.0,1.0,10.0,11.0,9.0,1.0,3.0,5.0,4.0,0.0
12825,2.0,0.0,0.0,3.0,4.0,2.0,1.0,10.0,11.0,9.0,1.0,3.0,5.0,4.0,2.0,17.0,-8.01,0.0,0.0,0.0,3.0,1.0,3.0,2.0,1.0,12.0,10.0,2.0,4.0,6.0,5.0,0.0
12826,0.0,0.0,0.0,3.0,1.0,3.0,2.0,1.0,12.0,10.0,2.0,4.0,6.0,5.0,48.0,27.0,-15.725,0.0,2.0,0.0,3.0,2.0,4.0,3.0,2.0,13.0,1.0,3.0,5.0,7.0,1.0,0.0
12827,0.0,2.0,0.0,3.0,2.0,4.0,3.0,2.0,13.0,1.0,3.0,5.0,7.0,1.0,54.0,22.0,-12.169999999999998,0.0,0.0,0.0,3.0,3.0,5.0,4.0,3.0,1.0,2.0,4.0,6.0,8.0,2.0,0.0
12828,0.0,0.0,0.0,3.0,3.0,5.0,4.0,3.0,1.0,2.0,4.0,6.0,8.0,2.0,44.0,12.0,-22.045,0.0,0.0,0.0,3.0,4.0,6.0,1.0,4.0,2.0,3.0,5.0,7.0,1.0,3.0,0.0
12829,0.0,0.0,0.0,3.0,4.0,6.0,1.0,4.0,2.0,3.0,5.0,7.0,1.0,3.0,37.0,39.0,-15.525,0.0,0.0,0.0,1.0,5.0,7.0,2.0,5.0,3.0,4.0,6.0,1.0,2.0,4.0,0.0
12830,0.0,0.0,0.0,1.0,5.0,7.0,2.0,5.0,3.0,4.0,6.0,1.0,2.0,4.0,2.0,49.0,-7.875,0.0,0.0,0.0,0.0,1.0,8.0,3.0,6.0,4.0,5.0,7.0,2.0,3.0,1.0,0.0
12831,0.0,0.0,0.0,0.0,1.0,8.0,3.0,6.0,4.0,5.0,7.0,2.0,3.0,1.0,2.0,12.0,-19.634999999999998,0.0,0.0,0.0,0.0,1.0,9.0,1.0,7.0,5.0,6.0,8.0,3.0,4.0,2.0,0.0
12832,0.0,0.0,0.0,0.0,1.0,9.0,1.0,7.0,5.0,6.0,8.0,3.0,4.0,2.0,2.0,12.0,-20.435000000000002,0.0,0.0,0.0,0.0,1.0,10.0,1.0,8.0,6.0,7.0,9.0,4.0,5.0,3.0,0.0
12833,0.0,0.0,0.0,0.0,1.0,10.0,1.0,8.0,6.0,7.0,9.0,4.0,5.0,3.0,2.0,12.0,-21.235,0.0,0.0,0.0,0.0,1.0,11.0,1.0,9.0,7.0,8.0,10.0,5.0,6.0,4.0,0.0
12834,0.0,0.0,0.0,0.0,1.0,11.0,1.0,9.0,7.0,8.0,10.0,5.0,6.0,4.0,46.0,12.0,-21.580000000000002,2.0,0.0,0.0,0.0,2.0,12.0,1.0,10.0,8.0,9.0,11.0,6.0,7.0,1.0,0.0
12835,2.0,0.0,0.0,0.0,2.0,12.0,1.0,10.0,8.0,9.0,11.0,6.0,7.0,1.0,33.0,16.0,-19.395,2.0,2.0,2.0,0.0,3.0,13.0,2.0,1.0,9.0,10.0,1.0,7.0,8.0,2.0,0.0
12836,2.0,2.0,2.0,0.0,3.0,13.0,2.0,1.0,9.0,10.0,1.0,7.0,8.0,2.0,37.0,9.0,-15.139999999999999,0.0,2.0,2.0,0.0,4.0,1.0,3.0,2.0,10.0,11.0,2.0,1.0,9.0,3.0,0.0
12837,0.0,2.0,2.0,0.0,4.0,1.0,3.0,2.0,10.0,11.0,2.0,1.0,9.0,3.0,25.0,27.0,-29.919999999999998,0.0,2.0,0.0,0.0,5.0,2.0,4.0,3.0,11.0,1.0,3.0,2.0,10.0,4.0,0.0
12838,0.0,2.0,0.0,0.0,5.0,2.0,4.0,3.0,11.0,1.0,3.0,2.0,10.0,4.0,53.0,43.0,-11.009999999999998,0.0,4.0,0.0,2.0,6.0,3.0,5.0,4.0,12.0,2.0,4.0,3.0,1.0,5.0,0.0
12839,0.0,4.0,0.0,2.0,6.0,3.0,5.0,4.0,12.0,2.0,4.0,3.0,1.0,5.0,48.0,2.0,-8.275,0.0,6.0,0.0,2.0,1.0,4.0,6.0,5.0,13.0,3.0,5.0,4.0,2.0,1.0,0.0
12840,0.0,6.0,0.0,2.0,1.0,4.0,6.0,5.0,13.0,3.0,5.0,4.0,2.0,1.0,13.0,2.0,-12.295,0.0,8.0,0.0,2.0,1.0,5.0,1.0,6.0,14.0,4.0,6.0,5.0,3.0,2.0,0.0
12841,0.0,8.0,0.0,2.0,1.0,5.0,1.0,6.0,14.0,4.0,6.0,5.0,3.0,2.0,24.0,22.0,-21.35,0.0,6.0,0.0,2.0,2.0,6.0,2.0,7.0,1.0,5.0,7.0,6.0,4.0,3.0,0.0
12842,0.0,6.0,0.0,2.0,2.0,6.0,2.0,7.0,1.0,5.0,7.0,6.0,4.0,3.0,17.0,2.0,-6.415000000000001,0.0,6.0,0.0,2.0,1.0,7.0,3.0,1.0,2.0,6.0,8.0,7.0,5.0,4.0,0.0
12843,0.0,6.0,0.0,2.0,1.0,7.0,3.0,1.0,2.0,6.0,8.0,7.0,5.0,4.0,44.0,27.0,-19.799999999999997,0.0,4.0,0.0,2.0,2.0,8.0,4.0,2.0,3.0,1.0,9.0,8.0,1.0,5.0,0.0
12844,0.0,4.0,0.0,2.0,2.0,8.0,4.0,2.0,3.0,1.0,9.0,8.0,1.0,5.0,44.0,39.0,-16.799999999999997,0.0,2.0,0.0,0.0,3.0,9.0,5.0,3.0,4.0,2.0,10.0,1.0,1.0,6.0,0.0
12845,0.0,2.0,0.0,0.0,3.0,9.0,5.0,3.0,4.0,2.0,10.0,1.0,1.0,6.0,31.0,49.0,-13.875,2.0,2.0,0.0,0.0,4.0,10.0,6.0,4.0,5.0,3.0,1.0,2.0,2.0,1.0,0.0
12846,2.0,2.0,0.0,0.0,4.0,10.0,6.0,4.0,5.0,3.0,1.0,2.0,2.0,1.0,6.0,6.0,-10.0,4.0,2.0,2.0,0.0,5.0,1.0,7.0,5.0,6.0,4.0,2.0,3.0,3.0,2.0,0.0
12847,4.0,2.0,2.0,0.0,5.0,1.0,7.0,5.0,6.0,4.0,2.0,3.0,3.0,2.0,25.0,2.0,-9.635,4.0,2.0,0.0,0.0,1.0,2.0,8.0,6.0,7.0,1.0,3.0,4.0,4.0,3.0,0.0
12848,4.0,2.0,0.0,0.0,1.0,2.0,8.0,6.0,7.0,1.0,3.0,4.0,4.0,3.0,42.0,2.0,-10.754999999999999,2.0,2.0,0.0,0.0,1.0,3.0,9.0,7.0,8.0,2.0,4.0,5.0,1.0,4.0,0.0
12849,2.0,2.0,0.0,0.0,1.0,3.0,9.0,7.0,8.0,2.0,4.0,5.0,1.0,4.0,22.0,2.0,-15.35,0.0,2.0,0.0,0.0,1.0,4.0,10.0,8.0,1.0,3.0,5.0,6.0,2.0,5.0,0.0
12850,0.0,2.0,0.0,0.0,1.0,4.0,10.0,8.0,1.0,3.0,5.0,6.0,2.0,5.0,17.0,36.0,-9.68,0.0,2.0,2.0,0.0,2.0,5.0,11.0,1.0,2.0,4.0,6.0,1.0,3.0,6.0,0.0
12851,0.0,2.0,2.0,0.0,2.0,5.0,11.0,1.0,2.0,4.0,6.0,1.0,3.0,6.0,49.0,49.0,-8.219999999999999,0.0,0.0,2.0,0.0,3.0,6.0,12.0,2.0,3.0,5.0,7.0,2.0,4.0,1.0,0.0
12852,0.0,0.0,2.0,0.0,3.0,6.0,12.0,2.0,3.0,5.0,7.0,2.0,4.0,1.0,33.0,2.0,-19.07,0.0,2.0,0.0,0.0,1.0,7.0,13.0,3.0,4.0,6.0,1.0,3.0,5.0,2.0,0.0
12853,0.0,2.0,0.0,0.0,1.0,7.0,13.0,3.0,4.0,6.0,1.0,3.0,5.0,2.0,12.0,13.0,-23.419999999999995,0.0,2.0,0.0,2.0,2.0,8.0,1.0,4.0,5.0,7.0,2.0,4.0,6.0,3.0,0.0
12854,0.0,2.0,0.0,2.0,2.0,8.0,1.0,4.0,5.0,7.0,2.0,4.0,6.0,3.0,44.0,27.0,-25.599999999999994,0.0,0.0,0.0,2.0,3.0,9.0,2.0,5.0,6.0,1.0,3.0,5.0,1.0,4.0,0.0
12855,0.0,0.0,0.0,2.0,3.0,9.0,2.0,5.0,6.0,1.0,3.0,5.0,1.0,4.0,5.0,39.0,-17.759999999999998,0.0,0.0,0.0,0.0,4.0,1.0,3.0,6.0,7.0,2.0,4.0,1.0,2.0,5.0,0.0
12856,0.0,0.0,0.0,0.0,4.0,1.0,3.0,6.0,7.0,2.0,4.0,1.0,2.0,5.0,48.0,2.0,-6.234999999999999,0.0,2.0,0.0,0.0,1.0,2.0,4.0,7.0,8.0,3.0,5.0,2.0,3.0,1.0,0.0
12857,0.0,2.0,0.0,0.0,1.0,2.0,4.0,7.0,8.0,3.0,5.0,2.0,3.0,1.0,22.0,2.0,-14.55,0.0,2.0,0.0,0.0,1.0,3.0,5.0,8.0,1.0,4.0,6.0,3.0,4.0,2.0,0.0
12858,0.0,2.0,0.0,0.0,1.0,3.0,5.0,8.0,1.0,4.0,6.0,3.0,4.0,2.0,17.0,2.0,-8.295,0.0,2.0,0.0,0.0,1.0,4.0,6.0,1.0,2.0,5.0,7.0,4.0,5.0,3.0,0.0
12859,0.0,2.0,0.0,0.0,1.0,4.0,6.0,1.0,2.0,5.0,7.0,4.0,5.0,3.0,42.0,2.0,-12.415,0.0,2.0,0.0,0.0,1.0,5.0,7.0,2.0,3.0,6.0,8.0,5.0,1.0,4.0,0.0
12860,0.0,2.0,0.0,0.0,1.0,5.0,7.0,2.0,3.0,6.0,8.0,5.0,1.0,4.0,6.0,2.0,-10.334999999999999,2.0,2.0,0.0,0.0,1.0,1.0,8.0,3.0,4.0,7.0,9.0,6.0,2.0,5.0,0.0
12861,2.0,2.0,0.0,0.0,1.0,1.0,8.0,3.0,4.0,7.0,9.0,6.0,2.0,5.0,32.0,2.0,-19.17,0.0,2.0,0.0,0.0,1.0,2.0,9.0,4.0,5.0,8.0,1.0,7.0,3.0,6.0,0.0
12862,0.0,2.0,0.0,0.0,1.0,2.0,9.0,4.0,5.0,8.0,1.0,7.0,3.0,6.0,25.0,27.0,-30.22,0.0,2.0,0.0,0.0,2.0,3.0,10.0,5.0,6.0,1.0,2.0,8.0,4.0,7.0,0.0
12863,0.0,2.0,0.0,0.0,2.0,3.0,10.0,5.0,6.0,1.0,2.0,8.0,4.0,7.0,42.0,47.0,-13.379999999999999,0.0,2.0,0.0,0.0,3.0,4.0,11.0,6.0,7.0,2.0,3.0,9.0,1.0,1.0,0.0
12864,0.0,2.0,0.0,0.0,3.0,4.0,11.0,6.0,7.0,2.0,3.0,9.0,1.0,1.0,12.0,2.0,-15.614999999999998,0.0,2.0,0.0,0.0,1.0,5.0,1.0,7.0,8.0,3.0,4.0,10.0,2.0,2.0,0.0
12865,0.0,2.0,0.0,0.0,1.0,5.0,1.0,7.0,8.0,3.0,4.0,10.0,2.0,2.0,39.0,36.0,-12.98,0.0,0.0,2.0,0.0,2.0,6.0,2.0,8.0,9.0,4.0,5.0,1.0,3.0,3.0,0.0
12866,0.0,0.0,2.0,0.0,2.0,6.0,2.0,8.0,9.0,4.0,5.0,1.0,3.0,3.0,22.0,17.0,-21.115000000000002,0.0,0.0,0.0,0.0,3.0,7.0,3.0,1.0,1.0,5.0,6.0,2.0,4.0,4.0,0.0
12867,0.0,0.0,0.0,0.0,3.0,7.0,3.0,1.0,1.0,5.0,6.0,2.0,4.0,4.0,33.0,49.0,-18.635,0.0,2.0,0.0,0.0,4.0,8.0,4.0,2.0,2.0,6.0,1.0,3.0,5.0,1.0,0.0
12868,0.0,2.0,0.0,0.0,4.0,8.0,4.0,2.0,2.0,6.0,1.0,3.0,5.0,1.0,17.0,5.0,-14.76,0.0,2.0,0.0,0.0,5.0,1.0,5.0,1.0,3.0,7.0,2.0,4.0,6.0,2.0,0.0
12869,0.0,2.0,0.0,0.0,5.0,1.0,5.0,1.0,3.0,7.0,2.0,4.0,6.0,2.0,42.0,2.0,-11.715,0.0,2.0,0.0,0.0,1.0,2.0,6.0,2.0,4.0,8.0,3.0,5.0,1.0,3.0,0.0
12870,0.0,2.0,0.0,0.0,1.0,2.0,6.0,2.0,4.0,8.0,3.0,5.0,1.0,3.0,25.0,27.0,-29.119999999999997,0.0,2.0,0.0,0.0,2.0,3.0,7.0,3.0,5.0,1.0,4.0,6.0,2.0,4.0,0.0
12871,0.0,2.0,0.0,0.0,2.0,3.0,7.0,3.0,5.0,1.0,4.0,6.0,2.0,4.0,12.0,2.0,-15.114999999999998,0.0,2.0,0.0,0.0,1.0,4.0,1.0,4.0,6.0,2.0,5.0,7.0,3.0,5.0,0.0
12872,0.0,2.0,0.0,0.0,1.0,4.0,1.0,4.0,6.0,2.0,5.0,7.0,3.0,5.0,42.0,36.0,-13.099999999999998,0.0,2.0,2.0,0.0,2.0,5.0,2.0,5.0,7.0,3.0,6.0,1.0,1.0,6.0,0.0
12873,0.0,2.0,2.0,0.0,2.0,5.0,2.0,5.0,7.0,3.0,6.0,1.0,1.0,6.0,48.0,2.0,-6.635,0.0,4.0,0.0,0.0,1.0,6.0,3.0,6.0,8.0,4.0,7.0,2.0,2.0,1.0,0.0
12874,0.0,4.0,0.0,0.0,1.0,6.0,3.0,6.0,8.0,4.0,7.0,2.0,2.0,1.0,52.0,2.0,-6.605,0.0,4.0,0.0,0.0,1.0,7.0,4.0,7.0,9.0,5.0,8.0,3.0,3.0,2.0,0.0
12875,0.0,4.0,0.0,0.0,1.0,7.0,4.0,7.0,9.0,5.0,8.0,3.0,3.0,2.0,52.0,2.0,-7.505,0.0,4.0,0.0,0.0,1.0,8.0,5.0,8.0,10.0,6.0,9.0,4.0,4.0,3.0,0.0
12876,0.0,4.0,0.0,0.0,1.0,8.0,5.0,8.0,10.0,6.0,9.0,4.0,4.0,3.0,52.0,2.0,-8.405000000000001,0.0,4.0,0.0,0.0,1.0,9.0,6.0,9.0,11.0,7.0,10.0,5.0,5.0,4.0,0.0
12877,0.0,4.0,0.0,0.0,1.0,9.0,6.0,9.0,11.0,7.0,10.0,5.0,5.0,4.0,42.0,2.0,-12.834999999999999,0.0,4.0,0.0,0.0,1.0,10.0,7.0,10.0,12.0,8.0,11.0,6.0,1.0,5.0,0.0
12878,0.0,4.0,0.0,0.0,1.0,10.0,7.0,10.0,12.0,8.0,11.0,6.0,1.0,5.0,22.0,2.0,-16.41,0.0,4.0,0.0,0.0,1.0,11.0,8.0,11.0,1.0,9.0,12.0,7.0,2.0,6.0,0.0
12879,0.0,4.0,0.0,0.0,1.0,11.0,8.0,11.0,1.0,9.0,12.0,7.0,2.0,6.0,17.0,36.0,-9.719999999999999,0.0,4.0,2.0,0.0,2.0,12.0,9.0,1.0,2.0,10.0,13.0,1.0,3.0,7.0,0.0
12880,0.0,4.0,2.0,0.0,2.0,12.0,9.0,1.0,2.0,10.0,13.0,1.0,3.0,7.0,33.0,27.0,-35.23500000000001,0.0,6.0,0.0,0.0,3.0,13.0,10.0,2.0,3.0,1.0,1.0,2.0,4.0,8.0,0.0
12881,0.0,6.0,0.0,0.0,3.0,13.0,10.0,2.0,3.0,1.0,1.0,2.0,4.0,8.0,49.0,5.0,-12.899999999999999,0.0,4.0,0.0,0.0,4.0,1.0,11.0,3.0,4.0,2.0,2.0,3.0,5.0,1.0,0.0
12882,0.0,4.0,0.0,0.0,4.0,1.0,11.0,3.0,4.0,2.0,2.0,3.0,5.0,1.0,14.0,2.0,-14.414999999999997,0.0,2.0,0.0,0.0,1.0,2.0,1.0,4.0,5.0,3.0,3.0,4.0,6.0,2.0,0.0
12883,0.0,2.0,0.0,0.0,1.0,2.0,1.0,4.0,5.0,3.0,3.0,4.0,6.0,2.0,42.0,2.0,-11.615,0.0,2.0,0.0,0.0,1.0,3.0,2.0,5.0,6.0,4.0,4.0,5.0,1.0,3.0,0.0
12884,0.0,2.0,0.0,0.0,1.0,3.0,2.0,5.0,6.0,4.0,4.0,5.0,1.0,3.0,22.0,2.0,-14.55,0.0,2.0,0.0,0.0,1.0,4.0,3.0,6.0,1.0,5.0,5.0,6.0,2.0,4.0,0.0
12885,0.0,2.0,0.0,0.0,1.0,4.0,3.0,6.0,1.0,5.0,5.0,6.0,2.0,4.0,17.0,36.0,-9.08,0.0,2.0,2.0,0.0,2.0,5.0,4.0,1.0,2.0,6.0,6.0,1.0,3.0,5.0,0.0
12886,0.0,2.0,2.0,0.0,2.0,5.0,4.0,1.0,2.0,6.0,6.0,1.0,3.0,5.0,49.0,27.0,-19.52,0.0,0.0,0.0,0.0,3.0,6.0,5.0,2.0,3.0,1.0,7.0,2.0,4.0,1.0,0.0
12887,0.0,0.0,0.0,0.0,3.0,6.0,5.0,2.0,3.0,1.0,7.0,2.0,4.0,1.0,33.0,2.0,-17.970000000000002,0.0,2.0,0.0,0.0,1.0,7.0,6.0,3.0,4.0,2.0,1.0,3.0,5.0,2.0,0.0
12888,0.0,2.0,0.0,0.0,1.0,7.0,6.0,3.0,4.0,2.0,1.0,3.0,5.0,2.0,17.0,2.0,-8.495000000000001,0.0,2.0,0.0,0.0,1.0,8.0,7.0,1.0,5.0,3.0,2.0,4.0,6.0,3.0,0.0
12889,0.0,2.0,0.0,0.0,1.0,8.0,7.0,1.0,5.0,3.0,2.0,4.0,6.0,3.0,10.0,11.0,-24.139999999999997,0.0,2.0,2.0,0.0,2.0,9.0,1.0,2.0,6.0,4.0,3.0,5.0,7.0,4.0,0.0
12890,0.0,2.0,2.0,0.0,2.0,9.0,1.0,2.0,6.0,4.0,3.0,5.0,7.0,4.0,39.0,36.0,-11.62,0.0,0.0,4.0,0.0,3.0,10.0,2.0,3.0,7.0,5.0,4.0,1.0,8.0,5.0,0.0
12891,0.0,0.0,4.0,0.0,3.0,10.0,2.0,3.0,7.0,5.0,4.0,1.0,8.0,5.0,36.0,9.0,-9.66,2.0,0.0,4.0,0.0,4.0,1.0,3.0,4.0,8.0,6.0,5.0,1.0,9.0,6.0,0.0
12892,2.0,0.0,4.0,0.0,4.0,1.0,3.0,4.0,8.0,6.0,5.0,1.0,9.0,6.0,42.0,2.0,-15.094999999999999,0.0,0.0,2.0,0.0,1.0,2.0,4.0,5.0,9.0,7.0,6.0,2.0,1.0,7.0,0.0
12893,0.0,0.0,2.0,0.0,1.0,2.0,4.0,5.0,9.0,7.0,6.0,2.0,1.0,7.0,42.0,2.0,-17.134999999999998,0.0,0.0,0.0,0.0,1.0,3.0,5.0,6.0,10.0,8.0,7.0,3.0,1.0,8.0,0.0
12894,0.0,0.0,0.0,0.0,1.0,3.0,5.0,6.0,10.0,8.0,7.0,3.0,1.0,8.0,42.0,2.0,-17.935,0.0,0.0,0.0,0.0,1.0,4.0,6.0,7.0,11.0,9.0,8.0,4.0,1.0,9.0,0.0
12895,0.0,0.0,0.0,0.0,1.0,4.0,6.0,7.0,11.0,9.0,8.0,4.0,1.0,9.0,10.0,2.0,-21.335,0.0,0.0,0.0,0.0,1.0,5.0,1.0,8.0,12.0,10.0,9.0,5.0,2.0,10.0,0.0
12896,0.0,0.0,0.0,0.0,1.0,5.0,1.0,8.0,12.0,10.0,9.0,5.0,2.0,10.0,8.0,49.0,-15.719999999999999,0.0,2.0,0.0,0.0,2.0,1.0,2.0,9.0,13.0,11.0,10.0,6.0,3.0,1.0,0.0
12897,0.0,2.0,0.0,0.0,2.0,1.0,2.0,9.0,13.0,11.0,10.0,6.0,3.0,1.0,22.0,2.0,-16.15,0.0,2.0,0.0,0.0,1.0,2.0,3.0,10.0,1.0,12.0,11.0,7.0,4.0,2.0,0.0
12898,0.0,2.0,0.0,0.0,1.0,2.0,3.0,10.0,1.0,12.0,11.0,7.0,4.0,2.0,17.0,2.0,-9.695,0.0,2.0,0.0,0.0,1.0,3.0,4.0,1.0,2.0,13.0,12.0,8.0,5.0,3.0,0.0
12899,0.0,2.0,0.0,0.0,1.0,3.0,4.0,1.0,2.0,13.0,12.0,8.0,5.0,3.0,32.0,36.0,-19.855,0.0,2.0,2.0,0.0,2.0,4.0,5.0,2.0,3.0,14.0,1.0,1.0,6.0,4.0,1.0
12900,7.0,4.0,2.0,2.0,1.0,1.0,1.0,1.0,1.0,1.0,1.0,1.0,1.0,1.0,10.0,21.0,-6.449999999999999,7.0,4.0,4.0,2.0,2.0,2.0,1.0,2.0,1.0,2.0,2.0,2.0,2.0,2.0,0.0
12901,7.0,4.0,4.0,2.0,2.0,2.0,1.0,2.0,1.0,2.0,2.0,2.0,2.0,2.0,42.0,21.0,-5.91,5.0,4.0,6.0,2.0,3.0,3.0,2.0,3.0,1.0,3.0,3.0,3.0,1.0,3.0,0.0
12902,5.0,4.0,6.0,2.0,3.0,3.0,2.0,3.0,1.0,3.0,3.0,3.0,1.0,3.0,24.0,21.0,-7.275,5.0,2.0,8.0,2.0,4.0,4.0,3.0,4.0,1.0,4.0,4.0,4.0,2.0,4.0,0.0
12903,5.0,2.0,8.0,2.0,4.0,4.0,3.0,4.0,1.0,4.0,4.0,4.0,2.0,4.0,42.0,34.0,-8.45,3.0,2.0,8.0,0.0,5.0,5.0,4.0,5.0,2.0,5.0,1.0,5.0,1.0,5.0,0.0
12904,3.0,2.0,8.0,0.0,5.0,5.0,4.0,5.0,2.0,5.0,1.0,5.0,1.0,5.0,17.0,37.0,-6.744999999999999,1.0,2.0,6.0,0.0,6.0,6.0,5.0,1.0,3.0,6.0,2.0,1.0,2.0,6.0,0.0
12905,1.0,2.0,6.0,0.0,6.0,6.0,5.0,1.0,3.0,6.0,2.0,1.0,2.0,6.0,49.0,27.0,-11.815,1.0,0.0,4.0,0.0,7.0,7.0,6.0,2.0,4.0,1.0,3.0,2.0,3.0,1.0,0.0
12906,1.0,0.0,4.0,0.0,7.0,7.0,6.0,2.0,4.0,1.0,3.0,2.0,3.0,1.0,12.0,2.0,-17.095,0.0,0.0,2.0,0.0,1.0,8.0,1.0,3.0,5.0,2.0,4.0,3.0,4.0,2.0,0.0
12907,0.0,0.0,2.0,0.0,1.0,8.0,1.0,3.0,5.0,2.0,4.0,3.0,4.0,2.0,36.0,9.0,-10.64,2.0,0.0,2.0,0.0,2.0,1.0,2.0,4.0,6.0,3.0,5.0,1.0,5.0,3.0,0.0
12908,2.0,0.0,2.0,0.0,2.0,1.0,2.0,4.0,6.0,3.0,5.0,1.0,5.0,3.0,42.0,2.0,-15.434999999999999,0.0,0.0,0.0,0.0,1.0,2.0,3.0,5.0,7.0,4.0,6.0,2.0,1.0,4.0,0.0
12909,0.0,0.0,0.0,0.0,1.0,2.0,3.0,5.0,7.0,4.0,6.0,2.0,1.0,4.0,42.0,2.0,-16.235,0.0,0.0,0.0,0.0,1.0,3.0,4.0,6.0,8.0,5.0,7.0,3.0,1.0,5.0,0.0
12910,0.0,0.0,0.0,0.0,1.0,3.0,4.0,6.0,8.0,5.0,7.0,3.0,1.0,5.0,42.0,2.0,-17.034999999999997,0.0,0.0,0.0,0.0,1.0,4.0,5.0,7.0,9.0,6.0,8.0,4.0,1.0,6.0,0.0
12911,0.0,0.0,0.0,0.0,1.0,4.0,5.0,7.0,9.0,6.0,8.0,4.0,1.0,6.0,42.0,2.0,-17.835,0.0,0.0,0.0,0.0,1.0,5.0,6.0,8.0,10.0,7.0,9.0,5.0,1.0,7.0,0.0
12912,0.0,0.0,0.0,0.0,1.0,5.0,6.0,8.0,10.0,7.0,9.0,5.0,1.0,7.0,42.0,2.0,-18.634999999999998,0.0,0.0,0.0,0.0,1.0,6.0,7.0,9.0,11.0,8.0,10.0,6.0,1.0,8.0,0.0
12913,0.0,0.0,0.0,0.0,1.0,6.0,7.0,9.0,11.0,8.0,10.0,6.0,1.0,8.0,42.0,2.0,-19.435,0.0,0.0,0.0,0.0,1.0,7.0,8.0,10.0,12.0,9.0,11.0,7.0,1.0,9.0,0.0
12914,0.0,0.0,0.0,0.0,1.0,7.0,8.0,10.0,12.0,9.0,11.0,7.0,1.0,9.0,10.0,2.0,-22.634999999999998,0.0,0.0,0.0,0.0,1.0,8.0,1.0,11.0,13.0,10.0,12.0,8.0,2.0,10.0,0.0
12915,0.0,0.0,0.0,0.0,1.0,8.0,1.0,11.0,13.0,10.0,12.0,8.0,2.0,10.0,36.0,35.0,-16.48,2.0,0.0,0.0,0.0,2.0,9.0,2.0,12.0,14.0,11.0,13.0,1.0,3.0,11.0,0.0
12916,2.0,0.0,0.0,0.0,2.0,9.0,2.0,12.0,14.0,11.0,13.0,1.0,3.0,11.0,42.0,49.0,-19.799999999999997,0.0,0.0,0.0,0.0,3.0,10.0,3.0,13.0,15.0,12.0,14.0,2.0,1.0,1.0,0.0
12917,0.0,0.0,0.0,0.0,3.0,10.0,3.0,13.0,15.0,12.0,14.0,2.0,1.0,1.0,22.0,20.0,-30.15,0.0,0.0,0.0,0.0,4.0,11.0,4.0,14.0,1.0,13.0,15.0,3.0,2.0,2.0,0.0
12918,0.0,0.0,0.0,0.0,4.0,11.0,4.0,14.0,1.0,13.0,15.0,3.0,2.0,2.0,17.0,31.0,-18.795,0.0,0.0,2.0,0.0,5.0,12.0,5.0,1.0,2.0,14.0,1.0,4.0,3.0,3.0,0.0
12919,0.0,0.0,2.0,0.0,5.0,12.0,5.0,1.0,2.0,14.0,1.0,4.0,3.0,3.0,26.0,9.0,-17.659999999999997,2.0,0.0,2.0,0.0,6.0,1.0,6.0,2.0,3.0,1.0,2.0,5.0,4.0,4.0,0.0
12920,2.0,0.0,2.0,0.0,6.0,1.0,6.0,2.0,3.0,1.0,2.0,5.0,4.0,4.0,42.0,2.0,-15.334999999999999,0.0,0.0,0.0,0.0,1.0,2.0,7.0,3.0,4.0,2.0,3.0,6.0,1.0,5.0,0.0
12921,0.0,0.0,0.0,0.0,1.0,2.0,7.0,3.0,4.0,2.0,3.0,6.0,1.0,5.0,35.0,36.0,-12.48,0.0,0.0,2.0,0.0,2.0,3.0,8.0,4.0,5.0,3.0,4.0,1.0,2.0,6.0,0.0
12922,0.0,0.0,2.0,0.0,2.0,3.0,8.0,4.0,5.0,3.0,4.0,1.0,2.0,6.0,42.0,2.0,-16.335,0.0,0.0,0.0,0.0,1.0,4.0,9.0,5.0,6.0,4.0,5.0,2.0,1.0,7.0,0.0
12923,0.0,0.0,0.0,0.0,1.0,4.0,9.0,5.0,6.0,4.0,5.0,2.0,1.0,7.0,42.0,2.0,-17.134999999999998,0.0,0.0,0.0,0.0,1.0,5.0,10.0,6.0,7.0,5.0,6.0,3.0,1.0,8.0,0.0
12924,0.0,0.0,0.0,0.0,1.0,5.0,10.0,6.0,7.0,5.0,6.0,3.0,1.0,8.0,42.0,2.0,-17.935,0.0,0.0,0.0,0.0,1.0,6.0,11.0,7.0,8.0,6.0,7.0,4.0,1.0,9.0,0.0
12925,0.0,0.0,0.0,0.0,1.0,6.0,11.0,7.0,8.0,6.0,7.0,4.0,1.0,9.0,22.0,2.0,-19.43,0.0,0.0,0.0,0.0,1.0,7.0,12.0,8.0,1.0,7.0,8.0,5.0,2.0,10.0,0.0
12926,0.0,0.0,0.0,0.0,1.0,7.0,12.0,8.0,1.0,7.0,8.0,5.0,2.0,10.0,17.0,49.0,-13.36,0.0,0.0,0.0,0.0,2.0,8.0,13.0,1.0,2.0,8.0,9.0,6.0,3.0,1.0,0.0
12927,0.0,0.0,0.0,0.0,2.0,8.0,13.0,1.0,2.0,8.0,9.0,6.0,3.0,1.0,33.0,36.0,-20.455000000000002,0.0,2.0,2.0,0.0,3.0,9.0,14.0,2.0,3.0,9.0,1.0,1.0,4.0,2.0,0.0
12928,0.0,2.0,2.0,0.0,3.0,9.0,14.0,2.0,3.0,9.0,1.0,1.0,4.0,2.0,10.0,42.0,-23.839999999999996,0.0,2.0,0.0,0.0,4.0,10.0,1.0,3.0,4.0,10.0,2.0,2.0,1.0,3.0,0.0
12929,0.0,2.0,0.0,0.0,4.0,10.0,1.0,3.0,4.0,10.0,2.0,2.0,1.0,3.0,6.0,9.0,-16.4,2.0,2.0,0.0,0.0,5.0,1.0,2.0,4.0,5.0,11.0,3.0,3.0,2.0,4.0,0.0
12930,2.0,2.0,0.0,0.0,5.0,1.0,2.0,4.0,5.0,11.0,3.0,3.0,2.0,4.0,42.0,27.0,-24.16,0.0,2.0,0.0,0.0,6.0,2.0,3.0,5.0,6.0,1.0,4.0,4.0,1.0,5.0,0.0
12931,0.0,2.0,0.0,0.0,6.0,2.0,3.0,5.0,6.0,1.0,4.0,4.0,1.0,5.0,22.0,2.0,-14.35,0.0,2.0,0.0,0.0,1.0,3.0,4.0,6.0,1.0,2.0,5.0,5.0,2.0,6.0,0.0
12932,0.0,2.0,0.0,0.0,1.0,3.0,4.0,6.0,1.0,2.0,5.0,5.0,2.0,6.0,17.0,33.0,-19.055,0.0,2.0,0.0,2.0,2.0,4.0,5.0,1.0,2.0,3.0,1.0,6.0,3.0,7.0,0.0
12933,0.0,2.0,0.0,2.0,2.0,4.0,5.0,1.0,2.0,3.0,1.0,6.0,3.0,7.0,49.0,47.0,-6.8,0.0,0.0,0.0,2.0,3.0,5.0,6.0,2.0,3.0,4.0,2.0,7.0,4.0,1.0,0.0
12934,0.0,0.0,0.0,2.0,3.0,5.0,6.0,2.0,3.0,4.0,2.0,7.0,4.0,1.0,35.0,42.0,-15.999999999999998,0.0,0.0,0.0,2.0,4.0,6.0,7.0,3.0,4.0,5.0,3.0,1.0,1.0,2.0,0.0
12935,0.0,0.0,0.0,2.0,4.0,6.0,7.0,3.0,4.0,5.0,3.0,1.0,1.0,2.0,2.0,42.0,-12.315,0.0,0.0,0.0,2.0,1.0,7.0,8.0,4.0,5.0,6.0,4.0,2.0,1.0,3.0,0.0
12936,0.0,0.0,0.0,2.0,1.0,7.0,8.0,4.0,5.0,6.0,4.0,2.0,1.0,3.0,6.0,42.0,-15.459999999999997,2.0,0.0,0.0,2.0,2.0,1.0,9.0,5.0,6.0,7.0,5.0,3.0,1.0,4.0,0.0
12937,2.0,0.0,0.0,2.0,2.0,1.0,9.0,5.0,6.0,7.0,5.0,3.0,1.0,4.0,22.0,2.0,-17.83,0.0,0.0,0.0,2.0,1.0,2.0,10.0,6.0,1.0,8.0,6.0,4.0,2.0,5.0,0.0
12938,0.0,0.0,0.0,2.0,1.0,2.0,10.0,6.0,1.0,8.0,6.0,4.0,2.0,5.0,35.0,47.0,-11.419999999999998,0.0,0.0,0.0,2.0,2.0,3.0,11.0,7.0,2.0,9.0,7.0,1.0,3.0,1.0,0.0
12939,0.0,0.0,0.0,2.0,2.0,3.0,11.0,7.0,2.0,9.0,7.0,1.0,3.0,1.0,22.0,13.0,-23.055000000000003,0.0,0.0,0.0,4.0,3.0,4.0,1.0,8.0,1.0,10.0,8.0,2.0,4.0,2.0,0.0
12940,0.0,0.0,0.0,4.0,3.0,4.0,1.0,8.0,1.0,10.0,8.0,2.0,4.0,2.0,17.0,17.0,-11.32,0.0,0.0,0.0,4.0,4.0,5.0,2.0,1.0,2.0,11.0,9.0,3.0,5.0,3.0,0.0
12941,0.0,0.0,0.0,4.0,4.0,5.0,2.0,1.0,2.0,11.0,9.0,3.0,5.0,3.0,9.0,27.0,-22.499999999999996,0.0,0.0,0.0,4.0,5.0,1.0,3.0,2.0,3.0,1.0,10.0,4.0,6.0,4.0,0.0
12942,0.0,0.0,0.0,4.0,5.0,1.0,3.0,2.0,3.0,1.0,10.0,4.0,6.0,4.0,9.0,34.0,-25.035,0.0,0.0,0.0,2.0,6.0,1.0,4.0,3.0,4.0,2.0,1.0,5.0,7.0,5.0,0.0
12943,0.0,0.0,0.0,2.0,6.0,1.0,4.0,3.0,4.0,2.0,1.0,5.0,7.0,5.0,35.0,43.0,-13.519999999999998,0.0,0.0,0.0,4.0,7.0,2.0,5.0,4.0,5.0,3.0,2.0,1.0,1.0,6.0,0.0
12944,0.0,0.0,0.0,4.0,7.0,2.0,5.0,4.0,5.0,3.0,2.0,1.0,1.0,6.0,42.0,49.0,-15.059999999999999,0.0,0.0,0.0,2.0,8.0,3.0,6.0,5.0,6.0,4.0,3.0,2.0,1.0,1.0,0.0
12945,0.0,0.0,0.0,2.0,8.0,3.0,6.0,5.0,6.0,4.0,3.0,2.0,1.0,1.0,2.0,4.0,-7.51,0.0,0.0,0.0,0.0,1.0,4.0,7.0,6.0,7.0,5.0,4.0,3.0,2.0,2.0,0.0
12946,0.0,0.0,0.0,0.0,1.0,4.0,7.0,6.0,7.0,5.0,4.0,3.0,2.0,2.0,22.0,16.0,-21.315,0.0,0.0,2.0,0.0,2.0,5.0,8.0,1.0,1.0,6.0,5.0,4.0,3.0,3.0,0.0
12947,0.0,0.0,2.0,0.0,2.0,5.0,8.0,1.0,1.0,6.0,5.0,4.0,3.0,3.0,9.0,7.0,-21.04,0.0,0.0,0.0,0.0,3.0,1.0,9.0,2.0,2.0,7.0,6.0,5.0,4.0,4.0,0.0
12948,0.0,0.0,0.0,0.0,3.0,1.0,9.0,2.0,2.0,7.0,6.0,5.0,4.0,4.0,35.0,34.0,-22.955000000000002,0.0,0.0,0.0,0.0,4.0,2.0,10.0,3.0,3.0,8.0,1.0,1.0,5.0,5.0,0.0
12949,0.0,0.0,0.0,0.0,4.0,2.0,10.0,3.0,3.0,8.0,1.0,1.0,5.0,5.0,35.0,47.0,-12.659999999999998,0.0,0.0,0.0,0.0,5.0,3.0,11.0,4.0,4.0,9.0,2.0,1.0,6.0,1.0,0.0
12950,0.0,0.0,0.0,0.0,5.0,3.0,11.0,4.0,4.0,9.0,2.0,1.0,6.0,1.0,2.0,4.0,-8.51,0.0,0.0,0.0,0.0,1.0,4.0,12.0,5.0,5.0,10.0,3.0,2.0,7.0,2.0,0.0
12951,0.0,0.0,0.0,0.0,1.0,4.0,12.0,5.0,5.0,10.0,3.0,2.0,7.0,2.0,35.0,42.0,-21.319999999999997,0.0,0.0,0.0,0.0,2.0,5.0,13.0,6.0,6.0,11.0,4.0,1.0,1.0,3.0,0.0
12952,0.0,0.0,0.0,0.0,2.0,5.0,13.0,6.0,6.0,11.0,4.0,1.0,1.0,3.0,23.0,27.0,-27.595,0.0,2.0,0.0,0.0,3.0,6.0,14.0,7.0,1.0,1.0,5.0,2.0,2.0,4.0,0.0
12953,0.0,2.0,0.0,0.0,3.0,6.0,14.0,7.0,1.0,1.0,5.0,2.0,2.0,4.0,17.0,14.0,-19.52,0.0,2.0,0.0,0.0,4.0,7.0,1.0,1.0,2.0,2.0,6.0,3.0,3.0,5.0,0.0
12954,0.0,2.0,0.0,0.0,4.0,7.0,1.0,1.0,2.0,2.0,6.0,3.0,3.0,5.0,9.0,34.0,-24.335,0.0,0.0,0.0,0.0,5.0,1.0,2.0,2.0,3.0,3.0,1.0,4.0,4.0,6.0,0.0
12955,0.0,0.0,0.0,0.0,5.0,1.0,2.0,2.0,3.0,3.0,1.0,4.0,4.0,6.0,49.0,47.0,-7.84,0.0,0.0,0.0,0.0,6.0,2.0,3.0,3.0,4.0,4.0,2.0,5.0,5.0,1.0,0.0
12956,0.0,0.0,0.0,0.0,6.0,2.0,3.0,3.0,4.0,4.0,2.0,5.0,5.0,1.0,35.0,4.0,-10.995,0.0,0.0,0.0,0.0,1.0,3.0,4.0,4.0,5.0,5.0,3.0,1.0,6.0,2.0,0.0
12957,0.0,0.0,0.0,0.0,1.0,3.0,4.0,4.0,5.0,5.0,3.0,1.0,6.0,2.0,40.0,42.0,-24.259999999999998,0.0,0.0,0.0,0.0,2.0,4.0,5.0,5.0,6.0,6.0,4.0,2.0,1.0,3.0,0.0
12958,0.0,0.0,0.0,0.0,2.0,4.0,5.0,5.0,6.0,6.0,4.0,2.0,1.0,3.0,22.0,16.0,-21.215,0.0,0.0,2.0,0.0,3.0,5.0,6.0,1.0,1.0,7.0,5.0,3.0,2.0,4.0,0.0
12959,0.0,0.0,2.0,0.0,3.0,5.0,6.0,1.0,1.0,7.0,5.0,3.0,2.0,4.0,9.0,7.0,-20.939999999999998,0.0,0.0,0.0,0.0,4.0,1.0,7.0,2.0,2.0,8.0,6.0,4.0,3.0,5.0,0.0
12960,0.0,0.0,0.0,0.0,4.0,1.0,7.0,2.0,2.0,8.0,6.0,4.0,3.0,5.0,35.0,2.0,-11.995000000000001,0.0,0.0,0.0,0.0,1.0,2.0,8.0,3.0,3.0,9.0,7.0,1.0,4.0,6.0,0.0
12961,0.0,0.0,0.0,0.0,1.0,2.0,8.0,3.0,3.0,9.0,7.0,1.0,4.0,6.0,49.0,31.0,-14.174999999999999,0.0,0.0,2.0,0.0,2.0,3.0,9.0,4.0,4.0,10.0,1.0,2.0,5.0,1.0,0.0
12962,0.0,0.0,2.0,0.0,2.0,3.0,9.0,4.0,4.0,10.0,1.0,2.0,5.0,1.0,35.0,27.0,-23.74,0.0,0.0,0.0,0.0,3.0,4.0,10.0,5.0,5.0,1.0,2.0,1.0,6.0,2.0,0.0
12963,0.0,0.0,0.0,0.0,3.0,4.0,10.0,5.0,5.0,1.0,2.0,1.0,6.0,2.0,1.0,14.0,-17.395,2.0,0.0,0.0,0.0,1.0,5.0,1.0,6.0,6.0,2.0,3.0,2.0,7.0,3.0,0.0
12964,2.0,0.0,0.0,0.0,1.0,5.0,1.0,6.0,6.0,2.0,3.0,2.0,7.0,3.0,9.0,16.0,-14.04,2.0,0.0,2.0,0.0,2.0,1.0,2.0,1.0,7.0,3.0,4.0,3.0,8.0,4.0,0.0
12965,2.0,0.0,2.0,0.0,2.0,1.0,2.0,1.0,7.0,3.0,4.0,3.0,8.0,4.0,35.0,24.0,-14.195,2.0,0.0,2.0,0.0,3.0,2.0,3.0,2.0,1.0,4.0,5.0,1.0,9.0,5.0,0.0
12966,2.0,0.0,2.0,0.0,3.0,2.0,3.0,2.0,1.0,4.0,5.0,1.0,9.0,5.0,35.0,42.0,-16.52,2.0,0.0,0.0,0.0,4.0,3.0,4.0,3.0,2.0,5.0,6.0,1.0,1.0,6.0,0.0
12967,2.0,0.0,0.0,0.0,4.0,3.0,4.0,3.0,2.0,5.0,6.0,1.0,1.0,6.0,49.0,49.0,-7.619999999999999,2.0,0.0,0.0,0.0,5.0,4.0,5.0,4.0,3.0,6.0,7.0,2.0,2.0,1.0,0.0
12968,2.0,0.0,0.0,0.0,5.0,4.0,5.0,4.0,3.0,6.0,7.0,2.0,2.0,1.0,33.0,4.0,-13.309999999999999,2.0,2.0,0.0,0.0,1.0,5.0,6.0,5.0,4.0,7.0,1.0,3.0,3.0,2.0,0.0
12969,2.0,2.0,0.0,0.0,1.0,5.0,6.0,5.0,4.0,7.0,1.0,3.0,3.0,2.0,10.0,16.0,-15.999999999999998,2.0,2.0,2.0,0.0,2.0,6.0,1.0,1.0,5.0,8.0,2.0,4.0,4.0,3.0,0.0
12970,2.0,2.0,2.0,0.0,2.0,6.0,1.0,1.0,5.0,8.0,2.0,4.0,4.0,3.0,37.0,9.0,-14.139999999999999,0.0,2.0,2.0,0.0,3.0,1.0,2.0,2.0,6.0,9.0,3.0,1.0,5.0,4.0,0.0
12971,0.0,2.0,2.0,0.0,3.0,1.0,2.0,2.0,6.0,9.0,3.0,1.0,5.0,4.0,28.0,24.0,-21.235,0.0,4.0,2.0,0.0,4.0,2.0,3.0,3.0,1.0,1.0,4.0,2.0,6.0,5.0,0.0
12972,0.0,4.0,2.0,0.0,4.0,2.0,3.0,3.0,1.0,1.0,4.0,2.0,6.0,5.0,17.0,34.0,-12.235000000000001,0.0,4.0,2.0,0.0,5.0,3.0,4.0,1.0,2.0,2.0,1.0,3.0,7.0,6.0,0.0
12973,0.0,4.0,2.0,0.0,5.0,3.0,4.0,1.0,2.0,2.0,1.0,3.0,7.0,6.0,40.0,47.0,-9.299999999999999,0.0,4.0,0.0,0.0,6.0,4.0,5.0,2.0,3.0,3.0,2.0,4.0,1.0,1.0,0.0
12974,0.0,4.0,0.0,0.0,6.0,4.0,5.0,2.0,3.0,3.0,2.0,4.0,1.0,1.0,12.0,2.0,-11.835,0.0,4.0,0.0,0.0,1.0,5.0,1.0,3.0,4.0,4.0,3.0,5.0,2.0,2.0,0.0
12975,0.0,4.0,0.0,0.0,1.0,5.0,1.0,3.0,4.0,4.0,3.0,5.0,2.0,2.0,19.0,37.0,-11.879999999999999,0.0,2.0,0.0,0.0,2.0,6.0,2.0,1.0,5.0,5.0,4.0,1.0,3.0,3.0,0.0
12976,0.0,2.0,0.0,0.0,2.0,6.0,2.0,1.0,5.0,5.0,4.0,1.0,3.0,3.0,28.0,24.0,-25.054999999999996,0.0,4.0,0.0,0.0,3.0,7.0,3.0,2.0,1.0,1.0,5.0,2.0,4.0,4.0,0.0
12977,0.0,4.0,0.0,0.0,3.0,7.0,3.0,2.0,1.0,1.0,5.0,2.0,4.0,4.0,9.0,14.0,-24.279999999999998,0.0,2.0,0.0,0.0,4.0,1.0,1.0,3.0,2.0,2.0,6.0,3.0,5.0,5.0,0.0
12978,0.0,2.0,0.0,0.0,4.0,1.0,1.0,3.0,2.0,2.0,6.0,3.0,5.0,5.0,17.0,15.0,-12.58,0.0,2.0,0.0,0.0,5.0,2.0,2.0,1.0,3.0,3.0,7.0,4.0,6.0,6.0,0.0
12979,0.0,2.0,0.0,0.0,5.0,2.0,2.0,1.0,3.0,3.0,7.0,4.0,6.0,6.0,49.0,47.0,-8.64,0.0,0.0,0.0,0.0,6.0,3.0,3.0,2.0,4.0,4.0,8.0,5.0,7.0,1.0,0.0
12980,0.0,0.0,0.0,0.0,6.0,3.0,3.0,2.0,4.0,4.0,8.0,5.0,7.0,1.0,40.0,34.0,-26.895,0.0,0.0,0.0,0.0,7.0,4.0,4.0,3.0,5.0,5.0,1.0,6.0,1.0,2.0,0.0
12981,0.0,0.0,0.0,0.0,7.0,4.0,4.0,3.0,5.0,5.0,1.0,6.0,1.0,2.0,0.0,4.0,-7.51,0.0,0.0,0.0,0.0,1.0,5.0,5.0,4.0,6.0,6.0,2.0,7.0,2.0,3.0,0.0
12982,0.0,0.0,0.0,0.0,1.0,5.0,5.0,4.0,6.0,6.0,2.0,7.0,2.0,3.0,36.0,39.0,-13.08,2.0,0.0,0.0,0.0,2.0,6.0,6.0,5.0,7.0,7.0,3.0,1.0,3.0,4.0,0.0
12983,2.0,0.0,0.0,0.0,2.0,6.0,6.0,5.0,7.0,7.0,3.0,1.0,3.0,4.0,10.0,16.0,-20.419999999999998,2.0,0.0,2.0,0.0,3.0,7.0,1.0,1.0,8.0,8.0,4.0,2.0,4.0,5.0,0.0
12984,2.0,0.0,2.0,0.0,3.0,7.0,1.0,1.0,8.0,8.0,4.0,2.0,4.0,5.0,37.0,24.0,-18.095,0.0,0.0,2.0,0.0,4.0,8.0,2.0,2.0,1.0,9.0,5.0,1.0,5.0,6.0,0.0
12985,0.0,0.0,2.0,0.0,4.0,8.0,2.0,2.0,1.0,9.0,5.0,1.0,5.0,6.0,49.0,9.0,-10.719999999999999,0.0,0.0,2.0,0.0,5.0,1.0,3.0,3.0,2.0,10.0,6.0,2.0,6.0,1.0,0.0
12986,0.0,0.0,2.0,0.0,5.0,1.0,3.0,3.0,2.0,10.0,6.0,2.0,6.0,1.0,40.0,4.0,-14.494999999999997,0.0,0.0,2.0,0.0,1.0,2.0,4.0,4.0,3.0,11.0,7.0,3.0,1.0,2.0,0.0
12987,0.0,0.0,2.0,0.0,1.0,2.0,4.0,4.0,3.0,11.0,7.0,3.0,1.0,2.0,27.0,31.0,-21.134999999999998,0.0,0.0,4.0,0.0,2.0,3.0,5.0,5.0,4.0,1.0,1.0,4.0,2.0,3.0,0.0
12988,0.0,0.0,4.0,0.0,2.0,3.0,5.0,5.0,4.0,1.0,1.0,4.0,2.0,3.0,17.0,33.0,-13.475,0.0,0.0,4.0,2.0,3.0,4.0,6.0,1.0,5.0,2.0,1.0,5.0,3.0,4.0,0.0
12989,0.0,0.0,4.0,2.0,3.0,4.0,6.0,1.0,5.0,2.0,1.0,5.0,3.0,4.0,37.0,24.0,-14.715000000000002,0.0,0.0,4.0,0.0,4.0,5.0,7.0,2.0,1.0,3.0,2.0,1.0,4.0,5.0,0.0
12990,0.0,0.0,4.0,0.0,4.0,5.0,7.0,2.0,1.0,3.0,2.0,1.0,4.0,5.0,11.0,12.0,-24.159999999999997,2.0,0.0,2.0,0.0,5.0,6.0,1.0,3.0,2.0,4.0,3.0,2.0,5.0,6.0,0.0
12991,2.0,0.0,2.0,0.0,5.0,6.0,1.0,3.0,2.0,4.0,3.0,2.0,5.0,6.0,37.0,0.0,-10.355,0.0,0.0,2.0,0.0,1.0,7.0,2.0,4.0,3.0,5.0,4.0,1.0,6.0,7.0,0.0
12992,0.0,0.0,2.0,0.0,1.0,7.0,2.0,4.0,3.0,5.0,4.0,1.0,6.0,7.0,45.0,49.0,-8.02,0.0,0.0,2.0,0.0,2.0,8.0,3.0,5.0,4.0,6.0,5.0,2.0,7.0,1.0,0.0
12993,0.0,0.0,2.0,0.0,2.0,8.0,3.0,5.0,4.0,6.0,5.0,2.0,7.0,1.0,40.0,9.0,-18.68,0.0,0.0,2.0,0.0,3.0,1.0,4.0,6.0,5.0,7.0,6.0,3.0,1.0,2.0,0.0
12994,0.0,0.0,2.0,0.0,3.0,1.0,4.0,6.0,5.0,7.0,6.0,3.0,1.0,2.0,19.0,31.0,-13.674999999999999,0.0,0.0,4.0,0.0,4.0,2.0,5.0,1.0,6.0,8.0,1.0,4.0,2.0,3.0,0.0
12995,0.0,0.0,4.0,0.0,4.0,2.0,5.0,1.0,6.0,8.0,1.0,4.0,2.0,3.0,26.0,24.0,-18.235,2.0,0.0,4.0,0.0,5.0,3.0,6.0,2.0,1.0,1.0,2.0,5.0,3.0,4.0,0.0
12996,2.0,0.0,4.0,0.0,5.0,3.0,6.0,2.0,1.0,1.0,2.0,5.0,3.0,4.0,0.0,34.0,-8.149999999999999,2.0,0.0,4.0,0.0,1.0,4.0,7.0,3.0,2.0,2.0,1.0,6.0,4.0,5.0,0.0
12997,2.0,0.0,4.0,0.0,1.0,4.0,7.0,3.0,2.0,2.0,1.0,6.0,4.0,5.0,35.0,47.0,-7.74,2.0,0.0,2.0,0.0,2.0,5.0,8.0,4.0,3.0,3.0,2.0,1.0,5.0,1.0,0.0
12998,2.0,0.0,2.0,0.0,2.0,5.0,8.0,4.0,3.0,3.0,2.0,1.0,5.0,1.0,2.0,12.0,-18.435,0.0,0.0,0.0,0.0,1.0,6.0,1.0,5.0,4.0,4.0,3.0,2.0,6.0,2.0,0.0
12999,0.0,0.0,0.0,0.0,1.0,6.0,1.0,5.0,4.0,4.0,3.0,2.0,6.0,2.0,19.0,17.0,-15.68,0.0,0.0,0.0,0.0,2.0,7.0,2.0,1.0,5.0,5.0,4.0,3.0,7.0,3.0,1.0
13000,9.0,5.0,7.0,1.0,1.0,1.0,1.0,1.0,1.0,1.0,1.0,1.0,1.0,1.0,9.0,9.0,-3.605,9.0,3.0,7.0,0.0,2.0,1.0,2.0,2.0,2.0,2.0,2.0,2.0,2.0,2.0,0.0
13001,9.0,3.0,7.0,0.0,2.0,1.0,2.0,2.0,2.0,2.0,2.0,2.0,2.0,2.0,9.0,31.0,-3.84,9.0,1.0,9.0,0.0,3.0,1.0,3.0,3.0,3.0,3.0,1.0,3.0,3.0,3.0,0.0
13002,9.0,1.0,9.0,0.0,3.0,1.0,3.0,3.0,3.0,3.0,1.0,3.0,3.0,3.0,37.0,31.0,-3.8200000000000003,7.0,1.0,9.0,0.0,4.0,2.0,4.0,4.0,4.0,4.0,1.0,1.0,4.0,4.0,0.0
13003,7.0,1.0,9.0,0.0,4.0,2.0,4.0,4.0,4.0,4.0,1.0,1.0,4.0,4.0,2.0,31.0,-4.785,5.0,1.0,9.0,0.0,1.0,3.0,5.0,5.0,5.0,5.0,1.0,2.0,5.0,5.0,0.0
13004,5.0,1.0,9.0,0.0,1.0,3.0,5.0,5.0,5.0,5.0,1.0,2.0,5.0,5.0,9.0,37.0,-6.0600000000000005,5.0,0.0,7.0,0.0,2.0,1.0,6.0,6.0,6.0,6.0,2.0,1.0,6.0,6.0,0.0
13005,5.0,0.0,7.0,0.0,2.0,1.0,6.0,6.0,6.0,6.0,2.0,1.0,6.0,6.0,2.0,31.0,-5.42,3.0,0.0,9.0,0.0,1.0,2.0,7.0,7.0,7.0,7.0,1.0,2.0,7.0,7.0,0.0
13006,3.0,0.0,9.0,0.0,1.0,2.0,7.0,7.0,7.0,7.0,1.0,2.0,7.0,7.0,45.0,37.0,-7.07,3.0,0.0,7.0,0.0,2.0,3.0,8.0,8.0,8.0,8.0,2.0,1.0,8.0,1.0,0.0
13007,3.0,0.0,7.0,0.0,2.0,3.0,8.0,8.0,8.0,8.0,2.0,1.0,8.0,1.0,2.0,4.0,-9.42,1.0,0.0,7.0,0.0,1.0,4.0,9.0,9.0,9.0,9.0,3.0,2.0,9.0,2.0,0.0
13008,1.0,0.0,7.0,0.0,1.0,4.0,9.0,9.0,9.0,9.0,3.0,2.0,9.0,2.0,19.0,4.0,-14.224999999999998,1.0,0.0,7.0,0.0,1.0,5.0,10.0,1.0,10.0,10.0,4.0,3.0,10.0,3.0,0.0
13009,1.0,0.0,7.0,0.0,1.0,5.0,10.0,1.0,10.0,10.0,4.0,3.0,10.0,3.0,10.0,22.0,-20.974999999999998,1.0,0.0,5.0,0.0,2.0,6.0,1.0,2.0,1.0,11.0,5.0,4.0,11.0,4.0,0.0
13010,1.0,0.0,5.0,0.0,2.0,6.0,1.0,2.0,1.0,11.0,5.0,4.0,11.0,4.0,37.0,9.0,-11.985,0.0,0.0,5.0,0.0,3.0,1.0,2.0,3.0,2.0,12.0,6.0,1.0,12.0,5.0,0.0
13011,0.0,0.0,5.0,0.0,3.0,1.0,2.0,3.0,2.0,12.0,6.0,1.0,12.0,5.0,41.0,27.0,-19.575,2.0,0.0,3.0,0.0,4.0,2.0,3.0,4.0,3.0,1.0,7.0,2.0,1.0,6.0,0.0
13012,2.0,0.0,3.0,0.0,4.0,2.0,3.0,4.0,3.0,1.0,7.0,2.0,1.0,6.0,9.0,33.0,-13.94,2.0,0.0,3.0,2.0,5.0,1.0,4.0,5.0,4.0,2.0,1.0,3.0,2.0,7.0,0.0
13013,2.0,0.0,3.0,2.0,5.0,1.0,4.0,5.0,4.0,2.0,1.0,3.0,2.0,7.0,4.0,47.0,-4.13,2.0,0.0,1.0,2.0,1.0,2.0,5.0,6.0,5.0,3.0,2.0,4.0,3.0,1.0,0.0
13014,2.0,0.0,1.0,2.0,1.0,2.0,5.0,6.0,5.0,3.0,2.0,4.0,3.0,1.0,21.0,15.0,-11.16,4.0,0.0,1.0,2.0,2.0,3.0,6.0,1.0,1.0,4.0,3.0,5.0,4.0,2.0,0.0
13015,4.0,0.0,1.0,2.0,2.0,3.0,6.0,1.0,1.0,4.0,3.0,5.0,4.0,2.0,37.0,51.0,-6.390000000000001,2.0,0.0,3.0,2.0,3.0,4.0,7.0,2.0,2.0,5.0,4.0,1.0,5.0,3.0,0.0
13016,2.0,0.0,3.0,2.0,3.0,4.0,7.0,2.0,2.0,5.0,4.0,1.0,5.0,3.0,9.0,34.0,-14.34,2.0,0.0,3.0,0.0,4.0,1.0,8.0,3.0,3.0,6.0,1.0,2.0,6.0,4.0,0.0
13017,2.0,0.0,3.0,0.0,4.0,1.0,8.0,3.0,3.0,6.0,1.0,2.0,6.0,4.0,10.0,47.0,-15.534999999999998,2.0,0.0,1.0,0.0,5.0,2.0,1.0,4.0,4.0,7.0,2.0,3.0,7.0,1.0,0.0
13018,2.0,0.0,1.0,0.0,5.0,2.0,1.0,4.0,4.0,7.0,2.0,3.0,7.0,1.0,52.0,4.0,-5.029999999999999,0.0,0.0,1.0,0.0,1.0,3.0,2.0,5.0,5.0,8.0,3.0,4.0,8.0,2.0,0.0
13019,0.0,0.0,1.0,0.0,1.0,3.0,2.0,5.0,5.0,8.0,3.0,4.0,8.0,2.0,36.0,43.0,-12.115,2.0,0.0,1.0,2.0,2.0,4.0,3.0,6.0,6.0,9.0,4.0,1.0,1.0,3.0,0.0
13020,2.0,0.0,1.0,2.0,2.0,4.0,3.0,6.0,6.0,9.0,4.0,1.0,1.0,3.0,28.0,28.0,-19.035,2.0,2.0,1.0,4.0,3.0,5.0,4.0,7.0,7.0,1.0,5.0,2.0,2.0,4.0,0.0
13021,2.0,2.0,1.0,4.0,3.0,5.0,4.0,7.0,7.0,1.0,5.0,2.0,2.0,4.0,21.0,15.0,-7.319999999999999,4.0,2.0,1.0,4.0,4.0,6.0,5.0,1.0,1.0,2.0,6.0,3.0,3.0,5.0,0.0
13022,4.0,2.0,1.0,4.0,4.0,6.0,5.0,1.0,1.0,2.0,6.0,3.0,3.0,5.0,9.0,34.0,-15.799999999999999,4.0,0.0,1.0,2.0,5.0,1.0,6.0,2.0,2.0,3.0,1.0,4.0,4.0,6.0,0.0
13023,4.0,0.0,1.0,2.0,5.0,1.0,6.0,2.0,2.0,3.0,1.0,4.0,4.0,6.0,4.0,47.0,-4.695,4.0,0.0,0.0,2.0,1.0,2.0,7.0,3.0,3.0,4.0,2.0,5.0,5.0,1.0,0.0
13024,4.0,0.0,0.0,2.0,1.0,2.0,7.0,3.0,3.0,4.0,2.0,5.0,5.0,1.0,10.0,51.0,-11.969999999999999,4.0,0.0,2.0,2.0,2.0,3.0,1.0,4.0,4.0,5.0,3.0,6.0,6.0,2.0,0.0
13025,4.0,0.0,2.0,2.0,2.0,3.0,1.0,4.0,4.0,5.0,3.0,6.0,6.0,2.0,37.0,4.0,-7.055,2.0,0.0,2.0,0.0,1.0,4.0,2.0,5.0,5.0,6.0,4.0,1.0,7.0,3.0,0.0
13026,2.0,0.0,2.0,0.0,1.0,4.0,2.0,5.0,5.0,6.0,4.0,1.0,7.0,3.0,36.0,24.0,-13.035,4.0,0.0,2.0,0.0,2.0,5.0,3.0,6.0,1.0,7.0,5.0,1.0,8.0,4.0,0.0
13027,4.0,0.0,2.0,0.0,2.0,5.0,3.0,6.0,1.0,7.0,5.0,1.0,8.0,4.0,17.0,45.0,-11.64,2.0,0.0,2.0,0.0,3.0,6.0,4.0,1.0,2.0,8.0,6.0,2.0,9.0,1.0,0.0
13028,2.0,0.0,2.0,0.0,3.0,6.0,4.0,1.0,2.0,8.0,6.0,2.0,9.0,1.0,50.0,9.0,-9.25,2.0,0.0,2.0,0.0,4.0,1.0,5.0,2.0,3.0,9.0,7.0,3.0,10.0,2.0,0.0
13029,2.0,0.0,2.0,0.0,4.0,1.0,5.0,2.0,3.0,9.0,7.0,3.0,10.0,2.0,4.0,34.0,-12.870000000000001,2.0,0.0,2.0,0.0,1.0,2.0,6.0,3.0,4.0,10.0,1.0,4.0,11.0,3.0,0.0
13030,2.0,0.0,2.0,0.0,1.0,2.0,6.0,3.0,4.0,10.0,1.0,4.0,11.0,3.0,40.0,27.0,-25.72,2.0,0.0,0.0,0.0,2.0,3.0,7.0,4.0,5.0,1.0,2.0,5.0,1.0,4.0,0.0
13031,2.0,0.0,0.0,0.0,2.0,3.0,7.0,4.0,5.0,1.0,2.0,5.0,1.0,4.0,5.0,33.0,-21.415,2.0,0.0,0.0,2.0,3.0,1.0,8.0,5.0,6.0,2.0,1.0,6.0,2.0,5.0,0.0
13032,2.0,0.0,0.0,2.0,3.0,1.0,8.0,5.0,6.0,2.0,1.0,6.0,2.0,5.0,4.0,13.0,-11.395,2.0,0.0,0.0,4.0,1.0,2.0,1.0,6.0,7.0,3.0,2.0,7.0,3.0,6.0,0.0
13033,2.0,0.0,0.0,4.0,1.0,2.0,1.0,6.0,7.0,3.0,2.0,7.0,3.0,6.0,36.0,15.0,-5.359999999999999,4.0,0.0,0.0,4.0,2.0,3.0,2.0,1.0,8.0,4.0,3.0,1.0,4.0,7.0,0.0
13034,4.0,0.0,0.0,4.0,2.0,3.0,2.0,1.0,8.0,4.0,3.0,1.0,4.0,7.0,37.0,24.0,-15.534999999999998,2.0,0.0,0.0,2.0,3.0,4.0,3.0,2.0,1.0,5.0,4.0,1.0,5.0,8.0,0.0
13035,2.0,0.0,0.0,2.0,3.0,4.0,3.0,2.0,1.0,5.0,4.0,1.0,5.0,8.0,45.0,49.0,-7.52,2.0,0.0,0.0,0.0,4.0,5.0,4.0,3.0,2.0,6.0,5.0,2.0,6.0,1.0,0.0
13036,2.0,0.0,0.0,0.0,4.0,5.0,4.0,3.0,2.0,6.0,5.0,2.0,6.0,1.0,28.0,4.0,-12.635000000000002,2.0,2.0,0.0,0.0,1.0,6.0,5.0,4.0,3.0,1.0,6.0,3.0,7.0,2.0,0.0
13037,2.0,2.0,0.0,0.0,1.0,6.0,5.0,4.0,3.0,1.0,6.0,3.0,7.0,2.0,11.0,34.0,-21.215,4.0,2.0,0.0,0.0,2.0,7.0,1.0,5.0,4.0,2.0,1.0,4.0,8.0,3.0,0.0
13038,4.0,2.0,0.0,0.0,2.0,7.0,1.0,5.0,4.0,2.0,1.0,4.0,8.0,3.0,5.0,22.0,-16.775000000000002,4.0,2.0,0.0,0.0,3.0,1.0,2.0,6.0,1.0,3.0,2.0,5.0,9.0,4.0,0.0
13039,4.0,2.0,0.0,0.0,3.0,1.0,2.0,6.0,1.0,3.0,2.0,5.0,9.0,4.0,17.0,43.0,-12.399999999999999,2.0,2.0,0.0,2.0,4.0,2.0,3.0,1.0,2.0,4.0,3.0,6.0,1.0,5.0,0.0
13040,2.0,2.0,0.0,2.0,4.0,2.0,3.0,1.0,2.0,4.0,3.0,6.0,1.0,5.0,37.0,0.0,-10.695,0.0,2.0,0.0,2.0,1.0,3.0,4.0,2.0,3.0,5.0,4.0,1.0,2.0,6.0,0.0
13041,0.0,2.0,0.0,2.0,1.0,3.0,4.0,2.0,3.0,5.0,4.0,1.0,2.0,6.0,45.0,27.0,-15.399999999999997,0.0,2.0,0.0,2.0,2.0,4.0,5.0,3.0,4.0,1.0,5.0,2.0,3.0,1.0,0.0
13042,0.0,2.0,0.0,2.0,2.0,4.0,5.0,3.0,4.0,1.0,5.0,2.0,3.0,1.0,19.0,20.0,-18.335,0.0,0.0,0.0,2.0,3.0,5.0,6.0,1.0,1.0,2.0,6.0,3.0,4.0,2.0,0.0
13043,0.0,0.0,0.0,2.0,3.0,5.0,6.0,1.0,1.0,2.0,6.0,3.0,4.0,2.0,5.0,34.0,-24.435,0.0,0.0,0.0,0.0,4.0,1.0,7.0,2.0,2.0,3.0,1.0,4.0,5.0,3.0,0.0
13044,0.0,0.0,0.0,0.0,4.0,1.0,7.0,2.0,2.0,3.0,1.0,4.0,5.0,3.0,4.0,12.0,-18.135,0.0,0.0,0.0,0.0,1.0,2.0,1.0,3.0,3.0,4.0,2.0,5.0,6.0,4.0,0.0
13045,0.0,0.0,0.0,0.0,1.0,2.0,1.0,3.0,3.0,4.0,2.0,5.0,6.0,4.0,36.0,43.0,-12.299999999999999,2.0,0.0,0.0,2.0,2.0,3.0,2.0,4.0,4.0,5.0,3.0,1.0,1.0,5.0,0.0
13046,2.0,0.0,0.0,2.0,2.0,3.0,2.0,4.0,4.0,5.0,3.0,1.0,1.0,5.0,36.0,45.0,-5.26,4.0,0.0,0.0,2.0,3.0,4.0,3.0,5.0,5.0,6.0,4.0,1.0,2.0,1.0,0.0
13047,4.0,0.0,0.0,2.0,3.0,4.0,3.0,5.0,5.0,6.0,4.0,1.0,2.0,1.0,28.0,20.0,-16.474999999999998,4.0,2.0,0.0,2.0,4.0,5.0,4.0,6.0,1.0,1.0,5.0,2.0,3.0,2.0,0.0
13048,4.0,2.0,0.0,2.0,4.0,5.0,4.0,6.0,1.0,1.0,5.0,2.0,3.0,2.0,5.0,18.0,-5.68,4.0,2.0,0.0,4.0,5.0,1.0,5.0,1.0,2.0,2.0,6.0,3.0,4.0,3.0,0.0
13049,4.0,2.0,0.0,4.0,5.0,1.0,5.0,1.0,2.0,2.0,6.0,3.0,4.0,3.0,4.0,20.0,-11.870000000000001,4.0,0.0,0.0,4.0,1.0,2.0,6.0,2.0,1.0,3.0,7.0,4.0,5.0,4.0,0.0
13050,4.0,0.0,0.0,4.0,1.0,2.0,6.0,2.0,1.0,3.0,7.0,4.0,5.0,4.0,33.0,34.0,-20.85,4.0,2.0,0.0,2.0,2.0,3.0,7.0,3.0,2.0,4.0,1.0,5.0,6.0,5.0,0.0
13051,4.0,2.0,0.0,2.0,2.0,3.0,7.0,3.0,2.0,4.0,1.0,5.0,6.0,5.0,14.0,43.0,-15.899999999999999,4.0,0.0,0.0,4.0,3.0,4.0,1.0,4.0,3.0,5.0,2.0,6.0,1.0,6.0,0.0
13052,4.0,0.0,0.0,4.0,3.0,4.0,1.0,4.0,3.0,5.0,2.0,6.0,1.0,6.0,37.0,45.0,-7.02,2.0,0.0,0.0,4.0,4.0,5.0,2.0,5.0,4.0,6.0,3.0,1.0,2.0,1.0,0.0
13053,2.0,0.0,0.0,4.0,4.0,5.0,2.0,5.0,4.0,6.0,3.0,1.0,2.0,1.0,36.0,20.0,-12.635000000000002,4.0,0.0,0.0,4.0,5.0,6.0,3.0,6.0,1.0,7.0,4.0,1.0,3.0,2.0,0.0
13054,4.0,0.0,0.0,4.0,5.0,6.0,3.0,6.0,1.0,7.0,4.0,1.0,3.0,2.0,28.0,17.0,-8.459999999999999,4.0,2.0,0.0,4.0,6.0,7.0,4.0,1.0,2.0,1.0,5.0,2.0,4.0,3.0,0.0
13055,4.0,2.0,0.0,4.0,6.0,7.0,4.0,1.0,2.0,1.0,5.0,2.0,4.0,3.0,13.0,20.0,-13.975,4.0,4.0,0.0,4.0,7.0,8.0,1.0,2.0,1.0,2.0,6.0,3.0,5.0,4.0,0.0
13056,4.0,4.0,0.0,4.0,7.0,8.0,1.0,2.0,1.0,2.0,6.0,3.0,5.0,4.0,44.0,9.0,-15.379999999999999,4.0,2.0,0.0,2.0,8.0,1.0,2.0,3.0,2.0,3.0,7.0,4.0,1.0,5.0,0.0
13057,4.0,2.0,0.0,2.0,8.0,1.0,2.0,3.0,2.0,3.0,7.0,4.0,1.0,5.0,4.0,20.0,-13.209999999999999,4.0,0.0,0.0,2.0,1.0,2.0,3.0,4.0,1.0,4.0,8.0,5.0,2.0,6.0,0.0
13058,4.0,0.0,0.0,2.0,1.0,2.0,3.0,4.0,1.0,4.0,8.0,5.0,2.0,6.0,35.0,45.0,-5.359999999999999,4.0,0.0,0.0,2.0,2.0,3.0,4.0,5.0,2.0,5.0,9.0,1.0,3.0,1.0,0.0
13059,4.0,0.0,0.0,2.0,2.0,3.0,4.0,5.0,2.0,5.0,9.0,1.0,3.0,1.0,33.0,20.0,-316.72999999999996,4.0,2.0,0.0,2.0,3.0,4.0,5.0,6.0,1.0,6.0,1.0,2.0,4.0,2.0,0.0
13060,4.0,2.0,0.0,2.0,3.0,4.0,5.0,6.0,1.0,6.0,1.0,2.0,4.0,2.0,17.0,53.0,-6.59,2.0,2.0,0.0,4.0,4.0,5.0,6.0,1.0,2.0,7.0,2.0,3.0,5.0,3.0,0.0
13061,2.0,2.0,0.0,4.0,4.0,5.0,6.0,1.0,2.0,7.0,2.0,3.0,5.0,3.0,12.0,27.0,-23.339999999999996,0.0,2.0,0.0,4.0,5.0,6.0,1.0,2.0,3.0,1.0,3.0,4.0,6.0,4.0,0.0
13062,0.0,2.0,0.0,4.0,5.0,6.0,1.0,2.0,3.0,1.0,3.0,4.0,6.0,4.0,44.0,18.0,-14.239999999999998,0.0,0.0,0.0,6.0,6.0,7.0,2.0,1.0,4.0,2.0,4.0,5.0,1.0,5.0,0.0
13063,0.0,0.0,0.0,6.0,6.0,7.0,2.0,1.0,4.0,2.0,4.0,5.0,1.0,5.0,5.0,20.0,-19.875,0.0,0.0,0.0,6.0,7.0,1.0,3.0,2.0,1.0,3.0,5.0,6.0,2.0,6.0,0.0
13064,0.0,0.0,0.0,6.0,7.0,1.0,3.0,2.0,1.0,3.0,5.0,6.0,2.0,6.0,0.0,20.0,-13.41,0.0,0.0,0.0,6.0,1.0,2.0,4.0,3.0,1.0,4.0,6.0,7.0,3.0,7.0,0.0
13065,0.0,0.0,0.0,6.0,1.0,2.0,4.0,3.0,1.0,4.0,6.0,7.0,3.0,7.0,35.0,20.0,-17.795,0.0,0.0,0.0,6.0,2.0,3.0,5.0,4.0,1.0,5.0,7.0,1.0,4.0,8.0,0.0
13066,0.0,0.0,0.0,6.0,2.0,3.0,5.0,4.0,1.0,5.0,7.0,1.0,4.0,8.0,45.0,20.0,-14.174999999999999,0.0,0.0,0.0,6.0,3.0,4.0,6.0,5.0,1.0,6.0,8.0,2.0,5.0,1.0,0.0
13067,0.0,0.0,0.0,6.0,3.0,4.0,6.0,5.0,1.0,6.0,8.0,2.0,5.0,1.0,46.0,20.0,-14.355,2.0,0.0,0.0,6.0,4.0,5.0,7.0,6.0,1.0,7.0,9.0,3.0,6.0,1.0,0.0
13068,2.0,0.0,0.0,6.0,4.0,5.0,7.0,6.0,1.0,7.0,9.0,3.0,6.0,1.0,39.0,20.0,-16.195,2.0,0.0,0.0,6.0,5.0,6.0,8.0,7.0,1.0,8.0,10.0,1.0,7.0,2.0,0.0
13069,2.0,0.0,0.0,6.0,5.0,6.0,8.0,7.0,1.0,8.0,10.0,1.0,7.0,2.0,46.0,20.0,-16.275,4.0,0.0,0.0,6.0,6.0,7.0,9.0,8.0,1.0,9.0,11.0,2.0,8.0,1.0,0.0
13070,4.0,0.0,0.0,6.0,6.0,7.0,9.0,8.0,1.0,9.0,11.0,2.0,8.0,1.0,39.0,20.0,-15.735000000000001,4.0,0.0,0.0,6.0,7.0,8.0,10.0,9.0,1.0,10.0,12.0,1.0,9.0,2.0,0.0
13071,4.0,0.0,0.0,6.0,7.0,8.0,10.0,9.0,1.0,10.0,12.0,1.0,9.0,2.0,9.0,20.0,-17.075,4.0,0.0,0.0,6.0,8.0,1.0,11.0,10.0,1.0,11.0,13.0,2.0,10.0,3.0,0.0
13072,4.0,0.0,0.0,6.0,8.0,1.0,11.0,10.0,1.0,11.0,13.0,2.0,10.0,3.0,17.0,20.0,-20.695,2.0,0.0,0.0,6.0,9.0,2.0,12.0,1.0,1.0,12.0,14.0,3.0,11.0,4.0,0.0
13073,2.0,0.0,0.0,6.0,9.0,2.0,12.0,1.0,1.0,12.0,14.0,3.0,11.0,4.0,9.0,34.0,-25.055,2.0,0.0,0.0,4.0,10.0,1.0,13.0,2.0,2.0,13.0,1.0,4.0,12.0,5.0,0.0
13074,2.0,0.0,0.0,4.0,10.0,1.0,13.0,2.0,2.0,13.0,1.0,4.0,12.0,5.0,49.0,27.0,-17.28,2.0,0.0,0.0,4.0,11.0,2.0,14.0,3.0,3.0,1.0,2.0,5.0,13.0,1.0,0.0
13075,2.0,0.0,0.0,4.0,11.0,2.0,14.0,3.0,3.0,1.0,2.0,5.0,13.0,1.0,1.0,13.0,-10.355,4.0,0.0,0.0,6.0,1.0,3.0,1.0,4.0,4.0,2.0,3.0,6.0,14.0,2.0,0.0
13076,4.0,0.0,0.0,6.0,1.0,3.0,1.0,4.0,4.0,2.0,3.0,6.0,14.0,2.0,39.0,43.0,-6.72,4.0,0.0,0.0,8.0,2.0,4.0,2.0,5.0,5.0,3.0,4.0,1.0,1.0,3.0,0.0
13077,4.0,0.0,0.0,8.0,2.0,4.0,2.0,5.0,5.0,3.0,4.0,1.0,1.0,3.0,9.0,20.0,-14.415,4.0,0.0,0.0,8.0,3.0,1.0,3.0,6.0,1.0,4.0,5.0,2.0,2.0,4.0,0.0
13078,4.0,0.0,0.0,8.0,3.0,1.0,3.0,6.0,1.0,4.0,5.0,2.0,2.0,4.0,9.0,19.0,-5.88,4.0,0.0,0.0,6.0,4.0,1.0,4.0,1.0,2.0,5.0,6.0,3.0,3.0,5.0,0.0
13079,4.0,0.0,0.0,6.0,4.0,1.0,4.0,1.0,2.0,5.0,6.0,3.0,3.0,5.0,9.0,20.0,-14.174999999999999,4.0,0.0,0.0,6.0,5.0,1.0,5.0,2.0,1.0,6.0,7.0,4.0,4.0,6.0,0.0
13080,4.0,0.0,0.0,6.0,5.0,1.0,5.0,2.0,1.0,6.0,7.0,4.0,4.0,6.0,35.0,20.0,-13.435,4.0,0.0,0.0,6.0,6.0,2.0,6.0,3.0,1.0,7.0,8.0,1.0,5.0,7.0,0.0
13081,4.0,0.0,0.0,6.0,6.0,2.0,6.0,3.0,1.0,7.0,8.0,1.0,5.0,7.0,9.0,20.0,-15.375,4.0,0.0,0.0,6.0,7.0,1.0,7.0,4.0,1.0,8.0,9.0,2.0,6.0,8.0,0.0
13082,4.0,0.0,0.0,6.0,7.0,1.0,7.0,4.0,1.0,8.0,9.0,2.0,6.0,8.0,9.0,19.0,-8.899999999999999,4.0,0.0,0.0,4.0,8.0,1.0,8.0,1.0,2.0,9.0,10.0,3.0,7.0,9.0,0.0
13083,4.0,0.0,0.0,4.0,8.0,1.0,8.0,1.0,2.0,9.0,10.0,3.0,7.0,9.0,31.0,47.0,-7.535,6.0,0.0,0.0,4.0,9.0,2.0,9.0,2.0,3.0,10.0,1.0,4.0,8.0,1.0,0.0
13084,6.0,0.0,0.0,4.0,9.0,2.0,9.0,2.0,3.0,10.0,1.0,4.0,8.0,1.0,0.0,29.0,-17.174999999999997,6.0,0.0,0.0,2.0,1.0,3.0,10.0,3.0,4.0,1.0,2.0,5.0,9.0,2.0,0.0
13085,6.0,0.0,0.0,2.0,1.0,3.0,10.0,3.0,4.0,1.0,2.0,5.0,9.0,2.0,35.0,18.0,-5.44,6.0,0.0,0.0,4.0,2.0,4.0,11.0,1.0,5.0,2.0,3.0,1.0,10.0,3.0,0.0
13086,6.0,0.0,0.0,4.0,2.0,4.0,11.0,1.0,5.0,2.0,3.0,1.0,10.0,3.0,9.0,42.0,-8.759999999999998,6.0,0.0,0.0,4.0,3.0,1.0,12.0,2.0,6.0,3.0,4.0,2.0,1.0,4.0,0.0
13087,6.0,0.0,0.0,4.0,3.0,1.0,12.0,2.0,6.0,3.0,4.0,2.0,1.0,4.0,12.0,20.0,-19.275,4.0,0.0,0.0,4.0,4.0,2.0,1.0,3.0,1.0,4.0,5.0,3.0,2.0,5.0,0.0
13088,4.0,0.0,0.0,4.0,4.0,2.0,1.0,3.0,1.0,4.0,5.0,3.0,2.0,5.0,31.0,19.0,-7.695,6.0,0.0,0.0,2.0,5.0,3.0,2.0,1.0,2.0,5.0,1.0,4.0,3.0,6.0,0.0
13089,6.0,0.0,0.0,2.0,5.0,3.0,2.0,1.0,2.0,5.0,1.0,4.0,3.0,6.0,37.0,47.0,-5.0600000000000005,4.0,0.0,0.0,2.0,6.0,4.0,3.0,2.0,3.0,6.0,2.0,1.0,4.0,1.0,0.0
13090,4.0,0.0,0.0,2.0,6.0,4.0,3.0,2.0,3.0,6.0,2.0,1.0,4.0,1.0,39.0,17.0,-7.619999999999999,4.0,0.0,0.0,2.0,7.0,5.0,4.0,1.0,4.0,7.0,3.0,1.0,5.0,2.0,0.0
13091,4.0,0.0,0.0,2.0,7.0,5.0,4.0,1.0,4.0,7.0,3.0,1.0,5.0,2.0,28.0,20.0,-16.974999999999998,4.0,2.0,0.0,2.0,8.0,6.0,5.0,2.0,1.0,1.0,4.0,2.0,6.0,3.0,0.0
13092,4.0,2.0,0.0,2.0,8.0,6.0,5.0,2.0,1.0,1.0,4.0,2.0,6.0,3.0,9.0,18.0,-7.1,4.0,0.0,0.0,4.0,9.0,1.0,6.0,1.0,2.0,2.0,5.0,3.0,7.0,4.0,0.0
13093,4.0,0.0,0.0,4.0,9.0,1.0,6.0,1.0,2.0,2.0,5.0,3.0,7.0,4.0,4.0,12.0,-11.095,4.0,0.0,0.0,4.0,1.0,2.0,1.0,2.0,3.0,3.0,6.0,4.0,8.0,5.0,0.0
13094,4.0,0.0,0.0,4.0,1.0,2.0,1.0,2.0,3.0,3.0,6.0,4.0,8.0,5.0,9.0,43.0,-8.46,4.0,0.0,0.0,6.0,2.0,1.0,2.0,3.0,4.0,4.0,7.0,5.0,1.0,6.0,0.0
13095,4.0,0.0,0.0,6.0,2.0,1.0,2.0,3.0,4.0,4.0,7.0,5.0,1.0,6.0,31.0,19.0,-6.135,6.0,0.0,0.0,4.0,3.0,2.0,3.0,1.0,5.0,5.0,1.0,6.0,2.0,7.0,0.0
13096,6.0,0.0,0.0,4.0,3.0,2.0,3.0,1.0,5.0,5.0,1.0,6.0,2.0,7.0,37.0,19.0,-7.52,4.0,0.0,0.0,2.0,4.0,3.0,4.0,1.0,6.0,6.0,2.0,1.0,3.0,8.0,0.0
13097,4.0,0.0,0.0,2.0,4.0,3.0,4.0,1.0,6.0,6.0,2.0,1.0,3.0,8.0,21.0,47.0,-8.514999999999999,6.0,0.0,0.0,2.0,5.0,4.0,5.0,2.0,1.0,7.0,3.0,2.0,4.0,1.0,0.0
13098,6.0,0.0,0.0,2.0,5.0,4.0,5.0,2.0,1.0,7.0,3.0,2.0,4.0,1.0,33.0,18.0,-6.535,6.0,2.0,0.0,4.0,6.0,5.0,6.0,1.0,2.0,8.0,1.0,3.0,5.0,2.0,0.0
13099,6.0,2.0,0.0,4.0,6.0,5.0,6.0,1.0,2.0,8.0,1.0,3.0,5.0,2.0,12.0,51.0,-8.95,4.0,2.0,2.0,4.0,7.0,6.0,1.0,2.0,3.0,9.0,2.0,4.0,6.0,3.0,1.0
13100,9.0,7.0,8.0,4.0,1.0,1.0,1.0,1.0,1.0,1.0,1.0,1.0,1.0,1.0,9.0,20.0,-4.435,9.0,5.0,8.0,4.0,2.0,1.0,2.0,2.0,1.0,2.0,2.0,2.0,2.0,2.0,0.0
13101,9.0,5.0,8.0,4.0,2.0,1.0,2.0,2.0,1.0,2.0,2.0,2.0,2.0,2.0,9.0,20.0,-3.995,9.0,3.0,8.0,4.0,3.0,1.0,3.0,3.0,1.0,3.0,3.0,3.0,3.0,3.0,0.0
13102,9.0,3.0,8.0,4.0,3.0,1.0,3.0,3.0,1.0,3.0,3.0,3.0,3.0,3.0,9.0,20.0,-4.795,9.0,1.0,8.0,4.0,4.0,1.0,4.0,4.0,1.0,4.0,4.0,4.0,4.0,4.0,0.0
13103,9.0,1.0,8.0,4.0,4.0,1.0,4.0,4.0,1.0,4.0,4.0,4.0,4.0,4.0,35.0,20.0,-5.915,9.0,1.0,8.0,4.0,5.0,2.0,5.0,5.0,1.0,5.0,5.0,1.0,5.0,5.0,0.0
13104,9.0,1.0,8.0,4.0,5.0,2.0,5.0,5.0,1.0,5.0,5.0,1.0,5.0,5.0,47.0,20.0,-9.415,7.0,1.0,8.0,4.0,6.0,3.0,6.0,6.0,1.0,6.0,6.0,2.0,6.0,1.0,0.0
13105,7.0,1.0,8.0,4.0,6.0,3.0,6.0,6.0,1.0,6.0,6.0,2.0,6.0,1.0,2.0,34.0,-5.34,5.0,1.0,8.0,2.0,1.0,4.0,7.0,7.0,2.0,7.0,1.0,3.0,7.0,2.0,0.0
13106,5.0,1.0,8.0,2.0,1.0,4.0,7.0,7.0,2.0,7.0,1.0,3.0,7.0,2.0,41.0,24.0,-15.515,7.0,1.0,8.0,0.0,2.0,5.0,8.0,8.0,1.0,8.0,2.0,4.0,1.0,3.0,0.0
13107,7.0,1.0,8.0,0.0,2.0,5.0,8.0,8.0,1.0,8.0,2.0,4.0,1.0,3.0,29.0,25.0,-12.614999999999998,7.0,0.0,8.0,0.0,3.0,6.0,9.0,9.0,2.0,1.0,3.0,5.0,2.0,4.0,0.0
13108,7.0,0.0,8.0,0.0,3.0,6.0,9.0,9.0,2.0,1.0,3.0,5.0,2.0,4.0,0.0,20.0,-11.875,7.0,0.0,8.0,0.0,1.0,7.0,10.0,10.0,1.0,2.0,4.0,6.0,3.0,5.0,0.0
13109,7.0,0.0,8.0,0.0,1.0,7.0,10.0,10.0,1.0,2.0,4.0,6.0,3.0,5.0,5.0,33.0,-6.04,7.0,0.0,8.0,2.0,2.0,1.0,11.0,11.0,2.0,3.0,1.0,7.0,4.0,6.0,0.0
13110,7.0,0.0,8.0,2.0,2.0,1.0,11.0,11.0,2.0,3.0,1.0,7.0,4.0,6.0,35.0,20.0,-7.07,7.0,0.0,8.0,2.0,3.0,2.0,12.0,12.0,1.0,4.0,2.0,1.0,5.0,7.0,0.0
13111,7.0,0.0,8.0,2.0,3.0,2.0,12.0,12.0,1.0,4.0,2.0,1.0,5.0,7.0,0.0,32.0,-9.895,7.0,0.0,6.0,2.0,1.0,3.0,13.0,13.0,2.0,5.0,1.0,2.0,6.0,8.0,0.0
13112,7.0,0.0,6.0,2.0,1.0,3.0,13.0,13.0,2.0,5.0,1.0,2.0,6.0,8.0,17.0,11.0,-16.665,5.0,0.0,8.0,2.0,2.0,4.0,1.0,1.0,3.0,6.0,2.0,3.0,7.0,9.0,0.0
13113,5.0,0.0,8.0,2.0,2.0,4.0,1.0,1.0,3.0,6.0,2.0,3.0,7.0,9.0,26.0,24.0,-12.269999999999998,7.0,0.0,8.0,0.0,3.0,5.0,2.0,2.0,1.0,1.0,3.0,4.0,8.0,10.0,0.0
13114,7.0,0.0,8.0,0.0,3.0,5.0,2.0,2.0,1.0,1.0,3.0,4.0,8.0,10.0,35.0,34.0,-5.13,7.0,0.0,8.0,0.0,4.0,6.0,3.0,3.0,2.0,2.0,1.0,1.0,9.0,11.0,0.0
13115,7.0,0.0,8.0,0.0,4.0,6.0,3.0,3.0,2.0,2.0,1.0,1.0,9.0,11.0,9.0,9.0,-6.305,7.0,0.0,8.0,0.0,5.0,1.0,4.0,4.0,3.0,3.0,2.0,2.0,10.0,12.0,0.0
13116,7.0,0.0,8.0,0.0,5.0,1.0,4.0,4.0,3.0,3.0,2.0,2.0,10.0,12.0,35.0,47.0,-8.695,7.0,0.0,6.0,0.0,6.0,2.0,5.0,5.0,4.0,4.0,3.0,1.0,11.0,1.0,0.0
13117,7.0,0.0,6.0,0.0,6.0,2.0,5.0,5.0,4.0,4.0,3.0,1.0,11.0,1.0,41.0,24.0,-19.509999999999998,9.0,0.0,6.0,0.0,7.0,3.0,6.0,6.0,1.0,5.0,4.0,2.0,1.0,2.0,0.0
13118,9.0,0.0,6.0,0.0,7.0,3.0,6.0,6.0,1.0,5.0,4.0,2.0,1.0,2.0,29.0,20.0,-12.469999999999997,9.0,0.0,6.0,0.0,8.0,4.0,7.0,7.0,1.0,1.0,5.0,3.0,2.0,3.0,0.0
13119,9.0,0.0,6.0,0.0,8.0,4.0,7.0,7.0,1.0,1.0,5.0,3.0,2.0,3.0,1.0,20.0,-14.274999999999999,9.0,0.0,6.0,0.0,1.0,5.0,8.0,8.0,1.0,2.0,6.0,4.0,3.0,4.0,0.0
13120,9.0,0.0,6.0,0.0,1.0,5.0,8.0,8.0,1.0,2.0,6.0,4.0,3.0,4.0,31.0,20.0,-8.994999999999997,9.0,0.0,6.0,0.0,2.0,6.0,9.0,9.0,1.0,3.0,1.0,5.0,4.0,5.0,0.0
13121,9.0,0.0,6.0,0.0,2.0,6.0,9.0,9.0,1.0,3.0,1.0,5.0,4.0,5.0,17.0,20.0,-19.999999999999996,7.0,0.0,6.0,0.0,3.0,7.0,10.0,1.0,1.0,4.0,2.0,6.0,5.0,6.0,0.0
13122,7.0,0.0,6.0,0.0,3.0,7.0,10.0,1.0,1.0,4.0,2.0,6.0,5.0,6.0,9.0,24.0,-9.66,7.0,0.0,6.0,0.0,4.0,1.0,11.0,2.0,1.0,5.0,3.0,7.0,6.0,7.0,0.0
13123,7.0,0.0,6.0,0.0,4.0,1.0,11.0,2.0,1.0,5.0,3.0,7.0,6.0,7.0,35.0,32.0,-9.349999999999998,7.0,0.0,4.0,0.0,5.0,2.0,12.0,3.0,2.0,6.0,1.0,1.0,7.0,8.0,0.0
13124,7.0,0.0,4.0,0.0,5.0,2.0,12.0,3.0,2.0,6.0,1.0,1.0,7.0,8.0,14.0,24.0,-17.630000000000003,7.0,0.0,4.0,0.0,6.0,3.0,1.0,4.0,1.0,7.0,2.0,2.0,8.0,9.0,0.0
13125,7.0,0.0,4.0,0.0,6.0,3.0,1.0,4.0,1.0,7.0,2.0,2.0,8.0,9.0,0.0,48.0,-7.52,7.0,0.0,4.0,2.0,1.0,4.0,2.0,5.0,2.0,8.0,3.0,3.0,9.0,1.0,0.0
13126,7.0,0.0,4.0,2.0,1.0,4.0,2.0,5.0,2.0,8.0,3.0,3.0,9.0,1.0,39.0,24.0,-10.190000000000001,7.0,0.0,4.0,0.0,2.0,5.0,3.0,6.0,1.0,9.0,4.0,1.0,10.0,2.0,0.0
13127,7.0,0.0,4.0,0.0,2.0,5.0,3.0,6.0,1.0,9.0,4.0,1.0,10.0,2.0,41.0,17.0,-21.215,9.0,0.0,2.0,0.0,3.0,6.0,4.0,1.0,2.0,10.0,5.0,2.0,1.0,3.0,0.0
13128,9.0,0.0,2.0,0.0,3.0,6.0,4.0,1.0,2.0,10.0,5.0,2.0,1.0,3.0,29.0,25.0,-17.494999999999997,9.0,0.0,2.0,0.0,4.0,7.0,5.0,2.0,3.0,1.0,6.0,3.0,2.0,4.0,0.0
13129,9.0,0.0,2.0,0.0,4.0,7.0,5.0,2.0,3.0,1.0,6.0,3.0,2.0,4.0,31.0,20.0,-12.015,9.0,0.0,2.0,0.0,5.0,8.0,6.0,3.0,1.0,2.0,1.0,4.0,3.0,5.0,0.0
13130,9.0,0.0,2.0,0.0,5.0,8.0,6.0,3.0,1.0,2.0,1.0,4.0,3.0,5.0,5.0,45.0,-6.445,9.0,0.0,2.0,0.0,6.0,1.0,7.0,4.0,2.0,3.0,2.0,5.0,4.0,1.0,0.0
13131,9.0,0.0,2.0,0.0,6.0,1.0,7.0,4.0,2.0,3.0,2.0,5.0,4.0,1.0,1.0,20.0,-17.495,9.0,0.0,2.0,0.0,1.0,2.0,8.0,5.0,1.0,4.0,3.0,6.0,5.0,2.0,0.0
13132,9.0,0.0,2.0,0.0,1.0,2.0,8.0,5.0,1.0,4.0,3.0,6.0,5.0,2.0,35.0,51.0,-5.805,9.0,0.0,4.0,0.0,2.0,3.0,9.0,6.0,2.0,5.0,4.0,1.0,6.0,3.0,0.0
13133,9.0,0.0,4.0,0.0,2.0,3.0,9.0,6.0,2.0,5.0,4.0,1.0,6.0,3.0,41.0,17.0,-21.415,9.0,0.0,2.0,0.0,3.0,4.0,10.0,1.0,3.0,6.0,5.0,2.0,1.0,4.0,0.0
13134,9.0,0.0,2.0,0.0,3.0,4.0,10.0,1.0,3.0,6.0,5.0,2.0,1.0,4.0,33.0,25.0,-13.719999999999999,9.0,2.0,2.0,0.0,4.0,5.0,11.0,2.0,4.0,1.0,1.0,3.0,2.0,5.0,0.0
13135,9.0,2.0,2.0,0.0,4.0,5.0,11.0,2.0,4.0,1.0,1.0,3.0,2.0,5.0,12.0,11.0,-16.255,7.0,2.0,4.0,0.0,5.0,6.0,1.0,3.0,5.0,2.0,2.0,4.0,3.0,6.0,0.0
13136,7.0,2.0,4.0,0.0,5.0,6.0,1.0,3.0,5.0,2.0,2.0,4.0,3.0,6.0,37.0,39.0,-5.695,5.0,2.0,4.0,0.0,6.0,7.0,2.0,4.0,6.0,3.0,3.0,1.0,4.0,7.0,0.0
13137,5.0,2.0,4.0,0.0,6.0,7.0,2.0,4.0,6.0,3.0,3.0,1.0,4.0,7.0,13.0,48.0,-7.035,5.0,4.0,4.0,2.0,7.0,8.0,1.0,5.0,7.0,4.0,4.0,2.0,5.0,1.0,0.0
13138,5.0,4.0,4.0,2.0,7.0,8.0,1.0,5.0,7.0,4.0,4.0,2.0,5.0,1.0,24.0,17.0,-9.16,5.0,2.0,2.0,2.0,8.0,9.0,2.0,1.0,1.0,5.0,5.0,3.0,6.0,2.0,0.0
13139,5.0,2.0,2.0,2.0,8.0,9.0,2.0,1.0,1.0,5.0,5.0,3.0,6.0,2.0,37.0,9.0,-10.355,3.0,2.0,2.0,0.0,9.0,1.0,3.0,2.0,2.0,6.0,6.0,1.0,7.0,3.0,0.0
13140,3.0,2.0,2.0,0.0,9.0,1.0,3.0,2.0,2.0,6.0,6.0,1.0,7.0,3.0,41.0,32.0,-20.75,5.0,2.0,0.0,0.0,10.0,2.0,4.0,3.0,3.0,7.0,1.0,2.0,1.0,4.0,0.0
13141,5.0,2.0,0.0,0.0,10.0,2.0,4.0,3.0,3.0,7.0,1.0,2.0,1.0,4.0,29.0,47.0,-11.195,5.0,0.0,0.0,0.0,11.0,3.0,5.0,4.0,4.0,1.0,2.0,3.0,2.0,1.0,0.0
13142,5.0,0.0,0.0,0.0,11.0,3.0,5.0,4.0,4.0,1.0,2.0,3.0,2.0,1.0,1.0,17.0,-11.78,7.0,0.0,0.0,0.0,1.0,4.0,6.0,1.0,5.0,2.0,3.0,4.0,3.0,2.0,0.0
13143,7.0,0.0,0.0,0.0,1.0,4.0,6.0,1.0,5.0,2.0,3.0,4.0,3.0,2.0,37.0,24.0,-15.29,5.0,0.0,0.0,0.0,2.0,5.0,7.0,2.0,1.0,3.0,4.0,1.0,4.0,3.0,0.0
13144,5.0,0.0,0.0,0.0,2.0,5.0,7.0,2.0,1.0,3.0,4.0,1.0,4.0,3.0,33.0,12.0,-19.220000000000002,5.0,2.0,0.0,0.0,3.0,6.0,1.0,3.0,2.0,4.0,1.0,2.0,5.0,4.0,0.0
13145,5.0,2.0,0.0,0.0,3.0,6.0,1.0,3.0,2.0,4.0,1.0,2.0,5.0,4.0,37.0,45.0,-7.375,3.0,2.0,0.0,0.0,4.0,7.0,2.0,4.0,3.0,5.0,2.0,1.0,6.0,1.0,0.0
13146,3.0,2.0,0.0,0.0,4.0,7.0,2.0,4.0,3.0,5.0,2.0,1.0,6.0,1.0,37.0,17.0,-14.075,1.0,2.0,0.0,0.0,5.0,8.0,3.0,1.0,4.0,6.0,3.0,1.0,7.0,2.0,0.0
13147,1.0,2.0,0.0,0.0,5.0,8.0,3.0,1.0,4.0,6.0,3.0,1.0,7.0,2.0,44.0,9.0,-21.015,1.0,0.0,0.0,0.0,6.0,1.0,4.0,2.0,5.0,7.0,4.0,2.0,1.0,3.0,0.0
13148,1.0,0.0,0.0,0.0,6.0,1.0,4.0,2.0,5.0,7.0,4.0,2.0,1.0,3.0,29.0,49.0,-17.295,1.0,0.0,0.0,0.0,7.0,2.0,5.0,3.0,6.0,1.0,5.0,3.0,2.0,1.0,0.0
13149,1.0,0.0,0.0,0.0,7.0,2.0,5.0,3.0,6.0,1.0,5.0,3.0,2.0,1.0,1.0,4.0,-5.8149999999999995,3.0,0.0,0.0,0.0,1.0,3.0,6.0,4.0,7.0,2.0,6.0,4.0,3.0,2.0,0.0
13150,3.0,0.0,0.0,0.0,1.0,3.0,6.0,4.0,7.0,2.0,6.0,4.0,3.0,2.0,54.0,24.0,-15.725,3.0,0.0,0.0,0.0,2.0,4.0,7.0,5.0,1.0,3.0,7.0,5.0,4.0,3.0,0.0
13151,3.0,0.0,0.0,0.0,2.0,4.0,7.0,5.0,1.0,3.0,7.0,5.0,4.0,3.0,33.0,32.0,-23.155,3.0,2.0,0.0,0.0,3.0,5.0,8.0,6.0,2.0,4.0,1.0,6.0,5.0,4.0,0.0
13152,3.0,2.0,0.0,0.0,3.0,5.0,8.0,6.0,2.0,4.0,1.0,6.0,5.0,4.0,14.0,11.0,-23.975,3.0,0.0,2.0,0.0,4.0,6.0,1.0,7.0,3.0,5.0,2.0,7.0,6.0,5.0,0.0
13153,3.0,0.0,2.0,0.0,4.0,6.0,1.0,7.0,3.0,5.0,2.0,7.0,6.0,5.0,37.0,39.0,-11.875,1.0,0.0,2.0,0.0,5.0,7.0,2.0,8.0,4.0,6.0,3.0,1.0,7.0,6.0,0.0
13154,1.0,0.0,2.0,0.0,5.0,7.0,2.0,8.0,4.0,6.0,3.0,1.0,7.0,6.0,16.0,17.0,-17.345,3.0,0.0,0.0,0.0,6.0,8.0,3.0,1.0,5.0,7.0,4.0,2.0,8.0,7.0,0.0
13155,3.0,0.0,0.0,0.0,6.0,8.0,3.0,1.0,5.0,7.0,4.0,2.0,8.0,7.0,37.0,49.0,-11.555,1.0,0.0,0.0,0.0,7.0,9.0,4.0,2.0,6.0,8.0,5.0,1.0,9.0,1.0,0.0
13156,1.0,0.0,0.0,0.0,7.0,9.0,4.0,2.0,6.0,8.0,5.0,1.0,9.0,1.0,2.0,9.0,-14.674999999999999,0.0,0.0,0.0,0.0,1.0,1.0,5.0,3.0,7.0,9.0,6.0,2.0,10.0,2.0,0.0
13157,0.0,0.0,0.0,0.0,1.0,1.0,5.0,3.0,7.0,9.0,6.0,2.0,10.0,2.0,54.0,43.0,-11.11,0.0,0.0,0.0,2.0,2.0,2.0,6.0,4.0,8.0,10.0,7.0,3.0,1.0,3.0,0.0
13158,0.0,0.0,0.0,2.0,2.0,2.0,6.0,4.0,8.0,10.0,7.0,3.0,1.0,3.0,9.0,39.0,-19.36,0.0,0.0,0.0,0.0,3.0,1.0,7.0,5.0,9.0,11.0,8.0,1.0,2.0,4.0,0.0
13159,0.0,0.0,0.0,0.0,3.0,1.0,7.0,5.0,9.0,11.0,8.0,1.0,2.0,4.0,22.0,49.0,-18.595,0.0,0.0,0.0,0.0,4.0,2.0,8.0,6.0,1.0,12.0,9.0,2.0,3.0,1.0,0.0
13160,0.0,0.0,0.0,0.0,4.0,2.0,8.0,6.0,1.0,12.0,9.0,2.0,3.0,1.0,19.0,32.0,-23.055000000000003,0.0,0.0,0.0,0.0,5.0,3.0,9.0,1.0,2.0,13.0,1.0,3.0,4.0,2.0,0.0
13161,0.0,0.0,0.0,0.0,5.0,3.0,9.0,1.0,2.0,13.0,1.0,3.0,4.0,2.0,14.0,11.0,-27.96,0.0,0.0,2.0,0.0,6.0,4.0,1.0,2.0,3.0,14.0,2.0,4.0,5.0,3.0,0.0
13162,0.0,0.0,2.0,0.0,6.0,4.0,1.0,2.0,3.0,14.0,2.0,4.0,5.0,3.0,37.0,49.0,-12.14,0.0,0.0,2.0,0.0,7.0,5.0,2.0,3.0,4.0,15.0,3.0,1.0,6.0,1.0,0.0
13163,0.0,0.0,2.0,0.0,7.0,5.0,2.0,3.0,4.0,15.0,3.0,1.0,6.0,1.0,29.0,28.0,-25.28,0.0,0.0,2.0,2.0,8.0,6.0,3.0,4.0,5.0,1.0,4.0,2.0,7.0,2.0,0.0
13164,0.0,0.0,2.0,2.0,8.0,6.0,3.0,4.0,5.0,1.0,4.0,2.0,7.0,2.0,2.0,17.0,-8.495000000000001,0.0,0.0,0.0,2.0,1.0,7.0,4.0,1.0,6.0,2.0,5.0,3.0,8.0,3.0,0.0
13165,0.0,0.0,0.0,2.0,1.0,7.0,4.0,1.0,6.0,2.0,5.0,3.0,8.0,3.0,54.0,17.0,-7.69,0.0,0.0,0.0,2.0,2.0,8.0,5.0,1.0,7.0,3.0,6.0,4.0,9.0,4.0,0.0
13166,0.0,0.0,0.0,2.0,2.0,8.0,5.0,1.0,7.0,3.0,6.0,4.0,9.0,4.0,54.0,17.0,-8.59,0.0,0.0,0.0,2.0,3.0,9.0,6.0,1.0,8.0,4.0,7.0,5.0,10.0,5.0,0.0
13167,0.0,0.0,0.0,2.0,3.0,9.0,6.0,1.0,8.0,4.0,7.0,5.0,10.0,5.0,54.0,24.0,-17.625,0.0,0.0,0.0,0.0,4.0,10.0,7.0,2.0,1.0,5.0,8.0,6.0,11.0,6.0,0.0
13168,0.0,0.0,0.0,0.0,4.0,10.0,7.0,2.0,1.0,5.0,8.0,6.0,11.0,6.0,45.0,43.0,-13.98,0.0,0.0,0.0,2.0,5.0,11.0,8.0,3.0,2.0,6.0,9.0,7.0,1.0,1.0,0.0
13169,0.0,0.0,0.0,2.0,5.0,11.0,8.0,3.0,2.0,6.0,9.0,7.0,1.0,1.0,6.0,39.0,-15.04,2.0,0.0,0.0,0.0,6.0,1.0,9.0,4.0,3.0,7.0,10.0,1.0,2.0,2.0,0.0
13170,2.0,0.0,0.0,0.0,6.0,1.0,9.0,4.0,3.0,7.0,10.0,1.0,2.0,2.0,14.0,32.0,-26.695,2.0,0.0,0.0,0.0,7.0,2.0,1.0,5.0,4.0,8.0,1.0,2.0,3.0,3.0,0.0
13171,2.0,0.0,0.0,0.0,7.0,2.0,1.0,5.0,4.0,8.0,1.0,2.0,3.0,3.0,16.0,17.0,-17.119999999999997,4.0,0.0,0.0,0.0,8.0,3.0,2.0,1.0,5.0,9.0,2.0,3.0,4.0,4.0,0.0
13172,4.0,0.0,0.0,0.0,8.0,3.0,2.0,1.0,5.0,9.0,2.0,3.0,4.0,4.0,29.0,49.0,-12.48,4.0,0.0,0.0,0.0,9.0,4.0,3.0,2.0,6.0,1.0,3.0,4.0,5.0,1.0,0.0
13173,4.0,0.0,0.0,0.0,9.0,4.0,3.0,2.0,6.0,1.0,3.0,4.0,5.0,1.0,2.0,39.0,-9.855,2.0,0.0,0.0,0.0,1.0,5.0,4.0,3.0,7.0,2.0,4.0,1.0,6.0,2.0,0.0
13174,2.0,0.0,0.0,0.0,1.0,5.0,4.0,3.0,7.0,2.0,4.0,1.0,6.0,2.0,54.0,17.0,-10.09,2.0,0.0,0.0,0.0,2.0,6.0,5.0,1.0,8.0,3.0,5.0,2.0,7.0,3.0,0.0
13175,2.0,0.0,0.0,0.0,2.0,6.0,5.0,1.0,8.0,3.0,5.0,2.0,7.0,3.0,54.0,24.0,-16.025,2.0,0.0,0.0,0.0,3.0,7.0,6.0,2.0,1.0,4.0,6.0,3.0,8.0,4.0,0.0
13176,2.0,0.0,0.0,0.0,3.0,7.0,6.0,2.0,1.0,4.0,6.0,3.0,8.0,4.0,7.0,43.0,-18.779999999999998,0.0,0.0,0.0,2.0,4.0,1.0,7.0,3.0,2.0,5.0,7.0,4.0,1.0,5.0,0.0
13177,0.0,0.0,0.0,2.0,4.0,1.0,7.0,3.0,2.0,5.0,7.0,4.0,1.0,5.0,14.0,12.0,-27.139999999999997,0.0,0.0,0.0,2.0,5.0,2.0,1.0,4.0,3.0,6.0,8.0,5.0,2.0,6.0,0.0
13178,0.0,0.0,0.0,2.0,5.0,2.0,1.0,4.0,3.0,6.0,8.0,5.0,2.0,6.0,49.0,39.0,-12.159999999999998,0.0,0.0,0.0,0.0,6.0,3.0,2.0,5.0,4.0,7.0,9.0,1.0,3.0,1.0,0.0
13179,0.0,0.0,0.0,0.0,6.0,3.0,2.0,5.0,4.0,7.0,9.0,1.0,3.0,1.0,1.0,31.0,-11.97,2.0,0.0,2.0,0.0,1.0,4.0,3.0,6.0,5.0,8.0,1.0,2.0,4.0,2.0,0.0
13180,2.0,0.0,2.0,0.0,1.0,4.0,3.0,6.0,5.0,8.0,1.0,2.0,4.0,2.0,21.0,17.0,-14.815000000000001,4.0,0.0,0.0,0.0,2.0,5.0,4.0,1.0,1.0,9.0,2.0,3.0,5.0,3.0,0.0
13181,4.0,0.0,0.0,0.0,2.0,5.0,4.0,1.0,1.0,9.0,2.0,3.0,5.0,3.0,7.0,9.0,-17.02,2.0,0.0,0.0,0.0,3.0,1.0,5.0,2.0,2.0,10.0,3.0,4.0,6.0,4.0,0.0
13182,2.0,0.0,0.0,0.0,3.0,1.0,5.0,2.0,2.0,10.0,3.0,4.0,6.0,4.0,25.0,43.0,-19.519999999999996,2.0,0.0,0.0,2.0,4.0,2.0,6.0,3.0,3.0,1.0,4.0,5.0,1.0,5.0,0.0
13183,2.0,0.0,0.0,2.0,4.0,2.0,6.0,3.0,3.0,1.0,4.0,5.0,1.0,5.0,14.0,20.0,-22.875,2.0,0.0,0.0,2.0,5.0,3.0,1.0,4.0,1.0,2.0,5.0,6.0,2.0,6.0,0.0
13184,2.0,0.0,0.0,2.0,5.0,3.0,1.0,4.0,1.0,2.0,5.0,6.0,2.0,6.0,37.0,39.0,-15.68,0.0,0.0,0.0,0.0,6.0,4.0,2.0,5.0,2.0,3.0,6.0,1.0,3.0,7.0,0.0
13185,0.0,0.0,0.0,0.0,6.0,4.0,2.0,5.0,2.0,3.0,6.0,1.0,3.0,7.0,49.0,49.0,-8.54,0.0,0.0,0.0,0.0,7.0,5.0,3.0,6.0,3.0,4.0,7.0,2.0,4.0,1.0,0.0
13186,0.0,0.0,0.0,0.0,7.0,5.0,3.0,6.0,3.0,4.0,7.0,2.0,4.0,1.0,1.0,17.0,-10.254999999999999,2.0,0.0,0.0,0.0,1.0,6.0,4.0,1.0,4.0,5.0,8.0,3.0,5.0,2.0,0.0
13187,2.0,0.0,0.0,0.0,1.0,6.0,4.0,1.0,4.0,5.0,8.0,3.0,5.0,2.0,33.0,30.0,-24.870000000000005,2.0,2.0,0.0,0.0,2.0,7.0,5.0,2.0,5.0,6.0,1.0,4.0,6.0,3.0,0.0
13188,2.0,2.0,0.0,0.0,2.0,7.0,5.0,2.0,5.0,6.0,1.0,4.0,6.0,3.0,13.0,24.0,-19.755,2.0,4.0,0.0,0.0,3.0,8.0,1.0,3.0,1.0,7.0,2.0,5.0,7.0,4.0,0.0
13189,2.0,4.0,0.0,0.0,3.0,8.0,1.0,3.0,1.0,7.0,2.0,5.0,7.0,4.0,44.0,1.0,-9.215,2.0,2.0,2.0,0.0,1.0,9.0,2.0,4.0,2.0,8.0,3.0,6.0,1.0,5.0,0.0
13190,2.0,2.0,2.0,0.0,1.0,9.0,2.0,4.0,2.0,8.0,3.0,6.0,1.0,5.0,49.0,9.0,-9.899999999999999,2.0,0.0,2.0,0.0,2.0,1.0,3.0,5.0,3.0,9.0,4.0,7.0,2.0,1.0,0.0
13191,2.0,0.0,2.0,0.0,2.0,1.0,3.0,5.0,3.0,9.0,4.0,7.0,2.0,1.0,35.0,39.0,-9.58,2.0,0.0,2.0,0.0,3.0,2.0,4.0,6.0,4.0,10.0,5.0,1.0,3.0,2.0,0.0
13192,2.0,0.0,2.0,0.0,3.0,2.0,4.0,6.0,4.0,10.0,5.0,1.0,3.0,2.0,29.0,28.0,-20.74,2.0,0.0,2.0,2.0,4.0,3.0,5.0,7.0,5.0,1.0,6.0,2.0,4.0,3.0,0.0
13193,2.0,0.0,2.0,2.0,4.0,3.0,5.0,7.0,5.0,1.0,6.0,2.0,4.0,3.0,2.0,20.0,-11.23,0.0,0.0,2.0,2.0,1.0,4.0,6.0,8.0,1.0,2.0,7.0,3.0,5.0,4.0,0.0
13194,0.0,0.0,2.0,2.0,1.0,4.0,6.0,8.0,1.0,2.0,7.0,3.0,5.0,4.0,17.0,17.0,-12.98,0.0,0.0,0.0,2.0,2.0,5.0,7.0,1.0,2.0,3.0,8.0,4.0,6.0,5.0,0.0
13195,0.0,0.0,0.0,2.0,2.0,5.0,7.0,1.0,2.0,3.0,8.0,4.0,6.0,5.0,49.0,30.0,-19.035000000000004,0.0,0.0,0.0,2.0,3.0,6.0,8.0,2.0,3.0,4.0,1.0,5.0,7.0,1.0,0.0
13196,0.0,0.0,0.0,2.0,3.0,6.0,8.0,2.0,3.0,4.0,1.0,5.0,7.0,1.0,1.0,11.0,-10.874999999999998,2.0,0.0,2.0,2.0,1.0,7.0,1.0,3.0,4.0,5.0,2.0,6.0,8.0,2.0,0.0
13197,2.0,0.0,2.0,2.0,1.0,7.0,1.0,3.0,4.0,5.0,2.0,6.0,8.0,2.0,36.0,9.0,-9.18,4.0,0.0,2.0,0.0,2.0,1.0,2.0,4.0,5.0,6.0,3.0,1.0,9.0,3.0,0.0
13198,4.0,0.0,2.0,0.0,2.0,1.0,2.0,4.0,5.0,6.0,3.0,1.0,9.0,3.0,25.0,43.0,-14.259999999999998,4.0,0.0,2.0,2.0,3.0,2.0,3.0,5.0,6.0,1.0,4.0,2.0,1.0,4.0,0.0
13199,4.0,0.0,2.0,2.0,3.0,2.0,3.0,5.0,6.0,1.0,4.0,2.0,1.0,4.0,2.0,20.0,-9.09,2.0,0.0,2.0,2.0,1.0,3.0,4.0,6.0,1.0,2.0,5.0,3.0,2.0,5.0,1.0
